run,hop,attempts,acked,shadowDb,medianPrxDbm
1,0,262,100,7.144,-96.66
1,1,101,100,-11.542,-77.97
1,2,102,100,-10.654,-78.86
1,3,115,100,-2.934,-86.58
1,4,114,100,-5.900,-83.61
1,5,433,100,10.041,-99.55
1,6,100,100,-19.183,-70.33
1,7,105,100,-9.160,-80.35
1,8,222,100,5.660,-95.17
1,9,101,100,-8.566,-80.95
1,10,110,100,-1.839,-87.67
1,11,1485,99,13.437,-102.95
1,12,100,100,-10.851,-78.66
1,13,110,100,-1.107,-88.41
1,14,101,100,-17.192,-72.32
1,15,101,100,-11.260,-78.25
1,16,101,100,-10.848,-78.67
1,17,106,100,3.736,-93.25
1,18,279,100,9.231,-98.75
1,19,145,100,7.494,-97.01
2,0,173,100,5.168,-94.68
2,1,105,100,-7.331,-82.18
2,2,107,100,-1.973,-87.54
2,3,126,100,4.451,-93.97
2,4,105,100,-2.443,-87.07
2,5,112,100,-0.350,-89.16
2,6,121,100,-1.080,-88.43
2,7,160,100,4.094,-93.61
2,8,260,100,-0.611,-88.90
2,9,235,100,6.107,-95.62
2,10,330,100,9.594,-99.11
2,11,403,100,9.327,-98.84
2,12,101,100,-9.407,-80.11
2,13,120,100,1.427,-90.94
2,14,154,100,4.367,-93.88
2,15,140,100,2.123,-91.64
2,16,113,100,-0.801,-88.71
2,17,101,100,-10.117,-79.40
2,18,124,100,1.272,-90.79
2,19,241,100,7.816,-97.33
3,0,169,100,8.336,-97.85
3,1,140,100,2.401,-91.92
3,2,132,100,4.412,-93.93
3,3,139,100,6.026,-95.54
3,4,212,100,5.848,-95.36
3,5,141,100,4.855,-94.37
3,6,111,100,-0.904,-88.61
3,7,1977,100,15.970,-105.48
3,8,474,100,10.876,-100.39
3,9,104,100,-0.193,-89.32
3,10,128,100,1.485,-91.00
3,11,100,100,-11.319,-78.19
3,12,281,100,11.644,-101.16
3,13,165,100,5.787,-95.30
3,14,115,100,-1.842,-87.67
3,15,105,100,-2.125,-87.39
3,16,138,100,4.534,-94.05
3,17,192,100,6.873,-96.39
3,18,101,100,-7.779,-81.73
3,19,137,100,6.916,-96.43
4,0,123,100,2.581,-92.09
4,1,107,100,-0.237,-89.28
4,2,245,100,0.422,-89.94
4,3,125,100,2.505,-92.02
4,4,115,100,-0.782,-88.73
4,5,116,100,-2.880,-86.63
4,6,101,100,-13.148,-76.37
4,7,105,100,-6.760,-82.75
4,8,1006,100,14.552,-104.07
4,9,138,100,3.214,-92.73
4,10,114,100,-6.625,-82.89
4,11,153,100,7.418,-96.93
4,12,185,100,6.097,-95.61
4,13,101,100,-8.031,-81.48
4,14,102,100,-5.492,-84.02
4,15,107,100,-4.827,-84.69
4,16,344,100,11.829,-101.34
4,17,102,100,-3.029,-86.48
4,18,101,100,-2.085,-87.43
4,19,130,100,2.686,-92.20
5,0,103,100,-5.615,-83.90
5,1,120,100,4.888,-94.40
5,2,3266,99,14.648,-104.16
5,3,104,100,-5.036,-84.48
5,4,120,100,0.663,-90.18
5,5,106,100,-0.873,-88.64
5,6,136,100,4.887,-94.40
5,7,409,100,10.608,-100.12
5,8,101,100,-9.602,-79.91
5,9,1554,100,13.432,-102.95
5,10,101,100,-10.262,-79.25
5,11,102,100,-5.866,-83.65
5,12,106,100,-2.923,-86.59
5,13,117,100,1.681,-91.19
5,14,101,100,-15.761,-73.75
5,15,133,100,5.506,-95.02
5,16,125,100,3.023,-92.54
5,17,100,100,-13.043,-76.47
5,18,101,100,-7.681,-81.83
5,19,104,100,-3.716,-85.80
6,0,103,100,-2.199,-87.32
6,1,108,100,0.104,-89.62
6,2,1024,100,12.922,-102.44
6,3,320,100,11.467,-100.98
6,4,103,100,-14.110,-75.40
6,5,382,100,9.252,-98.77
6,6,140,100,6.710,-96.22
6,7,131,100,5.041,-94.55
6,8,206,100,8.331,-97.84
6,9,100,100,-18.400,-71.11
6,10,144,100,6.693,-96.21
6,11,225,100,8.163,-97.68
6,12,438,100,11.004,-100.52
6,13,102,100,-3.834,-85.68
6,14,106,100,-3.616,-85.90
6,15,161,100,5.650,-95.16
6,16,108,100,-4.010,-85.50
6,17,100,100,-15.642,-73.87
6,18,196,100,9.555,-99.07
6,19,119,100,0.978,-90.49
7,0,10000,0,19.387,-108.90
7,1,1,1,-7.427,-82.09
7,2,1,1,-9.240,-80.27
7,3,1872,1,19.608,-109.12
7,4,1,1,-6.102,-83.41
7,5,1,1,-12.056,-77.46
7,6,1,1,-4.757,-84.76
7,7,1,1,7.352,-96.87
7,8,1,1,7.384,-96.90
7,9,1,1,-3.754,-85.76
7,10,1,1,-11.597,-77.92
7,11,1,1,-4.915,-84.60
7,12,1,1,-22.483,-67.03
7,13,1,1,0.929,-90.44
7,14,1,1,-3.754,-85.76
7,15,1,1,4.133,-93.65
7,16,1,1,4.716,-94.23
7,17,2,1,4.833,-94.35
7,18,1,1,-13.734,-75.78
7,19,1,1,-4.751,-84.76
8,0,163,100,5.328,-94.84
8,1,101,100,-6.665,-82.85
8,2,104,100,-7.020,-82.49
8,3,189,100,4.266,-93.78
8,4,122,100,0.541,-90.06
8,5,107,100,-3.863,-85.65
8,6,220,100,0.743,-90.26
8,7,102,100,-7.105,-82.41
8,8,102,100,-11.701,-77.81
8,9,145,100,4.089,-93.60
8,10,104,100,-10.193,-79.32
8,11,110,100,-2.918,-86.60
8,12,103,100,-5.006,-84.51
8,13,185,100,8.256,-97.77
8,14,119,100,-0.343,-89.17
8,15,182,100,1.054,-90.57
8,16,102,100,-12.161,-77.35
8,17,161,100,7.862,-97.38
8,18,111,100,-1.765,-87.75
8,19,117,100,4.191,-93.71
9,0,224,100,7.449,-96.96
9,1,120,100,3.786,-93.30
9,2,103,100,-6.208,-83.31
9,3,121,100,-0.217,-89.30
9,4,191,100,7.613,-97.13
9,5,101,100,-13.911,-75.60
9,6,109,100,1.694,-91.21
9,7,101,100,-7.692,-81.82
9,8,7314,99,15.712,-105.23
9,9,196,100,5.737,-95.25
9,10,102,100,-8.407,-81.11
9,11,136,100,3.891,-93.40
9,12,200,100,9.964,-99.48
9,13,140,100,6.681,-96.20
9,14,102,100,-6.107,-83.41
9,15,114,100,3.273,-92.79
9,16,104,100,-1.157,-88.36
9,17,176,100,6.490,-96.00
9,18,101,100,-13.952,-75.56
9,19,103,100,-4.258,-85.26
10,0,102,100,-12.211,-77.30
10,1,112,100,-5.699,-83.81
10,2,101,100,-7.279,-82.23
10,3,106,100,-10.609,-78.90
10,4,253,100,6.584,-96.10
10,5,104,100,-2.780,-86.73
10,6,338,100,8.899,-98.41
10,7,115,100,-2.140,-87.37
10,8,119,100,2.387,-91.90
10,9,116,100,-1.069,-88.45
10,10,105,100,-5.788,-83.73
10,11,108,100,-3.637,-85.88
10,12,129,100,-0.904,-88.61
10,13,108,100,-1.186,-88.33
10,14,102,100,-9.874,-79.64
10,15,132,100,2.308,-91.82
10,16,102,100,-8.623,-80.89
10,17,101,100,-5.945,-83.57
10,18,119,100,2.136,-91.65
10,19,1872,99,14.123,-103.64
11,0,137,100,3.117,-92.63
11,1,107,100,-4.824,-84.69
11,2,10000,6,18.615,-108.13
11,3,6,6,-3.929,-85.58
11,4,8,6,2.128,-91.64
11,5,38,6,13.599,-103.11
11,6,6,6,-13.301,-76.21
11,7,7,6,1.168,-90.68
11,8,6,6,-1.796,-87.72
11,9,8,6,5.474,-94.99
11,10,7,6,4.652,-94.17
11,11,6,6,-3.578,-85.94
11,12,6,6,-9.847,-79.67
11,13,8,6,2.528,-92.04
11,14,9,6,6.942,-96.46
11,15,9,6,7.421,-96.94
11,16,6,6,-3.659,-85.86
11,17,6,6,-8.133,-81.38
11,18,8,6,6.834,-96.35
11,19,6,6,-2.430,-87.08
12,0,103,100,-0.289,-89.23
12,1,107,100,-7.779,-81.73
12,2,108,100,-5.586,-83.93
12,3,196,100,3.152,-92.67
12,4,342,100,9.414,-98.93
12,5,109,100,-2.610,-86.90
12,6,225,100,6.804,-96.32
12,7,104,100,-3.082,-86.43
12,8,101,100,-8.265,-81.25
12,9,109,100,-3.140,-86.37
12,10,115,100,-0.864,-88.65
12,11,190,100,4.979,-94.49
12,12,109,100,-2.040,-87.47
12,13,101,100,-9.547,-79.97
12,14,112,100,-4.677,-84.84
12,15,107,100,0.811,-90.33
12,16,100,100,-5.881,-83.63
12,17,114,100,-0.833,-88.68
12,18,101,100,-15.807,-73.71
12,19,106,100,-5.787,-83.73
13,0,109,100,-10.782,-78.73
13,1,107,100,-1.914,-87.60
13,2,106,100,-1.611,-87.90
13,3,149,100,-0.867,-88.65
13,4,141,100,-4.143,-85.37
13,5,192,100,6.220,-95.73
13,6,106,100,-3.882,-85.63
13,7,127,100,0.296,-89.81
13,8,123,100,1.195,-90.71
13,9,285,100,9.279,-98.79
13,10,125,100,-1.688,-87.83
13,11,120,100,3.351,-92.87
13,12,100,100,-14.002,-75.51
13,13,9994,6,18.277,-107.79
13,14,7,7,-4.254,-85.26
13,15,7,7,-1.499,-88.01
13,16,8,7,6.575,-96.09
13,17,7,7,-4.158,-85.36
13,18,17,7,11.683,-101.20
13,19,7,7,-14.423,-75.09
14,0,118,100,-1.333,-88.18
14,1,131,100,3.916,-93.43
14,2,107,100,-0.484,-89.03
14,3,142,100,5.694,-95.21
14,4,304,100,3.102,-92.62
14,5,103,100,-3.582,-85.93
14,6,119,100,2.541,-92.06
14,7,1522,100,11.214,-100.73
14,8,130,100,2.385,-91.90
14,9,137,100,3.333,-92.85
14,10,8165,100,18.126,-107.64
14,11,103,100,-5.913,-83.60
14,12,122,100,2.562,-92.08
14,13,112,100,0.929,-90.44
14,14,173,100,5.985,-95.50
14,15,112,100,-1.297,-88.22
14,16,107,100,-3.021,-86.49
14,17,111,100,-1.024,-88.49
14,18,182,100,5.554,-95.07
14,19,115,100,0.572,-90.09
15,0,111,100,-9.448,-80.07
15,1,130,100,4.840,-94.35
15,2,115,100,-0.880,-88.63
15,3,262,100,2.903,-92.42
15,4,102,100,-10.037,-79.48
15,5,100,100,-19.934,-69.58
15,6,135,100,-0.407,-89.11
15,7,152,100,2.483,-92.00
15,8,113,100,-1.157,-88.36
15,9,107,100,-2.410,-87.10
15,10,184,100,7.593,-97.11
15,11,155,100,3.398,-92.91
15,12,104,100,-3.803,-85.71
15,13,105,100,-5.560,-83.95
15,14,108,100,-3.013,-86.50
15,15,112,100,-2.339,-87.18
15,16,112,100,-4.282,-85.23
15,17,102,100,-8.053,-81.46
15,18,100,100,-12.212,-77.30
15,19,987,100,14.910,-104.42
16,0,114,100,-1.757,-87.76
16,1,126,100,1.172,-90.69
16,2,121,100,3.906,-93.42
16,3,757,100,11.936,-101.45
16,4,101,100,-7.677,-81.84
16,5,178,100,6.814,-96.33
16,6,102,100,-4.781,-84.73
16,7,128,100,1.650,-91.16
16,8,104,100,-4.753,-84.76
16,9,119,100,2.378,-91.89
16,10,281,100,8.429,-97.94
16,11,101,100,-17.067,-72.45
16,12,108,100,0.930,-90.44
16,13,103,100,-5.223,-84.29
16,14,104,100,-0.885,-88.63
16,15,107,100,-2.719,-86.79
16,16,104,100,-6.464,-83.05
16,17,114,100,-0.407,-89.11
16,18,106,100,0.839,-90.35
16,19,103,100,-9.247,-80.27
17,0,125,100,2.661,-92.17
17,1,100,100,-15.701,-73.81
17,2,105,100,-6.294,-83.22
17,3,101,100,-8.884,-80.63
17,4,101,100,-9.817,-79.70
17,5,1188,100,15.137,-104.65
17,6,108,100,-5.512,-84.00
17,7,103,100,-8.770,-80.74
17,8,115,100,-1.308,-88.21
17,9,103,100,-0.690,-88.82
17,10,103,100,-3.366,-86.15
17,11,121,100,2.230,-91.74
17,12,158,100,7.194,-96.71
17,13,345,100,9.750,-99.26
17,14,366,100,12.662,-102.18
17,15,106,100,2.899,-92.41
17,16,100,100,-10.211,-79.30
17,17,109,100,0.660,-90.17
17,18,100,100,-14.289,-75.23
17,19,100,100,-7.838,-81.68
18,0,200,100,8.961,-98.47
18,1,100,100,-8.618,-80.90
18,2,136,100,1.548,-91.06
18,3,116,100,2.922,-92.44
18,4,109,100,-3.435,-86.08
18,5,110,100,-1.998,-87.52
18,6,102,100,-12.126,-77.39
18,7,201,100,6.503,-96.02
18,8,134,100,1.957,-91.47
18,9,1423,99,13.393,-102.91
18,10,100,100,-7.345,-82.17
18,11,101,100,-12.824,-76.69
18,12,100,100,-6.053,-83.46
18,13,112,100,-1.672,-87.84
18,14,160,100,7.809,-97.32
18,15,138,100,6.082,-95.60
18,16,100,100,-12.566,-76.95
18,17,104,100,-5.750,-83.76
18,18,103,100,-6.811,-82.70
18,19,110,100,-2.609,-86.90
19,0,164,100,1.957,-91.47
19,1,106,100,-4.980,-84.53
19,2,335,100,11.133,-100.65
19,3,115,100,-1.588,-87.93
19,4,110,100,0.597,-90.11
19,5,153,100,4.857,-94.37
19,6,9995,0,21.843,-111.36
19,7,1,1,3.557,-93.07
19,8,1,1,1.583,-91.10
19,9,1,1,-9.455,-80.06
19,10,1,1,-0.330,-89.18
19,11,1,1,0.271,-89.79
19,12,1,1,3.590,-93.10
19,13,1,1,0.461,-89.97
19,14,1,1,1.901,-91.41
19,15,3,1,6.940,-96.45
19,16,1,1,-9.111,-80.40
19,17,1,1,10.398,-99.91
19,18,1,1,-4.184,-85.33
19,19,1,1,3.954,-93.47
20,0,132,100,5.904,-95.42
20,1,106,100,-2.052,-87.46
20,2,178,100,4.508,-94.02
20,3,120,100,1.662,-91.18
20,4,103,100,-5.222,-84.29
20,5,109,100,-2.903,-86.61
20,6,133,100,2.060,-91.57
20,7,103,100,-10.867,-78.65
20,8,124,100,2.027,-91.54
20,9,101,100,-8.381,-81.13
20,10,102,100,-10.083,-79.43
20,11,102,100,-8.068,-81.45
20,12,3313,99,14.815,-104.33
20,13,133,100,6.603,-96.12
20,14,154,100,6.476,-95.99
20,15,119,100,1.681,-91.20
20,16,115,100,-0.161,-89.35
20,17,176,100,9.870,-99.38
20,18,106,100,-3.676,-85.84
20,19,106,100,-3.106,-86.41
21,0,145,100,6.531,-96.05
21,1,281,100,9.839,-99.35
21,2,126,100,5.317,-94.83
21,3,122,100,2.208,-91.72
21,4,876,100,14.438,-103.95
21,5,107,100,-3.428,-86.09
21,6,100,100,-13.832,-75.68
21,7,127,100,2.639,-92.15
21,8,133,100,-5.215,-84.30
21,9,105,100,-3.817,-85.70
21,10,169,100,6.221,-95.74
21,11,846,100,13.837,-103.35
21,12,123,100,2.132,-91.65
21,13,128,100,0.374,-89.89
21,14,192,100,1.472,-90.99
21,15,141,100,7.390,-96.90
21,16,305,100,11.487,-101.00
21,17,1575,100,15.637,-105.15
21,18,109,100,-1.096,-88.42
21,19,170,99,5.672,-95.19
22,0,188,100,7.789,-97.30
22,1,101,100,-15.346,-74.17
22,2,101,100,-11.599,-77.92
22,3,261,100,8.365,-97.88
22,4,143,100,2.219,-91.73
22,5,148,100,3.009,-92.52
22,6,109,100,-4.201,-85.31
22,7,123,100,-0.271,-89.24
22,8,497,100,10.176,-99.69
22,9,196,100,6.614,-96.13
22,10,102,100,-7.776,-81.74
22,11,116,100,0.235,-89.75
22,12,1542,100,13.118,-102.63
22,13,101,100,-5.193,-84.32
22,14,104,100,-3.688,-85.83
22,15,169,100,8.112,-97.63
22,16,121,100,1.120,-90.63
22,17,107,100,-1.253,-88.26
22,18,104,100,-3.686,-85.83
22,19,107,100,-3.003,-86.51
23,0,107,100,-1.999,-87.52
23,1,103,100,-1.721,-87.79
23,2,1482,100,15.668,-105.18
23,3,103,100,-4.937,-84.58
23,4,101,100,-9.760,-79.75
23,5,100,100,-12.252,-77.26
23,6,102,100,-3.415,-86.10
23,7,112,100,0.027,-89.54
23,8,188,100,9.674,-99.19
23,9,101,100,-12.894,-76.62
23,10,101,100,-9.062,-80.45
23,11,105,100,-2.940,-86.57
23,12,104,100,-4.544,-84.97
23,13,100,100,-7.873,-81.64
23,14,120,100,1.758,-91.27
23,15,106,100,-1.906,-87.61
23,16,105,100,-7.026,-82.49
23,17,107,100,-2.388,-87.13
23,18,102,100,-8.331,-81.18
23,19,272,100,11.953,-101.47
24,0,107,100,-2.676,-86.84
24,1,174,100,9.042,-98.56
24,2,10000,4,18.275,-107.79
24,3,9,5,6.221,-95.74
24,4,6,5,-0.371,-89.14
24,5,5,5,-10.149,-79.37
24,6,5,5,1.055,-90.57
24,7,7,5,3.948,-93.46
24,8,5,5,-6.351,-83.16
24,9,5,5,-8.972,-80.54
24,10,7,5,-0.357,-89.16
24,11,5,5,-3.874,-85.64
24,12,46,5,12.038,-101.55
24,13,5,5,-6.563,-82.95
24,14,19,5,9.280,-98.79
24,15,6,5,-1.724,-87.79
24,16,38,5,14.906,-104.42
24,17,6,5,6.869,-96.38
24,18,5,5,1.933,-91.45
24,19,6,5,-8.129,-81.39
25,0,102,100,-4.521,-84.99
25,1,163,100,2.935,-92.45
25,2,114,100,0.748,-90.26
25,3,133,100,4.661,-94.17
25,4,309,100,5.728,-95.24
25,5,122,100,1.789,-91.30
25,6,200,100,9.144,-98.66
25,7,102,100,-8.269,-81.25
25,8,114,100,-1.358,-88.16
25,9,129,100,3.047,-92.56
25,10,124,100,1.320,-90.83
25,11,109,100,-1.237,-88.28
25,12,102,100,-6.318,-83.20
25,13,373,100,8.086,-97.60
25,14,101,100,-11.322,-78.19
25,15,778,99,11.671,-101.19
25,16,272,100,9.810,-99.32
25,17,165,100,5.815,-95.33
25,18,114,100,1.198,-90.71
25,19,101,100,-7.508,-82.01
26,0,153,100,3.172,-92.69
26,1,305,100,11.410,-100.92
26,2,117,100,-0.102,-89.41
26,3,103,100,-5.309,-84.20
26,4,118,100,-2.886,-86.63
26,5,234,100,10.159,-99.67
26,6,101,100,-7.292,-82.22
26,7,142,100,3.590,-93.10
26,8,638,100,12.973,-102.49
26,9,167,100,6.944,-96.46
26,10,107,100,-5.253,-84.26
26,11,127,100,-6.420,-83.09
26,12,218,100,10.490,-100.00
26,13,109,100,-2.105,-87.41
26,14,119,100,3.230,-92.74
26,15,100,100,-6.816,-82.70
26,16,100,100,-13.416,-76.10
26,17,109,100,-0.757,-88.76
26,18,179,100,8.944,-98.46
26,19,105,100,-5.310,-84.20
27,0,111,100,-5.000,-84.51
27,1,103,100,-11.038,-78.48
27,2,120,100,0.504,-90.02
27,3,111,100,-9.075,-80.44
27,4,386,100,11.941,-101.45
27,5,116,100,-5.604,-83.91
27,6,107,100,-4.486,-85.03
27,7,110,100,-7.621,-81.89
27,8,133,100,-0.184,-89.33
27,9,104,100,-1.888,-87.63
27,10,114,100,-4.578,-84.94
27,11,107,100,0.006,-89.52
27,12,106,100,-0.430,-89.08
27,13,102,100,-9.899,-79.61
27,14,127,100,1.282,-90.80
27,15,108,100,-2.119,-87.40
27,16,102,100,-9.856,-79.66
27,17,205,100,9.122,-98.64
27,18,101,99,-12.738,-76.78
27,19,111,100,-0.697,-88.82
28,0,101,100,-9.894,-79.62
28,1,193,100,4.092,-93.61
28,2,142,100,5.386,-94.90
28,3,116,100,-1.746,-87.77
28,4,107,100,-1.052,-88.46
28,5,138,100,2.355,-91.87
28,6,363,100,8.955,-98.47
28,7,124,100,2.082,-91.60
28,8,102,100,-10.104,-79.41
28,9,121,100,2.030,-91.54
28,10,101,100,-12.877,-76.64
28,11,105,100,-4.648,-84.87
28,12,156,100,7.463,-96.98
28,13,1003,100,12.785,-102.30
28,14,103,100,-8.415,-81.10
28,15,101,100,-13.235,-76.28
28,16,131,100,2.405,-91.92
28,17,101,100,-10.764,-78.75
28,18,102,100,-3.507,-86.01
28,19,103,100,-5.091,-84.42
29,0,153,100,5.663,-95.18
29,1,120,100,4.513,-94.03
29,2,430,100,10.958,-100.47
29,3,106,100,-5.626,-83.89
29,4,107,100,-4.723,-84.79
29,5,190,100,1.374,-90.89
29,6,138,100,0.989,-90.50
29,7,109,100,-3.881,-85.63
29,8,403,100,10.798,-100.31
29,9,114,100,1.311,-90.83
29,10,102,100,-5.427,-84.09
29,11,1624,100,15.694,-105.21
29,12,102,100,-2.143,-87.37
29,13,100,100,-10.120,-79.39
29,14,101,100,-10.913,-78.60
29,15,100,100,-26.468,-63.05
29,16,104,100,-2.338,-87.18
29,17,4980,100,17.514,-107.03
29,18,174,99,6.258,-95.77
29,19,101,100,-15.483,-74.03
30,0,243,100,8.058,-97.57
30,1,228,100,3.510,-93.02
30,2,100,100,-11.964,-77.55
30,3,245,100,7.543,-97.06
30,4,134,100,-6.273,-83.24
30,5,137,100,6.039,-95.55
30,6,199,100,2.734,-92.25
30,7,131,100,-3.798,-85.72
30,8,127,100,1.472,-90.99
30,9,130,100,1.139,-90.65
30,10,104,100,-8.912,-80.60
30,11,109,100,-4.071,-85.44
30,12,200,100,5.705,-95.22
30,13,104,100,-4.162,-85.35
30,14,101,100,-7.342,-82.17
30,15,109,100,-4.481,-85.03
30,16,155,100,5.101,-94.61
30,17,128,100,2.973,-92.49
30,18,105,100,-6.441,-83.07
30,19,208,100,9.435,-98.95
31,0,110,100,-0.082,-89.43
31,1,160,100,3.079,-92.59
31,2,232,100,7.588,-97.10
31,3,102,100,-6.289,-83.23
31,4,105,100,-6.705,-82.81
31,5,103,100,-4.107,-85.41
31,6,154,100,2.810,-92.32
31,7,103,100,-4.482,-85.03
31,8,417,100,9.485,-99.00
31,9,138,100,1.656,-91.17
31,10,155,100,3.697,-93.21
31,11,101,100,-8.516,-81.00
31,12,100,100,-15.396,-74.12
31,13,100,100,-11.582,-77.93
31,14,174,100,8.719,-98.23
31,15,119,100,3.988,-93.50
31,16,208,100,5.826,-95.34
31,17,101,100,-12.966,-76.55
31,18,132,100,4.843,-94.36
31,19,129,100,1.683,-91.20
32,0,102,100,-6.271,-83.24
32,1,10000,0,20.188,-109.70
32,2,1,1,-11.824,-77.69
32,3,1,1,-0.644,-88.87
32,4,1,1,2.030,-91.54
32,5,2,1,-2.888,-86.63
32,6,1,1,4.460,-93.97
32,7,1,1,6.176,-95.69
32,8,1,1,-8.141,-81.37
32,9,1,1,3.985,-93.50
32,10,1,1,-2.910,-86.60
32,11,1,1,-0.016,-89.50
32,12,1,1,4.937,-94.45
32,13,2,1,5.531,-95.05
32,14,1,1,-1.380,-88.13
32,15,1,1,-23.052,-66.46
32,16,1,1,-7.165,-82.35
32,17,1,1,-7.882,-81.63
32,18,1,1,-7.068,-82.45
32,19,1,1,-7.696,-81.82
33,0,111,100,-2.485,-87.03
33,1,229,100,0.812,-90.33
33,2,157,100,1.950,-91.46
33,3,119,100,1.044,-90.56
33,4,140,100,0.523,-90.04
33,5,149,100,6.588,-96.10
33,6,101,100,-8.705,-80.81
33,7,151,100,3.696,-93.21
33,8,612,100,10.942,-100.46
33,9,107,100,-2.219,-87.29
33,10,108,100,-5.205,-84.31
33,11,103,100,-7.194,-82.32
33,12,120,100,-2.828,-86.69
33,13,116,100,-4.680,-84.83
33,14,113,100,-0.263,-89.25
33,15,284,100,11.012,-100.53
33,16,328,100,10.949,-100.46
33,17,103,100,-3.239,-86.28
33,18,175,100,5.921,-95.44
33,19,101,100,-10.859,-78.65
34,0,105,100,-5.010,-84.50
34,1,448,100,3.633,-93.15
34,2,331,100,-2.352,-87.16
34,3,136,100,-1.160,-88.35
34,4,440,100,11.626,-101.14
34,5,453,100,9.904,-99.42
34,6,520,100,12.982,-102.50
34,7,135,100,2.839,-92.35
34,8,104,100,-5.777,-83.74
34,9,104,100,-3.008,-86.51
34,10,114,100,-1.001,-88.51
34,11,730,100,13.570,-103.08
34,12,219,100,6.806,-96.32
34,13,106,100,-0.135,-89.38
34,14,101,100,-18.107,-71.41
34,15,157,100,8.010,-97.52
34,16,116,100,1.357,-90.87
34,17,112,100,-1.376,-88.14
34,18,102,100,-8.941,-80.57
34,19,120,100,4.242,-93.76
35,0,135,100,-3.298,-86.22
35,1,103,100,-2.301,-87.21
35,2,156,100,-2.544,-86.97
35,3,143,100,-0.103,-89.41
35,4,120,100,-8.694,-80.82
35,5,109,100,-8.675,-80.84
35,6,164,100,2.716,-92.23
35,7,102,100,-20.517,-69.00
35,8,302,100,9.841,-99.35
35,9,105,100,-3.126,-86.39
35,10,189,100,2.786,-92.30
35,11,102,100,-10.526,-78.99
35,12,116,100,-2.944,-86.57
35,13,219,100,2.398,-91.91
35,14,109,100,-1.710,-87.80
35,15,101,100,-10.158,-79.36
35,16,190,99,5.116,-94.63
35,17,108,100,-0.688,-88.83
35,18,113,100,1.048,-90.56
35,19,151,99,4.027,-93.54
36,0,280,100,10.206,-99.72
36,1,203,100,8.091,-97.61
36,2,111,100,-4.398,-85.12
36,3,133,100,1.315,-90.83
36,4,105,100,-6.328,-83.19
36,5,271,100,9.140,-98.65
36,6,109,100,-5.326,-84.19
36,7,380,100,6.442,-95.96
36,8,140,100,3.953,-93.47
36,9,153,100,4.174,-93.69
36,10,745,100,13.518,-103.03
36,11,107,100,-1.866,-87.65
36,12,101,100,-7.034,-82.48
36,13,168,100,3.009,-92.52
36,14,109,100,-0.811,-88.70
36,15,102,100,-12.678,-76.84
36,16,142,100,3.849,-93.36
36,17,109,100,1.273,-90.79
36,18,106,100,-5.723,-83.79
36,19,180,100,8.776,-98.29
37,0,178,100,2.964,-92.48
37,1,128,100,0.215,-89.73
37,2,130,100,-0.572,-88.94
37,3,124,100,1.321,-90.84
37,4,420,100,2.331,-91.85
37,5,178,100,6.543,-96.06
37,6,182,100,6.505,-96.02
37,7,372,100,8.947,-98.46
37,8,184,100,5.169,-94.68
37,9,100,100,-7.951,-81.56
37,10,113,100,-0.620,-88.89
37,11,243,100,8.067,-97.58
37,12,324,100,11.346,-100.86
37,13,270,100,10.823,-100.34
37,14,204,100,6.530,-96.04
37,15,205,100,7.434,-96.95
37,16,100,100,-8.593,-80.92
37,17,176,100,6.482,-96.00
37,18,109,100,0.625,-90.14
37,19,100,100,-13.479,-76.03
38,0,1611,100,15.952,-105.47
38,1,100,100,-19.423,-70.09
38,2,143,100,6.740,-96.25
38,3,141,100,2.697,-92.21
38,4,109,100,-1.533,-87.98
38,5,110,100,-4.625,-84.89
38,6,110,100,-0.180,-89.33
38,7,100,100,-10.155,-79.36
38,8,212,100,9.327,-98.84
38,9,104,100,-3.661,-85.85
38,10,102,100,-9.397,-80.12
38,11,110,100,-0.747,-88.77
38,12,100,100,-5.366,-84.15
38,13,105,100,-7.559,-81.96
38,14,2179,100,7.517,-97.03
38,15,132,100,2.895,-92.41
38,16,216,100,10.629,-100.14
38,17,9965,77,16.131,-105.64
38,18,89,78,3.603,-93.12
38,19,78,78,-10.983,-78.53
39,0,111,100,0.318,-89.83
39,1,135,100,4.144,-93.66
39,2,377,100,9.558,-99.07
39,3,137,100,-1.797,-87.72
39,4,112,100,-2.142,-87.37
39,5,121,100,0.977,-90.49
39,6,110,100,-4.105,-85.41
39,7,105,100,-9.564,-79.95
39,8,106,100,-3.885,-85.63
39,9,102,100,-9.927,-79.59
39,10,140,100,3.997,-93.51
39,11,148,100,3.380,-92.89
39,12,119,100,0.205,-89.72
39,13,128,100,-3.166,-86.35
39,14,103,100,-7.563,-81.95
39,15,110,100,0.041,-89.55
39,16,115,100,1.010,-90.52
39,17,158,100,6.691,-96.21
39,18,100,100,-18.441,-71.07
39,19,111,100,2.137,-91.65
40,0,101,100,-11.046,-78.47
40,1,417,100,11.750,-101.26
40,2,141,100,5.435,-94.95
40,3,110,100,-3.305,-86.21
40,4,102,100,-10.532,-78.98
40,5,115,100,-2.604,-86.91
40,6,102,100,-6.971,-82.54
40,7,129,100,-5.361,-84.15
40,8,120,100,3.723,-93.24
40,9,161,100,7.705,-97.22
40,10,273,100,7.242,-96.76
40,11,101,100,-10.674,-78.84
40,12,103,100,-5.429,-84.09
40,13,259,100,7.337,-96.85
40,14,140,100,3.134,-92.65
40,15,115,100,1.654,-91.17
40,16,101,100,-7.500,-82.01
40,17,125,100,4.860,-94.37
40,18,111,100,0.429,-89.94
40,19,111,100,0.693,-90.21
41,0,112,100,0.005,-89.52
41,1,369,100,12.405,-101.92
41,2,115,100,3.592,-93.11
41,3,3434,100,14.600,-104.11
41,4,104,100,0.050,-89.56
41,5,105,100,-8.358,-81.16
41,6,104,100,-6.683,-82.83
41,7,113,100,-0.417,-89.10
41,8,109,100,1.023,-90.54
41,9,106,100,-2.612,-86.90
41,10,1238,100,15.468,-104.98
41,11,100,100,-4.351,-85.16
41,12,102,100,-5.362,-84.15
41,13,188,100,6.651,-96.16
41,14,105,100,-5.162,-84.35
41,15,109,100,1.088,-90.60
41,16,108,100,-7.425,-82.09
41,17,101,100,-11.566,-77.95
41,18,207,99,8.058,-97.57
41,19,163,100,7.140,-96.65
42,0,236,100,6.802,-96.32
42,1,147,100,4.015,-93.53
42,2,180,100,0.070,-89.58
42,3,101,100,-11.050,-78.46
42,4,104,100,-5.181,-84.33
42,5,101,100,-11.655,-77.86
42,6,106,100,-2.509,-87.01
42,7,718,100,14.091,-103.60
42,8,101,100,-5.758,-83.76
42,9,104,100,-8.194,-81.32
42,10,115,100,-0.377,-89.14
42,11,118,100,0.408,-89.92
42,12,104,100,-5.887,-83.63
42,13,104,100,-8.478,-81.04
42,14,293,100,10.665,-100.18
42,15,102,100,-3.904,-85.61
42,16,123,100,0.820,-90.33
42,17,172,100,9.361,-98.87
42,18,100,100,-7.929,-81.59
42,19,112,100,-4.006,-85.51
43,0,102,100,-7.709,-81.80
43,1,114,100,-1.383,-88.13
43,2,113,100,1.506,-91.02
43,3,105,100,-6.228,-83.29
43,4,587,100,12.355,-101.87
43,5,124,100,2.309,-91.82
43,6,110,100,1.470,-90.98
43,7,151,100,1.383,-90.90
43,8,100,100,-21.500,-68.01
43,9,112,100,-2.357,-87.16
43,10,243,100,9.469,-98.98
43,11,101,100,-9.553,-79.96
43,12,122,100,1.940,-91.45
43,13,125,100,2.851,-92.36
43,14,109,100,-1.164,-88.35
43,15,109,100,-0.327,-89.19
43,16,124,100,6.363,-95.88
43,17,108,100,-2.155,-87.36
43,18,113,100,0.102,-89.62
43,19,101,100,-13.387,-76.13
44,0,106,100,-5.615,-83.90
44,1,101,100,-12.848,-76.67
44,2,10000,41,19.066,-108.58
44,3,99,42,9.258,-98.77
44,4,44,42,-1.389,-88.12
44,5,47,42,-6.010,-83.50
44,6,43,42,-1.174,-88.34
44,7,47,42,0.431,-89.94
44,8,65,42,7.312,-96.83
44,9,45,42,-1.615,-87.90
44,10,53,42,4.346,-93.86
44,11,44,42,-3.991,-85.52
44,12,51,42,0.853,-90.37
44,13,42,42,-13.258,-76.26
44,14,42,42,-8.471,-81.04
44,15,42,42,-3.014,-86.50
44,16,48,42,0.209,-89.72
44,17,46,42,0.218,-89.73
44,18,42,42,-3.807,-85.71
44,19,42,42,-17.611,-71.90
45,0,131,100,3.260,-92.77
45,1,177,100,3.954,-93.47
45,2,104,100,-8.634,-80.88
45,3,101,100,-10.012,-79.50
45,4,100,100,-18.765,-70.75
45,5,104,100,-7.570,-81.94
45,6,101,100,-9.728,-79.79
45,7,140,100,3.037,-92.55
45,8,100,100,-15.071,-74.44
45,9,342,100,9.359,-98.87
45,10,116,100,0.048,-89.56
45,11,101,100,-12.756,-76.76
45,12,137,100,0.208,-89.72
45,13,121,100,-0.622,-88.89
45,14,102,100,-5.871,-83.64
45,15,153,100,3.116,-92.63
45,16,103,100,-10.685,-78.83
45,17,102,100,-5.215,-84.30
45,18,100,100,-10.000,-79.51
45,19,102,100,-7.175,-82.34
46,0,112,100,-0.693,-88.82
46,1,105,100,-1.159,-88.36
46,2,102,100,-5.847,-83.67
46,3,9999,40,16.869,-106.38
46,4,44,41,1.279,-90.79
46,5,418,41,12.731,-102.24
46,6,43,41,0.149,-89.66
46,7,43,41,-5.880,-83.63
46,8,51,41,3.844,-93.36
46,9,48,41,0.059,-89.57
46,10,49,41,2.132,-91.65
46,11,168,41,10.338,-99.85
46,12,68,41,5.593,-95.11
46,13,54,41,0.868,-90.38
46,14,231,41,13.776,-103.29
46,15,43,41,-6.057,-83.46
46,16,43,41,-9.844,-79.67
46,17,112,41,11.196,-100.71
46,18,51,41,4.799,-94.31
46,19,140,41,10.314,-99.83
47,0,102,100,-9.975,-79.54
47,1,222,100,5.282,-94.80
47,2,110,100,-4.834,-84.68
47,3,101,100,-13.553,-75.96
47,4,203,100,0.295,-89.81
47,5,108,100,-5.221,-84.29
47,6,146,100,1.145,-90.66
47,7,140,100,-1.687,-87.83
47,8,229,100,6.828,-96.34
47,9,166,100,7.814,-97.33
47,10,108,100,-3.164,-86.35
47,11,128,100,0.282,-89.80
47,12,930,100,12.815,-102.33
47,13,123,100,2.189,-91.70
47,14,2450,99,14.232,-103.75
47,15,120,100,1.559,-91.07
47,16,354,100,9.748,-99.26
47,17,140,100,6.853,-96.37
47,18,219,100,10.558,-100.07
47,19,103,100,-2.929,-86.58
48,0,305,100,7.791,-97.30
48,1,275,100,6.884,-96.40
48,2,100,100,-14.514,-75.00
48,3,134,100,1.720,-91.23
48,4,119,100,-5.159,-84.35
48,5,136,100,4.168,-93.68
48,6,127,100,3.535,-93.05
48,7,135,100,3.716,-93.23
48,8,2351,100,16.638,-106.15
48,9,148,100,6.719,-96.23
48,10,9994,0,28.216,-117.73
48,11,0,0,-4.448,-85.07
48,12,0,0,-7.907,-81.61
48,13,0,0,-0.495,-89.02
48,14,0,0,11.601,-101.12
48,15,0,0,2.666,-92.18
48,16,0,0,3.114,-92.63
48,17,0,0,-6.316,-83.20
48,18,0,0,0.599,-90.11
48,19,0,0,8.962,-98.48
49,0,108,100,-0.380,-89.13
49,1,103,100,-6.066,-83.45
49,2,194,100,7.040,-96.55
49,3,103,100,-8.082,-81.43
49,4,105,100,-5.447,-84.07
49,5,105,100,-6.051,-83.46
49,6,109,100,-3.157,-86.36
49,7,3325,99,14.643,-104.16
49,8,107,100,-1.307,-88.21
49,9,100,100,-7.311,-82.20
49,10,102,100,-7.168,-82.35
49,11,144,100,6.502,-96.02
49,12,103,100,-0.494,-89.02
49,13,107,100,0.278,-89.79
49,14,102,100,-8.605,-80.91
49,15,101,100,-7.718,-81.80
49,16,116,100,-4.115,-85.40
49,17,109,100,-0.318,-89.20
49,18,100,100,-9.779,-79.73
49,19,1847,100,14.008,-103.52
50,0,2231,100,14.073,-103.59
50,1,101,100,-10.408,-79.11
50,2,331,100,12.287,-101.80
50,3,376,100,11.757,-101.27
50,4,121,100,-0.008,-89.51
50,5,112,100,2.169,-91.68
50,6,152,100,5.072,-94.59
50,7,660,100,11.640,-101.15
50,8,110,100,0.540,-90.05
50,9,185,100,6.177,-95.69
50,10,103,100,-7.609,-81.91
50,11,100,100,-7.429,-82.08
50,12,105,100,2.467,-91.98
50,13,111,100,-0.702,-88.81
50,14,100,100,-10.909,-78.60
50,15,102,100,-6.184,-83.33
50,16,147,100,2.482,-92.00
50,17,101,100,-8.521,-80.99
50,18,197,100,7.410,-96.92
50,19,9986,8,20.899,-110.41
51,0,225,100,7.289,-96.80
51,1,132,100,5.918,-95.43
51,2,696,100,13.717,-103.23
51,3,103,100,-10.402,-79.11
51,4,108,100,-0.960,-88.55
51,5,104,100,-5.123,-84.39
51,6,120,100,2.193,-91.71
51,7,117,100,3.968,-93.48
51,8,118,100,-1.326,-88.19
51,9,104,100,-9.461,-80.05
51,10,110,100,0.860,-90.37
51,11,313,100,10.332,-99.85
51,12,133,100,0.947,-90.46
51,13,109,100,-3.204,-86.31
51,14,100,100,-10.616,-78.90
51,15,448,99,10.331,-99.85
51,16,105,100,-5.841,-83.67
51,17,100,100,-13.663,-75.85
51,18,117,100,1.484,-91.00
51,19,102,100,-0.811,-88.70
52,0,329,100,10.241,-99.75
52,1,100,100,-9.567,-79.95
52,2,101,100,-5.850,-83.66
52,3,169,100,2.193,-91.71
52,4,403,100,2.495,-92.01
52,5,101,100,-5.435,-84.08
52,6,260,100,8.700,-98.21
52,7,353,100,9.447,-98.96
52,8,154,100,4.167,-93.68
52,9,102,100,-10.495,-79.02
52,10,101,100,-11.081,-78.43
52,11,108,100,-1.673,-87.84
52,12,107,100,-5.666,-83.85
52,13,152,100,5.925,-95.44
52,14,100,100,-9.269,-80.24
52,15,110,100,-1.388,-88.13
52,16,106,100,0.298,-89.81
52,17,104,100,-6.093,-83.42
52,18,100,100,-7.435,-82.08
52,19,154,100,5.273,-94.79
53,0,100,100,-13.720,-75.79
53,1,919,100,15.036,-104.55
53,2,112,100,0.837,-90.35
53,3,113,100,0.776,-90.29
53,4,100,100,-17.226,-72.29
53,5,105,100,-5.048,-84.47
53,6,100,100,-12.620,-76.89
53,7,166,100,4.173,-93.69
53,8,194,100,8.608,-98.12
53,9,133,100,2.118,-91.63
53,10,102,100,-6.979,-82.53
53,11,127,100,-6.263,-83.25
53,12,103,100,-10.915,-78.60
53,13,122,100,0.574,-90.09
53,14,539,100,13.233,-102.75
53,15,141,100,3.470,-92.98
53,16,392,100,8.148,-97.66
53,17,101,100,-7.694,-81.82
53,18,101,100,-5.614,-83.90
53,19,337,99,9.713,-99.23
54,0,103,100,-6.450,-83.06
54,1,101,100,-7.597,-81.92
54,2,236,100,7.102,-96.62
54,3,172,100,7.051,-96.56
54,4,102,100,-6.765,-82.75
54,5,112,100,-2.252,-87.26
54,6,212,100,5.147,-94.66
54,7,238,100,7.871,-97.39
54,8,132,100,2.525,-92.04
54,9,102,100,-7.261,-82.25
54,10,100,100,-18.493,-71.02
54,11,102,100,-11.129,-78.38
54,12,160,100,2.922,-92.44
54,13,126,100,4.088,-93.60
54,14,103,100,-4.780,-84.73
54,15,105,100,-4.022,-85.49
54,16,132,100,2.466,-91.98
54,17,102,100,-4.040,-85.47
54,18,111,100,-0.272,-89.24
54,19,181,100,7.601,-97.12
55,0,110,100,-3.720,-85.79
55,1,103,100,-7.438,-82.08
55,2,100,100,-14.248,-75.27
55,3,101,100,-12.477,-77.04
55,4,529,100,10.939,-100.45
55,5,106,100,-0.870,-88.64
55,6,103,100,-4.704,-84.81
55,7,100,100,-13.970,-75.54
55,8,162,100,4.774,-94.29
55,9,116,100,-2.099,-87.41
55,10,175,100,5.044,-94.56
55,11,158,100,2.127,-91.64
55,12,101,100,-14.512,-75.00
55,13,351,100,11.750,-101.26
55,14,146,100,3.661,-93.17
55,15,102,100,-4.826,-84.69
55,16,110,100,-2.096,-87.42
55,17,103,100,-4.039,-85.47
55,18,104,100,-4.021,-85.49
55,19,207,100,9.920,-99.43
56,0,274,100,8.610,-98.12
56,1,116,100,0.036,-89.55
56,2,3078,100,16.804,-106.32
56,3,109,100,0.636,-90.15
56,4,104,100,-5.871,-83.64
56,5,103,100,-7.772,-81.74
56,6,239,100,10.954,-100.47
56,7,108,100,-2.924,-86.59
56,8,3467,100,14.499,-104.01
56,9,107,100,-2.905,-86.61
56,10,119,100,0.943,-90.46
56,11,117,100,-0.043,-89.47
56,12,100,100,-8.450,-81.06
56,13,687,100,13.997,-103.51
56,14,119,100,4.530,-94.04
56,15,115,100,-1.259,-88.26
56,16,100,100,-12.954,-76.56
56,17,2484,100,16.657,-106.17
56,18,113,100,3.610,-93.12
56,19,1405,100,15.596,-105.11
57,0,104,100,-4.231,-85.28
57,1,543,100,11.663,-101.18
57,2,118,100,2.403,-91.92
57,3,129,100,-0.257,-89.26
57,4,179,100,9.204,-98.72
57,5,245,100,8.639,-98.15
57,6,109,100,-3.909,-85.60
57,7,109,100,-2.756,-86.76
57,8,571,100,3.801,-93.32
57,9,108,100,-3.598,-85.92
57,10,108,100,-3.040,-86.47
57,11,497,100,7.829,-97.34
57,12,103,100,-7.362,-82.15
57,13,104,100,-10.339,-79.17
57,14,589,100,12.884,-102.40
57,15,121,100,-5.653,-83.86
57,16,317,100,10.816,-100.33
57,17,100,100,-4.351,-85.16
57,18,347,100,12.173,-101.69
57,19,121,100,3.644,-93.16
58,0,122,100,1.148,-90.66
58,1,374,100,12.400,-101.91
58,2,1704,99,13.820,-103.33
58,3,101,100,-12.761,-76.75
58,4,135,100,2.906,-92.42
58,5,134,100,2.543,-92.06
58,6,144,100,4.407,-93.92
58,7,254,100,8.347,-97.86
58,8,324,100,8.360,-97.87
58,9,101,100,-1.588,-87.93
58,10,100,100,-9.033,-80.48
58,11,332,100,11.800,-101.31
58,12,108,100,-2.962,-86.55
58,13,101,100,-10.600,-78.91
58,14,126,100,5.256,-94.77
58,15,921,100,13.712,-103.23
58,16,172,100,8.221,-97.74
58,17,100,100,-10.088,-79.43
58,18,549,100,11.239,-100.75
58,19,164,100,6.961,-96.47
59,0,102,100,-4.465,-85.05
59,1,110,100,-2.809,-86.70
59,2,100,100,-18.216,-71.30
59,3,103,100,-1.585,-87.93
59,4,254,100,7.077,-96.59
59,5,1146,100,15.060,-104.57
59,6,102,100,-9.517,-80.00
59,7,491,100,9.818,-99.33
59,8,226,100,7.162,-96.68
59,9,117,100,1.266,-90.78
59,10,130,100,4.472,-93.99
59,11,108,100,-5.991,-83.52
59,12,101,100,-13.415,-76.10
59,13,115,100,2.312,-91.83
59,14,104,100,-7.879,-81.63
59,15,106,100,-0.312,-89.20
59,16,9969,22,17.537,-107.05
59,17,26,23,-0.160,-89.35
59,18,23,23,-12.904,-76.61
59,19,44,23,5.778,-95.29
60,0,123,100,2.698,-92.21
60,1,307,100,11.667,-101.18
60,2,140,100,3.617,-93.13
60,3,142,100,0.661,-90.17
60,4,115,100,-4.292,-85.22
60,5,101,100,-9.940,-79.57
60,6,218,100,4.085,-93.60
60,7,124,100,-2.823,-86.69
60,8,163,100,4.814,-94.33
60,9,109,100,-5.670,-83.84
60,10,372,99,9.479,-98.99
60,11,102,100,-7.823,-81.69
60,12,114,100,1.203,-90.72
60,13,110,100,-5.233,-84.28
60,14,118,100,2.514,-92.03
60,15,100,100,-11.585,-77.93
60,16,118,100,2.407,-91.92
60,17,159,100,4.741,-94.25
60,18,100,100,-10.303,-79.21
60,19,111,100,0.168,-89.68
61,0,164,100,8.128,-97.64
61,1,310,100,9.411,-98.93
61,2,102,100,-3.440,-86.07
61,3,100,100,-7.768,-81.75
61,4,125,100,2.658,-92.17
61,5,116,100,3.051,-92.57
61,6,101,100,-7.963,-81.55
61,7,9997,7,20.270,-109.78
61,8,7,7,-4.595,-84.92
61,9,18,7,11.810,-101.32
61,10,7,7,-6.819,-82.70
61,11,7,7,-5.983,-83.53
61,12,7,7,-5.312,-84.20
61,13,7,7,-14.012,-75.50
61,14,10,7,4.801,-94.32
61,15,9,7,0.104,-89.62
61,16,21,7,12.252,-101.77
61,17,7,7,-4.878,-84.64
61,18,7,7,-4.779,-84.73
61,19,9,7,3.509,-93.02
62,0,2154,100,13.769,-103.28
62,1,140,100,3.459,-92.97
62,2,110,100,2.184,-91.70
62,3,245,100,5.453,-94.97
62,4,100,100,-17.953,-71.56
62,5,118,100,2.862,-92.38
62,6,9997,0,30.737,-120.25
62,7,0,0,5.090,-94.60
62,8,0,0,-3.335,-86.18
62,9,0,0,1.818,-91.33
62,10,0,0,-4.298,-85.22
62,11,0,0,-6.910,-82.60
62,12,0,0,-9.057,-80.46
62,13,0,0,-13.193,-76.32
62,14,0,0,3.293,-92.81
62,15,0,0,10.528,-100.04
62,16,0,0,-8.637,-80.88
62,17,0,0,-0.071,-89.44
62,18,0,0,1.995,-91.51
62,19,0,0,-11.558,-77.96
63,0,101,100,-8.907,-80.61
63,1,101,100,-13.591,-75.92
63,2,102,100,-11.664,-77.85
63,3,100,100,-7.909,-81.60
63,4,170,100,2.839,-92.35
63,5,123,100,-3.454,-86.06
63,6,172,100,3.640,-93.15
63,7,373,100,6.374,-95.89
63,8,201,100,6.505,-96.02
63,9,103,100,-6.165,-83.35
63,10,682,100,11.461,-100.97
63,11,123,100,5.728,-95.24
63,12,101,100,-13.247,-76.27
63,13,145,100,4.303,-93.82
63,14,112,100,0.511,-90.03
63,15,101,100,-10.213,-79.30
63,16,147,100,5.431,-94.95
63,17,113,100,-5.038,-84.48
63,18,103,100,-5.476,-84.04
63,19,109,100,-4.991,-84.52
64,0,124,100,4.192,-93.71
64,1,252,100,7.038,-96.55
64,2,245,100,5.504,-95.02
64,3,110,100,-3.812,-85.70
64,4,160,100,3.555,-93.07
64,5,108,100,-0.637,-88.88
64,6,118,100,1.779,-91.29
64,7,100,100,-11.358,-78.16
64,8,112,100,2.143,-91.66
64,9,126,100,-0.303,-89.21
64,10,101,100,-4.580,-84.93
64,11,164,100,4.084,-93.60
64,12,161,100,2.896,-92.41
64,13,100,100,-9.650,-79.86
64,14,106,100,-11.894,-77.62
64,15,680,100,13.986,-103.50
64,16,123,100,0.161,-89.68
64,17,110,100,-3.100,-86.41
64,18,100,100,-12.189,-77.33
64,19,115,100,3.009,-92.52
65,0,112,100,-6.032,-83.48
65,1,115,100,-11.259,-78.25
65,2,412,100,12.827,-102.34
65,3,156,100,1.152,-90.67
65,4,130,100,-4.650,-84.86
65,5,142,100,4.723,-94.24
65,6,149,100,6.011,-95.53
65,7,602,100,9.391,-98.90
65,8,108,100,-3.397,-86.12
65,9,104,100,-3.272,-86.24
65,10,356,100,10.151,-99.67
65,11,129,100,-3.533,-85.98
65,12,155,100,7.371,-96.89
65,13,103,100,-6.383,-83.13
65,14,2692,99,14.310,-103.82
65,15,196,100,9.163,-98.68
65,16,115,100,-0.387,-89.13
65,17,219,100,9.607,-99.12
65,18,188,100,7.480,-96.99
65,19,111,100,3.766,-93.28
66,0,102,100,-4.904,-84.61
66,1,114,100,2.533,-92.05
66,2,613,100,14.011,-103.53
66,3,117,100,1.720,-91.23
66,4,125,100,4.106,-93.62
66,5,100,100,-14.749,-74.77
66,6,113,100,-1.402,-88.11
66,7,113,100,2.282,-91.80
66,8,101,100,-7.981,-81.53
66,9,101,100,-8.034,-81.48
66,10,100,100,-12.674,-76.84
66,11,233,100,10.070,-99.58
66,12,2553,100,9.822,-99.34
66,13,112,100,1.873,-91.39
66,14,143,100,3.937,-93.45
66,15,7242,99,15.629,-105.14
66,16,105,100,-5.840,-83.67
66,17,105,100,-5.116,-84.40
66,18,127,100,5.297,-94.81
66,19,118,100,-0.449,-89.07
67,0,103,100,-6.466,-83.05
67,1,281,100,10.269,-99.78
67,2,117,100,-0.213,-89.30
67,3,382,100,4.013,-93.53
67,4,132,100,2.810,-92.32
67,5,121,100,-1.303,-88.21
67,6,366,100,10.821,-100.33
67,7,172,100,4.990,-94.50
67,8,171,100,5.260,-94.77
67,9,187,100,4.896,-94.41
67,10,101,100,-11.042,-78.47
67,11,123,100,-0.437,-89.08
67,12,118,100,-2.649,-86.86
67,13,170,100,5.540,-95.05
67,14,115,100,-1.793,-87.72
67,15,109,100,-11.889,-77.62
67,16,232,100,10.230,-99.74
67,17,229,100,7.586,-97.10
67,18,238,100,8.819,-98.33
67,19,141,99,3.987,-93.50
68,0,120,100,2.301,-91.81
68,1,1262,100,15.212,-104.73
68,2,101,100,-8.538,-80.98
68,3,109,100,-1.950,-87.56
68,4,169,100,6.776,-96.29
68,5,101,100,-11.101,-78.41
68,6,113,100,0.918,-90.43
68,7,122,100,0.404,-89.92
68,8,1470,100,13.310,-102.82
68,9,107,100,-6.812,-82.70
68,10,9983,0,19.459,-108.97
68,11,1,1,-12.937,-76.58
68,12,1,1,10.807,-100.32
68,13,1,1,6.822,-96.34
68,14,554,1,20.261,-109.77
68,15,1,1,-10.575,-78.94
68,16,1,1,-2.059,-87.45
68,17,1,1,-2.300,-87.21
68,18,1,1,2.951,-92.47
68,19,1,1,0.822,-90.34
69,0,103,100,-8.133,-81.38
69,1,171,100,6.620,-96.13
69,2,105,100,-2.037,-87.48
69,3,259,100,8.534,-98.05
69,4,236,100,8.466,-97.98
69,5,122,100,4.186,-93.70
69,6,104,100,-3.415,-86.10
69,7,112,100,-1.473,-88.04
69,8,122,100,3.067,-92.58
69,9,119,100,0.219,-89.73
69,10,160,100,5.935,-95.45
69,11,101,100,-6.265,-83.25
69,12,102,100,-8.486,-81.03
69,13,211,100,7.561,-97.08
69,14,108,100,-4.352,-85.16
69,15,106,100,-7.865,-81.65
69,16,110,100,-2.760,-86.75
69,17,322,100,11.393,-100.91
69,18,107,100,-3.438,-86.08
69,19,248,100,8.267,-97.78
70,0,153,100,6.801,-96.31
70,1,159,100,4.777,-94.29
70,2,108,100,-2.823,-86.69
70,3,171,100,6.642,-96.16
70,4,346,100,10.114,-99.63
70,5,114,100,0.920,-90.43
70,6,106,100,-0.633,-88.88
70,7,2309,99,14.400,-103.91
70,8,100,100,-9.736,-79.78
70,9,108,100,-0.884,-88.63
70,10,103,100,-3.474,-86.04
70,11,101,100,-12.512,-77.00
70,12,197,100,9.318,-98.83
70,13,103,100,-1.816,-87.70
70,14,108,100,-3.180,-86.33
70,15,102,100,-5.416,-84.10
70,16,112,100,1.809,-91.32
70,17,101,100,-11.384,-78.13
70,18,221,100,8.472,-97.99
70,19,132,100,3.841,-93.36
71,0,10000,2,20.508,-110.02
71,1,3,3,-6.014,-83.50
71,2,3,3,-13.115,-76.40
71,3,4,3,2.778,-92.29
71,4,3,3,-3.870,-85.64
71,5,3,3,-6.092,-83.42
71,6,3,3,-10.968,-78.55
71,7,3,3,-10.533,-78.98
71,8,3,3,-12.222,-77.29
71,9,8,3,9.289,-98.80
71,10,3,3,-12.093,-77.42
71,11,3,3,5.897,-95.41
71,12,3,3,-7.101,-82.41
71,13,69,3,16.332,-105.85
71,14,3,3,1.366,-90.88
71,15,4,3,5.154,-94.67
71,16,3,3,2.459,-91.97
71,17,3,3,1.623,-91.14
71,18,3,3,2.256,-91.77
71,19,3,3,1.727,-91.24
72,0,164,100,4.677,-94.19
72,1,108,100,-3.333,-86.18
72,2,117,100,3.124,-92.64
72,3,100,100,-21.160,-68.35
72,4,301,100,8.190,-97.70
72,5,104,100,-2.904,-86.61
72,6,117,100,3.774,-93.29
72,7,118,100,-0.532,-88.98
72,8,121,100,-2.390,-87.12
72,9,100,100,-17.675,-71.84
72,10,100,100,-19.171,-70.34
72,11,957,100,14.729,-104.24
72,12,101,100,-14.532,-74.98
72,13,363,100,8.858,-98.37
72,14,118,100,-1.188,-88.33
72,15,331,100,9.114,-98.63
72,16,158,100,7.327,-96.84
72,17,111,100,-0.865,-88.65
72,18,669,99,11.475,-100.99
72,19,107,100,0.450,-89.96
73,0,110,100,-0.933,-88.58
73,1,141,100,4.930,-94.44
73,2,146,100,3.384,-92.90
73,3,118,100,2.372,-91.89
73,4,117,100,-1.402,-88.11
73,5,117,100,2.239,-91.75
73,6,100,100,-18.950,-70.56
73,7,122,100,-1.371,-88.14
73,8,102,100,-9.947,-79.57
73,9,106,100,-7.097,-82.42
73,10,161,100,2.883,-92.40
73,11,209,100,2.225,-91.74
73,12,149,100,3.854,-93.37
73,13,141,100,1.079,-90.59
73,14,121,100,-1.336,-88.18
73,15,106,100,-4.793,-84.72
73,16,2357,100,16.647,-106.16
73,17,107,100,-1.282,-88.23
73,18,140,100,4.891,-94.41
73,19,103,100,-3.128,-86.39
74,0,109,100,-4.381,-85.13
74,1,121,100,1.769,-91.28
74,2,100,100,-16.904,-72.61
74,3,215,100,5.829,-95.34
74,4,212,100,5.399,-94.91
74,5,175,100,2.515,-92.03
74,6,155,100,1.469,-90.98
74,7,126,100,-0.544,-88.97
74,8,116,100,-0.452,-89.06
74,9,111,100,-0.509,-89.00
74,10,284,100,11.021,-100.54
74,11,267,100,6.353,-95.87
74,12,100,100,-9.206,-80.31
74,13,133,100,4.182,-93.70
74,14,139,100,1.733,-91.25
74,15,310,100,11.339,-100.85
74,16,313,100,11.054,-100.57
74,17,123,100,2.381,-91.90
74,18,101,100,-3.507,-86.01
74,19,101,100,-7.179,-82.34
75,0,100,100,-21.627,-67.89
75,1,101,100,-9.683,-79.83
75,2,272,100,7.457,-96.97
75,3,113,100,0.873,-90.39
75,4,124,100,4.732,-94.25
75,5,230,100,6.254,-95.77
75,6,101,100,-6.788,-82.73
75,7,100,100,-14.210,-75.30
75,8,103,100,-8.810,-80.70
75,9,146,100,7.645,-97.16
75,10,551,100,12.937,-102.45
75,11,109,100,-6.804,-82.71
75,12,117,100,1.673,-91.19
75,13,108,100,-4.336,-85.18
75,14,105,100,-6.772,-82.74
75,15,206,100,7.359,-96.87
75,16,127,100,4.452,-93.97
75,17,105,100,-1.442,-88.07
75,18,112,100,-0.105,-89.41
75,19,115,100,-0.154,-89.36
76,0,149,100,-0.757,-88.76
76,1,102,100,-5.438,-84.08
76,2,102,100,-5.036,-84.48
76,3,504,100,9.769,-99.28
76,4,100,100,-14.728,-74.79
76,5,298,100,7.406,-96.92
76,6,101,100,-11.583,-77.93
76,7,100,100,-10.182,-79.33
76,8,2804,100,16.815,-106.33
76,9,100,100,-8.888,-80.63
76,10,220,100,7.987,-97.50
76,11,115,100,0.436,-89.95
76,12,198,100,7.345,-96.86
76,13,114,100,-0.180,-89.33
76,14,154,100,4.718,-94.23
76,15,100,100,-15.842,-73.67
76,16,114,100,-3.377,-86.14
76,17,103,100,-6.507,-83.01
76,18,101,100,-5.895,-83.62
76,19,1006,100,12.692,-102.21
77,0,112,100,1.686,-91.20
77,1,186,100,-3.722,-85.79
77,2,103,100,-5.592,-83.92
77,3,111,100,-0.647,-88.87
77,4,151,100,-0.344,-89.17
77,5,162,100,2.819,-92.33
77,6,102,100,-4.188,-85.33
77,7,102,100,-6.963,-82.55
77,8,102,100,-6.895,-82.62
77,9,159,100,-3.322,-86.19
77,10,103,100,-6.242,-83.27
77,11,111,100,-1.514,-88.00
77,12,336,100,8.138,-97.65
77,13,113,100,-6.139,-83.37
77,14,113,100,-0.433,-89.08
77,15,112,100,-1.682,-87.83
77,16,108,100,-2.206,-87.31
77,17,103,100,-7.718,-81.80
77,18,105,99,-1.705,-87.81
77,19,111,100,-0.461,-89.05
78,0,134,100,-2.300,-87.21
78,1,166,100,8.725,-98.24
78,2,118,100,0.772,-90.29
78,3,212,100,6.197,-95.71
78,4,106,100,-10.313,-79.20
78,5,100,100,-25.431,-64.08
78,6,105,100,-1.163,-88.35
78,7,172,100,4.052,-93.57
78,8,365,100,8.746,-98.26
78,9,135,100,5.663,-95.18
78,10,144,100,3.426,-92.94
78,11,384,100,4.478,-93.99
78,12,146,100,6.798,-96.31
78,13,101,100,-11.026,-78.49
78,14,404,100,-2.036,-87.48
78,15,110,100,-2.539,-86.97
78,16,126,100,1.293,-90.81
78,17,609,100,11.508,-101.02
78,18,103,100,-2.113,-87.40
78,19,118,100,-0.294,-89.22
79,0,106,100,-2.850,-86.66
79,1,188,100,3.762,-93.28
79,2,124,100,2.380,-91.89
79,3,101,100,-3.569,-85.95
79,4,109,100,0.303,-89.82
79,5,115,100,-3.465,-86.05
79,6,348,100,10.599,-100.11
79,7,108,100,-1.008,-88.51
79,8,632,100,11.235,-100.75
79,9,138,100,5.114,-94.63
79,10,102,100,-7.172,-82.34
79,11,132,100,3.838,-93.35
79,12,1224,100,13.214,-102.73
79,13,147,100,3.487,-93.00
79,14,252,100,10.940,-100.45
79,15,113,100,0.627,-90.14
79,16,120,100,4.173,-93.69
79,17,102,100,-5.762,-83.75
79,18,100,100,-9.635,-79.88
79,19,101,100,-8.003,-81.51
80,0,105,100,-9.602,-79.91
80,1,168,100,6.622,-96.14
80,2,304,100,9.142,-98.66
80,3,211,100,5.735,-95.25
80,4,216,100,6.026,-95.54
80,5,101,100,-9.858,-79.66
80,6,114,100,-0.189,-89.33
80,7,106,100,-4.699,-84.82
80,8,102,100,-8.014,-81.50
80,9,102,100,-7.776,-81.74
80,10,108,100,-2.949,-86.56
80,11,107,100,-2.225,-87.29
80,12,103,100,-10.427,-79.09
80,13,123,100,1.831,-91.35
80,14,101,100,-10.667,-78.85
80,15,1021,99,12.825,-102.34
80,16,100,100,-12.114,-77.40
80,17,104,99,-2.349,-87.17
80,18,106,100,0.400,-89.91
80,19,100,100,-14.956,-74.56
81,0,203,100,0.176,-89.69
81,1,491,100,9.111,-98.63
81,2,105,100,-5.692,-83.82
81,3,310,100,10.258,-99.77
81,4,106,100,-5.256,-84.26
81,5,137,100,5.939,-95.45
81,6,108,100,-4.168,-85.35
81,7,769,100,8.653,-98.17
81,8,114,100,-1.712,-87.80
81,9,100,100,-8.043,-81.47
81,10,616,100,13.387,-102.90
81,11,145,100,4.903,-94.42
81,12,261,100,7.698,-97.21
81,13,104,100,-3.337,-86.18
81,14,108,100,-3.173,-86.34
81,15,116,100,0.554,-90.07
81,16,136,100,3.479,-92.99
81,17,104,100,-5.099,-84.41
81,18,102,100,-11.372,-78.14
81,19,525,99,11.165,-100.68
82,0,116,100,0.834,-90.35
82,1,161,100,6.136,-95.65
82,2,108,100,-2.297,-87.22
82,3,109,100,0.726,-90.24
82,4,229,100,1.554,-91.07
82,5,100,100,-11.503,-78.01
82,6,104,100,-6.333,-83.18
82,7,362,100,8.176,-97.69
82,8,117,100,0.606,-90.12
82,9,345,100,1.572,-91.09
82,10,150,100,3.553,-93.07
82,11,160,100,4.466,-93.98
82,12,380,100,11.031,-100.55
82,13,206,100,6.938,-96.45
82,14,128,100,2.610,-92.12
82,15,137,100,2.647,-92.16
82,16,102,100,-4.369,-85.14
82,17,108,100,-1.690,-87.82
82,18,103,100,-1.129,-88.38
82,19,100,100,-11.425,-78.09
83,0,101,100,-10.642,-78.87
83,1,104,100,-3.359,-86.16
83,2,104,100,-1.121,-88.39
83,3,968,100,14.542,-104.06
83,4,744,100,14.258,-103.77
83,5,104,100,-8.077,-81.44
83,6,104,100,-8.196,-81.32
83,7,105,100,-4.751,-84.76
83,8,103,100,-6.699,-82.81
83,9,120,100,2.423,-91.94
83,10,160,100,8.285,-97.80
83,11,511,100,10.823,-100.34
83,12,102,100,-5.262,-84.25
83,13,141,100,3.537,-93.05
83,14,110,100,0.353,-89.87
83,15,1756,99,13.685,-103.20
83,16,101,100,-9.981,-79.53
83,17,180,100,7.387,-96.90
83,18,116,100,-0.723,-88.79
83,19,111,100,1.410,-90.92
84,0,170,100,6.645,-96.16
84,1,103,100,-7.426,-82.09
84,2,105,100,-4.100,-85.41
84,3,100,100,-12.304,-77.21
84,4,200,100,8.490,-98.00
84,5,136,100,5.040,-94.55
84,6,104,100,-9.107,-80.41
84,7,3890,100,17.114,-106.63
84,8,100,100,-15.515,-74.00
84,9,102,100,-2.338,-87.18
84,10,109,100,-1.795,-87.72
84,11,100,100,-20.682,-68.83
84,12,100,100,-11.720,-77.79
84,13,113,100,1.980,-91.49
84,14,106,100,-1.770,-87.74
84,15,102,100,-2.976,-86.54
84,16,189,100,6.502,-96.02
84,17,115,100,1.505,-91.02
84,18,105,100,-2.497,-87.02
84,19,111,100,2.676,-92.19
85,0,123,100,1.865,-91.38
85,1,118,100,4.939,-94.45
85,2,127,100,1.245,-90.76
85,3,104,100,-4.964,-84.55
85,4,254,100,7.627,-97.14
85,5,112,100,-2.496,-87.02
85,6,106,100,-4.582,-84.93
85,7,101,100,-14.831,-74.68
85,8,229,100,7.949,-97.46
85,9,101,100,-18.732,-70.78
85,10,138,100,2.232,-91.75
85,11,118,100,2.788,-92.30
85,12,174,100,4.112,-93.63
85,13,108,100,-0.532,-88.98
85,14,101,100,-5.827,-83.69
85,15,118,100,-0.721,-88.79
85,16,111,100,-4.316,-85.20
85,17,106,100,-2.452,-87.06
85,18,121,100,1.043,-90.56
85,19,102,100,-6.132,-83.38
86,0,100,100,-17.769,-71.74
86,1,110,100,-1.841,-87.67
86,2,139,100,1.538,-91.05
86,3,128,100,5.292,-94.81
86,4,111,100,-12.766,-76.75
86,5,165,100,3.279,-92.79
86,6,109,100,1.410,-90.92
86,7,167,100,2.107,-91.62
86,8,615,100,11.437,-100.95
86,9,101,100,-13.817,-75.70
86,10,108,100,-2.902,-86.61
86,11,257,100,7.396,-96.91
86,12,181,100,5.521,-95.04
86,13,117,100,0.806,-90.32
86,14,185,100,6.605,-96.12
86,15,125,100,-5.735,-83.78
86,16,105,100,-2.587,-86.93
86,17,125,100,4.627,-94.14
86,18,235,100,9.766,-99.28
86,19,101,100,-7.489,-82.03
87,0,101,100,-10.318,-79.20
87,1,100,100,-8.280,-81.23
87,2,104,100,-15.997,-73.52
87,3,1198,100,12.809,-102.32
87,4,100,100,-13.104,-76.41
87,5,204,100,8.051,-97.56
87,6,154,100,6.559,-96.07
87,7,103,100,-10.645,-78.87
87,8,583,100,-4.833,-84.68
87,9,122,100,5.268,-94.78
87,10,128,100,4.022,-93.54
87,11,1399,100,15.048,-104.56
87,12,104,100,-4.989,-84.53
87,13,275,99,8.916,-98.43
87,14,100,100,-14.704,-74.81
87,15,113,100,0.971,-90.48
87,16,100,100,-12.219,-77.29
87,17,134,100,4.567,-94.08
87,18,123,100,2.073,-91.59
87,19,104,100,-4.546,-84.97
88,0,162,100,1.798,-91.31
88,1,100,100,-23.215,-66.30
88,2,105,100,-4.275,-85.24
88,3,175,100,4.349,-93.86
88,4,104,100,-4.089,-85.42
88,5,210,100,4.212,-93.73
88,6,106,100,-6.993,-82.52
88,7,108,100,-4.953,-84.56
88,8,100,100,-12.787,-76.73
88,9,120,100,-2.101,-87.41
88,10,149,100,3.244,-92.76
88,11,129,100,3.917,-93.43
88,12,694,100,11.230,-100.74
88,13,105,100,-3.240,-86.27
88,14,122,100,3.869,-93.38
88,15,101,100,-14.656,-74.86
88,16,142,100,5.664,-95.18
88,17,103,100,-10.672,-78.84
88,18,112,100,-0.565,-88.95
88,19,101,100,-9.900,-79.61
89,0,107,100,-2.432,-87.08
89,1,191,100,3.117,-92.63
89,2,138,100,3.036,-92.55
89,3,292,100,8.363,-97.88
89,4,283,100,5.162,-94.68
89,5,177,100,5.516,-95.03
89,6,101,100,-10.741,-78.77
89,7,113,100,-2.317,-87.20
89,8,101,100,-10.600,-78.91
89,9,101,100,-19.374,-70.14
89,10,282,100,5.800,-95.31
89,11,142,100,2.184,-91.70
89,12,111,100,-2.302,-87.21
89,13,1903,100,16.113,-105.63
89,14,100,100,-16.770,-72.74
89,15,105,100,-4.992,-84.52
89,16,100,100,-14.657,-74.86
89,17,100,100,-15.268,-74.25
89,18,108,99,-0.504,-89.01
89,19,104,100,-6.768,-82.75
90,0,192,100,7.609,-97.12
90,1,2019,100,14.128,-103.64
90,2,100,100,-11.295,-78.22
90,3,100,100,-13.890,-75.62
90,4,158,100,6.734,-96.25
90,5,141,100,-0.254,-89.26
90,6,335,100,9.609,-99.12
90,7,148,100,6.750,-96.26
90,8,337,100,9.126,-98.64
90,9,101,100,-12.456,-77.06
90,10,146,100,6.472,-95.99
90,11,379,100,9.073,-98.59
90,12,105,100,-3.799,-85.72
90,13,102,100,-6.719,-82.80
90,14,282,100,4.597,-94.11
90,15,144,100,6.243,-95.76
90,16,149,100,5.393,-94.91
90,17,105,100,-2.310,-87.20
90,18,111,100,-0.420,-89.09
90,19,114,100,0.845,-90.36
91,0,102,100,-9.004,-80.51
91,1,101,100,-8.321,-81.19
91,2,10000,27,17.161,-106.67
91,3,28,28,-8.548,-80.97
91,4,40,28,2.880,-92.39
91,5,28,28,-9.660,-79.85
91,6,44,28,4.201,-93.72
91,7,30,28,0.947,-90.46
91,8,29,28,-8.906,-80.61
91,9,93,28,10.841,-100.36
91,10,29,28,-3.750,-85.76
91,11,33,28,-1.020,-88.49
91,12,28,28,-7.874,-81.64
91,13,32,28,2.816,-92.33
91,14,53,28,8.305,-97.82
91,15,47,28,6.066,-95.58
91,16,28,28,-12.246,-77.27
91,17,9962,6,20.649,-110.16
91,18,6,6,-6.234,-83.28
91,19,6,6,-12.655,-76.86
92,0,124,100,4.874,-94.39
92,1,108,100,-5.860,-83.65
92,2,114,100,3.637,-93.15
92,3,112,100,-4.596,-84.92
92,4,101,100,-11.922,-77.59
92,5,104,100,-4.467,-85.05
92,6,105,100,-4.053,-85.46
92,7,117,100,-6.858,-82.66
92,8,172,100,6.183,-95.70
92,9,104,100,-1.087,-88.43
92,10,100,100,-14.789,-74.72
92,11,112,100,0.002,-89.52
92,12,103,100,-7.551,-81.96
92,13,102,100,-6.745,-82.77
92,14,1809,100,16.108,-105.62
92,15,126,100,4.773,-94.29
92,16,110,100,-3.881,-85.63
92,17,144,100,2.619,-92.13
92,18,129,100,6.111,-95.63
92,19,120,100,2.627,-92.14
93,0,513,100,5.656,-95.17
93,1,109,100,1.626,-91.14
93,2,104,100,-9.779,-79.73
93,3,366,100,7.512,-97.03
93,4,105,100,-6.894,-82.62
93,5,109,100,-0.719,-88.80
93,6,454,100,12.363,-101.88
93,7,1796,100,13.767,-103.28
93,8,100,100,-14.093,-75.42
93,9,101,100,-12.874,-76.64
93,10,112,100,-4.218,-85.30
93,11,102,100,-5.594,-83.92
93,12,104,100,-2.995,-86.52
93,13,103,100,-2.322,-87.19
93,14,106,100,-2.356,-87.16
93,15,146,99,6.472,-95.99
93,16,101,100,-7.630,-81.88
93,17,105,100,-2.447,-87.07
93,18,100,100,-14.105,-75.41
93,19,122,100,1.410,-90.92
94,0,100,100,-20.132,-69.38
94,1,1249,100,14.913,-104.43
94,2,105,100,-1.644,-87.87
94,3,105,100,-4.506,-85.01
94,4,100,100,-15.749,-73.77
94,5,106,100,-1.425,-88.09
94,6,675,100,13.757,-103.27
94,7,526,100,10.734,-100.25
94,8,102,100,-6.174,-83.34
94,9,180,100,6.515,-96.03
94,10,101,100,-6.746,-82.77
94,11,100,100,-13.240,-76.27
94,12,102,100,-12.247,-77.27
94,13,100,100,-13.475,-76.04
94,14,137,100,3.122,-92.64
94,15,129,100,5.039,-94.55
94,16,101,100,-3.709,-85.80
94,17,130,100,1.507,-91.02
94,18,122,100,0.798,-90.31
94,19,100,100,-5.488,-84.03
95,0,199,100,8.074,-97.59
95,1,102,100,-4.420,-85.09
95,2,10000,0,25.244,-114.76
95,3,0,0,-4.572,-84.94
95,4,0,0,16.100,-105.61
95,5,0,0,5.595,-95.11
95,6,0,0,-0.361,-89.15
95,7,0,0,-5.796,-83.72
95,8,0,0,-4.823,-84.69
95,9,0,0,-0.218,-89.30
95,10,0,0,10.834,-100.35
95,11,0,0,-9.004,-80.51
95,12,0,0,0.807,-90.32
95,13,0,0,7.566,-97.08
95,14,0,0,-2.311,-87.20
95,15,0,0,-0.178,-89.34
95,16,0,0,8.768,-98.28
95,17,0,0,6.752,-96.27
95,18,0,0,-0.200,-89.31
95,19,0,0,4.597,-94.11
96,0,102,100,-4.650,-84.86
96,1,494,100,11.302,-100.82
96,2,113,100,2.604,-92.12
96,3,135,100,3.562,-93.08
96,4,145,100,5.443,-94.96
96,5,104,100,-7.510,-82.00
96,6,107,100,-3.237,-86.28
96,7,101,100,-1.907,-87.61
96,8,119,100,-0.497,-89.02
96,9,818,99,12.366,-101.88
96,10,103,100,-4.356,-85.16
96,11,106,100,-10.771,-78.74
96,12,106,100,-1.340,-88.17
96,13,117,100,3.744,-93.26
96,14,106,100,-4.864,-84.65
96,15,117,100,-0.711,-88.80
96,16,109,100,-7.551,-81.96
96,17,309,100,12.024,-101.54
96,18,106,100,-1.895,-87.62
96,19,385,99,10.066,-99.58
97,0,116,100,-1.040,-88.47
97,1,938,100,12.758,-102.27
97,2,102,100,-10.353,-79.16
97,3,102,100,-9.029,-80.49
97,4,142,100,-9.926,-79.59
97,5,440,100,12.494,-102.01
97,6,101,100,-12.962,-76.55
97,7,141,100,4.146,-93.66
97,8,123,100,1.292,-90.81
97,9,103,100,-0.885,-88.63
97,10,103,100,-6.999,-82.52
97,11,102,100,-2.990,-86.52
97,12,122,100,1.203,-90.72
97,13,107,100,-4.366,-85.15
97,14,113,100,-0.859,-88.65
97,15,118,100,5.411,-94.92
97,16,102,100,-6.129,-83.39
97,17,101,100,-4.451,-85.06
97,18,112,100,1.290,-90.80
97,19,780,100,14.636,-104.15
98,0,892,100,15.173,-104.69
98,1,101,100,-10.281,-79.23
98,2,107,100,-2.811,-86.70
98,3,119,100,4.727,-94.24
98,4,110,100,-3.477,-86.04
98,5,100,100,-19.952,-69.56
98,6,107,100,1.825,-91.34
98,7,111,100,-0.003,-89.51
98,8,107,100,-0.467,-89.05
98,9,186,100,6.931,-96.45
98,10,101,100,-9.290,-80.22
98,11,139,100,4.749,-94.26
98,12,220,100,6.987,-96.50
98,13,190,100,8.733,-98.25
98,14,100,100,-13.509,-76.00
98,15,970,100,14.930,-104.44
98,16,111,100,-0.446,-89.07
98,17,105,100,-4.399,-85.11
98,18,101,100,-7.554,-81.96
98,19,105,100,-0.690,-88.82
99,0,112,100,-1.904,-87.61
99,1,292,100,7.224,-96.74
99,2,191,100,7.038,-96.55
99,3,141,100,5.288,-94.80
99,4,113,100,-3.076,-86.44
99,5,110,100,-2.473,-87.04
99,6,9995,11,17.382,-106.90
99,7,22,12,9.291,-98.81
99,8,14,12,-1.259,-88.26
99,9,13,12,0.145,-89.66
99,10,12,12,-4.871,-84.64
99,11,12,12,-10.088,-79.43
99,12,12,12,-10.836,-78.68
99,13,13,12,5.572,-95.09
99,14,12,12,-5.191,-84.32
99,15,12,12,-1.067,-88.45
99,16,12,12,-8.973,-80.54
99,17,12,12,1.368,-90.88
99,18,17,12,2.725,-92.24
99,19,14,12,-1.981,-87.53
100,0,127,100,3.612,-93.13
100,1,119,100,-2.279,-87.23
100,2,100,100,-8.342,-81.17
100,3,111,100,-1.380,-88.13
100,4,121,100,2.052,-91.57
100,5,1018,100,12.882,-102.40
100,6,106,100,-2.393,-87.12
100,7,102,100,-9.515,-80.00
100,8,101,100,-13.294,-76.22
100,9,116,100,1.215,-90.73
100,10,167,100,7.916,-97.43
100,11,103,100,-16.545,-72.97
100,12,123,100,3.552,-93.07
100,13,499,100,5.811,-95.33
100,14,159,100,7.266,-96.78
100,15,101,100,-18.428,-71.09
100,16,4807,99,15.124,-104.64
100,17,102,100,-7.989,-81.52
100,18,303,100,9.904,-99.42
100,19,100,100,-7.205,-82.31
101,0,100,100,-18.994,-70.52
101,1,230,100,8.559,-98.07
101,2,373,100,1.706,-91.22
101,3,157,100,7.195,-96.71
101,4,161,100,5.410,-94.92
101,5,378,100,8.588,-98.10
101,6,122,100,-0.929,-88.58
101,7,111,100,2.305,-91.82
101,8,109,100,-6.561,-82.95
101,9,154,100,2.992,-92.51
101,10,125,100,0.521,-90.04
101,11,258,100,10.287,-99.80
101,12,585,100,10.954,-100.47
101,13,103,100,-9.920,-79.59
101,14,164,100,6.431,-95.95
101,15,108,100,-7.619,-81.89
101,16,102,100,-4.994,-84.52
101,17,125,100,1.902,-91.42
101,18,129,100,4.488,-94.00
101,19,193,100,6.870,-96.38
102,0,103,100,-4.704,-84.81
102,1,340,100,4.251,-93.77
102,2,100,100,-12.493,-77.02
102,3,103,100,-5.338,-84.18
102,4,348,100,6.849,-96.36
102,5,101,100,-8.273,-81.24
102,6,112,100,-3.715,-85.80
102,7,101,100,-17.913,-71.60
102,8,103,100,-11.923,-77.59
102,9,108,100,-0.064,-89.45
102,10,164,100,4.202,-93.72
102,11,189,100,5.311,-94.82
102,12,101,100,-6.225,-83.29
102,13,292,100,10.585,-100.10
102,14,101,100,-12.511,-77.00
102,15,106,100,-2.480,-87.03
102,16,100,100,-13.284,-76.23
102,17,100,100,-6.661,-82.85
102,18,119,100,2.902,-92.42
102,19,146,99,4.685,-94.20
103,0,266,100,7.222,-96.74
103,1,118,100,-4.667,-84.85
103,2,176,100,-0.738,-88.78
103,3,101,100,-10.207,-79.31
103,4,109,100,-4.235,-85.28
103,5,265,100,9.102,-98.62
103,6,278,100,8.344,-97.86
103,7,140,100,-3.095,-86.42
103,8,107,100,-5.077,-84.44
103,9,180,100,5.702,-95.22
103,10,2173,100,16.075,-105.59
103,11,157,100,5.693,-95.21
103,12,105,100,-3.241,-86.27
103,13,227,100,7.843,-97.36
103,14,250,100,8.460,-97.97
103,15,133,100,4.125,-93.64
103,16,105,100,-1.893,-87.62
103,17,105,100,-3.223,-86.29
103,18,108,100,0.842,-90.36
103,19,109,100,-1.014,-88.50
104,0,1234,100,13.121,-102.64
104,1,100,100,-13.215,-76.30
104,2,107,100,-3.111,-86.40
104,3,265,100,6.557,-96.07
104,4,444,100,13.627,-103.14
104,5,131,100,3.603,-93.12
104,6,125,100,1.882,-91.40
104,7,150,100,3.505,-93.02
104,8,207,100,8.828,-98.34
104,9,130,100,5.221,-94.73
104,10,312,100,10.586,-100.10
104,11,127,100,0.195,-89.71
104,12,150,99,4.480,-93.99
104,13,148,100,5.033,-94.55
104,14,104,100,-7.302,-82.21
104,15,104,100,-3.715,-85.80
104,16,115,100,0.309,-89.82
104,17,147,100,5.229,-94.74
104,18,117,100,1.760,-91.27
104,19,121,100,2.601,-92.12
105,0,114,100,2.116,-91.63
105,1,272,100,6.480,-95.99
105,2,106,100,-2.899,-86.61
105,3,118,100,-8.631,-80.88
105,4,230,100,9.471,-98.99
105,5,112,100,-1.957,-87.56
105,6,369,100,6.843,-96.36
105,7,112,100,-2.729,-86.78
105,8,177,100,-0.376,-89.14
105,9,137,100,2.011,-91.53
105,10,305,100,8.775,-98.29
105,11,461,100,11.821,-101.34
105,12,102,100,-7.201,-82.31
105,13,156,100,4.012,-93.53
105,14,105,100,-5.968,-83.55
105,15,106,100,-7.669,-81.84
105,16,172,100,5.984,-95.50
105,17,993,99,12.729,-102.24
105,18,105,100,-3.476,-86.04
105,19,100,100,-9.909,-79.61
106,0,162,100,5.178,-94.69
106,1,106,100,-9.635,-79.88
106,2,104,100,-6.960,-82.55
106,3,104,100,-8.436,-81.08
106,4,1528,100,15.396,-104.91
106,5,100,100,-19.901,-69.61
106,6,234,100,10.221,-99.73
106,7,103,100,-4.274,-85.24
106,8,177,100,-7.173,-82.34
106,9,107,100,-4.445,-85.07
106,10,113,100,0.366,-89.88
106,11,2486,100,16.435,-105.95
106,12,203,100,7.229,-96.74
106,13,122,100,0.984,-90.50
106,14,675,99,11.513,-101.03
106,15,105,100,1.665,-91.18
106,16,101,100,-11.542,-77.97
106,17,100,100,-11.090,-78.42
106,18,104,100,-3.669,-85.85
106,19,154,100,5.687,-95.20
107,0,101,100,-4.058,-85.46
107,1,4396,100,14.959,-104.47
107,2,100,100,-8.193,-81.32
107,3,106,100,0.352,-89.87
107,4,143,100,7.763,-97.28
107,5,144,100,6.351,-95.87
107,6,101,100,-3.009,-86.50
107,7,108,100,-1.168,-88.35
107,8,109,100,-0.460,-89.05
107,9,185,100,9.263,-98.78
107,10,104,100,-4.326,-85.19
107,11,119,100,4.665,-94.18
107,12,100,100,-12.159,-77.36
107,13,142,100,6.030,-95.54
107,14,113,100,2.941,-92.46
107,15,124,100,2.317,-91.83
107,16,121,100,4.008,-93.52
107,17,102,100,-3.223,-86.29
107,18,123,100,4.041,-93.56
107,19,100,100,-19.487,-70.03
108,0,115,100,-5.529,-83.98
108,1,141,100,-8.465,-81.05
108,2,124,100,2.065,-91.58
108,3,175,100,5.776,-95.29
108,4,160,100,0.529,-90.04
108,5,110,100,-4.011,-85.50
108,6,192,100,3.626,-93.14
108,7,103,100,-10.629,-78.88
108,8,112,100,-1.193,-88.32
108,9,161,100,2.721,-92.23
108,10,117,100,-3.395,-86.12
108,11,106,100,-3.540,-85.97
108,12,101,100,-14.753,-74.76
108,13,586,100,10.580,-100.09
108,14,104,100,-5.885,-83.63
108,15,334,100,8.531,-98.05
108,16,149,100,4.263,-93.78
108,17,112,100,-1.807,-87.71
108,18,158,100,4.492,-94.01
108,19,9988,9,20.614,-110.13
109,0,140,100,-5.496,-84.02
109,1,114,100,-0.611,-88.90
109,2,124,100,3.041,-92.56
109,3,9999,72,16.205,-105.72
109,4,73,72,-6.419,-83.09
109,5,73,72,-7.695,-81.82
109,6,77,72,-7.907,-81.61
109,7,107,72,4.314,-93.83
109,8,72,72,-10.455,-79.06
109,9,75,72,-0.436,-89.08
109,10,73,72,-4.281,-85.23
109,11,2853,72,17.222,-106.74
109,12,76,72,-0.798,-88.72
109,13,73,72,-8.128,-81.39
109,14,450,72,11.276,-100.79
109,15,74,72,-5.552,-83.96
109,16,75,72,-2.638,-86.88
109,17,72,72,-12.716,-76.80
109,18,105,72,6.406,-95.92
109,19,72,72,-8.164,-81.35
110,0,103,100,-9.225,-80.29
110,1,101,100,-8.218,-81.30
110,2,103,100,-2.125,-87.39
110,3,103,100,-9.219,-80.30
110,4,474,100,10.483,-100.00
110,5,118,100,2.102,-91.62
110,6,282,100,7.980,-97.49
110,7,100,100,-16.633,-72.88
110,8,126,100,0.455,-89.97
110,9,105,100,-4.014,-85.50
110,10,101,100,-4.919,-84.59
110,11,106,100,-4.192,-85.32
110,12,127,100,3.697,-93.21
110,13,239,100,6.927,-96.44
110,14,115,100,1.459,-90.97
110,15,103,100,-7.360,-82.15
110,16,101,100,-8.683,-80.83
110,17,100,100,-19.906,-69.61
110,18,216,100,7.321,-96.83
110,19,102,100,-4.717,-84.80
111,0,123,100,-0.583,-88.93
111,1,364,100,9.304,-98.82
111,2,103,100,-4.667,-84.85
111,3,112,100,-3.855,-85.66
111,4,105,100,-3.439,-86.07
111,5,913,100,14.371,-103.89
111,6,102,100,-10.125,-79.39
111,7,105,100,-4.102,-85.41
111,8,154,100,0.671,-90.18
111,9,160,100,8.153,-97.67
111,10,116,100,0.117,-89.63
111,11,187,100,-4.107,-85.41
111,12,100,100,-7.970,-81.54
111,13,214,100,8.663,-98.18
111,14,1125,100,12.392,-101.91
111,15,100,100,-8.637,-80.88
111,16,361,100,12.228,-101.74
111,17,130,100,0.992,-90.51
111,18,108,100,-4.311,-85.20
111,19,154,100,5.125,-94.64
112,0,156,100,7.763,-97.28
112,1,117,100,1.073,-90.59
112,2,136,100,-0.041,-89.47
112,3,242,100,7.417,-96.93
112,4,119,100,2.387,-91.90
112,5,119,100,-1.173,-88.34
112,6,149,100,5.038,-94.55
112,7,9996,12,19.990,-109.50
112,8,14,12,1.395,-90.91
112,9,12,12,-9.840,-79.67
112,10,13,12,1.893,-91.41
112,11,12,12,-2.976,-86.54
112,12,12,12,-0.505,-89.01
112,13,12,12,-2.200,-87.31
112,14,12,12,-2.038,-87.48
112,15,12,12,-7.300,-82.21
112,16,12,12,1.266,-90.78
112,17,45,12,12.773,-102.29
112,18,12,12,-7.728,-81.79
112,19,16,12,7.121,-96.64
113,0,116,100,-1.764,-87.75
113,1,353,100,1.587,-91.10
113,2,102,100,-6.615,-82.90
113,3,101,100,-14.389,-75.13
113,4,325,100,7.882,-97.40
113,5,105,100,-4.610,-84.90
113,6,672,100,11.703,-101.22
113,7,100,100,-7.577,-81.94
113,8,103,100,-4.078,-85.44
113,9,137,100,2.813,-92.33
113,10,101,100,-8.209,-81.30
113,11,105,100,-5.884,-83.63
113,12,104,100,-1.745,-87.77
113,13,100,100,-14.071,-75.44
113,14,441,100,9.170,-98.68
113,15,135,100,5.739,-95.25
113,16,149,100,7.187,-96.70
113,17,402,100,10.964,-100.48
113,18,123,100,2.665,-92.18
113,19,113,100,2.143,-91.66
114,0,263,100,8.359,-97.87
114,1,107,100,-2.038,-87.48
114,2,122,100,-0.212,-89.30
114,3,104,100,-7.679,-81.83
114,4,203,100,6.500,-96.01
114,5,176,100,4.344,-93.86
114,6,103,100,-6.225,-83.29
114,7,102,100,-12.845,-76.67
114,8,110,100,-2.075,-87.44
114,9,105,100,-9.873,-79.64
114,10,154,100,3.174,-92.69
114,11,100,100,-22.429,-67.08
114,12,169,100,1.208,-90.72
114,13,215,100,5.709,-95.22
114,14,266,100,10.188,-99.70
114,15,151,100,3.937,-93.45
114,16,105,100,-5.888,-83.63
114,17,157,100,5.709,-95.22
114,18,112,100,-1.541,-87.97
114,19,106,100,1.212,-90.73
115,0,139,100,1.635,-91.15
115,1,100,100,-9.415,-80.10
115,2,247,100,4.248,-93.76
115,3,136,100,4.075,-93.59
115,4,123,100,1.896,-91.41
115,5,117,100,-3.387,-86.13
115,6,102,100,-12.462,-77.05
115,7,104,100,-7.388,-82.13
115,8,448,100,3.505,-93.02
115,9,101,100,-8.206,-81.31
115,10,175,100,5.821,-95.34
115,11,415,100,8.590,-98.10
115,12,101,100,-11.875,-77.64
115,13,103,100,-15.401,-74.11
115,14,121,100,2.053,-91.57
115,15,108,100,0.173,-89.69
115,16,138,100,-1.431,-88.08
115,17,111,100,0.211,-89.73
115,18,132,100,3.064,-92.58
115,19,162,100,7.737,-97.25
116,0,10000,2,21.150,-110.66
116,1,2,2,-7.398,-82.12
116,2,2,2,5.693,-95.21
116,3,3,2,6.590,-96.10
116,4,2,2,2.713,-92.23
116,5,2,2,-6.165,-83.35
116,6,2,2,6.122,-95.64
116,7,2,2,-6.741,-82.77
116,8,2,2,-4.526,-84.99
116,9,5,2,8.330,-97.84
116,10,2,2,-4.569,-84.94
116,11,2,2,-0.927,-88.59
116,12,2,2,2.915,-92.43
116,13,2,2,9.642,-99.16
116,14,2,2,-6.666,-82.85
116,15,2,2,-2.238,-87.28
116,16,2,2,-1.403,-88.11
116,17,2,2,-2.286,-87.23
116,18,3,2,5.514,-95.03
116,19,2,2,-17.648,-71.87
117,0,104,100,-9.882,-79.63
117,1,100,100,-17.793,-71.72
117,2,145,100,3.676,-93.19
117,3,113,100,-3.857,-85.66
117,4,515,100,13.102,-102.62
117,5,106,100,-2.473,-87.04
117,6,104,100,-6.766,-82.75
117,7,125,100,3.833,-93.35
117,8,100,100,-9.551,-79.96
117,9,106,100,-3.251,-86.26
117,10,157,100,5.772,-95.29
117,11,112,100,-1.028,-88.49
117,12,103,100,-2.572,-86.94
117,13,243,100,6.337,-95.85
117,14,103,100,-5.736,-83.78
117,15,100,100,-21.591,-67.92
117,16,150,100,7.090,-96.60
117,17,102,100,-10.718,-78.80
117,18,124,100,1.372,-90.89
117,19,100,100,-13.860,-75.65
118,0,213,100,10.777,-100.29
118,1,10000,0,21.045,-110.56
118,2,1,1,-1.686,-87.83
118,3,1,1,-0.325,-89.19
118,4,1,1,-11.032,-78.48
118,5,9785,0,19.157,-108.67
118,6,1,1,-5.809,-83.70
118,7,3,1,3.942,-93.46
118,8,1,1,-2.878,-86.64
118,9,1,1,-2.456,-87.06
118,10,1,1,12.269,-101.78
118,11,1,1,7.321,-96.83
118,12,1,1,-3.864,-85.65
118,13,1,1,-0.724,-88.79
118,14,1,1,9.799,-99.31
118,15,2,1,8.436,-97.95
118,16,1,1,0.055,-89.57
118,17,1,1,1.583,-91.10
118,18,1,1,6.023,-95.54
118,19,1,1,-0.772,-88.74
119,0,226,100,6.943,-96.46
119,1,145,100,1.767,-91.28
119,2,123,100,0.766,-90.28
119,3,123,100,0.789,-90.30
119,4,330,100,8.162,-97.68
119,5,142,100,4.224,-93.74
119,6,148,100,5.928,-95.44
119,7,240,100,7.954,-97.47
119,8,231,100,7.360,-96.87
119,9,129,100,0.790,-90.30
119,10,103,100,-5.061,-84.45
119,11,185,100,5.749,-95.26
119,12,108,100,-2.318,-87.20
119,13,351,100,10.259,-99.77
119,14,110,100,-2.384,-87.13
119,15,100,100,-21.502,-68.01
119,16,156,100,3.672,-93.19
119,17,122,100,3.361,-92.88
119,18,119,100,2.659,-92.17
119,19,106,100,-8.324,-81.19
120,0,118,100,-4.873,-84.64
120,1,101,100,-12.753,-76.76
120,2,101,100,-5.830,-83.68
120,3,205,100,0.096,-89.61
120,4,101,100,-6.006,-83.51
120,5,104,100,-4.241,-85.27
120,6,107,100,-7.851,-81.66
120,7,100,100,-9.120,-80.39
120,8,178,100,3.164,-92.68
120,9,159,100,2.463,-91.98
120,10,107,100,-5.484,-84.03
120,11,106,100,-5.934,-83.58
120,12,101,100,-8.021,-81.49
120,13,304,100,9.235,-98.75
120,14,193,100,5.507,-95.02
120,15,276,100,8.663,-98.18
120,16,930,100,12.311,-101.82
120,17,123,100,3.695,-93.21
120,18,113,100,0.703,-90.22
120,19,111,100,-1.460,-88.05
121,0,1787,100,13.711,-103.22
121,1,109,100,-2.868,-86.65
121,2,100,100,-16.149,-73.37
121,3,417,100,9.706,-99.22
121,4,108,100,-2.827,-86.69
121,5,103,100,-4.590,-84.92
121,6,105,100,-4.114,-85.40
121,7,102,100,-7.597,-81.92
121,8,128,100,2.267,-91.78
121,9,153,100,8.010,-97.52
121,10,113,100,2.369,-91.88
121,11,101,100,-7.761,-81.75
121,12,104,100,-4.432,-85.08
121,13,124,100,4.825,-94.34
121,14,112,100,-1.827,-87.69
121,15,101,100,-3.290,-86.22
121,16,1520,99,13.648,-103.16
121,17,143,100,6.368,-95.88
121,18,101,100,-4.828,-84.69
121,19,119,100,0.280,-89.79
122,0,101,100,-5.449,-84.06
122,1,105,100,-6.095,-83.42
122,2,464,100,10.832,-100.35
122,3,116,100,1.932,-91.45
122,4,486,100,10.695,-100.21
122,5,167,100,7.630,-97.14
122,6,120,100,4.171,-93.69
122,7,111,100,-0.681,-88.83
122,8,105,100,-6.490,-83.02
122,9,116,100,0.036,-89.55
122,10,126,100,3.138,-92.65
122,11,633,100,11.622,-101.14
122,12,109,100,-1.176,-88.34
122,13,2213,100,13.880,-103.39
122,14,180,100,8.116,-97.63
122,15,110,100,-7.091,-82.42
122,16,101,100,-16.545,-72.97
122,17,429,100,10.691,-100.20
122,18,184,100,8.446,-97.96
122,19,135,100,2.720,-92.23
123,0,206,100,1.057,-90.57
123,1,219,100,6.130,-95.64
123,2,137,100,2.034,-91.55
123,3,105,100,-6.668,-82.85
123,4,121,100,2.850,-92.36
123,5,110,100,-4.894,-84.62
123,6,101,100,-6.921,-82.59
123,7,103,100,-6.456,-83.06
123,8,320,100,11.217,-100.73
123,9,6601,100,15.645,-105.16
123,10,100,100,-9.132,-80.38
123,11,106,100,-0.831,-88.68
123,12,122,100,3.320,-92.83
123,13,105,100,-1.697,-87.82
123,14,102,100,-4.005,-85.51
123,15,107,100,2.083,-91.60
123,16,107,100,1.552,-91.07
123,17,9910,52,16.539,-106.05
123,18,54,53,-5.324,-84.19
123,19,57,53,-0.204,-89.31
124,0,105,100,-1.388,-88.13
124,1,233,100,5.589,-95.10
124,2,108,100,-1.198,-88.32
124,3,112,100,-2.706,-86.81
124,4,100,100,-12.577,-76.94
124,5,105,100,-6.045,-83.47
124,6,302,100,10.251,-99.77
124,7,122,100,2.574,-92.09
124,8,100,100,-15.269,-74.25
124,9,103,100,-6.354,-83.16
124,10,114,100,-3.979,-85.54
124,11,105,100,-4.974,-84.54
124,12,141,100,5.293,-94.81
124,13,144,100,2.666,-92.18
124,14,441,100,13.158,-102.67
124,15,103,100,-6.082,-83.43
124,16,100,100,-6.418,-83.10
124,17,102,100,-5.504,-84.01
124,18,107,100,-3.584,-85.93
124,19,119,100,4.228,-93.74
125,0,123,100,4.858,-94.37
125,1,103,100,-2.623,-86.89
125,2,9999,0,20.728,-110.24
125,3,2,1,6.108,-95.62
125,4,1,1,0.904,-90.42
125,5,33,1,14.260,-103.77
125,6,1,1,-10.516,-79.00
125,7,1,1,4.597,-94.11
125,8,1,1,-4.734,-84.78
125,9,3,1,1.977,-91.49
125,10,1,1,-3.518,-86.00
125,11,1,1,-1.586,-87.93
125,12,1,1,-0.060,-89.45
125,13,1,1,-2.209,-87.30
125,14,1,1,-4.079,-85.43
125,15,1,1,2.996,-92.51
125,16,1,1,-8.082,-81.43
125,17,2,1,4.551,-94.07
125,18,1,1,-1.337,-88.18
125,19,1,1,0.490,-90.00
126,0,101,100,-3.163,-86.35
126,1,138,100,-1.471,-88.04
126,2,116,100,0.950,-90.46
126,3,115,100,0.725,-90.24
126,4,102,100,-10.819,-78.69
126,5,147,100,5.036,-94.55
126,6,102,100,-13.352,-76.16
126,7,326,100,10.848,-100.36
126,8,100,100,-12.674,-76.84
126,9,139,100,2.589,-92.10
126,10,112,100,-2.037,-87.48
126,11,153,100,4.322,-93.84
126,12,259,100,6.676,-96.19
126,13,9993,13,17.968,-107.48
126,14,14,14,-12.998,-76.52
126,15,1608,14,16.268,-105.78
126,16,14,14,-7.121,-82.39
126,17,20,14,0.568,-90.08
126,18,15,14,-1.583,-87.93
126,19,23,14,10.077,-99.59
127,0,142,100,4.277,-93.79
127,1,100,100,-16.035,-73.48
127,2,115,100,-0.097,-89.42
127,3,129,100,3.587,-93.10
127,4,331,100,11.608,-101.12
127,5,103,100,-6.609,-82.90
127,6,657,100,11.030,-100.54
127,7,123,100,-2.045,-87.47
127,8,242,100,8.353,-97.87
127,9,109,100,-3.921,-85.59
127,10,125,100,2.683,-92.20
127,11,103,100,-7.189,-82.32
127,12,107,100,-3.853,-85.66
127,13,110,100,-1.193,-88.32
127,14,100,100,-12.498,-77.02
127,15,110,100,-0.981,-88.53
127,16,102,100,-1.534,-87.98
127,17,480,100,13.030,-102.54
127,18,101,100,-10.595,-78.92
127,19,101,100,-6.430,-83.08
128,0,120,100,0.165,-89.68
128,1,108,100,-8.294,-81.22
128,2,121,100,-2.565,-86.95
128,3,103,100,-6.827,-82.69
128,4,131,100,-0.217,-89.30
128,5,108,100,-4.415,-85.10
128,6,9998,0,24.384,-113.90
128,7,0,0,1.727,-91.24
128,8,0,0,-15.345,-74.17
128,9,0,0,-4.839,-84.67
128,10,0,0,7.425,-96.94
128,11,0,0,11.646,-101.16
128,12,0,0,4.576,-94.09
128,13,0,0,16.270,-105.78
128,14,0,0,4.030,-93.54
128,15,0,0,15.978,-105.49
128,16,0,0,-14.182,-75.33
128,17,0,0,0.287,-89.80
128,18,0,0,8.691,-98.21
128,19,0,0,-3.257,-86.26
129,0,138,100,6.168,-95.68
129,1,224,100,4.102,-93.62
129,2,109,100,-9.019,-80.50
129,3,106,100,-6.808,-82.71
129,4,139,100,6.405,-95.92
129,5,166,100,2.467,-91.98
129,6,133,100,-0.506,-89.01
129,7,129,100,-0.474,-89.04
129,8,110,100,-2.300,-87.21
129,9,403,100,10.498,-100.01
129,10,138,100,4.235,-93.75
129,11,100,100,-8.742,-80.77
129,12,115,100,3.141,-92.65
129,13,110,100,-2.381,-87.13
129,14,117,100,-0.539,-88.98
129,15,205,100,7.628,-97.14
129,16,103,100,-2.701,-86.81
129,17,370,100,10.272,-99.79
129,18,101,100,-7.131,-82.38
129,19,353,100,9.420,-98.93
130,0,101,100,-10.909,-78.60
130,1,109,100,-7.611,-81.90
130,2,169,100,5.076,-94.59
130,3,100,100,-20.221,-69.29
130,4,102,100,-11.751,-77.76
130,5,116,100,-0.323,-89.19
130,6,124,100,-1.233,-88.28
130,7,347,100,10.565,-100.08
130,8,100,100,-10.801,-78.71
130,9,112,100,-4.453,-85.06
130,10,116,100,-0.556,-88.96
130,11,456,100,10.600,-100.11
130,12,107,100,-5.960,-83.55
130,13,100,100,-16.611,-72.90
130,14,102,100,-6.087,-83.43
130,15,100,100,-6.799,-82.71
130,16,107,100,-0.727,-88.79
130,17,101,100,-6.630,-82.88
130,18,185,100,6.158,-95.67
130,19,102,100,-6.931,-82.58
131,0,179,100,2.104,-91.62
131,1,109,100,-5.972,-83.54
131,2,108,100,-1.313,-88.20
131,3,172,100,3.657,-93.17
131,4,154,100,0.780,-90.29
131,5,106,100,-1.503,-88.01
131,6,153,100,3.801,-93.31
131,7,104,100,-4.396,-85.12
131,8,411,100,11.939,-101.45
131,9,129,100,3.884,-93.40
131,10,123,100,0.571,-90.09
131,11,198,100,-0.455,-89.06
131,12,113,100,-5.128,-84.39
131,13,103,100,-5.528,-83.99
131,14,526,100,3.307,-92.82
131,15,243,100,9.569,-99.08
131,16,103,100,-2.528,-86.99
131,17,542,100,13.085,-102.60
131,18,101,100,-12.720,-76.79
131,19,101,100,-5.935,-83.58
132,0,103,100,-4.841,-84.67
132,1,310,100,8.307,-97.82
132,2,114,100,1.394,-90.91
132,3,137,100,-0.075,-89.44
132,4,112,100,-0.858,-88.66
132,5,129,100,2.600,-92.11
132,6,109,100,-8.180,-81.33
132,7,100,100,-13.733,-75.78
132,8,134,100,2.023,-91.54
132,9,353,100,3.993,-93.51
132,10,113,100,-0.000,-89.51
132,11,128,100,4.082,-93.60
132,12,272,100,5.970,-95.48
132,13,103,100,-5.247,-84.27
132,14,180,100,6.804,-96.32
132,15,190,100,8.819,-98.33
132,16,102,100,-6.568,-82.95
132,17,936,100,14.877,-104.39
132,18,103,100,-2.006,-87.51
132,19,220,100,9.828,-99.34
133,0,115,100,-0.591,-88.92
133,1,113,100,-4.247,-85.27
133,2,1300,99,12.950,-102.46
133,3,120,100,-0.616,-88.90
133,4,273,100,9.041,-98.55
133,5,197,100,6.260,-95.77
133,6,146,100,6.942,-96.46
133,7,102,100,-7.643,-81.87
133,8,123,100,1.677,-91.19
133,9,134,100,6.104,-95.62
133,10,100,100,-11.711,-77.80
133,11,117,100,-2.631,-86.88
133,12,101,100,-5.784,-83.73
133,13,122,100,-0.847,-88.67
133,14,111,100,-0.478,-89.04
133,15,122,100,6.455,-95.97
133,16,157,100,4.364,-93.88
133,17,125,100,3.468,-92.98
133,18,106,100,0.443,-89.96
133,19,102,100,-3.140,-86.37
134,0,155,100,5.429,-94.94
134,1,131,100,-0.176,-89.34
134,2,106,100,-0.522,-88.99
134,3,103,100,-4.534,-84.98
134,4,135,100,2.772,-92.29
134,5,107,100,-6.079,-83.44
134,6,232,100,7.766,-97.28
134,7,103,100,-11.118,-78.40
134,8,4836,100,17.523,-107.04
134,9,121,100,3.673,-93.19
134,10,125,100,5.082,-94.60
134,11,130,100,3.290,-92.80
134,12,103,100,-6.339,-83.18
134,13,120,100,1.656,-91.17
134,14,158,100,2.762,-92.28
134,15,106,100,-3.083,-86.43
134,16,125,100,1.141,-90.66
134,17,184,99,6.573,-96.09
134,18,106,100,-2.537,-86.98
134,19,105,100,-3.239,-86.27
135,0,187,100,5.985,-95.50
135,1,102,100,-7.166,-82.35
135,2,303,100,11.998,-101.51
135,3,108,100,-1.775,-87.74
135,4,5667,99,15.386,-104.90
135,5,102,100,-7.977,-81.54
135,6,155,100,5.587,-95.10
135,7,118,100,0.776,-90.29
135,8,996,100,15.439,-104.95
135,9,313,100,12.305,-101.82
135,10,101,100,-15.895,-73.62
135,11,122,100,1.894,-91.41
135,12,101,100,-8.902,-80.61
135,13,138,100,4.084,-93.60
135,14,267,100,11.058,-100.57
135,15,103,100,-8.160,-81.35
135,16,105,100,-4.346,-85.17
135,17,112,100,0.116,-89.63
135,18,101,100,-7.625,-81.89
135,19,160,100,4.921,-94.44
136,0,339,100,10.431,-99.95
136,1,119,100,0.730,-90.24
136,2,108,100,-6.918,-82.60
136,3,104,100,-5.684,-83.83
136,4,106,100,-3.734,-85.78
136,5,153,100,-0.022,-89.49
136,6,114,100,-0.343,-89.17
136,7,113,100,0.485,-90.00
136,8,109,100,-3.764,-85.75
136,9,222,100,2.546,-92.06
136,10,100,100,-10.688,-78.83
136,11,106,100,-2.995,-86.52
136,12,396,100,8.023,-97.54
136,13,186,100,7.713,-97.23
136,14,157,100,4.791,-94.31
136,15,158,100,4.522,-94.04
136,16,111,100,-4.148,-85.37
136,17,104,100,-5.814,-83.70
136,18,100,100,-10.793,-78.72
136,19,100,100,-13.417,-76.10
137,0,113,100,-0.126,-89.39
137,1,155,100,2.640,-92.15
137,2,107,100,-3.562,-85.95
137,3,104,100,-8.252,-81.26
137,4,240,100,3.571,-93.09
137,5,104,100,-11.656,-77.86
137,6,1097,99,15.070,-104.58
137,7,511,100,11.713,-101.23
137,8,100,100,-6.983,-82.53
137,9,103,100,-9.871,-79.64
137,10,167,100,4.984,-94.50
137,11,176,99,6.336,-95.85
137,12,100,100,-14.107,-75.41
137,13,105,100,-3.372,-86.14
137,14,140,100,4.630,-94.14
137,15,112,100,-3.126,-86.39
137,16,101,100,-7.566,-81.95
137,17,101,100,-10.137,-79.38
137,18,143,100,4.628,-94.14
137,19,100,100,-11.639,-77.87
138,0,160,100,-2.710,-86.80
138,1,108,100,-7.896,-81.62
138,2,218,100,9.639,-99.15
138,3,132,100,0.275,-89.79
138,4,104,100,-10.296,-79.22
138,5,230,100,7.514,-97.03
138,6,122,100,0.438,-89.95
138,7,9994,0,21.194,-110.71
138,8,2,1,11.694,-101.21
138,9,1,1,-1.985,-87.53
138,10,1,1,1.979,-91.49
138,11,19,1,12.366,-101.88
138,12,1,1,-2.956,-86.56
138,13,1,1,0.343,-89.86
138,14,1,1,-5.343,-84.17
138,15,1,1,-6.226,-83.29
138,16,1,1,-8.592,-80.92
138,17,1,1,-6.512,-83.00
138,18,1,1,2.235,-91.75
138,19,1,1,-4.749,-84.76
139,0,111,100,0.124,-89.64
139,1,143,100,4.644,-94.16
139,2,156,100,6.458,-95.97
139,3,873,100,14.293,-103.81
139,4,101,100,-13.695,-75.82
139,5,140,100,4.079,-93.59
139,6,101,100,-10.068,-79.45
139,7,101,100,-9.793,-79.72
139,8,2247,100,14.065,-103.58
139,9,104,100,-3.531,-85.98
139,10,112,100,1.993,-91.51
139,11,114,100,-0.197,-89.32
139,12,130,100,4.314,-93.83
139,13,102,100,-3.754,-85.76
139,14,317,100,10.147,-99.66
139,15,160,100,4.790,-94.30
139,16,104,100,-0.432,-89.08
139,17,118,100,1.864,-91.38
139,18,100,100,-10.278,-79.24
139,19,366,100,12.874,-102.39
140,0,106,100,-4.996,-84.52
140,1,125,100,4.770,-94.28
140,2,145,100,4.966,-94.48
140,3,122,100,1.328,-90.84
140,4,2029,100,16.275,-105.79
140,5,105,100,-5.735,-83.78
140,6,127,100,1.223,-90.74
140,7,108,100,-2.394,-87.12
140,8,104,100,-8.979,-80.54
140,9,110,100,-6.542,-82.97
140,10,100,100,-15.594,-73.92
140,11,103,100,-0.621,-88.89
140,12,294,100,8.908,-98.42
140,13,102,100,-6.525,-82.99
140,14,104,100,-4.118,-85.40
140,15,129,100,2.904,-92.42
140,16,198,100,9.540,-99.05
140,17,119,100,1.942,-91.46
140,18,109,100,0.796,-90.31
140,19,107,100,-0.127,-89.39
141,0,100,100,-11.135,-78.38
141,1,108,100,-15.262,-74.25
141,2,261,100,8.712,-98.23
141,3,107,100,0.693,-90.21
141,4,945,100,14.383,-103.90
141,5,107,100,-6.295,-83.22
141,6,101,100,-4.371,-85.14
141,7,102,100,-8.703,-80.81
141,8,106,100,-0.690,-88.82
141,9,118,100,2.763,-92.28
141,10,108,100,-2.810,-86.70
141,11,102,100,-6.722,-82.79
141,12,114,100,2.234,-91.75
141,13,100,100,-15.308,-74.21
141,14,104,100,-5.161,-84.35
141,15,203,100,6.305,-95.82
141,16,109,100,-0.313,-89.20
141,17,113,100,1.009,-90.52
141,18,101,100,-11.180,-78.33
141,19,114,100,3.687,-93.20
142,0,10000,0,21.559,-111.07
142,1,0,0,2.462,-91.98
142,2,0,0,2.421,-91.94
142,3,0,0,-11.481,-78.03
142,4,0,0,7.095,-96.61
142,5,0,0,-5.814,-83.70
142,6,0,0,-0.054,-89.46
142,7,0,0,4.774,-94.29
142,8,0,0,1.520,-91.03
142,9,0,0,-7.328,-82.19
142,10,0,0,8.513,-98.03
142,11,0,0,-0.730,-88.78
142,12,0,0,-0.669,-88.85
142,13,0,0,-6.709,-82.80
142,14,0,0,-0.531,-88.98
142,15,0,0,12.565,-102.08
142,16,0,0,2.541,-92.05
142,17,0,0,-0.840,-88.67
142,18,0,0,8.927,-98.44
142,19,0,0,17.602,-107.12
143,0,571,100,12.554,-102.07
143,1,711,100,11.859,-101.37
143,2,137,100,5.885,-95.40
143,3,100,100,-17.430,-72.08
143,4,117,100,2.079,-91.59
143,5,115,100,2.135,-91.65
143,6,9995,64,16.490,-106.00
143,7,65,65,-11.569,-77.95
143,8,69,65,0.272,-89.79
143,9,66,65,-18.138,-71.38
143,10,119,65,6.749,-96.26
143,11,127,65,6.045,-95.56
143,12,68,65,-0.264,-89.25
143,13,66,65,-6.873,-82.64
143,14,65,65,-5.172,-84.34
143,15,66,65,-8.712,-80.80
143,16,65,65,-1.958,-87.56
143,17,67,65,-3.676,-85.84
143,18,118,65,9.736,-99.25
143,19,102,65,8.435,-97.95
144,0,117,100,-1.179,-88.33
144,1,141,100,5.771,-95.29
144,2,103,100,-6.581,-82.93
144,3,102,100,-8.152,-81.36
144,4,104,100,-7.346,-82.17
144,5,110,100,-5.403,-84.11
144,6,434,100,9.340,-98.85
144,7,138,100,3.326,-92.84
144,8,152,100,4.557,-94.07
144,9,420,100,8.075,-97.59
144,10,222,100,9.426,-98.94
144,11,174,100,9.385,-98.90
144,12,109,100,-0.470,-89.04
144,13,105,100,-6.316,-83.20
144,14,100,100,-9.345,-80.17
144,15,359,100,9.895,-99.41
144,16,319,100,11.409,-100.92
144,17,149,100,3.735,-93.25
144,18,104,100,-2.643,-86.87
144,19,107,100,-2.020,-87.49
145,0,103,100,-9.345,-80.17
145,1,103,100,-7.865,-81.65
145,2,125,100,2.221,-91.74
145,3,119,100,-1.707,-87.81
145,4,557,100,10.622,-100.14
145,5,119,100,-3.299,-86.21
145,6,102,100,-9.288,-80.23
145,7,102,100,-9.660,-79.85
145,8,731,100,13.486,-103.00
145,9,107,100,-4.410,-85.10
145,10,103,100,-7.128,-82.39
145,11,249,100,8.924,-98.44
145,12,699,100,11.210,-100.72
145,13,118,100,2.801,-92.32
145,14,129,100,4.115,-93.63
145,15,110,100,-1.176,-88.34
145,16,116,100,1.949,-91.46
145,17,101,100,-10.996,-78.52
145,18,100,100,-23.683,-65.83
145,19,159,99,5.804,-95.32
146,0,102,100,-9.064,-80.45
146,1,184,100,6.600,-96.11
146,2,110,100,-1.210,-88.30
146,3,120,100,0.282,-89.80
146,4,247,100,8.265,-97.78
146,5,122,100,-9.514,-80.00
146,6,143,100,2.725,-92.24
146,7,101,100,-20.643,-68.87
146,8,187,100,-0.249,-89.26
146,9,126,100,-2.166,-87.35
146,10,144,100,2.070,-91.58
146,11,117,100,0.049,-89.56
146,12,117,100,-1.354,-88.16
146,13,111,100,-0.039,-89.48
146,14,423,100,9.438,-98.95
146,15,111,100,-1.121,-88.39
146,16,269,100,9.774,-99.29
146,17,186,99,7.179,-96.69
146,18,115,100,3.401,-92.91
146,19,141,100,7.457,-96.97
147,0,620,100,11.545,-101.06
147,1,187,100,9.139,-98.65
147,2,101,100,-7.000,-82.51
147,3,443,100,12.855,-102.37
147,4,100,100,-18.548,-70.97
147,5,117,100,3.445,-92.96
147,6,113,100,1.035,-90.55
147,7,155,100,6.804,-96.32
147,8,111,100,1.061,-90.57
147,9,218,100,7.446,-96.96
147,10,109,100,-1.159,-88.35
147,11,102,100,-6.896,-82.62
147,12,105,100,-4.855,-84.66
147,13,102,100,-6.682,-82.83
147,14,129,100,2.476,-91.99
147,15,132,100,6.224,-95.74
147,16,102,100,-5.763,-83.75
147,17,105,100,-2.814,-86.70
147,18,101,100,-7.400,-82.11
147,19,130,100,4.348,-93.86
148,0,10000,0,21.366,-110.88
148,1,1,1,-4.455,-85.06
148,2,1,1,7.608,-97.12
148,3,27,1,17.462,-106.98
148,4,1,1,-5.712,-83.80
148,5,4,1,7.156,-96.67
148,6,1,1,2.574,-92.09
148,7,1,1,0.706,-90.22
148,8,2,1,-0.622,-88.89
148,9,1,1,-12.032,-77.48
148,10,1,1,-1.265,-88.25
148,11,1,1,-6.255,-83.26
148,12,4,1,12.922,-102.44
148,13,9,1,12.341,-101.86
148,14,1,1,-0.472,-89.04
148,15,1,1,-12.743,-76.77
148,16,1,1,-14.073,-75.44
148,17,3,1,9.934,-99.45
148,18,1,1,6.209,-95.72
148,19,1,1,-3.556,-85.96
149,0,136,100,2.582,-92.10
149,1,124,100,1.056,-90.57
149,2,100,100,-16.121,-73.39
149,3,523,100,10.084,-99.60
149,4,107,100,-5.298,-84.22
149,5,114,100,-5.316,-84.20
149,6,358,100,7.218,-96.73
149,7,160,100,5.520,-95.03
149,8,3924,100,15.039,-104.55
149,9,111,100,-1.048,-88.47
149,10,178,100,5.755,-95.27
149,11,105,100,-4.020,-85.49
149,12,130,100,1.285,-90.80
149,13,101,100,-12.367,-77.15
149,14,207,100,9.533,-99.05
149,15,131,100,4.391,-93.91
149,16,107,100,-2.303,-87.21
149,17,152,100,5.006,-94.52
149,18,127,100,5.249,-94.76
149,19,101,100,-4.584,-84.93
150,0,103,100,-5.799,-83.72
150,1,161,100,4.191,-93.70
150,2,124,100,-4.746,-84.77
150,3,102,100,-4.739,-84.77
150,4,100,100,-14.101,-75.41
150,5,1767,100,13.533,-103.05
150,6,102,100,-9.893,-79.62
150,7,103,100,-3.938,-85.58
150,8,101,100,-7.899,-81.62
150,9,102,100,-6.993,-82.52
150,10,103,100,-3.088,-86.43
150,11,117,100,-0.230,-89.28
150,12,147,100,5.023,-94.54
150,13,101,100,-17.991,-71.52
150,14,106,100,-6.166,-83.35
150,15,158,100,8.262,-97.78
150,16,166,100,8.684,-98.20
150,17,102,100,-10.206,-79.31
150,18,103,100,-4.701,-84.81
150,19,101,100,-7.538,-81.98
151,0,163,100,4.873,-94.39
151,1,272,100,5.850,-95.36
151,2,101,100,-11.609,-77.90
151,3,102,100,-6.454,-83.06
151,4,9999,93,18.211,-107.73
151,5,100,93,-0.480,-89.03
151,6,95,93,-8.084,-81.43
151,7,95,93,-9.419,-80.10
151,8,96,93,-7.009,-82.50
151,9,93,93,-16.164,-73.35
151,10,105,93,-0.323,-89.19
151,11,303,93,-7.206,-82.31
151,12,103,93,4.244,-93.76
151,13,153,93,7.930,-97.44
151,14,4129,93,17.326,-106.84
151,15,97,93,-6.683,-82.83
151,16,94,93,-15.520,-73.99
151,17,104,93,2.173,-91.69
151,18,93,93,-15.502,-74.01
151,19,9770,59,18.927,-108.44
152,0,104,100,-1.746,-87.77
152,1,266,100,5.427,-94.94
152,2,110,100,0.583,-90.10
152,3,125,100,-2.034,-87.48
152,4,121,100,-0.170,-89.34
152,5,141,100,4.217,-93.73
152,6,338,100,8.018,-97.53
152,7,139,100,4.313,-93.83
152,8,109,100,-2.633,-86.88
152,9,222,100,5.211,-94.72
152,10,145,100,6.168,-95.68
152,11,111,100,-0.924,-88.59
152,12,102,100,-14.461,-75.05
152,13,106,100,-0.156,-89.36
152,14,103,100,-10.370,-79.14
152,15,155,100,5.609,-95.12
152,16,100,100,-4.664,-84.85
152,17,171,100,6.933,-96.45
152,18,112,100,-1.441,-88.07
152,19,150,100,6.790,-96.30
153,0,126,100,-0.207,-89.31
153,1,540,100,8.815,-98.33
153,2,104,100,-3.366,-86.15
153,3,100,100,-23.439,-66.07
153,4,187,100,5.195,-94.71
153,5,109,100,-0.986,-88.53
153,6,100,100,-16.043,-73.47
153,7,160,100,1.570,-91.08
153,8,103,100,-9.615,-79.90
153,9,135,100,2.485,-92.00
153,10,425,100,12.425,-101.94
153,11,107,100,-13.735,-75.78
153,12,190,100,8.338,-97.85
153,13,111,100,2.676,-92.19
153,14,229,100,9.206,-98.72
153,15,112,100,-1.597,-87.92
153,16,148,100,3.429,-92.94
153,17,102,100,-5.579,-83.93
153,18,102,100,-8.243,-81.27
153,19,953,99,12.795,-102.31
154,0,114,100,-1.327,-88.19
154,1,136,100,-1.618,-87.90
154,2,101,100,-8.472,-81.04
154,3,314,100,10.561,-100.07
154,4,466,100,11.671,-101.18
154,5,115,100,0.071,-89.58
154,6,104,100,-1.565,-87.95
154,7,321,100,10.362,-99.88
154,8,102,100,-2.809,-86.70
154,9,136,100,2.679,-92.19
154,10,186,100,9.272,-98.79
154,11,103,100,-2.576,-86.94
154,12,106,100,-9.167,-80.35
154,13,103,100,-2.711,-86.80
154,14,102,100,-3.005,-86.51
154,15,177,100,-0.287,-89.23
154,16,124,100,3.036,-92.55
154,17,107,100,-3.599,-85.91
154,18,216,100,6.856,-96.37
154,19,4977,99,15.306,-104.82
155,0,205,100,5.937,-95.45
155,1,104,100,-4.840,-84.67
155,2,164,100,5.458,-94.97
155,3,101,100,-11.605,-77.91
155,4,108,100,-4.749,-84.76
155,5,121,100,1.612,-91.13
155,6,338,100,7.554,-97.07
155,7,105,100,-8.047,-81.47
155,8,114,100,-2.735,-86.78
155,9,131,100,-0.535,-88.98
155,10,200,100,6.790,-96.30
155,11,107,100,-5.151,-84.36
155,12,103,100,-3.039,-86.47
155,13,100,100,-23.292,-66.22
155,14,109,100,1.254,-90.77
155,15,104,100,-0.819,-88.70
155,16,771,99,11.591,-101.10
155,17,100,100,-15.702,-73.81
155,18,159,100,8.092,-97.61
155,19,100,100,-15.172,-74.34
156,0,105,100,-10.375,-79.14
156,1,208,100,4.266,-93.78
156,2,193,100,4.427,-93.94
156,3,247,100,2.180,-91.69
156,4,113,100,-3.165,-86.35
156,5,117,100,1.034,-90.55
156,6,158,100,5.502,-95.02
156,7,103,100,-7.669,-81.84
156,8,145,100,3.573,-93.09
156,9,218,100,5.075,-94.59
156,10,138,100,3.440,-92.95
156,11,110,100,-5.305,-84.21
156,12,101,100,-8.276,-81.24
156,13,194,100,1.924,-91.44
156,14,152,100,3.527,-93.04
156,15,141,100,3.312,-92.83
156,16,136,100,2.362,-91.88
156,17,186,100,5.928,-95.44
156,18,239,99,8.553,-98.07
156,19,100,100,-13.271,-76.24
157,0,113,100,0.027,-89.54
157,1,103,100,-9.655,-79.86
157,2,100,100,-9.770,-79.74
157,3,123,100,-0.326,-89.19
157,4,142,100,1.460,-90.97
157,5,188,100,6.107,-95.62
157,6,102,100,-6.606,-82.91
157,7,215,100,6.172,-95.69
157,8,6000,99,15.420,-104.93
157,9,126,100,2.879,-92.39
157,10,129,100,2.046,-91.56
157,11,134,100,4.296,-93.81
157,12,110,100,-0.508,-89.01
157,13,104,100,-0.685,-88.83
157,14,119,100,0.194,-89.71
157,15,109,100,0.113,-89.63
157,16,145,100,4.279,-93.79
157,17,157,100,5.772,-95.29
157,18,102,100,-5.795,-83.72
157,19,121,100,0.140,-89.65
158,0,108,100,-1.155,-88.36
158,1,322,100,2.342,-91.86
158,2,140,100,3.482,-93.00
158,3,107,100,-1.223,-88.29
158,4,307,100,5.750,-95.26
158,5,100,100,-8.189,-81.33
158,6,107,100,-4.763,-84.75
158,7,102,100,-6.500,-83.01
158,8,103,100,-7.559,-81.95
158,9,103,100,-9.452,-80.06
158,10,116,100,-0.321,-89.19
158,11,102,100,-5.894,-83.62
158,12,113,100,-1.381,-88.13
158,13,109,100,-4.636,-84.88
158,14,135,100,0.600,-90.11
158,15,122,100,0.863,-90.38
158,16,239,100,7.882,-97.40
158,17,428,100,12.654,-102.17
158,18,109,100,-0.104,-89.41
158,19,100,100,-15.620,-73.89
159,0,223,100,0.362,-89.88
159,1,111,100,-2.933,-86.58
159,2,114,100,-0.557,-88.96
159,3,148,100,4.480,-93.99
159,4,105,100,-4.779,-84.73
159,5,132,100,-0.242,-89.27
159,6,118,100,-10.306,-79.21
159,7,102,100,-7.650,-81.86
159,8,111,100,-3.196,-86.32
159,9,248,100,7.620,-97.13
159,10,108,100,-4.397,-85.12
159,11,145,100,4.491,-94.01
159,12,110,100,0.430,-89.94
159,13,101,100,-8.682,-80.83
159,14,114,100,1.100,-90.61
159,15,112,100,-3.688,-85.83
159,16,159,100,3.256,-92.77
159,17,116,100,1.705,-91.22
159,18,106,100,-3.583,-85.93
159,19,173,100,5.622,-95.14
160,0,137,100,3.514,-93.03
160,1,105,100,-4.655,-84.86
160,2,502,100,10.861,-100.38
160,3,152,100,6.532,-96.05
160,4,118,100,0.451,-89.97
160,5,114,100,-1.037,-88.48
160,6,146,100,4.408,-93.92
160,7,131,100,2.160,-91.67
160,8,100,100,-16.054,-73.46
160,9,102,100,-9.132,-80.38
160,10,101,100,-7.147,-82.37
160,11,160,100,7.652,-97.17
160,12,104,100,-3.902,-85.61
160,13,101,100,-9.872,-79.64
160,14,131,100,4.330,-93.84
160,15,299,100,7.298,-96.81
160,16,102,100,-11.030,-78.48
160,17,103,100,-3.612,-85.90
160,18,566,100,13.533,-103.05
160,19,116,100,2.169,-91.68
161,0,103,100,-8.360,-81.15
161,1,106,100,-3.209,-86.30
161,2,119,100,-3.063,-86.45
161,3,172,100,3.418,-92.93
161,4,128,100,3.724,-93.24
161,5,142,100,-5.530,-83.98
161,6,142,100,1.197,-90.71
161,7,107,100,-6.723,-82.79
161,8,334,100,9.987,-99.50
161,9,107,100,-2.261,-87.25
161,10,185,100,1.657,-91.17
161,11,102,100,-10.874,-78.64
161,12,322,100,7.313,-96.83
161,13,235,100,7.507,-97.02
161,14,103,100,-7.428,-82.09
161,15,471,100,6.479,-95.99
161,16,100,100,-13.475,-76.04
161,17,100,100,-25.343,-64.17
161,18,385,100,10.481,-100.00
161,19,109,100,-0.257,-89.26
162,0,102,100,-8.844,-80.67
162,1,277,100,6.977,-96.49
162,2,105,100,-5.639,-83.87
162,3,103,100,-7.373,-82.14
162,4,562,100,8.025,-97.54
162,5,121,100,0.275,-89.79
162,6,103,100,-1.453,-88.06
162,7,428,100,9.062,-98.58
162,8,114,100,-0.716,-88.80
162,9,171,100,8.601,-98.11
162,10,301,100,8.925,-98.44
162,11,325,100,11.712,-101.23
162,12,116,100,1.921,-91.44
162,13,164,100,-5.946,-83.57
162,14,110,100,-2.734,-86.78
162,15,139,100,6.415,-95.93
162,16,876,99,11.648,-101.16
162,17,111,100,1.426,-90.94
162,18,104,100,-0.582,-88.93
162,19,100,100,-14.751,-74.76
163,0,101,100,-6.081,-83.43
163,1,103,100,-2.169,-87.35
163,2,378,100,12.203,-101.72
163,3,107,100,2.070,-91.58
163,4,103,100,-4.515,-85.00
163,5,112,100,-0.048,-89.47
163,6,101,100,-9.477,-80.04
163,7,137,100,-0.506,-89.01
163,8,100,100,-8.150,-81.36
163,9,131,100,4.630,-94.14
163,10,111,100,-1.663,-87.85
163,11,102,100,-11.831,-77.68
163,12,118,100,0.477,-89.99
163,13,112,100,1.205,-90.72
163,14,104,100,-3.071,-86.44
163,15,101,100,-10.234,-79.28
163,16,219,100,6.749,-96.26
163,17,100,100,-8.187,-81.33
163,18,145,100,5.211,-94.73
163,19,105,100,-3.570,-85.94
164,0,115,100,-1.552,-87.96
164,1,103,100,-2.208,-87.31
164,2,100,100,-10.504,-79.01
164,3,109,100,-2.412,-87.10
164,4,127,100,-0.091,-89.42
164,5,100,100,-16.349,-73.16
164,6,178,100,2.682,-92.20
164,7,107,100,-3.889,-85.62
164,8,186,100,2.708,-92.22
164,9,175,100,2.857,-92.37
164,10,341,100,10.084,-99.60
164,11,100,100,-11.466,-78.05
164,12,100,100,-19.619,-69.89
164,13,103,100,-9.833,-79.68
164,14,381,100,4.248,-93.76
164,15,107,100,-5.428,-84.09
164,16,104,100,-4.714,-84.80
164,17,234,100,11.116,-100.63
164,18,102,100,-4.863,-84.65
164,19,102,100,-10.789,-78.73
165,0,208,100,4.080,-93.59
165,1,100,100,-9.722,-79.79
165,2,100,100,-14.633,-74.88
165,3,279,100,9.457,-98.97
165,4,144,100,4.212,-93.73
165,5,185,100,4.494,-94.01
165,6,215,100,4.858,-94.37
165,7,133,100,1.448,-90.96
165,8,174,100,-1.084,-88.43
165,9,107,100,-10.900,-78.61
165,10,147,100,4.363,-93.88
165,11,101,100,-9.025,-80.49
165,12,101,100,-9.245,-80.27
165,13,106,100,-4.415,-85.10
165,14,103,100,-11.025,-78.49
165,15,246,100,9.150,-98.66
165,16,101,100,-10.277,-79.24
165,17,100,100,-16.069,-73.44
165,18,1659,99,13.820,-103.33
165,19,138,100,2.325,-91.84
166,0,224,100,8.863,-98.38
166,1,105,100,-7.253,-82.26
166,2,114,100,2.999,-92.51
166,3,105,100,-8.087,-81.43
166,4,119,100,0.889,-90.40
166,5,101,100,-14.686,-74.83
166,6,105,100,-6.219,-83.29
166,7,107,100,-9.232,-80.28
166,8,154,100,3.306,-92.82
166,9,104,100,-7.663,-81.85
166,10,108,100,-5.998,-83.52
166,11,107,100,-6.273,-83.24
166,12,100,100,-12.176,-77.34
166,13,101,100,-15.776,-73.74
166,14,917,100,14.288,-103.80
166,15,122,100,1.799,-91.31
166,16,105,100,-7.079,-82.43
166,17,207,100,7.434,-96.95
166,18,167,100,8.913,-98.43
166,19,200,100,9.637,-99.15
167,0,104,100,-7.245,-82.27
167,1,100,100,-14.786,-74.73
167,2,173,100,5.426,-94.94
167,3,106,100,-8.041,-81.47
167,4,105,100,-10.199,-79.31
167,5,174,100,7.151,-96.66
167,6,814,100,8.615,-98.13
167,7,103,100,-7.497,-82.02
167,8,136,100,7.045,-96.56
167,9,9995,49,18.760,-108.27
167,10,49,49,-7.770,-81.74
167,11,116,49,10.469,-99.98
167,12,50,49,-4.516,-85.00
167,13,50,49,-3.456,-86.06
167,14,49,49,-5.416,-84.10
167,15,52,49,-2.554,-86.96
167,16,51,49,-0.631,-88.88
167,17,49,49,-15.147,-74.37
167,18,111,49,8.740,-98.25
167,19,53,49,-4.481,-85.03
168,0,106,100,-3.057,-86.46
168,1,108,100,-13.943,-75.57
168,2,103,100,-2.588,-86.93
168,3,112,100,-5.599,-83.91
168,4,156,100,-1.517,-88.00
168,5,119,100,2.221,-91.73
168,6,128,100,0.134,-89.65
168,7,297,100,7.242,-96.76
168,8,148,100,3.238,-92.75
168,9,100,100,-9.407,-80.11
168,10,163,100,1.842,-91.36
168,11,112,100,0.075,-89.59
168,12,115,100,-0.150,-89.36
168,13,100,100,-14.062,-75.45
168,14,100,100,-12.176,-77.34
168,15,144,100,4.014,-93.53
168,16,115,100,-1.079,-88.44
168,17,117,100,0.509,-90.02
168,18,325,100,7.354,-96.87
168,19,100,100,-11.395,-78.12
169,0,105,100,-6.807,-82.71
169,1,131,100,-2.449,-87.06
169,2,105,100,-3.491,-86.02
169,3,108,100,-0.607,-88.91
169,4,228,100,4.766,-94.28
169,5,259,100,8.168,-97.68
169,6,143,100,3.629,-93.14
169,7,312,100,6.618,-96.13
169,8,113,100,-0.750,-88.76
169,9,112,100,-3.538,-85.98
169,10,101,100,-15.786,-73.73
169,11,310,100,5.355,-94.87
169,12,189,100,6.605,-96.12
169,13,435,99,9.870,-99.38
169,14,212,100,3.429,-92.94
169,15,115,100,2.411,-91.93
169,16,103,100,-11.230,-78.28
169,17,103,100,-4.043,-85.47
169,18,101,100,-8.261,-81.25
169,19,101,100,-6.619,-82.90
170,0,102,100,-11.027,-78.49
170,1,133,100,2.150,-91.66
170,2,279,100,8.475,-97.99
170,3,101,100,-7.811,-81.70
170,4,115,100,-0.684,-88.83
170,5,136,100,4.040,-93.55
170,6,142,100,2.200,-91.71
170,7,127,100,3.312,-92.83
170,8,101,100,-9.322,-80.19
170,9,249,100,5.768,-95.28
170,10,6768,100,15.464,-104.98
170,11,293,100,9.668,-99.18
170,12,3180,99,14.737,-104.25
170,13,102,100,-9.657,-79.86
170,14,106,100,-6.319,-83.20
170,15,117,100,0.058,-89.57
170,16,110,100,2.190,-91.70
170,17,102,100,-13.356,-76.16
170,18,100,100,-11.317,-78.20
170,19,107,100,-3.155,-86.36
171,0,103,100,-12.397,-77.12
171,1,101,100,-12.241,-77.27
171,2,124,100,-4.585,-84.93
171,3,192,100,2.943,-92.46
171,4,129,100,-0.356,-89.16
171,5,113,100,-3.984,-85.53
171,6,166,100,2.271,-91.78
171,7,116,100,-1.472,-88.04
171,8,111,100,-2.703,-86.81
171,9,476,100,11.089,-100.60
171,10,115,100,0.103,-89.62
171,11,112,100,-4.225,-85.29
171,12,110,100,-0.280,-89.23
171,13,113,100,-6.376,-83.14
171,14,100,100,-16.876,-72.64
171,15,513,100,9.832,-99.35
171,16,119,100,-3.874,-85.64
171,17,127,100,5.518,-95.03
171,18,296,100,8.740,-98.25
171,19,103,100,-8.497,-81.02
172,0,106,100,-0.920,-88.59
172,1,117,100,0.645,-90.16
172,2,105,100,-1.139,-88.38
172,3,105,100,-7.922,-81.59
172,4,352,100,10.655,-100.17
172,5,119,100,0.782,-90.30
172,6,106,100,-6.395,-83.12
172,7,139,100,4.398,-93.91
172,8,169,100,5.519,-95.03
172,9,109,100,-7.409,-82.10
172,10,173,100,7.242,-96.76
172,11,100,100,-16.420,-73.09
172,12,854,100,13.957,-103.47
172,13,102,100,-6.434,-83.08
172,14,100,100,-14.540,-74.97
172,15,100,100,-9.537,-79.98
172,16,107,100,-2.858,-86.66
172,17,101,100,-11.325,-78.19
172,18,113,100,1.390,-90.90
172,19,113,100,-0.113,-89.40
173,0,155,100,2.028,-91.54
173,1,185,100,0.281,-89.80
173,2,321,100,11.505,-101.02
173,3,107,100,-4.649,-84.87
173,4,208,100,8.132,-97.65
173,5,101,100,-6.971,-82.54
173,6,1125,100,12.733,-102.25
173,7,115,100,1.150,-90.66
173,8,128,100,4.519,-94.03
173,9,812,100,12.030,-101.54
173,10,113,100,-0.843,-88.67
173,11,100,100,-6.035,-83.48
173,12,9991,79,16.170,-105.68
173,13,90,80,0.210,-89.72
173,14,2065,80,14.229,-103.74
173,15,1555,80,16.279,-105.79
173,16,85,80,-9.840,-79.67
173,17,84,80,-2.975,-86.54
173,18,82,80,-12.202,-77.31
173,19,2537,79,14.661,-104.17
174,0,143,100,3.363,-92.88
174,1,110,100,-1.615,-87.90
174,2,266,100,9.949,-99.46
174,3,160,100,0.380,-89.89
174,4,114,100,-2.013,-87.50
174,5,114,100,-1.387,-88.13
174,6,100,100,-21.441,-68.07
174,7,262,100,7.591,-97.10
174,8,1510,100,15.419,-104.93
174,9,148,100,3.616,-93.13
174,10,100,100,-10.114,-79.40
174,11,186,100,9.440,-98.95
174,12,102,100,-8.617,-80.90
174,13,110,100,-0.077,-89.44
174,14,111,100,0.791,-90.30
174,15,215,100,7.575,-97.09
174,16,146,100,6.600,-96.11
174,17,103,100,-8.363,-81.15
174,18,111,100,2.976,-92.49
174,19,1550,100,13.551,-103.06
175,0,103,100,-6.656,-82.86
175,1,137,100,3.143,-92.66
175,2,264,100,4.587,-94.10
175,3,189,100,8.128,-97.64
175,4,122,100,-0.117,-89.40
175,5,227,100,6.368,-95.88
175,6,112,100,1.400,-90.91
175,7,103,100,-5.656,-83.86
175,8,104,100,-12.975,-76.54
175,9,121,100,3.431,-92.94
175,10,333,100,11.747,-101.26
175,11,162,100,2.060,-91.57
175,12,146,100,4.073,-93.59
175,13,113,100,0.495,-90.01
175,14,113,100,-2.545,-86.97
175,15,102,100,-12.237,-77.28
175,16,103,100,-9.516,-80.00
175,17,103,100,-12.965,-76.55
175,18,116,100,1.125,-90.64
175,19,121,100,2.528,-92.04
176,0,116,100,-1.237,-88.28
176,1,168,100,-0.967,-88.55
176,2,107,100,1.051,-90.57
176,3,107,100,-5.135,-84.38
176,4,275,100,5.474,-94.99
176,5,100,100,-9.554,-79.96
176,6,195,100,9.218,-98.73
176,7,1940,100,13.652,-103.17
176,8,102,100,-8.581,-80.93
176,9,106,100,-2.869,-86.65
176,10,106,100,-1.514,-88.00
176,11,124,100,-2.366,-87.15
176,12,102,100,-11.491,-78.02
176,13,105,100,-4.378,-85.14
176,14,4100,99,14.912,-104.43
176,15,110,100,-3.204,-86.31
176,16,104,100,-4.877,-84.64
176,17,145,100,4.506,-94.02
176,18,143,100,7.592,-97.11
176,19,241,100,10.089,-99.60
177,0,106,100,-3.935,-85.58
177,1,185,100,2.430,-91.94
177,2,100,100,-23.285,-66.23
177,3,152,100,6.362,-95.88
177,4,1556,100,15.542,-105.06
177,5,102,100,-7.498,-82.02
177,6,103,100,-5.018,-84.50
177,7,230,100,7.277,-96.79
177,8,114,100,-0.054,-89.46
177,9,139,100,4.760,-94.27
177,10,101,100,-4.963,-84.55
177,11,105,100,-6.774,-82.74
177,12,192,100,9.217,-98.73
177,13,103,100,-6.567,-82.95
177,14,100,100,-13.073,-76.44
177,15,105,100,-4.222,-85.29
177,16,104,100,-5.658,-83.86
177,17,130,100,3.099,-92.61
177,18,107,100,0.708,-90.22
177,19,101,100,-9.180,-80.33
178,0,249,100,6.892,-96.41
178,1,297,100,10.467,-99.98
178,2,295,100,8.736,-98.25
178,3,136,100,1.976,-91.49
178,4,103,100,-4.389,-85.13
178,5,104,100,-8.048,-81.47
178,6,166,100,3.902,-93.42
178,7,132,100,1.731,-91.24
178,8,105,100,-4.164,-85.35
178,9,184,100,4.698,-94.21
178,10,103,100,-4.145,-85.37
178,11,102,100,-10.358,-79.16
178,12,103,100,-6.291,-83.22
178,13,100,100,-8.822,-80.69
178,14,110,100,-1.958,-87.56
178,15,124,100,0.107,-89.62
178,16,108,100,-2.874,-86.64
178,17,106,100,-0.125,-89.39
178,18,104,99,-10.366,-79.15
178,19,132,100,2.553,-92.07
179,0,204,100,-1.388,-88.13
179,1,129,100,2.111,-91.62
179,2,160,100,5.504,-95.02
179,3,741,99,11.625,-101.14
179,4,137,100,6.538,-96.05
179,5,100,100,-14.661,-74.85
179,6,262,100,8.325,-97.84
179,7,143,100,4.972,-94.49
179,8,110,100,-1.625,-87.89
179,9,118,100,-0.309,-89.20
179,10,113,100,-2.453,-87.06
179,11,102,100,-5.055,-84.46
179,12,120,100,0.308,-89.82
179,13,100,100,-10.877,-78.64
179,14,106,100,-4.181,-85.33
179,15,267,99,8.318,-97.83
179,16,105,100,-0.772,-88.74
179,17,112,100,1.916,-91.43
179,18,100,100,-9.907,-79.61
179,19,139,100,7.136,-96.65
180,0,440,100,9.533,-99.05
180,1,169,100,5.872,-95.39
180,2,103,100,-5.259,-84.26
180,3,100,100,-12.729,-76.78
180,4,102,100,-8.483,-81.03
180,5,105,100,-0.462,-89.05
180,6,103,100,-2.139,-87.38
180,7,105,100,-4.770,-84.74
180,8,120,100,2.832,-92.35
180,9,105,100,-2.817,-86.70
180,10,628,100,13.466,-102.98
180,11,143,100,4.098,-93.61
180,12,104,100,-8.161,-81.35
180,13,106,100,-2.149,-87.37
180,14,263,100,7.610,-97.12
180,15,123,100,0.521,-90.04
180,16,148,100,5.742,-95.26
180,17,108,100,-4.342,-85.17
180,18,130,100,4.317,-93.83
180,19,121,100,4.121,-93.63
181,0,150,100,0.894,-90.41
181,1,160,100,5.340,-94.85
181,2,105,100,-7.203,-82.31
181,3,150,100,-0.042,-89.47
181,4,243,100,6.678,-96.19
181,5,177,100,6.377,-95.89
181,6,293,100,7.014,-96.53
181,7,143,100,-1.086,-88.43
181,8,109,100,-1.724,-87.79
181,9,114,100,0.229,-89.74
181,10,133,100,0.686,-90.20
181,11,102,100,-8.846,-80.67
181,12,113,100,-1.030,-88.48
181,13,373,99,7.975,-97.49
181,14,101,100,-11.803,-77.71
181,15,102,100,-3.449,-86.06
181,16,124,100,2.895,-92.41
181,17,103,100,-7.210,-82.30
181,18,102,100,-7.506,-82.01
181,19,100,100,-11.313,-78.20
182,0,185,100,0.363,-89.88
182,1,114,100,-9.357,-80.16
182,2,103,100,-5.516,-84.00
182,3,138,100,-3.029,-86.49
182,4,126,100,-1.914,-87.60
182,5,205,100,-0.947,-88.57
182,6,100,100,-18.564,-70.95
182,7,123,100,1.168,-90.68
182,8,135,100,0.221,-89.74
182,9,371,100,10.984,-100.50
182,10,113,100,-1.323,-88.19
182,11,116,100,-1.402,-88.11
182,12,100,100,-11.098,-78.42
182,13,106,100,-6.059,-83.46
182,14,1014,100,11.847,-101.36
182,15,132,100,3.530,-93.04
182,16,102,100,-8.282,-81.23
182,17,909,100,12.208,-101.72
182,18,102,100,-9.642,-79.87
182,19,232,100,10.800,-100.31
183,0,112,100,-2.419,-87.09
183,1,100,100,-9.504,-80.01
183,2,114,100,-2.286,-87.23
183,3,163,100,3.428,-92.94
183,4,103,100,-8.580,-80.93
183,5,105,100,-9.863,-79.65
183,6,132,100,2.258,-91.77
183,7,102,100,-4.921,-84.59
183,8,130,100,3.701,-93.22
183,9,104,100,-6.176,-83.34
183,10,114,100,0.139,-89.65
183,11,106,100,-2.997,-86.52
183,12,831,100,14.438,-103.95
183,13,228,100,9.089,-98.60
183,14,104,100,-1.970,-87.54
183,15,104,100,-4.795,-84.72
183,16,141,100,6.397,-95.91
183,17,113,100,0.843,-90.36
183,18,344,100,12.252,-101.77
183,19,121,100,2.341,-91.86
184,0,104,100,-2.989,-86.52
184,1,134,100,4.030,-93.54
184,2,722,100,11.920,-101.43
184,3,113,100,-2.674,-86.84
184,4,103,100,-5.149,-84.37
184,5,113,100,-2.717,-86.80
184,6,367,100,9.856,-99.37
184,7,100,100,-13.445,-76.07
184,8,158,100,7.735,-97.25
184,9,131,100,2.270,-91.78
184,10,108,100,-1.998,-87.52
184,11,104,100,-3.575,-85.94
184,12,151,100,2.740,-92.25
184,13,101,100,-9.742,-79.77
184,14,103,100,-8.940,-80.57
184,15,289,100,10.761,-100.28
184,16,2482,99,14.456,-103.97
184,17,104,100,-6.870,-82.64
184,18,102,100,-6.276,-83.24
184,19,124,100,2.114,-91.63
185,0,106,100,-3.309,-86.20
185,1,108,100,-2.736,-86.78
185,2,219,100,7.412,-96.93
185,3,356,100,7.521,-97.04
185,4,102,100,-11.251,-78.26
185,5,105,100,-5.164,-84.35
185,6,243,100,8.660,-98.17
185,7,204,100,7.032,-96.55
185,8,123,100,-1.337,-88.18
185,9,100,100,-8.203,-81.31
185,10,103,100,-4.805,-84.71
185,11,103,100,-7.435,-82.08
185,12,104,100,-2.631,-86.88
185,13,112,100,2.513,-92.03
185,14,218,100,8.600,-98.11
185,15,127,100,3.810,-93.32
185,16,144,100,5.934,-95.45
185,17,141,100,4.491,-94.01
185,18,101,100,-6.226,-83.29
185,19,111,100,-0.082,-89.43
186,0,203,100,-6.647,-82.87
186,1,196,100,5.984,-95.50
186,2,104,100,-7.102,-82.41
186,3,199,100,1.649,-91.16
186,4,106,100,-6.857,-82.66
186,5,109,100,-3.976,-85.54
186,6,585,100,11.277,-100.79
186,7,116,100,-4.897,-84.62
186,8,109,100,-1.558,-87.96
186,9,102,100,-5.154,-84.36
186,10,101,100,-10.086,-79.43
186,11,117,100,1.473,-90.99
186,12,141,100,5.684,-95.20
186,13,144,100,6.250,-95.76
186,14,100,100,-11.658,-77.86
186,15,109,100,-4.826,-84.69
186,16,106,100,-3.243,-86.27
186,17,100,100,-9.801,-79.71
186,18,125,100,3.047,-92.56
186,19,100,100,-10.040,-79.47
187,0,187,100,4.568,-94.08
187,1,101,100,-7.732,-81.78
187,2,111,100,-3.957,-85.56
187,3,101,100,-12.339,-77.17
187,4,105,100,-9.270,-80.24
187,5,118,100,0.844,-90.36
187,6,103,100,-14.544,-74.97
187,7,581,100,8.935,-98.45
187,8,115,100,2.370,-91.88
187,9,172,100,6.704,-96.22
187,10,747,100,11.527,-101.04
187,11,103,100,-6.720,-82.79
187,12,147,100,4.984,-94.50
187,13,800,100,12.340,-101.85
187,14,179,100,7.383,-96.90
187,15,106,100,-2.122,-87.39
187,16,183,100,5.973,-95.49
187,17,106,100,-3.965,-85.55
187,18,121,100,1.408,-90.92
187,19,146,100,6.014,-95.53
188,0,109,100,-3.054,-86.46
188,1,167,100,6.695,-96.21
188,2,103,100,-9.208,-80.31
188,3,116,100,2.332,-91.85
188,4,172,100,1.168,-90.68
188,5,120,100,-1.113,-88.40
188,6,102,100,-8.856,-80.66
188,7,152,100,1.260,-90.77
188,8,2278,100,12.282,-101.80
188,9,103,100,-4.156,-85.36
188,10,103,100,-7.600,-81.91
188,11,1973,100,15.604,-105.12
188,12,106,100,-2.664,-86.85
188,13,105,100,-2.656,-86.86
188,14,106,100,-3.232,-86.28
188,15,136,100,5.021,-94.54
188,16,202,100,8.576,-98.09
188,17,294,100,12.041,-101.55
188,18,151,100,5.342,-94.86
188,19,100,100,-6.795,-82.72
189,0,185,100,5.344,-94.86
189,1,103,100,-10.197,-79.32
189,2,100,100,-15.314,-74.20
189,3,133,100,-0.729,-88.79
189,4,163,100,3.838,-93.35
189,5,105,100,-8.302,-81.21
189,6,220,100,3.746,-93.26
189,7,145,100,4.874,-94.39
189,8,4606,100,17.358,-106.87
189,9,184,100,7.709,-97.22
189,10,175,100,5.585,-95.10
189,11,102,100,-8.282,-81.23
189,12,113,100,0.307,-89.82
189,13,150,100,5.621,-95.14
189,14,125,100,3.646,-93.16
189,15,101,100,-5.573,-83.94
189,16,117,100,1.338,-90.85
189,17,108,100,-2.989,-86.52
189,18,105,100,-1.030,-88.48
189,19,264,99,8.802,-98.32
190,0,105,100,-5.914,-83.60
190,1,109,100,-4.313,-85.20
190,2,229,100,-10.213,-79.30
190,3,101,100,-10.889,-78.62
190,4,196,100,4.303,-93.82
190,5,227,100,6.354,-95.87
190,6,112,100,-2.657,-86.86
190,7,115,100,-1.806,-87.71
190,8,106,100,-4.324,-85.19
190,9,180,100,3.489,-93.00
190,10,101,100,-14.511,-75.00
190,11,141,100,3.354,-92.87
190,12,117,100,-1.119,-88.39
190,13,107,100,-4.030,-85.48
190,14,106,100,-2.268,-87.25
190,15,109,100,1.637,-91.15
190,16,1652,100,16.057,-105.57
190,17,153,100,9.223,-98.74
190,18,107,100,-1.319,-88.19
190,19,139,100,4.923,-94.44
191,0,127,100,0.930,-90.44
191,1,146,100,3.765,-93.28
191,2,100,100,-8.486,-81.03
191,3,430,100,9.646,-99.16
191,4,125,100,0.821,-90.34
191,5,100,100,-6.517,-83.00
191,6,167,100,4.825,-94.34
191,7,102,100,-9.844,-79.67
191,8,100,100,-9.636,-79.88
191,9,102,100,-6.109,-83.40
191,10,130,100,-0.281,-89.23
191,11,135,100,5.339,-94.85
191,12,163,100,4.785,-94.30
191,13,104,100,-1.604,-87.91
191,14,100,100,-18.549,-70.96
191,15,263,100,9.121,-98.64
191,16,187,100,6.513,-96.03
191,17,106,100,-2.984,-86.53
191,18,139,100,4.770,-94.28
191,19,103,100,-1.654,-87.86
192,0,100,100,-10.198,-79.32
192,1,102,100,-2.775,-86.74
192,2,299,100,9.808,-99.32
192,3,107,100,-2.088,-87.43
192,4,148,100,5.971,-95.48
192,5,100,100,-9.398,-80.12
192,6,104,100,-1.893,-87.62
192,7,104,100,-8.537,-80.98
192,8,110,100,-0.054,-89.46
192,9,103,100,-5.105,-84.41
192,10,102,100,-13.271,-76.24
192,11,103,100,-11.858,-77.66
192,12,119,100,0.473,-89.99
192,13,194,100,7.978,-97.49
192,14,128,100,-2.209,-87.31
192,15,102,100,-11.595,-77.92
192,16,106,100,-1.168,-88.35
192,17,104,100,-4.329,-85.18
192,18,134,100,3.122,-92.64
192,19,159,100,6.270,-95.78
193,0,162,100,0.547,-90.06
193,1,446,100,11.172,-100.69
193,2,120,100,-0.190,-89.32
193,3,222,100,7.866,-97.38
193,4,221,100,6.528,-96.04
193,5,101,100,-9.052,-80.46
193,6,104,100,-2.617,-86.90
193,7,103,100,-3.755,-85.76
193,8,100,100,-16.228,-73.29
193,9,101,100,-7.433,-82.08
193,10,119,100,-7.703,-81.81
193,11,305,100,8.002,-97.52
193,12,351,100,11.274,-100.79
193,13,135,100,-0.151,-89.36
193,14,376,99,9.942,-99.46
193,15,106,100,-3.916,-85.60
193,16,101,100,-11.374,-78.14
193,17,101,100,-13.657,-75.86
193,18,109,100,0.013,-89.53
193,19,187,100,8.650,-98.16
194,0,244,100,6.916,-96.43
194,1,119,100,1.546,-91.06
194,2,105,100,-8.094,-81.42
194,3,122,100,-2.163,-87.35
194,4,159,100,-2.740,-86.77
194,5,252,100,6.143,-95.66
194,6,103,100,-8.323,-81.19
194,7,501,100,10.531,-100.05
194,8,2506,100,13.751,-103.27
194,9,100,100,-15.198,-74.32
194,10,108,100,-1.858,-87.66
194,11,2451,100,9.486,-99.00
194,12,103,100,-9.844,-79.67
194,13,101,100,-2.980,-86.53
194,14,103,100,-6.820,-82.69
194,15,107,100,-3.306,-86.21
194,16,103,100,-7.408,-82.11
194,17,105,100,-3.794,-85.72
194,18,9935,11,20.254,-109.77
194,19,12,11,-2.250,-87.26
195,0,110,100,-4.617,-84.90
195,1,157,100,-1.899,-87.62
195,2,111,100,-3.048,-86.47
195,3,148,100,-1.506,-88.01
195,4,143,100,-5.334,-84.18
195,5,100,100,-14.144,-75.37
195,6,162,100,-9.485,-80.03
195,7,269,100,5.779,-95.29
195,8,168,100,5.467,-94.98
195,9,312,100,8.153,-97.67
195,10,108,100,-3.978,-85.54
195,11,110,100,-0.447,-89.07
195,12,144,100,1.311,-90.83
195,13,297,100,4.617,-94.13
195,14,133,100,3.694,-93.21
195,15,101,100,-17.506,-72.01
195,16,1536,99,13.439,-102.95
195,17,100,100,-5.609,-83.91
195,18,107,100,-4.652,-84.86
195,19,152,100,5.291,-94.80
196,0,102,100,-5.777,-83.74
196,1,156,100,4.641,-94.15
196,2,107,100,-4.731,-84.78
196,3,100,100,-17.266,-72.25
196,4,137,100,-3.064,-86.45
196,5,103,100,-6.543,-82.97
196,6,216,100,6.958,-96.47
196,7,107,100,-6.422,-83.09
196,8,116,100,-1.249,-88.27
196,9,102,100,-9.223,-80.29
196,10,107,100,0.568,-90.08
196,11,170,100,5.500,-95.01
196,12,9995,32,16.793,-106.31
196,13,43,33,3.002,-92.52
196,14,34,33,-7.103,-82.41
196,15,33,33,-12.307,-77.21
196,16,33,33,-5.188,-84.33
196,17,34,33,-6.767,-82.75
196,18,73,33,8.919,-98.43
196,19,33,33,-8.065,-81.45
197,0,108,100,-3.237,-86.28
197,1,110,100,0.404,-89.92
197,2,100,100,-8.339,-81.18
197,3,396,100,12.372,-101.89
197,4,107,100,0.558,-90.07
197,5,105,100,-2.681,-86.83
197,6,9997,2,18.819,-108.33
197,7,3,3,-16.543,-72.97
197,8,3,3,-14.158,-75.36
197,9,3,3,-9.224,-80.29
197,10,3,3,-7.240,-82.27
197,11,5,3,9.945,-99.46
197,12,6,3,7.742,-97.26
197,13,9,3,9.087,-98.60
197,14,3,3,-3.199,-86.31
197,15,3,3,-11.303,-78.21
197,16,4,3,4.005,-93.52
197,17,3,3,-2.081,-87.43
197,18,3,3,-5.715,-83.80
197,19,3,3,-6.436,-83.08
198,0,102,100,-6.571,-82.94
198,1,2071,100,14.175,-103.69
198,2,102,100,-3.603,-85.91
198,3,9996,0,23.423,-112.94
198,4,0,0,-1.607,-87.91
198,5,0,0,-3.591,-85.92
198,6,0,0,-7.392,-82.12
198,7,0,0,-3.735,-85.78
198,8,0,0,-1.480,-88.03
198,9,0,0,5.781,-95.30
198,10,0,0,-9.123,-80.39
198,11,0,0,4.431,-93.95
198,12,0,0,-7.531,-81.98
198,13,0,0,2.910,-92.42
198,14,0,0,12.659,-102.17
198,15,0,0,6.119,-95.63
198,16,0,0,5.546,-95.06
198,17,0,0,-9.186,-80.33
198,18,0,0,-1.649,-87.86
198,19,0,0,7.617,-97.13
199,0,121,100,-4.533,-84.98
199,1,101,100,-5.933,-83.58
199,2,288,100,10.770,-100.28
199,3,185,100,3.773,-93.29
199,4,194,100,-0.041,-89.47
199,5,110,100,1.101,-90.61
199,6,107,100,-3.772,-85.74
199,7,118,100,-0.441,-89.07
199,8,107,100,-2.840,-86.67
199,9,107,100,-1.837,-87.68
199,10,107,100,-2.042,-87.47
199,11,129,100,-0.299,-89.21
199,12,100,100,-8.910,-80.60
199,13,146,100,5.449,-94.96
199,14,708,100,11.308,-100.82
199,15,138,100,3.959,-93.47
199,16,151,100,3.749,-93.26
199,17,124,100,1.528,-91.04
199,18,100,100,-10.351,-79.16
199,19,181,100,8.299,-97.81
200,0,123,100,-3.873,-85.64
200,1,105,100,-4.667,-84.85
200,2,103,100,-7.913,-81.60
200,3,127,100,-0.891,-88.62
200,4,260,100,9.125,-98.64
200,5,101,100,-7.608,-81.91
200,6,122,100,-3.229,-86.28
200,7,117,100,3.418,-92.93
200,8,102,100,-4.577,-84.94
200,9,239,100,5.971,-95.48
200,10,103,100,-7.218,-82.30
200,11,203,100,6.474,-95.99
200,12,125,100,-3.163,-86.35
200,13,287,100,6.334,-95.85
200,14,166,100,-6.496,-83.02
200,15,194,100,4.810,-94.32
200,16,243,100,4.925,-94.44
200,17,205,100,6.248,-95.76
200,18,115,100,-0.346,-89.17
200,19,488,100,12.310,-101.82
