run,hop,attempts,acked,shadowDb,medianPrxDbm
1,0,3879,100,7.144,-106.66
1,1,102,100,-10.956,-88.56
1,2,100,100,-9.955,-89.56
1,3,2026,100,5.436,-104.95
1,4,143,100,-5.096,-94.42
1,5,267,100,-0.192,-99.32
1,6,173,100,-5.238,-94.28
1,7,436,100,2.683,-102.20
1,8,341,100,1.397,-100.91
1,9,9903,0,13.080,-112.59
1,10,0,0,0.895,-100.41
1,11,0,0,-7.191,-92.32
1,12,0,0,-10.052,-89.46
1,13,0,0,3.772,-103.29
1,14,0,0,7.930,-107.44
1,15,0,0,5.446,-104.96
1,16,0,0,8.993,-108.51
1,17,0,0,14.659,-114.17
1,18,0,0,-10.991,-88.52
1,19,0,0,0.217,-99.73
2,0,1322,100,5.168,-104.68
2,1,158,100,-3.811,-95.70
2,2,118,100,-6.568,-92.95
2,3,607,100,2.790,-102.30
2,4,227,100,-1.308,-98.21
2,5,128,100,-4.919,-94.60
2,6,432,100,1.328,-100.84
2,7,154,100,-3.116,-96.40
2,8,220,100,-4.468,-95.05
2,9,124,100,-6.081,-93.43
2,10,328,100,-1.990,-97.52
2,11,538,100,2.011,-101.52
2,12,110,100,-12.545,-86.97
2,13,2840,100,6.705,-106.22
2,14,116,100,-10.423,-89.09
2,15,9877,76,8.435,-107.95
2,16,9853,0,12.580,-112.09
2,17,0,0,-8.813,-90.70
2,18,0,0,5.822,-105.34
2,19,0,0,10.769,-110.28
3,0,10000,71,8.336,-107.85
3,1,103,71,-3.930,-95.58
3,2,1491,71,5.326,-104.84
3,3,312,71,1.877,-101.39
3,4,277,71,1.051,-100.57
3,5,1041,71,4.772,-104.29
3,6,268,71,1.150,-100.66
3,7,98,71,-4.401,-95.11
3,8,705,71,3.427,-102.94
3,9,2569,71,6.673,-106.19
3,10,99,71,-6.191,-93.32
3,11,324,70,2.004,-101.52
3,12,9842,0,30.136,-129.65
3,13,0,0,-8.206,-91.31
3,14,0,0,4.521,-104.03
3,15,0,0,-6.530,-92.98
3,16,0,0,-7.875,-91.64
3,17,0,0,2.875,-102.39
3,18,0,0,-4.961,-94.55
3,19,0,0,17.122,-116.64
4,0,366,100,2.581,-102.09
4,1,123,100,-7.705,-91.81
4,2,138,100,-5.402,-94.11
4,3,118,100,-4.066,-95.45
4,4,9997,0,16.950,-116.46
4,5,0,0,6.182,-105.70
4,6,0,0,-7.612,-91.90
4,7,0,0,11.594,-111.11
4,8,0,0,0.386,-99.90
4,9,0,0,-11.685,-87.83
4,10,0,0,4.469,-103.98
4,11,0,0,-8.531,-90.98
4,12,0,0,16.198,-115.71
4,13,0,0,-12.288,-87.23
4,14,0,0,13.119,-112.63
4,15,0,0,-1.457,-98.06
4,16,0,0,2.264,-101.78
4,17,0,0,-10.461,-89.05
4,18,0,0,13.676,-113.19
4,19,0,0,-4.508,-95.01
5,0,157,100,-5.615,-93.90
5,1,743,100,4.888,-104.40
5,2,125,100,-8.646,-90.87
5,3,9999,0,10.731,-110.25
5,4,0,0,-2.749,-96.76
5,5,0,0,4.454,-103.97
5,6,0,0,4.397,-103.91
5,7,0,0,-3.835,-95.68
5,8,0,0,2.013,-101.53
5,9,0,0,-7.638,-91.88
5,10,0,0,-3.380,-96.13
5,11,0,0,5.699,-105.21
5,12,0,0,2.130,-101.64
5,13,0,0,10.605,-110.12
5,14,0,0,7.848,-107.36
5,15,0,0,-16.311,-83.20
5,16,0,0,-11.292,-88.22
5,17,0,0,8.595,-108.11
5,18,0,0,-0.402,-99.11
5,19,0,0,-3.576,-95.94
6,0,161,100,-2.199,-97.32
6,1,341,100,2.190,-101.70
6,2,9991,10,10.297,-109.81
6,3,17,10,-2.236,-97.28
6,4,53,10,0.828,-100.34
6,5,10,10,-17.672,-81.84
6,6,26,10,-0.442,-99.07
6,7,7212,0,16.420,-115.93
6,8,0,0,12.331,-111.84
6,9,0,0,13.916,-113.43
6,10,0,0,19.976,-119.49
6,11,0,0,2.314,-101.83
6,12,0,0,-3.000,-96.51
6,13,0,0,4.244,-103.76
6,14,0,0,-2.652,-96.86
6,15,0,0,-0.220,-99.29
6,16,0,0,8.174,-107.69
6,17,0,0,17.986,-117.50
6,18,0,0,-5.425,-94.09
6,19,0,0,5.143,-104.66
7,0,10000,0,19.387,-118.90
7,1,0,0,-6.393,-93.12
7,2,0,0,14.064,-113.58
7,3,0,0,-1.564,-97.95
7,4,0,0,11.907,-111.42
7,5,0,0,10.968,-110.48
7,6,0,0,-4.349,-95.16
7,7,0,0,4.845,-104.36
7,8,0,0,14.117,-113.63
7,9,0,0,-1.788,-97.73
7,10,0,0,-5.390,-94.12
7,11,0,0,6.706,-106.22
7,12,0,0,3.580,-103.09
7,13,0,0,-7.509,-92.01
7,14,0,0,-0.155,-99.36
7,15,0,0,7.132,-106.65
7,16,0,0,-6.138,-93.38
7,17,0,0,11.652,-111.17
7,18,0,0,6.321,-105.83
7,19,0,0,3.017,-102.53
8,0,1070,100,5.328,-104.84
8,1,184,100,-2.906,-96.61
8,2,124,100,-9.550,-89.96
8,3,103,100,-12.445,-87.07
8,4,105,100,-12.972,-86.54
8,5,9982,5,10.891,-110.40
8,6,5,5,-9.668,-89.85
8,7,7,5,-7.485,-92.03
8,8,5,5,-7.876,-91.64
8,9,57,5,3.898,-103.41
8,10,5,5,-11.249,-88.27
8,11,9454,1,12.761,-112.27
8,12,580,2,8.042,-107.56
8,13,2,2,-6.021,-93.49
8,14,2,2,-9.977,-89.54
8,15,2,2,-4.898,-94.62
8,16,5,2,1.682,-101.20
8,17,2,2,-17.057,-82.46
8,18,101,2,7.575,-107.09
8,19,562,2,8.654,-108.17
9,0,4595,100,7.449,-106.96
9,1,9954,1,11.442,-110.96
9,2,20,1,3.458,-102.97
9,3,5607,0,12.052,-111.57
9,4,0,0,-0.743,-98.77
9,5,0,0,-0.240,-99.27
9,6,0,0,0.492,-100.01
9,7,0,0,-1.803,-97.71
9,8,0,0,-12.395,-87.12
9,9,0,0,-2.451,-97.06
9,10,0,0,15.337,-114.85
9,11,0,0,4.123,-103.64
9,12,0,0,13.050,-112.56
9,13,0,0,4.628,-104.14
9,14,0,0,-4.853,-94.66
9,15,0,0,-1.980,-97.53
9,16,0,0,-5.976,-93.54
9,17,0,0,-5.175,-94.34
9,18,0,0,-4.085,-95.43
9,19,0,0,0.207,-99.72
10,0,100,100,-12.211,-87.30
10,1,118,100,-5.699,-93.81
10,2,1271,100,5.535,-105.05
10,3,108,100,-13.982,-85.53
10,4,1024,100,4.751,-104.26
10,5,9934,0,14.653,-114.17
10,6,0,0,1.376,-100.89
10,7,0,0,1.447,-100.96
10,8,0,0,0.761,-100.27
10,9,0,0,15.855,-115.37
10,10,0,0,5.236,-104.75
10,11,0,0,-12.452,-87.06
10,12,0,0,-0.891,-98.62
10,13,0,0,-15.249,-84.26
10,14,0,0,7.655,-107.17
10,15,0,0,0.454,-99.97
10,16,0,0,0.906,-100.42
10,17,0,0,-11.224,-88.29
10,18,0,0,6.521,-106.04
10,19,0,0,2.721,-102.23
11,0,539,100,3.117,-102.63
11,1,126,100,-5.714,-93.80
11,2,9999,95,8.155,-107.67
11,3,9979,0,15.167,-114.68
11,4,0,0,4.012,-103.53
11,5,0,0,-6.229,-93.28
11,6,0,0,8.684,-108.20
11,7,0,0,6.219,-105.73
11,8,0,0,-1.593,-97.92
11,9,0,0,6.396,-105.91
11,10,0,0,-15.918,-83.60
11,11,0,0,-3.744,-95.77
11,12,0,0,3.568,-103.08
11,13,0,0,-0.899,-98.62
11,14,0,0,-1.340,-98.17
11,15,0,0,-8.901,-90.61
11,16,0,0,9.812,-109.33
11,17,0,0,-4.843,-94.67
11,18,0,0,10.653,-110.17
11,19,0,0,-4.741,-94.77
12,0,231,100,-0.289,-99.23
12,1,9998,38,9.244,-108.76
12,2,9156,13,9.691,-109.20
12,3,19,14,-7.800,-91.71
12,4,967,14,7.251,-106.77
12,5,224,14,4.490,-104.00
12,6,37,14,1.811,-101.33
12,7,53,14,2.145,-101.66
12,8,17,14,-7.832,-91.68
12,9,15,14,-8.531,-90.98
12,10,9107,0,17.405,-116.92
12,11,0,0,-12.223,-87.29
12,12,0,0,-2.154,-97.36
12,13,0,0,1.253,-100.77
12,14,0,0,-1.482,-98.03
12,15,0,0,-0.656,-98.86
12,16,0,0,-18.777,-80.74
12,17,0,0,-5.524,-93.99
12,18,0,0,4.142,-103.66
12,19,0,0,10.427,-109.94
13,0,104,100,-10.782,-88.73
13,1,474,100,3.434,-102.95
13,2,109,100,-11.300,-88.21
13,3,123,100,-10.829,-88.68
13,4,187,100,-3.327,-96.19
13,5,228,100,0.107,-99.62
13,6,189,100,-1.848,-97.67
13,7,1363,100,5.730,-105.24
13,8,1502,100,3.700,-103.21
13,9,5467,100,7.495,-107.01
13,10,1329,100,4.984,-104.50
13,11,9612,0,14.485,-114.00
13,12,0,0,0.166,-99.68
13,13,0,0,13.231,-112.75
13,14,0,0,2.113,-101.63
13,15,0,0,-0.299,-99.21
13,16,0,0,16.089,-115.60
13,17,0,0,-9.431,-90.08
13,18,0,0,4.753,-104.27
13,19,0,0,-13.210,-86.30
14,0,197,100,-1.333,-98.18
14,1,590,100,3.056,-102.57
14,2,153,100,-2.435,-97.08
14,3,153,100,-5.562,-93.95
14,4,9990,92,7.958,-107.47
14,5,163,92,-2.130,-97.38
14,6,128,92,-5.941,-93.57
14,7,100,92,-10.811,-88.70
14,8,9951,0,14.171,-113.68
14,9,0,0,2.848,-102.36
14,10,0,0,-0.038,-99.48
14,11,0,0,2.930,-102.44
14,12,0,0,3.710,-103.22
14,13,0,0,1.070,-100.58
14,14,0,0,-5.527,-93.99
14,15,0,0,7.837,-107.35
14,16,0,0,-13.361,-86.15
14,17,0,0,0.433,-99.95
14,18,0,0,9.926,-109.44
14,19,0,0,2.311,-101.83
15,0,122,100,-9.448,-90.07
15,1,125,100,-9.324,-90.19
15,2,241,100,0.946,-100.46
15,3,254,100,0.333,-99.85
15,4,923,100,4.610,-104.12
15,5,132,100,-6.090,-93.42
15,6,3281,100,6.820,-106.33
15,7,120,100,-7.902,-91.61
15,8,807,100,3.605,-103.12
15,9,222,100,-1.006,-98.51
15,10,182,100,-3.448,-96.07
15,11,264,100,-0.809,-98.71
15,12,111,100,-6.452,-93.06
15,13,9873,0,14.519,-114.03
15,14,0,0,-4.993,-94.52
15,15,0,0,15.170,-114.68
15,16,0,0,-2.699,-96.82
15,17,0,0,16.744,-116.26
15,18,0,0,-17.733,-81.78
15,19,0,0,-2.793,-96.72
16,0,134,100,-1.757,-97.76
16,1,150,100,-5.354,-94.16
16,2,277,100,1.616,-101.13
16,3,4335,100,7.363,-106.88
16,4,9979,97,7.964,-107.48
16,5,9779,13,9.604,-109.12
16,6,20,13,-3.192,-96.32
16,7,26,13,-2.955,-96.56
16,8,18,13,-4.277,-95.24
16,9,9148,0,16.592,-116.11
16,10,0,0,-2.346,-97.17
16,11,0,0,9.111,-108.63
16,12,0,0,-5.838,-93.68
16,13,0,0,2.157,-101.67
16,14,0,0,-4.811,-94.70
16,15,0,0,1.616,-101.13
16,16,0,0,-3.225,-96.29
16,17,0,0,7.426,-106.94
16,18,0,0,-14.095,-85.42
16,19,0,0,-1.758,-97.76
17,0,303,100,2.661,-102.17
17,1,156,100,-3.495,-96.02
17,2,10000,0,16.131,-115.64
17,3,0,0,-8.015,-91.50
17,4,0,0,-0.212,-99.30
17,5,0,0,7.562,-107.08
17,6,0,0,13.528,-113.04
17,7,0,0,-1.803,-97.71
17,8,0,0,-5.699,-93.81
17,9,0,0,-3.143,-96.37
17,10,0,0,-5.038,-94.48
17,11,0,0,-2.016,-97.50
17,12,0,0,2.775,-102.29
17,13,0,0,-10.763,-88.75
17,14,0,0,-9.490,-90.02
17,15,0,0,-24.333,-75.18
17,16,0,0,-3.943,-95.57
17,17,0,0,-9.652,-89.86
17,18,0,0,4.648,-104.16
17,19,0,0,-0.602,-98.91
18,0,10000,29,8.961,-108.47
18,1,2205,29,7.492,-107.01
18,2,130,29,1.647,-101.16
18,3,62,29,-4.535,-94.98
18,4,68,29,-2.292,-97.22
18,5,8941,1,11.166,-110.68
18,6,6857,0,14.406,-113.92
18,7,0,0,11.569,-111.08
18,8,0,0,2.046,-101.56
18,9,0,0,-8.212,-91.30
18,10,0,0,4.180,-103.69
18,11,0,0,-10.416,-89.10
18,12,0,0,-2.446,-97.07
18,13,0,0,1.010,-100.52
18,14,0,0,-1.417,-98.10
18,15,0,0,0.684,-100.20
18,16,0,0,-9.054,-90.46
18,17,0,0,0.370,-99.88
18,18,0,0,-6.152,-93.36
18,19,0,0,0.140,-99.65
19,0,393,100,1.957,-101.47
19,1,9995,0,14.573,-114.09
19,2,0,0,3.956,-103.47
19,3,0,0,2.498,-102.01
19,4,0,0,-12.620,-86.89
19,5,0,0,3.931,-103.44
19,6,0,0,-4.903,-94.61
19,7,0,0,3.468,-102.98
19,8,0,0,4.496,-104.01
19,9,0,0,-4.304,-95.21
19,10,0,0,-6.021,-93.49
19,11,0,0,15.408,-114.92
19,12,0,0,12.386,-111.90
19,13,0,0,-3.486,-96.03
19,14,0,0,9.910,-109.42
19,15,0,0,-5.029,-94.49
19,16,0,0,4.370,-103.88
19,17,0,0,11.127,-110.64
19,18,0,0,-9.686,-89.83
19,19,0,0,17.578,-117.09
20,0,1677,100,5.904,-105.42
20,1,111,100,-8.428,-91.09
20,2,985,100,4.248,-103.76
20,3,122,100,-11.627,-87.89
20,4,864,100,3.921,-103.43
20,5,106,100,-15.529,-83.98
20,6,116,100,-7.948,-91.57
20,7,1051,100,4.467,-103.98
20,8,163,100,-3.961,-95.55
20,9,883,100,2.104,-101.62
20,10,255,100,-1.376,-98.14
20,11,4452,100,7.173,-106.69
20,12,2659,100,5.869,-105.38
20,13,220,100,-1.569,-97.95
20,14,537,100,2.288,-101.80
20,15,3085,100,6.591,-106.10
20,16,9574,85,8.010,-107.52
20,17,9455,37,8.928,-108.44
20,18,9024,0,12.716,-112.23
20,19,0,0,8.297,-107.81
21,0,1771,100,6.531,-106.05
21,1,10000,16,9.839,-109.35
21,2,82,16,2.188,-101.70
21,3,52,16,0.968,-100.48
21,4,39,16,0.512,-100.03
21,5,71,16,2.579,-102.09
21,6,20,16,-4.625,-94.89
21,7,30,16,-1.910,-97.60
21,8,16,16,-16.924,-82.59
21,9,110,16,3.703,-103.22
21,10,44,16,-0.854,-98.66
21,11,19,16,-5.156,-94.36
21,12,748,15,7.474,-106.99
21,13,994,15,7.254,-106.77
21,14,15,15,-10.725,-88.79
21,15,9178,7,10.008,-109.52
21,16,29,7,-0.389,-99.12
21,17,123,7,7.108,-106.62
21,18,6754,0,14.432,-113.95
21,19,0,0,4.142,-103.66
22,0,6350,100,7.789,-107.30
22,1,250,100,-0.347,-99.17
22,2,106,100,-16.402,-83.11
22,3,9458,0,18.251,-117.76
22,4,0,0,-10.858,-88.66
22,5,0,0,-3.775,-95.74
22,6,0,0,4.216,-103.73
22,7,0,0,0.507,-100.02
22,8,0,0,-8.311,-91.20
22,9,0,0,16.438,-115.95
22,10,0,0,13.233,-112.75
22,11,0,0,4.868,-104.38
22,12,0,0,-9.197,-90.32
22,13,0,0,1.760,-101.27
22,14,0,0,8.270,-107.78
22,15,0,0,-7.155,-92.36
22,16,0,0,-2.030,-97.48
22,17,0,0,14.893,-114.41
22,18,0,0,5.053,-104.57
22,19,0,0,0.834,-100.35
23,0,157,100,-1.999,-97.52
23,1,2134,100,6.276,-105.79
23,2,9868,92,8.473,-107.99
23,3,1156,91,5.045,-104.56
23,4,6672,78,7.922,-107.44
23,5,6555,73,7.619,-107.13
23,6,112,73,-4.695,-94.82
23,7,74,73,-16.724,-82.79
23,8,103,73,-6.358,-93.16
23,9,75,73,-15.539,-83.98
23,10,1703,73,5.085,-104.60
23,11,280,73,1.737,-101.25
23,12,5201,73,7.296,-106.81
23,13,9152,21,9.783,-109.30
23,14,21,21,-13.381,-86.13
23,15,8151,0,13.524,-113.04
23,16,0,0,7.742,-107.26
23,17,0,0,-9.853,-89.66
23,18,0,0,1.430,-100.94
23,19,0,0,2.964,-102.48
24,0,164,100,-2.676,-96.84
24,1,168,100,-2.641,-96.87
24,2,477,100,3.136,-102.65
24,3,1646,100,5.860,-105.37
24,4,120,100,-6.895,-92.62
24,5,336,100,2.104,-101.62
24,6,9898,76,8.372,-107.89
24,7,113,76,-5.513,-94.00
24,8,3763,71,6.859,-106.37
24,9,173,71,-0.519,-98.99
24,10,110,71,-4.824,-94.69
24,11,1825,71,4.010,-103.52
24,12,236,71,-0.766,-98.75
24,13,248,71,0.587,-100.10
24,14,8868,9,9.619,-109.13
24,15,9,9,-6.971,-92.54
24,16,10,9,-3.549,-95.96
24,17,17,9,-1.643,-97.87
24,18,9,9,-10.823,-88.69
24,19,9,9,-10.182,-89.33
25,0,116,100,-4.521,-94.99
25,1,374,100,2.935,-102.45
25,2,165,100,-1.140,-98.37
25,3,1440,100,5.604,-105.12
25,4,9975,3,10.871,-110.38
25,5,3,3,-7.666,-91.85
25,6,3,3,-10.148,-89.37
25,7,19,3,-3.329,-96.19
25,8,5,3,-5.027,-94.49
25,9,1318,3,9.582,-109.10
25,10,3,3,-5.925,-93.59
25,11,3,3,-9.316,-90.20
25,12,5740,0,11.907,-111.42
25,13,0,0,-1.249,-98.26
25,14,0,0,0.014,-99.53
25,15,0,0,9.217,-108.73
25,16,0,0,2.107,-101.62
25,17,0,0,19.446,-118.96
25,18,0,0,0.065,-99.58
25,19,0,0,-15.152,-84.36
26,0,600,100,3.172,-102.69
26,1,166,100,-3.263,-96.25
26,2,273,100,1.613,-101.13
26,3,234,100,-0.667,-98.85
26,4,9982,72,8.658,-108.17
26,5,9691,46,8.866,-108.38
26,6,501,46,4.336,-103.85
26,7,9144,6,10.340,-109.85
26,8,20,6,-0.926,-98.59
26,9,4678,0,17.394,-116.91
26,10,0,0,-12.090,-87.42
26,11,0,0,13.170,-112.68
26,12,0,0,-1.051,-98.46
26,13,0,0,0.185,-99.70
26,14,0,0,0.448,-99.96
26,15,0,0,-6.955,-92.56
26,16,0,0,3.235,-102.75
26,17,0,0,10.098,-109.61
26,18,0,0,-1.675,-97.84
26,19,0,0,7.957,-107.47
27,0,136,100,-5.000,-94.51
27,1,112,100,-11.038,-88.48
27,2,112,100,-10.068,-89.45
27,3,138,100,-4.619,-94.90
27,4,155,100,-5.019,-94.50
27,5,106,100,-13.335,-86.18
27,6,285,100,1.656,-101.17
27,7,425,100,2.070,-101.58
27,8,9992,47,8.413,-107.93
27,9,55,47,-8.096,-91.42
27,10,91,47,-3.192,-96.32
27,11,1120,47,5.556,-105.07
27,12,86,47,-4.498,-95.02
27,13,56,47,-7.399,-92.11
27,14,183,46,0.813,-100.33
27,15,54,46,-5.868,-93.65
27,16,9667,31,8.856,-108.37
27,17,70,32,-0.982,-98.53
27,18,5560,29,8.616,-108.13
27,19,52,29,-3.540,-95.97
28,0,100,100,-9.894,-89.62
28,1,278,100,0.777,-100.29
28,2,137,100,-2.120,-97.39
28,3,390,100,3.062,-102.58
28,4,9993,0,18.425,-117.94
28,5,0,0,7.595,-107.11
28,6,0,0,10.951,-110.46
28,7,0,0,8.570,-108.08
28,8,0,0,3.817,-103.33
28,9,0,0,-1.853,-97.66
28,10,0,0,-5.803,-93.71
28,11,0,0,1.797,-101.31
28,12,0,0,-2.225,-97.29
28,13,0,0,-3.781,-95.73
28,14,0,0,-1.219,-98.30
28,15,0,0,-12.734,-86.78
28,16,0,0,-8.585,-90.93
28,17,0,0,7.248,-106.76
28,18,0,0,-4.991,-94.52
28,19,0,0,-4.229,-95.28
29,0,1295,100,5.663,-105.18
29,1,178,100,-3.517,-96.00
29,2,9980,0,12.343,-111.86
29,3,0,0,-6.430,-93.08
29,4,0,0,-10.483,-89.03
29,5,0,0,-12.339,-87.18
29,6,0,0,14.411,-113.93
29,7,0,0,7.764,-107.28
29,8,0,0,11.674,-111.19
29,9,0,0,-13.145,-86.37
29,10,0,0,5.262,-104.78
29,11,0,0,9.555,-109.07
29,12,0,0,2.042,-101.56
29,13,0,0,-0.851,-98.66
29,14,0,0,-5.846,-93.67
29,15,0,0,5.272,-104.79
29,16,0,0,3.952,-103.47
29,17,0,0,-6.684,-92.83
29,18,0,0,4.081,-103.59
29,19,0,0,-16.508,-83.01
30,0,10000,99,8.058,-107.57
30,1,9930,25,8.319,-107.83
30,2,128,25,2.247,-101.76
30,3,31,25,-7.493,-92.02
30,4,8980,0,11.746,-111.26
30,5,0,0,1.255,-100.77
30,6,0,0,0.935,-100.45
30,7,0,0,5.367,-104.88
30,8,0,0,-6.929,-92.58
30,9,0,0,-7.204,-92.31
30,10,0,0,-12.055,-87.46
30,11,0,0,5.357,-104.87
30,12,0,0,4.430,-103.94
30,13,0,0,-12.355,-87.16
30,14,0,0,3.519,-103.03
30,15,0,0,-2.959,-96.56
30,16,0,0,-2.790,-96.72
30,17,0,0,-7.423,-92.09
30,18,0,0,-11.364,-88.15
30,19,0,0,-5.068,-94.45
31,0,204,100,-0.082,-99.43
31,1,5333,100,7.403,-106.92
31,2,9848,0,11.096,-110.61
31,3,0,0,2.192,-101.71
31,4,0,0,-11.477,-88.04
31,5,0,0,-1.471,-98.04
31,6,0,0,6.523,-106.04
31,7,0,0,1.545,-101.06
31,8,0,0,1.299,-100.81
31,9,0,0,-9.152,-90.36
31,10,0,0,-9.707,-89.81
31,11,0,0,-1.223,-98.29
31,12,0,0,-13.121,-86.39
31,13,0,0,-3.764,-95.75
31,14,0,0,7.509,-107.02
31,15,0,0,-7.797,-91.72
31,16,0,0,-12.339,-87.18
31,17,0,0,-1.779,-97.74
31,18,0,0,-1.666,-97.85
31,19,0,0,-2.319,-97.19
32,0,125,100,-6.271,-93.24
32,1,9996,0,19.844,-119.36
32,2,0,0,-7.016,-92.50
32,3,0,0,10.143,-109.66
32,4,0,0,-6.920,-92.59
32,5,0,0,5.323,-104.84
32,6,0,0,-7.170,-92.34
32,7,0,0,12.221,-111.74
32,8,0,0,-4.341,-95.17
32,9,0,0,-1.289,-98.22
32,10,0,0,-9.290,-90.22
32,11,0,0,-3.166,-96.35
32,12,0,0,-5.464,-94.05
32,13,0,0,-6.412,-93.10
32,14,0,0,-1.610,-97.90
32,15,0,0,-4.285,-95.23
32,16,0,0,-2.282,-97.23
32,17,0,0,0.437,-99.95
32,18,0,0,-4.639,-94.87
32,19,0,0,-2.812,-96.70
33,0,167,100,-2.485,-97.03
33,1,10000,0,11.825,-111.34
33,2,0,0,18.394,-117.91
33,3,0,0,-1.535,-97.98
33,4,0,0,-3.513,-96.00
33,5,0,0,9.568,-109.08
33,6,0,0,-7.577,-91.94
33,7,0,0,-0.512,-99.00
33,8,0,0,-3.283,-96.23
33,9,0,0,-5.221,-94.29
33,10,0,0,-7.018,-92.50
33,11,0,0,14.211,-113.73
33,12,0,0,-5.148,-94.37
33,13,0,0,0.407,-99.92
33,14,0,0,-1.614,-97.90
33,15,0,0,-10.077,-89.44
33,16,0,0,0.273,-99.79
33,17,0,0,-2.714,-96.80
33,18,0,0,-3.151,-96.36
33,19,0,0,-5.113,-94.40
34,0,180,100,-5.010,-94.50
34,1,170,100,-0.874,-98.64
34,2,219,100,0.176,-99.69
34,3,3103,100,6.562,-106.08
34,4,159,100,-3.364,-96.15
34,5,258,100,0.137,-99.65
34,6,185,100,-3.233,-96.28
34,7,157,100,-3.132,-96.38
34,8,1597,100,5.454,-104.97
34,9,1382,100,2.137,-101.65
34,10,452,100,1.548,-101.06
34,11,102,100,-17.603,-81.91
34,12,9938,0,12.035,-111.55
34,13,0,0,11.525,-111.04
34,14,0,0,-3.932,-95.58
34,15,0,0,-17.412,-82.10
34,16,0,0,-6.163,-93.35
34,17,0,0,3.888,-103.40
34,18,0,0,8.974,-108.49
34,19,0,0,-9.318,-90.20
35,0,177,100,-3.298,-96.22
35,1,161,100,-2.301,-97.21
35,2,119,100,-6.589,-92.93
35,3,879,100,4.592,-104.11
35,4,156,100,-2.978,-96.54
35,5,9965,0,16.693,-116.21
35,6,0,0,-4.674,-94.84
35,7,0,0,-0.343,-99.17
35,8,0,0,-18.686,-80.83
35,9,0,0,8.118,-107.63
35,10,0,0,13.745,-113.26
35,11,0,0,-4.317,-95.20
35,12,0,0,-7.984,-91.53
35,13,0,0,1.557,-101.07
35,14,0,0,5.390,-104.90
35,15,0,0,20.775,-120.29
35,16,0,0,-0.651,-98.86
35,17,0,0,1.830,-101.34
35,18,0,0,18.933,-118.45
35,19,0,0,-15.144,-84.37
36,0,10000,9,10.206,-109.72
36,1,13,9,-0.228,-99.29
36,2,3541,7,8.516,-108.03
36,3,12,7,-2.128,-97.39
36,4,7,7,-22.030,-77.48
36,5,28,7,0.998,-100.51
36,6,180,7,5.678,-105.19
36,7,723,7,6.385,-105.90
36,8,10,7,-5.714,-93.80
36,9,25,7,0.181,-99.70
36,10,8662,0,10.861,-110.37
36,11,0,0,-2.671,-96.84
36,12,0,0,7.562,-107.08
36,13,0,0,2.039,-101.55
36,14,0,0,-0.562,-98.95
36,15,0,0,7.052,-106.57
36,16,0,0,-3.812,-95.70
36,17,0,0,-2.855,-96.66
36,18,0,0,-0.290,-99.22
36,19,0,0,-5.609,-93.90
37,0,444,100,2.964,-102.48
37,1,227,100,0.215,-99.73
37,2,218,100,-1.764,-97.75
37,3,117,100,-8.739,-90.77
37,4,135,100,-4.545,-94.97
37,5,9980,0,19.262,-118.78
37,6,0,0,3.022,-102.54
37,7,0,0,3.997,-103.51
37,8,0,0,-17.849,-81.67
37,9,0,0,8.306,-107.82
37,10,0,0,-11.042,-88.47
37,11,0,0,4.035,-103.55
37,12,0,0,9.374,-108.89
37,13,0,0,2.901,-102.42
37,14,0,0,4.816,-104.33
37,15,0,0,2.200,-101.71
37,16,0,0,-12.826,-86.69
37,17,0,0,14.124,-113.64
37,18,0,0,6.932,-106.45
37,19,0,0,13.006,-112.52
38,0,10000,0,15.952,-115.47
38,1,0,0,-10.961,-88.55
38,2,0,0,-8.942,-90.57
38,3,0,0,-2.657,-96.86
38,4,0,0,1.097,-100.61
38,5,0,0,-9.113,-90.40
38,6,0,0,12.001,-111.51
38,7,0,0,-2.981,-96.53
38,8,0,0,15.533,-115.05
38,9,0,0,7.824,-107.34
38,10,0,0,4.375,-103.89
38,11,0,0,-11.049,-88.46
38,12,0,0,-7.750,-91.76
38,13,0,0,-0.790,-98.72
38,14,0,0,-1.932,-97.58
38,15,0,0,14.010,-113.52
38,16,0,0,2.924,-102.44
38,17,0,0,1.578,-101.09
38,18,0,0,5.147,-104.66
38,19,0,0,-8.213,-91.30
39,0,174,100,0.318,-99.83
39,1,780,100,4.144,-103.66
39,2,107,100,-11.627,-87.89
39,3,9990,0,15.129,-114.64
39,4,0,0,-17.916,-81.60
39,5,0,0,17.577,-117.09
39,6,0,0,7.302,-106.82
39,7,0,0,16.420,-115.93
39,8,0,0,-12.520,-86.99
39,9,0,0,8.298,-107.81
39,10,0,0,9.511,-109.03
39,11,0,0,-9.249,-90.26
39,12,0,0,-7.336,-92.18
39,13,0,0,-1.924,-97.59
39,14,0,0,-4.287,-95.23
39,15,0,0,-5.572,-93.94
39,16,0,0,-9.179,-90.33
39,17,0,0,1.748,-101.26
39,18,0,0,-6.388,-93.13
39,19,0,0,-1.442,-98.07
40,0,101,100,-11.046,-88.47
40,1,10000,1,11.750,-111.26
40,2,7796,0,14.121,-113.63
40,3,0,0,6.914,-106.43
40,4,0,0,-3.987,-95.53
40,5,0,0,3.513,-103.03
40,6,0,0,16.194,-115.71
40,7,0,0,-25.285,-74.23
40,8,0,0,-5.627,-93.89
40,9,0,0,3.450,-102.96
40,10,0,0,15.729,-115.24
40,11,0,0,3.327,-102.84
40,12,0,0,2.064,-101.58
40,13,0,0,-7.105,-92.41
40,14,0,0,-12.383,-87.13
40,15,0,0,-7.480,-92.03
40,16,0,0,1.006,-100.52
40,17,0,0,7.670,-107.18
40,18,0,0,-3.914,-95.60
40,19,0,0,-2.360,-97.15
41,0,259,100,0.005,-99.52
41,1,142,100,-3.104,-96.41
41,2,1399,100,5.927,-105.44
41,3,3838,100,6.988,-106.50
41,4,2655,100,6.298,-105.81
41,5,1309,100,5.175,-104.69
41,6,404,100,1.007,-100.52
41,7,380,100,-0.148,-99.37
41,8,203,100,-1.541,-97.97
41,9,439,100,1.915,-101.43
41,10,2859,100,6.464,-105.98
41,11,640,100,2.908,-102.42
41,12,1064,100,4.938,-104.45
41,13,2889,100,5.786,-105.30
41,14,132,100,-5.842,-93.67
41,15,143,100,-7.259,-92.26
41,16,239,100,-0.887,-98.63
41,17,622,100,2.410,-101.92
41,18,9722,37,8.988,-108.50
41,19,347,37,3.986,-103.50
42,0,2581,100,6.802,-106.32
42,1,199,100,-3.839,-95.68
42,2,538,100,2.479,-101.99
42,3,101,100,-22.877,-76.64
42,4,9959,0,15.675,-115.19
42,5,0,0,2.775,-102.29
42,6,0,0,8.904,-108.42
42,7,0,0,6.254,-105.77
42,8,0,0,11.584,-111.10
42,9,0,0,12.085,-111.60
42,10,0,0,5.451,-104.96
42,11,0,0,-5.464,-94.05
42,12,0,0,4.130,-103.64
42,13,0,0,8.262,-107.78
42,14,0,0,14.426,-113.94
42,15,0,0,-16.862,-82.65
42,16,0,0,-12.059,-87.45
42,17,0,0,5.237,-104.75
42,18,0,0,17.841,-117.35
42,19,0,0,-2.968,-96.55
43,0,119,100,-7.709,-91.80
43,1,164,100,-1.383,-98.13
43,2,323,100,2.806,-102.32
43,3,125,100,-7.443,-92.07
43,4,170,100,-3.796,-95.72
43,5,142,100,-4.525,-94.99
43,6,187,100,-3.172,-96.34
43,7,143,100,-5.618,-93.90
43,8,103,100,-9.093,-90.42
43,9,1576,100,5.838,-105.35
43,10,111,100,-13.532,-85.98
43,11,100,100,-11.910,-87.60
43,12,110,100,-9.173,-90.34
43,13,9944,0,12.401,-111.92
43,14,0,0,0.421,-99.93
43,15,0,0,3.239,-102.75
43,16,0,0,-4.979,-94.54
43,17,0,0,0.146,-99.66
43,18,0,0,1.388,-100.90
43,19,0,0,6.768,-106.28
44,0,144,100,-5.615,-93.90
44,1,303,100,1.073,-100.59
44,2,214,100,-0.564,-98.95
44,3,175,100,-2.241,-97.27
44,4,119,100,-8.946,-90.57
44,5,9989,0,13.440,-112.95
44,6,0,0,1.902,-101.42
44,7,0,0,-4.105,-95.41
44,8,0,0,-6.603,-92.91
44,9,0,0,-7.965,-91.55
44,10,0,0,3.247,-102.76
44,11,0,0,-2.299,-97.21
44,12,0,0,-6.130,-93.38
44,13,0,0,-4.258,-95.26
44,14,0,0,5.439,-104.95
44,15,0,0,4.643,-104.16
44,16,0,0,8.770,-108.28
44,17,0,0,5.499,-105.01
44,18,0,0,-3.310,-96.20
44,19,0,0,2.960,-102.47
45,0,394,100,3.260,-102.77
45,1,9994,25,9.282,-108.80
45,2,57,25,-1.200,-98.31
45,3,66,25,-2.029,-97.48
45,4,117,25,3.198,-102.71
45,5,25,25,-4.306,-95.21
45,6,42,25,-3.853,-95.66
45,7,9513,0,26.277,-125.79
45,8,0,0,-0.938,-98.58
45,9,0,0,5.650,-105.16
45,10,0,0,9.798,-109.31
45,11,0,0,-0.004,-99.51
45,12,0,0,4.426,-103.94
45,13,0,0,-9.441,-90.07
45,14,0,0,5.898,-105.41
45,15,0,0,-1.531,-97.98
45,16,0,0,15.000,-114.51
45,17,0,0,11.820,-111.33
45,18,0,0,-7.381,-92.13
45,19,0,0,-26.058,-73.46
46,0,188,100,-0.693,-98.82
46,1,401,100,2.747,-102.26
46,2,158,100,-5.141,-94.37
46,3,983,100,4.793,-104.31
46,4,234,100,-0.750,-98.76
46,5,1741,100,5.924,-105.44
46,6,217,100,-0.630,-98.88
46,7,117,100,-7.406,-92.11
46,8,439,100,1.667,-101.18
46,9,206,100,-2.703,-96.81
46,10,1150,100,4.629,-104.14
46,11,125,100,-7.615,-91.90
46,12,9853,4,10.527,-110.04
46,13,4,4,-0.156,-99.36
46,14,4,4,-4.472,-95.04
46,15,8294,0,13.927,-113.44
46,16,0,0,-8.369,-91.14
46,17,0,0,-4.180,-95.33
46,18,0,0,-16.746,-82.77
46,19,0,0,1.477,-100.99
47,0,104,100,-9.975,-89.54
47,1,867,100,5.282,-104.80
47,2,175,100,-4.110,-95.40
47,3,127,100,-5.730,-93.78
47,4,259,100,0.911,-100.42
47,5,9992,5,10.263,-109.78
47,6,15,5,-3.939,-95.58
47,7,5,5,-7.411,-92.10
47,8,8,5,-8.230,-91.28
47,9,5,5,-4.827,-94.69
47,10,5,5,-14.038,-85.48
47,11,14,5,0.591,-100.10
47,12,7,5,-8.772,-90.74
47,13,5,5,-6.569,-92.95
47,14,9,5,-8.876,-90.64
47,15,9,5,-3.409,-96.11
47,16,9,5,-7.885,-91.63
47,17,5,5,-9.096,-90.42
47,18,5,5,-12.898,-86.62
47,19,541,5,7.062,-106.58
48,0,7079,100,7.791,-107.30
48,1,105,100,-9.682,-89.83
48,2,9554,81,8.484,-108.00
48,3,169,81,-3.590,-95.92
48,4,86,81,-12.358,-87.16
48,5,604,81,3.072,-102.59
48,6,91,81,-14.176,-85.34
48,7,244,81,0.160,-99.67
48,8,222,81,-0.889,-98.63
48,9,959,81,4.460,-103.97
48,10,104,81,-6.942,-92.57
48,11,109,81,-5.205,-94.31
48,12,170,81,-3.583,-95.93
48,13,84,81,-12.811,-86.70
48,14,895,81,4.250,-103.76
48,15,9682,0,12.897,-112.41
48,16,0,0,5.310,-104.82
48,17,0,0,0.445,-99.96
48,18,0,0,0.626,-100.14
48,19,0,0,9.674,-109.19
49,0,179,100,-0.380,-99.13
49,1,131,100,-6.066,-93.45
49,2,115,100,-7.628,-91.89
49,3,636,100,3.504,-103.02
49,4,176,100,-3.075,-96.44
49,5,219,100,-0.654,-98.86
49,6,196,100,-2.321,-97.19
49,7,236,100,-0.455,-99.06
49,8,413,100,1.989,-101.50
49,9,1718,100,6.195,-105.71
49,10,9961,59,6.730,-106.24
49,11,74,59,-7.552,-91.96
49,12,228,59,1.384,-100.90
49,13,9933,16,9.514,-109.03
49,14,9163,0,11.411,-110.93
49,15,0,0,-4.876,-94.64
49,16,0,0,-1.727,-97.79
49,17,0,0,-12.143,-87.37
49,18,0,0,5.746,-105.26
49,19,0,0,-3.195,-96.32
50,0,10000,0,14.073,-113.59
50,1,0,0,-10.326,-89.19
50,2,0,0,6.031,-105.55
50,3,0,0,-6.794,-92.72
50,4,0,0,5.140,-104.65
50,5,0,0,4.054,-103.57
50,6,0,0,5.089,-104.60
50,7,0,0,-13.645,-85.87
50,8,0,0,-10.891,-88.62
50,9,0,0,4.547,-104.06
50,10,0,0,-7.871,-91.64
50,11,0,0,-9.025,-90.49
50,12,0,0,-12.728,-86.79
50,13,0,0,-0.035,-99.48
50,14,0,0,-7.022,-92.49
50,15,0,0,7.959,-107.47
50,16,0,0,5.261,-104.77
50,17,0,0,8.349,-107.86
50,18,0,0,8.273,-107.79
50,19,0,0,5.731,-105.25
51,0,3620,100,7.289,-106.80
51,1,9905,68,8.481,-107.99
51,2,135,68,-3.124,-96.39
51,3,110,68,-3.171,-96.34
51,4,2350,68,5.886,-105.40
51,5,1767,68,5.581,-105.09
51,6,170,68,-0.848,-98.67
51,7,89,68,-6.825,-92.69
51,8,242,68,-0.263,-99.25
51,9,3179,68,6.752,-106.27
51,10,116,68,-3.724,-95.79
51,11,918,68,4.517,-104.03
51,12,68,68,-19.013,-80.50
51,13,180,68,-2.184,-97.33
51,14,114,68,-4.548,-94.97
51,15,68,68,-25.494,-74.02
51,16,7749,60,8.027,-107.54
51,17,1890,60,6.416,-105.93
51,18,2814,60,7.349,-106.86
51,19,8976,0,12.117,-111.63
52,0,10000,7,10.241,-109.75
52,1,43,7,2.480,-101.99
52,2,30,7,3.882,-103.40
52,3,16,7,-0.515,-99.00
52,4,7,7,-14.404,-85.11
52,5,10,7,-6.352,-93.16
52,6,1226,7,7.768,-107.28
52,7,7,7,-6.345,-93.17
52,8,7,7,-14.108,-85.41
52,9,32,7,-0.544,-98.97
52,10,21,7,-0.430,-99.08
52,11,26,7,3.109,-102.62
52,12,7682,0,13.507,-113.02
52,13,0,0,-2.735,-96.78
52,14,0,0,-1.048,-98.47
52,15,0,0,14.487,-114.00
52,16,0,0,0.604,-100.12
52,17,0,0,15.662,-115.18
52,18,0,0,7.030,-106.54
52,19,0,0,4.085,-103.60
53,0,111,100,-13.720,-85.79
53,1,10000,0,15.036,-114.55
53,2,0,0,-4.839,-94.68
53,3,0,0,8.683,-108.20
53,4,0,0,-13.620,-85.89
53,5,0,0,-8.092,-91.42
53,6,0,0,-4.206,-95.31
53,7,0,0,-8.561,-90.95
53,8,0,0,2.661,-102.18
53,9,0,0,3.850,-103.36
53,10,0,0,10.108,-109.62
53,11,0,0,-0.674,-98.84
53,12,0,0,-2.336,-97.18
53,13,0,0,-1.470,-98.04
53,14,0,0,-7.508,-92.01
53,15,0,0,-25.360,-74.15
53,16,0,0,0.170,-99.68
53,17,0,0,0.409,-99.92
53,18,0,0,6.450,-105.96
53,19,0,0,-5.591,-93.92
54,0,119,100,-6.450,-93.06
54,1,104,100,-7.597,-91.92
54,2,10000,0,14.197,-113.71
54,3,0,0,-10.009,-89.50
54,4,0,0,-12.381,-87.13
54,5,0,0,-0.330,-99.18
54,6,0,0,7.854,-107.37
54,7,0,0,8.716,-108.23
54,8,0,0,-1.694,-97.82
54,9,0,0,8.822,-108.34
54,10,0,0,-1.434,-98.08
54,11,0,0,0.561,-100.08
54,12,0,0,-7.686,-91.83
54,13,0,0,-1.717,-97.80
54,14,0,0,6.184,-105.70
54,15,0,0,1.948,-101.46
54,16,0,0,-5.524,-93.99
54,17,0,0,20.602,-120.12
54,18,0,0,-2.973,-96.54
54,19,0,0,-1.593,-97.92
55,0,125,100,-3.720,-95.79
55,1,3226,100,6.723,-106.24
55,2,1709,100,5.843,-105.36
55,3,287,100,0.063,-99.58
55,4,108,100,-11.748,-87.77
55,5,156,100,-4.423,-95.09
55,6,263,100,-0.578,-98.94
55,7,123,100,-8.577,-90.94
55,8,382,100,0.361,-99.87
55,9,543,100,3.032,-102.55
55,10,446,100,1.632,-101.15
55,11,1032,100,4.288,-103.80
55,12,109,100,-11.467,-88.05
55,13,165,100,-2.298,-97.22
55,14,105,100,-12.984,-86.53
55,15,686,100,3.899,-103.41
55,16,1212,100,4.575,-104.09
55,17,1329,100,5.170,-104.68
55,18,197,100,-3.132,-96.38
55,19,127,100,-4.750,-94.76
56,0,10000,49,8.610,-108.12
56,1,64,49,-5.358,-94.16
56,2,7383,28,9.283,-108.80
56,3,88,28,0.084,-99.60
56,4,67,28,-0.468,-99.05
56,5,76,28,-2.193,-97.32
56,6,267,28,3.696,-103.21
56,7,49,28,-3.909,-95.60
56,8,31,28,-16.035,-83.48
56,9,43,28,-3.168,-96.35
56,10,102,28,0.586,-100.10
56,11,78,28,2.027,-101.54
56,12,28,28,-11.866,-87.65
56,13,45,28,-3.790,-95.72
56,14,40,28,-3.224,-96.29
56,15,74,28,0.375,-99.89
56,16,130,28,1.689,-101.20
56,17,199,28,3.815,-103.33
56,18,66,28,-0.570,-98.94
56,19,47,28,-3.580,-95.93
57,0,145,100,-4.231,-95.28
57,1,109,100,-13.180,-86.33
57,2,6595,100,7.855,-107.37
57,3,192,100,-1.865,-97.65
57,4,291,100,0.003,-99.52
57,5,235,100,-3.322,-96.19
57,6,629,100,3.415,-102.93
57,7,1425,100,5.105,-104.62
57,8,3795,100,6.928,-106.44
57,9,117,100,-8.622,-90.89
57,10,304,100,0.329,-99.84
57,11,560,100,1.597,-101.11
57,12,128,100,-6.745,-92.77
57,13,358,100,1.289,-100.80
57,14,170,100,-4.099,-95.41
57,15,110,100,-12.569,-86.94
57,16,221,100,-2.479,-97.03
57,17,101,100,-15.579,-83.93
57,18,146,100,-4.862,-94.65
57,19,111,100,-12.173,-87.34
58,0,241,100,1.148,-100.66
58,1,167,100,-2.878,-96.64
58,2,9998,0,13.820,-113.33
58,3,0,0,-6.287,-93.23
58,4,0,0,9.349,-108.86
58,5,0,0,-3.974,-95.54
58,6,0,0,-5.069,-94.44
58,7,0,0,-2.977,-96.54
58,8,0,0,-3.454,-96.06
58,9,0,0,-3.421,-96.09
58,10,0,0,8.206,-107.72
58,11,0,0,-14.202,-85.31
58,12,0,0,-5.315,-94.20
58,13,0,0,3.787,-103.30
58,14,0,0,4.835,-104.35
58,15,0,0,0.274,-99.79
58,16,0,0,4.007,-103.52
58,17,0,0,-14.818,-84.70
58,18,0,0,-8.737,-90.78
58,19,0,0,-8.025,-91.49
59,0,106,100,-4.465,-95.05
59,1,170,100,-2.809,-96.70
59,2,174,100,-1.630,-97.88
59,3,1174,100,4.969,-104.48
59,4,110,100,-9.553,-89.96
59,5,152,100,-6.150,-93.36
59,6,9990,0,12.423,-111.94
59,7,0,0,-9.731,-89.78
59,8,0,0,0.870,-100.38
59,9,0,0,2.706,-102.22
59,10,0,0,14.461,-113.97
59,11,0,0,3.413,-102.93
59,12,0,0,11.169,-110.68
59,13,0,0,-2.390,-97.12
59,14,0,0,5.412,-104.93
59,15,0,0,-12.483,-87.03
59,16,0,0,4.390,-103.90
59,17,0,0,7.933,-107.45
59,18,0,0,4.425,-103.94
59,19,0,0,-2.980,-96.53
60,0,323,100,2.698,-102.21
60,1,10000,0,11.667,-111.18
60,2,0,0,0.593,-100.11
60,3,0,0,-0.830,-98.68
60,4,0,0,-4.925,-94.59
60,5,0,0,3.060,-102.57
60,6,0,0,10.442,-109.96
60,7,0,0,9.239,-108.75
60,8,0,0,7.841,-107.36
60,9,0,0,-3.023,-96.49
60,10,0,0,-0.464,-99.05
60,11,0,0,-1.028,-98.49
60,12,0,0,10.336,-109.85
60,13,0,0,1.141,-100.65
60,14,0,0,0.117,-99.63
60,15,0,0,5.167,-104.68
60,16,0,0,13.076,-112.59
60,17,0,0,-19.021,-80.49
60,18,0,0,4.315,-103.83
60,19,0,0,7.522,-107.04
61,0,8423,100,8.128,-107.64
61,1,212,100,-1.285,-98.23
61,2,178,100,-2.497,-97.02
61,3,104,100,-16.523,-82.99
61,4,109,100,-15.552,-83.96
61,5,1255,100,4.556,-104.07
61,6,623,100,3.491,-103.01
61,7,9946,14,9.670,-109.18
61,8,1676,14,7.580,-107.09
61,9,18,14,-8.833,-90.68
61,10,39,14,-4.495,-95.02
61,11,39,14,-0.819,-98.69
61,12,189,14,3.763,-103.28
61,13,16,14,-11.627,-87.89
61,14,2130,14,8.209,-107.72
61,15,14,14,-21.311,-78.20
61,16,20,14,-3.115,-96.40
61,17,7281,1,11.406,-110.92
61,18,46,1,5.256,-104.77
61,19,4,1,0.966,-100.48
62,0,10000,0,13.769,-113.28
62,1,0,0,-4.227,-95.29
62,2,0,0,-11.149,-88.36
62,3,0,0,1.305,-100.82
62,4,0,0,4.875,-104.39
62,5,0,0,-0.803,-98.71
62,6,0,0,6.263,-105.78
62,7,0,0,7.946,-107.46
62,8,0,0,-5.767,-93.75
62,9,0,0,12.451,-111.96
62,10,0,0,2.327,-101.84
62,11,0,0,-20.243,-79.27
62,12,0,0,-2.938,-96.58
62,13,0,0,21.323,-120.84
62,14,0,0,1.549,-101.06
62,15,0,0,2.633,-102.15
62,16,0,0,-7.243,-92.27
62,17,0,0,-9.180,-90.33
62,18,0,0,5.637,-105.15
62,19,0,0,-11.367,-88.15
63,0,112,100,-8.907,-90.61
63,1,103,100,-13.591,-85.92
63,2,288,100,1.407,-100.92
63,3,120,100,-7.765,-91.75
63,4,187,100,0.038,-99.55
63,5,298,100,2.046,-101.56
63,6,110,100,-12.303,-87.21
63,7,546,100,4.204,-103.72
63,8,9990,0,14.740,-114.25
63,9,0,0,8.630,-108.14
63,10,0,0,-4.705,-94.81
63,11,0,0,-5.125,-94.39
63,12,0,0,0.899,-100.41
63,13,0,0,1.110,-100.62
63,14,0,0,-0.386,-99.13
63,15,0,0,-1.423,-98.09
63,16,0,0,3.584,-103.10
63,17,0,0,-4.229,-95.28
63,18,0,0,7.995,-107.51
63,19,0,0,3.615,-103.13
64,0,560,100,4.192,-103.71
64,1,418,100,2.876,-102.39
64,2,292,100,1.450,-100.96
64,3,125,100,-7.790,-91.72
64,4,9976,21,10.175,-109.69
64,5,2250,21,8.255,-107.77
64,6,65,21,2.098,-101.61
64,7,40,21,-5.483,-94.03
64,8,89,21,0.420,-99.93
64,9,34,21,-5.605,-93.91
64,10,21,21,-10.813,-88.70
64,11,539,21,6.091,-105.61
64,12,4926,21,8.627,-108.14
64,13,53,21,-0.388,-99.13
64,14,62,21,-4.949,-94.57
64,15,185,21,3.755,-103.27
64,16,23,21,-7.482,-92.03
64,17,9396,5,10.741,-110.25
64,18,8,5,-2.093,-97.42
64,19,8,5,-5.329,-94.19
65,0,126,100,-6.032,-93.48
65,1,192,100,-1.470,-98.04
65,2,1865,100,5.789,-105.30
65,3,799,100,4.525,-104.04
65,4,494,100,2.738,-102.25
65,5,108,100,-13.384,-86.13
65,6,9921,0,18.820,-118.33
65,7,0,0,4.456,-103.97
65,8,0,0,2.775,-102.29
65,9,0,0,-8.117,-91.40
65,10,0,0,3.249,-102.76
65,11,0,0,-1.894,-97.62
65,12,0,0,-10.028,-89.49
65,13,0,0,6.190,-105.70
65,14,0,0,4.991,-104.51
65,15,0,0,3.109,-102.62
65,16,0,0,-17.385,-82.13
65,17,0,0,4.661,-104.18
65,18,0,0,-9.073,-90.44
65,19,0,0,4.307,-103.82
66,0,137,100,-4.904,-94.61
66,1,289,100,3.210,-102.72
66,2,169,100,-2.875,-96.64
66,3,199,100,0.495,-100.01
66,4,204,100,-0.695,-98.82
66,5,2985,100,6.111,-105.63
66,6,101,100,-14.780,-84.73
66,7,101,100,-17.032,-82.48
66,8,166,100,-5.268,-94.25
66,9,356,100,-0.841,-98.67
66,10,563,100,2.210,-101.72
66,11,8430,100,7.701,-107.22
66,12,9493,0,11.796,-111.31
66,13,0,0,13.197,-112.71
66,14,0,0,-0.330,-99.18
66,15,0,0,9.736,-109.25
66,16,0,0,12.023,-111.54
66,17,0,0,2.536,-102.05
66,18,0,0,-6.654,-92.86
66,19,0,0,-11.133,-88.38
67,0,110,100,-6.466,-93.05
67,1,10000,12,10.269,-109.78
67,2,18,12,-3.064,-96.45
67,3,68,12,3.013,-102.53
67,4,35,12,0.193,-99.71
67,5,42,12,-6.131,-93.38
67,6,14,12,-9.932,-89.58
67,7,92,12,4.225,-103.74
67,8,9621,0,13.327,-112.84
67,9,0,0,-3.309,-96.21
67,10,0,0,-5.137,-94.38
67,11,0,0,-0.345,-99.17
67,12,0,0,-2.030,-97.48
67,13,0,0,-0.605,-98.91
67,14,0,0,5.944,-105.46
67,15,0,0,-16.339,-83.17
67,16,0,0,15.639,-115.15
67,17,0,0,-1.739,-97.77
67,18,0,0,13.876,-113.39
67,19,0,0,-0.187,-99.33
68,0,422,100,2.301,-101.81
68,1,334,100,-1.134,-98.38
68,2,177,100,-2.979,-96.53
68,3,392,100,2.802,-102.32
68,4,469,100,3.003,-102.52
68,5,365,100,1.338,-100.85
68,6,517,100,4.621,-104.14
68,7,383,100,1.377,-100.89
68,8,9979,26,9.215,-108.73
68,9,27,26,-9.638,-89.88
68,10,9471,17,9.864,-109.38
68,11,86,17,0.472,-99.99
68,12,27,17,-8.450,-91.06
68,13,49,17,-1.981,-97.53
68,14,4102,17,8.651,-108.16
68,15,119,17,2.533,-102.05
68,16,107,17,3.623,-103.14
68,17,26,17,-5.080,-94.43
68,18,109,17,3.038,-102.55
68,19,62,17,0.330,-99.84
69,0,111,100,-8.133,-91.38
69,1,2965,100,6.620,-106.13
69,2,823,100,3.013,-102.53
69,3,108,100,-11.843,-87.67
69,4,106,100,-14.117,-85.40
69,5,207,100,-1.651,-97.86
69,6,465,100,1.765,-101.28
69,7,9909,37,8.753,-108.27
69,8,91,37,0.372,-99.89
69,9,803,37,5.013,-104.53
69,10,117,37,-0.695,-98.82
69,11,52,37,-2.625,-96.89
69,12,9707,1,11.196,-110.71
69,13,35,1,2.797,-102.31
69,14,21,1,2.408,-101.92
69,15,52,1,6.963,-106.48
69,16,3,1,2.666,-102.18
69,17,2,1,2.927,-102.44
69,18,3,1,-6.149,-93.37
69,19,605,0,13.118,-112.63
70,0,3223,100,6.801,-106.31
70,1,109,100,-10.540,-88.97
70,2,237,100,-1.402,-98.11
70,3,284,100,0.365,-99.88
70,4,105,100,-10.404,-89.11
70,5,129,100,-4.611,-94.90
70,6,111,100,-14.071,-85.44
70,7,150,100,-3.006,-96.51
70,8,967,100,4.334,-103.85
70,9,112,100,-8.530,-90.98
70,10,100,100,-16.444,-83.07
70,11,290,100,0.250,-99.76
70,12,9915,0,18.376,-117.89
70,13,0,0,8.786,-108.30
70,14,0,0,0.844,-100.36
70,15,0,0,5.985,-105.50
70,16,0,0,11.374,-110.89
70,17,0,0,-1.782,-97.73
70,18,0,0,4.517,-104.03
70,19,0,0,0.093,-99.61
71,0,10000,0,20.508,-120.02
71,1,0,0,-12.173,-87.34
71,2,0,0,-8.966,-90.55
71,3,0,0,-1.764,-97.75
71,4,0,0,16.877,-116.39
71,5,0,0,-2.002,-97.51
71,6,0,0,12.479,-111.99
71,7,0,0,0.114,-99.63
71,8,0,0,-0.833,-98.68
71,9,0,0,-4.417,-95.10
71,10,0,0,-3.164,-96.35
71,11,0,0,-12.612,-86.90
71,12,0,0,-0.670,-98.84
71,13,0,0,3.222,-102.74
71,14,0,0,-7.555,-91.96
71,15,0,0,-0.031,-99.48
71,16,0,0,-16.161,-83.35
71,17,0,0,-6.848,-92.67
71,18,0,0,12.983,-112.50
71,19,0,0,-7.633,-91.88
72,0,880,100,4.677,-104.19
72,1,197,100,-1.525,-97.99
72,2,218,100,-0.734,-98.78
72,3,247,100,-0.164,-99.35
72,4,112,100,-9.552,-89.96
72,5,9976,0,22.735,-122.25
72,6,0,0,-4.018,-95.50
72,7,0,0,2.473,-101.99
72,8,0,0,-0.662,-98.85
72,9,0,0,0.003,-99.52
72,10,0,0,3.079,-102.59
72,11,0,0,-2.815,-96.70
72,12,0,0,-4.131,-95.38
72,13,0,0,-4.523,-94.99
72,14,0,0,13.880,-113.39
72,15,0,0,2.707,-102.22
72,16,0,0,4.736,-104.25
72,17,0,0,-6.721,-92.79
72,18,0,0,-3.717,-95.80
72,19,0,0,1.434,-100.95
73,0,162,100,-0.933,-98.58
73,1,807,100,4.930,-104.44
73,2,9989,0,17.672,-117.19
73,3,0,0,-8.950,-90.56
73,4,0,0,0.567,-100.08
73,5,0,0,5.287,-104.80
73,6,0,0,-1.750,-97.76
73,7,0,0,6.696,-106.21
73,8,0,0,7.348,-106.86
73,9,0,0,9.830,-109.34
73,10,0,0,1.782,-101.30
73,11,0,0,-8.843,-90.67
73,12,0,0,6.723,-106.24
73,13,0,0,-11.515,-88.00
73,14,0,0,7.262,-106.78
73,15,0,0,-5.445,-94.07
73,16,0,0,5.815,-105.33
73,17,0,0,-6.615,-92.90
73,18,0,0,-8.921,-90.59
73,19,0,0,7.844,-107.36
74,0,127,100,-4.381,-95.13
74,1,114,100,-12.897,-86.62
74,2,9994,0,15.809,-115.32
74,3,0,0,-1.626,-97.89
74,4,0,0,4.038,-103.55
74,5,0,0,11.012,-110.53
74,6,0,0,-10.312,-89.20
74,7,0,0,10.114,-109.63
74,8,0,0,2.304,-101.82
74,9,0,0,2.615,-102.13
74,10,0,0,-2.732,-96.78
74,11,0,0,-7.648,-91.87
74,12,0,0,-1.181,-98.33
74,13,0,0,-4.144,-95.37
74,14,0,0,5.229,-104.74
74,15,0,0,-4.059,-95.46
74,16,0,0,1.136,-100.65
74,17,0,0,-3.270,-96.24
74,18,0,0,5.885,-105.40
74,19,0,0,2.362,-101.88
75,0,103,100,-21.627,-77.89
75,1,114,100,-9.683,-89.83
75,2,10000,2,11.284,-110.80
75,3,2,2,-10.295,-89.22
75,4,2,2,-13.121,-86.39
75,5,5,2,2.236,-101.75
75,6,6,2,-4.628,-94.89
75,7,9,2,-3.283,-96.23
75,8,253,2,8.585,-108.10
75,9,2,2,-11.201,-88.31
75,10,6,2,-5.198,-94.32
75,11,6,2,-2.373,-97.14
75,12,31,2,3.620,-103.13
75,13,14,2,5.990,-105.50
75,14,2,2,-2.959,-96.55
75,15,2,2,-9.626,-89.89
75,16,2,2,-6.560,-92.95
75,17,155,2,6.535,-106.05
75,18,6,2,-4.587,-94.93
75,19,2,2,-13.876,-85.64
76,0,173,100,-0.757,-98.76
76,1,831,100,4.053,-103.57
76,2,9984,5,9.399,-108.91
76,3,10,6,-6.544,-92.97
76,4,22,6,0.780,-100.29
76,5,8,6,-8.130,-91.38
76,6,372,6,6.452,-105.97
76,7,13,6,-5.744,-93.77
76,8,30,6,1.668,-101.18
76,9,10,6,-4.485,-95.03
76,10,31,6,-0.037,-99.48
76,11,7,6,-6.283,-93.23
76,12,35,6,0.312,-99.83
76,13,3999,5,9.695,-109.21
76,14,13,5,0.498,-100.01
76,15,30,5,3.971,-103.48
76,16,30,5,3.536,-103.05
76,17,13,5,-0.374,-99.14
76,18,5,5,-4.251,-95.26
76,19,5,5,-4.525,-94.99
77,0,227,100,1.686,-101.20
77,1,9996,97,8.242,-107.76
77,2,118,97,-6.270,-93.24
77,3,584,97,2.775,-102.29
77,4,9729,26,9.310,-108.82
77,5,118,27,0.950,-100.46
77,6,9418,0,12.505,-112.02
77,7,0,0,-6.495,-93.02
77,8,0,0,4.807,-104.32
77,9,0,0,3.880,-103.39
77,10,0,0,9.313,-108.83
77,11,0,0,-10.458,-89.06
77,12,0,0,-4.708,-94.81
77,13,0,0,-11.357,-88.16
77,14,0,0,8.462,-107.98
77,15,0,0,-0.597,-98.92
77,16,0,0,-7.263,-92.25
77,17,0,0,8.967,-108.48
77,18,0,0,3.678,-103.19
77,19,0,0,4.290,-103.80
78,0,165,100,-2.300,-97.21
78,1,118,100,-5.574,-93.94
78,2,329,100,2.270,-101.78
78,3,194,100,-1.691,-97.82
78,4,129,100,-5.881,-93.63
78,5,114,100,-9.433,-90.08
78,6,136,100,-3.692,-95.82
78,7,453,100,2.427,-101.94
78,8,110,100,-8.202,-91.31
78,9,127,100,-4.774,-94.74
78,10,154,100,-4.296,-95.22
78,11,9969,0,14.828,-114.34
78,12,0,0,5.423,-104.94
78,13,0,0,-3.126,-96.39
78,14,0,0,0.579,-100.09
78,15,0,0,0.716,-100.23
78,16,0,0,-4.332,-95.18
78,17,0,0,7.657,-107.17
78,18,0,0,-6.402,-93.11
78,19,0,0,-8.678,-90.84
79,0,147,100,-2.850,-96.66
79,1,628,100,3.762,-103.28
79,2,9987,0,21.680,-121.19
79,3,0,0,-8.415,-91.10
79,4,0,0,1.031,-100.55
79,5,0,0,5.123,-104.64
79,6,0,0,-11.103,-88.41
79,7,0,0,-5.870,-93.64
79,8,0,0,0.502,-100.02
79,9,0,0,-9.483,-90.03
79,10,0,0,1.174,-100.69
79,11,0,0,9.812,-109.33
79,12,0,0,-3.325,-96.19
79,13,0,0,-2.364,-97.15
79,14,0,0,-6.259,-93.25
79,15,0,0,3.378,-102.89
79,16,0,0,7.134,-106.65
79,17,0,0,0.140,-99.65
79,18,0,0,-4.627,-94.89
79,19,0,0,-19.615,-79.90
80,0,116,100,-9.602,-89.91
80,1,2364,100,6.622,-106.14
80,2,590,100,3.386,-102.90
80,3,108,100,-8.276,-91.24
80,4,117,100,-6.961,-92.55
80,5,9910,38,8.787,-108.30
80,6,333,38,1.892,-101.41
80,7,165,38,-0.128,-99.39
80,8,77,38,-1.725,-97.79
80,9,8524,0,15.725,-115.24
80,10,0,0,14.587,-114.10
80,11,0,0,0.483,-100.00
80,12,0,0,-4.015,-95.50
80,13,0,0,-5.733,-93.78
80,14,0,0,12.907,-112.42
80,15,0,0,5.526,-105.04
80,16,0,0,14.783,-114.30
80,17,0,0,9.128,-108.64
80,18,0,0,-3.913,-95.60
80,19,0,0,2.479,-101.99
81,0,227,100,0.176,-99.69
81,1,341,100,1.687,-101.20
81,2,145,100,-3.654,-95.86
81,3,191,100,-2.517,-97.00
81,4,340,100,1.154,-100.67
81,5,135,100,-5.494,-94.02
81,6,113,100,-7.158,-92.36
81,7,134,100,-5.879,-93.64
81,8,221,100,-1.560,-97.95
81,9,2370,100,6.228,-105.74
81,10,9957,6,10.520,-110.03
81,11,9893,0,19.839,-119.35
81,12,0,0,-0.602,-98.91
81,13,0,0,4.356,-103.87
81,14,0,0,-3.803,-95.71
81,15,0,0,-1.659,-97.85
81,16,0,0,18.428,-117.94
81,17,0,0,-7.250,-92.26
81,18,0,0,3.750,-103.26
81,19,0,0,-2.566,-96.95
82,0,283,100,0.834,-100.35
82,1,172,100,-2.153,-97.36
82,2,10000,36,9.033,-108.55
82,3,8482,19,8.925,-108.44
82,4,602,20,6.156,-105.67
82,5,235,20,3.511,-103.02
82,6,3871,19,8.265,-107.78
82,7,188,19,3.434,-102.95
82,8,19,19,-9.633,-89.88
82,9,158,19,3.345,-102.86
82,10,25,19,-0.515,-99.00
82,11,7027,18,9.264,-108.78
82,12,22,18,-11.758,-87.76
82,13,184,18,3.687,-103.20
82,14,21,18,-7.167,-92.35
82,15,19,18,-9.804,-89.71
82,16,18,18,-11.749,-87.76
82,17,65,18,-0.290,-99.22
82,18,21,18,-9.199,-90.32
82,19,24,18,-6.144,-93.37
83,0,103,100,-10.642,-88.87
83,1,184,100,-3.359,-96.16
83,2,155,100,-2.757,-96.76
83,3,110,100,-9.133,-90.38
83,4,9999,23,9.324,-108.84
83,5,186,23,0.971,-100.48
83,6,194,23,2.643,-102.16
83,7,209,23,2.734,-102.25
83,8,9679,0,12.126,-111.64
83,9,0,0,-12.557,-86.96
83,10,0,0,3.912,-103.43
83,11,0,0,-2.935,-96.58
83,12,0,0,-5.225,-94.29
83,13,0,0,0.976,-100.49
83,14,0,0,2.361,-101.88
83,15,0,0,-1.931,-97.58
83,16,0,0,1.739,-101.25
83,17,0,0,2.955,-102.47
83,18,0,0,-7.104,-92.41
83,19,0,0,8.333,-107.85
84,0,2849,100,6.645,-106.16
84,1,2322,100,6.236,-105.75
84,2,9987,0,17.852,-117.37
84,3,0,0,9.579,-109.09
84,4,0,0,4.881,-104.39
84,5,0,0,-8.069,-91.44
84,6,0,0,5.928,-105.44
84,7,0,0,16.647,-116.16
84,8,0,0,0.793,-100.31
84,9,0,0,9.367,-108.88
84,10,0,0,4.802,-104.32
84,11,0,0,4.760,-104.27
84,12,0,0,7.733,-107.25
84,13,0,0,-3.026,-96.49
84,14,0,0,-6.596,-92.92
84,15,0,0,-12.724,-86.79
84,16,0,0,0.186,-99.70
84,17,0,0,-1.400,-98.11
84,18,0,0,5.890,-105.40
84,19,0,0,17.207,-116.72
85,0,282,100,1.865,-101.38
85,1,1173,100,4.939,-104.45
85,2,123,100,-8.578,-90.94
85,3,499,100,3.306,-102.82
85,4,9990,24,9.809,-109.32
85,5,43,24,-0.213,-99.30
85,6,154,24,2.375,-101.89
85,7,8680,0,16.848,-116.36
85,8,0,0,-9.436,-90.08
85,9,0,0,-18.041,-81.47
85,10,0,0,-4.687,-94.83
85,11,0,0,4.630,-104.14
85,12,0,0,9.407,-108.92
85,13,0,0,4.421,-103.94
85,14,0,0,-13.272,-86.24
85,15,0,0,-13.652,-85.86
85,16,0,0,-15.803,-83.71
85,17,0,0,1.041,-100.55
85,18,0,0,4.100,-103.61
85,19,0,0,-3.349,-96.16
86,0,103,100,-17.769,-81.74
86,1,363,100,2.597,-102.11
86,2,2035,100,6.112,-105.63
86,3,641,100,3.341,-102.85
86,4,117,100,-8.511,-91.00
86,5,9955,99,8.011,-107.52
86,6,9523,0,14.172,-113.69
86,7,0,0,0.596,-100.11
86,8,0,0,-6.146,-93.37
86,9,0,0,-6.302,-93.21
86,10,0,0,9.476,-108.99
86,11,0,0,7.113,-106.63
86,12,0,0,10.075,-109.59
86,13,0,0,-8.214,-91.30
86,14,0,0,-8.754,-90.76
86,15,0,0,-0.156,-99.36
86,16,0,0,-9.571,-89.94
86,17,0,0,6.691,-106.20
86,18,0,0,-5.364,-94.15
86,19,0,0,7.238,-106.75
87,0,106,100,-10.318,-89.20
87,1,138,100,-7.468,-92.05
87,2,203,100,1.041,-100.55
87,3,625,100,3.613,-103.13
87,4,154,100,-1.882,-97.63
87,5,111,100,-9.058,-90.46
87,6,106,100,-10.650,-88.86
87,7,238,100,-2.528,-96.99
87,8,131,100,-4.849,-94.66
87,9,168,100,-2.542,-96.97
87,10,9982,0,12.289,-111.80
87,11,0,0,6.281,-105.80
87,12,0,0,-3.408,-96.11
87,13,0,0,-3.507,-96.01
87,14,0,0,3.903,-103.42
87,15,0,0,-13.921,-85.59
87,16,0,0,-4.573,-94.94
87,17,0,0,-4.677,-94.84
87,18,0,0,1.160,-100.67
87,19,0,0,-1.890,-97.62
88,0,271,100,1.798,-101.31
88,1,367,100,2.130,-101.64
88,2,240,100,-1.318,-98.20
88,3,1666,100,6.001,-105.52
88,4,222,100,-1.165,-98.35
88,5,657,100,3.762,-103.28
88,6,365,100,1.519,-101.03
88,7,117,100,-11.960,-87.55
88,8,436,100,2.117,-101.63
88,9,108,100,-9.521,-89.99
88,10,9954,3,11.688,-111.20
88,11,91,3,6.197,-105.71
88,12,3,3,-12.476,-87.04
88,13,1253,2,9.435,-108.95
88,14,11,2,1.672,-101.19
88,15,2,2,-5.181,-94.33
88,16,13,2,1.877,-101.39
88,17,2,2,1.914,-101.43
88,18,8,2,4.358,-103.87
88,19,2,2,-8.670,-90.84
89,0,250,100,-2.432,-97.08
89,1,133,100,-3.188,-96.33
89,2,421,100,3.036,-102.55
89,3,9994,0,11.084,-110.60
89,4,0,0,-1.973,-97.54
89,5,0,0,1.232,-100.75
89,6,0,0,0.771,-100.29
89,7,0,0,-13.051,-86.46
89,8,0,0,-1.595,-97.92
89,9,0,0,6.694,-106.21
89,10,0,0,0.344,-99.86
89,11,0,0,5.224,-104.74
89,12,0,0,-3.291,-96.22
89,13,0,0,11.238,-110.75
89,14,0,0,-1.412,-98.10
89,15,0,0,-2.493,-97.02
89,16,0,0,10.377,-109.89
89,17,0,0,-7.406,-92.11
89,18,0,0,9.434,-108.95
89,19,0,0,4.189,-103.70
90,0,6227,100,7.609,-107.12
90,1,170,100,-3.497,-96.02
90,2,110,100,-11.922,-87.59
90,3,393,100,1.627,-101.14
90,4,9937,0,20.325,-119.84
90,5,0,0,-4.312,-95.20
90,6,0,0,-11.321,-88.19
90,7,0,0,1.297,-100.81
90,8,0,0,-3.045,-96.47
90,9,0,0,-7.003,-92.51
90,10,0,0,2.344,-101.86
90,11,0,0,7.716,-107.23
90,12,0,0,2.173,-101.69
90,13,0,0,-19.030,-80.48
90,14,0,0,3.204,-102.72
90,15,0,0,-5.176,-94.34
90,16,0,0,3.305,-102.82
90,17,0,0,-12.395,-87.12
90,18,0,0,6.823,-106.34
90,19,0,0,-16.262,-83.25
91,0,119,100,-9.004,-90.51
91,1,130,100,-4.335,-95.18
91,2,128,100,-3.824,-95.69
91,3,151,100,-5.360,-94.15
91,4,225,100,-4.566,-94.95
91,5,130,100,-5.907,-93.61
91,6,103,100,-13.749,-85.77
91,7,178,100,-4.069,-95.45
91,8,175,100,-4.061,-95.45
91,9,156,100,-5.350,-94.16
91,10,173,100,-3.619,-95.89
91,11,405,100,3.173,-102.69
91,12,157,100,-5.305,-94.21
91,13,9990,0,12.521,-112.03
91,14,0,0,-11.447,-88.07
91,15,0,0,0.559,-100.07
91,16,0,0,20.703,-120.22
91,17,0,0,6.447,-105.96
91,18,0,0,-7.965,-91.55
91,19,0,0,-3.649,-95.86
92,0,1018,100,4.874,-104.39
92,1,123,100,-9.438,-90.08
92,2,292,100,0.124,-99.64
92,3,131,100,-8.277,-91.24
92,4,1716,100,5.937,-105.45
92,5,171,100,-3.921,-95.59
92,6,104,100,-20.406,-79.11
92,7,101,100,-15.075,-84.44
92,8,9973,0,13.404,-112.92
92,9,0,0,4.012,-103.53
92,10,0,0,-7.862,-91.65
92,11,0,0,16.678,-116.19
92,12,0,0,0.487,-100.00
92,13,0,0,0.124,-99.64
92,14,0,0,-0.505,-99.01
92,15,0,0,-8.309,-91.21
92,16,0,0,-2.595,-96.92
92,17,0,0,-7.971,-91.54
92,18,0,0,-4.662,-94.85
92,19,0,0,1.104,-100.62
93,0,1712,100,5.656,-105.17
93,1,808,100,3.567,-103.08
93,2,1204,100,4.581,-104.10
93,3,756,100,3.268,-102.78
93,4,230,100,0.234,-99.75
93,5,242,100,0.075,-99.59
93,6,685,100,3.464,-102.98
93,7,159,100,-3.800,-95.71
93,8,284,100,-0.253,-99.26
93,9,144,100,-6.636,-92.88
93,10,9848,0,11.739,-111.25
93,11,0,0,2.110,-101.62
93,12,0,0,13.932,-113.45
93,13,0,0,9.844,-109.36
93,14,0,0,-6.313,-93.20
93,15,0,0,8.368,-107.88
93,16,0,0,1.457,-100.97
93,17,0,0,7.846,-107.36
93,18,0,0,13.343,-112.86
93,19,0,0,-8.709,-90.81
94,0,100,100,-20.132,-79.38
94,1,104,100,-13.516,-86.00
94,2,10000,0,19.666,-119.18
94,3,0,0,0.624,-100.14
94,4,0,0,14.365,-113.88
94,5,0,0,4.317,-103.83
94,6,0,0,-7.688,-91.83
94,7,0,0,-7.117,-92.40
94,8,0,0,-3.849,-95.67
94,9,0,0,-3.765,-95.75
94,10,0,0,-0.378,-99.14
94,11,0,0,-5.358,-94.16
94,12,0,0,-7.525,-91.99
94,13,0,0,-2.163,-97.35
94,14,0,0,10.544,-110.06
94,15,0,0,14.777,-114.29
94,16,0,0,0.834,-100.35
94,17,0,0,-7.074,-92.44
94,18,0,0,-13.244,-86.27
94,19,0,0,9.502,-109.02
95,0,9982,100,8.074,-107.59
95,1,262,100,-0.027,-99.49
95,2,9990,0,13.492,-113.01
95,3,0,0,-8.241,-91.27
95,4,0,0,7.027,-106.54
95,5,0,0,-10.431,-89.08
95,6,0,0,4.085,-103.60
95,7,0,0,11.213,-110.73
95,8,0,0,-8.835,-90.68
95,9,0,0,6.409,-105.92
95,10,0,0,4.623,-104.14
95,11,0,0,-10.785,-88.73
95,12,0,0,4.741,-104.25
95,13,0,0,11.597,-111.11
95,14,0,0,2.969,-102.48
95,15,0,0,2.131,-101.64
95,16,0,0,-9.494,-90.02
95,17,0,0,-16.698,-82.82
95,18,0,0,4.496,-104.01
95,19,0,0,-10.416,-89.10
96,0,177,100,-4.650,-94.86
96,1,116,100,-9.114,-90.40
96,2,167,100,-1.491,-98.02
96,3,1827,100,5.870,-105.38
96,4,742,100,2.745,-102.26
96,5,109,100,-10.760,-88.75
96,6,2534,100,6.423,-105.94
96,7,9919,0,14.630,-114.14
96,8,0,0,0.996,-100.51
96,9,0,0,11.382,-110.90
96,10,0,0,-6.729,-92.78
96,11,0,0,-2.782,-96.73
96,12,0,0,-3.348,-96.17
96,13,0,0,1.419,-100.93
96,14,0,0,-7.772,-91.74
96,15,0,0,9.115,-108.63
96,16,0,0,-5.095,-94.42
96,17,0,0,-2.253,-97.26
96,18,0,0,-10.915,-88.60
96,19,0,0,4.998,-104.51
97,0,173,100,-1.040,-98.47
97,1,988,100,4.705,-104.22
97,2,169,100,-3.729,-95.78
97,3,1487,100,6.050,-105.56
97,4,261,100,0.650,-100.16
97,5,210,100,-1.182,-98.33
97,6,1401,100,5.207,-104.72
97,7,9948,0,15.439,-114.95
97,8,0,0,-3.104,-96.41
97,9,0,0,2.794,-102.31
97,10,0,0,9.076,-108.59
97,11,0,0,4.088,-103.60
97,12,0,0,5.955,-105.47
97,13,0,0,10.745,-110.26
97,14,0,0,13.925,-113.44
97,15,0,0,7.371,-106.89
97,16,0,0,0.333,-99.85
97,17,0,0,6.300,-105.81
97,18,0,0,-7.724,-91.79
97,19,0,0,-3.265,-96.25
98,0,10000,0,15.173,-114.69
98,1,0,0,2.839,-102.35
98,2,0,0,10.316,-109.83
98,3,0,0,4.742,-104.26
98,4,0,0,1.779,-101.29
98,5,0,0,-7.580,-91.93
98,6,0,0,4.578,-104.09
98,7,0,0,3.120,-102.63
98,8,0,0,-4.807,-94.71
98,9,0,0,0.907,-100.42
98,10,0,0,4.542,-104.06
98,11,0,0,-8.817,-90.70
98,12,0,0,-2.188,-97.33
98,13,0,0,2.072,-101.59
98,14,0,0,-7.952,-91.56
98,15,0,0,10.502,-110.02
98,16,0,0,-7.480,-92.03
98,17,0,0,-12.687,-86.83
98,18,0,0,2.497,-102.01
98,19,0,0,-4.394,-95.12
99,0,168,100,-1.904,-97.61
99,1,3859,100,7.224,-106.74
99,2,339,100,0.330,-99.84
99,3,252,100,-0.639,-98.88
99,4,541,100,2.255,-101.77
99,5,1355,100,1.786,-101.30
99,6,104,100,-18.640,-80.87
99,7,169,100,-3.573,-95.94
99,8,9908,9,9.813,-109.33
99,9,139,10,4.503,-104.02
99,10,54,10,0.034,-99.55
99,11,26,10,1.614,-101.13
99,12,19,10,0.590,-100.10
99,13,80,10,2.503,-102.02
99,14,10,10,-9.735,-89.78
99,15,10,10,-6.575,-92.94
99,16,1921,10,8.799,-108.31
99,17,8873,0,27.564,-127.08
99,18,0,0,1.748,-101.26
99,19,0,0,-15.702,-83.81
100,0,564,100,3.612,-103.13
100,1,201,100,-1.288,-98.23
100,2,976,100,4.821,-104.34
100,3,294,100,0.461,-99.97
100,4,146,100,-5.240,-94.27
100,5,622,100,2.292,-101.81
100,6,210,100,-2.169,-97.34
100,7,536,100,3.919,-103.43
100,8,9938,30,9.362,-108.88
100,9,9627,11,9.600,-109.11
100,10,7368,0,19.991,-119.51
100,11,0,0,2.233,-101.75
100,12,0,0,4.907,-104.42
100,13,0,0,1.600,-101.11
100,14,0,0,-2.469,-97.04
100,15,0,0,-3.275,-96.24
100,16,0,0,-0.459,-99.05
100,17,0,0,11.720,-111.23
100,18,0,0,15.381,-114.90
100,19,0,0,2.048,-101.56
101,0,100,100,-18.994,-80.52
101,1,10000,60,8.559,-108.07
101,2,75,60,-10.561,-88.95
101,3,61,60,-13.631,-85.88
101,4,101,60,-6.397,-93.12
101,5,212,60,-0.282,-99.23
101,6,2776,60,6.837,-106.35
101,7,9532,0,13.906,-113.42
101,8,0,0,-8.047,-91.47
101,9,0,0,-4.221,-95.29
101,10,0,0,-5.754,-93.76
101,11,0,0,-3.867,-95.65
101,12,0,0,-0.758,-98.76
101,13,0,0,-12.117,-87.40
101,14,0,0,1.311,-100.82
101,15,0,0,0.040,-99.55
101,16,0,0,14.759,-114.27
101,17,0,0,-10.845,-88.67
101,18,0,0,-1.437,-98.08
101,19,0,0,-1.968,-97.55
102,0,183,100,-4.704,-94.81
102,1,126,100,-4.956,-94.56
102,2,107,100,-9.450,-90.06
102,3,9999,67,8.657,-108.17
102,4,9876,0,13.266,-112.78
102,5,0,0,-9.792,-89.72
102,6,0,0,-2.569,-96.95
102,7,0,0,13.384,-112.90
102,8,0,0,-12.292,-87.22
102,9,0,0,-0.008,-99.51
102,10,0,0,8.181,-107.69
102,11,0,0,-0.185,-99.33
102,12,0,0,16.534,-116.05
102,13,0,0,11.677,-111.19
102,14,0,0,-0.274,-99.24
102,15,0,0,-3.797,-95.72
102,16,0,0,-6.526,-92.99
102,17,0,0,-2.406,-97.11
102,18,0,0,-7.788,-91.73
102,19,0,0,10.591,-110.11
103,0,3641,100,7.222,-106.74
103,1,114,100,-8.078,-91.44
103,2,103,100,-17.638,-81.88
103,3,159,100,-3.639,-95.88
103,4,133,100,-6.500,-93.01
103,5,334,100,0.546,-100.06
103,6,381,100,1.186,-100.70
103,7,9921,35,8.902,-108.42
103,8,35,35,-15.035,-84.48
103,9,47,35,-3.621,-95.89
103,10,246,35,1.581,-101.09
103,11,141,35,1.677,-101.19
103,12,218,35,3.553,-103.07
103,13,8772,0,13.628,-113.14
103,14,0,0,-3.493,-96.02
103,15,0,0,-6.610,-92.90
103,16,0,0,-3.537,-95.98
103,17,0,0,-2.547,-96.97
103,18,0,0,-1.627,-97.89
103,19,0,0,0.712,-100.23
104,0,10000,0,13.121,-112.64
104,1,0,0,-1.743,-97.77
104,2,0,0,1.069,-100.58
104,3,0,0,4.817,-104.33
104,4,0,0,-5.314,-94.20
104,5,0,0,15.616,-115.13
104,6,0,0,-9.903,-89.61
104,7,0,0,12.654,-112.17
104,8,0,0,3.948,-103.46
104,9,0,0,-7.596,-91.92
104,10,0,0,7.738,-107.25
104,11,0,0,8.932,-108.45
104,12,0,0,-9.243,-90.27
104,13,0,0,8.335,-107.85
104,14,0,0,4.747,-104.26
104,15,0,0,-8.174,-91.34
104,16,0,0,0.238,-99.75
104,17,0,0,-3.046,-96.47
104,18,0,0,7.050,-106.56
104,19,0,0,-1.094,-98.42
105,0,417,100,2.116,-101.63
105,1,281,100,0.538,-100.05
105,2,297,100,1.216,-100.73
105,3,9990,0,11.770,-111.28
105,4,0,0,-5.292,-94.22
105,5,0,0,4.327,-103.84
105,6,0,0,-6.458,-93.06
105,7,0,0,4.020,-103.53
105,8,0,0,-1.579,-97.93
105,9,0,0,-7.416,-92.10
105,10,0,0,4.679,-104.19
105,11,0,0,2.514,-102.03
105,12,0,0,-0.246,-99.27
105,13,0,0,3.106,-102.62
105,14,0,0,-4.051,-95.46
105,15,0,0,2.707,-102.22
105,16,0,0,6.419,-105.93
105,17,0,0,2.156,-101.67
105,18,0,0,-18.348,-81.17
105,19,0,0,1.598,-101.11
106,0,957,100,5.178,-104.69
106,1,400,100,2.319,-101.83
106,2,207,100,-2.036,-97.48
106,3,222,100,-0.317,-99.20
106,4,124,100,-8.167,-91.35
106,5,737,100,3.632,-103.15
106,6,9934,45,8.868,-108.38
106,7,286,45,3.554,-103.07
106,8,45,45,-11.913,-87.60
106,9,74,45,-5.512,-94.00
106,10,265,45,3.462,-102.98
106,11,4600,41,7.895,-107.41
106,12,5079,40,6.566,-106.08
106,13,129,41,-0.537,-98.98
106,14,97,41,-3.361,-96.15
106,15,9641,0,15.377,-114.89
106,16,0,0,2.340,-101.85
106,17,0,0,1.512,-101.03
106,18,0,0,-5.009,-94.50
106,19,0,0,9.115,-108.63
107,0,117,100,-4.058,-95.46
107,1,149,100,-6.084,-93.43
107,2,835,100,4.523,-104.04
107,3,181,100,-1.119,-98.39
107,4,9983,0,17.990,-117.50
107,5,0,0,5.168,-104.68
107,6,0,0,-3.402,-96.11
107,7,0,0,1.303,-100.82
107,8,0,0,4.156,-103.67
107,9,0,0,-3.008,-96.51
107,10,0,0,-0.389,-99.13
107,11,0,0,-9.443,-90.07
107,12,0,0,2.348,-101.86
107,13,0,0,-3.425,-96.09
107,14,0,0,3.192,-102.71
107,15,0,0,3.572,-103.09
107,16,0,0,11.377,-110.89
107,17,0,0,-3.767,-95.75
107,18,0,0,12.265,-111.78
107,19,0,0,3.067,-102.58
108,0,134,100,-5.529,-93.98
108,1,109,100,-8.143,-91.37
108,2,9998,0,11.446,-110.96
108,3,0,0,4.609,-104.12
108,4,0,0,-18.101,-81.41
108,5,0,0,-5.350,-94.16
108,6,0,0,-11.636,-87.88
108,7,0,0,-5.955,-93.56
108,8,0,0,-13.678,-85.84
108,9,0,0,-10.695,-88.82
108,10,0,0,-3.893,-95.62
108,11,0,0,-4.102,-95.41
108,12,0,0,6.257,-105.77
108,13,0,0,2.000,-101.51
108,14,0,0,8.962,-108.48
108,15,0,0,-5.433,-94.08
108,16,0,0,6.876,-106.39
108,17,0,0,0.197,-99.71
108,18,0,0,-5.077,-94.44
108,19,0,0,10.097,-109.61
109,0,165,100,-5.496,-94.02
109,1,163,100,-0.611,-98.90
109,2,171,100,-1.081,-98.43
109,3,9995,0,15.471,-114.98
109,4,0,0,2.509,-102.02
109,5,0,0,-6.279,-93.24
109,6,0,0,3.967,-103.48
109,7,0,0,9.888,-109.40
109,8,0,0,-1.276,-98.24
109,9,0,0,1.338,-100.85
109,10,0,0,-3.944,-95.57
109,11,0,0,1.248,-100.76
109,12,0,0,10.771,-110.29
109,13,0,0,-2.869,-96.65
109,14,0,0,-0.682,-98.83
109,15,0,0,9.414,-108.93
109,16,0,0,0.716,-100.23
109,17,0,0,3.820,-103.33
109,18,0,0,-4.868,-94.65
109,19,0,0,5.046,-104.56
110,0,112,100,-9.225,-90.29
110,1,195,100,-0.051,-99.46
110,2,9988,24,9.553,-109.07
110,3,25,24,-8.971,-90.54
110,4,29,24,-9.194,-90.32
110,5,62,24,-1.979,-97.53
110,6,2208,24,8.000,-107.51
110,7,46,24,-1.328,-98.19
110,8,46,24,-3.136,-96.38
110,9,561,24,5.890,-105.40
110,10,46,24,-8.487,-91.03
110,11,223,24,3.659,-103.17
110,12,24,24,-9.461,-90.05
110,13,532,24,4.710,-104.22
110,14,183,24,2.758,-102.27
110,15,36,24,-5.037,-94.48
110,16,9150,7,10.534,-110.05
110,17,48,7,5.299,-104.81
110,18,39,7,4.053,-103.57
110,19,9,7,-4.483,-95.03
111,0,198,100,-0.583,-98.93
111,1,10000,21,9.304,-108.82
111,2,29,21,-9.487,-90.03
111,3,64,21,-3.283,-96.23
111,4,2477,21,8.215,-107.73
111,5,106,21,1.399,-100.91
111,6,9753,2,10.880,-110.39
111,7,2,2,-1.876,-97.64
111,8,2,2,-9.998,-89.52
111,9,17,2,2.863,-102.38
111,10,4571,0,20.578,-120.09
111,11,0,0,-11.254,-88.26
111,12,0,0,-3.469,-96.05
111,13,0,0,-5.660,-93.85
111,14,0,0,2.016,-101.53
111,15,0,0,5.391,-104.90
111,16,0,0,5.025,-104.54
111,17,0,0,2.344,-101.86
111,18,0,0,-4.231,-95.28
111,19,0,0,1.311,-100.82
112,0,7225,100,7.763,-107.28
112,1,100,100,-18.870,-80.64
112,2,678,100,3.276,-102.79
112,3,524,100,2.211,-101.73
112,4,275,100,-1.693,-97.82
112,5,373,100,0.168,-99.68
112,6,198,100,-1.892,-97.62
112,7,391,100,0.699,-100.21
112,8,9834,0,20.245,-119.76
112,9,0,0,-6.124,-93.39
112,10,0,0,8.852,-108.37
112,11,0,0,-5.093,-94.42
112,12,0,0,3.372,-102.89
112,13,0,0,3.994,-103.51
112,14,0,0,-5.410,-94.10
112,15,0,0,5.005,-104.52
112,16,0,0,-6.193,-93.32
112,17,0,0,-0.191,-99.32
112,18,0,0,14.876,-114.39
112,19,0,0,13.998,-113.51
113,0,128,100,-1.764,-97.75
113,1,211,100,-0.090,-99.42
113,2,9994,31,9.008,-108.52
113,3,70,31,-2.083,-97.43
113,4,9505,29,9.241,-108.76
113,5,9515,0,14.505,-114.02
113,6,0,0,-4.591,-94.92
113,7,0,0,7.897,-107.41
113,8,0,0,6.239,-105.75
113,9,0,0,5.375,-104.89
113,10,0,0,-9.456,-90.06
113,11,0,0,-3.602,-95.91
113,12,0,0,2.394,-101.91
113,13,0,0,1.530,-101.04
113,14,0,0,-11.152,-88.36
113,15,0,0,-3.260,-96.25
113,16,0,0,-3.900,-95.61
113,17,0,0,4.306,-103.82
113,18,0,0,-6.837,-92.68
113,19,0,0,2.475,-101.99
114,0,10000,85,8.359,-107.87
114,1,9677,0,13.388,-112.90
114,2,0,0,16.026,-115.54
114,3,0,0,-3.564,-95.95
114,4,0,0,-2.759,-96.75
114,5,0,0,2.033,-101.55
114,6,0,0,-15.792,-83.72
114,7,0,0,1.677,-101.19
114,8,0,0,7.621,-107.13
114,9,0,0,-1.533,-97.98
114,10,0,0,-3.415,-96.10
114,11,0,0,5.968,-105.48
114,12,0,0,4.804,-104.32
114,13,0,0,6.638,-106.15
114,14,0,0,-12.906,-86.61
114,15,0,0,-8.704,-90.81
114,16,0,0,-14.643,-84.87
114,17,0,0,4.856,-104.37
114,18,0,0,-9.827,-89.69
114,19,0,0,-3.613,-95.90
115,0,320,100,1.635,-101.15
115,1,4650,100,7.290,-106.80
115,2,107,100,-9.981,-89.53
115,3,104,100,-14.294,-85.22
115,4,155,100,-4.609,-94.90
115,5,129,100,-8.267,-91.25
115,6,449,100,1.333,-100.85
115,7,894,100,3.759,-103.27
115,8,147,100,-5.814,-93.70
115,9,2926,100,6.247,-105.76
115,10,782,100,3.323,-102.84
115,11,100,100,-16.456,-83.06
115,12,190,100,-2.560,-96.95
115,13,859,100,4.064,-103.58
115,14,475,100,1.850,-101.36
115,15,118,100,-11.412,-88.10
115,16,7588,100,7.856,-107.37
115,17,127,100,-6.360,-93.15
115,18,159,100,-1.926,-97.59
115,19,186,100,-4.362,-95.15
116,0,10000,0,21.150,-120.66
116,1,0,0,4.921,-104.43
116,2,0,0,3.071,-102.58
116,3,0,0,-6.071,-93.44
116,4,0,0,5.781,-105.29
116,5,0,0,3.678,-103.19
116,6,0,0,-5.493,-94.02
116,7,0,0,5.198,-104.71
116,8,0,0,3.217,-102.73
116,9,0,0,-7.920,-91.59
116,10,0,0,-9.691,-89.82
116,11,0,0,4.395,-103.91
116,12,0,0,-9.803,-89.71
116,13,0,0,3.542,-103.06
116,14,0,0,1.925,-101.44
116,15,0,0,4.167,-103.68
116,16,0,0,-7.691,-91.82
116,17,0,0,12.973,-112.49
116,18,0,0,-5.670,-93.84
116,19,0,0,-0.078,-99.44
117,0,106,100,-9.882,-89.63
117,1,205,100,1.124,-100.64
117,2,3627,100,6.967,-106.48
117,3,9959,9,10.676,-110.19
117,4,13,9,-1.070,-98.44
117,5,45,9,4.418,-103.93
117,6,43,9,1.444,-100.96
117,7,10,9,-5.795,-93.72
117,8,38,9,2.554,-102.07
117,9,8268,0,19.014,-118.53
117,10,0,0,-2.500,-97.01
117,11,0,0,-12.386,-87.13
117,12,0,0,7.796,-107.31
117,13,0,0,1.316,-100.83
117,14,0,0,-7.271,-92.24
117,15,0,0,4.788,-104.30
117,16,0,0,8.033,-107.55
117,17,0,0,-16.944,-82.57
117,18,0,0,-3.960,-95.55
117,19,0,0,-8.229,-91.29
118,0,10000,4,10.777,-110.29
118,1,4,4,-6.716,-92.80
118,2,4,4,-11.411,-88.10
118,3,3281,4,9.660,-109.17
118,4,5,4,-5.148,-94.37
118,5,4,4,-1.762,-97.75
118,6,5,4,-0.124,-99.39
118,7,4,4,-11.792,-87.72
118,8,599,4,6.759,-106.27
118,9,5,4,-7.541,-91.97
118,10,4,4,-7.828,-91.69
118,11,4,4,-5.180,-94.33
118,12,4,4,-7.161,-92.35
118,13,11,4,1.693,-101.21
118,14,11,4,-0.887,-98.63
118,15,4,4,-5.894,-93.62
118,16,4,4,-7.895,-91.62
118,17,10,4,-3.809,-95.70
118,18,6,4,-4.978,-94.54
118,19,8,4,-4.560,-94.95
119,0,4182,100,6.943,-106.46
119,1,147,100,-6.532,-92.98
119,2,163,100,-4.984,-94.53
119,3,194,100,-3.931,-95.58
119,4,274,100,-0.440,-99.07
119,5,157,100,-3.180,-96.33
119,6,108,100,-12.293,-87.22
119,7,9956,15,9.604,-109.12
119,8,24,15,-4.904,-94.61
119,9,7988,0,16.093,-115.61
119,10,0,0,-9.257,-90.26
119,11,0,0,2.518,-102.03
119,12,0,0,-16.351,-83.16
119,13,0,0,20.796,-120.31
119,14,0,0,-8.993,-90.52
119,15,0,0,8.067,-107.58
119,16,0,0,-0.306,-99.21
119,17,0,0,-0.458,-99.06
119,18,0,0,0.495,-100.01
119,19,0,0,-3.641,-95.87
120,0,155,100,-4.873,-94.64
120,1,9998,0,15.480,-114.99
120,2,0,0,-10.267,-89.25
120,3,0,0,-0.738,-98.78
120,4,0,0,-3.740,-95.77
120,5,0,0,-10.616,-88.90
120,6,0,0,5.600,-105.11
120,7,0,0,8.560,-108.07
120,8,0,0,-0.664,-98.85
120,9,0,0,-2.601,-96.91
120,10,0,0,-0.459,-99.05
120,11,0,0,-1.119,-98.39
120,12,0,0,-13.601,-85.91
120,13,0,0,-1.507,-98.01
120,14,0,0,-10.494,-89.02
120,15,0,0,0.683,-100.20
120,16,0,0,-15.511,-84.00
120,17,0,0,0.041,-99.56
120,18,0,0,-2.384,-97.13
120,19,0,0,7.773,-107.29
121,0,10000,0,13.711,-113.22
121,1,0,0,0.811,-100.32
121,2,0,0,10.162,-109.68
121,3,0,0,-15.727,-83.79
121,4,0,0,-2.169,-97.35
121,5,0,0,3.396,-102.91
121,6,0,0,11.694,-111.21
121,7,0,0,1.526,-101.04
121,8,0,0,12.604,-112.12
121,9,0,0,-3.886,-95.63
121,10,0,0,11.490,-111.00
121,11,0,0,-0.562,-98.95
121,12,0,0,6.841,-106.36
121,13,0,0,0.321,-99.84
121,14,0,0,-1.300,-98.21
121,15,0,0,-2.268,-97.25
121,16,0,0,5.956,-105.47
121,17,0,0,2.912,-102.43
121,18,0,0,-6.578,-92.94
121,19,0,0,5.708,-105.22
122,0,128,100,-5.449,-94.06
122,1,135,100,-6.095,-93.42
122,2,158,100,-2.768,-96.75
122,3,184,100,-2.936,-96.58
122,4,175,100,-0.590,-98.92
122,5,126,100,-7.090,-92.42
122,6,377,100,2.746,-102.26
122,7,169,100,-2.207,-97.31
122,8,9989,1,10.419,-109.93
122,9,1,1,-6.367,-93.15
122,10,1,1,0.192,-99.71
122,11,2,1,-6.318,-93.20
122,12,1628,0,10.300,-109.81
122,13,0,0,-27.356,-72.16
122,14,0,0,-9.059,-90.46
122,15,0,0,-2.965,-96.55
122,16,0,0,-7.954,-91.56
122,17,0,0,3.991,-103.50
122,18,0,0,-2.819,-96.70
122,19,0,0,-0.924,-98.59
123,0,314,100,1.057,-100.57
123,1,10000,86,8.265,-107.78
123,2,150,86,-1.452,-98.06
123,3,289,86,0.699,-100.21
123,4,335,86,2.032,-101.55
123,5,167,86,-2.750,-96.76
123,6,424,86,0.278,-99.79
123,7,193,86,-1.729,-97.79
123,8,815,86,3.970,-103.48
123,9,7122,85,7.894,-107.41
123,10,112,85,-7.555,-91.96
123,11,2176,84,6.226,-105.74
123,12,617,84,3.356,-102.87
123,13,8384,51,8.930,-108.44
123,14,198,51,1.984,-101.50
123,15,360,51,2.413,-101.93
123,16,60,51,-9.861,-89.65
123,17,588,51,4.408,-103.92
123,18,8656,31,9.036,-108.55
123,19,9285,0,13.903,-113.42
124,0,160,100,-1.388,-98.13
124,1,559,100,3.923,-103.44
124,2,8253,100,8.019,-107.53
124,3,521,100,2.232,-101.75
124,4,103,100,-15.157,-84.36
124,5,1219,100,4.739,-104.25
124,6,152,100,-5.193,-94.32
124,7,1485,100,5.096,-104.61
124,8,292,100,-0.402,-99.11
124,9,121,100,-8.833,-90.68
124,10,137,100,-4.871,-94.64
124,11,145,100,-5.747,-93.77
124,12,215,100,-2.291,-97.22
124,13,806,100,3.105,-102.62
124,14,787,100,2.973,-102.49
124,15,135,100,-6.299,-93.22
124,16,268,100,-0.755,-98.76
124,17,8536,100,7.874,-107.39
124,18,134,100,-5.588,-93.93
124,19,9860,13,9.658,-109.17
125,0,1446,100,4.858,-104.37
125,1,120,100,-6.107,-93.41
125,2,143,100,-7.135,-92.38
125,3,201,100,-1.553,-97.96
125,4,101,100,-19.216,-80.30
125,5,139,100,-3.801,-95.71
125,6,9974,5,10.587,-110.10
125,7,6,5,-6.224,-93.29
125,8,5,5,-9.515,-90.00
125,9,59,5,5.436,-104.95
125,10,17,5,0.603,-100.12
125,11,132,5,3.507,-103.02
125,12,29,5,3.509,-103.02
125,13,5,5,-13.183,-86.33
125,14,4210,0,16.939,-116.45
125,15,0,0,8.960,-108.47
125,16,0,0,-2.941,-96.57
125,17,0,0,-2.401,-97.11
125,18,0,0,1.955,-101.47
125,19,0,0,-10.039,-89.48
126,0,152,100,-3.163,-96.35
126,1,209,100,0.449,-99.96
126,2,4066,100,7.000,-106.51
126,3,9792,0,11.737,-111.25
126,4,0,0,-0.667,-98.85
126,5,0,0,-0.188,-99.33
126,6,0,0,-9.929,-89.58
126,7,0,0,4.989,-104.50
126,8,0,0,-20.757,-78.76
126,9,0,0,4.916,-104.43
126,10,0,0,2.509,-102.02
126,11,0,0,0.449,-99.96
126,12,0,0,-8.553,-90.96
126,13,0,0,3.190,-102.70
126,14,0,0,-0.174,-99.34
126,15,0,0,-8.275,-91.24
126,16,0,0,2.906,-102.42
126,17,0,0,4.710,-104.22
126,18,0,0,5.999,-105.51
126,19,0,0,-9.523,-89.99
127,0,742,100,4.277,-103.79
127,1,293,100,0.863,-100.38
127,2,105,100,-9.635,-89.88
127,3,127,100,-6.780,-92.73
127,4,9977,2,10.638,-110.15
127,5,2,2,-6.041,-93.47
127,6,7,2,2.898,-102.41
127,7,2,2,-12.433,-87.08
127,8,18,2,0.971,-100.48
127,9,3,2,-3.622,-95.89
127,10,2,2,-10.961,-88.55
127,11,4,2,-7.033,-92.48
127,12,2,2,-11.455,-88.06
127,13,3,2,3.075,-102.59
127,14,2,2,1.042,-100.56
127,15,42,2,2.657,-102.17
127,16,169,2,7.710,-107.22
127,17,10,2,0.652,-100.17
127,18,2,2,-12.489,-87.03
127,19,2,2,-4.869,-94.64
128,0,235,100,0.165,-99.68
128,1,181,100,-2.137,-97.38
128,2,194,100,-1.540,-97.97
128,3,128,100,-7.846,-91.67
128,4,9985,1,10.702,-110.22
128,5,2,2,-0.912,-98.60
128,6,2,2,-5.423,-94.09
128,7,40,2,4.966,-104.48
128,8,5,2,0.914,-100.43
128,9,74,2,4.863,-104.38
128,10,8,2,-3.263,-96.25
128,11,9,2,1.968,-101.48
128,12,4,2,-2.896,-96.62
128,13,2,2,4.266,-103.78
128,14,2,2,3.240,-102.75
128,15,3,2,0.432,-99.95
128,16,9,2,-2.237,-97.28
128,17,2,2,-1.824,-97.69
128,18,4,2,-5.541,-93.97
128,19,22,2,3.173,-102.69
129,0,1765,100,6.168,-105.68
129,1,997,100,4.569,-104.08
129,2,860,100,4.323,-103.84
129,3,407,100,1.939,-101.45
129,4,268,100,-0.596,-98.92
129,5,121,100,-8.589,-90.93
129,6,271,100,0.538,-100.05
129,7,105,100,-10.953,-88.56
129,8,1469,100,5.424,-104.94
129,9,9871,1,11.046,-110.56
129,10,1,1,-6.071,-93.44
129,11,5,1,0.904,-100.42
129,12,1,1,-11.332,-88.18
129,13,1,1,8.528,-108.04
129,14,1,1,-10.874,-88.64
129,15,1,1,-0.263,-99.25
129,16,1,1,-10.458,-89.06
129,17,1,1,-5.153,-94.36
129,18,1,1,-15.389,-84.12
129,19,1,1,-1.683,-97.83
130,0,105,100,-10.909,-88.60
130,1,124,100,-3.710,-95.80
130,2,10000,33,9.005,-108.52
130,3,54,33,-4.454,-95.06
130,4,9776,0,16.782,-116.30
130,5,0,0,-1.627,-97.89
130,6,0,0,-10.641,-88.87
130,7,0,0,7.020,-106.53
130,8,0,0,6.418,-105.93
130,9,0,0,-0.704,-98.81
130,10,0,0,1.860,-101.37
130,11,0,0,-1.354,-98.16
130,12,0,0,8.535,-108.05
130,13,0,0,0.009,-99.52
130,14,0,0,4.759,-104.27
130,15,0,0,-7.650,-91.86
130,16,0,0,-3.840,-95.67
130,17,0,0,-7.696,-91.82
130,18,0,0,-3.009,-96.51
130,19,0,0,-7.130,-92.38
131,0,361,100,2.104,-101.62
131,1,1480,100,5.705,-105.22
131,2,128,100,-6.228,-93.29
131,3,194,100,-2.589,-96.92
131,4,132,100,-6.821,-92.69
131,5,100,100,-16.942,-82.57
131,6,131,100,-5.885,-93.63
131,7,351,100,1.414,-100.93
131,8,377,100,0.852,-100.37
131,9,462,100,0.038,-99.55
131,10,1024,100,5.375,-104.89
131,11,110,100,-13.569,-85.94
131,12,9961,0,12.111,-111.62
131,13,0,0,-12.595,-86.92
131,14,0,0,-2.926,-96.59
131,15,0,0,-11.314,-88.20
131,16,0,0,-4.610,-94.90
131,17,0,0,2.911,-102.42
131,18,0,0,3.399,-102.91
131,19,0,0,18.517,-118.03
132,0,130,100,-4.841,-94.67
132,1,10000,98,8.307,-107.82
132,2,818,98,0.435,-99.95
132,3,725,98,3.089,-102.60
132,4,150,98,-1.516,-98.00
132,5,9515,15,9.564,-109.08
132,6,19,16,-8.516,-91.00
132,7,37,16,-3.185,-96.33
132,8,9370,0,14.978,-114.49
132,9,0,0,-10.882,-88.63
132,10,0,0,-0.430,-99.08
132,11,0,0,-3.409,-96.11
132,12,0,0,-9.915,-89.60
132,13,0,0,-7.348,-92.17
132,14,0,0,-7.086,-92.43
132,15,0,0,-2.471,-97.04
132,16,0,0,-1.982,-97.53
132,17,0,0,4.568,-104.08
132,18,0,0,-1.846,-97.67
132,19,0,0,7.980,-107.49
133,0,234,100,-0.591,-98.92
133,1,157,100,-2.192,-97.32
133,2,214,100,0.635,-100.15
133,3,131,100,-4.238,-95.28
133,4,213,100,-0.615,-98.90
133,5,799,100,4.145,-103.66
133,6,223,100,-1.863,-97.65
133,7,2642,100,6.750,-106.26
133,8,9988,0,18.931,-118.45
133,9,0,0,-0.665,-98.85
133,10,0,0,13.317,-112.83
133,11,0,0,-1.959,-97.55
133,12,0,0,0.777,-100.29
133,13,0,0,1.198,-100.71
133,14,0,0,0.260,-99.77
133,15,0,0,-4.939,-94.57
133,16,0,0,-3.848,-95.67
133,17,0,0,-8.368,-91.15
133,18,0,0,-1.550,-97.96
133,19,0,0,-18.075,-81.44
134,0,967,100,5.429,-104.94
134,1,2653,100,6.441,-105.95
134,2,9918,45,8.894,-108.41
134,3,53,45,-7.566,-91.95
134,4,196,45,2.774,-102.29
134,5,219,45,1.109,-100.62
134,6,63,45,-4.873,-94.64
134,7,98,45,-1.860,-97.65
134,8,1537,45,6.096,-105.61
134,9,1024,45,5.340,-104.85
134,10,70,45,-4.236,-95.28
134,11,98,45,-3.981,-95.53
134,12,90,45,-4.286,-95.23
134,13,60,45,-5.032,-94.48
134,14,213,45,1.719,-101.23
134,15,120,45,-0.011,-99.50
134,16,71,45,-4.631,-94.88
134,17,216,45,1.296,-100.81
134,18,48,45,-12.858,-86.66
134,19,4030,45,7.781,-107.29
135,0,1849,100,5.985,-105.50
135,1,9996,11,10.081,-109.60
135,2,77,11,2.566,-102.08
135,3,11,11,-15.626,-83.89
135,4,131,11,3.515,-103.03
135,5,32,11,-0.781,-98.73
135,6,27,11,-3.447,-96.07
135,7,18,11,-0.427,-99.09
135,8,16,11,-2.952,-96.56
135,9,14,11,-8.364,-91.15
135,10,8417,0,14.363,-113.88
135,11,0,0,-8.423,-91.09
135,12,0,0,-8.523,-90.99
135,13,0,0,10.689,-110.20
135,14,0,0,-5.169,-94.35
135,15,0,0,-2.852,-96.66
135,16,0,0,6.780,-106.29
135,17,0,0,-0.361,-99.15
135,18,0,0,-6.457,-93.06
135,19,0,0,-12.873,-86.64
136,0,10000,4,10.431,-109.95
136,1,4,4,-7.089,-92.43
136,2,6,4,-4.720,-94.79
136,3,7,4,-5.998,-93.52
136,4,2627,1,10.994,-110.51
136,5,1,1,-15.552,-83.96
136,6,2,1,-7.328,-92.19
136,7,387,1,7.793,-107.31
136,8,1,1,-1.206,-98.31
136,9,1,1,-2.283,-97.23
136,10,1,1,-8.637,-90.88
136,11,12,1,5.491,-105.00
136,12,9,1,1.672,-101.19
136,13,1,1,-2.529,-96.98
136,14,25,1,3.700,-103.21
136,15,1,1,1.255,-100.77
136,16,16,1,6.762,-106.28
136,17,54,1,5.340,-104.85
136,18,1,1,1.780,-101.29
136,19,1,1,-4.211,-95.30
137,0,214,100,-0.126,-99.39
137,1,7106,100,7.649,-107.16
137,2,116,100,-10.442,-89.07
137,3,2005,100,5.799,-105.31
137,4,312,100,0.114,-99.63
137,5,196,100,-4.009,-95.50
137,6,132,100,-7.579,-91.93
137,7,135,100,-7.139,-92.37
137,8,9963,0,15.690,-115.20
137,9,0,0,-0.382,-99.13
137,10,0,0,-10.326,-89.19
137,11,0,0,19.761,-119.27
137,12,0,0,2.707,-102.22
137,13,0,0,8.642,-108.16
137,14,0,0,-4.518,-95.00
137,15,0,0,4.360,-103.87
137,16,0,0,7.698,-107.21
137,17,0,0,-4.539,-94.97
137,18,0,0,3.174,-102.69
137,19,0,0,11.484,-111.00
138,0,124,100,-2.710,-96.80
138,1,114,100,-10.629,-88.88
138,2,416,100,1.780,-101.29
138,3,133,100,-4.922,-94.59
138,4,5572,100,7.378,-106.89
138,5,9888,0,17.638,-117.15
138,6,0,0,4.649,-104.16
138,7,0,0,2.672,-102.19
138,8,0,0,-18.964,-80.55
138,9,0,0,-15.133,-84.38
138,10,0,0,11.278,-110.79
138,11,0,0,5.544,-105.06
138,12,0,0,0.988,-100.50
138,13,0,0,7.201,-106.72
138,14,0,0,17.322,-116.84
138,15,0,0,-5.324,-94.19
138,16,0,0,18.599,-118.11
138,17,0,0,-1.446,-98.07
138,18,0,0,-10.629,-88.88
138,19,0,0,-3.577,-95.94
139,0,198,100,0.124,-99.64
139,1,1038,100,4.644,-104.16
139,2,361,100,2.527,-102.04
139,3,389,100,1.949,-101.46
139,4,643,100,3.619,-103.13
139,5,9971,0,13.272,-112.79
139,6,0,0,9.601,-109.11
139,7,0,0,-0.701,-98.81
139,8,0,0,-1.428,-98.09
139,9,0,0,0.360,-99.87
139,10,0,0,-5.150,-94.36
139,11,0,0,3.834,-103.35
139,12,0,0,-7.656,-91.86
139,13,0,0,16.373,-115.89
139,14,0,0,11.697,-111.21
139,15,0,0,5.222,-104.74
139,16,0,0,9.722,-109.24
139,17,0,0,-4.483,-95.03
139,18,0,0,-3.906,-95.61
139,19,0,0,5.249,-104.76
140,0,144,100,-4.996,-94.52
140,1,1469,100,4.770,-104.28
140,2,486,100,1.702,-101.22
140,3,1198,100,5.323,-104.84
140,4,721,100,3.345,-102.86
140,5,258,100,0.313,-99.83
140,6,110,100,-10.634,-88.88
140,7,250,100,-2.777,-96.74
140,8,636,100,3.780,-103.29
140,9,181,100,-4.037,-95.48
140,10,5799,100,7.516,-107.03
140,11,335,100,1.758,-101.27
140,12,449,100,2.165,-101.68
140,13,9834,93,8.199,-107.71
140,14,9796,0,16.120,-115.63
140,15,0,0,-8.205,-91.31
140,16,0,0,-0.943,-98.57
140,17,0,0,1.894,-101.41
140,18,0,0,-2.999,-96.52
140,19,0,0,3.119,-102.63
141,0,100,100,-11.135,-88.38
141,1,269,100,0.605,-100.12
141,2,137,100,-2.567,-96.95
141,3,300,100,2.835,-102.35
141,4,9993,57,8.655,-108.17
141,5,8838,10,10.295,-109.81
141,6,13,10,-1.477,-98.04
141,7,8316,0,15.216,-114.73
141,8,0,0,-8.943,-90.57
141,9,0,0,-0.789,-98.73
141,10,0,0,14.489,-114.00
141,11,0,0,-11.573,-87.94
141,12,0,0,1.711,-101.22
141,13,0,0,-2.882,-96.63
141,14,0,0,-13.833,-85.68
141,15,0,0,-2.659,-96.86
141,16,0,0,0.906,-100.42
141,17,0,0,4.776,-104.29
141,18,0,0,-1.080,-98.43
141,19,0,0,5.086,-104.60
142,0,10000,0,21.559,-121.07
142,1,0,0,-0.208,-99.31
142,2,0,0,4.380,-103.89
142,3,0,0,4.134,-103.65
142,4,0,0,-3.504,-96.01
142,5,0,0,0.254,-99.77
142,6,0,0,-0.125,-99.39
142,7,0,0,-10.383,-89.13
142,8,0,0,-10.522,-88.99
142,9,0,0,9.824,-109.34
142,10,0,0,-2.079,-97.43
142,11,0,0,2.750,-102.26
142,12,0,0,6.331,-105.84
142,13,0,0,5.133,-104.65
142,14,0,0,-7.988,-91.53
142,15,0,0,7.920,-107.43
142,16,0,0,0.761,-100.28
142,17,0,0,13.324,-112.84
142,18,0,0,14.456,-113.97
142,19,0,0,-11.466,-88.05
143,0,10000,0,12.554,-112.07
143,1,0,0,7.455,-106.97
143,2,0,0,8.454,-107.97
143,3,0,0,-1.454,-98.06
143,4,0,0,5.542,-105.06
143,5,0,0,0.991,-100.51
143,6,0,0,9.101,-108.61
143,7,0,0,0.825,-100.34
143,8,0,0,-8.791,-90.72
143,9,0,0,-13.449,-86.06
143,10,0,0,-4.040,-95.47
143,11,0,0,2.289,-101.80
143,12,0,0,-8.759,-90.76
143,13,0,0,-6.610,-92.90
143,14,0,0,-9.145,-90.37
143,15,0,0,-1.275,-98.24
143,16,0,0,15.880,-115.39
143,17,0,0,9.438,-108.95
143,18,0,0,-3.674,-95.84
143,19,0,0,9.383,-108.90
144,0,193,100,-1.179,-98.33
144,1,3944,100,5.771,-105.29
144,2,705,100,3.395,-102.91
144,3,383,100,2.197,-101.71
144,4,9946,41,8.949,-108.46
144,5,85,41,-2.543,-96.97
144,6,328,38,3.032,-102.55
144,7,95,38,-0.877,-98.64
144,8,681,38,5.404,-104.92
144,9,49,38,-6.008,-93.51
144,10,656,38,4.487,-104.00
144,11,55,38,-5.420,-94.09
144,12,145,38,-0.459,-99.05
144,13,709,38,5.054,-104.57
144,14,9258,0,12.699,-112.21
144,15,0,0,-5.093,-94.42
144,16,0,0,6.100,-105.61
144,17,0,0,-8.938,-90.58
144,18,0,0,-6.740,-92.77
144,19,0,0,-7.630,-91.88
145,0,107,100,-9.345,-90.17
145,1,114,100,-5.474,-94.04
145,2,543,100,4.140,-103.65
145,3,236,100,-0.121,-99.39
145,4,178,100,-3.202,-96.31
145,5,188,100,-5.384,-94.13
145,6,2079,100,5.859,-105.37
145,7,1010,100,4.644,-104.16
145,8,1220,100,4.751,-104.27
145,9,9865,93,5.939,-105.45
145,10,2255,93,5.957,-105.47
145,11,273,93,-0.702,-98.81
145,12,9813,10,9.453,-108.97
145,13,14,10,-10.216,-89.30
145,14,12,10,-7.396,-92.12
145,15,15,10,-6.459,-93.06
145,16,9716,0,18.671,-118.19
145,17,0,0,-9.427,-90.09
145,18,0,0,12.129,-111.64
145,19,0,0,-2.227,-97.29
146,0,110,100,-9.064,-90.45
146,1,4284,100,6.600,-106.11
146,2,147,100,-4.000,-95.51
146,3,172,100,-1.388,-98.13
146,4,758,100,2.264,-101.78
146,5,120,100,-9.444,-90.07
146,6,465,100,1.518,-101.03
146,7,9995,0,11.454,-110.97
146,8,0,0,-2.643,-96.87
146,9,0,0,-5.519,-93.99
146,10,0,0,4.370,-103.88
146,11,0,0,3.343,-102.86
146,12,0,0,-3.930,-95.58
146,13,0,0,1.647,-101.16
146,14,0,0,12.461,-111.98
146,15,0,0,19.394,-118.91
146,16,0,0,-1.801,-97.71
146,17,0,0,11.968,-111.48
146,18,0,0,-12.530,-86.98
146,19,0,0,-7.198,-92.32
147,0,10000,0,11.545,-111.06
147,1,0,0,-1.773,-97.74
147,2,0,0,9.845,-109.36
147,3,0,0,-1.621,-97.89
147,4,0,0,9.130,-108.64
147,5,0,0,-10.031,-89.48
147,6,0,0,-5.210,-94.30
147,7,0,0,-2.848,-96.67
147,8,0,0,-3.946,-95.57
147,9,0,0,12.720,-112.23
147,10,0,0,10.491,-110.01
147,11,0,0,-9.499,-90.01
147,12,0,0,1.191,-100.71
147,13,0,0,-0.299,-99.21
147,14,0,0,-6.944,-92.57
147,15,0,0,3.004,-102.52
147,16,0,0,-9.047,-90.47
147,17,0,0,10.606,-110.12
147,18,0,0,5.450,-104.96
147,19,0,0,-1.006,-98.51
148,0,10000,0,21.366,-120.88
148,1,0,0,-3.598,-95.92
148,2,0,0,-13.627,-85.89
148,3,0,0,-18.108,-81.41
148,4,0,0,-2.627,-96.89
148,5,0,0,19.658,-119.17
148,6,0,0,-7.726,-91.79
148,7,0,0,5.000,-104.51
148,8,0,0,6.712,-106.23
148,9,0,0,2.095,-101.61
148,10,0,0,12.751,-112.26
148,11,0,0,0.986,-100.50
148,12,0,0,9.818,-109.33
148,13,0,0,11.308,-110.82
148,14,0,0,-10.142,-89.37
148,15,0,0,-10.504,-89.01
148,16,0,0,9.882,-109.40
148,17,0,0,0.183,-99.70
148,18,0,0,-6.769,-92.75
148,19,0,0,-6.952,-92.56
149,0,451,100,2.582,-102.10
149,1,107,100,-11.569,-87.94
149,2,212,100,-0.162,-99.35
149,3,9997,23,9.458,-108.97
149,4,1077,23,7.043,-106.56
149,5,166,23,2.845,-102.36
149,6,2074,23,7.351,-106.86
149,7,24,23,-7.679,-91.83
149,8,184,23,4.078,-103.59
149,9,35,23,-6.442,-93.07
149,10,7578,0,20.433,-119.95
149,11,0,0,-1.864,-97.65
149,12,0,0,-4.057,-95.46
149,13,0,0,-0.188,-99.33
149,14,0,0,12.061,-111.58
149,15,0,0,-6.642,-92.87
149,16,0,0,-11.630,-87.88
149,17,0,0,-2.004,-97.51
149,18,0,0,2.636,-102.15
149,19,0,0,2.562,-102.08
150,0,118,100,-5.799,-93.72
150,1,1434,100,4.191,-103.70
150,2,122,100,-5.406,-94.11
150,3,270,100,0.875,-100.39
150,4,9979,2,10.826,-110.34
150,5,2,2,-9.682,-89.83
150,6,2,2,-9.237,-90.28
150,7,11,2,1.053,-100.57
150,8,86,2,5.627,-105.14
150,9,2,2,-4.590,-94.92
150,10,8000,0,14.848,-114.36
150,11,0,0,-0.519,-99.00
150,12,0,0,21.994,-121.51
150,13,0,0,0.462,-99.98
150,14,0,0,-7.278,-92.24
150,15,0,0,13.115,-112.63
150,16,0,0,18.420,-117.93
150,17,0,0,-0.859,-98.66
150,18,0,0,8.078,-107.59
150,19,0,0,10.997,-110.51
151,0,2529,100,4.873,-104.39
151,1,123,100,-6.076,-93.44
151,2,323,100,1.674,-101.19
151,3,2759,100,6.910,-106.42
151,4,401,100,2.201,-101.71
151,5,1739,100,5.437,-104.95
151,6,174,100,-4.783,-94.73
151,7,268,100,0.438,-99.95
151,8,9715,0,12.390,-111.90
151,9,0,0,-10.301,-89.21
151,10,0,0,-5.650,-93.86
151,11,0,0,-8.537,-90.98
151,12,0,0,1.614,-101.13
151,13,0,0,-10.813,-88.70
151,14,0,0,-4.563,-94.95
151,15,0,0,1.222,-100.74
151,16,0,0,2.121,-101.63
151,17,0,0,2.425,-101.94
151,18,0,0,4.911,-104.43
151,19,0,0,-6.116,-93.40
152,0,195,100,-1.746,-97.77
152,1,1092,100,5.427,-104.94
152,2,9991,91,8.000,-107.51
152,3,111,91,-9.461,-90.05
152,4,137,91,-6.959,-92.56
152,5,223,91,-1.563,-97.95
152,6,210,91,-1.814,-97.70
152,7,296,91,-0.429,-99.08
152,8,101,91,-15.572,-83.94
152,9,132,91,-3.622,-95.89
152,10,392,91,1.579,-101.09
152,11,107,91,-8.530,-90.98
152,12,2063,91,4.791,-104.30
152,13,452,91,1.682,-101.20
152,14,3987,91,6.729,-106.24
152,15,9874,11,10.493,-110.01
152,16,14,11,-6.898,-92.62
152,17,2225,9,8.017,-107.53
152,18,9,9,-9.594,-89.92
152,19,77,9,2.303,-101.82
153,0,227,100,-0.207,-99.31
153,1,10000,54,8.815,-108.33
153,2,71,54,-8.080,-91.43
153,3,3633,54,7.511,-107.03
153,4,265,54,1.853,-101.37
153,5,104,54,-1.097,-98.42
153,6,68,54,-5.153,-94.36
153,7,250,54,2.467,-101.98
153,8,9315,1,10.815,-110.33
153,9,1,1,-1.821,-97.69
153,10,27,1,2.737,-102.25
153,11,1,1,-10.548,-88.97
153,12,1,1,-11.671,-87.84
153,13,1,1,-4.662,-94.85
153,14,2,1,-3.462,-96.05
153,15,1,1,-0.133,-99.38
153,16,1,1,-0.322,-99.19
153,17,1,1,-11.427,-88.09
153,18,1,1,-3.276,-96.24
153,19,1,1,-5.979,-93.53
154,0,203,100,-1.327,-98.19
154,1,2247,100,6.417,-105.93
154,2,164,100,-3.005,-96.51
154,3,9997,5,10.574,-110.09
154,4,12,5,-6.108,-93.41
154,5,5,5,-8.900,-90.61
154,6,37,5,6.413,-105.93
154,7,5,5,-2.983,-96.53
154,8,8,5,-7.183,-92.33
154,9,7,5,0.426,-99.94
154,10,456,5,7.801,-107.31
154,11,25,5,0.581,-100.10
154,12,9,5,-8.838,-90.68
154,13,5,5,-17.607,-81.91
154,14,7,5,-2.110,-97.40
154,15,12,5,-3.581,-95.93
154,16,114,5,5.136,-104.65
154,17,7379,0,22.263,-121.78
154,18,0,0,-8.917,-90.60
154,19,0,0,3.168,-102.68
155,0,1959,100,5.937,-105.45
155,1,463,100,1.289,-100.80
155,2,141,100,-5.401,-94.11
155,3,107,100,-10.752,-88.76
155,4,780,100,3.609,-103.12
155,5,233,100,-0.535,-98.98
155,6,4061,100,7.091,-106.60
155,7,362,100,0.888,-100.40
155,8,1715,100,5.469,-104.98
155,9,1981,100,5.335,-104.85
155,10,9830,0,16.292,-115.81
155,11,0,0,11.601,-111.12
155,12,0,0,6.017,-105.53
155,13,0,0,1.765,-101.28
155,14,0,0,5.868,-105.38
155,15,0,0,5.043,-104.56
155,16,0,0,3.252,-102.77
155,17,0,0,-8.761,-90.75
155,18,0,0,7.385,-106.90
155,19,0,0,1.473,-100.99
156,0,103,100,-10.375,-89.14
156,1,745,100,4.266,-103.78
156,2,108,100,-11.084,-88.43
156,3,100,100,-11.897,-87.62
156,4,174,100,-3.108,-96.41
156,5,129,100,-6.007,-93.51
156,6,136,100,-4.742,-94.77
156,7,318,100,1.382,-100.90
156,8,219,100,-0.070,-99.44
156,9,274,100,-0.141,-99.37
156,10,101,100,-13.860,-85.65
156,11,182,100,-3.154,-96.36
156,12,113,100,-6.940,-92.57
156,13,135,100,-4.234,-95.28
156,14,514,100,3.083,-102.60
156,15,124,100,-7.024,-92.49
156,16,238,100,-0.307,-99.21
156,17,185,100,-0.608,-98.91
156,18,186,100,-2.003,-97.51
156,19,9961,9,10.281,-109.79
157,0,198,100,0.027,-99.54
157,1,114,100,-9.655,-89.86
157,2,10000,0,13.205,-112.72
157,3,0,0,11.982,-111.50
157,4,0,0,8.794,-108.31
157,5,0,0,-15.478,-84.04
157,6,0,0,-9.084,-90.43
157,7,0,0,8.690,-108.20
157,8,0,0,-6.396,-93.12
157,9,0,0,-3.929,-95.58
157,10,0,0,1.746,-101.26
157,11,0,0,19.500,-119.01
157,12,0,0,6.948,-106.46
157,13,0,0,1.808,-101.32
157,14,0,0,-8.226,-91.29
157,15,0,0,1.683,-101.20
157,16,0,0,-10.923,-88.59
157,17,0,0,-5.478,-94.04
157,18,0,0,-0.088,-99.43
157,19,0,0,22.093,-121.61
158,0,170,100,-1.155,-98.36
158,1,333,100,2.342,-101.86
158,2,9996,18,9.675,-109.19
158,3,21,18,-12.056,-87.46
158,4,9769,0,18.366,-117.88
158,5,0,0,-18.319,-81.20
158,6,0,0,11.352,-110.87
158,7,0,0,17.882,-117.40
158,8,0,0,2.382,-101.90
158,9,0,0,3.917,-103.43
158,10,0,0,2.276,-101.79
158,11,0,0,1.837,-101.35
158,12,0,0,4.042,-103.56
158,13,0,0,-11.290,-88.22
158,14,0,0,-3.963,-95.55
158,15,0,0,-6.960,-92.55
158,16,0,0,-2.970,-96.54
158,17,0,0,12.716,-112.23
158,18,0,0,7.514,-107.03
158,19,0,0,-5.814,-93.70
159,0,229,100,0.362,-99.88
159,1,316,100,1.833,-101.35
159,2,1516,100,5.614,-105.13
159,3,105,100,-13.674,-85.84
159,4,172,100,-2.910,-96.60
159,5,589,100,1.479,-100.99
159,6,9978,10,9.714,-109.23
159,7,43,11,3.515,-103.03
159,8,97,11,2.100,-101.61
159,9,34,11,-2.028,-97.49
159,10,12,11,-2.251,-97.26
159,11,22,11,-2.590,-96.92
159,12,108,11,4.782,-104.30
159,13,12,11,-10.220,-89.29
159,14,15,11,-2.773,-96.74
159,15,11,11,-16.590,-82.92
159,16,40,11,0.072,-99.59
159,17,8005,2,10.765,-110.28
159,18,8,2,-5.855,-93.66
159,19,2,2,-6.853,-92.66
160,0,724,100,3.514,-103.03
160,1,340,100,1.743,-101.26
160,2,293,100,-0.494,-99.02
160,3,165,100,-5.265,-94.25
160,4,194,100,-1.443,-98.07
160,5,574,100,3.003,-102.52
160,6,5946,100,7.639,-107.15
160,7,201,100,-0.825,-98.69
160,8,118,100,-7.622,-91.89
160,9,9635,0,12.498,-112.01
160,10,0,0,-8.255,-91.26
160,11,0,0,3.810,-103.32
160,12,0,0,-7.281,-92.23
160,13,0,0,0.648,-100.16
160,14,0,0,-5.937,-93.58
160,15,0,0,9.563,-109.08
160,16,0,0,2.543,-102.06
160,17,0,0,14.734,-114.25
160,18,0,0,1.799,-101.31
160,19,0,0,3.978,-103.49
161,0,115,100,-8.360,-91.15
161,1,131,100,-3.209,-96.30
161,2,10000,0,12.214,-111.73
161,3,0,0,17.710,-117.22
161,4,0,0,-16.214,-83.30
161,5,0,0,19.334,-118.85
161,6,0,0,-11.673,-87.84
161,7,0,0,-7.270,-92.24
161,8,0,0,13.470,-112.98
161,9,0,0,0.123,-99.64
161,10,0,0,-3.295,-96.22
161,11,0,0,0.662,-100.18
161,12,0,0,-2.817,-96.70
161,13,0,0,-11.812,-87.70
161,14,0,0,0.995,-100.51
161,15,0,0,-7.570,-91.94
161,16,0,0,-12.503,-87.01
161,17,0,0,-25.041,-74.47
161,18,0,0,4.228,-103.74
161,19,0,0,-1.336,-98.18
162,0,109,100,-8.844,-90.67
162,1,10000,0,12.025,-111.54
162,2,0,0,-3.016,-96.50
162,3,0,0,-3.796,-95.72
162,4,0,0,-4.760,-94.75
162,5,0,0,-11.745,-87.77
162,6,0,0,1.457,-100.97
162,7,0,0,5.736,-105.25
162,8,0,0,8.608,-108.12
162,9,0,0,-14.165,-85.35
162,10,0,0,2.423,-101.94
162,11,0,0,14.139,-113.65
162,12,0,0,2.842,-102.36
162,13,0,0,-4.658,-94.86
162,14,0,0,-2.350,-97.16
162,15,0,0,-6.309,-93.21
162,16,0,0,4.302,-103.82
162,17,0,0,-14.756,-84.76
162,18,0,0,-3.849,-95.66
162,19,0,0,-7.036,-92.48
163,0,131,100,-6.081,-93.43
163,1,149,100,-2.169,-97.35
163,2,10000,0,13.042,-112.56
163,3,0,0,-6.274,-93.24
163,4,0,0,-8.564,-90.95
163,5,0,0,15.894,-115.41
163,6,0,0,11.082,-110.60
163,7,0,0,3.791,-103.31
163,8,0,0,-1.143,-98.37
163,9,0,0,1.095,-100.61
163,10,0,0,-3.933,-95.58
163,11,0,0,-6.698,-92.82
163,12,0,0,10.464,-109.98
163,13,0,0,-4.992,-94.52
163,14,0,0,-11.093,-88.42
163,15,0,0,-13.227,-86.29
163,16,0,0,-2.805,-96.71
163,17,0,0,-5.473,-94.04
163,18,0,0,-10.108,-89.41
163,19,0,0,-15.728,-83.79
164,0,161,100,-1.552,-97.96
164,1,186,100,-1.025,-98.49
164,2,448,100,2.643,-102.16
164,3,619,100,3.894,-103.41
164,4,124,100,-6.962,-92.55
164,5,178,100,-2.926,-96.59
164,6,399,100,2.684,-102.20
164,7,122,100,-7.824,-91.69
164,8,106,100,-10.445,-89.07
164,9,159,100,-4.971,-94.54
164,10,141,100,-3.093,-96.42
164,11,127,100,-10.252,-89.26
164,12,125,100,-7.806,-91.71
164,13,738,100,3.255,-102.77
164,14,134,100,-8.267,-91.25
164,15,138,100,-7.100,-92.41
164,16,273,100,-0.663,-98.85
164,17,1691,100,5.833,-105.35
164,18,714,100,4.010,-103.52
164,19,9829,87,8.309,-107.82
165,0,888,100,4.080,-103.59
165,1,123,100,-11.197,-88.32
165,2,187,100,-2.826,-96.69
165,3,153,100,-4.842,-94.67
165,4,751,100,3.589,-103.10
165,5,154,100,-3.707,-95.81
165,6,503,100,-3.194,-96.32
165,7,203,100,-0.012,-99.50
165,8,986,100,4.614,-104.13
165,9,9964,19,9.631,-109.14
165,10,40,19,-1.803,-97.71
165,11,33,19,-6.062,-93.45
165,12,23,19,-4.088,-95.43
165,13,26,19,-3.521,-95.99
165,14,3431,19,8.313,-107.83
165,15,2150,19,7.467,-106.98
165,16,59,19,-2.333,-97.18
165,17,898,19,6.556,-106.07
165,18,21,19,-7.398,-92.12
165,19,24,19,-7.024,-92.49
166,0,10000,42,8.863,-108.38
166,1,42,42,-11.055,-88.46
166,2,86,42,-1.587,-97.93
166,3,325,42,3.251,-102.77
166,4,78,42,-2.329,-97.18
166,5,325,42,2.852,-102.37
166,6,46,42,-13.183,-86.33
166,7,49,42,-8.771,-90.74
166,8,321,42,2.932,-102.45
166,9,57,42,-7.706,-91.81
166,10,42,42,-16.220,-83.29
166,11,65,42,-6.848,-92.67
166,12,3184,42,7.892,-107.41
166,13,131,42,1.077,-100.59
166,14,89,42,-2.916,-96.60
166,15,110,42,0.867,-100.38
166,16,67,42,-4.246,-95.27
166,17,611,42,5.169,-104.68
166,18,91,42,-0.644,-98.87
166,19,421,42,4.128,-103.64
167,0,114,100,-7.245,-92.27
167,1,104,100,-14.786,-84.73
167,2,2323,100,6.353,-105.87
167,3,166,100,-1.540,-97.97
167,4,1274,100,5.137,-104.65
167,5,117,100,-10.658,-88.86
167,6,114,100,-9.533,-89.98
167,7,9884,0,14.230,-113.74
167,8,0,0,18.991,-118.50
167,9,0,0,-9.726,-89.79
167,10,0,0,-2.395,-97.12
167,11,0,0,1.524,-101.04
167,12,0,0,0.508,-100.02
167,13,0,0,-8.271,-91.24
167,14,0,0,-5.383,-94.13
167,15,0,0,14.320,-113.83
167,16,0,0,13.665,-113.18
167,17,0,0,0.612,-100.13
167,18,0,0,-0.733,-98.78
167,19,0,0,-2.427,-97.09
168,0,163,100,-3.057,-96.46
168,1,149,100,-2.598,-96.92
168,2,2479,100,6.456,-105.97
168,3,2816,100,5.832,-105.35
168,4,273,100,0.358,-99.87
168,5,115,100,-10.179,-89.34
168,6,606,100,1.282,-100.80
168,7,9916,47,8.781,-108.30
168,8,1048,48,5.965,-105.48
168,9,57,48,-6.226,-93.29
168,10,112,48,-2.598,-96.92
168,11,733,48,3.581,-103.10
168,12,67,48,-5.469,-94.04
168,13,78,48,-3.866,-95.65
168,14,8884,26,9.460,-108.97
168,15,95,26,-0.027,-99.49
168,16,8937,4,11.039,-110.55
168,17,1319,4,9.104,-108.62
168,18,2005,3,10.260,-109.77
168,19,4,3,-5.576,-93.94
169,0,118,100,-6.807,-92.71
169,1,337,100,2.170,-101.68
169,2,9989,0,12.303,-111.82
169,3,0,0,-10.425,-89.09
169,4,0,0,12.450,-111.96
169,5,0,0,0.328,-99.84
169,6,0,0,-4.761,-94.75
169,7,0,0,6.452,-105.97
169,8,0,0,-2.190,-97.32
169,9,0,0,3.984,-103.50
169,10,0,0,-7.233,-92.28
169,11,0,0,6.167,-105.68
169,12,0,0,11.430,-110.94
169,13,0,0,-0.708,-98.81
169,14,0,0,-11.501,-88.01
169,15,0,0,-0.060,-99.45
169,16,0,0,0.056,-99.57
169,17,0,0,9.150,-108.66
169,18,0,0,5.984,-105.50
169,19,0,0,7.596,-107.11
170,0,113,100,-11.027,-88.49
170,1,9754,100,8.038,-107.55
170,2,9927,9,9.997,-109.51
170,3,287,9,5.792,-105.31
170,4,46,9,-0.960,-98.55
170,5,890,9,7.288,-106.80
170,6,9236,0,14.364,-113.88
170,7,0,0,5.320,-104.83
170,8,0,0,2.576,-102.09
170,9,0,0,-13.937,-85.58
170,10,0,0,9.576,-109.09
170,11,0,0,-1.294,-98.22
170,12,0,0,-1.111,-98.40
170,13,0,0,5.336,-104.85
170,14,0,0,-5.434,-94.08
170,15,0,0,-18.881,-80.63
170,16,0,0,7.873,-107.39
170,17,0,0,7.070,-106.58
170,18,0,0,-21.099,-78.41
170,19,0,0,-14.029,-85.49
171,0,102,100,-12.397,-87.12
171,1,100,100,-12.241,-87.27
171,2,114,100,-6.117,-93.40
171,3,268,100,0.596,-100.11
171,4,507,100,3.149,-102.66
171,5,536,100,3.738,-103.25
171,6,1411,100,5.930,-105.44
171,7,9905,2,10.590,-110.10
171,8,4,2,-3.067,-96.45
171,9,5,2,-0.039,-99.48
171,10,8,2,0.833,-100.35
171,11,4,2,-0.760,-98.75
171,12,2602,0,15.305,-114.82
171,13,0,0,-8.695,-90.82
171,14,0,0,-11.514,-88.00
171,15,0,0,10.897,-110.41
171,16,0,0,-10.668,-88.85
171,17,0,0,-18.628,-80.89
171,18,0,0,10.846,-110.36
171,19,0,0,-17.044,-82.47
172,0,191,100,-0.920,-98.59
172,1,111,100,-7.569,-91.95
172,2,5715,100,7.312,-106.83
172,3,108,100,-8.003,-91.51
172,4,647,100,2.639,-102.15
172,5,103,100,-16.594,-82.92
172,6,547,100,2.088,-101.60
172,7,118,100,-5.729,-93.79
172,8,9785,1,10.451,-109.96
172,9,24,1,6.396,-105.91
172,10,1,1,-8.601,-90.91
172,11,1,1,-12.498,-87.02
172,12,1,1,-6.252,-93.26
172,13,8,1,0.750,-100.26
172,14,303,1,8.847,-108.36
172,15,1,1,0.147,-99.66
172,16,2,1,0.964,-100.48
172,17,4323,1,10.336,-109.85
172,18,8,1,1.101,-100.61
172,19,1,1,-8.489,-91.02
173,0,359,100,2.028,-101.54
173,1,120,100,-7.856,-91.66
173,2,177,100,-1.307,-98.21
173,3,576,100,3.512,-103.03
173,4,100,100,-21.519,-78.00
173,5,2071,100,5.199,-104.71
173,6,174,100,-5.539,-93.97
173,7,101,100,-16.177,-83.34
173,8,739,100,3.071,-102.59
173,9,1358,100,5.009,-104.52
173,10,3799,100,7.061,-106.57
173,11,605,100,3.422,-102.94
173,12,162,100,-3.128,-96.39
173,13,564,100,2.327,-101.84
173,14,2470,100,6.133,-105.65
173,15,143,100,-5.261,-94.25
173,16,298,100,0.572,-100.09
173,17,122,100,-6.744,-92.77
173,18,9858,64,8.531,-108.05
173,19,209,64,0.343,-99.86
174,0,347,100,3.363,-102.88
174,1,155,100,-4.489,-95.02
174,2,1217,100,5.134,-104.65
174,3,184,100,-1.250,-98.26
174,4,260,100,-0.718,-98.80
174,5,121,100,-9.583,-89.93
174,6,5242,100,7.646,-107.16
174,7,9742,0,11.548,-111.06
174,8,0,0,-11.808,-87.71
174,9,0,0,6.161,-105.67
174,10,0,0,0.925,-100.44
174,11,0,0,-1.232,-98.28
174,12,0,0,2.285,-101.80
174,13,0,0,-6.093,-93.42
174,14,0,0,-7.297,-92.22
174,15,0,0,-17.760,-81.75
174,16,0,0,17.210,-116.72
174,17,0,0,-5.987,-93.53
174,18,0,0,5.463,-104.98
174,19,0,0,-14.012,-85.50
175,0,126,100,-6.656,-92.86
175,1,352,100,3.143,-102.66
175,2,114,100,-11.203,-88.31
175,3,9999,59,8.308,-107.82
175,4,148,59,-0.311,-99.20
175,5,9853,4,10.788,-110.30
175,6,7442,0,17.849,-117.36
175,7,0,0,13.163,-112.68
175,8,0,0,-0.908,-98.61
175,9,0,0,-11.522,-87.99
175,10,0,0,8.996,-108.51
175,11,0,0,4.902,-104.42
175,12,0,0,-10.064,-89.45
175,13,0,0,5.987,-105.50
175,14,0,0,3.680,-103.19
175,15,0,0,-3.081,-96.43
175,16,0,0,15.117,-114.63
175,17,0,0,2.520,-102.03
175,18,0,0,-1.572,-97.94
175,19,0,0,3.168,-102.68
176,0,188,100,-1.237,-98.28
176,1,209,100,-0.564,-98.95
176,2,135,100,-5.127,-94.39
176,3,249,100,0.948,-100.46
176,4,443,100,2.035,-101.55
176,5,128,100,-6.019,-93.49
176,6,118,100,-10.347,-89.17
176,7,2404,100,6.189,-105.70
176,8,390,100,1.701,-101.22
176,9,231,100,-0.675,-98.84
176,10,292,100,0.727,-100.24
176,11,9920,55,8.690,-108.20
176,12,733,55,4.503,-104.02
176,13,66,55,-6.841,-92.67
176,14,5721,47,8.167,-107.68
176,15,8619,35,8.862,-108.38
176,16,54,35,-3.953,-95.56
176,17,53,35,-2.731,-96.78
176,18,8600,21,9.416,-108.93
176,19,36,21,-0.901,-98.61
177,0,132,100,-3.935,-95.58
177,1,100,100,-16.522,-82.99
177,2,1195,100,5.056,-104.57
177,3,9988,0,13.309,-112.82
177,4,0,0,6.004,-105.52
177,5,0,0,-7.692,-91.82
177,6,0,0,5.261,-104.77
177,7,0,0,-1.948,-97.57
177,8,0,0,-10.992,-88.52
177,9,0,0,3.065,-102.58
177,10,0,0,3.298,-102.81
177,11,0,0,-11.189,-88.32
177,12,0,0,7.169,-106.68
177,13,0,0,6.509,-106.02
177,14,0,0,10.813,-110.33
177,15,0,0,-16.663,-82.85
177,16,0,0,4.540,-104.05
177,17,0,0,6.538,-106.05
177,18,0,0,0.983,-100.50
177,19,0,0,-3.235,-96.28
178,0,5125,100,6.892,-106.41
178,1,466,100,2.753,-102.27
178,2,134,100,-6.112,-93.40
178,3,350,100,0.570,-100.08
178,4,511,100,2.303,-101.82
178,5,111,100,-8.082,-91.43
178,6,186,100,-4.208,-95.31
178,7,164,100,-6.007,-93.51
178,8,296,100,-0.251,-99.26
178,9,1838,100,5.099,-104.61
178,10,129,100,-5.473,-94.04
178,11,364,100,1.872,-101.39
178,12,9760,0,16.842,-116.36
178,13,0,0,-6.468,-93.05
178,14,0,0,-9.701,-89.81
178,15,0,0,-10.610,-88.90
178,16,0,0,-2.655,-96.86
178,17,0,0,2.534,-102.05
178,18,0,0,17.863,-117.38
178,19,0,0,-14.296,-85.22
179,0,142,100,-1.388,-98.13
179,1,456,100,3.202,-102.72
179,2,212,100,-0.073,-99.44
179,3,7461,100,7.783,-107.30
179,4,147,100,-2.939,-96.58
179,5,1574,100,5.087,-104.60
179,6,147,100,-3.107,-96.41
179,7,4130,100,6.782,-106.30
179,8,340,100,0.083,-99.60
179,9,618,100,2.851,-102.36
179,10,112,100,-8.155,-91.36
179,11,189,100,-3.773,-95.74
179,12,132,100,-5.384,-94.13
179,13,447,100,1.356,-100.87
179,14,205,100,-1.999,-97.51
179,15,108,100,-13.339,-86.17
179,16,105,100,-15.508,-84.01
179,17,270,100,-0.763,-98.75
179,18,235,100,-2.025,-97.49
179,19,121,100,-8.359,-91.16
180,0,10000,27,9.533,-109.05
180,1,468,27,5.666,-105.18
180,2,163,27,3.039,-102.55
180,3,75,27,-1.585,-97.93
180,4,136,27,1.501,-101.02
180,5,1372,27,6.003,-105.52
180,6,153,27,2.970,-102.48
180,7,438,27,1.957,-101.47
180,8,3416,27,8.869,-108.38
180,9,91,27,-0.360,-99.15
180,10,8166,13,9.766,-109.28
180,11,37,13,1.732,-101.25
180,12,229,13,6.002,-105.52
180,13,43,13,1.818,-101.33
180,14,16,13,-8.052,-91.46
180,15,2327,13,8.040,-107.55
180,16,74,13,2.463,-101.98
180,17,92,13,3.479,-102.99
180,18,16,13,-2.718,-96.80
180,19,251,13,4.755,-104.27
181,0,267,100,0.894,-100.41
181,1,518,100,3.228,-102.74
181,2,118,100,-6.855,-92.66
181,3,121,100,-8.689,-90.82
181,4,204,100,-2.172,-97.34
181,5,2712,100,6.616,-106.13
181,6,441,100,2.282,-101.80
181,7,284,100,-0.126,-99.39
181,8,244,100,-0.817,-98.70
181,9,292,100,0.524,-100.04
181,10,179,100,-3.583,-95.93
181,11,187,100,-3.121,-96.39
181,12,103,100,-16.910,-82.60
181,13,1099,100,3.955,-103.47
181,14,133,100,-6.213,-93.30
181,15,230,100,-1.307,-98.21
181,16,251,100,-1.940,-97.57
181,17,108,100,-10.614,-88.90
181,18,201,100,-2.215,-97.30
181,19,684,100,3.687,-103.20
182,0,242,100,0.363,-99.88
182,1,206,100,-0.079,-99.43
182,2,144,100,-5.392,-94.12
182,3,9990,81,8.450,-107.96
182,4,111,81,-7.513,-92.00
182,5,9810,0,13.044,-112.56
182,6,0,0,2.165,-101.68
182,7,0,0,-9.566,-89.95
182,8,0,0,6.851,-106.37
182,9,0,0,1.844,-101.36
182,10,0,0,-5.109,-94.40
182,11,0,0,-1.835,-97.68
182,12,0,0,-1.588,-97.93
182,13,0,0,-8.597,-90.92
182,14,0,0,12.632,-112.15
182,15,0,0,-0.683,-98.83
182,16,0,0,0.643,-100.16
182,17,0,0,7.096,-106.61
182,18,0,0,2.367,-101.88
182,19,0,0,-3.850,-95.66
183,0,187,100,-2.419,-97.09
183,1,241,100,0.895,-100.41
183,2,372,100,2.343,-101.86
183,3,9986,0,14.929,-114.44
183,4,0,0,-2.336,-97.18
183,5,0,0,2.988,-102.50
183,6,0,0,3.357,-102.87
183,7,0,0,0.514,-100.03
183,8,0,0,9.841,-109.36
183,9,0,0,-1.505,-98.01
183,10,0,0,12.439,-111.95
183,11,0,0,0.517,-100.03
183,12,0,0,4.035,-103.55
183,13,0,0,6.229,-105.74
183,14,0,0,-1.776,-97.74
183,15,0,0,-1.810,-97.70
183,16,0,0,-1.476,-98.04
183,17,0,0,-7.150,-92.36
183,18,0,0,-11.987,-87.53
183,19,0,0,6.996,-106.51
184,0,197,100,-2.989,-96.52
184,1,162,100,-1.887,-97.63
184,2,158,100,-1.449,-98.06
184,3,110,100,-10.513,-89.00
184,4,9993,0,15.280,-114.79
184,5,0,0,9.023,-108.54
184,6,0,0,-4.269,-95.24
184,7,0,0,14.216,-113.73
184,8,0,0,9.611,-109.12
184,9,0,0,-9.364,-90.15
184,10,0,0,11.445,-110.96
184,11,0,0,11.568,-111.08
184,12,0,0,11.674,-111.19
184,13,0,0,11.875,-111.39
184,14,0,0,4.748,-104.26
184,15,0,0,-0.739,-98.77
184,16,0,0,-16.777,-82.74
184,17,0,0,4.736,-104.25
184,18,0,0,-7.963,-91.55
184,19,0,0,10.836,-110.35
185,0,126,100,-3.309,-96.20
185,1,161,100,-2.736,-96.78
185,2,960,100,4.328,-103.84
185,3,599,100,3.433,-102.95
185,4,426,100,1.430,-100.94
185,5,691,100,3.463,-102.98
185,6,124,100,-3.750,-95.76
185,7,153,100,-3.650,-95.86
185,8,848,100,4.852,-104.37
185,9,377,100,0.640,-100.15
185,10,152,100,-3.036,-96.48
185,11,106,100,-13.721,-85.79
185,12,1266,100,5.172,-104.69
185,13,1315,100,5.710,-105.22
185,14,207,100,-1.075,-98.44
185,15,1428,100,4.130,-103.64
185,16,106,100,-11.227,-88.29
185,17,124,100,-4.364,-95.15
185,18,119,100,-9.370,-90.14
185,19,215,100,-0.712,-98.80
186,0,129,100,-6.647,-92.87
186,1,2967,100,5.984,-105.50
186,2,115,100,-15.826,-83.69
186,3,156,100,-3.648,-95.87
186,4,2621,100,5.999,-105.51
186,5,342,100,1.761,-101.28
186,6,171,100,-2.271,-97.24
186,7,224,100,-2.284,-97.23
186,8,632,100,3.142,-102.66
186,9,344,100,1.728,-101.24
186,10,9906,0,16.131,-115.65
186,11,0,0,1.274,-100.79
186,12,0,0,-2.509,-97.01
186,13,0,0,4.224,-103.74
186,14,0,0,-3.556,-95.96
186,15,0,0,-0.977,-98.54
186,16,0,0,13.462,-112.98
186,17,0,0,7.514,-107.03
186,18,0,0,7.914,-107.43
186,19,0,0,-10.147,-89.37
187,0,802,100,4.568,-104.08
187,1,447,100,2.437,-101.95
187,2,1335,100,4.268,-103.78
187,3,619,100,3.721,-103.24
187,4,253,100,-3.038,-96.48
187,5,1939,100,5.631,-105.15
187,6,258,100,-1.149,-98.37
187,7,997,100,4.440,-103.95
187,8,133,100,-6.407,-93.11
187,9,6646,100,7.789,-107.30
187,10,257,100,0.453,-99.97
187,11,1402,100,4.945,-104.46
187,12,201,100,-1.002,-98.51
187,13,6957,100,7.551,-107.06
187,14,389,100,1.022,-100.54
187,15,1815,100,5.200,-104.71
187,16,1801,100,5.668,-105.18
187,17,162,100,-4.828,-94.69
187,18,9778,0,17.057,-116.57
187,19,0,0,-12.084,-87.43
188,0,146,100,-3.054,-96.46
188,1,354,100,2.255,-101.77
188,2,4431,100,7.492,-107.01
188,3,402,100,2.519,-102.03
188,4,1942,100,5.659,-105.17
188,5,500,100,2.826,-102.34
188,6,105,100,-7.904,-91.61
188,7,9970,0,13.300,-112.81
188,8,0,0,0.764,-100.28
188,9,0,0,-5.928,-93.59
188,10,0,0,10.241,-109.76
188,11,0,0,9.834,-109.35
188,12,0,0,1.262,-100.78
188,13,0,0,1.578,-101.09
188,14,0,0,1.233,-100.75
188,15,0,0,0.520,-100.03
188,16,0,0,5.911,-105.42
188,17,0,0,2.753,-102.27
188,18,0,0,1.076,-100.59
188,19,0,0,-1.874,-97.64
189,0,1778,100,5.344,-104.86
189,1,106,100,-12.990,-86.52
189,2,132,100,-5.033,-94.48
189,3,181,100,-2.077,-97.44
189,4,9998,18,9.335,-108.85
189,5,42,18,-0.165,-99.35
189,6,37,18,-2.066,-97.45
189,7,7707,0,17.422,-116.94
189,8,0,0,8.162,-107.68
189,9,0,0,0.844,-100.36
189,10,0,0,0.023,-99.54
189,11,0,0,0.898,-100.41
189,12,0,0,-6.758,-92.76
189,13,0,0,5.195,-104.71
189,14,0,0,-14.634,-84.88
189,15,0,0,-17.134,-82.38
189,16,0,0,-9.539,-89.97
189,17,0,0,-4.350,-95.16
189,18,0,0,-16.031,-83.48
189,19,0,0,-10.387,-89.13
190,0,128,100,-5.914,-93.60
190,1,107,100,-12.776,-86.74
190,2,224,100,0.097,-99.61
190,3,6032,100,7.712,-107.23
190,4,362,100,-1.257,-98.26
190,5,1180,100,4.829,-104.34
190,6,1281,100,4.576,-104.09
190,7,9732,0,14.057,-113.57
190,8,0,0,6.594,-106.11
190,9,0,0,8.608,-108.12
190,10,0,0,2.394,-101.91
190,11,0,0,-1.660,-97.85
190,12,0,0,-3.046,-96.47
190,13,0,0,-7.056,-92.46
190,14,0,0,-7.450,-92.06
190,15,0,0,4.474,-103.99
190,16,0,0,0.628,-100.14
190,17,0,0,0.402,-99.92
190,18,0,0,-11.493,-88.02
190,19,0,0,7.763,-107.28
191,0,305,100,0.930,-100.44
191,1,9997,2,11.210,-110.72
191,2,1693,2,9.917,-109.43
191,3,2,2,-8.488,-91.03
191,4,6,2,-0.886,-98.63
191,5,2,2,-5.986,-93.53
191,6,1945,0,15.146,-114.66
191,7,0,0,-8.751,-90.76
191,8,0,0,3.012,-102.53
191,9,0,0,12.492,-112.01
191,10,0,0,6.443,-105.96
191,11,0,0,0.837,-100.35
191,12,0,0,8.945,-108.46
191,13,0,0,3.686,-103.20
191,14,0,0,-1.540,-97.97
191,15,0,0,-1.603,-97.91
191,16,0,0,-0.081,-99.43
191,17,0,0,-5.142,-94.37
191,18,0,0,-13.692,-85.82
191,19,0,0,5.047,-104.56
192,0,100,100,-10.198,-89.32
192,1,105,100,-12.610,-86.90
192,2,10000,23,9.483,-109.00
192,3,9876,0,14.219,-113.73
192,4,0,0,0.659,-100.17
192,5,0,0,-10.084,-89.43
192,6,0,0,9.910,-109.42
192,7,0,0,-2.461,-97.05
192,8,0,0,13.177,-112.69
192,9,0,0,-9.401,-90.11
192,10,0,0,13.004,-112.52
192,11,0,0,-6.193,-93.32
192,12,0,0,-8.393,-91.12
192,13,0,0,-6.228,-93.29
192,14,0,0,5.436,-104.95
192,15,0,0,-6.418,-93.10
192,16,0,0,1.744,-101.26
192,17,0,0,12.729,-112.24
192,18,0,0,13.504,-113.02
192,19,0,0,-8.742,-90.77
193,0,189,100,0.547,-100.06
193,1,9998,0,11.752,-111.27
193,2,0,0,0.910,-100.42
193,3,0,0,7.512,-107.03
193,4,0,0,-1.744,-97.77
193,5,0,0,-3.672,-95.84
193,6,0,0,3.584,-103.10
193,7,0,0,8.365,-107.88
193,8,0,0,7.881,-107.40
193,9,0,0,1.452,-100.97
193,10,0,0,4.545,-104.06
193,11,0,0,-1.191,-98.32
193,12,0,0,-6.167,-93.35
193,13,0,0,4.434,-103.95
193,14,0,0,2.897,-102.41
193,15,0,0,10.943,-110.46
193,16,0,0,11.526,-111.04
193,17,0,0,-3.350,-96.16
193,18,0,0,-5.738,-93.78
193,19,0,0,-13.144,-86.37
194,0,3805,100,6.916,-106.43
194,1,110,100,-9.691,-89.82
194,2,129,100,-7.875,-91.64
194,3,100,100,-16.218,-83.30
194,4,144,100,-6.781,-92.73
194,5,216,100,-1.438,-98.08
194,6,6286,100,7.996,-107.51
194,7,9926,0,12.004,-111.52
194,8,0,0,-10.269,-89.24
194,9,0,0,-2.373,-97.14
194,10,0,0,-4.618,-94.90
194,11,0,0,-2.868,-96.65
194,12,0,0,-4.166,-95.35
194,13,0,0,-0.937,-98.58
194,14,0,0,3.726,-103.24
194,15,0,0,-6.713,-92.80
194,16,0,0,-4.176,-95.34
194,17,0,0,0.139,-99.65
194,18,0,0,-6.574,-92.94
194,19,0,0,-11.622,-87.89
195,0,143,100,-4.617,-94.90
195,1,101,100,-11.826,-87.69
195,2,9999,0,12.225,-111.74
195,3,0,0,-2.371,-97.14
195,4,0,0,-10.645,-88.87
195,5,0,0,3.924,-103.44
195,6,0,0,-5.733,-93.78
195,7,0,0,-3.314,-96.20
195,8,0,0,-11.579,-87.93
195,9,0,0,-1.799,-97.71
195,10,0,0,5.086,-104.60
195,11,0,0,-5.675,-93.84
195,12,0,0,-9.784,-89.73
195,13,0,0,21.379,-120.89
195,14,0,0,17.565,-117.08
195,15,0,0,-3.365,-96.15
195,16,0,0,-1.272,-98.24
195,17,0,0,-3.577,-95.94
195,18,0,0,-4.553,-94.96
195,19,0,0,1.266,-100.78
196,0,123,100,-5.777,-93.74
196,1,104,100,-8.160,-91.35
196,2,291,100,1.351,-100.87
196,3,9999,0,13.799,-113.31
196,4,0,0,-1.306,-98.21
196,5,0,0,4.837,-104.35
196,6,0,0,1.785,-101.30
196,7,0,0,3.234,-102.75
196,8,0,0,4.496,-104.01
196,9,0,0,-0.778,-98.74
196,10,0,0,3.955,-103.47
196,11,0,0,-7.966,-91.55
196,12,0,0,-5.335,-94.18
196,13,0,0,-2.748,-96.77
196,14,0,0,-5.065,-94.45
196,15,0,0,-7.583,-91.93
196,16,0,0,6.210,-105.72
196,17,0,0,-16.029,-83.49
196,18,0,0,5.615,-105.13
196,19,0,0,-3.721,-95.79
197,0,145,100,-3.237,-96.28
197,1,888,100,4.616,-104.13
197,2,108,100,-7.378,-92.14
197,3,369,100,1.114,-100.63
197,4,135,100,-4.182,-95.33
197,5,267,100,-1.141,-98.37
197,6,350,100,0.191,-99.71
197,7,1008,100,2.647,-102.16
197,8,6112,100,7.725,-107.24
197,9,107,100,-15.519,-84.00
197,10,3770,100,4.610,-104.12
197,11,574,100,3.588,-103.10
197,12,170,100,-4.017,-95.50
197,13,9875,3,9.873,-109.39
197,14,22,3,-0.321,-99.19
197,15,4,3,-0.276,-99.24
197,16,18,3,3.226,-102.74
197,17,3,3,-9.577,-89.94
197,18,4,3,-2.830,-96.68
197,19,48,3,1.558,-101.07
198,0,124,100,-6.571,-92.94
198,1,10000,0,14.175,-113.69
198,2,0,0,2.227,-101.74
198,3,0,0,-6.308,-93.21
198,4,0,0,-10.077,-89.44
198,5,0,0,-0.698,-98.82
198,6,0,0,1.975,-101.49
198,7,0,0,-8.660,-90.85
198,8,0,0,-10.975,-88.54
198,9,0,0,11.281,-110.79
198,10,0,0,-0.126,-99.39
198,11,0,0,-3.708,-95.81
198,12,0,0,11.198,-110.71
198,13,0,0,6.417,-105.93
198,14,0,0,-6.142,-93.37
198,15,0,0,5.618,-105.13
198,16,0,0,4.488,-104.00
198,17,0,0,0.243,-99.76
198,18,0,0,1.608,-101.12
198,19,0,0,-1.572,-97.94
199,0,119,100,-4.533,-94.98
199,1,8374,100,7.550,-107.06
199,2,127,100,-5.948,-93.57
199,3,1021,100,4.723,-104.24
199,4,9955,15,9.360,-108.87
199,5,15,15,-11.278,-88.24
199,6,80,15,2.917,-102.43
199,7,9342,0,19.958,-119.47
199,8,0,0,-8.162,-91.35
199,9,0,0,2.088,-101.60
199,10,0,0,5.713,-105.23
199,11,0,0,2.028,-101.54
199,12,0,0,-3.526,-95.99
199,13,0,0,0.541,-100.05
199,14,0,0,-12.517,-87.00
199,15,0,0,2.224,-101.74
199,16,0,0,-3.056,-96.46
199,17,0,0,-6.494,-93.02
199,18,0,0,-4.799,-94.71
199,19,0,0,8.998,-108.51
200,0,147,100,-3.873,-95.64
200,1,130,100,-4.667,-94.85
200,2,176,100,-0.414,-99.10
200,3,101,100,-16.729,-82.79
200,4,9999,68,8.799,-108.31
200,5,96,68,-5.476,-94.04
200,6,68,68,-20.099,-79.41
200,7,174,68,-0.324,-99.19
200,8,8312,44,9.047,-108.56
200,9,72,44,-1.700,-97.81
200,10,90,44,-2.560,-96.95
200,11,145,44,1.086,-100.60
200,12,91,44,-4.055,-95.46
200,13,45,44,-11.701,-87.81
200,14,99,44,-2.152,-97.36
200,15,61,44,-4.670,-94.84
200,16,236,44,1.909,-101.42
200,17,384,44,4.071,-103.58
200,18,51,44,-11.585,-87.93
200,19,48,44,-13.092,-86.42
