id,x,y,q,r,isCH,isCL,dPathM,missions,K,chunksMean,chunksP10,chunksP90,pFull
0,-214.725,-540.788,1,-4,0,0,163.6,120,2000,1999.83,1999.0,2000.0,0.8417
1,-492.208,-61.477,-3,0,0,0,11.5,120,2000,1999.78,1999.0,2000.0,0.7917
2,-191.141,224.437,-2,2,0,0,46.7,120,2000,1999.47,1998.9,2000.0,0.5667
3,-227.025,-189.541,-1,-1,0,0,210.9,120,2000,1999.93,2000.0,2000.0,0.9333
4,100.883,152.428,0,1,0,0,130.2,120,2000,1997.88,1996.0,2000.0,0.1167
5,-624.712,534.966,-5,3,0,0,366.1,120,2000,1950.36,1943.0,1958.0,0.0000
6,-124.589,-613.216,1,-4,0,0,95.1,120,2000,1999.81,1999.0,2000.0,0.8167
7,-39.911,204.280,-1,1,0,0,29.4,120,2000,1999.21,1998.0,2000.0,0.4417
8,-451.550,-193.456,-2,-1,0,0,18.7,120,2000,1999.94,2000.0,2000.0,0.9417
9,389.303,565.523,0,4,0,0,590.3,120,2000,1762.17,1746.0,1779.1,0.0000
10,-10.891,-819.244,3,-6,0,0,25.2,120,2000,1999.44,1998.0,2000.0,0.6083
11,-26.911,521.309,-2,4,0,0,291.2,120,2000,1976.09,1971.0,1981.0,0.0000
12,-331.914,78.510,-2,0,0,0,171.1,120,2000,1999.84,1999.0,2000.0,0.8667
13,165.525,367.246,0,2,0,0,291.6,120,2000,1981.54,1976.9,1987.0,0.0000
14,-353.765,430.255,-4,3,0,0,155.9,120,2000,1994.19,1991.0,1997.0,0.0083
15,-74.240,1367.377,-5,9,0,0,1096.5,120,2000,459.75,436.0,485.1,0.0000
16,-233.393,330.691,-2,2,0,0,48.0,120,2000,1998.41,1996.9,2000.0,0.2000
17,-751.528,924.020,-7,6,0,0,763.9,120,2000,1349.87,1324.9,1376.2,0.0000
18,-574.162,372.641,-5,3,0,0,207.7,120,2000,1989.88,1985.9,1994.0,0.0000
19,-412.336,256.645,-3,2,0,0,16.5,120,2000,1998.95,1997.0,2000.0,0.4000
20,327.554,526.001,0,4,0,0,517.5,120,2000,1856.85,1839.0,1872.0,0.0000
21,295.049,-186.515,2,-1,0,0,310.8,120,2000,1996.91,1994.0,1999.0,0.0500
22,-275.269,-646.106,0,-4,0,0,79.9,120,2000,1999.73,1999.0,2000.0,0.7833
23,22.332,805.415,-2,5,0,0,572.3,120,2000,1756.53,1738.9,1773.2,0.0000
24,-137.073,948.835,-4,6,0,1,673.3,120,2000,1564.65,1538.9,1585.1,0.0000
25,200.351,808.238,-1,5,0,0,651.9,120,2000,1622.69,1601.9,1645.0,0.0000
26,-226.829,-499.272,0,-3,0,0,162.0,120,2000,1999.93,2000.0,2000.0,0.9333
27,-264.687,1179.875,-6,8,0,0,895.6,120,2000,972.65,942.9,1002.1,0.0000
28,-386.860,-355.402,-1,-2,0,0,41.9,120,2000,1999.86,1999.0,2000.0,0.8583
29,-58.846,521.091,-2,3,0,0,277.9,120,2000,1978.22,1972.0,1983.0,0.0000
30,252.698,-65.492,2,-1,0,0,264.6,120,2000,1997.12,1995.0,1999.0,0.0417
31,-309.341,708.366,-4,5,0,0,425.6,120,2000,1912.88,1901.0,1924.1,0.0000
32,-103.544,-388.592,1,-3,0,0,81.2,120,2000,1999.92,2000.0,2000.0,0.9250
33,-219.694,-310.706,0,-2,0,0,199.8,120,2000,1999.96,2000.0,2000.0,0.9583
34,268.155,388.103,0,3,0,0,386.9,120,2000,1954.68,1946.9,1963.0,0.0000
35,-504.844,964.056,-6,6,0,0,710.3,120,2000,1478.26,1452.9,1502.0,0.0000
36,-157.617,988.376,-4,6,0,0,710.0,120,2000,1481.31,1456.9,1505.0,0.0000
37,211.113,976.956,-2,6,0,0,805.1,120,2000,1242.06,1213.0,1274.3,0.0000
38,-224.732,393.770,-3,3,0,0,111.6,120,2000,1996.67,1994.0,1999.0,0.0500
39,-68.009,97.118,-1,1,0,0,47.5,120,2000,1999.68,1999.0,2000.0,0.7000
40,145.192,-292.650,2,-2,0,0,164.4,120,2000,1999.58,1999.0,2000.0,0.6667
41,-246.442,910.912,-4,6,0,0,626.8,120,2000,1658.27,1636.8,1680.1,0.0000
42,-814.146,-265.027,-4,-2,0,0,350.4,120,2000,1993.67,1990.0,1997.0,0.0000
43,458.389,364.396,2,2,0,0,541.4,120,2000,1859.21,1844.9,1874.1,0.0000
44,-273.632,27.098,-2,0,0,0,245.1,120,2000,1999.88,1999.0,2000.0,0.8833
45,39.205,-959.221,3,-6,0,0,79.7,120,2000,1997.85,1996.0,1999.0,0.0833
46,-698.366,111.007,-5,1,0,0,187.0,120,2000,1995.51,1993.0,1998.0,0.0000
47,-542.090,454.749,-5,3,0,0,253.3,120,2000,1983.36,1978.0,1988.0,0.0000
48,84.220,-362.451,2,-3,0,0,105.7,120,2000,1999.77,1999.0,2000.0,0.8000
49,-671.167,66.090,-4,0,0,0,153.8,120,2000,1997.57,1996.0,1999.0,0.0583
50,-129.654,596.188,-3,4,0,0,327.6,120,2000,1963.66,1956.0,1972.0,0.0000
51,11.730,1201.810,-4,8,0,0,949.5,120,2000,823.30,793.9,857.1,0.0000
52,330.017,249.896,1,2,0,0,378.8,120,2000,1968.83,1962.0,1976.0,0.0000
53,-923.401,312.571,-6,2,0,0,462.7,120,2000,1910.88,1899.9,1924.0,0.0000
54,-1096.678,-242.508,-5,-2,0,0,618.9,120,2000,1886.22,1875.0,1899.0,0.0000
55,-346.393,-534.222,0,-4,0,0,37.5,120,2000,1999.79,1999.0,2000.0,0.8167
56,268.956,307.753,1,2,0,0,346.4,120,2000,1973.50,1967.9,1980.0,0.0000
57,630.165,235.003,3,1,0,0,662.6,120,2000,1737.58,1716.9,1755.0,0.0000
58,-279.633,339.473,-3,2,0,0,55.6,120,2000,1998.09,1996.0,2000.0,0.1833
59,-440.893,1131.646,-6,7,0,0,861.5,120,2000,1071.68,1039.8,1094.1,0.0000
60,-276.123,700.264,-4,5,0,0,416.1,120,2000,1918.60,1909.0,1928.0,0.0000
61,-609.849,-36.804,-4,0,0,0,97.1,120,2000,1999.22,1998.0,2000.0,0.5167
62,177.421,744.241,-1,5,0,0,585.3,120,2000,1744.22,1728.0,1762.1,0.0000
63,-56.383,-640.373,2,-4,0,0,26.0,120,2000,1999.78,1999.0,2000.0,0.8000
64,-137.456,180.410,-1,1,0,0,57.8,120,2000,1999.72,1999.0,2000.0,0.7500
65,-294.199,232.228,-3,2,0,0,49.8,120,2000,1999.60,1999.0,2000.0,0.6917
66,99.583,452.971,-1,3,0,0,303.4,120,2000,1975.98,1970.0,1982.0,0.0000
67,46.555,242.498,-1,2,0,0,121.8,120,2000,1997.74,1996.0,1999.0,0.0917
68,-39.054,-391.997,1,-3,0,0,16.6,120,2000,1999.88,1999.0,2000.0,0.8833
69,-1071.116,-331.211,-5,-2,0,0,615.7,120,2000,1906.97,1896.0,1919.1,0.0000
70,30.073,564.881,-2,4,0,0,356.1,120,2000,1954.58,1945.0,1963.1,0.0000
71,-224.199,1248.143,-5,8,0,0,964.5,120,2000,784.12,754.9,811.4,0.0000
72,-251.734,621.758,-3,4,0,0,337.6,120,2000,1959.71,1951.9,1967.0,0.0000
73,470.887,627.486,1,4,0,0,692.6,120,2000,1570.51,1549.8,1594.1,0.0000
74,220.437,-41.811,1,0,0,0,231.6,120,2000,1998.12,1996.0,2000.0,0.1833
75,-224.419,132.011,-2,1,0,0,144.9,120,2000,1999.83,1999.0,2000.0,0.8333
76,150.315,254.290,0,2,0,0,216.6,120,2000,1993.15,1989.9,1997.0,0.0000
77,-795.659,-42.996,-5,0,0,0,281.6,120,2000,1993.80,1990.0,1998.0,0.0083
78,424.739,45.611,2,0,0,0,434.1,120,2000,1971.71,1966.0,1978.1,0.0000
79,-122.012,611.500,-3,4,0,0,344.3,120,2000,1958.75,1951.9,1966.0,0.0000
80,663.273,535.186,2,4,0,0,801.4,120,2000,1327.38,1301.9,1355.2,0.0000
81,-835.674,465.058,-6,3,0,0,463.8,120,2000,1896.70,1880.9,1909.0,0.0000
82,-644.230,41.570,-4,0,0,0,125.4,120,2000,1998.53,1997.0,2000.0,0.2417
83,-433.026,992.800,-6,7,0,0,723.2,120,2000,1450.11,1429.9,1472.2,0.0000
84,-573.894,57.763,-3,0,0,0,56.2,120,2000,1999.29,1998.0,2000.0,0.4583
85,562.098,53.781,3,0,0,0,571.6,120,2000,1902.67,1890.0,1915.0,0.0000
86,89.946,2.101,1,0,0,0,99.8,120,2000,1999.47,1998.0,2000.0,0.5917
87,-529.668,563.047,-5,4,0,0,341.2,120,2000,1958.69,1949.9,1967.0,0.0000
88,-23.269,-274.531,1,-2,0,0,4.6,120,2000,1999.93,2000.0,2000.0,0.9333
89,633.469,108.698,3,1,0,0,646.1,120,2000,1805.12,1789.0,1820.2,0.0000
90,-1031.601,-481.986,-4,-3,0,0,614.2,120,2000,1920.72,1910.0,1931.0,0.0000
91,105.100,-742.810,3,-5,0,0,138.6,120,2000,1999.12,1998.0,2000.0,0.3917
92,-37.746,-372.699,1,-2,0,0,15.9,120,2000,1999.93,2000.0,2000.0,0.9417
93,511.007,914.455,0,6,0,0,921.6,120,2000,927.95,902.9,954.1,0.0000
94,-122.816,488.184,-2,3,0,0,225.2,120,2000,1987.27,1982.0,1991.0,0.0000
95,701.960,737.200,2,5,0,0,942.7,120,2000,888.22,861.6,915.1,0.0000
96,619.770,173.417,3,1,0,0,640.6,120,2000,1790.76,1772.0,1807.1,0.0000
97,-356.325,-548.189,0,-4,0,0,24.5,120,2000,1999.78,1999.0,2000.0,0.8000
98,-142.043,-405.666,1,-3,0,0,119.1,120,2000,1999.94,2000.0,2000.0,0.9417
99,-295.038,0.056,-2,0,0,0,217.7,120,2000,1999.91,2000.0,2000.0,0.9083
100,33.191,1145.901,-4,8,0,0,900.5,120,2000,963.83,932.9,990.0,0.0000
101,-547.671,577.490,-5,4,0,0,362.2,120,2000,1950.94,1943.0,1960.1,0.0000
102,60.779,1036.786,-3,7,0,0,803.6,120,2000,1241.56,1214.0,1268.0,0.0000
103,-1010.274,-271.668,-5,-2,0,0,542.2,120,2000,1947.88,1938.0,1956.1,0.0000
104,-476.811,762.999,-5,5,0,0,509.0,120,2000,1835.32,1818.0,1851.0,0.0000
105,-37.309,-700.025,2,-5,0,0,5.1,120,2000,1999.78,1999.0,2000.0,0.8000
106,350.510,-421.831,4,-3,0,0,373.7,120,2000,1995.01,1992.0,1998.0,0.0000
107,200.899,-164.254,2,-1,0,0,216.0,120,2000,1998.97,1998.0,2000.0,0.3500
108,32.195,742.438,-2,5,0,0,517.3,120,2000,1833.07,1816.0,1851.0,0.0000
109,-527.418,944.863,-6,6,0,0,697.7,120,2000,1509.17,1484.9,1534.2,0.0000
110,-232.050,1171.331,-5,8,0,0,887.5,120,2000,1002.51,972.0,1033.0,0.0000
111,608.064,69.811,3,1,0,0,618.1,120,2000,1852.17,1838.0,1868.3,0.0000
112,-762.988,-367.448,-3,-3,0,1,325.8,120,2000,1996.24,1993.0,1998.1,0.0000
113,-332.419,456.007,-3,3,0,0,177.2,120,2000,1992.57,1988.0,1996.0,0.0000
114,-157.728,-666.185,1,-4,0,0,126.5,120,2000,1999.73,1999.0,2000.0,0.7667
115,-646.564,-110.353,-3,-1,0,0,150.1,120,2000,1999.09,1998.0,2000.0,0.3917
116,-449.140,949.448,-6,6,0,0,683.6,120,2000,1540.75,1517.0,1560.2,0.0000
117,350.128,671.155,0,4,0,0,633.4,120,2000,1675.52,1657.0,1697.0,0.0000
118,489.599,-475.620,4,-3,0,0,514.4,120,2000,1973.82,1967.0,1980.0,0.0000
119,374.232,640.883,0,4,0,0,629.0,120,2000,1691.47,1673.9,1711.0,0.0000
120,482.667,708.882,0,5,0,0,754.7,120,2000,1411.64,1381.0,1439.0,0.0000
121,-235.158,-596.629,1,-4,0,0,130.1,120,2000,1999.78,1999.0,2000.0,0.8083
122,497.130,582.637,1,4,0,0,686.1,120,2000,1593.69,1572.0,1616.0,0.0000
123,19.950,10.656,0,0,0,0,29.5,120,2000,1999.72,1999.0,2000.0,0.7417
124,386.524,-154.518,3,-1,0,0,401.2,120,2000,1989.72,1985.0,1994.0,0.0000
125,-593.544,-640.412,-1,-4,0,0,228.1,120,2000,1998.02,1996.0,2000.0,0.1417
126,266.794,-321.741,3,-2,0,0,286.8,120,2000,1998.07,1996.0,2000.0,0.1333
127,154.521,990.222,-3,7,0,0,793.2,120,2000,1271.78,1246.0,1298.0,0.0000
128,566.246,713.298,1,5,0,0,820.8,120,2000,1237.38,1208.0,1272.1,0.0000
129,-700.479,-339.760,-3,-2,0,0,258.4,120,2000,1998.54,1997.0,2000.0,0.1917
130,-56.317,-426.227,1,-3,0,0,32.8,120,2000,1999.88,2000.0,2000.0,0.9083
131,-223.054,-11.593,-1,0,0,0,212.6,120,2000,1999.95,2000.0,2000.0,0.9500
132,-353.658,-167.860,-2,-1,0,0,119.9,120,2000,1999.95,2000.0,2000.0,0.9500
133,-867.732,95.070,-5,0,0,0,352.3,120,2000,1976.79,1971.0,1983.1,0.0000
134,-1016.419,-189.462,-5,-1,0,0,528.1,120,2000,1945.92,1936.0,1956.0,0.0000
135,7.083,-424.806,2,-3,0,1,30.6,120,2000,1999.87,1999.0,2000.0,0.8833
136,-291.390,282.805,-3,2,1,1,0.0,120,2000,1999.00,1997.0,2000.0,0.4250
137,-551.335,677.251,-5,4,0,0,453.8,120,2000,1892.02,1880.0,1905.1,0.0000
138,175.039,-270.567,2,-2,0,1,193.5,120,2000,1999.57,1999.0,2000.0,0.6167
139,94.005,-318.965,2,-2,0,0,114.1,120,2000,1999.72,1999.0,2000.0,0.7667
140,631.413,717.862,1,5,0,0,874.6,120,2000,1090.58,1061.9,1113.0,0.0000
141,576.319,736.325,1,5,0,0,843.3,120,2000,1171.55,1149.8,1196.0,0.0000
142,-33.002,-155.038,0,-1,0,0,18.1,120,2000,1999.89,1999.0,2000.0,0.8917
143,-523.986,-114.918,-3,-1,0,0,32.4,120,2000,1999.65,1999.0,2000.0,0.6917
144,194.418,-167.305,2,-1,0,0,209.6,120,2000,1998.92,1997.0,2000.0,0.4000
145,259.780,1096.391,-2,7,0,0,933.8,120,2000,875.19,846.0,900.1,0.0000
146,346.485,628.504,0,4,0,0,600.5,120,2000,1737.29,1715.9,1757.1,0.0000
147,-979.139,-304.124,-5,-2,0,0,519.9,120,2000,1960.96,1952.0,1969.1,0.0000
148,-774.928,639.033,-6,4,0,0,540.5,120,2000,1808.02,1788.0,1825.0,0.0000
149,101.446,1024.811,-3,7,0,0,805.5,120,2000,1237.26,1212.9,1264.2,0.0000
150,-936.481,-159.227,-5,-1,0,0,443.2,120,2000,1974.11,1966.0,1981.0,0.0000
151,-765.437,-414.241,-3,-3,0,0,339.6,120,2000,1995.54,1992.0,1998.0,0.0083
152,-222.257,84.680,-2,1,0,0,185.6,120,2000,1999.87,1999.0,2000.0,0.8667
153,-909.116,-121.360,-5,-1,0,0,407.5,120,2000,1979.50,1973.0,1985.0,0.0000
154,60.538,-799.149,3,-5,0,0,95.9,120,2000,1999.44,1999.0,2000.0,0.5167
155,-405.024,635.190,-4,4,0,0,367.1,120,2000,1947.36,1938.0,1955.1,0.0000
156,30.627,525.870,-2,4,0,0,322.5,120,2000,1969.58,1962.0,1977.0,0.0000
157,3.643,-214.802,1,-2,0,0,20.4,120,2000,1999.91,2000.0,2000.0,0.9083
158,39.363,-418.765,2,-3,0,0,62.6,120,2000,1999.81,1999.0,2000.0,0.8417
159,-838.686,232.775,-6,2,0,0,354.7,120,2000,1968.47,1962.0,1975.0,0.0000
160,-89.879,493.199,-2,3,0,0,240.5,120,2000,1985.22,1981.0,1989.0,0.0000
161,-519.768,693.294,-5,4,0,0,456.6,120,2000,1891.06,1878.9,1904.1,0.0000
162,-157.685,1138.731,-5,8,0,0,859.5,120,2000,1078.88,1057.6,1102.1,0.0000
163,315.094,124.048,1,1,0,0,331.9,120,2000,1986.78,1982.0,1992.0,0.0000
164,2.763,-941.650,3,-6,0,0,42.7,120,2000,1998.40,1997.0,2000.0,0.1833
165,231.586,-568.984,3,-4,0,0,259.5,120,2000,1998.15,1996.0,2000.0,0.1833
166,-109.621,386.083,-2,3,0,0,133.8,120,2000,1995.58,1993.0,1998.0,0.0000
167,-169.988,-399.044,1,-3,0,0,147.3,120,2000,1999.92,2000.0,2000.0,0.9167
168,-331.263,171.190,-2,1,0,0,98.0,120,2000,1999.74,1999.0,2000.0,0.7833
169,-526.803,-77.765,-3,0,0,0,26.0,120,2000,1999.76,1999.0,2000.0,0.7917
170,-344.964,-555.088,0,-4,0,0,33.8,120,2000,1999.73,1999.0,2000.0,0.7417
171,-340.057,-621.316,0,-4,0,1,22.4,120,2000,1999.67,1999.0,2000.0,0.7000
172,-719.724,-211.637,-4,-1,0,0,245.8,120,2000,1997.97,1996.0,2000.0,0.1250
173,-199.533,-452.702,0,-3,0,0,175.1,120,2000,1999.89,1999.9,2000.0,0.9000
174,197.281,841.029,-2,6,0,0,678.7,120,2000,1565.93,1537.9,1587.1,0.0000
175,231.148,646.155,-1,4,0,0,536.1,120,2000,1820.42,1804.9,1836.1,0.0000
176,256.438,954.127,-2,7,0,0,806.3,120,2000,1244.63,1218.9,1270.4,0.0000
177,-159.985,25.919,-1,0,0,0,150.8,120,2000,1999.91,2000.0,2000.0,0.9083
178,-268.531,563.678,-4,4,0,0,279.4,120,2000,1977.17,1971.9,1982.0,0.0000
179,-201.402,1189.472,-5,8,0,0,906.9,120,2000,947.33,918.7,971.2,0.0000
180,-211.879,966.175,-4,6,0,0,683.4,120,2000,1541.24,1520.0,1560.0,0.0000
181,236.680,97.123,1,1,0,0,250.4,120,2000,1994.64,1992.0,1997.0,0.0000
182,-188.771,724.550,-4,5,0,0,444.3,120,2000,1899.88,1888.0,1911.1,0.0000
183,-609.123,404.980,-5,3,0,0,255.1,120,2000,1983.18,1977.9,1988.0,0.0000
184,404.668,379.393,1,3,0,0,499.9,120,2000,1892.07,1878.8,1906.2,0.0000
185,6.486,-830.916,3,-6,0,0,42.9,120,2000,1999.62,1999.0,2000.0,0.6917
186,-82.187,-2.417,0,0,0,1,72.1,120,2000,1999.92,2000.0,2000.0,0.9167
187,236.768,-189.614,2,-1,0,0,252.6,120,2000,1998.67,1997.0,2000.0,0.2917
188,600.829,505.651,2,3,0,0,732.4,120,2000,1512.40,1491.0,1533.0,0.0000
189,-253.950,-78.366,-1,-1,0,0,238.4,120,2000,1999.91,2000.0,2000.0,0.9167
190,-336.426,-217.637,-1,-2,0,0,124.4,120,2000,1999.93,2000.0,2000.0,0.9333
191,-602.669,358.327,-5,3,0,0,217.2,120,2000,1989.22,1984.9,1993.0,0.0000
192,-463.807,-311.858,-2,-2,0,0,22.1,120,2000,1999.90,1999.9,2000.0,0.9000
193,178.825,-435.644,3,-3,0,0,202.5,120,2000,1999.32,1998.0,2000.0,0.5167
194,177.181,107.357,1,1,0,0,193.1,120,2000,1996.93,1995.0,1999.0,0.0667
195,-45.108,236.843,-1,2,0,0,46.7,120,2000,1998.92,1997.0,2000.0,0.3917
196,-190.138,-136.821,-1,-1,0,0,175.8,120,2000,1999.91,2000.0,2000.0,0.9167
197,-93.118,1162.624,-5,8,0,0,891.2,120,2000,992.83,968.0,1019.0,0.0000
198,-266.093,305.350,-3,2,0,0,21.1,120,2000,1998.77,1997.0,2000.0,0.3083
199,-89.581,1059.156,-4,7,0,0,789.6,120,2000,1277.18,1252.0,1302.1,0.0000
200,-412.622,781.179,-5,5,0,0,511.4,120,2000,1834.18,1819.0,1848.1,0.0000
201,390.289,44.725,2,0,0,0,399.6,120,2000,1979.62,1974.0,1985.0,0.0000
202,-350.410,-439.490,-1,-3,0,0,56.7,120,2000,1999.90,1999.9,2000.0,0.9000
203,-541.520,-573.205,-1,-4,0,1,161.2,120,2000,1999.28,1998.0,2000.0,0.4917
204,-190.866,1029.758,-5,7,0,0,748.2,120,2000,1385.62,1357.0,1411.0,0.0000
205,-173.434,323.079,-2,2,0,0,52.5,120,2000,1998.38,1997.0,2000.0,0.1833
206,550.933,172.005,3,1,0,0,572.4,120,2000,1869.64,1856.9,1883.1,0.0000
207,-100.433,1251.714,-5,8,0,0,978.3,120,2000,746.19,715.0,779.2,0.0000
208,577.431,960.973,0,6,0,0,1000.5,120,2000,707.13,677.0,736.2,0.0000
209,-81.503,1427.506,-5,9,0,1,1155.1,120,2000,348.88,330.0,367.2,0.0000
210,-850.311,387.066,-6,2,0,0,431.8,120,2000,1923.61,1913.0,1935.0,0.0000
211,390.631,933.223,-1,6,0,0,861.1,120,2000,1096.15,1067.4,1122.1,0.0000
212,-172.816,793.535,-3,5,0,0,514.7,120,2000,1833.84,1817.9,1849.0,0.0000
213,-106.228,954.948,-4,6,0,0,684.0,120,2000,1543.83,1522.0,1566.1,0.0000
214,-62.669,-582.128,2,-4,0,0,34.2,120,2000,1999.82,1999.0,2000.0,0.8583
215,649.252,743.761,1,5,0,0,904.6,120,2000,996.02,971.7,1020.0,0.0000
216,-221.088,931.180,-4,6,0,0,647.9,120,2000,1616.74,1593.9,1639.1,0.0000
217,111.085,-534.835,2,-3,0,0,138.0,120,2000,1999.59,1999.0,2000.0,0.6917
218,256.188,723.772,-1,5,0,0,612.8,120,2000,1703.15,1686.0,1725.0,0.0000
219,-55.719,636.324,-2,4,0,0,386.8,120,2000,1940.58,1931.0,1950.0,0.0000
220,-739.046,18.301,-4,0,0,0,220.2,120,2000,1995.62,1993.0,1998.0,0.0167
221,-596.522,1237.635,-7,8,0,0,998.3,120,2000,694.89,671.0,724.1,0.0000
222,597.362,266.467,2,2,0,0,638.5,120,2000,1763.53,1747.8,1783.0,0.0000
223,-192.512,205.729,-2,1,0,0,64.6,120,2000,1999.50,1999.0,2000.0,0.6083
224,-0.208,837.104,-3,6,0,0,594.8,120,2000,1724.08,1703.9,1744.0,0.0000
225,-6.120,524.765,-2,4,0,0,303.6,120,2000,1972.49,1967.0,1979.0,0.0000
226,-757.364,423.544,-6,3,0,0,376.5,120,2000,1950.15,1940.9,1960.0,0.0000
227,-470.475,394.155,-4,3,0,0,164.2,120,2000,1993.84,1990.9,1997.0,0.0083
228,270.345,-182.161,2,-1,0,0,285.9,120,2000,1997.88,1996.0,1999.1,0.1000
229,-351.524,995.848,-5,6,0,0,715.5,120,2000,1464.28,1438.8,1487.1,0.0000
230,-565.912,349.418,-4,2,0,0,185.0,120,2000,1992.63,1989.0,1996.0,0.0000
231,317.866,-311.365,3,-2,0,0,337.6,120,2000,1996.34,1994.0,1998.0,0.0333
232,-591.914,35.421,-3,0,0,0,73.0,120,2000,1999.09,1997.0,2000.0,0.4417
233,-165.976,-329.204,0,-2,0,0,145.5,120,2000,1999.97,2000.0,2000.0,0.9750
234,-726.259,110.591,-5,1,0,0,214.4,120,2000,1994.28,1991.0,1997.0,0.0000
235,-386.820,813.896,-5,5,0,0,539.2,120,2000,1799.87,1782.9,1817.1,0.0000
236,260.405,-122.737,2,-1,0,0,274.1,120,2000,1997.77,1996.0,2000.0,0.1167
237,692.085,409.262,2,3,0,0,773.9,120,2000,1439.57,1411.9,1468.0,0.0000
238,-436.916,118.506,-3,1,0,0,60.4,120,2000,1999.81,1999.0,2000.0,0.8250
239,227.305,-599.537,3,-4,0,0,256.2,120,2000,1998.21,1997.0,2000.0,0.1167
240,-614.479,764.003,-6,5,0,0,559.0,120,2000,1774.97,1755.9,1795.0,0.0000
241,-978.934,-231.129,-5,-1,0,0,501.9,120,2000,1962.80,1954.0,1971.0,0.0000
242,-451.751,-292.014,-2,-2,0,0,5.6,120,2000,1999.92,2000.0,2000.0,0.9417
243,-573.030,51.857,-3,0,0,0,54.9,120,2000,1999.16,1998.0,2000.0,0.4750
244,25.300,1232.645,-4,8,0,0,982.7,120,2000,735.00,707.0,760.1,0.0000
245,218.525,972.697,-2,6,0,0,804.7,120,2000,1247.18,1219.7,1274.2,0.0000
246,352.390,643.193,0,4,0,0,615.0,120,2000,1713.10,1694.8,1730.0,0.0000
247,-306.580,633.157,-4,4,0,0,350.4,120,2000,1954.36,1945.0,1963.1,0.0000
248,156.007,1085.633,-3,7,0,0,881.8,120,2000,1025.98,999.0,1051.2,0.0000
249,-364.442,957.014,-5,6,0,0,678.2,120,2000,1553.73,1525.9,1574.1,0.0000
250,-230.668,136.829,-2,1,0,0,142.4,120,2000,1999.79,1999.0,2000.0,0.8000
251,582.183,917.159,0,6,0,0,971.6,120,2000,787.06,764.0,809.0,0.0000
252,227.318,355.736,0,2,0,0,335.0,120,2000,1973.30,1965.0,1980.1,0.0000
253,-455.248,-90.678,-2,-1,0,0,40.2,120,2000,1999.89,1999.9,2000.0,0.9000
254,-902.689,33.604,-5,0,0,0,383.7,120,2000,1973.42,1967.9,1979.0,0.0000
255,316.406,412.319,0,3,0,0,440.5,120,2000,1927.83,1915.0,1939.0,0.0000
256,-910.199,294.334,-6,2,0,0,443.4,120,2000,1924.35,1914.0,1933.0,0.0000
257,-338.676,699.010,-4,5,0,0,418.9,120,2000,1917.56,1907.9,1930.1,0.0000
258,386.222,-469.389,4,-3,0,0,410.9,120,2000,1991.39,1987.0,1995.0,0.0000
259,-851.612,486.919,-6,3,0,0,489.8,120,2000,1873.17,1859.0,1888.0,0.0000
260,369.813,-488.845,4,-3,0,0,395.1,120,2000,1992.80,1989.0,1996.0,0.0000
261,-225.269,44.621,-1,0,0,0,213.2,120,2000,1999.84,1999.0,2000.0,0.8583
262,378.275,967.467,-1,6,0,0,882.0,120,2000,1031.94,1005.0,1056.1,0.0000
263,-345.241,1082.775,-5,7,0,0,801.6,120,2000,1243.38,1214.8,1269.1,0.0000
264,-352.559,658.175,-4,4,0,0,380.1,120,2000,1940.28,1931.0,1949.0,0.0000
265,537.834,467.976,2,3,0,0,659.1,120,2000,1672.01,1654.6,1693.1,0.0000
266,86.939,696.541,-2,5,0,0,499.0,120,2000,1854.67,1842.0,1870.0,0.0000
267,93.660,1073.522,-3,7,0,0,848.8,120,2000,1114.88,1085.9,1140.2,0.0000
268,-794.591,533.858,-6,3,0,1,477.2,120,2000,1881.60,1868.0,1893.1,0.0000
269,-472.573,-141.844,-2,-1,0,0,10.9,120,2000,1999.85,1999.0,2000.0,0.8667
270,146.106,981.160,-2,6,0,0,781.5,120,2000,1302.70,1274.0,1329.3,0.0000
271,-588.347,-612.691,-1,-4,0,0,216.3,120,2000,1998.41,1997.0,2000.0,0.1500
272,319.254,224.411,1,2,0,0,360.1,120,2000,1975.37,1969.0,1981.0,0.0000
273,-401.891,192.102,-3,1,0,0,41.6,120,2000,1999.42,1998.0,2000.0,0.5833
274,-855.654,227.919,-6,2,0,0,369.1,120,2000,1963.48,1956.0,1970.0,0.0000
275,-621.398,901.632,-7,6,0,0,687.7,120,2000,1534.83,1509.8,1558.1,0.0000
276,594.582,355.808,2,2,0,0,663.7,120,2000,1697.56,1676.0,1718.0,0.0000
277,-248.083,-646.573,1,-4,0,0,106.6,120,2000,1999.72,1999.0,2000.0,0.7500
278,422.039,-161.597,3,-1,0,0,436.9,120,2000,1984.85,1980.0,1990.0,0.0000
279,-385.617,968.726,-5,6,0,0,692.3,120,2000,1522.16,1494.8,1548.0,0.0000
280,-214.718,563.180,-3,4,0,0,281.2,120,2000,1977.35,1972.0,1982.1,0.0000
281,-46.742,-55.793,0,0,0,0,35.0,120,2000,1999.93,2000.0,2000.0,0.9333
282,394.162,-63.749,2,0,0,1,405.9,120,2000,1985.96,1981.0,1990.0,0.0000
283,-136.316,432.328,-2,3,0,0,167.8,120,2000,1993.53,1990.0,1997.0,0.0000
284,-422.813,-402.694,-1,-3,0,0,4.6,120,2000,1999.88,1999.0,2000.0,0.8917
285,-922.467,-399.056,-4,-3,0,0,488.2,120,2000,1976.22,1970.0,1981.0,0.0000
286,-45.035,10.443,0,0,0,0,35.4,120,2000,1999.86,1999.0,2000.0,0.8583
287,630.209,780.519,1,5,0,0,913.0,120,2000,968.17,939.9,994.1,0.0000
288,-36.661,-328.644,1,-2,0,0,16.3,120,2000,1999.93,2000.0,2000.0,0.9333
289,-242.661,581.910,-3,4,0,0,298.1,120,2000,1973.31,1966.9,1979.1,0.0000
290,-335.950,495.048,-3,3,0,0,216.3,120,2000,1988.19,1983.9,1993.0,0.0000
291,-222.579,613.372,-3,4,0,0,330.6,120,2000,1962.53,1954.9,1970.1,0.0000
292,289.675,611.217,0,4,0,0,548.3,120,2000,1811.15,1793.0,1827.0,0.0000
293,84.760,-828.161,3,-5,0,0,121.0,120,2000,1999.12,1998.0,2000.0,0.4417
294,-236.737,84.408,-2,1,0,0,193.5,120,2000,1999.85,1999.0,2000.0,0.8583
295,80.677,37.798,0,0,0,0,89.9,120,2000,1999.17,1998.0,2000.0,0.4583
296,116.509,-232.196,1,-1,0,0,133.8,120,2000,1999.71,1999.0,2000.0,0.7500
297,-70.786,-414.140,1,-3,0,0,47.6,120,2000,1999.89,1999.0,2000.0,0.8917
298,-555.939,200.844,-4,1,0,0,83.6,120,2000,1997.98,1996.0,2000.0,0.1750
299,-320.474,578.161,-4,4,0,0,296.8,120,2000,1972.62,1966.0,1979.0,0.0000
300,-262.542,-101.882,-1,-1,0,0,224.4,120,2000,1999.97,2000.0,2000.0,0.9667
301,-100.293,333.131,-2,2,0,0,90.2,120,2000,1997.49,1995.0,1999.0,0.0833
302,-993.422,-435.712,-4,-3,0,0,565.9,120,2000,1947.70,1939.9,1956.0,0.0000
303,-685.804,973.781,-7,6,0,0,779.4,120,2000,1305.17,1277.9,1334.0,0.0000
304,-847.389,48.070,-5,0,0,0,328.7,120,2000,1984.04,1979.0,1989.0,0.0000
305,-852.796,451.590,-6,3,0,0,469.6,120,2000,1892.73,1878.0,1905.1,0.0000
306,22.163,-960.190,3,-6,0,0,62.7,120,2000,1997.89,1996.0,2000.0,0.1417
307,-240.236,-183.624,-1,-1,0,0,224.3,120,2000,1999.95,2000.0,2000.0,0.9500
308,-304.645,1148.582,-6,8,0,0,865.0,120,2000,1066.81,1038.0,1097.0,0.0000
309,-192.988,453.534,-3,3,0,0,175.2,120,2000,1992.62,1989.0,1996.0,0.0000
310,69.283,-150.436,1,-1,0,0,84.0,120,2000,1999.87,1999.0,2000.0,0.8750
311,-952.733,-257.983,-5,-2,0,0,483.1,120,2000,1970.37,1963.0,1977.1,0.0000
312,518.934,868.221,0,6,0,0,892.6,120,2000,1010.72,982.0,1042.0,0.0000
313,-227.974,1178.099,-5,8,0,0,894.4,120,2000,980.78,955.7,1008.2,0.0000
314,-230.335,783.366,-4,5,0,0,499.8,120,2000,1846.60,1827.9,1864.0,0.0000
315,-49.749,-539.935,2,-4,0,0,22.6,120,2000,1999.79,1999.0,2000.0,0.8083
316,863.579,776.730,2,5,0,0,1097.9,120,2000,488.71,467.0,509.2,0.0000
317,80.382,-727.620,3,-5,0,0,113.5,120,2000,1999.37,1998.0,2000.0,0.5333
318,-165.058,54.580,-1,0,0,0,152.8,120,2000,1999.88,1999.0,2000.0,0.8750
319,-510.567,-216.264,-2,-2,0,0,44.1,120,2000,1999.86,1999.0,2000.0,0.8667
320,142.159,-719.233,3,-5,0,0,174.9,120,2000,1998.77,1997.0,2000.0,0.3083
321,431.883,698.417,0,5,0,0,710.5,120,2000,1518.63,1497.6,1542.1,0.0000
322,19.420,1147.094,-4,8,0,0,898.2,120,2000,973.44,943.7,1005.3,0.0000
323,-110.704,-107.564,0,-1,0,0,97.3,120,2000,1999.88,1999.0,2000.0,0.8833
324,-310.231,1258.932,-6,8,0,1,975.5,120,2000,755.38,730.0,781.0,0.0000
325,-16.654,-583.085,2,-4,0,0,11.9,120,2000,1999.76,1999.0,2000.0,0.7750
326,395.851,344.721,1,2,0,1,476.5,120,2000,1914.08,1903.0,1924.0,0.0000
327,486.626,274.424,2,2,0,0,534.7,120,2000,1881.16,1867.9,1894.2,0.0000
328,447.069,751.886,0,5,0,0,758.9,120,2000,1394.52,1366.9,1421.0,0.0000
329,-176.331,323.285,-2,2,0,0,51.8,120,2000,1998.13,1996.0,2000.0,0.1833
330,-291.217,-143.467,-1,-1,0,0,186.4,120,2000,1999.93,2000.0,2000.0,0.9333
331,4.055,1293.697,-4,8,0,0,1037.5,120,2000,595.37,573.9,618.2,0.0000
332,220.490,-91.709,2,-1,0,0,233.2,120,2000,1998.33,1996.9,2000.0,0.1917
333,219.798,-464.054,3,-3,0,0,244.4,120,2000,1998.88,1997.0,2000.0,0.3750
334,-344.129,483.584,-3,3,0,0,206.3,120,2000,1989.33,1986.0,1993.0,0.0000
335,-2.014,-628.859,2,-4,0,0,28.0,120,2000,1999.68,1999.0,2000.0,0.7333
336,-1030.158,-189.430,-5,-1,0,0,541.4,120,2000,1937.52,1928.0,1945.0,0.0000
337,-169.103,136.027,-1,1,0,0,112.1,120,2000,1999.79,1999.0,2000.0,0.8000
338,-719.426,250.513,-5,2,0,0,251.3,120,2000,1987.54,1983.0,1992.0,0.0000
339,-695.193,867.380,-7,6,0,0,687.5,120,2000,1537.79,1517.8,1562.0,0.0000
340,344.841,888.843,-1,6,0,0,798.4,120,2000,1269.01,1241.0,1298.2,0.0000
341,599.949,476.563,2,3,0,0,718.0,120,2000,1550.88,1529.9,1571.1,0.0000
342,-256.250,322.621,-2,2,0,0,38.4,120,2000,1998.33,1996.9,2000.0,0.1833
343,-147.548,1095.177,-4,7,0,0,817.3,120,2000,1200.29,1175.9,1224.0,0.0000
344,171.889,-197.607,1,-1,0,0,188.0,120,2000,1999.37,1998.0,2000.0,0.5250
345,-739.834,916.829,-7,6,0,0,752.0,120,2000,1379.22,1355.9,1402.4,0.0000
346,-712.559,44.197,-4,0,0,0,193.8,120,2000,1996.60,1994.0,1999.0,0.0417
347,-394.472,592.194,-4,4,0,0,322.8,120,2000,1964.83,1959.0,1971.0,0.0000
348,124.418,312.574,0,2,0,1,225.8,120,2000,1991.13,1988.0,1995.0,0.0000
349,372.217,900.596,-1,6,0,0,823.9,120,2000,1201.80,1175.9,1227.0,0.0000
350,238.101,932.354,-2,6,0,0,778.3,120,2000,1318.38,1291.0,1345.2,0.0000
351,-637.174,-394.119,-2,-3,0,0,210.3,120,2000,1999.14,1998.0,2000.0,0.3833
352,254.957,-514.836,3,-3,0,0,281.2,120,2000,1998.14,1996.0,2000.0,0.1583
353,-219.309,515.686,-3,3,0,0,233.5,120,2000,1985.93,1981.0,1991.0,0.0000
354,37.779,1137.872,-4,8,0,0,894.0,120,2000,982.33,952.9,1007.1,0.0000
355,-813.948,-5.143,-5,0,0,0,296.0,120,2000,1990.70,1987.0,1994.0,0.0000
356,-201.254,-173.442,-1,-1,0,0,185.7,120,2000,1999.92,2000.0,2000.0,0.9250
357,307.581,564.609,0,4,0,0,528.2,120,2000,1840.17,1825.9,1853.2,0.0000
358,151.010,-629.333,3,-4,0,0,180.9,120,2000,1999.02,1997.9,2000.0,0.3750
359,292.664,-191.658,2,-1,0,0,308.5,120,2000,1997.33,1995.0,1999.0,0.0750
360,343.126,935.375,-1,6,0,0,835.7,120,2000,1164.06,1133.0,1198.0,0.0000
361,-374.071,165.333,-3,1,0,0,80.0,120,2000,1999.67,1999.0,2000.0,0.7083
362,-442.131,252.623,-4,2,0,0,30.7,120,2000,1998.84,1997.9,2000.0,0.2833
363,-191.704,-632.016,1,-4,0,0,161.5,120,2000,1999.80,1999.0,2000.0,0.8167
364,-62.464,668.184,-3,5,0,0,415.0,120,2000,1923.14,1912.0,1935.1,0.0000
365,470.603,423.506,1,3,0,1,578.8,120,2000,1805.77,1789.0,1819.1,0.0000
366,-366.786,-472.468,-1,-3,0,0,32.8,120,2000,1999.86,1999.0,2000.0,0.8583
367,382.685,318.969,1,2,0,0,453.7,120,2000,1932.13,1920.9,1942.1,0.0000
368,-220.669,918.395,-4,6,0,0,635.2,120,2000,1643.72,1621.0,1663.0,0.0000
369,-623.687,411.934,-5,3,0,0,270.2,120,2000,1981.54,1976.9,1986.1,0.0000
370,-711.930,-38.688,-4,0,0,0,198.1,120,2000,1997.51,1995.0,1999.0,0.0750
371,-377.238,1101.440,-6,7,0,0,823.1,120,2000,1182.99,1155.0,1212.0,0.0000
372,-234.854,1149.245,-5,8,0,0,865.3,120,2000,1062.04,1037.8,1086.1,0.0000
373,370.369,913.610,-1,6,0,0,833.4,120,2000,1177.47,1152.6,1207.0,0.0000
374,-366.600,987.059,-5,6,0,0,708.3,120,2000,1482.14,1457.0,1508.3,0.0000
375,27.309,300.599,-1,2,0,0,143.2,120,2000,1996.19,1993.0,1999.0,0.0250
376,-939.471,339.161,-6,2,0,0,488.2,120,2000,1887.18,1873.9,1901.0,0.0000
377,-303.004,1228.008,-6,8,0,0,944.4,120,2000,841.12,809.0,869.1,0.0000
378,-66.726,333.767,-1,2,0,0,107.9,120,2000,1997.09,1995.0,2000.0,0.1083
379,35.448,31.611,0,0,0,0,44.6,120,2000,1999.59,1999.0,2000.0,0.6250
380,-108.674,1054.543,-4,7,0,1,782.0,120,2000,1294.92,1270.7,1322.3,0.0000
381,-618.691,48.516,-4,0,0,0,100.2,120,2000,1998.63,1997.0,2000.0,0.2750
382,-296.270,134.225,-2,1,0,0,145.2,120,2000,1999.72,1999.0,2000.0,0.7500
383,-265.479,525.615,-3,3,0,0,241.3,120,2000,1984.17,1979.0,1990.0,0.0000
384,-743.509,225.910,-5,1,0,0,263.3,120,2000,1987.25,1983.0,1991.0,0.0000
385,271.650,-173.171,2,-1,0,0,287.0,120,2000,1997.48,1995.0,1999.0,0.0750
386,487.107,497.831,1,3,0,0,630.3,120,2000,1713.75,1695.0,1731.1,0.0000
387,46.976,146.460,0,1,0,0,77.4,120,2000,1998.94,1997.0,2000.0,0.3500
388,-154.381,683.840,-3,4,0,0,408.7,120,2000,1925.66,1916.9,1936.0,0.0000
389,-237.618,1142.539,-5,8,0,0,858.6,120,2000,1082.42,1059.8,1108.0,0.0000
390,588.723,35.894,3,0,0,0,597.9,120,2000,1883.93,1871.0,1897.0,0.0000
391,538.440,619.723,1,4,0,0,741.3,120,2000,1461.58,1434.7,1490.0,0.0000
392,-22.267,-1.943,0,0,0,0,12.3,120,2000,1999.81,1999.0,2000.0,0.8250
393,-874.540,3.784,-5,0,0,0,356.1,120,2000,1981.26,1976.0,1986.0,0.0000
394,-815.615,-21.435,-5,0,0,0,299.0,120,2000,1990.83,1987.0,1995.0,0.0000
395,172.232,641.898,-1,4,0,0,497.1,120,2000,1863.40,1850.9,1876.1,0.0000
396,-935.532,-21.134,-5,0,0,0,418.4,120,2000,1968.45,1961.9,1975.1,0.0000
397,-47.016,1160.829,-4,8,0,0,897.2,120,2000,976.32,950.0,1003.1,0.0000
398,-620.267,-518.595,-2,-3,0,0,224.3,120,2000,1998.73,1997.0,2000.0,0.2750
399,-679.579,624.783,-6,4,0,1,471.2,120,2000,1881.18,1869.9,1894.0,0.0000
400,780.740,766.939,2,5,0,0,1024.0,120,2000,669.59,645.0,696.1,0.0000
401,-555.418,702.822,-6,5,0,0,478.9,120,2000,1868.48,1853.9,1883.0,0.0000
402,-398.910,-15.867,-2,0,0,0,113.1,120,2000,1999.92,2000.0,2000.0,0.9167
403,-171.260,-81.779,-1,0,0,0,158.6,120,2000,1999.92,2000.0,2000.0,0.9250
404,18.344,-155.089,1,-1,0,0,33.2,120,2000,1999.87,1999.0,2000.0,0.8750
405,158.303,805.393,-2,5,0,0,628.6,120,2000,1667.31,1643.9,1691.2,0.0000
406,-703.923,478.177,-6,3,0,0,373.5,120,2000,1948.94,1939.0,1958.0,0.0000
407,320.456,1011.391,-2,7,0,0,887.9,120,2000,1011.79,986.0,1041.1,0.0000
408,-1035.257,-321.884,-5,-2,0,0,578.7,120,2000,1932.60,1922.0,1946.0,0.0000
409,522.417,407.413,2,3,0,0,617.7,120,2000,1756.09,1739.0,1770.1,0.0000
410,-339.741,-770.749,1,-5,0,0,7.7,120,2000,1999.47,1999.0,2000.0,0.5833
411,373.883,542.362,0,4,0,0,563.7,120,2000,1802.28,1788.9,1819.1,0.0000
412,-401.193,1223.076,-6,8,0,0,946.7,120,2000,831.59,807.0,857.0,0.0000
413,-444.920,594.594,-5,4,0,0,338.6,120,2000,1959.67,1952.0,1967.0,0.0000
414,600.110,265.649,2,2,0,0,641.0,120,2000,1758.49,1741.0,1776.1,0.0000
415,341.135,-236.603,3,-2,0,0,358.4,120,2000,1994.80,1992.0,1998.0,0.0000
416,-1023.761,-129.305,-5,-1,0,0,521.2,120,2000,1938.38,1929.0,1948.1,0.0000
417,-298.519,832.428,-5,6,0,0,548.9,120,2000,1786.82,1771.0,1802.0,0.0000
418,-674.752,-502.698,-2,-3,0,0,273.2,120,2000,1997.83,1996.0,2000.0,0.1333
419,-330.676,113.258,-2,1,0,0,147.8,120,2000,1999.86,1999.0,2000.0,0.8917
420,-139.616,-425.956,1,-3,0,0,116.0,120,2000,1999.94,2000.0,2000.0,0.9417
421,119.465,695.786,-2,5,0,0,514.0,120,2000,1840.23,1823.9,1856.2,0.0000
422,-238.678,803.359,-4,5,0,0,519.5,120,2000,1824.69,1808.0,1840.0,0.0000
423,99.797,1105.034,-3,7,0,0,880.6,120,2000,1021.33,992.8,1050.0,0.0000
424,439.861,258.457,2,2,0,0,485.3,120,2000,1922.17,1910.0,1934.0,0.0000
425,-120.050,108.760,-1,1,0,0,90.5,120,2000,1999.75,1999.0,2000.0,0.8000
426,-551.005,988.958,-7,7,0,0,746.7,120,2000,1388.24,1365.0,1416.2,0.0000
427,-744.932,-365.414,-3,-2,0,0,307.8,120,2000,1997.00,1995.0,1999.0,0.0250
428,-990.739,-85.938,-5,-1,0,0,480.8,120,2000,1952.14,1945.0,1960.1,0.0000
429,415.828,361.730,1,3,0,0,501.8,120,2000,1893.00,1881.0,1906.1,0.0000
430,-800.499,-14.732,-5,0,0,0,283.3,120,2000,1992.33,1989.0,1995.0,0.0083
431,-888.464,11.781,-5,0,0,0,369.7,120,2000,1978.19,1972.9,1984.1,0.0000
432,-478.335,115.033,-3,1,0,0,24.2,120,2000,1999.40,1998.0,2000.0,0.5500
433,-510.317,762.274,-5,5,0,0,518.3,120,2000,1828.12,1813.9,1842.1,0.0000
434,2.297,1067.796,-3,7,0,0,817.1,120,2000,1201.67,1177.0,1227.0,0.0000
435,111.286,268.824,0,2,0,0,190.3,120,2000,1994.21,1991.0,1997.0,0.0000
436,-587.483,601.525,-5,4,0,0,402.3,120,2000,1929.42,1919.0,1938.0,0.0000
437,-545.257,-535.348,-1,-4,0,0,155.6,120,2000,1999.35,1998.0,2000.0,0.4667
438,57.833,-929.125,3,-6,0,0,97.3,120,2000,1998.22,1997.0,2000.0,0.1250
439,-79.595,1287.727,-5,9,0,0,1016.9,120,2000,645.38,620.9,666.2,0.0000
440,273.348,682.025,-1,5,0,0,590.5,120,2000,1746.02,1728.0,1765.0,0.0000
441,-88.639,-144.423,0,-1,0,0,74.1,120,2000,1999.91,2000.0,2000.0,0.9167
442,-716.504,53.115,-4,0,0,0,198.1,120,2000,1996.10,1993.9,1998.0,0.0083
443,-391.005,1233.738,-6,8,0,0,956.1,120,2000,807.65,784.9,834.1,0.0000
444,-600.100,125.405,-4,1,0,0,94.6,120,2000,1998.37,1997.0,2000.0,0.1917
445,-21.910,-853.424,3,-6,0,0,15.2,120,2000,1999.54,1999.0,2000.0,0.6000
446,-744.778,-332.768,-3,-2,0,0,299.7,120,2000,1997.32,1995.0,1999.0,0.0500
447,510.128,-126.054,3,-1,0,0,523.8,120,2000,1961.07,1953.9,1969.0,0.0000
448,-518.777,-617.532,-1,-4,0,0,150.0,120,2000,1999.02,1997.9,2000.0,0.4167
449,534.072,301.856,2,2,0,1,588.4,120,2000,1821.86,1806.9,1838.1,0.0000
450,-531.170,377.102,-4,2,0,0,183.6,120,2000,1992.15,1989.0,1995.0,0.0000
451,-201.789,-278.272,0,-2,0,0,182.9,120,2000,1999.99,2000.0,2000.0,0.9917
452,-402.000,878.779,-5,6,0,1,605.6,120,2000,1696.15,1676.8,1718.2,0.0000
453,269.061,-172.885,2,-1,0,0,284.4,120,2000,1997.74,1995.9,2000.0,0.1167
454,-776.753,-374.130,-3,-3,0,0,340.8,120,2000,1995.77,1993.0,1998.0,0.0000
455,157.944,-532.501,3,-4,0,0,184.8,120,2000,1999.30,1998.0,2000.0,0.5750
456,320.025,-196.421,2,-1,0,0,336.0,120,2000,1995.92,1993.9,1999.0,0.0083
457,-995.734,-318.844,-5,-2,0,0,539.6,120,2000,1954.97,1947.0,1965.0,0.0000
458,295.211,-0.661,2,0,0,0,305.0,120,2000,1993.88,1991.0,1997.0,0.0083
459,337.892,-162.453,2,-1,0,0,352.8,120,2000,1994.37,1991.0,1997.0,0.0000
460,-327.626,810.009,-4,5,0,0,528.3,120,2000,1815.03,1799.0,1833.0,0.0000
461,-108.332,-29.410,-1,0,0,0,97.4,120,2000,1999.89,1999.0,2000.0,0.8917
462,-367.587,-348.163,-1,-2,0,0,62.4,120,2000,1999.94,2000.0,2000.0,0.9500
463,-245.183,1028.743,-5,7,0,0,744.6,120,2000,1393.19,1365.0,1420.1,0.0000
464,-430.054,569.557,-4,4,0,0,310.2,120,2000,1969.42,1962.9,1976.1,0.0000
465,134.018,-120.199,1,-1,0,0,147.7,120,2000,1999.33,1998.0,2000.0,0.5250
466,467.071,605.656,1,4,0,0,676.0,120,2000,1607.74,1588.0,1625.0,0.0000
467,-989.693,-145.666,-5,-1,0,0,491.5,120,2000,1955.46,1947.0,1964.0,0.0000
468,-528.939,828.282,-6,6,0,0,586.8,120,2000,1730.38,1710.0,1751.0,0.0000
469,470.179,-18.299,3,0,0,0,480.4,120,2000,1964.62,1957.0,1972.0,0.0000
470,194.655,243.062,0,2,0,0,251.1,120,2000,1990.60,1987.0,1995.0,0.0000
471,10.487,-117.080,1,-1,0,0,24.1,120,2000,1999.89,1999.9,2000.0,0.9000
472,114.114,72.144,0,1,0,0,125.7,120,2000,1998.76,1997.0,2000.0,0.2750
473,-247.608,670.752,-4,5,0,0,386.7,120,2000,1937.19,1927.9,1945.1,0.0000
474,-173.961,-453.357,0,-3,0,0,149.5,120,2000,1999.92,2000.0,2000.0,0.9250
475,162.652,-549.119,3,-4,0,0,190.0,120,2000,1999.28,1998.0,2000.0,0.4833
476,-225.568,-386.053,0,-3,0,0,190.8,120,2000,1999.93,2000.0,2000.0,0.9417
477,-352.126,872.057,-5,6,0,0,592.4,120,2000,1722.91,1703.0,1742.1,0.0000
478,-298.759,903.927,-5,6,0,0,620.3,120,2000,1671.28,1648.9,1695.0,0.0000
479,-184.820,-145.839,-1,-1,0,0,170.2,120,2000,1999.94,2000.0,2000.0,0.9417
480,239.529,-584.637,3,-4,0,0,268.0,120,2000,1997.82,1996.0,1999.1,0.1000
481,17.937,-60.020,0,0,0,0,29.8,120,2000,1999.83,1999.0,2000.0,0.8417
482,351.852,131.747,2,1,0,0,369.4,120,2000,1979.71,1973.9,1985.1,0.0000
483,159.656,818.375,-2,6,0,0,640.7,120,2000,1643.72,1621.8,1665.0,0.0000
484,-175.907,-315.448,0,-2,0,0,155.8,120,2000,1999.94,2000.0,2000.0,0.9417
485,271.824,860.929,-1,6,0,0,734.4,120,2000,1438.30,1412.7,1463.1,0.0000
486,-11.006,-624.545,2,-4,0,0,18.8,120,2000,1999.71,1999.0,2000.0,0.7583
487,316.140,189.274,1,1,0,0,346.9,120,2000,1979.99,1973.0,1986.0,0.0000
488,-216.627,96.362,-2,1,0,0,172.8,120,2000,1999.84,1999.0,2000.0,0.8500
489,601.239,837.957,1,5,0,0,929.4,120,2000,914.19,889.9,943.0,0.0000
490,-316.304,-329.614,-1,-2,0,0,116.6,120,2000,1999.94,2000.0,2000.0,0.9417
491,-630.989,626.784,-6,4,0,0,446.2,120,2000,1900.28,1889.0,1911.0,0.0000
492,87.875,-196.426,1,-1,0,0,104.0,120,2000,1999.78,1999.0,2000.0,0.8000
493,-70.757,1173.824,-4,8,0,0,905.8,120,2000,947.35,923.9,974.0,0.0000
494,153.568,2.967,1,0,0,0,163.3,120,2000,1998.57,1997.0,2000.0,0.2750
495,-459.701,857.812,-6,6,0,0,596.3,120,2000,1714.72,1699.0,1733.1,0.0000
496,105.980,-614.646,3,-4,0,0,135.4,120,2000,1999.38,1998.9,2000.0,0.5083
497,-53.694,-181.099,0,-1,0,0,38.0,120,2000,1999.97,2000.0,2000.0,0.9667
498,-275.150,904.449,-5,6,0,0,620.2,120,2000,1671.42,1651.9,1691.1,0.0000
499,-689.383,-259.638,-3,-2,0,0,228.1,120,2000,1998.91,1998.0,2000.0,0.3083
500,218.781,-523.342,3,-3,0,0,245.3,120,2000,1998.68,1997.0,2000.0,0.3333
501,-645.966,1004.274,-7,7,0,0,792.1,120,2000,1271.83,1244.0,1296.1,0.0000
502,52.401,-351.854,1,-2,0,0,73.5,120,2000,1999.79,1999.0,2000.0,0.8083
503,-1118.049,-308.904,-5,-2,0,0,655.8,120,2000,1863.43,1850.0,1878.1,0.0000
504,-603.053,275.368,-4,2,0,0,163.9,120,2000,1994.37,1991.0,1997.0,0.0000
505,-184.221,861.355,-4,6,0,0,580.9,120,2000,1740.92,1724.9,1756.1,0.0000
506,-426.432,997.319,-6,7,0,1,726.6,120,2000,1443.13,1414.9,1471.1,0.0000
507,-592.878,97.940,-4,1,0,0,81.0,120,2000,1998.75,1997.0,2000.0,0.2917
508,-551.919,-193.152,-3,-1,0,0,78.5,120,2000,1999.73,1999.0,2000.0,0.7500
509,513.724,585.273,1,4,0,0,701.1,120,2000,1561.62,1537.0,1584.1,0.0000
510,473.117,718.260,0,5,0,0,754.0,120,2000,1409.74,1381.9,1440.0,0.0000
511,233.785,-256.439,2,-2,0,0,251.8,120,2000,1998.70,1997.0,2000.0,0.2667
512,709.353,708.763,2,5,0,0,932.1,120,2000,924.48,893.0,951.0,0.0000
513,-461.228,-392.960,-1,-3,0,0,39.4,120,2000,1999.84,1999.0,2000.0,0.8500
514,-735.581,305.098,-5,2,0,0,291.3,120,2000,1980.02,1975.0,1985.0,0.0000
515,-686.037,1056.619,-7,7,0,1,855.6,120,2000,1095.39,1069.9,1118.1,0.0000
516,401.153,792.425,0,5,0,0,757.4,120,2000,1390.47,1367.9,1414.1,0.0000
517,11.774,-71.915,0,0,0,0,24.0,120,2000,1999.83,1999.0,2000.0,0.8417
518,560.483,846.613,0,6,0,0,906.0,120,2000,979.16,952.0,1007.1,0.0000
519,-465.403,-327.863,-2,-2,0,0,27.5,120,2000,1999.93,2000.0,2000.0,0.9333
520,-379.241,-550.571,0,-4,0,0,1.8,120,2000,1999.72,1999.0,2000.0,0.7750
521,-126.255,-144.472,0,-1,0,0,111.7,120,2000,1999.97,2000.0,2000.0,0.9667
522,-42.785,749.835,-3,5,0,0,498.8,120,2000,1850.82,1837.0,1864.2,0.0000
523,201.175,1111.912,-2,7,0,0,923.4,120,2000,904.87,873.9,930.1,0.0000
524,-639.854,173.424,-4,1,0,0,147.5,120,2000,1996.68,1995.0,1999.0,0.0167
525,361.204,4.611,2,0,0,0,370.8,120,2000,1987.04,1982.0,1991.0,0.0000
526,-278.211,1014.106,-5,7,0,0,729.9,120,2000,1432.11,1409.9,1453.0,0.0000
527,71.315,582.052,-2,4,0,0,391.6,120,2000,1939.09,1930.0,1949.0,0.0000
528,-245.980,-750.577,1,-5,0,0,102.0,120,2000,1999.68,1999.0,2000.0,0.7667
529,461.879,-195.623,3,-1,0,0,477.8,120,2000,1978.55,1973.0,1984.0,0.0000
530,62.820,1080.694,-3,7,0,0,846.1,120,2000,1119.85,1091.9,1148.1,0.0000
531,661.524,530.051,2,4,0,1,797.4,120,2000,1345.20,1322.0,1368.1,0.0000
532,-108.355,356.625,-2,2,0,0,107.5,120,2000,1997.06,1995.0,1999.0,0.0417
533,42.100,440.807,-1,3,0,0,257.9,120,2000,1984.60,1979.0,1990.0,0.0000
534,347.520,-85.078,2,0,0,0,360.0,120,2000,1992.47,1990.0,1996.0,0.0000
535,61.012,908.621,-3,6,0,1,682.5,120,2000,1550.83,1527.0,1573.0,0.0000
536,570.872,939.073,0,6,0,0,979.9,120,2000,765.06,738.0,790.0,0.0000
537,232.850,-420.965,3,-3,0,1,256.1,120,2000,1998.73,1997.0,2000.0,0.2833
538,389.344,689.645,0,5,0,0,674.0,120,2000,1599.25,1579.9,1622.0,0.0000
539,-366.943,827.098,-5,6,0,0,549.4,120,2000,1786.19,1771.0,1804.0,0.0000
540,273.876,293.686,1,2,0,0,344.4,120,2000,1973.65,1967.0,1980.0,0.0000
541,-683.321,539.764,-6,4,0,0,405.6,120,2000,1931.37,1918.9,1943.0,0.0000
542,-342.888,-278.483,-1,-2,0,0,103.3,120,2000,1999.94,2000.0,2000.0,0.9417
543,92.783,-560.895,3,-4,0,0,120.5,120,2000,1999.59,1998.0,2000.0,0.7083
544,320.205,437.584,0,3,0,1,457.8,120,2000,1914.94,1903.9,1926.0,0.0000
545,-717.013,-134.272,-4,-1,0,0,224.3,120,2000,1998.33,1996.9,2000.0,0.1750
546,-553.849,833.949,-6,6,0,1,600.3,120,2000,1707.93,1691.9,1725.2,0.0000
547,-784.381,-184.913,-4,-1,0,0,302.0,120,2000,1995.75,1993.0,1998.0,0.0167
548,-430.222,-407.539,-1,-3,0,0,12.9,120,2000,1999.89,1999.9,2000.0,0.9000
549,352.646,174.739,2,1,0,0,378.7,120,2000,1974.33,1967.0,1981.0,0.0000
550,270.896,813.219,-1,5,0,0,694.1,120,2000,1535.19,1512.0,1562.1,0.0000
551,-34.335,1149.779,-4,8,0,0,888.8,120,2000,997.17,965.8,1025.2,0.0000
552,60.556,647.251,-2,4,0,0,443.1,120,2000,1905.85,1896.9,1917.0,0.0000
553,244.364,-561.514,3,-4,0,0,272.1,120,2000,1997.84,1996.0,2000.0,0.1833
554,-1070.843,-376.197,-5,-2,0,0,626.5,120,2000,1903.78,1892.0,1914.0,0.0000
555,506.766,377.472,2,2,0,0,590.9,120,2000,1799.31,1782.0,1814.0,0.0000
556,-524.450,-637.308,-1,-4,0,0,160.3,120,2000,1998.99,1998.0,2000.0,0.3333
557,-101.966,14.199,-1,0,0,0,92.4,120,2000,1999.86,1999.0,2000.0,0.8583
558,-750.258,-487.052,-3,-3,0,0,342.6,120,2000,1995.83,1993.0,1998.0,0.0000
559,-411.278,1037.743,-6,7,0,0,764.2,120,2000,1345.72,1317.0,1372.2,0.0000
560,-705.811,381.519,-5,2,0,0,310.0,120,2000,1973.08,1967.0,1979.0,0.0000
561,-217.317,140.502,-2,1,0,0,134.3,120,2000,1999.83,1999.0,2000.0,0.8250
562,-294.517,803.991,-4,5,0,1,520.3,120,2000,1824.72,1809.0,1841.0,0.0000
563,-117.512,1363.054,-5,9,0,0,1086.8,120,2000,484.41,463.0,508.1,0.0000
564,571.625,650.040,1,4,0,0,786.0,120,2000,1346.14,1317.9,1375.0,0.0000
565,116.727,1087.918,-3,7,0,0,870.0,120,2000,1059.25,1027.9,1093.1,0.0000
566,356.941,928.096,-1,6,0,0,837.5,120,2000,1155.01,1128.8,1180.0,0.0000
567,192.536,862.841,-2,6,0,0,695.4,120,2000,1524.62,1503.0,1547.1,0.0000
568,-170.431,12.461,-1,0,0,0,160.8,120,2000,1999.90,2000.0,2000.0,0.9167
569,82.267,-713.762,3,-5,0,0,114.9,120,2000,1999.38,1998.0,2000.0,0.5167
570,-70.628,-26.850,0,0,0,0,59.8,120,2000,1999.83,1999.0,2000.0,0.8250
571,184.310,-25.260,1,0,0,0,194.9,120,2000,1998.51,1997.0,2000.0,0.2000
572,253.417,-36.828,1,0,0,0,264.4,120,2000,1996.83,1995.0,1999.0,0.0583
573,-396.945,417.529,-4,3,0,0,155.4,120,2000,1993.73,1990.0,1997.0,0.0000
574,-389.006,-636.418,0,-4,0,0,28.8,120,2000,1999.73,1999.0,2000.0,0.7750
575,-125.592,1024.796,-4,7,0,0,750.1,120,2000,1380.09,1351.8,1410.1,0.0000
576,-586.682,62.415,-4,1,0,0,69.4,120,2000,1999.09,1998.0,2000.0,0.4000
577,-234.716,1007.087,-5,7,0,0,723.3,120,2000,1446.95,1422.0,1470.0,0.0000
578,106.869,816.597,-2,5,0,0,615.3,120,2000,1689.63,1670.9,1711.1,0.0000
579,470.202,225.842,2,1,0,0,505.2,120,2000,1912.43,1899.9,1924.0,0.0000
580,81.071,1144.278,-3,7,0,1,912.2,120,2000,928.01,900.7,959.1,0.0000
581,-35.637,1060.814,-4,7,0,0,801.5,120,2000,1242.27,1216.0,1267.0,0.0000
582,-361.130,-155.647,-2,-1,0,0,115.6,120,2000,1999.92,2000.0,2000.0,0.9167
583,116.448,1011.803,-3,7,0,0,798.6,120,2000,1255.75,1227.8,1282.1,0.0000
584,243.235,-467.636,3,-3,0,0,267.9,120,2000,1998.50,1996.9,2000.0,0.2667
585,-820.551,198.874,-5,1,0,0,326.8,120,2000,1977.10,1971.0,1983.0,0.0000
586,-953.876,-303.247,-5,-2,0,0,495.2,120,2000,1969.81,1962.0,1977.0,0.0000
587,-183.230,338.604,-2,2,0,1,64.7,120,2000,1997.97,1996.0,2000.0,0.1167
588,-416.628,-23.227,-2,0,0,0,94.1,120,2000,1999.89,1999.0,2000.0,0.8917
589,-933.269,-471.101,-4,-3,0,0,516.2,120,2000,1968.65,1961.0,1976.0,0.0000
590,-423.691,-510.116,-1,-3,0,0,31.6,120,2000,1999.75,1999.0,2000.0,0.7833
591,-146.819,-731.777,2,-5,0,0,113.5,120,2000,1999.78,1999.0,2000.0,0.8083
592,-231.335,260.199,-2,2,0,0,21.8,120,2000,1999.17,1998.0,2000.0,0.4250
593,-140.381,655.769,-3,4,0,0,383.6,120,2000,1939.28,1928.0,1948.0,0.0000
594,-506.300,530.010,-5,4,0,0,301.3,120,2000,1972.30,1965.9,1978.0,0.0000
595,377.833,56.880,2,0,0,0,387.5,120,2000,1982.22,1976.9,1987.0,0.0000
596,458.064,118.364,2,1,0,0,472.7,120,2000,1949.21,1939.9,1958.0,0.0000
597,260.895,-312.205,3,-2,0,0,280.6,120,2000,1998.34,1997.0,2000.0,0.1500
598,-386.325,170.464,-3,1,0,0,68.2,120,2000,1999.61,1999.0,2000.0,0.6667
599,-672.468,750.778,-6,5,0,1,574.1,120,2000,1755.18,1736.8,1772.1,0.0000
600,-712.039,-122.665,-4,-1,0,0,216.6,120,2000,1997.87,1996.0,2000.0,0.1083
601,-717.719,9.737,-4,0,0,0,199.2,120,2000,1996.67,1994.0,1999.0,0.0333
602,-899.083,-333.766,-4,-2,0,0,449.5,120,2000,1982.62,1977.0,1988.0,0.0000
603,855.027,778.463,2,5,0,0,1091.7,120,2000,498.58,477.9,521.1,0.0000
604,495.080,-514.040,4,-3,0,0,521.1,120,2000,1971.98,1964.9,1978.0,0.0000
605,161.189,919.440,-2,6,0,0,731.5,120,2000,1437.27,1414.0,1463.0,0.0000
606,-338.171,780.553,-4,5,0,0,499.9,120,2000,1847.26,1832.9,1863.1,0.0000
607,-184.355,-607.393,1,-4,0,0,155.0,120,2000,1999.83,1999.0,2000.0,0.8500
608,-256.431,920.105,-4,6,0,0,635.9,120,2000,1640.25,1622.9,1659.1,0.0000
609,-444.691,-340.308,-2,-2,0,0,10.5,120,2000,1999.88,1999.0,2000.0,0.8833
610,-64.706,-302.509,1,-2,0,0,45.1,120,2000,1999.99,2000.0,2000.0,0.9917
611,-485.619,-354.824,-2,-2,0,0,53.7,120,2000,1999.82,1999.0,2000.0,0.8333
612,730.820,815.740,2,5,0,0,1013.2,120,2000,687.24,659.0,712.0,0.0000
613,261.088,572.415,0,4,0,0,500.5,120,2000,1864.92,1851.9,1879.0,0.0000
614,-6.510,-316.640,1,-2,0,0,13.5,120,2000,1999.92,2000.0,2000.0,0.9250
615,-133.501,-143.800,0,-1,0,0,118.9,120,2000,1999.92,2000.0,2000.0,0.9250
616,43.816,-469.415,2,-3,0,0,68.7,120,2000,1999.77,1999.0,2000.0,0.7750
617,-310.546,-724.835,1,-5,0,0,38.3,120,2000,1999.53,1999.0,2000.0,0.6250
618,-77.144,320.996,-1,2,0,0,91.5,120,2000,1997.69,1995.0,1999.1,0.1000
619,-941.631,-208.921,-5,-1,0,0,460.3,120,2000,1973.67,1967.9,1979.0,0.0000
620,23.440,66.586,0,0,0,0,35.0,120,2000,1999.47,1998.0,2000.0,0.5917
621,293.725,62.875,2,0,0,0,303.9,120,2000,1992.17,1988.0,1996.0,0.0000
622,-264.058,-139.552,-1,-1,0,0,213.7,120,2000,1999.93,2000.0,2000.0,0.9333
623,355.505,-189.283,3,-1,0,1,371.3,120,2000,1993.48,1990.0,1996.0,0.0000
624,-596.803,904.770,-6,6,0,0,681.6,120,2000,1548.71,1522.9,1574.0,0.0000
625,-142.434,697.581,-3,5,0,0,424.3,120,2000,1915.39,1905.0,1926.0,0.0000
626,-458.581,999.249,-6,7,0,0,734.3,120,2000,1416.33,1393.9,1444.2,0.0000
627,156.173,12.789,1,0,0,1,165.6,120,2000,1998.74,1997.0,2000.0,0.2750
628,153.134,841.337,-2,6,0,0,658.0,120,2000,1605.47,1584.7,1624.1,0.0000
629,-830.206,363.088,-6,2,0,0,402.3,120,2000,1941.57,1933.0,1950.1,0.0000
630,-0.789,-477.935,1,-3,0,0,24.4,120,2000,1999.86,1999.0,2000.0,0.8583
631,459.588,472.586,1,3,0,0,593.7,120,2000,1774.95,1758.9,1792.0,0.0000
632,13.592,1158.575,-4,8,0,0,907.9,120,2000,945.03,911.7,972.0,0.0000
633,10.249,-859.241,3,-6,0,1,47.6,120,2000,1999.21,1998.0,2000.0,0.4333
634,-728.236,32.337,-4,0,0,0,209.3,120,2000,1995.83,1993.0,1998.0,0.0250
635,-987.551,-86.644,-5,-1,0,0,477.8,120,2000,1953.78,1944.9,1963.0,0.0000
636,-151.371,1183.225,-5,8,0,1,904.4,120,2000,953.67,925.0,982.0,0.0000
637,-302.607,-123.685,-1,-1,0,0,180.2,120,2000,1999.94,2000.0,2000.0,0.9417
638,105.544,399.485,-1,3,0,0,268.1,120,2000,1983.89,1979.0,1988.1,0.0000
639,-797.284,23.716,-5,0,0,0,278.3,120,2000,1991.52,1988.0,1995.0,0.0000
640,-242.512,-710.689,1,-5,0,0,106.8,120,2000,1999.65,1999.0,2000.0,0.7250
641,-413.405,-43.083,-2,0,0,0,92.4,120,2000,1999.87,1999.0,2000.0,0.8667
642,-278.135,748.355,-4,5,0,0,464.2,120,2000,1883.12,1869.9,1895.0,0.0000
643,-517.635,-346.375,-2,-2,0,0,82.7,120,2000,1999.86,1999.0,2000.0,0.8583
644,184.694,505.515,0,3,0,0,399.4,120,2000,1940.74,1931.9,1950.1,0.0000
645,-71.105,1113.459,-4,7,0,0,846.2,120,2000,1121.55,1090.9,1155.1,0.0000
646,-3.707,-562.802,2,-4,0,0,24.2,120,2000,1999.78,1999.0,2000.0,0.8083
647,327.404,32.227,2,0,0,0,336.5,120,2000,1989.78,1985.0,1994.0,0.0000
648,370.961,240.093,1,2,0,0,414.1,120,2000,1957.55,1948.0,1965.0,0.0000
649,185.615,-190.077,2,-1,0,0,201.5,120,2000,1999.16,1998.0,2000.0,0.4417
650,-236.446,-559.164,1,-4,0,0,138.0,120,2000,1999.88,1999.0,2000.0,0.8833
651,-761.036,-300.898,-3,-2,0,0,307.6,120,2000,1996.85,1995.0,1999.0,0.0250
652,-630.656,-504.497,-2,-3,0,0,230.9,120,2000,1998.78,1997.0,2000.0,0.3250
653,-316.635,189.806,-2,1,0,0,86.1,120,2000,1999.67,1999.0,2000.0,0.7167
654,-633.629,-42.628,-4,0,0,0,121.6,120,2000,1999.07,1998.0,2000.0,0.4000
655,201.786,817.887,-2,6,0,0,660.9,120,2000,1602.92,1577.9,1626.2,0.0000
656,-710.545,-506.402,-3,-3,0,0,308.8,120,2000,1996.94,1994.9,1999.0,0.0583
657,-117.042,625.451,-3,4,0,0,359.0,120,2000,1951.68,1942.0,1959.1,0.0000
658,162.038,122.949,0,1,0,0,181.3,120,2000,1996.91,1995.0,1999.0,0.0167
659,-695.431,47.692,-4,0,0,0,176.8,120,2000,1996.88,1995.0,1999.0,0.0250
660,-365.216,357.423,-3,2,0,0,88.4,120,2000,1997.47,1995.0,1999.0,0.0667
661,-3.483,-716.177,2,-5,0,0,29.3,120,2000,1999.59,1999.0,2000.0,0.6333
662,113.263,-634.261,3,-4,0,0,143.3,120,2000,1999.34,1998.0,2000.0,0.5083
663,-677.627,-10.101,-4,0,0,0,160.5,120,2000,1998.05,1996.0,1999.0,0.0833
664,-40.338,494.901,-2,3,0,0,261.6,120,2000,1982.79,1977.0,1988.1,0.0000
665,367.216,-476.445,4,-3,0,0,392.1,120,2000,1993.32,1990.0,1996.1,0.0000
666,305.036,686.922,-1,5,0,0,614.7,120,2000,1706.68,1682.9,1726.1,0.0000
667,-431.431,842.912,-5,5,0,1,575.7,120,2000,1747.31,1730.0,1767.1,0.0000
668,-943.730,-284.499,-4,-2,0,0,480.8,120,2000,1972.99,1966.0,1979.1,0.0000
669,258.496,238.322,1,1,0,0,307.9,120,2000,1983.39,1978.0,1988.1,0.0000
670,353.877,510.962,0,4,0,0,528.5,120,2000,1847.18,1832.9,1862.0,0.0000
671,-164.366,-71.428,-1,0,0,0,152.1,120,2000,1999.93,2000.0,2000.0,0.9333
672,-290.758,-643.008,0,-4,0,0,65.2,120,2000,1999.80,1999.0,2000.0,0.8250
673,287.141,683.564,-1,5,0,0,600.5,120,2000,1729.14,1709.0,1746.1,0.0000
674,52.685,404.868,-1,3,0,0,236.3,120,2000,1987.64,1983.0,1992.1,0.0000
675,-60.322,-962.359,3,-6,0,0,19.7,120,2000,1998.72,1997.0,2000.0,0.2583
676,-143.831,-315.807,0,-2,0,0,123.8,120,2000,1999.97,2000.0,2000.0,0.9667
677,-78.146,216.183,-1,1,0,0,8.7,120,2000,1999.12,1998.0,2000.0,0.4417
678,484.902,44.075,3,0,0,0,494.2,120,2000,1950.15,1941.0,1960.1,0.0000
679,-24.244,-384.845,1,-2,0,0,2.1,120,2000,1999.88,1999.0,2000.0,0.8917
680,-777.133,-96.649,-4,-1,0,0,273.4,120,2000,1995.73,1993.0,1998.0,0.0083
681,-6.936,-657.196,2,-4,0,0,23.9,120,2000,1999.67,1999.0,2000.0,0.7167
682,113.287,446.707,-1,3,0,0,307.7,120,2000,1974.74,1969.0,1980.1,0.0000
683,414.345,891.698,-1,6,0,0,842.3,120,2000,1154.12,1123.9,1182.0,0.0000
684,-26.044,880.067,-3,6,0,0,628.5,120,2000,1660.83,1638.0,1682.0,0.0000
685,-410.241,1090.543,-6,7,0,0,816.3,120,2000,1200.36,1171.9,1230.4,0.0000
686,-173.288,-432.259,0,-3,0,0,149.5,120,2000,1999.94,2000.0,2000.0,0.9417
687,590.008,761.741,1,5,0,0,870.2,120,2000,1089.33,1058.0,1124.0,0.0000
688,385.374,-249.209,3,-2,0,0,403.0,120,2000,1991.36,1987.0,1995.0,0.0000
689,38.626,1218.629,-4,8,0,0,972.3,120,2000,763.12,737.0,790.0,0.0000
690,130.135,881.766,-2,6,0,0,684.2,120,2000,1551.78,1529.9,1575.0,0.0000
691,396.632,-375.432,4,-3,0,0,418.3,120,2000,1990.98,1987.0,1994.1,0.0000
692,-86.324,-14.968,0,0,0,0,75.9,120,2000,1999.86,1999.0,2000.0,0.8833
693,173.239,179.320,1,1,0,0,207.4,120,2000,1995.19,1993.0,1998.0,0.0083
694,-490.335,136.157,-3,1,0,0,4.8,120,2000,1999.39,1998.9,2000.0,0.5250
695,-147.997,-593.418,1,-4,0,0,119.1,120,2000,1999.77,1999.0,2000.0,0.8000
696,509.610,-13.728,3,0,0,0,519.7,120,2000,1947.88,1939.0,1957.0,0.0000
697,-1042.292,-353.273,-5,-2,0,0,593.2,120,2000,1927.24,1916.0,1938.0,0.0000
698,-948.317,-243.781,-5,-1,0,0,475.3,120,2000,1972.27,1966.0,1978.0,0.0000
699,-206.112,171.296,-2,1,0,0,101.6,120,2000,1999.63,1999.0,2000.0,0.6917
700,-650.101,190.435,-4,1,0,0,163.4,120,2000,1995.67,1993.0,1998.0,0.0250
701,-47.496,56.035,0,0,0,0,36.7,120,2000,1999.82,1999.0,2000.0,0.8333
702,-243.667,1009.043,-5,7,0,0,725.0,120,2000,1443.04,1419.8,1470.1,0.0000
703,-53.260,1140.168,-4,8,0,0,875.7,120,2000,1032.63,1004.8,1059.1,0.0000
704,-586.189,1239.366,-7,8,0,0,997.2,120,2000,695.72,666.9,722.2,0.0000
705,372.264,67.355,2,0,0,0,382.5,120,2000,1981.28,1977.0,1986.1,0.0000
706,456.535,657.286,1,4,0,0,700.9,120,2000,1548.84,1522.8,1571.1,0.0000
707,-472.471,-284.629,-2,-2,0,0,23.8,120,2000,1999.89,1999.9,2000.0,0.9000
708,-307.503,621.389,-4,4,0,0,338.7,120,2000,1960.28,1953.0,1968.1,0.0000
709,-41.084,166.935,-1,1,0,0,7.1,120,2000,1999.29,1998.0,2000.0,0.4500
710,-715.144,283.665,-5,2,0,0,262.9,120,2000,1984.64,1980.0,1989.0,0.0000
711,-343.193,-344.609,-1,-2,0,0,86.9,120,2000,1999.89,1999.0,2000.0,0.8917
712,177.930,895.203,-2,6,0,0,717.2,120,2000,1475.74,1451.9,1501.1,0.0000
713,390.752,28.792,2,0,0,0,399.9,120,2000,1981.28,1976.0,1986.1,0.0000
714,-807.252,-1.478,-5,0,0,0,289.1,120,2000,1990.94,1987.0,1995.0,0.0000
715,261.463,486.002,0,3,0,0,441.3,120,2000,1920.10,1907.0,1932.1,0.0000
716,-465.532,1053.376,-6,7,0,0,788.7,120,2000,1279.13,1254.0,1305.0,0.0000
717,-460.071,593.768,-5,4,0,0,342.6,120,2000,1958.21,1950.0,1967.0,0.0000
718,249.989,243.635,1,1,0,0,302.0,120,2000,1984.69,1980.0,1989.1,0.0000
719,-636.306,48.361,-4,0,0,0,117.8,120,2000,1998.63,1997.0,2000.0,0.2583
720,-146.459,8.058,-1,0,0,0,136.7,120,2000,1999.90,1999.9,2000.0,0.9000
721,280.694,160.408,1,1,0,0,305.4,120,2000,1987.74,1983.0,1992.0,0.0000
722,333.962,27.704,2,0,0,0,343.1,120,2000,1989.88,1987.0,1993.0,0.0000
723,-414.651,521.635,-4,3,0,0,259.9,120,2000,1981.03,1976.0,1986.1,0.0000
724,-267.257,-829.273,1,-5,0,1,78.1,120,2000,1999.41,1998.0,2000.0,0.5583
725,-506.354,419.073,-4,3,0,0,204.0,120,2000,1990.29,1986.0,1994.0,0.0000
726,96.693,898.487,-2,6,0,0,686.1,120,2000,1545.11,1518.0,1566.1,0.0000
727,282.708,300.516,1,2,0,0,355.4,120,2000,1970.38,1963.9,1977.1,0.0000
728,-218.155,16.443,-1,0,0,0,208.6,120,2000,1999.88,1999.0,2000.0,0.8833
729,-439.094,-576.706,-1,-4,0,0,62.8,120,2000,1999.62,1999.0,2000.0,0.7000
730,-125.287,-602.088,1,-4,0,0,96.1,120,2000,1999.73,1999.0,2000.0,0.7500
731,128.226,959.548,-2,6,0,0,754.6,120,2000,1378.17,1349.9,1402.0,0.0000
732,-415.521,514.657,-4,3,0,0,253.5,120,2000,1982.87,1977.0,1987.1,0.0000
733,-140.505,277.055,-2,2,0,0,21.9,120,2000,1998.97,1998.0,2000.0,0.3750
734,131.747,-100.912,1,-1,0,0,144.8,120,2000,1999.46,1998.9,2000.0,0.5833
735,-937.067,-88.151,-5,-1,0,0,428.3,120,2000,1971.58,1963.9,1978.0,0.0000
736,320.005,-493.386,3,-3,0,0,345.5,120,2000,1995.67,1993.0,1998.0,0.0167
737,748.784,795.616,2,5,0,0,1015.1,120,2000,686.89,660.0,709.2,0.0000
738,780.847,732.521,2,5,0,0,1004.5,120,2000,717.47,686.0,741.1,0.0000
739,-235.754,884.941,-4,6,0,0,601.1,120,2000,1706.67,1688.9,1727.0,0.0000
740,28.958,-629.638,2,-4,0,0,58.9,120,2000,1999.57,1999.0,2000.0,0.6417
741,43.497,481.695,-1,3,0,0,292.1,120,2000,1976.88,1969.9,1983.0,0.0000
742,5.237,-103.071,1,-1,0,0,18.4,120,2000,1999.91,2000.0,2000.0,0.9083
743,-622.970,1098.708,-7,7,0,0,873.1,120,2000,1040.94,1017.0,1065.0,0.0000
744,-318.399,591.517,-4,4,0,0,309.9,120,2000,1968.75,1961.9,1976.0,0.0000
745,-900.820,-64.891,-5,0,0,0,388.8,120,2000,1980.63,1974.9,1986.0,0.0000
746,737.230,542.405,2,4,0,0,870.1,120,2000,1138.47,1103.9,1170.1,0.0000
747,-527.758,-252.889,-2,-2,0,0,69.7,120,2000,1999.83,1999.0,2000.0,0.8333
748,-12.688,-264.586,1,-2,0,0,5.7,120,2000,1999.93,2000.0,2000.0,0.9333
749,-123.121,-407.507,1,-3,0,0,100.1,120,2000,1999.89,2000.0,2000.0,0.9083
750,579.518,366.142,2,3,0,0,653.4,120,2000,1709.06,1689.9,1727.0,0.0000
751,189.673,-215.090,2,-2,0,0,206.4,120,2000,1999.31,1998.0,2000.0,0.5083
752,-790.760,478.389,-6,3,0,0,437.2,120,2000,1914.66,1903.0,1926.1,0.0000
753,-755.665,-176.896,-4,-1,0,0,272.2,120,2000,1997.07,1995.0,1999.0,0.0333
754,450.231,714.992,0,5,0,0,735.2,120,2000,1456.27,1432.9,1480.1,0.0000
755,-500.609,-504.723,-1,-3,0,0,104.9,120,2000,1999.60,1999.0,2000.0,0.6750
756,-105.175,617.451,-3,4,0,0,354.3,120,2000,1953.51,1945.0,1962.0,0.0000
757,-166.183,807.019,-4,6,0,0,528.9,120,2000,1812.77,1799.0,1825.1,0.0000
758,614.506,88.281,3,1,0,0,625.6,120,2000,1837.92,1823.0,1852.0,0.0000
759,-31.503,-947.725,3,-6,0,0,8.7,120,2000,1998.85,1997.0,2000.0,0.3750
760,-856.108,80.957,-5,0,0,0,339.4,120,2000,1980.61,1974.0,1986.1,0.0000
761,-583.155,746.779,-6,5,0,0,530.3,120,2000,1813.45,1796.0,1831.1,0.0000
762,-98.809,450.746,-2,3,0,0,197.7,120,2000,1990.94,1987.0,1995.0,0.0000
763,-478.969,-612.954,-1,-4,0,0,110.3,120,2000,1999.37,1998.0,2000.0,0.5333
764,-240.027,260.543,-2,2,0,0,22.5,120,2000,1999.40,1998.0,2000.0,0.5417
765,-422.989,257.209,-3,2,0,0,22.9,120,2000,1999.08,1998.0,2000.0,0.3750
766,80.992,-905.136,3,-6,0,0,119.7,120,2000,1998.28,1997.0,2000.0,0.1917
767,-171.480,1318.744,-5,9,0,0,1037.8,120,2000,595.34,569.0,620.2,0.0000
768,-570.714,792.259,-6,5,0,0,567.3,120,2000,1762.97,1746.0,1781.0,0.0000
769,520.150,150.609,3,1,0,0,538.6,120,2000,1904.86,1890.9,1917.1,0.0000
770,-570.574,764.618,-6,5,0,0,541.7,120,2000,1798.44,1780.0,1815.2,0.0000
771,16.492,289.174,-1,2,0,0,127.5,120,2000,1996.92,1994.0,1999.0,0.0667
772,-605.619,-191.189,-3,-1,0,0,130.1,120,2000,1999.58,1999.0,2000.0,0.6750
773,-406.478,1059.638,-6,7,0,0,785.2,120,2000,1289.19,1261.8,1318.1,0.0000
774,323.028,427.083,0,3,0,0,454.2,120,2000,1918.36,1905.0,1930.0,0.0000
775,0.977,552.071,-2,4,0,0,331.1,120,2000,1964.87,1958.9,1971.0,0.0000
776,-457.137,1186.208,-7,8,0,0,917.9,120,2000,913.25,887.9,941.1,0.0000
777,-113.667,1410.327,-5,9,0,0,1134.2,120,2000,386.02,366.0,409.0,0.0000
778,-428.360,250.045,-3,2,0,0,20.2,120,2000,1999.00,1998.0,2000.0,0.3833
779,124.952,-263.391,2,-2,0,0,143.2,120,2000,1999.72,1999.0,2000.0,0.7833
780,395.558,-352.749,3,-2,0,0,416.5,120,2000,1991.22,1987.0,1995.0,0.0000
781,-71.480,1411.486,-5,9,0,0,1140.6,120,2000,373.77,353.7,394.1,0.0000
782,-131.870,810.345,-3,5,0,0,537.2,120,2000,1802.70,1785.0,1819.1,0.0000
783,-331.605,544.347,-4,4,0,0,264.5,120,2000,1980.38,1974.0,1986.0,0.0000
784,-322.757,982.776,-5,6,0,0,700.3,120,2000,1504.29,1479.9,1525.0,0.0000
785,-660.631,641.583,-6,4,0,0,474.5,120,2000,1878.36,1865.0,1891.0,0.0000
786,-270.711,733.765,-4,5,0,0,449.5,120,2000,1893.17,1878.0,1905.0,0.0000
787,-279.479,1064.640,-5,7,0,0,780.5,120,2000,1299.52,1276.9,1326.0,0.0000
788,9.551,1282.654,-4,8,0,0,1027.9,120,2000,617.95,594.9,639.0,0.0000
789,-1026.370,-498.979,-4,-3,0,0,613.3,120,2000,1922.33,1912.0,1933.2,0.0000
790,308.740,151.399,1,1,0,0,330.7,120,2000,1985.15,1980.0,1990.1,0.0000
791,-265.540,1128.271,-5,7,0,0,844.0,120,2000,1123.12,1094.0,1156.1,0.0000
792,13.863,989.755,-3,6,0,0,744.9,120,2000,1397.10,1374.0,1420.0,0.0000
793,477.148,287.486,2,2,0,0,529.9,120,2000,1881.46,1867.0,1897.1,0.0000
794,20.094,-912.309,3,-6,0,0,59.1,120,2000,1998.62,1997.0,2000.0,0.2667
795,173.405,561.542,-1,4,0,0,434.0,120,2000,1917.58,1907.0,1929.0,0.0000
796,-787.870,281.868,-6,2,0,0,326.6,120,2000,1972.53,1965.0,1979.1,0.0000
797,190.597,184.574,1,1,0,0,225.5,120,2000,1994.17,1991.0,1997.0,0.0083
798,-404.287,1107.636,-6,7,0,0,832.4,120,2000,1153.63,1126.0,1181.0,0.0000
799,690.172,739.207,1,5,0,0,934.4,120,2000,912.77,887.8,941.0,0.0000
800,-100.606,1046.859,-4,7,0,0,775.6,120,2000,1316.03,1292.0,1343.0,0.0000
801,226.144,-60.910,1,0,0,0,237.9,120,2000,1998.03,1996.0,2000.0,0.1917
802,-340.635,991.987,-5,6,0,0,710.8,120,2000,1481.08,1456.7,1505.2,0.0000
803,-355.775,864.007,-5,6,0,0,584.8,120,2000,1733.42,1715.0,1751.0,0.0000
804,36.269,-485.758,2,-3,0,0,61.7,120,2000,1999.78,1999.0,2000.0,0.7917
805,71.332,-85.530,1,-1,0,0,83.9,120,2000,1999.76,1999.0,2000.0,0.7750
806,79.625,-341.324,1,-2,0,0,100.4,120,2000,1999.81,1999.0,2000.0,0.8250
807,482.280,432.503,1,3,0,0,593.3,120,2000,1783.29,1765.9,1802.1,0.0000
808,-921.715,-190.850,-5,-1,0,0,436.6,120,2000,1978.38,1972.0,1984.0,0.0000
809,31.876,1247.411,-4,8,0,0,998.6,120,2000,693.52,671.0,719.0,0.0000
810,-564.539,771.146,-6,5,0,0,545.4,120,2000,1793.32,1772.9,1811.0,0.0000
811,-238.286,406.366,-3,3,0,0,123.0,120,2000,1995.97,1993.0,1999.0,0.0333
812,-16.291,355.038,-1,2,0,0,154.3,120,2000,1995.07,1993.0,1998.0,0.0000
813,418.154,728.693,0,5,0,0,722.1,120,2000,1490.33,1466.0,1509.2,0.0000
814,-59.165,1205.916,-4,8,0,1,939.3,120,2000,856.51,829.0,882.0,0.0000
815,40.704,-49.256,0,0,0,0,52.2,120,2000,1999.68,1999.0,2000.0,0.7167
816,-241.530,249.349,-2,2,0,0,33.8,120,2000,1999.49,1999.0,2000.0,0.5833
817,527.358,851.841,0,6,0,1,886.5,120,2000,1030.67,1004.0,1060.0,0.0000
818,127.268,490.706,-1,3,0,0,350.0,120,2000,1960.88,1953.0,1969.1,0.0000
819,-1033.586,-303.024,-5,-2,0,0,572.5,120,2000,1936.13,1926.0,1946.1,0.0000
820,-114.125,1185.644,-5,8,0,0,911.0,120,2000,935.04,909.8,966.1,0.0000
821,-106.209,-6.134,-1,0,0,0,96.0,120,2000,1999.88,1999.0,2000.0,0.8750
822,-154.786,-671.918,1,-4,0,0,123.4,120,2000,1999.70,1999.0,2000.0,0.7417
823,-945.767,18.470,-5,0,0,0,426.9,120,2000,1961.89,1954.0,1970.0,0.0000
824,463.429,298.557,2,2,0,0,520.8,120,2000,1889.91,1876.0,1904.0,0.0000
825,-846.995,97.873,-5,1,0,1,332.0,120,2000,1981.82,1976.9,1987.1,0.0000
826,323.707,-285.226,3,-2,0,0,342.6,120,2000,1996.00,1993.0,1999.0,0.0250
827,29.382,-864.820,3,-6,0,0,66.9,120,2000,1999.14,1998.0,2000.0,0.4000
828,-130.465,-71.700,-1,0,0,0,118.2,120,2000,1999.92,2000.0,2000.0,0.9250
829,-70.332,255.579,-1,2,0,0,42.9,120,2000,1998.64,1997.0,2000.0,0.2750
830,-241.975,-586.999,1,-4,0,0,125.9,120,2000,1999.83,1999.0,2000.0,0.8417
831,-326.332,364.965,-3,2,0,0,86.4,120,2000,1997.30,1995.0,1999.0,0.0500
832,1.793,270.617,-1,2,0,0,104.1,120,2000,1997.60,1995.0,1999.0,0.0750
833,730.256,694.691,2,5,0,0,941.5,120,2000,902.12,877.0,927.0,0.0000
834,-516.713,-53.843,-3,0,0,0,10.4,120,2000,1999.75,1999.0,2000.0,0.7667
835,111.816,451.636,-1,3,0,0,310.4,120,2000,1973.67,1966.9,1980.1,0.0000
836,-683.445,-454.516,-2,-3,0,0,269.9,120,2000,1997.88,1995.0,2000.0,0.1417
837,-562.910,381.470,-5,3,0,0,206.9,120,2000,1990.11,1986.0,1994.1,0.0000
838,-105.357,-661.360,2,-5,0,0,74.3,120,2000,1999.80,1999.0,2000.0,0.8250
839,-294.591,1016.062,-5,7,0,0,732.3,120,2000,1426.21,1401.9,1448.2,0.0000
840,-694.035,469.611,-6,3,0,0,360.5,120,2000,1955.02,1946.0,1963.0,0.0000
841,-393.148,503.525,-4,3,0,0,236.5,120,2000,1984.71,1979.0,1990.0,0.0000
842,33.664,-286.977,1,-2,0,0,52.7,120,2000,1999.86,1999.0,2000.0,0.8750
843,-1068.420,-358.129,-5,-2,0,0,619.7,120,2000,1906.12,1894.0,1917.3,0.0000
844,-468.825,196.970,-3,1,0,0,9.7,120,2000,1999.28,1998.0,2000.0,0.4833
845,300.777,105.296,1,1,0,0,315.0,120,2000,1989.58,1985.0,1994.0,0.0000
846,657.886,667.520,2,4,0,0,866.3,120,2000,1122.03,1091.9,1151.0,0.0000
847,-607.213,969.634,-7,7,0,0,746.0,120,2000,1393.05,1366.9,1419.0,0.0000
848,582.920,959.710,0,6,0,0,1003.2,120,2000,697.50,670.9,726.0,0.0000
849,-747.851,-198.903,-4,-1,0,0,270.0,120,2000,1997.22,1995.0,1999.0,0.0500
850,86.260,29.995,0,0,0,0,95.4,120,2000,1999.28,1998.0,2000.0,0.4667
851,-1008.024,-148.886,-5,-1,0,0,510.1,120,2000,1948.30,1939.8,1958.1,0.0000
852,-559.346,1189.196,-7,8,0,0,941.9,120,2000,846.16,819.9,875.1,0.0000
853,-828.783,511.447,-6,3,0,0,487.6,120,2000,1871.93,1856.9,1886.1,0.0000
854,-270.819,61.754,-2,1,0,0,221.8,120,2000,1999.84,1999.0,2000.0,0.8500
855,-835.710,449.556,-6,3,0,0,454.6,120,2000,1906.34,1893.0,1919.1,0.0000
856,-436.726,-251.816,-2,-2,0,0,18.9,120,2000,1999.92,2000.0,2000.0,0.9250
857,-965.825,-185.299,-5,-1,0,0,478.0,120,2000,1965.34,1958.0,1973.0,0.0000
858,409.871,-237.305,3,-2,0,0,427.2,120,2000,1989.42,1985.0,1993.1,0.0000
859,-14.282,-159.782,0,-1,0,0,1.2,120,2000,1999.88,1999.0,2000.0,0.8833
860,-22.194,-519.667,2,-4,0,0,4.4,120,2000,1999.79,1999.0,2000.0,0.8000
861,-437.696,765.633,-5,5,0,0,501.6,120,2000,1845.12,1834.0,1857.1,0.0000
862,133.887,40.260,1,0,0,0,143.2,120,2000,1998.71,1997.0,2000.0,0.2750
863,-131.346,827.758,-4,6,0,0,554.4,120,2000,1781.11,1759.0,1801.1,0.0000
864,-879.787,-282.988,-4,-2,0,0,418.4,120,2000,1986.74,1982.0,1991.0,0.0000
865,-420.719,1032.009,-6,7,0,0,759.9,120,2000,1358.03,1328.0,1382.2,0.0000
866,138.413,670.849,-1,4,0,0,502.4,120,2000,1854.07,1838.9,1869.1,0.0000
867,-493.928,671.080,-5,4,0,0,426.7,120,2000,1912.68,1901.9,1924.0,0.0000
868,176.554,-420.629,3,-3,0,0,199.8,120,2000,1999.28,1998.0,2000.0,0.4917
869,-351.211,-220.465,-1,-2,0,0,109.4,120,2000,1999.94,2000.0,2000.0,0.9417
870,349.272,783.361,0,5,0,1,717.0,120,2000,1486.83,1463.0,1509.2,0.0000
871,-453.382,202.194,-3,1,0,0,1.6,120,2000,1999.39,1998.0,2000.0,0.5250
872,559.687,607.613,1,4,0,0,751.5,120,2000,1443.27,1421.0,1466.0,0.0000
873,116.828,-250.506,2,-2,0,0,134.7,120,2000,1999.75,1999.0,2000.0,0.8000
874,642.933,819.825,1,5,0,0,948.2,120,2000,861.98,837.9,894.0,0.0000
875,-309.987,246.726,-3,2,0,0,32.7,120,2000,1999.50,1999.0,2000.0,0.6083
876,-731.930,144.345,-5,1,0,0,226.9,120,2000,1992.83,1990.0,1996.0,0.0000
877,-432.477,320.802,-3,2,0,0,81.7,120,2000,1997.97,1996.0,2000.0,0.1250
878,-491.396,-384.517,-1,-3,0,0,66.6,120,2000,1999.78,1999.0,2000.0,0.8083
879,-190.904,-311.770,0,-2,0,0,170.9,120,2000,1999.97,2000.0,2000.0,0.9667
880,-477.619,-150.804,-2,-1,0,0,4.0,120,2000,1999.92,2000.0,2000.0,0.9250
881,206.688,-595.203,3,-4,0,0,235.5,120,2000,1998.67,1997.0,2000.0,0.2583
882,-768.450,-296.324,-3,-2,0,0,313.7,120,2000,1996.79,1994.0,1999.0,0.0333
883,162.067,330.028,0,2,0,0,266.6,120,2000,1986.56,1981.9,1991.0,0.0000
884,-597.791,887.081,-6,6,0,0,665.4,120,2000,1584.77,1563.9,1605.3,0.0000
885,-322.296,789.547,-4,5,0,0,507.5,120,2000,1839.44,1823.9,1854.0,0.0000
886,-317.342,701.602,-4,5,0,0,419.4,120,2000,1917.34,1904.0,1930.0,0.0000
887,307.817,-351.765,3,-2,0,0,328.8,120,2000,1996.81,1994.9,1999.0,0.0417
888,-701.005,-84.161,-4,0,0,0,196.5,120,2000,1998.10,1996.9,2000.0,0.2000
889,-387.956,813.467,-5,5,0,0,538.9,120,2000,1801.36,1782.9,1821.0,0.0000
890,-881.306,-178.676,-5,-1,0,0,394.4,120,2000,1986.00,1981.0,1991.0,0.0000
891,-143.669,-88.164,0,-1,0,1,130.9,120,2000,1999.92,2000.0,2000.0,0.9167
892,-19.039,1270.568,-4,8,0,0,1010.2,120,2000,664.62,638.0,686.1,0.0000
893,218.208,1000.916,-2,7,0,0,829.7,120,2000,1169.92,1140.0,1198.0,0.0000
894,-354.631,1110.072,-6,8,0,0,829.6,120,2000,1166.01,1137.9,1190.0,0.0000
895,102.649,-335.257,2,-2,0,0,123.2,120,2000,1999.71,1999.0,2000.0,0.7417
896,232.056,-480.193,3,-3,0,0,257.2,120,2000,1998.61,1997.0,2000.0,0.2167
897,223.063,-419.156,3,-3,0,0,246.2,120,2000,1998.61,1997.0,2000.0,0.2333
898,272.586,-40.705,2,0,0,0,283.7,120,2000,1996.11,1994.0,1998.0,0.0250
899,-618.974,-274.062,-3,-2,0,0,163.3,120,2000,1999.50,1999.0,2000.0,0.5667
900,642.931,703.006,1,5,0,0,874.9,120,2000,1091.52,1061.9,1121.1,0.0000
901,41.657,-533.193,2,-4,0,0,68.6,120,2000,1999.69,1999.0,2000.0,0.7333
902,174.131,291.345,0,2,0,0,255.6,120,2000,1987.68,1983.0,1992.0,0.0000
903,-677.955,-495.460,-2,-3,0,0,274.6,120,2000,1998.06,1996.0,2000.0,0.1083
904,-354.817,922.318,-5,6,0,0,642.6,120,2000,1630.25,1607.9,1651.1,0.0000
905,197.469,-322.436,2,-2,0,0,217.6,120,2000,1999.26,1998.0,2000.0,0.4500
906,273.098,-506.808,3,-3,0,0,299.0,120,2000,1997.32,1995.0,1999.0,0.0500
907,-1007.313,-96.519,-5,-1,0,0,498.9,120,2000,1944.22,1934.9,1954.0,0.0000
908,229.374,881.830,-2,6,0,0,730.1,120,2000,1444.40,1423.0,1472.1,0.0000
909,246.869,834.797,-1,5,0,0,698.9,120,2000,1522.62,1498.9,1546.0,0.0000
910,-388.823,-325.459,-1,-2,0,0,47.3,120,2000,1999.96,2000.0,2000.0,0.9583
911,-15.826,1127.885,-4,8,0,0,871.3,120,2000,1052.59,1025.0,1082.1,0.0000
912,-631.956,403.833,-5,3,0,0,270.0,120,2000,1981.79,1977.0,1987.0,0.0000
913,-291.837,556.843,-4,4,0,0,273.3,120,2000,1978.93,1973.0,1984.0,0.0000
914,616.203,816.960,1,5,0,0,926.2,120,2000,923.48,897.9,947.0,0.0000
915,-771.940,17.485,-4,0,0,1,253.1,120,2000,1993.47,1990.0,1997.0,0.0000
916,-468.834,649.357,-5,4,0,0,398.0,120,2000,1932.62,1922.0,1943.0,0.0000
917,133.114,661.834,-1,4,0,0,491.9,120,2000,1865.06,1850.9,1880.1,0.0000
918,315.083,-166.819,2,-1,0,0,330.2,120,2000,1995.68,1992.0,1998.0,0.0167
919,-609.168,880.039,-7,6,0,0,663.1,120,2000,1588.16,1563.9,1613.2,0.0000
920,-236.235,715.798,-4,5,0,0,432.1,120,2000,1907.59,1895.0,1919.1,0.0000
921,-220.423,667.032,-3,4,0,0,384.3,120,2000,1937.53,1927.0,1946.0,0.0000
922,735.786,550.094,2,4,0,0,872.4,120,2000,1129.62,1100.9,1163.1,0.0000
923,-864.362,-9.571,-5,0,0,0,346.6,120,2000,1984.53,1980.0,1990.0,0.0000
924,169.237,87.288,1,0,0,0,182.2,120,2000,1997.50,1995.0,1999.0,0.0750
925,443.020,-130.633,3,-1,0,0,456.9,120,2000,1980.12,1974.0,1986.0,0.0000
926,101.300,472.379,-1,3,0,0,319.3,120,2000,1970.58,1964.0,1977.0,0.0000
927,-857.454,469.127,-6,3,0,0,483.7,120,2000,1880.71,1868.9,1894.0,0.0000
928,-884.960,-123.616,-5,-1,0,0,384.5,120,2000,1984.83,1980.0,1990.0,0.0000
929,-563.391,1105.977,-7,7,0,0,862.5,120,2000,1072.08,1045.7,1102.1,0.0000
930,204.442,-569.449,3,-4,0,0,232.4,120,2000,1998.78,1997.0,2000.0,0.2917
931,155.171,-276.916,2,-2,0,0,173.8,120,2000,1999.49,1999.0,2000.0,0.5667
932,-93.779,1141.558,-4,7,0,0,870.2,120,2000,1047.40,1019.9,1074.1,0.0000
933,128.875,-294.287,2,-2,0,0,148.1,120,2000,1999.62,1999.0,2000.0,0.6833
934,-800.098,364.317,-6,3,0,0,377.2,120,2000,1953.99,1947.0,1962.0,0.0000
935,-87.878,-247.091,0,-1,0,0,70.0,120,2000,1999.97,2000.0,2000.0,0.9667
936,-531.675,1075.772,-7,7,0,0,825.2,120,2000,1177.39,1154.8,1203.2,0.0000
937,-355.339,146.095,-3,1,0,0,106.7,120,2000,1999.77,1999.0,2000.0,0.8250
938,-942.258,-518.400,-4,-3,0,0,536.5,120,2000,1961.78,1954.0,1970.0,0.0000
939,234.688,963.385,-2,6,0,0,803.9,120,2000,1249.08,1216.0,1279.0,0.0000
940,828.591,699.570,2,5,0,0,1026.9,120,2000,670.87,643.0,698.0,0.0000
941,-409.743,474.231,-4,3,0,0,213.2,120,2000,1989.31,1985.9,1993.0,0.0000
942,-729.123,344.770,-5,2,0,0,307.0,120,2000,1975.35,1968.0,1982.0,0.0000
943,69.669,-458.056,2,-3,0,0,94.2,120,2000,1999.65,1999.0,2000.0,0.7167
944,-656.067,927.596,-7,6,0,0,725.1,120,2000,1447.11,1420.0,1471.0,0.0000
945,-268.309,584.609,-4,4,0,1,300.4,120,2000,1971.87,1965.0,1979.1,0.0000
946,-255.927,-778.992,1,-5,0,0,91.1,120,2000,1999.64,1999.0,2000.0,0.7167
947,441.840,-367.702,4,-3,0,0,463.3,120,2000,1984.70,1980.0,1990.0,0.0000
948,-194.615,890.354,-4,6,0,0,608.9,120,2000,1692.80,1668.8,1718.0,0.0000
949,-764.431,425.471,-6,3,0,0,383.3,120,2000,1946.63,1938.0,1955.0,0.0000
950,-341.313,48.886,-2,0,0,0,175.2,120,2000,1999.92,2000.0,2000.0,0.9250
951,-632.253,667.345,-6,5,0,0,481.7,120,2000,1868.97,1857.0,1884.1,0.0000
952,523.160,102.937,3,1,0,0,535.7,120,2000,1916.70,1907.0,1927.0,0.0000
953,-575.327,191.662,-4,1,0,0,96.1,120,2000,1997.83,1996.0,2000.0,0.1167
954,-35.766,69.111,0,0,0,0,23.2,120,2000,1999.66,1999.0,2000.0,0.7083
955,292.732,91.515,1,1,0,0,305.3,120,2000,1991.57,1988.0,1995.0,0.0000
956,-17.527,979.627,-3,6,0,0,726.8,120,2000,1441.84,1416.9,1462.2,0.0000
957,-222.189,598.554,-3,4,0,0,315.8,120,2000,1968.16,1960.9,1976.0,0.0000
958,344.844,-466.286,3,-3,0,0,369.5,120,2000,1994.95,1993.0,1997.1,0.0083
959,-250.904,1146.687,-5,8,0,0,862.5,120,2000,1075.27,1048.9,1101.1,0.0000
960,-102.575,-110.715,0,-1,0,0,89.1,120,2000,1999.92,2000.0,2000.0,0.9333
961,482.757,367.952,2,2,0,0,565.1,120,2000,1831.69,1817.0,1847.0,0.0000
962,114.148,642.023,-1,4,0,0,465.1,120,2000,1888.81,1877.9,1899.1,0.0000
963,-178.327,321.661,-2,2,0,0,49.7,120,2000,1998.67,1997.0,2000.0,0.2583
964,-623.747,988.984,-7,7,0,0,769.9,120,2000,1328.36,1299.9,1353.0,0.0000
965,399.344,309.968,1,2,0,0,465.4,120,2000,1925.83,1915.0,1936.0,0.0000
966,-870.962,287.962,-6,2,0,0,404.8,120,2000,1946.92,1937.9,1956.1,0.0000
967,-804.614,-227.052,-4,-1,0,0,331.9,120,2000,1995.12,1992.0,1998.0,0.0083
968,-405.404,132.121,-3,1,0,0,80.2,120,2000,1999.67,1999.0,2000.0,0.7000
969,55.581,834.629,-3,6,0,0,611.5,120,2000,1692.67,1673.0,1711.0,0.0000
970,-94.687,-651.882,1,-4,0,0,63.9,120,2000,1999.72,1999.0,2000.0,0.7667
971,-464.791,-128.903,-2,-1,0,0,21.7,120,2000,1999.86,1999.0,2000.0,0.8667
972,-215.558,1092.685,-5,7,0,0,809.5,120,2000,1221.24,1197.0,1249.0,0.0000
973,-237.303,-336.475,0,-2,0,0,191.6,120,2000,1999.95,2000.0,2000.0,0.9500
974,-904.343,370.837,-6,2,0,0,470.7,120,2000,1899.42,1886.0,1913.1,0.0000
975,-134.082,-480.373,1,-3,0,0,108.8,120,2000,1999.91,2000.0,2000.0,0.9250
976,519.774,807.872,0,6,0,0,849.8,120,2000,1142.30,1113.9,1171.0,0.0000
977,-804.268,-167.183,-4,-1,0,0,316.9,120,2000,1994.68,1992.0,1997.1,0.0250
978,-896.114,1.596,-5,0,0,0,377.7,120,2000,1977.98,1972.0,1983.0,0.0000
979,222.807,225.449,1,1,0,0,269.9,120,2000,1989.01,1985.0,1993.0,0.0000
980,589.065,838.562,1,5,0,0,920.9,120,2000,933.70,902.0,959.2,0.0000
981,-162.202,424.421,-2,3,0,0,153.1,120,2000,1994.49,1991.0,1997.0,0.0000
982,444.285,675.521,0,5,0,0,703.9,120,2000,1536.84,1513.9,1561.1,0.0000
983,-278.638,434.201,-3,3,0,0,150.2,120,2000,1994.59,1991.9,1997.0,0.0000
984,-653.552,-301.305,-3,-2,0,0,203.5,120,2000,1998.99,1998.0,2000.0,0.3417
985,-241.190,-560.447,1,-4,0,1,133.1,120,2000,1999.85,1999.0,2000.0,0.8500
986,315.046,514.856,0,3,0,0,500.8,120,2000,1873.60,1858.0,1886.0,0.0000
987,-193.555,542.574,-3,4,0,0,263.1,120,2000,1981.03,1974.9,1987.0,0.0000
988,-564.497,58.649,-3,0,0,0,46.9,120,2000,1999.33,1998.0,2000.0,0.4917
989,-461.484,444.780,-4,3,0,0,205.0,120,2000,1989.85,1986.0,1993.1,0.0000
990,-99.701,-397.162,1,-3,0,0,77.1,120,2000,1999.92,2000.0,2000.0,0.9250
991,-1113.465,-313.841,-5,-2,0,0,652.6,120,2000,1869.47,1857.9,1883.1,0.0000
992,-727.438,955.705,-7,6,0,0,780.9,120,2000,1301.53,1274.9,1326.0,0.0000
993,62.372,-482.005,2,-3,0,0,87.6,120,2000,1999.69,1999.0,2000.0,0.7083
994,-126.581,906.574,-4,6,0,0,633.0,120,2000,1649.38,1630.0,1671.2,0.0000
995,-88.127,-833.338,2,-5,0,0,51.6,120,2000,1999.62,1999.0,2000.0,0.6750
996,-842.767,226.854,-6,2,0,0,356.6,120,2000,1967.16,1960.9,1974.0,0.0000
997,-137.904,396.108,-2,3,0,0,132.9,120,2000,1995.89,1993.0,1999.0,0.0000
998,-291.652,525.151,-3,3,0,1,241.6,120,2000,1984.80,1980.0,1990.0,0.0000
999,-826.036,-481.436,-3,-3,0,0,414.7,120,2000,1989.67,1986.0,1993.0,0.0000
1000,-985.417,-102.963,-5,-1,0,0,478.5,120,2000,1955.27,1947.0,1963.0,0.0000
1001,396.125,327.923,1,2,0,0,469.6,120,2000,1922.47,1912.0,1933.0,0.0000
1002,363.215,290.969,1,2,0,0,424.7,120,2000,1948.22,1939.0,1957.0,0.0000
1003,-466.374,191.219,-3,1,0,0,4.2,120,2000,1999.22,1998.0,2000.0,0.4417
1004,-573.680,143.580,-4,1,0,0,75.1,120,2000,1998.67,1997.0,2000.0,0.3000
1005,117.613,640.521,-1,4,0,0,465.6,120,2000,1888.58,1873.9,1903.1,0.0000
1006,136.115,133.960,0,1,0,0,158.7,120,2000,1997.73,1996.0,2000.0,0.1083
1007,-374.936,1263.439,-6,8,0,0,984.1,120,2000,729.53,700.8,763.0,0.0000
1008,-611.095,571.735,-6,4,0,0,389.0,120,2000,1937.59,1927.9,1947.0,0.0000
1009,-693.909,21.575,-4,0,0,0,175.0,120,2000,1997.33,1995.0,1999.0,0.0750
1010,-28.401,-119.937,0,-1,0,0,14.6,120,2000,1999.90,1999.9,2000.0,0.9000
1011,457.499,400.381,1,3,0,0,556.4,120,2000,1836.24,1822.9,1852.1,0.0000
1012,328.713,1076.067,-2,7,0,0,948.0,120,2000,837.25,809.8,861.1,0.0000
1013,272.610,864.664,-1,6,0,0,737.9,120,2000,1426.96,1401.0,1453.1,0.0000
1014,-711.810,-257.750,-3,-2,0,0,249.4,120,2000,1998.22,1996.9,2000.0,0.1500
1015,161.280,-38.559,1,0,0,0,172.4,120,2000,1998.93,1998.0,2000.0,0.2833
1016,-113.583,-487.620,1,-3,0,0,88.1,120,2000,1999.89,1999.9,2000.0,0.9000
1017,-231.471,82.461,-2,1,0,0,192.6,120,2000,1999.78,1999.0,2000.0,0.8083
1018,133.998,418.813,-1,3,0,0,302.0,120,2000,1977.40,1971.0,1982.1,0.0000
1019,187.702,761.155,-1,5,0,0,605.1,120,2000,1712.94,1691.9,1732.4,0.0000
1020,680.138,778.931,1,5,0,1,950.6,120,2000,862.92,837.0,891.2,0.0000
1021,-36.202,385.852,-2,3,0,0,168.2,120,2000,1994.06,1991.0,1997.0,0.0000
1022,-457.866,284.315,-4,2,0,0,65.3,120,2000,1998.22,1996.0,2000.0,0.1167
1023,-843.958,-338.854,-4,-2,0,0,397.3,120,2000,1990.71,1987.0,1995.0,0.0000
1024,-170.094,19.569,-1,0,0,0,160.7,120,2000,1999.88,1999.0,2000.0,0.8750
1025,79.101,732.315,-2,5,0,0,527.3,120,2000,1822.51,1807.9,1840.0,0.0000
1026,-790.046,123.354,-5,1,0,0,279.4,120,2000,1988.02,1984.0,1992.0,0.0000
1027,-921.866,322.684,-6,2,0,0,465.3,120,2000,1906.95,1894.0,1918.1,0.0000
1028,848.544,797.854,2,5,0,0,1097.3,120,2000,487.53,462.0,509.1,0.0000
1029,-588.061,-507.580,-2,-3,0,0,190.4,120,2000,1999.03,1998.0,2000.0,0.3333
1030,74.324,834.674,-2,5,0,0,618.6,120,2000,1681.58,1662.0,1700.2,0.0000
1031,-82.074,573.750,-2,4,0,0,319.1,120,2000,1966.73,1960.9,1973.0,0.0000
1032,-37.690,-244.769,1,-2,0,0,20.0,120,2000,1999.91,2000.0,2000.0,0.9083
1033,452.439,-518.061,4,-3,0,0,478.6,120,2000,1981.11,1976.0,1986.0,0.0000
1034,132.796,-742.370,3,-5,0,0,166.3,120,2000,1998.89,1998.0,2000.0,0.3250
1035,-723.436,239.992,-5,2,0,0,250.4,120,2000,1987.78,1984.0,1992.0,0.0000
1036,419.290,188.219,2,1,0,0,446.6,120,2000,1952.70,1943.0,1961.1,0.0000
1037,-674.338,986.387,-7,6,0,0,786.3,120,2000,1287.79,1261.9,1316.1,0.0000
1038,-420.896,-336.285,-1,-2,0,0,13.6,120,2000,1999.92,2000.0,2000.0,0.9250
1039,589.951,40.352,3,0,0,0,599.1,120,2000,1881.69,1868.0,1894.2,0.0000
1040,-326.660,1109.128,-5,7,0,0,826.7,120,2000,1170.19,1142.9,1193.2,0.0000
1041,-52.967,885.448,-3,6,0,0,626.8,120,2000,1659.99,1636.0,1681.1,0.0000
1042,608.178,563.763,2,4,0,0,768.0,120,2000,1409.85,1383.8,1433.0,0.0000
1043,373.102,774.212,0,5,0,0,725.3,120,2000,1474.43,1452.9,1502.0,0.0000
1044,377.451,-500.072,4,-3,0,0,403.1,120,2000,1992.17,1989.0,1995.0,0.0000
1045,-410.149,-449.393,-1,-3,0,0,3.7,120,2000,1999.76,1999.0,2000.0,0.8000
1046,-380.364,1155.732,-6,8,0,0,877.4,120,2000,1028.58,1007.9,1054.1,0.0000
1047,-316.346,990.314,-5,7,0,0,707.5,120,2000,1485.18,1463.0,1506.4,0.0000
1048,316.721,44.967,2,0,0,0,326.1,120,2000,1990.62,1986.0,1995.0,0.0000
1049,618.129,157.895,3,1,0,0,636.6,120,2000,1801.16,1782.9,1818.1,0.0000
1050,-25.824,864.853,-3,6,0,0,613.9,120,2000,1687.26,1666.8,1707.1,0.0000
1051,0.775,818.337,-3,6,0,0,577.3,120,2000,1750.30,1729.0,1770.1,0.0000
1052,261.775,-235.258,2,-1,0,1,279.1,120,2000,1998.02,1996.0,2000.0,0.1333
1053,226.799,-451.796,3,-3,0,0,251.0,120,2000,1998.76,1997.0,2000.0,0.2750
1054,-639.568,758.173,-6,5,0,0,565.0,120,2000,1767.53,1749.9,1788.0,0.0000
1055,-635.276,-408.047,-2,-3,0,0,211.8,120,2000,1998.97,1998.0,2000.0,0.3250
1056,-48.822,-893.447,3,-6,0,0,10.4,120,2000,1999.34,1998.0,2000.0,0.5083
1057,-70.969,556.049,-2,4,0,0,306.1,120,2000,1970.96,1964.9,1976.0,0.0000
1058,-448.450,-327.024,-2,-2,0,0,10.9,120,2000,1999.88,1999.0,2000.0,0.8833
1059,-263.696,215.703,-2,1,0,0,68.6,120,2000,1999.64,1999.0,2000.0,0.7000
1060,-166.183,554.788,-3,4,0,0,279.5,120,2000,1977.40,1971.0,1983.0,0.0000
1061,-545.574,-476.967,-2,-3,0,0,141.7,120,2000,1999.47,1998.0,2000.0,0.6167
1062,-509.558,-332.583,-2,-2,0,1,71.5,120,2000,1999.80,1999.0,2000.0,0.8250
1063,-585.909,340.522,-4,2,0,0,192.8,120,2000,1991.97,1988.0,1996.0,0.0000
1064,-56.870,-645.208,2,-4,0,0,26.4,120,2000,1999.79,1999.0,2000.0,0.8000
1065,565.027,164.788,3,1,0,1,585.1,120,2000,1860.89,1848.0,1877.2,0.0000
1066,-402.009,1011.700,-6,7,0,0,737.1,120,2000,1414.99,1390.9,1441.1,0.0000
1067,236.843,718.242,-1,5,0,0,596.8,120,2000,1730.72,1710.0,1753.0,0.0000
1068,-369.374,1226.625,-6,8,0,0,947.0,120,2000,832.48,806.9,860.0,0.0000
1069,-186.830,-1.320,-1,0,0,0,176.8,120,2000,1999.87,1999.0,2000.0,0.8750
1070,-901.089,-488.226,-4,-3,0,0,489.2,120,2000,1976.37,1970.9,1981.0,0.0000
1071,-795.332,320.048,-6,2,0,0,350.7,120,2000,1963.70,1955.9,1973.0,0.0000
1072,-545.139,-606.018,-1,-4,0,0,172.8,120,2000,1998.83,1997.0,2000.0,0.2750
1073,15.345,-910.892,3,-6,0,0,54.3,120,2000,1998.93,1998.0,2000.0,0.3167
1074,-724.058,932.359,-7,6,0,1,758.5,120,2000,1363.65,1341.0,1389.0,0.0000
1075,276.488,943.810,-1,6,0,0,807.3,120,2000,1239.27,1207.0,1270.1,0.0000
1076,-437.912,1156.423,-7,8,0,0,885.5,120,2000,1009.74,981.9,1041.0,0.0000
1077,599.918,-53.574,3,0,0,0,611.2,120,2000,1894.57,1883.0,1907.0,0.0000
1078,-487.951,759.271,-5,5,0,0,508.6,120,2000,1839.73,1823.0,1858.0,0.0000
1079,-789.855,203.556,-5,1,0,0,299.0,120,2000,1982.41,1977.0,1987.1,0.0000
1080,-470.611,-260.266,-2,-2,0,0,16.1,120,2000,1999.93,2000.0,2000.0,0.9333
1081,463.068,514.180,1,3,0,0,619.0,120,2000,1729.08,1708.9,1750.0,0.0000
1082,188.304,-525.258,3,-4,0,0,214.9,120,2000,1999.07,1998.0,2000.0,0.3833
1083,-662.484,344.723,-5,2,0,0,253.2,120,2000,1985.12,1980.0,1991.0,0.0000
1084,592.627,287.101,2,2,0,0,639.7,120,2000,1753.56,1735.0,1772.1,0.0000
1085,106.778,924.669,-2,6,0,1,714.2,120,2000,1476.17,1457.0,1497.0,0.0000
1086,-651.463,1011.259,-7,7,0,0,800.6,120,2000,1249.92,1226.9,1279.0,0.0000
1087,-913.060,-422.943,-4,-3,0,0,484.9,120,2000,1977.03,1971.9,1983.0,0.0000
1088,-199.767,-750.440,1,-5,0,0,148.2,120,2000,1999.72,1999.0,2000.0,0.8000
1089,-195.616,71.808,-1,0,0,1,174.4,120,2000,1999.94,2000.0,2000.0,0.9417
1090,560.115,925.282,0,6,0,0,962.4,120,2000,812.88,788.9,846.0,0.0000
1091,-592.855,-36.932,-3,0,0,0,80.5,120,2000,1999.37,1999.0,2000.0,0.5083
1092,-714.425,949.048,-7,6,0,0,769.1,120,2000,1334.56,1308.7,1365.0,0.0000
1093,761.693,600.854,2,4,0,0,919.3,120,2000,988.13,961.7,1016.1,0.0000
1094,561.911,626.183,1,4,0,0,764.1,120,2000,1401.35,1376.8,1423.1,0.0000
1095,-714.080,-81.073,-4,0,0,0,208.5,120,2000,1997.83,1996.0,2000.0,0.1083
1096,-498.887,-22.743,-3,0,0,0,14.4,120,2000,1999.72,1999.0,2000.0,0.7417
1097,-782.410,493.334,-6,3,0,0,440.8,120,2000,1911.45,1899.0,1924.1,0.0000
1098,-195.411,1010.311,-5,7,0,0,728.4,120,2000,1436.67,1404.9,1462.2,0.0000
1099,-204.210,-307.195,0,-2,0,0,184.4,120,2000,1999.99,2000.0,2000.0,0.9917
1100,-497.244,559.379,-5,4,0,0,324.1,120,2000,1964.85,1957.9,1971.0,0.0000
1101,-163.615,69.008,-1,0,0,0,146.9,120,2000,1999.85,1999.0,2000.0,0.8667
1102,160.643,-272.236,2,-2,0,0,179.2,120,2000,1999.39,1998.9,2000.0,0.5000
1103,392.099,679.040,0,5,0,0,668.5,120,2000,1609.55,1589.8,1630.0,0.0000
1104,160.819,992.835,-2,6,0,0,798.1,120,2000,1260.47,1234.0,1292.1,0.0000
1105,400.788,-221.742,3,-1,0,0,417.6,120,2000,1989.83,1986.0,1994.0,0.0000
1106,40.305,805.866,-2,5,0,0,579.1,120,2000,1746.72,1727.9,1769.0,0.0000
1107,-380.492,572.861,-4,4,0,0,300.9,120,2000,1971.47,1965.0,1978.0,0.0000
1108,-151.575,762.564,-3,5,0,0,486.9,120,2000,1861.77,1846.0,1877.0,0.0000
1109,-270.947,-623.584,0,-4,0,0,88.8,120,2000,1999.78,1999.0,2000.0,0.8083
1110,48.493,-177.099,1,-1,0,0,64.0,120,2000,1999.84,1999.0,2000.0,0.8750
1111,269.421,948.805,-1,6,0,0,808.1,120,2000,1240.33,1211.4,1267.0,0.0000
1112,387.627,513.656,1,3,0,0,557.0,120,2000,1817.06,1799.0,1833.1,0.0000
1113,-71.567,627.763,-2,4,0,0,373.7,120,2000,1946.62,1936.9,1954.1,0.0000
1114,-622.582,-285.244,-3,-2,0,0,169.6,120,2000,1999.42,1998.0,2000.0,0.5500
1115,119.693,-673.998,3,-5,0,0,151.0,120,2000,1999.16,1998.0,2000.0,0.3667
1116,-512.428,443.467,-4,3,0,1,228.0,120,2000,1987.40,1983.0,1991.1,0.0000
1117,386.107,493.054,1,3,0,0,543.7,120,2000,1833.67,1819.9,1847.3,0.0000
1118,-921.382,-168.592,-5,-1,0,0,430.8,120,2000,1979.04,1972.9,1985.0,0.0000
1119,-196.526,-707.929,1,-5,0,0,152.8,120,2000,1999.77,1999.0,2000.0,0.8000
1120,212.802,315.556,0,2,0,0,301.2,120,2000,1982.15,1975.9,1988.0,0.0000
1121,-274.002,384.011,-3,3,0,0,99.9,120,2000,1996.99,1995.0,1999.0,0.0500
1122,-917.353,352.500,-6,2,0,0,473.9,120,2000,1899.28,1886.0,1912.1,0.0000
1123,240.281,300.073,0,2,0,0,317.5,120,2000,1979.81,1974.9,1985.1,0.0000
1124,-77.931,145.374,-1,1,0,0,35.6,120,2000,1999.65,1999.0,2000.0,0.7000
1125,-323.827,-319.104,-1,-2,0,0,111.9,120,2000,1999.96,2000.0,2000.0,0.9583
1126,-139.680,-391.246,1,-3,0,0,117.2,120,2000,1999.97,2000.0,2000.0,0.9667
1127,214.736,1024.406,-2,7,0,0,849.3,120,2000,1116.62,1093.9,1146.0,0.0000
1128,-478.304,855.391,-6,6,0,0,598.5,120,2000,1712.77,1690.0,1733.1,0.0000
1129,-12.144,-647.980,2,-4,0,0,18.5,120,2000,1999.72,1999.0,2000.0,0.7667
1130,-6.973,442.768,-2,3,0,1,231.9,120,2000,1987.71,1984.0,1992.0,0.0000
1131,-615.050,269.506,-5,2,0,0,170.4,120,2000,1994.38,1992.0,1997.0,0.0083
1132,75.321,-245.588,1,-2,0,1,93.0,120,2000,1999.90,1999.9,2000.0,0.9000
1133,273.663,-330.834,3,-2,0,0,294.0,120,2000,1997.81,1996.0,1999.0,0.0917
1134,43.566,-163.781,1,-1,0,0,58.7,120,2000,1999.75,1999.0,2000.0,0.7917
1135,-153.343,111.108,-1,1,0,0,117.3,120,2000,1999.75,1999.0,2000.0,0.7750
1136,-658.846,-454.063,-2,-3,0,0,245.9,120,2000,1998.41,1996.9,2000.0,0.2250
1137,-633.031,449.124,-5,3,0,0,304.0,120,2000,1971.58,1966.0,1979.0,0.0000
1138,467.402,464.095,1,3,0,0,596.0,120,2000,1773.33,1756.8,1789.0,0.0000
1139,-719.682,592.604,-6,4,0,0,469.5,120,2000,1884.71,1871.9,1896.1,0.0000
1140,-893.442,60.937,-5,0,0,0,375.3,120,2000,1973.47,1967.0,1980.0,0.0000
1141,204.322,637.234,-1,4,0,0,512.5,120,2000,1848.47,1833.0,1862.0,0.0000
1142,-729.798,663.941,-6,4,0,0,532.2,120,2000,1814.67,1798.0,1832.1,0.0000
1143,6.858,-288.865,1,-2,0,0,26.0,120,2000,1999.95,2000.0,2000.0,0.9500
1144,155.423,440.929,-1,3,0,0,332.7,120,2000,1967.95,1962.0,1975.0,0.0000
1145,437.461,-6.425,3,0,0,0,447.4,120,2000,1973.42,1966.9,1980.0,0.0000
1146,-122.196,-753.643,2,-5,0,0,88.2,120,2000,1999.59,1999.0,2000.0,0.6333
1147,89.974,525.595,-1,3,0,0,354.7,120,2000,1958.08,1948.9,1966.0,0.0000
1148,508.521,2.145,3,0,0,0,518.1,120,2000,1946.27,1937.0,1956.0,0.0000
1149,24.968,467.349,-1,3,0,0,269.8,120,2000,1982.28,1975.9,1989.0,0.0000
1150,-442.972,571.726,-5,4,0,0,316.2,120,2000,1966.88,1960.0,1974.0,0.0000
1151,-261.967,147.456,-2,1,0,0,136.8,120,2000,1999.69,1999.0,2000.0,0.7083
1152,-263.947,-14.377,-2,0,0,0,244.4,120,2000,1999.90,1999.9,2000.0,0.9000
1153,-996.530,-521.372,-4,-3,0,0,589.8,120,2000,1937.58,1926.9,1948.0,0.0000
1154,356.013,-400.194,4,-3,0,0,378.5,120,2000,1994.70,1992.0,1997.0,0.0083
1155,-439.631,73.197,-3,1,0,0,74.0,120,2000,1999.69,1999.0,2000.0,0.7333
1156,-789.421,-461.632,-3,-3,0,0,374.4,120,2000,1993.58,1990.0,1996.1,0.0000
1157,-308.294,836.316,-5,6,0,0,553.3,120,2000,1780.32,1766.9,1798.1,0.0000
1158,-25.484,-802.140,2,-5,0,0,10.0,120,2000,1999.60,1999.0,2000.0,0.6333
1159,-411.371,739.214,-5,5,0,0,470.1,120,2000,1879.10,1861.0,1892.1,0.0000
1160,-986.257,-221.212,-5,-1,0,0,506.6,120,2000,1958.68,1951.0,1965.0,0.0000
1161,101.819,793.716,-2,5,0,0,592.5,120,2000,1727.81,1709.0,1745.2,0.0000
1162,-619.814,538.102,-5,3,0,0,365.9,120,2000,1950.12,1941.0,1959.0,0.0000
1163,-177.246,137.797,-2,1,0,0,116.0,120,2000,1999.78,1999.0,2000.0,0.8000
1164,848.266,778.746,2,5,0,0,1086.3,120,2000,511.69,485.9,534.0,0.0000
1165,415.625,541.889,0,4,0,0,596.3,120,2000,1757.53,1739.0,1776.1,0.0000
1166,-901.401,-138.409,-5,-1,0,0,404.1,120,2000,1982.02,1976.0,1988.0,0.0000
1167,77.480,-686.046,3,-5,0,0,109.2,120,2000,1999.28,1998.0,2000.0,0.4667
1168,601.449,-27.105,3,0,0,0,611.9,120,2000,1886.29,1872.9,1900.0,0.0000
1169,-169.317,-644.809,1,-4,0,0,138.8,120,2000,1999.77,1999.0,2000.0,0.7917
1170,47.983,-309.508,1,-2,0,0,67.8,120,2000,1999.88,1999.0,2000.0,0.8833
1171,43.032,-412.754,2,-3,0,0,66.1,120,2000,1999.82,1999.0,2000.0,0.8333
1172,376.273,-349.917,3,-2,0,0,397.2,120,2000,1992.93,1990.0,1996.0,0.0000
1173,-106.956,-464.314,1,-3,0,0,82.2,120,2000,1999.92,2000.0,2000.0,0.9167
1174,411.747,271.265,1,2,0,0,462.9,120,2000,1933.22,1924.0,1943.0,0.0000
1175,-182.756,-271.330,0,-2,0,1,164.1,120,2000,1999.98,2000.0,2000.0,0.9833
1176,231.875,-402.131,3,-3,0,0,254.5,120,2000,1998.67,1997.0,2000.0,0.2667
1177,-358.034,-326.319,-1,-2,0,0,77.0,120,2000,1999.89,1999.0,2000.0,0.8917
1178,-677.207,-216.650,-3,-2,0,0,205.8,120,2000,1998.78,1997.0,2000.0,0.3333
1179,-249.730,-504.359,0,-3,0,1,138.5,120,2000,1999.86,1999.0,2000.0,0.8583
1180,369.444,577.567,0,4,0,0,582.8,120,2000,1769.98,1755.0,1787.0,0.0000
1181,-400.767,-665.013,0,-4,0,0,47.0,120,2000,1999.44,1999.0,2000.0,0.5417
1182,517.906,-100.651,3,-1,0,0,530.8,120,2000,1954.33,1946.9,1962.0,0.0000
1183,-594.862,-118.996,-3,-1,0,0,102.1,120,2000,1999.51,1998.0,2000.0,0.6417
1184,-133.868,508.457,-2,3,0,0,241.6,120,2000,1985.35,1981.0,1990.0,0.0000
1185,-778.174,499.914,-6,3,0,0,442.0,120,2000,1909.87,1897.9,1922.0,0.0000
1186,-460.846,-396.853,-1,-3,0,0,40.0,120,2000,1999.83,1999.0,2000.0,0.8417
1187,-757.724,375.557,-6,3,0,0,348.0,120,2000,1963.16,1957.0,1970.0,0.0000
1188,244.306,-365.777,3,-3,0,0,265.8,120,2000,1998.70,1997.0,2000.0,0.2583
1189,-606.998,1036.121,-7,7,0,0,808.7,120,2000,1224.32,1194.0,1250.0,0.0000
1190,-873.906,-333.101,-4,-2,0,0,425.0,120,2000,1987.53,1982.0,1992.0,0.0000
1191,-876.982,380.712,-6,2,0,1,451.6,120,2000,1911.83,1901.0,1923.0,0.0000
1192,-699.881,288.842,-5,2,0,0,252.3,120,2000,1986.26,1981.0,1990.1,0.0000
1193,-276.488,-425.155,0,-3,0,0,131.9,120,2000,1999.94,2000.0,2000.0,0.9417
1194,-100.971,1237.636,-5,8,0,0,964.3,120,2000,783.85,754.7,807.4,0.0000
1195,213.983,346.653,0,2,0,0,318.8,120,2000,1976.17,1970.0,1983.0,0.0000
1196,-814.796,34.079,-5,0,0,0,295.8,120,2000,1989.77,1986.0,1993.0,0.0000
1197,-284.407,1069.659,-5,7,0,0,785.6,120,2000,1285.03,1259.0,1312.1,0.0000
1198,-18.584,131.953,-1,1,0,0,11.2,120,2000,1999.41,1998.9,2000.0,0.5333
1199,-326.658,27.649,-2,0,0,0,192.3,120,2000,1999.92,2000.0,2000.0,0.9250
1200,-169.520,-498.717,1,-3,0,0,143.6,120,2000,1999.88,1999.0,2000.0,0.8833
1201,-179.328,-258.603,0,-2,0,0,161.1,120,2000,1999.95,2000.0,2000.0,0.9500
1202,403.645,555.465,0,4,0,0,595.1,120,2000,1755.76,1738.0,1773.2,0.0000
1203,407.539,427.600,1,3,0,0,525.9,120,2000,1862.93,1848.9,1876.1,0.0000
1204,49.427,796.871,-2,5,0,0,574.1,120,2000,1756.56,1740.0,1775.0,0.0000
1205,432.510,-207.336,3,-1,0,0,448.8,120,2000,1984.32,1979.9,1988.0,0.0000
1206,411.989,36.335,2,0,0,0,421.1,120,2000,1975.97,1970.0,1981.0,0.0000
1207,-77.503,14.833,0,0,0,0,68.0,120,2000,1999.73,1999.0,2000.0,0.7750
1208,-847.711,268.547,-6,2,0,0,375.8,120,2000,1958.71,1950.9,1968.0,0.0000
1209,-976.198,-379.869,-4,-3,0,0,535.6,120,2000,1959.37,1951.0,1967.0,0.0000
1210,455.840,682.711,0,5,0,0,717.2,120,2000,1508.15,1484.9,1532.0,0.0000
1211,-595.956,484.582,-5,3,0,0,308.5,120,2000,1971.94,1966.0,1978.0,0.0000
1212,140.406,-260.194,2,-2,0,0,158.6,120,2000,1999.65,1999.0,2000.0,0.7083
1213,-628.224,-343.730,-3,-2,0,0,189.3,120,2000,1999.41,1999.0,2000.0,0.5250
1214,475.030,66.549,3,0,0,0,485.1,120,2000,1950.49,1941.9,1960.0,0.0000
1215,253.342,895.880,-2,6,0,0,754.3,120,2000,1384.66,1359.8,1410.1,0.0000
1216,86.128,473.994,-1,3,0,0,311.1,120,2000,1972.83,1966.0,1980.0,0.0000
1217,-237.654,1031.783,-5,7,0,0,747.9,120,2000,1391.92,1370.0,1415.1,0.0000
1218,120.651,-630.490,3,-4,0,0,150.6,120,2000,1999.45,1998.0,2000.0,0.6000
1219,-156.703,236.588,-2,2,0,0,21.5,120,2000,1999.39,1998.0,2000.0,0.5000
1220,-83.319,1154.440,-4,8,0,0,884.6,120,2000,1008.62,986.0,1035.0,0.0000
1221,-80.738,1293.720,-5,9,0,0,1022.7,120,2000,632.35,607.0,654.3,0.0000
1222,-68.119,900.090,-3,6,0,0,637.6,120,2000,1640.10,1616.8,1662.1,0.0000
1223,291.452,-343.284,3,-2,0,0,312.2,120,2000,1997.39,1995.0,1999.1,0.1000
1224,252.919,160.445,1,1,0,0,278.4,120,2000,1990.90,1987.0,1994.0,0.0000
1225,336.708,-256.220,3,-2,0,0,354.6,120,2000,1995.17,1993.0,1998.0,0.0000
1226,80.269,-598.172,2,-4,0,0,109.2,120,2000,1999.63,1999.0,2000.0,0.6917
1227,-324.887,-646.956,0,-4,0,0,31.0,120,2000,1999.69,1999.0,2000.0,0.7667
1228,-325.185,1241.308,-6,8,0,0,958.6,120,2000,799.55,769.0,827.3,0.0000
1229,-135.212,-194.630,0,-1,0,0,119.0,120,2000,1999.97,2000.0,2000.0,0.9750
1230,562.931,419.597,2,3,0,0,659.5,120,2000,1684.06,1664.0,1703.1,0.0000
1231,87.247,513.451,-1,3,0,0,343.2,120,2000,1961.82,1954.9,1970.0,0.0000
1232,-369.664,44.472,-2,0,0,1,148.2,120,2000,1999.80,1999.0,2000.0,0.8250
1233,-136.143,471.516,-2,3,0,0,205.4,120,2000,1990.23,1986.0,1994.0,0.0000
1234,-47.870,84.201,-1,1,0,0,31.9,120,2000,1999.65,1999.0,2000.0,0.6917
1235,21.373,1090.183,-3,7,0,0,843.6,120,2000,1128.65,1106.8,1153.2,0.0000
1236,264.122,603.685,0,4,0,1,525.4,120,2000,1839.37,1824.0,1855.0,0.0000
1237,-28.484,362.234,-1,2,0,0,152.9,120,2000,1994.54,1992.0,1997.1,0.0083
1238,-643.018,913.943,-7,6,0,0,707.4,120,2000,1487.78,1464.0,1512.1,0.0000
1239,413.558,324.591,1,2,0,0,484.2,120,2000,1912.32,1901.0,1925.0,0.0000
1240,-376.262,1169.890,-6,8,0,0,891.1,120,2000,987.31,959.8,1017.1,0.0000
1241,-108.080,592.573,-3,4,0,0,329.5,120,2000,1963.85,1956.8,1971.1,0.0000
1242,-636.532,-427.786,-2,-3,0,0,217.9,120,2000,1998.77,1997.9,2000.0,0.2500
1243,75.841,-891.043,3,-6,0,0,114.1,120,2000,1998.40,1997.0,2000.0,0.1667
1244,233.507,731.893,-1,5,0,0,606.0,120,2000,1713.88,1695.0,1731.0,0.0000
1245,454.607,-149.016,3,-1,0,0,469.0,120,2000,1978.12,1973.0,1983.0,0.0000
1246,-618.153,-397.738,-2,-3,0,0,192.7,120,2000,1999.22,1998.0,2000.0,0.5000
1247,505.240,-393.134,4,-3,0,0,527.4,120,2000,1970.14,1964.0,1977.0,0.0000
1248,151.871,-632.553,3,-4,0,0,181.9,120,2000,1998.97,1998.0,2000.0,0.3583
1249,-501.751,249.696,-4,2,0,0,69.2,120,2000,1998.28,1997.0,2000.0,0.1333
1250,-299.416,-764.973,1,-5,0,0,48.1,120,2000,1999.47,1999.0,2000.0,0.5500
1251,-231.084,-753.974,1,-5,0,0,116.8,120,2000,1999.61,1999.0,2000.0,0.6917
1252,251.941,1040.682,-2,7,0,0,880.4,120,2000,1026.33,1000.9,1053.0,0.0000
1253,388.300,-505.964,4,-3,0,0,414.2,120,2000,1991.31,1987.0,1995.0,0.0000
1254,360.942,556.606,0,4,0,0,562.8,120,2000,1799.92,1783.0,1817.0,0.0000
1255,-353.762,-651.981,0,-4,0,0,1.7,120,2000,1999.60,1999.0,2000.0,0.6583
1256,123.170,691.360,-2,5,0,0,512.0,120,2000,1842.18,1827.0,1857.1,0.0000
1257,87.454,988.325,-3,7,0,0,766.4,120,2000,1346.30,1321.8,1372.0,0.0000
1258,276.469,-336.609,3,-2,0,0,297.0,120,2000,1998.01,1996.0,2000.0,0.1500
1259,188.934,925.371,-2,6,0,0,749.1,120,2000,1391.09,1367.0,1420.1,0.0000
1260,-331.472,805.150,-4,5,0,0,523.8,120,2000,1817.68,1802.0,1832.1,0.0000
1261,-438.672,387.564,-4,3,0,0,143.6,120,2000,1995.33,1993.0,1998.0,0.0000
1262,-107.456,-82.332,0,-1,0,0,94.9,120,2000,1999.90,1999.9,2000.0,0.9000
1263,246.752,-590.524,3,-4,0,0,275.4,120,2000,1997.58,1995.0,2000.0,0.1167
1264,-408.988,683.825,-5,5,0,0,415.4,120,2000,1919.67,1907.0,1932.0,0.0000
1265,-505.915,-451.288,-1,-3,0,0,97.0,120,2000,1999.71,1999.0,2000.0,0.7333
1266,269.868,483.320,0,3,0,0,445.9,120,2000,1916.69,1904.0,1928.1,0.0000
1267,362.294,709.826,0,5,0,0,669.9,120,2000,1602.52,1584.0,1621.0,0.0000
1268,217.761,735.994,-1,5,0,0,600.3,120,2000,1723.14,1707.0,1742.1,0.0000
1269,167.594,568.995,-1,4,0,0,436.1,120,2000,1915.89,1903.9,1928.1,0.0000
1270,47.842,488.953,-1,3,0,0,300.5,120,2000,1974.99,1969.0,1981.0,0.0000
1271,-315.005,342.870,-3,2,0,0,62.7,120,2000,1998.09,1996.0,2000.0,0.1750
1272,-872.559,-218.303,-4,-2,0,0,395.6,120,2000,1987.78,1983.0,1992.0,0.0000
1273,107.861,924.209,-2,6,0,0,714.1,120,2000,1476.27,1453.7,1498.1,0.0000
1274,-687.469,501.228,-5,3,0,0,379.1,120,2000,1945.59,1937.9,1954.0,0.0000
1275,579.743,563.950,1,4,0,0,744.0,120,2000,1470.31,1446.8,1492.0,0.0000
1276,-364.649,-641.443,0,-4,0,0,6.5,120,2000,1999.68,1999.0,2000.0,0.7250
1277,36.116,224.429,-1,2,0,1,103.1,120,2000,1997.82,1996.0,1999.1,0.1000
1278,-769.652,-520.107,-3,-3,0,0,369.5,120,2000,1993.79,1990.0,1997.0,0.0000
1279,-982.797,-232.858,-5,-2,0,0,506.1,120,2000,1960.79,1952.9,1969.0,0.0000
1280,-348.459,615.054,-4,4,0,0,336.8,120,2000,1958.95,1950.9,1967.0,0.0000
1281,106.356,-705.441,3,-5,0,0,138.7,120,2000,1999.09,1998.0,2000.0,0.4500
1282,243.084,1021.110,-2,7,0,0,859.0,120,2000,1088.78,1062.9,1120.0,0.0000
1283,-240.664,110.301,-2,1,0,0,170.7,120,2000,1999.80,1999.0,2000.0,0.8333
1284,273.797,1018.769,-2,7,0,0,871.2,120,2000,1057.04,1029.9,1086.2,0.0000
1285,-135.714,55.655,-1,0,0,0,123.9,120,2000,1999.83,1999.0,2000.0,0.8583
1286,271.899,418.330,0,3,0,0,407.3,120,2000,1943.58,1933.9,1952.0,0.0000
1287,578.502,527.383,2,3,0,0,723.8,120,2000,1525.58,1500.9,1550.0,0.0000
1288,-425.765,-20.442,-2,0,0,0,86.0,120,2000,1999.88,1999.0,2000.0,0.8917
1289,-1027.688,-399.625,-4,-3,0,0,590.3,120,2000,1932.07,1922.9,1943.1,0.0000
1290,-101.200,-426.557,1,-3,0,0,77.6,120,2000,1999.93,2000.0,2000.0,0.9333
1291,-498.769,752.753,-5,5,0,0,505.6,120,2000,1839.97,1826.0,1853.1,0.0000
1292,-1043.180,-268.897,-5,-2,0,0,573.4,120,2000,1930.22,1920.0,1940.1,0.0000
1293,38.231,903.017,-3,6,0,0,669.6,120,2000,1577.55,1552.0,1598.1,0.0000
1294,-912.802,-5.294,-5,0,0,0,394.7,120,2000,1974.17,1968.0,1980.0,0.0000
1295,74.850,-937.306,3,-6,0,0,114.6,120,2000,1997.61,1996.0,1999.0,0.0750
1296,-224.966,-136.051,-1,-1,0,0,210.6,120,2000,1999.89,1999.0,2000.0,0.8917
1297,-257.708,951.711,-5,7,0,1,667.5,120,2000,1579.73,1552.0,1602.0,0.0000
1298,-706.308,848.102,-7,6,0,0,675.6,120,2000,1564.44,1540.8,1591.0,0.0000
1299,-860.385,-137.709,-4,-1,0,0,364.1,120,2000,1989.24,1985.0,1993.0,0.0000
1300,-800.674,-21.693,-5,0,0,0,284.1,120,2000,1992.27,1988.0,1996.0,0.0000
1301,357.870,990.594,-1,6,0,0,890.0,120,2000,1005.12,976.0,1033.0,0.0000
1302,6.458,692.349,-2,4,0,0,461.1,120,2000,1889.33,1877.0,1902.0,0.0000
1303,-384.010,-528.973,0,-4,0,0,2.5,120,2000,1999.75,1999.0,2000.0,0.7750
1304,-90.592,-810.281,2,-5,0,0,54.8,120,2000,1999.63,1999.0,2000.0,0.6583
1305,699.840,675.081,2,4,0,0,905.3,120,2000,1007.28,979.0,1035.0,0.0000
1306,-86.685,-67.312,0,-1,0,0,74.6,120,2000,1999.92,2000.0,2000.0,0.9250
1307,-526.810,1035.328,-7,7,0,0,784.8,120,2000,1288.71,1263.9,1313.2,0.0000
1308,-639.611,298.016,-5,2,0,0,206.8,120,2000,1991.18,1987.0,1995.0,0.0000
1309,-665.252,205.947,-4,1,0,0,183.4,120,2000,1994.22,1991.0,1997.1,0.0000
1310,-700.094,174.762,-5,1,0,0,204.7,120,2000,1993.35,1990.0,1997.0,0.0000
1311,-908.265,361.875,-6,2,0,0,470.0,120,2000,1900.67,1888.9,1912.1,0.0000
1312,-129.533,836.262,-4,6,0,0,563.1,120,2000,1766.50,1748.9,1784.0,0.0000
1313,-381.544,1168.044,-6,8,0,0,889.8,120,2000,992.98,966.8,1023.1,0.0000
1314,56.973,-643.604,2,-4,0,0,87.4,120,2000,1999.66,1999.0,2000.0,0.7083
1315,-576.361,-175.076,-3,-1,0,0,97.8,120,2000,1999.67,1999.0,2000.0,0.7167
1316,-24.779,1118.963,-4,8,0,0,860.7,120,2000,1079.67,1054.9,1106.3,0.0000
1317,140.448,-645.863,3,-4,0,0,170.9,120,2000,1999.08,1998.0,2000.0,0.4000
1318,222.585,979.090,-2,7,0,0,812.2,120,2000,1224.35,1198.0,1251.0,0.0000
1319,-669.441,766.032,-6,5,0,0,585.9,120,2000,1734.03,1717.0,1754.1,0.0000
1320,236.838,1004.851,-2,7,0,0,841.7,120,2000,1141.92,1116.0,1169.1,0.0000
1321,33.863,-133.091,1,-1,0,0,48.0,120,2000,1999.88,1999.0,2000.0,0.8750
1322,-698.413,314.602,-5,2,0,0,264.7,120,2000,1983.81,1979.9,1988.0,0.0000
1323,302.966,554.458,0,4,0,0,517.9,120,2000,1850.36,1833.0,1865.0,0.0000
1324,21.263,218.583,-1,2,0,0,87.4,120,2000,1998.33,1996.0,2000.0,0.1833
1325,427.493,137.887,2,1,0,0,445.1,120,2000,1957.34,1947.0,1965.0,0.0000
1326,771.937,755.832,2,5,0,0,1010.4,120,2000,704.62,678.9,732.0,0.0000
1327,-292.057,391.900,-3,3,0,0,108.7,120,2000,1996.52,1994.0,1999.0,0.0250
1328,137.539,1066.684,-3,7,0,0,857.4,120,2000,1089.98,1059.9,1119.6,0.0000
1329,574.347,948.402,0,6,0,0,989.1,120,2000,740.59,712.9,764.1,0.0000
1330,-151.387,1093.234,-4,7,0,0,814.9,120,2000,1204.93,1174.9,1236.0,0.0000
1331,-101.952,884.087,-4,6,0,0,615.0,120,2000,1682.90,1662.0,1708.0,0.0000
1332,-474.555,960.935,-6,6,0,0,700.1,120,2000,1504.47,1475.0,1532.1,0.0000
1333,46.822,504.225,-1,3,0,0,312.7,120,2000,1970.88,1964.0,1979.0,0.0000
1334,545.579,872.584,0,6,0,0,914.1,120,2000,952.94,923.0,979.1,0.0000
1335,-477.140,-165.193,-2,-1,0,0,1.2,120,2000,1999.88,1999.0,2000.0,0.8833
1336,-156.296,-632.924,1,-4,0,0,126.1,120,2000,1999.86,1999.0,2000.0,0.8667
1337,-375.368,987.074,-6,7,0,0,709.2,120,2000,1480.17,1455.9,1501.0,0.0000
1338,467.531,408.284,1,3,0,0,569.0,120,2000,1818.98,1805.9,1834.0,0.0000
1339,462.785,408.568,1,3,0,0,564.9,120,2000,1826.83,1811.0,1844.1,0.0000
1340,316.329,37.100,2,0,0,0,325.5,120,2000,1990.93,1986.9,1995.0,0.0000
1341,-24.823,204.316,-1,1,0,0,41.5,120,2000,1998.97,1997.9,2000.0,0.4000
1342,-91.580,207.373,-1,1,0,0,7.1,120,2000,1999.28,1998.0,2000.0,0.4500
1343,-589.402,-158.453,-3,-1,0,0,106.4,120,2000,1999.54,1999.0,2000.0,0.6583
1344,-911.258,-11.830,-5,0,0,1,393.6,120,2000,1974.36,1968.0,1980.1,0.0000
1345,-119.754,-101.297,0,-1,0,0,106.5,120,2000,1999.91,2000.0,2000.0,0.9083
1346,-551.497,214.888,-4,1,0,0,87.2,120,2000,1998.17,1996.0,2000.0,0.1750
1347,-531.619,1099.842,-7,7,0,0,848.5,120,2000,1110.64,1087.0,1133.4,0.0000
1348,414.119,259.033,1,2,0,0,461.1,120,2000,1936.77,1927.0,1946.1,0.0000
1349,-118.921,-623.233,1,-4,0,0,89.1,120,2000,1999.88,1999.0,2000.0,0.8833
1350,706.101,704.685,2,5,0,0,927.1,120,2000,939.17,911.8,967.1,0.0000
1351,-212.107,580.277,-3,4,0,0,298.4,120,2000,1972.62,1965.0,1979.0,0.0000
1352,346.858,-215.438,3,-2,0,0,363.5,120,2000,1994.61,1992.0,1997.0,0.0000
1353,-270.591,195.388,-2,1,0,1,88.8,120,2000,1999.60,1999.0,2000.0,0.6750
1354,-439.089,511.952,-4,3,0,0,258.4,120,2000,1981.75,1976.0,1987.1,0.0000
1355,259.793,219.640,1,1,0,0,302.4,120,2000,1985.42,1980.9,1991.0,0.0000
1356,-870.974,214.468,-6,2,0,0,379.6,120,2000,1961.38,1953.9,1969.0,0.0000
1357,-414.481,1206.342,-6,8,0,0,931.6,120,2000,872.46,850.9,899.1,0.0000
1358,-55.533,-335.086,1,-2,0,0,34.9,120,2000,1999.91,2000.0,2000.0,0.9083
1359,-165.663,-63.531,-1,0,0,0,153.6,120,2000,1999.94,2000.0,2000.0,0.9500
1360,371.009,-73.044,2,0,0,0,383.1,120,2000,1989.10,1984.9,1993.1,0.0000
1361,-517.504,-529.602,-1,-4,0,0,127.3,120,2000,1999.45,1998.0,2000.0,0.5833
1362,-420.245,777.560,-5,5,0,0,509.4,120,2000,1837.12,1819.0,1856.0,0.0000
1363,160.692,-236.573,2,-2,0,0,178.1,120,2000,1999.48,1999.0,2000.0,0.5917
1364,576.350,397.053,2,3,0,0,662.4,120,2000,1685.57,1661.9,1708.1,0.0000
1365,-636.058,616.900,-6,4,0,0,440.5,120,2000,1906.28,1892.0,1918.1,0.0000
1366,565.475,881.718,0,6,0,0,934.5,120,2000,892.46,862.9,922.0,0.0000
1367,703.706,738.340,2,5,0,0,944.7,120,2000,885.23,851.0,916.0,0.0000
1368,581.660,536.003,1,4,0,0,730.9,120,2000,1511.32,1488.0,1531.1,0.0000
1369,-574.323,531.588,-5,4,0,0,335.4,120,2000,1962.42,1955.0,1969.1,0.0000
1370,361.253,169.140,2,1,0,0,385.8,120,2000,1973.62,1967.9,1979.0,0.0000
1371,-546.160,1179.688,-7,8,0,0,929.5,120,2000,880.49,854.0,906.0,0.0000
1372,7.947,533.826,-2,4,0,0,318.2,120,2000,1969.25,1961.0,1976.0,0.0000
1373,-658.404,455.192,-5,3,0,0,325.5,120,2000,1966.79,1959.9,1974.1,0.0000
1374,-515.567,92.230,-3,0,0,0,4.4,120,2000,1999.38,1998.0,2000.0,0.5583
1375,261.329,465.986,0,3,0,0,428.2,120,2000,1928.38,1919.0,1938.1,0.0000
1376,-591.988,755.128,-6,5,0,0,541.5,120,2000,1798.82,1779.0,1817.1,0.0000
1377,-614.243,-53.400,-4,0,0,0,104.9,120,2000,1999.24,1998.0,2000.0,0.4833
1378,-354.156,855.538,-5,6,0,0,576.2,120,2000,1744.41,1724.8,1763.3,0.0000
1379,-433.957,545.703,-4,3,0,0,288.7,120,2000,1974.92,1968.9,1981.0,0.0000
1380,-312.134,-563.043,0,-4,0,0,63.7,120,2000,1999.75,1999.0,2000.0,0.7917
1381,-481.935,1057.949,-6,7,0,0,796.5,120,2000,1257.21,1228.9,1281.2,0.0000
1382,-206.548,-716.470,1,-5,0,0,142.5,120,2000,1999.69,1999.0,2000.0,0.7750
1383,456.594,788.239,0,5,0,0,791.6,120,2000,1301.44,1275.0,1330.0,0.0000
1384,-121.444,857.066,-4,6,0,0,585.0,120,2000,1732.18,1715.9,1749.1,0.0000
1385,-268.963,393.817,-3,3,0,0,109.6,120,2000,1996.67,1994.9,1999.0,0.0250
1386,-335.672,805.852,-4,5,0,0,524.9,120,2000,1817.28,1800.0,1832.1,0.0000
1387,687.694,161.962,3,1,0,0,706.0,120,2000,1691.23,1671.9,1711.1,0.0000
1388,274.490,4.055,2,0,0,0,284.1,120,2000,1995.52,1993.0,1998.0,0.0000
1389,-1057.235,-328.173,-5,-2,0,0,601.5,120,2000,1916.61,1907.0,1926.0,0.0000
1390,-441.461,-86.552,-2,-1,0,0,54.6,120,2000,1999.89,1999.0,2000.0,0.8917
1391,-361.948,-389.770,-1,-2,0,0,57.7,120,2000,1999.88,1999.0,2000.0,0.8917
1392,386.532,572.764,0,4,0,0,592.8,120,2000,1759.92,1739.9,1778.0,0.0000
1393,-952.711,-137.333,-5,-1,0,0,453.6,120,2000,1969.17,1962.0,1977.0,0.0000
1394,-539.268,687.132,-5,4,0,0,458.1,120,2000,1887.96,1874.9,1901.0,0.0000
1395,-434.741,-5.799,-3,0,0,0,80.7,120,2000,1999.84,1999.0,2000.0,0.8583
1396,-594.258,1171.786,-7,8,0,0,934.3,120,2000,865.74,841.8,890.0,0.0000
1397,215.729,-503.219,3,-3,0,0,241.6,120,2000,1998.73,1997.0,2000.0,0.2750
1398,379.545,-269.090,3,-2,0,1,397.9,120,2000,1992.48,1989.0,1996.0,0.0000
1399,-984.092,-346.018,-5,-2,0,0,535.0,120,2000,1957.43,1951.0,1965.1,0.0000
1400,373.704,113.067,2,1,0,0,388.3,120,2000,1977.09,1972.0,1983.0,0.0000
1401,-999.340,-405.271,-4,-3,0,0,564.2,120,2000,1947.84,1940.0,1956.0,0.0000
1402,-514.413,-2.554,-3,0,0,0,2.6,120,2000,1999.72,1999.0,2000.0,0.7750
1403,181.719,799.382,-1,5,0,0,634.8,120,2000,1657.33,1637.9,1677.1,0.0000
1404,-280.998,251.793,-3,2,0,0,31.8,120,2000,1999.33,1998.0,2000.0,0.5000
1405,453.404,606.078,1,4,0,0,665.6,120,2000,1630.43,1606.9,1652.0,0.0000
1406,19.245,465.758,-1,3,0,0,265.4,120,2000,1982.47,1978.0,1987.0,0.0000
1407,-81.691,-233.251,0,-1,0,0,64.3,120,2000,1999.95,2000.0,2000.0,0.9500
1408,-491.001,449.147,-4,3,0,0,222.3,120,2000,1988.01,1983.0,1992.0,0.0000
1409,-466.526,996.942,-6,7,0,0,733.6,120,2000,1420.97,1396.8,1448.1,0.0000
1410,-26.113,14.263,0,0,0,0,16.6,120,2000,1999.74,1999.0,2000.0,0.7750
1411,-734.823,111.978,-5,1,0,0,223.0,120,2000,1993.78,1990.0,1997.0,0.0083
1412,-322.705,672.814,-4,4,0,0,391.2,120,2000,1935.13,1925.9,1944.1,0.0000
1413,-79.875,823.348,-3,5,0,0,560.2,120,2000,1772.96,1754.0,1792.0,0.0000
1414,-702.115,335.967,-5,2,0,0,279.8,120,2000,1981.04,1976.0,1986.0,0.0000
1415,-299.144,-726.181,1,-5,0,0,49.7,120,2000,1999.68,1999.0,2000.0,0.7167
1416,610.101,397.672,2,3,0,0,693.7,120,2000,1626.92,1604.9,1650.1,0.0000
1417,-18.895,1014.519,-4,7,0,0,760.3,120,2000,1357.53,1335.0,1381.0,0.0000
1418,-601.489,899.007,-6,6,0,0,677.9,120,2000,1555.72,1529.0,1579.0,0.0000
1419,12.627,-945.282,3,-6,0,0,52.7,120,2000,1998.42,1997.0,2000.0,0.2000
1420,-643.102,-511.567,-2,-3,0,0,244.7,120,2000,1998.43,1997.0,2000.0,0.2417
1421,3.549,-378.050,1,-2,0,0,25.5,120,2000,1999.89,1999.9,2000.0,0.9000
1422,71.356,109.712,0,1,0,0,90.0,120,2000,1998.95,1998.0,2000.0,0.3000
1423,-506.962,641.784,-5,4,0,0,403.9,120,2000,1927.54,1916.0,1939.0,0.0000
1424,-613.962,-343.979,-3,-2,0,0,175.5,120,2000,1999.44,1998.0,2000.0,0.5833
1425,-39.055,630.792,-2,4,0,1,387.2,120,2000,1939.26,1929.0,1950.0,0.0000
1426,421.475,-427.393,4,-3,0,0,444.8,120,2000,1987.64,1982.0,1992.0,0.0000
1427,-787.434,444.771,-6,3,0,0,413.3,120,2000,1931.41,1922.0,1942.0,0.0000
1428,381.491,178.560,2,1,0,0,407.6,120,2000,1966.40,1960.0,1973.0,0.0000
1429,-450.948,-181.926,-2,-1,0,0,22.1,120,2000,1999.91,2000.0,2000.0,0.9083
1430,288.663,-82.077,2,-1,0,0,301.1,120,2000,1996.18,1994.0,1999.0,0.0333
1431,-50.889,-297.106,1,-2,0,0,31.5,120,2000,1999.95,2000.0,2000.0,0.9500
1432,-166.732,275.498,-2,2,0,0,9.8,120,2000,1999.12,1998.0,2000.0,0.4333
1433,179.225,-170.953,2,-1,0,0,194.5,120,2000,1999.28,1998.0,2000.0,0.4667
1434,-151.683,1241.701,-5,8,0,0,962.6,120,2000,788.66,763.0,820.0,0.0000
1435,244.377,915.625,-2,6,0,0,766.8,120,2000,1349.96,1324.8,1374.0,0.0000
1436,371.211,306.681,1,2,0,0,438.2,120,2000,1941.41,1933.0,1951.0,0.0000
1437,56.800,208.864,0,1,0,0,112.7,120,2000,1997.88,1996.0,2000.0,0.1250
1438,-765.169,344.521,-5,2,0,1,337.1,120,2000,1968.03,1961.9,1975.0,0.0000
1439,-655.605,-301.266,-3,-2,0,1,205.5,120,2000,1999.12,1998.0,2000.0,0.4167
1440,-948.014,-237.176,-5,-1,0,0,473.4,120,2000,1973.03,1965.9,1980.0,0.0000
1441,-138.115,-521.934,1,-4,0,0,111.5,120,2000,1999.88,1999.0,2000.0,0.8750
1442,-19.585,490.036,-2,3,0,0,266.6,120,2000,1981.30,1975.0,1986.1,0.0000
1443,-619.504,398.643,-5,3,0,0,257.6,120,2000,1983.00,1978.0,1988.0,0.0000
1444,621.478,411.683,2,3,0,0,709.6,120,2000,1592.19,1569.9,1615.0,0.0000
1445,-126.946,626.533,-3,4,0,0,357.8,120,2000,1952.23,1943.0,1962.0,0.0000
1446,-98.317,-157.908,0,-1,0,0,83.3,120,2000,1999.91,2000.0,2000.0,0.9083
1447,-622.129,-489.831,-2,-3,0,0,219.1,120,2000,1998.79,1997.0,2000.0,0.3000
1448,274.343,42.323,2,0,0,0,283.6,120,2000,1994.74,1992.0,1998.0,0.0000
1449,54.765,-627.195,2,-4,0,0,84.7,120,2000,1999.53,1999.0,2000.0,0.6167
1450,175.609,697.577,-1,4,0,0,545.0,120,2000,1802.06,1783.8,1818.2,0.0000
1451,168.889,409.399,-1,3,0,0,321.2,120,2000,1973.03,1964.9,1979.0,0.0000
1452,132.446,-412.454,2,-3,0,0,155.5,120,2000,1999.57,1999.0,2000.0,0.6750
1453,-904.209,-337.653,-4,-2,0,1,455.5,120,2000,1981.63,1975.9,1987.1,0.0000
1454,311.644,1023.806,-2,7,0,0,894.1,120,2000,991.52,963.8,1018.2,0.0000
1455,-805.686,-357.441,-4,-2,0,0,364.7,120,2000,1993.83,1991.0,1997.0,0.0000
1456,-7.299,-622.719,2,-4,0,0,22.5,120,2000,1999.74,1999.0,2000.0,0.7667
1457,-589.974,653.303,-5,4,0,0,449.0,120,2000,1897.84,1886.9,1909.1,0.0000
1458,-686.912,-496.921,-2,-3,0,0,283.6,120,2000,1997.43,1995.0,1999.0,0.0833
1459,-824.334,-19.916,-5,0,0,0,307.5,120,2000,1990.37,1986.9,1994.0,0.0000
1460,-237.568,171.811,-2,1,0,0,110.0,120,2000,1999.76,1999.0,2000.0,0.7833
1461,-316.462,-419.048,0,-3,0,0,94.6,120,2000,1999.89,1999.0,2000.0,0.8917
1462,-219.259,159.886,-2,1,0,0,116.9,120,2000,1999.75,1999.0,2000.0,0.7750
1463,206.023,429.011,0,3,0,0,362.1,120,2000,1960.64,1953.0,1968.1,0.0000
1464,-980.924,-98.450,-5,-1,0,0,473.2,120,2000,1956.72,1950.0,1965.0,0.0000
1465,-64.042,812.668,-3,5,0,0,553.5,120,2000,1782.97,1765.0,1801.1,0.0000
1466,505.772,852.621,0,6,0,0,872.2,120,2000,1072.67,1048.9,1099.1,0.0000
1467,-768.194,-162.723,-4,-1,0,0,280.8,120,2000,1996.08,1994.0,1998.1,0.0250
1468,162.673,-655.482,3,-4,0,0,193.4,120,2000,1998.89,1998.0,2000.0,0.2917
1469,206.531,945.115,-2,6,0,0,774.7,120,2000,1326.52,1296.9,1350.0,0.0000
1470,91.547,632.183,-1,4,0,0,445.0,120,2000,1906.13,1896.0,1916.1,0.0000
1471,234.921,339.779,0,2,0,0,332.7,120,2000,1973.83,1967.0,1980.0,0.0000
1472,-113.780,770.794,-3,5,0,0,501.6,120,2000,1845.98,1833.0,1861.1,0.0000
1473,278.539,-170.881,2,-1,0,0,293.8,120,2000,1997.38,1995.0,1999.0,0.0250
1474,-547.590,-10.878,-3,0,0,0,31.5,120,2000,1999.50,1998.0,2000.0,0.6083
1475,-558.270,366.399,-4,2,0,0,192.5,120,2000,1991.42,1988.0,1995.0,0.0000
1476,-274.802,36.837,-2,0,0,0,241.8,120,2000,1999.89,1999.0,2000.0,0.8917
1477,558.167,95.295,3,1,0,0,569.9,120,2000,1893.00,1880.0,1904.1,0.0000
1478,-442.021,56.717,-3,1,0,0,74.9,120,2000,1999.77,1999.0,2000.0,0.7917
1479,19.038,-838.943,3,-6,0,0,55.7,120,2000,1999.44,1998.0,2000.0,0.5833
1480,343.414,1027.483,-2,7,0,0,913.5,120,2000,938.47,904.9,967.1,0.0000
1481,456.746,164.389,2,1,0,0,478.4,120,2000,1939.78,1930.0,1948.1,0.0000
1482,-723.364,-44.414,-4,0,0,0,210.3,120,2000,1996.96,1995.0,1999.0,0.0333
1483,-760.252,649.531,-6,4,0,0,539.3,120,2000,1807.47,1791.9,1822.1,0.0000
1484,-575.751,1178.622,-7,8,0,0,935.9,120,2000,862.78,835.0,888.0,0.0000
1485,-171.070,190.961,-1,1,0,0,68.5,120,2000,1999.68,1999.0,2000.0,0.7333
1486,-349.435,641.153,-4,4,0,0,362.8,120,2000,1948.89,1938.9,1958.0,0.0000
1487,102.054,1135.698,-3,7,0,0,910.4,120,2000,937.48,913.8,960.1,0.0000
1488,-439.720,160.491,-3,1,0,0,35.7,120,2000,1999.52,1999.0,2000.0,0.6083
1489,722.103,572.217,2,4,0,0,870.8,120,2000,1130.90,1101.9,1158.1,0.0000
1490,-264.847,1135.397,-5,7,0,0,851.1,120,2000,1105.35,1075.0,1132.1,0.0000
1491,631.224,374.155,2,3,0,1,704.5,120,2000,1612.78,1591.9,1637.1,0.0000
1492,-320.017,213.395,-2,1,0,0,62.6,120,2000,1999.58,1999.0,2000.0,0.6500
1493,305.080,546.782,0,4,0,0,514.3,120,2000,1857.62,1845.0,1871.0,0.0000
1494,-603.666,-273.735,-2,-2,0,0,148.4,120,2000,1999.58,1999.0,2000.0,0.6500
1495,149.774,-795.207,3,-5,0,0,185.0,120,2000,1998.29,1997.0,2000.0,0.1667
1496,376.683,779.000,0,5,0,0,731.2,120,2000,1457.33,1431.9,1482.2,0.0000
1497,-602.948,-202.830,-3,-1,0,0,130.4,120,2000,1999.62,1999.0,2000.0,0.7000
1498,769.547,695.303,2,5,0,1,974.6,120,2000,811.95,786.0,838.0,0.0000
1499,298.739,480.516,0,3,0,0,466.4,120,2000,1903.72,1892.0,1915.0,0.0000
1500,-661.489,957.754,-7,6,0,0,755.0,120,2000,1371.97,1343.7,1400.0,0.0000
1501,300.608,-203.840,2,-1,0,0,316.9,120,2000,1997.08,1994.9,1999.0,0.0500
1502,121.138,518.613,-1,3,0,0,367.8,120,2000,1953.62,1942.9,1963.1,0.0000
1503,-36.995,-901.954,3,-6,0,0,1.8,120,2000,1999.07,1998.0,2000.0,0.4250
1504,207.812,516.419,0,3,0,0,423.2,120,2000,1926.89,1918.0,1939.0,0.0000
1505,-353.289,441.482,-4,3,0,0,166.8,120,2000,1993.21,1990.0,1996.0,0.0000
1506,89.519,-684.575,3,-5,0,1,121.2,120,2000,1999.45,1998.9,2000.0,0.5667
1507,413.617,106.414,2,1,0,0,427.1,120,2000,1967.91,1961.0,1974.1,0.0000
1508,-566.953,-331.587,-2,-2,0,0,126.9,120,2000,1999.67,1999.0,2000.0,0.7250
1509,423.756,919.072,-1,6,0,1,869.7,120,2000,1069.72,1038.0,1100.3,0.0000
1510,-635.282,153.676,-4,1,0,0,136.6,120,2000,1997.05,1995.0,1999.0,0.0333
1511,123.527,-631.413,3,-4,0,1,153.5,120,2000,1999.16,1998.0,2000.0,0.3750
1512,15.316,-854.404,3,-6,0,0,52.5,120,2000,1999.04,1998.0,2000.0,0.3333
1513,-348.118,-135.501,-2,-1,0,0,133.2,120,2000,1999.95,2000.0,2000.0,0.9500
1514,-1033.275,-302.308,-5,-2,0,0,572.0,120,2000,1934.78,1926.0,1944.0,0.0000
1515,-0.770,-255.828,1,-2,0,0,17.3,120,2000,1999.94,2000.0,2000.0,0.9417
1516,-458.306,-651.137,-1,-4,0,0,99.6,120,2000,1999.24,1998.0,2000.0,0.4833
1517,-59.684,-787.625,2,-5,0,0,24.6,120,2000,1999.62,1999.0,2000.0,0.6917
1518,-204.389,-588.919,1,-4,0,0,161.9,120,2000,1999.83,1999.0,2000.0,0.8417
1519,-642.795,363.093,-5,2,0,0,249.9,120,2000,1986.17,1981.0,1991.0,0.0000
1520,110.160,-312.581,2,-2,0,0,130.0,120,2000,1999.73,1999.0,2000.0,0.7583
1521,-212.735,904.740,-4,6,0,0,622.0,120,2000,1668.70,1647.9,1693.1,0.0000
1522,353.291,-375.981,3,-2,0,0,375.0,120,2000,1994.49,1991.0,1998.0,0.0000
1523,-148.606,1296.988,-5,9,0,0,1018.0,120,2000,645.23,623.8,666.1,0.0000
1524,-338.195,-25.794,-2,0,0,0,169.6,120,2000,1999.91,2000.0,2000.0,0.9083
1525,-382.444,126.287,-3,1,0,0,101.9,120,2000,1999.76,1999.0,2000.0,0.8083
1526,25.205,-733.267,3,-5,0,0,58.5,120,2000,1999.64,1999.0,2000.0,0.6917
1527,326.288,335.756,1,2,0,0,410.2,120,2000,1950.48,1940.0,1960.0,0.0000
1528,5.605,1277.848,-4,8,0,0,1022.4,120,2000,629.14,601.7,654.1,0.0000
1529,-488.498,1226.409,-7,8,0,0,963.0,120,2000,787.76,760.9,818.0,0.0000
1530,-171.240,229.381,-2,2,0,0,34.4,120,2000,1999.43,1998.0,2000.0,0.5750
1531,-564.978,255.651,-4,2,0,0,121.6,120,2000,1996.99,1994.0,1999.0,0.0750
1532,-511.815,-450.099,-1,-3,0,0,102.4,120,2000,1999.72,1999.0,2000.0,0.7500
1533,201.572,-383.737,3,-3,0,0,223.6,120,2000,1999.12,1998.0,2000.0,0.4250
1534,-703.795,-214.306,-3,-2,0,0,231.0,120,2000,1998.48,1997.0,2000.0,0.1917
1535,119.595,950.838,-2,6,0,0,743.2,120,2000,1408.33,1381.9,1430.2,0.0000
1536,420.504,-192.253,3,-1,0,0,436.3,120,2000,1986.32,1982.0,1991.0,0.0000
1537,-865.019,-175.383,-4,-1,0,0,377.8,120,2000,1988.27,1984.0,1992.0,0.0000
1538,-213.078,108.503,-2,1,0,0,160.8,120,2000,1999.83,1999.0,2000.0,0.8333
1539,-997.936,-399.009,-4,-3,0,0,561.3,120,2000,1948.95,1941.0,1958.1,0.0000
1540,598.480,441.935,2,3,0,0,701.2,120,2000,1598.28,1575.9,1621.1,0.0000
1541,504.807,-188.278,3,-1,0,0,520.5,120,2000,1966.04,1959.0,1973.0,0.0000
1542,178.337,714.960,-1,5,0,0,561.0,120,2000,1780.65,1762.9,1798.0,0.0000
1543,441.721,8.465,3,0,0,0,451.2,120,2000,1969.63,1963.0,1976.0,0.0000
1544,-303.202,1017.774,-5,7,0,0,734.3,120,2000,1421.58,1397.8,1446.1,0.0000
1545,-493.666,1265.098,-7,8,0,1,1002.0,120,2000,683.60,655.0,708.0,0.0000
1546,317.439,344.722,1,2,0,0,406.6,120,2000,1951.86,1943.0,1962.0,0.0000
1547,456.413,894.194,0,6,0,0,870.7,120,2000,1070.42,1038.9,1095.1,0.0000
1548,-10.887,984.289,-3,6,0,0,733.0,120,2000,1431.09,1409.8,1456.0,0.0000
1549,-822.819,8.226,-5,0,0,0,304.2,120,2000,1989.40,1984.0,1993.0,0.0000
1550,-151.628,1217.719,-5,8,0,0,938.8,120,2000,855.03,825.8,883.0,0.0000
1551,-26.872,396.746,-2,3,0,0,182.4,120,2000,1992.85,1989.0,1997.0,0.0000
1552,-376.448,-195.637,-2,-1,0,0,91.0,120,2000,1999.96,2000.0,2000.0,0.9583
1553,450.140,81.170,2,1,0,0,461.1,120,2000,1958.63,1951.9,1966.0,0.0000
1554,139.851,949.140,-2,6,0,0,749.6,120,2000,1387.03,1360.8,1414.0,0.0000
1555,-444.219,50.795,-3,0,0,0,73.5,120,2000,1999.79,1999.0,2000.0,0.8083
1556,-469.400,555.305,-5,4,0,0,309.7,120,2000,1969.43,1962.9,1976.0,0.0000
1557,-460.561,1262.572,-7,8,0,0,993.9,120,2000,707.43,685.0,730.0,0.0000
1558,-536.423,1077.116,-7,7,0,0,827.7,120,2000,1168.22,1132.0,1199.1,0.0000
1559,35.189,-815.744,3,-5,0,0,71.1,120,2000,1999.42,1998.0,2000.0,0.5833
1560,638.622,121.661,3,1,0,0,652.5,120,2000,1790.17,1774.0,1805.0,0.0000
1561,218.666,-124.687,2,-1,0,0,232.5,120,2000,1998.72,1997.0,2000.0,0.2750
1562,59.237,990.310,-3,7,0,0,759.0,120,2000,1366.89,1339.0,1396.0,0.0000
1563,-64.636,462.310,-2,3,0,0,221.8,120,2000,1988.20,1984.0,1992.0,0.0000
1564,-230.892,-275.315,0,-2,0,0,212.1,120,2000,1999.95,2000.0,2000.0,0.9500
1565,-490.357,-67.938,-3,0,0,1,11.7,120,2000,1999.80,1999.0,2000.0,0.8083
1566,-556.314,1247.746,-7,8,0,0,998.0,120,2000,692.44,667.0,720.1,0.0000
1567,-281.493,401.019,-3,3,0,0,117.2,120,2000,1996.00,1993.9,1998.0,0.0250
1568,-362.858,-335.709,-1,-2,0,0,70.0,120,2000,1999.96,2000.0,2000.0,0.9583
1569,-581.313,276.058,-4,2,0,0,147.0,120,2000,1995.85,1993.0,1998.0,0.0167
1570,270.081,-161.203,2,-1,0,0,285.0,120,2000,1997.81,1996.0,2000.0,0.1167
1571,-923.759,-397.552,-4,-3,0,0,489.0,120,2000,1975.42,1969.0,1981.0,0.0000
1572,-21.163,136.296,-1,1,0,0,10.5,120,2000,1999.47,1998.0,2000.0,0.6083
1573,224.096,1039.733,-2,7,0,0,867.2,120,2000,1067.31,1040.0,1096.0,0.0000
1574,616.771,157.597,3,1,0,0,635.2,120,2000,1801.92,1783.0,1818.2,0.0000
1575,-659.839,735.579,-6,5,0,0,554.6,120,2000,1781.13,1763.9,1799.0,0.0000
1576,-2.762,604.812,-2,4,0,0,377.1,120,2000,1945.33,1936.0,1955.0,0.0000
1577,-212.389,1025.993,-5,7,0,0,743.1,120,2000,1400.12,1378.9,1423.1,0.0000
1578,-726.367,530.164,-6,4,0,0,426.7,120,2000,1918.95,1909.9,1930.0,0.0000
1579,-345.950,843.075,-5,6,0,0,562.9,120,2000,1766.49,1745.0,1787.1,0.0000
1580,-502.466,-72.343,-3,0,0,0,1.4,120,2000,1999.78,1999.0,2000.0,0.8000
1581,-140.285,71.008,-1,0,0,0,124.3,120,2000,1999.88,1999.0,2000.0,0.8833
1582,-592.270,-601.818,-1,-4,0,0,217.4,120,2000,1998.47,1997.0,2000.0,0.2167
1583,337.880,-63.608,2,0,0,0,349.7,120,2000,1992.57,1988.9,1996.0,0.0000
1584,97.103,756.958,-2,5,0,0,557.4,120,2000,1782.51,1763.0,1802.1,0.0000
1585,-238.320,680.783,-4,5,0,0,397.0,120,2000,1932.17,1922.8,1943.1,0.0000
1586,475.147,221.503,2,1,0,0,508.8,120,2000,1912.28,1901.0,1925.1,0.0000
1587,-487.552,-338.706,-2,-2,0,0,51.7,120,2000,1999.81,1999.0,2000.0,0.8250
1588,137.687,-716.968,3,-5,0,0,170.4,120,2000,1998.58,1997.0,2000.0,0.2417
1589,-117.662,-670.353,2,-5,0,0,86.3,120,2000,1999.70,1999.0,2000.0,0.7333
1590,-861.306,304.910,-6,2,0,0,402.8,120,2000,1946.14,1938.0,1954.1,0.0000
1591,-882.629,235.191,-6,2,0,0,397.0,120,2000,1952.26,1942.9,1961.1,0.0000
1592,240.738,156.436,1,1,0,1,265.6,120,2000,1992.03,1989.0,1995.0,0.0000
1593,799.008,836.273,2,5,0,0,1079.7,120,2000,520.73,498.9,545.0,0.0000
1594,-505.314,451.180,-4,3,0,0,231.0,120,2000,1986.54,1982.0,1991.0,0.0000
1595,285.791,422.503,0,3,0,0,421.0,120,2000,1937.39,1928.0,1947.0,0.0000
1596,83.087,1003.618,-3,7,0,0,779.3,120,2000,1313.95,1288.0,1343.1,0.0000
1597,-208.157,-646.614,1,-4,0,0,146.0,120,2000,1999.74,1999.0,2000.0,0.7750
1598,-189.517,626.074,-3,4,0,0,346.4,120,2000,1957.15,1949.0,1965.0,0.0000
1599,170.563,221.623,0,2,0,0,220.3,120,2000,1993.30,1990.0,1996.1,0.0000
1600,-328.413,-269.358,-1,-2,0,0,119.6,120,2000,1999.95,2000.0,2000.0,0.9500
1601,-249.048,695.688,-4,5,0,0,411.6,120,2000,1922.66,1911.0,1934.1,0.0000
1602,-582.137,467.726,-5,3,0,0,286.7,120,2000,1977.06,1971.0,1984.0,0.0000
1603,251.797,349.304,0,2,0,0,352.1,120,2000,1968.67,1961.0,1977.0,0.0000
1604,-502.169,386.460,-4,2,0,1,174.3,120,2000,1992.95,1989.0,1996.0,0.0000
1605,-389.989,-631.113,0,-4,0,0,28.4,120,2000,1999.61,1999.0,2000.0,0.6750
1606,-801.715,351.710,-6,2,0,0,372.0,120,2000,1955.72,1945.0,1963.1,0.0000
1607,-128.996,826.253,-4,6,0,0,553.3,120,2000,1782.10,1763.0,1799.1,0.0000
1608,-687.942,424.094,-5,3,0,0,324.3,120,2000,1968.01,1961.0,1975.0,0.0000
1609,304.304,-183.249,2,-1,0,0,319.9,120,2000,1996.55,1994.0,1999.0,0.0250
1610,855.516,753.100,2,5,0,0,1078.2,120,2000,535.44,511.0,562.0,0.0000
1611,-537.102,839.566,-6,6,0,0,600.1,120,2000,1708.22,1690.9,1730.0,0.0000
1612,620.776,425.505,2,3,0,0,714.5,120,2000,1576.32,1553.0,1598.1,0.0000
1613,98.479,-12.082,1,0,0,0,108.7,120,2000,1999.42,1998.0,2000.0,0.5833
1614,84.783,-408.306,2,-3,0,0,107.7,120,2000,1999.76,1999.0,2000.0,0.8083
1615,-1067.925,-288.275,-5,-2,0,0,602.2,120,2000,1910.86,1897.9,1922.1,0.0000
1616,543.689,111.167,3,1,0,0,556.9,120,2000,1898.17,1884.9,1910.1,0.0000
1617,51.332,-77.181,1,-1,0,0,63.7,120,2000,1999.78,1999.0,2000.0,0.8000
1618,-316.728,1.176,-2,0,0,0,197.0,120,2000,1999.91,2000.0,2000.0,0.9083
1619,586.189,564.475,1,4,0,0,749.7,120,2000,1453.40,1431.0,1476.2,0.0000
1620,560.867,139.221,3,1,0,0,577.3,120,2000,1874.74,1862.0,1886.0,0.0000
1621,-154.670,-609.802,1,-4,0,0,125.2,120,2000,1999.87,1999.0,2000.0,0.8833
1622,559.134,402.258,2,3,0,0,648.8,120,2000,1704.88,1685.6,1724.1,0.0000
1623,-637.455,647.505,-6,4,0,0,467.3,120,2000,1883.48,1870.0,1898.0,0.0000
1624,-688.210,175.084,-4,1,0,1,193.6,120,2000,1994.22,1991.0,1997.0,0.0000
1625,-379.710,1003.909,-6,7,0,0,726.5,120,2000,1440.51,1418.0,1468.0,0.0000
1626,19.466,-614.823,2,-4,0,0,49.0,120,2000,1999.71,1999.0,2000.0,0.7583
1627,-59.858,840.360,-3,6,0,0,581.4,120,2000,1738.91,1722.8,1757.1,0.0000
1628,489.851,945.389,0,6,0,0,931.5,120,2000,895.16,869.9,923.1,0.0000
1629,-812.579,205.750,-5,1,0,0,321.3,120,2000,1978.30,1971.9,1984.1,0.0000
1630,-528.760,-278.716,-2,-2,0,0,77.0,120,2000,1999.80,1999.0,2000.0,0.8000
1631,-602.353,-147.092,-3,-1,0,1,116.2,120,2000,1999.56,1999.0,2000.0,0.6083
1632,11.331,-169.589,1,-1,0,0,26.7,120,2000,1999.89,1999.0,2000.0,0.8917
1633,497.621,163.940,2,1,0,1,518.5,120,2000,1915.37,1904.9,1927.0,0.0000
1634,-604.803,-589.706,-1,-4,0,0,226.6,120,2000,1998.47,1997.0,2000.0,0.2500
1635,-167.345,1307.858,-5,9,0,0,1027.2,120,2000,620.74,596.9,641.1,0.0000
1636,-263.776,67.207,-2,1,0,0,217.1,120,2000,1999.83,1999.0,2000.0,0.8333
1637,263.563,119.033,1,1,0,0,280.3,120,2000,1991.94,1988.0,1996.0,0.0000
1638,-379.722,-544.848,0,-4,0,0,2.6,120,2000,1999.77,1999.0,2000.0,0.7667
1639,627.315,414.551,2,3,0,0,716.1,120,2000,1573.41,1551.0,1596.1,0.0000
1640,-955.169,-515.584,-4,-3,0,0,548.3,120,2000,1957.25,1948.9,1965.0,0.0000
1641,365.783,-27.568,2,0,0,0,376.4,120,2000,1988.88,1984.0,1994.0,0.0000
1642,-519.287,-425.222,-1,-3,0,0,103.6,120,2000,1999.67,1999.0,2000.0,0.7083
1643,293.447,-41.473,2,0,0,0,304.5,120,2000,1994.68,1991.0,1997.0,0.0083
1644,-459.144,533.542,-4,3,0,0,285.7,120,2000,1975.19,1969.0,1981.0,0.0000
1645,-685.402,127.614,-4,1,0,0,177.7,120,2000,1996.40,1994.0,1999.0,0.0417
1646,-24.396,656.054,-2,4,0,0,416.0,120,2000,1922.81,1913.9,1933.0,0.0000
1647,-405.040,749.596,-5,5,0,0,479.0,120,2000,1869.06,1855.0,1883.0,0.0000
1648,-756.258,472.783,-6,3,0,0,407.6,120,2000,1932.66,1923.9,1941.1,0.0000
1649,-350.815,574.531,-4,4,0,0,297.1,120,2000,1971.63,1964.0,1979.0,0.0000
1650,82.978,-735.348,3,-5,0,0,116.3,120,2000,1999.36,1998.0,2000.0,0.4917
1651,-820.101,211.227,-5,1,0,0,330.1,120,2000,1975.64,1969.0,1982.0,0.0000
1652,339.949,-433.936,3,-3,0,0,363.5,120,2000,1995.45,1992.0,1998.0,0.0083
1653,609.866,619.818,2,4,0,0,799.8,120,2000,1313.19,1284.9,1340.2,0.0000
1654,145.130,-655.554,3,-4,0,0,175.9,120,2000,1998.96,1998.0,2000.0,0.3417
1655,-575.501,53.559,-3,0,0,0,57.5,120,2000,1999.30,1998.0,2000.0,0.5250
1656,411.008,303.734,1,2,0,0,473.8,120,2000,1921.76,1910.0,1934.0,0.0000
1657,-914.008,-492.970,-4,-3,0,0,502.9,120,2000,1973.82,1968.0,1979.0,0.0000
1658,196.559,1097.076,-2,7,0,0,907.9,120,2000,945.16,909.9,972.2,0.0000
1659,-948.802,-479.661,-4,-3,0,0,533.4,120,2000,1963.06,1954.9,1970.0,0.0000
1660,70.868,-106.968,1,-1,0,0,84.2,120,2000,1999.72,1999.0,2000.0,0.7583
1661,-545.067,547.101,-5,4,0,0,334.2,120,2000,1961.86,1955.0,1969.0,0.0000
1662,-815.986,-445.070,-3,-3,0,0,396.1,120,2000,1991.49,1988.0,1995.0,0.0000
1663,-758.808,568.136,-6,4,0,0,476.6,120,2000,1879.83,1865.0,1892.0,0.0000
1664,-58.456,1277.100,-5,9,0,0,1009.7,120,2000,666.66,641.9,691.1,0.0000
1665,-431.446,-1.029,-2,0,0,0,84.8,120,2000,1999.83,1999.0,2000.0,0.8417
1666,-452.943,761.436,-5,5,0,0,501.1,120,2000,1846.35,1831.9,1864.1,0.0000
1667,-159.549,-516.386,1,-4,0,0,133.1,120,2000,1999.81,1999.0,2000.0,0.8333
1668,-246.796,711.653,-4,5,0,0,427.6,120,2000,1912.25,1902.9,1922.1,0.0000
1669,550.462,67.550,3,0,0,0,560.5,120,2000,1905.12,1894.0,1916.1,0.0000
1670,-150.734,-386.320,0,-2,0,0,128.4,120,2000,1999.97,2000.0,2000.0,0.9750
1671,521.472,269.985,2,2,0,0,566.6,120,2000,1851.62,1837.9,1865.0,0.0000
1672,-631.573,-293.717,-3,-2,0,0,180.3,120,2000,1999.32,1998.0,2000.0,0.5000
1673,311.535,-318.343,3,-2,0,0,331.4,120,2000,1996.98,1995.0,1999.0,0.0500
1674,-859.093,106.528,-5,1,0,0,345.1,120,2000,1977.90,1972.0,1984.1,0.0000
1675,-561.682,-38.879,-3,0,0,0,50.4,120,2000,1999.62,1999.0,2000.0,0.7333
1676,-421.948,1201.383,-6,8,0,0,927.7,120,2000,886.33,864.0,909.0,0.0000
1677,-47.760,935.911,-3,6,0,0,677.1,120,2000,1559.22,1539.0,1579.1,0.0000
1678,-594.111,78.431,-4,1,0,0,78.8,120,2000,1998.71,1997.0,2000.0,0.2750
1679,-8.814,-745.045,2,-5,0,0,24.9,120,2000,1999.58,1999.0,2000.0,0.6667
1680,-479.538,-227.229,-2,-2,0,0,16.7,120,2000,1999.91,2000.0,2000.0,0.9083
1681,-272.989,463.560,-3,3,0,0,179.4,120,2000,1992.33,1988.0,1996.0,0.0000
1682,-615.510,472.462,-5,3,0,0,310.6,120,2000,1970.47,1964.0,1976.1,0.0000
1683,-54.658,966.516,-3,6,0,0,705.3,120,2000,1494.14,1473.0,1513.2,0.0000
1684,-207.168,860.553,-4,6,0,0,578.2,120,2000,1742.00,1718.9,1761.0,0.0000
1685,190.934,380.977,0,2,0,0,320.1,120,2000,1974.12,1967.0,1981.0,0.0000
1686,-88.467,-696.239,2,-5,0,0,56.3,120,2000,1999.75,1999.0,2000.0,0.7667
1687,239.252,304.328,0,2,0,0,318.6,120,2000,1978.89,1972.0,1985.0,0.0000
1688,161.936,350.019,0,2,0,0,278.3,120,2000,1983.84,1977.0,1990.0,0.0000
1689,-274.556,-749.578,1,-5,0,0,73.5,120,2000,1999.52,1998.9,2000.0,0.6250
1690,399.916,-99.288,3,-1,0,0,412.8,120,2000,1985.88,1981.0,1990.1,0.0000
1691,232.159,-641.477,3,-4,0,0,262.4,120,2000,1997.92,1996.0,2000.0,0.1250
1692,360.153,72.765,2,0,0,0,370.8,120,2000,1983.24,1976.9,1989.0,0.0000
1693,-891.290,-213.604,-5,-1,0,0,412.6,120,2000,1985.24,1980.9,1990.1,0.0000
1694,98.513,-612.784,3,-4,0,0,127.9,120,2000,1999.42,1998.0,2000.0,0.5583
1695,-370.555,-224.530,-1,-2,0,0,89.7,120,2000,1999.93,2000.0,2000.0,0.9333
1696,588.730,881.538,0,6,0,0,950.7,120,2000,847.46,816.9,873.3,0.0000
1697,314.560,-390.145,3,-3,0,0,336.8,120,2000,1996.53,1994.0,1999.0,0.0250
1698,-532.038,642.945,-5,4,0,0,414.6,120,2000,1921.57,1912.0,1931.0,0.0000
1699,-46.549,742.343,-3,5,0,0,490.5,120,2000,1858.88,1844.0,1873.0,0.0000
1700,-712.780,631.047,-6,4,0,0,495.7,120,2000,1855.85,1840.9,1871.0,0.0000
1701,-263.017,768.184,-4,5,0,0,483.9,120,2000,1863.63,1850.0,1879.0,0.0000
1702,369.161,824.604,-1,6,0,0,761.6,120,2000,1377.09,1351.9,1402.2,0.0000
1703,-888.252,-418.338,-4,-3,0,0,459.7,120,2000,1983.17,1978.0,1987.1,0.0000
1704,-478.953,-197.625,-2,-1,0,1,8.9,120,2000,1999.95,2000.0,2000.0,0.9500
1705,-229.523,218.473,-2,1,0,0,62.7,120,2000,1999.56,1999.0,2000.0,0.6250
1706,-605.180,-379.200,-2,-3,0,0,175.6,120,2000,1999.47,1998.9,2000.0,0.6083
1707,571.834,374.157,2,3,0,0,649.3,120,2000,1712.42,1695.8,1731.1,0.0000
1708,-56.678,149.288,-1,1,0,0,15.4,120,2000,1999.55,1999.0,2000.0,0.6500
1709,57.269,992.290,-3,7,0,0,760.2,120,2000,1360.25,1336.0,1391.1,0.0000
1710,-648.343,439.137,-5,3,0,0,306.9,120,2000,1972.69,1967.0,1979.1,0.0000
1711,122.010,983.873,-3,7,0,0,774.7,120,2000,1325.16,1299.9,1350.1,0.0000
1712,-458.078,-352.705,-2,-2,0,0,26.5,120,2000,1999.92,2000.0,2000.0,0.9333
1713,-25.167,-388.946,1,-3,0,1,2.9,120,2000,1999.88,1999.0,2000.0,0.8917
1714,-539.950,1009.844,-7,7,0,0,763.6,120,2000,1344.33,1316.9,1371.0,0.0000
1715,-606.232,418.001,-5,3,0,0,262.9,120,2000,1982.86,1977.0,1988.0,0.0000
1716,335.583,41.253,2,0,0,0,344.8,120,2000,1988.71,1984.9,1993.0,0.0000
1717,511.312,321.511,2,2,0,0,573.7,120,2000,1833.81,1818.8,1852.0,0.0000
1718,-797.204,-404.695,-3,-3,0,0,368.1,120,2000,1994.08,1991.9,1997.0,0.0000
1719,-182.995,879.065,-4,6,0,0,598.6,120,2000,1712.11,1690.7,1735.1,0.0000
1720,589.232,911.408,0,6,0,0,972.3,120,2000,783.48,755.9,806.0,0.0000
1721,-866.659,-363.298,-4,-2,0,0,425.3,120,2000,1987.38,1982.0,1991.0,0.0000
1722,-100.869,1317.266,-5,9,0,0,1043.3,120,2000,585.06,559.0,611.0,0.0000
1723,-103.492,766.174,-3,5,0,0,499.2,120,2000,1849.40,1836.0,1863.0,0.0000
1724,-483.975,118.037,-3,1,0,0,17.8,120,2000,1999.55,1999.0,2000.0,0.6083
1725,-88.640,475.824,-2,3,0,0,224.8,120,2000,1988.22,1983.0,1993.0,0.0000
1726,-831.055,-267.819,-4,-2,0,0,367.5,120,2000,1992.28,1988.0,1996.0,0.0000
1727,-391.380,1187.663,-6,8,0,0,910.4,120,2000,935.00,904.0,966.0,0.0000
1728,-805.253,193.701,-5,1,0,0,310.7,120,2000,1980.80,1975.0,1986.1,0.0000
1729,196.390,-224.180,2,-2,0,0,213.4,120,2000,1999.08,1998.0,2000.0,0.3667
1730,-29.434,168.257,-1,1,0,0,17.7,120,2000,1999.27,1998.0,2000.0,0.4083
1731,-153.341,1377.839,-5,9,0,0,1098.1,120,2000,456.54,436.0,475.1,0.0000
1732,322.051,340.954,1,2,0,0,408.9,120,2000,1951.37,1944.0,1959.0,0.0000
1733,-806.980,126.475,-5,1,0,0,296.6,120,2000,1985.97,1981.0,1991.0,0.0000
1734,361.234,-1.716,2,0,0,0,371.0,120,2000,1987.68,1983.0,1992.0,0.0000
1735,557.834,68.295,3,0,0,1,567.9,120,2000,1901.69,1888.9,1915.0,0.0000
1736,-284.245,95.530,-2,1,0,0,185.7,120,2000,1999.87,1999.0,2000.0,0.8833
1737,-533.395,976.888,-6,6,0,0,730.2,120,2000,1430.92,1401.0,1461.0,0.0000
1738,-881.866,-151.341,-5,-1,0,0,388.3,120,2000,1985.41,1981.0,1990.0,0.0000
1739,-176.254,91.533,-1,0,0,0,147.3,120,2000,1999.81,1999.0,2000.0,0.8083
1740,173.299,620.782,-1,4,0,1,480.6,120,2000,1878.78,1866.9,1893.0,0.0000
1741,-236.224,558.108,-3,4,0,1,274.6,120,2000,1977.84,1971.0,1983.0,0.0000
1742,-701.599,902.472,-7,6,0,0,721.7,120,2000,1456.92,1432.8,1481.1,0.0000
1743,224.682,656.989,-1,4,0,0,540.6,120,2000,1814.85,1799.8,1830.1,0.0000
1744,-568.317,1170.288,-7,8,0,0,925.9,120,2000,890.08,862.9,922.0,0.0000
1745,-816.099,-50.363,-5,0,0,0,302.8,120,2000,1991.77,1988.0,1995.0,0.0000
1746,212.711,794.058,-1,5,0,0,646.2,120,2000,1636.33,1617.0,1656.0,0.0000
1747,-48.331,109.735,-1,1,0,0,24.7,120,2000,1999.55,1999.0,2000.0,0.6333
1748,-721.896,-287.675,-3,-2,0,0,266.5,120,2000,1998.04,1996.0,2000.0,0.1500
1749,681.783,592.279,2,4,0,0,845.8,120,2000,1197.43,1168.0,1223.0,0.0000
1750,50.679,70.140,0,0,0,0,62.4,120,2000,1999.26,1998.0,2000.0,0.5000
1751,-159.318,-232.970,0,-2,0,0,141.9,120,2000,1999.96,2000.0,2000.0,0.9583
1752,353.402,105.035,2,1,0,0,367.1,120,2000,1981.31,1976.0,1987.0,0.0000
1753,-31.393,-949.595,3,-6,0,0,8.9,120,2000,1998.71,1997.0,2000.0,0.2750
1754,37.089,-762.625,3,-5,0,0,71.3,120,2000,1999.51,1999.0,2000.0,0.5917
1755,-805.358,516.034,-6,3,0,0,473.0,120,2000,1883.53,1870.9,1898.0,0.0000
1756,-490.900,-389.316,-1,-3,0,0,67.3,120,2000,1999.83,1999.0,2000.0,0.8417
1757,-182.014,352.113,-2,2,0,0,78.1,120,2000,1997.67,1996.0,1999.0,0.0583
1758,-424.503,-504.411,-1,-3,0,1,31.0,120,2000,1999.75,1999.0,2000.0,0.7750
1759,529.860,918.486,0,6,0,0,937.1,120,2000,886.07,862.9,912.3,0.0000
1760,255.526,-310.525,2,-2,0,0,275.2,120,2000,1998.53,1997.0,2000.0,0.2750
1761,228.231,514.037,0,3,0,0,435.9,120,2000,1919.83,1908.9,1930.0,0.0000
1762,-832.547,83.869,-5,1,0,0,316.2,120,2000,1984.33,1980.0,1988.1,0.0000
1763,-630.275,1035.069,-7,7,0,0,815.4,120,2000,1205.05,1177.7,1234.1,0.0000
1764,-224.472,858.554,-4,6,0,0,575.2,120,2000,1749.80,1730.7,1767.0,0.0000
1765,-589.189,557.603,-5,4,0,0,365.4,120,2000,1949.31,1941.0,1959.0,0.0000
1766,-167.934,1038.490,-4,7,0,0,758.8,120,2000,1360.74,1333.9,1388.1,0.0000
1767,-82.533,12.551,0,0,0,0,73.0,120,2000,1999.81,1999.0,2000.0,0.8250
1768,295.785,36.915,2,0,0,0,305.0,120,2000,1993.08,1989.9,1996.0,0.0000
1769,-28.456,70.633,0,0,0,0,15.7,120,2000,1999.76,1999.0,2000.0,0.8000
1770,424.719,640.807,0,4,0,0,666.1,120,2000,1622.65,1602.9,1641.0,0.0000
1771,-352.655,-378.853,-1,-2,0,0,69.4,120,2000,1999.94,2000.0,2000.0,0.9417
1772,-756.692,-143.908,-4,-1,0,0,265.1,120,2000,1996.72,1994.0,1999.0,0.0250
1773,-41.199,766.565,-3,5,0,0,515.2,120,2000,1834.44,1819.9,1851.1,0.0000
1774,-258.983,238.528,-2,1,0,0,45.7,120,2000,1999.53,1999.0,2000.0,0.6250
1775,-627.949,442.248,-5,3,0,0,295.4,120,2000,1976.08,1969.0,1982.0,0.0000
1776,302.206,437.708,0,3,0,0,443.2,120,2000,1923.13,1912.9,1934.1,0.0000
1777,-589.659,23.707,-3,0,0,0,70.7,120,2000,1999.17,1998.0,2000.0,0.4500
1778,123.644,-196.556,1,-1,0,1,139.8,120,2000,1999.65,1999.0,2000.0,0.7000
1779,-450.403,-33.251,-3,0,0,0,58.9,120,2000,1999.81,1999.0,2000.0,0.8250
1780,163.212,-579.893,3,-4,0,0,191.5,120,2000,1999.04,1998.0,2000.0,0.4083
1781,-418.847,273.298,-3,2,0,0,34.0,120,2000,1998.66,1997.0,2000.0,0.2250
1782,-822.856,46.042,-5,0,0,0,304.1,120,2000,1988.22,1984.0,1992.0,0.0000
1783,-13.692,300.595,-1,2,0,0,114.2,120,2000,1997.33,1995.0,1999.1,0.1000
1784,-940.919,-374.096,-4,-3,0,1,500.0,120,2000,1971.78,1965.9,1978.0,0.0000
1785,398.376,559.512,0,4,0,0,593.5,120,2000,1758.80,1741.9,1781.1,0.0000
1786,-200.302,739.582,-4,5,0,0,458.2,120,2000,1888.48,1874.9,1902.0,0.0000
1787,528.370,792.625,1,5,0,0,845.3,120,2000,1153.71,1124.0,1181.0,0.0000
1788,-320.796,512.516,-3,3,0,0,231.6,120,2000,1985.97,1981.0,1990.0,0.0000
1789,304.423,483.161,0,3,0,0,472.5,120,2000,1899.54,1887.9,1911.1,0.0000
1790,296.077,204.027,1,1,0,0,331.8,120,2000,1982.08,1977.0,1986.1,0.0000
1791,371.924,840.977,-1,6,0,0,776.2,120,2000,1336.70,1311.9,1364.0,0.0000
1792,400.686,132.555,2,1,0,0,417.8,120,2000,1968.05,1959.9,1974.1,0.0000
1793,-1032.711,-197.662,-5,-1,0,0,545.9,120,2000,1935.53,1927.0,1945.1,0.0000
1794,2.468,1193.301,-4,8,0,0,939.2,120,2000,856.98,832.9,882.1,0.0000
1795,-475.326,-432.225,-1,-3,0,0,62.6,120,2000,1999.79,1999.0,2000.0,0.8250
1796,-991.210,-115.026,-5,-1,0,0,486.4,120,2000,1952.49,1944.0,1962.0,0.0000
1797,368.626,-499.230,4,-3,0,0,394.3,120,2000,1992.47,1988.0,1996.0,0.0000
1798,-182.328,293.974,-2,2,0,0,22.0,120,2000,1998.97,1998.0,2000.0,0.3167
1799,-630.859,321.519,-5,2,0,0,214.0,120,2000,1990.08,1986.0,1994.0,0.0000
1800,-53.178,-8.710,0,0,0,0,43.0,120,2000,1999.81,1999.0,2000.0,0.8167
1801,317.756,-238.885,3,-2,0,0,335.1,120,2000,1996.38,1993.9,1999.0,0.0417
1802,28.225,-827.882,3,-6,0,0,64.5,120,2000,1999.42,1998.0,2000.0,0.5750
1803,448.433,-116.497,3,-1,0,0,461.8,120,2000,1977.84,1972.9,1982.0,0.0000
1804,-392.386,-240.311,-1,-2,0,1,64.7,120,2000,1999.89,1999.0,2000.0,0.8917
1805,-715.999,463.497,-6,3,0,0,371.8,120,2000,1950.85,1942.0,1960.0,0.0000
1806,31.162,75.368,0,0,0,0,43.9,120,2000,1999.28,1998.0,2000.0,0.4750
1807,438.416,223.288,2,1,0,0,473.8,120,2000,1933.78,1921.9,1945.0,0.0000
1808,230.435,-491.030,3,-3,0,0,255.9,120,2000,1998.60,1997.0,2000.0,0.2667
1809,-469.133,705.276,-5,5,0,0,451.4,120,2000,1893.07,1881.9,1907.1,0.0000
1810,290.703,-192.600,2,-1,0,0,306.6,120,2000,1996.94,1994.0,1999.0,0.0417
1811,211.109,144.987,1,1,0,0,234.1,120,2000,1994.42,1991.0,1997.0,0.0250
1812,-102.738,-344.762,0,-2,0,0,81.8,120,2000,1999.96,2000.0,2000.0,0.9583
1813,-6.478,-61.635,0,0,0,0,5.5,120,2000,1999.85,1999.0,2000.0,0.8667
1814,-633.400,980.533,-7,7,0,0,765.5,120,2000,1342.50,1317.7,1370.0,0.0000
1815,89.510,776.943,-2,5,0,0,572.1,120,2000,1763.06,1746.9,1780.1,0.0000
1816,-643.002,-280.427,-3,-2,0,0,188.2,120,2000,1999.23,1998.0,2000.0,0.4667
1817,-93.130,-330.353,0,-2,0,0,72.6,120,2000,1999.94,2000.0,2000.0,0.9417
1818,-63.619,-218.595,0,-1,0,0,46.7,120,2000,1999.94,2000.0,2000.0,0.9417
1819,31.392,750.241,-2,5,0,0,524.2,120,2000,1822.80,1804.8,1838.1,0.0000
1820,-417.674,-403.426,-1,-3,0,0,1.0,120,2000,1999.87,1999.0,2000.0,0.8667
1821,-640.337,-78.954,-3,-1,0,0,136.4,120,2000,1998.97,1998.0,2000.0,0.3583
1822,377.410,360.514,1,2,0,0,467.0,120,2000,1918.61,1907.0,1930.0,0.0000
1823,-213.682,303.044,-2,2,0,0,23.4,120,2000,1999.08,1998.0,2000.0,0.3750
1824,76.873,-608.940,2,-4,0,0,106.2,120,2000,1999.49,1999.0,2000.0,0.6083
1825,-364.779,-21.486,-2,0,0,0,144.8,120,2000,1999.92,2000.0,2000.0,0.9250
1826,-295.936,-392.479,0,-3,0,0,121.0,120,2000,1999.97,2000.0,2000.0,0.9750
1827,46.945,542.302,-2,4,0,0,344.9,120,2000,1959.80,1952.0,1969.1,0.0000
1828,664.875,809.460,1,5,0,0,958.1,120,2000,836.52,812.8,864.3,0.0000
1829,225.380,-521.923,3,-3,0,0,251.8,120,2000,1998.59,1997.0,2000.0,0.2250
1830,-297.556,74.111,-2,1,0,0,199.0,120,2000,1999.88,1999.0,2000.0,0.8917
1831,332.599,932.573,-1,6,0,0,827.6,120,2000,1188.82,1160.9,1215.2,0.0000
1832,-205.440,85.352,-2,1,0,0,173.9,120,2000,1999.88,1999.0,2000.0,0.8833
1833,266.701,83.925,1,1,0,0,278.6,120,2000,1992.98,1989.9,1996.0,0.0000
1834,-882.644,-386.850,-4,-2,0,0,446.6,120,2000,1984.58,1980.0,1989.0,0.0000
1835,489.484,72.624,3,0,0,0,499.9,120,2000,1944.00,1935.0,1953.0,0.0000
1836,-536.033,-29.871,-3,0,0,0,23.4,120,2000,1999.62,1999.0,2000.0,0.6833
1837,-842.589,-275.010,-4,-2,0,0,380.4,120,2000,1991.11,1988.0,1994.0,0.0000
1838,-1080.336,-353.398,-5,-2,0,1,630.1,120,2000,1897.33,1882.9,1909.1,0.0000
1839,-299.288,288.482,-3,2,0,0,6.7,120,2000,1999.07,1998.0,2000.0,0.3250
1840,-456.050,-24.917,-3,0,0,0,55.5,120,2000,1999.88,1999.0,2000.0,0.8833
1841,-807.844,533.412,-6,3,0,0,486.6,120,2000,1870.59,1857.0,1884.1,0.0000
1842,156.514,746.275,-2,5,0,0,576.3,120,2000,1756.31,1737.0,1774.3,0.0000
1843,-440.672,-187.805,-2,-1,0,0,30.6,120,2000,1999.90,1999.9,2000.0,0.9000
1844,-2.437,654.950,-2,4,0,0,423.2,120,2000,1916.29,1905.0,1926.0,0.0000
1845,-83.566,951.651,-3,6,0,0,684.9,120,2000,1539.24,1514.9,1562.0,0.0000
1846,-424.142,-550.057,0,-4,0,0,41.8,120,2000,1999.62,1999.0,2000.0,0.7000
1847,363.709,261.114,1,2,0,0,414.2,120,2000,1955.37,1946.0,1964.0,0.0000
1848,-351.087,1219.596,-6,8,0,0,938.5,120,2000,857.29,832.0,882.1,0.0000
1849,-19.457,-13.612,0,0,0,0,9.1,120,2000,1999.79,1999.0,2000.0,0.8083
1850,-384.130,-18.265,-2,0,0,0,126.9,120,2000,1999.85,1999.0,2000.0,0.8500
1851,177.513,562.917,-1,4,0,0,437.7,120,2000,1915.80,1904.9,1927.0,0.0000
1852,-337.902,823.318,-5,6,0,0,542.5,120,2000,1794.88,1781.0,1810.1,0.0000
1853,-557.391,381.641,-5,3,0,1,203.5,120,2000,1990.48,1987.0,1994.0,0.0000
1854,-643.687,663.862,-6,4,0,0,484.5,120,2000,1868.53,1853.0,1884.1,0.0000
1855,-327.705,852.464,-5,6,0,0,570.6,120,2000,1756.46,1736.0,1776.0,0.0000
1856,-1010.096,-247.284,-5,-2,0,0,536.1,120,2000,1948.97,1940.0,1956.0,0.0000
1857,-249.794,199.378,-2,1,0,0,84.3,120,2000,1999.66,1999.0,2000.0,0.7000
1858,-268.927,-259.117,-1,-2,0,0,179.8,120,2000,1999.94,2000.0,2000.0,0.9500
1859,137.507,-630.421,3,-4,0,0,167.5,120,2000,1999.18,1998.0,2000.0,0.4333
1860,-561.707,587.618,-5,4,0,0,377.7,120,2000,1944.06,1935.9,1954.0,0.0000
1861,-354.143,418.154,-4,3,0,0,144.2,120,2000,1994.72,1992.0,1998.0,0.0083
1862,-653.258,773.277,-6,5,0,0,584.7,120,2000,1735.88,1717.9,1753.1,0.0000
1863,74.176,-325.712,1,-2,0,0,94.4,120,2000,1999.82,1999.0,2000.0,0.8250
1864,-635.667,366.877,-5,2,0,0,247.1,120,2000,1986.58,1982.0,1991.0,0.0000
1865,-684.373,669.575,-6,4,0,0,510.9,120,2000,1840.12,1824.0,1857.0,0.0000
1866,-212.661,1113.785,-5,7,0,0,830.7,120,2000,1161.10,1125.0,1189.0,0.0000
1867,294.264,407.861,0,3,0,0,419.6,120,2000,1938.72,1928.9,1948.1,0.0000
1868,-427.681,854.692,-5,6,0,0,586.5,120,2000,1730.05,1705.0,1747.2,0.0000
1869,-950.936,-433.316,-4,-3,0,0,524.1,120,2000,1965.95,1957.9,1974.0,0.0000
1870,226.256,480.053,0,3,0,0,411.1,120,2000,1937.03,1927.9,1947.0,0.0000
1871,-573.699,1157.719,-7,8,0,0,915.2,120,2000,919.91,891.8,947.0,0.0000
1872,-481.884,679.696,-5,5,0,0,430.9,120,2000,1908.63,1899.0,1919.0,0.0000
1873,-72.654,-804.296,2,-5,0,0,37.1,120,2000,1999.67,1999.0,2000.0,0.7250
1874,-659.018,137.358,-4,1,0,0,154.5,120,2000,1996.89,1994.0,1999.0,0.0500
1875,-700.787,595.005,-6,4,0,0,459.7,120,2000,1889.24,1875.0,1902.0,0.0000
1876,640.649,484.126,2,3,0,0,757.6,120,2000,1460.70,1432.9,1486.4,0.0000
1877,-231.717,165.557,-2,1,0,0,114.9,120,2000,1999.84,1999.0,2000.0,0.8500
1878,563.555,-32.784,3,0,0,0,574.2,120,2000,1919.83,1908.0,1931.0,0.0000
1879,171.942,616.458,-1,4,0,0,476.4,120,2000,1884.95,1871.9,1897.0,0.0000
1880,575.792,197.511,3,1,0,0,601.6,120,2000,1833.80,1819.0,1847.1,0.0000
1881,196.197,-676.887,3,-4,0,0,227.6,120,2000,1998.41,1997.0,2000.0,0.1917
1882,-330.661,651.410,-4,4,0,0,370.7,120,2000,1944.87,1935.0,1954.0,0.0000
1883,-263.940,80.030,-2,1,0,0,204.2,120,2000,1999.83,1999.0,2000.0,0.8250
1884,-2.146,-184.502,0,-1,0,0,13.7,120,2000,1999.86,1999.0,2000.0,0.8667
1885,375.015,-487.612,4,-3,0,0,400.3,120,2000,1992.75,1989.0,1996.0,0.0000
1886,-931.801,303.312,-6,2,0,0,466.8,120,2000,1908.22,1896.9,1920.0,0.0000
1887,372.736,-176.607,3,-1,0,0,388.1,120,2000,1991.89,1987.9,1996.0,0.0000
1888,611.858,153.423,3,1,0,0,629.7,120,2000,1811.96,1794.0,1831.0,0.0000
1889,541.223,804.686,1,5,0,0,862.9,120,2000,1106.91,1081.7,1134.1,0.0000
1890,-524.975,694.533,-5,4,0,1,459.6,120,2000,1887.62,1873.9,1901.1,0.0000
1891,422.840,892.785,-1,6,0,0,848.4,120,2000,1136.83,1108.9,1165.0,0.0000
1892,-534.241,734.050,-6,5,0,0,499.8,120,2000,1847.62,1834.6,1860.1,0.0000
1893,244.242,46.188,1,0,0,0,253.6,120,2000,1996.03,1994.0,1998.0,0.0167
1894,-285.901,986.643,-5,7,0,0,702.6,120,2000,1498.00,1472.9,1524.2,0.0000
1895,-987.779,-514.097,-4,-3,0,0,579.6,120,2000,1943.92,1933.0,1954.0,0.0000
1896,346.641,-117.946,3,-1,0,0,360.1,120,2000,1992.77,1988.0,1996.0,0.0000
1897,-176.663,232.975,-2,2,0,0,33.3,120,2000,1999.56,1999.0,2000.0,0.6500
1898,-1060.466,-344.781,-5,-2,0,0,608.7,120,2000,1915.28,1901.9,1926.1,0.0000
1899,341.945,754.252,-1,5,0,0,689.9,120,2000,1553.39,1532.8,1578.2,0.0000
1900,-838.786,-432.640,-3,-3,0,0,415.2,120,2000,1988.85,1985.0,1993.0,0.0000
1901,33.070,-901.596,3,-6,0,0,71.7,120,2000,1998.64,1997.0,2000.0,0.2833
1902,-217.191,-612.923,1,-4,0,0,143.6,120,2000,1999.84,1999.0,2000.0,0.8583
1903,-1.870,157.158,-1,1,0,0,36.7,120,2000,1999.27,1998.0,2000.0,0.4833
1904,332.138,-211.682,3,-2,0,0,348.6,120,2000,1995.82,1993.0,1998.0,0.0250
1905,157.100,388.944,0,2,0,0,298.9,120,2000,1979.12,1973.0,1985.0,0.0000
1906,-628.099,-502.595,-2,-3,0,1,228.0,120,2000,1998.74,1997.0,2000.0,0.2250
1907,-109.361,1203.997,-5,8,0,0,929.9,120,2000,881.62,855.9,909.0,0.0000
1908,717.078,700.054,2,5,0,0,933.5,120,2000,924.40,890.9,957.0,0.0000
1909,-479.325,134.343,-3,1,0,1,15.4,120,2000,1999.59,1999.0,2000.0,0.6667
1910,-432.859,832.384,-5,5,0,0,565.7,120,2000,1762.08,1742.9,1779.0,0.0000
1911,-258.826,-39.717,-1,0,0,0,243.1,120,2000,1999.92,2000.0,2000.0,0.9333
1912,-908.320,-56.276,-5,0,0,0,395.0,120,2000,1977.86,1971.0,1984.0,0.0000
1913,-601.699,-254.470,-2,-2,0,0,141.8,120,2000,1999.55,1998.9,2000.0,0.6583
1914,674.610,578.035,2,4,0,0,832.3,120,2000,1236.21,1207.8,1266.0,0.0000
1915,243.965,-327.925,2,-2,0,0,264.2,120,2000,1998.72,1997.0,2000.0,0.2667
1916,-735.648,662.233,-6,4,0,0,534.3,120,2000,1814.44,1797.0,1833.1,0.0000
1917,97.952,-496.610,2,-3,0,0,123.7,120,2000,1999.61,1999.0,2000.0,0.6667
1918,-389.481,-593.365,0,-4,0,0,18.7,120,2000,1999.66,1999.0,2000.0,0.7000
1919,-117.408,-81.907,0,-1,0,0,104.8,120,2000,1999.92,2000.0,2000.0,0.9333
1920,-434.115,979.218,-6,7,0,0,710.0,120,2000,1481.10,1458.0,1505.0,0.0000
1921,-216.946,-479.907,0,-3,0,0,176.3,120,2000,1999.83,1999.0,2000.0,0.8333
1922,198.114,688.961,-1,5,0,0,550.5,120,2000,1797.58,1780.9,1816.1,0.0000
1923,116.948,346.464,0,2,0,0,240.8,120,2000,1988.72,1984.0,1993.0,0.0000
1924,168.778,111.802,0,1,0,0,185.7,120,2000,1997.27,1995.0,1999.0,0.0833
1925,-789.150,-247.985,-4,-2,0,0,322.0,120,2000,1995.78,1993.0,1998.0,0.0083
1926,360.222,374.875,1,2,0,0,458.6,120,2000,1921.38,1910.0,1932.1,0.0000
1927,72.258,165.490,0,1,0,0,107.9,120,2000,1998.25,1996.0,2000.0,0.1917
1928,-984.131,-141.706,-5,-1,0,1,485.2,120,2000,1958.08,1950.0,1966.0,0.0000
1929,568.235,885.689,0,6,0,0,939.2,120,2000,878.88,846.8,910.0,0.0000
1930,259.175,-177.810,2,-1,0,0,274.6,120,2000,1998.02,1996.0,2000.0,0.1417
1931,-34.448,907.306,-3,6,0,0,652.6,120,2000,1612.75,1587.9,1634.2,0.0000
1932,-977.785,-170.532,-5,-1,0,0,486.0,120,2000,1960.00,1951.0,1968.0,0.0000
1933,-423.334,-329.389,-1,-2,0,0,12.9,120,2000,1999.93,2000.0,2000.0,0.9333
1934,-334.601,-216.660,-1,-2,0,0,126.5,120,2000,1999.97,2000.0,2000.0,0.9667
1935,-379.230,-194.731,-2,-1,0,0,88.5,120,2000,1999.92,2000.0,2000.0,0.9250
1936,-25.417,-804.216,2,-5,0,0,10.2,120,2000,1999.66,1999.0,2000.0,0.6917
1937,-161.526,933.281,-4,6,0,0,654.8,120,2000,1602.50,1582.0,1625.0,0.0000
1938,348.191,-447.947,4,-3,0,0,372.2,120,2000,1994.32,1992.0,1997.0,0.0000
1939,-341.060,-33.624,-2,0,0,0,164.9,120,2000,1999.89,1999.0,2000.0,0.8917
1940,-56.202,-281.349,1,-2,0,0,37.3,120,2000,1999.97,2000.0,2000.0,0.9667
1941,215.490,641.454,-1,4,0,0,522.7,120,2000,1838.09,1821.9,1853.2,0.0000
1942,532.397,606.468,1,4,0,0,728.6,120,2000,1492.89,1467.9,1518.0,0.0000
1943,-434.503,875.323,-6,6,0,0,608.0,120,2000,1693.77,1675.8,1713.0,0.0000
1944,-313.248,90.064,-2,1,0,0,176.8,120,2000,1999.81,1999.0,2000.0,0.8167
1945,-385.404,1252.554,-6,8,0,0,974.3,120,2000,755.83,733.8,780.1,0.0000
1946,76.302,980.169,-3,7,0,0,755.0,120,2000,1372.09,1343.9,1396.0,0.0000
1947,-234.377,-300.365,0,-2,0,0,203.2,120,2000,1999.94,2000.0,2000.0,0.9417
1948,152.209,-564.539,3,-4,0,0,180.1,120,2000,1999.33,1998.0,2000.0,0.4917
1949,-939.648,277.002,-6,2,0,0,464.6,120,2000,1912.74,1901.0,1926.1,0.0000
1950,164.238,-2.907,1,0,0,0,174.2,120,2000,1998.58,1997.0,2000.0,0.2667
1951,-317.794,-27.757,-2,0,0,0,188.9,120,2000,1999.92,2000.0,2000.0,0.9333
1952,202.444,419.817,0,3,0,0,353.4,120,2000,1964.72,1957.9,1971.0,0.0000
1953,684.851,761.048,1,5,0,0,943.3,120,2000,884.24,859.0,911.1,0.0000
1954,-74.971,411.291,-2,3,0,0,171.3,120,2000,1993.26,1990.0,1997.0,0.0000
1955,-172.231,-648.540,1,-4,0,0,141.5,120,2000,1999.81,1999.0,2000.0,0.8333
1956,-284.221,131.678,-2,1,0,0,150.6,120,2000,1999.80,1999.0,2000.0,0.8167
1957,36.440,398.129,-1,3,0,0,220.8,120,2000,1989.84,1986.0,1994.0,0.0000
1958,-647.223,350.660,-5,2,0,0,245.1,120,2000,1986.23,1981.0,1991.0,0.0000
1959,-472.561,-199.558,-2,-1,0,0,3.2,120,2000,1999.92,2000.0,2000.0,0.9417
1960,594.852,113.729,3,1,0,0,608.1,120,2000,1852.03,1833.0,1866.0,0.0000
1961,-288.149,962.016,-5,6,0,0,678.1,120,2000,1553.97,1531.0,1574.4,0.0000
1962,320.137,192.644,1,1,0,0,351.7,120,2000,1979.03,1973.9,1984.0,0.0000
1963,-257.291,-476.053,0,-3,0,0,138.1,120,2000,1999.88,1999.0,2000.0,0.8750
1964,542.639,291.131,2,2,0,0,593.2,120,2000,1818.31,1802.0,1833.1,0.0000
1965,-703.625,268.555,-5,2,0,0,245.5,120,2000,1987.65,1984.0,1991.1,0.0000
1966,668.625,689.885,1,5,0,0,888.0,120,2000,1056.21,1031.0,1082.1,0.0000
1967,-342.328,1188.581,-6,8,0,0,906.9,120,2000,945.92,919.0,978.1,0.0000
1968,-70.278,156.786,-1,1,0,0,23.0,120,2000,1999.53,1999.0,2000.0,0.6500
1969,-33.418,951.045,-3,6,0,0,695.2,120,2000,1521.66,1496.0,1548.1,0.0000
1970,-31.255,105.588,-1,1,0,0,10.0,120,2000,1999.62,1999.0,2000.0,0.6833
1971,-649.140,-148.909,-3,-1,0,0,162.0,120,2000,1999.19,1998.0,2000.0,0.4833
1972,587.635,901.900,0,6,0,0,964.4,120,2000,808.42,786.0,833.0,0.0000
1973,290.068,843.295,-1,6,0,0,729.7,120,2000,1450.55,1422.0,1478.1,0.0000
1974,-849.368,-339.773,-4,-2,0,0,402.8,120,2000,1990.23,1986.0,1994.1,0.0000
1975,632.844,634.062,2,4,0,0,826.8,120,2000,1241.77,1213.9,1270.1,0.0000
1976,-753.934,914.946,-7,6,0,0,757.1,120,2000,1371.36,1343.9,1401.1,0.0000
1977,111.594,1064.203,-3,7,0,0,846.0,120,2000,1121.58,1094.0,1150.2,0.0000
1978,310.027,1117.535,-2,7,0,0,975.4,120,2000,760.12,729.8,795.2,0.0000
1979,-736.273,-383.740,-3,-3,0,0,303.9,120,2000,1997.35,1995.9,1999.0,0.0417
1980,-736.104,585.638,-6,4,0,0,474.7,120,2000,1881.43,1866.0,1895.0,0.0000
1981,329.079,888.828,-1,6,0,0,789.3,120,2000,1296.72,1268.9,1320.1,0.0000
1982,-123.248,-438.964,1,-3,0,0,99.3,120,2000,1999.87,1999.0,2000.0,0.8750
1983,454.455,899.885,0,6,0,0,873.8,120,2000,1058.91,1033.0,1083.3,0.0000
1984,-799.580,74.993,-5,1,0,0,282.5,120,2000,1989.43,1984.0,1993.1,0.0000
1985,259.991,-187.516,2,-1,0,0,275.8,120,2000,1998.08,1996.0,2000.0,0.1333
1986,-198.512,1255.010,-5,8,0,0,972.5,120,2000,765.61,741.8,792.0,0.0000
1987,-686.674,-56.209,-4,0,0,0,176.3,120,2000,1998.36,1997.0,2000.0,0.2000
1988,-586.488,469.756,-5,3,0,0,290.9,120,2000,1975.42,1970.0,1981.1,0.0000
1989,-60.057,-420.819,1,-3,0,0,36.7,120,2000,1999.90,2000.0,2000.0,0.9083
1990,227.625,799.264,-1,5,0,0,658.6,120,2000,1610.12,1584.8,1630.2,0.0000
1991,142.088,995.261,-3,7,0,0,792.9,120,2000,1275.72,1251.0,1297.2,0.0000
1992,-195.603,500.615,-3,3,0,0,221.3,120,2000,1987.60,1983.0,1992.0,0.0000
1993,649.151,453.650,2,3,0,0,752.0,120,2000,1485.24,1461.0,1511.0,0.0000
1994,88.161,915.623,-2,6,0,0,698.8,120,2000,1512.21,1486.7,1538.1,0.0000
1995,258.382,1065.940,-2,7,0,1,905.9,120,2000,958.48,928.8,985.5,0.0000
1996,-482.987,-164.493,-2,-1,0,0,4.8,120,2000,1999.88,1999.0,2000.0,0.8833
1997,-61.301,782.152,-3,5,0,1,524.7,120,2000,1820.47,1804.0,1836.0,0.0000
1998,122.649,536.851,-1,4,0,0,383.1,120,2000,1946.10,1935.0,1957.0,0.0000
1999,-355.525,560.782,-4,4,0,0,284.3,120,2000,1976.10,1970.0,1982.0,0.0000
2000,-59.577,-801.202,2,-5,0,0,24.1,120,2000,1999.67,1999.0,2000.0,0.7167
2001,-920.184,-127.204,-5,-1,0,0,419.6,120,2000,1977.55,1971.0,1983.0,0.0000
2002,-871.558,-166.851,-5,-1,0,0,382.1,120,2000,1987.93,1984.0,1992.0,0.0000
2003,-680.500,928.351,-7,6,0,0,735.8,120,2000,1419.48,1399.9,1442.1,0.0000
2004,-158.076,249.408,-2,2,0,0,10.7,120,2000,1999.28,1998.0,2000.0,0.4833
2005,-363.698,793.660,-5,5,0,0,515.9,120,2000,1829.78,1812.9,1847.1,0.0000
2006,522.153,691.841,1,4,0,0,773.2,120,2000,1367.41,1338.9,1396.3,0.0000
2007,345.820,746.608,-1,5,0,1,686.6,120,2000,1561.32,1537.9,1581.0,0.0000
2008,-418.118,832.678,-5,5,0,0,563.0,120,2000,1764.12,1747.9,1779.1,0.0000
2009,-370.297,369.372,-3,2,0,0,101.3,120,2000,1996.92,1995.0,1999.0,0.0333
2010,337.436,246.985,1,2,0,0,384.7,120,2000,1966.49,1958.9,1974.1,0.0000
2011,-444.705,-638.996,-1,-4,0,0,83.4,120,2000,1999.30,1998.0,2000.0,0.5083
2012,-793.662,-174.407,-4,-1,0,0,308.4,120,2000,1994.97,1992.0,1997.1,0.0000
2013,-222.150,603.769,-3,4,0,0,321.0,120,2000,1964.90,1957.0,1972.0,0.0000
2014,209.108,-512.892,3,-3,0,0,235.3,120,2000,1998.92,1997.9,2000.0,0.3417
2015,-122.201,-435.047,1,-3,0,0,98.3,120,2000,1999.93,2000.0,2000.0,0.9417
2016,-126.027,-420.481,1,-3,0,0,102.6,120,2000,1999.94,2000.0,2000.0,0.9417
2017,-578.844,796.165,-6,5,0,0,574.0,120,2000,1751.22,1732.9,1768.0,0.0000
2018,-793.306,-82.130,-4,-1,0,0,285.9,120,2000,1994.27,1992.0,1997.0,0.0000
2019,423.214,90.302,2,1,0,0,435.0,120,2000,1966.38,1960.0,1973.0,0.0000
2020,-641.146,124.086,-4,1,0,0,133.9,120,2000,1997.62,1996.0,2000.0,0.1250
2021,-319.530,295.594,-3,2,0,0,17.1,120,2000,1998.77,1997.0,2000.0,0.3167
2022,43.008,8.197,0,0,0,0,52.7,120,2000,1999.67,1999.0,2000.0,0.7083
2023,56.868,631.882,-2,4,0,0,427.7,120,2000,1916.08,1905.9,1927.0,0.0000
2024,-317.016,526.683,-4,4,0,0,245.2,120,2000,1983.22,1977.0,1989.0,0.0000
2025,415.816,455.863,1,3,0,0,547.7,120,2000,1835.22,1819.7,1851.0,0.0000
2026,-269.222,55.137,-2,0,0,0,228.6,120,2000,1999.92,2000.0,2000.0,0.9333
2027,219.826,813.554,-1,5,0,0,666.5,120,2000,1595.19,1573.0,1619.0,0.0000
2028,-604.986,897.179,-6,6,0,0,677.5,120,2000,1556.96,1536.0,1576.1,0.0000
2029,-243.531,-115.470,-1,-1,0,0,229.8,120,2000,1999.91,2000.0,2000.0,0.9083
2030,-636.499,-382.346,-2,-3,0,0,206.8,120,2000,1999.13,1998.0,2000.0,0.4583
2031,-1053.128,-295.573,-5,-2,0,0,589.6,120,2000,1922.24,1910.0,1933.1,0.0000
2032,864.389,733.598,2,5,0,0,1075.2,120,2000,545.07,520.0,572.1,0.0000
2033,-452.251,-540.996,-1,-4,0,0,66.8,120,2000,1999.54,1999.0,2000.0,0.6083
2034,-480.368,-211.107,-2,-1,0,0,13.6,120,2000,1999.84,1999.0,2000.0,0.8500
2035,-948.406,-530.578,-4,-3,0,0,545.4,120,2000,1958.74,1949.9,1966.1,0.0000
2036,-281.979,1128.316,-5,7,0,0,844.2,120,2000,1120.84,1096.9,1150.0,0.0000
2037,310.069,12.062,2,0,0,0,319.5,120,2000,1992.56,1989.0,1996.0,0.0000
2038,-552.110,1082.406,-7,7,0,0,836.8,120,2000,1144.90,1116.8,1175.2,0.0000
2039,-883.547,-461.836,-4,-3,0,0,465.7,120,2000,1981.48,1975.9,1987.1,0.0000
2040,330.891,-190.868,2,-1,0,0,346.7,120,2000,1994.99,1992.0,1997.0,0.0083
2041,-868.531,-138.151,-5,-1,0,0,372.2,120,2000,1987.36,1983.0,1992.0,0.0000
2042,12.907,1105.959,-3,7,0,0,856.7,120,2000,1091.01,1060.9,1118.3,0.0000
2043,-369.419,892.341,-5,6,0,0,614.5,120,2000,1682.62,1661.9,1706.0,0.0000
2044,125.739,-58.346,1,0,0,0,137.5,120,2000,1999.31,1998.0,2000.0,0.4750
2045,647.488,670.237,2,4,0,0,859.4,120,2000,1141.37,1113.9,1172.0,0.0000
2046,-342.954,-588.968,0,-4,0,0,27.5,120,2000,1999.72,1999.0,2000.0,0.7583
2047,327.881,549.428,0,4,0,0,533.0,120,2000,1836.54,1822.9,1852.0,0.0000
2048,-194.972,272.741,-2,2,0,0,1.9,120,2000,1999.14,1998.0,2000.0,0.4333
2049,-638.508,839.413,-7,6,0,0,637.5,120,2000,1638.33,1614.0,1661.1,0.0000
2050,-42.421,1422.144,-5,9,0,0,1155.4,120,2000,348.66,323.0,370.0,0.0000
2051,-253.939,-483.677,0,-3,0,0,139.5,120,2000,1999.89,1999.0,2000.0,0.8917
2052,153.376,-806.794,3,-5,0,0,188.9,120,2000,1997.88,1996.0,2000.0,0.1250
2053,497.453,655.590,1,4,0,1,731.0,120,2000,1479.97,1456.8,1506.2,0.0000
2054,78.053,935.540,-3,6,0,0,713.7,120,2000,1477.43,1451.0,1504.1,0.0000
2055,-751.307,-135.473,-4,-1,0,0,257.8,120,2000,1996.90,1994.0,1999.0,0.0833
2056,15.438,482.740,-1,3,0,0,277.7,120,2000,1979.93,1972.9,1986.0,0.0000
2057,36.742,539.999,-2,4,0,0,337.7,120,2000,1962.35,1955.0,1970.0,0.0000
2058,287.839,1007.242,-2,7,0,0,868.0,120,2000,1064.41,1034.0,1094.1,0.0000
2059,284.035,789.937,-1,5,0,0,682.6,120,2000,1563.18,1542.9,1585.1,0.0000
2060,95.086,-302.010,2,-2,0,0,114.6,120,2000,1999.82,1999.0,2000.0,0.8333
2061,113.992,100.667,0,1,0,0,129.8,120,2000,1998.46,1996.0,2000.0,0.2083
2062,-715.248,-125.428,-4,-1,0,0,220.4,120,2000,1998.05,1996.0,2000.0,0.1167
2063,-198.365,367.897,-2,2,0,0,89.9,120,2000,1997.58,1996.0,1999.0,0.0917
2064,-234.622,560.806,-3,4,0,0,277.3,120,2000,1977.40,1972.9,1983.0,0.0000
2065,409.493,-3.705,2,0,0,0,419.3,120,2000,1980.39,1975.9,1986.0,0.0000
2066,-34.815,-54.731,0,0,0,0,23.1,120,2000,1999.89,1999.0,2000.0,0.8917
2067,-207.228,-521.992,1,-4,0,0,175.4,120,2000,1999.93,2000.0,2000.0,0.9333
2068,631.025,70.910,3,1,0,0,641.1,120,2000,1825.28,1810.0,1841.1,0.0000
2069,-604.409,73.577,-4,1,0,0,88.3,120,2000,1998.69,1997.0,2000.0,0.3000
2070,-196.617,-408.534,0,-3,0,0,173.6,120,2000,1999.92,2000.0,2000.0,0.9250
2071,142.907,155.152,0,1,0,1,171.0,120,2000,1996.86,1994.0,1999.0,0.0333
2072,-435.172,968.151,-6,7,0,0,699.3,120,2000,1505.03,1485.8,1527.0,0.0000
2073,-818.679,-139.484,-4,-1,0,0,324.1,120,2000,1993.42,1990.9,1997.0,0.0000
2074,-388.536,91.121,-3,1,0,0,116.0,120,2000,1999.83,1999.0,2000.0,0.8333
2075,-780.692,226.480,-5,1,0,0,298.0,120,2000,1981.69,1976.0,1987.1,0.0000
2076,-650.229,243.510,-5,2,0,0,186.7,120,2000,1993.53,1989.9,1997.0,0.0083
2077,-755.890,-107.633,-4,-1,0,0,255.5,120,2000,1996.53,1994.9,1999.0,0.0083
2078,-331.716,1047.392,-5,7,0,0,765.4,120,2000,1338.38,1311.9,1361.2,0.0000
2079,-865.856,473.242,-6,3,0,0,492.9,120,2000,1871.87,1858.9,1885.0,0.0000
2080,-590.812,397.939,-5,3,0,0,237.6,120,2000,1986.83,1982.0,1991.0,0.0000
2081,39.256,535.115,-2,4,0,0,334.8,120,2000,1963.56,1957.0,1971.0,0.0000
2082,476.726,-418.825,4,-3,0,0,499.8,120,2000,1977.76,1971.0,1983.0,0.0000
2083,536.983,705.772,1,5,0,0,793.5,120,2000,1312.82,1287.0,1339.1,0.0000
2084,56.947,306.843,-1,2,0,0,169.4,120,2000,1994.48,1991.0,1997.0,0.0000
2085,-399.952,-541.841,0,-4,0,0,16.3,120,2000,1999.75,1999.0,2000.0,0.7750
2086,-672.080,-348.994,-3,-2,0,0,233.1,120,2000,1998.89,1998.0,2000.0,0.3167
2087,223.453,-488.314,3,-3,0,0,248.8,120,2000,1998.74,1997.0,2000.0,0.2917
2088,96.200,405.189,-1,3,0,1,265.7,120,2000,1983.68,1979.9,1988.0,0.0000
2089,308.613,583.772,0,4,0,0,542.1,120,2000,1821.47,1807.0,1835.0,0.0000
2090,113.077,585.840,-1,4,0,0,417.3,120,2000,1925.38,1915.0,1937.0,0.0000
2091,481.314,852.492,0,6,0,0,855.5,120,2000,1121.24,1093.8,1143.1,0.0000
2092,-701.370,-55.669,-4,0,0,0,190.6,120,2000,1997.94,1996.0,1999.0,0.0833
2093,-594.868,207.967,-4,1,0,0,121.0,120,2000,1997.07,1995.0,1999.0,0.0250
2094,-90.222,-700.561,2,-5,0,1,57.9,120,2000,1999.76,1999.0,2000.0,0.7750
2095,227.294,622.380,-1,4,0,0,515.2,120,2000,1845.43,1826.9,1862.0,0.0000
2096,-184.007,1265.846,-5,8,0,0,984.2,120,2000,731.89,707.0,757.1,0.0000
2097,343.206,41.618,2,0,0,0,352.5,120,2000,1988.03,1984.0,1991.0,0.0000
2098,584.437,906.685,0,6,0,0,965.6,120,2000,806.76,781.8,831.1,0.0000
2099,112.257,66.355,0,1,0,0,123.2,120,2000,1998.73,1997.0,2000.0,0.2917
2100,-312.448,498.421,-3,3,0,0,216.6,120,2000,1988.86,1985.0,1993.0,0.0000
2101,-376.862,-342.487,-1,-2,0,0,54.8,120,2000,1999.92,2000.0,2000.0,0.9167
2102,-833.135,-163.228,-4,-1,0,1,343.9,120,2000,1992.37,1988.9,1996.0,0.0000
2103,30.881,-580.336,2,-4,0,0,59.3,120,2000,1999.73,1999.0,2000.0,0.7417
2104,23.569,581.808,-2,4,0,0,367.9,120,2000,1950.22,1940.9,1960.0,0.0000
2105,26.652,307.081,-1,2,0,0,147.1,120,2000,1996.20,1994.0,1999.0,0.0167
2106,-341.719,-33.406,-2,0,0,0,164.3,120,2000,1999.88,1999.0,2000.0,0.8750
2107,-345.995,1071.517,-5,7,0,0,790.5,120,2000,1273.41,1249.8,1301.2,0.0000
2108,-306.651,1114.992,-5,7,0,0,831.6,120,2000,1157.28,1129.7,1182.2,0.0000
2109,-722.378,132.644,-5,1,0,0,214.9,120,2000,1993.78,1991.0,1996.0,0.0000
2110,-633.405,620.506,-6,4,0,0,442.1,120,2000,1902.59,1890.0,1915.1,0.0000
2111,195.164,-491.651,3,-3,0,0,220.7,120,2000,1998.97,1997.0,2000.0,0.4000
2112,199.942,57.308,1,0,0,0,209.9,120,2000,1997.07,1995.0,1999.0,0.0500
2113,-291.953,981.746,-5,7,0,0,697.9,120,2000,1511.60,1487.0,1534.0,0.0000
2114,541.507,449.307,2,3,0,0,653.5,120,2000,1688.42,1667.0,1704.2,0.0000
2115,181.491,-176.319,2,-1,0,0,196.9,120,2000,1999.28,1998.0,2000.0,0.4667
2116,33.986,-407.684,2,-3,0,0,56.9,120,2000,1999.79,1999.0,2000.0,0.8000
2117,-607.246,1105.323,-7,7,0,0,874.5,120,2000,1039.08,1008.6,1065.1,0.0000
2118,-486.436,-426.065,-1,-3,0,0,71.9,120,2000,1999.82,1999.0,2000.0,0.8500
2119,75.373,-347.499,1,-2,0,0,96.3,120,2000,1999.80,1999.0,2000.0,0.8417
2120,-534.227,216.831,-4,2,0,0,73.9,120,2000,1998.24,1997.0,2000.0,0.1750
2121,-444.311,395.255,-4,3,0,0,153.0,120,2000,1994.76,1992.0,1997.1,0.0083
2122,432.107,-530.806,4,-3,0,0,458.7,120,2000,1984.74,1979.9,1989.1,0.0000
2123,-296.822,-383.122,0,-3,0,0,122.5,120,2000,1999.92,2000.0,2000.0,0.9250
2124,-361.457,-444.369,-1,-3,0,0,44.8,120,2000,1999.91,2000.0,2000.0,0.9083
2125,238.774,241.850,0,2,0,0,291.0,120,2000,1986.14,1982.0,1991.0,0.0000
2126,631.932,584.369,2,4,0,0,799.0,120,2000,1323.09,1296.0,1346.0,0.0000
2127,-360.230,-158.579,-2,-1,0,0,115.8,120,2000,1999.97,2000.0,2000.0,0.9750
2128,-955.229,-299.604,-5,-2,0,0,495.6,120,2000,1969.97,1963.0,1977.0,0.0000
2129,-336.521,713.126,-4,5,0,0,432.7,120,2000,1907.82,1894.0,1920.0,0.0000
2130,167.622,124.876,0,1,0,0,187.2,120,2000,1996.97,1995.0,1999.0,0.0667
2131,-84.750,279.241,-1,2,0,0,52.6,120,2000,1998.62,1997.0,2000.0,0.2250
2132,-322.873,-20.824,-2,0,0,0,185.6,120,2000,1999.88,1999.0,2000.0,0.8833
2133,-282.430,-313.776,-1,-2,0,0,153.3,120,2000,1999.95,2000.0,2000.0,0.9500
2134,29.128,487.668,-1,3,0,0,289.1,120,2000,1977.53,1972.0,1983.0,0.0000
2135,222.136,496.544,0,3,0,0,419.4,120,2000,1930.59,1920.0,1941.1,0.0000
2136,22.501,1230.983,-4,8,0,0,980.4,120,2000,742.92,720.0,770.2,0.0000
2137,-674.506,115.293,-4,1,0,0,164.4,120,2000,1996.47,1994.0,1999.0,0.0583
2138,-142.142,247.062,-2,2,0,0,5.4,120,2000,1999.13,1998.0,2000.0,0.4083
2139,210.111,-315.374,2,-2,0,0,230.0,120,2000,1999.01,1998.0,2000.0,0.3750
2140,-36.521,560.800,-2,4,0,0,323.2,120,2000,1966.13,1958.0,1973.1,0.0000
2141,489.257,647.108,1,4,0,0,719.3,120,2000,1508.98,1483.9,1531.1,0.0000
2142,-545.437,815.970,-6,6,0,0,580.5,120,2000,1742.58,1720.8,1761.1,0.0000
2143,-762.632,-390.747,-3,-3,0,0,331.1,120,2000,1996.50,1994.0,1999.0,0.0250
2144,121.319,408.447,-1,3,0,0,285.7,120,2000,1980.47,1975.0,1985.0,0.0000
2145,-617.927,63.694,-4,1,0,0,100.6,120,2000,1998.66,1997.0,2000.0,0.2500
2146,-702.283,581.605,-6,4,0,0,450.1,120,2000,1900.58,1889.9,1911.1,0.0000
2147,-623.191,600.699,-6,4,0,0,419.9,120,2000,1919.32,1907.0,1930.0,0.0000
2148,40.693,737.138,-2,5,0,1,515.7,120,2000,1834.65,1818.0,1853.3,0.0000
2149,324.130,-29.205,2,0,0,0,334.8,120,2000,1992.75,1990.0,1996.0,0.0000
2150,-270.358,-249.517,-1,-2,0,0,180.7,120,2000,1999.95,2000.0,2000.0,0.9500
2151,41.749,-157.590,1,-1,0,0,56.7,120,2000,1999.83,1999.0,2000.0,0.8250
2152,-274.386,388.762,-3,3,0,0,104.6,120,2000,1996.68,1994.0,1999.0,0.0417
2153,-494.128,811.245,-5,5,0,0,560.1,120,2000,1771.88,1753.9,1789.0,0.0000
2154,132.166,525.508,-1,4,0,0,380.0,120,2000,1947.37,1937.0,1957.0,0.0000
2155,-349.693,216.739,-3,2,0,0,48.9,120,2000,1999.56,1999.0,2000.0,0.6333
2156,341.485,-110.262,2,-1,0,0,354.7,120,2000,1993.01,1990.0,1996.0,0.0083
2157,-980.002,-404.020,-4,-3,0,0,545.2,120,2000,1957.33,1948.0,1967.1,0.0000
2158,-488.547,-494.635,-1,-3,0,0,90.7,120,2000,1999.60,1999.0,2000.0,0.6667
2159,-189.975,433.554,-3,3,0,0,156.0,120,2000,1994.17,1991.0,1997.0,0.0000
2160,331.155,227.956,1,2,0,0,372.5,120,2000,1971.78,1964.0,1979.0,0.0000
2161,-125.240,-657.828,1,-4,0,0,94.3,120,2000,1999.72,1999.0,2000.0,0.7417
2162,-939.682,-123.105,-5,-1,0,0,437.7,120,2000,1972.58,1967.0,1979.0,0.0000
2163,-575.715,846.224,-6,6,0,0,619.4,120,2000,1673.83,1652.8,1695.0,0.0000
2164,393.763,70.553,2,0,0,0,404.2,120,2000,1977.09,1972.0,1983.0,0.0000
2165,-189.155,-517.331,1,-4,0,0,162.6,120,2000,1999.90,2000.0,2000.0,0.9083
2166,-15.546,-837.250,3,-6,0,0,21.1,120,2000,1999.44,1998.9,2000.0,0.5833
2167,-667.114,890.125,-7,6,0,0,695.5,120,2000,1518.96,1491.9,1545.0,0.0000
2168,-171.254,-749.741,2,-5,0,0,137.3,120,2000,1999.72,1999.0,2000.0,0.7333
2169,84.900,1230.680,-4,8,0,0,996.1,120,2000,699.92,676.8,721.1,0.0000
2170,257.442,-370.916,3,-3,0,0,279.1,120,2000,1998.23,1997.0,2000.0,0.1583
2171,-274.807,-461.318,0,-3,0,0,124.7,120,2000,1999.92,2000.0,2000.0,0.9167
2172,629.941,161.192,3,1,0,0,648.7,120,2000,1783.67,1765.7,1801.0,0.0000
2173,-277.702,-89.524,-1,-1,0,0,212.7,120,2000,1999.93,2000.0,2000.0,0.9333
2174,44.790,259.777,-1,2,0,0,130.4,120,2000,1997.03,1995.0,1999.0,0.0667
2175,-17.233,-141.715,0,-1,0,0,2.9,120,2000,1999.93,2000.0,2000.0,0.9333
2176,-131.850,1054.785,-4,7,0,0,779.0,120,2000,1303.52,1274.9,1328.0,0.0000
2177,-332.015,17.350,-2,0,0,0,185.9,120,2000,1999.90,1999.9,2000.0,0.9000
2178,-106.492,224.464,-1,1,0,1,4.2,120,2000,1999.28,1998.0,2000.0,0.4750
2179,56.050,-508.324,2,-3,0,0,82.2,120,2000,1999.61,1999.0,2000.0,0.6750
2180,594.141,55.573,3,0,0,0,603.7,120,2000,1871.53,1857.0,1883.1,0.0000
2181,-705.793,-126.732,-4,-1,0,0,211.6,120,2000,1998.16,1996.0,2000.0,0.1250
2182,18.308,604.469,-2,4,0,0,385.8,120,2000,1940.51,1931.9,1949.0,0.0000
2183,-95.169,-431.152,1,-3,0,0,71.5,120,2000,1999.91,2000.0,2000.0,0.9083
2184,-842.593,39.562,-5,0,0,0,323.7,120,2000,1985.52,1980.0,1991.0,0.0000
2185,-796.644,-203.318,-4,-1,0,0,318.3,120,2000,1995.17,1992.0,1998.0,0.0083
2186,291.099,-124.143,2,-1,0,0,304.8,120,2000,1996.18,1994.0,1998.1,0.0250
2187,-750.375,-156.837,-4,-1,0,0,262.1,120,2000,1997.10,1995.0,1999.0,0.0667
2188,123.796,4.210,1,0,0,0,133.5,120,2000,1999.12,1998.0,2000.0,0.4000
2189,-628.265,-405.504,-2,-3,0,0,204.4,120,2000,1999.12,1997.9,2000.0,0.4500
2190,-505.383,-74.146,-3,0,0,0,4.4,120,2000,1999.81,1999.0,2000.0,0.8167
2191,394.786,599.549,0,4,0,0,616.4,120,2000,1715.94,1694.9,1737.0,0.0000
2192,-567.939,145.346,-4,1,0,0,70.3,120,2000,1998.58,1997.0,2000.0,0.2167
2193,-39.418,-588.037,2,-4,0,1,10.7,120,2000,1999.79,1999.0,2000.0,0.8000
2194,-441.535,-603.619,-1,-4,0,0,71.7,120,2000,1999.54,1999.0,2000.0,0.6167
2195,-464.654,-465.060,-1,-3,0,0,60.3,120,2000,1999.76,1999.0,2000.0,0.8167
2196,-661.147,-50.754,-4,0,0,0,150.2,120,2000,1998.60,1997.0,2000.0,0.2583
2197,-612.480,-113.552,-3,-1,0,0,117.8,120,2000,1999.47,1998.0,2000.0,0.6333
2198,536.437,329.050,2,2,0,0,599.8,120,2000,1799.80,1784.9,1815.0,0.0000
2199,333.115,-380.149,3,-2,0,0,355.0,120,2000,1995.64,1993.0,1998.0,0.0083
2200,-165.605,1351.572,-5,9,0,0,1071.0,120,2000,515.82,490.0,539.3,0.0000
2201,-575.644,-653.107,-1,-4,0,0,213.8,120,2000,1998.17,1997.0,2000.0,0.1250
2202,-291.529,-505.609,0,-3,0,0,97.7,120,2000,1999.84,1999.0,2000.0,0.8500
2203,-82.686,405.135,-2,3,0,0,162.3,120,2000,1994.22,1990.9,1997.0,0.0083
2204,250.986,246.836,0,2,0,0,304.1,120,2000,1984.77,1980.0,1990.0,0.0000
2205,224.829,393.028,0,3,0,0,354.4,120,2000,1965.08,1957.9,1972.1,0.0000
2206,-735.347,-48.520,-4,0,0,0,222.8,120,2000,1996.99,1994.0,1999.0,0.0417
2207,495.947,342.258,2,2,0,0,567.0,120,2000,1835.79,1818.9,1851.3,0.0000
2208,-220.098,899.929,-4,6,0,0,616.8,120,2000,1677.42,1658.0,1699.1,0.0000
2209,245.751,716.942,-1,5,0,0,601.0,120,2000,1724.01,1706.8,1742.0,0.0000
2210,-63.533,681.358,-3,5,0,0,427.2,120,2000,1913.36,1901.0,1925.0,0.0000
2211,385.327,6.165,2,0,0,0,394.9,120,2000,1983.06,1977.9,1988.0,0.0000
2212,216.146,-312.118,2,-2,0,0,235.9,120,2000,1999.04,1998.0,2000.0,0.4000
2213,457.278,-8.529,3,0,0,0,467.2,120,2000,1966.93,1959.9,1975.0,0.0000
2214,418.782,624.841,0,4,0,0,651.1,120,2000,1653.82,1631.9,1673.1,0.0000
2215,336.103,309.733,1,2,0,0,407.5,120,2000,1953.54,1945.9,1960.1,0.0000
2216,-95.631,38.843,-1,0,0,0,86.2,120,2000,1999.83,1999.0,2000.0,0.8333
2217,50.057,-133.714,1,-1,0,0,64.2,120,2000,1999.72,1999.0,2000.0,0.7500
2218,-17.055,1258.574,-4,8,0,0,998.9,120,2000,693.67,667.9,719.1,0.0000
2219,352.478,700.818,0,5,0,0,656.7,120,2000,1627.41,1600.9,1649.1,0.0000
2220,-91.950,-716.634,2,-5,0,0,59.1,120,2000,1999.71,1999.0,2000.0,0.7583
2221,-687.759,-329.158,-3,-2,0,0,243.5,120,2000,1998.79,1997.0,2000.0,0.2833
2222,247.163,1078.173,-2,7,0,0,911.9,120,2000,938.38,909.9,963.1,0.0000
2223,-162.781,908.074,-4,6,0,0,629.6,120,2000,1653.95,1634.9,1673.0,0.0000
2224,427.150,522.719,1,3,0,0,594.3,120,2000,1762.74,1744.9,1783.1,0.0000
2225,-720.346,407.375,-6,3,0,0,337.6,120,2000,1965.05,1958.9,1972.0,0.0000
2226,-437.477,502.215,-4,3,0,0,248.7,120,2000,1983.78,1980.0,1989.0,0.0000
2227,-270.563,1256.109,-6,8,0,0,971.9,120,2000,764.29,739.8,788.2,0.0000
2228,172.533,-656.066,3,-4,0,0,203.3,120,2000,1998.73,1997.0,2000.0,0.2583
2229,183.515,1055.189,-2,7,0,0,864.3,120,2000,1073.06,1044.9,1100.1,0.0000
2230,408.051,-465.587,4,-3,0,0,432.6,120,2000,1988.88,1984.0,1993.0,0.0000
2231,670.083,429.653,2,3,0,0,761.4,120,2000,1468.50,1448.9,1490.1,0.0000
2232,-881.728,-227.971,-4,-2,0,0,406.9,120,2000,1986.47,1982.0,1990.1,0.0000
2233,-754.081,-137.476,-4,-1,0,0,261.0,120,2000,1997.14,1995.0,1999.0,0.0417
2234,283.454,965.636,-2,7,0,0,829.7,120,2000,1178.15,1152.9,1209.1,0.0000
2235,366.693,-502.918,4,-3,0,0,392.5,120,2000,1992.89,1989.0,1996.0,0.0000
2236,-448.659,934.175,-6,6,0,0,668.5,120,2000,1573.45,1550.8,1601.0,0.0000
2237,-428.842,1086.146,-6,7,0,0,814.6,120,2000,1205.12,1182.0,1233.1,0.0000
2238,450.934,-463.902,4,-3,0,0,475.4,120,2000,1982.91,1977.0,1989.0,0.0000
2239,-194.555,1109.526,-5,7,0,0,827.5,120,2000,1171.88,1140.0,1206.0,0.0000
2240,-750.024,185.524,-5,1,0,0,255.5,120,2000,1988.73,1984.9,1993.0,0.0000
2241,-348.748,-623.040,0,-4,0,0,13.6,120,2000,1999.67,1999.0,2000.0,0.7000
2242,-765.409,880.690,-7,6,0,0,733.1,120,2000,1428.93,1407.8,1451.0,0.0000
2243,-793.615,-91.328,-4,-1,0,0,288.2,120,2000,1994.33,1991.0,1997.0,0.0083
2244,-651.533,571.129,-6,4,0,0,411.2,120,2000,1926.62,1915.0,1936.2,0.0000
2245,-538.133,619.014,-5,4,0,0,395.3,120,2000,1934.60,1924.0,1944.0,0.0000
2246,-664.759,947.330,-7,6,0,0,746.7,120,2000,1388.83,1364.0,1414.0,0.0000
2247,-19.574,1060.877,-4,7,0,0,805.2,120,2000,1235.36,1209.0,1261.3,0.0000
2248,183.252,-138.481,2,-1,0,0,197.5,120,2000,1999.22,1998.0,2000.0,0.4250
2249,-647.039,922.481,-7,6,0,0,716.9,120,2000,1466.55,1443.0,1492.1,0.0000
2250,-183.767,439.689,-3,3,0,0,163.2,120,2000,1994.10,1991.0,1997.0,0.0000
2251,-439.877,242.659,-3,1,0,0,21.5,120,2000,1998.64,1998.0,2000.0,0.1667
2252,435.758,85.810,2,1,0,0,447.2,120,2000,1963.17,1955.9,1971.1,0.0000
2253,660.708,551.550,2,4,0,0,807.1,120,2000,1312.53,1287.9,1341.1,0.0000
2254,500.967,511.291,1,4,0,0,649.2,120,2000,1682.62,1659.9,1703.0,0.0000
2255,318.900,-326.079,3,-2,0,0,339.1,120,2000,1996.42,1994.0,1999.0,0.0250
2256,-599.482,1217.059,-7,8,0,0,979.2,120,2000,746.23,719.0,780.1,0.0000
2257,18.996,1258.695,-4,8,0,0,1006.6,120,2000,676.26,646.8,708.0,0.0000
2258,-479.831,570.719,-5,4,0,0,327.9,120,2000,1963.83,1956.0,1972.0,0.0000
2259,75.795,-57.632,1,-1,0,0,87.5,120,2000,1999.53,1999.0,2000.0,0.6083
2260,-145.608,491.104,-2,3,0,0,221.8,120,2000,1988.27,1984.0,1992.0,0.0000
2261,-711.120,564.161,-6,4,0,0,442.1,120,2000,1905.86,1893.9,1916.1,0.0000
2262,66.362,-549.019,2,-4,0,0,93.8,120,2000,1999.68,1999.0,2000.0,0.7333
2263,17.479,914.647,-3,6,0,0,674.1,120,2000,1565.16,1541.0,1589.1,0.0000
2264,-338.911,-287.214,-1,-2,0,0,105.1,120,2000,1999.92,2000.0,2000.0,0.9333
2265,42.263,-679.549,3,-5,0,0,73.8,120,2000,1999.55,1999.0,2000.0,0.6333
2266,598.365,440.261,2,3,0,0,700.4,120,2000,1600.71,1578.8,1623.0,0.0000
2267,572.107,-6.499,3,0,0,0,581.9,120,2000,1907.58,1896.0,1918.1,0.0000
2268,-214.567,1074.855,-5,7,0,0,791.8,120,2000,1269.54,1243.9,1294.1,0.0000
2269,-502.179,175.796,-3,1,0,0,24.6,120,2000,1998.98,1998.0,2000.0,0.3500
2270,583.908,27.757,3,0,0,0,593.0,120,2000,1890.86,1877.0,1904.0,0.0000
2271,-422.108,-231.384,-2,-1,0,0,38.0,120,2000,1999.92,2000.0,2000.0,0.9250
2272,-593.177,988.730,-7,7,0,0,759.3,120,2000,1357.05,1332.8,1382.2,0.0000
2273,-72.916,-553.475,2,-4,0,0,45.3,120,2000,1999.78,1999.0,2000.0,0.8167
2274,284.525,261.451,1,2,0,0,340.7,120,2000,1977.14,1972.0,1983.0,0.0000
2275,-227.623,193.359,-2,1,0,0,86.9,120,2000,1999.68,1999.0,2000.0,0.7333
2276,-670.814,910.314,-7,6,0,0,715.4,120,2000,1469.83,1445.8,1496.1,0.0000
2277,708.046,595.558,2,4,0,0,870.0,120,2000,1129.80,1104.8,1157.0,0.0000
2278,-671.458,485.481,-5,3,0,0,356.7,120,2000,1955.38,1945.9,1963.0,0.0000
2279,18.851,-389.344,2,-3,0,0,41.2,120,2000,1999.86,1999.0,2000.0,0.8750
2280,-82.179,1365.851,-5,9,0,0,1093.9,120,2000,466.86,445.0,489.0,0.0000
2281,377.046,-475.442,4,-3,0,1,401.9,120,2000,1992.68,1989.0,1996.0,0.0000
2282,684.282,562.818,2,4,0,0,833.2,120,2000,1237.12,1213.0,1264.0,0.0000
2283,-204.479,-462.083,0,-3,0,0,179.7,120,2000,1999.88,1999.0,2000.0,0.8833
2284,-73.981,-314.351,1,-2,0,0,54.0,120,2000,1999.93,2000.0,2000.0,0.9333
2285,-449.582,830.322,-5,5,0,0,567.3,120,2000,1762.85,1744.0,1783.1,0.0000
2286,-154.380,523.327,-3,4,0,0,251.1,120,2000,1983.74,1979.0,1989.0,0.0000
2287,-303.674,-112.239,-1,-1,0,1,181.9,120,2000,1999.97,2000.0,2000.0,0.9750
2288,693.838,777.522,2,5,0,0,960.5,120,2000,836.80,810.0,863.0,0.0000
2289,-748.228,-86.578,-4,-1,0,0,242.9,120,2000,1996.80,1994.0,1999.0,0.0333
2290,364.322,-474.620,4,-3,0,0,389.2,120,2000,1993.22,1989.9,1996.0,0.0000
2291,191.106,-36.559,1,0,0,0,202.1,120,2000,1998.53,1997.0,2000.0,0.2583
2292,-885.362,-197.797,-5,-1,0,0,403.0,120,2000,1986.68,1982.0,1991.0,0.0000
2293,-232.853,-481.725,0,-3,0,0,160.4,120,2000,1999.88,1999.0,2000.0,0.8917
2294,-876.312,42.456,-5,0,0,0,357.5,120,2000,1979.93,1974.9,1985.1,0.0000
2295,162.824,993.252,-2,6,0,0,799.3,120,2000,1257.03,1233.9,1276.2,0.0000
2296,-155.774,692.365,-3,5,0,0,416.9,120,2000,1919.10,1908.8,1931.0,0.0000
2297,-637.702,-228.562,-3,-1,0,0,170.4,120,2000,1999.33,1998.0,2000.0,0.4833
2298,235.966,54.557,1,0,0,0,245.7,120,2000,1995.81,1994.0,1998.0,0.0000
2299,737.200,783.942,2,5,0,0,998.8,120,2000,729.86,702.0,758.3,0.0000
2300,446.514,480.095,1,3,0,0,586.5,120,2000,1784.37,1764.9,1798.1,0.0000
2301,-195.107,602.561,-3,4,0,0,322.4,120,2000,1965.00,1957.0,1971.1,0.0000
2302,-848.616,116.617,-5,1,0,0,336.1,120,2000,1979.28,1974.0,1985.0,0.0000
2303,401.386,831.962,-1,6,0,0,787.7,120,2000,1305.27,1277.9,1334.0,0.0000
2304,-340.037,1233.207,-6,8,0,0,951.3,120,2000,817.42,788.0,847.0,0.0000
2305,-269.736,496.460,-3,3,0,0,212.2,120,2000,1988.66,1985.0,1993.0,0.0000
2306,603.228,504.940,2,3,0,0,734.2,120,2000,1508.82,1483.9,1535.0,0.0000
2307,-941.810,-531.122,-4,-3,0,0,539.1,120,2000,1961.53,1954.9,1969.1,0.0000
2308,-40.801,-272.474,1,-2,0,0,22.2,120,2000,1999.92,2000.0,2000.0,0.9333
2309,581.806,174.113,3,1,0,0,603.2,120,2000,1838.08,1820.0,1854.0,0.0000
2310,-452.380,1008.743,-6,7,0,0,742.4,120,2000,1402.43,1381.0,1428.1,0.0000
2311,371.418,216.788,1,2,0,0,407.6,120,2000,1962.44,1954.0,1969.0,0.0000
