run,q,r,nodes,nodesFull,bestChunks,unionChunks,lack,zone
1,-7,6,23,0,1615,2000,0,B
1,-7,7,19,0,1391,2000,0,B
1,-7,8,15,0,973,1992,8,C
1,-6,2,23,0,1972,2000,0,B
1,-6,3,23,0,1964,2000,0,B
1,-6,4,24,0,1933,2000,0,B
1,-6,5,15,0,1881,2000,0,B
1,-6,6,18,0,1736,2000,0,B
1,-6,7,20,0,1505,2000,0,B
1,-6,8,21,0,1186,2000,0,B
1,-5,-2,25,0,1970,2000,0,B
1,-5,-1,36,0,1989,2000,0,B
1,-5,0,29,0,1994,2000,0,B
1,-5,1,21,0,1997,2000,0,B
1,-5,2,19,0,1995,2000,0,B
1,-5,3,24,0,1992,2000,0,B
1,-5,4,24,0,1975,2000,0,B
1,-5,5,21,0,1924,2000,0,B
1,-5,6,22,0,1802,2000,0,B
1,-5,7,28,0,1555,2000,0,B
1,-5,8,18,0,1101,1999,1,C
1,-5,9,16,0,682,1925,75,C
1,-4,-3,25,0,1984,2000,0,B
1,-4,-2,16,0,1997,2000,0,B
1,-4,-1,26,2,2000,2000,0,A
1,-4,0,24,3,2000,2000,0,A
1,-4,1,21,3,2000,2000,0,A
1,-4,2,12,2,2000,2000,0,A
1,-4,3,20,0,1998,2000,0,B
1,-4,4,20,0,1982,2000,0,B
1,-4,5,23,0,1948,2000,0,B
1,-4,6,25,0,1809,2000,0,B
1,-4,7,13,0,1389,2000,0,B
1,-4,8,25,0,1056,1999,1,C
1,-3,-3,13,0,1998,2000,0,B
1,-3,-2,20,8,2000,2000,0,A
1,-3,-1,13,9,2000,2000,0,A
1,-3,0,23,18,2000,2000,0,A
1,-3,1,20,14,2000,2000,0,A
1,-3,2,18,3,2000,2000,0,A
1,-3,3,22,0,1999,2000,0,B
1,-3,4,23,0,1986,2000,0,B
1,-3,5,15,0,1917,2000,0,B
1,-3,6,20,0,1756,2000,0,B
1,-3,7,23,0,1396,2000,0,B
1,-2,-3,19,5,2000,2000,0,A
1,-2,-2,20,16,2000,2000,0,A
1,-2,-1,20,20,2000,2000,0,A
1,-2,0,23,19,2000,2000,0,A
1,-2,1,35,28,2000,2000,0,A
1,-2,2,24,8,2000,2000,0,A
1,-2,3,20,0,1999,2000,0,B
1,-2,4,24,0,1981,2000,0,B
1,-2,5,17,0,1850,2000,0,B
1,-2,6,27,0,1635,2000,0,B
1,-2,7,22,0,1231,1999,1,C
1,-1,-4,17,9,2000,2000,0,A
1,-1,-3,21,15,2000,2000,0,A
1,-1,-2,24,20,2000,2000,0,A
1,-1,-1,14,13,2000,2000,0,A
1,-1,0,23,21,2000,2000,0,A
1,-1,1,22,15,2000,2000,0,A
1,-1,2,17,1,2000,2000,0,A
1,-1,3,25,0,1992,2000,0,B
1,-1,4,20,0,1947,2000,0,B
1,-1,5,22,0,1787,2000,0,B
1,-1,6,21,0,1467,2000,0,B
1,0,-4,22,14,2000,2000,0,A
1,0,-3,18,18,2000,2000,0,A
1,0,-2,16,15,2000,2000,0,A
1,0,-1,21,20,2000,2000,0,A
1,0,0,27,17,2000,2000,0,A
1,0,1,13,2,2000,2000,0,A
1,0,2,21,0,1996,2000,0,B
1,0,3,22,0,1970,2000,0,B
1,0,4,25,0,1866,2000,0,B
1,0,5,17,0,1623,2000,0,B
1,0,6,24,0,1148,2000,0,B
1,1,-5,13,8,2000,2000,0,A
1,1,-4,27,17,2000,2000,0,A
1,1,-3,22,22,2000,2000,0,A
1,1,-2,24,20,2000,2000,0,A
1,1,-1,20,15,2000,2000,0,A
1,1,0,18,8,2000,2000,0,A
1,1,1,21,0,1997,2000,0,B
1,1,2,27,0,1976,2000,0,B
1,1,3,17,0,1901,2000,0,B
1,1,4,18,0,1675,2000,0,B
1,1,5,19,0,1334,2000,0,B
1,2,-5,18,15,2000,2000,0,A
1,2,-4,23,16,2000,2000,0,A
1,2,-3,15,11,2000,2000,0,A
1,2,-2,21,15,2000,2000,0,A
1,2,-1,31,6,2000,2000,0,A
1,2,0,32,0,1997,2000,0,B
1,2,1,19,0,1983,2000,0,B
1,2,2,17,0,1931,2000,0,B
1,2,3,23,0,1764,2000,0,B
1,2,4,18,0,1408,2000,0,B
1,2,5,22,0,984,1994,6,C
1,3,-6,25,9,2000,2000,0,A
1,3,-5,19,5,2000,2000,0,A
1,3,-4,27,11,2000,2000,0,A
1,3,-3,25,3,2000,2000,0,A
1,3,-2,22,0,1999,2000,0,B
1,3,-1,16,0,1995,2000,0,B
1,3,0,20,0,1975,2000,0,B
1,3,1,22,0,1921,2000,0,B
1,4,-3,24,0,1998,2000,0,B
2,-7,6,23,0,1647,2000,0,B
2,-7,7,19,0,1421,2000,0,B
2,-7,8,15,0,1026,1987,13,C
2,-6,2,23,0,1979,2000,0,B
2,-6,3,23,0,1970,2000,0,B
2,-6,4,24,0,1934,2000,0,B
2,-6,5,15,0,1872,2000,0,B
2,-6,6,18,0,1753,2000,0,B
2,-6,7,20,0,1533,2000,0,B
2,-6,8,21,0,1206,1999,1,C
2,-5,-2,25,0,1979,2000,0,B
2,-5,-1,36,0,1991,2000,0,B
2,-5,0,29,0,1994,2000,0,B
2,-5,1,21,0,1997,2000,0,B
2,-5,2,19,0,1995,2000,0,B
2,-5,3,24,0,1994,2000,0,B
2,-5,4,24,0,1974,2000,0,B
2,-5,5,21,0,1914,2000,0,B
2,-5,6,22,0,1801,2000,0,B
2,-5,7,28,0,1585,2000,0,B
2,-5,8,18,0,1080,1999,1,C
2,-5,9,16,0,665,1918,82,C
2,-4,-3,25,0,1984,2000,0,B
2,-4,-2,16,0,1998,2000,0,B
2,-4,-1,26,0,1999,2000,0,B
2,-4,0,24,4,2000,2000,0,A
2,-4,1,21,5,2000,2000,0,A
2,-4,2,12,0,1999,2000,0,B
2,-4,3,20,0,1997,2000,0,B
2,-4,4,20,0,1985,2000,0,B
2,-4,5,23,0,1941,2000,0,B
2,-4,6,25,0,1808,2000,0,B
2,-4,7,13,0,1366,2000,0,B
2,-4,8,25,0,1095,2000,0,B
2,-3,-3,13,0,1998,2000,0,B
2,-3,-2,20,9,2000,2000,0,A
2,-3,-1,13,9,2000,2000,0,A
2,-3,0,23,16,2000,2000,0,A
2,-3,1,20,11,2000,2000,0,A
2,-3,2,18,6,2000,2000,0,A
2,-3,3,22,0,1999,2000,0,B
2,-3,4,23,0,1990,2000,0,B
2,-3,5,15,0,1921,2000,0,B
2,-3,6,20,0,1776,2000,0,B
2,-3,7,23,0,1378,2000,0,B
2,-2,-3,19,6,2000,2000,0,A
2,-2,-2,20,16,2000,2000,0,A
2,-2,-1,20,19,2000,2000,0,A
2,-2,0,23,19,2000,2000,0,A
2,-2,1,35,31,2000,2000,0,A
2,-2,2,24,9,2000,2000,0,A
2,-2,3,20,0,1999,2000,0,B
2,-2,4,24,0,1978,2000,0,B
2,-2,5,17,0,1854,2000,0,B
2,-2,6,27,0,1623,2000,0,B
2,-2,7,22,0,1262,2000,0,B
2,-1,-4,17,9,2000,2000,0,A
2,-1,-3,21,18,2000,2000,0,A
2,-1,-2,24,23,2000,2000,0,A
2,-1,-1,14,13,2000,2000,0,A
2,-1,0,23,19,2000,2000,0,A
2,-1,1,22,12,2000,2000,0,A
2,-1,2,17,0,1999,2000,0,B
2,-1,3,25,0,1992,2000,0,B
2,-1,4,20,0,1946,2000,0,B
2,-1,5,22,0,1781,2000,0,B
2,-1,6,21,0,1484,2000,0,B
2,0,-4,22,19,2000,2000,0,A
2,0,-3,18,16,2000,2000,0,A
2,0,-2,16,15,2000,2000,0,A
2,0,-1,21,17,2000,2000,0,A
2,0,0,27,15,2000,2000,0,A
2,0,1,13,2,2000,2000,0,A
2,0,2,21,0,1996,2000,0,B
2,0,3,22,0,1967,2000,0,B
2,0,4,25,0,1869,2000,0,B
2,0,5,17,0,1648,2000,0,B
2,0,6,24,0,1134,2000,0,B
2,1,-5,13,10,2000,2000,0,A
2,1,-4,27,20,2000,2000,0,A
2,1,-3,22,20,2000,2000,0,A
2,1,-2,24,22,2000,2000,0,A
2,1,-1,20,13,2000,2000,0,A
2,1,0,18,3,2000,2000,0,A
2,1,1,21,0,1996,2000,0,B
2,1,2,27,0,1980,2000,0,B
2,1,3,17,0,1920,2000,0,B
2,1,4,18,0,1685,2000,0,B
2,1,5,19,0,1296,2000,0,B
2,2,-5,18,9,2000,2000,0,A
2,2,-4,23,16,2000,2000,0,A
2,2,-3,15,11,2000,2000,0,A
2,2,-2,21,15,2000,2000,0,A
2,2,-1,31,5,2000,2000,0,A
2,2,0,32,0,1997,2000,0,B
2,2,1,19,0,1988,2000,0,B
2,2,2,17,0,1921,2000,0,B
2,2,3,23,0,1752,2000,0,B
2,2,4,18,0,1428,2000,0,B
2,2,5,22,0,993,2000,0,B
2,3,-6,25,10,2000,2000,0,A
2,3,-5,19,11,2000,2000,0,A
2,3,-4,27,10,2000,2000,0,A
2,3,-3,25,7,2000,2000,0,A
2,3,-2,22,1,2000,2000,0,A
2,3,-1,16,0,1997,2000,0,B
2,3,0,20,0,1973,2000,0,B
2,3,1,22,0,1918,2000,0,B
2,4,-3,24,0,1996,2000,0,B
3,-7,6,23,0,1669,2000,0,B
3,-7,7,19,0,1396,2000,0,B
3,-7,8,15,0,995,1991,9,C
3,-6,2,23,0,1982,2000,0,B
3,-6,3,23,0,1972,2000,0,B
3,-6,4,24,0,1938,2000,0,B
3,-6,5,15,0,1874,2000,0,B
3,-6,6,18,0,1751,2000,0,B
3,-6,7,20,0,1511,2000,0,B
3,-6,8,21,0,1191,2000,0,B
3,-5,-2,25,0,1976,2000,0,B
3,-5,-1,36,0,1996,2000,0,B
3,-5,0,29,0,1998,2000,0,B
3,-5,1,21,0,1999,2000,0,B
3,-5,2,19,0,1995,2000,0,B
3,-5,3,24,0,1991,2000,0,B
3,-5,4,24,0,1977,2000,0,B
3,-5,5,21,0,1922,2000,0,B
3,-5,6,22,0,1806,2000,0,B
3,-5,7,28,0,1597,2000,0,B
3,-5,8,18,0,1083,1999,1,C
3,-5,9,16,0,668,1924,76,C
3,-4,-3,25,0,1981,2000,0,B
3,-4,-2,16,0,1997,2000,0,B
3,-4,-1,26,0,1999,2000,0,B
3,-4,0,24,6,2000,2000,0,A
3,-4,1,21,2,2000,2000,0,A
3,-4,2,12,1,2000,2000,0,A
3,-4,3,20,0,1996,2000,0,B
3,-4,4,20,0,1984,2000,0,B
3,-4,5,23,0,1944,2000,0,B
3,-4,6,25,0,1821,2000,0,B
3,-4,7,13,0,1367,2000,0,B
3,-4,8,25,0,1082,2000,0,B
3,-3,-3,13,0,1999,2000,0,B
3,-3,-2,20,4,2000,2000,0,A
3,-3,-1,13,8,2000,2000,0,A
3,-3,0,23,18,2000,2000,0,A
3,-3,1,20,14,2000,2000,0,A
3,-3,2,18,4,2000,2000,0,A
3,-3,3,22,1,2000,2000,0,A
3,-3,4,23,0,1984,2000,0,B
3,-3,5,15,0,1936,2000,0,B
3,-3,6,20,0,1771,2000,0,B
3,-3,7,23,0,1417,2000,0,B
3,-2,-3,19,5,2000,2000,0,A
3,-2,-2,20,14,2000,2000,0,A
3,-2,-1,20,20,2000,2000,0,A
3,-2,0,23,22,2000,2000,0,A
3,-2,1,35,28,2000,2000,0,A
3,-2,2,24,7,2000,2000,0,A
3,-2,3,20,0,1996,2000,0,B
3,-2,4,24,0,1980,2000,0,B
3,-2,5,17,0,1867,2000,0,B
3,-2,6,27,0,1632,2000,0,B
3,-2,7,22,0,1262,2000,0,B
3,-1,-4,17,7,2000,2000,0,A
3,-1,-3,21,17,2000,2000,0,A
3,-1,-2,24,22,2000,2000,0,A
3,-1,-1,14,13,2000,2000,0,A
3,-1,0,23,21,2000,2000,0,A
3,-1,1,22,13,2000,2000,0,A
3,-1,2,17,1,2000,2000,0,A
3,-1,3,25,0,1991,2000,0,B
3,-1,4,20,0,1956,2000,0,B
3,-1,5,22,0,1801,2000,0,B
3,-1,6,21,0,1464,2000,0,B
3,0,-4,22,16,2000,2000,0,A
3,0,-3,18,16,2000,2000,0,A
3,0,-2,16,15,2000,2000,0,A
3,0,-1,21,19,2000,2000,0,A
3,0,0,27,20,2000,2000,0,A
3,0,1,13,3,2000,2000,0,A
3,0,2,21,0,1996,2000,0,B
3,0,3,22,0,1969,2000,0,B
3,0,4,25,0,1869,2000,0,B
3,0,5,17,0,1617,2000,0,B
3,0,6,24,0,1161,2000,0,B
3,1,-5,13,11,2000,2000,0,A
3,1,-4,27,23,2000,2000,0,A
3,1,-3,22,18,2000,2000,0,A
3,1,-2,24,20,2000,2000,0,A
3,1,-1,20,15,2000,2000,0,A
3,1,0,18,4,2000,2000,0,A
3,1,1,21,1,2000,2000,0,A
3,1,2,27,0,1987,2000,0,B
3,1,3,17,0,1908,2000,0,B
3,1,4,18,0,1699,2000,0,B
3,1,5,19,0,1310,2000,0,B
3,2,-5,18,15,2000,2000,0,A
3,2,-4,23,19,2000,2000,0,A
3,2,-3,15,9,2000,2000,0,A
3,2,-2,21,12,2000,2000,0,A
3,2,-1,31,8,2000,2000,0,A
3,2,0,32,0,1998,2000,0,B
3,2,1,19,0,1987,2000,0,B
3,2,2,17,0,1928,2000,0,B
3,2,3,23,0,1754,2000,0,B
3,2,4,18,0,1437,2000,0,B
3,2,5,22,0,963,1996,4,C
3,3,-6,25,9,2000,2000,0,A
3,3,-5,19,6,2000,2000,0,A
3,3,-4,27,10,2000,2000,0,A
3,3,-3,25,6,2000,2000,0,A
3,3,-2,22,0,1999,2000,0,B
3,3,-1,16,0,1995,2000,0,B
3,3,0,20,0,1976,2000,0,B
3,3,1,22,0,1919,2000,0,B
3,4,-3,24,0,1998,2000,0,B
4,-7,6,23,0,1637,2000,0,B
4,-7,7,19,0,1428,2000,0,B
4,-7,8,15,0,999,1996,4,C
4,-6,2,23,0,1972,2000,0,B
4,-6,3,23,0,1967,2000,0,B
4,-6,4,24,0,1955,2000,0,B
4,-6,5,15,0,1883,2000,0,B
4,-6,6,18,0,1736,2000,0,B
4,-6,7,20,0,1527,2000,0,B
4,-6,8,21,0,1189,1999,1,C
4,-5,-2,25,0,1969,2000,0,B
4,-5,-1,36,0,1992,2000,0,B
4,-5,0,29,1,2000,2000,0,A
4,-5,1,21,0,1996,2000,0,B
4,-5,2,19,0,1995,2000,0,B
4,-5,3,24,0,1995,2000,0,B
4,-5,4,24,0,1972,2000,0,B
4,-5,5,21,0,1920,2000,0,B
4,-5,6,22,0,1801,2000,0,B
4,-5,7,28,0,1596,2000,0,B
4,-5,8,18,0,1099,2000,0,B
4,-5,9,16,0,650,1924,76,C
4,-4,-3,25,0,1987,2000,0,B
4,-4,-2,16,0,1997,2000,0,B
4,-4,-1,26,1,2000,2000,0,A
4,-4,0,24,4,2000,2000,0,A
4,-4,1,21,4,2000,2000,0,A
4,-4,2,12,0,1999,2000,0,B
4,-4,3,20,0,1997,2000,0,B
4,-4,4,20,0,1989,2000,0,B
4,-4,5,23,0,1937,2000,0,B
4,-4,6,25,0,1804,2000,0,B
4,-4,7,13,0,1371,2000,0,B
4,-4,8,25,0,1062,2000,0,B
4,-3,-3,13,0,1999,2000,0,B
4,-3,-2,20,3,2000,2000,0,A
4,-3,-1,13,7,2000,2000,0,A
4,-3,0,23,15,2000,2000,0,A
4,-3,1,20,10,2000,2000,0,A
4,-3,2,18,4,2000,2000,0,A
4,-3,3,22,0,1998,2000,0,B
4,-3,4,23,0,1986,2000,0,B
4,-3,5,15,0,1920,2000,0,B
4,-3,6,20,0,1755,2000,0,B
4,-3,7,23,0,1395,2000,0,B
4,-2,-3,19,4,2000,2000,0,A
4,-2,-2,20,16,2000,2000,0,A
4,-2,-1,20,18,2000,2000,0,A
4,-2,0,23,22,2000,2000,0,A
4,-2,1,35,28,2000,2000,0,A
4,-2,2,24,10,2000,2000,0,A
4,-2,3,20,0,1997,2000,0,B
4,-2,4,24,0,1974,2000,0,B
4,-2,5,17,0,1864,2000,0,B
4,-2,6,27,0,1648,2000,0,B
4,-2,7,22,0,1237,2000,0,B
4,-1,-4,17,7,2000,2000,0,A
4,-1,-3,21,19,2000,2000,0,A
4,-1,-2,24,23,2000,2000,0,A
4,-1,-1,14,11,2000,2000,0,A
4,-1,0,23,21,2000,2000,0,A
4,-1,1,22,10,2000,2000,0,A
4,-1,2,17,5,2000,2000,0,A
4,-1,3,25,0,1992,2000,0,B
4,-1,4,20,0,1946,2000,0,B
4,-1,5,22,0,1799,2000,0,B
4,-1,6,21,0,1453,2000,0,B
4,0,-4,22,17,2000,2000,0,A
4,0,-3,18,16,2000,2000,0,A
4,0,-2,16,16,2000,2000,0,A
4,0,-1,21,19,2000,2000,0,A
4,0,0,27,25,2000,2000,0,A
4,0,1,13,1,2000,2000,0,A
4,0,2,21,0,1997,2000,0,B
4,0,3,22,0,1970,2000,0,B
4,0,4,25,0,1887,2000,0,B
4,0,5,17,0,1625,2000,0,B
4,0,6,24,0,1174,2000,0,B
4,1,-5,13,9,2000,2000,0,A
4,1,-4,27,20,2000,2000,0,A
4,1,-3,22,22,2000,2000,0,A
4,1,-2,24,24,2000,2000,0,A
4,1,-1,20,14,2000,2000,0,A
4,1,0,18,3,2000,2000,0,A
4,1,1,21,0,1998,2000,0,B
4,1,2,27,0,1976,2000,0,B
4,1,3,17,0,1900,2000,0,B
4,1,4,18,0,1702,2000,0,B
4,1,5,19,0,1307,1999,1,C
4,2,-5,18,13,2000,2000,0,A
4,2,-4,23,18,2000,2000,0,A
4,2,-3,15,10,2000,2000,0,A
4,2,-2,21,11,2000,2000,0,A
4,2,-1,31,4,2000,2000,0,A
4,2,0,32,0,1998,2000,0,B
4,2,1,19,0,1982,2000,0,B
4,2,2,17,0,1917,2000,0,B
4,2,3,23,0,1757,2000,0,B
4,2,4,18,0,1439,2000,0,B
4,2,5,22,0,960,1998,2,C
4,3,-6,25,12,2000,2000,0,A
4,3,-5,19,7,2000,2000,0,A
4,3,-4,27,15,2000,2000,0,A
4,3,-3,25,7,2000,2000,0,A
4,3,-2,22,0,1999,2000,0,B
4,3,-1,16,0,1996,2000,0,B
4,3,0,20,0,1974,2000,0,B
4,3,1,22,0,1919,2000,0,B
4,4,-3,24,0,1996,2000,0,B
5,-7,6,23,0,1650,2000,0,B
5,-7,7,19,0,1407,2000,0,B
5,-7,8,15,0,1002,1995,5,C
5,-6,2,23,0,1979,2000,0,B
5,-6,3,23,0,1971,2000,0,B
5,-6,4,24,0,1935,2000,0,B
5,-6,5,15,0,1878,2000,0,B
5,-6,6,18,0,1747,2000,0,B
5,-6,7,20,0,1508,2000,0,B
5,-6,8,21,0,1141,1999,1,C
5,-5,-2,25,0,1971,2000,0,B
5,-5,-1,36,0,1988,2000,0,B
5,-5,0,29,0,1997,2000,0,B
5,-5,1,21,0,1999,2000,0,B
5,-5,2,19,0,1995,2000,0,B
5,-5,3,24,0,1994,2000,0,B
5,-5,4,24,0,1975,2000,0,B
5,-5,5,21,0,1913,2000,0,B
5,-5,6,22,0,1812,2000,0,B
5,-5,7,28,0,1540,2000,0,B
5,-5,8,18,0,1128,1999,1,C
5,-5,9,16,0,669,1927,73,C
5,-4,-3,25,0,1984,2000,0,B
5,-4,-2,16,0,1996,2000,0,B
5,-4,-1,26,1,2000,2000,0,A
5,-4,0,24,3,2000,2000,0,A
5,-4,1,21,6,2000,2000,0,A
5,-4,2,12,1,2000,2000,0,A
5,-4,3,20,0,1996,2000,0,B
5,-4,4,20,0,1985,2000,0,B
5,-4,5,23,0,1943,2000,0,B
5,-4,6,25,0,1803,2000,0,B
5,-4,7,13,0,1392,2000,0,B
5,-4,8,25,0,1091,2000,0,B
5,-3,-3,13,0,1999,2000,0,B
5,-3,-2,20,7,2000,2000,0,A
5,-3,-1,13,8,2000,2000,0,A
5,-3,0,23,13,2000,2000,0,A
5,-3,1,20,12,2000,2000,0,A
5,-3,2,18,7,2000,2000,0,A
5,-3,3,22,0,1999,2000,0,B
5,-3,4,23,0,1987,2000,0,B
5,-3,5,15,0,1931,2000,0,B
5,-3,6,20,0,1763,2000,0,B
5,-3,7,23,0,1367,2000,0,B
5,-2,-3,19,5,2000,2000,0,A
5,-2,-2,20,17,2000,2000,0,A
5,-2,-1,20,18,2000,2000,0,A
5,-2,0,23,21,2000,2000,0,A
5,-2,1,35,29,2000,2000,0,A
5,-2,2,24,9,2000,2000,0,A
5,-2,3,20,0,1999,2000,0,B
5,-2,4,24,0,1982,2000,0,B
5,-2,5,17,0,1860,2000,0,B
5,-2,6,27,0,1645,2000,0,B
5,-2,7,22,0,1245,2000,0,B
5,-1,-4,17,9,2000,2000,0,A
5,-1,-3,21,17,2000,2000,0,A
5,-1,-2,24,20,2000,2000,0,A
5,-1,-1,14,14,2000,2000,0,A
5,-1,0,23,21,2000,2000,0,A
5,-1,1,22,14,2000,2000,0,A
5,-1,2,17,2,2000,2000,0,A
5,-1,3,25,0,1990,2000,0,B
5,-1,4,20,0,1950,2000,0,B
5,-1,5,22,0,1807,2000,0,B
5,-1,6,21,0,1488,2000,0,B
5,0,-4,22,18,2000,2000,0,A
5,0,-3,18,16,2000,2000,0,A
5,0,-2,16,16,2000,2000,0,A
5,0,-1,21,17,2000,2000,0,A
5,0,0,27,17,2000,2000,0,A
5,0,1,13,2,2000,2000,0,A
5,0,2,21,0,1996,2000,0,B
5,0,3,22,0,1964,2000,0,B
5,0,4,25,0,1877,2000,0,B
5,0,5,17,0,1637,2000,0,B
5,0,6,24,0,1172,2000,0,B
5,1,-5,13,9,2000,2000,0,A
5,1,-4,27,25,2000,2000,0,A
5,1,-3,22,20,2000,2000,0,A
5,1,-2,24,21,2000,2000,0,A
5,1,-1,20,20,2000,2000,0,A
5,1,0,18,5,2000,2000,0,A
5,1,1,21,0,1999,2000,0,B
5,1,2,27,0,1980,2000,0,B
5,1,3,17,0,1922,2000,0,B
5,1,4,18,0,1666,2000,0,B
5,1,5,19,0,1324,2000,0,B
5,2,-5,18,14,2000,2000,0,A
5,2,-4,23,18,2000,2000,0,A
5,2,-3,15,12,2000,2000,0,A
5,2,-2,21,9,2000,2000,0,A
5,2,-1,31,4,2000,2000,0,A
5,2,0,32,0,1998,2000,0,B
5,2,1,19,0,1983,2000,0,B
5,2,2,17,0,1925,2000,0,B
5,2,3,23,0,1757,2000,0,B
5,2,4,18,0,1388,2000,0,B
5,2,5,22,0,942,1998,2,C
5,3,-6,25,8,2000,2000,0,A
5,3,-5,19,11,2000,2000,0,A
5,3,-4,27,9,2000,2000,0,A
5,3,-3,25,5,2000,2000,0,A
5,3,-2,22,2,2000,2000,0,A
5,3,-1,16,0,1995,2000,0,B
5,3,0,20,0,1974,2000,0,B
5,3,1,22,0,1919,2000,0,B
5,4,-3,24,0,1997,2000,0,B
6,-7,6,23,0,1597,2000,0,B
6,-7,7,19,0,1454,2000,0,B
6,-7,8,15,0,991,1995,5,C
6,-6,2,23,0,1977,2000,0,B
6,-6,3,23,0,1970,2000,0,B
6,-6,4,24,0,1944,2000,0,B
6,-6,5,15,0,1905,2000,0,B
6,-6,6,18,0,1733,2000,0,B
6,-6,7,20,0,1530,2000,0,B
6,-6,8,21,0,1169,1998,2,C
6,-5,-2,25,0,1975,2000,0,B
6,-5,-1,36,0,1990,2000,0,B
6,-5,0,29,0,1996,2000,0,B
6,-5,1,21,0,1997,2000,0,B
6,-5,2,19,0,1995,2000,0,B
6,-5,3,24,0,1994,2000,0,B
6,-5,4,24,0,1976,2000,0,B
6,-5,5,21,0,1907,2000,0,B
6,-5,6,22,0,1796,2000,0,B
6,-5,7,28,0,1592,2000,0,B
6,-5,8,18,0,1111,2000,0,B
6,-5,9,16,0,657,1919,81,C
6,-4,-3,25,0,1987,2000,0,B
6,-4,-2,16,0,1996,2000,0,B
6,-4,-1,26,1,2000,2000,0,A
6,-4,0,24,5,2000,2000,0,A
6,-4,1,21,7,2000,2000,0,A
6,-4,2,12,0,1998,2000,0,B
6,-4,3,20,0,1997,2000,0,B
6,-4,4,20,0,1991,2000,0,B
6,-4,5,23,0,1946,2000,0,B
6,-4,6,25,0,1825,2000,0,B
6,-4,7,13,0,1391,2000,0,B
6,-4,8,25,0,1078,2000,0,B
6,-3,-3,13,0,1999,2000,0,B
6,-3,-2,20,5,2000,2000,0,A
6,-3,-1,13,7,2000,2000,0,A
6,-3,0,23,18,2000,2000,0,A
6,-3,1,20,11,2000,2000,0,A
6,-3,2,18,6,2000,2000,0,A
6,-3,3,22,0,1998,2000,0,B
6,-3,4,23,0,1984,2000,0,B
6,-3,5,15,0,1922,2000,0,B
6,-3,6,20,0,1766,2000,0,B
6,-3,7,23,0,1385,2000,0,B
6,-2,-3,19,5,2000,2000,0,A
6,-2,-2,20,18,2000,2000,0,A
6,-2,-1,20,17,2000,2000,0,A
6,-2,0,23,18,2000,2000,0,A
6,-2,1,35,27,2000,2000,0,A
6,-2,2,24,6,2000,2000,0,A
6,-2,3,20,0,1995,2000,0,B
6,-2,4,24,0,1979,2000,0,B
6,-2,5,17,0,1846,2000,0,B
6,-2,6,27,0,1649,2000,0,B
6,-2,7,22,0,1286,2000,0,B
6,-1,-4,17,4,2000,2000,0,A
6,-1,-3,21,16,2000,2000,0,A
6,-1,-2,24,24,2000,2000,0,A
6,-1,-1,14,12,2000,2000,0,A
6,-1,0,23,22,2000,2000,0,A
6,-1,1,22,15,2000,2000,0,A
6,-1,2,17,3,2000,2000,0,A
6,-1,3,25,0,1991,2000,0,B
6,-1,4,20,0,1942,2000,0,B
6,-1,5,22,0,1816,2000,0,B
6,-1,6,21,0,1451,2000,0,B
6,0,-4,22,14,2000,2000,0,A
6,0,-3,18,13,2000,2000,0,A
6,0,-2,16,16,2000,2000,0,A
6,0,-1,21,18,2000,2000,0,A
6,0,0,27,21,2000,2000,0,A
6,0,1,13,2,2000,2000,0,A
6,0,2,21,0,1999,2000,0,B
6,0,3,22,0,1978,2000,0,B
6,0,4,25,0,1875,2000,0,B
6,0,5,17,0,1606,2000,0,B
6,0,6,24,0,1162,2000,0,B
6,1,-5,13,6,2000,2000,0,A
6,1,-4,27,22,2000,2000,0,A
6,1,-3,22,20,2000,2000,0,A
6,1,-2,24,24,2000,2000,0,A
6,1,-1,20,16,2000,2000,0,A
6,1,0,18,3,2000,2000,0,A
6,1,1,21,0,1999,2000,0,B
6,1,2,27,0,1982,2000,0,B
6,1,3,17,0,1880,2000,0,B
6,1,4,18,0,1681,2000,0,B
6,1,5,19,0,1331,2000,0,B
6,2,-5,18,13,2000,2000,0,A
6,2,-4,23,16,2000,2000,0,A
6,2,-3,15,13,2000,2000,0,A
6,2,-2,21,10,2000,2000,0,A
6,2,-1,31,5,2000,2000,0,A
6,2,0,32,0,1999,2000,0,B
6,2,1,19,0,1983,2000,0,B
6,2,2,17,0,1935,2000,0,B
6,2,3,23,0,1764,2000,0,B
6,2,4,18,0,1402,2000,0,B
6,2,5,22,0,933,1997,3,C
6,3,-6,25,6,2000,2000,0,A
6,3,-5,19,8,2000,2000,0,A
6,3,-4,27,12,2000,2000,0,A
6,3,-3,25,4,2000,2000,0,A
6,3,-2,22,1,2000,2000,0,A
6,3,-1,16,0,1996,2000,0,B
6,3,0,20,0,1975,2000,0,B
6,3,1,22,0,1909,2000,0,B
6,4,-3,24,0,1996,2000,0,B
7,-7,6,23,0,1627,2000,0,B
7,-7,7,19,0,1409,2000,0,B
7,-7,8,15,0,973,1994,6,C
7,-6,2,23,0,1978,2000,0,B
7,-6,3,23,0,1965,2000,0,B
7,-6,4,24,0,1947,2000,0,B
7,-6,5,15,0,1890,2000,0,B
7,-6,6,18,0,1765,2000,0,B
7,-6,7,20,0,1514,2000,0,B
7,-6,8,21,0,1177,2000,0,B
7,-5,-2,25,0,1976,2000,0,B
7,-5,-1,36,0,1987,2000,0,B
7,-5,0,29,0,1995,2000,0,B
7,-5,1,21,0,1999,2000,0,B
7,-5,2,19,0,1996,2000,0,B
7,-5,3,24,0,1995,2000,0,B
7,-5,4,24,0,1974,2000,0,B
7,-5,5,21,0,1906,2000,0,B
7,-5,6,22,0,1805,2000,0,B
7,-5,7,28,0,1556,2000,0,B
7,-5,8,18,0,1089,2000,0,B
7,-5,9,16,0,717,1926,74,C
7,-4,-3,25,0,1984,2000,0,B
7,-4,-2,16,0,1997,2000,0,B
7,-4,-1,26,0,1999,2000,0,B
7,-4,0,24,2,2000,2000,0,A
7,-4,1,21,3,2000,2000,0,A
7,-4,2,12,0,1998,2000,0,B
7,-4,3,20,0,1998,2000,0,B
7,-4,4,20,0,1985,2000,0,B
7,-4,5,23,0,1931,2000,0,B
7,-4,6,25,0,1812,2000,0,B
7,-4,7,13,0,1388,2000,0,B
7,-4,8,25,0,1060,2000,0,B
7,-3,-3,13,0,1999,2000,0,B
7,-3,-2,20,5,2000,2000,0,A
7,-3,-1,13,8,2000,2000,0,A
7,-3,0,23,17,2000,2000,0,A
7,-3,1,20,14,2000,2000,0,A
7,-3,2,18,8,2000,2000,0,A
7,-3,3,22,0,1997,2000,0,B
7,-3,4,23,0,1986,2000,0,B
7,-3,5,15,0,1934,2000,0,B
7,-3,6,20,0,1733,2000,0,B
7,-3,7,23,0,1388,2000,0,B
7,-2,-3,19,8,2000,2000,0,A
7,-2,-2,20,18,2000,2000,0,A
7,-2,-1,20,19,2000,2000,0,A
7,-2,0,23,22,2000,2000,0,A
7,-2,1,35,28,2000,2000,0,A
7,-2,2,24,9,2000,2000,0,A
7,-2,3,20,0,1999,2000,0,B
7,-2,4,24,0,1983,2000,0,B
7,-2,5,17,0,1869,2000,0,B
7,-2,6,27,0,1620,2000,0,B
7,-2,7,22,0,1266,2000,0,B
7,-1,-4,17,8,2000,2000,0,A
7,-1,-3,21,14,2000,2000,0,A
7,-1,-2,24,19,2000,2000,0,A
7,-1,-1,14,12,2000,2000,0,A
7,-1,0,23,19,2000,2000,0,A
7,-1,1,22,13,2000,2000,0,A
7,-1,2,17,0,1999,2000,0,B
7,-1,3,25,0,1993,2000,0,B
7,-1,4,20,0,1951,2000,0,B
7,-1,5,22,0,1788,2000,0,B
7,-1,6,21,0,1469,2000,0,B
7,0,-4,22,18,2000,2000,0,A
7,0,-3,18,14,2000,2000,0,A
7,0,-2,16,15,2000,2000,0,A
7,0,-1,21,20,2000,2000,0,A
7,0,0,27,19,2000,2000,0,A
7,0,1,13,1,2000,2000,0,A
7,0,2,21,0,1996,2000,0,B
7,0,3,22,0,1972,2000,0,B
7,0,4,25,0,1869,2000,0,B
7,0,5,17,0,1627,2000,0,B
7,0,6,24,0,1174,2000,0,B
7,1,-5,13,9,2000,2000,0,A
7,1,-4,27,26,2000,2000,0,A
7,1,-3,22,22,2000,2000,0,A
7,1,-2,24,19,2000,2000,0,A
7,1,-1,20,17,2000,2000,0,A
7,1,0,18,5,2000,2000,0,A
7,1,1,21,0,1998,2000,0,B
7,1,2,27,0,1979,2000,0,B
7,1,3,17,0,1909,2000,0,B
7,1,4,18,0,1691,2000,0,B
7,1,5,19,0,1345,2000,0,B
7,2,-5,18,15,2000,2000,0,A
7,2,-4,23,18,2000,2000,0,A
7,2,-3,15,10,2000,2000,0,A
7,2,-2,21,13,2000,2000,0,A
7,2,-1,31,5,2000,2000,0,A
7,2,0,32,0,1997,2000,0,B
7,2,1,19,0,1988,2000,0,B
7,2,2,17,0,1905,2000,0,B
7,2,3,23,0,1754,2000,0,B
7,2,4,18,0,1410,2000,0,B
7,2,5,22,0,960,1995,5,C
7,3,-6,25,10,2000,2000,0,A
7,3,-5,19,9,2000,2000,0,A
7,3,-4,27,10,2000,2000,0,A
7,3,-3,25,9,2000,2000,0,A
7,3,-2,22,2,2000,2000,0,A
7,3,-1,16,0,1996,2000,0,B
7,3,0,20,0,1977,2000,0,B
7,3,1,22,0,1914,2000,0,B
7,4,-3,24,0,1997,2000,0,B
8,-7,6,23,0,1631,2000,0,B
8,-7,7,19,0,1419,2000,0,B
8,-7,8,15,0,1002,1993,7,C
8,-6,2,23,0,1977,2000,0,B
8,-6,3,23,0,1972,2000,0,B
8,-6,4,24,0,1943,2000,0,B
8,-6,5,15,0,1877,2000,0,B
8,-6,6,18,0,1730,2000,0,B
8,-6,7,20,0,1494,2000,0,B
8,-6,8,21,0,1178,1999,1,C
8,-5,-2,25,0,1978,2000,0,B
8,-5,-1,36,0,1989,2000,0,B
8,-5,0,29,0,1996,2000,0,B
8,-5,1,21,0,1998,2000,0,B
8,-5,2,19,0,1992,2000,0,B
8,-5,3,24,0,1991,2000,0,B
8,-5,4,24,0,1977,2000,0,B
8,-5,5,21,0,1912,2000,0,B
8,-5,6,22,0,1791,2000,0,B
8,-5,7,28,0,1578,2000,0,B
8,-5,8,18,0,1101,2000,0,B
8,-5,9,16,0,665,1917,83,C
8,-4,-3,25,0,1991,2000,0,B
8,-4,-2,16,0,1997,2000,0,B
8,-4,-1,26,0,1999,2000,0,B
8,-4,0,24,2,2000,2000,0,A
8,-4,1,21,3,2000,2000,0,A
8,-4,2,12,0,1999,2000,0,B
8,-4,3,20,0,1997,2000,0,B
8,-4,4,20,0,1984,2000,0,B
8,-4,5,23,0,1941,2000,0,B
8,-4,6,25,0,1812,2000,0,B
8,-4,7,13,0,1408,2000,0,B
8,-4,8,25,0,1068,2000,0,B
8,-3,-3,13,0,1998,2000,0,B
8,-3,-2,20,9,2000,2000,0,A
8,-3,-1,13,4,2000,2000,0,A
8,-3,0,23,16,2000,2000,0,A
8,-3,1,20,10,2000,2000,0,A
8,-3,2,18,6,2000,2000,0,A
8,-3,3,22,0,1999,2000,0,B
8,-3,4,23,0,1984,2000,0,B
8,-3,5,15,0,1936,2000,0,B
8,-3,6,20,0,1747,2000,0,B
8,-3,7,23,0,1380,2000,0,B
8,-2,-3,19,3,2000,2000,0,A
8,-2,-2,20,16,2000,2000,0,A
8,-2,-1,20,19,2000,2000,0,A
8,-2,0,23,21,2000,2000,0,A
8,-2,1,35,26,2000,2000,0,A
8,-2,2,24,7,2000,2000,0,A
8,-2,3,20,0,1998,2000,0,B
8,-2,4,24,0,1977,2000,0,B
8,-2,5,17,0,1868,2000,0,B
8,-2,6,27,0,1626,2000,0,B
8,-2,7,22,0,1227,2000,0,B
8,-1,-4,17,9,2000,2000,0,A
8,-1,-3,21,20,2000,2000,0,A
8,-1,-2,24,24,2000,2000,0,A
8,-1,-1,14,12,2000,2000,0,A
8,-1,0,23,22,2000,2000,0,A
8,-1,1,22,12,2000,2000,0,A
8,-1,2,17,1,2000,2000,0,A
8,-1,3,25,0,1996,2000,0,B
8,-1,4,20,0,1958,2000,0,B
8,-1,5,22,0,1781,2000,0,B
8,-1,6,21,0,1456,2000,0,B
8,0,-4,22,15,2000,2000,0,A
8,0,-3,18,16,2000,2000,0,A
8,0,-2,16,16,2000,2000,0,A
8,0,-1,21,18,2000,2000,0,A
8,0,0,27,18,2000,2000,0,A
8,0,1,13,2,2000,2000,0,A
8,0,2,21,0,1997,2000,0,B
8,0,3,22,0,1974,2000,0,B
8,0,4,25,0,1860,2000,0,B
8,0,5,17,0,1661,2000,0,B
8,0,6,24,0,1143,2000,0,B
8,1,-5,13,5,2000,2000,0,A
8,1,-4,27,22,2000,2000,0,A
8,1,-3,22,21,2000,2000,0,A
8,1,-2,24,21,2000,2000,0,A
8,1,-1,20,16,2000,2000,0,A
8,1,0,18,5,2000,2000,0,A
8,1,1,21,0,1997,2000,0,B
8,1,2,27,0,1985,2000,0,B
8,1,3,17,0,1911,2000,0,B
8,1,4,18,0,1690,2000,0,B
8,1,5,19,0,1320,2000,0,B
8,2,-5,18,13,2000,2000,0,A
8,2,-4,23,19,2000,2000,0,A
8,2,-3,15,9,2000,2000,0,A
8,2,-2,21,9,2000,2000,0,A
8,2,-1,31,4,2000,2000,0,A
8,2,0,32,0,1999,2000,0,B
8,2,1,19,0,1993,2000,0,B
8,2,2,17,0,1920,2000,0,B
8,2,3,23,0,1739,2000,0,B
8,2,4,18,0,1401,2000,0,B
8,2,5,22,0,974,1998,2,C
8,3,-6,25,8,2000,2000,0,A
8,3,-5,19,5,2000,2000,0,A
8,3,-4,27,10,2000,2000,0,A
8,3,-3,25,6,2000,2000,0,A
8,3,-2,22,0,1999,2000,0,B
8,3,-1,16,0,1992,2000,0,B
8,3,0,20,0,1971,2000,0,B
8,3,1,22,0,1928,2000,0,B
8,4,-3,24,0,1999,2000,0,B
9,-7,6,23,0,1660,2000,0,B
9,-7,7,19,0,1418,2000,0,B
9,-7,8,15,0,1013,1991,9,C
9,-6,2,23,0,1980,2000,0,B
9,-6,3,23,0,1966,2000,0,B
9,-6,4,24,0,1948,2000,0,B
9,-6,5,15,0,1868,2000,0,B
9,-6,6,18,0,1754,2000,0,B
9,-6,7,20,0,1494,2000,0,B
9,-6,8,21,0,1176,1999,1,C
9,-5,-2,25,0,1977,2000,0,B
9,-5,-1,36,0,1990,2000,0,B
9,-5,0,29,0,1996,2000,0,B
9,-5,1,21,0,1999,2000,0,B
9,-5,2,19,0,1997,2000,0,B
9,-5,3,24,0,1994,2000,0,B
9,-5,4,24,0,1976,2000,0,B
9,-5,5,21,0,1929,2000,0,B
9,-5,6,22,0,1792,2000,0,B
9,-5,7,28,0,1578,2000,0,B
9,-5,8,18,0,1069,2000,0,B
9,-5,9,16,0,689,1917,83,C
9,-4,-3,25,0,1987,2000,0,B
9,-4,-2,16,0,1998,2000,0,B
9,-4,-1,26,3,2000,2000,0,A
9,-4,0,24,3,2000,2000,0,A
9,-4,1,21,4,2000,2000,0,A
9,-4,2,12,2,2000,2000,0,A
9,-4,3,20,0,1995,2000,0,B
9,-4,4,20,0,1984,2000,0,B
9,-4,5,23,0,1945,2000,0,B
9,-4,6,25,0,1824,2000,0,B
9,-4,7,13,0,1412,2000,0,B
9,-4,8,25,0,1074,2000,0,B
9,-3,-3,13,0,1998,2000,0,B
9,-3,-2,20,3,2000,2000,0,A
9,-3,-1,13,9,2000,2000,0,A
9,-3,0,23,13,2000,2000,0,A
9,-3,1,20,16,2000,2000,0,A
9,-3,2,18,6,2000,2000,0,A
9,-3,3,22,0,1999,2000,0,B
9,-3,4,23,0,1986,2000,0,B
9,-3,5,15,0,1926,2000,0,B
9,-3,6,20,0,1766,2000,0,B
9,-3,7,23,0,1383,2000,0,B
9,-2,-3,19,4,2000,2000,0,A
9,-2,-2,20,17,2000,2000,0,A
9,-2,-1,20,20,2000,2000,0,A
9,-2,0,23,22,2000,2000,0,A
9,-2,1,35,29,2000,2000,0,A
9,-2,2,24,6,2000,2000,0,A
9,-2,3,20,0,1998,2000,0,B
9,-2,4,24,0,1978,2000,0,B
9,-2,5,17,0,1861,2000,0,B
9,-2,6,27,0,1645,2000,0,B
9,-2,7,22,0,1240,2000,0,B
9,-1,-4,17,6,2000,2000,0,A
9,-1,-3,21,16,2000,2000,0,A
9,-1,-2,24,21,2000,2000,0,A
9,-1,-1,14,14,2000,2000,0,A
9,-1,0,23,21,2000,2000,0,A
9,-1,1,22,13,2000,2000,0,A
9,-1,2,17,2,2000,2000,0,A
9,-1,3,25,0,1991,2000,0,B
9,-1,4,20,0,1965,2000,0,B
9,-1,5,22,0,1806,2000,0,B
9,-1,6,21,0,1474,2000,0,B
9,0,-4,22,15,2000,2000,0,A
9,0,-3,18,16,2000,2000,0,A
9,0,-2,16,16,2000,2000,0,A
9,0,-1,21,19,2000,2000,0,A
9,0,0,27,21,2000,2000,0,A
9,0,1,13,2,2000,2000,0,A
9,0,2,21,0,1993,2000,0,B
9,0,3,22,0,1977,2000,0,B
9,0,4,25,0,1868,2000,0,B
9,0,5,17,0,1630,2000,0,B
9,0,6,24,0,1127,2000,0,B
9,1,-5,13,6,2000,2000,0,A
9,1,-4,27,22,2000,2000,0,A
9,1,-3,22,22,2000,2000,0,A
9,1,-2,24,22,2000,2000,0,A
9,1,-1,20,16,2000,2000,0,A
9,1,0,18,4,2000,2000,0,A
9,1,1,21,0,1997,2000,0,B
9,1,2,27,0,1983,2000,0,B
9,1,3,17,0,1889,2000,0,B
9,1,4,18,0,1694,2000,0,B
9,1,5,19,0,1336,2000,0,B
9,2,-5,18,9,2000,2000,0,A
9,2,-4,23,20,2000,2000,0,A
9,2,-3,15,11,2000,2000,0,A
9,2,-2,21,9,2000,2000,0,A
9,2,-1,31,6,2000,2000,0,A
9,2,0,32,0,1998,2000,0,B
9,2,1,19,0,1986,2000,0,B
9,2,2,17,0,1921,2000,0,B
9,2,3,23,0,1753,2000,0,B
9,2,4,18,0,1373,2000,0,B
9,2,5,22,0,985,1996,4,C
9,3,-6,25,8,2000,2000,0,A
9,3,-5,19,8,2000,2000,0,A
9,3,-4,27,9,2000,2000,0,A
9,3,-3,25,6,2000,2000,0,A
9,3,-2,22,1,2000,2000,0,A
9,3,-1,16,0,1995,2000,0,B
9,3,0,20,0,1975,2000,0,B
9,3,1,22,0,1916,2000,0,B
9,4,-3,24,0,1996,2000,0,B
10,-7,6,23,0,1630,2000,0,B
10,-7,7,19,0,1387,2000,0,B
10,-7,8,15,0,1007,1995,5,C
10,-6,2,23,0,1973,2000,0,B
10,-6,3,23,0,1964,2000,0,B
10,-6,4,24,0,1929,2000,0,B
10,-6,5,15,0,1881,2000,0,B
10,-6,6,18,0,1744,2000,0,B
10,-6,7,20,0,1525,2000,0,B
10,-6,8,21,0,1192,1999,1,C
10,-5,-2,25,0,1973,2000,0,B
10,-5,-1,36,0,1991,2000,0,B
10,-5,0,29,0,1998,2000,0,B
10,-5,1,21,0,1999,2000,0,B
10,-5,2,19,0,1996,2000,0,B
10,-5,3,24,0,1996,2000,0,B
10,-5,4,24,0,1976,2000,0,B
10,-5,5,21,0,1918,2000,0,B
10,-5,6,22,0,1800,2000,0,B
10,-5,7,28,0,1594,2000,0,B
10,-5,8,18,0,1084,2000,0,B
10,-5,9,16,0,673,1907,93,C
10,-4,-3,25,0,1987,2000,0,B
10,-4,-2,16,0,1995,2000,0,B
10,-4,-1,26,1,2000,2000,0,A
10,-4,0,24,5,2000,2000,0,A
10,-4,1,21,5,2000,2000,0,A
10,-4,2,12,1,2000,2000,0,A
10,-4,3,20,0,1996,2000,0,B
10,-4,4,20,0,1984,2000,0,B
10,-4,5,23,0,1942,2000,0,B
10,-4,6,25,0,1800,2000,0,B
10,-4,7,13,0,1400,2000,0,B
10,-4,8,25,0,1087,2000,0,B
10,-3,-3,13,0,1998,2000,0,B
10,-3,-2,20,8,2000,2000,0,A
10,-3,-1,13,6,2000,2000,0,A
10,-3,0,23,16,2000,2000,0,A
10,-3,1,20,9,2000,2000,0,A
10,-3,2,18,4,2000,2000,0,A
10,-3,3,22,1,2000,2000,0,A
10,-3,4,23,0,1987,2000,0,B
10,-3,5,15,0,1933,2000,0,B
10,-3,6,20,0,1750,2000,0,B
10,-3,7,23,0,1362,2000,0,B
10,-2,-3,19,6,2000,2000,0,A
10,-2,-2,20,15,2000,2000,0,A
10,-2,-1,20,20,2000,2000,0,A
10,-2,0,23,19,2000,2000,0,A
10,-2,1,35,29,2000,2000,0,A
10,-2,2,24,9,2000,2000,0,A
10,-2,3,20,0,1995,2000,0,B
10,-2,4,24,0,1983,2000,0,B
10,-2,5,17,0,1844,2000,0,B
10,-2,6,27,0,1670,2000,0,B
10,-2,7,22,0,1261,2000,0,B
10,-1,-4,17,6,2000,2000,0,A
10,-1,-3,21,17,2000,2000,0,A
10,-1,-2,24,22,2000,2000,0,A
10,-1,-1,14,12,2000,2000,0,A
10,-1,0,23,17,2000,2000,0,A
10,-1,1,22,12,2000,2000,0,A
10,-1,2,17,2,2000,2000,0,A
10,-1,3,25,0,1990,2000,0,B
10,-1,4,20,0,1955,2000,0,B
10,-1,5,22,0,1804,2000,0,B
10,-1,6,21,0,1453,2000,0,B
10,0,-4,22,18,2000,2000,0,A
10,0,-3,18,16,2000,2000,0,A
10,0,-2,16,15,2000,2000,0,A
10,0,-1,21,20,2000,2000,0,A
10,0,0,27,21,2000,2000,0,A
10,0,1,13,3,2000,2000,0,A
10,0,2,21,0,1997,2000,0,B
10,0,3,22,0,1966,2000,0,B
10,0,4,25,0,1865,2000,0,B
10,0,5,17,0,1636,2000,0,B
10,0,6,24,0,1130,1999,1,C
10,1,-5,13,9,2000,2000,0,A
10,1,-4,27,21,2000,2000,0,A
10,1,-3,22,20,2000,2000,0,A
10,1,-2,24,21,2000,2000,0,A
10,1,-1,20,18,2000,2000,0,A
10,1,0,18,6,2000,2000,0,A
10,1,1,21,0,1998,2000,0,B
10,1,2,27,0,1980,2000,0,B
10,1,3,17,0,1905,2000,0,B
10,1,4,18,0,1694,2000,0,B
10,1,5,19,0,1298,2000,0,B
10,2,-5,18,14,2000,2000,0,A
10,2,-4,23,14,2000,2000,0,A
10,2,-3,15,10,2000,2000,0,A
10,2,-2,21,12,2000,2000,0,A
10,2,-1,31,2,2000,2000,0,A
10,2,0,32,0,1997,2000,0,B
10,2,1,19,0,1975,2000,0,B
10,2,2,17,0,1927,2000,0,B
10,2,3,23,0,1778,2000,0,B
10,2,4,18,0,1407,2000,0,B
10,2,5,22,0,951,1997,3,C
10,3,-6,25,9,2000,2000,0,A
10,3,-5,19,6,2000,2000,0,A
10,3,-4,27,8,2000,2000,0,A
10,3,-3,25,3,2000,2000,0,A
10,3,-2,22,0,1999,2000,0,B
10,3,-1,16,0,1994,2000,0,B
10,3,0,20,0,1984,2000,0,B
10,3,1,22,0,1917,2000,0,B
10,4,-3,24,0,1999,2000,0,B
11,-7,6,23,0,1605,2000,0,B
11,-7,7,19,0,1401,2000,0,B
11,-7,8,15,0,1041,1998,2,C
11,-6,2,23,0,1973,2000,0,B
11,-6,3,23,0,1967,2000,0,B
11,-6,4,24,0,1949,2000,0,B
11,-6,5,15,0,1883,2000,0,B
11,-6,6,18,0,1733,2000,0,B
11,-6,7,20,0,1494,2000,0,B
11,-6,8,21,0,1143,2000,0,B
11,-5,-2,25,0,1971,2000,0,B
11,-5,-1,36,0,1991,2000,0,B
11,-5,0,29,0,1996,2000,0,B
11,-5,1,21,0,1997,2000,0,B
11,-5,2,19,0,1994,2000,0,B
11,-5,3,24,0,1997,2000,0,B
11,-5,4,24,0,1975,2000,0,B
11,-5,5,21,0,1927,2000,0,B
11,-5,6,22,0,1798,2000,0,B
11,-5,7,28,0,1556,2000,0,B
11,-5,8,18,0,1112,1998,2,C
11,-5,9,16,0,663,1920,80,C
11,-4,-3,25,0,1984,2000,0,B
11,-4,-2,16,0,1994,2000,0,B
11,-4,-1,26,1,2000,2000,0,A
11,-4,0,24,7,2000,2000,0,A
11,-4,1,21,4,2000,2000,0,A
11,-4,2,12,0,1999,2000,0,B
11,-4,3,20,0,1997,2000,0,B
11,-4,4,20,0,1983,2000,0,B
11,-4,5,23,0,1951,2000,0,B
11,-4,6,25,0,1820,2000,0,B
11,-4,7,13,0,1366,2000,0,B
11,-4,8,25,0,1097,2000,0,B
11,-3,-3,13,0,1998,2000,0,B
11,-3,-2,20,6,2000,2000,0,A
11,-3,-1,13,4,2000,2000,0,A
11,-3,0,23,19,2000,2000,0,A
11,-3,1,20,11,2000,2000,0,A
11,-3,2,18,6,2000,2000,0,A
11,-3,3,22,0,1998,2000,0,B
11,-3,4,23,0,1985,2000,0,B
11,-3,5,15,0,1927,2000,0,B
11,-3,6,20,0,1771,2000,0,B
11,-3,7,23,0,1402,2000,0,B
11,-2,-3,19,7,2000,2000,0,A
11,-2,-2,20,18,2000,2000,0,A
11,-2,-1,20,18,2000,2000,0,A
11,-2,0,23,22,2000,2000,0,A
11,-2,1,35,25,2000,2000,0,A
11,-2,2,24,10,2000,2000,0,A
11,-2,3,20,0,1999,2000,0,B
11,-2,4,24,0,1973,2000,0,B
11,-2,5,17,0,1859,2000,0,B
11,-2,6,27,0,1655,2000,0,B
11,-2,7,22,0,1274,2000,0,B
11,-1,-4,17,8,2000,2000,0,A
11,-1,-3,21,18,2000,2000,0,A
11,-1,-2,24,24,2000,2000,0,A
11,-1,-1,14,13,2000,2000,0,A
11,-1,0,23,23,2000,2000,0,A
11,-1,1,22,14,2000,2000,0,A
11,-1,2,17,2,2000,2000,0,A
11,-1,3,25,0,1994,2000,0,B
11,-1,4,20,0,1944,2000,0,B
11,-1,5,22,0,1797,2000,0,B
11,-1,6,21,0,1470,2000,0,B
11,0,-4,22,13,2000,2000,0,A
11,0,-3,18,18,2000,2000,0,A
11,0,-2,16,16,2000,2000,0,A
11,0,-1,21,20,2000,2000,0,A
11,0,0,27,18,2000,2000,0,A
11,0,1,13,1,2000,2000,0,A
11,0,2,21,0,1997,2000,0,B
11,0,3,22,0,1971,2000,0,B
11,0,4,25,0,1876,2000,0,B
11,0,5,17,0,1629,2000,0,B
11,0,6,24,0,1156,2000,0,B
11,1,-5,13,10,2000,2000,0,A
11,1,-4,27,19,2000,2000,0,A
11,1,-3,22,21,2000,2000,0,A
11,1,-2,24,20,2000,2000,0,A
11,1,-1,20,12,2000,2000,0,A
11,1,0,18,5,2000,2000,0,A
11,1,1,21,0,1999,2000,0,B
11,1,2,27,0,1981,2000,0,B
11,1,3,17,0,1900,2000,0,B
11,1,4,18,0,1664,2000,0,B
11,1,5,19,0,1292,2000,0,B
11,2,-5,18,15,2000,2000,0,A
11,2,-4,23,18,2000,2000,0,A
11,2,-3,15,8,2000,2000,0,A
11,2,-2,21,13,2000,2000,0,A
11,2,-1,31,4,2000,2000,0,A
11,2,0,32,0,1997,2000,0,B
11,2,1,19,0,1978,2000,0,B
11,2,2,17,0,1938,2000,0,B
11,2,3,23,0,1768,2000,0,B
11,2,4,18,0,1380,2000,0,B
11,2,5,22,0,989,2000,0,B
11,3,-6,25,7,2000,2000,0,A
11,3,-5,19,10,2000,2000,0,A
11,3,-4,27,7,2000,2000,0,A
11,3,-3,25,4,2000,2000,0,A
11,3,-2,22,1,2000,2000,0,A
11,3,-1,16,0,1997,2000,0,B
11,3,0,20,0,1967,2000,0,B
11,3,1,22,0,1921,2000,0,B
11,4,-3,24,0,1997,2000,0,B
12,-7,6,23,0,1640,2000,0,B
12,-7,7,19,0,1418,2000,0,B
12,-7,8,15,0,1015,1993,7,C
12,-6,2,23,0,1970,2000,0,B
12,-6,3,23,0,1969,2000,0,B
12,-6,4,24,0,1945,2000,0,B
12,-6,5,15,0,1885,2000,0,B
12,-6,6,18,0,1768,2000,0,B
12,-6,7,20,0,1514,2000,0,B
12,-6,8,21,0,1172,2000,0,B
12,-5,-2,25,0,1975,2000,0,B
12,-5,-1,36,0,1991,2000,0,B
12,-5,0,29,0,1997,2000,0,B
12,-5,1,21,0,1998,2000,0,B
12,-5,2,19,0,1998,2000,0,B
12,-5,3,24,0,1995,2000,0,B
12,-5,4,24,0,1976,2000,0,B
12,-5,5,21,0,1927,2000,0,B
12,-5,6,22,0,1789,2000,0,B
12,-5,7,28,0,1595,2000,0,B
12,-5,8,18,0,1103,1999,1,C
12,-5,9,16,0,653,1917,83,C
12,-4,-3,25,0,1987,2000,0,B
12,-4,-2,16,0,1997,2000,0,B
12,-4,-1,26,1,2000,2000,0,A
12,-4,0,24,3,2000,2000,0,A
12,-4,1,21,3,2000,2000,0,A
12,-4,2,12,0,1999,2000,0,B
12,-4,3,20,0,1997,2000,0,B
12,-4,4,20,0,1990,2000,0,B
12,-4,5,23,0,1933,2000,0,B
12,-4,6,25,0,1813,2000,0,B
12,-4,7,13,0,1373,2000,0,B
12,-4,8,25,0,1082,1999,1,C
12,-3,-3,13,0,1998,2000,0,B
12,-3,-2,20,2,2000,2000,0,A
12,-3,-1,13,9,2000,2000,0,A
12,-3,0,23,15,2000,2000,0,A
12,-3,1,20,11,2000,2000,0,A
12,-3,2,18,4,2000,2000,0,A
12,-3,3,22,0,1999,2000,0,B
12,-3,4,23,0,1991,2000,0,B
12,-3,5,15,0,1916,2000,0,B
12,-3,6,20,0,1780,2000,0,B
12,-3,7,23,0,1377,2000,0,B
12,-2,-3,19,9,2000,2000,0,A
12,-2,-2,20,17,2000,2000,0,A
12,-2,-1,20,20,2000,2000,0,A
12,-2,0,23,20,2000,2000,0,A
12,-2,1,35,28,2000,2000,0,A
12,-2,2,24,10,2000,2000,0,A
12,-2,3,20,0,1996,2000,0,B
12,-2,4,24,0,1975,2000,0,B
12,-2,5,17,0,1852,2000,0,B
12,-2,6,27,0,1642,2000,0,B
12,-2,7,22,0,1228,2000,0,B
12,-1,-4,17,11,2000,2000,0,A
12,-1,-3,21,15,2000,2000,0,A
12,-1,-2,24,22,2000,2000,0,A
12,-1,-1,14,12,2000,2000,0,A
12,-1,0,23,22,2000,2000,0,A
12,-1,1,22,13,2000,2000,0,A
12,-1,2,17,1,2000,2000,0,A
12,-1,3,25,0,1992,2000,0,B
12,-1,4,20,0,1955,2000,0,B
12,-1,5,22,0,1786,2000,0,B
12,-1,6,21,0,1450,2000,0,B
12,0,-4,22,17,2000,2000,0,A
12,0,-3,18,13,2000,2000,0,A
12,0,-2,16,16,2000,2000,0,A
12,0,-1,21,18,2000,2000,0,A
12,0,0,27,21,2000,2000,0,A
12,0,1,13,6,2000,2000,0,A
12,0,2,21,0,1996,2000,0,B
12,0,3,22,0,1967,2000,0,B
12,0,4,25,0,1868,2000,0,B
12,0,5,17,0,1607,2000,0,B
12,0,6,24,0,1155,1999,1,C
12,1,-5,13,11,2000,2000,0,A
12,1,-4,27,22,2000,2000,0,A
12,1,-3,22,21,2000,2000,0,A
12,1,-2,24,23,2000,2000,0,A
12,1,-1,20,18,2000,2000,0,A
12,1,0,18,3,2000,2000,0,A
12,1,1,21,0,1999,2000,0,B
12,1,2,27,0,1985,2000,0,B
12,1,3,17,0,1883,2000,0,B
12,1,4,18,0,1705,2000,0,B
12,1,5,19,0,1291,2000,0,B
12,2,-5,18,10,2000,2000,0,A
12,2,-4,23,22,2000,2000,0,A
12,2,-3,15,12,2000,2000,0,A
12,2,-2,21,13,2000,2000,0,A
12,2,-1,31,5,2000,2000,0,A
12,2,0,32,0,1998,2000,0,B
12,2,1,19,0,1985,2000,0,B
12,2,2,17,0,1916,2000,0,B
12,2,3,23,0,1737,2000,0,B
12,2,4,18,0,1369,2000,0,B
12,2,5,22,0,947,1998,2,C
12,3,-6,25,7,2000,2000,0,A
12,3,-5,19,9,2000,2000,0,A
12,3,-4,27,10,2000,2000,0,A
12,3,-3,25,4,2000,2000,0,A
12,3,-2,22,0,1999,2000,0,B
12,3,-1,16,0,1998,2000,0,B
12,3,0,20,0,1972,2000,0,B
12,3,1,22,0,1926,2000,0,B
12,4,-3,24,0,1997,2000,0,B
13,-7,6,23,0,1639,2000,0,B
13,-7,7,19,0,1389,2000,0,B
13,-7,8,15,0,982,1992,8,C
13,-6,2,23,0,1972,2000,0,B
13,-6,3,23,0,1964,2000,0,B
13,-6,4,24,0,1937,2000,0,B
13,-6,5,15,0,1869,2000,0,B
13,-6,6,18,0,1743,2000,0,B
13,-6,7,20,0,1513,2000,0,B
13,-6,8,21,0,1172,2000,0,B
13,-5,-2,25,0,1977,2000,0,B
13,-5,-1,36,0,1993,2000,0,B
13,-5,0,29,0,1996,2000,0,B
13,-5,1,21,0,1997,2000,0,B
13,-5,2,19,0,1995,2000,0,B
13,-5,3,24,0,1994,2000,0,B
13,-5,4,24,0,1975,2000,0,B
13,-5,5,21,0,1917,2000,0,B
13,-5,6,22,0,1807,2000,0,B
13,-5,7,28,0,1544,2000,0,B
13,-5,8,18,0,1099,1999,1,C
13,-5,9,16,0,670,1926,74,C
13,-4,-3,25,0,1988,2000,0,B
13,-4,-2,16,0,1998,2000,0,B
13,-4,-1,26,2,2000,2000,0,A
13,-4,0,24,4,2000,2000,0,A
13,-4,1,21,5,2000,2000,0,A
13,-4,2,12,0,1999,2000,0,B
13,-4,3,20,0,1996,2000,0,B
13,-4,4,20,0,1988,2000,0,B
13,-4,5,23,0,1935,2000,0,B
13,-4,6,25,0,1841,2000,0,B
13,-4,7,13,0,1378,2000,0,B
13,-4,8,25,0,1072,1998,2,C
13,-3,-3,13,0,1999,2000,0,B
13,-3,-2,20,5,2000,2000,0,A
13,-3,-1,13,7,2000,2000,0,A
13,-3,0,23,19,2000,2000,0,A
13,-3,1,20,10,2000,2000,0,A
13,-3,2,18,7,2000,2000,0,A
13,-3,3,22,0,1999,2000,0,B
13,-3,4,23,0,1984,2000,0,B
13,-3,5,15,0,1926,2000,0,B
13,-3,6,20,0,1770,2000,0,B
13,-3,7,23,0,1371,2000,0,B
13,-2,-3,19,9,2000,2000,0,A
13,-2,-2,20,17,2000,2000,0,A
13,-2,-1,20,19,2000,2000,0,A
13,-2,0,23,21,2000,2000,0,A
13,-2,1,35,23,2000,2000,0,A
13,-2,2,24,12,2000,2000,0,A
13,-2,3,20,0,1999,2000,0,B
13,-2,4,24,0,1977,2000,0,B
13,-2,5,17,0,1857,2000,0,B
13,-2,6,27,0,1655,2000,0,B
13,-2,7,22,0,1257,2000,0,B
13,-1,-4,17,5,2000,2000,0,A
13,-1,-3,21,19,2000,2000,0,A
13,-1,-2,24,23,2000,2000,0,A
13,-1,-1,14,13,2000,2000,0,A
13,-1,0,23,19,2000,2000,0,A
13,-1,1,22,10,2000,2000,0,A
13,-1,2,17,1,2000,2000,0,A
13,-1,3,25,0,1992,2000,0,B
13,-1,4,20,0,1946,2000,0,B
13,-1,5,22,0,1795,2000,0,B
13,-1,6,21,0,1464,2000,0,B
13,0,-4,22,17,2000,2000,0,A
13,0,-3,18,18,2000,2000,0,A
13,0,-2,16,15,2000,2000,0,A
13,0,-1,21,21,2000,2000,0,A
13,0,0,27,19,2000,2000,0,A
13,0,1,13,1,2000,2000,0,A
13,0,2,21,0,1998,2000,0,B
13,0,3,22,0,1963,2000,0,B
13,0,4,25,0,1866,2000,0,B
13,0,5,17,0,1616,2000,0,B
13,0,6,24,0,1159,2000,0,B
13,1,-5,13,8,2000,2000,0,A
13,1,-4,27,21,2000,2000,0,A
13,1,-3,22,19,2000,2000,0,A
13,1,-2,24,23,2000,2000,0,A
13,1,-1,20,13,2000,2000,0,A
13,1,0,18,5,2000,2000,0,A
13,1,1,21,1,2000,2000,0,A
13,1,2,27,0,1983,2000,0,B
13,1,3,17,0,1901,2000,0,B
13,1,4,18,0,1656,2000,0,B
13,1,5,19,0,1291,2000,0,B
13,2,-5,18,15,2000,2000,0,A
13,2,-4,23,18,2000,2000,0,A
13,2,-3,15,14,2000,2000,0,A
13,2,-2,21,13,2000,2000,0,A
13,2,-1,31,3,2000,2000,0,A
13,2,0,32,0,1998,2000,0,B
13,2,1,19,0,1986,2000,0,B
13,2,2,17,0,1925,2000,0,B
13,2,3,23,0,1750,2000,0,B
13,2,4,18,0,1439,2000,0,B
13,2,5,22,0,949,1998,2,C
13,3,-6,25,9,2000,2000,0,A
13,3,-5,19,12,2000,2000,0,A
13,3,-4,27,7,2000,2000,0,A
13,3,-3,25,4,2000,2000,0,A
13,3,-2,22,1,2000,2000,0,A
13,3,-1,16,0,1993,2000,0,B
13,3,0,20,0,1978,2000,0,B
13,3,1,22,0,1911,2000,0,B
13,4,-3,24,0,1998,2000,0,B
14,-7,6,23,0,1652,2000,0,B
14,-7,7,19,0,1408,2000,0,B
14,-7,8,15,0,1041,1993,7,C
14,-6,2,23,0,1974,2000,0,B
14,-6,3,23,0,1966,2000,0,B
14,-6,4,24,0,1942,2000,0,B
14,-6,5,15,0,1855,2000,0,B
14,-6,6,18,0,1739,2000,0,B
14,-6,7,20,0,1517,2000,0,B
14,-6,8,21,0,1129,2000,0,B
14,-5,-2,25,0,1978,2000,0,B
14,-5,-1,36,0,1989,2000,0,B
14,-5,0,29,0,1996,2000,0,B
14,-5,1,21,0,1998,2000,0,B
14,-5,2,19,0,1999,2000,0,B
14,-5,3,24,0,1995,2000,0,B
14,-5,4,24,0,1977,2000,0,B
14,-5,5,21,0,1927,2000,0,B
14,-5,6,22,0,1814,2000,0,B
14,-5,7,28,0,1552,2000,0,B
14,-5,8,18,0,1086,2000,0,B
14,-5,9,16,0,675,1930,70,C
14,-4,-3,25,0,1978,2000,0,B
14,-4,-2,16,0,1998,2000,0,B
14,-4,-1,26,1,2000,2000,0,A
14,-4,0,24,4,2000,2000,0,A
14,-4,1,21,2,2000,2000,0,A
14,-4,2,12,1,2000,2000,0,A
14,-4,3,20,0,1998,2000,0,B
14,-4,4,20,0,1985,2000,0,B
14,-4,5,23,0,1949,2000,0,B
14,-4,6,25,0,1838,2000,0,B
14,-4,7,13,0,1384,2000,0,B
14,-4,8,25,0,1105,2000,0,B
14,-3,-3,13,1,2000,2000,0,A
14,-3,-2,20,5,2000,2000,0,A
14,-3,-1,13,9,2000,2000,0,A
14,-3,0,23,14,2000,2000,0,A
14,-3,1,20,11,2000,2000,0,A
14,-3,2,18,3,2000,2000,0,A
14,-3,3,22,0,1998,2000,0,B
14,-3,4,23,0,1984,2000,0,B
14,-3,5,15,0,1918,2000,0,B
14,-3,6,20,0,1756,2000,0,B
14,-3,7,23,0,1380,2000,0,B
14,-2,-3,19,7,2000,2000,0,A
14,-2,-2,20,17,2000,2000,0,A
14,-2,-1,20,17,2000,2000,0,A
14,-2,0,23,23,2000,2000,0,A
14,-2,1,35,26,2000,2000,0,A
14,-2,2,24,8,2000,2000,0,A
14,-2,3,20,0,1998,2000,0,B
14,-2,4,24,0,1976,2000,0,B
14,-2,5,17,0,1863,2000,0,B
14,-2,6,27,0,1655,2000,0,B
14,-2,7,22,0,1238,2000,0,B
14,-1,-4,17,7,2000,2000,0,A
14,-1,-3,21,17,2000,2000,0,A
14,-1,-2,24,23,2000,2000,0,A
14,-1,-1,14,13,2000,2000,0,A
14,-1,0,23,20,2000,2000,0,A
14,-1,1,22,16,2000,2000,0,A
14,-1,2,17,2,2000,2000,0,A
14,-1,3,25,0,1990,2000,0,B
14,-1,4,20,0,1949,2000,0,B
14,-1,5,22,0,1793,2000,0,B
14,-1,6,21,0,1438,2000,0,B
14,0,-4,22,19,2000,2000,0,A
14,0,-3,18,16,2000,2000,0,A
14,0,-2,16,16,2000,2000,0,A
14,0,-1,21,19,2000,2000,0,A
14,0,0,27,19,2000,2000,0,A
14,0,1,13,2,2000,2000,0,A
14,0,2,21,0,1994,2000,0,B
14,0,3,22,0,1961,2000,0,B
14,0,4,25,0,1885,2000,0,B
14,0,5,17,0,1645,2000,0,B
14,0,6,24,0,1128,2000,0,B
14,1,-5,13,12,2000,2000,0,A
14,1,-4,27,23,2000,2000,0,A
14,1,-3,22,21,2000,2000,0,A
14,1,-2,24,23,2000,2000,0,A
14,1,-1,20,14,2000,2000,0,A
14,1,0,18,3,2000,2000,0,A
14,1,1,21,0,1999,2000,0,B
14,1,2,27,0,1976,2000,0,B
14,1,3,17,0,1901,2000,0,B
14,1,4,18,0,1700,2000,0,B
14,1,5,19,0,1331,2000,0,B
14,2,-5,18,13,2000,2000,0,A
14,2,-4,23,17,2000,2000,0,A
14,2,-3,15,13,2000,2000,0,A
14,2,-2,21,13,2000,2000,0,A
14,2,-1,31,6,2000,2000,0,A
14,2,0,32,0,1999,2000,0,B
14,2,1,19,0,1983,2000,0,B
14,2,2,17,0,1925,2000,0,B
14,2,3,23,0,1770,2000,0,B
14,2,4,18,0,1408,2000,0,B
14,2,5,22,0,945,1998,2,C
14,3,-6,25,8,2000,2000,0,A
14,3,-5,19,7,2000,2000,0,A
14,3,-4,27,8,2000,2000,0,A
14,3,-3,25,5,2000,2000,0,A
14,3,-2,22,2,2000,2000,0,A
14,3,-1,16,0,1993,2000,0,B
14,3,0,20,0,1976,2000,0,B
14,3,1,22,0,1924,2000,0,B
14,4,-3,24,0,1997,2000,0,B
15,-7,6,23,0,1684,2000,0,B
15,-7,7,19,0,1401,2000,0,B
15,-7,8,15,0,1008,1996,4,C
15,-6,2,23,0,1971,2000,0,B
15,-6,3,23,0,1969,2000,0,B
15,-6,4,24,0,1930,2000,0,B
15,-6,5,15,0,1875,2000,0,B
15,-6,6,18,0,1748,2000,0,B
15,-6,7,20,0,1525,2000,0,B
15,-6,8,21,0,1135,2000,0,B
15,-5,-2,25,0,1974,2000,0,B
15,-5,-1,36,0,1992,2000,0,B
15,-5,0,29,0,1995,2000,0,B
15,-5,1,21,0,1998,2000,0,B
15,-5,2,19,1,2000,2000,0,A
15,-5,3,24,0,1993,2000,0,B
15,-5,4,24,0,1976,2000,0,B
15,-5,5,21,0,1912,2000,0,B
15,-5,6,22,0,1792,2000,0,B
15,-5,7,28,0,1556,2000,0,B
15,-5,8,18,0,1096,2000,0,B
15,-5,9,16,0,673,1920,80,C
15,-4,-3,25,0,1984,2000,0,B
15,-4,-2,16,0,1998,2000,0,B
15,-4,-1,26,0,1999,2000,0,B
15,-4,0,24,3,2000,2000,0,A
15,-4,1,21,2,2000,2000,0,A
15,-4,2,12,2,2000,2000,0,A
15,-4,3,20,0,1997,2000,0,B
15,-4,4,20,0,1986,2000,0,B
15,-4,5,23,0,1934,2000,0,B
15,-4,6,25,0,1825,2000,0,B
15,-4,7,13,0,1371,2000,0,B
15,-4,8,25,0,1077,1999,1,C
15,-3,-3,13,0,1999,2000,0,B
15,-3,-2,20,9,2000,2000,0,A
15,-3,-1,13,9,2000,2000,0,A
15,-3,0,23,14,2000,2000,0,A
15,-3,1,20,14,2000,2000,0,A
15,-3,2,18,5,2000,2000,0,A
15,-3,3,22,0,1999,2000,0,B
15,-3,4,23,0,1982,2000,0,B
15,-3,5,15,0,1930,2000,0,B
15,-3,6,20,0,1738,2000,0,B
15,-3,7,23,0,1416,2000,0,B
15,-2,-3,19,6,2000,2000,0,A
15,-2,-2,20,15,2000,2000,0,A
15,-2,-1,20,18,2000,2000,0,A
15,-2,0,23,21,2000,2000,0,A
15,-2,1,35,28,2000,2000,0,A
15,-2,2,24,7,2000,2000,0,A
15,-2,3,20,0,1996,2000,0,B
15,-2,4,24,0,1973,2000,0,B
15,-2,5,17,0,1860,2000,0,B
15,-2,6,27,0,1630,2000,0,B
15,-2,7,22,0,1219,2000,0,B
15,-1,-4,17,8,2000,2000,0,A
15,-1,-3,21,19,2000,2000,0,A
15,-1,-2,24,24,2000,2000,0,A
15,-1,-1,14,12,2000,2000,0,A
15,-1,0,23,22,2000,2000,0,A
15,-1,1,22,15,2000,2000,0,A
15,-1,2,17,2,2000,2000,0,A
15,-1,3,25,0,1991,2000,0,B
15,-1,4,20,0,1941,2000,0,B
15,-1,5,22,0,1802,2000,0,B
15,-1,6,21,0,1472,2000,0,B
15,0,-4,22,14,2000,2000,0,A
15,0,-3,18,17,2000,2000,0,A
15,0,-2,16,14,2000,2000,0,A
15,0,-1,21,20,2000,2000,0,A
15,0,0,27,21,2000,2000,0,A
15,0,1,13,0,1999,2000,0,B
15,0,2,21,0,1995,2000,0,B
15,0,3,22,0,1971,2000,0,B
15,0,4,25,0,1878,2000,0,B
15,0,5,17,0,1616,2000,0,B
15,0,6,24,0,1144,2000,0,B
15,1,-5,13,8,2000,2000,0,A
15,1,-4,27,22,2000,2000,0,A
15,1,-3,22,18,2000,2000,0,A
15,1,-2,24,20,2000,2000,0,A
15,1,-1,20,18,2000,2000,0,A
15,1,0,18,4,2000,2000,0,A
15,1,1,21,0,1996,2000,0,B
15,1,2,27,0,1983,2000,0,B
15,1,3,17,0,1899,2000,0,B
15,1,4,18,0,1679,2000,0,B
15,1,5,19,0,1302,2000,0,B
15,2,-5,18,9,2000,2000,0,A
15,2,-4,23,17,2000,2000,0,A
15,2,-3,15,13,2000,2000,0,A
15,2,-2,21,8,2000,2000,0,A
15,2,-1,31,3,2000,2000,0,A
15,2,0,32,0,1999,2000,0,B
15,2,1,19,0,1981,2000,0,B
15,2,2,17,0,1929,2000,0,B
15,2,3,23,0,1744,2000,0,B
15,2,4,18,0,1430,2000,0,B
15,2,5,22,0,949,1998,2,C
15,3,-6,25,6,2000,2000,0,A
15,3,-5,19,9,2000,2000,0,A
15,3,-4,27,14,2000,2000,0,A
15,3,-3,25,6,2000,2000,0,A
15,3,-2,22,2,2000,2000,0,A
15,3,-1,16,0,1993,2000,0,B
15,3,0,20,0,1974,2000,0,B
15,3,1,22,0,1908,2000,0,B
15,4,-3,24,0,1997,2000,0,B
16,-7,6,23,0,1616,2000,0,B
16,-7,7,19,0,1406,2000,0,B
16,-7,8,15,0,1026,1990,10,C
16,-6,2,23,0,1977,2000,0,B
16,-6,3,23,0,1964,2000,0,B
16,-6,4,24,0,1943,2000,0,B
16,-6,5,15,0,1872,2000,0,B
16,-6,6,18,0,1744,2000,0,B
16,-6,7,20,0,1485,2000,0,B
16,-6,8,21,0,1170,1999,1,C
16,-5,-2,25,0,1973,2000,0,B
16,-5,-1,36,0,1992,2000,0,B
16,-5,0,29,0,1996,2000,0,B
16,-5,1,21,0,1997,2000,0,B
16,-5,2,19,0,1998,2000,0,B
16,-5,3,24,0,1995,2000,0,B
16,-5,4,24,0,1974,2000,0,B
16,-5,5,21,0,1921,2000,0,B
16,-5,6,22,0,1798,2000,0,B
16,-5,7,28,0,1552,2000,0,B
16,-5,8,18,0,1092,2000,0,B
16,-5,9,16,0,663,1918,82,C
16,-4,-3,25,0,1983,2000,0,B
16,-4,-2,16,0,1998,2000,0,B
16,-4,-1,26,0,1999,2000,0,B
16,-4,0,24,5,2000,2000,0,A
16,-4,1,21,1,2000,2000,0,A
16,-4,2,12,0,1998,2000,0,B
16,-4,3,20,0,1997,2000,0,B
16,-4,4,20,0,1985,2000,0,B
16,-4,5,23,0,1943,2000,0,B
16,-4,6,25,0,1814,2000,0,B
16,-4,7,13,0,1401,2000,0,B
16,-4,8,25,0,1049,1999,1,C
16,-3,-3,13,1,2000,2000,0,A
16,-3,-2,20,8,2000,2000,0,A
16,-3,-1,13,8,2000,2000,0,A
16,-3,0,23,13,2000,2000,0,A
16,-3,1,20,10,2000,2000,0,A
16,-3,2,18,5,2000,2000,0,A
16,-3,3,22,0,1998,2000,0,B
16,-3,4,23,0,1989,2000,0,B
16,-3,5,15,0,1933,2000,0,B
16,-3,6,20,0,1772,2000,0,B
16,-3,7,23,0,1386,2000,0,B
16,-2,-3,19,4,2000,2000,0,A
16,-2,-2,20,18,2000,2000,0,A
16,-2,-1,20,19,2000,2000,0,A
16,-2,0,23,17,2000,2000,0,A
16,-2,1,35,29,2000,2000,0,A
16,-2,2,24,8,2000,2000,0,A
16,-2,3,20,0,1996,2000,0,B
16,-2,4,24,0,1980,2000,0,B
16,-2,5,17,0,1866,2000,0,B
16,-2,6,27,0,1682,2000,0,B
16,-2,7,22,0,1250,2000,0,B
16,-1,-4,17,11,2000,2000,0,A
16,-1,-3,21,17,2000,2000,0,A
16,-1,-2,24,23,2000,2000,0,A
16,-1,-1,14,12,2000,2000,0,A
16,-1,0,23,22,2000,2000,0,A
16,-1,1,22,12,2000,2000,0,A
16,-1,2,17,1,2000,2000,0,A
16,-1,3,25,0,1993,2000,0,B
16,-1,4,20,0,1957,2000,0,B
16,-1,5,22,0,1791,2000,0,B
16,-1,6,21,0,1453,2000,0,B
16,0,-4,22,19,2000,2000,0,A
16,0,-3,18,16,2000,2000,0,A
16,0,-2,16,16,2000,2000,0,A
16,0,-1,21,20,2000,2000,0,A
16,0,0,27,20,2000,2000,0,A
16,0,1,13,3,2000,2000,0,A
16,0,2,21,0,1994,2000,0,B
16,0,3,22,0,1968,2000,0,B
16,0,4,25,0,1860,2000,0,B
16,0,5,17,0,1646,2000,0,B
16,0,6,24,0,1152,2000,0,B
16,1,-5,13,8,2000,2000,0,A
16,1,-4,27,23,2000,2000,0,A
16,1,-3,22,18,2000,2000,0,A
16,1,-2,24,22,2000,2000,0,A
16,1,-1,20,15,2000,2000,0,A
16,1,0,18,4,2000,2000,0,A
16,1,1,21,1,2000,2000,0,A
16,1,2,27,0,1979,2000,0,B
16,1,3,17,0,1901,2000,0,B
16,1,4,18,0,1718,2000,0,B
16,1,5,19,0,1325,2000,0,B
16,2,-5,18,14,2000,2000,0,A
16,2,-4,23,17,2000,2000,0,A
16,2,-3,15,11,2000,2000,0,A
16,2,-2,21,16,2000,2000,0,A
16,2,-1,31,4,2000,2000,0,A
16,2,0,32,0,1996,2000,0,B
16,2,1,19,0,1985,2000,0,B
16,2,2,17,0,1914,2000,0,B
16,2,3,23,0,1752,2000,0,B
16,2,4,18,0,1381,2000,0,B
16,2,5,22,0,957,2000,0,B
16,3,-6,25,6,2000,2000,0,A
16,3,-5,19,9,2000,2000,0,A
16,3,-4,27,14,2000,2000,0,A
16,3,-3,25,4,2000,2000,0,A
16,3,-2,22,1,2000,2000,0,A
16,3,-1,16,0,1994,2000,0,B
16,3,0,20,0,1982,2000,0,B
16,3,1,22,0,1924,2000,0,B
16,4,-3,24,0,1996,2000,0,B
17,-7,6,23,0,1640,2000,0,B
17,-7,7,19,0,1414,2000,0,B
17,-7,8,15,0,1008,1991,9,C
17,-6,2,23,0,1972,2000,0,B
17,-6,3,23,0,1967,2000,0,B
17,-6,4,24,0,1927,2000,0,B
17,-6,5,15,0,1876,2000,0,B
17,-6,6,18,0,1755,2000,0,B
17,-6,7,20,0,1502,2000,0,B
17,-6,8,21,0,1191,2000,0,B
17,-5,-2,25,0,1977,2000,0,B
17,-5,-1,36,0,1989,2000,0,B
17,-5,0,29,0,1999,2000,0,B
17,-5,1,21,0,1996,2000,0,B
17,-5,2,19,0,1995,2000,0,B
17,-5,3,24,0,1993,2000,0,B
17,-5,4,24,0,1977,2000,0,B
17,-5,5,21,0,1938,2000,0,B
17,-5,6,22,0,1798,2000,0,B
17,-5,7,28,0,1583,2000,0,B
17,-5,8,18,0,1098,2000,0,B
17,-5,9,16,0,676,1925,75,C
17,-4,-3,25,0,1985,2000,0,B
17,-4,-2,16,0,1995,2000,0,B
17,-4,-1,26,1,2000,2000,0,A
17,-4,0,24,3,2000,2000,0,A
17,-4,1,21,1,2000,2000,0,A
17,-4,2,12,2,2000,2000,0,A
17,-4,3,20,0,1998,2000,0,B
17,-4,4,20,0,1986,2000,0,B
17,-4,5,23,0,1937,2000,0,B
17,-4,6,25,0,1812,2000,0,B
17,-4,7,13,0,1395,2000,0,B
17,-4,8,25,0,1127,2000,0,B
17,-3,-3,13,0,1998,2000,0,B
17,-3,-2,20,4,2000,2000,0,A
17,-3,-1,13,7,2000,2000,0,A
17,-3,0,23,15,2000,2000,0,A
17,-3,1,20,12,2000,2000,0,A
17,-3,2,18,10,2000,2000,0,A
17,-3,3,22,0,1998,2000,0,B
17,-3,4,23,0,1985,2000,0,B
17,-3,5,15,0,1929,2000,0,B
17,-3,6,20,0,1735,2000,0,B
17,-3,7,23,0,1380,2000,0,B
17,-2,-3,19,3,2000,2000,0,A
17,-2,-2,20,18,2000,2000,0,A
17,-2,-1,20,18,2000,2000,0,A
17,-2,0,23,23,2000,2000,0,A
17,-2,1,35,31,2000,2000,0,A
17,-2,2,24,6,2000,2000,0,A
17,-2,3,20,0,1999,2000,0,B
17,-2,4,24,0,1976,2000,0,B
17,-2,5,17,0,1870,2000,0,B
17,-2,6,27,0,1629,2000,0,B
17,-2,7,22,0,1252,2000,0,B
17,-1,-4,17,5,2000,2000,0,A
17,-1,-3,21,16,2000,2000,0,A
17,-1,-2,24,23,2000,2000,0,A
17,-1,-1,14,13,2000,2000,0,A
17,-1,0,23,18,2000,2000,0,A
17,-1,1,22,10,2000,2000,0,A
17,-1,2,17,1,2000,2000,0,A
17,-1,3,25,0,1988,2000,0,B
17,-1,4,20,0,1957,2000,0,B
17,-1,5,22,0,1792,2000,0,B
17,-1,6,21,0,1456,2000,0,B
17,0,-4,22,15,2000,2000,0,A
17,0,-3,18,16,2000,2000,0,A
17,0,-2,16,16,2000,2000,0,A
17,0,-1,21,18,2000,2000,0,A
17,0,0,27,15,2000,2000,0,A
17,0,1,13,4,2000,2000,0,A
17,0,2,21,0,1995,2000,0,B
17,0,3,22,0,1968,2000,0,B
17,0,4,25,0,1876,2000,0,B
17,0,5,17,0,1642,2000,0,B
17,0,6,24,0,1126,2000,0,B
17,1,-5,13,10,2000,2000,0,A
17,1,-4,27,19,2000,2000,0,A
17,1,-3,22,21,2000,2000,0,A
17,1,-2,24,23,2000,2000,0,A
17,1,-1,20,17,2000,2000,0,A
17,1,0,18,7,2000,2000,0,A
17,1,1,21,0,1997,2000,0,B
17,1,2,27,0,1979,2000,0,B
17,1,3,17,0,1885,2000,0,B
17,1,4,18,0,1691,2000,0,B
17,1,5,19,0,1325,2000,0,B
17,2,-5,18,15,2000,2000,0,A
17,2,-4,23,20,2000,2000,0,A
17,2,-3,15,14,2000,2000,0,A
17,2,-2,21,9,2000,2000,0,A
17,2,-1,31,7,2000,2000,0,A
17,2,0,32,0,1997,2000,0,B
17,2,1,19,0,1980,2000,0,B
17,2,2,17,0,1907,2000,0,B
17,2,3,23,0,1747,2000,0,B
17,2,4,18,0,1411,2000,0,B
17,2,5,22,0,973,1999,1,C
17,3,-6,25,10,2000,2000,0,A
17,3,-5,19,5,2000,2000,0,A
17,3,-4,27,10,2000,2000,0,A
17,3,-3,25,6,2000,2000,0,A
17,3,-2,22,3,2000,2000,0,A
17,3,-1,16,0,1997,2000,0,B
17,3,0,20,0,1979,2000,0,B
17,3,1,22,0,1910,2000,0,B
17,4,-3,24,0,1998,2000,0,B
18,-7,6,23,0,1611,2000,0,B
18,-7,7,19,0,1430,2000,0,B
18,-7,8,15,0,1015,1995,5,C
18,-6,2,23,0,1982,2000,0,B
18,-6,3,23,0,1960,2000,0,B
18,-6,4,24,0,1945,2000,0,B
18,-6,5,15,0,1867,2000,0,B
18,-6,6,18,0,1750,2000,0,B
18,-6,7,20,0,1496,2000,0,B
18,-6,8,21,0,1163,2000,0,B
18,-5,-2,25,0,1978,2000,0,B
18,-5,-1,36,0,1990,2000,0,B
18,-5,0,29,0,1994,2000,0,B
18,-5,1,21,0,1998,2000,0,B
18,-5,2,19,0,1994,2000,0,B
18,-5,3,24,0,1993,2000,0,B
18,-5,4,24,0,1978,2000,0,B
18,-5,5,21,0,1925,2000,0,B
18,-5,6,22,0,1791,2000,0,B
18,-5,7,28,0,1595,2000,0,B
18,-5,8,18,0,1097,1998,2,C
18,-5,9,16,0,665,1924,76,C
18,-4,-3,25,0,1987,2000,0,B
18,-4,-2,16,0,1999,2000,0,B
18,-4,-1,26,2,2000,2000,0,A
18,-4,0,24,2,2000,2000,0,A
18,-4,1,21,3,2000,2000,0,A
18,-4,2,12,0,1999,2000,0,B
18,-4,3,20,0,1997,2000,0,B
18,-4,4,20,0,1985,2000,0,B
18,-4,5,23,0,1946,2000,0,B
18,-4,6,25,0,1816,2000,0,B
18,-4,7,13,0,1389,2000,0,B
18,-4,8,25,0,1073,2000,0,B
18,-3,-3,13,0,1999,2000,0,B
18,-3,-2,20,7,2000,2000,0,A
18,-3,-1,13,7,2000,2000,0,A
18,-3,0,23,14,2000,2000,0,A
18,-3,1,20,12,2000,2000,0,A
18,-3,2,18,7,2000,2000,0,A
18,-3,3,22,0,1999,2000,0,B
18,-3,4,23,0,1983,2000,0,B
18,-3,5,15,0,1936,2000,0,B
18,-3,6,20,0,1744,2000,0,B
18,-3,7,23,0,1401,2000,0,B
18,-2,-3,19,6,2000,2000,0,A
18,-2,-2,20,20,2000,2000,0,A
18,-2,-1,20,20,2000,2000,0,A
18,-2,0,23,20,2000,2000,0,A
18,-2,1,35,28,2000,2000,0,A
18,-2,2,24,7,2000,2000,0,A
18,-2,3,20,0,1998,2000,0,B
18,-2,4,24,0,1978,2000,0,B
18,-2,5,17,0,1851,2000,0,B
18,-2,6,27,0,1624,2000,0,B
18,-2,7,22,0,1253,2000,0,B
18,-1,-4,17,8,2000,2000,0,A
18,-1,-3,21,18,2000,2000,0,A
18,-1,-2,24,22,2000,2000,0,A
18,-1,-1,14,14,2000,2000,0,A
18,-1,0,23,21,2000,2000,0,A
18,-1,1,22,14,2000,2000,0,A
18,-1,2,17,0,1999,2000,0,B
18,-1,3,25,0,1990,2000,0,B
18,-1,4,20,0,1947,2000,0,B
18,-1,5,22,0,1797,2000,0,B
18,-1,6,21,0,1459,2000,0,B
18,0,-4,22,15,2000,2000,0,A
18,0,-3,18,16,2000,2000,0,A
18,0,-2,16,16,2000,2000,0,A
18,0,-1,21,21,2000,2000,0,A
18,0,0,27,19,2000,2000,0,A
18,0,1,13,1,2000,2000,0,A
18,0,2,21,0,1997,2000,0,B
18,0,3,22,0,1965,2000,0,B
18,0,4,25,0,1868,2000,0,B
18,0,5,17,0,1650,2000,0,B
18,0,6,24,0,1145,2000,0,B
18,1,-5,13,11,2000,2000,0,A
18,1,-4,27,23,2000,2000,0,A
18,1,-3,22,22,2000,2000,0,A
18,1,-2,24,23,2000,2000,0,A
18,1,-1,20,17,2000,2000,0,A
18,1,0,18,5,2000,2000,0,A
18,1,1,21,0,1997,2000,0,B
18,1,2,27,0,1980,2000,0,B
18,1,3,17,0,1896,2000,0,B
18,1,4,18,0,1681,2000,0,B
18,1,5,19,0,1314,2000,0,B
18,2,-5,18,12,2000,2000,0,A
18,2,-4,23,16,2000,2000,0,A
18,2,-3,15,11,2000,2000,0,A
18,2,-2,21,13,2000,2000,0,A
18,2,-1,31,3,2000,2000,0,A
18,2,0,32,0,1997,2000,0,B
18,2,1,19,0,1986,2000,0,B
18,2,2,17,0,1927,2000,0,B
18,2,3,23,0,1765,2000,0,B
18,2,4,18,0,1400,2000,0,B
18,2,5,22,0,948,2000,0,B
18,3,-6,25,5,2000,2000,0,A
18,3,-5,19,7,2000,2000,0,A
18,3,-4,27,10,2000,2000,0,A
18,3,-3,25,6,2000,2000,0,A
18,3,-2,22,0,1999,2000,0,B
18,3,-1,16,0,1995,2000,0,B
18,3,0,20,0,1974,2000,0,B
18,3,1,22,0,1920,2000,0,B
18,4,-3,24,0,1998,2000,0,B
19,-7,6,23,0,1628,2000,0,B
19,-7,7,19,0,1397,2000,0,B
19,-7,8,15,0,999,1994,6,C
19,-6,2,23,0,1973,2000,0,B
19,-6,3,23,0,1975,2000,0,B
19,-6,4,24,0,1939,2000,0,B
19,-6,5,15,0,1882,2000,0,B
19,-6,6,18,0,1723,2000,0,B
19,-6,7,20,0,1519,2000,0,B
19,-6,8,21,0,1170,2000,0,B
19,-5,-2,25,0,1974,2000,0,B
19,-5,-1,36,0,1993,2000,0,B
19,-5,0,29,0,1998,2000,0,B
19,-5,1,21,0,1999,2000,0,B
19,-5,2,19,0,1996,2000,0,B
19,-5,3,24,0,1993,2000,0,B
19,-5,4,24,0,1974,2000,0,B
19,-5,5,21,0,1935,2000,0,B
19,-5,6,22,0,1795,2000,0,B
19,-5,7,28,0,1600,2000,0,B
19,-5,8,18,0,1120,2000,0,B
19,-5,9,16,0,652,1910,90,C
19,-4,-3,25,0,1984,2000,0,B
19,-4,-2,16,0,1995,2000,0,B
19,-4,-1,26,1,2000,2000,0,A
19,-4,0,24,6,2000,2000,0,A
19,-4,1,21,2,2000,2000,0,A
19,-4,2,12,0,1999,2000,0,B
19,-4,3,20,0,1999,2000,0,B
19,-4,4,20,0,1986,2000,0,B
19,-4,5,23,0,1940,2000,0,B
19,-4,6,25,0,1824,2000,0,B
19,-4,7,13,0,1370,2000,0,B
19,-4,8,25,0,1051,2000,0,B
19,-3,-3,13,0,1999,2000,0,B
19,-3,-2,20,9,2000,2000,0,A
19,-3,-1,13,8,2000,2000,0,A
19,-3,0,23,16,2000,2000,0,A
19,-3,1,20,11,2000,2000,0,A
19,-3,2,18,6,2000,2000,0,A
19,-3,3,22,0,1999,2000,0,B
19,-3,4,23,0,1985,2000,0,B
19,-3,5,15,0,1926,2000,0,B
19,-3,6,20,0,1761,2000,0,B
19,-3,7,23,0,1396,2000,0,B
19,-2,-3,19,5,2000,2000,0,A
19,-2,-2,20,18,2000,2000,0,A
19,-2,-1,20,19,2000,2000,0,A
19,-2,0,23,17,2000,2000,0,A
19,-2,1,35,25,2000,2000,0,A
19,-2,2,24,5,2000,2000,0,A
19,-2,3,20,0,1997,2000,0,B
19,-2,4,24,0,1981,2000,0,B
19,-2,5,17,0,1860,2000,0,B
19,-2,6,27,0,1654,2000,0,B
19,-2,7,22,0,1247,2000,0,B
19,-1,-4,17,7,2000,2000,0,A
19,-1,-3,21,15,2000,2000,0,A
19,-1,-2,24,23,2000,2000,0,A
19,-1,-1,14,14,2000,2000,0,A
19,-1,0,23,20,2000,2000,0,A
19,-1,1,22,11,2000,2000,0,A
19,-1,2,17,3,2000,2000,0,A
19,-1,3,25,0,1995,2000,0,B
19,-1,4,20,0,1951,2000,0,B
19,-1,5,22,0,1788,2000,0,B
19,-1,6,21,0,1449,2000,0,B
19,0,-4,22,18,2000,2000,0,A
19,0,-3,18,17,2000,2000,0,A
19,0,-2,16,16,2000,2000,0,A
19,0,-1,21,20,2000,2000,0,A
19,0,0,27,20,2000,2000,0,A
19,0,1,13,1,2000,2000,0,A
19,0,2,21,0,1997,2000,0,B
19,0,3,22,0,1966,2000,0,B
19,0,4,25,0,1868,2000,0,B
19,0,5,17,0,1620,2000,0,B
19,0,6,24,0,1121,2000,0,B
19,1,-5,13,9,2000,2000,0,A
19,1,-4,27,24,2000,2000,0,A
19,1,-3,22,19,2000,2000,0,A
19,1,-2,24,22,2000,2000,0,A
19,1,-1,20,17,2000,2000,0,A
19,1,0,18,6,2000,2000,0,A
19,1,1,21,0,1998,2000,0,B
19,1,2,27,0,1977,2000,0,B
19,1,3,17,0,1913,2000,0,B
19,1,4,18,0,1712,2000,0,B
19,1,5,19,0,1304,2000,0,B
19,2,-5,18,15,2000,2000,0,A
19,2,-4,23,19,2000,2000,0,A
19,2,-3,15,12,2000,2000,0,A
19,2,-2,21,13,2000,2000,0,A
19,2,-1,31,4,2000,2000,0,A
19,2,0,32,0,1996,2000,0,B
19,2,1,19,0,1979,2000,0,B
19,2,2,17,0,1909,2000,0,B
19,2,3,23,0,1725,2000,0,B
19,2,4,18,0,1411,2000,0,B
19,2,5,22,0,983,2000,0,B
19,3,-6,25,11,2000,2000,0,A
19,3,-5,19,9,2000,2000,0,A
19,3,-4,27,13,2000,2000,0,A
19,3,-3,25,6,2000,2000,0,A
19,3,-2,22,1,2000,2000,0,A
19,3,-1,16,0,1995,2000,0,B
19,3,0,20,0,1976,2000,0,B
19,3,1,22,0,1933,2000,0,B
19,4,-3,24,0,1996,2000,0,B
20,-7,6,23,0,1648,2000,0,B
20,-7,7,19,0,1387,2000,0,B
20,-7,8,15,0,1002,1990,10,C
20,-6,2,23,0,1983,2000,0,B
20,-6,3,23,0,1965,2000,0,B
20,-6,4,24,0,1942,2000,0,B
20,-6,5,15,0,1886,2000,0,B
20,-6,6,18,0,1745,2000,0,B
20,-6,7,20,0,1510,2000,0,B
20,-6,8,21,0,1190,2000,0,B
20,-5,-2,25,0,1972,2000,0,B
20,-5,-1,36,0,1992,2000,0,B
20,-5,0,29,0,1996,2000,0,B
20,-5,1,21,0,1998,2000,0,B
20,-5,2,19,0,1996,2000,0,B
20,-5,3,24,0,1990,2000,0,B
20,-5,4,24,0,1981,2000,0,B
20,-5,5,21,0,1908,2000,0,B
20,-5,6,22,0,1793,2000,0,B
20,-5,7,28,0,1588,2000,0,B
20,-5,8,18,0,1108,2000,0,B
20,-5,9,16,0,652,1917,83,C
20,-4,-3,25,0,1986,2000,0,B
20,-4,-2,16,0,1994,2000,0,B
20,-4,-1,26,0,1999,2000,0,B
20,-4,0,24,3,2000,2000,0,A
20,-4,1,21,3,2000,2000,0,A
20,-4,2,12,1,2000,2000,0,A
20,-4,3,20,0,1997,2000,0,B
20,-4,4,20,0,1984,2000,0,B
20,-4,5,23,0,1930,2000,0,B
20,-4,6,25,0,1808,2000,0,B
20,-4,7,13,0,1382,2000,0,B
20,-4,8,25,0,1111,1999,1,C
20,-3,-3,13,0,1997,2000,0,B
20,-3,-2,20,6,2000,2000,0,A
20,-3,-1,13,9,2000,2000,0,A
20,-3,0,23,20,2000,2000,0,A
20,-3,1,20,9,2000,2000,0,A
20,-3,2,18,9,2000,2000,0,A
20,-3,3,22,0,1999,2000,0,B
20,-3,4,23,0,1988,2000,0,B
20,-3,5,15,0,1935,2000,0,B
20,-3,6,20,0,1745,2000,0,B
20,-3,7,23,0,1402,2000,0,B
20,-2,-3,19,7,2000,2000,0,A
20,-2,-2,20,17,2000,2000,0,A
20,-2,-1,20,20,2000,2000,0,A
20,-2,0,23,22,2000,2000,0,A
20,-2,1,35,28,2000,2000,0,A
20,-2,2,24,6,2000,2000,0,A
20,-2,3,20,0,1999,2000,0,B
20,-2,4,24,0,1979,2000,0,B
20,-2,5,17,0,1857,2000,0,B
20,-2,6,27,0,1644,2000,0,B
20,-2,7,22,0,1240,2000,0,B
20,-1,-4,17,5,2000,2000,0,A
20,-1,-3,21,17,2000,2000,0,A
20,-1,-2,24,22,2000,2000,0,A
20,-1,-1,14,13,2000,2000,0,A
20,-1,0,23,22,2000,2000,0,A
20,-1,1,22,10,2000,2000,0,A
20,-1,2,17,1,2000,2000,0,A
20,-1,3,25,0,1992,2000,0,B
20,-1,4,20,0,1956,2000,0,B
20,-1,5,22,0,1798,2000,0,B
20,-1,6,21,0,1461,2000,0,B
20,0,-4,22,18,2000,2000,0,A
20,0,-3,18,15,2000,2000,0,A
20,0,-2,16,16,2000,2000,0,A
20,0,-1,21,19,2000,2000,0,A
20,0,0,27,18,2000,2000,0,A
20,0,1,13,4,2000,2000,0,A
20,0,2,21,0,1996,2000,0,B
20,0,3,22,0,1969,2000,0,B
20,0,4,25,0,1885,2000,0,B
20,0,5,17,0,1627,2000,0,B
20,0,6,24,0,1142,2000,0,B
20,1,-5,13,9,2000,2000,0,A
20,1,-4,27,21,2000,2000,0,A
20,1,-3,22,21,2000,2000,0,A
20,1,-2,24,22,2000,2000,0,A
20,1,-1,20,15,2000,2000,0,A
20,1,0,18,4,2000,2000,0,A
20,1,1,21,0,1997,2000,0,B
20,1,2,27,0,1980,2000,0,B
20,1,3,17,0,1895,2000,0,B
20,1,4,18,0,1703,2000,0,B
20,1,5,19,0,1278,2000,0,B
20,2,-5,18,14,2000,2000,0,A
20,2,-4,23,19,2000,2000,0,A
20,2,-3,15,12,2000,2000,0,A
20,2,-2,21,13,2000,2000,0,A
20,2,-1,31,4,2000,2000,0,A
20,2,0,32,0,1998,2000,0,B
20,2,1,19,0,1986,2000,0,B
20,2,2,17,0,1924,2000,0,B
20,2,3,23,0,1745,2000,0,B
20,2,4,18,0,1423,2000,0,B
20,2,5,22,0,938,1998,2,C
20,3,-6,25,9,2000,2000,0,A
20,3,-5,19,8,2000,2000,0,A
20,3,-4,27,6,2000,2000,0,A
20,3,-3,25,10,2000,2000,0,A
20,3,-2,22,0,1999,2000,0,B
20,3,-1,16,0,1994,2000,0,B
20,3,0,20,0,1979,2000,0,B
20,3,1,22,0,1917,2000,0,B
20,4,-3,24,0,1999,2000,0,B
21,-7,6,23,0,1658,2000,0,B
21,-7,7,19,0,1411,2000,0,B
21,-7,8,15,0,1008,1984,16,C
21,-6,2,23,0,1971,2000,0,B
21,-6,3,23,0,1967,2000,0,B
21,-6,4,24,0,1935,2000,0,B
21,-6,5,15,0,1867,2000,0,B
21,-6,6,18,0,1760,2000,0,B
21,-6,7,20,0,1503,2000,0,B
21,-6,8,21,0,1137,1998,2,C
21,-5,-2,25,0,1978,2000,0,B
21,-5,-1,36,0,1991,2000,0,B
21,-5,0,29,0,1995,2000,0,B
21,-5,1,21,0,1997,2000,0,B
21,-5,2,19,0,1995,2000,0,B
21,-5,3,24,0,1994,2000,0,B
21,-5,4,24,0,1975,2000,0,B
21,-5,5,21,0,1927,2000,0,B
21,-5,6,22,0,1809,2000,0,B
21,-5,7,28,0,1568,2000,0,B
21,-5,8,18,0,1083,2000,0,B
21,-5,9,16,0,660,1932,68,C
21,-4,-3,25,0,1986,2000,0,B
21,-4,-2,16,0,1994,2000,0,B
21,-4,-1,26,1,2000,2000,0,A
21,-4,0,24,5,2000,2000,0,A
21,-4,1,21,5,2000,2000,0,A
21,-4,2,12,0,1999,2000,0,B
21,-4,3,20,0,1998,2000,0,B
21,-4,4,20,0,1989,2000,0,B
21,-4,5,23,0,1940,2000,0,B
21,-4,6,25,0,1808,2000,0,B
21,-4,7,13,0,1367,2000,0,B
21,-4,8,25,0,1073,2000,0,B
21,-3,-3,13,0,1999,2000,0,B
21,-3,-2,20,6,2000,2000,0,A
21,-3,-1,13,8,2000,2000,0,A
21,-3,0,23,16,2000,2000,0,A
21,-3,1,20,13,2000,2000,0,A
21,-3,2,18,5,2000,2000,0,A
21,-3,3,22,0,1999,2000,0,B
21,-3,4,23,0,1989,2000,0,B
21,-3,5,15,0,1929,2000,0,B
21,-3,6,20,0,1742,2000,0,B
21,-3,7,23,0,1386,2000,0,B
21,-2,-3,19,7,2000,2000,0,A
21,-2,-2,20,14,2000,2000,0,A
21,-2,-1,20,17,2000,2000,0,A
21,-2,0,23,19,2000,2000,0,A
21,-2,1,35,28,2000,2000,0,A
21,-2,2,24,7,2000,2000,0,A
21,-2,3,20,0,1998,2000,0,B
21,-2,4,24,0,1974,2000,0,B
21,-2,5,17,0,1866,2000,0,B
21,-2,6,27,0,1627,2000,0,B
21,-2,7,22,0,1257,2000,0,B
21,-1,-4,17,11,2000,2000,0,A
21,-1,-3,21,18,2000,2000,0,A
21,-1,-2,24,24,2000,2000,0,A
21,-1,-1,14,14,2000,2000,0,A
21,-1,0,23,22,2000,2000,0,A
21,-1,1,22,9,2000,2000,0,A
21,-1,2,17,2,2000,2000,0,A
21,-1,3,25,0,1990,2000,0,B
21,-1,4,20,0,1946,2000,0,B
21,-1,5,22,0,1787,2000,0,B
21,-1,6,21,0,1459,2000,0,B
21,0,-4,22,17,2000,2000,0,A
21,0,-3,18,18,2000,2000,0,A
21,0,-2,16,15,2000,2000,0,A
21,0,-1,21,17,2000,2000,0,A
21,0,0,27,20,2000,2000,0,A
21,0,1,13,4,2000,2000,0,A
21,0,2,21,0,1996,2000,0,B
21,0,3,22,0,1970,2000,0,B
21,0,4,25,0,1862,2000,0,B
21,0,5,17,0,1628,2000,0,B
21,0,6,24,0,1140,2000,0,B
21,1,-5,13,8,2000,2000,0,A
21,1,-4,27,18,2000,2000,0,A
21,1,-3,22,20,2000,2000,0,A
21,1,-2,24,21,2000,2000,0,A
21,1,-1,20,16,2000,2000,0,A
21,1,0,18,4,2000,2000,0,A
21,1,1,21,0,1998,2000,0,B
21,1,2,27,0,1979,2000,0,B
21,1,3,17,0,1883,2000,0,B
21,1,4,18,0,1684,2000,0,B
21,1,5,19,0,1316,2000,0,B
21,2,-5,18,13,2000,2000,0,A
21,2,-4,23,16,2000,2000,0,A
21,2,-3,15,11,2000,2000,0,A
21,2,-2,21,8,2000,2000,0,A
21,2,-1,31,5,2000,2000,0,A
21,2,0,32,0,1998,2000,0,B
21,2,1,19,0,1983,2000,0,B
21,2,2,17,0,1930,2000,0,B
21,2,3,23,0,1755,2000,0,B
21,2,4,18,0,1410,2000,0,B
21,2,5,22,0,920,1998,2,C
21,3,-6,25,6,2000,2000,0,A
21,3,-5,19,7,2000,2000,0,A
21,3,-4,27,8,2000,2000,0,A
21,3,-3,25,7,2000,2000,0,A
21,3,-2,22,0,1999,2000,0,B
21,3,-1,16,0,1993,2000,0,B
21,3,0,20,0,1975,2000,0,B
21,3,1,22,0,1921,2000,0,B
21,4,-3,24,0,1998,2000,0,B
22,-7,6,23,0,1703,2000,0,B
22,-7,7,19,0,1414,2000,0,B
22,-7,8,15,0,988,1990,10,C
22,-6,2,23,0,1973,2000,0,B
22,-6,3,23,0,1964,2000,0,B
22,-6,4,24,0,1945,2000,0,B
22,-6,5,15,0,1873,2000,0,B
22,-6,6,18,0,1756,2000,0,B
22,-6,7,20,0,1486,2000,0,B
22,-6,8,21,0,1178,1999,1,C
22,-5,-2,25,0,1979,2000,0,B
22,-5,-1,36,0,1991,2000,0,B
22,-5,0,29,0,1996,2000,0,B
22,-5,1,21,0,1998,2000,0,B
22,-5,2,19,0,1996,2000,0,B
22,-5,3,24,0,1994,2000,0,B
22,-5,4,24,0,1978,2000,0,B
22,-5,5,21,0,1918,2000,0,B
22,-5,6,22,0,1792,2000,0,B
22,-5,7,28,0,1566,2000,0,B
22,-5,8,18,0,1086,1999,1,C
22,-5,9,16,0,656,1929,71,C
22,-4,-3,25,0,1986,2000,0,B
22,-4,-2,16,0,1997,2000,0,B
22,-4,-1,26,0,1999,2000,0,B
22,-4,0,24,1,2000,2000,0,A
22,-4,1,21,6,2000,2000,0,A
22,-4,2,12,0,1999,2000,0,B
22,-4,3,20,0,1998,2000,0,B
22,-4,4,20,0,1988,2000,0,B
22,-4,5,23,0,1935,2000,0,B
22,-4,6,25,0,1812,2000,0,B
22,-4,7,13,0,1378,2000,0,B
22,-4,8,25,0,1067,2000,0,B
22,-3,-3,13,0,1999,2000,0,B
22,-3,-2,20,2,2000,2000,0,A
22,-3,-1,13,9,2000,2000,0,A
22,-3,0,23,16,2000,2000,0,A
22,-3,1,20,9,2000,2000,0,A
22,-3,2,18,4,2000,2000,0,A
22,-3,3,22,1,2000,2000,0,A
22,-3,4,23,0,1980,2000,0,B
22,-3,5,15,0,1927,2000,0,B
22,-3,6,20,0,1764,2000,0,B
22,-3,7,23,0,1385,2000,0,B
22,-2,-3,19,4,2000,2000,0,A
22,-2,-2,20,18,2000,2000,0,A
22,-2,-1,20,18,2000,2000,0,A
22,-2,0,23,22,2000,2000,0,A
22,-2,1,35,27,2000,2000,0,A
22,-2,2,24,8,2000,2000,0,A
22,-2,3,20,0,1997,2000,0,B
22,-2,4,24,0,1973,2000,0,B
22,-2,5,17,0,1856,2000,0,B
22,-2,6,27,0,1653,2000,0,B
22,-2,7,22,0,1230,2000,0,B
22,-1,-4,17,7,2000,2000,0,A
22,-1,-3,21,15,2000,2000,0,A
22,-1,-2,24,23,2000,2000,0,A
22,-1,-1,14,14,2000,2000,0,A
22,-1,0,23,21,2000,2000,0,A
22,-1,1,22,13,2000,2000,0,A
22,-1,2,17,0,1999,2000,0,B
22,-1,3,25,0,1994,2000,0,B
22,-1,4,20,0,1952,2000,0,B
22,-1,5,22,0,1812,2000,0,B
22,-1,6,21,0,1455,2000,0,B
22,0,-4,22,14,2000,2000,0,A
22,0,-3,18,18,2000,2000,0,A
22,0,-2,16,16,2000,2000,0,A
22,0,-1,21,21,2000,2000,0,A
22,0,0,27,20,2000,2000,0,A
22,0,1,13,3,2000,2000,0,A
22,0,2,21,0,1999,2000,0,B
22,0,3,22,0,1961,2000,0,B
22,0,4,25,0,1855,2000,0,B
22,0,5,17,0,1638,2000,0,B
22,0,6,24,0,1159,2000,0,B
22,1,-5,13,11,2000,2000,0,A
22,1,-4,27,22,2000,2000,0,A
22,1,-3,22,21,2000,2000,0,A
22,1,-2,24,22,2000,2000,0,A
22,1,-1,20,15,2000,2000,0,A
22,1,0,18,4,2000,2000,0,A
22,1,1,21,0,1998,2000,0,B
22,1,2,27,0,1980,2000,0,B
22,1,3,17,0,1895,2000,0,B
22,1,4,18,0,1671,2000,0,B
22,1,5,19,0,1301,2000,0,B
22,2,-5,18,11,2000,2000,0,A
22,2,-4,23,18,2000,2000,0,A
22,2,-3,15,12,2000,2000,0,A
22,2,-2,21,15,2000,2000,0,A
22,2,-1,31,8,2000,2000,0,A
22,2,0,32,0,1996,2000,0,B
22,2,1,19,0,1985,2000,0,B
22,2,2,17,0,1904,2000,0,B
22,2,3,23,0,1761,2000,0,B
22,2,4,18,0,1382,2000,0,B
22,2,5,22,0,931,1999,1,C
22,3,-6,25,6,2000,2000,0,A
22,3,-5,19,6,2000,2000,0,A
22,3,-4,27,8,2000,2000,0,A
22,3,-3,25,7,2000,2000,0,A
22,3,-2,22,1,2000,2000,0,A
22,3,-1,16,0,1995,2000,0,B
22,3,0,20,0,1976,2000,0,B
22,3,1,22,0,1916,2000,0,B
22,4,-3,24,0,1997,2000,0,B
23,-7,6,23,0,1644,2000,0,B
23,-7,7,19,0,1405,2000,0,B
23,-7,8,15,0,981,1994,6,C
23,-6,2,23,0,1976,2000,0,B
23,-6,3,23,0,1970,2000,0,B
23,-6,4,24,0,1938,2000,0,B
23,-6,5,15,0,1878,2000,0,B
23,-6,6,18,0,1724,2000,0,B
23,-6,7,20,0,1505,2000,0,B
23,-6,8,21,0,1152,2000,0,B
23,-5,-2,25,0,1971,2000,0,B
23,-5,-1,36,0,1991,2000,0,B
23,-5,0,29,1,2000,2000,0,A
23,-5,1,21,0,1997,2000,0,B
23,-5,2,19,0,1995,2000,0,B
23,-5,3,24,0,1993,2000,0,B
23,-5,4,24,0,1978,2000,0,B
23,-5,5,21,0,1915,2000,0,B
23,-5,6,22,0,1806,2000,0,B
23,-5,7,28,0,1579,2000,0,B
23,-5,8,18,0,1086,1997,3,C
23,-5,9,16,0,665,1916,84,C
23,-4,-3,25,0,1986,2000,0,B
23,-4,-2,16,0,1996,2000,0,B
23,-4,-1,26,1,2000,2000,0,A
23,-4,0,24,1,2000,2000,0,A
23,-4,1,21,2,2000,2000,0,A
23,-4,2,12,1,2000,2000,0,A
23,-4,3,20,0,1997,2000,0,B
23,-4,4,20,0,1981,2000,0,B
23,-4,5,23,0,1948,2000,0,B
23,-4,6,25,0,1820,2000,0,B
23,-4,7,13,0,1390,2000,0,B
23,-4,8,25,0,1085,1999,1,C
23,-3,-3,13,0,1999,2000,0,B
23,-3,-2,20,3,2000,2000,0,A
23,-3,-1,13,6,2000,2000,0,A
23,-3,0,23,16,2000,2000,0,A
23,-3,1,20,14,2000,2000,0,A
23,-3,2,18,5,2000,2000,0,A
23,-3,3,22,1,2000,2000,0,A
23,-3,4,23,0,1991,2000,0,B
23,-3,5,15,0,1919,2000,0,B
23,-3,6,20,0,1740,2000,0,B
23,-3,7,23,0,1392,2000,0,B
23,-2,-3,19,6,2000,2000,0,A
23,-2,-2,20,17,2000,2000,0,A
23,-2,-1,20,18,2000,2000,0,A
23,-2,0,23,21,2000,2000,0,A
23,-2,1,35,23,2000,2000,0,A
23,-2,2,24,10,2000,2000,0,A
23,-2,3,20,0,1998,2000,0,B
23,-2,4,24,0,1980,2000,0,B
23,-2,5,17,0,1846,2000,0,B
23,-2,6,27,0,1651,2000,0,B
23,-2,7,22,0,1233,2000,0,B
23,-1,-4,17,5,2000,2000,0,A
23,-1,-3,21,16,2000,2000,0,A
23,-1,-2,24,24,2000,2000,0,A
23,-1,-1,14,14,2000,2000,0,A
23,-1,0,23,20,2000,2000,0,A
23,-1,1,22,18,2000,2000,0,A
23,-1,2,17,1,2000,2000,0,A
23,-1,3,25,0,1990,2000,0,B
23,-1,4,20,0,1949,2000,0,B
23,-1,5,22,0,1808,2000,0,B
23,-1,6,21,0,1464,2000,0,B
23,0,-4,22,16,2000,2000,0,A
23,0,-3,18,15,2000,2000,0,A
23,0,-2,16,15,2000,2000,0,A
23,0,-1,21,19,2000,2000,0,A
23,0,0,27,20,2000,2000,0,A
23,0,1,13,2,2000,2000,0,A
23,0,2,21,0,1994,2000,0,B
23,0,3,22,0,1963,2000,0,B
23,0,4,25,0,1878,2000,0,B
23,0,5,17,0,1617,2000,0,B
23,0,6,24,0,1143,2000,0,B
23,1,-5,13,10,2000,2000,0,A
23,1,-4,27,24,2000,2000,0,A
23,1,-3,22,19,2000,2000,0,A
23,1,-2,24,21,2000,2000,0,A
23,1,-1,20,14,2000,2000,0,A
23,1,0,18,5,2000,2000,0,A
23,1,1,21,0,1999,2000,0,B
23,1,2,27,0,1979,2000,0,B
23,1,3,17,0,1896,2000,0,B
23,1,4,18,0,1657,2000,0,B
23,1,5,19,0,1283,1999,1,C
23,2,-5,18,12,2000,2000,0,A
23,2,-4,23,16,2000,2000,0,A
23,2,-3,15,13,2000,2000,0,A
23,2,-2,21,10,2000,2000,0,A
23,2,-1,31,8,2000,2000,0,A
23,2,0,32,0,1998,2000,0,B
23,2,1,19,0,1981,2000,0,B
23,2,2,17,0,1930,2000,0,B
23,2,3,23,0,1758,2000,0,B
23,2,4,18,0,1381,2000,0,B
23,2,5,22,0,960,1998,2,C
23,3,-6,25,11,2000,2000,0,A
23,3,-5,19,11,2000,2000,0,A
23,3,-4,27,9,2000,2000,0,A
23,3,-3,25,7,2000,2000,0,A
23,3,-2,22,0,1999,2000,0,B
23,3,-1,16,0,1995,2000,0,B
23,3,0,20,0,1978,2000,0,B
23,3,1,22,0,1909,2000,0,B
23,4,-3,24,0,1998,2000,0,B
24,-7,6,23,0,1659,2000,0,B
24,-7,7,19,0,1396,2000,0,B
24,-7,8,15,0,1046,1988,12,C
24,-6,2,23,0,1982,2000,0,B
24,-6,3,23,0,1963,2000,0,B
24,-6,4,24,0,1939,2000,0,B
24,-6,5,15,0,1864,2000,0,B
24,-6,6,18,0,1737,2000,0,B
24,-6,7,20,0,1508,2000,0,B
24,-6,8,21,0,1171,2000,0,B
24,-5,-2,25,0,1969,2000,0,B
24,-5,-1,36,0,1992,2000,0,B
24,-5,0,29,0,1994,2000,0,B
24,-5,1,21,0,1997,2000,0,B
24,-5,2,19,0,1995,2000,0,B
24,-5,3,24,0,1992,2000,0,B
24,-5,4,24,0,1978,2000,0,B
24,-5,5,21,0,1919,2000,0,B
24,-5,6,22,0,1793,2000,0,B
24,-5,7,28,0,1617,2000,0,B
24,-5,8,18,0,1111,2000,0,B
24,-5,9,16,0,672,1928,72,C
24,-4,-3,25,0,1984,2000,0,B
24,-4,-2,16,0,1996,2000,0,B
24,-4,-1,26,1,2000,2000,0,A
24,-4,0,24,3,2000,2000,0,A
24,-4,1,21,2,2000,2000,0,A
24,-4,2,12,1,2000,2000,0,A
24,-4,3,20,0,1998,2000,0,B
24,-4,4,20,0,1982,2000,0,B
24,-4,5,23,0,1931,2000,0,B
24,-4,6,25,0,1823,2000,0,B
24,-4,7,13,0,1400,2000,0,B
24,-4,8,25,0,1052,2000,0,B
24,-3,-3,13,0,1998,2000,0,B
24,-3,-2,20,6,2000,2000,0,A
24,-3,-1,13,9,2000,2000,0,A
24,-3,0,23,14,2000,2000,0,A
24,-3,1,20,14,2000,2000,0,A
24,-3,2,18,6,2000,2000,0,A
24,-3,3,22,0,1999,2000,0,B
24,-3,4,23,0,1992,2000,0,B
24,-3,5,15,0,1929,2000,0,B
24,-3,6,20,0,1731,2000,0,B
24,-3,7,23,0,1389,2000,0,B
24,-2,-3,19,6,2000,2000,0,A
24,-2,-2,20,15,2000,2000,0,A
24,-2,-1,20,18,2000,2000,0,A
24,-2,0,23,21,2000,2000,0,A
24,-2,1,35,26,2000,2000,0,A
24,-2,2,24,9,2000,2000,0,A
24,-2,3,20,0,1997,2000,0,B
24,-2,4,24,0,1978,2000,0,B
24,-2,5,17,0,1862,2000,0,B
24,-2,6,27,0,1626,2000,0,B
24,-2,7,22,0,1250,2000,0,B
24,-1,-4,17,6,2000,2000,0,A
24,-1,-3,21,18,2000,2000,0,A
24,-1,-2,24,22,2000,2000,0,A
24,-1,-1,14,13,2000,2000,0,A
24,-1,0,23,19,2000,2000,0,A
24,-1,1,22,14,2000,2000,0,A
24,-1,2,17,3,2000,2000,0,A
24,-1,3,25,0,1996,2000,0,B
24,-1,4,20,0,1954,2000,0,B
24,-1,5,22,0,1780,2000,0,B
24,-1,6,21,0,1483,2000,0,B
24,0,-4,22,17,2000,2000,0,A
24,0,-3,18,15,2000,2000,0,A
24,0,-2,16,16,2000,2000,0,A
24,0,-1,21,20,2000,2000,0,A
24,0,0,27,20,2000,2000,0,A
24,0,1,13,2,2000,2000,0,A
24,0,2,21,0,1997,2000,0,B
24,0,3,22,0,1975,2000,0,B
24,0,4,25,0,1872,2000,0,B
24,0,5,17,0,1626,2000,0,B
24,0,6,24,0,1118,2000,0,B
24,1,-5,13,9,2000,2000,0,A
24,1,-4,27,24,2000,2000,0,A
24,1,-3,22,19,2000,2000,0,A
24,1,-2,24,22,2000,2000,0,A
24,1,-1,20,16,2000,2000,0,A
24,1,0,18,2,2000,2000,0,A
24,1,1,21,0,1998,2000,0,B
24,1,2,27,0,1981,2000,0,B
24,1,3,17,0,1885,2000,0,B
24,1,4,18,0,1685,2000,0,B
24,1,5,19,0,1322,2000,0,B
24,2,-5,18,12,2000,2000,0,A
24,2,-4,23,16,2000,2000,0,A
24,2,-3,15,12,2000,2000,0,A
24,2,-2,21,12,2000,2000,0,A
24,2,-1,31,6,2000,2000,0,A
24,2,0,32,0,1997,2000,0,B
24,2,1,19,0,1985,2000,0,B
24,2,2,17,0,1937,2000,0,B
24,2,3,23,0,1755,2000,0,B
24,2,4,18,0,1404,2000,0,B
24,2,5,22,0,958,1999,1,C
24,3,-6,25,10,2000,2000,0,A
24,3,-5,19,8,2000,2000,0,A
24,3,-4,27,12,2000,2000,0,A
24,3,-3,25,4,2000,2000,0,A
24,3,-2,22,2,2000,2000,0,A
24,3,-1,16,0,1994,2000,0,B
24,3,0,20,0,1973,2000,0,B
24,3,1,22,0,1919,2000,0,B
24,4,-3,24,0,1997,2000,0,B
25,-7,6,23,0,1663,2000,0,B
25,-7,7,19,0,1407,2000,0,B
25,-7,8,15,0,977,1992,8,C
25,-6,2,23,0,1968,2000,0,B
25,-6,3,23,0,1966,2000,0,B
25,-6,4,24,0,1947,2000,0,B
25,-6,5,15,0,1881,2000,0,B
25,-6,6,18,0,1748,2000,0,B
25,-6,7,20,0,1502,2000,0,B
25,-6,8,21,0,1195,1999,1,C
25,-5,-2,25,0,1970,2000,0,B
25,-5,-1,36,0,1991,2000,0,B
25,-5,0,29,0,1999,2000,0,B
25,-5,1,21,0,1995,2000,0,B
25,-5,2,19,0,1996,2000,0,B
25,-5,3,24,0,1992,2000,0,B
25,-5,4,24,0,1976,2000,0,B
25,-5,5,21,0,1920,2000,0,B
25,-5,6,22,0,1821,2000,0,B
25,-5,7,28,0,1621,2000,0,B
25,-5,8,18,0,1111,1998,2,C
25,-5,9,16,0,654,1931,69,C
25,-4,-3,25,0,1985,2000,0,B
25,-4,-2,16,0,1998,2000,0,B
25,-4,-1,26,1,2000,2000,0,A
25,-4,0,24,2,2000,2000,0,A
25,-4,1,21,3,2000,2000,0,A
25,-4,2,12,0,1999,2000,0,B
25,-4,3,20,0,1999,2000,0,B
25,-4,4,20,0,1989,2000,0,B
25,-4,5,23,0,1944,2000,0,B
25,-4,6,25,0,1816,2000,0,B
25,-4,7,13,0,1367,2000,0,B
25,-4,8,25,0,1049,2000,0,B
25,-3,-3,13,0,1999,2000,0,B
25,-3,-2,20,8,2000,2000,0,A
25,-3,-1,13,6,2000,2000,0,A
25,-3,0,23,17,2000,2000,0,A
25,-3,1,20,13,2000,2000,0,A
25,-3,2,18,5,2000,2000,0,A
25,-3,3,22,0,1998,2000,0,B
25,-3,4,23,0,1986,2000,0,B
25,-3,5,15,0,1929,2000,0,B
25,-3,6,20,0,1754,2000,0,B
25,-3,7,23,0,1410,2000,0,B
25,-2,-3,19,7,2000,2000,0,A
25,-2,-2,20,16,2000,2000,0,A
25,-2,-1,20,19,2000,2000,0,A
25,-2,0,23,23,2000,2000,0,A
25,-2,1,35,26,2000,2000,0,A
25,-2,2,24,8,2000,2000,0,A
25,-2,3,20,0,1998,2000,0,B
25,-2,4,24,0,1978,2000,0,B
25,-2,5,17,0,1870,2000,0,B
25,-2,6,27,0,1645,2000,0,B
25,-2,7,22,0,1259,2000,0,B
25,-1,-4,17,6,2000,2000,0,A
25,-1,-3,21,20,2000,2000,0,A
25,-1,-2,24,22,2000,2000,0,A
25,-1,-1,14,14,2000,2000,0,A
25,-1,0,23,22,2000,2000,0,A
25,-1,1,22,14,2000,2000,0,A
25,-1,2,17,1,2000,2000,0,A
25,-1,3,25,0,1990,2000,0,B
25,-1,4,20,0,1952,2000,0,B
25,-1,5,22,0,1803,2000,0,B
25,-1,6,21,0,1442,2000,0,B
25,0,-4,22,15,2000,2000,0,A
25,0,-3,18,17,2000,2000,0,A
25,0,-2,16,16,2000,2000,0,A
25,0,-1,21,20,2000,2000,0,A
25,0,0,27,23,2000,2000,0,A
25,0,1,13,4,2000,2000,0,A
25,0,2,21,0,1994,2000,0,B
25,0,3,22,0,1965,2000,0,B
25,0,4,25,0,1875,2000,0,B
25,0,5,17,0,1646,2000,0,B
25,0,6,24,0,1171,2000,0,B
25,1,-5,13,10,2000,2000,0,A
25,1,-4,27,25,2000,2000,0,A
25,1,-3,22,21,2000,2000,0,A
25,1,-2,24,21,2000,2000,0,A
25,1,-1,20,15,2000,2000,0,A
25,1,0,18,4,2000,2000,0,A
25,1,1,21,0,1997,2000,0,B
25,1,2,27,0,1978,2000,0,B
25,1,3,17,0,1886,2000,0,B
25,1,4,18,0,1661,2000,0,B
25,1,5,19,0,1305,1999,1,C
25,2,-5,18,14,2000,2000,0,A
25,2,-4,23,18,2000,2000,0,A
25,2,-3,15,12,2000,2000,0,A
25,2,-2,21,9,2000,2000,0,A
25,2,-1,31,9,2000,2000,0,A
25,2,0,32,0,1995,2000,0,B
25,2,1,19,0,1985,2000,0,B
25,2,2,17,0,1921,2000,0,B
25,2,3,23,0,1735,2000,0,B
25,2,4,18,0,1416,2000,0,B
25,2,5,22,0,938,1999,1,C
25,3,-6,25,10,2000,2000,0,A
25,3,-5,19,8,2000,2000,0,A
25,3,-4,27,8,2000,2000,0,A
25,3,-3,25,7,2000,2000,0,A
25,3,-2,22,1,2000,2000,0,A
25,3,-1,16,0,1994,2000,0,B
25,3,0,20,0,1976,2000,0,B
25,3,1,22,0,1910,2000,0,B
25,4,-3,24,0,1999,2000,0,B
26,-7,6,23,0,1645,2000,0,B
26,-7,7,19,0,1409,2000,0,B
26,-7,8,15,0,1017,1992,8,C
26,-6,2,23,0,1979,2000,0,B
26,-6,3,23,0,1973,2000,0,B
26,-6,4,24,0,1937,2000,0,B
26,-6,5,15,0,1859,2000,0,B
26,-6,6,18,0,1747,2000,0,B
26,-6,7,20,0,1499,2000,0,B
26,-6,8,21,0,1187,2000,0,B
26,-5,-2,25,0,1977,2000,0,B
26,-5,-1,36,0,1994,2000,0,B
26,-5,0,29,0,1996,2000,0,B
26,-5,1,21,0,1999,2000,0,B
26,-5,2,19,0,1993,2000,0,B
26,-5,3,24,0,1992,2000,0,B
26,-5,4,24,0,1976,2000,0,B
26,-5,5,21,0,1916,2000,0,B
26,-5,6,22,0,1794,2000,0,B
26,-5,7,28,0,1569,2000,0,B
26,-5,8,18,0,1110,2000,0,B
26,-5,9,16,0,681,1934,66,C
26,-4,-3,25,0,1989,2000,0,B
26,-4,-2,16,0,1997,2000,0,B
26,-4,-1,26,1,2000,2000,0,A
26,-4,0,24,3,2000,2000,0,A
26,-4,1,21,4,2000,2000,0,A
26,-4,2,12,1,2000,2000,0,A
26,-4,3,20,0,1996,2000,0,B
26,-4,4,20,0,1985,2000,0,B
26,-4,5,23,0,1938,2000,0,B
26,-4,6,25,0,1812,2000,0,B
26,-4,7,13,0,1396,2000,0,B
26,-4,8,25,0,1082,2000,0,B
26,-3,-3,13,0,1998,2000,0,B
26,-3,-2,20,6,2000,2000,0,A
26,-3,-1,13,10,2000,2000,0,A
26,-3,0,23,15,2000,2000,0,A
26,-3,1,20,12,2000,2000,0,A
26,-3,2,18,5,2000,2000,0,A
26,-3,3,22,1,2000,2000,0,A
26,-3,4,23,0,1987,2000,0,B
26,-3,5,15,0,1925,2000,0,B
26,-3,6,20,0,1753,2000,0,B
26,-3,7,23,0,1362,2000,0,B
26,-2,-3,19,3,2000,2000,0,A
26,-2,-2,20,16,2000,2000,0,A
26,-2,-1,20,18,2000,2000,0,A
26,-2,0,23,20,2000,2000,0,A
26,-2,1,35,30,2000,2000,0,A
26,-2,2,24,6,2000,2000,0,A
26,-2,3,20,0,1995,2000,0,B
26,-2,4,24,0,1980,2000,0,B
26,-2,5,17,0,1850,2000,0,B
26,-2,6,27,0,1620,2000,0,B
26,-2,7,22,0,1246,2000,0,B
26,-1,-4,17,10,2000,2000,0,A
26,-1,-3,21,18,2000,2000,0,A
26,-1,-2,24,23,2000,2000,0,A
26,-1,-1,14,13,2000,2000,0,A
26,-1,0,23,18,2000,2000,0,A
26,-1,1,22,12,2000,2000,0,A
26,-1,2,17,3,2000,2000,0,A
26,-1,3,25,0,1994,2000,0,B
26,-1,4,20,0,1957,2000,0,B
26,-1,5,22,0,1808,2000,0,B
26,-1,6,21,0,1431,2000,0,B
26,0,-4,22,16,2000,2000,0,A
26,0,-3,18,16,2000,2000,0,A
26,0,-2,16,15,2000,2000,0,A
26,0,-1,21,20,2000,2000,0,A
26,0,0,27,18,2000,2000,0,A
26,0,1,13,1,2000,2000,0,A
26,0,2,21,0,1995,2000,0,B
26,0,3,22,0,1972,2000,0,B
26,0,4,25,0,1861,2000,0,B
26,0,5,17,0,1625,2000,0,B
26,0,6,24,0,1139,2000,0,B
26,1,-5,13,8,2000,2000,0,A
26,1,-4,27,25,2000,2000,0,A
26,1,-3,22,22,2000,2000,0,A
26,1,-2,24,22,2000,2000,0,A
26,1,-1,20,16,2000,2000,0,A
26,1,0,18,5,2000,2000,0,A
26,1,1,21,0,1998,2000,0,B
26,1,2,27,0,1980,2000,0,B
26,1,3,17,0,1895,2000,0,B
26,1,4,18,0,1652,2000,0,B
26,1,5,19,0,1308,2000,0,B
26,2,-5,18,13,2000,2000,0,A
26,2,-4,23,19,2000,2000,0,A
26,2,-3,15,13,2000,2000,0,A
26,2,-2,21,13,2000,2000,0,A
26,2,-1,31,1,2000,2000,0,A
26,2,0,32,0,1998,2000,0,B
26,2,1,19,0,1983,2000,0,B
26,2,2,17,0,1921,2000,0,B
26,2,3,23,0,1762,2000,0,B
26,2,4,18,0,1440,2000,0,B
26,2,5,22,0,958,2000,0,B
26,3,-6,25,6,2000,2000,0,A
26,3,-5,19,7,2000,2000,0,A
26,3,-4,27,12,2000,2000,0,A
26,3,-3,25,9,2000,2000,0,A
26,3,-2,22,0,1999,2000,0,B
26,3,-1,16,0,1996,2000,0,B
26,3,0,20,0,1978,2000,0,B
26,3,1,22,0,1923,2000,0,B
26,4,-3,24,0,1999,2000,0,B
27,-7,6,23,0,1630,2000,0,B
27,-7,7,19,0,1383,2000,0,B
27,-7,8,15,0,1048,1990,10,C
27,-6,2,23,0,1975,2000,0,B
27,-6,3,23,0,1965,2000,0,B
27,-6,4,24,0,1940,2000,0,B
27,-6,5,15,0,1864,2000,0,B
27,-6,6,18,0,1770,2000,0,B
27,-6,7,20,0,1514,2000,0,B
27,-6,8,21,0,1173,2000,0,B
27,-5,-2,25,0,1972,2000,0,B
27,-5,-1,36,0,1991,2000,0,B
27,-5,0,29,0,1995,2000,0,B
27,-5,1,21,0,1994,2000,0,B
27,-5,2,19,0,1996,2000,0,B
27,-5,3,24,0,1993,2000,0,B
27,-5,4,24,0,1968,2000,0,B
27,-5,5,21,0,1926,2000,0,B
27,-5,6,22,0,1797,2000,0,B
27,-5,7,28,0,1603,2000,0,B
27,-5,8,18,0,1105,2000,0,B
27,-5,9,16,0,652,1915,85,C
27,-4,-3,25,0,1984,2000,0,B
27,-4,-2,16,0,1998,2000,0,B
27,-4,-1,26,1,2000,2000,0,A
27,-4,0,24,4,2000,2000,0,A
27,-4,1,21,2,2000,2000,0,A
27,-4,2,12,1,2000,2000,0,A
27,-4,3,20,0,1998,2000,0,B
27,-4,4,20,0,1982,2000,0,B
27,-4,5,23,0,1944,2000,0,B
27,-4,6,25,0,1811,2000,0,B
27,-4,7,13,0,1377,2000,0,B
27,-4,8,25,0,1088,2000,0,B
27,-3,-3,13,0,1999,2000,0,B
27,-3,-2,20,5,2000,2000,0,A
27,-3,-1,13,7,2000,2000,0,A
27,-3,0,23,18,2000,2000,0,A
27,-3,1,20,12,2000,2000,0,A
27,-3,2,18,2,2000,2000,0,A
27,-3,3,22,0,1999,2000,0,B
27,-3,4,23,0,1987,2000,0,B
27,-3,5,15,0,1931,2000,0,B
27,-3,6,20,0,1760,2000,0,B
27,-3,7,23,0,1392,2000,0,B
27,-2,-3,19,6,2000,2000,0,A
27,-2,-2,20,16,2000,2000,0,A
27,-2,-1,20,19,2000,2000,0,A
27,-2,0,23,18,2000,2000,0,A
27,-2,1,35,27,2000,2000,0,A
27,-2,2,24,12,2000,2000,0,A
27,-2,3,20,0,1998,2000,0,B
27,-2,4,24,0,1979,2000,0,B
27,-2,5,17,0,1860,2000,0,B
27,-2,6,27,0,1649,2000,0,B
27,-2,7,22,0,1261,2000,0,B
27,-1,-4,17,7,2000,2000,0,A
27,-1,-3,21,16,2000,2000,0,A
27,-1,-2,24,21,2000,2000,0,A
27,-1,-1,14,14,2000,2000,0,A
27,-1,0,23,21,2000,2000,0,A
27,-1,1,22,14,2000,2000,0,A
27,-1,2,17,4,2000,2000,0,A
27,-1,3,25,0,1994,2000,0,B
27,-1,4,20,0,1957,2000,0,B
27,-1,5,22,0,1774,2000,0,B
27,-1,6,21,0,1442,2000,0,B
27,0,-4,22,18,2000,2000,0,A
27,0,-3,18,11,2000,2000,0,A
27,0,-2,16,16,2000,2000,0,A
27,0,-1,21,20,2000,2000,0,A
27,0,0,27,22,2000,2000,0,A
27,0,1,13,0,1999,2000,0,B
27,0,2,21,0,1998,2000,0,B
27,0,3,22,0,1972,2000,0,B
27,0,4,25,0,1877,2000,0,B
27,0,5,17,0,1651,2000,0,B
27,0,6,24,0,1133,2000,0,B
27,1,-5,13,11,2000,2000,0,A
27,1,-4,27,21,2000,2000,0,A
27,1,-3,22,19,2000,2000,0,A
27,1,-2,24,24,2000,2000,0,A
27,1,-1,20,16,2000,2000,0,A
27,1,0,18,3,2000,2000,0,A
27,1,1,21,0,1996,2000,0,B
27,1,2,27,0,1979,2000,0,B
27,1,3,17,0,1907,2000,0,B
27,1,4,18,0,1665,2000,0,B
27,1,5,19,0,1294,2000,0,B
27,2,-5,18,12,2000,2000,0,A
27,2,-4,23,17,2000,2000,0,A
27,2,-3,15,12,2000,2000,0,A
27,2,-2,21,9,2000,2000,0,A
27,2,-1,31,7,2000,2000,0,A
27,2,0,32,0,1998,2000,0,B
27,2,1,19,0,1986,2000,0,B
27,2,2,17,0,1932,2000,0,B
27,2,3,23,0,1765,2000,0,B
27,2,4,18,0,1409,2000,0,B
27,2,5,22,0,950,2000,0,B
27,3,-6,25,7,2000,2000,0,A
27,3,-5,19,7,2000,2000,0,A
27,3,-4,27,12,2000,2000,0,A
27,3,-3,25,7,2000,2000,0,A
27,3,-2,22,0,1999,2000,0,B
27,3,-1,16,0,1995,2000,0,B
27,3,0,20,0,1973,2000,0,B
27,3,1,22,0,1913,2000,0,B
27,4,-3,24,0,1998,2000,0,B
28,-7,6,23,0,1596,2000,0,B
28,-7,7,19,0,1426,2000,0,B
28,-7,8,15,0,1023,1994,6,C
28,-6,2,23,0,1974,2000,0,B
28,-6,3,23,0,1965,2000,0,B
28,-6,4,24,0,1946,2000,0,B
28,-6,5,15,0,1875,2000,0,B
28,-6,6,18,0,1754,2000,0,B
28,-6,7,20,0,1509,2000,0,B
28,-6,8,21,0,1152,1999,1,C
28,-5,-2,25,0,1977,2000,0,B
28,-5,-1,36,0,1992,2000,0,B
28,-5,0,29,0,1998,2000,0,B
28,-5,1,21,0,1998,2000,0,B
28,-5,2,19,0,1997,2000,0,B
28,-5,3,24,0,1995,2000,0,B
28,-5,4,24,0,1978,2000,0,B
28,-5,5,21,0,1919,2000,0,B
28,-5,6,22,0,1808,2000,0,B
28,-5,7,28,0,1587,2000,0,B
28,-5,8,18,0,1090,1999,1,C
28,-5,9,16,0,678,1927,73,C
28,-4,-3,25,0,1984,2000,0,B
28,-4,-2,16,0,1998,2000,0,B
28,-4,-1,26,2,2000,2000,0,A
28,-4,0,24,4,2000,2000,0,A
28,-4,1,21,4,2000,2000,0,A
28,-4,2,12,1,2000,2000,0,A
28,-4,3,20,0,1998,2000,0,B
28,-4,4,20,0,1984,2000,0,B
28,-4,5,23,0,1936,2000,0,B
28,-4,6,25,0,1823,2000,0,B
28,-4,7,13,0,1389,2000,0,B
28,-4,8,25,0,1105,2000,0,B
28,-3,-3,13,0,1998,2000,0,B
28,-3,-2,20,4,2000,2000,0,A
28,-3,-1,13,8,2000,2000,0,A
28,-3,0,23,11,2000,2000,0,A
28,-3,1,20,12,2000,2000,0,A
28,-3,2,18,8,2000,2000,0,A
28,-3,3,22,0,1998,2000,0,B
28,-3,4,23,0,1990,2000,0,B
28,-3,5,15,0,1936,2000,0,B
28,-3,6,20,0,1755,2000,0,B
28,-3,7,23,0,1404,2000,0,B
28,-2,-3,19,8,2000,2000,0,A
28,-2,-2,20,17,2000,2000,0,A
28,-2,-1,20,15,2000,2000,0,A
28,-2,0,23,22,2000,2000,0,A
28,-2,1,35,28,2000,2000,0,A
28,-2,2,24,10,2000,2000,0,A
28,-2,3,20,0,1998,2000,0,B
28,-2,4,24,0,1973,2000,0,B
28,-2,5,17,0,1859,2000,0,B
28,-2,6,27,0,1675,2000,0,B
28,-2,7,22,0,1267,2000,0,B
28,-1,-4,17,5,2000,2000,0,A
28,-1,-3,21,18,2000,2000,0,A
28,-1,-2,24,24,2000,2000,0,A
28,-1,-1,14,14,2000,2000,0,A
28,-1,0,23,20,2000,2000,0,A
28,-1,1,22,14,2000,2000,0,A
28,-1,2,17,1,2000,2000,0,A
28,-1,3,25,0,1993,2000,0,B
28,-1,4,20,0,1941,2000,0,B
28,-1,5,22,0,1793,2000,0,B
28,-1,6,21,0,1485,2000,0,B
28,0,-4,22,13,2000,2000,0,A
28,0,-3,18,15,2000,2000,0,A
28,0,-2,16,16,2000,2000,0,A
28,0,-1,21,20,2000,2000,0,A
28,0,0,27,22,2000,2000,0,A
28,0,1,13,3,2000,2000,0,A
28,0,2,21,0,1993,2000,0,B
28,0,3,22,0,1964,2000,0,B
28,0,4,25,0,1871,2000,0,B
28,0,5,17,0,1622,2000,0,B
28,0,6,24,0,1148,2000,0,B
28,1,-5,13,9,2000,2000,0,A
28,1,-4,27,25,2000,2000,0,A
28,1,-3,22,21,2000,2000,0,A
28,1,-2,24,23,2000,2000,0,A
28,1,-1,20,13,2000,2000,0,A
28,1,0,18,5,2000,2000,0,A
28,1,1,21,0,1997,2000,0,B
28,1,2,27,0,1979,2000,0,B
28,1,3,17,0,1890,2000,0,B
28,1,4,18,0,1672,2000,0,B
28,1,5,19,0,1332,2000,0,B
28,2,-5,18,14,2000,2000,0,A
28,2,-4,23,18,2000,2000,0,A
28,2,-3,15,6,2000,2000,0,A
28,2,-2,21,17,2000,2000,0,A
28,2,-1,31,4,2000,2000,0,A
28,2,0,32,0,1996,2000,0,B
28,2,1,19,0,1983,2000,0,B
28,2,2,17,0,1917,2000,0,B
28,2,3,23,0,1748,2000,0,B
28,2,4,18,0,1425,2000,0,B
28,2,5,22,0,967,1999,1,C
28,3,-6,25,8,2000,2000,0,A
28,3,-5,19,9,2000,2000,0,A
28,3,-4,27,10,2000,2000,0,A
28,3,-3,25,2,2000,2000,0,A
28,3,-2,22,2,2000,2000,0,A
28,3,-1,16,0,1998,2000,0,B
28,3,0,20,0,1983,2000,0,B
28,3,1,22,0,1923,2000,0,B
28,4,-3,24,0,1998,2000,0,B
29,-7,6,23,0,1619,2000,0,B
29,-7,7,19,0,1418,2000,0,B
29,-7,8,15,0,1015,1991,9,C
29,-6,2,23,0,1973,2000,0,B
29,-6,3,23,0,1967,2000,0,B
29,-6,4,24,0,1947,2000,0,B
29,-6,5,15,0,1890,2000,0,B
29,-6,6,18,0,1763,2000,0,B
29,-6,7,20,0,1512,2000,0,B
29,-6,8,21,0,1180,1999,1,C
29,-5,-2,25,0,1978,2000,0,B
29,-5,-1,36,0,1991,2000,0,B
29,-5,0,29,0,1995,2000,0,B
29,-5,1,21,0,1997,2000,0,B
29,-5,2,19,0,1998,2000,0,B
29,-5,3,24,0,1995,2000,0,B
29,-5,4,24,0,1975,2000,0,B
29,-5,5,21,0,1923,2000,0,B
29,-5,6,22,0,1799,2000,0,B
29,-5,7,28,0,1588,2000,0,B
29,-5,8,18,0,1095,2000,0,B
29,-5,9,16,0,667,1926,74,C
29,-4,-3,25,0,1986,2000,0,B
29,-4,-2,16,0,1997,2000,0,B
29,-4,-1,26,2,2000,2000,0,A
29,-4,0,24,5,2000,2000,0,A
29,-4,1,21,2,2000,2000,0,A
29,-4,2,12,0,1999,2000,0,B
29,-4,3,20,0,1995,2000,0,B
29,-4,4,20,0,1990,2000,0,B
29,-4,5,23,0,1940,2000,0,B
29,-4,6,25,0,1803,2000,0,B
29,-4,7,13,0,1403,2000,0,B
29,-4,8,25,0,1086,2000,0,B
29,-3,-3,13,0,1999,2000,0,B
29,-3,-2,20,6,2000,2000,0,A
29,-3,-1,13,5,2000,2000,0,A
29,-3,0,23,15,2000,2000,0,A
29,-3,1,20,13,2000,2000,0,A
29,-3,2,18,5,2000,2000,0,A
29,-3,3,22,0,1999,2000,0,B
29,-3,4,23,0,1985,2000,0,B
29,-3,5,15,0,1924,2000,0,B
29,-3,6,20,0,1741,2000,0,B
29,-3,7,23,0,1395,2000,0,B
29,-2,-3,19,7,2000,2000,0,A
29,-2,-2,20,15,2000,2000,0,A
29,-2,-1,20,18,2000,2000,0,A
29,-2,0,23,20,2000,2000,0,A
29,-2,1,35,27,2000,2000,0,A
29,-2,2,24,10,2000,2000,0,A
29,-2,3,20,0,1997,2000,0,B
29,-2,4,24,0,1974,2000,0,B
29,-2,5,17,0,1848,2000,0,B
29,-2,6,27,0,1630,2000,0,B
29,-2,7,22,0,1285,2000,0,B
29,-1,-4,17,5,2000,2000,0,A
29,-1,-3,21,17,2000,2000,0,A
29,-1,-2,24,21,2000,2000,0,A
29,-1,-1,14,14,2000,2000,0,A
29,-1,0,23,20,2000,2000,0,A
29,-1,1,22,13,2000,2000,0,A
29,-1,2,17,1,2000,2000,0,A
29,-1,3,25,0,1991,2000,0,B
29,-1,4,20,0,1949,2000,0,B
29,-1,5,22,0,1796,2000,0,B
29,-1,6,21,0,1471,2000,0,B
29,0,-4,22,16,2000,2000,0,A
29,0,-3,18,18,2000,2000,0,A
29,0,-2,16,15,2000,2000,0,A
29,0,-1,21,20,2000,2000,0,A
29,0,0,27,23,2000,2000,0,A
29,0,1,13,3,2000,2000,0,A
29,0,2,21,0,1994,2000,0,B
29,0,3,22,0,1966,2000,0,B
29,0,4,25,0,1863,2000,0,B
29,0,5,17,0,1639,2000,0,B
29,0,6,24,0,1117,2000,0,B
29,1,-5,13,8,2000,2000,0,A
29,1,-4,27,21,2000,2000,0,A
29,1,-3,22,19,2000,2000,0,A
29,1,-2,24,20,2000,2000,0,A
29,1,-1,20,17,2000,2000,0,A
29,1,0,18,2,2000,2000,0,A
29,1,1,21,0,1999,2000,0,B
29,1,2,27,0,1980,2000,0,B
29,1,3,17,0,1890,2000,0,B
29,1,4,18,0,1702,2000,0,B
29,1,5,19,0,1349,1999,1,C
29,2,-5,18,16,2000,2000,0,A
29,2,-4,23,20,2000,2000,0,A
29,2,-3,15,13,2000,2000,0,A
29,2,-2,21,12,2000,2000,0,A
29,2,-1,31,4,2000,2000,0,A
29,2,0,32,0,1998,2000,0,B
29,2,1,19,0,1987,2000,0,B
29,2,2,17,0,1921,2000,0,B
29,2,3,23,0,1788,2000,0,B
29,2,4,18,0,1374,2000,0,B
29,2,5,22,0,946,1998,2,C
29,3,-6,25,11,2000,2000,0,A
29,3,-5,19,9,2000,2000,0,A
29,3,-4,27,10,2000,2000,0,A
29,3,-3,25,7,2000,2000,0,A
29,3,-2,22,0,1999,2000,0,B
29,3,-1,16,0,1995,2000,0,B
29,3,0,20,0,1977,2000,0,B
29,3,1,22,0,1917,2000,0,B
29,4,-3,24,0,1998,2000,0,B
30,-7,6,23,0,1650,2000,0,B
30,-7,7,19,0,1389,2000,0,B
30,-7,8,15,0,982,1995,5,C
30,-6,2,23,0,1972,2000,0,B
30,-6,3,23,0,1964,2000,0,B
30,-6,4,24,0,1947,2000,0,B
30,-6,5,15,0,1873,2000,0,B
30,-6,6,18,0,1729,2000,0,B
30,-6,7,20,0,1524,2000,0,B
30,-6,8,21,0,1152,2000,0,B
30,-5,-2,25,0,1976,2000,0,B
30,-5,-1,36,0,1989,2000,0,B
30,-5,0,29,0,1995,2000,0,B
30,-5,1,21,1,2000,2000,0,A
30,-5,2,19,0,1996,2000,0,B
30,-5,3,24,0,1991,2000,0,B
30,-5,4,24,0,1970,2000,0,B
30,-5,5,21,0,1911,2000,0,B
30,-5,6,22,0,1788,2000,0,B
30,-5,7,28,0,1575,2000,0,B
30,-5,8,18,0,1093,1999,1,C
30,-5,9,16,0,659,1926,74,C
30,-4,-3,25,0,1983,2000,0,B
30,-4,-2,16,0,1999,2000,0,B
30,-4,-1,26,1,2000,2000,0,A
30,-4,0,24,4,2000,2000,0,A
30,-4,1,21,2,2000,2000,0,A
30,-4,2,12,0,1999,2000,0,B
30,-4,3,20,0,1998,2000,0,B
30,-4,4,20,0,1982,2000,0,B
30,-4,5,23,0,1939,2000,0,B
30,-4,6,25,0,1813,2000,0,B
30,-4,7,13,0,1358,2000,0,B
30,-4,8,25,0,1083,2000,0,B
30,-3,-3,13,0,1999,2000,0,B
30,-3,-2,20,8,2000,2000,0,A
30,-3,-1,13,7,2000,2000,0,A
30,-3,0,23,18,2000,2000,0,A
30,-3,1,20,13,2000,2000,0,A
30,-3,2,18,7,2000,2000,0,A
30,-3,3,22,0,1999,2000,0,B
30,-3,4,23,0,1989,2000,0,B
30,-3,5,15,0,1931,2000,0,B
30,-3,6,20,0,1756,2000,0,B
30,-3,7,23,0,1410,2000,0,B
30,-2,-3,19,6,2000,2000,0,A
30,-2,-2,20,19,2000,2000,0,A
30,-2,-1,20,19,2000,2000,0,A
30,-2,0,23,21,2000,2000,0,A
30,-2,1,35,28,2000,2000,0,A
30,-2,2,24,9,2000,2000,0,A
30,-2,3,20,0,1998,2000,0,B
30,-2,4,24,0,1978,2000,0,B
30,-2,5,17,0,1859,2000,0,B
30,-2,6,27,0,1626,2000,0,B
30,-2,7,22,0,1242,2000,0,B
30,-1,-4,17,7,2000,2000,0,A
30,-1,-3,21,20,2000,2000,0,A
30,-1,-2,24,24,2000,2000,0,A
30,-1,-1,14,14,2000,2000,0,A
30,-1,0,23,18,2000,2000,0,A
30,-1,1,22,9,2000,2000,0,A
30,-1,2,17,2,2000,2000,0,A
30,-1,3,25,0,1986,2000,0,B
30,-1,4,20,0,1947,2000,0,B
30,-1,5,22,0,1806,2000,0,B
30,-1,6,21,0,1460,2000,0,B
30,0,-4,22,15,2000,2000,0,A
30,0,-3,18,16,2000,2000,0,A
30,0,-2,16,14,2000,2000,0,A
30,0,-1,21,20,2000,2000,0,A
30,0,0,27,19,2000,2000,0,A
30,0,1,13,1,2000,2000,0,A
30,0,2,21,0,1993,2000,0,B
30,0,3,22,0,1966,2000,0,B
30,0,4,25,0,1858,2000,0,B
30,0,5,17,0,1617,2000,0,B
30,0,6,24,0,1143,2000,0,B
30,1,-5,13,9,2000,2000,0,A
30,1,-4,27,24,2000,2000,0,A
30,1,-3,22,21,2000,2000,0,A
30,1,-2,24,23,2000,2000,0,A
30,1,-1,20,16,2000,2000,0,A
30,1,0,18,4,2000,2000,0,A
30,1,1,21,0,1997,2000,0,B
30,1,2,27,0,1980,2000,0,B
30,1,3,17,0,1895,2000,0,B
30,1,4,18,0,1697,2000,0,B
30,1,5,19,0,1320,2000,0,B
30,2,-5,18,16,2000,2000,0,A
30,2,-4,23,18,2000,2000,0,A
30,2,-3,15,11,2000,2000,0,A
30,2,-2,21,10,2000,2000,0,A
30,2,-1,31,2,2000,2000,0,A
30,2,0,32,0,1998,2000,0,B
30,2,1,19,0,1983,2000,0,B
30,2,2,17,0,1920,2000,0,B
30,2,3,23,0,1759,2000,0,B
30,2,4,18,0,1424,2000,0,B
30,2,5,22,0,934,1998,2,C
30,3,-6,25,10,2000,2000,0,A
30,3,-5,19,8,2000,2000,0,A
30,3,-4,27,11,2000,2000,0,A
30,3,-3,25,8,2000,2000,0,A
30,3,-2,22,3,2000,2000,0,A
30,3,-1,16,0,1993,2000,0,B
30,3,0,20,0,1983,2000,0,B
30,3,1,22,0,1916,2000,0,B
30,4,-3,24,0,1997,2000,0,B
31,-7,6,23,0,1651,2000,0,B
31,-7,7,19,0,1369,2000,0,B
31,-7,8,15,0,1013,1995,5,C
31,-6,2,23,0,1976,2000,0,B
31,-6,3,23,0,1965,2000,0,B
31,-6,4,24,0,1940,2000,0,B
31,-6,5,15,0,1876,2000,0,B
31,-6,6,18,0,1766,2000,0,B
31,-6,7,20,0,1514,2000,0,B
31,-6,8,21,0,1153,2000,0,B
31,-5,-2,25,0,1977,2000,0,B
31,-5,-1,36,0,1994,2000,0,B
31,-5,0,29,0,1995,2000,0,B
31,-5,1,21,0,1999,2000,0,B
31,-5,2,19,0,1994,2000,0,B
31,-5,3,24,0,1996,2000,0,B
31,-5,4,24,0,1977,2000,0,B
31,-5,5,21,0,1911,2000,0,B
31,-5,6,22,0,1789,2000,0,B
31,-5,7,28,0,1577,2000,0,B
31,-5,8,18,0,1095,1998,2,C
31,-5,9,16,0,667,1916,84,C
31,-4,-3,25,0,1985,2000,0,B
31,-4,-2,16,0,1996,2000,0,B
31,-4,-1,26,1,2000,2000,0,A
31,-4,0,24,4,2000,2000,0,A
31,-4,1,21,3,2000,2000,0,A
31,-4,2,12,0,1998,2000,0,B
31,-4,3,20,0,1997,2000,0,B
31,-4,4,20,0,1989,2000,0,B
31,-4,5,23,0,1940,2000,0,B
31,-4,6,25,0,1813,2000,0,B
31,-4,7,13,0,1390,2000,0,B
31,-4,8,25,0,1069,2000,0,B
31,-3,-3,13,0,1999,2000,0,B
31,-3,-2,20,8,2000,2000,0,A
31,-3,-1,13,10,2000,2000,0,A
31,-3,0,23,13,2000,2000,0,A
31,-3,1,20,13,2000,2000,0,A
31,-3,2,18,5,2000,2000,0,A
31,-3,3,22,0,1999,2000,0,B
31,-3,4,23,0,1988,2000,0,B
31,-3,5,15,0,1934,2000,0,B
31,-3,6,20,0,1759,2000,0,B
31,-3,7,23,0,1404,2000,0,B
31,-2,-3,19,8,2000,2000,0,A
31,-2,-2,20,18,2000,2000,0,A
31,-2,-1,20,17,2000,2000,0,A
31,-2,0,23,20,2000,2000,0,A
31,-2,1,35,34,2000,2000,0,A
31,-2,2,24,8,2000,2000,0,A
31,-2,3,20,0,1997,2000,0,B
31,-2,4,24,0,1977,2000,0,B
31,-2,5,17,0,1849,2000,0,B
31,-2,6,27,0,1641,2000,0,B
31,-2,7,22,0,1293,2000,0,B
31,-1,-4,17,7,2000,2000,0,A
31,-1,-3,21,19,2000,2000,0,A
31,-1,-2,24,23,2000,2000,0,A
31,-1,-1,14,14,2000,2000,0,A
31,-1,0,23,20,2000,2000,0,A
31,-1,1,22,14,2000,2000,0,A
31,-1,2,17,1,2000,2000,0,A
31,-1,3,25,0,1991,2000,0,B
31,-1,4,20,0,1964,2000,0,B
31,-1,5,22,0,1793,2000,0,B
31,-1,6,21,0,1482,2000,0,B
31,0,-4,22,16,2000,2000,0,A
31,0,-3,18,15,2000,2000,0,A
31,0,-2,16,15,2000,2000,0,A
31,0,-1,21,20,2000,2000,0,A
31,0,0,27,22,2000,2000,0,A
31,0,1,13,2,2000,2000,0,A
31,0,2,21,0,1994,2000,0,B
31,0,3,22,0,1969,2000,0,B
31,0,4,25,0,1868,2000,0,B
31,0,5,17,0,1654,2000,0,B
31,0,6,24,0,1157,2000,0,B
31,1,-5,13,12,2000,2000,0,A
31,1,-4,27,26,2000,2000,0,A
31,1,-3,22,20,2000,2000,0,A
31,1,-2,24,19,2000,2000,0,A
31,1,-1,20,16,2000,2000,0,A
31,1,0,18,5,2000,2000,0,A
31,1,1,21,0,1999,2000,0,B
31,1,2,27,0,1983,2000,0,B
31,1,3,17,0,1905,2000,0,B
31,1,4,18,0,1680,2000,0,B
31,1,5,19,0,1262,2000,0,B
31,2,-5,18,11,2000,2000,0,A
31,2,-4,23,18,2000,2000,0,A
31,2,-3,15,12,2000,2000,0,A
31,2,-2,21,12,2000,2000,0,A
31,2,-1,31,3,2000,2000,0,A
31,2,0,32,0,1997,2000,0,B
31,2,1,19,0,1987,2000,0,B
31,2,2,17,0,1928,2000,0,B
31,2,3,23,0,1787,2000,0,B
31,2,4,18,0,1412,2000,0,B
31,2,5,22,0,982,1996,4,C
31,3,-6,25,6,2000,2000,0,A
31,3,-5,19,9,2000,2000,0,A
31,3,-4,27,9,2000,2000,0,A
31,3,-3,25,6,2000,2000,0,A
31,3,-2,22,0,1999,2000,0,B
31,3,-1,16,0,1996,2000,0,B
31,3,0,20,0,1976,2000,0,B
31,3,1,22,0,1923,2000,0,B
31,4,-3,24,0,1996,2000,0,B
32,-7,6,23,0,1642,2000,0,B
32,-7,7,19,0,1390,2000,0,B
32,-7,8,15,0,1001,1993,7,C
32,-6,2,23,0,1975,2000,0,B
32,-6,3,23,0,1975,2000,0,B
32,-6,4,24,0,1932,2000,0,B
32,-6,5,15,0,1866,2000,0,B
32,-6,6,18,0,1750,2000,0,B
32,-6,7,20,0,1521,2000,0,B
32,-6,8,21,0,1168,2000,0,B
32,-5,-2,25,0,1976,2000,0,B
32,-5,-1,36,0,1992,2000,0,B
32,-5,0,29,0,1994,2000,0,B
32,-5,1,21,0,1997,2000,0,B
32,-5,2,19,0,1996,2000,0,B
32,-5,3,24,0,1994,2000,0,B
32,-5,4,24,0,1974,2000,0,B
32,-5,5,21,0,1918,2000,0,B
32,-5,6,22,0,1800,2000,0,B
32,-5,7,28,0,1569,2000,0,B
32,-5,8,18,0,1118,1999,1,C
32,-5,9,16,0,660,1918,82,C
32,-4,-3,25,0,1990,2000,0,B
32,-4,-2,16,1,2000,2000,0,A
32,-4,-1,26,1,2000,2000,0,A
32,-4,0,24,3,2000,2000,0,A
32,-4,1,21,3,2000,2000,0,A
32,-4,2,12,0,1999,2000,0,B
32,-4,3,20,0,1997,2000,0,B
32,-4,4,20,0,1980,2000,0,B
32,-4,5,23,0,1929,2000,0,B
32,-4,6,25,0,1806,2000,0,B
32,-4,7,13,0,1375,1999,1,C
32,-4,8,25,0,1071,2000,0,B
32,-3,-3,13,0,1999,2000,0,B
32,-3,-2,20,4,2000,2000,0,A
32,-3,-1,13,6,2000,2000,0,A
32,-3,0,23,17,2000,2000,0,A
32,-3,1,20,15,2000,2000,0,A
32,-3,2,18,6,2000,2000,0,A
32,-3,3,22,0,1998,2000,0,B
32,-3,4,23,0,1986,2000,0,B
32,-3,5,15,0,1934,2000,0,B
32,-3,6,20,0,1749,2000,0,B
32,-3,7,23,0,1365,2000,0,B
32,-2,-3,19,4,2000,2000,0,A
32,-2,-2,20,19,2000,2000,0,A
32,-2,-1,20,19,2000,2000,0,A
32,-2,0,23,17,2000,2000,0,A
32,-2,1,35,28,2000,2000,0,A
32,-2,2,24,8,2000,2000,0,A
32,-2,3,20,0,1998,2000,0,B
32,-2,4,24,0,1978,2000,0,B
32,-2,5,17,0,1858,2000,0,B
32,-2,6,27,0,1664,2000,0,B
32,-2,7,22,0,1238,2000,0,B
32,-1,-4,17,7,2000,2000,0,A
32,-1,-3,21,20,2000,2000,0,A
32,-1,-2,24,23,2000,2000,0,A
32,-1,-1,14,12,2000,2000,0,A
32,-1,0,23,19,2000,2000,0,A
32,-1,1,22,14,2000,2000,0,A
32,-1,2,17,1,2000,2000,0,A
32,-1,3,25,0,1988,2000,0,B
32,-1,4,20,0,1952,2000,0,B
32,-1,5,22,0,1810,2000,0,B
32,-1,6,21,0,1454,2000,0,B
32,0,-4,22,18,2000,2000,0,A
32,0,-3,18,18,2000,2000,0,A
32,0,-2,16,16,2000,2000,0,A
32,0,-1,21,17,2000,2000,0,A
32,0,0,27,22,2000,2000,0,A
32,0,1,13,2,2000,2000,0,A
32,0,2,21,0,1995,2000,0,B
32,0,3,22,0,1966,2000,0,B
32,0,4,25,0,1878,2000,0,B
32,0,5,17,0,1663,2000,0,B
32,0,6,24,0,1139,2000,0,B
32,1,-5,13,7,2000,2000,0,A
32,1,-4,27,22,2000,2000,0,A
32,1,-3,22,20,2000,2000,0,A
32,1,-2,24,23,2000,2000,0,A
32,1,-1,20,16,2000,2000,0,A
32,1,0,18,5,2000,2000,0,A
32,1,1,21,0,1998,2000,0,B
32,1,2,27,0,1980,2000,0,B
32,1,3,17,0,1908,2000,0,B
32,1,4,18,0,1686,2000,0,B
32,1,5,19,0,1311,2000,0,B
32,2,-5,18,14,2000,2000,0,A
32,2,-4,23,17,2000,2000,0,A
32,2,-3,15,12,2000,2000,0,A
32,2,-2,21,15,2000,2000,0,A
32,2,-1,31,7,2000,2000,0,A
32,2,0,32,0,1995,2000,0,B
32,2,1,19,0,1982,2000,0,B
32,2,2,17,0,1917,2000,0,B
32,2,3,23,0,1766,2000,0,B
32,2,4,18,0,1433,2000,0,B
32,2,5,22,0,934,1999,1,C
32,3,-6,25,9,2000,2000,0,A
32,3,-5,19,8,2000,2000,0,A
32,3,-4,27,9,2000,2000,0,A
32,3,-3,25,2,2000,2000,0,A
32,3,-2,22,0,1999,2000,0,B
32,3,-1,16,0,1995,2000,0,B
32,3,0,20,0,1979,2000,0,B
32,3,1,22,0,1903,2000,0,B
32,4,-3,24,0,1997,2000,0,B
33,-7,6,23,0,1601,2000,0,B
33,-7,7,19,0,1410,2000,0,B
33,-7,8,15,0,999,1992,8,C
33,-6,2,23,0,1975,2000,0,B
33,-6,3,23,0,1965,2000,0,B
33,-6,4,24,0,1930,2000,0,B
33,-6,5,15,0,1880,2000,0,B
33,-6,6,18,0,1738,2000,0,B
33,-6,7,20,0,1501,2000,0,B
33,-6,8,21,0,1123,2000,0,B
33,-5,-2,25,0,1973,2000,0,B
33,-5,-1,36,0,1996,2000,0,B
33,-5,0,29,0,1998,2000,0,B
33,-5,1,21,0,1997,2000,0,B
33,-5,2,19,0,1997,2000,0,B
33,-5,3,24,0,1993,2000,0,B
33,-5,4,24,0,1975,2000,0,B
33,-5,5,21,0,1918,2000,0,B
33,-5,6,22,0,1799,2000,0,B
33,-5,7,28,0,1580,2000,0,B
33,-5,8,18,0,1100,1998,2,C
33,-5,9,16,0,712,1923,77,C
33,-4,-3,25,0,1983,2000,0,B
33,-4,-2,16,0,1997,2000,0,B
33,-4,-1,26,1,2000,2000,0,A
33,-4,0,24,7,2000,2000,0,A
33,-4,1,21,2,2000,2000,0,A
33,-4,2,12,1,2000,2000,0,A
33,-4,3,20,0,1997,2000,0,B
33,-4,4,20,0,1985,2000,0,B
33,-4,5,23,0,1953,2000,0,B
33,-4,6,25,0,1801,2000,0,B
33,-4,7,13,0,1379,2000,0,B
33,-4,8,25,0,1067,2000,0,B
33,-3,-3,13,0,1999,2000,0,B
33,-3,-2,20,3,2000,2000,0,A
33,-3,-1,13,9,2000,2000,0,A
33,-3,0,23,14,2000,2000,0,A
33,-3,1,20,11,2000,2000,0,A
33,-3,2,18,3,2000,2000,0,A
33,-3,3,22,1,2000,2000,0,A
33,-3,4,23,0,1983,2000,0,B
33,-3,5,15,0,1920,2000,0,B
33,-3,6,20,0,1745,2000,0,B
33,-3,7,23,0,1360,2000,0,B
33,-2,-3,19,5,2000,2000,0,A
33,-2,-2,20,19,2000,2000,0,A
33,-2,-1,20,19,2000,2000,0,A
33,-2,0,23,18,2000,2000,0,A
33,-2,1,35,24,2000,2000,0,A
33,-2,2,24,10,2000,2000,0,A
33,-2,3,20,0,1998,2000,0,B
33,-2,4,24,0,1978,2000,0,B
33,-2,5,17,0,1863,2000,0,B
33,-2,6,27,0,1648,2000,0,B
33,-2,7,22,0,1239,2000,0,B
33,-1,-4,17,3,2000,2000,0,A
33,-1,-3,21,17,2000,2000,0,A
33,-1,-2,24,23,2000,2000,0,A
33,-1,-1,14,13,2000,2000,0,A
33,-1,0,23,21,2000,2000,0,A
33,-1,1,22,15,2000,2000,0,A
33,-1,2,17,2,2000,2000,0,A
33,-1,3,25,0,1991,2000,0,B
33,-1,4,20,0,1946,2000,0,B
33,-1,5,22,0,1818,2000,0,B
33,-1,6,21,0,1483,2000,0,B
33,0,-4,22,18,2000,2000,0,A
33,0,-3,18,18,2000,2000,0,A
33,0,-2,16,16,2000,2000,0,A
33,0,-1,21,20,2000,2000,0,A
33,0,0,27,23,2000,2000,0,A
33,0,1,13,2,2000,2000,0,A
33,0,2,21,0,1996,2000,0,B
33,0,3,22,0,1974,2000,0,B
33,0,4,25,0,1890,2000,0,B
33,0,5,17,0,1623,2000,0,B
33,0,6,24,0,1134,2000,0,B
33,1,-5,13,9,2000,2000,0,A
33,1,-4,27,22,2000,2000,0,A
33,1,-3,22,21,2000,2000,0,A
33,1,-2,24,20,2000,2000,0,A
33,1,-1,20,14,2000,2000,0,A
33,1,0,18,5,2000,2000,0,A
33,1,1,21,0,1997,2000,0,B
33,1,2,27,0,1981,2000,0,B
33,1,3,17,0,1899,2000,0,B
33,1,4,18,0,1685,2000,0,B
33,1,5,19,0,1310,2000,0,B
33,2,-5,18,12,2000,2000,0,A
33,2,-4,23,17,2000,2000,0,A
33,2,-3,15,9,2000,2000,0,A
33,2,-2,21,10,2000,2000,0,A
33,2,-1,31,3,2000,2000,0,A
33,2,0,32,0,1998,2000,0,B
33,2,1,19,0,1983,2000,0,B
33,2,2,17,0,1927,2000,0,B
33,2,3,23,0,1770,2000,0,B
33,2,4,18,0,1379,2000,0,B
33,2,5,22,0,966,1998,2,C
33,3,-6,25,9,2000,2000,0,A
33,3,-5,19,12,2000,2000,0,A
33,3,-4,27,10,2000,2000,0,A
33,3,-3,25,9,2000,2000,0,A
33,3,-2,22,1,2000,2000,0,A
33,3,-1,16,0,1999,2000,0,B
33,3,0,20,0,1973,2000,0,B
33,3,1,22,0,1916,2000,0,B
33,4,-3,24,0,1995,2000,0,B
34,-7,6,23,0,1658,2000,0,B
34,-7,7,19,0,1405,2000,0,B
34,-7,8,15,0,988,1997,3,C
34,-6,2,23,0,1975,2000,0,B
34,-6,3,23,0,1966,2000,0,B
34,-6,4,24,0,1934,2000,0,B
34,-6,5,15,0,1874,2000,0,B
34,-6,6,18,0,1750,2000,0,B
34,-6,7,20,0,1503,2000,0,B
34,-6,8,21,0,1169,2000,0,B
34,-5,-2,25,0,1976,2000,0,B
34,-5,-1,36,0,1988,2000,0,B
34,-5,0,29,0,1999,2000,0,B
34,-5,1,21,0,1993,2000,0,B
34,-5,2,19,0,1995,2000,0,B
34,-5,3,24,0,1992,2000,0,B
34,-5,4,24,0,1979,2000,0,B
34,-5,5,21,0,1926,2000,0,B
34,-5,6,22,0,1818,2000,0,B
34,-5,7,28,0,1558,2000,0,B
34,-5,8,18,0,1111,2000,0,B
34,-5,9,16,0,659,1931,69,C
34,-4,-3,25,0,1986,2000,0,B
34,-4,-2,16,0,1997,2000,0,B
34,-4,-1,26,2,2000,2000,0,A
34,-4,0,24,7,2000,2000,0,A
34,-4,1,21,2,2000,2000,0,A
34,-4,2,12,0,1999,2000,0,B
34,-4,3,20,0,1996,2000,0,B
34,-4,4,20,0,1983,2000,0,B
34,-4,5,23,0,1936,2000,0,B
34,-4,6,25,0,1803,2000,0,B
34,-4,7,13,0,1393,2000,0,B
34,-4,8,25,0,1132,2000,0,B
34,-3,-3,13,0,1999,2000,0,B
34,-3,-2,20,4,2000,2000,0,A
34,-3,-1,13,5,2000,2000,0,A
34,-3,0,23,15,2000,2000,0,A
34,-3,1,20,13,2000,2000,0,A
34,-3,2,18,4,2000,2000,0,A
34,-3,3,22,0,1998,2000,0,B
34,-3,4,23,0,1988,2000,0,B
34,-3,5,15,0,1923,2000,0,B
34,-3,6,20,0,1761,2000,0,B
34,-3,7,23,0,1400,2000,0,B
34,-2,-3,19,4,2000,2000,0,A
34,-2,-2,20,18,2000,2000,0,A
34,-2,-1,20,18,2000,2000,0,A
34,-2,0,23,23,2000,2000,0,A
34,-2,1,35,29,2000,2000,0,A
34,-2,2,24,7,2000,2000,0,A
34,-2,3,20,0,1999,2000,0,B
34,-2,4,24,0,1973,2000,0,B
34,-2,5,17,0,1867,2000,0,B
34,-2,6,27,0,1643,2000,0,B
34,-2,7,22,0,1224,2000,0,B
34,-1,-4,17,4,2000,2000,0,A
34,-1,-3,21,19,2000,2000,0,A
34,-1,-2,24,23,2000,2000,0,A
34,-1,-1,14,14,2000,2000,0,A
34,-1,0,23,21,2000,2000,0,A
34,-1,1,22,14,2000,2000,0,A
34,-1,2,17,4,2000,2000,0,A
34,-1,3,25,0,1995,2000,0,B
34,-1,4,20,0,1949,2000,0,B
34,-1,5,22,0,1814,2000,0,B
34,-1,6,21,0,1444,2000,0,B
34,0,-4,22,16,2000,2000,0,A
34,0,-3,18,14,2000,2000,0,A
34,0,-2,16,16,2000,2000,0,A
34,0,-1,21,19,2000,2000,0,A
34,0,0,27,22,2000,2000,0,A
34,0,1,13,3,2000,2000,0,A
34,0,2,21,0,1998,2000,0,B
34,0,3,22,0,1974,2000,0,B
34,0,4,25,0,1866,2000,0,B
34,0,5,17,0,1610,2000,0,B
34,0,6,24,0,1112,2000,0,B
34,1,-5,13,10,2000,2000,0,A
34,1,-4,27,21,2000,2000,0,A
34,1,-3,22,20,2000,2000,0,A
34,1,-2,24,24,2000,2000,0,A
34,1,-1,20,17,2000,2000,0,A
34,1,0,18,2,2000,2000,0,A
34,1,1,21,0,1995,2000,0,B
34,1,2,27,0,1976,2000,0,B
34,1,3,17,0,1904,2000,0,B
34,1,4,18,0,1689,2000,0,B
34,1,5,19,0,1301,1999,1,C
34,2,-5,18,12,2000,2000,0,A
34,2,-4,23,14,2000,2000,0,A
34,2,-3,15,14,2000,2000,0,A
34,2,-2,21,13,2000,2000,0,A
34,2,-1,31,3,2000,2000,0,A
34,2,0,32,0,1999,2000,0,B
34,2,1,19,0,1984,2000,0,B
34,2,2,17,0,1911,2000,0,B
34,2,3,23,0,1756,2000,0,B
34,2,4,18,0,1390,2000,0,B
34,2,5,22,0,943,1997,3,C
34,3,-6,25,6,2000,2000,0,A
34,3,-5,19,6,2000,2000,0,A
34,3,-4,27,12,2000,2000,0,A
34,3,-3,25,4,2000,2000,0,A
34,3,-2,22,1,2000,2000,0,A
34,3,-1,16,0,1993,2000,0,B
34,3,0,20,0,1975,2000,0,B
34,3,1,22,0,1921,2000,0,B
34,4,-3,24,0,1995,2000,0,B
35,-7,6,23,0,1627,2000,0,B
35,-7,7,19,0,1416,2000,0,B
35,-7,8,15,0,1016,1991,9,C
35,-6,2,23,0,1983,2000,0,B
35,-6,3,23,0,1963,2000,0,B
35,-6,4,24,0,1939,2000,0,B
35,-6,5,15,0,1886,2000,0,B
35,-6,6,18,0,1752,2000,0,B
35,-6,7,20,0,1510,2000,0,B
35,-6,8,21,0,1195,1998,2,C
35,-5,-2,25,0,1975,2000,0,B
35,-5,-1,36,0,1990,2000,0,B
35,-5,0,29,0,1997,2000,0,B
35,-5,1,21,0,1997,2000,0,B
35,-5,2,19,0,1995,2000,0,B
35,-5,3,24,0,1993,2000,0,B
35,-5,4,24,0,1973,2000,0,B
35,-5,5,21,0,1931,2000,0,B
35,-5,6,22,0,1793,2000,0,B
35,-5,7,28,0,1596,2000,0,B
35,-5,8,18,0,1114,1998,2,C
35,-5,9,16,0,685,1918,82,C
35,-4,-3,25,0,1982,2000,0,B
35,-4,-2,16,0,1998,2000,0,B
35,-4,-1,26,3,2000,2000,0,A
35,-4,0,24,4,2000,2000,0,A
35,-4,1,21,5,2000,2000,0,A
35,-4,2,12,0,1999,2000,0,B
35,-4,3,20,0,1997,2000,0,B
35,-4,4,20,0,1987,2000,0,B
35,-4,5,23,0,1938,2000,0,B
35,-4,6,25,0,1802,2000,0,B
35,-4,7,13,0,1398,2000,0,B
35,-4,8,25,0,1067,1999,1,C
35,-3,-3,13,0,1999,2000,0,B
35,-3,-2,20,6,2000,2000,0,A
35,-3,-1,13,7,2000,2000,0,A
35,-3,0,23,17,2000,2000,0,A
35,-3,1,20,13,2000,2000,0,A
35,-3,2,18,7,2000,2000,0,A
35,-3,3,22,0,1999,2000,0,B
35,-3,4,23,0,1985,2000,0,B
35,-3,5,15,0,1928,2000,0,B
35,-3,6,20,0,1766,2000,0,B
35,-3,7,23,0,1389,2000,0,B
35,-2,-3,19,6,2000,2000,0,A
35,-2,-2,20,17,2000,2000,0,A
35,-2,-1,20,16,2000,2000,0,A
35,-2,0,23,20,2000,2000,0,A
35,-2,1,35,28,2000,2000,0,A
35,-2,2,24,10,2000,2000,0,A
35,-2,3,20,0,1999,2000,0,B
35,-2,4,24,0,1972,2000,0,B
35,-2,5,17,0,1856,2000,0,B
35,-2,6,27,0,1630,2000,0,B
35,-2,7,22,0,1261,2000,0,B
35,-1,-4,17,6,2000,2000,0,A
35,-1,-3,21,20,2000,2000,0,A
35,-1,-2,24,20,2000,2000,0,A
35,-1,-1,14,13,2000,2000,0,A
35,-1,0,23,22,2000,2000,0,A
35,-1,1,22,15,2000,2000,0,A
35,-1,2,17,5,2000,2000,0,A
35,-1,3,25,0,1990,2000,0,B
35,-1,4,20,0,1958,2000,0,B
35,-1,5,22,0,1787,2000,0,B
35,-1,6,21,0,1471,2000,0,B
35,0,-4,22,14,2000,2000,0,A
35,0,-3,18,17,2000,2000,0,A
35,0,-2,16,13,2000,2000,0,A
35,0,-1,21,19,2000,2000,0,A
35,0,0,27,26,2000,2000,0,A
35,0,1,13,2,2000,2000,0,A
35,0,2,21,0,1995,2000,0,B
35,0,3,22,0,1973,2000,0,B
35,0,4,25,0,1868,2000,0,B
35,0,5,17,0,1633,2000,0,B
35,0,6,24,0,1141,2000,0,B
35,1,-5,13,10,2000,2000,0,A
35,1,-4,27,22,2000,2000,0,A
35,1,-3,22,20,2000,2000,0,A
35,1,-2,24,22,2000,2000,0,A
35,1,-1,20,17,2000,2000,0,A
35,1,0,18,5,2000,2000,0,A
35,1,1,21,1,2000,2000,0,A
35,1,2,27,0,1979,2000,0,B
35,1,3,17,0,1908,2000,0,B
35,1,4,18,0,1686,2000,0,B
35,1,5,19,0,1335,2000,0,B
35,2,-5,18,12,2000,2000,0,A
35,2,-4,23,16,2000,2000,0,A
35,2,-3,15,12,2000,2000,0,A
35,2,-2,21,13,2000,2000,0,A
35,2,-1,31,5,2000,2000,0,A
35,2,0,32,0,1998,2000,0,B
35,2,1,19,0,1986,2000,0,B
35,2,2,17,0,1934,2000,0,B
35,2,3,23,0,1737,2000,0,B
35,2,4,18,0,1417,2000,0,B
35,2,5,22,0,968,2000,0,B
35,3,-6,25,4,2000,2000,0,A
35,3,-5,19,9,2000,2000,0,A
35,3,-4,27,9,2000,2000,0,A
35,3,-3,25,3,2000,2000,0,A
35,3,-2,22,1,2000,2000,0,A
35,3,-1,16,0,1995,2000,0,B
35,3,0,20,0,1979,2000,0,B
35,3,1,22,0,1921,2000,0,B
35,4,-3,24,0,1998,2000,0,B
36,-7,6,23,0,1668,2000,0,B
36,-7,7,19,0,1401,2000,0,B
36,-7,8,15,0,1008,1987,13,C
36,-6,2,23,0,1976,2000,0,B
36,-6,3,23,0,1972,2000,0,B
36,-6,4,24,0,1935,2000,0,B
36,-6,5,15,0,1866,2000,0,B
36,-6,6,18,0,1768,2000,0,B
36,-6,7,20,0,1522,2000,0,B
36,-6,8,21,0,1147,2000,0,B
36,-5,-2,25,0,1975,2000,0,B
36,-5,-1,36,0,1993,2000,0,B
36,-5,0,29,0,1995,2000,0,B
36,-5,1,21,0,1998,2000,0,B
36,-5,2,19,0,1998,2000,0,B
36,-5,3,24,0,1991,2000,0,B
36,-5,4,24,0,1973,2000,0,B
36,-5,5,21,0,1931,2000,0,B
36,-5,6,22,0,1806,2000,0,B
36,-5,7,28,0,1602,2000,0,B
36,-5,8,18,0,1093,2000,0,B
36,-5,9,16,0,664,1904,96,C
36,-4,-3,25,0,1987,2000,0,B
36,-4,-2,16,0,1996,2000,0,B
36,-4,-1,26,0,1998,2000,0,B
36,-4,0,24,4,2000,2000,0,A
36,-4,1,21,4,2000,2000,0,A
36,-4,2,12,1,2000,2000,0,A
36,-4,3,20,0,1998,2000,0,B
36,-4,4,20,0,1988,2000,0,B
36,-4,5,23,0,1935,2000,0,B
36,-4,6,25,0,1828,2000,0,B
36,-4,7,13,0,1380,2000,0,B
36,-4,8,25,0,1106,1999,1,C
36,-3,-3,13,0,1997,2000,0,B
36,-3,-2,20,10,2000,2000,0,A
36,-3,-1,13,10,2000,2000,0,A
36,-3,0,23,17,2000,2000,0,A
36,-3,1,20,15,2000,2000,0,A
36,-3,2,18,6,2000,2000,0,A
36,-3,3,22,0,1999,2000,0,B
36,-3,4,23,0,1985,2000,0,B
36,-3,5,15,0,1928,2000,0,B
36,-3,6,20,0,1740,2000,0,B
36,-3,7,23,0,1383,2000,0,B
36,-2,-3,19,6,2000,2000,0,A
36,-2,-2,20,17,2000,2000,0,A
36,-2,-1,20,20,2000,2000,0,A
36,-2,0,23,22,2000,2000,0,A
36,-2,1,35,28,2000,2000,0,A
36,-2,2,24,6,2000,2000,0,A
36,-2,3,20,0,1997,2000,0,B
36,-2,4,24,0,1976,2000,0,B
36,-2,5,17,0,1870,2000,0,B
36,-2,6,27,0,1664,2000,0,B
36,-2,7,22,0,1247,2000,0,B
36,-1,-4,17,5,2000,2000,0,A
36,-1,-3,21,17,2000,2000,0,A
36,-1,-2,24,24,2000,2000,0,A
36,-1,-1,14,12,2000,2000,0,A
36,-1,0,23,21,2000,2000,0,A
36,-1,1,22,11,2000,2000,0,A
36,-1,2,17,4,2000,2000,0,A
36,-1,3,25,0,1994,2000,0,B
36,-1,4,20,0,1946,2000,0,B
36,-1,5,22,0,1795,2000,0,B
36,-1,6,21,0,1442,2000,0,B
36,0,-4,22,18,2000,2000,0,A
36,0,-3,18,18,2000,2000,0,A
36,0,-2,16,16,2000,2000,0,A
36,0,-1,21,18,2000,2000,0,A
36,0,0,27,15,2000,2000,0,A
36,0,1,13,2,2000,2000,0,A
36,0,2,21,0,1998,2000,0,B
36,0,3,22,0,1967,2000,0,B
36,0,4,25,0,1886,2000,0,B
36,0,5,17,0,1640,2000,0,B
36,0,6,24,0,1154,1999,1,C
36,1,-5,13,12,2000,2000,0,A
36,1,-4,27,26,2000,2000,0,A
36,1,-3,22,17,2000,2000,0,A
36,1,-2,24,21,2000,2000,0,A
36,1,-1,20,17,2000,2000,0,A
36,1,0,18,5,2000,2000,0,A
36,1,1,21,0,1999,2000,0,B
36,1,2,27,0,1980,2000,0,B
36,1,3,17,0,1909,2000,0,B
36,1,4,18,0,1700,2000,0,B
36,1,5,19,0,1296,2000,0,B
36,2,-5,18,14,2000,2000,0,A
36,2,-4,23,18,2000,2000,0,A
36,2,-3,15,12,2000,2000,0,A
36,2,-2,21,13,2000,2000,0,A
36,2,-1,31,6,2000,2000,0,A
36,2,0,32,0,1999,2000,0,B
36,2,1,19,0,1982,2000,0,B
36,2,2,17,0,1915,2000,0,B
36,2,3,23,0,1770,2000,0,B
36,2,4,18,0,1385,2000,0,B
36,2,5,22,0,963,2000,0,B
36,3,-6,25,8,2000,2000,0,A
36,3,-5,19,12,2000,2000,0,A
36,3,-4,27,3,2000,2000,0,A
36,3,-3,25,4,2000,2000,0,A
36,3,-2,22,1,2000,2000,0,A
36,3,-1,16,0,1998,2000,0,B
36,3,0,20,0,1977,2000,0,B
36,3,1,22,0,1911,2000,0,B
36,4,-3,24,0,1997,2000,0,B
37,-7,6,23,0,1648,2000,0,B
37,-7,7,19,0,1388,2000,0,B
37,-7,8,15,0,1054,1995,5,C
37,-6,2,23,0,1972,2000,0,B
37,-6,3,23,0,1971,2000,0,B
37,-6,4,24,0,1940,2000,0,B
37,-6,5,15,0,1868,2000,0,B
37,-6,6,18,0,1733,2000,0,B
37,-6,7,20,0,1533,2000,0,B
37,-6,8,21,0,1167,2000,0,B
37,-5,-2,25,0,1974,2000,0,B
37,-5,-1,36,0,1991,2000,0,B
37,-5,0,29,0,1994,2000,0,B
37,-5,1,21,0,1996,2000,0,B
37,-5,2,19,0,1994,2000,0,B
37,-5,3,24,0,1992,2000,0,B
37,-5,4,24,0,1980,2000,0,B
37,-5,5,21,0,1928,2000,0,B
37,-5,6,22,0,1802,2000,0,B
37,-5,7,28,0,1540,2000,0,B
37,-5,8,18,0,1083,2000,0,B
37,-5,9,16,0,672,1925,75,C
37,-4,-3,25,0,1987,2000,0,B
37,-4,-2,16,0,1996,2000,0,B
37,-4,-1,26,0,1999,2000,0,B
37,-4,0,24,5,2000,2000,0,A
37,-4,1,21,1,2000,2000,0,A
37,-4,2,12,1,2000,2000,0,A
37,-4,3,20,0,1998,2000,0,B
37,-4,4,20,0,1987,2000,0,B
37,-4,5,23,0,1929,2000,0,B
37,-4,6,25,0,1805,2000,0,B
37,-4,7,13,0,1384,2000,0,B
37,-4,8,25,0,1063,2000,0,B
37,-3,-3,13,0,1998,2000,0,B
37,-3,-2,20,8,2000,2000,0,A
37,-3,-1,13,8,2000,2000,0,A
37,-3,0,23,13,2000,2000,0,A
37,-3,1,20,13,2000,2000,0,A
37,-3,2,18,6,2000,2000,0,A
37,-3,3,22,0,1998,2000,0,B
37,-3,4,23,0,1988,2000,0,B
37,-3,5,15,0,1939,2000,0,B
37,-3,6,20,0,1759,2000,0,B
37,-3,7,23,0,1384,2000,0,B
37,-2,-3,19,7,2000,2000,0,A
37,-2,-2,20,17,2000,2000,0,A
37,-2,-1,20,18,2000,2000,0,A
37,-2,0,23,19,2000,2000,0,A
37,-2,1,35,29,2000,2000,0,A
37,-2,2,24,8,2000,2000,0,A
37,-2,3,20,0,1998,2000,0,B
37,-2,4,24,0,1988,2000,0,B
37,-2,5,17,0,1872,2000,0,B
37,-2,6,27,0,1651,2000,0,B
37,-2,7,22,0,1219,2000,0,B
37,-1,-4,17,5,2000,2000,0,A
37,-1,-3,21,18,2000,2000,0,A
37,-1,-2,24,20,2000,2000,0,A
37,-1,-1,14,14,2000,2000,0,A
37,-1,0,23,20,2000,2000,0,A
37,-1,1,22,13,2000,2000,0,A
37,-1,2,17,1,2000,2000,0,A
37,-1,3,25,0,1989,2000,0,B
37,-1,4,20,0,1951,2000,0,B
37,-1,5,22,0,1801,2000,0,B
37,-1,6,21,0,1430,2000,0,B
37,0,-4,22,13,2000,2000,0,A
37,0,-3,18,18,2000,2000,0,A
37,0,-2,16,15,2000,2000,0,A
37,0,-1,21,19,2000,2000,0,A
37,0,0,27,22,2000,2000,0,A
37,0,1,13,1,2000,2000,0,A
37,0,2,21,0,1994,2000,0,B
37,0,3,22,0,1970,2000,0,B
37,0,4,25,0,1881,2000,0,B
37,0,5,17,0,1671,2000,0,B
37,0,6,24,0,1157,1998,2,C
37,1,-5,13,11,2000,2000,0,A
37,1,-4,27,20,2000,2000,0,A
37,1,-3,22,22,2000,2000,0,A
37,1,-2,24,23,2000,2000,0,A
37,1,-1,20,18,2000,2000,0,A
37,1,0,18,5,2000,2000,0,A
37,1,1,21,0,1997,2000,0,B
37,1,2,27,0,1975,2000,0,B
37,1,3,17,0,1891,2000,0,B
37,1,4,18,0,1669,2000,0,B
37,1,5,19,0,1322,2000,0,B
37,2,-5,18,13,2000,2000,0,A
37,2,-4,23,17,2000,2000,0,A
37,2,-3,15,10,2000,2000,0,A
37,2,-2,21,10,2000,2000,0,A
37,2,-1,31,1,2000,2000,0,A
37,2,0,32,0,1997,2000,0,B
37,2,1,19,0,1983,2000,0,B
37,2,2,17,0,1921,2000,0,B
37,2,3,23,0,1766,2000,0,B
37,2,4,18,0,1411,2000,0,B
37,2,5,22,0,974,1999,1,C
37,3,-6,25,9,2000,2000,0,A
37,3,-5,19,7,2000,2000,0,A
37,3,-4,27,10,2000,2000,0,A
37,3,-3,25,8,2000,2000,0,A
37,3,-2,22,0,1999,2000,0,B
37,3,-1,16,0,1995,2000,0,B
37,3,0,20,0,1967,2000,0,B
37,3,1,22,0,1924,2000,0,B
37,4,-3,24,0,1998,2000,0,B
38,-7,6,23,0,1656,2000,0,B
38,-7,7,19,0,1412,2000,0,B
38,-7,8,15,0,983,1992,8,C
38,-6,2,23,0,1967,2000,0,B
38,-6,3,23,0,1969,2000,0,B
38,-6,4,24,0,1939,2000,0,B
38,-6,5,15,0,1871,2000,0,B
38,-6,6,18,0,1756,2000,0,B
38,-6,7,20,0,1529,2000,0,B
38,-6,8,21,0,1132,2000,0,B
38,-5,-2,25,0,1969,2000,0,B
38,-5,-1,36,0,1990,2000,0,B
38,-5,0,29,0,1995,2000,0,B
38,-5,1,21,0,1996,2000,0,B
38,-5,2,19,0,1997,2000,0,B
38,-5,3,24,0,1991,2000,0,B
38,-5,4,24,0,1974,2000,0,B
38,-5,5,21,0,1922,2000,0,B
38,-5,6,22,0,1812,2000,0,B
38,-5,7,28,0,1570,2000,0,B
38,-5,8,18,0,1121,2000,0,B
38,-5,9,16,0,680,1920,80,C
38,-4,-3,25,0,1984,2000,0,B
38,-4,-2,16,0,1997,2000,0,B
38,-4,-1,26,2,2000,2000,0,A
38,-4,0,24,4,2000,2000,0,A
38,-4,1,21,1,2000,2000,0,A
38,-4,2,12,1,2000,2000,0,A
38,-4,3,20,0,1999,2000,0,B
38,-4,4,20,0,1987,2000,0,B
38,-4,5,23,0,1939,2000,0,B
38,-4,6,25,0,1818,2000,0,B
38,-4,7,13,0,1385,2000,0,B
38,-4,8,25,0,1073,2000,0,B
38,-3,-3,13,0,1999,2000,0,B
38,-3,-2,20,4,2000,2000,0,A
38,-3,-1,13,9,2000,2000,0,A
38,-3,0,23,15,2000,2000,0,A
38,-3,1,20,16,2000,2000,0,A
38,-3,2,18,7,2000,2000,0,A
38,-3,3,22,1,2000,2000,0,A
38,-3,4,23,0,1987,2000,0,B
38,-3,5,15,0,1928,2000,0,B
38,-3,6,20,0,1756,2000,0,B
38,-3,7,23,0,1398,2000,0,B
38,-2,-3,19,5,2000,2000,0,A
38,-2,-2,20,18,2000,2000,0,A
38,-2,-1,20,17,2000,2000,0,A
38,-2,0,23,22,2000,2000,0,A
38,-2,1,35,29,2000,2000,0,A
38,-2,2,24,9,2000,2000,0,A
38,-2,3,20,0,1997,2000,0,B
38,-2,4,24,0,1974,2000,0,B
38,-2,5,17,0,1865,2000,0,B
38,-2,6,27,0,1632,2000,0,B
38,-2,7,22,0,1258,2000,0,B
38,-1,-4,17,6,2000,2000,0,A
38,-1,-3,21,19,2000,2000,0,A
38,-1,-2,24,23,2000,2000,0,A
38,-1,-1,14,13,2000,2000,0,A
38,-1,0,23,18,2000,2000,0,A
38,-1,1,22,14,2000,2000,0,A
38,-1,2,17,2,2000,2000,0,A
38,-1,3,25,0,1994,2000,0,B
38,-1,4,20,0,1949,2000,0,B
38,-1,5,22,0,1779,2000,0,B
38,-1,6,21,0,1446,2000,0,B
38,0,-4,22,19,2000,2000,0,A
38,0,-3,18,18,2000,2000,0,A
38,0,-2,16,16,2000,2000,0,A
38,0,-1,21,19,2000,2000,0,A
38,0,0,27,20,2000,2000,0,A
38,0,1,13,2,2000,2000,0,A
38,0,2,21,0,1996,2000,0,B
38,0,3,22,0,1969,2000,0,B
38,0,4,25,0,1887,2000,0,B
38,0,5,17,0,1637,2000,0,B
38,0,6,24,0,1179,2000,0,B
38,1,-5,13,9,2000,2000,0,A
38,1,-4,27,26,2000,2000,0,A
38,1,-3,22,18,2000,2000,0,A
38,1,-2,24,21,2000,2000,0,A
38,1,-1,20,14,2000,2000,0,A
38,1,0,18,4,2000,2000,0,A
38,1,1,21,1,2000,2000,0,A
38,1,2,27,0,1974,2000,0,B
38,1,3,17,0,1897,2000,0,B
38,1,4,18,0,1696,2000,0,B
38,1,5,19,0,1329,2000,0,B
38,2,-5,18,15,2000,2000,0,A
38,2,-4,23,18,2000,2000,0,A
38,2,-3,15,11,2000,2000,0,A
38,2,-2,21,9,2000,2000,0,A
38,2,-1,31,5,2000,2000,0,A
38,2,0,32,0,1997,2000,0,B
38,2,1,19,0,1981,2000,0,B
38,2,2,17,0,1926,2000,0,B
38,2,3,23,0,1749,2000,0,B
38,2,4,18,0,1408,2000,0,B
38,2,5,22,0,934,1998,2,C
38,3,-6,25,12,2000,2000,0,A
38,3,-5,19,7,2000,2000,0,A
38,3,-4,27,8,2000,2000,0,A
38,3,-3,25,8,2000,2000,0,A
38,3,-2,22,0,1998,2000,0,B
38,3,-1,16,0,1996,2000,0,B
38,3,0,20,0,1973,2000,0,B
38,3,1,22,0,1919,2000,0,B
38,4,-3,24,0,1997,2000,0,B
39,-7,6,23,0,1646,2000,0,B
39,-7,7,19,0,1395,2000,0,B
39,-7,8,15,0,1008,1998,2,C
39,-6,2,23,0,1979,2000,0,B
39,-6,3,23,0,1966,2000,0,B
39,-6,4,24,0,1953,2000,0,B
39,-6,5,15,0,1883,2000,0,B
39,-6,6,18,0,1757,2000,0,B
39,-6,7,20,0,1527,2000,0,B
39,-6,8,21,0,1168,2000,0,B
39,-5,-2,25,0,1981,2000,0,B
39,-5,-1,36,0,1992,2000,0,B
39,-5,0,29,0,1996,2000,0,B
39,-5,1,21,0,1997,2000,0,B
39,-5,2,19,0,1995,2000,0,B
39,-5,3,24,0,1991,2000,0,B
39,-5,4,24,0,1975,2000,0,B
39,-5,5,21,0,1918,2000,0,B
39,-5,6,22,0,1808,2000,0,B
39,-5,7,28,0,1592,2000,0,B
39,-5,8,18,0,1114,1998,2,C
39,-5,9,16,0,661,1913,87,C
39,-4,-3,25,0,1981,2000,0,B
39,-4,-2,16,0,1994,2000,0,B
39,-4,-1,26,2,2000,2000,0,A
39,-4,0,24,2,2000,2000,0,A
39,-4,1,21,4,2000,2000,0,A
39,-4,2,12,0,1999,2000,0,B
39,-4,3,20,0,1998,2000,0,B
39,-4,4,20,0,1978,2000,0,B
39,-4,5,23,0,1938,2000,0,B
39,-4,6,25,0,1797,2000,0,B
39,-4,7,13,0,1364,2000,0,B
39,-4,8,25,0,1077,2000,0,B
39,-3,-3,13,0,1999,2000,0,B
39,-3,-2,20,5,2000,2000,0,A
39,-3,-1,13,9,2000,2000,0,A
39,-3,0,23,16,2000,2000,0,A
39,-3,1,20,16,2000,2000,0,A
39,-3,2,18,8,2000,2000,0,A
39,-3,3,22,0,1999,2000,0,B
39,-3,4,23,0,1983,2000,0,B
39,-3,5,15,0,1926,2000,0,B
39,-3,6,20,0,1749,2000,0,B
39,-3,7,23,0,1379,2000,0,B
39,-2,-3,19,4,2000,2000,0,A
39,-2,-2,20,18,2000,2000,0,A
39,-2,-1,20,19,2000,2000,0,A
39,-2,0,23,19,2000,2000,0,A
39,-2,1,35,29,2000,2000,0,A
39,-2,2,24,8,2000,2000,0,A
39,-2,3,20,0,1997,2000,0,B
39,-2,4,24,0,1975,2000,0,B
39,-2,5,17,0,1848,2000,0,B
39,-2,6,27,0,1673,2000,0,B
39,-2,7,22,0,1231,2000,0,B
39,-1,-4,17,9,2000,2000,0,A
39,-1,-3,21,17,2000,2000,0,A
39,-1,-2,24,23,2000,2000,0,A
39,-1,-1,14,14,2000,2000,0,A
39,-1,0,23,18,2000,2000,0,A
39,-1,1,22,15,2000,2000,0,A
39,-1,2,17,2,2000,2000,0,A
39,-1,3,25,0,1992,2000,0,B
39,-1,4,20,0,1956,2000,0,B
39,-1,5,22,0,1782,2000,0,B
39,-1,6,21,0,1478,2000,0,B
39,0,-4,22,16,2000,2000,0,A
39,0,-3,18,17,2000,2000,0,A
39,0,-2,16,16,2000,2000,0,A
39,0,-1,21,19,2000,2000,0,A
39,0,0,27,21,2000,2000,0,A
39,0,1,13,3,2000,2000,0,A
39,0,2,21,0,1996,2000,0,B
39,0,3,22,0,1969,2000,0,B
39,0,4,25,0,1869,2000,0,B
39,0,5,17,0,1630,2000,0,B
39,0,6,24,0,1138,2000,0,B
39,1,-5,13,10,2000,2000,0,A
39,1,-4,27,22,2000,2000,0,A
39,1,-3,22,19,2000,2000,0,A
39,1,-2,24,22,2000,2000,0,A
39,1,-1,20,15,2000,2000,0,A
39,1,0,18,2,2000,2000,0,A
39,1,1,21,1,2000,2000,0,A
39,1,2,27,0,1981,2000,0,B
39,1,3,17,0,1893,2000,0,B
39,1,4,18,0,1670,2000,0,B
39,1,5,19,0,1339,2000,0,B
39,2,-5,18,11,2000,2000,0,A
39,2,-4,23,12,2000,2000,0,A
39,2,-3,15,12,2000,2000,0,A
39,2,-2,21,11,2000,2000,0,A
39,2,-1,31,5,2000,2000,0,A
39,2,0,32,0,1997,2000,0,B
39,2,1,19,0,1980,2000,0,B
39,2,2,17,0,1913,2000,0,B
39,2,3,23,0,1750,2000,0,B
39,2,4,18,0,1429,2000,0,B
39,2,5,22,0,950,1998,2,C
39,3,-6,25,10,2000,2000,0,A
39,3,-5,19,6,2000,2000,0,A
39,3,-4,27,7,2000,2000,0,A
39,3,-3,25,9,2000,2000,0,A
39,3,-2,22,1,2000,2000,0,A
39,3,-1,16,0,1996,2000,0,B
39,3,0,20,0,1974,2000,0,B
39,3,1,22,0,1915,2000,0,B
39,4,-3,24,0,1996,2000,0,B
40,-7,6,23,0,1639,2000,0,B
40,-7,7,19,0,1407,2000,0,B
40,-7,8,15,0,1002,1992,8,C
40,-6,2,23,0,1976,2000,0,B
40,-6,3,23,0,1971,2000,0,B
40,-6,4,24,0,1945,2000,0,B
40,-6,5,15,0,1883,2000,0,B
40,-6,6,18,0,1735,2000,0,B
40,-6,7,20,0,1522,2000,0,B
40,-6,8,21,0,1178,2000,0,B
40,-5,-2,25,0,1976,2000,0,B
40,-5,-1,36,0,1988,2000,0,B
40,-5,0,29,0,1999,2000,0,B
40,-5,1,21,0,1997,2000,0,B
40,-5,2,19,0,1996,2000,0,B
40,-5,3,24,0,1996,2000,0,B
40,-5,4,24,0,1965,2000,0,B
40,-5,5,21,0,1907,2000,0,B
40,-5,6,22,0,1806,2000,0,B
40,-5,7,28,0,1588,2000,0,B
40,-5,8,18,0,1112,1999,1,C
40,-5,9,16,0,660,1912,88,C
40,-4,-3,25,0,1987,2000,0,B
40,-4,-2,16,0,1998,2000,0,B
40,-4,-1,26,4,2000,2000,0,A
40,-4,0,24,5,2000,2000,0,A
40,-4,1,21,2,2000,2000,0,A
40,-4,2,12,1,2000,2000,0,A
40,-4,3,20,0,1997,2000,0,B
40,-4,4,20,0,1984,2000,0,B
40,-4,5,23,0,1936,2000,0,B
40,-4,6,25,0,1835,2000,0,B
40,-4,7,13,0,1384,2000,0,B
40,-4,8,25,0,1050,2000,0,B
40,-3,-3,13,0,1999,2000,0,B
40,-3,-2,20,6,2000,2000,0,A
40,-3,-1,13,7,2000,2000,0,A
40,-3,0,23,19,2000,2000,0,A
40,-3,1,20,9,2000,2000,0,A
40,-3,2,18,5,2000,2000,0,A
40,-3,3,22,0,1999,2000,0,B
40,-3,4,23,0,1989,2000,0,B
40,-3,5,15,0,1926,2000,0,B
40,-3,6,20,0,1737,2000,0,B
40,-3,7,23,0,1393,2000,0,B
40,-2,-3,19,3,2000,2000,0,A
40,-2,-2,20,17,2000,2000,0,A
40,-2,-1,20,16,2000,2000,0,A
40,-2,0,23,20,2000,2000,0,A
40,-2,1,35,26,2000,2000,0,A
40,-2,2,24,8,2000,2000,0,A
40,-2,3,20,0,1997,2000,0,B
40,-2,4,24,0,1982,2000,0,B
40,-2,5,17,0,1856,2000,0,B
40,-2,6,27,0,1648,2000,0,B
40,-2,7,22,0,1223,2000,0,B
40,-1,-4,17,7,2000,2000,0,A
40,-1,-3,21,17,2000,2000,0,A
40,-1,-2,24,21,2000,2000,0,A
40,-1,-1,14,13,2000,2000,0,A
40,-1,0,23,22,2000,2000,0,A
40,-1,1,22,13,2000,2000,0,A
40,-1,2,17,1,2000,2000,0,A
40,-1,3,25,0,1992,2000,0,B
40,-1,4,20,0,1957,2000,0,B
40,-1,5,22,0,1801,2000,0,B
40,-1,6,21,0,1448,2000,0,B
40,0,-4,22,16,2000,2000,0,A
40,0,-3,18,17,2000,2000,0,A
40,0,-2,16,16,2000,2000,0,A
40,0,-1,21,20,2000,2000,0,A
40,0,0,27,19,2000,2000,0,A
40,0,1,13,1,2000,2000,0,A
40,0,2,21,0,1998,2000,0,B
40,0,3,22,0,1967,2000,0,B
40,0,4,25,0,1848,2000,0,B
40,0,5,17,0,1638,2000,0,B
40,0,6,24,0,1138,2000,0,B
40,1,-5,13,11,2000,2000,0,A
40,1,-4,27,20,2000,2000,0,A
40,1,-3,22,21,2000,2000,0,A
40,1,-2,24,21,2000,2000,0,A
40,1,-1,20,16,2000,2000,0,A
40,1,0,18,5,2000,2000,0,A
40,1,1,21,0,1996,2000,0,B
40,1,2,27,0,1981,2000,0,B
40,1,3,17,0,1889,2000,0,B
40,1,4,18,0,1710,2000,0,B
40,1,5,19,0,1293,2000,0,B
40,2,-5,18,12,2000,2000,0,A
40,2,-4,23,20,2000,2000,0,A
40,2,-3,15,11,2000,2000,0,A
40,2,-2,21,10,2000,2000,0,A
40,2,-1,31,1,2000,2000,0,A
40,2,0,32,0,1999,2000,0,B
40,2,1,19,0,1986,2000,0,B
40,2,2,17,0,1937,2000,0,B
40,2,3,23,0,1771,2000,0,B
40,2,4,18,0,1447,2000,0,B
40,2,5,22,0,936,2000,0,B
40,3,-6,25,6,2000,2000,0,A
40,3,-5,19,11,2000,2000,0,A
40,3,-4,27,10,2000,2000,0,A
40,3,-3,25,6,2000,2000,0,A
40,3,-2,22,0,1998,2000,0,B
40,3,-1,16,0,1995,2000,0,B
40,3,0,20,0,1982,2000,0,B
40,3,1,22,0,1914,2000,0,B
40,4,-3,24,0,1997,2000,0,B
41,-7,6,23,0,1673,2000,0,B
41,-7,7,19,0,1403,2000,0,B
41,-7,8,15,0,1053,1988,12,C
41,-6,2,23,0,1984,2000,0,B
41,-6,3,23,0,1974,2000,0,B
41,-6,4,24,0,1944,2000,0,B
41,-6,5,15,0,1855,2000,0,B
41,-6,6,18,0,1759,2000,0,B
41,-6,7,20,0,1500,2000,0,B
41,-6,8,21,0,1171,1999,1,C
41,-5,-2,25,0,1969,2000,0,B
41,-5,-1,36,0,1988,2000,0,B
41,-5,0,29,0,1995,2000,0,B
41,-5,1,21,0,1997,2000,0,B
41,-5,2,19,0,1994,2000,0,B
41,-5,3,24,0,1994,2000,0,B
41,-5,4,24,0,1974,2000,0,B
41,-5,5,21,0,1925,2000,0,B
41,-5,6,22,0,1792,2000,0,B
41,-5,7,28,0,1578,2000,0,B
41,-5,8,18,0,1079,1998,2,C
41,-5,9,16,0,691,1926,74,C
41,-4,-3,25,0,1985,2000,0,B
41,-4,-2,16,0,1996,2000,0,B
41,-4,-1,26,0,1999,2000,0,B
41,-4,0,24,2,2000,2000,0,A
41,-4,1,21,4,2000,2000,0,A
41,-4,2,12,1,2000,2000,0,A
41,-4,3,20,0,1995,2000,0,B
41,-4,4,20,0,1984,2000,0,B
41,-4,5,23,0,1937,2000,0,B
41,-4,6,25,0,1806,2000,0,B
41,-4,7,13,0,1390,2000,0,B
41,-4,8,25,0,1077,2000,0,B
41,-3,-3,13,1,2000,2000,0,A
41,-3,-2,20,12,2000,2000,0,A
41,-3,-1,13,11,2000,2000,0,A
41,-3,0,23,14,2000,2000,0,A
41,-3,1,20,11,2000,2000,0,A
41,-3,2,18,7,2000,2000,0,A
41,-3,3,22,2,2000,2000,0,A
41,-3,4,23,0,1986,2000,0,B
41,-3,5,15,0,1943,2000,0,B
41,-3,6,20,0,1743,2000,0,B
41,-3,7,23,0,1382,2000,0,B
41,-2,-3,19,7,2000,2000,0,A
41,-2,-2,20,18,2000,2000,0,A
41,-2,-1,20,18,2000,2000,0,A
41,-2,0,23,22,2000,2000,0,A
41,-2,1,35,25,2000,2000,0,A
41,-2,2,24,10,2000,2000,0,A
41,-2,3,20,0,1999,2000,0,B
41,-2,4,24,0,1981,2000,0,B
41,-2,5,17,0,1846,2000,0,B
41,-2,6,27,0,1651,2000,0,B
41,-2,7,22,0,1235,2000,0,B
41,-1,-4,17,6,2000,2000,0,A
41,-1,-3,21,17,2000,2000,0,A
41,-1,-2,24,21,2000,2000,0,A
41,-1,-1,14,13,2000,2000,0,A
41,-1,0,23,20,2000,2000,0,A
41,-1,1,22,11,2000,2000,0,A
41,-1,2,17,3,2000,2000,0,A
41,-1,3,25,0,1989,2000,0,B
41,-1,4,20,0,1947,2000,0,B
41,-1,5,22,0,1775,2000,0,B
41,-1,6,21,0,1463,2000,0,B
41,0,-4,22,13,2000,2000,0,A
41,0,-3,18,17,2000,2000,0,A
41,0,-2,16,14,2000,2000,0,A
41,0,-1,21,19,2000,2000,0,A
41,0,0,27,20,2000,2000,0,A
41,0,1,13,4,2000,2000,0,A
41,0,2,21,0,1998,2000,0,B
41,0,3,22,0,1963,2000,0,B
41,0,4,25,0,1868,2000,0,B
41,0,5,17,0,1626,2000,0,B
41,0,6,24,0,1193,2000,0,B
41,1,-5,13,8,2000,2000,0,A
41,1,-4,27,23,2000,2000,0,A
41,1,-3,22,21,2000,2000,0,A
41,1,-2,24,21,2000,2000,0,A
41,1,-1,20,18,2000,2000,0,A
41,1,0,18,5,2000,2000,0,A
41,1,1,21,1,2000,2000,0,A
41,1,2,27,0,1980,2000,0,B
41,1,3,17,0,1913,2000,0,B
41,1,4,18,0,1680,2000,0,B
41,1,5,19,0,1298,2000,0,B
41,2,-5,18,9,2000,2000,0,A
41,2,-4,23,15,2000,2000,0,A
41,2,-3,15,10,2000,2000,0,A
41,2,-2,21,11,2000,2000,0,A
41,2,-1,31,4,2000,2000,0,A
41,2,0,32,0,1998,2000,0,B
41,2,1,19,0,1991,2000,0,B
41,2,2,17,0,1919,2000,0,B
41,2,3,23,0,1757,2000,0,B
41,2,4,18,0,1408,2000,0,B
41,2,5,22,0,947,1997,3,C
41,3,-6,25,11,2000,2000,0,A
41,3,-5,19,4,2000,2000,0,A
41,3,-4,27,7,2000,2000,0,A
41,3,-3,25,8,2000,2000,0,A
41,3,-2,22,0,1999,2000,0,B
41,3,-1,16,0,1996,2000,0,B
41,3,0,20,0,1971,2000,0,B
41,3,1,22,0,1904,2000,0,B
41,4,-3,24,0,1997,2000,0,B
42,-7,6,23,0,1614,2000,0,B
42,-7,7,19,0,1400,2000,0,B
42,-7,8,15,0,1041,1994,6,C
42,-6,2,23,0,1970,2000,0,B
42,-6,3,23,0,1973,2000,0,B
42,-6,4,24,0,1934,2000,0,B
42,-6,5,15,0,1876,2000,0,B
42,-6,6,18,0,1745,2000,0,B
42,-6,7,20,0,1525,2000,0,B
42,-6,8,21,0,1165,2000,0,B
42,-5,-2,25,0,1979,2000,0,B
42,-5,-1,36,0,1992,2000,0,B
42,-5,0,29,0,1998,2000,0,B
42,-5,1,21,0,1996,2000,0,B
42,-5,2,19,0,1996,2000,0,B
42,-5,3,24,0,1994,2000,0,B
42,-5,4,24,0,1979,2000,0,B
42,-5,5,21,0,1905,2000,0,B
42,-5,6,22,0,1804,2000,0,B
42,-5,7,28,0,1586,2000,0,B
42,-5,8,18,0,1118,1998,2,C
42,-5,9,16,0,668,1923,77,C
42,-4,-3,25,0,1986,2000,0,B
42,-4,-2,16,0,1997,2000,0,B
42,-4,-1,26,2,2000,2000,0,A
42,-4,0,24,3,2000,2000,0,A
42,-4,1,21,5,2000,2000,0,A
42,-4,2,12,1,2000,2000,0,A
42,-4,3,20,0,1998,2000,0,B
42,-4,4,20,0,1989,2000,0,B
42,-4,5,23,0,1934,2000,0,B
42,-4,6,25,0,1819,2000,0,B
42,-4,7,13,0,1414,2000,0,B
42,-4,8,25,0,1084,2000,0,B
42,-3,-3,13,0,1999,2000,0,B
42,-3,-2,20,7,2000,2000,0,A
42,-3,-1,13,8,2000,2000,0,A
42,-3,0,23,13,2000,2000,0,A
42,-3,1,20,13,2000,2000,0,A
42,-3,2,18,6,2000,2000,0,A
42,-3,3,22,1,2000,2000,0,A
42,-3,4,23,0,1986,2000,0,B
42,-3,5,15,0,1926,2000,0,B
42,-3,6,20,0,1759,2000,0,B
42,-3,7,23,0,1396,2000,0,B
42,-2,-3,19,7,2000,2000,0,A
42,-2,-2,20,15,2000,2000,0,A
42,-2,-1,20,16,2000,2000,0,A
42,-2,0,23,20,2000,2000,0,A
42,-2,1,35,25,2000,2000,0,A
42,-2,2,24,8,2000,2000,0,A
42,-2,3,20,0,1996,2000,0,B
42,-2,4,24,0,1975,2000,0,B
42,-2,5,17,0,1852,2000,0,B
42,-2,6,27,0,1639,2000,0,B
42,-2,7,22,0,1285,2000,0,B
42,-1,-4,17,9,2000,2000,0,A
42,-1,-3,21,19,2000,2000,0,A
42,-1,-2,24,23,2000,2000,0,A
42,-1,-1,14,14,2000,2000,0,A
42,-1,0,23,21,2000,2000,0,A
42,-1,1,22,12,2000,2000,0,A
42,-1,2,17,2,2000,2000,0,A
42,-1,3,25,0,1990,2000,0,B
42,-1,4,20,0,1935,2000,0,B
42,-1,5,22,0,1789,2000,0,B
42,-1,6,21,0,1475,2000,0,B
42,0,-4,22,20,2000,2000,0,A
42,0,-3,18,14,2000,2000,0,A
42,0,-2,16,16,2000,2000,0,A
42,0,-1,21,21,2000,2000,0,A
42,0,0,27,22,2000,2000,0,A
42,0,1,13,4,2000,2000,0,A
42,0,2,21,0,1994,2000,0,B
42,0,3,22,0,1970,2000,0,B
42,0,4,25,0,1871,2000,0,B
42,0,5,17,0,1631,2000,0,B
42,0,6,24,0,1147,2000,0,B
42,1,-5,13,6,2000,2000,0,A
42,1,-4,27,19,2000,2000,0,A
42,1,-3,22,18,2000,2000,0,A
42,1,-2,24,22,2000,2000,0,A
42,1,-1,20,15,2000,2000,0,A
42,1,0,18,6,2000,2000,0,A
42,1,1,21,0,1998,2000,0,B
42,1,2,27,0,1983,2000,0,B
42,1,3,17,0,1901,2000,0,B
42,1,4,18,0,1682,2000,0,B
42,1,5,19,0,1345,2000,0,B
42,2,-5,18,13,2000,2000,0,A
42,2,-4,23,17,2000,2000,0,A
42,2,-3,15,12,2000,2000,0,A
42,2,-2,21,9,2000,2000,0,A
42,2,-1,31,8,2000,2000,0,A
42,2,0,32,0,1996,2000,0,B
42,2,1,19,0,1990,2000,0,B
42,2,2,17,0,1917,2000,0,B
42,2,3,23,0,1737,2000,0,B
42,2,4,18,0,1399,2000,0,B
42,2,5,22,0,963,2000,0,B
42,3,-6,25,12,2000,2000,0,A
42,3,-5,19,11,2000,2000,0,A
42,3,-4,27,8,2000,2000,0,A
42,3,-3,25,4,2000,2000,0,A
42,3,-2,22,4,2000,2000,0,A
42,3,-1,16,0,1995,2000,0,B
42,3,0,20,0,1970,2000,0,B
42,3,1,22,0,1924,2000,0,B
42,4,-3,24,0,1997,2000,0,B
43,-7,6,23,0,1648,2000,0,B
43,-7,7,19,0,1411,2000,0,B
43,-7,8,15,0,998,1991,9,C
43,-6,2,23,0,1979,2000,0,B
43,-6,3,23,0,1964,2000,0,B
43,-6,4,24,0,1945,2000,0,B
43,-6,5,15,0,1872,2000,0,B
43,-6,6,18,0,1753,2000,0,B
43,-6,7,20,0,1493,2000,0,B
43,-6,8,21,0,1159,1999,1,C
43,-5,-2,25,0,1972,2000,0,B
43,-5,-1,36,0,1992,2000,0,B
43,-5,0,29,0,1996,2000,0,B
43,-5,1,21,0,1997,2000,0,B
43,-5,2,19,0,1996,2000,0,B
43,-5,3,24,0,1992,2000,0,B
43,-5,4,24,0,1976,2000,0,B
43,-5,5,21,0,1926,2000,0,B
43,-5,6,22,0,1801,2000,0,B
43,-5,7,28,0,1593,2000,0,B
43,-5,8,18,0,1122,1999,1,C
43,-5,9,16,0,686,1906,94,C
43,-4,-3,25,0,1987,2000,0,B
43,-4,-2,16,0,1997,2000,0,B
43,-4,-1,26,3,2000,2000,0,A
43,-4,0,24,6,2000,2000,0,A
43,-4,1,21,4,2000,2000,0,A
43,-4,2,12,1,2000,2000,0,A
43,-4,3,20,0,1999,2000,0,B
43,-4,4,20,0,1985,2000,0,B
43,-4,5,23,0,1936,2000,0,B
43,-4,6,25,0,1816,2000,0,B
43,-4,7,13,0,1413,2000,0,B
43,-4,8,25,0,1096,1999,1,C
43,-3,-3,13,0,1999,2000,0,B
43,-3,-2,20,6,2000,2000,0,A
43,-3,-1,13,10,2000,2000,0,A
43,-3,0,23,16,2000,2000,0,A
43,-3,1,20,15,2000,2000,0,A
43,-3,2,18,5,2000,2000,0,A
43,-3,3,22,0,1999,2000,0,B
43,-3,4,23,0,1993,2000,0,B
43,-3,5,15,0,1924,2000,0,B
43,-3,6,20,0,1750,2000,0,B
43,-3,7,23,0,1391,2000,0,B
43,-2,-3,19,8,2000,2000,0,A
43,-2,-2,20,18,2000,2000,0,A
43,-2,-1,20,17,2000,2000,0,A
43,-2,0,23,19,2000,2000,0,A
43,-2,1,35,22,2000,2000,0,A
43,-2,2,24,7,2000,2000,0,A
43,-2,3,20,1,2000,2000,0,A
43,-2,4,24,0,1978,2000,0,B
43,-2,5,17,0,1855,2000,0,B
43,-2,6,27,0,1639,2000,0,B
43,-2,7,22,0,1234,2000,0,B
43,-1,-4,17,6,2000,2000,0,A
43,-1,-3,21,16,2000,2000,0,A
43,-1,-2,24,23,2000,2000,0,A
43,-1,-1,14,12,2000,2000,0,A
43,-1,0,23,23,2000,2000,0,A
43,-1,1,22,13,2000,2000,0,A
43,-1,2,17,1,2000,2000,0,A
43,-1,3,25,0,1991,2000,0,B
43,-1,4,20,0,1946,2000,0,B
43,-1,5,22,0,1787,2000,0,B
43,-1,6,21,0,1432,2000,0,B
43,0,-4,22,16,2000,2000,0,A
43,0,-3,18,16,2000,2000,0,A
43,0,-2,16,14,2000,2000,0,A
43,0,-1,21,19,2000,2000,0,A
43,0,0,27,21,2000,2000,0,A
43,0,1,13,2,2000,2000,0,A
43,0,2,21,0,1992,2000,0,B
43,0,3,22,0,1969,2000,0,B
43,0,4,25,0,1871,2000,0,B
43,0,5,17,0,1649,2000,0,B
43,0,6,24,0,1159,2000,0,B
43,1,-5,13,9,2000,2000,0,A
43,1,-4,27,24,2000,2000,0,A
43,1,-3,22,20,2000,2000,0,A
43,1,-2,24,23,2000,2000,0,A
43,1,-1,20,12,2000,2000,0,A
43,1,0,18,8,2000,2000,0,A
43,1,1,21,1,2000,2000,0,A
43,1,2,27,0,1978,2000,0,B
43,1,3,17,0,1890,2000,0,B
43,1,4,18,0,1670,2000,0,B
43,1,5,19,0,1363,2000,0,B
43,2,-5,18,12,2000,2000,0,A
43,2,-4,23,16,2000,2000,0,A
43,2,-3,15,13,2000,2000,0,A
43,2,-2,21,13,2000,2000,0,A
43,2,-1,31,4,2000,2000,0,A
43,2,0,32,0,1995,2000,0,B
43,2,1,19,0,1981,2000,0,B
43,2,2,17,0,1926,2000,0,B
43,2,3,23,0,1760,2000,0,B
43,2,4,18,0,1396,2000,0,B
43,2,5,22,0,921,1995,5,C
43,3,-6,25,10,2000,2000,0,A
43,3,-5,19,8,2000,2000,0,A
43,3,-4,27,11,2000,2000,0,A
43,3,-3,25,6,2000,2000,0,A
43,3,-2,22,1,2000,2000,0,A
43,3,-1,16,0,1996,2000,0,B
43,3,0,20,0,1973,2000,0,B
43,3,1,22,0,1915,2000,0,B
43,4,-3,24,0,1996,2000,0,B
44,-7,6,23,0,1623,2000,0,B
44,-7,7,19,0,1424,2000,0,B
44,-7,8,15,0,994,1992,8,C
44,-6,2,23,0,1975,2000,0,B
44,-6,3,23,0,1968,2000,0,B
44,-6,4,24,0,1933,2000,0,B
44,-6,5,15,0,1881,2000,0,B
44,-6,6,18,0,1741,2000,0,B
44,-6,7,20,0,1505,2000,0,B
44,-6,8,21,0,1184,1999,1,C
44,-5,-2,25,0,1971,2000,0,B
44,-5,-1,36,0,1989,2000,0,B
44,-5,0,29,0,1995,2000,0,B
44,-5,1,21,0,1998,2000,0,B
44,-5,2,19,0,1996,2000,0,B
44,-5,3,24,0,1991,2000,0,B
44,-5,4,24,0,1977,2000,0,B
44,-5,5,21,0,1915,2000,0,B
44,-5,6,22,0,1811,2000,0,B
44,-5,7,28,0,1575,2000,0,B
44,-5,8,18,0,1073,1999,1,C
44,-5,9,16,0,667,1917,83,C
44,-4,-3,25,0,1983,2000,0,B
44,-4,-2,16,0,1999,2000,0,B
44,-4,-1,26,2,2000,2000,0,A
44,-4,0,24,3,2000,2000,0,A
44,-4,1,21,1,2000,2000,0,A
44,-4,2,12,2,2000,2000,0,A
44,-4,3,20,0,1996,2000,0,B
44,-4,4,20,0,1983,2000,0,B
44,-4,5,23,0,1940,2000,0,B
44,-4,6,25,0,1817,2000,0,B
44,-4,7,13,0,1375,2000,0,B
44,-4,8,25,0,1103,2000,0,B
44,-3,-3,13,1,2000,2000,0,A
44,-3,-2,20,8,2000,2000,0,A
44,-3,-1,13,8,2000,2000,0,A
44,-3,0,23,13,2000,2000,0,A
44,-3,1,20,15,2000,2000,0,A
44,-3,2,18,3,2000,2000,0,A
44,-3,3,22,0,1999,2000,0,B
44,-3,4,23,0,1984,2000,0,B
44,-3,5,15,0,1926,2000,0,B
44,-3,6,20,0,1772,2000,0,B
44,-3,7,23,0,1375,2000,0,B
44,-2,-3,19,8,2000,2000,0,A
44,-2,-2,20,17,2000,2000,0,A
44,-2,-1,20,15,2000,2000,0,A
44,-2,0,23,18,2000,2000,0,A
44,-2,1,35,26,2000,2000,0,A
44,-2,2,24,6,2000,2000,0,A
44,-2,3,20,0,1999,2000,0,B
44,-2,4,24,0,1982,2000,0,B
44,-2,5,17,0,1857,2000,0,B
44,-2,6,27,0,1621,2000,0,B
44,-2,7,22,0,1235,2000,0,B
44,-1,-4,17,7,2000,2000,0,A
44,-1,-3,21,17,2000,2000,0,A
44,-1,-2,24,20,2000,2000,0,A
44,-1,-1,14,13,2000,2000,0,A
44,-1,0,23,20,2000,2000,0,A
44,-1,1,22,17,2000,2000,0,A
44,-1,2,17,2,2000,2000,0,A
44,-1,3,25,0,1993,2000,0,B
44,-1,4,20,0,1949,2000,0,B
44,-1,5,22,0,1799,2000,0,B
44,-1,6,21,0,1445,2000,0,B
44,0,-4,22,14,2000,2000,0,A
44,0,-3,18,17,2000,2000,0,A
44,0,-2,16,16,2000,2000,0,A
44,0,-1,21,17,2000,2000,0,A
44,0,0,27,19,2000,2000,0,A
44,0,1,13,0,1999,2000,0,B
44,0,2,21,0,1995,2000,0,B
44,0,3,22,0,1961,2000,0,B
44,0,4,25,0,1869,2000,0,B
44,0,5,17,0,1620,2000,0,B
44,0,6,24,0,1152,1999,1,C
44,1,-5,13,8,2000,2000,0,A
44,1,-4,27,20,2000,2000,0,A
44,1,-3,22,21,2000,2000,0,A
44,1,-2,24,22,2000,2000,0,A
44,1,-1,20,14,2000,2000,0,A
44,1,0,18,5,2000,2000,0,A
44,1,1,21,0,1997,2000,0,B
44,1,2,27,0,1980,2000,0,B
44,1,3,17,0,1901,2000,0,B
44,1,4,18,0,1663,2000,0,B
44,1,5,19,0,1318,2000,0,B
44,2,-5,18,13,2000,2000,0,A
44,2,-4,23,17,2000,2000,0,A
44,2,-3,15,14,2000,2000,0,A
44,2,-2,21,10,2000,2000,0,A
44,2,-1,31,2,2000,2000,0,A
44,2,0,32,0,1997,2000,0,B
44,2,1,19,0,1987,2000,0,B
44,2,2,17,0,1904,2000,0,B
44,2,3,23,0,1753,2000,0,B
44,2,4,18,0,1407,2000,0,B
44,2,5,22,0,948,1996,4,C
44,3,-6,25,9,2000,2000,0,A
44,3,-5,19,8,2000,2000,0,A
44,3,-4,27,10,2000,2000,0,A
44,3,-3,25,9,2000,2000,0,A
44,3,-2,22,2,2000,2000,0,A
44,3,-1,16,0,1995,2000,0,B
44,3,0,20,0,1977,2000,0,B
44,3,1,22,0,1925,2000,0,B
44,4,-3,24,0,1994,2000,0,B
45,-7,6,23,0,1644,2000,0,B
45,-7,7,19,0,1375,2000,0,B
45,-7,8,15,0,1007,1994,6,C
45,-6,2,23,0,1974,2000,0,B
45,-6,3,23,0,1968,2000,0,B
45,-6,4,24,0,1931,2000,0,B
45,-6,5,15,0,1863,2000,0,B
45,-6,6,18,0,1761,2000,0,B
45,-6,7,20,0,1487,2000,0,B
45,-6,8,21,0,1175,2000,0,B
45,-5,-2,25,0,1966,2000,0,B
45,-5,-1,36,0,1989,2000,0,B
45,-5,0,29,0,1997,2000,0,B
45,-5,1,21,0,1999,2000,0,B
45,-5,2,19,0,1995,2000,0,B
45,-5,3,24,0,1996,2000,0,B
45,-5,4,24,0,1980,2000,0,B
45,-5,5,21,0,1922,2000,0,B
45,-5,6,22,0,1803,2000,0,B
45,-5,7,28,0,1581,2000,0,B
45,-5,8,18,0,1074,2000,0,B
45,-5,9,16,0,690,1930,70,C
45,-4,-3,25,0,1989,2000,0,B
45,-4,-2,16,0,1999,2000,0,B
45,-4,-1,26,0,1999,2000,0,B
45,-4,0,24,3,2000,2000,0,A
45,-4,1,21,1,2000,2000,0,A
45,-4,2,12,1,2000,2000,0,A
45,-4,3,20,0,1999,2000,0,B
45,-4,4,20,0,1984,2000,0,B
45,-4,5,23,0,1944,2000,0,B
45,-4,6,25,0,1833,2000,0,B
45,-4,7,13,0,1382,2000,0,B
45,-4,8,25,0,1106,2000,0,B
45,-3,-3,13,0,1999,2000,0,B
45,-3,-2,20,8,2000,2000,0,A
45,-3,-1,13,11,2000,2000,0,A
45,-3,0,23,17,2000,2000,0,A
45,-3,1,20,12,2000,2000,0,A
45,-3,2,18,5,2000,2000,0,A
45,-3,3,22,0,1999,2000,0,B
45,-3,4,23,0,1987,2000,0,B
45,-3,5,15,0,1925,2000,0,B
45,-3,6,20,0,1741,2000,0,B
45,-3,7,23,0,1359,2000,0,B
45,-2,-3,19,8,2000,2000,0,A
45,-2,-2,20,19,2000,2000,0,A
45,-2,-1,20,18,2000,2000,0,A
45,-2,0,23,22,2000,2000,0,A
45,-2,1,35,28,2000,2000,0,A
45,-2,2,24,9,2000,2000,0,A
45,-2,3,20,0,1995,2000,0,B
45,-2,4,24,0,1982,2000,0,B
45,-2,5,17,0,1876,2000,0,B
45,-2,6,27,0,1663,2000,0,B
45,-2,7,22,0,1241,2000,0,B
45,-1,-4,17,7,2000,2000,0,A
45,-1,-3,21,16,2000,2000,0,A
45,-1,-2,24,19,2000,2000,0,A
45,-1,-1,14,13,2000,2000,0,A
45,-1,0,23,19,2000,2000,0,A
45,-1,1,22,12,2000,2000,0,A
45,-1,2,17,1,2000,2000,0,A
45,-1,3,25,0,1990,2000,0,B
45,-1,4,20,0,1952,2000,0,B
45,-1,5,22,0,1783,2000,0,B
45,-1,6,21,0,1444,2000,0,B
45,0,-4,22,16,2000,2000,0,A
45,0,-3,18,14,2000,2000,0,A
45,0,-2,16,16,2000,2000,0,A
45,0,-1,21,20,2000,2000,0,A
45,0,0,27,19,2000,2000,0,A
45,0,1,13,3,2000,2000,0,A
45,0,2,21,0,1996,2000,0,B
45,0,3,22,0,1962,2000,0,B
45,0,4,25,0,1873,2000,0,B
45,0,5,17,0,1620,2000,0,B
45,0,6,24,0,1181,2000,0,B
45,1,-5,13,8,2000,2000,0,A
45,1,-4,27,22,2000,2000,0,A
45,1,-3,22,21,2000,2000,0,A
45,1,-2,24,23,2000,2000,0,A
45,1,-1,20,16,2000,2000,0,A
45,1,0,18,6,2000,2000,0,A
45,1,1,21,0,1998,2000,0,B
45,1,2,27,0,1979,2000,0,B
45,1,3,17,0,1888,2000,0,B
45,1,4,18,0,1693,2000,0,B
45,1,5,19,0,1287,1999,1,C
45,2,-5,18,13,2000,2000,0,A
45,2,-4,23,15,2000,2000,0,A
45,2,-3,15,15,2000,2000,0,A
45,2,-2,21,8,2000,2000,0,A
45,2,-1,31,4,2000,2000,0,A
45,2,0,32,0,1997,2000,0,B
45,2,1,19,0,1980,2000,0,B
45,2,2,17,0,1910,2000,0,B
45,2,3,23,0,1744,2000,0,B
45,2,4,18,0,1405,2000,0,B
45,2,5,22,0,968,1999,1,C
45,3,-6,25,11,2000,2000,0,A
45,3,-5,19,9,2000,2000,0,A
45,3,-4,27,12,2000,2000,0,A
45,3,-3,25,8,2000,2000,0,A
45,3,-2,22,1,2000,2000,0,A
45,3,-1,16,0,1997,2000,0,B
45,3,0,20,0,1976,2000,0,B
45,3,1,22,0,1927,2000,0,B
45,4,-3,24,0,1998,2000,0,B
46,-7,6,23,0,1662,2000,0,B
46,-7,7,19,0,1423,2000,0,B
46,-7,8,15,0,992,1993,7,C
46,-6,2,23,0,1975,2000,0,B
46,-6,3,23,0,1960,2000,0,B
46,-6,4,24,0,1939,2000,0,B
46,-6,5,15,0,1862,2000,0,B
46,-6,6,18,0,1752,2000,0,B
46,-6,7,20,0,1534,2000,0,B
46,-6,8,21,0,1190,2000,0,B
46,-5,-2,25,0,1970,2000,0,B
46,-5,-1,36,0,1990,2000,0,B
46,-5,0,29,0,1995,2000,0,B
46,-5,1,21,0,1997,2000,0,B
46,-5,2,19,1,2000,2000,0,A
46,-5,3,24,0,1994,2000,0,B
46,-5,4,24,0,1978,2000,0,B
46,-5,5,21,0,1924,2000,0,B
46,-5,6,22,0,1797,2000,0,B
46,-5,7,28,0,1579,2000,0,B
46,-5,8,18,0,1081,2000,0,B
46,-5,9,16,0,651,1919,81,C
46,-4,-3,25,0,1981,2000,0,B
46,-4,-2,16,0,1996,2000,0,B
46,-4,-1,26,0,1999,2000,0,B
46,-4,0,24,4,2000,2000,0,A
46,-4,1,21,4,2000,2000,0,A
46,-4,2,12,1,2000,2000,0,A
46,-4,3,20,0,1998,2000,0,B
46,-4,4,20,0,1987,2000,0,B
46,-4,5,23,0,1939,2000,0,B
46,-4,6,25,0,1807,2000,0,B
46,-4,7,13,0,1385,2000,0,B
46,-4,8,25,0,1095,2000,0,B
46,-3,-3,13,0,1997,2000,0,B
46,-3,-2,20,8,2000,2000,0,A
46,-3,-1,13,6,2000,2000,0,A
46,-3,0,23,17,2000,2000,0,A
46,-3,1,20,12,2000,2000,0,A
46,-3,2,18,4,2000,2000,0,A
46,-3,3,22,0,1998,2000,0,B
46,-3,4,23,0,1986,2000,0,B
46,-3,5,15,0,1928,2000,0,B
46,-3,6,20,0,1757,2000,0,B
46,-3,7,23,0,1391,2000,0,B
46,-2,-3,19,6,2000,2000,0,A
46,-2,-2,20,18,2000,2000,0,A
46,-2,-1,20,19,2000,2000,0,A
46,-2,0,23,23,2000,2000,0,A
46,-2,1,35,27,2000,2000,0,A
46,-2,2,24,5,2000,2000,0,A
46,-2,3,20,0,1998,2000,0,B
46,-2,4,24,0,1982,2000,0,B
46,-2,5,17,0,1853,2000,0,B
46,-2,6,27,0,1668,2000,0,B
46,-2,7,22,0,1238,2000,0,B
46,-1,-4,17,8,2000,2000,0,A
46,-1,-3,21,16,2000,2000,0,A
46,-1,-2,24,23,2000,2000,0,A
46,-1,-1,14,13,2000,2000,0,A
46,-1,0,23,21,2000,2000,0,A
46,-1,1,22,13,2000,2000,0,A
46,-1,2,17,1,2000,2000,0,A
46,-1,3,25,0,1995,2000,0,B
46,-1,4,20,0,1948,2000,0,B
46,-1,5,22,0,1807,2000,0,B
46,-1,6,21,0,1458,2000,0,B
46,0,-4,22,20,2000,2000,0,A
46,0,-3,18,18,2000,2000,0,A
46,0,-2,16,15,2000,2000,0,A
46,0,-1,21,18,2000,2000,0,A
46,0,0,27,22,2000,2000,0,A
46,0,1,13,1,2000,2000,0,A
46,0,2,21,0,1996,2000,0,B
46,0,3,22,0,1974,2000,0,B
46,0,4,25,0,1859,2000,0,B
46,0,5,17,0,1612,2000,0,B
46,0,6,24,0,1144,2000,0,B
46,1,-5,13,7,2000,2000,0,A
46,1,-4,27,19,2000,2000,0,A
46,1,-3,22,22,2000,2000,0,A
46,1,-2,24,20,2000,2000,0,A
46,1,-1,20,12,2000,2000,0,A
46,1,0,18,2,2000,2000,0,A
46,1,1,21,0,1997,2000,0,B
46,1,2,27,0,1985,2000,0,B
46,1,3,17,0,1891,2000,0,B
46,1,4,18,0,1689,2000,0,B
46,1,5,19,0,1347,2000,0,B
46,2,-5,18,13,2000,2000,0,A
46,2,-4,23,18,2000,2000,0,A
46,2,-3,15,12,2000,2000,0,A
46,2,-2,21,9,2000,2000,0,A
46,2,-1,31,8,2000,2000,0,A
46,2,0,32,0,1998,2000,0,B
46,2,1,19,0,1984,2000,0,B
46,2,2,17,0,1934,2000,0,B
46,2,3,23,0,1762,2000,0,B
46,2,4,18,0,1394,2000,0,B
46,2,5,22,0,926,1999,1,C
46,3,-6,25,11,2000,2000,0,A
46,3,-5,19,11,2000,2000,0,A
46,3,-4,27,13,2000,2000,0,A
46,3,-3,25,3,2000,2000,0,A
46,3,-2,22,0,1999,2000,0,B
46,3,-1,16,0,1995,2000,0,B
46,3,0,20,0,1976,2000,0,B
46,3,1,22,0,1914,2000,0,B
46,4,-3,24,0,1996,2000,0,B
47,-7,6,23,0,1629,2000,0,B
47,-7,7,19,0,1401,2000,0,B
47,-7,8,15,0,1009,1993,7,C
47,-6,2,23,0,1972,2000,0,B
47,-6,3,23,0,1971,2000,0,B
47,-6,4,24,0,1943,2000,0,B
47,-6,5,15,0,1883,2000,0,B
47,-6,6,18,0,1757,2000,0,B
47,-6,7,20,0,1501,2000,0,B
47,-6,8,21,0,1160,2000,0,B
47,-5,-2,25,0,1972,2000,0,B
47,-5,-1,36,0,1992,2000,0,B
47,-5,0,29,0,1996,2000,0,B
47,-5,1,21,0,1995,2000,0,B
47,-5,2,19,0,1997,2000,0,B
47,-5,3,24,0,1991,2000,0,B
47,-5,4,24,0,1974,2000,0,B
47,-5,5,21,0,1930,2000,0,B
47,-5,6,22,0,1801,2000,0,B
47,-5,7,28,0,1541,2000,0,B
47,-5,8,18,0,1065,2000,0,B
47,-5,9,16,0,698,1916,84,C
47,-4,-3,25,0,1986,2000,0,B
47,-4,-2,16,0,1997,2000,0,B
47,-4,-1,26,2,2000,2000,0,A
47,-4,0,24,1,2000,2000,0,A
47,-4,1,21,3,2000,2000,0,A
47,-4,2,12,1,2000,2000,0,A
47,-4,3,20,0,1995,2000,0,B
47,-4,4,20,0,1991,2000,0,B
47,-4,5,23,0,1937,2000,0,B
47,-4,6,25,0,1811,2000,0,B
47,-4,7,13,0,1401,2000,0,B
47,-4,8,25,0,1062,2000,0,B
47,-3,-3,13,0,1999,2000,0,B
47,-3,-2,20,5,2000,2000,0,A
47,-3,-1,13,9,2000,2000,0,A
47,-3,0,23,18,2000,2000,0,A
47,-3,1,20,12,2000,2000,0,A
47,-3,2,18,9,2000,2000,0,A
47,-3,3,22,0,1999,2000,0,B
47,-3,4,23,0,1983,2000,0,B
47,-3,5,15,0,1923,2000,0,B
47,-3,6,20,0,1736,2000,0,B
47,-3,7,23,0,1397,2000,0,B
47,-2,-3,19,5,2000,2000,0,A
47,-2,-2,20,15,2000,2000,0,A
47,-2,-1,20,20,2000,2000,0,A
47,-2,0,23,20,2000,2000,0,A
47,-2,1,35,29,2000,2000,0,A
47,-2,2,24,12,2000,2000,0,A
47,-2,3,20,0,1998,2000,0,B
47,-2,4,24,0,1980,2000,0,B
47,-2,5,17,0,1858,2000,0,B
47,-2,6,27,0,1656,2000,0,B
47,-2,7,22,0,1283,2000,0,B
47,-1,-4,17,5,2000,2000,0,A
47,-1,-3,21,17,2000,2000,0,A
47,-1,-2,24,19,2000,2000,0,A
47,-1,-1,14,11,2000,2000,0,A
47,-1,0,23,20,2000,2000,0,A
47,-1,1,22,12,2000,2000,0,A
47,-1,2,17,1,2000,2000,0,A
47,-1,3,25,0,1990,2000,0,B
47,-1,4,20,0,1957,2000,0,B
47,-1,5,22,0,1812,2000,0,B
47,-1,6,21,0,1455,2000,0,B
47,0,-4,22,19,2000,2000,0,A
47,0,-3,18,16,2000,2000,0,A
47,0,-2,16,16,2000,2000,0,A
47,0,-1,21,19,2000,2000,0,A
47,0,0,27,18,2000,2000,0,A
47,0,1,13,1,2000,2000,0,A
47,0,2,21,0,1997,2000,0,B
47,0,3,22,0,1970,2000,0,B
47,0,4,25,0,1861,2000,0,B
47,0,5,17,0,1643,2000,0,B
47,0,6,24,0,1138,2000,0,B
47,1,-5,13,10,2000,2000,0,A
47,1,-4,27,22,2000,2000,0,A
47,1,-3,22,19,2000,2000,0,A
47,1,-2,24,22,2000,2000,0,A
47,1,-1,20,17,2000,2000,0,A
47,1,0,18,5,2000,2000,0,A
47,1,1,21,0,1998,2000,0,B
47,1,2,27,0,1982,2000,0,B
47,1,3,17,0,1905,2000,0,B
47,1,4,18,0,1674,2000,0,B
47,1,5,19,0,1312,2000,0,B
47,2,-5,18,12,2000,2000,0,A
47,2,-4,23,14,2000,2000,0,A
47,2,-3,15,11,2000,2000,0,A
47,2,-2,21,10,2000,2000,0,A
47,2,-1,31,7,2000,2000,0,A
47,2,0,32,0,1996,2000,0,B
47,2,1,19,0,1988,2000,0,B
47,2,2,17,0,1914,2000,0,B
47,2,3,23,0,1769,2000,0,B
47,2,4,18,0,1432,2000,0,B
47,2,5,22,0,962,1999,1,C
47,3,-6,25,6,2000,2000,0,A
47,3,-5,19,7,2000,2000,0,A
47,3,-4,27,9,2000,2000,0,A
47,3,-3,25,5,2000,2000,0,A
47,3,-2,22,1,2000,2000,0,A
47,3,-1,16,0,1995,2000,0,B
47,3,0,20,0,1967,2000,0,B
47,3,1,22,0,1924,2000,0,B
47,4,-3,24,0,1997,2000,0,B
48,-7,6,23,0,1626,2000,0,B
48,-7,7,19,0,1413,2000,0,B
48,-7,8,15,0,1022,1995,5,C
48,-6,2,23,0,1982,2000,0,B
48,-6,3,23,0,1960,2000,0,B
48,-6,4,24,0,1941,2000,0,B
48,-6,5,15,0,1891,2000,0,B
48,-6,6,18,0,1765,2000,0,B
48,-6,7,20,0,1491,2000,0,B
48,-6,8,21,0,1184,1998,2,C
48,-5,-2,25,0,1979,2000,0,B
48,-5,-1,36,0,1989,2000,0,B
48,-5,0,29,0,1995,2000,0,B
48,-5,1,21,0,1996,2000,0,B
48,-5,2,19,0,1995,2000,0,B
48,-5,3,24,0,1993,2000,0,B
48,-5,4,24,0,1974,2000,0,B
48,-5,5,21,0,1927,2000,0,B
48,-5,6,22,0,1788,2000,0,B
48,-5,7,28,0,1592,2000,0,B
48,-5,8,18,0,1102,1999,1,C
48,-5,9,16,0,688,1926,74,C
48,-4,-3,25,0,1987,2000,0,B
48,-4,-2,16,0,1998,2000,0,B
48,-4,-1,26,1,2000,2000,0,A
48,-4,0,24,5,2000,2000,0,A
48,-4,1,21,2,2000,2000,0,A
48,-4,2,12,1,2000,2000,0,A
48,-4,3,20,0,1996,2000,0,B
48,-4,4,20,0,1988,2000,0,B
48,-4,5,23,0,1934,2000,0,B
48,-4,6,25,0,1791,2000,0,B
48,-4,7,13,0,1392,2000,0,B
48,-4,8,25,0,1070,1999,1,C
48,-3,-3,13,0,1998,2000,0,B
48,-3,-2,20,3,2000,2000,0,A
48,-3,-1,13,9,2000,2000,0,A
48,-3,0,23,18,2000,2000,0,A
48,-3,1,20,13,2000,2000,0,A
48,-3,2,18,6,2000,2000,0,A
48,-3,3,22,0,1998,2000,0,B
48,-3,4,23,0,1984,2000,0,B
48,-3,5,15,0,1920,2000,0,B
48,-3,6,20,0,1757,2000,0,B
48,-3,7,23,0,1347,2000,0,B
48,-2,-3,19,9,2000,2000,0,A
48,-2,-2,20,18,2000,2000,0,A
48,-2,-1,20,19,2000,2000,0,A
48,-2,0,23,22,2000,2000,0,A
48,-2,1,35,28,2000,2000,0,A
48,-2,2,24,10,2000,2000,0,A
48,-2,3,20,0,1998,2000,0,B
48,-2,4,24,0,1981,2000,0,B
48,-2,5,17,0,1859,2000,0,B
48,-2,6,27,0,1644,2000,0,B
48,-2,7,22,0,1237,2000,0,B
48,-1,-4,17,8,2000,2000,0,A
48,-1,-3,21,15,2000,2000,0,A
48,-1,-2,24,23,2000,2000,0,A
48,-1,-1,14,14,2000,2000,0,A
48,-1,0,23,20,2000,2000,0,A
48,-1,1,22,14,2000,2000,0,A
48,-1,2,17,3,2000,2000,0,A
48,-1,3,25,0,1993,2000,0,B
48,-1,4,20,0,1965,2000,0,B
48,-1,5,22,0,1791,2000,0,B
48,-1,6,21,0,1436,2000,0,B
48,0,-4,22,19,2000,2000,0,A
48,0,-3,18,16,2000,2000,0,A
48,0,-2,16,15,2000,2000,0,A
48,0,-1,21,19,2000,2000,0,A
48,0,0,27,19,2000,2000,0,A
48,0,1,13,1,2000,2000,0,A
48,0,2,21,0,1997,2000,0,B
48,0,3,22,0,1967,2000,0,B
48,0,4,25,0,1871,2000,0,B
48,0,5,17,0,1624,2000,0,B
48,0,6,24,0,1126,1999,1,C
48,1,-5,13,6,2000,2000,0,A
48,1,-4,27,22,2000,2000,0,A
48,1,-3,22,20,2000,2000,0,A
48,1,-2,24,19,2000,2000,0,A
48,1,-1,20,14,2000,2000,0,A
48,1,0,18,4,2000,2000,0,A
48,1,1,21,0,1999,2000,0,B
48,1,2,27,0,1976,2000,0,B
48,1,3,17,0,1889,2000,0,B
48,1,4,18,0,1725,2000,0,B
48,1,5,19,0,1306,2000,0,B
48,2,-5,18,11,2000,2000,0,A
48,2,-4,23,19,2000,2000,0,A
48,2,-3,15,9,2000,2000,0,A
48,2,-2,21,10,2000,2000,0,A
48,2,-1,31,6,2000,2000,0,A
48,2,0,32,0,1997,2000,0,B
48,2,1,19,0,1985,2000,0,B
48,2,2,17,0,1910,2000,0,B
48,2,3,23,0,1747,2000,0,B
48,2,4,18,0,1414,2000,0,B
48,2,5,22,0,980,1998,2,C
48,3,-6,25,5,2000,2000,0,A
48,3,-5,19,10,2000,2000,0,A
48,3,-4,27,10,2000,2000,0,A
48,3,-3,25,7,2000,2000,0,A
48,3,-2,22,1,2000,2000,0,A
48,3,-1,16,0,1996,2000,0,B
48,3,0,20,0,1981,2000,0,B
48,3,1,22,0,1911,2000,0,B
48,4,-3,24,0,1998,2000,0,B
49,-7,6,23,0,1626,2000,0,B
49,-7,7,19,0,1419,2000,0,B
49,-7,8,15,0,1027,1992,8,C
49,-6,2,23,0,1970,2000,0,B
49,-6,3,23,0,1975,2000,0,B
49,-6,4,24,0,1938,2000,0,B
49,-6,5,15,0,1880,2000,0,B
49,-6,6,18,0,1768,2000,0,B
49,-6,7,20,0,1491,2000,0,B
49,-6,8,21,0,1202,2000,0,B
49,-5,-2,25,0,1974,2000,0,B
49,-5,-1,36,0,1990,2000,0,B
49,-5,0,29,0,1995,2000,0,B
49,-5,1,21,0,1998,2000,0,B
49,-5,2,19,0,1994,2000,0,B
49,-5,3,24,0,1989,2000,0,B
49,-5,4,24,0,1978,2000,0,B
49,-5,5,21,0,1931,2000,0,B
49,-5,6,22,0,1811,2000,0,B
49,-5,7,28,0,1566,2000,0,B
49,-5,8,18,0,1087,1999,1,C
49,-5,9,16,0,705,1913,87,C
49,-4,-3,25,0,1984,2000,0,B
49,-4,-2,16,0,1995,2000,0,B
49,-4,-1,26,2,2000,2000,0,A
49,-4,0,24,3,2000,2000,0,A
49,-4,1,21,3,2000,2000,0,A
49,-4,2,12,1,2000,2000,0,A
49,-4,3,20,0,1996,2000,0,B
49,-4,4,20,0,1985,2000,0,B
49,-4,5,23,0,1942,2000,0,B
49,-4,6,25,0,1820,2000,0,B
49,-4,7,13,0,1354,2000,0,B
49,-4,8,25,0,1061,2000,0,B
49,-3,-3,13,0,1999,2000,0,B
49,-3,-2,20,6,2000,2000,0,A
49,-3,-1,13,8,2000,2000,0,A
49,-3,0,23,13,2000,2000,0,A
49,-3,1,20,11,2000,2000,0,A
49,-3,2,18,7,2000,2000,0,A
49,-3,3,22,0,1998,2000,0,B
49,-3,4,23,0,1985,2000,0,B
49,-3,5,15,0,1919,2000,0,B
49,-3,6,20,0,1752,2000,0,B
49,-3,7,23,0,1378,2000,0,B
49,-2,-3,19,6,2000,2000,0,A
49,-2,-2,20,14,2000,2000,0,A
49,-2,-1,20,19,2000,2000,0,A
49,-2,0,23,21,2000,2000,0,A
49,-2,1,35,26,2000,2000,0,A
49,-2,2,24,10,2000,2000,0,A
49,-2,3,20,0,1998,2000,0,B
49,-2,4,24,0,1976,2000,0,B
49,-2,5,17,0,1871,2000,0,B
49,-2,6,27,0,1615,2000,0,B
49,-2,7,22,0,1246,2000,0,B
49,-1,-4,17,7,2000,2000,0,A
49,-1,-3,21,19,2000,2000,0,A
49,-1,-2,24,22,2000,2000,0,A
49,-1,-1,14,14,2000,2000,0,A
49,-1,0,23,20,2000,2000,0,A
49,-1,1,22,15,2000,2000,0,A
49,-1,2,17,2,2000,2000,0,A
49,-1,3,25,0,1993,2000,0,B
49,-1,4,20,0,1954,2000,0,B
49,-1,5,22,0,1829,2000,0,B
49,-1,6,21,0,1469,2000,0,B
49,0,-4,22,15,2000,2000,0,A
49,0,-3,18,17,2000,2000,0,A
49,0,-2,16,15,2000,2000,0,A
49,0,-1,21,17,2000,2000,0,A
49,0,0,27,24,2000,2000,0,A
49,0,1,13,5,2000,2000,0,A
49,0,2,21,0,1995,2000,0,B
49,0,3,22,0,1963,2000,0,B
49,0,4,25,0,1870,2000,0,B
49,0,5,17,0,1618,2000,0,B
49,0,6,24,0,1152,2000,0,B
49,1,-5,13,10,2000,2000,0,A
49,1,-4,27,21,2000,2000,0,A
49,1,-3,22,21,2000,2000,0,A
49,1,-2,24,21,2000,2000,0,A
49,1,-1,20,19,2000,2000,0,A
49,1,0,18,6,2000,2000,0,A
49,1,1,21,0,1997,2000,0,B
49,1,2,27,0,1981,2000,0,B
49,1,3,17,0,1886,2000,0,B
49,1,4,18,0,1698,2000,0,B
49,1,5,19,0,1319,1999,1,C
49,2,-5,18,13,2000,2000,0,A
49,2,-4,23,15,2000,2000,0,A
49,2,-3,15,13,2000,2000,0,A
49,2,-2,21,14,2000,2000,0,A
49,2,-1,31,5,2000,2000,0,A
49,2,0,32,0,1997,2000,0,B
49,2,1,19,0,1984,2000,0,B
49,2,2,17,0,1921,2000,0,B
49,2,3,23,0,1785,2000,0,B
49,2,4,18,0,1390,2000,0,B
49,2,5,22,0,954,1999,1,C
49,3,-6,25,6,2000,2000,0,A
49,3,-5,19,7,2000,2000,0,A
49,3,-4,27,7,2000,2000,0,A
49,3,-3,25,8,2000,2000,0,A
49,3,-2,22,0,1999,2000,0,B
49,3,-1,16,0,1993,2000,0,B
49,3,0,20,0,1977,2000,0,B
49,3,1,22,0,1917,2000,0,B
49,4,-3,24,0,1997,2000,0,B
50,-7,6,23,0,1647,2000,0,B
50,-7,7,19,0,1375,2000,0,B
50,-7,8,15,0,986,1990,10,C
50,-6,2,23,0,1970,2000,0,B
50,-6,3,23,0,1966,2000,0,B
50,-6,4,24,0,1937,2000,0,B
50,-6,5,15,0,1864,2000,0,B
50,-6,6,18,0,1753,2000,0,B
50,-6,7,20,0,1531,2000,0,B
50,-6,8,21,0,1140,2000,0,B
50,-5,-2,25,0,1978,2000,0,B
50,-5,-1,36,0,1988,2000,0,B
50,-5,0,29,0,1998,2000,0,B
50,-5,1,21,0,1997,2000,0,B
50,-5,2,19,0,1994,2000,0,B
50,-5,3,24,0,1998,2000,0,B
50,-5,4,24,0,1977,2000,0,B
50,-5,5,21,0,1919,2000,0,B
50,-5,6,22,0,1811,2000,0,B
50,-5,7,28,0,1579,2000,0,B
50,-5,8,18,0,1083,2000,0,B
50,-5,9,16,0,689,1927,73,C
50,-4,-3,25,0,1983,2000,0,B
50,-4,-2,16,0,1996,2000,0,B
50,-4,-1,26,2,2000,2000,0,A
50,-4,0,24,3,2000,2000,0,A
50,-4,1,21,6,2000,2000,0,A
50,-4,2,12,1,2000,2000,0,A
50,-4,3,20,1,2000,2000,0,A
50,-4,4,20,0,1987,2000,0,B
50,-4,5,23,0,1951,2000,0,B
50,-4,6,25,0,1824,2000,0,B
50,-4,7,13,0,1384,2000,0,B
50,-4,8,25,0,1077,1999,1,C
50,-3,-3,13,0,1999,2000,0,B
50,-3,-2,20,3,2000,2000,0,A
50,-3,-1,13,10,2000,2000,0,A
50,-3,0,23,16,2000,2000,0,A
50,-3,1,20,12,2000,2000,0,A
50,-3,2,18,5,2000,2000,0,A
50,-3,3,22,0,1999,2000,0,B
50,-3,4,23,0,1986,2000,0,B
50,-3,5,15,0,1930,2000,0,B
50,-3,6,20,0,1786,2000,0,B
50,-3,7,23,0,1347,2000,0,B
50,-2,-3,19,5,2000,2000,0,A
50,-2,-2,20,15,2000,2000,0,A
50,-2,-1,20,19,2000,2000,0,A
50,-2,0,23,21,2000,2000,0,A
50,-2,1,35,29,2000,2000,0,A
50,-2,2,24,9,2000,2000,0,A
50,-2,3,20,0,1998,2000,0,B
50,-2,4,24,0,1978,2000,0,B
50,-2,5,17,0,1857,2000,0,B
50,-2,6,27,0,1627,2000,0,B
50,-2,7,22,0,1243,2000,0,B
50,-1,-4,17,7,2000,2000,0,A
50,-1,-3,21,20,2000,2000,0,A
50,-1,-2,24,20,2000,2000,0,A
50,-1,-1,14,13,2000,2000,0,A
50,-1,0,23,23,2000,2000,0,A
50,-1,1,22,13,2000,2000,0,A
50,-1,2,17,0,1999,2000,0,B
50,-1,3,25,0,1985,2000,0,B
50,-1,4,20,0,1948,2000,0,B
50,-1,5,22,0,1794,2000,0,B
50,-1,6,21,0,1458,2000,0,B
50,0,-4,22,16,2000,2000,0,A
50,0,-3,18,18,2000,2000,0,A
50,0,-2,16,15,2000,2000,0,A
50,0,-1,21,20,2000,2000,0,A
50,0,0,27,17,2000,2000,0,A
50,0,1,13,3,2000,2000,0,A
50,0,2,21,0,1995,2000,0,B
50,0,3,22,0,1960,2000,0,B
50,0,4,25,0,1869,2000,0,B
50,0,5,17,0,1641,2000,0,B
50,0,6,24,0,1158,2000,0,B
50,1,-5,13,8,2000,2000,0,A
50,1,-4,27,23,2000,2000,0,A
50,1,-3,22,20,2000,2000,0,A
50,1,-2,24,23,2000,2000,0,A
50,1,-1,20,18,2000,2000,0,A
50,1,0,18,2,2000,2000,0,A
50,1,1,21,0,1998,2000,0,B
50,1,2,27,0,1980,2000,0,B
50,1,3,17,0,1891,2000,0,B
50,1,4,18,0,1666,2000,0,B
50,1,5,19,0,1324,2000,0,B
50,2,-5,18,10,2000,2000,0,A
50,2,-4,23,18,2000,2000,0,A
50,2,-3,15,14,2000,2000,0,A
50,2,-2,21,12,2000,2000,0,A
50,2,-1,31,3,2000,2000,0,A
50,2,0,32,0,1998,2000,0,B
50,2,1,19,0,1980,2000,0,B
50,2,2,17,0,1921,2000,0,B
50,2,3,23,0,1752,2000,0,B
50,2,4,18,0,1430,1999,1,C
50,2,5,22,0,941,2000,0,B
50,3,-6,25,8,2000,2000,0,A
50,3,-5,19,10,2000,2000,0,A
50,3,-4,27,8,2000,2000,0,A
50,3,-3,25,4,2000,2000,0,A
50,3,-2,22,2,2000,2000,0,A
50,3,-1,16,0,1995,2000,0,B
50,3,0,20,0,1970,2000,0,B
50,3,1,22,0,1916,2000,0,B
50,4,-3,24,0,1998,2000,0,B
51,-7,6,23,0,1620,2000,0,B
51,-7,7,19,0,1379,2000,0,B
51,-7,8,15,0,1002,1994,6,C
51,-6,2,23,0,1975,2000,0,B
51,-6,3,23,0,1968,2000,0,B
51,-6,4,24,0,1937,2000,0,B
51,-6,5,15,0,1880,2000,0,B
51,-6,6,18,0,1738,2000,0,B
51,-6,7,20,0,1510,2000,0,B
51,-6,8,21,0,1134,2000,0,B
51,-5,-2,25,0,1970,2000,0,B
51,-5,-1,36,0,1991,2000,0,B
51,-5,0,29,0,1996,2000,0,B
51,-5,1,21,0,1996,2000,0,B
51,-5,2,19,0,1999,2000,0,B
51,-5,3,24,0,1992,2000,0,B
51,-5,4,24,0,1978,2000,0,B
51,-5,5,21,0,1904,2000,0,B
51,-5,6,22,0,1809,2000,0,B
51,-5,7,28,0,1541,2000,0,B
51,-5,8,18,0,1103,2000,0,B
51,-5,9,16,0,655,1906,94,C
51,-4,-3,25,0,1983,2000,0,B
51,-4,-2,16,0,1996,2000,0,B
51,-4,-1,26,1,2000,2000,0,A
51,-4,0,24,3,2000,2000,0,A
51,-4,1,21,6,2000,2000,0,A
51,-4,2,12,0,1998,2000,0,B
51,-4,3,20,1,2000,2000,0,A
51,-4,4,20,0,1986,2000,0,B
51,-4,5,23,0,1942,2000,0,B
51,-4,6,25,0,1813,2000,0,B
51,-4,7,13,0,1401,2000,0,B
51,-4,8,25,0,1060,1999,1,C
51,-3,-3,13,0,1998,2000,0,B
51,-3,-2,20,7,2000,2000,0,A
51,-3,-1,13,10,2000,2000,0,A
51,-3,0,23,15,2000,2000,0,A
51,-3,1,20,14,2000,2000,0,A
51,-3,2,18,7,2000,2000,0,A
51,-3,3,22,1,2000,2000,0,A
51,-3,4,23,0,1982,2000,0,B
51,-3,5,15,0,1921,2000,0,B
51,-3,6,20,0,1749,2000,0,B
51,-3,7,23,0,1392,2000,0,B
51,-2,-3,19,7,2000,2000,0,A
51,-2,-2,20,17,2000,2000,0,A
51,-2,-1,20,18,2000,2000,0,A
51,-2,0,23,23,2000,2000,0,A
51,-2,1,35,25,2000,2000,0,A
51,-2,2,24,11,2000,2000,0,A
51,-2,3,20,0,1999,2000,0,B
51,-2,4,24,0,1983,2000,0,B
51,-2,5,17,0,1849,2000,0,B
51,-2,6,27,0,1624,2000,0,B
51,-2,7,22,0,1234,1999,1,C
51,-1,-4,17,8,2000,2000,0,A
51,-1,-3,21,17,2000,2000,0,A
51,-1,-2,24,22,2000,2000,0,A
51,-1,-1,14,12,2000,2000,0,A
51,-1,0,23,22,2000,2000,0,A
51,-1,1,22,11,2000,2000,0,A
51,-1,2,17,1,2000,2000,0,A
51,-1,3,25,0,1994,2000,0,B
51,-1,4,20,0,1952,2000,0,B
51,-1,5,22,0,1792,2000,0,B
51,-1,6,21,0,1454,2000,0,B
51,0,-4,22,18,2000,2000,0,A
51,0,-3,18,18,2000,2000,0,A
51,0,-2,16,16,2000,2000,0,A
51,0,-1,21,19,2000,2000,0,A
51,0,0,27,18,2000,2000,0,A
51,0,1,13,1,2000,2000,0,A
51,0,2,21,0,1997,2000,0,B
51,0,3,22,0,1966,2000,0,B
51,0,4,25,0,1867,2000,0,B
51,0,5,17,0,1632,2000,0,B
51,0,6,24,0,1143,2000,0,B
51,1,-5,13,8,2000,2000,0,A
51,1,-4,27,24,2000,2000,0,A
51,1,-3,22,19,2000,2000,0,A
51,1,-2,24,23,2000,2000,0,A
51,1,-1,20,19,2000,2000,0,A
51,1,0,18,3,2000,2000,0,A
51,1,1,21,0,1998,2000,0,B
51,1,2,27,0,1983,2000,0,B
51,1,3,17,0,1893,2000,0,B
51,1,4,18,0,1699,2000,0,B
51,1,5,19,0,1345,1999,1,C
51,2,-5,18,12,2000,2000,0,A
51,2,-4,23,16,2000,2000,0,A
51,2,-3,15,13,2000,2000,0,A
51,2,-2,21,14,2000,2000,0,A
51,2,-1,31,4,2000,2000,0,A
51,2,0,32,0,1998,2000,0,B
51,2,1,19,0,1982,2000,0,B
51,2,2,17,0,1915,2000,0,B
51,2,3,23,0,1751,2000,0,B
51,2,4,18,0,1418,2000,0,B
51,2,5,22,0,970,1997,3,C
51,3,-6,25,10,2000,2000,0,A
51,3,-5,19,10,2000,2000,0,A
51,3,-4,27,11,2000,2000,0,A
51,3,-3,25,10,2000,2000,0,A
51,3,-2,22,0,1999,2000,0,B
51,3,-1,16,0,1995,2000,0,B
51,3,0,20,0,1975,2000,0,B
51,3,1,22,0,1932,2000,0,B
51,4,-3,24,0,1997,2000,0,B
52,-7,6,23,0,1654,2000,0,B
52,-7,7,19,0,1379,2000,0,B
52,-7,8,15,0,984,1992,8,C
52,-6,2,23,0,1969,2000,0,B
52,-6,3,23,0,1972,2000,0,B
52,-6,4,24,0,1935,2000,0,B
52,-6,5,15,0,1868,2000,0,B
52,-6,6,18,0,1722,2000,0,B
52,-6,7,20,0,1504,2000,0,B
52,-6,8,21,0,1187,1999,1,C
52,-5,-2,25,0,1973,2000,0,B
52,-5,-1,36,0,1993,2000,0,B
52,-5,0,29,0,1998,2000,0,B
52,-5,1,21,0,1995,2000,0,B
52,-5,2,19,0,1998,2000,0,B
52,-5,3,24,0,1997,2000,0,B
52,-5,4,24,0,1979,2000,0,B
52,-5,5,21,0,1938,2000,0,B
52,-5,6,22,0,1780,2000,0,B
52,-5,7,28,0,1615,2000,0,B
52,-5,8,18,0,1102,1999,1,C
52,-5,9,16,0,663,1934,66,C
52,-4,-3,25,0,1986,2000,0,B
52,-4,-2,16,0,1998,2000,0,B
52,-4,-1,26,0,1999,2000,0,B
52,-4,0,24,4,2000,2000,0,A
52,-4,1,21,3,2000,2000,0,A
52,-4,2,12,3,2000,2000,0,A
52,-4,3,20,0,1998,2000,0,B
52,-4,4,20,0,1985,2000,0,B
52,-4,5,23,0,1946,2000,0,B
52,-4,6,25,0,1825,2000,0,B
52,-4,7,13,0,1377,2000,0,B
52,-4,8,25,0,1068,2000,0,B
52,-3,-3,13,0,1999,2000,0,B
52,-3,-2,20,10,2000,2000,0,A
52,-3,-1,13,6,2000,2000,0,A
52,-3,0,23,17,2000,2000,0,A
52,-3,1,20,11,2000,2000,0,A
52,-3,2,18,7,2000,2000,0,A
52,-3,3,22,0,1998,2000,0,B
52,-3,4,23,0,1987,2000,0,B
52,-3,5,15,0,1931,2000,0,B
52,-3,6,20,0,1741,2000,0,B
52,-3,7,23,0,1396,2000,0,B
52,-2,-3,19,9,2000,2000,0,A
52,-2,-2,20,15,2000,2000,0,A
52,-2,-1,20,20,2000,2000,0,A
52,-2,0,23,21,2000,2000,0,A
52,-2,1,35,30,2000,2000,0,A
52,-2,2,24,12,2000,2000,0,A
52,-2,3,20,0,1999,2000,0,B
52,-2,4,24,0,1978,2000,0,B
52,-2,5,17,0,1878,2000,0,B
52,-2,6,27,0,1632,2000,0,B
52,-2,7,22,0,1250,2000,0,B
52,-1,-4,17,9,2000,2000,0,A
52,-1,-3,21,17,2000,2000,0,A
52,-1,-2,24,23,2000,2000,0,A
52,-1,-1,14,14,2000,2000,0,A
52,-1,0,23,22,2000,2000,0,A
52,-1,1,22,15,2000,2000,0,A
52,-1,2,17,0,1999,2000,0,B
52,-1,3,25,0,1989,2000,0,B
52,-1,4,20,0,1947,2000,0,B
52,-1,5,22,0,1788,2000,0,B
52,-1,6,21,0,1481,2000,0,B
52,0,-4,22,13,2000,2000,0,A
52,0,-3,18,17,2000,2000,0,A
52,0,-2,16,15,2000,2000,0,A
52,0,-1,21,18,2000,2000,0,A
52,0,0,27,20,2000,2000,0,A
52,0,1,13,4,2000,2000,0,A
52,0,2,21,0,1997,2000,0,B
52,0,3,22,0,1961,2000,0,B
52,0,4,25,0,1879,2000,0,B
52,0,5,17,0,1622,2000,0,B
52,0,6,24,0,1160,2000,0,B
52,1,-5,13,10,2000,2000,0,A
52,1,-4,27,20,2000,2000,0,A
52,1,-3,22,19,2000,2000,0,A
52,1,-2,24,23,2000,2000,0,A
52,1,-1,20,16,2000,2000,0,A
52,1,0,18,3,2000,2000,0,A
52,1,1,21,0,1997,2000,0,B
52,1,2,27,0,1981,2000,0,B
52,1,3,17,0,1893,2000,0,B
52,1,4,18,0,1695,2000,0,B
52,1,5,19,0,1305,2000,0,B
52,2,-5,18,12,2000,2000,0,A
52,2,-4,23,21,2000,2000,0,A
52,2,-3,15,12,2000,2000,0,A
52,2,-2,21,14,2000,2000,0,A
52,2,-1,31,7,2000,2000,0,A
52,2,0,32,0,1998,2000,0,B
52,2,1,19,0,1985,2000,0,B
52,2,2,17,0,1921,2000,0,B
52,2,3,23,0,1751,2000,0,B
52,2,4,18,0,1435,2000,0,B
52,2,5,22,0,953,2000,0,B
52,3,-6,25,13,2000,2000,0,A
52,3,-5,19,10,2000,2000,0,A
52,3,-4,27,10,2000,2000,0,A
52,3,-3,25,5,2000,2000,0,A
52,3,-2,22,1,2000,2000,0,A
52,3,-1,16,0,1998,2000,0,B
52,3,0,20,0,1974,2000,0,B
52,3,1,22,0,1912,2000,0,B
52,4,-3,24,0,1996,2000,0,B
53,-7,6,23,0,1630,2000,0,B
53,-7,7,19,0,1393,2000,0,B
53,-7,8,15,0,972,1994,6,C
53,-6,2,23,0,1976,2000,0,B
53,-6,3,23,0,1965,2000,0,B
53,-6,4,24,0,1941,2000,0,B
53,-6,5,15,0,1872,2000,0,B
53,-6,6,18,0,1739,2000,0,B
53,-6,7,20,0,1512,2000,0,B
53,-6,8,21,0,1129,1999,1,C
53,-5,-2,25,0,1972,2000,0,B
53,-5,-1,36,0,1987,2000,0,B
53,-5,0,29,0,1997,2000,0,B
53,-5,1,21,0,1998,2000,0,B
53,-5,2,19,0,1997,2000,0,B
53,-5,3,24,0,1992,2000,0,B
53,-5,4,24,0,1978,2000,0,B
53,-5,5,21,0,1919,2000,0,B
53,-5,6,22,0,1793,2000,0,B
53,-5,7,28,0,1576,2000,0,B
53,-5,8,18,0,1095,1997,3,C
53,-5,9,16,0,674,1938,62,C
53,-4,-3,25,0,1982,2000,0,B
53,-4,-2,16,0,1997,2000,0,B
53,-4,-1,26,2,2000,2000,0,A
53,-4,0,24,3,2000,2000,0,A
53,-4,1,21,3,2000,2000,0,A
53,-4,2,12,3,2000,2000,0,A
53,-4,3,20,0,1996,2000,0,B
53,-4,4,20,0,1983,2000,0,B
53,-4,5,23,0,1935,2000,0,B
53,-4,6,25,0,1824,2000,0,B
53,-4,7,13,0,1389,2000,0,B
53,-4,8,25,0,1101,2000,0,B
53,-3,-3,13,0,1999,2000,0,B
53,-3,-2,20,4,2000,2000,0,A
53,-3,-1,13,8,2000,2000,0,A
53,-3,0,23,17,2000,2000,0,A
53,-3,1,20,14,2000,2000,0,A
53,-3,2,18,9,2000,2000,0,A
53,-3,3,22,0,1998,2000,0,B
53,-3,4,23,0,1984,2000,0,B
53,-3,5,15,0,1919,2000,0,B
53,-3,6,20,0,1744,2000,0,B
53,-3,7,23,0,1390,2000,0,B
53,-2,-3,19,5,2000,2000,0,A
53,-2,-2,20,18,2000,2000,0,A
53,-2,-1,20,20,2000,2000,0,A
53,-2,0,23,21,2000,2000,0,A
53,-2,1,35,29,2000,2000,0,A
53,-2,2,24,7,2000,2000,0,A
53,-2,3,20,0,1996,2000,0,B
53,-2,4,24,0,1976,2000,0,B
53,-2,5,17,0,1858,2000,0,B
53,-2,6,27,0,1652,2000,0,B
53,-2,7,22,0,1269,2000,0,B
53,-1,-4,17,5,2000,2000,0,A
53,-1,-3,21,13,2000,2000,0,A
53,-1,-2,24,23,2000,2000,0,A
53,-1,-1,14,11,2000,2000,0,A
53,-1,0,23,18,2000,2000,0,A
53,-1,1,22,14,2000,2000,0,A
53,-1,2,17,5,2000,2000,0,A
53,-1,3,25,0,1987,2000,0,B
53,-1,4,20,0,1948,2000,0,B
53,-1,5,22,0,1794,2000,0,B
53,-1,6,21,0,1467,2000,0,B
53,0,-4,22,20,2000,2000,0,A
53,0,-3,18,18,2000,2000,0,A
53,0,-2,16,13,2000,2000,0,A
53,0,-1,21,20,2000,2000,0,A
53,0,0,27,20,2000,2000,0,A
53,0,1,13,2,2000,2000,0,A
53,0,2,21,0,1996,2000,0,B
53,0,3,22,0,1963,2000,0,B
53,0,4,25,0,1879,2000,0,B
53,0,5,17,0,1624,2000,0,B
53,0,6,24,0,1138,2000,0,B
53,1,-5,13,11,2000,2000,0,A
53,1,-4,27,21,2000,2000,0,A
53,1,-3,22,21,2000,2000,0,A
53,1,-2,24,23,2000,2000,0,A
53,1,-1,20,15,2000,2000,0,A
53,1,0,18,4,2000,2000,0,A
53,1,1,21,0,1997,2000,0,B
53,1,2,27,0,1980,2000,0,B
53,1,3,17,0,1884,2000,0,B
53,1,4,18,0,1673,2000,0,B
53,1,5,19,0,1290,2000,0,B
53,2,-5,18,13,2000,2000,0,A
53,2,-4,23,16,2000,2000,0,A
53,2,-3,15,11,2000,2000,0,A
53,2,-2,21,13,2000,2000,0,A
53,2,-1,31,4,2000,2000,0,A
53,2,0,32,0,1999,2000,0,B
53,2,1,19,0,1986,2000,0,B
53,2,2,17,0,1920,2000,0,B
53,2,3,23,0,1758,2000,0,B
53,2,4,18,0,1437,2000,0,B
53,2,5,22,0,974,1999,1,C
53,3,-6,25,8,2000,2000,0,A
53,3,-5,19,10,2000,2000,0,A
53,3,-4,27,11,2000,2000,0,A
53,3,-3,25,4,2000,2000,0,A
53,3,-2,22,0,1999,2000,0,B
53,3,-1,16,0,1992,2000,0,B
53,3,0,20,0,1970,2000,0,B
53,3,1,22,0,1932,2000,0,B
53,4,-3,24,0,1996,2000,0,B
54,-7,6,23,0,1658,2000,0,B
54,-7,7,19,0,1412,2000,0,B
54,-7,8,15,0,996,1988,12,C
54,-6,2,23,0,1975,2000,0,B
54,-6,3,23,0,1970,2000,0,B
54,-6,4,24,0,1935,2000,0,B
54,-6,5,15,0,1890,2000,0,B
54,-6,6,18,0,1751,2000,0,B
54,-6,7,20,0,1497,2000,0,B
54,-6,8,21,0,1180,2000,0,B
54,-5,-2,25,0,1977,2000,0,B
54,-5,-1,36,0,1992,2000,0,B
54,-5,0,29,0,1995,2000,0,B
54,-5,1,21,0,1999,2000,0,B
54,-5,2,19,0,1995,2000,0,B
54,-5,3,24,0,1993,2000,0,B
54,-5,4,24,0,1970,2000,0,B
54,-5,5,21,0,1919,2000,0,B
54,-5,6,22,0,1821,2000,0,B
54,-5,7,28,0,1564,2000,0,B
54,-5,8,18,0,1112,2000,0,B
54,-5,9,16,0,658,1921,79,C
54,-4,-3,25,0,1984,2000,0,B
54,-4,-2,16,0,1998,2000,0,B
54,-4,-1,26,1,2000,2000,0,A
54,-4,0,24,2,2000,2000,0,A
54,-4,1,21,5,2000,2000,0,A
54,-4,2,12,1,2000,2000,0,A
54,-4,3,20,0,1997,2000,0,B
54,-4,4,20,0,1988,2000,0,B
54,-4,5,23,0,1941,2000,0,B
54,-4,6,25,0,1804,2000,0,B
54,-4,7,13,0,1409,2000,0,B
54,-4,8,25,0,1109,2000,0,B
54,-3,-3,13,0,1999,2000,0,B
54,-3,-2,20,9,2000,2000,0,A
54,-3,-1,13,5,2000,2000,0,A
54,-3,0,23,17,2000,2000,0,A
54,-3,1,20,16,2000,2000,0,A
54,-3,2,18,9,2000,2000,0,A
54,-3,3,22,0,1998,2000,0,B
54,-3,4,23,0,1984,2000,0,B
54,-3,5,15,0,1921,2000,0,B
54,-3,6,20,0,1749,2000,0,B
54,-3,7,23,0,1401,2000,0,B
54,-2,-3,19,6,2000,2000,0,A
54,-2,-2,20,18,2000,2000,0,A
54,-2,-1,20,19,2000,2000,0,A
54,-2,0,23,23,2000,2000,0,A
54,-2,1,35,25,2000,2000,0,A
54,-2,2,24,5,2000,2000,0,A
54,-2,3,20,0,1998,2000,0,B
54,-2,4,24,0,1982,2000,0,B
54,-2,5,17,0,1875,2000,0,B
54,-2,6,27,0,1651,2000,0,B
54,-2,7,22,0,1234,2000,0,B
54,-1,-4,17,3,2000,2000,0,A
54,-1,-3,21,17,2000,2000,0,A
54,-1,-2,24,19,2000,2000,0,A
54,-1,-1,14,12,2000,2000,0,A
54,-1,0,23,22,2000,2000,0,A
54,-1,1,22,17,2000,2000,0,A
54,-1,2,17,0,1999,2000,0,B
54,-1,3,25,0,1995,2000,0,B
54,-1,4,20,0,1947,2000,0,B
54,-1,5,22,0,1810,2000,0,B
54,-1,6,21,0,1457,2000,0,B
54,0,-4,22,19,2000,2000,0,A
54,0,-3,18,16,2000,2000,0,A
54,0,-2,16,14,2000,2000,0,A
54,0,-1,21,20,2000,2000,0,A
54,0,0,27,24,2000,2000,0,A
54,0,1,13,3,2000,2000,0,A
54,0,2,21,0,1995,2000,0,B
54,0,3,22,0,1969,2000,0,B
54,0,4,25,0,1877,2000,0,B
54,0,5,17,0,1623,2000,0,B
54,0,6,24,0,1112,2000,0,B
54,1,-5,13,10,2000,2000,0,A
54,1,-4,27,26,2000,2000,0,A
54,1,-3,22,21,2000,2000,0,A
54,1,-2,24,21,2000,2000,0,A
54,1,-1,20,14,2000,2000,0,A
54,1,0,18,3,2000,2000,0,A
54,1,1,21,0,1998,2000,0,B
54,1,2,27,0,1980,2000,0,B
54,1,3,17,0,1900,2000,0,B
54,1,4,18,0,1673,2000,0,B
54,1,5,19,0,1307,2000,0,B
54,2,-5,18,14,2000,2000,0,A
54,2,-4,23,15,2000,2000,0,A
54,2,-3,15,8,2000,2000,0,A
54,2,-2,21,14,2000,2000,0,A
54,2,-1,31,6,2000,2000,0,A
54,2,0,32,0,1996,2000,0,B
54,2,1,19,0,1985,2000,0,B
54,2,2,17,0,1927,2000,0,B
54,2,3,23,0,1776,2000,0,B
54,2,4,18,0,1415,2000,0,B
54,2,5,22,0,950,1996,4,C
54,3,-6,25,9,2000,2000,0,A
54,3,-5,19,6,2000,2000,0,A
54,3,-4,27,9,2000,2000,0,A
54,3,-3,25,12,2000,2000,0,A
54,3,-2,22,1,2000,2000,0,A
54,3,-1,16,0,1995,2000,0,B
54,3,0,20,0,1975,2000,0,B
54,3,1,22,0,1917,2000,0,B
54,4,-3,24,0,1997,2000,0,B
55,-7,6,23,0,1626,2000,0,B
55,-7,7,19,0,1419,2000,0,B
55,-7,8,15,0,1020,1988,12,C
55,-6,2,23,0,1976,2000,0,B
55,-6,3,23,0,1963,2000,0,B
55,-6,4,24,0,1930,2000,0,B
55,-6,5,15,0,1883,2000,0,B
55,-6,6,18,0,1731,2000,0,B
55,-6,7,20,0,1508,2000,0,B
55,-6,8,21,0,1181,1998,2,C
55,-5,-2,25,0,1976,2000,0,B
55,-5,-1,36,0,1992,2000,0,B
55,-5,0,29,0,1998,2000,0,B
55,-5,1,21,0,1997,2000,0,B
55,-5,2,19,0,1995,2000,0,B
55,-5,3,24,0,1992,2000,0,B
55,-5,4,24,0,1970,2000,0,B
55,-5,5,21,0,1918,2000,0,B
55,-5,6,22,0,1809,2000,0,B
55,-5,7,28,0,1604,2000,0,B
55,-5,8,18,0,1078,1999,1,C
55,-5,9,16,0,699,1925,75,C
55,-4,-3,25,0,1984,2000,0,B
55,-4,-2,16,0,1999,2000,0,B
55,-4,-1,26,1,2000,2000,0,A
55,-4,0,24,2,2000,2000,0,A
55,-4,1,21,1,2000,2000,0,A
55,-4,2,12,0,1999,2000,0,B
55,-4,3,20,0,1998,2000,0,B
55,-4,4,20,0,1986,2000,0,B
55,-4,5,23,0,1948,2000,0,B
55,-4,6,25,0,1809,2000,0,B
55,-4,7,13,0,1350,2000,0,B
55,-4,8,25,0,1076,2000,0,B
55,-3,-3,13,1,2000,2000,0,A
55,-3,-2,20,5,2000,2000,0,A
55,-3,-1,13,6,2000,2000,0,A
55,-3,0,23,16,2000,2000,0,A
55,-3,1,20,12,2000,2000,0,A
55,-3,2,18,7,2000,2000,0,A
55,-3,3,22,0,1999,2000,0,B
55,-3,4,23,0,1983,2000,0,B
55,-3,5,15,0,1932,2000,0,B
55,-3,6,20,0,1778,2000,0,B
55,-3,7,23,0,1373,2000,0,B
55,-2,-3,19,7,2000,2000,0,A
55,-2,-2,20,16,2000,2000,0,A
55,-2,-1,20,18,2000,2000,0,A
55,-2,0,23,18,2000,2000,0,A
55,-2,1,35,28,2000,2000,0,A
55,-2,2,24,7,2000,2000,0,A
55,-2,3,20,0,1998,2000,0,B
55,-2,4,24,0,1977,2000,0,B
55,-2,5,17,0,1859,2000,0,B
55,-2,6,27,0,1639,2000,0,B
55,-2,7,22,0,1235,2000,0,B
55,-1,-4,17,7,2000,2000,0,A
55,-1,-3,21,16,2000,2000,0,A
55,-1,-2,24,22,2000,2000,0,A
55,-1,-1,14,13,2000,2000,0,A
55,-1,0,23,21,2000,2000,0,A
55,-1,1,22,14,2000,2000,0,A
55,-1,2,17,2,2000,2000,0,A
55,-1,3,25,0,1993,2000,0,B
55,-1,4,20,0,1951,2000,0,B
55,-1,5,22,0,1802,2000,0,B
55,-1,6,21,0,1488,2000,0,B
55,0,-4,22,16,2000,2000,0,A
55,0,-3,18,17,2000,2000,0,A
55,0,-2,16,14,2000,2000,0,A
55,0,-1,21,21,2000,2000,0,A
55,0,0,27,21,2000,2000,0,A
55,0,1,13,0,1999,2000,0,B
55,0,2,21,0,1996,2000,0,B
55,0,3,22,0,1975,2000,0,B
55,0,4,25,0,1880,2000,0,B
55,0,5,17,0,1643,2000,0,B
55,0,6,24,0,1174,1999,1,C
55,1,-5,13,9,2000,2000,0,A
55,1,-4,27,23,2000,2000,0,A
55,1,-3,22,22,2000,2000,0,A
55,1,-2,24,21,2000,2000,0,A
55,1,-1,20,16,2000,2000,0,A
55,1,0,18,6,2000,2000,0,A
55,1,1,21,0,1997,2000,0,B
55,1,2,27,0,1979,2000,0,B
55,1,3,17,0,1904,2000,0,B
55,1,4,18,0,1694,2000,0,B
55,1,5,19,0,1318,2000,0,B
55,2,-5,18,16,2000,2000,0,A
55,2,-4,23,15,2000,2000,0,A
55,2,-3,15,9,2000,2000,0,A
55,2,-2,21,13,2000,2000,0,A
55,2,-1,31,3,2000,2000,0,A
55,2,0,32,0,1995,2000,0,B
55,2,1,19,0,1979,2000,0,B
55,2,2,17,0,1926,2000,0,B
55,2,3,23,0,1765,2000,0,B
55,2,4,18,0,1446,2000,0,B
55,2,5,22,0,929,1995,5,C
55,3,-6,25,9,2000,2000,0,A
55,3,-5,19,10,2000,2000,0,A
55,3,-4,27,9,2000,2000,0,A
55,3,-3,25,10,2000,2000,0,A
55,3,-2,22,0,1999,2000,0,B
55,3,-1,16,0,1999,2000,0,B
55,3,0,20,0,1974,2000,0,B
55,3,1,22,0,1918,2000,0,B
55,4,-3,24,0,1997,2000,0,B
56,-7,6,23,0,1638,2000,0,B
56,-7,7,19,0,1417,2000,0,B
56,-7,8,15,0,1004,1991,9,C
56,-6,2,23,0,1974,2000,0,B
56,-6,3,23,0,1972,2000,0,B
56,-6,4,24,0,1938,2000,0,B
56,-6,5,15,0,1892,2000,0,B
56,-6,6,18,0,1748,2000,0,B
56,-6,7,20,0,1509,2000,0,B
56,-6,8,21,0,1158,1999,1,C
56,-5,-2,25,0,1975,2000,0,B
56,-5,-1,36,0,1990,2000,0,B
56,-5,0,29,0,1993,2000,0,B
56,-5,1,21,0,1997,2000,0,B
56,-5,2,19,0,1996,2000,0,B
56,-5,3,24,0,1992,2000,0,B
56,-5,4,24,0,1975,2000,0,B
56,-5,5,21,0,1913,2000,0,B
56,-5,6,22,0,1800,2000,0,B
56,-5,7,28,0,1561,2000,0,B
56,-5,8,18,0,1078,1999,1,C
56,-5,9,16,0,692,1922,78,C
56,-4,-3,25,0,1991,2000,0,B
56,-4,-2,16,0,1996,2000,0,B
56,-4,-1,26,0,1999,2000,0,B
56,-4,0,24,3,2000,2000,0,A
56,-4,1,21,3,2000,2000,0,A
56,-4,2,12,0,1998,2000,0,B
56,-4,3,20,0,1997,2000,0,B
56,-4,4,20,0,1984,2000,0,B
56,-4,5,23,0,1937,2000,0,B
56,-4,6,25,0,1793,2000,0,B
56,-4,7,13,0,1376,2000,0,B
56,-4,8,25,0,1109,2000,0,B
56,-3,-3,13,0,1999,2000,0,B
56,-3,-2,20,4,2000,2000,0,A
56,-3,-1,13,8,2000,2000,0,A
56,-3,0,23,14,2000,2000,0,A
56,-3,1,20,12,2000,2000,0,A
56,-3,2,18,6,2000,2000,0,A
56,-3,3,22,0,1999,2000,0,B
56,-3,4,23,0,1989,2000,0,B
56,-3,5,15,0,1931,2000,0,B
56,-3,6,20,0,1779,2000,0,B
56,-3,7,23,0,1377,2000,0,B
56,-2,-3,19,7,2000,2000,0,A
56,-2,-2,20,18,2000,2000,0,A
56,-2,-1,20,16,2000,2000,0,A
56,-2,0,23,21,2000,2000,0,A
56,-2,1,35,29,2000,2000,0,A
56,-2,2,24,3,2000,2000,0,A
56,-2,3,20,0,1998,2000,0,B
56,-2,4,24,0,1978,2000,0,B
56,-2,5,17,0,1854,2000,0,B
56,-2,6,27,0,1624,2000,0,B
56,-2,7,22,0,1267,2000,0,B
56,-1,-4,17,8,2000,2000,0,A
56,-1,-3,21,17,2000,2000,0,A
56,-1,-2,24,22,2000,2000,0,A
56,-1,-1,14,13,2000,2000,0,A
56,-1,0,23,20,2000,2000,0,A
56,-1,1,22,12,2000,2000,0,A
56,-1,2,17,3,2000,2000,0,A
56,-1,3,25,0,1995,2000,0,B
56,-1,4,20,0,1966,2000,0,B
56,-1,5,22,0,1803,2000,0,B
56,-1,6,21,0,1446,2000,0,B
56,0,-4,22,18,2000,2000,0,A
56,0,-3,18,17,2000,2000,0,A
56,0,-2,16,16,2000,2000,0,A
56,0,-1,21,17,2000,2000,0,A
56,0,0,27,20,2000,2000,0,A
56,0,1,13,4,2000,2000,0,A
56,0,2,21,0,1998,2000,0,B
56,0,3,22,0,1970,2000,0,B
56,0,4,25,0,1867,2000,0,B
56,0,5,17,0,1633,2000,0,B
56,0,6,24,0,1148,2000,0,B
56,1,-5,13,10,2000,2000,0,A
56,1,-4,27,22,2000,2000,0,A
56,1,-3,22,18,2000,2000,0,A
56,1,-2,24,22,2000,2000,0,A
56,1,-1,20,13,2000,2000,0,A
56,1,0,18,3,2000,2000,0,A
56,1,1,21,0,1997,2000,0,B
56,1,2,27,0,1977,2000,0,B
56,1,3,17,0,1886,2000,0,B
56,1,4,18,0,1680,2000,0,B
56,1,5,19,0,1290,2000,0,B
56,2,-5,18,11,2000,2000,0,A
56,2,-4,23,17,2000,2000,0,A
56,2,-3,15,8,2000,2000,0,A
56,2,-2,21,10,2000,2000,0,A
56,2,-1,31,6,2000,2000,0,A
56,2,0,32,0,1997,2000,0,B
56,2,1,19,0,1986,2000,0,B
56,2,2,17,0,1905,2000,0,B
56,2,3,23,0,1758,2000,0,B
56,2,4,18,0,1401,2000,0,B
56,2,5,22,0,933,1997,3,C
56,3,-6,25,4,2000,2000,0,A
56,3,-5,19,5,2000,2000,0,A
56,3,-4,27,8,2000,2000,0,A
56,3,-3,25,6,2000,2000,0,A
56,3,-2,22,1,2000,2000,0,A
56,3,-1,16,0,1997,2000,0,B
56,3,0,20,0,1976,2000,0,B
56,3,1,22,0,1925,2000,0,B
56,4,-3,24,0,1997,2000,0,B
57,-7,6,23,0,1650,2000,0,B
57,-7,7,19,0,1387,2000,0,B
57,-7,8,15,0,1003,1990,10,C
57,-6,2,23,0,1978,2000,0,B
57,-6,3,23,0,1966,2000,0,B
57,-6,4,24,0,1937,2000,0,B
57,-6,5,15,0,1882,2000,0,B
57,-6,6,18,0,1746,2000,0,B
57,-6,7,20,0,1532,2000,0,B
57,-6,8,21,0,1174,2000,0,B
57,-5,-2,25,0,1975,2000,0,B
57,-5,-1,36,0,1991,2000,0,B
57,-5,0,29,0,1995,2000,0,B
57,-5,1,21,0,1996,2000,0,B
57,-5,2,19,0,1992,2000,0,B
57,-5,3,24,0,1991,2000,0,B
57,-5,4,24,0,1979,2000,0,B
57,-5,5,21,0,1931,2000,0,B
57,-5,6,22,0,1800,2000,0,B
57,-5,7,28,0,1580,2000,0,B
57,-5,8,18,0,1092,2000,0,B
57,-5,9,16,0,664,1924,76,C
57,-4,-3,25,0,1988,2000,0,B
57,-4,-2,16,0,1999,2000,0,B
57,-4,-1,26,1,2000,2000,0,A
57,-4,0,24,2,2000,2000,0,A
57,-4,1,21,3,2000,2000,0,A
57,-4,2,12,0,1999,2000,0,B
57,-4,3,20,0,1999,2000,0,B
57,-4,4,20,0,1984,2000,0,B
57,-4,5,23,0,1936,2000,0,B
57,-4,6,25,0,1822,2000,0,B
57,-4,7,13,0,1400,2000,0,B
57,-4,8,25,0,1074,2000,0,B
57,-3,-3,13,0,1999,2000,0,B
57,-3,-2,20,6,2000,2000,0,A
57,-3,-1,13,9,2000,2000,0,A
57,-3,0,23,13,2000,2000,0,A
57,-3,1,20,15,2000,2000,0,A
57,-3,2,18,9,2000,2000,0,A
57,-3,3,22,1,2000,2000,0,A
57,-3,4,23,0,1987,2000,0,B
57,-3,5,15,0,1919,2000,0,B
57,-3,6,20,0,1768,2000,0,B
57,-3,7,23,0,1372,2000,0,B
57,-2,-3,19,4,2000,2000,0,A
57,-2,-2,20,15,2000,2000,0,A
57,-2,-1,20,20,2000,2000,0,A
57,-2,0,23,21,2000,2000,0,A
57,-2,1,35,28,2000,2000,0,A
57,-2,2,24,13,2000,2000,0,A
57,-2,3,20,0,1997,2000,0,B
57,-2,4,24,0,1978,2000,0,B
57,-2,5,17,0,1855,2000,0,B
57,-2,6,27,0,1653,2000,0,B
57,-2,7,22,0,1250,2000,0,B
57,-1,-4,17,9,2000,2000,0,A
57,-1,-3,21,17,2000,2000,0,A
57,-1,-2,24,22,2000,2000,0,A
57,-1,-1,14,14,2000,2000,0,A
57,-1,0,23,21,2000,2000,0,A
57,-1,1,22,14,2000,2000,0,A
57,-1,2,17,2,2000,2000,0,A
57,-1,3,25,0,1995,2000,0,B
57,-1,4,20,0,1958,2000,0,B
57,-1,5,22,0,1783,2000,0,B
57,-1,6,21,0,1457,2000,0,B
57,0,-4,22,16,2000,2000,0,A
57,0,-3,18,17,2000,2000,0,A
57,0,-2,16,15,2000,2000,0,A
57,0,-1,21,19,2000,2000,0,A
57,0,0,27,22,2000,2000,0,A
57,0,1,13,2,2000,2000,0,A
57,0,2,21,0,1993,2000,0,B
57,0,3,22,0,1970,2000,0,B
57,0,4,25,0,1868,2000,0,B
57,0,5,17,0,1627,2000,0,B
57,0,6,24,0,1117,2000,0,B
57,1,-5,13,9,2000,2000,0,A
57,1,-4,27,23,2000,2000,0,A
57,1,-3,22,21,2000,2000,0,A
57,1,-2,24,19,2000,2000,0,A
57,1,-1,20,15,2000,2000,0,A
57,1,0,18,6,2000,2000,0,A
57,1,1,21,0,1999,2000,0,B
57,1,2,27,0,1978,2000,0,B
57,1,3,17,0,1902,2000,0,B
57,1,4,18,0,1703,2000,0,B
57,1,5,19,0,1282,1999,1,C
57,2,-5,18,12,2000,2000,0,A
57,2,-4,23,15,2000,2000,0,A
57,2,-3,15,15,2000,2000,0,A
57,2,-2,21,10,2000,2000,0,A
57,2,-1,31,5,2000,2000,0,A
57,2,0,32,0,1999,2000,0,B
57,2,1,19,0,1986,2000,0,B
57,2,2,17,0,1920,2000,0,B
57,2,3,23,0,1744,2000,0,B
57,2,4,18,0,1418,2000,0,B
57,2,5,22,0,936,1997,3,C
57,3,-6,25,5,2000,2000,0,A
57,3,-5,19,7,2000,2000,0,A
57,3,-4,27,7,2000,2000,0,A
57,3,-3,25,11,2000,2000,0,A
57,3,-2,22,1,2000,2000,0,A
57,3,-1,16,0,1994,2000,0,B
57,3,0,20,0,1983,2000,0,B
57,3,1,22,0,1927,2000,0,B
57,4,-3,24,0,1998,2000,0,B
58,-7,6,23,0,1627,2000,0,B
58,-7,7,19,0,1413,2000,0,B
58,-7,8,15,0,1022,1996,4,C
58,-6,2,23,0,1976,2000,0,B
58,-6,3,23,0,1965,2000,0,B
58,-6,4,24,0,1951,2000,0,B
58,-6,5,15,0,1867,2000,0,B
58,-6,6,18,0,1758,2000,0,B
58,-6,7,20,0,1499,2000,0,B
58,-6,8,21,0,1141,2000,0,B
58,-5,-2,25,0,1982,2000,0,B
58,-5,-1,36,0,1993,2000,0,B
58,-5,0,29,0,1997,2000,0,B
58,-5,1,21,0,1998,2000,0,B
58,-5,2,19,0,1998,2000,0,B
58,-5,3,24,0,1993,2000,0,B
58,-5,4,24,0,1975,2000,0,B
58,-5,5,21,0,1907,2000,0,B
58,-5,6,22,0,1801,2000,0,B
58,-5,7,28,0,1606,2000,0,B
58,-5,8,18,0,1100,1999,1,C
58,-5,9,16,0,672,1915,85,C
58,-4,-3,25,0,1986,2000,0,B
58,-4,-2,16,0,1997,2000,0,B
58,-4,-1,26,3,2000,2000,0,A
58,-4,0,24,5,2000,2000,0,A
58,-4,1,21,3,2000,2000,0,A
58,-4,2,12,0,1999,2000,0,B
58,-4,3,20,0,1997,2000,0,B
58,-4,4,20,0,1988,2000,0,B
58,-4,5,23,0,1942,2000,0,B
58,-4,6,25,0,1802,2000,0,B
58,-4,7,13,0,1371,2000,0,B
58,-4,8,25,0,1076,2000,0,B
58,-3,-3,13,0,1999,2000,0,B
58,-3,-2,20,2,2000,2000,0,A
58,-3,-1,13,7,2000,2000,0,A
58,-3,0,23,14,2000,2000,0,A
58,-3,1,20,11,2000,2000,0,A
58,-3,2,18,5,2000,2000,0,A
58,-3,3,22,0,1998,2000,0,B
58,-3,4,23,0,1982,2000,0,B
58,-3,5,15,0,1932,2000,0,B
58,-3,6,20,0,1773,2000,0,B
58,-3,7,23,0,1376,2000,0,B
58,-2,-3,19,7,2000,2000,0,A
58,-2,-2,20,17,2000,2000,0,A
58,-2,-1,20,18,2000,2000,0,A
58,-2,0,23,21,2000,2000,0,A
58,-2,1,35,27,2000,2000,0,A
58,-2,2,24,8,2000,2000,0,A
58,-2,3,20,0,1997,2000,0,B
58,-2,4,24,0,1975,2000,0,B
58,-2,5,17,0,1856,2000,0,B
58,-2,6,27,0,1657,2000,0,B
58,-2,7,22,0,1229,2000,0,B
58,-1,-4,17,8,2000,2000,0,A
58,-1,-3,21,15,2000,2000,0,A
58,-1,-2,24,22,2000,2000,0,A
58,-1,-1,14,12,2000,2000,0,A
58,-1,0,23,23,2000,2000,0,A
58,-1,1,22,15,2000,2000,0,A
58,-1,2,17,2,2000,2000,0,A
58,-1,3,25,0,1994,2000,0,B
58,-1,4,20,0,1950,2000,0,B
58,-1,5,22,0,1793,2000,0,B
58,-1,6,21,0,1439,2000,0,B
58,0,-4,22,16,2000,2000,0,A
58,0,-3,18,17,2000,2000,0,A
58,0,-2,16,16,2000,2000,0,A
58,0,-1,21,21,2000,2000,0,A
58,0,0,27,19,2000,2000,0,A
58,0,1,13,0,1999,2000,0,B
58,0,2,21,0,1996,2000,0,B
58,0,3,22,0,1968,2000,0,B
58,0,4,25,0,1869,2000,0,B
58,0,5,17,0,1643,2000,0,B
58,0,6,24,0,1138,2000,0,B
58,1,-5,13,8,2000,2000,0,A
58,1,-4,27,20,2000,2000,0,A
58,1,-3,22,22,2000,2000,0,A
58,1,-2,24,23,2000,2000,0,A
58,1,-1,20,16,2000,2000,0,A
58,1,0,18,6,2000,2000,0,A
58,1,1,21,0,1997,2000,0,B
58,1,2,27,0,1981,2000,0,B
58,1,3,17,0,1910,2000,0,B
58,1,4,18,0,1701,2000,0,B
58,1,5,19,0,1327,2000,0,B
58,2,-5,18,17,2000,2000,0,A
58,2,-4,23,21,2000,2000,0,A
58,2,-3,15,13,2000,2000,0,A
58,2,-2,21,10,2000,2000,0,A
58,2,-1,31,4,2000,2000,0,A
58,2,0,32,0,1996,2000,0,B
58,2,1,19,0,1982,2000,0,B
58,2,2,17,0,1925,2000,0,B
58,2,3,23,0,1763,2000,0,B
58,2,4,18,0,1429,2000,0,B
58,2,5,22,0,959,1998,2,C
58,3,-6,25,12,2000,2000,0,A
58,3,-5,19,8,2000,2000,0,A
58,3,-4,27,10,2000,2000,0,A
58,3,-3,25,10,2000,2000,0,A
58,3,-2,22,1,2000,2000,0,A
58,3,-1,16,0,1994,2000,0,B
58,3,0,20,0,1973,2000,0,B
58,3,1,22,0,1925,2000,0,B
58,4,-3,24,0,1996,2000,0,B
59,-7,6,23,0,1660,2000,0,B
59,-7,7,19,0,1402,2000,0,B
59,-7,8,15,0,1004,1995,5,C
59,-6,2,23,0,1978,2000,0,B
59,-6,3,23,0,1966,2000,0,B
59,-6,4,24,0,1937,2000,0,B
59,-6,5,15,0,1866,2000,0,B
59,-6,6,18,0,1774,2000,0,B
59,-6,7,20,0,1507,2000,0,B
59,-6,8,21,0,1179,1999,1,C
59,-5,-2,25,0,1981,2000,0,B
59,-5,-1,36,0,1993,2000,0,B
59,-5,0,29,0,1996,2000,0,B
59,-5,1,21,0,1999,2000,0,B
59,-5,2,19,0,1997,2000,0,B
59,-5,3,24,0,1991,2000,0,B
59,-5,4,24,0,1974,2000,0,B
59,-5,5,21,0,1923,2000,0,B
59,-5,6,22,0,1801,2000,0,B
59,-5,7,28,0,1572,2000,0,B
59,-5,8,18,0,1086,2000,0,B
59,-5,9,16,0,641,1915,85,C
59,-4,-3,25,0,1989,2000,0,B
59,-4,-2,16,0,1996,2000,0,B
59,-4,-1,26,1,2000,2000,0,A
59,-4,0,24,6,2000,2000,0,A
59,-4,1,21,2,2000,2000,0,A
59,-4,2,12,1,2000,2000,0,A
59,-4,3,20,0,1999,2000,0,B
59,-4,4,20,0,1984,2000,0,B
59,-4,5,23,0,1938,2000,0,B
59,-4,6,25,0,1836,2000,0,B
59,-4,7,13,0,1395,2000,0,B
59,-4,8,25,0,1071,2000,0,B
59,-3,-3,13,1,2000,2000,0,A
59,-3,-2,20,3,2000,2000,0,A
59,-3,-1,13,8,2000,2000,0,A
59,-3,0,23,16,2000,2000,0,A
59,-3,1,20,13,2000,2000,0,A
59,-3,2,18,10,2000,2000,0,A
59,-3,3,22,0,1998,2000,0,B
59,-3,4,23,0,1984,2000,0,B
59,-3,5,15,0,1932,2000,0,B
59,-3,6,20,0,1772,2000,0,B
59,-3,7,23,0,1375,2000,0,B
59,-2,-3,19,6,2000,2000,0,A
59,-2,-2,20,15,2000,2000,0,A
59,-2,-1,20,16,2000,2000,0,A
59,-2,0,23,20,2000,2000,0,A
59,-2,1,35,26,2000,2000,0,A
59,-2,2,24,8,2000,2000,0,A
59,-2,3,20,0,1999,2000,0,B
59,-2,4,24,0,1979,2000,0,B
59,-2,5,17,0,1852,2000,0,B
59,-2,6,27,0,1655,2000,0,B
59,-2,7,22,0,1230,2000,0,B
59,-1,-4,17,7,2000,2000,0,A
59,-1,-3,21,16,2000,2000,0,A
59,-1,-2,24,22,2000,2000,0,A
59,-1,-1,14,12,2000,2000,0,A
59,-1,0,23,22,2000,2000,0,A
59,-1,1,22,16,2000,2000,0,A
59,-1,2,17,3,2000,2000,0,A
59,-1,3,25,0,1991,2000,0,B
59,-1,4,20,0,1943,2000,0,B
59,-1,5,22,0,1829,2000,0,B
59,-1,6,21,0,1468,2000,0,B
59,0,-4,22,19,2000,2000,0,A
59,0,-3,18,16,2000,2000,0,A
59,0,-2,16,16,2000,2000,0,A
59,0,-1,21,21,2000,2000,0,A
59,0,0,27,19,2000,2000,0,A
59,0,1,13,3,2000,2000,0,A
59,0,2,21,0,1995,2000,0,B
59,0,3,22,0,1968,2000,0,B
59,0,4,25,0,1881,2000,0,B
59,0,5,17,0,1622,2000,0,B
59,0,6,24,0,1146,2000,0,B
59,1,-5,13,6,2000,2000,0,A
59,1,-4,27,24,2000,2000,0,A
59,1,-3,22,22,2000,2000,0,A
59,1,-2,24,20,2000,2000,0,A
59,1,-1,20,14,2000,2000,0,A
59,1,0,18,9,2000,2000,0,A
59,1,1,21,0,1997,2000,0,B
59,1,2,27,0,1978,2000,0,B
59,1,3,17,0,1893,2000,0,B
59,1,4,18,0,1660,2000,0,B
59,1,5,19,0,1266,1999,1,C
59,2,-5,18,12,2000,2000,0,A
59,2,-4,23,18,2000,2000,0,A
59,2,-3,15,13,2000,2000,0,A
59,2,-2,21,11,2000,2000,0,A
59,2,-1,31,3,2000,2000,0,A
59,2,0,32,0,1997,2000,0,B
59,2,1,19,0,1985,2000,0,B
59,2,2,17,0,1919,2000,0,B
59,2,3,23,0,1734,2000,0,B
59,2,4,18,0,1433,2000,0,B
59,2,5,22,0,930,1997,3,C
59,3,-6,25,8,2000,2000,0,A
59,3,-5,19,10,2000,2000,0,A
59,3,-4,27,10,2000,2000,0,A
59,3,-3,25,5,2000,2000,0,A
59,3,-2,22,1,2000,2000,0,A
59,3,-1,16,0,1995,2000,0,B
59,3,0,20,0,1975,2000,0,B
59,3,1,22,0,1922,2000,0,B
59,4,-3,24,0,1999,2000,0,B
60,-7,6,23,0,1626,2000,0,B
60,-7,7,19,0,1407,2000,0,B
60,-7,8,15,0,1008,1991,9,C
60,-6,2,23,0,1973,2000,0,B
60,-6,3,23,0,1969,2000,0,B
60,-6,4,24,0,1944,2000,0,B
60,-6,5,15,0,1871,2000,0,B
60,-6,6,18,0,1749,2000,0,B
60,-6,7,20,0,1486,2000,0,B
60,-6,8,21,0,1194,2000,0,B
60,-5,-2,25,0,1973,2000,0,B
60,-5,-1,36,0,1990,2000,0,B
60,-5,0,29,0,1997,2000,0,B
60,-5,1,21,0,1996,2000,0,B
60,-5,2,19,0,1995,2000,0,B
60,-5,3,24,0,1993,2000,0,B
60,-5,4,24,0,1973,2000,0,B
60,-5,5,21,0,1915,2000,0,B
60,-5,6,22,0,1799,2000,0,B
60,-5,7,28,0,1597,2000,0,B
60,-5,8,18,0,1089,2000,0,B
60,-5,9,16,0,683,1913,87,C
60,-4,-3,25,0,1984,2000,0,B
60,-4,-2,16,0,1996,2000,0,B
60,-4,-1,26,0,1999,2000,0,B
60,-4,0,24,4,2000,2000,0,A
60,-4,1,21,2,2000,2000,0,A
60,-4,2,12,1,2000,2000,0,A
60,-4,3,20,0,1998,2000,0,B
60,-4,4,20,0,1988,2000,0,B
60,-4,5,23,0,1955,2000,0,B
60,-4,6,25,0,1804,2000,0,B
60,-4,7,13,0,1409,2000,0,B
60,-4,8,25,0,1062,1999,1,C
60,-3,-3,13,0,1999,2000,0,B
60,-3,-2,20,5,2000,2000,0,A
60,-3,-1,13,9,2000,2000,0,A
60,-3,0,23,16,2000,2000,0,A
60,-3,1,20,13,2000,2000,0,A
60,-3,2,18,7,2000,2000,0,A
60,-3,3,22,0,1997,2000,0,B
60,-3,4,23,0,1992,2000,0,B
60,-3,5,15,0,1930,2000,0,B
60,-3,6,20,0,1761,2000,0,B
60,-3,7,23,0,1384,2000,0,B
60,-2,-3,19,8,2000,2000,0,A
60,-2,-2,20,14,2000,2000,0,A
60,-2,-1,20,18,2000,2000,0,A
60,-2,0,23,14,2000,2000,0,A
60,-2,1,35,25,2000,2000,0,A
60,-2,2,24,6,2000,2000,0,A
60,-2,3,20,0,1998,2000,0,B
60,-2,4,24,0,1976,2000,0,B
60,-2,5,17,0,1858,2000,0,B
60,-2,6,27,0,1651,2000,0,B
60,-2,7,22,0,1247,2000,0,B
60,-1,-4,17,4,2000,2000,0,A
60,-1,-3,21,18,2000,2000,0,A
60,-1,-2,24,24,2000,2000,0,A
60,-1,-1,14,12,2000,2000,0,A
60,-1,0,23,21,2000,2000,0,A
60,-1,1,22,11,2000,2000,0,A
60,-1,2,17,3,2000,2000,0,A
60,-1,3,25,0,1993,2000,0,B
60,-1,4,20,0,1946,2000,0,B
60,-1,5,22,0,1803,2000,0,B
60,-1,6,21,0,1461,2000,0,B
60,0,-4,22,13,2000,2000,0,A
60,0,-3,18,18,2000,2000,0,A
60,0,-2,16,14,2000,2000,0,A
60,0,-1,21,21,2000,2000,0,A
60,0,0,27,21,2000,2000,0,A
60,0,1,13,1,2000,2000,0,A
60,0,2,21,0,1998,2000,0,B
60,0,3,22,0,1970,2000,0,B
60,0,4,25,0,1856,2000,0,B
60,0,5,17,0,1646,2000,0,B
60,0,6,24,0,1102,2000,0,B
60,1,-5,13,9,2000,2000,0,A
60,1,-4,27,24,2000,2000,0,A
60,1,-3,22,21,2000,2000,0,A
60,1,-2,24,23,2000,2000,0,A
60,1,-1,20,13,2000,2000,0,A
60,1,0,18,4,2000,2000,0,A
60,1,1,21,0,1998,2000,0,B
60,1,2,27,0,1979,2000,0,B
60,1,3,17,0,1893,2000,0,B
60,1,4,18,0,1680,2000,0,B
60,1,5,19,0,1315,2000,0,B
60,2,-5,18,13,2000,2000,0,A
60,2,-4,23,15,2000,2000,0,A
60,2,-3,15,9,2000,2000,0,A
60,2,-2,21,10,2000,2000,0,A
60,2,-1,31,5,2000,2000,0,A
60,2,0,32,0,1998,2000,0,B
60,2,1,19,0,1982,2000,0,B
60,2,2,17,0,1922,2000,0,B
60,2,3,23,0,1772,2000,0,B
60,2,4,18,0,1392,2000,0,B
60,2,5,22,0,950,1997,3,C
60,3,-6,25,9,2000,2000,0,A
60,3,-5,19,6,2000,2000,0,A
60,3,-4,27,14,2000,2000,0,A
60,3,-3,25,7,2000,2000,0,A
60,3,-2,22,1,2000,2000,0,A
60,3,-1,16,0,1994,2000,0,B
60,3,0,20,0,1975,2000,0,B
60,3,1,22,0,1912,2000,0,B
60,4,-3,24,0,1996,2000,0,B
61,-7,6,23,0,1639,2000,0,B
61,-7,7,19,0,1402,2000,0,B
61,-7,8,15,0,1024,1991,9,C
61,-6,2,23,0,1986,2000,0,B
61,-6,3,23,0,1967,2000,0,B
61,-6,4,24,0,1946,2000,0,B
61,-6,5,15,0,1886,2000,0,B
61,-6,6,18,0,1744,2000,0,B
61,-6,7,20,0,1501,2000,0,B
61,-6,8,21,0,1171,2000,0,B
61,-5,-2,25,0,1972,2000,0,B
61,-5,-1,36,0,1991,2000,0,B
61,-5,0,29,0,1995,2000,0,B
61,-5,1,21,0,1997,2000,0,B
61,-5,2,19,0,1994,2000,0,B
61,-5,3,24,0,1990,2000,0,B
61,-5,4,24,0,1974,2000,0,B
61,-5,5,21,0,1909,2000,0,B
61,-5,6,22,0,1805,2000,0,B
61,-5,7,28,0,1615,2000,0,B
61,-5,8,18,0,1087,2000,0,B
61,-5,9,16,0,681,1930,70,C
61,-4,-3,25,0,1993,2000,0,B
61,-4,-2,16,0,1997,2000,0,B
61,-4,-1,26,0,1999,2000,0,B
61,-4,0,24,3,2000,2000,0,A
61,-4,1,21,3,2000,2000,0,A
61,-4,2,12,0,1999,2000,0,B
61,-4,3,20,0,1998,2000,0,B
61,-4,4,20,0,1991,2000,0,B
61,-4,5,23,0,1937,2000,0,B
61,-4,6,25,0,1841,2000,0,B
61,-4,7,13,0,1392,2000,0,B
61,-4,8,25,0,1082,2000,0,B
61,-3,-3,13,0,1999,2000,0,B
61,-3,-2,20,7,2000,2000,0,A
61,-3,-1,13,9,2000,2000,0,A
61,-3,0,23,11,2000,2000,0,A
61,-3,1,20,13,2000,2000,0,A
61,-3,2,18,5,2000,2000,0,A
61,-3,3,22,1,2000,2000,0,A
61,-3,4,23,0,1992,2000,0,B
61,-3,5,15,0,1939,2000,0,B
61,-3,6,20,0,1755,2000,0,B
61,-3,7,23,0,1391,2000,0,B
61,-2,-3,19,9,2000,2000,0,A
61,-2,-2,20,19,2000,2000,0,A
61,-2,-1,20,20,2000,2000,0,A
61,-2,0,23,19,2000,2000,0,A
61,-2,1,35,29,2000,2000,0,A
61,-2,2,24,8,2000,2000,0,A
61,-2,3,20,0,1996,2000,0,B
61,-2,4,24,0,1977,2000,0,B
61,-2,5,17,0,1848,2000,0,B
61,-2,6,27,0,1667,2000,0,B
61,-2,7,22,0,1250,2000,0,B
61,-1,-4,17,9,2000,2000,0,A
61,-1,-3,21,16,2000,2000,0,A
61,-1,-2,24,23,2000,2000,0,A
61,-1,-1,14,13,2000,2000,0,A
61,-1,0,23,21,2000,2000,0,A
61,-1,1,22,11,2000,2000,0,A
61,-1,2,17,2,2000,2000,0,A
61,-1,3,25,0,1986,2000,0,B
61,-1,4,20,0,1949,2000,0,B
61,-1,5,22,0,1813,2000,0,B
61,-1,6,21,0,1454,2000,0,B
61,0,-4,22,15,2000,2000,0,A
61,0,-3,18,17,2000,2000,0,A
61,0,-2,16,15,2000,2000,0,A
61,0,-1,21,19,2000,2000,0,A
61,0,0,27,25,2000,2000,0,A
61,0,1,13,3,2000,2000,0,A
61,0,2,21,0,1995,2000,0,B
61,0,3,22,0,1979,2000,0,B
61,0,4,25,0,1880,2000,0,B
61,0,5,17,0,1628,2000,0,B
61,0,6,24,0,1160,2000,0,B
61,1,-5,13,7,2000,2000,0,A
61,1,-4,27,22,2000,2000,0,A
61,1,-3,22,20,2000,2000,0,A
61,1,-2,24,23,2000,2000,0,A
61,1,-1,20,15,2000,2000,0,A
61,1,0,18,2,2000,2000,0,A
61,1,1,21,0,1998,2000,0,B
61,1,2,27,0,1978,2000,0,B
61,1,3,17,0,1897,2000,0,B
61,1,4,18,0,1678,2000,0,B
61,1,5,19,0,1350,2000,0,B
61,2,-5,18,16,2000,2000,0,A
61,2,-4,23,18,2000,2000,0,A
61,2,-3,15,12,2000,2000,0,A
61,2,-2,21,14,2000,2000,0,A
61,2,-1,31,5,2000,2000,0,A
61,2,0,32,0,1996,2000,0,B
61,2,1,19,0,1989,2000,0,B
61,2,2,17,0,1918,2000,0,B
61,2,3,23,0,1772,2000,0,B
61,2,4,18,0,1432,2000,0,B
61,2,5,22,0,944,2000,0,B
61,3,-6,25,7,2000,2000,0,A
61,3,-5,19,6,2000,2000,0,A
61,3,-4,27,6,2000,2000,0,A
61,3,-3,25,6,2000,2000,0,A
61,3,-2,22,0,1998,2000,0,B
61,3,-1,16,0,1996,2000,0,B
61,3,0,20,0,1976,2000,0,B
61,3,1,22,0,1921,2000,0,B
61,4,-3,24,0,1999,2000,0,B
62,-7,6,23,0,1640,2000,0,B
62,-7,7,19,0,1373,2000,0,B
62,-7,8,15,0,1022,1990,10,C
62,-6,2,23,0,1978,2000,0,B
62,-6,3,23,0,1965,2000,0,B
62,-6,4,24,0,1943,2000,0,B
62,-6,5,15,0,1873,2000,0,B
62,-6,6,18,0,1747,2000,0,B
62,-6,7,20,0,1506,2000,0,B
62,-6,8,21,0,1169,1998,2,C
62,-5,-2,25,0,1980,2000,0,B
62,-5,-1,36,0,1993,2000,0,B
62,-5,0,29,0,1998,2000,0,B
62,-5,1,21,0,1995,2000,0,B
62,-5,2,19,0,1996,2000,0,B
62,-5,3,24,0,1995,2000,0,B
62,-5,4,24,0,1973,2000,0,B
62,-5,5,21,0,1903,2000,0,B
62,-5,6,22,0,1794,2000,0,B
62,-5,7,28,0,1546,2000,0,B
62,-5,8,18,0,1108,2000,0,B
62,-5,9,16,0,683,1930,70,C
62,-4,-3,25,0,1986,2000,0,B
62,-4,-2,16,0,1998,2000,0,B
62,-4,-1,26,5,2000,2000,0,A
62,-4,0,24,6,2000,2000,0,A
62,-4,1,21,4,2000,2000,0,A
62,-4,2,12,2,2000,2000,0,A
62,-4,3,20,0,1999,2000,0,B
62,-4,4,20,0,1989,2000,0,B
62,-4,5,23,0,1945,2000,0,B
62,-4,6,25,0,1819,2000,0,B
62,-4,7,13,0,1399,2000,0,B
62,-4,8,25,0,1109,2000,0,B
62,-3,-3,13,0,1998,2000,0,B
62,-3,-2,20,6,2000,2000,0,A
62,-3,-1,13,9,2000,2000,0,A
62,-3,0,23,13,2000,2000,0,A
62,-3,1,20,12,2000,2000,0,A
62,-3,2,18,3,2000,2000,0,A
62,-3,3,22,0,1999,2000,0,B
62,-3,4,23,0,1984,2000,0,B
62,-3,5,15,0,1922,2000,0,B
62,-3,6,20,0,1748,2000,0,B
62,-3,7,23,0,1428,2000,0,B
62,-2,-3,19,8,2000,2000,0,A
62,-2,-2,20,15,2000,2000,0,A
62,-2,-1,20,19,2000,2000,0,A
62,-2,0,23,20,2000,2000,0,A
62,-2,1,35,29,2000,2000,0,A
62,-2,2,24,10,2000,2000,0,A
62,-2,3,20,0,1997,2000,0,B
62,-2,4,24,0,1979,2000,0,B
62,-2,5,17,0,1847,2000,0,B
62,-2,6,27,0,1640,2000,0,B
62,-2,7,22,0,1220,2000,0,B
62,-1,-4,17,11,2000,2000,0,A
62,-1,-3,21,17,2000,2000,0,A
62,-1,-2,24,24,2000,2000,0,A
62,-1,-1,14,13,2000,2000,0,A
62,-1,0,23,21,2000,2000,0,A
62,-1,1,22,9,2000,2000,0,A
62,-1,2,17,2,2000,2000,0,A
62,-1,3,25,0,1990,2000,0,B
62,-1,4,20,0,1950,2000,0,B
62,-1,5,22,0,1817,2000,0,B
62,-1,6,21,0,1431,2000,0,B
62,0,-4,22,14,2000,2000,0,A
62,0,-3,18,15,2000,2000,0,A
62,0,-2,16,16,2000,2000,0,A
62,0,-1,21,17,2000,2000,0,A
62,0,0,27,20,2000,2000,0,A
62,0,1,13,1,2000,2000,0,A
62,0,2,21,0,1995,2000,0,B
62,0,3,22,0,1975,2000,0,B
62,0,4,25,0,1871,2000,0,B
62,0,5,17,0,1647,2000,0,B
62,0,6,24,0,1140,2000,0,B
62,1,-5,13,10,2000,2000,0,A
62,1,-4,27,24,2000,2000,0,A
62,1,-3,22,21,2000,2000,0,A
62,1,-2,24,24,2000,2000,0,A
62,1,-1,20,19,2000,2000,0,A
62,1,0,18,4,2000,2000,0,A
62,1,1,21,0,1998,2000,0,B
62,1,2,27,0,1978,2000,0,B
62,1,3,17,0,1889,2000,0,B
62,1,4,18,0,1656,2000,0,B
62,1,5,19,0,1309,2000,0,B
62,2,-5,18,11,2000,2000,0,A
62,2,-4,23,17,2000,2000,0,A
62,2,-3,15,11,2000,2000,0,A
62,2,-2,21,15,2000,2000,0,A
62,2,-1,31,2,2000,2000,0,A
62,2,0,32,0,1997,2000,0,B
62,2,1,19,0,1985,2000,0,B
62,2,2,17,0,1914,2000,0,B
62,2,3,23,0,1746,2000,0,B
62,2,4,18,0,1408,2000,0,B
62,2,5,22,0,959,1997,3,C
62,3,-6,25,13,2000,2000,0,A
62,3,-5,19,6,2000,2000,0,A
62,3,-4,27,14,2000,2000,0,A
62,3,-3,25,7,2000,2000,0,A
62,3,-2,22,2,2000,2000,0,A
62,3,-1,16,0,1995,2000,0,B
62,3,0,20,0,1975,2000,0,B
62,3,1,22,0,1915,2000,0,B
62,4,-3,24,0,1998,2000,0,B
63,-7,6,23,0,1657,2000,0,B
63,-7,7,19,0,1382,2000,0,B
63,-7,8,15,0,996,1992,8,C
63,-6,2,23,0,1976,2000,0,B
63,-6,3,23,0,1972,2000,0,B
63,-6,4,24,0,1939,2000,0,B
63,-6,5,15,0,1853,2000,0,B
63,-6,6,18,0,1743,2000,0,B
63,-6,7,20,0,1505,2000,0,B
63,-6,8,21,0,1176,2000,0,B
63,-5,-2,25,0,1981,2000,0,B
63,-5,-1,36,0,1993,2000,0,B
63,-5,0,29,0,1996,2000,0,B
63,-5,1,21,0,1995,2000,0,B
63,-5,2,19,0,1997,2000,0,B
63,-5,3,24,0,1996,2000,0,B
63,-5,4,24,0,1975,2000,0,B
63,-5,5,21,0,1925,2000,0,B
63,-5,6,22,0,1809,2000,0,B
63,-5,7,28,0,1595,2000,0,B
63,-5,8,18,0,1079,1997,3,C
63,-5,9,16,0,685,1938,62,C
63,-4,-3,25,0,1989,2000,0,B
63,-4,-2,16,0,1997,2000,0,B
63,-4,-1,26,2,2000,2000,0,A
63,-4,0,24,6,2000,2000,0,A
63,-4,1,21,2,2000,2000,0,A
63,-4,2,12,0,1999,2000,0,B
63,-4,3,20,0,1998,2000,0,B
63,-4,4,20,0,1977,2000,0,B
63,-4,5,23,0,1935,2000,0,B
63,-4,6,25,0,1802,2000,0,B
63,-4,7,13,0,1373,2000,0,B
63,-4,8,25,0,1062,2000,0,B
63,-3,-3,13,1,2000,2000,0,A
63,-3,-2,20,3,2000,2000,0,A
63,-3,-1,13,9,2000,2000,0,A
63,-3,0,23,15,2000,2000,0,A
63,-3,1,20,12,2000,2000,0,A
63,-3,2,18,7,2000,2000,0,A
63,-3,3,22,1,2000,2000,0,A
63,-3,4,23,0,1989,2000,0,B
63,-3,5,15,0,1929,2000,0,B
63,-3,6,20,0,1783,2000,0,B
63,-3,7,23,0,1381,2000,0,B
63,-2,-3,19,7,2000,2000,0,A
63,-2,-2,20,19,2000,2000,0,A
63,-2,-1,20,19,2000,2000,0,A
63,-2,0,23,20,2000,2000,0,A
63,-2,1,35,27,2000,2000,0,A
63,-2,2,24,8,2000,2000,0,A
63,-2,3,20,0,1996,2000,0,B
63,-2,4,24,0,1984,2000,0,B
63,-2,5,17,0,1847,2000,0,B
63,-2,6,27,0,1665,2000,0,B
63,-2,7,22,0,1235,2000,0,B
63,-1,-4,17,7,2000,2000,0,A
63,-1,-3,21,17,2000,2000,0,A
63,-1,-2,24,22,2000,2000,0,A
63,-1,-1,14,14,2000,2000,0,A
63,-1,0,23,23,2000,2000,0,A
63,-1,1,22,11,2000,2000,0,A
63,-1,2,17,1,2000,2000,0,A
63,-1,3,25,0,1991,2000,0,B
63,-1,4,20,0,1957,2000,0,B
63,-1,5,22,0,1803,2000,0,B
63,-1,6,21,0,1450,2000,0,B
63,0,-4,22,15,2000,2000,0,A
63,0,-3,18,16,2000,2000,0,A
63,0,-2,16,15,2000,2000,0,A
63,0,-1,21,19,2000,2000,0,A
63,0,0,27,19,2000,2000,0,A
63,0,1,13,2,2000,2000,0,A
63,0,2,21,0,1993,2000,0,B
63,0,3,22,0,1974,2000,0,B
63,0,4,25,0,1869,2000,0,B
63,0,5,17,0,1639,2000,0,B
63,0,6,24,0,1157,2000,0,B
63,1,-5,13,12,2000,2000,0,A
63,1,-4,27,25,2000,2000,0,A
63,1,-3,22,22,2000,2000,0,A
63,1,-2,24,22,2000,2000,0,A
63,1,-1,20,15,2000,2000,0,A
63,1,0,18,6,2000,2000,0,A
63,1,1,21,1,2000,2000,0,A
63,1,2,27,0,1988,2000,0,B
63,1,3,17,0,1909,2000,0,B
63,1,4,18,0,1665,2000,0,B
63,1,5,19,0,1313,2000,0,B
63,2,-5,18,14,2000,2000,0,A
63,2,-4,23,17,2000,2000,0,A
63,2,-3,15,13,2000,2000,0,A
63,2,-2,21,12,2000,2000,0,A
63,2,-1,31,5,2000,2000,0,A
63,2,0,32,0,1997,2000,0,B
63,2,1,19,0,1984,2000,0,B
63,2,2,17,0,1923,2000,0,B
63,2,3,23,0,1752,2000,0,B
63,2,4,18,0,1410,2000,0,B
63,2,5,22,0,938,1999,1,C
63,3,-6,25,14,2000,2000,0,A
63,3,-5,19,9,2000,2000,0,A
63,3,-4,27,11,2000,2000,0,A
63,3,-3,25,7,2000,2000,0,A
63,3,-2,22,0,1999,2000,0,B
63,3,-1,16,0,1997,2000,0,B
63,3,0,20,0,1978,2000,0,B
63,3,1,22,0,1915,2000,0,B
63,4,-3,24,0,1997,2000,0,B
64,-7,6,23,0,1633,2000,0,B
64,-7,7,19,0,1409,2000,0,B
64,-7,8,15,0,1007,1998,2,C
64,-6,2,23,0,1975,2000,0,B
64,-6,3,23,0,1970,2000,0,B
64,-6,4,24,0,1940,2000,0,B
64,-6,5,15,0,1884,2000,0,B
64,-6,6,18,0,1742,2000,0,B
64,-6,7,20,0,1521,2000,0,B
64,-6,8,21,0,1189,1998,2,C
64,-5,-2,25,0,1967,2000,0,B
64,-5,-1,36,0,1989,2000,0,B
64,-5,0,29,0,1998,2000,0,B
64,-5,1,21,0,1995,2000,0,B
64,-5,2,19,0,1996,2000,0,B
64,-5,3,24,0,1996,2000,0,B
64,-5,4,24,0,1974,2000,0,B
64,-5,5,21,0,1923,2000,0,B
64,-5,6,22,0,1804,2000,0,B
64,-5,7,28,0,1541,2000,0,B
64,-5,8,18,0,1089,1999,1,C
64,-5,9,16,0,666,1926,74,C
64,-4,-3,25,0,1985,2000,0,B
64,-4,-2,16,0,1998,2000,0,B
64,-4,-1,26,1,2000,2000,0,A
64,-4,0,24,3,2000,2000,0,A
64,-4,1,21,1,2000,2000,0,A
64,-4,2,12,0,1999,2000,0,B
64,-4,3,20,0,1996,2000,0,B
64,-4,4,20,0,1986,2000,0,B
64,-4,5,23,0,1941,2000,0,B
64,-4,6,25,0,1839,2000,0,B
64,-4,7,13,0,1405,2000,0,B
64,-4,8,25,0,1070,2000,0,B
64,-3,-3,13,0,1999,2000,0,B
64,-3,-2,20,6,2000,2000,0,A
64,-3,-1,13,8,2000,2000,0,A
64,-3,0,23,13,2000,2000,0,A
64,-3,1,20,13,2000,2000,0,A
64,-3,2,18,5,2000,2000,0,A
64,-3,3,22,0,1999,2000,0,B
64,-3,4,23,0,1985,2000,0,B
64,-3,5,15,0,1936,2000,0,B
64,-3,6,20,0,1747,2000,0,B
64,-3,7,23,0,1375,2000,0,B
64,-2,-3,19,9,2000,2000,0,A
64,-2,-2,20,19,2000,2000,0,A
64,-2,-1,20,19,2000,2000,0,A
64,-2,0,23,21,2000,2000,0,A
64,-2,1,35,23,2000,2000,0,A
64,-2,2,24,12,2000,2000,0,A
64,-2,3,20,0,1996,2000,0,B
64,-2,4,24,0,1976,2000,0,B
64,-2,5,17,0,1859,2000,0,B
64,-2,6,27,0,1658,2000,0,B
64,-2,7,22,0,1207,2000,0,B
64,-1,-4,17,7,2000,2000,0,A
64,-1,-3,21,18,2000,2000,0,A
64,-1,-2,24,22,2000,2000,0,A
64,-1,-1,14,14,2000,2000,0,A
64,-1,0,23,21,2000,2000,0,A
64,-1,1,22,15,2000,2000,0,A
64,-1,2,17,3,2000,2000,0,A
64,-1,3,25,0,1994,2000,0,B
64,-1,4,20,0,1955,2000,0,B
64,-1,5,22,0,1817,2000,0,B
64,-1,6,21,0,1466,2000,0,B
64,0,-4,22,19,2000,2000,0,A
64,0,-3,18,17,2000,2000,0,A
64,0,-2,16,15,2000,2000,0,A
64,0,-1,21,21,2000,2000,0,A
64,0,0,27,21,2000,2000,0,A
64,0,1,13,3,2000,2000,0,A
64,0,2,21,0,1994,2000,0,B
64,0,3,22,0,1974,2000,0,B
64,0,4,25,0,1864,2000,0,B
64,0,5,17,0,1642,2000,0,B
64,0,6,24,0,1153,2000,0,B
64,1,-5,13,8,2000,2000,0,A
64,1,-4,27,20,2000,2000,0,A
64,1,-3,22,19,2000,2000,0,A
64,1,-2,24,24,2000,2000,0,A
64,1,-1,20,15,2000,2000,0,A
64,1,0,18,4,2000,2000,0,A
64,1,1,21,0,1996,2000,0,B
64,1,2,27,0,1981,2000,0,B
64,1,3,17,0,1901,2000,0,B
64,1,4,18,0,1677,2000,0,B
64,1,5,19,0,1317,2000,0,B
64,2,-5,18,12,2000,2000,0,A
64,2,-4,23,12,2000,2000,0,A
64,2,-3,15,11,2000,2000,0,A
64,2,-2,21,12,2000,2000,0,A
64,2,-1,31,7,2000,2000,0,A
64,2,0,32,1,2000,2000,0,A
64,2,1,19,0,1986,2000,0,B
64,2,2,17,0,1906,2000,0,B
64,2,3,23,0,1751,2000,0,B
64,2,4,18,0,1412,2000,0,B
64,2,5,22,0,958,1997,3,C
64,3,-6,25,10,2000,2000,0,A
64,3,-5,19,10,2000,2000,0,A
64,3,-4,27,10,2000,2000,0,A
64,3,-3,25,10,2000,2000,0,A
64,3,-2,22,1,2000,2000,0,A
64,3,-1,16,0,1997,2000,0,B
64,3,0,20,0,1973,2000,0,B
64,3,1,22,0,1919,2000,0,B
64,4,-3,24,0,1995,2000,0,B
65,-7,6,23,0,1643,2000,0,B
65,-7,7,19,0,1395,2000,0,B
65,-7,8,15,0,1050,1994,6,C
65,-6,2,23,0,1972,2000,0,B
65,-6,3,23,0,1964,2000,0,B
65,-6,4,24,0,1936,2000,0,B
65,-6,5,15,0,1888,2000,0,B
65,-6,6,18,0,1729,2000,0,B
65,-6,7,20,0,1509,2000,0,B
65,-6,8,21,0,1177,2000,0,B
65,-5,-2,25,0,1979,2000,0,B
65,-5,-1,36,0,1994,2000,0,B
65,-5,0,29,0,1997,2000,0,B
65,-5,1,21,0,1996,2000,0,B
65,-5,2,19,0,1994,2000,0,B
65,-5,3,24,0,1994,2000,0,B
65,-5,4,24,0,1974,2000,0,B
65,-5,5,21,0,1909,2000,0,B
65,-5,6,22,0,1815,2000,0,B
65,-5,7,28,0,1568,2000,0,B
65,-5,8,18,0,1103,1998,2,C
65,-5,9,16,0,660,1925,75,C
65,-4,-3,25,0,1993,2000,0,B
65,-4,-2,16,0,1996,2000,0,B
65,-4,-1,26,0,1999,2000,0,B
65,-4,0,24,4,2000,2000,0,A
65,-4,1,21,3,2000,2000,0,A
65,-4,2,12,0,1999,2000,0,B
65,-4,3,20,0,1996,2000,0,B
65,-4,4,20,0,1983,2000,0,B
65,-4,5,23,0,1953,2000,0,B
65,-4,6,25,0,1825,2000,0,B
65,-4,7,13,0,1412,2000,0,B
65,-4,8,25,0,1094,1999,1,C
65,-3,-3,13,1,2000,2000,0,A
65,-3,-2,20,6,2000,2000,0,A
65,-3,-1,13,5,2000,2000,0,A
65,-3,0,23,17,2000,2000,0,A
65,-3,1,20,11,2000,2000,0,A
65,-3,2,18,5,2000,2000,0,A
65,-3,3,22,0,1999,2000,0,B
65,-3,4,23,0,1985,2000,0,B
65,-3,5,15,0,1924,2000,0,B
65,-3,6,20,0,1755,2000,0,B
65,-3,7,23,0,1376,2000,0,B
65,-2,-3,19,8,2000,2000,0,A
65,-2,-2,20,17,2000,2000,0,A
65,-2,-1,20,19,2000,2000,0,A
65,-2,0,23,19,2000,2000,0,A
65,-2,1,35,28,2000,2000,0,A
65,-2,2,24,10,2000,2000,0,A
65,-2,3,20,0,1997,2000,0,B
65,-2,4,24,0,1980,2000,0,B
65,-2,5,17,0,1881,2000,0,B
65,-2,6,27,0,1646,2000,0,B
65,-2,7,22,0,1251,2000,0,B
65,-1,-4,17,5,2000,2000,0,A
65,-1,-3,21,13,2000,2000,0,A
65,-1,-2,24,24,2000,2000,0,A
65,-1,-1,14,13,2000,2000,0,A
65,-1,0,23,20,2000,2000,0,A
65,-1,1,22,15,2000,2000,0,A
65,-1,2,17,3,2000,2000,0,A
65,-1,3,25,0,1992,2000,0,B
65,-1,4,20,0,1951,2000,0,B
65,-1,5,22,0,1820,2000,0,B
65,-1,6,21,0,1462,2000,0,B
65,0,-4,22,16,2000,2000,0,A
65,0,-3,18,17,2000,2000,0,A
65,0,-2,16,16,2000,2000,0,A
65,0,-1,21,20,2000,2000,0,A
65,0,0,27,22,2000,2000,0,A
65,0,1,13,1,2000,2000,0,A
65,0,2,21,0,1996,2000,0,B
65,0,3,22,0,1968,2000,0,B
65,0,4,25,0,1881,2000,0,B
65,0,5,17,0,1630,2000,0,B
65,0,6,24,0,1156,2000,0,B
65,1,-5,13,9,2000,2000,0,A
65,1,-4,27,21,2000,2000,0,A
65,1,-3,22,18,2000,2000,0,A
65,1,-2,24,20,2000,2000,0,A
65,1,-1,20,15,2000,2000,0,A
65,1,0,18,2,2000,2000,0,A
65,1,1,21,0,1999,2000,0,B
65,1,2,27,0,1983,2000,0,B
65,1,3,17,0,1903,2000,0,B
65,1,4,18,0,1647,2000,0,B
65,1,5,19,0,1333,2000,0,B
65,2,-5,18,13,2000,2000,0,A
65,2,-4,23,13,2000,2000,0,A
65,2,-3,15,12,2000,2000,0,A
65,2,-2,21,9,2000,2000,0,A
65,2,-1,31,1,2000,2000,0,A
65,2,0,32,0,1995,2000,0,B
65,2,1,19,0,1980,2000,0,B
65,2,2,17,0,1918,2000,0,B
65,2,3,23,0,1761,2000,0,B
65,2,4,18,0,1402,2000,0,B
65,2,5,22,0,946,1999,1,C
65,3,-6,25,10,2000,2000,0,A
65,3,-5,19,10,2000,2000,0,A
65,3,-4,27,11,2000,2000,0,A
65,3,-3,25,7,2000,2000,0,A
65,3,-2,22,0,1999,2000,0,B
65,3,-1,16,0,1997,2000,0,B
65,3,0,20,0,1972,2000,0,B
65,3,1,22,0,1915,2000,0,B
65,4,-3,24,0,1996,2000,0,B
66,-7,6,23,0,1635,2000,0,B
66,-7,7,19,0,1392,2000,0,B
66,-7,8,15,0,1015,1994,6,C
66,-6,2,23,0,1977,2000,0,B
66,-6,3,23,0,1962,2000,0,B
66,-6,4,24,0,1939,2000,0,B
66,-6,5,15,0,1870,2000,0,B
66,-6,6,18,0,1764,2000,0,B
66,-6,7,20,0,1497,2000,0,B
66,-6,8,21,0,1166,2000,0,B
66,-5,-2,25,0,1972,2000,0,B
66,-5,-1,36,0,1996,2000,0,B
66,-5,0,29,0,1994,2000,0,B
66,-5,1,21,0,1997,2000,0,B
66,-5,2,19,0,1995,2000,0,B
66,-5,3,24,0,1994,2000,0,B
66,-5,4,24,0,1975,2000,0,B
66,-5,5,21,0,1920,2000,0,B
66,-5,6,22,0,1791,2000,0,B
66,-5,7,28,0,1612,2000,0,B
66,-5,8,18,0,1104,2000,0,B
66,-5,9,16,0,671,1907,93,C
66,-4,-3,25,0,1984,2000,0,B
66,-4,-2,16,0,1994,2000,0,B
66,-4,-1,26,0,1999,2000,0,B
66,-4,0,24,4,2000,2000,0,A
66,-4,1,21,4,2000,2000,0,A
66,-4,2,12,1,2000,2000,0,A
66,-4,3,20,0,1997,2000,0,B
66,-4,4,20,0,1984,2000,0,B
66,-4,5,23,0,1935,2000,0,B
66,-4,6,25,0,1822,2000,0,B
66,-4,7,13,0,1372,2000,0,B
66,-4,8,25,0,1083,2000,0,B
66,-3,-3,13,0,1999,2000,0,B
66,-3,-2,20,8,2000,2000,0,A
66,-3,-1,13,8,2000,2000,0,A
66,-3,0,23,13,2000,2000,0,A
66,-3,1,20,11,2000,2000,0,A
66,-3,2,18,5,2000,2000,0,A
66,-3,3,22,1,2000,2000,0,A
66,-3,4,23,0,1981,2000,0,B
66,-3,5,15,0,1917,2000,0,B
66,-3,6,20,0,1744,2000,0,B
66,-3,7,23,0,1407,2000,0,B
66,-2,-3,19,6,2000,2000,0,A
66,-2,-2,20,19,2000,2000,0,A
66,-2,-1,20,19,2000,2000,0,A
66,-2,0,23,21,2000,2000,0,A
66,-2,1,35,24,2000,2000,0,A
66,-2,2,24,11,2000,2000,0,A
66,-2,3,20,0,1997,2000,0,B
66,-2,4,24,0,1975,2000,0,B
66,-2,5,17,0,1862,2000,0,B
66,-2,6,27,0,1635,2000,0,B
66,-2,7,22,0,1254,2000,0,B
66,-1,-4,17,6,2000,2000,0,A
66,-1,-3,21,15,2000,2000,0,A
66,-1,-2,24,23,2000,2000,0,A
66,-1,-1,14,13,2000,2000,0,A
66,-1,0,23,21,2000,2000,0,A
66,-1,1,22,13,2000,2000,0,A
66,-1,2,17,2,2000,2000,0,A
66,-1,3,25,0,1989,2000,0,B
66,-1,4,20,0,1940,2000,0,B
66,-1,5,22,0,1804,2000,0,B
66,-1,6,21,0,1475,2000,0,B
66,0,-4,22,14,2000,2000,0,A
66,0,-3,18,15,2000,2000,0,A
66,0,-2,16,16,2000,2000,0,A
66,0,-1,21,16,2000,2000,0,A
66,0,0,27,19,2000,2000,0,A
66,0,1,13,2,2000,2000,0,A
66,0,2,21,0,1995,2000,0,B
66,0,3,22,0,1970,2000,0,B
66,0,4,25,0,1865,2000,0,B
66,0,5,17,0,1655,2000,0,B
66,0,6,24,0,1153,2000,0,B
66,1,-5,13,10,2000,2000,0,A
66,1,-4,27,22,2000,2000,0,A
66,1,-3,22,22,2000,2000,0,A
66,1,-2,24,22,2000,2000,0,A
66,1,-1,20,15,2000,2000,0,A
66,1,0,18,6,2000,2000,0,A
66,1,1,21,0,1997,2000,0,B
66,1,2,27,0,1978,2000,0,B
66,1,3,17,0,1895,2000,0,B
66,1,4,18,0,1674,2000,0,B
66,1,5,19,0,1325,2000,0,B
66,2,-5,18,17,2000,2000,0,A
66,2,-4,23,17,2000,2000,0,A
66,2,-3,15,10,2000,2000,0,A
66,2,-2,21,10,2000,2000,0,A
66,2,-1,31,4,2000,2000,0,A
66,2,0,32,0,1998,2000,0,B
66,2,1,19,0,1983,2000,0,B
66,2,2,17,0,1911,2000,0,B
66,2,3,23,0,1755,2000,0,B
66,2,4,18,0,1419,2000,0,B
66,2,5,22,0,944,1997,3,C
66,3,-6,25,8,2000,2000,0,A
66,3,-5,19,5,2000,2000,0,A
66,3,-4,27,8,2000,2000,0,A
66,3,-3,25,3,2000,2000,0,A
66,3,-2,22,2,2000,2000,0,A
66,3,-1,16,0,1997,2000,0,B
66,3,0,20,0,1972,2000,0,B
66,3,1,22,0,1921,2000,0,B
66,4,-3,24,0,1999,2000,0,B
67,-7,6,23,0,1649,2000,0,B
67,-7,7,19,0,1430,2000,0,B
67,-7,8,15,0,1016,1991,9,C
67,-6,2,23,0,1972,2000,0,B
67,-6,3,23,0,1966,2000,0,B
67,-6,4,24,0,1941,2000,0,B
67,-6,5,15,0,1869,2000,0,B
67,-6,6,18,0,1727,2000,0,B
67,-6,7,20,0,1509,2000,0,B
67,-6,8,21,0,1176,1998,2,C
67,-5,-2,25,0,1973,2000,0,B
67,-5,-1,36,0,1990,2000,0,B
67,-5,0,29,0,1996,2000,0,B
67,-5,1,21,0,1996,2000,0,B
67,-5,2,19,0,1996,2000,0,B
67,-5,3,24,0,1994,2000,0,B
67,-5,4,24,0,1976,2000,0,B
67,-5,5,21,0,1922,2000,0,B
67,-5,6,22,0,1795,2000,0,B
67,-5,7,28,0,1575,2000,0,B
67,-5,8,18,0,1087,1998,2,C
67,-5,9,16,0,682,1913,87,C
67,-4,-3,25,0,1980,2000,0,B
67,-4,-2,16,0,1995,2000,0,B
67,-4,-1,26,0,1999,2000,0,B
67,-4,0,24,2,2000,2000,0,A
67,-4,1,21,4,2000,2000,0,A
67,-4,2,12,2,2000,2000,0,A
67,-4,3,20,0,1997,2000,0,B
67,-4,4,20,0,1990,2000,0,B
67,-4,5,23,0,1936,2000,0,B
67,-4,6,25,0,1821,2000,0,B
67,-4,7,13,0,1380,2000,0,B
67,-4,8,25,0,1096,2000,0,B
67,-3,-3,13,0,1999,2000,0,B
67,-3,-2,20,7,2000,2000,0,A
67,-3,-1,13,5,2000,2000,0,A
67,-3,0,23,13,2000,2000,0,A
67,-3,1,20,12,2000,2000,0,A
67,-3,2,18,8,2000,2000,0,A
67,-3,3,22,0,1999,2000,0,B
67,-3,4,23,0,1987,2000,0,B
67,-3,5,15,0,1926,2000,0,B
67,-3,6,20,0,1736,2000,0,B
67,-3,7,23,0,1399,2000,0,B
67,-2,-3,19,3,2000,2000,0,A
67,-2,-2,20,17,2000,2000,0,A
67,-2,-1,20,17,2000,2000,0,A
67,-2,0,23,19,2000,2000,0,A
67,-2,1,35,29,2000,2000,0,A
67,-2,2,24,4,2000,2000,0,A
67,-2,3,20,0,1998,2000,0,B
67,-2,4,24,0,1976,2000,0,B
67,-2,5,17,0,1864,2000,0,B
67,-2,6,27,0,1625,2000,0,B
67,-2,7,22,0,1268,2000,0,B
67,-1,-4,17,6,2000,2000,0,A
67,-1,-3,21,18,2000,2000,0,A
67,-1,-2,24,21,2000,2000,0,A
67,-1,-1,14,14,2000,2000,0,A
67,-1,0,23,20,2000,2000,0,A
67,-1,1,22,12,2000,2000,0,A
67,-1,2,17,1,2000,2000,0,A
67,-1,3,25,0,1991,2000,0,B
67,-1,4,20,0,1941,2000,0,B
67,-1,5,22,0,1790,2000,0,B
67,-1,6,21,0,1454,2000,0,B
67,0,-4,22,16,2000,2000,0,A
67,0,-3,18,18,2000,2000,0,A
67,0,-2,16,15,2000,2000,0,A
67,0,-1,21,21,2000,2000,0,A
67,0,0,27,18,2000,2000,0,A
67,0,1,13,1,2000,2000,0,A
67,0,2,21,0,1996,2000,0,B
67,0,3,22,0,1968,2000,0,B
67,0,4,25,0,1870,2000,0,B
67,0,5,17,0,1622,2000,0,B
67,0,6,24,0,1145,2000,0,B
67,1,-5,13,8,2000,2000,0,A
67,1,-4,27,22,2000,2000,0,A
67,1,-3,22,21,2000,2000,0,A
67,1,-2,24,21,2000,2000,0,A
67,1,-1,20,13,2000,2000,0,A
67,1,0,18,4,2000,2000,0,A
67,1,1,21,0,1998,2000,0,B
67,1,2,27,0,1984,2000,0,B
67,1,3,17,0,1892,2000,0,B
67,1,4,18,0,1674,2000,0,B
67,1,5,19,0,1298,2000,0,B
67,2,-5,18,13,2000,2000,0,A
67,2,-4,23,15,2000,2000,0,A
67,2,-3,15,13,2000,2000,0,A
67,2,-2,21,13,2000,2000,0,A
67,2,-1,31,7,2000,2000,0,A
67,2,0,32,0,1996,2000,0,B
67,2,1,19,0,1983,2000,0,B
67,2,2,17,0,1926,2000,0,B
67,2,3,23,0,1757,2000,0,B
67,2,4,18,0,1421,2000,0,B
67,2,5,22,0,941,1996,4,C
67,3,-6,25,11,2000,2000,0,A
67,3,-5,19,8,2000,2000,0,A
67,3,-4,27,8,2000,2000,0,A
67,3,-3,25,8,2000,2000,0,A
67,3,-2,22,0,1999,2000,0,B
67,3,-1,16,0,1997,2000,0,B
67,3,0,20,0,1972,2000,0,B
67,3,1,22,0,1918,2000,0,B
67,4,-3,24,0,1999,2000,0,B
68,-7,6,23,0,1639,2000,0,B
68,-7,7,19,0,1403,2000,0,B
68,-7,8,15,0,998,1992,8,C
68,-6,2,23,0,1975,2000,0,B
68,-6,3,23,0,1967,2000,0,B
68,-6,4,24,0,1946,2000,0,B
68,-6,5,15,0,1888,2000,0,B
68,-6,6,18,0,1761,2000,0,B
68,-6,7,20,0,1511,2000,0,B
68,-6,8,21,0,1191,2000,0,B
68,-5,-2,25,0,1974,2000,0,B
68,-5,-1,36,0,1988,2000,0,B
68,-5,0,29,0,1997,2000,0,B
68,-5,1,21,0,1996,2000,0,B
68,-5,2,19,0,1994,2000,0,B
68,-5,3,24,0,1993,2000,0,B
68,-5,4,24,0,1975,2000,0,B
68,-5,5,21,0,1926,2000,0,B
68,-5,6,22,0,1808,2000,0,B
68,-5,7,28,0,1594,2000,0,B
68,-5,8,18,0,1103,1999,1,C
68,-5,9,16,0,671,1923,77,C
68,-4,-3,25,0,1984,2000,0,B
68,-4,-2,16,0,1999,2000,0,B
68,-4,-1,26,1,2000,2000,0,A
68,-4,0,24,2,2000,2000,0,A
68,-4,1,21,1,2000,2000,0,A
68,-4,2,12,0,1999,2000,0,B
68,-4,3,20,0,1996,2000,0,B
68,-4,4,20,0,1983,2000,0,B
68,-4,5,23,0,1944,2000,0,B
68,-4,6,25,0,1803,2000,0,B
68,-4,7,13,0,1387,2000,0,B
68,-4,8,25,0,1057,2000,0,B
68,-3,-3,13,0,1999,2000,0,B
68,-3,-2,20,5,2000,2000,0,A
68,-3,-1,13,8,2000,2000,0,A
68,-3,0,23,16,2000,2000,0,A
68,-3,1,20,12,2000,2000,0,A
68,-3,2,18,7,2000,2000,0,A
68,-3,3,22,1,2000,2000,0,A
68,-3,4,23,0,1986,2000,0,B
68,-3,5,15,0,1924,2000,0,B
68,-3,6,20,0,1759,2000,0,B
68,-3,7,23,0,1387,2000,0,B
68,-2,-3,19,4,2000,2000,0,A
68,-2,-2,20,16,2000,2000,0,A
68,-2,-1,20,17,2000,2000,0,A
68,-2,0,23,23,2000,2000,0,A
68,-2,1,35,25,2000,2000,0,A
68,-2,2,24,8,2000,2000,0,A
68,-2,3,20,0,1997,2000,0,B
68,-2,4,24,0,1982,2000,0,B
68,-2,5,17,0,1863,2000,0,B
68,-2,6,27,0,1627,2000,0,B
68,-2,7,22,0,1286,2000,0,B
68,-1,-4,17,4,2000,2000,0,A
68,-1,-3,21,18,2000,2000,0,A
68,-1,-2,24,23,2000,2000,0,A
68,-1,-1,14,14,2000,2000,0,A
68,-1,0,23,21,2000,2000,0,A
68,-1,1,22,11,2000,2000,0,A
68,-1,2,17,0,1999,2000,0,B
68,-1,3,25,0,1995,2000,0,B
68,-1,4,20,0,1955,2000,0,B
68,-1,5,22,0,1799,2000,0,B
68,-1,6,21,0,1453,2000,0,B
68,0,-4,22,13,2000,2000,0,A
68,0,-3,18,17,2000,2000,0,A
68,0,-2,16,16,2000,2000,0,A
68,0,-1,21,20,2000,2000,0,A
68,0,0,27,21,2000,2000,0,A
68,0,1,13,1,2000,2000,0,A
68,0,2,21,0,1994,2000,0,B
68,0,3,22,0,1969,2000,0,B
68,0,4,25,0,1864,2000,0,B
68,0,5,17,0,1622,2000,0,B
68,0,6,24,0,1141,2000,0,B
68,1,-5,13,7,2000,2000,0,A
68,1,-4,27,23,2000,2000,0,A
68,1,-3,22,20,2000,2000,0,A
68,1,-2,24,23,2000,2000,0,A
68,1,-1,20,16,2000,2000,0,A
68,1,0,18,4,2000,2000,0,A
68,1,1,21,0,1999,2000,0,B
68,1,2,27,0,1982,2000,0,B
68,1,3,17,0,1891,2000,0,B
68,1,4,18,0,1681,2000,0,B
68,1,5,19,0,1269,2000,0,B
68,2,-5,18,12,2000,2000,0,A
68,2,-4,23,19,2000,2000,0,A
68,2,-3,15,13,2000,2000,0,A
68,2,-2,21,14,2000,2000,0,A
68,2,-1,31,6,2000,2000,0,A
68,2,0,32,0,1998,2000,0,B
68,2,1,19,0,1980,2000,0,B
68,2,2,17,0,1922,2000,0,B
68,2,3,23,0,1769,2000,0,B
68,2,4,18,0,1415,2000,0,B
68,2,5,22,0,953,1997,3,C
68,3,-6,25,5,2000,2000,0,A
68,3,-5,19,9,2000,2000,0,A
68,3,-4,27,7,2000,2000,0,A
68,3,-3,25,8,2000,2000,0,A
68,3,-2,22,2,2000,2000,0,A
68,3,-1,16,0,1995,2000,0,B
68,3,0,20,0,1979,2000,0,B
68,3,1,22,0,1916,2000,0,B
68,4,-3,24,0,1997,2000,0,B
69,-7,6,23,0,1643,2000,0,B
69,-7,7,19,0,1399,2000,0,B
69,-7,8,15,0,1014,1993,7,C
69,-6,2,23,0,1970,2000,0,B
69,-6,3,23,0,1964,2000,0,B
69,-6,4,24,0,1945,2000,0,B
69,-6,5,15,0,1861,2000,0,B
69,-6,6,18,0,1745,2000,0,B
69,-6,7,20,0,1502,2000,0,B
69,-6,8,21,0,1170,2000,0,B
69,-5,-2,25,0,1976,2000,0,B
69,-5,-1,36,0,1990,2000,0,B
69,-5,0,29,0,1997,2000,0,B
69,-5,1,21,0,1998,2000,0,B
69,-5,2,19,0,1998,2000,0,B
69,-5,3,24,0,1993,2000,0,B
69,-5,4,24,0,1972,2000,0,B
69,-5,5,21,0,1928,2000,0,B
69,-5,6,22,0,1804,2000,0,B
69,-5,7,28,0,1579,2000,0,B
69,-5,8,18,0,1097,1999,1,C
69,-5,9,16,0,662,1928,72,C
69,-4,-3,25,0,1989,2000,0,B
69,-4,-2,16,0,1996,2000,0,B
69,-4,-1,26,0,1999,2000,0,B
69,-4,0,24,2,2000,2000,0,A
69,-4,1,21,1,2000,2000,0,A
69,-4,2,12,0,1999,2000,0,B
69,-4,3,20,0,1997,2000,0,B
69,-4,4,20,0,1984,2000,0,B
69,-4,5,23,0,1941,2000,0,B
69,-4,6,25,0,1817,2000,0,B
69,-4,7,13,0,1415,2000,0,B
69,-4,8,25,0,1069,2000,0,B
69,-3,-3,13,1,2000,2000,0,A
69,-3,-2,20,2,2000,2000,0,A
69,-3,-1,13,6,2000,2000,0,A
69,-3,0,23,18,2000,2000,0,A
69,-3,1,20,12,2000,2000,0,A
69,-3,2,18,5,2000,2000,0,A
69,-3,3,22,0,1998,2000,0,B
69,-3,4,23,0,1985,2000,0,B
69,-3,5,15,0,1930,2000,0,B
69,-3,6,20,0,1731,2000,0,B
69,-3,7,23,0,1368,2000,0,B
69,-2,-3,19,7,2000,2000,0,A
69,-2,-2,20,15,2000,2000,0,A
69,-2,-1,20,17,2000,2000,0,A
69,-2,0,23,21,2000,2000,0,A
69,-2,1,35,26,2000,2000,0,A
69,-2,2,24,10,2000,2000,0,A
69,-2,3,20,0,1996,2000,0,B
69,-2,4,24,0,1982,2000,0,B
69,-2,5,17,0,1845,2000,0,B
69,-2,6,27,0,1647,2000,0,B
69,-2,7,22,0,1268,2000,0,B
69,-1,-4,17,6,2000,2000,0,A
69,-1,-3,21,18,2000,2000,0,A
69,-1,-2,24,21,2000,2000,0,A
69,-1,-1,14,11,2000,2000,0,A
69,-1,0,23,20,2000,2000,0,A
69,-1,1,22,14,2000,2000,0,A
69,-1,2,17,3,2000,2000,0,A
69,-1,3,25,0,1989,2000,0,B
69,-1,4,20,0,1957,2000,0,B
69,-1,5,22,0,1808,2000,0,B
69,-1,6,21,0,1450,2000,0,B
69,0,-4,22,16,2000,2000,0,A
69,0,-3,18,14,2000,2000,0,A
69,0,-2,16,16,2000,2000,0,A
69,0,-1,21,20,2000,2000,0,A
69,0,0,27,19,2000,2000,0,A
69,0,1,13,2,2000,2000,0,A
69,0,2,21,0,1997,2000,0,B
69,0,3,22,0,1971,2000,0,B
69,0,4,25,0,1883,2000,0,B
69,0,5,17,0,1640,2000,0,B
69,0,6,24,0,1143,2000,0,B
69,1,-5,13,9,2000,2000,0,A
69,1,-4,27,23,2000,2000,0,A
69,1,-3,22,21,2000,2000,0,A
69,1,-2,24,20,2000,2000,0,A
69,1,-1,20,17,2000,2000,0,A
69,1,0,18,4,2000,2000,0,A
69,1,1,21,0,1997,2000,0,B
69,1,2,27,0,1981,2000,0,B
69,1,3,17,0,1897,2000,0,B
69,1,4,18,0,1675,2000,0,B
69,1,5,19,0,1339,2000,0,B
69,2,-5,18,14,2000,2000,0,A
69,2,-4,23,20,2000,2000,0,A
69,2,-3,15,13,2000,2000,0,A
69,2,-2,21,10,2000,2000,0,A
69,2,-1,31,3,2000,2000,0,A
69,2,0,32,0,1998,2000,0,B
69,2,1,19,0,1983,2000,0,B
69,2,2,17,0,1922,2000,0,B
69,2,3,23,0,1766,2000,0,B
69,2,4,18,0,1433,2000,0,B
69,2,5,22,0,956,1997,3,C
69,3,-6,25,11,2000,2000,0,A
69,3,-5,19,12,2000,2000,0,A
69,3,-4,27,14,2000,2000,0,A
69,3,-3,25,6,2000,2000,0,A
69,3,-2,22,0,1999,2000,0,B
69,3,-1,16,0,1994,2000,0,B
69,3,0,20,0,1987,2000,0,B
69,3,1,22,0,1915,2000,0,B
69,4,-3,24,0,1999,2000,0,B
70,-7,6,23,0,1623,2000,0,B
70,-7,7,19,0,1386,2000,0,B
70,-7,8,15,0,978,1993,7,C
70,-6,2,23,0,1979,2000,0,B
70,-6,3,23,0,1963,2000,0,B
70,-6,4,24,0,1926,2000,0,B
70,-6,5,15,0,1864,2000,0,B
70,-6,6,18,0,1750,2000,0,B
70,-6,7,20,0,1525,2000,0,B
70,-6,8,21,0,1214,2000,0,B
70,-5,-2,25,0,1976,2000,0,B
70,-5,-1,36,0,1995,2000,0,B
70,-5,0,29,0,1995,2000,0,B
70,-5,1,21,0,1996,2000,0,B
70,-5,2,19,0,1995,2000,0,B
70,-5,3,24,0,1993,2000,0,B
70,-5,4,24,0,1970,2000,0,B
70,-5,5,21,0,1913,2000,0,B
70,-5,6,22,0,1797,2000,0,B
70,-5,7,28,0,1550,2000,0,B
70,-5,8,18,0,1070,2000,0,B
70,-5,9,16,0,671,1924,76,C
70,-4,-3,25,0,1982,2000,0,B
70,-4,-2,16,0,1998,2000,0,B
70,-4,-1,26,1,2000,2000,0,A
70,-4,0,24,2,2000,2000,0,A
70,-4,1,21,0,1999,2000,0,B
70,-4,2,12,1,2000,2000,0,A
70,-4,3,20,0,1999,2000,0,B
70,-4,4,20,0,1985,2000,0,B
70,-4,5,23,0,1927,2000,0,B
70,-4,6,25,0,1810,2000,0,B
70,-4,7,13,0,1372,2000,0,B
70,-4,8,25,0,1099,2000,0,B
70,-3,-3,13,1,2000,2000,0,A
70,-3,-2,20,7,2000,2000,0,A
70,-3,-1,13,6,2000,2000,0,A
70,-3,0,23,15,2000,2000,0,A
70,-3,1,20,13,2000,2000,0,A
70,-3,2,18,4,2000,2000,0,A
70,-3,3,22,0,1999,2000,0,B
70,-3,4,23,0,1983,2000,0,B
70,-3,5,15,0,1937,2000,0,B
70,-3,6,20,0,1727,2000,0,B
70,-3,7,23,0,1383,2000,0,B
70,-2,-3,19,4,2000,2000,0,A
70,-2,-2,20,16,2000,2000,0,A
70,-2,-1,20,17,2000,2000,0,A
70,-2,0,23,21,2000,2000,0,A
70,-2,1,35,26,2000,2000,0,A
70,-2,2,24,8,2000,2000,0,A
70,-2,3,20,0,1999,2000,0,B
70,-2,4,24,0,1976,2000,0,B
70,-2,5,17,0,1847,2000,0,B
70,-2,6,27,0,1666,2000,0,B
70,-2,7,22,0,1255,2000,0,B
70,-1,-4,17,4,2000,2000,0,A
70,-1,-3,21,20,2000,2000,0,A
70,-1,-2,24,22,2000,2000,0,A
70,-1,-1,14,12,2000,2000,0,A
70,-1,0,23,19,2000,2000,0,A
70,-1,1,22,13,2000,2000,0,A
70,-1,2,17,1,2000,2000,0,A
70,-1,3,25,0,1991,2000,0,B
70,-1,4,20,0,1950,2000,0,B
70,-1,5,22,0,1801,2000,0,B
70,-1,6,21,0,1447,2000,0,B
70,0,-4,22,15,2000,2000,0,A
70,0,-3,18,13,2000,2000,0,A
70,0,-2,16,16,2000,2000,0,A
70,0,-1,21,20,2000,2000,0,A
70,0,0,27,20,2000,2000,0,A
70,0,1,13,1,2000,2000,0,A
70,0,2,21,0,1997,2000,0,B
70,0,3,22,0,1967,2000,0,B
70,0,4,25,0,1868,2000,0,B
70,0,5,17,0,1642,2000,0,B
70,0,6,24,0,1156,2000,0,B
70,1,-5,13,10,2000,2000,0,A
70,1,-4,27,23,2000,2000,0,A
70,1,-3,22,20,2000,2000,0,A
70,1,-2,24,21,2000,2000,0,A
70,1,-1,20,15,2000,2000,0,A
70,1,0,18,5,2000,2000,0,A
70,1,1,21,1,2000,2000,0,A
70,1,2,27,0,1980,2000,0,B
70,1,3,17,0,1901,2000,0,B
70,1,4,18,0,1662,2000,0,B
70,1,5,19,0,1292,2000,0,B
70,2,-5,18,14,2000,2000,0,A
70,2,-4,23,16,2000,2000,0,A
70,2,-3,15,13,2000,2000,0,A
70,2,-2,21,13,2000,2000,0,A
70,2,-1,31,3,2000,2000,0,A
70,2,0,32,0,1996,2000,0,B
70,2,1,19,0,1990,2000,0,B
70,2,2,17,0,1918,2000,0,B
70,2,3,23,0,1762,2000,0,B
70,2,4,18,0,1417,2000,0,B
70,2,5,22,0,938,1997,3,C
70,3,-6,25,8,2000,2000,0,A
70,3,-5,19,9,2000,2000,0,A
70,3,-4,27,8,2000,2000,0,A
70,3,-3,25,3,2000,2000,0,A
70,3,-2,22,1,2000,2000,0,A
70,3,-1,16,0,1997,2000,0,B
70,3,0,20,0,1977,2000,0,B
70,3,1,22,0,1910,2000,0,B
70,4,-3,24,0,1997,2000,0,B
71,-7,6,23,0,1642,2000,0,B
71,-7,7,19,0,1383,2000,0,B
71,-7,8,15,0,1006,1995,5,C
71,-6,2,23,0,1976,2000,0,B
71,-6,3,23,0,1966,2000,0,B
71,-6,4,24,0,1942,2000,0,B
71,-6,5,15,0,1881,2000,0,B
71,-6,6,18,0,1751,2000,0,B
71,-6,7,20,0,1513,2000,0,B
71,-6,8,21,0,1179,2000,0,B
71,-5,-2,25,0,1976,2000,0,B
71,-5,-1,36,0,1989,2000,0,B
71,-5,0,29,0,1995,2000,0,B
71,-5,1,21,0,1996,2000,0,B
71,-5,2,19,0,1994,2000,0,B
71,-5,3,24,0,1994,2000,0,B
71,-5,4,24,0,1978,2000,0,B
71,-5,5,21,0,1908,2000,0,B
71,-5,6,22,0,1806,2000,0,B
71,-5,7,28,0,1588,2000,0,B
71,-5,8,18,0,1108,2000,0,B
71,-5,9,16,0,663,1922,78,C
71,-4,-3,25,0,1986,2000,0,B
71,-4,-2,16,0,1996,2000,0,B
71,-4,-1,26,1,2000,2000,0,A
71,-4,0,24,2,2000,2000,0,A
71,-4,1,21,3,2000,2000,0,A
71,-4,2,12,0,1999,2000,0,B
71,-4,3,20,0,1998,2000,0,B
71,-4,4,20,0,1991,2000,0,B
71,-4,5,23,0,1945,2000,0,B
71,-4,6,25,0,1818,2000,0,B
71,-4,7,13,0,1356,2000,0,B
71,-4,8,25,0,1134,2000,0,B
71,-3,-3,13,0,1998,2000,0,B
71,-3,-2,20,7,2000,2000,0,A
71,-3,-1,13,4,2000,2000,0,A
71,-3,0,23,15,2000,2000,0,A
71,-3,1,20,11,2000,2000,0,A
71,-3,2,18,5,2000,2000,0,A
71,-3,3,22,1,2000,2000,0,A
71,-3,4,23,0,1989,2000,0,B
71,-3,5,15,0,1922,2000,0,B
71,-3,6,20,0,1770,2000,0,B
71,-3,7,23,0,1380,2000,0,B
71,-2,-3,19,5,2000,2000,0,A
71,-2,-2,20,18,2000,2000,0,A
71,-2,-1,20,16,2000,2000,0,A
71,-2,0,23,21,2000,2000,0,A
71,-2,1,35,30,2000,2000,0,A
71,-2,2,24,8,2000,2000,0,A
71,-2,3,20,0,1997,2000,0,B
71,-2,4,24,0,1979,2000,0,B
71,-2,5,17,0,1865,2000,0,B
71,-2,6,27,0,1654,2000,0,B
71,-2,7,22,0,1254,2000,0,B
71,-1,-4,17,7,2000,2000,0,A
71,-1,-3,21,14,2000,2000,0,A
71,-1,-2,24,23,2000,2000,0,A
71,-1,-1,14,13,2000,2000,0,A
71,-1,0,23,22,2000,2000,0,A
71,-1,1,22,11,2000,2000,0,A
71,-1,2,17,4,2000,2000,0,A
71,-1,3,25,0,1989,2000,0,B
71,-1,4,20,0,1960,2000,0,B
71,-1,5,22,0,1809,2000,0,B
71,-1,6,21,0,1459,2000,0,B
71,0,-4,22,19,2000,2000,0,A
71,0,-3,18,17,2000,2000,0,A
71,0,-2,16,16,2000,2000,0,A
71,0,-1,21,21,2000,2000,0,A
71,0,0,27,20,2000,2000,0,A
71,0,1,13,2,2000,2000,0,A
71,0,2,21,0,1997,2000,0,B
71,0,3,22,0,1969,2000,0,B
71,0,4,25,0,1870,2000,0,B
71,0,5,17,0,1642,2000,0,B
71,0,6,24,0,1153,2000,0,B
71,1,-5,13,8,2000,2000,0,A
71,1,-4,27,25,2000,2000,0,A
71,1,-3,22,21,2000,2000,0,A
71,1,-2,24,24,2000,2000,0,A
71,1,-1,20,16,2000,2000,0,A
71,1,0,18,4,2000,2000,0,A
71,1,1,21,0,1998,2000,0,B
71,1,2,27,0,1980,2000,0,B
71,1,3,17,0,1889,2000,0,B
71,1,4,18,0,1700,2000,0,B
71,1,5,19,0,1321,2000,0,B
71,2,-5,18,17,2000,2000,0,A
71,2,-4,23,14,2000,2000,0,A
71,2,-3,15,11,2000,2000,0,A
71,2,-2,21,15,2000,2000,0,A
71,2,-1,31,4,2000,2000,0,A
71,2,0,32,0,1998,2000,0,B
71,2,1,19,0,1988,2000,0,B
71,2,2,17,0,1918,2000,0,B
71,2,3,23,0,1755,2000,0,B
71,2,4,18,0,1400,2000,0,B
71,2,5,22,0,944,1995,5,C
71,3,-6,25,6,2000,2000,0,A
71,3,-5,19,7,2000,2000,0,A
71,3,-4,27,5,2000,2000,0,A
71,3,-3,25,5,2000,2000,0,A
71,3,-2,22,0,1999,2000,0,B
71,3,-1,16,0,1995,2000,0,B
71,3,0,20,0,1980,2000,0,B
71,3,1,22,0,1915,2000,0,B
71,4,-3,24,1,2000,2000,0,A
72,-7,6,23,0,1646,2000,0,B
72,-7,7,19,0,1380,2000,0,B
72,-7,8,15,0,1015,1992,8,C
72,-6,2,23,0,1977,2000,0,B
72,-6,3,23,0,1965,2000,0,B
72,-6,4,24,0,1929,2000,0,B
72,-6,5,15,0,1871,2000,0,B
72,-6,6,18,0,1763,2000,0,B
72,-6,7,20,0,1527,2000,0,B
72,-6,8,21,0,1188,2000,0,B
72,-5,-2,25,0,1979,2000,0,B
72,-5,-1,36,0,1992,2000,0,B
72,-5,0,29,0,1996,2000,0,B
72,-5,1,21,0,1996,2000,0,B
72,-5,2,19,0,1998,2000,0,B
72,-5,3,24,0,1994,2000,0,B
72,-5,4,24,0,1977,2000,0,B
72,-5,5,21,0,1912,2000,0,B
72,-5,6,22,0,1815,2000,0,B
72,-5,7,28,0,1604,2000,0,B
72,-5,8,18,0,1087,1999,1,C
72,-5,9,16,0,677,1934,66,C
72,-4,-3,25,0,1987,2000,0,B
72,-4,-2,16,0,1995,2000,0,B
72,-4,-1,26,0,1999,2000,0,B
72,-4,0,24,4,2000,2000,0,A
72,-4,1,21,4,2000,2000,0,A
72,-4,2,12,0,1999,2000,0,B
72,-4,3,20,0,1998,2000,0,B
72,-4,4,20,0,1987,2000,0,B
72,-4,5,23,0,1939,2000,0,B
72,-4,6,25,0,1826,2000,0,B
72,-4,7,13,0,1423,2000,0,B
72,-4,8,25,0,1077,2000,0,B
72,-3,-3,13,0,1999,2000,0,B
72,-3,-2,20,6,2000,2000,0,A
72,-3,-1,13,10,2000,2000,0,A
72,-3,0,23,18,2000,2000,0,A
72,-3,1,20,11,2000,2000,0,A
72,-3,2,18,5,2000,2000,0,A
72,-3,3,22,0,1999,2000,0,B
72,-3,4,23,0,1989,2000,0,B
72,-3,5,15,0,1924,2000,0,B
72,-3,6,20,0,1772,2000,0,B
72,-3,7,23,0,1381,2000,0,B
72,-2,-3,19,6,2000,2000,0,A
72,-2,-2,20,17,2000,2000,0,A
72,-2,-1,20,18,2000,2000,0,A
72,-2,0,23,21,2000,2000,0,A
72,-2,1,35,29,2000,2000,0,A
72,-2,2,24,11,2000,2000,0,A
72,-2,3,20,0,1997,2000,0,B
72,-2,4,24,0,1973,2000,0,B
72,-2,5,17,0,1866,2000,0,B
72,-2,6,27,0,1640,2000,0,B
72,-2,7,22,0,1221,2000,0,B
72,-1,-4,17,7,2000,2000,0,A
72,-1,-3,21,20,2000,2000,0,A
72,-1,-2,24,22,2000,2000,0,A
72,-1,-1,14,14,2000,2000,0,A
72,-1,0,23,20,2000,2000,0,A
72,-1,1,22,14,2000,2000,0,A
72,-1,2,17,1,2000,2000,0,A
72,-1,3,25,0,1992,2000,0,B
72,-1,4,20,0,1947,2000,0,B
72,-1,5,22,0,1795,2000,0,B
72,-1,6,21,0,1478,2000,0,B
72,0,-4,22,15,2000,2000,0,A
72,0,-3,18,14,2000,2000,0,A
72,0,-2,16,14,2000,2000,0,A
72,0,-1,21,21,2000,2000,0,A
72,0,0,27,22,2000,2000,0,A
72,0,1,13,2,2000,2000,0,A
72,0,2,21,0,1998,2000,0,B
72,0,3,22,0,1965,2000,0,B
72,0,4,25,0,1881,2000,0,B
72,0,5,17,0,1608,2000,0,B
72,0,6,24,0,1140,2000,0,B
72,1,-5,13,10,2000,2000,0,A
72,1,-4,27,20,2000,2000,0,A
72,1,-3,22,18,2000,2000,0,A
72,1,-2,24,22,2000,2000,0,A
72,1,-1,20,18,2000,2000,0,A
72,1,0,18,3,2000,2000,0,A
72,1,1,21,0,1999,2000,0,B
72,1,2,27,0,1981,2000,0,B
72,1,3,17,0,1901,2000,0,B
72,1,4,18,0,1696,2000,0,B
72,1,5,19,0,1320,2000,0,B
72,2,-5,18,14,2000,2000,0,A
72,2,-4,23,16,2000,2000,0,A
72,2,-3,15,12,2000,2000,0,A
72,2,-2,21,15,2000,2000,0,A
72,2,-1,31,7,2000,2000,0,A
72,2,0,32,0,1998,2000,0,B
72,2,1,19,0,1982,2000,0,B
72,2,2,17,0,1917,2000,0,B
72,2,3,23,0,1747,2000,0,B
72,2,4,18,0,1423,2000,0,B
72,2,5,22,0,972,1999,1,C
72,3,-6,25,8,2000,2000,0,A
72,3,-5,19,7,2000,2000,0,A
72,3,-4,27,6,2000,2000,0,A
72,3,-3,25,3,2000,2000,0,A
72,3,-2,22,0,1999,2000,0,B
72,3,-1,16,0,1995,2000,0,B
72,3,0,20,0,1975,2000,0,B
72,3,1,22,0,1918,2000,0,B
72,4,-3,24,0,1997,2000,0,B
73,-7,6,23,0,1622,2000,0,B
73,-7,7,19,0,1410,2000,0,B
73,-7,8,15,0,1000,1988,12,C
73,-6,2,23,0,1969,2000,0,B
73,-6,3,23,0,1962,2000,0,B
73,-6,4,24,0,1935,2000,0,B
73,-6,5,15,0,1872,2000,0,B
73,-6,6,18,0,1751,2000,0,B
73,-6,7,20,0,1510,2000,0,B
73,-6,8,21,0,1159,2000,0,B
73,-5,-2,25,0,1975,2000,0,B
73,-5,-1,36,0,1994,2000,0,B
73,-5,0,29,0,1997,2000,0,B
73,-5,1,21,0,1997,2000,0,B
73,-5,2,19,0,1995,2000,0,B
73,-5,3,24,0,1995,2000,0,B
73,-5,4,24,0,1968,2000,0,B
73,-5,5,21,0,1923,2000,0,B
73,-5,6,22,0,1800,2000,0,B
73,-5,7,28,0,1596,2000,0,B
73,-5,8,18,0,1143,2000,0,B
73,-5,9,16,0,666,1911,89,C
73,-4,-3,25,0,1983,2000,0,B
73,-4,-2,16,0,1997,2000,0,B
73,-4,-1,26,1,2000,2000,0,A
73,-4,0,24,2,2000,2000,0,A
73,-4,1,21,6,2000,2000,0,A
73,-4,2,12,0,1999,2000,0,B
73,-4,3,20,1,2000,2000,0,A
73,-4,4,20,0,1984,2000,0,B
73,-4,5,23,0,1939,2000,0,B
73,-4,6,25,0,1819,2000,0,B
73,-4,7,13,0,1390,2000,0,B
73,-4,8,25,0,1098,2000,0,B
73,-3,-3,13,0,1997,2000,0,B
73,-3,-2,20,7,2000,2000,0,A
73,-3,-1,13,8,2000,2000,0,A
73,-3,0,23,12,2000,2000,0,A
73,-3,1,20,11,2000,2000,0,A
73,-3,2,18,6,2000,2000,0,A
73,-3,3,22,1,2000,2000,0,A
73,-3,4,23,0,1982,2000,0,B
73,-3,5,15,0,1933,2000,0,B
73,-3,6,20,0,1739,2000,0,B
73,-3,7,23,0,1374,2000,0,B
73,-2,-3,19,6,2000,2000,0,A
73,-2,-2,20,17,2000,2000,0,A
73,-2,-1,20,19,2000,2000,0,A
73,-2,0,23,20,2000,2000,0,A
73,-2,1,35,25,2000,2000,0,A
73,-2,2,24,11,2000,2000,0,A
73,-2,3,20,0,1999,2000,0,B
73,-2,4,24,0,1973,2000,0,B
73,-2,5,17,0,1849,2000,0,B
73,-2,6,27,0,1665,2000,0,B
73,-2,7,22,0,1254,2000,0,B
73,-1,-4,17,6,2000,2000,0,A
73,-1,-3,21,14,2000,2000,0,A
73,-1,-2,24,23,2000,2000,0,A
73,-1,-1,14,13,2000,2000,0,A
73,-1,0,23,18,2000,2000,0,A
73,-1,1,22,15,2000,2000,0,A
73,-1,2,17,0,1999,2000,0,B
73,-1,3,25,0,1989,2000,0,B
73,-1,4,20,0,1944,2000,0,B
73,-1,5,22,0,1783,2000,0,B
73,-1,6,21,0,1462,2000,0,B
73,0,-4,22,13,2000,2000,0,A
73,0,-3,18,16,2000,2000,0,A
73,0,-2,16,15,2000,2000,0,A
73,0,-1,21,20,2000,2000,0,A
73,0,0,27,16,2000,2000,0,A
73,0,1,13,2,2000,2000,0,A
73,0,2,21,0,1995,2000,0,B
73,0,3,22,0,1965,2000,0,B
73,0,4,25,0,1863,2000,0,B
73,0,5,17,0,1632,2000,0,B
73,0,6,24,0,1134,2000,0,B
73,1,-5,13,10,2000,2000,0,A
73,1,-4,27,20,2000,2000,0,A
73,1,-3,22,21,2000,2000,0,A
73,1,-2,24,24,2000,2000,0,A
73,1,-1,20,16,2000,2000,0,A
73,1,0,18,5,2000,2000,0,A
73,1,1,21,1,2000,2000,0,A
73,1,2,27,0,1981,2000,0,B
73,1,3,17,0,1906,2000,0,B
73,1,4,18,0,1707,2000,0,B
73,1,5,19,0,1295,2000,0,B
73,2,-5,18,14,2000,2000,0,A
73,2,-4,23,21,2000,2000,0,A
73,2,-3,15,9,2000,2000,0,A
73,2,-2,21,10,2000,2000,0,A
73,2,-1,31,4,2000,2000,0,A
73,2,0,32,0,1999,2000,0,B
73,2,1,19,0,1980,2000,0,B
73,2,2,17,0,1927,2000,0,B
73,2,3,23,0,1745,2000,0,B
73,2,4,18,0,1411,2000,0,B
73,2,5,22,0,921,1996,4,C
73,3,-6,25,7,2000,2000,0,A
73,3,-5,19,11,2000,2000,0,A
73,3,-4,27,8,2000,2000,0,A
73,3,-3,25,5,2000,2000,0,A
73,3,-2,22,0,1999,2000,0,B
73,3,-1,16,0,1993,2000,0,B
73,3,0,20,0,1970,2000,0,B
73,3,1,22,0,1924,2000,0,B
73,4,-3,24,0,1996,2000,0,B
74,-7,6,23,0,1653,2000,0,B
74,-7,7,19,0,1394,2000,0,B
74,-7,8,15,0,1014,1994,6,C
74,-6,2,23,0,1974,2000,0,B
74,-6,3,23,0,1971,2000,0,B
74,-6,4,24,0,1944,2000,0,B
74,-6,5,15,0,1879,2000,0,B
74,-6,6,18,0,1746,2000,0,B
74,-6,7,20,0,1520,2000,0,B
74,-6,8,21,0,1166,2000,0,B
74,-5,-2,25,0,1969,2000,0,B
74,-5,-1,36,0,1992,2000,0,B
74,-5,0,29,0,1997,2000,0,B
74,-5,1,21,0,1998,2000,0,B
74,-5,2,19,0,1996,2000,0,B
74,-5,3,24,0,1989,2000,0,B
74,-5,4,24,0,1975,2000,0,B
74,-5,5,21,0,1926,2000,0,B
74,-5,6,22,0,1796,2000,0,B
74,-5,7,28,0,1591,2000,0,B
74,-5,8,18,0,1073,2000,0,B
74,-5,9,16,0,660,1926,74,C
74,-4,-3,25,0,1986,2000,0,B
74,-4,-2,16,0,1996,2000,0,B
74,-4,-1,26,1,2000,2000,0,A
74,-4,0,24,2,2000,2000,0,A
74,-4,1,21,0,1999,2000,0,B
74,-4,2,12,0,1999,2000,0,B
74,-4,3,20,0,1997,2000,0,B
74,-4,4,20,0,1988,2000,0,B
74,-4,5,23,0,1940,2000,0,B
74,-4,6,25,0,1817,2000,0,B
74,-4,7,13,0,1390,1999,1,C
74,-4,8,25,0,1089,2000,0,B
74,-3,-3,13,0,1999,2000,0,B
74,-3,-2,20,5,2000,2000,0,A
74,-3,-1,13,8,2000,2000,0,A
74,-3,0,23,19,2000,2000,0,A
74,-3,1,20,13,2000,2000,0,A
74,-3,2,18,6,2000,2000,0,A
74,-3,3,22,1,2000,2000,0,A
74,-3,4,23,0,1985,2000,0,B
74,-3,5,15,0,1929,2000,0,B
74,-3,6,20,0,1748,2000,0,B
74,-3,7,23,0,1391,2000,0,B
74,-2,-3,19,5,2000,2000,0,A
74,-2,-2,20,18,2000,2000,0,A
74,-2,-1,20,19,2000,2000,0,A
74,-2,0,23,18,2000,2000,0,A
74,-2,1,35,26,2000,2000,0,A
74,-2,2,24,6,2000,2000,0,A
74,-2,3,20,0,1996,2000,0,B
74,-2,4,24,0,1979,2000,0,B
74,-2,5,17,0,1858,2000,0,B
74,-2,6,27,0,1655,2000,0,B
74,-2,7,22,0,1291,2000,0,B
74,-1,-4,17,7,2000,2000,0,A
74,-1,-3,21,15,2000,2000,0,A
74,-1,-2,24,24,2000,2000,0,A
74,-1,-1,14,14,2000,2000,0,A
74,-1,0,23,21,2000,2000,0,A
74,-1,1,22,14,2000,2000,0,A
74,-1,2,17,4,2000,2000,0,A
74,-1,3,25,0,1992,2000,0,B
74,-1,4,20,0,1942,2000,0,B
74,-1,5,22,0,1798,2000,0,B
74,-1,6,21,0,1455,2000,0,B
74,0,-4,22,19,2000,2000,0,A
74,0,-3,18,18,2000,2000,0,A
74,0,-2,16,15,2000,2000,0,A
74,0,-1,21,20,2000,2000,0,A
74,0,0,27,20,2000,2000,0,A
74,0,1,13,2,2000,2000,0,A
74,0,2,21,0,1996,2000,0,B
74,0,3,22,0,1964,2000,0,B
74,0,4,25,0,1876,2000,0,B
74,0,5,17,0,1627,2000,0,B
74,0,6,24,0,1149,2000,0,B
74,1,-5,13,6,2000,2000,0,A
74,1,-4,27,20,2000,2000,0,A
74,1,-3,22,20,2000,2000,0,A
74,1,-2,24,22,2000,2000,0,A
74,1,-1,20,15,2000,2000,0,A
74,1,0,18,3,2000,2000,0,A
74,1,1,21,0,1998,2000,0,B
74,1,2,27,0,1978,2000,0,B
74,1,3,17,0,1897,2000,0,B
74,1,4,18,0,1698,2000,0,B
74,1,5,19,0,1325,2000,0,B
74,2,-5,18,13,2000,2000,0,A
74,2,-4,23,18,2000,2000,0,A
74,2,-3,15,12,2000,2000,0,A
74,2,-2,21,17,2000,2000,0,A
74,2,-1,31,5,2000,2000,0,A
74,2,0,32,0,1997,2000,0,B
74,2,1,19,0,1984,2000,0,B
74,2,2,17,0,1940,2000,0,B
74,2,3,23,0,1753,2000,0,B
74,2,4,18,0,1419,2000,0,B
74,2,5,22,0,967,2000,0,B
74,3,-6,25,7,2000,2000,0,A
74,3,-5,19,7,2000,2000,0,A
74,3,-4,27,5,2000,2000,0,A
74,3,-3,25,8,2000,2000,0,A
74,3,-2,22,1,2000,2000,0,A
74,3,-1,16,0,1995,2000,0,B
74,3,0,20,0,1973,2000,0,B
74,3,1,22,0,1911,2000,0,B
74,4,-3,24,0,1996,2000,0,B
75,-7,6,23,0,1620,2000,0,B
75,-7,7,19,0,1393,2000,0,B
75,-7,8,15,0,1036,1991,9,C
75,-6,2,23,0,1976,2000,0,B
75,-6,3,23,0,1966,2000,0,B
75,-6,4,24,0,1946,2000,0,B
75,-6,5,15,0,1877,2000,0,B
75,-6,6,18,0,1732,2000,0,B
75,-6,7,20,0,1480,2000,0,B
75,-6,8,21,0,1170,2000,0,B
75,-5,-2,25,0,1975,2000,0,B
75,-5,-1,36,0,1993,2000,0,B
75,-5,0,29,0,1996,2000,0,B
75,-5,1,21,0,1998,2000,0,B
75,-5,2,19,0,1995,2000,0,B
75,-5,3,24,0,1996,2000,0,B
75,-5,4,24,0,1972,2000,0,B
75,-5,5,21,0,1920,2000,0,B
75,-5,6,22,0,1793,2000,0,B
75,-5,7,28,0,1578,2000,0,B
75,-5,8,18,0,1090,2000,0,B
75,-5,9,16,0,679,1915,85,C
75,-4,-3,25,0,1986,2000,0,B
75,-4,-2,16,0,1997,2000,0,B
75,-4,-1,26,2,2000,2000,0,A
75,-4,0,24,2,2000,2000,0,A
75,-4,1,21,6,2000,2000,0,A
75,-4,2,12,1,2000,2000,0,A
75,-4,3,20,0,1998,2000,0,B
75,-4,4,20,0,1986,2000,0,B
75,-4,5,23,0,1933,2000,0,B
75,-4,6,25,0,1823,2000,0,B
75,-4,7,13,0,1366,2000,0,B
75,-4,8,25,0,1062,2000,0,B
75,-3,-3,13,0,1998,2000,0,B
75,-3,-2,20,6,2000,2000,0,A
75,-3,-1,13,8,2000,2000,0,A
75,-3,0,23,16,2000,2000,0,A
75,-3,1,20,12,2000,2000,0,A
75,-3,2,18,4,2000,2000,0,A
75,-3,3,22,0,1997,2000,0,B
75,-3,4,23,0,1981,2000,0,B
75,-3,5,15,0,1937,2000,0,B
75,-3,6,20,0,1761,2000,0,B
75,-3,7,23,0,1391,2000,0,B
75,-2,-3,19,4,2000,2000,0,A
75,-2,-2,20,17,2000,2000,0,A
75,-2,-1,20,16,2000,2000,0,A
75,-2,0,23,20,2000,2000,0,A
75,-2,1,35,27,2000,2000,0,A
75,-2,2,24,6,2000,2000,0,A
75,-2,3,20,0,1999,2000,0,B
75,-2,4,24,0,1978,2000,0,B
75,-2,5,17,0,1853,2000,0,B
75,-2,6,27,0,1649,2000,0,B
75,-2,7,22,0,1265,2000,0,B
75,-1,-4,17,9,2000,2000,0,A
75,-1,-3,21,13,2000,2000,0,A
75,-1,-2,24,23,2000,2000,0,A
75,-1,-1,14,12,2000,2000,0,A
75,-1,0,23,16,2000,2000,0,A
75,-1,1,22,16,2000,2000,0,A
75,-1,2,17,2,2000,2000,0,A
75,-1,3,25,0,1989,2000,0,B
75,-1,4,20,0,1944,2000,0,B
75,-1,5,22,0,1794,2000,0,B
75,-1,6,21,0,1456,2000,0,B
75,0,-4,22,13,2000,2000,0,A
75,0,-3,18,15,2000,2000,0,A
75,0,-2,16,16,2000,2000,0,A
75,0,-1,21,20,2000,2000,0,A
75,0,0,27,21,2000,2000,0,A
75,0,1,13,4,2000,2000,0,A
75,0,2,21,0,1999,2000,0,B
75,0,3,22,0,1969,2000,0,B
75,0,4,25,0,1877,2000,0,B
75,0,5,17,0,1630,2000,0,B
75,0,6,24,0,1114,2000,0,B
75,1,-5,13,8,2000,2000,0,A
75,1,-4,27,22,2000,2000,0,A
75,1,-3,22,21,2000,2000,0,A
75,1,-2,24,24,2000,2000,0,A
75,1,-1,20,13,2000,2000,0,A
75,1,0,18,7,2000,2000,0,A
75,1,1,21,0,1997,2000,0,B
75,1,2,27,0,1986,2000,0,B
75,1,3,17,0,1902,2000,0,B
75,1,4,18,0,1705,2000,0,B
75,1,5,19,0,1312,2000,0,B
75,2,-5,18,14,2000,2000,0,A
75,2,-4,23,18,2000,2000,0,A
75,2,-3,15,12,2000,2000,0,A
75,2,-2,21,14,2000,2000,0,A
75,2,-1,31,2,2000,2000,0,A
75,2,0,32,0,1998,2000,0,B
75,2,1,19,0,1990,2000,0,B
75,2,2,17,0,1927,2000,0,B
75,2,3,23,0,1748,2000,0,B
75,2,4,18,0,1408,2000,0,B
75,2,5,22,0,940,2000,0,B
75,3,-6,25,8,2000,2000,0,A
75,3,-5,19,10,2000,2000,0,A
75,3,-4,27,7,2000,2000,0,A
75,3,-3,25,8,2000,2000,0,A
75,3,-2,22,1,2000,2000,0,A
75,3,-1,16,0,1995,2000,0,B
75,3,0,20,0,1978,2000,0,B
75,3,1,22,0,1917,2000,0,B
75,4,-3,24,0,1998,2000,0,B
76,-7,6,23,0,1669,2000,0,B
76,-7,7,19,0,1422,2000,0,B
76,-7,8,15,0,1005,1990,10,C
76,-6,2,23,0,1974,2000,0,B
76,-6,3,23,0,1973,2000,0,B
76,-6,4,24,0,1945,2000,0,B
76,-6,5,15,0,1883,2000,0,B
76,-6,6,18,0,1760,2000,0,B
76,-6,7,20,0,1510,2000,0,B
76,-6,8,21,0,1189,2000,0,B
76,-5,-2,25,0,1972,2000,0,B
76,-5,-1,36,0,1993,2000,0,B
76,-5,0,29,0,1995,2000,0,B
76,-5,1,21,0,1997,2000,0,B
76,-5,2,19,0,1994,2000,0,B
76,-5,3,24,0,1993,2000,0,B
76,-5,4,24,0,1979,2000,0,B
76,-5,5,21,0,1918,2000,0,B
76,-5,6,22,0,1806,2000,0,B
76,-5,7,28,0,1593,2000,0,B
76,-5,8,18,0,1097,2000,0,B
76,-5,9,16,0,689,1915,85,C
76,-4,-3,25,0,1986,2000,0,B
76,-4,-2,16,0,1999,2000,0,B
76,-4,-1,26,2,2000,2000,0,A
76,-4,0,24,4,2000,2000,0,A
76,-4,1,21,3,2000,2000,0,A
76,-4,2,12,2,2000,2000,0,A
76,-4,3,20,0,1997,2000,0,B
76,-4,4,20,0,1989,2000,0,B
76,-4,5,23,0,1943,2000,0,B
76,-4,6,25,0,1808,2000,0,B
76,-4,7,13,0,1382,2000,0,B
76,-4,8,25,0,1087,2000,0,B
76,-3,-3,13,0,1998,2000,0,B
76,-3,-2,20,5,2000,2000,0,A
76,-3,-1,13,10,2000,2000,0,A
76,-3,0,23,14,2000,2000,0,A
76,-3,1,20,14,2000,2000,0,A
76,-3,2,18,8,2000,2000,0,A
76,-3,3,22,0,1998,2000,0,B
76,-3,4,23,0,1984,2000,0,B
76,-3,5,15,0,1927,2000,0,B
76,-3,6,20,0,1753,2000,0,B
76,-3,7,23,0,1384,2000,0,B
76,-2,-3,19,6,2000,2000,0,A
76,-2,-2,20,13,2000,2000,0,A
76,-2,-1,20,18,2000,2000,0,A
76,-2,0,23,22,2000,2000,0,A
76,-2,1,35,24,2000,2000,0,A
76,-2,2,24,10,2000,2000,0,A
76,-2,3,20,0,1999,2000,0,B
76,-2,4,24,0,1982,2000,0,B
76,-2,5,17,0,1863,2000,0,B
76,-2,6,27,0,1646,2000,0,B
76,-2,7,22,0,1305,2000,0,B
76,-1,-4,17,8,2000,2000,0,A
76,-1,-3,21,17,2000,2000,0,A
76,-1,-2,24,19,2000,2000,0,A
76,-1,-1,14,14,2000,2000,0,A
76,-1,0,23,20,2000,2000,0,A
76,-1,1,22,16,2000,2000,0,A
76,-1,2,17,1,2000,2000,0,A
76,-1,3,25,0,1991,2000,0,B
76,-1,4,20,0,1948,2000,0,B
76,-1,5,22,0,1822,2000,0,B
76,-1,6,21,0,1440,2000,0,B
76,0,-4,22,17,2000,2000,0,A
76,0,-3,18,16,2000,2000,0,A
76,0,-2,16,16,2000,2000,0,A
76,0,-1,21,21,2000,2000,0,A
76,0,0,27,22,2000,2000,0,A
76,0,1,13,3,2000,2000,0,A
76,0,2,21,0,1996,2000,0,B
76,0,3,22,0,1973,2000,0,B
76,0,4,25,0,1877,2000,0,B
76,0,5,17,0,1628,2000,0,B
76,0,6,24,0,1133,2000,0,B
76,1,-5,13,9,2000,2000,0,A
76,1,-4,27,24,2000,2000,0,A
76,1,-3,22,18,2000,2000,0,A
76,1,-2,24,22,2000,2000,0,A
76,1,-1,20,15,2000,2000,0,A
76,1,0,18,5,2000,2000,0,A
76,1,1,21,0,1999,2000,0,B
76,1,2,27,0,1978,2000,0,B
76,1,3,17,0,1901,2000,0,B
76,1,4,18,0,1686,2000,0,B
76,1,5,19,0,1304,2000,0,B
76,2,-5,18,14,2000,2000,0,A
76,2,-4,23,13,2000,2000,0,A
76,2,-3,15,13,2000,2000,0,A
76,2,-2,21,10,2000,2000,0,A
76,2,-1,31,5,2000,2000,0,A
76,2,0,32,0,1997,2000,0,B
76,2,1,19,0,1983,2000,0,B
76,2,2,17,0,1918,2000,0,B
76,2,3,23,0,1748,2000,0,B
76,2,4,18,0,1363,2000,0,B
76,2,5,22,0,947,1997,3,C
76,3,-6,25,8,2000,2000,0,A
76,3,-5,19,10,2000,2000,0,A
76,3,-4,27,13,2000,2000,0,A
76,3,-3,25,6,2000,2000,0,A
76,3,-2,22,0,1999,2000,0,B
76,3,-1,16,0,1994,2000,0,B
76,3,0,20,0,1974,2000,0,B
76,3,1,22,0,1926,2000,0,B
76,4,-3,24,0,1997,2000,0,B
77,-7,6,23,0,1661,2000,0,B
77,-7,7,19,0,1384,2000,0,B
77,-7,8,15,0,1039,1994,6,C
77,-6,2,23,0,1983,2000,0,B
77,-6,3,23,0,1965,2000,0,B
77,-6,4,24,0,1927,2000,0,B
77,-6,5,15,0,1881,2000,0,B
77,-6,6,18,0,1746,2000,0,B
77,-6,7,20,0,1497,2000,0,B
77,-6,8,21,0,1176,2000,0,B
77,-5,-2,25,0,1971,2000,0,B
77,-5,-1,36,0,1990,2000,0,B
77,-5,0,29,0,1996,2000,0,B
77,-5,1,21,0,1995,2000,0,B
77,-5,2,19,0,1993,2000,0,B
77,-5,3,24,0,1995,2000,0,B
77,-5,4,24,0,1980,2000,0,B
77,-5,5,21,0,1911,2000,0,B
77,-5,6,22,0,1811,2000,0,B
77,-5,7,28,0,1547,2000,0,B
77,-5,8,18,0,1107,2000,0,B
77,-5,9,16,0,689,1927,73,C
77,-4,-3,25,0,1985,2000,0,B
77,-4,-2,16,0,1997,2000,0,B
77,-4,-1,26,0,1999,2000,0,B
77,-4,0,24,7,2000,2000,0,A
77,-4,1,21,1,2000,2000,0,A
77,-4,2,12,2,2000,2000,0,A
77,-4,3,20,1,2000,2000,0,A
77,-4,4,20,0,1990,2000,0,B
77,-4,5,23,0,1935,2000,0,B
77,-4,6,25,0,1804,2000,0,B
77,-4,7,13,0,1374,2000,0,B
77,-4,8,25,0,1071,2000,0,B
77,-3,-3,13,0,1999,2000,0,B
77,-3,-2,20,5,2000,2000,0,A
77,-3,-1,13,8,2000,2000,0,A
77,-3,0,23,16,2000,2000,0,A
77,-3,1,20,14,2000,2000,0,A
77,-3,2,18,7,2000,2000,0,A
77,-3,3,22,1,2000,2000,0,A
77,-3,4,23,0,1991,2000,0,B
77,-3,5,15,0,1918,2000,0,B
77,-3,6,20,0,1748,2000,0,B
77,-3,7,23,0,1388,2000,0,B
77,-2,-3,19,7,2000,2000,0,A
77,-2,-2,20,18,2000,2000,0,A
77,-2,-1,20,18,2000,2000,0,A
77,-2,0,23,21,2000,2000,0,A
77,-2,1,35,30,2000,2000,0,A
77,-2,2,24,15,2000,2000,0,A
77,-2,3,20,0,1999,2000,0,B
77,-2,4,24,0,1985,2000,0,B
77,-2,5,17,0,1868,2000,0,B
77,-2,6,27,0,1621,2000,0,B
77,-2,7,22,0,1233,2000,0,B
77,-1,-4,17,8,2000,2000,0,A
77,-1,-3,21,14,2000,2000,0,A
77,-1,-2,24,21,2000,2000,0,A
77,-1,-1,14,11,2000,2000,0,A
77,-1,0,23,22,2000,2000,0,A
77,-1,1,22,14,2000,2000,0,A
77,-1,2,17,2,2000,2000,0,A
77,-1,3,25,0,1990,2000,0,B
77,-1,4,20,0,1955,2000,0,B
77,-1,5,22,0,1797,2000,0,B
77,-1,6,21,0,1439,2000,0,B
77,0,-4,22,17,2000,2000,0,A
77,0,-3,18,16,2000,2000,0,A
77,0,-2,16,16,2000,2000,0,A
77,0,-1,21,20,2000,2000,0,A
77,0,0,27,22,2000,2000,0,A
77,0,1,13,3,2000,2000,0,A
77,0,2,21,0,1996,2000,0,B
77,0,3,22,0,1976,2000,0,B
77,0,4,25,0,1872,2000,0,B
77,0,5,17,0,1605,2000,0,B
77,0,6,24,0,1149,2000,0,B
77,1,-5,13,7,2000,2000,0,A
77,1,-4,27,18,2000,2000,0,A
77,1,-3,22,20,2000,2000,0,A
77,1,-2,24,23,2000,2000,0,A
77,1,-1,20,13,2000,2000,0,A
77,1,0,18,6,2000,2000,0,A
77,1,1,21,0,1998,2000,0,B
77,1,2,27,0,1979,2000,0,B
77,1,3,17,0,1891,2000,0,B
77,1,4,18,0,1699,2000,0,B
77,1,5,19,0,1308,2000,0,B
77,2,-5,18,14,2000,2000,0,A
77,2,-4,23,20,2000,2000,0,A
77,2,-3,15,12,2000,2000,0,A
77,2,-2,21,12,2000,2000,0,A
77,2,-1,31,4,2000,2000,0,A
77,2,0,32,0,1997,2000,0,B
77,2,1,19,0,1980,2000,0,B
77,2,2,17,0,1934,2000,0,B
77,2,3,23,0,1770,2000,0,B
77,2,4,18,0,1424,2000,0,B
77,2,5,22,0,931,1998,2,C
77,3,-6,25,5,2000,2000,0,A
77,3,-5,19,10,2000,2000,0,A
77,3,-4,27,14,2000,2000,0,A
77,3,-3,25,6,2000,2000,0,A
77,3,-2,22,0,1999,2000,0,B
77,3,-1,16,0,1997,2000,0,B
77,3,0,20,0,1973,2000,0,B
77,3,1,22,0,1928,2000,0,B
77,4,-3,24,0,1996,2000,0,B
78,-7,6,23,0,1628,2000,0,B
78,-7,7,19,0,1405,2000,0,B
78,-7,8,15,0,987,1992,8,C
78,-6,2,23,0,1979,2000,0,B
78,-6,3,23,0,1967,2000,0,B
78,-6,4,24,0,1950,2000,0,B
78,-6,5,15,0,1865,2000,0,B
78,-6,6,18,0,1736,2000,0,B
78,-6,7,20,0,1527,2000,0,B
78,-6,8,21,0,1175,2000,0,B
78,-5,-2,25,0,1972,2000,0,B
78,-5,-1,36,0,1992,2000,0,B
78,-5,0,29,0,1996,2000,0,B
78,-5,1,21,0,1997,2000,0,B
78,-5,2,19,0,1994,2000,0,B
78,-5,3,24,0,1994,2000,0,B
78,-5,4,24,0,1979,2000,0,B
78,-5,5,21,0,1925,2000,0,B
78,-5,6,22,0,1806,2000,0,B
78,-5,7,28,0,1583,2000,0,B
78,-5,8,18,0,1079,1999,1,C
78,-5,9,16,0,665,1927,73,C
78,-4,-3,25,0,1979,2000,0,B
78,-4,-2,16,0,1996,2000,0,B
78,-4,-1,26,2,2000,2000,0,A
78,-4,0,24,2,2000,2000,0,A
78,-4,1,21,2,2000,2000,0,A
78,-4,2,12,0,1999,2000,0,B
78,-4,3,20,0,1996,2000,0,B
78,-4,4,20,0,1985,2000,0,B
78,-4,5,23,0,1948,2000,0,B
78,-4,6,25,0,1828,2000,0,B
78,-4,7,13,0,1371,1999,1,C
78,-4,8,25,0,1087,1999,1,C
78,-3,-3,13,0,1999,2000,0,B
78,-3,-2,20,9,2000,2000,0,A
78,-3,-1,13,8,2000,2000,0,A
78,-3,0,23,15,2000,2000,0,A
78,-3,1,20,11,2000,2000,0,A
78,-3,2,18,6,2000,2000,0,A
78,-3,3,22,1,2000,2000,0,A
78,-3,4,23,0,1987,2000,0,B
78,-3,5,15,0,1925,2000,0,B
78,-3,6,20,0,1754,2000,0,B
78,-3,7,23,0,1382,2000,0,B
78,-2,-3,19,6,2000,2000,0,A
78,-2,-2,20,18,2000,2000,0,A
78,-2,-1,20,19,2000,2000,0,A
78,-2,0,23,22,2000,2000,0,A
78,-2,1,35,28,2000,2000,0,A
78,-2,2,24,9,2000,2000,0,A
78,-2,3,20,0,1997,2000,0,B
78,-2,4,24,0,1975,2000,0,B
78,-2,5,17,0,1873,2000,0,B
78,-2,6,27,0,1676,2000,0,B
78,-2,7,22,0,1252,2000,0,B
78,-1,-4,17,13,2000,2000,0,A
78,-1,-3,21,18,2000,2000,0,A
78,-1,-2,24,23,2000,2000,0,A
78,-1,-1,14,13,2000,2000,0,A
78,-1,0,23,20,2000,2000,0,A
78,-1,1,22,9,2000,2000,0,A
78,-1,2,17,3,2000,2000,0,A
78,-1,3,25,0,1994,2000,0,B
78,-1,4,20,0,1957,2000,0,B
78,-1,5,22,0,1790,2000,0,B
78,-1,6,21,0,1458,2000,0,B
78,0,-4,22,15,2000,2000,0,A
78,0,-3,18,17,2000,2000,0,A
78,0,-2,16,15,2000,2000,0,A
78,0,-1,21,19,2000,2000,0,A
78,0,0,27,22,2000,2000,0,A
78,0,1,13,1,2000,2000,0,A
78,0,2,21,0,1996,2000,0,B
78,0,3,22,0,1963,2000,0,B
78,0,4,25,0,1869,2000,0,B
78,0,5,17,0,1636,2000,0,B
78,0,6,24,0,1164,2000,0,B
78,1,-5,13,11,2000,2000,0,A
78,1,-4,27,26,2000,2000,0,A
78,1,-3,22,18,2000,2000,0,A
78,1,-2,24,18,2000,2000,0,A
78,1,-1,20,14,2000,2000,0,A
78,1,0,18,5,2000,2000,0,A
78,1,1,21,0,1998,2000,0,B
78,1,2,27,0,1978,2000,0,B
78,1,3,17,0,1906,2000,0,B
78,1,4,18,0,1684,2000,0,B
78,1,5,19,0,1323,2000,0,B
78,2,-5,18,16,2000,2000,0,A
78,2,-4,23,18,2000,2000,0,A
78,2,-3,15,13,2000,2000,0,A
78,2,-2,21,15,2000,2000,0,A
78,2,-1,31,3,2000,2000,0,A
78,2,0,32,0,1999,2000,0,B
78,2,1,19,0,1982,2000,0,B
78,2,2,17,0,1923,2000,0,B
78,2,3,23,0,1738,2000,0,B
78,2,4,18,0,1395,2000,0,B
78,2,5,22,0,962,1997,3,C
78,3,-6,25,7,2000,2000,0,A
78,3,-5,19,7,2000,2000,0,A
78,3,-4,27,10,2000,2000,0,A
78,3,-3,25,3,2000,2000,0,A
78,3,-2,22,1,2000,2000,0,A
78,3,-1,16,0,1995,2000,0,B
78,3,0,20,0,1970,2000,0,B
78,3,1,22,0,1911,2000,0,B
78,4,-3,24,0,1996,2000,0,B
79,-7,6,23,0,1648,2000,0,B
79,-7,7,19,0,1391,2000,0,B
79,-7,8,15,0,1033,1996,4,C
79,-6,2,23,0,1971,2000,0,B
79,-6,3,23,0,1968,2000,0,B
79,-6,4,24,0,1934,2000,0,B
79,-6,5,15,0,1894,2000,0,B
79,-6,6,18,0,1764,2000,0,B
79,-6,7,20,0,1492,2000,0,B
79,-6,8,21,0,1154,1999,1,C
79,-5,-2,25,0,1973,2000,0,B
79,-5,-1,36,0,1989,2000,0,B
79,-5,0,29,0,1995,2000,0,B
79,-5,1,21,0,1997,2000,0,B
79,-5,2,19,0,1997,2000,0,B
79,-5,3,24,0,1993,2000,0,B
79,-5,4,24,0,1971,2000,0,B
79,-5,5,21,0,1912,2000,0,B
79,-5,6,22,0,1794,2000,0,B
79,-5,7,28,0,1566,2000,0,B
79,-5,8,18,0,1116,2000,0,B
79,-5,9,16,0,666,1926,74,C
79,-4,-3,25,0,1988,2000,0,B
79,-4,-2,16,0,1998,2000,0,B
79,-4,-1,26,3,2000,2000,0,A
79,-4,0,24,4,2000,2000,0,A
79,-4,1,21,3,2000,2000,0,A
79,-4,2,12,1,2000,2000,0,A
79,-4,3,20,0,1997,2000,0,B
79,-4,4,20,0,1984,2000,0,B
79,-4,5,23,0,1934,2000,0,B
79,-4,6,25,0,1814,2000,0,B
79,-4,7,13,0,1391,2000,0,B
79,-4,8,25,0,1111,2000,0,B
79,-3,-3,13,0,1998,2000,0,B
79,-3,-2,20,4,2000,2000,0,A
79,-3,-1,13,7,2000,2000,0,A
79,-3,0,23,18,2000,2000,0,A
79,-3,1,20,11,2000,2000,0,A
79,-3,2,18,5,2000,2000,0,A
79,-3,3,22,0,1999,2000,0,B
79,-3,4,23,0,1983,2000,0,B
79,-3,5,15,0,1929,2000,0,B
79,-3,6,20,0,1766,2000,0,B
79,-3,7,23,0,1387,2000,0,B
79,-2,-3,19,7,2000,2000,0,A
79,-2,-2,20,17,2000,2000,0,A
79,-2,-1,20,20,2000,2000,0,A
79,-2,0,23,17,2000,2000,0,A
79,-2,1,35,26,2000,2000,0,A
79,-2,2,24,7,2000,2000,0,A
79,-2,3,20,0,1998,2000,0,B
79,-2,4,24,0,1981,2000,0,B
79,-2,5,17,0,1857,2000,0,B
79,-2,6,27,0,1637,2000,0,B
79,-2,7,22,0,1259,2000,0,B
79,-1,-4,17,5,2000,2000,0,A
79,-1,-3,21,17,2000,2000,0,A
79,-1,-2,24,23,2000,2000,0,A
79,-1,-1,14,13,2000,2000,0,A
79,-1,0,23,19,2000,2000,0,A
79,-1,1,22,13,2000,2000,0,A
79,-1,2,17,1,2000,2000,0,A
79,-1,3,25,0,1998,2000,0,B
79,-1,4,20,0,1943,2000,0,B
79,-1,5,22,0,1807,2000,0,B
79,-1,6,21,0,1450,2000,0,B
79,0,-4,22,15,2000,2000,0,A
79,0,-3,18,18,2000,2000,0,A
79,0,-2,16,16,2000,2000,0,A
79,0,-1,21,18,2000,2000,0,A
79,0,0,27,21,2000,2000,0,A
79,0,1,13,3,2000,2000,0,A
79,0,2,21,0,1993,2000,0,B
79,0,3,22,0,1968,2000,0,B
79,0,4,25,0,1865,2000,0,B
79,0,5,17,0,1625,2000,0,B
79,0,6,24,0,1153,2000,0,B
79,1,-5,13,6,2000,2000,0,A
79,1,-4,27,24,2000,2000,0,A
79,1,-3,22,19,2000,2000,0,A
79,1,-2,24,22,2000,2000,0,A
79,1,-1,20,14,2000,2000,0,A
79,1,0,18,2,2000,2000,0,A
79,1,1,21,0,1998,2000,0,B
79,1,2,27,0,1979,2000,0,B
79,1,3,17,0,1913,2000,0,B
79,1,4,18,0,1700,2000,0,B
79,1,5,19,0,1303,1999,1,C
79,2,-5,18,9,2000,2000,0,A
79,2,-4,23,20,2000,2000,0,A
79,2,-3,15,11,2000,2000,0,A
79,2,-2,21,16,2000,2000,0,A
79,2,-1,31,8,2000,2000,0,A
79,2,0,32,0,1997,2000,0,B
79,2,1,19,0,1985,2000,0,B
79,2,2,17,0,1928,2000,0,B
79,2,3,23,0,1737,2000,0,B
79,2,4,18,0,1435,2000,0,B
79,2,5,22,0,966,1999,1,C
79,3,-6,25,9,2000,2000,0,A
79,3,-5,19,7,2000,2000,0,A
79,3,-4,27,8,2000,2000,0,A
79,3,-3,25,4,2000,2000,0,A
79,3,-2,22,0,1999,2000,0,B
79,3,-1,16,0,1995,2000,0,B
79,3,0,20,0,1978,2000,0,B
79,3,1,22,0,1902,2000,0,B
79,4,-3,24,0,1998,2000,0,B
80,-7,6,23,0,1618,2000,0,B
80,-7,7,19,0,1408,2000,0,B
80,-7,8,15,0,1016,1987,13,C
80,-6,2,23,0,1972,2000,0,B
80,-6,3,23,0,1962,2000,0,B
80,-6,4,24,0,1951,2000,0,B
80,-6,5,15,0,1878,2000,0,B
80,-6,6,18,0,1735,2000,0,B
80,-6,7,20,0,1516,2000,0,B
80,-6,8,21,0,1174,2000,0,B
80,-5,-2,25,0,1977,2000,0,B
80,-5,-1,36,0,1995,2000,0,B
80,-5,0,29,0,1995,2000,0,B
80,-5,1,21,0,1997,2000,0,B
80,-5,2,19,0,1995,2000,0,B
80,-5,3,24,0,1991,2000,0,B
80,-5,4,24,0,1976,2000,0,B
80,-5,5,21,0,1915,2000,0,B
80,-5,6,22,0,1824,2000,0,B
80,-5,7,28,0,1593,2000,0,B
80,-5,8,18,0,1095,1998,2,C
80,-5,9,16,0,646,1916,84,C
80,-4,-3,25,0,1990,2000,0,B
80,-4,-2,16,0,1998,2000,0,B
80,-4,-1,26,1,2000,2000,0,A
80,-4,0,24,2,2000,2000,0,A
80,-4,1,21,4,2000,2000,0,A
80,-4,2,12,0,1999,2000,0,B
80,-4,3,20,0,1997,2000,0,B
80,-4,4,20,0,1988,2000,0,B
80,-4,5,23,0,1947,2000,0,B
80,-4,6,25,0,1814,2000,0,B
80,-4,7,13,0,1390,2000,0,B
80,-4,8,25,0,1087,2000,0,B
80,-3,-3,13,0,1999,2000,0,B
80,-3,-2,20,5,2000,2000,0,A
80,-3,-1,13,8,2000,2000,0,A
80,-3,0,23,18,2000,2000,0,A
80,-3,1,20,12,2000,2000,0,A
80,-3,2,18,5,2000,2000,0,A
80,-3,3,22,0,1998,2000,0,B
80,-3,4,23,0,1984,2000,0,B
80,-3,5,15,0,1925,2000,0,B
80,-3,6,20,0,1758,2000,0,B
80,-3,7,23,0,1365,2000,0,B
80,-2,-3,19,4,2000,2000,0,A
80,-2,-2,20,16,2000,2000,0,A
80,-2,-1,20,19,2000,2000,0,A
80,-2,0,23,23,2000,2000,0,A
80,-2,1,35,25,2000,2000,0,A
80,-2,2,24,8,2000,2000,0,A
80,-2,3,20,0,1996,2000,0,B
80,-2,4,24,0,1977,2000,0,B
80,-2,5,17,0,1861,2000,0,B
80,-2,6,27,0,1665,2000,0,B
80,-2,7,22,0,1226,2000,0,B
80,-1,-4,17,6,2000,2000,0,A
80,-1,-3,21,17,2000,2000,0,A
80,-1,-2,24,22,2000,2000,0,A
80,-1,-1,14,13,2000,2000,0,A
80,-1,0,23,20,2000,2000,0,A
80,-1,1,22,13,2000,2000,0,A
80,-1,2,17,1,2000,2000,0,A
80,-1,3,25,0,1992,2000,0,B
80,-1,4,20,0,1968,2000,0,B
80,-1,5,22,0,1807,2000,0,B
80,-1,6,21,0,1476,2000,0,B
80,0,-4,22,18,2000,2000,0,A
80,0,-3,18,17,2000,2000,0,A
80,0,-2,16,15,2000,2000,0,A
80,0,-1,21,18,2000,2000,0,A
80,0,0,27,23,2000,2000,0,A
80,0,1,13,3,2000,2000,0,A
80,0,2,21,0,1995,2000,0,B
80,0,3,22,0,1972,2000,0,B
80,0,4,25,0,1859,2000,0,B
80,0,5,17,0,1639,2000,0,B
80,0,6,24,0,1171,2000,0,B
80,1,-5,13,11,2000,2000,0,A
80,1,-4,27,23,2000,2000,0,A
80,1,-3,22,20,2000,2000,0,A
80,1,-2,24,22,2000,2000,0,A
80,1,-1,20,18,2000,2000,0,A
80,1,0,18,3,2000,2000,0,A
80,1,1,21,0,1997,2000,0,B
80,1,2,27,0,1978,2000,0,B
80,1,3,17,0,1909,2000,0,B
80,1,4,18,0,1680,2000,0,B
80,1,5,19,0,1315,2000,0,B
80,2,-5,18,16,2000,2000,0,A
80,2,-4,23,18,2000,2000,0,A
80,2,-3,15,10,2000,2000,0,A
80,2,-2,21,11,2000,2000,0,A
80,2,-1,31,7,2000,2000,0,A
80,2,0,32,0,1998,2000,0,B
80,2,1,19,0,1989,2000,0,B
80,2,2,17,0,1921,2000,0,B
80,2,3,23,0,1759,2000,0,B
80,2,4,18,0,1399,2000,0,B
80,2,5,22,0,972,1999,1,C
80,3,-6,25,14,2000,2000,0,A
80,3,-5,19,11,2000,2000,0,A
80,3,-4,27,6,2000,2000,0,A
80,3,-3,25,10,2000,2000,0,A
80,3,-2,22,3,2000,2000,0,A
80,3,-1,16,0,1993,2000,0,B
80,3,0,20,0,1979,2000,0,B
80,3,1,22,0,1926,2000,0,B
80,4,-3,24,0,1996,2000,0,B
81,-7,6,23,0,1645,2000,0,B
81,-7,7,19,0,1398,2000,0,B
81,-7,8,15,0,1023,1988,12,C
81,-6,2,23,0,1977,2000,0,B
81,-6,3,23,0,1970,2000,0,B
81,-6,4,24,0,1944,2000,0,B
81,-6,5,15,0,1883,2000,0,B
81,-6,6,18,0,1732,2000,0,B
81,-6,7,20,0,1498,2000,0,B
81,-6,8,21,0,1176,1999,1,C
81,-5,-2,25,0,1973,2000,0,B
81,-5,-1,36,0,1990,2000,0,B
81,-5,0,29,0,1993,2000,0,B
81,-5,1,21,0,1999,2000,0,B
81,-5,2,19,0,1993,2000,0,B
81,-5,3,24,0,1994,2000,0,B
81,-5,4,24,0,1976,2000,0,B
81,-5,5,21,0,1944,2000,0,B
81,-5,6,22,0,1813,2000,0,B
81,-5,7,28,0,1601,2000,0,B
81,-5,8,18,0,1079,2000,0,B
81,-5,9,16,0,661,1909,91,C
81,-4,-3,25,0,1983,2000,0,B
81,-4,-2,16,0,1995,2000,0,B
81,-4,-1,26,2,2000,2000,0,A
81,-4,0,24,4,2000,2000,0,A
81,-4,1,21,3,2000,2000,0,A
81,-4,2,12,1,2000,2000,0,A
81,-4,3,20,0,1998,2000,0,B
81,-4,4,20,0,1987,2000,0,B
81,-4,5,23,0,1942,2000,0,B
81,-4,6,25,0,1791,2000,0,B
81,-4,7,13,0,1416,2000,0,B
81,-4,8,25,0,1084,2000,0,B
81,-3,-3,13,0,1999,2000,0,B
81,-3,-2,20,6,2000,2000,0,A
81,-3,-1,13,11,2000,2000,0,A
81,-3,0,23,12,2000,2000,0,A
81,-3,1,20,11,2000,2000,0,A
81,-3,2,18,8,2000,2000,0,A
81,-3,3,22,0,1999,2000,0,B
81,-3,4,23,0,1989,2000,0,B
81,-3,5,15,0,1931,2000,0,B
81,-3,6,20,0,1736,2000,0,B
81,-3,7,23,0,1375,2000,0,B
81,-2,-3,19,7,2000,2000,0,A
81,-2,-2,20,17,2000,2000,0,A
81,-2,-1,20,15,2000,2000,0,A
81,-2,0,23,18,2000,2000,0,A
81,-2,1,35,28,2000,2000,0,A
81,-2,2,24,5,2000,2000,0,A
81,-2,3,20,0,1997,2000,0,B
81,-2,4,24,0,1976,2000,0,B
81,-2,5,17,0,1859,2000,0,B
81,-2,6,27,0,1651,2000,0,B
81,-2,7,22,0,1229,2000,0,B
81,-1,-4,17,6,2000,2000,0,A
81,-1,-3,21,16,2000,2000,0,A
81,-1,-2,24,23,2000,2000,0,A
81,-1,-1,14,14,2000,2000,0,A
81,-1,0,23,21,2000,2000,0,A
81,-1,1,22,15,2000,2000,0,A
81,-1,2,17,3,2000,2000,0,A
81,-1,3,25,0,1992,2000,0,B
81,-1,4,20,0,1954,2000,0,B
81,-1,5,22,0,1807,2000,0,B
81,-1,6,21,0,1449,2000,0,B
81,0,-4,22,18,2000,2000,0,A
81,0,-3,18,16,2000,2000,0,A
81,0,-2,16,16,2000,2000,0,A
81,0,-1,21,18,2000,2000,0,A
81,0,0,27,18,2000,2000,0,A
81,0,1,13,3,2000,2000,0,A
81,0,2,21,0,1995,2000,0,B
81,0,3,22,0,1968,2000,0,B
81,0,4,25,0,1893,2000,0,B
81,0,5,17,0,1619,2000,0,B
81,0,6,24,0,1181,2000,0,B
81,1,-5,13,8,2000,2000,0,A
81,1,-4,27,23,2000,2000,0,A
81,1,-3,22,18,2000,2000,0,A
81,1,-2,24,21,2000,2000,0,A
81,1,-1,20,18,2000,2000,0,A
81,1,0,18,7,2000,2000,0,A
81,1,1,21,0,1998,2000,0,B
81,1,2,27,0,1983,2000,0,B
81,1,3,17,0,1910,2000,0,B
81,1,4,18,0,1681,2000,0,B
81,1,5,19,0,1317,2000,0,B
81,2,-5,18,12,2000,2000,0,A
81,2,-4,23,15,2000,2000,0,A
81,2,-3,15,12,2000,2000,0,A
81,2,-2,21,11,2000,2000,0,A
81,2,-1,31,3,2000,2000,0,A
81,2,0,32,0,1997,2000,0,B
81,2,1,19,0,1983,2000,0,B
81,2,2,17,0,1926,2000,0,B
81,2,3,23,0,1737,2000,0,B
81,2,4,18,0,1416,2000,0,B
81,2,5,22,0,967,1994,6,C
81,3,-6,25,9,2000,2000,0,A
81,3,-5,19,7,2000,2000,0,A
81,3,-4,27,6,2000,2000,0,A
81,3,-3,25,5,2000,2000,0,A
81,3,-2,22,1,2000,2000,0,A
81,3,-1,16,0,1995,2000,0,B
81,3,0,20,0,1975,2000,0,B
81,3,1,22,0,1913,2000,0,B
81,4,-3,24,0,1999,2000,0,B
82,-7,6,23,0,1636,2000,0,B
82,-7,7,19,0,1399,2000,0,B
82,-7,8,15,0,1034,1995,5,C
82,-6,2,23,0,1971,2000,0,B
82,-6,3,23,0,1963,2000,0,B
82,-6,4,24,0,1940,2000,0,B
82,-6,5,15,0,1877,2000,0,B
82,-6,6,18,0,1764,2000,0,B
82,-6,7,20,0,1525,2000,0,B
82,-6,8,21,0,1162,1999,1,C
82,-5,-2,25,0,1974,2000,0,B
82,-5,-1,36,0,1994,2000,0,B
82,-5,0,29,0,1997,2000,0,B
82,-5,1,21,0,1997,2000,0,B
82,-5,2,19,0,1995,2000,0,B
82,-5,3,24,0,1994,2000,0,B
82,-5,4,24,0,1974,2000,0,B
82,-5,5,21,0,1936,2000,0,B
82,-5,6,22,0,1810,2000,0,B
82,-5,7,28,0,1561,2000,0,B
82,-5,8,18,0,1104,2000,0,B
82,-5,9,16,0,694,1926,74,C
82,-4,-3,25,0,1984,2000,0,B
82,-4,-2,16,0,1998,2000,0,B
82,-4,-1,26,0,1999,2000,0,B
82,-4,0,24,1,2000,2000,0,A
82,-4,1,21,3,2000,2000,0,A
82,-4,2,12,1,2000,2000,0,A
82,-4,3,20,0,1996,2000,0,B
82,-4,4,20,0,1988,2000,0,B
82,-4,5,23,0,1944,2000,0,B
82,-4,6,25,0,1817,2000,0,B
82,-4,7,13,0,1392,2000,0,B
82,-4,8,25,0,1109,2000,0,B
82,-3,-3,13,0,1999,2000,0,B
82,-3,-2,20,6,2000,2000,0,A
82,-3,-1,13,9,2000,2000,0,A
82,-3,0,23,16,2000,2000,0,A
82,-3,1,20,16,2000,2000,0,A
82,-3,2,18,4,2000,2000,0,A
82,-3,3,22,0,1998,2000,0,B
82,-3,4,23,0,1983,2000,0,B
82,-3,5,15,0,1943,2000,0,B
82,-3,6,20,0,1742,2000,0,B
82,-3,7,23,0,1396,2000,0,B
82,-2,-3,19,4,2000,2000,0,A
82,-2,-2,20,16,2000,2000,0,A
82,-2,-1,20,18,2000,2000,0,A
82,-2,0,23,22,2000,2000,0,A
82,-2,1,35,25,2000,2000,0,A
82,-2,2,24,8,2000,2000,0,A
82,-2,3,20,0,1999,2000,0,B
82,-2,4,24,0,1976,2000,0,B
82,-2,5,17,0,1858,2000,0,B
82,-2,6,27,0,1674,2000,0,B
82,-2,7,22,0,1222,2000,0,B
82,-1,-4,17,8,2000,2000,0,A
82,-1,-3,21,14,2000,2000,0,A
82,-1,-2,24,23,2000,2000,0,A
82,-1,-1,14,13,2000,2000,0,A
82,-1,0,23,20,2000,2000,0,A
82,-1,1,22,14,2000,2000,0,A
82,-1,2,17,1,2000,2000,0,A
82,-1,3,25,0,1992,2000,0,B
82,-1,4,20,0,1953,2000,0,B
82,-1,5,22,0,1810,2000,0,B
82,-1,6,21,0,1435,2000,0,B
82,0,-4,22,18,2000,2000,0,A
82,0,-3,18,17,2000,2000,0,A
82,0,-2,16,15,2000,2000,0,A
82,0,-1,21,19,2000,2000,0,A
82,0,0,27,22,2000,2000,0,A
82,0,1,13,0,1999,2000,0,B
82,0,2,21,0,1993,2000,0,B
82,0,3,22,0,1969,2000,0,B
82,0,4,25,0,1871,2000,0,B
82,0,5,17,0,1641,2000,0,B
82,0,6,24,0,1157,2000,0,B
82,1,-5,13,8,2000,2000,0,A
82,1,-4,27,24,2000,2000,0,A
82,1,-3,22,20,2000,2000,0,A
82,1,-2,24,21,2000,2000,0,A
82,1,-1,20,16,2000,2000,0,A
82,1,0,18,2,2000,2000,0,A
82,1,1,21,0,1998,2000,0,B
82,1,2,27,0,1984,2000,0,B
82,1,3,17,0,1894,2000,0,B
82,1,4,18,0,1715,2000,0,B
82,1,5,19,0,1332,2000,0,B
82,2,-5,18,12,2000,2000,0,A
82,2,-4,23,19,2000,2000,0,A
82,2,-3,15,11,2000,2000,0,A
82,2,-2,21,8,2000,2000,0,A
82,2,-1,31,8,2000,2000,0,A
82,2,0,32,0,1997,2000,0,B
82,2,1,19,0,1978,2000,0,B
82,2,2,17,0,1923,2000,0,B
82,2,3,23,0,1740,2000,0,B
82,2,4,18,0,1398,2000,0,B
82,2,5,22,0,957,1998,2,C
82,3,-6,25,9,2000,2000,0,A
82,3,-5,19,7,2000,2000,0,A
82,3,-4,27,11,2000,2000,0,A
82,3,-3,25,6,2000,2000,0,A
82,3,-2,22,2,2000,2000,0,A
82,3,-1,16,0,1994,2000,0,B
82,3,0,20,0,1972,2000,0,B
82,3,1,22,0,1912,2000,0,B
82,4,-3,24,0,1996,2000,0,B
83,-7,6,23,0,1667,2000,0,B
83,-7,7,19,0,1386,2000,0,B
83,-7,8,15,0,1030,1995,5,C
83,-6,2,23,0,1979,2000,0,B
83,-6,3,23,0,1967,2000,0,B
83,-6,4,24,0,1942,2000,0,B
83,-6,5,15,0,1879,2000,0,B
83,-6,6,18,0,1728,2000,0,B
83,-6,7,20,0,1507,2000,0,B
83,-6,8,21,0,1179,2000,0,B
83,-5,-2,25,0,1974,2000,0,B
83,-5,-1,36,0,1992,2000,0,B
83,-5,0,29,0,1996,2000,0,B
83,-5,1,21,0,1996,2000,0,B
83,-5,2,19,0,1995,2000,0,B
83,-5,3,24,0,1992,2000,0,B
83,-5,4,24,0,1970,2000,0,B
83,-5,5,21,0,1918,2000,0,B
83,-5,6,22,0,1793,2000,0,B
83,-5,7,28,0,1580,2000,0,B
83,-5,8,18,0,1104,1998,2,C
83,-5,9,16,0,674,1914,86,C
83,-4,-3,25,0,1984,2000,0,B
83,-4,-2,16,0,1998,2000,0,B
83,-4,-1,26,0,1999,2000,0,B
83,-4,0,24,5,2000,2000,0,A
83,-4,1,21,6,2000,2000,0,A
83,-4,2,12,2,2000,2000,0,A
83,-4,3,20,0,1999,2000,0,B
83,-4,4,20,0,1982,2000,0,B
83,-4,5,23,0,1941,2000,0,B
83,-4,6,25,0,1799,2000,0,B
83,-4,7,13,0,1369,2000,0,B
83,-4,8,25,0,1105,2000,0,B
83,-3,-3,13,0,1998,2000,0,B
83,-3,-2,20,5,2000,2000,0,A
83,-3,-1,13,5,2000,2000,0,A
83,-3,0,23,18,2000,2000,0,A
83,-3,1,20,13,2000,2000,0,A
83,-3,2,18,4,2000,2000,0,A
83,-3,3,22,0,1998,2000,0,B
83,-3,4,23,0,1988,2000,0,B
83,-3,5,15,0,1927,2000,0,B
83,-3,6,20,0,1747,2000,0,B
83,-3,7,23,0,1367,2000,0,B
83,-2,-3,19,6,2000,2000,0,A
83,-2,-2,20,20,2000,2000,0,A
83,-2,-1,20,18,2000,2000,0,A
83,-2,0,23,21,2000,2000,0,A
83,-2,1,35,27,2000,2000,0,A
83,-2,2,24,11,2000,2000,0,A
83,-2,3,20,0,1999,2000,0,B
83,-2,4,24,0,1978,2000,0,B
83,-2,5,17,0,1856,2000,0,B
83,-2,6,27,0,1672,2000,0,B
83,-2,7,22,0,1229,2000,0,B
83,-1,-4,17,5,2000,2000,0,A
83,-1,-3,21,15,2000,2000,0,A
83,-1,-2,24,22,2000,2000,0,A
83,-1,-1,14,14,2000,2000,0,A
83,-1,0,23,19,2000,2000,0,A
83,-1,1,22,12,2000,2000,0,A
83,-1,2,17,1,2000,2000,0,A
83,-1,3,25,0,1989,2000,0,B
83,-1,4,20,0,1951,2000,0,B
83,-1,5,22,0,1795,2000,0,B
83,-1,6,21,0,1469,2000,0,B
83,0,-4,22,17,2000,2000,0,A
83,0,-3,18,18,2000,2000,0,A
83,0,-2,16,16,2000,2000,0,A
83,0,-1,21,19,2000,2000,0,A
83,0,0,27,21,2000,2000,0,A
83,0,1,13,2,2000,2000,0,A
83,0,2,21,0,1996,2000,0,B
83,0,3,22,0,1968,2000,0,B
83,0,4,25,0,1870,2000,0,B
83,0,5,17,0,1623,2000,0,B
83,0,6,24,0,1148,2000,0,B
83,1,-5,13,3,2000,2000,0,A
83,1,-4,27,20,2000,2000,0,A
83,1,-3,22,20,2000,2000,0,A
83,1,-2,24,22,2000,2000,0,A
83,1,-1,20,13,2000,2000,0,A
83,1,0,18,7,2000,2000,0,A
83,1,1,21,0,1999,2000,0,B
83,1,2,27,0,1986,2000,0,B
83,1,3,17,0,1899,2000,0,B
83,1,4,18,0,1668,2000,0,B
83,1,5,19,0,1335,2000,0,B
83,2,-5,18,13,2000,2000,0,A
83,2,-4,23,18,2000,2000,0,A
83,2,-3,15,13,2000,2000,0,A
83,2,-2,21,13,2000,2000,0,A
83,2,-1,31,2,2000,2000,0,A
83,2,0,32,0,1999,2000,0,B
83,2,1,19,0,1985,2000,0,B
83,2,2,17,0,1912,2000,0,B
83,2,3,23,0,1748,2000,0,B
83,2,4,18,0,1411,2000,0,B
83,2,5,22,0,930,1997,3,C
83,3,-6,25,11,2000,2000,0,A
83,3,-5,19,10,2000,2000,0,A
83,3,-4,27,7,2000,2000,0,A
83,3,-3,25,4,2000,2000,0,A
83,3,-2,22,0,1999,2000,0,B
83,3,-1,16,0,1997,2000,0,B
83,3,0,20,0,1975,2000,0,B
83,3,1,22,0,1922,2000,0,B
83,4,-3,24,0,1999,2000,0,B
84,-7,6,23,0,1630,2000,0,B
84,-7,7,19,0,1415,2000,0,B
84,-7,8,15,0,957,1988,12,C
84,-6,2,23,0,1973,2000,0,B
84,-6,3,23,0,1974,2000,0,B
84,-6,4,24,0,1932,2000,0,B
84,-6,5,15,0,1865,2000,0,B
84,-6,6,18,0,1754,2000,0,B
84,-6,7,20,0,1503,2000,0,B
84,-6,8,21,0,1183,2000,0,B
84,-5,-2,25,0,1974,2000,0,B
84,-5,-1,36,0,1990,2000,0,B
84,-5,0,29,0,1998,2000,0,B
84,-5,1,21,0,1995,2000,0,B
84,-5,2,19,0,1998,2000,0,B
84,-5,3,24,0,1993,2000,0,B
84,-5,4,24,0,1974,2000,0,B
84,-5,5,21,0,1924,2000,0,B
84,-5,6,22,0,1807,2000,0,B
84,-5,7,28,0,1566,2000,0,B
84,-5,8,18,0,1151,2000,0,B
84,-5,9,16,0,672,1929,71,C
84,-4,-3,25,0,1985,2000,0,B
84,-4,-2,16,0,1995,2000,0,B
84,-4,-1,26,3,2000,2000,0,A
84,-4,0,24,2,2000,2000,0,A
84,-4,1,21,3,2000,2000,0,A
84,-4,2,12,2,2000,2000,0,A
84,-4,3,20,0,1998,2000,0,B
84,-4,4,20,0,1983,2000,0,B
84,-4,5,23,0,1940,2000,0,B
84,-4,6,25,0,1819,2000,0,B
84,-4,7,13,0,1380,2000,0,B
84,-4,8,25,0,1111,2000,0,B
84,-3,-3,13,0,1999,2000,0,B
84,-3,-2,20,5,2000,2000,0,A
84,-3,-1,13,7,2000,2000,0,A
84,-3,0,23,7,2000,2000,0,A
84,-3,1,20,12,2000,2000,0,A
84,-3,2,18,4,2000,2000,0,A
84,-3,3,22,0,1999,2000,0,B
84,-3,4,23,0,1981,2000,0,B
84,-3,5,15,0,1922,2000,0,B
84,-3,6,20,0,1749,2000,0,B
84,-3,7,23,0,1374,2000,0,B
84,-2,-3,19,6,2000,2000,0,A
84,-2,-2,20,18,2000,2000,0,A
84,-2,-1,20,18,2000,2000,0,A
84,-2,0,23,21,2000,2000,0,A
84,-2,1,35,29,2000,2000,0,A
84,-2,2,24,10,2000,2000,0,A
84,-2,3,20,0,1997,2000,0,B
84,-2,4,24,0,1977,2000,0,B
84,-2,5,17,0,1874,2000,0,B
84,-2,6,27,0,1633,2000,0,B
84,-2,7,22,0,1223,2000,0,B
84,-1,-4,17,6,2000,2000,0,A
84,-1,-3,21,15,2000,2000,0,A
84,-1,-2,24,24,2000,2000,0,A
84,-1,-1,14,14,2000,2000,0,A
84,-1,0,23,23,2000,2000,0,A
84,-1,1,22,17,2000,2000,0,A
84,-1,2,17,3,2000,2000,0,A
84,-1,3,25,0,1991,2000,0,B
84,-1,4,20,0,1958,2000,0,B
84,-1,5,22,0,1781,2000,0,B
84,-1,6,21,0,1454,2000,0,B
84,0,-4,22,18,2000,2000,0,A
84,0,-3,18,17,2000,2000,0,A
84,0,-2,16,16,2000,2000,0,A
84,0,-1,21,20,2000,2000,0,A
84,0,0,27,21,2000,2000,0,A
84,0,1,13,1,2000,2000,0,A
84,0,2,21,0,1994,2000,0,B
84,0,3,22,0,1964,2000,0,B
84,0,4,25,0,1865,2000,0,B
84,0,5,17,0,1629,2000,0,B
84,0,6,24,0,1125,2000,0,B
84,1,-5,13,8,2000,2000,0,A
84,1,-4,27,23,2000,2000,0,A
84,1,-3,22,20,2000,2000,0,A
84,1,-2,24,22,2000,2000,0,A
84,1,-1,20,17,2000,2000,0,A
84,1,0,18,6,2000,2000,0,A
84,1,1,21,1,2000,2000,0,A
84,1,2,27,0,1982,2000,0,B
84,1,3,17,0,1909,2000,0,B
84,1,4,18,0,1644,2000,0,B
84,1,5,19,0,1280,2000,0,B
84,2,-5,18,14,2000,2000,0,A
84,2,-4,23,18,2000,2000,0,A
84,2,-3,15,12,2000,2000,0,A
84,2,-2,21,9,2000,2000,0,A
84,2,-1,31,4,2000,2000,0,A
84,2,0,32,0,1997,2000,0,B
84,2,1,19,0,1985,2000,0,B
84,2,2,17,0,1930,2000,0,B
84,2,3,23,0,1743,2000,0,B
84,2,4,18,0,1377,2000,0,B
84,2,5,22,0,939,2000,0,B
84,3,-6,25,11,2000,2000,0,A
84,3,-5,19,7,2000,2000,0,A
84,3,-4,27,11,2000,2000,0,A
84,3,-3,25,9,2000,2000,0,A
84,3,-2,22,0,1999,2000,0,B
84,3,-1,16,0,1993,2000,0,B
84,3,0,20,0,1978,2000,0,B
84,3,1,22,0,1924,2000,0,B
84,4,-3,24,0,1997,2000,0,B
85,-7,6,23,0,1645,2000,0,B
85,-7,7,19,0,1391,2000,0,B
85,-7,8,15,0,1004,1994,6,C
85,-6,2,23,0,1975,2000,0,B
85,-6,3,23,0,1967,2000,0,B
85,-6,4,24,0,1951,2000,0,B
85,-6,5,15,0,1869,2000,0,B
85,-6,6,18,0,1738,2000,0,B
85,-6,7,20,0,1488,2000,0,B
85,-6,8,21,0,1155,1999,1,C
85,-5,-2,25,0,1977,2000,0,B
85,-5,-1,36,0,1993,2000,0,B
85,-5,0,29,0,1994,2000,0,B
85,-5,1,21,0,1996,2000,0,B
85,-5,2,19,0,1995,2000,0,B
85,-5,3,24,0,1993,2000,0,B
85,-5,4,24,0,1977,2000,0,B
85,-5,5,21,0,1933,2000,0,B
85,-5,6,22,0,1796,2000,0,B
85,-5,7,28,0,1548,2000,0,B
85,-5,8,18,0,1125,2000,0,B
85,-5,9,16,0,669,1904,96,C
85,-4,-3,25,0,1990,2000,0,B
85,-4,-2,16,0,1998,2000,0,B
85,-4,-1,26,1,2000,2000,0,A
85,-4,0,24,2,2000,2000,0,A
85,-4,1,21,4,2000,2000,0,A
85,-4,2,12,2,2000,2000,0,A
85,-4,3,20,0,1998,2000,0,B
85,-4,4,20,0,1986,2000,0,B
85,-4,5,23,0,1929,2000,0,B
85,-4,6,25,0,1809,2000,0,B
85,-4,7,13,0,1375,1999,1,C
85,-4,8,25,0,1058,1999,1,C
85,-3,-3,13,0,1999,2000,0,B
85,-3,-2,20,7,2000,2000,0,A
85,-3,-1,13,7,2000,2000,0,A
85,-3,0,23,20,2000,2000,0,A
85,-3,1,20,12,2000,2000,0,A
85,-3,2,18,1,2000,2000,0,A
85,-3,3,22,0,1999,2000,0,B
85,-3,4,23,0,1983,2000,0,B
85,-3,5,15,0,1922,2000,0,B
85,-3,6,20,0,1750,2000,0,B
85,-3,7,23,0,1392,2000,0,B
85,-2,-3,19,3,2000,2000,0,A
85,-2,-2,20,15,2000,2000,0,A
85,-2,-1,20,18,2000,2000,0,A
85,-2,0,23,19,2000,2000,0,A
85,-2,1,35,30,2000,2000,0,A
85,-2,2,24,5,2000,2000,0,A
85,-2,3,20,0,1999,2000,0,B
85,-2,4,24,0,1975,2000,0,B
85,-2,5,17,0,1856,2000,0,B
85,-2,6,27,0,1645,2000,0,B
85,-2,7,22,0,1241,2000,0,B
85,-1,-4,17,6,2000,2000,0,A
85,-1,-3,21,19,2000,2000,0,A
85,-1,-2,24,23,2000,2000,0,A
85,-1,-1,14,13,2000,2000,0,A
85,-1,0,23,21,2000,2000,0,A
85,-1,1,22,9,2000,2000,0,A
85,-1,2,17,2,2000,2000,0,A
85,-1,3,25,0,1991,2000,0,B
85,-1,4,20,0,1959,2000,0,B
85,-1,5,22,0,1812,2000,0,B
85,-1,6,21,0,1496,2000,0,B
85,0,-4,22,15,2000,2000,0,A
85,0,-3,18,18,2000,2000,0,A
85,0,-2,16,15,2000,2000,0,A
85,0,-1,21,19,2000,2000,0,A
85,0,0,27,17,2000,2000,0,A
85,0,1,13,1,2000,2000,0,A
85,0,2,21,0,1995,2000,0,B
85,0,3,22,0,1973,2000,0,B
85,0,4,25,0,1890,2000,0,B
85,0,5,17,0,1637,2000,0,B
85,0,6,24,0,1143,2000,0,B
85,1,-5,13,9,2000,2000,0,A
85,1,-4,27,24,2000,2000,0,A
85,1,-3,22,20,2000,2000,0,A
85,1,-2,24,23,2000,2000,0,A
85,1,-1,20,14,2000,2000,0,A
85,1,0,18,6,2000,2000,0,A
85,1,1,21,0,1995,2000,0,B
85,1,2,27,0,1983,2000,0,B
85,1,3,17,0,1897,2000,0,B
85,1,4,18,0,1689,2000,0,B
85,1,5,19,0,1321,2000,0,B
85,2,-5,18,11,2000,2000,0,A
85,2,-4,23,17,2000,2000,0,A
85,2,-3,15,10,2000,2000,0,A
85,2,-2,21,9,2000,2000,0,A
85,2,-1,31,5,2000,2000,0,A
85,2,0,32,0,1999,2000,0,B
85,2,1,19,0,1987,2000,0,B
85,2,2,17,0,1927,2000,0,B
85,2,3,23,0,1762,2000,0,B
85,2,4,18,0,1422,2000,0,B
85,2,5,22,0,966,1999,1,C
85,3,-6,25,8,2000,2000,0,A
85,3,-5,19,8,2000,2000,0,A
85,3,-4,27,12,2000,2000,0,A
85,3,-3,25,4,2000,2000,0,A
85,3,-2,22,0,1999,2000,0,B
85,3,-1,16,0,1993,2000,0,B
85,3,0,20,0,1974,2000,0,B
85,3,1,22,0,1915,2000,0,B
85,4,-3,24,0,1996,2000,0,B
86,-7,6,23,0,1628,2000,0,B
86,-7,7,19,0,1401,2000,0,B
86,-7,8,15,0,1007,1990,10,C
86,-6,2,23,0,1978,2000,0,B
86,-6,3,23,0,1971,2000,0,B
86,-6,4,24,0,1941,2000,0,B
86,-6,5,15,0,1863,2000,0,B
86,-6,6,18,0,1742,2000,0,B
86,-6,7,20,0,1536,2000,0,B
86,-6,8,21,0,1147,1999,1,C
86,-5,-2,25,0,1975,2000,0,B
86,-5,-1,36,0,1991,2000,0,B
86,-5,0,29,0,1997,2000,0,B
86,-5,1,21,0,1995,2000,0,B
86,-5,2,19,0,1994,2000,0,B
86,-5,3,24,0,1991,2000,0,B
86,-5,4,24,0,1975,2000,0,B
86,-5,5,21,0,1915,2000,0,B
86,-5,6,22,0,1796,2000,0,B
86,-5,7,28,0,1623,2000,0,B
86,-5,8,18,0,1096,1999,1,C
86,-5,9,16,0,661,1929,71,C
86,-4,-3,25,0,1983,2000,0,B
86,-4,-2,16,0,1998,2000,0,B
86,-4,-1,26,1,2000,2000,0,A
86,-4,0,24,4,2000,2000,0,A
86,-4,1,21,3,2000,2000,0,A
86,-4,2,12,2,2000,2000,0,A
86,-4,3,20,0,1998,2000,0,B
86,-4,4,20,0,1983,2000,0,B
86,-4,5,23,0,1940,2000,0,B
86,-4,6,25,0,1814,2000,0,B
86,-4,7,13,0,1432,2000,0,B
86,-4,8,25,0,1106,2000,0,B
86,-3,-3,13,0,1997,2000,0,B
86,-3,-2,20,6,2000,2000,0,A
86,-3,-1,13,6,2000,2000,0,A
86,-3,0,23,18,2000,2000,0,A
86,-3,1,20,13,2000,2000,0,A
86,-3,2,18,6,2000,2000,0,A
86,-3,3,22,1,2000,2000,0,A
86,-3,4,23,0,1983,2000,0,B
86,-3,5,15,0,1934,2000,0,B
86,-3,6,20,0,1754,2000,0,B
86,-3,7,23,0,1375,2000,0,B
86,-2,-3,19,4,2000,2000,0,A
86,-2,-2,20,18,2000,2000,0,A
86,-2,-1,20,19,2000,2000,0,A
86,-2,0,23,21,2000,2000,0,A
86,-2,1,35,31,2000,2000,0,A
86,-2,2,24,7,2000,2000,0,A
86,-2,3,20,0,1996,2000,0,B
86,-2,4,24,0,1979,2000,0,B
86,-2,5,17,0,1855,2000,0,B
86,-2,6,27,0,1641,2000,0,B
86,-2,7,22,0,1226,2000,0,B
86,-1,-4,17,8,2000,2000,0,A
86,-1,-3,21,19,2000,2000,0,A
86,-1,-2,24,23,2000,2000,0,A
86,-1,-1,14,12,2000,2000,0,A
86,-1,0,23,22,2000,2000,0,A
86,-1,1,22,15,2000,2000,0,A
86,-1,2,17,2,2000,2000,0,A
86,-1,3,25,0,1993,2000,0,B
86,-1,4,20,0,1942,2000,0,B
86,-1,5,22,0,1818,2000,0,B
86,-1,6,21,0,1490,2000,0,B
86,0,-4,22,14,2000,2000,0,A
86,0,-3,18,17,2000,2000,0,A
86,0,-2,16,16,2000,2000,0,A
86,0,-1,21,18,2000,2000,0,A
86,0,0,27,22,2000,2000,0,A
86,0,1,13,2,2000,2000,0,A
86,0,2,21,0,1998,2000,0,B
86,0,3,22,0,1975,2000,0,B
86,0,4,25,0,1870,2000,0,B
86,0,5,17,0,1627,2000,0,B
86,0,6,24,0,1184,2000,0,B
86,1,-5,13,9,2000,2000,0,A
86,1,-4,27,25,2000,2000,0,A
86,1,-3,22,21,2000,2000,0,A
86,1,-2,24,22,2000,2000,0,A
86,1,-1,20,13,2000,2000,0,A
86,1,0,18,5,2000,2000,0,A
86,1,1,21,0,1997,2000,0,B
86,1,2,27,0,1982,2000,0,B
86,1,3,17,0,1898,2000,0,B
86,1,4,18,0,1694,2000,0,B
86,1,5,19,0,1275,2000,0,B
86,2,-5,18,13,2000,2000,0,A
86,2,-4,23,16,2000,2000,0,A
86,2,-3,15,9,2000,2000,0,A
86,2,-2,21,8,2000,2000,0,A
86,2,-1,31,8,2000,2000,0,A
86,2,0,32,0,1998,2000,0,B
86,2,1,19,0,1982,2000,0,B
86,2,2,17,0,1916,2000,0,B
86,2,3,23,0,1751,2000,0,B
86,2,4,18,0,1442,2000,0,B
86,2,5,22,0,969,1998,2,C
86,3,-6,25,8,2000,2000,0,A
86,3,-5,19,6,2000,2000,0,A
86,3,-4,27,12,2000,2000,0,A
86,3,-3,25,6,2000,2000,0,A
86,3,-2,22,2,2000,2000,0,A
86,3,-1,16,0,1994,2000,0,B
86,3,0,20,0,1975,2000,0,B
86,3,1,22,0,1912,2000,0,B
86,4,-3,24,0,1997,2000,0,B
87,-7,6,23,0,1614,2000,0,B
87,-7,7,19,0,1409,2000,0,B
87,-7,8,15,0,1036,1989,11,C
87,-6,2,23,0,1976,2000,0,B
87,-6,3,23,0,1964,2000,0,B
87,-6,4,24,0,1943,2000,0,B
87,-6,5,15,0,1885,2000,0,B
87,-6,6,18,0,1732,2000,0,B
87,-6,7,20,0,1520,2000,0,B
87,-6,8,21,0,1162,2000,0,B
87,-5,-2,25,0,1977,2000,0,B
87,-5,-1,36,0,1990,2000,0,B
87,-5,0,29,0,1996,2000,0,B
87,-5,1,21,0,1998,2000,0,B
87,-5,2,19,0,1994,2000,0,B
87,-5,3,24,0,1992,2000,0,B
87,-5,4,24,0,1977,2000,0,B
87,-5,5,21,0,1932,2000,0,B
87,-5,6,22,0,1798,2000,0,B
87,-5,7,28,0,1562,2000,0,B
87,-5,8,18,0,1100,1998,2,C
87,-5,9,16,0,681,1922,78,C
87,-4,-3,25,0,1989,2000,0,B
87,-4,-2,16,0,1995,2000,0,B
87,-4,-1,26,1,2000,2000,0,A
87,-4,0,24,2,2000,2000,0,A
87,-4,1,21,2,2000,2000,0,A
87,-4,2,12,2,2000,2000,0,A
87,-4,3,20,0,1996,2000,0,B
87,-4,4,20,0,1985,2000,0,B
87,-4,5,23,0,1946,2000,0,B
87,-4,6,25,0,1820,2000,0,B
87,-4,7,13,0,1375,2000,0,B
87,-4,8,25,0,1080,2000,0,B
87,-3,-3,13,0,1999,2000,0,B
87,-3,-2,20,5,2000,2000,0,A
87,-3,-1,13,7,2000,2000,0,A
87,-3,0,23,16,2000,2000,0,A
87,-3,1,20,10,2000,2000,0,A
87,-3,2,18,6,2000,2000,0,A
87,-3,3,22,0,1997,2000,0,B
87,-3,4,23,0,1986,2000,0,B
87,-3,5,15,0,1937,2000,0,B
87,-3,6,20,0,1766,2000,0,B
87,-3,7,23,0,1356,2000,0,B
87,-2,-3,19,7,2000,2000,0,A
87,-2,-2,20,16,2000,2000,0,A
87,-2,-1,20,16,2000,2000,0,A
87,-2,0,23,21,2000,2000,0,A
87,-2,1,35,30,2000,2000,0,A
87,-2,2,24,6,2000,2000,0,A
87,-2,3,20,0,1999,2000,0,B
87,-2,4,24,0,1974,2000,0,B
87,-2,5,17,0,1860,2000,0,B
87,-2,6,27,0,1655,2000,0,B
87,-2,7,22,0,1246,2000,0,B
87,-1,-4,17,6,2000,2000,0,A
87,-1,-3,21,19,2000,2000,0,A
87,-1,-2,24,23,2000,2000,0,A
87,-1,-1,14,14,2000,2000,0,A
87,-1,0,23,21,2000,2000,0,A
87,-1,1,22,17,2000,2000,0,A
87,-1,2,17,2,2000,2000,0,A
87,-1,3,25,0,1991,2000,0,B
87,-1,4,20,0,1964,2000,0,B
87,-1,5,22,0,1791,2000,0,B
87,-1,6,21,0,1458,2000,0,B
87,0,-4,22,14,2000,2000,0,A
87,0,-3,18,16,2000,2000,0,A
87,0,-2,16,15,2000,2000,0,A
87,0,-1,21,21,2000,2000,0,A
87,0,0,27,22,2000,2000,0,A
87,0,1,13,1,2000,2000,0,A
87,0,2,21,0,1994,2000,0,B
87,0,3,22,0,1971,2000,0,B
87,0,4,25,0,1881,2000,0,B
87,0,5,17,0,1630,2000,0,B
87,0,6,24,0,1112,1999,1,C
87,1,-5,13,9,2000,2000,0,A
87,1,-4,27,25,2000,2000,0,A
87,1,-3,22,20,2000,2000,0,A
87,1,-2,24,23,2000,2000,0,A
87,1,-1,20,15,2000,2000,0,A
87,1,0,18,7,2000,2000,0,A
87,1,1,21,0,1998,2000,0,B
87,1,2,27,0,1978,2000,0,B
87,1,3,17,0,1896,2000,0,B
87,1,4,18,0,1691,2000,0,B
87,1,5,19,0,1331,2000,0,B
87,2,-5,18,12,2000,2000,0,A
87,2,-4,23,14,2000,2000,0,A
87,2,-3,15,10,2000,2000,0,A
87,2,-2,21,9,2000,2000,0,A
87,2,-1,31,6,2000,2000,0,A
87,2,0,32,0,1997,2000,0,B
87,2,1,19,0,1986,2000,0,B
87,2,2,17,0,1936,2000,0,B
87,2,3,23,0,1761,2000,0,B
87,2,4,18,0,1388,2000,0,B
87,2,5,22,0,972,1999,1,C
87,3,-6,25,8,2000,2000,0,A
87,3,-5,19,9,2000,2000,0,A
87,3,-4,27,12,2000,2000,0,A
87,3,-3,25,8,2000,2000,0,A
87,3,-2,22,1,2000,2000,0,A
87,3,-1,16,0,1995,2000,0,B
87,3,0,20,0,1975,2000,0,B
87,3,1,22,0,1912,2000,0,B
87,4,-3,24,0,1996,2000,0,B
88,-7,6,23,0,1622,2000,0,B
88,-7,7,19,0,1406,2000,0,B
88,-7,8,15,0,1001,1991,9,C
88,-6,2,23,0,1971,2000,0,B
88,-6,3,23,0,1967,2000,0,B
88,-6,4,24,0,1943,2000,0,B
88,-6,5,15,0,1863,2000,0,B
88,-6,6,18,0,1726,2000,0,B
88,-6,7,20,0,1502,2000,0,B
88,-6,8,21,0,1167,1999,1,C
88,-5,-2,25,0,1972,2000,0,B
88,-5,-1,36,0,1992,2000,0,B
88,-5,0,29,0,1996,2000,0,B
88,-5,1,21,0,1997,2000,0,B
88,-5,2,19,0,1995,2000,0,B
88,-5,3,24,0,1993,2000,0,B
88,-5,4,24,0,1983,2000,0,B
88,-5,5,21,0,1935,2000,0,B
88,-5,6,22,0,1795,2000,0,B
88,-5,7,28,0,1582,2000,0,B
88,-5,8,18,0,1082,1999,1,C
88,-5,9,16,0,663,1923,77,C
88,-4,-3,25,0,1984,2000,0,B
88,-4,-2,16,0,1998,2000,0,B
88,-4,-1,26,1,2000,2000,0,A
88,-4,0,24,5,2000,2000,0,A
88,-4,1,21,2,2000,2000,0,A
88,-4,2,12,0,1999,2000,0,B
88,-4,3,20,0,1997,2000,0,B
88,-4,4,20,0,1981,2000,0,B
88,-4,5,23,0,1945,2000,0,B
88,-4,6,25,0,1801,2000,0,B
88,-4,7,13,0,1375,2000,0,B
88,-4,8,25,0,1116,2000,0,B
88,-3,-3,13,0,1999,2000,0,B
88,-3,-2,20,4,2000,2000,0,A
88,-3,-1,13,7,2000,2000,0,A
88,-3,0,23,18,2000,2000,0,A
88,-3,1,20,13,2000,2000,0,A
88,-3,2,18,9,2000,2000,0,A
88,-3,3,22,1,2000,2000,0,A
88,-3,4,23,0,1987,2000,0,B
88,-3,5,15,0,1920,2000,0,B
88,-3,6,20,0,1756,2000,0,B
88,-3,7,23,0,1415,2000,0,B
88,-2,-3,19,5,2000,2000,0,A
88,-2,-2,20,17,2000,2000,0,A
88,-2,-1,20,20,2000,2000,0,A
88,-2,0,23,22,2000,2000,0,A
88,-2,1,35,25,2000,2000,0,A
88,-2,2,24,6,2000,2000,0,A
88,-2,3,20,0,1997,2000,0,B
88,-2,4,24,0,1979,2000,0,B
88,-2,5,17,0,1858,2000,0,B
88,-2,6,27,0,1634,2000,0,B
88,-2,7,22,0,1255,2000,0,B
88,-1,-4,17,4,2000,2000,0,A
88,-1,-3,21,17,2000,2000,0,A
88,-1,-2,24,24,2000,2000,0,A
88,-1,-1,14,13,2000,2000,0,A
88,-1,0,23,20,2000,2000,0,A
88,-1,1,22,12,2000,2000,0,A
88,-1,2,17,1,2000,2000,0,A
88,-1,3,25,0,1990,2000,0,B
88,-1,4,20,0,1954,2000,0,B
88,-1,5,22,0,1793,2000,0,B
88,-1,6,21,0,1464,2000,0,B
88,0,-4,22,15,2000,2000,0,A
88,0,-3,18,16,2000,2000,0,A
88,0,-2,16,14,2000,2000,0,A
88,0,-1,21,19,2000,2000,0,A
88,0,0,27,23,2000,2000,0,A
88,0,1,13,3,2000,2000,0,A
88,0,2,21,0,1996,2000,0,B
88,0,3,22,0,1970,2000,0,B
88,0,4,25,0,1863,2000,0,B
88,0,5,17,0,1641,2000,0,B
88,0,6,24,0,1157,2000,0,B
88,1,-5,13,8,2000,2000,0,A
88,1,-4,27,24,2000,2000,0,A
88,1,-3,22,19,2000,2000,0,A
88,1,-2,24,20,2000,2000,0,A
88,1,-1,20,13,2000,2000,0,A
88,1,0,18,7,2000,2000,0,A
88,1,1,21,0,1996,2000,0,B
88,1,2,27,0,1985,2000,0,B
88,1,3,17,0,1885,2000,0,B
88,1,4,18,0,1683,2000,0,B
88,1,5,19,0,1260,2000,0,B
88,2,-5,18,13,2000,2000,0,A
88,2,-4,23,14,2000,2000,0,A
88,2,-3,15,12,2000,2000,0,A
88,2,-2,21,13,2000,2000,0,A
88,2,-1,31,4,2000,2000,0,A
88,2,0,32,0,1999,2000,0,B
88,2,1,19,0,1987,2000,0,B
88,2,2,17,0,1912,2000,0,B
88,2,3,23,0,1772,2000,0,B
88,2,4,18,0,1420,2000,0,B
88,2,5,22,0,950,1998,2,C
88,3,-6,25,9,2000,2000,0,A
88,3,-5,19,8,2000,2000,0,A
88,3,-4,27,7,2000,2000,0,A
88,3,-3,25,8,2000,2000,0,A
88,3,-2,22,1,2000,2000,0,A
88,3,-1,16,0,1994,2000,0,B
88,3,0,20,0,1971,2000,0,B
88,3,1,22,0,1927,2000,0,B
88,4,-3,24,0,1997,2000,0,B
89,-7,6,23,0,1666,2000,0,B
89,-7,7,19,0,1402,2000,0,B
89,-7,8,15,0,1029,1995,5,C
89,-6,2,23,0,1968,2000,0,B
89,-6,3,23,0,1973,2000,0,B
89,-6,4,24,0,1939,2000,0,B
89,-6,5,15,0,1872,2000,0,B
89,-6,6,18,0,1749,2000,0,B
89,-6,7,20,0,1500,2000,0,B
89,-6,8,21,0,1128,2000,0,B
89,-5,-2,25,0,1974,2000,0,B
89,-5,-1,36,0,1989,2000,0,B
89,-5,0,29,0,1998,2000,0,B
89,-5,1,21,0,1995,2000,0,B
89,-5,2,19,0,1996,2000,0,B
89,-5,3,24,0,1989,2000,0,B
89,-5,4,24,0,1969,2000,0,B
89,-5,5,21,0,1932,2000,0,B
89,-5,6,22,0,1821,2000,0,B
89,-5,7,28,0,1595,2000,0,B
89,-5,8,18,0,1075,2000,0,B
89,-5,9,16,0,681,1918,82,C
89,-4,-3,25,0,1989,2000,0,B
89,-4,-2,16,0,1995,2000,0,B
89,-4,-1,26,1,2000,2000,0,A
89,-4,0,24,4,2000,2000,0,A
89,-4,1,21,3,2000,2000,0,A
89,-4,2,12,1,2000,2000,0,A
89,-4,3,20,0,1998,2000,0,B
89,-4,4,20,0,1986,2000,0,B
89,-4,5,23,0,1931,2000,0,B
89,-4,6,25,0,1806,2000,0,B
89,-4,7,13,0,1410,2000,0,B
89,-4,8,25,0,1057,2000,0,B
89,-3,-3,13,0,1999,2000,0,B
89,-3,-2,20,8,2000,2000,0,A
89,-3,-1,13,8,2000,2000,0,A
89,-3,0,23,16,2000,2000,0,A
89,-3,1,20,13,2000,2000,0,A
89,-3,2,18,8,2000,2000,0,A
89,-3,3,22,0,1999,2000,0,B
89,-3,4,23,0,1984,2000,0,B
89,-3,5,15,0,1932,2000,0,B
89,-3,6,20,0,1756,2000,0,B
89,-3,7,23,0,1391,2000,0,B
89,-2,-3,19,8,2000,2000,0,A
89,-2,-2,20,19,2000,2000,0,A
89,-2,-1,20,18,2000,2000,0,A
89,-2,0,23,17,2000,2000,0,A
89,-2,1,35,31,2000,2000,0,A
89,-2,2,24,7,2000,2000,0,A
89,-2,3,20,0,1999,2000,0,B
89,-2,4,24,0,1976,2000,0,B
89,-2,5,17,0,1842,2000,0,B
89,-2,6,27,0,1659,2000,0,B
89,-2,7,22,0,1276,2000,0,B
89,-1,-4,17,8,2000,2000,0,A
89,-1,-3,21,17,2000,2000,0,A
89,-1,-2,24,23,2000,2000,0,A
89,-1,-1,14,14,2000,2000,0,A
89,-1,0,23,21,2000,2000,0,A
89,-1,1,22,12,2000,2000,0,A
89,-1,2,17,3,2000,2000,0,A
89,-1,3,25,0,1988,2000,0,B
89,-1,4,20,0,1954,2000,0,B
89,-1,5,22,0,1820,2000,0,B
89,-1,6,21,0,1462,2000,0,B
89,0,-4,22,19,2000,2000,0,A
89,0,-3,18,18,2000,2000,0,A
89,0,-2,16,16,2000,2000,0,A
89,0,-1,21,20,2000,2000,0,A
89,0,0,27,22,2000,2000,0,A
89,0,1,13,3,2000,2000,0,A
89,0,2,21,0,1996,2000,0,B
89,0,3,22,0,1967,2000,0,B
89,0,4,25,0,1870,2000,0,B
89,0,5,17,0,1642,2000,0,B
89,0,6,24,0,1147,2000,0,B
89,1,-5,13,8,2000,2000,0,A
89,1,-4,27,24,2000,2000,0,A
89,1,-3,22,20,2000,2000,0,A
89,1,-2,24,22,2000,2000,0,A
89,1,-1,20,18,2000,2000,0,A
89,1,0,18,4,2000,2000,0,A
89,1,1,21,0,1998,2000,0,B
89,1,2,27,0,1981,2000,0,B
89,1,3,17,0,1901,2000,0,B
89,1,4,18,0,1680,2000,0,B
89,1,5,19,0,1300,2000,0,B
89,2,-5,18,11,2000,2000,0,A
89,2,-4,23,14,2000,2000,0,A
89,2,-3,15,12,2000,2000,0,A
89,2,-2,21,12,2000,2000,0,A
89,2,-1,31,3,2000,2000,0,A
89,2,0,32,0,1996,2000,0,B
89,2,1,19,0,1982,2000,0,B
89,2,2,17,0,1934,2000,0,B
89,2,3,23,0,1757,2000,0,B
89,2,4,18,0,1421,2000,0,B
89,2,5,22,0,974,1994,6,C
89,3,-6,25,11,2000,2000,0,A
89,3,-5,19,6,2000,2000,0,A
89,3,-4,27,16,2000,2000,0,A
89,3,-3,25,7,2000,2000,0,A
89,3,-2,22,2,2000,2000,0,A
89,3,-1,16,0,1994,2000,0,B
89,3,0,20,0,1975,2000,0,B
89,3,1,22,0,1913,2000,0,B
89,4,-3,24,0,1997,2000,0,B
90,-7,6,23,0,1620,2000,0,B
90,-7,7,19,0,1410,2000,0,B
90,-7,8,15,0,1049,1997,3,C
90,-6,2,23,0,1975,2000,0,B
90,-6,3,23,0,1966,2000,0,B
90,-6,4,24,0,1940,2000,0,B
90,-6,5,15,0,1862,2000,0,B
90,-6,6,18,0,1750,2000,0,B
90,-6,7,20,0,1509,2000,0,B
90,-6,8,21,0,1163,1999,1,C
90,-5,-2,25,0,1975,2000,0,B
90,-5,-1,36,0,1994,2000,0,B
90,-5,0,29,0,1995,2000,0,B
90,-5,1,21,0,1997,2000,0,B
90,-5,2,19,0,1997,2000,0,B
90,-5,3,24,0,1992,2000,0,B
90,-5,4,24,0,1979,2000,0,B
90,-5,5,21,0,1937,2000,0,B
90,-5,6,22,0,1800,2000,0,B
90,-5,7,28,0,1565,2000,0,B
90,-5,8,18,0,1099,1998,2,C
90,-5,9,16,0,656,1921,79,C
90,-4,-3,25,0,1989,2000,0,B
90,-4,-2,16,0,1995,2000,0,B
90,-4,-1,26,1,2000,2000,0,A
90,-4,0,24,3,2000,2000,0,A
90,-4,1,21,3,2000,2000,0,A
90,-4,2,12,1,2000,2000,0,A
90,-4,3,20,0,1997,2000,0,B
90,-4,4,20,0,1989,2000,0,B
90,-4,5,23,0,1943,2000,0,B
90,-4,6,25,0,1819,2000,0,B
90,-4,7,13,0,1372,2000,0,B
90,-4,8,25,0,1080,2000,0,B
90,-3,-3,13,0,1999,2000,0,B
90,-3,-2,20,9,2000,2000,0,A
90,-3,-1,13,6,2000,2000,0,A
90,-3,0,23,16,2000,2000,0,A
90,-3,1,20,11,2000,2000,0,A
90,-3,2,18,8,2000,2000,0,A
90,-3,3,22,1,2000,2000,0,A
90,-3,4,23,0,1981,2000,0,B
90,-3,5,15,0,1931,2000,0,B
90,-3,6,20,0,1765,2000,0,B
90,-3,7,23,0,1394,2000,0,B
90,-2,-3,19,7,2000,2000,0,A
90,-2,-2,20,18,2000,2000,0,A
90,-2,-1,20,17,2000,2000,0,A
90,-2,0,23,19,2000,2000,0,A
90,-2,1,35,23,2000,2000,0,A
90,-2,2,24,8,2000,2000,0,A
90,-2,3,20,0,1997,2000,0,B
90,-2,4,24,0,1982,2000,0,B
90,-2,5,17,0,1867,2000,0,B
90,-2,6,27,0,1633,2000,0,B
90,-2,7,22,0,1209,2000,0,B
90,-1,-4,17,8,2000,2000,0,A
90,-1,-3,21,19,2000,2000,0,A
90,-1,-2,24,23,2000,2000,0,A
90,-1,-1,14,12,2000,2000,0,A
90,-1,0,23,21,2000,2000,0,A
90,-1,1,22,14,2000,2000,0,A
90,-1,2,17,0,1999,2000,0,B
90,-1,3,25,0,1991,2000,0,B
90,-1,4,20,0,1955,2000,0,B
90,-1,5,22,0,1795,2000,0,B
90,-1,6,21,0,1466,2000,0,B
90,0,-4,22,16,2000,2000,0,A
90,0,-3,18,18,2000,2000,0,A
90,0,-2,16,16,2000,2000,0,A
90,0,-1,21,20,2000,2000,0,A
90,0,0,27,20,2000,2000,0,A
90,0,1,13,1,2000,2000,0,A
90,0,2,21,0,1996,2000,0,B
90,0,3,22,0,1973,2000,0,B
90,0,4,25,0,1870,2000,0,B
90,0,5,17,0,1638,2000,0,B
90,0,6,24,0,1167,2000,0,B
90,1,-5,13,10,2000,2000,0,A
90,1,-4,27,19,2000,2000,0,A
90,1,-3,22,21,2000,2000,0,A
90,1,-2,24,23,2000,2000,0,A
90,1,-1,20,12,2000,2000,0,A
90,1,0,18,7,2000,2000,0,A
90,1,1,21,0,1998,2000,0,B
90,1,2,27,0,1984,2000,0,B
90,1,3,17,0,1902,2000,0,B
90,1,4,18,0,1650,2000,0,B
90,1,5,19,0,1308,2000,0,B
90,2,-5,18,15,2000,2000,0,A
90,2,-4,23,17,2000,2000,0,A
90,2,-3,15,9,2000,2000,0,A
90,2,-2,21,11,2000,2000,0,A
90,2,-1,31,5,2000,2000,0,A
90,2,0,32,0,1998,2000,0,B
90,2,1,19,0,1989,2000,0,B
90,2,2,17,0,1920,2000,0,B
90,2,3,23,0,1757,2000,0,B
90,2,4,18,0,1415,2000,0,B
90,2,5,22,0,914,1998,2,C
90,3,-6,25,10,2000,2000,0,A
90,3,-5,19,7,2000,2000,0,A
90,3,-4,27,10,2000,2000,0,A
90,3,-3,25,7,2000,2000,0,A
90,3,-2,22,2,2000,2000,0,A
90,3,-1,16,0,1997,2000,0,B
90,3,0,20,0,1982,2000,0,B
90,3,1,22,0,1911,2000,0,B
90,4,-3,24,0,1998,2000,0,B
91,-7,6,23,0,1662,2000,0,B
91,-7,7,19,0,1425,2000,0,B
91,-7,8,15,0,1012,1994,6,C
91,-6,2,23,0,1978,2000,0,B
91,-6,3,23,0,1967,2000,0,B
91,-6,4,24,0,1938,2000,0,B
91,-6,5,15,0,1880,2000,0,B
91,-6,6,18,0,1747,2000,0,B
91,-6,7,20,0,1543,2000,0,B
91,-6,8,21,0,1148,1999,1,C
91,-5,-2,25,0,1974,2000,0,B
91,-5,-1,36,0,1992,2000,0,B
91,-5,0,29,0,1996,2000,0,B
91,-5,1,21,0,1999,2000,0,B
91,-5,2,19,0,1998,2000,0,B
91,-5,3,24,0,1996,2000,0,B
91,-5,4,24,0,1973,2000,0,B
91,-5,5,21,0,1910,2000,0,B
91,-5,6,22,0,1796,2000,0,B
91,-5,7,28,0,1561,2000,0,B
91,-5,8,18,0,1123,2000,0,B
91,-5,9,16,0,662,1940,60,C
91,-4,-3,25,0,1991,2000,0,B
91,-4,-2,16,0,1996,2000,0,B
91,-4,-1,26,1,2000,2000,0,A
91,-4,0,24,2,2000,2000,0,A
91,-4,1,21,5,2000,2000,0,A
91,-4,2,12,1,2000,2000,0,A
91,-4,3,20,0,1998,2000,0,B
91,-4,4,20,0,1986,2000,0,B
91,-4,5,23,0,1948,2000,0,B
91,-4,6,25,0,1802,2000,0,B
91,-4,7,13,0,1390,2000,0,B
91,-4,8,25,0,1074,1999,1,C
91,-3,-3,13,1,2000,2000,0,A
91,-3,-2,20,6,2000,2000,0,A
91,-3,-1,13,6,2000,2000,0,A
91,-3,0,23,15,2000,2000,0,A
91,-3,1,20,13,2000,2000,0,A
91,-3,2,18,6,2000,2000,0,A
91,-3,3,22,0,1999,2000,0,B
91,-3,4,23,0,1981,2000,0,B
91,-3,5,15,0,1925,2000,0,B
91,-3,6,20,0,1759,2000,0,B
91,-3,7,23,0,1357,2000,0,B
91,-2,-3,19,4,2000,2000,0,A
91,-2,-2,20,18,2000,2000,0,A
91,-2,-1,20,20,2000,2000,0,A
91,-2,0,23,20,2000,2000,0,A
91,-2,1,35,29,2000,2000,0,A
91,-2,2,24,4,2000,2000,0,A
91,-2,3,20,0,1996,2000,0,B
91,-2,4,24,0,1984,2000,0,B
91,-2,5,17,0,1842,2000,0,B
91,-2,6,27,0,1627,2000,0,B
91,-2,7,22,0,1254,2000,0,B
91,-1,-4,17,5,2000,2000,0,A
91,-1,-3,21,18,2000,2000,0,A
91,-1,-2,24,22,2000,2000,0,A
91,-1,-1,14,14,2000,2000,0,A
91,-1,0,23,23,2000,2000,0,A
91,-1,1,22,14,2000,2000,0,A
91,-1,2,17,1,2000,2000,0,A
91,-1,3,25,0,1991,2000,0,B
91,-1,4,20,0,1948,2000,0,B
91,-1,5,22,0,1769,2000,0,B
91,-1,6,21,0,1477,2000,0,B
91,0,-4,22,15,2000,2000,0,A
91,0,-3,18,14,2000,2000,0,A
91,0,-2,16,15,2000,2000,0,A
91,0,-1,21,21,2000,2000,0,A
91,0,0,27,20,2000,2000,0,A
91,0,1,13,2,2000,2000,0,A
91,0,2,21,0,1997,2000,0,B
91,0,3,22,0,1970,2000,0,B
91,0,4,25,0,1879,2000,0,B
91,0,5,17,0,1644,2000,0,B
91,0,6,24,0,1139,2000,0,B
91,1,-5,13,11,2000,2000,0,A
91,1,-4,27,24,2000,2000,0,A
91,1,-3,22,22,2000,2000,0,A
91,1,-2,24,20,2000,2000,0,A
91,1,-1,20,17,2000,2000,0,A
91,1,0,18,6,2000,2000,0,A
91,1,1,21,0,1998,2000,0,B
91,1,2,27,0,1981,2000,0,B
91,1,3,17,0,1900,2000,0,B
91,1,4,18,0,1670,2000,0,B
91,1,5,19,0,1276,2000,0,B
91,2,-5,18,13,2000,2000,0,A
91,2,-4,23,17,2000,2000,0,A
91,2,-3,15,12,2000,2000,0,A
91,2,-2,21,15,2000,2000,0,A
91,2,-1,31,4,2000,2000,0,A
91,2,0,32,1,2000,2000,0,A
91,2,1,19,0,1987,2000,0,B
91,2,2,17,0,1930,2000,0,B
91,2,3,23,0,1769,2000,0,B
91,2,4,18,0,1389,2000,0,B
91,2,5,22,0,955,1997,3,C
91,3,-6,25,8,2000,2000,0,A
91,3,-5,19,9,2000,2000,0,A
91,3,-4,27,17,2000,2000,0,A
91,3,-3,25,8,2000,2000,0,A
91,3,-2,22,1,2000,2000,0,A
91,3,-1,16,0,1993,2000,0,B
91,3,0,20,0,1981,2000,0,B
91,3,1,22,0,1916,2000,0,B
91,4,-3,24,0,1998,2000,0,B
92,-7,6,23,0,1657,2000,0,B
92,-7,7,19,0,1411,2000,0,B
92,-7,8,15,0,950,1991,9,C
92,-6,2,23,0,1979,2000,0,B
92,-6,3,23,0,1969,2000,0,B
92,-6,4,24,0,1952,2000,0,B
92,-6,5,15,0,1864,2000,0,B
92,-6,6,18,0,1728,2000,0,B
92,-6,7,20,0,1503,2000,0,B
92,-6,8,21,0,1179,2000,0,B
92,-5,-2,25,0,1978,2000,0,B
92,-5,-1,36,0,1993,2000,0,B
92,-5,0,29,0,1994,2000,0,B
92,-5,1,21,0,1998,2000,0,B
92,-5,2,19,0,1994,2000,0,B
92,-5,3,24,0,1992,2000,0,B
92,-5,4,24,0,1972,2000,0,B
92,-5,5,21,0,1914,2000,0,B
92,-5,6,22,0,1802,2000,0,B
92,-5,7,28,0,1556,2000,0,B
92,-5,8,18,0,1085,2000,0,B
92,-5,9,16,0,665,1922,78,C
92,-4,-3,25,0,1978,2000,0,B
92,-4,-2,16,0,1996,2000,0,B
92,-4,-1,26,1,2000,2000,0,A
92,-4,0,24,3,2000,2000,0,A
92,-4,1,21,3,2000,2000,0,A
92,-4,2,12,1,2000,2000,0,A
92,-4,3,20,0,1996,2000,0,B
92,-4,4,20,0,1986,2000,0,B
92,-4,5,23,0,1932,2000,0,B
92,-4,6,25,0,1811,2000,0,B
92,-4,7,13,0,1382,2000,0,B
92,-4,8,25,0,1126,1999,1,C
92,-3,-3,13,0,1999,2000,0,B
92,-3,-2,20,7,2000,2000,0,A
92,-3,-1,13,11,2000,2000,0,A
92,-3,0,23,14,2000,2000,0,A
92,-3,1,20,11,2000,2000,0,A
92,-3,2,18,4,2000,2000,0,A
92,-3,3,22,0,1999,2000,0,B
92,-3,4,23,0,1988,2000,0,B
92,-3,5,15,0,1934,2000,0,B
92,-3,6,20,0,1749,2000,0,B
92,-3,7,23,0,1401,2000,0,B
92,-2,-3,19,8,2000,2000,0,A
92,-2,-2,20,17,2000,2000,0,A
92,-2,-1,20,17,2000,2000,0,A
92,-2,0,23,21,2000,2000,0,A
92,-2,1,35,25,2000,2000,0,A
92,-2,2,24,7,2000,2000,0,A
92,-2,3,20,0,1997,2000,0,B
92,-2,4,24,0,1981,2000,0,B
92,-2,5,17,0,1859,2000,0,B
92,-2,6,27,0,1623,2000,0,B
92,-2,7,22,0,1231,2000,0,B
92,-1,-4,17,6,2000,2000,0,A
92,-1,-3,21,16,2000,2000,0,A
92,-1,-2,24,24,2000,2000,0,A
92,-1,-1,14,14,2000,2000,0,A
92,-1,0,23,21,2000,2000,0,A
92,-1,1,22,15,2000,2000,0,A
92,-1,2,17,3,2000,2000,0,A
92,-1,3,25,0,1991,2000,0,B
92,-1,4,20,0,1942,2000,0,B
92,-1,5,22,0,1806,2000,0,B
92,-1,6,21,0,1455,2000,0,B
92,0,-4,22,16,2000,2000,0,A
92,0,-3,18,16,2000,2000,0,A
92,0,-2,16,16,2000,2000,0,A
92,0,-1,21,18,2000,2000,0,A
92,0,0,27,18,2000,2000,0,A
92,0,1,13,2,2000,2000,0,A
92,0,2,21,0,1998,2000,0,B
92,0,3,22,0,1970,2000,0,B
92,0,4,25,0,1870,2000,0,B
92,0,5,17,0,1651,2000,0,B
92,0,6,24,0,1115,2000,0,B
92,1,-5,13,9,2000,2000,0,A
92,1,-4,27,20,2000,2000,0,A
92,1,-3,22,19,2000,2000,0,A
92,1,-2,24,22,2000,2000,0,A
92,1,-1,20,15,2000,2000,0,A
92,1,0,18,4,2000,2000,0,A
92,1,1,21,0,1997,2000,0,B
92,1,2,27,0,1981,2000,0,B
92,1,3,17,0,1888,2000,0,B
92,1,4,18,0,1681,2000,0,B
92,1,5,19,0,1328,2000,0,B
92,2,-5,18,10,2000,2000,0,A
92,2,-4,23,16,2000,2000,0,A
92,2,-3,15,13,2000,2000,0,A
92,2,-2,21,13,2000,2000,0,A
92,2,-1,31,5,2000,2000,0,A
92,2,0,32,0,1998,2000,0,B
92,2,1,19,0,1981,2000,0,B
92,2,2,17,0,1927,2000,0,B
92,2,3,23,0,1756,2000,0,B
92,2,4,18,0,1394,2000,0,B
92,2,5,22,0,942,1999,1,C
92,3,-6,25,8,2000,2000,0,A
92,3,-5,19,10,2000,2000,0,A
92,3,-4,27,9,2000,2000,0,A
92,3,-3,25,2,2000,2000,0,A
92,3,-2,22,0,1999,2000,0,B
92,3,-1,16,0,1996,2000,0,B
92,3,0,20,0,1981,2000,0,B
92,3,1,22,0,1926,2000,0,B
92,4,-3,24,0,1997,2000,0,B
93,-7,6,23,0,1629,2000,0,B
93,-7,7,19,0,1430,2000,0,B
93,-7,8,15,0,974,1992,8,C
93,-6,2,23,0,1974,2000,0,B
93,-6,3,23,0,1969,2000,0,B
93,-6,4,24,0,1934,2000,0,B
93,-6,5,15,0,1888,2000,0,B
93,-6,6,18,0,1739,2000,0,B
93,-6,7,20,0,1512,2000,0,B
93,-6,8,21,0,1173,1999,1,C
93,-5,-2,25,0,1973,2000,0,B
93,-5,-1,36,0,1989,2000,0,B
93,-5,0,29,0,1998,2000,0,B
93,-5,1,21,0,1997,2000,0,B
93,-5,2,19,0,1994,2000,0,B
93,-5,3,24,0,1995,2000,0,B
93,-5,4,24,0,1982,2000,0,B
93,-5,5,21,0,1917,2000,0,B
93,-5,6,22,0,1794,2000,0,B
93,-5,7,28,0,1592,2000,0,B
93,-5,8,18,0,1091,1999,1,C
93,-5,9,16,0,690,1915,85,C
93,-4,-3,25,0,1988,2000,0,B
93,-4,-2,16,0,1998,2000,0,B
93,-4,-1,26,0,1999,2000,0,B
93,-4,0,24,3,2000,2000,0,A
93,-4,1,21,3,2000,2000,0,A
93,-4,2,12,2,2000,2000,0,A
93,-4,3,20,0,1997,2000,0,B
93,-4,4,20,0,1984,2000,0,B
93,-4,5,23,0,1936,2000,0,B
93,-4,6,25,0,1822,2000,0,B
93,-4,7,13,0,1413,2000,0,B
93,-4,8,25,0,1058,2000,0,B
93,-3,-3,13,0,1999,2000,0,B
93,-3,-2,20,6,2000,2000,0,A
93,-3,-1,13,9,2000,2000,0,A
93,-3,0,23,19,2000,2000,0,A
93,-3,1,20,9,2000,2000,0,A
93,-3,2,18,7,2000,2000,0,A
93,-3,3,22,0,1999,2000,0,B
93,-3,4,23,0,1988,2000,0,B
93,-3,5,15,0,1917,2000,0,B
93,-3,6,20,0,1742,2000,0,B
93,-3,7,23,0,1373,2000,0,B
93,-2,-3,19,4,2000,2000,0,A
93,-2,-2,20,18,2000,2000,0,A
93,-2,-1,20,16,2000,2000,0,A
93,-2,0,23,20,2000,2000,0,A
93,-2,1,35,27,2000,2000,0,A
93,-2,2,24,9,2000,2000,0,A
93,-2,3,20,0,1997,2000,0,B
93,-2,4,24,0,1973,2000,0,B
93,-2,5,17,0,1854,2000,0,B
93,-2,6,27,0,1636,2000,0,B
93,-2,7,22,0,1263,2000,0,B
93,-1,-4,17,12,2000,2000,0,A
93,-1,-3,21,15,2000,2000,0,A
93,-1,-2,24,22,2000,2000,0,A
93,-1,-1,14,14,2000,2000,0,A
93,-1,0,23,19,2000,2000,0,A
93,-1,1,22,14,2000,2000,0,A
93,-1,2,17,2,2000,2000,0,A
93,-1,3,25,0,1993,2000,0,B
93,-1,4,20,0,1949,2000,0,B
93,-1,5,22,0,1790,2000,0,B
93,-1,6,21,0,1482,2000,0,B
93,0,-4,22,18,2000,2000,0,A
93,0,-3,18,17,2000,2000,0,A
93,0,-2,16,16,2000,2000,0,A
93,0,-1,21,21,2000,2000,0,A
93,0,0,27,20,2000,2000,0,A
93,0,1,13,1,2000,2000,0,A
93,0,2,21,0,1995,2000,0,B
93,0,3,22,0,1972,2000,0,B
93,0,4,25,0,1888,2000,0,B
93,0,5,17,0,1651,2000,0,B
93,0,6,24,0,1164,2000,0,B
93,1,-5,13,11,2000,2000,0,A
93,1,-4,27,24,2000,2000,0,A
93,1,-3,22,17,2000,2000,0,A
93,1,-2,24,23,2000,2000,0,A
93,1,-1,20,13,2000,2000,0,A
93,1,0,18,4,2000,2000,0,A
93,1,1,21,0,1998,2000,0,B
93,1,2,27,0,1979,2000,0,B
93,1,3,17,0,1884,2000,0,B
93,1,4,18,0,1681,2000,0,B
93,1,5,19,0,1332,2000,0,B
93,2,-5,18,10,2000,2000,0,A
93,2,-4,23,18,2000,2000,0,A
93,2,-3,15,12,2000,2000,0,A
93,2,-2,21,14,2000,2000,0,A
93,2,-1,31,2,2000,2000,0,A
93,2,0,32,0,1999,2000,0,B
93,2,1,19,0,1982,2000,0,B
93,2,2,17,0,1917,2000,0,B
93,2,3,23,0,1755,2000,0,B
93,2,4,18,0,1417,2000,0,B
93,2,5,22,0,947,1996,4,C
93,3,-6,25,12,2000,2000,0,A
93,3,-5,19,8,2000,2000,0,A
93,3,-4,27,8,2000,2000,0,A
93,3,-3,25,8,2000,2000,0,A
93,3,-2,22,0,1999,2000,0,B
93,3,-1,16,0,1993,2000,0,B
93,3,0,20,0,1977,2000,0,B
93,3,1,22,0,1915,2000,0,B
93,4,-3,24,0,1996,2000,0,B
94,-7,6,23,0,1636,2000,0,B
94,-7,7,19,0,1410,2000,0,B
94,-7,8,15,0,1013,1998,2,C
94,-6,2,23,0,1971,2000,0,B
94,-6,3,23,0,1968,2000,0,B
94,-6,4,24,0,1946,2000,0,B
94,-6,5,15,0,1867,2000,0,B
94,-6,6,18,0,1752,2000,0,B
94,-6,7,20,0,1510,2000,0,B
94,-6,8,21,0,1108,2000,0,B
94,-5,-2,25,0,1974,2000,0,B
94,-5,-1,36,0,1991,2000,0,B
94,-5,0,29,0,1998,2000,0,B
94,-5,1,21,0,1997,2000,0,B
94,-5,2,19,0,1995,2000,0,B
94,-5,3,24,0,1993,2000,0,B
94,-5,4,24,0,1977,2000,0,B
94,-5,5,21,0,1930,2000,0,B
94,-5,6,22,0,1813,2000,0,B
94,-5,7,28,0,1588,2000,0,B
94,-5,8,18,0,1100,1999,1,C
94,-5,9,16,0,649,1932,68,C
94,-4,-3,25,0,1989,2000,0,B
94,-4,-2,16,0,1997,2000,0,B
94,-4,-1,26,1,2000,2000,0,A
94,-4,0,24,5,2000,2000,0,A
94,-4,1,21,1,2000,2000,0,A
94,-4,2,12,1,2000,2000,0,A
94,-4,3,20,0,1999,2000,0,B
94,-4,4,20,0,1987,2000,0,B
94,-4,5,23,0,1939,2000,0,B
94,-4,6,25,0,1804,2000,0,B
94,-4,7,13,0,1382,2000,0,B
94,-4,8,25,0,1076,1999,1,C
94,-3,-3,13,0,1998,2000,0,B
94,-3,-2,20,5,2000,2000,0,A
94,-3,-1,13,7,2000,2000,0,A
94,-3,0,23,20,2000,2000,0,A
94,-3,1,20,11,2000,2000,0,A
94,-3,2,18,4,2000,2000,0,A
94,-3,3,22,0,1999,2000,0,B
94,-3,4,23,0,1987,2000,0,B
94,-3,5,15,0,1929,2000,0,B
94,-3,6,20,0,1731,2000,0,B
94,-3,7,23,0,1401,2000,0,B
94,-2,-3,19,3,2000,2000,0,A
94,-2,-2,20,17,2000,2000,0,A
94,-2,-1,20,19,2000,2000,0,A
94,-2,0,23,20,2000,2000,0,A
94,-2,1,35,27,2000,2000,0,A
94,-2,2,24,6,2000,2000,0,A
94,-2,3,20,0,1998,2000,0,B
94,-2,4,24,0,1974,2000,0,B
94,-2,5,17,0,1877,2000,0,B
94,-2,6,27,0,1637,2000,0,B
94,-2,7,22,0,1247,2000,0,B
94,-1,-4,17,10,2000,2000,0,A
94,-1,-3,21,16,2000,2000,0,A
94,-1,-2,24,23,2000,2000,0,A
94,-1,-1,14,14,2000,2000,0,A
94,-1,0,23,22,2000,2000,0,A
94,-1,1,22,14,2000,2000,0,A
94,-1,2,17,2,2000,2000,0,A
94,-1,3,25,0,1990,2000,0,B
94,-1,4,20,0,1961,2000,0,B
94,-1,5,22,0,1796,2000,0,B
94,-1,6,21,0,1467,2000,0,B
94,0,-4,22,18,2000,2000,0,A
94,0,-3,18,16,2000,2000,0,A
94,0,-2,16,16,2000,2000,0,A
94,0,-1,21,18,2000,2000,0,A
94,0,0,27,18,2000,2000,0,A
94,0,1,13,3,2000,2000,0,A
94,0,2,21,0,1994,2000,0,B
94,0,3,22,0,1974,2000,0,B
94,0,4,25,0,1877,2000,0,B
94,0,5,17,0,1615,2000,0,B
94,0,6,24,0,1167,2000,0,B
94,1,-5,13,11,2000,2000,0,A
94,1,-4,27,25,2000,2000,0,A
94,1,-3,22,21,2000,2000,0,A
94,1,-2,24,19,2000,2000,0,A
94,1,-1,20,11,2000,2000,0,A
94,1,0,18,7,2000,2000,0,A
94,1,1,21,0,1998,2000,0,B
94,1,2,27,0,1978,2000,0,B
94,1,3,17,0,1908,2000,0,B
94,1,4,18,0,1699,2000,0,B
94,1,5,19,0,1342,2000,0,B
94,2,-5,18,12,2000,2000,0,A
94,2,-4,23,17,2000,2000,0,A
94,2,-3,15,13,2000,2000,0,A
94,2,-2,21,13,2000,2000,0,A
94,2,-1,31,4,2000,2000,0,A
94,2,0,32,0,1999,2000,0,B
94,2,1,19,0,1985,2000,0,B
94,2,2,17,0,1934,2000,0,B
94,2,3,23,0,1768,2000,0,B
94,2,4,18,0,1395,2000,0,B
94,2,5,22,0,965,1997,3,C
94,3,-6,25,9,2000,2000,0,A
94,3,-5,19,10,2000,2000,0,A
94,3,-4,27,14,2000,2000,0,A
94,3,-3,25,7,2000,2000,0,A
94,3,-2,22,2,2000,2000,0,A
94,3,-1,16,0,1996,2000,0,B
94,3,0,20,0,1972,2000,0,B
94,3,1,22,0,1905,2000,0,B
94,4,-3,24,0,1995,2000,0,B
95,-7,6,23,0,1658,2000,0,B
95,-7,7,19,0,1418,2000,0,B
95,-7,8,15,0,1032,1995,5,C
95,-6,2,23,0,1978,2000,0,B
95,-6,3,23,0,1967,2000,0,B
95,-6,4,24,0,1935,2000,0,B
95,-6,5,15,0,1884,2000,0,B
95,-6,6,18,0,1751,2000,0,B
95,-6,7,20,0,1500,2000,0,B
95,-6,8,21,0,1112,2000,0,B
95,-5,-2,25,0,1980,2000,0,B
95,-5,-1,36,0,1990,2000,0,B
95,-5,0,29,0,1996,2000,0,B
95,-5,1,21,0,1996,2000,0,B
95,-5,2,19,0,1996,2000,0,B
95,-5,3,24,0,1995,2000,0,B
95,-5,4,24,0,1969,2000,0,B
95,-5,5,21,0,1908,2000,0,B
95,-5,6,22,0,1798,2000,0,B
95,-5,7,28,0,1555,2000,0,B
95,-5,8,18,0,1096,1999,1,C
95,-5,9,16,0,650,1909,91,C
95,-4,-3,25,0,1982,2000,0,B
95,-4,-2,16,0,1996,2000,0,B
95,-4,-1,26,3,2000,2000,0,A
95,-4,0,24,3,2000,2000,0,A
95,-4,1,21,2,2000,2000,0,A
95,-4,2,12,2,2000,2000,0,A
95,-4,3,20,0,1996,2000,0,B
95,-4,4,20,0,1986,2000,0,B
95,-4,5,23,0,1941,2000,0,B
95,-4,6,25,0,1797,2000,0,B
95,-4,7,13,0,1393,2000,0,B
95,-4,8,25,0,1073,2000,0,B
95,-3,-3,13,1,2000,2000,0,A
95,-3,-2,20,6,2000,2000,0,A
95,-3,-1,13,8,2000,2000,0,A
95,-3,0,23,16,2000,2000,0,A
95,-3,1,20,12,2000,2000,0,A
95,-3,2,18,3,2000,2000,0,A
95,-3,3,22,0,1999,2000,0,B
95,-3,4,23,0,1987,2000,0,B
95,-3,5,15,0,1920,2000,0,B
95,-3,6,20,0,1746,2000,0,B
95,-3,7,23,0,1390,2000,0,B
95,-2,-3,19,5,2000,2000,0,A
95,-2,-2,20,17,2000,2000,0,A
95,-2,-1,20,19,2000,2000,0,A
95,-2,0,23,20,2000,2000,0,A
95,-2,1,35,28,2000,2000,0,A
95,-2,2,24,9,2000,2000,0,A
95,-2,3,20,0,1998,2000,0,B
95,-2,4,24,0,1976,2000,0,B
95,-2,5,17,0,1846,2000,0,B
95,-2,6,27,0,1643,2000,0,B
95,-2,7,22,0,1259,2000,0,B
95,-1,-4,17,11,2000,2000,0,A
95,-1,-3,21,20,2000,2000,0,A
95,-1,-2,24,22,2000,2000,0,A
95,-1,-1,14,12,2000,2000,0,A
95,-1,0,23,21,2000,2000,0,A
95,-1,1,22,14,2000,2000,0,A
95,-1,2,17,3,2000,2000,0,A
95,-1,3,25,0,1991,2000,0,B
95,-1,4,20,0,1950,2000,0,B
95,-1,5,22,0,1823,2000,0,B
95,-1,6,21,0,1454,2000,0,B
95,0,-4,22,15,2000,2000,0,A
95,0,-3,18,16,2000,2000,0,A
95,0,-2,16,15,2000,2000,0,A
95,0,-1,21,20,2000,2000,0,A
95,0,0,27,23,2000,2000,0,A
95,0,1,13,5,2000,2000,0,A
95,0,2,21,0,1998,2000,0,B
95,0,3,22,0,1965,2000,0,B
95,0,4,25,0,1860,2000,0,B
95,0,5,17,0,1639,2000,0,B
95,0,6,24,0,1133,2000,0,B
95,1,-5,13,10,2000,2000,0,A
95,1,-4,27,20,2000,2000,0,A
95,1,-3,22,20,2000,2000,0,A
95,1,-2,24,23,2000,2000,0,A
95,1,-1,20,17,2000,2000,0,A
95,1,0,18,5,2000,2000,0,A
95,1,1,21,0,1998,2000,0,B
95,1,2,27,0,1979,2000,0,B
95,1,3,17,0,1916,2000,0,B
95,1,4,18,0,1699,2000,0,B
95,1,5,19,0,1296,2000,0,B
95,2,-5,18,14,2000,2000,0,A
95,2,-4,23,17,2000,2000,0,A
95,2,-3,15,14,2000,2000,0,A
95,2,-2,21,11,2000,2000,0,A
95,2,-1,31,2,2000,2000,0,A
95,2,0,32,0,1996,2000,0,B
95,2,1,19,0,1982,2000,0,B
95,2,2,17,0,1922,2000,0,B
95,2,3,23,0,1760,2000,0,B
95,2,4,18,0,1420,2000,0,B
95,2,5,22,0,968,1997,3,C
95,3,-6,25,9,2000,2000,0,A
95,3,-5,19,7,2000,2000,0,A
95,3,-4,27,8,2000,2000,0,A
95,3,-3,25,3,2000,2000,0,A
95,3,-2,22,0,1999,2000,0,B
95,3,-1,16,0,1996,2000,0,B
95,3,0,20,0,1980,2000,0,B
95,3,1,22,0,1928,2000,0,B
95,4,-3,24,0,1997,2000,0,B
96,-7,6,23,0,1614,2000,0,B
96,-7,7,19,0,1430,2000,0,B
96,-7,8,15,0,1020,1995,5,C
96,-6,2,23,0,1971,2000,0,B
96,-6,3,23,0,1961,2000,0,B
96,-6,4,24,0,1947,2000,0,B
96,-6,5,15,0,1887,2000,0,B
96,-6,6,18,0,1758,2000,0,B
96,-6,7,20,0,1489,2000,0,B
96,-6,8,21,0,1180,2000,0,B
96,-5,-2,25,0,1970,2000,0,B
96,-5,-1,36,0,1991,2000,0,B
96,-5,0,29,0,1998,2000,0,B
96,-5,1,21,0,1997,2000,0,B
96,-5,2,19,0,1997,2000,0,B
96,-5,3,24,0,1992,2000,0,B
96,-5,4,24,0,1973,2000,0,B
96,-5,5,21,0,1932,2000,0,B
96,-5,6,22,0,1791,2000,0,B
96,-5,7,28,0,1583,2000,0,B
96,-5,8,18,0,1077,2000,0,B
96,-5,9,16,0,668,1928,72,C
96,-4,-3,25,0,1986,2000,0,B
96,-4,-2,16,0,1997,2000,0,B
96,-4,-1,26,1,2000,2000,0,A
96,-4,0,24,2,2000,2000,0,A
96,-4,1,21,1,2000,2000,0,A
96,-4,2,12,1,2000,2000,0,A
96,-4,3,20,0,1999,2000,0,B
96,-4,4,20,0,1987,2000,0,B
96,-4,5,23,0,1937,2000,0,B
96,-4,6,25,0,1818,2000,0,B
96,-4,7,13,0,1373,2000,0,B
96,-4,8,25,0,1101,2000,0,B
96,-3,-3,13,0,1999,2000,0,B
96,-3,-2,20,3,2000,2000,0,A
96,-3,-1,13,7,2000,2000,0,A
96,-3,0,23,16,2000,2000,0,A
96,-3,1,20,14,2000,2000,0,A
96,-3,2,18,4,2000,2000,0,A
96,-3,3,22,1,2000,2000,0,A
96,-3,4,23,0,1985,2000,0,B
96,-3,5,15,0,1921,2000,0,B
96,-3,6,20,0,1759,2000,0,B
96,-3,7,23,0,1400,2000,0,B
96,-2,-3,19,6,2000,2000,0,A
96,-2,-2,20,17,2000,2000,0,A
96,-2,-1,20,17,2000,2000,0,A
96,-2,0,23,21,2000,2000,0,A
96,-2,1,35,28,2000,2000,0,A
96,-2,2,24,7,2000,2000,0,A
96,-2,3,20,0,1997,2000,0,B
96,-2,4,24,0,1980,2000,0,B
96,-2,5,17,0,1855,2000,0,B
96,-2,6,27,0,1616,2000,0,B
96,-2,7,22,0,1256,2000,0,B
96,-1,-4,17,5,2000,2000,0,A
96,-1,-3,21,17,2000,2000,0,A
96,-1,-2,24,23,2000,2000,0,A
96,-1,-1,14,14,2000,2000,0,A
96,-1,0,23,21,2000,2000,0,A
96,-1,1,22,14,2000,2000,0,A
96,-1,2,17,3,2000,2000,0,A
96,-1,3,25,0,1992,2000,0,B
96,-1,4,20,0,1949,2000,0,B
96,-1,5,22,0,1772,2000,0,B
96,-1,6,21,0,1429,2000,0,B
96,0,-4,22,17,2000,2000,0,A
96,0,-3,18,17,2000,2000,0,A
96,0,-2,16,15,2000,2000,0,A
96,0,-1,21,20,2000,2000,0,A
96,0,0,27,17,2000,2000,0,A
96,0,1,13,2,2000,2000,0,A
96,0,2,21,0,1995,2000,0,B
96,0,3,22,0,1967,2000,0,B
96,0,4,25,0,1857,2000,0,B
96,0,5,17,0,1625,2000,0,B
96,0,6,24,0,1142,1999,1,C
96,1,-5,13,9,2000,2000,0,A
96,1,-4,27,25,2000,2000,0,A
96,1,-3,22,21,2000,2000,0,A
96,1,-2,24,22,2000,2000,0,A
96,1,-1,20,17,2000,2000,0,A
96,1,0,18,5,2000,2000,0,A
96,1,1,21,0,1997,2000,0,B
96,1,2,27,0,1982,2000,0,B
96,1,3,17,0,1905,2000,0,B
96,1,4,18,0,1663,2000,0,B
96,1,5,19,0,1356,1999,1,C
96,2,-5,18,9,2000,2000,0,A
96,2,-4,23,21,2000,2000,0,A
96,2,-3,15,11,2000,2000,0,A
96,2,-2,21,12,2000,2000,0,A
96,2,-1,31,8,2000,2000,0,A
96,2,0,32,0,1996,2000,0,B
96,2,1,19,0,1981,2000,0,B
96,2,2,17,0,1931,2000,0,B
96,2,3,23,0,1780,2000,0,B
96,2,4,18,0,1412,2000,0,B
96,2,5,22,0,942,1997,3,C
96,3,-6,25,10,2000,2000,0,A
96,3,-5,19,8,2000,2000,0,A
96,3,-4,27,10,2000,2000,0,A
96,3,-3,25,6,2000,2000,0,A
96,3,-2,22,2,2000,2000,0,A
96,3,-1,16,0,1996,2000,0,B
96,3,0,20,0,1973,2000,0,B
96,3,1,22,0,1909,2000,0,B
96,4,-3,24,0,1997,2000,0,B
97,-7,6,23,0,1616,2000,0,B
97,-7,7,19,0,1409,2000,0,B
97,-7,8,15,0,981,1993,7,C
97,-6,2,23,0,1974,2000,0,B
97,-6,3,23,0,1965,2000,0,B
97,-6,4,24,0,1942,2000,0,B
97,-6,5,15,0,1882,2000,0,B
97,-6,6,18,0,1745,2000,0,B
97,-6,7,20,0,1501,2000,0,B
97,-6,8,21,0,1172,1998,2,C
97,-5,-2,25,0,1983,2000,0,B
97,-5,-1,36,0,1993,2000,0,B
97,-5,0,29,0,1996,2000,0,B
97,-5,1,21,0,1996,2000,0,B
97,-5,2,19,0,1994,2000,0,B
97,-5,3,24,0,1991,2000,0,B
97,-5,4,24,0,1975,2000,0,B
97,-5,5,21,0,1919,2000,0,B
97,-5,6,22,0,1793,2000,0,B
97,-5,7,28,0,1600,2000,0,B
97,-5,8,18,0,1093,2000,0,B
97,-5,9,16,0,669,1931,69,C
97,-4,-3,25,0,1984,2000,0,B
97,-4,-2,16,0,1996,2000,0,B
97,-4,-1,26,0,1999,2000,0,B
97,-4,0,24,0,1999,2000,0,B
97,-4,1,21,3,2000,2000,0,A
97,-4,2,12,0,1999,2000,0,B
97,-4,3,20,0,1998,2000,0,B
97,-4,4,20,0,1985,2000,0,B
97,-4,5,23,0,1936,2000,0,B
97,-4,6,25,0,1819,2000,0,B
97,-4,7,13,0,1377,2000,0,B
97,-4,8,25,0,1077,2000,0,B
97,-3,-3,13,0,1998,2000,0,B
97,-3,-2,20,5,2000,2000,0,A
97,-3,-1,13,7,2000,2000,0,A
97,-3,0,23,17,2000,2000,0,A
97,-3,1,20,11,2000,2000,0,A
97,-3,2,18,7,2000,2000,0,A
97,-3,3,22,0,1998,2000,0,B
97,-3,4,23,0,1991,2000,0,B
97,-3,5,15,0,1919,2000,0,B
97,-3,6,20,0,1735,2000,0,B
97,-3,7,23,0,1396,2000,0,B
97,-2,-3,19,3,2000,2000,0,A
97,-2,-2,20,17,2000,2000,0,A
97,-2,-1,20,19,2000,2000,0,A
97,-2,0,23,20,2000,2000,0,A
97,-2,1,35,29,2000,2000,0,A
97,-2,2,24,9,2000,2000,0,A
97,-2,3,20,0,1998,2000,0,B
97,-2,4,24,0,1980,2000,0,B
97,-2,5,17,0,1858,2000,0,B
97,-2,6,27,0,1660,2000,0,B
97,-2,7,22,0,1244,2000,0,B
97,-1,-4,17,5,2000,2000,0,A
97,-1,-3,21,16,2000,2000,0,A
97,-1,-2,24,22,2000,2000,0,A
97,-1,-1,14,14,2000,2000,0,A
97,-1,0,23,22,2000,2000,0,A
97,-1,1,22,13,2000,2000,0,A
97,-1,2,17,0,1999,2000,0,B
97,-1,3,25,0,1999,2000,0,B
97,-1,4,20,0,1946,2000,0,B
97,-1,5,22,0,1786,2000,0,B
97,-1,6,21,0,1470,2000,0,B
97,0,-4,22,16,2000,2000,0,A
97,0,-3,18,17,2000,2000,0,A
97,0,-2,16,16,2000,2000,0,A
97,0,-1,21,21,2000,2000,0,A
97,0,0,27,17,2000,2000,0,A
97,0,1,13,2,2000,2000,0,A
97,0,2,21,0,1995,2000,0,B
97,0,3,22,0,1967,2000,0,B
97,0,4,25,0,1881,2000,0,B
97,0,5,17,0,1629,2000,0,B
97,0,6,24,0,1130,2000,0,B
97,1,-5,13,11,2000,2000,0,A
97,1,-4,27,20,2000,2000,0,A
97,1,-3,22,18,2000,2000,0,A
97,1,-2,24,23,2000,2000,0,A
97,1,-1,20,15,2000,2000,0,A
97,1,0,18,4,2000,2000,0,A
97,1,1,21,1,2000,2000,0,A
97,1,2,27,0,1977,2000,0,B
97,1,3,17,0,1886,2000,0,B
97,1,4,18,0,1677,2000,0,B
97,1,5,19,0,1354,2000,0,B
97,2,-5,18,13,2000,2000,0,A
97,2,-4,23,16,2000,2000,0,A
97,2,-3,15,11,2000,2000,0,A
97,2,-2,21,13,2000,2000,0,A
97,2,-1,31,5,2000,2000,0,A
97,2,0,32,0,1997,2000,0,B
97,2,1,19,0,1985,2000,0,B
97,2,2,17,0,1928,2000,0,B
97,2,3,23,0,1747,2000,0,B
97,2,4,18,0,1377,2000,0,B
97,2,5,22,0,958,1997,3,C
97,3,-6,25,9,2000,2000,0,A
97,3,-5,19,7,2000,2000,0,A
97,3,-4,27,8,2000,2000,0,A
97,3,-3,25,8,2000,2000,0,A
97,3,-2,22,0,1999,2000,0,B
97,3,-1,16,0,1995,2000,0,B
97,3,0,20,0,1972,2000,0,B
97,3,1,22,0,1930,2000,0,B
97,4,-3,24,0,1997,2000,0,B
98,-7,6,23,0,1628,2000,0,B
98,-7,7,19,0,1403,2000,0,B
98,-7,8,15,0,1032,1994,6,C
98,-6,2,23,0,1973,2000,0,B
98,-6,3,23,0,1964,2000,0,B
98,-6,4,24,0,1946,2000,0,B
98,-6,5,15,0,1865,2000,0,B
98,-6,6,18,0,1745,2000,0,B
98,-6,7,20,0,1516,2000,0,B
98,-6,8,21,0,1140,2000,0,B
98,-5,-2,25,0,1975,2000,0,B
98,-5,-1,36,0,1993,2000,0,B
98,-5,0,29,0,1994,2000,0,B
98,-5,1,21,0,1999,2000,0,B
98,-5,2,19,0,1998,2000,0,B
98,-5,3,24,0,1991,2000,0,B
98,-5,4,24,0,1970,2000,0,B
98,-5,5,21,0,1917,2000,0,B
98,-5,6,22,0,1788,2000,0,B
98,-5,7,28,0,1597,2000,0,B
98,-5,8,18,0,1095,2000,0,B
98,-5,9,16,0,660,1931,69,C
98,-4,-3,25,0,1983,2000,0,B
98,-4,-2,16,0,1995,2000,0,B
98,-4,-1,26,2,2000,2000,0,A
98,-4,0,24,2,2000,2000,0,A
98,-4,1,21,2,2000,2000,0,A
98,-4,2,12,0,1999,2000,0,B
98,-4,3,20,0,1997,2000,0,B
98,-4,4,20,0,1984,2000,0,B
98,-4,5,23,0,1945,2000,0,B
98,-4,6,25,0,1819,2000,0,B
98,-4,7,13,0,1361,2000,0,B
98,-4,8,25,0,1100,2000,0,B
98,-3,-3,13,0,1997,2000,0,B
98,-3,-2,20,7,2000,2000,0,A
98,-3,-1,13,8,2000,2000,0,A
98,-3,0,23,18,2000,2000,0,A
98,-3,1,20,12,2000,2000,0,A
98,-3,2,18,7,2000,2000,0,A
98,-3,3,22,0,1997,2000,0,B
98,-3,4,23,0,1987,2000,0,B
98,-3,5,15,0,1919,2000,0,B
98,-3,6,20,0,1746,2000,0,B
98,-3,7,23,0,1409,2000,0,B
98,-2,-3,19,6,2000,2000,0,A
98,-2,-2,20,14,2000,2000,0,A
98,-2,-1,20,18,2000,2000,0,A
98,-2,0,23,21,2000,2000,0,A
98,-2,1,35,27,2000,2000,0,A
98,-2,2,24,8,2000,2000,0,A
98,-2,3,20,0,1997,2000,0,B
98,-2,4,24,0,1979,2000,0,B
98,-2,5,17,0,1865,2000,0,B
98,-2,6,27,0,1619,2000,0,B
98,-2,7,22,0,1264,2000,0,B
98,-1,-4,17,7,2000,2000,0,A
98,-1,-3,21,16,2000,2000,0,A
98,-1,-2,24,21,2000,2000,0,A
98,-1,-1,14,14,2000,2000,0,A
98,-1,0,23,20,2000,2000,0,A
98,-1,1,22,17,2000,2000,0,A
98,-1,2,17,1,2000,2000,0,A
98,-1,3,25,0,1992,2000,0,B
98,-1,4,20,0,1946,2000,0,B
98,-1,5,22,0,1825,2000,0,B
98,-1,6,21,0,1475,2000,0,B
98,0,-4,22,16,2000,2000,0,A
98,0,-3,18,17,2000,2000,0,A
98,0,-2,16,14,2000,2000,0,A
98,0,-1,21,20,2000,2000,0,A
98,0,0,27,21,2000,2000,0,A
98,0,1,13,4,2000,2000,0,A
98,0,2,21,0,1994,2000,0,B
98,0,3,22,0,1965,2000,0,B
98,0,4,25,0,1878,2000,0,B
98,0,5,17,0,1632,2000,0,B
98,0,6,24,0,1128,2000,0,B
98,1,-5,13,8,2000,2000,0,A
98,1,-4,27,24,2000,2000,0,A
98,1,-3,22,19,2000,2000,0,A
98,1,-2,24,22,2000,2000,0,A
98,1,-1,20,14,2000,2000,0,A
98,1,0,18,7,2000,2000,0,A
98,1,1,21,0,1997,2000,0,B
98,1,2,27,0,1976,2000,0,B
98,1,3,17,0,1898,2000,0,B
98,1,4,18,0,1683,2000,0,B
98,1,5,19,0,1301,2000,0,B
98,2,-5,18,12,2000,2000,0,A
98,2,-4,23,19,2000,2000,0,A
98,2,-3,15,8,2000,2000,0,A
98,2,-2,21,11,2000,2000,0,A
98,2,-1,31,5,2000,2000,0,A
98,2,0,32,0,1998,2000,0,B
98,2,1,19,0,1985,2000,0,B
98,2,2,17,0,1922,2000,0,B
98,2,3,23,0,1750,2000,0,B
98,2,4,18,0,1410,2000,0,B
98,2,5,22,0,957,1996,4,C
98,3,-6,25,6,2000,2000,0,A
98,3,-5,19,6,2000,2000,0,A
98,3,-4,27,6,2000,2000,0,A
98,3,-3,25,7,2000,2000,0,A
98,3,-2,22,0,1998,2000,0,B
98,3,-1,16,0,1995,2000,0,B
98,3,0,20,0,1966,2000,0,B
98,3,1,22,0,1927,2000,0,B
98,4,-3,24,0,1997,2000,0,B
99,-7,6,23,0,1608,2000,0,B
99,-7,7,19,0,1411,2000,0,B
99,-7,8,15,0,1043,1991,9,C
99,-6,2,23,0,1975,2000,0,B
99,-6,3,23,0,1972,2000,0,B
99,-6,4,24,0,1942,2000,0,B
99,-6,5,15,0,1891,2000,0,B
99,-6,6,18,0,1752,2000,0,B
99,-6,7,20,0,1493,2000,0,B
99,-6,8,21,0,1190,2000,0,B
99,-5,-2,25,0,1973,2000,0,B
99,-5,-1,36,0,1994,2000,0,B
99,-5,0,29,0,1995,2000,0,B
99,-5,1,21,0,1996,2000,0,B
99,-5,2,19,0,1998,2000,0,B
99,-5,3,24,0,1991,2000,0,B
99,-5,4,24,0,1978,2000,0,B
99,-5,5,21,0,1921,2000,0,B
99,-5,6,22,0,1801,2000,0,B
99,-5,7,28,0,1591,2000,0,B
99,-5,8,18,0,1102,1999,1,C
99,-5,9,16,0,684,1914,86,C
99,-4,-3,25,0,1988,2000,0,B
99,-4,-2,16,0,1994,2000,0,B
99,-4,-1,26,3,2000,2000,0,A
99,-4,0,24,7,2000,2000,0,A
99,-4,1,21,4,2000,2000,0,A
99,-4,2,12,3,2000,2000,0,A
99,-4,3,20,0,1997,2000,0,B
99,-4,4,20,0,1987,2000,0,B
99,-4,5,23,0,1945,2000,0,B
99,-4,6,25,0,1796,2000,0,B
99,-4,7,13,0,1383,2000,0,B
99,-4,8,25,0,1064,2000,0,B
99,-3,-3,13,1,2000,2000,0,A
99,-3,-2,20,7,2000,2000,0,A
99,-3,-1,13,10,2000,2000,0,A
99,-3,0,23,14,2000,2000,0,A
99,-3,1,20,14,2000,2000,0,A
99,-3,2,18,8,2000,2000,0,A
99,-3,3,22,0,1999,2000,0,B
99,-3,4,23,0,1987,2000,0,B
99,-3,5,15,0,1920,2000,0,B
99,-3,6,20,0,1761,2000,0,B
99,-3,7,23,0,1381,2000,0,B
99,-2,-3,19,7,2000,2000,0,A
99,-2,-2,20,18,2000,2000,0,A
99,-2,-1,20,19,2000,2000,0,A
99,-2,0,23,20,2000,2000,0,A
99,-2,1,35,28,2000,2000,0,A
99,-2,2,24,5,2000,2000,0,A
99,-2,3,20,0,1997,2000,0,B
99,-2,4,24,0,1976,2000,0,B
99,-2,5,17,0,1855,2000,0,B
99,-2,6,27,0,1663,2000,0,B
99,-2,7,22,0,1261,2000,0,B
99,-1,-4,17,7,2000,2000,0,A
99,-1,-3,21,19,2000,2000,0,A
99,-1,-2,24,20,2000,2000,0,A
99,-1,-1,14,14,2000,2000,0,A
99,-1,0,23,19,2000,2000,0,A
99,-1,1,22,15,2000,2000,0,A
99,-1,2,17,2,2000,2000,0,A
99,-1,3,25,0,1993,2000,0,B
99,-1,4,20,0,1956,2000,0,B
99,-1,5,22,0,1795,2000,0,B
99,-1,6,21,0,1446,2000,0,B
99,0,-4,22,20,2000,2000,0,A
99,0,-3,18,16,2000,2000,0,A
99,0,-2,16,15,2000,2000,0,A
99,0,-1,21,20,2000,2000,0,A
99,0,0,27,22,2000,2000,0,A
99,0,1,13,2,2000,2000,0,A
99,0,2,21,0,1992,2000,0,B
99,0,3,22,0,1969,2000,0,B
99,0,4,25,0,1869,2000,0,B
99,0,5,17,0,1639,2000,0,B
99,0,6,24,0,1127,2000,0,B
99,1,-5,13,7,2000,2000,0,A
99,1,-4,27,22,2000,2000,0,A
99,1,-3,22,20,2000,2000,0,A
99,1,-2,24,23,2000,2000,0,A
99,1,-1,20,17,2000,2000,0,A
99,1,0,18,5,2000,2000,0,A
99,1,1,21,0,1996,2000,0,B
99,1,2,27,0,1979,2000,0,B
99,1,3,17,0,1896,2000,0,B
99,1,4,18,0,1663,2000,0,B
99,1,5,19,0,1306,2000,0,B
99,2,-5,18,13,2000,2000,0,A
99,2,-4,23,19,2000,2000,0,A
99,2,-3,15,13,2000,2000,0,A
99,2,-2,21,12,2000,2000,0,A
99,2,-1,31,2,2000,2000,0,A
99,2,0,32,0,1997,2000,0,B
99,2,1,19,0,1987,2000,0,B
99,2,2,17,0,1920,2000,0,B
99,2,3,23,0,1770,2000,0,B
99,2,4,18,0,1376,2000,0,B
99,2,5,22,0,955,1999,1,C
99,3,-6,25,11,2000,2000,0,A
99,3,-5,19,12,2000,2000,0,A
99,3,-4,27,7,2000,2000,0,A
99,3,-3,25,7,2000,2000,0,A
99,3,-2,22,2,2000,2000,0,A
99,3,-1,16,0,1996,2000,0,B
99,3,0,20,0,1976,2000,0,B
99,3,1,22,0,1918,2000,0,B
99,4,-3,24,0,1999,2000,0,B
100,-7,6,23,0,1649,2000,0,B
100,-7,7,19,0,1391,2000,0,B
100,-7,8,15,0,1009,1994,6,C
100,-6,2,23,0,1975,2000,0,B
100,-6,3,23,0,1966,2000,0,B
100,-6,4,24,0,1943,2000,0,B
100,-6,5,15,0,1868,2000,0,B
100,-6,6,18,0,1756,2000,0,B
100,-6,7,20,0,1511,2000,0,B
100,-6,8,21,0,1141,2000,0,B
100,-5,-2,25,0,1969,2000,0,B
100,-5,-1,36,0,1995,2000,0,B
100,-5,0,29,0,1997,2000,0,B
100,-5,1,21,0,1996,2000,0,B
100,-5,2,19,0,1996,2000,0,B
100,-5,3,24,0,1994,2000,0,B
100,-5,4,24,0,1976,2000,0,B
100,-5,5,21,0,1920,2000,0,B
100,-5,6,22,0,1807,2000,0,B
100,-5,7,28,0,1571,2000,0,B
100,-5,8,18,0,1091,2000,0,B
100,-5,9,16,0,680,1915,85,C
100,-4,-3,25,0,1982,2000,0,B
100,-4,-2,16,0,1995,2000,0,B
100,-4,-1,26,0,1999,2000,0,B
100,-4,0,24,4,2000,2000,0,A
100,-4,1,21,3,2000,2000,0,A
100,-4,2,12,1,2000,2000,0,A
100,-4,3,20,0,1998,2000,0,B
100,-4,4,20,0,1983,2000,0,B
100,-4,5,23,0,1952,2000,0,B
100,-4,6,25,0,1806,2000,0,B
100,-4,7,13,0,1377,2000,0,B
100,-4,8,25,0,1104,2000,0,B
100,-3,-3,13,2,2000,2000,0,A
100,-3,-2,20,8,2000,2000,0,A
100,-3,-1,13,10,2000,2000,0,A
100,-3,0,23,14,2000,2000,0,A
100,-3,1,20,14,2000,2000,0,A
100,-3,2,18,6,2000,2000,0,A
100,-3,3,22,0,1998,2000,0,B
100,-3,4,23,0,1985,2000,0,B
100,-3,5,15,0,1928,2000,0,B
100,-3,6,20,0,1754,2000,0,B
100,-3,7,23,0,1351,2000,0,B
100,-2,-3,19,6,2000,2000,0,A
100,-2,-2,20,16,2000,2000,0,A
100,-2,-1,20,18,2000,2000,0,A
100,-2,0,23,23,2000,2000,0,A
100,-2,1,35,26,2000,2000,0,A
100,-2,2,24,8,2000,2000,0,A
100,-2,3,20,0,1999,2000,0,B
100,-2,4,24,0,1978,2000,0,B
100,-2,5,17,0,1850,2000,0,B
100,-2,6,27,0,1640,2000,0,B
100,-2,7,22,0,1233,2000,0,B
100,-1,-4,17,3,2000,2000,0,A
100,-1,-3,21,16,2000,2000,0,A
100,-1,-2,24,22,2000,2000,0,A
100,-1,-1,14,14,2000,2000,0,A
100,-1,0,23,22,2000,2000,0,A
100,-1,1,22,9,2000,2000,0,A
100,-1,2,17,3,2000,2000,0,A
100,-1,3,25,0,1987,2000,0,B
100,-1,4,20,0,1955,2000,0,B
100,-1,5,22,0,1808,2000,0,B
100,-1,6,21,0,1444,2000,0,B
100,0,-4,22,16,2000,2000,0,A
100,0,-3,18,17,2000,2000,0,A
100,0,-2,16,15,2000,2000,0,A
100,0,-1,21,20,2000,2000,0,A
100,0,0,27,21,2000,2000,0,A
100,0,1,13,2,2000,2000,0,A
100,0,2,21,0,1993,2000,0,B
100,0,3,22,0,1964,2000,0,B
100,0,4,25,0,1868,2000,0,B
100,0,5,17,0,1601,2000,0,B
100,0,6,24,0,1187,2000,0,B
100,1,-5,13,8,2000,2000,0,A
100,1,-4,27,24,2000,2000,0,A
100,1,-3,22,20,2000,2000,0,A
100,1,-2,24,22,2000,2000,0,A
100,1,-1,20,13,2000,2000,0,A
100,1,0,18,2,2000,2000,0,A
100,1,1,21,0,1997,2000,0,B
100,1,2,27,0,1982,2000,0,B
100,1,3,17,0,1878,2000,0,B
100,1,4,18,0,1688,2000,0,B
100,1,5,19,0,1303,2000,0,B
100,2,-5,18,13,2000,2000,0,A
100,2,-4,23,16,2000,2000,0,A
100,2,-3,15,9,2000,2000,0,A
100,2,-2,21,12,2000,2000,0,A
100,2,-1,31,4,2000,2000,0,A
100,2,0,32,0,1997,2000,0,B
100,2,1,19,0,1986,2000,0,B
100,2,2,17,0,1923,2000,0,B
100,2,3,23,0,1760,2000,0,B
100,2,4,18,0,1412,2000,0,B
100,2,5,22,0,957,1998,2,C
100,3,-6,25,8,2000,2000,0,A
100,3,-5,19,10,2000,2000,0,A
100,3,-4,27,7,2000,2000,0,A
100,3,-3,25,5,2000,2000,0,A
100,3,-2,22,2,2000,2000,0,A
100,3,-1,16,0,1998,2000,0,B
100,3,0,20,0,1976,2000,0,B
100,3,1,22,0,1931,2000,0,B
100,4,-3,24,0,1998,2000,0,B
101,-7,6,23,0,1613,2000,0,B
101,-7,7,19,0,1371,2000,0,B
101,-7,8,15,0,1051,1995,5,C
101,-6,2,23,0,1974,2000,0,B
101,-6,3,23,0,1966,2000,0,B
101,-6,4,24,0,1937,2000,0,B
101,-6,5,15,0,1867,2000,0,B
101,-6,6,18,0,1772,2000,0,B
101,-6,7,20,0,1513,2000,0,B
101,-6,8,21,0,1138,1999,1,C
101,-5,-2,25,0,1978,2000,0,B
101,-5,-1,36,0,1989,2000,0,B
101,-5,0,29,0,1994,2000,0,B
101,-5,1,21,0,1998,2000,0,B
101,-5,2,19,0,1993,2000,0,B
101,-5,3,24,0,1998,2000,0,B
101,-5,4,24,0,1969,2000,0,B
101,-5,5,21,0,1937,2000,0,B
101,-5,6,22,0,1811,2000,0,B
101,-5,7,28,0,1574,2000,0,B
101,-5,8,18,0,1102,1999,1,C
101,-5,9,16,0,657,1920,80,C
101,-4,-3,25,0,1987,2000,0,B
101,-4,-2,16,0,1998,2000,0,B
101,-4,-1,26,1,2000,2000,0,A
101,-4,0,24,5,2000,2000,0,A
101,-4,1,21,5,2000,2000,0,A
101,-4,2,12,2,2000,2000,0,A
101,-4,3,20,0,1998,2000,0,B
101,-4,4,20,0,1984,2000,0,B
101,-4,5,23,0,1935,2000,0,B
101,-4,6,25,0,1812,2000,0,B
101,-4,7,13,0,1414,2000,0,B
101,-4,8,25,0,1077,2000,0,B
101,-3,-3,13,0,1996,2000,0,B
101,-3,-2,20,9,2000,2000,0,A
101,-3,-1,13,5,2000,2000,0,A
101,-3,0,23,13,2000,2000,0,A
101,-3,1,20,16,2000,2000,0,A
101,-3,2,18,8,2000,2000,0,A
101,-3,3,22,0,1999,2000,0,B
101,-3,4,23,0,1987,2000,0,B
101,-3,5,15,0,1929,2000,0,B
101,-3,6,20,0,1735,2000,0,B
101,-3,7,23,0,1378,2000,0,B
101,-2,-3,19,7,2000,2000,0,A
101,-2,-2,20,16,2000,2000,0,A
101,-2,-1,20,20,2000,2000,0,A
101,-2,0,23,22,2000,2000,0,A
101,-2,1,35,29,2000,2000,0,A
101,-2,2,24,10,2000,2000,0,A
101,-2,3,20,0,1998,2000,0,B
101,-2,4,24,0,1976,2000,0,B
101,-2,5,17,0,1862,2000,0,B
101,-2,6,27,0,1660,2000,0,B
101,-2,7,22,0,1250,2000,0,B
101,-1,-4,17,5,2000,2000,0,A
101,-1,-3,21,16,2000,2000,0,A
101,-1,-2,24,23,2000,2000,0,A
101,-1,-1,14,13,2000,2000,0,A
101,-1,0,23,19,2000,2000,0,A
101,-1,1,22,11,2000,2000,0,A
101,-1,2,17,0,1999,2000,0,B
101,-1,3,25,0,1992,2000,0,B
101,-1,4,20,0,1950,2000,0,B
101,-1,5,22,0,1808,2000,0,B
101,-1,6,21,0,1480,2000,0,B
101,0,-4,22,17,2000,2000,0,A
101,0,-3,18,14,2000,2000,0,A
101,0,-2,16,15,2000,2000,0,A
101,0,-1,21,20,2000,2000,0,A
101,0,0,27,22,2000,2000,0,A
101,0,1,13,2,2000,2000,0,A
101,0,2,21,0,1997,2000,0,B
101,0,3,22,0,1972,2000,0,B
101,0,4,25,0,1867,2000,0,B
101,0,5,17,0,1646,2000,0,B
101,0,6,24,0,1156,2000,0,B
101,1,-5,13,8,2000,2000,0,A
101,1,-4,27,20,2000,2000,0,A
101,1,-3,22,18,2000,2000,0,A
101,1,-2,24,20,2000,2000,0,A
101,1,-1,20,15,2000,2000,0,A
101,1,0,18,4,2000,2000,0,A
101,1,1,21,0,1998,2000,0,B
101,1,2,27,0,1981,2000,0,B
101,1,3,17,0,1907,2000,0,B
101,1,4,18,0,1709,2000,0,B
101,1,5,19,0,1290,1999,1,C
101,2,-5,18,13,2000,2000,0,A
101,2,-4,23,15,2000,2000,0,A
101,2,-3,15,12,2000,2000,0,A
101,2,-2,21,13,2000,2000,0,A
101,2,-1,31,1,2000,2000,0,A
101,2,0,32,0,1998,2000,0,B
101,2,1,19,0,1982,2000,0,B
101,2,2,17,0,1929,2000,0,B
101,2,3,23,0,1746,2000,0,B
101,2,4,18,0,1410,2000,0,B
101,2,5,22,0,944,1996,4,C
101,3,-6,25,9,2000,2000,0,A
101,3,-5,19,8,2000,2000,0,A
101,3,-4,27,7,2000,2000,0,A
101,3,-3,25,6,2000,2000,0,A
101,3,-2,22,2,2000,2000,0,A
101,3,-1,16,0,1995,2000,0,B
101,3,0,20,0,1979,2000,0,B
101,3,1,22,0,1918,2000,0,B
101,4,-3,24,0,1997,2000,0,B
102,-7,6,23,0,1626,2000,0,B
102,-7,7,19,0,1380,2000,0,B
102,-7,8,15,0,984,1995,5,C
102,-6,2,23,0,1969,2000,0,B
102,-6,3,23,0,1967,2000,0,B
102,-6,4,24,0,1938,2000,0,B
102,-6,5,15,0,1896,2000,0,B
102,-6,6,18,0,1739,2000,0,B
102,-6,7,20,0,1499,2000,0,B
102,-6,8,21,0,1151,2000,0,B
102,-5,-2,25,0,1973,2000,0,B
102,-5,-1,36,0,1991,2000,0,B
102,-5,0,29,0,1996,2000,0,B
102,-5,1,21,0,1998,2000,0,B
102,-5,2,19,0,1995,2000,0,B
102,-5,3,24,0,1993,2000,0,B
102,-5,4,24,0,1974,2000,0,B
102,-5,5,21,0,1916,2000,0,B
102,-5,6,22,0,1821,2000,0,B
102,-5,7,28,0,1591,2000,0,B
102,-5,8,18,0,1089,2000,0,B
102,-5,9,16,0,693,1921,79,C
102,-4,-3,25,0,1989,2000,0,B
102,-4,-2,16,0,1995,2000,0,B
102,-4,-1,26,1,2000,2000,0,A
102,-4,0,24,4,2000,2000,0,A
102,-4,1,21,5,2000,2000,0,A
102,-4,2,12,1,2000,2000,0,A
102,-4,3,20,0,1997,2000,0,B
102,-4,4,20,0,1985,2000,0,B
102,-4,5,23,0,1946,2000,0,B
102,-4,6,25,0,1814,2000,0,B
102,-4,7,13,0,1371,2000,0,B
102,-4,8,25,0,1083,2000,0,B
102,-3,-3,13,0,1998,2000,0,B
102,-3,-2,20,5,2000,2000,0,A
102,-3,-1,13,7,2000,2000,0,A
102,-3,0,23,15,2000,2000,0,A
102,-3,1,20,11,2000,2000,0,A
102,-3,2,18,8,2000,2000,0,A
102,-3,3,22,1,2000,2000,0,A
102,-3,4,23,0,1984,2000,0,B
102,-3,5,15,0,1937,2000,0,B
102,-3,6,20,0,1749,2000,0,B
102,-3,7,23,0,1371,2000,0,B
102,-2,-3,19,8,2000,2000,0,A
102,-2,-2,20,16,2000,2000,0,A
102,-2,-1,20,18,2000,2000,0,A
102,-2,0,23,19,2000,2000,0,A
102,-2,1,35,29,2000,2000,0,A
102,-2,2,24,7,2000,2000,0,A
102,-2,3,20,0,1999,2000,0,B
102,-2,4,24,0,1979,2000,0,B
102,-2,5,17,0,1857,2000,0,B
102,-2,6,27,0,1649,2000,0,B
102,-2,7,22,0,1271,2000,0,B
102,-1,-4,17,5,2000,2000,0,A
102,-1,-3,21,17,2000,2000,0,A
102,-1,-2,24,20,2000,2000,0,A
102,-1,-1,14,12,2000,2000,0,A
102,-1,0,23,22,2000,2000,0,A
102,-1,1,22,14,2000,2000,0,A
102,-1,2,17,1,2000,2000,0,A
102,-1,3,25,0,1988,2000,0,B
102,-1,4,20,0,1945,2000,0,B
102,-1,5,22,0,1814,2000,0,B
102,-1,6,21,0,1436,2000,0,B
102,0,-4,22,17,2000,2000,0,A
102,0,-3,18,16,2000,2000,0,A
102,0,-2,16,15,2000,2000,0,A
102,0,-1,21,20,2000,2000,0,A
102,0,0,27,21,2000,2000,0,A
102,0,1,13,3,2000,2000,0,A
102,0,2,21,0,1994,2000,0,B
102,0,3,22,0,1971,2000,0,B
102,0,4,25,0,1872,2000,0,B
102,0,5,17,0,1633,2000,0,B
102,0,6,24,0,1129,1999,1,C
102,1,-5,13,7,2000,2000,0,A
102,1,-4,27,23,2000,2000,0,A
102,1,-3,22,19,2000,2000,0,A
102,1,-2,24,23,2000,2000,0,A
102,1,-1,20,18,2000,2000,0,A
102,1,0,18,4,2000,2000,0,A
102,1,1,21,0,1997,2000,0,B
102,1,2,27,0,1979,2000,0,B
102,1,3,17,0,1893,2000,0,B
102,1,4,18,0,1667,2000,0,B
102,1,5,19,0,1326,2000,0,B
102,2,-5,18,14,2000,2000,0,A
102,2,-4,23,18,2000,2000,0,A
102,2,-3,15,12,2000,2000,0,A
102,2,-2,21,13,2000,2000,0,A
102,2,-1,31,7,2000,2000,0,A
102,2,0,32,1,2000,2000,0,A
102,2,1,19,0,1979,2000,0,B
102,2,2,17,0,1939,2000,0,B
102,2,3,23,0,1746,2000,0,B
102,2,4,18,0,1398,2000,0,B
102,2,5,22,0,959,1997,3,C
102,3,-6,25,6,2000,2000,0,A
102,3,-5,19,7,2000,2000,0,A
102,3,-4,27,10,2000,2000,0,A
102,3,-3,25,6,2000,2000,0,A
102,3,-2,22,0,1999,2000,0,B
102,3,-1,16,0,1997,2000,0,B
102,3,0,20,0,1979,2000,0,B
102,3,1,22,0,1910,2000,0,B
102,4,-3,24,0,1997,2000,0,B
103,-7,6,23,0,1636,2000,0,B
103,-7,7,19,0,1401,2000,0,B
103,-7,8,15,0,978,1989,11,C
103,-6,2,23,0,1972,2000,0,B
103,-6,3,23,0,1975,2000,0,B
103,-6,4,24,0,1936,2000,0,B
103,-6,5,15,0,1864,2000,0,B
103,-6,6,18,0,1726,2000,0,B
103,-6,7,20,0,1500,2000,0,B
103,-6,8,21,0,1139,2000,0,B
103,-5,-2,25,0,1975,2000,0,B
103,-5,-1,36,0,1992,2000,0,B
103,-5,0,29,0,1996,2000,0,B
103,-5,1,21,0,1995,2000,0,B
103,-5,2,19,0,1995,2000,0,B
103,-5,3,24,0,1993,2000,0,B
103,-5,4,24,0,1968,2000,0,B
103,-5,5,21,0,1918,2000,0,B
103,-5,6,22,0,1808,2000,0,B
103,-5,7,28,0,1586,2000,0,B
103,-5,8,18,0,1080,2000,0,B
103,-5,9,16,0,689,1938,62,C
103,-4,-3,25,0,1981,2000,0,B
103,-4,-2,16,0,1997,2000,0,B
103,-4,-1,26,0,1999,2000,0,B
103,-4,0,24,2,2000,2000,0,A
103,-4,1,21,5,2000,2000,0,A
103,-4,2,12,3,2000,2000,0,A
103,-4,3,20,0,1997,2000,0,B
103,-4,4,20,0,1988,2000,0,B
103,-4,5,23,0,1940,2000,0,B
103,-4,6,25,0,1816,2000,0,B
103,-4,7,13,0,1381,2000,0,B
103,-4,8,25,0,1087,2000,0,B
103,-3,-3,13,0,1998,2000,0,B
103,-3,-2,20,5,2000,2000,0,A
103,-3,-1,13,4,2000,2000,0,A
103,-3,0,23,18,2000,2000,0,A
103,-3,1,20,13,2000,2000,0,A
103,-3,2,18,6,2000,2000,0,A
103,-3,3,22,0,1999,2000,0,B
103,-3,4,23,0,1989,2000,0,B
103,-3,5,15,0,1930,2000,0,B
103,-3,6,20,0,1754,2000,0,B
103,-3,7,23,0,1393,2000,0,B
103,-2,-3,19,8,2000,2000,0,A
103,-2,-2,20,18,2000,2000,0,A
103,-2,-1,20,19,2000,2000,0,A
103,-2,0,23,19,2000,2000,0,A
103,-2,1,35,28,2000,2000,0,A
103,-2,2,24,6,2000,2000,0,A
103,-2,3,20,0,1997,2000,0,B
103,-2,4,24,0,1980,2000,0,B
103,-2,5,17,0,1859,2000,0,B
103,-2,6,27,0,1647,2000,0,B
103,-2,7,22,0,1246,2000,0,B
103,-1,-4,17,7,2000,2000,0,A
103,-1,-3,21,20,2000,2000,0,A
103,-1,-2,24,24,2000,2000,0,A
103,-1,-1,14,14,2000,2000,0,A
103,-1,0,23,23,2000,2000,0,A
103,-1,1,22,13,2000,2000,0,A
103,-1,2,17,4,2000,2000,0,A
103,-1,3,25,0,1989,2000,0,B
103,-1,4,20,0,1952,2000,0,B
103,-1,5,22,0,1799,2000,0,B
103,-1,6,21,0,1468,2000,0,B
103,0,-4,22,17,2000,2000,0,A
103,0,-3,18,16,2000,2000,0,A
103,0,-2,16,16,2000,2000,0,A
103,0,-1,21,21,2000,2000,0,A
103,0,0,27,19,2000,2000,0,A
103,0,1,13,2,2000,2000,0,A
103,0,2,21,0,1999,2000,0,B
103,0,3,22,0,1969,2000,0,B
103,0,4,25,0,1861,2000,0,B
103,0,5,17,0,1658,2000,0,B
103,0,6,24,0,1177,2000,0,B
103,1,-5,13,11,2000,2000,0,A
103,1,-4,27,21,2000,2000,0,A
103,1,-3,22,18,2000,2000,0,A
103,1,-2,24,21,2000,2000,0,A
103,1,-1,20,16,2000,2000,0,A
103,1,0,18,3,2000,2000,0,A
103,1,1,21,0,1998,2000,0,B
103,1,2,27,0,1985,2000,0,B
103,1,3,17,0,1899,2000,0,B
103,1,4,18,0,1694,2000,0,B
103,1,5,19,0,1274,2000,0,B
103,2,-5,18,15,2000,2000,0,A
103,2,-4,23,19,2000,2000,0,A
103,2,-3,15,8,2000,2000,0,A
103,2,-2,21,13,2000,2000,0,A
103,2,-1,31,5,2000,2000,0,A
103,2,0,32,0,1998,2000,0,B
103,2,1,19,0,1986,2000,0,B
103,2,2,17,0,1911,2000,0,B
103,2,3,23,0,1771,2000,0,B
103,2,4,18,0,1395,2000,0,B
103,2,5,22,0,946,1998,2,C
103,3,-6,25,7,2000,2000,0,A
103,3,-5,19,10,2000,2000,0,A
103,3,-4,27,10,2000,2000,0,A
103,3,-3,25,7,2000,2000,0,A
103,3,-2,22,0,1999,2000,0,B
103,3,-1,16,0,1997,2000,0,B
103,3,0,20,0,1982,2000,0,B
103,3,1,22,0,1907,2000,0,B
103,4,-3,24,0,1999,2000,0,B
104,-7,6,23,0,1631,2000,0,B
104,-7,7,19,0,1421,2000,0,B
104,-7,8,15,0,1033,1993,7,C
104,-6,2,23,0,1968,2000,0,B
104,-6,3,23,0,1974,2000,0,B
104,-6,4,24,0,1947,2000,0,B
104,-6,5,15,0,1880,2000,0,B
104,-6,6,18,0,1752,2000,0,B
104,-6,7,20,0,1499,2000,0,B
104,-6,8,21,0,1150,1999,1,C
104,-5,-2,25,0,1973,2000,0,B
104,-5,-1,36,0,1990,2000,0,B
104,-5,0,29,0,1997,2000,0,B
104,-5,1,21,0,1996,2000,0,B
104,-5,2,19,0,1997,2000,0,B
104,-5,3,24,0,1995,2000,0,B
104,-5,4,24,0,1976,2000,0,B
104,-5,5,21,0,1918,2000,0,B
104,-5,6,22,0,1810,2000,0,B
104,-5,7,28,0,1589,2000,0,B
104,-5,8,18,0,1085,1996,4,C
104,-5,9,16,0,674,1899,101,C
104,-4,-3,25,0,1990,2000,0,B
104,-4,-2,16,0,1995,2000,0,B
104,-4,-1,26,0,1999,2000,0,B
104,-4,0,24,6,2000,2000,0,A
104,-4,1,21,3,2000,2000,0,A
104,-4,2,12,0,1999,2000,0,B
104,-4,3,20,0,1998,2000,0,B
104,-4,4,20,0,1987,2000,0,B
104,-4,5,23,0,1945,2000,0,B
104,-4,6,25,0,1796,2000,0,B
104,-4,7,13,0,1423,2000,0,B
104,-4,8,25,0,1105,2000,0,B
104,-3,-3,13,0,1999,2000,0,B
104,-3,-2,20,9,2000,2000,0,A
104,-3,-1,13,7,2000,2000,0,A
104,-3,0,23,16,2000,2000,0,A
104,-3,1,20,7,2000,2000,0,A
104,-3,2,18,5,2000,2000,0,A
104,-3,3,22,0,1998,2000,0,B
104,-3,4,23,0,1984,2000,0,B
104,-3,5,15,0,1931,2000,0,B
104,-3,6,20,0,1759,2000,0,B
104,-3,7,23,0,1380,2000,0,B
104,-2,-3,19,5,2000,2000,0,A
104,-2,-2,20,18,2000,2000,0,A
104,-2,-1,20,19,2000,2000,0,A
104,-2,0,23,21,2000,2000,0,A
104,-2,1,35,23,2000,2000,0,A
104,-2,2,24,7,2000,2000,0,A
104,-2,3,20,0,1997,2000,0,B
104,-2,4,24,0,1976,2000,0,B
104,-2,5,17,0,1870,2000,0,B
104,-2,6,27,0,1625,2000,0,B
104,-2,7,22,0,1286,2000,0,B
104,-1,-4,17,10,2000,2000,0,A
104,-1,-3,21,19,2000,2000,0,A
104,-1,-2,24,23,2000,2000,0,A
104,-1,-1,14,11,2000,2000,0,A
104,-1,0,23,21,2000,2000,0,A
104,-1,1,22,11,2000,2000,0,A
104,-1,2,17,2,2000,2000,0,A
104,-1,3,25,0,1991,2000,0,B
104,-1,4,20,0,1963,2000,0,B
104,-1,5,22,0,1791,2000,0,B
104,-1,6,21,0,1455,2000,0,B
104,0,-4,22,18,2000,2000,0,A
104,0,-3,18,15,2000,2000,0,A
104,0,-2,16,15,2000,2000,0,A
104,0,-1,21,21,2000,2000,0,A
104,0,0,27,23,2000,2000,0,A
104,0,1,13,2,2000,2000,0,A
104,0,2,21,0,1996,2000,0,B
104,0,3,22,0,1966,2000,0,B
104,0,4,25,0,1869,2000,0,B
104,0,5,17,0,1661,2000,0,B
104,0,6,24,0,1147,2000,0,B
104,1,-5,13,9,2000,2000,0,A
104,1,-4,27,22,2000,2000,0,A
104,1,-3,22,22,2000,2000,0,A
104,1,-2,24,21,2000,2000,0,A
104,1,-1,20,15,2000,2000,0,A
104,1,0,18,5,2000,2000,0,A
104,1,1,21,0,1996,2000,0,B
104,1,2,27,0,1979,2000,0,B
104,1,3,17,0,1899,2000,0,B
104,1,4,18,0,1687,2000,0,B
104,1,5,19,0,1340,2000,0,B
104,2,-5,18,12,2000,2000,0,A
104,2,-4,23,15,2000,2000,0,A
104,2,-3,15,14,2000,2000,0,A
104,2,-2,21,13,2000,2000,0,A
104,2,-1,31,5,2000,2000,0,A
104,2,0,32,0,1997,2000,0,B
104,2,1,19,0,1988,2000,0,B
104,2,2,17,0,1907,2000,0,B
104,2,3,23,0,1765,2000,0,B
104,2,4,18,0,1427,2000,0,B
104,2,5,22,0,920,1997,3,C
104,3,-6,25,10,2000,2000,0,A
104,3,-5,19,8,2000,2000,0,A
104,3,-4,27,11,2000,2000,0,A
104,3,-3,25,8,2000,2000,0,A
104,3,-2,22,1,2000,2000,0,A
104,3,-1,16,0,1999,2000,0,B
104,3,0,20,0,1979,2000,0,B
104,3,1,22,0,1921,2000,0,B
104,4,-3,24,0,1997,2000,0,B
105,-7,6,23,0,1619,2000,0,B
105,-7,7,19,0,1418,2000,0,B
105,-7,8,15,0,1018,1991,9,C
105,-6,2,23,0,1976,2000,0,B
105,-6,3,23,0,1970,2000,0,B
105,-6,4,24,0,1939,2000,0,B
105,-6,5,15,0,1862,2000,0,B
105,-6,6,18,0,1745,2000,0,B
105,-6,7,20,0,1504,2000,0,B
105,-6,8,21,0,1165,1999,1,C
105,-5,-2,25,0,1977,2000,0,B
105,-5,-1,36,0,1992,2000,0,B
105,-5,0,29,0,1994,2000,0,B
105,-5,1,21,0,1997,2000,0,B
105,-5,2,19,0,1995,2000,0,B
105,-5,3,24,0,1991,2000,0,B
105,-5,4,24,0,1976,2000,0,B
105,-5,5,21,0,1910,2000,0,B
105,-5,6,22,0,1809,2000,0,B
105,-5,7,28,0,1598,2000,0,B
105,-5,8,18,0,1099,2000,0,B
105,-5,9,16,0,667,1930,70,C
105,-4,-3,25,0,1986,2000,0,B
105,-4,-2,16,0,1998,2000,0,B
105,-4,-1,26,1,2000,2000,0,A
105,-4,0,24,1,2000,2000,0,A
105,-4,1,21,3,2000,2000,0,A
105,-4,2,12,1,2000,2000,0,A
105,-4,3,20,0,1995,2000,0,B
105,-4,4,20,0,1980,2000,0,B
105,-4,5,23,0,1937,2000,0,B
105,-4,6,25,0,1804,2000,0,B
105,-4,7,13,0,1411,2000,0,B
105,-4,8,25,0,1073,2000,0,B
105,-3,-3,13,0,1998,2000,0,B
105,-3,-2,20,7,2000,2000,0,A
105,-3,-1,13,8,2000,2000,0,A
105,-3,0,23,14,2000,2000,0,A
105,-3,1,20,15,2000,2000,0,A
105,-3,2,18,5,2000,2000,0,A
105,-3,3,22,0,1999,2000,0,B
105,-3,4,23,0,1986,2000,0,B
105,-3,5,15,0,1936,2000,0,B
105,-3,6,20,0,1755,2000,0,B
105,-3,7,23,0,1405,2000,0,B
105,-2,-3,19,7,2000,2000,0,A
105,-2,-2,20,18,2000,2000,0,A
105,-2,-1,20,19,2000,2000,0,A
105,-2,0,23,22,2000,2000,0,A
105,-2,1,35,31,2000,2000,0,A
105,-2,2,24,7,2000,2000,0,A
105,-2,3,20,0,1996,2000,0,B
105,-2,4,24,0,1978,2000,0,B
105,-2,5,17,0,1868,2000,0,B
105,-2,6,27,0,1609,2000,0,B
105,-2,7,22,0,1220,2000,0,B
105,-1,-4,17,7,2000,2000,0,A
105,-1,-3,21,16,2000,2000,0,A
105,-1,-2,24,24,2000,2000,0,A
105,-1,-1,14,13,2000,2000,0,A
105,-1,0,23,18,2000,2000,0,A
105,-1,1,22,12,2000,2000,0,A
105,-1,2,17,1,2000,2000,0,A
105,-1,3,25,0,1991,2000,0,B
105,-1,4,20,0,1936,2000,0,B
105,-1,5,22,0,1801,2000,0,B
105,-1,6,21,0,1443,2000,0,B
105,0,-4,22,16,2000,2000,0,A
105,0,-3,18,16,2000,2000,0,A
105,0,-2,16,15,2000,2000,0,A
105,0,-1,21,19,2000,2000,0,A
105,0,0,27,20,2000,2000,0,A
105,0,1,13,2,2000,2000,0,A
105,0,2,21,0,1995,2000,0,B
105,0,3,22,0,1976,2000,0,B
105,0,4,25,0,1890,2000,0,B
105,0,5,17,0,1619,2000,0,B
105,0,6,24,0,1134,2000,0,B
105,1,-5,13,4,2000,2000,0,A
105,1,-4,27,20,2000,2000,0,A
105,1,-3,22,22,2000,2000,0,A
105,1,-2,24,22,2000,2000,0,A
105,1,-1,20,16,2000,2000,0,A
105,1,0,18,2,2000,2000,0,A
105,1,1,21,0,1996,2000,0,B
105,1,2,27,0,1982,2000,0,B
105,1,3,17,0,1890,2000,0,B
105,1,4,18,0,1637,2000,0,B
105,1,5,19,0,1313,2000,0,B
105,2,-5,18,17,2000,2000,0,A
105,2,-4,23,17,2000,2000,0,A
105,2,-3,15,9,2000,2000,0,A
105,2,-2,21,12,2000,2000,0,A
105,2,-1,31,3,2000,2000,0,A
105,2,0,32,1,2000,2000,0,A
105,2,1,19,0,1984,2000,0,B
105,2,2,17,0,1926,2000,0,B
105,2,3,23,0,1738,2000,0,B
105,2,4,18,0,1430,2000,0,B
105,2,5,22,0,962,1998,2,C
105,3,-6,25,10,2000,2000,0,A
105,3,-5,19,7,2000,2000,0,A
105,3,-4,27,15,2000,2000,0,A
105,3,-3,25,6,2000,2000,0,A
105,3,-2,22,3,2000,2000,0,A
105,3,-1,16,0,1995,2000,0,B
105,3,0,20,0,1974,2000,0,B
105,3,1,22,0,1927,2000,0,B
105,4,-3,24,0,1997,2000,0,B
106,-7,6,23,0,1632,2000,0,B
106,-7,7,19,0,1382,2000,0,B
106,-7,8,15,0,984,1996,4,C
106,-6,2,23,0,1972,2000,0,B
106,-6,3,23,0,1961,2000,0,B
106,-6,4,24,0,1936,2000,0,B
106,-6,5,15,0,1875,2000,0,B
106,-6,6,18,0,1750,2000,0,B
106,-6,7,20,0,1506,2000,0,B
106,-6,8,21,0,1137,2000,0,B
106,-5,-2,25,0,1976,2000,0,B
106,-5,-1,36,0,1995,2000,0,B
106,-5,0,29,0,1998,2000,0,B
106,-5,1,21,0,1998,2000,0,B
106,-5,2,19,0,1997,2000,0,B
106,-5,3,24,0,1995,2000,0,B
106,-5,4,24,0,1971,2000,0,B
106,-5,5,21,0,1929,2000,0,B
106,-5,6,22,0,1815,2000,0,B
106,-5,7,28,0,1550,2000,0,B
106,-5,8,18,0,1118,1998,2,C
106,-5,9,16,0,672,1931,69,C
106,-4,-3,25,0,1985,2000,0,B
106,-4,-2,16,0,1995,2000,0,B
106,-4,-1,26,0,1999,2000,0,B
106,-4,0,24,2,2000,2000,0,A
106,-4,1,21,2,2000,2000,0,A
106,-4,2,12,0,1999,2000,0,B
106,-4,3,20,0,1998,2000,0,B
106,-4,4,20,0,1981,2000,0,B
106,-4,5,23,0,1942,2000,0,B
106,-4,6,25,0,1801,2000,0,B
106,-4,7,13,0,1393,2000,0,B
106,-4,8,25,0,1069,1999,1,C
106,-3,-3,13,0,1998,2000,0,B
106,-3,-2,20,9,2000,2000,0,A
106,-3,-1,13,8,2000,2000,0,A
106,-3,0,23,16,2000,2000,0,A
106,-3,1,20,15,2000,2000,0,A
106,-3,2,18,3,2000,2000,0,A
106,-3,3,22,1,2000,2000,0,A
106,-3,4,23,0,1988,2000,0,B
106,-3,5,15,0,1928,2000,0,B
106,-3,6,20,0,1768,2000,0,B
106,-3,7,23,0,1407,2000,0,B
106,-2,-3,19,4,2000,2000,0,A
106,-2,-2,20,16,2000,2000,0,A
106,-2,-1,20,18,2000,2000,0,A
106,-2,0,23,20,2000,2000,0,A
106,-2,1,35,23,2000,2000,0,A
106,-2,2,24,11,2000,2000,0,A
106,-2,3,20,0,1997,2000,0,B
106,-2,4,24,0,1977,2000,0,B
106,-2,5,17,0,1865,2000,0,B
106,-2,6,27,0,1656,2000,0,B
106,-2,7,22,0,1245,2000,0,B
106,-1,-4,17,6,2000,2000,0,A
106,-1,-3,21,17,2000,2000,0,A
106,-1,-2,24,23,2000,2000,0,A
106,-1,-1,14,12,2000,2000,0,A
106,-1,0,23,22,2000,2000,0,A
106,-1,1,22,11,2000,2000,0,A
106,-1,2,17,2,2000,2000,0,A
106,-1,3,25,0,1990,2000,0,B
106,-1,4,20,0,1962,2000,0,B
106,-1,5,22,0,1805,2000,0,B
106,-1,6,21,0,1467,2000,0,B
106,0,-4,22,13,2000,2000,0,A
106,0,-3,18,18,2000,2000,0,A
106,0,-2,16,16,2000,2000,0,A
106,0,-1,21,16,2000,2000,0,A
106,0,0,27,18,2000,2000,0,A
106,0,1,13,4,2000,2000,0,A
106,0,2,21,0,1996,2000,0,B
106,0,3,22,0,1968,2000,0,B
106,0,4,25,0,1887,2000,0,B
106,0,5,17,0,1670,2000,0,B
106,0,6,24,0,1142,2000,0,B
106,1,-5,13,9,2000,2000,0,A
106,1,-4,27,22,2000,2000,0,A
106,1,-3,22,19,2000,2000,0,A
106,1,-2,24,23,2000,2000,0,A
106,1,-1,20,11,2000,2000,0,A
106,1,0,18,4,2000,2000,0,A
106,1,1,21,0,1998,2000,0,B
106,1,2,27,0,1980,2000,0,B
106,1,3,17,0,1888,2000,0,B
106,1,4,18,0,1701,2000,0,B
106,1,5,19,0,1307,2000,0,B
106,2,-5,18,13,2000,2000,0,A
106,2,-4,23,19,2000,2000,0,A
106,2,-3,15,12,2000,2000,0,A
106,2,-2,21,10,2000,2000,0,A
106,2,-1,31,7,2000,2000,0,A
106,2,0,32,0,1998,2000,0,B
106,2,1,19,0,1981,2000,0,B
106,2,2,17,0,1928,2000,0,B
106,2,3,23,0,1752,2000,0,B
106,2,4,18,0,1408,2000,0,B
106,2,5,22,0,930,1997,3,C
106,3,-6,25,11,2000,2000,0,A
106,3,-5,19,9,2000,2000,0,A
106,3,-4,27,13,2000,2000,0,A
106,3,-3,25,4,2000,2000,0,A
106,3,-2,22,1,2000,2000,0,A
106,3,-1,16,0,1995,2000,0,B
106,3,0,20,0,1971,2000,0,B
106,3,1,22,0,1915,2000,0,B
106,4,-3,24,0,1997,2000,0,B
107,-7,6,23,0,1624,2000,0,B
107,-7,7,19,0,1406,2000,0,B
107,-7,8,15,0,1023,1991,9,C
107,-6,2,23,0,1984,2000,0,B
107,-6,3,23,0,1966,2000,0,B
107,-6,4,24,0,1933,2000,0,B
107,-6,5,15,0,1881,2000,0,B
107,-6,6,18,0,1760,2000,0,B
107,-6,7,20,0,1486,2000,0,B
107,-6,8,21,0,1155,1999,1,C
107,-5,-2,25,0,1982,2000,0,B
107,-5,-1,36,0,1990,2000,0,B
107,-5,0,29,0,1997,2000,0,B
107,-5,1,21,0,1997,2000,0,B
107,-5,2,19,0,1998,2000,0,B
107,-5,3,24,0,1995,2000,0,B
107,-5,4,24,0,1984,2000,0,B
107,-5,5,21,0,1932,2000,0,B
107,-5,6,22,0,1792,2000,0,B
107,-5,7,28,0,1584,2000,0,B
107,-5,8,18,0,1090,2000,0,B
107,-5,9,16,0,692,1913,87,C
107,-4,-3,25,0,1991,2000,0,B
107,-4,-2,16,0,1997,2000,0,B
107,-4,-1,26,1,2000,2000,0,A
107,-4,0,24,5,2000,2000,0,A
107,-4,1,21,1,2000,2000,0,A
107,-4,2,12,0,1999,2000,0,B
107,-4,3,20,0,1997,2000,0,B
107,-4,4,20,0,1986,2000,0,B
107,-4,5,23,0,1940,2000,0,B
107,-4,6,25,0,1805,2000,0,B
107,-4,7,13,0,1385,2000,0,B
107,-4,8,25,0,1052,2000,0,B
107,-3,-3,13,0,1998,2000,0,B
107,-3,-2,20,4,2000,2000,0,A
107,-3,-1,13,7,2000,2000,0,A
107,-3,0,23,14,2000,2000,0,A
107,-3,1,20,11,2000,2000,0,A
107,-3,2,18,5,2000,2000,0,A
107,-3,3,22,0,1998,2000,0,B
107,-3,4,23,0,1987,2000,0,B
107,-3,5,15,0,1926,2000,0,B
107,-3,6,20,0,1755,2000,0,B
107,-3,7,23,0,1393,2000,0,B
107,-2,-3,19,8,2000,2000,0,A
107,-2,-2,20,17,2000,2000,0,A
107,-2,-1,20,20,2000,2000,0,A
107,-2,0,23,22,2000,2000,0,A
107,-2,1,35,28,2000,2000,0,A
107,-2,2,24,7,2000,2000,0,A
107,-2,3,20,0,1999,2000,0,B
107,-2,4,24,0,1979,2000,0,B
107,-2,5,17,0,1866,2000,0,B
107,-2,6,27,0,1650,2000,0,B
107,-2,7,22,0,1248,2000,0,B
107,-1,-4,17,9,2000,2000,0,A
107,-1,-3,21,17,2000,2000,0,A
107,-1,-2,24,23,2000,2000,0,A
107,-1,-1,14,12,2000,2000,0,A
107,-1,0,23,21,2000,2000,0,A
107,-1,1,22,11,2000,2000,0,A
107,-1,2,17,1,2000,2000,0,A
107,-1,3,25,0,1995,2000,0,B
107,-1,4,20,0,1956,2000,0,B
107,-1,5,22,0,1804,2000,0,B
107,-1,6,21,0,1432,2000,0,B
107,0,-4,22,19,2000,2000,0,A
107,0,-3,18,16,2000,2000,0,A
107,0,-2,16,15,2000,2000,0,A
107,0,-1,21,19,2000,2000,0,A
107,0,0,27,20,2000,2000,0,A
107,0,1,13,1,2000,2000,0,A
107,0,2,21,0,1995,2000,0,B
107,0,3,22,0,1974,2000,0,B
107,0,4,25,0,1863,2000,0,B
107,0,5,17,0,1629,2000,0,B
107,0,6,24,0,1162,2000,0,B
107,1,-5,13,9,2000,2000,0,A
107,1,-4,27,22,2000,2000,0,A
107,1,-3,22,18,2000,2000,0,A
107,1,-2,24,24,2000,2000,0,A
107,1,-1,20,12,2000,2000,0,A
107,1,0,18,3,2000,2000,0,A
107,1,1,21,0,1999,2000,0,B
107,1,2,27,0,1980,2000,0,B
107,1,3,17,0,1908,2000,0,B
107,1,4,18,0,1676,2000,0,B
107,1,5,19,0,1301,2000,0,B
107,2,-5,18,12,2000,2000,0,A
107,2,-4,23,16,2000,2000,0,A
107,2,-3,15,15,2000,2000,0,A
107,2,-2,21,14,2000,2000,0,A
107,2,-1,31,5,2000,2000,0,A
107,2,0,32,0,1998,2000,0,B
107,2,1,19,0,1981,2000,0,B
107,2,2,17,0,1934,2000,0,B
107,2,3,23,0,1766,2000,0,B
107,2,4,18,0,1438,2000,0,B
107,2,5,22,0,945,1998,2,C
107,3,-6,25,9,2000,2000,0,A
107,3,-5,19,11,2000,2000,0,A
107,3,-4,27,9,2000,2000,0,A
107,3,-3,25,2,2000,2000,0,A
107,3,-2,22,1,2000,2000,0,A
107,3,-1,16,0,1998,2000,0,B
107,3,0,20,0,1980,2000,0,B
107,3,1,22,0,1917,2000,0,B
107,4,-3,24,0,1998,2000,0,B
108,-7,6,23,0,1646,2000,0,B
108,-7,7,19,0,1384,2000,0,B
108,-7,8,15,0,1016,1995,5,C
108,-6,2,23,0,1970,2000,0,B
108,-6,3,23,0,1974,2000,0,B
108,-6,4,24,0,1930,2000,0,B
108,-6,5,15,0,1871,2000,0,B
108,-6,6,18,0,1761,2000,0,B
108,-6,7,20,0,1517,2000,0,B
108,-6,8,21,0,1139,2000,0,B
108,-5,-2,25,0,1978,2000,0,B
108,-5,-1,36,0,1991,2000,0,B
108,-5,0,29,0,1997,2000,0,B
108,-5,1,21,0,1998,2000,0,B
108,-5,2,19,0,1994,2000,0,B
108,-5,3,24,0,1995,2000,0,B
108,-5,4,24,0,1982,2000,0,B
108,-5,5,21,0,1914,2000,0,B
108,-5,6,22,0,1820,2000,0,B
108,-5,7,28,0,1590,2000,0,B
108,-5,8,18,0,1077,1999,1,C
108,-5,9,16,0,645,1931,69,C
108,-4,-3,25,0,1985,2000,0,B
108,-4,-2,16,0,1998,2000,0,B
108,-4,-1,26,0,1999,2000,0,B
108,-4,0,24,5,2000,2000,0,A
108,-4,1,21,2,2000,2000,0,A
108,-4,2,12,1,2000,2000,0,A
108,-4,3,20,0,1997,2000,0,B
108,-4,4,20,0,1984,2000,0,B
108,-4,5,23,0,1936,2000,0,B
108,-4,6,25,0,1820,2000,0,B
108,-4,7,13,0,1395,2000,0,B
108,-4,8,25,0,1098,1999,1,C
108,-3,-3,13,0,1999,2000,0,B
108,-3,-2,20,5,2000,2000,0,A
108,-3,-1,13,9,2000,2000,0,A
108,-3,0,23,14,2000,2000,0,A
108,-3,1,20,13,2000,2000,0,A
108,-3,2,18,8,2000,2000,0,A
108,-3,3,22,0,1999,2000,0,B
108,-3,4,23,0,1992,2000,0,B
108,-3,5,15,0,1935,2000,0,B
108,-3,6,20,0,1766,2000,0,B
108,-3,7,23,0,1389,2000,0,B
108,-2,-3,19,5,2000,2000,0,A
108,-2,-2,20,19,2000,2000,0,A
108,-2,-1,20,19,2000,2000,0,A
108,-2,0,23,21,2000,2000,0,A
108,-2,1,35,24,2000,2000,0,A
108,-2,2,24,7,2000,2000,0,A
108,-2,3,20,0,1999,2000,0,B
108,-2,4,24,0,1983,2000,0,B
108,-2,5,17,0,1855,2000,0,B
108,-2,6,27,0,1659,2000,0,B
108,-2,7,22,0,1268,2000,0,B
108,-1,-4,17,6,2000,2000,0,A
108,-1,-3,21,20,2000,2000,0,A
108,-1,-2,24,22,2000,2000,0,A
108,-1,-1,14,13,2000,2000,0,A
108,-1,0,23,21,2000,2000,0,A
108,-1,1,22,14,2000,2000,0,A
108,-1,2,17,1,2000,2000,0,A
108,-1,3,25,0,1991,2000,0,B
108,-1,4,20,0,1944,2000,0,B
108,-1,5,22,0,1822,2000,0,B
108,-1,6,21,0,1482,2000,0,B
108,0,-4,22,16,2000,2000,0,A
108,0,-3,18,16,2000,2000,0,A
108,0,-2,16,16,2000,2000,0,A
108,0,-1,21,19,2000,2000,0,A
108,0,0,27,22,2000,2000,0,A
108,0,1,13,4,2000,2000,0,A
108,0,2,21,0,1995,2000,0,B
108,0,3,22,0,1966,2000,0,B
108,0,4,25,0,1865,2000,0,B
108,0,5,17,0,1605,2000,0,B
108,0,6,24,0,1136,2000,0,B
108,1,-5,13,9,2000,2000,0,A
108,1,-4,27,22,2000,2000,0,A
108,1,-3,22,20,2000,2000,0,A
108,1,-2,24,21,2000,2000,0,A
108,1,-1,20,14,2000,2000,0,A
108,1,0,18,3,2000,2000,0,A
108,1,1,21,0,1998,2000,0,B
108,1,2,27,0,1982,2000,0,B
108,1,3,17,0,1905,2000,0,B
108,1,4,18,0,1648,2000,0,B
108,1,5,19,0,1298,2000,0,B
108,2,-5,18,12,2000,2000,0,A
108,2,-4,23,20,2000,2000,0,A
108,2,-3,15,10,2000,2000,0,A
108,2,-2,21,14,2000,2000,0,A
108,2,-1,31,5,2000,2000,0,A
108,2,0,32,0,1997,2000,0,B
108,2,1,19,0,1982,2000,0,B
108,2,2,17,0,1930,2000,0,B
108,2,3,23,0,1769,2000,0,B
108,2,4,18,0,1388,2000,0,B
108,2,5,22,0,931,1998,2,C
108,3,-6,25,7,2000,2000,0,A
108,3,-5,19,9,2000,2000,0,A
108,3,-4,27,9,2000,2000,0,A
108,3,-3,25,5,2000,2000,0,A
108,3,-2,22,1,2000,2000,0,A
108,3,-1,16,0,1996,2000,0,B
108,3,0,20,0,1972,2000,0,B
108,3,1,22,0,1915,2000,0,B
108,4,-3,24,0,1997,2000,0,B
109,-7,6,23,0,1643,2000,0,B
109,-7,7,19,0,1392,2000,0,B
109,-7,8,15,0,1037,1989,11,C
109,-6,2,23,0,1973,2000,0,B
109,-6,3,23,0,1970,2000,0,B
109,-6,4,24,0,1943,2000,0,B
109,-6,5,15,0,1882,2000,0,B
109,-6,6,18,0,1762,2000,0,B
109,-6,7,20,0,1518,2000,0,B
109,-6,8,21,0,1186,1999,1,C
109,-5,-2,25,0,1980,2000,0,B
109,-5,-1,36,0,1990,2000,0,B
109,-5,0,29,0,1996,2000,0,B
109,-5,1,21,0,1997,2000,0,B
109,-5,2,19,0,1994,2000,0,B
109,-5,3,24,0,1995,2000,0,B
109,-5,4,24,0,1973,2000,0,B
109,-5,5,21,0,1910,2000,0,B
109,-5,6,22,0,1817,2000,0,B
109,-5,7,28,0,1588,2000,0,B
109,-5,8,18,0,1089,1998,2,C
109,-5,9,16,0,664,1920,80,C
109,-4,-3,25,0,1987,2000,0,B
109,-4,-2,16,0,1997,2000,0,B
109,-4,-1,26,3,2000,2000,0,A
109,-4,0,24,3,2000,2000,0,A
109,-4,1,21,3,2000,2000,0,A
109,-4,2,12,1,2000,2000,0,A
109,-4,3,20,0,1998,2000,0,B
109,-4,4,20,0,1991,2000,0,B
109,-4,5,23,0,1938,2000,0,B
109,-4,6,25,0,1819,2000,0,B
109,-4,7,13,0,1383,1999,1,C
109,-4,8,25,0,1058,2000,0,B
109,-3,-3,13,0,1999,2000,0,B
109,-3,-2,20,6,2000,2000,0,A
109,-3,-1,13,9,2000,2000,0,A
109,-3,0,23,15,2000,2000,0,A
109,-3,1,20,14,2000,2000,0,A
109,-3,2,18,6,2000,2000,0,A
109,-3,3,22,0,1998,2000,0,B
109,-3,4,23,0,1983,2000,0,B
109,-3,5,15,0,1926,2000,0,B
109,-3,6,20,0,1772,2000,0,B
109,-3,7,23,0,1380,2000,0,B
109,-2,-3,19,5,2000,2000,0,A
109,-2,-2,20,19,2000,2000,0,A
109,-2,-1,20,19,2000,2000,0,A
109,-2,0,23,22,2000,2000,0,A
109,-2,1,35,27,2000,2000,0,A
109,-2,2,24,11,2000,2000,0,A
109,-2,3,20,0,1999,2000,0,B
109,-2,4,24,0,1974,2000,0,B
109,-2,5,17,0,1871,2000,0,B
109,-2,6,27,0,1622,2000,0,B
109,-2,7,22,0,1268,2000,0,B
109,-1,-4,17,7,2000,2000,0,A
109,-1,-3,21,17,2000,2000,0,A
109,-1,-2,24,20,2000,2000,0,A
109,-1,-1,14,14,2000,2000,0,A
109,-1,0,23,16,2000,2000,0,A
109,-1,1,22,14,2000,2000,0,A
109,-1,2,17,2,2000,2000,0,A
109,-1,3,25,0,1991,2000,0,B
109,-1,4,20,0,1950,2000,0,B
109,-1,5,22,0,1801,2000,0,B
109,-1,6,21,0,1452,2000,0,B
109,0,-4,22,18,2000,2000,0,A
109,0,-3,18,16,2000,2000,0,A
109,0,-2,16,16,2000,2000,0,A
109,0,-1,21,19,2000,2000,0,A
109,0,0,27,18,2000,2000,0,A
109,0,1,13,3,2000,2000,0,A
109,0,2,21,0,1997,2000,0,B
109,0,3,22,0,1968,2000,0,B
109,0,4,25,0,1873,2000,0,B
109,0,5,17,0,1649,2000,0,B
109,0,6,24,0,1145,2000,0,B
109,1,-5,13,11,2000,2000,0,A
109,1,-4,27,22,2000,2000,0,A
109,1,-3,22,18,2000,2000,0,A
109,1,-2,24,21,2000,2000,0,A
109,1,-1,20,17,2000,2000,0,A
109,1,0,18,1,2000,2000,0,A
109,1,1,21,0,1997,2000,0,B
109,1,2,27,0,1985,2000,0,B
109,1,3,17,0,1910,2000,0,B
109,1,4,18,0,1710,2000,0,B
109,1,5,19,0,1328,2000,0,B
109,2,-5,18,13,2000,2000,0,A
109,2,-4,23,15,2000,2000,0,A
109,2,-3,15,13,2000,2000,0,A
109,2,-2,21,12,2000,2000,0,A
109,2,-1,31,3,2000,2000,0,A
109,2,0,32,0,1998,2000,0,B
109,2,1,19,0,1979,2000,0,B
109,2,2,17,0,1907,2000,0,B
109,2,3,23,0,1748,2000,0,B
109,2,4,18,0,1411,2000,0,B
109,2,5,22,0,964,1998,2,C
109,3,-6,25,12,2000,2000,0,A
109,3,-5,19,10,2000,2000,0,A
109,3,-4,27,11,2000,2000,0,A
109,3,-3,25,6,2000,2000,0,A
109,3,-2,22,0,1999,2000,0,B
109,3,-1,16,0,1997,2000,0,B
109,3,0,20,0,1971,2000,0,B
109,3,1,22,0,1922,2000,0,B
109,4,-3,24,0,1997,2000,0,B
110,-7,6,23,0,1622,2000,0,B
110,-7,7,19,0,1419,2000,0,B
110,-7,8,15,0,994,1992,8,C
110,-6,2,23,0,1972,2000,0,B
110,-6,3,23,0,1967,2000,0,B
110,-6,4,24,0,1942,2000,0,B
110,-6,5,15,0,1867,2000,0,B
110,-6,6,18,0,1758,2000,0,B
110,-6,7,20,0,1503,2000,0,B
110,-6,8,21,0,1171,2000,0,B
110,-5,-2,25,0,1978,2000,0,B
110,-5,-1,36,0,1994,2000,0,B
110,-5,0,29,0,1997,2000,0,B
110,-5,1,21,0,1998,2000,0,B
110,-5,2,19,0,1997,2000,0,B
110,-5,3,24,0,1994,2000,0,B
110,-5,4,24,0,1972,2000,0,B
110,-5,5,21,0,1928,2000,0,B
110,-5,6,22,0,1797,2000,0,B
110,-5,7,28,0,1590,2000,0,B
110,-5,8,18,0,1074,1999,1,C
110,-5,9,16,0,703,1919,81,C
110,-4,-3,25,0,1981,2000,0,B
110,-4,-2,16,0,1999,2000,0,B
110,-4,-1,26,0,1999,2000,0,B
110,-4,0,24,5,2000,2000,0,A
110,-4,1,21,3,2000,2000,0,A
110,-4,2,12,1,2000,2000,0,A
110,-4,3,20,0,1999,2000,0,B
110,-4,4,20,0,1985,2000,0,B
110,-4,5,23,0,1940,2000,0,B
110,-4,6,25,0,1794,2000,0,B
110,-4,7,13,0,1411,2000,0,B
110,-4,8,25,0,1076,2000,0,B
110,-3,-3,13,0,1999,2000,0,B
110,-3,-2,20,4,2000,2000,0,A
110,-3,-1,13,8,2000,2000,0,A
110,-3,0,23,16,2000,2000,0,A
110,-3,1,20,15,2000,2000,0,A
110,-3,2,18,6,2000,2000,0,A
110,-3,3,22,0,1999,2000,0,B
110,-3,4,23,0,1992,2000,0,B
110,-3,5,15,0,1926,2000,0,B
110,-3,6,20,0,1761,2000,0,B
110,-3,7,23,0,1421,2000,0,B
110,-2,-3,19,5,2000,2000,0,A
110,-2,-2,20,20,2000,2000,0,A
110,-2,-1,20,19,2000,2000,0,A
110,-2,0,23,20,2000,2000,0,A
110,-2,1,35,27,2000,2000,0,A
110,-2,2,24,11,2000,2000,0,A
110,-2,3,20,0,1997,2000,0,B
110,-2,4,24,0,1976,2000,0,B
110,-2,5,17,0,1860,2000,0,B
110,-2,6,27,0,1662,2000,0,B
110,-2,7,22,0,1251,2000,0,B
110,-1,-4,17,8,2000,2000,0,A
110,-1,-3,21,18,2000,2000,0,A
110,-1,-2,24,22,2000,2000,0,A
110,-1,-1,14,13,2000,2000,0,A
110,-1,0,23,19,2000,2000,0,A
110,-1,1,22,12,2000,2000,0,A
110,-1,2,17,3,2000,2000,0,A
110,-1,3,25,0,1992,2000,0,B
110,-1,4,20,0,1944,2000,0,B
110,-1,5,22,0,1794,2000,0,B
110,-1,6,21,0,1455,2000,0,B
110,0,-4,22,17,2000,2000,0,A
110,0,-3,18,17,2000,2000,0,A
110,0,-2,16,16,2000,2000,0,A
110,0,-1,21,18,2000,2000,0,A
110,0,0,27,24,2000,2000,0,A
110,0,1,13,0,1999,2000,0,B
110,0,2,21,0,1997,2000,0,B
110,0,3,22,0,1969,2000,0,B
110,0,4,25,0,1884,2000,0,B
110,0,5,17,0,1628,2000,0,B
110,0,6,24,0,1153,2000,0,B
110,1,-5,13,12,2000,2000,0,A
110,1,-4,27,22,2000,2000,0,A
110,1,-3,22,22,2000,2000,0,A
110,1,-2,24,22,2000,2000,0,A
110,1,-1,20,15,2000,2000,0,A
110,1,0,18,2,2000,2000,0,A
110,1,1,21,0,1997,2000,0,B
110,1,2,27,0,1973,2000,0,B
110,1,3,17,0,1892,2000,0,B
110,1,4,18,0,1688,2000,0,B
110,1,5,19,0,1324,1999,1,C
110,2,-5,18,14,2000,2000,0,A
110,2,-4,23,20,2000,2000,0,A
110,2,-3,15,10,2000,2000,0,A
110,2,-2,21,12,2000,2000,0,A
110,2,-1,31,2,2000,2000,0,A
110,2,0,32,0,1998,2000,0,B
110,2,1,19,0,1986,2000,0,B
110,2,2,17,0,1906,2000,0,B
110,2,3,23,0,1751,2000,0,B
110,2,4,18,0,1397,2000,0,B
110,2,5,22,0,955,1996,4,C
110,3,-6,25,9,2000,2000,0,A
110,3,-5,19,9,2000,2000,0,A
110,3,-4,27,10,2000,2000,0,A
110,3,-3,25,8,2000,2000,0,A
110,3,-2,22,3,2000,2000,0,A
110,3,-1,16,0,1993,2000,0,B
110,3,0,20,0,1974,2000,0,B
110,3,1,22,0,1927,2000,0,B
110,4,-3,24,0,1996,2000,0,B
111,-7,6,23,0,1652,2000,0,B
111,-7,7,19,0,1425,2000,0,B
111,-7,8,15,0,1024,1995,5,C
111,-6,2,23,0,1980,2000,0,B
111,-6,3,23,0,1969,2000,0,B
111,-6,4,24,0,1946,2000,0,B
111,-6,5,15,0,1871,2000,0,B
111,-6,6,18,0,1741,2000,0,B
111,-6,7,20,0,1488,2000,0,B
111,-6,8,21,0,1140,2000,0,B
111,-5,-2,25,0,1973,2000,0,B
111,-5,-1,36,0,1989,2000,0,B
111,-5,0,29,0,1995,2000,0,B
111,-5,1,21,0,1997,2000,0,B
111,-5,2,19,0,1995,2000,0,B
111,-5,3,24,0,1997,2000,0,B
111,-5,4,24,0,1974,2000,0,B
111,-5,5,21,0,1919,2000,0,B
111,-5,6,22,0,1805,2000,0,B
111,-5,7,28,0,1602,2000,0,B
111,-5,8,18,0,1101,1999,1,C
111,-5,9,16,0,674,1927,73,C
111,-4,-3,25,0,1982,2000,0,B
111,-4,-2,16,0,1997,2000,0,B
111,-4,-1,26,2,2000,2000,0,A
111,-4,0,24,3,2000,2000,0,A
111,-4,1,21,3,2000,2000,0,A
111,-4,2,12,0,1999,2000,0,B
111,-4,3,20,0,1997,2000,0,B
111,-4,4,20,0,1984,2000,0,B
111,-4,5,23,0,1944,2000,0,B
111,-4,6,25,0,1815,2000,0,B
111,-4,7,13,0,1375,2000,0,B
111,-4,8,25,0,1085,2000,0,B
111,-3,-3,13,0,1999,2000,0,B
111,-3,-2,20,6,2000,2000,0,A
111,-3,-1,13,10,2000,2000,0,A
111,-3,0,23,16,2000,2000,0,A
111,-3,1,20,12,2000,2000,0,A
111,-3,2,18,5,2000,2000,0,A
111,-3,3,22,0,1999,2000,0,B
111,-3,4,23,0,1985,2000,0,B
111,-3,5,15,0,1927,2000,0,B
111,-3,6,20,0,1758,2000,0,B
111,-3,7,23,0,1393,2000,0,B
111,-2,-3,19,8,2000,2000,0,A
111,-2,-2,20,17,2000,2000,0,A
111,-2,-1,20,18,2000,2000,0,A
111,-2,0,23,22,2000,2000,0,A
111,-2,1,35,27,2000,2000,0,A
111,-2,2,24,4,2000,2000,0,A
111,-2,3,20,0,1996,2000,0,B
111,-2,4,24,0,1978,2000,0,B
111,-2,5,17,0,1855,2000,0,B
111,-2,6,27,0,1647,2000,0,B
111,-2,7,22,0,1242,2000,0,B
111,-1,-4,17,6,2000,2000,0,A
111,-1,-3,21,16,2000,2000,0,A
111,-1,-2,24,23,2000,2000,0,A
111,-1,-1,14,14,2000,2000,0,A
111,-1,0,23,22,2000,2000,0,A
111,-1,1,22,17,2000,2000,0,A
111,-1,2,17,1,2000,2000,0,A
111,-1,3,25,0,1992,2000,0,B
111,-1,4,20,0,1938,2000,0,B
111,-1,5,22,0,1808,2000,0,B
111,-1,6,21,0,1454,2000,0,B
111,0,-4,22,17,2000,2000,0,A
111,0,-3,18,17,2000,2000,0,A
111,0,-2,16,16,2000,2000,0,A
111,0,-1,21,21,2000,2000,0,A
111,0,0,27,17,2000,2000,0,A
111,0,1,13,3,2000,2000,0,A
111,0,2,21,0,1993,2000,0,B
111,0,3,22,0,1966,2000,0,B
111,0,4,25,0,1874,2000,0,B
111,0,5,17,0,1632,2000,0,B
111,0,6,24,0,1150,2000,0,B
111,1,-5,13,11,2000,2000,0,A
111,1,-4,27,22,2000,2000,0,A
111,1,-3,22,22,2000,2000,0,A
111,1,-2,24,22,2000,2000,0,A
111,1,-1,20,15,2000,2000,0,A
111,1,0,18,7,2000,2000,0,A
111,1,1,21,0,1996,2000,0,B
111,1,2,27,0,1983,2000,0,B
111,1,3,17,0,1898,2000,0,B
111,1,4,18,0,1674,2000,0,B
111,1,5,19,0,1315,2000,0,B
111,2,-5,18,13,2000,2000,0,A
111,2,-4,23,19,2000,2000,0,A
111,2,-3,15,11,2000,2000,0,A
111,2,-2,21,12,2000,2000,0,A
111,2,-1,31,5,2000,2000,0,A
111,2,0,32,0,1999,2000,0,B
111,2,1,19,0,1983,2000,0,B
111,2,2,17,0,1929,2000,0,B
111,2,3,23,0,1743,2000,0,B
111,2,4,18,0,1411,2000,0,B
111,2,5,22,0,918,1995,5,C
111,3,-6,25,9,2000,2000,0,A
111,3,-5,19,8,2000,2000,0,A
111,3,-4,27,10,2000,2000,0,A
111,3,-3,25,4,2000,2000,0,A
111,3,-2,22,1,2000,2000,0,A
111,3,-1,16,0,1997,2000,0,B
111,3,0,20,0,1981,2000,0,B
111,3,1,22,0,1919,2000,0,B
111,4,-3,24,0,1996,2000,0,B
112,-7,6,23,0,1666,2000,0,B
112,-7,7,19,0,1386,2000,0,B
112,-7,8,15,0,1003,1992,8,C
112,-6,2,23,0,1974,2000,0,B
112,-6,3,23,0,1965,2000,0,B
112,-6,4,24,0,1949,2000,0,B
112,-6,5,15,0,1861,2000,0,B
112,-6,6,18,0,1749,2000,0,B
112,-6,7,20,0,1513,2000,0,B
112,-6,8,21,0,1181,1999,1,C
112,-5,-2,25,0,1974,2000,0,B
112,-5,-1,36,0,1993,2000,0,B
112,-5,0,29,0,1995,2000,0,B
112,-5,1,21,0,1999,2000,0,B
112,-5,2,19,0,1996,2000,0,B
112,-5,3,24,0,1995,2000,0,B
112,-5,4,24,0,1973,2000,0,B
112,-5,5,21,0,1924,2000,0,B
112,-5,6,22,0,1808,2000,0,B
112,-5,7,28,0,1607,2000,0,B
112,-5,8,18,0,1117,1999,1,C
112,-5,9,16,0,689,1916,84,C
112,-4,-3,25,0,1985,2000,0,B
112,-4,-2,16,0,1997,2000,0,B
112,-4,-1,26,1,2000,2000,0,A
112,-4,0,24,4,2000,2000,0,A
112,-4,1,21,2,2000,2000,0,A
112,-4,2,12,1,2000,2000,0,A
112,-4,3,20,0,1995,2000,0,B
112,-4,4,20,0,1983,2000,0,B
112,-4,5,23,0,1944,2000,0,B
112,-4,6,25,0,1826,2000,0,B
112,-4,7,13,0,1390,2000,0,B
112,-4,8,25,0,1065,2000,0,B
112,-3,-3,13,0,1999,2000,0,B
112,-3,-2,20,7,2000,2000,0,A
112,-3,-1,13,8,2000,2000,0,A
112,-3,0,23,16,2000,2000,0,A
112,-3,1,20,12,2000,2000,0,A
112,-3,2,18,8,2000,2000,0,A
112,-3,3,22,2,2000,2000,0,A
112,-3,4,23,0,1980,2000,0,B
112,-3,5,15,0,1924,2000,0,B
112,-3,6,20,0,1741,2000,0,B
112,-3,7,23,0,1369,2000,0,B
112,-2,-3,19,3,2000,2000,0,A
112,-2,-2,20,17,2000,2000,0,A
112,-2,-1,20,17,2000,2000,0,A
112,-2,0,23,20,2000,2000,0,A
112,-2,1,35,29,2000,2000,0,A
112,-2,2,24,8,2000,2000,0,A
112,-2,3,20,0,1998,2000,0,B
112,-2,4,24,0,1976,2000,0,B
112,-2,5,17,0,1864,2000,0,B
112,-2,6,27,0,1643,2000,0,B
112,-2,7,22,0,1241,2000,0,B
112,-1,-4,17,7,2000,2000,0,A
112,-1,-3,21,18,2000,2000,0,A
112,-1,-2,24,24,2000,2000,0,A
112,-1,-1,14,13,2000,2000,0,A
112,-1,0,23,19,2000,2000,0,A
112,-1,1,22,14,2000,2000,0,A
112,-1,2,17,1,2000,2000,0,A
112,-1,3,25,0,1991,2000,0,B
112,-1,4,20,0,1961,2000,0,B
112,-1,5,22,0,1798,2000,0,B
112,-1,6,21,0,1461,2000,0,B
112,0,-4,22,15,2000,2000,0,A
112,0,-3,18,15,2000,2000,0,A
112,0,-2,16,15,2000,2000,0,A
112,0,-1,21,18,2000,2000,0,A
112,0,0,27,22,2000,2000,0,A
112,0,1,13,4,2000,2000,0,A
112,0,2,21,0,1998,2000,0,B
112,0,3,22,0,1975,2000,0,B
112,0,4,25,0,1877,2000,0,B
112,0,5,17,0,1672,2000,0,B
112,0,6,24,0,1122,2000,0,B
112,1,-5,13,10,2000,2000,0,A
112,1,-4,27,21,2000,2000,0,A
112,1,-3,22,19,2000,2000,0,A
112,1,-2,24,22,2000,2000,0,A
112,1,-1,20,17,2000,2000,0,A
112,1,0,18,3,2000,2000,0,A
112,1,1,21,0,1999,2000,0,B
112,1,2,27,0,1980,2000,0,B
112,1,3,17,0,1902,2000,0,B
112,1,4,18,0,1637,2000,0,B
112,1,5,19,0,1294,2000,0,B
112,2,-5,18,14,2000,2000,0,A
112,2,-4,23,17,2000,2000,0,A
112,2,-3,15,11,2000,2000,0,A
112,2,-2,21,12,2000,2000,0,A
112,2,-1,31,8,2000,2000,0,A
112,2,0,32,1,2000,2000,0,A
112,2,1,19,0,1984,2000,0,B
112,2,2,17,0,1933,2000,0,B
112,2,3,23,0,1725,2000,0,B
112,2,4,18,0,1412,2000,0,B
112,2,5,22,0,952,1996,4,C
112,3,-6,25,10,2000,2000,0,A
112,3,-5,19,8,2000,2000,0,A
112,3,-4,27,7,2000,2000,0,A
112,3,-3,25,8,2000,2000,0,A
112,3,-2,22,2,2000,2000,0,A
112,3,-1,16,0,1998,2000,0,B
112,3,0,20,0,1977,2000,0,B
112,3,1,22,0,1915,2000,0,B
112,4,-3,24,0,1997,2000,0,B
113,-7,6,23,0,1643,2000,0,B
113,-7,7,19,0,1413,2000,0,B
113,-7,8,15,0,1047,1996,4,C
113,-6,2,23,0,1973,2000,0,B
113,-6,3,23,0,1965,2000,0,B
113,-6,4,24,0,1955,2000,0,B
113,-6,5,15,0,1872,2000,0,B
113,-6,6,18,0,1750,2000,0,B
113,-6,7,20,0,1505,2000,0,B
113,-6,8,21,0,1162,2000,0,B
113,-5,-2,25,0,1976,2000,0,B
113,-5,-1,36,0,1991,2000,0,B
113,-5,0,29,0,1997,2000,0,B
113,-5,1,21,0,1996,2000,0,B
113,-5,2,19,0,1995,2000,0,B
113,-5,3,24,0,1993,2000,0,B
113,-5,4,24,0,1972,2000,0,B
113,-5,5,21,0,1913,2000,0,B
113,-5,6,22,0,1790,2000,0,B
113,-5,7,28,0,1572,2000,0,B
113,-5,8,18,0,1117,1998,2,C
113,-5,9,16,0,686,1923,77,C
113,-4,-3,25,0,1984,2000,0,B
113,-4,-2,16,0,1996,2000,0,B
113,-4,-1,26,1,2000,2000,0,A
113,-4,0,24,5,2000,2000,0,A
113,-4,1,21,2,2000,2000,0,A
113,-4,2,12,1,2000,2000,0,A
113,-4,3,20,0,1997,2000,0,B
113,-4,4,20,0,1983,2000,0,B
113,-4,5,23,0,1934,2000,0,B
113,-4,6,25,0,1801,2000,0,B
113,-4,7,13,0,1384,2000,0,B
113,-4,8,25,0,1097,2000,0,B
113,-3,-3,13,0,1999,2000,0,B
113,-3,-2,20,9,2000,2000,0,A
113,-3,-1,13,7,2000,2000,0,A
113,-3,0,23,12,2000,2000,0,A
113,-3,1,20,9,2000,2000,0,A
113,-3,2,18,5,2000,2000,0,A
113,-3,3,22,0,1998,2000,0,B
113,-3,4,23,0,1986,2000,0,B
113,-3,5,15,0,1930,2000,0,B
113,-3,6,20,0,1747,2000,0,B
113,-3,7,23,0,1373,2000,0,B
113,-2,-3,19,7,2000,2000,0,A
113,-2,-2,20,16,2000,2000,0,A
113,-2,-1,20,17,2000,2000,0,A
113,-2,0,23,20,2000,2000,0,A
113,-2,1,35,30,2000,2000,0,A
113,-2,2,24,6,2000,2000,0,A
113,-2,3,20,0,1998,2000,0,B
113,-2,4,24,0,1981,2000,0,B
113,-2,5,17,0,1850,2000,0,B
113,-2,6,27,0,1657,2000,0,B
113,-2,7,22,0,1264,2000,0,B
113,-1,-4,17,7,2000,2000,0,A
113,-1,-3,21,17,2000,2000,0,A
113,-1,-2,24,21,2000,2000,0,A
113,-1,-1,14,13,2000,2000,0,A
113,-1,0,23,21,2000,2000,0,A
113,-1,1,22,11,2000,2000,0,A
113,-1,2,17,2,2000,2000,0,A
113,-1,3,25,0,1988,2000,0,B
113,-1,4,20,0,1948,2000,0,B
113,-1,5,22,0,1789,2000,0,B
113,-1,6,21,0,1459,2000,0,B
113,0,-4,22,19,2000,2000,0,A
113,0,-3,18,17,2000,2000,0,A
113,0,-2,16,15,2000,2000,0,A
113,0,-1,21,19,2000,2000,0,A
113,0,0,27,22,2000,2000,0,A
113,0,1,13,2,2000,2000,0,A
113,0,2,21,0,1992,2000,0,B
113,0,3,22,0,1969,2000,0,B
113,0,4,25,0,1877,2000,0,B
113,0,5,17,0,1626,2000,0,B
113,0,6,24,0,1153,1999,1,C
113,1,-5,13,8,2000,2000,0,A
113,1,-4,27,20,2000,2000,0,A
113,1,-3,22,18,2000,2000,0,A
113,1,-2,24,23,2000,2000,0,A
113,1,-1,20,17,2000,2000,0,A
113,1,0,18,2,2000,2000,0,A
113,1,1,21,0,1996,2000,0,B
113,1,2,27,0,1981,2000,0,B
113,1,3,17,0,1903,2000,0,B
113,1,4,18,0,1671,2000,0,B
113,1,5,19,0,1287,2000,0,B
113,2,-5,18,14,2000,2000,0,A
113,2,-4,23,21,2000,2000,0,A
113,2,-3,15,11,2000,2000,0,A
113,2,-2,21,13,2000,2000,0,A
113,2,-1,31,7,2000,2000,0,A
113,2,0,32,0,1998,2000,0,B
113,2,1,19,0,1982,2000,0,B
113,2,2,17,0,1934,2000,0,B
113,2,3,23,0,1766,2000,0,B
113,2,4,18,0,1415,2000,0,B
113,2,5,22,0,959,1999,1,C
113,3,-6,25,5,2000,2000,0,A
113,3,-5,19,10,2000,2000,0,A
113,3,-4,27,4,2000,2000,0,A
113,3,-3,25,3,2000,2000,0,A
113,3,-2,22,0,1999,2000,0,B
113,3,-1,16,0,1993,2000,0,B
113,3,0,20,0,1970,2000,0,B
113,3,1,22,0,1923,2000,0,B
113,4,-3,24,0,1998,2000,0,B
114,-7,6,23,0,1645,2000,0,B
114,-7,7,19,0,1421,2000,0,B
114,-7,8,15,0,1010,1993,7,C
114,-6,2,23,0,1970,2000,0,B
114,-6,3,23,0,1970,2000,0,B
114,-6,4,24,0,1943,2000,0,B
114,-6,5,15,0,1872,2000,0,B
114,-6,6,18,0,1766,2000,0,B
114,-6,7,20,0,1522,2000,0,B
114,-6,8,21,0,1177,2000,0,B
114,-5,-2,25,0,1972,2000,0,B
114,-5,-1,36,0,1991,2000,0,B
114,-5,0,29,0,1994,2000,0,B
114,-5,1,21,0,1997,2000,0,B
114,-5,2,19,0,1994,2000,0,B
114,-5,3,24,0,1994,2000,0,B
114,-5,4,24,0,1973,2000,0,B
114,-5,5,21,0,1926,2000,0,B
114,-5,6,22,0,1804,2000,0,B
114,-5,7,28,0,1573,2000,0,B
114,-5,8,18,0,1106,2000,0,B
114,-5,9,16,0,700,1917,83,C
114,-4,-3,25,0,1986,2000,0,B
114,-4,-2,16,0,1996,2000,0,B
114,-4,-1,26,0,1999,2000,0,B
114,-4,0,24,5,2000,2000,0,A
114,-4,1,21,6,2000,2000,0,A
114,-4,2,12,0,1999,2000,0,B
114,-4,3,20,0,1999,2000,0,B
114,-4,4,20,0,1987,2000,0,B
114,-4,5,23,0,1944,2000,0,B
114,-4,6,25,0,1810,2000,0,B
114,-4,7,13,0,1411,2000,0,B
114,-4,8,25,0,1078,2000,0,B
114,-3,-3,13,0,1999,2000,0,B
114,-3,-2,20,7,2000,2000,0,A
114,-3,-1,13,9,2000,2000,0,A
114,-3,0,23,14,2000,2000,0,A
114,-3,1,20,13,2000,2000,0,A
114,-3,2,18,5,2000,2000,0,A
114,-3,3,22,0,1999,2000,0,B
114,-3,4,23,0,1986,2000,0,B
114,-3,5,15,0,1935,2000,0,B
114,-3,6,20,0,1745,2000,0,B
114,-3,7,23,0,1387,2000,0,B
114,-2,-3,19,7,2000,2000,0,A
114,-2,-2,20,19,2000,2000,0,A
114,-2,-1,20,19,2000,2000,0,A
114,-2,0,23,23,2000,2000,0,A
114,-2,1,35,27,2000,2000,0,A
114,-2,2,24,9,2000,2000,0,A
114,-2,3,20,0,1999,2000,0,B
114,-2,4,24,0,1978,2000,0,B
114,-2,5,17,0,1857,2000,0,B
114,-2,6,27,0,1652,2000,0,B
114,-2,7,22,0,1256,2000,0,B
114,-1,-4,17,5,2000,2000,0,A
114,-1,-3,21,16,2000,2000,0,A
114,-1,-2,24,23,2000,2000,0,A
114,-1,-1,14,13,2000,2000,0,A
114,-1,0,23,18,2000,2000,0,A
114,-1,1,22,15,2000,2000,0,A
114,-1,2,17,3,2000,2000,0,A
114,-1,3,25,0,1991,2000,0,B
114,-1,4,20,0,1949,2000,0,B
114,-1,5,22,0,1789,2000,0,B
114,-1,6,21,0,1462,2000,0,B
114,0,-4,22,18,2000,2000,0,A
114,0,-3,18,14,2000,2000,0,A
114,0,-2,16,15,2000,2000,0,A
114,0,-1,21,20,2000,2000,0,A
114,0,0,27,21,2000,2000,0,A
114,0,1,13,2,2000,2000,0,A
114,0,2,21,0,1996,2000,0,B
114,0,3,22,0,1964,2000,0,B
114,0,4,25,0,1868,2000,0,B
114,0,5,17,0,1625,2000,0,B
114,0,6,24,0,1146,2000,0,B
114,1,-5,13,11,2000,2000,0,A
114,1,-4,27,25,2000,2000,0,A
114,1,-3,22,21,2000,2000,0,A
114,1,-2,24,22,2000,2000,0,A
114,1,-1,20,16,2000,2000,0,A
114,1,0,18,5,2000,2000,0,A
114,1,1,21,0,1998,2000,0,B
114,1,2,27,0,1983,2000,0,B
114,1,3,17,0,1896,2000,0,B
114,1,4,18,0,1704,2000,0,B
114,1,5,19,0,1305,2000,0,B
114,2,-5,18,13,2000,2000,0,A
114,2,-4,23,18,2000,2000,0,A
114,2,-3,15,12,2000,2000,0,A
114,2,-2,21,15,2000,2000,0,A
114,2,-1,31,5,2000,2000,0,A
114,2,0,32,0,1999,2000,0,B
114,2,1,19,0,1981,2000,0,B
114,2,2,17,0,1925,2000,0,B
114,2,3,23,0,1785,2000,0,B
114,2,4,18,0,1399,2000,0,B
114,2,5,22,0,953,1998,2,C
114,3,-6,25,7,2000,2000,0,A
114,3,-5,19,13,2000,2000,0,A
114,3,-4,27,6,2000,2000,0,A
114,3,-3,25,7,2000,2000,0,A
114,3,-2,22,2,2000,2000,0,A
114,3,-1,16,0,1995,2000,0,B
114,3,0,20,0,1973,2000,0,B
114,3,1,22,0,1913,2000,0,B
114,4,-3,24,0,1996,2000,0,B
115,-7,6,23,0,1650,2000,0,B
115,-7,7,19,0,1376,2000,0,B
115,-7,8,15,0,1031,1990,10,C
115,-6,2,23,0,1977,2000,0,B
115,-6,3,23,0,1968,2000,0,B
115,-6,4,24,0,1941,2000,0,B
115,-6,5,15,0,1864,2000,0,B
115,-6,6,18,0,1762,2000,0,B
115,-6,7,20,0,1516,2000,0,B
115,-6,8,21,0,1188,2000,0,B
115,-5,-2,25,0,1969,2000,0,B
115,-5,-1,36,0,1989,2000,0,B
115,-5,0,29,0,1997,2000,0,B
115,-5,1,21,0,1996,2000,0,B
115,-5,2,19,0,1995,2000,0,B
115,-5,3,24,0,1991,2000,0,B
115,-5,4,24,0,1980,2000,0,B
115,-5,5,21,0,1935,2000,0,B
115,-5,6,22,0,1799,2000,0,B
115,-5,7,28,0,1574,2000,0,B
115,-5,8,18,0,1106,1999,1,C
115,-5,9,16,0,686,1905,95,C
115,-4,-3,25,0,1983,2000,0,B
115,-4,-2,16,0,1995,2000,0,B
115,-4,-1,26,2,2000,2000,0,A
115,-4,0,24,3,2000,2000,0,A
115,-4,1,21,2,2000,2000,0,A
115,-4,2,12,0,1999,2000,0,B
115,-4,3,20,0,1999,2000,0,B
115,-4,4,20,0,1983,2000,0,B
115,-4,5,23,0,1937,2000,0,B
115,-4,6,25,0,1819,2000,0,B
115,-4,7,13,0,1385,2000,0,B
115,-4,8,25,0,1076,2000,0,B
115,-3,-3,13,0,1998,2000,0,B
115,-3,-2,20,6,2000,2000,0,A
115,-3,-1,13,8,2000,2000,0,A
115,-3,0,23,17,2000,2000,0,A
115,-3,1,20,15,2000,2000,0,A
115,-3,2,18,8,2000,2000,0,A
115,-3,3,22,0,1999,2000,0,B
115,-3,4,23,0,1982,2000,0,B
115,-3,5,15,0,1925,2000,0,B
115,-3,6,20,0,1761,2000,0,B
115,-3,7,23,0,1375,2000,0,B
115,-2,-3,19,7,2000,2000,0,A
115,-2,-2,20,19,2000,2000,0,A
115,-2,-1,20,20,2000,2000,0,A
115,-2,0,23,23,2000,2000,0,A
115,-2,1,35,27,2000,2000,0,A
115,-2,2,24,9,2000,2000,0,A
115,-2,3,20,0,1998,2000,0,B
115,-2,4,24,0,1975,2000,0,B
115,-2,5,17,0,1856,2000,0,B
115,-2,6,27,0,1677,2000,0,B
115,-2,7,22,0,1279,2000,0,B
115,-1,-4,17,7,2000,2000,0,A
115,-1,-3,21,18,2000,2000,0,A
115,-1,-2,24,24,2000,2000,0,A
115,-1,-1,14,13,2000,2000,0,A
115,-1,0,23,20,2000,2000,0,A
115,-1,1,22,16,2000,2000,0,A
115,-1,2,17,2,2000,2000,0,A
115,-1,3,25,0,1993,2000,0,B
115,-1,4,20,0,1957,2000,0,B
115,-1,5,22,0,1804,2000,0,B
115,-1,6,21,0,1442,2000,0,B
115,0,-4,22,12,2000,2000,0,A
115,0,-3,18,17,2000,2000,0,A
115,0,-2,16,16,2000,2000,0,A
115,0,-1,21,18,2000,2000,0,A
115,0,0,27,21,2000,2000,0,A
115,0,1,13,2,2000,2000,0,A
115,0,2,21,0,1995,2000,0,B
115,0,3,22,0,1973,2000,0,B
115,0,4,25,0,1861,2000,0,B
115,0,5,17,0,1611,2000,0,B
115,0,6,24,0,1150,2000,0,B
115,1,-5,13,5,2000,2000,0,A
115,1,-4,27,19,2000,2000,0,A
115,1,-3,22,21,2000,2000,0,A
115,1,-2,24,22,2000,2000,0,A
115,1,-1,20,16,2000,2000,0,A
115,1,0,18,1,2000,2000,0,A
115,1,1,21,0,1997,2000,0,B
115,1,2,27,0,1987,2000,0,B
115,1,3,17,0,1898,2000,0,B
115,1,4,18,0,1694,2000,0,B
115,1,5,19,0,1309,2000,0,B
115,2,-5,18,10,2000,2000,0,A
115,2,-4,23,18,2000,2000,0,A
115,2,-3,15,12,2000,2000,0,A
115,2,-2,21,12,2000,2000,0,A
115,2,-1,31,4,2000,2000,0,A
115,2,0,32,0,1998,2000,0,B
115,2,1,19,0,1983,2000,0,B
115,2,2,17,0,1919,2000,0,B
115,2,3,23,0,1757,2000,0,B
115,2,4,18,0,1430,2000,0,B
115,2,5,22,0,943,1997,3,C
115,3,-6,25,8,2000,2000,0,A
115,3,-5,19,7,2000,2000,0,A
115,3,-4,27,8,2000,2000,0,A
115,3,-3,25,4,2000,2000,0,A
115,3,-2,22,2,2000,2000,0,A
115,3,-1,16,0,1998,2000,0,B
115,3,0,20,0,1978,2000,0,B
115,3,1,22,0,1912,2000,0,B
115,4,-3,24,0,1999,2000,0,B
116,-7,6,23,0,1649,2000,0,B
116,-7,7,19,0,1425,2000,0,B
116,-7,8,15,0,1000,1996,4,C
116,-6,2,23,0,1971,2000,0,B
116,-6,3,23,0,1972,2000,0,B
116,-6,4,24,0,1943,2000,0,B
116,-6,5,15,0,1878,2000,0,B
116,-6,6,18,0,1737,2000,0,B
116,-6,7,20,0,1506,2000,0,B
116,-6,8,21,0,1147,1999,1,C
116,-5,-2,25,0,1978,2000,0,B
116,-5,-1,36,0,1992,2000,0,B
116,-5,0,29,0,1997,2000,0,B
116,-5,1,21,0,1998,2000,0,B
116,-5,2,19,0,1995,2000,0,B
116,-5,3,24,0,1993,2000,0,B
116,-5,4,24,0,1976,2000,0,B
116,-5,5,21,0,1904,2000,0,B
116,-5,6,22,0,1783,2000,0,B
116,-5,7,28,0,1579,2000,0,B
116,-5,8,18,0,1090,1998,2,C
116,-5,9,16,0,717,1925,75,C
116,-4,-3,25,0,1982,2000,0,B
116,-4,-2,16,0,1998,2000,0,B
116,-4,-1,26,0,1999,2000,0,B
116,-4,0,24,3,2000,2000,0,A
116,-4,1,21,2,2000,2000,0,A
116,-4,2,12,1,2000,2000,0,A
116,-4,3,20,0,1998,2000,0,B
116,-4,4,20,0,1980,2000,0,B
116,-4,5,23,0,1936,2000,0,B
116,-4,6,25,0,1804,2000,0,B
116,-4,7,13,0,1366,2000,0,B
116,-4,8,25,0,1077,2000,0,B
116,-3,-3,13,0,1999,2000,0,B
116,-3,-2,20,7,2000,2000,0,A
116,-3,-1,13,6,2000,2000,0,A
116,-3,0,23,17,2000,2000,0,A
116,-3,1,20,14,2000,2000,0,A
116,-3,2,18,4,2000,2000,0,A
116,-3,3,22,0,1998,2000,0,B
116,-3,4,23,0,1985,2000,0,B
116,-3,5,15,0,1927,2000,0,B
116,-3,6,20,0,1759,2000,0,B
116,-3,7,23,0,1406,2000,0,B
116,-2,-3,19,4,2000,2000,0,A
116,-2,-2,20,17,2000,2000,0,A
116,-2,-1,20,18,2000,2000,0,A
116,-2,0,23,22,2000,2000,0,A
116,-2,1,35,30,2000,2000,0,A
116,-2,2,24,6,2000,2000,0,A
116,-2,3,20,0,1999,2000,0,B
116,-2,4,24,0,1980,2000,0,B
116,-2,5,17,0,1874,2000,0,B
116,-2,6,27,0,1637,2000,0,B
116,-2,7,22,0,1252,2000,0,B
116,-1,-4,17,8,2000,2000,0,A
116,-1,-3,21,17,2000,2000,0,A
116,-1,-2,24,22,2000,2000,0,A
116,-1,-1,14,14,2000,2000,0,A
116,-1,0,23,21,2000,2000,0,A
116,-1,1,22,16,2000,2000,0,A
116,-1,2,17,2,2000,2000,0,A
116,-1,3,25,0,1995,2000,0,B
116,-1,4,20,0,1954,2000,0,B
116,-1,5,22,0,1807,2000,0,B
116,-1,6,21,0,1487,2000,0,B
116,0,-4,22,15,2000,2000,0,A
116,0,-3,18,15,2000,2000,0,A
116,0,-2,16,16,2000,2000,0,A
116,0,-1,21,20,2000,2000,0,A
116,0,0,27,21,2000,2000,0,A
116,0,1,13,0,1999,2000,0,B
116,0,2,21,0,1996,2000,0,B
116,0,3,22,0,1967,2000,0,B
116,0,4,25,0,1878,2000,0,B
116,0,5,17,0,1615,2000,0,B
116,0,6,24,0,1134,2000,0,B
116,1,-5,13,4,2000,2000,0,A
116,1,-4,27,22,2000,2000,0,A
116,1,-3,22,21,2000,2000,0,A
116,1,-2,24,21,2000,2000,0,A
116,1,-1,20,14,2000,2000,0,A
116,1,0,18,6,2000,2000,0,A
116,1,1,21,0,1995,2000,0,B
116,1,2,27,0,1976,2000,0,B
116,1,3,17,0,1901,2000,0,B
116,1,4,18,0,1669,2000,0,B
116,1,5,19,0,1339,1999,1,C
116,2,-5,18,11,2000,2000,0,A
116,2,-4,23,16,2000,2000,0,A
116,2,-3,15,14,2000,2000,0,A
116,2,-2,21,14,2000,2000,0,A
116,2,-1,31,5,2000,2000,0,A
116,2,0,32,0,1997,2000,0,B
116,2,1,19,0,1980,2000,0,B
116,2,2,17,0,1926,2000,0,B
116,2,3,23,0,1746,2000,0,B
116,2,4,18,0,1384,2000,0,B
116,2,5,22,0,948,1994,6,C
116,3,-6,25,7,2000,2000,0,A
116,3,-5,19,10,2000,2000,0,A
116,3,-4,27,10,2000,2000,0,A
116,3,-3,25,8,2000,2000,0,A
116,3,-2,22,0,1999,2000,0,B
116,3,-1,16,0,1997,2000,0,B
116,3,0,20,0,1984,2000,0,B
116,3,1,22,0,1919,2000,0,B
116,4,-3,24,0,1998,2000,0,B
117,-7,6,23,0,1636,2000,0,B
117,-7,7,19,0,1412,2000,0,B
117,-7,8,15,0,1014,1990,10,C
117,-6,2,23,0,1975,2000,0,B
117,-6,3,23,0,1970,2000,0,B
117,-6,4,24,0,1946,2000,0,B
117,-6,5,15,0,1864,2000,0,B
117,-6,6,18,0,1747,2000,0,B
117,-6,7,20,0,1544,2000,0,B
117,-6,8,21,0,1135,2000,0,B
117,-5,-2,25,0,1981,2000,0,B
117,-5,-1,36,0,1993,2000,0,B
117,-5,0,29,0,1996,2000,0,B
117,-5,1,21,0,1994,2000,0,B
117,-5,2,19,0,1997,2000,0,B
117,-5,3,24,0,1996,2000,0,B
117,-5,4,24,0,1981,2000,0,B
117,-5,5,21,0,1922,2000,0,B
117,-5,6,22,0,1798,2000,0,B
117,-5,7,28,0,1572,2000,0,B
117,-5,8,18,0,1113,1999,1,C
117,-5,9,16,0,691,1919,81,C
117,-4,-3,25,0,1987,2000,0,B
117,-4,-2,16,0,1996,2000,0,B
117,-4,-1,26,0,1999,2000,0,B
117,-4,0,24,6,2000,2000,0,A
117,-4,1,21,3,2000,2000,0,A
117,-4,2,12,0,1999,2000,0,B
117,-4,3,20,0,1997,2000,0,B
117,-4,4,20,0,1983,2000,0,B
117,-4,5,23,0,1941,2000,0,B
117,-4,6,25,0,1808,2000,0,B
117,-4,7,13,0,1379,2000,0,B
117,-4,8,25,0,1121,2000,0,B
117,-3,-3,13,1,2000,2000,0,A
117,-3,-2,20,4,2000,2000,0,A
117,-3,-1,13,8,2000,2000,0,A
117,-3,0,23,15,2000,2000,0,A
117,-3,1,20,11,2000,2000,0,A
117,-3,2,18,6,2000,2000,0,A
117,-3,3,22,0,1999,2000,0,B
117,-3,4,23,0,1983,2000,0,B
117,-3,5,15,0,1937,2000,0,B
117,-3,6,20,0,1762,2000,0,B
117,-3,7,23,0,1371,2000,0,B
117,-2,-3,19,7,2000,2000,0,A
117,-2,-2,20,17,2000,2000,0,A
117,-2,-1,20,17,2000,2000,0,A
117,-2,0,23,22,2000,2000,0,A
117,-2,1,35,27,2000,2000,0,A
117,-2,2,24,7,2000,2000,0,A
117,-2,3,20,0,1997,2000,0,B
117,-2,4,24,0,1978,2000,0,B
117,-2,5,17,0,1856,2000,0,B
117,-2,6,27,0,1659,2000,0,B
117,-2,7,22,0,1270,2000,0,B
117,-1,-4,17,8,2000,2000,0,A
117,-1,-3,21,18,2000,2000,0,A
117,-1,-2,24,23,2000,2000,0,A
117,-1,-1,14,12,2000,2000,0,A
117,-1,0,23,20,2000,2000,0,A
117,-1,1,22,14,2000,2000,0,A
117,-1,2,17,1,2000,2000,0,A
117,-1,3,25,0,1989,2000,0,B
117,-1,4,20,0,1945,2000,0,B
117,-1,5,22,0,1814,2000,0,B
117,-1,6,21,0,1457,2000,0,B
117,0,-4,22,15,2000,2000,0,A
117,0,-3,18,16,2000,2000,0,A
117,0,-2,16,15,2000,2000,0,A
117,0,-1,21,20,2000,2000,0,A
117,0,0,27,17,2000,2000,0,A
117,0,1,13,3,2000,2000,0,A
117,0,2,21,0,1998,2000,0,B
117,0,3,22,0,1962,2000,0,B
117,0,4,25,0,1877,2000,0,B
117,0,5,17,0,1626,2000,0,B
117,0,6,24,0,1137,2000,0,B
117,1,-5,13,10,2000,2000,0,A
117,1,-4,27,26,2000,2000,0,A
117,1,-3,22,20,2000,2000,0,A
117,1,-2,24,19,2000,2000,0,A
117,1,-1,20,14,2000,2000,0,A
117,1,0,18,4,2000,2000,0,A
117,1,1,21,0,1997,2000,0,B
117,1,2,27,0,1977,2000,0,B
117,1,3,17,0,1882,2000,0,B
117,1,4,18,0,1697,2000,0,B
117,1,5,19,0,1337,2000,0,B
117,2,-5,18,10,2000,2000,0,A
117,2,-4,23,19,2000,2000,0,A
117,2,-3,15,14,2000,2000,0,A
117,2,-2,21,11,2000,2000,0,A
117,2,-1,31,3,2000,2000,0,A
117,2,0,32,0,1997,2000,0,B
117,2,1,19,0,1980,2000,0,B
117,2,2,17,0,1907,2000,0,B
117,2,3,23,0,1765,2000,0,B
117,2,4,18,0,1397,2000,0,B
117,2,5,22,0,942,1997,3,C
117,3,-6,25,11,2000,2000,0,A
117,3,-5,19,12,2000,2000,0,A
117,3,-4,27,15,2000,2000,0,A
117,3,-3,25,6,2000,2000,0,A
117,3,-2,22,0,1999,2000,0,B
117,3,-1,16,0,1995,2000,0,B
117,3,0,20,0,1983,2000,0,B
117,3,1,22,0,1920,2000,0,B
117,4,-3,24,0,1999,2000,0,B
118,-7,6,23,0,1619,2000,0,B
118,-7,7,19,0,1433,2000,0,B
118,-7,8,15,0,974,1994,6,C
118,-6,2,23,0,1977,2000,0,B
118,-6,3,23,0,1973,2000,0,B
118,-6,4,24,0,1947,2000,0,B
118,-6,5,15,0,1882,2000,0,B
118,-6,6,18,0,1759,2000,0,B
118,-6,7,20,0,1520,2000,0,B
118,-6,8,21,0,1145,2000,0,B
118,-5,-2,25,0,1979,2000,0,B
118,-5,-1,36,0,1990,2000,0,B
118,-5,0,29,0,1994,2000,0,B
118,-5,1,21,0,1997,2000,0,B
118,-5,2,19,0,1997,2000,0,B
118,-5,3,24,0,1994,2000,0,B
118,-5,4,24,0,1975,2000,0,B
118,-5,5,21,0,1930,2000,0,B
118,-5,6,22,0,1822,2000,0,B
118,-5,7,28,0,1579,2000,0,B
118,-5,8,18,0,1104,1998,2,C
118,-5,9,16,0,654,1920,80,C
118,-4,-3,25,0,1986,2000,0,B
118,-4,-2,16,0,1998,2000,0,B
118,-4,-1,26,1,2000,2000,0,A
118,-4,0,24,2,2000,2000,0,A
118,-4,1,21,4,2000,2000,0,A
118,-4,2,12,2,2000,2000,0,A
118,-4,3,20,0,1998,2000,0,B
118,-4,4,20,0,1990,2000,0,B
118,-4,5,23,0,1941,2000,0,B
118,-4,6,25,0,1836,2000,0,B
118,-4,7,13,0,1394,2000,0,B
118,-4,8,25,0,1089,2000,0,B
118,-3,-3,13,0,1999,2000,0,B
118,-3,-2,20,8,2000,2000,0,A
118,-3,-1,13,10,2000,2000,0,A
118,-3,0,23,15,2000,2000,0,A
118,-3,1,20,13,2000,2000,0,A
118,-3,2,18,6,2000,2000,0,A
118,-3,3,22,0,1997,2000,0,B
118,-3,4,23,0,1984,2000,0,B
118,-3,5,15,0,1923,2000,0,B
118,-3,6,20,0,1751,2000,0,B
118,-3,7,23,0,1409,2000,0,B
118,-2,-3,19,9,2000,2000,0,A
118,-2,-2,20,17,2000,2000,0,A
118,-2,-1,20,19,2000,2000,0,A
118,-2,0,23,19,2000,2000,0,A
118,-2,1,35,24,2000,2000,0,A
118,-2,2,24,7,2000,2000,0,A
118,-2,3,20,0,1998,2000,0,B
118,-2,4,24,0,1983,2000,0,B
118,-2,5,17,0,1877,2000,0,B
118,-2,6,27,0,1638,2000,0,B
118,-2,7,22,0,1257,2000,0,B
118,-1,-4,17,5,2000,2000,0,A
118,-1,-3,21,17,2000,2000,0,A
118,-1,-2,24,23,2000,2000,0,A
118,-1,-1,14,12,2000,2000,0,A
118,-1,0,23,19,2000,2000,0,A
118,-1,1,22,9,2000,2000,0,A
118,-1,2,17,1,2000,2000,0,A
118,-1,3,25,0,1990,2000,0,B
118,-1,4,20,0,1951,2000,0,B
118,-1,5,22,0,1783,2000,0,B
118,-1,6,21,0,1460,2000,0,B
118,0,-4,22,16,2000,2000,0,A
118,0,-3,18,15,2000,2000,0,A
118,0,-2,16,15,2000,2000,0,A
118,0,-1,21,19,2000,2000,0,A
118,0,0,27,19,2000,2000,0,A
118,0,1,13,3,2000,2000,0,A
118,0,2,21,0,1997,2000,0,B
118,0,3,22,0,1962,2000,0,B
118,0,4,25,0,1870,2000,0,B
118,0,5,17,0,1633,2000,0,B
118,0,6,24,0,1153,2000,0,B
118,1,-5,13,11,2000,2000,0,A
118,1,-4,27,23,2000,2000,0,A
118,1,-3,22,20,2000,2000,0,A
118,1,-2,24,21,2000,2000,0,A
118,1,-1,20,16,2000,2000,0,A
118,1,0,18,6,2000,2000,0,A
118,1,1,21,0,1998,2000,0,B
118,1,2,27,0,1980,2000,0,B
118,1,3,17,0,1904,2000,0,B
118,1,4,18,0,1678,2000,0,B
118,1,5,19,0,1305,2000,0,B
118,2,-5,18,11,2000,2000,0,A
118,2,-4,23,18,2000,2000,0,A
118,2,-3,15,12,2000,2000,0,A
118,2,-2,21,14,2000,2000,0,A
118,2,-1,31,5,2000,2000,0,A
118,2,0,32,0,1997,2000,0,B
118,2,1,19,0,1982,2000,0,B
118,2,2,17,0,1926,2000,0,B
118,2,3,23,0,1762,2000,0,B
118,2,4,18,0,1431,2000,0,B
118,2,5,22,0,939,1999,1,C
118,3,-6,25,9,2000,2000,0,A
118,3,-5,19,8,2000,2000,0,A
118,3,-4,27,11,2000,2000,0,A
118,3,-3,25,3,2000,2000,0,A
118,3,-2,22,0,1998,2000,0,B
118,3,-1,16,0,1997,2000,0,B
118,3,0,20,0,1977,2000,0,B
118,3,1,22,0,1926,2000,0,B
118,4,-3,24,0,1997,2000,0,B
119,-7,6,23,0,1673,2000,0,B
119,-7,7,19,0,1377,2000,0,B
119,-7,8,15,0,1046,1996,4,C
119,-6,2,23,0,1983,2000,0,B
119,-6,3,23,0,1971,2000,0,B
119,-6,4,24,0,1938,2000,0,B
119,-6,5,15,0,1876,2000,0,B
119,-6,6,18,0,1762,2000,0,B
119,-6,7,20,0,1494,2000,0,B
119,-6,8,21,0,1145,2000,0,B
119,-5,-2,25,0,1973,2000,0,B
119,-5,-1,36,0,1989,2000,0,B
119,-5,0,29,0,1995,2000,0,B
119,-5,1,21,0,1995,2000,0,B
119,-5,2,19,0,1996,2000,0,B
119,-5,3,24,0,1994,2000,0,B
119,-5,4,24,0,1982,2000,0,B
119,-5,5,21,0,1926,2000,0,B
119,-5,6,22,0,1805,2000,0,B
119,-5,7,28,0,1583,2000,0,B
119,-5,8,18,0,1109,1999,1,C
119,-5,9,16,0,687,1914,86,C
119,-4,-3,25,0,1983,2000,0,B
119,-4,-2,16,0,1997,2000,0,B
119,-4,-1,26,1,2000,2000,0,A
119,-4,0,24,0,1999,2000,0,B
119,-4,1,21,4,2000,2000,0,A
119,-4,2,12,0,1999,2000,0,B
119,-4,3,20,0,1998,2000,0,B
119,-4,4,20,0,1983,2000,0,B
119,-4,5,23,0,1943,2000,0,B
119,-4,6,25,0,1808,2000,0,B
119,-4,7,13,0,1359,2000,0,B
119,-4,8,25,0,1106,2000,0,B
119,-3,-3,13,0,1999,2000,0,B
119,-3,-2,20,9,2000,2000,0,A
119,-3,-1,13,7,2000,2000,0,A
119,-3,0,23,15,2000,2000,0,A
119,-3,1,20,12,2000,2000,0,A
119,-3,2,18,5,2000,2000,0,A
119,-3,3,22,0,1998,2000,0,B
119,-3,4,23,0,1983,2000,0,B
119,-3,5,15,0,1930,2000,0,B
119,-3,6,20,0,1749,2000,0,B
119,-3,7,23,0,1375,2000,0,B
119,-2,-3,19,5,2000,2000,0,A
119,-2,-2,20,17,2000,2000,0,A
119,-2,-1,20,19,2000,2000,0,A
119,-2,0,23,22,2000,2000,0,A
119,-2,1,35,31,2000,2000,0,A
119,-2,2,24,2,2000,2000,0,A
119,-2,3,20,0,1998,2000,0,B
119,-2,4,24,0,1979,2000,0,B
119,-2,5,17,0,1859,2000,0,B
119,-2,6,27,0,1604,2000,0,B
119,-2,7,22,0,1245,2000,0,B
119,-1,-4,17,6,2000,2000,0,A
119,-1,-3,21,15,2000,2000,0,A
119,-1,-2,24,22,2000,2000,0,A
119,-1,-1,14,11,2000,2000,0,A
119,-1,0,23,21,2000,2000,0,A
119,-1,1,22,15,2000,2000,0,A
119,-1,2,17,3,2000,2000,0,A
119,-1,3,25,0,1992,2000,0,B
119,-1,4,20,0,1951,2000,0,B
119,-1,5,22,0,1809,2000,0,B
119,-1,6,21,0,1452,2000,0,B
119,0,-4,22,18,2000,2000,0,A
119,0,-3,18,15,2000,2000,0,A
119,0,-2,16,16,2000,2000,0,A
119,0,-1,21,21,2000,2000,0,A
119,0,0,27,22,2000,2000,0,A
119,0,1,13,3,2000,2000,0,A
119,0,2,21,0,1999,2000,0,B
119,0,3,22,0,1970,2000,0,B
119,0,4,25,0,1875,2000,0,B
119,0,5,17,0,1628,2000,0,B
119,0,6,24,0,1142,2000,0,B
119,1,-5,13,11,2000,2000,0,A
119,1,-4,27,20,2000,2000,0,A
119,1,-3,22,21,2000,2000,0,A
119,1,-2,24,21,2000,2000,0,A
119,1,-1,20,17,2000,2000,0,A
119,1,0,18,6,2000,2000,0,A
119,1,1,21,0,1998,2000,0,B
119,1,2,27,0,1980,2000,0,B
119,1,3,17,0,1895,2000,0,B
119,1,4,18,0,1689,2000,0,B
119,1,5,19,0,1356,2000,0,B
119,2,-5,18,13,2000,2000,0,A
119,2,-4,23,21,2000,2000,0,A
119,2,-3,15,12,2000,2000,0,A
119,2,-2,21,11,2000,2000,0,A
119,2,-1,31,5,2000,2000,0,A
119,2,0,32,0,1997,2000,0,B
119,2,1,19,0,1985,2000,0,B
119,2,2,17,0,1918,2000,0,B
119,2,3,23,0,1753,2000,0,B
119,2,4,18,0,1403,2000,0,B
119,2,5,22,0,913,1997,3,C
119,3,-6,25,8,2000,2000,0,A
119,3,-5,19,8,2000,2000,0,A
119,3,-4,27,11,2000,2000,0,A
119,3,-3,25,9,2000,2000,0,A
119,3,-2,22,1,2000,2000,0,A
119,3,-1,16,0,1993,2000,0,B
119,3,0,20,0,1972,2000,0,B
119,3,1,22,0,1914,2000,0,B
119,4,-3,24,0,1996,2000,0,B
120,-7,6,23,0,1632,2000,0,B
120,-7,7,19,0,1409,2000,0,B
120,-7,8,15,0,985,1991,9,C
120,-6,2,23,0,1982,2000,0,B
120,-6,3,23,0,1972,2000,0,B
120,-6,4,24,0,1934,2000,0,B
120,-6,5,15,0,1877,2000,0,B
120,-6,6,18,0,1793,2000,0,B
120,-6,7,20,0,1505,2000,0,B
120,-6,8,21,0,1172,2000,0,B
120,-5,-2,25,0,1976,2000,0,B
120,-5,-1,36,0,1990,2000,0,B
120,-5,0,29,0,1995,2000,0,B
120,-5,1,21,0,1998,2000,0,B
120,-5,2,19,0,1993,2000,0,B
120,-5,3,24,0,1995,2000,0,B
120,-5,4,24,0,1978,2000,0,B
120,-5,5,21,0,1931,2000,0,B
120,-5,6,22,0,1801,2000,0,B
120,-5,7,28,0,1580,2000,0,B
120,-5,8,18,0,1123,2000,0,B
120,-5,9,16,0,680,1923,77,C
120,-4,-3,25,0,1986,2000,0,B
120,-4,-2,16,0,1995,2000,0,B
120,-4,-1,26,1,2000,2000,0,A
120,-4,0,24,7,2000,2000,0,A
120,-4,1,21,3,2000,2000,0,A
120,-4,2,12,0,1999,2000,0,B
120,-4,3,20,0,1998,2000,0,B
120,-4,4,20,0,1982,2000,0,B
120,-4,5,23,0,1942,2000,0,B
120,-4,6,25,0,1803,2000,0,B
120,-4,7,13,0,1369,2000,0,B
120,-4,8,25,0,1061,2000,0,B
120,-3,-3,13,0,1999,2000,0,B
120,-3,-2,20,3,2000,2000,0,A
120,-3,-1,13,9,2000,2000,0,A
120,-3,0,23,18,2000,2000,0,A
120,-3,1,20,13,2000,2000,0,A
120,-3,2,18,4,2000,2000,0,A
120,-3,3,22,1,2000,2000,0,A
120,-3,4,23,0,1987,2000,0,B
120,-3,5,15,0,1925,2000,0,B
120,-3,6,20,0,1757,2000,0,B
120,-3,7,23,0,1389,2000,0,B
120,-2,-3,19,8,2000,2000,0,A
120,-2,-2,20,16,2000,2000,0,A
120,-2,-1,20,20,2000,2000,0,A
120,-2,0,23,19,2000,2000,0,A
120,-2,1,35,30,2000,2000,0,A
120,-2,2,24,5,2000,2000,0,A
120,-2,3,20,0,1999,2000,0,B
120,-2,4,24,0,1981,2000,0,B
120,-2,5,17,0,1865,2000,0,B
120,-2,6,27,0,1629,2000,0,B
120,-2,7,22,0,1240,2000,0,B
120,-1,-4,17,7,2000,2000,0,A
120,-1,-3,21,15,2000,2000,0,A
120,-1,-2,24,22,2000,2000,0,A
120,-1,-1,14,14,2000,2000,0,A
120,-1,0,23,21,2000,2000,0,A
120,-1,1,22,13,2000,2000,0,A
120,-1,2,17,3,2000,2000,0,A
120,-1,3,25,0,1990,2000,0,B
120,-1,4,20,0,1951,2000,0,B
120,-1,5,22,0,1796,2000,0,B
120,-1,6,21,0,1475,2000,0,B
120,0,-4,22,19,2000,2000,0,A
120,0,-3,18,16,2000,2000,0,A
120,0,-2,16,14,2000,2000,0,A
120,0,-1,21,20,2000,2000,0,A
120,0,0,27,22,2000,2000,0,A
120,0,1,13,1,2000,2000,0,A
120,0,2,21,0,1997,2000,0,B
120,0,3,22,0,1965,2000,0,B
120,0,4,25,0,1863,2000,0,B
120,0,5,17,0,1634,2000,0,B
120,0,6,24,0,1136,2000,0,B
120,1,-5,13,9,2000,2000,0,A
120,1,-4,27,24,2000,2000,0,A
120,1,-3,22,19,2000,2000,0,A
120,1,-2,24,21,2000,2000,0,A
120,1,-1,20,15,2000,2000,0,A
120,1,0,18,4,2000,2000,0,A
120,1,1,21,0,1997,2000,0,B
120,1,2,27,0,1978,2000,0,B
120,1,3,17,0,1911,2000,0,B
120,1,4,18,0,1675,2000,0,B
120,1,5,19,0,1325,2000,0,B
120,2,-5,18,13,2000,2000,0,A
120,2,-4,23,17,2000,2000,0,A
120,2,-3,15,9,2000,2000,0,A
120,2,-2,21,10,2000,2000,0,A
120,2,-1,31,4,2000,2000,0,A
120,2,0,32,0,1998,2000,0,B
120,2,1,19,0,1981,2000,0,B
120,2,2,17,0,1929,2000,0,B
120,2,3,23,0,1739,2000,0,B
120,2,4,18,0,1423,2000,0,B
120,2,5,22,0,938,1997,3,C
120,3,-6,25,11,2000,2000,0,A
120,3,-5,19,9,2000,2000,0,A
120,3,-4,27,7,2000,2000,0,A
120,3,-3,25,5,2000,2000,0,A
120,3,-2,22,0,1999,2000,0,B
120,3,-1,16,0,1994,2000,0,B
120,3,0,20,0,1978,2000,0,B
120,3,1,22,0,1925,2000,0,B
120,4,-3,24,0,1997,2000,0,B
