time_seconds,src_node_id,dst_node_id,fragment_id,success,rssi_dbm
5.2,100,4294967295,0,false,0
5.78525,100,4294967295,1,false,0
6.33987,100,4294967295,2,false,0
6.76138,100,4294967295,3,false,0
7.14502,100,4294967295,4,false,0
7.52758,100,4294967295,5,false,0
7.8096,100,4294967295,6,false,0
8.08963,100,4294967295,7,false,0
8.28778,100,4294967295,8,false,0
8.3273,100,4294967295,9,false,0
8.3639,100,4294967295,0,false,0
8.94915,100,4294967295,1,false,0
9.50378,100,4294967295,2,false,0
9.92528,100,4294967295,3,false,0
10.3089,100,4294967295,4,false,0
10.6915,100,4294967295,5,false,0
10.9735,100,4294967295,6,false,0
11.2535,100,4294967295,7,false,0
11.4517,100,4294967295,8,false,0
11.4912,100,4294967295,9,false,0
11.5278,100,4294967295,0,false,0
12.1131,100,4294967295,1,false,0
12.6677,100,4294967295,2,false,0
13.0892,100,4294967295,3,true,-90.8593
13.0892,100,10,3,true,-90.8593
13.0892,100,20,3,true,-90.1594
13.0892,100,30,3,true,-92.3444
13.4728,100,4294967295,4,true,-86.2063
13.4728,100,0,4,true,-86.2063
13.4728,100,10,4,true,-81.1149
13.4728,100,20,4,true,-85.1487
13.5247,20,30,4,false,0
13.8554,100,4294967295,5,true,-89.8705
13.8554,100,11,5,true,-89.8705
13.8554,100,20,5,true,-76.5307
13.8554,100,30,5,true,-93.1934
13.877,10,0,3,false,0
14.1374,100,4294967295,6,true,-79.2849
14.1374,100,0,6,true,-79.2849
14.1374,100,10,6,true,-83.9329
14.1374,100,11,6,true,-91.3778
14.1374,100,20,6,true,-92.3149
14.1374,100,21,6,true,-92.6886
14.2585,10,11,3,false,0
14.2585,10,11,4,false,0
14.4174,100,4294967295,7,true,-85.499
14.4174,100,0,7,true,-85.499
14.4174,100,10,7,true,-86.1554
14.4174,100,11,7,true,-94.2878
14.4174,100,20,7,true,-83.5323
14.4174,100,21,7,true,-91.0647
14.4174,100,30,7,true,-79.7107
14.4174,100,31,7,true,-88.0366
14.5426,20,21,3,false,0
14.5426,20,21,4,false,0
14.5426,20,21,5,false,0
14.6156,100,4294967295,8,true,-91.4969
14.6156,100,1,8,true,-91.4969
14.6156,100,10,8,true,-76.4322
14.6156,100,11,8,true,-94.9332
14.6156,100,20,8,true,-88.0941
14.6156,100,21,8,true,-92.4484
14.6156,100,30,8,true,-85.2348
14.6551,100,4294967295,9,true,-92.6305
14.6551,100,0,9,true,-92.6305
14.6551,100,1,9,true,-87.8652
14.6551,100,10,9,true,-76.7838
14.6551,100,11,9,true,-85.3702
14.6551,100,20,9,true,-79.3138
14.6551,100,30,9,true,-92.8209
14.6917,100,4294967295,0,true,-93.3306
14.6917,100,0,0,true,-93.3306
14.6917,100,10,0,true,-72.0544
14.6917,100,11,0,true,-89.2082
14.6917,100,20,0,true,-81.4407
14.6917,100,21,0,true,-87.1746
14.6917,100,30,0,true,-85.1288
14.6917,100,31,0,true,-88.2548
15.0203,0,1,0,false,0
15.0203,0,1,4,false,0
15.0203,0,1,6,false,0
15.0203,0,1,7,false,0
15.0203,11,1,0,false,0
15.0203,11,1,5,false,0
15.0203,11,1,6,false,0
15.0203,11,1,7,false,0
15.277,100,4294967295,1,true,-80.5087
15.277,100,0,1,true,-80.5087
15.277,100,1,1,true,-90.5961
15.277,100,2,1,true,-86.8028
15.277,100,10,1,true,-76.5993
15.277,100,11,1,true,-84.8589
15.277,100,12,1,true,-87.6745
15.277,100,20,1,true,-72.5554
15.277,100,22,1,true,-94.4476
15.277,100,30,1,true,-87.5252
15.277,100,31,1,true,-87.849
15.6774,21,22,0,false,0
15.6774,21,22,6,false,0
15.6774,21,22,7,false,0
15.6774,21,22,8,false,0
15.6928,1,2,8,false,0
15.6928,1,2,9,false,0
15.8316,100,4294967295,2,true,-81.9327
15.8316,100,0,2,true,-81.9327
15.8316,100,2,2,true,-88.9471
15.8316,100,10,2,true,-77.4185
15.8316,100,11,2,true,-77.761
15.8316,100,12,2,true,-92.4705
15.8316,100,20,2,true,-73.899
15.8316,100,21,2,true,-82.1212
15.8316,100,30,2,true,-91.9664
15.8316,100,32,2,true,-86.5053
15.9144,10,0,3,false,0
15.9144,10,0,8,false,0
16.24,22,32,1,false,0
16.24,31,32,0,false,0
16.24,31,32,1,false,0
16.24,31,32,7,false,0
16.2531,100,4294967295,3,true,-78.1055
16.2531,100,0,3,true,-78.1055
16.2531,100,1,3,true,-79.3166
16.2531,100,2,3,true,-92.2561
16.2531,100,10,3,true,-82.3422
16.2531,100,11,3,true,-77.9422
16.2531,100,12,3,true,-77.5159
16.2531,100,13,3,true,-89.3201
16.2531,100,20,3,true,-88.6624
16.2531,100,21,3,true,-85.3961
16.2531,100,30,3,true,-78.9184
16.2531,100,31,3,true,-91.1552
16.2531,100,32,3,true,-89.638
16.6367,100,4294967295,4,true,-82.8342
16.6367,100,0,4,true,-82.8342
16.6367,100,1,4,true,-79.0463
16.6367,100,2,4,true,-91.586
16.6367,100,10,4,true,-74.7719
16.6367,100,11,4,true,-80.5243
16.6367,100,12,4,true,-85.6187
16.6367,100,13,4,true,-85.3743
16.6367,100,20,4,true,-73.202
16.6367,100,21,4,true,-79.1143
16.6367,100,22,4,true,-82.2604
16.6367,100,23,4,true,-90.2918
16.6367,100,30,4,true,-87.428
16.6367,100,31,4,true,-86.697
16.6367,100,32,4,true,-90.1699
16.6972,12,13,1,false,0
16.6972,12,13,2,false,0
16.8943,11,21,1,false,0
16.8943,11,21,5,false,0
16.8943,11,21,9,false,0
16.8943,20,21,1,false,0
16.8943,20,21,5,false,0
16.8943,20,21,9,false,0
16.8943,22,21,1,false,0
16.8943,31,21,1,false,0
17.0193,100,4294967295,5,true,-81.7142
17.0193,100,1,5,true,-81.7142
17.0193,100,2,5,true,-85.5565
17.0193,100,3,5,true,-88.8801
17.0193,100,10,5,true,-81.2564
17.0193,100,11,5,true,-82.5469
17.0193,100,12,5,true,-92.0062
17.0193,100,20,5,true,-76.9069
17.0193,100,21,5,true,-72.3234
17.0193,100,22,5,true,-75.3359
17.0193,100,23,5,true,-86.5128
17.0193,100,30,5,true,-89.1843
17.0193,100,31,5,true,-91.7879
17.0193,100,32,5,true,-85.4362
17.0193,100,33,5,true,-85.2769
17.0193,100,40,5,true,-89.1387
17.0388,22,23,1,false,0
17.3013,100,4294967295,6,true,-82.2688
17.3013,100,0,6,true,-82.2688
17.3013,100,2,6,true,-92.423
17.3013,100,10,6,true,-80.7829
17.3013,100,11,6,true,-71.975
17.3013,100,12,6,true,-87.9207
17.3013,100,13,6,true,-88.8769
17.3013,100,20,6,true,-70.4424
17.3013,100,21,6,true,-71.7857
17.3013,100,22,6,true,-80.4039
17.3013,100,30,6,true,-89.2977
17.3013,100,31,6,true,-80.1111
17.3013,100,32,6,true,-83.1886
17.3013,100,33,6,true,-89.2461
17.3013,100,42,6,true,-91.2726
17.4455,23,33,4,false,0
17.4455,32,33,2,false,0
17.4455,32,33,3,false,0
17.4455,32,33,4,false,0
17.4554,2,3,1,false,0
17.4554,2,3,2,false,0
17.4554,2,3,3,false,0
17.4554,2,3,4,false,0
17.4554,2,3,6,false,0
17.5813,100,4294967295,7,true,-84.0776
17.5813,100,0,7,true,-84.0776
17.5813,100,2,7,true,-93.0917
17.5813,100,10,7,true,-91.3913
17.5813,100,11,7,true,-82.3197
17.5813,100,12,7,true,-84.7039
17.5813,100,13,7,true,-88.1301
17.5813,100,20,7,true,-81.8859
17.5813,100,21,7,true,-75.6923
17.5813,100,22,7,true,-83.2814
17.5813,100,23,7,true,-85.9504
17.5813,100,30,7,true,-88.4515
17.5813,100,31,7,true,-83.3891
17.5813,100,32,7,true,-94.0613
17.5813,100,33,7,true,-90.3385
17.5813,100,41,7,true,-89.4599
17.5813,100,42,7,true,-93.1702
17.7141,32,42,2,false,0
17.7141,32,42,3,false,0
17.7141,32,42,4,false,0
17.7141,32,42,5,false,0
17.75,1,2,8,false,0
17.75,1,2,9,false,0
17.7795,100,4294967295,8,true,-86.0862
17.7795,100,1,8,true,-86.0862
17.7795,100,2,8,true,-91.0834
17.7795,100,10,8,true,-79.5558
17.7795,100,11,8,true,-81.8668
17.7795,100,12,8,true,-91.9122
17.7795,100,13,8,true,-91.6247
17.7795,100,20,8,true,-85.623
17.7795,100,21,8,true,-77.4324
17.7795,100,22,8,true,-89.3167
17.7795,100,30,8,true,-85.1407
17.7795,100,31,8,true,-77.3766
17.7795,100,32,8,true,-85.1459
17.7795,100,40,8,true,-86.5881
17.7795,100,41,8,true,-87.3204
17.7795,100,42,8,true,-92.9233
17.819,100,4294967295,9,true,-94.0604
17.819,100,0,9,true,-94.0604
17.819,100,1,9,true,-88.7948
17.819,100,2,9,true,-94.3616
17.819,100,10,9,true,-84.2769
17.819,100,11,9,true,-91.8482
17.819,100,12,9,true,-92.5738
17.819,100,13,9,true,-83.325
17.819,100,20,9,true,-73.0301
17.819,100,21,9,true,-71.169
17.819,100,22,9,true,-80.4255
17.819,100,23,9,true,-79.8295
17.819,100,30,9,true,-76.2724
17.819,100,31,9,true,-79.7897
17.819,100,33,9,true,-93.345
17.819,100,40,9,true,-86.7374
17.819,100,41,9,true,-85.0157
17.819,100,42,9,true,-91.5205
17.819,100,43,9,true,-92.8665
17.819,100,51,9,true,-89.3579
17.8556,100,4294967295,0,true,-83.5359
17.8556,100,0,0,true,-83.5359
17.8556,100,1,0,true,-84.6355
17.8556,100,2,0,true,-82.8797
17.8556,100,10,0,true,-88.3192
17.8556,100,11,0,true,-92.3143
17.8556,100,12,0,true,-90.298
17.8556,100,20,0,true,-80.0561
17.8556,100,21,0,true,-77.5375
17.8556,100,22,0,true,-85.5182
17.8556,100,23,0,true,-89.2949
17.8556,100,30,0,true,-76.657
17.8556,100,31,0,true,-78.7745
17.8556,100,32,0,true,-86.1469
17.8556,100,33,0,true,-88.4876
17.8556,100,41,0,true,-87.0042
17.8556,100,42,0,true,-79.962
17.8556,100,43,0,true,-87.8267
18.0149,31,41,1,false,0
18.0149,31,41,3,false,0
18.0149,31,41,4,false,0
18.0149,31,41,5,false,0
18.0149,31,41,6,false,0
18.0149,40,41,5,false,0
18.2642,33,43,5,false,0
18.2642,33,43,6,false,0
18.2642,33,43,7,false,0
18.2642,42,43,6,false,0
18.2642,42,43,7,false,0
18.2642,42,43,8,false,0
18.4409,100,4294967295,1,true,-90.0439
18.4409,100,10,1,true,-90.0439
18.4409,100,12,1,true,-94.4535
18.4409,100,21,1,true,-86.651
18.4409,100,22,1,true,-90.5477
18.4409,100,23,1,true,-84.5973
18.4409,100,30,1,true,-83.2705
18.4409,100,31,1,true,-72.079
18.4409,100,32,1,true,-75.1397
18.4409,100,40,1,true,-83.9291
18.4409,100,41,1,true,-85.7471
18.4409,100,43,1,true,-89.4446
18.4409,100,52,1,true,-93.6663
18.8492,42,52,0,false,0
18.8492,42,52,6,false,0
18.8492,42,52,7,false,0
18.8492,42,52,8,false,0
18.8492,42,52,9,false,0
18.8492,51,52,9,false,0
18.9955,100,4294967295,2,true,-94.3477
18.9955,100,11,2,true,-94.3477
18.9955,100,12,2,true,-94.7879
18.9955,100,20,2,true,-92.9347
18.9955,100,21,2,true,-83.7633
18.9955,100,22,2,true,-90.843
18.9955,100,23,2,true,-91.0943
18.9955,100,30,2,true,-80.4087
18.9955,100,31,2,true,-81.9652
18.9955,100,32,2,true,-80.5774
18.9955,100,33,2,true,-93.5641
18.9955,100,40,2,true,-75.4551
18.9955,100,41,2,true,-82.1109
18.9955,100,42,2,true,-81.0329
18.9955,100,43,2,true,-92.5969
18.9955,100,50,2,true,-94.8764
18.9955,100,52,2,true,-93.5773
18.9955,100,61,2,true,-93.85
19.2289,13,23,3,false,0
19.2289,13,23,6,false,0
19.2289,13,23,8,false,0
19.2289,33,23,6,false,0
19.417,100,4294967295,3,true,-93.5028
19.417,100,20,3,true,-93.5028
19.417,100,22,3,true,-89.6976
19.417,100,30,3,true,-84.3775
19.417,100,31,3,true,-77.2424
19.417,100,32,3,true,-75.9388
19.417,100,40,3,true,-84.409
19.417,100,41,3,true,-81.5362
19.417,100,42,3,true,-83.5801
19.417,100,43,3,true,-91.2369
19.417,100,50,3,true,-93.3362
19.417,100,51,3,true,-82.1824
19.417,100,52,3,true,-85.517
19.417,100,53,3,true,-92.6078
19.417,100,61,3,true,-91.671
19.417,100,62,3,true,-93.2219
19.4241,51,61,9,false,0
19.4383,40,50,1,false,0
19.4383,40,50,5,false,0
19.4383,40,50,8,false,0
19.4383,40,50,9,false,0
19.5677,30,40,0,false,0
19.5677,30,40,4,false,0
19.5677,30,40,6,false,0
19.5677,30,40,7,false,0
19.5677,41,40,0,false,0
19.5677,41,40,7,false,0
19.5962,3,13,5,false,0
19.5962,12,13,0,false,0
19.5962,12,13,1,false,0
19.5962,12,13,2,false,0
19.5962,12,13,5,false,0
19.8006,100,4294967295,4,true,-89.5205
19.8006,100,22,4,true,-89.5205
19.8006,100,30,4,true,-85.9408
19.8006,100,31,4,true,-84.9601
19.8006,100,32,4,true,-90.9738
19.8006,100,33,4,true,-85.7998
19.8006,100,41,4,true,-70.6417
19.8006,100,42,4,true,-82.9043
19.8006,100,50,4,true,-82.3916
19.8006,100,51,4,true,-81.5028
19.8006,100,52,4,true,-75.6249
19.8006,100,53,4,true,-90.0853
19.8006,100,60,4,true,-92.0137
19.8006,100,61,4,true,-83.2686
19.8458,43,53,0,false,0
19.8458,43,53,1,false,0
19.8458,43,53,2,false,0
19.8458,43,53,9,false,0
19.8606,61,62,2,false,0
19.8606,61,62,4,false,0
19.8749,2,3,0,false,0
19.8749,2,3,1,false,0
19.8749,2,3,2,false,0
19.8749,2,3,3,false,0
19.8749,2,3,4,false,0
19.8749,2,3,6,false,0
19.8749,2,3,7,false,0
19.8749,2,3,8,false,0
19.8749,2,3,9,false,0
20.1832,100,4294967295,5,true,-91.177
20.1832,100,21,5,true,-91.177
20.1832,100,30,5,true,-92.9113
20.1832,100,31,5,true,-88.5746
20.1832,100,33,5,true,-84.9136
20.1832,100,40,5,true,-83.4267
20.1832,100,41,5,true,-76.0621
20.1832,100,42,5,true,-77.1739
20.1832,100,43,5,true,-83.1436
20.1832,100,50,5,true,-83.613
20.1832,100,51,5,true,-72.6673
20.1832,100,52,5,true,-76.1103
20.1832,100,53,5,true,-93.8658
20.1832,100,60,5,true,-84.3164
20.1832,100,61,5,true,-87.3039
20.1832,100,62,5,true,-82.5043
20.1832,100,71,5,true,-91.0158
20.2306,50,60,2,false,0
20.2306,50,60,3,false,0
20.2306,61,60,2,false,0
20.2306,61,60,3,false,0
20.3957,0,1,2,false,0
20.3957,0,1,6,false,0
20.3957,0,1,7,false,0
20.3957,2,1,2,false,0
20.3957,2,1,6,false,0
20.3957,2,1,7,false,0
20.3957,11,1,2,false,0
20.3957,11,1,6,false,0
20.3957,11,1,7,false,0
20.414,23,33,1,false,0
20.414,32,33,1,false,0
20.414,32,33,3,false,0
20.414,32,33,8,false,0
20.414,43,33,1,false,0
20.414,43,33,3,false,0
20.4652,100,4294967295,6,true,-85.3506
20.4652,100,30,6,true,-85.3506
20.4652,100,31,6,true,-88.9782
20.4652,100,32,6,true,-86.656
20.4652,100,33,6,true,-86.8919
20.4652,100,40,6,true,-81.7947
20.4652,100,41,6,true,-81.134
20.4652,100,42,6,true,-78.1516
20.4652,100,43,6,true,-89.8693
20.4652,100,50,6,true,-83.2669
20.4652,100,51,6,true,-75.9162
20.4652,100,52,6,true,-85.8181
20.4652,100,53,6,true,-90.8762
20.4652,100,60,6,true,-86.5457
20.4652,100,61,6,true,-93.9007
20.4652,100,62,6,true,-82.8448
20.4652,100,71,6,true,-86.4634
20.4652,100,72,6,true,-76.5352
20.6035,61,71,2,false,0
20.6035,61,71,3,false,0
20.6035,61,71,4,false,0
20.7026,33,43,4,false,0
20.7026,33,43,7,false,0
20.7026,42,43,4,false,0
20.7026,42,43,7,false,0
20.7026,42,43,8,false,0
20.7026,53,43,4,false,0
20.7452,100,4294967295,7,true,-91.991
20.7452,100,30,7,true,-91.991
20.7452,100,32,7,true,-86.6466
20.7452,100,33,7,true,-91.5344
20.7452,100,40,7,true,-93.0547
20.7452,100,41,7,true,-75.3053
20.7452,100,42,7,true,-91.7722
20.7452,100,43,7,true,-92.6446
20.7452,100,50,7,true,-80.2722
20.7452,100,51,7,true,-78.9811
20.7452,100,52,7,true,-77.0405
20.7452,100,53,7,true,-85.6715
20.7452,100,60,7,true,-86.1487
20.7452,100,61,7,true,-71.962
20.7452,100,62,7,true,-89.934
20.7452,100,63,7,true,-87.6835
20.7452,100,70,7,true,-82.5401
20.9434,100,4294967295,8,true,-94.4901
20.9434,100,31,8,true,-94.4901
20.9434,100,40,8,true,-87.8417
20.9434,100,41,8,true,-81.398
20.9434,100,43,8,true,-88.0648
20.9434,100,50,8,true,-90.8622
20.9434,100,51,8,true,-70.1673
20.9434,100,52,8,true,-83.8339
20.9434,100,53,8,true,-86.2585
20.9434,100,60,8,true,-91.3146
20.9434,100,61,8,true,-74.828
20.9434,100,62,8,true,-76.4278
20.9434,100,63,8,true,-88.7255
20.9434,100,70,8,true,-79.3211
20.9434,100,71,8,true,-90.0255
20.9434,100,73,8,true,-92.6558
20.9829,100,4294967295,9,true,-90.5124
20.9829,100,32,9,true,-90.5124
20.9829,100,40,9,true,-85.0884
20.9829,100,42,9,true,-85.0537
20.9829,100,43,9,true,-93.6618
20.9829,100,50,9,true,-87.3612
20.9829,100,51,9,true,-70.7789
20.9829,100,52,9,true,-73.4261
20.9829,100,54,9,true,-94.8808
20.9829,100,61,9,true,-82.0496
20.9829,100,62,9,true,-83.8394
20.9829,100,63,9,true,-94.5287
20.9829,100,70,9,true,-94.76
20.9829,100,71,9,true,-86.1985
20.9829,100,72,9,true,-77.5003
20.9829,100,73,9,true,-92.0409
20.9999,41,51,0,false,0
20.9999,41,51,1,false,0
20.9999,41,51,2,false,0
20.9999,50,51,2,false,0
20.9999,52,51,1,false,0
20.9999,52,51,2,false,0
20.9999,61,51,2,false,0
21.0195,100,4294967295,0,true,-84.6667
21.0195,100,30,0,true,-84.6667
21.0195,100,31,0,true,-86.3615
21.0195,100,32,0,true,-91.9784
21.0195,100,40,0,true,-78.2476
21.0195,100,41,0,true,-87.0373
21.0195,100,42,0,true,-90.8329
21.0195,100,43,0,true,-87.098
21.0195,100,50,0,true,-82.5681
21.0195,100,51,0,true,-76.115
21.0195,100,52,0,true,-79.5711
21.0195,100,53,0,true,-81.0711
21.0195,100,60,0,true,-85.4269
21.0195,100,61,0,true,-75.887
21.0195,100,62,0,true,-82.8061
21.0195,100,63,0,true,-91.8354
21.0195,100,64,0,true,-90.5212
21.0195,100,70,0,true,-89.6063
21.0195,100,71,0,true,-86.7333
21.0195,100,72,0,true,-80.9274
21.0195,100,73,0,true,-91.3335
21.0195,100,81,0,true,-88.2283
21.0195,100,82,0,true,-90.3514
21.1664,53,63,3,false,0
21.1664,53,63,4,false,0
21.1664,53,63,5,false,0
21.1664,53,63,6,false,0
21.1664,62,63,3,false,0
21.1664,62,63,5,false,0
21.1664,62,63,6,false,0
21.1678,60,70,4,false,0
21.1678,60,70,5,false,0
21.1678,60,70,6,false,0
21.3494,63,73,7,false,0
21.3494,72,73,6,false,0
21.4137,53,54,0,false,0
21.4137,53,54,3,false,0
21.4137,53,54,4,false,0
21.4137,53,54,5,false,0
21.4137,53,54,6,false,0
21.4137,53,54,7,false,0
21.4137,53,54,8,false,0
21.4137,64,54,0,false,0
21.4219,72,82,6,false,0
21.4219,72,82,9,false,0
21.4556,71,81,5,false,0
21.4556,71,81,6,false,0
21.4556,71,81,8,false,0
21.4556,71,81,9,false,0
21.6048,100,4294967295,1,true,-86.4159
21.6048,100,40,1,true,-86.4159
21.6048,100,41,1,true,-90.6419
21.6048,100,42,1,true,-93.1311
21.6048,100,43,1,true,-94.8111
21.6048,100,50,1,true,-94.3989
21.6048,100,51,1,true,-78.2174
21.6048,100,52,1,true,-82.9665
21.6048,100,53,1,true,-74.8038
21.6048,100,60,1,true,-93.1175
21.6048,100,61,1,true,-77.5175
21.6048,100,62,1,true,-68.8677
21.6048,100,63,1,true,-83.4496
21.6048,100,64,1,true,-91.3225
21.6048,100,70,1,true,-92.8223
21.6048,100,71,1,true,-84.7538
21.6048,100,72,1,true,-88.1335
21.6048,100,73,1,true,-93.7774
21.6048,100,80,1,true,-87.1867
21.6048,100,82,1,true,-87.3603
21.6048,100,83,1,true,-89.6169
21.6476,13,23,3,false,0
21.6476,13,23,6,false,0
21.6476,13,23,8,false,0
21.6476,22,23,3,false,0
21.6476,22,23,6,false,0
21.6476,22,23,8,false,0
21.6476,33,23,6,false,0
21.8629,3,13,5,false,0
21.8629,12,13,0,false,0
21.8629,12,13,1,false,0
21.8629,12,13,2,false,0
21.8629,12,13,5,false,0
21.8629,23,13,0,false,0
21.8629,23,13,1,false,0
21.8629,23,13,2,false,0
21.8629,23,13,5,false,0
22.0058,81,80,0,false,0
22.1594,100,4294967295,2,true,-91.3558
22.1594,100,42,2,true,-91.3558
22.1594,100,50,2,true,-87.9334
22.1594,100,52,2,true,-90.8718
22.1594,100,60,2,true,-83.6494
22.1594,100,61,2,true,-88.7642
22.1594,100,62,2,true,-77.505
22.1594,100,63,2,true,-88.6386
22.1594,100,70,2,true,-87.6918
22.1594,100,71,2,true,-75.5602
22.1594,100,72,2,true,-80.3047
22.1594,100,73,2,true,-93.0303
22.1594,100,74,2,true,-92.3518
22.1594,100,81,2,true,-85.3601
22.1594,100,82,2,true,-92.172
22.1594,100,83,2,true,-91.7854
22.1594,100,91,2,true,-84.9966
22.1594,100,92,2,true,-89.1168
22.5651,64,74,0,false,0
22.5651,64,74,1,false,0
22.5671,82,92,0,false,0
22.5671,82,92,1,false,0
22.5809,100,4294967295,3,true,-89.8617
22.5809,100,50,3,true,-89.8617
22.5809,100,52,3,true,-88.7874
22.5809,100,61,3,true,-80.6135
22.5809,100,62,3,true,-81.0362
22.5809,100,63,3,true,-88.716
22.5809,100,70,3,true,-93.4487
22.5809,100,71,3,true,-79.0531
22.5809,100,72,3,true,-75.5377
22.5809,100,74,3,true,-91.7909
22.5809,100,80,3,true,-92.7273
22.5809,100,81,3,true,-81.3975
22.5809,100,82,3,true,-94.6141
22.5809,100,83,3,true,-89.7514
22.5809,100,90,3,true,-93.7012
22.5809,100,91,3,true,-94.5786
22.7076,2,3,0,false,0
22.7076,2,3,1,false,0
22.7076,2,3,2,false,0
22.7076,2,3,3,false,0
22.7076,2,3,4,false,0
22.7076,2,3,6,false,0
22.7076,2,3,7,false,0
22.7076,2,3,8,false,0
22.7076,2,3,9,false,0
22.7076,13,3,3,false,0
22.7076,13,3,4,false,0
22.7076,13,3,6,false,0
22.7076,13,3,7,false,0
22.7076,13,3,8,false,0
22.7076,13,3,9,false,0
22.7127,2,1,2,false,0
22.7127,2,1,6,false,0
22.7127,2,1,7,false,0
22.7127,11,1,2,false,0
22.7127,11,1,6,false,0
22.7127,11,1,7,false,0
22.9645,100,4294967295,4,true,-94.0398
22.9645,100,52,4,true,-94.0398
22.9645,100,60,4,true,-90.14
22.9645,100,61,4,true,-85.1739
22.9645,100,62,4,true,-87.5769
22.9645,100,64,4,true,-85.1812
22.9645,100,70,4,true,-87.8594
22.9645,100,71,4,true,-79.6764
22.9645,100,72,4,true,-77.246
22.9645,100,73,4,true,-83.9276
22.9645,100,80,4,true,-84.5949
22.9645,100,81,4,true,-84.6894
22.9645,100,82,4,true,-79.0297
22.9645,100,83,4,true,-88.0576
22.9645,100,91,4,true,-90.4123
22.9645,100,92,4,true,-88.6139
22.997,80,90,1,false,0
22.997,80,90,4,false,0
22.997,91,90,2,false,0
22.997,91,90,4,false,0
23.0161,32,33,1,false,0
23.0161,32,33,3,false,0
23.0161,32,33,8,false,0
23.0161,43,33,1,false,0
23.0161,43,33,3,false,0
23.0161,43,33,8,false,0
23.3103,62,72,5,false,0
23.3103,62,72,7,false,0
23.3103,62,72,8,false,0
23.3103,71,72,5,false,0
23.3103,71,72,8,false,0
23.3471,100,4294967295,5,true,-91.9257
23.3471,100,60,5,true,-91.9257
23.3471,100,70,5,true,-84.5103
23.3471,100,71,5,true,-77.1871
23.3471,100,72,5,true,-81.6947
23.3471,100,73,5,true,-91.5812
23.3471,100,80,5,true,-92.2811
23.3471,100,81,5,true,-79.6809
23.3471,100,82,5,true,-82.7917
23.3471,100,83,5,true,-83.8425
23.3471,100,91,5,true,-90.9856
23.3471,100,92,5,true,-92.5598
23.5432,53,63,4,false,0
23.5432,53,63,5,false,0
23.5432,53,63,6,false,0
23.5432,64,63,4,false,0
23.5432,73,63,4,false,0
23.5432,73,63,5,false,0
23.6291,100,4294967295,6,true,-88.3392
23.6291,100,62,6,true,-88.3392
23.6291,100,63,6,true,-90.6329
23.6291,100,70,6,true,-91.2293
23.6291,100,71,6,true,-75.3266
23.6291,100,72,6,true,-73.8417
23.6291,100,73,6,true,-89.387
23.6291,100,74,6,true,-87.0853
23.6291,100,80,6,true,-94.9247
23.6291,100,81,6,true,-80.0583
23.6291,100,82,6,true,-79.5283
23.6291,100,83,6,true,-85.9804
23.6291,100,84,6,true,-93.9604
23.6291,100,90,6,true,-94.1059
23.6291,100,91,6,true,-85.5169
23.6291,100,92,6,true,-86.0287
23.6291,100,93,6,true,-92.1892
23.6291,100,94,6,true,-93.5066
23.7,53,54,0,false,0
23.7,53,54,1,false,0
23.7,53,54,3,false,0
23.7,53,54,4,false,0
23.7,53,54,5,false,0
23.7,53,54,6,false,0
23.7,53,54,7,false,0
23.7,53,54,8,false,0
23.8342,54,64,9,false,0
23.8342,63,64,2,false,0
23.8342,63,64,3,false,0
23.8342,63,64,6,false,0
23.8342,63,64,7,false,0
23.8342,63,64,8,false,0
23.8342,63,64,9,false,0
23.8342,74,64,2,false,0
23.8342,74,64,3,false,0
23.8342,74,64,6,false,0
23.9029,12,13,0,false,0
23.9029,12,13,1,false,0
23.9029,12,13,2,false,0
23.9029,12,13,5,false,0
23.9029,23,13,0,false,0
23.9029,23,13,1,false,0
23.9029,23,13,2,false,0
23.9029,23,13,5,false,0
23.9092,100,4294967295,7,true,-86.8196
23.9092,100,61,7,true,-86.8196
23.9092,100,62,7,true,-87.3075
23.9092,100,70,7,true,-79.178
23.9092,100,71,7,true,-84.49
23.9092,100,72,7,true,-85.1373
23.9092,100,73,7,true,-86.9868
23.9092,100,74,7,true,-88.5006
23.9092,100,80,7,true,-78.6201
23.9092,100,81,7,true,-74.5755
23.9092,100,82,7,true,-74.5566
23.9092,100,84,7,true,-87.7998
23.9092,100,90,7,true,-90.098
23.9092,100,91,7,true,-89.191
23.9092,100,92,7,true,-88.4666
23.9092,100,93,7,true,-89.6636
23.9888,13,23,3,false,0
23.9888,13,23,6,false,0
23.9888,13,23,8,false,0
23.9888,22,23,3,false,0
23.9888,22,23,6,false,0
23.9888,22,23,8,false,0
24.0388,84,94,7,false,0
24.0388,93,94,7,false,0
24.0466,74,84,2,false,0
24.0466,74,84,3,false,0
24.0639,83,93,1,false,0
24.0639,83,93,2,false,0
24.0639,83,93,3,false,0
24.0639,83,93,4,false,0
24.0639,83,93,5,false,0
24.0639,92,93,2,false,0
24.0639,92,93,4,false,0
24.0639,92,93,5,false,0
24.1073,100,4294967295,8,true,-91.8107
24.1073,100,62,8,true,-91.8107
24.1073,100,63,8,true,-94.1265
24.1073,100,70,8,true,-79.2368
24.1073,100,71,8,true,-73.7174
24.1073,100,72,8,true,-81.5532
24.1073,100,73,8,true,-90.7319
24.1073,100,80,8,true,-92.7871
24.1073,100,81,8,true,-77.4893
24.1073,100,82,8,true,-84.9205
24.1073,100,83,8,true,-91.9969
24.1073,100,90,8,true,-64.6926
24.1073,100,91,8,true,-91.6343
24.1073,100,92,8,true,-89.2858
24.1073,100,93,8,true,-87.254
24.1468,100,4294967295,9,true,-80.5232
24.1468,100,61,9,true,-80.5232
24.1468,100,62,9,true,-90.4575
24.1468,100,63,9,true,-86.9967
24.1468,100,71,9,true,-84.7858
24.1468,100,72,9,true,-76.044
24.1468,100,73,9,true,-87.5165
24.1468,100,80,9,true,-86.3181
24.1468,100,81,9,true,-70.6899
24.1468,100,82,9,true,-75.1741
24.1468,100,83,9,true,-82.5834
24.1468,100,90,9,true,-90.7471
24.1468,100,92,9,true,-82.5198
24.1468,100,93,9,true,-91.8306
24.1834,100,4294967295,0,true,-86.3914
24.1834,100,61,0,true,-86.3914
24.1834,100,62,0,true,-88.0967
24.1834,100,63,0,true,-80.4564
24.1834,100,70,0,true,-89.4054
24.1834,100,71,0,true,-80.988
24.1834,100,72,0,true,-82.2593
24.1834,100,80,0,true,-89.8724
24.1834,100,81,0,true,-72.6753
24.1834,100,82,0,true,-78.6763
24.1834,100,83,0,true,-79.5684
24.1834,100,84,0,true,-88.1257
24.1834,100,90,0,true,-88.2657
24.1834,100,91,0,true,-84.1062
24.1834,100,92,0,true,-84.936
24.1834,100,93,0,true,-89.738
24.7154,73,74,0,false,0
24.7154,73,74,1,false,0
24.7154,73,74,4,false,0
24.7154,73,74,5,false,0
24.7154,73,74,8,false,0
24.7154,73,74,9,false,0
24.7154,84,74,0,false,0
24.7687,100,4294967295,1,true,-89.0114
24.7687,100,50,1,true,-89.0114
24.7687,100,51,1,true,-91.4613
24.7687,100,60,1,true,-91.4269
24.7687,100,62,1,true,-89.1934
24.7687,100,70,1,true,-75.2886
24.7687,100,71,1,true,-82.2982
24.7687,100,72,1,true,-90.3479
24.7687,100,80,1,true,-75.7822
24.7687,100,81,1,true,-67.0957
24.7687,100,82,1,true,-94.7298
24.7687,100,83,1,true,-90.4234
24.7687,100,90,1,true,-85.0464
24.7687,100,92,1,true,-87.4822
24.7687,100,93,1,true,-92.75
25.0534,2,3,0,false,0
25.0534,2,3,1,false,0
25.0534,2,3,2,false,0
25.0534,2,3,3,false,0
25.0534,2,3,4,false,0
25.0534,2,3,6,false,0
25.0534,2,3,7,false,0
25.0534,2,3,8,false,0
25.0534,2,3,9,false,0
25.0534,13,3,3,false,0
25.0534,13,3,4,false,0
25.0534,13,3,6,false,0
25.0534,13,3,7,false,0
25.0534,13,3,8,false,0
25.0534,13,3,9,false,0
25.3233,100,4294967295,2,true,-85.2781
25.3233,100,50,2,true,-85.2781
25.3233,100,51,2,true,-87.9119
25.3233,100,60,2,true,-84.2164
25.3233,100,61,2,true,-86.8172
25.3233,100,62,2,true,-84.237
25.3233,100,70,2,true,-71.7762
25.3233,100,71,2,true,-72.8291
25.3233,100,72,2,true,-89.55
25.3233,100,80,2,true,-73.8164
25.3233,100,81,2,true,-82.0064
25.3233,100,90,2,true,-92.3947
25.3233,100,91,2,true,-79.6985
25.5118,0,1,2,false,0
25.5118,0,1,6,false,0
25.5118,0,1,7,false,0
25.5118,11,1,2,false,0
25.5118,11,1,6,false,0
25.5118,11,1,7,false,0
25.7448,100,4294967295,3,true,-88.1269
25.7448,100,51,3,true,-88.1269
25.7448,100,61,3,true,-90.114
25.7448,100,62,3,true,-94.5716
25.7448,100,70,3,true,-72.6265
25.7448,100,71,3,true,-93.0763
25.7448,100,80,3,true,-78.2755
25.7448,100,81,3,true,-85.6038
25.7448,100,90,3,true,-86.1882
25.7448,100,92,3,true,-83.8819
26.1284,100,4294967295,4,true,-90.8129
26.1284,100,50,4,true,-90.8129
26.1284,100,61,4,true,-92.9442
26.1284,100,70,4,true,-84.3293
26.1284,100,71,4,true,-89.058
26.1284,100,72,4,true,-92.2324
26.1284,100,80,4,true,-76.5193
26.1284,100,81,4,true,-88.6639
26.1284,100,91,4,true,-90.1551
26.2431,13,23,3,false,0
26.2431,13,23,6,false,0
26.2431,13,23,8,false,0
26.2431,33,23,6,false,0
26.2797,83,93,2,false,0
26.2797,83,93,3,false,0
26.2797,83,93,4,false,0
26.2797,83,93,5,false,0
26.2797,92,93,2,false,0
26.2797,92,93,3,false,0
26.2797,92,93,4,false,0
26.2797,92,93,5,false,0
26.371,54,64,9,false,0
26.371,74,64,2,false,0
26.371,74,64,3,false,0
26.371,74,64,6,false,0
26.371,74,64,7,false,0
26.3728,3,13,5,false,0
26.3728,23,13,0,false,0
26.3728,23,13,1,false,0
26.3728,23,13,2,false,0
26.3728,23,13,5,false,0
26.511,100,4294967295,5,true,-87.2848
26.511,100,50,5,true,-87.2848
26.511,100,60,5,true,-84.4712
26.511,100,61,5,true,-90.1495
26.511,100,70,5,true,-72.7936
26.511,100,90,5,true,-93.2866
26.511,100,91,5,true,-88.42
26.6102,83,84,1,false,0
26.6102,83,84,2,false,0
26.6102,83,84,3,false,0
26.6102,83,84,4,false,0
26.6102,83,84,5,false,0
26.6102,83,84,8,false,0
26.6102,83,84,9,false,0
26.793,100,4294967295,6,true,-82.9687
26.793,100,50,6,true,-82.9687
26.793,100,60,6,true,-87.0366
26.793,100,61,6,true,-90.1626
26.793,100,70,6,true,-77.2683
26.793,100,71,6,true,-89.7689
26.793,100,80,6,true,-89.9906
26.793,100,90,6,true,-88.9481
27.0731,100,4294967295,7,true,-84.5982
27.0731,100,60,7,true,-84.5982
27.0731,100,71,7,true,-85.4763
27.2712,100,4294967295,8,true,-93.2722
27.2712,100,50,8,true,-93.2722
27.2712,100,70,8,true,-90.7633
27.2712,100,71,8,true,-88.8947
27.2712,100,80,8,true,-92.9162
27.3107,100,4294967295,9,true,-87.2536
27.3107,100,60,9,true,-87.2536
27.3107,100,70,9,true,-85.4423
27.3107,100,71,9,true,-80.5258
27.3107,100,80,9,true,-90.2927
27.3107,100,90,9,true,-89.1486
27.3473,100,4294967295,0,true,-85.3968
27.3473,100,50,0,true,-85.3968
27.3473,100,70,0,true,-87.8489
27.3473,100,71,0,true,-94.6431
27.3473,100,80,0,true,-86.5233
27.3558,13,3,3,false,0
27.3558,13,3,4,false,0
27.3558,13,3,6,false,0
27.3558,13,3,7,false,0
27.3558,13,3,8,false,0
27.3558,13,3,9,false,0
27.4128,64,74,0,false,0
27.4128,64,74,1,false,0
27.4128,64,74,4,false,0
27.4128,73,74,0,false,0
27.4128,73,74,1,false,0
27.4128,73,74,4,false,0
27.4128,73,74,5,false,0
27.4128,73,74,8,false,0
27.4128,73,74,9,false,0
27.4128,84,74,0,false,0
27.7221,23,33,1,false,0
27.7221,32,33,1,false,0
27.7221,32,33,3,false,0
27.7221,32,33,8,false,0
27.9326,100,4294967295,1,true,-93.5247
27.9326,100,80,1,true,-93.5247
28.1898,0,1,2,false,0
28.1898,0,1,6,false,0
28.1898,0,1,7,false,0
28.4864,53,54,0,false,0
28.4864,53,54,1,false,0
28.4864,53,54,3,false,0
28.4864,53,54,4,false,0
28.4864,53,54,5,false,0
28.4864,53,54,6,false,0
28.4864,53,54,7,false,0
28.4864,53,54,8,false,0
28.4864,64,54,0,false,0
28.4864,64,54,1,false,0
28.4864,64,54,4,false,0
28.4872,100,4294967295,2,false,0
28.5715,92,93,2,false,0
28.5715,92,93,3,false,0
28.5715,92,93,4,false,0
28.5715,92,93,5,false,0
28.5717,22,23,3,false,0
28.5717,22,23,6,false,0
28.5717,22,23,8,false,0
28.5717,33,23,6,false,0
28.8485,74,84,2,false,0
28.8485,74,84,3,false,0
28.8485,83,84,1,false,0
28.8485,83,84,2,false,0
28.8485,83,84,3,false,0
28.8485,83,84,4,false,0
28.8485,83,84,5,false,0
28.8485,83,84,8,false,0
28.8485,83,84,9,false,0
28.9087,100,4294967295,3,false,0
29.0291,54,64,9,false,0
29.0291,63,64,2,false,0
29.0291,63,64,3,false,0
29.0291,63,64,6,false,0
29.0291,63,64,7,false,0
29.0291,63,64,8,false,0
29.0291,63,64,9,false,0
29.2793,84,94,0,false,0
29.2793,84,94,7,false,0
29.2924,100,4294967295,4,false,0
29.2968,12,13,0,false,0
29.2968,12,13,1,false,0
29.2968,12,13,2,false,0
29.2968,12,13,5,false,0
29.6749,100,4294967295,5,false,0
29.9367,73,74,0,false,0
29.9367,73,74,1,false,0
29.9367,73,74,4,false,0
29.9367,73,74,5,false,0
29.9367,73,74,8,false,0
29.9367,73,74,9,false,0
29.9367,84,74,0,false,0
29.9569,100,4294967295,6,false,0
30.237,100,4294967295,7,false,0
30.4351,100,4294967295,8,false,0
30.4746,100,4294967295,9,false,0
30.5112,100,4294967295,0,false,0
30.6515,23,33,1,false,0
30.6515,32,33,1,false,0
30.6515,32,33,3,false,0
30.6515,32,33,8,false,0
30.6515,43,33,1,false,0
30.6515,43,33,3,false,0
30.6515,43,33,8,false,0
31.0038,53,54,0,false,0
31.0038,53,54,1,false,0
31.0038,53,54,3,false,0
31.0038,53,54,4,false,0
31.0038,53,54,5,false,0
31.0038,53,54,6,false,0
31.0038,53,54,7,false,0
31.0038,53,54,8,false,0
31.0965,100,4294967295,1,false,0
31.1112,74,84,2,false,0
31.1112,74,84,3,false,0
31.1112,83,84,1,false,0
31.1112,83,84,2,false,0
31.1112,83,84,3,false,0
31.1112,83,84,4,false,0
31.1112,83,84,5,false,0
31.1112,83,84,8,false,0
31.1112,83,84,9,false,0
31.175,0,1,2,false,0
31.175,0,1,6,false,0
31.175,0,1,7,false,0
31.175,2,1,2,false,0
31.175,2,1,6,false,0
31.175,2,1,7,false,0
31.3003,54,64,9,false,0
31.3003,63,64,2,false,0
31.3003,63,64,3,false,0
31.3003,63,64,6,false,0
31.3003,63,64,7,false,0
31.3003,63,64,8,false,0
31.3003,63,64,9,false,0
31.3003,74,64,2,false,0
31.3003,74,64,3,false,0
31.3003,74,64,6,false,0
31.3003,74,64,7,false,0
31.3958,84,94,0,false,0
31.3958,84,94,7,false,0
31.3958,93,94,0,false,0
31.3958,93,94,1,false,0
31.3958,93,94,7,false,0
31.3958,93,94,8,false,0
31.3958,93,94,9,false,0
31.4276,83,93,2,false,0
31.4276,83,93,3,false,0
31.4276,83,93,4,false,0
31.4276,83,93,5,false,0
31.4276,92,93,2,false,0
31.4276,92,93,3,false,0
31.4276,92,93,4,false,0
31.4276,92,93,5,false,0
31.4728,13,23,3,false,0
31.4728,13,23,6,false,0
31.4728,13,23,8,false,0
31.4728,22,23,3,false,0
31.4728,22,23,6,false,0
31.4728,22,23,8,false,0
31.4728,33,23,6,false,0
31.6511,100,4294967295,2,false,0
31.9805,3,13,5,false,0
32.0726,100,4294967295,3,false,0
32.0805,64,74,0,false,0
32.0805,64,74,1,false,0
32.0805,64,74,4,false,0
32.0805,73,74,0,false,0
32.0805,73,74,1,false,0
32.0805,73,74,4,false,0
32.0805,73,74,5,false,0
32.0805,73,74,8,false,0
32.0805,73,74,9,false,0
32.0805,84,74,0,false,0
32.4563,100,4294967295,4,false,0
32.8388,100,4294967295,5,false,0
32.842,2,3,0,false,0
32.842,2,3,1,false,0
32.842,2,3,2,false,0
32.842,2,3,3,false,0
32.842,2,3,4,false,0
32.842,2,3,6,false,0
32.842,2,3,7,false,0
32.842,2,3,8,false,0
32.842,2,3,9,false,0
32.842,13,3,3,false,0
32.842,13,3,4,false,0
32.842,13,3,6,false,0
32.842,13,3,7,false,0
32.842,13,3,8,false,0
32.842,13,3,9,false,0
33.004,32,33,1,false,0
33.004,32,33,3,false,0
33.004,32,33,8,false,0
33.004,43,33,1,false,0
33.004,43,33,3,false,0
33.004,43,33,8,false,0
33.1208,100,4294967295,6,false,0
33.4009,100,4294967295,7,false,0
33.5592,13,23,3,false,0
33.5592,13,23,6,false,0
33.5592,13,23,8,false,0
33.5592,33,23,6,false,0
33.599,100,4294967295,8,false,0
33.6385,100,4294967295,9,false,0
33.6751,100,4294967295,0,false,0
33.9814,83,93,2,false,0
33.9814,83,93,3,false,0
33.9814,83,93,4,false,0
33.9814,83,93,5,false,0
33.9814,92,93,2,false,0
33.9814,92,93,3,false,0
33.9814,92,93,4,false,0
33.9814,92,93,5,false,0
34.0262,83,84,1,false,0
34.0262,83,84,2,false,0
34.0262,83,84,3,false,0
34.0262,83,84,4,false,0
34.0262,83,84,5,false,0
34.0262,83,84,8,false,0
34.0262,83,84,9,false,0
34.0702,0,1,2,false,0
34.0702,0,1,6,false,0
34.0702,0,1,7,false,0
34.0702,2,1,2,false,0
34.0702,2,1,6,false,0
34.0702,2,1,7,false,0
34.1602,54,64,9,false,0
34.1602,63,64,2,false,0
34.1602,63,64,3,false,0
34.1602,63,64,6,false,0
34.1602,63,64,7,false,0
34.1602,63,64,8,false,0
34.1602,63,64,9,false,0
34.1602,74,64,2,false,0
34.1602,74,64,3,false,0
34.1602,74,64,6,false,0
34.1602,74,64,7,false,0
34.2394,84,74,0,false,0
34.2604,100,4294967295,1,false,0
34.3179,93,94,0,false,0
34.3179,93,94,1,false,0
34.3179,93,94,7,false,0
34.3179,93,94,8,false,0
34.3179,93,94,9,false,0
34.815,100,4294967295,2,false,0
35.022,2,3,0,false,0
35.022,2,3,1,false,0
35.022,2,3,2,false,0
35.022,2,3,3,false,0
35.022,2,3,4,false,0
35.022,2,3,6,false,0
35.022,2,3,7,false,0
35.022,2,3,8,false,0
35.022,2,3,9,false,0
35.022,13,3,3,false,0
35.022,13,3,4,false,0
35.022,13,3,6,false,0
35.022,13,3,7,false,0
35.022,13,3,8,false,0
35.022,13,3,9,false,0
35.2365,100,4294967295,3,false,0
35.6202,100,4294967295,4,false,0
35.8075,32,33,1,false,0
35.8075,32,33,3,false,0
35.8075,32,33,8,false,0
35.8075,43,33,1,false,0
35.8075,43,33,3,false,0
35.8075,43,33,8,false,0
35.9227,64,54,0,false,0
35.9227,64,54,1,false,0
35.9227,64,54,4,false,0
36.0027,100,4294967295,5,false,0
36.0927,13,23,3,false,0
36.0927,13,23,6,false,0
36.0927,13,23,8,false,0
36.0927,33,23,6,false,0
36.2847,100,4294967295,6,false,0
36.35,74,84,2,false,0
36.35,74,84,3,false,0
36.35,83,84,1,false,0
36.35,83,84,2,false,0
36.35,83,84,3,false,0
36.35,83,84,4,false,0
36.35,83,84,5,false,0
36.35,83,84,8,false,0
36.35,83,84,9,false,0
36.5648,100,4294967295,7,false,0
36.6021,54,64,9,false,0
36.6021,63,64,2,false,0
36.6021,63,64,3,false,0
36.6021,63,64,6,false,0
36.6021,63,64,7,false,0
36.6021,63,64,8,false,0
36.6021,63,64,9,false,0
36.6021,74,64,2,false,0
36.6021,74,64,3,false,0
36.6021,74,64,6,false,0
36.6021,74,64,7,false,0
36.7629,100,4294967295,8,false,0
36.797,92,93,2,false,0
36.797,92,93,3,false,0
36.797,92,93,4,false,0
36.797,92,93,5,false,0
36.8024,100,4294967295,9,false,0
36.839,100,4294967295,0,false,0
36.8635,84,74,0,false,0
36.9615,84,94,0,false,0
36.9615,84,94,7,false,0
37.023,2,3,0,false,0
37.023,2,3,1,false,0
37.023,2,3,2,false,0
37.023,2,3,3,false,0
37.023,2,3,4,false,0
37.023,2,3,6,false,0
37.023,2,3,7,false,0
37.023,2,3,8,false,0
37.023,2,3,9,false,0
37.0661,0,1,2,false,0
37.0661,0,1,6,false,0
37.0661,0,1,7,false,0
37.0661,2,1,2,false,0
37.0661,2,1,6,false,0
37.0661,2,1,7,false,0
37.0661,11,1,2,false,0
37.0661,11,1,6,false,0
37.0661,11,1,7,false,0
37.2579,12,13,0,false,0
37.2579,12,13,1,false,0
37.2579,12,13,2,false,0
37.2579,12,13,5,false,0
37.4243,100,4294967295,1,false,0
37.9789,100,4294967295,2,false,0
38.4004,100,4294967295,3,false,0
38.4102,53,54,0,false,0
38.4102,53,54,1,false,0
38.4102,53,54,3,false,0
38.4102,53,54,4,false,0
38.4102,53,54,5,false,0
38.4102,53,54,6,false,0
38.4102,53,54,7,false,0
38.4102,53,54,8,false,0
38.4102,64,54,0,false,0
38.4102,64,54,1,false,0
38.4102,64,54,4,false,0
38.77,32,33,1,false,0
38.77,32,33,3,false,0
38.77,32,33,8,false,0
38.7821,13,23,3,false,0
38.7821,13,23,6,false,0
38.7821,13,23,8,false,0
38.7821,33,23,6,false,0
38.7841,100,4294967295,4,false,0
39.1354,93,94,0,false,0
39.1354,93,94,1,false,0
39.1354,93,94,7,false,0
39.1354,93,94,8,false,0
39.1354,93,94,9,false,0
39.1363,0,1,2,false,0
39.1363,0,1,6,false,0
39.1363,0,1,7,false,0
39.1363,2,1,2,false,0
39.1363,2,1,6,false,0
39.1363,2,1,7,false,0
39.1666,100,4294967295,5,false,0
39.2097,83,93,2,false,0
39.2097,83,93,3,false,0
39.2097,83,93,4,false,0
39.2097,83,93,5,false,0
39.2097,92,93,2,false,0
39.2097,92,93,3,false,0
39.2097,92,93,4,false,0
39.2097,92,93,5,false,0
39.296,74,84,2,false,0
39.296,74,84,3,false,0
39.296,83,84,1,false,0
39.296,83,84,2,false,0
39.296,83,84,3,false,0
39.296,83,84,4,false,0
39.296,83,84,5,false,0
39.296,83,84,8,false,0
39.296,83,84,9,false,0
39.4486,100,4294967295,6,false,0
39.596,2,3,0,false,0
39.596,2,3,1,false,0
39.596,2,3,2,false,0
39.596,2,3,3,false,0
39.596,2,3,4,false,0
39.596,2,3,6,false,0
39.596,2,3,7,false,0
39.596,2,3,8,false,0
39.596,2,3,9,false,0
39.596,13,3,3,false,0
39.596,13,3,4,false,0
39.596,13,3,6,false,0
39.596,13,3,7,false,0
39.596,13,3,8,false,0
39.596,13,3,9,false,0
39.6897,64,74,0,false,0
39.6897,64,74,1,false,0
39.6897,64,74,4,false,0
39.6897,73,74,0,false,0
39.6897,73,74,1,false,0
39.6897,73,74,4,false,0
39.6897,73,74,5,false,0
39.6897,73,74,8,false,0
39.6897,73,74,9,false,0
39.6897,84,74,0,false,0
39.7287,100,4294967295,7,false,0
39.9268,100,4294967295,8,false,0
39.9663,100,4294967295,9,false,0
40.0029,100,4294967295,0,false,0
40.1792,3,13,5,false,0
40.1792,12,13,0,false,0
40.1792,12,13,1,false,0
40.1792,12,13,2,false,0
40.1792,12,13,5,false,0
40.1792,23,13,0,false,0
40.1792,23,13,1,false,0
40.1792,23,13,2,false,0
40.1792,23,13,5,false,0
40.5882,100,4294967295,1,false,0
40.9415,23,33,1,false,0
40.9415,43,33,1,false,0
40.9415,43,33,3,false,0
40.9415,43,33,8,false,0
41.1428,100,4294967295,2,false,0
41.283,83,93,2,false,0
41.283,83,93,3,false,0
41.283,83,93,4,false,0
41.283,83,93,5,false,0
41.283,92,93,2,false,0
41.283,92,93,3,false,0
41.283,92,93,4,false,0
41.283,92,93,5,false,0
41.3439,13,23,3,false,0
41.3439,13,23,6,false,0
41.3439,13,23,8,false,0
41.3439,33,23,6,false,0
41.4418,93,94,0,false,0
41.4418,93,94,1,false,0
41.4418,93,94,7,false,0
41.4418,93,94,8,false,0
41.4418,93,94,9,false,0
41.5643,100,4294967295,3,false,0
41.6656,0,1,2,false,0
41.6656,0,1,6,false,0
41.6656,0,1,7,false,0
41.8187,2,3,0,false,0
41.8187,2,3,1,false,0
41.8187,2,3,2,false,0
41.8187,2,3,3,false,0
41.8187,2,3,4,false,0
41.8187,2,3,6,false,0
41.8187,2,3,7,false,0
41.8187,2,3,8,false,0
41.8187,2,3,9,false,0
41.946,74,84,2,false,0
41.946,74,84,3,false,0
41.946,83,84,1,false,0
41.946,83,84,2,false,0
41.946,83,84,3,false,0
41.946,83,84,4,false,0
41.946,83,84,5,false,0
41.946,83,84,8,false,0
41.946,83,84,9,false,0
41.948,100,4294967295,4,false,0
42.1062,73,74,0,false,0
42.1062,73,74,1,false,0
42.1062,73,74,4,false,0
42.1062,73,74,5,false,0
42.1062,73,74,8,false,0
42.1062,73,74,9,false,0
42.1062,84,74,0,false,0
42.1663,54,64,9,false,0
42.1663,63,64,2,false,0
42.1663,63,64,3,false,0
42.1663,63,64,6,false,0
42.1663,63,64,7,false,0
42.1663,63,64,8,false,0
42.1663,63,64,9,false,0
42.1663,74,64,2,false,0
42.1663,74,64,3,false,0
42.1663,74,64,6,false,0
42.1663,74,64,7,false,0
42.3305,100,4294967295,5,false,0
42.5743,3,13,5,false,0
42.5743,12,13,0,false,0
42.5743,12,13,1,false,0
42.5743,12,13,2,false,0
42.5743,12,13,5,false,0
42.5743,23,13,0,false,0
42.5743,23,13,1,false,0
42.5743,23,13,2,false,0
42.5743,23,13,5,false,0
42.6125,100,4294967295,6,false,0
42.8926,100,4294967295,7,false,0
43.0907,100,4294967295,8,false,0
43.1302,100,4294967295,9,false,0
43.1668,100,4294967295,0,false,0
43.4761,93,94,0,false,0
43.4761,93,94,1,false,0
43.4761,93,94,7,false,0
43.4761,93,94,8,false,0
43.4761,93,94,9,false,0
43.4867,83,93,2,false,0
43.4867,83,93,3,false,0
43.4867,83,93,4,false,0
43.4867,83,93,5,false,0
43.4867,92,93,2,false,0
43.4867,92,93,3,false,0
43.4867,92,93,4,false,0
43.4867,92,93,5,false,0
43.7521,100,4294967295,1,false,0
43.7602,13,23,3,false,0
43.7602,13,23,6,false,0
43.7602,13,23,8,false,0
43.7602,22,23,3,false,0
43.7602,22,23,6,false,0
43.7602,22,23,8,false,0
43.7602,33,23,6,false,0
43.7723,53,54,0,false,0
43.7723,53,54,1,false,0
43.7723,53,54,3,false,0
43.7723,53,54,4,false,0
43.7723,53,54,5,false,0
43.7723,53,54,6,false,0
43.7723,53,54,7,false,0
43.7723,53,54,8,false,0
43.7723,64,54,0,false,0
43.7723,64,54,1,false,0
43.7723,64,54,4,false,0
43.8044,23,33,1,false,0
43.8044,32,33,1,false,0
43.8044,32,33,3,false,0
43.8044,32,33,8,false,0
43.8165,0,1,2,false,0
43.8165,0,1,6,false,0
43.8165,0,1,7,false,0
43.8165,2,1,2,false,0
43.8165,2,1,6,false,0
43.8165,2,1,7,false,0
44.0241,2,3,0,false,0
44.0241,2,3,1,false,0
44.0241,2,3,2,false,0
44.0241,2,3,3,false,0
44.0241,2,3,4,false,0
44.0241,2,3,6,false,0
44.0241,2,3,7,false,0
44.0241,2,3,8,false,0
44.0241,2,3,9,false,0
44.0241,13,3,3,false,0
44.0241,13,3,4,false,0
44.0241,13,3,6,false,0
44.0241,13,3,7,false,0
44.0241,13,3,8,false,0
44.0241,13,3,9,false,0
44.0468,74,84,2,false,0
44.0468,74,84,3,false,0
44.0468,83,84,1,false,0
44.0468,83,84,2,false,0
44.0468,83,84,3,false,0
44.0468,83,84,4,false,0
44.0468,83,84,5,false,0
44.0468,83,84,8,false,0
44.0468,83,84,9,false,0
44.3067,100,4294967295,2,false,0
44.407,73,74,0,false,0
44.407,73,74,1,false,0
44.407,73,74,4,false,0
44.407,73,74,5,false,0
44.407,73,74,8,false,0
44.407,73,74,9,false,0
44.407,84,74,0,false,0
44.7282,100,4294967295,3,false,0
45.0453,3,13,5,false,0
45.0453,12,13,0,false,0
45.0453,12,13,1,false,0
45.0453,12,13,2,false,0
45.0453,12,13,5,false,0
45.1119,100,4294967295,4,false,0
45.4944,100,4294967295,5,false,0
45.7613,84,94,0,false,0
45.7613,84,94,7,false,0
45.7764,100,4294967295,6,false,0
45.8202,83,93,2,false,0
45.8202,83,93,3,false,0
45.8202,83,93,4,false,0
45.8202,83,93,5,false,0
45.8202,92,93,2,false,0
45.8202,92,93,3,false,0
45.8202,92,93,4,false,0
45.8202,92,93,5,false,0
45.8258,23,33,1,false,0
45.8258,43,33,1,false,0
45.8258,43,33,3,false,0
45.8258,43,33,8,false,0
45.8608,53,54,0,false,0
45.8608,53,54,1,false,0
45.8608,53,54,3,false,0
45.8608,53,54,4,false,0
45.8608,53,54,5,false,0
45.8608,53,54,6,false,0
45.8608,53,54,7,false,0
45.8608,53,54,8,false,0
46.0565,100,4294967295,7,false,0
46.1619,11,1,2,false,0
46.1619,11,1,6,false,0
46.1619,11,1,7,false,0
46.2546,100,4294967295,8,false,0
46.2941,100,4294967295,9,false,0
46.3308,100,4294967295,0,false,0
46.38,13,23,3,false,0
46.38,13,23,6,false,0
46.38,13,23,8,false,0
46.38,33,23,6,false,0
46.3912,2,3,0,false,0
46.3912,2,3,1,false,0
46.3912,2,3,2,false,0
46.3912,2,3,3,false,0
46.3912,2,3,4,false,0
46.3912,2,3,6,false,0
46.3912,2,3,7,false,0
46.3912,2,3,8,false,0
46.3912,2,3,9,false,0
46.3912,13,3,3,false,0
46.3912,13,3,4,false,0
46.3912,13,3,6,false,0
46.3912,13,3,7,false,0
46.3912,13,3,8,false,0
46.3912,13,3,9,false,0
46.784,73,74,0,false,0
46.784,73,74,1,false,0
46.784,73,74,4,false,0
46.784,73,74,5,false,0
46.784,73,74,8,false,0
46.784,73,74,9,false,0
46.784,84,74,0,false,0
46.916,100,4294967295,1,false,0
47.2943,12,13,0,false,0
47.2943,12,13,1,false,0
47.2943,12,13,2,false,0
47.2943,12,13,5,false,0
47.2943,23,13,0,false,0
47.2943,23,13,1,false,0
47.2943,23,13,2,false,0
47.2943,23,13,5,false,0
47.3241,54,64,9,false,0
47.3241,63,64,2,false,0
47.3241,63,64,3,false,0
47.3241,63,64,6,false,0
47.3241,63,64,7,false,0
47.3241,63,64,8,false,0
47.3241,63,64,9,false,0
47.4706,100,4294967295,2,false,0
47.8921,100,4294967295,3,false,0
48.1061,83,93,2,false,0
48.1061,83,93,3,false,0
48.1061,83,93,4,false,0
48.1061,83,93,5,false,0
48.1061,92,93,2,false,0
48.1061,92,93,3,false,0
48.1061,92,93,4,false,0
48.1061,92,93,5,false,0
48.1759,84,94,0,false,0
48.1759,84,94,7,false,0
48.1759,93,94,0,false,0
48.1759,93,94,1,false,0
48.1759,93,94,7,false,0
48.1759,93,94,8,false,0
48.1759,93,94,9,false,0
48.2758,100,4294967295,4,false,0
48.2889,23,33,1,false,0
48.2889,32,33,1,false,0
48.2889,32,33,3,false,0
48.2889,32,33,8,false,0
48.2889,43,33,1,false,0
48.2889,43,33,3,false,0
48.2889,43,33,8,false,0
48.3847,74,84,2,false,0
48.3847,74,84,3,false,0
48.6583,100,4294967295,5,false,0
48.9404,100,4294967295,6,false,0
48.9498,0,1,2,false,0
48.9498,0,1,6,false,0
48.9498,0,1,7,false,0
48.9498,2,1,2,false,0
48.9498,2,1,6,false,0
48.9498,2,1,7,false,0
49.0138,84,74,0,false,0
49.1108,13,23,3,false,0
49.1108,13,23,6,false,0
49.1108,13,23,8,false,0
49.1108,22,23,3,false,0
49.1108,22,23,6,false,0
49.1108,22,23,8,false,0
49.2204,100,4294967295,7,false,0
49.3892,2,3,0,false,0
49.3892,2,3,1,false,0
49.3892,2,3,2,false,0
49.3892,2,3,3,false,0
49.3892,2,3,4,false,0
49.3892,2,3,6,false,0
49.3892,2,3,7,false,0
49.3892,2,3,8,false,0
49.3892,2,3,9,false,0
49.4185,100,4294967295,8,false,0
49.458,100,4294967295,9,false,0
49.4947,100,4294967295,0,false,0
50.0566,23,13,0,false,0
50.0566,23,13,1,false,0
50.0566,23,13,2,false,0
50.0566,23,13,5,false,0
50.0799,100,4294967295,1,false,0
50.554,64,54,0,false,0
50.554,64,54,1,false,0
50.554,64,54,4,false,0
50.5585,32,33,1,false,0
50.5585,32,33,3,false,0
50.5585,32,33,8,false,0
50.5585,43,33,1,false,0
50.5585,43,33,3,false,0
50.5585,43,33,8,false,0
50.6345,100,4294967295,2,false,0
50.7193,83,93,2,false,0
50.7193,83,93,3,false,0
50.7193,83,93,4,false,0
50.7193,83,93,5,false,0
50.7193,92,93,2,false,0
50.7193,92,93,3,false,0
50.7193,92,93,4,false,0
50.7193,92,93,5,false,0
50.8994,84,94,0,false,0
50.8994,84,94,7,false,0
51.056,100,4294967295,3,false,0
51.1145,83,84,1,false,0
51.1145,83,84,2,false,0
51.1145,83,84,3,false,0
51.1145,83,84,4,false,0
51.1145,83,84,5,false,0
51.1145,83,84,8,false,0
51.1145,83,84,9,false,0
51.1708,13,23,3,false,0
51.1708,13,23,6,false,0
51.1708,13,23,8,false,0
51.1708,22,23,3,false,0
51.1708,22,23,6,false,0
51.1708,22,23,8,false,0
51.4397,100,4294967295,4,false,0
51.8174,2,1,2,false,0
51.8174,2,1,6,false,0
51.8174,2,1,7,false,0
51.8174,11,1,2,false,0
51.8174,11,1,6,false,0
51.8174,11,1,7,false,0
51.8222,100,4294967295,5,false,0
51.8712,64,74,0,false,0
51.8712,64,74,1,false,0
51.8712,64,74,4,false,0
51.8712,73,74,0,false,0
51.8712,73,74,1,false,0
51.8712,73,74,4,false,0
51.8712,73,74,5,false,0
51.8712,73,74,8,false,0
51.8712,73,74,9,false,0
51.8712,84,74,0,false,0
52.1043,100,4294967295,6,false,0
52.1702,54,64,9,false,0
52.1702,74,64,2,false,0
52.1702,74,64,3,false,0
52.1702,74,64,6,false,0
52.1702,74,64,7,false,0
52.3148,3,13,5,false,0
52.3148,12,13,0,false,0
52.3148,12,13,1,false,0
52.3148,12,13,2,false,0
52.3148,12,13,5,false,0
52.3148,23,13,0,false,0
52.3148,23,13,1,false,0
52.3148,23,13,2,false,0
52.3148,23,13,5,false,0
52.3683,2,3,0,false,0
52.3683,2,3,1,false,0
52.3683,2,3,2,false,0
52.3683,2,3,3,false,0
52.3683,2,3,4,false,0
52.3683,2,3,6,false,0
52.3683,2,3,7,false,0
52.3683,2,3,8,false,0
52.3683,2,3,9,false,0
52.3683,13,3,3,false,0
52.3683,13,3,4,false,0
52.3683,13,3,6,false,0
52.3683,13,3,7,false,0
52.3683,13,3,8,false,0
52.3683,13,3,9,false,0
52.3843,100,4294967295,7,false,0
52.5824,100,4294967295,8,false,0
52.622,100,4294967295,9,false,0
52.6586,100,4294967295,0,false,0
53.0206,84,94,0,false,0
53.0206,84,94,7,false,0
53.0206,93,94,0,false,0
53.0206,93,94,1,false,0
53.0206,93,94,7,false,0
53.0206,93,94,8,false,0
53.0206,93,94,9,false,0
53.1209,53,54,0,false,0
53.1209,53,54,1,false,0
53.1209,53,54,3,false,0
53.1209,53,54,4,false,0
53.1209,53,54,5,false,0
53.1209,53,54,6,false,0
53.1209,53,54,7,false,0
53.1209,53,54,8,false,0
53.2438,100,4294967295,1,false,0
53.4315,74,84,2,false,0
53.4315,74,84,3,false,0
53.4315,83,84,1,false,0
53.4315,83,84,2,false,0
53.4315,83,84,3,false,0
53.4315,83,84,4,false,0
53.4315,83,84,5,false,0
53.4315,83,84,8,false,0
53.4315,83,84,9,false,0
53.501,92,93,2,false,0
53.501,92,93,3,false,0
53.501,92,93,4,false,0
53.501,92,93,5,false,0
53.7984,100,4294967295,2,false,0
54.0068,64,74,0,false,0
54.0068,64,74,1,false,0
54.0068,64,74,4,false,0
54.0068,73,74,0,false,0
54.0068,73,74,1,false,0
54.0068,73,74,4,false,0
54.0068,73,74,5,false,0
54.0068,73,74,8,false,0
54.0068,73,74,9,false,0
54.0068,84,74,0,false,0
54.0614,13,23,3,false,0
54.0614,13,23,6,false,0
54.0614,13,23,8,false,0
54.0614,22,23,3,false,0
54.0614,22,23,6,false,0
54.0614,22,23,8,false,0
54.0614,33,23,6,false,0
54.2199,100,4294967295,3,false,0
54.3564,11,1,2,false,0
54.3564,11,1,6,false,0
54.3564,11,1,7,false,0
54.4956,2,3,0,false,0
54.4956,2,3,1,false,0
54.4956,2,3,2,false,0
54.4956,2,3,3,false,0
54.4956,2,3,4,false,0
54.4956,2,3,6,false,0
54.4956,2,3,7,false,0
54.4956,2,3,8,false,0
54.4956,2,3,9,false,0
54.4956,13,3,3,false,0
54.4956,13,3,4,false,0
54.4956,13,3,6,false,0
54.4956,13,3,7,false,0
54.4956,13,3,8,false,0
54.4956,13,3,9,false,0
54.6036,100,4294967295,4,false,0
54.8321,63,64,2,false,0
54.8321,63,64,3,false,0
54.8321,63,64,6,false,0
54.8321,63,64,7,false,0
54.8321,63,64,8,false,0
54.8321,63,64,9,false,0
54.9861,100,4294967295,5,false,0
55.2682,100,4294967295,6,false,0
55.2699,12,13,0,false,0
55.2699,12,13,1,false,0
55.2699,12,13,2,false,0
55.2699,12,13,5,false,0
55.2699,23,13,0,false,0
55.2699,23,13,1,false,0
55.2699,23,13,2,false,0
55.2699,23,13,5,false,0
55.5482,100,4294967295,7,false,0
55.6472,84,94,0,false,0
55.6472,84,94,7,false,0
55.6472,93,94,0,false,0
55.6472,93,94,1,false,0
55.6472,93,94,7,false,0
55.6472,93,94,8,false,0
55.6472,93,94,9,false,0
55.7463,100,4294967295,8,false,0
55.7859,100,4294967295,9,false,0
55.8225,100,4294967295,0,false,0
55.9785,23,33,1,false,0
55.9785,43,33,1,false,0
55.9785,43,33,3,false,0
55.9785,43,33,8,false,0
56.0628,83,93,2,false,0
56.0628,83,93,3,false,0
56.0628,83,93,4,false,0
56.0628,83,93,5,false,0
56.0794,64,54,0,false,0
56.0794,64,54,1,false,0
56.0794,64,54,4,false,0
56.184,64,74,0,false,0
56.184,64,74,1,false,0
56.184,64,74,4,false,0
56.184,73,74,0,false,0
56.184,73,74,1,false,0
56.184,73,74,4,false,0
56.184,73,74,5,false,0
56.184,73,74,8,false,0
56.184,73,74,9,false,0
56.2485,83,84,1,false,0
56.2485,83,84,2,false,0
56.2485,83,84,3,false,0
56.2485,83,84,4,false,0
56.2485,83,84,5,false,0
56.2485,83,84,8,false,0
56.2485,83,84,9,false,0
56.2952,22,23,3,false,0
56.2952,22,23,6,false,0
56.2952,22,23,8,false,0
56.2952,33,23,6,false,0
56.4077,100,4294967295,1,false,0
56.5116,0,1,2,false,0
56.5116,0,1,6,false,0
56.5116,0,1,7,false,0
56.5116,11,1,2,false,0
56.5116,11,1,6,false,0
56.5116,11,1,7,false,0
56.9623,100,4294967295,2,false,0
57.0152,54,64,9,false,0
57.0152,63,64,2,false,0
57.0152,63,64,3,false,0
57.0152,63,64,6,false,0
57.0152,63,64,7,false,0
57.0152,63,64,8,false,0
57.0152,63,64,9,false,0
57.0152,74,64,2,false,0
57.0152,74,64,3,false,0
57.0152,74,64,6,false,0
57.0152,74,64,7,false,0
57.3838,100,4294967295,3,false,0
57.5314,3,13,5,false,0
57.5314,23,13,0,false,0
57.5314,23,13,1,false,0
57.5314,23,13,2,false,0
57.5314,23,13,5,false,0
57.7675,100,4294967295,4,false,0
58.131,84,94,0,false,0
58.131,84,94,7,false,0
58.131,93,94,0,false,0
58.131,93,94,1,false,0
58.131,93,94,7,false,0
58.131,93,94,8,false,0
58.131,93,94,9,false,0
58.15,100,4294967295,5,false,0
58.2282,83,93,2,false,0
58.2282,83,93,3,false,0
58.2282,83,93,4,false,0
58.2282,83,93,5,false,0
58.4321,100,4294967295,6,false,0
58.6346,74,84,2,false,0
58.6346,74,84,3,false,0
58.7121,100,4294967295,7,false,0
58.7562,53,54,0,false,0
58.7562,53,54,1,false,0
58.7562,53,54,3,false,0
58.7562,53,54,4,false,0
58.7562,53,54,5,false,0
58.7562,53,54,6,false,0
58.7562,53,54,7,false,0
58.7562,53,54,8,false,0
58.788,13,23,3,false,0
58.788,13,23,6,false,0
58.788,13,23,8,false,0
58.788,22,23,3,false,0
58.788,22,23,6,false,0
58.788,22,23,8,false,0
58.8029,23,33,1,false,0
58.8029,43,33,1,false,0
58.8029,43,33,3,false,0
58.8029,43,33,8,false,0
58.8917,2,1,2,false,0
58.8917,2,1,6,false,0
58.8917,2,1,7,false,0
58.8917,11,1,2,false,0
58.8917,11,1,6,false,0
58.8917,11,1,7,false,0
58.9102,100,4294967295,8,false,0
58.9498,100,4294967295,9,false,0
58.9864,100,4294967295,0,false,0
59.05,73,74,0,false,0
59.05,73,74,1,false,0
59.05,73,74,4,false,0
59.05,73,74,5,false,0
59.05,73,74,8,false,0
59.05,73,74,9,false,0
59.05,84,74,0,false,0
59.5716,100,4294967295,1,false,0
59.7276,63,64,2,false,0
59.7276,63,64,3,false,0
59.7276,63,64,6,false,0
59.7276,63,64,7,false,0
59.7276,63,64,8,false,0
59.7276,63,64,9,false,0
59.7276,74,64,2,false,0
59.7276,74,64,3,false,0
59.7276,74,64,6,false,0
59.7276,74,64,7,false,0
59.9534,3,13,5,false,0
59.9534,23,13,0,false,0
59.9534,23,13,1,false,0
59.9534,23,13,2,false,0
59.9534,23,13,5,false,0
60.0113,13,3,3,false,0
60.0113,13,3,4,false,0
60.0113,13,3,6,false,0
60.0113,13,3,7,false,0
60.0113,13,3,8,false,0
60.0113,13,3,9,false,0
60.1262,100,4294967295,2,false,0
60.5118,92,93,2,false,0
60.5118,92,93,3,false,0
60.5118,92,93,4,false,0
60.5118,92,93,5,false,0
60.5477,100,4294967295,3,false,0
60.9119,93,94,0,false,0
60.9119,93,94,1,false,0
60.9119,93,94,7,false,0
60.9119,93,94,8,false,0
60.9119,93,94,9,false,0
60.9314,100,4294967295,4,false,0
60.9652,0,1,2,false,0
60.9652,0,1,6,false,0
60.9652,0,1,7,false,0
60.9652,11,1,2,false,0
60.9652,11,1,6,false,0
60.9652,11,1,7,false,0
61.2014,23,33,1,false,0
61.2014,32,33,1,false,0
61.2014,32,33,3,false,0
61.2014,32,33,8,false,0
61.2014,43,33,1,false,0
61.2014,43,33,3,false,0
61.2014,43,33,8,false,0
61.314,100,4294967295,5,false,0
61.4935,83,84,1,false,0
61.4935,83,84,2,false,0
61.4935,83,84,3,false,0
61.4935,83,84,4,false,0
61.4935,83,84,5,false,0
61.4935,83,84,8,false,0
61.4935,83,84,9,false,0
61.5193,13,23,3,false,0
61.5193,13,23,6,false,0
61.5193,13,23,8,false,0
61.5193,33,23,6,false,0
61.596,100,4294967295,6,false,0
61.787,63,64,2,false,0
61.787,63,64,3,false,0
61.787,63,64,6,false,0
61.787,63,64,7,false,0
61.787,63,64,8,false,0
61.787,63,64,9,false,0
61.787,74,64,2,false,0
61.787,74,64,3,false,0
61.787,74,64,6,false,0
61.787,74,64,7,false,0
61.7949,73,74,0,false,0
61.7949,73,74,1,false,0
61.7949,73,74,4,false,0
61.7949,73,74,5,false,0
61.7949,73,74,8,false,0
61.7949,73,74,9,false,0
61.7949,84,74,0,false,0
61.876,100,4294967295,7,false,0
62.0741,100,4294967295,8,false,0
62.1075,3,13,5,false,0
62.1075,12,13,0,false,0
62.1075,12,13,1,false,0
62.1075,12,13,2,false,0
62.1075,12,13,5,false,0
62.1075,23,13,0,false,0
62.1075,23,13,1,false,0
62.1075,23,13,2,false,0
62.1075,23,13,5,false,0
62.1137,100,4294967295,9,false,0
62.1503,100,4294967295,0,false,0
62.7355,100,4294967295,1,false,0
63.0009,2,3,0,false,0
63.0009,2,3,1,false,0
63.0009,2,3,2,false,0
63.0009,2,3,3,false,0
63.0009,2,3,4,false,0
63.0009,2,3,6,false,0
63.0009,2,3,7,false,0
63.0009,2,3,8,false,0
63.0009,2,3,9,false,0
63.0009,13,3,3,false,0
63.0009,13,3,4,false,0
63.0009,13,3,6,false,0
63.0009,13,3,7,false,0
63.0009,13,3,8,false,0
63.0009,13,3,9,false,0
63.1791,83,93,2,false,0
63.1791,83,93,3,false,0
63.1791,83,93,4,false,0
63.1791,83,93,5,false,0
63.1791,92,93,2,false,0
63.1791,92,93,3,false,0
63.1791,92,93,4,false,0
63.1791,92,93,5,false,0
63.2901,100,4294967295,2,false,0
63.4461,84,94,0,false,0
63.4461,84,94,7,false,0
63.4461,93,94,0,false,0
63.4461,93,94,1,false,0
63.4461,93,94,7,false,0
63.4461,93,94,8,false,0
63.4461,93,94,9,false,0
63.5717,2,1,2,false,0
63.5717,2,1,6,false,0
63.5717,2,1,7,false,0
63.5717,11,1,2,false,0
63.5717,11,1,6,false,0
63.5717,11,1,7,false,0
63.5947,13,23,3,false,0
63.5947,13,23,6,false,0
63.5947,13,23,8,false,0
63.7116,100,4294967295,3,false,0
63.8972,54,64,9,false,0
63.8972,63,64,2,false,0
63.8972,63,64,3,false,0
63.8972,63,64,6,false,0
63.8972,63,64,7,false,0
63.8972,63,64,8,false,0
63.8972,63,64,9,false,0
63.9113,74,84,2,false,0
63.9113,74,84,3,false,0
63.9113,83,84,1,false,0
63.9113,83,84,2,false,0
63.9113,83,84,3,false,0
63.9113,83,84,4,false,0
63.9113,83,84,5,false,0
63.9113,83,84,8,false,0
63.9113,83,84,9,false,0
64.0237,23,33,1,false,0
64.0953,100,4294967295,4,false,0
64.2145,3,13,5,false,0
64.2145,12,13,0,false,0
64.2145,12,13,1,false,0
64.2145,12,13,2,false,0
64.2145,12,13,5,false,0
64.2145,23,13,0,false,0
64.2145,23,13,1,false,0
64.2145,23,13,2,false,0
64.2145,23,13,5,false,0
64.3035,53,54,0,false,0
64.3035,53,54,1,false,0
64.3035,53,54,3,false,0
64.3035,53,54,4,false,0
64.3035,53,54,5,false,0
64.3035,53,54,6,false,0
64.3035,53,54,7,false,0
64.3035,53,54,8,false,0
64.3035,64,54,0,false,0
64.3035,64,54,1,false,0
64.3035,64,54,4,false,0
64.4647,73,74,0,false,0
64.4647,73,74,1,false,0
64.4647,73,74,4,false,0
64.4647,73,74,5,false,0
64.4647,73,74,8,false,0
64.4647,73,74,9,false,0
64.4779,100,4294967295,5,false,0
64.7599,100,4294967295,6,false,0
65.0399,100,4294967295,7,false,0
65.238,100,4294967295,8,false,0
65.2776,100,4294967295,9,false,0
65.3142,100,4294967295,0,false,0
65.4682,2,3,0,false,0
65.4682,2,3,1,false,0
65.4682,2,3,2,false,0
65.4682,2,3,3,false,0
65.4682,2,3,4,false,0
65.4682,2,3,6,false,0
65.4682,2,3,7,false,0
65.4682,2,3,8,false,0
65.4682,2,3,9,false,0
65.4682,13,3,3,false,0
65.4682,13,3,4,false,0
65.4682,13,3,6,false,0
65.4682,13,3,7,false,0
65.4682,13,3,8,false,0
65.4682,13,3,9,false,0
65.8994,100,4294967295,1,false,0
65.9421,54,64,9,false,0
65.9421,63,64,2,false,0
65.9421,63,64,3,false,0
65.9421,63,64,6,false,0
65.9421,63,64,7,false,0
65.9421,63,64,8,false,0
65.9421,63,64,9,false,0
65.9421,74,64,2,false,0
65.9421,74,64,3,false,0
65.9421,74,64,6,false,0
65.9421,74,64,7,false,0
65.9604,83,93,2,false,0
65.9604,83,93,3,false,0
65.9604,83,93,4,false,0
65.9604,83,93,5,false,0
65.9604,92,93,2,false,0
65.9604,92,93,3,false,0
65.9604,92,93,4,false,0
65.9604,92,93,5,false,0
66.0024,84,94,0,false,0
66.0024,84,94,7,false,0
66.0024,93,94,0,false,0
66.0024,93,94,1,false,0
66.0024,93,94,7,false,0
66.0024,93,94,8,false,0
66.0024,93,94,9,false,0
66.1276,74,84,2,false,0
66.1276,74,84,3,false,0
66.2608,13,23,3,false,0
66.2608,13,23,6,false,0
66.2608,13,23,8,false,0
66.2608,22,23,3,false,0
66.2608,22,23,6,false,0
66.2608,22,23,8,false,0
66.2608,33,23,6,false,0
66.3911,0,1,2,false,0
66.3911,0,1,6,false,0
66.3911,0,1,7,false,0
66.3911,2,1,2,false,0
66.3911,2,1,6,false,0
66.3911,2,1,7,false,0
66.3911,11,1,2,false,0
66.3911,11,1,6,false,0
66.3911,11,1,7,false,0
66.454,100,4294967295,2,false,0
66.6351,53,54,0,false,0
66.6351,53,54,1,false,0
66.6351,53,54,3,false,0
66.6351,53,54,4,false,0
66.6351,53,54,5,false,0
66.6351,53,54,6,false,0
66.6351,53,54,7,false,0
66.6351,53,54,8,false,0
66.6351,64,54,0,false,0
66.6351,64,54,1,false,0
66.6351,64,54,4,false,0
66.669,12,13,0,false,0
66.669,12,13,1,false,0
66.669,12,13,2,false,0
66.669,12,13,5,false,0
66.669,23,13,0,false,0
66.669,23,13,1,false,0
66.669,23,13,2,false,0
66.669,23,13,5,false,0
66.8756,100,4294967295,3,false,0
67.2592,100,4294967295,4,false,0
67.4504,64,74,0,false,0
67.4504,64,74,1,false,0
67.4504,64,74,4,false,0
67.4504,73,74,0,false,0
67.4504,73,74,1,false,0
67.4504,73,74,4,false,0
67.4504,73,74,5,false,0
67.4504,73,74,8,false,0
67.4504,73,74,9,false,0
67.5173,2,3,0,false,0
67.5173,2,3,1,false,0
67.5173,2,3,2,false,0
67.5173,2,3,3,false,0
67.5173,2,3,4,false,0
67.5173,2,3,6,false,0
67.5173,2,3,7,false,0
67.5173,2,3,8,false,0
67.5173,2,3,9,false,0
67.6418,100,4294967295,5,false,0
67.9238,100,4294967295,6,false,0
68.2038,100,4294967295,7,false,0
68.402,100,4294967295,8,false,0
68.4041,54,64,9,false,0
68.4041,74,64,2,false,0
68.4041,74,64,3,false,0
68.4041,74,64,6,false,0
68.4041,74,64,7,false,0
68.4415,100,4294967295,9,false,0
68.4781,100,4294967295,0,false,0
68.5238,83,93,2,false,0
68.5238,83,93,3,false,0
68.5238,83,93,4,false,0
68.5238,83,93,5,false,0
68.5238,92,93,2,false,0
68.5238,92,93,3,false,0
68.5238,92,93,4,false,0
68.5238,92,93,5,false,0
68.6063,84,94,0,false,0
68.6063,84,94,7,false,0
68.8614,74,84,2,false,0
68.8614,74,84,3,false,0
69.0633,100,4294967295,1,false,0
69.0737,13,23,3,false,0
69.0737,13,23,6,false,0
69.0737,13,23,8,false,0
69.0737,33,23,6,false,0
69.1631,0,1,2,false,0
69.1631,0,1,6,false,0
69.1631,0,1,7,false,0
69.1631,2,1,2,false,0
69.1631,2,1,6,false,0
69.1631,2,1,7,false,0
69.3271,23,33,1,false,0
69.5269,53,54,0,false,0
69.5269,53,54,1,false,0
69.5269,53,54,3,false,0
69.5269,53,54,4,false,0
69.5269,53,54,5,false,0
69.5269,53,54,6,false,0
69.5269,53,54,7,false,0
69.5269,53,54,8,false,0
69.5333,73,74,0,false,0
69.5333,73,74,1,false,0
69.5333,73,74,4,false,0
69.5333,73,74,5,false,0
69.5333,73,74,8,false,0
69.5333,73,74,9,false,0
69.5333,84,74,0,false,0
69.5825,3,13,5,false,0
69.5825,12,13,0,false,0
69.5825,12,13,1,false,0
69.5825,12,13,2,false,0
69.5825,12,13,5,false,0
69.5825,23,13,0,false,0
69.5825,23,13,1,false,0
69.5825,23,13,2,false,0
69.5825,23,13,5,false,0
69.618,100,4294967295,2,false,0
70.0395,100,4294967295,3,false,0
70.4231,100,4294967295,4,false,0
70.4625,2,3,0,false,0
70.4625,2,3,1,false,0
70.4625,2,3,2,false,0
70.4625,2,3,3,false,0
70.4625,2,3,4,false,0
70.4625,2,3,6,false,0
70.4625,2,3,7,false,0
70.4625,2,3,8,false,0
70.4625,2,3,9,false,0
70.4625,13,3,3,false,0
70.4625,13,3,4,false,0
70.4625,13,3,6,false,0
70.4625,13,3,7,false,0
70.4625,13,3,8,false,0
70.4625,13,3,9,false,0
70.7819,84,94,0,false,0
70.7819,84,94,7,false,0
70.8057,100,4294967295,5,false,0
70.8929,63,64,2,false,0
70.8929,63,64,3,false,0
70.8929,63,64,6,false,0
70.8929,63,64,7,false,0
70.8929,63,64,8,false,0
70.8929,63,64,9,false,0
70.8929,74,64,2,false,0
70.8929,74,64,3,false,0
70.8929,74,64,6,false,0
70.8929,74,64,7,false,0
71.0877,100,4294967295,6,false,0
71.228,83,93,2,false,0
71.228,83,93,3,false,0
71.228,83,93,4,false,0
71.228,83,93,5,false,0
71.228,92,93,2,false,0
71.228,92,93,3,false,0
71.228,92,93,4,false,0
71.228,92,93,5,false,0
71.3228,0,1,2,false,0
71.3228,0,1,6,false,0
71.3228,0,1,7,false,0
71.3228,2,1,2,false,0
71.3228,2,1,6,false,0
71.3228,2,1,7,false,0
71.3228,11,1,2,false,0
71.3228,11,1,6,false,0
71.3228,11,1,7,false,0
71.3677,100,4294967295,7,false,0
71.5659,100,4294967295,8,false,0
71.6054,100,4294967295,9,false,0
71.642,100,4294967295,0,false,0
71.8545,74,84,2,false,0
71.8545,74,84,3,false,0
71.8545,83,84,1,false,0
71.8545,83,84,2,false,0
71.8545,83,84,3,false,0
71.8545,83,84,4,false,0
71.8545,83,84,5,false,0
71.8545,83,84,8,false,0
71.8545,83,84,9,false,0
72.0338,23,33,1,false,0
72.0338,32,33,1,false,0
72.0338,32,33,3,false,0
72.0338,32,33,8,false,0
72.0635,13,23,3,false,0
72.0635,13,23,6,false,0
72.0635,13,23,8,false,0
72.0635,22,23,3,false,0
72.0635,22,23,6,false,0
72.0635,22,23,8,false,0
72.0635,33,23,6,false,0
72.1007,3,13,5,false,0
72.1007,23,13,0,false,0
72.1007,23,13,1,false,0
72.1007,23,13,2,false,0
72.1007,23,13,5,false,0
72.2009,73,74,0,false,0
72.2009,73,74,1,false,0
72.2009,73,74,4,false,0
72.2009,73,74,5,false,0
72.2009,73,74,8,false,0
72.2009,73,74,9,false,0
72.2009,84,74,0,false,0
72.2243,64,54,0,false,0
72.2243,64,54,1,false,0
72.2243,64,54,4,false,0
72.2272,100,4294967295,1,false,0
72.5689,2,3,0,false,0
72.5689,2,3,1,false,0
72.5689,2,3,2,false,0
72.5689,2,3,3,false,0
72.5689,2,3,4,false,0
72.5689,2,3,6,false,0
72.5689,2,3,7,false,0
72.5689,2,3,8,false,0
72.5689,2,3,9,false,0
72.7819,100,4294967295,2,false,0
73.2034,100,4294967295,3,false,0
73.3674,84,94,0,false,0
73.3674,84,94,7,false,0
73.3728,0,1,2,false,0
73.3728,0,1,6,false,0
73.3728,0,1,7,false,0
73.3728,2,1,2,false,0
73.3728,2,1,6,false,0
73.3728,2,1,7,false,0
73.3728,11,1,2,false,0
73.3728,11,1,6,false,0
73.3728,11,1,7,false,0
73.587,100,4294967295,4,false,0
73.6014,92,93,2,false,0
73.6014,92,93,3,false,0
73.6014,92,93,4,false,0
73.6014,92,93,5,false,0
73.9696,100,4294967295,5,false,0
74.2056,74,84,2,false,0
74.2056,74,84,3,false,0
74.2056,83,84,1,false,0
74.2056,83,84,2,false,0
74.2056,83,84,3,false,0
74.2056,83,84,4,false,0
74.2056,83,84,5,false,0
74.2056,83,84,8,false,0
74.2056,83,84,9,false,0
74.2516,100,4294967295,6,false,0
74.3464,64,74,0,false,0
74.3464,64,74,1,false,0
74.3464,64,74,4,false,0
74.3464,73,74,0,false,0
74.3464,73,74,1,false,0
74.3464,73,74,4,false,0
74.3464,73,74,5,false,0
74.3464,73,74,8,false,0
74.3464,73,74,9,false,0
74.3464,84,74,0,false,0
74.4646,23,33,1,false,0
74.4646,32,33,1,false,0
74.4646,32,33,3,false,0
74.4646,32,33,8,false,0
74.5316,100,4294967295,7,false,0
74.5779,2,3,0,false,0
74.5779,2,3,1,false,0
74.5779,2,3,2,false,0
74.5779,2,3,3,false,0
74.5779,2,3,4,false,0
74.5779,2,3,6,false,0
74.5779,2,3,7,false,0
74.5779,2,3,8,false,0
74.5779,2,3,9,false,0
74.6096,13,23,3,false,0
74.6096,13,23,6,false,0
74.6096,13,23,8,false,0
74.6096,22,23,3,false,0
74.6096,22,23,6,false,0
74.6096,22,23,8,false,0
74.6263,3,13,5,false,0
74.6263,12,13,0,false,0
74.6263,12,13,1,false,0
74.6263,12,13,2,false,0
74.6263,12,13,5,false,0
74.6263,23,13,0,false,0
74.6263,23,13,1,false,0
74.6263,23,13,2,false,0
74.6263,23,13,5,false,0
74.7298,100,4294967295,8,false,0
74.7693,100,4294967295,9,false,0
74.8059,100,4294967295,0,false,0
74.9401,53,54,0,false,0
74.9401,53,54,1,false,0
74.9401,53,54,3,false,0
74.9401,53,54,4,false,0
74.9401,53,54,5,false,0
74.9401,53,54,6,false,0
74.9401,53,54,7,false,0
74.9401,53,54,8,false,0
74.9401,64,54,0,false,0
74.9401,64,54,1,false,0
74.9401,64,54,4,false,0
75.3911,100,4294967295,1,false,0
75.936,0,1,2,false,0
75.936,0,1,6,false,0
75.936,0,1,7,false,0
75.936,11,1,2,false,0
75.936,11,1,6,false,0
75.936,11,1,7,false,0
75.9458,100,4294967295,2,false,0
76.0459,54,64,9,false,0
76.0459,74,64,2,false,0
76.0459,74,64,3,false,0
76.0459,74,64,6,false,0
76.0459,74,64,7,false,0
76.2108,92,93,2,false,0
76.2108,92,93,3,false,0
76.2108,92,93,4,false,0
76.2108,92,93,5,false,0
76.3673,100,4294967295,3,false,0
76.6299,23,33,1,false,0
76.6798,64,74,0,false,0
76.6798,64,74,1,false,0
76.6798,64,74,4,false,0
76.6798,73,74,0,false,0
76.6798,73,74,1,false,0
76.6798,73,74,4,false,0
76.6798,73,74,5,false,0
76.6798,73,74,8,false,0
76.6798,73,74,9,false,0
76.7509,100,4294967295,4,false,0
76.8453,23,13,0,false,0
76.8453,23,13,1,false,0
76.8453,23,13,2,false,0
76.8453,23,13,5,false,0
76.8581,13,23,3,false,0
76.8581,13,23,6,false,0
76.8581,13,23,8,false,0
76.8581,22,23,3,false,0
76.8581,22,23,6,false,0
76.8581,22,23,8,false,0
76.8581,33,23,6,false,0
76.9581,74,84,2,false,0
76.9581,74,84,3,false,0
76.9581,83,84,1,false,0
76.9581,83,84,2,false,0
76.9581,83,84,3,false,0
76.9581,83,84,4,false,0
76.9581,83,84,5,false,0
76.9581,83,84,8,false,0
76.9581,83,84,9,false,0
77.1335,100,4294967295,5,false,0
77.4155,100,4294967295,6,false,0
77.481,13,3,3,false,0
77.481,13,3,4,false,0
77.481,13,3,6,false,0
77.481,13,3,7,false,0
77.481,13,3,8,false,0
77.481,13,3,9,false,0
77.6955,100,4294967295,7,false,0
77.8635,53,54,0,false,0
77.8635,53,54,1,false,0
77.8635,53,54,3,false,0
77.8635,53,54,4,false,0
77.8635,53,54,5,false,0
77.8635,53,54,6,false,0
77.8635,53,54,7,false,0
77.8635,53,54,8,false,0
77.8937,100,4294967295,8,false,0
77.9332,100,4294967295,9,false,0
77.9698,100,4294967295,0,false,0
78.1286,54,64,9,false,0
78.1286,74,64,2,false,0
78.1286,74,64,3,false,0
78.1286,74,64,6,false,0
78.1286,74,64,7,false,0
78.2239,0,1,2,false,0
78.2239,0,1,6,false,0
78.2239,0,1,7,false,0
78.2239,11,1,2,false,0
78.2239,11,1,6,false,0
78.2239,11,1,7,false,0
78.555,100,4294967295,1,false,0
78.838,93,94,0,false,0
78.838,93,94,1,false,0
78.838,93,94,7,false,0
78.838,93,94,8,false,0
78.838,93,94,9,false,0
78.946,92,93,2,false,0
78.946,92,93,3,false,0
78.946,92,93,4,false,0
78.946,92,93,5,false,0
79.004,22,23,3,false,0
79.004,22,23,6,false,0
79.004,22,23,8,false,0
79.0857,12,13,0,false,0
79.0857,12,13,1,false,0
79.0857,12,13,2,false,0
79.0857,12,13,5,false,0
79.1097,100,4294967295,2,false,0
79.2893,23,33,1,false,0
79.2893,43,33,1,false,0
79.2893,43,33,3,false,0
79.2893,43,33,8,false,0
79.434,83,84,1,false,0
79.434,83,84,2,false,0
79.434,83,84,3,false,0
79.434,83,84,4,false,0
79.434,83,84,5,false,0
79.434,83,84,8,false,0
79.434,83,84,9,false,0
79.5312,100,4294967295,3,false,0
79.6122,64,74,0,false,0
79.6122,64,74,1,false,0
79.6122,64,74,4,false,0
79.6122,84,74,0,false,0
79.6946,2,3,0,false,0
79.6946,2,3,1,false,0
79.6946,2,3,2,false,0
79.6946,2,3,3,false,0
79.6946,2,3,4,false,0
79.6946,2,3,6,false,0
79.6946,2,3,7,false,0
79.6946,2,3,8,false,0
79.6946,2,3,9,false,0
79.9148,100,4294967295,4,false,0
80.1971,54,64,9,false,0
80.1971,63,64,2,false,0
80.1971,63,64,3,false,0
80.1971,63,64,6,false,0
80.1971,63,64,7,false,0
80.1971,63,64,8,false,0
80.1971,63,64,9,false,0
80.1971,74,64,2,false,0
80.1971,74,64,3,false,0
80.1971,74,64,6,false,0
80.1971,74,64,7,false,0
80.2974,100,4294967295,5,false,0
80.3809,2,1,2,false,0
80.3809,2,1,6,false,0
80.3809,2,1,7,false,0
80.3809,11,1,2,false,0
80.3809,11,1,6,false,0
80.3809,11,1,7,false,0
80.5794,100,4294967295,6,false,0
80.841,84,94,0,false,0
80.841,84,94,7,false,0
80.841,93,94,0,false,0
80.841,93,94,1,false,0
80.841,93,94,7,false,0
80.841,93,94,8,false,0
80.841,93,94,9,false,0
80.8572,53,54,0,false,0
80.8572,53,54,1,false,0
80.8572,53,54,3,false,0
80.8572,53,54,4,false,0
80.8572,53,54,5,false,0
80.8572,53,54,6,false,0
80.8572,53,54,7,false,0
80.8572,53,54,8,false,0
80.8572,64,54,0,false,0
80.8572,64,54,1,false,0
80.8572,64,54,4,false,0
80.8594,100,4294967295,7,false,0
81.0576,100,4294967295,8,false,0
81.0971,100,4294967295,9,false,0
81.1337,100,4294967295,0,false,0
81.3242,92,93,2,false,0
81.3242,92,93,3,false,0
81.3242,92,93,4,false,0
81.3242,92,93,5,false,0
81.4064,13,23,3,false,0
81.4064,13,23,6,false,0
81.4064,13,23,8,false,0
81.4064,22,23,3,false,0
81.4064,22,23,6,false,0
81.4064,22,23,8,false,0
81.4897,23,33,1,false,0
81.7189,100,4294967295,1,false,0
81.8357,12,13,0,false,0
81.8357,12,13,1,false,0
81.8357,12,13,2,false,0
81.8357,12,13,5,false,0
81.8357,23,13,0,false,0
81.8357,23,13,1,false,0
81.8357,23,13,2,false,0
81.8357,23,13,5,false,0
81.8758,64,74,0,false,0
81.8758,64,74,1,false,0
81.8758,64,74,4,false,0
81.8758,73,74,0,false,0
81.8758,73,74,1,false,0
81.8758,73,74,4,false,0
81.8758,73,74,5,false,0
81.8758,73,74,8,false,0
81.8758,73,74,9,false,0
81.8758,84,74,0,false,0
81.8874,2,3,0,false,0
81.8874,2,3,1,false,0
81.8874,2,3,2,false,0
81.8874,2,3,3,false,0
81.8874,2,3,4,false,0
81.8874,2,3,6,false,0
81.8874,2,3,7,false,0
81.8874,2,3,8,false,0
81.8874,2,3,9,false,0
82.2736,100,4294967295,2,false,0
82.3645,54,64,9,false,0
82.3645,74,64,2,false,0
82.3645,74,64,3,false,0
82.3645,74,64,6,false,0
82.3645,74,64,7,false,0
82.393,74,84,2,false,0
82.393,74,84,3,false,0
82.393,83,84,1,false,0
82.393,83,84,2,false,0
82.393,83,84,3,false,0
82.393,83,84,4,false,0
82.393,83,84,5,false,0
82.393,83,84,8,false,0
82.393,83,84,9,false,0
82.6951,100,4294967295,3,false,0
82.9174,0,1,2,false,0
82.9174,0,1,6,false,0
82.9174,0,1,7,false,0
82.9174,2,1,2,false,0
82.9174,2,1,6,false,0
82.9174,2,1,7,false,0
82.9174,11,1,2,false,0
82.9174,11,1,6,false,0
82.9174,11,1,7,false,0
82.9938,64,54,0,false,0
82.9938,64,54,1,false,0
82.9938,64,54,4,false,0
83.0787,100,4294967295,4,false,0
83.3716,84,94,0,false,0
83.3716,84,94,7,false,0
83.3716,93,94,0,false,0
83.3716,93,94,1,false,0
83.3716,93,94,7,false,0
83.3716,93,94,8,false,0
83.3716,93,94,9,false,0
83.4613,100,4294967295,5,false,0
83.7433,100,4294967295,6,false,0
83.907,64,74,0,false,0
83.907,64,74,1,false,0
83.907,64,74,4,false,0
84.0233,100,4294967295,7,false,0
84.2215,100,4294967295,8,false,0
84.2364,13,3,3,false,0
84.2364,13,3,4,false,0
84.2364,13,3,6,false,0
84.2364,13,3,7,false,0
84.2364,13,3,8,false,0
84.2364,13,3,9,false,0
84.261,100,4294967295,9,false,0
84.2651,23,13,0,false,0
84.2651,23,13,1,false,0
84.2651,23,13,2,false,0
84.2651,23,13,5,false,0
84.2976,100,4294967295,0,false,0
84.317,13,23,3,false,0
84.317,13,23,6,false,0
84.317,13,23,8,false,0
84.317,22,23,3,false,0
84.317,22,23,6,false,0
84.317,22,23,8,false,0
84.4113,23,33,1,false,0
84.5577,54,64,9,false,0
84.5577,63,64,2,false,0
84.5577,63,64,3,false,0
84.5577,63,64,6,false,0
84.5577,63,64,7,false,0
84.5577,63,64,8,false,0
84.5577,63,64,9,false,0
84.5577,74,64,2,false,0
84.5577,74,64,3,false,0
84.5577,74,64,6,false,0
84.5577,74,64,7,false,0
84.8828,100,4294967295,1,false,0
85.1178,53,54,0,false,0
85.1178,53,54,1,false,0
85.1178,53,54,3,false,0
85.1178,53,54,4,false,0
85.1178,53,54,5,false,0
85.1178,53,54,6,false,0
85.1178,53,54,7,false,0
85.1178,53,54,8,false,0
85.252,83,84,1,false,0
85.252,83,84,2,false,0
85.252,83,84,3,false,0
85.252,83,84,4,false,0
85.252,83,84,5,false,0
85.252,83,84,8,false,0
85.252,83,84,9,false,0
85.375,2,1,2,false,0
85.375,2,1,6,false,0
85.375,2,1,7,false,0
85.4375,100,4294967295,2,false,0
85.6561,84,94,0,false,0
85.6561,84,94,7,false,0
85.859,100,4294967295,3,false,0
86.2426,100,4294967295,4,false,0
86.4969,12,13,0,false,0
86.4969,12,13,1,false,0
86.4969,12,13,2,false,0
86.4969,12,13,5,false,0
86.5879,32,33,1,false,0
86.5879,32,33,3,false,0
86.5879,32,33,8,false,0
86.5879,43,33,1,false,0
86.5879,43,33,3,false,0
86.5879,43,33,8,false,0
86.6252,100,4294967295,5,false,0
86.725,64,74,0,false,0
86.725,64,74,1,false,0
86.725,64,74,4,false,0
86.725,73,74,0,false,0
86.725,73,74,1,false,0
86.725,73,74,4,false,0
86.725,73,74,5,false,0
86.725,73,74,8,false,0
86.725,73,74,9,false,0
86.725,84,74,0,false,0
86.7462,63,64,2,false,0
86.7462,63,64,3,false,0
86.7462,63,64,6,false,0
86.7462,63,64,7,false,0
86.7462,63,64,8,false,0
86.7462,63,64,9,false,0
86.7462,74,64,2,false,0
86.7462,74,64,3,false,0
86.7462,74,64,6,false,0
86.7462,74,64,7,false,0
86.8139,83,93,2,false,0
86.8139,83,93,3,false,0
86.8139,83,93,4,false,0
86.8139,83,93,5,false,0
86.8139,92,93,2,false,0
86.8139,92,93,3,false,0
86.8139,92,93,4,false,0
86.8139,92,93,5,false,0
86.9072,100,4294967295,6,false,0
86.9967,22,23,3,false,0
86.9967,22,23,6,false,0
86.9967,22,23,8,false,0
86.9967,33,23,6,false,0
87.1778,13,3,3,false,0
87.1778,13,3,4,false,0
87.1778,13,3,6,false,0
87.1778,13,3,7,false,0
87.1778,13,3,8,false,0
87.1778,13,3,9,false,0
87.1872,100,4294967295,7,false,0
87.3854,100,4294967295,8,false,0
87.4249,100,4294967295,9,false,0
87.4615,100,4294967295,0,false,0
87.5614,74,84,2,false,0
87.5614,74,84,3,false,0
87.5614,83,84,1,false,0
87.5614,83,84,2,false,0
87.5614,83,84,3,false,0
87.5614,83,84,4,false,0
87.5614,83,84,5,false,0
87.5614,83,84,8,false,0
87.5614,83,84,9,false,0
87.7368,93,94,0,false,0
87.7368,93,94,1,false,0
87.7368,93,94,7,false,0
87.7368,93,94,8,false,0
87.7368,93,94,9,false,0
87.8198,0,1,2,false,0
87.8198,0,1,6,false,0
87.8198,0,1,7,false,0
87.8198,2,1,2,false,0
87.8198,2,1,6,false,0
87.8198,2,1,7,false,0
88.0468,100,4294967295,1,false,0
88.6014,100,4294967295,2,false,0
88.7262,3,13,5,false,0
88.7262,12,13,0,false,0
88.7262,12,13,1,false,0
88.7262,12,13,2,false,0
88.7262,12,13,5,false,0
88.9154,84,74,0,false,0
89.0229,100,4294967295,3,false,0
89.0373,83,93,2,false,0
89.0373,83,93,3,false,0
89.0373,83,93,4,false,0
89.0373,83,93,5,false,0
89.0373,92,93,2,false,0
89.0373,92,93,3,false,0
89.0373,92,93,4,false,0
89.0373,92,93,5,false,0
89.1036,54,64,9,false,0
89.1036,63,64,2,false,0
89.1036,63,64,3,false,0
89.1036,63,64,6,false,0
89.1036,63,64,7,false,0
89.1036,63,64,8,false,0
89.1036,63,64,9,false,0
89.1036,74,64,2,false,0
89.1036,74,64,3,false,0
89.1036,74,64,6,false,0
89.1036,74,64,7,false,0
89.1741,23,33,1,false,0
89.1741,43,33,1,false,0
89.1741,43,33,3,false,0
89.1741,43,33,8,false,0
89.4065,100,4294967295,4,false,0
89.6846,74,84,2,false,0
89.6846,74,84,3,false,0
89.711,13,23,3,false,0
89.711,13,23,6,false,0
89.711,13,23,8,false,0
89.7891,100,4294967295,5,false,0
90.0711,100,4294967295,6,false,0
90.074,13,3,3,false,0
90.074,13,3,4,false,0
90.074,13,3,6,false,0
90.074,13,3,7,false,0
90.074,13,3,8,false,0
90.074,13,3,9,false,0
90.3511,100,4294967295,7,false,0
90.5493,100,4294967295,8,false,0
90.5888,100,4294967295,9,false,0
90.6254,100,4294967295,0,false,0
90.6892,84,94,0,false,0
90.6892,84,94,7,false,0
90.6892,93,94,0,false,0
90.6892,93,94,1,false,0
90.6892,93,94,7,false,0
90.6892,93,94,8,false,0
90.6892,93,94,9,false,0
90.8094,0,1,2,false,0
90.8094,0,1,6,false,0
90.8094,0,1,7,false,0
90.8094,2,1,2,false,0
90.8094,2,1,6,false,0
90.8094,2,1,7,false,0
91.2107,100,4294967295,1,false,0
91.4772,84,74,0,false,0
91.5615,3,13,5,false,0
91.5615,12,13,0,false,0
91.5615,12,13,1,false,0
91.5615,12,13,2,false,0
91.5615,12,13,5,false,0
91.5615,23,13,0,false,0
91.5615,23,13,1,false,0
91.5615,23,13,2,false,0
91.5615,23,13,5,false,0
91.7653,100,4294967295,2,false,0
91.8065,23,33,1,false,0
91.9711,83,84,1,false,0
91.9711,83,84,2,false,0
91.9711,83,84,3,false,0
91.9711,83,84,4,false,0
91.9711,83,84,5,false,0
91.9711,83,84,8,false,0
91.9711,83,84,9,false,0
92.0386,54,64,9,false,0
92.0386,63,64,2,false,0
92.0386,63,64,3,false,0
92.0386,63,64,6,false,0
92.0386,63,64,7,false,0
92.0386,63,64,8,false,0
92.0386,63,64,9,false,0
92.0386,74,64,2,false,0
92.0386,74,64,3,false,0
92.0386,74,64,6,false,0
92.0386,74,64,7,false,0
92.0967,64,54,0,false,0
92.0967,64,54,1,false,0
92.0967,64,54,4,false,0
92.1868,100,4294967295,3,false,0
92.5379,13,3,3,false,0
92.5379,13,3,4,false,0
92.5379,13,3,6,false,0
92.5379,13,3,7,false,0
92.5379,13,3,8,false,0
92.5379,13,3,9,false,0
92.5458,33,23,6,false,0
92.5704,100,4294967295,4,false,0
92.729,93,94,0,false,0
92.729,93,94,1,false,0
92.729,93,94,7,false,0
92.729,93,94,8,false,0
92.729,93,94,9,false,0
92.953,100,4294967295,5,false,0
93.235,100,4294967295,6,false,0
93.4595,2,1,2,false,0
93.4595,2,1,6,false,0
93.4595,2,1,7,false,0
93.4595,11,1,2,false,0
93.4595,11,1,6,false,0
93.4595,11,1,7,false,0
93.515,100,4294967295,7,false,0
93.7132,100,4294967295,8,false,0
93.7527,100,4294967295,9,false,0
93.7893,100,4294967295,0,false,0
94.1519,73,74,0,false,0
94.1519,73,74,1,false,0
94.1519,73,74,4,false,0
94.1519,73,74,5,false,0
94.1519,73,74,8,false,0
94.1519,73,74,9,false,0
94.1519,84,74,0,false,0
94.2879,12,13,0,false,0
94.2879,12,13,1,false,0
94.2879,12,13,2,false,0
94.2879,12,13,5,false,0
94.3746,100,4294967295,1,false,0
94.4832,23,33,1,false,0
94.4832,43,33,1,false,0
94.4832,43,33,3,false,0
94.4832,43,33,8,false,0
94.6122,53,54,0,false,0
94.6122,53,54,1,false,0
94.6122,53,54,3,false,0
94.6122,53,54,4,false,0
94.6122,53,54,5,false,0
94.6122,53,54,6,false,0
94.6122,53,54,7,false,0
94.6122,53,54,8,false,0
94.6122,64,54,0,false,0
94.6122,64,54,1,false,0
94.6122,64,54,4,false,0
94.7881,74,84,2,false,0
94.7881,74,84,3,false,0
94.7881,83,84,1,false,0
94.7881,83,84,2,false,0
94.7881,83,84,3,false,0
94.7881,83,84,4,false,0
94.7881,83,84,5,false,0
94.7881,83,84,8,false,0
94.7881,83,84,9,false,0
94.9094,63,64,2,false,0
94.9094,63,64,3,false,0
94.9094,63,64,6,false,0
94.9094,63,64,7,false,0
94.9094,63,64,8,false,0
94.9094,63,64,9,false,0
94.921,2,3,0,false,0
94.921,2,3,1,false,0
94.921,2,3,2,false,0
94.921,2,3,3,false,0
94.921,2,3,4,false,0
94.921,2,3,6,false,0
94.921,2,3,7,false,0
94.921,2,3,8,false,0
94.921,2,3,9,false,0
94.921,13,3,3,false,0
94.921,13,3,4,false,0
94.921,13,3,6,false,0
94.921,13,3,7,false,0
94.921,13,3,8,false,0
94.921,13,3,9,false,0
94.9292,100,4294967295,2,false,0
94.9596,92,93,2,false,0
94.9596,92,93,3,false,0
94.9596,92,93,4,false,0
94.9596,92,93,5,false,0
95.0504,22,23,3,false,0
95.0504,22,23,6,false,0
95.0504,22,23,8,false,0
95.0504,33,23,6,false,0
95.0996,84,94,0,false,0
95.0996,84,94,7,false,0
95.0996,93,94,0,false,0
95.0996,93,94,1,false,0
95.0996,93,94,7,false,0
95.0996,93,94,8,false,0
95.0996,93,94,9,false,0
95.3507,100,4294967295,3,false,0
95.7343,100,4294967295,4,false,0
96.1169,100,4294967295,5,false,0
96.3989,100,4294967295,6,false,0
96.4116,2,1,2,false,0
96.4116,2,1,6,false,0
96.4116,2,1,7,false,0
96.4116,11,1,2,false,0
96.4116,11,1,6,false,0
96.4116,11,1,7,false,0
96.6789,100,4294967295,7,false,0
96.7903,74,84,2,false,0
96.7903,74,84,3,false,0
96.8092,84,74,0,false,0
96.8519,53,54,0,false,0
96.8519,53,54,1,false,0
96.8519,53,54,3,false,0
96.8519,53,54,4,false,0
96.8519,53,54,5,false,0
96.8519,53,54,6,false,0
96.8519,53,54,7,false,0
96.8519,53,54,8,false,0
96.8519,64,54,0,false,0
96.8519,64,54,1,false,0
96.8519,64,54,4,false,0
96.8771,100,4294967295,8,false,0
96.9166,100,4294967295,9,false,0
96.9406,3,13,5,false,0
96.9406,12,13,0,false,0
96.9406,12,13,1,false,0
96.9406,12,13,2,false,0
96.9406,12,13,5,false,0
96.9406,23,13,0,false,0
96.9406,23,13,1,false,0
96.9406,23,13,2,false,0
96.9406,23,13,5,false,0
96.9532,100,4294967295,0,false,0
97.1546,23,33,1,false,0
97.1546,32,33,1,false,0
97.1546,32,33,3,false,0
97.1546,32,33,8,false,0
97.1546,43,33,1,false,0
97.1546,43,33,3,false,0
97.1546,43,33,8,false,0
97.3207,83,93,2,false,0
97.3207,83,93,3,false,0
97.3207,83,93,4,false,0
97.3207,83,93,5,false,0
97.3759,2,3,0,false,0
97.3759,2,3,1,false,0
97.3759,2,3,2,false,0
97.3759,2,3,3,false,0
97.3759,2,3,4,false,0
97.3759,2,3,6,false,0
97.3759,2,3,7,false,0
97.3759,2,3,8,false,0
97.3759,2,3,9,false,0
97.3759,13,3,3,false,0
97.3759,13,3,4,false,0
97.3759,13,3,6,false,0
97.3759,13,3,7,false,0
97.3759,13,3,8,false,0
97.3759,13,3,9,false,0
97.4151,13,23,3,false,0
97.4151,13,23,6,false,0
97.4151,13,23,8,false,0
97.4151,22,23,3,false,0
97.4151,22,23,6,false,0
97.4151,22,23,8,false,0
97.5385,100,4294967295,1,false,0
97.5796,84,94,0,false,0
97.5796,84,94,7,false,0
97.7157,63,64,2,false,0
97.7157,63,64,3,false,0
97.7157,63,64,6,false,0
97.7157,63,64,7,false,0
97.7157,63,64,8,false,0
97.7157,63,64,9,false,0
97.7157,74,64,2,false,0
97.7157,74,64,3,false,0
97.7157,74,64,6,false,0
97.7157,74,64,7,false,0
98.0931,100,4294967295,2,false,0
98.5146,100,4294967295,3,false,0
98.5989,0,1,2,false,0
98.5989,0,1,6,false,0
98.5989,0,1,7,false,0
98.8982,100,4294967295,4,false,0
99.166,74,84,2,false,0
99.166,74,84,3,false,0
99.166,83,84,1,false,0
99.166,83,84,2,false,0
99.166,83,84,3,false,0
99.166,83,84,4,false,0
99.166,83,84,5,false,0
99.166,83,84,8,false,0
99.166,83,84,9,false,0
99.1676,3,13,5,false,0
99.1676,12,13,0,false,0
99.1676,12,13,1,false,0
99.1676,12,13,2,false,0
99.1676,12,13,5,false,0
99.1676,23,13,0,false,0
99.1676,23,13,1,false,0
99.1676,23,13,2,false,0
99.1676,23,13,5,false,0
99.2808,100,4294967295,5,false,0
99.3328,83,93,2,false,0
99.3328,83,93,3,false,0
99.3328,83,93,4,false,0
99.3328,83,93,5,false,0
99.3328,92,93,2,false,0
99.3328,92,93,3,false,0
99.3328,92,93,4,false,0
99.3328,92,93,5,false,0
99.5628,100,4294967295,6,false,0
99.6219,32,33,1,false,0
99.6219,32,33,3,false,0
99.6219,32,33,8,false,0
99.642,64,74,0,false,0
99.642,64,74,1,false,0
99.642,64,74,4,false,0
99.642,84,74,0,false,0
99.6569,84,94,0,false,0
99.6569,84,94,7,false,0
99.6569,93,94,0,false,0
99.6569,93,94,1,false,0
99.6569,93,94,7,false,0
99.6569,93,94,8,false,0
99.6569,93,94,9,false,0
99.672,64,54,0,false,0
99.672,64,54,1,false,0
99.672,64,54,4,false,0
99.8428,100,4294967295,7,false,0
100.041,100,4294967295,8,false,0
100.081,100,4294967295,9,false,0
100.117,100,4294967295,0,false,0
100.127,63,64,2,false,0
100.127,63,64,3,false,0
100.127,63,64,6,false,0
100.127,63,64,7,false,0
100.127,63,64,8,false,0
100.127,63,64,9,false,0
100.127,74,64,2,false,0
100.127,74,64,3,false,0
100.127,74,64,6,false,0
100.127,74,64,7,false,0
100.154,13,23,3,false,0
100.154,13,23,6,false,0
100.154,13,23,8,false,0
100.154,33,23,6,false,0
100.702,100,4294967295,1,false,0
101.257,100,4294967295,2,false,0
101.37,0,1,2,false,0
101.37,0,1,6,false,0
101.37,0,1,7,false,0
101.37,2,1,2,false,0
101.37,2,1,6,false,0
101.37,2,1,7,false,0
101.37,11,1,2,false,0
101.37,11,1,6,false,0
101.37,11,1,7,false,0
101.398,3,13,5,false,0
101.398,12,13,0,false,0
101.398,12,13,1,false,0
101.398,12,13,2,false,0
101.398,12,13,5,false,0
101.45,83,93,2,false,0
101.45,83,93,3,false,0
101.45,83,93,4,false,0
101.45,83,93,5,false,0
101.481,83,84,1,false,0
101.481,83,84,2,false,0
101.481,83,84,3,false,0
101.481,83,84,4,false,0
101.481,83,84,5,false,0
101.481,83,84,8,false,0
101.481,83,84,9,false,0
101.678,100,4294967295,3,false,0
101.804,32,33,1,false,0
101.804,32,33,3,false,0
101.804,32,33,8,false,0
101.804,43,33,1,false,0
101.804,43,33,3,false,0
101.804,43,33,8,false,0
101.894,84,94,0,false,0
101.894,84,94,7,false,0
101.894,93,94,0,false,0
101.894,93,94,1,false,0
101.894,93,94,7,false,0
101.894,93,94,8,false,0
101.894,93,94,9,false,0
101.909,53,54,0,false,0
101.909,53,54,1,false,0
101.909,53,54,3,false,0
101.909,53,54,4,false,0
101.909,53,54,5,false,0
101.909,53,54,6,false,0
101.909,53,54,7,false,0
101.909,53,54,8,false,0
101.909,64,54,0,false,0
101.909,64,54,1,false,0
101.909,64,54,4,false,0
102.062,100,4294967295,4,false,0
102.288,73,74,0,false,0
102.288,73,74,1,false,0
102.288,73,74,4,false,0
102.288,73,74,5,false,0
102.288,73,74,8,false,0
102.288,73,74,9,false,0
102.288,84,74,0,false,0
102.445,100,4294967295,5,false,0
102.727,100,4294967295,6,false,0
102.874,22,23,3,false,0
102.874,22,23,6,false,0
102.874,22,23,8,false,0
102.889,54,64,9,false,0
102.889,63,64,2,false,0
102.889,63,64,3,false,0
102.889,63,64,6,false,0
102.889,63,64,7,false,0
102.889,63,64,8,false,0
102.889,63,64,9,false,0
102.889,74,64,2,false,0
102.889,74,64,3,false,0
102.889,74,64,6,false,0
102.889,74,64,7,false,0
102.971,2,3,0,false,0
102.971,2,3,1,false,0
102.971,2,3,2,false,0
102.971,2,3,3,false,0
102.971,2,3,4,false,0
102.971,2,3,6,false,0
102.971,2,3,7,false,0
102.971,2,3,8,false,0
102.971,2,3,9,false,0
102.971,13,3,3,false,0
102.971,13,3,4,false,0
102.971,13,3,6,false,0
102.971,13,3,7,false,0
102.971,13,3,8,false,0
102.971,13,3,9,false,0
103.007,100,4294967295,7,false,0
103.205,100,4294967295,8,false,0
103.244,100,4294967295,9,false,0
103.281,100,4294967295,0,false,0
103.866,100,4294967295,1,false,0
103.969,84,94,0,false,0
103.969,84,94,7,false,0
103.969,93,94,0,false,0
103.969,93,94,1,false,0
103.969,93,94,7,false,0
103.969,93,94,8,false,0
103.969,93,94,9,false,0
104,64,54,0,false,0
104,64,54,1,false,0
104,64,54,4,false,0
104.21,83,93,2,false,0
104.21,83,93,3,false,0
104.21,83,93,4,false,0
104.21,83,93,5,false,0
104.237,3,13,5,false,0
104.237,12,13,0,false,0
104.237,12,13,1,false,0
104.237,12,13,2,false,0
104.237,12,13,5,false,0
104.237,23,13,0,false,0
104.237,23,13,1,false,0
104.237,23,13,2,false,0
104.237,23,13,5,false,0
104.272,74,84,2,false,0
104.272,74,84,3,false,0
104.272,83,84,1,false,0
104.272,83,84,2,false,0
104.272,83,84,3,false,0
104.272,83,84,4,false,0
104.272,83,84,5,false,0
104.272,83,84,8,false,0
104.272,83,84,9,false,0
104.345,11,1,2,false,0
104.345,11,1,6,false,0
104.345,11,1,7,false,0
104.353,64,74,0,false,0
104.353,64,74,1,false,0
104.353,64,74,4,false,0
104.353,73,74,0,false,0
104.353,73,74,1,false,0
104.353,73,74,4,false,0
104.353,73,74,5,false,0
104.353,73,74,8,false,0
104.353,73,74,9,false,0
104.353,84,74,0,false,0
104.421,100,4294967295,2,false,0
104.785,23,33,1,false,0
104.785,32,33,1,false,0
104.785,32,33,3,false,0
104.785,32,33,8,false,0
104.785,43,33,1,false,0
104.785,43,33,3,false,0
104.785,43,33,8,false,0
104.842,100,4294967295,3,false,0
104.942,13,23,3,false,0
104.942,13,23,6,false,0
104.942,13,23,8,false,0
104.942,33,23,6,false,0
105.076,2,3,0,false,0
105.076,2,3,1,false,0
105.076,2,3,2,false,0
105.076,2,3,3,false,0
105.076,2,3,4,false,0
105.076,2,3,6,false,0
105.076,2,3,7,false,0
105.076,2,3,8,false,0
105.076,2,3,9,false,0
105.226,100,4294967295,4,false,0
105.489,63,64,2,false,0
105.489,63,64,3,false,0
105.489,63,64,6,false,0
105.489,63,64,7,false,0
105.489,63,64,8,false,0
105.489,63,64,9,false,0
105.609,100,4294967295,5,false,0
105.891,100,4294967295,6,false,0
106.171,100,4294967295,7,false,0
106.291,74,84,2,false,0
106.291,74,84,3,false,0
106.293,3,13,5,false,0
106.36,64,54,0,false,0
106.36,64,54,1,false,0
106.36,64,54,4,false,0
106.369,100,4294967295,8,false,0
106.408,100,4294967295,9,false,0
106.445,100,4294967295,0,false,0
106.466,83,93,2,false,0
106.466,83,93,3,false,0
106.466,83,93,4,false,0
106.466,83,93,5,false,0
106.466,92,93,2,false,0
106.466,92,93,3,false,0
106.466,92,93,4,false,0
106.466,92,93,5,false,0
106.728,84,94,0,false,0
106.728,84,94,7,false,0
106.728,93,94,0,false,0
106.728,93,94,1,false,0
106.728,93,94,7,false,0
106.728,93,94,8,false,0
106.728,93,94,9,false,0
107.03,100,4294967295,1,false,0
107.197,84,74,0,false,0
107.218,2,1,2,false,0
107.218,2,1,6,false,0
107.218,2,1,7,false,0
107.218,11,1,2,false,0
107.218,11,1,6,false,0
107.218,11,1,7,false,0
107.489,23,33,1,false,0
107.489,32,33,1,false,0
107.489,32,33,3,false,0
107.489,32,33,8,false,0
107.489,43,33,1,false,0
107.489,43,33,3,false,0
107.489,43,33,8,false,0
107.585,100,4294967295,2,false,0
107.746,54,64,9,false,0
107.746,63,64,2,false,0
107.746,63,64,3,false,0
107.746,63,64,6,false,0
107.746,63,64,7,false,0
107.746,63,64,8,false,0
107.746,63,64,9,false,0
107.746,74,64,2,false,0
107.746,74,64,3,false,0
107.746,74,64,6,false,0
107.746,74,64,7,false,0
107.822,2,3,0,false,0
107.822,2,3,1,false,0
107.822,2,3,2,false,0
107.822,2,3,3,false,0
107.822,2,3,4,false,0
107.822,2,3,6,false,0
107.822,2,3,7,false,0
107.822,2,3,8,false,0
107.822,2,3,9,false,0
107.876,13,23,3,false,0
107.876,13,23,6,false,0
107.876,13,23,8,false,0
107.876,22,23,3,false,0
107.876,22,23,6,false,0
107.876,22,23,8,false,0
108.006,100,4294967295,3,false,0
108.39,100,4294967295,4,false,0
108.773,100,4294967295,5,false,0
108.813,84,94,0,false,0
108.813,84,94,7,false,0
108.813,93,94,0,false,0
108.813,93,94,1,false,0
108.813,93,94,7,false,0
108.813,93,94,8,false,0
108.813,93,94,9,false,0
108.89,83,93,2,false,0
108.89,83,93,3,false,0
108.89,83,93,4,false,0
108.89,83,93,5,false,0
108.89,92,93,2,false,0
108.89,92,93,3,false,0
108.89,92,93,4,false,0
108.89,92,93,5,false,0
108.955,12,13,0,false,0
108.955,12,13,1,false,0
108.955,12,13,2,false,0
108.955,12,13,5,false,0
108.97,53,54,0,false,0
108.97,53,54,1,false,0
108.97,53,54,3,false,0
108.97,53,54,4,false,0
108.97,53,54,5,false,0
108.97,53,54,6,false,0
108.97,53,54,7,false,0
108.97,53,54,8,false,0
109.055,100,4294967295,6,false,0
109.335,100,4294967295,7,false,0
109.403,84,74,0,false,0
109.533,100,4294967295,8,false,0
109.572,100,4294967295,9,false,0
109.609,100,4294967295,0,false,0
109.617,0,1,2,false,0
109.617,0,1,6,false,0
109.617,0,1,7,false,0
109.617,11,1,2,false,0
109.617,11,1,6,false,0
109.617,11,1,7,false,0
110.14,13,23,3,false,0
110.14,13,23,6,false,0
110.14,13,23,8,false,0
110.14,22,23,3,false,0
110.14,22,23,6,false,0
110.14,22,23,8,false,0
110.14,33,23,6,false,0
110.194,100,4294967295,1,false,0
110.419,23,33,1,false,0
110.419,32,33,1,false,0
110.419,32,33,3,false,0
110.419,32,33,8,false,0
110.455,54,64,9,false,0
110.749,100,4294967295,2,false,0
111.153,93,94,0,false,0
111.153,93,94,1,false,0
111.153,93,94,7,false,0
111.153,93,94,8,false,0
111.153,93,94,9,false,0
111.17,100,4294967295,3,false,0
111.273,83,84,1,false,0
111.273,83,84,2,false,0
111.273,83,84,3,false,0
111.273,83,84,4,false,0
111.273,83,84,5,false,0
111.273,83,84,8,false,0
111.273,83,84,9,false,0
111.554,100,4294967295,4,false,0
111.58,53,54,0,false,0
111.58,53,54,1,false,0
111.58,53,54,3,false,0
111.58,53,54,4,false,0
111.58,53,54,5,false,0
111.58,53,54,6,false,0
111.58,53,54,7,false,0
111.58,53,54,8,false,0
111.876,0,1,2,false,0
111.876,0,1,6,false,0
111.876,0,1,7,false,0
111.876,11,1,2,false,0
111.876,11,1,6,false,0
111.876,11,1,7,false,0
111.936,100,4294967295,5,false,0
112.06,64,74,0,false,0
112.06,64,74,1,false,0
112.06,64,74,4,false,0
112.06,73,74,0,false,0
112.06,73,74,1,false,0
112.06,73,74,4,false,0
112.06,73,74,5,false,0
112.06,73,74,8,false,0
112.06,73,74,9,false,0
112.06,84,74,0,false,0
112.218,100,4294967295,6,false,0
112.498,100,4294967295,7,false,0
112.697,100,4294967295,8,false,0
112.736,100,4294967295,9,false,0
112.773,100,4294967295,0,false,0
113.005,13,23,3,false,0
113.005,13,23,6,false,0
113.005,13,23,8,false,0
113.005,22,23,3,false,0
113.005,22,23,6,false,0
113.005,22,23,8,false,0
113.005,33,23,6,false,0
113.05,13,3,3,false,0
113.05,13,3,4,false,0
113.05,13,3,6,false,0
113.05,13,3,7,false,0
113.05,13,3,8,false,0
113.05,13,3,9,false,0
113.064,54,64,9,false,0
113.064,63,64,2,false,0
113.064,63,64,3,false,0
113.064,63,64,6,false,0
113.064,63,64,7,false,0
113.064,63,64,8,false,0
113.064,63,64,9,false,0
113.064,74,64,2,false,0
113.064,74,64,3,false,0
113.064,74,64,6,false,0
113.064,74,64,7,false,0
113.143,23,33,1,false,0
113.143,32,33,1,false,0
113.143,32,33,3,false,0
113.143,32,33,8,false,0
113.143,43,33,1,false,0
113.143,43,33,3,false,0
113.143,43,33,8,false,0
113.358,100,4294967295,1,false,0
113.662,53,54,0,false,0
113.662,53,54,1,false,0
113.662,53,54,3,false,0
113.662,53,54,4,false,0
113.662,53,54,5,false,0
113.662,53,54,6,false,0
113.662,53,54,7,false,0
113.662,53,54,8,false,0
113.662,64,54,0,false,0
113.662,64,54,1,false,0
113.662,64,54,4,false,0
113.731,83,93,2,false,0
113.731,83,93,3,false,0
113.731,83,93,4,false,0
113.731,83,93,5,false,0
113.731,92,93,2,false,0
113.731,92,93,3,false,0
113.731,92,93,4,false,0
113.731,92,93,5,false,0
113.868,84,94,0,false,0
113.868,84,94,7,false,0
113.913,100,4294967295,2,false,0
114.01,83,84,1,false,0
114.01,83,84,2,false,0
114.01,83,84,3,false,0
114.01,83,84,4,false,0
114.01,83,84,5,false,0
114.01,83,84,8,false,0
114.01,83,84,9,false,0
114.095,64,74,0,false,0
114.095,64,74,1,false,0
114.095,64,74,4,false,0
114.095,73,74,0,false,0
114.095,73,74,1,false,0
114.095,73,74,4,false,0
114.095,73,74,5,false,0
114.095,73,74,8,false,0
114.095,73,74,9,false,0
114.095,84,74,0,false,0
114.293,0,1,2,false,0
114.293,0,1,6,false,0
114.293,0,1,7,false,0
114.334,100,4294967295,3,false,0
114.619,23,13,0,false,0
114.619,23,13,1,false,0
114.619,23,13,2,false,0
114.619,23,13,5,false,0
114.718,100,4294967295,4,false,0
115.1,100,4294967295,5,false,0
115.183,13,23,3,false,0
115.183,13,23,6,false,0
115.183,13,23,8,false,0
115.183,22,23,3,false,0
115.183,22,23,6,false,0
115.183,22,23,8,false,0
115.183,33,23,6,false,0
115.301,23,33,1,false,0
115.301,32,33,1,false,0
115.301,32,33,3,false,0
115.301,32,33,8,false,0
115.301,43,33,1,false,0
115.301,43,33,3,false,0
115.301,43,33,8,false,0
115.382,100,4294967295,6,false,0
115.534,63,64,2,false,0
115.534,63,64,3,false,0
115.534,63,64,6,false,0
115.534,63,64,7,false,0
115.534,63,64,8,false,0
115.534,63,64,9,false,0
115.662,100,4294967295,7,false,0
115.861,100,4294967295,8,false,0
115.9,100,4294967295,9,false,0
115.937,100,4294967295,0,false,0
116.036,2,3,0,false,0
116.036,2,3,1,false,0
116.036,2,3,2,false,0
116.036,2,3,3,false,0
116.036,2,3,4,false,0
116.036,2,3,6,false,0
116.036,2,3,7,false,0
116.036,2,3,8,false,0
116.036,2,3,9,false,0
116.036,13,3,3,false,0
116.036,13,3,4,false,0
116.036,13,3,6,false,0
116.036,13,3,7,false,0
116.036,13,3,8,false,0
116.036,13,3,9,false,0
116.522,100,4294967295,1,false,0
116.6,53,54,0,false,0
116.6,53,54,1,false,0
116.6,53,54,3,false,0
116.6,53,54,4,false,0
116.6,53,54,5,false,0
116.6,53,54,6,false,0
116.6,53,54,7,false,0
116.6,53,54,8,false,0
116.6,64,54,0,false,0
116.6,64,54,1,false,0
116.6,64,54,4,false,0
116.661,93,94,0,false,0
116.661,93,94,1,false,0
116.661,93,94,7,false,0
116.661,93,94,8,false,0
116.661,93,94,9,false,0
116.722,74,84,2,false,0
116.722,74,84,3,false,0
116.722,83,84,1,false,0
116.722,83,84,2,false,0
116.722,83,84,3,false,0
116.722,83,84,4,false,0
116.722,83,84,5,false,0
116.722,83,84,8,false,0
116.722,83,84,9,false,0
116.941,0,1,2,false,0
116.941,0,1,6,false,0
116.941,0,1,7,false,0
116.941,2,1,2,false,0
116.941,2,1,6,false,0
116.941,2,1,7,false,0
117.077,100,4294967295,2,false,0
117.498,100,4294967295,3,false,0
117.499,3,13,5,false,0
117.499,12,13,0,false,0
117.499,12,13,1,false,0
117.499,12,13,2,false,0
117.499,12,13,5,false,0
117.499,23,13,0,false,0
117.499,23,13,1,false,0
117.499,23,13,2,false,0
117.499,23,13,5,false,0
117.806,54,64,9,false,0
117.806,63,64,2,false,0
117.806,63,64,3,false,0
117.806,63,64,6,false,0
117.806,63,64,7,false,0
117.806,63,64,8,false,0
117.806,63,64,9,false,0
117.806,74,64,2,false,0
117.806,74,64,3,false,0
117.806,74,64,6,false,0
117.806,74,64,7,false,0
117.882,100,4294967295,4,false,0
118.078,13,23,3,false,0
118.078,13,23,6,false,0
118.078,13,23,8,false,0
118.078,22,23,3,false,0
118.078,22,23,6,false,0
118.078,22,23,8,false,0
118.078,33,23,6,false,0
118.264,100,4294967295,5,false,0
118.434,64,74,0,false,0
118.434,64,74,1,false,0
118.434,64,74,4,false,0
118.434,73,74,0,false,0
118.434,73,74,1,false,0
118.434,73,74,4,false,0
118.434,73,74,5,false,0
118.434,73,74,8,false,0
118.434,73,74,9,false,0
118.546,100,4294967295,6,false,0
118.76,83,84,1,false,0
118.76,83,84,2,false,0
118.76,83,84,3,false,0
118.76,83,84,4,false,0
118.76,83,84,5,false,0
118.76,83,84,8,false,0
118.76,83,84,9,false,0
118.826,100,4294967295,7,false,0
118.877,84,94,0,false,0
118.877,84,94,7,false,0
118.877,93,94,0,false,0
118.877,93,94,1,false,0
118.877,93,94,7,false,0
118.877,93,94,8,false,0
118.877,93,94,9,false,0
119.024,100,4294967295,8,false,0
119.034,2,3,0,false,0
119.034,2,3,1,false,0
119.034,2,3,2,false,0
119.034,2,3,3,false,0
119.034,2,3,4,false,0
119.034,2,3,6,false,0
119.034,2,3,7,false,0
119.034,2,3,8,false,0
119.034,2,3,9,false,0
119.034,13,3,3,false,0
119.034,13,3,4,false,0
119.034,13,3,6,false,0
119.034,13,3,7,false,0
119.034,13,3,8,false,0
119.034,13,3,9,false,0
119.064,100,4294967295,9,false,0
119.101,100,4294967295,0,false,0
119.11,64,54,0,false,0
119.11,64,54,1,false,0
119.11,64,54,4,false,0
119.227,83,93,2,false,0
119.227,83,93,3,false,0
119.227,83,93,4,false,0
119.227,83,93,5,false,0
119.686,100,4294967295,1,false,0
119.717,3,13,5,false,0
119.717,12,13,0,false,0
119.717,12,13,1,false,0
119.717,12,13,2,false,0
119.717,12,13,5,false,0
119.717,23,13,0,false,0
119.717,23,13,1,false,0
119.717,23,13,2,false,0
119.717,23,13,5,false,0
119.899,0,1,2,false,0
119.899,0,1,6,false,0
119.899,0,1,7,false,0
119.899,11,1,2,false,0
119.899,11,1,6,false,0
119.899,11,1,7,false,0
120.24,100,4294967295,2,false,0
120.51,22,23,3,false,0
120.51,22,23,6,false,0
120.51,22,23,8,false,0
120.661,73,74,0,false,0
120.661,73,74,1,false,0
120.661,73,74,4,false,0
120.661,73,74,5,false,0
120.661,73,74,8,false,0
120.661,73,74,9,false,0
120.662,100,4294967295,3,false,0
120.728,54,64,9,false,0
120.728,63,64,2,false,0
120.728,63,64,3,false,0
120.728,63,64,6,false,0
120.728,63,64,7,false,0
120.728,63,64,8,false,0
120.728,63,64,9,false,0
121.046,100,4294967295,4,false,0
121.046,23,33,1,false,0
121.046,32,33,1,false,0
121.046,32,33,3,false,0
121.046,32,33,8,false,0
121.112,74,84,2,false,0
121.112,74,84,3,false,0
121.325,84,94,0,false,0
121.325,84,94,7,false,0
121.325,93,94,0,false,0
121.325,93,94,1,false,0
121.325,93,94,7,false,0
121.325,93,94,8,false,0
121.325,93,94,9,false,0
121.336,92,93,2,false,0
121.336,92,93,3,false,0
121.336,92,93,4,false,0
121.336,92,93,5,false,0
121.428,100,4294967295,5,false,0
121.503,2,3,0,false,0
121.503,2,3,1,false,0
121.503,2,3,2,false,0
121.503,2,3,3,false,0
121.503,2,3,4,false,0
121.503,2,3,6,false,0
121.503,2,3,7,false,0
121.503,2,3,8,false,0
121.503,2,3,9,false,0
121.503,13,3,3,false,0
121.503,13,3,4,false,0
121.503,13,3,6,false,0
121.503,13,3,7,false,0
121.503,13,3,8,false,0
121.503,13,3,9,false,0
121.691,53,54,0,false,0
121.691,53,54,1,false,0
121.691,53,54,3,false,0
121.691,53,54,4,false,0
121.691,53,54,5,false,0
121.691,53,54,6,false,0
121.691,53,54,7,false,0
121.691,53,54,8,false,0
121.71,100,4294967295,6,false,0
121.99,100,4294967295,7,false,0
122.046,2,1,2,false,0
122.046,2,1,6,false,0
122.046,2,1,7,false,0
122.046,11,1,2,false,0
122.046,11,1,6,false,0
122.046,11,1,7,false,0
122.188,100,4294967295,8,false,0
122.228,100,4294967295,9,false,0
122.264,100,4294967295,0,false,0
122.57,3,13,5,false,0
122.57,12,13,0,false,0
122.57,12,13,1,false,0
122.57,12,13,2,false,0
122.57,12,13,5,false,0
122.57,23,13,0,false,0
122.57,23,13,1,false,0
122.57,23,13,2,false,0
122.57,23,13,5,false,0
122.798,13,23,3,false,0
122.798,13,23,6,false,0
122.798,13,23,8,false,0
122.798,22,23,3,false,0
122.798,22,23,6,false,0
122.798,22,23,8,false,0
122.85,100,4294967295,1,false,0
123.252,23,33,1,false,0
123.252,43,33,1,false,0
123.252,43,33,3,false,0
123.252,43,33,8,false,0
123.263,64,74,0,false,0
123.263,64,74,1,false,0
123.263,64,74,4,false,0
123.263,73,74,0,false,0
123.263,73,74,1,false,0
123.263,73,74,4,false,0
123.263,73,74,5,false,0
123.263,73,74,8,false,0
123.263,73,74,9,false,0
123.263,84,74,0,false,0
123.404,100,4294967295,2,false,0
123.449,74,84,2,false,0
123.449,74,84,3,false,0
123.449,83,84,1,false,0
123.449,83,84,2,false,0
123.449,83,84,3,false,0
123.449,83,84,4,false,0
123.449,83,84,5,false,0
123.449,83,84,8,false,0
123.449,83,84,9,false,0
123.826,100,4294967295,3,false,0
123.837,84,94,0,false,0
123.837,84,94,7,false,0
123.837,93,94,0,false,0
123.837,93,94,1,false,0
123.837,93,94,7,false,0
123.837,93,94,8,false,0
123.837,93,94,9,false,0
123.997,2,3,0,false,0
123.997,2,3,1,false,0
123.997,2,3,2,false,0
123.997,2,3,3,false,0
123.997,2,3,4,false,0
123.997,2,3,6,false,0
123.997,2,3,7,false,0
123.997,2,3,8,false,0
123.997,2,3,9,false,0
123.997,13,3,3,false,0
123.997,13,3,4,false,0
123.997,13,3,6,false,0
123.997,13,3,7,false,0
123.997,13,3,8,false,0
123.997,13,3,9,false,0
124.209,100,4294967295,4,false,0
124.331,0,1,2,false,0
124.331,0,1,6,false,0
124.331,0,1,7,false,0
124.331,11,1,2,false,0
124.331,11,1,6,false,0
124.331,11,1,7,false,0
124.357,53,54,0,false,0
124.357,53,54,1,false,0
124.357,53,54,3,false,0
124.357,53,54,4,false,0
124.357,53,54,5,false,0
124.357,53,54,6,false,0
124.357,53,54,7,false,0
124.357,53,54,8,false,0
124.357,64,54,0,false,0
124.357,64,54,1,false,0
124.357,64,54,4,false,0
124.592,100,4294967295,5,false,0
124.874,100,4294967295,6,false,0
125.154,100,4294967295,7,false,0
125.352,100,4294967295,8,false,0
125.392,100,4294967295,9,false,0
125.428,100,4294967295,0,false,0
125.463,22,23,3,false,0
125.463,22,23,6,false,0
125.463,22,23,8,false,0
125.463,33,23,6,false,0
125.562,3,13,5,false,0
125.562,12,13,0,false,0
125.562,12,13,1,false,0
125.562,12,13,2,false,0
125.562,12,13,5,false,0
125.742,64,74,0,false,0
125.742,64,74,1,false,0
125.742,64,74,4,false,0
125.742,73,74,0,false,0
125.742,73,74,1,false,0
125.742,73,74,4,false,0
125.742,73,74,5,false,0
125.742,73,74,8,false,0
125.742,73,74,9,false,0
125.818,74,84,2,false,0
125.818,74,84,3,false,0
125.818,83,84,1,false,0
125.818,83,84,2,false,0
125.818,83,84,3,false,0
125.818,83,84,4,false,0
125.818,83,84,5,false,0
125.818,83,84,8,false,0
125.818,83,84,9,false,0
125.976,23,33,1,false,0
125.976,32,33,1,false,0
125.976,32,33,3,false,0
125.976,32,33,8,false,0
125.976,43,33,1,false,0
125.976,43,33,3,false,0
125.976,43,33,8,false,0
126.014,100,4294967295,1,false,0
126.332,93,94,0,false,0
126.332,93,94,1,false,0
126.332,93,94,7,false,0
126.332,93,94,8,false,0
126.332,93,94,9,false,0
126.341,13,3,3,false,0
126.341,13,3,4,false,0
126.341,13,3,6,false,0
126.341,13,3,7,false,0
126.341,13,3,8,false,0
126.341,13,3,9,false,0
126.442,0,1,2,false,0
126.442,0,1,6,false,0
126.442,0,1,7,false,0
126.442,2,1,2,false,0
126.442,2,1,6,false,0
126.442,2,1,7,false,0
126.442,11,1,2,false,0
126.442,11,1,6,false,0
126.442,11,1,7,false,0
126.568,100,4294967295,2,false,0
126.739,83,93,2,false,0
126.739,83,93,3,false,0
126.739,83,93,4,false,0
126.739,83,93,5,false,0
126.99,100,4294967295,3,false,0
127.286,53,54,0,false,0
127.286,53,54,1,false,0
127.286,53,54,3,false,0
127.286,53,54,4,false,0
127.286,53,54,5,false,0
127.286,53,54,6,false,0
127.286,53,54,7,false,0
127.286,53,54,8,false,0
127.286,64,54,0,false,0
127.286,64,54,1,false,0
127.286,64,54,4,false,0
127.373,100,4294967295,4,false,0
127.47,22,23,3,false,0
127.47,22,23,6,false,0
127.47,22,23,8,false,0
127.756,100,4294967295,5,false,0
128.038,100,4294967295,6,false,0
128.279,3,13,5,false,0
128.318,100,4294967295,7,false,0
128.386,73,74,0,false,0
128.386,73,74,1,false,0
128.386,73,74,4,false,0
128.386,73,74,5,false,0
128.386,73,74,8,false,0
128.386,73,74,9,false,0
128.394,54,64,9,false,0
128.394,63,64,2,false,0
128.394,63,64,3,false,0
128.394,63,64,6,false,0
128.394,63,64,7,false,0
128.394,63,64,8,false,0
128.394,63,64,9,false,0
128.394,74,64,2,false,0
128.394,74,64,3,false,0
128.394,74,64,6,false,0
128.394,74,64,7,false,0
128.406,32,33,1,false,0
128.406,32,33,3,false,0
128.406,32,33,8,false,0
128.406,43,33,1,false,0
128.406,43,33,3,false,0
128.406,43,33,8,false,0
128.516,100,4294967295,8,false,0
128.556,100,4294967295,9,false,0
128.575,74,84,2,false,0
128.575,74,84,3,false,0
128.575,83,84,1,false,0
128.575,83,84,2,false,0
128.575,83,84,3,false,0
128.575,83,84,4,false,0
128.575,83,84,5,false,0
128.575,83,84,8,false,0
128.575,83,84,9,false,0
128.592,100,4294967295,0,false,0
128.85,0,1,2,false,0
128.85,0,1,6,false,0
128.85,0,1,7,false,0
128.85,2,1,2,false,0
128.85,2,1,6,false,0
128.85,2,1,7,false,0
128.85,11,1,2,false,0
128.85,11,1,6,false,0
128.85,11,1,7,false,0
129.069,2,3,0,false,0
129.069,2,3,1,false,0
129.069,2,3,2,false,0
129.069,2,3,3,false,0
129.069,2,3,4,false,0
129.069,2,3,6,false,0
129.069,2,3,7,false,0
129.069,2,3,8,false,0
129.069,2,3,9,false,0
129.178,100,4294967295,1,false,0
129.214,84,94,0,false,0
129.214,84,94,7,false,0
129.214,93,94,0,false,0
129.214,93,94,1,false,0
129.214,93,94,7,false,0
129.214,93,94,8,false,0
129.214,93,94,9,false,0
129.704,83,93,2,false,0
129.704,83,93,3,false,0
129.704,83,93,4,false,0
129.704,83,93,5,false,0
129.704,92,93,2,false,0
129.704,92,93,3,false,0
129.704,92,93,4,false,0
129.704,92,93,5,false,0
129.732,100,4294967295,2,false,0
130.154,100,4294967295,3,false,0
130.187,13,23,3,false,0
130.187,13,23,6,false,0
130.187,13,23,8,false,0
130.187,22,23,3,false,0
130.187,22,23,6,false,0
130.187,22,23,8,false,0
130.252,53,54,0,false,0
130.252,53,54,1,false,0
130.252,53,54,3,false,0
130.252,53,54,4,false,0
130.252,53,54,5,false,0
130.252,53,54,6,false,0
130.252,53,54,7,false,0
130.252,53,54,8,false,0
130.252,64,54,0,false,0
130.252,64,54,1,false,0
130.252,64,54,4,false,0
130.537,100,4294967295,4,false,0
130.562,73,74,0,false,0
130.562,73,74,1,false,0
130.562,73,74,4,false,0
130.562,73,74,5,false,0
130.562,73,74,8,false,0
130.562,73,74,9,false,0
130.562,84,74,0,false,0
130.92,100,4294967295,5,false,0
131.009,83,84,1,false,0
131.009,83,84,2,false,0
131.009,83,84,3,false,0
131.009,83,84,4,false,0
131.009,83,84,5,false,0
131.009,83,84,8,false,0
131.009,83,84,9,false,0
131.061,3,13,5,false,0
131.061,12,13,0,false,0
131.061,12,13,1,false,0
131.061,12,13,2,false,0
131.061,12,13,5,false,0
131.061,23,13,0,false,0
131.061,23,13,1,false,0
131.061,23,13,2,false,0
131.061,23,13,5,false,0
131.086,23,33,1,false,0
131.086,32,33,1,false,0
131.086,32,33,3,false,0
131.086,32,33,8,false,0
131.086,43,33,1,false,0
131.086,43,33,3,false,0
131.086,43,33,8,false,0
131.202,100,4294967295,6,false,0
131.233,54,64,9,false,0
131.233,63,64,2,false,0
131.233,63,64,3,false,0
131.233,63,64,6,false,0
131.233,63,64,7,false,0
131.233,63,64,8,false,0
131.233,63,64,9,false,0
131.482,100,4294967295,7,false,0
131.627,93,94,0,false,0
131.627,93,94,1,false,0
131.627,93,94,7,false,0
131.627,93,94,8,false,0
131.627,93,94,9,false,0
131.68,100,4294967295,8,false,0
131.72,100,4294967295,9,false,0
131.756,100,4294967295,0,false,0
132.03,2,3,0,false,0
132.03,2,3,1,false,0
132.03,2,3,2,false,0
132.03,2,3,3,false,0
132.03,2,3,4,false,0
132.03,2,3,6,false,0
132.03,2,3,7,false,0
132.03,2,3,8,false,0
132.03,2,3,9,false,0
132.03,13,3,3,false,0
132.03,13,3,4,false,0
132.03,13,3,6,false,0
132.03,13,3,7,false,0
132.03,13,3,8,false,0
132.03,13,3,9,false,0
132.341,100,4294967295,1,false,0
132.633,83,93,2,false,0
132.633,83,93,3,false,0
132.633,83,93,4,false,0
132.633,83,93,5,false,0
132.633,92,93,2,false,0
132.633,92,93,3,false,0
132.633,92,93,4,false,0
132.633,92,93,5,false,0
132.896,100,4294967295,2,false,0
132.913,64,54,0,false,0
132.913,64,54,1,false,0
132.913,64,54,4,false,0
133.318,100,4294967295,3,false,0
133.537,64,74,0,false,0
133.537,64,74,1,false,0
133.537,64,74,4,false,0
133.537,73,74,0,false,0
133.537,73,74,1,false,0
133.537,73,74,4,false,0
133.537,73,74,5,false,0
133.537,73,74,8,false,0
133.537,73,74,9,false,0
133.545,74,84,2,false,0
133.545,74,84,3,false,0
133.656,54,64,9,false,0
133.701,100,4294967295,4,false,0
133.796,3,13,5,false,0
133.796,12,13,0,false,0
133.796,12,13,1,false,0
133.796,12,13,2,false,0
133.796,12,13,5,false,0
133.796,23,13,0,false,0
133.796,23,13,1,false,0
133.796,23,13,2,false,0
133.796,23,13,5,false,0
134.084,100,4294967295,5,false,0
134.193,2,1,2,false,0
134.193,2,1,6,false,0
134.193,2,1,7,false,0
134.333,84,94,0,false,0
134.333,84,94,7,false,0
134.333,93,94,0,false,0
134.333,93,94,1,false,0
134.333,93,94,7,false,0
134.333,93,94,8,false,0
134.333,93,94,9,false,0
134.366,100,4294967295,6,false,0
134.646,100,4294967295,7,false,0
134.696,2,3,0,false,0
134.696,2,3,1,false,0
134.696,2,3,2,false,0
134.696,2,3,3,false,0
134.696,2,3,4,false,0
134.696,2,3,6,false,0
134.696,2,3,7,false,0
134.696,2,3,8,false,0
134.696,2,3,9,false,0
134.696,13,3,3,false,0
134.696,13,3,4,false,0
134.696,13,3,6,false,0
134.696,13,3,7,false,0
134.696,13,3,8,false,0
134.696,13,3,9,false,0
134.753,83,93,2,false,0
134.753,83,93,3,false,0
134.753,83,93,4,false,0
134.753,83,93,5,false,0
134.753,92,93,2,false,0
134.753,92,93,3,false,0
134.753,92,93,4,false,0
134.753,92,93,5,false,0
134.764,13,23,3,false,0
134.764,13,23,6,false,0
134.764,13,23,8,false,0
134.844,100,4294967295,8,false,0
134.883,100,4294967295,9,false,0
134.92,100,4294967295,0,false,0
135.505,100,4294967295,1,false,0
135.778,64,74,0,false,0
135.778,64,74,1,false,0
135.778,64,74,4,false,0
135.778,73,74,0,false,0
135.778,73,74,1,false,0
135.778,73,74,4,false,0
135.778,73,74,5,false,0
135.778,73,74,8,false,0
135.778,73,74,9,false,0
135.778,84,74,0,false,0
135.797,3,13,5,false,0
135.797,12,13,0,false,0
135.797,12,13,1,false,0
135.797,12,13,2,false,0
135.797,12,13,5,false,0
135.797,23,13,0,false,0
135.797,23,13,1,false,0
135.797,23,13,2,false,0
135.797,23,13,5,false,0
135.894,64,54,0,false,0
135.894,64,54,1,false,0
135.894,64,54,4,false,0
136.06,100,4294967295,2,false,0
136.449,74,84,2,false,0
136.449,74,84,3,false,0
136.481,100,4294967295,3,false,0
136.523,63,64,2,false,0
136.523,63,64,3,false,0
136.523,63,64,6,false,0
136.523,63,64,7,false,0
136.523,63,64,8,false,0
136.523,63,64,9,false,0
136.698,13,3,3,false,0
136.698,13,3,4,false,0
136.698,13,3,6,false,0
136.698,13,3,7,false,0
136.698,13,3,8,false,0
136.698,13,3,9,false,0
136.8,23,33,1,false,0
136.8,32,33,1,false,0
136.8,32,33,3,false,0
136.8,32,33,8,false,0
136.8,43,33,1,false,0
136.8,43,33,3,false,0
136.8,43,33,8,false,0
136.802,83,93,2,false,0
136.802,83,93,3,false,0
136.802,83,93,4,false,0
136.802,83,93,5,false,0
136.802,92,93,2,false,0
136.802,92,93,3,false,0
136.802,92,93,4,false,0
136.802,92,93,5,false,0
136.865,100,4294967295,4,false,0
137.02,0,1,2,false,0
137.02,0,1,6,false,0
137.02,0,1,7,false,0
137.02,11,1,2,false,0
137.02,11,1,6,false,0
137.02,11,1,7,false,0
137.248,100,4294967295,5,false,0
137.312,84,94,0,false,0
137.312,84,94,7,false,0
137.53,100,4294967295,6,false,0
137.81,100,4294967295,7,false,0
138.008,100,4294967295,8,false,0
138.047,100,4294967295,9,false,0
138.084,100,4294967295,0,false,0
138.407,12,13,0,false,0
138.407,12,13,1,false,0
138.407,12,13,2,false,0
138.407,12,13,5,false,0
138.432,64,54,0,false,0
138.432,64,54,1,false,0
138.432,64,54,4,false,0
138.517,73,74,0,false,0
138.517,73,74,1,false,0
138.517,73,74,4,false,0
138.517,73,74,5,false,0
138.517,73,74,8,false,0
138.517,73,74,9,false,0
138.517,84,74,0,false,0
138.589,74,64,2,false,0
138.589,74,64,3,false,0
138.589,74,64,6,false,0
138.589,74,64,7,false,0
138.669,100,4294967295,1,false,0
138.738,83,84,1,false,0
138.738,83,84,2,false,0
138.738,83,84,3,false,0
138.738,83,84,4,false,0
138.738,83,84,5,false,0
138.738,83,84,8,false,0
138.738,83,84,9,false,0
138.95,92,93,2,false,0
138.95,92,93,3,false,0
138.95,92,93,4,false,0
138.95,92,93,5,false,0
139.148,23,33,1,false,0
139.148,43,33,1,false,0
139.148,43,33,3,false,0
139.148,43,33,8,false,0
139.224,100,4294967295,2,false,0
139.465,2,3,0,false,0
139.465,2,3,1,false,0
139.465,2,3,2,false,0
139.465,2,3,3,false,0
139.465,2,3,4,false,0
139.465,2,3,6,false,0
139.465,2,3,7,false,0
139.465,2,3,8,false,0
139.465,2,3,9,false,0
139.645,100,4294967295,3,false,0
140.029,100,4294967295,4,false,0
140.143,84,94,0,false,0
140.143,84,94,7,false,0
140.143,93,94,0,false,0
140.143,93,94,1,false,0
140.143,93,94,7,false,0
140.143,93,94,8,false,0
140.143,93,94,9,false,0
140.412,100,4294967295,5,false,0
140.455,13,23,3,false,0
140.455,13,23,6,false,0
140.455,13,23,8,false,0
140.464,3,13,5,false,0
140.464,23,13,0,false,0
140.464,23,13,1,false,0
140.464,23,13,2,false,0
140.464,23,13,5,false,0
140.694,100,4294967295,6,false,0
140.74,53,54,0,false,0
140.74,53,54,1,false,0
140.74,53,54,3,false,0
140.74,53,54,4,false,0
140.74,53,54,5,false,0
140.74,53,54,6,false,0
140.74,53,54,7,false,0
140.74,53,54,8,false,0
140.974,100,4294967295,7,false,0
141.168,74,84,2,false,0
141.168,74,84,3,false,0
141.172,100,4294967295,8,false,0
141.211,100,4294967295,9,false,0
141.248,100,4294967295,0,false,0
141.336,73,74,0,false,0
141.336,73,74,1,false,0
141.336,73,74,4,false,0
141.336,73,74,5,false,0
141.336,73,74,8,false,0
141.336,73,74,9,false,0
141.336,84,74,0,false,0
141.465,32,33,1,false,0
141.465,32,33,3,false,0
141.465,32,33,8,false,0
141.465,43,33,1,false,0
141.465,43,33,3,false,0
141.465,43,33,8,false,0
141.467,13,3,3,false,0
141.467,13,3,4,false,0
141.467,13,3,6,false,0
141.467,13,3,7,false,0
141.467,13,3,8,false,0
141.467,13,3,9,false,0
141.522,54,64,9,false,0
141.522,63,64,2,false,0
141.522,63,64,3,false,0
141.522,63,64,6,false,0
141.522,63,64,7,false,0
141.522,63,64,8,false,0
141.522,63,64,9,false,0
141.522,74,64,2,false,0
141.522,74,64,3,false,0
141.522,74,64,6,false,0
141.522,74,64,7,false,0
141.782,83,93,2,false,0
141.782,83,93,3,false,0
141.782,83,93,4,false,0
141.782,83,93,5,false,0
141.789,0,1,2,false,0
141.789,0,1,6,false,0
141.789,0,1,7,false,0
141.833,100,4294967295,1,false,0
142.388,100,4294967295,2,false,0
142.809,100,4294967295,3,false,0
142.845,84,94,0,false,0
142.845,84,94,7,false,0
143.193,100,4294967295,4,false,0
143.289,3,13,5,false,0
143.417,22,23,3,false,0
143.417,22,23,6,false,0
143.417,22,23,8,false,0
143.417,33,23,6,false,0
143.451,64,54,0,false,0
143.451,64,54,1,false,0
143.451,64,54,4,false,0
143.508,43,33,1,false,0
143.508,43,33,3,false,0
143.508,43,33,8,false,0
143.575,100,4294967295,5,false,0
143.711,83,84,1,false,0
143.711,83,84,2,false,0
143.711,83,84,3,false,0
143.711,83,84,4,false,0
143.711,83,84,5,false,0
143.711,83,84,8,false,0
143.711,83,84,9,false,0
143.849,0,1,2,false,0
143.849,0,1,6,false,0
143.849,0,1,7,false,0
143.849,2,1,2,false,0
143.849,2,1,6,false,0
143.849,2,1,7,false,0
143.849,11,1,2,false,0
143.849,11,1,6,false,0
143.849,11,1,7,false,0
143.857,100,4294967295,6,false,0
144.138,100,4294967295,7,false,0
144.209,64,74,0,false,0
144.209,64,74,1,false,0
144.209,64,74,4,false,0
144.209,84,74,0,false,0
144.336,100,4294967295,8,false,0
144.347,2,3,0,false,0
144.347,2,3,1,false,0
144.347,2,3,2,false,0
144.347,2,3,3,false,0
144.347,2,3,4,false,0
144.347,2,3,6,false,0
144.347,2,3,7,false,0
144.347,2,3,8,false,0
144.347,2,3,9,false,0
144.347,13,3,3,false,0
144.347,13,3,4,false,0
144.347,13,3,6,false,0
144.347,13,3,7,false,0
144.347,13,3,8,false,0
144.347,13,3,9,false,0
144.375,100,4294967295,9,false,0
144.412,100,4294967295,0,false,0
144.425,63,64,2,false,0
144.425,63,64,3,false,0
144.425,63,64,6,false,0
144.425,63,64,7,false,0
144.425,63,64,8,false,0
144.425,63,64,9,false,0
144.425,74,64,2,false,0
144.425,74,64,3,false,0
144.425,74,64,6,false,0
144.425,74,64,7,false,0
144.705,83,93,2,false,0
144.705,83,93,3,false,0
144.705,83,93,4,false,0
144.705,83,93,5,false,0
144.997,100,4294967295,1,false,0
145.248,84,94,0,false,0
145.248,84,94,7,false,0
145.552,100,4294967295,2,false,0
145.761,33,23,6,false,0
145.796,53,54,0,false,0
145.796,53,54,1,false,0
145.796,53,54,3,false,0
145.796,53,54,4,false,0
145.796,53,54,5,false,0
145.796,53,54,6,false,0
145.796,53,54,7,false,0
145.796,53,54,8,false,0
145.796,64,54,0,false,0
145.796,64,54,1,false,0
145.796,64,54,4,false,0
145.973,100,4294967295,3,false,0
146.119,12,13,0,false,0
146.119,12,13,1,false,0
146.119,12,13,2,false,0
146.119,12,13,5,false,0
146.357,100,4294967295,4,false,0
146.388,43,33,1,false,0
146.388,43,33,3,false,0
146.388,43,33,8,false,0
146.436,74,84,2,false,0
146.436,74,84,3,false,0
146.436,83,84,1,false,0
146.436,83,84,2,false,0
146.436,83,84,3,false,0
146.436,83,84,4,false,0
146.436,83,84,5,false,0
146.436,83,84,8,false,0
146.436,83,84,9,false,0
146.539,2,1,2,false,0
146.539,2,1,6,false,0
146.539,2,1,7,false,0
146.738,2,3,0,false,0
146.738,2,3,1,false,0
146.738,2,3,2,false,0
146.738,2,3,3,false,0
146.738,2,3,4,false,0
146.738,2,3,6,false,0
146.738,2,3,7,false,0
146.738,2,3,8,false,0
146.738,2,3,9,false,0
146.738,13,3,3,false,0
146.738,13,3,4,false,0
146.738,13,3,6,false,0
146.738,13,3,7,false,0
146.738,13,3,8,false,0
146.738,13,3,9,false,0
146.739,100,4294967295,5,false,0
146.824,54,64,9,false,0
146.991,64,74,0,false,0
146.991,64,74,1,false,0
146.991,64,74,4,false,0
146.991,73,74,0,false,0
146.991,73,74,1,false,0
146.991,73,74,4,false,0
146.991,73,74,5,false,0
146.991,73,74,8,false,0
146.991,73,74,9,false,0
146.991,84,74,0,false,0
147.021,100,4294967295,6,false,0
147.301,100,4294967295,7,false,0
147.418,84,94,0,false,0
147.418,84,94,7,false,0
147.5,100,4294967295,8,false,0
147.539,100,4294967295,9,false,0
147.576,100,4294967295,0,false,0
147.904,64,54,0,false,0
147.904,64,54,1,false,0
147.904,64,54,4,false,0
148.161,100,4294967295,1,false,0
148.299,13,23,3,false,0
148.299,13,23,6,false,0
148.299,13,23,8,false,0
148.299,22,23,3,false,0
148.299,22,23,6,false,0
148.299,22,23,8,false,0
148.471,32,33,1,false,0
148.471,32,33,3,false,0
148.471,32,33,8,false,0
148.471,43,33,1,false,0
148.471,43,33,3,false,0
148.471,43,33,8,false,0
148.607,0,1,2,false,0
148.607,0,1,6,false,0
148.607,0,1,7,false,0
148.607,2,1,2,false,0
148.607,2,1,6,false,0
148.607,2,1,7,false,0
148.607,11,1,2,false,0
148.607,11,1,6,false,0
148.607,11,1,7,false,0
148.696,3,13,5,false,0
148.716,100,4294967295,2,false,0
149.004,83,84,1,false,0
149.004,83,84,2,false,0
149.004,83,84,3,false,0
149.004,83,84,4,false,0
149.004,83,84,5,false,0
149.004,83,84,8,false,0
149.004,83,84,9,false,0
149.137,100,4294967295,3,false,0
149.485,13,3,3,false,0
149.485,13,3,4,false,0
149.485,13,3,6,false,0
149.485,13,3,7,false,0
149.485,13,3,8,false,0
149.485,13,3,9,false,0
149.521,100,4294967295,4,false,0
149.539,83,93,2,false,0
149.539,83,93,3,false,0
149.539,83,93,4,false,0
149.539,83,93,5,false,0
149.539,92,93,2,false,0
149.539,92,93,3,false,0
149.539,92,93,4,false,0
149.539,92,93,5,false,0
149.584,64,74,0,false,0
149.584,64,74,1,false,0
149.584,64,74,4,false,0
149.617,63,64,2,false,0
149.617,63,64,3,false,0
149.617,63,64,6,false,0
149.617,63,64,7,false,0
149.617,63,64,8,false,0
149.617,63,64,9,false,0
149.617,74,64,2,false,0
149.617,74,64,3,false,0
149.617,74,64,6,false,0
149.617,74,64,7,false,0
149.618,84,94,0,false,0
149.618,84,94,7,false,0
149.618,93,94,0,false,0
149.618,93,94,1,false,0
149.618,93,94,7,false,0
149.618,93,94,8,false,0
149.618,93,94,9,false,0
149.903,100,4294967295,5,false,0
150.185,100,4294967295,6,false,0
150.465,100,4294967295,7,false,0
150.611,0,1,2,false,0
150.611,0,1,6,false,0
150.611,0,1,7,false,0
150.611,2,1,2,false,0
150.611,2,1,6,false,0
150.611,2,1,7,false,0
150.611,11,1,2,false,0
150.611,11,1,6,false,0
150.611,11,1,7,false,0
150.663,100,4294967295,8,false,0
150.667,32,33,1,false,0
150.667,32,33,3,false,0
150.667,32,33,8,false,0
150.703,100,4294967295,9,false,0
150.74,100,4294967295,0,false,0
150.783,13,23,3,false,0
150.783,13,23,6,false,0
150.783,13,23,8,false,0
150.783,22,23,3,false,0
150.783,22,23,6,false,0
150.783,22,23,8,false,0
151.222,12,13,0,false,0
151.222,12,13,1,false,0
151.222,12,13,2,false,0
151.222,12,13,5,false,0
151.222,23,13,0,false,0
151.222,23,13,1,false,0
151.222,23,13,2,false,0
151.222,23,13,5,false,0
151.325,100,4294967295,1,false,0
151.616,83,84,1,false,0
151.616,83,84,2,false,0
151.616,83,84,3,false,0
151.616,83,84,4,false,0
151.616,83,84,5,false,0
151.616,83,84,8,false,0
151.616,83,84,9,false,0
151.724,13,3,3,false,0
151.724,13,3,4,false,0
151.724,13,3,6,false,0
151.724,13,3,7,false,0
151.724,13,3,8,false,0
151.724,13,3,9,false,0
151.879,100,4294967295,2,false,0
152.301,100,4294967295,3,false,0
152.346,63,64,2,false,0
152.346,63,64,3,false,0
152.346,63,64,6,false,0
152.346,63,64,7,false,0
152.346,63,64,8,false,0
152.346,63,64,9,false,0
152.346,74,64,2,false,0
152.346,74,64,3,false,0
152.346,74,64,6,false,0
152.346,74,64,7,false,0
152.357,64,74,0,false,0
152.357,64,74,1,false,0
152.357,64,74,4,false,0
152.357,73,74,0,false,0
152.357,73,74,1,false,0
152.357,73,74,4,false,0
152.357,73,74,5,false,0
152.357,73,74,8,false,0
152.357,73,74,9,false,0
152.357,84,74,0,false,0
152.685,100,4294967295,4,false,0
152.844,11,1,2,false,0
152.844,11,1,6,false,0
152.844,11,1,7,false,0
152.902,13,23,3,false,0
152.902,13,23,6,false,0
152.902,13,23,8,false,0
153.011,23,33,1,false,0
153.011,32,33,1,false,0
153.011,32,33,3,false,0
153.011,32,33,8,false,0
153.067,100,4294967295,5,false,0
153.349,100,4294967295,6,false,0
153.364,64,54,0,false,0
153.364,64,54,1,false,0
153.364,64,54,4,false,0
153.629,100,4294967295,7,false,0
153.682,3,13,5,false,0
153.682,12,13,0,false,0
153.682,12,13,1,false,0
153.682,12,13,2,false,0
153.682,12,13,5,false,0
153.827,100,4294967295,8,false,0
153.867,100,4294967295,9,false,0
153.903,100,4294967295,0,false,0
154.373,2,3,0,false,0
154.373,2,3,1,false,0
154.373,2,3,2,false,0
154.373,2,3,3,false,0
154.373,2,3,4,false,0
154.373,2,3,6,false,0
154.373,2,3,7,false,0
154.373,2,3,8,false,0
154.373,2,3,9,false,0
154.373,13,3,3,false,0
154.373,13,3,4,false,0
154.373,13,3,6,false,0
154.373,13,3,7,false,0
154.373,13,3,8,false,0
154.373,13,3,9,false,0
154.384,64,74,0,false,0
154.384,64,74,1,false,0
154.384,64,74,4,false,0
154.384,73,74,0,false,0
154.384,73,74,1,false,0
154.384,73,74,4,false,0
154.384,73,74,5,false,0
154.384,73,74,8,false,0
154.384,73,74,9,false,0
154.384,84,74,0,false,0
154.429,63,64,2,false,0
154.429,63,64,3,false,0
154.429,63,64,6,false,0
154.429,63,64,7,false,0
154.429,63,64,8,false,0
154.429,63,64,9,false,0
154.449,84,94,0,false,0
154.449,84,94,7,false,0
154.449,93,94,0,false,0
154.449,93,94,1,false,0
154.449,93,94,7,false,0
154.449,93,94,8,false,0
154.449,93,94,9,false,0
154.489,100,4294967295,1,false,0
155.043,100,4294967295,2,false,0
155.083,0,1,2,false,0
155.083,0,1,6,false,0
155.083,0,1,7,false,0
155.083,2,1,2,false,0
155.083,2,1,6,false,0
155.083,2,1,7,false,0
155.083,11,1,2,false,0
155.083,11,1,6,false,0
155.083,11,1,7,false,0
155.417,13,23,3,false,0
155.417,13,23,6,false,0
155.417,13,23,8,false,0
155.465,100,4294967295,3,false,0
155.541,32,33,1,false,0
155.541,32,33,3,false,0
155.541,32,33,8,false,0
155.541,43,33,1,false,0
155.541,43,33,3,false,0
155.541,43,33,8,false,0
155.849,100,4294967295,4,false,0
156.096,53,54,0,false,0
156.096,53,54,1,false,0
156.096,53,54,3,false,0
156.096,53,54,4,false,0
156.096,53,54,5,false,0
156.096,53,54,6,false,0
156.096,53,54,7,false,0
156.096,53,54,8,false,0
156.231,100,4294967295,5,false,0
156.513,100,4294967295,6,false,0
156.514,3,13,5,false,0
156.514,23,13,0,false,0
156.514,23,13,1,false,0
156.514,23,13,2,false,0
156.514,23,13,5,false,0
156.793,100,4294967295,7,false,0
156.857,64,74,0,false,0
156.857,64,74,1,false,0
156.857,64,74,4,false,0
156.857,84,74,0,false,0
156.894,93,94,0,false,0
156.894,93,94,1,false,0
156.894,93,94,7,false,0
156.894,93,94,8,false,0
156.894,93,94,9,false,0
156.991,100,4294967295,8,false,0
157.031,100,4294967295,9,false,0
157.067,100,4294967295,0,false,0
157.083,54,64,9,false,0
157.207,83,93,2,false,0
157.207,83,93,3,false,0
157.207,83,93,4,false,0
157.207,83,93,5,false,0
157.252,2,3,0,false,0
157.252,2,3,1,false,0
157.252,2,3,2,false,0
157.252,2,3,3,false,0
157.252,2,3,4,false,0
157.252,2,3,6,false,0
157.252,2,3,7,false,0
157.252,2,3,8,false,0
157.252,2,3,9,false,0
157.252,13,3,3,false,0
157.252,13,3,4,false,0
157.252,13,3,6,false,0
157.252,13,3,7,false,0
157.252,13,3,8,false,0
157.252,13,3,9,false,0
157.537,83,84,1,false,0
157.537,83,84,2,false,0
157.537,83,84,3,false,0
157.537,83,84,4,false,0
157.537,83,84,5,false,0
157.537,83,84,8,false,0
157.537,83,84,9,false,0
157.621,22,23,3,false,0
157.621,22,23,6,false,0
157.621,22,23,8,false,0
157.653,100,4294967295,1,false,0
157.784,0,1,2,false,0
157.784,0,1,6,false,0
157.784,0,1,7,false,0
157.784,2,1,2,false,0
157.784,2,1,6,false,0
157.784,2,1,7,false,0
157.784,11,1,2,false,0
157.784,11,1,6,false,0
157.784,11,1,7,false,0
157.929,23,33,1,false,0
157.929,43,33,1,false,0
157.929,43,33,3,false,0
157.929,43,33,8,false,0
158.207,100,4294967295,2,false,0
158.42,53,54,0,false,0
158.42,53,54,1,false,0
158.42,53,54,3,false,0
158.42,53,54,4,false,0
158.42,53,54,5,false,0
158.42,53,54,6,false,0
158.42,53,54,7,false,0
158.42,53,54,8,false,0
158.42,64,54,0,false,0
158.42,64,54,1,false,0
158.42,64,54,4,false,0
158.629,100,4294967295,3,false,0
158.67,3,13,5,false,0
158.67,12,13,0,false,0
158.67,12,13,1,false,0
158.67,12,13,2,false,0
158.67,12,13,5,false,0
158.67,23,13,0,false,0
158.67,23,13,1,false,0
158.67,23,13,2,false,0
158.67,23,13,5,false,0
159.012,100,4294967295,4,false,0
159.07,84,94,0,false,0
159.07,84,94,7,false,0
159.07,93,94,0,false,0
159.07,93,94,1,false,0
159.07,93,94,7,false,0
159.07,93,94,8,false,0
159.07,93,94,9,false,0
159.366,73,74,0,false,0
159.366,73,74,1,false,0
159.366,73,74,4,false,0
159.366,73,74,5,false,0
159.366,73,74,8,false,0
159.366,73,74,9,false,0
159.395,100,4294967295,5,false,0
159.639,22,23,3,false,0
159.639,22,23,6,false,0
159.639,22,23,8,false,0
159.677,100,4294967295,6,false,0
159.957,100,4294967295,7,false,0
159.974,2,3,0,false,0
159.974,2,3,1,false,0
159.974,2,3,2,false,0
159.974,2,3,3,false,0
159.974,2,3,4,false,0
159.974,2,3,6,false,0
159.974,2,3,7,false,0
159.974,2,3,8,false,0
159.974,2,3,9,false,0
159.974,13,3,3,false,0
159.974,13,3,4,false,0
159.974,13,3,6,false,0
159.974,13,3,7,false,0
159.974,13,3,8,false,0
159.974,13,3,9,false,0
159.99,54,64,9,false,0
159.99,74,64,2,false,0
159.99,74,64,3,false,0
159.99,74,64,6,false,0
159.99,74,64,7,false,0
160.056,23,33,1,false,0
160.056,43,33,1,false,0
160.056,43,33,3,false,0
160.056,43,33,8,false,0
160.155,100,4294967295,8,false,0
160.195,100,4294967295,9,false,0
160.231,100,4294967295,0,false,0
160.435,74,84,2,false,0
160.435,74,84,3,false,0
160.435,83,84,1,false,0
160.435,83,84,2,false,0
160.435,83,84,3,false,0
160.435,83,84,4,false,0
160.435,83,84,5,false,0
160.435,83,84,8,false,0
160.435,83,84,9,false,0
160.447,0,1,2,false,0
160.447,0,1,6,false,0
160.447,0,1,7,false,0
160.817,100,4294967295,1,false,0
161.214,3,13,5,false,0
161.214,23,13,0,false,0
161.214,23,13,1,false,0
161.214,23,13,2,false,0
161.214,23,13,5,false,0
161.366,84,94,0,false,0
161.366,84,94,7,false,0
161.366,93,94,0,false,0
161.366,93,94,1,false,0
161.366,93,94,7,false,0
161.366,93,94,8,false,0
161.366,93,94,9,false,0
161.371,100,4294967295,2,false,0
161.411,73,74,0,false,0
161.411,73,74,1,false,0
161.411,73,74,4,false,0
161.411,73,74,5,false,0
161.411,73,74,8,false,0
161.411,73,74,9,false,0
161.411,84,74,0,false,0
161.793,100,4294967295,3,false,0
161.99,13,3,3,false,0
161.99,13,3,4,false,0
161.99,13,3,6,false,0
161.99,13,3,7,false,0
161.99,13,3,8,false,0
161.99,13,3,9,false,0
162.075,22,23,3,false,0
162.075,22,23,6,false,0
162.075,22,23,8,false,0
162.176,100,4294967295,4,false,0
162.245,63,64,2,false,0
162.245,63,64,3,false,0
162.245,63,64,6,false,0
162.245,63,64,7,false,0
162.245,63,64,8,false,0
162.245,63,64,9,false,0
162.381,32,33,1,false,0
162.381,32,33,3,false,0
162.381,32,33,8,false,0
162.381,43,33,1,false,0
162.381,43,33,3,false,0
162.381,43,33,8,false,0
162.438,83,84,1,false,0
162.438,83,84,2,false,0
162.438,83,84,3,false,0
162.438,83,84,4,false,0
162.438,83,84,5,false,0
162.438,83,84,8,false,0
162.438,83,84,9,false,0
162.559,100,4294967295,5,false,0
162.567,83,93,2,false,0
162.567,83,93,3,false,0
162.567,83,93,4,false,0
162.567,83,93,5,false,0
162.567,92,93,2,false,0
162.567,92,93,3,false,0
162.567,92,93,4,false,0
162.567,92,93,5,false,0
162.841,100,4294967295,6,false,0
163.121,100,4294967295,7,false,0
163.315,11,1,2,false,0
163.315,11,1,6,false,0
163.315,11,1,7,false,0
163.319,100,4294967295,8,false,0
163.359,100,4294967295,9,false,0
163.395,100,4294967295,0,false,0
163.551,53,54,0,false,0
163.551,53,54,1,false,0
163.551,53,54,3,false,0
163.551,53,54,4,false,0
163.551,53,54,5,false,0
163.551,53,54,6,false,0
163.551,53,54,7,false,0
163.551,53,54,8,false,0
163.761,64,74,0,false,0
163.761,64,74,1,false,0
163.761,64,74,4,false,0
163.761,73,74,0,false,0
163.761,73,74,1,false,0
163.761,73,74,4,false,0
163.761,73,74,5,false,0
163.761,73,74,8,false,0
163.761,73,74,9,false,0
163.882,84,94,0,false,0
163.882,84,94,7,false,0
163.882,93,94,0,false,0
163.882,93,94,1,false,0
163.882,93,94,7,false,0
163.882,93,94,8,false,0
163.882,93,94,9,false,0
163.931,3,13,5,false,0
163.931,23,13,0,false,0
163.931,23,13,1,false,0
163.931,23,13,2,false,0
163.931,23,13,5,false,0
163.98,100,4294967295,1,false,0
164.208,2,3,0,false,0
164.208,2,3,1,false,0
164.208,2,3,2,false,0
164.208,2,3,3,false,0
164.208,2,3,4,false,0
164.208,2,3,6,false,0
164.208,2,3,7,false,0
164.208,2,3,8,false,0
164.208,2,3,9,false,0
164.208,13,3,3,false,0
164.208,13,3,4,false,0
164.208,13,3,6,false,0
164.208,13,3,7,false,0
164.208,13,3,8,false,0
164.208,13,3,9,false,0
164.466,13,23,3,false,0
164.466,13,23,6,false,0
164.466,13,23,8,false,0
164.466,22,23,3,false,0
164.466,22,23,6,false,0
164.466,22,23,8,false,0
164.466,33,23,6,false,0
164.535,100,4294967295,2,false,0
164.876,63,64,2,false,0
164.876,63,64,3,false,0
164.876,63,64,6,false,0
164.876,63,64,7,false,0
164.876,63,64,8,false,0
164.876,63,64,9,false,0
164.957,100,4294967295,3,false,0
165.059,23,33,1,false,0
165.059,32,33,1,false,0
165.059,32,33,3,false,0
165.059,32,33,8,false,0
165.059,43,33,1,false,0
165.059,43,33,3,false,0
165.059,43,33,8,false,0
165.34,100,4294967295,4,false,0
165.438,83,93,2,false,0
165.438,83,93,3,false,0
165.438,83,93,4,false,0
165.438,83,93,5,false,0
165.438,92,93,2,false,0
165.438,92,93,3,false,0
165.438,92,93,4,false,0
165.438,92,93,5,false,0
165.666,2,1,2,false,0
165.666,2,1,6,false,0
165.666,2,1,7,false,0
165.666,11,1,2,false,0
165.666,11,1,6,false,0
165.666,11,1,7,false,0
165.723,100,4294967295,5,false,0
166.005,100,4294967295,6,false,0
166.285,100,4294967295,7,false,0
166.452,93,94,0,false,0
166.452,93,94,1,false,0
166.452,93,94,7,false,0
166.452,93,94,8,false,0
166.452,93,94,9,false,0
166.483,100,4294967295,8,false,0
166.522,100,4294967295,9,false,0
166.559,100,4294967295,0,false,0
166.6,2,3,0,false,0
166.6,2,3,1,false,0
166.6,2,3,2,false,0
166.6,2,3,3,false,0
166.6,2,3,4,false,0
166.6,2,3,6,false,0
166.6,2,3,7,false,0
166.6,2,3,8,false,0
166.6,2,3,9,false,0
166.6,13,3,3,false,0
166.6,13,3,4,false,0
166.6,13,3,6,false,0
166.6,13,3,7,false,0
166.6,13,3,8,false,0
166.6,13,3,9,false,0
166.633,64,74,0,false,0
166.633,64,74,1,false,0
166.633,64,74,4,false,0
166.633,73,74,0,false,0
166.633,73,74,1,false,0
166.633,73,74,4,false,0
166.633,73,74,5,false,0
166.633,73,74,8,false,0
166.633,73,74,9,false,0
166.633,84,74,0,false,0
166.707,12,13,0,false,0
166.707,12,13,1,false,0
166.707,12,13,2,false,0
166.707,12,13,5,false,0
166.871,13,23,3,false,0
166.871,13,23,6,false,0
166.871,13,23,8,false,0
166.871,22,23,3,false,0
166.871,22,23,6,false,0
166.871,22,23,8,false,0
166.871,33,23,6,false,0
167.144,100,4294967295,1,false,0
167.321,54,64,9,false,0
167.321,74,64,2,false,0
167.321,74,64,3,false,0
167.321,74,64,6,false,0
167.321,74,64,7,false,0
167.699,100,4294967295,2,false,0
167.825,32,33,1,false,0
167.825,32,33,3,false,0
167.825,32,33,8,false,0
167.825,43,33,1,false,0
167.825,43,33,3,false,0
167.825,43,33,8,false,0
168.12,100,4294967295,3,false,0
168.157,53,54,0,false,0
168.157,53,54,1,false,0
168.157,53,54,3,false,0
168.157,53,54,4,false,0
168.157,53,54,5,false,0
168.157,53,54,6,false,0
168.157,53,54,7,false,0
168.157,53,54,8,false,0
168.311,2,1,2,false,0
168.311,2,1,6,false,0
168.311,2,1,7,false,0
168.343,83,93,2,false,0
168.343,83,93,3,false,0
168.343,83,93,4,false,0
168.343,83,93,5,false,0
168.343,92,93,2,false,0
168.343,92,93,3,false,0
168.343,92,93,4,false,0
168.343,92,93,5,false,0
168.504,100,4294967295,4,false,0
168.829,3,13,5,false,0
168.829,12,13,0,false,0
168.829,12,13,1,false,0
168.829,12,13,2,false,0
168.829,12,13,5,false,0
168.829,23,13,0,false,0
168.829,23,13,1,false,0
168.829,23,13,2,false,0
168.829,23,13,5,false,0
168.887,100,4294967295,5,false,0
169.169,100,4294967295,6,false,0
169.21,2,3,0,false,0
169.21,2,3,1,false,0
169.21,2,3,2,false,0
169.21,2,3,3,false,0
169.21,2,3,4,false,0
169.21,2,3,6,false,0
169.21,2,3,7,false,0
169.21,2,3,8,false,0
169.21,2,3,9,false,0
169.21,13,3,3,false,0
169.21,13,3,4,false,0
169.21,13,3,6,false,0
169.21,13,3,7,false,0
169.21,13,3,8,false,0
169.21,13,3,9,false,0
169.329,74,84,2,false,0
169.329,74,84,3,false,0
169.329,83,84,1,false,0
169.329,83,84,2,false,0
169.329,83,84,3,false,0
169.329,83,84,4,false,0
169.329,83,84,5,false,0
169.329,83,84,8,false,0
169.329,83,84,9,false,0
169.373,93,94,0,false,0
169.373,93,94,1,false,0
169.373,93,94,7,false,0
169.373,93,94,8,false,0
169.373,93,94,9,false,0
169.39,63,64,2,false,0
169.39,63,64,3,false,0
169.39,63,64,6,false,0
169.39,63,64,7,false,0
169.39,63,64,8,false,0
169.39,63,64,9,false,0
169.449,100,4294967295,7,false,0
169.498,13,23,3,false,0
169.498,13,23,6,false,0
169.498,13,23,8,false,0
169.498,22,23,3,false,0
169.498,22,23,6,false,0
169.498,22,23,8,false,0
169.599,64,74,0,false,0
169.599,64,74,1,false,0
169.599,64,74,4,false,0
169.599,84,74,0,false,0
169.647,100,4294967295,8,false,0
169.686,100,4294967295,9,false,0
169.723,100,4294967295,0,false,0
170.308,100,4294967295,1,false,0
170.41,53,54,0,false,0
170.41,53,54,1,false,0
170.41,53,54,3,false,0
170.41,53,54,4,false,0
170.41,53,54,5,false,0
170.41,53,54,6,false,0
170.41,53,54,7,false,0
170.41,53,54,8,false,0
170.41,64,54,0,false,0
170.41,64,54,1,false,0
170.41,64,54,4,false,0
170.75,2,1,2,false,0
170.75,2,1,6,false,0
170.75,2,1,7,false,0
170.75,83,93,2,false,0
170.75,83,93,3,false,0
170.75,83,93,4,false,0
170.75,83,93,5,false,0
170.75,92,93,2,false,0
170.75,92,93,3,false,0
170.75,92,93,4,false,0
170.75,92,93,5,false,0
170.863,100,4294967295,2,false,0
170.923,3,13,5,false,0
170.923,23,13,0,false,0
170.923,23,13,1,false,0
170.923,23,13,2,false,0
170.923,23,13,5,false,0
171.284,100,4294967295,3,false,0
171.569,33,23,6,false,0
171.578,2,3,0,false,0
171.578,2,3,1,false,0
171.578,2,3,2,false,0
171.578,2,3,3,false,0
171.578,2,3,4,false,0
171.578,2,3,6,false,0
171.578,2,3,7,false,0
171.578,2,3,8,false,0
171.578,2,3,9,false,0
171.578,13,3,3,false,0
171.578,13,3,4,false,0
171.578,13,3,6,false,0
171.578,13,3,7,false,0
171.578,13,3,8,false,0
171.578,13,3,9,false,0
171.668,100,4294967295,4,false,0
171.727,93,94,0,false,0
171.727,93,94,1,false,0
171.727,93,94,7,false,0
171.727,93,94,8,false,0
171.727,93,94,9,false,0
171.91,64,74,0,false,0
171.91,64,74,1,false,0
171.91,64,74,4,false,0
171.91,84,74,0,false,0
172.003,54,64,9,false,0
172.051,100,4294967295,5,false,0
172.254,83,84,1,false,0
172.254,83,84,2,false,0
172.254,83,84,3,false,0
172.254,83,84,4,false,0
172.254,83,84,5,false,0
172.254,83,84,8,false,0
172.254,83,84,9,false,0
172.333,100,4294967295,6,false,0
172.5,53,54,0,false,0
172.5,53,54,1,false,0
172.5,53,54,3,false,0
172.5,53,54,4,false,0
172.5,53,54,5,false,0
172.5,53,54,6,false,0
172.5,53,54,7,false,0
172.5,53,54,8,false,0
172.5,64,54,0,false,0
172.5,64,54,1,false,0
172.5,64,54,4,false,0
172.516,23,33,1,false,0
172.516,43,33,1,false,0
172.516,43,33,3,false,0
172.516,43,33,8,false,0
172.613,100,4294967295,7,false,0
172.811,100,4294967295,8,false,0
172.85,100,4294967295,9,false,0
172.887,100,4294967295,0,false,0
173.215,0,1,2,false,0
173.215,0,1,6,false,0
173.215,0,1,7,false,0
173.215,2,1,2,false,0
173.215,2,1,6,false,0
173.215,2,1,7,false,0
173.215,11,1,2,false,0
173.215,11,1,6,false,0
173.215,11,1,7,false,0
173.318,12,13,0,false,0
173.318,12,13,1,false,0
173.318,12,13,2,false,0
173.318,12,13,5,false,0
173.318,23,13,0,false,0
173.318,23,13,1,false,0
173.318,23,13,2,false,0
173.318,23,13,5,false,0
173.401,92,93,2,false,0
173.401,92,93,3,false,0
173.401,92,93,4,false,0
173.401,92,93,5,false,0
173.472,100,4294967295,1,false,0
174.002,2,3,0,false,0
174.002,2,3,1,false,0
174.002,2,3,2,false,0
174.002,2,3,3,false,0
174.002,2,3,4,false,0
174.002,2,3,6,false,0
174.002,2,3,7,false,0
174.002,2,3,8,false,0
174.002,2,3,9,false,0
174.002,13,3,3,false,0
174.002,13,3,4,false,0
174.002,13,3,6,false,0
174.002,13,3,7,false,0
174.002,13,3,8,false,0
174.002,13,3,9,false,0
174.027,100,4294967295,2,false,0
174.054,74,64,2,false,0
174.054,74,64,3,false,0
174.054,74,64,6,false,0
174.054,74,64,7,false,0
174.163,13,23,3,false,0
174.163,13,23,6,false,0
174.163,13,23,8,false,0
174.163,33,23,6,false,0
174.389,93,94,0,false,0
174.389,93,94,1,false,0
174.389,93,94,7,false,0
174.389,93,94,8,false,0
174.389,93,94,9,false,0
174.448,100,4294967295,3,false,0
174.751,83,84,1,false,0
174.751,83,84,2,false,0
174.751,83,84,3,false,0
174.751,83,84,4,false,0
174.751,83,84,5,false,0
174.751,83,84,8,false,0
174.751,83,84,9,false,0
174.776,84,74,0,false,0
174.832,100,4294967295,4,false,0
174.998,23,33,1,false,0
174.998,32,33,1,false,0
174.998,32,33,3,false,0
174.998,32,33,8,false,0
174.998,43,33,1,false,0
174.998,43,33,3,false,0
174.998,43,33,8,false,0
175.214,100,4294967295,5,false,0
175.497,100,4294967295,6,false,0
175.744,2,1,2,false,0
175.744,2,1,6,false,0
175.744,2,1,7,false,0
175.744,11,1,2,false,0
175.744,11,1,6,false,0
175.744,11,1,7,false,0
175.777,100,4294967295,7,false,0
175.844,83,93,2,false,0
175.844,83,93,3,false,0
175.844,83,93,4,false,0
175.844,83,93,5,false,0
175.844,92,93,2,false,0
175.844,92,93,3,false,0
175.844,92,93,4,false,0
175.844,92,93,5,false,0
175.865,3,13,5,false,0
175.865,12,13,0,false,0
175.865,12,13,1,false,0
175.865,12,13,2,false,0
175.865,12,13,5,false,0
175.865,23,13,0,false,0
175.865,23,13,1,false,0
175.865,23,13,2,false,0
175.865,23,13,5,false,0
175.975,100,4294967295,8,false,0
176.014,100,4294967295,9,false,0
176.051,100,4294967295,0,false,0
176.327,13,23,3,false,0
176.327,13,23,6,false,0
176.327,13,23,8,false,0
176.327,22,23,3,false,0
176.327,22,23,6,false,0
176.327,22,23,8,false,0
176.327,33,23,6,false,0
176.362,13,3,3,false,0
176.362,13,3,4,false,0
176.362,13,3,6,false,0
176.362,13,3,7,false,0
176.362,13,3,8,false,0
176.362,13,3,9,false,0
176.636,100,4294967295,1,false,0
176.956,74,84,2,false,0
176.956,74,84,3,false,0
177.006,54,64,9,false,0
177.006,74,64,2,false,0
177.006,74,64,3,false,0
177.006,74,64,6,false,0
177.006,74,64,7,false,0
177.049,64,74,0,false,0
177.049,64,74,1,false,0
177.049,64,74,4,false,0
177.049,73,74,0,false,0
177.049,73,74,1,false,0
177.049,73,74,4,false,0
177.049,73,74,5,false,0
177.049,73,74,8,false,0
177.049,73,74,9,false,0
177.172,23,33,1,false,0
177.191,100,4294967295,2,false,0
177.312,84,94,0,false,0
177.312,84,94,7,false,0
177.312,93,94,0,false,0
177.312,93,94,1,false,0
177.312,93,94,7,false,0
177.312,93,94,8,false,0
177.312,93,94,9,false,0
177.612,100,4294967295,3,false,0
177.744,53,54,0,false,0
177.744,53,54,1,false,0
177.744,53,54,3,false,0
177.744,53,54,4,false,0
177.744,53,54,5,false,0
177.744,53,54,6,false,0
177.744,53,54,7,false,0
177.744,53,54,8,false,0
177.996,100,4294967295,4,false,0
178.347,83,93,2,false,0
178.347,83,93,3,false,0
178.347,83,93,4,false,0
178.347,83,93,5,false,0
178.378,100,4294967295,5,false,0
178.659,0,1,2,false,0
178.659,0,1,6,false,0
178.659,0,1,7,false,0
178.659,2,1,2,false,0
178.659,2,1,6,false,0
178.659,2,1,7,false,0
178.659,11,1,2,false,0
178.659,11,1,6,false,0
178.659,11,1,7,false,0
178.66,100,4294967295,6,false,0
178.721,3,13,5,false,0
178.728,2,3,0,false,0
178.728,2,3,1,false,0
178.728,2,3,2,false,0
178.728,2,3,3,false,0
178.728,2,3,4,false,0
178.728,2,3,6,false,0
178.728,2,3,7,false,0
178.728,2,3,8,false,0
178.728,2,3,9,false,0
178.94,100,4294967295,7,false,0
179.05,74,84,2,false,0
179.05,74,84,3,false,0
179.05,83,84,1,false,0
179.05,83,84,2,false,0
179.05,83,84,3,false,0
179.05,83,84,4,false,0
179.05,83,84,5,false,0
179.05,83,84,8,false,0
179.05,83,84,9,false,0
179.085,22,23,3,false,0
179.085,22,23,6,false,0
179.085,22,23,8,false,0
179.139,100,4294967295,8,false,0
179.178,100,4294967295,9,false,0
179.215,100,4294967295,0,false,0
179.238,54,64,9,false,0
179.238,63,64,2,false,0
179.238,63,64,3,false,0
179.238,63,64,6,false,0
179.238,63,64,7,false,0
179.238,63,64,8,false,0
179.238,63,64,9,false,0
179.238,74,64,2,false,0
179.238,74,64,3,false,0
179.238,74,64,6,false,0
179.238,74,64,7,false,0
179.8,100,4294967295,1,false,0
179.83,73,74,0,false,0
179.83,73,74,1,false,0
179.83,73,74,4,false,0
179.83,73,74,5,false,0
179.83,73,74,8,false,0
179.83,73,74,9,false,0
179.872,32,33,1,false,0
179.872,32,33,3,false,0
179.872,32,33,8,false,0
180.149,53,54,0,false,0
180.149,53,54,1,false,0
180.149,53,54,3,false,0
180.149,53,54,4,false,0
180.149,53,54,5,false,0
180.149,53,54,6,false,0
180.149,53,54,7,false,0
180.149,53,54,8,false,0
180.149,64,54,0,false,0
180.149,64,54,1,false,0
180.149,64,54,4,false,0
180.304,84,94,0,false,0
180.304,84,94,7,false,0
180.304,93,94,0,false,0
180.304,93,94,1,false,0
180.304,93,94,7,false,0
180.304,93,94,8,false,0
180.304,93,94,9,false,0
180.355,100,4294967295,2,false,0
180.583,83,93,2,false,0
180.583,83,93,3,false,0
180.583,83,93,4,false,0
180.583,83,93,5,false,0
180.583,92,93,2,false,0
180.583,92,93,3,false,0
180.583,92,93,4,false,0
180.583,92,93,5,false,0
180.776,100,4294967295,3,false,0
180.776,13,3,3,false,0
180.776,13,3,4,false,0
180.776,13,3,6,false,0
180.776,13,3,7,false,0
180.776,13,3,8,false,0
180.776,13,3,9,false,0
181.061,3,13,5,false,0
181.061,12,13,0,false,0
181.061,12,13,1,false,0
181.061,12,13,2,false,0
181.061,12,13,5,false,0
181.16,100,4294967295,4,false,0
181.415,0,1,2,false,0
181.415,0,1,6,false,0
181.415,0,1,7,false,0
181.415,2,1,2,false,0
181.415,2,1,6,false,0
181.415,2,1,7,false,0
181.415,11,1,2,false,0
181.415,11,1,6,false,0
181.415,11,1,7,false,0
181.542,100,4294967295,5,false,0
181.824,100,4294967295,6,false,0
182.007,64,74,0,false,0
182.007,64,74,1,false,0
182.007,64,74,4,false,0
182.007,84,74,0,false,0
182.059,13,23,3,false,0
182.059,13,23,6,false,0
182.059,13,23,8,false,0
182.059,22,23,3,false,0
182.059,22,23,6,false,0
182.059,22,23,8,false,0
182.059,33,23,6,false,0
182.104,100,4294967295,7,false,0
182.181,54,64,9,false,0
182.181,63,64,2,false,0
182.181,63,64,3,false,0
182.181,63,64,6,false,0
182.181,63,64,7,false,0
182.181,63,64,8,false,0
182.181,63,64,9,false,0
182.181,74,64,2,false,0
182.181,74,64,3,false,0
182.181,74,64,6,false,0
182.181,74,64,7,false,0
182.302,100,4294967295,8,false,0
182.342,100,4294967295,9,false,0
182.379,100,4294967295,0,false,0
182.433,53,54,0,false,0
182.433,53,54,1,false,0
182.433,53,54,3,false,0
182.433,53,54,4,false,0
182.433,53,54,5,false,0
182.433,53,54,6,false,0
182.433,53,54,7,false,0
182.433,53,54,8,false,0
182.621,43,33,1,false,0
182.621,43,33,3,false,0
182.621,43,33,8,false,0
182.635,83,93,2,false,0
182.635,83,93,3,false,0
182.635,83,93,4,false,0
182.635,83,93,5,false,0
182.635,92,93,2,false,0
182.635,92,93,3,false,0
182.635,92,93,4,false,0
182.635,92,93,5,false,0
182.939,2,3,0,false,0
182.939,2,3,1,false,0
182.939,2,3,2,false,0
182.939,2,3,3,false,0
182.939,2,3,4,false,0
182.939,2,3,6,false,0
182.939,2,3,7,false,0
182.939,2,3,8,false,0
182.939,2,3,9,false,0
182.939,13,3,3,false,0
182.939,13,3,4,false,0
182.939,13,3,6,false,0
182.939,13,3,7,false,0
182.939,13,3,8,false,0
182.939,13,3,9,false,0
182.964,100,4294967295,1,false,0
183.188,84,94,0,false,0
183.188,84,94,7,false,0
183.518,100,4294967295,2,false,0
183.669,74,84,2,false,0
183.669,74,84,3,false,0
183.669,83,84,1,false,0
183.669,83,84,2,false,0
183.669,83,84,3,false,0
183.669,83,84,4,false,0
183.669,83,84,5,false,0
183.669,83,84,8,false,0
183.669,83,84,9,false,0
183.778,0,1,2,false,0
183.778,0,1,6,false,0
183.778,0,1,7,false,0
183.778,2,1,2,false,0
183.778,2,1,6,false,0
183.778,2,1,7,false,0
183.778,11,1,2,false,0
183.778,11,1,6,false,0
183.778,11,1,7,false,0
183.94,100,4294967295,3,false,0
184.059,84,74,0,false,0
184.324,100,4294967295,4,false,0
184.666,22,23,3,false,0
184.666,22,23,6,false,0
184.666,22,23,8,false,0
184.666,33,23,6,false,0
184.706,100,4294967295,5,false,0
184.988,100,4294967295,6,false,0
185.109,54,64,9,false,0
185.109,63,64,2,false,0
185.109,63,64,3,false,0
185.109,63,64,6,false,0
185.109,63,64,7,false,0
185.109,63,64,8,false,0
185.109,63,64,9,false,0
185.268,100,4294967295,7,false,0
185.466,100,4294967295,8,false,0
185.506,100,4294967295,9,false,0
185.519,84,94,0,false,0
185.519,84,94,7,false,0
185.519,93,94,0,false,0
185.519,93,94,1,false,0
185.519,93,94,7,false,0
185.519,93,94,8,false,0
185.519,93,94,9,false,0
185.543,100,4294967295,0,false,0
185.571,23,33,1,false,0
185.571,32,33,1,false,0
185.571,32,33,3,false,0
185.571,32,33,8,false,0
185.571,43,33,1,false,0
185.571,43,33,3,false,0
185.571,43,33,8,false,0
185.698,3,13,5,false,0
185.928,11,1,2,false,0
185.928,11,1,6,false,0
185.928,11,1,7,false,0
185.996,74,84,2,false,0
185.996,74,84,3,false,0
185.996,83,84,1,false,0
185.996,83,84,2,false,0
185.996,83,84,3,false,0
185.996,83,84,4,false,0
185.996,83,84,5,false,0
185.996,83,84,8,false,0
185.996,83,84,9,false,0
186.128,100,4294967295,1,false,0
186.195,64,74,0,false,0
186.195,64,74,1,false,0
186.195,64,74,4,false,0
186.195,84,74,0,false,0
186.682,100,4294967295,2,false,0
186.981,64,54,0,false,0
186.981,64,54,1,false,0
186.981,64,54,4,false,0
187.104,100,4294967295,3,false,0
187.383,92,93,2,false,0
187.383,92,93,3,false,0
187.383,92,93,4,false,0
187.383,92,93,5,false,0
187.488,100,4294967295,4,false,0
187.646,13,23,3,false,0
187.646,13,23,6,false,0
187.646,13,23,8,false,0
187.646,22,23,3,false,0
187.646,22,23,6,false,0
187.646,22,23,8,false,0
187.646,33,23,6,false,0
187.678,23,33,1,false,0
187.678,43,33,1,false,0
187.678,43,33,3,false,0
187.678,43,33,8,false,0
187.851,54,64,9,false,0
187.851,74,64,2,false,0
187.851,74,64,3,false,0
187.851,74,64,6,false,0
187.851,74,64,7,false,0
187.87,100,4294967295,5,false,0
187.885,84,94,0,false,0
187.885,84,94,7,false,0
187.885,93,94,0,false,0
187.885,93,94,1,false,0
187.885,93,94,7,false,0
187.885,93,94,8,false,0
187.885,93,94,9,false,0
188.152,100,4294967295,6,false,0
188.395,64,74,0,false,0
188.395,64,74,1,false,0
188.395,64,74,4,false,0
188.395,73,74,0,false,0
188.395,73,74,1,false,0
188.395,73,74,4,false,0
188.395,73,74,5,false,0
188.395,73,74,8,false,0
188.395,73,74,9,false,0
188.395,84,74,0,false,0
188.432,100,4294967295,7,false,0
188.49,74,84,2,false,0
188.49,74,84,3,false,0
188.49,83,84,1,false,0
188.49,83,84,2,false,0
188.49,83,84,3,false,0
188.49,83,84,4,false,0
188.49,83,84,5,false,0
188.49,83,84,8,false,0
188.49,83,84,9,false,0
188.613,3,13,5,false,0
188.613,12,13,0,false,0
188.613,12,13,1,false,0
188.613,12,13,2,false,0
188.613,12,13,5,false,0
188.613,23,13,0,false,0
188.613,23,13,1,false,0
188.613,23,13,2,false,0
188.613,23,13,5,false,0
188.617,13,3,3,false,0
188.617,13,3,4,false,0
188.617,13,3,6,false,0
188.617,13,3,7,false,0
188.617,13,3,8,false,0
188.617,13,3,9,false,0
188.63,100,4294967295,8,false,0
188.67,100,4294967295,9,false,0
188.679,0,1,2,false,0
188.679,0,1,6,false,0
188.679,0,1,7,false,0
188.679,2,1,2,false,0
188.679,2,1,6,false,0
188.679,2,1,7,false,0
188.679,11,1,2,false,0
188.679,11,1,6,false,0
188.679,11,1,7,false,0
188.706,100,4294967295,0,false,0
189.19,64,54,0,false,0
189.19,64,54,1,false,0
189.19,64,54,4,false,0
189.292,100,4294967295,1,false,0
189.653,83,93,2,false,0
189.653,83,93,3,false,0
189.653,83,93,4,false,0
189.653,83,93,5,false,0
189.653,92,93,2,false,0
189.653,92,93,3,false,0
189.653,92,93,4,false,0
189.653,92,93,5,false,0
189.846,100,4294967295,2,false,0
190.06,63,64,2,false,0
190.06,63,64,3,false,0
190.06,63,64,6,false,0
190.06,63,64,7,false,0
190.06,63,64,8,false,0
190.06,63,64,9,false,0
190.06,74,64,2,false,0
190.06,74,64,3,false,0
190.06,74,64,6,false,0
190.06,74,64,7,false,0
190.236,22,23,3,false,0
190.236,22,23,6,false,0
190.236,22,23,8,false,0
190.236,33,23,6,false,0
190.268,100,4294967295,3,false,0
190.47,73,74,0,false,0
190.47,73,74,1,false,0
190.47,73,74,4,false,0
190.47,73,74,5,false,0
190.47,73,74,8,false,0
190.47,73,74,9,false,0
190.601,23,33,1,false,0
190.601,32,33,1,false,0
190.601,32,33,3,false,0
190.601,32,33,8,false,0
190.601,43,33,1,false,0
190.601,43,33,3,false,0
190.601,43,33,8,false,0
190.651,100,4294967295,4,false,0
190.803,84,94,0,false,0
190.803,84,94,7,false,0
190.926,2,3,0,false,0
190.926,2,3,1,false,0
190.926,2,3,2,false,0
190.926,2,3,3,false,0
190.926,2,3,4,false,0
190.926,2,3,6,false,0
190.926,2,3,7,false,0
190.926,2,3,8,false,0
190.926,2,3,9,false,0
191.034,100,4294967295,5,false,0
191.316,100,4294967295,6,false,0
191.357,0,1,2,false,0
191.357,0,1,6,false,0
191.357,0,1,7,false,0
191.357,2,1,2,false,0
191.357,2,1,6,false,0
191.357,2,1,7,false,0
191.357,11,1,2,false,0
191.357,11,1,6,false,0
191.357,11,1,7,false,0
191.426,74,84,2,false,0
191.426,74,84,3,false,0
191.426,83,84,1,false,0
191.426,83,84,2,false,0
191.426,83,84,3,false,0
191.426,83,84,4,false,0
191.426,83,84,5,false,0
191.426,83,84,8,false,0
191.426,83,84,9,false,0
191.523,12,13,0,false,0
191.523,12,13,1,false,0
191.523,12,13,2,false,0
191.523,12,13,5,false,0
191.523,23,13,0,false,0
191.523,23,13,1,false,0
191.523,23,13,2,false,0
191.523,23,13,5,false,0
191.596,100,4294967295,7,false,0
191.794,100,4294967295,8,false,0
191.834,100,4294967295,9,false,0
191.87,100,4294967295,0,false,0
192.456,100,4294967295,1,false,0
192.614,64,74,0,false,0
192.614,64,74,1,false,0
192.614,64,74,4,false,0
192.614,84,74,0,false,0
192.793,74,64,2,false,0
192.793,74,64,3,false,0
192.793,74,64,6,false,0
192.793,74,64,7,false,0
193.005,22,23,3,false,0
193.005,22,23,6,false,0
193.005,22,23,8,false,0
193.01,100,4294967295,2,false,0
193.393,23,33,1,false,0
193.393,32,33,1,false,0
193.393,32,33,3,false,0
193.393,32,33,8,false,0
193.393,43,33,1,false,0
193.393,43,33,3,false,0
193.393,43,33,8,false,0
193.432,100,4294967295,3,false,0
193.458,13,3,3,false,0
193.458,13,3,4,false,0
193.458,13,3,6,false,0
193.458,13,3,7,false,0
193.458,13,3,8,false,0
193.458,13,3,9,false,0
193.506,74,84,2,false,0
193.506,74,84,3,false,0
193.506,83,84,1,false,0
193.506,83,84,2,false,0
193.506,83,84,3,false,0
193.506,83,84,4,false,0
193.506,83,84,5,false,0
193.506,83,84,8,false,0
193.506,83,84,9,false,0
193.545,64,54,0,false,0
193.545,64,54,1,false,0
193.545,64,54,4,false,0
193.815,100,4294967295,4,false,0
193.874,0,1,2,false,0
193.874,0,1,6,false,0
193.874,0,1,7,false,0
193.874,2,1,2,false,0
193.874,2,1,6,false,0
193.874,2,1,7,false,0
193.874,11,1,2,false,0
193.874,11,1,6,false,0
193.874,11,1,7,false,0
194.154,3,13,5,false,0
194.198,100,4294967295,5,false,0
194.48,100,4294967295,6,false,0
194.598,92,93,2,false,0
194.598,92,93,3,false,0
194.598,92,93,4,false,0
194.598,92,93,5,false,0
194.755,73,74,0,false,0
194.755,73,74,1,false,0
194.755,73,74,4,false,0
194.755,73,74,5,false,0
194.755,73,74,8,false,0
194.755,73,74,9,false,0
194.76,100,4294967295,7,false,0
194.958,100,4294967295,8,false,0
194.998,100,4294967295,9,false,0
195.034,100,4294967295,0,false,0
195.606,93,94,0,false,0
195.606,93,94,1,false,0
195.606,93,94,7,false,0
195.606,93,94,8,false,0
195.606,93,94,9,false,0
195.619,100,4294967295,1,false,0
195.787,63,64,2,false,0
195.787,63,64,3,false,0
195.787,63,64,6,false,0
195.787,63,64,7,false,0
195.787,63,64,8,false,0
195.787,63,64,9,false,0
195.787,74,64,2,false,0
195.787,74,64,3,false,0
195.787,74,64,6,false,0
195.787,74,64,7,false,0
195.871,2,3,0,false,0
195.871,2,3,1,false,0
195.871,2,3,2,false,0
195.871,2,3,3,false,0
195.871,2,3,4,false,0
195.871,2,3,6,false,0
195.871,2,3,7,false,0
195.871,2,3,8,false,0
195.871,2,3,9,false,0
195.874,13,23,3,false,0
195.874,13,23,6,false,0
195.874,13,23,8,false,0
195.874,22,23,3,false,0
195.874,22,23,6,false,0
195.874,22,23,8,false,0
195.874,33,23,6,false,0
195.947,74,84,2,false,0
195.947,74,84,3,false,0
196.149,53,54,0,false,0
196.149,53,54,1,false,0
196.149,53,54,3,false,0
196.149,53,54,4,false,0
196.149,53,54,5,false,0
196.149,53,54,6,false,0
196.149,53,54,7,false,0
196.149,53,54,8,false,0
196.174,100,4294967295,2,false,0
196.322,0,1,2,false,0
196.322,0,1,6,false,0
196.322,0,1,7,false,0
196.322,2,1,2,false,0
196.322,2,1,6,false,0
196.322,2,1,7,false,0
196.357,23,33,1,false,0
196.357,32,33,1,false,0
196.357,32,33,3,false,0
196.357,32,33,8,false,0
196.357,43,33,1,false,0
196.357,43,33,3,false,0
196.357,43,33,8,false,0
196.596,100,4294967295,3,false,0
196.735,3,13,5,false,0
196.735,12,13,0,false,0
196.735,12,13,1,false,0
196.735,12,13,2,false,0
196.735,12,13,5,false,0
196.979,100,4294967295,4,false,0
197.064,73,74,0,false,0
197.064,73,74,1,false,0
197.064,73,74,4,false,0
197.064,73,74,5,false,0
197.064,73,74,8,false,0
197.064,73,74,9,false,0
197.064,84,74,0,false,0
197.166,83,93,2,false,0
197.166,83,93,3,false,0
197.166,83,93,4,false,0
197.166,83,93,5,false,0
197.362,100,4294967295,5,false,0
197.644,100,4294967295,6,false,0
197.899,63,64,2,false,0
197.899,63,64,3,false,0
197.899,63,64,6,false,0
197.899,63,64,7,false,0
197.899,63,64,8,false,0
197.899,63,64,9,false,0
197.899,74,64,2,false,0
197.899,74,64,3,false,0
197.899,74,64,6,false,0
197.899,74,64,7,false,0
197.924,100,4294967295,7,false,0
198.053,13,3,3,false,0
198.053,13,3,4,false,0
198.053,13,3,6,false,0
198.053,13,3,7,false,0
198.053,13,3,8,false,0
198.053,13,3,9,false,0
198.122,100,4294967295,8,false,0
198.143,13,23,3,false,0
198.143,13,23,6,false,0
198.143,13,23,8,false,0
198.143,33,23,6,false,0
198.162,100,4294967295,9,false,0
198.198,100,4294967295,0,false,0
198.25,74,84,2,false,0
198.25,74,84,3,false,0
198.25,83,84,1,false,0
198.25,83,84,2,false,0
198.25,83,84,3,false,0
198.25,83,84,4,false,0
198.25,83,84,5,false,0
198.25,83,84,8,false,0
198.25,83,84,9,false,0
198.323,0,1,2,false,0
198.323,0,1,6,false,0
198.323,0,1,7,false,0
198.323,11,1,2,false,0
198.323,11,1,6,false,0
198.323,11,1,7,false,0
198.558,53,54,0,false,0
198.558,53,54,1,false,0
198.558,53,54,3,false,0
198.558,53,54,4,false,0
198.558,53,54,5,false,0
198.558,53,54,6,false,0
198.558,53,54,7,false,0
198.558,53,54,8,false,0
198.558,64,54,0,false,0
198.558,64,54,1,false,0
198.558,64,54,4,false,0
198.695,23,33,1,false,0
198.695,43,33,1,false,0
198.695,43,33,3,false,0
198.695,43,33,8,false,0
198.783,100,4294967295,1,false,0
199.277,3,13,5,false,0
199.277,23,13,0,false,0
199.277,23,13,1,false,0
199.277,23,13,2,false,0
199.277,23,13,5,false,0
199.338,100,4294967295,2,false,0
199.574,73,74,0,false,0
199.574,73,74,1,false,0
199.574,73,74,4,false,0
199.574,73,74,5,false,0
199.574,73,74,8,false,0
199.574,73,74,9,false,0
199.574,84,74,0,false,0
199.76,100,4294967295,3,false,0
199.865,83,93,2,false,0
199.865,83,93,3,false,0
199.865,83,93,4,false,0
199.865,83,93,5,false,0
199.865,92,93,2,false,0
199.865,92,93,3,false,0
199.865,92,93,4,false,0
199.865,92,93,5,false,0
200.143,100,4294967295,4,false,0
200.356,13,23,3,false,0
200.356,13,23,6,false,0
200.356,13,23,8,false,0
200.356,22,23,3,false,0
200.356,22,23,6,false,0
200.356,22,23,8,false,0
200.356,33,23,6,false,0
200.391,54,64,9,false,0
200.391,63,64,2,false,0
200.391,63,64,3,false,0
200.391,63,64,6,false,0
200.391,63,64,7,false,0
200.391,63,64,8,false,0
200.391,63,64,9,false,0
200.391,74,64,2,false,0
200.391,74,64,3,false,0
200.391,74,64,6,false,0
200.391,74,64,7,false,0
200.526,100,4294967295,5,false,0
200.682,83,84,1,false,0
200.682,83,84,2,false,0
200.682,83,84,3,false,0
200.682,83,84,4,false,0
200.682,83,84,5,false,0
200.682,83,84,8,false,0
200.682,83,84,9,false,0
200.721,2,3,0,false,0
200.721,2,3,1,false,0
200.721,2,3,2,false,0
200.721,2,3,3,false,0
200.721,2,3,4,false,0
200.721,2,3,6,false,0
200.721,2,3,7,false,0
200.721,2,3,8,false,0
200.721,2,3,9,false,0
200.721,13,3,3,false,0
200.721,13,3,4,false,0
200.721,13,3,6,false,0
200.721,13,3,7,false,0
200.721,13,3,8,false,0
200.721,13,3,9,false,0
200.723,84,94,0,false,0
200.723,84,94,7,false,0
200.723,93,94,0,false,0
200.723,93,94,1,false,0
200.723,93,94,7,false,0
200.723,93,94,8,false,0
200.723,93,94,9,false,0
200.808,100,4294967295,6,false,0
201.088,100,4294967295,7,false,0
201.286,100,4294967295,8,false,0
201.308,2,1,2,false,0
201.308,2,1,6,false,0
201.308,2,1,7,false,0
201.308,11,1,2,false,0
201.308,11,1,6,false,0
201.308,11,1,7,false,0
201.325,100,4294967295,9,false,0
201.327,64,54,0,false,0
201.327,64,54,1,false,0
201.327,64,54,4,false,0
201.362,100,4294967295,0,false,0
201.473,3,13,5,false,0
201.473,12,13,0,false,0
201.473,12,13,1,false,0
201.473,12,13,2,false,0
201.473,12,13,5,false,0
201.508,32,33,1,false,0
201.508,32,33,3,false,0
201.508,32,33,8,false,0
201.508,43,33,1,false,0
201.508,43,33,3,false,0
201.508,43,33,8,false,0
201.764,64,74,0,false,0
201.764,64,74,1,false,0
201.764,64,74,4,false,0
201.764,73,74,0,false,0
201.764,73,74,1,false,0
201.764,73,74,4,false,0
201.764,73,74,5,false,0
201.764,73,74,8,false,0
201.764,73,74,9,false,0
201.764,84,74,0,false,0
201.947,100,4294967295,1,false,0
202.426,22,23,3,false,0
202.426,22,23,6,false,0
202.426,22,23,8,false,0
202.426,33,23,6,false,0
202.502,100,4294967295,2,false,0
202.652,83,93,2,false,0
202.652,83,93,3,false,0
202.652,83,93,4,false,0
202.652,83,93,5,false,0
202.652,92,93,2,false,0
202.652,92,93,3,false,0
202.652,92,93,4,false,0
202.652,92,93,5,false,0
202.854,54,64,9,false,0
202.854,63,64,2,false,0
202.854,63,64,3,false,0
202.854,63,64,6,false,0
202.854,63,64,7,false,0
202.854,63,64,8,false,0
202.854,63,64,9,false,0
202.854,74,64,2,false,0
202.854,74,64,3,false,0
202.854,74,64,6,false,0
202.854,74,64,7,false,0
202.923,100,4294967295,3,false,0
203.128,83,84,1,false,0
203.128,83,84,2,false,0
203.128,83,84,3,false,0
203.128,83,84,4,false,0
203.128,83,84,5,false,0
203.128,83,84,8,false,0
203.128,83,84,9,false,0
203.307,100,4294967295,4,false,0
203.521,84,94,0,false,0
203.521,84,94,7,false,0
203.521,93,94,0,false,0
203.521,93,94,1,false,0
203.521,93,94,7,false,0
203.521,93,94,8,false,0
203.521,93,94,9,false,0
203.678,64,54,0,false,0
203.678,64,54,1,false,0
203.678,64,54,4,false,0
203.69,100,4294967295,5,false,0
203.693,13,3,3,false,0
203.693,13,3,4,false,0
203.693,13,3,6,false,0
203.693,13,3,7,false,0
203.693,13,3,8,false,0
203.693,13,3,9,false,0
203.928,64,74,0,false,0
203.928,64,74,1,false,0
203.928,64,74,4,false,0
203.928,73,74,0,false,0
203.928,73,74,1,false,0
203.928,73,74,4,false,0
203.928,73,74,5,false,0
203.928,73,74,8,false,0
203.928,73,74,9,false,0
203.928,84,74,0,false,0
203.972,100,4294967295,6,false,0
204.015,3,13,5,false,0
204.015,12,13,0,false,0
204.015,12,13,1,false,0
204.015,12,13,2,false,0
204.015,12,13,5,false,0
204.015,23,13,0,false,0
204.015,23,13,1,false,0
204.015,23,13,2,false,0
204.015,23,13,5,false,0
204.02,11,1,2,false,0
204.02,11,1,6,false,0
204.02,11,1,7,false,0
204.107,43,33,1,false,0
204.107,43,33,3,false,0
204.107,43,33,8,false,0
204.252,100,4294967295,7,false,0
204.45,100,4294967295,8,false,0
204.489,100,4294967295,9,false,0
204.526,100,4294967295,0,false,0
204.869,13,23,3,false,0
204.869,13,23,6,false,0
204.869,13,23,8,false,0
204.899,63,64,2,false,0
204.899,63,64,3,false,0
204.899,63,64,6,false,0
204.899,63,64,7,false,0
204.899,63,64,8,false,0
204.899,63,64,9,false,0
204.899,74,64,2,false,0
204.899,74,64,3,false,0
204.899,74,64,6,false,0
204.899,74,64,7,false,0
205.111,100,4294967295,1,false,0
205.433,92,93,2,false,0
205.433,92,93,3,false,0
205.433,92,93,4,false,0
205.433,92,93,5,false,0
205.666,100,4294967295,2,false,0
205.985,74,84,2,false,0
205.985,74,84,3,false,0
206.013,73,74,0,false,0
206.013,73,74,1,false,0
206.013,73,74,4,false,0
206.013,73,74,5,false,0
206.013,73,74,8,false,0
206.013,73,74,9,false,0
206.013,84,74,0,false,0
206.055,12,13,0,false,0
206.055,12,13,1,false,0
206.055,12,13,2,false,0
206.055,12,13,5,false,0
206.087,100,4294967295,3,false,0
206.247,84,94,0,false,0
206.247,84,94,7,false,0
206.313,0,1,2,false,0
206.313,0,1,6,false,0
206.313,0,1,7,false,0
206.313,2,1,2,false,0
206.313,2,1,6,false,0
206.313,2,1,7,false,0
206.313,11,1,2,false,0
206.313,11,1,6,false,0
206.313,11,1,7,false,0
206.314,2,3,0,false,0
206.314,2,3,1,false,0
206.314,2,3,2,false,0
206.314,2,3,3,false,0
206.314,2,3,4,false,0
206.314,2,3,6,false,0
206.314,2,3,7,false,0
206.314,2,3,8,false,0
206.314,2,3,9,false,0
206.314,13,3,3,false,0
206.314,13,3,4,false,0
206.314,13,3,6,false,0
206.314,13,3,7,false,0
206.314,13,3,8,false,0
206.314,13,3,9,false,0
206.445,53,54,0,false,0
206.445,53,54,1,false,0
206.445,53,54,3,false,0
206.445,53,54,4,false,0
206.445,53,54,5,false,0
206.445,53,54,6,false,0
206.445,53,54,7,false,0
206.445,53,54,8,false,0
206.445,64,54,0,false,0
206.445,64,54,1,false,0
206.445,64,54,4,false,0
206.471,100,4294967295,4,false,0
206.575,32,33,1,false,0
206.575,32,33,3,false,0
206.575,32,33,8,false,0
206.575,43,33,1,false,0
206.575,43,33,3,false,0
206.575,43,33,8,false,0
206.854,100,4294967295,5,false,0
206.991,13,23,3,false,0
206.991,13,23,6,false,0
206.991,13,23,8,false,0
206.991,22,23,3,false,0
206.991,22,23,6,false,0
206.991,22,23,8,false,0
206.991,33,23,6,false,0
207.136,100,4294967295,6,false,0
207.416,100,4294967295,7,false,0
207.614,100,4294967295,8,false,0
207.653,100,4294967295,9,false,0
207.69,100,4294967295,0,false,0
207.87,54,64,9,false,0
207.87,63,64,2,false,0
207.87,63,64,3,false,0
207.87,63,64,6,false,0
207.87,63,64,7,false,0
207.87,63,64,8,false,0
207.87,63,64,9,false,0
207.87,74,64,2,false,0
207.87,74,64,3,false,0
207.87,74,64,6,false,0
207.87,74,64,7,false,0
208.263,83,84,1,false,0
208.263,83,84,2,false,0
208.263,83,84,3,false,0
208.263,83,84,4,false,0
208.263,83,84,5,false,0
208.263,83,84,8,false,0
208.263,83,84,9,false,0
208.275,100,4294967295,1,false,0
208.296,73,74,0,false,0
208.296,73,74,1,false,0
208.296,73,74,4,false,0
208.296,73,74,5,false,0
208.296,73,74,8,false,0
208.296,73,74,9,false,0
208.298,83,93,2,false,0
208.298,83,93,3,false,0
208.298,83,93,4,false,0
208.298,83,93,5,false,0
208.298,92,93,2,false,0
208.298,92,93,3,false,0
208.298,92,93,4,false,0
208.298,92,93,5,false,0
208.301,3,13,5,false,0
208.301,12,13,0,false,0
208.301,12,13,1,false,0
208.301,12,13,2,false,0
208.301,12,13,5,false,0
208.559,53,54,0,false,0
208.559,53,54,1,false,0
208.559,53,54,3,false,0
208.559,53,54,4,false,0
208.559,53,54,5,false,0
208.559,53,54,6,false,0
208.559,53,54,7,false,0
208.559,53,54,8,false,0
208.559,64,54,0,false,0
208.559,64,54,1,false,0
208.559,64,54,4,false,0
208.813,0,1,2,false,0
208.813,0,1,6,false,0
208.813,0,1,7,false,0
208.813,11,1,2,false,0
208.813,11,1,6,false,0
208.813,11,1,7,false,0
208.83,100,4294967295,2,false,0
208.912,32,33,1,false,0
208.912,32,33,3,false,0
208.912,32,33,8,false,0
208.912,43,33,1,false,0
208.912,43,33,3,false,0
208.912,43,33,8,false,0
209.194,84,94,0,false,0
209.194,84,94,7,false,0
209.194,93,94,0,false,0
209.194,93,94,1,false,0
209.194,93,94,7,false,0
209.194,93,94,8,false,0
209.194,93,94,9,false,0
209.251,100,4294967295,3,false,0
209.635,100,4294967295,4,false,0
209.89,22,23,3,false,0
209.89,22,23,6,false,0
209.89,22,23,8,false,0
209.89,33,23,6,false,0
210.017,100,4294967295,5,false,0
210.299,100,4294967295,6,false,0
210.541,54,64,9,false,0
210.541,74,64,2,false,0
210.541,74,64,3,false,0
210.541,74,64,6,false,0
210.541,74,64,7,false,0
210.579,100,4294967295,7,false,0
210.703,73,74,0,false,0
210.703,73,74,1,false,0
210.703,73,74,4,false,0
210.703,73,74,5,false,0
210.703,73,74,8,false,0
210.703,73,74,9,false,0
210.778,100,4294967295,8,false,0
210.817,100,4294967295,9,false,0
210.854,100,4294967295,0,false,0
210.904,3,13,5,false,0
210.904,12,13,0,false,0
210.904,12,13,1,false,0
210.904,12,13,2,false,0
210.904,12,13,5,false,0
210.904,23,13,0,false,0
210.904,23,13,1,false,0
210.904,23,13,2,false,0
210.904,23,13,5,false,0
211.174,13,3,3,false,0
211.174,13,3,4,false,0
211.174,13,3,6,false,0
211.174,13,3,7,false,0
211.174,13,3,8,false,0
211.174,13,3,9,false,0
211.213,53,54,0,false,0
211.213,53,54,1,false,0
211.213,53,54,3,false,0
211.213,53,54,4,false,0
211.213,53,54,5,false,0
211.213,53,54,6,false,0
211.213,53,54,7,false,0
211.213,53,54,8,false,0
211.22,74,84,2,false,0
211.22,74,84,3,false,0
211.274,83,93,2,false,0
211.274,83,93,3,false,0
211.274,83,93,4,false,0
211.274,83,93,5,false,0
211.274,92,93,2,false,0
211.274,92,93,3,false,0
211.274,92,93,4,false,0
211.274,92,93,5,false,0
211.312,2,1,2,false,0
211.312,2,1,6,false,0
211.312,2,1,7,false,0
211.312,11,1,2,false,0
211.312,11,1,6,false,0
211.312,11,1,7,false,0
211.439,100,4294967295,1,false,0
211.65,32,33,1,false,0
211.65,32,33,3,false,0
211.65,32,33,8,false,0
211.65,43,33,1,false,0
211.65,43,33,3,false,0
211.65,43,33,8,false,0
211.866,84,94,0,false,0
211.866,84,94,7,false,0
211.942,13,23,3,false,0
211.942,13,23,6,false,0
211.942,13,23,8,false,0
211.942,22,23,3,false,0
211.942,22,23,6,false,0
211.942,22,23,8,false,0
211.994,100,4294967295,2,false,0
212.415,100,4294967295,3,false,0
212.766,84,74,0,false,0
212.799,100,4294967295,4,false,0
213.056,3,13,5,false,0
213.056,12,13,0,false,0
213.056,12,13,1,false,0
213.056,12,13,2,false,0
213.056,12,13,5,false,0
213.056,23,13,0,false,0
213.056,23,13,1,false,0
213.056,23,13,2,false,0
213.056,23,13,5,false,0
213.181,100,4294967295,5,false,0
213.463,100,4294967295,6,false,0
213.6,0,1,2,false,0
213.6,0,1,6,false,0
213.6,0,1,7,false,0
213.61,74,84,2,false,0
213.61,74,84,3,false,0
213.655,23,33,1,false,0
213.655,32,33,1,false,0
213.655,32,33,3,false,0
213.655,32,33,8,false,0
213.655,43,33,1,false,0
213.655,43,33,3,false,0
213.655,43,33,8,false,0
213.743,100,4294967295,7,false,0
213.76,13,3,3,false,0
213.76,13,3,4,false,0
213.76,13,3,6,false,0
213.76,13,3,7,false,0
213.76,13,3,8,false,0
213.76,13,3,9,false,0
213.845,53,54,0,false,0
213.845,53,54,1,false,0
213.845,53,54,3,false,0
213.845,53,54,4,false,0
213.845,53,54,5,false,0
213.845,53,54,6,false,0
213.845,53,54,7,false,0
213.845,53,54,8,false,0
213.845,64,54,0,false,0
213.845,64,54,1,false,0
213.845,64,54,4,false,0
213.942,100,4294967295,8,false,0
213.981,100,4294967295,9,false,0
214.018,100,4294967295,0,false,0
214.183,83,93,2,false,0
214.183,83,93,3,false,0
214.183,83,93,4,false,0
214.183,83,93,5,false,0
214.216,84,94,0,false,0
214.216,84,94,7,false,0
214.603,100,4294967295,1,false,0
214.783,13,23,3,false,0
214.783,13,23,6,false,0
214.783,13,23,8,false,0
214.783,22,23,3,false,0
214.783,22,23,6,false,0
214.783,22,23,8,false,0
214.783,33,23,6,false,0
215.158,100,4294967295,2,false,0
215.32,3,13,5,false,0
215.32,12,13,0,false,0
215.32,12,13,1,false,0
215.32,12,13,2,false,0
215.32,12,13,5,false,0
215.32,23,13,0,false,0
215.32,23,13,1,false,0
215.32,23,13,2,false,0
215.32,23,13,5,false,0
215.571,64,74,0,false,0
215.571,64,74,1,false,0
215.571,64,74,4,false,0
215.579,100,4294967295,3,false,0
215.738,83,84,1,false,0
215.738,83,84,2,false,0
215.738,83,84,3,false,0
215.738,83,84,4,false,0
215.738,83,84,5,false,0
215.738,83,84,8,false,0
215.738,83,84,9,false,0
215.835,0,1,2,false,0
215.835,0,1,6,false,0
215.835,0,1,7,false,0
215.835,2,1,2,false,0
215.835,2,1,6,false,0
215.835,2,1,7,false,0
215.835,11,1,2,false,0
215.835,11,1,6,false,0
215.835,11,1,7,false,0
215.86,64,54,0,false,0
215.86,64,54,1,false,0
215.86,64,54,4,false,0
215.963,100,4294967295,4,false,0
216.345,100,4294967295,5,false,0
216.408,23,33,1,false,0
216.408,32,33,1,false,0
216.408,32,33,3,false,0
216.408,32,33,8,false,0
216.408,43,33,1,false,0
216.408,43,33,3,false,0
216.408,43,33,8,false,0
216.537,13,3,3,false,0
216.537,13,3,4,false,0
216.537,13,3,6,false,0
216.537,13,3,7,false,0
216.537,13,3,8,false,0
216.537,13,3,9,false,0
216.627,100,4294967295,6,false,0
216.802,13,23,3,false,0
216.802,13,23,6,false,0
216.802,13,23,8,false,0
216.907,100,4294967295,7,false,0
217.105,100,4294967295,8,false,0
217.145,100,4294967295,9,false,0
217.164,84,94,0,false,0
217.164,84,94,7,false,0
217.164,93,94,0,false,0
217.164,93,94,1,false,0
217.164,93,94,7,false,0
217.164,93,94,8,false,0
217.164,93,94,9,false,0
217.178,83,93,2,false,0
217.178,83,93,3,false,0
217.178,83,93,4,false,0
217.178,83,93,5,false,0
217.178,92,93,2,false,0
217.178,92,93,3,false,0
217.178,92,93,4,false,0
217.178,92,93,5,false,0
217.182,100,4294967295,0,false,0
217.413,12,13,0,false,0
217.413,12,13,1,false,0
217.413,12,13,2,false,0
217.413,12,13,5,false,0
217.767,100,4294967295,1,false,0
217.99,74,84,2,false,0
217.99,74,84,3,false,0
218.321,100,4294967295,2,false,0
218.389,2,1,2,false,0
218.389,2,1,6,false,0
218.389,2,1,7,false,0
218.458,64,74,0,false,0
218.458,64,74,1,false,0
218.458,64,74,4,false,0
218.458,73,74,0,false,0
218.458,73,74,1,false,0
218.458,73,74,4,false,0
218.458,73,74,5,false,0
218.458,73,74,8,false,0
218.458,73,74,9,false,0
218.458,84,74,0,false,0
218.57,53,54,0,false,0
218.57,53,54,1,false,0
218.57,53,54,3,false,0
218.57,53,54,4,false,0
218.57,53,54,5,false,0
218.57,53,54,6,false,0
218.57,53,54,7,false,0
218.57,53,54,8,false,0
218.57,64,54,0,false,0
218.57,64,54,1,false,0
218.57,64,54,4,false,0
218.743,100,4294967295,3,false,0
218.87,13,3,3,false,0
218.87,13,3,4,false,0
218.87,13,3,6,false,0
218.87,13,3,7,false,0
218.87,13,3,8,false,0
218.87,13,3,9,false,0
219.127,100,4294967295,4,false,0
219.389,84,94,0,false,0
219.389,84,94,7,false,0
219.389,93,94,0,false,0
219.389,93,94,1,false,0
219.389,93,94,7,false,0
219.389,93,94,8,false,0
219.389,93,94,9,false,0
219.407,23,33,1,false,0
219.509,100,4294967295,5,false,0
219.645,13,23,3,false,0
219.645,13,23,6,false,0
219.645,13,23,8,false,0
219.645,22,23,3,false,0
219.645,22,23,6,false,0
219.645,22,23,8,false,0
219.782,83,93,2,false,0
219.782,83,93,3,false,0
219.782,83,93,4,false,0
219.782,83,93,5,false,0
219.782,92,93,2,false,0
219.782,92,93,3,false,0
219.782,92,93,4,false,0
219.782,92,93,5,false,0
219.791,100,4294967295,6,false,0
219.845,54,64,9,false,0
219.845,74,64,2,false,0
219.845,74,64,3,false,0
219.845,74,64,6,false,0
219.845,74,64,7,false,0
220.07,3,13,5,false,0
220.07,12,13,0,false,0
220.07,12,13,1,false,0
220.07,12,13,2,false,0
220.07,12,13,5,false,0
220.07,23,13,0,false,0
220.07,23,13,1,false,0
220.07,23,13,2,false,0
220.07,23,13,5,false,0
220.071,100,4294967295,7,false,0
220.269,100,4294967295,8,false,0
220.309,100,4294967295,9,false,0
220.328,74,84,2,false,0
220.328,74,84,3,false,0
220.328,83,84,1,false,0
220.328,83,84,2,false,0
220.328,83,84,3,false,0
220.328,83,84,4,false,0
220.328,83,84,5,false,0
220.328,83,84,8,false,0
220.328,83,84,9,false,0
220.345,100,4294967295,0,false,0
220.667,53,54,0,false,0
220.667,53,54,1,false,0
220.667,53,54,3,false,0
220.667,53,54,4,false,0
220.667,53,54,5,false,0
220.667,53,54,6,false,0
220.667,53,54,7,false,0
220.667,53,54,8,false,0
220.67,0,1,2,false,0
220.67,0,1,6,false,0
220.67,0,1,7,false,0
220.67,11,1,2,false,0
220.67,11,1,6,false,0
220.67,11,1,7,false,0
220.931,100,4294967295,1,false,0
221.373,2,3,0,false,0
221.373,2,3,1,false,0
221.373,2,3,2,false,0
221.373,2,3,3,false,0
221.373,2,3,4,false,0
221.373,2,3,6,false,0
221.373,2,3,7,false,0
221.373,2,3,8,false,0
221.373,2,3,9,false,0
221.485,100,4294967295,2,false,0
221.65,13,23,3,false,0
221.65,13,23,6,false,0
221.65,13,23,8,false,0
221.65,22,23,3,false,0
221.65,22,23,6,false,0
221.65,22,23,8,false,0
221.65,33,23,6,false,0
221.758,23,33,1,false,0
221.758,32,33,1,false,0
221.758,32,33,3,false,0
221.758,32,33,8,false,0
221.758,43,33,1,false,0
221.758,43,33,3,false,0
221.758,43,33,8,false,0
221.907,100,4294967295,3,false,0
222.214,12,13,0,false,0
222.214,12,13,1,false,0
222.214,12,13,2,false,0
222.214,12,13,5,false,0
222.214,23,13,0,false,0
222.214,23,13,1,false,0
222.214,23,13,2,false,0
222.214,23,13,5,false,0
222.274,93,94,0,false,0
222.274,93,94,1,false,0
222.274,93,94,7,false,0
222.274,93,94,8,false,0
222.274,93,94,9,false,0
222.29,100,4294967295,4,false,0
222.654,54,64,9,false,0
222.654,63,64,2,false,0
222.654,63,64,3,false,0
222.654,63,64,6,false,0
222.654,63,64,7,false,0
222.654,63,64,8,false,0
222.654,63,64,9,false,0
222.654,74,64,2,false,0
222.654,74,64,3,false,0
222.654,74,64,6,false,0
222.654,74,64,7,false,0
222.673,100,4294967295,5,false,0
222.736,92,93,2,false,0
222.736,92,93,3,false,0
222.736,92,93,4,false,0
222.736,92,93,5,false,0
222.822,53,54,0,false,0
222.822,53,54,1,false,0
222.822,53,54,3,false,0
222.822,53,54,4,false,0
222.822,53,54,5,false,0
222.822,53,54,6,false,0
222.822,53,54,7,false,0
222.822,53,54,8,false,0
222.822,64,54,0,false,0
222.822,64,54,1,false,0
222.822,64,54,4,false,0
222.955,100,4294967295,6,false,0
222.975,0,1,2,false,0
222.975,0,1,6,false,0
222.975,0,1,7,false,0
222.975,11,1,2,false,0
222.975,11,1,6,false,0
222.975,11,1,7,false,0
223.137,74,84,2,false,0
223.137,74,84,3,false,0
223.235,100,4294967295,7,false,0
223.433,100,4294967295,8,false,0
223.473,100,4294967295,9,false,0
223.509,100,4294967295,0,false,0
223.723,2,3,0,false,0
223.723,2,3,1,false,0
223.723,2,3,2,false,0
223.723,2,3,3,false,0
223.723,2,3,4,false,0
223.723,2,3,6,false,0
223.723,2,3,7,false,0
223.723,2,3,8,false,0
223.723,2,3,9,false,0
223.723,13,3,3,false,0
223.723,13,3,4,false,0
223.723,13,3,6,false,0
223.723,13,3,7,false,0
223.723,13,3,8,false,0
223.723,13,3,9,false,0
223.887,64,74,0,false,0
223.887,64,74,1,false,0
223.887,64,74,4,false,0
223.887,73,74,0,false,0
223.887,73,74,1,false,0
223.887,73,74,4,false,0
223.887,73,74,5,false,0
223.887,73,74,8,false,0
223.887,73,74,9,false,0
223.887,84,74,0,false,0
224.095,100,4294967295,1,false,0
224.414,23,33,1,false,0
224.645,13,23,3,false,0
224.645,13,23,6,false,0
224.645,13,23,8,false,0
224.645,22,23,3,false,0
224.645,22,23,6,false,0
224.645,22,23,8,false,0
224.649,100,4294967295,2,false,0
225.071,100,4294967295,3,false,0
225.085,84,94,0,false,0
225.085,84,94,7,false,0
225.085,93,94,0,false,0
225.085,93,94,1,false,0
225.085,93,94,7,false,0
225.085,93,94,8,false,0
225.085,93,94,9,false,0
225.189,23,13,0,false,0
225.189,23,13,1,false,0
225.189,23,13,2,false,0
225.189,23,13,5,false,0
225.233,83,93,2,false,0
225.233,83,93,3,false,0
225.233,83,93,4,false,0
225.233,83,93,5,false,0
225.233,92,93,2,false,0
225.233,92,93,3,false,0
225.233,92,93,4,false,0
225.233,92,93,5,false,0
225.275,54,64,9,false,0
225.275,63,64,2,false,0
225.275,63,64,3,false,0
225.275,63,64,6,false,0
225.275,63,64,7,false,0
225.275,63,64,8,false,0
225.275,63,64,9,false,0
225.275,74,64,2,false,0
225.275,74,64,3,false,0
225.275,74,64,6,false,0
225.275,74,64,7,false,0
225.454,100,4294967295,4,false,0
225.837,100,4294967295,5,false,0
225.912,74,84,2,false,0
225.912,74,84,3,false,0
225.912,83,84,1,false,0
225.912,83,84,2,false,0
225.912,83,84,3,false,0
225.912,83,84,4,false,0
225.912,83,84,5,false,0
225.912,83,84,8,false,0
225.912,83,84,9,false,0
225.952,2,1,2,false,0
225.952,2,1,6,false,0
225.952,2,1,7,false,0
226.119,100,4294967295,6,false,0
226.399,100,4294967295,7,false,0
226.597,100,4294967295,8,false,0
226.637,100,4294967295,9,false,0
226.64,84,74,0,false,0
226.647,13,3,3,false,0
226.647,13,3,4,false,0
226.647,13,3,6,false,0
226.647,13,3,7,false,0
226.647,13,3,8,false,0
226.647,13,3,9,false,0
226.673,100,4294967295,0,false,0
226.806,32,33,1,false,0
226.806,32,33,3,false,0
226.806,32,33,8,false,0
227.259,100,4294967295,1,false,0
227.272,22,23,3,false,0
227.272,22,23,6,false,0
227.272,22,23,8,false,0
227.272,33,23,6,false,0
227.642,84,94,0,false,0
227.642,84,94,7,false,0
227.642,93,94,0,false,0
227.642,93,94,1,false,0
227.642,93,94,7,false,0
227.642,93,94,8,false,0
227.642,93,94,9,false,0
227.754,64,54,0,false,0
227.754,64,54,1,false,0
227.754,64,54,4,false,0
227.775,3,13,5,false,0
227.775,12,13,0,false,0
227.775,12,13,1,false,0
227.775,12,13,2,false,0
227.775,12,13,5,false,0
227.775,23,13,0,false,0
227.775,23,13,1,false,0
227.775,23,13,2,false,0
227.775,23,13,5,false,0
227.813,100,4294967295,2,false,0
228.146,83,93,2,false,0
228.146,83,93,3,false,0
228.146,83,93,4,false,0
228.146,83,93,5,false,0
228.146,92,93,2,false,0
228.146,92,93,3,false,0
228.146,92,93,4,false,0
228.146,92,93,5,false,0
228.191,54,64,9,false,0
228.191,63,64,2,false,0
228.191,63,64,3,false,0
228.191,63,64,6,false,0
228.191,63,64,7,false,0
228.191,63,64,8,false,0
228.191,63,64,9,false,0
228.235,100,4294967295,3,false,0
228.436,74,84,2,false,0
228.436,74,84,3,false,0
228.436,83,84,1,false,0
228.436,83,84,2,false,0
228.436,83,84,3,false,0
228.436,83,84,4,false,0
228.436,83,84,5,false,0
228.436,83,84,8,false,0
228.436,83,84,9,false,0
228.501,0,1,2,false,0
228.501,0,1,6,false,0
228.501,0,1,7,false,0
228.501,11,1,2,false,0
228.501,11,1,6,false,0
228.501,11,1,7,false,0
228.618,100,4294967295,4,false,0
228.858,73,74,0,false,0
228.858,73,74,1,false,0
228.858,73,74,4,false,0
228.858,73,74,5,false,0
228.858,73,74,8,false,0
228.858,73,74,9,false,0
228.858,84,74,0,false,0
229.001,100,4294967295,5,false,0
229.283,100,4294967295,6,false,0
229.372,13,23,3,false,0
229.372,13,23,6,false,0
229.372,13,23,8,false,0
229.517,2,3,0,false,0
229.517,2,3,1,false,0
229.517,2,3,2,false,0
229.517,2,3,3,false,0
229.517,2,3,4,false,0
229.517,2,3,6,false,0
229.517,2,3,7,false,0
229.517,2,3,8,false,0
229.517,2,3,9,false,0
229.563,100,4294967295,7,false,0
229.761,100,4294967295,8,false,0
229.801,100,4294967295,9,false,0
229.837,100,4294967295,0,false,0
230.422,100,4294967295,1,false,0
230.495,53,54,0,false,0
230.495,53,54,1,false,0
230.495,53,54,3,false,0
230.495,53,54,4,false,0
230.495,53,54,5,false,0
230.495,53,54,6,false,0
230.495,53,54,7,false,0
230.495,53,54,8,false,0
230.495,64,54,0,false,0
230.495,64,54,1,false,0
230.495,64,54,4,false,0
230.561,84,94,0,false,0
230.561,84,94,7,false,0
230.637,92,93,2,false,0
230.637,92,93,3,false,0
230.637,92,93,4,false,0
230.637,92,93,5,false,0
230.747,12,13,0,false,0
230.747,12,13,1,false,0
230.747,12,13,2,false,0
230.747,12,13,5,false,0
230.747,23,13,0,false,0
230.747,23,13,1,false,0
230.747,23,13,2,false,0
230.747,23,13,5,false,0
230.785,2,1,2,false,0
230.785,2,1,6,false,0
230.785,2,1,7,false,0
230.785,11,1,2,false,0
230.785,11,1,6,false,0
230.785,11,1,7,false,0
230.904,63,64,2,false,0
230.904,63,64,3,false,0
230.904,63,64,6,false,0
230.904,63,64,7,false,0
230.904,63,64,8,false,0
230.904,63,64,9,false,0
230.904,74,64,2,false,0
230.904,74,64,3,false,0
230.904,74,64,6,false,0
230.904,74,64,7,false,0
230.977,100,4294967295,2,false,0
231.399,100,4294967295,3,false,0
231.782,100,4294967295,4,false,0
231.892,23,33,1,false,0
231.892,43,33,1,false,0
231.892,43,33,3,false,0
231.892,43,33,8,false,0
232.085,13,23,3,false,0
232.085,13,23,6,false,0
232.085,13,23,8,false,0
232.085,22,23,3,false,0
232.085,22,23,6,false,0
232.085,22,23,8,false,0
232.085,33,23,6,false,0
232.165,100,4294967295,5,false,0
232.447,100,4294967295,6,false,0
232.638,84,94,0,false,0
232.638,84,94,7,false,0
232.638,93,94,0,false,0
232.638,93,94,1,false,0
232.638,93,94,7,false,0
232.638,93,94,8,false,0
232.638,93,94,9,false,0
232.727,100,4294967295,7,false,0
232.925,100,4294967295,8,false,0
232.964,100,4294967295,9,false,0
233.001,100,4294967295,0,false,0
233.034,53,54,0,false,0
233.034,53,54,1,false,0
233.034,53,54,3,false,0
233.034,53,54,4,false,0
233.034,53,54,5,false,0
233.034,53,54,6,false,0
233.034,53,54,7,false,0
233.034,53,54,8,false,0
233.085,64,74,0,false,0
233.085,64,74,1,false,0
233.085,64,74,4,false,0
233.085,73,74,0,false,0
233.085,73,74,1,false,0
233.085,73,74,4,false,0
233.085,73,74,5,false,0
233.085,73,74,8,false,0
233.085,73,74,9,false,0
233.085,84,74,0,false,0
233.26,83,93,2,false,0
233.26,83,93,3,false,0
233.26,83,93,4,false,0
233.26,83,93,5,false,0
233.26,92,93,2,false,0
233.26,92,93,3,false,0
233.26,92,93,4,false,0
233.26,92,93,5,false,0
233.374,63,64,2,false,0
233.374,63,64,3,false,0
233.374,63,64,6,false,0
233.374,63,64,7,false,0
233.374,63,64,8,false,0
233.374,63,64,9,false,0
233.503,12,13,0,false,0
233.503,12,13,1,false,0
233.503,12,13,2,false,0
233.503,12,13,5,false,0
233.503,23,13,0,false,0
233.503,23,13,1,false,0
233.503,23,13,2,false,0
233.503,23,13,5,false,0
233.586,100,4294967295,1,false,0
233.603,0,1,2,false,0
233.603,0,1,6,false,0
233.603,0,1,7,false,0
233.603,11,1,2,false,0
233.603,11,1,6,false,0
233.603,11,1,7,false,0
234.141,100,4294967295,2,false,0
234.183,13,23,3,false,0
234.183,13,23,6,false,0
234.183,13,23,8,false,0
234.183,22,23,3,false,0
234.183,22,23,6,false,0
234.183,22,23,8,false,0
234.183,33,23,6,false,0
234.517,23,33,1,false,0
234.562,100,4294967295,3,false,0
234.589,2,3,0,false,0
234.589,2,3,1,false,0
234.589,2,3,2,false,0
234.589,2,3,3,false,0
234.589,2,3,4,false,0
234.589,2,3,6,false,0
234.589,2,3,7,false,0
234.589,2,3,8,false,0
234.589,2,3,9,false,0
234.589,13,3,3,false,0
234.589,13,3,4,false,0
234.589,13,3,6,false,0
234.589,13,3,7,false,0
234.589,13,3,8,false,0
234.589,13,3,9,false,0
234.946,100,4294967295,4,false,0
235.329,100,4294967295,5,false,0
235.544,64,74,0,false,0
235.544,64,74,1,false,0
235.544,64,74,4,false,0
235.544,73,74,0,false,0
235.544,73,74,1,false,0
235.544,73,74,4,false,0
235.544,73,74,5,false,0
235.544,73,74,8,false,0
235.544,73,74,9,false,0
235.596,84,94,0,false,0
235.596,84,94,7,false,0
235.611,100,4294967295,6,false,0
235.719,83,93,2,false,0
235.719,83,93,3,false,0
235.719,83,93,4,false,0
235.719,83,93,5,false,0
235.719,92,93,2,false,0
235.719,92,93,3,false,0
235.719,92,93,4,false,0
235.719,92,93,5,false,0
235.891,100,4294967295,7,false,0
235.906,54,64,9,false,0
235.906,63,64,2,false,0
235.906,63,64,3,false,0
235.906,63,64,6,false,0
235.906,63,64,7,false,0
235.906,63,64,8,false,0
235.906,63,64,9,false,0
235.906,74,64,2,false,0
235.906,74,64,3,false,0
235.906,74,64,6,false,0
235.906,74,64,7,false,0
235.959,3,13,5,false,0
236.089,100,4294967295,8,false,0
236.128,100,4294967295,9,false,0
236.165,100,4294967295,0,false,0
236.208,74,84,2,false,0
236.208,74,84,3,false,0
236.307,0,1,2,false,0
236.307,0,1,6,false,0
236.307,0,1,7,false,0
236.307,2,1,2,false,0
236.307,2,1,6,false,0
236.307,2,1,7,false,0
236.307,11,1,2,false,0
236.307,11,1,6,false,0
236.307,11,1,7,false,0
236.75,100,4294967295,1,false,0
236.878,23,33,1,false,0
236.878,32,33,1,false,0
236.878,32,33,3,false,0
236.878,32,33,8,false,0
236.878,43,33,1,false,0
236.878,43,33,3,false,0
236.878,43,33,8,false,0
236.88,22,23,3,false,0
236.88,22,23,6,false,0
236.88,22,23,8,false,0
236.88,33,23,6,false,0
237.305,100,4294967295,2,false,0
237.345,13,3,3,false,0
237.345,13,3,4,false,0
237.345,13,3,6,false,0
237.345,13,3,7,false,0
237.345,13,3,8,false,0
237.345,13,3,9,false,0
237.726,100,4294967295,3,false,0
237.855,92,93,2,false,0
237.855,92,93,3,false,0
237.855,92,93,4,false,0
237.855,92,93,5,false,0
237.961,54,64,9,false,0
237.961,63,64,2,false,0
237.961,63,64,3,false,0
237.961,63,64,6,false,0
237.961,63,64,7,false,0
237.961,63,64,8,false,0
237.961,63,64,9,false,0
237.961,74,64,2,false,0
237.961,74,64,3,false,0
237.961,74,64,6,false,0
237.961,74,64,7,false,0
238.008,53,54,0,false,0
238.008,53,54,1,false,0
238.008,53,54,3,false,0
238.008,53,54,4,false,0
238.008,53,54,5,false,0
238.008,53,54,6,false,0
238.008,53,54,7,false,0
238.008,53,54,8,false,0
238.008,64,54,0,false,0
238.008,64,54,1,false,0
238.008,64,54,4,false,0
238.11,100,4294967295,4,false,0
238.114,84,94,0,false,0
238.114,84,94,7,false,0
238.114,93,94,0,false,0
238.114,93,94,1,false,0
238.114,93,94,7,false,0
238.114,93,94,8,false,0
238.114,93,94,9,false,0
238.27,64,74,0,false,0
238.27,64,74,1,false,0
238.27,64,74,4,false,0
238.27,73,74,0,false,0
238.27,73,74,1,false,0
238.27,73,74,4,false,0
238.27,73,74,5,false,0
238.27,73,74,8,false,0
238.27,73,74,9,false,0
238.404,83,84,1,false,0
238.404,83,84,2,false,0
238.404,83,84,3,false,0
238.404,83,84,4,false,0
238.404,83,84,5,false,0
238.404,83,84,8,false,0
238.404,83,84,9,false,0
238.477,3,13,5,false,0
238.477,12,13,0,false,0
238.477,12,13,1,false,0
238.477,12,13,2,false,0
238.477,12,13,5,false,0
238.493,100,4294967295,5,false,0
238.775,100,4294967295,6,false,0
239.055,100,4294967295,7,false,0
239.253,100,4294967295,8,false,0
239.263,0,1,2,false,0
239.263,0,1,6,false,0
239.263,0,1,7,false,0
239.263,2,1,2,false,0
239.263,2,1,6,false,0
239.263,2,1,7,false,0
239.263,11,1,2,false,0
239.263,11,1,6,false,0
239.263,11,1,7,false,0
239.292,100,4294967295,9,false,0
239.329,100,4294967295,0,false,0
239.681,2,3,0,false,0
239.681,2,3,1,false,0
239.681,2,3,2,false,0
239.681,2,3,3,false,0
239.681,2,3,4,false,0
239.681,2,3,6,false,0
239.681,2,3,7,false,0
239.681,2,3,8,false,0
239.681,2,3,9,false,0
239.681,13,3,3,false,0
239.681,13,3,4,false,0
239.681,13,3,6,false,0
239.681,13,3,7,false,0
239.681,13,3,8,false,0
239.681,13,3,9,false,0
239.693,23,33,1,false,0
239.693,32,33,1,false,0
239.693,32,33,3,false,0
239.693,32,33,8,false,0
239.693,43,33,1,false,0
239.693,43,33,3,false,0
239.693,43,33,8,false,0
239.698,22,23,3,false,0
239.698,22,23,6,false,0
239.698,22,23,8,false,0
239.698,33,23,6,false,0
239.914,100,4294967295,1,false,0
240.046,63,64,2,false,0
240.046,63,64,3,false,0
240.046,63,64,6,false,0
240.046,63,64,7,false,0
240.046,63,64,8,false,0
240.046,63,64,9,false,0
240.046,74,64,2,false,0
240.046,74,64,3,false,0
240.046,74,64,6,false,0
240.046,74,64,7,false,0
240.053,83,93,2,false,0
240.053,83,93,3,false,0
240.053,83,93,4,false,0
240.053,83,93,5,false,0
240.469,100,4294967295,2,false,0
240.472,74,84,2,false,0
240.472,74,84,3,false,0
240.709,64,74,0,false,0
240.709,64,74,1,false,0
240.709,64,74,4,false,0
240.709,84,74,0,false,0
240.712,84,94,0,false,0
240.712,84,94,7,false,0
240.89,100,4294967295,3,false,0
241.274,100,4294967295,4,false,0
241.474,23,13,0,false,0
241.474,23,13,1,false,0
241.474,23,13,2,false,0
241.474,23,13,5,false,0
241.656,100,4294967295,5,false,0
241.932,0,1,2,false,0
241.932,0,1,6,false,0
241.932,0,1,7,false,0
241.938,100,4294967295,6,false,0
242.116,22,23,3,false,0
242.116,22,23,6,false,0
242.116,22,23,8,false,0
242.219,100,4294967295,7,false,0
242.267,2,3,0,false,0
242.267,2,3,1,false,0
242.267,2,3,2,false,0
242.267,2,3,3,false,0
242.267,2,3,4,false,0
242.267,2,3,6,false,0
242.267,2,3,7,false,0
242.267,2,3,8,false,0
242.267,2,3,9,false,0
242.349,23,33,1,false,0
242.349,32,33,1,false,0
242.349,32,33,3,false,0
242.349,32,33,8,false,0
242.349,43,33,1,false,0
242.349,43,33,3,false,0
242.349,43,33,8,false,0
242.417,100,4294967295,8,false,0
242.456,100,4294967295,9,false,0
242.493,100,4294967295,0,false,0
242.507,64,54,0,false,0
242.507,64,54,1,false,0
242.507,64,54,4,false,0
242.694,54,64,9,false,0
242.694,63,64,2,false,0
242.694,63,64,3,false,0
242.694,63,64,6,false,0
242.694,63,64,7,false,0
242.694,63,64,8,false,0
242.694,63,64,9,false,0
243.078,100,4294967295,1,false,0
243.423,64,74,0,false,0
243.423,64,74,1,false,0
243.423,64,74,4,false,0
243.423,84,74,0,false,0
243.527,84,94,0,false,0
243.527,84,94,7,false,0
243.527,93,94,0,false,0
243.527,93,94,1,false,0
243.527,93,94,7,false,0
243.527,93,94,8,false,0
243.527,93,94,9,false,0
243.633,100,4294967295,2,false,0
244.054,100,4294967295,3,false,0
244.28,13,23,3,false,0
244.28,13,23,6,false,0
244.28,13,23,8,false,0
244.28,33,23,6,false,0
244.389,23,13,0,false,0
244.389,23,13,1,false,0
244.389,23,13,2,false,0
244.389,23,13,5,false,0
244.43,0,1,2,false,0
244.43,0,1,6,false,0
244.43,0,1,7,false,0
244.43,2,1,2,false,0
244.43,2,1,6,false,0
244.43,2,1,7,false,0
244.43,11,1,2,false,0
244.43,11,1,6,false,0
244.43,11,1,7,false,0
244.438,100,4294967295,4,false,0
244.82,100,4294967295,5,false,0
244.907,32,33,1,false,0
244.907,32,33,3,false,0
244.907,32,33,8,false,0
244.93,13,3,3,false,0
244.93,13,3,4,false,0
244.93,13,3,6,false,0
244.93,13,3,7,false,0
244.93,13,3,8,false,0
244.93,13,3,9,false,0
245.102,100,4294967295,6,false,0
245.198,53,54,0,false,0
245.198,53,54,1,false,0
245.198,53,54,3,false,0
245.198,53,54,4,false,0
245.198,53,54,5,false,0
245.198,53,54,6,false,0
245.198,53,54,7,false,0
245.198,53,54,8,false,0
245.364,83,93,2,false,0
245.364,83,93,3,false,0
245.364,83,93,4,false,0
245.364,83,93,5,false,0
245.382,100,4294967295,7,false,0
245.581,100,4294967295,8,false,0
245.62,100,4294967295,9,false,0
245.657,100,4294967295,0,false,0
245.873,83,84,1,false,0
245.873,83,84,2,false,0
245.873,83,84,3,false,0
245.873,83,84,4,false,0
245.873,83,84,5,false,0
245.873,83,84,8,false,0
245.873,83,84,9,false,0
246.141,64,74,0,false,0
246.141,64,74,1,false,0
246.141,64,74,4,false,0
246.141,73,74,0,false,0
246.141,73,74,1,false,0
246.141,73,74,4,false,0
246.141,73,74,5,false,0
246.141,73,74,8,false,0
246.141,73,74,9,false,0
246.141,84,74,0,false,0
246.242,100,4294967295,1,false,0
246.432,84,94,0,false,0
246.432,84,94,7,false,0
246.709,13,23,3,false,0
246.709,13,23,6,false,0
246.709,13,23,8,false,0
246.709,22,23,3,false,0
246.709,22,23,6,false,0
246.709,22,23,8,false,0
246.709,33,23,6,false,0
246.773,3,13,5,false,0
246.773,23,13,0,false,0
246.773,23,13,1,false,0
246.773,23,13,2,false,0
246.773,23,13,5,false,0
246.797,100,4294967295,2,false,0
246.933,11,1,2,false,0
246.933,11,1,6,false,0
246.933,11,1,7,false,0
247.218,100,4294967295,3,false,0
247.602,100,4294967295,4,false,0
247.677,43,33,1,false,0
247.677,43,33,3,false,0
247.677,43,33,8,false,0
247.786,83,93,2,false,0
247.786,83,93,3,false,0
247.786,83,93,4,false,0
247.786,83,93,5,false,0
247.786,92,93,2,false,0
247.786,92,93,3,false,0
247.786,92,93,4,false,0
247.786,92,93,5,false,0
247.792,13,3,3,false,0
247.792,13,3,4,false,0
247.792,13,3,6,false,0
247.792,13,3,7,false,0
247.792,13,3,8,false,0
247.792,13,3,9,false,0
247.937,74,64,2,false,0
247.937,74,64,3,false,0
247.937,74,64,6,false,0
247.937,74,64,7,false,0
247.984,100,4294967295,5,false,0
248.157,53,54,0,false,0
248.157,53,54,1,false,0
248.157,53,54,3,false,0
248.157,53,54,4,false,0
248.157,53,54,5,false,0
248.157,53,54,6,false,0
248.157,53,54,7,false,0
248.157,53,54,8,false,0
248.266,100,4294967295,6,false,0
248.546,100,4294967295,7,false,0
248.554,93,94,0,false,0
248.554,93,94,1,false,0
248.554,93,94,7,false,0
248.554,93,94,8,false,0
248.554,93,94,9,false,0
248.64,83,84,1,false,0
248.64,83,84,2,false,0
248.64,83,84,3,false,0
248.64,83,84,4,false,0
248.64,83,84,5,false,0
248.64,83,84,8,false,0
248.64,83,84,9,false,0
248.744,100,4294967295,8,false,0
248.784,100,4294967295,9,false,0
248.821,100,4294967295,0,false,0
248.9,13,23,3,false,0
248.9,13,23,6,false,0
248.9,13,23,8,false,0
248.9,22,23,3,false,0
248.9,22,23,6,false,0
248.9,22,23,8,false,0
248.9,33,23,6,false,0
248.935,64,74,0,false,0
248.935,64,74,1,false,0
248.935,64,74,4,false,0
248.935,84,74,0,false,0
249.406,100,4294967295,1,false,0
249.452,0,1,2,false,0
249.452,0,1,6,false,0
249.452,0,1,7,false,0
249.605,3,13,5,false,0
249.605,12,13,0,false,0
249.605,12,13,1,false,0
249.605,12,13,2,false,0
249.605,12,13,5,false,0
249.605,23,13,0,false,0
249.605,23,13,1,false,0
249.605,23,13,2,false,0
249.605,23,13,5,false,0
249.96,100,4294967295,2,false,0
250.357,2,3,0,false,0
250.357,2,3,1,false,0
250.357,2,3,2,false,0
250.357,2,3,3,false,0
250.357,2,3,4,false,0
250.357,2,3,6,false,0
250.357,2,3,7,false,0
250.357,2,3,8,false,0
250.357,2,3,9,false,0
250.373,83,93,2,false,0
250.373,83,93,3,false,0
250.373,83,93,4,false,0
250.373,83,93,5,false,0
250.382,100,4294967295,3,false,0
250.492,23,33,1,false,0
250.492,32,33,1,false,0
250.492,32,33,3,false,0
250.492,32,33,8,false,0
250.573,54,64,9,false,0
250.573,63,64,2,false,0
250.573,63,64,3,false,0
250.573,63,64,6,false,0
250.573,63,64,7,false,0
250.573,63,64,8,false,0
250.573,63,64,9,false,0
250.573,74,64,2,false,0
250.573,74,64,3,false,0
250.573,74,64,6,false,0
250.573,74,64,7,false,0
250.589,53,54,0,false,0
250.589,53,54,1,false,0
250.589,53,54,3,false,0
250.589,53,54,4,false,0
250.589,53,54,5,false,0
250.589,53,54,6,false,0
250.589,53,54,7,false,0
250.589,53,54,8,false,0
250.589,64,54,0,false,0
250.589,64,54,1,false,0
250.589,64,54,4,false,0
250.694,84,94,0,false,0
250.694,84,94,7,false,0
250.694,93,94,0,false,0
250.694,93,94,1,false,0
250.694,93,94,7,false,0
250.694,93,94,8,false,0
250.694,93,94,9,false,0
250.766,100,4294967295,4,false,0
251.148,100,4294967295,5,false,0
251.157,73,74,0,false,0
251.157,73,74,1,false,0
251.157,73,74,4,false,0
251.157,73,74,5,false,0
251.157,73,74,8,false,0
251.157,73,74,9,false,0
251.43,100,4294967295,6,false,0
251.602,33,23,6,false,0
251.71,100,4294967295,7,false,0
251.744,3,13,5,false,0
251.744,12,13,0,false,0
251.744,12,13,1,false,0
251.744,12,13,2,false,0
251.744,12,13,5,false,0
251.908,100,4294967295,8,false,0
251.948,100,4294967295,9,false,0
251.974,0,1,2,false,0
251.974,0,1,6,false,0
251.974,0,1,7,false,0
251.974,11,1,2,false,0
251.974,11,1,6,false,0
251.974,11,1,7,false,0
251.985,100,4294967295,0,false,0
252.57,100,4294967295,1,false,0
252.599,83,93,2,false,0
252.599,83,93,3,false,0
252.599,83,93,4,false,0
252.599,83,93,5,false,0
252.599,92,93,2,false,0
252.599,92,93,3,false,0
252.599,92,93,4,false,0
252.599,92,93,5,false,0
252.708,13,3,3,false,0
252.708,13,3,4,false,0
252.708,13,3,6,false,0
252.708,13,3,7,false,0
252.708,13,3,8,false,0
252.708,13,3,9,false,0
252.989,53,54,0,false,0
252.989,53,54,1,false,0
252.989,53,54,3,false,0
252.989,53,54,4,false,0
252.989,53,54,5,false,0
252.989,53,54,6,false,0
252.989,53,54,7,false,0
252.989,53,54,8,false,0
253.045,63,64,2,false,0
253.045,63,64,3,false,0
253.045,63,64,6,false,0
253.045,63,64,7,false,0
253.045,63,64,8,false,0
253.045,63,64,9,false,0
253.045,74,64,2,false,0
253.045,74,64,3,false,0
253.045,74,64,6,false,0
253.045,74,64,7,false,0
253.124,100,4294967295,2,false,0
253.333,74,84,2,false,0
253.333,74,84,3,false,0
253.333,83,84,1,false,0
253.333,83,84,2,false,0
253.333,83,84,3,false,0
253.333,83,84,4,false,0
253.333,83,84,5,false,0
253.333,83,84,8,false,0
253.333,83,84,9,false,0
253.546,100,4294967295,3,false,0
253.81,84,74,0,false,0
253.93,100,4294967295,4,false,0
253.941,22,23,3,false,0
253.941,22,23,6,false,0
253.941,22,23,8,false,0
253.941,33,23,6,false,0
254.312,100,4294967295,5,false,0
254.449,0,1,2,false,0
254.449,0,1,6,false,0
254.449,0,1,7,false,0
254.449,2,1,2,false,0
254.449,2,1,6,false,0
254.449,2,1,7,false,0
254.449,11,1,2,false,0
254.449,11,1,6,false,0
254.449,11,1,7,false,0
254.52,3,13,5,false,0
254.594,100,4294967295,6,false,0
254.659,83,93,2,false,0
254.659,83,93,3,false,0
254.659,83,93,4,false,0
254.659,83,93,5,false,0
254.874,100,4294967295,7,false,0
255.047,54,64,9,false,0
255.047,63,64,2,false,0
255.047,63,64,3,false,0
255.047,63,64,6,false,0
255.047,63,64,7,false,0
255.047,63,64,8,false,0
255.047,63,64,9,false,0
255.072,100,4294967295,8,false,0
255.112,100,4294967295,9,false,0
255.148,100,4294967295,0,false,0
255.364,53,54,0,false,0
255.364,53,54,1,false,0
255.364,53,54,3,false,0
255.364,53,54,4,false,0
255.364,53,54,5,false,0
255.364,53,54,6,false,0
255.364,53,54,7,false,0
255.364,53,54,8,false,0
255.364,64,54,0,false,0
255.364,64,54,1,false,0
255.364,64,54,4,false,0
255.37,84,94,0,false,0
255.37,84,94,7,false,0
255.459,2,3,0,false,0
255.459,2,3,1,false,0
255.459,2,3,2,false,0
255.459,2,3,3,false,0
255.459,2,3,4,false,0
255.459,2,3,6,false,0
255.459,2,3,7,false,0
255.459,2,3,8,false,0
255.459,2,3,9,false,0
255.734,100,4294967295,1,false,0
255.787,32,33,1,false,0
255.787,32,33,3,false,0
255.787,32,33,8,false,0
255.787,43,33,1,false,0
255.787,43,33,3,false,0
255.787,43,33,8,false,0
256.094,74,84,2,false,0
256.094,74,84,3,false,0
256.192,64,74,0,false,0
256.192,64,74,1,false,0
256.192,64,74,4,false,0
256.288,100,4294967295,2,false,0
256.291,13,23,3,false,0
256.291,13,23,6,false,0
256.291,13,23,8,false,0
256.71,100,4294967295,3,false,0
256.77,0,1,2,false,0
256.77,0,1,6,false,0
256.77,0,1,7,false,0
256.77,2,1,2,false,0
256.77,2,1,6,false,0
256.77,2,1,7,false,0
256.77,11,1,2,false,0
256.77,11,1,6,false,0
256.77,11,1,7,false,0
256.818,83,93,2,false,0
256.818,83,93,3,false,0
256.818,83,93,4,false,0
256.818,83,93,5,false,0
257.093,100,4294967295,4,false,0
257.33,3,13,5,false,0
257.33,12,13,0,false,0
257.33,12,13,1,false,0
257.33,12,13,2,false,0
257.33,12,13,5,false,0
257.476,100,4294967295,5,false,0
257.517,53,54,0,false,0
257.517,53,54,1,false,0
257.517,53,54,3,false,0
257.517,53,54,4,false,0
257.517,53,54,5,false,0
257.517,53,54,6,false,0
257.517,53,54,7,false,0
257.517,53,54,8,false,0
257.517,64,54,0,false,0
257.517,64,54,1,false,0
257.517,64,54,4,false,0
257.758,100,4294967295,6,false,0
257.814,63,64,2,false,0
257.814,63,64,3,false,0
257.814,63,64,6,false,0
257.814,63,64,7,false,0
257.814,63,64,8,false,0
257.814,63,64,9,false,0
257.814,74,64,2,false,0
257.814,74,64,3,false,0
257.814,74,64,6,false,0
257.814,74,64,7,false,0
257.965,2,3,0,false,0
257.965,2,3,1,false,0
257.965,2,3,2,false,0
257.965,2,3,3,false,0
257.965,2,3,4,false,0
257.965,2,3,6,false,0
257.965,2,3,7,false,0
257.965,2,3,8,false,0
257.965,2,3,9,false,0
258.013,93,94,0,false,0
258.013,93,94,1,false,0
258.013,93,94,7,false,0
258.013,93,94,8,false,0
258.013,93,94,9,false,0
258.038,100,4294967295,7,false,0
258.236,100,4294967295,8,false,0
258.276,100,4294967295,9,false,0
258.312,100,4294967295,0,false,0
258.367,64,74,0,false,0
258.367,64,74,1,false,0
258.367,64,74,4,false,0
258.367,73,74,0,false,0
258.367,73,74,1,false,0
258.367,73,74,4,false,0
258.367,73,74,5,false,0
258.367,73,74,8,false,0
258.367,73,74,9,false,0
258.73,74,84,2,false,0
258.73,74,84,3,false,0
258.898,100,4294967295,1,false,0
259.452,100,4294967295,2,false,0
259.572,12,13,0,false,0
259.572,12,13,1,false,0
259.572,12,13,2,false,0
259.572,12,13,5,false,0
259.572,23,13,0,false,0
259.572,23,13,1,false,0
259.572,23,13,2,false,0
259.572,23,13,5,false,0
259.627,0,1,2,false,0
259.627,0,1,6,false,0
259.627,0,1,7,false,0
259.627,11,1,2,false,0
259.627,11,1,6,false,0
259.627,11,1,7,false,0
259.638,64,54,0,false,0
259.638,64,54,1,false,0
259.638,64,54,4,false,0
259.64,92,93,2,false,0
259.64,92,93,3,false,0
259.64,92,93,4,false,0
259.64,92,93,5,false,0
259.874,100,4294967295,3,false,0
260.257,100,4294967295,4,false,0
260.29,84,94,0,false,0
260.29,84,94,7,false,0
260.432,54,64,9,false,0
260.432,63,64,2,false,0
260.432,63,64,3,false,0
260.432,63,64,6,false,0
260.432,63,64,7,false,0
260.432,63,64,8,false,0
260.432,63,64,9,false,0
260.64,100,4294967295,5,false,0
260.717,73,74,0,false,0
260.717,73,74,1,false,0
260.717,73,74,4,false,0
260.717,73,74,5,false,0
260.717,73,74,8,false,0
260.717,73,74,9,false,0
260.856,13,3,3,false,0
260.856,13,3,4,false,0
260.856,13,3,6,false,0
260.856,13,3,7,false,0
260.856,13,3,8,false,0
260.856,13,3,9,false,0
260.922,100,4294967295,6,false,0
261.073,23,33,1,false,0
261.202,100,4294967295,7,false,0
261.272,13,23,3,false,0
261.272,13,23,6,false,0
261.272,13,23,8,false,0
261.4,100,4294967295,8,false,0
261.44,100,4294967295,9,false,0
261.452,83,84,1,false,0
261.452,83,84,2,false,0
261.452,83,84,3,false,0
261.452,83,84,4,false,0
261.452,83,84,5,false,0
261.452,83,84,8,false,0
261.452,83,84,9,false,0
261.476,100,4294967295,0,false,0
261.759,3,13,5,false,0
261.78,83,93,2,false,0
261.78,83,93,3,false,0
261.78,83,93,4,false,0
261.78,83,93,5,false,0
262.061,100,4294967295,1,false,0
262.264,64,54,0,false,0
262.264,64,54,1,false,0
262.264,64,54,4,false,0
262.393,0,1,2,false,0
262.393,0,1,6,false,0
262.393,0,1,7,false,0
262.393,2,1,2,false,0
262.393,2,1,6,false,0
262.393,2,1,7,false,0
262.393,11,1,2,false,0
262.393,11,1,6,false,0
262.393,11,1,7,false,0
262.605,74,64,2,false,0
262.605,74,64,3,false,0
262.605,74,64,6,false,0
262.605,74,64,7,false,0
262.616,100,4294967295,2,false,0
262.939,73,74,0,false,0
262.939,73,74,1,false,0
262.939,73,74,4,false,0
262.939,73,74,5,false,0
262.939,73,74,8,false,0
262.939,73,74,9,false,0
262.939,84,74,0,false,0
263.02,93,94,0,false,0
263.02,93,94,1,false,0
263.02,93,94,7,false,0
263.02,93,94,8,false,0
263.02,93,94,9,false,0
263.038,100,4294967295,3,false,0
263.421,100,4294967295,4,false,0
263.471,23,33,1,false,0
263.471,43,33,1,false,0
263.471,43,33,3,false,0
263.471,43,33,8,false,0
263.765,74,84,2,false,0
263.765,74,84,3,false,0
263.765,83,84,1,false,0
263.765,83,84,2,false,0
263.765,83,84,3,false,0
263.765,83,84,4,false,0
263.765,83,84,5,false,0
263.765,83,84,8,false,0
263.765,83,84,9,false,0
263.804,100,4294967295,5,false,0
263.918,13,23,3,false,0
263.918,13,23,6,false,0
263.918,13,23,8,false,0
263.918,22,23,3,false,0
263.918,22,23,6,false,0
263.918,22,23,8,false,0
263.918,33,23,6,false,0
264.086,100,4294967295,6,false,0
264.366,100,4294967295,7,false,0
264.453,53,54,0,false,0
264.453,53,54,1,false,0
264.453,53,54,3,false,0
264.453,53,54,4,false,0
264.453,53,54,5,false,0
264.453,53,54,6,false,0
264.453,53,54,7,false,0
264.453,53,54,8,false,0
264.453,64,54,0,false,0
264.453,64,54,1,false,0
264.453,64,54,4,false,0
264.564,100,4294967295,8,false,0
264.604,100,4294967295,9,false,0
264.64,100,4294967295,0,false,0
264.694,3,13,5,false,0
265.194,84,94,0,false,0
265.194,84,94,7,false,0
265.194,93,94,0,false,0
265.194,93,94,1,false,0
265.194,93,94,7,false,0
265.194,93,94,8,false,0
265.194,93,94,9,false,0
265.225,100,4294967295,1,false,0
265.269,2,1,2,false,0
265.269,2,1,6,false,0
265.269,2,1,7,false,0
265.269,11,1,2,false,0
265.269,11,1,6,false,0
265.269,11,1,7,false,0
265.605,54,64,9,false,0
265.605,74,64,2,false,0
265.605,74,64,3,false,0
265.605,74,64,6,false,0
265.605,74,64,7,false,0
265.657,23,33,1,false,0
265.657,43,33,1,false,0
265.657,43,33,3,false,0
265.657,43,33,8,false,0
265.703,73,74,0,false,0
265.703,73,74,1,false,0
265.703,73,74,4,false,0
265.703,73,74,5,false,0
265.703,73,74,8,false,0
265.703,73,74,9,false,0
265.78,100,4294967295,2,false,0
265.817,2,3,0,false,0
265.817,2,3,1,false,0
265.817,2,3,2,false,0
265.817,2,3,3,false,0
265.817,2,3,4,false,0
265.817,2,3,6,false,0
265.817,2,3,7,false,0
265.817,2,3,8,false,0
265.817,2,3,9,false,0
265.843,74,84,2,false,0
265.843,74,84,3,false,0
265.843,83,84,1,false,0
265.843,83,84,2,false,0
265.843,83,84,3,false,0
265.843,83,84,4,false,0
265.843,83,84,5,false,0
265.843,83,84,8,false,0
265.843,83,84,9,false,0
266.202,100,4294967295,3,false,0
266.585,100,4294967295,4,false,0
266.676,83,93,2,false,0
266.676,83,93,3,false,0
266.676,83,93,4,false,0
266.676,83,93,5,false,0
266.676,92,93,2,false,0
266.676,92,93,3,false,0
266.676,92,93,4,false,0
266.676,92,93,5,false,0
266.881,22,23,3,false,0
266.881,22,23,6,false,0
266.881,22,23,8,false,0
266.881,33,23,6,false,0
266.968,100,4294967295,5,false,0
267.25,100,4294967295,6,false,0
267.295,84,94,0,false,0
267.295,84,94,7,false,0
267.295,93,94,0,false,0
267.295,93,94,1,false,0
267.295,93,94,7,false,0
267.295,93,94,8,false,0
267.295,93,94,9,false,0
267.514,0,1,2,false,0
267.514,0,1,6,false,0
267.514,0,1,7,false,0
267.514,2,1,2,false,0
267.514,2,1,6,false,0
267.514,2,1,7,false,0
267.514,11,1,2,false,0
267.514,11,1,6,false,0
267.514,11,1,7,false,0
267.53,100,4294967295,7,false,0
267.728,100,4294967295,8,false,0
267.767,100,4294967295,9,false,0
267.804,100,4294967295,0,false,0
267.986,64,74,0,false,0
267.986,64,74,1,false,0
267.986,64,74,4,false,0
267.986,73,74,0,false,0
267.986,73,74,1,false,0
267.986,73,74,4,false,0
267.986,73,74,5,false,0
267.986,73,74,8,false,0
267.986,73,74,9,false,0
267.986,84,74,0,false,0
268.105,32,33,1,false,0
268.105,32,33,3,false,0
268.105,32,33,8,false,0
268.105,43,33,1,false,0
268.105,43,33,3,false,0
268.105,43,33,8,false,0
268.149,74,84,2,false,0
268.149,74,84,3,false,0
268.149,83,84,1,false,0
268.149,83,84,2,false,0
268.149,83,84,3,false,0
268.149,83,84,4,false,0
268.149,83,84,5,false,0
268.149,83,84,8,false,0
268.149,83,84,9,false,0
268.202,63,64,2,false,0
268.202,63,64,3,false,0
268.202,63,64,6,false,0
268.202,63,64,7,false,0
268.202,63,64,8,false,0
268.202,63,64,9,false,0
268.202,74,64,2,false,0
268.202,74,64,3,false,0
268.202,74,64,6,false,0
268.202,74,64,7,false,0
268.389,100,4294967295,1,false,0
268.545,2,3,0,false,0
268.545,2,3,1,false,0
268.545,2,3,2,false,0
268.545,2,3,3,false,0
268.545,2,3,4,false,0
268.545,2,3,6,false,0
268.545,2,3,7,false,0
268.545,2,3,8,false,0
268.545,2,3,9,false,0
268.71,83,93,2,false,0
268.71,83,93,3,false,0
268.71,83,93,4,false,0
268.71,83,93,5,false,0
268.71,92,93,2,false,0
268.71,92,93,3,false,0
268.71,92,93,4,false,0
268.71,92,93,5,false,0
268.944,100,4294967295,2,false,0
269.094,13,23,3,false,0
269.094,13,23,6,false,0
269.094,13,23,8,false,0
269.094,22,23,3,false,0
269.094,22,23,6,false,0
269.094,22,23,8,false,0
269.094,33,23,6,false,0
269.299,12,13,0,false,0
269.299,12,13,1,false,0
269.299,12,13,2,false,0
269.299,12,13,5,false,0
269.365,100,4294967295,3,false,0
269.592,84,94,0,false,0
269.592,84,94,7,false,0
269.592,93,94,0,false,0
269.592,93,94,1,false,0
269.592,93,94,7,false,0
269.592,93,94,8,false,0
269.592,93,94,9,false,0
269.749,100,4294967295,4,false,0
270.132,100,4294967295,5,false,0
270.346,54,64,9,false,0
270.346,63,64,2,false,0
270.346,63,64,3,false,0
270.346,63,64,6,false,0
270.346,63,64,7,false,0
270.346,63,64,8,false,0
270.346,63,64,9,false,0
270.414,100,4294967295,6,false,0
270.458,0,1,2,false,0
270.458,0,1,6,false,0
270.458,0,1,7,false,0
270.458,2,1,2,false,0
270.458,2,1,6,false,0
270.458,2,1,7,false,0
270.458,11,1,2,false,0
270.458,11,1,6,false,0
270.458,11,1,7,false,0
270.647,23,33,1,false,0
270.647,32,33,1,false,0
270.647,32,33,3,false,0
270.647,32,33,8,false,0
270.665,2,3,0,false,0
270.665,2,3,1,false,0
270.665,2,3,2,false,0
270.665,2,3,3,false,0
270.665,2,3,4,false,0
270.665,2,3,6,false,0
270.665,2,3,7,false,0
270.665,2,3,8,false,0
270.665,2,3,9,false,0
270.694,100,4294967295,7,false,0
270.892,100,4294967295,8,false,0
270.931,100,4294967295,9,false,0
270.968,64,74,0,false,0
270.968,64,74,1,false,0
270.968,64,74,4,false,0
270.968,84,74,0,false,0
270.968,100,4294967295,0,false,0
271.488,83,93,2,false,0
271.488,83,93,3,false,0
271.488,83,93,4,false,0
271.488,83,93,5,false,0
271.488,92,93,2,false,0
271.488,92,93,3,false,0
271.488,92,93,4,false,0
271.488,92,93,5,false,0
271.553,100,4294967295,1,false,0
271.748,13,23,3,false,0
271.748,13,23,6,false,0
271.748,13,23,8,false,0
271.748,33,23,6,false,0
271.846,3,13,5,false,0
271.866,93,94,0,false,0
271.866,93,94,1,false,0
271.866,93,94,7,false,0
271.866,93,94,8,false,0
271.866,93,94,9,false,0
272.108,100,4294967295,2,false,0
272.528,53,54,0,false,0
272.528,53,54,1,false,0
272.528,53,54,3,false,0
272.528,53,54,4,false,0
272.528,53,54,5,false,0
272.528,53,54,6,false,0
272.528,53,54,7,false,0
272.528,53,54,8,false,0
272.528,64,54,0,false,0
272.528,64,54,1,false,0
272.528,64,54,4,false,0
272.529,100,4294967295,3,false,0
272.761,63,64,2,false,0
272.761,63,64,3,false,0
272.761,63,64,6,false,0
272.761,63,64,7,false,0
272.761,63,64,8,false,0
272.761,63,64,9,false,0
272.761,74,64,2,false,0
272.761,74,64,3,false,0
272.761,74,64,6,false,0
272.761,74,64,7,false,0
272.913,100,4294967295,4,false,0
272.929,23,33,1,false,0
272.929,43,33,1,false,0
272.929,43,33,3,false,0
272.929,43,33,8,false,0
273.121,73,74,0,false,0
273.121,73,74,1,false,0
273.121,73,74,4,false,0
273.121,73,74,5,false,0
273.121,73,74,8,false,0
273.121,73,74,9,false,0
273.121,84,74,0,false,0
273.188,13,3,3,false,0
273.188,13,3,4,false,0
273.188,13,3,6,false,0
273.188,13,3,7,false,0
273.188,13,3,8,false,0
273.188,13,3,9,false,0
273.267,0,1,2,false,0
273.267,0,1,6,false,0
273.267,0,1,7,false,0
273.296,100,4294967295,5,false,0
273.493,83,93,2,false,0
273.493,83,93,3,false,0
273.493,83,93,4,false,0
273.493,83,93,5,false,0
273.493,92,93,2,false,0
273.493,92,93,3,false,0
273.493,92,93,4,false,0
273.493,92,93,5,false,0
273.578,100,4294967295,6,false,0
273.818,13,23,3,false,0
273.818,13,23,6,false,0
273.818,13,23,8,false,0
273.818,22,23,3,false,0
273.818,22,23,6,false,0
273.818,22,23,8,false,0
273.858,100,4294967295,7,false,0
273.865,74,84,2,false,0
273.865,74,84,3,false,0
274.056,100,4294967295,8,false,0
274.089,12,13,0,false,0
274.089,12,13,1,false,0
274.089,12,13,2,false,0
274.089,12,13,5,false,0
274.089,23,13,0,false,0
274.089,23,13,1,false,0
274.089,23,13,2,false,0
274.089,23,13,5,false,0
274.095,100,4294967295,9,false,0
274.132,100,4294967295,0,false,0
274.211,84,94,0,false,0
274.211,84,94,7,false,0
274.211,93,94,0,false,0
274.211,93,94,1,false,0
274.211,93,94,7,false,0
274.211,93,94,8,false,0
274.211,93,94,9,false,0
274.717,100,4294967295,1,false,0
274.961,53,54,0,false,0
274.961,53,54,1,false,0
274.961,53,54,3,false,0
274.961,53,54,4,false,0
274.961,53,54,5,false,0
274.961,53,54,6,false,0
274.961,53,54,7,false,0
274.961,53,54,8,false,0
274.961,64,54,0,false,0
274.961,64,54,1,false,0
274.961,64,54,4,false,0
275.024,32,33,1,false,0
275.024,32,33,3,false,0
275.024,32,33,8,false,0
275.272,100,4294967295,2,false,0
275.403,0,1,2,false,0
275.403,0,1,6,false,0
275.403,0,1,7,false,0
275.403,2,1,2,false,0
275.403,2,1,6,false,0
275.403,2,1,7,false,0
275.668,73,74,0,false,0
275.668,73,74,1,false,0
275.668,73,74,4,false,0
275.668,73,74,5,false,0
275.668,73,74,8,false,0
275.668,73,74,9,false,0
275.668,84,74,0,false,0
275.693,100,4294967295,3,false,0
275.695,54,64,9,false,0
275.695,63,64,2,false,0
275.695,63,64,3,false,0
275.695,63,64,6,false,0
275.695,63,64,7,false,0
275.695,63,64,8,false,0
275.695,63,64,9,false,0
275.743,2,3,0,false,0
275.743,2,3,1,false,0
275.743,2,3,2,false,0
275.743,2,3,3,false,0
275.743,2,3,4,false,0
275.743,2,3,6,false,0
275.743,2,3,7,false,0
275.743,2,3,8,false,0
275.743,2,3,9,false,0
275.743,13,3,3,false,0
275.743,13,3,4,false,0
275.743,13,3,6,false,0
275.743,13,3,7,false,0
275.743,13,3,8,false,0
275.743,13,3,9,false,0
275.776,83,93,2,false,0
275.776,83,93,3,false,0
275.776,83,93,4,false,0
275.776,83,93,5,false,0
275.776,92,93,2,false,0
275.776,92,93,3,false,0
275.776,92,93,4,false,0
275.776,92,93,5,false,0
275.878,74,84,2,false,0
275.878,74,84,3,false,0
276.077,100,4294967295,4,false,0
276.14,33,23,6,false,0
276.459,100,4294967295,5,false,0
276.741,100,4294967295,6,false,0
277.021,100,4294967295,7,false,0
277.083,3,13,5,false,0
277.083,12,13,0,false,0
277.083,12,13,1,false,0
277.083,12,13,2,false,0
277.083,12,13,5,false,0
277.083,23,13,0,false,0
277.083,23,13,1,false,0
277.083,23,13,2,false,0
277.083,23,13,5,false,0
277.22,100,4294967295,8,false,0
277.259,100,4294967295,9,false,0
277.296,100,4294967295,0,false,0
277.46,2,1,2,false,0
277.46,2,1,6,false,0
277.46,2,1,7,false,0
277.46,11,1,2,false,0
277.46,11,1,6,false,0
277.46,11,1,7,false,0
277.881,100,4294967295,1,false,0
277.891,23,33,1,false,0
277.891,32,33,1,false,0
277.891,32,33,3,false,0
277.891,32,33,8,false,0
277.891,43,33,1,false,0
277.891,43,33,3,false,0
277.891,43,33,8,false,0
277.926,53,54,0,false,0
277.926,53,54,1,false,0
277.926,53,54,3,false,0
277.926,53,54,4,false,0
277.926,53,54,5,false,0
277.926,53,54,6,false,0
277.926,53,54,7,false,0
277.926,53,54,8,false,0
277.926,64,54,0,false,0
277.926,64,54,1,false,0
277.926,64,54,4,false,0
278.012,64,74,0,false,0
278.012,64,74,1,false,0
278.012,64,74,4,false,0
278.294,2,3,0,false,0
278.294,2,3,1,false,0
278.294,2,3,2,false,0
278.294,2,3,3,false,0
278.294,2,3,4,false,0
278.294,2,3,6,false,0
278.294,2,3,7,false,0
278.294,2,3,8,false,0
278.294,2,3,9,false,0
278.378,92,93,2,false,0
278.378,92,93,3,false,0
278.378,92,93,4,false,0
278.378,92,93,5,false,0
278.436,100,4294967295,2,false,0
278.651,54,64,9,false,0
278.651,74,64,2,false,0
278.651,74,64,3,false,0
278.651,74,64,6,false,0
278.651,74,64,7,false,0
278.775,13,23,3,false,0
278.775,13,23,6,false,0
278.775,13,23,8,false,0
278.775,22,23,3,false,0
278.775,22,23,6,false,0
278.775,22,23,8,false,0
278.775,33,23,6,false,0
278.836,74,84,2,false,0
278.836,74,84,3,false,0
278.836,83,84,1,false,0
278.836,83,84,2,false,0
278.836,83,84,3,false,0
278.836,83,84,4,false,0
278.836,83,84,5,false,0
278.836,83,84,8,false,0
278.836,83,84,9,false,0
278.857,100,4294967295,3,false,0
279.241,100,4294967295,4,false,0
279.377,84,94,0,false,0
279.377,84,94,7,false,0
279.377,93,94,0,false,0
279.377,93,94,1,false,0
279.377,93,94,7,false,0
279.377,93,94,8,false,0
279.377,93,94,9,false,0
279.441,12,13,0,false,0
279.441,12,13,1,false,0
279.441,12,13,2,false,0
279.441,12,13,5,false,0
279.623,100,4294967295,5,false,0
279.905,100,4294967295,6,false,0
280.06,64,74,0,false,0
280.06,64,74,1,false,0
280.06,64,74,4,false,0
280.09,64,54,0,false,0
280.09,64,54,1,false,0
280.09,64,54,4,false,0
280.108,0,1,2,false,0
280.108,0,1,6,false,0
280.108,0,1,7,false,0
280.108,11,1,2,false,0
280.108,11,1,6,false,0
280.108,11,1,7,false,0
280.148,23,33,1,false,0
280.148,32,33,1,false,0
280.148,32,33,3,false,0
280.148,32,33,8,false,0
280.185,100,4294967295,7,false,0
280.313,2,3,0,false,0
280.313,2,3,1,false,0
280.313,2,3,2,false,0
280.313,2,3,3,false,0
280.313,2,3,4,false,0
280.313,2,3,6,false,0
280.313,2,3,7,false,0
280.313,2,3,8,false,0
280.313,2,3,9,false,0
280.313,13,3,3,false,0
280.313,13,3,4,false,0
280.313,13,3,6,false,0
280.313,13,3,7,false,0
280.313,13,3,8,false,0
280.313,13,3,9,false,0
280.384,100,4294967295,8,false,0
280.423,100,4294967295,9,false,0
280.46,100,4294967295,0,false,0
280.725,92,93,2,false,0
280.725,92,93,3,false,0
280.725,92,93,4,false,0
280.725,92,93,5,false,0
281.045,100,4294967295,1,false,0
281.101,13,23,3,false,0
281.101,13,23,6,false,0
281.101,13,23,8,false,0
281.101,22,23,3,false,0
281.101,22,23,6,false,0
281.101,22,23,8,false,0
281.101,33,23,6,false,0
281.6,100,4294967295,2,false,0
281.63,63,64,2,false,0
281.63,63,64,3,false,0
281.63,63,64,6,false,0
281.63,63,64,7,false,0
281.63,63,64,8,false,0
281.63,63,64,9,false,0
281.63,74,64,2,false,0
281.63,74,64,3,false,0
281.63,74,64,6,false,0
281.63,74,64,7,false,0
281.689,3,13,5,false,0
281.689,12,13,0,false,0
281.689,12,13,1,false,0
281.689,12,13,2,false,0
281.689,12,13,5,false,0
281.689,23,13,0,false,0
281.689,23,13,1,false,0
281.689,23,13,2,false,0
281.689,23,13,5,false,0
281.743,74,84,2,false,0
281.743,74,84,3,false,0
282.021,100,4294967295,3,false,0
282.154,93,94,0,false,0
282.154,93,94,1,false,0
282.154,93,94,7,false,0
282.154,93,94,8,false,0
282.154,93,94,9,false,0
282.405,100,4294967295,4,false,0
282.432,2,3,0,false,0
282.432,2,3,1,false,0
282.432,2,3,2,false,0
282.432,2,3,3,false,0
282.432,2,3,4,false,0
282.432,2,3,6,false,0
282.432,2,3,7,false,0
282.432,2,3,8,false,0
282.432,2,3,9,false,0
282.525,64,54,0,false,0
282.525,64,54,1,false,0
282.525,64,54,4,false,0
282.73,23,33,1,false,0
282.73,43,33,1,false,0
282.73,43,33,3,false,0
282.73,43,33,8,false,0
282.787,100,4294967295,5,false,0
282.922,64,74,0,false,0
282.922,64,74,1,false,0
282.922,64,74,4,false,0
282.922,84,74,0,false,0
283.069,100,4294967295,6,false,0
283.349,100,4294967295,7,false,0
283.486,92,93,2,false,0
283.486,92,93,3,false,0
283.486,92,93,4,false,0
283.486,92,93,5,false,0
283.547,100,4294967295,8,false,0
283.587,100,4294967295,9,false,0
283.624,100,4294967295,0,false,0
283.753,3,13,5,false,0
283.753,12,13,0,false,0
283.753,12,13,1,false,0
283.753,12,13,2,false,0
283.753,12,13,5,false,0
283.753,23,13,0,false,0
283.753,23,13,1,false,0
283.753,23,13,2,false,0
283.753,23,13,5,false,0
284.209,100,4294967295,1,false,0
284.378,74,84,2,false,0
284.378,74,84,3,false,0
284.378,83,84,1,false,0
284.378,83,84,2,false,0
284.378,83,84,3,false,0
284.378,83,84,4,false,0
284.378,83,84,5,false,0
284.378,83,84,8,false,0
284.378,83,84,9,false,0
284.422,93,94,0,false,0
284.422,93,94,1,false,0
284.422,93,94,7,false,0
284.422,93,94,8,false,0
284.422,93,94,9,false,0
284.515,54,64,9,false,0
284.515,74,64,2,false,0
284.515,74,64,3,false,0
284.515,74,64,6,false,0
284.515,74,64,7,false,0
284.763,100,4294967295,2,false,0
284.999,0,1,2,false,0
284.999,0,1,6,false,0
284.999,0,1,7,false,0
284.999,2,1,2,false,0
284.999,2,1,6,false,0
284.999,2,1,7,false,0
285.185,100,4294967295,3,false,0
285.228,53,54,0,false,0
285.228,53,54,1,false,0
285.228,53,54,3,false,0
285.228,53,54,4,false,0
285.228,53,54,5,false,0
285.228,53,54,6,false,0
285.228,53,54,7,false,0
285.228,53,54,8,false,0
285.313,64,74,0,false,0
285.313,64,74,1,false,0
285.313,64,74,4,false,0
285.313,73,74,0,false,0
285.313,73,74,1,false,0
285.313,73,74,4,false,0
285.313,73,74,5,false,0
285.313,73,74,8,false,0
285.313,73,74,9,false,0
285.313,84,74,0,false,0
285.391,2,3,0,false,0
285.391,2,3,1,false,0
285.391,2,3,2,false,0
285.391,2,3,3,false,0
285.391,2,3,4,false,0
285.391,2,3,6,false,0
285.391,2,3,7,false,0
285.391,2,3,8,false,0
285.391,2,3,9,false,0
285.53,23,33,1,false,0
285.53,32,33,1,false,0
285.53,32,33,3,false,0
285.53,32,33,8,false,0
285.569,100,4294967295,4,false,0
285.77,83,93,2,false,0
285.77,83,93,3,false,0
285.77,83,93,4,false,0
285.77,83,93,5,false,0
285.951,100,4294967295,5,false,0
286.233,100,4294967295,6,false,0
286.357,12,13,0,false,0
286.357,12,13,1,false,0
286.357,12,13,2,false,0
286.357,12,13,5,false,0
286.357,23,13,0,false,0
286.357,23,13,1,false,0
286.357,23,13,2,false,0
286.357,23,13,5,false,0
286.457,84,94,0,false,0
286.457,84,94,7,false,0
286.457,93,94,0,false,0
286.457,93,94,1,false,0
286.457,93,94,7,false,0
286.457,93,94,8,false,0
286.457,93,94,9,false,0
286.513,100,4294967295,7,false,0
286.599,13,23,3,false,0
286.599,13,23,6,false,0
286.599,13,23,8,false,0
286.599,22,23,3,false,0
286.599,22,23,6,false,0
286.599,22,23,8,false,0
286.599,33,23,6,false,0
286.711,100,4294967295,8,false,0
286.751,100,4294967295,9,false,0
286.787,100,4294967295,0,false,0
287.095,74,84,2,false,0
287.095,74,84,3,false,0
287.095,83,84,1,false,0
287.095,83,84,2,false,0
287.095,83,84,3,false,0
287.095,83,84,4,false,0
287.095,83,84,5,false,0
287.095,83,84,8,false,0
287.095,83,84,9,false,0
287.128,0,1,2,false,0
287.128,0,1,6,false,0
287.128,0,1,7,false,0
287.128,11,1,2,false,0
287.128,11,1,6,false,0
287.128,11,1,7,false,0
287.373,100,4294967295,1,false,0
287.39,53,54,0,false,0
287.39,53,54,1,false,0
287.39,53,54,3,false,0
287.39,53,54,4,false,0
287.39,53,54,5,false,0
287.39,53,54,6,false,0
287.39,53,54,7,false,0
287.39,53,54,8,false,0
287.39,64,54,0,false,0
287.39,64,54,1,false,0
287.39,64,54,4,false,0
287.416,2,3,0,false,0
287.416,2,3,1,false,0
287.416,2,3,2,false,0
287.416,2,3,3,false,0
287.416,2,3,4,false,0
287.416,2,3,6,false,0
287.416,2,3,7,false,0
287.416,2,3,8,false,0
287.416,2,3,9,false,0
287.416,13,3,3,false,0
287.416,13,3,4,false,0
287.416,13,3,6,false,0
287.416,13,3,7,false,0
287.416,13,3,8,false,0
287.416,13,3,9,false,0
287.862,64,74,0,false,0
287.862,64,74,1,false,0
287.862,64,74,4,false,0
287.862,73,74,0,false,0
287.862,73,74,1,false,0
287.862,73,74,4,false,0
287.862,73,74,5,false,0
287.862,73,74,8,false,0
287.862,73,74,9,false,0
287.862,84,74,0,false,0
287.927,100,4294967295,2,false,0
288.257,83,93,2,false,0
288.257,83,93,3,false,0
288.257,83,93,4,false,0
288.257,83,93,5,false,0
288.257,92,93,2,false,0
288.257,92,93,3,false,0
288.257,92,93,4,false,0
288.257,92,93,5,false,0
288.327,23,33,1,false,0
288.327,32,33,1,false,0
288.327,32,33,3,false,0
288.327,32,33,8,false,0
288.327,43,33,1,false,0
288.327,43,33,3,false,0
288.327,43,33,8,false,0
288.349,100,4294967295,3,false,0
288.732,100,4294967295,4,false,0
288.937,3,13,5,false,0
288.937,23,13,0,false,0
288.937,23,13,1,false,0
288.937,23,13,2,false,0
288.937,23,13,5,false,0
289.078,93,94,0,false,0
289.078,93,94,1,false,0
289.078,93,94,7,false,0
289.078,93,94,8,false,0
289.078,93,94,9,false,0
289.115,100,4294967295,5,false,0
289.34,22,23,3,false,0
289.34,22,23,6,false,0
289.34,22,23,8,false,0
289.34,33,23,6,false,0
289.397,100,4294967295,6,false,0
289.677,100,4294967295,7,false,0
289.679,74,84,2,false,0
289.679,74,84,3,false,0
289.679,83,84,1,false,0
289.679,83,84,2,false,0
289.679,83,84,3,false,0
289.679,83,84,4,false,0
289.679,83,84,5,false,0
289.679,83,84,8,false,0
289.679,83,84,9,false,0
289.831,0,1,2,false,0
289.831,0,1,6,false,0
289.831,0,1,7,false,0
289.831,2,1,2,false,0
289.831,2,1,6,false,0
289.831,2,1,7,false,0
289.836,53,54,0,false,0
289.836,53,54,1,false,0
289.836,53,54,3,false,0
289.836,53,54,4,false,0
289.836,53,54,5,false,0
289.836,53,54,6,false,0
289.836,53,54,7,false,0
289.836,53,54,8,false,0
289.875,100,4294967295,8,false,0
289.915,100,4294967295,9,false,0
289.951,100,4294967295,0,false,0
290.217,63,64,2,false,0
290.217,63,64,3,false,0
290.217,63,64,6,false,0
290.217,63,64,7,false,0
290.217,63,64,8,false,0
290.217,63,64,9,false,0
290.217,74,64,2,false,0
290.217,74,64,3,false,0
290.217,74,64,6,false,0
290.217,74,64,7,false,0
290.306,83,93,2,false,0
290.306,83,93,3,false,0
290.306,83,93,4,false,0
290.306,83,93,5,false,0
290.306,92,93,2,false,0
290.306,92,93,3,false,0
290.306,92,93,4,false,0
290.306,92,93,5,false,0
290.313,2,3,0,false,0
290.313,2,3,1,false,0
290.313,2,3,2,false,0
290.313,2,3,3,false,0
290.313,2,3,4,false,0
290.313,2,3,6,false,0
290.313,2,3,7,false,0
290.313,2,3,8,false,0
290.313,2,3,9,false,0
290.313,13,3,3,false,0
290.313,13,3,4,false,0
290.313,13,3,6,false,0
290.313,13,3,7,false,0
290.313,13,3,8,false,0
290.313,13,3,9,false,0
290.537,100,4294967295,1,false,0
290.984,3,13,5,false,0
290.984,12,13,0,false,0
290.984,12,13,1,false,0
290.984,12,13,2,false,0
290.984,12,13,5,false,0
290.984,23,13,0,false,0
290.984,23,13,1,false,0
290.984,23,13,2,false,0
290.984,23,13,5,false,0
291.091,100,4294967295,2,false,0
291.513,100,4294967295,3,false,0
291.802,13,23,3,false,0
291.802,13,23,6,false,0
291.802,13,23,8,false,0
291.802,22,23,3,false,0
291.802,22,23,6,false,0
291.802,22,23,8,false,0
291.896,100,4294967295,4,false,0
292.051,84,94,0,false,0
292.051,84,94,7,false,0
292.279,100,4294967295,5,false,0
292.329,64,54,0,false,0
292.329,64,54,1,false,0
292.329,64,54,4,false,0
292.334,74,84,2,false,0
292.334,74,84,3,false,0
292.334,83,84,1,false,0
292.334,83,84,2,false,0
292.334,83,84,3,false,0
292.334,83,84,4,false,0
292.334,83,84,5,false,0
292.334,83,84,8,false,0
292.334,83,84,9,false,0
292.407,2,3,0,false,0
292.407,2,3,1,false,0
292.407,2,3,2,false,0
292.407,2,3,3,false,0
292.407,2,3,4,false,0
292.407,2,3,6,false,0
292.407,2,3,7,false,0
292.407,2,3,8,false,0
292.407,2,3,9,false,0
292.407,13,3,3,false,0
292.407,13,3,4,false,0
292.407,13,3,6,false,0
292.407,13,3,7,false,0
292.407,13,3,8,false,0
292.407,13,3,9,false,0
292.561,100,4294967295,6,false,0
292.572,54,64,9,false,0
292.572,63,64,2,false,0
292.572,63,64,3,false,0
292.572,63,64,6,false,0
292.572,63,64,7,false,0
292.572,63,64,8,false,0
292.572,63,64,9,false,0
292.581,83,93,2,false,0
292.581,83,93,3,false,0
292.581,83,93,4,false,0
292.581,83,93,5,false,0
292.814,2,1,2,false,0
292.814,2,1,6,false,0
292.814,2,1,7,false,0
292.814,11,1,2,false,0
292.814,11,1,6,false,0
292.814,11,1,7,false,0
292.841,100,4294967295,7,false,0
293.039,100,4294967295,8,false,0
293.079,100,4294967295,9,false,0
293.115,100,4294967295,0,false,0
293.53,12,13,0,false,0
293.53,12,13,1,false,0
293.53,12,13,2,false,0
293.53,12,13,5,false,0
293.54,64,74,0,false,0
293.54,64,74,1,false,0
293.54,64,74,4,false,0
293.54,84,74,0,false,0
293.701,100,4294967295,1,false,0
294.133,84,94,0,false,0
294.133,84,94,7,false,0
294.133,93,94,0,false,0
294.133,93,94,1,false,0
294.133,93,94,7,false,0
294.133,93,94,8,false,0
294.133,93,94,9,false,0
294.203,32,33,1,false,0
294.203,32,33,3,false,0
294.203,32,33,8,false,0
294.255,100,4294967295,2,false,0
294.677,100,4294967295,3,false,0
294.762,22,23,3,false,0
294.762,22,23,6,false,0
294.762,22,23,8,false,0
294.859,74,84,2,false,0
294.859,74,84,3,false,0
294.859,83,84,1,false,0
294.859,83,84,2,false,0
294.859,83,84,3,false,0
294.859,83,84,4,false,0
294.859,83,84,5,false,0
294.859,83,84,8,false,0
294.859,83,84,9,false,0
295.056,92,93,2,false,0
295.056,92,93,3,false,0
295.056,92,93,4,false,0
295.056,92,93,5,false,0
295.06,100,4294967295,4,false,0
295.23,2,3,0,false,0
295.23,2,3,1,false,0
295.23,2,3,2,false,0
295.23,2,3,3,false,0
295.23,2,3,4,false,0
295.23,2,3,6,false,0
295.23,2,3,7,false,0
295.23,2,3,8,false,0
295.23,2,3,9,false,0
295.23,13,3,3,false,0
295.23,13,3,4,false,0
295.23,13,3,6,false,0
295.23,13,3,7,false,0
295.23,13,3,8,false,0
295.23,13,3,9,false,0
295.282,0,1,2,false,0
295.282,0,1,6,false,0
295.282,0,1,7,false,0
295.282,2,1,2,false,0
295.282,2,1,6,false,0
295.282,2,1,7,false,0
295.282,11,1,2,false,0
295.282,11,1,6,false,0
295.282,11,1,7,false,0
295.443,100,4294967295,5,false,0
295.725,100,4294967295,6,false,0
296.005,100,4294967295,7,false,0
296.203,100,4294967295,8,false,0
296.243,100,4294967295,9,false,0
296.279,100,4294967295,0,false,0
296.357,64,74,0,false,0
296.357,64,74,1,false,0
296.357,64,74,4,false,0
296.426,3,13,5,false,0
296.426,12,13,0,false,0
296.426,12,13,1,false,0
296.426,12,13,2,false,0
296.426,12,13,5,false,0
296.735,23,33,1,false,0
296.735,43,33,1,false,0
296.735,43,33,3,false,0
296.735,43,33,8,false,0
296.819,13,23,3,false,0
296.819,13,23,6,false,0
296.819,13,23,8,false,0
296.819,22,23,3,false,0
296.819,22,23,6,false,0
296.819,22,23,8,false,0
296.864,100,4294967295,1,false,0
297.004,53,54,0,false,0
297.004,53,54,1,false,0
297.004,53,54,3,false,0
297.004,53,54,4,false,0
297.004,53,54,5,false,0
297.004,53,54,6,false,0
297.004,53,54,7,false,0
297.004,53,54,8,false,0
297.004,64,54,0,false,0
297.004,64,54,1,false,0
297.004,64,54,4,false,0
297.419,100,4294967295,2,false,0
297.484,0,1,2,false,0
297.484,0,1,6,false,0
297.484,0,1,7,false,0
297.484,2,1,2,false,0
297.484,2,1,6,false,0
297.484,2,1,7,false,0
297.484,11,1,2,false,0
297.484,11,1,6,false,0
297.484,11,1,7,false,0
297.615,54,64,9,false,0
297.615,63,64,2,false,0
297.615,63,64,3,false,0
297.615,63,64,6,false,0
297.615,63,64,7,false,0
297.615,63,64,8,false,0
297.615,63,64,9,false,0
297.799,83,84,1,false,0
297.799,83,84,2,false,0
297.799,83,84,3,false,0
297.799,83,84,4,false,0
297.799,83,84,5,false,0
297.799,83,84,8,false,0
297.799,83,84,9,false,0
297.841,100,4294967295,3,false,0
297.92,83,93,2,false,0
297.92,83,93,3,false,0
297.92,83,93,4,false,0
297.92,83,93,5,false,0
297.92,92,93,2,false,0
297.92,92,93,3,false,0
297.92,92,93,4,false,0
297.92,92,93,5,false,0
298.224,100,4294967295,4,false,0
298.547,84,94,0,false,0
298.547,84,94,7,false,0
298.547,93,94,0,false,0
298.547,93,94,1,false,0
298.547,93,94,7,false,0
298.547,93,94,8,false,0
298.547,93,94,9,false,0
298.607,100,4294967295,5,false,0
298.764,43,33,1,false,0
298.764,43,33,3,false,0
298.764,43,33,8,false,0
298.889,100,4294967295,6,false,0
298.935,64,74,0,false,0
298.935,64,74,1,false,0
298.935,64,74,4,false,0
298.935,73,74,0,false,0
298.935,73,74,1,false,0
298.935,73,74,4,false,0
298.935,73,74,5,false,0
298.935,73,74,8,false,0
298.935,73,74,9,false,0
299.037,53,54,0,false,0
299.037,53,54,1,false,0
299.037,53,54,3,false,0
299.037,53,54,4,false,0
299.037,53,54,5,false,0
299.037,53,54,6,false,0
299.037,53,54,7,false,0
299.037,53,54,8,false,0
299.037,64,54,0,false,0
299.037,64,54,1,false,0
299.037,64,54,4,false,0
299.059,13,23,3,false,0
299.059,13,23,6,false,0
299.059,13,23,8,false,0
299.059,33,23,6,false,0
299.169,100,4294967295,7,false,0
299.367,100,4294967295,8,false,0
299.406,100,4294967295,9,false,0
299.425,12,13,0,false,0
299.425,12,13,1,false,0
299.425,12,13,2,false,0
299.425,12,13,5,false,0
299.425,23,13,0,false,0
299.425,23,13,1,false,0
299.425,23,13,2,false,0
299.425,23,13,5,false,0
299.443,100,4294967295,0,false,0
299.784,54,64,9,false,0
299.784,63,64,2,false,0
299.784,63,64,3,false,0
299.784,63,64,6,false,0
299.784,63,64,7,false,0
299.784,63,64,8,false,0
299.784,63,64,9,false,0
299.784,74,64,2,false,0
299.784,74,64,3,false,0
299.784,74,64,6,false,0
299.784,74,64,7,false,0
299.847,74,84,2,false,0
299.847,74,84,3,false,0
300.028,100,4294967295,1,false,0
300.255,0,1,2,false,0
300.255,0,1,6,false,0
300.255,0,1,7,false,0
300.255,2,1,2,false,0
300.255,2,1,6,false,0
300.255,2,1,7,false,0
300.255,11,1,2,false,0
300.255,11,1,6,false,0
300.255,11,1,7,false,0
300.477,83,93,2,false,0
300.477,83,93,3,false,0
300.477,83,93,4,false,0
300.477,83,93,5,false,0
300.583,100,4294967295,2,false,0
300.726,84,94,0,false,0
300.726,84,94,7,false,0
300.726,93,94,0,false,0
300.726,93,94,1,false,0
300.726,93,94,7,false,0
300.726,93,94,8,false,0
300.726,93,94,9,false,0
300.934,13,3,3,false,0
300.934,13,3,4,false,0
300.934,13,3,6,false,0
300.934,13,3,7,false,0
300.934,13,3,8,false,0
300.934,13,3,9,false,0
301.004,100,4294967295,3,false,0
301.388,100,4294967295,4,false,0
301.401,53,54,0,false,0
301.401,53,54,1,false,0
301.401,53,54,3,false,0
301.401,53,54,4,false,0
301.401,53,54,5,false,0
301.401,53,54,6,false,0
301.401,53,54,7,false,0
301.401,53,54,8,false,0
301.401,64,54,0,false,0
301.401,64,54,1,false,0
301.401,64,54,4,false,0
301.509,13,23,3,false,0
301.509,13,23,6,false,0
301.509,13,23,8,false,0
301.509,22,23,3,false,0
301.509,22,23,6,false,0
301.509,22,23,8,false,0
301.509,33,23,6,false,0
301.608,23,33,1,false,0
301.608,32,33,1,false,0
301.608,32,33,3,false,0
301.608,32,33,8,false,0
301.608,43,33,1,false,0
301.608,43,33,3,false,0
301.608,43,33,8,false,0
301.771,100,4294967295,5,false,0
301.797,64,74,0,false,0
301.797,64,74,1,false,0
301.797,64,74,4,false,0
301.797,73,74,0,false,0
301.797,73,74,1,false,0
301.797,73,74,4,false,0
301.797,73,74,5,false,0
301.797,73,74,8,false,0
301.797,73,74,9,false,0
301.797,84,74,0,false,0
302.01,3,13,5,false,0
302.01,23,13,0,false,0
302.01,23,13,1,false,0
302.01,23,13,2,false,0
302.01,23,13,5,false,0
302.053,100,4294967295,6,false,0
302.333,100,4294967295,7,false,0
302.381,83,84,1,false,0
302.381,83,84,2,false,0
302.381,83,84,3,false,0
302.381,83,84,4,false,0
302.381,83,84,5,false,0
302.381,83,84,8,false,0
302.381,83,84,9,false,0
302.403,54,64,9,false,0
302.403,74,64,2,false,0
302.403,74,64,3,false,0
302.403,74,64,6,false,0
302.403,74,64,7,false,0
302.531,100,4294967295,8,false,0
302.57,100,4294967295,9,false,0
302.607,100,4294967295,0,false,0
302.825,0,1,2,false,0
302.825,0,1,6,false,0
302.825,0,1,7,false,0
302.825,2,1,2,false,0
302.825,2,1,6,false,0
302.825,2,1,7,false,0
303.029,92,93,2,false,0
303.029,92,93,3,false,0
303.029,92,93,4,false,0
303.029,92,93,5,false,0
303.173,84,94,0,false,0
303.173,84,94,7,false,0
303.192,100,4294967295,1,false,0
303.224,2,3,0,false,0
303.224,2,3,1,false,0
303.224,2,3,2,false,0
303.224,2,3,3,false,0
303.224,2,3,4,false,0
303.224,2,3,6,false,0
303.224,2,3,7,false,0
303.224,2,3,8,false,0
303.224,2,3,9,false,0
303.224,13,3,3,false,0
303.224,13,3,4,false,0
303.224,13,3,6,false,0
303.224,13,3,7,false,0
303.224,13,3,8,false,0
303.224,13,3,9,false,0
303.507,53,54,0,false,0
303.507,53,54,1,false,0
303.507,53,54,3,false,0
303.507,53,54,4,false,0
303.507,53,54,5,false,0
303.507,53,54,6,false,0
303.507,53,54,7,false,0
303.507,53,54,8,false,0
303.507,64,54,0,false,0
303.507,64,54,1,false,0
303.507,64,54,4,false,0
303.747,100,4294967295,2,false,0
303.804,64,74,0,false,0
303.804,64,74,1,false,0
303.804,64,74,4,false,0
303.804,73,74,0,false,0
303.804,73,74,1,false,0
303.804,73,74,4,false,0
303.804,73,74,5,false,0
303.804,73,74,8,false,0
303.804,73,74,9,false,0
303.804,84,74,0,false,0
304.168,100,4294967295,3,false,0
304.212,22,23,3,false,0
304.212,22,23,6,false,0
304.212,22,23,8,false,0
304.284,23,33,1,false,0
304.284,32,33,1,false,0
304.284,32,33,3,false,0
304.284,32,33,8,false,0
304.284,43,33,1,false,0
304.284,43,33,3,false,0
304.284,43,33,8,false,0
304.422,63,64,2,false,0
304.422,63,64,3,false,0
304.422,63,64,6,false,0
304.422,63,64,7,false,0
304.422,63,64,8,false,0
304.422,63,64,9,false,0
304.552,100,4294967295,4,false,0
304.634,12,13,0,false,0
304.634,12,13,1,false,0
304.634,12,13,2,false,0
304.634,12,13,5,false,0
304.634,23,13,0,false,0
304.634,23,13,1,false,0
304.634,23,13,2,false,0
304.634,23,13,5,false,0
304.935,100,4294967295,5,false,0
304.961,74,84,2,false,0
304.961,74,84,3,false,0
304.961,83,84,1,false,0
304.961,83,84,2,false,0
304.961,83,84,3,false,0
304.961,83,84,4,false,0
304.961,83,84,5,false,0
304.961,83,84,8,false,0
304.961,83,84,9,false,0
305.003,0,1,2,false,0
305.003,0,1,6,false,0
305.003,0,1,7,false,0
305.003,2,1,2,false,0
305.003,2,1,6,false,0
305.003,2,1,7,false,0
305.003,11,1,2,false,0
305.003,11,1,6,false,0
305.003,11,1,7,false,0
305.073,83,93,2,false,0
305.073,83,93,3,false,0
305.073,83,93,4,false,0
305.073,83,93,5,false,0
305.073,92,93,2,false,0
305.073,92,93,3,false,0
305.073,92,93,4,false,0
305.073,92,93,5,false,0
305.217,100,4294967295,6,false,0
305.497,100,4294967295,7,false,0
305.695,100,4294967295,8,false,0
305.734,100,4294967295,9,false,0
305.771,100,4294967295,0,false,0
306.356,100,4294967295,1,false,0
306.453,64,54,0,false,0
306.453,64,54,1,false,0
306.453,64,54,4,false,0
306.505,84,74,0,false,0
306.56,13,23,3,false,0
306.56,13,23,6,false,0
306.56,13,23,8,false,0
306.56,22,23,3,false,0
306.56,22,23,6,false,0
306.56,22,23,8,false,0
306.56,33,23,6,false,0
306.857,43,33,1,false,0
306.857,43,33,3,false,0
306.857,43,33,8,false,0
306.864,23,13,0,false,0
306.864,23,13,1,false,0
306.864,23,13,2,false,0
306.864,23,13,5,false,0
306.911,100,4294967295,2,false,0
307.119,54,64,9,false,0
307.332,100,4294967295,3,false,0
307.435,74,84,2,false,0
307.435,74,84,3,false,0
307.691,0,1,2,false,0
307.691,0,1,6,false,0
307.691,0,1,7,false,0
307.691,2,1,2,false,0
307.691,2,1,6,false,0
307.691,2,1,7,false,0
307.716,100,4294967295,4,false,0
307.935,93,94,0,false,0
307.935,93,94,1,false,0
307.935,93,94,7,false,0
307.935,93,94,8,false,0
307.935,93,94,9,false,0
307.996,83,93,2,false,0
307.996,83,93,3,false,0
307.996,83,93,4,false,0
307.996,83,93,5,false,0
308.098,100,4294967295,5,false,0
308.38,100,4294967295,6,false,0
308.612,73,74,0,false,0
308.612,73,74,1,false,0
308.612,73,74,4,false,0
308.612,73,74,5,false,0
308.612,73,74,8,false,0
308.612,73,74,9,false,0
308.612,84,74,0,false,0
308.661,100,4294967295,7,false,0
308.859,100,4294967295,8,false,0
308.898,100,4294967295,9,false,0
308.913,3,13,5,false,0
308.913,23,13,0,false,0
308.913,23,13,1,false,0
308.913,23,13,2,false,0
308.913,23,13,5,false,0
308.935,100,4294967295,0,false,0
309.172,64,54,0,false,0
309.172,64,54,1,false,0
309.172,64,54,4,false,0
309.275,23,33,1,false,0
309.275,32,33,1,false,0
309.275,32,33,3,false,0
309.275,32,33,8,false,0
309.365,22,23,3,false,0
309.365,22,23,6,false,0
309.365,22,23,8,false,0
309.517,74,84,2,false,0
309.517,74,84,3,false,0
309.517,83,84,1,false,0
309.517,83,84,2,false,0
309.517,83,84,3,false,0
309.517,83,84,4,false,0
309.517,83,84,5,false,0
309.517,83,84,8,false,0
309.517,83,84,9,false,0
309.52,100,4294967295,1,false,0
310.075,100,4294967295,2,false,0
310.079,54,64,9,false,0
310.079,63,64,2,false,0
310.079,63,64,3,false,0
310.079,63,64,6,false,0
310.079,63,64,7,false,0
310.079,63,64,8,false,0
310.079,63,64,9,false,0
310.242,2,1,2,false,0
310.242,2,1,6,false,0
310.242,2,1,7,false,0
310.293,92,93,2,false,0
310.293,92,93,3,false,0
310.293,92,93,4,false,0
310.293,92,93,5,false,0
310.496,100,4294967295,3,false,0
310.576,2,3,0,false,0
310.576,2,3,1,false,0
310.576,2,3,2,false,0
310.576,2,3,3,false,0
310.576,2,3,4,false,0
310.576,2,3,6,false,0
310.576,2,3,7,false,0
310.576,2,3,8,false,0
310.576,2,3,9,false,0
310.742,84,94,0,false,0
310.742,84,94,7,false,0
310.88,100,4294967295,4,false,0
310.937,23,13,0,false,0
310.937,23,13,1,false,0
310.937,23,13,2,false,0
310.937,23,13,5,false,0
311.262,100,4294967295,5,false,0
311.438,33,23,6,false,0
311.544,100,4294967295,6,false,0
311.601,73,74,0,false,0
311.601,73,74,1,false,0
311.601,73,74,4,false,0
311.601,73,74,5,false,0
311.601,73,74,8,false,0
311.601,73,74,9,false,0
311.824,100,4294967295,7,false,0
311.859,53,54,0,false,0
311.859,53,54,1,false,0
311.859,53,54,3,false,0
311.859,53,54,4,false,0
311.859,53,54,5,false,0
311.859,53,54,6,false,0
311.859,53,54,7,false,0
311.859,53,54,8,false,0
311.859,64,54,0,false,0
311.859,64,54,1,false,0
311.859,64,54,4,false,0
311.911,23,33,1,false,0
311.911,43,33,1,false,0
311.911,43,33,3,false,0
311.911,43,33,8,false,0
312.023,100,4294967295,8,false,0
312.062,100,4294967295,9,false,0
312.099,100,4294967295,0,false,0
312.104,74,84,2,false,0
312.104,74,84,3,false,0
312.104,83,84,1,false,0
312.104,83,84,2,false,0
312.104,83,84,3,false,0
312.104,83,84,4,false,0
312.104,83,84,5,false,0
312.104,83,84,8,false,0
312.104,83,84,9,false,0
312.684,100,4294967295,1,false,0
312.696,92,93,2,false,0
312.696,92,93,3,false,0
312.696,92,93,4,false,0
312.696,92,93,5,false,0
312.79,0,1,2,false,0
312.79,0,1,6,false,0
312.79,0,1,7,false,0
312.79,2,1,2,false,0
312.79,2,1,6,false,0
312.79,2,1,7,false,0
312.79,11,1,2,false,0
312.79,11,1,6,false,0
312.79,11,1,7,false,0
312.918,54,64,9,false,0
312.918,63,64,2,false,0
312.918,63,64,3,false,0
312.918,63,64,6,false,0
312.918,63,64,7,false,0
312.918,63,64,8,false,0
312.918,63,64,9,false,0
312.918,74,64,2,false,0
312.918,74,64,3,false,0
312.918,74,64,6,false,0
312.918,74,64,7,false,0
313.012,23,13,0,false,0
313.012,23,13,1,false,0
313.012,23,13,2,false,0
313.012,23,13,5,false,0
313.13,2,3,0,false,0
313.13,2,3,1,false,0
313.13,2,3,2,false,0
313.13,2,3,3,false,0
313.13,2,3,4,false,0
313.13,2,3,6,false,0
313.13,2,3,7,false,0
313.13,2,3,8,false,0
313.13,2,3,9,false,0
313.239,100,4294967295,2,false,0
313.528,84,94,0,false,0
313.528,84,94,7,false,0
313.66,100,4294967295,3,false,0
313.931,13,23,3,false,0
313.931,13,23,6,false,0
313.931,13,23,8,false,0
314.044,100,4294967295,4,false,0
314.088,64,74,0,false,0
314.088,64,74,1,false,0
314.088,64,74,4,false,0
314.088,73,74,0,false,0
314.088,73,74,1,false,0
314.088,73,74,4,false,0
314.088,73,74,5,false,0
314.088,73,74,8,false,0
314.088,73,74,9,false,0
314.238,74,84,2,false,0
314.238,74,84,3,false,0
314.238,83,84,1,false,0
314.238,83,84,2,false,0
314.238,83,84,3,false,0
314.238,83,84,4,false,0
314.238,83,84,5,false,0
314.238,83,84,8,false,0
314.238,83,84,9,false,0
314.308,43,33,1,false,0
314.308,43,33,3,false,0
314.308,43,33,8,false,0
314.426,100,4294967295,5,false,0
314.708,100,4294967295,6,false,0
314.788,53,54,0,false,0
314.788,53,54,1,false,0
314.788,53,54,3,false,0
314.788,53,54,4,false,0
314.788,53,54,5,false,0
314.788,53,54,6,false,0
314.788,53,54,7,false,0
314.788,53,54,8,false,0
314.788,64,54,0,false,0
314.788,64,54,1,false,0
314.788,64,54,4,false,0
314.913,83,93,2,false,0
314.913,83,93,3,false,0
314.913,83,93,4,false,0
314.913,83,93,5,false,0
314.988,100,4294967295,7,false,0
315.083,0,1,2,false,0
315.083,0,1,6,false,0
315.083,0,1,7,false,0
315.083,2,1,2,false,0
315.083,2,1,6,false,0
315.083,2,1,7,false,0
315.083,11,1,2,false,0
315.083,11,1,6,false,0
315.083,11,1,7,false,0
315.167,12,13,0,false,0
315.167,12,13,1,false,0
315.167,12,13,2,false,0
315.167,12,13,5,false,0
315.186,100,4294967295,8,false,0
315.226,100,4294967295,9,false,0
315.263,100,4294967295,0,false,0
315.338,2,3,0,false,0
315.338,2,3,1,false,0
315.338,2,3,2,false,0
315.338,2,3,3,false,0
315.338,2,3,4,false,0
315.338,2,3,6,false,0
315.338,2,3,7,false,0
315.338,2,3,8,false,0
315.338,2,3,9,false,0
315.624,54,64,9,false,0
315.624,63,64,2,false,0
315.624,63,64,3,false,0
315.624,63,64,6,false,0
315.624,63,64,7,false,0
315.624,63,64,8,false,0
315.624,63,64,9,false,0
315.848,100,4294967295,1,false,0
316.18,64,74,0,false,0
316.18,64,74,1,false,0
316.18,64,74,4,false,0
316.18,73,74,0,false,0
316.18,73,74,1,false,0
316.18,73,74,4,false,0
316.18,73,74,5,false,0
316.18,73,74,8,false,0
316.18,73,74,9,false,0
316.18,84,74,0,false,0
316.195,84,94,0,false,0
316.195,84,94,7,false,0
316.402,100,4294967295,2,false,0
316.663,23,33,1,false,0
316.663,32,33,1,false,0
316.663,32,33,3,false,0
316.663,32,33,8,false,0
316.663,43,33,1,false,0
316.663,43,33,3,false,0
316.663,43,33,8,false,0
316.716,74,84,2,false,0
316.716,74,84,3,false,0
316.789,13,23,3,false,0
316.789,13,23,6,false,0
316.789,13,23,8,false,0
316.789,33,23,6,false,0
316.824,100,4294967295,3,false,0
317.086,92,93,2,false,0
317.086,92,93,3,false,0
317.086,92,93,4,false,0
317.086,92,93,5,false,0
317.208,100,4294967295,4,false,0
317.475,12,13,0,false,0
317.475,12,13,1,false,0
317.475,12,13,2,false,0
317.475,12,13,5,false,0
317.475,23,13,0,false,0
317.475,23,13,1,false,0
317.475,23,13,2,false,0
317.475,23,13,5,false,0
317.59,100,4294967295,5,false,0
317.705,0,1,2,false,0
317.705,0,1,6,false,0
317.705,0,1,7,false,0
317.705,2,1,2,false,0
317.705,2,1,6,false,0
317.705,2,1,7,false,0
317.705,11,1,2,false,0
317.705,11,1,6,false,0
317.705,11,1,7,false,0
317.819,54,64,9,false,0
317.819,63,64,2,false,0
317.819,63,64,3,false,0
317.819,63,64,6,false,0
317.819,63,64,7,false,0
317.819,63,64,8,false,0
317.819,63,64,9,false,0
317.819,74,64,2,false,0
317.819,74,64,3,false,0
317.819,74,64,6,false,0
317.819,74,64,7,false,0
317.872,100,4294967295,6,false,0
318.034,13,3,3,false,0
318.034,13,3,4,false,0
318.034,13,3,6,false,0
318.034,13,3,7,false,0
318.034,13,3,8,false,0
318.034,13,3,9,false,0
318.152,100,4294967295,7,false,0
318.35,100,4294967295,8,false,0
318.39,100,4294967295,9,false,0
318.394,73,74,0,false,0
318.394,73,74,1,false,0
318.394,73,74,4,false,0
318.394,73,74,5,false,0
318.394,73,74,8,false,0
318.394,73,74,9,false,0
318.394,84,74,0,false,0
318.426,100,4294967295,0,false,0
318.762,23,33,1,false,0
318.762,32,33,1,false,0
318.762,32,33,3,false,0
318.762,32,33,8,false,0
318.777,83,84,1,false,0
318.777,83,84,2,false,0
318.777,83,84,3,false,0
318.777,83,84,4,false,0
318.777,83,84,5,false,0
318.777,83,84,8,false,0
318.777,83,84,9,false,0
318.916,84,94,0,false,0
318.916,84,94,7,false,0
318.916,93,94,0,false,0
318.916,93,94,1,false,0
318.916,93,94,7,false,0
318.916,93,94,8,false,0
318.916,93,94,9,false,0
319.012,100,4294967295,1,false,0
319.566,100,4294967295,2,false,0
319.758,3,13,5,false,0
319.758,12,13,0,false,0
319.758,12,13,1,false,0
319.758,12,13,2,false,0
319.758,12,13,5,false,0
319.758,23,13,0,false,0
319.758,23,13,1,false,0
319.758,23,13,2,false,0
319.758,23,13,5,false,0
319.782,13,23,3,false,0
319.782,13,23,6,false,0
319.782,13,23,8,false,0
319.782,22,23,3,false,0
319.782,22,23,6,false,0
319.782,22,23,8,false,0
319.782,33,23,6,false,0
319.877,54,64,9,false,0
319.877,63,64,2,false,0
319.877,63,64,3,false,0
319.877,63,64,6,false,0
319.877,63,64,7,false,0
319.877,63,64,8,false,0
319.877,63,64,9,false,0
319.877,74,64,2,false,0
319.877,74,64,3,false,0
319.877,74,64,6,false,0
319.877,74,64,7,false,0
319.988,100,4294967295,3,false,0
320.154,64,54,0,false,0
320.154,64,54,1,false,0
320.154,64,54,4,false,0
320.372,100,4294967295,4,false,0
320.468,84,74,0,false,0
320.495,0,1,2,false,0
320.495,0,1,6,false,0
320.495,0,1,7,false,0
320.495,2,1,2,false,0
320.495,2,1,6,false,0
320.495,2,1,7,false,0
320.495,11,1,2,false,0
320.495,11,1,6,false,0
320.495,11,1,7,false,0
320.754,100,4294967295,5,false,0
320.824,2,3,0,false,0
320.824,2,3,1,false,0
320.824,2,3,2,false,0
320.824,2,3,3,false,0
320.824,2,3,4,false,0
320.824,2,3,6,false,0
320.824,2,3,7,false,0
320.824,2,3,8,false,0
320.824,2,3,9,false,0
320.824,13,3,3,false,0
320.824,13,3,4,false,0
320.824,13,3,6,false,0
320.824,13,3,7,false,0
320.824,13,3,8,false,0
320.824,13,3,9,false,0
320.995,23,33,1,false,0
320.995,32,33,1,false,0
320.995,32,33,3,false,0
320.995,32,33,8,false,0
320.995,43,33,1,false,0
320.995,43,33,3,false,0
320.995,43,33,8,false,0
321.036,100,4294967295,6,false,0
321.316,100,4294967295,7,false,0
321.514,100,4294967295,8,false,0
321.554,100,4294967295,9,false,0
321.59,100,4294967295,0,false,0
321.615,83,84,1,false,0
321.615,83,84,2,false,0
321.615,83,84,3,false,0
321.615,83,84,4,false,0
321.615,83,84,5,false,0
321.615,83,84,8,false,0
321.615,83,84,9,false,0
321.858,84,94,0,false,0
321.858,84,94,7,false,0
321.858,93,94,0,false,0
321.858,93,94,1,false,0
321.858,93,94,7,false,0
321.858,93,94,8,false,0
321.858,93,94,9,false,0
322.139,13,23,3,false,0
322.139,13,23,6,false,0
322.139,13,23,8,false,0
322.139,33,23,6,false,0
322.176,100,4294967295,1,false,0
322.181,53,54,0,false,0
322.181,53,54,1,false,0
322.181,53,54,3,false,0
322.181,53,54,4,false,0
322.181,53,54,5,false,0
322.181,53,54,6,false,0
322.181,53,54,7,false,0
322.181,53,54,8,false,0
322.181,64,54,0,false,0
322.181,64,54,1,false,0
322.181,64,54,4,false,0
322.214,3,13,5,false,0
322.214,12,13,0,false,0
322.214,12,13,1,false,0
322.214,12,13,2,false,0
322.214,12,13,5,false,0
322.214,23,13,0,false,0
322.214,23,13,1,false,0
322.214,23,13,2,false,0
322.214,23,13,5,false,0
322.253,54,64,9,false,0
322.253,63,64,2,false,0
322.253,63,64,3,false,0
322.253,63,64,6,false,0
322.253,63,64,7,false,0
322.253,63,64,8,false,0
322.253,63,64,9,false,0
322.253,74,64,2,false,0
322.253,74,64,3,false,0
322.253,74,64,6,false,0
322.253,74,64,7,false,0
322.544,92,93,2,false,0
322.544,92,93,3,false,0
322.544,92,93,4,false,0
322.544,92,93,5,false,0
322.73,100,4294967295,2,false,0
322.875,73,74,0,false,0
322.875,73,74,1,false,0
322.875,73,74,4,false,0
322.875,73,74,5,false,0
322.875,73,74,8,false,0
322.875,73,74,9,false,0
322.875,84,74,0,false,0
323.152,100,4294967295,3,false,0
323.165,0,1,2,false,0
323.165,0,1,6,false,0
323.165,0,1,7,false,0
323.165,11,1,2,false,0
323.165,11,1,6,false,0
323.165,11,1,7,false,0
323.535,100,4294967295,4,false,0
323.767,2,3,0,false,0
323.767,2,3,1,false,0
323.767,2,3,2,false,0
323.767,2,3,3,false,0
323.767,2,3,4,false,0
323.767,2,3,6,false,0
323.767,2,3,7,false,0
323.767,2,3,8,false,0
323.767,2,3,9,false,0
323.767,13,3,3,false,0
323.767,13,3,4,false,0
323.767,13,3,6,false,0
323.767,13,3,7,false,0
323.767,13,3,8,false,0
323.767,13,3,9,false,0
323.834,23,33,1,false,0
323.834,32,33,1,false,0
323.834,32,33,3,false,0
323.834,32,33,8,false,0
323.918,100,4294967295,5,false,0
324.064,74,84,2,false,0
324.064,74,84,3,false,0
324.064,83,84,1,false,0
324.064,83,84,2,false,0
324.064,83,84,3,false,0
324.064,83,84,4,false,0
324.064,83,84,5,false,0
324.064,83,84,8,false,0
324.064,83,84,9,false,0
324.2,100,4294967295,6,false,0
324.264,12,13,0,false,0
324.264,12,13,1,false,0
324.264,12,13,2,false,0
324.264,12,13,5,false,0
324.264,23,13,0,false,0
324.264,23,13,1,false,0
324.264,23,13,2,false,0
324.264,23,13,5,false,0
324.435,64,54,0,false,0
324.435,64,54,1,false,0
324.435,64,54,4,false,0
324.48,100,4294967295,7,false,0
324.619,13,23,3,false,0
324.619,13,23,6,false,0
324.619,13,23,8,false,0
324.63,83,93,2,false,0
324.63,83,93,3,false,0
324.63,83,93,4,false,0
324.63,83,93,5,false,0
324.678,100,4294967295,8,false,0
324.718,100,4294967295,9,false,0
324.754,100,4294967295,0,false,0
324.804,63,64,2,false,0
324.804,63,64,3,false,0
324.804,63,64,6,false,0
324.804,63,64,7,false,0
324.804,63,64,8,false,0
324.804,63,64,9,false,0
324.804,74,64,2,false,0
324.804,74,64,3,false,0
324.804,74,64,6,false,0
324.804,74,64,7,false,0
324.839,84,94,0,false,0
324.839,84,94,7,false,0
325.34,100,4294967295,1,false,0
325.435,0,1,2,false,0
325.435,0,1,6,false,0
325.435,0,1,7,false,0
325.435,2,1,2,false,0
325.435,2,1,6,false,0
325.435,2,1,7,false,0
325.435,11,1,2,false,0
325.435,11,1,6,false,0
325.435,11,1,7,false,0
325.536,64,74,0,false,0
325.536,64,74,1,false,0
325.536,64,74,4,false,0
325.536,84,74,0,false,0
325.858,13,3,3,false,0
325.858,13,3,4,false,0
325.858,13,3,6,false,0
325.858,13,3,7,false,0
325.858,13,3,8,false,0
325.858,13,3,9,false,0
325.894,100,4294967295,2,false,0
326.201,83,84,1,false,0
326.201,83,84,2,false,0
326.201,83,84,3,false,0
326.201,83,84,4,false,0
326.201,83,84,5,false,0
326.201,83,84,8,false,0
326.201,83,84,9,false,0
326.27,23,33,1,false,0
326.27,32,33,1,false,0
326.27,32,33,3,false,0
326.27,32,33,8,false,0
326.27,43,33,1,false,0
326.27,43,33,3,false,0
326.27,43,33,8,false,0
326.316,100,4294967295,3,false,0
326.361,12,13,0,false,0
326.361,12,13,1,false,0
326.361,12,13,2,false,0
326.361,12,13,5,false,0
326.361,23,13,0,false,0
326.361,23,13,1,false,0
326.361,23,13,2,false,0
326.361,23,13,5,false,0
326.635,53,54,0,false,0
326.635,53,54,1,false,0
326.635,53,54,3,false,0
326.635,53,54,4,false,0
326.635,53,54,5,false,0
326.635,53,54,6,false,0
326.635,53,54,7,false,0
326.635,53,54,8,false,0
326.699,100,4294967295,4,false,0
326.844,54,64,9,false,0
327.082,100,4294967295,5,false,0
327.091,84,94,0,false,0
327.091,84,94,7,false,0
327.091,93,94,0,false,0
327.091,93,94,1,false,0
327.091,93,94,7,false,0
327.091,93,94,8,false,0
327.091,93,94,9,false,0
327.364,100,4294967295,6,false,0
327.457,92,93,2,false,0
327.457,92,93,3,false,0
327.457,92,93,4,false,0
327.457,92,93,5,false,0
327.541,22,23,3,false,0
327.541,22,23,6,false,0
327.541,22,23,8,false,0
327.644,100,4294967295,7,false,0
327.842,100,4294967295,8,false,0
327.882,100,4294967295,9,false,0
327.918,100,4294967295,0,false,0
328.132,0,1,2,false,0
328.132,0,1,6,false,0
328.132,0,1,7,false,0
328.132,2,1,2,false,0
328.132,2,1,6,false,0
328.132,2,1,7,false,0
328.281,13,3,3,false,0
328.281,13,3,4,false,0
328.281,13,3,6,false,0
328.281,13,3,7,false,0
328.281,13,3,8,false,0
328.281,13,3,9,false,0
328.342,23,33,1,false,0
328.342,32,33,1,false,0
328.342,32,33,3,false,0
328.342,32,33,8,false,0
328.503,100,4294967295,1,false,0
328.524,64,74,0,false,0
328.524,64,74,1,false,0
328.524,64,74,4,false,0
328.524,73,74,0,false,0
328.524,73,74,1,false,0
328.524,73,74,4,false,0
328.524,73,74,5,false,0
328.524,73,74,8,false,0
328.524,73,74,9,false,0
328.524,84,74,0,false,0
328.543,3,13,5,false,0
328.756,74,84,2,false,0
328.756,74,84,3,false,0
328.756,83,84,1,false,0
328.756,83,84,2,false,0
328.756,83,84,3,false,0
328.756,83,84,4,false,0
328.756,83,84,5,false,0
328.756,83,84,8,false,0
328.756,83,84,9,false,0
328.884,53,54,0,false,0
328.884,53,54,1,false,0
328.884,53,54,3,false,0
328.884,53,54,4,false,0
328.884,53,54,5,false,0
328.884,53,54,6,false,0
328.884,53,54,7,false,0
328.884,53,54,8,false,0
328.884,64,54,0,false,0
328.884,64,54,1,false,0
328.884,64,54,4,false,0
329.058,100,4294967295,2,false,0
329.473,54,64,9,false,0
329.473,74,64,2,false,0
329.473,74,64,3,false,0
329.473,74,64,6,false,0
329.473,74,64,7,false,0
329.48,100,4294967295,3,false,0
329.563,83,93,2,false,0
329.563,83,93,3,false,0
329.563,83,93,4,false,0
329.563,83,93,5,false,0
329.563,92,93,2,false,0
329.563,92,93,3,false,0
329.563,92,93,4,false,0
329.563,92,93,5,false,0
329.82,93,94,0,false,0
329.82,93,94,1,false,0
329.82,93,94,7,false,0
329.82,93,94,8,false,0
329.82,93,94,9,false,0
329.863,100,4294967295,4,false,0
330.197,13,23,3,false,0
330.197,13,23,6,false,0
330.197,13,23,8,false,0
330.197,22,23,3,false,0
330.197,22,23,6,false,0
330.197,22,23,8,false,0
330.197,33,23,6,false,0
330.246,100,4294967295,5,false,0
330.528,100,4294967295,6,false,0
330.593,0,1,2,false,0
330.593,0,1,6,false,0
330.593,0,1,7,false,0
330.593,2,1,2,false,0
330.593,2,1,6,false,0
330.593,2,1,7,false,0
330.593,11,1,2,false,0
330.593,11,1,6,false,0
330.593,11,1,7,false,0
330.808,100,4294967295,7,false,0
330.862,32,33,1,false,0
330.862,32,33,3,false,0
330.862,32,33,8,false,0
330.862,43,33,1,false,0
330.862,43,33,3,false,0
330.862,43,33,8,false,0
331.006,100,4294967295,8,false,0
331.041,64,74,0,false,0
331.041,64,74,1,false,0
331.041,64,74,4,false,0
331.041,73,74,0,false,0
331.041,73,74,1,false,0
331.041,73,74,4,false,0
331.041,73,74,5,false,0
331.041,73,74,8,false,0
331.041,73,74,9,false,0
331.041,84,74,0,false,0
331.046,100,4294967295,9,false,0
331.082,100,4294967295,0,false,0
331.085,2,3,0,false,0
331.085,2,3,1,false,0
331.085,2,3,2,false,0
331.085,2,3,3,false,0
331.085,2,3,4,false,0
331.085,2,3,6,false,0
331.085,2,3,7,false,0
331.085,2,3,8,false,0
331.085,2,3,9,false,0
331.085,13,3,3,false,0
331.085,13,3,4,false,0
331.085,13,3,6,false,0
331.085,13,3,7,false,0
331.085,13,3,8,false,0
331.085,13,3,9,false,0
331.099,3,13,5,false,0
331.099,23,13,0,false,0
331.099,23,13,1,false,0
331.099,23,13,2,false,0
331.099,23,13,5,false,0
331.191,53,54,0,false,0
331.191,53,54,1,false,0
331.191,53,54,3,false,0
331.191,53,54,4,false,0
331.191,53,54,5,false,0
331.191,53,54,6,false,0
331.191,53,54,7,false,0
331.191,53,54,8,false,0
331.667,100,4294967295,1,false,0
331.72,74,84,2,false,0
331.72,74,84,3,false,0
331.72,83,84,1,false,0
331.72,83,84,2,false,0
331.72,83,84,3,false,0
331.72,83,84,4,false,0
331.72,83,84,5,false,0
331.72,83,84,8,false,0
331.72,83,84,9,false,0
332.222,100,4294967295,2,false,0
332.441,63,64,2,false,0
332.441,63,64,3,false,0
332.441,63,64,6,false,0
332.441,63,64,7,false,0
332.441,63,64,8,false,0
332.441,63,64,9,false,0
332.441,74,64,2,false,0
332.441,74,64,3,false,0
332.441,74,64,6,false,0
332.441,74,64,7,false,0
332.443,83,93,2,false,0
332.443,83,93,3,false,0
332.443,83,93,4,false,0
332.443,83,93,5,false,0
332.443,92,93,2,false,0
332.443,92,93,3,false,0
332.443,92,93,4,false,0
332.443,92,93,5,false,0
332.629,0,1,2,false,0
332.629,0,1,6,false,0
332.629,0,1,7,false,0
332.629,11,1,2,false,0
332.629,11,1,6,false,0
332.629,11,1,7,false,0
332.643,100,4294967295,3,false,0
332.823,13,23,3,false,0
332.823,13,23,6,false,0
332.823,13,23,8,false,0
332.823,22,23,3,false,0
332.823,22,23,6,false,0
332.823,22,23,8,false,0
333.027,100,4294967295,4,false,0
333.41,100,4294967295,5,false,0
333.427,12,13,0,false,0
333.427,12,13,1,false,0
333.427,12,13,2,false,0
333.427,12,13,5,false,0
333.427,23,13,0,false,0
333.427,23,13,1,false,0
333.427,23,13,2,false,0
333.427,23,13,5,false,0
333.43,23,33,1,false,0
333.43,32,33,1,false,0
333.43,32,33,3,false,0
333.43,32,33,8,false,0
333.43,43,33,1,false,0
333.43,43,33,3,false,0
333.43,43,33,8,false,0
333.692,100,4294967295,6,false,0
333.785,64,54,0,false,0
333.785,64,54,1,false,0
333.785,64,54,4,false,0
333.788,73,74,0,false,0
333.788,73,74,1,false,0
333.788,73,74,4,false,0
333.788,73,74,5,false,0
333.788,73,74,8,false,0
333.788,73,74,9,false,0
333.894,13,3,3,false,0
333.894,13,3,4,false,0
333.894,13,3,6,false,0
333.894,13,3,7,false,0
333.894,13,3,8,false,0
333.894,13,3,9,false,0
333.972,100,4294967295,7,false,0
334.17,100,4294967295,8,false,0
334.209,100,4294967295,9,false,0
334.246,100,4294967295,0,false,0
334.541,92,93,2,false,0
334.541,92,93,3,false,0
334.541,92,93,4,false,0
334.541,92,93,5,false,0
334.677,74,84,2,false,0
334.677,74,84,3,false,0
334.726,63,64,2,false,0
334.726,63,64,3,false,0
334.726,63,64,6,false,0
334.726,63,64,7,false,0
334.726,63,64,8,false,0
334.726,63,64,9,false,0
334.831,100,4294967295,1,false,0
334.959,13,23,3,false,0
334.959,13,23,6,false,0
334.959,13,23,8,false,0
334.959,22,23,3,false,0
334.959,22,23,6,false,0
334.959,22,23,8,false,0
334.959,33,23,6,false,0
335.095,93,94,0,false,0
335.095,93,94,1,false,0
335.095,93,94,7,false,0
335.095,93,94,8,false,0
335.095,93,94,9,false,0
335.219,0,1,2,false,0
335.219,0,1,6,false,0
335.219,0,1,7,false,0
335.219,2,1,2,false,0
335.219,2,1,6,false,0
335.219,2,1,7,false,0
335.386,100,4294967295,2,false,0
335.562,23,33,1,false,0
335.562,43,33,1,false,0
335.562,43,33,3,false,0
335.562,43,33,8,false,0
335.807,100,4294967295,3,false,0
335.975,3,13,5,false,0
335.975,23,13,0,false,0
335.975,23,13,1,false,0
335.975,23,13,2,false,0
335.975,23,13,5,false,0
336.158,64,74,0,false,0
336.158,64,74,1,false,0
336.158,64,74,4,false,0
336.158,73,74,0,false,0
336.158,73,74,1,false,0
336.158,73,74,4,false,0
336.158,73,74,5,false,0
336.158,73,74,8,false,0
336.158,73,74,9,false,0
336.158,84,74,0,false,0
336.191,100,4294967295,4,false,0
336.574,100,4294967295,5,false,0
336.588,53,54,0,false,0
336.588,53,54,1,false,0
336.588,53,54,3,false,0
336.588,53,54,4,false,0
336.588,53,54,5,false,0
336.588,53,54,6,false,0
336.588,53,54,7,false,0
336.588,53,54,8,false,0
336.588,64,54,0,false,0
336.588,64,54,1,false,0
336.588,64,54,4,false,0
336.654,2,3,0,false,0
336.654,2,3,1,false,0
336.654,2,3,2,false,0
336.654,2,3,3,false,0
336.654,2,3,4,false,0
336.654,2,3,6,false,0
336.654,2,3,7,false,0
336.654,2,3,8,false,0
336.654,2,3,9,false,0
336.654,13,3,3,false,0
336.654,13,3,4,false,0
336.654,13,3,6,false,0
336.654,13,3,7,false,0
336.654,13,3,8,false,0
336.654,13,3,9,false,0
336.856,100,4294967295,6,false,0
336.887,83,93,2,false,0
336.887,83,93,3,false,0
336.887,83,93,4,false,0
336.887,83,93,5,false,0
336.887,92,93,2,false,0
336.887,92,93,3,false,0
336.887,92,93,4,false,0
336.887,92,93,5,false,0
337.136,100,4294967295,7,false,0
337.157,74,84,2,false,0
337.157,74,84,3,false,0
337.157,83,84,1,false,0
337.157,83,84,2,false,0
337.157,83,84,3,false,0
337.157,83,84,4,false,0
337.157,83,84,5,false,0
337.157,83,84,8,false,0
337.157,83,84,9,false,0
337.331,13,23,3,false,0
337.331,13,23,6,false,0
337.331,13,23,8,false,0
337.331,33,23,6,false,0
337.334,100,4294967295,8,false,0
337.373,100,4294967295,9,false,0
337.41,100,4294967295,0,false,0
337.68,54,64,9,false,0
337.68,63,64,2,false,0
337.68,63,64,3,false,0
337.68,63,64,6,false,0
337.68,63,64,7,false,0
337.68,63,64,8,false,0
337.68,63,64,9,false,0
337.688,2,1,2,false,0
337.688,2,1,6,false,0
337.688,2,1,7,false,0
337.688,11,1,2,false,0
337.688,11,1,6,false,0
337.688,11,1,7,false,0
337.719,84,94,0,false,0
337.719,84,94,7,false,0
337.719,93,94,0,false,0
337.719,93,94,1,false,0
337.719,93,94,7,false,0
337.719,93,94,8,false,0
337.719,93,94,9,false,0
337.995,100,4294967295,1,false,0
338.059,23,33,1,false,0
338.059,32,33,1,false,0
338.059,32,33,3,false,0
338.059,32,33,8,false,0
338.059,43,33,1,false,0
338.059,43,33,3,false,0
338.059,43,33,8,false,0
338.521,73,74,0,false,0
338.521,73,74,1,false,0
338.521,73,74,4,false,0
338.521,73,74,5,false,0
338.521,73,74,8,false,0
338.521,73,74,9,false,0
338.55,100,4294967295,2,false,0
338.859,3,13,5,false,0
338.859,12,13,0,false,0
338.859,12,13,1,false,0
338.859,12,13,2,false,0
338.859,12,13,5,false,0
338.859,23,13,0,false,0
338.859,23,13,1,false,0
338.859,23,13,2,false,0
338.859,23,13,5,false,0
338.971,100,4294967295,3,false,0
339.028,92,93,2,false,0
339.028,92,93,3,false,0
339.028,92,93,4,false,0
339.028,92,93,5,false,0
339.112,2,3,0,false,0
339.112,2,3,1,false,0
339.112,2,3,2,false,0
339.112,2,3,3,false,0
339.112,2,3,4,false,0
339.112,2,3,6,false,0
339.112,2,3,7,false,0
339.112,2,3,8,false,0
339.112,2,3,9,false,0
339.112,13,3,3,false,0
339.112,13,3,4,false,0
339.112,13,3,6,false,0
339.112,13,3,7,false,0
339.112,13,3,8,false,0
339.112,13,3,9,false,0
339.175,74,84,2,false,0
339.175,74,84,3,false,0
339.175,83,84,1,false,0
339.175,83,84,2,false,0
339.175,83,84,3,false,0
339.175,83,84,4,false,0
339.175,83,84,5,false,0
339.175,83,84,8,false,0
339.175,83,84,9,false,0
339.355,100,4294967295,4,false,0
339.551,53,54,0,false,0
339.551,53,54,1,false,0
339.551,53,54,3,false,0
339.551,53,54,4,false,0
339.551,53,54,5,false,0
339.551,53,54,6,false,0
339.551,53,54,7,false,0
339.551,53,54,8,false,0
339.551,64,54,0,false,0
339.551,64,54,1,false,0
339.551,64,54,4,false,0
339.726,13,23,3,false,0
339.726,13,23,6,false,0
339.726,13,23,8,false,0
339.726,22,23,3,false,0
339.726,22,23,6,false,0
339.726,22,23,8,false,0
339.738,100,4294967295,5,false,0
340.02,100,4294967295,6,false,0
340.099,54,64,9,false,0
340.099,63,64,2,false,0
340.099,63,64,3,false,0
340.099,63,64,6,false,0
340.099,63,64,7,false,0
340.099,63,64,8,false,0
340.099,63,64,9,false,0
340.3,100,4294967295,7,false,0
340.333,0,1,2,false,0
340.333,0,1,6,false,0
340.333,0,1,7,false,0
340.333,2,1,2,false,0
340.333,2,1,6,false,0
340.333,2,1,7,false,0
340.333,11,1,2,false,0
340.333,11,1,6,false,0
340.333,11,1,7,false,0
340.498,100,4294967295,8,false,0
340.537,100,4294967295,9,false,0
340.574,100,4294967295,0,false,0
340.734,23,33,1,false,0
340.734,32,33,1,false,0
340.734,32,33,3,false,0
340.734,32,33,8,false,0
340.807,64,74,0,false,0
340.807,64,74,1,false,0
340.807,64,74,4,false,0
340.807,73,74,0,false,0
340.807,73,74,1,false,0
340.807,73,74,4,false,0
340.807,73,74,5,false,0
340.807,73,74,8,false,0
340.807,73,74,9,false,0
341.159,100,4294967295,1,false,0
341.222,83,84,1,false,0
341.222,83,84,2,false,0
341.222,83,84,3,false,0
341.222,83,84,4,false,0
341.222,83,84,5,false,0
341.222,83,84,8,false,0
341.222,83,84,9,false,0
341.287,3,13,5,false,0
341.287,23,13,0,false,0
341.287,23,13,1,false,0
341.287,23,13,2,false,0
341.287,23,13,5,false,0
341.464,92,93,2,false,0
341.464,92,93,3,false,0
341.464,92,93,4,false,0
341.464,92,93,5,false,0
341.714,100,4294967295,2,false,0
341.939,13,3,3,false,0
341.939,13,3,4,false,0
341.939,13,3,6,false,0
341.939,13,3,7,false,0
341.939,13,3,8,false,0
341.939,13,3,9,false,0
342.135,100,4294967295,3,false,0
342.255,53,54,0,false,0
342.255,53,54,1,false,0
342.255,53,54,3,false,0
342.255,53,54,4,false,0
342.255,53,54,5,false,0
342.255,53,54,6,false,0
342.255,53,54,7,false,0
342.255,53,54,8,false,0
342.459,13,23,3,false,0
342.459,13,23,6,false,0
342.459,13,23,8,false,0
342.459,33,23,6,false,0
342.519,100,4294967295,4,false,0
342.751,0,1,2,false,0
342.751,0,1,6,false,0
342.751,0,1,7,false,0
342.751,2,1,2,false,0
342.751,2,1,6,false,0
342.751,2,1,7,false,0
342.751,11,1,2,false,0
342.751,11,1,6,false,0
342.751,11,1,7,false,0
342.799,43,33,1,false,0
342.799,43,33,3,false,0
342.799,43,33,8,false,0
342.809,54,64,9,false,0
342.809,74,64,2,false,0
342.809,74,64,3,false,0
342.809,74,64,6,false,0
342.809,74,64,7,false,0
342.901,100,4294967295,5,false,0
343.091,73,74,0,false,0
343.091,73,74,1,false,0
343.091,73,74,4,false,0
343.091,73,74,5,false,0
343.091,73,74,8,false,0
343.091,73,74,9,false,0
343.091,84,74,0,false,0
343.183,100,4294967295,6,false,0
343.463,100,4294967295,7,false,0
343.546,84,94,0,false,0
343.546,84,94,7,false,0
343.662,100,4294967295,8,false,0
343.701,100,4294967295,9,false,0
343.738,100,4294967295,0,false,0
343.801,83,93,2,false,0
343.801,83,93,3,false,0
343.801,83,93,4,false,0
343.801,83,93,5,false,0
343.801,92,93,2,false,0
343.801,92,93,3,false,0
343.801,92,93,4,false,0
343.801,92,93,5,false,0
343.891,12,13,0,false,0
343.891,12,13,1,false,0
343.891,12,13,2,false,0
343.891,12,13,5,false,0
343.891,23,13,0,false,0
343.891,23,13,1,false,0
343.891,23,13,2,false,0
343.891,23,13,5,false,0
344.04,2,3,0,false,0
344.04,2,3,1,false,0
344.04,2,3,2,false,0
344.04,2,3,3,false,0
344.04,2,3,4,false,0
344.04,2,3,6,false,0
344.04,2,3,7,false,0
344.04,2,3,8,false,0
344.04,2,3,9,false,0
344.04,13,3,3,false,0
344.04,13,3,4,false,0
344.04,13,3,6,false,0
344.04,13,3,7,false,0
344.04,13,3,8,false,0
344.04,13,3,9,false,0
344.323,100,4294967295,1,false,0
344.757,22,23,3,false,0
344.757,22,23,6,false,0
344.757,22,23,8,false,0
344.878,100,4294967295,2,false,0
345.062,64,54,0,false,0
345.062,64,54,1,false,0
345.062,64,54,4,false,0
345.299,100,4294967295,3,false,0
345.566,0,1,2,false,0
345.566,0,1,6,false,0
345.566,0,1,7,false,0
345.566,11,1,2,false,0
345.566,11,1,6,false,0
345.566,11,1,7,false,0
345.615,43,33,1,false,0
345.615,43,33,3,false,0
345.615,43,33,8,false,0
345.683,100,4294967295,4,false,0
345.705,54,64,9,false,0
345.705,63,64,2,false,0
345.705,63,64,3,false,0
345.705,63,64,6,false,0
345.705,63,64,7,false,0
345.705,63,64,8,false,0
345.705,63,64,9,false,0
345.705,74,64,2,false,0
345.705,74,64,3,false,0
345.705,74,64,6,false,0
345.705,74,64,7,false,0
346.042,73,74,0,false,0
346.042,73,74,1,false,0
346.042,73,74,4,false,0
346.042,73,74,5,false,0
346.042,73,74,8,false,0
346.042,73,74,9,false,0
346.042,84,74,0,false,0
346.065,100,4294967295,5,false,0
346.347,100,4294967295,6,false,0
346.446,3,13,5,false,0
346.446,23,13,0,false,0
346.446,23,13,1,false,0
346.446,23,13,2,false,0
346.446,23,13,5,false,0
346.477,83,93,2,false,0
346.477,83,93,3,false,0
346.477,83,93,4,false,0
346.477,83,93,5,false,0
346.627,100,4294967295,7,false,0
346.632,74,84,2,false,0
346.632,74,84,3,false,0
346.632,83,84,1,false,0
346.632,83,84,2,false,0
346.632,83,84,3,false,0
346.632,83,84,4,false,0
346.632,83,84,5,false,0
346.632,83,84,8,false,0
346.632,83,84,9,false,0
346.792,2,3,0,false,0
346.792,2,3,1,false,0
346.792,2,3,2,false,0
346.792,2,3,3,false,0
346.792,2,3,4,false,0
346.792,2,3,6,false,0
346.792,2,3,7,false,0
346.792,2,3,8,false,0
346.792,2,3,9,false,0
346.826,100,4294967295,8,false,0
346.865,100,4294967295,9,false,0
346.902,100,4294967295,0,false,0
347.345,64,54,0,false,0
347.345,64,54,1,false,0
347.345,64,54,4,false,0
347.487,100,4294967295,1,false,0
347.664,22,23,3,false,0
347.664,22,23,6,false,0
347.664,22,23,8,false,0
347.664,33,23,6,false,0
347.698,0,1,2,false,0
347.698,0,1,6,false,0
347.698,0,1,7,false,0
347.698,11,1,2,false,0
347.698,11,1,6,false,0
347.698,11,1,7,false,0
348.027,63,64,2,false,0
348.027,63,64,3,false,0
348.027,63,64,6,false,0
348.027,63,64,7,false,0
348.027,63,64,8,false,0
348.027,63,64,9,false,0
348.027,74,64,2,false,0
348.027,74,64,3,false,0
348.027,74,64,6,false,0
348.027,74,64,7,false,0
348.042,100,4294967295,2,false,0
348.047,32,33,1,false,0
348.047,32,33,3,false,0
348.047,32,33,8,false,0
348.047,43,33,1,false,0
348.047,43,33,3,false,0
348.047,43,33,8,false,0
348.448,64,74,0,false,0
348.448,64,74,1,false,0
348.448,64,74,4,false,0
348.448,73,74,0,false,0
348.448,73,74,1,false,0
348.448,73,74,4,false,0
348.448,73,74,5,false,0
348.448,73,74,8,false,0
348.448,73,74,9,false,0
348.463,100,4294967295,3,false,0
348.608,84,94,0,false,0
348.608,84,94,7,false,0
348.608,93,94,0,false,0
348.608,93,94,1,false,0
348.608,93,94,7,false,0
348.608,93,94,8,false,0
348.608,93,94,9,false,0
348.757,83,93,2,false,0
348.757,83,93,3,false,0
348.757,83,93,4,false,0
348.757,83,93,5,false,0
348.757,92,93,2,false,0
348.757,92,93,3,false,0
348.757,92,93,4,false,0
348.757,92,93,5,false,0
348.847,100,4294967295,4,false,0
349.229,100,4294967295,5,false,0
349.266,3,13,5,false,0
349.266,12,13,0,false,0
349.266,12,13,1,false,0
349.266,12,13,2,false,0
349.266,12,13,5,false,0
349.469,74,84,2,false,0
349.469,74,84,3,false,0
349.511,100,4294967295,6,false,0
349.688,13,3,3,false,0
349.688,13,3,4,false,0
349.688,13,3,6,false,0
349.688,13,3,7,false,0
349.688,13,3,8,false,0
349.688,13,3,9,false,0
349.714,13,23,3,false,0
349.714,13,23,6,false,0
349.714,13,23,8,false,0
349.714,33,23,6,false,0
349.791,100,4294967295,7,false,0
349.989,100,4294967295,8,false,0
350.029,100,4294967295,9,false,0
350.066,100,4294967295,0,false,0
350.297,32,33,1,false,0
350.297,32,33,3,false,0
350.297,32,33,8,false,0
350.549,0,1,2,false,0
350.549,0,1,6,false,0
350.549,0,1,7,false,0
350.549,2,1,2,false,0
350.549,2,1,6,false,0
350.549,2,1,7,false,0
350.549,11,1,2,false,0
350.549,11,1,6,false,0
350.549,11,1,7,false,0
350.616,54,64,9,false,0
350.616,74,64,2,false,0
350.616,74,64,3,false,0
350.616,74,64,6,false,0
350.616,74,64,7,false,0
350.651,100,4294967295,1,false,0
351.104,83,93,2,false,0
351.104,83,93,3,false,0
351.104,83,93,4,false,0
351.104,83,93,5,false,0
351.104,92,93,2,false,0
351.104,92,93,3,false,0
351.104,92,93,4,false,0
351.104,92,93,5,false,0
351.176,64,74,0,false,0
351.176,64,74,1,false,0
351.176,64,74,4,false,0
351.176,73,74,0,false,0
351.176,73,74,1,false,0
351.176,73,74,4,false,0
351.176,73,74,5,false,0
351.176,73,74,8,false,0
351.176,73,74,9,false,0
351.176,84,74,0,false,0
351.205,100,4294967295,2,false,0
351.257,84,94,0,false,0
351.257,84,94,7,false,0
351.257,93,94,0,false,0
351.257,93,94,1,false,0
351.257,93,94,7,false,0
351.257,93,94,8,false,0
351.257,93,94,9,false,0
351.627,100,4294967295,3,false,0
351.695,2,3,0,false,0
351.695,2,3,1,false,0
351.695,2,3,2,false,0
351.695,2,3,3,false,0
351.695,2,3,4,false,0
351.695,2,3,6,false,0
351.695,2,3,7,false,0
351.695,2,3,8,false,0
351.695,2,3,9,false,0
351.695,13,3,3,false,0
351.695,13,3,4,false,0
351.695,13,3,6,false,0
351.695,13,3,7,false,0
351.695,13,3,8,false,0
351.695,13,3,9,false,0
351.77,74,84,2,false,0
351.77,74,84,3,false,0
351.77,83,84,1,false,0
351.77,83,84,2,false,0
351.77,83,84,3,false,0
351.77,83,84,4,false,0
351.77,83,84,5,false,0
351.77,83,84,8,false,0
351.77,83,84,9,false,0
351.806,22,23,3,false,0
351.806,22,23,6,false,0
351.806,22,23,8,false,0
352.011,100,4294967295,4,false,0
352.085,53,54,0,false,0
352.085,53,54,1,false,0
352.085,53,54,3,false,0
352.085,53,54,4,false,0
352.085,53,54,5,false,0
352.085,53,54,6,false,0
352.085,53,54,7,false,0
352.085,53,54,8,false,0
352.085,64,54,0,false,0
352.085,64,54,1,false,0
352.085,64,54,4,false,0
352.393,100,4294967295,5,false,0
352.575,0,1,2,false,0
352.575,0,1,6,false,0
352.575,0,1,7,false,0
352.575,2,1,2,false,0
352.575,2,1,6,false,0
352.575,2,1,7,false,0
352.674,32,33,1,false,0
352.674,32,33,3,false,0
352.674,32,33,8,false,0
352.674,43,33,1,false,0
352.674,43,33,3,false,0
352.674,43,33,8,false,0
352.675,100,4294967295,6,false,0
352.713,54,64,9,false,0
352.955,100,4294967295,7,false,0
353.147,83,93,2,false,0
353.147,83,93,3,false,0
353.147,83,93,4,false,0
353.147,83,93,5,false,0
353.153,100,4294967295,8,false,0
353.193,100,4294967295,9,false,0
353.229,100,4294967295,0,false,0
353.739,64,74,0,false,0
353.739,64,74,1,false,0
353.739,64,74,4,false,0
353.739,73,74,0,false,0
353.739,73,74,1,false,0
353.739,73,74,4,false,0
353.739,73,74,5,false,0
353.739,73,74,8,false,0
353.739,73,74,9,false,0
353.815,100,4294967295,1,false,0
353.923,3,13,5,false,0
353.923,12,13,0,false,0
353.923,12,13,1,false,0
353.923,12,13,2,false,0
353.923,12,13,5,false,0
353.923,23,13,0,false,0
353.923,23,13,1,false,0
353.923,23,13,2,false,0
353.923,23,13,5,false,0
354.028,22,23,3,false,0
354.028,22,23,6,false,0
354.028,22,23,8,false,0
354.07,93,94,0,false,0
354.07,93,94,1,false,0
354.07,93,94,7,false,0
354.07,93,94,8,false,0
354.07,93,94,9,false,0
354.074,83,84,1,false,0
354.074,83,84,2,false,0
354.074,83,84,3,false,0
354.074,83,84,4,false,0
354.074,83,84,5,false,0
354.074,83,84,8,false,0
354.074,83,84,9,false,0
354.318,13,3,3,false,0
354.318,13,3,4,false,0
354.318,13,3,6,false,0
354.318,13,3,7,false,0
354.318,13,3,8,false,0
354.318,13,3,9,false,0
354.369,100,4294967295,2,false,0
354.723,32,33,1,false,0
354.723,32,33,3,false,0
354.723,32,33,8,false,0
354.725,53,54,0,false,0
354.725,53,54,1,false,0
354.725,53,54,3,false,0
354.725,53,54,4,false,0
354.725,53,54,5,false,0
354.725,53,54,6,false,0
354.725,53,54,7,false,0
354.725,53,54,8,false,0
354.725,64,54,0,false,0
354.725,64,54,1,false,0
354.725,64,54,4,false,0
354.791,100,4294967295,3,false,0
355.023,0,1,2,false,0
355.023,0,1,6,false,0
355.023,0,1,7,false,0
355.023,2,1,2,false,0
355.023,2,1,6,false,0
355.023,2,1,7,false,0
355.023,11,1,2,false,0
355.023,11,1,6,false,0
355.023,11,1,7,false,0
355.174,100,4294967295,4,false,0
355.443,54,64,9,false,0
355.557,100,4294967295,5,false,0
355.839,100,4294967295,6,false,0
355.873,83,93,2,false,0
355.873,83,93,3,false,0
355.873,83,93,4,false,0
355.873,83,93,5,false,0
355.873,92,93,2,false,0
355.873,92,93,3,false,0
355.873,92,93,4,false,0
355.873,92,93,5,false,0
356.119,100,4294967295,7,false,0
356.279,84,94,0,false,0
356.279,84,94,7,false,0
356.279,93,94,0,false,0
356.279,93,94,1,false,0
356.279,93,94,7,false,0
356.279,93,94,8,false,0
356.279,93,94,9,false,0
356.317,100,4294967295,8,false,0
356.343,73,74,0,false,0
356.343,73,74,1,false,0
356.343,73,74,4,false,0
356.343,73,74,5,false,0
356.343,73,74,8,false,0
356.343,73,74,9,false,0
356.357,100,4294967295,9,false,0
356.393,100,4294967295,0,false,0
356.903,3,13,5,false,0
356.903,12,13,0,false,0
356.903,12,13,1,false,0
356.903,12,13,2,false,0
356.903,12,13,5,false,0
356.903,23,13,0,false,0
356.903,23,13,1,false,0
356.903,23,13,2,false,0
356.903,23,13,5,false,0
356.928,33,23,6,false,0
356.979,100,4294967295,1,false,0
357.269,53,54,0,false,0
357.269,53,54,1,false,0
357.269,53,54,3,false,0
357.269,53,54,4,false,0
357.269,53,54,5,false,0
357.269,53,54,6,false,0
357.269,53,54,7,false,0
357.269,53,54,8,false,0
357.269,64,54,0,false,0
357.269,64,54,1,false,0
357.269,64,54,4,false,0
357.533,100,4294967295,2,false,0
357.671,32,33,1,false,0
357.671,32,33,3,false,0
357.671,32,33,8,false,0
357.671,43,33,1,false,0
357.671,43,33,3,false,0
357.671,43,33,8,false,0
357.788,0,1,2,false,0
357.788,0,1,6,false,0
357.788,0,1,7,false,0
357.788,11,1,2,false,0
357.788,11,1,6,false,0
357.788,11,1,7,false,0
357.955,100,4294967295,3,false,0
358.142,92,93,2,false,0
358.142,92,93,3,false,0
358.142,92,93,4,false,0
358.142,92,93,5,false,0
358.308,74,64,2,false,0
358.308,74,64,3,false,0
358.308,74,64,6,false,0
358.308,74,64,7,false,0
358.338,100,4294967295,4,false,0
358.53,13,3,3,false,0
358.53,13,3,4,false,0
358.53,13,3,6,false,0
358.53,13,3,7,false,0
358.53,13,3,8,false,0
358.53,13,3,9,false,0
358.663,73,74,0,false,0
358.663,73,74,1,false,0
358.663,73,74,4,false,0
358.663,73,74,5,false,0
358.663,73,74,8,false,0
358.663,73,74,9,false,0
358.663,84,74,0,false,0
358.721,100,4294967295,5,false,0
358.736,93,94,0,false,0
358.736,93,94,1,false,0
358.736,93,94,7,false,0
358.736,93,94,8,false,0
358.736,93,94,9,false,0
359.003,100,4294967295,6,false,0
359.214,3,13,5,false,0
359.214,23,13,0,false,0
359.214,23,13,1,false,0
359.214,23,13,2,false,0
359.214,23,13,5,false,0
359.283,100,4294967295,7,false,0
359.303,64,54,0,false,0
359.303,64,54,1,false,0
359.303,64,54,4,false,0
359.481,100,4294967295,8,false,0
359.521,100,4294967295,9,false,0
359.557,100,4294967295,0,false,0
359.76,13,23,3,false,0
359.76,13,23,6,false,0
359.76,13,23,8,false,0
359.76,22,23,3,false,0
359.76,22,23,6,false,0
359.76,22,23,8,false,0
360.142,100,4294967295,1,false,0
360.396,0,1,2,false,0
360.396,0,1,6,false,0
360.396,0,1,7,false,0
360.502,23,33,1,false,0
360.502,43,33,1,false,0
360.502,43,33,3,false,0
360.502,43,33,8,false,0
360.697,100,4294967295,2,false,0
360.716,2,3,0,false,0
360.716,2,3,1,false,0
360.716,2,3,2,false,0
360.716,2,3,3,false,0
360.716,2,3,4,false,0
360.716,2,3,6,false,0
360.716,2,3,7,false,0
360.716,2,3,8,false,0
360.716,2,3,9,false,0
360.716,13,3,3,false,0
360.716,13,3,4,false,0
360.716,13,3,6,false,0
360.716,13,3,7,false,0
360.716,13,3,8,false,0
360.716,13,3,9,false,0
360.781,64,74,0,false,0
360.781,64,74,1,false,0
360.781,64,74,4,false,0
360.781,73,74,0,false,0
360.781,73,74,1,false,0
360.781,73,74,4,false,0
360.781,73,74,5,false,0
360.781,73,74,8,false,0
360.781,73,74,9,false,0
360.781,84,74,0,false,0
360.786,83,93,2,false,0
360.786,83,93,3,false,0
360.786,83,93,4,false,0
360.786,83,93,5,false,0
360.786,92,93,2,false,0
360.786,92,93,3,false,0
360.786,92,93,4,false,0
360.786,92,93,5,false,0
360.813,74,84,2,false,0
360.813,74,84,3,false,0
360.813,83,84,1,false,0
360.813,83,84,2,false,0
360.813,83,84,3,false,0
360.813,83,84,4,false,0
360.813,83,84,5,false,0
360.813,83,84,8,false,0
360.813,83,84,9,false,0
361.119,100,4294967295,3,false,0
361.293,93,94,0,false,0
361.293,93,94,1,false,0
361.293,93,94,7,false,0
361.293,93,94,8,false,0
361.293,93,94,9,false,0
361.389,53,54,0,false,0
361.389,53,54,1,false,0
361.389,53,54,3,false,0
361.389,53,54,4,false,0
361.389,53,54,5,false,0
361.389,53,54,6,false,0
361.389,53,54,7,false,0
361.389,53,54,8,false,0
361.389,64,54,0,false,0
361.389,64,54,1,false,0
361.389,64,54,4,false,0
361.502,100,4294967295,4,false,0
361.815,12,13,0,false,0
361.815,12,13,1,false,0
361.815,12,13,2,false,0
361.815,12,13,5,false,0
361.815,23,13,0,false,0
361.815,23,13,1,false,0
361.815,23,13,2,false,0
361.815,23,13,5,false,0
361.885,100,4294967295,5,false,0
362.167,100,4294967295,6,false,0
362.382,13,23,3,false,0
362.382,13,23,6,false,0
362.382,13,23,8,false,0
362.382,22,23,3,false,0
362.382,22,23,6,false,0
362.382,22,23,8,false,0
362.382,33,23,6,false,0
362.447,100,4294967295,7,false,0
362.645,100,4294967295,8,false,0
362.685,100,4294967295,9,false,0
362.721,100,4294967295,0,false,0
362.783,54,64,9,false,0
362.783,74,64,2,false,0
362.783,74,64,3,false,0
362.783,74,64,6,false,0
362.783,74,64,7,false,0
362.96,2,1,2,false,0
362.96,2,1,6,false,0
362.96,2,1,7,false,0
363.046,64,74,0,false,0
363.046,64,74,1,false,0
363.046,64,74,4,false,0
363.151,83,93,2,false,0
363.151,83,93,3,false,0
363.151,83,93,4,false,0
363.151,83,93,5,false,0
363.151,92,93,2,false,0
363.151,92,93,3,false,0
363.151,92,93,4,false,0
363.151,92,93,5,false,0
363.222,23,33,1,false,0
363.222,32,33,1,false,0
363.222,32,33,3,false,0
363.222,32,33,8,false,0
363.222,43,33,1,false,0
363.222,43,33,3,false,0
363.222,43,33,8,false,0
363.306,100,4294967295,1,false,0
363.458,84,94,0,false,0
363.458,84,94,7,false,0
363.519,2,3,0,false,0
363.519,2,3,1,false,0
363.519,2,3,2,false,0
363.519,2,3,3,false,0
363.519,2,3,4,false,0
363.519,2,3,6,false,0
363.519,2,3,7,false,0
363.519,2,3,8,false,0
363.519,2,3,9,false,0
363.73,53,54,0,false,0
363.73,53,54,1,false,0
363.73,53,54,3,false,0
363.73,53,54,4,false,0
363.73,53,54,5,false,0
363.73,53,54,6,false,0
363.73,53,54,7,false,0
363.73,53,54,8,false,0
363.73,64,54,0,false,0
363.73,64,54,1,false,0
363.73,64,54,4,false,0
363.861,100,4294967295,2,false,0
364.283,100,4294967295,3,false,0
364.424,13,23,3,false,0
364.424,13,23,6,false,0
364.424,13,23,8,false,0
364.424,33,23,6,false,0
364.542,12,13,0,false,0
364.542,12,13,1,false,0
364.542,12,13,2,false,0
364.542,12,13,5,false,0
364.542,23,13,0,false,0
364.542,23,13,1,false,0
364.542,23,13,2,false,0
364.542,23,13,5,false,0
364.666,100,4294967295,4,false,0
365.049,100,4294967295,5,false,0
365.081,0,1,2,false,0
365.081,0,1,6,false,0
365.081,0,1,7,false,0
365.081,2,1,2,false,0
365.081,2,1,6,false,0
365.081,2,1,7,false,0
365.081,11,1,2,false,0
365.081,11,1,6,false,0
365.081,11,1,7,false,0
365.323,54,64,9,false,0
365.323,63,64,2,false,0
365.323,63,64,3,false,0
365.323,63,64,6,false,0
365.323,63,64,7,false,0
365.323,63,64,8,false,0
365.323,63,64,9,false,0
365.331,100,4294967295,6,false,0
365.434,23,33,1,false,0
365.434,43,33,1,false,0
365.434,43,33,3,false,0
365.434,43,33,8,false,0
365.611,100,4294967295,7,false,0
365.809,100,4294967295,8,false,0
365.848,100,4294967295,9,false,0
365.885,100,4294967295,0,false,0
365.916,73,74,0,false,0
365.916,73,74,1,false,0
365.916,73,74,4,false,0
365.916,73,74,5,false,0
365.916,73,74,8,false,0
365.916,73,74,9,false,0
365.916,84,74,0,false,0
366.073,13,3,3,false,0
366.073,13,3,4,false,0
366.073,13,3,6,false,0
366.073,13,3,7,false,0
366.073,13,3,8,false,0
366.073,13,3,9,false,0
366.47,100,4294967295,1,false,0
366.476,74,84,2,false,0
366.476,74,84,3,false,0
366.476,83,84,1,false,0
366.476,83,84,2,false,0
366.476,83,84,3,false,0
366.476,83,84,4,false,0
366.476,83,84,5,false,0
366.476,83,84,8,false,0
366.476,83,84,9,false,0
367.025,100,4294967295,2,false,0
367.194,13,23,3,false,0
367.194,13,23,6,false,0
367.194,13,23,8,false,0
367.194,22,23,3,false,0
367.194,22,23,6,false,0
367.194,22,23,8,false,0
367.259,3,13,5,false,0
367.259,12,13,0,false,0
367.259,12,13,1,false,0
367.259,12,13,2,false,0
367.259,12,13,5,false,0
367.259,23,13,0,false,0
367.259,23,13,1,false,0
367.259,23,13,2,false,0
367.259,23,13,5,false,0
367.446,100,4294967295,3,false,0
367.83,100,4294967295,4,false,0
367.862,2,1,2,false,0
367.862,2,1,6,false,0
367.862,2,1,7,false,0
367.862,11,1,2,false,0
367.862,11,1,6,false,0
367.862,11,1,7,false,0
367.868,84,94,0,false,0
367.868,84,94,7,false,0
367.877,54,64,9,false,0
367.877,63,64,2,false,0
367.877,63,64,3,false,0
367.877,63,64,6,false,0
367.877,63,64,7,false,0
367.877,63,64,8,false,0
367.877,63,64,9,false,0
367.877,74,64,2,false,0
367.877,74,64,3,false,0
367.877,74,64,6,false,0
367.877,74,64,7,false,0
368.211,83,93,2,false,0
368.211,83,93,3,false,0
368.211,83,93,4,false,0
368.211,83,93,5,false,0
368.211,92,93,2,false,0
368.211,92,93,3,false,0
368.211,92,93,4,false,0
368.211,92,93,5,false,0
368.213,100,4294967295,5,false,0
368.236,2,3,0,false,0
368.236,2,3,1,false,0
368.236,2,3,2,false,0
368.236,2,3,3,false,0
368.236,2,3,4,false,0
368.236,2,3,6,false,0
368.236,2,3,7,false,0
368.236,2,3,8,false,0
368.236,2,3,9,false,0
368.495,100,4294967295,6,false,0
368.718,53,54,0,false,0
368.718,53,54,1,false,0
368.718,53,54,3,false,0
368.718,53,54,4,false,0
368.718,53,54,5,false,0
368.718,53,54,6,false,0
368.718,53,54,7,false,0
368.718,53,54,8,false,0
368.718,64,54,0,false,0
368.718,64,54,1,false,0
368.718,64,54,4,false,0
368.775,100,4294967295,7,false,0
368.863,74,84,2,false,0
368.863,74,84,3,false,0
368.869,64,74,0,false,0
368.869,64,74,1,false,0
368.869,64,74,4,false,0
368.869,73,74,0,false,0
368.869,73,74,1,false,0
368.869,73,74,4,false,0
368.869,73,74,5,false,0
368.869,73,74,8,false,0
368.869,73,74,9,false,0
368.869,84,74,0,false,0
368.973,100,4294967295,8,false,0
369.012,100,4294967295,9,false,0
369.049,100,4294967295,0,false,0
369.634,100,4294967295,1,false,0
369.946,0,1,2,false,0
369.946,0,1,6,false,0
369.946,0,1,7,false,0
369.946,2,1,2,false,0
369.946,2,1,6,false,0
369.946,2,1,7,false,0
369.946,11,1,2,false,0
369.946,11,1,6,false,0
369.946,11,1,7,false,0
370.135,22,23,3,false,0
370.135,22,23,6,false,0
370.135,22,23,8,false,0
370.135,33,23,6,false,0
370.189,100,4294967295,2,false,0
370.254,12,13,0,false,0
370.254,12,13,1,false,0
370.254,12,13,2,false,0
370.254,12,13,5,false,0
370.266,84,94,0,false,0
370.266,84,94,7,false,0
370.266,93,94,0,false,0
370.266,93,94,1,false,0
370.266,93,94,7,false,0
370.266,93,94,8,false,0
370.266,93,94,9,false,0
370.274,2,3,0,false,0
370.274,2,3,1,false,0
370.274,2,3,2,false,0
370.274,2,3,3,false,0
370.274,2,3,4,false,0
370.274,2,3,6,false,0
370.274,2,3,7,false,0
370.274,2,3,8,false,0
370.274,2,3,9,false,0
370.274,13,3,3,false,0
370.274,13,3,4,false,0
370.274,13,3,6,false,0
370.274,13,3,7,false,0
370.274,13,3,8,false,0
370.274,13,3,9,false,0
370.6,63,64,2,false,0
370.6,63,64,3,false,0
370.6,63,64,6,false,0
370.6,63,64,7,false,0
370.6,63,64,8,false,0
370.6,63,64,9,false,0
370.6,74,64,2,false,0
370.6,74,64,3,false,0
370.6,74,64,6,false,0
370.6,74,64,7,false,0
370.61,100,4294967295,3,false,0
370.62,83,93,2,false,0
370.62,83,93,3,false,0
370.62,83,93,4,false,0
370.62,83,93,5,false,0
370.62,92,93,2,false,0
370.62,92,93,3,false,0
370.62,92,93,4,false,0
370.62,92,93,5,false,0
370.884,64,74,0,false,0
370.884,64,74,1,false,0
370.884,64,74,4,false,0
370.884,84,74,0,false,0
370.994,100,4294967295,4,false,0
371.307,23,33,1,false,0
371.307,43,33,1,false,0
371.307,43,33,3,false,0
371.307,43,33,8,false,0
371.377,100,4294967295,5,false,0
371.378,74,84,2,false,0
371.378,74,84,3,false,0
371.612,53,54,0,false,0
371.612,53,54,1,false,0
371.612,53,54,3,false,0
371.612,53,54,4,false,0
371.612,53,54,5,false,0
371.612,53,54,6,false,0
371.612,53,54,7,false,0
371.612,53,54,8,false,0
371.659,100,4294967295,6,false,0
371.939,100,4294967295,7,false,0
372.137,100,4294967295,8,false,0
372.176,100,4294967295,9,false,0
372.213,100,4294967295,0,false,0
372.384,33,23,6,false,0
372.648,83,93,2,false,0
372.648,83,93,3,false,0
372.648,83,93,4,false,0
372.648,83,93,5,false,0
372.737,2,3,0,false,0
372.737,2,3,1,false,0
372.737,2,3,2,false,0
372.737,2,3,3,false,0
372.737,2,3,4,false,0
372.737,2,3,6,false,0
372.737,2,3,7,false,0
372.737,2,3,8,false,0
372.737,2,3,9,false,0
372.737,13,3,3,false,0
372.737,13,3,4,false,0
372.737,13,3,6,false,0
372.737,13,3,7,false,0
372.737,13,3,8,false,0
372.737,13,3,9,false,0
372.788,0,1,2,false,0
372.788,0,1,6,false,0
372.788,0,1,7,false,0
372.788,11,1,2,false,0
372.788,11,1,6,false,0
372.788,11,1,7,false,0
372.794,12,13,0,false,0
372.794,12,13,1,false,0
372.794,12,13,2,false,0
372.794,12,13,5,false,0
372.794,23,13,0,false,0
372.794,23,13,1,false,0
372.794,23,13,2,false,0
372.794,23,13,5,false,0
372.798,100,4294967295,1,false,0
372.907,84,94,0,false,0
372.907,84,94,7,false,0
372.907,93,94,0,false,0
372.907,93,94,1,false,0
372.907,93,94,7,false,0
372.907,93,94,8,false,0
372.907,93,94,9,false,0
373.094,54,64,9,false,0
373.094,63,64,2,false,0
373.094,63,64,3,false,0
373.094,63,64,6,false,0
373.094,63,64,7,false,0
373.094,63,64,8,false,0
373.094,63,64,9,false,0
373.094,74,64,2,false,0
373.094,74,64,3,false,0
373.094,74,64,6,false,0
373.094,74,64,7,false,0
373.353,100,4294967295,2,false,0
373.405,74,84,2,false,0
373.405,74,84,3,false,0
373.405,83,84,1,false,0
373.405,83,84,2,false,0
373.405,83,84,3,false,0
373.405,83,84,4,false,0
373.405,83,84,5,false,0
373.405,83,84,8,false,0
373.405,83,84,9,false,0
373.614,64,74,0,false,0
373.614,64,74,1,false,0
373.614,64,74,4,false,0
373.614,84,74,0,false,0
373.699,32,33,1,false,0
373.699,32,33,3,false,0
373.699,32,33,8,false,0
373.699,43,33,1,false,0
373.699,43,33,3,false,0
373.699,43,33,8,false,0
373.774,100,4294967295,3,false,0
374.158,100,4294967295,4,false,0
374.524,22,23,3,false,0
374.524,22,23,6,false,0
374.524,22,23,8,false,0
374.54,100,4294967295,5,false,0
374.822,100,4294967295,6,false,0
374.995,0,1,2,false,0
374.995,0,1,6,false,0
374.995,0,1,7,false,0
374.995,2,1,2,false,0
374.995,2,1,6,false,0
374.995,2,1,7,false,0
374.995,11,1,2,false,0
374.995,11,1,6,false,0
374.995,11,1,7,false,0
375.067,3,13,5,false,0
375.102,100,4294967295,7,false,0
375.285,84,94,0,false,0
375.285,84,94,7,false,0
375.301,100,4294967295,8,false,0
375.309,2,3,0,false,0
375.309,2,3,1,false,0
375.309,2,3,2,false,0
375.309,2,3,3,false,0
375.309,2,3,4,false,0
375.309,2,3,6,false,0
375.309,2,3,7,false,0
375.309,2,3,8,false,0
375.309,2,3,9,false,0
375.34,100,4294967295,9,false,0
375.377,100,4294967295,0,false,0
375.687,63,64,2,false,0
375.687,63,64,3,false,0
375.687,63,64,6,false,0
375.687,63,64,7,false,0
375.687,63,64,8,false,0
375.687,63,64,9,false,0
375.687,74,64,2,false,0
375.687,74,64,3,false,0
375.687,74,64,6,false,0
375.687,74,64,7,false,0
375.911,74,84,2,false,0
375.911,74,84,3,false,0
375.911,83,84,1,false,0
375.911,83,84,2,false,0
375.911,83,84,3,false,0
375.911,83,84,4,false,0
375.911,83,84,5,false,0
375.911,83,84,8,false,0
375.911,83,84,9,false,0
375.962,100,4294967295,1,false,0
376.118,43,33,1,false,0
376.118,43,33,3,false,0
376.118,43,33,8,false,0
376.517,100,4294967295,2,false,0
376.679,53,54,0,false,0
376.679,53,54,1,false,0
376.679,53,54,3,false,0
376.679,53,54,4,false,0
376.679,53,54,5,false,0
376.679,53,54,6,false,0
376.679,53,54,7,false,0
376.679,53,54,8,false,0
376.679,64,54,0,false,0
376.679,64,54,1,false,0
376.679,64,54,4,false,0
376.938,100,4294967295,3,false,0
377.023,13,23,3,false,0
377.023,13,23,6,false,0
377.023,13,23,8,false,0
377.023,22,23,3,false,0
377.023,22,23,6,false,0
377.023,22,23,8,false,0
377.023,33,23,6,false,0
377.312,3,13,5,false,0
377.312,23,13,0,false,0
377.312,23,13,1,false,0
377.312,23,13,2,false,0
377.312,23,13,5,false,0
377.322,100,4294967295,4,false,0
377.584,84,94,0,false,0
377.584,84,94,7,false,0
377.584,93,94,0,false,0
377.584,93,94,1,false,0
377.584,93,94,7,false,0
377.584,93,94,8,false,0
377.584,93,94,9,false,0
377.704,100,4294967295,5,false,0
377.743,2,3,0,false,0
377.743,2,3,1,false,0
377.743,2,3,2,false,0
377.743,2,3,3,false,0
377.743,2,3,4,false,0
377.743,2,3,6,false,0
377.743,2,3,7,false,0
377.743,2,3,8,false,0
377.743,2,3,9,false,0
377.743,13,3,3,false,0
377.743,13,3,4,false,0
377.743,13,3,6,false,0
377.743,13,3,7,false,0
377.743,13,3,8,false,0
377.743,13,3,9,false,0
377.869,11,1,2,false,0
377.869,11,1,6,false,0
377.869,11,1,7,false,0
377.986,100,4294967295,6,false,0
378.119,74,64,2,false,0
378.119,74,64,3,false,0
378.119,74,64,6,false,0
378.119,74,64,7,false,0
378.172,74,84,2,false,0
378.172,74,84,3,false,0
378.172,83,84,1,false,0
378.172,83,84,2,false,0
378.172,83,84,3,false,0
378.172,83,84,4,false,0
378.172,83,84,5,false,0
378.172,83,84,8,false,0
378.172,83,84,9,false,0
378.266,100,4294967295,7,false,0
378.465,100,4294967295,8,false,0
378.504,100,4294967295,9,false,0
378.541,100,4294967295,0,false,0
378.984,64,74,0,false,0
378.984,64,74,1,false,0
378.984,64,74,4,false,0
378.984,73,74,0,false,0
378.984,73,74,1,false,0
378.984,73,74,4,false,0
378.984,73,74,5,false,0
378.984,73,74,8,false,0
378.984,73,74,9,false,0
379.126,100,4294967295,1,false,0
379.538,53,54,0,false,0
379.538,53,54,1,false,0
379.538,53,54,3,false,0
379.538,53,54,4,false,0
379.538,53,54,5,false,0
379.538,53,54,6,false,0
379.538,53,54,7,false,0
379.538,53,54,8,false,0
379.538,64,54,0,false,0
379.538,64,54,1,false,0
379.538,64,54,4,false,0
379.609,22,23,3,false,0
379.609,22,23,6,false,0
379.609,22,23,8,false,0
379.609,33,23,6,false,0
379.681,100,4294967295,2,false,0
379.768,84,94,0,false,0
379.768,84,94,7,false,0
379.768,93,94,0,false,0
379.768,93,94,1,false,0
379.768,93,94,7,false,0
379.768,93,94,8,false,0
379.768,93,94,9,false,0
379.936,2,3,0,false,0
379.936,2,3,1,false,0
379.936,2,3,2,false,0
379.936,2,3,3,false,0
379.936,2,3,4,false,0
379.936,2,3,6,false,0
379.936,2,3,7,false,0
379.936,2,3,8,false,0
379.936,2,3,9,false,0
379.936,13,3,3,false,0
379.936,13,3,4,false,0
379.936,13,3,6,false,0
379.936,13,3,7,false,0
379.936,13,3,8,false,0
379.936,13,3,9,false,0
380.102,100,4294967295,3,false,0
380.486,100,4294967295,4,false,0
380.679,11,1,2,false,0
380.679,11,1,6,false,0
380.679,11,1,7,false,0
380.706,74,84,2,false,0
380.706,74,84,3,false,0
380.852,32,33,1,false,0
380.852,32,33,3,false,0
380.852,32,33,8,false,0
380.852,43,33,1,false,0
380.852,43,33,3,false,0
380.852,43,33,8,false,0
380.868,100,4294967295,5,false,0
380.988,54,64,9,false,0
380.988,63,64,2,false,0
380.988,63,64,3,false,0
380.988,63,64,6,false,0
380.988,63,64,7,false,0
380.988,63,64,8,false,0
380.988,63,64,9,false,0
381.15,100,4294967295,6,false,0
381.43,100,4294967295,7,false,0
381.628,100,4294967295,8,false,0
381.668,100,4294967295,9,false,0
381.705,100,4294967295,0,false,0
381.705,64,74,0,false,0
381.705,64,74,1,false,0
381.705,64,74,4,false,0
381.705,84,74,0,false,0
381.938,53,54,0,false,0
381.938,53,54,1,false,0
381.938,53,54,3,false,0
381.938,53,54,4,false,0
381.938,53,54,5,false,0
381.938,53,54,6,false,0
381.938,53,54,7,false,0
381.938,53,54,8,false,0
381.938,64,54,0,false,0
381.938,64,54,1,false,0
381.938,64,54,4,false,0
381.956,13,23,3,false,0
381.956,13,23,6,false,0
381.956,13,23,8,false,0
381.956,22,23,3,false,0
381.956,22,23,6,false,0
381.956,22,23,8,false,0
381.956,33,23,6,false,0
382.259,3,13,5,false,0
382.259,12,13,0,false,0
382.259,12,13,1,false,0
382.259,12,13,2,false,0
382.259,12,13,5,false,0
382.259,23,13,0,false,0
382.259,23,13,1,false,0
382.259,23,13,2,false,0
382.259,23,13,5,false,0
382.29,100,4294967295,1,false,0
382.358,92,93,2,false,0
382.358,92,93,3,false,0
382.358,92,93,4,false,0
382.358,92,93,5,false,0
382.739,13,3,3,false,0
382.739,13,3,4,false,0
382.739,13,3,6,false,0
382.739,13,3,7,false,0
382.739,13,3,8,false,0
382.739,13,3,9,false,0
382.765,84,94,0,false,0
382.765,84,94,7,false,0
382.844,100,4294967295,2,false,0
382.899,23,33,1,false,0
382.899,32,33,1,false,0
382.899,32,33,3,false,0
382.899,32,33,8,false,0
383.266,100,4294967295,3,false,0
383.458,2,1,2,false,0
383.458,2,1,6,false,0
383.458,2,1,7,false,0
383.458,11,1,2,false,0
383.458,11,1,6,false,0
383.458,11,1,7,false,0
383.65,100,4294967295,4,false,0
383.785,54,64,9,false,0
383.85,73,74,0,false,0
383.85,73,74,1,false,0
383.85,73,74,4,false,0
383.85,73,74,5,false,0
383.85,73,74,8,false,0
383.85,73,74,9,false,0
383.85,84,74,0,false,0
384.028,53,54,0,false,0
384.028,53,54,1,false,0
384.028,53,54,3,false,0
384.028,53,54,4,false,0
384.028,53,54,5,false,0
384.028,53,54,6,false,0
384.028,53,54,7,false,0
384.028,53,54,8,false,0
384.028,64,54,0,false,0
384.028,64,54,1,false,0
384.028,64,54,4,false,0
384.032,100,4294967295,5,false,0
384.314,100,4294967295,6,false,0
384.47,3,13,5,false,0
384.47,12,13,0,false,0
384.47,12,13,1,false,0
384.47,12,13,2,false,0
384.47,12,13,5,false,0
384.538,83,93,2,false,0
384.538,83,93,3,false,0
384.538,83,93,4,false,0
384.538,83,93,5,false,0
384.538,92,93,2,false,0
384.538,92,93,3,false,0
384.538,92,93,4,false,0
384.538,92,93,5,false,0
384.594,100,4294967295,7,false,0
384.674,13,23,3,false,0
384.674,13,23,6,false,0
384.674,13,23,8,false,0
384.674,33,23,6,false,0
384.792,100,4294967295,8,false,0
384.832,100,4294967295,9,false,0
384.868,100,4294967295,0,false,0
385.376,23,33,1,false,0
385.376,32,33,1,false,0
385.376,32,33,3,false,0
385.376,32,33,8,false,0
385.376,43,33,1,false,0
385.376,43,33,3,false,0
385.376,43,33,8,false,0
385.454,100,4294967295,1,false,0
385.522,13,3,3,false,0
385.522,13,3,4,false,0
385.522,13,3,6,false,0
385.522,13,3,7,false,0
385.522,13,3,8,false,0
385.522,13,3,9,false,0
385.639,84,94,0,false,0
385.639,84,94,7,false,0
386.008,100,4294967295,2,false,0
386.375,53,54,0,false,0
386.375,53,54,1,false,0
386.375,53,54,3,false,0
386.375,53,54,4,false,0
386.375,53,54,5,false,0
386.375,53,54,6,false,0
386.375,53,54,7,false,0
386.375,53,54,8,false,0
386.43,100,4294967295,3,false,0
386.575,3,13,5,false,0
386.575,23,13,0,false,0
386.575,23,13,1,false,0
386.575,23,13,2,false,0
386.575,23,13,5,false,0
386.783,54,64,9,false,0
386.783,74,64,2,false,0
386.783,74,64,3,false,0
386.783,74,64,6,false,0
386.783,74,64,7,false,0
386.814,100,4294967295,4,false,0
387.196,100,4294967295,5,false,0
387.438,13,23,3,false,0
387.438,13,23,6,false,0
387.438,13,23,8,false,0
387.438,22,23,3,false,0
387.438,22,23,6,false,0
387.438,22,23,8,false,0
387.478,100,4294967295,6,false,0
387.585,2,3,0,false,0
387.585,2,3,1,false,0
387.585,2,3,2,false,0
387.585,2,3,3,false,0
387.585,2,3,4,false,0
387.585,2,3,6,false,0
387.585,2,3,7,false,0
387.585,2,3,8,false,0
387.585,2,3,9,false,0
387.687,84,94,0,false,0
387.687,84,94,7,false,0
387.687,93,94,0,false,0
387.687,93,94,1,false,0
387.687,93,94,7,false,0
387.687,93,94,8,false,0
387.687,93,94,9,false,0
387.758,100,4294967295,7,false,0
387.832,0,1,2,false,0
387.832,0,1,6,false,0
387.832,0,1,7,false,0
387.832,2,1,2,false,0
387.832,2,1,6,false,0
387.832,2,1,7,false,0
387.832,11,1,2,false,0
387.832,11,1,6,false,0
387.832,11,1,7,false,0
387.956,100,4294967295,8,false,0
387.996,100,4294967295,9,false,0
388.032,100,4294967295,0,false,0
388.12,74,84,2,false,0
388.12,74,84,3,false,0
388.12,83,84,1,false,0
388.12,83,84,2,false,0
388.12,83,84,3,false,0
388.12,83,84,4,false,0
388.12,83,84,5,false,0
388.12,83,84,8,false,0
388.12,83,84,9,false,0
388.579,64,74,0,false,0
388.579,64,74,1,false,0
388.579,64,74,4,false,0
388.579,84,74,0,false,0
388.598,3,13,5,false,0
388.598,12,13,0,false,0
388.598,12,13,1,false,0
388.598,12,13,2,false,0
388.598,12,13,5,false,0
388.598,23,13,0,false,0
388.598,23,13,1,false,0
388.598,23,13,2,false,0
388.598,23,13,5,false,0
388.618,100,4294967295,1,false,0
388.939,53,54,0,false,0
388.939,53,54,1,false,0
388.939,53,54,3,false,0
388.939,53,54,4,false,0
388.939,53,54,5,false,0
388.939,53,54,6,false,0
388.939,53,54,7,false,0
388.939,53,54,8,false,0
388.939,64,54,0,false,0
388.939,64,54,1,false,0
388.939,64,54,4,false,0
389.046,74,64,2,false,0
389.046,74,64,3,false,0
389.046,74,64,6,false,0
389.046,74,64,7,false,0
389.172,100,4294967295,2,false,0
389.359,83,93,2,false,0
389.359,83,93,3,false,0
389.359,83,93,4,false,0
389.359,83,93,5,false,0
389.594,100,4294967295,3,false,0
389.977,100,4294967295,4,false,0
390.088,23,33,1,false,0
390.088,32,33,1,false,0
390.088,32,33,3,false,0
390.088,32,33,8,false,0
390.252,84,94,0,false,0
390.252,84,94,7,false,0
390.252,93,94,0,false,0
390.252,93,94,1,false,0
390.252,93,94,7,false,0
390.252,93,94,8,false,0
390.252,93,94,9,false,0
390.294,2,3,0,false,0
390.294,2,3,1,false,0
390.294,2,3,2,false,0
390.294,2,3,3,false,0
390.294,2,3,4,false,0
390.294,2,3,6,false,0
390.294,2,3,7,false,0
390.294,2,3,8,false,0
390.294,2,3,9,false,0
390.294,13,3,3,false,0
390.294,13,3,4,false,0
390.294,13,3,6,false,0
390.294,13,3,7,false,0
390.294,13,3,8,false,0
390.294,13,3,9,false,0
390.36,100,4294967295,5,false,0
390.642,100,4294967295,6,false,0
390.852,3,13,5,false,0
390.852,23,13,0,false,0
390.852,23,13,1,false,0
390.852,23,13,2,false,0
390.852,23,13,5,false,0
390.922,100,4294967295,7,false,0
390.977,74,84,2,false,0
390.977,74,84,3,false,0
390.977,83,84,1,false,0
390.977,83,84,2,false,0
390.977,83,84,3,false,0
390.977,83,84,4,false,0
390.977,83,84,5,false,0
390.977,83,84,8,false,0
390.977,83,84,9,false,0
391.108,73,74,0,false,0
391.108,73,74,1,false,0
391.108,73,74,4,false,0
391.108,73,74,5,false,0
391.108,73,74,8,false,0
391.108,73,74,9,false,0
391.108,84,74,0,false,0
391.12,100,4294967295,8,false,0
391.16,100,4294967295,9,false,0
391.196,100,4294967295,0,false,0
391.2,54,64,9,false,0
391.2,63,64,2,false,0
391.2,63,64,3,false,0
391.2,63,64,6,false,0
391.2,63,64,7,false,0
391.2,63,64,8,false,0
391.2,63,64,9,false,0
391.2,74,64,2,false,0
391.2,74,64,3,false,0
391.2,74,64,6,false,0
391.2,74,64,7,false,0
391.217,53,54,0,false,0
391.217,53,54,1,false,0
391.217,53,54,3,false,0
391.217,53,54,4,false,0
391.217,53,54,5,false,0
391.217,53,54,6,false,0
391.217,53,54,7,false,0
391.217,53,54,8,false,0
391.782,100,4294967295,1,false,0
392.336,100,4294967295,2,false,0
392.356,83,93,2,false,0
392.356,83,93,3,false,0
392.356,83,93,4,false,0
392.356,83,93,5,false,0
392.393,2,3,0,false,0
392.393,2,3,1,false,0
392.393,2,3,2,false,0
392.393,2,3,3,false,0
392.393,2,3,4,false,0
392.393,2,3,6,false,0
392.393,2,3,7,false,0
392.393,2,3,8,false,0
392.393,2,3,9,false,0
392.393,13,3,3,false,0
392.393,13,3,4,false,0
392.393,13,3,6,false,0
392.393,13,3,7,false,0
392.393,13,3,8,false,0
392.393,13,3,9,false,0
392.739,13,23,3,false,0
392.739,13,23,6,false,0
392.739,13,23,8,false,0
392.739,22,23,3,false,0
392.739,22,23,6,false,0
392.739,22,23,8,false,0
392.739,33,23,6,false,0
392.758,100,4294967295,3,false,0
392.774,84,94,0,false,0
392.774,84,94,7,false,0
392.774,93,94,0,false,0
392.774,93,94,1,false,0
392.774,93,94,7,false,0
392.774,93,94,8,false,0
392.774,93,94,9,false,0
393.008,32,33,1,false,0
393.008,32,33,3,false,0
393.008,32,33,8,false,0
393.008,43,33,1,false,0
393.008,43,33,3,false,0
393.008,43,33,8,false,0
393.141,100,4294967295,4,false,0
393.242,53,54,0,false,0
393.242,53,54,1,false,0
393.242,53,54,3,false,0
393.242,53,54,4,false,0
393.242,53,54,5,false,0
393.242,53,54,6,false,0
393.242,53,54,7,false,0
393.242,53,54,8,false,0
393.524,100,4294967295,5,false,0
393.562,2,1,2,false,0
393.562,2,1,6,false,0
393.562,2,1,7,false,0
393.65,74,84,2,false,0
393.65,74,84,3,false,0
393.65,83,84,1,false,0
393.65,83,84,2,false,0
393.65,83,84,3,false,0
393.65,83,84,4,false,0
393.65,83,84,5,false,0
393.65,83,84,8,false,0
393.65,83,84,9,false,0
393.719,64,74,0,false,0
393.719,64,74,1,false,0
393.719,64,74,4,false,0
393.719,84,74,0,false,0
393.806,100,4294967295,6,false,0
394.086,100,4294967295,7,false,0
394.284,100,4294967295,8,false,0
394.324,100,4294967295,9,false,0
394.36,100,4294967295,0,false,0
394.465,92,93,2,false,0
394.465,92,93,3,false,0
394.465,92,93,4,false,0
394.465,92,93,5,false,0
394.945,100,4294967295,1,false,0
394.956,13,3,3,false,0
394.956,13,3,4,false,0
394.956,13,3,6,false,0
394.956,13,3,7,false,0
394.956,13,3,8,false,0
394.956,13,3,9,false,0
394.991,22,23,3,false,0
394.991,22,23,6,false,0
394.991,22,23,8,false,0
394.991,33,23,6,false,0
395.357,84,94,0,false,0
395.357,84,94,7,false,0
395.357,93,94,0,false,0
395.357,93,94,1,false,0
395.357,93,94,7,false,0
395.357,93,94,8,false,0
395.357,93,94,9,false,0
395.5,100,4294967295,2,false,0
395.507,43,33,1,false,0
395.507,43,33,3,false,0
395.507,43,33,8,false,0
395.851,64,74,0,false,0
395.851,64,74,1,false,0
395.851,64,74,4,false,0
395.851,73,74,0,false,0
395.851,73,74,1,false,0
395.851,73,74,4,false,0
395.851,73,74,5,false,0
395.851,73,74,8,false,0
395.851,73,74,9,false,0
395.851,84,74,0,false,0
395.879,64,54,0,false,0
395.879,64,54,1,false,0
395.879,64,54,4,false,0
395.922,100,4294967295,3,false,0
396.278,11,1,2,false,0
396.278,11,1,6,false,0
396.278,11,1,7,false,0
396.284,3,13,5,false,0
396.305,100,4294967295,4,false,0
396.384,74,64,2,false,0
396.384,74,64,3,false,0
396.384,74,64,6,false,0
396.384,74,64,7,false,0
396.615,83,84,1,false,0
396.615,83,84,2,false,0
396.615,83,84,3,false,0
396.615,83,84,4,false,0
396.615,83,84,5,false,0
396.615,83,84,8,false,0
396.615,83,84,9,false,0
396.688,100,4294967295,5,false,0
396.915,83,93,2,false,0
396.915,83,93,3,false,0
396.915,83,93,4,false,0
396.915,83,93,5,false,0
396.97,100,4294967295,6,false,0
397.023,13,3,3,false,0
397.023,13,3,4,false,0
397.023,13,3,6,false,0
397.023,13,3,7,false,0
397.023,13,3,8,false,0
397.023,13,3,9,false,0
397.154,13,23,3,false,0
397.154,13,23,6,false,0
397.154,13,23,8,false,0
397.154,22,23,3,false,0
397.154,22,23,6,false,0
397.154,22,23,8,false,0
397.154,33,23,6,false,0
397.25,100,4294967295,7,false,0
397.448,100,4294967295,8,false,0
397.487,100,4294967295,9,false,0
397.524,100,4294967295,0,false,0
398.109,100,4294967295,1,false,0
398.608,84,74,0,false,0
398.664,100,4294967295,2,false,0
398.817,74,84,2,false,0
398.817,74,84,3,false,0
399.085,100,4294967295,3,false,0
399.147,54,64,9,false,0
399.147,63,64,2,false,0
399.147,63,64,3,false,0
399.147,63,64,6,false,0
399.147,63,64,7,false,0
399.147,63,64,8,false,0
399.147,63,64,9,false,0
399.147,74,64,2,false,0
399.147,74,64,3,false,0
399.147,74,64,6,false,0
399.147,74,64,7,false,0
399.157,12,13,0,false,0
399.157,12,13,1,false,0
399.157,12,13,2,false,0
399.157,12,13,5,false,0
399.157,23,13,0,false,0
399.157,23,13,1,false,0
399.157,23,13,2,false,0
399.157,23,13,5,false,0
399.215,13,3,3,false,0
399.215,13,3,4,false,0
399.215,13,3,6,false,0
399.215,13,3,7,false,0
399.215,13,3,8,false,0
399.215,13,3,9,false,0
399.243,0,1,2,false,0
399.243,0,1,6,false,0
399.243,0,1,7,false,0
399.243,2,1,2,false,0
399.243,2,1,6,false,0
399.243,2,1,7,false,0
399.243,11,1,2,false,0
399.243,11,1,6,false,0
399.243,11,1,7,false,0
399.316,13,23,3,false,0
399.316,13,23,6,false,0
399.316,13,23,8,false,0
399.316,33,23,6,false,0
399.469,100,4294967295,4,false,0
399.852,100,4294967295,5,false,0
399.882,83,93,2,false,0
399.882,83,93,3,false,0
399.882,83,93,4,false,0
399.882,83,93,5,false,0
399.882,92,93,2,false,0
399.882,92,93,3,false,0
399.882,92,93,4,false,0
399.882,92,93,5,false,0
400.134,100,4294967295,6,false,0
400.208,53,54,0,false,0
400.208,53,54,1,false,0
400.208,53,54,3,false,0
400.208,53,54,4,false,0
400.208,53,54,5,false,0
400.208,53,54,6,false,0
400.208,53,54,7,false,0
400.208,53,54,8,false,0
400.414,100,4294967295,7,false,0
400.612,100,4294967295,8,false,0
400.651,100,4294967295,9,false,0
400.688,100,4294967295,0,false,0
400.778,64,74,0,false,0
400.778,64,74,1,false,0
400.778,64,74,4,false,0
400.778,73,74,0,false,0
400.778,73,74,1,false,0
400.778,73,74,4,false,0
400.778,73,74,5,false,0
400.778,73,74,8,false,0
400.778,73,74,9,false,0
400.778,84,74,0,false,0
401.05,23,33,1,false,0
401.05,43,33,1,false,0
401.05,43,33,3,false,0
401.05,43,33,8,false,0
401.261,84,94,0,false,0
401.261,84,94,7,false,0
401.261,93,94,0,false,0
401.261,93,94,1,false,0
401.261,93,94,7,false,0
401.261,93,94,8,false,0
401.261,93,94,9,false,0
401.273,100,4294967295,1,false,0
401.321,2,3,0,false,0
401.321,2,3,1,false,0
401.321,2,3,2,false,0
401.321,2,3,3,false,0
401.321,2,3,4,false,0
401.321,2,3,6,false,0
401.321,2,3,7,false,0
401.321,2,3,8,false,0
401.321,2,3,9,false,0
401.321,13,3,3,false,0
401.321,13,3,4,false,0
401.321,13,3,6,false,0
401.321,13,3,7,false,0
401.321,13,3,8,false,0
401.321,13,3,9,false,0
401.354,74,84,2,false,0
401.354,74,84,3,false,0
401.354,83,84,1,false,0
401.354,83,84,2,false,0
401.354,83,84,3,false,0
401.354,83,84,4,false,0
401.354,83,84,5,false,0
401.354,83,84,8,false,0
401.354,83,84,9,false,0
401.554,54,64,9,false,0
401.625,13,23,3,false,0
401.625,13,23,6,false,0
401.625,13,23,8,false,0
401.625,22,23,3,false,0
401.625,22,23,6,false,0
401.625,22,23,8,false,0
401.625,33,23,6,false,0
401.828,100,4294967295,2,false,0
401.983,83,93,2,false,0
401.983,83,93,3,false,0
401.983,83,93,4,false,0
401.983,83,93,5,false,0
402.103,3,13,5,false,0
402.121,11,1,2,false,0
402.121,11,1,6,false,0
402.121,11,1,7,false,0
402.227,64,54,0,false,0
402.227,64,54,1,false,0
402.227,64,54,4,false,0
402.249,100,4294967295,3,false,0
402.633,100,4294967295,4,false,0
403.016,100,4294967295,5,false,0
403.039,64,74,0,false,0
403.039,64,74,1,false,0
403.039,64,74,4,false,0
403.039,84,74,0,false,0
403.298,100,4294967295,6,false,0
403.495,2,3,0,false,0
403.495,2,3,1,false,0
403.495,2,3,2,false,0
403.495,2,3,3,false,0
403.495,2,3,4,false,0
403.495,2,3,6,false,0
403.495,2,3,7,false,0
403.495,2,3,8,false,0
403.495,2,3,9,false,0
403.495,13,3,3,false,0
403.495,13,3,4,false,0
403.495,13,3,6,false,0
403.495,13,3,7,false,0
403.495,13,3,8,false,0
403.495,13,3,9,false,0
403.578,100,4294967295,7,false,0
403.735,84,94,0,false,0
403.735,84,94,7,false,0
403.776,100,4294967295,8,false,0
403.815,100,4294967295,9,false,0
403.844,23,33,1,false,0
403.844,32,33,1,false,0
403.844,32,33,3,false,0
403.844,32,33,8,false,0
403.844,43,33,1,false,0
403.844,43,33,3,false,0
403.844,43,33,8,false,0
403.852,100,4294967295,0,false,0
404.003,13,23,3,false,0
404.003,13,23,6,false,0
404.003,13,23,8,false,0
404.003,22,23,3,false,0
404.003,22,23,6,false,0
404.003,22,23,8,false,0
404.003,33,23,6,false,0
404.124,83,93,2,false,0
404.124,83,93,3,false,0
404.124,83,93,4,false,0
404.124,83,93,5,false,0
404.124,92,93,2,false,0
404.124,92,93,3,false,0
404.124,92,93,4,false,0
404.124,92,93,5,false,0
404.272,54,64,9,false,0
404.272,74,64,2,false,0
404.272,74,64,3,false,0
404.272,74,64,6,false,0
404.272,74,64,7,false,0
404.437,100,4294967295,1,false,0
404.623,3,13,5,false,0
404.623,23,13,0,false,0
404.623,23,13,1,false,0
404.623,23,13,2,false,0
404.623,23,13,5,false,0
404.992,100,4294967295,2,false,0
405.01,0,1,2,false,0
405.01,0,1,6,false,0
405.01,0,1,7,false,0
405.01,2,1,2,false,0
405.01,2,1,6,false,0
405.01,2,1,7,false,0
405.01,11,1,2,false,0
405.01,11,1,6,false,0
405.01,11,1,7,false,0
405.145,64,54,0,false,0
405.145,64,54,1,false,0
405.145,64,54,4,false,0
405.413,100,4294967295,3,false,0
405.588,73,74,0,false,0
405.588,73,74,1,false,0
405.588,73,74,4,false,0
405.588,73,74,5,false,0
405.588,73,74,8,false,0
405.588,73,74,9,false,0
405.588,84,74,0,false,0
405.797,100,4294967295,4,false,0
406.061,84,94,0,false,0
406.061,84,94,7,false,0
406.118,2,3,0,false,0
406.118,2,3,1,false,0
406.118,2,3,2,false,0
406.118,2,3,3,false,0
406.118,2,3,4,false,0
406.118,2,3,6,false,0
406.118,2,3,7,false,0
406.118,2,3,8,false,0
406.118,2,3,9,false,0
406.118,13,3,3,false,0
406.118,13,3,4,false,0
406.118,13,3,6,false,0
406.118,13,3,7,false,0
406.118,13,3,8,false,0
406.118,13,3,9,false,0
406.179,100,4294967295,5,false,0
406.425,54,64,9,false,0
406.425,63,64,2,false,0
406.425,63,64,3,false,0
406.425,63,64,6,false,0
406.425,63,64,7,false,0
406.425,63,64,8,false,0
406.425,63,64,9,false,0
406.462,100,4294967295,6,false,0
406.594,74,84,2,false,0
406.594,74,84,3,false,0
406.594,83,84,1,false,0
406.594,83,84,2,false,0
406.594,83,84,3,false,0
406.594,83,84,4,false,0
406.594,83,84,5,false,0
406.594,83,84,8,false,0
406.594,83,84,9,false,0
406.711,83,93,2,false,0
406.711,83,93,3,false,0
406.711,83,93,4,false,0
406.711,83,93,5,false,0
406.742,100,4294967295,7,false,0
406.872,13,23,3,false,0
406.872,13,23,6,false,0
406.872,13,23,8,false,0
406.872,22,23,3,false,0
406.872,22,23,6,false,0
406.872,22,23,8,false,0
406.872,33,23,6,false,0
406.94,100,4294967295,8,false,0
406.979,100,4294967295,9,false,0
407.016,100,4294967295,0,false,0
407.482,12,13,0,false,0
407.482,12,13,1,false,0
407.482,12,13,2,false,0
407.482,12,13,5,false,0
407.482,23,13,0,false,0
407.482,23,13,1,false,0
407.482,23,13,2,false,0
407.482,23,13,5,false,0
407.584,11,1,2,false,0
407.584,11,1,6,false,0
407.584,11,1,7,false,0
407.601,100,4294967295,1,false,0
407.794,64,74,0,false,0
407.794,64,74,1,false,0
407.794,64,74,4,false,0
407.794,73,74,0,false,0
407.794,73,74,1,false,0
407.794,73,74,4,false,0
407.794,73,74,5,false,0
407.794,73,74,8,false,0
407.794,73,74,9,false,0
407.794,84,74,0,false,0
408.156,100,4294967295,2,false,0
408.308,2,3,0,false,0
408.308,2,3,1,false,0
408.308,2,3,2,false,0
408.308,2,3,3,false,0
408.308,2,3,4,false,0
408.308,2,3,6,false,0
408.308,2,3,7,false,0
408.308,2,3,8,false,0
408.308,2,3,9,false,0
408.491,63,64,2,false,0
408.491,63,64,3,false,0
408.491,63,64,6,false,0
408.491,63,64,7,false,0
408.491,63,64,8,false,0
408.491,63,64,9,false,0
408.577,100,4294967295,3,false,0
408.651,23,33,1,false,0
408.651,32,33,1,false,0
408.651,32,33,3,false,0
408.651,32,33,8,false,0
408.651,43,33,1,false,0
408.651,43,33,3,false,0
408.651,43,33,8,false,0
408.688,84,94,0,false,0
408.688,84,94,7,false,0
408.688,93,94,0,false,0
408.688,93,94,1,false,0
408.688,93,94,7,false,0
408.688,93,94,8,false,0
408.688,93,94,9,false,0
408.943,13,23,3,false,0
408.943,13,23,6,false,0
408.943,13,23,8,false,0
408.943,22,23,3,false,0
408.943,22,23,6,false,0
408.943,22,23,8,false,0
408.961,100,4294967295,4,false,0
409.237,83,93,2,false,0
409.237,83,93,3,false,0
409.237,83,93,4,false,0
409.237,83,93,5,false,0
409.237,92,93,2,false,0
409.237,92,93,3,false,0
409.237,92,93,4,false,0
409.237,92,93,5,false,0
409.343,100,4294967295,5,false,0
409.573,53,54,0,false,0
409.573,53,54,1,false,0
409.573,53,54,3,false,0
409.573,53,54,4,false,0
409.573,53,54,5,false,0
409.573,53,54,6,false,0
409.573,53,54,7,false,0
409.573,53,54,8,false,0
409.573,64,54,0,false,0
409.573,64,54,1,false,0
409.573,64,54,4,false,0
409.583,23,13,0,false,0
409.583,23,13,1,false,0
409.583,23,13,2,false,0
409.583,23,13,5,false,0
409.625,100,4294967295,6,false,0
409.905,100,4294967295,7,false,0
409.952,2,1,2,false,0
409.952,2,1,6,false,0
409.952,2,1,7,false,0
409.952,11,1,2,false,0
409.952,11,1,6,false,0
409.952,11,1,7,false,0
410.104,100,4294967295,8,false,0
410.143,100,4294967295,9,false,0
410.18,100,4294967295,0,false,0
410.215,64,74,0,false,0
410.215,64,74,1,false,0
410.215,64,74,4,false,0
410.54,2,3,0,false,0
410.54,2,3,1,false,0
410.54,2,3,2,false,0
410.54,2,3,3,false,0
410.54,2,3,4,false,0
410.54,2,3,6,false,0
410.54,2,3,7,false,0
410.54,2,3,8,false,0
410.54,2,3,9,false,0
410.765,100,4294967295,1,false,0
410.894,23,33,1,false,0
410.894,32,33,1,false,0
410.894,32,33,3,false,0
410.894,32,33,8,false,0
410.894,43,33,1,false,0
410.894,43,33,3,false,0
410.894,43,33,8,false,0
411.32,100,4294967295,2,false,0
411.344,54,64,9,false,0
411.344,63,64,2,false,0
411.344,63,64,3,false,0
411.344,63,64,6,false,0
411.344,63,64,7,false,0
411.344,63,64,8,false,0
411.344,63,64,9,false,0
411.344,74,64,2,false,0
411.344,74,64,3,false,0
411.344,74,64,6,false,0
411.344,74,64,7,false,0
411.355,13,23,3,false,0
411.355,13,23,6,false,0
411.355,13,23,8,false,0
411.355,22,23,3,false,0
411.355,22,23,6,false,0
411.355,22,23,8,false,0
411.355,33,23,6,false,0
411.459,84,94,0,false,0
411.459,84,94,7,false,0
411.459,93,94,0,false,0
411.459,93,94,1,false,0
411.459,93,94,7,false,0
411.459,93,94,8,false,0
411.459,93,94,9,false,0
411.474,83,93,2,false,0
411.474,83,93,3,false,0
411.474,83,93,4,false,0
411.474,83,93,5,false,0
411.474,92,93,2,false,0
411.474,92,93,3,false,0
411.474,92,93,4,false,0
411.474,92,93,5,false,0
411.741,100,4294967295,3,false,0
411.755,74,84,2,false,0
411.755,74,84,3,false,0
411.755,83,84,1,false,0
411.755,83,84,2,false,0
411.755,83,84,3,false,0
411.755,83,84,4,false,0
411.755,83,84,5,false,0
411.755,83,84,8,false,0
411.755,83,84,9,false,0
412.109,3,13,5,false,0
412.109,12,13,0,false,0
412.109,12,13,1,false,0
412.109,12,13,2,false,0
412.109,12,13,5,false,0
412.125,100,4294967295,4,false,0
412.395,64,74,0,false,0
412.395,64,74,1,false,0
412.395,64,74,4,false,0
412.417,0,1,2,false,0
412.417,0,1,6,false,0
412.417,0,1,7,false,0
412.417,2,1,2,false,0
412.417,2,1,6,false,0
412.417,2,1,7,false,0
412.417,11,1,2,false,0
412.417,11,1,6,false,0
412.417,11,1,7,false,0
412.507,100,4294967295,5,false,0
412.789,100,4294967295,6,false,0
413.069,100,4294967295,7,false,0
413.164,2,3,0,false,0
413.164,2,3,1,false,0
413.164,2,3,2,false,0
413.164,2,3,3,false,0
413.164,2,3,4,false,0
413.164,2,3,6,false,0
413.164,2,3,7,false,0
413.164,2,3,8,false,0
413.164,2,3,9,false,0
413.221,23,33,1,false,0
413.221,43,33,1,false,0
413.221,43,33,3,false,0
413.221,43,33,8,false,0
413.267,100,4294967295,8,false,0
413.307,100,4294967295,9,false,0
413.344,100,4294967295,0,false,0
413.622,13,23,3,false,0
413.622,13,23,6,false,0
413.622,13,23,8,false,0
413.622,33,23,6,false,0
413.886,84,94,0,false,0
413.886,84,94,7,false,0
413.886,93,94,0,false,0
413.886,93,94,1,false,0
413.886,93,94,7,false,0
413.886,93,94,8,false,0
413.886,93,94,9,false,0
413.929,100,4294967295,1,false,0
414.455,12,13,0,false,0
414.455,12,13,1,false,0
414.455,12,13,2,false,0
414.455,12,13,5,false,0
414.455,23,13,0,false,0
414.455,23,13,1,false,0
414.455,23,13,2,false,0
414.455,23,13,5,false,0
414.468,83,93,2,false,0
414.468,83,93,3,false,0
414.468,83,93,4,false,0
414.468,83,93,5,false,0
414.468,92,93,2,false,0
414.468,92,93,3,false,0
414.468,92,93,4,false,0
414.468,92,93,5,false,0
414.483,100,4294967295,2,false,0
414.532,0,1,2,false,0
414.532,0,1,6,false,0
414.532,0,1,7,false,0
414.609,74,84,2,false,0
414.609,74,84,3,false,0
414.609,83,84,1,false,0
414.609,83,84,2,false,0
414.609,83,84,3,false,0
414.609,83,84,4,false,0
414.609,83,84,5,false,0
414.609,83,84,8,false,0
414.609,83,84,9,false,0
414.752,53,54,0,false,0
414.752,53,54,1,false,0
414.752,53,54,3,false,0
414.752,53,54,4,false,0
414.752,53,54,5,false,0
414.752,53,54,6,false,0
414.752,53,54,7,false,0
414.752,53,54,8,false,0
414.752,64,54,0,false,0
414.752,64,54,1,false,0
414.752,64,54,4,false,0
414.905,100,4294967295,3,false,0
415.178,84,74,0,false,0
415.2,2,3,0,false,0
415.2,2,3,1,false,0
415.2,2,3,2,false,0
415.2,2,3,3,false,0
415.2,2,3,4,false,0
415.2,2,3,6,false,0
415.2,2,3,7,false,0
415.2,2,3,8,false,0
415.2,2,3,9,false,0
415.2,13,3,3,false,0
415.2,13,3,4,false,0
415.2,13,3,6,false,0
415.2,13,3,7,false,0
415.2,13,3,8,false,0
415.2,13,3,9,false,0
415.289,100,4294967295,4,false,0
415.671,100,4294967295,5,false,0
415.827,43,33,1,false,0
415.827,43,33,3,false,0
415.827,43,33,8,false,0
415.953,100,4294967295,6,false,0
416.143,93,94,0,false,0
416.143,93,94,1,false,0
416.143,93,94,7,false,0
416.143,93,94,8,false,0
416.143,93,94,9,false,0
416.233,100,4294967295,7,false,0
416.277,13,23,3,false,0
416.277,13,23,6,false,0
416.277,13,23,8,false,0
416.277,22,23,3,false,0
416.277,22,23,6,false,0
416.277,22,23,8,false,0
416.277,33,23,6,false,0
416.431,100,4294967295,8,false,0
416.471,100,4294967295,9,false,0
416.508,100,4294967295,0,false,0
416.7,2,1,2,false,0
416.7,2,1,6,false,0
416.7,2,1,7,false,0
416.706,54,64,9,false,0
416.706,63,64,2,false,0
416.706,63,64,3,false,0
416.706,63,64,6,false,0
416.706,63,64,7,false,0
416.706,63,64,8,false,0
416.706,63,64,9,false,0
416.798,74,84,2,false,0
416.798,74,84,3,false,0
417.093,100,4294967295,1,false,0
417.278,3,13,5,false,0
417.278,23,13,0,false,0
417.278,23,13,1,false,0
417.278,23,13,2,false,0
417.278,23,13,5,false,0
417.647,100,4294967295,2,false,0
417.672,64,74,0,false,0
417.672,64,74,1,false,0
417.672,64,74,4,false,0
417.672,84,74,0,false,0
417.99,23,33,1,false,0
417.99,32,33,1,false,0
417.99,32,33,3,false,0
417.99,32,33,8,false,0
418.069,100,4294967295,3,false,0
418.453,100,4294967295,4,false,0
418.697,22,23,3,false,0
418.697,22,23,6,false,0
418.697,22,23,8,false,0
418.697,33,23,6,false,0
418.797,74,64,2,false,0
418.797,74,64,3,false,0
418.797,74,64,6,false,0
418.797,74,64,7,false,0
418.835,100,4294967295,5,false,0
418.949,84,94,0,false,0
418.949,84,94,7,false,0
418.949,93,94,0,false,0
418.949,93,94,1,false,0
418.949,93,94,7,false,0
418.949,93,94,8,false,0
418.949,93,94,9,false,0
419.117,100,4294967295,6,false,0
419.326,74,84,2,false,0
419.326,74,84,3,false,0
419.326,83,84,1,false,0
419.326,83,84,2,false,0
419.326,83,84,3,false,0
419.326,83,84,4,false,0
419.326,83,84,5,false,0
419.326,83,84,8,false,0
419.326,83,84,9,false,0
419.397,100,4294967295,7,false,0
419.595,100,4294967295,8,false,0
419.635,100,4294967295,9,false,0
419.637,0,1,2,false,0
419.637,0,1,6,false,0
419.637,0,1,7,false,0
419.637,2,1,2,false,0
419.637,2,1,6,false,0
419.637,2,1,7,false,0
419.671,100,4294967295,0,false,0
419.955,84,74,0,false,0
420.242,3,13,5,false,0
420.242,12,13,0,false,0
420.242,12,13,1,false,0
420.242,12,13,2,false,0
420.242,12,13,5,false,0
420.257,100,4294967295,1,false,0
420.644,32,33,1,false,0
420.644,32,33,3,false,0
420.644,32,33,8,false,0
420.644,43,33,1,false,0
420.644,43,33,3,false,0
420.644,43,33,8,false,0
420.7,53,54,0,false,0
420.7,53,54,1,false,0
420.7,53,54,3,false,0
420.7,53,54,4,false,0
420.7,53,54,5,false,0
420.7,53,54,6,false,0
420.7,53,54,7,false,0
420.7,53,54,8,false,0
420.811,100,4294967295,2,false,0
420.863,13,23,3,false,0
420.863,13,23,6,false,0
420.863,13,23,8,false,0
420.863,22,23,3,false,0
420.863,22,23,6,false,0
420.863,22,23,8,false,0
420.863,33,23,6,false,0
421.233,100,4294967295,3,false,0
421.577,74,84,2,false,0
421.577,74,84,3,false,0
421.616,100,4294967295,4,false,0
421.655,54,64,9,false,0
421.655,63,64,2,false,0
421.655,63,64,3,false,0
421.655,63,64,6,false,0
421.655,63,64,7,false,0
421.655,63,64,8,false,0
421.655,63,64,9,false,0
421.655,74,64,2,false,0
421.655,74,64,3,false,0
421.655,74,64,6,false,0
421.655,74,64,7,false,0
421.802,84,94,0,false,0
421.802,84,94,7,false,0
421.999,100,4294967295,5,false,0
422.245,73,74,0,false,0
422.245,73,74,1,false,0
422.245,73,74,4,false,0
422.245,73,74,5,false,0
422.245,73,74,8,false,0
422.245,73,74,9,false,0
422.281,100,4294967295,6,false,0
422.45,0,1,2,false,0
422.45,0,1,6,false,0
422.45,0,1,7,false,0
422.45,2,1,2,false,0
422.45,2,1,6,false,0
422.45,2,1,7,false,0
422.45,11,1,2,false,0
422.45,11,1,6,false,0
422.45,11,1,7,false,0
422.561,100,4294967295,7,false,0
422.605,83,93,2,false,0
422.605,83,93,3,false,0
422.605,83,93,4,false,0
422.605,83,93,5,false,0
422.605,92,93,2,false,0
422.605,92,93,3,false,0
422.605,92,93,4,false,0
422.605,92,93,5,false,0
422.759,100,4294967295,8,false,0
422.774,23,33,1,false,0
422.774,43,33,1,false,0
422.774,43,33,3,false,0
422.774,43,33,8,false,0
422.799,100,4294967295,9,false,0
422.835,100,4294967295,0,false,0
423.124,2,3,0,false,0
423.124,2,3,1,false,0
423.124,2,3,2,false,0
423.124,2,3,3,false,0
423.124,2,3,4,false,0
423.124,2,3,6,false,0
423.124,2,3,7,false,0
423.124,2,3,8,false,0
423.124,2,3,9,false,0
423.124,13,3,3,false,0
423.124,13,3,4,false,0
423.124,13,3,6,false,0
423.124,13,3,7,false,0
423.124,13,3,8,false,0
423.124,13,3,9,false,0
423.126,3,13,5,false,0
423.126,12,13,0,false,0
423.126,12,13,1,false,0
423.126,12,13,2,false,0
423.126,12,13,5,false,0
423.126,23,13,0,false,0
423.126,23,13,1,false,0
423.126,23,13,2,false,0
423.126,23,13,5,false,0
423.421,100,4294967295,1,false,0
423.662,53,54,0,false,0
423.662,53,54,1,false,0
423.662,53,54,3,false,0
423.662,53,54,4,false,0
423.662,53,54,5,false,0
423.662,53,54,6,false,0
423.662,53,54,7,false,0
423.662,53,54,8,false,0
423.662,64,54,0,false,0
423.662,64,54,1,false,0
423.662,64,54,4,false,0
423.975,100,4294967295,2,false,0
424.14,63,64,2,false,0
424.14,63,64,3,false,0
424.14,63,64,6,false,0
424.14,63,64,7,false,0
424.14,63,64,8,false,0
424.14,63,64,9,false,0
424.14,74,64,2,false,0
424.14,74,64,3,false,0
424.14,74,64,6,false,0
424.14,74,64,7,false,0
424.169,74,84,2,false,0
424.169,74,84,3,false,0
424.397,100,4294967295,3,false,0
424.569,93,94,0,false,0
424.569,93,94,1,false,0
424.569,93,94,7,false,0
424.569,93,94,8,false,0
424.569,93,94,9,false,0
424.78,100,4294967295,4,false,0
425.017,0,1,2,false,0
425.017,0,1,6,false,0
425.017,0,1,7,false,0
425.017,2,1,2,false,0
425.017,2,1,6,false,0
425.017,2,1,7,false,0
425.017,11,1,2,false,0
425.017,11,1,6,false,0
425.017,11,1,7,false,0
425.023,23,33,1,false,0
425.163,100,4294967295,5,false,0
425.269,83,93,2,false,0
425.269,83,93,3,false,0
425.269,83,93,4,false,0
425.269,83,93,5,false,0
425.31,13,3,3,false,0
425.31,13,3,4,false,0
425.31,13,3,6,false,0
425.31,13,3,7,false,0
425.31,13,3,8,false,0
425.31,13,3,9,false,0
425.445,100,4294967295,6,false,0
425.563,33,23,6,false,0
425.725,100,4294967295,7,false,0
425.793,3,13,5,false,0
425.793,12,13,0,false,0
425.793,12,13,1,false,0
425.793,12,13,2,false,0
425.793,12,13,5,false,0
425.793,23,13,0,false,0
425.793,23,13,1,false,0
425.793,23,13,2,false,0
425.793,23,13,5,false,0
425.92,53,54,0,false,0
425.92,53,54,1,false,0
425.92,53,54,3,false,0
425.92,53,54,4,false,0
425.92,53,54,5,false,0
425.92,53,54,6,false,0
425.92,53,54,7,false,0
425.92,53,54,8,false,0
425.92,64,54,0,false,0
425.92,64,54,1,false,0
425.92,64,54,4,false,0
425.923,100,4294967295,8,false,0
425.963,100,4294967295,9,false,0
425.999,100,4294967295,0,false,0
426.584,100,4294967295,1,false,0
426.588,63,64,2,false,0
426.588,63,64,3,false,0
426.588,63,64,6,false,0
426.588,63,64,7,false,0
426.588,63,64,8,false,0
426.588,63,64,9,false,0
426.588,74,64,2,false,0
426.588,74,64,3,false,0
426.588,74,64,6,false,0
426.588,74,64,7,false,0
426.671,84,94,0,false,0
426.671,84,94,7,false,0
426.671,93,94,0,false,0
426.671,93,94,1,false,0
426.671,93,94,7,false,0
426.671,93,94,8,false,0
426.671,93,94,9,false,0
426.974,74,84,2,false,0
426.974,74,84,3,false,0
427.139,100,4294967295,2,false,0
427.22,84,74,0,false,0
427.241,23,33,1,false,0
427.241,32,33,1,false,0
427.241,32,33,3,false,0
427.241,32,33,8,false,0
427.241,43,33,1,false,0
427.241,43,33,3,false,0
427.241,43,33,8,false,0
427.433,2,3,0,false,0
427.433,2,3,1,false,0
427.433,2,3,2,false,0
427.433,2,3,3,false,0
427.433,2,3,4,false,0
427.433,2,3,6,false,0
427.433,2,3,7,false,0
427.433,2,3,8,false,0
427.433,2,3,9,false,0
427.561,100,4294967295,3,false,0
427.885,0,1,2,false,0
427.885,0,1,6,false,0
427.885,0,1,7,false,0
427.885,11,1,2,false,0
427.885,11,1,6,false,0
427.885,11,1,7,false,0
427.944,100,4294967295,4,false,0
428.201,13,23,3,false,0
428.201,13,23,6,false,0
428.201,13,23,8,false,0
428.218,3,13,5,false,0
428.249,83,93,2,false,0
428.249,83,93,3,false,0
428.249,83,93,4,false,0
428.249,83,93,5,false,0
428.249,92,93,2,false,0
428.249,92,93,3,false,0
428.249,92,93,4,false,0
428.249,92,93,5,false,0
428.327,100,4294967295,5,false,0
428.609,100,4294967295,6,false,0
428.656,54,64,9,false,0
428.889,100,4294967295,7,false,0
429.081,74,84,2,false,0
429.081,74,84,3,false,0
429.081,83,84,1,false,0
429.081,83,84,2,false,0
429.081,83,84,3,false,0
429.081,83,84,4,false,0
429.081,83,84,5,false,0
429.081,83,84,8,false,0
429.081,83,84,9,false,0
429.087,100,4294967295,8,false,0
429.127,100,4294967295,9,false,0
429.163,100,4294967295,0,false,0
429.288,84,94,0,false,0
429.288,84,94,7,false,0
429.288,93,94,0,false,0
429.288,93,94,1,false,0
429.288,93,94,7,false,0
429.288,93,94,8,false,0
429.288,93,94,9,false,0
429.497,32,33,1,false,0
429.497,32,33,3,false,0
429.497,32,33,8,false,0
429.497,43,33,1,false,0
429.497,43,33,3,false,0
429.497,43,33,8,false,0
429.725,84,74,0,false,0
429.748,100,4294967295,1,false,0
429.914,2,3,0,false,0
429.914,2,3,1,false,0
429.914,2,3,2,false,0
429.914,2,3,3,false,0
429.914,2,3,4,false,0
429.914,2,3,6,false,0
429.914,2,3,7,false,0
429.914,2,3,8,false,0
429.914,2,3,9,false,0
429.914,13,3,3,false,0
429.914,13,3,4,false,0
429.914,13,3,6,false,0
429.914,13,3,7,false,0
429.914,13,3,8,false,0
429.914,13,3,9,false,0
430.303,100,4294967295,2,false,0
430.425,0,1,2,false,0
430.425,0,1,6,false,0
430.425,0,1,7,false,0
430.447,22,23,3,false,0
430.447,22,23,6,false,0
430.447,22,23,8,false,0
430.447,33,23,6,false,0
430.725,100,4294967295,3,false,0
430.772,74,64,2,false,0
430.772,74,64,3,false,0
430.772,74,64,6,false,0
430.772,74,64,7,false,0
430.837,53,54,0,false,0
430.837,53,54,1,false,0
430.837,53,54,3,false,0
430.837,53,54,4,false,0
430.837,53,54,5,false,0
430.837,53,54,6,false,0
430.837,53,54,7,false,0
430.837,53,54,8,false,0
430.837,64,54,0,false,0
430.837,64,54,1,false,0
430.837,64,54,4,false,0
431.1,12,13,0,false,0
431.1,12,13,1,false,0
431.1,12,13,2,false,0
431.1,12,13,5,false,0
431.108,100,4294967295,4,false,0
431.491,100,4294967295,5,false,0
431.52,23,33,1,false,0
431.52,43,33,1,false,0
431.52,43,33,3,false,0
431.52,43,33,8,false,0
431.773,100,4294967295,6,false,0
431.943,74,84,2,false,0
431.943,74,84,3,false,0
432.053,100,4294967295,7,false,0
432.088,73,74,0,false,0
432.088,73,74,1,false,0
432.088,73,74,4,false,0
432.088,73,74,5,false,0
432.088,73,74,8,false,0
432.088,73,74,9,false,0
432.239,2,3,0,false,0
432.239,2,3,1,false,0
432.239,2,3,2,false,0
432.239,2,3,3,false,0
432.239,2,3,4,false,0
432.239,2,3,6,false,0
432.239,2,3,7,false,0
432.239,2,3,8,false,0
432.239,2,3,9,false,0
432.239,13,3,3,false,0
432.239,13,3,4,false,0
432.239,13,3,6,false,0
432.239,13,3,7,false,0
432.239,13,3,8,false,0
432.239,13,3,9,false,0
432.251,100,4294967295,8,false,0
432.279,84,94,0,false,0
432.279,84,94,7,false,0
432.29,100,4294967295,9,false,0
432.327,100,4294967295,0,false,0
432.658,13,23,3,false,0
432.658,13,23,6,false,0
432.658,13,23,8,false,0
432.658,22,23,3,false,0
432.658,22,23,6,false,0
432.658,22,23,8,false,0
432.658,33,23,6,false,0
432.755,83,93,2,false,0
432.755,83,93,3,false,0
432.755,83,93,4,false,0
432.755,83,93,5,false,0
432.912,100,4294967295,1,false,0
433.41,0,1,2,false,0
433.41,0,1,6,false,0
433.41,0,1,7,false,0
433.467,100,4294967295,2,false,0
433.632,3,13,5,false,0
433.632,12,13,0,false,0
433.632,12,13,1,false,0
433.632,12,13,2,false,0
433.632,12,13,5,false,0
433.632,23,13,0,false,0
433.632,23,13,1,false,0
433.632,23,13,2,false,0
433.632,23,13,5,false,0
433.711,23,33,1,false,0
433.711,43,33,1,false,0
433.711,43,33,3,false,0
433.711,43,33,8,false,0
433.716,54,64,9,false,0
433.888,100,4294967295,3,false,0
434.272,100,4294967295,4,false,0
434.533,74,84,2,false,0
434.533,74,84,3,false,0
434.533,83,84,1,false,0
434.533,83,84,2,false,0
434.533,83,84,3,false,0
434.533,83,84,4,false,0
434.533,83,84,5,false,0
434.533,83,84,8,false,0
434.533,83,84,9,false,0
434.596,2,3,0,false,0
434.596,2,3,1,false,0
434.596,2,3,2,false,0
434.596,2,3,3,false,0
434.596,2,3,4,false,0
434.596,2,3,6,false,0
434.596,2,3,7,false,0
434.596,2,3,8,false,0
434.596,2,3,9,false,0
434.596,13,3,3,false,0
434.596,13,3,4,false,0
434.596,13,3,6,false,0
434.596,13,3,7,false,0
434.596,13,3,8,false,0
434.596,13,3,9,false,0
434.605,84,94,0,false,0
434.605,84,94,7,false,0
434.605,93,94,0,false,0
434.605,93,94,1,false,0
434.605,93,94,7,false,0
434.605,93,94,8,false,0
434.605,93,94,9,false,0
434.655,100,4294967295,5,false,0
434.786,73,74,0,false,0
434.786,73,74,1,false,0
434.786,73,74,4,false,0
434.786,73,74,5,false,0
434.786,73,74,8,false,0
434.786,73,74,9,false,0
434.83,83,93,2,false,0
434.83,83,93,3,false,0
434.83,83,93,4,false,0
434.83,83,93,5,false,0
434.83,92,93,2,false,0
434.83,92,93,3,false,0
434.83,92,93,4,false,0
434.83,92,93,5,false,0
434.937,100,4294967295,6,false,0
435.192,13,23,3,false,0
435.192,13,23,6,false,0
435.192,13,23,8,false,0
435.192,22,23,3,false,0
435.192,22,23,6,false,0
435.192,22,23,8,false,0
435.217,100,4294967295,7,false,0
435.415,100,4294967295,8,false,0
435.454,100,4294967295,9,false,0
435.491,100,4294967295,0,false,0
435.699,2,1,2,false,0
435.699,2,1,6,false,0
435.699,2,1,7,false,0
435.753,23,33,1,false,0
435.753,43,33,1,false,0
435.753,43,33,3,false,0
435.753,43,33,8,false,0
435.839,53,54,0,false,0
435.839,53,54,1,false,0
435.839,53,54,3,false,0
435.839,53,54,4,false,0
435.839,53,54,5,false,0
435.839,53,54,6,false,0
435.839,53,54,7,false,0
435.839,53,54,8,false,0
436.076,100,4294967295,1,false,0
436.222,54,64,9,false,0
436.222,63,64,2,false,0
436.222,63,64,3,false,0
436.222,63,64,6,false,0
436.222,63,64,7,false,0
436.222,63,64,8,false,0
436.222,63,64,9,false,0
436.313,3,13,5,false,0
436.313,12,13,0,false,0
436.313,12,13,1,false,0
436.313,12,13,2,false,0
436.313,12,13,5,false,0
436.631,100,4294967295,2,false,0
436.851,64,74,0,false,0
436.851,64,74,1,false,0
436.851,64,74,4,false,0
436.851,73,74,0,false,0
436.851,73,74,1,false,0
436.851,73,74,4,false,0
436.851,73,74,5,false,0
436.851,73,74,8,false,0
436.851,73,74,9,false,0
436.851,84,74,0,false,0
436.935,2,3,0,false,0
436.935,2,3,1,false,0
436.935,2,3,2,false,0
436.935,2,3,3,false,0
436.935,2,3,4,false,0
436.935,2,3,6,false,0
436.935,2,3,7,false,0
436.935,2,3,8,false,0
436.935,2,3,9,false,0
436.935,13,3,3,false,0
436.935,13,3,4,false,0
436.935,13,3,6,false,0
436.935,13,3,7,false,0
436.935,13,3,8,false,0
436.935,13,3,9,false,0
437.052,100,4294967295,3,false,0
437.228,33,23,6,false,0
437.259,84,94,0,false,0
437.259,84,94,7,false,0
437.259,93,94,0,false,0
437.259,93,94,1,false,0
437.259,93,94,7,false,0
437.259,93,94,8,false,0
437.259,93,94,9,false,0
437.338,74,84,2,false,0
437.338,74,84,3,false,0
437.338,83,84,1,false,0
437.338,83,84,2,false,0
437.338,83,84,3,false,0
437.338,83,84,4,false,0
437.338,83,84,5,false,0
437.338,83,84,8,false,0
437.338,83,84,9,false,0
437.436,100,4294967295,4,false,0
437.819,100,4294967295,5,false,0
438.101,100,4294967295,6,false,0
438.227,23,33,1,false,0
438.227,43,33,1,false,0
438.227,43,33,3,false,0
438.227,43,33,8,false,0
438.381,100,4294967295,7,false,0
438.579,100,4294967295,8,false,0
438.618,100,4294967295,9,false,0
438.65,53,54,0,false,0
438.65,53,54,1,false,0
438.65,53,54,3,false,0
438.65,53,54,4,false,0
438.65,53,54,5,false,0
438.65,53,54,6,false,0
438.65,53,54,7,false,0
438.65,53,54,8,false,0
438.65,64,54,0,false,0
438.65,64,54,1,false,0
438.65,64,54,4,false,0
438.655,100,4294967295,0,false,0
438.689,0,1,2,false,0
438.689,0,1,6,false,0
438.689,0,1,7,false,0
438.689,2,1,2,false,0
438.689,2,1,6,false,0
438.689,2,1,7,false,0
438.689,11,1,2,false,0
438.689,11,1,6,false,0
438.689,11,1,7,false,0
438.96,3,13,5,false,0
438.96,23,13,0,false,0
438.96,23,13,1,false,0
438.96,23,13,2,false,0
438.96,23,13,5,false,0
439.028,64,74,0,false,0
439.028,64,74,1,false,0
439.028,64,74,4,false,0
439.028,73,74,0,false,0
439.028,73,74,1,false,0
439.028,73,74,4,false,0
439.028,73,74,5,false,0
439.028,73,74,8,false,0
439.028,73,74,9,false,0
439.028,84,74,0,false,0
439.063,2,3,0,false,0
439.063,2,3,1,false,0
439.063,2,3,2,false,0
439.063,2,3,3,false,0
439.063,2,3,4,false,0
439.063,2,3,6,false,0
439.063,2,3,7,false,0
439.063,2,3,8,false,0
439.063,2,3,9,false,0
439.063,13,3,3,false,0
439.063,13,3,4,false,0
439.063,13,3,6,false,0
439.063,13,3,7,false,0
439.063,13,3,8,false,0
439.063,13,3,9,false,0
439.111,63,64,2,false,0
439.111,63,64,3,false,0
439.111,63,64,6,false,0
439.111,63,64,7,false,0
439.111,63,64,8,false,0
439.111,63,64,9,false,0
439.111,74,64,2,false,0
439.111,74,64,3,false,0
439.111,74,64,6,false,0
439.111,74,64,7,false,0
439.24,100,4294967295,1,false,0
439.26,84,94,0,false,0
439.26,84,94,7,false,0
439.26,93,94,0,false,0
439.26,93,94,1,false,0
439.26,93,94,7,false,0
439.26,93,94,8,false,0
439.26,93,94,9,false,0
439.467,13,23,3,false,0
439.467,13,23,6,false,0
439.467,13,23,8,false,0
439.467,22,23,3,false,0
439.467,22,23,6,false,0
439.467,22,23,8,false,0
439.467,33,23,6,false,0
439.795,100,4294967295,2,false,0
439.858,74,84,2,false,0
439.858,74,84,3,false,0
439.858,83,84,1,false,0
439.858,83,84,2,false,0
439.858,83,84,3,false,0
439.858,83,84,4,false,0
439.858,83,84,5,false,0
439.858,83,84,8,false,0
439.858,83,84,9,false,0
440.096,83,93,2,false,0
440.096,83,93,3,false,0
440.096,83,93,4,false,0
440.096,83,93,5,false,0
440.096,92,93,2,false,0
440.096,92,93,3,false,0
440.096,92,93,4,false,0
440.096,92,93,5,false,0
440.216,100,4294967295,3,false,0
440.236,23,33,1,false,0
440.236,43,33,1,false,0
440.236,43,33,3,false,0
440.236,43,33,8,false,0
440.6,100,4294967295,4,false,0
440.982,100,4294967295,5,false,0
441.202,2,3,0,false,0
441.202,2,3,1,false,0
441.202,2,3,2,false,0
441.202,2,3,3,false,0
441.202,2,3,4,false,0
441.202,2,3,6,false,0
441.202,2,3,7,false,0
441.202,2,3,8,false,0
441.202,2,3,9,false,0
441.242,3,13,5,false,0
441.242,12,13,0,false,0
441.242,12,13,1,false,0
441.242,12,13,2,false,0
441.242,12,13,5,false,0
441.264,100,4294967295,6,false,0
441.277,93,94,0,false,0
441.277,93,94,1,false,0
441.277,93,94,7,false,0
441.277,93,94,8,false,0
441.277,93,94,9,false,0
441.465,54,64,9,false,0
441.53,64,54,0,false,0
441.53,64,54,1,false,0
441.53,64,54,4,false,0
441.544,100,4294967295,7,false,0
441.602,13,23,3,false,0
441.602,13,23,6,false,0
441.602,13,23,8,false,0
441.602,22,23,3,false,0
441.602,22,23,6,false,0
441.602,22,23,8,false,0
441.602,33,23,6,false,0
441.743,100,4294967295,8,false,0
441.782,100,4294967295,9,false,0
441.819,100,4294967295,0,false,0
441.829,64,74,0,false,0
441.829,64,74,1,false,0
441.829,64,74,4,false,0
442.351,83,84,1,false,0
442.351,83,84,2,false,0
442.351,83,84,3,false,0
442.351,83,84,4,false,0
442.351,83,84,5,false,0
442.351,83,84,8,false,0
442.351,83,84,9,false,0
442.404,100,4294967295,1,false,0
442.618,43,33,1,false,0
442.618,43,33,3,false,0
442.618,43,33,8,false,0
442.704,83,93,2,false,0
442.704,83,93,3,false,0
442.704,83,93,4,false,0
442.704,83,93,5,false,0
442.704,92,93,2,false,0
442.704,92,93,3,false,0
442.704,92,93,4,false,0
442.704,92,93,5,false,0
442.959,100,4294967295,2,false,0
443.38,100,4294967295,3,false,0
443.41,93,94,0,false,0
443.41,93,94,1,false,0
443.41,93,94,7,false,0
443.41,93,94,8,false,0
443.41,93,94,9,false,0
443.653,0,1,2,false,0
443.653,0,1,6,false,0
443.653,0,1,7,false,0
443.653,2,1,2,false,0
443.653,2,1,6,false,0
443.653,2,1,7,false,0
443.653,11,1,2,false,0
443.653,11,1,6,false,0
443.653,11,1,7,false,0
443.69,63,64,2,false,0
443.69,63,64,3,false,0
443.69,63,64,6,false,0
443.69,63,64,7,false,0
443.69,63,64,8,false,0
443.69,63,64,9,false,0
443.69,74,64,2,false,0
443.69,74,64,3,false,0
443.69,74,64,6,false,0
443.69,74,64,7,false,0
443.764,100,4294967295,4,false,0
443.798,13,3,3,false,0
443.798,13,3,4,false,0
443.798,13,3,6,false,0
443.798,13,3,7,false,0
443.798,13,3,8,false,0
443.798,13,3,9,false,0
443.895,3,13,5,false,0
443.895,12,13,0,false,0
443.895,12,13,1,false,0
443.895,12,13,2,false,0
443.895,12,13,5,false,0
443.895,23,13,0,false,0
443.895,23,13,1,false,0
443.895,23,13,2,false,0
443.895,23,13,5,false,0
443.904,13,23,3,false,0
443.904,13,23,6,false,0
443.904,13,23,8,false,0
443.977,64,74,0,false,0
443.977,64,74,1,false,0
443.977,64,74,4,false,0
443.977,73,74,0,false,0
443.977,73,74,1,false,0
443.977,73,74,4,false,0
443.977,73,74,5,false,0
443.977,73,74,8,false,0
443.977,73,74,9,false,0
443.995,53,54,0,false,0
443.995,53,54,1,false,0
443.995,53,54,3,false,0
443.995,53,54,4,false,0
443.995,53,54,5,false,0
443.995,53,54,6,false,0
443.995,53,54,7,false,0
443.995,53,54,8,false,0
443.995,64,54,0,false,0
443.995,64,54,1,false,0
443.995,64,54,4,false,0
444.146,100,4294967295,5,false,0
444.428,100,4294967295,6,false,0
444.641,23,33,1,false,0
444.641,32,33,1,false,0
444.641,32,33,3,false,0
444.641,32,33,8,false,0
444.708,100,4294967295,7,false,0
444.907,100,4294967295,8,false,0
444.946,100,4294967295,9,false,0
444.974,83,93,2,false,0
444.974,83,93,3,false,0
444.974,83,93,4,false,0
444.974,83,93,5,false,0
444.974,92,93,2,false,0
444.974,92,93,3,false,0
444.974,92,93,4,false,0
444.974,92,93,5,false,0
444.983,100,4294967295,0,false,0
445.568,100,4294967295,1,false,0
445.88,54,64,9,false,0
445.88,74,64,2,false,0
445.88,74,64,3,false,0
445.88,74,64,6,false,0
445.88,74,64,7,false,0
446.09,13,23,3,false,0
446.09,13,23,6,false,0
446.09,13,23,8,false,0
446.09,33,23,6,false,0
446.123,100,4294967295,2,false,0
446.38,0,1,2,false,0
446.38,0,1,6,false,0
446.38,0,1,7,false,0
446.38,2,1,2,false,0
446.38,2,1,6,false,0
446.38,2,1,7,false,0
446.544,100,4294967295,3,false,0
446.587,64,74,0,false,0
446.587,64,74,1,false,0
446.587,64,74,4,false,0
446.587,73,74,0,false,0
446.587,73,74,1,false,0
446.587,73,74,4,false,0
446.587,73,74,5,false,0
446.587,73,74,8,false,0
446.587,73,74,9,false,0
446.639,2,3,0,false,0
446.639,2,3,1,false,0
446.639,2,3,2,false,0
446.639,2,3,3,false,0
446.639,2,3,4,false,0
446.639,2,3,6,false,0
446.639,2,3,7,false,0
446.639,2,3,8,false,0
446.639,2,3,9,false,0
446.806,64,54,0,false,0
446.806,64,54,1,false,0
446.806,64,54,4,false,0
446.847,3,13,5,false,0
446.847,23,13,0,false,0
446.847,23,13,1,false,0
446.847,23,13,2,false,0
446.847,23,13,5,false,0
446.928,100,4294967295,4,false,0
447.015,83,93,2,false,0
447.015,83,93,3,false,0
447.015,83,93,4,false,0
447.015,83,93,5,false,0
447.015,92,93,2,false,0
447.015,92,93,3,false,0
447.015,92,93,4,false,0
447.015,92,93,5,false,0
447.31,100,4294967295,5,false,0
447.349,23,33,1,false,0
447.349,43,33,1,false,0
447.349,43,33,3,false,0
447.349,43,33,8,false,0
447.432,74,84,2,false,0
447.432,74,84,3,false,0
447.432,83,84,1,false,0
447.432,83,84,2,false,0
447.432,83,84,3,false,0
447.432,83,84,4,false,0
447.432,83,84,5,false,0
447.432,83,84,8,false,0
447.432,83,84,9,false,0
447.592,100,4294967295,6,false,0
447.872,100,4294967295,7,false,0
447.924,93,94,0,false,0
447.924,93,94,1,false,0
447.924,93,94,7,false,0
447.924,93,94,8,false,0
447.924,93,94,9,false,0
448.07,100,4294967295,8,false,0
448.11,100,4294967295,9,false,0
448.147,100,4294967295,0,false,0
448.281,13,23,3,false,0
448.281,13,23,6,false,0
448.281,13,23,8,false,0
448.281,22,23,3,false,0
448.281,22,23,6,false,0
448.281,22,23,8,false,0
448.411,54,64,9,false,0
448.411,74,64,2,false,0
448.411,74,64,3,false,0
448.411,74,64,6,false,0
448.411,74,64,7,false,0
448.732,100,4294967295,1,false,0
448.758,64,74,0,false,0
448.758,64,74,1,false,0
448.758,64,74,4,false,0
448.758,73,74,0,false,0
448.758,73,74,1,false,0
448.758,73,74,4,false,0
448.758,73,74,5,false,0
448.758,73,74,8,false,0
448.758,73,74,9,false,0
448.804,2,3,0,false,0
448.804,2,3,1,false,0
448.804,2,3,2,false,0
448.804,2,3,3,false,0
448.804,2,3,4,false,0
448.804,2,3,6,false,0
448.804,2,3,7,false,0
448.804,2,3,8,false,0
448.804,2,3,9,false,0
448.804,13,3,3,false,0
448.804,13,3,4,false,0
448.804,13,3,6,false,0
448.804,13,3,7,false,0
448.804,13,3,8,false,0
448.804,13,3,9,false,0
448.928,0,1,2,false,0
448.928,0,1,6,false,0
448.928,0,1,7,false,0
448.928,2,1,2,false,0
448.928,2,1,6,false,0
448.928,2,1,7,false,0
448.928,11,1,2,false,0
448.928,11,1,6,false,0
448.928,11,1,7,false,0
449.286,100,4294967295,2,false,0
449.311,53,54,0,false,0
449.311,53,54,1,false,0
449.311,53,54,3,false,0
449.311,53,54,4,false,0
449.311,53,54,5,false,0
449.311,53,54,6,false,0
449.311,53,54,7,false,0
449.311,53,54,8,false,0
449.311,64,54,0,false,0
449.311,64,54,1,false,0
449.311,64,54,4,false,0
449.394,83,93,2,false,0
449.394,83,93,3,false,0
449.394,83,93,4,false,0
449.394,83,93,5,false,0
449.394,92,93,2,false,0
449.394,92,93,3,false,0
449.394,92,93,4,false,0
449.394,92,93,5,false,0
449.708,100,4294967295,3,false,0
449.821,12,13,0,false,0
449.821,12,13,1,false,0
449.821,12,13,2,false,0
449.821,12,13,5,false,0
450.092,100,4294967295,4,false,0
450.137,23,33,1,false,0
450.137,32,33,1,false,0
450.137,32,33,3,false,0
450.137,32,33,8,false,0
450.137,43,33,1,false,0
450.137,43,33,3,false,0
450.137,43,33,8,false,0
450.361,83,84,1,false,0
450.361,83,84,2,false,0
450.361,83,84,3,false,0
450.361,83,84,4,false,0
450.361,83,84,5,false,0
450.361,83,84,8,false,0
450.361,83,84,9,false,0
450.474,100,4294967295,5,false,0
450.477,93,94,0,false,0
450.477,93,94,1,false,0
450.477,93,94,7,false,0
450.477,93,94,8,false,0
450.477,93,94,9,false,0
450.559,54,64,9,false,0
450.559,63,64,2,false,0
450.559,63,64,3,false,0
450.559,63,64,6,false,0
450.559,63,64,7,false,0
450.559,63,64,8,false,0
450.559,63,64,9,false,0
450.559,74,64,2,false,0
450.559,74,64,3,false,0
450.559,74,64,6,false,0
450.559,74,64,7,false,0
450.756,100,4294967295,6,false,0
450.926,13,23,3,false,0
450.926,13,23,6,false,0
450.926,13,23,8,false,0
450.926,22,23,3,false,0
450.926,22,23,6,false,0
450.926,22,23,8,false,0
450.926,33,23,6,false,0
451.036,100,4294967295,7,false,0
451.116,73,74,0,false,0
451.116,73,74,1,false,0
451.116,73,74,4,false,0
451.116,73,74,5,false,0
451.116,73,74,8,false,0
451.116,73,74,9,false,0
451.116,84,74,0,false,0
451.234,100,4294967295,8,false,0
451.274,100,4294967295,9,false,0
451.292,2,3,0,false,0
451.292,2,3,1,false,0
451.292,2,3,2,false,0
451.292,2,3,3,false,0
451.292,2,3,4,false,0
451.292,2,3,6,false,0
451.292,2,3,7,false,0
451.292,2,3,8,false,0
451.292,2,3,9,false,0
451.292,13,3,3,false,0
451.292,13,3,4,false,0
451.292,13,3,6,false,0
451.292,13,3,7,false,0
451.292,13,3,8,false,0
451.292,13,3,9,false,0
451.31,100,4294967295,0,false,0
451.385,53,54,0,false,0
451.385,53,54,1,false,0
451.385,53,54,3,false,0
451.385,53,54,4,false,0
451.385,53,54,5,false,0
451.385,53,54,6,false,0
451.385,53,54,7,false,0
451.385,53,54,8,false,0
451.524,2,1,2,false,0
451.524,2,1,6,false,0
451.524,2,1,7,false,0
451.524,11,1,2,false,0
451.524,11,1,6,false,0
451.524,11,1,7,false,0
451.896,100,4294967295,1,false,0
451.98,92,93,2,false,0
451.98,92,93,3,false,0
451.98,92,93,4,false,0
451.98,92,93,5,false,0
452.025,3,13,5,false,0
452.45,100,4294967295,2,false,0
452.632,54,64,9,false,0
452.632,74,64,2,false,0
452.632,74,64,3,false,0
452.632,74,64,6,false,0
452.632,74,64,7,false,0
452.749,84,94,0,false,0
452.749,84,94,7,false,0
452.749,93,94,0,false,0
452.749,93,94,1,false,0
452.749,93,94,7,false,0
452.749,93,94,8,false,0
452.749,93,94,9,false,0
452.872,100,4294967295,3,false,0
453.014,23,33,1,false,0
453.014,32,33,1,false,0
453.014,32,33,3,false,0
453.014,32,33,8,false,0
453.017,83,84,1,false,0
453.017,83,84,2,false,0
453.017,83,84,3,false,0
453.017,83,84,4,false,0
453.017,83,84,5,false,0
453.017,83,84,8,false,0
453.017,83,84,9,false,0
453.255,100,4294967295,4,false,0
453.275,13,23,3,false,0
453.275,13,23,6,false,0
453.275,13,23,8,false,0
453.275,33,23,6,false,0
453.565,0,1,2,false,0
453.565,0,1,6,false,0
453.565,0,1,7,false,0
453.565,2,1,2,false,0
453.565,2,1,6,false,0
453.565,2,1,7,false,0
453.597,64,74,0,false,0
453.597,64,74,1,false,0
453.597,64,74,4,false,0
453.597,84,74,0,false,0
453.638,100,4294967295,5,false,0
453.92,100,4294967295,6,false,0
454.032,2,3,0,false,0
454.032,2,3,1,false,0
454.032,2,3,2,false,0
454.032,2,3,3,false,0
454.032,2,3,4,false,0
454.032,2,3,6,false,0
454.032,2,3,7,false,0
454.032,2,3,8,false,0
454.032,2,3,9,false,0
454.032,13,3,3,false,0
454.032,13,3,4,false,0
454.032,13,3,6,false,0
454.032,13,3,7,false,0
454.032,13,3,8,false,0
454.032,13,3,9,false,0
454.2,100,4294967295,7,false,0
454.267,53,54,0,false,0
454.267,53,54,1,false,0
454.267,53,54,3,false,0
454.267,53,54,4,false,0
454.267,53,54,5,false,0
454.267,53,54,6,false,0
454.267,53,54,7,false,0
454.267,53,54,8,false,0
454.301,3,13,5,false,0
454.301,23,13,0,false,0
454.301,23,13,1,false,0
454.301,23,13,2,false,0
454.301,23,13,5,false,0
454.398,100,4294967295,8,false,0
454.438,100,4294967295,9,false,0
454.474,100,4294967295,0,false,0
454.831,74,64,2,false,0
454.831,74,64,3,false,0
454.831,74,64,6,false,0
454.831,74,64,7,false,0
454.852,84,94,0,false,0
454.852,84,94,7,false,0
454.852,93,94,0,false,0
454.852,93,94,1,false,0
454.852,93,94,7,false,0
454.852,93,94,8,false,0
454.852,93,94,9,false,0
454.861,83,93,2,false,0
454.861,83,93,3,false,0
454.861,83,93,4,false,0
454.861,83,93,5,false,0
455.03,32,33,1,false,0
455.03,32,33,3,false,0
455.03,32,33,8,false,0
455.06,100,4294967295,1,false,0
455.614,100,4294967295,2,false,0
455.85,74,84,2,false,0
455.85,74,84,3,false,0
456.036,100,4294967295,3,false,0
456.117,13,23,3,false,0
456.117,13,23,6,false,0
456.117,13,23,8,false,0
456.117,22,23,3,false,0
456.117,22,23,6,false,0
456.117,22,23,8,false,0
456.117,33,23,6,false,0
456.35,3,13,5,false,0
456.35,12,13,0,false,0
456.35,12,13,1,false,0
456.35,12,13,2,false,0
456.35,12,13,5,false,0
456.419,100,4294967295,4,false,0
456.42,2,1,2,false,0
456.42,2,1,6,false,0
456.42,2,1,7,false,0
456.42,11,1,2,false,0
456.42,11,1,6,false,0
456.42,11,1,7,false,0
456.473,64,74,0,false,0
456.473,64,74,1,false,0
456.473,64,74,4,false,0
456.473,73,74,0,false,0
456.473,73,74,1,false,0
456.473,73,74,4,false,0
456.473,73,74,5,false,0
456.473,73,74,8,false,0
456.473,73,74,9,false,0
456.473,84,74,0,false,0
456.802,100,4294967295,5,false,0
456.854,13,3,3,false,0
456.854,13,3,4,false,0
456.854,13,3,6,false,0
456.854,13,3,7,false,0
456.854,13,3,8,false,0
456.854,13,3,9,false,0
457.084,100,4294967295,6,false,0
457.301,32,33,1,false,0
457.301,32,33,3,false,0
457.301,32,33,8,false,0
457.301,43,33,1,false,0
457.301,43,33,3,false,0
457.301,43,33,8,false,0
457.364,100,4294967295,7,false,0
457.562,100,4294967295,8,false,0
457.565,92,93,2,false,0
457.565,92,93,3,false,0
457.565,92,93,4,false,0
457.565,92,93,5,false,0
457.598,63,64,2,false,0
457.598,63,64,3,false,0
457.598,63,64,6,false,0
457.598,63,64,7,false,0
457.598,63,64,8,false,0
457.598,63,64,9,false,0
457.598,74,64,2,false,0
457.598,74,64,3,false,0
457.598,74,64,6,false,0
457.598,74,64,7,false,0
457.602,100,4294967295,9,false,0
457.638,100,4294967295,0,false,0
457.797,84,94,0,false,0
457.797,84,94,7,false,0
457.797,93,94,0,false,0
457.797,93,94,1,false,0
457.797,93,94,7,false,0
457.797,93,94,8,false,0
457.797,93,94,9,false,0
458.224,100,4294967295,1,false,0
458.483,3,13,5,false,0
458.483,12,13,0,false,0
458.483,12,13,1,false,0
458.483,12,13,2,false,0
458.483,12,13,5,false,0
458.483,23,13,0,false,0
458.483,23,13,1,false,0
458.483,23,13,2,false,0
458.483,23,13,5,false,0
458.524,74,84,2,false,0
458.524,74,84,3,false,0
458.524,83,84,1,false,0
458.524,83,84,2,false,0
458.524,83,84,3,false,0
458.524,83,84,4,false,0
458.524,83,84,5,false,0
458.524,83,84,8,false,0
458.524,83,84,9,false,0
458.634,13,23,3,false,0
458.634,13,23,6,false,0
458.634,13,23,8,false,0
458.634,22,23,3,false,0
458.634,22,23,6,false,0
458.634,22,23,8,false,0
458.634,33,23,6,false,0
458.653,2,1,2,false,0
458.653,2,1,6,false,0
458.653,2,1,7,false,0
458.778,100,4294967295,2,false,0
458.92,13,3,3,false,0
458.92,13,3,4,false,0
458.92,13,3,6,false,0
458.92,13,3,7,false,0
458.92,13,3,8,false,0
458.92,13,3,9,false,0
459.179,53,54,0,false,0
459.179,53,54,1,false,0
459.179,53,54,3,false,0
459.179,53,54,4,false,0
459.179,53,54,5,false,0
459.179,53,54,6,false,0
459.179,53,54,7,false,0
459.179,53,54,8,false,0
459.179,64,54,0,false,0
459.179,64,54,1,false,0
459.179,64,54,4,false,0
459.2,100,4294967295,3,false,0
459.55,23,33,1,false,0
459.583,100,4294967295,4,false,0
459.965,83,93,2,false,0
459.965,83,93,3,false,0
459.965,83,93,4,false,0
459.965,83,93,5,false,0
459.966,100,4294967295,5,false,0
460.087,84,94,0,false,0
460.087,84,94,7,false,0
460.087,93,94,0,false,0
460.087,93,94,1,false,0
460.087,93,94,7,false,0
460.087,93,94,8,false,0
460.087,93,94,9,false,0
460.248,100,4294967295,6,false,0
460.528,100,4294967295,7,false,0
460.537,54,64,9,false,0
460.537,74,64,2,false,0
460.537,74,64,3,false,0
460.537,74,64,6,false,0
460.537,74,64,7,false,0
460.726,100,4294967295,8,false,0
460.766,100,4294967295,9,false,0
460.802,100,4294967295,0,false,0
460.808,13,23,3,false,0
460.808,13,23,6,false,0
460.808,13,23,8,false,0
460.808,22,23,3,false,0
460.808,22,23,6,false,0
460.808,22,23,8,false,0
460.808,33,23,6,false,0
460.836,11,1,2,false,0
460.836,11,1,6,false,0
460.836,11,1,7,false,0
461.387,100,4294967295,1,false,0
461.538,53,54,0,false,0
461.538,53,54,1,false,0
461.538,53,54,3,false,0
461.538,53,54,4,false,0
461.538,53,54,5,false,0
461.538,53,54,6,false,0
461.538,53,54,7,false,0
461.538,53,54,8,false,0
461.538,64,54,0,false,0
461.538,64,54,1,false,0
461.538,64,54,4,false,0
461.851,2,3,0,false,0
461.851,2,3,1,false,0
461.851,2,3,2,false,0
461.851,2,3,3,false,0
461.851,2,3,4,false,0
461.851,2,3,6,false,0
461.851,2,3,7,false,0
461.851,2,3,8,false,0
461.851,2,3,9,false,0
461.851,13,3,3,false,0
461.851,13,3,4,false,0
461.851,13,3,6,false,0
461.851,13,3,7,false,0
461.851,13,3,8,false,0
461.851,13,3,9,false,0
461.942,100,4294967295,2,false,0
461.999,64,74,0,false,0
461.999,64,74,1,false,0
461.999,64,74,4,false,0
461.999,73,74,0,false,0
461.999,73,74,1,false,0
461.999,73,74,4,false,0
461.999,73,74,5,false,0
461.999,73,74,8,false,0
461.999,73,74,9,false,0
461.999,84,74,0,false,0
462.364,100,4294967295,3,false,0
462.409,43,33,1,false,0
462.409,43,33,3,false,0
462.409,43,33,8,false,0
462.555,83,93,2,false,0
462.555,83,93,3,false,0
462.555,83,93,4,false,0
462.555,83,93,5,false,0
462.555,92,93,2,false,0
462.555,92,93,3,false,0
462.555,92,93,4,false,0
462.555,92,93,5,false,0
462.747,100,4294967295,4,false,0
462.915,93,94,0,false,0
462.915,93,94,1,false,0
462.915,93,94,7,false,0
462.915,93,94,8,false,0
462.915,93,94,9,false,0
462.949,13,23,3,false,0
462.949,13,23,6,false,0
462.949,13,23,8,false,0
463.095,3,13,5,false,0
463.095,12,13,0,false,0
463.095,12,13,1,false,0
463.095,12,13,2,false,0
463.095,12,13,5,false,0
463.095,23,13,0,false,0
463.095,23,13,1,false,0
463.095,23,13,2,false,0
463.095,23,13,5,false,0
463.13,100,4294967295,5,false,0
463.28,2,1,2,false,0
463.28,2,1,6,false,0
463.28,2,1,7,false,0
463.28,11,1,2,false,0
463.28,11,1,6,false,0
463.28,11,1,7,false,0
463.405,54,64,9,false,0
463.405,63,64,2,false,0
463.405,63,64,3,false,0
463.405,63,64,6,false,0
463.405,63,64,7,false,0
463.405,63,64,8,false,0
463.405,63,64,9,false,0
463.405,74,64,2,false,0
463.405,74,64,3,false,0
463.405,74,64,6,false,0
463.405,74,64,7,false,0
463.412,100,4294967295,6,false,0
463.692,100,4294967295,7,false,0
463.89,100,4294967295,8,false,0
463.892,2,3,0,false,0
463.892,2,3,1,false,0
463.892,2,3,2,false,0
463.892,2,3,3,false,0
463.892,2,3,4,false,0
463.892,2,3,6,false,0
463.892,2,3,7,false,0
463.892,2,3,8,false,0
463.892,2,3,9,false,0
463.892,13,3,3,false,0
463.892,13,3,4,false,0
463.892,13,3,6,false,0
463.892,13,3,7,false,0
463.892,13,3,8,false,0
463.892,13,3,9,false,0
463.929,100,4294967295,9,false,0
463.966,100,4294967295,0,false,0
464.029,74,84,2,false,0
464.029,74,84,3,false,0
464.029,83,84,1,false,0
464.029,83,84,2,false,0
464.029,83,84,3,false,0
464.029,83,84,4,false,0
464.029,83,84,5,false,0
464.029,83,84,8,false,0
464.029,83,84,9,false,0
464.311,53,54,0,false,0
464.311,53,54,1,false,0
464.311,53,54,3,false,0
464.311,53,54,4,false,0
464.311,53,54,5,false,0
464.311,53,54,6,false,0
464.311,53,54,7,false,0
464.311,53,54,8,false,0
464.311,64,54,0,false,0
464.311,64,54,1,false,0
464.311,64,54,4,false,0
464.551,100,4294967295,1,false,0
464.803,64,74,0,false,0
464.803,64,74,1,false,0
464.803,64,74,4,false,0
464.803,73,74,0,false,0
464.803,73,74,1,false,0
464.803,73,74,4,false,0
464.803,73,74,5,false,0
464.803,73,74,8,false,0
464.803,73,74,9,false,0
464.803,84,74,0,false,0
464.931,43,33,1,false,0
464.931,43,33,3,false,0
464.931,43,33,8,false,0
465.036,84,94,0,false,0
465.036,84,94,7,false,0
465.106,100,4294967295,2,false,0
465.122,22,23,3,false,0
465.122,22,23,6,false,0
465.122,22,23,8,false,0
465.527,100,4294967295,3,false,0
465.911,100,4294967295,4,false,0
465.918,3,13,5,false,0
465.918,12,13,0,false,0
465.918,12,13,1,false,0
465.918,12,13,2,false,0
465.918,12,13,5,false,0
465.918,23,13,0,false,0
465.918,23,13,1,false,0
465.918,23,13,2,false,0
465.918,23,13,5,false,0
466.108,13,3,3,false,0
466.108,13,3,4,false,0
466.108,13,3,6,false,0
466.108,13,3,7,false,0
466.108,13,3,8,false,0
466.108,13,3,9,false,0
466.218,63,64,2,false,0
466.218,63,64,3,false,0
466.218,63,64,6,false,0
466.218,63,64,7,false,0
466.218,63,64,8,false,0
466.218,63,64,9,false,0
466.218,74,64,2,false,0
466.218,74,64,3,false,0
466.218,74,64,6,false,0
466.218,74,64,7,false,0
466.235,0,1,2,false,0
466.235,0,1,6,false,0
466.235,0,1,7,false,0
466.235,11,1,2,false,0
466.235,11,1,6,false,0
466.235,11,1,7,false,0
466.294,100,4294967295,5,false,0
466.576,100,4294967295,6,false,0
466.696,74,84,2,false,0
466.696,74,84,3,false,0
466.696,83,84,1,false,0
466.696,83,84,2,false,0
466.696,83,84,3,false,0
466.696,83,84,4,false,0
466.696,83,84,5,false,0
466.696,83,84,8,false,0
466.696,83,84,9,false,0
466.856,100,4294967295,7,false,0
467.054,100,4294967295,8,false,0
467.093,100,4294967295,9,false,0
467.099,84,74,0,false,0
467.13,100,4294967295,0,false,0
467.19,13,23,3,false,0
467.19,13,23,6,false,0
467.19,13,23,8,false,0
467.19,22,23,3,false,0
467.19,22,23,6,false,0
467.19,22,23,8,false,0
467.278,64,54,0,false,0
467.278,64,54,1,false,0
467.278,64,54,4,false,0
467.472,32,33,1,false,0
467.472,32,33,3,false,0
467.472,32,33,8,false,0
467.715,100,4294967295,1,false,0
467.8,83,93,2,false,0
467.8,83,93,3,false,0
467.8,83,93,4,false,0
467.8,83,93,5,false,0
467.8,92,93,2,false,0
467.8,92,93,3,false,0
467.8,92,93,4,false,0
467.8,92,93,5,false,0
468.177,3,13,5,false,0
468.177,12,13,0,false,0
468.177,12,13,1,false,0
468.177,12,13,2,false,0
468.177,12,13,5,false,0
468.27,100,4294967295,2,false,0
468.691,100,4294967295,3,false,0
468.947,0,1,2,false,0
468.947,0,1,6,false,0
468.947,0,1,7,false,0
468.947,2,1,2,false,0
468.947,2,1,6,false,0
468.947,2,1,7,false,0
468.947,11,1,2,false,0
468.947,11,1,6,false,0
468.947,11,1,7,false,0
469.075,100,4294967295,4,false,0
469.458,100,4294967295,5,false,0
469.74,100,4294967295,6,false,0
469.892,93,94,0,false,0
469.892,93,94,1,false,0
469.892,93,94,7,false,0
469.892,93,94,8,false,0
469.892,93,94,9,false,0
469.893,64,74,0,false,0
469.893,64,74,1,false,0
469.893,64,74,4,false,0
469.893,73,74,0,false,0
469.893,73,74,1,false,0
469.893,73,74,4,false,0
469.893,73,74,5,false,0
469.893,73,74,8,false,0
469.893,73,74,9,false,0
469.893,84,74,0,false,0
469.962,32,33,1,false,0
469.962,32,33,3,false,0
469.962,32,33,8,false,0
469.962,43,33,1,false,0
469.962,43,33,3,false,0
469.962,43,33,8,false,0
470.02,100,4294967295,7,false,0
470.197,53,54,0,false,0
470.197,53,54,1,false,0
470.197,53,54,3,false,0
470.197,53,54,4,false,0
470.197,53,54,5,false,0
470.197,53,54,6,false,0
470.197,53,54,7,false,0
470.197,53,54,8,false,0
470.197,64,54,0,false,0
470.197,64,54,1,false,0
470.197,64,54,4,false,0
470.218,100,4294967295,8,false,0
470.257,100,4294967295,9,false,0
470.294,100,4294967295,0,false,0
470.468,92,93,2,false,0
470.468,92,93,3,false,0
470.468,92,93,4,false,0
470.468,92,93,5,false,0
470.879,100,4294967295,1,false,0
470.902,3,13,5,false,0
471.421,0,1,2,false,0
471.421,0,1,6,false,0
471.421,0,1,7,false,0
471.43,74,84,2,false,0
471.43,74,84,3,false,0
471.434,100,4294967295,2,false,0
471.442,54,64,9,false,0
471.442,63,64,2,false,0
471.442,63,64,3,false,0
471.442,63,64,6,false,0
471.442,63,64,7,false,0
471.442,63,64,8,false,0
471.442,63,64,9,false,0
471.442,74,64,2,false,0
471.442,74,64,3,false,0
471.442,74,64,6,false,0
471.442,74,64,7,false,0
471.697,13,3,3,false,0
471.697,13,3,4,false,0
471.697,13,3,6,false,0
471.697,13,3,7,false,0
471.697,13,3,8,false,0
471.697,13,3,9,false,0
471.855,100,4294967295,3,false,0
471.941,84,74,0,false,0
471.955,33,23,6,false,0
472.239,100,4294967295,4,false,0
472.432,23,33,1,false,0
472.432,32,33,1,false,0
472.432,32,33,3,false,0
472.432,32,33,8,false,0
472.432,43,33,1,false,0
472.432,43,33,3,false,0
472.432,43,33,8,false,0
472.541,84,94,0,false,0
472.541,84,94,7,false,0
472.541,93,94,0,false,0
472.541,93,94,1,false,0
472.541,93,94,7,false,0
472.541,93,94,8,false,0
472.541,93,94,9,false,0
472.621,100,4294967295,5,false,0
472.903,100,4294967295,6,false,0
473.179,53,54,0,false,0
473.179,53,54,1,false,0
473.179,53,54,3,false,0
473.179,53,54,4,false,0
473.179,53,54,5,false,0
473.179,53,54,6,false,0
473.179,53,54,7,false,0
473.179,53,54,8,false,0
473.179,64,54,0,false,0
473.179,64,54,1,false,0
473.179,64,54,4,false,0
473.184,100,4294967295,7,false,0
473.382,100,4294967295,8,false,0
473.421,100,4294967295,9,false,0
473.458,100,4294967295,0,false,0
473.771,3,13,5,false,0
473.771,23,13,0,false,0
473.771,23,13,1,false,0
473.771,23,13,2,false,0
473.771,23,13,5,false,0
473.819,74,84,2,false,0
473.819,74,84,3,false,0
473.819,83,84,1,false,0
473.819,83,84,2,false,0
473.819,83,84,3,false,0
473.819,83,84,4,false,0
473.819,83,84,5,false,0
473.819,83,84,8,false,0
473.819,83,84,9,false,0
474.022,2,3,0,false,0
474.022,2,3,1,false,0
474.022,2,3,2,false,0
474.022,2,3,3,false,0
474.022,2,3,4,false,0
474.022,2,3,6,false,0
474.022,2,3,7,false,0
474.022,2,3,8,false,0
474.022,2,3,9,false,0
474.043,100,4294967295,1,false,0
474.308,2,1,2,false,0
474.308,2,1,6,false,0
474.308,2,1,7,false,0
474.308,11,1,2,false,0
474.308,11,1,6,false,0
474.308,11,1,7,false,0
474.349,63,64,2,false,0
474.349,63,64,3,false,0
474.349,63,64,6,false,0
474.349,63,64,7,false,0
474.349,63,64,8,false,0
474.349,63,64,9,false,0
474.349,74,64,2,false,0
474.349,74,64,3,false,0
474.349,74,64,6,false,0
474.349,74,64,7,false,0
474.36,13,23,3,false,0
474.36,13,23,6,false,0
474.36,13,23,8,false,0
474.598,100,4294967295,2,false,0
474.611,23,33,1,false,0
474.611,32,33,1,false,0
474.611,32,33,3,false,0
474.611,32,33,8,false,0
474.611,43,33,1,false,0
474.611,43,33,3,false,0
474.611,43,33,8,false,0
474.705,64,74,0,false,0
474.705,64,74,1,false,0
474.705,64,74,4,false,0
474.705,73,74,0,false,0
474.705,73,74,1,false,0
474.705,73,74,4,false,0
474.705,73,74,5,false,0
474.705,73,74,8,false,0
474.705,73,74,9,false,0
474.705,84,74,0,false,0
475.019,100,4294967295,3,false,0
475.026,84,94,0,false,0
475.026,84,94,7,false,0
475.345,53,54,0,false,0
475.345,53,54,1,false,0
475.345,53,54,3,false,0
475.345,53,54,4,false,0
475.345,53,54,5,false,0
475.345,53,54,6,false,0
475.345,53,54,7,false,0
475.345,53,54,8,false,0
475.345,64,54,0,false,0
475.345,64,54,1,false,0
475.345,64,54,4,false,0
475.403,100,4294967295,4,false,0
475.704,83,93,2,false,0
475.704,83,93,3,false,0
475.704,83,93,4,false,0
475.704,83,93,5,false,0
475.785,100,4294967295,5,false,0
475.884,74,84,2,false,0
475.884,74,84,3,false,0
476.067,100,4294967295,6,false,0
476.117,12,13,0,false,0
476.117,12,13,1,false,0
476.117,12,13,2,false,0
476.117,12,13,5,false,0
476.117,23,13,0,false,0
476.117,23,13,1,false,0
476.117,23,13,2,false,0
476.117,23,13,5,false,0
476.306,13,3,3,false,0
476.306,13,3,4,false,0
476.306,13,3,6,false,0
476.306,13,3,7,false,0
476.306,13,3,8,false,0
476.306,13,3,9,false,0
476.347,100,4294967295,7,false,0
476.546,100,4294967295,8,false,0
476.585,100,4294967295,9,false,0
476.622,100,4294967295,0,false,0
476.664,2,1,2,false,0
476.664,2,1,6,false,0
476.664,2,1,7,false,0
476.664,11,1,2,false,0
476.664,11,1,6,false,0
476.664,11,1,7,false,0
476.957,54,64,9,false,0
476.957,74,64,2,false,0
476.957,74,64,3,false,0
476.957,74,64,6,false,0
476.957,74,64,7,false,0
476.997,13,23,3,false,0
476.997,13,23,6,false,0
476.997,13,23,8,false,0
476.997,33,23,6,false,0
477.1,84,94,0,false,0
477.1,84,94,7,false,0
477.1,93,94,0,false,0
477.1,93,94,1,false,0
477.1,93,94,7,false,0
477.1,93,94,8,false,0
477.1,93,94,9,false,0
477.207,100,4294967295,1,false,0
477.29,64,74,0,false,0
477.29,64,74,1,false,0
477.29,64,74,4,false,0
477.29,73,74,0,false,0
477.29,73,74,1,false,0
477.29,73,74,4,false,0
477.29,73,74,5,false,0
477.29,73,74,8,false,0
477.29,73,74,9,false,0
477.29,84,74,0,false,0
477.492,32,33,1,false,0
477.492,32,33,3,false,0
477.492,32,33,8,false,0
477.492,43,33,1,false,0
477.492,43,33,3,false,0
477.492,43,33,8,false,0
477.762,100,4294967295,2,false,0
478.038,83,93,2,false,0
478.038,83,93,3,false,0
478.038,83,93,4,false,0
478.038,83,93,5,false,0
478.092,53,54,0,false,0
478.092,53,54,1,false,0
478.092,53,54,3,false,0
478.092,53,54,4,false,0
478.092,53,54,5,false,0
478.092,53,54,6,false,0
478.092,53,54,7,false,0
478.092,53,54,8,false,0
478.183,100,4294967295,3,false,0
478.289,74,84,2,false,0
478.289,74,84,3,false,0
478.289,83,84,1,false,0
478.289,83,84,2,false,0
478.289,83,84,3,false,0
478.289,83,84,4,false,0
478.289,83,84,5,false,0
478.289,83,84,8,false,0
478.289,83,84,9,false,0
478.37,2,3,0,false,0
478.37,2,3,1,false,0
478.37,2,3,2,false,0
478.37,2,3,3,false,0
478.37,2,3,4,false,0
478.37,2,3,6,false,0
478.37,2,3,7,false,0
478.37,2,3,8,false,0
478.37,2,3,9,false,0
478.443,3,13,5,false,0
478.443,23,13,0,false,0
478.443,23,13,1,false,0
478.443,23,13,2,false,0
478.443,23,13,5,false,0
478.567,100,4294967295,4,false,0
478.934,0,1,2,false,0
478.934,0,1,6,false,0
478.934,0,1,7,false,0
478.949,100,4294967295,5,false,0
479.231,100,4294967295,6,false,0
479.34,64,74,0,false,0
479.34,64,74,1,false,0
479.34,64,74,4,false,0
479.34,73,74,0,false,0
479.34,73,74,1,false,0
479.34,73,74,4,false,0
479.34,73,74,5,false,0
479.34,73,74,8,false,0
479.34,73,74,9,false,0
479.34,84,74,0,false,0
479.511,100,4294967295,7,false,0
479.607,63,64,2,false,0
479.607,63,64,3,false,0
479.607,63,64,6,false,0
479.607,63,64,7,false,0
479.607,63,64,8,false,0
479.607,63,64,9,false,0
479.607,74,64,2,false,0
479.607,74,64,3,false,0
479.607,74,64,6,false,0
479.607,74,64,7,false,0
479.69,84,94,0,false,0
479.69,84,94,7,false,0
479.69,93,94,0,false,0
479.69,93,94,1,false,0
479.69,93,94,7,false,0
479.69,93,94,8,false,0
479.69,93,94,9,false,0
479.709,100,4294967295,8,false,0
479.749,100,4294967295,9,false,0
479.786,100,4294967295,0,false,0
479.857,13,23,3,false,0
479.857,13,23,6,false,0
479.857,13,23,8,false,0
479.857,22,23,3,false,0
479.857,22,23,6,false,0
479.857,22,23,8,false,0
479.857,33,23,6,false,0
480.282,53,54,0,false,0
480.282,53,54,1,false,0
480.282,53,54,3,false,0
480.282,53,54,4,false,0
480.282,53,54,5,false,0
480.282,53,54,6,false,0
480.282,53,54,7,false,0
480.282,53,54,8,false,0
480.282,64,54,0,false,0
480.282,64,54,1,false,0
480.282,64,54,4,false,0
480.371,100,4294967295,1,false,0
480.404,23,33,1,false,0
480.404,32,33,1,false,0
480.404,32,33,3,false,0
480.404,32,33,8,false,0
480.404,43,33,1,false,0
480.404,43,33,3,false,0
480.404,43,33,8,false,0
480.492,74,84,2,false,0
480.492,74,84,3,false,0
480.492,83,84,1,false,0
480.492,83,84,2,false,0
480.492,83,84,3,false,0
480.492,83,84,4,false,0
480.492,83,84,5,false,0
480.492,83,84,8,false,0
480.492,83,84,9,false,0
480.765,3,13,5,false,0
480.765,12,13,0,false,0
480.765,12,13,1,false,0
480.765,12,13,2,false,0
480.765,12,13,5,false,0
480.912,2,3,0,false,0
480.912,2,3,1,false,0
480.912,2,3,2,false,0
480.912,2,3,3,false,0
480.912,2,3,4,false,0
480.912,2,3,6,false,0
480.912,2,3,7,false,0
480.912,2,3,8,false,0
480.912,2,3,9,false,0
480.912,13,3,3,false,0
480.912,13,3,4,false,0
480.912,13,3,6,false,0
480.912,13,3,7,false,0
480.912,13,3,8,false,0
480.912,13,3,9,false,0
480.925,100,4294967295,2,false,0
481.347,100,4294967295,3,false,0
481.469,0,1,2,false,0
481.469,0,1,6,false,0
481.469,0,1,7,false,0
481.469,2,1,2,false,0
481.469,2,1,6,false,0
481.469,2,1,7,false,0
481.469,11,1,2,false,0
481.469,11,1,6,false,0
481.469,11,1,7,false,0
481.697,54,64,9,false,0
481.697,74,64,2,false,0
481.697,74,64,3,false,0
481.697,74,64,6,false,0
481.697,74,64,7,false,0
481.731,100,4294967295,4,false,0
482.079,13,23,3,false,0
482.079,13,23,6,false,0
482.079,13,23,8,false,0
482.079,22,23,3,false,0
482.079,22,23,6,false,0
482.079,22,23,8,false,0
482.079,33,23,6,false,0
482.113,100,4294967295,5,false,0
482.183,93,94,0,false,0
482.183,93,94,1,false,0
482.183,93,94,7,false,0
482.183,93,94,8,false,0
482.183,93,94,9,false,0
482.395,100,4294967295,6,false,0
482.473,64,54,0,false,0
482.473,64,54,1,false,0
482.473,64,54,4,false,0
482.654,83,93,2,false,0
482.654,83,93,3,false,0
482.654,83,93,4,false,0
482.654,83,93,5,false,0
482.654,92,93,2,false,0
482.654,92,93,3,false,0
482.654,92,93,4,false,0
482.654,92,93,5,false,0
482.675,100,4294967295,7,false,0
482.873,100,4294967295,8,false,0
482.913,100,4294967295,9,false,0
482.915,23,33,1,false,0
482.915,32,33,1,false,0
482.915,32,33,3,false,0
482.915,32,33,8,false,0
482.95,100,4294967295,0,false,0
483.336,74,84,2,false,0
483.336,74,84,3,false,0
483.351,13,3,3,false,0
483.351,13,3,4,false,0
483.351,13,3,6,false,0
483.351,13,3,7,false,0
483.351,13,3,8,false,0
483.351,13,3,9,false,0
483.451,12,13,0,false,0
483.451,12,13,1,false,0
483.451,12,13,2,false,0
483.451,12,13,5,false,0
483.451,23,13,0,false,0
483.451,23,13,1,false,0
483.451,23,13,2,false,0
483.451,23,13,5,false,0
483.535,100,4294967295,1,false,0
484.038,2,1,2,false,0
484.038,2,1,6,false,0
484.038,2,1,7,false,0
484.089,100,4294967295,2,false,0
484.273,54,64,9,false,0
484.273,63,64,2,false,0
484.273,63,64,3,false,0
484.273,63,64,6,false,0
484.273,63,64,7,false,0
484.273,63,64,8,false,0
484.273,63,64,9,false,0
484.273,74,64,2,false,0
484.273,74,64,3,false,0
484.273,74,64,6,false,0
484.273,74,64,7,false,0
484.482,64,54,0,false,0
484.482,64,54,1,false,0
484.482,64,54,4,false,0
484.497,64,74,0,false,0
484.497,64,74,1,false,0
484.497,64,74,4,false,0
484.497,73,74,0,false,0
484.497,73,74,1,false,0
484.497,73,74,4,false,0
484.497,73,74,5,false,0
484.497,73,74,8,false,0
484.497,73,74,9,false,0
484.497,84,74,0,false,0
484.511,100,4294967295,3,false,0
484.641,93,94,0,false,0
484.641,93,94,1,false,0
484.641,93,94,7,false,0
484.641,93,94,8,false,0
484.641,93,94,9,false,0
484.895,100,4294967295,4,false,0
485.021,13,23,3,false,0
485.021,13,23,6,false,0
485.021,13,23,8,false,0
485.021,22,23,3,false,0
485.021,22,23,6,false,0
485.021,22,23,8,false,0
485.173,83,93,2,false,0
485.173,83,93,3,false,0
485.173,83,93,4,false,0
485.173,83,93,5,false,0
485.173,92,93,2,false,0
485.173,92,93,3,false,0
485.173,92,93,4,false,0
485.173,92,93,5,false,0
485.192,23,33,1,false,0
485.192,32,33,1,false,0
485.192,32,33,3,false,0
485.192,32,33,8,false,0
485.277,100,4294967295,5,false,0
485.559,100,4294967295,6,false,0
485.577,74,84,2,false,0
485.577,74,84,3,false,0
485.681,3,13,5,false,0
485.681,12,13,0,false,0
485.681,12,13,1,false,0
485.681,12,13,2,false,0
485.681,12,13,5,false,0
485.839,100,4294967295,7,false,0
486.037,100,4294967295,8,false,0
486.077,100,4294967295,9,false,0
486.084,0,1,2,false,0
486.084,0,1,6,false,0
486.084,0,1,7,false,0
486.084,2,1,2,false,0
486.084,2,1,6,false,0
486.084,2,1,7,false,0
486.113,100,4294967295,0,false,0
486.115,2,3,0,false,0
486.115,2,3,1,false,0
486.115,2,3,2,false,0
486.115,2,3,3,false,0
486.115,2,3,4,false,0
486.115,2,3,6,false,0
486.115,2,3,7,false,0
486.115,2,3,8,false,0
486.115,2,3,9,false,0
486.297,54,64,9,false,0
486.297,63,64,2,false,0
486.297,63,64,3,false,0
486.297,63,64,6,false,0
486.297,63,64,7,false,0
486.297,63,64,8,false,0
486.297,63,64,9,false,0
486.699,100,4294967295,1,false,0
486.926,64,74,0,false,0
486.926,64,74,1,false,0
486.926,64,74,4,false,0
486.926,84,74,0,false,0
487.253,100,4294967295,2,false,0
487.309,53,54,0,false,0
487.309,53,54,1,false,0
487.309,53,54,3,false,0
487.309,53,54,4,false,0
487.309,53,54,5,false,0
487.309,53,54,6,false,0
487.309,53,54,7,false,0
487.309,53,54,8,false,0
487.386,93,94,0,false,0
487.386,93,94,1,false,0
487.386,93,94,7,false,0
487.386,93,94,8,false,0
487.386,93,94,9,false,0
487.675,100,4294967295,3,false,0
487.703,83,84,1,false,0
487.703,83,84,2,false,0
487.703,83,84,3,false,0
487.703,83,84,4,false,0
487.703,83,84,5,false,0
487.703,83,84,8,false,0
487.703,83,84,9,false,0
487.959,83,93,2,false,0
487.959,83,93,3,false,0
487.959,83,93,4,false,0
487.959,83,93,5,false,0
487.959,92,93,2,false,0
487.959,92,93,3,false,0
487.959,92,93,4,false,0
487.959,92,93,5,false,0
488.058,100,4294967295,4,false,0
488.074,23,33,1,false,0
488.441,100,4294967295,5,false,0
488.511,0,1,2,false,0
488.511,0,1,6,false,0
488.511,0,1,7,false,0
488.511,2,1,2,false,0
488.511,2,1,6,false,0
488.511,2,1,7,false,0
488.511,11,1,2,false,0
488.511,11,1,6,false,0
488.511,11,1,7,false,0
488.662,3,13,5,false,0
488.662,23,13,0,false,0
488.662,23,13,1,false,0
488.662,23,13,2,false,0
488.662,23,13,5,false,0
488.723,100,4294967295,6,false,0
489.003,100,4294967295,7,false,0
489.096,54,64,9,false,0
489.096,63,64,2,false,0
489.096,63,64,3,false,0
489.096,63,64,6,false,0
489.096,63,64,7,false,0
489.096,63,64,8,false,0
489.096,63,64,9,false,0
489.096,74,64,2,false,0
489.096,74,64,3,false,0
489.096,74,64,6,false,0
489.096,74,64,7,false,0
489.201,100,4294967295,8,false,0
489.241,100,4294967295,9,false,0
489.277,100,4294967295,0,false,0
489.368,53,54,0,false,0
489.368,53,54,1,false,0
489.368,53,54,3,false,0
489.368,53,54,4,false,0
489.368,53,54,5,false,0
489.368,53,54,6,false,0
489.368,53,54,7,false,0
489.368,53,54,8,false,0
489.368,64,54,0,false,0
489.368,64,54,1,false,0
489.368,64,54,4,false,0
489.569,84,94,0,false,0
489.569,84,94,7,false,0
489.569,93,94,0,false,0
489.569,93,94,1,false,0
489.569,93,94,7,false,0
489.569,93,94,8,false,0
489.569,93,94,9,false,0
489.62,64,74,0,false,0
489.62,64,74,1,false,0
489.62,64,74,4,false,0
489.62,73,74,0,false,0
489.62,73,74,1,false,0
489.62,73,74,4,false,0
489.62,73,74,5,false,0
489.62,73,74,8,false,0
489.62,73,74,9,false,0
489.863,100,4294967295,1,false,0
490.264,13,23,3,false,0
490.264,13,23,6,false,0
490.264,13,23,8,false,0
490.264,33,23,6,false,0
490.417,100,4294967295,2,false,0
490.458,83,84,1,false,0
490.458,83,84,2,false,0
490.458,83,84,3,false,0
490.458,83,84,4,false,0
490.458,83,84,5,false,0
490.458,83,84,8,false,0
490.458,83,84,9,false,0
490.835,23,33,1,false,0
490.835,32,33,1,false,0
490.835,32,33,3,false,0
490.835,32,33,8,false,0
490.839,100,4294967295,3,false,0
491.222,100,4294967295,4,false,0
491.316,2,3,0,false,0
491.316,2,3,1,false,0
491.316,2,3,2,false,0
491.316,2,3,3,false,0
491.316,2,3,4,false,0
491.316,2,3,6,false,0
491.316,2,3,7,false,0
491.316,2,3,8,false,0
491.316,2,3,9,false,0
491.316,13,3,3,false,0
491.316,13,3,4,false,0
491.316,13,3,6,false,0
491.316,13,3,7,false,0
491.316,13,3,8,false,0
491.316,13,3,9,false,0
491.33,54,64,9,false,0
491.33,63,64,2,false,0
491.33,63,64,3,false,0
491.33,63,64,6,false,0
491.33,63,64,7,false,0
491.33,63,64,8,false,0
491.33,63,64,9,false,0
491.33,74,64,2,false,0
491.33,74,64,3,false,0
491.33,74,64,6,false,0
491.33,74,64,7,false,0
491.482,3,13,5,false,0
491.605,100,4294967295,5,false,0
491.887,100,4294967295,6,false,0
492.161,73,74,0,false,0
492.161,73,74,1,false,0
492.161,73,74,4,false,0
492.161,73,74,5,false,0
492.161,73,74,8,false,0
492.161,73,74,9,false,0
492.161,84,74,0,false,0
492.167,100,4294967295,7,false,0
492.243,53,54,0,false,0
492.243,53,54,1,false,0
492.243,53,54,3,false,0
492.243,53,54,4,false,0
492.243,53,54,5,false,0
492.243,53,54,6,false,0
492.243,53,54,7,false,0
492.243,53,54,8,false,0
492.365,100,4294967295,8,false,0
492.405,100,4294967295,9,false,0
492.413,84,94,0,false,0
492.413,84,94,7,false,0
492.441,100,4294967295,0,false,0
492.845,83,93,2,false,0
492.845,83,93,3,false,0
492.845,83,93,4,false,0
492.845,83,93,5,false,0
492.969,74,84,2,false,0
492.969,74,84,3,false,0
492.969,83,84,1,false,0
492.969,83,84,2,false,0
492.969,83,84,3,false,0
492.969,83,84,4,false,0
492.969,83,84,5,false,0
492.969,83,84,8,false,0
492.969,83,84,9,false,0
493.026,100,4294967295,1,false,0
493.163,13,23,3,false,0
493.163,13,23,6,false,0
493.163,13,23,8,false,0
493.163,22,23,3,false,0
493.163,22,23,6,false,0
493.163,22,23,8,false,0
493.163,33,23,6,false,0
493.424,54,64,9,false,0
493.424,63,64,2,false,0
493.424,63,64,3,false,0
493.424,63,64,6,false,0
493.424,63,64,7,false,0
493.424,63,64,8,false,0
493.424,63,64,9,false,0
493.424,74,64,2,false,0
493.424,74,64,3,false,0
493.424,74,64,6,false,0
493.424,74,64,7,false,0
493.581,100,4294967295,2,false,0
493.614,3,13,5,false,0
493.614,23,13,0,false,0
493.614,23,13,1,false,0
493.614,23,13,2,false,0
493.614,23,13,5,false,0
493.66,0,1,2,false,0
493.66,0,1,6,false,0
493.66,0,1,7,false,0
493.66,11,1,2,false,0
493.66,11,1,6,false,0
493.66,11,1,7,false,0
494.003,100,4294967295,3,false,0
494.288,73,74,0,false,0
494.288,73,74,1,false,0
494.288,73,74,4,false,0
494.288,73,74,5,false,0
494.288,73,74,8,false,0
494.288,73,74,9,false,0
494.307,2,3,0,false,0
494.307,2,3,1,false,0
494.307,2,3,2,false,0
494.307,2,3,3,false,0
494.307,2,3,4,false,0
494.307,2,3,6,false,0
494.307,2,3,7,false,0
494.307,2,3,8,false,0
494.307,2,3,9,false,0
494.307,13,3,3,false,0
494.307,13,3,4,false,0
494.307,13,3,6,false,0
494.307,13,3,7,false,0
494.307,13,3,8,false,0
494.307,13,3,9,false,0
494.386,100,4294967295,4,false,0
494.463,64,54,0,false,0
494.463,64,54,1,false,0
494.463,64,54,4,false,0
494.769,100,4294967295,5,false,0
495.051,100,4294967295,6,false,0
495.108,93,94,0,false,0
495.108,93,94,1,false,0
495.108,93,94,7,false,0
495.108,93,94,8,false,0
495.108,93,94,9,false,0
495.331,100,4294967295,7,false,0
495.387,22,23,3,false,0
495.387,22,23,6,false,0
495.387,22,23,8,false,0
495.387,33,23,6,false,0
495.46,74,84,2,false,0
495.46,74,84,3,false,0
495.46,83,84,1,false,0
495.46,83,84,2,false,0
495.46,83,84,3,false,0
495.46,83,84,4,false,0
495.46,83,84,5,false,0
495.46,83,84,8,false,0
495.46,83,84,9,false,0
495.529,100,4294967295,8,false,0
495.569,100,4294967295,9,false,0
495.605,100,4294967295,0,false,0
495.638,54,64,9,false,0
495.638,63,64,2,false,0
495.638,63,64,3,false,0
495.638,63,64,6,false,0
495.638,63,64,7,false,0
495.638,63,64,8,false,0
495.638,63,64,9,false,0
495.638,74,64,2,false,0
495.638,74,64,3,false,0
495.638,74,64,6,false,0
495.638,74,64,7,false,0
495.774,0,1,2,false,0
495.774,0,1,6,false,0
495.774,0,1,7,false,0
495.774,11,1,2,false,0
495.774,11,1,6,false,0
495.774,11,1,7,false,0
495.814,23,33,1,false,0
495.814,32,33,1,false,0
495.814,32,33,3,false,0
495.814,32,33,8,false,0
495.814,43,33,1,false,0
495.814,43,33,3,false,0
495.814,43,33,8,false,0
496.19,100,4294967295,1,false,0
496.379,3,13,5,false,0
496.379,23,13,0,false,0
496.379,23,13,1,false,0
496.379,23,13,2,false,0
496.379,23,13,5,false,0
496.438,64,74,0,false,0
496.438,64,74,1,false,0
496.438,64,74,4,false,0
496.438,73,74,0,false,0
496.438,73,74,1,false,0
496.438,73,74,4,false,0
496.438,73,74,5,false,0
496.438,73,74,8,false,0
496.438,73,74,9,false,0
496.516,2,3,0,false,0
496.516,2,3,1,false,0
496.516,2,3,2,false,0
496.516,2,3,3,false,0
496.516,2,3,4,false,0
496.516,2,3,6,false,0
496.516,2,3,7,false,0
496.516,2,3,8,false,0
496.516,2,3,9,false,0
496.516,13,3,3,false,0
496.516,13,3,4,false,0
496.516,13,3,6,false,0
496.516,13,3,7,false,0
496.516,13,3,8,false,0
496.516,13,3,9,false,0
496.745,100,4294967295,2,false,0
497.166,100,4294967295,3,false,0
497.365,53,54,0,false,0
497.365,53,54,1,false,0
497.365,53,54,3,false,0
497.365,53,54,4,false,0
497.365,53,54,5,false,0
497.365,53,54,6,false,0
497.365,53,54,7,false,0
497.365,53,54,8,false,0
497.365,64,54,0,false,0
497.365,64,54,1,false,0
497.365,64,54,4,false,0
497.55,100,4294967295,4,false,0
497.816,84,94,0,false,0
497.816,84,94,7,false,0
497.816,93,94,0,false,0
497.816,93,94,1,false,0
497.816,93,94,7,false,0
497.816,93,94,8,false,0
497.816,93,94,9,false,0
497.827,83,93,2,false,0
497.827,83,93,3,false,0
497.827,83,93,4,false,0
497.827,83,93,5,false,0
497.827,92,93,2,false,0
497.827,92,93,3,false,0
497.827,92,93,4,false,0
497.827,92,93,5,false,0
497.933,100,4294967295,5,false,0
498.097,54,64,9,false,0
498.097,63,64,2,false,0
498.097,63,64,3,false,0
498.097,63,64,6,false,0
498.097,63,64,7,false,0
498.097,63,64,8,false,0
498.097,63,64,9,false,0
498.097,74,64,2,false,0
498.097,74,64,3,false,0
498.097,74,64,6,false,0
498.097,74,64,7,false,0
498.215,100,4294967295,6,false,0
498.266,13,23,3,false,0
498.266,13,23,6,false,0
498.266,13,23,8,false,0
498.296,74,84,2,false,0
498.296,74,84,3,false,0
498.296,83,84,1,false,0
498.296,83,84,2,false,0
498.296,83,84,3,false,0
498.296,83,84,4,false,0
498.296,83,84,5,false,0
498.296,83,84,8,false,0
498.296,83,84,9,false,0
498.495,100,4294967295,7,false,0
498.508,0,1,2,false,0
498.508,0,1,6,false,0
498.508,0,1,7,false,0
498.508,2,1,2,false,0
498.508,2,1,6,false,0
498.508,2,1,7,false,0
498.508,11,1,2,false,0
498.508,11,1,6,false,0
498.508,11,1,7,false,0
498.619,3,13,5,false,0
498.619,12,13,0,false,0
498.619,12,13,1,false,0
498.619,12,13,2,false,0
498.619,12,13,5,false,0
498.619,23,13,0,false,0
498.619,23,13,1,false,0
498.619,23,13,2,false,0
498.619,23,13,5,false,0
498.693,100,4294967295,8,false,0
498.707,13,3,3,false,0
498.707,13,3,4,false,0
498.707,13,3,6,false,0
498.707,13,3,7,false,0
498.707,13,3,8,false,0
498.707,13,3,9,false,0
498.732,100,4294967295,9,false,0
498.769,100,4294967295,0,false,0
498.774,23,33,1,false,0
498.774,32,33,1,false,0
498.774,32,33,3,false,0
498.774,32,33,8,false,0
498.774,43,33,1,false,0
498.774,43,33,3,false,0
498.774,43,33,8,false,0
499.042,64,74,0,false,0
499.042,64,74,1,false,0
499.042,64,74,4,false,0
499.354,100,4294967295,1,false,0
499.773,53,54,0,false,0
499.773,53,54,1,false,0
499.773,53,54,3,false,0
499.773,53,54,4,false,0
499.773,53,54,5,false,0
499.773,53,54,6,false,0
499.773,53,54,7,false,0
499.773,53,54,8,false,0
499.773,64,54,0,false,0
499.773,64,54,1,false,0
499.773,64,54,4,false,0
499.909,100,4294967295,2,false,0
