node,x,y,dLane,missions,receivedMean,lanesMean,pBestDone50,pUnionDone50,bestMissingMean50,unionMissingMean50,pBestDone100,pUnionDone100,bestMissingMean100,unionMissingMean100,pBestDone200,pUnionDone200,bestMissingMean200,unionMissingMean200,pBestDone500,pUnionDone500,bestMissingMean500,unionMissingMean500,pBestDone1000,pUnionDone1000,bestMissingMean1000,unionMissingMean1000,pBestDone2000,pUnionDone2000,bestMissingMean2000,unionMissingMean2000
0,0,0,300,24,2444.5,2.042,1.0000,1.0000,0.000,0.000,1.0000,1.0000,0.000,0.000,1.0000,1.0000,0.000,0.000,1.0000,1.0000,0.000,0.000,0.0000,0.0000,10.042,5.000,0.0000,0.0000,291.250,215.042
1,100,0,200,24,2820.1,2.167,1.0000,1.0000,0.000,0.000,1.0000,1.0000,0.000,0.000,1.0000,1.0000,0.000,0.000,1.0000,1.0000,0.000,0.000,0.0000,0.0417,6.500,2.708,0.0000,0.0000,251.958,150.333
2,200,0,100,24,3207.5,2.667,1.0000,1.0000,0.000,0.000,1.0000,1.0000,0.000,0.000,1.0000,1.0000,0.000,0.000,1.0000,1.0000,0.000,0.000,0.0000,0.5000,4.583,0.792,0.0000,0.0000,234.958,107.625
3,300,0,0,24,3622.5,3.000,1.0000,1.0000,0.000,0.000,1.0000,1.0000,0.000,0.000,1.0000,1.0000,0.000,0.000,1.0000,1.0000,0.000,0.000,0.0417,0.7500,4.625,0.333,0.0000,0.0000,229.542,72.667
4,400,0,100,24,4017.4,3.000,1.0000,1.0000,0.000,0.000,1.0000,1.0000,0.000,0.000,1.0000,1.0000,0.000,0.000,1.0000,1.0000,0.000,0.000,0.0417,0.8750,4.750,0.167,0.0000,0.0000,236.750,45.792
5,500,0,200,24,4382.6,3.000,1.0000,1.0000,0.000,0.000,1.0000,1.0000,0.000,0.000,1.0000,1.0000,0.000,0.000,1.0000,1.0000,0.000,0.000,0.0000,0.9583,7.333,0.042,0.0000,0.0000,259.958,30.208
6,600,0,300,24,4742.9,3.000,1.0000,1.0000,0.000,0.000,1.0000,1.0000,0.000,0.000,1.0000,1.0000,0.000,0.000,1.0000,1.0000,0.000,0.000,0.0000,0.9583,10.417,0.042,0.0000,0.0000,301.292,16.667
7,700,0,400,24,5071.3,3.000,1.0000,1.0000,0.000,0.000,1.0000,1.0000,0.000,0.000,1.0000,1.0000,0.000,0.000,1.0000,1.0000,0.000,0.000,0.0000,1.0000,18.083,0.000,0.0000,0.0000,357.750,9.833
8,800,0,350,24,5383.0,3.042,1.0000,1.0000,0.000,0.000,1.0000,1.0000,0.000,0.000,1.0000,1.0000,0.000,0.000,1.0000,1.0000,0.000,0.000,0.0000,1.0000,13.208,0.000,0.0000,0.0417,323.667,4.500
9,900,0,250,24,5647.8,3.125,1.0000,1.0000,0.000,0.000,1.0000,1.0000,0.000,0.000,1.0000,1.0000,0.000,0.000,1.0000,1.0000,0.000,0.000,0.0000,1.0000,8.125,0.000,0.0000,0.1667,274.833,2.208
10,1000,0,150,24,5904.0,3.542,1.0000,1.0000,0.000,0.000,1.0000,1.0000,0.000,0.000,1.0000,1.0000,0.000,0.000,1.0000,1.0000,0.000,0.000,0.0000,1.0000,5.333,0.000,0.0000,0.2500,246.958,1.250
11,1100,0,50,24,6063.3,3.917,1.0000,1.0000,0.000,0.000,1.0000,1.0000,0.000,0.000,1.0000,1.0000,0.000,0.000,1.0000,1.0000,0.000,0.000,0.0833,1.0000,2.667,0.000,0.0000,0.7083,181.375,0.417
12,1200,0,50,24,6171.0,4.000,1.0000,1.0000,0.000,0.000,1.0000,1.0000,0.000,0.000,1.0000,1.0000,0.000,0.000,1.0000,1.0000,0.000,0.000,0.3333,1.0000,1.042,0.000,0.0000,0.6667,114.458,0.417
13,1300,0,150,24,6209.5,4.000,1.0000,1.0000,0.000,0.000,1.0000,1.0000,0.000,0.000,1.0000,1.0000,0.000,0.000,1.0000,1.0000,0.000,0.000,0.6250,1.0000,0.500,0.000,0.0000,0.8333,67.792,0.167
14,1400,0,250,24,6243.7,4.000,1.0000,1.0000,0.000,0.000,1.0000,1.0000,0.000,0.000,1.0000,1.0000,0.000,0.000,1.0000,1.0000,0.000,0.000,0.9167,1.0000,0.083,0.000,0.0000,0.8333,39.417,0.167
15,1500,0,350,24,6255.1,4.000,1.0000,1.0000,0.000,0.000,1.0000,1.0000,0.000,0.000,1.0000,1.0000,0.000,0.000,1.0000,1.0000,0.000,0.000,0.7500,1.0000,0.250,0.000,0.0000,0.9167,29.917,0.083
16,1600,0,400,24,6305.4,4.042,1.0000,1.0000,0.000,0.000,1.0000,1.0000,0.000,0.000,1.0000,1.0000,0.000,0.000,1.0000,1.0000,0.000,0.000,0.8333,1.0000,0.167,0.000,0.0000,0.8750,26.458,0.125
17,1700,0,300,24,6382.4,4.083,1.0000,1.0000,0.000,0.000,1.0000,1.0000,0.000,0.000,1.0000,1.0000,0.000,0.000,1.0000,1.0000,0.000,0.000,0.8750,1.0000,0.125,0.000,0.0000,0.9583,32.042,0.042
18,1800,0,200,24,6492.8,4.250,1.0000,1.0000,0.000,0.000,1.0000,1.0000,0.000,0.000,1.0000,1.0000,0.000,0.000,1.0000,1.0000,0.000,0.000,0.4583,1.0000,0.542,0.000,0.0000,0.9583,51.417,0.042
19,1900,0,100,24,6624.8,4.708,1.0000,1.0000,0.000,0.000,1.0000,1.0000,0.000,0.000,1.0000,1.0000,0.000,0.000,1.0000,1.0000,0.000,0.000,0.5417,1.0000,0.542,0.000,0.0000,0.7917,86.792,0.208
20,2000,0,0,24,6711.5,5.000,1.0000,1.0000,0.000,0.000,1.0000,1.0000,0.000,0.000,1.0000,1.0000,0.000,0.000,1.0000,1.0000,0.000,0.000,0.2500,1.0000,1.375,0.000,0.0000,1.0000,141.583,0.000
21,2100,0,100,24,6775.0,4.958,1.0000,1.0000,0.000,0.000,1.0000,1.0000,0.000,0.000,1.0000,1.0000,0.000,0.000,1.0000,1.0000,0.000,0.000,0.0417,1.0000,2.958,0.000,0.0000,0.7917,219.333,0.292
22,2200,0,200,24,6774.8,4.167,1.0000,1.0000,0.000,0.000,1.0000,1.0000,0.000,0.000,1.0000,1.0000,0.000,0.000,1.0000,1.0000,0.000,0.000,0.0000,1.0000,6.083,0.000,0.0000,0.4583,256.167,0.667
23,2300,0,300,24,6756.0,4.083,1.0000,1.0000,0.000,0.000,1.0000,1.0000,0.000,0.000,1.0000,1.0000,0.000,0.000,1.0000,1.0000,0.000,0.000,0.0000,1.0000,10.042,0.000,0.0000,0.4167,297.542,0.833
24,2400,0,400,24,6742.3,4.000,1.0000,1.0000,0.000,0.000,1.0000,1.0000,0.000,0.000,1.0000,1.0000,0.000,0.000,1.0000,1.0000,0.000,0.000,0.0000,1.0000,17.458,0.000,0.0000,0.3333,359.083,0.875
25,2500,0,350,24,6752.9,4.000,1.0000,1.0000,0.000,0.000,1.0000,1.0000,0.000,0.000,1.0000,1.0000,0.000,0.000,1.0000,1.0000,0.000,0.000,0.0000,1.0000,12.708,0.000,0.0000,0.4583,323.500,0.708
26,2600,0,250,24,6770.2,4.000,1.0000,1.0000,0.000,0.000,1.0000,1.0000,0.000,0.000,1.0000,1.0000,0.000,0.000,1.0000,1.0000,0.000,0.000,0.0000,1.0000,8.917,0.000,0.0000,0.4583,277.708,0.750
27,2700,0,150,24,6763.2,4.000,1.0000,1.0000,0.000,0.000,1.0000,1.0000,0.000,0.000,1.0000,1.0000,0.000,0.000,1.0000,1.0000,0.000,0.000,0.0000,1.0000,4.750,0.000,0.0000,0.5417,244.458,0.500
28,2800,0,50,24,6744.1,4.000,1.0000,1.0000,0.000,0.000,1.0000,1.0000,0.000,0.000,1.0000,1.0000,0.000,0.000,1.0000,1.0000,0.000,0.000,0.0833,1.0000,2.375,0.000,0.0000,0.9167,176.833,0.125
29,2900,0,50,24,6659.7,3.958,1.0000,1.0000,0.000,0.000,1.0000,1.0000,0.000,0.000,1.0000,1.0000,0.000,0.000,1.0000,1.0000,0.000,0.000,0.5000,1.0000,0.750,0.000,0.0000,0.7917,115.208,0.208
30,3000,0,150,24,6533.5,3.417,1.0000,1.0000,0.000,0.000,1.0000,1.0000,0.000,0.000,1.0000,1.0000,0.000,0.000,1.0000,1.0000,0.000,0.000,0.6667,1.0000,0.500,0.000,0.0000,0.9583,67.375,0.042
31,3100,0,250,24,6374.9,3.083,1.0000,1.0000,0.000,0.000,1.0000,1.0000,0.000,0.000,1.0000,1.0000,0.000,0.000,1.0000,1.0000,0.000,0.000,0.7500,1.0000,0.333,0.000,0.0000,0.8750,43.375,0.125
32,3200,0,350,24,6206.8,3.000,1.0000,1.0000,0.000,0.000,1.0000,1.0000,0.000,0.000,1.0000,1.0000,0.000,0.000,1.0000,1.0000,0.000,0.000,0.7500,1.0000,0.333,0.000,0.0000,0.7083,28.542,0.292
33,3300,0,400,24,6047.8,3.000,1.0000,1.0000,0.000,0.000,1.0000,1.0000,0.000,0.000,1.0000,1.0000,0.000,0.000,1.0000,1.0000,0.000,0.000,0.7500,1.0000,0.250,0.000,0.0000,0.7917,24.500,0.208
34,3400,0,300,24,5856.8,3.000,1.0000,1.0000,0.000,0.000,1.0000,1.0000,0.000,0.000,1.0000,1.0000,0.000,0.000,1.0000,1.0000,0.000,0.000,0.7917,1.0000,0.292,0.000,0.0000,0.7917,32.625,0.208
35,3500,0,200,24,5639.1,3.000,1.0000,1.0000,0.000,0.000,1.0000,1.0000,0.000,0.000,1.0000,1.0000,0.000,0.000,1.0000,1.0000,0.000,0.000,0.6667,1.0000,0.375,0.000,0.0000,0.7500,54.667,0.250
36,3600,0,100,24,5401.4,3.000,1.0000,1.0000,0.000,0.000,1.0000,1.0000,0.000,0.000,1.0000,1.0000,0.000,0.000,1.0000,1.0000,0.000,0.000,0.6250,1.0000,0.542,0.000,0.0000,0.7917,84.708,0.208
37,3700,0,0,24,5094.6,3.000,1.0000,1.0000,0.000,0.000,1.0000,1.0000,0.000,0.000,1.0000,1.0000,0.000,0.000,1.0000,1.0000,0.000,0.000,0.1250,1.0000,1.833,0.000,0.0000,0.5417,136.125,0.542
38,3800,0,100,24,4735.9,2.667,1.0000,1.0000,0.000,0.000,1.0000,1.0000,0.000,0.000,1.0000,1.0000,0.000,0.000,1.0000,1.0000,0.000,0.000,0.0833,1.0000,3.708,0.000,0.0000,0.2083,222.125,1.625
39,3900,0,200,24,4343.3,2.292,1.0000,1.0000,0.000,0.000,1.0000,1.0000,0.000,0.000,1.0000,1.0000,0.000,0.000,1.0000,1.0000,0.000,0.000,0.0417,1.0000,5.125,0.000,0.0000,0.0417,254.042,4.458
40,4000,0,300,24,3906.8,2.042,1.0000,1.0000,0.000,0.000,1.0000,1.0000,0.000,0.000,1.0000,1.0000,0.000,0.000,1.0000,1.0000,0.000,0.000,0.0000,1.0000,11.042,0.000,0.0000,0.0000,296.750,13.083
41,0,100,300,24,2694.8,2.042,1.0000,1.0000,0.000,0.000,1.0000,1.0000,0.000,0.000,1.0000,1.0000,0.000,0.000,1.0000,1.0000,0.000,0.000,0.0000,0.0833,4.667,2.458,0.0000,0.0000,200.333,143.000
42,100,100,200,24,3082.0,2.375,1.0000,1.0000,0.000,0.000,1.0000,1.0000,0.000,0.000,1.0000,1.0000,0.000,0.000,1.0000,1.0000,0.000,0.000,0.1250,0.4167,2.250,0.708,0.0000,0.0000,173.917,97.500
43,200,100,100,24,3495.0,2.833,1.0000,1.0000,0.000,0.000,1.0000,1.0000,0.000,0.000,1.0000,1.0000,0.000,0.000,1.0000,1.0000,0.000,0.000,0.2083,0.6667,1.583,0.458,0.0000,0.0000,155.667,66.125
44,300,100,0,24,3927.3,2.958,1.0000,1.0000,0.000,0.000,1.0000,1.0000,0.000,0.000,1.0000,1.0000,0.000,0.000,1.0000,1.0000,0.000,0.000,0.3333,0.8333,1.167,0.167,0.0000,0.0000,145.333,43.000
45,400,100,100,24,4332.3,3.000,1.0000,1.0000,0.000,0.000,1.0000,1.0000,0.000,0.000,1.0000,1.0000,0.000,0.000,1.0000,1.0000,0.000,0.000,0.2500,0.9583,1.458,0.042,0.0000,0.0000,151.583,25.458
46,500,100,200,24,4723.7,3.000,1.0000,1.0000,0.000,0.000,1.0000,1.0000,0.000,0.000,1.0000,1.0000,0.000,0.000,1.0000,1.0000,0.000,0.000,0.2083,1.0000,1.750,0.000,0.0000,0.0000,167.833,16.042
47,600,100,300,24,5087.7,3.000,1.0000,1.0000,0.000,0.000,1.0000,1.0000,0.000,0.000,1.0000,1.0000,0.000,0.000,1.0000,1.0000,0.000,0.000,0.0000,1.0000,4.208,0.000,0.0000,0.0000,196.792,8.833
48,700,100,400,24,5425.4,3.000,1.0000,1.0000,0.000,0.000,1.0000,1.0000,0.000,0.000,1.0000,1.0000,0.000,0.000,1.0000,1.0000,0.000,0.000,0.0000,1.0000,7.708,0.000,0.0000,0.0000,257.042,5.625
49,800,100,350,24,5764.3,3.042,1.0000,1.0000,0.000,0.000,1.0000,1.0000,0.000,0.000,1.0000,1.0000,0.000,0.000,1.0000,1.0000,0.000,0.000,0.0000,0.9583,6.250,0.042,0.0000,0.1667,225.250,2.333
50,900,100,250,24,6073.0,3.125,1.0000,1.0000,0.000,0.000,1.0000,1.0000,0.000,0.000,1.0000,1.0000,0.000,0.000,1.0000,1.0000,0.000,0.000,0.2083,1.0000,2.250,0.000,0.0000,0.3750,182.208,0.875
51,1000,100,150,24,6316.2,3.542,1.0000,1.0000,0.000,0.000,1.0000,1.0000,0.000,0.000,1.0000,1.0000,0.000,0.000,1.0000,1.0000,0.000,0.000,0.2500,1.0000,1.542,0.000,0.0000,0.5000,157.083,0.708
52,1100,100,50,24,6509.4,3.958,1.0000,1.0000,0.000,0.000,1.0000,1.0000,0.000,0.000,1.0000,1.0000,0.000,0.000,1.0000,1.0000,0.000,0.000,0.2083,1.0000,1.292,0.000,0.0000,0.6667,145.417,0.417
53,1200,100,50,24,6625.4,4.000,1.0000,1.0000,0.000,0.000,1.0000,1.0000,0.000,0.000,1.0000,1.0000,0.000,0.000,1.0000,1.0000,0.000,0.000,0.3333,1.0000,0.875,0.000,0.0000,0.7500,138.333,0.292
54,1300,100,150,24,6657.0,4.000,1.0000,1.0000,0.000,0.000,1.0000,1.0000,0.000,0.000,1.0000,1.0000,0.000,0.000,1.0000,1.0000,0.000,0.000,0.4583,1.0000,0.708,0.000,0.0000,0.7083,96.708,0.292
55,1400,100,250,24,6662.5,4.000,1.0000,1.0000,0.000,0.000,1.0000,1.0000,0.000,0.000,1.0000,1.0000,0.000,0.000,1.0000,1.0000,0.000,0.000,0.5000,1.0000,0.750,0.000,0.0000,0.9167,65.958,0.083
56,1500,100,350,24,6668.3,4.000,1.0000,1.0000,0.000,0.000,1.0000,1.0000,0.000,0.000,1.0000,1.0000,0.000,0.000,1.0000,1.0000,0.000,0.000,0.5417,1.0000,0.542,0.000,0.0000,0.7083,50.417,0.292
57,1600,100,400,24,6711.7,4.000,1.0000,1.0000,0.000,0.000,1.0000,1.0000,0.000,0.000,1.0000,1.0000,0.000,0.000,1.0000,1.0000,0.000,0.000,0.3750,1.0000,0.875,0.000,0.0000,0.7917,47.750,0.208
58,1700,100,300,24,6800.8,4.042,1.0000,1.0000,0.000,0.000,1.0000,1.0000,0.000,0.000,1.0000,1.0000,0.000,0.000,1.0000,1.0000,0.000,0.000,0.3750,1.0000,0.917,0.000,0.0000,0.8333,59.542,0.208
59,1800,100,200,24,6916.8,4.250,1.0000,1.0000,0.000,0.000,1.0000,1.0000,0.000,0.000,1.0000,1.0000,0.000,0.000,1.0000,1.0000,0.000,0.000,0.4167,1.0000,0.833,0.000,0.0000,0.7917,79.125,0.208
60,1900,100,100,24,7041.9,4.792,1.0000,1.0000,0.000,0.000,1.0000,1.0000,0.000,0.000,1.0000,1.0000,0.000,0.000,1.0000,1.0000,0.000,0.000,0.3333,1.0000,0.958,0.000,0.0000,0.9167,115.875,0.083
61,2000,100,0,24,7106.9,4.958,1.0000,1.0000,0.000,0.000,1.0000,1.0000,0.000,0.000,1.0000,1.0000,0.000,0.000,1.0000,1.0000,0.000,0.000,0.3750,1.0000,0.958,0.000,0.0000,0.7500,146.750,0.250
62,2100,100,100,24,7158.9,4.750,1.0000,1.0000,0.000,0.000,1.0000,1.0000,0.000,0.000,1.0000,1.0000,0.000,0.000,1.0000,1.0000,0.000,0.000,0.3333,1.0000,1.500,0.000,0.0000,0.6250,148.792,0.417
63,2200,100,200,24,7130.1,4.292,1.0000,1.0000,0.000,0.000,1.0000,1.0000,0.000,0.000,1.0000,1.0000,0.000,0.000,1.0000,1.0000,0.000,0.000,0.2500,1.0000,2.542,0.000,0.0000,0.7917,172.583,0.292
64,2300,100,300,24,7098.8,4.083,1.0000,1.0000,0.000,0.000,1.0000,1.0000,0.000,0.000,1.0000,1.0000,0.000,0.000,1.0000,1.0000,0.000,0.000,0.0000,1.0000,4.292,0.000,0.0000,0.5417,203.833,0.583
65,2400,100,400,24,7091.4,4.083,1.0000,1.0000,0.000,0.000,1.0000,1.0000,0.000,0.000,1.0000,1.0000,0.000,0.000,1.0000,1.0000,0.000,0.000,0.0000,1.0000,8.708,0.000,0.0000,0.6667,255.000,0.375
66,2500,100,350,24,7093.7,4.000,1.0000,1.0000,0.000,0.000,1.0000,1.0000,0.000,0.000,1.0000,1.0000,0.000,0.000,1.0000,1.0000,0.000,0.000,0.0000,1.0000,5.917,0.000,0.0000,0.6667,226.542,0.417
67,2600,100,250,24,7130.6,4.000,1.0000,1.0000,0.000,0.000,1.0000,1.0000,0.000,0.000,1.0000,1.0000,0.000,0.000,1.0000,1.0000,0.000,0.000,0.0417,1.0000,2.792,0.000,0.0000,0.5417,182.667,0.542
68,2700,100,150,24,7161.6,4.000,1.0000,1.0000,0.000,0.000,1.0000,1.0000,0.000,0.000,1.0000,1.0000,0.000,0.000,1.0000,1.0000,0.000,0.000,0.0417,1.0000,1.750,0.000,0.0000,0.7083,155.583,0.292
69,2800,100,50,24,7131.8,4.000,1.0000,1.0000,0.000,0.000,1.0000,1.0000,0.000,0.000,1.0000,1.0000,0.000,0.000,1.0000,1.0000,0.000,0.000,0.2500,1.0000,1.458,0.000,0.0000,0.9167,143.750,0.083
70,2900,100,50,24,7072.0,4.000,1.0000,1.0000,0.000,0.000,1.0000,1.0000,0.000,0.000,1.0000,1.0000,0.000,0.000,1.0000,1.0000,0.000,0.000,0.3333,1.0000,0.958,0.000,0.0000,0.7917,141.667,0.208
71,3000,100,150,24,6950.2,3.625,1.0000,1.0000,0.000,0.000,1.0000,1.0000,0.000,0.000,1.0000,1.0000,0.000,0.000,1.0000,1.0000,0.000,0.000,0.2917,1.0000,0.958,0.000,0.0000,0.9583,96.458,0.042
72,3100,100,250,24,6787.0,3.083,1.0000,1.0000,0.000,0.000,1.0000,1.0000,0.000,0.000,1.0000,1.0000,0.000,0.000,1.0000,1.0000,0.000,0.000,0.4167,1.0000,0.875,0.000,0.0000,0.9583,66.000,0.042
73,3200,100,350,24,6611.3,3.125,1.0000,1.0000,0.000,0.000,1.0000,1.0000,0.000,0.000,1.0000,1.0000,0.000,0.000,1.0000,1.0000,0.000,0.000,0.4583,1.0000,0.667,0.000,0.0000,0.8333,49.292,0.167
74,3300,100,400,24,6421.5,3.000,1.0000,1.0000,0.000,0.000,1.0000,1.0000,0.000,0.000,1.0000,1.0000,0.000,0.000,1.0000,1.0000,0.000,0.000,0.5833,1.0000,0.625,0.000,0.0000,0.8333,47.208,0.167
75,3400,100,300,24,6237.2,3.000,1.0000,1.0000,0.000,0.000,1.0000,1.0000,0.000,0.000,1.0000,1.0000,0.000,0.000,1.0000,1.0000,0.000,0.000,0.5000,1.0000,0.667,0.000,0.0000,0.8750,54.000,0.125
76,3500,100,200,24,6004.0,3.000,1.0000,1.0000,0.000,0.000,1.0000,1.0000,0.000,0.000,1.0000,1.0000,0.000,0.000,1.0000,1.0000,0.000,0.000,0.2917,1.0000,1.042,0.000,0.0000,0.7500,78.625,0.292
77,3600,100,100,24,5731.0,3.000,1.0000,1.0000,0.000,0.000,1.0000,1.0000,0.000,0.000,1.0000,1.0000,0.000,0.000,1.0000,1.0000,0.000,0.000,0.3750,1.0000,0.958,0.000,0.0000,0.6667,119.958,0.333
78,3700,100,0,24,5391.5,3.000,1.0000,1.0000,0.000,0.000,1.0000,1.0000,0.000,0.000,1.0000,1.0000,0.000,0.000,1.0000,1.0000,0.000,0.000,0.4167,1.0000,0.917,0.000,0.0000,0.5000,147.583,0.625
79,3800,100,100,24,5015.8,2.792,1.0000,1.0000,0.000,0.000,1.0000,1.0000,0.000,0.000,1.0000,1.0000,0.000,0.000,1.0000,1.0000,0.000,0.000,0.3750,1.0000,0.958,0.000,0.0000,0.1667,150.042,1.375
80,3900,100,200,24,4562.7,2.333,1.0000,1.0000,0.000,0.000,1.0000,1.0000,0.000,0.000,1.0000,1.0000,0.000,0.000,1.0000,1.0000,0.000,0.000,0.1250,1.0000,2.000,0.000,0.0000,0.0833,170.958,3.125
81,4000,100,300,24,4120.1,2.042,1.0000,1.0000,0.000,0.000,1.0000,1.0000,0.000,0.000,1.0000,1.0000,0.000,0.000,0.9583,1.0000,0.042,0.000,0.0000,1.0000,4.875,0.000,0.0000,0.0000,204.042,10.250
82,0,200,300,24,2924.8,2.125,1.0000,1.0000,0.000,0.000,1.0000,1.0000,0.000,0.000,1.0000,1.0000,0.000,0.000,1.0000,1.0000,0.000,0.000,0.1250,0.3333,1.875,0.833,0.0000,0.0000,135.458,94.375
83,100,200,200,24,3340.4,2.167,1.0000,1.0000,0.000,0.000,1.0000,1.0000,0.000,0.000,1.0000,1.0000,0.000,0.000,1.0000,1.0000,0.000,0.000,0.5000,0.7917,0.750,0.250,0.0000,0.0000,104.417,56.708
84,200,200,100,24,3767.6,2.833,1.0000,1.0000,0.000,0.000,1.0000,1.0000,0.000,0.000,1.0000,1.0000,0.000,0.000,1.0000,1.0000,0.000,0.000,0.6667,0.8750,0.417,0.125,0.0000,0.0000,89.458,34.458
85,300,200,0,24,4205.4,3.000,1.0000,1.0000,0.000,0.000,1.0000,1.0000,0.000,0.000,1.0000,1.0000,0.000,0.000,1.0000,1.0000,0.000,0.000,0.8750,0.9583,0.125,0.042,0.0000,0.0000,88.875,22.667
86,400,200,100,24,4637.8,3.000,1.0000,1.0000,0.000,0.000,1.0000,1.0000,0.000,0.000,1.0000,1.0000,0.000,0.000,1.0000,1.0000,0.000,0.000,0.5833,1.0000,0.417,0.000,0.0000,0.0000,91.458,14.292
87,500,200,200,24,5033.8,3.000,1.0000,1.0000,0.000,0.000,1.0000,1.0000,0.000,0.000,1.0000,1.0000,0.000,0.000,1.0000,1.0000,0.000,0.000,0.3750,1.0000,0.833,0.000,0.0000,0.0000,106.500,9.208
88,600,200,300,24,5409.5,3.000,1.0000,1.0000,0.000,0.000,1.0000,1.0000,0.000,0.000,1.0000,1.0000,0.000,0.000,1.0000,1.0000,0.000,0.000,0.2500,1.0000,1.375,0.000,0.0000,0.0000,132.542,4.750
89,700,200,400,24,5757.0,3.000,1.0000,1.0000,0.000,0.000,1.0000,1.0000,0.000,0.000,1.0000,1.0000,0.000,0.000,1.0000,1.0000,0.000,0.000,0.0000,1.0000,3.667,0.000,0.0000,0.0833,178.958,2.667
90,800,200,350,24,6117.9,3.083,1.0000,1.0000,0.000,0.000,1.0000,1.0000,0.000,0.000,1.0000,1.0000,0.000,0.000,1.0000,1.0000,0.000,0.000,0.0000,1.0000,2.458,0.000,0.0000,0.1667,146.833,1.500
91,900,200,250,24,6440.7,3.208,1.0000,1.0000,0.000,0.000,1.0000,1.0000,0.000,0.000,1.0000,1.0000,0.000,0.000,1.0000,1.0000,0.000,0.000,0.3333,1.0000,1.292,0.000,0.0000,0.5417,122.292,0.583
92,1000,200,150,24,6702.7,3.708,1.0000,1.0000,0.000,0.000,1.0000,1.0000,0.000,0.000,1.0000,1.0000,0.000,0.000,1.0000,1.0000,0.000,0.000,0.5833,1.0000,0.583,0.000,0.0000,0.6250,99.458,0.500
93,1100,200,50,24,6902.1,4.000,1.0000,1.0000,0.000,0.000,1.0000,1.0000,0.000,0.000,1.0000,1.0000,0.000,0.000,1.0000,1.0000,0.000,0.000,0.6250,1.0000,0.417,0.000,0.0000,0.9583,87.208,0.042
94,1200,200,50,24,7032.0,4.000,1.0000,1.0000,0.000,0.000,1.0000,1.0000,0.000,0.000,1.0000,1.0000,0.000,0.000,1.0000,1.0000,0.000,0.000,0.8333,1.0000,0.208,0.000,0.0000,0.9583,86.375,0.042
95,1300,200,150,24,7085.2,4.000,1.0000,1.0000,0.000,0.000,1.0000,1.0000,0.000,0.000,1.0000,1.0000,0.000,0.000,1.0000,1.0000,0.000,0.000,0.6250,1.0000,0.375,0.000,0.0000,0.8750,96.167,0.125
96,1400,200,250,24,7100.3,4.000,1.0000,1.0000,0.000,0.000,1.0000,1.0000,0.000,0.000,1.0000,1.0000,0.000,0.000,1.0000,1.0000,0.000,0.000,0.4583,1.0000,0.708,0.000,0.0000,0.8333,101.208,0.167
97,1500,200,350,24,7077.4,4.000,1.0000,1.0000,0.000,0.000,1.0000,1.0000,0.000,0.000,1.0000,1.0000,0.000,0.000,1.0000,1.0000,0.000,0.000,0.1250,1.0000,1.250,0.000,0.0000,0.8750,87.333,0.167
98,1600,200,400,24,7109.7,4.000,1.0000,1.0000,0.000,0.000,1.0000,1.0000,0.000,0.000,1.0000,1.0000,0.000,0.000,1.0000,1.0000,0.000,0.000,0.2917,1.0000,1.458,0.000,0.0000,0.8750,84.458,0.125
99,1700,200,300,24,7206.1,4.125,1.0000,1.0000,0.000,0.000,1.0000,1.0000,0.000,0.000,1.0000,1.0000,0.000,0.000,1.0000,1.0000,0.000,0.000,0.3750,1.0000,0.958,0.000,0.0000,0.9583,96.500,0.042
100,1800,200,200,24,7289.3,4.500,1.0000,1.0000,0.000,0.000,1.0000,1.0000,0.000,0.000,1.0000,1.0000,0.000,0.000,1.0000,1.0000,0.000,0.000,0.5000,1.0000,0.583,0.000,0.0000,0.7500,104.125,0.250
101,1900,200,100,24,7407.8,4.875,1.0000,1.0000,0.000,0.000,1.0000,1.0000,0.000,0.000,1.0000,1.0000,0.000,0.000,1.0000,1.0000,0.000,0.000,0.7083,1.0000,0.333,0.000,0.0000,0.9167,91.125,0.083
102,2000,200,0,24,7476.9,5.000,1.0000,1.0000,0.000,0.000,1.0000,1.0000,0.000,0.000,1.0000,1.0000,0.000,0.000,1.0000,1.0000,0.000,0.000,0.7500,1.0000,0.333,0.000,0.0000,0.9167,86.792,0.083
103,2100,200,100,24,7488.2,4.917,1.0000,1.0000,0.000,0.000,1.0000,1.0000,0.000,0.000,1.0000,1.0000,0.000,0.000,1.0000,1.0000,0.000,0.000,0.5000,1.0000,0.583,0.000,0.0000,0.6667,91.500,0.375
104,2200,200,200,24,7450.4,4.458,1.0000,1.0000,0.000,0.000,1.0000,1.0000,0.000,0.000,1.0000,1.0000,0.000,0.000,1.0000,1.0000,0.000,0.000,0.5000,1.0000,0.833,0.000,0.0000,0.7500,106.875,0.250
105,2300,200,300,24,7396.8,4.125,1.0000,1.0000,0.000,0.000,1.0000,1.0000,0.000,0.000,1.0000,1.0000,0.000,0.000,1.0000,1.0000,0.000,0.000,0.0417,1.0000,1.875,0.000,0.0000,0.6250,130.667,0.375
106,2400,200,400,24,7368.5,4.042,1.0000,1.0000,0.000,0.000,1.0000,1.0000,0.000,0.000,1.0000,1.0000,0.000,0.000,1.0000,1.0000,0.000,0.000,0.0000,1.0000,3.667,0.000,0.0000,0.7083,175.125,0.333
107,2500,200,350,24,7376.1,4.042,1.0000,1.0000,0.000,0.000,1.0000,1.0000,0.000,0.000,1.0000,1.0000,0.000,0.000,1.0000,1.0000,0.000,0.000,0.0833,1.0000,2.833,0.000,0.0000,0.6667,154.333,0.375
108,2600,200,250,24,7414.3,4.000,1.0000,1.0000,0.000,0.000,1.0000,1.0000,0.000,0.000,1.0000,1.0000,0.000,0.000,1.0000,1.0000,0.000,0.000,0.1250,1.0000,1.417,0.000,0.0000,0.7917,117.958,0.208
109,2700,200,150,24,7472.1,4.000,1.0000,1.0000,0.000,0.000,1.0000,1.0000,0.000,0.000,1.0000,1.0000,0.000,0.000,1.0000,1.0000,0.000,0.000,0.5833,1.0000,0.667,0.000,0.0000,0.8750,97.958,0.125
110,2800,200,50,24,7475.8,4.000,1.0000,1.0000,0.000,0.000,1.0000,1.0000,0.000,0.000,1.0000,1.0000,0.000,0.000,1.0000,1.0000,0.000,0.000,0.7083,1.0000,0.292,0.000,0.0000,0.8750,89.583,0.167
111,2900,200,50,24,7443.0,3.958,1.0000,1.0000,0.000,0.000,1.0000,1.0000,0.000,0.000,1.0000,1.0000,0.000,0.000,1.0000,1.0000,0.000,0.000,0.8750,1.0000,0.125,0.000,0.0000,0.9167,89.417,0.125
112,3000,200,150,24,7341.7,3.625,1.0000,1.0000,0.000,0.000,1.0000,1.0000,0.000,0.000,1.0000,1.0000,0.000,0.000,1.0000,1.0000,0.000,0.000,0.7500,1.0000,0.333,0.000,0.0000,0.7917,95.208,0.208
113,3100,200,250,24,7184.5,3.292,1.0000,1.0000,0.000,0.000,1.0000,1.0000,0.000,0.000,1.0000,1.0000,0.000,0.000,1.0000,1.0000,0.000,0.000,0.4583,1.0000,0.750,0.000,0.0000,0.7917,103.000,0.208
114,3200,200,350,24,6996.9,3.042,1.0000,1.0000,0.000,0.000,1.0000,1.0000,0.000,0.000,1.0000,1.0000,0.000,0.000,1.0000,1.0000,0.000,0.000,0.2500,1.0000,1.167,0.000,0.0000,0.7500,86.042,0.333
115,3300,200,400,24,6799.0,3.000,1.0000,1.0000,0.000,0.000,1.0000,1.0000,0.000,0.000,1.0000,1.0000,0.000,0.000,1.0000,1.0000,0.000,0.000,0.2083,1.0000,1.625,0.000,0.0000,0.7917,85.375,0.250
116,3400,200,300,24,6577.2,3.000,1.0000,1.0000,0.000,0.000,1.0000,1.0000,0.000,0.000,1.0000,1.0000,0.000,0.000,1.0000,1.0000,0.000,0.000,0.2917,1.0000,0.875,0.000,0.0000,0.7917,94.375,0.250
117,3500,200,200,24,6326.5,3.000,1.0000,1.0000,0.000,0.000,1.0000,1.0000,0.000,0.000,1.0000,1.0000,0.000,0.000,1.0000,1.0000,0.000,0.000,0.6667,1.0000,0.500,0.000,0.0000,0.7500,106.208,0.292
118,3600,200,100,24,6037.0,3.000,1.0000,1.0000,0.000,0.000,1.0000,1.0000,0.000,0.000,1.0000,1.0000,0.000,0.000,1.0000,1.0000,0.000,0.000,0.8750,1.0000,0.167,0.000,0.0000,0.7500,89.000,0.292
119,3700,200,0,24,5675.3,3.000,1.0000,1.0000,0.000,0.000,1.0000,1.0000,0.000,0.000,1.0000,1.0000,0.000,0.000,1.0000,1.0000,0.000,0.000,0.7917,1.0000,0.250,0.000,0.0000,0.7917,90.458,0.292
120,3800,200,100,24,5242.4,2.708,1.0000,1.0000,0.000,0.000,1.0000,1.0000,0.000,0.000,1.0000,1.0000,0.000,0.000,1.0000,1.0000,0.000,0.000,0.7083,1.0000,0.292,0.000,0.0000,0.1667,94.625,1.333
121,3900,200,200,24,4777.8,2.333,1.0000,1.0000,0.000,0.000,1.0000,1.0000,0.000,0.000,1.0000,1.0000,0.000,0.000,1.0000,1.0000,0.000,0.000,0.3333,1.0000,0.833,0.000,0.0000,0.1250,110.042,2.750
122,4000,200,300,24,4288.2,2.083,1.0000,1.0000,0.000,0.000,1.0000,1.0000,0.000,0.000,1.0000,1.0000,0.000,0.000,1.0000,1.0000,0.000,0.000,0.2083,0.9583,1.500,0.042,0.0000,0.0000,134.083,8.375
123,0,300,300,24,3162.4,2.083,1.0000,1.0000,0.000,0.000,1.0000,1.0000,0.000,0.000,1.0000,1.0000,0.000,0.000,1.0000,1.0000,0.000,0.000,0.5000,0.7917,0.708,0.208,0.0000,0.0000,82.292,54.458
124,100,300,200,24,3584.5,2.375,1.0000,1.0000,0.000,0.000,1.0000,1.0000,0.000,0.000,1.0000,1.0000,0.000,0.000,1.0000,1.0000,0.000,0.000,0.8750,0.9583,0.125,0.042,0.0000,0.0000,66.417,35.708
125,200,300,100,24,4032.0,2.875,1.0000,1.0000,0.000,0.000,1.0000,1.0000,0.000,0.000,1.0000,1.0000,0.000,0.000,1.0000,1.0000,0.000,0.000,0.9167,0.9583,0.083,0.042,0.0000,0.0000,49.833,19.792
126,300,300,0,24,4479.5,3.000,1.0000,1.0000,0.000,0.000,1.0000,1.0000,0.000,0.000,1.0000,1.0000,0.000,0.000,1.0000,1.0000,0.000,0.000,0.9167,1.0000,0.083,0.000,0.0000,0.0000,48.333,10.167
127,400,300,100,24,4916.2,3.000,1.0000,1.0000,0.000,0.000,1.0000,1.0000,0.000,0.000,1.0000,1.0000,0.000,0.000,1.0000,1.0000,0.000,0.000,1.0000,1.0000,0.000,0.000,0.0000,0.0000,52.167,6.958
128,500,300,200,24,5314.0,3.000,1.0000,1.0000,0.000,0.000,1.0000,1.0000,0.000,0.000,1.0000,1.0000,0.000,0.000,1.0000,1.0000,0.000,0.000,0.8333,1.0000,0.167,0.000,0.0000,0.0417,61.333,3.917
129,600,300,300,24,5690.7,3.000,1.0000,1.0000,0.000,0.000,1.0000,1.0000,0.000,0.000,1.0000,1.0000,0.000,0.000,1.0000,1.0000,0.000,0.000,0.5833,1.0000,0.583,0.000,0.0000,0.0417,86.250,3.250
130,700,300,400,24,6061.5,3.000,1.0000,1.0000,0.000,0.000,1.0000,1.0000,0.000,0.000,1.0000,1.0000,0.000,0.000,1.0000,1.0000,0.000,0.000,0.1250,1.0000,1.708,0.000,0.0000,0.0833,121.583,2.458
131,800,300,350,24,6414.0,3.125,1.0000,1.0000,0.000,0.000,1.0000,1.0000,0.000,0.000,1.0000,1.0000,0.000,0.000,1.0000,1.0000,0.000,0.000,0.1667,1.0000,1.625,0.000,0.0000,0.4167,103.083,1.042
132,900,300,250,24,6764.0,3.208,1.0000,1.0000,0.000,0.000,1.0000,1.0000,0.000,0.000,1.0000,1.0000,0.000,0.000,1.0000,1.0000,0.000,0.000,0.7500,1.0000,0.292,0.000,0.0000,0.7500,69.583,0.250
133,1000,300,150,24,7049.1,3.750,1.0000,1.0000,0.000,0.000,1.0000,1.0000,0.000,0.000,1.0000,1.0000,0.000,0.000,1.0000,1.0000,0.000,0.000,0.9583,1.0000,0.042,0.000,0.0000,0.7500,58.417,0.292
134,1100,300,50,24,7280.1,3.917,1.0000,1.0000,0.000,0.000,1.0000,1.0000,0.000,0.000,1.0000,1.0000,0.000,0.000,1.0000,1.0000,0.000,0.000,0.9167,1.0000,0.083,0.000,0.0000,0.7500,47.708,0.250
135,1200,300,50,24,7396.5,4.000,1.0000,1.0000,0.000,0.000,1.0000,1.0000,0.000,0.000,1.0000,1.0000,0.000,0.000,1.0000,1.0000,0.000,0.000,0.9583,1.0000,0.042,0.000,0.0000,0.9583,51.667,0.083
136,1300,300,150,24,7451.9,4.000,1.0000,1.0000,0.000,0.000,1.0000,1.0000,0.000,0.000,1.0000,1.0000,0.000,0.000,1.0000,1.0000,0.000,0.000,0.9583,1.0000,0.042,0.000,0.0000,0.8750,56.333,0.125
137,1400,300,250,24,7455.1,4.000,1.0000,1.0000,0.000,0.000,1.0000,1.0000,0.000,0.000,1.0000,1.0000,0.000,0.000,1.0000,1.0000,0.000,0.000,0.7917,1.0000,0.208,0.000,0.0000,0.8750,69.833,0.125
138,1500,300,350,24,7445.5,4.000,1.0000,1.0000,0.000,0.000,1.0000,1.0000,0.000,0.000,1.0000,1.0000,0.000,0.000,1.0000,1.0000,0.000,0.000,0.3333,1.0000,1.125,0.000,0.0000,0.9583,100.750,0.042
139,1600,300,400,24,7473.9,4.000,1.0000,1.0000,0.000,0.000,1.0000,1.0000,0.000,0.000,1.0000,1.0000,0.000,0.000,1.0000,1.0000,0.000,0.000,0.1250,1.0000,1.625,0.000,0.0000,0.7500,122.250,0.292
140,1700,300,300,24,7546.7,4.000,1.0000,1.0000,0.000,0.000,1.0000,1.0000,0.000,0.000,1.0000,1.0000,0.000,0.000,1.0000,1.0000,0.000,0.000,0.5417,1.0000,0.667,0.000,0.0000,0.9167,85.250,0.125
141,1800,300,200,24,7643.0,4.333,1.0000,1.0000,0.000,0.000,1.0000,1.0000,0.000,0.000,1.0000,1.0000,0.000,0.000,1.0000,1.0000,0.000,0.000,1.0000,1.0000,0.000,0.000,0.0000,0.8750,62.750,0.125
142,1900,300,100,24,7742.5,4.917,1.0000,1.0000,0.000,0.000,1.0000,1.0000,0.000,0.000,1.0000,1.0000,0.000,0.000,1.0000,1.0000,0.000,0.000,0.9583,1.0000,0.042,0.000,0.0000,0.8333,52.000,0.208
143,2000,300,0,24,7786.6,5.000,1.0000,1.0000,0.000,0.000,1.0000,1.0000,0.000,0.000,1.0000,1.0000,0.000,0.000,1.0000,1.0000,0.000,0.000,0.9583,1.0000,0.042,0.000,0.0000,0.9583,48.708,0.042
144,2100,300,100,24,7773.2,4.833,1.0000,1.0000,0.000,0.000,1.0000,1.0000,0.000,0.000,1.0000,1.0000,0.000,0.000,1.0000,1.0000,0.000,0.000,0.9583,1.0000,0.042,0.000,0.0000,1.0000,53.958,0.000
145,2200,300,200,24,7713.8,4.333,1.0000,1.0000,0.000,0.000,1.0000,1.0000,0.000,0.000,1.0000,1.0000,0.000,0.000,1.0000,1.0000,0.000,0.000,0.8750,1.0000,0.167,0.000,0.0000,0.8750,62.000,0.167
146,2300,300,300,24,7634.0,4.083,1.0000,1.0000,0.000,0.000,1.0000,1.0000,0.000,0.000,1.0000,1.0000,0.000,0.000,1.0000,1.0000,0.000,0.000,0.5833,1.0000,0.708,0.000,0.0000,0.9583,81.875,0.042
147,2400,300,400,24,7589.6,4.000,1.0000,1.0000,0.000,0.000,1.0000,1.0000,0.000,0.000,1.0000,1.0000,0.000,0.000,1.0000,1.0000,0.000,0.000,0.1667,1.0000,1.750,0.000,0.0000,0.7500,120.042,0.292
148,2500,300,350,24,7625.3,4.000,1.0000,1.0000,0.000,0.000,1.0000,1.0000,0.000,0.000,1.0000,1.0000,0.000,0.000,1.0000,1.0000,0.000,0.000,0.4583,1.0000,0.875,0.000,0.0000,0.7500,98.208,0.292
149,2600,300,250,24,7665.0,4.000,1.0000,1.0000,0.000,0.000,1.0000,1.0000,0.000,0.000,1.0000,1.0000,0.000,0.000,1.0000,1.0000,0.000,0.000,0.6667,1.0000,0.417,0.000,0.0000,0.7500,71.875,0.333
150,2700,300,150,24,7750.5,4.000,1.0000,1.0000,0.000,0.000,1.0000,1.0000,0.000,0.000,1.0000,1.0000,0.000,0.000,1.0000,1.0000,0.000,0.000,0.9583,1.0000,0.042,0.000,0.0000,0.9583,53.750,0.042
151,2800,300,50,24,7782.4,4.000,1.0000,1.0000,0.000,0.000,1.0000,1.0000,0.000,0.000,1.0000,1.0000,0.000,0.000,1.0000,1.0000,0.000,0.000,0.9583,1.0000,0.042,0.000,0.0000,0.7083,51.750,0.292
152,2900,300,50,24,7756.4,4.000,1.0000,1.0000,0.000,0.000,1.0000,1.0000,0.000,0.000,1.0000,1.0000,0.000,0.000,1.0000,1.0000,0.000,0.000,0.9583,1.0000,0.042,0.000,0.0000,0.9583,48.542,0.042
153,3000,300,150,24,7662.4,3.417,1.0000,1.0000,0.000,0.000,1.0000,1.0000,0.000,0.000,1.0000,1.0000,0.000,0.000,1.0000,1.0000,0.000,0.000,0.9167,1.0000,0.083,0.000,0.0000,0.8333,58.208,0.167
154,3100,300,250,24,7506.1,3.083,1.0000,1.0000,0.000,0.000,1.0000,1.0000,0.000,0.000,1.0000,1.0000,0.000,0.000,1.0000,1.0000,0.000,0.000,0.7083,1.0000,0.292,0.000,0.0000,0.8750,69.333,0.125
155,3200,300,350,24,7321.4,3.083,1.0000,1.0000,0.000,0.000,1.0000,1.0000,0.000,0.000,1.0000,1.0000,0.000,0.000,1.0000,1.0000,0.000,0.000,0.3750,1.0000,0.958,0.000,0.0000,0.8750,100.042,0.125
156,3300,300,400,24,7128.5,3.000,1.0000,1.0000,0.000,0.000,1.0000,1.0000,0.000,0.000,1.0000,1.0000,0.000,0.000,1.0000,1.0000,0.000,0.000,0.0833,1.0000,1.792,0.000,0.0000,0.7917,117.917,0.208
157,3400,300,300,24,6890.8,3.000,1.0000,1.0000,0.000,0.000,1.0000,1.0000,0.000,0.000,1.0000,1.0000,0.000,0.000,1.0000,1.0000,0.000,0.000,0.4167,1.0000,1.042,0.000,0.0000,0.9583,84.833,0.042
158,3500,300,200,24,6610.9,3.000,1.0000,1.0000,0.000,0.000,1.0000,1.0000,0.000,0.000,1.0000,1.0000,0.000,0.000,1.0000,1.0000,0.000,0.000,0.8750,1.0000,0.125,0.000,0.0000,0.6667,66.375,0.417
159,3600,300,100,24,6315.5,3.000,1.0000,1.0000,0.000,0.000,1.0000,1.0000,0.000,0.000,1.0000,1.0000,0.000,0.000,1.0000,1.0000,0.000,0.000,0.8750,1.0000,0.125,0.000,0.0000,0.7500,51.083,0.333
160,3700,300,0,24,5910.8,3.000,1.0000,1.0000,0.000,0.000,1.0000,1.0000,0.000,0.000,1.0000,1.0000,0.000,0.000,1.0000,1.0000,0.000,0.000,0.9583,1.0000,0.042,0.000,0.0000,0.7500,47.208,0.292
161,3800,300,100,24,5448.1,2.833,1.0000,1.0000,0.000,0.000,1.0000,1.0000,0.000,0.000,1.0000,1.0000,0.000,0.000,1.0000,1.0000,0.000,0.000,1.0000,1.0000,0.000,0.000,0.0000,0.2917,49.750,1.125
162,3900,300,200,24,4944.9,2.292,1.0000,1.0000,0.000,0.000,1.0000,1.0000,0.000,0.000,1.0000,1.0000,0.000,0.000,1.0000,1.0000,0.000,0.000,0.8750,1.0000,0.167,0.000,0.0000,0.0417,64.333,2.292
163,4000,300,300,24,4430.3,2.083,1.0000,1.0000,0.000,0.000,1.0000,1.0000,0.000,0.000,1.0000,1.0000,0.000,0.000,1.0000,1.0000,0.000,0.000,0.5000,1.0000,0.625,0.000,0.0000,0.0000,83.583,7.083
164,0,400,300,24,3390.8,2.042,1.0000,1.0000,0.000,0.000,1.0000,1.0000,0.000,0.000,1.0000,1.0000,0.000,0.000,1.0000,1.0000,0.000,0.000,0.8333,0.9167,0.208,0.083,0.0000,0.0000,50.667,33.000
165,100,400,200,24,3822.1,2.417,1.0000,1.0000,0.000,0.000,1.0000,1.0000,0.000,0.000,1.0000,1.0000,0.000,0.000,1.0000,1.0000,0.000,0.000,0.9583,1.0000,0.042,0.000,0.0000,0.0000,37.833,19.333
166,200,400,100,24,4275.2,2.917,1.0000,1.0000,0.000,0.000,1.0000,1.0000,0.000,0.000,1.0000,1.0000,0.000,0.000,1.0000,1.0000,0.000,0.000,0.9583,1.0000,0.042,0.000,0.0000,0.0000,26.208,10.042
167,300,400,0,24,4735.5,3.000,1.0000,1.0000,0.000,0.000,1.0000,1.0000,0.000,0.000,1.0000,1.0000,0.000,0.000,1.0000,1.0000,0.000,0.000,1.0000,1.0000,0.000,0.000,0.0000,0.0000,25.333,5.542
168,400,400,100,24,5172.8,3.000,1.0000,1.0000,0.000,0.000,1.0000,1.0000,0.000,0.000,1.0000,1.0000,0.000,0.000,1.0000,1.0000,0.000,0.000,1.0000,1.0000,0.000,0.000,0.0000,0.0417,27.458,3.458
169,500,400,200,24,5580.5,3.000,1.0000,1.0000,0.000,0.000,1.0000,1.0000,0.000,0.000,1.0000,1.0000,0.000,0.000,1.0000,1.0000,0.000,0.000,0.8750,1.0000,0.125,0.000,0.0000,0.1250,35.833,1.750
170,600,400,300,24,5960.7,3.000,1.0000,1.0000,0.000,0.000,1.0000,1.0000,0.000,0.000,1.0000,1.0000,0.000,0.000,1.0000,1.0000,0.000,0.000,0.8333,1.0000,0.167,0.000,0.0000,0.1667,50.208,1.750
171,700,400,400,24,6323.8,3.000,1.0000,1.0000,0.000,0.000,1.0000,1.0000,0.000,0.000,1.0000,1.0000,0.000,0.000,1.0000,1.0000,0.000,0.000,0.3750,1.0000,0.917,0.000,0.0000,0.2500,84.250,1.125
172,800,400,350,24,6706.1,3.042,1.0000,1.0000,0.000,0.000,1.0000,1.0000,0.000,0.000,1.0000,1.0000,0.000,0.000,1.0000,1.0000,0.000,0.000,0.5417,1.0000,0.542,0.000,0.0000,0.4583,64.750,0.792
173,900,400,250,24,7038.6,3.250,1.0000,1.0000,0.000,0.000,1.0000,1.0000,0.000,0.000,1.0000,1.0000,0.000,0.000,1.0000,1.0000,0.000,0.000,0.8333,1.0000,0.167,0.000,0.0000,0.6667,43.333,0.500
174,1000,400,150,24,7360.6,3.625,1.0000,1.0000,0.000,0.000,1.0000,1.0000,0.000,0.000,1.0000,1.0000,0.000,0.000,1.0000,1.0000,0.000,0.000,0.9167,1.0000,0.083,0.000,0.0000,0.8333,31.792,0.208
175,1100,400,50,24,7591.1,3.958,1.0000,1.0000,0.000,0.000,1.0000,1.0000,0.000,0.000,1.0000,1.0000,0.000,0.000,1.0000,1.0000,0.000,0.000,0.9583,1.0000,0.042,0.000,0.0000,1.0000,25.042,0.000
176,1200,400,50,24,7720.6,4.000,1.0000,1.0000,0.000,0.000,1.0000,1.0000,0.000,0.000,1.0000,1.0000,0.000,0.000,1.0000,1.0000,0.000,0.000,1.0000,1.0000,0.000,0.000,0.0000,0.7917,26.625,0.208
177,1300,400,150,24,7765.6,4.000,1.0000,1.0000,0.000,0.000,1.0000,1.0000,0.000,0.000,1.0000,1.0000,0.000,0.000,1.0000,1.0000,0.000,0.000,0.9583,1.0000,0.042,0.000,0.0000,0.8750,33.333,0.167
178,1400,400,250,24,7775.6,4.000,1.0000,1.0000,0.000,0.000,1.0000,1.0000,0.000,0.000,1.0000,1.0000,0.000,0.000,1.0000,1.0000,0.000,0.000,0.7917,1.0000,0.250,0.000,0.0000,1.0000,43.542,0.000
179,1500,400,350,24,7756.2,4.000,1.0000,1.0000,0.000,0.000,1.0000,1.0000,0.000,0.000,1.0000,1.0000,0.000,0.000,1.0000,1.0000,0.000,0.000,0.5833,1.0000,0.583,0.000,0.0000,1.0000,65.292,0.000
180,1600,400,400,24,7775.4,4.083,1.0000,1.0000,0.000,0.000,1.0000,1.0000,0.000,0.000,1.0000,1.0000,0.000,0.000,1.0000,1.0000,0.000,0.000,0.3333,1.0000,0.875,0.000,0.0000,0.7917,80.833,0.208
181,1700,400,300,24,7835.3,4.083,1.0000,1.0000,0.000,0.000,1.0000,1.0000,0.000,0.000,1.0000,1.0000,0.000,0.000,1.0000,1.0000,0.000,0.000,0.7083,1.0000,0.292,0.000,0.0000,0.9583,52.125,0.083
182,1800,400,200,24,7933.2,4.125,1.0000,1.0000,0.000,0.000,1.0000,1.0000,0.000,0.000,1.0000,1.0000,0.000,0.000,1.0000,1.0000,0.000,0.000,0.9583,1.0000,0.042,0.000,0.0000,0.9583,36.875,0.083
183,1900,400,100,24,8008.5,4.958,1.0000,1.0000,0.000,0.000,1.0000,1.0000,0.000,0.000,1.0000,1.0000,0.000,0.000,1.0000,1.0000,0.000,0.000,1.0000,1.0000,0.000,0.000,0.0000,0.8333,27.083,0.167
184,2000,400,0,24,8020.0,5.000,1.0000,1.0000,0.000,0.000,1.0000,1.0000,0.000,0.000,1.0000,1.0000,0.000,0.000,1.0000,1.0000,0.000,0.000,1.0000,1.0000,0.000,0.000,0.0000,0.9583,25.000,0.042
185,2100,400,100,24,7990.9,4.917,1.0000,1.0000,0.000,0.000,1.0000,1.0000,0.000,0.000,1.0000,1.0000,0.000,0.000,1.0000,1.0000,0.000,0.000,1.0000,1.0000,0.000,0.000,0.0000,0.7917,27.917,0.208
186,2200,400,200,24,7920.1,4.375,1.0000,1.0000,0.000,0.000,1.0000,1.0000,0.000,0.000,1.0000,1.0000,0.000,0.000,1.0000,1.0000,0.000,0.000,0.8750,1.0000,0.125,0.000,0.0000,0.9583,36.833,0.042
187,2300,400,300,24,7811.2,4.083,1.0000,1.0000,0.000,0.000,1.0000,1.0000,0.000,0.000,1.0000,1.0000,0.000,0.000,1.0000,1.0000,0.000,0.000,0.8750,1.0000,0.167,0.000,0.0000,0.7500,52.125,0.250
188,2400,400,400,24,7747.5,4.042,1.0000,1.0000,0.000,0.000,1.0000,1.0000,0.000,0.000,1.0000,1.0000,0.000,0.000,1.0000,1.0000,0.000,0.000,0.5000,1.0000,0.625,0.000,0.0000,0.8750,84.708,0.125
189,2500,400,350,24,7791.2,4.000,1.0000,1.0000,0.000,0.000,1.0000,1.0000,0.000,0.000,1.0000,1.0000,0.000,0.000,1.0000,1.0000,0.000,0.000,0.5833,1.0000,0.583,0.000,0.0000,0.8750,63.000,0.125
190,2600,400,250,24,7862.8,4.000,1.0000,1.0000,0.000,0.000,1.0000,1.0000,0.000,0.000,1.0000,1.0000,0.000,0.000,1.0000,1.0000,0.000,0.000,0.8750,1.0000,0.125,0.000,0.0000,0.9583,41.625,0.042
191,2700,400,150,24,7965.3,4.000,1.0000,1.0000,0.000,0.000,1.0000,1.0000,0.000,0.000,1.0000,1.0000,0.000,0.000,1.0000,1.0000,0.000,0.000,0.9583,1.0000,0.042,0.000,0.0000,0.8750,31.042,0.125
192,2800,400,50,24,8021.7,4.000,1.0000,1.0000,0.000,0.000,1.0000,1.0000,0.000,0.000,1.0000,1.0000,0.000,0.000,1.0000,1.0000,0.000,0.000,1.0000,1.0000,0.000,0.000,0.0000,0.9583,25.167,0.042
193,2900,400,50,24,8003.2,4.000,1.0000,1.0000,0.000,0.000,1.0000,1.0000,0.000,0.000,1.0000,1.0000,0.000,0.000,1.0000,1.0000,0.000,0.000,0.9583,1.0000,0.042,0.000,0.0000,0.9167,26.583,0.083
194,3000,400,150,24,7936.0,3.750,1.0000,1.0000,0.000,0.000,1.0000,1.0000,0.000,0.000,1.0000,1.0000,0.000,0.000,1.0000,1.0000,0.000,0.000,0.9583,1.0000,0.042,0.000,0.0000,0.8750,30.375,0.125
195,3100,400,250,24,7777.7,3.292,1.0000,1.0000,0.000,0.000,1.0000,1.0000,0.000,0.000,1.0000,1.0000,0.000,0.000,1.0000,1.0000,0.000,0.000,0.9583,1.0000,0.042,0.000,0.0000,0.9167,43.417,0.125
196,3200,400,350,24,7601.1,3.083,1.0000,1.0000,0.000,0.000,1.0000,1.0000,0.000,0.000,1.0000,1.0000,0.000,0.000,1.0000,1.0000,0.000,0.000,0.6667,1.0000,0.375,0.000,0.0000,0.9167,65.208,0.083
197,3300,400,400,24,7388.0,3.000,1.0000,1.0000,0.000,0.000,1.0000,1.0000,0.000,0.000,1.0000,1.0000,0.000,0.000,1.0000,1.0000,0.000,0.000,0.4583,1.0000,0.625,0.000,0.0000,0.7917,80.750,0.208
198,3400,400,300,24,7152.0,3.000,1.0000,1.0000,0.000,0.000,1.0000,1.0000,0.000,0.000,1.0000,1.0000,0.000,0.000,1.0000,1.0000,0.000,0.000,0.7917,1.0000,0.208,0.000,0.0000,0.7083,51.208,0.333
199,3500,400,200,24,6862.1,3.000,1.0000,1.0000,0.000,0.000,1.0000,1.0000,0.000,0.000,1.0000,1.0000,0.000,0.000,1.0000,1.0000,0.000,0.000,0.8750,1.0000,0.167,0.000,0.0000,0.8750,35.000,0.125
200,3600,400,100,24,6521.2,3.000,1.0000,1.0000,0.000,0.000,1.0000,1.0000,0.000,0.000,1.0000,1.0000,0.000,0.000,1.0000,1.0000,0.000,0.000,1.0000,1.0000,0.000,0.000,0.0000,0.7083,29.042,0.417
201,3700,400,0,24,6095.2,3.000,1.0000,1.0000,0.000,0.000,1.0000,1.0000,0.000,0.000,1.0000,1.0000,0.000,0.000,1.0000,1.0000,0.000,0.000,1.0000,1.0000,0.000,0.000,0.0000,0.6667,25.250,0.417
202,3800,400,100,24,5617.8,2.875,1.0000,1.0000,0.000,0.000,1.0000,1.0000,0.000,0.000,1.0000,1.0000,0.000,0.000,1.0000,1.0000,0.000,0.000,1.0000,1.0000,0.000,0.000,0.0000,0.4583,26.458,0.708
203,3900,400,200,24,5072.7,2.417,1.0000,1.0000,0.000,0.000,1.0000,1.0000,0.000,0.000,1.0000,1.0000,0.000,0.000,1.0000,1.0000,0.000,0.000,0.8333,1.0000,0.167,0.000,0.0000,0.0417,36.375,2.375
204,4000,400,300,24,4525.2,2.167,1.0000,1.0000,0.000,0.000,1.0000,1.0000,0.000,0.000,1.0000,1.0000,0.000,0.000,1.0000,1.0000,0.000,0.000,0.7917,1.0000,0.250,0.000,0.0000,0.0000,53.000,6.292
205,0,500,300,24,3592.6,2.042,1.0000,1.0000,0.000,0.000,1.0000,1.0000,0.000,0.000,1.0000,1.0000,0.000,0.000,1.0000,1.0000,0.000,0.000,0.8750,0.9583,0.125,0.042,0.0000,0.0000,33.875,22.083
206,100,500,200,24,4035.6,2.583,1.0000,1.0000,0.000,0.000,1.0000,1.0000,0.000,0.000,1.0000,1.0000,0.000,0.000,1.0000,1.0000,0.000,0.000,0.9583,1.0000,0.042,0.000,0.0000,0.0000,19.542,10.667
207,200,500,100,24,4520.4,2.875,1.0000,1.0000,0.000,0.000,1.0000,1.0000,0.000,0.000,1.0000,1.0000,0.000,0.000,1.0000,1.0000,0.000,0.000,1.0000,1.0000,0.000,0.000,0.0000,0.0000,13.917,4.708
208,300,500,0,24,4975.8,3.000,1.0000,1.0000,0.000,0.000,1.0000,1.0000,0.000,0.000,1.0000,1.0000,0.000,0.000,1.0000,1.0000,0.000,0.000,1.0000,1.0000,0.000,0.000,0.0000,0.0833,11.333,2.292
209,400,500,100,24,5415.5,3.000,1.0000,1.0000,0.000,0.000,1.0000,1.0000,0.000,0.000,1.0000,1.0000,0.000,0.000,1.0000,1.0000,0.000,0.000,1.0000,1.0000,0.000,0.000,0.0000,0.1667,14.667,1.958
210,500,500,200,24,5823.2,3.000,1.0000,1.0000,0.000,0.000,1.0000,1.0000,0.000,0.000,1.0000,1.0000,0.000,0.000,1.0000,1.0000,0.000,0.000,0.9583,1.0000,0.042,0.000,0.0000,0.2500,22.167,1.250
211,600,500,300,24,6197.2,3.000,1.0000,1.0000,0.000,0.000,1.0000,1.0000,0.000,0.000,1.0000,1.0000,0.000,0.000,1.0000,1.0000,0.000,0.000,0.9583,1.0000,0.042,0.000,0.0000,0.2083,35.917,1.458
212,700,500,400,24,6588.1,3.000,1.0000,1.0000,0.000,0.000,1.0000,1.0000,0.000,0.000,1.0000,1.0000,0.000,0.000,1.0000,1.0000,0.000,0.000,0.6667,1.0000,0.333,0.000,0.0000,0.5000,56.083,0.833
213,800,500,350,24,6915.7,3.042,1.0000,1.0000,0.000,0.000,1.0000,1.0000,0.000,0.000,1.0000,1.0000,0.000,0.000,1.0000,1.0000,0.000,0.000,0.7917,1.0000,0.208,0.000,0.0000,0.5417,42.833,0.583
214,900,500,250,24,7281.6,3.500,1.0000,1.0000,0.000,0.000,1.0000,1.0000,0.000,0.000,1.0000,1.0000,0.000,0.000,1.0000,1.0000,0.000,0.000,0.8750,1.0000,0.167,0.000,0.0000,0.7917,25.500,0.250
215,1000,500,150,24,7582.8,3.625,1.0000,1.0000,0.000,0.000,1.0000,1.0000,0.000,0.000,1.0000,1.0000,0.000,0.000,1.0000,1.0000,0.000,0.000,0.9167,1.0000,0.083,0.000,0.0000,0.8333,16.375,0.167
216,1100,500,50,24,7843.6,4.000,1.0000,1.0000,0.000,0.000,1.0000,1.0000,0.000,0.000,1.0000,1.0000,0.000,0.000,1.0000,1.0000,0.000,0.000,0.9583,1.0000,0.042,0.000,0.0000,0.8333,12.500,0.167
217,1200,500,50,24,7960.7,4.000,1.0000,1.0000,0.000,0.000,1.0000,1.0000,0.000,0.000,1.0000,1.0000,0.000,0.000,1.0000,1.0000,0.000,0.000,1.0000,1.0000,0.000,0.000,0.0000,0.9167,13.167,0.083
218,1300,500,150,24,8009.4,4.000,1.0000,1.0000,0.000,0.000,1.0000,1.0000,0.000,0.000,1.0000,1.0000,0.000,0.000,1.0000,1.0000,0.000,0.000,1.0000,1.0000,0.000,0.000,0.0000,0.8750,17.125,0.167
219,1400,500,250,24,8016.2,4.000,1.0000,1.0000,0.000,0.000,1.0000,1.0000,0.000,0.000,1.0000,1.0000,0.000,0.000,1.0000,1.0000,0.000,0.000,0.8750,1.0000,0.125,0.000,0.0000,0.9167,27.125,0.083
220,1500,500,350,24,7994.1,4.000,1.0000,1.0000,0.000,0.000,1.0000,1.0000,0.000,0.000,1.0000,1.0000,0.000,0.000,1.0000,1.0000,0.000,0.000,0.8750,1.0000,0.125,0.000,0.0000,0.8750,40.042,0.125
221,1600,500,400,24,8014.8,4.000,1.0000,1.0000,0.000,0.000,1.0000,1.0000,0.000,0.000,1.0000,1.0000,0.000,0.000,1.0000,1.0000,0.000,0.000,0.7500,1.0000,0.333,0.000,0.0000,0.9583,56.125,0.042
222,1700,500,300,24,8070.0,4.125,1.0000,1.0000,0.000,0.000,1.0000,1.0000,0.000,0.000,1.0000,1.0000,0.000,0.000,1.0000,1.0000,0.000,0.000,0.8750,1.0000,0.125,0.000,0.0000,0.9583,34.000,0.042
223,1800,500,200,24,8132.0,4.292,1.0000,1.0000,0.000,0.000,1.0000,1.0000,0.000,0.000,1.0000,1.0000,0.000,0.000,1.0000,1.0000,0.000,0.000,1.0000,1.0000,0.000,0.000,0.0000,0.9167,20.625,0.083
224,1900,500,100,24,8193.3,4.958,1.0000,1.0000,0.000,0.000,1.0000,1.0000,0.000,0.000,1.0000,1.0000,0.000,0.000,1.0000,1.0000,0.000,0.000,1.0000,1.0000,0.000,0.000,0.0000,0.9583,14.542,0.042
225,2000,500,0,24,8213.5,5.000,1.0000,1.0000,0.000,0.000,1.0000,1.0000,0.000,0.000,1.0000,1.0000,0.000,0.000,1.0000,1.0000,0.000,0.000,0.9583,1.0000,0.042,0.000,0.0000,0.8333,13.375,0.167
226,2100,500,100,24,8150.4,4.958,1.0000,1.0000,0.000,0.000,1.0000,1.0000,0.000,0.000,1.0000,1.0000,0.000,0.000,1.0000,1.0000,0.000,0.000,1.0000,1.0000,0.000,0.000,0.0000,0.9583,14.208,0.042
227,2200,500,200,24,8064.5,4.458,1.0000,1.0000,0.000,0.000,1.0000,1.0000,0.000,0.000,1.0000,1.0000,0.000,0.000,1.0000,1.0000,0.000,0.000,1.0000,1.0000,0.000,0.000,0.0000,0.9167,18.958,0.083
228,2300,500,300,24,7951.9,4.083,1.0000,1.0000,0.000,0.000,1.0000,1.0000,0.000,0.000,1.0000,1.0000,0.000,0.000,1.0000,1.0000,0.000,0.000,0.7500,1.0000,0.250,0.000,0.0000,0.8750,33.958,0.125
229,2400,500,400,24,7878.1,4.000,1.0000,1.0000,0.000,0.000,1.0000,1.0000,0.000,0.000,1.0000,1.0000,0.000,0.000,1.0000,1.0000,0.000,0.000,0.6250,1.0000,0.417,0.000,0.0000,0.9167,57.542,0.083
230,2500,500,350,24,7892.9,4.000,1.0000,1.0000,0.000,0.000,1.0000,1.0000,0.000,0.000,1.0000,1.0000,0.000,0.000,1.0000,1.0000,0.000,0.000,0.7500,1.0000,0.292,0.000,0.0000,0.8333,43.542,0.167
231,2600,500,250,24,8002.2,4.000,1.0000,1.0000,0.000,0.000,1.0000,1.0000,0.000,0.000,1.0000,1.0000,0.000,0.000,1.0000,1.0000,0.000,0.000,0.8750,1.0000,0.125,0.000,0.0000,0.8333,25.125,0.167
232,2700,500,150,24,8105.4,4.000,1.0000,1.0000,0.000,0.000,1.0000,1.0000,0.000,0.000,1.0000,1.0000,0.000,0.000,1.0000,1.0000,0.000,0.000,1.0000,1.0000,0.000,0.000,0.0000,0.9583,17.042,0.042
233,2800,500,50,24,8189.0,4.000,1.0000,1.0000,0.000,0.000,1.0000,1.0000,0.000,0.000,1.0000,1.0000,0.000,0.000,1.0000,1.0000,0.000,0.000,1.0000,1.0000,0.000,0.000,0.0000,0.9583,13.708,0.042
234,2900,500,50,24,8199.9,4.000,1.0000,1.0000,0.000,0.000,1.0000,1.0000,0.000,0.000,1.0000,1.0000,0.000,0.000,1.0000,1.0000,0.000,0.000,1.0000,1.0000,0.000,0.000,0.0000,0.9167,13.042,0.083
235,3000,500,150,24,8138.5,3.750,1.0000,1.0000,0.000,0.000,1.0000,1.0000,0.000,0.000,1.0000,1.0000,0.000,0.000,1.0000,1.0000,0.000,0.000,1.0000,1.0000,0.000,0.000,0.0000,0.9583,15.917,0.042
236,3100,500,250,24,8005.0,3.167,1.0000,1.0000,0.000,0.000,1.0000,1.0000,0.000,0.000,1.0000,1.0000,0.000,0.000,1.0000,1.0000,0.000,0.000,0.9583,1.0000,0.083,0.000,0.0000,0.8750,25.125,0.125
237,3200,500,350,24,7816.8,3.083,1.0000,1.0000,0.000,0.000,1.0000,1.0000,0.000,0.000,1.0000,1.0000,0.000,0.000,1.0000,1.0000,0.000,0.000,0.9583,1.0000,0.042,0.000,0.0000,0.9167,41.500,0.083
238,3300,500,400,24,7592.6,3.000,1.0000,1.0000,0.000,0.000,1.0000,1.0000,0.000,0.000,1.0000,1.0000,0.000,0.000,1.0000,1.0000,0.000,0.000,0.7500,1.0000,0.250,0.000,0.0000,0.9167,58.583,0.083
239,3400,500,300,24,7345.1,3.000,1.0000,1.0000,0.000,0.000,1.0000,1.0000,0.000,0.000,1.0000,1.0000,0.000,0.000,1.0000,1.0000,0.000,0.000,0.7500,1.0000,0.333,0.000,0.0000,0.7917,33.208,0.250
240,3500,500,200,24,7046.2,3.000,1.0000,1.0000,0.000,0.000,1.0000,1.0000,0.000,0.000,1.0000,1.0000,0.000,0.000,1.0000,1.0000,0.000,0.000,1.0000,1.0000,0.000,0.000,0.0000,0.7500,19.333,0.250
241,3600,500,100,24,6682.2,3.000,1.0000,1.0000,0.000,0.000,1.0000,1.0000,0.000,0.000,1.0000,1.0000,0.000,0.000,1.0000,1.0000,0.000,0.000,1.0000,1.0000,0.000,0.000,0.0000,0.7917,12.458,0.208
242,3700,500,0,24,6226.9,3.000,1.0000,1.0000,0.000,0.000,1.0000,1.0000,0.000,0.000,1.0000,1.0000,0.000,0.000,1.0000,1.0000,0.000,0.000,1.0000,1.0000,0.000,0.000,0.0000,0.6667,12.083,0.542
243,3800,500,100,24,5720.6,2.917,1.0000,1.0000,0.000,0.000,1.0000,1.0000,0.000,0.000,1.0000,1.0000,0.000,0.000,1.0000,1.0000,0.000,0.000,1.0000,1.0000,0.000,0.000,0.0000,0.4583,14.583,0.667
244,3900,500,200,24,5160.2,2.542,1.0000,1.0000,0.000,0.000,1.0000,1.0000,0.000,0.000,1.0000,1.0000,0.000,0.000,1.0000,1.0000,0.000,0.000,1.0000,1.0000,0.000,0.000,0.0000,0.0417,19.958,1.917
245,4000,500,300,24,4595.8,2.000,1.0000,1.0000,0.000,0.000,1.0000,1.0000,0.000,0.000,1.0000,1.0000,0.000,0.000,1.0000,1.0000,0.000,0.000,0.8750,1.0000,0.167,0.000,0.0000,0.0000,33.458,5.917
246,0,600,300,24,3795.9,2.125,1.0000,1.0000,0.000,0.000,1.0000,1.0000,0.000,0.000,1.0000,1.0000,0.000,0.000,1.0000,1.0000,0.000,0.000,1.0000,1.0000,0.000,0.000,0.0000,0.0000,20.750,13.125
247,100,600,200,24,4235.2,2.333,1.0000,1.0000,0.000,0.000,1.0000,1.0000,0.000,0.000,1.0000,1.0000,0.000,0.000,1.0000,1.0000,0.000,0.000,1.0000,1.0000,0.000,0.000,0.0000,0.0000,11.417,5.875
248,200,600,100,24,4712.5,2.958,1.0000,1.0000,0.000,0.000,1.0000,1.0000,0.000,0.000,1.0000,1.0000,0.000,0.000,1.0000,1.0000,0.000,0.000,1.0000,1.0000,0.000,0.000,0.0000,0.0417,7.708,2.292
249,300,600,0,24,5185.3,3.000,1.0000,1.0000,0.000,0.000,1.0000,1.0000,0.000,0.000,1.0000,1.0000,0.000,0.000,1.0000,1.0000,0.000,0.000,1.0000,1.0000,0.000,0.000,0.0000,0.2500,6.750,1.333
250,400,600,100,24,5645.4,3.000,1.0000,1.0000,0.000,0.000,1.0000,1.0000,0.000,0.000,1.0000,1.0000,0.000,0.000,1.0000,1.0000,0.000,0.000,1.0000,1.0000,0.000,0.000,0.0000,0.3750,7.250,1.000
251,500,600,200,24,6052.2,3.000,1.0000,1.0000,0.000,0.000,1.0000,1.0000,0.000,0.000,1.0000,1.0000,0.000,0.000,1.0000,1.0000,0.000,0.000,0.9583,1.0000,0.042,0.000,0.0000,0.3333,13.208,0.958
252,600,600,300,24,6428.6,3.000,1.0000,1.0000,0.000,0.000,1.0000,1.0000,0.000,0.000,1.0000,1.0000,0.000,0.000,1.0000,1.0000,0.000,0.000,0.8750,1.0000,0.167,0.000,0.0000,0.5417,22.958,0.542
253,700,600,400,24,6777.4,3.000,1.0000,1.0000,0.000,0.000,1.0000,1.0000,0.000,0.000,1.0000,1.0000,0.000,0.000,1.0000,1.0000,0.000,0.000,0.8750,1.0000,0.167,0.000,0.0000,0.5000,40.958,0.583
254,800,600,350,24,7138.0,3.083,1.0000,1.0000,0.000,0.000,1.0000,1.0000,0.000,0.000,1.0000,1.0000,0.000,0.000,1.0000,1.0000,0.000,0.000,0.8750,1.0000,0.125,0.000,0.0000,0.5833,28.583,0.500
255,900,600,250,24,7474.3,3.208,1.0000,1.0000,0.000,0.000,1.0000,1.0000,0.000,0.000,1.0000,1.0000,0.000,0.000,1.0000,1.0000,0.000,0.000,1.0000,1.0000,0.000,0.000,0.0000,0.9167,14.375,0.083
256,1000,600,150,24,7771.7,3.792,1.0000,1.0000,0.000,0.000,1.0000,1.0000,0.000,0.000,1.0000,1.0000,0.000,0.000,1.0000,1.0000,0.000,0.000,0.9583,1.0000,0.042,0.000,0.0000,0.8750,9.042,0.167
257,1100,600,50,24,8023.8,3.958,1.0000,1.0000,0.000,0.000,1.0000,1.0000,0.000,0.000,1.0000,1.0000,0.000,0.000,1.0000,1.0000,0.000,0.000,1.0000,1.0000,0.000,0.000,0.0000,0.9167,5.375,0.125
258,1200,600,50,24,8135.2,4.000,1.0000,1.0000,0.000,0.000,1.0000,1.0000,0.000,0.000,1.0000,1.0000,0.000,0.000,1.0000,1.0000,0.000,0.000,1.0000,1.0000,0.000,0.000,0.0000,0.8333,6.708,0.167
259,1300,600,150,24,8191.3,4.000,1.0000,1.0000,0.000,0.000,1.0000,1.0000,0.000,0.000,1.0000,1.0000,0.000,0.000,1.0000,1.0000,0.000,0.000,1.0000,1.0000,0.000,0.000,0.0000,0.8333,8.458,0.167
260,1400,600,250,24,8185.4,4.000,1.0000,1.0000,0.000,0.000,1.0000,1.0000,0.000,0.000,1.0000,1.0000,0.000,0.000,1.0000,1.0000,0.000,0.000,1.0000,1.0000,0.000,0.000,0.0000,0.8333,15.667,0.208
261,1500,600,350,24,8153.8,4.000,1.0000,1.0000,0.000,0.000,1.0000,1.0000,0.000,0.000,1.0000,1.0000,0.000,0.000,1.0000,1.0000,0.000,0.000,0.8333,1.0000,0.167,0.000,0.0000,0.8333,28.500,0.167
262,1600,600,400,24,8149.0,4.000,1.0000,1.0000,0.000,0.000,1.0000,1.0000,0.000,0.000,1.0000,1.0000,0.000,0.000,1.0000,1.0000,0.000,0.000,0.7917,1.0000,0.208,0.000,0.0000,0.7500,44.208,0.333
263,1700,600,300,24,8216.4,4.125,1.0000,1.0000,0.000,0.000,1.0000,1.0000,0.000,0.000,1.0000,1.0000,0.000,0.000,1.0000,1.0000,0.000,0.000,0.8750,1.0000,0.125,0.000,0.0000,0.8750,19.958,0.125
264,1800,600,200,24,8279.6,4.500,1.0000,1.0000,0.000,0.000,1.0000,1.0000,0.000,0.000,1.0000,1.0000,0.000,0.000,1.0000,1.0000,0.000,0.000,0.9583,1.0000,0.042,0.000,0.0000,0.9167,11.833,0.083
265,1900,600,100,24,8315.6,4.875,1.0000,1.0000,0.000,0.000,1.0000,1.0000,0.000,0.000,1.0000,1.0000,0.000,0.000,1.0000,1.0000,0.000,0.000,1.0000,1.0000,0.000,0.000,0.0000,0.9167,7.708,0.083
266,2000,600,0,24,8317.9,5.000,1.0000,1.0000,0.000,0.000,1.0000,1.0000,0.000,0.000,1.0000,1.0000,0.000,0.000,1.0000,1.0000,0.000,0.000,1.0000,1.0000,0.000,0.000,0.0000,0.8333,6.292,0.167
267,2100,600,100,24,8237.0,5.000,1.0000,1.0000,0.000,0.000,1.0000,1.0000,0.000,0.000,1.0000,1.0000,0.000,0.000,1.0000,1.0000,0.000,0.000,1.0000,1.0000,0.000,0.000,0.0000,1.0000,7.917,0.000
268,2200,600,200,24,8113.2,4.542,1.0000,1.0000,0.000,0.000,1.0000,1.0000,0.000,0.000,1.0000,1.0000,0.000,0.000,1.0000,1.0000,0.000,0.000,0.9167,1.0000,0.083,0.000,0.0000,0.8333,12.125,0.208
269,2300,600,300,24,8019.2,4.125,1.0000,1.0000,0.000,0.000,1.0000,1.0000,0.000,0.000,1.0000,1.0000,0.000,0.000,1.0000,1.0000,0.000,0.000,0.8750,1.0000,0.125,0.000,0.0000,0.6667,20.375,0.375
270,2400,600,400,24,7946.3,4.000,1.0000,1.0000,0.000,0.000,1.0000,1.0000,0.000,0.000,1.0000,1.0000,0.000,0.000,1.0000,1.0000,0.000,0.000,0.7917,1.0000,0.250,0.000,0.0000,0.8333,40.208,0.167
271,2500,600,350,24,7975.2,4.000,1.0000,1.0000,0.000,0.000,1.0000,1.0000,0.000,0.000,1.0000,1.0000,0.000,0.000,1.0000,1.0000,0.000,0.000,1.0000,1.0000,0.000,0.000,0.0000,0.7500,30.500,0.250
272,2600,600,250,24,8064.5,4.000,1.0000,1.0000,0.000,0.000,1.0000,1.0000,0.000,0.000,1.0000,1.0000,0.000,0.000,1.0000,1.0000,0.000,0.000,1.0000,1.0000,0.000,0.000,0.0000,0.9583,15.417,0.042
273,2700,600,150,24,8192.0,4.000,1.0000,1.0000,0.000,0.000,1.0000,1.0000,0.000,0.000,1.0000,1.0000,0.000,0.000,1.0000,1.0000,0.000,0.000,1.0000,1.0000,0.000,0.000,0.0000,0.9167,9.208,0.125
274,2800,600,50,24,8279.8,4.000,1.0000,1.0000,0.000,0.000,1.0000,1.0000,0.000,0.000,1.0000,1.0000,0.000,0.000,1.0000,1.0000,0.000,0.000,1.0000,1.0000,0.000,0.000,0.0000,0.8750,7.125,0.167
275,2900,600,50,24,8316.2,4.000,1.0000,1.0000,0.000,0.000,1.0000,1.0000,0.000,0.000,1.0000,1.0000,0.000,0.000,1.0000,1.0000,0.000,0.000,1.0000,1.0000,0.000,0.000,0.0000,0.8750,6.125,0.125
276,3000,600,150,24,8244.9,3.750,1.0000,1.0000,0.000,0.000,1.0000,1.0000,0.000,0.000,1.0000,1.0000,0.000,0.000,1.0000,1.0000,0.000,0.000,1.0000,1.0000,0.000,0.000,0.0000,0.9167,9.167,0.083
277,3100,600,250,24,8102.9,3.333,1.0000,1.0000,0.000,0.000,1.0000,1.0000,0.000,0.000,1.0000,1.0000,0.000,0.000,1.0000,1.0000,0.000,0.000,0.9167,1.0000,0.083,0.000,0.0000,0.9167,15.458,0.167
278,3200,600,350,24,7941.1,3.000,1.0000,1.0000,0.000,0.000,1.0000,1.0000,0.000,0.000,1.0000,1.0000,0.000,0.000,1.0000,1.0000,0.000,0.000,0.9167,1.0000,0.083,0.000,0.0000,0.7917,29.167,0.250
279,3300,600,400,24,7738.5,3.000,1.0000,1.0000,0.000,0.000,1.0000,1.0000,0.000,0.000,1.0000,1.0000,0.000,0.000,1.0000,1.0000,0.000,0.000,0.8333,1.0000,0.167,0.000,0.0000,0.7917,41.125,0.250
280,3400,600,300,24,7469.3,3.000,1.0000,1.0000,0.000,0.000,1.0000,1.0000,0.000,0.000,1.0000,1.0000,0.000,0.000,1.0000,1.0000,0.000,0.000,0.9167,1.0000,0.083,0.000,0.0000,0.8333,22.458,0.167
281,3500,600,200,24,7164.9,3.000,1.0000,1.0000,0.000,0.000,1.0000,1.0000,0.000,0.000,1.0000,1.0000,0.000,0.000,1.0000,1.0000,0.000,0.000,1.0000,1.0000,0.000,0.000,0.0000,0.7917,12.333,0.250
282,3600,600,100,24,6769.8,3.000,1.0000,1.0000,0.000,0.000,1.0000,1.0000,0.000,0.000,1.0000,1.0000,0.000,0.000,1.0000,1.0000,0.000,0.000,1.0000,1.0000,0.000,0.000,0.0000,0.9167,7.708,0.125
283,3700,600,0,24,6302.5,3.000,1.0000,1.0000,0.000,0.000,1.0000,1.0000,0.000,0.000,1.0000,1.0000,0.000,0.000,1.0000,1.0000,0.000,0.000,1.0000,1.0000,0.000,0.000,0.0000,0.7917,5.250,0.333
284,3800,600,100,24,5755.1,2.833,1.0000,1.0000,0.000,0.000,1.0000,1.0000,0.000,0.000,1.0000,1.0000,0.000,0.000,1.0000,1.0000,0.000,0.000,1.0000,1.0000,0.000,0.000,0.0000,0.5000,7.417,0.792
285,3900,600,200,24,5182.8,2.417,1.0000,1.0000,0.000,0.000,1.0000,1.0000,0.000,0.000,1.0000,1.0000,0.000,0.000,1.0000,1.0000,0.000,0.000,0.9583,1.0000,0.042,0.000,0.0000,0.0417,13.167,2.625
286,4000,600,300,24,4632.8,2.167,1.0000,1.0000,0.000,0.000,1.0000,1.0000,0.000,0.000,1.0000,1.0000,0.000,0.000,1.0000,1.0000,0.000,0.000,0.9583,1.0000,0.042,0.000,0.0000,0.0000,19.583,5.208
287,0,700,300,24,3935.5,2.125,1.0000,1.0000,0.000,0.000,1.0000,1.0000,0.000,0.000,1.0000,1.0000,0.000,0.000,1.0000,1.0000,0.000,0.000,0.9167,0.9583,0.083,0.042,0.0000,0.0000,16.542,10.542
288,100,700,200,24,4420.5,2.583,1.0000,1.0000,0.000,0.000,1.0000,1.0000,0.000,0.000,1.0000,1.0000,0.000,0.000,1.0000,1.0000,0.000,0.000,1.0000,1.0000,0.000,0.000,0.0000,0.0417,7.958,4.083
289,200,700,100,24,4909.9,3.000,1.0000,1.0000,0.000,0.000,1.0000,1.0000,0.000,0.000,1.0000,1.0000,0.000,0.000,1.0000,1.0000,0.000,0.000,1.0000,1.0000,0.000,0.000,0.0417,0.1667,4.708,1.292
290,300,700,0,24,5392.9,3.000,1.0000,1.0000,0.000,0.000,1.0000,1.0000,0.000,0.000,1.0000,1.0000,0.000,0.000,1.0000,1.0000,0.000,0.000,1.0000,1.0000,0.000,0.000,0.0417,0.4167,3.792,0.833
291,400,700,100,24,5842.9,3.000,1.0000,1.0000,0.000,0.000,1.0000,1.0000,0.000,0.000,1.0000,1.0000,0.000,0.000,1.0000,1.0000,0.000,0.000,1.0000,1.0000,0.000,0.000,0.0000,0.6250,4.292,0.583
292,500,700,200,24,6231.5,3.000,1.0000,1.0000,0.000,0.000,1.0000,1.0000,0.000,0.000,1.0000,1.0000,0.000,0.000,1.0000,1.0000,0.000,0.000,0.9583,1.0000,0.042,0.000,0.0000,0.4583,8.583,0.750
293,600,700,300,24,6599.8,3.000,1.0000,1.0000,0.000,0.000,1.0000,1.0000,0.000,0.000,1.0000,1.0000,0.000,0.000,1.0000,1.0000,0.000,0.000,0.9583,1.0000,0.042,0.000,0.0000,0.7500,15.917,0.333
294,700,700,400,24,6935.6,3.000,1.0000,1.0000,0.000,0.000,1.0000,1.0000,0.000,0.000,1.0000,1.0000,0.000,0.000,1.0000,1.0000,0.000,0.000,0.8750,1.0000,0.125,0.000,0.0000,0.7500,32.208,0.333
295,800,700,350,24,7284.0,3.000,1.0000,1.0000,0.000,0.000,1.0000,1.0000,0.000,0.000,1.0000,1.0000,0.000,0.000,1.0000,1.0000,0.000,0.000,0.9583,1.0000,0.042,0.000,0.0000,0.7917,20.958,0.292
296,900,700,250,24,7607.5,3.250,1.0000,1.0000,0.000,0.000,1.0000,1.0000,0.000,0.000,1.0000,1.0000,0.000,0.000,1.0000,1.0000,0.000,0.000,0.9583,1.0000,0.042,0.000,0.0000,0.9583,10.458,0.042
297,1000,700,150,24,7906.5,3.792,1.0000,1.0000,0.000,0.000,1.0000,1.0000,0.000,0.000,1.0000,1.0000,0.000,0.000,1.0000,1.0000,0.000,0.000,1.0000,1.0000,0.000,0.000,0.0000,0.8333,5.292,0.167
298,1100,700,50,24,8115.6,4.000,1.0000,1.0000,0.000,0.000,1.0000,1.0000,0.000,0.000,1.0000,1.0000,0.000,0.000,1.0000,1.0000,0.000,0.000,1.0000,1.0000,0.000,0.000,0.0000,0.9167,4.000,0.083
299,1200,700,50,24,8230.9,4.000,1.0000,1.0000,0.000,0.000,1.0000,1.0000,0.000,0.000,1.0000,1.0000,0.000,0.000,1.0000,1.0000,0.000,0.000,1.0000,1.0000,0.000,0.000,0.0000,0.8750,4.083,0.125
300,1300,700,150,24,8268.8,4.000,1.0000,1.0000,0.000,0.000,1.0000,1.0000,0.000,0.000,1.0000,1.0000,0.000,0.000,1.0000,1.0000,0.000,0.000,0.9583,1.0000,0.042,0.000,0.0000,0.9167,5.667,0.083
301,1400,700,250,24,8268.1,4.000,1.0000,1.0000,0.000,0.000,1.0000,1.0000,0.000,0.000,1.0000,1.0000,0.000,0.000,1.0000,1.0000,0.000,0.000,1.0000,1.0000,0.000,0.000,0.0000,0.8750,11.333,0.125
302,1500,700,350,24,8206.2,4.000,1.0000,1.0000,0.000,0.000,1.0000,1.0000,0.000,0.000,1.0000,1.0000,0.000,0.000,1.0000,1.0000,0.000,0.000,1.0000,1.0000,0.000,0.000,0.0000,0.8333,21.958,0.167
303,1600,700,400,24,8232.0,4.000,1.0000,1.0000,0.000,0.000,1.0000,1.0000,0.000,0.000,1.0000,1.0000,0.000,0.000,1.0000,1.0000,0.000,0.000,0.8750,1.0000,0.125,0.000,0.0000,0.9583,31.625,0.042
304,1700,700,300,24,8275.5,4.208,1.0000,1.0000,0.000,0.000,1.0000,1.0000,0.000,0.000,1.0000,1.0000,0.000,0.000,1.0000,1.0000,0.000,0.000,1.0000,1.0000,0.000,0.000,0.0000,1.0000,15.917,0.000
305,1800,700,200,24,8339.6,4.583,1.0000,1.0000,0.000,0.000,1.0000,1.0000,0.000,0.000,1.0000,1.0000,0.000,0.000,1.0000,1.0000,0.000,0.000,1.0000,1.0000,0.000,0.000,0.0000,0.8333,7.708,0.208
306,1900,700,100,24,8358.5,4.958,1.0000,1.0000,0.000,0.000,1.0000,1.0000,0.000,0.000,1.0000,1.0000,0.000,0.000,1.0000,1.0000,0.000,0.000,1.0000,1.0000,0.000,0.000,0.0000,0.9167,3.708,0.083
307,2000,700,0,24,8366.0,5.000,1.0000,1.0000,0.000,0.000,1.0000,1.0000,0.000,0.000,1.0000,1.0000,0.000,0.000,1.0000,1.0000,0.000,0.000,1.0000,1.0000,0.000,0.000,0.0833,0.8333,3.417,0.167
308,2100,700,100,24,8286.7,5.000,1.0000,1.0000,0.000,0.000,1.0000,1.0000,0.000,0.000,1.0000,1.0000,0.000,0.000,1.0000,1.0000,0.000,0.000,1.0000,1.0000,0.000,0.000,0.0000,0.8750,4.708,0.125
309,2200,700,200,24,8153.1,4.375,1.0000,1.0000,0.000,0.000,1.0000,1.0000,0.000,0.000,1.0000,1.0000,0.000,0.000,1.0000,1.0000,0.000,0.000,1.0000,1.0000,0.000,0.000,0.0000,0.9167,6.750,0.083
310,2300,700,300,24,8014.4,4.250,1.0000,1.0000,0.000,0.000,1.0000,1.0000,0.000,0.000,1.0000,1.0000,0.000,0.000,1.0000,1.0000,0.000,0.000,0.9583,1.0000,0.042,0.000,0.0000,0.7917,16.083,0.250
311,2400,700,400,24,7956.8,4.000,1.0000,1.0000,0.000,0.000,1.0000,1.0000,0.000,0.000,1.0000,1.0000,0.000,0.000,1.0000,1.0000,0.000,0.000,1.0000,1.0000,0.000,0.000,0.0000,0.8750,32.292,0.125
312,2500,700,350,24,7995.8,4.000,1.0000,1.0000,0.000,0.000,1.0000,1.0000,0.000,0.000,1.0000,1.0000,0.000,0.000,1.0000,1.0000,0.000,0.000,0.9583,1.0000,0.042,0.000,0.0000,0.9167,21.917,0.083
313,2600,700,250,24,8091.0,4.000,1.0000,1.0000,0.000,0.000,1.0000,1.0000,0.000,0.000,1.0000,1.0000,0.000,0.000,1.0000,1.0000,0.000,0.000,1.0000,1.0000,0.000,0.000,0.0000,0.8333,10.417,0.208
314,2700,700,150,24,8232.2,4.000,1.0000,1.0000,0.000,0.000,1.0000,1.0000,0.000,0.000,1.0000,1.0000,0.000,0.000,1.0000,1.0000,0.000,0.000,1.0000,1.0000,0.000,0.000,0.0000,0.7083,6.083,0.292
315,2800,700,50,24,8306.8,4.000,1.0000,1.0000,0.000,0.000,1.0000,1.0000,0.000,0.000,1.0000,1.0000,0.000,0.000,1.0000,1.0000,0.000,0.000,1.0000,1.0000,0.000,0.000,0.0000,1.0000,3.667,0.000
316,2900,700,50,24,8366.3,3.958,1.0000,1.0000,0.000,0.000,1.0000,1.0000,0.000,0.000,1.0000,1.0000,0.000,0.000,1.0000,1.0000,0.000,0.000,1.0000,1.0000,0.000,0.000,0.0000,0.9583,4.417,0.042
317,3000,700,150,24,8326.3,3.750,1.0000,1.0000,0.000,0.000,1.0000,1.0000,0.000,0.000,1.0000,1.0000,0.000,0.000,1.0000,1.0000,0.000,0.000,1.0000,1.0000,0.000,0.000,0.0000,0.9167,4.708,0.083
318,3100,700,250,24,8212.9,3.417,1.0000,1.0000,0.000,0.000,1.0000,1.0000,0.000,0.000,1.0000,1.0000,0.000,0.000,1.0000,1.0000,0.000,0.000,1.0000,1.0000,0.000,0.000,0.0000,0.9167,11.625,0.083
319,3200,700,350,24,8010.9,3.083,1.0000,1.0000,0.000,0.000,1.0000,1.0000,0.000,0.000,1.0000,1.0000,0.000,0.000,1.0000,1.0000,0.000,0.000,0.8750,1.0000,0.125,0.000,0.0000,0.8750,24.250,0.125
320,3300,700,400,24,7803.4,3.042,1.0000,1.0000,0.000,0.000,1.0000,1.0000,0.000,0.000,1.0000,1.0000,0.000,0.000,1.0000,1.0000,0.000,0.000,0.7500,1.0000,0.250,0.000,0.0000,0.7917,32.125,0.208
321,3400,700,300,24,7509.5,3.000,1.0000,1.0000,0.000,0.000,1.0000,1.0000,0.000,0.000,1.0000,1.0000,0.000,0.000,1.0000,1.0000,0.000,0.000,1.0000,1.0000,0.000,0.000,0.0000,0.6667,15.750,0.375
322,3500,700,200,24,7208.9,3.000,1.0000,1.0000,0.000,0.000,1.0000,1.0000,0.000,0.000,1.0000,1.0000,0.000,0.000,1.0000,1.0000,0.000,0.000,0.9583,1.0000,0.042,0.000,0.0000,0.7917,8.292,0.208
323,3600,700,100,24,6812.3,3.000,1.0000,1.0000,0.000,0.000,1.0000,1.0000,0.000,0.000,1.0000,1.0000,0.000,0.000,1.0000,1.0000,0.000,0.000,1.0000,1.0000,0.000,0.000,0.0000,0.8750,3.875,0.125
324,3700,700,0,24,6303.1,3.000,1.0000,1.0000,0.000,0.000,1.0000,1.0000,0.000,0.000,1.0000,1.0000,0.000,0.000,1.0000,1.0000,0.000,0.000,0.9583,1.0000,0.042,0.000,0.0417,0.7083,4.042,0.333
325,3800,700,100,24,5776.0,2.875,1.0000,1.0000,0.000,0.000,1.0000,1.0000,0.000,0.000,1.0000,1.0000,0.000,0.000,1.0000,1.0000,0.000,0.000,1.0000,1.0000,0.000,0.000,0.0417,0.5000,5.125,0.583
326,3900,700,200,24,5213.0,2.417,1.0000,1.0000,0.000,0.000,1.0000,1.0000,0.000,0.000,1.0000,1.0000,0.000,0.000,1.0000,1.0000,0.000,0.000,1.0000,1.0000,0.000,0.000,0.0000,0.0417,8.292,2.208
327,4000,700,300,24,4640.0,2.042,1.0000,1.0000,0.000,0.000,1.0000,1.0000,0.000,0.000,1.0000,1.0000,0.000,0.000,1.0000,1.0000,0.000,0.000,0.9167,0.9583,0.083,0.042,0.0000,0.0000,15.375,5.917
328,0,800,300,24,4108.5,2.125,1.0000,1.0000,0.000,0.000,1.0000,1.0000,0.000,0.000,1.0000,1.0000,0.000,0.000,1.0000,1.0000,0.000,0.000,0.9583,0.9583,0.042,0.042,0.0000,0.0000,13.667,8.667
329,100,800,200,24,4580.9,2.500,1.0000,1.0000,0.000,0.000,1.0000,1.0000,0.000,0.000,1.0000,1.0000,0.000,0.000,1.0000,1.0000,0.000,0.000,1.0000,1.0000,0.000,0.000,0.0000,0.0417,6.083,2.708
330,200,800,100,24,5094.2,2.917,1.0000,1.0000,0.000,0.000,1.0000,1.0000,0.000,0.000,1.0000,1.0000,0.000,0.000,1.0000,1.0000,0.000,0.000,1.0000,1.0000,0.000,0.000,0.0417,0.2083,3.333,1.292
331,300,800,0,24,5565.3,3.000,1.0000,1.0000,0.000,0.000,1.0000,1.0000,0.000,0.000,1.0000,1.0000,0.000,0.000,1.0000,1.0000,0.000,0.000,1.0000,1.0000,0.000,0.000,0.0417,0.5000,2.583,0.708
332,400,800,100,24,6011.1,3.000,1.0000,1.0000,0.000,0.000,1.0000,1.0000,0.000,0.000,1.0000,1.0000,0.000,0.000,1.0000,1.0000,0.000,0.000,1.0000,1.0000,0.000,0.000,0.0417,0.7917,3.583,0.208
333,500,800,200,24,6404.1,3.000,1.0000,1.0000,0.000,0.000,1.0000,1.0000,0.000,0.000,1.0000,1.0000,0.000,0.000,1.0000,1.0000,0.000,0.000,0.9583,1.0000,0.042,0.000,0.0000,0.8333,6.625,0.333
334,600,800,300,24,6755.9,3.000,1.0000,1.0000,0.000,0.000,1.0000,1.0000,0.000,0.000,1.0000,1.0000,0.000,0.000,1.0000,1.0000,0.000,0.000,0.9583,1.0000,0.042,0.000,0.0000,0.6667,12.833,0.375
335,700,800,400,24,7084.9,3.000,1.0000,1.0000,0.000,0.000,1.0000,1.0000,0.000,0.000,1.0000,1.0000,0.000,0.000,1.0000,1.0000,0.000,0.000,0.9583,1.0000,0.042,0.000,0.0000,0.5000,25.875,0.542
336,800,800,350,24,7393.1,3.083,1.0000,1.0000,0.000,0.000,1.0000,1.0000,0.000,0.000,1.0000,1.0000,0.000,0.000,1.0000,1.0000,0.000,0.000,0.9167,1.0000,0.083,0.000,0.0000,0.7917,18.833,0.208
337,900,800,250,24,7709.6,3.292,1.0000,1.0000,0.000,0.000,1.0000,1.0000,0.000,0.000,1.0000,1.0000,0.000,0.000,1.0000,1.0000,0.000,0.000,0.9167,1.0000,0.083,0.000,0.0000,0.7917,8.500,0.250
338,1000,800,150,24,7965.0,3.667,1.0000,1.0000,0.000,0.000,1.0000,1.0000,0.000,0.000,1.0000,1.0000,0.000,0.000,1.0000,1.0000,0.000,0.000,0.9583,1.0000,0.042,0.000,0.0000,0.8333,4.750,0.208
339,1100,800,50,24,8146.2,4.000,1.0000,1.0000,0.000,0.000,1.0000,1.0000,0.000,0.000,1.0000,1.0000,0.000,0.000,1.0000,1.0000,0.000,0.000,1.0000,1.0000,0.000,0.000,0.0417,0.8750,2.833,0.125
340,1200,800,50,24,8243.0,4.000,1.0000,1.0000,0.000,0.000,1.0000,1.0000,0.000,0.000,1.0000,1.0000,0.000,0.000,1.0000,1.0000,0.000,0.000,1.0000,1.0000,0.000,0.000,0.0833,0.9583,2.750,0.042
341,1300,800,150,24,8295.0,4.000,1.0000,1.0000,0.000,0.000,1.0000,1.0000,0.000,0.000,1.0000,1.0000,0.000,0.000,1.0000,1.0000,0.000,0.000,1.0000,1.0000,0.000,0.000,0.0417,0.7917,4.292,0.208
342,1400,800,250,24,8247.0,4.000,1.0000,1.0000,0.000,0.000,1.0000,1.0000,0.000,0.000,1.0000,1.0000,0.000,0.000,1.0000,1.0000,0.000,0.000,0.9167,1.0000,0.083,0.000,0.0000,0.9583,9.167,0.042
343,1500,800,350,24,8217.3,4.000,1.0000,1.0000,0.000,0.000,1.0000,1.0000,0.000,0.000,1.0000,1.0000,0.000,0.000,1.0000,1.0000,0.000,0.000,0.9167,1.0000,0.083,0.000,0.0000,0.7500,17.958,0.292
344,1600,800,400,24,8233.2,4.042,1.0000,1.0000,0.000,0.000,1.0000,1.0000,0.000,0.000,1.0000,1.0000,0.000,0.000,1.0000,1.0000,0.000,0.000,1.0000,1.0000,0.000,0.000,0.0000,0.9167,28.500,0.083
345,1700,800,300,24,8268.2,4.125,1.0000,1.0000,0.000,0.000,1.0000,1.0000,0.000,0.000,1.0000,1.0000,0.000,0.000,1.0000,1.0000,0.000,0.000,0.9167,1.0000,0.083,0.000,0.0000,0.9167,12.958,0.125
346,1800,800,200,24,8325.1,4.375,1.0000,1.0000,0.000,0.000,1.0000,1.0000,0.000,0.000,1.0000,1.0000,0.000,0.000,1.0000,1.0000,0.000,0.000,1.0000,1.0000,0.000,0.000,0.0000,1.0000,5.750,0.000
347,1900,800,100,24,8369.7,4.958,1.0000,1.0000,0.000,0.000,1.0000,1.0000,0.000,0.000,1.0000,1.0000,0.000,0.000,1.0000,1.0000,0.000,0.000,1.0000,1.0000,0.000,0.000,0.0417,0.8750,3.667,0.125
348,2000,800,0,24,8345.5,5.000,1.0000,1.0000,0.000,0.000,1.0000,1.0000,0.000,0.000,1.0000,1.0000,0.000,0.000,1.0000,1.0000,0.000,0.000,1.0000,1.0000,0.000,0.000,0.0417,0.9167,3.375,0.083
349,2100,800,100,24,8266.4,4.917,1.0000,1.0000,0.000,0.000,1.0000,1.0000,0.000,0.000,1.0000,1.0000,0.000,0.000,1.0000,1.0000,0.000,0.000,1.0000,1.0000,0.000,0.000,0.0417,1.0000,3.875,0.000
350,2200,800,200,24,8130.6,4.583,1.0000,1.0000,0.000,0.000,1.0000,1.0000,0.000,0.000,1.0000,1.0000,0.000,0.000,1.0000,1.0000,0.000,0.000,1.0000,1.0000,0.000,0.000,0.0000,0.8750,5.958,0.125
351,2300,800,300,24,8018.2,4.208,1.0000,1.0000,0.000,0.000,1.0000,1.0000,0.000,0.000,1.0000,1.0000,0.000,0.000,1.0000,1.0000,0.000,0.000,1.0000,1.0000,0.000,0.000,0.0000,0.8750,12.917,0.167
352,2400,800,400,24,7974.0,4.000,1.0000,1.0000,0.000,0.000,1.0000,1.0000,0.000,0.000,1.0000,1.0000,0.000,0.000,1.0000,1.0000,0.000,0.000,0.8750,1.0000,0.125,0.000,0.0000,0.8750,26.208,0.125
353,2500,800,350,24,7981.4,4.000,1.0000,1.0000,0.000,0.000,1.0000,1.0000,0.000,0.000,1.0000,1.0000,0.000,0.000,1.0000,1.0000,0.000,0.000,0.9583,1.0000,0.042,0.000,0.0000,0.7917,21.500,0.292
354,2600,800,250,24,8077.7,4.000,1.0000,1.0000,0.000,0.000,1.0000,1.0000,0.000,0.000,1.0000,1.0000,0.000,0.000,1.0000,1.0000,0.000,0.000,0.9583,1.0000,0.042,0.000,0.0000,0.6667,8.167,0.333
355,2700,800,150,24,8189.9,4.000,1.0000,1.0000,0.000,0.000,1.0000,1.0000,0.000,0.000,1.0000,1.0000,0.000,0.000,1.0000,1.0000,0.000,0.000,1.0000,1.0000,0.000,0.000,0.0000,0.9167,4.208,0.083
356,2800,800,50,24,8320.6,4.000,1.0000,1.0000,0.000,0.000,1.0000,1.0000,0.000,0.000,1.0000,1.0000,0.000,0.000,1.0000,1.0000,0.000,0.000,1.0000,1.0000,0.000,0.000,0.0000,0.9167,2.958,0.083
357,2900,800,50,24,8335.6,4.000,1.0000,1.0000,0.000,0.000,1.0000,1.0000,0.000,0.000,1.0000,1.0000,0.000,0.000,1.0000,1.0000,0.000,0.000,1.0000,1.0000,0.000,0.000,0.0417,1.0000,2.500,0.000
358,3000,800,150,24,8293.5,3.833,1.0000,1.0000,0.000,0.000,1.0000,1.0000,0.000,0.000,1.0000,1.0000,0.000,0.000,1.0000,1.0000,0.000,0.000,1.0000,1.0000,0.000,0.000,0.0000,0.8750,4.333,0.125
359,3100,800,250,24,8170.2,3.292,1.0000,1.0000,0.000,0.000,1.0000,1.0000,0.000,0.000,1.0000,1.0000,0.000,0.000,1.0000,1.0000,0.000,0.000,1.0000,1.0000,0.000,0.000,0.0000,0.8333,8.792,0.167
360,3200,800,350,24,7993.6,3.083,1.0000,1.0000,0.000,0.000,1.0000,1.0000,0.000,0.000,1.0000,1.0000,0.000,0.000,1.0000,1.0000,0.000,0.000,0.9167,1.0000,0.083,0.000,0.0000,0.8333,20.542,0.208
361,3300,800,400,24,7763.5,3.000,1.0000,1.0000,0.000,0.000,1.0000,1.0000,0.000,0.000,1.0000,1.0000,0.000,0.000,1.0000,1.0000,0.000,0.000,0.9583,1.0000,0.042,0.000,0.0000,0.7917,26.333,0.250
362,3400,800,300,24,7514.5,3.000,1.0000,1.0000,0.000,0.000,1.0000,1.0000,0.000,0.000,1.0000,1.0000,0.000,0.000,1.0000,1.0000,0.000,0.000,1.0000,1.0000,0.000,0.000,0.0000,0.7083,11.333,0.292
363,3500,800,200,24,7180.5,3.000,1.0000,1.0000,0.000,0.000,1.0000,1.0000,0.000,0.000,1.0000,1.0000,0.000,0.000,1.0000,1.0000,0.000,0.000,1.0000,1.0000,0.000,0.000,0.0000,0.8750,6.167,0.125
364,3600,800,100,24,6782.0,3.000,1.0000,1.0000,0.000,0.000,1.0000,1.0000,0.000,0.000,1.0000,1.0000,0.000,0.000,1.0000,1.0000,0.000,0.000,1.0000,1.0000,0.000,0.000,0.0417,0.8750,2.875,0.125
365,3700,800,0,24,6283.5,3.000,1.0000,1.0000,0.000,0.000,1.0000,1.0000,0.000,0.000,1.0000,1.0000,0.000,0.000,1.0000,1.0000,0.000,0.000,1.0000,1.0000,0.000,0.000,0.0833,0.6667,2.417,0.583
366,3800,800,100,24,5751.6,2.958,1.0000,1.0000,0.000,0.000,1.0000,1.0000,0.000,0.000,1.0000,1.0000,0.000,0.000,1.0000,1.0000,0.000,0.000,1.0000,1.0000,0.000,0.000,0.0417,0.5833,3.167,0.583
367,3900,800,200,24,5178.5,2.458,1.0000,1.0000,0.000,0.000,1.0000,1.0000,0.000,0.000,1.0000,1.0000,0.000,0.000,1.0000,1.0000,0.000,0.000,1.0000,1.0000,0.000,0.000,0.0000,0.0833,6.333,2.375
368,4000,800,300,24,4638.7,2.167,1.0000,1.0000,0.000,0.000,1.0000,1.0000,0.000,0.000,1.0000,1.0000,0.000,0.000,1.0000,1.0000,0.000,0.000,1.0000,1.0000,0.000,0.000,0.0000,0.0000,12.375,5.792
369,0,900,300,24,4237.0,2.042,1.0000,1.0000,0.000,0.000,1.0000,1.0000,0.000,0.000,1.0000,1.0000,0.000,0.000,1.0000,1.0000,0.000,0.000,1.0000,1.0000,0.000,0.000,0.0000,0.0000,11.792,7.917
370,100,900,200,24,4743.4,2.500,1.0000,1.0000,0.000,0.000,1.0000,1.0000,0.000,0.000,1.0000,1.0000,0.000,0.000,1.0000,1.0000,0.000,0.000,1.0000,1.0000,0.000,0.000,0.0000,0.1250,4.833,2.167
371,200,900,100,24,5226.0,2.917,1.0000,1.0000,0.000,0.000,1.0000,1.0000,0.000,0.000,1.0000,1.0000,0.000,0.000,1.0000,1.0000,0.000,0.000,1.0000,1.0000,0.000,0.000,0.1250,0.4583,3.167,0.958
372,300,900,0,24,5720.1,3.000,1.0000,1.0000,0.000,0.000,1.0000,1.0000,0.000,0.000,1.0000,1.0000,0.000,0.000,1.0000,1.0000,0.000,0.000,1.0000,1.0000,0.000,0.000,0.1250,0.4583,3.083,0.667
373,400,900,100,24,6166.6,3.000,1.0000,1.0000,0.000,0.000,1.0000,1.0000,0.000,0.000,1.0000,1.0000,0.000,0.000,1.0000,1.0000,0.000,0.000,1.0000,1.0000,0.000,0.000,0.0000,0.6667,3.333,0.417
374,500,900,200,24,6558.2,3.000,1.0000,1.0000,0.000,0.000,1.0000,1.0000,0.000,0.000,1.0000,1.0000,0.000,0.000,1.0000,1.0000,0.000,0.000,1.0000,1.0000,0.000,0.000,0.0417,0.7500,5.667,0.250
375,600,900,300,24,6889.5,3.000,1.0000,1.0000,0.000,0.000,1.0000,1.0000,0.000,0.000,1.0000,1.0000,0.000,0.000,1.0000,1.0000,0.000,0.000,1.0000,1.0000,0.000,0.000,0.0000,0.6667,10.042,0.417
376,700,900,400,24,7208.6,3.000,1.0000,1.0000,0.000,0.000,1.0000,1.0000,0.000,0.000,1.0000,1.0000,0.000,0.000,1.0000,1.0000,0.000,0.000,0.9583,1.0000,0.042,0.000,0.0000,0.7083,24.083,0.292
377,800,900,350,24,7502.0,3.083,1.0000,1.0000,0.000,0.000,1.0000,1.0000,0.000,0.000,1.0000,1.0000,0.000,0.000,1.0000,1.0000,0.000,0.000,1.0000,1.0000,0.000,0.000,0.0000,0.7917,15.833,0.208
378,900,900,250,24,7770.3,3.250,1.0000,1.0000,0.000,0.000,1.0000,1.0000,0.000,0.000,1.0000,1.0000,0.000,0.000,1.0000,1.0000,0.000,0.000,1.0000,1.0000,0.000,0.000,0.0000,0.7917,6.917,0.208
379,1000,900,150,24,8021.4,3.833,1.0000,1.0000,0.000,0.000,1.0000,1.0000,0.000,0.000,1.0000,1.0000,0.000,0.000,1.0000,1.0000,0.000,0.000,1.0000,1.0000,0.000,0.000,0.0000,0.9167,3.625,0.083
380,1100,900,50,24,8166.3,4.000,1.0000,1.0000,0.000,0.000,1.0000,1.0000,0.000,0.000,1.0000,1.0000,0.000,0.000,1.0000,1.0000,0.000,0.000,1.0000,1.0000,0.000,0.000,0.1250,0.8750,2.167,0.125
381,1200,900,50,24,8257.7,4.000,1.0000,1.0000,0.000,0.000,1.0000,1.0000,0.000,0.000,1.0000,1.0000,0.000,0.000,1.0000,1.0000,0.000,0.000,1.0000,1.0000,0.000,0.000,0.0417,1.0000,2.208,0.000
382,1300,900,150,24,8259.2,4.000,1.0000,1.0000,0.000,0.000,1.0000,1.0000,0.000,0.000,1.0000,1.0000,0.000,0.000,1.0000,1.0000,0.000,0.000,1.0000,1.0000,0.000,0.000,0.0000,0.8750,3.917,0.125
383,1400,900,250,24,8215.2,4.000,1.0000,1.0000,0.000,0.000,1.0000,1.0000,0.000,0.000,1.0000,1.0000,0.000,0.000,1.0000,1.0000,0.000,0.000,1.0000,1.0000,0.000,0.000,0.0000,0.8333,7.667,0.167
384,1500,900,350,24,8159.2,4.000,1.0000,1.0000,0.000,0.000,1.0000,1.0000,0.000,0.000,1.0000,1.0000,0.000,0.000,1.0000,1.0000,0.000,0.000,0.9583,1.0000,0.042,0.000,0.0000,0.8333,16.792,0.250
385,1600,900,400,24,8170.3,4.042,1.0000,1.0000,0.000,0.000,1.0000,1.0000,0.000,0.000,1.0000,1.0000,0.000,0.000,1.0000,1.0000,0.000,0.000,1.0000,1.0000,0.000,0.000,0.0000,0.8750,23.792,0.125
386,1700,900,300,24,8202.3,4.125,1.0000,1.0000,0.000,0.000,1.0000,1.0000,0.000,0.000,1.0000,1.0000,0.000,0.000,1.0000,1.0000,0.000,0.000,1.0000,1.0000,0.000,0.000,0.0000,0.9167,10.292,0.125
387,1800,900,200,24,8265.3,4.667,1.0000,1.0000,0.000,0.000,1.0000,1.0000,0.000,0.000,1.0000,1.0000,0.000,0.000,1.0000,1.0000,0.000,0.000,1.0000,1.0000,0.000,0.000,0.0000,0.9583,5.208,0.042
388,1900,900,100,24,8303.0,4.958,1.0000,1.0000,0.000,0.000,1.0000,1.0000,0.000,0.000,1.0000,1.0000,0.000,0.000,1.0000,1.0000,0.000,0.000,1.0000,1.0000,0.000,0.000,0.0417,0.9583,2.875,0.042
389,2000,900,0,24,8309.8,5.000,1.0000,1.0000,0.000,0.000,1.0000,1.0000,0.000,0.000,1.0000,1.0000,0.000,0.000,1.0000,1.0000,0.000,0.000,1.0000,1.0000,0.000,0.000,0.2083,0.9167,1.792,0.083
390,2100,900,100,24,8228.3,4.958,1.0000,1.0000,0.000,0.000,1.0000,1.0000,0.000,0.000,1.0000,1.0000,0.000,0.000,1.0000,1.0000,0.000,0.000,1.0000,1.0000,0.000,0.000,0.1250,0.9583,2.667,0.042
391,2200,900,200,24,8128.4,4.333,1.0000,1.0000,0.000,0.000,1.0000,1.0000,0.000,0.000,1.0000,1.0000,0.000,0.000,1.0000,1.0000,0.000,0.000,1.0000,1.0000,0.000,0.000,0.0000,0.9167,5.208,0.083
392,2300,900,300,24,8002.5,4.167,1.0000,1.0000,0.000,0.000,1.0000,1.0000,0.000,0.000,1.0000,1.0000,0.000,0.000,1.0000,1.0000,0.000,0.000,1.0000,1.0000,0.000,0.000,0.0000,0.9167,11.417,0.083
393,2400,900,400,24,7963.4,4.000,1.0000,1.0000,0.000,0.000,1.0000,1.0000,0.000,0.000,1.0000,1.0000,0.000,0.000,1.0000,1.0000,0.000,0.000,0.9583,1.0000,0.042,0.000,0.0000,0.8333,23.667,0.167
394,2500,900,350,24,7978.7,4.000,1.0000,1.0000,0.000,0.000,1.0000,1.0000,0.000,0.000,1.0000,1.0000,0.000,0.000,1.0000,1.0000,0.000,0.000,0.9583,1.0000,0.042,0.000,0.0000,0.8750,16.583,0.208
395,2600,900,250,24,8052.2,4.000,1.0000,1.0000,0.000,0.000,1.0000,1.0000,0.000,0.000,1.0000,1.0000,0.000,0.000,1.0000,1.0000,0.000,0.000,0.9167,1.0000,0.083,0.000,0.0000,0.7917,6.958,0.208
396,2700,900,150,24,8180.2,4.000,1.0000,1.0000,0.000,0.000,1.0000,1.0000,0.000,0.000,1.0000,1.0000,0.000,0.000,1.0000,1.0000,0.000,0.000,1.0000,1.0000,0.000,0.000,0.0000,0.7083,4.458,0.292
397,2800,900,50,24,8260.8,4.000,1.0000,1.0000,0.000,0.000,1.0000,1.0000,0.000,0.000,1.0000,1.0000,0.000,0.000,1.0000,1.0000,0.000,0.000,1.0000,1.0000,0.000,0.000,0.0000,0.8750,2.167,0.125
398,2900,900,50,24,8295.3,4.000,1.0000,1.0000,0.000,0.000,1.0000,1.0000,0.000,0.000,1.0000,1.0000,0.000,0.000,1.0000,1.0000,0.000,0.000,1.0000,1.0000,0.000,0.000,0.0417,0.9167,2.708,0.083
399,3000,900,150,24,8266.5,3.750,1.0000,1.0000,0.000,0.000,1.0000,1.0000,0.000,0.000,1.0000,1.0000,0.000,0.000,1.0000,1.0000,0.000,0.000,1.0000,1.0000,0.000,0.000,0.0417,0.8333,4.000,0.167
400,3100,900,250,24,8129.2,3.292,1.0000,1.0000,0.000,0.000,1.0000,1.0000,0.000,0.000,1.0000,1.0000,0.000,0.000,1.0000,1.0000,0.000,0.000,1.0000,1.0000,0.000,0.000,0.0000,0.9583,8.292,0.042
401,3200,900,350,24,7939.6,3.000,1.0000,1.0000,0.000,0.000,1.0000,1.0000,0.000,0.000,1.0000,1.0000,0.000,0.000,1.0000,1.0000,0.000,0.000,1.0000,1.0000,0.000,0.000,0.0000,0.7500,17.250,0.292
402,3300,900,400,24,7716.2,3.000,1.0000,1.0000,0.000,0.000,1.0000,1.0000,0.000,0.000,1.0000,1.0000,0.000,0.000,1.0000,1.0000,0.000,0.000,0.9583,1.0000,0.042,0.000,0.0000,0.8333,24.375,0.167
403,3400,900,300,24,7444.4,3.000,1.0000,1.0000,0.000,0.000,1.0000,1.0000,0.000,0.000,1.0000,1.0000,0.000,0.000,1.0000,1.0000,0.000,0.000,1.0000,1.0000,0.000,0.000,0.0000,0.7500,10.417,0.250
404,3500,900,200,24,7112.5,3.000,1.0000,1.0000,0.000,0.000,1.0000,1.0000,0.000,0.000,1.0000,1.0000,0.000,0.000,1.0000,1.0000,0.000,0.000,1.0000,1.0000,0.000,0.000,0.0000,0.8750,5.750,0.208
405,3600,900,100,24,6721.6,3.000,1.0000,1.0000,0.000,0.000,1.0000,1.0000,0.000,0.000,1.0000,1.0000,0.000,0.000,1.0000,1.0000,0.000,0.000,1.0000,1.0000,0.000,0.000,0.0000,0.7917,2.958,0.208
406,3700,900,0,24,6244.2,3.000,1.0000,1.0000,0.000,0.000,1.0000,1.0000,0.000,0.000,1.0000,1.0000,0.000,0.000,1.0000,1.0000,0.000,0.000,1.0000,1.0000,0.000,0.000,0.1250,0.7500,2.500,0.250
407,3800,900,100,24,5706.1,3.000,1.0000,1.0000,0.000,0.000,1.0000,1.0000,0.000,0.000,1.0000,1.0000,0.000,0.000,1.0000,1.0000,0.000,0.000,1.0000,1.0000,0.000,0.000,0.0417,0.3750,2.833,0.917
408,3900,900,200,24,5157.7,2.542,1.0000,1.0000,0.000,0.000,1.0000,1.0000,0.000,0.000,1.0000,1.0000,0.000,0.000,1.0000,1.0000,0.000,0.000,0.9583,1.0000,0.042,0.000,0.0000,0.1250,5.458,2.292
409,4000,900,300,24,4600.8,2.250,1.0000,1.0000,0.000,0.000,1.0000,1.0000,0.000,0.000,1.0000,1.0000,0.000,0.000,1.0000,1.0000,0.000,0.000,1.0000,1.0000,0.000,0.000,0.0000,0.0000,12.125,6.708
410,0,1000,300,24,4351.9,2.125,1.0000,1.0000,0.000,0.000,1.0000,1.0000,0.000,0.000,1.0000,1.0000,0.000,0.000,1.0000,1.0000,0.000,0.000,0.9583,0.9583,0.042,0.042,0.0000,0.0000,12.125,8.125
411,100,1000,200,24,4846.6,2.542,1.0000,1.0000,0.000,0.000,1.0000,1.0000,0.000,0.000,1.0000,1.0000,0.000,0.000,1.0000,1.0000,0.000,0.000,1.0000,1.0000,0.000,0.000,0.0000,0.0000,5.875,2.833
412,200,1000,100,24,5347.0,3.000,1.0000,1.0000,0.000,0.000,1.0000,1.0000,0.000,0.000,1.0000,1.0000,0.000,0.000,1.0000,1.0000,0.000,0.000,0.9583,1.0000,0.042,0.000,0.0000,0.2083,3.042,1.250
413,300,1000,0,24,5831.4,3.000,1.0000,1.0000,0.000,0.000,1.0000,1.0000,0.000,0.000,1.0000,1.0000,0.000,0.000,1.0000,1.0000,0.000,0.000,1.0000,1.0000,0.000,0.000,0.0833,0.5417,2.500,0.583
414,400,1000,100,24,6285.7,3.000,1.0000,1.0000,0.000,0.000,1.0000,1.0000,0.000,0.000,1.0000,1.0000,0.000,0.000,1.0000,1.0000,0.000,0.000,1.0000,1.0000,0.000,0.000,0.0417,0.6250,3.042,0.542
415,500,1000,200,24,6670.2,3.000,1.0000,1.0000,0.000,0.000,1.0000,1.0000,0.000,0.000,1.0000,1.0000,0.000,0.000,1.0000,1.0000,0.000,0.000,0.9583,1.0000,0.042,0.000,0.0000,0.7083,5.875,0.333
416,600,1000,300,24,6999.3,3.000,1.0000,1.0000,0.000,0.000,1.0000,1.0000,0.000,0.000,1.0000,1.0000,0.000,0.000,1.0000,1.0000,0.000,0.000,0.9583,1.0000,0.042,0.000,0.0000,0.7083,11.250,0.375
417,700,1000,400,24,7307.0,3.000,1.0000,1.0000,0.000,0.000,1.0000,1.0000,0.000,0.000,1.0000,1.0000,0.000,0.000,1.0000,1.0000,0.000,0.000,0.9583,1.0000,0.042,0.000,0.0000,0.7917,23.167,0.208
418,800,1000,350,24,7569.1,3.000,1.0000,1.0000,0.000,0.000,1.0000,1.0000,0.000,0.000,1.0000,1.0000,0.000,0.000,1.0000,1.0000,0.000,0.000,1.0000,1.0000,0.000,0.000,0.0000,0.7500,15.583,0.250
419,900,1000,250,24,7821.9,3.417,1.0000,1.0000,0.000,0.000,1.0000,1.0000,0.000,0.000,1.0000,1.0000,0.000,0.000,1.0000,1.0000,0.000,0.000,1.0000,1.0000,0.000,0.000,0.0000,0.8333,8.125,0.167
420,1000,1000,150,24,8023.3,3.750,1.0000,1.0000,0.000,0.000,1.0000,1.0000,0.000,0.000,1.0000,1.0000,0.000,0.000,1.0000,1.0000,0.000,0.000,1.0000,1.0000,0.000,0.000,0.0000,0.7500,4.042,0.292
421,1100,1000,50,24,8168.0,4.000,1.0000,1.0000,0.000,0.000,1.0000,1.0000,0.000,0.000,1.0000,1.0000,0.000,0.000,1.0000,1.0000,0.000,0.000,1.0000,1.0000,0.000,0.000,0.0000,0.9167,3.083,0.125
422,1200,1000,50,24,8229.3,4.000,1.0000,1.0000,0.000,0.000,1.0000,1.0000,0.000,0.000,1.0000,1.0000,0.000,0.000,1.0000,1.0000,0.000,0.000,1.0000,1.0000,0.000,0.000,0.0833,0.7917,2.792,0.250
423,1300,1000,150,24,8218.4,4.000,1.0000,1.0000,0.000,0.000,1.0000,1.0000,0.000,0.000,1.0000,1.0000,0.000,0.000,1.0000,1.0000,0.000,0.000,1.0000,1.0000,0.000,0.000,0.1667,0.9583,3.000,0.042
424,1400,1000,250,24,8149.5,4.000,1.0000,1.0000,0.000,0.000,1.0000,1.0000,0.000,0.000,1.0000,1.0000,0.000,0.000,1.0000,1.0000,0.000,0.000,1.0000,1.0000,0.000,0.000,0.0000,0.9583,7.083,0.042
425,1500,1000,350,24,8098.6,4.000,1.0000,1.0000,0.000,0.000,1.0000,1.0000,0.000,0.000,1.0000,1.0000,0.000,0.000,1.0000,1.0000,0.000,0.000,1.0000,1.0000,0.000,0.000,0.0000,0.8333,15.625,0.167
426,1600,1000,400,24,8073.6,4.000,1.0000,1.0000,0.000,0.000,1.0000,1.0000,0.000,0.000,1.0000,1.0000,0.000,0.000,1.0000,1.0000,0.000,0.000,0.9583,1.0000,0.042,0.000,0.0000,0.9167,25.208,0.083
427,1700,1000,300,24,8125.6,4.083,1.0000,1.0000,0.000,0.000,1.0000,1.0000,0.000,0.000,1.0000,1.0000,0.000,0.000,1.0000,1.0000,0.000,0.000,1.0000,1.0000,0.000,0.000,0.0000,0.6667,10.833,0.417
428,1800,1000,200,24,8205.5,4.375,1.0000,1.0000,0.000,0.000,1.0000,1.0000,0.000,0.000,1.0000,1.0000,0.000,0.000,1.0000,1.0000,0.000,0.000,1.0000,1.0000,0.000,0.000,0.0000,0.8333,5.667,0.167
429,1900,1000,100,24,8252.2,4.958,1.0000,1.0000,0.000,0.000,1.0000,1.0000,0.000,0.000,1.0000,1.0000,0.000,0.000,1.0000,1.0000,0.000,0.000,1.0000,1.0000,0.000,0.000,0.1250,0.8750,2.792,0.125
430,2000,1000,0,24,8253.5,5.000,1.0000,1.0000,0.000,0.000,1.0000,1.0000,0.000,0.000,1.0000,1.0000,0.000,0.000,1.0000,1.0000,0.000,0.000,1.0000,1.0000,0.000,0.000,0.1667,0.8750,2.083,0.167
431,2100,1000,100,24,8198.7,4.917,1.0000,1.0000,0.000,0.000,1.0000,1.0000,0.000,0.000,1.0000,1.0000,0.000,0.000,1.0000,1.0000,0.000,0.000,1.0000,1.0000,0.000,0.000,0.0417,0.9167,2.500,0.083
432,2200,1000,200,24,8082.7,4.625,1.0000,1.0000,0.000,0.000,1.0000,1.0000,0.000,0.000,1.0000,1.0000,0.000,0.000,1.0000,1.0000,0.000,0.000,1.0000,1.0000,0.000,0.000,0.0000,0.8750,3.917,0.125
433,2300,1000,300,24,8000.0,4.250,1.0000,1.0000,0.000,0.000,1.0000,1.0000,0.000,0.000,1.0000,1.0000,0.000,0.000,1.0000,1.0000,0.000,0.000,1.0000,1.0000,0.000,0.000,0.0000,0.9167,10.958,0.083
434,2400,1000,400,24,7942.7,4.000,1.0000,1.0000,0.000,0.000,1.0000,1.0000,0.000,0.000,1.0000,1.0000,0.000,0.000,1.0000,1.0000,0.000,0.000,0.9583,1.0000,0.042,0.000,0.0000,0.8750,23.292,0.125
435,2500,1000,350,24,7975.2,4.000,1.0000,1.0000,0.000,0.000,1.0000,1.0000,0.000,0.000,1.0000,1.0000,0.000,0.000,1.0000,1.0000,0.000,0.000,1.0000,1.0000,0.000,0.000,0.0000,0.6250,15.958,0.458
436,2600,1000,250,24,8042.5,4.000,1.0000,1.0000,0.000,0.000,1.0000,1.0000,0.000,0.000,1.0000,1.0000,0.000,0.000,1.0000,1.0000,0.000,0.000,1.0000,1.0000,0.000,0.000,0.0000,0.9167,7.083,0.083
437,2700,1000,150,24,8141.6,4.000,1.0000,1.0000,0.000,0.000,1.0000,1.0000,0.000,0.000,1.0000,1.0000,0.000,0.000,1.0000,1.0000,0.000,0.000,1.0000,1.0000,0.000,0.000,0.0833,0.9583,3.458,0.042
438,2800,1000,50,24,8222.8,4.000,1.0000,1.0000,0.000,0.000,1.0000,1.0000,0.000,0.000,1.0000,1.0000,0.000,0.000,1.0000,1.0000,0.000,0.000,1.0000,1.0000,0.000,0.000,0.1250,0.8750,2.792,0.125
439,2900,1000,50,24,8241.1,4.000,1.0000,1.0000,0.000,0.000,1.0000,1.0000,0.000,0.000,1.0000,1.0000,0.000,0.000,1.0000,1.0000,0.000,0.000,1.0000,1.0000,0.000,0.000,0.1250,0.8750,2.625,0.125
440,3000,1000,150,24,8201.5,3.792,1.0000,1.0000,0.000,0.000,1.0000,1.0000,0.000,0.000,1.0000,1.0000,0.000,0.000,1.0000,1.0000,0.000,0.000,1.0000,1.0000,0.000,0.000,0.0000,0.9167,3.000,0.083
441,3100,1000,250,24,8064.3,3.250,1.0000,1.0000,0.000,0.000,1.0000,1.0000,0.000,0.000,1.0000,1.0000,0.000,0.000,1.0000,1.0000,0.000,0.000,1.0000,1.0000,0.000,0.000,0.0000,0.9167,7.083,0.083
442,3200,1000,350,24,7858.3,3.000,1.0000,1.0000,0.000,0.000,1.0000,1.0000,0.000,0.000,1.0000,1.0000,0.000,0.000,1.0000,1.0000,0.000,0.000,1.0000,1.0000,0.000,0.000,0.0000,0.8750,15.625,0.125
443,3300,1000,400,24,7638.8,3.000,1.0000,1.0000,0.000,0.000,1.0000,1.0000,0.000,0.000,1.0000,1.0000,0.000,0.000,1.0000,1.0000,0.000,0.000,1.0000,1.0000,0.000,0.000,0.0000,0.7917,21.792,0.250
444,3400,1000,300,24,7390.2,3.000,1.0000,1.0000,0.000,0.000,1.0000,1.0000,0.000,0.000,1.0000,1.0000,0.000,0.000,1.0000,1.0000,0.000,0.000,1.0000,1.0000,0.000,0.000,0.0000,0.6667,10.500,0.417
445,3500,1000,200,24,7046.3,3.000,1.0000,1.0000,0.000,0.000,1.0000,1.0000,0.000,0.000,1.0000,1.0000,0.000,0.000,1.0000,1.0000,0.000,0.000,1.0000,1.0000,0.000,0.000,0.0000,0.7083,6.167,0.333
446,3600,1000,100,24,6659.3,3.000,1.0000,1.0000,0.000,0.000,1.0000,1.0000,0.000,0.000,1.0000,1.0000,0.000,0.000,1.0000,1.0000,0.000,0.000,1.0000,1.0000,0.000,0.000,0.0000,0.7917,3.042,0.292
447,3700,1000,0,24,6194.2,3.000,1.0000,1.0000,0.000,0.000,1.0000,1.0000,0.000,0.000,1.0000,1.0000,0.000,0.000,1.0000,1.0000,0.000,0.000,1.0000,1.0000,0.000,0.000,0.0417,0.6250,2.375,0.500
448,3800,1000,100,24,5674.4,2.958,1.0000,1.0000,0.000,0.000,1.0000,1.0000,0.000,0.000,1.0000,1.0000,0.000,0.000,1.0000,1.0000,0.000,0.000,1.0000,1.0000,0.000,0.000,0.0417,0.5000,2.792,0.875
449,3900,1000,200,24,5101.1,2.375,1.0000,1.0000,0.000,0.000,1.0000,1.0000,0.000,0.000,1.0000,1.0000,0.000,0.000,1.0000,1.0000,0.000,0.000,1.0000,1.0000,0.000,0.000,0.0000,0.1250,5.458,2.375
450,4000,1000,300,24,4580.7,2.042,1.0000,1.0000,0.000,0.000,1.0000,1.0000,0.000,0.000,1.0000,1.0000,0.000,0.000,1.0000,1.0000,0.000,0.000,1.0000,1.0000,0.000,0.000,0.0000,0.0000,11.542,6.625
451,0,1100,300,24,4429.6,2.167,1.0000,1.0000,0.000,0.000,1.0000,1.0000,0.000,0.000,1.0000,1.0000,0.000,0.000,1.0000,1.0000,0.000,0.000,0.9167,1.0000,0.083,0.000,0.0000,0.0000,10.583,6.833
452,100,1100,200,24,4932.2,2.458,1.0000,1.0000,0.000,0.000,1.0000,1.0000,0.000,0.000,1.0000,1.0000,0.000,0.000,1.0000,1.0000,0.000,0.000,1.0000,1.0000,0.000,0.000,0.0000,0.0833,4.667,2.333
453,200,1100,100,24,5421.3,2.917,1.0000,1.0000,0.000,0.000,1.0000,1.0000,0.000,0.000,1.0000,1.0000,0.000,0.000,1.0000,1.0000,0.000,0.000,1.0000,1.0000,0.000,0.000,0.0000,0.3333,2.792,1.083
454,300,1100,0,24,5937.5,3.000,1.0000,1.0000,0.000,0.000,1.0000,1.0000,0.000,0.000,1.0000,1.0000,0.000,0.000,1.0000,1.0000,0.000,0.000,1.0000,1.0000,0.000,0.000,0.0417,0.7500,2.250,0.292
455,400,1100,100,24,6374.7,3.000,1.0000,1.0000,0.000,0.000,1.0000,1.0000,0.000,0.000,1.0000,1.0000,0.000,0.000,1.0000,1.0000,0.000,0.000,0.9583,1.0000,0.042,0.000,0.0000,0.5000,3.292,0.583
456,500,1100,200,24,6751.5,3.000,1.0000,1.0000,0.000,0.000,1.0000,1.0000,0.000,0.000,1.0000,1.0000,0.000,0.000,1.0000,1.0000,0.000,0.000,0.9167,1.0000,0.083,0.000,0.0417,0.7500,4.708,0.292
457,600,1100,300,24,7078.5,3.000,1.0000,1.0000,0.000,0.000,1.0000,1.0000,0.000,0.000,1.0000,1.0000,0.000,0.000,1.0000,1.0000,0.000,0.000,0.9583,1.0000,0.042,0.000,0.0000,0.7500,10.000,0.250
458,700,1100,400,24,7367.2,3.000,1.0000,1.0000,0.000,0.000,1.0000,1.0000,0.000,0.000,1.0000,1.0000,0.000,0.000,1.0000,1.0000,0.000,0.000,0.9583,1.0000,0.042,0.000,0.0000,0.6667,22.167,0.375
459,800,1100,350,24,7630.0,3.125,1.0000,1.0000,0.000,0.000,1.0000,1.0000,0.000,0.000,1.0000,1.0000,0.000,0.000,1.0000,1.0000,0.000,0.000,1.0000,1.0000,0.000,0.000,0.0000,0.8333,16.250,0.167
460,900,1100,250,24,7843.8,3.125,1.0000,1.0000,0.000,0.000,1.0000,1.0000,0.000,0.000,1.0000,1.0000,0.000,0.000,1.0000,1.0000,0.000,0.000,1.0000,1.0000,0.000,0.000,0.0000,0.8333,7.625,0.167
461,1000,1100,150,24,8026.2,3.792,1.0000,1.0000,0.000,0.000,1.0000,1.0000,0.000,0.000,1.0000,1.0000,0.000,0.000,1.0000,1.0000,0.000,0.000,1.0000,1.0000,0.000,0.000,0.0000,0.9583,3.875,0.042
462,1100,1100,50,24,8167.2,4.000,1.0000,1.0000,0.000,0.000,1.0000,1.0000,0.000,0.000,1.0000,1.0000,0.000,0.000,1.0000,1.0000,0.000,0.000,1.0000,1.0000,0.000,0.000,0.0833,0.8333,2.792,0.167
463,1200,1100,50,24,8185.1,4.000,1.0000,1.0000,0.000,0.000,1.0000,1.0000,0.000,0.000,1.0000,1.0000,0.000,0.000,1.0000,1.0000,0.000,0.000,1.0000,1.0000,0.000,0.000,0.0833,0.8750,2.250,0.125
464,1300,1100,150,24,8180.3,4.000,1.0000,1.0000,0.000,0.000,1.0000,1.0000,0.000,0.000,1.0000,1.0000,0.000,0.000,1.0000,1.0000,0.000,0.000,1.0000,1.0000,0.000,0.000,0.0000,0.9167,3.500,0.083
465,1400,1100,250,24,8093.4,4.000,1.0000,1.0000,0.000,0.000,1.0000,1.0000,0.000,0.000,1.0000,1.0000,0.000,0.000,1.0000,1.0000,0.000,0.000,1.0000,1.0000,0.000,0.000,0.0000,0.9167,7.000,0.083
466,1500,1100,350,24,8012.5,4.000,1.0000,1.0000,0.000,0.000,1.0000,1.0000,0.000,0.000,1.0000,1.0000,0.000,0.000,1.0000,1.0000,0.000,0.000,1.0000,1.0000,0.000,0.000,0.0000,0.8750,15.167,0.125
467,1600,1100,400,24,8018.6,4.000,1.0000,1.0000,0.000,0.000,1.0000,1.0000,0.000,0.000,1.0000,1.0000,0.000,0.000,1.0000,1.0000,0.000,0.000,1.0000,1.0000,0.000,0.000,0.0000,0.7083,22.000,0.333
468,1700,1100,300,24,8076.2,4.167,1.0000,1.0000,0.000,0.000,1.0000,1.0000,0.000,0.000,1.0000,1.0000,0.000,0.000,1.0000,1.0000,0.000,0.000,0.9167,1.0000,0.083,0.000,0.0000,0.7917,9.542,0.250
469,1800,1100,200,24,8135.0,4.417,1.0000,1.0000,0.000,0.000,1.0000,1.0000,0.000,0.000,1.0000,1.0000,0.000,0.000,1.0000,1.0000,0.000,0.000,1.0000,1.0000,0.000,0.000,0.0000,0.8750,6.000,0.125
470,1900,1100,100,24,8177.5,4.917,1.0000,1.0000,0.000,0.000,1.0000,1.0000,0.000,0.000,1.0000,1.0000,0.000,0.000,1.0000,1.0000,0.000,0.000,1.0000,1.0000,0.000,0.000,0.0417,0.8333,2.917,0.167
471,2000,1100,0,24,8227.5,5.000,1.0000,1.0000,0.000,0.000,1.0000,1.0000,0.000,0.000,1.0000,1.0000,0.000,0.000,1.0000,1.0000,0.000,0.000,1.0000,1.0000,0.000,0.000,0.2083,0.8750,2.042,0.125
472,2100,1100,100,24,8151.0,4.958,1.0000,1.0000,0.000,0.000,1.0000,1.0000,0.000,0.000,1.0000,1.0000,0.000,0.000,1.0000,1.0000,0.000,0.000,1.0000,1.0000,0.000,0.000,0.0000,0.8333,3.042,0.167
473,2200,1100,200,24,8076.2,4.500,1.0000,1.0000,0.000,0.000,1.0000,1.0000,0.000,0.000,1.0000,1.0000,0.000,0.000,1.0000,1.0000,0.000,0.000,1.0000,1.0000,0.000,0.000,0.0000,0.9583,4.583,0.042
474,2300,1100,300,24,7994.4,4.083,1.0000,1.0000,0.000,0.000,1.0000,1.0000,0.000,0.000,1.0000,1.0000,0.000,0.000,1.0000,1.0000,0.000,0.000,1.0000,1.0000,0.000,0.000,0.0000,0.8333,10.250,0.167
475,2400,1100,400,24,7934.3,4.125,1.0000,1.0000,0.000,0.000,1.0000,1.0000,0.000,0.000,1.0000,1.0000,0.000,0.000,1.0000,1.0000,0.000,0.000,1.0000,1.0000,0.000,0.000,0.0000,0.7917,21.875,0.292
476,2500,1100,350,24,7951.0,4.000,1.0000,1.0000,0.000,0.000,1.0000,1.0000,0.000,0.000,1.0000,1.0000,0.000,0.000,1.0000,1.0000,0.000,0.000,1.0000,1.0000,0.000,0.000,0.0000,0.7500,13.917,0.250
477,2600,1100,250,24,8021.2,4.000,1.0000,1.0000,0.000,0.000,1.0000,1.0000,0.000,0.000,1.0000,1.0000,0.000,0.000,1.0000,1.0000,0.000,0.000,1.0000,1.0000,0.000,0.000,0.0000,0.7500,7.500,0.250
478,2700,1100,150,24,8125.8,4.000,1.0000,1.0000,0.000,0.000,1.0000,1.0000,0.000,0.000,1.0000,1.0000,0.000,0.000,1.0000,1.0000,0.000,0.000,1.0000,1.0000,0.000,0.000,0.0000,0.8750,3.042,0.125
479,2800,1100,50,24,8189.6,4.000,1.0000,1.0000,0.000,0.000,1.0000,1.0000,0.000,0.000,1.0000,1.0000,0.000,0.000,1.0000,1.0000,0.000,0.000,1.0000,1.0000,0.000,0.000,0.0833,0.8333,2.625,0.208
480,2900,1100,50,24,8192.8,4.000,1.0000,1.0000,0.000,0.000,1.0000,1.0000,0.000,0.000,1.0000,1.0000,0.000,0.000,1.0000,1.0000,0.000,0.000,1.0000,1.0000,0.000,0.000,0.0000,0.9167,2.458,0.083
481,3000,1100,150,24,8112.4,3.708,1.0000,1.0000,0.000,0.000,1.0000,1.0000,0.000,0.000,1.0000,1.0000,0.000,0.000,1.0000,1.0000,0.000,0.000,1.0000,1.0000,0.000,0.000,0.0000,0.8750,4.333,0.125
482,3100,1100,250,24,7986.0,3.167,1.0000,1.0000,0.000,0.000,1.0000,1.0000,0.000,0.000,1.0000,1.0000,0.000,0.000,1.0000,1.0000,0.000,0.000,1.0000,1.0000,0.000,0.000,0.0000,0.9167,7.250,0.083
483,3200,1100,350,24,7783.4,3.042,1.0000,1.0000,0.000,0.000,1.0000,1.0000,0.000,0.000,1.0000,1.0000,0.000,0.000,1.0000,1.0000,0.000,0.000,1.0000,1.0000,0.000,0.000,0.0000,0.9583,14.667,0.042
484,3300,1100,400,24,7557.6,3.042,1.0000,1.0000,0.000,0.000,1.0000,1.0000,0.000,0.000,1.0000,1.0000,0.000,0.000,1.0000,1.0000,0.000,0.000,0.9583,1.0000,0.042,0.000,0.0000,0.7917,21.333,0.333
485,3400,1100,300,24,7298.4,3.000,1.0000,1.0000,0.000,0.000,1.0000,1.0000,0.000,0.000,1.0000,1.0000,0.000,0.000,1.0000,1.0000,0.000,0.000,1.0000,1.0000,0.000,0.000,0.0000,0.8333,10.583,0.167
486,3500,1100,200,24,6971.2,3.000,1.0000,1.0000,0.000,0.000,1.0000,1.0000,0.000,0.000,1.0000,1.0000,0.000,0.000,1.0000,1.0000,0.000,0.000,1.0000,1.0000,0.000,0.000,0.0000,0.7917,5.375,0.208
487,3600,1100,100,24,6602.6,3.000,1.0000,1.0000,0.000,0.000,1.0000,1.0000,0.000,0.000,1.0000,1.0000,0.000,0.000,1.0000,1.0000,0.000,0.000,1.0000,1.0000,0.000,0.000,0.0417,0.6250,3.125,0.375
488,3700,1100,0,24,6124.6,3.000,1.0000,1.0000,0.000,0.000,1.0000,1.0000,0.000,0.000,1.0000,1.0000,0.000,0.000,1.0000,1.0000,0.000,0.000,1.0000,1.0000,0.000,0.000,0.1250,0.6250,2.125,0.542
489,3800,1100,100,24,5639.0,2.958,1.0000,1.0000,0.000,0.000,1.0000,1.0000,0.000,0.000,1.0000,1.0000,0.000,0.000,1.0000,1.0000,0.000,0.000,1.0000,1.0000,0.000,0.000,0.1250,0.3750,2.750,0.917
490,3900,1100,200,24,5098.0,2.417,1.0000,1.0000,0.000,0.000,1.0000,1.0000,0.000,0.000,1.0000,1.0000,0.000,0.000,1.0000,1.0000,0.000,0.000,1.0000,1.0000,0.000,0.000,0.0000,0.0833,4.833,2.292
491,4000,1100,300,24,4558.4,2.125,1.0000,1.0000,0.000,0.000,1.0000,1.0000,0.000,0.000,1.0000,1.0000,0.000,0.000,1.0000,1.0000,0.000,0.000,1.0000,1.0000,0.000,0.000,0.0000,0.0000,11.000,7.125
492,0,1200,300,24,4470.5,2.250,1.0000,1.0000,0.000,0.000,1.0000,1.0000,0.000,0.000,1.0000,1.0000,0.000,0.000,1.0000,1.0000,0.000,0.000,0.9583,1.0000,0.083,0.000,0.0000,0.0000,9.000,5.750
493,100,1200,200,24,4982.6,2.625,1.0000,1.0000,0.000,0.000,1.0000,1.0000,0.000,0.000,1.0000,1.0000,0.000,0.000,1.0000,1.0000,0.000,0.000,1.0000,1.0000,0.000,0.000,0.0000,0.0833,5.000,2.375
494,200,1200,100,24,5491.5,2.917,1.0000,1.0000,0.000,0.000,1.0000,1.0000,0.000,0.000,1.0000,1.0000,0.000,0.000,1.0000,1.0000,0.000,0.000,1.0000,1.0000,0.000,0.000,0.0417,0.5000,2.708,0.792
495,300,1200,0,24,6001.3,3.000,1.0000,1.0000,0.000,0.000,1.0000,1.0000,0.000,0.000,1.0000,1.0000,0.000,0.000,1.0000,1.0000,0.000,0.000,1.0000,1.0000,0.000,0.000,0.1250,0.7083,2.125,0.375
496,400,1200,100,24,6440.9,3.000,1.0000,1.0000,0.000,0.000,1.0000,1.0000,0.000,0.000,1.0000,1.0000,0.000,0.000,1.0000,1.0000,0.000,0.000,1.0000,1.0000,0.000,0.000,0.1250,0.7917,2.500,0.250
497,500,1200,200,24,6801.2,3.000,1.0000,1.0000,0.000,0.000,1.0000,1.0000,0.000,0.000,1.0000,1.0000,0.000,0.000,1.0000,1.0000,0.000,0.000,0.9583,0.9583,0.042,0.042,0.0000,0.8333,5.000,0.250
498,600,1200,300,24,7117.3,3.000,1.0000,1.0000,0.000,0.000,1.0000,1.0000,0.000,0.000,1.0000,1.0000,0.000,0.000,1.0000,1.0000,0.000,0.000,0.9583,1.0000,0.042,0.000,0.0000,0.5833,9.500,0.667
499,700,1200,400,24,7412.5,3.000,1.0000,1.0000,0.000,0.000,1.0000,1.0000,0.000,0.000,1.0000,1.0000,0.000,0.000,1.0000,1.0000,0.000,0.000,0.9583,1.0000,0.042,0.000,0.0000,0.6250,20.875,0.500
500,800,1200,350,24,7651.5,3.042,1.0000,1.0000,0.000,0.000,1.0000,1.0000,0.000,0.000,1.0000,1.0000,0.000,0.000,1.0000,1.0000,0.000,0.000,1.0000,1.0000,0.000,0.000,0.0000,0.7917,15.042,0.208
501,900,1200,250,24,7867.0,3.167,1.0000,1.0000,0.000,0.000,1.0000,1.0000,0.000,0.000,1.0000,1.0000,0.000,0.000,1.0000,1.0000,0.000,0.000,1.0000,1.0000,0.000,0.000,0.0000,0.7917,7.417,0.250
502,1000,1200,150,24,8030.0,3.792,1.0000,1.0000,0.000,0.000,1.0000,1.0000,0.000,0.000,1.0000,1.0000,0.000,0.000,1.0000,1.0000,0.000,0.000,1.0000,1.0000,0.000,0.000,0.0417,0.9167,3.208,0.083
503,1100,1200,50,24,8124.8,4.000,1.0000,1.0000,0.000,0.000,1.0000,1.0000,0.000,0.000,1.0000,1.0000,0.000,0.000,1.0000,1.0000,0.000,0.000,1.0000,1.0000,0.000,0.000,0.0833,0.9583,2.417,0.042
504,1200,1200,50,24,8157.5,4.000,1.0000,1.0000,0.000,0.000,1.0000,1.0000,0.000,0.000,1.0000,1.0000,0.000,0.000,1.0000,1.0000,0.000,0.000,1.0000,1.0000,0.000,0.000,0.0417,0.8750,2.125,0.125
505,1300,1200,150,24,8130.2,4.000,1.0000,1.0000,0.000,0.000,1.0000,1.0000,0.000,0.000,1.0000,1.0000,0.000,0.000,1.0000,1.0000,0.000,0.000,1.0000,1.0000,0.000,0.000,0.0000,0.8750,3.875,0.125
506,1400,1200,250,24,8045.9,4.000,1.0000,1.0000,0.000,0.000,1.0000,1.0000,0.000,0.000,1.0000,1.0000,0.000,0.000,1.0000,1.0000,0.000,0.000,1.0000,1.0000,0.000,0.000,0.0000,0.7917,6.458,0.250
507,1500,1200,350,24,7984.5,4.000,1.0000,1.0000,0.000,0.000,1.0000,1.0000,0.000,0.000,1.0000,1.0000,0.000,0.000,1.0000,1.0000,0.000,0.000,1.0000,1.0000,0.000,0.000,0.0000,0.7917,15.625,0.208
508,1600,1200,400,24,7970.1,4.042,1.0000,1.0000,0.000,0.000,1.0000,1.0000,0.000,0.000,1.0000,1.0000,0.000,0.000,1.0000,1.0000,0.000,0.000,1.0000,1.0000,0.000,0.000,0.0000,0.7083,22.875,0.292
509,1700,1200,300,24,8041.3,4.083,1.0000,1.0000,0.000,0.000,1.0000,1.0000,0.000,0.000,1.0000,1.0000,0.000,0.000,1.0000,1.0000,0.000,0.000,0.9583,1.0000,0.042,0.000,0.0000,0.8750,10.333,0.208
510,1800,1200,200,24,8100.6,4.375,1.0000,1.0000,0.000,0.000,1.0000,1.0000,0.000,0.000,1.0000,1.0000,0.000,0.000,1.0000,1.0000,0.000,0.000,1.0000,1.0000,0.000,0.000,0.0417,0.9583,4.375,0.042
511,1900,1200,100,24,8166.5,4.875,1.0000,1.0000,0.000,0.000,1.0000,1.0000,0.000,0.000,1.0000,1.0000,0.000,0.000,1.0000,1.0000,0.000,0.000,1.0000,1.0000,0.000,0.000,0.1250,1.0000,2.708,0.000
512,2000,1200,0,24,8190.7,5.000,1.0000,1.0000,0.000,0.000,1.0000,1.0000,0.000,0.000,1.0000,1.0000,0.000,0.000,1.0000,1.0000,0.000,0.000,1.0000,1.0000,0.000,0.000,0.0417,0.8750,2.167,0.125
513,2100,1200,100,24,8128.6,4.917,1.0000,1.0000,0.000,0.000,1.0000,1.0000,0.000,0.000,1.0000,1.0000,0.000,0.000,1.0000,1.0000,0.000,0.000,1.0000,1.0000,0.000,0.000,0.0417,0.9583,3.375,0.042
514,2200,1200,200,24,8062.0,4.750,1.0000,1.0000,0.000,0.000,1.0000,1.0000,0.000,0.000,1.0000,1.0000,0.000,0.000,1.0000,1.0000,0.000,0.000,1.0000,1.0000,0.000,0.000,0.0000,0.9167,4.958,0.125
515,2300,1200,300,24,7957.0,4.083,1.0000,1.0000,0.000,0.000,1.0000,1.0000,0.000,0.000,1.0000,1.0000,0.000,0.000,1.0000,1.0000,0.000,0.000,0.9583,1.0000,0.042,0.000,0.0000,0.8333,9.667,0.208
516,2400,1200,400,24,7912.3,4.000,1.0000,1.0000,0.000,0.000,1.0000,1.0000,0.000,0.000,1.0000,1.0000,0.000,0.000,1.0000,1.0000,0.000,0.000,1.0000,1.0000,0.000,0.000,0.0000,0.7083,19.792,0.292
517,2500,1200,350,24,7945.9,4.000,1.0000,1.0000,0.000,0.000,1.0000,1.0000,0.000,0.000,1.0000,1.0000,0.000,0.000,1.0000,1.0000,0.000,0.000,1.0000,1.0000,0.000,0.000,0.0000,0.8333,14.333,0.167
518,2600,1200,250,24,7998.2,4.000,1.0000,1.0000,0.000,0.000,1.0000,1.0000,0.000,0.000,1.0000,1.0000,0.000,0.000,1.0000,1.0000,0.000,0.000,1.0000,1.0000,0.000,0.000,0.0000,0.9167,6.667,0.083
519,2700,1200,150,24,8089.4,4.000,1.0000,1.0000,0.000,0.000,1.0000,1.0000,0.000,0.000,1.0000,1.0000,0.000,0.000,1.0000,1.0000,0.000,0.000,1.0000,1.0000,0.000,0.000,0.0000,0.8750,3.208,0.125
520,2800,1200,50,24,8148.2,4.000,1.0000,1.0000,0.000,0.000,1.0000,1.0000,0.000,0.000,1.0000,1.0000,0.000,0.000,1.0000,1.0000,0.000,0.000,1.0000,1.0000,0.000,0.000,0.0833,0.7917,2.458,0.208
521,2900,1200,50,24,8171.8,4.000,1.0000,1.0000,0.000,0.000,1.0000,1.0000,0.000,0.000,1.0000,1.0000,0.000,0.000,1.0000,1.0000,0.000,0.000,1.0000,1.0000,0.000,0.000,0.0000,0.9583,1.917,0.042
522,3000,1200,150,24,8083.0,3.833,1.0000,1.0000,0.000,0.000,1.0000,1.0000,0.000,0.000,1.0000,1.0000,0.000,0.000,1.0000,1.0000,0.000,0.000,1.0000,1.0000,0.000,0.000,0.0000,0.8333,3.708,0.167
523,3100,1200,250,24,7918.9,3.292,1.0000,1.0000,0.000,0.000,1.0000,1.0000,0.000,0.000,1.0000,1.0000,0.000,0.000,1.0000,1.0000,0.000,0.000,1.0000,1.0000,0.000,0.000,0.0000,0.8333,7.292,0.167
524,3200,1200,350,24,7744.1,3.083,1.0000,1.0000,0.000,0.000,1.0000,1.0000,0.000,0.000,1.0000,1.0000,0.000,0.000,1.0000,1.0000,0.000,0.000,0.9583,1.0000,0.042,0.000,0.0000,0.8750,15.000,0.250
525,3300,1200,400,24,7513.8,3.000,1.0000,1.0000,0.000,0.000,1.0000,1.0000,0.000,0.000,1.0000,1.0000,0.000,0.000,1.0000,1.0000,0.000,0.000,0.9583,1.0000,0.042,0.000,0.0000,0.6667,22.083,0.333
526,3400,1200,300,24,7250.7,3.000,1.0000,1.0000,0.000,0.000,1.0000,1.0000,0.000,0.000,1.0000,1.0000,0.000,0.000,1.0000,1.0000,0.000,0.000,1.0000,1.0000,0.000,0.000,0.0000,0.6250,10.125,0.542
527,3500,1200,200,24,6944.9,3.000,1.0000,1.0000,0.000,0.000,1.0000,1.0000,0.000,0.000,1.0000,1.0000,0.000,0.000,1.0000,1.0000,0.000,0.000,1.0000,1.0000,0.000,0.000,0.0417,0.8333,5.167,0.167
528,3600,1200,100,24,6554.5,3.000,1.0000,1.0000,0.000,0.000,1.0000,1.0000,0.000,0.000,1.0000,1.0000,0.000,0.000,1.0000,1.0000,0.000,0.000,1.0000,1.0000,0.000,0.000,0.0833,0.7083,2.625,0.292
529,3700,1200,0,24,6102.8,3.000,1.0000,1.0000,0.000,0.000,1.0000,1.0000,0.000,0.000,1.0000,1.0000,0.000,0.000,1.0000,1.0000,0.000,0.000,1.0000,1.0000,0.000,0.000,0.1250,0.7917,2.042,0.333
530,3800,1200,100,24,5597.5,2.875,1.0000,1.0000,0.000,0.000,1.0000,1.0000,0.000,0.000,1.0000,1.0000,0.000,0.000,1.0000,1.0000,0.000,0.000,1.0000,1.0000,0.000,0.000,0.1250,0.4583,2.875,0.917
531,3900,1200,200,24,5075.0,2.417,1.0000,1.0000,0.000,0.000,1.0000,1.0000,0.000,0.000,1.0000,1.0000,0.000,0.000,1.0000,1.0000,0.000,0.000,1.0000,1.0000,0.000,0.000,0.0000,0.1250,4.375,2.042
532,4000,1200,300,24,4565.4,2.042,1.0000,1.0000,0.000,0.000,1.0000,1.0000,0.000,0.000,1.0000,1.0000,0.000,0.000,1.0000,1.0000,0.000,0.000,0.9583,0.9583,0.042,0.042,0.0000,0.0000,10.125,6.625
533,0,1300,300,24,4520.2,2.042,1.0000,1.0000,0.000,0.000,1.0000,1.0000,0.000,0.000,1.0000,1.0000,0.000,0.000,1.0000,1.0000,0.000,0.000,0.9583,1.0000,0.042,0.000,0.0000,0.0000,9.542,5.875
534,100,1300,200,24,5031.7,2.500,1.0000,1.0000,0.000,0.000,1.0000,1.0000,0.000,0.000,1.0000,1.0000,0.000,0.000,1.0000,1.0000,0.000,0.000,1.0000,1.0000,0.000,0.000,0.0000,0.1667,4.208,1.833
535,200,1300,100,24,5547.0,2.917,1.0000,1.0000,0.000,0.000,1.0000,1.0000,0.000,0.000,1.0000,1.0000,0.000,0.000,1.0000,1.0000,0.000,0.000,1.0000,1.0000,0.000,0.000,0.0417,0.4583,2.583,0.833
536,300,1300,0,24,6031.2,3.000,1.0000,1.0000,0.000,0.000,1.0000,1.0000,0.000,0.000,1.0000,1.0000,0.000,0.000,1.0000,1.0000,0.000,0.000,1.0000,1.0000,0.000,0.000,0.0417,0.5833,2.667,0.625
537,400,1300,100,24,6465.8,3.000,1.0000,1.0000,0.000,0.000,1.0000,1.0000,0.000,0.000,1.0000,1.0000,0.000,0.000,1.0000,1.0000,0.000,0.000,1.0000,1.0000,0.000,0.000,0.0833,0.7083,2.792,0.292
538,500,1300,200,24,6856.7,3.000,1.0000,1.0000,0.000,0.000,1.0000,1.0000,0.000,0.000,1.0000,1.0000,0.000,0.000,1.0000,1.0000,0.000,0.000,1.0000,1.0000,0.000,0.000,0.0000,0.7500,5.458,0.292
539,600,1300,300,24,7151.0,3.000,1.0000,1.0000,0.000,0.000,1.0000,1.0000,0.000,0.000,1.0000,1.0000,0.000,0.000,1.0000,1.0000,0.000,0.000,1.0000,1.0000,0.000,0.000,0.0000,0.9167,10.000,0.083
540,700,1300,400,24,7448.5,3.000,1.0000,1.0000,0.000,0.000,1.0000,1.0000,0.000,0.000,1.0000,1.0000,0.000,0.000,1.0000,1.0000,0.000,0.000,1.0000,1.0000,0.000,0.000,0.0000,0.7083,20.167,0.292
541,800,1300,350,24,7664.5,3.125,1.0000,1.0000,0.000,0.000,1.0000,1.0000,0.000,0.000,1.0000,1.0000,0.000,0.000,1.0000,1.0000,0.000,0.000,0.9583,1.0000,0.042,0.000,0.0000,0.8333,14.333,0.208
542,900,1300,250,24,7883.5,3.208,1.0000,1.0000,0.000,0.000,1.0000,1.0000,0.000,0.000,1.0000,1.0000,0.000,0.000,1.0000,1.0000,0.000,0.000,1.0000,1.0000,0.000,0.000,0.0000,0.7917,6.875,0.250
543,1000,1300,150,24,8028.3,3.667,1.0000,1.0000,0.000,0.000,1.0000,1.0000,0.000,0.000,1.0000,1.0000,0.000,0.000,1.0000,1.0000,0.000,0.000,1.0000,1.0000,0.000,0.000,0.0833,0.9167,3.792,0.083
544,1100,1300,50,24,8130.5,4.000,1.0000,1.0000,0.000,0.000,1.0000,1.0000,0.000,0.000,1.0000,1.0000,0.000,0.000,1.0000,1.0000,0.000,0.000,1.0000,1.0000,0.000,0.000,0.0833,0.9167,1.917,0.083
545,1200,1300,50,24,8149.2,4.000,1.0000,1.0000,0.000,0.000,1.0000,1.0000,0.000,0.000,1.0000,1.0000,0.000,0.000,1.0000,1.0000,0.000,0.000,1.0000,1.0000,0.000,0.000,0.0000,0.7917,2.792,0.250
546,1300,1300,150,24,8107.0,4.000,1.0000,1.0000,0.000,0.000,1.0000,1.0000,0.000,0.000,1.0000,1.0000,0.000,0.000,1.0000,1.0000,0.000,0.000,1.0000,1.0000,0.000,0.000,0.0417,0.9167,2.667,0.083
547,1400,1300,250,24,8021.5,4.000,1.0000,1.0000,0.000,0.000,1.0000,1.0000,0.000,0.000,1.0000,1.0000,0.000,0.000,1.0000,1.0000,0.000,0.000,1.0000,1.0000,0.000,0.000,0.0000,0.8333,6.125,0.167
548,1500,1300,350,24,7957.7,4.000,1.0000,1.0000,0.000,0.000,1.0000,1.0000,0.000,0.000,1.0000,1.0000,0.000,0.000,1.0000,1.0000,0.000,0.000,0.9167,1.0000,0.083,0.000,0.0000,0.8750,14.458,0.125
549,1600,1300,400,24,7935.6,4.042,1.0000,1.0000,0.000,0.000,1.0000,1.0000,0.000,0.000,1.0000,1.0000,0.000,0.000,1.0000,1.0000,0.000,0.000,1.0000,1.0000,0.000,0.000,0.0000,0.7083,20.083,0.333
550,1700,1300,300,24,7972.0,4.042,1.0000,1.0000,0.000,0.000,1.0000,1.0000,0.000,0.000,1.0000,1.0000,0.000,0.000,1.0000,1.0000,0.000,0.000,1.0000,1.0000,0.000,0.000,0.0000,0.7500,10.000,0.250
551,1800,1300,200,24,8066.2,4.583,1.0000,1.0000,0.000,0.000,1.0000,1.0000,0.000,0.000,1.0000,1.0000,0.000,0.000,1.0000,1.0000,0.000,0.000,1.0000,1.0000,0.000,0.000,0.0000,0.9583,4.250,0.042
552,1900,1300,100,24,8128.2,4.917,1.0000,1.0000,0.000,0.000,1.0000,1.0000,0.000,0.000,1.0000,1.0000,0.000,0.000,1.0000,1.0000,0.000,0.000,1.0000,1.0000,0.000,0.000,0.0833,0.9167,2.833,0.083
553,2000,1300,0,24,8172.8,5.000,1.0000,1.0000,0.000,0.000,1.0000,1.0000,0.000,0.000,1.0000,1.0000,0.000,0.000,1.0000,1.0000,0.000,0.000,1.0000,1.0000,0.000,0.000,0.1250,0.9583,2.167,0.042
554,2100,1300,100,24,8129.9,4.917,1.0000,1.0000,0.000,0.000,1.0000,1.0000,0.000,0.000,1.0000,1.0000,0.000,0.000,1.0000,1.0000,0.000,0.000,1.0000,1.0000,0.000,0.000,0.0000,0.7500,2.958,0.250
555,2200,1300,200,24,8044.8,4.458,1.0000,1.0000,0.000,0.000,1.0000,1.0000,0.000,0.000,1.0000,1.0000,0.000,0.000,1.0000,1.0000,0.000,0.000,1.0000,1.0000,0.000,0.000,0.0000,0.8750,4.833,0.125
556,2300,1300,300,24,7947.4,4.083,1.0000,1.0000,0.000,0.000,1.0000,1.0000,0.000,0.000,1.0000,1.0000,0.000,0.000,1.0000,1.0000,0.000,0.000,1.0000,1.0000,0.000,0.000,0.0000,0.9167,11.167,0.125
557,2400,1300,400,24,7912.7,4.000,1.0000,1.0000,0.000,0.000,1.0000,1.0000,0.000,0.000,1.0000,1.0000,0.000,0.000,1.0000,1.0000,0.000,0.000,0.9583,1.0000,0.042,0.000,0.0000,0.9167,21.167,0.083
558,2500,1300,350,24,7925.7,4.000,1.0000,1.0000,0.000,0.000,1.0000,1.0000,0.000,0.000,1.0000,1.0000,0.000,0.000,1.0000,1.0000,0.000,0.000,1.0000,1.0000,0.000,0.000,0.0000,0.9583,14.000,0.042
559,2600,1300,250,24,7998.9,4.000,1.0000,1.0000,0.000,0.000,1.0000,1.0000,0.000,0.000,1.0000,1.0000,0.000,0.000,1.0000,1.0000,0.000,0.000,1.0000,1.0000,0.000,0.000,0.0000,0.9583,6.500,0.042
560,2700,1300,150,24,8075.7,4.000,1.0000,1.0000,0.000,0.000,1.0000,1.0000,0.000,0.000,1.0000,1.0000,0.000,0.000,1.0000,1.0000,0.000,0.000,1.0000,1.0000,0.000,0.000,0.0417,0.9583,4.167,0.042
561,2800,1300,50,24,8169.3,4.000,1.0000,1.0000,0.000,0.000,1.0000,1.0000,0.000,0.000,1.0000,1.0000,0.000,0.000,1.0000,1.0000,0.000,0.000,1.0000,1.0000,0.000,0.000,0.0417,0.9583,2.333,0.042
562,2900,1300,50,24,8140.5,4.000,1.0000,1.0000,0.000,0.000,1.0000,1.0000,0.000,0.000,1.0000,1.0000,0.000,0.000,1.0000,1.0000,0.000,0.000,1.0000,1.0000,0.000,0.000,0.1250,0.9167,2.750,0.083
563,3000,1300,150,24,8055.1,3.667,1.0000,1.0000,0.000,0.000,1.0000,1.0000,0.000,0.000,1.0000,1.0000,0.000,0.000,1.0000,1.0000,0.000,0.000,1.0000,1.0000,0.000,0.000,0.0000,0.8750,3.792,0.125
564,3100,1300,250,24,7900.0,3.458,1.0000,1.0000,0.000,0.000,1.0000,1.0000,0.000,0.000,1.0000,1.0000,0.000,0.000,1.0000,1.0000,0.000,0.000,1.0000,1.0000,0.000,0.000,0.0000,0.7917,7.500,0.250
565,3200,1300,350,24,7718.7,3.083,1.0000,1.0000,0.000,0.000,1.0000,1.0000,0.000,0.000,1.0000,1.0000,0.000,0.000,1.0000,1.0000,0.000,0.000,1.0000,1.0000,0.000,0.000,0.0000,0.9167,13.583,0.083
566,3300,1300,400,24,7489.7,3.000,1.0000,1.0000,0.000,0.000,1.0000,1.0000,0.000,0.000,1.0000,1.0000,0.000,0.000,1.0000,1.0000,0.000,0.000,1.0000,1.0000,0.000,0.000,0.0000,0.7917,20.458,0.208
567,3400,1300,300,24,7230.9,3.000,1.0000,1.0000,0.000,0.000,1.0000,1.0000,0.000,0.000,1.0000,1.0000,0.000,0.000,1.0000,1.0000,0.000,0.000,1.0000,1.0000,0.000,0.000,0.0000,0.6667,9.583,0.333
568,3500,1300,200,24,6895.3,3.000,1.0000,1.0000,0.000,0.000,1.0000,1.0000,0.000,0.000,1.0000,1.0000,0.000,0.000,1.0000,1.0000,0.000,0.000,1.0000,1.0000,0.000,0.000,0.0000,0.7083,4.833,0.375
569,3600,1300,100,24,6536.8,3.000,1.0000,1.0000,0.000,0.000,1.0000,1.0000,0.000,0.000,1.0000,1.0000,0.000,0.000,1.0000,1.0000,0.000,0.000,0.9583,1.0000,0.042,0.000,0.0417,0.5833,3.333,0.417
570,3700,1300,0,24,6088.0,3.000,1.0000,1.0000,0.000,0.000,1.0000,1.0000,0.000,0.000,1.0000,1.0000,0.000,0.000,1.0000,1.0000,0.000,0.000,1.0000,1.0000,0.000,0.000,0.1667,0.6250,2.042,0.583
571,3800,1300,100,24,5596.2,3.000,1.0000,1.0000,0.000,0.000,1.0000,1.0000,0.000,0.000,1.0000,1.0000,0.000,0.000,1.0000,1.0000,0.000,0.000,1.0000,1.0000,0.000,0.000,0.0417,0.4583,2.333,0.667
572,3900,1300,200,24,5068.7,2.458,1.0000,1.0000,0.000,0.000,1.0000,1.0000,0.000,0.000,1.0000,1.0000,0.000,0.000,1.0000,1.0000,0.000,0.000,1.0000,1.0000,0.000,0.000,0.0417,0.1250,4.625,2.542
573,4000,1300,300,24,4557.1,2.167,1.0000,1.0000,0.000,0.000,1.0000,1.0000,0.000,0.000,1.0000,1.0000,0.000,0.000,1.0000,1.0000,0.000,0.000,1.0000,1.0000,0.000,0.000,0.0000,0.0000,9.583,6.292
574,0,1400,300,24,4535.5,2.125,1.0000,1.0000,0.000,0.000,1.0000,1.0000,0.000,0.000,1.0000,1.0000,0.000,0.000,1.0000,1.0000,0.000,0.000,1.0000,1.0000,0.000,0.000,0.0000,0.0000,8.542,5.375
575,100,1400,200,24,5041.2,2.583,1.0000,1.0000,0.000,0.000,1.0000,1.0000,0.000,0.000,1.0000,1.0000,0.000,0.000,1.0000,1.0000,0.000,0.000,1.0000,1.0000,0.000,0.000,0.0000,0.0000,5.083,2.833
576,200,1400,100,24,5565.2,2.875,1.0000,1.0000,0.000,0.000,1.0000,1.0000,0.000,0.000,1.0000,1.0000,0.000,0.000,1.0000,1.0000,0.000,0.000,1.0000,1.0000,0.000,0.000,0.0417,0.3333,2.625,1.000
577,300,1400,0,24,6058.1,3.000,1.0000,1.0000,0.000,0.000,1.0000,1.0000,0.000,0.000,1.0000,1.0000,0.000,0.000,1.0000,1.0000,0.000,0.000,1.0000,1.0000,0.000,0.000,0.2917,0.4583,1.583,0.583
578,400,1400,100,24,6509.0,3.000,1.0000,1.0000,0.000,0.000,1.0000,1.0000,0.000,0.000,1.0000,1.0000,0.000,0.000,1.0000,1.0000,0.000,0.000,1.0000,1.0000,0.000,0.000,0.0417,0.6250,2.667,0.458
579,500,1400,200,24,6871.5,3.000,1.0000,1.0000,0.000,0.000,1.0000,1.0000,0.000,0.000,1.0000,1.0000,0.000,0.000,1.0000,1.0000,0.000,0.000,1.0000,1.0000,0.000,0.000,0.0000,0.5833,5.042,0.458
580,600,1400,300,24,7191.6,3.000,1.0000,1.0000,0.000,0.000,1.0000,1.0000,0.000,0.000,1.0000,1.0000,0.000,0.000,1.0000,1.0000,0.000,0.000,0.9583,1.0000,0.042,0.000,0.0000,0.6250,10.625,0.458
581,700,1400,400,24,7434.3,3.042,1.0000,1.0000,0.000,0.000,1.0000,1.0000,0.000,0.000,1.0000,1.0000,0.000,0.000,1.0000,1.0000,0.000,0.000,1.0000,1.0000,0.000,0.000,0.0000,0.7083,22.333,0.333
582,800,1400,350,24,7673.2,3.125,1.0000,1.0000,0.000,0.000,1.0000,1.0000,0.000,0.000,1.0000,1.0000,0.000,0.000,1.0000,1.0000,0.000,0.000,1.0000,1.0000,0.000,0.000,0.0000,0.7500,13.917,0.250
583,900,1400,250,24,7884.9,3.208,1.0000,1.0000,0.000,0.000,1.0000,1.0000,0.000,0.000,1.0000,1.0000,0.000,0.000,1.0000,1.0000,0.000,0.000,1.0000,1.0000,0.000,0.000,0.0000,0.8333,6.875,0.167
584,1000,1400,150,24,8032.0,3.792,1.0000,1.0000,0.000,0.000,1.0000,1.0000,0.000,0.000,1.0000,1.0000,0.000,0.000,1.0000,1.0000,0.000,0.000,1.0000,1.0000,0.000,0.000,0.0000,0.9167,3.083,0.083
585,1100,1400,50,24,8127.4,4.000,1.0000,1.0000,0.000,0.000,1.0000,1.0000,0.000,0.000,1.0000,1.0000,0.000,0.000,1.0000,1.0000,0.000,0.000,1.0000,1.0000,0.000,0.000,0.0000,0.8750,2.375,0.125
586,1200,1400,50,24,8131.2,4.000,1.0000,1.0000,0.000,0.000,1.0000,1.0000,0.000,0.000,1.0000,1.0000,0.000,0.000,1.0000,1.0000,0.000,0.000,1.0000,1.0000,0.000,0.000,0.0417,0.9167,2.250,0.083
587,1300,1400,150,24,8098.1,4.000,1.0000,1.0000,0.000,0.000,1.0000,1.0000,0.000,0.000,1.0000,1.0000,0.000,0.000,1.0000,1.0000,0.000,0.000,1.0000,1.0000,0.000,0.000,0.0000,0.8750,3.417,0.125
588,1400,1400,250,24,7999.4,4.000,1.0000,1.0000,0.000,0.000,1.0000,1.0000,0.000,0.000,1.0000,1.0000,0.000,0.000,1.0000,1.0000,0.000,0.000,0.9583,1.0000,0.042,0.000,0.0000,0.9583,6.958,0.083
589,1500,1400,350,24,7947.7,4.000,1.0000,1.0000,0.000,0.000,1.0000,1.0000,0.000,0.000,1.0000,1.0000,0.000,0.000,1.0000,1.0000,0.000,0.000,1.0000,1.0000,0.000,0.000,0.0000,0.8333,14.208,0.208
590,1600,1400,400,24,7918.7,4.042,1.0000,1.0000,0.000,0.000,1.0000,1.0000,0.000,0.000,1.0000,1.0000,0.000,0.000,1.0000,1.0000,0.000,0.000,0.9583,1.0000,0.042,0.000,0.0000,0.8750,20.250,0.125
591,1700,1400,300,24,7960.3,4.083,1.0000,1.0000,0.000,0.000,1.0000,1.0000,0.000,0.000,1.0000,1.0000,0.000,0.000,1.0000,1.0000,0.000,0.000,1.0000,1.0000,0.000,0.000,0.0000,0.7917,9.750,0.250
592,1800,1400,200,24,8054.5,4.625,1.0000,1.0000,0.000,0.000,1.0000,1.0000,0.000,0.000,1.0000,1.0000,0.000,0.000,1.0000,1.0000,0.000,0.000,1.0000,1.0000,0.000,0.000,0.0000,0.8750,4.917,0.125
593,1900,1400,100,24,8101.5,4.917,1.0000,1.0000,0.000,0.000,1.0000,1.0000,0.000,0.000,1.0000,1.0000,0.000,0.000,1.0000,1.0000,0.000,0.000,1.0000,1.0000,0.000,0.000,0.0417,0.9167,3.208,0.083
594,2000,1400,0,24,8159.3,5.000,1.0000,1.0000,0.000,0.000,1.0000,1.0000,0.000,0.000,1.0000,1.0000,0.000,0.000,1.0000,1.0000,0.000,0.000,1.0000,1.0000,0.000,0.000,0.0833,0.8750,2.167,0.125
595,2100,1400,100,24,8122.8,5.000,1.0000,1.0000,0.000,0.000,1.0000,1.0000,0.000,0.000,1.0000,1.0000,0.000,0.000,1.0000,1.0000,0.000,0.000,1.0000,1.0000,0.000,0.000,0.0833,0.9583,3.000,0.083
596,2200,1400,200,24,8031.0,4.292,1.0000,1.0000,0.000,0.000,1.0000,1.0000,0.000,0.000,1.0000,1.0000,0.000,0.000,1.0000,1.0000,0.000,0.000,1.0000,1.0000,0.000,0.000,0.0000,0.8333,4.625,0.167
597,2300,1400,300,24,7960.9,4.167,1.0000,1.0000,0.000,0.000,1.0000,1.0000,0.000,0.000,1.0000,1.0000,0.000,0.000,1.0000,1.0000,0.000,0.000,0.9167,1.0000,0.083,0.000,0.0000,0.8750,10.625,0.208
598,2400,1400,400,24,7917.0,4.000,1.0000,1.0000,0.000,0.000,1.0000,1.0000,0.000,0.000,1.0000,1.0000,0.000,0.000,1.0000,1.0000,0.000,0.000,1.0000,1.0000,0.000,0.000,0.0000,0.9167,21.458,0.125
599,2500,1400,350,24,7944.9,4.000,1.0000,1.0000,0.000,0.000,1.0000,1.0000,0.000,0.000,1.0000,1.0000,0.000,0.000,1.0000,1.0000,0.000,0.000,0.9583,1.0000,0.042,0.000,0.0000,0.8333,15.042,0.208
600,2600,1400,250,24,7985.6,4.000,1.0000,1.0000,0.000,0.000,1.0000,1.0000,0.000,0.000,1.0000,1.0000,0.000,0.000,1.0000,1.0000,0.000,0.000,1.0000,1.0000,0.000,0.000,0.0000,0.8750,6.750,0.167
601,2700,1400,150,24,8072.5,4.000,1.0000,1.0000,0.000,0.000,1.0000,1.0000,0.000,0.000,1.0000,1.0000,0.000,0.000,1.0000,1.0000,0.000,0.000,1.0000,1.0000,0.000,0.000,0.0417,0.9167,3.458,0.083
602,2800,1400,50,24,8139.6,4.000,1.0000,1.0000,0.000,0.000,1.0000,1.0000,0.000,0.000,1.0000,1.0000,0.000,0.000,1.0000,1.0000,0.000,0.000,1.0000,1.0000,0.000,0.000,0.0833,0.8750,2.208,0.125
603,2900,1400,50,24,8117.2,4.000,1.0000,1.0000,0.000,0.000,1.0000,1.0000,0.000,0.000,1.0000,1.0000,0.000,0.000,1.0000,1.0000,0.000,0.000,1.0000,1.0000,0.000,0.000,0.0833,0.9167,2.042,0.083
604,3000,1400,150,24,8049.0,3.792,1.0000,1.0000,0.000,0.000,1.0000,1.0000,0.000,0.000,1.0000,1.0000,0.000,0.000,1.0000,1.0000,0.000,0.000,1.0000,1.0000,0.000,0.000,0.0833,0.9167,2.542,0.083
605,3100,1400,250,24,7883.8,3.167,1.0000,1.0000,0.000,0.000,1.0000,1.0000,0.000,0.000,1.0000,1.0000,0.000,0.000,1.0000,1.0000,0.000,0.000,1.0000,1.0000,0.000,0.000,0.0000,0.9167,7.000,0.083
606,3200,1400,350,24,7700.9,3.000,1.0000,1.0000,0.000,0.000,1.0000,1.0000,0.000,0.000,1.0000,1.0000,0.000,0.000,1.0000,1.0000,0.000,0.000,1.0000,1.0000,0.000,0.000,0.0000,0.8750,13.208,0.125
607,3300,1400,400,24,7479.7,3.000,1.0000,1.0000,0.000,0.000,1.0000,1.0000,0.000,0.000,1.0000,1.0000,0.000,0.000,1.0000,1.0000,0.000,0.000,1.0000,1.0000,0.000,0.000,0.0000,0.7917,19.542,0.208
608,3400,1400,300,24,7192.9,3.000,1.0000,1.0000,0.000,0.000,1.0000,1.0000,0.000,0.000,1.0000,1.0000,0.000,0.000,1.0000,1.0000,0.000,0.000,0.9583,1.0000,0.042,0.000,0.0000,0.6667,10.542,0.583
609,3500,1400,200,24,6904.1,3.000,1.0000,1.0000,0.000,0.000,1.0000,1.0000,0.000,0.000,1.0000,1.0000,0.000,0.000,1.0000,1.0000,0.000,0.000,0.9167,1.0000,0.083,0.000,0.0000,0.6667,4.500,0.417
610,3600,1400,100,24,6514.4,3.000,1.0000,1.0000,0.000,0.000,1.0000,1.0000,0.000,0.000,1.0000,1.0000,0.000,0.000,1.0000,1.0000,0.000,0.000,1.0000,1.0000,0.000,0.000,0.0833,0.7500,2.792,0.250
611,3700,1400,0,24,6065.9,3.000,1.0000,1.0000,0.000,0.000,1.0000,1.0000,0.000,0.000,1.0000,1.0000,0.000,0.000,1.0000,1.0000,0.000,0.000,1.0000,1.0000,0.000,0.000,0.2083,0.5833,2.417,0.417
612,3800,1400,100,24,5576.8,2.917,1.0000,1.0000,0.000,0.000,1.0000,1.0000,0.000,0.000,1.0000,1.0000,0.000,0.000,1.0000,1.0000,0.000,0.000,1.0000,1.0000,0.000,0.000,0.0833,0.2500,2.667,1.083
613,3900,1400,200,24,5053.1,2.583,1.0000,1.0000,0.000,0.000,1.0000,1.0000,0.000,0.000,1.0000,1.0000,0.000,0.000,1.0000,1.0000,0.000,0.000,1.0000,1.0000,0.000,0.000,0.0000,0.2500,3.917,1.542
614,4000,1400,300,24,4568.4,2.125,1.0000,1.0000,0.000,0.000,1.0000,1.0000,0.000,0.000,1.0000,1.0000,0.000,0.000,1.0000,1.0000,0.000,0.000,1.0000,1.0000,0.000,0.000,0.0000,0.0000,9.583,5.833
615,0,1500,300,24,4546.9,2.125,1.0000,1.0000,0.000,0.000,1.0000,1.0000,0.000,0.000,1.0000,1.0000,0.000,0.000,1.0000,1.0000,0.000,0.000,1.0000,1.0000,0.000,0.000,0.0000,0.0000,9.167,6.000
616,100,1500,200,24,5057.7,2.500,1.0000,1.0000,0.000,0.000,1.0000,1.0000,0.000,0.000,1.0000,1.0000,0.000,0.000,1.0000,1.0000,0.000,0.000,1.0000,1.0000,0.000,0.000,0.0000,0.2083,4.583,1.833
617,200,1500,100,24,5560.8,2.958,1.0000,1.0000,0.000,0.000,1.0000,1.0000,0.000,0.000,1.0000,1.0000,0.000,0.000,1.0000,1.0000,0.000,0.000,1.0000,1.0000,0.000,0.000,0.0000,0.4167,3.417,1.042
618,300,1500,0,24,6072.3,3.000,1.0000,1.0000,0.000,0.000,1.0000,1.0000,0.000,0.000,1.0000,1.0000,0.000,0.000,1.0000,1.0000,0.000,0.000,1.0000,1.0000,0.000,0.000,0.0417,0.6250,2.500,0.458
619,400,1500,100,24,6509.1,3.000,1.0000,1.0000,0.000,0.000,1.0000,1.0000,0.000,0.000,1.0000,1.0000,0.000,0.000,1.0000,1.0000,0.000,0.000,1.0000,1.0000,0.000,0.000,0.1250,0.8333,2.375,0.167
620,500,1500,200,24,6881.9,3.000,1.0000,1.0000,0.000,0.000,1.0000,1.0000,0.000,0.000,1.0000,1.0000,0.000,0.000,1.0000,1.0000,0.000,0.000,1.0000,1.0000,0.000,0.000,0.0000,0.6667,5.333,0.375
621,600,1500,300,24,7186.8,3.000,1.0000,1.0000,0.000,0.000,1.0000,1.0000,0.000,0.000,1.0000,1.0000,0.000,0.000,1.0000,1.0000,0.000,0.000,1.0000,1.0000,0.000,0.000,0.0000,0.7500,9.458,0.250
622,700,1500,400,24,7440.8,3.000,1.0000,1.0000,0.000,0.000,1.0000,1.0000,0.000,0.000,1.0000,1.0000,0.000,0.000,1.0000,1.0000,0.000,0.000,1.0000,1.0000,0.000,0.000,0.0000,0.7083,21.042,0.333
623,800,1500,350,24,7688.0,3.042,1.0000,1.0000,0.000,0.000,1.0000,1.0000,0.000,0.000,1.0000,1.0000,0.000,0.000,1.0000,1.0000,0.000,0.000,1.0000,1.0000,0.000,0.000,0.0000,0.7500,12.667,0.250
624,900,1500,250,24,7895.6,3.375,1.0000,1.0000,0.000,0.000,1.0000,1.0000,0.000,0.000,1.0000,1.0000,0.000,0.000,1.0000,1.0000,0.000,0.000,1.0000,1.0000,0.000,0.000,0.0000,0.9583,7.042,0.042
625,1000,1500,150,24,8025.3,3.833,1.0000,1.0000,0.000,0.000,1.0000,1.0000,0.000,0.000,1.0000,1.0000,0.000,0.000,1.0000,1.0000,0.000,0.000,1.0000,1.0000,0.000,0.000,0.0000,0.7917,3.500,0.208
626,1100,1500,50,24,8131.8,4.000,1.0000,1.0000,0.000,0.000,1.0000,1.0000,0.000,0.000,1.0000,1.0000,0.000,0.000,1.0000,1.0000,0.000,0.000,1.0000,1.0000,0.000,0.000,0.0000,0.9167,2.792,0.083
627,1200,1500,50,24,8138.8,4.000,1.0000,1.0000,0.000,0.000,1.0000,1.0000,0.000,0.000,1.0000,1.0000,0.000,0.000,1.0000,1.0000,0.000,0.000,1.0000,1.0000,0.000,0.000,0.0833,0.8333,1.958,0.167
628,1300,1500,150,24,8095.6,4.000,1.0000,1.0000,0.000,0.000,1.0000,1.0000,0.000,0.000,1.0000,1.0000,0.000,0.000,1.0000,1.0000,0.000,0.000,1.0000,1.0000,0.000,0.000,0.0417,0.9167,3.750,0.083
629,1400,1500,250,24,8005.0,4.000,1.0000,1.0000,0.000,0.000,1.0000,1.0000,0.000,0.000,1.0000,1.0000,0.000,0.000,1.0000,1.0000,0.000,0.000,1.0000,1.0000,0.000,0.000,0.0000,0.8333,6.167,0.167
630,1500,1500,350,24,7938.0,4.000,1.0000,1.0000,0.000,0.000,1.0000,1.0000,0.000,0.000,1.0000,1.0000,0.000,0.000,1.0000,1.0000,0.000,0.000,1.0000,1.0000,0.000,0.000,0.0000,0.7917,13.667,0.208
631,1600,1500,400,24,7899.6,4.042,1.0000,1.0000,0.000,0.000,1.0000,1.0000,0.000,0.000,1.0000,1.0000,0.000,0.000,1.0000,1.0000,0.000,0.000,1.0000,1.0000,0.000,0.000,0.0000,0.8333,21.167,0.167
632,1700,1500,300,24,7966.0,4.042,1.0000,1.0000,0.000,0.000,1.0000,1.0000,0.000,0.000,1.0000,1.0000,0.000,0.000,1.0000,1.0000,0.000,0.000,1.0000,1.0000,0.000,0.000,0.0000,0.8750,10.625,0.125
633,1800,1500,200,24,8043.7,4.417,1.0000,1.0000,0.000,0.000,1.0000,1.0000,0.000,0.000,1.0000,1.0000,0.000,0.000,1.0000,1.0000,0.000,0.000,1.0000,1.0000,0.000,0.000,0.0417,0.9167,4.875,0.083
634,1900,1500,100,24,8118.8,4.875,1.0000,1.0000,0.000,0.000,1.0000,1.0000,0.000,0.000,1.0000,1.0000,0.000,0.000,1.0000,1.0000,0.000,0.000,1.0000,1.0000,0.000,0.000,0.1250,0.7917,3.250,0.208
635,2000,1500,0,24,8152.7,5.000,1.0000,1.0000,0.000,0.000,1.0000,1.0000,0.000,0.000,1.0000,1.0000,0.000,0.000,1.0000,1.0000,0.000,0.000,1.0000,1.0000,0.000,0.000,0.0833,0.7917,3.000,0.250
636,2100,1500,100,24,8108.8,4.917,1.0000,1.0000,0.000,0.000,1.0000,1.0000,0.000,0.000,1.0000,1.0000,0.000,0.000,1.0000,1.0000,0.000,0.000,1.0000,1.0000,0.000,0.000,0.0417,0.8750,2.917,0.125
637,2200,1500,200,24,8049.6,4.458,1.0000,1.0000,0.000,0.000,1.0000,1.0000,0.000,0.000,1.0000,1.0000,0.000,0.000,1.0000,1.0000,0.000,0.000,1.0000,1.0000,0.000,0.000,0.0000,0.8750,4.083,0.125
638,2300,1500,300,24,7968.1,4.125,1.0000,1.0000,0.000,0.000,1.0000,1.0000,0.000,0.000,1.0000,1.0000,0.000,0.000,1.0000,1.0000,0.000,0.000,1.0000,1.0000,0.000,0.000,0.0000,0.9167,9.958,0.083
639,2400,1500,400,24,7910.8,4.000,1.0000,1.0000,0.000,0.000,1.0000,1.0000,0.000,0.000,1.0000,1.0000,0.000,0.000,1.0000,1.0000,0.000,0.000,1.0000,1.0000,0.000,0.000,0.0000,0.9167,20.833,0.083
640,2500,1500,350,24,7938.1,4.000,1.0000,1.0000,0.000,0.000,1.0000,1.0000,0.000,0.000,1.0000,1.0000,0.000,0.000,1.0000,1.0000,0.000,0.000,1.0000,1.0000,0.000,0.000,0.0000,0.8750,14.375,0.125
641,2600,1500,250,24,7995.5,4.000,1.0000,1.0000,0.000,0.000,1.0000,1.0000,0.000,0.000,1.0000,1.0000,0.000,0.000,1.0000,1.0000,0.000,0.000,1.0000,1.0000,0.000,0.000,0.0000,0.7500,7.042,0.375
642,2700,1500,150,24,8094.6,4.000,1.0000,1.0000,0.000,0.000,1.0000,1.0000,0.000,0.000,1.0000,1.0000,0.000,0.000,1.0000,1.0000,0.000,0.000,1.0000,1.0000,0.000,0.000,0.0000,0.7917,3.417,0.250
643,2800,1500,50,24,8135.5,4.000,1.0000,1.0000,0.000,0.000,1.0000,1.0000,0.000,0.000,1.0000,1.0000,0.000,0.000,1.0000,1.0000,0.000,0.000,1.0000,1.0000,0.000,0.000,0.1250,0.8750,2.292,0.125
644,2900,1500,50,24,8136.1,4.000,1.0000,1.0000,0.000,0.000,1.0000,1.0000,0.000,0.000,1.0000,1.0000,0.000,0.000,1.0000,1.0000,0.000,0.000,1.0000,1.0000,0.000,0.000,0.0417,0.8333,2.208,0.208
645,3000,1500,150,24,8027.2,3.833,1.0000,1.0000,0.000,0.000,1.0000,1.0000,0.000,0.000,1.0000,1.0000,0.000,0.000,1.0000,1.0000,0.000,0.000,1.0000,1.0000,0.000,0.000,0.0000,0.7917,3.292,0.250
646,3100,1500,250,24,7886.5,3.250,1.0000,1.0000,0.000,0.000,1.0000,1.0000,0.000,0.000,1.0000,1.0000,0.000,0.000,1.0000,1.0000,0.000,0.000,1.0000,1.0000,0.000,0.000,0.0000,0.7917,6.417,0.208
647,3200,1500,350,24,7680.4,3.042,1.0000,1.0000,0.000,0.000,1.0000,1.0000,0.000,0.000,1.0000,1.0000,0.000,0.000,1.0000,1.0000,0.000,0.000,0.9583,1.0000,0.042,0.000,0.0000,0.9583,13.500,0.042
648,3300,1500,400,24,7456.4,3.000,1.0000,1.0000,0.000,0.000,1.0000,1.0000,0.000,0.000,1.0000,1.0000,0.000,0.000,1.0000,1.0000,0.000,0.000,1.0000,1.0000,0.000,0.000,0.0000,0.8333,20.167,0.167
649,3400,1500,300,24,7181.8,3.000,1.0000,1.0000,0.000,0.000,1.0000,1.0000,0.000,0.000,1.0000,1.0000,0.000,0.000,1.0000,1.0000,0.000,0.000,1.0000,1.0000,0.000,0.000,0.0000,0.7500,9.375,0.250
650,3500,1500,200,24,6884.8,3.000,1.0000,1.0000,0.000,0.000,1.0000,1.0000,0.000,0.000,1.0000,1.0000,0.000,0.000,1.0000,1.0000,0.000,0.000,1.0000,1.0000,0.000,0.000,0.0000,0.7083,5.083,0.333
651,3600,1500,100,24,6518.7,3.000,1.0000,1.0000,0.000,0.000,1.0000,1.0000,0.000,0.000,1.0000,1.0000,0.000,0.000,1.0000,1.0000,0.000,0.000,1.0000,1.0000,0.000,0.000,0.1250,0.7917,2.333,0.208
652,3700,1500,0,24,6074.2,3.000,1.0000,1.0000,0.000,0.000,1.0000,1.0000,0.000,0.000,1.0000,1.0000,0.000,0.000,1.0000,1.0000,0.000,0.000,1.0000,1.0000,0.000,0.000,0.1667,0.8750,2.042,0.167
653,3800,1500,100,24,5575.0,3.000,1.0000,1.0000,0.000,0.000,1.0000,1.0000,0.000,0.000,1.0000,1.0000,0.000,0.000,1.0000,1.0000,0.000,0.000,1.0000,1.0000,0.000,0.000,0.0000,0.3333,3.292,0.958
654,3900,1500,200,24,5059.7,2.333,1.0000,1.0000,0.000,0.000,1.0000,1.0000,0.000,0.000,1.0000,1.0000,0.000,0.000,1.0000,1.0000,0.000,0.000,1.0000,1.0000,0.000,0.000,0.0417,0.2083,4.792,2.167
655,4000,1500,300,24,4548.8,2.125,1.0000,1.0000,0.000,0.000,1.0000,1.0000,0.000,0.000,1.0000,1.0000,0.000,0.000,1.0000,1.0000,0.000,0.000,1.0000,1.0000,0.000,0.000,0.0000,0.0000,8.750,5.583
656,0,1600,300,24,4548.2,2.167,1.0000,1.0000,0.000,0.000,1.0000,1.0000,0.000,0.000,1.0000,1.0000,0.000,0.000,1.0000,1.0000,0.000,0.000,1.0000,1.0000,0.000,0.000,0.0000,0.0000,9.667,6.083
657,100,1600,200,24,5063.5,2.458,1.0000,1.0000,0.000,0.000,1.0000,1.0000,0.000,0.000,1.0000,1.0000,0.000,0.000,1.0000,1.0000,0.000,0.000,1.0000,1.0000,0.000,0.000,0.0000,0.1250,4.583,2.500
658,200,1600,100,24,5590.1,2.958,1.0000,1.0000,0.000,0.000,1.0000,1.0000,0.000,0.000,1.0000,1.0000,0.000,0.000,1.0000,1.0000,0.000,0.000,1.0000,1.0000,0.000,0.000,0.0417,0.4583,2.792,0.917
659,300,1600,0,24,6072.3,3.000,1.0000,1.0000,0.000,0.000,1.0000,1.0000,0.000,0.000,1.0000,1.0000,0.000,0.000,1.0000,1.0000,0.000,0.000,1.0000,1.0000,0.000,0.000,0.0417,0.5833,2.833,0.625
660,400,1600,100,24,6517.5,3.000,1.0000,1.0000,0.000,0.000,1.0000,1.0000,0.000,0.000,1.0000,1.0000,0.000,0.000,1.0000,1.0000,0.000,0.000,1.0000,1.0000,0.000,0.000,0.0833,0.6250,2.625,0.417
661,500,1600,200,24,6899.1,3.000,1.0000,1.0000,0.000,0.000,1.0000,1.0000,0.000,0.000,1.0000,1.0000,0.000,0.000,1.0000,1.0000,0.000,0.000,1.0000,1.0000,0.000,0.000,0.0000,0.7500,4.500,0.250
662,600,1600,300,24,7204.5,3.000,1.0000,1.0000,0.000,0.000,1.0000,1.0000,0.000,0.000,1.0000,1.0000,0.000,0.000,1.0000,1.0000,0.000,0.000,1.0000,1.0000,0.000,0.000,0.0000,0.6667,10.250,0.375
663,700,1600,400,24,7454.2,3.000,1.0000,1.0000,0.000,0.000,1.0000,1.0000,0.000,0.000,1.0000,1.0000,0.000,0.000,1.0000,1.0000,0.000,0.000,1.0000,1.0000,0.000,0.000,0.0000,0.5000,23.167,0.625
664,800,1600,350,24,7702.0,3.042,1.0000,1.0000,0.000,0.000,1.0000,1.0000,0.000,0.000,1.0000,1.0000,0.000,0.000,1.0000,1.0000,0.000,0.000,0.9583,1.0000,0.042,0.000,0.0000,0.9583,13.292,0.042
665,900,1600,250,24,7906.2,3.292,1.0000,1.0000,0.000,0.000,1.0000,1.0000,0.000,0.000,1.0000,1.0000,0.000,0.000,1.0000,1.0000,0.000,0.000,1.0000,1.0000,0.000,0.000,0.0000,0.8750,6.042,0.125
666,1000,1600,150,24,8057.5,3.708,1.0000,1.0000,0.000,0.000,1.0000,1.0000,0.000,0.000,1.0000,1.0000,0.000,0.000,1.0000,1.0000,0.000,0.000,1.0000,1.0000,0.000,0.000,0.0417,0.8750,3.667,0.125
667,1100,1600,50,24,8117.4,3.958,1.0000,1.0000,0.000,0.000,1.0000,1.0000,0.000,0.000,1.0000,1.0000,0.000,0.000,1.0000,1.0000,0.000,0.000,1.0000,1.0000,0.000,0.000,0.0833,0.8750,2.083,0.125
668,1200,1600,50,24,8122.7,4.000,1.0000,1.0000,0.000,0.000,1.0000,1.0000,0.000,0.000,1.0000,1.0000,0.000,0.000,1.0000,1.0000,0.000,0.000,1.0000,1.0000,0.000,0.000,0.0417,0.8750,2.500,0.125
669,1300,1600,150,24,8084.2,4.000,1.0000,1.0000,0.000,0.000,1.0000,1.0000,0.000,0.000,1.0000,1.0000,0.000,0.000,1.0000,1.0000,0.000,0.000,1.0000,1.0000,0.000,0.000,0.0417,0.8333,3.667,0.167
670,1400,1600,250,24,8011.5,4.000,1.0000,1.0000,0.000,0.000,1.0000,1.0000,0.000,0.000,1.0000,1.0000,0.000,0.000,1.0000,1.0000,0.000,0.000,1.0000,1.0000,0.000,0.000,0.0000,0.8333,5.958,0.208
671,1500,1600,350,24,7937.9,4.042,1.0000,1.0000,0.000,0.000,1.0000,1.0000,0.000,0.000,1.0000,1.0000,0.000,0.000,1.0000,1.0000,0.000,0.000,1.0000,1.0000,0.000,0.000,0.0000,0.8750,14.417,0.125
672,1600,1600,400,24,7903.7,4.083,1.0000,1.0000,0.000,0.000,1.0000,1.0000,0.000,0.000,1.0000,1.0000,0.000,0.000,1.0000,1.0000,0.000,0.000,0.9583,1.0000,0.042,0.000,0.0000,0.8333,22.125,0.167
673,1700,1600,300,24,7961.1,4.167,1.0000,1.0000,0.000,0.000,1.0000,1.0000,0.000,0.000,1.0000,1.0000,0.000,0.000,1.0000,1.0000,0.000,0.000,1.0000,1.0000,0.000,0.000,0.0000,0.8333,8.667,0.208
674,1800,1600,200,24,8032.4,4.417,1.0000,1.0000,0.000,0.000,1.0000,1.0000,0.000,0.000,1.0000,1.0000,0.000,0.000,1.0000,1.0000,0.000,0.000,1.0000,1.0000,0.000,0.000,0.0000,0.8333,4.875,0.208
675,1900,1600,100,24,8134.0,4.958,1.0000,1.0000,0.000,0.000,1.0000,1.0000,0.000,0.000,1.0000,1.0000,0.000,0.000,1.0000,1.0000,0.000,0.000,1.0000,1.0000,0.000,0.000,0.0417,1.0000,2.458,0.000
676,2000,1600,0,24,8164.5,5.000,1.0000,1.0000,0.000,0.000,1.0000,1.0000,0.000,0.000,1.0000,1.0000,0.000,0.000,1.0000,1.0000,0.000,0.000,1.0000,1.0000,0.000,0.000,0.0833,0.9583,2.250,0.042
677,2100,1600,100,24,8109.7,4.875,1.0000,1.0000,0.000,0.000,1.0000,1.0000,0.000,0.000,1.0000,1.0000,0.000,0.000,1.0000,1.0000,0.000,0.000,1.0000,1.0000,0.000,0.000,0.0417,0.8333,3.292,0.167
678,2200,1600,200,24,8044.7,4.625,1.0000,1.0000,0.000,0.000,1.0000,1.0000,0.000,0.000,1.0000,1.0000,0.000,0.000,1.0000,1.0000,0.000,0.000,1.0000,1.0000,0.000,0.000,0.0417,0.7917,5.000,0.292
679,2300,1600,300,24,7969.7,4.125,1.0000,1.0000,0.000,0.000,1.0000,1.0000,0.000,0.000,1.0000,1.0000,0.000,0.000,1.0000,1.0000,0.000,0.000,1.0000,1.0000,0.000,0.000,0.0000,0.8750,9.583,0.167
680,2400,1600,400,24,7936.2,4.042,1.0000,1.0000,0.000,0.000,1.0000,1.0000,0.000,0.000,1.0000,1.0000,0.000,0.000,1.0000,1.0000,0.000,0.000,0.9583,1.0000,0.042,0.000,0.0000,0.7083,22.125,0.292
681,2500,1600,350,24,7943.2,4.000,1.0000,1.0000,0.000,0.000,1.0000,1.0000,0.000,0.000,1.0000,1.0000,0.000,0.000,1.0000,1.0000,0.000,0.000,1.0000,1.0000,0.000,0.000,0.0000,0.7500,13.208,0.250
682,2600,1600,250,24,8000.0,4.000,1.0000,1.0000,0.000,0.000,1.0000,1.0000,0.000,0.000,1.0000,1.0000,0.000,0.000,1.0000,1.0000,0.000,0.000,1.0000,1.0000,0.000,0.000,0.0000,0.8333,5.875,0.167
683,2700,1600,150,24,8078.5,4.000,1.0000,1.0000,0.000,0.000,1.0000,1.0000,0.000,0.000,1.0000,1.0000,0.000,0.000,1.0000,1.0000,0.000,0.000,1.0000,1.0000,0.000,0.000,0.0000,0.9583,3.583,0.042
684,2800,1600,50,24,8148.7,4.000,1.0000,1.0000,0.000,0.000,1.0000,1.0000,0.000,0.000,1.0000,1.0000,0.000,0.000,1.0000,1.0000,0.000,0.000,1.0000,1.0000,0.000,0.000,0.0000,0.8750,2.875,0.125
685,2900,1600,50,24,8126.0,4.000,1.0000,1.0000,0.000,0.000,1.0000,1.0000,0.000,0.000,1.0000,1.0000,0.000,0.000,1.0000,1.0000,0.000,0.000,1.0000,1.0000,0.000,0.000,0.0000,0.8333,2.917,0.208
686,3000,1600,150,24,8039.8,3.833,1.0000,1.0000,0.000,0.000,1.0000,1.0000,0.000,0.000,1.0000,1.0000,0.000,0.000,1.0000,1.0000,0.000,0.000,1.0000,1.0000,0.000,0.000,0.0417,0.8750,3.167,0.125
687,3100,1600,250,24,7882.6,3.292,1.0000,1.0000,0.000,0.000,1.0000,1.0000,0.000,0.000,1.0000,1.0000,0.000,0.000,1.0000,1.0000,0.000,0.000,1.0000,1.0000,0.000,0.000,0.0000,0.8333,5.875,0.167
688,3200,1600,350,24,7661.4,3.167,1.0000,1.0000,0.000,0.000,1.0000,1.0000,0.000,0.000,1.0000,1.0000,0.000,0.000,1.0000,1.0000,0.000,0.000,1.0000,1.0000,0.000,0.000,0.0000,0.6250,13.875,0.417
689,3300,1600,400,24,7454.2,3.000,1.0000,1.0000,0.000,0.000,1.0000,1.0000,0.000,0.000,1.0000,1.0000,0.000,0.000,1.0000,1.0000,0.000,0.000,1.0000,1.0000,0.000,0.000,0.0000,0.7083,20.458,0.292
690,3400,1600,300,24,7179.4,3.000,1.0000,1.0000,0.000,0.000,1.0000,1.0000,0.000,0.000,1.0000,1.0000,0.000,0.000,1.0000,1.0000,0.000,0.000,0.9583,1.0000,0.042,0.000,0.0000,0.7917,9.917,0.292
691,3500,1600,200,24,6868.7,3.000,1.0000,1.0000,0.000,0.000,1.0000,1.0000,0.000,0.000,1.0000,1.0000,0.000,0.000,1.0000,1.0000,0.000,0.000,1.0000,1.0000,0.000,0.000,0.0000,0.7917,4.500,0.208
692,3600,1600,100,24,6510.2,3.000,1.0000,1.0000,0.000,0.000,1.0000,1.0000,0.000,0.000,1.0000,1.0000,0.000,0.000,1.0000,1.0000,0.000,0.000,1.0000,1.0000,0.000,0.000,0.0417,0.8333,2.667,0.208
693,3700,1600,0,24,6045.4,3.000,1.0000,1.0000,0.000,0.000,1.0000,1.0000,0.000,0.000,1.0000,1.0000,0.000,0.000,1.0000,1.0000,0.000,0.000,1.0000,1.0000,0.000,0.000,0.1667,0.6250,2.208,0.583
694,3800,1600,100,24,5563.3,2.917,1.0000,1.0000,0.000,0.000,1.0000,1.0000,0.000,0.000,1.0000,1.0000,0.000,0.000,1.0000,1.0000,0.000,0.000,1.0000,1.0000,0.000,0.000,0.0000,0.2083,3.208,1.375
695,3900,1600,200,24,5062.1,2.458,1.0000,1.0000,0.000,0.000,1.0000,1.0000,0.000,0.000,1.0000,1.0000,0.000,0.000,1.0000,1.0000,0.000,0.000,1.0000,1.0000,0.000,0.000,0.0417,0.1667,4.250,1.792
696,4000,1600,300,24,4542.9,2.000,1.0000,1.0000,0.000,0.000,1.0000,1.0000,0.000,0.000,1.0000,1.0000,0.000,0.000,1.0000,1.0000,0.000,0.000,1.0000,1.0000,0.000,0.000,0.0000,0.0000,9.667,6.125
697,0,1700,300,24,4563.9,2.083,1.0000,1.0000,0.000,0.000,1.0000,1.0000,0.000,0.000,1.0000,1.0000,0.000,0.000,1.0000,1.0000,0.000,0.000,1.0000,1.0000,0.000,0.000,0.0000,0.0000,9.583,5.833
698,100,1700,200,24,5058.1,2.375,1.0000,1.0000,0.000,0.000,1.0000,1.0000,0.000,0.000,1.0000,1.0000,0.000,0.000,1.0000,1.0000,0.000,0.000,1.0000,1.0000,0.000,0.000,0.0417,0.0833,4.667,2.375
699,200,1700,100,24,5593.1,3.000,1.0000,1.0000,0.000,0.000,1.0000,1.0000,0.000,0.000,1.0000,1.0000,0.000,0.000,1.0000,1.0000,0.000,0.000,1.0000,1.0000,0.000,0.000,0.1250,0.4167,2.542,0.833
700,300,1700,0,24,6109.0,3.000,1.0000,1.0000,0.000,0.000,1.0000,1.0000,0.000,0.000,1.0000,1.0000,0.000,0.000,1.0000,1.0000,0.000,0.000,1.0000,1.0000,0.000,0.000,0.1250,0.7917,2.125,0.292
701,400,1700,100,24,6530.5,3.000,1.0000,1.0000,0.000,0.000,1.0000,1.0000,0.000,0.000,1.0000,1.0000,0.000,0.000,1.0000,1.0000,0.000,0.000,1.0000,1.0000,0.000,0.000,0.0000,0.7500,2.875,0.333
702,500,1700,200,24,6910.2,3.000,1.0000,1.0000,0.000,0.000,1.0000,1.0000,0.000,0.000,1.0000,1.0000,0.000,0.000,1.0000,1.0000,0.000,0.000,1.0000,1.0000,0.000,0.000,0.0000,0.7500,5.000,0.292
703,600,1700,300,24,7214.2,3.000,1.0000,1.0000,0.000,0.000,1.0000,1.0000,0.000,0.000,1.0000,1.0000,0.000,0.000,1.0000,1.0000,0.000,0.000,1.0000,1.0000,0.000,0.000,0.0000,0.5833,10.958,0.458
704,700,1700,400,24,7493.9,3.000,1.0000,1.0000,0.000,0.000,1.0000,1.0000,0.000,0.000,1.0000,1.0000,0.000,0.000,1.0000,1.0000,0.000,0.000,0.9583,1.0000,0.042,0.000,0.0000,0.7917,20.625,0.208
705,800,1700,350,24,7705.9,3.083,1.0000,1.0000,0.000,0.000,1.0000,1.0000,0.000,0.000,1.0000,1.0000,0.000,0.000,1.0000,1.0000,0.000,0.000,1.0000,1.0000,0.000,0.000,0.0000,0.7500,14.042,0.333
706,900,1700,250,24,7880.9,3.167,1.0000,1.0000,0.000,0.000,1.0000,1.0000,0.000,0.000,1.0000,1.0000,0.000,0.000,1.0000,1.0000,0.000,0.000,1.0000,1.0000,0.000,0.000,0.0000,0.9583,6.583,0.042
707,1000,1700,150,24,8062.3,3.792,1.0000,1.0000,0.000,0.000,1.0000,1.0000,0.000,0.000,1.0000,1.0000,0.000,0.000,1.0000,1.0000,0.000,0.000,1.0000,1.0000,0.000,0.000,0.0417,0.9167,3.083,0.083
708,1100,1700,50,24,8141.0,4.000,1.0000,1.0000,0.000,0.000,1.0000,1.0000,0.000,0.000,1.0000,1.0000,0.000,0.000,1.0000,1.0000,0.000,0.000,1.0000,1.0000,0.000,0.000,0.0833,0.9167,2.542,0.083
709,1200,1700,50,24,8149.5,4.000,1.0000,1.0000,0.000,0.000,1.0000,1.0000,0.000,0.000,1.0000,1.0000,0.000,0.000,1.0000,1.0000,0.000,0.000,1.0000,1.0000,0.000,0.000,0.0833,1.0000,2.000,0.000
710,1300,1700,150,24,8096.0,4.000,1.0000,1.0000,0.000,0.000,1.0000,1.0000,0.000,0.000,1.0000,1.0000,0.000,0.000,1.0000,1.0000,0.000,0.000,1.0000,1.0000,0.000,0.000,0.0417,0.8750,3.542,0.167
711,1400,1700,250,24,7995.6,4.000,1.0000,1.0000,0.000,0.000,1.0000,1.0000,0.000,0.000,1.0000,1.0000,0.000,0.000,1.0000,1.0000,0.000,0.000,1.0000,1.0000,0.000,0.000,0.0000,0.9583,7.583,0.083
712,1500,1700,350,24,7921.7,4.000,1.0000,1.0000,0.000,0.000,1.0000,1.0000,0.000,0.000,1.0000,1.0000,0.000,0.000,1.0000,1.0000,0.000,0.000,0.9167,1.0000,0.083,0.000,0.0000,0.8750,13.708,0.125
713,1600,1700,400,24,7928.8,4.042,1.0000,1.0000,0.000,0.000,1.0000,1.0000,0.000,0.000,1.0000,1.0000,0.000,0.000,1.0000,1.0000,0.000,0.000,1.0000,1.0000,0.000,0.000,0.0000,0.8750,20.500,0.125
714,1700,1700,300,24,7970.4,4.125,1.0000,1.0000,0.000,0.000,1.0000,1.0000,0.000,0.000,1.0000,1.0000,0.000,0.000,1.0000,1.0000,0.000,0.000,1.0000,1.0000,0.000,0.000,0.0000,0.8333,9.917,0.208
715,1800,1700,200,24,8047.0,4.500,1.0000,1.0000,0.000,0.000,1.0000,1.0000,0.000,0.000,1.0000,1.0000,0.000,0.000,1.0000,1.0000,0.000,0.000,1.0000,1.0000,0.000,0.000,0.0417,0.8333,4.000,0.167
716,1900,1700,100,24,8138.9,5.000,1.0000,1.0000,0.000,0.000,1.0000,1.0000,0.000,0.000,1.0000,1.0000,0.000,0.000,1.0000,1.0000,0.000,0.000,1.0000,1.0000,0.000,0.000,0.0833,0.8333,2.042,0.167
717,2000,1700,0,24,8154.1,5.000,1.0000,1.0000,0.000,0.000,1.0000,1.0000,0.000,0.000,1.0000,1.0000,0.000,0.000,1.0000,1.0000,0.000,0.000,1.0000,1.0000,0.000,0.000,0.2083,1.0000,1.833,0.000
718,2100,1700,100,24,8121.1,4.917,1.0000,1.0000,0.000,0.000,1.0000,1.0000,0.000,0.000,1.0000,1.0000,0.000,0.000,1.0000,1.0000,0.000,0.000,1.0000,1.0000,0.000,0.000,0.0000,0.7500,3.042,0.250
719,2200,1700,200,24,8062.8,4.458,1.0000,1.0000,0.000,0.000,1.0000,1.0000,0.000,0.000,1.0000,1.0000,0.000,0.000,1.0000,1.0000,0.000,0.000,1.0000,1.0000,0.000,0.000,0.0000,0.9167,3.833,0.083
720,2300,1700,300,24,7985.0,4.083,1.0000,1.0000,0.000,0.000,1.0000,1.0000,0.000,0.000,1.0000,1.0000,0.000,0.000,1.0000,1.0000,0.000,0.000,0.9583,1.0000,0.042,0.000,0.0000,0.8333,9.875,0.167
721,2400,1700,400,24,7949.6,4.042,1.0000,1.0000,0.000,0.000,1.0000,1.0000,0.000,0.000,1.0000,1.0000,0.000,0.000,1.0000,1.0000,0.000,0.000,1.0000,1.0000,0.000,0.000,0.0000,0.7917,21.458,0.208
722,2500,1700,350,24,7953.5,4.000,1.0000,1.0000,0.000,0.000,1.0000,1.0000,0.000,0.000,1.0000,1.0000,0.000,0.000,1.0000,1.0000,0.000,0.000,0.9167,1.0000,0.083,0.000,0.0000,0.8333,15.417,0.208
723,2600,1700,250,24,8013.4,4.000,1.0000,1.0000,0.000,0.000,1.0000,1.0000,0.000,0.000,1.0000,1.0000,0.000,0.000,1.0000,1.0000,0.000,0.000,1.0000,1.0000,0.000,0.000,0.0000,0.8750,6.375,0.125
724,2700,1700,150,24,8083.4,4.000,1.0000,1.0000,0.000,0.000,1.0000,1.0000,0.000,0.000,1.0000,1.0000,0.000,0.000,1.0000,1.0000,0.000,0.000,1.0000,1.0000,0.000,0.000,0.0833,0.8750,3.250,0.125
725,2800,1700,50,24,8138.2,4.000,1.0000,1.0000,0.000,0.000,1.0000,1.0000,0.000,0.000,1.0000,1.0000,0.000,0.000,1.0000,1.0000,0.000,0.000,1.0000,1.0000,0.000,0.000,0.1250,1.0000,2.500,0.000
726,2900,1700,50,24,8136.0,4.000,1.0000,1.0000,0.000,0.000,1.0000,1.0000,0.000,0.000,1.0000,1.0000,0.000,0.000,1.0000,1.0000,0.000,0.000,1.0000,1.0000,0.000,0.000,0.0833,0.8333,2.208,0.167
727,3000,1700,150,24,8037.9,3.750,1.0000,1.0000,0.000,0.000,1.0000,1.0000,0.000,0.000,1.0000,1.0000,0.000,0.000,1.0000,1.0000,0.000,0.000,1.0000,1.0000,0.000,0.000,0.0833,0.8750,3.500,0.125
728,3100,1700,250,24,7858.7,3.208,1.0000,1.0000,0.000,0.000,1.0000,1.0000,0.000,0.000,1.0000,1.0000,0.000,0.000,1.0000,1.0000,0.000,0.000,1.0000,1.0000,0.000,0.000,0.0000,0.8750,6.000,0.125
729,3200,1700,350,24,7664.1,3.083,1.0000,1.0000,0.000,0.000,1.0000,1.0000,0.000,0.000,1.0000,1.0000,0.000,0.000,1.0000,1.0000,0.000,0.000,1.0000,1.0000,0.000,0.000,0.0000,0.7500,14.167,0.250
730,3300,1700,400,24,7422.7,3.000,1.0000,1.0000,0.000,0.000,1.0000,1.0000,0.000,0.000,1.0000,1.0000,0.000,0.000,1.0000,1.0000,0.000,0.000,0.9583,1.0000,0.042,0.000,0.0000,0.6667,21.542,0.417
731,3400,1700,300,24,7166.9,3.000,1.0000,1.0000,0.000,0.000,1.0000,1.0000,0.000,0.000,1.0000,1.0000,0.000,0.000,1.0000,1.0000,0.000,0.000,1.0000,1.0000,0.000,0.000,0.0000,0.6667,9.667,0.458
732,3500,1700,200,24,6852.6,3.000,1.0000,1.0000,0.000,0.000,1.0000,1.0000,0.000,0.000,1.0000,1.0000,0.000,0.000,1.0000,1.0000,0.000,0.000,1.0000,1.0000,0.000,0.000,0.0000,0.5833,4.500,0.458
733,3600,1700,100,24,6479.9,3.000,1.0000,1.0000,0.000,0.000,1.0000,1.0000,0.000,0.000,1.0000,1.0000,0.000,0.000,1.0000,1.0000,0.000,0.000,1.0000,1.0000,0.000,0.000,0.0833,0.7083,3.083,0.333
734,3700,1700,0,24,6023.9,3.000,1.0000,1.0000,0.000,0.000,1.0000,1.0000,0.000,0.000,1.0000,1.0000,0.000,0.000,1.0000,1.0000,0.000,0.000,1.0000,1.0000,0.000,0.000,0.1250,0.6667,2.208,0.375
735,3800,1700,100,24,5543.9,2.917,1.0000,1.0000,0.000,0.000,1.0000,1.0000,0.000,0.000,1.0000,1.0000,0.000,0.000,1.0000,1.0000,0.000,0.000,1.0000,1.0000,0.000,0.000,0.1250,0.3333,2.208,0.833
736,3900,1700,200,24,5031.9,2.542,1.0000,1.0000,0.000,0.000,1.0000,1.0000,0.000,0.000,1.0000,1.0000,0.000,0.000,1.0000,1.0000,0.000,0.000,0.9583,0.9583,0.042,0.042,0.0417,0.0833,5.000,2.667
737,4000,1700,300,24,4526.1,2.167,1.0000,1.0000,0.000,0.000,1.0000,1.0000,0.000,0.000,1.0000,1.0000,0.000,0.000,1.0000,1.0000,0.000,0.000,1.0000,1.0000,0.000,0.000,0.0000,0.0000,10.250,6.708
738,0,1800,300,24,4557.1,2.042,1.0000,1.0000,0.000,0.000,1.0000,1.0000,0.000,0.000,1.0000,1.0000,0.000,0.000,1.0000,1.0000,0.000,0.000,0.9583,0.9583,0.042,0.042,0.0000,0.0000,9.917,6.542
739,100,1800,200,24,5073.6,2.375,1.0000,1.0000,0.000,0.000,1.0000,1.0000,0.000,0.000,1.0000,1.0000,0.000,0.000,1.0000,1.0000,0.000,0.000,1.0000,1.0000,0.000,0.000,0.0417,0.2083,4.708,2.125
740,200,1800,100,24,5614.8,2.917,1.0000,1.0000,0.000,0.000,1.0000,1.0000,0.000,0.000,1.0000,1.0000,0.000,0.000,1.0000,1.0000,0.000,0.000,1.0000,1.0000,0.000,0.000,0.0000,0.3750,2.208,0.792
741,300,1800,0,24,6100.5,3.000,1.0000,1.0000,0.000,0.000,1.0000,1.0000,0.000,0.000,1.0000,1.0000,0.000,0.000,1.0000,1.0000,0.000,0.000,1.0000,1.0000,0.000,0.000,0.1250,0.7083,2.667,0.375
742,400,1800,100,24,6555.2,3.000,1.0000,1.0000,0.000,0.000,1.0000,1.0000,0.000,0.000,1.0000,1.0000,0.000,0.000,1.0000,1.0000,0.000,0.000,1.0000,1.0000,0.000,0.000,0.0000,0.7500,3.333,0.250
743,500,1800,200,24,6929.8,3.000,1.0000,1.0000,0.000,0.000,1.0000,1.0000,0.000,0.000,1.0000,1.0000,0.000,0.000,1.0000,1.0000,0.000,0.000,1.0000,1.0000,0.000,0.000,0.0000,0.6667,5.083,0.333
744,600,1800,300,24,7274.5,3.000,1.0000,1.0000,0.000,0.000,1.0000,1.0000,0.000,0.000,1.0000,1.0000,0.000,0.000,1.0000,1.0000,0.000,0.000,1.0000,1.0000,0.000,0.000,0.0000,0.7917,9.167,0.250
745,700,1800,400,24,7520.2,3.000,1.0000,1.0000,0.000,0.000,1.0000,1.0000,0.000,0.000,1.0000,1.0000,0.000,0.000,1.0000,1.0000,0.000,0.000,1.0000,1.0000,0.000,0.000,0.0000,0.7083,21.375,0.333
746,800,1800,350,24,7738.8,3.083,1.0000,1.0000,0.000,0.000,1.0000,1.0000,0.000,0.000,1.0000,1.0000,0.000,0.000,1.0000,1.0000,0.000,0.000,1.0000,1.0000,0.000,0.000,0.0000,0.9583,15.042,0.042
747,900,1800,250,24,7930.5,3.250,1.0000,1.0000,0.000,0.000,1.0000,1.0000,0.000,0.000,1.0000,1.0000,0.000,0.000,1.0000,1.0000,0.000,0.000,1.0000,1.0000,0.000,0.000,0.0000,1.0000,7.250,0.000
748,1000,1800,150,24,8084.0,3.750,1.0000,1.0000,0.000,0.000,1.0000,1.0000,0.000,0.000,1.0000,1.0000,0.000,0.000,1.0000,1.0000,0.000,0.000,1.0000,1.0000,0.000,0.000,0.0000,0.8333,3.958,0.167
749,1100,1800,50,24,8166.4,3.958,1.0000,1.0000,0.000,0.000,1.0000,1.0000,0.000,0.000,1.0000,1.0000,0.000,0.000,1.0000,1.0000,0.000,0.000,1.0000,1.0000,0.000,0.000,0.1250,0.8333,2.375,0.167
750,1200,1800,50,24,8148.5,4.000,1.0000,1.0000,0.000,0.000,1.0000,1.0000,0.000,0.000,1.0000,1.0000,0.000,0.000,1.0000,1.0000,0.000,0.000,1.0000,1.0000,0.000,0.000,0.0417,0.9583,2.708,0.042
751,1300,1800,150,24,8109.3,4.000,1.0000,1.0000,0.000,0.000,1.0000,1.0000,0.000,0.000,1.0000,1.0000,0.000,0.000,1.0000,1.0000,0.000,0.000,1.0000,1.0000,0.000,0.000,0.0000,0.9167,3.667,0.083
752,1400,1800,250,24,8016.6,4.000,1.0000,1.0000,0.000,0.000,1.0000,1.0000,0.000,0.000,1.0000,1.0000,0.000,0.000,1.0000,1.0000,0.000,0.000,1.0000,1.0000,0.000,0.000,0.0000,0.8333,7.000,0.167
753,1500,1800,350,24,7945.8,4.000,1.0000,1.0000,0.000,0.000,1.0000,1.0000,0.000,0.000,1.0000,1.0000,0.000,0.000,1.0000,1.0000,0.000,0.000,1.0000,1.0000,0.000,0.000,0.0000,0.9583,13.750,0.042
754,1600,1800,400,24,7913.2,4.042,1.0000,1.0000,0.000,0.000,1.0000,1.0000,0.000,0.000,1.0000,1.0000,0.000,0.000,1.0000,1.0000,0.000,0.000,1.0000,1.0000,0.000,0.000,0.0000,0.7500,22.458,0.250
755,1700,1800,300,24,7950.9,4.042,1.0000,1.0000,0.000,0.000,1.0000,1.0000,0.000,0.000,1.0000,1.0000,0.000,0.000,1.0000,1.0000,0.000,0.000,1.0000,1.0000,0.000,0.000,0.0000,0.8750,9.875,0.125
756,1800,1800,200,24,8053.1,4.458,1.0000,1.0000,0.000,0.000,1.0000,1.0000,0.000,0.000,1.0000,1.0000,0.000,0.000,1.0000,1.0000,0.000,0.000,1.0000,1.0000,0.000,0.000,0.0000,0.7500,4.792,0.292
757,1900,1800,100,24,8125.4,4.875,1.0000,1.0000,0.000,0.000,1.0000,1.0000,0.000,0.000,1.0000,1.0000,0.000,0.000,1.0000,1.0000,0.000,0.000,1.0000,1.0000,0.000,0.000,0.0000,0.9583,3.208,0.042
758,2000,1800,0,24,8185.9,4.958,1.0000,1.0000,0.000,0.000,1.0000,1.0000,0.000,0.000,1.0000,1.0000,0.000,0.000,1.0000,1.0000,0.000,0.000,1.0000,1.0000,0.000,0.000,0.1250,0.9167,2.292,0.083
759,2100,1800,100,24,8146.7,4.917,1.0000,1.0000,0.000,0.000,1.0000,1.0000,0.000,0.000,1.0000,1.0000,0.000,0.000,1.0000,1.0000,0.000,0.000,1.0000,1.0000,0.000,0.000,0.0833,0.8333,2.667,0.208
760,2200,1800,200,24,8114.0,4.500,1.0000,1.0000,0.000,0.000,1.0000,1.0000,0.000,0.000,1.0000,1.0000,0.000,0.000,1.0000,1.0000,0.000,0.000,1.0000,1.0000,0.000,0.000,0.0000,0.9167,4.875,0.083
761,2300,1800,300,24,8014.0,4.125,1.0000,1.0000,0.000,0.000,1.0000,1.0000,0.000,0.000,1.0000,1.0000,0.000,0.000,1.0000,1.0000,0.000,0.000,0.9583,1.0000,0.042,0.000,0.0000,0.8750,10.500,0.125
762,2400,1800,400,24,7976.3,4.000,1.0000,1.0000,0.000,0.000,1.0000,1.0000,0.000,0.000,1.0000,1.0000,0.000,0.000,1.0000,1.0000,0.000,0.000,1.0000,1.0000,0.000,0.000,0.0000,0.7917,20.167,0.208
763,2500,1800,350,24,7969.1,4.000,1.0000,1.0000,0.000,0.000,1.0000,1.0000,0.000,0.000,1.0000,1.0000,0.000,0.000,1.0000,1.0000,0.000,0.000,1.0000,1.0000,0.000,0.000,0.0000,0.7500,14.833,0.250
764,2600,1800,250,24,8049.2,4.000,1.0000,1.0000,0.000,0.000,1.0000,1.0000,0.000,0.000,1.0000,1.0000,0.000,0.000,1.0000,1.0000,0.000,0.000,1.0000,1.0000,0.000,0.000,0.0000,0.9167,6.958,0.083
765,2700,1800,150,24,8116.5,4.000,1.0000,1.0000,0.000,0.000,1.0000,1.0000,0.000,0.000,1.0000,1.0000,0.000,0.000,1.0000,1.0000,0.000,0.000,1.0000,1.0000,0.000,0.000,0.0000,0.8750,3.708,0.125
766,2800,1800,50,24,8148.8,4.000,1.0000,1.0000,0.000,0.000,1.0000,1.0000,0.000,0.000,1.0000,1.0000,0.000,0.000,1.0000,1.0000,0.000,0.000,1.0000,1.0000,0.000,0.000,0.0000,0.8750,2.750,0.125
767,2900,1800,50,24,8124.0,4.000,1.0000,1.0000,0.000,0.000,1.0000,1.0000,0.000,0.000,1.0000,1.0000,0.000,0.000,1.0000,1.0000,0.000,0.000,1.0000,1.0000,0.000,0.000,0.0417,0.8750,2.917,0.125
768,3000,1800,150,24,8045.2,3.833,1.0000,1.0000,0.000,0.000,1.0000,1.0000,0.000,0.000,1.0000,1.0000,0.000,0.000,1.0000,1.0000,0.000,0.000,1.0000,1.0000,0.000,0.000,0.0417,0.9167,3.292,0.083
769,3100,1800,250,24,7850.0,3.208,1.0000,1.0000,0.000,0.000,1.0000,1.0000,0.000,0.000,1.0000,1.0000,0.000,0.000,1.0000,1.0000,0.000,0.000,0.9583,1.0000,0.042,0.000,0.0000,0.7500,7.583,0.250
770,3200,1800,350,24,7650.7,3.083,1.0000,1.0000,0.000,0.000,1.0000,1.0000,0.000,0.000,1.0000,1.0000,0.000,0.000,1.0000,1.0000,0.000,0.000,0.9583,1.0000,0.042,0.000,0.0000,0.7500,14.250,0.250
771,3300,1800,400,24,7407.5,3.000,1.0000,1.0000,0.000,0.000,1.0000,1.0000,0.000,0.000,1.0000,1.0000,0.000,0.000,1.0000,1.0000,0.000,0.000,0.9583,1.0000,0.042,0.000,0.0000,0.7500,21.958,0.250
772,3400,1800,300,24,7119.2,3.000,1.0000,1.0000,0.000,0.000,1.0000,1.0000,0.000,0.000,1.0000,1.0000,0.000,0.000,1.0000,1.0000,0.000,0.000,1.0000,1.0000,0.000,0.000,0.0000,0.8750,10.167,0.125
773,3500,1800,200,24,6821.5,3.000,1.0000,1.0000,0.000,0.000,1.0000,1.0000,0.000,0.000,1.0000,1.0000,0.000,0.000,1.0000,1.0000,0.000,0.000,1.0000,1.0000,0.000,0.000,0.0417,0.8750,4.833,0.125
774,3600,1800,100,24,6424.2,3.000,1.0000,1.0000,0.000,0.000,1.0000,1.0000,0.000,0.000,1.0000,1.0000,0.000,0.000,1.0000,1.0000,0.000,0.000,1.0000,1.0000,0.000,0.000,0.0833,0.7500,2.667,0.250
775,3700,1800,0,24,5993.4,3.000,1.0000,1.0000,0.000,0.000,1.0000,1.0000,0.000,0.000,1.0000,1.0000,0.000,0.000,1.0000,1.0000,0.000,0.000,1.0000,1.0000,0.000,0.000,0.1250,0.7500,1.875,0.292
776,3800,1800,100,24,5505.7,2.875,1.0000,1.0000,0.000,0.000,1.0000,1.0000,0.000,0.000,1.0000,1.0000,0.000,0.000,1.0000,1.0000,0.000,0.000,1.0000,1.0000,0.000,0.000,0.1250,0.3750,2.500,0.833
777,3900,1800,200,24,5000.4,2.250,1.0000,1.0000,0.000,0.000,1.0000,1.0000,0.000,0.000,1.0000,1.0000,0.000,0.000,1.0000,1.0000,0.000,0.000,1.0000,1.0000,0.000,0.000,0.0000,0.1667,4.708,2.125
778,4000,1800,300,24,4476.8,2.125,1.0000,1.0000,0.000,0.000,1.0000,1.0000,0.000,0.000,1.0000,1.0000,0.000,0.000,1.0000,1.0000,0.000,0.000,1.0000,1.0000,0.000,0.000,0.0000,0.0000,10.250,6.958
779,0,1900,300,24,4567.8,2.125,1.0000,1.0000,0.000,0.000,1.0000,1.0000,0.000,0.000,1.0000,1.0000,0.000,0.000,1.0000,1.0000,0.000,0.000,0.9583,0.9583,0.042,0.042,0.0000,0.0000,9.625,5.625
780,100,1900,200,24,5102.2,2.625,1.0000,1.0000,0.000,0.000,1.0000,1.0000,0.000,0.000,1.0000,1.0000,0.000,0.000,1.0000,1.0000,0.000,0.000,1.0000,1.0000,0.000,0.000,0.0000,0.1250,4.875,2.417
781,200,1900,100,24,5637.5,2.875,1.0000,1.0000,0.000,0.000,1.0000,1.0000,0.000,0.000,1.0000,1.0000,0.000,0.000,1.0000,1.0000,0.000,0.000,1.0000,1.0000,0.000,0.000,0.0833,0.3750,3.208,0.833
782,300,1900,0,24,6141.6,3.000,1.0000,1.0000,0.000,0.000,1.0000,1.0000,0.000,0.000,1.0000,1.0000,0.000,0.000,1.0000,1.0000,0.000,0.000,1.0000,1.0000,0.000,0.000,0.0833,0.6667,2.417,0.417
783,400,1900,100,24,6592.5,3.000,1.0000,1.0000,0.000,0.000,1.0000,1.0000,0.000,0.000,1.0000,1.0000,0.000,0.000,1.0000,1.0000,0.000,0.000,0.9583,1.0000,0.042,0.000,0.0000,0.7917,2.833,0.208
784,500,1900,200,24,6984.0,3.000,1.0000,1.0000,0.000,0.000,1.0000,1.0000,0.000,0.000,1.0000,1.0000,0.000,0.000,1.0000,1.0000,0.000,0.000,1.0000,1.0000,0.000,0.000,0.0417,0.7917,5.583,0.208
785,600,1900,300,24,7306.2,3.000,1.0000,1.0000,0.000,0.000,1.0000,1.0000,0.000,0.000,1.0000,1.0000,0.000,0.000,1.0000,1.0000,0.000,0.000,0.9583,1.0000,0.042,0.000,0.0000,0.6667,11.042,0.417
786,700,1900,400,24,7565.0,3.000,1.0000,1.0000,0.000,0.000,1.0000,1.0000,0.000,0.000,1.0000,1.0000,0.000,0.000,1.0000,1.0000,0.000,0.000,1.0000,1.0000,0.000,0.000,0.0000,0.7083,23.458,0.292
787,800,1900,350,24,7808.8,3.042,1.0000,1.0000,0.000,0.000,1.0000,1.0000,0.000,0.000,1.0000,1.0000,0.000,0.000,1.0000,1.0000,0.000,0.000,1.0000,1.0000,0.000,0.000,0.0000,0.8333,14.958,0.208
788,900,1900,250,24,7991.9,3.167,1.0000,1.0000,0.000,0.000,1.0000,1.0000,0.000,0.000,1.0000,1.0000,0.000,0.000,1.0000,1.0000,0.000,0.000,1.0000,1.0000,0.000,0.000,0.0000,0.8750,6.500,0.125
789,1000,1900,150,24,8127.7,3.708,1.0000,1.0000,0.000,0.000,1.0000,1.0000,0.000,0.000,1.0000,1.0000,0.000,0.000,1.0000,1.0000,0.000,0.000,1.0000,1.0000,0.000,0.000,0.0000,0.8750,3.750,0.125
790,1100,1900,50,24,8202.2,4.000,1.0000,1.0000,0.000,0.000,1.0000,1.0000,0.000,0.000,1.0000,1.0000,0.000,0.000,1.0000,1.0000,0.000,0.000,1.0000,1.0000,0.000,0.000,0.0833,0.9583,2.833,0.042
791,1200,1900,50,24,8193.8,4.000,1.0000,1.0000,0.000,0.000,1.0000,1.0000,0.000,0.000,1.0000,1.0000,0.000,0.000,1.0000,1.0000,0.000,0.000,1.0000,1.0000,0.000,0.000,0.0417,0.8750,1.958,0.125
792,1300,1900,150,24,8120.2,4.000,1.0000,1.0000,0.000,0.000,1.0000,1.0000,0.000,0.000,1.0000,1.0000,0.000,0.000,1.0000,1.0000,0.000,0.000,0.9583,1.0000,0.042,0.000,0.0000,0.9583,3.250,0.042
793,1400,1900,250,24,8040.2,4.000,1.0000,1.0000,0.000,0.000,1.0000,1.0000,0.000,0.000,1.0000,1.0000,0.000,0.000,1.0000,1.0000,0.000,0.000,1.0000,1.0000,0.000,0.000,0.0000,0.8333,8.167,0.167
794,1500,1900,350,24,7943.6,4.000,1.0000,1.0000,0.000,0.000,1.0000,1.0000,0.000,0.000,1.0000,1.0000,0.000,0.000,1.0000,1.0000,0.000,0.000,0.9167,1.0000,0.083,0.000,0.0000,0.7917,15.125,0.250
795,1600,1900,400,24,7918.5,4.042,1.0000,1.0000,0.000,0.000,1.0000,1.0000,0.000,0.000,1.0000,1.0000,0.000,0.000,1.0000,1.0000,0.000,0.000,0.9583,1.0000,0.042,0.000,0.0000,0.8333,23.000,0.167
796,1700,1900,300,24,7967.7,4.208,1.0000,1.0000,0.000,0.000,1.0000,1.0000,0.000,0.000,1.0000,1.0000,0.000,0.000,1.0000,1.0000,0.000,0.000,1.0000,1.0000,0.000,0.000,0.0000,0.9167,10.250,0.125
797,1800,1900,200,24,8071.1,4.667,1.0000,1.0000,0.000,0.000,1.0000,1.0000,0.000,0.000,1.0000,1.0000,0.000,0.000,1.0000,1.0000,0.000,0.000,1.0000,1.0000,0.000,0.000,0.0000,0.8750,5.250,0.125
798,1900,1900,100,24,8184.5,4.875,1.0000,1.0000,0.000,0.000,1.0000,1.0000,0.000,0.000,1.0000,1.0000,0.000,0.000,1.0000,1.0000,0.000,0.000,1.0000,1.0000,0.000,0.000,0.0000,0.9583,2.333,0.042
799,2000,1900,0,24,8213.1,5.000,1.0000,1.0000,0.000,0.000,1.0000,1.0000,0.000,0.000,1.0000,1.0000,0.000,0.000,1.0000,1.0000,0.000,0.000,1.0000,1.0000,0.000,0.000,0.0833,0.9167,2.042,0.083
800,2100,1900,100,24,8194.9,4.792,1.0000,1.0000,0.000,0.000,1.0000,1.0000,0.000,0.000,1.0000,1.0000,0.000,0.000,1.0000,1.0000,0.000,0.000,1.0000,1.0000,0.000,0.000,0.0417,0.8750,3.458,0.167
801,2200,1900,200,24,8133.5,4.375,1.0000,1.0000,0.000,0.000,1.0000,1.0000,0.000,0.000,1.0000,1.0000,0.000,0.000,1.0000,1.0000,0.000,0.000,1.0000,1.0000,0.000,0.000,0.0000,0.8750,6.667,0.125
802,2300,1900,300,24,8084.3,4.208,1.0000,1.0000,0.000,0.000,1.0000,1.0000,0.000,0.000,1.0000,1.0000,0.000,0.000,1.0000,1.0000,0.000,0.000,1.0000,1.0000,0.000,0.000,0.0000,0.7083,9.958,0.292
803,2400,1900,400,24,8027.0,4.042,1.0000,1.0000,0.000,0.000,1.0000,1.0000,0.000,0.000,1.0000,1.0000,0.000,0.000,1.0000,1.0000,0.000,0.000,0.9583,1.0000,0.042,0.000,0.0000,0.8333,21.125,0.208
804,2500,1900,350,24,8029.3,4.000,1.0000,1.0000,0.000,0.000,1.0000,1.0000,0.000,0.000,1.0000,1.0000,0.000,0.000,1.0000,1.0000,0.000,0.000,1.0000,1.0000,0.000,0.000,0.0000,0.9167,15.750,0.083
805,2600,1900,250,24,8093.7,4.000,1.0000,1.0000,0.000,0.000,1.0000,1.0000,0.000,0.000,1.0000,1.0000,0.000,0.000,1.0000,1.0000,0.000,0.000,0.9583,1.0000,0.042,0.000,0.0000,0.8750,7.125,0.125
806,2700,1900,150,24,8154.2,4.000,1.0000,1.0000,0.000,0.000,1.0000,1.0000,0.000,0.000,1.0000,1.0000,0.000,0.000,1.0000,1.0000,0.000,0.000,1.0000,1.0000,0.000,0.000,0.0000,0.7917,3.667,0.208
807,2800,1900,50,24,8157.0,4.000,1.0000,1.0000,0.000,0.000,1.0000,1.0000,0.000,0.000,1.0000,1.0000,0.000,0.000,1.0000,1.0000,0.000,0.000,1.0000,1.0000,0.000,0.000,0.1667,0.8333,2.583,0.167
808,2900,1900,50,24,8141.5,4.000,1.0000,1.0000,0.000,0.000,1.0000,1.0000,0.000,0.000,1.0000,1.0000,0.000,0.000,1.0000,1.0000,0.000,0.000,1.0000,1.0000,0.000,0.000,0.0000,0.9583,2.542,0.042
809,3000,1900,150,24,8034.5,3.708,1.0000,1.0000,0.000,0.000,1.0000,1.0000,0.000,0.000,1.0000,1.0000,0.000,0.000,1.0000,1.0000,0.000,0.000,1.0000,1.0000,0.000,0.000,0.0417,0.8750,3.792,0.125
810,3100,1900,250,24,7841.5,3.333,1.0000,1.0000,0.000,0.000,1.0000,1.0000,0.000,0.000,1.0000,1.0000,0.000,0.000,1.0000,1.0000,0.000,0.000,1.0000,1.0000,0.000,0.000,0.0000,0.9167,6.417,0.083
811,3200,1900,350,24,7617.8,3.083,1.0000,1.0000,0.000,0.000,1.0000,1.0000,0.000,0.000,1.0000,1.0000,0.000,0.000,1.0000,1.0000,0.000,0.000,0.9583,1.0000,0.042,0.000,0.0000,0.7917,15.000,0.250
812,3300,1900,400,24,7350.9,3.000,1.0000,1.0000,0.000,0.000,1.0000,1.0000,0.000,0.000,1.0000,1.0000,0.000,0.000,1.0000,1.0000,0.000,0.000,0.9583,1.0000,0.042,0.000,0.0000,0.7083,21.542,0.333
813,3400,1900,300,24,7084.8,3.000,1.0000,1.0000,0.000,0.000,1.0000,1.0000,0.000,0.000,1.0000,1.0000,0.000,0.000,1.0000,1.0000,0.000,0.000,0.9583,1.0000,0.042,0.000,0.0000,0.7083,11.000,0.333
814,3500,1900,200,24,6771.0,3.000,1.0000,1.0000,0.000,0.000,1.0000,1.0000,0.000,0.000,1.0000,1.0000,0.000,0.000,1.0000,1.0000,0.000,0.000,0.9583,1.0000,0.042,0.000,0.0000,0.9583,4.333,0.042
815,3600,1900,100,24,6374.2,3.000,1.0000,1.0000,0.000,0.000,1.0000,1.0000,0.000,0.000,1.0000,1.0000,0.000,0.000,1.0000,1.0000,0.000,0.000,1.0000,1.0000,0.000,0.000,0.0833,0.7500,2.375,0.333
816,3700,1900,0,24,5937.3,3.000,1.0000,1.0000,0.000,0.000,1.0000,1.0000,0.000,0.000,1.0000,1.0000,0.000,0.000,1.0000,1.0000,0.000,0.000,1.0000,1.0000,0.000,0.000,0.0417,0.5833,2.750,0.458
817,3800,1900,100,24,5437.0,2.958,1.0000,1.0000,0.000,0.000,1.0000,1.0000,0.000,0.000,1.0000,1.0000,0.000,0.000,1.0000,1.0000,0.000,0.000,1.0000,1.0000,0.000,0.000,0.0417,0.4167,3.042,0.833
818,3900,1900,200,24,4928.5,2.458,1.0000,1.0000,0.000,0.000,1.0000,1.0000,0.000,0.000,1.0000,1.0000,0.000,0.000,1.0000,1.0000,0.000,0.000,1.0000,1.0000,0.000,0.000,0.0000,0.0417,5.167,2.625
819,4000,1900,300,24,4423.5,2.000,1.0000,1.0000,0.000,0.000,1.0000,1.0000,0.000,0.000,1.0000,1.0000,0.000,0.000,1.0000,1.0000,0.000,0.000,0.9583,0.9583,0.042,0.042,0.0000,0.0000,10.333,6.750
820,0,2000,300,24,4587.2,2.083,1.0000,1.0000,0.000,0.000,1.0000,1.0000,0.000,0.000,1.0000,1.0000,0.000,0.000,1.0000,1.0000,0.000,0.000,1.0000,1.0000,0.000,0.000,0.0000,0.0000,11.083,5.625
821,100,2000,200,24,5120.6,2.583,1.0000,1.0000,0.000,0.000,1.0000,1.0000,0.000,0.000,1.0000,1.0000,0.000,0.000,1.0000,1.0000,0.000,0.000,1.0000,1.0000,0.000,0.000,0.1250,0.2500,4.083,1.875
822,200,2000,100,24,5663.8,2.958,1.0000,1.0000,0.000,0.000,1.0000,1.0000,0.000,0.000,1.0000,1.0000,0.000,0.000,1.0000,1.0000,0.000,0.000,1.0000,1.0000,0.000,0.000,0.0833,0.2500,3.083,1.042
823,300,2000,0,24,6190.6,3.000,1.0000,1.0000,0.000,0.000,1.0000,1.0000,0.000,0.000,1.0000,1.0000,0.000,0.000,1.0000,1.0000,0.000,0.000,1.0000,1.0000,0.000,0.000,0.0000,0.5000,2.583,0.583
824,400,2000,100,24,6665.0,3.000,1.0000,1.0000,0.000,0.000,1.0000,1.0000,0.000,0.000,1.0000,1.0000,0.000,0.000,1.0000,1.0000,0.000,0.000,1.0000,1.0000,0.000,0.000,0.0417,0.8333,2.792,0.167
825,500,2000,200,24,7044.9,3.000,1.0000,1.0000,0.000,0.000,1.0000,1.0000,0.000,0.000,1.0000,1.0000,0.000,0.000,1.0000,1.0000,0.000,0.000,0.9583,1.0000,0.042,0.000,0.0000,0.7917,5.083,0.250
826,600,2000,300,24,7386.5,3.000,1.0000,1.0000,0.000,0.000,1.0000,1.0000,0.000,0.000,1.0000,1.0000,0.000,0.000,1.0000,1.0000,0.000,0.000,1.0000,1.0000,0.000,0.000,0.0000,0.6667,11.083,0.375
827,700,2000,400,24,7620.2,3.042,1.0000,1.0000,0.000,0.000,1.0000,1.0000,0.000,0.000,1.0000,1.0000,0.000,0.000,1.0000,1.0000,0.000,0.000,1.0000,1.0000,0.000,0.000,0.0000,0.8750,21.417,0.125
828,800,2000,350,24,7872.0,3.042,1.0000,1.0000,0.000,0.000,1.0000,1.0000,0.000,0.000,1.0000,1.0000,0.000,0.000,1.0000,1.0000,0.000,0.000,0.9583,1.0000,0.042,0.000,0.0000,0.8333,15.417,0.208
829,900,2000,250,24,8027.2,3.292,1.0000,1.0000,0.000,0.000,1.0000,1.0000,0.000,0.000,1.0000,1.0000,0.000,0.000,1.0000,1.0000,0.000,0.000,0.9167,1.0000,0.083,0.000,0.0000,0.9167,7.750,0.083
830,1000,2000,150,24,8189.6,3.667,1.0000,1.0000,0.000,0.000,1.0000,1.0000,0.000,0.000,1.0000,1.0000,0.000,0.000,1.0000,1.0000,0.000,0.000,1.0000,1.0000,0.000,0.000,0.0000,0.8750,4.167,0.125
831,1100,2000,50,24,8245.0,4.000,1.0000,1.0000,0.000,0.000,1.0000,1.0000,0.000,0.000,1.0000,1.0000,0.000,0.000,1.0000,1.0000,0.000,0.000,1.0000,1.0000,0.000,0.000,0.0000,0.9583,2.708,0.083
832,1200,2000,50,24,8232.8,4.000,1.0000,1.0000,0.000,0.000,1.0000,1.0000,0.000,0.000,1.0000,1.0000,0.000,0.000,1.0000,1.0000,0.000,0.000,1.0000,1.0000,0.000,0.000,0.0833,0.9167,3.083,0.125
833,1300,2000,150,24,8127.0,4.000,1.0000,1.0000,0.000,0.000,1.0000,1.0000,0.000,0.000,1.0000,1.0000,0.000,0.000,1.0000,1.0000,0.000,0.000,1.0000,1.0000,0.000,0.000,0.0417,0.9167,3.500,0.083
834,1400,2000,250,24,8056.2,4.000,1.0000,1.0000,0.000,0.000,1.0000,1.0000,0.000,0.000,1.0000,1.0000,0.000,0.000,1.0000,1.0000,0.000,0.000,0.9167,1.0000,0.083,0.000,0.0417,0.8750,7.333,0.125
835,1500,2000,350,24,7975.8,4.000,1.0000,1.0000,0.000,0.000,1.0000,1.0000,0.000,0.000,1.0000,1.0000,0.000,0.000,1.0000,1.0000,0.000,0.000,1.0000,1.0000,0.000,0.000,0.0000,0.9167,15.875,0.083
836,1600,2000,400,24,7941.0,4.042,1.0000,1.0000,0.000,0.000,1.0000,1.0000,0.000,0.000,1.0000,1.0000,0.000,0.000,1.0000,1.0000,0.000,0.000,0.9167,1.0000,0.083,0.000,0.0000,0.7917,22.292,0.333
837,1700,2000,300,24,8004.4,4.083,1.0000,1.0000,0.000,0.000,1.0000,1.0000,0.000,0.000,1.0000,1.0000,0.000,0.000,1.0000,1.0000,0.000,0.000,1.0000,1.0000,0.000,0.000,0.0000,0.7500,10.667,0.292
838,1800,2000,200,24,8071.2,4.458,1.0000,1.0000,0.000,0.000,1.0000,1.0000,0.000,0.000,1.0000,1.0000,0.000,0.000,1.0000,1.0000,0.000,0.000,1.0000,1.0000,0.000,0.000,0.0000,0.8750,5.083,0.125
839,1900,2000,100,24,8204.1,4.833,1.0000,1.0000,0.000,0.000,1.0000,1.0000,0.000,0.000,1.0000,1.0000,0.000,0.000,1.0000,1.0000,0.000,0.000,1.0000,1.0000,0.000,0.000,0.0000,0.8750,2.917,0.125
840,2000,2000,0,24,8246.1,5.000,1.0000,1.0000,0.000,0.000,1.0000,1.0000,0.000,0.000,1.0000,1.0000,0.000,0.000,1.0000,1.0000,0.000,0.000,1.0000,1.0000,0.000,0.000,0.1250,0.9583,2.458,0.042
841,2100,2000,100,24,8239.4,5.000,1.0000,1.0000,0.000,0.000,1.0000,1.0000,0.000,0.000,1.0000,1.0000,0.000,0.000,1.0000,1.0000,0.000,0.000,1.0000,1.0000,0.000,0.000,0.0833,0.8750,2.792,0.125
842,2200,2000,200,24,8196.2,4.500,1.0000,1.0000,0.000,0.000,1.0000,1.0000,0.000,0.000,1.0000,1.0000,0.000,0.000,1.0000,1.0000,0.000,0.000,0.9583,1.0000,0.042,0.000,0.0000,0.8750,6.167,0.125
843,2300,2000,300,24,8124.1,4.125,1.0000,1.0000,0.000,0.000,1.0000,1.0000,0.000,0.000,1.0000,1.0000,0.000,0.000,1.0000,1.0000,0.000,0.000,1.0000,1.0000,0.000,0.000,0.0000,0.7917,10.208,0.208
844,2400,2000,400,24,8092.7,4.000,1.0000,1.0000,0.000,0.000,1.0000,1.0000,0.000,0.000,1.0000,1.0000,0.000,0.000,1.0000,1.0000,0.000,0.000,0.9583,1.0000,0.042,0.000,0.0000,0.9167,22.125,0.083
845,2500,2000,350,24,8108.4,4.000,1.0000,1.0000,0.000,0.000,1.0000,1.0000,0.000,0.000,1.0000,1.0000,0.000,0.000,1.0000,1.0000,0.000,0.000,1.0000,1.0000,0.000,0.000,0.0000,0.8333,14.500,0.167
846,2600,2000,250,24,8146.1,4.000,1.0000,1.0000,0.000,0.000,1.0000,1.0000,0.000,0.000,1.0000,1.0000,0.000,0.000,1.0000,1.0000,0.000,0.000,1.0000,1.0000,0.000,0.000,0.0000,0.7083,7.917,0.292
847,2700,2000,150,24,8216.5,4.000,1.0000,1.0000,0.000,0.000,1.0000,1.0000,0.000,0.000,1.0000,1.0000,0.000,0.000,1.0000,1.0000,0.000,0.000,1.0000,1.0000,0.000,0.000,0.0417,0.8333,2.833,0.167
848,2800,2000,50,24,8229.9,4.000,1.0000,1.0000,0.000,0.000,1.0000,1.0000,0.000,0.000,1.0000,1.0000,0.000,0.000,1.0000,1.0000,0.000,0.000,1.0000,1.0000,0.000,0.000,0.1667,0.9583,2.125,0.042
849,2900,2000,50,24,8164.0,4.000,1.0000,1.0000,0.000,0.000,1.0000,1.0000,0.000,0.000,1.0000,1.0000,0.000,0.000,1.0000,1.0000,0.000,0.000,1.0000,1.0000,0.000,0.000,0.0833,0.9583,2.167,0.042
850,3000,2000,150,24,8023.2,3.625,1.0000,1.0000,0.000,0.000,1.0000,1.0000,0.000,0.000,1.0000,1.0000,0.000,0.000,1.0000,1.0000,0.000,0.000,1.0000,1.0000,0.000,0.000,0.0000,0.8750,3.917,0.125
851,3100,2000,250,24,7820.3,3.333,1.0000,1.0000,0.000,0.000,1.0000,1.0000,0.000,0.000,1.0000,1.0000,0.000,0.000,1.0000,1.0000,0.000,0.000,0.9583,1.0000,0.042,0.000,0.0000,0.8333,7.417,0.167
852,3200,2000,350,24,7567.0,3.042,1.0000,1.0000,0.000,0.000,1.0000,1.0000,0.000,0.000,1.0000,1.0000,0.000,0.000,1.0000,1.0000,0.000,0.000,0.9583,1.0000,0.042,0.000,0.0000,0.8333,16.042,0.167
853,3300,2000,400,24,7290.9,3.000,1.0000,1.0000,0.000,0.000,1.0000,1.0000,0.000,0.000,1.0000,1.0000,0.000,0.000,1.0000,1.0000,0.000,0.000,0.9583,1.0000,0.042,0.000,0.0000,0.7917,22.208,0.250
854,3400,2000,300,24,7006.0,3.000,1.0000,1.0000,0.000,0.000,1.0000,1.0000,0.000,0.000,1.0000,1.0000,0.000,0.000,1.0000,1.0000,0.000,0.000,0.9583,1.0000,0.042,0.000,0.0000,0.7083,10.750,0.292
855,3500,2000,200,24,6682.0,3.000,1.0000,1.0000,0.000,0.000,1.0000,1.0000,0.000,0.000,1.0000,1.0000,0.000,0.000,1.0000,1.0000,0.000,0.000,1.0000,1.0000,0.000,0.000,0.0000,0.5417,5.542,0.500
856,3600,2000,100,24,6283.1,3.000,1.0000,1.0000,0.000,0.000,1.0000,1.0000,0.000,0.000,1.0000,1.0000,0.000,0.000,1.0000,1.0000,0.000,0.000,1.0000,1.0000,0.000,0.000,0.0833,0.5833,2.833,0.542
857,3700,2000,0,24,5843.5,3.000,1.0000,1.0000,0.000,0.000,1.0000,1.0000,0.000,0.000,1.0000,1.0000,0.000,0.000,1.0000,1.0000,0.000,0.000,1.0000,1.0000,0.000,0.000,0.0417,0.5417,2.708,0.583
858,3800,2000,100,24,5335.2,2.958,1.0000,1.0000,0.000,0.000,1.0000,1.0000,0.000,0.000,1.0000,1.0000,0.000,0.000,1.0000,1.0000,0.000,0.000,1.0000,1.0000,0.000,0.000,0.0417,0.3750,2.875,1.083
859,3900,2000,200,24,4852.1,2.667,1.0000,1.0000,0.000,0.000,1.0000,1.0000,0.000,0.000,1.0000,1.0000,0.000,0.000,1.0000,1.0000,0.000,0.000,1.0000,1.0000,0.000,0.000,0.0833,0.1667,5.417,2.500
860,4000,2000,300,24,4351.2,2.083,1.0000,1.0000,0.000,0.000,1.0000,1.0000,0.000,0.000,1.0000,1.0000,0.000,0.000,1.0000,1.0000,0.000,0.000,0.9583,0.9583,0.042,0.042,0.0000,0.0417,10.333,6.208
861,0,2100,300,24,4609.2,2.042,1.0000,1.0000,0.000,0.000,1.0000,1.0000,0.000,0.000,1.0000,1.0000,0.000,0.000,1.0000,1.0000,0.000,0.000,0.9167,0.9583,0.083,0.042,0.0000,0.0000,10.667,6.000
862,100,2100,200,24,5161.0,2.500,1.0000,1.0000,0.000,0.000,1.0000,1.0000,0.000,0.000,1.0000,1.0000,0.000,0.000,1.0000,1.0000,0.000,0.000,0.9583,1.0000,0.042,0.000,0.0000,0.0833,6.167,2.250
863,200,2100,100,24,5716.8,2.917,1.0000,1.0000,0.000,0.000,1.0000,1.0000,0.000,0.000,1.0000,1.0000,0.000,0.000,1.0000,1.0000,0.000,0.000,1.0000,1.0000,0.000,0.000,0.1250,0.5833,2.708,0.500
864,300,2100,0,24,6244.7,3.000,1.0000,1.0000,0.000,0.000,1.0000,1.0000,0.000,0.000,1.0000,1.0000,0.000,0.000,1.0000,1.0000,0.000,0.000,1.0000,1.0000,0.000,0.000,0.0833,0.5833,2.417,0.583
865,400,2100,100,24,6724.4,3.000,1.0000,1.0000,0.000,0.000,1.0000,1.0000,0.000,0.000,1.0000,1.0000,0.000,0.000,1.0000,1.0000,0.000,0.000,1.0000,1.0000,0.000,0.000,0.0417,0.6667,2.833,0.375
866,500,2100,200,24,7127.8,3.000,1.0000,1.0000,0.000,0.000,1.0000,1.0000,0.000,0.000,1.0000,1.0000,0.000,0.000,1.0000,1.0000,0.000,0.000,1.0000,1.0000,0.000,0.000,0.0000,0.7500,5.250,0.292
867,600,2100,300,24,7435.7,3.000,1.0000,1.0000,0.000,0.000,1.0000,1.0000,0.000,0.000,1.0000,1.0000,0.000,0.000,1.0000,1.0000,0.000,0.000,0.9167,1.0000,0.083,0.000,0.0000,0.8333,10.292,0.167
868,700,2100,400,24,7722.7,3.042,1.0000,1.0000,0.000,0.000,1.0000,1.0000,0.000,0.000,1.0000,1.0000,0.000,0.000,1.0000,1.0000,0.000,0.000,1.0000,1.0000,0.000,0.000,0.0000,0.7500,24.625,0.250
869,800,2100,350,24,7949.0,3.083,1.0000,1.0000,0.000,0.000,1.0000,1.0000,0.000,0.000,1.0000,1.0000,0.000,0.000,1.0000,1.0000,0.000,0.000,1.0000,1.0000,0.000,0.000,0.0000,0.7083,16.833,0.333
870,900,2100,250,24,8115.1,3.125,1.0000,1.0000,0.000,0.000,1.0000,1.0000,0.000,0.000,1.0000,1.0000,0.000,0.000,1.0000,1.0000,0.000,0.000,1.0000,1.0000,0.000,0.000,0.0000,0.8750,7.667,0.125
871,1000,2100,150,24,8232.1,3.542,1.0000,1.0000,0.000,0.000,1.0000,1.0000,0.000,0.000,1.0000,1.0000,0.000,0.000,1.0000,1.0000,0.000,0.000,1.0000,1.0000,0.000,0.000,0.0000,0.8750,3.583,0.167
872,1100,2100,50,24,8302.5,4.000,1.0000,1.0000,0.000,0.000,1.0000,1.0000,0.000,0.000,1.0000,1.0000,0.000,0.000,1.0000,1.0000,0.000,0.000,1.0000,1.0000,0.000,0.000,0.0417,0.8750,2.167,0.125
873,1200,2100,50,24,8262.4,4.000,1.0000,1.0000,0.000,0.000,1.0000,1.0000,0.000,0.000,1.0000,1.0000,0.000,0.000,1.0000,1.0000,0.000,0.000,1.0000,1.0000,0.000,0.000,0.1667,0.9583,2.333,0.042
874,1300,2100,150,24,8187.2,4.000,1.0000,1.0000,0.000,0.000,1.0000,1.0000,0.000,0.000,1.0000,1.0000,0.000,0.000,1.0000,1.0000,0.000,0.000,1.0000,1.0000,0.000,0.000,0.0417,0.9167,3.333,0.083
875,1400,2100,250,24,8045.8,4.000,1.0000,1.0000,0.000,0.000,1.0000,1.0000,0.000,0.000,1.0000,1.0000,0.000,0.000,1.0000,1.0000,0.000,0.000,0.9583,1.0000,0.042,0.000,0.0000,0.9167,7.958,0.083
876,1500,2100,350,24,7956.8,4.000,1.0000,1.0000,0.000,0.000,1.0000,1.0000,0.000,0.000,1.0000,1.0000,0.000,0.000,1.0000,1.0000,0.000,0.000,0.9167,1.0000,0.083,0.000,0.0000,0.8333,17.042,0.167
877,1600,2100,400,24,7965.4,4.042,1.0000,1.0000,0.000,0.000,1.0000,1.0000,0.000,0.000,1.0000,1.0000,0.000,0.000,1.0000,1.0000,0.000,0.000,0.9583,1.0000,0.042,0.000,0.0000,0.8750,22.625,0.125
878,1700,2100,300,24,7995.3,4.000,1.0000,1.0000,0.000,0.000,1.0000,1.0000,0.000,0.000,1.0000,1.0000,0.000,0.000,1.0000,1.0000,0.000,0.000,1.0000,1.0000,0.000,0.000,0.0000,0.8750,10.500,0.208
879,1800,2100,200,24,8120.6,4.792,1.0000,1.0000,0.000,0.000,1.0000,1.0000,0.000,0.000,1.0000,1.0000,0.000,0.000,1.0000,1.0000,0.000,0.000,1.0000,1.0000,0.000,0.000,0.0000,0.9167,6.375,0.125
880,1900,2100,100,24,8221.6,4.917,1.0000,1.0000,0.000,0.000,1.0000,1.0000,0.000,0.000,1.0000,1.0000,0.000,0.000,1.0000,1.0000,0.000,0.000,1.0000,1.0000,0.000,0.000,0.1250,0.8750,2.708,0.125
881,2000,2100,0,24,8316.1,5.000,1.0000,1.0000,0.000,0.000,1.0000,1.0000,0.000,0.000,1.0000,1.0000,0.000,0.000,1.0000,1.0000,0.000,0.000,1.0000,1.0000,0.000,0.000,0.0417,1.0000,2.458,0.000
882,2100,2100,100,24,8322.2,4.750,1.0000,1.0000,0.000,0.000,1.0000,1.0000,0.000,0.000,1.0000,1.0000,0.000,0.000,1.0000,1.0000,0.000,0.000,1.0000,1.0000,0.000,0.000,0.0417,0.9583,2.792,0.042
883,2200,2100,200,24,8281.5,4.542,1.0000,1.0000,0.000,0.000,1.0000,1.0000,0.000,0.000,1.0000,1.0000,0.000,0.000,1.0000,1.0000,0.000,0.000,1.0000,1.0000,0.000,0.000,0.0417,0.9167,4.458,0.083
884,2300,2100,300,24,8209.3,4.083,1.0000,1.0000,0.000,0.000,1.0000,1.0000,0.000,0.000,1.0000,1.0000,0.000,0.000,1.0000,1.0000,0.000,0.000,1.0000,1.0000,0.000,0.000,0.0000,0.8333,10.792,0.167
885,2400,2100,400,24,8158.7,4.000,1.0000,1.0000,0.000,0.000,1.0000,1.0000,0.000,0.000,1.0000,1.0000,0.000,0.000,1.0000,1.0000,0.000,0.000,0.8750,1.0000,0.125,0.000,0.0000,0.7917,23.458,0.250
886,2500,2100,350,24,8177.7,4.000,1.0000,1.0000,0.000,0.000,1.0000,1.0000,0.000,0.000,1.0000,1.0000,0.000,0.000,1.0000,1.0000,0.000,0.000,1.0000,1.0000,0.000,0.000,0.0000,0.9583,17.542,0.042
887,2600,2100,250,24,8214.5,4.000,1.0000,1.0000,0.000,0.000,1.0000,1.0000,0.000,0.000,1.0000,1.0000,0.000,0.000,1.0000,1.0000,0.000,0.000,0.9583,1.0000,0.042,0.000,0.0417,1.0000,7.667,0.000
888,2700,2100,150,24,8273.6,4.000,1.0000,1.0000,0.000,0.000,1.0000,1.0000,0.000,0.000,1.0000,1.0000,0.000,0.000,1.0000,1.0000,0.000,0.000,1.0000,1.0000,0.000,0.000,0.0000,0.8750,3.667,0.125
889,2800,2100,50,24,8253.9,4.000,1.0000,1.0000,0.000,0.000,1.0000,1.0000,0.000,0.000,1.0000,1.0000,0.000,0.000,1.0000,1.0000,0.000,0.000,1.0000,1.0000,0.000,0.000,0.0833,0.7917,2.208,0.208
890,2900,2100,50,24,8181.2,4.000,1.0000,1.0000,0.000,0.000,1.0000,1.0000,0.000,0.000,1.0000,1.0000,0.000,0.000,1.0000,1.0000,0.000,0.000,1.0000,1.0000,0.000,0.000,0.1250,0.8333,2.458,0.208
891,3000,2100,150,24,7996.5,3.750,1.0000,1.0000,0.000,0.000,1.0000,1.0000,0.000,0.000,1.0000,1.0000,0.000,0.000,1.0000,1.0000,0.000,0.000,1.0000,1.0000,0.000,0.000,0.0417,0.8333,4.500,0.208
892,3100,2100,250,24,7774.2,3.292,1.0000,1.0000,0.000,0.000,1.0000,1.0000,0.000,0.000,1.0000,1.0000,0.000,0.000,1.0000,1.0000,0.000,0.000,1.0000,1.0000,0.000,0.000,0.0000,0.7917,6.625,0.208
893,3200,2100,350,24,7486.0,3.042,1.0000,1.0000,0.000,0.000,1.0000,1.0000,0.000,0.000,1.0000,1.0000,0.000,0.000,1.0000,1.0000,0.000,0.000,1.0000,1.0000,0.000,0.000,0.0000,0.6667,16.375,0.333
894,3300,2100,400,24,7214.2,3.000,1.0000,1.0000,0.000,0.000,1.0000,1.0000,0.000,0.000,1.0000,1.0000,0.000,0.000,1.0000,1.0000,0.000,0.000,0.9167,1.0000,0.125,0.000,0.0000,0.7500,25.375,0.375
895,3400,2100,300,24,6896.8,3.000,1.0000,1.0000,0.000,0.000,1.0000,1.0000,0.000,0.000,1.0000,1.0000,0.000,0.000,1.0000,1.0000,0.000,0.000,0.9583,1.0000,0.042,0.000,0.0000,0.7500,11.458,0.333
896,3500,2100,200,24,6556.2,3.000,1.0000,1.0000,0.000,0.000,1.0000,1.0000,0.000,0.000,1.0000,1.0000,0.000,0.000,1.0000,1.0000,0.000,0.000,1.0000,1.0000,0.000,0.000,0.0417,0.6250,4.750,0.417
897,3600,2100,100,24,6149.5,3.000,1.0000,1.0000,0.000,0.000,1.0000,1.0000,0.000,0.000,1.0000,1.0000,0.000,0.000,1.0000,1.0000,0.000,0.000,1.0000,1.0000,0.000,0.000,0.0417,0.8333,2.875,0.167
898,3700,2100,0,24,5714.3,3.000,1.0000,1.0000,0.000,0.000,1.0000,1.0000,0.000,0.000,1.0000,1.0000,0.000,0.000,1.0000,1.0000,0.000,0.000,1.0000,1.0000,0.000,0.000,0.1250,0.4167,2.042,0.667
899,3800,2100,100,24,5220.0,3.000,1.0000,1.0000,0.000,0.000,1.0000,1.0000,0.000,0.000,1.0000,1.0000,0.000,0.000,1.0000,1.0000,0.000,0.000,1.0000,1.0000,0.000,0.000,0.1250,0.5833,2.625,0.750
900,3900,2100,200,24,4729.6,2.375,1.0000,1.0000,0.000,0.000,1.0000,1.0000,0.000,0.000,1.0000,1.0000,0.000,0.000,1.0000,1.0000,0.000,0.000,1.0000,1.0000,0.000,0.000,0.0000,0.0417,6.167,3.417
901,4000,2100,300,24,4252.0,2.042,1.0000,1.0000,0.000,0.000,1.0000,1.0000,0.000,0.000,1.0000,1.0000,0.000,0.000,1.0000,1.0000,0.000,0.000,0.8750,0.9583,0.125,0.042,0.0000,0.0000,10.333,6.333
902,0,2200,300,24,4638.9,2.042,1.0000,1.0000,0.000,0.000,1.0000,1.0000,0.000,0.000,1.0000,1.0000,0.000,0.000,1.0000,1.0000,0.000,0.000,0.9167,0.9583,0.083,0.042,0.0000,0.0000,12.375,5.792
903,100,2200,200,24,5192.5,2.458,1.0000,1.0000,0.000,0.000,1.0000,1.0000,0.000,0.000,1.0000,1.0000,0.000,0.000,1.0000,1.0000,0.000,0.000,1.0000,1.0000,0.000,0.000,0.0000,0.0833,7.000,2.167
904,200,2200,100,24,5749.8,2.875,1.0000,1.0000,0.000,0.000,1.0000,1.0000,0.000,0.000,1.0000,1.0000,0.000,0.000,1.0000,1.0000,0.000,0.000,1.0000,1.0000,0.000,0.000,0.0000,0.5417,3.667,0.708
905,300,2200,0,24,6298.3,3.000,1.0000,1.0000,0.000,0.000,1.0000,1.0000,0.000,0.000,1.0000,1.0000,0.000,0.000,1.0000,1.0000,0.000,0.000,1.0000,1.0000,0.000,0.000,0.0417,0.5417,3.417,0.542
906,400,2200,100,24,6780.2,3.000,1.0000,1.0000,0.000,0.000,1.0000,1.0000,0.000,0.000,1.0000,1.0000,0.000,0.000,1.0000,1.0000,0.000,0.000,1.0000,1.0000,0.000,0.000,0.0833,0.8333,3.208,0.208
907,500,2200,200,24,7178.6,3.000,1.0000,1.0000,0.000,0.000,1.0000,1.0000,0.000,0.000,1.0000,1.0000,0.000,0.000,1.0000,1.0000,0.000,0.000,0.9583,1.0000,0.042,0.000,0.0000,0.7500,6.208,0.250
908,600,2200,300,24,7501.0,3.000,1.0000,1.0000,0.000,0.000,1.0000,1.0000,0.000,0.000,1.0000,1.0000,0.000,0.000,1.0000,1.0000,0.000,0.000,0.9167,1.0000,0.083,0.000,0.0000,0.8750,13.042,0.167
909,700,2200,400,24,7768.8,3.000,1.0000,1.0000,0.000,0.000,1.0000,1.0000,0.000,0.000,1.0000,1.0000,0.000,0.000,1.0000,1.0000,0.000,0.000,0.8750,1.0000,0.167,0.000,0.0000,0.8333,27.042,0.250
910,800,2200,350,24,8002.3,3.125,1.0000,1.0000,0.000,0.000,1.0000,1.0000,0.000,0.000,1.0000,1.0000,0.000,0.000,1.0000,1.0000,0.000,0.000,0.9167,1.0000,0.125,0.000,0.0000,0.7917,19.250,0.250
911,900,2200,250,24,8171.7,3.208,1.0000,1.0000,0.000,0.000,1.0000,1.0000,0.000,0.000,1.0000,1.0000,0.000,0.000,1.0000,1.0000,0.000,0.000,1.0000,1.0000,0.000,0.000,0.0000,0.9167,8.792,0.083
912,1000,2200,150,24,8293.2,3.750,1.0000,1.0000,0.000,0.000,1.0000,1.0000,0.000,0.000,1.0000,1.0000,0.000,0.000,1.0000,1.0000,0.000,0.000,1.0000,1.0000,0.000,0.000,0.0000,0.9167,4.250,0.083
913,1100,2200,50,24,8326.7,3.958,1.0000,1.0000,0.000,0.000,1.0000,1.0000,0.000,0.000,1.0000,1.0000,0.000,0.000,1.0000,1.0000,0.000,0.000,1.0000,1.0000,0.000,0.000,0.0000,0.8750,2.708,0.125
914,1200,2200,50,24,8316.5,4.000,1.0000,1.0000,0.000,0.000,1.0000,1.0000,0.000,0.000,1.0000,1.0000,0.000,0.000,1.0000,1.0000,0.000,0.000,1.0000,1.0000,0.000,0.000,0.0417,0.9167,3.250,0.083
915,1300,2200,150,24,8209.0,4.000,1.0000,1.0000,0.000,0.000,1.0000,1.0000,0.000,0.000,1.0000,1.0000,0.000,0.000,1.0000,1.0000,0.000,0.000,1.0000,1.0000,0.000,0.000,0.0417,0.8333,4.125,0.167
916,1400,2200,250,24,8085.4,4.000,1.0000,1.0000,0.000,0.000,1.0000,1.0000,0.000,0.000,1.0000,1.0000,0.000,0.000,1.0000,1.0000,0.000,0.000,0.9583,1.0000,0.042,0.000,0.0000,1.0000,9.042,0.000
917,1500,2200,350,24,7986.3,4.000,1.0000,1.0000,0.000,0.000,1.0000,1.0000,0.000,0.000,1.0000,1.0000,0.000,0.000,1.0000,1.0000,0.000,0.000,0.9583,1.0000,0.042,0.000,0.0000,0.8750,18.625,0.167
918,1600,2200,400,24,7967.6,4.042,1.0000,1.0000,0.000,0.000,1.0000,1.0000,0.000,0.000,1.0000,1.0000,0.000,0.000,1.0000,1.0000,0.000,0.000,0.9583,1.0000,0.042,0.000,0.0000,0.9167,26.750,0.083
919,1700,2200,300,24,8030.4,4.208,1.0000,1.0000,0.000,0.000,1.0000,1.0000,0.000,0.000,1.0000,1.0000,0.000,0.000,1.0000,1.0000,0.000,0.000,0.8333,1.0000,0.167,0.000,0.0000,0.7500,14.250,0.292
920,1800,2200,200,24,8156.8,4.333,1.0000,1.0000,0.000,0.000,1.0000,1.0000,0.000,0.000,1.0000,1.0000,0.000,0.000,1.0000,1.0000,0.000,0.000,1.0000,1.0000,0.000,0.000,0.0000,0.9167,5.375,0.083
921,1900,2200,100,24,8294.9,4.958,1.0000,1.0000,0.000,0.000,1.0000,1.0000,0.000,0.000,1.0000,1.0000,0.000,0.000,1.0000,1.0000,0.000,0.000,1.0000,1.0000,0.000,0.000,0.0000,0.7917,3.542,0.208
922,2000,2200,0,24,8352.6,5.000,1.0000,1.0000,0.000,0.000,1.0000,1.0000,0.000,0.000,1.0000,1.0000,0.000,0.000,1.0000,1.0000,0.000,0.000,1.0000,1.0000,0.000,0.000,0.0833,0.9167,1.958,0.083
923,2100,2200,100,24,8364.5,5.000,1.0000,1.0000,0.000,0.000,1.0000,1.0000,0.000,0.000,1.0000,1.0000,0.000,0.000,1.0000,1.0000,0.000,0.000,1.0000,1.0000,0.000,0.000,0.0000,0.9583,3.167,0.042
924,2200,2200,200,24,8318.1,4.542,1.0000,1.0000,0.000,0.000,1.0000,1.0000,0.000,0.000,1.0000,1.0000,0.000,0.000,1.0000,1.0000,0.000,0.000,1.0000,1.0000,0.000,0.000,0.0000,0.9583,5.583,0.042
925,2300,2200,300,24,8268.8,4.250,1.0000,1.0000,0.000,0.000,1.0000,1.0000,0.000,0.000,1.0000,1.0000,0.000,0.000,1.0000,1.0000,0.000,0.000,0.9167,1.0000,0.083,0.000,0.0000,0.9167,13.083,0.083
926,2400,2200,400,24,8220.3,4.000,1.0000,1.0000,0.000,0.000,1.0000,1.0000,0.000,0.000,1.0000,1.0000,0.000,0.000,1.0000,1.0000,0.000,0.000,0.9583,1.0000,0.042,0.000,0.0000,0.9167,27.708,0.083
927,2500,2200,350,24,8226.5,4.000,1.0000,1.0000,0.000,0.000,1.0000,1.0000,0.000,0.000,1.0000,1.0000,0.000,0.000,1.0000,1.0000,0.000,0.000,0.9583,1.0000,0.042,0.000,0.0000,0.7500,17.833,0.250
928,2600,2200,250,24,8269.0,4.000,1.0000,1.0000,0.000,0.000,1.0000,1.0000,0.000,0.000,1.0000,1.0000,0.000,0.000,1.0000,1.0000,0.000,0.000,1.0000,1.0000,0.000,0.000,0.0000,0.8750,8.208,0.167
929,2700,2200,150,24,8271.2,4.000,1.0000,1.0000,0.000,0.000,1.0000,1.0000,0.000,0.000,1.0000,1.0000,0.000,0.000,1.0000,1.0000,0.000,0.000,1.0000,1.0000,0.000,0.000,0.0000,0.9583,4.250,0.042
930,2800,2200,50,24,8263.8,4.000,1.0000,1.0000,0.000,0.000,1.0000,1.0000,0.000,0.000,1.0000,1.0000,0.000,0.000,1.0000,1.0000,0.000,0.000,1.0000,1.0000,0.000,0.000,0.0833,0.8750,2.833,0.125
931,2900,2200,50,24,8168.6,4.000,1.0000,1.0000,0.000,0.000,1.0000,1.0000,0.000,0.000,1.0000,1.0000,0.000,0.000,1.0000,1.0000,0.000,0.000,1.0000,1.0000,0.000,0.000,0.1667,0.9583,2.458,0.042
932,3000,2200,150,24,7970.5,3.792,1.0000,1.0000,0.000,0.000,1.0000,1.0000,0.000,0.000,1.0000,1.0000,0.000,0.000,1.0000,1.0000,0.000,0.000,1.0000,1.0000,0.000,0.000,0.0417,0.8750,4.208,0.125
933,3100,2200,250,24,7723.8,3.292,1.0000,1.0000,0.000,0.000,1.0000,1.0000,0.000,0.000,1.0000,1.0000,0.000,0.000,1.0000,1.0000,0.000,0.000,1.0000,1.0000,0.000,0.000,0.0000,0.8750,8.917,0.125
934,3200,2200,350,24,7414.6,3.042,1.0000,1.0000,0.000,0.000,1.0000,1.0000,0.000,0.000,1.0000,1.0000,0.000,0.000,1.0000,1.0000,0.000,0.000,1.0000,1.0000,0.000,0.000,0.0000,0.8333,17.750,0.208
935,3300,2200,400,24,7096.2,3.083,1.0000,1.0000,0.000,0.000,1.0000,1.0000,0.000,0.000,1.0000,1.0000,0.000,0.000,1.0000,1.0000,0.000,0.000,0.9583,1.0000,0.042,0.000,0.0000,0.6250,25.292,0.500
936,3400,2200,300,24,6756.3,3.000,1.0000,1.0000,0.000,0.000,1.0000,1.0000,0.000,0.000,1.0000,1.0000,0.000,0.000,1.0000,1.0000,0.000,0.000,1.0000,1.0000,0.000,0.000,0.0000,0.6667,13.208,0.417
937,3500,2200,200,24,6410.0,3.000,1.0000,1.0000,0.000,0.000,1.0000,1.0000,0.000,0.000,1.0000,1.0000,0.000,0.000,1.0000,1.0000,0.000,0.000,1.0000,1.0000,0.000,0.000,0.0000,0.6250,5.833,0.458
938,3600,2200,100,24,6016.0,3.000,1.0000,1.0000,0.000,0.000,1.0000,1.0000,0.000,0.000,1.0000,1.0000,0.000,0.000,1.0000,1.0000,0.000,0.000,1.0000,1.0000,0.000,0.000,0.0417,0.6667,3.458,0.500
939,3700,2200,0,24,5566.0,3.000,1.0000,1.0000,0.000,0.000,1.0000,1.0000,0.000,0.000,1.0000,1.0000,0.000,0.000,1.0000,1.0000,0.000,0.000,1.0000,1.0000,0.000,0.000,0.0000,0.4583,2.917,0.625
940,3800,2200,100,24,5080.8,2.958,1.0000,1.0000,0.000,0.000,1.0000,1.0000,0.000,0.000,1.0000,1.0000,0.000,0.000,1.0000,1.0000,0.000,0.000,0.9583,1.0000,0.042,0.000,0.0000,0.2917,3.583,1.042
941,3900,2200,200,24,4594.0,2.708,1.0000,1.0000,0.000,0.000,1.0000,1.0000,0.000,0.000,1.0000,1.0000,0.000,0.000,1.0000,1.0000,0.000,0.000,1.0000,1.0000,0.000,0.000,0.0000,0.0417,6.000,3.167
942,4000,2200,300,24,4124.0,2.083,1.0000,1.0000,0.000,0.000,1.0000,1.0000,0.000,0.000,1.0000,1.0000,0.000,0.000,1.0000,1.0000,0.000,0.000,0.9583,0.9583,0.042,0.042,0.0000,0.0000,11.708,7.625
943,0,2300,300,24,4626.8,2.208,1.0000,1.0000,0.000,0.000,1.0000,1.0000,0.000,0.000,1.0000,1.0000,0.000,0.000,1.0000,1.0000,0.000,0.000,1.0000,1.0000,0.000,0.000,0.0000,0.0000,15.125,5.750
944,100,2300,200,24,5199.6,2.375,1.0000,1.0000,0.000,0.000,1.0000,1.0000,0.000,0.000,1.0000,1.0000,0.000,0.000,1.0000,1.0000,0.000,0.000,1.0000,1.0000,0.000,0.000,0.0000,0.2083,8.042,2.042
945,200,2300,100,24,5773.4,3.000,1.0000,1.0000,0.000,0.000,1.0000,1.0000,0.000,0.000,1.0000,1.0000,0.000,0.000,1.0000,1.0000,0.000,0.000,1.0000,1.0000,0.000,0.000,0.0000,0.3750,4.333,0.833
946,300,2300,0,24,6314.9,3.000,1.0000,1.0000,0.000,0.000,1.0000,1.0000,0.000,0.000,1.0000,1.0000,0.000,0.000,1.0000,1.0000,0.000,0.000,1.0000,1.0000,0.000,0.000,0.0417,0.7500,3.917,0.375
947,400,2300,100,24,6788.4,3.000,1.0000,1.0000,0.000,0.000,1.0000,1.0000,0.000,0.000,1.0000,1.0000,0.000,0.000,1.0000,1.0000,0.000,0.000,1.0000,1.0000,0.000,0.000,0.0417,0.8750,4.083,0.167
948,500,2300,200,24,7207.7,3.000,1.0000,1.0000,0.000,0.000,1.0000,1.0000,0.000,0.000,1.0000,1.0000,0.000,0.000,1.0000,1.0000,0.000,0.000,0.9583,1.0000,0.042,0.000,0.0000,0.5833,8.750,0.417
949,600,2300,300,24,7519.2,3.000,1.0000,1.0000,0.000,0.000,1.0000,1.0000,0.000,0.000,1.0000,1.0000,0.000,0.000,1.0000,1.0000,0.000,0.000,0.9583,1.0000,0.042,0.000,0.0000,0.8333,16.125,0.167
950,700,2300,400,24,7790.8,3.042,1.0000,1.0000,0.000,0.000,1.0000,1.0000,0.000,0.000,1.0000,1.0000,0.000,0.000,1.0000,1.0000,0.000,0.000,0.8750,1.0000,0.125,0.000,0.0000,0.8750,31.417,0.125
951,800,2300,350,24,8012.2,3.208,1.0000,1.0000,0.000,0.000,1.0000,1.0000,0.000,0.000,1.0000,1.0000,0.000,0.000,1.0000,1.0000,0.000,0.000,0.8750,1.0000,0.125,0.000,0.0000,0.8750,23.625,0.125
952,900,2300,250,24,8198.2,3.375,1.0000,1.0000,0.000,0.000,1.0000,1.0000,0.000,0.000,1.0000,1.0000,0.000,0.000,1.0000,1.0000,0.000,0.000,1.0000,1.0000,0.000,0.000,0.0000,0.8750,10.792,0.125
953,1000,2300,150,24,8286.4,3.750,1.0000,1.0000,0.000,0.000,1.0000,1.0000,0.000,0.000,1.0000,1.0000,0.000,0.000,1.0000,1.0000,0.000,0.000,0.9583,1.0000,0.042,0.000,0.0000,0.9167,5.875,0.083
954,1100,2300,50,24,8371.2,4.000,1.0000,1.0000,0.000,0.000,1.0000,1.0000,0.000,0.000,1.0000,1.0000,0.000,0.000,1.0000,1.0000,0.000,0.000,1.0000,1.0000,0.000,0.000,0.0000,0.9167,3.625,0.083
955,1200,2300,50,24,8308.1,4.000,1.0000,1.0000,0.000,0.000,1.0000,1.0000,0.000,0.000,1.0000,1.0000,0.000,0.000,1.0000,1.0000,0.000,0.000,1.0000,1.0000,0.000,0.000,0.0417,0.8750,4.417,0.125
956,1300,2300,150,24,8210.7,4.000,1.0000,1.0000,0.000,0.000,1.0000,1.0000,0.000,0.000,1.0000,1.0000,0.000,0.000,1.0000,1.0000,0.000,0.000,1.0000,1.0000,0.000,0.000,0.0000,0.8750,5.667,0.125
957,1400,2300,250,24,8066.6,4.000,1.0000,1.0000,0.000,0.000,1.0000,1.0000,0.000,0.000,1.0000,1.0000,0.000,0.000,1.0000,1.0000,0.000,0.000,1.0000,1.0000,0.000,0.000,0.0000,0.8750,10.375,0.125
958,1500,2300,350,24,7975.2,4.000,1.0000,1.0000,0.000,0.000,1.0000,1.0000,0.000,0.000,1.0000,1.0000,0.000,0.000,1.0000,1.0000,0.000,0.000,1.0000,1.0000,0.000,0.000,0.0000,0.7500,21.292,0.250
959,1600,2300,400,24,7961.2,4.042,1.0000,1.0000,0.000,0.000,1.0000,1.0000,0.000,0.000,1.0000,1.0000,0.000,0.000,1.0000,1.0000,0.000,0.000,0.9167,1.0000,0.083,0.000,0.0000,0.8333,32.875,0.208
960,1700,2300,300,24,8048.2,4.250,1.0000,1.0000,0.000,0.000,1.0000,1.0000,0.000,0.000,1.0000,1.0000,0.000,0.000,1.0000,1.0000,0.000,0.000,0.9583,1.0000,0.042,0.000,0.0000,0.8750,15.708,0.125
961,1800,2300,200,24,8158.5,4.500,1.0000,1.0000,0.000,0.000,1.0000,1.0000,0.000,0.000,1.0000,1.0000,0.000,0.000,1.0000,1.0000,0.000,0.000,0.9583,1.0000,0.042,0.000,0.0000,0.9167,8.167,0.083
962,1900,2300,100,24,8295.1,4.833,1.0000,1.0000,0.000,0.000,1.0000,1.0000,0.000,0.000,1.0000,1.0000,0.000,0.000,1.0000,1.0000,0.000,0.000,1.0000,1.0000,0.000,0.000,0.0000,0.8750,3.417,0.125
963,2000,2300,0,24,8369.5,5.000,1.0000,1.0000,0.000,0.000,1.0000,1.0000,0.000,0.000,1.0000,1.0000,0.000,0.000,1.0000,1.0000,0.000,0.000,1.0000,1.0000,0.000,0.000,0.0000,0.8750,4.083,0.125
964,2100,2300,100,24,8377.1,4.958,1.0000,1.0000,0.000,0.000,1.0000,1.0000,0.000,0.000,1.0000,1.0000,0.000,0.000,1.0000,1.0000,0.000,0.000,1.0000,1.0000,0.000,0.000,0.0000,0.9167,4.792,0.083
965,2200,2300,200,24,8339.6,4.292,1.0000,1.0000,0.000,0.000,1.0000,1.0000,0.000,0.000,1.0000,1.0000,0.000,0.000,1.0000,1.0000,0.000,0.000,0.9583,1.0000,0.042,0.000,0.0000,0.8750,7.875,0.167
966,2300,2300,300,24,8253.8,4.167,1.0000,1.0000,0.000,0.000,1.0000,1.0000,0.000,0.000,1.0000,1.0000,0.000,0.000,1.0000,1.0000,0.000,0.000,0.9167,1.0000,0.083,0.000,0.0000,0.8750,16.292,0.125
967,2400,2300,400,24,8223.1,4.000,1.0000,1.0000,0.000,0.000,1.0000,1.0000,0.000,0.000,1.0000,1.0000,0.000,0.000,1.0000,1.0000,0.000,0.000,1.0000,1.0000,0.000,0.000,0.0000,0.9167,33.792,0.125
968,2500,2300,350,24,8228.8,4.042,1.0000,1.0000,0.000,0.000,1.0000,1.0000,0.000,0.000,1.0000,1.0000,0.000,0.000,1.0000,1.0000,0.000,0.000,0.9167,1.0000,0.083,0.000,0.0000,0.7917,22.250,0.208
969,2600,2300,250,24,8245.6,4.000,1.0000,1.0000,0.000,0.000,1.0000,1.0000,0.000,0.000,1.0000,1.0000,0.000,0.000,1.0000,1.0000,0.000,0.000,0.9583,1.0000,0.042,0.000,0.0000,1.0000,11.083,0.000
970,2700,2300,150,24,8270.8,4.000,1.0000,1.0000,0.000,0.000,1.0000,1.0000,0.000,0.000,1.0000,1.0000,0.000,0.000,1.0000,1.0000,0.000,0.000,1.0000,1.0000,0.000,0.000,0.0000,1.0000,5.583,0.000
971,2800,2300,50,24,8224.7,4.000,1.0000,1.0000,0.000,0.000,1.0000,1.0000,0.000,0.000,1.0000,1.0000,0.000,0.000,1.0000,1.0000,0.000,0.000,1.0000,1.0000,0.000,0.000,0.0000,0.9167,3.750,0.083
972,2900,2300,50,24,8095.8,4.000,1.0000,1.0000,0.000,0.000,1.0000,1.0000,0.000,0.000,1.0000,1.0000,0.000,0.000,1.0000,1.0000,0.000,0.000,1.0000,1.0000,0.000,0.000,0.0000,0.8750,4.250,0.125
973,3000,2300,150,24,7888.5,3.667,1.0000,1.0000,0.000,0.000,1.0000,1.0000,0.000,0.000,1.0000,1.0000,0.000,0.000,1.0000,1.0000,0.000,0.000,1.0000,1.0000,0.000,0.000,0.0000,0.8333,5.125,0.167
974,3100,2300,250,24,7589.3,3.292,1.0000,1.0000,0.000,0.000,1.0000,1.0000,0.000,0.000,1.0000,1.0000,0.000,0.000,1.0000,1.0000,0.000,0.000,1.0000,1.0000,0.000,0.000,0.0000,0.6250,11.667,0.375
975,3200,2300,350,24,7280.0,3.083,1.0000,1.0000,0.000,0.000,1.0000,1.0000,0.000,0.000,1.0000,1.0000,0.000,0.000,1.0000,1.0000,0.000,0.000,1.0000,1.0000,0.000,0.000,0.0000,0.5833,22.167,0.542
976,3300,2300,400,24,6953.2,3.000,1.0000,1.0000,0.000,0.000,1.0000,1.0000,0.000,0.000,1.0000,1.0000,0.000,0.000,1.0000,1.0000,0.000,0.000,0.8750,1.0000,0.125,0.000,0.0000,0.5833,33.000,0.500
977,3400,2300,300,24,6614.8,3.000,1.0000,1.0000,0.000,0.000,1.0000,1.0000,0.000,0.000,1.0000,1.0000,0.000,0.000,1.0000,1.0000,0.000,0.000,1.0000,1.0000,0.000,0.000,0.0000,0.6667,16.167,0.417
978,3500,2300,200,24,6241.8,3.000,1.0000,1.0000,0.000,0.000,1.0000,1.0000,0.000,0.000,1.0000,1.0000,0.000,0.000,1.0000,1.0000,0.000,0.000,0.9583,1.0000,0.042,0.000,0.0000,0.6250,8.625,0.542
979,3600,2300,100,24,5827.0,3.000,1.0000,1.0000,0.000,0.000,1.0000,1.0000,0.000,0.000,1.0000,1.0000,0.000,0.000,1.0000,1.0000,0.000,0.000,1.0000,1.0000,0.000,0.000,0.0000,0.6667,4.083,0.375
980,3700,2300,0,24,5388.5,3.000,1.0000,1.0000,0.000,0.000,1.0000,1.0000,0.000,0.000,1.0000,1.0000,0.000,0.000,1.0000,1.0000,0.000,0.000,1.0000,1.0000,0.000,0.000,0.0000,0.4583,3.583,0.833
981,3800,2300,100,24,4904.8,2.917,1.0000,1.0000,0.000,0.000,1.0000,1.0000,0.000,0.000,1.0000,1.0000,0.000,0.000,1.0000,1.0000,0.000,0.000,0.9583,1.0000,0.042,0.000,0.0000,0.1667,4.083,1.708
982,3900,2300,200,24,4411.0,2.542,1.0000,1.0000,0.000,0.000,1.0000,1.0000,0.000,0.000,1.0000,1.0000,0.000,0.000,1.0000,1.0000,0.000,0.000,0.9583,1.0000,0.042,0.000,0.0000,0.0417,8.333,3.792
983,4000,2300,300,24,3957.5,2.125,1.0000,1.0000,0.000,0.000,1.0000,1.0000,0.000,0.000,1.0000,1.0000,0.000,0.000,1.0000,1.0000,0.000,0.000,0.9167,0.9583,0.083,0.042,0.0000,0.0000,15.500,9.500
984,0,2400,300,24,4629.4,2.208,1.0000,1.0000,0.000,0.000,1.0000,1.0000,0.000,0.000,1.0000,1.0000,0.000,0.000,1.0000,1.0000,0.000,0.000,0.9583,1.0000,0.042,0.000,0.0000,0.0000,23.292,6.833
985,100,2400,200,24,5184.6,2.500,1.0000,1.0000,0.000,0.000,1.0000,1.0000,0.000,0.000,1.0000,1.0000,0.000,0.000,1.0000,1.0000,0.000,0.000,1.0000,1.0000,0.000,0.000,0.0000,0.1250,11.958,2.292
986,200,2400,100,24,5761.2,2.958,1.0000,1.0000,0.000,0.000,1.0000,1.0000,0.000,0.000,1.0000,1.0000,0.000,0.000,1.0000,1.0000,0.000,0.000,1.0000,1.0000,0.000,0.000,0.0000,0.5833,7.458,0.542
987,300,2400,0,24,6305.8,3.000,1.0000,1.0000,0.000,0.000,1.0000,1.0000,0.000,0.000,1.0000,1.0000,0.000,0.000,1.0000,1.0000,0.000,0.000,1.0000,1.0000,0.000,0.000,0.0000,0.6667,6.083,0.375
988,400,2400,100,24,6765.6,3.000,1.0000,1.0000,0.000,0.000,1.0000,1.0000,0.000,0.000,1.0000,1.0000,0.000,0.000,1.0000,1.0000,0.000,0.000,1.0000,1.0000,0.000,0.000,0.0000,0.8750,7.917,0.125
989,500,2400,200,24,7158.5,3.000,1.0000,1.0000,0.000,0.000,1.0000,1.0000,0.000,0.000,1.0000,1.0000,0.000,0.000,1.0000,1.0000,0.000,0.000,1.0000,1.0000,0.000,0.000,0.0000,0.8333,12.542,0.167
990,600,2400,300,24,7494.2,3.000,1.0000,1.0000,0.000,0.000,1.0000,1.0000,0.000,0.000,1.0000,1.0000,0.000,0.000,1.0000,1.0000,0.000,0.000,1.0000,1.0000,0.000,0.000,0.0000,0.9167,21.083,0.083
991,700,2400,400,24,7727.2,3.000,1.0000,1.0000,0.000,0.000,1.0000,1.0000,0.000,0.000,1.0000,1.0000,0.000,0.000,1.0000,1.0000,0.000,0.000,0.8750,1.0000,0.125,0.000,0.0000,0.8333,43.458,0.167
992,800,2400,350,24,7941.0,3.000,1.0000,1.0000,0.000,0.000,1.0000,1.0000,0.000,0.000,1.0000,1.0000,0.000,0.000,1.0000,1.0000,0.000,0.000,0.9167,1.0000,0.083,0.000,0.0000,0.9167,29.250,0.083
993,900,2400,250,24,8129.5,3.125,1.0000,1.0000,0.000,0.000,1.0000,1.0000,0.000,0.000,1.0000,1.0000,0.000,0.000,1.0000,1.0000,0.000,0.000,0.8750,1.0000,0.125,0.000,0.0000,0.8333,15.792,0.167
994,1000,2400,150,24,8272.1,3.542,1.0000,1.0000,0.000,0.000,1.0000,1.0000,0.000,0.000,1.0000,1.0000,0.000,0.000,1.0000,1.0000,0.000,0.000,1.0000,1.0000,0.000,0.000,0.0000,0.8750,9.208,0.167
995,1100,2400,50,24,8306.0,4.000,1.0000,1.0000,0.000,0.000,1.0000,1.0000,0.000,0.000,1.0000,1.0000,0.000,0.000,1.0000,1.0000,0.000,0.000,1.0000,1.0000,0.000,0.000,0.0000,0.9167,6.625,0.083
996,1200,2400,50,24,8270.1,4.000,1.0000,1.0000,0.000,0.000,1.0000,1.0000,0.000,0.000,1.0000,1.0000,0.000,0.000,1.0000,1.0000,0.000,0.000,1.0000,1.0000,0.000,0.000,0.0000,0.9167,5.958,0.083
997,1300,2400,150,24,8197.3,4.000,1.0000,1.0000,0.000,0.000,1.0000,1.0000,0.000,0.000,1.0000,1.0000,0.000,0.000,1.0000,1.0000,0.000,0.000,1.0000,1.0000,0.000,0.000,0.0000,0.9167,8.292,0.083
998,1400,2400,250,24,8058.0,4.000,1.0000,1.0000,0.000,0.000,1.0000,1.0000,0.000,0.000,1.0000,1.0000,0.000,0.000,1.0000,1.0000,0.000,0.000,0.9167,1.0000,0.083,0.000,0.0000,0.9167,15.792,0.083
999,1500,2400,350,24,7958.0,4.000,1.0000,1.0000,0.000,0.000,1.0000,1.0000,0.000,0.000,1.0000,1.0000,0.000,0.000,1.0000,1.0000,0.000,0.000,0.7917,1.0000,0.208,0.000,0.0000,0.7500,30.167,0.292
1000,1600,2400,400,24,7951.6,4.042,1.0000,1.0000,0.000,0.000,1.0000,1.0000,0.000,0.000,1.0000,1.0000,0.000,0.000,1.0000,1.0000,0.000,0.000,0.9167,1.0000,0.083,0.000,0.0000,0.7500,44.083,0.250
1001,1700,2400,300,24,8001.7,4.083,1.0000,1.0000,0.000,0.000,1.0000,1.0000,0.000,0.000,1.0000,1.0000,0.000,0.000,1.0000,1.0000,0.000,0.000,0.9167,1.0000,0.083,0.000,0.0000,0.7917,23.042,0.292
1002,1800,2400,200,24,8126.8,4.458,1.0000,1.0000,0.000,0.000,1.0000,1.0000,0.000,0.000,1.0000,1.0000,0.000,0.000,1.0000,1.0000,0.000,0.000,1.0000,1.0000,0.000,0.000,0.0000,0.7500,12.250,0.292
1003,1900,2400,100,24,8250.9,4.958,1.0000,1.0000,0.000,0.000,1.0000,1.0000,0.000,0.000,1.0000,1.0000,0.000,0.000,1.0000,1.0000,0.000,0.000,0.9583,1.0000,0.042,0.000,0.0000,1.0000,6.292,0.000
1004,2000,2400,0,24,8331.9,5.000,1.0000,1.0000,0.000,0.000,1.0000,1.0000,0.000,0.000,1.0000,1.0000,0.000,0.000,1.0000,1.0000,0.000,0.000,1.0000,1.0000,0.000,0.000,0.0000,0.8750,7.167,0.167
1005,2100,2400,100,24,8320.7,5.000,1.0000,1.0000,0.000,0.000,1.0000,1.0000,0.000,0.000,1.0000,1.0000,0.000,0.000,1.0000,1.0000,0.000,0.000,1.0000,1.0000,0.000,0.000,0.0000,0.9167,7.417,0.083
1006,2200,2400,200,24,8271.0,4.375,1.0000,1.0000,0.000,0.000,1.0000,1.0000,0.000,0.000,1.0000,1.0000,0.000,0.000,1.0000,1.0000,0.000,0.000,0.9583,1.0000,0.042,0.000,0.0000,0.8750,11.625,0.125
1007,2300,2400,300,24,8204.0,4.125,1.0000,1.0000,0.000,0.000,1.0000,1.0000,0.000,0.000,1.0000,1.0000,0.000,0.000,1.0000,1.0000,0.000,0.000,1.0000,1.0000,0.000,0.000,0.0000,0.9583,21.667,0.042
1008,2400,2400,400,24,8152.4,4.000,1.0000,1.0000,0.000,0.000,1.0000,1.0000,0.000,0.000,1.0000,1.0000,0.000,0.000,1.0000,1.0000,0.000,0.000,0.8333,1.0000,0.208,0.000,0.0000,0.7917,40.792,0.208
1009,2500,2400,350,24,8160.3,4.042,1.0000,1.0000,0.000,0.000,1.0000,1.0000,0.000,0.000,1.0000,1.0000,0.000,0.000,1.0000,1.0000,0.000,0.000,0.7917,1.0000,0.250,0.000,0.0000,0.9583,32.625,0.042
1010,2600,2400,250,24,8158.0,4.000,1.0000,1.0000,0.000,0.000,1.0000,1.0000,0.000,0.000,1.0000,1.0000,0.000,0.000,1.0000,1.0000,0.000,0.000,0.9583,1.0000,0.042,0.000,0.0000,0.9583,15.958,0.042
1011,2700,2400,150,24,8165.8,4.000,1.0000,1.0000,0.000,0.000,1.0000,1.0000,0.000,0.000,1.0000,1.0000,0.000,0.000,1.0000,1.0000,0.000,0.000,0.9583,1.0000,0.042,0.000,0.0000,0.9167,9.625,0.083
1012,2800,2400,50,24,8138.0,4.000,1.0000,1.0000,0.000,0.000,1.0000,1.0000,0.000,0.000,1.0000,1.0000,0.000,0.000,1.0000,1.0000,0.000,0.000,1.0000,1.0000,0.000,0.000,0.0000,0.9167,6.625,0.125
1013,2900,2400,50,24,7997.6,4.000,1.0000,1.0000,0.000,0.000,1.0000,1.0000,0.000,0.000,1.0000,1.0000,0.000,0.000,1.0000,1.0000,0.000,0.000,1.0000,1.0000,0.000,0.000,0.0000,0.9167,6.750,0.083
1014,3000,2400,150,24,7760.2,3.667,1.0000,1.0000,0.000,0.000,1.0000,1.0000,0.000,0.000,1.0000,1.0000,0.000,0.000,1.0000,1.0000,0.000,0.000,0.9583,1.0000,0.042,0.000,0.0000,0.8333,9.417,0.167
1015,3100,2400,250,24,7467.2,3.292,1.0000,1.0000,0.000,0.000,1.0000,1.0000,0.000,0.000,1.0000,1.0000,0.000,0.000,1.0000,1.0000,0.000,0.000,1.0000,1.0000,0.000,0.000,0.0000,0.7500,15.375,0.250
1016,3200,2400,350,24,7141.0,3.000,1.0000,1.0000,0.000,0.000,1.0000,1.0000,0.000,0.000,1.0000,1.0000,0.000,0.000,1.0000,1.0000,0.000,0.000,0.9167,1.0000,0.083,0.000,0.0000,0.5833,30.125,0.458
1017,3300,2400,400,24,6769.8,3.000,1.0000,1.0000,0.000,0.000,1.0000,1.0000,0.000,0.000,1.0000,1.0000,0.000,0.000,1.0000,1.0000,0.000,0.000,1.0000,1.0000,0.000,0.000,0.0000,0.7500,40.208,0.333
1018,3400,2400,300,24,6408.4,3.000,1.0000,1.0000,0.000,0.000,1.0000,1.0000,0.000,0.000,1.0000,1.0000,0.000,0.000,1.0000,1.0000,0.000,0.000,0.9167,1.0000,0.083,0.000,0.0000,0.5000,20.542,0.875
1019,3500,2400,200,24,6048.8,3.000,1.0000,1.0000,0.000,0.000,1.0000,1.0000,0.000,0.000,1.0000,1.0000,0.000,0.000,1.0000,1.0000,0.000,0.000,0.9583,1.0000,0.042,0.000,0.0000,0.5417,11.542,0.458
1020,3600,2400,100,24,5630.3,3.000,1.0000,1.0000,0.000,0.000,1.0000,1.0000,0.000,0.000,1.0000,1.0000,0.000,0.000,1.0000,1.0000,0.000,0.000,1.0000,1.0000,0.000,0.000,0.0000,0.5417,7.333,0.708
1021,3700,2400,0,24,5185.3,3.000,1.0000,1.0000,0.000,0.000,1.0000,1.0000,0.000,0.000,1.0000,1.0000,0.000,0.000,1.0000,1.0000,0.000,0.000,1.0000,1.0000,0.000,0.000,0.0000,0.3333,6.000,1.583
1022,3800,2400,100,24,4721.1,2.958,1.0000,1.0000,0.000,0.000,1.0000,1.0000,0.000,0.000,1.0000,1.0000,0.000,0.000,1.0000,1.0000,0.000,0.000,1.0000,1.0000,0.000,0.000,0.0000,0.0833,7.542,2.250
1023,3900,2400,200,24,4231.2,2.500,1.0000,1.0000,0.000,0.000,1.0000,1.0000,0.000,0.000,1.0000,1.0000,0.000,0.000,1.0000,1.0000,0.000,0.000,0.9583,1.0000,0.042,0.000,0.0000,0.0000,11.667,6.333
1024,4000,2400,300,24,3781.9,2.167,1.0000,1.0000,0.000,0.000,1.0000,1.0000,0.000,0.000,1.0000,1.0000,0.000,0.000,1.0000,1.0000,0.000,0.000,0.9583,1.0000,0.042,0.000,0.0000,0.0000,21.083,14.458
1025,0,2500,300,24,4583.5,2.083,1.0000,1.0000,0.000,0.000,1.0000,1.0000,0.000,0.000,1.0000,1.0000,0.000,0.000,1.0000,1.0000,0.000,0.000,0.7083,0.9583,0.292,0.042,0.0000,0.0000,32.958,7.083
1026,100,2500,200,24,5160.6,2.292,1.0000,1.0000,0.000,0.000,1.0000,1.0000,0.000,0.000,1.0000,1.0000,0.000,0.000,1.0000,1.0000,0.000,0.000,0.9583,1.0000,0.042,0.000,0.0000,0.0417,21.375,2.458
1027,200,2500,100,24,5704.8,3.000,1.0000,1.0000,0.000,0.000,1.0000,1.0000,0.000,0.000,1.0000,1.0000,0.000,0.000,1.0000,1.0000,0.000,0.000,1.0000,1.0000,0.000,0.000,0.0000,0.2917,14.708,1.125
1028,300,2500,0,24,6229.4,3.000,1.0000,1.0000,0.000,0.000,1.0000,1.0000,0.000,0.000,1.0000,1.0000,0.000,0.000,1.0000,1.0000,0.000,0.000,1.0000,1.0000,0.000,0.000,0.0000,0.5833,11.083,0.417
1029,400,2500,100,24,6679.2,3.000,1.0000,1.0000,0.000,0.000,1.0000,1.0000,0.000,0.000,1.0000,1.0000,0.000,0.000,1.0000,1.0000,0.000,0.000,1.0000,1.0000,0.000,0.000,0.0000,0.8750,13.417,0.125
1030,500,2500,200,24,7041.4,3.000,1.0000,1.0000,0.000,0.000,1.0000,1.0000,0.000,0.000,1.0000,1.0000,0.000,0.000,1.0000,1.0000,0.000,0.000,0.9167,1.0000,0.125,0.000,0.0000,0.7917,19.125,0.292
1031,600,2500,300,24,7348.0,3.000,1.0000,1.0000,0.000,0.000,1.0000,1.0000,0.000,0.000,1.0000,1.0000,0.000,0.000,1.0000,1.0000,0.000,0.000,0.9167,1.0000,0.083,0.000,0.0000,0.8750,31.083,0.125
1032,700,2500,400,24,7595.4,3.000,1.0000,1.0000,0.000,0.000,1.0000,1.0000,0.000,0.000,1.0000,1.0000,0.000,0.000,1.0000,1.0000,0.000,0.000,0.7500,1.0000,0.292,0.000,0.0000,0.7083,54.500,0.333
1033,800,2500,350,24,7821.5,3.042,1.0000,1.0000,0.000,0.000,1.0000,1.0000,0.000,0.000,1.0000,1.0000,0.000,0.000,1.0000,1.0000,0.000,0.000,0.8750,1.0000,0.125,0.000,0.0000,0.9583,44.583,0.042
1034,900,2500,250,24,7999.8,3.167,1.0000,1.0000,0.000,0.000,1.0000,1.0000,0.000,0.000,1.0000,1.0000,0.000,0.000,1.0000,1.0000,0.000,0.000,0.9167,1.0000,0.083,0.000,0.0000,0.8333,25.833,0.167
1035,1000,2500,150,24,8128.4,3.667,1.0000,1.0000,0.000,0.000,1.0000,1.0000,0.000,0.000,1.0000,1.0000,0.000,0.000,1.0000,1.0000,0.000,0.000,0.9583,1.0000,0.042,0.000,0.0000,0.8750,17.417,0.125
1036,1100,2500,50,24,8210.4,4.000,1.0000,1.0000,0.000,0.000,1.0000,1.0000,0.000,0.000,1.0000,1.0000,0.000,0.000,1.0000,1.0000,0.000,0.000,1.0000,1.0000,0.000,0.000,0.0000,1.0000,11.542,0.000
1037,1200,2500,50,24,8169.7,4.000,1.0000,1.0000,0.000,0.000,1.0000,1.0000,0.000,0.000,1.0000,1.0000,0.000,0.000,1.0000,1.0000,0.000,0.000,1.0000,1.0000,0.000,0.000,0.0000,0.8750,12.750,0.125
1038,1300,2500,150,24,8104.6,4.000,1.0000,1.0000,0.000,0.000,1.0000,1.0000,0.000,0.000,1.0000,1.0000,0.000,0.000,1.0000,1.0000,0.000,0.000,1.0000,1.0000,0.000,0.000,0.0000,0.9167,17.042,0.083
1039,1400,2500,250,24,7990.2,4.000,1.0000,1.0000,0.000,0.000,1.0000,1.0000,0.000,0.000,1.0000,1.0000,0.000,0.000,1.0000,1.0000,0.000,0.000,0.7917,1.0000,0.208,0.000,0.0000,0.8333,26.917,0.167
1040,1500,2500,350,24,7923.5,4.000,1.0000,1.0000,0.000,0.000,1.0000,1.0000,0.000,0.000,1.0000,1.0000,0.000,0.000,1.0000,1.0000,0.000,0.000,0.8750,1.0000,0.125,0.000,0.0000,0.6667,42.125,0.333
1041,1600,2500,400,24,7898.7,4.000,1.0000,1.0000,0.000,0.000,1.0000,1.0000,0.000,0.000,1.0000,1.0000,0.000,0.000,1.0000,1.0000,0.000,0.000,0.6667,1.0000,0.333,0.000,0.0000,0.7083,56.708,0.292
1042,1700,2500,300,24,7960.3,4.125,1.0000,1.0000,0.000,0.000,1.0000,1.0000,0.000,0.000,1.0000,1.0000,0.000,0.000,1.0000,1.0000,0.000,0.000,0.9167,1.0000,0.083,0.000,0.0000,0.7500,32.792,0.375
1043,1800,2500,200,24,8068.2,4.417,1.0000,1.0000,0.000,0.000,1.0000,1.0000,0.000,0.000,1.0000,1.0000,0.000,0.000,1.0000,1.0000,0.000,0.000,0.9167,1.0000,0.083,0.000,0.0000,0.9167,21.542,0.125
1044,1900,2500,100,24,8154.6,4.917,1.0000,1.0000,0.000,0.000,1.0000,1.0000,0.000,0.000,1.0000,1.0000,0.000,0.000,1.0000,1.0000,0.000,0.000,0.8750,1.0000,0.125,0.000,0.0000,0.9167,14.083,0.083
1045,2000,2500,0,24,8210.5,5.000,1.0000,1.0000,0.000,0.000,1.0000,1.0000,0.000,0.000,1.0000,1.0000,0.000,0.000,1.0000,1.0000,0.000,0.000,1.0000,1.0000,0.000,0.000,0.0000,0.9583,11.750,0.042
1046,2100,2500,100,24,8206.8,4.875,1.0000,1.0000,0.000,0.000,1.0000,1.0000,0.000,0.000,1.0000,1.0000,0.000,0.000,1.0000,1.0000,0.000,0.000,1.0000,1.0000,0.000,0.000,0.0000,0.8750,14.333,0.125
1047,2200,2500,200,24,8143.3,4.333,1.0000,1.0000,0.000,0.000,1.0000,1.0000,0.000,0.000,1.0000,1.0000,0.000,0.000,1.0000,1.0000,0.000,0.000,0.9583,1.0000,0.042,0.000,0.0000,0.7500,20.458,0.333
1048,2300,2500,300,24,8063.0,4.125,1.0000,1.0000,0.000,0.000,1.0000,1.0000,0.000,0.000,1.0000,1.0000,0.000,0.000,1.0000,1.0000,0.000,0.000,0.8333,1.0000,0.167,0.000,0.0000,0.9167,32.583,0.083
1049,2400,2500,400,24,8003.6,4.000,1.0000,1.0000,0.000,0.000,1.0000,1.0000,0.000,0.000,1.0000,1.0000,0.000,0.000,1.0000,1.0000,0.000,0.000,0.7083,1.0000,0.292,0.000,0.0000,0.8333,57.792,0.167
1050,2500,2500,350,24,8008.9,4.000,1.0000,1.0000,0.000,0.000,1.0000,1.0000,0.000,0.000,1.0000,1.0000,0.000,0.000,1.0000,1.0000,0.000,0.000,0.6667,1.0000,0.375,0.000,0.0000,0.9167,42.500,0.083
1051,2600,2500,250,24,8011.3,4.000,1.0000,1.0000,0.000,0.000,1.0000,1.0000,0.000,0.000,1.0000,1.0000,0.000,0.000,1.0000,1.0000,0.000,0.000,0.9583,1.0000,0.042,0.000,0.0000,0.8333,24.125,0.167
1052,2700,2500,150,24,8017.1,4.000,1.0000,1.0000,0.000,0.000,1.0000,1.0000,0.000,0.000,1.0000,1.0000,0.000,0.000,1.0000,1.0000,0.000,0.000,1.0000,1.0000,0.000,0.000,0.0000,0.9583,16.500,0.042
1053,2800,2500,50,24,7986.0,4.000,1.0000,1.0000,0.000,0.000,1.0000,1.0000,0.000,0.000,1.0000,1.0000,0.000,0.000,1.0000,1.0000,0.000,0.000,1.0000,1.0000,0.000,0.000,0.0000,0.8750,13.542,0.125
1054,2900,2500,50,24,7810.5,4.000,1.0000,1.0000,0.000,0.000,1.0000,1.0000,0.000,0.000,1.0000,1.0000,0.000,0.000,1.0000,1.0000,0.000,0.000,1.0000,1.0000,0.000,0.000,0.0000,0.9167,12.583,0.083
1055,3000,2500,150,24,7588.7,3.792,1.0000,1.0000,0.000,0.000,1.0000,1.0000,0.000,0.000,1.0000,1.0000,0.000,0.000,1.0000,1.0000,0.000,0.000,0.9583,1.0000,0.042,0.000,0.0000,0.8333,17.167,0.167
1056,3100,2500,250,24,7288.2,3.250,1.0000,1.0000,0.000,0.000,1.0000,1.0000,0.000,0.000,1.0000,1.0000,0.000,0.000,1.0000,1.0000,0.000,0.000,0.9583,1.0000,0.042,0.000,0.0000,0.7083,25.500,0.375
1057,3200,2500,350,24,6941.8,3.000,1.0000,1.0000,0.000,0.000,1.0000,1.0000,0.000,0.000,1.0000,1.0000,0.000,0.000,1.0000,1.0000,0.000,0.000,0.7500,1.0000,0.250,0.000,0.0000,0.5000,41.792,0.542
1058,3300,2500,400,24,6572.0,3.000,1.0000,1.0000,0.000,0.000,1.0000,1.0000,0.000,0.000,1.0000,1.0000,0.000,0.000,1.0000,1.0000,0.000,0.000,0.6250,1.0000,0.417,0.000,0.0000,0.3750,55.542,0.917
1059,3400,2500,300,24,6196.2,3.000,1.0000,1.0000,0.000,0.000,1.0000,1.0000,0.000,0.000,1.0000,1.0000,0.000,0.000,1.0000,1.0000,0.000,0.000,0.7917,1.0000,0.208,0.000,0.0000,0.4167,32.167,0.875
1060,3500,2500,200,24,5835.3,3.000,1.0000,1.0000,0.000,0.000,1.0000,1.0000,0.000,0.000,1.0000,1.0000,0.000,0.000,1.0000,1.0000,0.000,0.000,0.9583,1.0000,0.042,0.000,0.0000,0.2500,20.917,1.833
1061,3600,2500,100,24,5407.7,3.000,1.0000,1.0000,0.000,0.000,1.0000,1.0000,0.000,0.000,1.0000,1.0000,0.000,0.000,1.0000,1.0000,0.000,0.000,1.0000,1.0000,0.000,0.000,0.0000,0.2083,13.292,1.792
1062,3700,2500,0,24,4975.4,3.000,1.0000,1.0000,0.000,0.000,1.0000,1.0000,0.000,0.000,1.0000,1.0000,0.000,0.000,1.0000,1.0000,0.000,0.000,1.0000,1.0000,0.000,0.000,0.0000,0.0833,11.458,2.500
1063,3800,2500,100,24,4503.9,2.958,1.0000,1.0000,0.000,0.000,1.0000,1.0000,0.000,0.000,1.0000,1.0000,0.000,0.000,1.0000,1.0000,0.000,0.000,1.0000,1.0000,0.000,0.000,0.0000,0.0000,14.625,4.458
1064,3900,2500,200,24,4032.8,2.500,1.0000,1.0000,0.000,0.000,1.0000,1.0000,0.000,0.000,1.0000,1.0000,0.000,0.000,1.0000,1.0000,0.000,0.000,0.9583,1.0000,0.042,0.000,0.0000,0.0000,20.583,10.250
1065,4000,2500,300,24,3596.4,2.167,1.0000,1.0000,0.000,0.000,1.0000,1.0000,0.000,0.000,1.0000,1.0000,0.000,0.000,1.0000,1.0000,0.000,0.000,1.0000,1.0000,0.000,0.000,0.0000,0.0000,31.458,21.000
1066,0,2600,300,24,4533.7,2.125,1.0000,1.0000,0.000,0.000,1.0000,1.0000,0.000,0.000,1.0000,1.0000,0.000,0.000,1.0000,1.0000,0.000,0.000,0.7917,1.0000,0.250,0.000,0.0000,0.0000,53.292,6.375
1067,100,2600,200,24,5075.4,2.583,1.0000,1.0000,0.000,0.000,1.0000,1.0000,0.000,0.000,1.0000,1.0000,0.000,0.000,1.0000,1.0000,0.000,0.000,0.9167,1.0000,0.083,0.000,0.0000,0.1250,33.958,2.125
1068,200,2600,100,24,5606.4,2.875,1.0000,1.0000,0.000,0.000,1.0000,1.0000,0.000,0.000,1.0000,1.0000,0.000,0.000,1.0000,1.0000,0.000,0.000,0.9583,1.0000,0.042,0.000,0.0000,0.4167,27.875,1.083
1069,300,2600,0,24,6088.9,3.000,1.0000,1.0000,0.000,0.000,1.0000,1.0000,0.000,0.000,1.0000,1.0000,0.000,0.000,1.0000,1.0000,0.000,0.000,1.0000,1.0000,0.000,0.000,0.0000,0.6667,26.292,0.417
1070,400,2600,100,24,6527.8,3.000,1.0000,1.0000,0.000,0.000,1.0000,1.0000,0.000,0.000,1.0000,1.0000,0.000,0.000,1.0000,1.0000,0.000,0.000,0.9583,1.0000,0.042,0.000,0.0000,0.7500,28.167,0.250
1071,500,2600,200,24,6871.2,3.000,1.0000,1.0000,0.000,0.000,1.0000,1.0000,0.000,0.000,1.0000,1.0000,0.000,0.000,1.0000,1.0000,0.000,0.000,0.9583,1.0000,0.042,0.000,0.0000,0.7917,36.167,0.208
1072,600,2600,300,24,7147.1,3.000,1.0000,1.0000,0.000,0.000,1.0000,1.0000,0.000,0.000,1.0000,1.0000,0.000,0.000,1.0000,1.0000,0.000,0.000,0.5833,1.0000,0.583,0.000,0.0000,0.8750,53.958,0.167
1073,700,2600,400,24,7390.8,3.000,1.0000,1.0000,0.000,0.000,1.0000,1.0000,0.000,0.000,1.0000,1.0000,0.000,0.000,1.0000,1.0000,0.000,0.000,0.6250,1.0000,0.417,0.000,0.0000,0.8750,78.375,0.125
1074,800,2600,350,24,7592.9,3.083,1.0000,1.0000,0.000,0.000,1.0000,1.0000,0.000,0.000,1.0000,1.0000,0.000,0.000,1.0000,1.0000,0.000,0.000,0.6667,1.0000,0.417,0.000,0.0000,0.9583,63.375,0.042
1075,900,2600,250,24,7770.7,3.333,1.0000,1.0000,0.000,0.000,1.0000,1.0000,0.000,0.000,1.0000,1.0000,0.000,0.000,1.0000,1.0000,0.000,0.000,1.0000,1.0000,0.000,0.000,0.0000,0.8750,44.792,0.125
1076,1000,2600,150,24,7934.7,3.583,1.0000,1.0000,0.000,0.000,1.0000,1.0000,0.000,0.000,1.0000,1.0000,0.000,0.000,1.0000,1.0000,0.000,0.000,0.9583,1.0000,0.042,0.000,0.0000,0.9167,30.292,0.125
1077,1100,2600,50,24,8015.5,4.000,1.0000,1.0000,0.000,0.000,1.0000,1.0000,0.000,0.000,1.0000,1.0000,0.000,0.000,1.0000,1.0000,0.000,0.000,1.0000,1.0000,0.000,0.000,0.0000,0.9583,26.625,0.042
1078,1200,2600,50,24,8010.3,4.000,1.0000,1.0000,0.000,0.000,1.0000,1.0000,0.000,0.000,1.0000,1.0000,0.000,0.000,1.0000,1.0000,0.000,0.000,1.0000,1.0000,0.000,0.000,0.0000,0.8750,26.750,0.125
1079,1300,2600,150,24,7936.0,4.000,1.0000,1.0000,0.000,0.000,1.0000,1.0000,0.000,0.000,1.0000,1.0000,0.000,0.000,1.0000,1.0000,0.000,0.000,0.7917,1.0000,0.250,0.000,0.0000,0.7917,33.375,0.250
1080,1400,2600,250,24,7868.8,4.000,1.0000,1.0000,0.000,0.000,1.0000,1.0000,0.000,0.000,1.0000,1.0000,0.000,0.000,1.0000,1.0000,0.000,0.000,0.9167,1.0000,0.083,0.000,0.0000,0.8333,42.458,0.250
1081,1500,2600,350,24,7777.9,4.000,1.0000,1.0000,0.000,0.000,1.0000,1.0000,0.000,0.000,1.0000,1.0000,0.000,0.000,1.0000,1.0000,0.000,0.000,0.7083,1.0000,0.292,0.000,0.0000,0.8333,63.500,0.167
1082,1600,2600,400,24,7754.3,4.083,1.0000,1.0000,0.000,0.000,1.0000,1.0000,0.000,0.000,1.0000,1.0000,0.000,0.000,1.0000,1.0000,0.000,0.000,0.6250,1.0000,0.625,0.000,0.0000,0.8333,82.042,0.208
1083,1700,2600,300,24,7808.5,4.042,1.0000,1.0000,0.000,0.000,1.0000,1.0000,0.000,0.000,1.0000,1.0000,0.000,0.000,1.0000,1.0000,0.000,0.000,0.6667,1.0000,0.333,0.000,0.0000,1.0000,51.417,0.000
1084,1800,2600,200,24,7907.3,4.500,1.0000,1.0000,0.000,0.000,1.0000,1.0000,0.000,0.000,1.0000,1.0000,0.000,0.000,1.0000,1.0000,0.000,0.000,0.9167,1.0000,0.083,0.000,0.0000,0.9167,34.250,0.083
1085,1900,2600,100,24,8002.4,4.833,1.0000,1.0000,0.000,0.000,1.0000,1.0000,0.000,0.000,1.0000,1.0000,0.000,0.000,1.0000,1.0000,0.000,0.000,0.9167,1.0000,0.083,0.000,0.0000,0.9583,26.708,0.042
1086,2000,2600,0,24,8032.7,5.000,1.0000,1.0000,0.000,0.000,1.0000,1.0000,0.000,0.000,1.0000,1.0000,0.000,0.000,1.0000,1.0000,0.000,0.000,1.0000,1.0000,0.000,0.000,0.0000,0.8750,27.000,0.125
1087,2100,2600,100,24,7995.0,4.833,1.0000,1.0000,0.000,0.000,1.0000,1.0000,0.000,0.000,1.0000,1.0000,0.000,0.000,1.0000,1.0000,0.000,0.000,1.0000,1.0000,0.000,0.000,0.0000,0.9167,28.333,0.125
1088,2200,2600,200,24,7939.5,4.500,1.0000,1.0000,0.000,0.000,1.0000,1.0000,0.000,0.000,1.0000,1.0000,0.000,0.000,1.0000,1.0000,0.000,0.000,0.8333,1.0000,0.167,0.000,0.0000,0.7917,35.208,0.208
1089,2300,2600,300,24,7834.0,4.250,1.0000,1.0000,0.000,0.000,1.0000,1.0000,0.000,0.000,1.0000,1.0000,0.000,0.000,1.0000,1.0000,0.000,0.000,0.5000,1.0000,0.583,0.000,0.0000,0.9167,54.083,0.083
1090,2400,2600,400,24,7792.5,4.042,1.0000,1.0000,0.000,0.000,1.0000,1.0000,0.000,0.000,1.0000,1.0000,0.000,0.000,1.0000,1.0000,0.000,0.000,0.4167,1.0000,0.958,0.000,0.0000,0.6667,82.000,0.333
1091,2500,2600,350,24,7733.7,4.000,1.0000,1.0000,0.000,0.000,1.0000,1.0000,0.000,0.000,1.0000,1.0000,0.000,0.000,1.0000,1.0000,0.000,0.000,0.7500,1.0000,0.292,0.000,0.0000,0.7917,65.375,0.208
1092,2600,2600,250,24,7757.4,4.000,1.0000,1.0000,0.000,0.000,1.0000,1.0000,0.000,0.000,1.0000,1.0000,0.000,0.000,1.0000,1.0000,0.000,0.000,0.9583,1.0000,0.042,0.000,0.0000,1.0000,43.750,0.000
1093,2700,2600,150,24,7765.8,4.000,1.0000,1.0000,0.000,0.000,1.0000,1.0000,0.000,0.000,1.0000,1.0000,0.000,0.000,1.0000,1.0000,0.000,0.000,0.9583,1.0000,0.042,0.000,0.0000,0.8750,31.125,0.125
1094,2800,2600,50,24,7714.4,4.000,1.0000,1.0000,0.000,0.000,1.0000,1.0000,0.000,0.000,1.0000,1.0000,0.000,0.000,1.0000,1.0000,0.000,0.000,1.0000,1.0000,0.000,0.000,0.0000,0.9167,27.458,0.083
1095,2900,2600,50,24,7583.2,4.000,1.0000,1.0000,0.000,0.000,1.0000,1.0000,0.000,0.000,1.0000,1.0000,0.000,0.000,1.0000,1.0000,0.000,0.000,1.0000,1.0000,0.000,0.000,0.0000,0.8750,26.250,0.125
1096,3000,2600,150,24,7358.1,3.667,1.0000,1.0000,0.000,0.000,1.0000,1.0000,0.000,0.000,1.0000,1.0000,0.000,0.000,1.0000,1.0000,0.000,0.000,0.9583,1.0000,0.042,0.000,0.0000,0.7500,30.833,0.292
1097,3100,2600,250,24,7027.2,3.250,1.0000,1.0000,0.000,0.000,1.0000,1.0000,0.000,0.000,1.0000,1.0000,0.000,0.000,1.0000,1.0000,0.000,0.000,0.8750,1.0000,0.208,0.000,0.0000,0.6250,42.417,0.500
1098,3200,2600,350,24,6716.0,3.042,1.0000,1.0000,0.000,0.000,1.0000,1.0000,0.000,0.000,1.0000,1.0000,0.000,0.000,1.0000,1.0000,0.000,0.000,0.5000,1.0000,0.542,0.000,0.0000,0.4583,62.458,0.542
1099,3300,2600,400,24,6336.4,3.042,1.0000,1.0000,0.000,0.000,1.0000,1.0000,0.000,0.000,1.0000,1.0000,0.000,0.000,1.0000,1.0000,0.000,0.000,0.2917,1.0000,0.958,0.000,0.0000,0.3750,84.792,1.000
1100,3400,2600,300,24,5959.6,3.000,1.0000,1.0000,0.000,0.000,1.0000,1.0000,0.000,0.000,1.0000,1.0000,0.000,0.000,1.0000,1.0000,0.000,0.000,0.7500,1.0000,0.292,0.000,0.0000,0.3333,52.792,1.500
1101,3500,2600,200,24,5595.5,3.000,1.0000,1.0000,0.000,0.000,1.0000,1.0000,0.000,0.000,1.0000,1.0000,0.000,0.000,1.0000,1.0000,0.000,0.000,0.9167,1.0000,0.083,0.000,0.0000,0.1250,35.292,2.333
1102,3600,2600,100,24,5184.7,3.000,1.0000,1.0000,0.000,0.000,1.0000,1.0000,0.000,0.000,1.0000,1.0000,0.000,0.000,1.0000,1.0000,0.000,0.000,1.0000,1.0000,0.000,0.000,0.0000,0.0417,24.458,3.167
1103,3700,2600,0,24,4741.0,3.000,1.0000,1.0000,0.000,0.000,1.0000,1.0000,0.000,0.000,1.0000,1.0000,0.000,0.000,1.0000,1.0000,0.000,0.000,0.9167,1.0000,0.083,0.000,0.0000,0.0000,25.208,5.667
1104,3800,2600,100,24,4275.8,2.875,1.0000,1.0000,0.000,0.000,1.0000,1.0000,0.000,0.000,1.0000,1.0000,0.000,0.000,1.0000,1.0000,0.000,0.000,0.9583,1.0000,0.042,0.000,0.0000,0.0000,29.583,9.667
1105,3900,2600,200,24,3818.9,2.458,1.0000,1.0000,0.000,0.000,1.0000,1.0000,0.000,0.000,1.0000,1.0000,0.000,0.000,1.0000,1.0000,0.000,0.000,0.9583,1.0000,0.042,0.000,0.0000,0.0000,35.250,17.208
1106,4000,2600,300,24,3373.7,2.042,1.0000,1.0000,0.000,0.000,1.0000,1.0000,0.000,0.000,1.0000,1.0000,0.000,0.000,1.0000,1.0000,0.000,0.000,0.6667,0.8750,0.333,0.125,0.0000,0.0000,52.458,34.083
1107,0,2700,300,24,4424.7,2.042,1.0000,1.0000,0.000,0.000,1.0000,1.0000,0.000,0.000,1.0000,1.0000,0.000,0.000,1.0000,1.0000,0.000,0.000,0.5833,0.9583,0.667,0.042,0.0000,0.0000,84.417,7.167
1108,100,2700,200,24,4948.4,2.417,1.0000,1.0000,0.000,0.000,1.0000,1.0000,0.000,0.000,1.0000,1.0000,0.000,0.000,1.0000,1.0000,0.000,0.000,0.7500,1.0000,0.292,0.000,0.0000,0.0417,63.000,2.833
1109,200,2700,100,24,5450.8,2.875,1.0000,1.0000,0.000,0.000,1.0000,1.0000,0.000,0.000,1.0000,1.0000,0.000,0.000,1.0000,1.0000,0.000,0.000,1.0000,1.0000,0.000,0.000,0.0000,0.4583,53.375,1.167
1110,300,2700,0,24,5907.0,3.000,1.0000,1.0000,0.000,0.000,1.0000,1.0000,0.000,0.000,1.0000,1.0000,0.000,0.000,1.0000,1.0000,0.000,0.000,0.9583,1.0000,0.042,0.000,0.0000,0.5833,50.042,0.625
1111,400,2700,100,24,6306.9,3.000,1.0000,1.0000,0.000,0.000,1.0000,1.0000,0.000,0.000,1.0000,1.0000,0.000,0.000,1.0000,1.0000,0.000,0.000,1.0000,1.0000,0.000,0.000,0.0000,0.7917,50.750,0.250
1112,500,2700,200,24,6619.0,3.000,1.0000,1.0000,0.000,0.000,1.0000,1.0000,0.000,0.000,1.0000,1.0000,0.000,0.000,1.0000,1.0000,0.000,0.000,0.7083,1.0000,0.333,0.000,0.0000,0.9167,64.208,0.083
1113,600,2700,300,24,6905.0,3.000,1.0000,1.0000,0.000,0.000,1.0000,1.0000,0.000,0.000,1.0000,1.0000,0.000,0.000,1.0000,1.0000,0.000,0.000,0.6250,1.0000,0.542,0.000,0.0000,0.7500,82.167,0.250
1114,700,2700,400,24,7119.2,3.000,1.0000,1.0000,0.000,0.000,1.0000,1.0000,0.000,0.000,1.0000,1.0000,0.000,0.000,1.0000,1.0000,0.000,0.000,0.1250,1.0000,1.500,0.000,0.0000,0.6667,119.792,0.375
1115,800,2700,350,24,7322.0,3.000,1.0000,1.0000,0.000,0.000,1.0000,1.0000,0.000,0.000,1.0000,1.0000,0.000,0.000,1.0000,1.0000,0.000,0.000,0.2917,1.0000,1.083,0.000,0.0000,0.9167,102.875,0.083
1116,900,2700,250,24,7501.1,3.125,1.0000,1.0000,0.000,0.000,1.0000,1.0000,0.000,0.000,1.0000,1.0000,0.000,0.000,1.0000,1.0000,0.000,0.000,0.6250,1.0000,0.417,0.000,0.0000,0.9583,73.042,0.042
1117,1000,2700,150,24,7662.2,3.542,1.0000,1.0000,0.000,0.000,1.0000,1.0000,0.000,0.000,1.0000,1.0000,0.000,0.000,1.0000,1.0000,0.000,0.000,0.9167,1.0000,0.083,0.000,0.0000,0.9167,57.167,0.083
1118,1100,2700,50,24,7756.5,4.000,1.0000,1.0000,0.000,0.000,1.0000,1.0000,0.000,0.000,1.0000,1.0000,0.000,0.000,1.0000,1.0000,0.000,0.000,1.0000,1.0000,0.000,0.000,0.0000,0.9583,48.708,0.042
1119,1200,2700,50,24,7782.0,4.000,1.0000,1.0000,0.000,0.000,1.0000,1.0000,0.000,0.000,1.0000,1.0000,0.000,0.000,1.0000,1.0000,0.000,0.000,1.0000,1.0000,0.000,0.000,0.0000,0.9167,49.417,0.083
1120,1300,2700,150,24,7741.4,4.000,1.0000,1.0000,0.000,0.000,1.0000,1.0000,0.000,0.000,1.0000,1.0000,0.000,0.000,1.0000,1.0000,0.000,0.000,0.7917,1.0000,0.208,0.000,0.0000,0.8333,55.500,0.167
1121,1400,2700,250,24,7671.0,4.000,1.0000,1.0000,0.000,0.000,1.0000,1.0000,0.000,0.000,1.0000,1.0000,0.000,0.000,1.0000,1.0000,0.000,0.000,0.7083,1.0000,0.292,0.000,0.0000,1.0000,72.083,0.000
1122,1500,2700,350,24,7625.8,4.000,1.0000,1.0000,0.000,0.000,1.0000,1.0000,0.000,0.000,1.0000,1.0000,0.000,0.000,1.0000,1.0000,0.000,0.000,0.4167,1.0000,0.917,0.000,0.0000,0.6250,97.333,0.375
1123,1600,2700,400,24,7608.0,4.042,1.0000,1.0000,0.000,0.000,1.0000,1.0000,0.000,0.000,1.0000,1.0000,0.000,0.000,1.0000,1.0000,0.000,0.000,0.2500,1.0000,1.458,0.000,0.0000,0.7917,117.667,0.292
1124,1700,2700,300,24,7633.6,4.167,1.0000,1.0000,0.000,0.000,1.0000,1.0000,0.000,0.000,1.0000,1.0000,0.000,0.000,1.0000,1.0000,0.000,0.000,0.5000,1.0000,0.750,0.000,0.0000,0.6667,84.708,0.375
1125,1800,2700,200,24,7702.4,4.375,1.0000,1.0000,0.000,0.000,1.0000,1.0000,0.000,0.000,1.0000,1.0000,0.000,0.000,1.0000,1.0000,0.000,0.000,0.8750,1.0000,0.125,0.000,0.0000,0.8750,64.333,0.125
1126,1900,2700,100,24,7774.0,4.750,1.0000,1.0000,0.000,0.000,1.0000,1.0000,0.000,0.000,1.0000,1.0000,0.000,0.000,1.0000,1.0000,0.000,0.000,0.9583,1.0000,0.042,0.000,0.0000,0.8750,52.083,0.125
1127,2000,2700,0,24,7786.7,5.000,1.0000,1.0000,0.000,0.000,1.0000,1.0000,0.000,0.000,1.0000,1.0000,0.000,0.000,1.0000,1.0000,0.000,0.000,0.9583,1.0000,0.042,0.000,0.0000,0.8333,47.708,0.167
1128,2100,2700,100,24,7731.5,4.750,1.0000,1.0000,0.000,0.000,1.0000,1.0000,0.000,0.000,1.0000,1.0000,0.000,0.000,1.0000,1.0000,0.000,0.000,0.9167,1.0000,0.083,0.000,0.0000,0.9583,51.708,0.042
1129,2200,2700,200,24,7655.7,4.250,1.0000,1.0000,0.000,0.000,1.0000,1.0000,0.000,0.000,1.0000,1.0000,0.000,0.000,1.0000,1.0000,0.000,0.000,0.7500,1.0000,0.292,0.000,0.0000,0.9583,61.667,0.042
1130,2300,2700,300,24,7543.8,4.083,1.0000,1.0000,0.000,0.000,1.0000,1.0000,0.000,0.000,1.0000,1.0000,0.000,0.000,1.0000,1.0000,0.000,0.000,0.4583,1.0000,0.750,0.000,0.0000,0.9583,84.750,0.042
1131,2400,2700,400,24,7473.5,4.042,1.0000,1.0000,0.000,0.000,1.0000,1.0000,0.000,0.000,1.0000,1.0000,0.000,0.000,1.0000,1.0000,0.000,0.000,0.0833,1.0000,1.833,0.000,0.0000,0.8750,119.833,0.125
1132,2500,2700,350,24,7425.8,4.000,1.0000,1.0000,0.000,0.000,1.0000,1.0000,0.000,0.000,1.0000,1.0000,0.000,0.000,1.0000,1.0000,0.000,0.000,0.2917,1.0000,1.125,0.000,0.0000,0.8333,102.875,0.167
1133,2600,2700,250,24,7452.3,4.000,1.0000,1.0000,0.000,0.000,1.0000,1.0000,0.000,0.000,1.0000,1.0000,0.000,0.000,1.0000,1.0000,0.000,0.000,0.6250,1.0000,0.458,0.000,0.0000,0.8333,72.583,0.167
1134,2700,2700,150,24,7461.2,4.000,1.0000,1.0000,0.000,0.000,1.0000,1.0000,0.000,0.000,1.0000,1.0000,0.000,0.000,1.0000,1.0000,0.000,0.000,0.7917,1.0000,0.208,0.000,0.0000,0.8750,54.958,0.125
1135,2800,2700,50,24,7416.5,4.000,1.0000,1.0000,0.000,0.000,1.0000,1.0000,0.000,0.000,1.0000,1.0000,0.000,0.000,1.0000,1.0000,0.000,0.000,1.0000,1.0000,0.000,0.000,0.0000,0.9167,49.667,0.083
1136,2900,2700,50,24,7272.7,4.000,1.0000,1.0000,0.000,0.000,1.0000,1.0000,0.000,0.000,1.0000,1.0000,0.000,0.000,1.0000,1.0000,0.000,0.000,0.9167,1.0000,0.083,0.000,0.0000,0.9167,50.417,0.083
1137,3000,2700,150,24,7056.2,3.708,1.0000,1.0000,0.000,0.000,1.0000,1.0000,0.000,0.000,1.0000,1.0000,0.000,0.000,1.0000,1.0000,0.000,0.000,0.8750,1.0000,0.125,0.000,0.0000,0.8333,55.500,0.250
1138,3100,2700,250,24,6762.7,3.208,1.0000,1.0000,0.000,0.000,1.0000,1.0000,0.000,0.000,1.0000,1.0000,0.000,0.000,1.0000,1.0000,0.000,0.000,0.7500,1.0000,0.250,0.000,0.0000,0.5833,75.417,0.542
1139,3200,2700,350,24,6426.2,3.083,1.0000,1.0000,0.000,0.000,1.0000,1.0000,0.000,0.000,1.0000,1.0000,0.000,0.000,1.0000,1.0000,0.000,0.000,0.2500,1.0000,1.208,0.000,0.0000,0.4167,102.042,1.083
1140,3300,2700,400,24,6067.4,3.000,1.0000,1.0000,0.000,0.000,1.0000,1.0000,0.000,0.000,1.0000,1.0000,0.000,0.000,1.0000,1.0000,0.000,0.000,0.1250,1.0000,1.625,0.000,0.0000,0.1667,122.250,1.833
1141,3400,2700,300,24,5702.7,3.000,1.0000,1.0000,0.000,0.000,1.0000,1.0000,0.000,0.000,1.0000,1.0000,0.000,0.000,1.0000,1.0000,0.000,0.000,0.6250,1.0000,0.500,0.000,0.0000,0.0417,85.208,3.292
1142,3500,2700,200,24,5317.6,3.000,1.0000,1.0000,0.000,0.000,1.0000,1.0000,0.000,0.000,1.0000,1.0000,0.000,0.000,1.0000,1.0000,0.000,0.000,0.7083,1.0000,0.292,0.000,0.0000,0.0000,62.375,4.708
1143,3600,2700,100,24,4907.0,3.000,1.0000,1.0000,0.000,0.000,1.0000,1.0000,0.000,0.000,1.0000,1.0000,0.000,0.000,1.0000,1.0000,0.000,0.000,0.9583,1.0000,0.042,0.000,0.0000,0.0000,52.708,7.500
1144,3700,2700,0,24,4469.0,3.000,1.0000,1.0000,0.000,0.000,1.0000,1.0000,0.000,0.000,1.0000,1.0000,0.000,0.000,1.0000,1.0000,0.000,0.000,0.9583,1.0000,0.042,0.000,0.0000,0.0000,49.333,12.792
1145,3800,2700,100,24,4024.3,2.958,1.0000,1.0000,0.000,0.000,1.0000,1.0000,0.000,0.000,1.0000,1.0000,0.000,0.000,1.0000,1.0000,0.000,0.000,0.9167,0.9583,0.083,0.042,0.0000,0.0000,50.958,17.417
1146,3900,2700,200,24,3584.1,2.417,1.0000,1.0000,0.000,0.000,1.0000,1.0000,0.000,0.000,1.0000,1.0000,0.000,0.000,1.0000,1.0000,0.000,0.000,0.9583,1.0000,0.042,0.000,0.0000,0.0000,64.250,32.917
1147,4000,2700,300,24,3160.0,2.167,1.0000,1.0000,0.000,0.000,1.0000,1.0000,0.000,0.000,1.0000,1.0000,0.000,0.000,1.0000,1.0000,0.000,0.000,0.3333,0.7500,1.000,0.292,0.0000,0.0000,84.250,57.875
1148,0,2800,300,24,4294.6,2.083,1.0000,1.0000,0.000,0.000,1.0000,1.0000,0.000,0.000,1.0000,1.0000,0.000,0.000,1.0000,1.0000,0.000,0.000,0.0417,0.9583,2.000,0.042,0.0000,0.0000,132.083,8.167
1149,100,2800,200,24,4768.4,2.375,1.0000,1.0000,0.000,0.000,1.0000,1.0000,0.000,0.000,1.0000,1.0000,0.000,0.000,1.0000,1.0000,0.000,0.000,0.4167,1.0000,1.000,0.000,0.0000,0.0000,106.958,3.000
1150,200,2800,100,24,5255.4,2.958,1.0000,1.0000,0.000,0.000,1.0000,1.0000,0.000,0.000,1.0000,1.0000,0.000,0.000,1.0000,1.0000,0.000,0.000,0.8333,1.0000,0.250,0.000,0.0000,0.2917,91.292,1.042
1151,300,2800,0,24,5674.3,3.000,1.0000,1.0000,0.000,0.000,1.0000,1.0000,0.000,0.000,1.0000,1.0000,0.000,0.000,1.0000,1.0000,0.000,0.000,0.6667,1.0000,0.375,0.000,0.0000,0.8333,88.125,0.250
1152,400,2800,100,24,6029.8,3.000,1.0000,1.0000,0.000,0.000,1.0000,1.0000,0.000,0.000,1.0000,1.0000,0.000,0.000,1.0000,1.0000,0.000,0.000,0.7083,1.0000,0.333,0.000,0.0000,0.7917,94.417,0.208
1153,500,2800,200,24,6326.1,3.000,1.0000,1.0000,0.000,0.000,1.0000,1.0000,0.000,0.000,1.0000,1.0000,0.000,0.000,1.0000,1.0000,0.000,0.000,0.5000,1.0000,0.750,0.000,0.0000,0.8750,104.500,0.125
1154,600,2800,300,24,6573.4,3.000,1.0000,1.0000,0.000,0.000,1.0000,1.0000,0.000,0.000,1.0000,1.0000,0.000,0.000,1.0000,1.0000,0.000,0.000,0.3333,1.0000,1.125,0.000,0.0000,0.7083,94.458,0.375
1155,700,2800,400,24,6786.4,3.000,1.0000,1.0000,0.000,0.000,1.0000,1.0000,0.000,0.000,1.0000,1.0000,0.000,0.000,1.0000,1.0000,0.000,0.000,0.1667,1.0000,1.500,0.000,0.0000,0.8750,82.000,0.125
1156,800,2800,350,24,6992.1,3.000,1.0000,1.0000,0.000,0.000,1.0000,1.0000,0.000,0.000,1.0000,1.0000,0.000,0.000,1.0000,1.0000,0.000,0.000,0.1250,1.0000,1.333,0.000,0.0000,0.7083,84.792,0.333
1157,900,2800,250,24,7166.0,3.083,1.0000,1.0000,0.000,0.000,1.0000,1.0000,0.000,0.000,1.0000,1.0000,0.000,0.000,1.0000,1.0000,0.000,0.000,0.4583,1.0000,0.667,0.000,0.0000,0.8333,105.417,0.167
1158,1000,2800,150,24,7322.1,3.583,1.0000,1.0000,0.000,0.000,1.0000,1.0000,0.000,0.000,1.0000,1.0000,0.000,0.000,1.0000,1.0000,0.000,0.000,0.5833,1.0000,0.542,0.000,0.0000,0.8750,98.083,0.125
1159,1100,2800,50,24,7418.0,3.958,1.0000,1.0000,0.000,0.000,1.0000,1.0000,0.000,0.000,1.0000,1.0000,0.000,0.000,1.0000,1.0000,0.000,0.000,0.6667,1.0000,0.375,0.000,0.0000,0.8333,89.500,0.167
1160,1200,2800,50,24,7500.4,4.000,1.0000,1.0000,0.000,0.000,1.0000,1.0000,0.000,0.000,1.0000,1.0000,0.000,0.000,1.0000,1.0000,0.000,0.000,0.6250,1.0000,0.500,0.000,0.0000,0.8333,89.042,0.167
1161,1300,2800,150,24,7481.8,4.000,1.0000,1.0000,0.000,0.000,1.0000,1.0000,0.000,0.000,1.0000,1.0000,0.000,0.000,1.0000,1.0000,0.000,0.000,0.6250,1.0000,0.458,0.000,0.0000,0.8333,97.375,0.167
1162,1400,2800,250,24,7411.5,4.000,1.0000,1.0000,0.000,0.000,1.0000,1.0000,0.000,0.000,1.0000,1.0000,0.000,0.000,1.0000,1.0000,0.000,0.000,0.3750,1.0000,1.000,0.000,0.0000,0.7917,117.208,0.250
1163,1500,2800,350,24,7378.0,4.000,1.0000,1.0000,0.000,0.000,1.0000,1.0000,0.000,0.000,1.0000,1.0000,0.000,0.000,1.0000,1.0000,0.000,0.000,0.0417,1.0000,2.375,0.000,0.0000,0.7500,151.792,0.417
1164,1600,2800,400,24,7359.2,4.042,1.0000,1.0000,0.000,0.000,1.0000,1.0000,0.000,0.000,1.0000,1.0000,0.000,0.000,1.0000,1.0000,0.000,0.000,0.0833,1.0000,3.833,0.000,0.0000,0.8333,175.292,0.208
1165,1700,2800,300,24,7409.2,4.167,1.0000,1.0000,0.000,0.000,1.0000,1.0000,0.000,0.000,1.0000,1.0000,0.000,0.000,1.0000,1.0000,0.000,0.000,0.1250,1.0000,1.750,0.000,0.0000,0.5833,133.583,0.417
1166,1800,2800,200,24,7464.0,4.208,1.0000,1.0000,0.000,0.000,1.0000,1.0000,0.000,0.000,1.0000,1.0000,0.000,0.000,1.0000,1.0000,0.000,0.000,0.5000,1.0000,0.833,0.000,0.0000,0.7500,104.375,0.292
1167,1900,2800,100,24,7475.2,4.792,1.0000,1.0000,0.000,0.000,1.0000,1.0000,0.000,0.000,1.0000,1.0000,0.000,0.000,1.0000,1.0000,0.000,0.000,0.7083,1.0000,0.292,0.000,0.0000,0.9583,93.458,0.083
1168,2000,2800,0,24,7474.0,5.000,1.0000,1.0000,0.000,0.000,1.0000,1.0000,0.000,0.000,1.0000,1.0000,0.000,0.000,1.0000,1.0000,0.000,0.000,0.9583,1.0000,0.083,0.000,0.0000,1.0000,86.917,0.000
1169,2100,2800,100,24,7422.5,4.792,1.0000,1.0000,0.000,0.000,1.0000,1.0000,0.000,0.000,1.0000,1.0000,0.000,0.000,1.0000,1.0000,0.000,0.000,0.7917,1.0000,0.375,0.000,0.0000,0.8750,92.167,0.125
1170,2200,2800,200,24,7293.9,4.375,1.0000,1.0000,0.000,0.000,1.0000,1.0000,0.000,0.000,1.0000,1.0000,0.000,0.000,1.0000,1.0000,0.000,0.000,0.5000,1.0000,0.750,0.000,0.0000,0.7917,105.208,0.208
1171,2300,2800,300,24,7201.5,4.083,1.0000,1.0000,0.000,0.000,1.0000,1.0000,0.000,0.000,1.0000,1.0000,0.000,0.000,1.0000,1.0000,0.000,0.000,0.4583,1.0000,0.667,0.000,0.0000,0.8750,94.625,0.125
1172,2400,2800,400,24,7111.7,4.000,1.0000,1.0000,0.000,0.000,1.0000,1.0000,0.000,0.000,1.0000,1.0000,0.000,0.000,1.0000,1.0000,0.000,0.000,0.2083,1.0000,1.833,0.000,0.0000,0.8333,84.167,0.250
1173,2500,2800,350,24,7085.3,4.000,1.0000,1.0000,0.000,0.000,1.0000,1.0000,0.000,0.000,1.0000,1.0000,0.000,0.000,1.0000,1.0000,0.000,0.000,0.1250,1.0000,1.708,0.000,0.0000,0.8333,86.667,0.167
1174,2600,2800,250,24,7080.0,4.000,1.0000,1.0000,0.000,0.000,1.0000,1.0000,0.000,0.000,1.0000,1.0000,0.000,0.000,1.0000,1.0000,0.000,0.000,0.4583,1.0000,0.708,0.000,0.0000,0.9167,104.583,0.083
1175,2700,2800,150,24,7071.5,4.000,1.0000,1.0000,0.000,0.000,1.0000,1.0000,0.000,0.000,1.0000,1.0000,0.000,0.000,1.0000,1.0000,0.000,0.000,0.6250,1.0000,0.542,0.000,0.0000,0.8750,97.750,0.125
1176,2800,2800,50,24,7036.2,4.000,1.0000,1.0000,0.000,0.000,1.0000,1.0000,0.000,0.000,1.0000,1.0000,0.000,0.000,1.0000,1.0000,0.000,0.000,0.7083,1.0000,0.375,0.000,0.0000,0.8750,92.625,0.167
1177,2900,2800,50,24,6902.0,3.958,1.0000,1.0000,0.000,0.000,1.0000,1.0000,0.000,0.000,1.0000,1.0000,0.000,0.000,1.0000,1.0000,0.000,0.000,0.7500,1.0000,0.333,0.000,0.0000,0.8333,89.333,0.208
1178,3000,2800,150,24,6697.7,3.750,1.0000,1.0000,0.000,0.000,1.0000,1.0000,0.000,0.000,1.0000,1.0000,0.000,0.000,1.0000,1.0000,0.000,0.000,0.5833,1.0000,0.500,0.000,0.0000,0.8750,94.458,0.125
1179,3100,2800,250,24,6424.8,3.208,1.0000,1.0000,0.000,0.000,1.0000,1.0000,0.000,0.000,1.0000,1.0000,0.000,0.000,1.0000,1.0000,0.000,0.000,0.4583,1.0000,1.000,0.000,0.0000,0.5417,119.833,0.583
1180,3200,2800,350,24,6105.7,3.000,1.0000,1.0000,0.000,0.000,1.0000,1.0000,0.000,0.000,1.0000,1.0000,0.000,0.000,1.0000,1.0000,0.000,0.000,0.0417,1.0000,2.667,0.000,0.0000,0.2917,155.208,1.333
1181,3300,2800,400,24,5765.3,3.000,1.0000,1.0000,0.000,0.000,1.0000,1.0000,0.000,0.000,1.0000,1.0000,0.000,0.000,1.0000,1.0000,0.000,0.000,0.0000,1.0000,3.333,0.000,0.0000,0.0417,177.458,3.125
1182,3400,2800,300,24,5403.2,3.000,1.0000,1.0000,0.000,0.000,1.0000,1.0000,0.000,0.000,1.0000,1.0000,0.000,0.000,1.0000,1.0000,0.000,0.000,0.2083,1.0000,1.583,0.000,0.0000,0.0000,132.958,5.042
1183,3500,2800,200,24,5033.2,3.000,1.0000,1.0000,0.000,0.000,1.0000,1.0000,0.000,0.000,1.0000,1.0000,0.000,0.000,1.0000,1.0000,0.000,0.000,0.4167,1.0000,0.750,0.000,0.0000,0.0000,108.667,9.583
1184,3600,2800,100,24,4631.2,3.000,1.0000,1.0000,0.000,0.000,1.0000,1.0000,0.000,0.000,1.0000,1.0000,0.000,0.000,1.0000,1.0000,0.000,0.000,0.7083,0.9583,0.417,0.042,0.0000,0.0000,90.583,13.333
1185,3700,2800,0,24,4214.8,3.000,1.0000,1.0000,0.000,0.000,1.0000,1.0000,0.000,0.000,1.0000,1.0000,0.000,0.000,1.0000,1.0000,0.000,0.000,0.6667,1.0000,0.417,0.000,0.0000,0.0000,89.458,22.000
1186,3800,2800,100,24,3767.2,2.792,1.0000,1.0000,0.000,0.000,1.0000,1.0000,0.000,0.000,1.0000,1.0000,0.000,0.000,1.0000,1.0000,0.000,0.000,0.7083,0.9583,0.333,0.042,0.0000,0.0000,92.083,36.333
1187,3900,2800,200,24,3352.3,2.417,1.0000,1.0000,0.000,0.000,1.0000,1.0000,0.000,0.000,1.0000,1.0000,0.000,0.000,1.0000,1.0000,0.000,0.000,0.5000,0.7917,0.542,0.250,0.0000,0.0000,103.792,58.000
1188,4000,2800,300,24,2926.6,2.083,1.0000,1.0000,0.000,0.000,1.0000,1.0000,0.000,0.000,1.0000,1.0000,0.000,0.000,1.0000,1.0000,0.000,0.000,0.1250,0.4583,2.000,1.125,0.0000,0.0000,135.417,93.625
1189,0,2900,300,24,4109.8,2.083,1.0000,1.0000,0.000,0.000,1.0000,1.0000,0.000,0.000,1.0000,1.0000,0.000,0.000,1.0000,1.0000,0.000,0.000,0.0833,1.0000,4.208,0.000,0.0000,0.0000,202.750,10.042
1190,100,2900,200,24,4567.9,2.333,1.0000,1.0000,0.000,0.000,1.0000,1.0000,0.000,0.000,1.0000,1.0000,0.000,0.000,1.0000,1.0000,0.000,0.000,0.1250,1.0000,1.875,0.000,0.0000,0.0000,169.500,3.000
1191,200,2900,100,24,5004.5,2.708,1.0000,1.0000,0.000,0.000,1.0000,1.0000,0.000,0.000,1.0000,1.0000,0.000,0.000,1.0000,1.0000,0.000,0.000,0.3750,1.0000,1.125,0.000,0.0000,0.3333,154.333,0.958
1192,300,2900,0,24,5397.0,3.000,1.0000,1.0000,0.000,0.000,1.0000,1.0000,0.000,0.000,1.0000,1.0000,0.000,0.000,1.0000,1.0000,0.000,0.000,0.5000,1.0000,0.833,0.000,0.0000,0.5833,147.667,0.417
1193,400,2900,100,24,5727.8,3.000,1.0000,1.0000,0.000,0.000,1.0000,1.0000,0.000,0.000,1.0000,1.0000,0.000,0.000,1.0000,1.0000,0.000,0.000,0.3750,1.0000,0.792,0.000,0.0000,0.8750,118.167,0.125
1194,500,2900,200,24,6013.5,3.000,1.0000,1.0000,0.000,0.000,1.0000,1.0000,0.000,0.000,1.0000,1.0000,0.000,0.000,1.0000,1.0000,0.000,0.000,0.4167,1.0000,0.625,0.000,0.0000,0.9167,78.792,0.125
1195,600,2900,300,24,6227.2,3.000,1.0000,1.0000,0.000,0.000,1.0000,1.0000,0.000,0.000,1.0000,1.0000,0.000,0.000,1.0000,1.0000,0.000,0.000,0.5417,1.0000,0.667,0.000,0.0000,0.8750,56.958,0.167
1196,700,2900,400,24,6445.1,3.000,1.0000,1.0000,0.000,0.000,1.0000,1.0000,0.000,0.000,1.0000,1.0000,0.000,0.000,1.0000,1.0000,0.000,0.000,0.5417,1.0000,0.667,0.000,0.0000,0.7500,47.125,0.292
1197,800,2900,350,24,6608.2,3.042,1.0000,1.0000,0.000,0.000,1.0000,1.0000,0.000,0.000,1.0000,1.0000,0.000,0.000,1.0000,1.0000,0.000,0.000,0.5417,1.0000,0.625,0.000,0.0000,0.7917,51.625,0.250
1198,900,2900,250,24,6792.6,3.042,1.0000,1.0000,0.000,0.000,1.0000,1.0000,0.000,0.000,1.0000,1.0000,0.000,0.000,1.0000,1.0000,0.000,0.000,0.5000,1.0000,0.708,0.000,0.0000,0.8750,66.583,0.125
1199,1000,2900,150,24,6947.5,3.458,1.0000,1.0000,0.000,0.000,1.0000,1.0000,0.000,0.000,1.0000,1.0000,0.000,0.000,1.0000,1.0000,0.000,0.000,0.4167,1.0000,0.750,0.000,0.0000,0.8750,96.333,0.167
1200,1100,2900,50,24,7066.9,3.917,1.0000,1.0000,0.000,0.000,1.0000,1.0000,0.000,0.000,1.0000,1.0000,0.000,0.000,1.0000,1.0000,0.000,0.000,0.2500,1.0000,0.958,0.000,0.0000,0.8750,138.458,0.125
1201,1200,2900,50,24,7130.8,4.000,1.0000,1.0000,0.000,0.000,1.0000,1.0000,0.000,0.000,1.0000,1.0000,0.000,0.000,1.0000,1.0000,0.000,0.000,0.2917,1.0000,1.292,0.000,0.0000,0.8333,146.875,0.208
1202,1300,2900,150,24,7158.1,4.000,1.0000,1.0000,0.000,0.000,1.0000,1.0000,0.000,0.000,1.0000,1.0000,0.000,0.000,1.0000,1.0000,0.000,0.000,0.1250,1.0000,1.875,0.000,0.0000,0.8333,159.042,0.208
1203,1400,2900,250,24,7125.7,4.000,1.0000,1.0000,0.000,0.000,1.0000,1.0000,0.000,0.000,1.0000,1.0000,0.000,0.000,1.0000,1.0000,0.000,0.000,0.0833,1.0000,3.250,0.000,0.0000,0.6667,181.333,0.417
1204,1500,2900,350,24,7096.3,4.000,1.0000,1.0000,0.000,0.000,1.0000,1.0000,0.000,0.000,1.0000,1.0000,0.000,0.000,1.0000,1.0000,0.000,0.000,0.0000,1.0000,5.333,0.000,0.0000,0.6250,226.417,0.500
1205,1600,2900,400,24,7087.2,4.000,1.0000,1.0000,0.000,0.000,1.0000,1.0000,0.000,0.000,1.0000,1.0000,0.000,0.000,1.0000,1.0000,0.000,0.000,0.0000,1.0000,7.458,0.000,0.0000,0.7917,255.000,0.250
1206,1700,2900,300,24,7100.7,4.042,1.0000,1.0000,0.000,0.000,1.0000,1.0000,0.000,0.000,1.0000,1.0000,0.000,0.000,1.0000,1.0000,0.000,0.000,0.0417,1.0000,4.167,0.000,0.0000,0.7083,201.042,0.292
1207,1800,2900,200,24,7144.7,4.292,1.0000,1.0000,0.000,0.000,1.0000,1.0000,0.000,0.000,1.0000,1.0000,0.000,0.000,1.0000,1.0000,0.000,0.000,0.0833,1.0000,2.083,0.000,0.0000,0.6667,169.208,0.375
1208,1900,2900,100,24,7143.7,4.833,1.0000,1.0000,0.000,0.000,1.0000,1.0000,0.000,0.000,1.0000,1.0000,0.000,0.000,1.0000,1.0000,0.000,0.000,0.2500,1.0000,1.333,0.000,0.0000,0.8750,150.458,0.167
1209,2000,2900,0,24,7111.7,5.000,1.0000,1.0000,0.000,0.000,1.0000,1.0000,0.000,0.000,1.0000,1.0000,0.000,0.000,1.0000,1.0000,0.000,0.000,0.2917,1.0000,1.208,0.000,0.0000,0.8333,144.375,0.208
1210,2100,2900,100,24,7037.9,4.875,1.0000,1.0000,0.000,0.000,1.0000,1.0000,0.000,0.000,1.0000,1.0000,0.000,0.000,1.0000,1.0000,0.000,0.000,0.2500,1.0000,1.125,0.000,0.0000,0.7917,119.542,0.208
1211,2200,2900,200,24,6924.1,4.417,1.0000,1.0000,0.000,0.000,1.0000,1.0000,0.000,0.000,1.0000,1.0000,0.000,0.000,1.0000,1.0000,0.000,0.000,0.5000,1.0000,0.708,0.000,0.0000,0.8750,79.083,0.125
1212,2300,2900,300,24,6812.8,4.000,1.0000,1.0000,0.000,0.000,1.0000,1.0000,0.000,0.000,1.0000,1.0000,0.000,0.000,1.0000,1.0000,0.000,0.000,0.4583,1.0000,0.667,0.000,0.0000,0.8333,57.583,0.208
1213,2400,2900,400,24,6713.4,4.042,1.0000,1.0000,0.000,0.000,1.0000,1.0000,0.000,0.000,1.0000,1.0000,0.000,0.000,1.0000,1.0000,0.000,0.000,0.5417,1.0000,0.667,0.000,0.0000,0.7500,46.292,0.250
1214,2500,2900,350,24,6685.1,4.000,1.0000,1.0000,0.000,0.000,1.0000,1.0000,0.000,0.000,1.0000,1.0000,0.000,0.000,1.0000,1.0000,0.000,0.000,0.7083,1.0000,0.292,0.000,0.0000,0.7917,46.625,0.208
1215,2600,2900,250,24,6676.6,4.000,1.0000,1.0000,0.000,0.000,1.0000,1.0000,0.000,0.000,1.0000,1.0000,0.000,0.000,1.0000,1.0000,0.000,0.000,0.5000,1.0000,0.583,0.000,0.0000,0.9583,64.833,0.042
1216,2700,2900,150,24,6675.2,4.000,1.0000,1.0000,0.000,0.000,1.0000,1.0000,0.000,0.000,1.0000,1.0000,0.000,0.000,1.0000,1.0000,0.000,0.000,0.3333,1.0000,0.833,0.000,0.0000,0.7917,94.667,0.208
1217,2800,2900,50,24,6608.9,4.000,1.0000,1.0000,0.000,0.000,1.0000,1.0000,0.000,0.000,1.0000,1.0000,0.000,0.000,1.0000,1.0000,0.000,0.000,0.2083,1.0000,1.083,0.000,0.0000,0.7500,139.167,0.250
1218,2900,2900,50,24,6507.4,4.000,1.0000,1.0000,0.000,0.000,1.0000,1.0000,0.000,0.000,1.0000,1.0000,0.000,0.000,1.0000,1.0000,0.000,0.000,0.2500,1.0000,1.042,0.000,0.0000,0.8333,147.625,0.208
1219,3000,2900,150,24,6309.6,3.542,1.0000,1.0000,0.000,0.000,1.0000,1.0000,0.000,0.000,1.0000,1.0000,0.000,0.000,1.0000,1.0000,0.000,0.000,0.1667,1.0000,2.250,0.000,0.0000,0.4583,161.750,0.542
1220,3100,2900,250,24,6063.7,3.167,1.0000,1.0000,0.000,0.000,1.0000,1.0000,0.000,0.000,1.0000,1.0000,0.000,0.000,1.0000,1.0000,0.000,0.000,0.0000,1.0000,3.250,0.000,0.0000,0.4583,185.833,0.792
1221,3200,2900,350,24,5765.0,3.042,1.0000,1.0000,0.000,0.000,1.0000,1.0000,0.000,0.000,1.0000,1.0000,0.000,0.000,1.0000,1.0000,0.000,0.000,0.0000,1.0000,5.292,0.000,0.0000,0.0000,225.333,3.083
1222,3300,2900,400,24,5433.4,3.000,1.0000,1.0000,0.000,0.000,1.0000,1.0000,0.000,0.000,1.0000,1.0000,0.000,0.000,1.0000,1.0000,0.000,0.000,0.0000,0.9583,8.083,0.042,0.0000,0.0000,256.333,5.708
1223,3400,2900,300,24,5088.2,3.000,1.0000,1.0000,0.000,0.000,1.0000,1.0000,0.000,0.000,1.0000,1.0000,0.000,0.000,1.0000,1.0000,0.000,0.000,0.0417,1.0000,3.875,0.000,0.0000,0.0000,204.958,10.083
1224,3500,2900,200,24,4713.8,3.000,1.0000,1.0000,0.000,0.000,1.0000,1.0000,0.000,0.000,1.0000,1.0000,0.000,0.000,1.0000,1.0000,0.000,0.000,0.0833,1.0000,2.125,0.000,0.0000,0.0000,169.208,17.458
1225,3600,2900,100,24,4337.3,3.000,1.0000,1.0000,0.000,0.000,1.0000,1.0000,0.000,0.000,1.0000,1.0000,0.000,0.000,1.0000,1.0000,0.000,0.000,0.2083,0.9583,1.292,0.042,0.0000,0.0000,149.708,27.250
1226,3700,2900,0,24,3925.1,3.000,1.0000,1.0000,0.000,0.000,1.0000,1.0000,0.000,0.000,1.0000,1.0000,0.000,0.000,1.0000,1.0000,0.000,0.000,0.2917,0.9583,1.208,0.042,0.0000,0.0000,148.042,40.667
1227,3800,2900,100,24,3494.4,2.792,1.0000,1.0000,0.000,0.000,1.0000,1.0000,0.000,0.000,1.0000,1.0000,0.000,0.000,1.0000,1.0000,0.000,0.000,0.2917,0.8750,1.208,0.125,0.0000,0.0000,150.333,63.000
1228,3900,2900,200,24,3086.1,2.250,1.0000,1.0000,0.000,0.000,1.0000,1.0000,0.000,0.000,1.0000,1.0000,0.000,0.000,1.0000,1.0000,0.000,0.000,0.0833,0.5417,2.167,0.542,0.0000,0.0000,168.333,96.208
1229,4000,2900,300,24,2701.5,2.042,1.0000,1.0000,0.000,0.000,1.0000,1.0000,0.000,0.000,1.0000,1.0000,0.000,0.000,1.0000,1.0000,0.000,0.000,0.0000,0.2083,3.875,1.750,0.0000,0.0000,200.917,141.083
1230,0,3000,300,24,3914.3,2.125,1.0000,1.0000,0.000,0.000,1.0000,1.0000,0.000,0.000,1.0000,1.0000,0.000,0.000,1.0000,1.0000,0.000,0.000,0.0000,0.8750,10.417,0.125,0.0000,0.0000,296.583,11.917
1231,100,3000,200,24,4337.8,2.250,1.0000,1.0000,0.000,0.000,1.0000,1.0000,0.000,0.000,1.0000,1.0000,0.000,0.000,1.0000,1.0000,0.000,0.000,0.0000,1.0000,5.917,0.000,0.0000,0.0417,262.750,5.458
1232,200,3000,100,24,4723.6,2.708,1.0000,1.0000,0.000,0.000,1.0000,1.0000,0.000,0.000,1.0000,1.0000,0.000,0.000,1.0000,1.0000,0.000,0.000,0.0000,1.0000,3.583,0.000,0.0000,0.2500,222.625,1.583
1233,300,3000,0,24,5092.3,3.000,1.0000,1.0000,0.000,0.000,1.0000,1.0000,0.000,0.000,1.0000,1.0000,0.000,0.000,1.0000,1.0000,0.000,0.000,0.1667,1.0000,1.750,0.000,0.0000,0.5000,145.750,0.708
1234,400,3000,100,24,5402.6,3.000,1.0000,1.0000,0.000,0.000,1.0000,1.0000,0.000,0.000,1.0000,1.0000,0.000,0.000,1.0000,1.0000,0.000,0.000,0.4167,1.0000,0.750,0.000,0.0000,0.7500,90.833,0.375
1235,500,3000,200,24,5658.5,3.000,1.0000,1.0000,0.000,0.000,1.0000,1.0000,0.000,0.000,1.0000,1.0000,0.000,0.000,1.0000,1.0000,0.000,0.000,0.7500,1.0000,0.250,0.000,0.0000,0.7083,52.917,0.333
1236,600,3000,300,24,5858.0,3.000,1.0000,1.0000,0.000,0.000,1.0000,1.0000,0.000,0.000,1.0000,1.0000,0.000,0.000,1.0000,1.0000,0.000,0.000,0.8333,1.0000,0.208,0.000,0.0000,0.7500,34.292,0.292
1237,700,3000,400,24,6041.2,3.000,1.0000,1.0000,0.000,0.000,1.0000,1.0000,0.000,0.000,1.0000,1.0000,0.000,0.000,1.0000,1.0000,0.000,0.000,0.9167,1.0000,0.083,0.000,0.0000,0.7083,26.208,0.292
1238,800,3000,350,24,6210.8,3.042,1.0000,1.0000,0.000,0.000,1.0000,1.0000,0.000,0.000,1.0000,1.0000,0.000,0.000,1.0000,1.0000,0.000,0.000,0.7917,1.0000,0.208,0.000,0.0000,0.8333,30.083,0.167
1239,900,3000,250,24,6375.5,3.167,1.0000,1.0000,0.000,0.000,1.0000,1.0000,0.000,0.000,1.0000,1.0000,0.000,0.000,1.0000,1.0000,0.000,0.000,0.8333,1.0000,0.167,0.000,0.0000,0.7917,41.042,0.208
1240,1000,3000,150,24,6535.8,3.625,1.0000,1.0000,0.000,0.000,1.0000,1.0000,0.000,0.000,1.0000,1.0000,0.000,0.000,1.0000,1.0000,0.000,0.000,0.6667,1.0000,0.375,0.000,0.0000,0.9167,69.083,0.083
1241,1100,3000,50,24,6668.1,3.917,1.0000,1.0000,0.000,0.000,1.0000,1.0000,0.000,0.000,1.0000,1.0000,0.000,0.000,1.0000,1.0000,0.000,0.000,0.3333,1.0000,1.333,0.000,0.0000,0.9583,113.458,0.042
1242,1200,3000,50,24,6742.2,4.000,1.0000,1.0000,0.000,0.000,1.0000,1.0000,0.000,0.000,1.0000,1.0000,0.000,0.000,1.0000,1.0000,0.000,0.000,0.0833,1.0000,2.167,0.000,0.0000,0.7500,173.792,0.250
1243,1300,3000,150,24,6770.6,4.000,1.0000,1.0000,0.000,0.000,1.0000,1.0000,0.000,0.000,1.0000,1.0000,0.000,0.000,1.0000,1.0000,0.000,0.000,0.0000,1.0000,5.208,0.000,0.0000,0.6667,243.917,0.458
1244,1400,3000,250,24,6769.1,4.000,1.0000,1.0000,0.000,0.000,1.0000,1.0000,0.000,0.000,1.0000,1.0000,0.000,0.000,1.0000,1.0000,0.000,0.000,0.0000,1.0000,8.417,0.000,0.0000,0.5417,279.083,0.583
1245,1500,3000,350,24,6737.9,4.000,1.0000,1.0000,0.000,0.000,1.0000,1.0000,0.000,0.000,1.0000,1.0000,0.000,0.000,1.0000,1.0000,0.000,0.000,0.0000,1.0000,13.042,0.000,0.0000,0.3333,325.000,1.167
1246,1600,3000,400,24,6752.8,4.083,1.0000,1.0000,0.000,0.000,1.0000,1.0000,0.000,0.000,1.0000,1.0000,0.000,0.000,1.0000,1.0000,0.000,0.000,0.0000,1.0000,15.583,0.000,0.0000,0.3333,355.083,0.917
1247,1700,3000,300,24,6754.5,4.083,1.0000,1.0000,0.000,0.000,1.0000,1.0000,0.000,0.000,1.0000,1.0000,0.000,0.000,1.0000,1.0000,0.000,0.000,0.0000,1.0000,11.750,0.000,0.0000,0.6250,294.833,0.500
1248,1800,3000,200,24,6780.6,4.167,1.0000,1.0000,0.000,0.000,1.0000,1.0000,0.000,0.000,1.0000,1.0000,0.000,0.000,1.0000,1.0000,0.000,0.000,0.0000,1.0000,6.833,0.000,0.0000,0.5417,262.500,0.500
1249,1900,3000,100,24,6750.0,4.583,1.0000,1.0000,0.000,0.000,1.0000,1.0000,0.000,0.000,1.0000,1.0000,0.000,0.000,1.0000,1.0000,0.000,0.000,0.0000,1.0000,3.625,0.000,0.0000,0.6250,221.625,0.458
1250,2000,3000,0,24,6704.5,4.875,1.0000,1.0000,0.000,0.000,1.0000,1.0000,0.000,0.000,1.0000,1.0000,0.000,0.000,1.0000,1.0000,0.000,0.000,0.1667,1.0000,1.625,0.000,0.0000,0.7917,144.917,0.208
1251,2100,3000,100,24,6609.0,4.708,1.0000,1.0000,0.000,0.000,1.0000,1.0000,0.000,0.000,1.0000,1.0000,0.000,0.000,1.0000,1.0000,0.000,0.000,0.6667,1.0000,0.375,0.000,0.0000,0.6667,88.792,0.333
1252,2200,3000,200,24,6500.6,4.125,1.0000,1.0000,0.000,0.000,1.0000,1.0000,0.000,0.000,1.0000,1.0000,0.000,0.000,1.0000,1.0000,0.000,0.000,0.7500,1.0000,0.250,0.000,0.0000,0.8750,54.458,0.125
1253,2300,3000,300,24,6385.6,4.000,1.0000,1.0000,0.000,0.000,1.0000,1.0000,0.000,0.000,1.0000,1.0000,0.000,0.000,1.0000,1.0000,0.000,0.000,0.7500,1.0000,0.250,0.000,0.0000,0.9167,34.625,0.083
1254,2400,3000,400,24,6295.3,4.042,1.0000,1.0000,0.000,0.000,1.0000,1.0000,0.000,0.000,1.0000,1.0000,0.000,0.000,1.0000,1.0000,0.000,0.000,0.9583,1.0000,0.042,0.000,0.0000,0.7500,27.083,0.250
1255,2500,3000,350,24,6248.9,4.000,1.0000,1.0000,0.000,0.000,1.0000,1.0000,0.000,0.000,1.0000,1.0000,0.000,0.000,1.0000,1.0000,0.000,0.000,0.8333,1.0000,0.208,0.000,0.0000,0.7917,28.792,0.208
1256,2600,3000,250,24,6226.6,4.000,1.0000,1.0000,0.000,0.000,1.0000,1.0000,0.000,0.000,1.0000,1.0000,0.000,0.000,1.0000,1.0000,0.000,0.000,0.9167,1.0000,0.083,0.000,0.0000,0.6667,43.583,0.458
1257,2700,3000,150,24,6230.1,4.000,1.0000,1.0000,0.000,0.000,1.0000,1.0000,0.000,0.000,1.0000,1.0000,0.000,0.000,1.0000,1.0000,0.000,0.000,0.5833,1.0000,0.500,0.000,0.0000,0.7917,65.917,0.208
1258,2800,3000,50,24,6168.8,4.000,1.0000,1.0000,0.000,0.000,1.0000,1.0000,0.000,0.000,1.0000,1.0000,0.000,0.000,1.0000,1.0000,0.000,0.000,0.2917,1.0000,1.083,0.000,0.0000,0.7083,114.458,0.292
1259,2900,3000,50,24,6060.2,3.917,1.0000,1.0000,0.000,0.000,1.0000,1.0000,0.000,0.000,1.0000,1.0000,0.000,0.000,1.0000,1.0000,0.000,0.000,0.0417,1.0000,3.125,0.000,0.0000,0.5417,177.708,0.583
1260,3000,3000,150,24,5898.4,3.375,1.0000,1.0000,0.000,0.000,1.0000,1.0000,0.000,0.000,1.0000,1.0000,0.000,0.000,1.0000,1.0000,0.000,0.000,0.0000,1.0000,5.417,0.000,0.0000,0.2500,244.708,1.125
1261,3100,3000,250,24,5654.9,3.125,1.0000,1.0000,0.000,0.000,1.0000,1.0000,0.000,0.000,1.0000,1.0000,0.000,0.000,1.0000,1.0000,0.000,0.000,0.0000,1.0000,7.167,0.000,0.0000,0.0000,278.208,2.833
1262,3200,3000,350,24,5383.8,3.042,1.0000,1.0000,0.000,0.000,1.0000,1.0000,0.000,0.000,1.0000,1.0000,0.000,0.000,1.0000,1.0000,0.000,0.000,0.0000,1.0000,13.167,0.000,0.0000,0.0000,324.083,4.083
1263,3300,3000,400,24,5073.3,3.000,1.0000,1.0000,0.000,0.000,1.0000,1.0000,0.000,0.000,1.0000,1.0000,0.000,0.000,0.9583,1.0000,0.042,0.000,0.0000,1.0000,18.250,0.000,0.0000,0.0000,357.333,10.083
1264,3400,3000,300,24,4739.1,3.000,1.0000,1.0000,0.000,0.000,1.0000,1.0000,0.000,0.000,1.0000,1.0000,0.000,0.000,1.0000,1.0000,0.000,0.000,0.0000,0.9583,10.917,0.042,0.0000,0.0000,294.167,18.667
1265,3500,3000,200,24,4386.7,3.000,1.0000,1.0000,0.000,0.000,1.0000,1.0000,0.000,0.000,1.0000,1.0000,0.000,0.000,0.9583,1.0000,0.042,0.000,0.0000,1.0000,4.958,0.000,0.0000,0.0000,260.292,30.000
1266,3600,3000,100,24,4017.0,3.000,1.0000,1.0000,0.000,0.000,1.0000,1.0000,0.000,0.000,1.0000,1.0000,0.000,0.000,1.0000,1.0000,0.000,0.000,0.0000,0.7917,4.208,0.292,0.0000,0.0000,237.583,48.250
1267,3700,3000,0,24,3620.0,2.958,1.0000,1.0000,0.000,0.000,1.0000,1.0000,0.000,0.000,1.0000,1.0000,0.000,0.000,1.0000,1.0000,0.000,0.000,0.0000,0.6250,3.625,0.458,0.0000,0.0000,229.958,72.917
1268,3800,3000,100,24,3202.4,2.750,1.0000,1.0000,0.000,0.000,1.0000,1.0000,0.000,0.000,1.0000,1.0000,0.000,0.000,1.0000,1.0000,0.000,0.000,0.0000,0.3333,5.125,1.125,0.0000,0.0000,237.292,108.375
1269,3900,3000,200,24,2816.7,2.250,1.0000,1.0000,0.000,0.000,1.0000,1.0000,0.000,0.000,1.0000,1.0000,0.000,0.000,1.0000,1.0000,0.000,0.000,0.0000,0.0833,6.083,2.167,0.0000,0.0000,255.958,152.042
1270,4000,3000,300,24,2462.1,2.083,1.0000,1.0000,0.000,0.000,1.0000,1.0000,0.000,0.000,1.0000,1.0000,0.000,0.000,1.0000,1.0000,0.000,0.000,0.0000,0.0000,9.375,4.750,0.0000,0.0000,290.583,213.083
