id,degree,toCL,hopsCL,mainNext,mainVia,hopsCH,metresCH,freeHopsCH,toCells
0,6,985,1,2165,1:-3,31,1132.4,27,0:-4>650/3|0:-3>26/1|1:-5>-1/-1|1:-3>2165/2|2:-5>1518/4|2:-4>1518/6
1,7,1565,1,1096,-2:0,14,560.2,14,-4:0>834/3|-4:1>-1/-1|-3:-1>1580/2|-3:1>-1/-1|-2:-1>253/1|-2:0>1096/3
2,9,2048,3,2048,CL,4,169.7,4,-3:2>2048/3|-3:3>2048/5|-2:1>223/1|-2:3>-1/-1|-1:1>1485/1|-1:2>-1/-1
3,2,307,4,307,CL,15,521.4,14,-2:-1>307/5|-2:0>-1/-1|-1:-2>-1/-1|-1:0>307/5|0:-2>-1/-1|0:-1>-1/-1
4,3,2071,1,1927,-1:2,14,475.5,13,-1:1>-1/-1|-1:2>1927/3|0:0>1927/4|0:2>-1/-1|1:0>1006/3|1:1>2071/2
5,4,-1,-1,1765,-5:4,18,660.2,16,-6:3>-1/-1|-6:4>1008/1|-5:2>-1/-1|-5:4>1765/1|-4:2>-1/-1|-4:3>-1/-1
6,7,1621,4,1621,CL,35,1268.9,31,0:-4>1336/5|0:-3>1621/5|1:-5>-1/-1|1:-3>1621/6|2:-5>1349/2|2:-4>970/2
7,5,677,2,677,CL,8,292.8,8,-2:1>-1/-1|-2:2>677/3|-1:0>-1/-1|-1:2>195/1|0:0>1730/4|0:1>-1/-1
8,10,1704,1,880,-3:0,18,723.5,18,-3:-1>-1/-1|-3:0>880/4|-2:-2>1680/1|-2:0>-1/-1|-1:-2>2271/2|-1:-1>-1/-1
9,8,1254,4,1254,CL,31,1110.6,28,-1:4>1254/5|-1:5>2191/4|0:3>1254/3|0:5>2191/3|1:3>1785/2|1:4>2191/3
10,10,633,1,-1,-,-1,0.0,-1,2:-5>1936/1|3:-5>1559/1
11,7,775,4,664,-2:3,15,557.1,14,-3:4>2140/3|-3:5>775/5|-2:3>664/1|-2:5>-1/-1|-1:3>225/2|-1:4>775/4
12,4,950,2,1944,-2:1,7,254.8,6,-3:0>950/6|-3:1>-1/-1|-2:-1>-1/-1|-2:1>1944/1|-1:-1>-1/-1|-1:0>950/5
13,5,883,2,1451,-1:3,22,823.0,20,-1:2>-1/-1|-1:3>1451/1|0:1>-1/-1|0:3>1685/2|1:1>883/5|1:2>1685/4
14,4,-1,-1,113,-3:3,10,377.2,9,-5:3>-1/-1|-5:4>-1/-1|-4:2>-1/-1|-4:4>-1/-1|-3:2>-1/-1|-3:3>113/1
15,3,781,2,563,-5:8,36,1413.5,34,-5:8>563/4|-4:8>563/5
16,4,1823,2,198,-3:2,2,75.3,2,-3:2>198/1|-3:3>1823/4|-2:1>1823/3|-2:3>-1/-1|-1:1>1823/4|-1:2>-1/-1
17,6,1074,1,1074,CL,31,1139.4,27,-7:7>1092/3|-6:5>-1/-1|-6:6>1074/4
18,9,1853,1,183,-6:3,26,945.9,24,-6:3>183/4|-6:4>183/6|-5:2>191/2|-5:4>-1/-1|-4:2>1475/1|-4:3>183/5
19,5,-1,-1,2251,-3:1,9,388.0,9,-4:2>362/1|-4:3>-1/-1|-3:1>2251/1|-3:3>-1/-1|-2:1>-1/-1|-2:2>-1/-1
20,9,357,3,986,0:3,29,1051.1,26,-1:4>357/4|-1:5>1254/6|0:3>986/1|0:5>1254/5|1:3>670/2|1:4>1254/5
21,16,1501,2,1985,1:-1,24,917.7,23,1:-1>1985/4|1:0>1473/5|2:-2>1501/3|2:0>1473/4|3:-2>1904/1|3:-1>2040/2
22,4,1227,2,277,1:-4,35,1281.7,31,-1:-4>1227/7|-1:-3>1227/6|0:-3>-1/-1|1:-5>-1/-1|1:-4>277/1
23,5,1204,3,1204,CL,29,1042.0,27,-3:5>-1/-1|-3:6>1051/1|-2:4>-1/-1|-2:6>-1/-1|-1:4>1204/6|-1:5>-1/-1
24,5,-1,0,36,-5:7,29,1094.8,26,-5:6>2223/4|-5:7>36/2|-4:5>-1/-1|-4:7>36/2|-3:5>994/3|-3:6>213/2
25,9,-1,-1,1019,-1:4,27,983.5,25,-2:5>405/1|-2:6>655/1|-1:4>1019/3|-1:6>2027/3|0:4>1019/6|0:5>1019/6
26,9,1179,1,2283,1:-3,30,1124.6,26,-1:-3>1963/5|-1:-2>-1/-1|0:-4>-1/-1|0:-2>-1/-1|1:-4>2067/1|1:-3>2283/3
27,6,-1,-1,1490,-5:7,30,1126.3,28,-7:8>-1/-1|-6:7>-1/-1|-5:7>1490/1|-5:8>110/1
28,10,-1,-1,1038,-2:-2,24,931.7,20,-2:-2>1038/2|-2:-1>-1/-1|-1:-3>-1/-1|-1:-1>-1/-1|0:-3>-1/-1|0:-2>711/4
29,5,664,3,160,-3:3,14,519.6,13,-3:3>160/4|-3:4>160/3|-2:2>160/5|-2:4>11/1|-1:2>160/5|-1:3>664/3
30,7,1430,5,801,1:0,21,752.4,20,1:-1>332/4|1:0>801/1|2:-2>332/4|2:0>898/1|3:-2>1430/4|3:-1>1430/4
31,6,786,3,1412,-4:4,13,489.7,12,-5:5>786/5|-5:6>786/4|-4:4>1412/1|-4:6>-1/-1|-3:4>60/3|-3:5>60/4
32,10,297,3,1812,0:-2,24,892.7,22,0:-3>98/2|0:-2>1812/1|1:-4>990/4|1:-2>297/3|2:-4>-1/-1|2:-3>297/4
33,7,451,2,1947,-1:-2,29,1101.9,25,-1:-2>1947/2|-1:-1>-1/-1|0:-3>-1/-1|0:-1>451/4|1:-3>-1/-1|1:-2>-1/-1
34,5,1867,2,2205,-1:3,24,894.4,22,-1:3>2205/3|-1:4>-1/-1|0:2>1603/1|0:4>1595/4|1:2>-1/-1|1:3>-1/-1
35,3,-1,-1,1332,-6:7,27,992.4,24,-7:6>-1/-1|-7:7>1737/2|-6:5>-1/-1|-6:7>1332/2|-5:5>-1/-1|-5:6>-1/-1
36,3,24,1,1098,-5:7,28,1050.3,25,-5:6>24/5|-5:7>1098/1|-4:5>-1/-1|-4:7>575/1|-3:5>24/4|-3:6>24/3
37,7,1469,5,1469,CL,33,1165.0,31,-3:6>1469/6|-3:7>1469/5|-2:5>1469/6|-2:7>1318/1|-1:5>1469/6|-1:6>939/2
38,4,811,5,2152,-3:2,4,170.1,4,-4:3>811/7|-4:4>811/6|-3:2>2152/2|-3:4>811/6|-2:2>2063/1|-2:3>811/9
39,7,1124,5,1124,CL,11,422.1,11,-2:1>-1/-1|-2:2>1124/6|-1:0>-1/-1|-1:2>1124/4|0:0>954/1|0:1>-1/-1
40,7,138,1,779,1:-1,21,803.4,20,1:-2>1520/2|1:-1>779/2|2:-3>1520/3|2:-1>931/4|3:-3>-1/-1|3:-2>-1/-1
41,8,2208,4,1297,-5:7,26,978.1,24,-5:6>498/1|-5:7>1297/1|-4:5>-1/-1|-4:7>2208/6|-3:5>2208/6|-3:6>2208/6
42,4,-1,-1,967,-4:-1,25,965.3,25,-5:-2>-1/-1|-5:-1>-1/-1|-4:-3>-1/-1|-4:-1>967/1|-3:-3>-1/-1|-3:-2>-1/-1
43,6,2207,3,2207,CL,29,1035.2,25,1:2>2207/5|1:3>1011/1|2:1>2207/5|2:3>961/3|3:1>-1/-1
44,6,99,3,854,-2:1,8,283.3,7,-3:0>99/5|-3:1>-1/-1|-2:-1>-1/-1|-2:1>854/1|-1:-1>-1/-1|-1:0>1152/2
45,5,438,3,-1,-,-1,0.0,-1,2:-5>438/5|3:-5>438/4
46,7,-1,-1,1645,-4:1,24,903.3,23,-6:2>876/5|-5:0>-1/-1|-5:2>876/4|-4:0>-1/-1|-4:1>1645/1
47,4,1988,5,1602,-6:3,26,945.5,24,-6:3>1602/4|-6:4>1602/6|-5:2>1988/4|-5:4>-1/-1|-4:2>1988/5|-4:3>1116/1
48,7,1614,3,2119,1:-2,23,850.6,22,1:-3>1614/4|1:-2>2119/1|2:-4>1614/5|2:-2>895/1|3:-4>1614/6|3:-3>1614/3
49,7,346,3,1009,-3:-1,21,816.5,21,-5:0>346/4|-5:1>-1/-1|-4:-1>659/5|-4:1>2137/1|-3:-1>1009/4|-3:0>719/2
50,5,-1,-1,1241,-2:4,18,631.5,17,-4:4>-1/-1|-4:5>-1/-1|-3:3>-1/-1|-3:5>1445/3|-2:3>-1/-1|-2:4>1241/2
51,6,632,4,632,CL,36,1371.0,33,-5:8>632/4|-5:9>2136/3|-4:7>632/4|-3:7>632/3
52,6,1847,3,272,1:1,22,772.7,20,0:2>2274/2|0:3>-1/-1|1:1>272/2|1:3>1847/4|2:1>2010/3|2:2>648/3
53,6,1122,2,1122,CL,30,1167.4,28,-6:3>1122/4|-5:1>256/5|-5:2>1122/5
54,0,-1,-1,-1,-,-1,0.0,-1,-5:-1>-1/-1|-4:-3>-1/-1|-4:-2>-1/-1
55,6,170,3,1638,-1:-4,38,1430.3,33,-1:-4>1638/3|-1:-3>1303/2|0:-3>-1/-1|1:-5>-1/-1|1:-4>170/6
56,7,2274,5,2274,CL,24,856.1,20,0:2>1123/1|0:3>-1/-1|1:1>2274/2|1:3>2274/6|2:1>2274/5|2:2>2274/5
57,2,-1,-1,-1,-,-1,0.0,-1,2:1>-1/-1|2:2>414/1|3:0>-1/-1
58,6,198,2,198,CL,2,70.6,2,-4:2>-1/-1|-4:3>-1/-1|-3:1>-1/-1|-3:3>1121/1|-2:1>198/4|-2:2>342/1
59,3,2237,4,2237,CL,27,1017.4,25,-7:7>-1/-1|-7:8>1076/1|-6:6>2237/5|-6:8>798/2|-5:6>2237/4|-5:7>798/3
60,9,786,3,886,-4:4,14,522.3,12,-5:5>786/5|-5:6>786/4|-4:4>886/2|-4:6>-1/-1|-3:4>1585/2|-3:5>920/3
61,4,654,6,1091,-3:0,17,634.1,16,-5:0>654/7|-5:1>-1/-1|-4:-1>654/5|-4:1>654/6|-3:-1>1377/2|-3:0>1091/1
62,5,-1,-1,1450,-1:4,25,916.7,23,-2:5>1842/1|-2:6>1019/3|-1:4>1450/1|-1:6>1019/5|0:4>1268/5|0:5>1268/5
63,4,486,2,486,CL,33,1238.3,31,1:-4>970/1|1:-3>486/5|2:-5>-1/-1|2:-3>486/5|3:-5>486/4|3:-4>486/4
64,1,-1,-1,1485,-2:1,6,194.5,6,-2:1>1485/2|-2:2>1485/2|-1:0>-1/-1|-1:2>-1/-1|0:0>-1/-1|0:1>-1/-1
65,7,1404,2,1404,CL,2,56.3,2,-4:2>-1/-1|-4:3>-1/-1|-3:1>-1/-1|-3:3>1404/5|-2:1>1492/1|-2:2>1404/2
66,8,2088,1,1216,-2:3,19,696.3,18,-2:3>1216/4|-2:4>1216/3|-1:2>-1/-1|-1:4>818/2|0:2>1018/2|0:3>1018/3
67,4,1277,1,1324,-1:1,11,391.0,11,-2:2>-1/-1|-2:3>-1/-1|-1:1>1324/2|-1:3>-1/-1|0:1>1437/1|0:2>-1/-1
68,7,1713,1,679,1:-2,25,889.2,23,0:-3>297/4|0:-2>297/3|1:-4>297/5|1:-2>679/1|2:-4>-1/-1|2:-3>1713/2
69,12,1838,1,1514,-5:-1,33,1225.8,31,-5:-1>1514/4|-4:-3>697/2|-4:-2>408/4
70,9,2104,3,775,-3:4,17,635.5,16,-3:4>775/4|-3:5>2104/4|-2:3>1372/3|-2:5>-1/-1|-1:3>2057/2|-1:4>527/2
71,3,1986,4,1986,CL,34,1282.2,32,-6:8>2227/1|-5:7>1986/6|-5:9>2096/2|-4:7>1986/5|-4:8>1986/5
72,6,289,2,945,-4:4,11,383.4,10,-4:4>945/1|-4:5>473/1|-3:3>289/3|-3:5>-1/-1|-2:3>957/5|-2:4>-1/-1
73,6,2053,1,1770,0:4,34,1227.1,32,0:4>1770/1|0:5>706/2|1:3>-1/-1|1:5>2053/3|2:3>466/6|2:4>466/5
74,6,571,2,571,CL,20,709.5,19,0:0>571/4|0:1>571/4|1:-1>2291/4|1:1>-1/-1|2:-1>30/1|2:0>572/2
75,13,1460,2,1460,CL,5,182.6,5,-3:1>1151/4|-3:2>1460/3|-2:0>294/2|-2:2>699/3|-1:0>1538/2|-1:1>1163/2
76,4,435,2,470,1:1,24,870.1,17,-1:2>-1/-1|-1:3>902/4|0:1>-1/-1|0:3>902/4|1:1>470/2|1:2>470/3
77,9,1459,3,2018,-4:-1,23,869.2,23,-5:-1>1459/5|-5:1>714/3|-4:-1>2018/1|-4:0>1300/2
78,9,1206,4,201,1:0,24,849.0,23,1:0>201/5|1:1>595/4|2:-1>1206/5|2:1>2252/1|3:-1>1206/5|3:0>1543/1
79,6,-1,-1,593,-3:5,19,747.0,16,-4:4>-1/-1|-4:5>-1/-1|-3:3>-1/-1|-3:5>593/2|-2:3>-1/-1|-2:4>756/2
80,4,531,1,2253,1:4,39,1380.1,37,1:4>2253/3|1:5>2253/5|2:3>2253/4|2:5>2253/6
81,7,853,2,752,-5:3,25,938.4,23,-6:2>855/6|-6:4>853/3|-5:2>855/5|-5:3>752/4
82,4,49,4,49,CL,22,852.9,22,-5:0>49/5|-5:1>-1/-1|-4:-1>49/6|-4:1>2145/1|-3:-1>49/5|-3:0>381/2
83,10,506,1,506,CL,25,896.3,23,-7:7>-1/-1|-7:8>865/5|-6:6>116/1|-6:8>865/4|-5:6>506/2|-5:7>865/5
84,11,-1,-1,381,-4:0,24,918.9,24,-4:0>381/1|-4:1>576/1|-3:-1>-1/-1|-3:1>-1/-1|-2:-1>-1/-1|-2:0>-1/-1
85,8,1735,1,1477,3:1,30,1044.6,27,2:0>-1/-1|2:1>-1/-1|3:-1>-1/-1|3:1>1477/1
86,5,2188,2,850,0:0,17,581.3,15,0:0>850/1|0:1>2188/3|1:-1>2188/5|1:1>-1/-1|2:-1>2188/5|2:0>2188/6
87,5,101,5,1100,-4:3,16,556.0,14,-6:4>1661/3|-6:5>101/5|-5:3>1661/3|-5:5>101/4|-4:3>1100/2|-4:4>1100/3
88,9,-1,-1,1515,1:-1,20,742.6,19,0:-2>610/2|0:-1>1032/2|1:-3>1431/4|1:-1>1515/3|2:-3>1143/4|2:-2>1143/3
89,6,1888,2,1960,2:1,30,1059.2,28,2:1>1960/4|2:2>-1/-1|3:0>111/2
90,1,789,7,789,CL,40,1479.1,39,-5:-2>789/8|-4:-2>789/7|-3:-3>-1/-1
91,7,1281,2,569,2:-4,35,1314.8,33,2:-5>-1/-1|2:-4>569/3|3:-6>-1/-1|3:-4>1281/3
92,6,-1,-1,288,0:-1,23,854.6,22,0:-2>1358/2|0:-1>288/4|1:-3>68/1|1:-1>288/6|2:-3>1421/2|2:-2>288/5
93,3,312,2,312,CL,46,1642.6,41,-1:6>312/4|0:5>-1/-1|1:5>312/3
94,7,160,4,2286,-3:4,12,453.2,11,-3:3>1233/3|-3:4>2286/1|-2:2>1233/4|-2:4>160/3|-1:2>762/4|-1:3>160/4
95,8,1908,3,799,1:5,42,1501.4,39,1:5>799/1|2:4>1350/2
96,5,2309,2,2309,CL,30,1039.8,28,2:1>2309/4|2:2>-1/-1|3:0>1888/4
97,8,2046,2,520,-1:-4,38,1418.6,33,-1:-4>520/3|-1:-3>1303/2|0:-3>-1/-1|1:-5>-1/-1|1:-4>2046/5
98,12,1290,3,990,1:-2,27,1011.0,23,0:-3>686/1|0:-2>1670/1|1:-4>1982/3|1:-2>990/4|2:-4>-1/-1|2:-3>1290/4
99,8,2177,2,1476,-2:1,9,315.8,8,-3:0>2132/4|-3:1>-1/-1|-2:-1>-1/-1|-2:1>1476/2|-1:-1>-1/-1|-1:0>1152/2
100,5,632,4,632,CL,36,1351.0,33,-5:8>632/4|-5:9>632/5|-4:7>322/4|-3:7>2042/1
101,6,2245,4,87,-4:3,17,579.0,15,-6:4>1765/2|-6:5>2245/4|-5:3>1765/2|-5:5>2245/3|-4:3>87/3|-4:4>87/4
102,6,267,3,1709,-3:6,35,1274.4,33,-4:7>530/4|-4:8>530/4|-3:6>1709/2|-2:6>149/3|-2:7>267/3
103,8,1514,3,1279,-5:-1,31,1139.9,29,-5:-1>1279/2|-4:-3>457/3|-4:-2>147/2
104,5,861,5,861,CL,22,831.5,20,-6:5>1291/2|-6:6>861/5|-5:4>-1/-1|-5:6>861/4|-4:4>-1/-1|-4:5>861/5
105,1,-1,-1,-1,-,-1,0.0,-1,1:-5>-1/-1|1:-4>-1/-1|2:-4>-1/-1|3:-6>-1/-1|3:-5>661/2
106,7,1938,2,2199,3:-2,30,1163.7,29,3:-3>1652/1|3:-2>2199/1
107,8,187,3,344,1:-1,21,817.9,20,1:-1>344/1|1:0>1561/3|2:-2>144/2|2:0>1561/4|3:-2>187/4|3:-1>187/4
108,3,2148,1,1025,-1:4,27,971.0,25,-3:5>-1/-1|-3:6>1819/3|-2:4>-1/-1|-2:6>-1/-1|-1:4>1025/4|-1:5>-1/-1
109,2,-1,-1,35,-6:7,28,1022.0,25,-7:6>-1/-1|-7:7>1737/2|-6:5>-1/-1|-6:7>35/3|-5:5>-1/-1|-5:6>-1/-1
110,7,-1,-1,1490,-5:7,30,1130.4,28,-6:8>27/1|-5:7>1490/1|-5:9>-1/-1|-4:7>-1/-1|-4:8>-1/-1
111,9,1960,3,1960,CL,30,1066.2,28,2:1>1960/4|2:2>-1/-1|3:0>2180/1
112,7,-1,0,427,-3:-2,30,1112.3,28,-4:-3>-1/-1|-4:-2>1455/1|-3:-2>427/1|-2:-3>454/7
113,6,2100,2,2100,CL,9,343.8,8,-4:3>1505/1|-4:4>2100/2|-3:2>2100/6|-3:4>2100/4|-2:2>2100/7|-2:3>2100/7
114,7,363,3,363,CL,34,1274.7,30,0:-4>1955/4|0:-3>363/4|1:-5>-1/-1|1:-3>363/5|2:-5>1589/1|2:-4>2161/3
115,3,2197,2,1821,-4:0,20,754.0,19,-4:-1>-1/-1|-4:0>1821/2|-3:-2>2197/5|-3:0>-1/-1|-2:-2>2197/5|-2:-1>-1/-1
116,5,-1,-1,2072,-6:7,25,911.4,23,-7:6>-1/-1|-7:7>1332/4|-6:5>-1/-1|-6:7>2072/1|-5:5>-1/-1|-5:6>-1/-1
117,8,119,7,666,-1:5,30,1076.0,28,-1:4>119/8|-1:5>666/1|0:3>119/6|0:5>2219/1|1:3>119/4|1:4>119/3
118,2,2238,3,2238,CL,35,1339.1,34,3:-3>2238/4|3:-2>2238/6
119,6,2191,6,117,-1:5,31,1114.7,29,-1:4>2191/7|-1:5>117/2|0:3>2191/5|0:5>1103/1|1:3>2191/3|1:4>2214/2
120,4,-1,-1,754,-1:5,34,1220.5,32,-1:5>754/5|-1:6>-1/-1|0:4>1210/3|0:6>-1/-1|1:4>2006/1|1:5>-1/-1
121,6,985,1,650,0:-3,32,1199.7,29,0:-4>1109/1|0:-3>650/3|1:-5>-1/-1|1:-3>650/3|2:-5>1902/4|2:-4>1902/6
122,4,466,3,1405,0:4,34,1251.0,32,0:4>1405/2|0:5>466/3|1:3>-1/-1|1:5>466/5|2:3>1942/4|2:4>1942/3
123,5,1410,3,1410,CL,14,481.5,13,-1:0>1410/4|-1:1>1410/3|0:-1>1849/4|0:1>379/3|1:-1>1849/3|1:0>2022/2
124,4,623,1,459,2:-1,26,955.6,25,2:-1>459/1|2:0>-1/-1|3:-2>1887/2|3:0>-1/-1
125,3,271,3,271,CL,33,1232.5,29,-2:-3>-1/-1|-1:-3>271/5|0:-4>271/7
126,8,1673,4,1673,CL,28,1092.3,27,2:-2>1760/1|2:-1>1673/4|3:-3>1188/1|3:-1>1673/5|4:-3>1223/4
127,8,583,5,1104,-2:6,34,1195.6,31,-4:7>583/7|-4:8>583/6|-3:6>1711/3|-2:6>1104/1|-2:7>583/5
128,3,141,4,2006,1:4,36,1312.6,34,0:5>-1/-1|0:6>141/6|1:4>2006/1|2:4>141/6|2:5>141/5
129,3,2221,2,2221,CL,27,1048.9,26,-4:-2>-1/-1|-4:-1>446/5|-3:-3>446/2|-3:-1>2221/4|-2:-3>2086/2|-2:-2>2221/4
130,6,1713,1,1713,CL,26,925.5,24,0:-3>1290/3|0:-2>297/3|1:-4>2183/4|1:-2>1713/2|2:-4>-1/-1|2:-3>1713/2
131,4,728,3,728,CL,9,316.8,9,-2:0>1152/1|-2:1>728/3|-1:-1>1911/2|-1:1>1069/4|0:-1>1069/5|0:0>1069/4
132,5,-1,-1,1513,-1:-1,15,539.1,14,-3:-1>-1/-1|-3:0>-1/-1|-2:-2>-1/-1|-2:0>-1/-1|-1:-2>1552/2|-1:-1>1513/2
133,6,1140,3,760,-4:-1,26,958.0,26,-5:-1>1140/5|-5:1>1674/1|-4:-1>760/6|-4:0>760/4
134,5,851,2,1932,-5:0,29,1129.9,29,-5:-2>1160/2|-5:0>1932/5|-4:-2>1160/3|-4:-1>1932/4
135,6,-1,0,1421,1:-2,25,943.1,24,1:-3>1713/1|1:-2>1421/1|2:-4>158/4|2:-2>158/4|3:-4>158/5|3:-3>158/4
136,5,-1,0,-1,0:0,0,0.0,0,-4:2>-1/-1|-4:3>-1/-1|-3:1>-1/-1|-3:3>198/3|-2:1>1404/2|-2:2>198/2
137,6,1890,1,1698,-5:3,20,685.7,18,-6:4>1457/2|-6:5>401/1|-5:3>1698/5|-5:5>161/2|-4:3>1698/6|-4:4>1698/7
138,5,-1,0,1212,1:-2,21,808.4,20,1:-2>1212/3|1:-1>1212/2|2:-3>931/4|2:-1>1363/3|3:-3>-1/-1|3:-2>-1/-1
139,9,1520,3,2060,1:-1,22,833.6,21,1:-2>1863/1|1:-1>2060/3|2:-3>48/1|2:-1>933/5|3:-3>-1/-1|3:-2>-1/-1
140,3,215,2,900,2:4,41,1460.5,39,0:5>-1/-1|0:6>215/5|1:4>215/6|2:4>900/2|2:5>1966/2
141,3,687,3,2083,1:4,37,1333.7,35,0:5>-1/-1|0:6>687/5|1:4>2083/2|2:4>687/5|2:5>687/4
142,6,-1,-1,1632,1:-1,18,672.8,16,-1:-1>-1/-1|-1:0>-1/-1|0:-2>-1/-1|0:0>-1/-1|1:-2>1884/2|1:-1>1632/1
143,3,-1,-1,169,-3:0,16,620.0,15,-4:-1>-1/-1|-4:0>-1/-1|-3:-2>-1/-1|-3:0>169/1|-2:-2>-1/-1|-2:-1>-1/-1
144,9,187,3,344,1:-1,21,811.4,20,1:-1>344/1|1:0>1561/3|2:-2>751/1|2:0>1561/4|3:-2>187/4|3:-1>187/4
145,2,1995,1,1995,CL,37,1295.1,34,-3:7>2222/4|-2:6>2222/4|-1:6>1995/4
146,3,119,7,117,-1:5,31,1118.8,29,-1:4>119/8|-1:5>117/2|0:3>119/6|0:5>119/2|1:3>119/4|1:4>119/3
147,6,457,4,668,-4:-2,31,1161.7,30,-5:-1>2128/3|-4:-3>1399/2|-4:-2>668/1
148,2,1916,3,1916,CL,24,876.1,21,-6:3>1916/5|-6:5>1916/5|-5:3>1916/6|-5:4>1916/5
149,7,267,3,583,-2:6,35,1235.4,32,-4:7>267/5|-4:8>267/4|-3:6>1596/3|-2:6>583/2|-2:7>1977/3
150,10,1393,2,1166,-4:-1,27,1044.0,27,-5:-2>619/2|-5:0>2162/3|-4:-2>1118/3|-4:-1>1166/2
151,5,112,1,2143,-3:-2,31,1148.7,29,-4:-3>-1/-1|-4:-2>454/2|-3:-2>2143/2|-2:-3>1718/6
152,12,1283,3,1283,CL,6,223.1,6,-3:1>294/4|-3:2>1283/4|-2:0>1017/2|-2:2>75/4|-1:0>1089/1|-1:1>1538/3
153,10,1393,2,2041,-4:-1,27,1014.3,26,-5:-2>1118/3|-5:0>735/2|-4:-2>1166/3|-4:-1>2041/2
154,4,-1,-1,-1,-,-1,0.0,-1,2:-5>1754/2|2:-4>-1/-1|3:-6>1802/1|3:-4>-1/-1
155,2,347,5,347,CL,13,474.1,11,-5:4>347/3|-5:5>1264/1|-4:3>347/3|-4:5>347/5|-3:3>347/4|-3:4>347/6
156,12,70,4,225,-2:3,17,622.8,15,-3:4>775/4|-3:5>70/5|-2:3>225/2|-2:5>-1/-1|-1:3>1333/1|-1:4>1827/3
157,3,-1,-1,1632,1:-1,18,672.0,17,0:-2>1515/4|0:-1>1884/1|1:-3>1515/6|1:-1>1632/1|2:-3>1515/5|2:-2>1515/4
158,6,135,1,1614,2:-2,25,943.1,24,1:-3>2279/2|1:-2>2116/2|2:-4>943/3|2:-2>1614/3|3:-4>943/4|3:-3>1614/3
159,8,1208,6,1651,-5:1,28,1080.0,28,-6:3>1208/8|-5:1>1651/1|-5:2>1208/9
160,7,664,3,1184,-3:4,13,477.9,12,-3:3>762/3|-3:4>1184/2|-2:2>762/4|-2:4>29/2|-1:2>762/4|-1:3>664/3
161,7,1890,1,1394,-5:3,21,711.6,19,-6:4>137/3|-6:5>401/1|-5:3>1394/6|-5:5>1872/1|-4:3>1394/7|-4:4>1394/8
162,4,636,1,2239,-5:7,29,1103.6,27,-6:8>636/6|-5:7>2239/1|-5:9>636/4|-4:7>343/1|-4:8>636/3
163,5,790,3,790,CL,21,725.4,20,0:1>790/5|0:2>790/5|1:0>845/3|1:2>790/3|2:0>845/2|2:1>482/1
164,7,794,3,-1,-,-1,0.0,-1,2:-5>1073/4|3:-5>1073/3
165,8,-1,-1,500,3:-3,31,1161.4,30,2:-4>-1/-1|2:-3>930/4|3:-5>-1/-1|3:-3>500/1
166,4,2203,6,532,-2:2,12,439.9,11,-3:3>997/3|-3:4>2203/4|-2:2>532/1|-2:4>2203/5|-1:2>1954/3|-1:3>2203/6
167,8,2016,4,1126,1:-2,28,1039.5,24,0:-3>2070/1|0:-2>1670/1|1:-4>420/4|1:-2>1126/5|2:-4>-1/-1|2:-3>2016/5
168,5,653,2,2155,-3:2,3,139.5,3,-3:1>937/1|-3:2>2155/1|-2:0>653/6|-2:2>653/4|-1:0>653/6|-1:1>653/5
169,7,1565,1,834,-4:0,15,582.7,15,-4:0>834/3|-4:1>-1/-1|-3:-1>143/1|-3:1>-1/-1|-2:-1>1565/2|-2:0>834/4
170,7,2046,2,520,-1:-4,38,1430.1,33,-1:-4>520/3|-1:-3>1303/2|0:-3>-1/-1|1:-5>-1/-1|1:-4>2046/5
171,5,-1,0,1227,1:-4,37,1361.1,33,-1:-4>2046/5|-1:-3>2046/4|0:-3>-1/-1|1:-5>-1/-1|1:-4>1227/3
172,5,753,3,753,CL,24,906.0,24,-5:-1>753/4|-5:0>753/5|-4:-2>849/3|-4:0>753/4|-3:-2>1534/1|-3:-1>-1/-1
173,6,2293,2,686,1:-3,30,1106.2,25,-1:-3>2293/5|-1:-2>-1/-1|0:-4>-1/-1|0:-2>-1/-1|1:-4>1921/2|1:-3>686/2
174,9,628,3,25,-1:5,28,1016.4,26,-3:6>628/4|-3:7>567/5|-2:5>483/2|-2:7>567/4|-1:5>25/1|-1:6>567/3
175,4,1941,2,1941,CL,26,917.5,24,-2:4>1941/6|-2:5>1941/4|-1:3>-1/-1|-1:5>1743/2|0:3>-1/-1|0:4>2095/2
176,8,1318,3,939,-2:6,33,1189.5,30,-3:7>1318/4|-2:6>939/1|-1:6>1111/1
177,8,318,2,1101,-2:1,8,318.4,8,-2:0>1069/3|-2:1>1101/2|-1:-1>1069/4|-1:1>1101/2|0:-1>720/4|0:0>720/3
178,7,945,1,383,-3:3,9,321.8,8,-5:4>913/6|-5:5>913/6|-4:3>913/6|-4:5>913/5|-3:3>383/1|-3:4>289/1
179,2,-1,-1,110,-5:7,31,1166.0,29,-6:8>313/2|-5:7>110/2|-5:9>-1/-1|-4:7>-1/-1|-4:8>-1/-1
180,5,216,4,216,CL,27,1013.9,24,-5:6>216/3|-5:7>577/1|-4:5>-1/-1|-4:7>216/6|-3:5>216/6|-3:6>216/6
181,3,1637,2,2298,1:0,20,700.9,19,0:1>1637/4|0:2>1637/5|1:0>2298/1|1:2>1637/4|2:0>1833/2|2:1>1833/4
182,3,920,4,920,CL,16,613.3,13,-5:5>920/6|-5:6>920/5|-4:4>920/4|-4:6>-1/-1|-3:4>920/3|-3:5>2296/1
183,9,2080,2,1775,-6:3,25,898.3,23,-6:3>1775/3|-6:4>1775/5|-5:2>1864/1|-5:4>-1/-1|-4:2>18/2|-4:3>1775/4
184,5,1203,5,1822,1:2,27,940.3,24,0:3>-1/-1|0:4>1203/4|1:2>1822/1|1:4>1203/5|2:2>429/2|2:3>1203/5
185,11,633,1,-1,-,-1,0.0,-1,2:-5>1936/1|3:-5>1559/1
186,10,-1,0,821,-1:0,11,404.0,10,-1:0>821/1|-1:1>286/3|0:-1>570/2|0:1>286/6|1:-1>570/4|1:0>286/5
187,9,1985,2,144,1:-1,22,859.3,21,1:-1>144/2|1:0>107/4|2:-2>144/2|2:0>1570/4|3:-2>1985/3|3:-1>228/3
188,5,341,4,341,CL,34,1210.3,32,1:3>341/5|1:4>1368/1|2:2>341/4|2:4>1287/2
189,4,2173,2,1911,-1:0,11,390.7,10,-2:-1>2173/3|-2:0>-1/-1|-1:-2>-1/-1|-1:0>1911/1|0:-2>-1/-1|0:-1>-1/-1
190,5,869,2,1552,-2:-1,17,618.4,16,-2:-2>869/3|-2:-1>1552/1|-1:-3>-1/-1|-1:-1>-1/-1|0:-3>-1/-1|0:-2>-1/-1
191,12,18,2,1443,-6:3,26,935.8,24,-6:3>1443/4|-6:4>1443/6|-5:2>1864/1|-5:4>-1/-1|-4:2>1063/1|-4:3>1443/5
192,10,1587,2,707,-3:-1,22,835.8,19,-3:-2>-1/-1|-3:-1>707/5|-2:-3>-1/-1|-2:-1>242/3|-1:-3>611/2|-1:-2>1933/1
193,3,897,2,868,2:-3,27,1004.4,26,2:-3>868/2|2:-2>897/4|3:-4>333/3|3:-2>897/4|4:-3>333/5
194,5,-1,-1,1924,0:1,17,564.3,15,0:1>1924/1|0:2>-1/-1|1:0>924/1|1:2>-1/-1|2:0>-1/-1|2:1>-1/-1
195,4,-1,-1,829,-2:2,9,324.4,8,-2:2>829/4|-2:3>829/6|-1:1>7/1|-1:3>-1/-1|0:1>-1/-1|0:2>-1/-1
196,3,1296,3,1296,CL,14,491.8,13,-2:-1>1296/4|-2:0>-1/-1|-1:-2>-1/-1|-1:0>1296/4|0:-2>-1/-1|0:-1>-1/-1
197,7,820,2,820,CL,32,1217.0,30,-6:8>820/6|-5:7>820/4|-5:9>1907/3|-4:7>932/1|-4:8>1220/1
198,5,136,1,136,CL,1,33.9,1,-4:2>-1/-1|-4:3>-1/-1|-3:1>-1/-1|-3:3>58/2|-2:1>136/3|-2:2>342/1
199,4,380,1,2176,-5:7,30,1121.1,27,-5:7>2176/3|-5:8>2176/3|-4:6>575/2|-4:8>-1/-1|-3:6>-1/-1|-3:7>-1/-1
200,7,889,3,235,-5:6,20,763.4,18,-6:5>1666/3|-6:6>889/3|-5:4>-1/-1|-5:6>235/2|-4:4>-1/-1|-4:5>889/3
201,10,2211,3,2097,1:0,23,814.6,22,1:0>2097/4|1:1>2097/4|2:-1>2211/4|2:1>2164/2|3:-1>2211/4|3:0>1206/2
202,3,-1,-1,2124,-2:-3,28,1059.1,25,-2:-3>2124/7|-2:-2>2124/5|-1:-4>2124/8|-1:-2>-1/-1|0:-4>-1/-1|0:-3>1461/1
203,4,-1,0,1361,-1:-3,30,1127.6,26,-2:-3>-1/-1|-1:-3>1361/2|0:-4>448/5
204,5,1577,4,1217,-6:7,27,1014.5,25,-6:7>1217/6|-6:8>1217/6|-5:6>1577/4|-5:8>1577/4|-4:6>1098/2|-4:7>1766/1
205,7,587,1,1823,-3:2,4,145.6,4,-3:2>1823/3|-3:3>587/3|-2:1>1432/3|-2:3>-1/-1|-1:1>1432/3|-1:2>-1/-1
206,5,1065,1,769,2:1,28,973.0,26,2:1>769/2|2:2>-1/-1|3:0>1620/3
207,5,1907,2,1907,CL,32,1243.9,30,-6:8>1907/6|-5:7>1907/4|-5:9>439/1|-4:7>1907/3|-4:8>1907/2
208,5,251,3,251,CL,44,1603.9,42,-1:6>251/6|0:5>-1/-1|1:5>251/3
209,3,-1,0,777,-5:8,37,1453.9,35,-5:8>777/5|-4:8>777/6
210,2,1191,1,629,-6:3,28,1059.1,26,-6:3>629/2|-5:1>1191/8|-5:2>629/3
211,7,1509,1,262,-2:7,40,1416.4,36,-2:6>-1/-1|-2:7>262/3|-1:5>-1/-1|0:5>-1/-1|0:6>1509/2
212,3,1108,3,757,-4:6,33,1230.5,30,-4:5>-1/-1|-4:6>757/1|-3:4>-1/-1|-3:6>1108/5|-2:4>-1/-1|-2:5>-1/-1
213,2,24,1,24,CL,30,1126.3,27,-5:6>24/5|-5:7>24/3|-4:5>-1/-1|-4:7>24/3|-3:5>24/4|-3:6>1845/1
214,4,2193,1,315,1:-3,31,1199.2,30,1:-4>2193/4|1:-3>315/3|2:-5>-1/-1|2:-3>325/4|3:-5>325/4|3:-4>325/4
215,6,1020,1,287,0:6,40,1448.3,38,0:5>-1/-1|0:6>287/4|1:4>287/5|2:4>900/2|2:5>799/2
216,9,948,3,1297,-5:7,26,977.8,24,-5:6>608/2|-5:7>1297/1|-4:5>-1/-1|-4:7>948/5|-3:5>948/5|-3:6>948/5
217,4,1917,4,1917,CL,28,1081.0,27,1:-3>1917/4|1:-2>1917/5|2:-4>2262/1|2:-2>1917/6|3:-4>543/1|3:-3>1917/6
218,5,-1,-1,1067,-1:4,27,962.8,25,-2:5>1268/3|-2:6>1268/4|-1:4>1067/3|-1:6>1268/6|0:4>440/3|0:5>440/3
219,5,1425,1,1425,CL,20,738.2,18,-3:4>1113/2|-3:5>364/1|-2:3>1425/6|-2:5>-1/-1|-1:3>1425/5|-1:4>1425/5
220,6,915,1,601,-4:-1,21,798.6,21,-5:0>915/2|-5:1>-1/-1|-4:-1>601/4|-4:1>346/3|-3:-1>601/4|-3:0>346/4
221,3,-1,-1,-1,-,-1,0.0,-1,-7:7>-1/-1|-6:7>-1/-1|-6:8>-1/-1
222,3,-1,-1,-1,-,-1,0.0,-1,1:2>-1/-1|1:3>-1/-1|2:1>-1/-1|2:3>-1/-1|3:1>57/1
223,8,2275,2,1705,-3:2,4,133.2,4,-3:1>2275/5|-3:2>1705/3|-2:0>699/4|-2:2>2/1|-1:0>699/3|-1:1>1485/1
224,3,-1,-1,23,-2:5,30,1080.9,28,-4:6>1050/3|-4:7>1050/5|-3:5>1050/3|-3:7>1050/6|-2:5>23/1|-2:6>-1/-1
225,10,775,4,1442,-2:3,16,586.0,14,-3:4>2140/3|-3:5>775/5|-2:3>1442/1|-2:5>-1/-1|-1:3>2056/1|-1:4>1372/4
226,5,1648,3,1648,CL,24,905.9,22,-6:2>1187/3|-6:4>1648/4|-5:2>2225/2|-5:3>2225/2
227,4,725,2,725,CL,29,1046.0,27,-5:3>725/3|-5:4>-1/-1|-4:2>1604/1|-4:4>-1/-1|-3:2>-1/-1|-3:3>-1/-1
228,13,1985,2,187,1:-1,23,893.7,22,1:-1>187/3|1:0>1570/5|2:-2>1985/3|2:0>1473/4|3:-2>1810/2|3:-1>918/2
229,8,249,4,249,CL,23,855.2,21,-6:6>249/5|-6:7>1337/1|-5:5>249/5|-5:7>1047/1|-4:5>249/6|-4:6>-1/-1
230,7,450,2,18,-5:3,27,970.5,25,-5:2>1063/2|-5:3>18/1|-4:1>-1/-1|-4:3>450/2|-3:1>-1/-1|-3:2>-1/-1
231,7,826,3,826,CL,27,1038.9,26,2:-2>1133/2|2:-1>826/3|3:-3>887/2|3:-1>826/4|4:-3>887/3
232,11,-1,-1,381,-4:0,24,903.0,23,-4:0>381/1|-4:1>576/1|-3:-1>-1/-1|-3:1>-1/-1|-2:-1>-1/-1|-2:0>-1/-1
233,4,484,2,1099,-1:-2,30,1159.0,26,-1:-2>1099/3|-1:-1>-1/-1|0:-3>-1/-1|0:-1>484/4|1:-3>-1/-1|1:-2>-1/-1
234,5,-1,-1,1645,-4:1,24,926.5,24,-6:2>876/5|-5:0>-1/-1|-5:2>876/4|-4:0>-1/-1|-4:1>1645/1
235,8,2008,2,539,-5:6,19,721.8,17,-6:5>1362/4|-6:6>2008/2|-5:4>-1/-1|-5:6>539/1|-4:4>-1/-1|-4:5>2005/2
236,4,1570,3,1561,1:-1,23,831.6,22,1:-1>1561/3|1:0>1561/3|2:-2>1561/3|2:0>1430/2|3:-2>1570/3|3:-1>2186/3
237,1,2231,3,2231,CL,35,1251.9,33,1:3>2231/6|1:4>2231/5|2:2>2231/4|2:4>2231/6
238,6,1909,1,968,-2:1,6,262.7,6,-4:1>-1/-1|-4:2>1488/4|-3:0>1155/2|-3:2>1488/4|-2:0>-1/-1|-2:1>968/3
239,7,-1,-1,165,3:-3,32,1192.2,31,2:-4>-1/-1|2:-3>930/4|3:-5>-1/-1|3:-3>165/2
240,6,1054,2,770,-5:4,24,839.2,21,-7:6>-1/-1|-6:4>-1/-1|-6:6>2017/2|-5:4>770/3|-5:5>770/3
241,8,857,2,619,-4:-1,29,1088.1,28,-5:-2>1279/1|-5:0>857/5|-4:-2>698/2|-4:-1>619/4
242,8,519,2,1080,-3:-1,21,819.8,18,-3:-2>-1/-1|-3:-1>1080/4|-2:-3>-1/-1|-2:-1>856/2|-1:-3>192/3|-1:-2>1933/1
243,10,-1,-1,381,-4:0,24,919.0,24,-4:0>381/1|-4:1>576/1|-3:-1>-1/-1|-3:1>-1/-1|-2:-1>-1/-1|-2:0>-1/-1
244,8,51,5,2218,-5:9,35,1388.0,33,-5:8>51/5|-5:9>2218/2|-4:7>51/5|-3:7>1794/3
245,8,1469,5,1469,CL,33,1162.9,31,-3:6>1469/6|-3:7>1469/5|-2:5>1469/6|-2:7>1318/1|-1:5>1469/6|-1:6>939/2
246,3,119,7,117,-1:5,31,1104.0,29,-1:4>119/8|-1:5>117/2|0:3>119/6|0:5>117/2|1:3>119/4|1:4>119/3
247,6,744,3,744,CL,11,408.9,10,-5:4>744/5|-5:5>744/5|-4:3>744/5|-4:5>1412/2|-3:3>744/3|-3:4>744/4
248,5,565,3,2229,-2:7,36,1297.4,34,-4:7>565/6|-4:8>565/4|-3:6>1977/5|-2:6>1977/4|-2:7>2229/1
249,8,904,3,904,CL,22,814.3,20,-6:6>904/4|-6:7>1337/1|-5:5>904/4|-5:7>784/2|-4:5>904/5|-4:6>-1/-1
250,10,1460,2,1460,CL,5,176.3,5,-3:1>1151/4|-3:2>1460/3|-2:0>1283/3|-2:2>699/3|-1:0>1538/2|-1:1>561/2
251,11,1366,2,1696,1:5,43,1559.8,41,-1:6>1366/5|0:5>-1/-1|1:5>1696/2
252,6,1685,4,1685,CL,23,861.0,20,-1:2>-1/-1|-1:3>1685/2|0:1>-1/-1|0:3>2205/1|1:1>1120/5|1:2>1471/2
253,4,971,3,1565,-3:0,15,608.7,15,-3:-1>-1/-1|-3:0>1565/1|-2:-2>971/4|-2:0>-1/-1|-1:-2>971/5|-1:-1>-1/-1
254,8,1344,1,2294,-4:0,26,967.2,26,-5:-1>1344/3|-5:1>1140/3|-4:-1>393/5|-4:0>2294/4
255,6,544,1,1867,-1:3,26,949.7,24,-1:3>1867/5|-1:4>-1/-1|0:2>1867/3|0:4>544/3|1:2>-1/-1|1:3>-1/-1
256,5,1027,3,1027,CL,31,1186.5,29,-6:3>1027/5|-5:1>966/4|-5:2>1027/6
257,6,31,4,1412,-4:4,13,482.4,12,-5:5>31/6|-5:6>31/5|-4:4>1412/1|-4:6>-1/-1|-3:4>886/4|-3:5>886/5
258,12,2281,1,1938,3:-2,32,1233.6,31,3:-3>958/1|3:-2>1938/3
259,6,853,2,853,CL,25,938.0,23,-6:2>855/6|-6:4>853/3|-5:2>855/5|-5:3>81/5
260,12,2281,1,1938,3:-2,32,1236.2,31,3:-3>958/1|3:-2>1938/3
261,9,1089,1,1017,-2:1,7,259.3,7,-2:0>2026/1|-2:1>1017/1|-1:-1>728/4|-1:1>1089/3|0:-1>728/6|0:0>728/5
262,4,211,2,1301,-2:7,39,1380.0,35,-2:6>-1/-1|-2:7>1301/2|-1:5>-1/-1|0:5>-1/-1|0:6>211/3
263,5,2078,4,2078,CL,26,982.4,24,-6:7>371/1|-6:8>894/1|-5:6>2078/3|-5:8>1040/3|-4:6>2078/5|-4:7>2078/6
264,5,1280,4,1280,CL,12,447.1,11,-5:4>1280/5|-5:5>1280/5|-4:3>1280/5|-4:5>257/1|-3:3>1280/4|-3:4>1280/5
265,1,2114,5,2114,CL,32,1127.3,30,1:3>2114/3|1:4>2114/6|2:2>2114/3|2:4>2114/7
266,3,1025,2,1256,-1:4,25,886.4,23,-3:5>-1/-1|-3:6>1025/4|-2:4>-1/-1|-2:6>-1/-1|-1:4>1256/2|-1:5>-1/-1
267,7,423,2,149,-2:6,36,1284.7,33,-4:7>530/4|-4:8>423/3|-3:6>102/3|-2:6>149/3|-2:7>1328/2
268,6,-1,0,1663,-6:4,23,863.6,21,-6:2>1185/6|-6:4>1663/1|-5:2>1185/5|-5:3>1185/4
269,5,1335,2,971,-3:0,17,663.2,17,-3:-1>-1/-1|-3:0>971/3|-2:-2>1335/3|-2:0>-1/-1|-1:-2>1429/4|-1:-1>-1/-1
270,9,731,2,1554,-2:7,33,1172.9,31,-3:6>1535/2|-3:7>127/1|-2:5>731/5|-2:7>1554/5|-1:5>1554/6|-1:6>1554/5
271,5,1072,2,1072,CL,32,1204.3,28,-2:-3>-1/-1|-1:-3>1072/4|0:-4>1072/6
272,6,2010,4,1790,1:1,21,745.0,20,0:2>52/3|0:3>-1/-1|1:1>1790/1|1:3>2010/5|2:1>2160/3|2:2>2160/4
273,3,1488,2,361,-2:1,5,221.3,5,-4:1>-1/-1|-4:2>1488/4|-3:0>1488/4|-3:2>1488/4|-2:0>-1/-1|-2:1>361/2
274,8,1208,6,1651,-5:1,28,1090.9,28,-6:3>1208/8|-5:1>1651/1|-5:2>1208/9
275,9,1238,3,2028,-6:6,28,1002.2,24,-7:7>2249/3|-6:5>-1/-1|-6:6>2028/1
276,5,-1,-1,750,2:3,33,1159.1,31,1:2>-1/-1|1:3>-1/-1|2:1>-1/-1|2:3>750/1|3:1>-1/-1
277,5,1902,3,1902,CL,34,1254.5,30,0:-4>22/1|0:-3>1902/4|1:-5>-1/-1|1:-3>1902/5|2:-5>1597/4|2:-4>1597/5
278,5,124,2,124,CL,27,991.8,26,2:-1>124/2|2:0>-1/-1|3:-2>1536/2|3:0>-1/-1
279,9,249,4,249,CL,23,838.5,21,-6:6>249/5|-6:7>1337/1|-5:5>249/5|-5:7>229/2|-4:5>249/6|-4:6>-1/-1
280,10,1741,1,1741,CL,10,349.4,9,-4:4>2064/2|-4:5>957/3|-3:3>353/1|-3:5>-1/-1|-2:3>987/3|-2:4>-1/-1
281,5,570,2,570,CL,13,468.6,12,-1:0>570/2|-1:1>1800/4|0:-1>1306/1|0:1>2066/6|1:-1>1813/2|1:0>2066/5
282,3,-1,0,1641,1:1,24,874.3,23,1:0>1360/4|1:1>1641/5|2:-1>1360/2|2:1>1641/5|3:-1>1690/1|3:0>1641/3
283,5,762,5,2250,-3:3,13,470.7,12,-3:3>2250/1|-3:4>1233/3|-2:2>997/2|-2:4>762/4|-1:2>762/4|-1:3>762/5
284,5,-1,-1,513,-2:-2,25,957.0,22,-2:-3>1186/4|-2:-2>513/2|-1:-4>1186/5|-1:-2>-1/-1|0:-4>-1/-1|0:-3>1045/4
285,6,1784,1,1784,CL,35,1305.4,33,-5:-2>1784/3|-4:-2>1834/1|-3:-3>-1/-1
286,10,186,1,1767,-1:0,12,416.0,11,-1:0>1767/2|-1:1>701/2|0:-1>570/2|0:1>1410/5|1:-1>1849/3|1:0>1410/4
287,6,1020,1,687,1:4,39,1406.9,37,0:5>-1/-1|0:6>914/3|1:4>687/4|2:4>215/3|2:5>1020/2
288,6,-1,-1,614,1:-1,22,810.5,21,0:-2>1358/2|0:-1>1431/3|1:-3>92/2|1:-1>614/5|2:-3>92/3|2:-2>614/4
289,10,1741,1,1741,CL,10,352.0,9,-4:4>945/1|-4:5>72/2|-3:3>1741/2|-3:5>-1/-1|-2:3>280/4|-2:4>-1/-1
290,6,1788,2,2100,-3:2,9,320.7,8,-4:3>334/2|-4:4>2024/1|-3:2>2100/6|-3:4>1788/4|-2:2>2100/7|-2:3>1788/7
291,7,2013,2,2013,CL,11,384.7,10,-4:4>2013/2|-4:5>72/2|-3:3>2013/3|-3:5>-1/-1|-2:3>1351/4|-2:4>-1/-1
292,4,1236,1,1236,CL,28,985.6,26,-1:4>1236/2|-1:5>2089/8|0:3>357/3|0:5>2089/7|1:3>2089/4|1:4>2089/7
293,1,-1,-1,-1,-,-1,0.0,-1,2:-5>154/3|2:-4>-1/-1|3:-6>154/2|3:-4>-1/-1
294,14,1283,3,1283,CL,6,217.8,6,-3:1>1736/3|-3:2>1283/4|-2:0>2026/1|-2:2>75/4|-1:0>261/1|-1:1>1538/3
295,7,2022,5,2022,CL,16,552.6,15,-1:0>2022/6|-1:1>2022/5|0:-1>2022/6|0:1>2099/1|1:-1>2022/5|1:0>86/1
296,7,1778,1,492,0:-1,19,735.5,18,0:-1>492/4|0:0>492/5|1:-2>1132/1|1:0>492/5|2:-2>873/1|2:-1>1778/3
297,7,68,2,32,0:-2,25,934.3,23,0:-3>1290/3|0:-2>32/2|1:-4>2183/4|1:-2>68/2|2:-4>-1/-1|2:-3>68/3
298,4,953,6,953,CL,27,1043.0,27,-5:1>953/6|-5:2>953/7|-4:0>953/5|-4:2>2120/1|-3:0>953/4|-3:1>-1/-1
299,7,913,2,913,CL,10,357.7,9,-5:4>1649/4|-5:5>1649/4|-4:3>1649/4|-4:5>708/3|-3:3>913/2|-3:4>913/3
300,6,2287,1,189,-1:0,12,415.7,11,-2:-1>637/2|-2:0>-1/-1|-1:-2>-1/-1|-1:0>189/2|0:-2>-1/-1|0:-1>-1/-1
301,3,-1,-1,618,-1:2,11,389.2,10,-3:2>-1/-1|-3:3>-1/-1|-2:1>-1/-1|-2:3>532/2|-1:1>-1/-1|-1:2>618/1
302,5,2157,2,2157,CL,35,1297.5,34,-5:-2>1289/2|-4:-2>1869/3|-3:-3>-1/-1
303,6,1092,2,2246,-6:6,30,1098.6,26,-7:7>1037/2|-6:5>-1/-1|-6:6>2246/3
304,9,2294,3,1196,-4:0,24,912.9,24,-5:-1>2294/5|-5:1>1762/1|-4:-1>1549/4|-4:0>1196/2
305,5,81,3,81,CL,26,960.2,24,-6:2>855/6|-6:4>81/4|-5:2>855/5|-5:3>855/5
306,6,794,3,-1,-,-1,0.0,-1,2:-5>794/4|3:-5>794/3
307,3,1296,3,1296,CL,14,506.9,13,-2:-1>1296/4|-2:0>-1/-1|-1:-2>-1/-1|-1:0>1296/4|0:-2>-1/-1|0:-1>-1/-1
308,5,-1,-1,2036,-5:7,29,1093.6,26,-7:8>-1/-1|-6:7>-1/-1|-5:7>2036/1|-5:8>-1/-1
309,4,1992,4,1992,CL,11,406.1,10,-4:3>1992/7|-4:4>1992/4|-3:2>1992/8|-3:4>1992/2|-2:2>1992/9|-2:3>981/1
310,7,492,2,2151,0:-1,18,653.6,16,0:-1>2151/3|0:0>1660/3|1:-2>2151/3|1:0>1660/3|2:-2>492/3|2:-1>492/4
311,8,2128,5,698,-5:-1,30,1095.1,29,-5:-1>698/1|-4:-3>2128/4|-4:-2>668/1
312,7,817,1,2091,-1:6,45,1595.7,40,-1:6>2091/3|0:5>-1/-1|1:5>817/2
313,6,-1,-1,110,-5:7,31,1138.3,28,-6:8>27/1|-5:7>110/2|-5:9>-1/-1|-4:7>-1/-1|-4:8>-1/-1
314,2,1701,2,1701,CL,16,607.2,15,-5:5>1701/4|-5:6>1701/3|-4:4>1701/4|-4:6>-1/-1|-3:4>1701/4|-3:5>1701/5
315,4,2193,1,860,1:-3,30,1155.1,29,1:-4>2193/4|1:-3>860/2|2:-5>-1/-1|2:-3>860/5|3:-5>2193/5|3:-4>860/5
316,5,-1,-1,-1,-,-1,0.0,-1,1:5>-1/-1|2:4>-1/-1
317,6,1506,1,1167,2:-4,34,1291.4,32,2:-5>-1/-1|2:-4>1167/2|3:-6>-1/-1|3:-4>1281/3
318,8,1089,1,1089,CL,8,286.6,7,-2:0>1089/3|-2:1>1089/2|-1:-1>1024/5|-1:1>1101/2|0:-1>177/5|0:0>1285/3
319,6,1680,5,2034,-2:-1,19,763.1,19,-3:-2>-1/-1|-3:-1>508/1|-2:-3>-1/-1|-2:-1>2034/1|-1:-3>1680/6|-1:-2>1680/3
320,4,1281,2,1281,CL,35,1322.9,33,2:-5>-1/-1|2:-4>1281/3|3:-6>-1/-1|3:-4>1588/3
321,8,-1,-1,538,-1:5,32,1162.8,30,-1:5>538/3|-1:6>-1/-1|0:4>982/2|0:6>-1/-1|1:4>706/1|1:5>-1/-1
322,6,911,3,911,CL,35,1342.3,33,-5:8>911/3|-5:9>1794/4|-4:7>911/3|-3:7>2042/1
323,10,891,1,828,-1:0,13,491.7,13,-1:-1>-1/-1|-1:0>828/1|0:-2>-1/-1|0:0>1306/2|1:-2>-1/-1|1:-1>-1/-1
324,4,-1,0,2304,-7:8,33,1243.9,31,-7:8>2304/4|-6:7>-1/-1|-5:7>-1/-1|-5:8>2227/2
325,8,2193,1,2103,2:-3,31,1169.5,29,1:-4>486/3|1:-3>646/3|2:-5>-1/-1|2:-3>2103/3|3:-5>1626/3|3:-4>2103/3
326,10,-1,0,1436,0:2,25,893.8,23,0:2>1436/5|0:3>-1/-1|1:1>1436/4|1:3>429/1|2:1>1656/3|2:2>965/3
327,4,1671,2,424,1:2,26,919.8,24,1:2>424/2|1:3>793/5|2:1>424/2|2:3>793/5|3:1>-1/-1
328,4,-1,-1,813,-1:5,33,1204.9,31,-1:5>813/4|-1:6>-1/-1|0:4>754/3|0:6>-1/-1|1:4>754/3|1:5>-1/-1
329,8,587,1,1823,-3:2,4,143.1,4,-3:2>1823/3|-3:3>2063/2|-2:1>1432/3|-2:3>-1/-1|-1:1>1432/3|-1:2>-1/-1
330,3,2287,1,622,-1:0,14,480.9,13,-2:-1>637/2|-2:0>-1/-1|-1:-2>-1/-1|-1:0>622/4|0:-2>-1/-1|0:-1>-1/-1
331,5,1528,7,892,-5:9,35,1365.6,33,-5:8>1528/7|-5:9>892/2|-4:7>1528/7|-3:7>1528/5
332,4,1561,5,801,1:0,21,756.8,20,1:-1>1561/3|1:0>801/1|2:-2>1561/3|2:0>30/2|3:-2>1561/5|3:-1>1561/5
333,11,537,1,193,2:-3,28,1054.2,27,2:-3>193/3|2:-2>537/4|3:-4>2111/2|3:-2>537/4|4:-3>896/4
334,5,2100,2,2100,CL,9,331.9,8,-4:3>1505/1|-4:4>290/2|-3:2>2100/6|-3:4>2100/4|-2:2>2100/7|-2:3>2100/7
335,7,1456,2,1626,2:-3,32,1183.9,30,1:-4>486/3|1:-3>325/4|2:-5>-1/-1|2:-3>1626/4|3:-5>740/3|3:-4>740/3
336,3,851,2,134,-5:-2,30,1143.6,30,-5:-2>134/3|-5:0>851/5|-4:-2>134/4|-4:-1>134/5
337,4,-1,-1,1163,-2:1,6,204.3,6,-2:1>1163/1|-2:2>-1/-1|-1:0>1739/1|-1:2>-1/-1|0:0>-1/-1|0:1>-1/-1
338,5,710,3,384,-5:1,27,1052.0,25,-6:2>710/4|-6:3>710/4|-5:1>384/1|-5:3>1192/4|-4:1>710/8|-4:2>710/5
339,4,1742,2,2167,-6:6,30,1085.5,26,-7:7>2276/3|-6:5>-1/-1|-6:6>2167/3
340,6,373,3,566,-2:7,41,1465.9,37,-2:6>-1/-1|-2:7>566/4|-1:5>-1/-1|0:5>-1/-1|0:6>349/3
341,5,1540,3,1540,CL,33,1181.2,31,1:3>1540/4|1:4>188/2|2:2>1540/3|2:4>188/3
342,4,1823,2,198,-3:2,2,53.8,2,-3:2>198/1|-3:3>1823/4|-2:1>1823/3|-2:3>-1/-1|-1:1>1823/4|-1:2>-1/-1
343,4,2176,2,2239,-5:7,29,1105.7,27,-5:7>2239/1|-5:8>162/1|-4:6>2176/3|-4:8>-1/-1|-3:6>-1/-1|-3:7>-1/-1
344,9,1778,1,1778,CL,20,773.7,19,0:-1>1778/5|0:0>1778/6|1:-2>1778/3|1:0>1778/6|2:-2>751/1|2:-1>649/1
345,7,1074,1,1742,-6:6,31,1126.8,27,-7:7>1092/3|-6:5>-1/-1|-6:6>1742/4
346,7,634,2,1009,-3:-1,21,795.8,21,-5:0>634/3|-5:1>-1/-1|-4:-1>601/4|-4:1>49/2|-3:-1>1009/4|-3:0>49/3
347,4,1649,4,1649,CL,12,429.8,10,-5:4>464/2|-5:5>155/2|-4:3>464/2|-4:5>1649/4|-3:3>1649/3|-3:4>1649/5
348,3,-1,0,883,-1:3,24,901.9,19,-1:2>-1/-1|-1:3>883/3|0:1>-1/-1|0:3>883/4|1:1>435/4|1:2>883/5
349,7,683,2,211,-2:7,41,1453.9,37,-2:6>-1/-1|-2:7>211/4|-1:5>-1/-1|0:5>-1/-1|0:6>683/2
350,10,1259,4,1435,-2:5,32,1135.0,30,-3:6>1259/5|-3:7>1259/4|-2:5>1435/5|-2:7>176/1|-1:5>1435/5|-1:6>1111/1
351,6,1242,5,2030,-3:-2,28,1088.9,27,-3:-3>1242/4|-3:-2>2030/2|-2:-2>-1/-1|-1:-4>-1/-1|-1:-3>-1/-1
352,10,584,2,896,2:-3,30,1116.0,29,2:-3>896/5|2:-2>584/5|3:-4>553/1|3:-2>584/5|4:-3>906/3
353,6,383,2,383,CL,9,330.8,8,-4:3>383/5|-4:4>383/2|-3:2>383/6|-3:4>987/1|-2:2>383/7|-2:3>1992/3
354,5,632,4,632,CL,36,1359.5,33,-5:8>632/4|-5:9>632/5|-4:7>322/4|-3:7>2042/1
355,11,1459,3,915,-4:0,23,879.2,23,-5:-1>1459/5|-5:1>1196/2|-4:-1>77/2|-4:0>915/1
356,5,1296,3,1296,CL,14,501.2,13,-2:-1>1296/4|-2:0>-1/-1|-1:-2>-1/-1|-1:0>1296/4|0:-2>-1/-1|0:-1>-1/-1
357,7,2089,2,2089,CL,29,1026.9,27,-1:4>2089/3|-1:5>2047/7|0:3>1493/2|0:5>2047/6|1:3>2047/3|1:4>2047/6
358,10,1511,1,496,2:-4,35,1301.4,31,2:-4>496/2|2:-3>-1/-1|3:-5>1317/2|3:-3>-1/-1
359,15,1501,2,1985,1:-1,24,915.5,23,1:-1>1985/4|1:0>1473/5|2:-2>1501/3|2:0>1473/4|3:-2>1904/1|3:-1>2040/2
360,8,211,2,262,-2:7,40,1427.6,36,-2:6>-1/-1|-2:7>262/3|-1:5>-1/-1|0:5>-1/-1|0:6>211/3
361,6,968,3,168,-2:1,4,182.7,4,-4:1>-1/-1|-4:2>273/5|-3:0>968/4|-3:2>273/5|-2:0>-1/-1|-2:1>168/1
362,6,-1,-1,2251,-3:1,9,367.4,9,-5:2>-1/-1|-5:3>-1/-1|-4:1>-1/-1|-4:3>-1/-1|-3:1>2251/1|-3:2>778/1
363,9,1518,2,1518,CL,33,1226.6,29,0:-4>1597/3|0:-3>1518/3|1:-5>-1/-1|1:-3>1518/4|2:-5>114/2|2:-4>1169/4
364,5,-1,-1,219,-2:4,21,770.7,18,-4:5>-1/-1|-4:6>-1/-1|-3:4>-1/-1|-3:6>-1/-1|-2:4>219/1|-2:5>-1/-1
365,5,-1,0,1338,2:2,31,1079.1,27,0:3>-1/-1|0:4>1138/4|1:2>1138/6|1:4>1138/3|2:2>1338/2|2:3>807/2
366,3,-1,-1,1045,-2:-3,27,1047.2,24,-2:-3>1045/6|-2:-2>1045/4|-1:-4>1045/7|-1:-2>-1/-1|0:-4>-1/-1|0:-3>202/2
367,9,326,1,1436,0:2,25,865.3,23,0:2>1436/5|0:3>-1/-1|1:1>1436/4|1:3>326/2|2:1>1656/3|2:2>965/3
368,9,948,3,1297,-5:7,26,985.6,24,-5:6>41/2|-5:7>1297/1|-4:5>-1/-1|-4:7>948/5|-3:5>948/5|-3:6>948/5
369,9,2080,2,1710,-6:3,25,879.1,23,-6:3>1710/3|-6:4>1710/5|-5:2>1864/1|-5:4>-1/-1|-4:2>2080/2|-4:3>1775/4
370,8,601,3,1987,-3:-1,20,743.8,20,-5:0>601/4|-5:1>-1/-1|-4:-1>1482/2|-4:1>601/4|-3:-1>1987/3|-3:0>1987/4
371,5,685,4,685,CL,27,1001.6,25,-7:7>-1/-1|-7:8>798/3|-6:6>685/5|-6:8>894/1|-5:6>685/4|-5:7>263/1
372,8,-1,-1,1490,-5:7,30,1114.8,27,-6:8>27/1|-5:7>1490/1|-5:9>-1/-1|-4:7>-1/-1|-4:8>-1/-1
373,8,211,2,566,-2:7,41,1444.5,37,-2:6>-1/-1|-2:7>566/4|-1:5>-1/-1|0:5>-1/-1|0:6>683/2
374,8,249,4,249,CL,23,844.4,21,-6:6>249/5|-6:7>1337/1|-5:5>249/5|-5:7>802/2|-4:5>249/6|-4:6>-1/-1
375,6,2174,2,2174,CL,12,448.0,12,-2:2>-1/-1|-2:3>-1/-1|-1:1>2174/3|-1:3>-1/-1|0:1>2174/3|0:2>-1/-1
376,6,1122,2,1122,CL,30,1152.9,28,-6:3>1122/4|-5:1>53/6|-5:2>1122/5
377,5,324,1,2304,-7:8,33,1241.9,30,-7:8>2304/4|-6:7>-1/-1|-5:7>-1/-1|-5:8>2227/2
378,4,-1,-1,618,-1:1,11,379.6,10,-2:2>301/1|-2:3>1237/2|-1:1>618/4|-1:3>-1/-1|0:1>-1/-1|0:2>-1/-1
379,6,123,4,123,CL,15,507.6,14,-1:0>123/5|-1:1>123/4|0:-1>123/5|0:1>1750/2|1:-1>123/4|1:0>2022/2
380,4,-1,0,2176,-5:7,30,1101.8,27,-5:7>2176/3|-5:8>2176/3|-4:6>575/2|-4:8>-1/-1|-3:6>-1/-1|-3:7>-1/-1
381,11,719,5,719,CL,23,873.2,23,-5:0>719/6|-5:1>-1/-1|-4:-1>719/7|-4:1>2145/1|-3:-1>719/6|-3:0>232/1
382,5,1151,2,1151,CL,5,185.5,5,-3:1>419/2|-3:2>1151/3|-2:0>1944/2|-2:2>1151/4|-1:0>1736/3|-1:1>1151/3
383,7,998,1,2305,-3:2,8,283.6,7,-4:3>998/4|-4:4>178/1|-3:2>2305/5|-3:4>1741/1|-2:2>2305/6|-2:3>353/4
384,4,-1,-1,2240,-4:1,26,1017.6,26,-6:2>2075/3|-5:0>-1/-1|-5:2>1035/1|-4:0>-1/-1|-4:1>2240/3
385,13,1985,2,187,1:-1,23,897.9,22,1:-1>187/3|1:0>1570/5|2:-2>1985/3|2:0>1570/4|3:-2>21/2|3:-1>918/2
386,5,1138,2,2300,1:2,31,1101.5,28,0:3>-1/-1|0:4>1081/3|1:2>2300/5|1:4>2254/1|2:2>1138/4|2:3>1138/3
387,2,1927,3,1927,CL,14,475.7,13,-1:1>-1/-1|-1:2>1927/3|0:0>1422/2|0:2>-1/-1|1:0>1422/4|1:1>1927/4
388,3,-1,-1,2296,-3:5,18,668.1,15,-4:4>-1/-1|-4:5>-1/-1|-3:3>-1/-1|-3:5>2296/1|-2:3>-1/-1|-2:4>593/3
389,9,-1,-1,1490,-5:7,30,1109.9,27,-6:8>27/1|-5:7>1490/1|-5:9>-1/-1|-4:7>-1/-1|-4:8>-1/-1
390,8,1735,1,1735,CL,31,1074.7,27,2:0>-1/-1|2:1>-1/-1|3:-1>-1/-1|3:1>111/1
391,5,1942,5,1942,CL,36,1308.2,34,0:4>1942/4|0:5>1942/5|1:3>-1/-1|1:5>1942/7|2:3>872/3|2:4>1094/2
392,5,1800,2,286,-1:0,13,441.9,12,-1:0>286/3|-1:1>1410/3|0:-1>1800/3|0:1>123/4|1:-1>1849/3|1:0>123/3
393,8,1344,1,2184,-5:1,25,953.5,25,-5:-1>1344/3|-5:1>2184/2|-4:-1>923/4|-4:0>2184/3
394,9,1459,3,430,-4:0,24,891.1,24,-5:-1>1459/5|-5:1>355/3|-4:-1>1745/2|-4:0>430/2
395,6,1740,1,917,-2:4,24,857.8,22,-2:4>917/4|-2:5>866/2|-1:3>-1/-1|-1:5>1141/3|0:3>-1/-1|0:4>1141/3
396,5,1344,1,1344,CL,27,1005.6,27,-5:-1>1912/2|-5:1>978/4|-4:-1>1344/5|-4:0>1344/5
397,8,814,1,197,-5:8,33,1263.1,31,-5:8>197/1|-5:9>551/6|-4:7>1220/2|-3:7>911/2
398,5,1906,1,1420,-3:-3,32,1264.9,31,-3:-3>1420/3|-3:-2>1420/6|-2:-2>-1/-1|-1:-4>-1/-1|-1:-3>-1/-1
399,9,-1,0,1623,-5:4,21,758.1,18,-6:3>1875/4|-6:5>785/2|-5:3>2146/3|-5:4>1623/2
400,4,738,2,2299,1:5,43,1561.2,41,1:5>2299/3|2:4>738/4
401,5,1892,5,1394,-5:4,21,713.6,19,-7:6>-1/-1|-6:4>-1/-1|-6:6>1892/3|-5:4>1394/1|-5:5>1892/2
402,7,1850,4,1850,CL,11,420.7,11,-3:0>1395/1|-3:1>-1/-1|-2:-1>-1/-1|-2:1>1825/5|-1:-1>-1/-1|-1:0>1825/5
403,4,828,7,828,CL,13,492.8,13,-2:0>828/7|-2:1>828/7|-1:-1>828/8|-1:1>828/7|0:-1>891/1|0:0>828/3
404,10,1110,3,471,0:0,16,610.1,15,0:-1>859/1|0:0>471/2|1:-2>1632/2|1:0>2217/4|2:-2>1110/4|2:-1>1110/5
405,5,-1,-1,1403,-1:5,28,997.6,26,-3:5>-1/-1|-3:6>-1/-1|-2:4>-1/-1|-2:6>483/1|-1:4>-1/-1|-1:5>1403/1
406,4,1805,4,1274,-5:3,22,796.3,20,-6:2>1805/6|-6:4>1805/5|-5:2>1805/5|-5:3>1274/1
407,5,1284,2,2058,-2:6,35,1289.4,33,-3:7>1284/5|-2:6>2058/3|-1:6>1301/1
408,10,1898,2,1514,-5:-1,33,1197.9,31,-5:-1>1514/4|-4:-3>697/2|-4:-2>457/3
409,5,1622,4,555,2:2,30,1062.3,28,1:3>807/1|1:4>1230/5|2:2>555/1|2:4>1230/6
410,1,-1,-1,1250,2:-5,43,1622.6,40,0:-4>-1/-1|1:-4>-1/-1|2:-5>1250/5
411,11,2047,3,2047,CL,30,1093.6,27,-1:4>2047/4|-1:5>1392/5|0:3>20/2|0:5>1392/4|1:3>1112/1|1:4>1392/4
412,7,1068,3,1676,-7:8,31,1146.2,28,-7:8>1676/2|-6:7>-1/-1|-5:7>-1/-1|-5:8>1068/5
413,5,2258,8,464,-4:4,14,482.5,12,-6:4>2258/5|-6:5>2258/8|-5:3>2258/5|-5:5>2258/7|-4:3>1150/2|-4:4>464/1
414,3,-1,-1,-1,-,-1,0.0,-1,1:2>-1/-1|1:3>-1/-1|2:1>-1/-1|2:3>-1/-1|3:1>57/1
415,8,1225,2,456,2:-1,25,999.2,24,2:-2>1225/5|2:-1>456/1|3:-3>1225/5|3:-1>623/1|4:-3>1225/6
416,6,1928,1,1928,CL,29,1134.2,29,-5:-2>851/4|-5:0>1000/4|-4:-2>467/5|-4:-1>1928/4
417,9,1855,3,562,-4:5,17,647.6,16,-6:6>1855/4|-6:7>1855/6|-5:5>1852/2|-5:7>1855/7|-4:5>562/1|-4:6>-1/-1
418,7,1906,1,903,-3:-2,31,1210.5,30,-3:-3>656/1|-3:-2>903/5|-2:-2>-1/-1|-1:-4>-1/-1|-1:-3>-1/-1
419,6,382,3,937,-3:1,5,215.3,5,-3:1>937/1|-3:2>382/4|-2:0>12/1|-2:2>382/5|-1:0>1736/3|-1:1>382/4
420,13,1290,3,1290,CL,27,1005.6,24,0:-3>686/1|0:-2>1670/1|1:-4>1982/3|1:-2>1290/4|2:-4>-1/-1|2:-3>1290/4
421,4,266,3,866,-1:4,24,855.5,22,-3:5>-1/-1|-3:6>266/5|-2:4>-1/-1|-2:6>-1/-1|-1:4>866/1|-1:5>-1/-1
422,2,1701,2,1701,CL,16,614.0,15,-5:5>1701/4|-5:6>1701/3|-4:4>1701/4|-4:6>-1/-1|-3:4>1701/4|-3:5>1701/5
423,6,580,1,267,-3:6,37,1316.8,34,-4:7>530/4|-4:8>580/2|-3:6>267/4|-2:6>267/4|-2:7>565/3
424,7,327,3,1348,1:2,25,870.3,23,1:2>1348/1|1:3>793/5|2:1>1807/1|2:3>793/5|3:1>-1/-1
425,2,-1,-1,1135,-2:1,7,265.2,7,-2:1>1135/2|-2:2>-1/-1|-1:0>1581/1|-1:2>-1/-1|0:0>-1/-1|0:1>-1/-1
426,3,-1,-1,1737,-6:6,29,1045.0,26,-7:6>2272/3|-7:8>-1/-1|-6:6>1737/1|-6:7>-1/-1
427,5,446,4,446,CL,29,1094.1,28,-4:-2>-1/-1|-4:-1>446/5|-3:-3>112/1|-3:-1>446/6|-2:-3>446/4|-2:-2>446/6
428,5,1000,2,1464,-5:0,29,1108.4,29,-5:-2>1000/5|-5:0>1464/3|-4:-2>1464/5|-4:-1>1464/4
429,6,184,6,326,1:2,26,920.1,24,0:3>-1/-1|0:4>184/5|1:2>326/1|1:4>184/6|2:2>43/1|2:3>184/6
430,10,1459,3,915,-4:0,23,874.5,23,-5:-1>1459/5|-5:1>714/3|-4:-1>77/2|-4:0>915/1
431,8,1344,1,923,-4:-1,26,964.8,26,-5:-1>1344/3|-5:1>2294/3|-4:-1>923/4|-4:0>923/4
432,5,1909,1,238,-2:1,7,304.2,7,-4:1>-1/-1|-4:2>1909/5|-3:0>1374/1|-3:2>1909/5|-2:0>-1/-1|-2:1>238/4
433,4,104,6,1892,-6:5,23,784.8,20,-6:5>1892/1|-6:6>104/6|-5:4>-1/-1|-5:6>104/5|-4:4>-1/-1|-4:5>104/6
434,4,1235,4,2247,-4:7,36,1329.5,33,-4:7>2247/1|-4:8>2042/2|-3:6>1235/5|-2:6>1235/6|-2:7>1235/5
435,2,348,1,76,1:1,25,911.7,18,-1:2>-1/-1|-1:3>348/4|0:1>-1/-1|0:3>348/5|1:1>76/3|1:2>76/4
436,6,1860,5,101,-4:3,18,625.5,16,-6:4>2147/1|-6:5>1860/5|-5:3>1765/2|-5:5>1860/4|-4:3>101/4|-4:4>101/5
437,2,203,1,1361,-1:-3,30,1106.1,26,-2:-3>-1/-1|-1:-3>1361/2|0:-4>203/6
438,9,1901,2,-1,-,-1,0.0,-1,2:-5>1901/4|3:-5>1901/3
439,4,1722,4,207,-5:8,33,1285.5,31,-5:8>207/1|-4:8>1664/2
440,4,-1,-1,2209,-2:5,28,996.2,26,-2:5>2209/4|-2:6>2209/5|-1:4>2209/4|-1:6>2209/7|0:4>666/2|0:5>666/2
441,5,323,2,960,0:0,14,529.4,14,-1:-1>-1/-1|-1:0>323/2|0:-2>-1/-1|0:0>960/3|1:-2>-1/-1|1:-1>-1/-1
442,7,634,2,1009,-3:-1,21,805.3,21,-5:0>634/3|-5:1>-1/-1|-4:-1>601/4|-4:1>49/2|-3:-1>1009/4|-3:0>49/3
443,8,1068,3,1676,-7:8,31,1160.9,28,-7:8>1676/2|-6:7>-1/-1|-5:7>-1/-1|-5:8>1848/4
444,6,2020,3,2020,CL,24,941.3,24,-5:1>2020/3|-5:2>1510/4|-4:0>1678/2|-4:2>1004/3|-3:0>507/2|-3:1>-1/-1
445,8,633,1,-1,-,-1,0.0,-1,2:-5>1936/1|3:-5>185/2
446,5,129,3,651,-4:-1,28,1061.5,27,-4:-2>-1/-1|-4:-1>651/4|-3:-3>112/1|-3:-1>129/5|-2:-3>129/3|-2:-2>129/5
447,1,-1,-1,-1,-,-1,0.0,-1,2:-1>-1/-1|2:0>-1/-1|3:-2>-1/-1|3:0>-1/-1
448,4,203,1,203,CL,31,1177.4,27,-2:-3>-1/-1|-1:-3>203/3|0:-4>763/4
449,4,-1,0,1671,1:2,28,989.2,26,1:2>1671/4|1:3>1717/4|2:1>1671/4|2:3>1717/4|3:1>-1/-1
450,7,1604,1,1853,-5:3,28,978.2,25,-5:2>230/3|-5:3>1853/1|-4:1>-1/-1|-4:3>725/1|-3:1>-1/-1|-3:2>-1/-1
451,8,1175,1,-1,-,-1,0.0,25,-1:-2>1564/2|-1:-1>-1/-1|0:-3>-1/-1|0:-1>1201/3|1:-3>-1/-1|1:-2>-1/-1
452,6,-1,0,803,-4:5,20,762.0,18,-6:6>1943/1|-6:7>2043/4|-5:5>667/1|-5:7>2043/5|-4:5>803/3|-4:6>-1/-1
453,13,1985,2,187,1:-1,23,895.7,22,1:-1>187/3|1:0>1570/5|2:-2>1985/3|2:0>1570/4|3:-2>21/2|3:-1>918/2
454,7,112,1,427,-3:-2,30,1127.1,29,-4:-3>-1/-1|-4:-2>1455/1|-3:-2>427/1|-2:-3>1718/6
455,5,-1,-1,217,2:-3,29,1127.9,28,2:-4>-1/-1|2:-3>217/1|3:-5>-1/-1|3:-3>1082/2
456,14,1501,2,1473,1:-1,24,953.8,23,1:-1>1473/4|1:0>918/5|2:-2>1501/3|2:0>918/4|3:-2>1904/1|3:-1>623/1
457,8,408,3,147,-4:-2,32,1183.8,30,-5:-1>103/3|-4:-3>1399/2|-4:-2>147/2
458,10,2149,3,1448,1:1,21,746.0,20,1:0>898/2|1:1>1448/2|2:-1>898/2|2:1>647/4|3:-1>2149/4|3:0>2149/4
459,10,456,3,918,1:-1,25,906.3,24,1:-1>918/5|1:0>918/5|2:-2>456/4|2:0>918/4|3:-2>1904/1|3:-1>623/1
460,12,562,1,562,CL,17,652.6,16,-5:5>2005/1|-5:6>1852/1|-4:4>562/5|-4:6>-1/-1|-3:4>562/5|-3:5>562/6
461,8,821,5,557,-1:1,11,403.0,11,-2:0>821/5|-2:1>821/5|-1:-1>821/6|-1:1>557/5|0:-1>1306/1|0:0>692/1
462,8,-1,-1,2101,-2:-2,25,948.0,21,-2:-2>2101/3|-2:-1>-1/-1|-1:-3>-1/-1|-1:-1>-1/-1|0:-3>-1/-1|0:-2>711/4
463,6,526,3,526,CL,26,959.5,24,-6:7>526/5|-6:8>526/5|-5:6>526/3|-5:8>1217/4|-4:6>577/2|-4:7>1577/2
464,9,1107,5,1107,CL,13,453.3,11,-5:4>1150/1|-5:5>347/3|-4:3>1379/1|-4:5>1107/5|-3:3>1107/4|-3:4>1107/6
465,1,-1,-1,734,1:0,22,773.8,18,0:-1>-1/-1|0:0>-1/-1|1:-2>-1/-1|1:0>734/2|2:-2>-1/-1|2:-1>-1/-1
466,4,2141,2,1405,0:4,34,1215.1,32,0:4>1405/2|0:5>2141/2|1:3>-1/-1|1:5>2141/4|2:3>122/5|2:4>122/4
467,9,1928,1,1393,-4:-1,29,1097.1,28,-5:-2>857/3|-5:0>1464/3|-4:-2>857/4|-4:-1>1393/4
468,4,546,1,2153,-5:5,23,875.7,21,-7:6>546/3|-7:7>-1/-1|-6:5>2142/2|-6:7>-1/-1|-5:5>2153/1|-5:6>-1/-1
469,5,-1,-1,1145,2:0,26,907.8,25,2:0>1145/2|2:1>1148/4|3:-1>-1/-1|3:1>1148/4
470,4,76,3,979,1:1,23,824.3,17,-1:2>-1/-1|-1:3>76/5|0:1>-1/-1|0:3>76/5|1:1>979/1|1:2>2125/2
471,8,1321,4,517,0:0,15,571.3,14,0:-1>2175/1|0:0>517/1|1:-2>404/3|1:0>1321/4|2:-2>1321/5|2:-1>1321/6
472,4,2061,3,2061,CL,17,583.8,16,-1:1>-1/-1|-1:2>2061/6|0:0>295/1|0:2>-1/-1|1:0>862/1|1:1>2061/3
473,7,1601,4,60,-4:4,15,563.3,11,-5:5>1601/6|-5:6>1601/5|-4:4>60/3|-4:6>-1/-1|-3:4>921/1|-3:5>920/3
474,6,2283,3,420,1:-3,28,1049.5,25,-1:-3>2283/6|-1:-2>-1/-1|0:-4>-1/-1|0:-2>-1/-1|1:-4>2283/3|1:-3>420/1
475,5,-1,-1,455,2:-3,30,1145.2,29,2:-4>-1/-1|2:-3>455/2|3:-5>-1/-1|3:-3>1082/2
476,1,2070,4,2070,CL,30,1104.5,26,-1:-3>2070/7|-1:-2>-1/-1|0:-4>-1/-1|0:-2>-1/-1|1:-4>2070/4|1:-3>2070/2
477,6,803,2,1579,-4:5,19,720.0,18,-6:6>803/3|-6:7>2043/4|-5:5>539/2|-5:7>2043/5|-4:5>1579/2|-4:6>-1/-1
478,2,-1,-1,608,-4:6,27,1012.7,25,-6:6>-1/-1|-6:7>-1/-1|-5:5>-1/-1|-5:7>-1/-1|-4:5>-1/-1|-4:6>608/1
479,3,1296,3,1296,CL,14,498.3,13,-2:-1>1296/4|-2:0>-1/-1|-1:-2>-1/-1|-1:0>1296/4|0:-2>-1/-1|0:-1>-1/-1
480,6,-1,-1,165,3:-3,32,1178.9,31,2:-4>-1/-1|2:-3>930/4|3:-5>-1/-1|3:-3>165/2
481,5,1813,4,1813,CL,15,530.1,14,-1:0>1813/4|-1:1>1813/5|0:-1>1813/3|0:1>1813/6|1:-1>1617/1|1:0>1813/5
482,7,1792,4,163,1:1,22,763.0,20,1:1>163/1|1:2>1370/2|2:0>1752/2|2:2>1370/5|3:0>1400/4|3:1>1792/5
483,6,628,3,1403,-1:5,28,1002.5,26,-3:6>628/4|-3:7>628/5|-2:5>405/1|-2:7>174/5|-1:5>1403/1|-1:6>174/4
484,7,1175,1,879,-1:-2,30,1144.3,26,-1:-2>879/3|-1:-1>-1/-1|0:-3>-1/-1|0:-1>1175/3|1:-3>-1/-1|1:-2>-1/-1
485,6,-1,-1,909,-1:5,30,1067.3,28,-2:6>1215/1|-2:7>-1/-1|-1:5>909/1|0:5>-1/-1|0:6>-1/-1
486,9,2193,1,1626,2:-3,32,1190.2,30,1:-4>63/2|1:-3>325/4|2:-5>-1/-1|2:-3>1626/4|3:-5>740/3|3:-4>740/3
487,8,721,2,721,CL,20,713.6,19,0:1>721/4|0:2>1790/3|1:0>721/4|1:2>272/1|2:0>790/3|2:1>549/1
488,11,75,3,75,CL,6,219.0,6,-3:1>294/4|-3:2>75/4|-2:0>1017/2|-2:2>561/4|-1:0>1089/1|-1:1>561/2
489,5,874,3,914,1:4,41,1471.7,39,0:5>-1/-1|0:6>518/1|1:4>914/6|2:4>914/5|2:5>874/3
490,6,-1,-1,1177,-2:-2,26,999.2,22,-2:-2>1177/4|-2:-1>-1/-1|-1:-3>-1/-1|-1:-1>-1/-1|0:-3>-1/-1|0:-2>2133/2
491,9,399,1,2147,-5:3,20,688.5,18,-6:3>399/5|-6:5>951/1|-5:3>2147/3|-5:4>1457/1
492,4,1778,1,1110,0:-1,18,689.6,17,0:-1>1110/3|0:0>310/4|1:-2>296/2|1:0>310/4|2:-2>296/2|2:-1>1778/3
493,9,814,1,197,-5:8,33,1242.0,30,-5:8>197/1|-5:9>551/6|-4:7>932/1|-3:7>551/3
494,6,627,1,2188,0:0,18,628.5,17,0:0>2188/2|0:1>862/2|1:-1>1015/3|1:1>-1/-1|2:-1>571/3|2:0>571/4
495,7,-1,-1,2285,-5:5,22,817.8,19,-7:6>-1/-1|-7:7>-1/-1|-6:5>-1/-1|-6:7>-1/-1|-5:5>2285/1|-5:6>1868/1
496,10,1511,1,1824,2:-4,34,1254.0,30,2:-4>1824/1|2:-3>-1/-1|3:-5>662/2|3:-3>-1/-1
497,3,-1,-1,859,1:-1,19,698.4,16,-1:-1>-1/-1|-1:0>-1/-1|0:-2>-1/-1|0:0>-1/-1|1:-2>1818/2|1:-1>859/2
498,4,-1,-1,608,-4:6,27,991.8,25,-6:6>-1/-1|-6:7>-1/-1|-5:5>-1/-1|-5:7>-1/-1|-4:5>-1/-1|-4:6>608/1
499,4,1748,6,1178,-3:-1,25,980.9,24,-4:-2>-1/-1|-4:-1>1534/2|-3:-3>1748/4|-3:-1>1178/2|-2:-3>1748/6|-2:-2>1748/8
500,12,2087,3,1397,2:-3,30,1114.0,29,2:-3>1397/5|2:-2>2087/5|3:-4>1082/1|3:-2>2087/5|4:-3>352/4
501,6,-1,-1,1037,-7:6,31,1137.3,26,-7:6>1037/1|-7:8>-1/-1|-6:6>964/4|-6:7>-1/-1
502,5,-1,-1,1170,0:-2,22,829.0,21,0:-2>1170/5|0:-1>1170/5|1:-3>1170/6|1:-1>1170/5|2:-3>48/1|2:-2>806/2
503,1,991,3,991,CL,35,1278.3,33,-5:-1>991/6|-4:-3>991/4|-4:-2>991/6
504,4,-1,-1,1131,-5:2,28,1065.8,27,-5:2>1131/1|-5:3>-1/-1|-4:1>1531/2|-4:3>-1/-1|-3:1>-1/-1|-3:2>-1/-1
505,4,1719,3,948,-5:7,28,1054.7,26,-5:6>1684/3|-5:7>948/3|-4:5>-1/-1|-4:7>1719/5|-3:5>1719/5|-3:6>1719/5
506,11,-1,0,279,-5:6,24,888.3,22,-7:7>-1/-1|-7:8>559/5|-6:6>1920/2|-6:8>559/4|-5:6>279/1|-5:7>559/5
507,9,444,4,2069,-4:0,25,929.0,24,-5:1>444/4|-5:2>444/5|-4:0>2069/2|-4:2>1004/3|-3:0>84/1|-3:1>-1/-1
508,2,1315,2,319,-2:-2,20,810.5,20,-4:-1>-1/-1|-4:0>1315/5|-3:-2>1315/4|-3:0>-1/-1|-2:-2>319/1|-2:-1>-1/-1
509,3,122,4,122,CL,35,1267.8,33,0:4>122/3|0:5>122/4|1:3>-1/-1|1:5>122/6|2:3>1942/4|2:4>1942/3
510,5,-1,-1,321,-1:5,33,1208.5,31,-1:5>321/4|-1:6>-1/-1|0:4>1210/3|0:6>-1/-1|1:4>120/2|1:5>-1/-1
511,2,1729,3,1729,CL,22,859.2,21,1:-2>1729/4|1:-1>1729/2|2:-3>1729/6|2:-1>1052/1|3:-3>-1/-1|3:-2>-1/-1
512,8,833,2,1305,2:4,41,1489.0,39,1:5>799/1|2:4>1305/1
513,10,-1,-1,1712,-2:-2,24,917.4,21,-2:-3>2118/3|-2:-2>1712/1|-1:-4>1795/4|-1:-2>-1/-1|0:-4>-1/-1|0:-3>548/5
514,7,1438,1,942,-5:3,27,996.2,24,-6:2>1438/2|-6:3>1438/2|-5:1>710/3|-5:3>942/3|-4:1>1322/7|-4:2>1322/4
515,0,-1,0,-1,-,-1,0.0,-1,-7:6>-1/-1|-7:8>-1/-1|-6:6>-1/-1|-6:7>-1/-1
516,4,1496,2,-1,-,-1,0.0,31,-1:5>1043/2|-1:6>2303/1|0:4>-1/-1|0:6>-1/-1|1:4>-1/-1|1:5>-1/-1
517,7,2066,3,2066,CL,14,526.1,13,-1:0>2066/3|-1:1>1813/5|0:-1>2066/3|0:1>1813/6|1:-1>742/1|1:0>1813/5
518,9,817,1,980,1:5,42,1510.3,40,-1:6>817/4|0:5>-1/-1|1:5>980/1
519,11,1062,1,707,-3:-1,22,851.1,19,-3:-2>-1/-1|-3:-1>707/5|-2:-3>-1/-1|-2:-1>242/3|-1:-3>611/2|-1:-2>1933/1
520,8,97,3,1846,-1:-4,37,1395.5,32,-1:-4>1846/2|-1:-3>2085/2|0:-3>-1/-1|1:-5>-1/-1|1:-4>97/6
521,6,1345,2,1345,CL,14,525.9,14,-1:-1>-1/-1|-1:0>1345/2|0:-2>-1/-1|0:0>323/3|1:-2>-1/-1|1:-1>-1/-1
522,3,1997,1,1997,CL,34,1309.7,32,-4:5>-1/-1|-4:6>1997/3|-3:4>-1/-1|-3:6>1997/3|-2:4>-1/-1|-2:5>-1/-1
523,1,1658,4,1658,CL,37,1315.8,35,-3:7>1658/2|-2:6>1658/4|-1:6>1658/6
524,6,1624,1,1874,-4:0,24,933.6,24,-5:1>1624/2|-5:2>1309/2|-4:0>1874/3|-4:2>1510/5|-3:0>1510/4|-3:1>-1/-1
525,10,1641,2,647,1:1,23,795.9,22,1:0>1734/4|1:1>647/3|2:-1>1641/3|2:1>2097/3|3:-1>1641/3|3:0>2065/2
526,9,1894,2,839,-6:7,25,923.4,23,-6:7>839/4|-6:8>839/4|-5:6>1894/2|-5:8>1217/4|-4:6>577/2|-4:7>463/3
527,4,2104,3,70,-3:4,18,680.1,17,-3:4>70/5|-3:5>2104/4|-2:3>70/4|-2:5>-1/-1|-1:3>1827/2|-1:4>2090/1
528,5,-1,-1,1088,2:-5,40,1524.1,37,0:-4>-1/-1|1:-4>-1/-1|2:-5>1088/2
529,4,1536,4,1536,CL,29,1064.0,28,2:-1>1536/4|2:0>-1/-1|3:-2>1205/2|3:0>-1/-1
530,4,423,2,102,-3:6,36,1318.4,34,-4:7>1235/3|-4:8>1235/3|-3:6>102/3|-2:6>267/4|-2:7>267/3
531,4,-1,0,2253,1:4,39,1385.0,37,1:4>2253/3|1:5>2253/5|2:3>2253/4|2:5>2253/6
532,5,-1,-1,618,-1:2,11,410.5,10,-3:2>-1/-1|-3:3>-1/-1|-2:1>-1/-1|-2:3>166/1|-1:1>-1/-1|-1:2>618/1
533,9,674,2,2134,-2:4,17,646.2,16,-2:3>1130/1|-2:4>2134/2|-1:2>-1/-1|-1:4>1270/3|0:2>674/4|0:3>674/5
534,4,1360,2,1583,1:0,24,847.2,23,1:0>1583/3|1:1>1583/5|2:-1>2156/1|2:1>1583/6|3:-1>1896/1|3:0>1583/4
535,7,-1,0,1994,-2:6,33,1157.5,30,-4:6>-1/-1|-4:7>-1/-1|-3:5>-1/-1|-3:7>2054/2|-2:5>-1/-1|-2:6>1994/1
536,9,1090,3,2098,1:5,44,1584.2,42,-1:6>1090/6|0:5>-1/-1|1:5>2098/3
537,6,-1,0,897,2:-3,28,1045.7,27,2:-3>897/3|2:-2>1176/3|3:-4>333/3|3:-2>1176/3|4:-3>584/4
538,6,-1,-1,117,0:4,31,1119.3,29,-1:5>1267/2|-1:6>-1/-1|0:4>117/1|0:6>-1/-1|1:4>321/2|1:5>-1/-1
539,12,803,2,1386,-4:5,18,697.9,17,-6:6>803/3|-6:7>803/5|-5:5>235/1|-5:7>803/6|-4:5>1386/1|-4:6>-1/-1
540,5,2274,5,2274,CL,24,841.2,20,0:2>1123/1|0:3>-1/-1|1:1>2274/2|1:3>2274/6|2:1>2274/5|2:2>2274/5
541,5,2146,2,2244,-6:5,20,729.2,18,-6:3>2261/3|-6:5>2244/4|-5:3>1274/1|-5:4>2244/3
542,3,-1,-1,2264,-2:-2,27,1010.5,23,-2:-2>2264/5|-2:-1>-1/-1|-1:-3>-1/-1|-1:-1>-1/-1|0:-3>-1/-1|0:-2>1125/3
543,3,-1,-1,217,2:-3,29,1112.8,28,2:-4>2262/1|2:-3>217/1|3:-5>-1/-1|3:-3>-1/-1
544,7,-1,0,1867,-1:3,26,966.6,24,-1:3>1867/5|-1:4>-1/-1|0:2>1867/3|0:4>1789/2|1:2>-1/-1|1:3>-1/-1
545,8,2187,3,2062,-4:0,22,797.2,22,-5:-1>2187/4|-5:0>2077/3|-4:-2>2187/4|-4:0>2062/2|-3:-2>2187/3|-3:-1>-1/-1
546,6,-1,0,468,-5:5,24,901.3,22,-7:6>2163/2|-7:7>-1/-1|-6:5>768/1|-6:7>-1/-1|-5:5>468/2|-5:6>-1/-1
547,9,2012,2,2187,-4:0,23,879.4,23,-5:-1>2012/3|-5:0>1772/4|-4:-2>2185/2|-4:0>2187/3|-3:-2>849/2|-3:-1>-1/-1
548,5,-1,-1,513,-2:-2,25,951.6,22,-2:-3>1186/4|-2:-2>513/2|-1:-4>1186/5|-1:-2>-1/-1|0:-4>-1/-1|0:-3>1045/4
549,7,1428,4,1962,1:1,22,756.0,20,1:1>1962/1|1:2>2311/1|2:0>482/3|2:2>1428/4|3:0>1428/5|3:1>1428/5
550,5,-1,-1,1990,-2:5,29,1037.3,27,-2:5>1990/3|-2:6>1990/2|-1:4>1990/5|-1:6>1973/1|0:4>1990/8|0:5>1990/8
551,7,397,2,1220,-5:8,34,1279.0,31,-5:8>1220/2|-5:9>632/5|-4:7>703/2|-3:7>911/2
552,2,2023,4,2023,CL,20,727.4,19,-3:4>2023/6|-3:5>2023/5|-2:3>2023/6|-2:5>-1/-1|-1:3>2023/5|-1:4>1470/1
553,8,-1,-1,1829,3:-3,31,1156.4,30,2:-4>-1/-1|2:-3>930/4|3:-5>-1/-1|3:-3>1829/1
554,7,1838,1,1898,-5:-1,34,1261.7,32,-5:-1>1898/5|-4:-3>1289/1|-4:-2>1898/5
555,4,2207,3,2207,CL,29,1028.5,27,1:2>2207/5|1:3>1338/1|2:1>2207/5|2:3>409/1|3:1>-1/-1
556,2,448,2,448,CL,32,1197.9,28,-2:-3>-1/-1|-1:-3>448/4|0:-4>448/5
557,8,720,4,2216,-2:1,10,358.9,10,-2:0>720/4|-2:1>2216/4|-1:-1>720/5|-1:1>2216/4|0:-1>461/2|0:0>1767/1
558,3,1156,5,656,-2:-3,33,1281.3,31,-4:-3>-1/-1|-4:-2>1156/4|-3:-2>1156/5|-2:-3>656/2
559,6,506,1,1625,-5:6,25,912.0,22,-7:7>-1/-1|-7:8>773/4|-6:6>83/2|-6:8>773/3|-5:6>1625/2|-5:7>773/4
560,4,942,2,1608,-5:3,25,912.5,22,-6:2>942/3|-6:3>2225/1|-5:1>1414/4|-5:3>1608/1|-4:1>1414/7|-4:2>1414/4
561,12,1460,2,1460,CL,5,177.9,5,-3:1>1151/4|-3:2>1460/3|-2:0>1283/3|-2:2>699/3|-1:0>1538/2|-1:1>337/1
562,9,-1,0,1701,-4:4,16,618.9,15,-5:5>1260/2|-5:6>417/1|-4:4>1701/4|-4:6>-1/-1|-3:4>1701/4|-3:5>1701/5
563,6,777,2,1722,-5:8,35,1370.0,33,-5:8>1722/3|-4:8>1722/4
564,4,391,6,391,CL,37,1353.1,35,0:4>391/5|0:5>391/6|1:3>-1/-1|1:5>391/8|2:3>872/3|2:4>1653/1
565,6,423,2,1977,-2:6,37,1300.3,34,-4:7>267/5|-4:8>423/3|-3:6>267/4|-2:6>1977/4|-2:7>1328/2
566,8,211,2,262,-2:7,40,1424.8,36,-2:6>-1/-1|-2:7>262/3|-1:5>-1/-1|0:5>-1/-1|0:6>211/3
567,5,712,3,174,-1:5,29,1038.7,27,-3:6>712/4|-3:7>712/4|-2:5>628/2|-2:7>908/3|-1:5>174/2|-1:6>908/2
568,6,318,2,318,CL,9,329.0,8,-2:0>1069/3|-2:1>318/3|-1:-1>1069/4|-1:1>318/3|0:-1>720/4|0:0>720/3
569,6,1506,1,1167,2:-4,34,1277.8,32,2:-5>-1/-1|2:-4>1167/2|3:-6>-1/-1|3:-4>1281/3
570,11,186,1,186,CL,12,431.0,11,-1:0>461/1|-1:1>286/3|0:-1>1306/1|0:1>1800/6|1:-1>2066/3|1:0>1800/5
571,6,627,1,1950,0:0,19,669.8,18,0:0>1950/3|0:1>627/3|1:-1>1015/3|1:1>-1/-1|2:-1>74/2|2:0>74/3
572,6,74,3,74,CL,21,742.9,20,0:0>74/5|0:1>74/5|1:-1>74/5|1:1>-1/-1|2:-1>30/1|2:0>898/1
573,3,-1,-1,1505,-3:3,11,419.0,10,-5:3>-1/-1|-5:4>-1/-1|-4:2>-1/-1|-4:4>-1/-1|-3:2>-1/-1|-3:3>1505/2
574,6,2241,2,1276,1:-4,38,1396.3,34,-1:-4>1918/4|-1:-3>1918/4|0:-3>-1/-1|1:-5>-1/-1|1:-4>1276/4
575,6,380,1,1766,-5:7,29,1083.5,26,-5:7>1766/2|-5:8>2176/3|-4:6>36/1|-4:8>-1/-1|-3:6>-1/-1|-3:7>-1/-1
576,11,507,5,381,-4:0,24,908.1,24,-5:1>507/5|-5:2>507/6|-4:0>381/1|-4:2>507/4|-3:0>84/1|-3:1>-1/-1
577,8,702,3,526,-6:7,26,967.4,24,-6:7>526/5|-6:8>526/5|-5:6>702/3|-5:8>1217/4|-4:6>180/1|-4:7>204/2
578,3,1815,3,1815,CL,28,1012.1,26,-3:5>-1/-1|-3:6>1030/2|-2:4>-1/-1|-2:6>-1/-1|-1:4>1815/5|-1:5>-1/-1
579,3,1807,4,1807,CL,26,895.9,24,1:1>1807/5|1:2>1807/2|2:0>1807/6|2:2>424/1|3:0>1807/6|3:1>1807/5
580,4,-1,0,354,-4:8,37,1403.3,34,-4:7>423/5|-4:8>354/1|-3:6>423/5|-2:6>423/5|-2:7>423/4
581,3,-1,-1,1417,-3:6,35,1309.4,32,-5:7>-1/-1|-5:8>-1/-1|-4:6>-1/-1|-4:8>-1/-1|-3:6>1417/2|-3:7>434/1
582,5,-1,-1,1513,-1:-1,15,530.2,14,-3:-1>-1/-1|-3:0>-1/-1|-2:-2>-1/-1|-2:0>-1/-1|-1:-2>1552/2|-1:-1>1513/2
583,9,149,4,270,-2:6,34,1215.5,32,-4:7>149/6|-4:8>149/5|-3:6>1257/3|-2:6>270/1|-2:7>149/4
584,9,537,1,333,2:-3,29,1078.0,28,2:-3>333/4|2:-2>537/4|3:-4>1397/2|3:-2>537/4|4:-3>906/3
585,8,-1,-1,1079,-4:1,27,1051.4,27,-6:2>996/1|-5:0>-1/-1|-5:2>2075/3|-4:0>-1/-1|-4:1>1079/4
586,5,457,4,311,-5:-1,31,1140.3,30,-5:-1>311/2|-4:-3>147/3|-4:-2>668/1
587,7,-1,0,1823,-3:2,4,147.4,4,-3:2>1823/3|-3:3>2063/2|-2:1>1823/3|-2:3>-1/-1|-1:1>963/4|-1:2>-1/-1
588,8,1850,4,1850,CL,11,438.6,11,-3:0>1395/1|-3:1>-1/-1|-2:-1>-1/-1|-2:1>1850/5|-1:-1>-1/-1|-1:0>1850/6
589,6,1869,3,1869,CL,36,1346.0,35,-5:-2>1869/4|-4:-2>1869/3|-3:-3>-1/-1
590,5,1758,1,2033,-1:-4,36,1363.2,32,-2:-3>-1/-1|-2:-2>-1/-1|-1:-4>2033/1|-1:-2>-1/-1|0:-4>2085/1|0:-3>-1/-1
591,2,1146,3,1146,CL,38,1433.1,35,1:-5>2168/2|1:-4>1146/4|2:-4>-1/-1|3:-6>-1/-1|3:-5>-1/-1
592,6,1823,2,764,-3:2,3,83.3,3,-3:2>764/2|-3:3>1823/4|-2:1>1774/1|-2:3>-1/-1|-1:1>2048/3|-1:2>-1/-1
593,6,-1,-1,2296,-3:5,18,699.1,15,-4:4>-1/-1|-4:5>-1/-1|-3:3>-1/-1|-3:5>2296/1|-2:3>-1/-1|-2:4>657/2
594,6,87,6,1556,-4:4,15,539.9,13,-6:4>1661/3|-6:5>87/6|-5:3>1661/3|-5:5>87/5|-4:3>1644/1|-4:4>1556/2
595,9,713,4,1716,1:0,23,805.0,22,1:0>1716/4|1:1>1716/3|2:-1>2097/5|2:1>705/2|3:-1>713/5|3:0>1206/2
596,6,1481,2,1325,1:1,25,875.5,23,1:1>1325/4|1:2>1325/4|2:0>2019/2|2:2>1481/4|3:0>1553/2|3:1>1481/3
597,7,126,5,126,CL,29,1103.5,28,2:-2>1760/1|2:-1>126/5|3:-3>126/2|3:-1>126/6|4:-3>1223/4
598,5,968,3,361,-2:1,5,196.0,5,-4:1>-1/-1|-4:2>273/5|-3:0>968/4|-3:2>273/5|-2:0>-1/-1|-2:1>361/2
599,4,-1,0,1054,-6:6,26,898.7,23,-7:6>-1/-1|-6:4>-1/-1|-6:6>1054/4|-5:4>1054/5|-5:5>1054/5
600,9,1772,3,888,-4:0,21,784.6,21,-5:-1>1772/4|-5:0>2077/3|-4:-2>1772/4|-4:0>888/1|-3:-2>2062/4|-3:-1>-1/-1
601,8,220,2,663,-3:-1,20,775.6,20,-5:0>220/3|-5:1>-1/-1|-4:-1>370/3|-4:1>659/3|-3:-1>663/3|-3:0>663/4
602,3,1453,1,1190,-3:-3,34,1258.2,32,-5:-2>-1/-1|-5:-1>-1/-1|-4:-3>1721/3|-4:-1>-1/-1|-3:-3>1190/4|-3:-2>-1/-1
603,5,-1,-1,-1,-,-1,0.0,-1,1:5>-1/-1|2:4>-1/-1
604,2,118,4,118,CL,36,1377.9,35,3:-3>118/5|3:-2>118/7
605,4,1554,2,712,-1:5,31,1103.7,29,-3:6>1554/3|-3:7>1554/2|-2:5>690/3|-2:7>1259/3|-1:5>712/4|-1:6>1259/3
606,7,562,1,562,CL,17,668.4,16,-5:5>2005/1|-5:6>1852/1|-4:4>562/5|-4:6>-1/-1|-3:4>562/5|-3:5>562/6
607,9,1518,2,1518,CL,33,1208.9,29,0:-4>1902/3|0:-3>1518/3|1:-5>-1/-1|1:-3>1518/4|2:-5>1336/3|2:-4>1621/4
608,9,2208,4,1297,-5:7,26,967.4,24,-5:6>498/1|-5:7>1297/1|-4:5>-1/-1|-4:7>2208/6|-3:5>2208/6|-3:6>2208/6
609,9,1587,2,242,-3:-1,22,868.6,19,-3:-2>-1/-1|-3:-1>242/5|-2:-3>-1/-1|-2:-1>242/3|-1:-3>1712/2|-1:-2>1933/1
610,8,-1,-1,88,1:-1,21,792.6,20,0:-2>1817/1|0:-1>1940/2|1:-3>1358/3|1:-1>88/4|2:-3>1358/4|2:-2>88/4
611,12,1062,1,192,-3:-1,23,884.0,20,-3:-2>-1/-1|-3:-1>192/6|-2:-3>-1/-1|-2:-1>192/4|-1:-3>878/1|-1:-2>609/2
612,2,737,4,2299,1:5,43,1546.9,41,1:5>2299/3|2:4>2299/5
613,5,1236,1,1236,CL,28,990.4,26,-1:4>1236/2|-1:5>1323/8|0:3>1323/2|0:5>1323/7|1:3>1323/4|1:4>1323/7
614,5,-1,-1,1143,1:-1,21,778.0,20,0:-2>288/3|0:-1>1431/3|1:-3>288/3|1:-1>1143/4|2:-3>288/4|2:-2>842/3
615,6,1345,2,1345,CL,14,526.9,14,-1:-1>-1/-1|-1:0>1345/2|0:-2>-1/-1|0:0>323/3|1:-2>-1/-1|1:-1>-1/-1
616,5,943,3,943,CL,27,1021.0,26,1:-3>630/1|1:-2>943/4|2:-4>804/2|2:-2>943/5|3:-4>993/4|3:-3>943/5
617,3,-1,-1,1689,2:-5,42,1596.3,39,0:-4>-1/-1|1:-4>-1/-1|2:-5>1689/4
618,4,-1,-1,2131,-1:1,10,363.1,9,-2:2>301/1|-2:3>378/3|-1:1>2131/3|-1:3>-1/-1|0:1>-1/-1|0:2>-1/-1
619,9,857,2,808,-4:-1,28,1044.7,27,-5:-2>1279/1|-5:0>150/4|-4:-2>698/2|-4:-1>808/3
620,3,379,5,379,CL,16,544.5,15,-1:0>379/6|-1:1>379/5|0:-1>379/6|0:1>1750/2|1:-1>379/5|1:0>1750/3
621,9,647,4,1448,1:0,21,726.5,20,1:0>1448/2|1:1>955/1|2:-1>1768/4|2:1>1716/3|3:-1>647/5|3:0>647/4
622,6,2287,1,300,-1:0,13,453.4,12,-2:-1>637/2|-2:0>-1/-1|-1:-2>-1/-1|-1:0>300/3|0:-2>-1/-1|0:-1>-1/-1
623,9,-1,0,2040,2:-1,26,936.6,24,2:-1>2040/1|2:0>-1/-1|3:-2>1352/1|3:0>-1/-1
624,6,884,3,884,CL,27,990.5,24,-7:6>275/1|-7:7>-1/-1|-6:5>884/4|-6:7>-1/-1|-5:5>884/5|-5:6>-1/-1
625,3,-1,-1,2296,-4:5,18,673.7,15,-4:5>2296/2|-4:6>-1/-1|-3:4>388/1|-3:6>-1/-1|-2:4>-1/-1|-2:5>-1/-1
626,7,506,1,1920,-5:6,25,919.7,23,-7:7>-1/-1|-7:8>2310/5|-6:6>1332/1|-6:8>2310/5|-5:6>1920/2|-5:7>2310/6
627,5,-1,0,2188,0:0,18,632.2,17,0:0>2188/2|0:1>862/2|1:-1>494/4|1:1>-1/-1|2:-1>571/3|2:0>571/4
628,5,690,2,483,-1:5,29,1026.4,27,-3:6>690/3|-3:7>690/4|-2:5>405/1|-2:7>567/4|-1:5>483/2|-1:6>567/3
629,4,1191,1,934,-6:3,27,1027.8,25,-6:3>934/1|-5:1>1191/8|-5:2>1606/2
630,3,-1,-1,804,2:-3,28,1074.0,27,0:-3>-1/-1|0:-2>-1/-1|1:-4>-1/-1|1:-2>-1/-1|2:-4>860/1|2:-3>804/1
631,6,1138,2,2025,1:2,30,1064.9,27,0:3>-1/-1|0:4>2300/3|1:2>2025/4|1:4>386/2|2:2>807/3|2:3>807/2
632,7,551,3,551,CL,35,1327.7,32,-5:8>551/3|-5:9>51/4|-4:7>911/3|-3:7>322/2
633,9,-1,0,-1,-,-1,0.0,-1,2:-5>10/2|3:-5>1802/2
634,7,915,1,601,-4:-1,21,800.5,21,-5:0>915/2|-5:1>-1/-1|-4:-1>601/4|-4:1>346/3|-3:-1>601/4|-3:0>346/4
635,5,1000,2,1464,-5:0,29,1106.0,29,-5:-2>1000/5|-5:0>1464/3|-4:-2>1464/5|-4:-1>1464/4
636,4,-1,0,162,-5:7,30,1148.5,28,-6:8>1550/5|-5:7>162/2|-5:9>1907/3|-4:7>820/2|-4:8>820/2
637,6,2287,1,2173,-1:0,13,459.2,12,-2:-1>1513/1|-2:0>-1/-1|-1:-2>-1/-1|-1:0>2173/3|0:-2>-1/-1|0:-1>-1/-1
638,4,2088,1,2088,CL,20,738.1,19,-2:3>2088/4|-2:4>682/4|-1:2>-1/-1|-1:4>682/3|0:2>2144/2|0:3>2144/3
639,10,1549,3,915,-4:0,23,857.6,23,-5:-1>1549/5|-5:1>1196/2|-4:-1>430/3|-4:0>915/1
640,4,-1,-1,1382,2:-5,40,1534.3,37,0:-4>-1/-1|1:-4>-1/-1|2:-5>1382/2
641,8,1850,4,1850,CL,11,444.1,11,-3:0>1779/1|-3:1>-1/-1|-2:-1>-1/-1|-2:1>1850/5|-1:-1>-1/-1|-1:0>1850/6
642,4,1701,2,786,-4:4,15,552.3,13,-5:5>1701/4|-5:6>1701/3|-4:4>786/3|-4:6>-1/-1|-3:4>786/3|-3:5>786/4
643,4,1062,1,1587,-3:-1,24,902.7,21,-3:-2>-1/-1|-3:-1>1587/7|-2:-3>-1/-1|-2:-1>1587/5|-1:-3>878/1|-1:-2>1587/3
644,4,1870,4,1870,CL,28,1060.2,26,-1:3>1870/7|-1:4>-1/-1|0:2>1870/5|0:4>2135/4|1:2>-1/-1|1:3>-1/-1
645,4,-1,-1,932,-5:8,34,1274.2,31,-5:7>-1/-1|-5:8>932/2|-4:6>-1/-1|-4:8>703/1|-3:6>-1/-1|-3:7>-1/-1
646,4,2193,1,860,1:-3,30,1167.8,29,1:-4>325/4|1:-3>860/2|2:-5>-1/-1|2:-3>2103/3|3:-5>2103/4|3:-4>2103/3
647,11,1734,3,1768,1:0,22,752.3,21,1:0>1768/3|1:1>621/2|2:-1>458/3|2:1>1716/3|3:-1>1734/4|3:0>525/3
648,6,1847,3,2160,1:1,23,797.5,21,0:2>52/3|0:3>-1/-1|1:1>2160/2|1:3>1847/4|2:1>2311/2|2:2>1348/2
649,7,144,4,344,1:-1,21,789.3,20,1:-1>344/1|1:0>107/4|2:-2>751/1|2:0>107/5|3:-2>144/5|3:-1>144/5
650,6,985,1,2067,1:-3,31,1162.2,28,0:-4>830/2|0:-3>0/2|1:-5>-1/-1|1:-3>2067/2|2:-5>1518/4|2:-4>1518/6
651,3,446,4,1748,-4:-1,27,1025.7,26,-4:-2>-1/-1|-4:-1>1748/3|-3:-3>446/2|-3:-1>1748/4|-2:-3>446/4|-2:-2>446/6
652,7,1906,1,903,-3:-2,31,1250.8,30,-3:-3>418/2|-3:-2>903/5|-2:-2>-1/-1|-1:-4>-1/-1|-1:-3>-1/-1
653,5,1353,1,2155,-3:2,3,133.0,3,-3:1>168/2|-3:2>2155/1|-2:0>1353/5|-2:2>1353/3|-1:0>1353/5|-1:1>1353/4
654,5,2196,5,1091,-3:0,17,658.3,17,-5:0>2196/6|-5:1>-1/-1|-4:-1>2196/4|-4:1>2196/5|-3:-1>1821/1|-3:0>1091/1
655,10,483,4,25,-1:5,28,993.2,26,-3:6>483/5|-3:7>567/5|-2:5>405/1|-2:7>567/4|-1:5>25/1|-1:6>567/3
656,4,558,6,1458,-2:-3,32,1237.1,30,-4:-3>-1/-1|-4:-2>558/5|-3:-2>558/6|-2:-3>1458/1
657,7,-1,-1,593,-3:5,19,737.4,16,-4:4>-1/-1|-4:5>-1/-1|-3:3>-1/-1|-3:5>593/2|-2:3>-1/-1|-2:4>1113/1
658,6,2071,1,1006,-1:2,16,543.5,15,-1:1>-1/-1|-1:2>1006/5|0:0>1006/4|0:2>-1/-1|1:0>924/1|1:1>194/1
659,6,634,2,1009,-3:-1,21,792.6,21,-5:0>634/3|-5:1>-1/-1|-4:-1>601/4|-4:1>49/2|-3:-1>1009/4|-3:0>49/3
660,2,831,4,831,CL,4,142.8,4,-4:2>-1/-1|-4:3>-1/-1|-3:1>-1/-1|-3:3>831/2|-2:1>831/5|-2:2>831/4
661,3,-1,-1,-1,-,-1,0.0,-1,1:-5>-1/-1|1:-4>-1/-1|2:-4>-1/-1|3:-6>-1/-1|3:-5>1526/1
662,12,1511,1,1824,2:-4,34,1268.7,30,2:-4>1824/1|2:-3>-1/-1|3:-5>1115/1|3:-3>-1/-1
663,5,601,3,2196,-3:-1,19,730.9,19,-5:0>601/4|-5:1>-1/-1|-4:-1>370/3|-4:1>1009/3|-3:-1>2196/2|-3:0>2196/3
664,6,1442,2,160,-3:4,14,527.5,13,-3:3>1563/4|-3:4>160/3|-2:2>1563/5|-2:4>11/1|-1:2>1563/5|-1:3>1442/2
665,12,2281,1,1938,3:-2,32,1224.2,31,3:-3>958/1|3:-2>1938/3
666,4,-1,-1,440,-2:5,29,1028.2,27,-2:5>440/5|-2:6>440/6|-1:4>440/5|-1:6>440/8|0:4>117/1|0:5>2219/1
667,8,-1,0,2008,-6:5,21,775.5,19,-6:5>2008/6|-6:6>495/1|-5:4>-1/-1|-5:6>1868/1|-4:4>-1/-1|-4:5>2008/4
668,6,-1,-1,698,-5:-1,30,1121.2,29,-5:-2>2128/1|-5:-1>698/1|-4:-3>-1/-1|-4:-1>-1/-1|-3:-3>-1/-1|-3:-2>-1/-1
669,6,1355,4,1355,CL,22,772.4,19,0:1>1355/6|0:2>2204/1|1:0>1355/6|1:2>2274/1|2:0>1355/6|2:1>1355/4
670,7,2047,3,986,0:3,29,1073.4,27,-1:4>2047/4|-1:5>411/6|0:3>986/1|0:5>411/5|1:3>1112/1|1:4>411/5
671,5,828,7,828,CL,13,484.6,13,-2:0>828/7|-2:1>828/7|-1:-1>828/8|-1:1>828/7|0:-1>891/1|0:0>828/3
672,4,1227,2,277,1:-4,35,1297.3,31,-1:-4>1227/7|-1:-3>1227/6|0:-3>-1/-1|1:-5>-1/-1|1:-4>277/1
673,2,-1,-1,440,-2:5,29,1010.0,27,-2:5>440/5|-2:6>440/6|-1:4>440/5|-1:6>440/8|0:4>666/2|0:5>666/2
674,3,2088,1,533,-2:3,18,683.6,17,-2:3>533/2|-2:4>533/3|-1:2>-1/-1|-1:4>2088/4|0:2>2088/3|0:3>2088/4
675,2,1753,4,-1,-,-1,0.0,-1,2:-5>759/5|3:-5>1753/5
676,3,484,2,879,-1:-2,30,1176.1,26,-1:-2>879/3|-1:-1>-1/-1|0:-3>-1/-1|0:-1>484/4|1:-3>-1/-1|1:-2>-1/-1
677,5,2178,1,2178,CL,7,252.8,7,-2:1>-1/-1|-2:2>2178/2|-1:0>-1/-1|-1:2>195/1|0:0>7/5|0:1>-1/-1
678,3,-1,-1,1214,2:1,27,928.3,25,2:0>1148/4|2:1>1214/2|3:-1>-1/-1|3:1>1835/2
679,5,-1,-1,92,0:-2,24,872.7,23,0:-2>92/3|0:-1>92/5|1:-3>1713/1|1:-1>92/7|2:-3>2279/1|2:-2>92/6
680,6,2233,4,2289,-4:0,22,815.3,22,-5:-1>2233/5|-5:0>2018/2|-4:-2>2233/4|-4:0>2289/2|-3:-2>2233/4|-3:-1>-1/-1
681,6,486,2,1626,2:-3,32,1208.2,30,1:-4>1129/3|1:-3>486/5|2:-5>-1/-1|2:-3>1626/4|3:-5>740/3|3:-4>740/3
682,10,2088,1,1216,-2:3,19,709.9,18,-2:3>1216/4|-2:4>1216/3|-1:2>-1/-1|-1:4>818/2|0:2>1018/2|0:3>1018/3
683,7,1509,1,211,-2:7,41,1464.2,37,-2:6>-1/-1|-2:7>211/4|-1:5>-1/-1|0:5>-1/-1|0:6>1983/1
684,4,-1,-1,1050,-3:5,32,1133.8,30,-4:6>1041/2|-4:7>1931/4|-3:5>1050/3|-3:7>1931/5|-2:5>1050/3|-2:6>-1/-1
685,4,773,3,773,CL,26,966.8,24,-7:7>-1/-1|-7:8>798/3|-6:6>773/4|-6:8>371/2|-5:6>773/3|-5:7>371/2
686,8,173,3,167,1:-3,29,1072.9,24,-1:-3>173/6|-1:-2>-1/-1|0:-4>-1/-1|0:-2>-1/-1|1:-4>2283/3|1:-3>167/1
687,2,287,2,141,1:4,38,1362.5,36,0:5>-1/-1|0:6>287/4|1:4>141/3|2:4>287/4|2:5>287/3
688,5,1398,1,415,2:-1,26,1045.2,25,2:-2>1225/5|2:-1>415/2|3:-3>1225/5|3:-1>1105/1|4:-3>1225/6
689,7,51,5,2136,-5:9,36,1406.9,34,-5:8>51/5|-5:9>2136/3|-4:7>51/5|-3:7>1794/3
690,6,1085,1,628,-2:5,30,1072.9,28,-3:6>726/2|-3:7>1273/3|-2:5>628/2|-2:7>605/4|-1:5>628/3|-1:6>605/4
691,5,1154,3,780,3:-2,32,1210.1,30,3:-3>1154/2|3:-2>780/1
692,9,186,1,821,-1:0,11,401.5,11,-1:0>821/1|-1:1>286/3|0:-1>570/2|0:1>1800/6|1:-1>570/4|1:0>1800/5
693,3,797,3,2071,0:1,16,556.4,15,0:1>2071/1|0:2>1599/1|1:0>797/6|1:2>797/6|2:0>797/6|2:1>797/6
694,4,1909,1,1909,CL,8,319.1,8,-4:1>-1/-1|-4:2>2269/5|-3:0>1724/2|-3:2>2269/5|-2:0>-1/-1|-2:1>1909/5
695,6,607,3,607,CL,34,1247.8,30,0:-4>607/4|0:-3>607/4|1:-5>-1/-1|1:-3>607/5|2:-5>1349/2|2:-4>1349/3
696,2,-1,-1,469,2:0,27,947.5,26,2:0>469/3|2:1>1148/4|3:-1>-1/-1|3:1>1148/4
697,8,1838,1,408,-5:-1,34,1230.1,32,-5:-1>408/5|-4:-3>1289/1|-4:-2>408/4
698,7,619,3,619,CL,29,1080.2,28,-5:-2>311/1|-5:0>619/5|-4:-2>668/1|-4:-1>619/4
699,10,1460,2,2275,-3:2,5,164.2,4,-3:1>1460/5|-3:2>2275/3|-2:0>75/3|-2:2>223/2|-1:0>1163/2|-1:1>1485/1
700,4,1624,1,524,-4:0,25,953.4,25,-5:1>1624/2|-5:2>1309/2|-4:0>524/4|-4:2>1510/5|-3:0>1510/4|-3:1>-1/-1
701,6,286,2,1234,-1:1,13,447.9,12,-1:0>286/3|-1:1>1234/1|0:-1>286/3|0:1>1410/5|1:-1>1410/4|1:0>1410/4
702,7,1894,2,526,-6:7,26,958.3,23,-6:7>526/5|-6:8>526/5|-5:6>1894/2|-5:8>1217/4|-4:6>577/2|-4:7>1577/2
703,9,397,2,197,-5:8,33,1262.7,31,-5:8>197/1|-5:9>551/6|-4:7>645/1|-3:7>1316/2
704,3,-1,-1,-1,-,-1,0.0,-1,-7:7>-1/-1|-6:7>-1/-1|-6:8>-1/-1
705,9,713,4,1716,1:0,23,804.9,22,1:0>1716/4|1:1>1716/3|2:-1>2097/5|2:1>1752/1|3:-1>713/5|3:0>595/3
706,8,2053,1,982,0:5,34,1210.8,31,0:4>1770/1|0:5>982/1|1:3>-1/-1|1:5>2053/3|2:3>73/7|2:4>73/6
707,6,519,2,1080,-3:-1,21,807.3,18,-3:-2>-1/-1|-3:-1>1080/4|-2:-3>-1/-1|-2:-1>856/2|-1:-3>192/3|-1:-2>242/2
708,6,744,3,744,CL,11,397.4,10,-5:4>744/5|-5:5>744/5|-4:3>744/5|-4:5>1882/2|-3:3>744/3|-3:4>744/4
709,9,7,3,7,CL,9,330.2,9,-2:1>-1/-1|-2:2>7/4|-1:0>-1/-1|-1:2>7/2|0:0>1572/3|0:1>-1/-1
710,6,514,2,514,CL,28,1025.8,25,-6:2>514/3|-6:3>514/3|-5:1>338/2|-5:3>1322/4|-4:1>1322/7|-4:2>1322/4
711,10,-1,-1,2101,-2:-2,25,970.9,21,-2:-2>2101/3|-2:-1>-1/-1|-1:-3>-1/-1|-1:-1>-1/-1|0:-3>-1/-1|0:-2>490/3
712,4,690,2,567,-2:5,30,1074.2,28,-3:6>690/3|-3:7>605/3|-2:5>567/3|-2:7>1259/3|-1:5>567/3|-1:6>1259/3
713,11,2211,3,2097,1:0,23,816.6,22,1:0>2097/4|1:1>2097/4|2:-1>2211/4|2:1>2164/2|3:-1>2211/4|3:0>1206/2
714,11,1549,3,915,-4:0,23,871.6,23,-5:-1>1549/5|-5:1>1196/2|-4:-1>77/2|-4:0>915/1
715,7,1499,2,1375,-1:3,27,993.7,25,-1:3>1375/6|-1:4>-1/-1|0:2>1375/4|0:4>1789/2|1:2>-1/-1|1:3>-1/-1
716,4,2310,2,2310,CL,26,963.2,23,-7:7>-1/-1|-7:8>2237/3|-6:6>2310/3|-6:8>2237/3|-5:6>865/3|-5:7>2237/4
717,5,2258,8,464,-4:4,14,491.9,12,-6:4>2258/5|-6:5>2258/8|-5:3>2258/5|-5:5>2258/7|-4:3>1150/2|-4:4>464/1
718,6,1355,4,1355,CL,22,779.6,19,0:1>1355/6|0:2>2204/1|1:0>1355/6|1:2>2274/1|2:0>1355/6|2:1>1355/4
719,6,49,4,49,CL,22,855.6,22,-5:0>49/5|-5:1>-1/-1|-4:-1>49/6|-4:1>2145/1|-3:-1>49/5|-3:0>232/1
720,7,177,3,1285,-1:1,9,338.8,9,-2:0>1069/3|-2:1>177/3|-1:-1>1069/4|-1:1>1285/3|0:-1>821/3|0:0>557/2
721,6,1592,1,1592,CL,19,667.9,18,0:1>1592/3|0:2>1790/3|1:0>1637/3|1:2>1790/2|2:0>1637/3|2:1>790/2
722,10,1734,3,1768,1:0,22,759.6,21,1:0>1768/3|1:1>647/3|2:-1>458/3|2:1>2097/3|3:-1>1734/4|3:0>525/3
723,7,-1,-1,1379,-5:4,15,508.4,13,-5:3>-1/-1|-5:4>1379/2|-4:2>-1/-1|-4:4>1379/2|-3:2>-1/-1|-3:3>-1/-1
724,0,-1,0,-1,-,-1,0.0,-1,0:-4>-1/-1|1:-4>-1/-1|2:-5>-1/-1
725,6,1116,1,1116,CL,28,1002.3,26,-5:3>1116/2|-5:4>-1/-1|-4:2>1604/1|-4:4>-1/-1|-3:2>-1/-1|-3:3>-1/-1
726,6,1085,1,690,-2:5,31,1110.3,29,-3:6>535/1|-3:7>1273/3|-2:5>690/3|-2:7>690/5|-1:5>690/4|-1:6>690/5
727,5,2274,5,2274,CL,24,846.3,20,0:2>1123/1|0:3>-1/-1|1:1>2274/2|1:3>2274/6|2:1>2274/5|2:2>2274/5
728,5,261,2,261,CL,8,288.3,8,-2:0>131/2|-2:1>261/2|-1:-1>131/3|-1:1>1024/3|0:-1>568/5|0:0>568/4
729,3,2194,4,2194,CL,34,1283.0,30,-2:-3>-1/-1|-1:-3>2033/2|0:-4>1846/1
730,5,1621,4,1621,CL,35,1269.0,31,0:-4>1621/5|0:-3>1621/5|1:-5>-1/-1|1:-3>1621/6|2:-5>1349/2|2:-4>1349/3
731,11,1085,1,1273,-2:5,32,1161.6,30,-3:6>1535/2|-3:7>1711/1|-2:5>1273/4|-2:7>1554/5|-1:5>1273/5|-1:6>1554/5
732,7,-1,-1,1379,-5:4,15,513.6,13,-5:3>-1/-1|-5:4>1379/2|-4:2>-1/-1|-4:4>1379/2|-3:2>-1/-1|-3:3>-1/-1
733,5,1798,2,1432,-3:2,5,175.9,5,-3:2>1432/4|-3:3>1798/4|-2:1>1219/2|-2:3>-1/-1|-1:1>2138/2|-1:2>-1/-1
734,2,-1,-1,2044,1:0,21,754.4,17,0:-1>-1/-1|0:0>-1/-1|1:-2>-1/-1|1:0>2044/1|2:-2>-1/-1|2:-1>-1/-1
735,6,2162,2,153,-4:-2,28,1057.7,27,-5:-2>2162/4|-5:0>1912/1|-4:-2>153/4|-4:-1>153/3
736,5,906,3,906,CL,31,1172.2,30,2:-3>906/6|2:-2>906/6|3:-4>906/3|3:-2>906/6|4:-3>2235/1
737,4,1326,3,2299,1:5,43,1530.9,41,1:5>2299/3|2:4>2299/5
738,3,1498,1,1498,CL,43,1568.4,41,1:5>1326/4|2:4>1498/3
739,10,948,3,41,-5:7,27,1006.2,25,-5:6>498/1|-5:7>41/2|-4:5>-1/-1|-4:7>948/5|-3:5>948/5|-3:6>948/5
740,9,1456,2,2103,1:-3,31,1171.3,29,1:-4>1129/3|1:-3>2103/4|2:-5>-1/-1|2:-3>2103/3|3:-5>1314/2|3:-4>1449/2
741,9,1216,3,1270,-1:4,18,624.8,16,-2:3>1149/2|-2:4>156/1|-1:2>-1/-1|-1:4>1270/3|0:2>1216/4|0:3>1216/5
742,7,1321,4,517,0:0,15,557.9,14,0:-1>1010/1|0:0>517/1|1:-2>1321/3|1:0>1321/4|2:-2>1321/5|2:-1>1321/6
743,1,-1,-1,2117,-7:6,34,1229.3,31,-7:6>2117/9|-7:8>-1/-1|-6:6>2117/6|-6:7>-1/-1
744,8,913,2,913,CL,10,365.6,9,-5:4>1649/4|-5:5>1649/4|-4:3>1649/4|-4:5>247/3|-3:3>913/2|-3:4>913/3
745,2,1912,2,1912,CL,28,1035.6,28,-5:-1>735/1|-5:1>1912/5|-4:-1>1912/6|-4:0>1912/6
746,2,1489,3,1489,CL,40,1444.3,38,1:4>1489/4|1:5>1489/6|2:3>1489/5|2:5>1489/7
747,2,319,6,319,CL,20,803.6,20,-3:-2>-1/-1|-3:-1>319/2|-2:-3>-1/-1|-2:-1>319/2|-1:-3>319/7|-1:-2>319/4
748,6,-1,-1,1515,1:-1,20,728.1,19,0:-2>88/3|0:-1>1032/2|1:-3>88/5|1:-1>1515/3|2:-3>1143/4|2:-2>1143/3
749,12,1290,3,990,1:-2,27,993.4,23,0:-3>420/2|0:-2>1670/1|1:-4>1982/3|1:-2>990/4|2:-4>-1/-1|2:-3>1290/4
750,5,1416,2,1622,1:3,32,1140.8,30,1:3>1622/3|1:4>1364/5|2:2>276/1|2:4>1364/6
751,7,1363,2,344,1:-1,21,798.6,20,1:-2>1363/3|1:-1>344/1|2:-3>1363/5|2:-1>649/1|3:-3>-1/-1|3:-2>-1/-1
752,6,1097,2,1648,-5:3,24,891.6,22,-6:2>1427/5|-6:4>1097/3|-5:2>1427/4|-5:3>1648/3
753,11,977,2,2187,-4:0,23,856.0,23,-5:-1>977/3|-5:0>2233/4|-4:-2>2185/2|-4:0>2187/3|-3:-2>172/2|-3:-1>-1/-1
754,7,-1,-1,321,-1:5,33,1187.5,31,-1:5>321/4|-1:6>-1/-1|0:4>982/2|0:6>-1/-1|1:4>1210/2|1:5>-1/-1
755,2,-1,-1,2158,-2:-3,28,1047.7,25,-2:-3>2158/3|-2:-2>2158/5|-1:-4>1361/1|-1:-2>-1/-1|0:-4>-1/-1|0:-3>2158/9
756,7,-1,-1,657,-3:5,20,751.7,16,-4:4>-1/-1|-4:5>-1/-1|-3:3>-1/-1|-3:5>657/3|-2:3>-1/-1|-2:4>1113/1
757,6,1312,4,1312,CL,32,1215.5,30,-5:6>1312/7|-5:7>1312/6|-4:5>-1/-1|-4:7>1312/6|-3:5>212/1|-3:6>1312/4
758,6,1960,3,1960,CL,30,1052.4,28,2:1>1960/4|2:2>-1/-1|3:0>2180/1
759,5,1419,3,-1,-,-1,0.0,-1,2:-5>1503/4|3:-5>164/4
760,10,2294,3,1782,-4:0,25,939.7,25,-5:-1>2294/5|-5:1>825/1|-4:-1>2184/5|-4:0>1782/3
761,6,1376,3,770,-5:4,24,817.1,21,-7:6>-1/-1|-6:4>-1/-1|-6:6>810/2|-5:4>770/3|-5:5>770/3
762,8,1563,4,94,-3:4,13,497.7,12,-3:3>283/2|-3:4>94/2|-2:2>2203/3|-2:4>1563/3|-1:2>1954/3|-1:3>1563/4
763,4,448,2,448,CL,32,1217.4,28,-2:-3>-1/-1|-1:-3>2194/4|0:-4>2194/3
764,6,592,3,1404,-3:2,2,74.6,2,-3:2>1404/1|-3:3>592/5|-2:1>1774/1|-2:3>-1/-1|-1:1>2048/3|-1:2>-1/-1
765,6,-1,-1,2251,-3:1,9,379.4,9,-4:2>362/1|-4:3>-1/-1|-3:1>2251/1|-3:3>-1/-1|-2:1>-1/-1|-2:2>-1/-1
766,4,1901,2,-1,-,-1,0.0,-1,2:-5>1901/4|3:-5>1901/3
767,3,2200,4,1635,-5:8,35,1304.2,33,-5:8>1635/2|-4:8>2200/6
768,7,1376,3,810,-5:4,24,817.7,21,-7:6>-1/-1|-6:4>-1/-1|-6:6>2142/1|-5:4>810/3|-5:5>810/3
769,6,1065,1,1633,2:1,27,935.5,25,2:1>1633/1|2:2>-1/-1|3:0>1616/2
770,7,240,3,1892,-5:4,23,795.3,20,-7:6>-1/-1|-6:4>-1/-1|-6:6>810/2|-5:4>1892/2|-5:5>1892/2
771,6,2174,2,2174,CL,12,444.4,12,-2:2>-1/-1|-2:3>-1/-1|-1:1>2174/3|-1:3>-1/-1|0:1>2174/3|0:2>-1/-1
772,5,1631,1,1631,CL,22,845.7,21,-4:-1>-1/-1|-4:0>1631/4|-3:-2>2297/2|-3:0>-1/-1|-2:-2>2297/2|-2:-1>-1/-1
773,6,559,2,1066,-5:6,25,935.7,23,-7:7>-1/-1|-7:8>2237/3|-6:6>865/3|-6:8>798/2|-5:6>1066/2|-5:7>685/3
774,5,544,1,1867,-1:3,26,961.7,24,-1:3>1867/5|-1:4>-1/-1|0:2>1867/3|0:4>544/3|1:2>-1/-1|1:3>-1/-1
775,10,2104,3,2140,-3:4,16,603.7,15,-3:4>2140/3|-3:5>2104/4|-2:3>225/2|-2:5>-1/-1|-1:3>156/2|-1:4>70/3
776,3,-1,-1,1076,-6:7,29,1077.8,27,-7:7>-1/-1|-6:7>1076/2|-6:8>1676/1
777,3,209,1,563,-5:8,36,1417.4,34,-5:8>563/4|-4:8>563/5
778,6,-1,-1,2251,-3:1,9,370.8,9,-4:2>362/1|-4:3>-1/-1|-3:1>2251/1|-3:3>-1/-1|-2:1>-1/-1|-2:2>-1/-1
779,9,1102,2,296,1:-1,20,767.8,19,1:-2>873/2|1:-1>296/1|2:-3>2060/3|2:-1>1363/3|3:-3>-1/-1|3:-2>-1/-1
780,4,1522,7,1522,CL,31,1187.4,30,2:-2>1522/5|2:-1>1522/7|3:-3>1522/2|3:-1>1522/8|4:-3>691/1
781,5,209,1,2280,-5:8,37,1452.3,35,-5:8>2280/5|-4:8>2280/6
782,7,1472,3,1607,-4:6,32,1194.2,29,-4:5>-1/-1|-4:6>1607/1|-3:4>-1/-1|-3:6>1472/5|-2:4>-1/-1|-2:5>-1/-1
783,10,913,2,1788,-3:3,10,346.9,8,-5:4>1999/4|-5:5>1649/4|-4:3>1999/4|-4:5>1649/4|-3:3>1788/1|-3:4>913/3
784,10,249,4,249,CL,23,863.3,21,-6:6>249/5|-6:7>374/2|-5:5>249/5|-5:7>1047/1|-4:5>249/6|-4:6>-1/-1
785,8,399,1,1365,-5:3,21,714.5,18,-6:3>399/5|-6:5>951/1|-5:3>1365/3|-5:4>1623/2
786,7,1701,2,31,-4:4,14,535.9,13,-5:5>1701/4|-5:6>1701/3|-4:4>31/2|-4:6>-1/-1|-3:4>1601/2|-3:5>920/3
787,2,463,4,463,CL,27,1009.2,25,-6:7>463/6|-6:8>463/6|-5:6>463/4|-5:8>463/5|-4:6>463/3|-4:7>463/3
788,6,809,6,892,-5:9,35,1364.0,33,-5:8>809/6|-5:9>892/2|-4:7>809/6|-3:7>2257/5
789,3,1895,6,1895,CL,39,1461.3,38,-5:-2>1895/7|-4:-2>1895/6|-3:-3>-1/-1
790,7,721,2,721,CL,20,697.4,19,0:1>721/4|0:2>487/4|1:0>845/3|1:2>487/2|2:0>845/2|2:1>482/1
791,7,2108,7,2108,CL,29,1078.7,27,-6:7>2108/4|-6:8>308/1|-5:6>2108/6|-5:8>959/1|-4:6>2108/8|-4:7>2108/9
792,5,-1,-1,956,-4:6,34,1254.0,31,-4:6>956/4|-4:7>1417/1|-3:5>1548/6|-3:7>1709/1|-2:5>1548/6|-2:6>-1/-1
793,5,1717,2,424,1:2,26,917.6,24,1:2>424/2|1:3>1717/4|2:1>424/2|2:3>1717/4|3:1>-1/-1
794,7,1901,2,-1,-,-1,0.0,-1,2:-5>827/3|3:-5>827/2
795,2,1269,3,1269,CL,27,940.4,25,-2:4>1269/7|-2:5>1269/5|-1:3>-1/-1|-1:5>1269/5|0:3>-1/-1|0:4>1269/5
796,1,1071,4,1071,CL,28,1063.5,26,-6:3>1071/2|-5:1>1071/11|-5:2>1071/2
797,3,1811,2,693,0:1,17,574.5,16,0:1>693/2|0:2>1599/1|1:0>1811/5|1:2>1811/5|2:0>1811/5|2:1>1811/5
798,6,773,3,773,CL,26,983.7,24,-7:7>-1/-1|-7:8>59/2|-6:6>773/4|-6:8>894/1|-5:6>773/3|-5:7>371/2
799,9,1020,1,215,0:6,41,1489.5,39,0:5>-1/-1|0:6>215/5|1:4>215/6|2:4>215/3|2:5>95/1
800,4,380,1,2176,-5:7,30,1110.8,27,-5:7>2176/3|-5:8>2176/3|-4:6>575/2|-4:8>-1/-1|-3:6>-1/-1|-3:7>-1/-1
801,5,2291,3,2291,CL,20,725.5,19,0:0>2291/4|0:1>2291/5|1:-1>2291/4|1:1>-1/-1|2:-1>30/1|2:0>572/2
802,9,249,4,249,CL,23,856.6,21,-6:6>249/5|-6:7>1337/1|-5:5>249/5|-5:7>1047/1|-4:5>249/6|-4:6>-1/-1
803,8,452,1,1579,-4:5,19,713.5,17,-6:6>452/2|-6:7>2043/4|-5:5>539/2|-5:7>2043/5|-4:5>1579/2|-4:6>-1/-1
804,6,943,3,943,CL,27,1036.1,26,1:-3>630/1|1:-2>943/4|2:-4>901/1|2:-2>943/5|3:-4>993/4|3:-3>943/5
805,4,1660,4,815,0:0,16,601.8,15,0:-1>1660/4|0:0>815/1|1:-2>1660/4|1:0>2259/2|2:-2>1660/5|2:-1>1660/6
806,9,-1,-1,1170,0:-2,22,831.3,21,0:-2>1170/5|0:-1>1170/5|1:-3>1170/6|1:-1>1170/5|2:-3>48/1|2:-2>895/1
807,7,365,1,1338,2:2,31,1092.0,27,0:3>-1/-1|0:4>631/4|1:2>631/5|1:4>1138/3|2:2>1338/2|2:3>409/1
808,7,857,2,890,-4:-1,27,1017.8,27,-5:-2>619/2|-5:0>1118/4|-4:-2>1693/2|-4:-1>890/2
809,7,51,5,2257,-5:9,36,1389.9,34,-5:8>51/5|-5:9>2257/3|-4:7>51/5|-3:7>51/4
810,7,1376,3,1892,-5:4,23,795.7,20,-7:6>-1/-1|-6:4>-1/-1|-6:6>2142/1|-5:4>1892/2|-5:5>1892/2
811,6,983,4,1121,-3:2,4,157.6,4,-4:3>983/6|-4:4>983/5|-3:2>1121/2|-3:4>983/5|-2:2>38/2|-2:3>983/8
812,3,-1,-1,1237,-2:2,13,441.4,12,-2:2>1237/3|-2:3>1021/1|-1:1>1237/6|-1:3>-1/-1|0:1>-1/-1|0:2>-1/-1
813,4,-1,-1,538,-1:5,32,1167.9,30,-1:5>538/3|-1:6>-1/-1|0:4>538/2|0:6>-1/-1|1:4>321/2|1:5>-1/-1
814,2,-1,0,493,-5:8,34,1276.1,31,-5:8>493/2|-5:9>397/7|-4:7>493/2|-3:7>397/3
815,6,1813,4,1813,CL,15,554.4,14,-1:0>1813/4|-1:1>1813/5|0:-1>1813/3|0:1>1813/6|1:-1>1617/1|1:0>1813/5
816,6,592,3,1404,-3:2,2,72.3,2,-3:2>1404/1|-3:3>592/5|-2:1>1774/1|-2:3>-1/-1|-1:1>592/4|-1:2>-1/-1
817,8,-1,0,2091,-1:6,45,1601.0,40,-1:6>2091/3|0:5>-1/-1|1:5>1889/1
818,9,835,2,1231,-2:4,19,708.7,18,-2:3>1216/4|-2:4>1231/2|-1:2>-1/-1|-1:4>2154/1|0:2>682/3|0:3>682/4
819,10,1389,2,103,-5:-1,32,1179.0,30,-5:-1>103/3|-4:-3>408/3|-4:-2>457/3
820,7,636,1,636,CL,31,1185.8,29,-6:8>1550/5|-5:7>636/3|-5:9>1907/3|-4:7>932/1|-4:8>1220/1
821,9,720,4,2216,-1:1,10,379.7,10,-2:0>720/4|-2:1>720/4|-1:-1>720/5|-1:1>2216/4|0:-1>461/2|0:0>692/1
822,6,1169,4,1169,CL,35,1280.0,31,0:-4>1955/4|0:-3>1169/5|1:-5>-1/-1|1:-3>1169/6|2:-5>1589/1|2:-4>2161/3
823,4,1344,1,254,-5:1,27,1012.9,27,-5:-1>396/3|-5:1>254/4|-4:-1>1294/5|-4:0>254/5
824,3,793,3,424,1:2,26,916.9,24,1:2>424/2|1:3>793/5|2:1>424/2|2:3>793/5|3:1>-1/-1
825,7,-1,0,760,-5:0,26,959.0,25,-6:2>-1/-1|-5:0>760/1|-5:2>-1/-1|-4:0>-1/-1|-4:1>-1/-1
826,5,1225,2,1801,2:-1,26,1012.1,25,2:-2>1673/3|2:-1>1801/2|3:-3>231/3|3:-1>1225/3|4:-3>231/4
827,9,633,1,-1,-,-1,0.0,-1,2:-5>185/2|3:-5>1559/1
828,11,461,6,461,CL,12,450.7,12,-2:0>461/6|-2:1>461/6|-1:-1>461/7|-1:1>461/6|0:-1>1919/1|0:0>461/2
829,4,-1,-1,677,-1:1,8,292.9,7,-2:2>2131/3|-2:3>2131/5|-1:1>677/1|-1:3>-1/-1|0:1>-1/-1|0:2>-1/-1
830,6,985,1,650,0:-3,32,1190.6,29,0:-4>1109/1|0:-3>650/3|1:-5>-1/-1|1:-3>650/3|2:-5>1902/4|2:-4>1518/6
831,4,1271,3,1271,CL,3,103.2,3,-4:2>-1/-1|-4:3>-1/-1|-3:1>-1/-1|-3:3>1327/1|-2:1>1271/4|-2:2>1271/3
832,5,2174,2,2174,CL,12,447.9,12,-2:2>-1/-1|-2:3>-1/-1|-1:1>2174/3|-1:3>-1/-1|0:1>2174/3|0:2>-1/-1
833,5,1498,1,1305,2:4,41,1490.2,39,1:5>512/2|2:4>1305/1
834,8,1565,1,1096,-2:0,14,556.7,14,-4:0>1675/2|-4:1>-1/-1|-3:-1>169/2|-3:1>-1/-1|-2:-1>1565/2|-2:0>1096/3
835,9,2088,1,1216,-2:3,19,705.4,18,-2:3>1216/4|-2:4>1216/3|-1:2>-1/-1|-1:4>818/2|0:2>1018/2|0:3>1018/3
836,4,418,2,1136,-3:-2,30,1181.6,29,-3:-3>1458/2|-3:-2>1136/4|-2:-2>-1/-1|-1:-4>-1/-1|-1:-3>-1/-1
837,8,1853,1,2080,-6:3,27,946.8,25,-6:3>2080/5|-6:4>2080/7|-5:2>191/2|-5:4>-1/-1|-4:2>1475/1|-4:3>2080/6
838,6,2094,1,970,1:-4,35,1301.5,32,1:-5>2094/5|1:-4>970/1|2:-4>-1/-1|3:-6>-1/-1|3:-5>-1/-1
839,7,1894,2,784,-5:6,24,906.9,22,-6:7>2078/3|-6:8>2078/3|-5:6>784/1|-5:8>526/5|-4:6>1894/3|-4:7>526/4
840,6,1805,4,2278,-5:3,23,818.0,20,-6:2>1805/6|-6:4>1805/5|-5:2>1805/5|-5:3>2278/1
841,5,-1,-1,723,-5:4,16,536.5,14,-5:3>-1/-1|-5:4>723/3|-4:2>-1/-1|-4:4>723/3|-3:2>-1/-1|-3:3>-1/-1
842,4,-1,-1,1515,0:-1,20,759.7,19,0:-2>614/4|0:-1>1515/3|1:-3>614/4|1:-1>1515/3|2:-3>1170/3|2:-2>1170/2
843,7,1838,1,1898,-5:-1,34,1244.2,32,-5:-1>1898/5|-4:-3>554/2|-4:-2>408/4
844,4,2269,2,1488,-2:1,7,317.3,7,-4:1>-1/-1|-4:2>871/3|-3:0>2269/4|-3:2>871/3|-2:0>-1/-1|-2:1>1488/4
845,6,1637,2,1637,CL,20,711.2,19,0:1>1637/4|0:2>790/5|1:0>1833/2|1:2>790/3|2:0>621/1|2:1>163/2
846,5,1975,4,1975,CL,39,1411.3,37,1:4>1975/3|1:5>1966/1|2:3>1975/4|2:5>1305/2
847,3,-1,-1,2272,-6:6,31,1110.9,27,-7:6>1814/2|-7:8>-1/-1|-6:6>2272/3|-6:7>-1/-1
848,6,251,3,1720,1:5,44,1602.2,42,-1:6>251/6|0:5>-1/-1|1:5>1720/3
849,7,547,3,2187,-5:0,23,877.4,23,-5:-1>547/4|-5:0>2187/4|-4:-2>2185/2|-4:0>2187/3|-3:-2>1534/1|-3:-1>-1/-1
850,7,2022,5,2022,CL,16,553.1,15,-1:0>2022/6|-1:1>2022/5|0:-1>2022/6|0:1>2099/1|1:-1>2022/5|1:0>86/1
851,7,1928,1,1928,CL,29,1117.6,29,-5:-2>134/3|-5:0>1796/4|-4:-2>134/4|-4:-1>1928/4
852,6,-1,-1,-1,-,-1,0.0,-1,-7:7>-1/-1|-6:7>-1/-1|-6:8>-1/-1
853,6,268,1,268,CL,24,904.5,22,-6:2>1097/6|-6:4>268/2|-5:2>1097/5|-5:3>1097/4
854,10,1736,4,1736,CL,7,248.5,7,-3:1>1736/3|-3:2>1736/5|-2:0>2026/1|-2:2>294/5|-1:0>261/1|-1:1>294/4
855,6,81,3,81,CL,26,953.9,23,-6:2>1427/5|-6:4>81/4|-5:2>1427/4|-5:3>1427/4
856,6,242,3,2271,-2:-1,20,796.6,17,-3:-2>-1/-1|-3:-1>1680/3|-2:-3>-1/-1|-2:-1>2271/1|-1:-3>242/4|-1:-2>1804/1
857,10,1928,1,808,-4:-2,28,1062.3,27,-5:-2>241/2|-5:0>1393/4|-4:-2>808/3|-4:-1>808/3
858,5,1398,1,688,2:-2,27,1072.4,26,2:-2>688/6|2:-1>688/3|3:-3>688/6|3:-1>1105/1|4:-3>688/7
859,8,-1,-1,1632,1:-1,18,653.6,15,-1:-1>-1/-1|-1:0>-1/-1|0:-2>-1/-1|0:0>-1/-1|1:-2>1884/2|1:-1>1632/1
860,3,315,2,630,1:-3,29,1120.9,28,1:-4>646/5|1:-3>630/1|2:-5>-1/-1|2:-3>646/4|3:-5>646/5|3:-4>646/4
861,6,1362,4,1362,CL,21,792.3,19,-6:5>1666/3|-6:6>1362/4|-5:4>-1/-1|-5:6>1362/3|-4:4>-1/-1|-4:5>1362/4
862,6,627,1,850,0:0,17,601.9,16,0:0>850/1|0:1>2099/1|1:-1>494/4|1:1>-1/-1|2:-1>627/4|2:0>627/5
863,5,1384,3,1384,CL,31,1177.2,29,-5:6>1384/6|-5:7>1384/5|-4:5>-1/-1|-4:7>1384/5|-3:5>782/1|-3:6>1384/3
864,1,-1,-1,1837,-4:-1,27,1026.4,27,-5:-2>-1/-1|-5:-1>-1/-1|-4:-3>-1/-1|-4:-1>1837/3|-3:-3>-1/-1|-3:-2>-1/-1
865,8,506,1,1066,-5:6,25,915.2,22,-7:7>-1/-1|-7:8>773/4|-6:6>83/2|-6:8>773/3|-5:6>1066/2|-5:7>773/4
866,7,395,2,962,-2:4,23,824.2,21,-2:4>962/3|-2:5>1256/1|-1:3>-1/-1|-1:5>1450/2|0:3>-1/-1|0:4>395/4
867,8,1890,1,1423,-5:3,20,692.3,18,-6:4>1394/4|-6:5>1890/2|-5:3>1423/5|-5:5>1872/1|-4:3>1423/6|-4:4>1423/7
868,4,897,2,1452,2:-3,26,989.2,25,2:-3>1452/1|2:-2>1533/3|3:-4>193/4|3:-2>1533/3|4:-3>193/6
869,6,1804,1,1552,-2:-1,17,608.2,16,-2:-2>1804/2|-2:-1>1552/1|-1:-3>-1/-1|-1:-1>-1/-1|0:-3>-1/-1|0:-2>-1/-1
870,5,-1,0,-1,-,-1,0.0,30,-1:5>1899/1|-1:6>1702/1|0:4>-1/-1|0:6>-1/-1|1:4>-1/-1|1:5>-1/-1
871,4,1488,2,1488,CL,7,314.5,7,-4:1>-1/-1|-4:2>2251/2|-3:0>1488/4|-3:2>2251/2|-2:0>-1/-1|-2:1>1488/4
872,5,1942,5,1942,CL,36,1320.9,34,0:4>1942/4|0:5>1942/5|1:3>-1/-1|1:5>1942/7|2:3>1275/2|2:4>1094/2
873,8,1212,2,296,1:-1,20,753.8,19,1:-2>1132/1|1:-1>296/1|2:-3>933/3|2:-1>1363/3|3:-3>-1/-1|3:-2>-1/-1
874,4,1828,2,287,1:4,40,1448.2,38,0:5>-1/-1|0:6>489/2|1:4>287/5|2:4>287/4|2:5>1828/2
875,7,136,1,136,CL,1,40.6,1,-4:2>-1/-1|-4:3>-1/-1|-3:1>-1/-1|-3:3>136/4|-2:1>1492/1|-2:2>1404/2
876,7,-1,-1,1645,-4:1,24,931.7,24,-6:2>2240/4|-5:0>-1/-1|-5:2>2240/3|-4:0>-1/-1|-4:1>1645/1
877,2,-1,-1,1781,-3:1,10,443.7,10,-4:2>1022/1|-4:3>-1/-1|-3:1>1781/2|-3:3>-1/-1|-2:1>-1/-1|-2:2>-1/-1
878,9,-1,-1,611,-2:-2,24,914.3,21,-2:-3>1642/3|-2:-2>611/1|-1:-4>2118/4|-1:-2>-1/-1|0:-4>-1/-1|0:-3>1186/6
879,8,1175,1,1947,-1:-2,29,1128.9,25,-1:-2>1947/2|-1:-1>-1/-1|0:-3>-1/-1|0:-1>1175/3|1:-3>-1/-1|1:-2>-1/-1
880,8,1704,1,971,-3:0,17,673.5,17,-3:-1>-1/-1|-3:0>971/3|-2:-2>1704/2|-2:0>-1/-1|-1:-2>8/3|-1:-1>-1/-1
881,6,-1,-1,1780,2:-3,31,1221.7,30,2:-4>-1/-1|2:-3>1780/3|3:-5>-1/-1|3:-3>930/2
882,3,446,4,1748,-4:-1,27,1031.7,26,-4:-2>-1/-1|-4:-1>1748/3|-3:-3>446/2|-3:-1>1748/4|-2:-3>446/4|-2:-2>446/6
883,5,348,1,13,-1:3,23,860.4,19,-1:2>-1/-1|-1:3>13/2|0:1>-1/-1|0:3>1688/3|1:1>902/4|1:2>902/4
884,6,2163,2,2163,CL,26,972.8,23,-7:6>919/1|-7:7>-1/-1|-6:5>2163/3|-6:7>-1/-1|-5:5>2163/4|-5:6>-1/-1
885,9,562,1,562,CL,17,650.2,16,-5:5>2005/1|-5:6>1852/1|-4:4>562/5|-4:6>-1/-1|-3:4>562/5|-3:5>562/6
886,5,31,4,1412,-4:4,13,481.0,12,-5:5>31/6|-5:6>31/5|-4:4>1412/1|-4:6>-1/-1|-3:4>60/3|-3:5>60/4
887,8,231,4,231,CL,28,1080.5,27,2:-2>1223/2|2:-1>231/4|3:-3>1697/1|3:-1>231/5|4:-3>2199/2
888,10,370,4,1987,-4:1,20,744.5,20,-5:0>370/5|-5:1>-1/-1|-4:-1>600/1|-4:1>1987/5|-3:-1>1987/3|-3:0>1987/4
889,7,2008,2,539,-5:6,19,723.0,18,-6:5>1362/4|-6:6>2008/2|-5:4>-1/-1|-5:6>539/1|-4:4>-1/-1|-4:5>2005/2
890,12,1118,3,1537,-4:-1,26,975.6,26,-5:-2>808/3|-5:0>1166/4|-4:-2>1272/1|-4:-1>1537/1
891,9,-1,0,828,-1:0,13,471.8,13,-1:-1>-1/-1|-1:0>828/1|0:-2>-1/-1|0:0>1919/3|1:-2>-1/-1|1:-1>-1/-1
892,6,2218,7,1664,-5:9,34,1332.9,32,-5:8>2218/7|-5:9>1664/1|-4:7>2218/7|-3:7>2218/5
893,8,1282,2,37,-2:6,34,1190.0,31,-3:7>1127/3|-2:6>37/1|-1:6>1318/3
894,6,-1,-1,371,-6:7,28,1025.8,25,-7:8>-1/-1|-6:7>371/1|-5:7>1040/1|-5:8>-1/-1
895,8,933,3,933,CL,22,847.6,21,1:-2>806/1|1:-1>933/3|2:-3>48/1|2:-1>933/5|3:-3>-1/-1|3:-2>-1/-1
896,12,1053,2,333,2:-3,29,1074.5,28,2:-3>333/4|2:-2>1053/4|3:-4>1397/2|3:-2>1053/4|4:-3>906/3
897,7,537,1,868,2:-3,27,1035.7,26,2:-3>868/2|2:-2>1176/3|3:-4>333/3|3:-2>1176/3|4:-3>1053/5
898,6,1643,4,572,1:0,22,762.4,21,1:0>572/1|1:1>1388/3|2:-1>30/1|2:1>458/5|3:-1>1643/4|3:0>1643/5
899,8,1439,1,2297,-3:-1,24,944.2,23,-4:-2>-1/-1|-4:-1>984/8|-3:-3>984/5|-3:-1>2297/1|-2:-3>984/3|-2:-2>1494/1
900,5,215,2,2045,2:4,40,1441.7,38,0:5>-1/-1|0:6>215/5|1:4>215/6|2:4>2045/1|2:5>1966/2
901,4,2103,3,2179,2:-3,29,1073.6,27,1:-4>2103/5|1:-3>2103/4|2:-5>-1/-1|2:-3>2179/1|3:-5>2103/4|3:-4>2262/2
902,3,883,2,883,CL,24,900.9,18,-1:2>-1/-1|-1:3>883/3|0:1>-1/-1|0:3>1120/3|1:1>76/3|1:2>1120/3
903,7,652,2,1136,-3:-2,30,1202.6,29,-3:-3>656/1|-3:-2>1136/4|-2:-2>-1/-1|-1:-4>-1/-1|-1:-3>-1/-1
904,2,2043,2,2043,CL,21,778.3,19,-6:6>2043/3|-6:7>249/2|-5:5>2043/3|-5:7>249/3|-4:5>2043/4|-4:6>-1/-1
905,3,-1,-1,1915,3:-3,30,1164.8,29,1:-2>-1/-1|1:-1>-1/-1|2:-3>-1/-1|2:-1>-1/-1|3:-3>1915/2|3:-2>2212/2
906,5,584,2,896,2:-3,30,1123.4,29,2:-3>896/5|2:-2>584/5|3:-4>352/2|3:-2>584/5|4:-3>736/2
907,6,1796,2,1000,-4:-1,29,1117.2,29,-5:-2>1796/5|-5:0>1464/3|-4:-2>1796/5|-4:-1>1000/4
908,5,567,4,567,CL,30,1080.2,28,-3:6>567/5|-3:7>567/5|-2:5>567/3|-2:7>1435/2|-1:5>567/3|-1:6>1013/1
909,8,-1,-1,2027,-2:5,29,1031.2,27,-2:5>2027/3|-2:6>655/1|-1:4>2027/5|-1:6>485/1|0:4>2027/8|0:5>2027/8
910,8,-1,-1,1038,-2:-2,24,926.6,20,-2:-2>1038/2|-2:-1>-1/-1|-1:-3>-1/-1|-1:-1>-1/-1|0:-3>-1/-1|0:-2>1177/4
911,7,397,2,703,-5:8,34,1302.1,32,-5:8>703/2|-5:9>632/5|-4:7>1316/2|-3:7>2042/1
912,10,2080,2,1710,-6:3,25,881.3,23,-6:3>1710/3|-6:4>1710/5|-5:2>1864/1|-5:4>-1/-1|-4:2>2080/2|-4:3>1775/4
913,8,945,1,998,-3:3,9,322.0,8,-5:4>299/5|-5:5>299/5|-4:3>299/5|-4:5>744/4|-3:3>998/1|-3:4>178/2
914,5,1828,2,287,1:4,40,1446.0,38,0:5>-1/-1|0:6>980/2|1:4>287/5|2:4>287/4|2:5>1828/2
915,8,-1,0,220,-4:-1,22,831.5,22,-5:0>639/1|-5:1>-1/-1|-4:-1>220/5|-4:1>634/4|-3:-1>220/5|-3:0>634/5
916,3,867,2,1423,-6:4,20,699.1,18,-6:4>1423/5|-6:5>867/3|-5:3>1423/5|-5:5>1872/1|-4:3>1423/6|-4:4>1423/7
917,6,395,2,962,-2:4,23,813.9,21,-2:4>962/3|-2:5>1256/1|-1:3>-1/-1|-1:5>866/3|0:3>-1/-1|0:4>395/4
918,16,1501,2,2186,1:0,24,883.1,23,1:-1>228/4|1:0>2186/4|2:-2>1501/3|2:0>2186/3|3:-2>1904/1|3:-1>623/1
919,7,1238,3,884,-6:6,27,986.2,23,-7:7>1238/3|-6:5>-1/-1|-6:6>884/1
920,8,786,3,60,-4:4,15,565.1,12,-5:5>786/5|-5:6>786/4|-4:4>60/3|-4:6>-1/-1|-3:4>1585/2|-3:5>182/2
921,3,-1,-1,1585,-4:5,16,587.4,12,-4:4>-1/-1|-4:5>1585/1|-3:3>-1/-1|-3:5>-1/-1|-2:3>-1/-1|-2:4>-1/-1
922,2,1489,3,1489,CL,40,1436.9,38,1:4>1489/4|1:5>1489/6|2:3>1489/5|2:5>1489/7
923,7,1344,1,1549,-4:0,25,932.6,25,-5:-1>1344/3|-5:1>393/3|-4:-1>1459/3|-4:0>1549/3
924,5,-1,-1,1924,0:1,17,579.3,16,0:0>-1/-1|0:1>1924/1|1:-1>-1/-1|1:1>194/1|2:-1>-1/-1|2:0>2112/3
925,3,278,3,278,CL,28,1029.2,27,2:-1>278/3|2:0>-1/-1|3:-2>278/3|3:0>-1/-1
926,6,66,2,1216,-2:3,19,686.6,18,-2:3>1216/4|-2:4>1231/2|-1:2>-1/-1|-1:4>818/2|0:2>835/3|0:3>835/4
927,5,259,3,259,CL,26,956.7,24,-6:2>855/6|-6:4>259/4|-5:2>855/5|-5:3>855/5
928,7,2001,3,1299,-4:-1,26,990.5,26,-5:-2>1166/4|-5:0>153/3|-4:-2>1738/3|-4:-1>1299/1
929,5,-1,-1,1558,-7:6,32,1168.3,29,-7:6>1558/7|-7:8>-1/-1|-6:6>1558/4|-6:7>-1/-1
930,10,-1,-1,500,3:-3,31,1162.3,30,2:-4>-1/-1|2:-3>475/3|3:-5>-1/-1|3:-3>500/1
931,8,138,1,1212,1:-1,21,794.6,20,1:-2>873/2|1:-1>1212/2|2:-3>933/3|2:-1>1363/3|3:-3>-1/-1|3:-2>-1/-1
932,6,-1,-1,197,-5:8,33,1238.1,30,-5:7>-1/-1|-5:8>197/1|-4:6>-1/-1|-4:8>1220/1|-3:6>-1/-1|-3:7>-1/-1
933,10,931,2,779,1:-1,21,798.9,20,1:-2>139/2|1:-1>779/2|2:-3>895/2|2:-1>1212/4|3:-3>-1/-1|3:-2>-1/-1
934,5,1187,5,1187,CL,26,997.7,24,-6:2>1606/1|-6:4>1187/6|-5:2>1438/1|-5:3>1187/3
935,3,-1,-1,1818,1:-1,21,774.6,18,-1:-1>-1/-1|-1:0>-1/-1|0:-2>-1/-1|0:0>-1/-1|1:-2>1940/1|1:-1>1818/4
936,5,-1,-1,1307,-7:6,31,1126.7,28,-7:6>1307/6|-7:8>-1/-1|-6:6>1307/3|-6:7>-1/-1
937,5,1525,4,168,-2:1,4,174.3,4,-4:1>-1/-1|-4:2>1525/6|-3:0>1525/5|-3:2>1525/6|-2:0>-1/-1|-2:1>168/1
938,7,1659,4,1659,CL,37,1390.0,36,-5:-2>1659/5|-4:-2>1657/4|-3:-3>-1/-1
939,12,1469,5,1435,-2:5,32,1165.9,30,-3:6>1469/6|-3:7>1469/5|-2:5>1435/5|-2:7>1318/1|-1:5>1435/5|-1:6>1111/1
940,1,-1,-1,-1,-,-1,0.0,-1,1:5>-1/-1|2:4>-1/-1
941,5,-1,-1,732,-4:4,16,554.5,14,-5:3>-1/-1|-5:4>1354/3|-4:2>-1/-1|-4:4>732/3|-3:2>-1/-1|-3:3>-1/-1
942,6,1438,1,560,-5:3,26,956.0,23,-6:2>1438/2|-6:3>1187/1|-5:1>514/4|-5:3>560/2|-4:1>1414/7|-4:2>1414/4
943,5,158,2,158,CL,26,992.7,25,1:-3>616/2|1:-2>158/3|2:-4>804/2|2:-2>158/4|3:-4>1917/3|3:-3>158/4
944,8,2003,2,2249,-6:6,29,1044.7,25,-7:7>1500/2|-6:5>-1/-1|-6:6>2249/2
945,8,-1,0,178,-3:3,10,342.7,9,-5:4>913/6|-5:5>913/6|-4:3>913/6|-4:5>913/5|-3:3>178/2|-3:4>289/1
946,4,-1,-1,1251,2:-5,41,1544.6,38,0:-4>-1/-1|1:-4>-1/-1|2:-5>1251/3
947,2,691,4,780,3:-2,32,1236.0,31,3:-3>691/3|3:-2>780/1
948,10,2223,2,368,-5:7,27,1023.9,25,-5:6>739/2|-5:7>368/2|-4:5>-1/-1|-4:7>2223/4|-3:5>2223/4|-3:6>2223/4
949,4,1648,3,1648,CL,24,904.6,22,-6:2>226/4|-6:4>1648/4|-5:2>2225/2|-5:3>2225/2
950,5,1232,1,1944,-2:1,7,282.7,7,-3:0>2177/5|-3:1>-1/-1|-2:-1>-1/-1|-2:1>1944/1|-1:-1>-1/-1|-1:0>1199/4
951,6,-1,-1,1854,-6:4,22,739.2,18,-7:6>-1/-1|-6:4>1854/1|-6:6>-1/-1|-5:4>1457/1|-5:5>-1/-1
952,6,769,2,769,CL,28,983.3,25,2:1>769/2|2:2>-1/-1|3:0>1669/1
953,6,1004,5,1004,CL,26,1021.5,26,-5:1>1004/5|-5:2>1004/6|-4:0>1004/4|-4:2>2120/1|-3:0>1004/3|-3:1>-1/-1
954,6,701,3,1234,-1:1,13,439.0,12,-1:0>701/4|-1:1>1234/1|0:-1>701/4|0:1>701/6|1:-1>701/5|1:0>701/5
955,5,1637,2,1637,CL,20,711.7,19,0:1>1637/4|0:2>1637/5|1:0>1833/2|1:2>845/4|2:0>621/1|2:1>163/2
956,5,-1,-1,1683,-4:6,33,1221.1,30,-4:6>1683/3|-4:7>1417/1|-3:5>1969/5|-3:7>792/2|-2:5>1969/5|-2:6>-1/-1
957,11,1741,1,1741,CL,10,370.2,9,-4:4>945/1|-4:5>72/2|-3:3>280/2|-3:5>-1/-1|-2:3>1351/4|-2:4>-1/-1
958,13,736,4,1938,4:-3,32,1208.6,30,2:-3>736/7|2:-2>736/7|3:-4>736/4|3:-2>736/7|4:-3>1938/1
959,8,-1,-1,1490,-5:7,30,1099.7,27,-6:8>27/1|-5:7>1490/1|-5:9>-1/-1|-4:7>-1/-1|-4:8>-1/-1
960,11,891,1,1306,0:0,13,492.9,13,-1:-1>-1/-1|-1:0>828/1|0:-2>-1/-1|0:0>1306/2|1:-2>-1/-1|1:-1>-1/-1
961,6,2207,3,2207,CL,29,1020.5,26,1:2>2207/5|1:3>1011/1|2:1>2207/5|2:3>555/2|3:1>-1/-1
962,4,917,3,1470,-2:4,22,786.5,20,-2:4>1470/2|-2:5>917/2|-1:3>-1/-1|-1:5>866/3|0:3>-1/-1|0:4>917/5
963,7,587,1,1823,-3:2,4,140.6,4,-3:2>1823/3|-3:3>587/3|-2:1>1823/3|-2:3>-1/-1|-1:1>1432/3|-1:2>-1/-1
964,7,-1,-1,1500,-7:6,30,1121.4,26,-7:6>1500/1|-7:8>-1/-1|-6:6>2272/3|-6:7>-1/-1
965,8,326,1,1002,0:2,25,873.0,23,0:2>1002/5|0:3>-1/-1|1:1>1002/4|1:3>1001/2|2:1>1174/3|2:2>1174/2
966,3,256,4,1208,-5:1,30,1147.2,30,-6:3>256/6|-5:1>1208/3|-5:2>256/7
967,5,2185,3,547,-5:0,24,926.1,24,-5:-1>2185/4|-5:0>547/5|-4:-2>1925/1|-4:0>547/4|-3:-2>2185/3|-3:-1>-1/-1
968,6,238,2,361,-2:1,5,228.4,5,-4:1>-1/-1|-4:2>1488/4|-3:0>238/3|-3:2>1488/4|-2:0>-1/-1|-2:1>361/2
969,4,-1,-1,1030,-2:5,30,1057.7,27,-4:6>-1/-1|-4:7>-1/-1|-3:5>-1/-1|-3:7>-1/-1|-2:5>1030/1|-2:6>-1/-1
970,9,1349,5,1064,2:-4,34,1287.3,32,0:-4>2161/5|0:-3>1349/6|1:-5>-1/-1|1:-3>1349/7|2:-5>838/1|2:-4>1064/1
971,6,1335,2,253,-3:0,16,648.1,16,-3:-1>-1/-1|-3:0>253/2|-2:-2>1335/3|-2:0>-1/-1|-1:-2>880/4|-1:-1>-1/-1
972,3,2268,5,2268,CL,28,1034.4,26,-6:7>2268/7|-6:8>2268/7|-5:6>2268/5|-5:8>1866/2|-4:6>2268/4|-4:7>2239/2
973,3,1099,2,1947,-1:-2,29,1120.2,25,-1:-2>1947/2|-1:-1>-1/-1|0:-3>-1/-1|0:-1>1099/4|1:-3>-1/-1|1:-2>-1/-1
974,4,1191,1,1191,CL,29,1106.9,27,-6:3>1191/3|-5:1>1311/7|-5:2>1191/4
975,8,1173,4,1173,CL,28,1030.7,25,0:-3>474/1|0:-2>1982/3|1:-4>1441/1|1:-2>1173/5|2:-4>-1/-1|2:-3>1173/5
976,4,817,1,1466,-1:6,46,1626.3,41,-1:6>1466/4|0:5>-1/-1|1:5>1787/1
977,7,2102,1,1467,-5:0,24,894.3,24,-5:-1>2102/2|-5:0>1467/5|-4:-2>2185/2|-4:0>1467/4|-3:-2>547/3|-3:-1>-1/-1
978,8,1344,1,923,-4:-1,26,966.3,26,-5:-1>1344/3|-5:1>2294/3|-4:-1>923/4|-4:0>923/4
979,6,1355,4,1355,CL,22,791.1,18,0:1>1355/6|0:2>2125/1|1:0>1355/6|1:2>718/2|2:0>1355/6|2:1>1355/4
980,5,914,3,914,CL,41,1480.6,39,0:5>-1/-1|0:6>518/1|1:4>914/6|2:4>914/5|2:5>914/3
981,5,283,6,2250,-3:3,13,449.2,11,-3:3>2250/1|-3:4>283/4|-2:2>997/2|-2:4>283/5|-1:2>997/5|-1:3>283/6
982,5,-1,-1,321,-1:5,33,1188.8,31,-1:5>321/4|-1:6>-1/-1|0:4>1770/1|0:6>-1/-1|1:4>706/1|1:5>-1/-1
983,6,1681,3,1327,-3:2,5,191.2,4,-4:3>1681/5|-4:4>1681/4|-3:2>1327/2|-3:4>1681/4|-2:2>811/3|-2:3>1681/7
984,7,1439,1,899,-3:-1,25,988.2,24,-4:-2>-1/-1|-4:-1>2221/7|-3:-3>2221/4|-3:-1>899/2|-2:-3>1213/2|-2:-2>1114/2
985,5,-1,0,0,0:-3,32,1165.4,28,0:-4>830/2|0:-3>0/2|1:-5>-1/-1|1:-3>0/3|2:-5>1518/4|2:-4>1518/6
986,7,1789,2,1789,CL,28,1034.4,26,-1:3>1789/7|-1:4>-1/-1|0:2>1789/5|0:4>20/1|1:2>-1/-1|1:3>-1/-1
987,8,1741,1,353,-3:3,10,368.1,9,-4:4>1741/2|-4:5>1351/4|-3:3>353/1|-3:5>-1/-1|-2:3>2286/2|-2:4>-1/-1
988,9,-1,-1,84,-4:0,25,928.4,24,-4:0>84/2|-4:1>576/1|-3:-1>-1/-1|-3:1>-1/-1|-2:-1>-1/-1|-2:0>-1/-1
989,2,1408,2,1594,-5:3,28,1026.7,26,-5:3>1594/2|-5:4>-1/-1|-4:2>1408/3|-4:4>-1/-1|-3:2>-1/-1|-3:3>-1/-1
990,12,1989,2,297,1:-2,26,967.8,23,0:-3>420/2|0:-2>1126/2|1:-4>1982/3|1:-2>297/3|2:-4>-1/-1|2:-3>1989/3
991,2,69,2,69,CL,34,1271.6,32,-5:-1>69/5|-4:-3>69/3|-4:-2>69/5
992,6,1074,1,1092,-6:6,31,1121.3,27,-7:7>303/3|-6:5>-1/-1|-6:6>1092/4
993,5,943,3,943,CL,27,1017.8,26,1:-3>804/2|1:-2>943/4|2:-4>2179/2|2:-2>943/5|3:-4>1917/3|3:-3>943/5
994,5,24,1,2223,-5:6,29,1096.5,27,-5:6>2223/4|-5:7>24/3|-4:5>-1/-1|-4:7>24/3|-3:5>1384/2|-3:6>1331/2
995,3,-1,-1,-1,-,-1,0.0,-1,1:-5>-1/-1|1:-4>-1/-1|2:-4>-1/-1|3:-6>2000/3|3:-5>-1/-1
996,8,1208,6,1651,-5:1,28,1079.1,28,-6:3>1208/8|-5:1>1651/1|-5:2>1208/9
997,4,283,6,532,-2:2,12,459.8,11,-3:3>981/2|-3:4>283/4|-2:2>532/1|-2:4>283/5|-1:2>166/4|-1:3>283/6
998,8,-1,0,2305,-3:2,8,290.3,7,-4:3>2100/3|-4:4>2024/1|-3:2>2305/5|-3:4>383/2|-2:2>2305/6|-2:3>383/5
999,2,1662,4,1662,CL,33,1244.6,32,-4:-3>-1/-1|-4:-2>1662/3|-3:-2>1662/4|-2:-3>1156/4
1000,10,1928,1,2162,-4:-1,28,1094.4,28,-5:-2>1928/4|-5:0>1464/3|-4:-2>1393/4|-4:-1>2162/3
1001,9,326,1,1436,0:2,25,881.2,23,0:2>1436/5|0:3>-1/-1|1:1>1436/4|1:3>429/1|2:1>1656/3|2:2>965/3
1002,7,1436,2,1847,0:2,24,832.2,22,0:2>1847/4|0:3>-1/-1|1:1>1847/3|1:3>1001/2|2:1>1847/3|2:2>1847/3
1003,4,2269,2,1488,-2:1,7,311.3,7,-4:1>-1/-1|-4:2>871/3|-3:0>2269/4|-3:2>871/3|-2:0>-1/-1|-2:1>1488/4
1004,4,444,4,444,CL,25,973.4,25,-5:1>444/4|-5:2>444/5|-4:0>507/3|-4:2>953/2|-3:0>507/2|-3:1>-1/-1
1005,4,917,3,1470,-2:4,22,789.2,20,-2:4>1470/2|-2:5>917/2|-1:3>-1/-1|-1:5>866/3|0:3>-1/-1|0:4>917/5
1006,7,2071,1,4,-1:2,15,515.3,14,-1:1>-1/-1|-1:2>4/4|0:0>2061/3|0:2>-1/-1|1:0>1924/2|1:1>194/1
1007,6,2304,2,412,-7:8,32,1194.3,29,-7:8>412/3|-6:7>-1/-1|-5:7>-1/-1|-5:8>2304/4
1008,6,2147,3,1765,-5:4,18,644.1,16,-6:3>2244/5|-6:5>2147/3|-5:3>1162/1|-5:4>1765/1
1009,8,220,2,663,-3:-1,20,766.5,20,-5:0>220/3|-5:1>-1/-1|-4:-1>601/4|-4:1>49/2|-3:-1>663/3|-3:0>49/3
1010,5,-1,-1,742,1:-1,16,595.5,15,-1:-1>-1/-1|-1:0>-1/-1|0:-2>-1/-1|0:0>-1/-1|1:-2>859/3|1:-1>742/1
1011,6,365,1,43,2:2,30,1071.2,26,0:3>-1/-1|0:4>365/5|1:2>807/6|1:4>365/4|2:2>43/1|2:3>807/2
1012,1,-1,-1,-1,-,-1,0.0,-1,-3:7>-1/-1|-2:6>-1/-1|-1:6>-1/-1
1013,5,-1,-1,909,-1:5,30,1070.6,28,-2:6>1215/1|-2:7>-1/-1|-1:5>909/1|0:5>-1/-1|0:6>-1/-1
1014,4,1748,6,172,-4:-1,25,952.8,25,-4:-2>-1/-1|-4:-1>172/1|-3:-3>1748/4|-3:-1>499/3|-2:-3>1748/6|-2:-2>1748/8
1015,5,494,2,494,CL,19,670.7,17,0:0>494/3|0:1>494/3|1:-1>2044/2|1:1>-1/-1|2:-1>2291/3|2:0>2291/4
1016,4,1173,4,1173,CL,28,1023.4,25,0:-3>975/2|0:-2>1982/3|1:-4>1441/1|1:-2>1173/5|2:-4>-1/-1|2:-3>1173/5
1017,12,1283,3,1283,CL,6,220.9,6,-3:1>294/4|-3:2>1283/4|-2:0>2026/1|-2:2>1538/5|-1:0>1089/1|-1:1>1538/3
1018,9,2088,1,682,-2:4,20,744.6,19,-2:3>2088/4|-2:4>682/4|-1:2>-1/-1|-1:4>682/3|0:2>1905/1|0:3>1451/2
1019,7,-1,-1,1542,-1:4,26,934.7,24,-2:5>1842/1|-2:6>25/2|-1:4>1542/2|-1:6>1746/4|0:4>1268/5|0:5>1268/5
1020,8,-1,0,287,1:4,40,1456.9,38,0:5>-1/-1|0:6>1828/4|1:4>287/5|2:4>215/3|2:5>2288/1
1021,4,1954,6,1237,-1:2,13,452.1,12,-3:3>1954/4|-3:4>1954/4|-2:2>1954/3|-2:4>1954/5|-1:2>1237/1|-1:3>1954/6
1022,6,-1,-1,2251,-3:1,9,402.5,9,-5:2>-1/-1|-5:3>-1/-1|-4:1>-1/-1|-4:3>-1/-1|-3:1>2251/1|-3:2>1781/1
1023,4,1190,2,1455,-3:-3,32,1203.1,30,-5:-2>-1/-1|-5:-1>-1/-1|-4:-3>1721/3|-4:-1>-1/-1|-3:-3>1455/2|-3:-2>-1/-1
1024,8,318,2,1101,-2:1,8,325.0,8,-2:0>1069/3|-2:1>1101/2|-1:-1>1069/4|-1:1>1101/2|0:-1>720/4|0:0>720/3
1025,5,2148,1,266,-1:4,26,923.0,24,-3:5>-1/-1|-3:6>1815/3|-2:4>-1/-1|-2:6>-1/-1|-1:4>266/3|-1:5>-1/-1
1026,2,1733,2,1984,-5:0,26,978.0,25,-6:2>-1/-1|-5:0>1984/2|-5:2>-1/-1|-4:0>-1/-1|-4:1>-1/-1
1027,7,1311,2,1311,CL,30,1155.8,28,-6:3>1311/4|-5:1>256/5|-5:2>1311/5
1028,4,-1,-1,-1,-,-1,0.0,-1,1:5>-1/-1|2:4>-1/-1
1029,4,1906,1,652,-3:-3,32,1293.5,31,-3:-3>652/3|-3:-2>652/6|-2:-2>-1/-1|-1:-4>-1/-1|-1:-3>-1/-1
1030,5,1204,3,1161,-1:4,29,1038.9,27,-3:5>-1/-1|-3:6>969/1|-2:4>-1/-1|-2:6>-1/-1|-1:4>1161/6|-1:5>-1/-1
1031,4,2140,5,1057,-2:3,16,577.5,15,-3:4>1241/1|-3:5>2140/6|-2:3>1057/2|-2:5>-1/-1|-1:3>2140/3|-1:4>2140/5
1032,7,-1,-1,1515,1:-1,20,751.8,18,0:-2>1940/3|0:-1>1818/1|1:-3>2308/5|1:-1>1515/3|2:-3>748/5|2:-2>748/4
1033,2,604,5,604,CL,37,1420.7,36,3:-3>604/6|3:-2>604/8
1034,4,1281,2,1281,CL,35,1329.9,33,2:-5>-1/-1|2:-4>1281/3|3:-6>-1/-1|3:-4>1588/3
1035,4,710,3,384,-5:1,27,1042.1,26,-6:2>710/4|-6:3>710/4|-5:1>384/1|-5:3>710/5|-4:1>710/8|-4:2>710/5
1036,3,1481,2,1428,1:1,24,824.1,22,1:1>1428/3|1:2>1428/2|2:0>1428/4|2:2>1807/2|3:0>1481/4|3:1>1481/3
1037,6,303,3,1500,-6:6,30,1103.8,26,-7:7>501/1|-6:5>-1/-1|-6:6>1500/3
1038,9,-1,-1,609,-2:-2,23,892.7,20,-2:-2>609/1|-2:-1>-1/-1|-1:-3>-1/-1|-1:-1>-1/-1|0:-3>-1/-1|0:-2>910/5
1039,7,1735,1,1735,CL,31,1072.5,27,2:0>-1/-1|2:1>-1/-1|3:-1>-1/-1|3:1>111/1
1040,6,263,5,263,CL,27,1014.6,25,-6:7>263/2|-6:8>894/1|-5:6>263/4|-5:8>2036/2|-4:6>263/6|-4:7>263/7
1041,6,-1,-1,1331,-4:6,31,1178.9,29,-4:6>1331/1|-4:7>1931/4|-3:5>1627/2|-3:7>1931/5|-2:5>1050/3|-2:6>-1/-1
1042,5,2126,3,1287,2:3,36,1288.4,34,1:4>1619/1|1:5>2126/4|2:3>1287/1|2:5>2126/5
1043,5,870,1,-1,-,-1,0.0,30,-1:5>1899/1|-1:6>1496/2|0:4>-1/-1|0:6>-1/-1|1:4>-1/-1|1:5>-1/-1
1044,11,2281,1,2290,3:-2,33,1249.7,31,3:-3>958/1|3:-2>2290/4
1045,5,-1,-1,548,-2:-3,26,998.0,23,-2:-3>548/5|-2:-2>548/3|-1:-4>548/6|-1:-2>-1/-1|0:-4>-1/-1|0:-3>2124/3
1046,3,1240,4,1727,-7:8,32,1183.4,29,-7:8>1727/3|-6:7>-1/-1|-5:7>-1/-1|-5:8>1240/6
1047,9,2113,2,784,-5:6,24,873.2,22,-6:7>1544/4|-6:8>1544/4|-5:6>784/1|-5:8>526/5|-4:6>2113/3|-4:7>526/4
1048,9,722,4,1448,1:0,21,740.7,20,1:0>1448/2|1:1>621/2|2:-1>1340/4|2:1>1716/3|3:-1>2037/5|3:0>722/4
1049,7,1888,2,1888,CL,30,1038.5,28,2:1>1888/4|2:2>-1/-1|3:0>1960/3
1050,5,-1,-1,224,-2:5,31,1118.6,29,-4:6>1041/2|-4:7>1931/4|-3:5>1627/2|-3:7>1931/5|-2:5>224/2|-2:6>-1/-1
1051,3,-1,-1,23,-2:5,30,1067.1,28,-4:6>224/4|-4:7>224/6|-3:5>224/4|-3:7>224/7|-2:5>23/1|-2:6>-1/-1
1052,3,-1,0,511,2:-2,23,894.3,22,1:-1>1985/4|1:0>1985/6|2:-2>511/1|2:0>1985/5|3:-2>1501/2|3:-1>1501/3
1053,8,537,1,897,2:-3,28,1068.6,27,2:-3>897/3|2:-2>1176/3|3:-4>333/3|3:-2>1176/3|4:-3>584/4
1054,6,599,1,240,-6:6,25,865.0,22,-7:6>-1/-1|-6:4>-1/-1|-6:6>240/3|-5:4>240/4|-5:5>240/4
1055,6,1242,5,2030,-3:-2,28,1102.8,27,-3:-3>1242/4|-3:-2>2030/2|-2:-2>-1/-1|-1:-4>-1/-1|-1:-3>-1/-1
1056,2,445,2,-1,-,-1,0.0,-1,2:-5>445/2|3:-5>445/3
1057,3,2140,5,29,-2:3,15,556.6,14,-3:4>1031/2|-3:5>2140/6|-2:3>29/1|-2:5>-1/-1|-1:3>2140/3|-1:4>2140/5
1058,10,519,2,242,-3:-1,22,854.9,19,-3:-2>-1/-1|-3:-1>242/5|-2:-3>-1/-1|-2:-1>242/3|-1:-3>1712/2|-1:-2>1933/1
1059,8,1353,1,65,-3:2,3,91.0,2,-3:1>1353/4|-3:2>65/1|-2:0>1353/5|-2:2>816/1|-1:0>2275/4|-1:1>1705/3
1060,3,280,2,987,-3:3,11,398.1,10,-4:4>280/3|-4:5>280/4|-3:3>987/2|-3:5>-1/-1|-2:3>2286/2|-2:4>-1/-1
1061,2,-1,-1,1532,-1:-3,27,1032.7,24,-3:-3>-1/-1|-3:-2>-1/-1|-2:-2>-1/-1|-1:-4>-1/-1|-1:-3>1532/1
1062,4,-1,0,519,-3:-1,23,895.5,20,-3:-2>-1/-1|-3:-1>519/6|-2:-3>-1/-1|-2:-1>519/4|-1:-3>643/2|-1:-2>519/2
1063,6,230,3,191,-5:3,27,960.2,25,-5:2>1799/1|-5:3>191/1|-4:1>-1/-1|-4:3>230/3|-3:1>-1/-1|-3:2>-1/-1
1064,3,63,3,1129,2:-3,33,1248.9,31,1:-4>970/1|1:-3>63/6|2:-5>-1/-1|2:-3>1129/5|3:-5>1129/4|3:-4>1129/4
1065,6,-1,0,769,2:1,28,982.6,26,2:1>769/2|2:2>-1/-1|3:0>1620/3
1066,10,506,1,374,-5:6,24,887.5,22,-7:7>-1/-1|-7:8>773/4|-6:6>1920/2|-6:8>773/3|-5:6>374/1|-5:7>773/4
1067,5,-1,-1,1922,-1:4,26,942.6,24,-2:5>1268/3|-2:6>1268/4|-1:4>1922/2|-1:6>1268/6|0:4>2209/4|0:5>2209/4
1068,10,2304,2,1357,-7:8,31,1174.5,29,-7:8>1357/2|-6:7>-1/-1|-5:7>-1/-1|-5:8>2304/4
1069,6,1024,3,728,-2:1,9,324.3,9,-2:0>131/2|-2:1>728/3|-1:-1>131/3|-1:1>1024/3|0:-1>720/4|0:0>720/3
1070,4,2039,4,2039,CL,37,1372.3,35,-5:-2>589/5|-4:-2>2039/3|-3:-3>-1/-1
1071,4,1606,3,1438,-5:2,27,1024.6,25,-6:3>934/1|-5:1>1606/10|-5:2>1438/1
1072,5,203,1,203,CL,31,1160.6,27,-2:-3>-1/-1|-1:-3>203/3|0:-4>448/5
1073,7,827,2,-1,-,-1,0.0,-1,2:-5>827/3|3:-5>827/2
1074,7,-1,0,2003,-7:7,30,1110.7,26,-7:7>2003/3|-6:5>-1/-1|-6:6>2003/3
1075,6,-1,-1,350,-2:6,33,1175.1,30,-2:6>350/1|-2:7>176/1|-1:5>-1/-1|0:5>-1/-1|0:6>-1/-1
1076,3,-1,-1,59,-6:7,28,1042.4,26,-7:7>-1/-1|-6:7>59/1|-6:8>1676/1
1077,2,1168,4,1168,CL,34,1176.7,30,2:0>-1/-1|2:1>-1/-1|3:-1>-1/-1|3:1>1168/4
1078,4,1666,5,1666,CL,22,842.7,20,-6:5>1291/2|-6:6>1666/5|-5:4>-1/-1|-5:6>1666/4|-4:4>-1/-1|-4:5>1666/5
1079,6,-1,-1,2240,-4:1,26,1020.4,26,-6:2>1651/2|-5:0>-1/-1|-5:2>2075/3|-4:0>-1/-1|-4:1>2240/3
1080,4,707,3,1680,-3:-1,20,782.8,18,-3:-2>-1/-1|-3:-1>1680/3|-2:-3>-1/-1|-2:-1>1680/2|-1:-3>707/4|-1:-2>856/2
1081,5,631,3,2300,1:2,31,1095.1,28,0:3>-1/-1|0:4>2224/2|1:2>2300/5|1:4>2254/1|2:2>631/4|2:3>631/3
1082,8,-1,-1,2014,3:-3,30,1128.4,29,2:-4>-1/-1|2:-3>455/2|3:-5>-1/-1|3:-3>2014/1
1083,6,1414,3,1414,CL,27,998.8,24,-6:2>1414/4|-6:3>1414/3|-5:1>1322/4|-5:3>1958/2|-4:1>1799/5|-4:2>1799/2
1084,2,-1,-1,-1,-,-1,0.0,-1,1:2>-1/-1|1:3>-1/-1|2:1>-1/-1|2:3>-1/-1|3:1>414/2
1085,9,-1,0,690,-2:5,31,1121.8,29,-3:6>2054/1|-3:7>1535/2|-2:5>690/3|-2:7>1554/5|-1:5>690/4|-1:6>1554/5
1086,5,-1,-1,1037,-7:6,31,1137.6,27,-7:6>1037/1|-7:8>-1/-1|-6:6>964/4|-6:7>-1/-1
1087,6,1571,2,1834,-4:-2,35,1312.1,33,-5:-2>1571/4|-4:-2>1834/1|-3:-3>-1/-1
1088,5,-1,-1,2168,2:-5,39,1477.9,36,0:-4>-1/-1|1:-4>-1/-1|2:-5>2168/1
1089,10,-1,0,1832,-2:1,7,251.5,7,-2:0>261/2|-2:1>1832/1|-1:-1>261/5|-1:1>1739/2|0:-1>318/6|0:0>1101/4
1090,11,1366,2,1366,CL,43,1573.7,41,-1:6>1366/5|0:5>-1/-1|1:5>1366/2
1091,4,1675,3,1675,CL,16,617.1,16,-4:0>61/1|-4:1>-1/-1|-3:-1>1675/4|-3:1>-1/-1|-2:-1>1675/4|-2:0>1675/5
1092,8,1074,1,2003,-6:6,30,1106.7,26,-7:7>2246/2|-6:5>-1/-1|-6:6>2003/3
1093,1,1489,3,1489,CL,40,1459.7,38,1:4>1489/4|1:5>1489/6|2:3>1489/5|2:5>1489/7
1094,5,1942,5,1942,CL,36,1329.1,34,0:4>1942/4|0:5>1942/5|1:3>-1/-1|1:5>1942/7|2:3>872/3|2:4>1653/1
1095,11,370,4,1987,-3:-1,20,750.1,20,-5:0>370/5|-5:1>-1/-1|-4:-1>2289/1|-4:1>370/5|-3:-1>1987/3|-3:0>1987/4
1096,8,1565,1,1840,-2:0,13,520.9,13,-4:0>1836/3|-4:1>-1/-1|-3:-1>1580/2|-3:1>-1/-1|-2:-1>1/2|-2:0>1840/2
1097,8,268,1,1648,-6:2,24,889.9,22,-6:2>1648/5|-6:4>268/2|-5:2>1648/4|-5:3>1648/3
1098,8,702,3,702,CL,27,1006.6,24,-6:7>702/6|-6:8>702/6|-5:6>702/3|-5:8>1577/4|-4:6>36/1|-4:7>1766/1
1099,9,1175,1,1947,-1:-2,29,1114.9,25,-1:-2>1947/2|-1:-1>-1/-1|0:-3>-1/-1|0:-1>1175/3|1:-3>-1/-1|1:-2>-1/-1
1100,6,87,6,1556,-4:4,15,523.3,13,-6:4>1661/3|-6:5>87/6|-5:3>1661/3|-5:5>87/5|-4:3>1644/1|-4:4>1556/2
1101,9,1089,1,1135,-1:1,7,275.2,7,-2:0>1089/3|-2:1>1832/1|-1:-1>1024/5|-1:1>1135/1|0:-1>177/5|0:0>1285/3
1102,8,138,1,1212,1:-1,21,795.8,20,1:-2>873/2|1:-1>1212/2|2:-3>933/3|2:-1>1363/3|3:-3>-1/-1|3:-2>-1/-1
1103,6,-1,-1,119,0:4,32,1156.8,29,-1:5>1267/2|-1:6>-1/-1|0:4>119/1|0:6>-1/-1|1:4>321/2|1:5>-1/-1
1104,8,731,2,1554,-2:5,33,1188.7,31,-3:6>731/3|-3:7>127/1|-2:5>1554/5|-2:7>1554/5|-1:5>1554/6|-1:6>1554/5
1105,4,1536,4,858,3:-2,28,1090.4,26,2:-1>1536/4|2:0>-1/-1|3:-2>858/1|3:0>-1/-1
1106,5,1204,3,1204,CL,29,1026.4,27,-3:5>-1/-1|-3:6>969/1|-2:4>-1/-1|-2:6>-1/-1|-1:4>1204/6|-1:5>-1/-1
1107,4,1649,4,1999,-3:3,12,403.7,10,-5:4>464/2|-5:5>347/3|-4:3>464/2|-4:5>1649/4|-3:3>1999/3|-3:4>1649/5
1108,4,1723,2,757,-4:6,33,1262.3,31,-4:5>-1/-1|-4:6>757/1|-3:4>-1/-1|-3:6>1723/4|-2:4>-1/-1|-2:5>-1/-1
1109,5,672,3,277,1:-4,35,1286.9,30,-1:-4>672/8|-1:-3>672/7|0:-3>-1/-1|1:-5>-1/-1|1:-4>277/1
1110,8,492,2,1321,0:0,17,645.8,16,0:-1>1632/2|0:0>1321/3|1:-2>1632/2|1:0>2217/4|2:-2>492/3|2:-1>492/4
1111,6,-1,-1,350,-2:6,33,1170.4,30,-2:6>350/1|-2:7>176/1|-1:5>-1/-1|0:5>-1/-1|0:6>-1/-1
1112,7,2224,4,1117,1:2,31,1086.3,28,0:3>-1/-1|0:4>411/1|1:2>1117/5|1:4>2224/3|2:2>1117/6|2:3>2224/5
1113,5,1425,1,1425,CL,20,753.3,17,-3:4>756/1|-3:5>364/1|-2:3>1425/6|-2:5>-1/-1|-1:3>1425/5|-1:4>1425/5
1114,7,1439,1,899,-3:-1,25,955.9,24,-4:-2>-1/-1|-4:-1>984/8|-3:-3>984/5|-3:-1>899/2|-2:-3>984/3|-2:-2>1494/1
1115,11,1506,1,1167,2:-4,34,1293.6,31,2:-5>-1/-1|2:-4>1167/2|3:-6>-1/-1|3:-4>1654/1
1116,4,-1,0,47,-5:3,27,977.2,25,-5:3>47/1|-5:4>-1/-1|-4:2>725/2|-4:4>-1/-1|-3:2>-1/-1|-3:3>-1/-1
1117,3,2025,4,2025,CL,30,1065.7,27,0:3>-1/-1|0:4>670/1|1:2>2025/4|1:4>1112/4|2:2>2025/5|2:3>2025/4
1118,13,1393,2,890,-4:-1,27,1016.9,26,-5:-2>619/2|-5:0>2001/3|-4:-2>2292/2|-4:-1>890/2
1119,4,-1,-1,2168,2:-5,39,1498.2,36,0:-4>-1/-1|1:-4>-1/-1|2:-5>2168/1
1120,6,902,3,1195,-1:3,24,889.2,19,-1:2>-1/-1|-1:3>1195/3|0:1>-1/-1|0:3>1195/2|1:1>902/4|1:2>1687/2
1121,6,2152,5,58,-3:2,3,115.5,3,-4:3>2152/7|-4:4>2152/6|-3:2>58/1|-3:4>2152/6|-2:2>2152/3|-2:3>2152/9
1122,6,1191,1,1191,CL,29,1127.1,27,-6:3>1191/3|-5:1>1027/6|-5:2>1191/4
1123,6,1120,4,56,1:2,25,885.7,20,-1:2>-1/-1|-1:3>1687/4|0:1>-1/-1|0:3>1687/3|1:1>1120/5|1:2>56/1
1124,5,709,4,709,CL,10,372.9,10,-2:1>-1/-1|-2:2>709/5|-1:0>-1/-1|-1:2>709/3|0:0>1747/2|0:1>-1/-1
1125,8,-1,-1,1177,-2:-2,26,992.3,22,-2:-2>1177/4|-2:-1>-1/-1|-1:-3>-1/-1|-1:-1>-1/-1|0:-3>-1/-1|0:-2>2133/2
1126,9,990,3,990,CL,27,1008.2,23,0:-3>98/2|0:-2>1670/1|1:-4>2015/3|1:-2>990/4|2:-4>-1/-1|2:-3>990/4
1127,8,1573,2,37,-2:6,34,1212.6,32,-3:7>2229/2|-2:6>37/1|-1:6>1318/3
1128,5,-1,-1,2285,-5:5,22,826.6,20,-7:6>-1/-1|-7:7>-1/-1|-6:5>-1/-1|-6:7>-1/-1|-5:5>2285/1|-5:6>495/2
1129,8,486,2,1626,2:-3,32,1204.1,30,1:-4>1064/2|1:-3>486/5|2:-5>-1/-1|2:-3>1626/4|3:-5>740/3|3:-4>740/3
1130,5,-1,0,1442,-3:3,16,597.7,15,-3:3>1442/6|-3:4>1442/5|-2:2>1442/7|-2:4>1442/2|-1:2>1442/7|-1:3>1406/1
1131,4,1308,6,2076,-4:1,27,1052.4,27,-6:2>1308/7|-6:3>1308/6|-5:1>1308/7|-5:3>1308/3|-4:1>2076/2|-4:2>504/1
1132,2,-1,0,296,1:-1,20,778.8,19,0:-2>-1/-1|0:-1>-1/-1|1:-3>-1/-1|1:-1>296/1|2:-3>-1/-1|2:-2>873/1
1133,12,231,4,231,CL,28,1087.2,27,2:-2>1760/1|2:-1>231/4|3:-3>2170/1|3:-1>231/5|4:-3>887/3
1134,7,1110,3,1321,0:0,17,631.6,16,0:-1>1632/2|0:0>1321/3|1:-2>1632/2|1:0>2217/4|2:-2>1110/4|2:-1>1110/5
1135,6,-1,-1,1163,-2:1,6,231.8,6,-2:1>1163/1|-2:2>-1/-1|-1:0>1739/1|-1:2>-1/-1|0:0>-1/-1|0:1>-1/-1
1136,3,903,3,1242,-3:-2,29,1157.0,28,-3:-3>903/2|-3:-2>1242/3|-2:-2>-1/-1|-1:-4>-1/-1|-1:-3>-1/-1
1137,7,1715,3,1373,-6:3,24,849.5,22,-6:3>1373/2|-6:4>1373/4|-5:2>912/2|-5:4>-1/-1|-4:2>1715/3|-4:3>1682/4
1138,5,365,1,631,1:2,31,1076.5,28,0:3>-1/-1|0:4>2300/3|1:2>631/5|1:4>386/2|2:2>365/3|2:3>807/2
1139,6,1875,2,2146,-5:3,22,795.7,20,-6:3>1663/2|-6:5>1875/4|-5:3>2146/3|-5:4>1875/4
1140,6,254,2,304,-4:-1,25,960.7,25,-5:-1>254/4|-5:1>133/2|-4:-1>304/5|-4:0>304/3
1141,7,1740,1,395,-2:4,25,890.3,23,-2:4>395/5|-2:5>395/3|-1:3>-1/-1|-1:5>1743/2|0:3>-1/-1|0:4>2095/2
1142,4,1700,2,1865,-6:5,23,797.0,20,-6:3>1700/4|-6:5>1865/3|-5:3>1700/5|-5:4>1865/4
1143,6,-1,-1,1515,1:-1,20,747.2,19,0:-2>88/3|0:-1>748/3|1:-3>614/4|1:-1>1515/3|2:-3>1170/3|2:-2>1170/2
1144,5,1018,2,835,-2:3,20,750.3,19,-2:3>835/5|-2:4>835/4|-1:2>-1/-1|-1:4>835/3|0:2>1451/2|0:3>1451/2
1145,5,-1,-1,2065,2:0,25,873.0,24,2:0>2065/1|2:1>469/5|3:-1>-1/-1|3:1>469/5
1146,3,2220,2,2220,CL,37,1400.1,34,1:-5>2168/2|1:-4>2220/3|2:-4>-1/-1|3:-6>-1/-1|3:-5>-1/-1
1147,6,1231,4,1333,-2:3,18,669.9,17,-2:3>1333/3|-2:4>1827/1|-1:2>-1/-1|-1:4>1998/1|0:2>1231/5|0:3>1231/6
1148,3,-1,-1,469,2:0,27,951.3,26,2:0>469/3|2:1>678/3|3:-1>-1/-1|3:1>678/3
1149,9,533,3,2134,-2:4,17,618.3,15,-2:3>1130/1|-2:4>2134/2|-1:2>-1/-1|-1:4>1270/3|0:2>741/5|0:3>741/6
1150,7,2258,8,464,-4:4,14,466.4,12,-6:4>2258/5|-6:5>2258/8|-5:3>2258/5|-5:5>2258/7|-4:3>1379/1|-4:4>464/1
1151,10,1353,1,1353,CL,4,148.8,4,-3:1>382/3|-3:2>1353/2|-2:0>1283/3|-2:2>1460/3|-1:0>1283/3|-1:1>561/2
1152,4,99,3,44,-2:1,9,325.9,8,-3:0>99/5|-3:1>-1/-1|-2:-1>-1/-1|-2:1>44/2|-1:-1>-1/-1|-1:0>1911/1
1153,4,1640,5,1640,CL,38,1429.0,37,-5:-2>1640/6|-4:-2>1640/5|-3:-3>-1/-1
1154,7,1938,2,1522,3:-2,31,1163.5,29,3:-3>1652/1|3:-2>1522/1
1155,3,238,2,238,CL,7,308.1,7,-4:1>-1/-1|-4:2>238/5|-3:0>1555/1|-3:2>238/5|-2:0>-1/-1|-2:1>238/4
1156,3,1662,4,1662,CL,33,1238.1,32,-4:-3>-1/-1|-4:-2>1662/3|-3:-2>1662/4|-2:-3>558/3
1157,10,1855,3,460,-4:5,18,685.2,16,-6:6>1855/4|-6:7>1378/5|-5:5>1852/2|-5:7>1378/6|-4:5>460/1|-4:6>-1/-1
1158,7,-1,-1,-1,-,-1,0.0,-1,1:-5>-1/-1|1:-4>-1/-1|2:-4>-1/-1|3:-6>10/1|3:-5>-1/-1
1159,5,200,4,200,CL,21,805.4,19,-6:5>1666/3|-6:6>200/4|-5:4>-1/-1|-5:6>200/3|-4:4>-1/-1|-4:5>200/4
1160,9,857,2,619,-4:-1,29,1091.0,28,-5:-2>1279/1|-5:0>857/5|-4:-2>698/2|-4:-1>619/4
1161,4,1815,3,1815,CL,28,989.6,26,-3:5>-1/-1|-3:6>1030/2|-2:4>-1/-1|-2:6>-1/-1|-1:4>1815/5|-1:5>-1/-1
1162,5,-1,-1,1765,-5:4,18,654.4,16,-6:3>-1/-1|-6:4>1008/1|-5:2>-1/-1|-5:4>1765/1|-4:2>-1/-1|-4:3>-1/-1
1163,8,1462,3,1462,CL,5,196.0,5,-3:1>561/5|-3:2>699/4|-2:0>1538/3|-2:2>699/3|-1:0>1739/1|-1:1>337/1
1164,5,-1,-1,-1,-,-1,0.0,-1,1:5>-1/-1|2:4>-1/-1
1165,7,411,4,411,CL,31,1135.3,28,-1:4>411/5|-1:5>1202/5|0:3>411/3|0:5>1202/4|1:3>2224/1|1:4>1202/4
1166,11,2162,2,1299,-4:-1,26,1003.2,26,-5:-2>1118/3|-5:0>153/3|-4:-2>890/2|-4:-1>1299/1
1167,8,1506,1,1314,2:-4,33,1249.7,31,2:-5>-1/-1|2:-4>1314/1|3:-6>-1/-1|3:-4>1115/2
1168,3,2267,3,2267,CL,33,1150.2,29,2:0>-1/-1|2:1>-1/-1|3:-1>-1/-1|3:1>2267/3
1169,9,607,3,607,CL,34,1249.2,30,0:-4>1597/3|0:-3>607/4|1:-5>-1/-1|1:-3>607/5|2:-5>2161/2|2:-4>2161/3
1170,8,-1,-1,842,0:-1,21,786.4,20,0:-2>1143/4|0:-1>842/4|1:-3>842/5|1:-1>842/4|2:-3>2119/2|2:-2>139/1
1171,5,135,1,1614,2:-2,25,938.5,24,1:-3>2279/2|1:-2>2279/2|2:-4>158/4|2:-2>1614/3|3:-4>158/5|3:-3>1614/3
1172,3,1522,7,1522,CL,31,1173.9,30,2:-2>1522/5|2:-1>1522/7|3:-3>1522/2|3:-1>1522/8|4:-3>691/1
1173,7,2183,3,2183,CL,27,999.2,24,0:-3>975/2|0:-2>2016/2|1:-4>1016/2|1:-2>2183/4|2:-4>-1/-1|2:-3>2183/4
1174,5,965,2,1847,0:2,24,851.4,22,0:2>1847/4|0:3>-1/-1|1:1>1847/3|1:3>1656/3|2:1>1348/2|2:2>424/1
1175,7,-1,0,-1,-,-1,0.0,26,-1:-2>1564/2|-1:-1>-1/-1|0:-3>-1/-1|0:-1>1751/2|1:-3>-1/-1|1:-2>-1/-1
1176,6,537,1,897,2:-3,28,1054.9,27,2:-3>897/3|2:-2>1188/2|3:-4>537/4|3:-2>2170/2|4:-3>537/5
1177,9,-1,-1,910,-2:-2,25,957.4,21,-2:-2>910/3|-2:-1>-1/-1|-1:-3>-1/-1|-1:-1>-1/-1|0:-3>-1/-1|0:-2>1125/3
1178,4,499,7,2297,-3:-1,24,936.2,23,-4:-2>-1/-1|-4:-1>172/1|-3:-3>499/5|-3:-1>2297/1|-2:-3>499/7|-2:-2>499/9
1179,8,-1,0,1921,1:-3,31,1143.9,27,-1:-3>2171/4|-1:-2>-1/-1|0:-4>-1/-1|0:-2>-1/-1|1:-4>2067/1|1:-3>1921/4
1180,7,1254,4,1254,CL,31,1103.5,28,-1:4>1254/5|-1:5>2191/4|0:3>1254/3|0:5>2191/3|1:3>411/2|1:4>2191/3
1181,4,1276,2,1255,1:-4,38,1409.4,34,-1:-4>1605/5|-1:-3>1605/5|0:-3>-1/-1|1:-5>-1/-1|1:-4>1255/4
1182,1,-1,-1,-1,-,-1,0.0,-1,2:-1>-1/-1|2:0>-1/-1|3:-2>-1/-1|3:0>-1/-1
1183,3,1631,1,2197,-4:0,21,784.9,20,-4:-1>-1/-1|-4:0>2197/3|-3:-2>1631/4|-3:0>-1/-1|-2:-2>1343/4|-2:-1>-1/-1
1184,5,160,4,2286,-3:4,12,431.3,11,-3:3>1233/3|-3:4>2286/1|-2:2>1233/4|-2:4>160/3|-1:2>94/5|-1:3>160/4
1185,6,268,1,1648,-6:2,24,891.5,22,-6:2>1648/5|-6:4>268/2|-5:2>1648/4|-5:3>1648/3
1186,10,-1,-1,1712,-2:-2,24,921.2,21,-2:-3>2118/3|-2:-2>1712/1|-1:-4>1795/4|-1:-2>-1/-1|0:-4>-1/-1|0:-3>548/5
1187,5,226,4,226,CL,25,953.8,23,-6:2>934/2|-6:4>226/5|-5:2>1438/1|-5:3>2225/2
1188,7,1176,2,1533,2:-3,28,1080.1,27,2:-3>1533/3|2:-2>1915/1|3:-4>1176/5|3:-2>1258/1|4:-3>1176/6
1189,2,-1,-1,2272,-6:6,31,1136.6,28,-7:6>1763/3|-7:8>-1/-1|-6:6>2272/3|-6:7>-1/-1
1190,5,1453,1,1974,-3:-3,33,1233.1,31,-5:-2>-1/-1|-5:-1>-1/-1|-4:-3>1721/3|-4:-1>-1/-1|-3:-3>1974/3|-3:-2>-1/-1
1191,5,-1,0,629,-6:3,28,1077.8,26,-6:3>629/2|-5:1>1311/7|-5:2>629/3
1192,6,514,2,1414,-5:3,27,1005.4,24,-6:2>514/3|-6:3>1322/3|-5:1>338/2|-5:3>1414/3|-4:1>1322/7|-4:2>1322/4
1193,4,2171,2,1461,-1:-3,30,1139.1,27,-1:-3>1461/2|-1:-2>-1/-1|0:-4>-1/-1|0:-2>-1/-1|1:-4>2171/3|1:-3>2171/5
1194,2,1907,2,1907,CL,32,1230.0,30,-6:8>1907/6|-5:7>1907/4|-5:9>207/2|-4:7>1907/3|-4:8>1907/2
1195,7,1685,4,1685,CL,23,858.1,20,-1:2>-1/-1|-1:3>1685/2|0:1>-1/-1|0:3>2205/1|1:1>1120/5|1:2>1471/2
1196,9,2184,3,915,-4:0,23,877.4,23,-5:-1>2184/5|-5:1>1984/1|-4:-1>714/3|-4:0>915/1
1197,1,787,5,787,CL,28,1016.2,26,-6:7>787/7|-6:8>787/7|-5:6>787/5|-5:8>787/6|-4:6>787/4|-4:7>787/4
1198,7,1730,4,1730,CL,10,368.2,10,-2:1>-1/-1|-2:2>1730/5|-1:0>-1/-1|-1:2>1730/3|0:0>1970/2|0:1>-1/-1
1199,6,1232,1,950,-2:1,8,308.5,8,-3:0>2132/4|-3:1>-1/-1|-2:-1>-1/-1|-2:1>950/2|-1:-1>-1/-1|-1:0>99/3
1200,6,975,5,975,CL,29,1070.6,26,0:-3>474/1|0:-2>975/4|1:-4>1667/1|1:-2>975/6|2:-4>-1/-1|2:-3>975/6
1201,3,1175,1,-1,-,-1,0.0,26,-1:-2>451/3|-1:-1>-1/-1|0:-3>-1/-1|0:-1>1751/2|1:-3>-1/-1|1:-2>-1/-1
1202,10,1254,4,1254,CL,31,1123.6,28,-1:4>1254/5|-1:5>2191/4|0:3>411/3|0:5>2191/3|1:3>2224/1|1:4>2191/3
1203,2,2025,4,184,1:2,28,988.6,25,0:3>-1/-1|0:4>2025/3|1:2>184/2|1:4>2025/4|2:2>184/3|2:3>2025/4
1204,6,1819,2,1815,-1:4,28,1013.6,26,-3:5>-1/-1|-3:6>969/1|-2:4>-1/-1|-2:6>-1/-1|-1:4>1815/5|-1:5>-1/-1
1205,5,278,3,278,CL,28,1038.7,27,2:-1>278/3|2:0>-1/-1|3:-2>858/1|3:0>-1/-1
1206,9,2211,3,201,1:0,24,837.8,23,1:0>201/5|1:1>595/4|2:-1>2211/4|2:1>78/2|3:-1>2211/4|3:0>1543/1
1207,9,186,1,557,-1:0,11,383.4,10,-1:0>557/1|-1:1>286/3|0:-1>570/2|0:1>286/6|1:-1>1800/4|1:0>286/5
1208,6,966,5,159,-5:1,29,1116.9,29,-6:3>966/7|-5:1>159/2|-5:2>966/8
1209,5,1784,1,1399,-5:-2,33,1238.6,32,-5:-2>1399/1|-4:-2>1784/3|-3:-3>-1/-1
1210,8,-1,-1,321,-1:5,33,1191.4,31,-1:5>321/4|-1:6>-1/-1|0:4>982/2|0:6>-1/-1|1:4>706/1|1:5>-1/-1
1211,3,1682,5,1682,CL,25,892.7,23,-6:3>1682/3|-6:4>1682/5|-5:2>1682/4|-5:4>-1/-1|-4:2>1682/5|-4:3>1602/3
1212,9,138,1,296,1:-1,20,772.3,19,1:-2>873/2|1:-1>296/1|2:-3>933/3|2:-1>1363/3|3:-3>-1/-1|3:-2>-1/-1
1213,5,984,2,984,CL,26,1037.6,25,-4:-2>-1/-1|-4:-1>2086/7|-3:-3>2086/4|-3:-1>984/3|-2:-3>2030/1|-2:-2>1424/2
1214,4,-1,-1,1553,2:1,26,903.8,24,2:0>678/5|2:1>1553/1|3:-1>-1/-1|3:1>1835/2
1215,5,350,5,1013,-1:6,31,1107.3,29,-3:6>350/6|-3:7>350/5|-2:5>908/4|-2:7>1435/2|-1:5>908/4|-1:6>1013/1
1216,9,66,2,1333,-2:4,18,671.4,17,-2:3>741/3|-2:4>1333/2|-1:2>-1/-1|-1:4>818/2|0:2>682/3|0:3>682/4
1217,8,702,3,526,-6:7,26,967.6,24,-6:7>526/5|-6:8>526/5|-5:6>702/3|-5:8>2268/3|-4:6>577/2|-4:7>204/2
1218,12,1511,1,1824,2:-4,34,1273.1,31,2:-4>1824/1|2:-3>-1/-1|3:-5>1115/1|3:-3>-1/-1
1219,9,1432,3,2004,-3:2,5,177.8,5,-3:2>2004/4|-3:3>1432/4|-2:1>223/1|-2:3>-1/-1|-1:1>1485/1|-1:2>-1/-1
1220,8,493,2,197,-5:8,33,1229.8,30,-5:8>197/1|-5:9>551/6|-4:7>932/1|-3:7>703/3
1221,4,1722,4,207,-5:8,33,1290.3,31,-5:8>207/1|-4:8>1664/2
1222,5,-1,-1,1331,-4:6,31,1167.3,29,-4:6>1331/1|-4:7>1677/4|-3:5>1041/3|-3:7>1677/5|-2:5>1041/4|-2:6>-1/-1
1223,11,1673,4,1673,CL,28,1079.4,27,2:-2>1760/1|2:-1>1673/4|3:-3>2170/1|3:-1>1673/5|4:-3>887/3
1224,4,1592,1,1811,0:1,18,640.6,17,0:1>1811/2|0:2>1811/3|1:0>1637/3|1:2>721/3|2:0>1637/3|2:1>721/3
1225,7,1398,1,1904,2:-1,26,1018.0,25,2:-2>826/4|2:-1>1904/2|3:-3>826/4|3:-1>415/2|4:-3>826/5
1226,6,1449,4,1449,CL,33,1234.3,29,1:-4>1449/5|1:-3>1449/6|2:-5>-1/-1|2:-3>1449/5|3:-5>1824/3|3:-4>1694/1
1227,6,171,1,22,1:-4,36,1331.3,32,-1:-4>171/6|-1:-3>171/5|0:-3>-1/-1|1:-5>-1/-1|1:-4>22/2
1228,5,324,1,1068,-7:8,32,1221.0,30,-7:8>1068/3|-6:7>-1/-1|-5:7>-1/-1|-5:8>324/3
1229,1,-1,-1,-1,-,-1,0.0,28,-1:-1>-1/-1|-1:0>-1/-1|0:-2>1751/1|0:0>-1/-1|1:-2>-1/-1|1:-1>-1/-1
1230,7,1364,3,409,1:3,31,1104.6,29,1:3>409/2|1:4>1540/4|2:2>1364/2|2:4>1540/5
1231,10,926,3,1270,-2:3,18,662.7,17,-2:3>1270/3|-2:4>1827/1|-1:2>-1/-1|-1:4>1998/1|0:2>926/4|0:3>926/5
1232,3,-1,0,950,-2:1,8,311.4,8,-3:0>2177/5|-3:1>-1/-1|-2:-1>-1/-1|-2:1>950/2|-1:-1>-1/-1|-1:0>2177/4
1233,6,94,5,2260,-3:4,13,461.2,12,-3:3>283/2|-3:4>2260/2|-2:2>283/3|-2:4>94/4|-1:2>762/4|-1:3>94/5
1234,6,1747,6,1747,CL,12,419.7,12,-2:1>-1/-1|-2:2>1747/7|-1:0>-1/-1|-1:2>1747/5|0:0>954/1|0:1>-1/-1
1235,3,530,3,2042,-4:8,36,1356.2,34,-4:7>434/2|-4:8>2042/2|-3:6>530/4|-2:6>530/5|-2:7>530/4
1236,4,-1,0,2095,-1:4,27,958.9,25,-1:4>2095/1|-1:5>2089/8|0:3>613/3|0:5>2089/7|1:3>2089/4|1:4>2089/7
1237,4,-1,-1,378,-2:2,12,427.2,11,-2:2>378/2|-2:3>1021/1|-1:1>378/5|-1:3>-1/-1|0:1>-1/-1|0:2>-1/-1
1238,12,2003,2,2028,-6:6,28,1026.8,24,-7:7>1500/2|-6:5>-1/-1|-6:6>2028/1
1239,7,326,1,1436,0:2,25,894.5,23,0:2>1436/5|0:3>-1/-1|1:1>1436/4|1:3>429/1|2:1>1656/3|2:2>1656/3
1240,4,1967,3,1727,-7:8,32,1173.0,29,-7:8>1727/3|-6:7>-1/-1|-5:7>-1/-1|-5:8>1967/5
1241,6,-1,-1,1031,-2:4,17,609.6,16,-4:4>-1/-1|-4:5>-1/-1|-3:3>-1/-1|-3:5>1445/3|-2:3>-1/-1|-2:4>1031/1
1242,6,1136,4,2030,-3:-2,28,1122.5,27,-3:-3>1136/3|-3:-2>2030/2|-2:-2>-1/-1|-1:-4>-1/-1|-1:-3>-1/-1
1243,4,1901,2,-1,-,-1,0.0,-1,2:-5>1901/4|3:-5>1901/3
1244,4,-1,-1,1268,-2:5,27,948.6,25,-2:5>1268/3|-2:6>1268/4|-1:4>1268/3|-1:6>1268/6|0:4>2209/4|0:5>2209/4
1245,4,278,3,278,CL,28,1026.7,27,2:-1>278/3|2:0>-1/-1|3:-2>278/3|3:0>-1/-1
1246,6,1242,5,1706,-3:-2,29,1110.8,27,-3:-3>1242/4|-3:-2>1706/2|-2:-2>-1/-1|-1:-4>-1/-1|-1:-3>-1/-1
1247,1,-1,-1,-1,-,-1,0.0,-1,3:-3>-1/-1|3:-2>-1/-1
1248,10,1511,1,496,2:-4,35,1303.2,31,2:-4>496/2|2:-3>-1/-1|3:-5>1317/2|3:-3>-1/-1
1249,1,-1,-1,2120,-5:2,29,1118.4,28,-5:2>2120/4|-5:3>-1/-1|-4:1>2120/2|-4:3>-1/-1|-3:1>-1/-1|-3:2>-1/-1
1250,5,-1,-1,1689,2:-5,42,1581.9,39,0:-4>-1/-1|1:-4>-1/-1|2:-5>1689/4
1251,6,-1,-1,1088,2:-5,40,1509.4,37,0:-4>-1/-1|1:-4>-1/-1|2:-5>1088/2
1252,8,1995,1,1320,-2:6,35,1238.8,32,-3:7>1573/3|-2:6>1320/2|-1:6>2058/3
1253,10,2281,1,1885,3:-2,33,1260.5,32,3:-3>260/2|3:-2>1885/4
1254,9,2047,3,2047,CL,30,1080.9,27,-1:4>2047/4|-1:5>1180/5|0:3>20/2|0:5>1180/4|1:3>411/2|1:4>1180/4
1255,7,171,1,1227,1:-4,37,1360.6,33,-1:-4>1605/5|-1:-3>2241/5|0:-3>-1/-1|1:-5>-1/-1|1:-4>1227/3
1256,4,266,3,866,-1:4,24,849.8,22,-3:5>-1/-1|-3:6>266/5|-2:4>-1/-1|-2:6>-1/-1|-1:4>866/1|-1:5>-1/-1
1257,9,149,4,1535,-2:6,33,1199.3,31,-4:7>1596/6|-4:8>149/5|-3:6>1946/2|-2:6>1535/1|-2:7>149/4
1258,12,1673,4,1673,CL,28,1086.9,27,2:-2>1760/1|2:-1>1673/4|3:-3>2170/1|3:-1>1673/5|4:-3>887/3
1259,4,605,3,712,-2:5,31,1106.4,29,-3:6>605/4|-3:7>605/3|-2:5>712/4|-2:7>1469/2|-1:5>712/4|-1:6>350/2
1260,12,562,1,562,CL,17,655.9,16,-5:5>2005/1|-5:6>1852/1|-4:4>562/5|-4:6>-1/-1|-3:4>562/5|-3:5>562/6
1261,2,227,3,227,CL,30,1078.5,28,-5:3>227/4|-5:4>-1/-1|-4:2>227/2|-4:4>-1/-1|-3:2>-1/-1|-3:3>-1/-1
1262,7,891,1,1306,0:0,13,472.3,13,-1:-1>-1/-1|-1:0>828/1|0:-2>-1/-1|0:0>1306/2|1:-2>-1/-1|1:-1>-1/-1
1263,6,-1,-1,553,3:-3,32,1185.5,31,2:-4>-1/-1|2:-3>930/4|3:-5>-1/-1|3:-3>553/2
1264,1,-1,-1,155,-4:4,14,522.9,12,-6:5>-1/-1|-6:6>-1/-1|-5:4>-1/-1|-5:6>-1/-1|-4:4>155/1|-4:5>-1/-1
1265,7,-1,-1,2118,-2:-2,26,987.8,23,-2:-3>1061/1|-2:-2>2118/3|-1:-4>2158/2|-1:-2>-1/-1|0:-4>-1/-1|0:-3>2118/7
1266,6,1499,2,1375,-1:3,27,993.0,25,-1:3>1375/6|-1:4>-1/-1|0:2>1375/4|0:4>1789/2|1:2>-1/-1|1:3>-1/-1
1267,6,-1,-1,117,0:4,31,1116.5,29,-1:5>2007/1|-1:6>-1/-1|0:4>117/1|0:6>-1/-1|1:4>538/3|1:5>-1/-1
1268,7,-1,-1,1542,-1:4,26,932.3,24,-2:5>62/2|-2:6>1019/3|-1:4>1542/2|-1:6>1019/5|0:4>2209/4|0:5>2209/4
1269,3,1879,2,1879,CL,26,931.0,24,-2:4>1879/6|-2:5>1879/4|-1:3>-1/-1|-1:5>1879/4|0:3>-1/-1|0:4>1879/4
1270,11,1216,3,2134,-2:3,17,616.3,16,-2:3>2134/2|-2:4>156/1|-1:2>-1/-1|-1:4>1231/2|0:2>1216/4|0:3>1216/5
1271,3,2021,2,2021,CL,2,78.4,2,-4:2>-1/-1|-4:3>-1/-1|-3:1>-1/-1|-3:3>831/2|-2:1>2021/3|-2:2>58/2
1272,5,-1,-1,1537,-4:-1,26,1002.6,26,-5:-2>-1/-1|-5:-1>1693/1|-4:-3>-1/-1|-4:-1>1537/1|-3:-3>-1/-1|-3:-2>-1/-1
1273,9,1085,1,690,-2:5,31,1120.9,29,-3:6>2054/1|-3:7>1535/2|-2:5>690/3|-2:7>1554/5|-1:5>690/4|-1:6>1554/5
1274,6,2278,6,541,-6:4,21,768.0,19,-6:3>406/1|-6:4>541/1|-5:2>2278/4|-5:4>-1/-1|-4:2>2278/6|-4:3>2278/6
1275,5,872,6,1287,2:3,36,1278.0,34,0:4>872/5|0:5>872/6|1:3>-1/-1|1:5>872/8|2:3>1287/1|2:4>1042/1
1276,7,171,1,1227,1:-4,37,1371.5,33,-1:-4>1605/5|-1:-3>1605/5|0:-3>-1/-1|1:-5>-1/-1|1:-4>1227/3
1277,4,-1,0,1324,-1:1,11,372.1,11,-2:2>-1/-1|-2:3>-1/-1|-1:1>1324/2|-1:3>-1/-1|0:1>1437/1|0:2>-1/-1
1278,1,558,6,558,CL,34,1319.6,32,-4:-3>-1/-1|-4:-2>558/5|-3:-2>558/6|-2:-3>558/3
1279,8,103,4,241,-5:-1,30,1092.3,28,-5:-1>241/1|-4:-3>103/4|-4:-2>311/2
1280,8,744,3,744,CL,11,403.8,10,-5:4>1649/4|-5:5>1649/4|-4:3>1649/4|-4:5>264/2|-3:3>1649/3|-3:4>744/4
1281,10,1506,1,1167,2:-4,34,1284.5,32,2:-5>-1/-1|2:-4>1167/2|3:-6>-1/-1|3:-4>1115/2
1282,9,1995,1,1318,-2:6,35,1217.2,32,-3:7>1573/3|-2:6>1318/2|-1:6>1318/3
1283,14,1151,2,1151,CL,5,191.6,5,-3:1>1736/3|-3:2>1151/3|-2:0>1636/2|-2:2>75/4|-1:0>1832/2|-1:1>561/2
1284,7,1995,1,1320,-2:6,35,1239.4,32,-3:7>1282/4|-2:6>1320/2|-1:6>407/2
1285,7,1101,2,1581,-1:1,8,290.0,8,-2:0>1101/4|-2:1>1101/2|-1:-1>1024/5|-1:1>1581/2|0:-1>2216/4|0:0>2216/2
1286,6,1595,2,34,-1:3,25,924.9,23,-1:3>34/4|-1:4>-1/-1|0:2>34/2|0:4>1776/3|1:2>-1/-1|1:3>-1/-1
1287,6,188,5,188,CL,35,1241.5,33,1:3>188/6|1:4>1368/1|2:2>188/5|2:4>1042/1
1288,8,1850,4,1850,CL,11,447.4,11,-3:0>1395/1|-3:1>-1/-1|-2:-1>-1/-1|-2:1>1850/5|-1:-1>-1/-1|-1:0>1850/6
1289,6,2157,2,697,-5:-2,35,1278.7,33,-5:-2>697/1|-4:-2>2157/4|-3:-3>-1/-1
1290,13,1989,2,297,1:-2,26,967.1,23,0:-3>420/2|0:-2>749/2|1:-4>1173/3|1:-2>297/3|2:-4>-1/-1|2:-3>1989/3
1291,5,1666,5,1666,CL,22,854.2,20,-6:5>1892/1|-6:6>1666/5|-5:4>-1/-1|-5:6>1666/4|-4:4>-1/-1|-4:5>1666/5
1292,6,2031,3,1856,-5:-1,31,1162.7,30,-5:-1>1856/2|-4:-3>819/4|-4:-2>103/3
1293,2,535,1,535,CL,34,1180.9,31,-4:6>-1/-1|-4:7>-1/-1|-3:5>-1/-1|-3:7>535/3|-2:5>-1/-1|-2:6>535/2
1294,8,1344,1,923,-4:-1,26,981.3,26,-5:-1>1344/3|-5:1>393/3|-4:-1>923/4|-4:0>923/4
1295,4,438,3,-1,-,-1,0.0,-1,2:-5>438/5|3:-5>438/4
1296,6,622,2,2029,-1:0,13,457.0,12,-2:-1>622/3|-2:0>-1/-1|-1:-2>-1/-1|-1:0>2029/3|0:-2>-1/-1|0:-1>-1/-1
1297,8,-1,0,1961,-5:6,25,935.8,23,-6:7>1894/5|-6:8>1894/5|-5:6>1961/1|-5:8>1894/6|-4:6>608/1|-4:7>1894/4
1298,1,339,3,339,CL,31,1107.7,27,-7:7>339/4|-6:5>-1/-1|-6:6>339/4
1299,9,2102,1,2102,CL,25,962.2,25,-5:-1>2041/1|-5:0>2102/6|-4:-2>1537/2|-4:0>2102/5|-3:-2>2102/5|-3:-1>-1/-1
1300,10,1459,3,915,-4:0,23,880.1,23,-5:-1>1459/5|-5:1>714/3|-4:-1>77/2|-4:0>915/1
1301,3,262,3,1480,-2:7,38,1349.2,34,-2:6>-1/-1|-2:7>1480/1|-1:5>-1/-1|0:5>-1/-1|0:6>262/4
1302,2,1646,2,1646,CL,21,797.5,20,-3:4>1646/4|-3:5>1646/2|-2:3>1646/7|-2:5>-1/-1|-1:3>1646/6|-1:4>1646/6
1303,9,97,3,1846,-1:-4,37,1396.0,32,-1:-4>1846/2|-1:-3>590/1|0:-3>-1/-1|1:-5>-1/-1|1:-4>97/6
1304,4,-1,-1,-1,-,-1,0.0,-1,1:-5>-1/-1|1:-4>-1/-1|2:-4>-1/-1|3:-6>1873/3|3:-5>-1/-1
1305,6,846,5,846,CL,40,1454.0,38,1:4>846/4|1:5>1966/1|2:3>846/5|2:5>1350/1
1306,9,1919,2,461,-1:0,12,446.7,12,-1:-1>-1/-1|-1:0>461/1|0:-2>-1/-1|0:0>281/1|1:-2>-1/-1|1:-1>-1/-1
1307,3,-1,-1,1714,-7:6,30,1086.0,27,-7:6>1714/5|-7:8>-1/-1|-6:6>1714/2|-6:7>-1/-1
1308,3,1799,5,1799,CL,28,1007.2,26,-6:2>1799/6|-6:3>1799/5|-5:1>1799/6|-5:3>1799/2|-4:1>1131/3|-4:2>504/1
1309,5,1624,1,1624,CL,25,968.2,25,-5:1>1310/1|-5:2>2076/1|-4:0>1624/4|-4:2>700/6|-3:0>700/5|-3:1>-1/-1
1310,5,-1,-1,1624,-4:1,25,941.7,24,-6:2>876/5|-5:0>-1/-1|-5:2>876/4|-4:0>-1/-1|-4:1>1624/1
1311,5,1191,1,1191,CL,29,1114.3,27,-6:3>1191/3|-5:1>1027/6|-5:2>1191/4
1312,5,1384,3,1384,CL,31,1168.6,29,-5:6>1384/6|-5:7>1384/5|-4:5>-1/-1|-4:7>1384/5|-3:5>782/1|-3:6>1384/3
1313,4,1967,3,1727,-7:8,32,1171.6,29,-7:8>1727/3|-6:7>-1/-1|-5:7>-1/-1|-5:8>1967/5
1314,6,740,3,740,CL,32,1202.6,30,1:-4>740/4|1:-3>740/5|2:-5>-1/-1|2:-3>740/4|3:-5>2265/1|3:-4>1824/2
1315,5,1631,1,508,-2:-2,21,840.9,21,-4:-1>-1/-1|-4:0>1631/4|-3:-2>1497/3|-3:0>-1/-1|-2:-2>508/2|-2:-1>-1/-1
1316,6,397,2,703,-5:8,34,1298.2,32,-5:8>703/2|-5:9>911/6|-4:7>645/1|-3:7>2042/1
1317,11,1511,1,1218,2:-4,35,1298.2,31,2:-4>1218/2|2:-3>-1/-1|3:-5>1115/1|3:-3>-1/-1
1318,10,1282,2,245,-2:6,34,1170.5,31,-3:7>1127/3|-2:6>245/1|-1:6>176/2
1319,4,599,1,1054,-6:6,26,895.8,23,-7:6>-1/-1|-6:4>-1/-1|-6:6>1054/4|-5:4>1054/5|-5:5>1054/5
1320,10,1282,2,245,-2:6,34,1199.9,31,-3:7>1127/3|-2:6>245/1|-1:6>1318/3
1321,10,310,3,742,0:0,16,599.4,15,0:-1>404/2|0:0>742/2|1:-2>1632/2|1:0>1660/3|2:-2>310/4|2:-1>310/5
1322,7,942,2,942,CL,27,999.1,24,-6:2>942/3|-6:3>942/2|-5:1>710/3|-5:3>1083/3|-4:1>1083/6|-4:2>1083/3
1323,7,613,2,613,CL,29,1035.9,27,-1:4>613/3|-1:5>2047/7|0:3>986/1|0:5>2047/6|1:3>20/3|1:4>2047/6
1324,5,1277,1,1341,-1:1,10,356.2,10,-2:2>-1/-1|-2:3>-1/-1|-1:1>1341/1|-1:3>-1/-1|0:1>1437/1|0:2>-1/-1
1325,5,1481,2,1792,1:1,24,839.2,22,1:1>1792/3|1:2>1792/3|2:0>1507/2|2:2>1481/4|3:0>596/3|3:1>1481/3
1326,4,738,2,2299,1:5,43,1559.2,41,1:5>2299/3|2:4>738/4
1327,6,983,4,831,-3:2,4,146.8,4,-4:3>983/6|-4:4>983/5|-3:2>831/1|-3:4>983/5|-2:2>1385/3|-2:3>983/8
1328,5,565,3,2229,-2:7,36,1303.8,34,-4:7>267/5|-4:8>565/4|-3:6>267/4|-2:6>1977/4|-2:7>2229/1
1329,8,1090,3,251,1:5,44,1592.0,42,-1:6>1090/6|0:5>-1/-1|1:5>251/3
1330,4,2176,2,2239,-5:7,29,1102.7,27,-5:7>2239/1|-5:8>162/1|-4:6>2176/3|-4:8>-1/-1|-3:6>-1/-1|-3:7>-1/-1
1331,4,994,2,994,CL,30,1129.9,28,-5:6>994/5|-5:7>994/4|-4:5>-1/-1|-4:7>994/4|-3:5>1384/2|-3:6>1222/1
1332,7,-1,-1,1409,-6:7,26,961.9,23,-7:6>-1/-1|-7:7>35/3|-6:5>-1/-1|-6:7>1409/1|-5:5>-1/-1|-5:6>-1/-1
1333,14,1216,3,2134,-2:3,17,621.8,16,-2:3>2134/2|-2:4>156/1|-1:2>-1/-1|-1:4>1147/2|0:2>1216/4|0:3>1216/5
1334,8,817,1,518,1:5,43,1540.3,41,-1:6>312/4|0:5>-1/-1|1:5>518/2
1335,10,1704,1,971,-3:0,17,686.4,17,-3:-1>-1/-1|-3:0>971/3|-2:-2>1704/2|-2:0>-1/-1|-1:-2>8/3|-1:-1>-1/-1
1336,12,607,3,607,CL,34,1246.8,30,0:-4>1169/4|0:-3>607/4|1:-5>-1/-1|1:-3>607/5|2:-5>2161/2|2:-4>2161/3
1337,7,1625,2,374,-5:6,24,853.2,21,-7:7>-1/-1|-7:8>1066/5|-6:6>1066/3|-6:8>1066/4|-5:6>374/1|-5:7>1066/5
1338,7,365,1,961,2:2,30,1063.6,26,0:3>-1/-1|0:4>365/5|1:2>807/6|1:4>365/4|2:2>961/1|2:3>807/2
1339,6,365,1,43,2:2,30,1079.6,26,0:3>-1/-1|0:4>365/5|1:2>807/6|1:4>365/4|2:2>43/1|2:3>807/2
1340,10,647,4,1448,1:0,21,740.5,20,1:0>1448/2|1:1>621/2|2:-1>458/3|2:1>1716/3|3:-1>2037/5|3:0>722/4
1341,5,7,3,7,CL,9,307.9,9,-2:1>-1/-1|-2:2>7/4|-1:0>-1/-1|-1:2>195/1|0:0>1730/4|0:1>-1/-1
1342,2,2178,1,2178,CL,7,245.9,7,-2:1>-1/-1|-2:2>2178/2|-1:0>-1/-1|-1:2>677/2|0:0>677/6|0:1>-1/-1
1343,5,1631,1,1631,CL,22,818.7,21,-4:-1>-1/-1|-4:0>1631/4|-3:-2>772/3|-3:0>-1/-1|-2:-2>1315/3|-2:-1>-1/-1
1344,9,-1,0,923,-4:-1,26,979.6,26,-5:-1>1912/2|-5:1>393/3|-4:-1>923/4|-4:0>923/4
1345,9,891,1,828,-1:0,13,482.2,13,-1:-1>-1/-1|-1:0>828/1|0:-2>-1/-1|0:0>1306/2|1:-2>-1/-1|1:-1>-1/-1
1346,5,953,6,953,CL,27,1054.8,27,-5:1>953/6|-5:2>953/7|-4:0>953/5|-4:2>2120/1|-3:0>953/4|-3:1>-1/-1
1347,4,-1,-1,936,-7:6,32,1150.8,29,-7:6>936/7|-7:8>-1/-1|-6:6>936/4|-6:7>-1/-1
1348,5,1656,2,648,0:2,24,844.6,22,0:2>648/4|0:3>-1/-1|1:1>648/3|1:3>1656/3|2:1>1807/1|2:2>424/1
1349,9,1621,4,1621,CL,35,1276.8,31,0:-4>1336/5|0:-3>1621/5|1:-5>-1/-1|1:-3>1621/6|2:-5>838/1|2:-4>970/2
1350,8,833,2,1305,2:4,41,1484.2,39,1:5>799/1|2:4>1305/1
1351,9,1741,1,1741,CL,10,360.1,9,-4:4>289/2|-4:5>957/3|-3:3>280/2|-3:5>-1/-1|-2:3>987/3|-2:4>-1/-1
1352,9,1225,2,2040,2:-1,26,941.2,24,2:-2>1225/5|2:-1>2040/1|3:-3>1225/5|3:-1>623/1|4:-3>1225/6
1353,10,-1,0,65,-3:2,3,100.1,3,-3:1>653/3|-3:2>65/1|-2:0>1151/4|-2:2>1059/2|-1:0>1460/4|-1:1>2275/3
1354,7,-1,-1,1379,-4:4,15,511.7,13,-5:3>-1/-1|-5:4>1644/2|-4:2>-1/-1|-4:4>1379/2|-3:2>-1/-1|-3:3>-1/-1
1355,7,1790,3,1790,CL,21,753.7,19,0:1>1790/5|0:2>2204/1|1:0>1790/5|1:2>2274/1|2:0>1790/5|2:1>1790/3
1356,4,274,7,996,-5:1,29,1109.9,29,-6:3>274/9|-5:1>996/2|-5:2>274/10
1357,6,1068,3,776,-7:8,30,1125.0,28,-7:8>776/1|-6:7>-1/-1|-5:7>-1/-1|-5:8>1068/5
1358,7,-1,-1,1431,0:-1,22,816.5,21,0:-2>1817/1|0:-1>1431/3|1:-3>92/2|1:-1>1431/5|2:-3>92/3|2:-2>288/5
1359,4,828,7,828,CL,13,486.9,13,-2:0>828/7|-2:1>828/7|-1:-1>828/8|-1:1>828/7|0:-1>891/1|0:0>828/3
1360,6,282,1,1583,1:0,24,858.1,23,1:0>1583/3|1:1>1641/5|2:-1>2156/1|2:1>1641/5|3:-1>1690/1|3:0>1641/3
1361,4,203,1,755,-1:-3,29,1077.8,25,-2:-3>-1/-1|-1:-3>755/1|0:-4>203/6
1362,7,889,3,235,-5:6,20,771.1,18,-6:5>1666/3|-6:6>889/3|-5:4>-1/-1|-5:6>235/2|-4:4>-1/-1|-4:5>889/3
1363,10,138,1,873,1:-2,21,799.8,19,1:-2>873/2|1:-1>344/1|2:-3>1212/4|2:-1>751/2|3:-3>-1/-1|3:-2>-1/-1
1364,8,1416,2,1622,1:3,32,1117.3,30,1:3>1622/3|1:4>2266/4|2:2>276/1|2:4>2266/5
1365,8,399,1,2110,-5:4,20,679.7,18,-6:3>399/5|-6:5>1623/2|-5:3>2244/2|-5:4>2110/2
1366,12,817,1,980,1:5,42,1529.8,40,-1:6>312/4|0:5>-1/-1|1:5>980/1
1367,8,1908,3,799,1:5,42,1503.0,39,1:5>799/1|2:4>1350/2
1368,6,1275,7,1287,2:3,36,1250.6,33,0:4>1275/6|0:5>1275/7|1:3>-1/-1|1:5>1275/9|2:3>1287/1|2:4>1042/1
1369,3,1661,6,1661,CL,17,605.8,15,-6:4>1765/2|-6:5>1661/6|-5:3>1162/1|-5:5>1661/5|-4:3>1661/3|-4:4>1661/4
1370,6,1428,4,1962,1:1,22,766.2,20,1:1>1962/1|1:2>2311/1|2:0>482/3|2:2>1428/4|3:0>1428/5|3:1>1428/5
1371,5,-1,-1,-1,-,-1,0.0,-1,-7:7>-1/-1|-6:7>-1/-1|-6:8>-1/-1
1372,9,70,4,225,-2:3,17,602.8,15,-3:4>775/4|-3:5>70/5|-2:3>225/2|-2:5>-1/-1|-1:3>1333/1|-1:4>70/3
1373,7,1775,4,2278,-6:4,23,823.4,21,-6:3>840/1|-6:4>2278/3|-5:2>1608/2|-5:4>-1/-1|-4:2>1775/4|-4:3>1682/4
1374,2,-1,-1,1724,-3:1,8,350.5,8,-4:0>-1/-1|-4:1>-1/-1|-3:-1>-1/-1|-3:1>1724/1|-2:-1>-1/-1|-2:0>-1/-1
1375,9,1776,2,1286,-1:3,26,973.7,24,-1:3>1286/5|-1:4>-1/-1|0:2>1286/3|0:4>1789/2|1:2>-1/-1|1:3>-1/-1
1376,7,1054,2,770,-5:4,24,818.7,21,-7:6>-1/-1|-6:4>-1/-1|-6:6>768/2|-5:4>770/3|-5:5>770/3
1377,5,2196,5,1091,-3:0,17,644.1,17,-5:0>2196/6|-5:1>-1/-1|-4:-1>2196/4|-4:1>2196/5|-3:-1>1821/1|-3:0>1091/1
1378,8,803,2,1579,-4:5,19,705.3,17,-6:6>803/3|-6:7>2043/4|-5:5>539/2|-5:7>2043/5|-4:5>1579/2|-4:6>-1/-1
1379,8,-1,-1,464,-4:4,14,477.5,12,-5:3>-1/-1|-5:4>1150/1|-4:2>-1/-1|-4:4>464/1|-3:2>-1/-1|-3:3>-1/-1
1380,4,2046,2,2046,CL,39,1433.9,34,-1:-4>170/4|-1:-3>97/3|0:-3>-1/-1|1:-5>-1/-1|1:-4>2046/5
1381,1,716,3,716,CL,27,980.2,24,-7:7>-1/-1|-7:8>716/4|-6:6>716/4|-6:8>716/4|-5:6>716/4|-5:7>716/5
1382,5,-1,-1,2168,2:-5,39,1497.8,36,0:-4>-1/-1|1:-4>-1/-1|2:-5>2168/1
1383,1,-1,-1,328,-1:5,34,1242.5,32,-1:5>328/5|-1:6>-1/-1|0:4>328/4|0:6>-1/-1|1:4>328/4|1:5>-1/-1
1384,6,994,2,994,CL,30,1146.3,28,-5:6>994/5|-5:7>994/4|-4:5>-1/-1|-4:7>994/4|-3:5>782/1|-3:6>1331/2
1385,7,983,4,1121,-3:2,4,126.5,4,-4:3>983/6|-4:4>983/5|-3:2>1121/2|-3:4>983/5|-2:2>38/2|-2:3>983/8
1386,12,562,1,562,CL,17,660.1,16,-5:5>2005/1|-5:6>1852/1|-4:4>562/5|-4:6>-1/-1|-3:4>562/5|-3:5>562/6
1387,0,-1,-1,-1,-,-1,0.0,-1,2:1>-1/-1|2:2>-1/-1|3:0>-1/-1
1388,7,458,4,1448,1:1,21,736.5,20,1:0>572/1|1:1>1448/2|2:-1>898/2|2:1>2037/4|3:-1>1643/4|3:0>2037/5
1389,11,1838,1,1514,-5:-1,33,1213.5,31,-5:-1>1514/4|-4:-3>697/2|-4:-2>408/4
1390,2,971,3,253,-3:0,16,623.1,16,-3:-1>-1/-1|-3:0>253/2|-2:-2>971/4|-2:0>-1/-1|-1:-2>971/5|-1:-1>-1/-1
1391,5,-1,-1,28,-2:-2,25,974.2,21,-2:-2>28/3|-2:-1>-1/-1|-1:-3>-1/-1|-1:-1>-1/-1|0:-3>-1/-1|0:-2>711/4
1392,8,1254,4,1254,CL,31,1111.2,28,-1:4>1254/5|-1:5>2191/4|0:3>1254/3|0:5>2191/3|1:3>1785/2|1:4>2191/3
1393,12,1928,1,2001,-4:-1,28,1059.2,27,-5:-2>857/3|-5:0>2162/3|-4:-2>1118/3|-4:-1>2001/3
1394,7,1890,1,1698,-5:3,20,691.1,18,-6:4>137/3|-6:5>401/1|-5:3>1698/5|-5:5>161/2|-4:3>1698/6|-4:4>1698/7
1395,7,1840,3,1665,-2:0,13,462.2,12,-4:0>1840/5|-4:1>-1/-1|-3:-1>1840/4|-3:1>-1/-1|-2:-1>1840/4|-2:0>1665/1
1396,6,-1,-1,-1,-,-1,0.0,-1,-7:7>-1/-1|-6:7>-1/-1|-6:8>-1/-1
1397,11,333,2,333,CL,29,1093.6,28,2:-3>333/4|2:-2>333/5|3:-4>1082/1|3:-2>333/5|4:-3>352/4
1398,3,-1,0,1225,2:-2,27,1062.8,26,2:-2>1225/5|2:-1>1225/3|3:-3>1225/5|3:-1>688/2|4:-3>1225/6
1399,3,457,4,147,-5:-1,32,1203.8,31,-5:-1>147/4|-4:-3>1209/1|-4:-2>147/2
1400,7,1792,4,1752,1:1,23,790.1,21,1:1>1752/2|1:2>482/3|2:0>1692/1|2:2>1792/5|3:0>1507/3|3:1>1792/5
1401,5,2157,2,1209,-5:-2,34,1273.0,33,-5:-2>1209/2|-4:-2>2157/4|-3:-3>-1/-1
1402,3,1096,2,1096,CL,14,546.4,14,-4:0>1836/3|-4:1>-1/-1|-3:-1>1836/3|-3:1>-1/-1|-2:-1>1096/3|-2:0>1096/3
1403,9,-1,-1,1019,-1:4,27,973.4,25,-2:5>405/1|-2:6>655/1|-1:4>1019/3|-1:6>2027/3|0:4>1019/6|0:5>1019/6
1404,8,136,1,136,CL,1,32.7,1,-4:2>-1/-1|-4:3>-1/-1|-3:1>-1/-1|-3:3>136/4|-2:1>1774/1|-2:2>816/1
1405,5,73,2,2214,0:4,33,1201.4,31,0:4>2214/1|0:5>73/3|1:3>-1/-1|1:5>73/4|2:3>122/5|2:4>122/4
1406,9,533,3,2134,-2:4,17,621.6,15,-2:3>1130/1|-2:4>2134/2|-1:2>-1/-1|-1:4>1270/3|0:2>533/5|0:3>741/6
1407,3,-1,-1,1818,1:-1,21,760.5,18,-1:-1>-1/-1|-1:0>-1/-1|0:-2>-1/-1|0:0>-1/-1|1:-2>1032/1|1:-1>1818/4
1408,4,1116,1,1594,-5:3,28,996.9,26,-5:3>1594/2|-5:4>-1/-1|-4:2>725/2|-4:4>-1/-1|-3:2>-1/-1|-3:3>-1/-1
1409,7,506,1,1920,-5:6,25,925.0,23,-7:7>-1/-1|-7:8>2310/5|-6:6>1332/1|-6:8>2310/5|-5:6>1920/2|-5:7>2310/6
1410,6,286,2,286,CL,13,435.3,12,-1:0>286/3|-1:1>701/2|0:-1>1800/3|0:1>123/4|1:-1>1849/3|1:0>123/3
1411,4,-1,-1,234,-4:1,25,935.2,24,-6:2>876/5|-5:0>-1/-1|-5:2>876/4|-4:0>-1/-1|-4:1>234/2
1412,8,247,4,247,CL,12,451.7,11,-5:4>1882/6|-5:5>1882/6|-4:3>1882/6|-4:5>886/1|-3:3>247/4|-3:4>247/5
1413,4,1997,1,1607,-4:6,32,1227.2,30,-4:5>-1/-1|-4:6>1607/1|-3:4>-1/-1|-3:6>1627/1|-2:4>-1/-1|-2:5>-1/-1
1414,6,942,2,560,-5:3,26,958.2,23,-6:2>942/3|-6:3>942/2|-5:1>1192/3|-5:3>560/2|-4:1>1083/6|-4:2>1083/3
1415,3,-1,-1,1689,2:-5,42,1586.6,39,0:-4>-1/-1|1:-4>-1/-1|2:-5>1689/4
1416,10,1491,1,1364,1:3,33,1151.1,31,1:3>1364/4|1:4>1540/4|2:2>276/1|2:4>1540/5
1417,5,-1,-1,1548,-3:6,34,1260.2,31,-5:7>-1/-1|-5:8>-1/-1|-4:6>-1/-1|-4:8>-1/-1|-3:6>1548/1|-3:7>2247/2
1418,6,884,3,884,CL,27,985.3,24,-7:6>275/1|-7:7>-1/-1|-6:5>884/4|-6:7>-1/-1|-5:5>884/5|-5:6>-1/-1
1419,9,1901,2,-1,-,-1,0.0,-1,2:-5>1901/4|3:-5>794/3
1420,7,1906,1,903,-3:-2,31,1241.0,30,-3:-3>418/2|-3:-2>903/5|-2:-2>-1/-1|-1:-4>-1/-1|-1:-3>-1/-1
1421,7,-1,-1,92,0:-2,24,896.2,23,0:-2>92/3|0:-1>92/5|1:-3>1713/1|1:-1>92/7|2:-3>2279/1|2:-2>92/6
1422,3,2061,3,387,-1:2,15,519.8,14,-1:1>-1/-1|-1:2>387/4|0:0>1750/1|0:2>-1/-1|1:0>2061/3|1:1>2061/3
1423,5,867,2,2245,-6:4,19,660.3,17,-6:4>2245/4|-6:5>1698/3|-5:3>2245/4|-5:5>1872/1|-4:3>2245/5|-4:4>2245/6
1424,4,1213,3,1213,CL,27,1051.9,26,-4:-2>-1/-1|-4:-1>1213/8|-3:-3>1213/5|-3:-1>1213/4|-2:-3>1706/1|-2:-2>1508/1
1425,6,-1,0,1576,-2:3,19,720.6,18,-3:4>1113/2|-3:5>364/1|-2:3>1576/5|-2:5>-1/-1|-1:3>1576/4|-1:4>1576/4
1426,2,2230,2,2230,CL,34,1296.2,33,3:-3>2230/3|3:-2>2230/5
1427,6,1097,2,1097,CL,25,938.7,22,-6:2>226/4|-6:4>1097/3|-5:2>226/3|-5:3>226/3
1428,5,1036,3,549,1:1,23,785.1,21,1:1>549/2|1:2>2311/1|2:0>1792/3|2:2>1036/3|3:0>1792/4|3:1>1036/4
1429,9,1704,1,269,-3:0,18,708.8,18,-3:-1>-1/-1|-3:0>269/4|-2:-2>8/2|-2:0>-1/-1|-1:-2>1843/3|-1:-1>-1/-1
1430,5,2186,4,30,1:0,22,792.0,21,1:-1>236/4|1:0>30/2|2:-2>236/4|2:0>1643/1|3:-2>2186/3|3:-1>2186/3
1431,8,-1,-1,88,1:-1,21,778.2,20,0:-2>2284/2|0:-1>1940/2|1:-3>288/3|1:-1>88/4|2:-3>288/4|2:-2>88/4
1432,11,963,2,2048,-3:2,4,149.7,4,-3:2>2048/3|-3:3>329/3|-2:1>1897/2|-2:3>-1/-1|-1:1>2138/2|-1:2>-1/-1
1433,7,144,4,344,1:-1,21,801.3,20,1:-1>344/1|1:0>144/4|2:-2>751/1|2:0>144/5|3:-2>144/5|3:-1>144/5
1434,3,1550,2,1550,CL,32,1207.0,30,-6:8>1986/3|-5:7>1550/4|-5:9>2096/2|-4:7>1550/3|-4:8>1550/3
1435,8,350,5,908,-2:5,31,1117.2,29,-3:6>350/6|-3:7>350/5|-2:5>908/4|-2:7>176/1|-1:5>908/4|-1:6>1111/1
1436,9,326,1,1847,0:2,24,848.5,22,0:2>1847/4|0:3>-1/-1|1:1>1847/3|1:3>326/2|2:1>1656/3|2:2>965/3
1437,4,1927,3,1277,-1:2,12,398.0,11,-1:1>-1/-1|-1:2>1277/1|0:0>1927/4|0:2>-1/-1|1:0>1927/5|1:1>1927/4
1438,6,-1,0,1187,-6:3,26,985.8,24,-6:2>1606/1|-6:3>1187/1|-5:1>514/4|-5:3>942/3|-4:1>942/8|-4:2>942/5
1439,6,-1,0,899,-3:-1,25,989.8,24,-4:-2>-1/-1|-4:-1>2221/7|-3:-3>2221/4|-3:-1>899/2|-2:-3>984/3|-2:-2>1114/2
1440,7,619,3,619,CL,29,1073.7,28,-5:-2>311/1|-5:0>619/5|-4:-2>668/1|-4:-1>619/4
1441,4,1667,4,1200,1:-3,30,1109.7,26,0:-4>1667/5|0:-3>1667/3|1:-5>-1/-1|1:-3>1200/1|2:-5>1667/7|2:-4>1667/9
1442,8,1130,1,664,-3:3,15,548.8,14,-3:3>664/5|-3:4>664/4|-2:2>664/6|-2:4>11/1|-1:2>664/6|-1:3>2056/1
1443,10,2080,2,1710,-6:3,25,892.1,23,-6:3>1710/3|-6:4>1710/5|-5:2>1864/1|-5:4>-1/-1|-4:2>191/2|-4:3>1775/4
1444,7,1491,1,1364,1:3,33,1164.8,31,1:3>1364/4|1:4>1540/4|2:2>1416/2|2:4>1540/5
1445,6,-1,-1,593,-3:5,19,731.3,16,-4:4>-1/-1|-4:5>-1/-1|-3:3>-1/-1|-3:5>593/2|-2:3>-1/-1|-2:4>657/2
1446,4,960,2,960,CL,14,540.3,14,-1:-1>-1/-1|-1:0>960/2|0:-2>-1/-1|0:0>960/3|1:-2>-1/-1|1:-1>-1/-1
1447,5,1906,1,652,-3:-2,32,1267.7,31,-3:-3>1906/3|-3:-2>652/6|-2:-2>-1/-1|-1:-4>-1/-1|-1:-3>-1/-1
1448,10,458,4,1893,1:0,20,698.2,19,1:0>1893/1|1:1>1833/1|2:-1>1388/3|2:1>1048/4|3:-1>458/5|3:0>1768/5
1449,6,1626,3,1626,CL,32,1195.7,30,1:-4>740/4|1:-3>1626/5|2:-5>-1/-1|2:-3>1626/4|3:-5>1314/2|3:-4>1694/1
1450,4,866,3,866,CL,24,870.0,22,-2:4>866/4|-2:5>866/2|-1:3>-1/-1|-1:5>1542/1|0:3>-1/-1|0:4>866/5
1451,8,2144,2,1018,-2:4,21,780.8,20,-2:3>2144/5|-2:4>1018/5|-1:2>-1/-1|-1:4>1018/4|0:2>1905/1|0:3>1952/1
1452,2,1614,3,1614,CL,25,944.3,24,1:-3>1614/4|1:-2>1614/3|2:-4>1614/5|2:-2>1614/3|3:-4>1614/6|3:-3>868/1
1453,3,-1,0,1190,-3:-3,34,1263.7,32,-5:-2>-1/-1|-5:-1>-1/-1|-4:-3>1721/3|-4:-1>-1/-1|-3:-3>1190/4|-3:-2>-1/-1
1454,4,1284,2,1284,CL,36,1277.6,33,-3:7>1284/5|-2:6>1284/3|-1:6>407/2
1455,5,1974,3,454,-3:-3,31,1160.5,29,-5:-2>-1/-1|-5:-1>-1/-1|-4:-3>1023/4|-4:-1>-1/-1|-3:-3>454/1|-3:-2>-1/-1
1456,8,2193,1,1626,2:-3,32,1186.2,30,1:-4>486/3|1:-3>325/4|2:-5>-1/-1|2:-3>1626/4|3:-5>740/3|3:-4>740/3
1457,4,137,2,137,CL,21,731.2,19,-6:4>1623/1|-6:5>951/1|-5:3>137/6|-5:5>137/3|-4:3>137/7|-4:4>137/8
1458,5,418,2,903,-3:-2,31,1211.7,30,-3:-3>656/1|-3:-2>903/5|-2:-2>-1/-1|-1:-4>-1/-1|-1:-3>-1/-1
1459,9,923,2,714,-4:0,24,896.7,24,-5:-1>923/4|-5:1>1549/3|-4:-1>1745/2|-4:0>714/2
1460,11,1353,1,1353,CL,4,140.6,4,-3:1>1353/4|-3:2>1353/2|-2:0>75/3|-2:2>2275/2|-1:0>75/3|-1:1>699/2
1461,4,1193,3,202,-1:-3,29,1098.7,26,-1:-3>202/1|-1:-2>-1/-1|0:-4>-1/-1|0:-2>-1/-1|1:-4>1193/4|1:-3>1193/6
1462,10,1460,2,1857,-3:2,4,148.5,4,-3:1>1151/4|-3:2>1857/3|-2:0>75/3|-2:2>2275/2|-1:0>1163/2|-1:1>1163/2
1463,3,2205,4,1451,-1:3,22,822.8,21,-1:3>1451/1|-1:4>-1/-1|0:2>1952/2|0:4>2205/6|1:2>-1/-1|1:3>-1/-1
1464,10,1928,1,2162,-4:-1,28,1092.5,28,-5:-2>1928/4|-5:0>735/2|-4:-2>1393/4|-4:-1>2162/3
1465,3,1997,1,1627,-3:6,33,1188.6,31,-4:5>-1/-1|-4:6>1413/2|-3:4>-1/-1|-3:6>1627/1|-2:4>-1/-1|-2:5>-1/-1
1466,5,817,1,2091,-1:6,45,1579.4,40,-1:6>2091/3|0:5>-1/-1|1:5>976/2
1467,10,977,2,1772,-4:0,23,858.0,23,-5:-1>977/3|-5:0>2233/4|-4:-2>2185/2|-4:0>1772/3|-3:-2>849/2|-3:-1>-1/-1
1468,10,1511,1,1218,2:-4,35,1322.0,32,2:-4>1218/2|2:-3>-1/-1|3:-5>1115/1|3:-3>-1/-1
1469,7,1259,4,1259,CL,32,1132.8,30,-3:6>1259/5|-3:7>1259/4|-2:5>1259/5|-2:7>1318/1|-1:5>1259/5|-1:6>350/2
1470,4,962,4,552,-2:4,21,761.9,19,-2:4>552/1|-2:5>962/3|-1:3>-1/-1|-1:5>962/4|0:3>-1/-1|0:4>962/6
1471,7,1120,4,252,-1:3,24,878.7,20,-1:2>-1/-1|-1:3>252/3|0:1>-1/-1|0:3>252/2|1:1>1120/5|1:2>56/1
1472,3,1723,2,782,-4:6,33,1237.7,30,-4:5>-1/-1|-4:6>782/2|-3:4>-1/-1|-3:6>1723/4|-2:4>-1/-1|-2:5>-1/-1
1473,15,1985,2,187,1:-1,23,905.1,22,1:-1>187/3|1:0>2186/4|2:-2>1985/3|2:0>2186/3|3:-2>21/2|3:-1>918/2
1474,3,1836,3,1402,-2:0,15,580.6,15,-4:0>1675/2|-4:1>-1/-1|-3:-1>1836/3|-3:1>-1/-1|-2:-1>1836/4|-2:0>1402/4
1475,8,450,2,1853,-5:3,28,966.8,25,-5:2>1063/2|-5:3>1853/1|-4:1>-1/-1|-4:3>450/2|-3:1>-1/-1|-3:2>-1/-1
1476,7,99,3,854,-2:1,8,273.8,7,-3:0>99/5|-3:1>-1/-1|-2:-1>-1/-1|-2:1>854/1|-1:-1>-1/-1|-1:0>2026/2
1477,7,1620,2,1616,2:1,29,1002.9,26,2:1>1616/3|2:2>-1/-1|3:0>1735/1
1478,2,1155,3,1155,CL,8,324.7,8,-4:1>-1/-1|-4:2>1155/6|-3:0>1555/1|-3:2>1155/6|-2:0>-1/-1|-2:1>1155/5
1479,9,633,1,-1,-,-1,0.0,-1,2:-5>185/2|3:-5>1559/1
1480,3,1454,3,1454,CL,37,1309.5,34,-3:7>1454/6|-2:6>1454/4|-1:6>1301/1
1481,4,1633,1,1036,1:1,25,868.5,23,1:1>1036/4|1:2>1036/3|2:0>1325/3|2:2>1036/3|3:0>596/3|3:1>1633/2
1482,7,370,4,1987,-3:-1,20,751.6,20,-5:0>370/5|-5:1>-1/-1|-4:-1>2289/1|-4:1>370/5|-3:-1>1987/3|-3:0>1987/4
1483,3,1916,3,1142,-6:5,24,830.7,21,-6:3>1916/5|-6:5>1142/4|-5:3>1916/6|-5:4>1142/5
1484,6,-1,-1,-1,-,-1,0.0,-1,-7:7>-1/-1|-6:7>-1/-1|-6:8>-1/-1
1485,7,-1,-1,223,-2:1,5,159.2,5,-2:1>223/1|-2:2>1530/1|-1:0>-1/-1|-1:2>-1/-1|0:0>-1/-1|0:1>-1/-1
1486,6,1280,4,1280,CL,12,429.9,11,-5:4>1280/5|-5:5>1280/5|-4:3>1280/5|-4:5>264/2|-3:3>1280/4|-3:4>1280/5
1487,3,580,1,423,-4:7,38,1347.6,35,-4:7>423/5|-4:8>580/2|-3:6>423/5|-2:6>423/5|-2:7>565/3
1488,7,1909,1,273,-2:1,6,270.6,6,-4:1>-1/-1|-4:2>871/3|-3:0>1909/3|-3:2>871/3|-2:0>-1/-1|-2:1>273/3
1489,7,2282,2,1914,1:4,39,1410.8,37,1:4>1914/3|1:5>1914/5|2:3>1914/4|2:5>1914/6
1490,9,2036,7,2036,CL,29,1081.8,27,-6:7>2036/4|-6:8>308/1|-5:6>2036/6|-5:8>959/1|-4:6>2036/8|-4:7>2036/9
1491,4,-1,0,1416,1:3,34,1182.7,32,1:3>1416/5|1:4>1444/5|2:2>276/1|2:4>1444/6
1492,5,653,2,2155,-3:2,3,120.2,2,-3:1>168/2|-3:2>2155/1|-2:0>653/6|-2:2>653/4|-1:0>653/6|-1:1>653/5
1493,6,2089,2,2089,CL,29,1044.8,27,-1:4>2089/3|-1:5>2047/7|0:3>986/1|0:5>2047/6|1:3>20/3|1:4>2047/6
1494,5,-1,-1,1913,-3:-1,25,958.7,24,-3:-2>899/1|-3:-1>1913/2|-2:-3>-1/-1|-2:-1>-1/-1|-1:-3>-1/-1|-1:-2>-1/-1
1495,1,-1,-1,-1,-,-1,0.0,-1,2:-5>-1/-1|2:-4>-1/-1|3:-6>-1/-1|3:-4>-1/-1
1496,6,870,1,-1,-,-1,0.0,30,-1:5>1899/1|-1:6>1702/1|0:4>-1/-1|0:6>-1/-1|1:4>-1/-1|1:5>-1/-1
1497,4,772,2,772,CL,23,857.7,22,-4:-1>-1/-1|-4:0>772/5|-3:-2>2297/2|-3:0>-1/-1|-2:-2>2297/2|-2:-1>-1/-1
1498,2,-1,0,833,1:5,42,1529.5,40,1:5>833/3|2:4>833/2
1499,7,544,1,1776,-1:3,27,998.4,25,-1:3>1776/6|-1:4>-1/-1|0:2>1776/4|0:4>986/2|1:2>-1/-1|1:3>-1/-1
1500,11,2003,2,2249,-6:6,29,1072.4,25,-7:7>1814/1|-6:5>-1/-1|-6:6>2249/2
1501,17,1052,1,1985,1:-1,24,926.4,23,1:-1>1985/4|1:0>1473/5|2:-2>1052/2|2:0>1473/4|3:-2>1904/1|3:-1>456/2
1502,5,818,3,1231,-2:3,19,697.0,18,-2:3>1231/4|-2:4>1147/2|-1:2>-1/-1|-1:4>2154/1|0:2>818/4|0:3>818/5
1503,3,1056,3,-1,-,-1,0.0,-1,2:-5>1056/3|3:-5>1056/4
1504,4,2135,4,2135,CL,28,1047.9,26,-1:3>2135/7|-1:4>-1/-1|0:2>2135/5|0:4>1761/4|1:2>-1/-1|1:3>-1/-1
1505,5,-1,-1,113,-3:3,10,369.2,9,-5:3>-1/-1|-5:4>-1/-1|-4:2>-1/-1|-4:4>-1/-1|-3:2>-1/-1|-3:3>113/1
1506,6,-1,0,1167,2:-4,34,1261.8,32,2:-5>-1/-1|2:-4>1167/2|3:-6>-1/-1|3:-4>1115/2
1507,8,1325,3,1400,1:1,24,830.5,22,1:1>1400/3|1:2>1792/3|2:0>2164/1|2:2>1792/5|3:0>1553/2|3:1>1325/4
1508,1,-1,-1,1424,-3:-2,28,1100.5,27,-3:-2>1424/1|-3:-1>-1/-1|-2:-3>-1/-1|-2:-1>-1/-1|-1:-3>-1/-1|-1:-2>-1/-1
1509,5,-1,0,211,-2:7,41,1452.4,37,-2:6>-1/-1|-2:7>211/4|-1:5>-1/-1|0:5>-1/-1|0:6>1983/1
1510,5,524,2,1874,-5:1,24,921.5,24,-5:1>1874/2|-5:2>700/3|-4:0>1874/3|-4:2>444/4|-3:0>444/3|-3:1>-1/-1
1511,11,-1,0,1218,2:-4,35,1276.1,31,2:-4>1218/2|2:-3>-1/-1|3:-5>1115/1|3:-3>-1/-1
1512,9,633,1,-1,-,-1,0.0,-1,2:-5>10/2|3:-5>1559/1
1513,4,-1,-1,637,-1:-1,14,506.2,13,-3:-1>-1/-1|-3:0>-1/-1|-2:-2>-1/-1|-2:0>-1/-1|-1:-2>2127/3|-1:-1>637/1
1514,9,1389,2,103,-5:-1,32,1178.2,30,-5:-1>103/3|-4:-3>408/3|-4:-2>457/3
1515,7,-1,-1,157,0:-1,19,713.3,18,0:-2>88/3|0:-1>157/2|1:-3>1143/5|1:-1>157/2|2:-3>842/4|2:-2>842/3
1516,2,763,3,763,CL,33,1260.9,29,-2:-3>-1/-1|-1:-3>2011/5|0:-4>2011/4
1517,5,-1,-1,-1,-,-1,0.0,-1,1:-5>-1/-1|1:-4>-1/-1|2:-4>-1/-1|3:-6>1936/2|3:-5>-1/-1
1518,8,985,1,0,0:-3,32,1181.6,28,0:-4>121/2|0:-3>0/2|1:-5>-1/-1|1:-3>0/3|2:-5>363/3|2:-4>607/5
1519,7,1083,4,191,-5:3,27,976.2,24,-6:2>1083/5|-6:3>1083/4|-5:1>1083/5|-5:3>191/1|-4:1>1799/5|-4:2>1799/2
1520,8,40,2,933,1:-1,22,825.1,21,1:-2>1863/1|1:-1>933/3|2:-3>895/2|2:-1>933/5|3:-3>-1/-1|3:-2>-1/-1
1521,10,948,3,368,-5:7,27,1001.4,25,-5:6>41/2|-5:7>368/2|-4:5>-1/-1|-4:7>948/5|-3:5>948/5|-3:6>948/5
1522,7,2199,6,2199,CL,30,1139.2,29,2:-2>2199/4|2:-1>2199/6|3:-3>1697/1|3:-1>2199/7|4:-3>1154/1
1523,3,767,5,2096,-5:8,34,1294.5,32,-5:8>2096/1|-4:8>767/7
1524,8,2177,2,2177,CL,9,359.1,9,-3:0>1850/3|-3:1>-1/-1|-2:-1>-1/-1|-2:1>2177/3|-1:-1>-1/-1|-1:0>2132/4
1525,5,968,3,937,-2:1,5,207.8,5,-4:1>-1/-1|-4:2>968/5|-3:0>968/4|-3:2>968/5|-2:0>-1/-1|-2:1>937/2
1526,3,-1,-1,-1,-,-1,0.0,-1,2:-5>661/1|2:-4>-1/-1|3:-6>1754/3|3:-4>-1/-1
1527,3,2215,3,2215,CL,26,893.0,24,0:2>2215/6|0:3>-1/-1|1:1>2215/5|1:3>2215/4|2:1>2215/5|2:2>2215/5
1528,8,2136,6,892,-5:9,35,1358.6,33,-5:8>2136/6|-5:9>892/2|-4:7>2136/6|-3:7>2136/4
1529,2,1545,1,-1,-,-1,0.0,-1,-7:7>-1/-1|-6:7>-1/-1|-6:8>-1/-1
1530,9,1432,3,2048,-3:2,4,170.7,4,-3:2>2048/3|-3:3>1432/4|-2:1>223/1|-2:3>-1/-1|-1:1>1485/1|-1:2>-1/-1
1531,4,-1,-1,1346,-4:1,28,1097.7,28,-5:2>504/2|-5:3>-1/-1|-4:1>1346/1|-4:3>-1/-1|-3:1>-1/-1|-3:2>-1/-1
1532,6,-1,-1,1642,-2:-2,26,989.6,23,-2:-3>1061/1|-2:-2>1642/3|-1:-4>1265/3|-1:-2>-1/-1|0:-4>-1/-1|0:-3>2118/7
1533,5,537,1,868,2:-3,27,1033.8,26,2:-3>868/2|2:-2>1188/2|3:-4>897/4|3:-2>1188/2|4:-3>537/5
1534,5,1014,7,172,-4:-1,25,922.2,24,-4:-2>-1/-1|-4:-1>172/1|-3:-3>1014/5|-3:-1>1178/2|-2:-3>1014/7|-2:-2>1014/9
1535,10,1085,1,1273,-2:5,32,1150.0,30,-3:6>2054/1|-3:7>1711/1|-2:5>1273/4|-2:7>1554/5|-1:5>1273/5|-1:6>1554/5
1536,5,278,3,278,CL,28,1022.5,27,2:-1>278/3|2:0>-1/-1|3:-2>858/1|3:0>-1/-1
1537,9,2102,1,2102,CL,25,959.0,25,-5:-1>2002/1|-5:0>2102/6|-4:-2>1272/1|-4:0>2102/5|-3:-2>2102/5|-3:-1>-1/-1
1538,12,75,3,75,CL,6,208.7,6,-3:1>1283/4|-3:2>75/4|-2:0>294/2|-2:2>561/4|-1:0>1739/1|-1:1>1163/2
1539,5,1209,2,1209,CL,34,1267.6,33,-5:-2>1209/2|-4:-2>1209/4|-3:-3>-1/-1
1540,7,1444,2,1230,1:3,32,1146.5,30,1:3>1230/3|1:4>341/3|2:2>1416/2|2:4>341/4
1541,1,529,5,529,CL,30,1107.6,29,2:-1>529/5|2:0>-1/-1|3:-2>529/3|3:0>-1/-1
1542,6,-1,-1,1450,-1:4,25,887.6,23,-2:5>1842/1|-2:6>1019/3|-1:4>1450/1|-1:6>1019/5|0:4>1268/5|0:5>1268/5
1543,6,-1,-1,2065,2:0,25,879.4,24,2:0>2065/1|2:1>469/5|3:-1>-1/-1|3:1>469/5
1544,8,1894,2,784,-5:6,24,903.4,22,-6:7>2078/3|-6:8>2078/3|-5:6>784/1|-5:8>526/5|-4:6>1894/3|-4:7>526/4
1545,2,-1,0,-1,-,-1,0.0,-1,-7:7>-1/-1|-6:7>-1/-1|-6:8>-1/-1
1546,3,2215,3,2215,CL,26,904.8,24,0:2>2215/6|0:3>-1/-1|1:1>2215/5|1:3>2215/4|2:1>2215/5|2:2>2215/5
1547,5,2091,2,1891,-1:6,43,1506.4,38,-1:6>1891/1|0:5>-1/-1|1:5>2091/3
1548,5,-1,-1,1683,-4:6,33,1228.9,30,-4:6>1683/3|-4:7>1417/1|-3:5>1969/5|-3:7>792/2|-2:5>1969/5|-2:6>-1/-1
1549,12,923,2,639,-4:0,24,887.4,24,-5:-1>923/4|-5:1>1196/2|-4:-1>355/3|-4:0>639/2
1550,4,636,1,636,CL,31,1183.0,29,-6:8>1434/4|-5:7>636/3|-5:9>1434/3|-4:7>820/2|-4:8>820/2
1551,3,1021,7,1237,-1:2,13,461.8,12,-3:3>1021/5|-3:4>1021/5|-2:2>1021/4|-2:4>1021/6|-1:2>1237/1|-1:3>1021/7
1552,9,-1,-1,2127,-1:-1,16,572.8,15,-3:-1>-1/-1|-3:0>-1/-1|-2:-2>-1/-1|-2:0>-1/-1|-1:-2>1695/1|-1:-1>2127/3
1553,7,596,3,1507,1:1,25,874.9,23,1:1>1507/4|1:2>1507/4|2:0>78/1|2:2>596/5|3:0>1214/1|3:1>596/4
1554,11,1085,1,605,-2:5,32,1140.3,30,-3:6>1535/2|-3:7>1711/1|-2:5>605/4|-2:7>605/4|-1:5>605/5|-1:6>605/4
1555,2,-1,-1,1478,-3:1,9,331.0,8,-4:0>-1/-1|-4:1>-1/-1|-3:-1>-1/-1|-3:1>1478/1|-2:-1>-1/-1|-2:0>-1/-1
1556,9,1100,7,464,-4:4,14,495.2,12,-6:4>1100/4|-6:5>1100/7|-5:3>1100/4|-5:5>1100/6|-4:3>1644/1|-4:4>464/1
1557,2,1545,1,-1,-,-1,0.0,-1,-7:7>-1/-1|-6:7>-1/-1|-6:8>-1/-1
1558,5,-1,-1,1307,-7:6,31,1128.8,28,-7:6>1307/6|-7:8>-1/-1|-6:6>1307/3|-6:7>-1/-1
1559,7,-1,-1,-1,-,-1,0.0,-1,2:-5>154/3|2:-4>-1/-1|3:-6>1802/1|3:-4>-1/-1
1560,7,1888,2,1960,2:1,30,1064.8,28,2:1>1960/4|2:2>-1/-1|3:0>758/2
1561,5,236,4,332,1:0,22,789.8,21,1:-1>144/2|1:0>332/2|2:-2>144/2|2:0>332/3|3:-2>236/4|3:-1>236/4
1562,6,102,4,1257,-2:6,34,1227.6,32,-4:7>102/5|-4:8>102/5|-3:6>792/1|-2:6>1257/2|-2:7>102/4
1563,4,664,3,1725,-3:4,14,517.1,13,-3:3>762/3|-3:4>1725/3|-2:2>762/4|-2:4>664/2|-1:2>762/4|-1:3>664/3
1564,7,1175,1,-1,-,-1,0.0,25,-1:-2>1858/1|-1:-1>-1/-1|0:-3>-1/-1|0:-1>1175/3|1:-3>-1/-1|1:-2>-1/-1
1565,7,-1,0,1096,-2:0,14,566.9,14,-4:0>834/3|-4:1>-1/-1|-3:-1>1580/2|-3:1>-1/-1|-2:-1>253/1|-2:0>1096/3
1566,2,-1,-1,-1,-,-1,0.0,-1,-7:7>-1/-1|-6:7>-1/-1|-6:8>-1/-1
1567,6,983,4,1385,-2:2,5,141.0,4,-4:3>983/6|-4:4>983/5|-3:2>1327/2|-3:4>983/5|-2:2>1385/3|-2:3>983/8
1568,9,-1,-1,2101,-2:-2,25,952.7,21,-2:-2>2101/3|-2:-1>-1/-1|-1:-3>-1/-1|-1:-1>-1/-1|0:-3>-1/-1|0:-2>1125/3
1569,3,-1,-1,1131,-5:2,28,1086.8,28,-5:2>1131/1|-5:3>-1/-1|-4:1>1531/2|-4:3>-1/-1|-3:1>-1/-1|-3:2>-1/-1
1570,14,1985,2,187,1:-1,23,903.1,22,1:-1>187/3|1:0>236/4|2:-2>1985/3|2:0>2186/3|3:-2>21/2|3:-1>918/2
1571,6,1784,1,1784,CL,35,1303.4,33,-5:-2>1784/3|-4:-2>1834/1|-3:-3>-1/-1
1572,7,1730,4,1730,CL,10,363.4,10,-2:1>-1/-1|-2:2>1730/5|-1:0>-1/-1|-1:2>1730/3|0:0>1970/2|0:1>-1/-1
1573,8,1995,1,893,-2:6,35,1229.2,32,-3:7>2229/2|-2:6>893/2|-1:6>893/4
1574,7,1888,2,1888,CL,30,1037.2,28,2:1>1888/4|2:2>-1/-1|3:0>1960/3
1575,4,599,1,1054,-6:6,26,895.3,23,-7:6>-1/-1|-6:4>-1/-1|-6:6>1054/4|-5:4>1054/5|-5:5>1054/5
1576,3,1425,1,2104,-2:3,18,676.0,17,-3:4>1425/3|-3:5>1425/2|-2:3>2104/4|-2:5>-1/-1|-1:3>2104/3|-1:4>2182/3
1577,8,702,3,463,-6:7,27,992.4,24,-6:7>463/6|-6:8>463/6|-5:6>702/3|-5:8>2268/3|-4:6>1098/2|-4:7>1766/1
1578,4,2261,3,541,-5:4,21,773.3,19,-6:3>1663/2|-6:5>2261/5|-5:3>1274/1|-5:4>541/4
1579,11,803,2,460,-4:5,18,690.4,17,-6:6>803/3|-6:7>803/5|-5:5>539/2|-5:7>803/6|-4:5>460/1|-4:6>-1/-1
1580,7,1565,1,1096,-2:0,14,570.6,14,-4:0>834/3|-4:1>-1/-1|-3:-1>143/1|-3:1>-1/-1|-2:-1>1565/2|-2:0>1096/3
1581,7,1101,2,1135,-1:1,7,274.0,7,-2:0>1101/4|-2:1>1101/2|-1:-1>177/5|-1:1>1135/1|0:-1>1285/5|0:0>1285/3
1582,4,1072,2,1072,CL,32,1207.9,28,-2:-3>-1/-1|-1:-3>1072/4|0:-4>1072/6
1583,6,1360,2,2149,1:1,23,823.7,22,1:0>1643/2|1:1>2149/4|2:-1>2156/1|2:1>1641/5|3:-1>534/2|3:0>1641/3
1584,3,1025,2,1025,CL,27,953.5,25,-3:5>-1/-1|-3:6>1815/3|-2:4>-1/-1|-2:6>-1/-1|-1:4>1025/4|-1:5>-1/-1
1585,6,1601,4,60,-4:4,15,564.8,12,-5:5>1601/6|-5:6>1601/5|-4:4>60/3|-4:6>-1/-1|-3:4>921/1|-3:5>920/3
1586,2,1807,4,1807,CL,26,900.8,24,1:1>1807/5|1:2>1807/2|2:0>1807/6|2:2>579/2|3:0>1807/6|3:1>1807/5
1587,9,1062,1,192,-3:-1,23,871.7,20,-3:-2>-1/-1|-3:-1>192/6|-2:-3>-1/-1|-2:-1>192/4|-1:-3>878/1|-1:-2>1058/2
1588,5,1281,2,1281,CL,35,1317.9,32,2:-5>-1/-1|2:-4>1281/3|3:-6>-1/-1|3:-4>1115/2
1589,8,2094,1,2161,1:-4,36,1301.3,31,1:-5>2094/5|1:-4>2161/1|2:-4>-1/-1|3:-6>-1/-1|3:-5>-1/-1
1590,2,966,5,1208,-5:1,30,1155.7,30,-6:3>966/7|-5:1>1208/3|-5:2>966/8
1591,5,1208,6,274,-5:1,29,1118.8,29,-6:3>1208/8|-5:1>274/2|-5:2>1208/9
1592,4,-1,0,1811,0:1,18,627.8,17,0:1>1811/2|0:2>1811/3|1:0>1637/3|1:2>721/3|2:0>1637/3|2:1>721/3
1593,0,-1,-1,-1,-,-1,0.0,-1,1:5>-1/-1|2:4>-1/-1
1594,5,1116,1,47,-5:3,27,982.4,25,-5:3>47/1|-5:4>-1/-1|-4:2>725/2|-4:4>-1/-1|-3:2>-1/-1|-3:3>-1/-1
1595,8,544,1,34,-1:3,25,933.1,23,-1:3>34/4|-1:4>-1/-1|0:2>34/2|0:4>1776/3|1:2>-1/-1|1:3>-1/-1
1596,8,149,4,1257,-2:6,34,1215.2,32,-4:7>102/5|-4:8>102/5|-3:6>1946/2|-2:6>1257/2|-2:7>149/4
1597,6,1902,3,1902,CL,34,1243.7,30,0:-4>277/2|0:-3>1902/4|1:-5>-1/-1|1:-3>1902/5|2:-5>1955/3|2:-4>1955/4
1598,4,957,2,957,CL,11,412.9,10,-4:4>2013/2|-4:5>291/3|-3:3>2301/3|-3:5>-1/-1|-2:3>2301/5|-2:4>-1/-1
1599,4,76,3,797,1:1,18,616.7,16,-1:2>-1/-1|-1:3>76/5|0:1>-1/-1|0:3>76/5|1:1>797/1|1:2>470/3
1600,3,-1,-1,2264,-2:-2,27,1021.6,23,-2:-2>2264/5|-2:-1>-1/-1|-1:-3>-1/-1|-1:-1>-1/-1|0:-3>-1/-1|0:-2>1125/3
1601,7,786,3,60,-4:4,15,549.7,12,-5:5>786/5|-5:6>786/4|-4:4>60/3|-4:6>-1/-1|-3:4>921/1|-3:5>920/3
1602,4,1988,5,1682,-6:3,25,903.4,23,-6:3>1682/3|-6:4>1682/5|-5:2>1988/4|-5:4>-1/-1|-4:2>1988/5|-4:3>47/2
1603,6,252,5,252,CL,24,886.3,21,-1:2>-1/-1|-1:3>252/3|0:1>-1/-1|0:3>34/1|1:1>1471/6|1:2>56/1
1604,3,-1,0,450,-5:2,29,1008.6,26,-5:2>450/4|-5:3>450/2|-4:1>-1/-1|-4:3>227/1|-3:1>-1/-1|-3:2>-1/-1
1605,6,2241,2,1276,1:-4,38,1398.8,34,-1:-4>1918/4|-1:-3>1918/4|0:-3>-1/-1|1:-5>-1/-1|1:-4>1276/4
1606,4,629,2,934,-6:3,27,1010.4,25,-6:3>934/1|-5:1>629/9|-5:2>1438/1
1607,6,1384,3,1384,CL,31,1178.0,29,-5:6>1384/6|-5:7>1384/5|-4:5>-1/-1|-4:7>1384/5|-3:5>782/1|-3:6>1384/3
1608,6,1710,4,1373,-6:4,24,866.3,21,-6:3>2225/1|-6:4>1373/4|-5:2>560/1|-5:4>-1/-1|-4:2>1710/4|-4:3>1710/5
1609,16,1501,2,1985,1:-1,24,927.1,23,1:-1>1985/4|1:0>918/5|2:-2>1501/3|2:0>918/4|3:-2>1904/1|3:-1>2040/2
1610,5,-1,-1,-1,-,-1,0.0,-1,1:5>-1/-1|2:4>-1/-1
1611,4,546,1,468,-5:5,24,889.7,22,-7:6>2163/2|-7:7>-1/-1|-6:5>2142/2|-6:7>-1/-1|-5:5>468/2|-5:6>-1/-1
1612,7,1444,2,2266,1:3,33,1172.4,31,1:3>2266/4|1:4>1540/4|2:2>1416/2|2:4>1540/5
1613,3,2188,2,850,0:0,17,596.9,16,0:0>850/1|0:1>2188/3|1:-1>2188/5|1:1>-1/-1|2:-1>2188/5|2:0>2188/6
1614,4,158,2,48,1:-2,24,896.5,23,1:-3>1171/3|1:-2>48/2|2:-4>158/4|2:-2>48/2|3:-4>158/5|3:-3>1452/2
1615,7,69,2,1292,-5:-1,32,1194.2,31,-5:-1>1292/3|-4:-3>1389/3|-4:-2>819/4
1616,6,1620,2,769,2:1,28,981.5,26,2:1>769/2|2:2>-1/-1|3:0>1669/1
1617,6,1660,4,815,0:0,16,584.2,14,0:-1>1660/4|0:0>815/1|1:-2>1660/4|1:0>2259/2|2:-2>1660/5|2:-1>1660/6
1618,8,2177,2,2177,CL,9,337.8,9,-3:0>1524/4|-3:1>-1/-1|-2:-1>-1/-1|-2:1>99/3|-1:-1>-1/-1|-1:0>99/3
1619,5,1275,7,1287,2:3,36,1279.3,34,0:4>1275/6|0:5>1275/7|1:3>-1/-1|1:5>1275/9|2:3>1287/1|2:4>1042/1
1620,7,1065,1,769,2:1,28,977.8,26,2:1>769/2|2:2>-1/-1|3:0>1477/2
1621,9,607,3,607,CL,34,1238.7,30,0:-4>607/4|0:-3>607/4|1:-5>-1/-1|1:-3>607/5|2:-5>1349/2|2:-4>1349/3
1622,5,1364,3,409,1:3,31,1099.3,29,1:3>409/2|1:4>1230/5|2:2>750/2|2:4>1230/6
1623,9,399,1,2147,-5:3,20,710.2,18,-6:3>399/5|-6:5>951/1|-5:3>2147/3|-5:4>1457/1
1624,6,-1,0,1645,-4:0,24,929.8,24,-5:1>1310/1|-5:2>1309/2|-4:0>1645/3|-4:2>1874/6|-3:0>1874/5|-3:1>-1/-1
1625,10,506,1,374,-5:6,24,865.7,21,-7:7>-1/-1|-7:8>559/5|-6:6>506/3|-6:8>559/4|-5:6>374/1|-5:7>559/5
1626,10,325,2,2103,2:-3,31,1158.3,29,1:-4>486/3|1:-3>325/4|2:-5>-1/-1|2:-3>2103/3|3:-5>1314/2|3:-4>1449/2
1627,4,-1,-1,1050,-2:5,32,1160.6,30,-4:6>1041/2|-4:7>1041/5|-3:5>1413/1|-3:7>1041/6|-2:5>1050/3|-2:6>-1/-1
1628,2,93,3,93,CL,47,1680.1,42,-1:6>93/5|0:5>-1/-1|1:5>93/4
1629,8,-1,-1,1079,-4:1,27,1043.2,27,-6:2>996/1|-5:0>-1/-1|-5:2>2075/3|-4:0>-1/-1|-4:1>1079/4
1630,1,747,7,747,CL,21,829.4,21,-3:-2>-1/-1|-3:-1>747/3|-2:-3>-1/-1|-2:-1>747/3|-1:-3>747/8|-1:-2>747/5
1631,6,-1,0,2197,-4:0,21,801.5,20,-4:-1>-1/-1|-4:0>2197/3|-3:-2>772/3|-3:0>-1/-1|-2:-2>1315/3|-2:-1>-1/-1
1632,10,1110,3,404,0:0,17,626.2,16,0:-1>1884/1|0:0>404/3|1:-2>157/1|1:0>1321/4|2:-2>1110/4|2:-1>1110/5
1633,2,-1,0,1481,1:1,26,909.4,24,1:1>1481/5|1:2>1481/4|2:0>1481/4|2:2>1481/4|3:0>1481/4|3:1>769/1
1634,2,1582,3,1582,CL,33,1225.3,29,-2:-3>-1/-1|-1:-3>1582/5|0:-4>1582/7
1635,4,2200,4,2096,-5:8,34,1292.5,32,-5:8>2096/1|-4:8>2200/6
1636,12,1283,3,1283,CL,6,240.5,6,-3:1>1736/3|-3:2>1283/4|-2:0>2026/1|-2:2>1283/5|-1:0>261/1|-1:1>1283/3
1637,7,1592,1,1592,CL,19,671.6,18,0:1>1592/3|0:2>721/4|1:0>181/2|1:2>721/3|2:0>955/2|2:1>845/3
1638,8,97,3,1846,-1:-4,37,1395.4,32,-1:-4>1846/2|-1:-3>2085/2|0:-3>-1/-1|1:-5>-1/-1|1:-4>97/6
1639,8,1491,1,2266,1:3,33,1184.3,31,1:3>2266/4|1:4>1540/4|2:2>1416/2|2:4>1540/5
1640,8,1659,4,1659,CL,37,1387.2,36,-5:-2>1659/5|-4:-2>1657/4|-3:-3>-1/-1
1641,8,282,1,2149,1:0,23,828.3,22,1:0>2149/3|1:1>1734/4|2:-1>1583/2|2:1>2211/4|3:-1>282/2|3:0>2065/2
1642,6,-1,-1,878,-2:-2,25,963.6,22,-2:-3>1532/2|-2:-2>878/2|-1:-4>1265/3|-1:-2>-1/-1|0:-4>-1/-1|0:-3>2118/7
1643,8,1583,3,572,1:0,22,783.2,21,1:0>572/1|1:1>1388/3|2:-1>1430/1|2:1>458/5|3:-1>1583/3|3:0>2149/4
1644,11,-1,-1,464,-4:4,14,499.6,12,-5:3>-1/-1|-5:4>1556/1|-4:2>-1/-1|-4:4>464/1|-3:2>-1/-1|-3:3>-1/-1
1645,9,1624,1,2137,-4:0,23,882.2,23,-5:1>46/1|-5:2>1624/3|-4:0>2137/2|-4:2>2020/5|-3:0>2020/4|-3:1>-1/-1
1646,6,1425,1,1425,CL,20,749.8,19,-3:4>219/3|-3:5>364/1|-2:3>1425/6|-2:5>-1/-1|-1:3>1425/5|-1:4>1425/5
1647,5,200,4,200,CL,21,795.9,19,-6:5>1666/3|-6:6>200/4|-5:4>-1/-1|-5:6>200/3|-4:4>-1/-1|-4:5>200/4
1648,7,1185,2,1805,-5:3,23,856.6,21,-6:2>226/4|-6:4>1185/3|-5:2>226/3|-5:3>1805/2
1649,7,299,3,783,-3:3,11,382.7,9,-5:4>1107/3|-5:5>347/3|-4:3>1107/3|-4:5>1280/3|-3:3>783/2|-3:4>299/4
1650,5,569,2,1167,2:-4,34,1299.3,32,2:-5>-1/-1|2:-4>1167/2|3:-6>-1/-1|3:-4>1281/3
1651,8,-1,-1,1079,-4:1,27,1051.6,27,-6:2>996/1|-5:0>-1/-1|-5:2>2075/3|-4:0>-1/-1|-4:1>1079/4
1652,5,958,5,106,4:-3,31,1179.8,30,2:-3>958/8|2:-2>958/8|3:-4>958/5|3:-2>958/8|4:-3>106/1
1653,4,2126,3,1094,1:4,37,1377.5,35,1:4>1094/1|1:5>1975/3|2:3>2126/3|2:5>1975/4
1654,10,1511,1,662,2:-4,35,1307.0,31,2:-4>662/2|2:-3>-1/-1|3:-5>1115/1|3:-3>-1/-1
1655,11,-1,-1,381,-4:0,24,916.7,24,-4:0>381/1|-4:1>576/1|-3:-1>-1/-1|-3:1>-1/-1|-2:-1>-1/-1|-2:0>-1/-1
1656,9,326,1,1002,0:2,25,881.6,23,0:2>1002/5|0:3>-1/-1|1:1>1002/4|1:3>1239/2|2:1>1348/2|2:2>1174/2
1657,7,589,4,589,CL,37,1375.2,35,-5:-2>589/5|-4:-2>2039/3|-3:-3>-1/-1
1658,3,2229,3,2229,CL,36,1300.3,34,-3:7>248/1|-2:6>2229/3|-1:6>2229/5
1659,6,1869,3,1869,CL,36,1350.7,35,-5:-2>1869/4|-4:-2>1869/3|-3:-3>-1/-1
1660,6,310,3,1617,0:0,17,619.9,15,0:-1>2217/3|0:0>1617/2|1:-2>1321/3|1:0>2259/2|2:-2>310/4|2:-1>310/5
1661,7,101,5,1100,-4:4,16,572.7,14,-6:4>1765/2|-6:5>101/5|-5:3>1369/2|-5:5>101/4|-4:3>594/2|-4:4>1100/3
1662,4,1718,3,1718,CL,32,1206.8,31,-4:-3>-1/-1|-4:-2>1718/2|-3:-2>1718/3|-2:-3>1156/4
1663,5,1139,3,2261,-5:4,22,814.1,20,-6:3>268/1|-6:5>1139/5|-5:3>1578/2|-5:4>2261/5
1664,5,1221,5,207,-5:8,33,1293.0,31,-5:8>207/1|-4:8>892/1
1665,7,402,5,402,CL,12,456.4,12,-3:0>1395/1|-3:1>-1/-1|-2:-1>-1/-1|-2:1>402/6|-1:-1>-1/-1|-1:0>402/6
1666,8,1362,4,1362,CL,21,807.6,19,-6:5>1291/2|-6:6>1362/4|-5:4>-1/-1|-5:6>1362/3|-4:4>-1/-1|-4:5>1362/4
1667,5,2165,3,1200,1:-3,30,1090.9,26,0:-4>2067/4|0:-3>2165/2|1:-5>-1/-1|1:-3>1200/1|2:-5>2165/6|2:-4>2165/8
1668,7,786,3,60,-4:4,15,553.7,12,-5:5>786/5|-5:6>786/4|-4:4>60/3|-4:6>-1/-1|-3:4>1585/2|-3:5>920/3
1669,8,1735,1,1477,3:1,30,1031.7,26,2:0>-1/-1|2:1>-1/-1|3:-1>-1/-1|3:1>1477/1
1670,7,-1,-1,1126,1:-3,28,1020.3,23,-1:-2>-1/-1|-1:-1>-1/-1|0:-3>-1/-1|0:-1>-1/-1|1:-3>1126/1|1:-2>-1/-1
1671,4,449,1,327,1:2,27,954.9,25,1:2>327/3|1:3>449/5|2:1>327/3|2:3>449/5|3:1>-1/-1
1672,7,1439,1,899,-3:-1,25,967.5,24,-4:-2>-1/-1|-4:-1>984/8|-3:-3>984/5|-3:-1>899/2|-2:-3>984/3|-2:-2>1494/1
1673,8,826,3,826,CL,27,1047.4,26,2:-2>126/2|2:-1>826/3|3:-3>887/2|3:-1>826/4|4:-3>887/3
1674,5,825,1,133,-5:0,27,972.4,26,-6:2>-1/-1|-5:0>133/1|-5:2>-1/-1|-4:0>-1/-1|-4:1>-1/-1
1675,5,834,2,1836,-2:0,15,585.9,15,-4:0>61/1|-4:1>-1/-1|-3:-1>834/3|-3:1>-1/-1|-2:-1>834/3|-2:0>1836/4
1676,6,1357,4,776,-7:8,30,1116.2,27,-7:8>776/1|-6:7>-1/-1|-5:7>-1/-1|-5:8>443/5
1677,5,-1,-1,1845,-4:6,32,1188.3,29,-4:6>1845/2|-4:7>1969/3|-3:5>1931/4|-3:7>1969/4|-2:5>1931/4|-2:6>-1/-1
1678,11,444,4,381,-4:0,24,911.9,24,-5:1>444/4|-5:2>444/5|-4:0>381/1|-4:2>507/4|-3:0>84/1|-3:1>-1/-1
1679,3,-1,-1,-1,-,-1,0.0,-1,1:-5>-1/-1|1:-4>-1/-1|2:-4>-1/-1|3:-6>-1/-1|3:-5>1526/1
1680,7,1080,4,2034,-2:-1,19,748.6,18,-3:-2>-1/-1|-3:-1>319/2|-2:-3>-1/-1|-2:-1>2034/1|-1:-3>1080/5|-1:-2>856/2
1681,2,2305,2,983,-3:2,6,221.1,5,-4:3>2305/4|-4:4>2305/3|-3:2>983/3|-3:4>2305/3|-2:2>983/4|-2:3>2305/6
1682,7,1775,4,1373,-6:3,24,869.7,22,-6:3>1373/2|-6:4>1373/4|-5:2>1775/3|-5:4>-1/-1|-4:2>1775/4|-4:3>1602/3
1683,5,-1,-1,1845,-4:6,32,1181.7,29,-4:6>1845/2|-4:7>956/2|-3:5>1677/5|-3:7>956/3|-2:5>1677/5|-2:6>-1/-1
1684,7,1719,3,739,-5:6,28,1043.8,26,-5:6>739/2|-5:7>739/3|-4:5>-1/-1|-4:7>1719/5|-3:5>1719/5|-3:6>1719/5
1685,8,1688,3,1451,-1:3,22,816.7,21,-1:2>-1/-1|-1:3>1451/1|0:1>-1/-1|0:3>2205/1|1:1>1688/6|1:2>252/3
1686,5,2094,1,970,1:-4,35,1332.1,32,1:-5>2220/4|1:-4>970/1|2:-4>-1/-1|3:-6>-1/-1|3:-5>-1/-1
1687,8,1120,4,1195,-1:3,24,907.4,20,-1:2>-1/-1|-1:3>1195/3|0:1>-1/-1|0:3>1603/2|1:1>1120/5|1:2>56/1
1688,5,883,2,13,-1:3,23,840.6,20,-1:2>-1/-1|-1:3>13/2|0:1>-1/-1|0:3>1685/2|1:1>883/5|1:2>1685/4
1689,6,-1,-1,528,2:-5,41,1552.7,38,0:-4>-1/-1|1:-4>-1/-1|2:-5>528/3
1690,2,-1,-1,282,2:0,25,910.3,24,2:-1>-1/-1|2:0>282/1|3:-2>-1/-1|3:0>-1/-1
1691,1,-1,-1,239,2:-3,33,1234.5,32,2:-4>-1/-1|2:-3>239/5|3:-5>-1/-1|3:-3>239/3
1692,8,2097,4,1716,1:0,23,799.9,22,1:0>1716/4|1:1>1716/3|2:-1>1716/5|2:1>1752/1|3:-1>2097/5|3:0>595/3
1693,6,808,3,1537,-4:-1,26,1005.4,26,-5:-2>808/3|-5:0>890/5|-4:-2>2232/1|-4:-1>1537/1
1694,8,1511,1,1824,2:-4,34,1246.3,30,2:-4>1824/1|2:-3>-1/-1|3:-5>662/2|3:-3>-1/-1
1695,6,1804,1,1552,-2:-1,17,602.2,16,-2:-2>1804/2|-2:-1>1552/1|-1:-3>-1/-1|-1:-1>-1/-1|0:-3>-1/-1|0:-2>-1/-1
1696,10,1334,2,980,1:5,42,1523.6,40,-1:6>1334/5|0:5>-1/-1|1:5>980/1
1697,5,-1,-1,2199,3:-2,30,1139.6,28,2:-3>-1/-1|2:-2>-1/-1|3:-4>-1/-1|3:-2>2199/1|4:-3>1154/1
1698,5,1394,2,2245,-5:3,19,646.3,17,-6:4>137/3|-6:5>137/2|-5:3>2245/4|-5:5>867/2|-4:3>2245/5|-4:4>2245/6
1699,3,1997,1,1997,CL,34,1314.9,32,-4:5>-1/-1|-4:6>1997/3|-3:4>-1/-1|-3:6>1997/3|-2:4>-1/-1|-2:5>-1/-1
1700,6,399,1,399,CL,22,791.8,19,-6:3>1139/3|-6:5>399/3|-5:3>1875/4|-5:4>399/3
1701,5,562,1,786,-4:4,15,571.2,14,-5:5>562/3|-5:6>562/2|-4:4>786/3|-4:6>-1/-1|-3:4>786/3|-3:5>786/4
1702,5,-1,-1,-1,-,-1,0.0,31,-2:6>-1/-1|-2:7>-1/-1|-1:5>-1/-1|0:5>516/1|0:6>-1/-1
1703,5,1571,2,1834,-4:-2,35,1296.9,33,-5:-2>1571/4|-4:-2>1834/1|-3:-3>-1/-1
1704,10,-1,0,1335,-3:0,18,718.9,18,-3:-1>-1/-1|-3:0>1335/4|-2:-2>1680/1|-2:0>-1/-1|-1:-2>8/3|-1:-1>-1/-1
1705,11,1353,1,1774,-3:2,3,94.0,3,-3:1>1353/4|-3:2>1774/2|-2:0>1460/4|-2:2>816/1|-1:0>2275/4|-1:1>223/2
1706,7,1246,6,1424,-3:-2,28,1088.2,26,-3:-3>1246/5|-3:-2>1424/1|-2:-2>-1/-1|-1:-4>-1/-1|-1:-3>-1/-1
1707,6,1416,2,1622,1:3,32,1130.2,30,1:3>1622/3|1:4>1364/5|2:2>276/1|2:4>1364/6
1708,7,709,4,709,CL,10,353.7,10,-2:1>-1/-1|-2:2>709/5|-1:0>-1/-1|-1:2>709/3|0:0>1747/2|0:1>-1/-1
1709,6,102,4,1257,-2:6,34,1229.8,32,-4:7>102/5|-4:8>102/5|-3:6>792/1|-2:6>1257/2|-2:7>102/4
1710,9,1715,3,1373,-6:3,24,842.4,22,-6:3>1373/2|-6:4>1373/4|-5:2>912/2|-5:4>-1/-1|-4:2>1715/3|-4:3>1775/4
1711,13,149,4,270,-2:6,34,1197.1,31,-4:7>149/6|-4:8>149/5|-3:6>1946/2|-2:6>270/1|-2:7>149/4
1712,12,1587,2,519,-3:-1,23,877.0,20,-3:-2>-1/-1|-3:-1>519/6|-2:-3>-1/-1|-2:-1>1058/4|-1:-3>513/1|-1:-2>1038/1
1713,8,-1,0,679,1:-2,25,876.9,23,0:-3>1989/4|0:-2>68/4|1:-4>1989/5|1:-2>679/1|2:-4>-1/-1|2:-3>2279/1
1714,3,-1,-1,1737,-6:6,29,1057.3,26,-7:6>426/4|-7:8>-1/-1|-6:6>1737/1|-6:7>-1/-1
1715,8,2080,2,1775,-6:3,25,889.1,23,-6:3>1775/3|-6:4>1775/5|-5:2>1443/2|-5:4>-1/-1|-4:2>2080/2|-4:3>1775/4
1716,12,525,3,1048,1:0,22,759.9,21,1:0>1048/3|1:1>621/2|2:-1>647/4|2:1>1692/2|3:-1>525/4|3:0>525/3
1717,5,449,1,793,1:2,27,965.8,25,1:2>793/3|1:3>2207/3|2:1>793/3|2:3>2207/3|3:1>-1/-1
1718,5,454,2,2143,-3:-2,31,1162.3,30,-4:-3>-1/-1|-4:-2>1455/1|-3:-2>2143/2|-2:-3>1662/5
1719,7,2223,2,948,-5:7,28,1040.1,26,-5:6>2208/3|-5:7>948/3|-4:5>-1/-1|-4:7>2223/4|-3:5>2223/4|-3:6>2223/4
1720,10,1366,2,1696,1:5,43,1553.5,41,-1:6>1366/5|0:5>-1/-1|1:5>1696/2
1721,6,1453,1,1023,-3:-3,33,1236.4,31,-5:-2>-1/-1|-5:-1>-1/-1|-4:-3>1834/2|-4:-1>-1/-1|-3:-3>1023/3|-3:-2>-1/-1
1722,3,563,3,1221,-5:8,34,1321.3,32,-5:8>1221/2|-4:8>1221/3
1723,3,1997,1,1108,-4:6,34,1310.5,31,-4:5>-1/-1|-4:6>1108/2|-3:4>-1/-1|-3:6>1997/3|-2:4>-1/-1|-2:5>-1/-1
1724,5,1909,1,238,-2:1,7,309.7,7,-4:1>-1/-1|-4:2>1909/5|-3:0>1374/1|-3:2>1909/5|-2:0>-1/-1|-2:1>238/4
1725,5,160,4,94,-3:4,13,489.6,12,-3:3>762/3|-3:4>94/2|-2:2>762/4|-2:4>160/3|-1:2>762/4|-1:3>160/4
1726,4,-1,-1,967,-4:-1,25,974.7,25,-5:-2>-1/-1|-5:-1>-1/-1|-4:-3>-1/-1|-4:-1>967/1|-3:-3>-1/-1|-3:-2>-1/-1
1727,9,1068,3,1676,-7:8,31,1149.7,28,-7:8>1676/2|-6:7>-1/-1|-5:7>-1/-1|-5:8>1068/5
1728,5,-1,-1,1079,-4:1,27,1038.7,27,-6:2>1651/2|-5:0>-1/-1|-5:2>2075/3|-4:0>-1/-1|-4:1>1079/4
1729,5,1363,2,344,1:-1,21,809.8,20,1:-2>1363/3|1:-1>344/1|2:-3>1363/5|2:-1>649/1|3:-3>-1/-1|3:-2>-1/-1
1730,8,7,3,7,CL,9,330.3,9,-2:1>-1/-1|-2:2>7/4|-1:0>-1/-1|-1:2>7/2|0:0>1572/3|0:1>-1/-1
1731,2,563,3,2200,-5:8,36,1365.3,34,-5:8>2200/3|-4:8>563/5
1732,3,2215,3,2215,CL,26,899.4,24,0:2>2215/6|0:3>-1/-1|1:1>2215/5|1:3>2215/4|2:1>2215/5|2:2>2215/5
1733,4,825,1,825,CL,27,1008.1,26,-6:2>-1/-1|-5:0>825/2|-5:2>-1/-1|-4:0>-1/-1|-4:1>-1/-1
1734,9,1641,2,647,1:1,23,800.2,22,1:0>2149/3|1:1>647/3|2:-1>1641/3|2:1>2097/3|3:-1>1641/3|3:0>2065/2
1735,9,-1,0,1477,3:1,30,1029.9,26,2:0>-1/-1|2:1>-1/-1|3:-1>-1/-1|3:1>1477/1
1736,11,1956,3,1956,CL,6,212.2,6,-3:1>419/2|-3:2>1956/4|-2:0>2026/1|-2:2>1956/5|-1:0>1636/2|-1:1>1283/3
1737,4,-1,-1,35,-6:7,28,1023.7,25,-7:6>-1/-1|-7:7>426/1|-6:5>-1/-1|-6:7>35/3|-5:5>-1/-1|-5:6>-1/-1
1738,11,2001,3,1299,-4:-1,26,987.6,26,-5:-2>1118/3|-5:0>153/3|-4:-2>890/2|-4:-1>1299/1
1739,11,1089,1,1135,-1:1,7,262.0,6,-2:0>1089/3|-2:1>1832/1|-1:-1>1089/6|-1:1>1135/1|0:-1>318/6|0:0>1101/4
1740,4,-1,0,395,-2:4,25,879.0,23,-2:4>395/5|-2:5>395/3|-1:3>-1/-1|-1:5>1141/3|0:3>-1/-1|0:4>1141/3
1741,11,-1,0,383,-3:3,9,327.3,8,-4:4>178/1|-4:5>289/3|-3:3>383/1|-3:5>-1/-1|-2:3>987/3|-2:4>-1/-1
1742,7,1074,1,2167,-6:6,30,1086.0,26,-7:7>2003/3|-6:5>-1/-1|-6:6>2167/3
1743,5,1141,2,1141,CL,26,918.6,24,-2:4>1141/6|-2:5>1141/4|-1:3>-1/-1|-1:5>1922/1|0:3>-1/-1|0:4>2095/2
1744,5,-1,-1,-1,-,-1,0.0,-1,-7:7>-1/-1|-6:7>-1/-1|-6:8>-1/-1
1745,9,1459,3,2018,-4:-1,23,869.1,23,-5:-1>1459/5|-5:1>355/3|-4:-1>2018/1|-4:0>1300/2
1746,7,-1,-1,1019,-1:4,27,976.1,25,-2:5>1403/2|-2:6>655/1|-1:4>1019/3|-1:6>2027/3|0:4>1019/6|0:5>1019/6
1747,9,1708,5,1708,CL,11,394.2,11,-2:1>-1/-1|-2:2>1708/6|-1:0>-1/-1|-1:2>1708/4|0:0>954/1|0:1>-1/-1
1748,4,651,5,1014,-4:-1,26,984.4,25,-4:-2>-1/-1|-4:-1>1014/2|-3:-3>651/3|-3:-1>499/3|-2:-3>651/5|-2:-2>651/7
1749,5,1914,2,1914,CL,39,1378.9,37,1:4>1914/3|1:5>1914/5|2:3>1914/4|2:5>1914/6
1750,5,379,5,379,CL,16,549.0,15,-1:0>379/6|-1:1>379/5|0:-1>379/6|0:1>1422/1|1:-1>379/5|1:0>295/2
1751,3,1175,1,-1,-,-1,0.0,27,-1:-2>1175/3|-1:-1>-1/-1|0:-3>-1/-1|0:-1>1229/1|1:-3>-1/-1|1:-2>-1/-1
1752,5,1400,5,163,1:1,22,768.2,21,1:1>163/1|1:2>482/3|2:0>1692/1|2:2>482/6|3:0>1400/4|3:1>1400/6
1753,5,1419,3,-1,-,-1,0.0,-1,2:-5>1503/4|3:-5>164/4
1754,3,-1,-1,-1,-,-1,0.0,-1,2:-5>1679/1|2:-4>-1/-1|3:-6>154/2|3:-4>-1/-1
1755,6,268,1,268,CL,24,884.4,22,-6:2>752/6|-6:4>268/2|-5:2>752/5|-5:3>1097/4
1756,8,-1,-1,611,-2:-2,24,918.9,21,-2:-3>1642/3|-2:-2>611/1|-1:-4>2118/4|-1:-2>-1/-1|0:-4>-1/-1|0:-3>1186/6
1757,5,587,1,587,CL,5,161.0,5,-3:2>587/4|-3:3>2063/2|-2:1>587/4|-2:3>-1/-1|-1:1>329/4|-1:2>-1/-1
1758,5,-1,0,2033,-1:-4,36,1367.0,32,-2:-3>-1/-1|-2:-2>-1/-1|-1:-4>2033/1|-1:-2>-1/-1|0:-4>2085/1|0:-3>-1/-1
1759,5,1334,2,1334,CL,44,1588.8,42,-1:6>93/5|0:5>-1/-1|1:5>1334/3
1760,8,-1,-1,597,3:-2,30,1109.1,28,1:-2>-1/-1|1:-1>-1/-1|2:-3>-1/-1|2:-1>-1/-1|3:-3>1915/2|3:-2>597/1
1761,5,715,3,715,CL,28,1037.2,26,-1:3>715/7|-1:4>-1/-1|0:2>715/5|0:4>715/3|1:2>-1/-1|1:3>-1/-1
1762,10,825,1,760,-5:0,26,963.5,25,-6:2>-1/-1|-5:0>760/1|-5:2>-1/-1|-4:0>-1/-1|-4:1>-1/-1
1763,4,-1,-1,1189,-6:6,32,1159.9,27,-7:6>1086/2|-7:8>-1/-1|-6:6>1189/4|-6:7>-1/-1
1764,7,948,3,739,-5:6,28,1034.9,26,-5:6>739/2|-5:7>739/3|-4:5>-1/-1|-4:7>948/5|-3:5>948/5|-3:6>948/5
1765,8,1860,5,1661,-4:3,17,618.1,15,-6:4>1008/1|-6:5>1860/5|-5:3>1162/1|-5:5>1860/4|-4:3>1661/3|-4:4>1661/4
1766,5,2176,2,204,-5:7,28,1039.0,25,-5:7>204/1|-5:8>2176/3|-4:6>575/2|-4:8>-1/-1|-3:6>-1/-1|-3:7>-1/-1
1767,10,186,1,557,-1:0,11,378.4,10,-1:0>557/1|-1:1>286/3|0:-1>570/2|0:1>286/6|1:-1>1800/4|1:0>286/5
1768,11,722,4,1448,1:0,21,720.3,20,1:0>1448/2|1:1>621/2|2:-1>458/3|2:1>1716/3|3:-1>2037/5|3:0>722/4
1769,6,701,3,1234,-1:1,13,443.4,12,-1:0>701/4|-1:1>1234/1|0:-1>701/4|0:1>701/6|1:-1>701/5|1:0>701/5
1770,5,2214,7,2214,CL,33,1179.1,31,-1:4>2214/8|-1:5>2214/4|0:3>2214/6|0:5>982/1|1:3>2214/4|1:4>706/1
1771,6,-1,-1,28,-2:-2,25,973.2,21,-2:-2>28/3|-2:-1>-1/-1|-1:-3>-1/-1|-1:-1>-1/-1|0:-3>-1/-1|0:-2>711/4
1772,11,2012,2,2077,-5:0,22,835.9,22,-5:-1>2012/3|-5:0>2077/3|-4:-2>547/3|-4:0>2077/2|-3:-2>753/3|-3:-1>-1/-1
1773,3,1997,1,1997,CL,34,1297.9,32,-4:5>-1/-1|-4:6>1997/3|-3:4>-1/-1|-3:6>1997/3|-2:4>-1/-1|-2:5>-1/-1
1774,9,1353,1,1404,-3:2,2,58.4,2,-3:1>1353/4|-3:2>1404/1|-2:0>1353/5|-2:2>816/1|-1:0>1857/4|-1:1>1705/3
1775,10,1715,3,1373,-6:3,24,856.5,22,-6:3>1373/2|-6:4>1373/4|-5:2>912/2|-5:4>-1/-1|-4:2>1715/3|-4:3>1988/3
1776,9,544,1,1595,-1:3,26,955.4,24,-1:3>1595/5|-1:4>-1/-1|0:2>1595/3|0:4>1789/2|1:2>-1/-1|1:3>-1/-1
1777,8,-1,-1,381,-4:0,24,911.4,24,-4:0>381/1|-4:1>576/1|-3:-1>-1/-1|-3:1>-1/-1|-2:-1>-1/-1|-2:0>-1/-1
1778,3,-1,0,492,0:-1,19,725.4,18,0:-1>492/4|0:0>492/5|1:-2>296/2|1:0>492/5|2:-2>296/2|2:-1>344/2
1779,7,1096,2,1288,-2:0,12,475.1,12,-4:0>1096/4|-4:1>-1/-1|-3:-1>1096/3|-3:1>-1/-1|-2:-1>1096/3|-2:0>1288/1
1780,5,-1,-1,455,2:-3,30,1175.6,29,2:-4>-1/-1|2:-3>455/2|3:-5>-1/-1|3:-3>930/2
1781,7,-1,-1,2251,-3:1,9,394.3,9,-4:2>362/1|-4:3>-1/-1|-3:1>2251/1|-3:3>-1/-1|-2:1>-1/-1|-2:2>-1/-1
1782,8,2184,3,639,-4:0,24,891.5,24,-5:-1>2184/5|-5:1>1984/1|-4:-1>1196/4|-4:0>639/2
1783,4,771,3,771,CL,13,476.7,13,-2:2>-1/-1|-2:3>-1/-1|-1:1>771/4|-1:3>-1/-1|0:1>771/4|0:2>-1/-1
1784,4,-1,0,1209,-5:-2,34,1274.3,33,-5:-2>1209/2|-4:-2>1571/2|-3:-3>-1/-1
1785,10,1254,4,1254,CL,31,1118.4,28,-1:4>1254/5|-1:5>2191/4|0:3>411/3|0:5>2191/3|1:3>2224/1|1:4>2191/3
1786,2,920,4,920,CL,16,608.2,13,-5:5>920/6|-5:6>920/5|-4:4>920/4|-4:6>-1/-1|-3:4>920/3|-3:5>182/2
1787,2,-1,-1,976,0:6,47,1643.8,42,0:5>-1/-1|0:6>976/1|1:4>-1/-1|2:4>-1/-1|2:5>-1/-1
1788,6,998,1,2100,-3:2,9,313.3,8,-4:3>334/2|-4:4>2024/1|-3:2>2100/6|-3:4>998/3|-2:2>2100/7|-2:3>998/6
1789,8,544,1,1776,-1:3,27,1000.9,25,-1:3>1776/6|-1:4>-1/-1|0:2>1776/4|0:4>20/1|1:2>-1/-1|1:3>-1/-1
1790,6,721,2,721,CL,20,714.2,19,0:1>721/4|0:2>1355/2|1:0>721/4|1:2>272/1|2:0>487/4|2:1>1962/2
1791,2,-1,-1,-1,-,-1,0.0,32,-2:6>-1/-1|-2:7>-1/-1|-1:5>-1/-1|0:5>1702/2|0:6>-1/-1
1792,6,1325,3,482,1:1,23,811.8,21,1:1>482/2|1:2>1428/2|2:0>1507/2|2:2>1428/4|3:0>1507/3|3:1>1325/4
1793,2,336,3,134,-5:-2,30,1148.1,30,-5:-2>134/3|-5:0>336/6|-4:-2>134/4|-4:-1>134/5
1794,6,632,4,632,CL,36,1364.2,33,-5:8>632/4|-5:9>2136/3|-4:7>632/4|-3:7>322/2
1795,8,-1,-1,1186,0:-3,25,959.4,22,-2:-3>1265/2|-2:-2>1756/2|-1:-4>2195/3|-1:-2>-1/-1|0:-4>-1/-1|0:-3>1186/6
1796,10,1928,1,1393,-4:-2,29,1103.7,28,-5:-2>1928/4|-5:0>1464/3|-4:-2>1393/4|-4:-1>1393/4
1797,11,2281,1,2290,3:-2,33,1246.1,31,3:-3>958/1|3:-2>2290/4
1798,8,587,1,1823,-3:2,4,133.3,4,-3:2>1823/3|-3:3>587/3|-2:1>2048/3|-2:3>-1/-1|-1:1>1432/3|-1:2>-1/-1
1799,7,1083,4,191,-5:3,27,982.1,25,-6:2>1083/5|-6:3>1083/4|-5:1>1083/5|-5:3>191/1|-4:1>1308/4|-4:2>1063/1
1800,11,186,1,186,CL,12,433.7,11,-1:0>186/2|-1:1>286/3|0:-1>570/2|0:1>392/5|1:-1>2066/3|1:0>392/4
1801,8,1225,2,1501,2:-1,25,965.4,24,2:-2>826/4|2:-1>1501/1|3:-3>826/4|3:-1>1904/2|4:-3>826/5
1802,9,633,1,-1,-,-1,0.0,-1,2:-5>10/2|3:-5>1559/1
1803,2,925,4,925,CL,29,1044.4,28,2:-1>925/4|2:0>-1/-1|3:-2>925/4|3:0>-1/-1
1804,6,-1,0,2271,-2:-1,20,802.5,16,-2:-2>856/1|-2:-1>2271/1|-1:-3>-1/-1|-1:-1>-1/-1|0:-3>-1/-1|0:-2>-1/-1
1805,6,1648,3,1274,-5:3,22,815.3,20,-6:2>1648/5|-6:4>1648/4|-5:2>1648/4|-5:3>1274/1
1806,3,379,5,379,CL,16,551.5,15,-1:0>379/6|-1:1>379/5|0:-1>379/6|0:1>1750/2|1:-1>379/5|1:0>1750/3
1807,5,1036,3,1036,CL,25,864.0,23,1:1>1036/4|1:2>1348/1|2:0>1036/5|2:2>424/1|3:0>1036/5|3:1>1036/4
1808,12,1053,2,333,2:-3,29,1083.2,28,2:-3>333/4|2:-2>1053/4|3:-4>1397/2|3:-2>1053/4|4:-3>906/3
1809,2,-1,-1,867,-5:4,21,734.6,19,-6:5>-1/-1|-6:6>-1/-1|-5:4>867/1|-5:6>-1/-1|-4:4>-1/-1|-4:5>-1/-1
1810,15,1501,2,1985,1:-1,24,913.7,23,1:-1>1985/4|1:0>1473/5|2:-2>1501/3|2:0>1473/4|3:-2>1904/1|3:-1>2040/2
1811,4,1592,1,2130,0:1,17,596.0,16,0:1>2130/1|0:2>797/2|1:0>1592/4|1:2>1592/4|2:0>1592/4|2:1>1592/4
1812,4,-1,-1,2284,1:-2,23,848.9,21,-1:-2>-1/-1|-1:-1>-1/-1|0:-3>-1/-1|0:-1>-1/-1|1:-3>32/1|1:-2>2284/1
1813,7,2066,3,2066,CL,14,505.6,13,-1:0>2066/3|-1:1>1849/4|0:-1>281/2|0:1>1849/5|1:-1>742/1|1:0>1849/4
1814,8,-1,-1,1500,-7:6,30,1108.6,26,-7:6>1500/1|-7:8>-1/-1|-6:6>2272/3|-6:7>-1/-1
1815,5,1025,2,1025,CL,27,968.8,25,-3:5>-1/-1|-3:6>1204/2|-2:4>-1/-1|-2:6>-1/-1|-1:4>1025/4|-1:5>-1/-1
1816,7,1439,1,899,-3:-1,25,969.0,24,-4:-2>-1/-1|-4:-1>1439/8|-3:-3>1439/5|-3:-1>899/2|-2:-3>984/3|-2:-2>1494/1
1817,4,-1,-1,2284,1:-2,23,832.0,21,-1:-2>-1/-1|-1:-1>-1/-1|0:-3>-1/-1|0:-1>-1/-1|1:-3>1812/2|1:-2>2284/1
1818,4,-1,-1,497,1:-1,20,737.2,17,-1:-1>-1/-1|-1:0>-1/-1|0:-2>-1/-1|0:0>-1/-1|1:-2>1032/1|1:-1>497/3
1819,3,2148,1,2148,CL,28,977.8,26,-3:5>-1/-1|-3:6>1204/2|-2:4>-1/-1|-2:6>-1/-1|-1:4>2148/5|-1:5>-1/-1
1820,5,-1,-1,513,-2:-2,25,962.1,22,-2:-3>1186/4|-2:-2>513/2|-1:-4>1186/5|-1:-2>-1/-1|0:-4>-1/-1|0:-3>1045/4
1821,5,2197,2,2196,-4:0,19,722.0,18,-4:-1>-1/-1|-4:0>2196/1|-3:-2>2197/5|-3:0>-1/-1|-2:-2>2197/5|-2:-1>-1/-1
1822,6,326,1,367,0:2,26,907.2,24,0:2>367/6|0:3>-1/-1|1:1>367/5|1:3>184/1|2:1>1001/4|2:2>1001/4
1823,9,587,1,342,-3:2,3,100.6,3,-3:2>342/2|-3:3>587/3|-2:1>592/2|-2:3>-1/-1|-1:1>2048/3|-1:2>-1/-1
1824,7,1449,4,1449,CL,33,1224.3,30,1:-4>1449/5|1:-3>1449/6|2:-5>-1/-1|2:-3>1449/5|3:-5>1314/2|3:-4>1694/1
1825,7,1524,3,1524,CL,10,386.1,10,-3:0>402/2|-3:1>-1/-1|-2:-1>-1/-1|-2:1>2132/4|-1:-1>-1/-1|-1:0>2132/4
1826,3,1193,3,1461,-1:-3,30,1132.3,27,-1:-3>1461/2|-1:-2>-1/-1|0:-4>-1/-1|0:-2>-1/-1|1:-4>1193/4|1:-3>1193/6
1827,11,2104,3,775,-3:4,17,650.7,16,-3:4>775/4|-3:5>2104/4|-2:3>2057/3|-2:5>-1/-1|-1:3>1333/1|-1:4>527/2
1828,5,1020,1,287,1:4,40,1452.1,38,0:5>-1/-1|0:6>874/3|1:4>287/5|2:4>1020/4|2:5>2288/1
1829,11,2087,3,2087,CL,30,1112.4,29,2:-3>2087/5|2:-2>2087/5|3:-4>1082/1|3:-2>2087/5|4:-3>352/4
1830,8,1736,4,1736,CL,7,237.4,7,-3:1>1944/3|-3:2>1736/5|-2:0>2026/1|-2:2>1736/6|-1:0>854/2|-1:1>1736/4
1831,5,360,3,360,CL,41,1438.5,37,-2:6>-1/-1|-2:7>360/4|-1:5>-1/-1|0:5>-1/-1|0:6>373/3
1832,10,1283,3,1283,CL,6,234.8,6,-3:1>294/4|-3:2>1283/4|-2:0>1017/2|-2:2>1538/5|-1:0>1089/1|-1:1>1538/3
1833,8,1637,2,2298,1:0,20,700.8,19,0:1>1637/4|0:2>1637/5|1:0>2298/1|1:2>1637/4|2:0>621/1|2:1>845/3
1834,5,1721,2,1721,CL,34,1264.9,32,-5:-2>-1/-1|-5:-1>-1/-1|-4:-3>1703/1|-4:-1>-1/-1|-3:-3>1721/4|-3:-2>-1/-1
1835,4,-1,-1,1553,2:1,26,915.2,24,2:0>678/5|2:1>1553/1|3:-1>-1/-1|3:1>952/1
1836,6,834,2,1096,-2:0,14,558.7,14,-4:0>1675/2|-4:1>-1/-1|-3:-1>169/2|-3:1>-1/-1|-2:-1>834/3|-2:0>1096/3
1837,3,-1,-1,1726,-4:-1,26,988.3,26,-5:-2>-1/-1|-5:-1>-1/-1|-4:-3>-1/-1|-4:-1>1726/2|-3:-3>-1/-1|-3:-2>-1/-1
1838,6,-1,0,1389,-5:-1,34,1247.7,32,-5:-1>1389/5|-4:-3>554/2|-4:-2>1898/5
1839,5,136,1,136,CL,1,9.7,1,-4:2>-1/-1|-4:3>-1/-1|-3:1>-1/-1|-3:3>198/3|-2:1>1404/2|-2:2>198/2
1840,7,1096,2,1288,-2:0,12,478.0,12,-4:0>1096/4|-4:1>-1/-1|-3:-1>1096/3|-3:1>-1/-1|-2:-1>1096/3|-2:0>1288/1
1841,5,268,1,268,CL,24,876.9,22,-6:2>1185/6|-6:4>268/2|-5:2>1185/5|-5:3>1185/4
1842,3,-1,-1,62,-1:5,26,937.7,24,-3:5>-1/-1|-3:6>-1/-1|-2:4>-1/-1|-2:6>-1/-1|-1:4>-1/-1|-1:5>62/1
1843,8,1704,1,1335,-3:0,18,729.3,18,-3:-1>-1/-1|-3:0>1335/4|-2:-2>8/2|-2:0>-1/-1|-1:-2>2271/2|-1:-1>-1/-1
1844,3,1425,1,1425,CL,20,764.5,19,-3:4>1425/3|-3:5>1646/2|-2:3>1425/6|-2:5>-1/-1|-1:3>1425/5|-1:4>1425/5
1845,3,-1,-1,213,-4:6,31,1149.2,28,-4:6>213/1|-4:7>1683/3|-3:5>1677/5|-3:7>1683/4|-2:5>1677/5|-2:6>-1/-1
1846,8,520,4,2033,-1:-4,36,1350.6,31,-1:-4>2033/1|-1:-3>590/1|0:-3>-1/-1|1:-5>-1/-1|1:-4>520/7
1847,8,1436,2,2160,1:1,23,802.3,21,0:2>52/3|0:3>-1/-1|1:1>2160/2|1:3>1436/3|2:1>2311/2|2:2>1174/2
1848,8,2304,2,1068,-7:8,32,1194.1,29,-7:8>1068/3|-6:7>-1/-1|-5:7>-1/-1|-5:8>377/3
1849,7,1800,2,1800,CL,13,467.8,12,-1:0>1800/3|-1:1>1410/3|0:-1>2066/3|0:1>123/4|1:-1>1813/2|1:0>123/3
1850,8,1524,3,1524,CL,10,405.7,10,-3:0>402/2|-3:1>-1/-1|-2:-1>-1/-1|-2:1>1524/4|-1:-1>-1/-1|-1:0>1825/5
1851,2,1269,3,1269,CL,27,942.6,25,-2:4>1269/7|-2:5>1269/5|-1:3>-1/-1|-1:5>1269/5|0:3>-1/-1|0:4>1269/5
1852,15,803,2,460,-4:5,18,669.4,16,-6:6>803/3|-6:7>803/5|-5:5>2005/1|-5:7>803/6|-4:5>460/1|-4:6>-1/-1
1853,6,-1,0,2080,-6:3,27,951.6,25,-6:3>2080/5|-6:4>2080/7|-5:2>18/3|-5:4>-1/-1|-4:2>1475/1|-4:3>2080/6
1854,7,785,2,1365,-5:3,21,727.3,18,-6:3>1865/5|-6:5>951/1|-5:3>1365/3|-5:4>1623/2
1855,11,803,2,460,-4:5,18,695.0,17,-6:6>803/3|-6:7>477/5|-5:5>1852/2|-5:7>477/6|-4:5>460/1|-4:6>-1/-1
1856,5,1292,4,241,-5:-1,30,1123.2,29,-5:-1>241/1|-4:-3>103/4|-4:-2>1279/3
1857,8,1353,1,1774,-2:2,3,98.6,3,-3:1>1353/4|-3:2>1059/2|-2:0>1460/4|-2:2>1774/2|-1:0>1462/3|-1:1>2275/3
1858,2,-1,-1,-1,-,-1,0.0,26,-2:-2>-1/-1|-2:-1>-1/-1|-1:-3>-1/-1|-1:-1>-1/-1|0:-3>-1/-1|0:-2>1564/1
1859,12,1511,1,1694,2:-4,35,1289.1,31,2:-4>1694/2|2:-3>-1/-1|3:-5>1115/1|3:-3>-1/-1
1860,6,2245,4,87,-4:3,17,596.3,15,-6:4>436/2|-6:5>2245/4|-5:3>1765/2|-5:5>2245/3|-4:3>87/3|-4:4>87/4
1861,4,-1,-1,113,-3:3,10,387.4,9,-5:3>-1/-1|-5:4>-1/-1|-4:2>-1/-1|-4:4>-1/-1|-3:2>-1/-1|-3:3>113/1
1862,5,599,1,240,-6:6,25,879.1,22,-7:6>-1/-1|-6:4>-1/-1|-6:6>240/3|-5:4>240/4|-5:5>240/4
1863,9,-1,-1,1170,0:-2,22,817.2,21,0:-2>1170/5|0:-1>1170/5|1:-3>1170/6|1:-1>1170/5|2:-3>48/1|2:-2>139/1
1864,9,1083,4,191,-5:3,27,969.9,24,-6:2>1083/5|-6:3>1083/4|-5:1>1083/5|-5:3>191/1|-4:1>1799/5|-4:2>1799/2
1865,5,399,1,785,-5:3,22,751.2,19,-6:3>1700/4|-6:5>1854/2|-5:3>785/4|-5:4>1854/3
1866,5,2268,5,2268,CL,28,1055.5,26,-6:7>2268/7|-6:8>2268/7|-5:6>2268/5|-5:8>389/1|-4:6>2268/4|-4:7>2239/2
1867,7,544,1,34,-1:3,25,927.2,23,-1:3>34/4|-1:4>-1/-1|0:2>34/2|0:4>1776/3|1:2>-1/-1|1:3>-1/-1
1868,7,452,1,452,CL,21,797.2,19,-6:6>1943/1|-6:7>452/5|-5:5>667/1|-5:7>452/6|-4:5>452/4|-4:6>-1/-1
1869,7,1571,2,2157,-5:-2,35,1304.3,34,-5:-2>2157/3|-4:-2>285/2|-3:-3>-1/-1
1870,7,1375,3,1375,CL,27,1011.5,25,-1:3>1375/6|-1:4>-1/-1|0:2>1375/4|0:4>1266/3|1:2>-1/-1|1:3>-1/-1
1871,5,-1,-1,-1,-,-1,0.0,-1,-7:7>-1/-1|-6:7>-1/-1|-6:8>-1/-1
1872,6,-1,-1,867,-5:4,21,707.1,18,-6:5>-1/-1|-6:6>-1/-1|-5:4>867/1|-5:6>-1/-1|-4:4>-1/-1|-4:5>-1/-1
1873,6,-1,-1,-1,-,-1,0.0,-1,1:-5>-1/-1|1:-4>-1/-1|2:-4>-1/-1|3:-6>1936/2|3:-5>-1/-1
1874,7,1624,1,2137,-4:0,23,892.7,23,-5:1>46/1|-5:2>524/3|-4:0>2137/2|-4:2>2020/5|-3:0>2020/4|-3:1>-1/-1
1875,6,399,1,2146,-5:3,22,788.6,19,-6:3>1139/3|-6:5>399/3|-5:3>2146/3|-5:4>399/3
1876,4,1993,3,341,1:3,34,1222.6,32,1:3>341/5|1:4>2306/2|2:2>1993/4|2:4>2306/3
1877,10,1353,1,1353,CL,4,149.1,4,-3:1>1151/4|-3:2>1353/2|-2:0>75/3|-2:2>2275/2|-1:0>75/3|-1:1>699/2
1878,3,2267,3,2267,CL,33,1142.0,29,2:0>-1/-1|2:1>-1/-1|3:-1>-1/-1|3:1>2267/3
1879,4,1740,1,395,-2:4,25,883.3,23,-2:4>395/5|-2:5>395/3|-1:3>-1/-1|-1:5>1141/3|0:3>-1/-1|0:4>1141/3
1880,3,1065,1,206,2:1,29,1008.6,27,2:1>206/3|2:2>-1/-1|3:0>1065/4
1881,2,1468,2,1468,CL,36,1361.8,33,2:-4>1468/3|2:-3>-1/-1|3:-5>1468/2|3:-3>-1/-1
1882,7,708,4,708,CL,12,435.3,11,-5:4>1280/5|-5:5>1280/5|-4:3>1280/5|-4:5>257/1|-3:3>708/4|-3:4>708/5
1883,10,1283,3,1283,CL,6,229.8,6,-3:1>1736/3|-3:2>1283/4|-2:0>2026/1|-2:2>1283/5|-1:0>1636/2|-1:1>1283/3
1884,6,-1,-1,1632,1:-1,18,646.3,16,-1:-1>-1/-1|-1:0>-1/-1|0:-2>-1/-1|0:0>-1/-1|1:-2>157/1|1:-1>1632/1
1885,12,2281,1,1938,3:-2,32,1237.8,31,3:-3>958/1|3:-2>1938/3
1886,5,1027,3,1027,CL,31,1177.6,29,-6:3>1027/5|-5:1>256/5|-5:2>1027/6
1887,5,623,1,459,2:-1,26,943.9,25,2:-1>459/1|2:0>-1/-1|3:-2>1352/1|3:0>-1/-1
1888,9,1065,1,1065,CL,29,1030.8,27,2:1>1065/3|2:2>-1/-1|3:0>1960/3
1889,4,-1,-1,976,0:6,47,1648.0,41,0:5>-1/-1|0:6>976/1|1:4>-1/-1|2:4>-1/-1|2:5>-1/-1
1890,7,-1,0,1394,-5:3,21,707.2,19,-6:4>137/3|-6:5>401/1|-5:3>1394/6|-5:5>1872/1|-4:3>1394/7|-4:4>1394/8
1891,4,1509,1,683,-2:7,42,1472.8,38,-2:6>-1/-1|-2:7>683/5|-1:5>-1/-1|0:5>-1/-1|0:6>1983/1
1892,8,770,4,1890,-5:4,22,747.8,19,-7:6>-1/-1|-6:4>-1/-1|-6:6>810/2|-5:4>1890/1|-5:5>433/1
1893,4,-1,-1,2112,0:1,19,667.9,18,0:0>-1/-1|0:1>2112/3|1:-1>-1/-1|1:1>1833/1|2:-1>-1/-1|2:0>1448/1
1894,9,1297,1,1961,-5:6,25,928.4,22,-6:7>1544/4|-6:8>1544/4|-5:6>1961/1|-5:8>702/5|-4:6>1297/2|-4:7>702/3
1895,6,1640,5,1640,CL,38,1419.8,37,-5:-2>1640/6|-4:-2>1640/5|-3:-3>-1/-1
1896,3,-1,-1,534,2:0,25,880.1,24,2:-1>2156/1|2:0>534/1|3:-2>-1/-1|3:0>-1/-1
1897,9,1432,3,2048,-3:2,4,165.1,4,-3:2>2048/3|-3:3>1432/4|-2:1>223/1|-2:3>-1/-1|-1:1>1485/1|-1:2>-1/-1
1898,9,1838,1,819,-5:-1,33,1228.6,31,-5:-1>819/4|-4:-3>697/2|-4:-2>408/4
1899,5,2007,1,-1,-,-1,0.0,30,-2:5>-1/-1|-2:6>-1/-1|-1:4>-1/-1|-1:6>-1/-1|0:4>-1/-1|0:5>870/1
1900,1,1662,4,1662,CL,33,1232.8,32,-4:-3>-1/-1|-4:-2>1662/3|-3:-2>1662/4|-2:-3>1662/5
1901,8,633,1,-1,-,-1,0.0,-1,2:-5>633/3|3:-5>827/2
1902,7,121,2,1518,0:-3,33,1208.8,29,0:-4>121/2|0:-3>1518/3|1:-5>-1/-1|1:-3>1518/4|2:-5>363/3|2:-4>363/5
1903,4,1730,4,1730,CL,10,360.1,10,-2:1>-1/-1|-2:2>1730/5|-1:0>-1/-1|-1:2>1730/3|0:0>1198/3|0:1>-1/-1
1904,14,1225,2,456,2:-1,25,973.3,24,2:-2>1225/5|2:-1>456/1|3:-3>1225/5|3:-1>623/1|4:-3>1225/6
1905,6,1688,3,1451,-1:3,22,804.4,20,-1:2>-1/-1|-1:3>1451/1|0:1>-1/-1|0:3>1685/2|1:1>1688/6|1:2>1685/4
1906,6,-1,0,652,-3:-2,32,1253.9,31,-3:-3>418/2|-3:-2>652/6|-2:-2>-1/-1|-1:-4>-1/-1|-1:-3>-1/-1
1907,7,636,1,636,CL,31,1195.4,29,-6:8>1550/5|-5:7>636/3|-5:9>207/2|-4:7>197/2|-4:8>493/1
1908,8,833,2,1305,2:4,41,1484.3,39,1:5>799/1|2:4>1305/1
1909,6,-1,0,238,-2:1,7,307.9,7,-4:1>-1/-1|-4:2>1488/4|-3:0>1724/2|-3:2>1488/4|-2:0>-1/-1|-2:1>238/4
1910,8,667,1,889,-6:5,20,771.7,18,-6:5>889/5|-6:6>495/1|-5:4>-1/-1|-5:6>1868/1|-4:4>-1/-1|-4:5>889/3
1911,3,131,4,1152,-2:0,10,351.8,9,-2:0>1152/1|-2:1>131/4|-1:-1>189/1|-1:1>131/5|0:-1>131/6|0:0>131/5
1912,4,1344,1,1344,CL,27,1024.1,27,-5:-1>735/1|-5:1>1344/4|-4:-1>1344/5|-4:0>1344/5
1913,6,-1,-1,2297,-3:-1,24,939.3,23,-3:-2>899/1|-3:-1>2297/1|-2:-3>-1/-1|-2:-1>-1/-1|-1:-3>-1/-1|-1:-2>-1/-1
1914,8,531,1,2126,1:4,38,1363.0,36,1:4>2126/2|1:5>2126/4|2:3>2126/3|2:5>2126/5
1915,11,-1,-1,1188,3:-3,29,1118.0,28,1:-2>-1/-1|1:-1>-1/-1|2:-3>-1/-1|2:-1>-1/-1|3:-3>1188/1|3:-2>597/1
1916,4,1700,2,1700,CL,23,830.5,20,-6:3>1700/4|-6:5>1142/4|-5:3>1700/5|-5:4>1700/4
1917,4,943,3,943,CL,27,1040.5,26,1:-3>993/3|1:-2>943/4|2:-4>2179/2|2:-2>943/5|3:-4>217/2|3:-3>943/5
1918,5,2046,2,520,-1:-4,38,1439.5,33,-1:-4>520/3|-1:-3>520/3|0:-3>-1/-1|1:-5>-1/-1|1:-4>1605/5
1919,8,891,1,828,-1:0,13,467.3,13,-1:-1>-1/-1|-1:0>828/1|0:-2>-1/-1|0:0>1306/2|1:-2>-1/-1|1:-1>-1/-1
1920,11,506,1,279,-5:6,24,888.1,22,-7:7>-1/-1|-7:8>1066/5|-6:6>116/1|-6:8>1066/4|-5:6>279/1|-5:7>1066/5
1921,9,1179,1,2283,1:-3,30,1103.0,26,-1:-3>2293/5|-1:-2>-1/-1|0:-4>-1/-1|0:-2>-1/-1|1:-4>2067/1|1:-3>2283/3
1922,4,-1,-1,1450,-1:4,25,894.1,23,-2:5>1542/2|-2:6>1542/4|-1:4>1450/1|-1:6>1542/6|0:4>1067/5|0:5>1067/5
1923,3,348,1,1688,-1:3,24,885.8,20,-1:2>-1/-1|-1:3>1688/3|0:1>-1/-1|0:3>1688/3|1:1>348/5|1:2>883/5
1924,5,658,2,1006,-1:2,16,554.8,15,-1:1>-1/-1|-1:2>1006/5|0:0>1006/4|0:2>-1/-1|1:0>924/1|1:1>194/1
1925,4,-1,-1,967,-4:-1,25,952.2,25,-5:-2>-1/-1|-5:-1>-1/-1|-4:-3>-1/-1|-4:-1>967/1|-3:-3>-1/-1|-3:-2>-1/-1
1926,3,326,1,326,CL,26,940.5,24,0:2>326/6|0:3>-1/-1|1:1>326/5|1:3>184/1|2:1>326/4|2:2>326/4
1927,3,4,2,1437,-1:2,13,444.1,12,-1:1>-1/-1|-1:2>1437/2|0:0>387/3|0:2>-1/-1|1:0>4/4|1:1>4/3
1928,10,-1,0,2162,-5:0,28,1092.6,28,-5:-2>857/3|-5:0>2162/3|-4:-2>1393/4|-4:-1>2162/3
1929,9,1366,2,1366,CL,43,1534.7,41,-1:6>1334/5|0:5>-1/-1|1:5>1366/2
1930,12,1985,2,187,1:-1,23,884.6,22,1:-1>187/3|1:0>1570/5|2:-2>1985/3|2:0>1570/4|3:-2>1810/2|3:-1>21/3
1931,6,-1,-1,1050,-2:5,32,1161.9,30,-4:6>1222/2|-4:7>1969/3|-3:5>1041/3|-3:7>1969/4|-2:5>1050/3|-2:6>-1/-1
1932,7,1928,1,150,-4:-1,28,1086.8,28,-5:-2>857/3|-5:0>1393/4|-4:-2>857/4|-4:-1>150/3
1933,10,-1,-1,609,-2:-2,23,892.6,19,-2:-2>609/1|-2:-1>-1/-1|-1:-3>-1/-1|-1:-1>-1/-1|0:-3>-1/-1|0:-2>910/5
1934,5,869,2,1552,-2:-1,17,619.6,16,-2:-2>869/3|-2:-1>1552/1|-1:-3>-1/-1|-1:-1>-1/-1|0:-3>-1/-1|0:-2>-1/-1
1935,9,-1,-1,2127,-1:-1,16,573.1,15,-3:-1>-1/-1|-3:0>-1/-1|-2:-2>-1/-1|-2:0>-1/-1|-1:-2>1695/1|-1:-1>2127/3
1936,8,-1,-1,-1,-,-1,0.0,-1,1:-5>-1/-1|1:-4>-1/-1|2:-4>-1/-1|3:-6>10/1|3:-5>-1/-1
1937,3,24,1,2223,-5:6,29,1085.5,27,-5:6>2223/4|-5:7>24/3|-4:5>-1/-1|-4:7>24/3|-3:5>994/3|-3:6>24/3
1938,10,2281,1,106,3:-2,31,1189.9,30,3:-3>1652/1|3:-2>106/2
1939,7,1524,3,1524,CL,10,367.5,10,-3:0>1850/3|-3:1>-1/-1|-2:-1>-1/-1|-2:1>2132/4|-1:-1>-1/-1|-1:0>2132/4
1940,8,-1,-1,2308,1:-1,21,774.4,19,0:-2>2284/2|0:-1>935/1|1:-3>1431/4|1:-1>2308/4|2:-3>1431/5|2:-2>88/4
1941,6,1740,1,395,-2:4,25,901.1,23,-2:4>395/5|-2:5>395/3|-1:3>-1/-1|-1:5>1743/2|0:3>-1/-1|0:4>2095/2
1942,5,122,4,122,CL,35,1293.6,33,0:4>122/3|0:5>122/4|1:3>-1/-1|1:5>122/6|2:3>872/3|2:4>1094/2
1943,8,-1,-1,667,-5:5,22,808.1,19,-7:6>-1/-1|-7:7>-1/-1|-6:5>-1/-1|-6:7>-1/-1|-5:5>667/1|-5:6>1868/1
1944,6,382,3,382,CL,6,232.8,6,-3:1>419/2|-3:2>382/4|-2:0>12/1|-2:2>382/5|-1:0>1830/3|-1:1>1736/4
1945,6,2304,2,412,-7:8,32,1179.6,29,-7:8>412/3|-6:7>-1/-1|-5:7>-1/-1|-5:8>2304/4
1946,6,1596,5,2054,-3:6,34,1196.4,31,-4:7>1596/6|-4:8>1596/6|-3:6>2054/1|-2:6>1257/2|-2:7>1596/5
1947,7,451,2,2133,-1:-2,28,1083.9,24,-1:-2>2133/1|-1:-1>-1/-1|0:-3>-1/-1|0:-1>451/4|1:-3>-1/-1|1:-2>-1/-1
1948,3,-1,-1,455,2:-3,30,1160.4,29,2:-4>-1/-1|2:-3>455/2|3:-5>-1/-1|3:-3>475/3
1949,4,1027,3,1027,CL,31,1204.8,29,-6:3>1027/5|-5:1>256/5|-5:2>1027/6
1950,6,627,1,2188,0:0,18,639.7,17,0:0>2188/2|0:1>627/3|1:-1>1015/3|1:1>-1/-1|2:-1>571/3|2:0>571/4
1951,8,2177,2,2177,CL,9,362.9,9,-3:0>1825/3|-3:1>-1/-1|-2:-1>-1/-1|-2:1>99/3|-1:-1>-1/-1|-1:0>99/3
1952,4,2205,4,1451,-1:3,22,815.9,21,-1:3>1451/1|-1:4>-1/-1|0:2>1685/1|0:4>2205/6|1:2>-1/-1|1:3>-1/-1
1953,6,1020,1,1020,CL,41,1475.4,39,0:5>-1/-1|0:6>1020/5|1:4>1020/6|2:4>215/3|2:5>2288/1
1954,4,762,5,166,-2:2,13,482.8,12,-3:3>762/3|-3:4>762/3|-2:2>166/2|-2:4>762/4|-1:2>1021/2|-1:3>762/5
1955,9,607,3,607,CL,34,1251.8,30,0:-4>1597/3|0:-3>607/4|1:-5>-1/-1|1:-3>607/5|2:-5>2161/2|2:-4>2161/3
1956,5,1151,2,1151,CL,5,176.0,5,-3:1>419/2|-3:2>1151/3|-2:0>1736/2|-2:2>1151/4|-1:0>1283/3|-1:1>1151/3
1957,2,674,2,533,-2:3,18,689.2,17,-2:3>533/2|-2:4>533/3|-1:2>-1/-1|-1:4>533/4|0:2>674/4|0:3>674/5
1958,5,1083,4,191,-5:3,27,981.0,25,-6:2>1083/5|-6:3>1083/4|-5:1>1083/5|-5:3>191/1|-4:1>1799/5|-4:2>1799/2
1959,10,1704,1,1335,-3:0,18,721.1,18,-3:-1>-1/-1|-3:0>1335/4|-2:-2>1680/1|-2:0>-1/-1|-1:-2>8/3|-1:-1>-1/-1
1960,9,1620,2,1620,CL,29,1020.3,27,2:1>1620/3|2:2>-1/-1|3:0>111/2
1961,5,784,5,784,CL,24,903.6,22,-6:6>784/6|-6:7>784/3|-5:5>784/6|-5:7>2113/1|-4:5>784/7|-4:6>-1/-1
1962,7,487,3,487,CL,21,718.9,20,0:1>487/5|0:2>1790/3|1:0>790/4|1:2>272/1|2:0>790/3|2:1>549/1
1963,7,1179,1,2293,1:-3,31,1140.8,27,-1:-3>2171/4|-1:-2>-1/-1|0:-4>-1/-1|0:-2>-1/-1|1:-4>26/2|1:-3>2293/4
1964,4,449,1,1671,1:2,28,984.8,26,1:2>1671/4|1:3>1717/4|2:1>1671/4|2:3>1717/4|3:1>-1/-1
1965,6,514,2,514,CL,28,1044.7,25,-6:2>514/3|-6:3>514/3|-5:1>338/2|-5:3>1322/4|-4:1>1322/7|-4:2>1322/4
1966,8,900,3,846,2:4,40,1436.2,38,0:5>-1/-1|0:6>900/6|1:4>900/7|2:4>846/1|2:5>1350/1
1967,6,2304,2,1727,-7:8,32,1198.7,29,-7:8>1727/3|-6:7>-1/-1|-5:7>-1/-1|-5:8>2304/4
1968,4,709,4,709,CL,10,361.1,10,-2:1>-1/-1|-2:2>709/5|-1:0>-1/-1|-1:2>709/3|0:0>1708/3|0:1>-1/-1
1969,5,-1,-1,1931,-3:5,33,1205.7,30,-4:6>1683/3|-4:7>956/2|-3:5>1931/4|-3:7>1548/3|-2:5>1931/4|-2:6>-1/-1
1970,7,1572,5,1572,CL,11,395.7,11,-2:1>-1/-1|-2:2>1572/6|-1:0>-1/-1|-1:2>1572/4|0:0>1769/1|0:1>-1/-1
1971,2,1631,1,115,-4:0,21,792.7,20,-4:-1>-1/-1|-4:0>115/3|-3:-2>1631/4|-3:0>-1/-1|-2:-2>1631/4|-2:-1>-1/-1
1972,9,1366,2,1696,1:5,43,1544.0,41,-1:6>1366/5|0:5>-1/-1|1:5>1696/2
1973,4,-1,-1,550,-1:5,30,1073.0,28,-2:6>1013/2|-2:7>-1/-1|-1:5>550/1|0:5>-1/-1|0:6>-1/-1
1974,4,1190,2,1455,-3:-3,32,1207.6,30,-5:-2>-1/-1|-5:-1>-1/-1|-4:-3>1721/3|-4:-1>-1/-1|-3:-3>1455/2|-3:-2>-1/-1
1975,4,2126,3,2126,CL,38,1369.6,36,1:4>1653/2|1:5>846/2|2:3>2126/3|2:5>846/3
1976,5,1074,1,1074,CL,31,1145.2,27,-7:7>992/4|-6:5>-1/-1|-6:6>1074/4
1977,6,423,2,149,-3:6,36,1276.1,33,-4:7>267/5|-4:8>423/3|-3:6>149/4|-2:6>149/3|-2:7>1328/2
1978,1,-1,-1,-1,-,-1,0.0,-1,-3:7>-1/-1|-2:6>-1/-1|-1:6>-1/-1
1979,5,112,1,427,-3:-2,30,1114.4,29,-4:-3>-1/-1|-4:-2>454/2|-3:-2>427/1|-2:-3>2143/7
1980,5,1875,2,2261,-5:3,22,799.2,20,-6:3>1663/2|-6:5>1875/4|-5:3>2261/3|-5:4>1875/4
1981,6,373,3,566,-2:7,41,1472.9,37,-2:6>-1/-1|-2:7>566/4|-1:5>-1/-1|0:5>-1/-1|0:6>349/3
1982,11,2183,3,1290,1:-2,27,992.4,24,0:-3>420/2|0:-2>98/2|1:-4>975/2|1:-2>1290/4|2:-4>-1/-1|2:-3>2183/4
1983,4,1547,3,1891,-1:6,43,1505.2,38,-1:6>1891/1|0:5>-1/-1|1:5>1547/4
1984,4,1762,2,1782,-5:0,25,928.7,24,-6:2>-1/-1|-5:0>1782/1|-5:2>-1/-1|-4:0>-1/-1|-4:1>-1/-1
1985,13,1052,1,187,1:-1,23,882.6,22,1:-1>187/3|1:0>1570/5|2:-2>1052/2|2:0>1570/4|3:-2>1501/2|3:-1>359/3
1986,3,1434,3,1434,CL,33,1255.7,31,-6:8>71/2|-5:7>1434/5|-5:9>2096/2|-4:7>1434/4|-4:8>1434/4
1987,8,370,4,2196,-3:-1,19,713.1,19,-5:0>370/5|-5:1>-1/-1|-4:-1>888/2|-4:1>663/4|-3:-1>2196/2|-3:0>2196/3
1988,5,1775,4,1682,-6:3,25,898.8,23,-6:3>1682/3|-6:4>1682/5|-5:2>1775/3|-5:4>-1/-1|-4:2>1775/4|-4:3>47/2
1989,7,1713,1,1713,CL,26,924.2,24,0:-3>1290/3|0:-2>297/3|1:-4>2183/4|1:-2>1713/2|2:-4>-1/-1|2:-3>1713/2
1990,7,-1,-1,1746,-1:4,28,991.9,26,-2:5>1403/2|-2:6>655/1|-1:4>1746/4|-1:6>909/2|0:4>1746/7|0:5>1746/7
1991,9,583,5,270,-2:6,34,1187.6,31,-4:7>583/7|-4:8>583/6|-3:6>1711/3|-2:6>270/1|-2:7>583/5
1992,4,353,3,353,CL,10,358.9,9,-4:3>353/6|-4:4>353/3|-3:2>353/7|-3:4>987/1|-2:2>353/8|-2:3>309/2
1993,4,1639,2,1612,1:3,34,1212.4,32,1:3>1612/5|1:4>1876/3|2:2>1639/3|2:4>1876/4
1994,6,1085,1,726,-2:5,32,1129.5,30,-3:6>2054/1|-3:7>1535/2|-2:5>726/4|-2:7>1085/6|-1:5>726/5|-1:6>1085/6
1995,6,-1,0,1282,-2:6,36,1264.6,33,-3:7>1573/3|-2:6>1282/3|-1:6>1284/3
1996,10,1704,1,971,-3:0,17,688.1,17,-3:-1>-1/-1|-3:0>971/3|-2:-2>2034/2|-2:0>-1/-1|-1:-2>8/3|-1:-1>-1/-1
1997,6,-1,0,1413,-4:6,33,1272.4,31,-4:5>-1/-1|-4:6>1413/2|-3:4>-1/-1|-3:6>1465/2|-2:4>-1/-1|-2:5>-1/-1
1998,6,-1,-1,1502,-1:3,20,715.3,18,-2:4>2090/2|-2:5>-1/-1|-1:3>1502/1|-1:5>-1/-1|0:3>-1/-1|0:4>-1/-1
1999,5,783,3,783,CL,11,375.9,9,-5:4>1107/3|-5:5>1107/4|-4:3>1107/3|-4:5>1649/4|-3:3>783/2|-3:4>783/4
2000,6,-1,-1,-1,-,-1,0.0,-1,1:-5>-1/-1|1:-4>-1/-1|2:-4>-1/-1|3:-6>1936/2|3:-5>-1/-1
2001,9,1393,2,1166,-4:-2,27,1025.1,27,-5:-2>150/3|-5:0>735/2|-4:-2>1166/3|-4:-1>1166/2
2002,10,1118,3,1537,-4:-1,26,969.7,25,-5:-2>1118/3|-5:0>1738/4|-4:-2>890/2|-4:-1>1537/1
2003,11,1074,1,1238,-6:6,29,1066.9,25,-7:7>2246/2|-6:5>-1/-1|-6:6>1238/2
2004,8,1432,3,2048,-3:2,4,164.9,4,-3:2>2048/3|-3:3>1432/4|-2:1>1530/2|-2:3>-1/-1|-1:1>2138/2|-1:2>-1/-1
2005,9,889,3,606,-4:5,18,697.1,17,-6:5>889/5|-6:6>889/3|-5:4>-1/-1|-5:6>539/1|-4:4>-1/-1|-4:5>606/1
2006,4,2053,1,120,0:5,35,1263.5,33,0:4>2053/3|0:5>120/1|1:3>-1/-1|1:5>2083/1|2:3>2053/8|2:4>2053/7
2007,6,-1,0,-1,-,-1,0.0,29,-2:5>-1/-1|-2:6>-1/-1|-1:4>-1/-1|-1:6>-1/-1|0:4>-1/-1|0:5>870/1
2008,9,667,1,889,-6:5,20,758.7,18,-6:5>889/5|-6:6>1943/1|-5:4>-1/-1|-5:6>1868/1|-4:4>-1/-1|-4:5>889/3
2009,2,831,4,831,CL,4,147.4,4,-4:2>-1/-1|-4:3>-1/-1|-3:1>-1/-1|-3:3>831/2|-2:1>831/5|-2:2>831/4
2010,6,1847,3,2160,1:1,23,775.9,21,0:2>52/3|0:3>-1/-1|1:1>2160/2|1:3>1847/4|2:1>2311/2|2:2>648/3
2011,3,763,3,763,CL,33,1260.5,29,-2:-3>-1/-1|-1:-3>2194/4|0:-4>2194/3
2012,9,2102,1,1772,-5:0,23,883.8,23,-5:-1>2102/2|-5:0>1772/4|-4:-2>2185/2|-4:0>1772/3|-3:-2>547/3|-3:-1>-1/-1
2013,11,1741,1,1741,CL,10,375.1,9,-4:4>945/1|-4:5>72/2|-3:3>280/2|-3:5>-1/-1|-2:3>1351/4|-2:4>-1/-1
2014,10,333,2,333,CL,29,1104.2,28,2:-3>333/4|2:-2>333/5|3:-4>1082/1|3:-2>333/5|4:-3>352/4
2015,11,2183,3,1290,1:-2,27,989.8,24,0:-3>420/2|0:-2>98/2|1:-4>975/2|1:-2>1290/4|2:-4>-1/-1|2:-3>2183/4
2016,14,1290,3,1290,CL,27,992.7,23,0:-3>686/1|0:-2>1670/1|1:-4>1982/3|1:-2>1290/4|2:-4>-1/-1|2:-3>1290/4
2017,8,240,3,810,-5:4,24,824.5,21,-7:6>-1/-1|-6:4>-1/-1|-6:6>2142/1|-5:4>810/3|-5:5>810/3
2018,6,2077,4,2289,-4:0,22,830.0,22,-5:-1>2077/5|-5:0>1745/1|-4:-2>680/5|-4:0>2289/2|-3:-2>2077/4|-3:-1>-1/-1
2019,8,1325,3,1792,1:1,24,859.7,22,1:1>1792/3|1:2>1792/3|2:0>2164/1|2:2>1325/5|3:0>2252/2|3:1>1325/4
2020,6,1874,2,2137,-5:1,23,900.3,23,-5:1>2137/2|-5:2>524/3|-4:0>2137/2|-4:2>444/4|-3:0>444/3|-3:1>-1/-1
2021,4,136,1,136,CL,1,30.9,1,-4:2>-1/-1|-4:3>-1/-1|-3:1>-1/-1|-3:3>1271/3|-2:1>875/2|-2:2>1839/3
2022,5,123,4,123,CL,15,504.7,14,-1:0>123/5|-1:1>123/4|0:-1>123/5|0:1>295/2|1:-1>123/4|1:0>86/1
2023,3,2182,3,2182,CL,19,711.6,18,-3:4>2182/5|-3:5>2182/4|-2:3>2182/5|-2:5>-1/-1|-1:3>2182/4|-1:4>1470/1
2024,6,913,2,1788,-3:3,10,328.0,8,-5:4>783/5|-5:5>783/5|-4:3>783/5|-4:5>783/5|-3:3>1788/1|-3:4>913/3
2025,4,631,3,1203,1:2,29,1018.1,26,0:3>-1/-1|0:4>1117/2|1:2>1203/3|1:4>2300/3|2:2>1203/4|2:3>631/3
2026,10,1476,4,854,-2:1,8,255.3,7,-3:0>1476/6|-3:1>-1/-1|-2:-1>-1/-1|-2:1>854/1|-1:-1>-1/-1|-1:0>261/1
2027,7,-1,-1,1746,-1:4,28,996.8,26,-2:5>25/2|-2:6>655/1|-1:4>1746/4|-1:6>909/2|0:4>1746/7|0:5>1746/7
2028,7,884,3,884,CL,27,985.2,24,-7:6>275/1|-7:7>-1/-1|-6:5>884/4|-6:7>-1/-1|-5:5>884/5|-5:6>-1/-1
2029,5,300,2,189,-1:0,12,429.2,11,-2:-1>300/3|-2:0>-1/-1|-1:-2>-1/-1|-1:0>189/2|0:-2>-1/-1|0:-1>-1/-1
2030,9,1242,5,1213,-3:-2,27,1077.1,26,-3:-3>1242/4|-3:-2>1213/1|-2:-2>-1/-1|-1:-4>-1/-1|-1:-3>-1/-1
2031,9,69,2,103,-5:-1,32,1189.0,30,-5:-1>103/3|-4:-3>1389/3|-4:-2>103/3
2032,5,-1,-1,-1,-,-1,0.0,-1,1:5>-1/-1|2:4>-1/-1
2033,4,729,5,729,CL,35,1321.1,31,-2:-3>-1/-1|-1:-3>590/1|0:-4>1846/1
2034,9,1704,1,1335,-3:0,18,732.5,18,-3:-1>-1/-1|-3:0>1335/4|-2:-2>1680/1|-2:0>-1/-1|-1:-2>8/3|-1:-1>-1/-1
2035,5,938,5,938,CL,38,1403.6,37,-5:-2>938/6|-4:-2>938/5|-3:-3>-1/-1
2036,7,1040,6,1040,CL,28,1063.2,26,-6:7>1040/3|-6:8>308/1|-5:6>1040/5|-5:8>959/1|-4:6>1040/7|-4:7>1040/8
2037,11,2149,3,1448,1:0,21,745.0,20,1:0>1448/2|1:1>1448/2|2:-1>458/3|2:1>1716/3|3:-1>2149/4|3:0>722/4
2038,4,-1,-1,1558,-7:6,32,1145.4,29,-7:6>1558/7|-7:8>-1/-1|-6:6>1558/4|-6:7>-1/-1
2039,4,1087,3,1703,-4:-2,36,1340.6,34,-5:-2>1087/5|-4:-2>1703/2|-3:-3>-1/-1
2040,14,1501,2,918,1:0,25,911.9,24,1:-1>359/5|1:0>918/5|2:-2>1501/3|2:0>918/4|3:-2>1904/1|3:-1>623/1
2041,10,153,3,1299,-4:-1,26,970.4,25,-5:-2>1738/4|-5:0>153/3|-4:-2>890/2|-4:-1>1299/1
2042,7,1235,4,911,-4:8,35,1338.3,33,-4:7>434/2|-4:8>911/1|-3:6>1235/5|-2:6>1235/6|-2:7>1235/5
2043,5,452,1,803,-4:5,20,744.9,18,-6:6>452/2|-6:7>904/3|-5:5>452/2|-5:7>904/4|-4:5>803/3|-4:6>-1/-1
2044,3,1015,3,1015,CL,20,711.4,16,0:0>1015/4|0:1>1015/4|1:-1>734/1|1:1>-1/-1|2:-1>1015/4|2:0>1015/5
2045,4,1975,4,1975,CL,39,1408.6,37,1:4>1975/3|1:5>1966/1|2:3>1975/4|2:5>846/3
2046,6,171,1,171,CL,38,1393.6,34,-1:-4>97/4|-1:-3>97/3|0:-3>-1/-1|1:-5>-1/-1|1:-4>171/4
2047,9,2089,2,2089,CL,29,1047.1,27,-1:4>2089/3|-1:5>1254/6|0:3>986/1|0:5>1254/5|1:3>411/2|1:4>1254/5
2048,9,1798,2,764,-3:2,3,121.3,3,-3:2>764/2|-3:3>1798/4|-2:1>2/2|-2:3>-1/-1|-1:1>1897/2|-1:2>-1/-1
2049,0,-1,-1,-1,-,-1,0.0,-1,-7:7>-1/-1|-6:5>-1/-1|-6:6>-1/-1
2050,2,209,1,781,-5:8,38,1483.3,36,-5:8>781/6|-4:8>781/7
2051,7,1179,1,2293,1:-3,31,1136.9,27,-1:-3>2171/4|-1:-2>-1/-1|0:-4>-1/-1|0:-2>-1/-1|1:-4>26/2|1:-3>2293/4
2052,1,-1,-1,-1,-,-1,0.0,-1,2:-5>-1/-1|2:-4>-1/-1|3:-6>-1/-1|3:-4>-1/-1
2053,5,-1,0,1210,0:5,34,1241.1,32,0:4>706/2|0:5>1210/1|1:3>-1/-1|1:5>2006/2|2:3>2141/7|2:4>2141/6
2054,7,535,1,1994,-2:6,33,1151.8,30,-4:6>-1/-1|-4:7>-1/-1|-3:5>-1/-1|-3:7>1946/1|-2:5>-1/-1|-2:6>1994/1
2055,12,1467,3,2077,-4:0,22,827.8,22,-5:-1>1467/4|-5:0>680/3|-4:-2>1467/3|-4:0>2077/2|-3:-2>753/3|-3:-1>-1/-1
2056,11,533,3,1442,-2:3,16,584.6,15,-2:3>1442/1|-2:4>156/1|-1:2>-1/-1|-1:4>1333/3|0:2>741/5|0:3>741/6
2057,9,2104,3,225,-2:3,17,631.5,15,-3:4>775/4|-3:5>2104/4|-2:3>225/2|-2:5>-1/-1|-1:3>1333/1|-1:4>1827/3
2058,6,1284,2,2234,-2:6,34,1256.5,32,-3:7>1282/4|-2:6>2234/2|-1:6>2234/2
2059,1,-1,-1,550,-2:5,30,1064.1,28,-2:5>550/4|-2:6>550/3|-1:4>550/6|-1:6>550/2|0:4>550/9|0:5>550/9
2060,9,933,3,779,1:-1,21,816.6,20,1:-2>1863/1|1:-1>779/2|2:-3>139/2|2:-1>779/4|3:-3>-1/-1|3:-2>-1/-1
2061,4,1006,2,1006,CL,16,555.3,15,-1:1>-1/-1|-1:2>1006/5|0:0>472/2|0:2>-1/-1|1:0>472/2|1:1>1006/2
2062,10,1772,3,888,-4:0,21,788.2,21,-5:-1>1772/4|-5:0>2077/3|-4:-2>2187/4|-4:0>888/1|-3:-2>2187/3|-3:-1>-1/-1
2063,4,587,1,587,CL,5,180.4,5,-3:2>587/4|-3:3>38/1|-2:1>587/4|-2:3>-1/-1|-1:1>329/4|-1:2>-1/-1
2064,11,1741,1,383,-3:3,9,330.4,8,-4:4>178/1|-4:5>289/3|-3:3>383/1|-3:5>-1/-1|-2:3>987/3|-2:4>-1/-1
2065,9,1641,2,525,1:1,24,844.9,23,1:0>1641/4|1:1>525/4|2:-1>1641/3|2:1>1206/3|3:-1>1641/3|3:0>1145/1
2066,6,570,2,570,CL,13,476.4,12,-1:0>570/2|-1:1>1800/4|0:-1>281/2|0:1>1849/5|1:-1>1813/2|1:0>1849/4
2067,9,650,2,1200,1:-3,30,1115.0,27,0:-4>650/3|0:-3>26/1|1:-5>-1/-1|1:-3>1200/1|2:-5>0/5|2:-4>0/7
2068,4,89,3,758,2:1,31,1076.4,28,2:1>758/5|2:2>-1/-1|3:0>2180/1
2069,11,507,5,381,-4:0,24,902.0,23,-5:1>507/5|-5:2>507/6|-4:0>381/1|-4:2>507/4|-3:0>84/1|-3:1>-1/-1
2070,4,173,3,167,1:-3,29,1067.8,25,-1:-3>173/6|-1:-2>-1/-1|0:-4>-1/-1|0:-2>-1/-1|1:-4>173/3|1:-3>167/1
2071,5,-1,0,4,-1:2,15,517.6,14,-1:1>-1/-1|-1:2>4/4|0:0>1006/4|0:2>-1/-1|1:0>658/2|1:1>693/1
2072,10,506,1,279,-5:6,24,888.0,22,-7:7>-1/-1|-7:8>2310/5|-6:6>116/1|-6:8>506/5|-5:6>279/1|-5:7>506/6
2073,5,2102,1,2012,-5:0,24,926.8,24,-5:-1>2041/1|-5:0>2012/5|-4:-2>2102/3|-4:0>2012/4|-3:-2>2012/4|-3:-1>-1/-1
2074,2,968,3,1525,-2:1,6,243.5,6,-4:1>-1/-1|-4:2>968/5|-3:0>968/4|-3:2>968/5|-2:0>-1/-1|-2:1>1525/3
2075,6,-1,-1,1079,-4:1,27,1045.1,27,-6:2>1651/2|-5:0>-1/-1|-5:2>384/2|-4:0>-1/-1|-4:1>1079/4
2076,2,1131,7,1309,-4:1,26,1008.7,26,-6:2>1131/8|-6:3>1131/7|-5:1>1131/8|-5:3>1131/4|-4:1>1309/1|-4:2>1131/2
2077,12,1772,3,1095,-4:0,21,799.6,21,-5:-1>1772/4|-5:0>2018/2|-4:-2>1772/4|-4:0>1095/1|-3:-2>2187/3|-3:-1>-1/-1
2078,4,1544,3,1544,CL,25,944.5,23,-6:7>2107/2|-6:8>263/2|-5:6>1544/2|-5:8>263/4|-4:6>1544/4|-4:7>839/5
2079,5,259,3,259,CL,26,957.8,24,-6:2>855/6|-6:4>259/4|-5:2>855/5|-5:3>855/5
2080,10,1853,1,1715,-6:3,26,914.4,24,-6:3>1715/4|-6:4>1715/6|-5:2>1443/2|-5:4>-1/-1|-4:2>1475/1|-4:3>1715/5
2081,11,2104,3,225,-2:3,17,632.6,15,-3:4>775/4|-3:5>2104/4|-2:3>225/2|-2:5>-1/-1|-1:3>1333/1|-1:4>1827/3
2082,1,-1,-1,-1,-,-1,0.0,-1,3:-3>-1/-1|3:-2>-1/-1
2083,3,141,4,2006,1:4,36,1283.9,34,0:5>-1/-1|0:6>141/6|1:4>2006/1|2:4>141/6|2:5>141/5
2084,4,2174,2,2174,CL,12,452.2,12,-2:2>-1/-1|-2:3>-1/-1|-1:1>2174/3|-1:3>-1/-1|0:1>2174/3|0:2>-1/-1
2085,7,97,3,1846,-1:-4,37,1376.2,32,-1:-4>1846/2|-1:-3>590/1|0:-3>-1/-1|1:-5>-1/-1|1:-4>97/6
2086,4,2221,2,2221,CL,27,1057.6,26,-4:-2>-1/-1|-4:-1>129/6|-3:-3>129/3|-3:-1>2221/4|-2:-3>2030/1|-2:-2>1213/3
2087,11,1053,2,333,2:-3,29,1078.8,28,2:-3>333/4|2:-2>1053/4|3:-4>1397/2|3:-2>1053/4|4:-3>1808/4
2088,7,-1,0,674,-2:3,19,727.2,18,-2:3>674/3|-2:4>66/4|-1:2>-1/-1|-1:4>835/3|0:2>2144/2|0:3>2144/3
2089,7,1236,1,1236,CL,28,1007.7,26,-1:4>1236/2|-1:5>2047/7|0:3>1493/2|0:5>2047/6|1:3>2047/3|1:4>2047/6
2090,2,-1,-1,527,-2:4,19,722.1,18,-2:4>527/1|-2:5>-1/-1|-1:3>1998/2|-1:5>-1/-1|0:3>-1/-1|0:4>-1/-1
2091,4,817,1,1547,-1:6,44,1555.0,39,-1:6>1547/2|0:5>-1/-1|1:5>817/2
2092,7,370,4,2196,-3:-1,19,727.5,19,-5:0>370/5|-5:1>-1/-1|-4:-1>1095/2|-4:1>370/5|-3:-1>2196/2|-3:0>2196/3
2093,3,953,6,953,CL,27,1047.0,27,-5:1>953/6|-5:2>953/7|-4:0>953/5|-4:2>1346/2|-3:0>953/4|-3:1>-1/-1
2094,5,-1,0,970,1:-4,35,1336.2,32,1:-5>2220/4|1:-4>970/1|2:-4>-1/-1|3:-6>-1/-1|3:-5>-1/-1
2095,5,1141,2,1141,CL,26,917.6,24,-2:4>1141/6|-2:5>1141/4|-1:3>-1/-1|-1:5>1743/2|0:3>-1/-1|0:4>1236/1
2096,5,1434,3,1434,CL,33,1247.3,31,-6:8>71/2|-5:7>1434/5|-5:9>1635/1|-4:7>1434/4|-4:8>1434/4
2097,14,1734,3,1048,1:0,22,767.4,21,1:0>1048/3|1:1>1716/3|2:-1>2037/4|2:1>1692/2|3:-1>1734/4|3:0>201/3
2098,9,1366,2,1696,1:5,43,1549.1,41,-1:6>1366/5|0:5>-1/-1|1:5>1696/2
2099,5,2061,3,2061,CL,17,589.6,16,-1:1>-1/-1|-1:2>2061/6|0:0>295/1|0:2>-1/-1|1:0>862/1|1:1>2061/3
2100,8,998,1,2305,-3:2,8,296.9,7,-4:3>113/2|-4:4>2024/1|-3:2>2305/5|-3:4>998/3|-2:2>2305/6|-2:3>998/6
2101,10,-1,-1,1038,-2:-2,24,937.2,20,-2:-2>1038/2|-2:-1>-1/-1|-1:-3>-1/-1|-1:-1>-1/-1|0:-3>-1/-1|0:-2>1568/4
2102,7,-1,0,2012,-5:0,24,924.9,24,-5:-1>2002/1|-5:0>2012/5|-4:-2>1537/2|-4:0>2012/4|-3:-2>2012/4|-3:-1>-1/-1
2103,6,325,2,901,2:-3,30,1121.9,28,1:-4>1626/4|1:-3>646/3|2:-5>-1/-1|2:-3>901/2|3:-5>740/3|3:-4>2262/2
2104,8,1576,2,775,-2:3,17,641.0,16,-3:4>1576/4|-3:5>1576/3|-2:3>775/3|-2:5>-1/-1|-1:3>2057/2|-1:4>527/2
2105,5,375,3,375,CL,13,454.5,13,-2:2>-1/-1|-2:3>-1/-1|-1:1>375/4|-1:3>-1/-1|0:1>375/4|0:2>-1/-1
2106,7,1524,3,1524,CL,10,367.5,10,-3:0>1850/3|-3:1>-1/-1|-2:-1>-1/-1|-2:1>2132/4|-1:-1>-1/-1|-1:0>2132/4
2107,5,2078,4,2078,CL,26,972.5,24,-6:7>371/1|-6:8>894/1|-5:6>2078/3|-5:8>1040/3|-4:6>2078/5|-4:7>2078/6
2108,6,1040,6,1040,CL,28,1035.5,26,-6:7>1040/3|-6:8>308/1|-5:6>1040/5|-5:8>2036/2|-4:6>1040/7|-4:7>1040/8
2109,6,-1,-1,1645,-4:1,24,919.5,24,-6:2>876/5|-5:0>-1/-1|-5:2>876/4|-4:0>-1/-1|-4:1>1645/1
2110,9,399,1,436,-5:4,19,675.2,17,-6:3>399/5|-6:5>951/1|-5:3>2147/3|-5:4>436/1
2111,9,333,2,333,CL,29,1091.2,28,2:-3>333/4|2:-2>333/5|3:-4>1082/1|3:-2>333/5|4:-3>1808/4
2112,3,-1,-1,924,0:1,18,622.2,17,0:0>-1/-1|0:1>924/2|1:-1>-1/-1|1:1>924/2|2:-1>-1/-1|2:0>1893/2
2113,9,1297,1,1961,-5:6,25,923.7,22,-6:7>1544/4|-6:8>1544/4|-5:6>1961/1|-5:8>526/5|-4:6>1297/2|-4:7>1894/4
2114,3,1230,4,409,1:3,31,1108.3,29,1:3>409/2|1:4>1230/5|2:2>409/2|2:4>1230/6
2115,7,144,4,344,1:-1,21,797.0,20,1:-1>344/1|1:0>144/4|2:-2>751/1|2:0>144/5|3:-2>144/5|3:-1>144/5
2116,5,135,1,1421,1:-2,25,938.7,24,1:-3>2279/2|1:-2>1421/1|2:-4>158/4|2:-2>1171/4|3:-4>158/5|3:-3>1171/4
2117,2,-1,-1,929,-7:6,33,1212.2,30,-7:6>929/8|-7:8>-1/-1|-6:6>929/5|-6:7>-1/-1
2118,9,-1,-1,1756,-2:-2,25,955.9,22,-2:-3>1532/2|-2:-2>1756/2|-1:-4>1265/3|-1:-2>-1/-1|0:-4>-1/-1|0:-3>1186/6
2119,9,-1,-1,1170,0:-2,22,833.3,21,0:-2>1170/5|0:-1>1170/5|1:-3>1170/6|1:-1>1170/5|2:-3>48/1|2:-2>895/1
2120,5,-1,-1,1346,-4:1,28,1072.2,27,-5:2>1531/3|-5:3>-1/-1|-4:1>1346/1|-4:3>-1/-1|-3:1>-1/-1|-3:2>-1/-1
2121,2,227,3,227,CL,30,1072.2,28,-5:3>227/4|-5:4>-1/-1|-4:2>227/2|-4:4>-1/-1|-3:2>-1/-1|-3:3>-1/-1
2122,1,1033,6,1033,CL,38,1444.7,37,3:-3>1033/7|3:-2>1033/9
2123,3,1193,3,1461,-1:-3,30,1139.6,27,-1:-3>1461/2|-1:-2>-1/-1|0:-4>-1/-1|0:-2>-1/-1|1:-4>1193/4|1:-3>1193/6
2124,3,-1,-1,1045,-2:-3,27,1047.0,24,-2:-3>1045/6|-2:-2>1045/4|-1:-4>1045/7|-1:-2>-1/-1|0:-4>-1/-1|0:-3>202/2
2125,7,470,4,718,1:1,23,790.9,18,-1:2>-1/-1|-1:3>470/6|0:1>-1/-1|0:3>470/6|1:1>718/1|1:2>2274/1
2126,6,2253,2,1042,2:3,37,1319.9,35,1:4>1619/1|1:5>1975/3|2:3>1042/2|2:5>1975/4
2127,5,-1,-1,1513,-1:-1,15,532.3,14,-3:-1>-1/-1|-3:0>-1/-1|-2:-2>-1/-1|-2:0>-1/-1|-1:-2>1552/2|-1:-1>1513/2
2128,5,457,4,311,-5:-1,31,1136.8,30,-5:-1>311/2|-4:-3>147/3|-4:-2>668/1
2129,4,31,4,1412,-4:4,13,494.3,12,-5:5>31/6|-5:6>31/5|-4:4>1412/1|-4:6>-1/-1|-3:4>31/4|-3:5>31/5
2130,7,2071,1,1006,-1:2,16,548.1,15,-1:1>-1/-1|-1:2>1006/5|0:0>1006/4|0:2>-1/-1|1:0>924/1|1:1>194/1
2131,2,-1,-1,829,-1:1,9,320.7,8,-2:2>618/2|-2:3>618/4|-1:1>829/2|-1:3>-1/-1|0:1>-1/-1|0:2>-1/-1
2132,9,2177,2,2177,CL,9,354.8,9,-3:0>1825/3|-3:1>-1/-1|-2:-1>-1/-1|-2:1>99/3|-1:-1>-1/-1|-1:0>99/3
2133,3,-1,-1,1125,-2:-2,27,1034.1,23,-2:-2>1125/5|-2:-1>-1/-1|-1:-3>-1/-1|-1:-1>-1/-1|0:-3>-1/-1|0:-2>1947/1
2134,10,533,3,1442,-2:3,16,597.6,15,-2:3>1442/1|-2:4>156/1|-1:2>-1/-1|-1:4>1333/3|0:2>741/5|0:3>741/6
2135,7,1375,3,1375,CL,27,1023.4,25,-1:3>1375/6|-1:4>-1/-1|0:2>1375/4|0:4>715/3|1:2>-1/-1|1:3>-1/-1
2136,8,51,5,2218,-5:9,35,1386.6,33,-5:8>51/5|-5:9>2218/2|-4:7>51/5|-3:7>1794/3
2137,5,1645,2,49,-4:0,22,865.8,22,-5:1>46/1|-5:2>1645/4|-4:0>49/1|-4:2>2020/5|-3:0>2020/4|-3:1>-1/-1
2138,7,1432,3,2004,-3:2,5,181.0,5,-3:2>2004/4|-3:3>1432/4|-2:1>1219/2|-2:3>-1/-1|-1:1>2178/1|-1:2>-1/-1
2139,4,-1,-1,1915,3:-3,30,1154.1,29,1:-2>-1/-1|1:-1>-1/-1|2:-3>-1/-1|2:-1>-1/-1|3:-3>1915/2|3:-2>1760/2
2140,6,775,4,29,-2:3,15,565.2,14,-3:4>1031/2|-3:5>775/5|-2:3>29/1|-2:5>-1/-1|-1:3>225/2|-1:4>775/4
2141,5,2053,1,1210,0:5,34,1240.3,32,0:4>706/2|0:5>1210/1|1:3>-1/-1|1:5>2053/3|2:3>466/6|2:4>466/5
2142,7,546,1,468,-5:5,24,896.3,21,-7:6>2163/2|-7:7>-1/-1|-6:5>768/1|-6:7>-1/-1|-5:5>468/2|-5:6>-1/-1
2143,6,112,1,427,-3:-2,30,1125.0,29,-4:-3>-1/-1|-4:-2>454/2|-3:-2>427/1|-2:-3>1718/6
2144,9,2088,1,66,-2:4,20,745.9,19,-2:3>2088/4|-2:4>66/4|-1:2>-1/-1|-1:4>682/3|0:2>1905/1|0:3>1451/2
2145,12,507,5,381,-4:0,24,888.4,23,-5:1>507/5|-5:2>507/6|-4:0>381/1|-4:2>507/4|-3:0>232/1|-3:1>-1/-1
2146,6,399,1,541,-5:3,21,775.2,19,-6:3>1980/3|-6:5>399/3|-5:3>541/2|-5:4>399/3
2147,7,1365,2,436,-5:4,19,661.3,17,-6:3>2244/5|-6:5>491/2|-5:3>1008/2|-5:4>436/1
2148,3,-1,0,1025,-1:4,27,961.7,25,-3:5>-1/-1|-3:6>1819/3|-2:4>-1/-1|-2:6>-1/-1|-1:4>1025/4|-1:5>-1/-1
2149,6,1641,2,458,1:1,22,786.6,21,1:0>1643/2|1:1>458/3|2:-1>1643/2|2:1>2037/4|3:-1>1583/3|3:0>1641/3
2150,2,-1,-1,-1,-,-1,0.0,26,-2:-2>-1/-1|-2:-1>-1/-1|-1:-3>-1/-1|-1:-1>-1/-1|0:-3>-1/-1|0:-2>1564/1
2151,7,1110,3,1321,0:0,17,625.1,16,0:-1>1632/2|0:0>1321/3|1:-2>1632/2|1:0>2217/4|2:-2>1110/4|2:-1>1110/5
2152,8,983,4,58,-3:2,3,120.2,3,-4:3>983/6|-4:4>983/5|-3:2>58/1|-3:4>983/5|-2:2>38/2|-2:3>983/8
2153,3,2285,2,2285,CL,22,837.0,20,-6:5>2285/7|-6:6>468/1|-5:4>-1/-1|-5:6>2285/2|-4:4>-1/-1|-4:5>2285/5
2154,5,-1,-1,1502,-1:3,20,710.0,18,-2:4>1998/3|-2:5>-1/-1|-1:3>1502/1|-1:5>-1/-1|0:3>-1/-1|0:4>-1/-1
2155,4,875,2,875,CL,2,90.3,2,-4:2>-1/-1|-4:3>-1/-1|-3:1>-1/-1|-3:3>875/5|-2:1>1492/1|-2:2>875/3
2156,4,-1,-1,534,2:0,25,873.1,23,1:-1>-1/-1|1:0>-1/-1|2:-2>-1/-1|2:0>534/1|3:-2>-1/-1|3:-1>1896/1
2157,7,1784,1,1209,-5:-2,34,1263.0,33,-5:-2>1209/2|-4:-2>1784/3|-3:-3>-1/-1
2158,4,-1,-1,2195,0:-3,27,1032.0,24,-2:-3>1265/2|-2:-2>1265/4|-1:-4>1361/1|-1:-2>-1/-1|0:-4>-1/-1|0:-3>2195/8
2159,3,309,5,309,CL,12,426.3,11,-4:3>309/8|-4:4>309/5|-3:2>309/9|-3:4>309/3|-2:2>309/10|-2:3>981/1
2160,9,1847,3,1962,1:1,22,755.8,20,0:2>52/3|0:3>-1/-1|1:1>1962/1|1:3>1847/4|2:1>2311/2|2:2>648/3
2161,10,1336,4,1336,CL,35,1286.6,31,0:-4>1955/4|0:-3>1336/5|1:-5>-1/-1|1:-3>1336/6|2:-5>1589/1|2:-4>970/2
2162,10,1928,1,1166,-4:-1,27,1044.4,27,-5:-2>150/3|-5:0>735/2|-4:-2>1118/3|-4:-1>1166/2
2163,5,546,1,546,CL,25,926.4,22,-7:6>919/1|-7:7>-1/-1|-6:5>546/2|-6:7>-1/-1|-5:5>546/3|-5:6>-1/-1
2164,11,201,4,595,1:0,24,825.9,22,1:0>595/5|1:1>595/4|2:-1>201/5|2:1>2019/1|3:-1>201/5|3:0>1206/2
2165,6,0,2,1200,1:-3,30,1097.7,27,0:-4>0/4|0:-3>26/1|1:-5>-1/-1|1:-3>1200/1|2:-5>0/5|2:-4>0/7
2166,9,633,1,-1,-,-1,0.0,-1,2:-5>1936/1|3:-5>185/2
2167,8,1742,2,275,-6:6,29,1049.3,25,-7:7>2276/3|-6:5>-1/-1|-6:6>275/2
2168,5,1146,3,1146,CL,38,1449.3,35,1:-5>1088/1|1:-4>1146/4|2:-4>-1/-1|3:-6>-1/-1|3:-5>-1/-1
2169,1,689,6,689,CL,37,1454.7,35,-5:8>689/6|-5:9>689/4|-4:7>689/6|-3:7>689/4
2170,6,1176,2,1188,2:-3,29,1094.2,28,2:-3>1188/4|2:-2>1915/1|3:-4>1176/5|3:-2>1258/1|4:-3>1176/6
2171,6,1179,1,2293,1:-4,31,1162.4,27,-1:-3>1193/3|-1:-2>-1/-1|0:-4>-1/-1|0:-2>-1/-1|1:-4>2293/2|1:-3>2293/4
2172,6,1888,2,1888,CL,30,1050.5,28,2:1>1888/4|2:2>-1/-1|3:0>1560/3
2173,5,2287,1,189,-1:0,12,417.0,11,-2:-1>637/2|-2:0>-1/-1|-1:-2>-1/-1|-1:0>189/2|0:-2>-1/-1|0:-1>-1/-1
2174,7,1277,1,1324,-1:1,11,403.6,11,-2:2>-1/-1|-2:3>-1/-1|-1:1>1324/2|-1:3>-1/-1|0:1>67/2|0:2>-1/-1
2175,8,-1,-1,471,1:-1,16,608.3,15,-1:-1>-1/-1|-1:0>-1/-1|0:-2>-1/-1|0:0>-1/-1|1:-2>1884/2|1:-1>471/1
2176,7,380,1,1766,-5:7,29,1078.6,26,-5:7>1766/2|-5:8>343/2|-4:6>575/2|-4:8>-1/-1|-3:6>-1/-1|-3:7>-1/-1
2177,8,1232,1,950,-2:1,8,315.6,8,-3:0>1524/4|-3:1>-1/-1|-2:-1>-1/-1|-2:1>950/2|-1:-1>-1/-1|-1:0>99/3
2178,4,-1,0,2138,-2:2,6,223.2,6,-2:1>-1/-1|-2:2>2138/1|-1:0>-1/-1|-1:2>829/1|0:0>677/6|0:1>-1/-1
2179,6,993,4,993,CL,28,1044.8,27,1:-3>804/2|1:-2>993/5|2:-4>901/1|2:-2>993/6|3:-4>1917/3|3:-3>993/6
2180,9,1735,1,1735,CL,31,1068.4,27,2:0>-1/-1|2:1>-1/-1|3:-1>-1/-1|3:1>111/1
2181,7,545,4,888,-4:0,21,787.3,21,-5:-1>545/5|-5:0>600/4|-4:-2>2233/4|-4:0>888/1|-3:-2>545/4|-3:-1>-1/-1
2182,4,1576,2,2104,-2:3,18,664.3,17,-3:4>1576/4|-3:5>1576/3|-2:3>2104/4|-2:5>-1/-1|-1:3>70/3|-1:4>2023/2
2183,12,1989,2,297,1:-2,26,964.0,23,0:-3>420/2|0:-2>749/2|1:-4>1173/3|1:-2>297/3|2:-4>-1/-1|2:-3>1989/3
2184,9,393,2,639,-4:0,24,905.6,24,-5:-1>393/4|-5:1>1762/1|-4:-1>1549/4|-4:0>639/2
2185,8,977,2,547,-4:0,24,901.5,24,-5:-1>977/3|-5:0>1467/5|-4:-2>1925/1|-4:0>547/4|-3:-2>849/2|-3:-1>-1/-1
2186,5,1570,3,1430,1:0,23,834.2,22,1:-1>236/4|1:0>1430/3|2:-2>1570/4|2:0>1430/2|3:-2>918/2|3:-1>918/2
2187,11,2012,2,2062,-4:0,22,835.3,22,-5:-1>2012/3|-5:0>2077/3|-4:-2>547/3|-4:0>2062/2|-3:-2>849/2|-3:-1>-1/-1
2188,7,627,1,850,0:0,17,598.7,16,0:0>850/1|0:1>862/2|1:-1>494/4|1:1>-1/-1|2:-1>1950/4|2:0>1950/5
2189,6,1242,5,2030,-3:-2,28,1101.7,27,-3:-3>1242/4|-3:-2>2030/2|-2:-2>-1/-1|-1:-4>-1/-1|-1:-3>-1/-1
2190,6,1565,1,1580,-2:0,15,574.0,15,-4:0>834/3|-4:1>-1/-1|-3:-1>143/1|-3:1>-1/-1|-2:-1>1565/2|-2:0>1580/4
2191,7,1180,5,1180,CL,32,1137.1,29,-1:4>1180/6|-1:5>119/3|0:3>1180/4|0:5>119/2|1:3>1202/2|1:4>2214/2
2192,3,444,4,444,CL,25,979.2,25,-5:1>444/4|-5:2>444/5|-4:0>444/3|-4:2>953/2|-3:0>1004/3|-3:1>-1/-1
2193,7,-1,0,315,1:-3,31,1204.3,30,1:-4>486/3|1:-3>315/3|2:-5>-1/-1|2:-3>325/4|3:-5>1456/4|3:-4>325/4
2194,3,763,3,763,CL,33,1256.0,29,-2:-3>-1/-1|-1:-3>729/3|0:-4>729/2
2195,5,-1,-1,1795,-2:-2,26,994.0,23,-2:-3>1265/2|-2:-2>1795/3|-1:-4>2158/2|-1:-2>-1/-1|0:-4>-1/-1|0:-3>1795/7
2196,6,663,4,654,-3:0,18,687.0,18,-5:0>663/5|-5:1>-1/-1|-4:-1>1987/3|-4:1>663/4|-3:-1>1821/1|-3:0>654/2
2197,4,1631,1,1821,-4:0,20,766.5,19,-4:-1>-1/-1|-4:0>1821/2|-3:-2>1631/4|-3:0>-1/-1|-2:-2>1631/4|-2:-1>-1/-1
2198,4,449,1,1717,1:2,28,992.0,26,1:2>1717/4|1:3>2207/3|2:1>1717/4|2:3>2207/3|3:1>-1/-1
2199,5,887,5,887,CL,29,1118.6,28,2:-2>887/3|2:-1>887/5|3:-3>1697/1|3:-1>887/6|4:-3>1154/1
2200,4,563,3,1635,-5:8,35,1336.3,33,-5:8>1635/2|-4:8>563/5
2201,2,271,3,271,CL,33,1246.6,29,-2:-3>-1/-1|-1:-3>271/5|0:-4>271/7
2202,4,1179,1,2051,1:-3,32,1180.4,28,-1:-3>2171/4|-1:-2>-1/-1|0:-4>-1/-1|0:-2>-1/-1|1:-4>1179/2|1:-3>2051/5
2203,3,762,5,166,-2:2,13,472.9,12,-3:3>762/3|-3:4>762/3|-2:2>166/2|-2:4>762/4|-1:2>1954/3|-1:3>762/5
2204,6,2125,5,718,1:1,23,782.9,19,-1:2>-1/-1|-1:3>2125/7|0:1>-1/-1|0:3>2125/7|1:1>718/1|1:2>2274/1
2205,6,34,3,1952,-1:3,23,850.8,21,-1:3>1952/2|-1:4>-1/-1|0:2>1685/1|0:4>34/5|1:2>-1/-1|1:3>-1/-1
2206,7,370,4,2092,-3:-1,20,762.2,20,-5:0>370/5|-5:1>-1/-1|-4:-1>2289/1|-4:1>370/5|-3:-1>2092/3|-3:0>2092/4
2207,5,1717,2,1717,CL,28,991.6,26,1:2>1717/4|1:3>961/2|2:1>1717/4|2:3>555/2|3:1>-1/-1
2208,10,948,3,368,-5:7,27,1004.1,25,-5:6>41/2|-5:7>368/2|-4:5>-1/-1|-4:7>948/5|-3:5>948/5|-3:6>948/5
2209,5,-1,-1,1067,-1:4,27,951.7,25,-2:5>1268/3|-2:6>1268/4|-1:4>1067/3|-1:6>1268/6|0:4>440/3|0:5>440/3
2210,3,-1,-1,219,-2:4,21,783.9,19,-4:5>-1/-1|-4:6>-1/-1|-3:4>-1/-1|-3:6>-1/-1|-2:4>219/1|-2:5>-1/-1
2211,7,1641,2,525,1:1,24,820.1,23,1:0>1734/4|1:1>525/4|2:-1>1641/3|2:1>1206/3|3:-1>1641/3|3:0>2065/2
2212,5,-1,-1,597,3:-2,30,1148.2,29,1:-2>-1/-1|1:-1>-1/-1|2:-3>-1/-1|2:-1>-1/-1|3:-3>1915/2|3:-2>597/1
2213,4,-1,-1,2065,2:0,25,893.0,24,2:0>2065/1|2:1>469/5|3:-1>-1/-1|3:1>469/5
2214,5,2191,6,119,-1:5,32,1162.0,30,-1:4>2191/7|-1:5>119/3|0:3>2191/5|0:5>1770/2|1:3>2191/3|1:4>1405/1
2215,6,367,2,1002,0:2,25,865.1,23,0:2>1002/5|0:3>-1/-1|1:1>1002/4|1:3>367/3|2:1>1002/4|2:2>1436/4
2216,6,1285,3,1285,CL,9,333.5,9,-2:0>557/5|-2:1>1285/3|-1:-1>557/6|-1:1>1285/3|0:-1>557/3|0:0>1767/1
2217,8,310,3,471,0:0,16,614.2,15,0:-1>404/2|0:0>471/2|1:-2>404/3|1:0>1660/3|2:-2>310/4|2:-1>310/5
2218,8,2136,6,1664,-5:9,34,1338.3,32,-5:8>2136/6|-5:9>1664/1|-4:7>2136/6|-3:7>2136/4
2219,6,-1,-1,117,0:4,31,1105.7,28,-1:5>2007/1|-1:6>-1/-1|0:4>117/1|0:6>-1/-1|1:4>538/3|1:5>-1/-1
2220,3,2094,1,2094,CL,36,1352.3,33,1:-5>1146/3|1:-4>2094/2|2:-4>-1/-1|3:-6>-1/-1|3:-5>-1/-1
2221,4,1439,1,984,-3:-1,26,1032.3,25,-4:-2>-1/-1|-4:-1>129/6|-3:-3>129/3|-3:-1>984/3|-2:-3>2086/2|-2:-2>984/3
2222,4,1995,1,1573,-3:7,36,1274.1,33,-3:7>1573/3|-2:6>1573/3|-1:6>1252/4
2223,5,24,1,948,-5:6,28,1060.3,26,-5:6>948/3|-5:7>948/3|-4:5>-1/-1|-4:7>24/3|-3:5>994/3|-3:6>24/3
2224,6,2300,3,2300,CL,31,1104.0,28,0:3>-1/-1|0:4>1165/1|1:2>2300/5|1:4>1081/2|2:2>2300/5|2:3>2300/4
2225,5,226,4,1608,-5:3,25,902.8,22,-6:2>1187/3|-6:4>226/5|-5:2>560/1|-5:3>1608/1
2226,7,-1,-1,1379,-4:4,15,521.1,13,-5:3>-1/-1|-5:4>1644/2|-4:2>-1/-1|-4:4>1379/2|-3:2>-1/-1|-3:3>-1/-1
2227,3,324,1,324,CL,34,1283.7,31,-7:8>324/5|-6:7>-1/-1|-5:7>-1/-1|-5:8>71/1
2228,7,1468,2,1317,2:-4,36,1331.9,32,2:-4>1317/3|2:-3>-1/-1|3:-5>1468/2|3:-3>-1/-1
2229,5,1573,2,1127,-2:6,35,1256.4,33,-3:7>248/1|-2:6>1127/2|-1:6>1127/4
2230,10,2281,1,258,3:-3,33,1255.8,32,3:-3>258/2|3:-2>258/4
2231,4,1639,2,1612,1:3,34,1221.9,32,1:3>1612/5|1:4>1993/4|2:2>1639/3|2:4>1993/5
2232,4,-1,-1,1272,-4:-1,27,1015.9,27,-5:-2>-1/-1|-5:-1>1693/1|-4:-3>-1/-1|-4:-1>1272/2|-3:-3>-1/-1|-3:-2>-1/-1
2233,11,1467,3,2077,-4:0,22,829.5,22,-5:-1>1467/4|-5:0>680/3|-4:-2>1467/3|-4:0>2077/2|-3:-2>753/3|-3:-1>-1/-1
2234,5,2058,3,939,-2:6,33,1214.7,31,-3:7>2058/5|-2:6>939/1|-1:6>1111/1
2235,11,2281,1,2290,3:-2,33,1249.5,31,3:-3>958/1|3:-2>2290/4
2236,4,-1,-1,2072,-6:7,25,924.6,23,-7:6>-1/-1|-7:7>1332/4|-6:5>-1/-1|-6:7>2072/1|-5:5>-1/-1|-5:6>-1/-1
2237,5,773,3,773,CL,26,970.4,24,-7:7>-1/-1|-7:8>59/2|-6:6>716/4|-6:8>798/2|-5:6>773/3|-5:7>685/3
2238,3,2230,2,2230,CL,34,1298.7,33,3:-3>2230/3|3:-2>2230/5
2239,6,2268,5,2268,CL,28,1056.5,26,-6:7>2268/7|-6:8>2268/7|-5:6>2268/5|-5:8>162/1|-4:6>2268/4|-4:7>1330/1
2240,3,-1,-1,876,-4:1,25,976.6,25,-6:2>1079/3|-5:0>-1/-1|-5:2>384/2|-4:0>-1/-1|-4:1>876/2
2241,7,171,1,1227,1:-4,37,1365.1,33,-1:-4>2046/5|-1:-3>2046/4|0:-3>-1/-1|1:-5>-1/-1|1:-4>1227/3
2242,3,345,2,345,CL,32,1171.1,28,-7:7>345/4|-6:5>-1/-1|-6:6>345/5
2243,6,2077,4,2289,-4:0,22,830.3,22,-5:-1>2077/5|-5:0>1745/1|-4:-2>680/5|-4:0>2289/2|-3:-2>2077/4|-3:-1>-1/-1
2244,6,1365,2,1008,-5:4,19,684.6,17,-6:3>541/4|-6:5>1365/3|-5:3>5/1|-5:4>1008/2
2245,4,1698,3,101,-4:3,18,621.6,16,-6:4>1860/3|-6:5>1698/3|-5:3>1860/3|-5:5>1423/2|-4:3>101/4|-4:4>101/5
2246,10,2003,2,2249,-6:6,29,1064.8,25,-7:7>1814/1|-6:5>-1/-1|-6:6>2249/2
2247,3,-1,-1,1417,-3:6,35,1306.6,32,-5:7>-1/-1|-5:8>-1/-1|-4:6>-1/-1|-4:8>-1/-1|-3:6>1417/2|-3:7>434/1
2248,5,107,4,1433,1:-1,22,834.0,21,1:-1>1433/2|1:0>1561/3|2:-2>2115/2|2:0>1561/4|3:-2>107/5|3:-1>107/5
2249,9,2003,2,2028,-6:6,28,1034.3,25,-7:7>1500/2|-6:5>-1/-1|-6:6>2028/1
2250,4,309,5,309,CL,12,422.7,11,-4:3>309/8|-4:4>309/5|-3:2>309/9|-3:4>309/3|-2:2>309/10|-2:3>981/1
2251,7,871,3,871,CL,8,357.1,8,-4:1>-1/-1|-4:2>362/1|-3:0>871/5|-3:2>778/1|-2:0>-1/-1|-2:1>871/5
2252,7,596,3,1507,1:1,25,860.8,23,1:1>1507/4|1:2>1507/4|2:0>78/1|2:2>596/5|3:0>1214/1|3:1>596/4
2253,6,531,1,2126,1:4,38,1363.5,36,1:4>2126/2|1:5>2126/4|2:3>2126/3|2:5>2126/5
2254,2,-1,-1,386,1:3,32,1120.8,29,0:4>-1/-1|0:5>-1/-1|1:3>386/1|1:5>-1/-1|2:3>-1/-1|2:4>-1/-1
2255,7,826,3,826,CL,27,1053.3,26,2:-2>1133/2|2:-1>826/3|3:-3>887/2|3:-1>826/4|4:-3>887/3
2256,5,-1,-1,-1,-,-1,0.0,-1,-7:7>-1/-1|-6:7>-1/-1|-6:8>-1/-1
2257,9,2136,6,892,-5:9,35,1372.8,33,-5:8>2136/6|-5:9>892/2|-4:7>2136/6|-3:7>2136/4
2258,8,1100,7,464,-4:4,14,503.1,12,-6:4>1100/4|-6:5>1100/7|-5:3>1100/4|-5:5>1100/6|-4:3>1644/1|-4:4>464/1
2259,5,1660,4,815,0:0,16,590.4,15,0:-1>1660/4|0:0>815/1|1:-2>1660/4|1:0>2044/1|2:-2>1660/5|2:-1>1660/6
2260,4,94,5,2286,-3:4,12,439.4,11,-3:3>1233/3|-3:4>2286/1|-2:2>1233/4|-2:4>94/4|-1:2>1233/5|-1:3>94/5
2261,7,2146,2,541,-5:3,21,766.2,19,-6:3>1663/2|-6:5>2146/4|-5:3>541/2|-5:4>541/4
2262,5,2103,3,2179,2:-3,29,1086.8,28,1:-4>2103/5|1:-3>2103/4|2:-5>-1/-1|2:-3>2179/1|3:-5>2103/4|3:-4>543/1
2263,2,535,1,535,CL,34,1201.4,31,-4:6>-1/-1|-4:7>-1/-1|-3:5>-1/-1|-3:7>535/3|-2:5>-1/-1|-2:6>535/2
2264,5,-1,-1,1177,-2:-2,26,1000.9,22,-2:-2>1177/4|-2:-1>-1/-1|-1:-3>-1/-1|-1:-1>-1/-1|0:-3>-1/-1|0:-2>1125/3
2265,3,1506,1,1314,2:-4,33,1241.4,31,2:-5>-1/-1|2:-4>1314/1|3:-6>-1/-1|3:-4>1506/3
2266,8,1444,2,1230,1:3,32,1145.6,30,1:3>1230/3|1:4>341/3|2:2>1416/2|2:4>341/4
2267,4,2270,2,2270,CL,32,1114.4,28,2:0>-1/-1|2:1>-1/-1|3:-1>-1/-1|3:1>390/2
2268,5,1217,4,1217,CL,27,1016.5,25,-6:7>1217/6|-6:8>1217/6|-5:6>1217/4|-5:8>1866/2|-4:6>1577/3|-4:7>2239/2
2269,4,1909,1,1003,-2:1,8,350.3,8,-4:1>-1/-1|-4:2>844/4|-3:0>694/3|-3:2>844/4|-2:0>-1/-1|-2:1>1003/5
2270,7,1735,1,1735,CL,31,1078.1,27,2:0>-1/-1|2:1>-1/-1|3:-1>-1/-1|3:1>111/1
2271,4,8,2,8,CL,19,771.5,17,-3:-1>-1/-1|-3:0>8/5|-2:-2>856/1|-2:0>-1/-1|-1:-2>1804/1|-1:-1>-1/-1
2272,5,-1,-1,426,-6:6,30,1087.2,27,-7:6>1814/2|-7:8>-1/-1|-6:6>426/2|-6:7>-1/-1
2273,3,2193,1,315,1:-3,31,1181.9,30,1:-4>2193/4|1:-3>315/3|2:-5>-1/-1|2:-3>2193/5|3:-5>2193/5|3:-4>2193/5
2274,9,52,4,669,1:1,23,807.2,19,0:2>2204/1|0:3>-1/-1|1:1>669/1|1:3>52/5|2:1>52/4|2:2>52/4
2275,10,1353,1,1059,-3:2,4,133.4,3,-3:1>1353/4|-3:2>1059/2|-2:0>1877/4|-2:2>2/1|-1:0>699/3|-1:1>223/2
2276,9,2003,2,1238,-6:6,29,1054.8,25,-7:7>2246/2|-6:5>-1/-1|-6:6>1238/2
2277,4,2282,2,1914,1:4,39,1400.8,37,1:4>1914/3|1:5>1914/5|2:3>1914/4|2:5>1914/6
2278,5,1373,5,1274,-6:4,22,790.4,20,-6:3>840/1|-6:4>1274/2|-5:2>1373/3|-5:4>-1/-1|-4:2>1373/5|-4:3>1373/5
2279,7,135,1,1421,1:-2,25,915.2,24,1:-3>1713/1|1:-2>1421/1|2:-4>158/4|2:-2>1171/4|3:-4>158/5|3:-3>1171/4
2280,3,781,2,563,-5:8,36,1405.4,34,-5:8>563/4|-4:8>563/5
2281,12,-1,0,1938,3:-2,32,1229.8,31,3:-3>958/1|3:-2>1938/3
2282,7,531,1,1914,1:4,39,1381.0,37,1:4>1914/3|1:5>1914/5|2:3>1914/4|2:5>1914/6
2283,6,1921,2,474,1:-3,29,1081.2,25,-1:-3>2293/5|-1:-2>-1/-1|0:-4>-1/-1|0:-2>-1/-1|1:-4>1921/2|1:-3>474/2
2284,7,-1,-1,1431,1:-1,22,807.1,20,0:-2>1817/1|0:-1>1940/2|1:-3>1358/3|1:-1>1431/5|2:-3>1358/4|2:-2>1431/5
2285,8,667,1,1910,-6:5,21,788.5,19,-6:5>1910/6|-6:6>495/1|-5:4>-1/-1|-5:6>1868/1|-4:4>-1/-1|-4:5>1910/4
2286,6,987,2,1992,-3:3,11,406.0,10,-4:4>987/3|-4:5>987/5|-3:3>1992/1|-3:5>-1/-1|-2:3>1184/1|-2:4>-1/-1
2287,5,-1,0,2173,-1:0,13,451.5,12,-2:-1>637/2|-2:0>-1/-1|-1:-2>-1/-1|-1:0>2173/3|0:-2>-1/-1|0:-1>-1/-1
2288,7,1367,4,1020,1:5,41,1470.6,39,1:5>1020/1|2:4>95/3
2289,9,2055,4,1095,-4:0,21,784.7,21,-5:-1>2055/5|-5:0>2018/2|-4:-2>2055/4|-4:0>1095/1|-3:-2>2055/4|-3:-1>-1/-1
2290,14,2281,1,1938,3:-2,32,1221.1,31,3:-3>958/1|3:-2>1938/3
2291,5,571,2,1950,0:0,19,682.8,18,0:0>1950/3|0:1>571/4|1:-1>1015/3|1:1>-1/-1|2:-1>801/2|2:0>74/3
2292,9,1118,3,1537,-4:-1,26,989.3,26,-5:-2>808/3|-5:0>1118/4|-4:-2>1272/1|-4:-1>1537/1
2293,9,1179,1,2283,1:-3,30,1115.7,26,-1:-3>2171/4|-1:-2>-1/-1|0:-4>-1/-1|0:-2>-1/-1|1:-4>2067/1|1:-3>2283/3
2294,8,978,2,2184,-4:0,25,939.4,25,-5:-1>978/4|-5:1>760/2|-4:-1>393/5|-4:0>2184/3
2295,8,731,2,1554,-2:5,33,1190.0,31,-3:6>731/3|-3:7>127/1|-2:5>1554/5|-2:7>1554/5|-1:5>1554/6|-1:6>1554/5
2296,4,-1,-1,182,-4:5,17,659.4,14,-4:5>182/1|-4:6>-1/-1|-3:4>388/1|-3:6>-1/-1|-2:4>-1/-1|-2:5>-1/-1
2297,5,772,2,772,CL,23,895.0,22,-4:-1>-1/-1|-4:0>772/5|-3:-2>1178/1|-3:0>-1/-1|-2:-2>1913/1|-2:-1>-1/-1
2298,5,-1,-1,2112,0:1,19,658.3,18,0:0>-1/-1|0:1>2112/3|1:-1>-1/-1|1:1>1833/1|2:-1>-1/-1|2:0>1448/1
2299,5,1326,3,2288,1:5,42,1514.5,40,1:5>2288/2|2:4>2288/4
2300,6,1138,2,2025,1:2,30,1057.2,27,0:3>-1/-1|0:4>2224/2|1:2>2025/4|1:4>386/2|2:2>1138/4|2:3>631/3
2301,6,1351,2,1351,CL,11,388.1,10,-4:4>957/2|-4:5>291/3|-3:3>280/2|-3:5>-1/-1|-2:3>1351/4|-2:4>-1/-1
2302,6,825,1,825,CL,27,977.8,26,-6:2>-1/-1|-5:0>133/1|-5:2>-1/-1|-4:0>-1/-1|-4:1>-1/-1
2303,3,-1,-1,-1,-,-1,0.0,32,-2:6>-1/-1|-2:7>-1/-1|-1:5>-1/-1|0:5>516/1|0:6>-1/-1
2304,8,324,1,1068,-7:8,32,1204.5,30,-7:8>1068/3|-6:7>-1/-1|-5:7>-1/-1|-5:8>324/3
2305,4,998,1,1681,-3:2,7,254.2,6,-4:3>2100/3|-4:4>998/2|-3:2>1681/4|-3:4>383/2|-2:2>1681/5|-2:3>383/5
2306,5,341,4,341,CL,34,1209.8,32,1:3>341/5|1:4>1368/1|2:2>341/4|2:4>1287/2
2307,5,938,5,938,CL,38,1402.7,36,-5:-2>938/6|-4:-2>1657/4|-3:-3>-1/-1
2308,7,-1,-1,1515,1:-1,20,756.7,19,0:-2>610/2|0:-1>1940/2|1:-3>1431/4|1:-1>1515/3|2:-3>88/5|2:-2>88/4
2309,9,1065,1,1065,CL,29,1001.8,27,2:1>1065/3|2:2>-1/-1|3:0>1620/3
2310,8,506,1,506,CL,25,916.7,23,-7:7>-1/-1|-7:8>716/4|-6:6>626/2|-6:8>865/4|-5:6>506/2|-5:7>865/5
2311,7,1847,3,2160,1:1,23,797.6,21,0:2>2010/4|0:3>-1/-1|1:1>2160/2|1:3>1847/4|2:1>1428/1|2:2>648/3
