id,x,y,isCH,dPathM,missions,rxMean,rxP10,rxP50,rxP90,runMean,runP10,runP50,pDone50,covMean50,pDone100,covMean100,pDone200,covMean200,pDone500,covMean500,pDone1000,covMean1000,pDone2000,covMean2000
0,-214.725,-540.788,0,163.6,120,5665.70,5642.8,5668.0,5688.1,623.52,398.8,584.5,1.0000,50.00,1.0000,100.00,1.0000,200.00,1.0000,500.00,1.0000,1000.00,0.8417,1999.83
1,-492.208,-61.477,0,11.5,120,5261.81,5234.9,5261.5,5290.1,838.43,585.2,832.5,1.0000,50.00,1.0000,100.00,1.0000,200.00,1.0000,500.00,1.0000,1000.00,0.7917,1999.78
2,-191.141,224.437,0,46.7,120,4680.92,4651.0,4681.0,4713.1,930.13,564.9,931.5,1.0000,50.00,1.0000,100.00,1.0000,200.00,1.0000,500.00,1.0000,1000.00,0.5667,1999.47
3,-227.025,-189.541,0,210.9,120,5684.77,5662.7,5684.5,5707.0,460.27,301.7,444.5,1.0000,50.00,1.0000,100.00,1.0000,200.00,1.0000,500.00,1.0000,1000.00,0.9333,1999.93
4,100.883,152.428,0,130.2,120,4659.30,4621.9,4657.0,4702.1,613.26,380.0,590.0,1.0000,50.00,1.0000,100.00,1.0000,200.00,1.0000,500.00,1.0000,1000.00,0.1167,1997.88
5,-624.712,534.966,0,366.1,120,3120.55,3085.9,3121.0,3149.2,147.63,89.0,140.0,1.0000,50.00,1.0000,100.00,1.0000,200.00,1.0000,500.00,0.7000,999.58,0.0000,1950.36
6,-124.589,-613.216,0,95.1,120,5515.14,5489.0,5514.5,5545.0,732.24,448.9,720.0,1.0000,50.00,1.0000,100.00,1.0000,200.00,1.0000,500.00,1.0000,1000.00,0.8167,1999.81
7,-39.911,204.280,0,29.4,120,4675.42,4646.8,4676.0,4706.1,826.41,559.9,796.5,1.0000,50.00,1.0000,100.00,1.0000,200.00,1.0000,500.00,1.0000,1000.00,0.4417,1999.21
8,-451.550,-193.456,0,18.7,120,5542.66,5519.7,5542.0,5567.1,880.26,561.4,883.5,1.0000,50.00,1.0000,100.00,1.0000,200.00,1.0000,500.00,1.0000,1000.00,0.9417,1999.94
9,389.303,565.523,0,590.3,120,2372.46,2338.0,2370.5,2405.3,48.09,35.9,46.0,1.0000,50.00,1.0000,100.00,1.0000,200.00,0.9417,499.94,0.0000,988.11,0.0000,1762.17
10,-10.891,-819.244,0,25.2,120,4855.87,4828.8,4854.0,4886.2,893.01,617.6,878.5,1.0000,50.00,1.0000,100.00,1.0000,200.00,1.0000,500.00,1.0000,1000.00,0.6083,1999.44
11,-26.911,521.309,0,291.2,120,3447.21,3422.0,3446.0,3480.1,243.09,151.7,231.0,1.0000,50.00,1.0000,100.00,1.0000,200.00,1.0000,500.00,0.9083,999.91,0.0000,1976.09
12,-331.914,78.510,0,171.1,120,5094.28,5065.5,5093.5,5123.1,691.85,446.0,642.0,1.0000,50.00,1.0000,100.00,1.0000,200.00,1.0000,500.00,1.0000,1000.00,0.8667,1999.84
13,165.525,367.246,0,291.6,120,3747.10,3713.8,3747.5,3781.2,228.85,145.9,203.5,1.0000,50.00,1.0000,100.00,1.0000,200.00,1.0000,500.00,0.9750,999.98,0.0000,1981.54
14,-353.765,430.255,0,155.9,120,3875.29,3842.0,3875.5,3909.0,525.68,320.9,499.0,1.0000,50.00,1.0000,100.00,1.0000,200.00,1.0000,500.00,1.0000,1000.00,0.0083,1994.19
15,-74.240,1367.377,0,1096.5,120,461.92,438.0,461.0,486.2,5.96,5.0,6.0,0.9917,49.99,0.6417,99.54,0.0000,187.10,0.0000,330.52,0.0000,417.25,0.0000,459.75
16,-233.393,330.691,0,48.0,120,4300.46,4266.8,4302.0,4330.1,777.63,521.3,758.5,1.0000,50.00,1.0000,100.00,1.0000,200.00,1.0000,500.00,0.9917,999.99,0.2000,1998.41
17,-751.528,924.020,0,763.9,120,1477.91,1447.0,1481.0,1510.0,21.99,16.0,21.0,1.0000,50.00,1.0000,100.00,1.0000,200.00,0.0000,495.29,0.0000,903.84,0.0000,1349.87
18,-574.162,372.641,0,207.7,120,3816.95,3782.0,3819.0,3847.0,371.40,212.9,350.0,1.0000,50.00,1.0000,100.00,1.0000,200.00,1.0000,500.00,1.0000,1000.00,0.0000,1989.88
19,-412.336,256.645,0,16.5,120,4466.86,4436.8,4466.5,4498.0,851.77,575.2,864.0,1.0000,50.00,1.0000,100.00,1.0000,200.00,1.0000,500.00,1.0000,1000.00,0.4000,1998.95
20,327.554,526.001,0,517.5,120,2708.47,2665.9,2707.0,2748.0,67.25,44.0,62.0,1.0000,50.00,1.0000,100.00,1.0000,200.00,0.9917,499.99,0.0000,995.75,0.0000,1856.85
21,295.049,-186.515,0,310.8,120,4962.96,4912.0,4964.0,5001.2,236.93,151.9,225.5,1.0000,50.00,1.0000,100.00,1.0000,200.00,1.0000,500.00,0.9917,999.99,0.0500,1996.91
22,-275.269,-646.106,0,79.9,120,5471.54,5444.9,5472.5,5498.0,751.57,483.8,766.0,1.0000,50.00,1.0000,100.00,1.0000,200.00,1.0000,500.00,1.0000,1000.00,0.7833,1999.73
23,22.332,805.415,0,572.3,120,2241.75,2202.5,2243.0,2280.3,52.04,37.9,50.0,1.0000,50.00,1.0000,100.00,1.0000,200.00,0.9250,499.92,0.0000,987.06,0.0000,1756.53
24,-137.073,948.835,0,673.3,120,1810.66,1781.9,1812.0,1840.0,32.76,23.9,31.0,1.0000,50.00,1.0000,100.00,1.0000,200.00,0.3500,499.04,0.0000,956.66,0.0000,1564.65
25,200.351,808.238,0,651.9,120,1955.36,1919.9,1958.0,1986.2,34.26,25.0,33.5,1.0000,50.00,1.0000,100.00,1.0000,200.00,0.5500,499.42,0.0000,968.11,0.0000,1622.69
26,-226.829,-499.272,0,162.0,120,5719.15,5697.9,5719.0,5742.2,573.70,354.2,548.5,1.0000,50.00,1.0000,100.00,1.0000,200.00,1.0000,500.00,1.0000,1000.00,0.9333,1999.93
27,-264.687,1179.875,0,895.6,120,1005.89,975.8,1003.5,1035.4,12.51,10.0,12.0,1.0000,50.00,1.0000,100.00,0.8250,199.81,0.0000,469.12,0.0000,751.17,0.0000,972.65
28,-386.860,-355.402,0,41.9,120,5716.47,5692.8,5716.0,5740.3,832.73,555.9,837.0,1.0000,50.00,1.0000,100.00,1.0000,200.00,1.0000,500.00,1.0000,1000.00,0.8583,1999.86
29,-58.846,521.091,0,277.9,120,3481.35,3446.8,3482.0,3515.1,266.75,153.0,252.5,1.0000,50.00,1.0000,100.00,1.0000,200.00,1.0000,500.00,0.9583,999.96,0.0000,1978.22
30,252.698,-65.492,0,264.6,120,4896.14,4855.0,4894.5,4937.0,295.57,179.9,271.5,1.0000,50.00,1.0000,100.00,1.0000,200.00,1.0000,500.00,1.0000,1000.00,0.0417,1997.12
31,-309.341,708.366,0,425.6,120,2784.25,2746.9,2781.5,2819.1,105.48,72.9,102.5,1.0000,50.00,1.0000,100.00,1.0000,200.00,1.0000,500.00,0.2250,998.48,0.0000,1912.88
32,-103.544,-388.592,0,81.2,120,5760.74,5737.9,5761.0,5783.1,764.45,457.7,758.0,1.0000,50.00,1.0000,100.00,1.0000,200.00,1.0000,500.00,1.0000,1000.00,0.9250,1999.92
33,-219.694,-310.706,0,199.8,120,5781.88,5764.0,5781.0,5803.1,535.34,342.9,514.5,1.0000,50.00,1.0000,100.00,1.0000,200.00,1.0000,500.00,1.0000,1000.00,0.9583,1999.96
34,268.155,388.103,0,386.9,120,3401.53,3364.0,3399.5,3438.0,141.47,93.9,128.0,1.0000,50.00,1.0000,100.00,1.0000,200.00,1.0000,500.00,0.7750,999.75,0.0000,1954.68
35,-504.844,964.056,0,710.3,120,1664.48,1631.9,1664.0,1699.4,27.27,21.0,26.5,1.0000,50.00,1.0000,100.00,1.0000,200.00,0.1250,498.04,0.0000,938.25,0.0000,1478.26
36,-157.617,988.376,0,710.0,120,1669.03,1640.0,1667.0,1696.2,28.72,21.0,28.0,1.0000,50.00,1.0000,100.00,0.9917,199.99,0.1333,498.08,0.0000,938.98,0.0000,1481.31
37,211.113,976.956,0,805.1,120,1341.63,1303.8,1342.0,1377.0,18.51,14.0,18.0,1.0000,50.00,1.0000,100.00,0.9833,199.98,0.0083,491.35,0.0000,868.58,0.0000,1242.06
38,-224.732,393.770,0,111.6,120,4060.81,4022.8,4063.0,4093.0,682.42,395.0,689.5,1.0000,50.00,1.0000,100.00,1.0000,200.00,1.0000,500.00,0.9917,999.99,0.0500,1996.67
39,-68.009,97.118,0,47.5,120,5038.54,5008.0,5035.5,5073.0,911.15,593.9,880.5,1.0000,50.00,1.0000,100.00,1.0000,200.00,1.0000,500.00,1.0000,1000.00,0.7000,1999.68
40,145.192,-292.650,0,164.4,120,5459.90,5432.8,5461.0,5485.2,544.94,331.4,492.0,1.0000,50.00,1.0000,100.00,1.0000,200.00,1.0000,500.00,1.0000,1000.00,0.6667,1999.58
41,-246.442,910.912,0,626.8,120,1985.34,1949.9,1986.0,2020.1,39.74,28.8,38.0,1.0000,50.00,1.0000,100.00,1.0000,200.00,0.6583,499.58,0.0000,973.03,0.0000,1658.27
42,-814.146,-265.027,0,350.4,120,4687.75,4652.8,4686.0,4720.1,181.16,118.0,167.5,1.0000,50.00,1.0000,100.00,1.0000,200.00,1.0000,500.00,1.0000,1000.00,0.0000,1993.67
43,458.389,364.396,0,541.4,120,2822.23,2783.8,2823.0,2861.4,58.79,43.0,56.0,1.0000,50.00,1.0000,100.00,1.0000,200.00,0.9917,499.99,0.0333,995.85,0.0000,1859.21
44,-273.632,27.098,0,245.1,120,5263.22,5239.0,5262.0,5289.0,513.48,333.8,491.5,1.0000,50.00,1.0000,100.00,1.0000,200.00,1.0000,500.00,1.0000,1000.00,0.8833,1999.88
45,39.205,-959.221,0,79.7,120,4286.80,4257.9,4288.0,4318.3,783.46,454.9,800.5,1.0000,50.00,1.0000,100.00,1.0000,200.00,1.0000,500.00,1.0000,1000.00,0.0833,1997.85
46,-698.366,111.007,0,187.0,120,4395.07,4358.9,4395.0,4435.1,419.28,241.8,386.0,1.0000,50.00,1.0000,100.00,1.0000,200.00,1.0000,500.00,1.0000,1000.00,0.0000,1995.51
47,-542.090,454.749,0,253.3,120,3569.07,3534.0,3567.5,3605.2,319.57,174.9,288.5,1.0000,50.00,1.0000,100.00,1.0000,200.00,1.0000,500.00,0.9417,999.94,0.0000,1983.36
48,84.220,-362.451,0,105.7,120,5577.37,5552.9,5579.5,5601.0,712.57,429.5,696.0,1.0000,50.00,1.0000,100.00,1.0000,200.00,1.0000,500.00,1.0000,1000.00,0.8000,1999.77
49,-671.167,66.090,0,153.8,120,4588.16,4553.9,4587.0,4627.2,538.21,304.4,502.0,1.0000,50.00,1.0000,100.00,1.0000,200.00,1.0000,500.00,1.0000,1000.00,0.0583,1997.57
50,-129.654,596.188,0,327.6,120,3225.15,3188.0,3226.5,3258.0,182.32,125.0,168.0,1.0000,50.00,1.0000,100.00,1.0000,200.00,1.0000,500.00,0.8250,999.76,0.0000,1963.66
51,11.730,1201.810,0,949.5,120,842.05,812.0,840.0,876.0,10.44,8.0,10.0,1.0000,50.00,1.0000,100.00,0.4917,199.28,0.0000,444.84,0.0000,668.33,0.0000,823.30
52,330.017,249.896,0,378.8,120,3708.14,3671.8,3707.5,3747.2,144.81,93.7,134.5,1.0000,50.00,1.0000,100.00,1.0000,200.00,1.0000,500.00,0.8667,999.86,0.0000,1968.83
53,-923.401,312.571,0,462.7,120,3021.85,2992.0,3020.0,3055.2,91.78,64.0,87.5,1.0000,50.00,1.0000,100.00,1.0000,200.00,1.0000,500.00,0.2250,998.39,0.0000,1910.88
54,-1096.678,-242.508,0,618.9,120,3194.47,3156.8,3193.0,3234.2,44.44,33.0,42.0,1.0000,50.00,1.0000,100.00,1.0000,200.00,1.0000,500.00,0.0333,997.05,0.0000,1886.22
55,-346.393,-534.222,0,37.5,120,5639.78,5615.8,5639.5,5664.3,869.96,594.8,874.5,1.0000,50.00,1.0000,100.00,1.0000,200.00,1.0000,500.00,1.0000,1000.00,0.8167,1999.79
56,268.956,307.753,0,346.4,120,3698.01,3661.0,3698.5,3735.1,159.45,111.9,151.5,1.0000,50.00,1.0000,100.00,1.0000,200.00,1.0000,500.00,0.9167,999.92,0.0000,1973.50
57,630.165,235.003,0,662.6,120,2449.26,2410.0,2446.5,2489.0,34.57,25.0,32.0,1.0000,50.00,1.0000,100.00,1.0000,200.00,0.9000,499.89,0.0000,984.56,0.0000,1737.58
58,-279.633,339.473,0,55.6,120,4259.11,4229.0,4256.0,4291.2,768.87,506.9,769.5,1.0000,50.00,1.0000,100.00,1.0000,200.00,1.0000,500.00,1.0000,1000.00,0.1833,1998.09
59,-440.893,1131.646,0,861.5,120,1117.86,1088.8,1120.0,1146.2,15.22,11.0,15.0,1.0000,50.00,1.0000,100.00,0.9333,199.92,0.0000,479.99,0.0000,798.19,0.0000,1071.68
60,-276.123,700.264,0,416.1,120,2828.87,2799.0,2830.0,2861.1,109.31,76.0,96.5,1.0000,50.00,1.0000,100.00,1.0000,200.00,1.0000,500.00,0.2833,998.51,0.0000,1918.60
61,-609.849,-36.804,0,97.1,120,4992.44,4963.0,4994.5,5023.2,717.88,463.2,723.5,1.0000,50.00,1.0000,100.00,1.0000,200.00,1.0000,500.00,1.0000,1000.00,0.5167,1999.22
62,177.421,744.241,0,585.3,120,2241.96,2213.9,2241.0,2271.2,49.97,36.0,46.0,1.0000,50.00,1.0000,100.00,1.0000,200.00,0.8917,499.89,0.0000,985.59,0.0000,1744.22
63,-56.383,-640.373,0,26.0,120,5412.27,5382.9,5414.5,5437.0,866.00,578.9,847.5,1.0000,50.00,1.0000,100.00,1.0000,200.00,1.0000,500.00,1.0000,1000.00,0.8000,1999.78
64,-137.456,180.410,0,57.8,120,4819.61,4786.8,4821.0,4855.2,898.90,557.9,897.0,1.0000,50.00,1.0000,100.00,1.0000,200.00,1.0000,500.00,1.0000,1000.00,0.7500,1999.72
65,-294.199,232.228,0,49.8,120,4637.90,4610.8,4639.0,4666.4,922.03,550.6,924.5,1.0000,50.00,1.0000,100.00,1.0000,200.00,1.0000,500.00,1.0000,1000.00,0.6917,1999.60
66,99.583,452.971,0,303.4,120,3547.48,3507.9,3547.0,3583.1,215.89,138.5,199.0,1.0000,50.00,1.0000,100.00,1.0000,200.00,1.0000,500.00,0.8667,999.86,0.0000,1975.98
67,46.555,242.498,0,121.8,120,4441.62,4408.0,4442.5,4473.5,602.60,374.1,590.0,1.0000,50.00,1.0000,100.00,1.0000,200.00,1.0000,500.00,1.0000,1000.00,0.0917,1997.74
68,-39.054,-391.997,0,16.6,120,5719.15,5697.0,5719.0,5743.1,879.78,587.9,894.0,1.0000,50.00,1.0000,100.00,1.0000,200.00,1.0000,500.00,1.0000,1000.00,0.8833,1999.88
69,-1071.116,-331.211,0,615.7,120,3364.80,3326.7,3365.0,3404.0,47.92,34.0,44.0,1.0000,50.00,1.0000,100.00,1.0000,200.00,1.0000,500.00,0.1167,997.73,0.0000,1906.97
70,30.073,564.881,0,356.1,120,3200.94,3165.0,3202.0,3230.2,164.85,108.9,152.0,1.0000,50.00,1.0000,100.00,1.0000,200.00,1.0000,500.00,0.6417,999.58,0.0000,1954.58
71,-224.199,1248.143,0,964.5,120,798.53,770.8,801.0,829.4,9.93,8.0,10.0,1.0000,50.00,1.0000,100.00,0.3917,198.97,0.0000,436.74,0.0000,645.06,0.0000,784.12
72,-251.734,621.758,0,337.6,120,3147.46,3111.9,3148.0,3176.0,180.62,120.7,165.5,1.0000,50.00,1.0000,100.00,1.0000,200.00,1.0000,500.00,0.7083,999.65,0.0000,1959.71
73,470.887,627.486,0,692.6,120,1908.56,1875.8,1910.5,1941.1,31.36,23.0,29.0,1.0000,50.00,1.0000,100.00,1.0000,200.00,0.4417,499.18,0.0000,958.74,0.0000,1570.51
74,220.437,-41.811,0,231.6,120,4937.77,4901.9,4940.5,4969.0,357.32,219.9,333.5,1.0000,50.00,1.0000,100.00,1.0000,200.00,1.0000,500.00,1.0000,1000.00,0.1833,1998.12
75,-224.419,132.011,0,144.9,120,4982.07,4947.9,4983.0,5014.1,743.26,437.8,717.5,1.0000,50.00,1.0000,100.00,1.0000,200.00,1.0000,500.00,1.0000,1000.00,0.8333,1999.83
76,150.315,254.290,0,216.6,120,4204.93,4173.9,4203.0,4238.0,376.85,211.7,334.5,1.0000,50.00,1.0000,100.00,1.0000,200.00,1.0000,500.00,0.9917,999.99,0.0000,1993.15
77,-795.659,-42.996,0,281.6,120,4453.43,4417.7,4452.5,4495.2,258.13,152.7,256.5,1.0000,50.00,1.0000,100.00,1.0000,200.00,1.0000,500.00,1.0000,1000.00,0.0083,1993.80
78,424.739,45.611,0,434.1,120,3962.94,3921.9,3961.5,4005.0,109.86,78.0,102.5,1.0000,50.00,1.0000,100.00,1.0000,200.00,1.0000,500.00,0.8750,999.88,0.0000,1971.71
79,-122.012,611.500,0,344.3,120,3166.32,3135.0,3164.5,3203.1,167.66,105.9,163.0,1.0000,50.00,1.0000,100.00,1.0000,200.00,1.0000,500.00,0.6917,999.67,0.0000,1958.75
80,663.273,535.186,0,801.4,120,1517.69,1485.0,1517.5,1548.1,18.00,14.0,18.0,1.0000,50.00,1.0000,100.00,1.0000,200.00,0.0083,494.60,0.0000,893.27,0.0000,1327.38
81,-835.674,465.058,0,463.8,120,2842.52,2806.7,2842.0,2882.0,94.66,63.0,88.5,1.0000,50.00,1.0000,100.00,1.0000,200.00,1.0000,500.00,0.1083,997.91,0.0000,1896.70
82,-644.230,41.570,0,125.4,120,4721.15,4685.9,4719.5,4751.1,610.67,347.0,590.5,1.0000,50.00,1.0000,100.00,1.0000,200.00,1.0000,500.00,1.0000,1000.00,0.2417,1998.53
83,-433.026,992.800,0,723.2,120,1614.53,1584.0,1614.5,1645.1,26.07,19.0,25.0,1.0000,50.00,1.0000,100.00,1.0000,200.00,0.0917,497.65,0.0000,931.42,0.0000,1450.11
84,-573.894,57.763,0,56.2,120,4840.35,4810.9,4840.0,4874.1,808.38,503.8,810.5,1.0000,50.00,1.0000,100.00,1.0000,200.00,1.0000,500.00,1.0000,1000.00,0.4583,1999.29
85,562.098,53.781,0,571.6,120,3265.97,3225.0,3265.0,3303.2,56.27,40.0,54.0,1.0000,50.00,1.0000,100.00,1.0000,200.00,1.0000,500.00,0.1417,997.84,0.0000,1902.67
86,89.946,2.101,0,99.8,120,5118.94,5085.0,5120.0,5150.1,717.49,420.6,712.0,1.0000,50.00,1.0000,100.00,1.0000,200.00,1.0000,500.00,1.0000,1000.00,0.5917,1999.47
87,-529.668,563.047,0,341.2,120,3175.19,3143.0,3175.0,3208.0,178.53,107.9,163.0,1.0000,50.00,1.0000,100.00,1.0000,200.00,1.0000,500.00,0.7500,999.72,0.0000,1958.69
88,-23.269,-274.531,0,4.6,120,5687.80,5666.0,5688.5,5710.0,879.45,630.5,872.5,1.0000,50.00,1.0000,100.00,1.0000,200.00,1.0000,500.00,1.0000,1000.00,0.9333,1999.93
89,633.469,108.698,0,646.1,120,2745.98,2711.9,2743.5,2786.0,37.84,27.0,37.0,1.0000,50.00,1.0000,100.00,1.0000,200.00,0.9417,499.94,0.0000,991.01,0.0000,1805.12
90,-1031.601,-481.986,0,614.2,120,3521.03,3476.9,3522.5,3562.1,47.27,34.9,45.0,1.0000,50.00,1.0000,100.00,1.0000,200.00,1.0000,500.00,0.1917,998.46,0.0000,1920.72
91,105.100,-742.810,0,138.6,120,4914.32,4881.7,4913.0,4951.1,623.45,376.9,581.5,1.0000,50.00,1.0000,100.00,1.0000,200.00,1.0000,500.00,1.0000,1000.00,0.3917,1999.12
92,-37.746,-372.699,0,15.9,120,5720.00,5695.9,5720.0,5744.2,853.57,563.9,854.5,1.0000,50.00,1.0000,100.00,1.0000,200.00,1.0000,500.00,1.0000,1000.00,0.9417,1999.93
93,511.007,914.455,0,921.6,120,966.43,936.9,965.0,998.1,11.28,9.0,11.0,1.0000,50.00,1.0000,100.00,0.7083,199.66,0.0000,462.83,0.0000,727.25,0.0000,927.95
94,-122.816,488.184,0,225.2,120,3659.22,3632.7,3657.0,3692.3,354.59,204.9,333.5,1.0000,50.00,1.0000,100.00,1.0000,200.00,1.0000,500.00,0.9667,999.97,0.0000,1987.27
95,701.960,737.200,0,942.7,120,928.74,901.9,928.5,956.1,11.23,8.0,11.0,1.0000,50.00,1.0000,100.00,0.7333,199.67,0.0000,456.87,0.0000,704.08,0.0000,888.22
96,619.770,173.417,0,640.6,120,2659.23,2607.8,2656.0,2717.0,38.50,27.0,37.0,1.0000,50.00,1.0000,100.00,1.0000,200.00,0.9500,499.95,0.0000,989.87,0.0000,1790.76
97,-356.325,-548.189,0,24.5,120,5613.93,5585.0,5616.0,5637.0,821.74,521.0,806.5,1.0000,50.00,1.0000,100.00,1.0000,200.00,1.0000,500.00,1.0000,1000.00,0.8000,1999.78
98,-142.043,-405.666,0,119.1,120,5770.18,5746.9,5770.0,5791.1,698.73,418.0,676.0,1.0000,50.00,1.0000,100.00,1.0000,200.00,1.0000,500.00,1.0000,1000.00,0.9417,1999.94
99,-295.038,0.056,0,217.7,120,5318.33,5291.0,5319.5,5349.1,489.52,325.6,449.0,1.0000,50.00,1.0000,100.00,1.0000,200.00,1.0000,500.00,1.0000,1000.00,0.9083,1999.91
100,33.191,1145.901,0,900.5,120,998.31,968.6,1001.0,1026.0,12.18,9.0,12.0,1.0000,50.00,1.0000,100.00,0.8000,199.77,0.0000,467.71,0.0000,746.77,0.0000,963.83
101,-547.671,577.490,0,362.2,120,3088.32,3056.8,3086.5,3117.1,154.42,98.9,148.0,1.0000,50.00,1.0000,100.00,1.0000,200.00,1.0000,500.00,0.6333,999.54,0.0000,1950.94
102,60.779,1036.786,0,803.6,120,1332.62,1301.0,1331.0,1360.1,18.48,14.0,18.0,1.0000,50.00,1.0000,100.00,0.9833,199.98,0.0000,491.45,0.0000,868.73,0.0000,1241.56
103,-1010.274,-271.668,0,542.2,120,3709.35,3666.8,3707.5,3759.0,67.33,48.9,64.0,1.0000,50.00,1.0000,100.00,1.0000,200.00,1.0000,500.00,0.4833,999.15,0.0000,1947.88
104,-476.811,762.999,0,509.0,120,2453.37,2411.9,2456.5,2487.1,70.42,50.9,69.0,1.0000,50.00,1.0000,100.00,1.0000,200.00,1.0000,500.00,0.0000,993.87,0.0000,1835.32
105,-37.309,-700.025,0,5.1,120,5248.20,5219.6,5249.0,5277.1,876.44,581.8,886.0,1.0000,50.00,1.0000,100.00,1.0000,200.00,1.0000,500.00,1.0000,1000.00,0.8000,1999.78
106,350.510,-421.831,0,373.7,120,4836.00,4799.0,4839.5,4867.3,157.28,106.9,147.5,1.0000,50.00,1.0000,100.00,1.0000,200.00,1.0000,500.00,1.0000,1000.00,0.0000,1995.01
107,200.899,-164.254,0,216.0,120,5217.99,5183.9,5217.0,5253.0,419.18,240.9,401.5,1.0000,50.00,1.0000,100.00,1.0000,200.00,1.0000,500.00,1.0000,1000.00,0.3500,1998.97
108,32.195,742.438,0,517.3,120,2486.07,2452.0,2483.5,2521.1,65.97,47.0,64.5,1.0000,50.00,1.0000,100.00,1.0000,200.00,0.9750,499.98,0.0083,993.88,0.0000,1833.07
109,-527.418,944.863,0,697.7,120,1711.88,1682.8,1712.0,1739.3,28.87,21.0,27.5,1.0000,50.00,1.0000,100.00,1.0000,200.00,0.2750,498.58,0.0000,944.88,0.0000,1509.17
110,-232.050,1171.331,0,887.5,120,1038.18,1003.9,1039.0,1072.0,13.37,11.0,12.0,1.0000,50.00,1.0000,100.00,0.8750,199.88,0.0000,473.34,0.0000,766.77,0.0000,1002.51
111,608.064,69.811,0,618.1,120,2976.27,2926.0,2977.5,3017.0,43.82,32.0,43.0,1.0000,50.00,1.0000,100.00,1.0000,200.00,1.0000,500.00,0.0083,994.97,0.0000,1852.17
112,-762.988,-367.448,0,325.8,120,4917.08,4879.5,4916.5,4956.1,215.21,135.8,201.5,1.0000,50.00,1.0000,100.00,1.0000,200.00,1.0000,500.00,0.9833,999.98,0.0000,1996.24
113,-332.419,456.007,0,177.2,120,3790.35,3757.8,3791.5,3824.0,437.09,264.4,415.0,1.0000,50.00,1.0000,100.00,1.0000,200.00,1.0000,500.00,0.9833,999.98,0.0000,1992.57
114,-157.728,-666.185,0,126.5,120,5420.17,5389.9,5423.0,5448.0,710.48,465.3,679.0,1.0000,50.00,1.0000,100.00,1.0000,200.00,1.0000,500.00,1.0000,1000.00,0.7667,1999.73
115,-646.564,-110.353,0,150.1,120,5048.53,5015.8,5046.5,5085.0,546.43,310.9,517.0,1.0000,50.00,1.0000,100.00,1.0000,200.00,1.0000,500.00,1.0000,1000.00,0.3917,1999.09
116,-449.140,949.448,0,683.6,120,1764.19,1733.7,1764.0,1795.1,31.67,23.9,30.0,1.0000,50.00,1.0000,100.00,1.0000,200.00,0.3500,498.92,0.0000,953.00,0.0000,1540.75
117,350.128,671.155,0,633.4,120,2109.16,2075.0,2106.0,2152.2,38.90,29.0,37.0,1.0000,50.00,1.0000,100.00,1.0000,200.00,0.8333,499.82,0.0000,977.45,0.0000,1675.52
118,489.599,-475.620,0,514.4,120,4162.24,4126.7,4160.5,4201.2,77.76,56.0,74.0,1.0000,50.00,1.0000,100.00,1.0000,200.00,1.0000,500.00,0.8333,999.83,0.0000,1973.82
119,374.232,640.883,0,629.0,120,2153.10,2111.9,2154.5,2188.0,38.99,28.0,36.0,1.0000,50.00,1.0000,100.00,1.0000,200.00,0.8000,499.78,0.0000,979.17,0.0000,1691.47
120,482.667,708.882,0,754.7,120,1618.09,1583.0,1620.0,1650.2,22.88,17.0,22.0,1.0000,50.00,1.0000,100.00,1.0000,200.00,0.0333,496.63,0.0000,920.57,0.0000,1411.64
121,-235.158,-596.629,0,130.1,120,5580.17,5556.8,5580.0,5605.0,662.03,432.5,644.0,1.0000,50.00,1.0000,100.00,1.0000,200.00,1.0000,500.00,1.0000,1000.00,0.8083,1999.78
122,497.130,582.637,0,686.1,120,1967.06,1931.6,1971.0,1995.1,30.12,22.0,29.0,1.0000,50.00,1.0000,100.00,1.0000,200.00,0.5083,499.32,0.0000,963.14,0.0000,1593.69
123,19.950,10.656,0,29.5,120,5195.29,5162.9,5194.5,5225.0,855.46,563.4,890.5,1.0000,50.00,1.0000,100.00,1.0000,200.00,1.0000,500.00,1.0000,1000.00,0.7417,1999.72
124,386.524,-154.518,0,401.2,120,4569.46,4527.0,4569.5,4609.0,135.19,98.9,133.0,1.0000,50.00,1.0000,100.00,1.0000,200.00,1.0000,500.00,0.9833,999.98,0.0000,1989.72
125,-593.544,-640.412,0,228.1,120,5114.80,5077.7,5117.0,5148.1,399.01,248.5,361.5,1.0000,50.00,1.0000,100.00,1.0000,200.00,1.0000,500.00,1.0000,1000.00,0.1417,1998.02
126,266.794,-321.741,0,286.8,120,5153.77,5120.8,5153.5,5189.1,271.67,174.9,243.5,1.0000,50.00,1.0000,100.00,1.0000,200.00,1.0000,500.00,1.0000,1000.00,0.1333,1998.07
127,154.521,990.222,0,793.2,120,1378.97,1348.9,1379.0,1408.0,18.89,15.0,18.0,1.0000,50.00,1.0000,100.00,0.9750,199.97,0.0000,492.90,0.0000,878.12,0.0000,1271.78
128,566.246,713.298,0,820.8,120,1364.25,1331.8,1361.5,1405.1,16.63,13.0,16.0,1.0000,50.00,1.0000,100.00,0.9750,199.97,0.0000,491.25,0.0000,864.08,0.0000,1237.38
129,-700.479,-339.760,0,258.4,120,5128.85,5091.8,5130.5,5166.2,307.87,207.8,276.0,1.0000,50.00,1.0000,100.00,1.0000,200.00,1.0000,500.00,1.0000,1000.00,0.1917,1998.54
130,-56.317,-426.227,0,32.8,120,5714.73,5690.0,5716.0,5740.0,835.76,529.0,853.0,1.0000,50.00,1.0000,100.00,1.0000,200.00,1.0000,500.00,1.0000,1000.00,0.9083,1999.88
131,-223.054,-11.593,0,212.6,120,5367.99,5341.9,5368.0,5398.2,473.24,306.3,431.0,1.0000,50.00,1.0000,100.00,1.0000,200.00,1.0000,500.00,1.0000,1000.00,0.9500,1999.95
132,-353.658,-167.860,0,119.9,120,5600.95,5577.0,5602.0,5624.1,701.86,423.5,675.0,1.0000,50.00,1.0000,100.00,1.0000,200.00,1.0000,500.00,1.0000,1000.00,0.9500,1999.95
133,-867.732,95.070,0,352.3,120,3849.43,3807.8,3851.0,3884.2,164.51,113.6,154.5,1.0000,50.00,1.0000,100.00,1.0000,200.00,1.0000,500.00,0.9000,999.90,0.0000,1976.79
134,-1016.419,-189.462,0,528.1,120,3628.01,3590.9,3629.0,3661.2,70.01,49.0,67.0,1.0000,50.00,1.0000,100.00,1.0000,200.00,1.0000,500.00,0.4750,999.36,0.0000,1945.92
135,7.083,-424.806,0,30.6,120,5657.53,5631.9,5659.0,5679.1,848.88,534.1,850.0,1.0000,50.00,1.0000,100.00,1.0000,200.00,1.0000,500.00,1.0000,1000.00,0.8833,1999.87
136,-291.390,282.805,1,0.0,120,4457.62,4433.9,4454.0,4485.1,834.69,560.8,828.5,1.0000,50.00,1.0000,100.00,1.0000,200.00,1.0000,500.00,1.0000,1000.00,0.4250,1999.00
137,-551.335,677.251,0,453.8,120,2698.53,2663.0,2695.0,2740.1,90.19,64.9,85.5,1.0000,50.00,1.0000,100.00,1.0000,200.00,1.0000,500.00,0.1250,997.62,0.0000,1892.02
138,175.039,-270.567,0,193.5,120,5385.25,5360.9,5381.0,5416.1,470.14,271.0,405.5,1.0000,50.00,1.0000,100.00,1.0000,200.00,1.0000,500.00,1.0000,1000.00,0.6167,1999.57
139,94.005,-318.965,0,114.1,120,5563.99,5536.0,5566.0,5593.0,672.13,411.0,647.5,1.0000,50.00,1.0000,100.00,1.0000,200.00,1.0000,500.00,1.0000,1000.00,0.7667,1999.72
140,631.413,717.862,0,874.6,120,1171.59,1142.9,1172.5,1201.3,14.45,11.0,14.0,1.0000,50.00,1.0000,100.00,0.9083,199.91,0.0000,480.73,0.0000,803.75,0.0000,1090.58
141,576.319,736.325,0,843.3,120,1272.77,1246.0,1272.5,1305.0,16.16,12.0,15.0,1.0000,50.00,1.0000,100.00,0.9750,199.97,0.0000,487.13,0.0000,839.34,0.0000,1171.55
142,-33.002,-155.038,0,18.1,120,5577.63,5552.0,5578.0,5603.1,863.24,536.5,864.5,1.0000,50.00,1.0000,100.00,1.0000,200.00,1.0000,500.00,1.0000,1000.00,0.8917,1999.89
143,-523.986,-114.918,0,32.4,120,5316.90,5290.9,5319.0,5342.0,826.77,528.6,820.5,1.0000,50.00,1.0000,100.00,1.0000,200.00,1.0000,500.00,1.0000,1000.00,0.6917,1999.65
144,194.418,-167.305,0,209.6,120,5237.82,5205.0,5238.0,5270.0,422.09,254.8,396.0,1.0000,50.00,1.0000,100.00,1.0000,200.00,1.0000,500.00,1.0000,1000.00,0.4000,1998.92
145,259.780,1096.391,0,933.8,120,901.01,873.4,899.5,928.1,10.98,9.0,11.0,1.0000,50.00,1.0000,100.00,0.5833,199.53,0.0000,454.71,0.0000,699.33,0.0000,875.19
146,346.485,628.504,0,600.5,120,2277.35,2243.0,2277.0,2316.1,44.28,32.9,42.0,1.0000,50.00,1.0000,100.00,1.0000,200.00,0.8833,499.87,0.0000,984.69,0.0000,1737.29
147,-979.139,-304.124,0,519.9,120,3898.68,3852.9,3900.0,3938.1,74.37,52.9,72.0,1.0000,50.00,1.0000,100.00,1.0000,200.00,1.0000,500.00,0.6833,999.59,0.0000,1960.96
148,-774.928,639.033,0,540.5,120,2411.12,2372.8,2413.0,2444.1,59.75,43.9,57.0,1.0000,50.00,1.0000,100.00,1.0000,200.00,0.9750,499.98,0.0000,992.07,0.0000,1808.02
149,101.446,1024.811,0,805.5,120,1328.74,1296.0,1328.0,1361.5,18.45,14.0,17.0,1.0000,50.00,1.0000,100.00,0.9833,199.98,0.0000,491.00,0.0000,866.00,0.0000,1237.26
150,-936.481,-159.227,0,443.2,120,4021.18,3981.0,4022.5,4059.2,103.43,73.0,98.5,1.0000,50.00,1.0000,100.00,1.0000,200.00,1.0000,500.00,0.9000,999.88,0.0000,1974.11
151,-765.437,-414.241,0,339.6,120,4898.64,4864.9,4894.5,4935.1,194.35,129.7,186.0,1.0000,50.00,1.0000,100.00,1.0000,200.00,1.0000,500.00,1.0000,1000.00,0.0083,1995.54
152,-222.257,84.680,0,185.6,120,5121.56,5092.9,5119.0,5152.0,663.04,378.4,598.5,1.0000,50.00,1.0000,100.00,1.0000,200.00,1.0000,500.00,1.0000,1000.00,0.8667,1999.87
153,-909.116,-121.360,0,407.5,120,4103.73,4061.9,4106.0,4147.1,129.68,92.7,120.0,1.0000,50.00,1.0000,100.00,1.0000,200.00,1.0000,500.00,0.9167,999.92,0.0000,1979.50
154,60.538,-799.149,0,95.9,120,4819.52,4792.0,4817.5,4853.0,709.45,460.7,695.0,1.0000,50.00,1.0000,100.00,1.0000,200.00,1.0000,500.00,1.0000,1000.00,0.5167,1999.44
155,-405.024,635.190,0,367.1,120,3025.53,2988.9,3029.5,3059.0,143.70,96.9,128.5,1.0000,50.00,1.0000,100.00,1.0000,200.00,1.0000,500.00,0.5333,999.44,0.0000,1947.36
156,30.627,525.870,0,322.5,120,3360.33,3328.9,3358.5,3400.1,196.92,115.9,186.5,1.0000,50.00,1.0000,100.00,1.0000,200.00,1.0000,500.00,0.8000,999.78,0.0000,1969.58
157,3.643,-214.802,0,20.4,120,5615.00,5590.9,5614.0,5644.0,891.85,629.8,905.5,1.0000,50.00,1.0000,100.00,1.0000,200.00,1.0000,500.00,1.0000,1000.00,0.9083,1999.91
158,39.363,-418.765,0,62.6,120,5615.47,5594.0,5614.0,5638.1,830.98,508.8,839.0,1.0000,50.00,1.0000,100.00,1.0000,200.00,1.0000,500.00,1.0000,1000.00,0.8417,1999.81
159,-838.686,232.775,0,354.7,120,3578.19,3543.0,3575.0,3618.1,160.92,102.0,146.5,1.0000,50.00,1.0000,100.00,1.0000,200.00,1.0000,500.00,0.8167,999.82,0.0000,1968.47
160,-89.879,493.199,0,240.5,120,3620.62,3584.0,3621.0,3653.1,318.75,188.9,295.5,1.0000,50.00,1.0000,100.00,1.0000,200.00,1.0000,500.00,0.9833,999.98,0.0000,1985.22
161,-519.768,693.294,0,456.6,120,2679.33,2645.9,2682.0,2709.1,88.78,61.0,84.5,1.0000,50.00,1.0000,100.00,1.0000,200.00,1.0000,500.00,0.0917,997.30,0.0000,1891.06
162,-157.685,1138.731,0,859.5,120,1128.21,1099.8,1126.0,1157.1,14.35,11.9,14.0,1.0000,50.00,1.0000,100.00,0.9500,199.95,0.0000,481.00,0.0000,802.62,0.0000,1078.88
163,315.094,124.048,0,331.9,120,4180.22,4137.9,4185.5,4217.4,185.62,117.9,162.5,1.0000,50.00,1.0000,100.00,1.0000,200.00,1.0000,500.00,0.9917,999.99,0.0000,1986.78
164,2.763,-941.650,0,42.7,120,4398.80,4361.9,4404.5,4430.1,826.12,526.9,826.5,1.0000,50.00,1.0000,100.00,1.0000,200.00,1.0000,500.00,1.0000,1000.00,0.1833,1998.40
165,231.586,-568.984,0,259.5,120,5046.62,5016.0,5046.0,5078.1,320.68,190.5,300.5,1.0000,50.00,1.0000,100.00,1.0000,200.00,1.0000,500.00,1.0000,1000.00,0.1833,1998.15
166,-109.621,386.083,0,133.8,120,4055.76,4019.9,4056.0,4091.1,629.64,380.5,650.0,1.0000,50.00,1.0000,100.00,1.0000,200.00,1.0000,500.00,1.0000,1000.00,0.0000,1995.58
167,-169.988,-399.044,0,147.3,120,5780.88,5757.0,5781.0,5804.1,605.72,365.8,598.0,1.0000,50.00,1.0000,100.00,1.0000,200.00,1.0000,500.00,1.0000,1000.00,0.9167,1999.92
168,-331.263,171.190,0,98.0,120,4817.24,4783.8,4819.0,4845.1,839.89,470.3,794.0,1.0000,50.00,1.0000,100.00,1.0000,200.00,1.0000,500.00,1.0000,1000.00,0.7833,1999.74
169,-526.803,-77.765,0,26.0,120,5238.32,5212.9,5236.0,5273.0,870.73,584.4,846.5,1.0000,50.00,1.0000,100.00,1.0000,200.00,1.0000,500.00,1.0000,1000.00,0.7917,1999.76
170,-344.964,-555.088,0,33.8,120,5615.43,5588.6,5616.0,5642.0,802.48,525.5,812.5,1.0000,50.00,1.0000,100.00,1.0000,200.00,1.0000,500.00,1.0000,1000.00,0.7417,1999.73
171,-340.057,-621.316,0,22.4,120,5497.10,5472.0,5499.0,5526.0,873.58,610.8,897.0,1.0000,50.00,1.0000,100.00,1.0000,200.00,1.0000,500.00,1.0000,1000.00,0.7000,1999.67
172,-719.724,-211.637,0,245.8,120,4985.55,4948.0,4984.0,5024.1,341.57,198.5,318.5,1.0000,50.00,1.0000,100.00,1.0000,200.00,1.0000,500.00,1.0000,1000.00,0.1250,1997.97
173,-199.533,-452.702,0,175.1,120,5758.89,5734.9,5758.0,5786.0,587.06,383.1,557.5,1.0000,50.00,1.0000,100.00,1.0000,200.00,1.0000,500.00,1.0000,1000.00,0.9000,1999.89
174,197.281,841.029,0,678.7,120,1840.75,1803.0,1840.0,1877.1,31.82,22.9,30.0,1.0000,50.00,1.0000,100.00,1.0000,200.00,0.4917,499.27,0.0000,957.88,0.0000,1565.93
175,231.148,646.155,0,536.1,120,2502.73,2468.9,2502.5,2536.1,63.03,44.0,60.0,1.0000,50.00,1.0000,100.00,1.0000,200.00,0.9833,499.98,0.0000,993.64,0.0000,1820.42
176,256.438,954.127,0,806.3,120,1345.68,1311.8,1344.5,1381.0,18.43,14.0,18.0,1.0000,50.00,1.0000,100.00,0.9917,199.99,0.0000,490.98,0.0000,866.24,0.0000,1244.63
177,-159.985,25.919,0,150.8,120,5274.27,5242.9,5275.0,5301.1,649.19,398.8,603.5,1.0000,50.00,1.0000,100.00,1.0000,200.00,1.0000,500.00,1.0000,1000.00,0.9083,1999.91
178,-268.531,563.678,0,279.4,120,3386.05,3347.0,3388.0,3421.0,245.52,161.9,220.5,1.0000,50.00,1.0000,100.00,1.0000,200.00,1.0000,500.00,0.9167,999.92,0.0000,1977.17
179,-201.402,1189.472,0,906.9,120,976.58,944.0,977.0,1003.1,11.78,9.0,12.0,1.0000,50.00,1.0000,100.00,0.7750,199.74,0.0000,465.18,0.0000,737.24,0.0000,947.33
180,-211.879,966.175,0,683.4,120,1767.53,1733.8,1769.0,1799.0,30.99,23.0,30.0,1.0000,50.00,1.0000,100.00,1.0000,200.00,0.3500,498.97,0.0000,952.83,0.0000,1541.24
181,236.680,97.123,0,250.4,120,4515.69,4477.7,4516.5,4557.4,294.65,171.5,284.5,1.0000,50.00,1.0000,100.00,1.0000,200.00,1.0000,500.00,1.0000,1000.00,0.0000,1994.64
182,-188.771,724.550,0,444.3,120,2728.96,2693.0,2732.5,2763.0,98.87,68.9,94.5,1.0000,50.00,1.0000,100.00,1.0000,200.00,1.0000,500.00,0.1083,997.96,0.0000,1899.88
183,-609.123,404.980,0,255.1,120,3631.53,3600.0,3631.0,3665.1,298.63,186.5,286.5,1.0000,50.00,1.0000,100.00,1.0000,200.00,1.0000,500.00,0.9667,999.97,0.0000,1983.18
184,404.668,379.393,0,499.9,120,2977.72,2940.8,2977.5,3017.4,72.48,54.0,68.5,1.0000,50.00,1.0000,100.00,1.0000,200.00,1.0000,500.00,0.0667,997.50,0.0000,1892.07
185,6.486,-830.916,0,42.9,120,4794.02,4764.7,4793.0,4827.1,854.72,564.8,862.0,1.0000,50.00,1.0000,100.00,1.0000,200.00,1.0000,500.00,1.0000,1000.00,0.6917,1999.62
186,-82.187,-2.417,0,72.1,120,5314.39,5292.8,5313.5,5340.0,838.02,498.9,840.5,1.0000,50.00,1.0000,100.00,1.0000,200.00,1.0000,500.00,1.0000,1000.00,0.9167,1999.92
187,236.768,-189.614,0,252.6,120,5153.60,5113.0,5151.5,5192.2,331.35,194.9,323.0,1.0000,50.00,1.0000,100.00,1.0000,200.00,1.0000,500.00,1.0000,1000.00,0.2917,1998.67
188,600.829,505.651,0,732.4,120,1833.83,1802.0,1833.0,1866.0,24.67,19.0,24.0,1.0000,50.00,1.0000,100.00,1.0000,200.00,0.2583,498.56,0.0000,946.11,0.0000,1512.40
189,-253.950,-78.366,0,238.4,120,5503.47,5477.9,5503.5,5528.0,434.51,304.7,404.0,1.0000,50.00,1.0000,100.00,1.0000,200.00,1.0000,500.00,1.0000,1000.00,0.9167,1999.91
190,-336.426,-217.637,0,124.4,120,5674.81,5645.0,5676.0,5700.0,656.67,400.8,634.5,1.0000,50.00,1.0000,100.00,1.0000,200.00,1.0000,500.00,1.0000,1000.00,0.9333,1999.93
191,-602.669,358.327,0,217.2,120,3815.05,3778.8,3817.5,3854.2,367.43,208.8,339.0,1.0000,50.00,1.0000,100.00,1.0000,200.00,1.0000,500.00,0.9750,999.98,0.0000,1989.22
192,-463.807,-311.858,0,22.1,120,5625.97,5600.9,5628.5,5648.1,828.62,537.5,816.5,1.0000,50.00,1.0000,100.00,1.0000,200.00,1.0000,500.00,1.0000,1000.00,0.9000,1999.90
193,178.825,-435.644,0,202.5,120,5359.10,5328.0,5359.5,5388.1,452.73,291.1,427.0,1.0000,50.00,1.0000,100.00,1.0000,200.00,1.0000,500.00,1.0000,1000.00,0.5167,1999.32
194,177.181,107.357,0,193.1,120,4641.05,4604.9,4640.5,4673.1,434.82,230.7,408.5,1.0000,50.00,1.0000,100.00,1.0000,200.00,1.0000,500.00,1.0000,1000.00,0.0667,1996.93
195,-45.108,236.843,0,46.7,120,4567.97,4530.8,4567.0,4608.0,807.75,503.7,809.5,1.0000,50.00,1.0000,100.00,1.0000,200.00,1.0000,500.00,1.0000,1000.00,0.3917,1998.92
196,-190.138,-136.821,0,175.8,120,5612.93,5585.0,5614.0,5635.0,499.02,328.4,455.5,1.0000,50.00,1.0000,100.00,1.0000,200.00,1.0000,500.00,1.0000,1000.00,0.9167,1999.91
197,-93.118,1162.624,0,891.2,120,1029.12,1005.8,1027.5,1055.2,13.53,10.0,13.0,1.0000,50.00,1.0000,100.00,0.8833,199.88,0.0000,471.61,0.0000,760.53,0.0000,992.83
198,-266.093,305.350,0,21.1,120,4385.64,4357.9,4386.0,4414.0,878.62,578.4,884.5,1.0000,50.00,1.0000,100.00,1.0000,200.00,1.0000,500.00,1.0000,1000.00,0.3083,1998.77
199,-89.581,1059.156,0,789.6,120,1377.33,1347.0,1375.5,1405.2,19.23,14.9,19.0,1.0000,50.00,1.0000,100.00,1.0000,200.00,0.0000,492.68,0.0000,878.66,0.0000,1277.18
200,-412.622,781.179,0,511.4,120,2441.83,2407.9,2441.5,2473.0,71.65,50.0,67.0,1.0000,50.00,1.0000,100.00,1.0000,200.00,0.9833,499.98,0.0000,994.23,0.0000,1834.18
201,390.289,44.725,0,399.6,120,4119.32,4079.9,4116.0,4159.0,126.40,85.9,119.5,1.0000,50.00,1.0000,100.00,1.0000,200.00,1.0000,500.00,0.8917,999.89,0.0000,1979.62
202,-350.410,-439.490,0,56.7,120,5724.82,5700.9,5725.0,5747.1,832.12,532.7,802.5,1.0000,50.00,1.0000,100.00,1.0000,200.00,1.0000,500.00,1.0000,1000.00,0.9000,1999.90
203,-541.520,-573.205,0,161.2,120,5353.24,5323.0,5354.0,5389.0,579.27,326.7,540.0,1.0000,50.00,1.0000,100.00,1.0000,200.00,1.0000,500.00,1.0000,1000.00,0.4917,1999.28
204,-190.866,1029.758,0,748.2,120,1524.15,1488.9,1527.0,1552.1,23.09,17.0,22.0,1.0000,50.00,1.0000,100.00,1.0000,200.00,0.0167,496.16,0.0000,913.54,0.0000,1385.62
205,-173.434,323.079,0,52.5,120,4329.64,4297.0,4329.5,4364.1,780.27,475.7,781.0,1.0000,50.00,1.0000,100.00,1.0000,200.00,1.0000,500.00,1.0000,1000.00,0.1833,1998.38
206,550.933,172.005,0,572.4,120,3005.03,2965.8,3001.0,3052.0,54.33,39.0,52.0,1.0000,50.00,1.0000,100.00,1.0000,200.00,0.9833,499.98,0.0250,996.09,0.0000,1869.64
207,-100.433,1251.714,0,978.3,120,758.47,727.0,758.5,792.1,9.12,7.0,9.0,1.0000,50.00,1.0000,100.00,0.2500,198.52,0.0000,428.40,0.0000,621.37,0.0000,746.19
208,577.431,960.973,0,1000.5,120,722.62,693.9,723.5,754.1,8.42,7.0,8.0,1.0000,50.00,0.9667,99.97,0.0583,197.80,0.0000,417.67,0.0000,595.02,0.0000,707.13
209,-81.503,1427.506,0,1155.1,120,349.51,330.0,348.0,367.3,5.11,4.0,5.0,0.9667,49.97,0.1500,98.08,0.0000,172.38,0.0000,272.12,0.0000,326.13,0.0000,348.88
210,-850.311,387.066,0,431.8,120,3049.72,3009.9,3049.0,3085.2,112.17,71.9,105.5,1.0000,50.00,1.0000,100.00,1.0000,200.00,1.0000,500.00,0.3167,998.82,0.0000,1923.61
211,390.631,933.223,0,861.1,120,1162.44,1128.9,1163.0,1190.1,15.30,12.0,15.0,1.0000,50.00,1.0000,100.00,0.9750,199.97,0.0000,481.47,0.0000,807.46,0.0000,1096.15
212,-172.816,793.535,0,514.7,120,2444.25,2406.0,2445.0,2476.1,69.67,50.0,66.5,1.0000,50.00,1.0000,100.00,1.0000,200.00,0.9917,499.99,0.0000,994.04,0.0000,1833.84
213,-106.228,954.948,0,684.0,120,1772.21,1738.9,1773.5,1808.0,31.41,23.0,30.0,1.0000,50.00,1.0000,100.00,1.0000,200.00,0.3750,498.97,0.0000,952.46,0.0000,1543.83
214,-62.669,-582.128,0,34.2,120,5536.03,5508.9,5539.0,5562.0,837.35,554.3,859.0,1.0000,50.00,1.0000,100.00,1.0000,200.00,1.0000,500.00,1.0000,1000.00,0.8583,1999.82
215,649.252,743.761,0,904.6,120,1054.94,1026.0,1057.0,1080.1,12.43,9.0,12.0,1.0000,50.00,1.0000,100.00,0.9083,199.91,0.0000,471.23,0.0000,759.71,0.0000,996.02
216,-221.088,931.180,0,647.9,120,1903.22,1873.9,1904.0,1932.1,37.06,26.9,36.0,1.0000,50.00,1.0000,100.00,1.0000,200.00,0.5000,499.39,0.0000,966.89,0.0000,1616.74
217,111.085,-534.835,0,138.0,120,5386.60,5360.9,5387.0,5414.1,663.92,408.9,662.0,1.0000,50.00,1.0000,100.00,1.0000,200.00,1.0000,500.00,1.0000,1000.00,0.6917,1999.59
218,256.188,723.772,0,612.8,120,2152.62,2115.9,2156.5,2180.0,42.65,31.0,40.5,1.0000,50.00,1.0000,100.00,1.0000,200.00,0.8000,499.77,0.0000,980.94,0.0000,1703.15
219,-55.719,636.324,0,386.8,120,3012.51,2981.0,3011.5,3046.0,136.18,89.8,132.5,1.0000,50.00,1.0000,100.00,1.0000,200.00,1.0000,500.00,0.4917,999.33,0.0000,1940.58
220,-739.046,18.301,0,220.2,120,4507.24,4471.9,4509.0,4536.2,361.62,232.0,342.0,1.0000,50.00,1.0000,100.00,1.0000,200.00,1.0000,500.00,1.0000,1000.00,0.0167,1995.62
221,-596.522,1237.635,0,998.3,120,704.42,680.0,700.0,737.0,8.80,7.0,9.0,1.0000,50.00,1.0000,100.00,0.1083,197.93,0.0000,415.00,0.0000,588.37,0.0000,694.89
222,597.362,266.467,0,638.5,120,2520.43,2474.9,2524.0,2565.3,38.67,27.0,36.0,1.0000,50.00,1.0000,100.00,1.0000,200.00,0.9333,499.93,0.0000,987.46,0.0000,1763.53
223,-192.512,205.729,0,64.6,120,4748.38,4719.0,4746.5,4781.0,898.90,556.2,882.0,1.0000,50.00,1.0000,100.00,1.0000,200.00,1.0000,500.00,1.0000,1000.00,0.6083,1999.50
224,-0.208,837.104,0,594.8,120,2147.82,2123.0,2146.0,2174.1,47.12,33.9,45.5,1.0000,50.00,1.0000,100.00,1.0000,200.00,0.8583,499.84,0.0000,983.15,0.0000,1724.08
225,-6.120,524.765,0,303.6,120,3411.15,3379.9,3415.0,3442.1,223.97,141.0,199.5,1.0000,50.00,1.0000,100.00,1.0000,200.00,1.0000,500.00,0.9000,999.90,0.0000,1972.49
226,-757.364,423.544,0,376.5,120,3212.43,3179.9,3211.5,3250.4,151.38,93.9,142.0,1.0000,50.00,1.0000,100.00,1.0000,200.00,1.0000,500.00,0.5833,999.48,0.0000,1950.15
227,-470.475,394.155,0,164.2,120,3901.99,3863.9,3906.5,3930.1,498.33,308.0,476.5,1.0000,50.00,1.0000,100.00,1.0000,200.00,1.0000,500.00,1.0000,1000.00,0.0083,1993.84
228,270.345,-182.161,0,285.9,120,5048.02,5012.7,5049.0,5078.3,270.61,177.8,253.0,1.0000,50.00,1.0000,100.00,1.0000,200.00,1.0000,500.00,1.0000,1000.00,0.1000,1997.88
229,-351.524,995.848,0,715.5,120,1641.78,1608.8,1644.0,1669.1,27.09,20.0,26.0,1.0000,50.00,1.0000,100.00,1.0000,200.00,0.1250,497.87,0.0000,934.04,0.0000,1464.28
230,-565.912,349.418,0,185.0,120,3919.47,3885.7,3921.0,3956.1,419.62,245.0,390.0,1.0000,50.00,1.0000,100.00,1.0000,200.00,1.0000,500.00,0.9833,999.98,0.0000,1992.63
231,317.866,-311.365,0,337.6,120,4977.22,4939.8,4978.0,5009.4,195.05,126.9,180.0,1.0000,50.00,1.0000,100.00,1.0000,200.00,1.0000,500.00,0.9833,999.98,0.0333,1996.34
232,-591.914,35.421,0,73.0,120,4860.69,4832.0,4860.5,4888.1,753.53,464.2,769.0,1.0000,50.00,1.0000,100.00,1.0000,200.00,1.0000,500.00,1.0000,1000.00,0.4417,1999.09
233,-165.976,-329.204,0,145.5,120,5783.59,5760.0,5782.5,5808.1,636.48,411.9,610.0,1.0000,50.00,1.0000,100.00,1.0000,200.00,1.0000,500.00,1.0000,1000.00,0.9750,1999.97
234,-726.259,110.591,0,214.4,120,4311.35,4283.0,4309.5,4345.1,388.70,223.9,362.0,1.0000,50.00,1.0000,100.00,1.0000,200.00,1.0000,500.00,1.0000,1000.00,0.0000,1994.28
235,-386.820,813.896,0,539.2,120,2332.22,2303.0,2333.0,2363.0,60.81,44.0,55.5,1.0000,50.00,1.0000,100.00,1.0000,200.00,0.9750,499.98,0.0000,991.46,0.0000,1799.87
236,260.405,-122.737,0,274.1,120,4984.23,4947.0,4980.5,5026.4,296.92,178.7,277.0,1.0000,50.00,1.0000,100.00,1.0000,200.00,1.0000,500.00,0.9833,999.98,0.1167,1997.77
237,692.085,409.262,0,773.9,120,1726.38,1688.8,1726.0,1762.4,21.19,16.0,20.0,1.0000,50.00,1.0000,100.00,1.0000,200.00,0.0583,497.46,0.0000,926.00,0.0000,1439.57
238,-436.916,118.506,0,60.4,120,4886.13,4855.9,4886.5,4918.0,865.43,552.2,878.0,1.0000,50.00,1.0000,100.00,1.0000,200.00,1.0000,500.00,1.0000,1000.00,0.8250,1999.81
239,227.305,-599.537,0,256.2,120,4998.82,4965.0,4998.5,5030.0,301.62,188.9,293.0,1.0000,50.00,1.0000,100.00,1.0000,200.00,1.0000,500.00,1.0000,1000.00,0.1167,1998.21
240,-614.479,764.003,0,559.0,120,2277.24,2244.8,2278.0,2308.1,54.08,39.9,53.0,1.0000,50.00,1.0000,100.00,1.0000,200.00,0.9417,499.94,0.0000,989.15,0.0000,1774.97
241,-978.934,-231.129,0,501.9,120,3864.39,3825.9,3864.5,3904.2,79.25,53.9,75.5,1.0000,50.00,1.0000,100.00,1.0000,200.00,1.0000,500.00,0.7167,999.68,0.0000,1962.80
242,-451.751,-292.014,0,5.6,120,5631.70,5610.9,5630.0,5658.0,879.58,606.1,897.0,1.0000,50.00,1.0000,100.00,1.0000,200.00,1.0000,500.00,1.0000,1000.00,0.9417,1999.92
243,-573.030,51.857,0,54.9,120,4856.56,4823.8,4854.0,4887.1,786.97,507.3,766.0,1.0000,50.00,1.0000,100.00,1.0000,200.00,1.0000,500.00,1.0000,1000.00,0.4750,1999.16
244,25.300,1232.645,0,982.7,120,747.81,720.8,747.0,775.1,9.25,7.0,9.0,1.0000,50.00,1.0000,100.00,0.2417,198.34,0.0000,425.30,0.0000,615.29,0.0000,735.00
245,218.525,972.697,0,804.7,120,1347.78,1318.0,1348.5,1377.0,18.50,14.0,18.0,1.0000,50.00,1.0000,100.00,0.9917,199.99,0.0000,491.31,0.0000,869.31,0.0000,1247.18
246,352.390,643.193,0,615.0,120,2207.78,2174.8,2207.0,2247.0,41.10,30.0,38.0,1.0000,50.00,1.0000,100.00,1.0000,200.00,0.8750,499.88,0.0000,982.55,0.0000,1713.10
247,-306.580,633.157,0,350.4,120,3091.54,3057.9,3091.0,3124.0,160.22,107.0,150.5,1.0000,50.00,1.0000,100.00,1.0000,200.00,1.0000,500.00,0.6583,999.58,0.0000,1954.36
248,156.007,1085.633,0,881.8,120,1071.03,1042.9,1070.0,1104.1,13.62,11.0,13.0,1.0000,50.00,1.0000,100.00,0.9000,199.88,0.0000,475.27,0.0000,776.38,0.0000,1025.98
249,-364.442,957.014,0,678.2,120,1785.03,1750.7,1789.0,1815.0,32.28,23.9,31.0,1.0000,50.00,1.0000,100.00,1.0000,200.00,0.3917,499.02,0.0000,955.12,0.0000,1553.73
250,-230.668,136.829,0,142.4,120,4964.05,4932.0,4965.0,4997.0,783.88,451.8,686.0,1.0000,50.00,1.0000,100.00,1.0000,200.00,1.0000,500.00,1.0000,1000.00,0.8000,1999.79
251,582.183,917.159,0,971.6,120,810.01,788.9,809.0,833.0,9.60,8.0,9.0,1.0000,50.00,1.0000,100.00,0.3250,198.92,0.0000,436.81,0.0000,644.77,0.0000,787.06
252,227.318,355.736,0,335.0,120,3635.78,3600.0,3634.5,3672.1,185.80,115.7,176.0,1.0000,50.00,1.0000,100.00,1.0000,200.00,1.0000,500.00,0.8667,999.86,0.0000,1973.30
253,-455.248,-90.678,0,40.2,120,5376.85,5346.9,5379.5,5408.2,888.27,584.7,908.0,1.0000,50.00,1.0000,100.00,1.0000,200.00,1.0000,500.00,1.0000,1000.00,0.9000,1999.89
254,-902.689,33.604,0,383.7,120,3847.18,3806.9,3847.5,3888.2,136.99,91.0,122.5,1.0000,50.00,1.0000,100.00,1.0000,200.00,1.0000,500.00,0.8667,999.86,0.0000,1973.42
255,316.406,412.319,0,440.5,120,3161.48,3124.9,3161.0,3198.2,98.94,69.0,92.5,1.0000,50.00,1.0000,100.00,1.0000,200.00,1.0000,500.00,0.3750,998.87,0.0000,1927.83
256,-910.199,294.334,0,443.4,120,3123.53,3089.9,3124.0,3160.1,91.78,67.9,87.0,1.0000,50.00,1.0000,100.00,1.0000,200.00,1.0000,500.00,0.3667,998.96,0.0000,1924.35
257,-338.676,699.010,0,418.9,120,2815.18,2782.9,2811.5,2852.1,111.59,76.0,100.0,1.0000,50.00,1.0000,100.00,1.0000,200.00,1.0000,500.00,0.1917,998.51,0.0000,1917.56
258,386.222,-469.389,0,410.9,120,4656.06,4609.0,4659.0,4696.3,135.20,89.0,128.0,1.0000,50.00,1.0000,100.00,1.0000,200.00,1.0000,500.00,0.9917,999.98,0.0000,1991.39
259,-851.612,486.919,0,489.8,120,2722.53,2681.9,2720.0,2763.3,79.33,54.0,74.0,1.0000,50.00,1.0000,100.00,1.0000,200.00,0.9917,499.99,0.0250,996.67,0.0000,1873.17
260,369.813,-488.845,0,395.1,120,4699.56,4662.8,4697.5,4736.2,145.17,100.7,139.0,1.0000,50.00,1.0000,100.00,1.0000,200.00,1.0000,500.00,0.9583,999.96,0.0000,1992.80
261,-225.269,44.621,0,213.2,120,5230.08,5201.9,5230.0,5258.0,546.88,344.0,538.0,1.0000,50.00,1.0000,100.00,1.0000,200.00,1.0000,500.00,1.0000,1000.00,0.8583,1999.84
262,378.275,967.467,0,882.0,120,1083.38,1056.0,1083.5,1105.2,13.62,11.0,13.5,1.0000,50.00,1.0000,100.00,0.8750,199.88,0.0000,475.52,0.0000,778.30,0.0000,1031.94
263,-345.241,1082.775,0,801.6,120,1329.46,1296.9,1334.5,1359.1,18.79,15.0,18.0,1.0000,50.00,1.0000,100.00,0.9833,199.98,0.0000,491.89,0.0000,867.68,0.0000,1243.38
264,-352.559,658.175,0,380.1,120,2969.20,2939.9,2966.0,3002.1,141.72,88.8,131.0,1.0000,50.00,1.0000,100.00,1.0000,200.00,1.0000,500.00,0.4250,999.13,0.0000,1940.28
265,537.834,467.976,0,659.1,120,2180.81,2145.0,2183.5,2216.1,34.42,25.9,32.0,1.0000,50.00,1.0000,100.00,1.0000,200.00,0.7583,499.73,0.0000,976.23,0.0000,1672.01
266,86.939,696.541,0,499.0,120,2590.07,2551.9,2590.5,2624.3,75.30,51.9,72.0,1.0000,50.00,1.0000,100.00,1.0000,200.00,0.9917,499.99,0.0333,995.68,0.0000,1854.67
267,93.660,1073.522,0,848.8,120,1174.57,1139.0,1174.0,1206.3,14.80,11.9,14.0,1.0000,50.00,1.0000,100.00,0.9500,199.95,0.0000,483.26,0.0000,817.53,0.0000,1114.88
268,-794.591,533.858,0,477.2,120,2726.81,2690.9,2727.5,2760.3,82.12,57.0,78.0,1.0000,50.00,1.0000,100.00,1.0000,200.00,1.0000,500.00,0.0333,996.80,0.0000,1881.60
269,-472.573,-141.844,0,10.9,120,5443.92,5417.0,5442.0,5470.0,868.19,583.0,860.5,1.0000,50.00,1.0000,100.00,1.0000,200.00,1.0000,500.00,1.0000,1000.00,0.8667,1999.85
270,146.106,981.160,0,781.5,120,1421.00,1390.0,1421.0,1449.1,20.04,16.0,19.0,1.0000,50.00,1.0000,100.00,1.0000,200.00,0.0167,493.32,0.0000,888.68,0.0000,1302.70
271,-588.347,-612.691,0,216.3,120,5185.12,5160.8,5186.0,5215.1,415.73,237.8,363.0,1.0000,50.00,1.0000,100.00,1.0000,200.00,1.0000,500.00,1.0000,1000.00,0.1500,1998.41
272,319.254,224.411,0,360.1,120,3834.30,3795.9,3831.5,3875.1,153.46,96.7,144.0,1.0000,50.00,1.0000,100.00,1.0000,200.00,1.0000,500.00,0.8833,999.88,0.0000,1975.37
273,-401.891,192.102,0,41.6,120,4691.82,4660.7,4692.5,4719.2,925.29,589.9,947.0,1.0000,50.00,1.0000,100.00,1.0000,200.00,1.0000,500.00,1.0000,1000.00,0.5833,1999.42
274,-855.654,227.919,0,369.1,120,3527.73,3485.9,3526.5,3568.7,147.40,94.6,142.0,1.0000,50.00,1.0000,100.00,1.0000,200.00,1.0000,500.00,0.7750,999.77,0.0000,1963.48
275,-621.398,901.632,0,687.7,120,1759.48,1728.7,1761.5,1790.1,30.90,24.0,29.0,1.0000,50.00,1.0000,100.00,1.0000,200.00,0.3000,498.88,0.0000,951.39,0.0000,1534.83
276,594.582,355.808,0,663.7,120,2281.14,2242.9,2282.5,2322.0,34.55,25.0,33.0,1.0000,50.00,1.0000,100.00,1.0000,200.00,0.8083,499.78,0.0000,979.80,0.0000,1697.56
277,-248.083,-646.573,0,106.6,120,5475.96,5449.9,5476.0,5505.0,707.33,418.5,700.0,1.0000,50.00,1.0000,100.00,1.0000,200.00,1.0000,500.00,1.0000,1000.00,0.7500,1999.72
278,422.039,-161.597,0,436.9,120,4411.39,4366.9,4410.5,4453.1,109.50,80.0,105.5,1.0000,50.00,1.0000,100.00,1.0000,200.00,1.0000,500.00,0.9333,999.93,0.0000,1984.85
279,-385.617,968.726,0,692.3,120,1732.52,1704.0,1728.5,1771.2,30.19,21.9,29.0,1.0000,50.00,1.0000,100.00,1.0000,200.00,0.2000,498.62,0.0000,948.59,0.0000,1522.16
280,-214.718,563.180,0,281.2,120,3388.87,3353.0,3389.0,3421.1,257.73,154.1,243.5,1.0000,50.00,1.0000,100.00,1.0000,200.00,1.0000,500.00,0.9083,999.90,0.0000,1977.35
281,-46.742,-55.793,0,35.0,120,5417.94,5390.0,5415.5,5451.2,857.85,507.5,897.0,1.0000,50.00,1.0000,100.00,1.0000,200.00,1.0000,500.00,1.0000,1000.00,0.9333,1999.93
282,394.162,-63.749,0,405.9,120,4364.11,4324.7,4364.0,4400.1,133.80,92.9,128.5,1.0000,50.00,1.0000,100.00,1.0000,200.00,1.0000,500.00,0.9500,999.95,0.0000,1985.96
283,-136.316,432.328,0,167.8,120,3888.49,3859.9,3885.5,3922.0,446.94,261.8,417.0,1.0000,50.00,1.0000,100.00,1.0000,200.00,1.0000,500.00,1.0000,1000.00,0.0000,1993.53
284,-422.813,-402.694,0,4.6,120,5682.40,5656.0,5685.0,5707.1,865.83,549.4,877.0,1.0000,50.00,1.0000,100.00,1.0000,200.00,1.0000,500.00,1.0000,1000.00,0.8917,1999.88
285,-922.467,-399.056,0,488.2,120,4194.48,4153.8,4193.0,4242.1,87.68,64.0,84.0,1.0000,50.00,1.0000,100.00,1.0000,200.00,1.0000,500.00,0.8667,999.85,0.0000,1976.22
286,-45.035,10.443,0,35.4,120,5262.82,5232.0,5263.0,5291.2,925.40,640.6,931.5,1.0000,50.00,1.0000,100.00,1.0000,200.00,1.0000,500.00,1.0000,1000.00,0.8583,1999.86
287,630.209,780.519,0,913.0,120,1018.23,984.9,1019.5,1050.1,11.69,9.0,11.0,1.0000,50.00,1.0000,100.00,0.8083,199.78,0.0000,468.18,0.0000,747.27,0.0000,968.17
288,-36.661,-328.644,0,16.3,120,5718.71,5690.9,5720.0,5744.0,859.49,540.0,877.0,1.0000,50.00,1.0000,100.00,1.0000,200.00,1.0000,500.00,1.0000,1000.00,0.9333,1999.93
289,-242.661,581.910,0,298.1,120,3312.78,3278.0,3312.0,3350.2,224.24,145.9,196.0,1.0000,50.00,1.0000,100.00,1.0000,200.00,1.0000,500.00,0.9000,999.89,0.0000,1973.31
290,-335.950,495.048,0,216.3,120,3634.05,3603.0,3631.0,3662.2,336.89,201.4,311.0,1.0000,50.00,1.0000,100.00,1.0000,200.00,1.0000,500.00,0.9833,999.98,0.0000,1988.19
291,-222.579,613.372,0,330.6,120,3184.33,3145.0,3186.5,3220.2,183.97,118.7,175.5,1.0000,50.00,1.0000,100.00,1.0000,200.00,1.0000,500.00,0.7167,999.70,0.0000,1962.53
292,289.675,611.217,0,548.3,120,2492.82,2459.8,2493.5,2530.3,58.20,41.0,55.5,1.0000,50.00,1.0000,100.00,1.0000,200.00,0.9750,499.98,0.0000,992.72,0.0000,1811.15
293,84.760,-828.161,0,121.0,120,4686.28,4653.0,4688.5,4717.1,674.62,395.0,660.5,1.0000,50.00,1.0000,100.00,1.0000,200.00,1.0000,500.00,1.0000,1000.00,0.4417,1999.12
294,-236.737,84.408,0,193.5,120,5117.09,5084.0,5120.0,5146.0,602.67,360.7,571.5,1.0000,50.00,1.0000,100.00,1.0000,200.00,1.0000,500.00,1.0000,1000.00,0.8583,1999.85
295,80.677,37.798,0,89.9,120,5036.92,5001.0,5036.5,5073.0,736.01,427.2,681.0,1.0000,50.00,1.0000,100.00,1.0000,200.00,1.0000,500.00,1.0000,1000.00,0.4583,1999.17
296,116.509,-232.196,0,133.8,120,5475.74,5446.8,5473.5,5506.0,662.48,362.1,671.0,1.0000,50.00,1.0000,100.00,1.0000,200.00,1.0000,500.00,1.0000,1000.00,0.7500,1999.71
297,-70.786,-414.140,0,47.6,120,5730.43,5706.9,5730.5,5752.2,821.89,508.7,813.5,1.0000,50.00,1.0000,100.00,1.0000,200.00,1.0000,500.00,1.0000,1000.00,0.8917,1999.89
298,-555.939,200.844,0,83.6,120,4445.16,4416.9,4441.5,4481.1,726.29,442.4,715.0,1.0000,50.00,1.0000,100.00,1.0000,200.00,1.0000,500.00,1.0000,1000.00,0.1750,1997.98
299,-320.474,578.161,0,296.8,120,3305.29,3270.0,3305.5,3341.3,224.54,140.0,210.0,1.0000,50.00,1.0000,100.00,1.0000,200.00,1.0000,500.00,0.8583,999.86,0.0000,1972.62
300,-262.542,-101.882,0,224.4,120,5546.92,5524.9,5548.0,5573.3,461.14,282.8,430.0,1.0000,50.00,1.0000,100.00,1.0000,200.00,1.0000,500.00,1.0000,1000.00,0.9667,1999.97
301,-100.293,333.131,0,90.2,120,4257.48,4222.9,4257.5,4289.0,691.38,408.9,680.0,1.0000,50.00,1.0000,100.00,1.0000,200.00,1.0000,500.00,1.0000,1000.00,0.0833,1997.49
302,-993.422,-435.712,0,565.9,120,3781.84,3740.9,3784.0,3824.4,57.68,42.0,53.5,1.0000,50.00,1.0000,100.00,1.0000,200.00,1.0000,500.00,0.4250,999.19,0.0000,1947.70
303,-685.804,973.781,0,779.4,120,1414.81,1384.9,1413.5,1447.0,20.88,16.0,20.0,1.0000,50.00,1.0000,100.00,1.0000,200.00,0.0083,493.52,0.0000,888.02,0.0000,1305.17
304,-847.389,48.070,0,328.7,120,4045.31,4004.0,4049.0,4083.1,193.69,115.9,179.0,1.0000,50.00,1.0000,100.00,1.0000,200.00,1.0000,500.00,0.9500,999.95,0.0000,1984.04
305,-852.796,451.590,0,469.6,120,2834.81,2797.9,2834.0,2874.3,86.72,61.0,78.5,1.0000,50.00,1.0000,100.00,1.0000,200.00,1.0000,500.00,0.1167,997.67,0.0000,1892.73
306,22.163,-960.190,0,62.7,120,4308.18,4274.0,4311.5,4345.3,824.08,552.9,827.0,1.0000,50.00,1.0000,100.00,1.0000,200.00,1.0000,500.00,1.0000,1000.00,0.1417,1997.89
307,-240.236,-183.624,0,224.3,120,5676.91,5649.9,5677.0,5704.1,446.90,287.3,429.5,1.0000,50.00,1.0000,100.00,1.0000,200.00,1.0000,500.00,1.0000,1000.00,0.9500,1999.95
308,-304.645,1148.582,0,865.0,120,1113.20,1083.8,1114.0,1143.1,14.57,12.0,14.0,1.0000,50.00,1.0000,100.00,0.9333,199.93,0.0000,479.49,0.0000,796.36,0.0000,1066.81
309,-192.988,453.534,0,175.2,120,3825.28,3792.8,3823.5,3862.1,455.72,273.8,408.5,1.0000,50.00,1.0000,100.00,1.0000,200.00,1.0000,500.00,1.0000,1000.00,0.0000,1992.62
310,69.283,-150.436,0,84.0,120,5455.26,5427.8,5457.0,5483.0,774.83,505.3,759.0,1.0000,50.00,1.0000,100.00,1.0000,200.00,1.0000,500.00,1.0000,1000.00,0.8750,1999.87
311,-952.733,-257.983,0,483.1,120,4021.61,3973.7,4021.0,4067.8,88.16,63.9,83.0,1.0000,50.00,1.0000,100.00,1.0000,200.00,1.0000,500.00,0.7667,999.73,0.0000,1970.37
312,518.934,868.221,0,892.6,120,1064.77,1035.9,1062.0,1096.2,12.85,10.0,12.0,1.0000,50.00,1.0000,100.00,0.8917,199.88,0.0000,472.64,0.0000,768.23,0.0000,1010.72
313,-227.974,1178.099,0,894.4,120,1013.61,985.0,1013.0,1045.0,13.17,10.0,12.0,1.0000,50.00,1.0000,100.00,0.8667,199.86,0.0000,469.23,0.0000,755.53,0.0000,980.78
314,-230.335,783.366,0,499.8,120,2488.09,2452.7,2490.5,2523.0,71.11,50.9,67.0,1.0000,50.00,1.0000,100.00,1.0000,200.00,0.9917,499.99,0.0000,994.59,0.0000,1846.60
315,-49.749,-539.935,0,22.6,120,5588.50,5563.0,5591.0,5610.2,838.72,565.5,848.5,1.0000,50.00,1.0000,100.00,1.0000,200.00,1.0000,500.00,1.0000,1000.00,0.8083,1999.79
316,863.579,776.730,0,1097.9,120,494.54,471.8,494.0,517.0,6.06,5.0,6.0,1.0000,50.00,0.7250,99.71,0.0000,188.72,0.0000,341.88,0.0000,438.25,0.0000,488.71
317,80.382,-727.620,0,113.5,120,5007.53,4974.0,5008.5,5039.1,719.83,424.7,710.5,1.0000,50.00,1.0000,100.00,1.0000,200.00,1.0000,500.00,1.0000,1000.00,0.5333,1999.37
318,-165.058,54.580,0,152.8,120,5200.39,5171.9,5201.0,5227.0,671.26,399.4,630.5,1.0000,50.00,1.0000,100.00,1.0000,200.00,1.0000,500.00,1.0000,1000.00,0.8750,1999.88
319,-510.567,-216.264,0,44.1,120,5483.00,5455.0,5485.0,5509.1,822.90,566.6,826.0,1.0000,50.00,1.0000,100.00,1.0000,200.00,1.0000,500.00,1.0000,1000.00,0.8667,1999.86
320,142.159,-719.233,0,174.9,120,4912.01,4877.6,4913.5,4942.0,548.18,297.8,527.0,1.0000,50.00,1.0000,100.00,1.0000,200.00,1.0000,500.00,1.0000,1000.00,0.3083,1998.77
321,431.883,698.417,0,710.5,120,1796.13,1760.0,1796.5,1830.0,27.10,20.0,26.0,1.0000,50.00,1.0000,100.00,1.0000,200.00,0.2333,498.62,0.0000,947.17,0.0000,1518.63
322,19.420,1147.094,0,898.2,120,1007.62,979.7,1004.5,1036.1,13.15,10.0,13.0,1.0000,50.00,1.0000,100.00,0.8167,199.80,0.0000,468.73,0.0000,751.98,0.0000,973.44
323,-110.704,-107.564,0,97.3,120,5548.30,5526.8,5548.0,5571.0,742.75,474.2,717.0,1.0000,50.00,1.0000,100.00,1.0000,200.00,1.0000,500.00,1.0000,1000.00,0.8833,1999.88
324,-310.231,1258.932,0,975.5,120,767.92,739.9,770.0,794.0,9.26,7.0,9.0,1.0000,50.00,1.0000,100.00,0.2500,198.71,0.0000,430.32,0.0000,627.60,0.0000,755.38
325,-16.654,-583.085,0,11.9,120,5488.76,5465.6,5488.0,5515.0,904.04,540.4,958.0,1.0000,50.00,1.0000,100.00,1.0000,200.00,1.0000,500.00,1.0000,1000.00,0.7750,1999.76
326,395.851,344.721,0,476.5,120,3133.13,3103.0,3132.0,3169.1,83.22,57.0,78.5,1.0000,50.00,1.0000,100.00,1.0000,200.00,1.0000,500.00,0.2083,998.46,0.0000,1914.08
327,486.626,274.424,0,534.7,120,2996.67,2962.7,2994.0,3034.1,61.67,44.0,58.0,1.0000,50.00,1.0000,100.00,1.0000,200.00,1.0000,500.00,0.0250,996.96,0.0000,1881.16
328,447.069,751.886,0,758.9,120,1583.82,1549.8,1583.0,1618.2,22.76,18.0,22.0,1.0000,50.00,1.0000,100.00,1.0000,200.00,0.0250,496.46,0.0000,916.47,0.0000,1394.52
329,-176.331,323.285,0,51.8,120,4325.51,4289.6,4326.0,4357.3,789.39,513.8,758.5,1.0000,50.00,1.0000,100.00,1.0000,200.00,1.0000,500.00,1.0000,1000.00,0.1833,1998.13
330,-291.217,-143.467,0,186.4,120,5603.39,5578.9,5605.0,5626.0,524.44,321.5,485.0,1.0000,50.00,1.0000,100.00,1.0000,200.00,1.0000,500.00,1.0000,1000.00,0.9333,1999.93
331,4.055,1293.697,0,1037.5,120,600.81,578.9,601.0,625.1,7.36,6.0,7.0,1.0000,50.00,0.9667,99.97,0.0083,195.11,0.0000,384.89,0.0000,520.12,0.0000,595.37
332,220.490,-91.709,0,233.2,120,5044.23,5006.9,5044.5,5078.0,365.62,207.9,341.5,1.0000,50.00,1.0000,100.00,1.0000,200.00,1.0000,500.00,1.0000,1000.00,0.1917,1998.33
333,219.798,-464.054,0,244.4,120,5232.52,5202.9,5231.0,5265.1,344.45,219.9,311.5,1.0000,50.00,1.0000,100.00,1.0000,200.00,1.0000,500.00,1.0000,1000.00,0.3750,1998.88
334,-344.129,483.584,0,206.3,120,3672.78,3637.0,3673.5,3706.1,372.40,231.0,349.0,1.0000,50.00,1.0000,100.00,1.0000,200.00,1.0000,500.00,0.9917,999.99,0.0000,1989.33
335,-2.014,-628.859,0,28.0,120,5379.48,5353.3,5377.0,5410.1,844.58,520.6,864.5,1.0000,50.00,1.0000,100.00,1.0000,200.00,1.0000,500.00,1.0000,1000.00,0.7333,1999.68
336,-1030.158,-189.430,0,541.4,120,3548.47,3505.0,3547.0,3596.3,65.71,46.0,62.0,1.0000,50.00,1.0000,100.00,1.0000,200.00,1.0000,500.00,0.4500,999.12,0.0000,1937.52
337,-169.103,136.027,0,112.1,120,4969.38,4943.0,4968.0,4998.1,855.56,533.4,835.5,1.0000,50.00,1.0000,100.00,1.0000,200.00,1.0000,500.00,1.0000,1000.00,0.8000,1999.79
338,-719.426,250.513,0,251.3,120,3904.51,3872.9,3902.5,3935.1,299.53,177.8,275.0,1.0000,50.00,1.0000,100.00,1.0000,200.00,1.0000,500.00,0.9667,999.97,0.0000,1987.54
339,-695.193,867.380,0,687.5,120,1768.76,1736.9,1766.0,1803.4,30.52,23.0,29.0,1.0000,50.00,1.0000,100.00,1.0000,200.00,0.3083,498.90,0.0000,951.55,0.0000,1537.79
340,344.841,888.843,0,798.4,120,1386.12,1353.0,1385.5,1421.0,19.58,15.0,19.0,1.0000,50.00,1.0000,100.00,0.9917,199.99,0.0000,492.26,0.0000,876.09,0.0000,1269.01
341,599.949,476.563,0,718.0,120,1914.16,1877.0,1918.0,1947.2,26.25,19.0,26.0,1.0000,50.00,1.0000,100.00,1.0000,200.00,0.3500,498.98,0.0000,953.05,0.0000,1550.88
342,-256.250,322.621,0,38.4,120,4328.18,4297.7,4330.0,4357.1,829.41,548.9,834.5,1.0000,50.00,1.0000,100.00,1.0000,200.00,1.0000,500.00,1.0000,1000.00,0.1833,1998.33
343,-147.548,1095.177,0,817.3,120,1276.56,1250.8,1274.5,1304.0,17.18,13.0,17.0,1.0000,50.00,1.0000,100.00,0.9833,199.98,0.0000,489.27,0.0000,851.48,0.0000,1200.29
344,171.889,-197.607,0,188.0,120,5333.81,5301.0,5334.5,5368.2,485.23,286.0,444.0,1.0000,50.00,1.0000,100.00,1.0000,200.00,1.0000,500.00,1.0000,1000.00,0.5250,1999.37
345,-739.834,916.829,0,752.0,120,1521.32,1491.0,1519.5,1551.5,22.70,17.0,21.0,1.0000,50.00,1.0000,100.00,1.0000,200.00,0.0083,496.07,0.0000,912.23,0.0000,1379.22
346,-712.559,44.197,0,193.8,120,4524.97,4492.0,4519.0,4559.1,408.21,235.8,378.0,1.0000,50.00,1.0000,100.00,1.0000,200.00,1.0000,500.00,1.0000,1000.00,0.0417,1996.60
347,-394.472,592.194,0,322.8,120,3206.62,3171.9,3203.0,3241.6,194.04,128.0,181.0,1.0000,50.00,1.0000,100.00,1.0000,200.00,1.0000,500.00,0.7917,999.79,0.0000,1964.83
348,124.418,312.574,0,225.8,120,4039.92,4003.9,4037.0,4071.1,364.56,200.4,336.0,1.0000,50.00,1.0000,100.00,1.0000,200.00,1.0000,500.00,0.9917,999.99,0.0000,1991.13
349,372.217,900.596,0,823.9,120,1295.85,1259.9,1299.0,1330.0,17.49,13.0,16.0,1.0000,50.00,1.0000,100.00,0.9833,199.98,0.0000,489.28,0.0000,852.18,0.0000,1201.80
350,238.101,932.354,0,778.3,120,1446.47,1414.9,1444.0,1485.0,20.43,15.0,20.0,1.0000,50.00,1.0000,100.00,1.0000,200.00,0.0000,494.82,0.0000,892.62,0.0000,1318.38
351,-637.174,-394.119,0,210.3,120,5314.37,5290.9,5313.0,5339.0,434.00,260.0,396.5,1.0000,50.00,1.0000,100.00,1.0000,200.00,1.0000,500.00,1.0000,1000.00,0.3833,1999.14
352,254.957,-514.836,0,281.2,120,5069.32,5032.9,5074.0,5100.4,290.32,182.7,272.0,1.0000,50.00,1.0000,100.00,1.0000,200.00,1.0000,500.00,1.0000,1000.00,0.1583,1998.14
353,-219.309,515.686,0,233.5,120,3577.71,3545.7,3579.5,3612.0,313.56,185.0,297.5,1.0000,50.00,1.0000,100.00,1.0000,200.00,1.0000,500.00,0.9583,999.96,0.0000,1985.93
354,37.779,1137.872,0,894.0,120,1017.95,986.0,1020.0,1047.1,13.02,10.0,12.0,1.0000,50.00,1.0000,100.00,0.8250,199.82,0.0000,470.04,0.0000,755.97,0.0000,982.33
355,-813.948,-5.143,0,296.0,120,4302.82,4268.0,4302.0,4335.2,220.82,148.0,196.5,1.0000,50.00,1.0000,100.00,1.0000,200.00,1.0000,500.00,1.0000,1000.00,0.0000,1990.70
356,-201.254,-173.442,0,185.7,120,5664.77,5641.9,5665.0,5685.3,503.69,305.8,485.0,1.0000,50.00,1.0000,100.00,1.0000,200.00,1.0000,500.00,1.0000,1000.00,0.9250,1999.92
357,307.581,564.609,0,528.2,120,2616.38,2576.9,2618.0,2649.4,68.10,46.0,62.0,1.0000,50.00,1.0000,100.00,1.0000,200.00,0.9833,499.98,0.0000,994.58,0.0000,1840.17
358,151.010,-629.333,0,180.9,120,5124.51,5091.9,5123.0,5155.1,490.27,302.9,472.5,1.0000,50.00,1.0000,100.00,1.0000,200.00,1.0000,500.00,1.0000,1000.00,0.3750,1999.02
359,292.664,-191.658,0,308.5,120,4981.57,4947.9,4981.5,5012.1,230.19,148.9,220.5,1.0000,50.00,1.0000,100.00,1.0000,200.00,1.0000,500.00,1.0000,1000.00,0.0750,1997.33
360,343.126,935.375,0,835.7,120,1246.46,1210.8,1247.5,1278.3,16.20,13.0,15.5,1.0000,50.00,1.0000,100.00,0.9833,199.98,0.0000,485.93,0.0000,836.73,0.0000,1164.06
361,-374.071,165.333,0,80.0,120,4804.55,4774.0,4805.0,4835.0,880.12,553.7,843.5,1.0000,50.00,1.0000,100.00,1.0000,200.00,1.0000,500.00,1.0000,1000.00,0.7083,1999.67
362,-442.131,252.623,0,30.7,120,4447.88,4417.9,4447.5,4480.1,791.09,495.9,811.0,1.0000,50.00,1.0000,100.00,1.0000,200.00,1.0000,500.00,1.0000,1000.00,0.2833,1998.84
363,-191.704,-632.016,0,161.5,120,5502.83,5475.0,5502.0,5532.0,631.02,411.8,606.0,1.0000,50.00,1.0000,100.00,1.0000,200.00,1.0000,500.00,1.0000,1000.00,0.8167,1999.80
364,-62.464,668.184,0,415.0,120,2883.05,2844.5,2883.5,2919.0,117.07,72.0,109.5,1.0000,50.00,1.0000,100.00,1.0000,200.00,1.0000,500.00,0.3583,998.91,0.0000,1923.14
365,470.603,423.506,0,578.8,120,2582.82,2547.7,2582.5,2617.1,49.78,36.0,47.0,1.0000,50.00,1.0000,100.00,1.0000,200.00,0.9833,499.98,0.0000,991.49,0.0000,1805.77
366,-366.786,-472.468,0,32.8,120,5690.93,5665.9,5692.0,5714.1,863.54,522.2,852.5,1.0000,50.00,1.0000,100.00,1.0000,200.00,1.0000,500.00,1.0000,1000.00,0.8583,1999.86
367,382.685,318.969,0,453.7,120,3275.53,3242.0,3274.5,3310.5,92.90,61.0,86.0,1.0000,50.00,1.0000,100.00,1.0000,200.00,1.0000,500.00,0.4833,999.28,0.0000,1932.13
368,-220.669,918.395,0,635.2,120,1953.40,1924.0,1953.5,1985.0,38.73,28.9,37.5,1.0000,50.00,1.0000,100.00,1.0000,200.00,0.7333,499.72,0.0000,971.78,0.0000,1643.72
369,-623.687,411.934,0,270.2,120,3582.10,3548.0,3582.0,3615.2,262.46,162.9,250.5,1.0000,50.00,1.0000,100.00,1.0000,200.00,1.0000,500.00,0.9167,999.92,0.0000,1981.54
370,-711.930,-38.688,0,198.1,120,4723.27,4687.9,4723.5,4760.2,429.33,251.5,402.0,1.0000,50.00,1.0000,100.00,1.0000,200.00,1.0000,500.00,1.0000,1000.00,0.0750,1997.51
371,-377.238,1101.440,0,823.1,120,1252.45,1220.9,1251.0,1282.1,16.76,13.0,16.0,1.0000,50.00,1.0000,100.00,0.9833,199.98,0.0000,488.19,0.0000,844.53,0.0000,1182.99
372,-234.854,1149.245,0,865.3,120,1108.30,1081.0,1109.5,1136.1,14.82,11.0,14.0,1.0000,50.00,1.0000,100.00,0.9417,199.94,0.0000,479.07,0.0000,793.73,0.0000,1062.04
373,370.369,913.610,0,833.4,120,1264.01,1235.0,1260.5,1297.0,16.32,12.9,15.0,1.0000,50.00,1.0000,100.00,0.9833,199.98,0.0000,488.26,0.0000,843.42,0.0000,1177.47
374,-366.600,987.059,0,708.3,120,1668.61,1634.9,1667.5,1705.2,27.12,21.0,26.0,1.0000,50.00,1.0000,100.00,1.0000,200.00,0.1167,498.17,0.0000,938.70,0.0000,1482.14
375,27.309,300.599,0,143.2,120,4250.19,4212.9,4249.0,4287.0,560.27,357.5,510.5,1.0000,50.00,1.0000,100.00,1.0000,200.00,1.0000,500.00,1.0000,1000.00,0.0250,1996.19
376,-939.471,339.161,0,488.2,120,2881.70,2846.9,2879.0,2919.1,74.91,54.0,70.5,1.0000,50.00,1.0000,100.00,1.0000,200.00,1.0000,500.00,0.0917,997.61,0.0000,1887.18
377,-303.004,1228.008,0,944.4,120,859.73,826.0,861.0,891.0,10.65,8.0,10.0,1.0000,50.00,0.9917,99.99,0.5583,199.39,0.0000,449.59,0.0000,679.72,0.0000,841.12
378,-66.726,333.767,0,107.9,120,4229.68,4195.7,4231.0,4260.5,664.46,406.0,675.5,1.0000,50.00,1.0000,100.00,1.0000,200.00,1.0000,500.00,1.0000,1000.00,0.1083,1997.09
379,35.448,31.611,0,44.6,120,5117.57,5085.0,5118.5,5153.0,799.70,513.8,794.5,1.0000,50.00,1.0000,100.00,1.0000,200.00,1.0000,500.00,1.0000,1000.00,0.6250,1999.59
380,-108.674,1054.543,0,782.0,120,1401.59,1368.0,1401.0,1433.1,19.93,15.0,19.0,1.0000,50.00,1.0000,100.00,0.9917,199.99,0.0000,493.65,0.0000,885.28,0.0000,1294.92
381,-618.691,48.516,0,100.2,120,4768.27,4733.0,4770.5,4806.1,725.26,452.1,723.0,1.0000,50.00,1.0000,100.00,1.0000,200.00,1.0000,500.00,1.0000,1000.00,0.2750,1998.63
382,-296.270,134.225,0,145.2,120,4953.33,4921.9,4952.5,4984.0,798.73,485.6,772.5,1.0000,50.00,1.0000,100.00,1.0000,200.00,1.0000,500.00,1.0000,1000.00,0.7500,1999.72
383,-265.479,525.615,0,241.3,120,3537.59,3504.8,3535.5,3573.1,289.57,186.9,261.0,1.0000,50.00,1.0000,100.00,1.0000,200.00,1.0000,500.00,0.9833,999.98,0.0000,1984.17
384,-743.509,225.910,0,263.3,120,3911.88,3870.8,3912.0,3943.0,274.61,172.9,262.0,1.0000,50.00,1.0000,100.00,1.0000,200.00,1.0000,500.00,0.9500,999.95,0.0000,1987.25
385,271.650,-173.171,0,287.0,120,5024.82,4990.9,5023.5,5060.0,272.32,163.8,253.5,1.0000,50.00,1.0000,100.00,1.0000,200.00,1.0000,500.00,1.0000,1000.00,0.0750,1997.48
386,487.107,497.831,0,630.3,120,2272.93,2233.9,2274.0,2311.3,39.98,29.0,37.5,1.0000,50.00,1.0000,100.00,1.0000,200.00,0.8750,499.88,0.0000,981.80,0.0000,1713.75
387,46.976,146.460,0,77.4,120,4764.05,4729.9,4762.5,4799.1,725.02,439.7,743.5,1.0000,50.00,1.0000,100.00,1.0000,200.00,1.0000,500.00,1.0000,1000.00,0.3500,1998.94
388,-154.381,683.840,0,408.7,120,2874.70,2848.9,2873.0,2905.4,116.00,76.9,106.0,1.0000,50.00,1.0000,100.00,1.0000,200.00,1.0000,500.00,0.3333,998.79,0.0000,1925.66
389,-237.618,1142.539,0,858.6,120,1131.17,1104.8,1128.5,1159.1,15.03,12.0,14.0,1.0000,50.00,1.0000,100.00,0.9167,199.92,0.0000,480.16,0.0000,802.93,0.0000,1082.42
390,588.723,35.894,0,597.9,120,3165.05,3126.9,3165.5,3205.0,49.92,37.9,47.0,1.0000,50.00,1.0000,100.00,1.0000,200.00,1.0000,500.00,0.0333,996.83,0.0000,1883.93
391,538.440,619.723,0,741.3,120,1717.72,1678.9,1722.5,1755.0,24.16,18.0,23.0,1.0000,50.00,1.0000,100.00,1.0000,200.00,0.1000,497.81,0.0000,933.01,0.0000,1461.58
392,-22.267,-1.943,0,12.3,120,5273.18,5247.0,5268.0,5308.4,851.26,531.7,847.5,1.0000,50.00,1.0000,100.00,1.0000,200.00,1.0000,500.00,1.0000,1000.00,0.8250,1999.81
393,-874.540,3.784,0,356.1,120,4033.48,3991.7,4031.5,4074.4,161.82,106.9,150.0,1.0000,50.00,1.0000,100.00,1.0000,200.00,1.0000,500.00,0.9000,999.89,0.0000,1981.26
394,-815.615,-21.435,0,299.0,120,4330.38,4286.9,4333.0,4369.1,226.35,141.7,220.0,1.0000,50.00,1.0000,100.00,1.0000,200.00,1.0000,500.00,0.9833,999.98,0.0000,1990.83
395,172.232,641.898,0,497.1,120,2650.75,2621.9,2649.5,2685.0,72.49,53.9,70.0,1.0000,50.00,1.0000,100.00,1.0000,200.00,0.9917,499.99,0.0167,996.36,0.0000,1863.40
396,-935.532,-21.134,0,418.4,120,3810.03,3772.9,3808.0,3849.2,112.55,77.9,105.0,1.0000,50.00,1.0000,100.00,1.0000,200.00,1.0000,500.00,0.7917,999.77,0.0000,1968.45
397,-47.016,1160.829,0,897.2,120,1009.84,982.9,1008.0,1037.2,12.69,10.0,12.0,1.0000,50.00,1.0000,100.00,0.8750,199.85,0.0000,469.43,0.0000,751.76,0.0000,976.32
398,-620.267,-518.595,0,224.3,120,5262.28,5227.9,5260.5,5294.3,404.26,227.7,393.0,1.0000,50.00,1.0000,100.00,1.0000,200.00,1.0000,500.00,1.0000,1000.00,0.2750,1998.73
399,-679.579,624.783,0,471.2,120,2681.12,2649.0,2680.0,2719.4,85.85,58.0,82.0,1.0000,50.00,1.0000,100.00,1.0000,200.00,0.9917,499.99,0.0500,996.91,0.0000,1881.18
400,780.740,766.939,0,1024.0,120,685.11,659.9,686.0,710.3,8.07,6.0,8.0,1.0000,50.00,1.0000,100.00,0.0583,196.78,0.0000,407.40,0.0000,567.71,0.0000,669.59
401,-555.418,702.822,0,478.9,120,2594.86,2565.5,2594.0,2629.0,76.75,54.9,74.0,1.0000,50.00,1.0000,100.00,1.0000,200.00,0.9833,499.98,0.0167,996.33,0.0000,1868.48
402,-398.910,-15.867,0,113.1,120,5280.66,5258.9,5281.0,5302.2,771.67,476.4,744.5,1.0000,50.00,1.0000,100.00,1.0000,200.00,1.0000,500.00,1.0000,1000.00,0.9167,1999.92
403,-171.260,-81.779,0,158.6,120,5520.07,5498.0,5523.0,5540.1,555.46,338.8,500.0,1.0000,50.00,1.0000,100.00,1.0000,200.00,1.0000,500.00,1.0000,1000.00,0.9250,1999.92
404,18.344,-155.089,0,33.2,120,5526.55,5504.9,5524.5,5550.2,840.63,540.3,834.0,1.0000,50.00,1.0000,100.00,1.0000,200.00,1.0000,500.00,1.0000,1000.00,0.8750,1999.87
405,158.303,805.393,0,628.6,120,2048.48,2016.0,2047.5,2086.1,39.36,27.9,37.0,1.0000,50.00,1.0000,100.00,1.0000,200.00,0.6833,499.62,0.0000,976.09,0.0000,1667.31
406,-703.923,478.177,0,373.5,120,3160.26,3125.9,3163.0,3191.1,143.55,95.9,132.0,1.0000,50.00,1.0000,100.00,1.0000,200.00,1.0000,500.00,0.5750,999.48,0.0000,1948.94
407,320.456,1011.391,0,887.9,120,1058.61,1032.8,1058.0,1086.0,13.18,10.0,13.0,1.0000,50.00,1.0000,100.00,0.9000,199.90,0.0000,473.62,0.0000,769.98,0.0000,1011.79
408,-1035.257,-321.884,0,578.7,120,3579.57,3538.6,3577.0,3627.2,56.93,40.0,53.5,1.0000,50.00,1.0000,100.00,1.0000,200.00,1.0000,500.00,0.3167,998.91,0.0000,1932.60
409,522.417,407.413,0,617.7,120,2429.13,2394.0,2430.0,2463.3,41.91,29.0,40.0,1.0000,50.00,1.0000,100.00,1.0000,200.00,0.9250,499.93,0.0000,986.95,0.0000,1756.09
410,-339.741,-770.749,0,7.7,120,5120.61,5089.0,5119.5,5148.1,722.78,459.1,729.5,1.0000,50.00,1.0000,100.00,1.0000,200.00,1.0000,500.00,1.0000,1000.00,0.5833,1999.47
411,373.883,542.362,0,563.7,120,2506.84,2472.9,2505.5,2546.1,55.07,39.8,51.0,1.0000,50.00,1.0000,100.00,1.0000,200.00,0.9667,499.97,0.0000,991.72,0.0000,1802.28
412,-401.193,1223.076,0,946.7,120,850.25,826.9,850.0,877.1,10.78,8.0,11.0,1.0000,50.00,1.0000,100.00,0.5083,199.30,0.0000,446.58,0.0000,673.86,0.0000,831.59
413,-444.920,594.594,0,338.6,120,3159.95,3130.0,3158.0,3198.0,182.10,117.0,175.0,1.0000,50.00,1.0000,100.00,1.0000,200.00,1.0000,500.00,0.7333,999.73,0.0000,1959.67
414,600.110,265.649,0,641.0,120,2506.25,2471.9,2504.0,2550.0,39.62,29.0,38.0,1.0000,50.00,1.0000,100.00,1.0000,200.00,0.8667,499.85,0.0000,987.07,0.0000,1758.49
415,341.135,-236.603,0,358.4,120,4854.21,4825.9,4851.0,4885.1,174.23,116.9,163.5,1.0000,50.00,1.0000,100.00,1.0000,200.00,1.0000,500.00,1.0000,1000.00,0.0000,1994.80
416,-1023.761,-129.305,0,521.2,120,3529.45,3489.9,3529.5,3567.1,69.09,48.0,65.0,1.0000,50.00,1.0000,100.00,1.0000,200.00,1.0000,500.00,0.4000,999.08,0.0000,1938.38
417,-298.519,832.428,0,548.9,120,2292.19,2252.8,2294.5,2327.0,57.62,42.0,55.0,1.0000,50.00,1.0000,100.00,1.0000,200.00,0.9500,499.95,0.0000,990.38,0.0000,1786.82
418,-674.752,-502.698,0,273.2,120,5135.24,5096.9,5134.5,5173.1,300.73,177.0,276.5,1.0000,50.00,1.0000,100.00,1.0000,200.00,1.0000,500.00,1.0000,1000.00,0.1333,1997.83
419,-330.676,113.258,0,147.8,120,4996.22,4966.9,4996.0,5026.0,741.52,400.9,677.5,1.0000,50.00,1.0000,100.00,1.0000,200.00,1.0000,500.00,1.0000,1000.00,0.8917,1999.86
420,-139.616,-425.956,0,116.0,120,5761.02,5737.8,5759.0,5786.1,684.08,461.8,670.5,1.0000,50.00,1.0000,100.00,1.0000,200.00,1.0000,500.00,1.0000,1000.00,0.9417,1999.94
421,119.465,695.786,0,514.0,120,2540.13,2503.8,2537.0,2578.1,68.97,47.9,65.5,1.0000,50.00,1.0000,100.00,1.0000,200.00,0.9833,499.98,0.0000,994.78,0.0000,1840.23
422,-238.678,803.359,0,519.5,120,2412.92,2386.0,2411.0,2442.1,66.29,45.0,66.0,1.0000,50.00,1.0000,100.00,1.0000,200.00,0.9583,499.96,0.0000,993.23,0.0000,1824.69
423,99.797,1105.034,0,880.6,120,1063.79,1030.8,1065.5,1095.1,13.99,10.0,14.0,1.0000,50.00,1.0000,100.00,0.8750,199.88,0.0000,475.01,0.0000,775.67,0.0000,1021.33
424,439.861,258.457,0,485.3,120,3253.97,3216.8,3254.0,3298.0,81.94,59.0,77.5,1.0000,50.00,1.0000,100.00,1.0000,200.00,1.0000,500.00,0.2583,998.63,0.0000,1922.17
425,-120.050,108.760,0,90.5,120,5031.50,5000.8,5032.5,5060.0,871.29,514.8,888.5,1.0000,50.00,1.0000,100.00,1.0000,200.00,1.0000,500.00,1.0000,1000.00,0.8000,1999.75
426,-551.005,988.958,0,746.7,120,1528.00,1495.0,1527.5,1559.2,24.08,18.0,23.0,1.0000,50.00,1.0000,100.00,0.9917,199.99,0.0500,496.52,0.0000,913.75,0.0000,1388.24
427,-744.932,-365.414,0,307.8,120,4985.73,4949.7,4988.5,5020.1,237.53,146.5,229.5,1.0000,50.00,1.0000,100.00,1.0000,200.00,1.0000,500.00,1.0000,1000.00,0.0250,1997.00
428,-990.739,-85.938,0,480.8,120,3650.20,3612.9,3650.0,3686.1,81.71,58.9,76.0,1.0000,50.00,1.0000,100.00,1.0000,200.00,1.0000,500.00,0.6750,999.62,0.0000,1952.14
429,415.828,361.730,0,501.8,120,2997.51,2957.4,2996.0,3034.1,72.43,50.0,66.0,1.0000,50.00,1.0000,100.00,1.0000,200.00,1.0000,500.00,0.0583,997.54,0.0000,1893.00
430,-800.499,-14.732,0,283.3,120,4375.36,4340.9,4378.5,4406.1,257.02,166.5,237.0,1.0000,50.00,1.0000,100.00,1.0000,200.00,1.0000,500.00,0.9917,999.99,0.0083,1992.33
431,-888.464,11.781,0,369.7,120,3956.25,3924.8,3957.0,3989.0,149.83,95.9,140.0,1.0000,50.00,1.0000,100.00,1.0000,200.00,1.0000,500.00,0.9250,999.92,0.0000,1978.19
432,-478.335,115.033,0,24.2,120,4841.48,4815.0,4843.0,4876.0,912.25,625.9,922.5,1.0000,50.00,1.0000,100.00,1.0000,200.00,1.0000,500.00,1.0000,1000.00,0.5500,1999.40
433,-510.317,762.274,0,518.3,120,2427.03,2393.9,2428.0,2458.1,65.21,45.9,61.0,1.0000,50.00,1.0000,100.00,1.0000,200.00,0.9917,499.99,0.0000,993.84,0.0000,1828.12
434,2.297,1067.796,0,817.1,120,1280.47,1251.9,1280.0,1311.1,18.06,13.0,17.0,1.0000,50.00,1.0000,100.00,0.9750,199.97,0.0000,489.19,0.0000,853.08,0.0000,1201.67
435,111.286,268.824,0,190.3,120,4230.94,4195.9,4233.0,4271.1,432.32,265.9,403.0,1.0000,50.00,1.0000,100.00,1.0000,200.00,1.0000,500.00,1.0000,1000.00,0.0000,1994.21
436,-587.483,601.525,0,402.3,120,2931.53,2901.9,2931.0,2962.0,118.40,82.0,108.0,1.0000,50.00,1.0000,100.00,1.0000,200.00,1.0000,500.00,0.4250,999.12,0.0000,1929.42
437,-545.257,-535.348,0,155.6,120,5404.91,5375.9,5407.0,5429.1,557.71,338.0,506.0,1.0000,50.00,1.0000,100.00,1.0000,200.00,1.0000,500.00,1.0000,1000.00,0.4667,1999.35
438,57.833,-929.125,0,97.3,120,4375.89,4339.9,4375.5,4405.3,702.29,437.5,683.0,1.0000,50.00,1.0000,100.00,1.0000,200.00,1.0000,500.00,1.0000,1000.00,0.1250,1998.22
439,-79.595,1287.727,0,1016.9,120,652.61,627.9,652.0,677.0,8.12,7.0,8.0,1.0000,50.00,0.9750,99.97,0.0333,196.43,0.0000,401.83,0.0000,556.38,0.0000,645.38
440,273.348,682.025,0,590.5,120,2270.68,2237.9,2268.0,2303.0,45.88,32.9,45.0,1.0000,50.00,1.0000,100.00,1.0000,200.00,0.8833,499.88,0.0000,985.96,0.0000,1746.02
441,-88.639,-144.423,0,74.1,120,5597.35,5567.0,5598.0,5622.0,804.96,522.7,778.0,1.0000,50.00,1.0000,100.00,1.0000,200.00,1.0000,500.00,1.0000,1000.00,0.9167,1999.91
442,-716.504,53.115,0,198.1,120,4491.89,4455.9,4493.0,4524.0,420.14,236.6,406.0,1.0000,50.00,1.0000,100.00,1.0000,200.00,1.0000,500.00,1.0000,1000.00,0.0083,1996.10
443,-391.005,1233.738,0,956.1,120,823.98,799.7,826.0,848.2,10.13,8.0,10.0,1.0000,50.00,1.0000,100.00,0.4417,199.21,0.0000,442.27,0.0000,659.38,0.0000,807.65
444,-600.100,125.405,0,94.6,120,4592.73,4562.0,4591.5,4631.0,672.40,430.0,642.5,1.0000,50.00,1.0000,100.00,1.0000,200.00,1.0000,500.00,1.0000,1000.00,0.1917,1998.37
445,-21.910,-853.424,0,15.2,120,4753.38,4715.0,4754.5,4788.1,855.49,548.5,883.0,1.0000,50.00,1.0000,100.00,1.0000,200.00,1.0000,500.00,1.0000,1000.00,0.6000,1999.54
446,-744.778,-332.768,0,299.7,120,4983.12,4944.9,4980.5,5023.1,242.66,153.9,232.5,1.0000,50.00,1.0000,100.00,1.0000,200.00,1.0000,500.00,1.0000,1000.00,0.0500,1997.32
447,510.128,-126.054,0,523.8,120,3914.39,3867.0,3914.0,3962.0,73.96,51.9,71.0,1.0000,50.00,1.0000,100.00,1.0000,200.00,1.0000,500.00,0.7083,999.63,0.0000,1961.07
448,-518.777,-617.532,0,150.0,120,5315.36,5285.0,5315.0,5345.1,616.72,331.0,584.5,1.0000,50.00,1.0000,100.00,1.0000,200.00,1.0000,500.00,1.0000,1000.00,0.4167,1999.02
449,534.072,301.856,0,588.4,120,2708.72,2669.9,2708.0,2750.0,50.43,35.0,47.5,1.0000,50.00,1.0000,100.00,1.0000,200.00,0.9750,499.98,0.0000,992.54,0.0000,1821.86
450,-531.170,377.102,0,183.6,120,3874.39,3844.0,3877.5,3902.0,459.60,285.0,433.0,1.0000,50.00,1.0000,100.00,1.0000,200.00,1.0000,500.00,1.0000,1000.00,0.0000,1992.15
451,-201.789,-278.272,0,182.9,120,5766.02,5745.0,5766.0,5785.0,543.48,330.9,523.0,1.0000,50.00,1.0000,100.00,1.0000,200.00,1.0000,500.00,1.0000,1000.00,0.9917,1999.99
452,-402.000,878.779,0,605.6,120,2065.42,2032.0,2068.0,2103.0,44.27,31.9,42.0,1.0000,50.00,1.0000,100.00,1.0000,200.00,0.8500,499.84,0.0000,979.27,0.0000,1696.15
453,269.061,-172.885,0,284.4,120,5033.56,4996.8,5035.0,5070.1,268.14,163.7,245.0,1.0000,50.00,1.0000,100.00,1.0000,200.00,1.0000,500.00,1.0000,1000.00,0.1167,1997.74
454,-776.753,-374.130,0,340.8,120,4866.07,4830.9,4861.0,4904.1,190.69,125.5,181.0,1.0000,50.00,1.0000,100.00,1.0000,200.00,1.0000,500.00,1.0000,1000.00,0.0000,1995.77
455,157.944,-532.501,0,184.8,120,5298.12,5264.0,5298.5,5333.3,491.82,301.0,449.0,1.0000,50.00,1.0000,100.00,1.0000,200.00,1.0000,500.00,1.0000,1000.00,0.5750,1999.30
456,320.025,-196.421,0,336.0,120,4895.49,4847.9,4898.5,4933.1,197.67,129.9,182.5,1.0000,50.00,1.0000,100.00,1.0000,200.00,1.0000,500.00,1.0000,1000.00,0.0083,1995.92
457,-995.734,-318.844,0,539.6,120,3804.24,3767.9,3803.0,3845.0,69.59,51.9,67.5,1.0000,50.00,1.0000,100.00,1.0000,200.00,1.0000,500.00,0.5667,999.38,0.0000,1954.97
458,295.211,-0.661,0,305.0,120,4606.95,4569.6,4604.5,4645.2,230.22,146.6,215.0,1.0000,50.00,1.0000,100.00,1.0000,200.00,1.0000,500.00,0.9833,999.98,0.0083,1993.88
459,337.892,-162.453,0,352.8,120,4778.38,4732.9,4781.0,4820.1,180.02,126.7,171.0,1.0000,50.00,1.0000,100.00,1.0000,200.00,1.0000,500.00,0.9917,999.99,0.0000,1994.37
460,-327.626,810.009,0,528.3,120,2374.22,2344.2,2378.0,2399.1,63.08,45.0,61.0,1.0000,50.00,1.0000,100.00,1.0000,200.00,0.9917,499.99,0.0000,992.47,0.0000,1815.03
461,-108.332,-29.410,0,97.4,120,5396.91,5360.9,5399.0,5430.1,781.02,484.5,782.0,1.0000,50.00,1.0000,100.00,1.0000,200.00,1.0000,500.00,1.0000,1000.00,0.8917,1999.89
462,-367.587,-348.163,0,62.4,120,5734.77,5713.0,5735.5,5759.0,828.05,535.1,839.0,1.0000,50.00,1.0000,100.00,1.0000,200.00,1.0000,500.00,1.0000,1000.00,0.9500,1999.94
463,-245.183,1028.743,0,744.6,120,1533.62,1503.0,1530.5,1564.3,23.68,17.9,22.0,1.0000,50.00,1.0000,100.00,1.0000,200.00,0.0167,496.38,0.0000,916.58,0.0000,1393.19
464,-430.054,569.557,0,310.2,120,3268.83,3234.9,3269.5,3303.1,213.88,131.9,198.5,1.0000,50.00,1.0000,100.00,1.0000,200.00,1.0000,500.00,0.8167,999.78,0.0000,1969.42
465,134.018,-120.199,0,147.7,120,5297.21,5266.9,5298.5,5328.0,629.94,388.4,610.5,1.0000,50.00,1.0000,100.00,1.0000,200.00,1.0000,500.00,1.0000,1000.00,0.5250,1999.33
466,467.071,605.656,0,676.0,120,1987.42,1952.7,1988.5,2020.0,30.89,24.0,29.5,1.0000,50.00,1.0000,100.00,1.0000,200.00,0.5000,499.37,0.0000,965.23,0.0000,1607.74
467,-989.693,-145.666,0,491.5,120,3730.55,3691.0,3733.5,3764.3,79.76,58.0,74.0,1.0000,50.00,1.0000,100.00,1.0000,200.00,1.0000,500.00,0.5583,999.46,0.0000,1955.46
468,-528.939,828.282,0,586.8,120,2149.82,2112.9,2150.5,2182.1,47.31,34.0,45.5,1.0000,50.00,1.0000,100.00,1.0000,200.00,0.8833,499.88,0.0000,983.63,0.0000,1730.38
469,470.179,-18.299,0,480.4,120,3908.33,3862.8,3906.5,3949.4,86.27,61.9,81.5,1.0000,50.00,1.0000,100.00,1.0000,200.00,1.0000,500.00,0.7500,999.73,0.0000,1964.62
470,194.655,243.062,0,251.1,120,4142.10,4109.8,4144.0,4171.0,302.11,175.8,282.5,1.0000,50.00,1.0000,100.00,1.0000,200.00,1.0000,500.00,0.9833,999.98,0.0000,1990.60
471,10.487,-117.080,0,24.1,120,5476.89,5443.0,5480.0,5505.2,863.89,602.6,863.5,1.0000,50.00,1.0000,100.00,1.0000,200.00,1.0000,500.00,1.0000,1000.00,0.9000,1999.89
472,114.114,72.144,0,125.7,120,4884.07,4851.9,4885.0,4913.1,614.76,374.4,564.5,1.0000,50.00,1.0000,100.00,1.0000,200.00,1.0000,500.00,1.0000,1000.00,0.2750,1998.76
473,-247.608,670.752,0,386.7,120,2952.05,2913.0,2953.0,2989.2,127.05,84.8,119.5,1.0000,50.00,1.0000,100.00,1.0000,200.00,1.0000,500.00,0.4333,999.19,0.0000,1937.19
474,-173.961,-453.357,0,149.5,120,5753.57,5730.9,5752.0,5780.0,579.05,369.9,561.5,1.0000,50.00,1.0000,100.00,1.0000,200.00,1.0000,500.00,1.0000,1000.00,0.9250,1999.92
475,162.652,-549.119,0,190.0,120,5259.24,5234.9,5259.0,5286.1,497.84,307.0,479.5,1.0000,50.00,1.0000,100.00,1.0000,200.00,1.0000,500.00,1.0000,1000.00,0.4833,1999.28
476,-225.568,-386.053,0,190.8,120,5784.10,5764.8,5782.0,5808.0,550.38,346.1,529.0,1.0000,50.00,1.0000,100.00,1.0000,200.00,1.0000,500.00,1.0000,1000.00,0.9417,1999.93
477,-352.126,872.057,0,592.4,120,2122.09,2089.9,2124.5,2152.0,45.97,33.0,45.0,1.0000,50.00,1.0000,100.00,1.0000,200.00,0.8583,499.85,0.0000,983.42,0.0000,1722.91
478,-298.759,903.927,0,620.3,120,2006.52,1971.0,2006.5,2039.4,42.49,29.9,39.0,1.0000,50.00,1.0000,100.00,1.0000,200.00,0.7667,499.72,0.0000,976.11,0.0000,1671.28
479,-184.820,-145.839,0,170.2,120,5632.13,5606.0,5634.5,5655.1,522.04,349.7,470.5,1.0000,50.00,1.0000,100.00,1.0000,200.00,1.0000,500.00,1.0000,1000.00,0.9417,1999.94
480,239.529,-584.637,0,268.0,120,4998.35,4960.9,4999.0,5033.0,308.01,188.3,280.0,1.0000,50.00,1.0000,100.00,1.0000,200.00,1.0000,500.00,0.9917,999.99,0.1000,1997.82
481,17.937,-60.020,0,29.8,120,5362.38,5336.8,5364.0,5390.3,851.42,580.5,845.5,1.0000,50.00,1.0000,100.00,1.0000,200.00,1.0000,500.00,1.0000,1000.00,0.8417,1999.83
482,351.852,131.747,0,369.4,120,4016.22,3977.0,4019.0,4060.0,152.59,97.8,137.0,1.0000,50.00,1.0000,100.00,1.0000,200.00,1.0000,500.00,0.9417,999.94,0.0000,1979.71
483,159.656,818.375,0,640.7,120,1991.82,1956.9,1995.0,2027.2,37.77,29.0,36.0,1.0000,50.00,1.0000,100.00,1.0000,200.00,0.7000,499.55,0.0000,972.12,0.0000,1643.72
484,-175.907,-315.448,0,155.8,120,5778.62,5757.0,5778.5,5800.1,568.46,365.7,572.0,1.0000,50.00,1.0000,100.00,1.0000,200.00,1.0000,500.00,1.0000,1000.00,0.9417,1999.94
485,271.824,860.929,0,734.4,120,1631.94,1594.9,1632.5,1663.0,24.49,19.0,23.0,1.0000,50.00,1.0000,100.00,1.0000,200.00,0.0500,497.36,0.0000,927.55,0.0000,1438.30
486,-11.006,-624.545,0,18.8,120,5397.11,5369.9,5400.0,5423.1,861.16,531.0,867.0,1.0000,50.00,1.0000,100.00,1.0000,200.00,1.0000,500.00,1.0000,1000.00,0.7583,1999.71
487,316.140,189.274,0,346.9,120,3957.90,3915.9,3960.0,3994.1,164.04,110.0,151.5,1.0000,50.00,1.0000,100.00,1.0000,200.00,1.0000,500.00,0.9167,999.92,0.0000,1979.99
488,-216.627,96.362,0,172.8,120,5089.88,5064.8,5090.0,5116.0,709.43,446.9,671.0,1.0000,50.00,1.0000,100.00,1.0000,200.00,1.0000,500.00,1.0000,1000.00,0.8500,1999.84
489,601.239,837.957,0,929.4,120,953.62,924.8,955.5,982.1,11.09,8.0,11.0,1.0000,50.00,1.0000,100.00,0.7083,199.66,0.0000,460.22,0.0000,719.62,0.0000,914.19
490,-316.304,-329.614,0,116.6,120,5759.93,5736.9,5760.5,5779.0,731.46,456.7,729.0,1.0000,50.00,1.0000,100.00,1.0000,200.00,1.0000,500.00,1.0000,1000.00,0.9417,1999.94
491,-630.989,626.784,0,446.2,120,2762.42,2725.0,2764.0,2798.1,96.66,66.9,87.0,1.0000,50.00,1.0000,100.00,1.0000,200.00,1.0000,500.00,0.1167,997.91,0.0000,1900.28
492,87.875,-196.426,0,104.0,120,5491.23,5465.0,5489.5,5521.0,704.69,423.1,717.0,1.0000,50.00,1.0000,100.00,1.0000,200.00,1.0000,500.00,1.0000,1000.00,0.8000,1999.78
493,-70.757,1173.824,0,905.8,120,978.56,952.0,976.5,1007.1,12.21,9.0,12.0,1.0000,50.00,1.0000,100.00,0.7500,199.69,0.0000,465.91,0.0000,737.47,0.0000,947.35
494,153.568,2.967,0,163.3,120,4989.73,4958.0,4987.5,5029.0,546.73,333.5,515.0,1.0000,50.00,1.0000,100.00,1.0000,200.00,1.0000,500.00,1.0000,1000.00,0.2750,1998.57
495,-459.701,857.812,0,596.3,120,2108.04,2078.7,2108.0,2135.1,45.14,32.9,42.0,1.0000,50.00,1.0000,100.00,1.0000,200.00,0.8417,499.82,0.0000,980.82,0.0000,1714.72
496,105.980,-614.646,0,135.4,120,5245.92,5219.0,5245.0,5272.1,640.38,408.0,608.0,1.0000,50.00,1.0000,100.00,1.0000,200.00,1.0000,500.00,1.0000,1000.00,0.5083,1999.38
497,-53.694,-181.099,0,38.0,120,5629.84,5606.0,5631.0,5652.6,861.58,557.6,881.0,1.0000,50.00,1.0000,100.00,1.0000,200.00,1.0000,500.00,1.0000,1000.00,0.9667,1999.97
498,-275.150,904.449,0,620.2,120,2009.91,1978.0,2011.5,2045.0,42.66,31.0,39.5,1.0000,50.00,1.0000,100.00,1.0000,200.00,0.7667,499.73,0.0000,976.68,0.0000,1671.42
499,-689.383,-259.638,0,228.1,120,5124.51,5096.0,5123.0,5157.0,401.26,241.9,382.5,1.0000,50.00,1.0000,100.00,1.0000,200.00,1.0000,500.00,1.0000,1000.00,0.3083,1998.91
500,218.781,-523.342,0,245.3,120,5156.78,5130.0,5154.0,5187.3,337.03,213.4,315.0,1.0000,50.00,1.0000,100.00,1.0000,200.00,1.0000,500.00,1.0000,1000.00,0.3333,1998.68
501,-645.966,1004.274,0,792.1,120,1369.02,1340.7,1368.5,1397.1,19.09,15.0,18.0,1.0000,50.00,1.0000,100.00,1.0000,200.00,0.0000,492.75,0.0000,877.88,0.0000,1271.83
502,52.401,-351.854,0,73.5,120,5628.76,5603.0,5627.5,5653.0,766.90,487.7,755.0,1.0000,50.00,1.0000,100.00,1.0000,200.00,1.0000,500.00,1.0000,1000.00,0.8083,1999.79
503,-1118.049,-308.904,0,655.8,120,3083.22,3039.8,3080.5,3124.2,38.27,29.9,37.5,1.0000,50.00,1.0000,100.00,1.0000,200.00,0.9917,499.99,0.0167,995.52,0.0000,1863.43
504,-603.053,275.368,0,163.9,120,4102.02,4069.9,4101.5,4139.0,501.75,295.3,495.0,1.0000,50.00,1.0000,100.00,1.0000,200.00,1.0000,500.00,0.9917,999.99,0.0000,1994.37
505,-184.221,861.355,0,580.9,120,2173.26,2140.9,2177.5,2201.1,48.65,36.0,46.0,1.0000,50.00,1.0000,100.00,1.0000,200.00,0.9167,499.92,0.0000,985.16,0.0000,1740.92
506,-426.432,997.319,0,726.6,120,1605.45,1570.0,1605.5,1641.6,26.23,20.9,25.0,1.0000,50.00,1.0000,100.00,1.0000,200.00,0.1083,497.38,0.0000,928.73,0.0000,1443.13
507,-592.878,97.940,0,81.0,120,4692.19,4656.9,4695.5,4722.1,717.65,453.8,709.5,1.0000,50.00,1.0000,100.00,1.0000,200.00,1.0000,500.00,1.0000,1000.00,0.2917,1998.75
508,-551.919,-193.152,0,78.5,120,5389.23,5358.9,5391.0,5418.0,791.49,497.7,766.5,1.0000,50.00,1.0000,100.00,1.0000,200.00,1.0000,500.00,1.0000,1000.00,0.7500,1999.73
509,513.724,585.273,0,701.1,120,1902.13,1864.9,1902.0,1942.2,28.70,21.9,27.0,1.0000,50.00,1.0000,100.00,1.0000,200.00,0.3833,499.03,0.0000,956.66,0.0000,1561.62
510,473.117,718.260,0,754.0,120,1612.67,1575.0,1613.0,1647.1,23.01,17.0,22.0,1.0000,50.00,1.0000,100.00,1.0000,200.00,0.0333,496.78,0.0000,919.59,0.0000,1409.74
511,233.785,-256.439,0,251.8,120,5226.52,5196.9,5225.5,5260.1,332.93,210.6,316.0,1.0000,50.00,1.0000,100.00,1.0000,200.00,1.0000,500.00,1.0000,1000.00,0.2667,1998.70
512,709.353,708.763,0,932.1,120,970.68,943.9,970.5,1001.2,11.36,9.0,11.0,1.0000,50.00,1.0000,100.00,0.7667,199.72,0.0000,461.83,0.0000,722.27,0.0000,924.48
513,-461.228,-392.960,0,39.4,120,5639.07,5614.7,5637.0,5663.3,830.98,514.5,828.0,1.0000,50.00,1.0000,100.00,1.0000,200.00,1.0000,500.00,1.0000,1000.00,0.8500,1999.84
514,-735.581,305.098,0,291.3,120,3677.07,3645.6,3678.0,3708.2,234.90,138.9,214.0,1.0000,50.00,1.0000,100.00,1.0000,200.00,1.0000,500.00,0.9417,999.93,0.0000,1980.02
515,-686.037,1056.619,0,855.6,120,1148.42,1121.8,1150.0,1176.1,15.45,11.9,15.0,1.0000,50.00,1.0000,100.00,0.9250,199.93,0.0000,481.84,0.0000,807.25,0.0000,1095.39
516,401.153,792.425,0,757.4,120,1569.99,1532.9,1571.5,1603.3,22.23,16.9,22.0,1.0000,50.00,1.0000,100.00,1.0000,200.00,0.0333,496.18,0.0000,915.56,0.0000,1390.47
517,11.774,-71.915,0,24.0,120,5392.26,5362.8,5392.0,5422.1,851.84,529.5,877.5,1.0000,50.00,1.0000,100.00,1.0000,200.00,1.0000,500.00,1.0000,1000.00,0.8417,1999.83
518,560.483,846.613,0,906.0,120,1028.25,999.6,1027.0,1060.1,12.46,10.0,12.0,1.0000,50.00,1.0000,100.00,0.8417,199.83,0.0000,468.59,0.0000,751.71,0.0000,979.16
519,-465.403,-327.863,0,27.5,120,5629.86,5605.9,5629.0,5656.1,855.08,538.9,868.5,1.0000,50.00,1.0000,100.00,1.0000,200.00,1.0000,500.00,1.0000,1000.00,0.9333,1999.93
520,-379.241,-550.571,0,1.8,120,5598.45,5574.9,5597.0,5621.4,855.58,585.3,839.5,1.0000,50.00,1.0000,100.00,1.0000,200.00,1.0000,500.00,1.0000,1000.00,0.7750,1999.72
521,-126.255,-144.472,0,111.7,120,5615.53,5591.9,5617.0,5634.0,677.26,405.1,648.5,1.0000,50.00,1.0000,100.00,1.0000,200.00,1.0000,500.00,1.0000,1000.00,0.9667,1999.97
522,-42.785,749.835,0,498.8,120,2533.07,2496.9,2535.0,2564.1,72.56,50.9,68.0,1.0000,50.00,1.0000,100.00,1.0000,200.00,0.9917,499.99,0.0083,995.19,0.0000,1850.82
523,201.175,1111.912,0,923.4,120,932.76,904.0,933.0,959.1,11.32,8.0,11.0,1.0000,50.00,1.0000,100.00,0.6083,199.55,0.0000,459.66,0.0000,716.23,0.0000,904.87
524,-639.854,173.424,0,147.5,120,4355.47,4328.9,4353.5,4385.0,562.51,328.0,535.5,1.0000,50.00,1.0000,100.00,1.0000,200.00,1.0000,500.00,1.0000,1000.00,0.0167,1996.68
525,361.204,4.611,0,370.8,120,4346.14,4310.0,4345.5,4386.1,160.53,108.7,144.0,1.0000,50.00,1.0000,100.00,1.0000,200.00,1.0000,500.00,0.9583,999.96,0.0000,1987.04
526,-278.211,1014.106,0,729.9,120,1591.09,1557.9,1589.0,1624.2,25.57,19.0,24.0,1.0000,50.00,1.0000,100.00,1.0000,200.00,0.0833,497.51,0.0000,926.64,0.0000,1432.11
527,71.315,582.052,0,391.6,120,3074.60,3040.8,3076.0,3111.1,131.00,84.9,119.5,1.0000,50.00,1.0000,100.00,1.0000,200.00,1.0000,500.00,0.4250,999.12,0.0000,1939.09
528,-245.980,-750.577,0,102.0,120,5207.33,5181.8,5206.5,5235.0,701.28,453.7,681.5,1.0000,50.00,1.0000,100.00,1.0000,200.00,1.0000,500.00,1.0000,1000.00,0.7667,1999.68
529,461.879,-195.623,0,477.8,120,4267.96,4229.7,4269.0,4304.3,91.18,65.0,83.5,1.0000,50.00,1.0000,100.00,1.0000,200.00,1.0000,500.00,0.8500,999.85,0.0000,1978.55
530,62.820,1080.694,0,846.1,120,1181.28,1145.9,1180.0,1216.0,16.21,13.0,15.0,1.0000,50.00,1.0000,100.00,0.9500,199.95,0.0000,483.48,0.0000,820.02,0.0000,1119.85
531,661.524,530.051,0,797.4,120,1544.88,1510.8,1547.0,1575.2,19.48,15.0,19.0,1.0000,50.00,1.0000,100.00,0.9917,199.99,0.0083,494.82,0.0000,898.94,0.0000,1345.20
532,-108.355,356.625,0,107.5,120,4169.83,4136.7,4171.0,4202.0,624.41,384.5,617.5,1.0000,50.00,1.0000,100.00,1.0000,200.00,1.0000,500.00,1.0000,1000.00,0.0417,1997.06
533,42.100,440.807,0,257.9,120,3684.88,3647.0,3685.0,3725.0,303.84,180.8,277.5,1.0000,50.00,1.0000,100.00,1.0000,200.00,1.0000,500.00,0.9500,999.95,0.0000,1984.60
534,347.520,-85.078,0,360.0,120,4610.90,4572.9,4611.5,4651.3,169.43,114.0,155.0,1.0000,50.00,1.0000,100.00,1.0000,200.00,1.0000,500.00,0.9833,999.98,0.0000,1992.47
535,61.012,908.621,0,682.5,120,1800.60,1765.9,1801.5,1832.0,32.08,25.0,30.5,1.0000,50.00,1.0000,100.00,1.0000,200.00,0.3083,498.79,0.0000,954.90,0.0000,1550.83
536,570.872,939.073,0,979.9,120,785.16,755.9,785.5,812.3,9.18,7.0,9.0,1.0000,50.00,1.0000,100.00,0.3167,198.72,0.0000,431.91,0.0000,631.73,0.0000,765.06
537,232.850,-420.965,0,256.1,120,5227.93,5199.9,5228.0,5261.0,323.00,206.7,308.0,1.0000,50.00,1.0000,100.00,1.0000,200.00,1.0000,500.00,1.0000,1000.00,0.2833,1998.73
538,389.344,689.645,0,674.0,120,1944.18,1913.7,1945.0,1979.1,31.96,23.0,31.0,1.0000,50.00,1.0000,100.00,1.0000,200.00,0.6417,499.49,0.0000,963.95,0.0000,1599.25
539,-366.943,827.098,0,549.4,120,2286.26,2256.0,2286.0,2317.1,56.48,40.9,51.0,1.0000,50.00,1.0000,100.00,1.0000,200.00,0.9583,499.96,0.0000,990.12,0.0000,1786.19
540,273.876,293.686,0,344.4,120,3737.38,3701.0,3739.5,3767.1,172.95,104.0,153.5,1.0000,50.00,1.0000,100.00,1.0000,200.00,1.0000,500.00,0.9000,999.90,0.0000,1973.65
541,-683.321,539.764,0,405.6,120,2982.24,2945.8,2983.5,3015.2,123.10,82.8,116.0,1.0000,50.00,1.0000,100.00,1.0000,200.00,1.0000,500.00,0.3583,998.89,0.0000,1931.37
542,-342.888,-278.483,0,103.3,120,5725.35,5706.0,5725.5,5745.1,757.04,380.8,746.5,1.0000,50.00,1.0000,100.00,1.0000,200.00,1.0000,500.00,1.0000,1000.00,0.9417,1999.94
543,92.783,-560.895,0,120.5,120,5375.92,5344.8,5373.0,5410.1,710.35,377.7,721.0,1.0000,50.00,1.0000,100.00,1.0000,200.00,1.0000,500.00,1.0000,1000.00,0.7083,1999.59
544,320.205,437.584,0,457.8,120,3055.19,3018.6,3053.0,3093.1,92.07,64.0,85.0,1.0000,50.00,1.0000,100.00,1.0000,200.00,1.0000,500.00,0.2250,998.57,0.0000,1914.94
545,-717.013,-134.272,0,224.3,120,4893.93,4863.9,4894.5,4926.1,383.82,236.0,351.5,1.0000,50.00,1.0000,100.00,1.0000,200.00,1.0000,500.00,0.9917,999.99,0.1750,1998.33
546,-553.849,833.949,0,600.3,120,2099.06,2071.0,2097.0,2132.3,46.09,35.9,44.5,1.0000,50.00,1.0000,100.00,1.0000,200.00,0.8250,499.82,0.0000,980.95,0.0000,1707.93
547,-784.381,-184.913,0,302.0,120,4726.51,4686.9,4728.5,4758.1,230.32,146.9,209.0,1.0000,50.00,1.0000,100.00,1.0000,200.00,1.0000,500.00,0.9917,999.99,0.0167,1995.75
548,-430.222,-407.539,0,12.9,120,5675.52,5655.0,5673.0,5698.0,893.12,568.9,906.0,1.0000,50.00,1.0000,100.00,1.0000,200.00,1.0000,500.00,1.0000,1000.00,0.9000,1999.89
549,352.646,174.739,0,378.7,120,3879.78,3835.9,3881.0,3925.0,141.24,100.0,130.0,1.0000,50.00,1.0000,100.00,1.0000,200.00,1.0000,500.00,0.8500,999.85,0.0000,1974.33
550,270.896,813.219,0,694.1,120,1795.33,1763.9,1792.5,1831.0,29.41,22.0,29.0,1.0000,50.00,1.0000,100.00,1.0000,200.00,0.3167,498.84,0.0000,951.26,0.0000,1535.19
551,-34.335,1149.779,0,888.8,120,1034.47,999.0,1037.0,1064.1,12.78,10.0,13.0,1.0000,50.00,1.0000,100.00,0.8000,199.80,0.0000,472.07,0.0000,763.41,0.0000,997.17
552,60.556,647.251,0,443.1,120,2826.82,2793.8,2827.0,2858.1,100.97,73.8,95.0,1.0000,50.00,1.0000,100.00,1.0000,200.00,1.0000,500.00,0.1750,998.33,0.0000,1905.85
553,244.364,-561.514,0,272.1,120,5020.30,4993.8,5018.5,5048.0,289.00,184.0,259.0,1.0000,50.00,1.0000,100.00,1.0000,200.00,1.0000,500.00,1.0000,1000.00,0.1833,1997.84
554,-1070.843,-376.197,0,626.5,120,3354.28,3316.8,3353.0,3388.5,45.03,34.9,43.5,1.0000,50.00,1.0000,100.00,1.0000,200.00,0.9917,499.99,0.0750,997.62,0.0000,1903.78
555,506.766,377.472,0,590.9,120,2584.43,2552.0,2581.5,2623.0,48.27,34.9,47.5,1.0000,50.00,1.0000,100.00,1.0000,200.00,0.9500,499.95,0.0000,991.27,0.0000,1799.31
556,-524.450,-637.308,0,160.3,120,5265.90,5229.7,5266.0,5299.1,595.04,344.3,583.5,1.0000,50.00,1.0000,100.00,1.0000,200.00,1.0000,500.00,1.0000,1000.00,0.3333,1998.99
557,-101.966,14.199,0,92.4,120,5291.44,5265.0,5292.0,5320.3,797.96,445.9,768.0,1.0000,50.00,1.0000,100.00,1.0000,200.00,1.0000,500.00,1.0000,1000.00,0.8583,1999.86
558,-750.258,-487.052,0,342.6,120,4901.10,4861.0,4905.0,4938.1,197.13,136.0,190.0,1.0000,50.00,1.0000,100.00,1.0000,200.00,1.0000,500.00,1.0000,1000.00,0.0000,1995.83
559,-411.278,1037.743,0,764.2,120,1466.37,1431.9,1468.0,1494.3,21.71,16.0,21.0,1.0000,50.00,1.0000,100.00,1.0000,200.00,0.0000,495.26,0.0000,902.08,0.0000,1345.72
560,-705.811,381.519,0,310.0,120,3492.28,3453.0,3494.5,3527.1,209.48,130.9,192.5,1.0000,50.00,1.0000,100.00,1.0000,200.00,1.0000,500.00,0.8833,999.88,0.0000,1973.08
561,-217.317,140.502,0,134.3,120,4957.07,4927.7,4957.0,4985.3,778.27,416.0,734.0,1.0000,50.00,1.0000,100.00,1.0000,200.00,1.0000,500.00,1.0000,1000.00,0.8250,1999.83
562,-294.517,803.991,0,520.3,120,2403.47,2367.8,2403.5,2439.1,64.39,48.9,61.0,1.0000,50.00,1.0000,100.00,1.0000,200.00,0.9667,499.96,0.0000,992.96,0.0000,1824.72
563,-117.512,1363.054,0,1086.8,120,486.64,464.0,487.0,510.1,6.32,5.0,6.0,1.0000,50.00,0.7500,99.68,0.0000,188.62,0.0000,341.76,0.0000,436.78,0.0000,484.41
564,571.625,650.040,0,786.0,120,1526.22,1488.8,1530.0,1557.1,19.97,15.0,19.0,1.0000,50.00,1.0000,100.00,0.9917,199.99,0.0167,494.88,0.0000,900.66,0.0000,1346.14
565,116.727,1087.918,0,870.0,120,1109.39,1074.0,1106.5,1145.1,14.41,11.0,14.0,1.0000,50.00,1.0000,100.00,0.9500,199.95,0.0000,478.26,0.0000,792.39,0.0000,1059.25
566,356.941,928.096,0,837.5,120,1235.20,1200.7,1236.5,1264.2,16.23,12.9,16.0,1.0000,50.00,1.0000,100.00,0.9917,199.99,0.0000,486.29,0.0000,832.31,0.0000,1155.01
567,192.536,862.841,0,695.4,120,1769.08,1735.5,1769.5,1799.1,29.81,22.0,28.0,1.0000,50.00,1.0000,100.00,1.0000,200.00,0.2833,498.58,0.0000,948.57,0.0000,1524.62
568,-170.431,12.461,0,160.8,120,5316.14,5285.8,5317.0,5348.0,614.42,361.7,564.5,1.0000,50.00,1.0000,100.00,1.0000,200.00,1.0000,500.00,1.0000,1000.00,0.9167,1999.90
569,82.267,-713.762,0,114.9,120,5047.82,5015.0,5049.0,5080.1,719.46,463.8,705.0,1.0000,50.00,1.0000,100.00,1.0000,200.00,1.0000,500.00,1.0000,1000.00,0.5167,1999.38
570,-70.628,-26.850,0,59.8,120,5367.38,5340.7,5370.0,5395.1,823.72,534.3,834.5,1.0000,50.00,1.0000,100.00,1.0000,200.00,1.0000,500.00,1.0000,1000.00,0.8250,1999.83
571,184.310,-25.260,0,194.9,120,4995.53,4958.6,4996.5,5032.1,448.08,260.9,418.0,1.0000,50.00,1.0000,100.00,1.0000,200.00,1.0000,500.00,1.0000,1000.00,0.2000,1998.51
572,253.417,-36.828,0,264.4,120,4832.34,4787.9,4830.5,4874.1,287.14,181.9,256.0,1.0000,50.00,1.0000,100.00,1.0000,200.00,1.0000,500.00,1.0000,1000.00,0.0583,1996.83
573,-396.945,417.529,0,155.4,120,3890.39,3858.0,3893.5,3920.1,488.53,317.8,485.0,1.0000,50.00,1.0000,100.00,1.0000,200.00,1.0000,500.00,1.0000,1000.00,0.0000,1993.73
574,-389.006,-636.418,0,28.8,120,5436.73,5409.9,5435.0,5461.1,812.66,515.9,822.0,1.0000,50.00,1.0000,100.00,1.0000,200.00,1.0000,500.00,1.0000,1000.00,0.7750,1999.73
575,-125.592,1024.796,0,750.1,120,1518.72,1490.7,1518.0,1548.0,22.58,17.0,22.0,1.0000,50.00,1.0000,100.00,1.0000,200.00,0.0083,496.15,0.0000,912.25,0.0000,1380.09
576,-586.682,62.415,0,69.4,120,4801.93,4770.9,4802.0,4826.3,772.72,507.2,764.0,1.0000,50.00,1.0000,100.00,1.0000,200.00,1.0000,500.00,1.0000,1000.00,0.4000,1999.09
577,-234.716,1007.087,0,723.3,120,1614.11,1583.8,1614.5,1643.0,26.51,19.9,25.0,1.0000,50.00,1.0000,100.00,1.0000,200.00,0.1250,497.64,0.0000,930.30,0.0000,1446.95
578,106.869,816.597,0,615.3,120,2085.93,2051.0,2084.5,2124.1,41.39,30.9,40.0,1.0000,50.00,1.0000,100.00,1.0000,200.00,0.8583,499.83,0.0000,979.25,0.0000,1689.63
579,470.202,225.842,0,505.2,120,3223.45,3176.6,3224.0,3264.1,72.67,49.0,69.0,1.0000,50.00,1.0000,100.00,1.0000,200.00,1.0000,500.00,0.2000,998.59,0.0000,1912.43
580,81.071,1144.278,0,912.2,120,958.33,926.9,960.0,988.1,12.19,9.0,12.0,1.0000,50.00,1.0000,100.00,0.7750,199.77,0.0000,462.26,0.0000,725.29,0.0000,928.01
581,-35.637,1060.814,0,801.5,120,1332.44,1303.0,1330.5,1361.5,18.47,14.0,18.0,1.0000,50.00,1.0000,100.00,1.0000,200.00,0.0000,491.56,0.0000,867.10,0.0000,1242.27
582,-361.130,-155.647,0,115.6,120,5579.77,5553.7,5580.5,5604.2,678.79,441.5,665.0,1.0000,50.00,1.0000,100.00,1.0000,200.00,1.0000,500.00,1.0000,1000.00,0.9167,1999.92
583,116.448,1011.803,0,798.6,120,1353.62,1325.9,1357.0,1383.0,19.10,14.0,18.0,1.0000,50.00,1.0000,100.00,1.0000,200.00,0.0000,491.65,0.0000,871.59,0.0000,1255.75
584,243.235,-467.636,0,267.9,120,5163.16,5126.8,5164.0,5196.0,297.32,195.8,288.0,1.0000,50.00,1.0000,100.00,1.0000,200.00,1.0000,500.00,1.0000,1000.00,0.2667,1998.50
585,-820.551,198.874,0,326.8,120,3745.12,3714.8,3744.0,3781.4,195.82,126.7,181.5,1.0000,50.00,1.0000,100.00,1.0000,200.00,1.0000,500.00,0.9333,999.93,0.0000,1977.10
586,-953.876,-303.247,0,495.2,120,4039.35,3998.9,4040.5,4076.1,84.69,59.9,78.0,1.0000,50.00,1.0000,100.00,1.0000,200.00,1.0000,500.00,0.7917,999.73,0.0000,1969.81
587,-183.230,338.604,0,64.7,120,4267.62,4238.9,4266.5,4302.1,745.96,481.9,728.5,1.0000,50.00,1.0000,100.00,1.0000,200.00,1.0000,500.00,1.0000,1000.00,0.1167,1997.97
588,-416.628,-23.227,0,94.1,120,5278.91,5248.9,5278.0,5308.2,777.37,487.7,742.0,1.0000,50.00,1.0000,100.00,1.0000,200.00,1.0000,500.00,1.0000,1000.00,0.8917,1999.89
589,-933.269,-471.101,0,516.2,120,4083.55,4042.0,4083.0,4130.1,76.38,54.0,72.0,1.0000,50.00,1.0000,100.00,1.0000,200.00,1.0000,500.00,0.7917,999.77,0.0000,1968.65
590,-423.691,-510.116,0,31.6,120,5603.97,5577.9,5604.5,5626.5,866.01,557.1,852.0,1.0000,50.00,1.0000,100.00,1.0000,200.00,1.0000,500.00,1.0000,1000.00,0.7833,1999.75
591,-146.819,-731.777,0,113.5,120,5239.47,5212.9,5240.0,5266.1,719.56,468.5,699.0,1.0000,50.00,1.0000,100.00,1.0000,200.00,1.0000,500.00,1.0000,1000.00,0.8083,1999.78
592,-231.335,260.199,0,21.8,120,4550.34,4516.9,4551.0,4579.1,873.66,593.7,869.5,1.0000,50.00,1.0000,100.00,1.0000,200.00,1.0000,500.00,1.0000,1000.00,0.4250,1999.17
593,-140.381,655.769,0,383.6,120,2989.03,2955.9,2989.0,3019.4,141.23,87.0,135.5,1.0000,50.00,1.0000,100.00,1.0000,200.00,1.0000,500.00,0.4167,999.17,0.0000,1939.28
594,-506.300,530.010,0,301.3,120,3331.82,3298.8,3331.5,3367.1,212.97,130.9,195.0,1.0000,50.00,1.0000,100.00,1.0000,200.00,1.0000,500.00,0.8333,999.83,0.0000,1972.30
595,377.833,56.880,0,387.5,120,4140.39,4094.8,4136.5,4193.1,139.51,94.9,130.0,1.0000,50.00,1.0000,100.00,1.0000,200.00,1.0000,500.00,0.9333,999.93,0.0000,1982.22
596,458.064,118.364,0,472.7,120,3610.41,3569.0,3605.0,3653.1,90.55,60.0,84.5,1.0000,50.00,1.0000,100.00,1.0000,200.00,1.0000,500.00,0.5583,999.35,0.0000,1949.21
597,260.895,-312.205,0,280.6,120,5174.86,5140.9,5174.5,5212.4,284.60,167.2,247.5,1.0000,50.00,1.0000,100.00,1.0000,200.00,1.0000,500.00,1.0000,1000.00,0.1500,1998.34
598,-386.325,170.464,0,68.2,120,4781.58,4749.0,4783.5,4810.2,899.21,549.0,874.5,1.0000,50.00,1.0000,100.00,1.0000,200.00,1.0000,500.00,1.0000,1000.00,0.6667,1999.61
599,-672.468,750.778,0,574.1,120,2230.53,2194.0,2228.5,2264.2,51.48,37.0,49.0,1.0000,50.00,1.0000,100.00,1.0000,200.00,0.9250,499.93,0.0000,987.15,0.0000,1755.18
600,-712.039,-122.665,0,216.6,120,4885.07,4851.9,4884.5,4922.0,387.72,231.8,346.0,1.0000,50.00,1.0000,100.00,1.0000,200.00,1.0000,500.00,1.0000,1000.00,0.1083,1997.87
601,-717.719,9.737,0,199.2,120,4598.66,4563.9,4599.0,4629.2,423.18,251.9,393.5,1.0000,50.00,1.0000,100.00,1.0000,200.00,1.0000,500.00,0.9833,999.98,0.0333,1996.67
602,-899.083,-333.766,0,449.5,120,4323.57,4283.0,4322.0,4362.1,106.63,73.9,101.5,1.0000,50.00,1.0000,100.00,1.0000,200.00,1.0000,500.00,0.9333,999.93,0.0000,1982.62
603,855.027,778.463,0,1091.7,120,504.80,481.9,505.5,527.1,6.03,5.0,6.0,1.0000,50.00,0.7917,99.77,0.0000,189.58,0.0000,346.44,0.0000,446.98,0.0000,498.58
604,495.080,-514.040,0,521.1,120,4093.12,4049.9,4095.0,4133.2,74.95,54.9,74.0,1.0000,50.00,1.0000,100.00,1.0000,200.00,1.0000,500.00,0.8333,999.82,0.0000,1971.98
605,161.189,919.440,0,731.5,120,1618.19,1584.0,1616.5,1650.3,24.70,19.0,24.0,1.0000,50.00,1.0000,100.00,1.0000,200.00,0.0250,497.25,0.0000,927.33,0.0000,1437.27
606,-338.171,780.553,0,499.9,120,2485.62,2451.0,2487.5,2521.1,75.19,54.0,70.0,1.0000,50.00,1.0000,100.00,1.0000,200.00,0.9917,499.99,0.0000,995.02,0.0000,1847.26
607,-184.355,-607.393,0,155.0,120,5555.43,5529.9,5554.0,5587.1,657.99,442.6,643.0,1.0000,50.00,1.0000,100.00,1.0000,200.00,1.0000,500.00,1.0000,1000.00,0.8500,1999.83
608,-256.431,920.105,0,635.9,120,1947.89,1916.9,1949.0,1978.1,38.88,27.9,37.0,1.0000,50.00,1.0000,100.00,1.0000,200.00,0.6667,499.62,0.0000,971.16,0.0000,1640.25
609,-444.691,-340.308,0,10.5,120,5656.77,5626.9,5655.0,5686.2,855.79,572.4,861.0,1.0000,50.00,1.0000,100.00,1.0000,200.00,1.0000,500.00,1.0000,1000.00,0.8833,1999.88
610,-64.706,-302.509,0,45.1,120,5735.66,5709.8,5735.0,5759.1,867.88,529.4,872.5,1.0000,50.00,1.0000,100.00,1.0000,200.00,1.0000,500.00,1.0000,1000.00,0.9917,1999.99
611,-485.619,-354.824,0,53.7,120,5610.52,5586.8,5611.0,5635.3,872.95,575.4,880.0,1.0000,50.00,1.0000,100.00,1.0000,200.00,1.0000,500.00,1.0000,1000.00,0.8333,1999.82
612,730.820,815.740,0,1013.2,120,703.31,674.9,706.0,730.0,8.26,6.0,8.0,1.0000,50.00,0.9750,99.97,0.0917,197.48,0.0000,412.87,0.0000,581.15,0.0000,687.24
613,261.088,572.415,0,500.5,120,2714.22,2679.0,2713.5,2756.0,72.62,54.0,67.5,1.0000,50.00,1.0000,100.00,1.0000,200.00,1.0000,500.00,0.0250,996.13,0.0000,1864.92
614,-6.510,-316.640,0,13.5,120,5687.77,5662.8,5689.0,5712.2,822.77,519.8,809.5,1.0000,50.00,1.0000,100.00,1.0000,200.00,1.0000,500.00,1.0000,1000.00,0.9250,1999.92
615,-133.501,-143.800,0,118.9,120,5614.77,5595.0,5614.0,5637.0,664.61,427.2,651.5,1.0000,50.00,1.0000,100.00,1.0000,200.00,1.0000,500.00,1.0000,1000.00,0.9250,1999.92
616,43.816,-469.415,0,68.7,120,5577.23,5551.9,5578.5,5598.2,798.07,504.1,787.0,1.0000,50.00,1.0000,100.00,1.0000,200.00,1.0000,500.00,1.0000,1000.00,0.7750,1999.77
617,-310.546,-724.835,0,38.3,120,5261.31,5228.8,5261.0,5288.1,805.84,584.8,798.0,1.0000,50.00,1.0000,100.00,1.0000,200.00,1.0000,500.00,1.0000,1000.00,0.6250,1999.53
618,-77.144,320.996,0,91.5,120,4284.12,4248.6,4286.0,4319.2,680.17,413.7,664.5,1.0000,50.00,1.0000,100.00,1.0000,200.00,1.0000,500.00,1.0000,1000.00,0.1000,1997.69
619,-941.631,-208.921,0,460.3,120,4044.30,4006.9,4043.0,4082.3,91.76,65.0,87.0,1.0000,50.00,1.0000,100.00,1.0000,200.00,1.0000,500.00,0.8250,999.81,0.0000,1973.67
620,23.440,66.586,0,35.0,120,5036.48,5007.0,5040.0,5063.1,833.79,490.7,841.0,1.0000,50.00,1.0000,100.00,1.0000,200.00,1.0000,500.00,1.0000,1000.00,0.5917,1999.47
621,293.725,62.875,0,303.9,120,4440.58,4398.7,4445.0,4473.2,215.01,138.8,203.0,1.0000,50.00,1.0000,100.00,1.0000,200.00,1.0000,500.00,0.9917,999.99,0.0000,1992.17
622,-264.058,-139.552,0,213.7,120,5605.60,5580.0,5606.0,5628.1,461.13,306.9,449.0,1.0000,50.00,1.0000,100.00,1.0000,200.00,1.0000,500.00,1.0000,1000.00,0.9333,1999.93
623,355.505,-189.283,0,371.3,120,4741.63,4703.9,4740.5,4781.1,163.22,107.0,146.5,1.0000,50.00,1.0000,100.00,1.0000,200.00,1.0000,500.00,0.9833,999.98,0.0000,1993.48
624,-596.803,904.770,0,681.6,120,1782.15,1746.8,1783.0,1814.0,31.23,23.0,29.0,1.0000,50.00,1.0000,100.00,1.0000,200.00,0.2917,498.82,0.0000,953.84,0.0000,1548.71
625,-142.434,697.581,0,424.3,120,2815.73,2792.0,2815.0,2844.3,107.54,73.0,102.0,1.0000,50.00,1.0000,100.00,1.0000,200.00,1.0000,500.00,0.2417,998.46,0.0000,1915.39
626,-458.581,999.249,0,734.3,120,1569.24,1541.9,1568.5,1598.4,25.77,19.0,25.0,1.0000,50.00,1.0000,100.00,1.0000,200.00,0.0500,496.65,0.0000,922.31,0.0000,1416.33
627,156.173,12.789,0,165.6,120,4963.01,4925.9,4966.5,4996.0,506.88,271.8,487.0,1.0000,50.00,1.0000,100.00,1.0000,200.00,1.0000,500.00,1.0000,1000.00,0.2750,1998.74
628,153.134,841.337,0,658.0,120,1913.11,1879.9,1916.0,1943.0,36.12,25.9,34.5,1.0000,50.00,1.0000,100.00,1.0000,200.00,0.5833,499.43,0.0000,964.77,0.0000,1605.47
629,-830.206,363.088,0,402.3,120,3196.24,3160.5,3195.5,3232.2,122.03,83.0,113.0,1.0000,50.00,1.0000,100.00,1.0000,200.00,1.0000,500.00,0.5000,999.36,0.0000,1941.57
630,-0.789,-477.935,0,24.4,120,5624.02,5596.0,5625.0,5653.0,865.92,565.3,862.5,1.0000,50.00,1.0000,100.00,1.0000,200.00,1.0000,500.00,1.0000,1000.00,0.8583,1999.86
631,459.588,472.586,0,593.7,120,2457.87,2421.0,2456.0,2496.1,47.36,34.9,44.0,1.0000,50.00,1.0000,100.00,1.0000,200.00,0.9167,499.92,0.0000,988.92,0.0000,1774.95
632,13.592,1158.575,0,907.9,120,975.52,940.5,978.0,1002.3,12.33,10.0,12.0,1.0000,50.00,1.0000,100.00,0.7083,199.67,0.0000,465.43,0.0000,737.14,0.0000,945.03
633,10.249,-859.241,0,47.6,120,4691.26,4659.0,4694.0,4719.1,832.30,538.7,844.5,1.0000,50.00,1.0000,100.00,1.0000,200.00,1.0000,500.00,1.0000,1000.00,0.4333,1999.21
634,-728.236,32.337,0,209.3,120,4507.80,4473.0,4505.5,4540.1,344.96,221.5,329.0,1.0000,50.00,1.0000,100.00,1.0000,200.00,1.0000,500.00,1.0000,1000.00,0.0250,1995.83
635,-987.551,-86.644,0,477.8,120,3664.78,3618.0,3659.0,3710.2,82.25,58.0,79.0,1.0000,50.00,1.0000,100.00,1.0000,200.00,1.0000,500.00,0.6500,999.56,0.0000,1953.78
636,-151.371,1183.225,0,904.4,120,984.12,952.9,982.0,1011.1,12.86,10.0,13.0,1.0000,50.00,1.0000,100.00,0.7917,199.78,0.0000,466.73,0.0000,741.59,0.0000,953.67
637,-302.607,-123.685,0,180.2,120,5566.00,5544.0,5566.0,5590.0,501.95,308.7,456.0,1.0000,50.00,1.0000,100.00,1.0000,200.00,1.0000,500.00,1.0000,1000.00,0.9417,1999.94
638,105.544,399.485,0,268.1,120,3746.26,3705.8,3744.0,3785.0,266.58,173.9,240.0,1.0000,50.00,1.0000,100.00,1.0000,200.00,1.0000,500.00,0.9583,999.96,0.0000,1983.89
639,-797.284,23.716,0,278.3,120,4294.18,4261.9,4294.0,4327.0,249.21,160.0,227.5,1.0000,50.00,1.0000,100.00,1.0000,200.00,1.0000,500.00,0.9917,999.99,0.0000,1991.52
640,-242.512,-710.689,0,106.8,120,5317.70,5290.0,5317.0,5347.1,688.17,424.2,680.0,1.0000,50.00,1.0000,100.00,1.0000,200.00,1.0000,500.00,1.0000,1000.00,0.7250,1999.65
641,-413.405,-43.083,0,92.4,120,5324.18,5298.9,5325.0,5351.1,784.18,506.0,777.0,1.0000,50.00,1.0000,100.00,1.0000,200.00,1.0000,500.00,1.0000,1000.00,0.8667,1999.87
642,-278.135,748.355,0,464.2,120,2634.56,2602.0,2633.0,2666.1,86.93,60.9,80.0,1.0000,50.00,1.0000,100.00,1.0000,200.00,1.0000,500.00,0.0583,997.13,0.0000,1883.12
643,-517.635,-346.375,0,82.7,120,5560.81,5536.7,5561.0,5584.1,742.42,479.3,727.5,1.0000,50.00,1.0000,100.00,1.0000,200.00,1.0000,500.00,1.0000,1000.00,0.8583,1999.86
644,184.694,505.515,0,399.4,120,3157.28,3116.8,3159.0,3192.0,122.42,82.0,112.0,1.0000,50.00,1.0000,100.00,1.0000,200.00,1.0000,500.00,0.5167,999.29,0.0000,1940.74
645,-71.105,1113.459,0,846.2,120,1179.44,1147.8,1178.0,1210.1,15.28,12.0,15.0,1.0000,50.00,1.0000,100.00,0.9667,199.97,0.0000,483.96,0.0000,819.67,0.0000,1121.55
646,-3.707,-562.802,0,24.2,120,5513.41,5482.8,5513.0,5546.1,890.54,535.9,916.0,1.0000,50.00,1.0000,100.00,1.0000,200.00,1.0000,500.00,1.0000,1000.00,0.8083,1999.78
647,327.404,32.227,0,336.5,120,4405.04,4364.3,4407.0,4445.1,184.39,116.0,166.5,1.0000,50.00,1.0000,100.00,1.0000,200.00,1.0000,500.00,1.0000,1000.00,0.0000,1989.78
648,370.961,240.093,0,414.1,120,3590.91,3553.0,3591.0,3626.1,115.77,76.9,112.0,1.0000,50.00,1.0000,100.00,1.0000,200.00,1.0000,500.00,0.6750,999.63,0.0000,1957.55
649,185.615,-190.077,0,201.5,120,5285.38,5247.9,5289.0,5316.0,424.65,250.8,395.5,1.0000,50.00,1.0000,100.00,1.0000,200.00,1.0000,500.00,1.0000,1000.00,0.4417,1999.16
650,-236.446,-559.164,0,138.0,120,5640.39,5611.0,5643.0,5666.0,667.02,410.4,653.5,1.0000,50.00,1.0000,100.00,1.0000,200.00,1.0000,500.00,1.0000,1000.00,0.8833,1999.88
651,-761.036,-300.898,0,307.6,120,4916.36,4882.0,4916.5,4952.0,236.23,159.7,223.0,1.0000,50.00,1.0000,100.00,1.0000,200.00,1.0000,500.00,1.0000,1000.00,0.0250,1996.85
652,-630.656,-504.497,0,230.9,120,5256.32,5219.9,5258.0,5290.0,379.46,220.7,347.5,1.0000,50.00,1.0000,100.00,1.0000,200.00,1.0000,500.00,1.0000,1000.00,0.3250,1998.78
653,-316.635,189.806,0,86.1,120,4764.88,4727.9,4761.0,4799.0,926.23,555.4,925.5,1.0000,50.00,1.0000,100.00,1.0000,200.00,1.0000,500.00,1.0000,1000.00,0.7167,1999.67
654,-633.629,-42.628,0,121.6,120,4954.54,4920.8,4957.0,4987.1,616.81,355.6,595.0,1.0000,50.00,1.0000,100.00,1.0000,200.00,1.0000,500.00,1.0000,1000.00,0.4000,1999.07
655,201.786,817.887,0,660.9,120,1917.03,1883.6,1915.5,1957.0,33.69,25.0,32.0,1.0000,50.00,1.0000,100.00,1.0000,200.00,0.5500,499.42,0.0000,965.25,0.0000,1602.92
656,-710.545,-506.402,0,308.8,120,5024.51,4994.8,5023.0,5059.3,240.31,159.6,224.5,1.0000,50.00,1.0000,100.00,1.0000,200.00,1.0000,500.00,0.9917,999.99,0.0583,1996.94
657,-117.042,625.451,0,359.0,120,3093.39,3060.8,3090.5,3130.0,158.22,101.9,145.5,1.0000,50.00,1.0000,100.00,1.0000,200.00,1.0000,500.00,0.6667,999.59,0.0000,1951.68
658,162.038,122.949,0,181.3,120,4627.64,4593.6,4628.5,4662.1,452.40,252.3,427.0,1.0000,50.00,1.0000,100.00,1.0000,200.00,1.0000,500.00,1.0000,1000.00,0.0167,1996.91
659,-695.431,47.692,0,176.8,120,4571.80,4536.6,4574.5,4606.0,468.13,280.8,441.5,1.0000,50.00,1.0000,100.00,1.0000,200.00,1.0000,500.00,1.0000,1000.00,0.0250,1996.88
660,-365.216,357.423,0,88.4,120,4146.27,4115.9,4146.5,4177.0,718.67,440.3,703.5,1.0000,50.00,1.0000,100.00,1.0000,200.00,1.0000,500.00,1.0000,1000.00,0.0667,1997.47
661,-3.483,-716.177,0,29.3,120,5161.60,5127.9,5163.0,5188.2,869.04,597.7,875.0,1.0000,50.00,1.0000,100.00,1.0000,200.00,1.0000,500.00,1.0000,1000.00,0.6333,1999.59
662,113.263,-634.261,0,143.3,120,5189.24,5162.0,5190.0,5216.3,601.42,328.2,597.0,1.0000,50.00,1.0000,100.00,1.0000,200.00,1.0000,500.00,1.0000,1000.00,0.5083,1999.34
663,-677.627,-10.101,0,160.5,120,4757.69,4726.8,4758.5,4791.0,514.55,335.7,478.0,1.0000,50.00,1.0000,100.00,1.0000,200.00,1.0000,500.00,1.0000,1000.00,0.0833,1998.05
664,-40.338,494.901,0,261.6,120,3571.54,3536.9,3574.5,3605.1,281.33,189.9,271.0,1.0000,50.00,1.0000,100.00,1.0000,200.00,1.0000,500.00,0.9583,999.96,0.0000,1982.79
665,367.216,-476.445,0,392.1,120,4727.67,4688.0,4731.0,4763.1,142.22,93.8,134.5,1.0000,50.00,1.0000,100.00,1.0000,200.00,1.0000,500.00,1.0000,1000.00,0.0000,1993.32
666,305.036,686.922,0,614.7,120,2175.92,2138.0,2181.0,2203.0,42.25,31.0,41.0,1.0000,50.00,1.0000,100.00,1.0000,200.00,0.8167,499.81,0.0000,981.95,0.0000,1706.68
667,-431.431,842.912,0,575.7,120,2185.97,2155.0,2186.0,2218.1,50.73,36.9,48.0,1.0000,50.00,1.0000,100.00,1.0000,200.00,0.9583,499.96,0.0000,985.90,0.0000,1747.31
668,-943.730,-284.499,0,480.8,120,4079.35,4030.0,4078.0,4127.0,87.25,63.0,83.0,1.0000,50.00,1.0000,100.00,1.0000,200.00,1.0000,500.00,0.8333,999.81,0.0000,1972.99
669,258.496,238.322,0,307.9,120,3981.51,3940.9,3983.5,4020.1,215.18,133.0,207.5,1.0000,50.00,1.0000,100.00,1.0000,200.00,1.0000,500.00,0.9500,999.95,0.0000,1983.39
670,353.877,510.962,0,528.5,120,2679.77,2636.9,2680.0,2717.2,62.08,43.0,60.0,1.0000,50.00,1.0000,100.00,1.0000,200.00,1.0000,500.00,0.0000,995.18,0.0000,1847.18
671,-164.366,-71.428,0,152.1,120,5495.19,5468.9,5493.5,5525.0,611.52,361.8,599.5,1.0000,50.00,1.0000,100.00,1.0000,200.00,1.0000,500.00,1.0000,1000.00,0.9333,1999.93
672,-290.758,-643.008,0,65.2,120,5474.10,5443.8,5474.0,5502.1,743.35,489.8,760.0,1.0000,50.00,1.0000,100.00,1.0000,200.00,1.0000,500.00,1.0000,1000.00,0.8250,1999.80
673,287.141,683.564,0,600.5,120,2230.63,2192.9,2235.5,2265.0,47.12,33.9,43.5,1.0000,50.00,1.0000,100.00,1.0000,200.00,0.8500,499.84,0.0000,983.81,0.0000,1729.14
674,52.685,404.868,0,236.3,120,3807.95,3775.6,3810.0,3845.3,329.01,205.9,302.0,1.0000,50.00,1.0000,100.00,1.0000,200.00,1.0000,500.00,0.9833,999.98,0.0000,1987.64
675,-60.322,-962.359,0,19.7,120,4393.19,4355.9,4394.0,4428.2,846.85,601.4,843.5,1.0000,50.00,1.0000,100.00,1.0000,200.00,1.0000,500.00,1.0000,1000.00,0.2583,1998.72
676,-143.831,-315.807,0,123.8,120,5775.48,5754.0,5776.0,5799.0,668.72,413.7,631.0,1.0000,50.00,1.0000,100.00,1.0000,200.00,1.0000,500.00,1.0000,1000.00,0.9667,1999.97
677,-78.146,216.183,0,8.7,120,4666.74,4628.9,4667.0,4698.1,861.63,544.5,875.5,1.0000,50.00,1.0000,100.00,1.0000,200.00,1.0000,500.00,1.0000,1000.00,0.4417,1999.12
678,484.902,44.075,0,494.2,120,3686.62,3639.0,3686.0,3739.0,83.29,56.9,80.5,1.0000,50.00,1.0000,100.00,1.0000,200.00,1.0000,500.00,0.6083,999.43,0.0000,1950.15
679,-24.244,-384.845,0,2.1,120,5704.22,5679.9,5705.5,5727.0,869.52,578.6,884.5,1.0000,50.00,1.0000,100.00,1.0000,200.00,1.0000,500.00,1.0000,1000.00,0.8917,1999.88
680,-777.133,-96.649,0,273.4,120,4625.60,4590.0,4627.0,4659.0,272.28,170.0,273.0,1.0000,50.00,1.0000,100.00,1.0000,200.00,1.0000,500.00,1.0000,1000.00,0.0083,1995.73
681,-6.936,-657.196,0,23.9,120,5315.29,5283.8,5315.5,5345.2,879.71,569.6,899.5,1.0000,50.00,1.0000,100.00,1.0000,200.00,1.0000,500.00,1.0000,1000.00,0.7167,1999.67
682,113.287,446.707,0,307.7,120,3540.56,3503.9,3543.0,3575.1,208.98,131.7,192.5,1.0000,50.00,1.0000,100.00,1.0000,200.00,1.0000,500.00,0.8750,999.87,0.0000,1974.74
683,414.345,891.698,0,842.3,120,1237.64,1203.9,1241.5,1268.2,16.44,12.0,16.0,1.0000,50.00,1.0000,100.00,0.9833,199.98,0.0000,486.72,0.0000,834.69,0.0000,1154.12
684,-26.044,880.067,0,628.5,120,2000.75,1970.0,2000.0,2036.0,40.71,29.0,40.0,1.0000,50.00,1.0000,100.00,1.0000,200.00,0.7833,499.75,0.0000,975.08,0.0000,1660.83
685,-410.241,1090.543,0,816.3,120,1275.27,1245.7,1273.0,1312.1,17.20,13.0,16.0,1.0000,50.00,1.0000,100.00,0.9833,199.98,0.0000,488.52,0.0000,851.20,0.0000,1200.36
686,-173.288,-432.259,0,149.5,120,5766.53,5743.0,5767.5,5789.1,640.52,373.9,601.0,1.0000,50.00,1.0000,100.00,1.0000,200.00,1.0000,500.00,1.0000,1000.00,0.9417,1999.94
687,590.008,761.741,0,870.2,120,1167.77,1133.9,1166.5,1204.0,14.56,11.0,14.0,1.0000,50.00,1.0000,100.00,0.9583,199.96,0.0000,481.01,0.0000,804.27,0.0000,1089.33
688,385.374,-249.209,0,403.0,120,4680.10,4641.9,4680.0,4715.2,140.64,99.9,128.5,1.0000,50.00,1.0000,100.00,1.0000,200.00,1.0000,500.00,0.9833,999.98,0.0000,1991.36
689,38.626,1218.629,0,972.3,120,776.64,749.9,775.5,805.0,9.51,7.0,9.0,1.0000,50.00,0.9917,99.99,0.2250,198.57,0.0000,432.76,0.0000,631.48,0.0000,763.12
690,130.135,881.766,0,684.2,120,1807.07,1775.9,1808.5,1844.1,31.52,24.0,31.0,1.0000,50.00,1.0000,100.00,1.0000,200.00,0.3083,498.88,0.0000,954.64,0.0000,1551.78
691,396.632,-375.432,0,418.3,120,4663.64,4626.9,4661.0,4707.3,124.70,83.0,120.0,1.0000,50.00,1.0000,100.00,1.0000,200.00,1.0000,500.00,1.0000,1000.00,0.0000,1990.98
692,-86.324,-14.968,0,75.9,120,5352.99,5327.9,5352.0,5381.1,807.88,505.3,797.0,1.0000,50.00,1.0000,100.00,1.0000,200.00,1.0000,500.00,1.0000,1000.00,0.8833,1999.86
693,173.239,179.320,0,207.4,120,4417.23,4383.9,4420.0,4451.1,401.36,238.5,379.5,1.0000,50.00,1.0000,100.00,1.0000,200.00,1.0000,500.00,1.0000,1000.00,0.0083,1995.19
694,-490.335,136.157,0,4.8,120,4759.43,4723.8,4758.0,4793.2,899.10,507.0,905.5,1.0000,50.00,1.0000,100.00,1.0000,200.00,1.0000,500.00,1.0000,1000.00,0.5250,1999.39
695,-147.997,-593.418,0,119.1,120,5566.96,5541.9,5566.0,5595.1,688.57,420.2,649.0,1.0000,50.00,1.0000,100.00,1.0000,200.00,1.0000,500.00,1.0000,1000.00,0.8000,1999.77
696,509.610,-13.728,0,519.7,120,3695.06,3656.9,3696.0,3738.0,72.03,50.0,70.0,1.0000,50.00,1.0000,100.00,1.0000,200.00,1.0000,500.00,0.5167,999.32,0.0000,1947.88
697,-1042.292,-353.273,0,593.2,120,3532.71,3489.8,3532.0,3576.1,51.34,37.0,49.0,1.0000,50.00,1.0000,100.00,1.0000,200.00,1.0000,500.00,0.2750,998.80,0.0000,1927.24
698,-948.317,-243.781,0,475.3,120,4035.98,3991.3,4038.0,4076.1,93.78,65.8,88.0,1.0000,50.00,1.0000,100.00,1.0000,200.00,1.0000,500.00,0.8667,999.85,0.0000,1972.27
699,-206.112,171.296,0,101.6,120,4856.48,4826.0,4856.5,4891.1,822.65,517.4,793.0,1.0000,50.00,1.0000,100.00,1.0000,200.00,1.0000,500.00,1.0000,1000.00,0.6917,1999.63
700,-650.101,190.435,0,163.4,120,4278.75,4248.9,4276.0,4315.0,514.38,315.0,503.5,1.0000,50.00,1.0000,100.00,1.0000,200.00,1.0000,500.00,0.9833,999.98,0.0250,1995.67
701,-47.496,56.035,0,36.7,120,5139.88,5109.0,5139.0,5175.1,887.30,514.3,890.5,1.0000,50.00,1.0000,100.00,1.0000,200.00,1.0000,500.00,1.0000,1000.00,0.8333,1999.82
702,-243.667,1009.043,0,725.0,120,1607.17,1576.8,1607.5,1639.0,24.87,19.0,24.0,1.0000,50.00,1.0000,100.00,1.0000,200.00,0.1000,497.63,0.0000,928.42,0.0000,1443.04
703,-53.260,1140.168,0,875.7,120,1075.06,1045.8,1075.5,1101.1,14.20,10.0,13.0,1.0000,50.00,1.0000,100.00,0.9250,199.92,0.0000,476.52,0.0000,780.08,0.0000,1032.63
704,-586.189,1239.366,0,997.2,120,705.24,677.9,707.0,732.0,8.53,7.0,8.0,1.0000,50.00,0.9667,99.97,0.0750,197.59,0.0000,415.52,0.0000,589.48,0.0000,695.72
705,372.264,67.355,0,382.5,120,4130.60,4086.8,4130.5,4169.1,140.40,98.9,135.0,1.0000,50.00,1.0000,100.00,1.0000,200.00,1.0000,500.00,0.9083,999.91,0.0000,1981.28
706,456.535,657.286,0,700.9,120,1860.11,1826.9,1858.5,1896.0,28.38,21.0,27.0,1.0000,50.00,1.0000,100.00,1.0000,200.00,0.3000,498.93,0.0000,953.89,0.0000,1548.84
707,-472.471,-284.629,0,23.8,120,5599.14,5573.8,5598.0,5623.1,863.44,572.9,874.0,1.0000,50.00,1.0000,100.00,1.0000,200.00,1.0000,500.00,1.0000,1000.00,0.9000,1999.89
708,-307.503,621.389,0,338.7,120,3143.61,3110.8,3142.0,3177.3,177.25,108.7,164.5,1.0000,50.00,1.0000,100.00,1.0000,200.00,1.0000,500.00,0.7083,999.67,0.0000,1960.28
709,-41.084,166.935,0,7.1,120,4800.38,4771.8,4802.0,4833.1,832.62,497.0,869.5,1.0000,50.00,1.0000,100.00,1.0000,200.00,1.0000,500.00,1.0000,1000.00,0.4500,1999.29
710,-715.144,283.665,0,262.9,120,3808.32,3778.9,3807.0,3840.2,270.13,161.0,249.0,1.0000,50.00,1.0000,100.00,1.0000,200.00,1.0000,500.00,0.9750,999.98,0.0000,1984.64
711,-343.193,-344.609,0,86.9,120,5747.59,5725.9,5745.0,5769.3,755.44,441.5,767.5,1.0000,50.00,1.0000,100.00,1.0000,200.00,1.0000,500.00,1.0000,1000.00,0.8917,1999.89
712,177.930,895.203,0,717.2,120,1682.17,1651.9,1684.0,1711.0,28.02,21.0,26.0,1.0000,50.00,1.0000,100.00,1.0000,200.00,0.1083,498.03,0.0000,938.27,0.0000,1475.74
713,390.752,28.792,0,399.9,120,4159.38,4121.9,4159.0,4198.3,134.24,90.0,126.0,1.0000,50.00,1.0000,100.00,1.0000,200.00,1.0000,500.00,0.9583,999.96,0.0000,1981.28
714,-807.252,-1.478,0,289.1,120,4318.23,4282.9,4316.0,4359.1,240.33,146.7,221.5,1.0000,50.00,1.0000,100.00,1.0000,200.00,1.0000,500.00,0.9917,999.99,0.0000,1990.94
715,261.463,486.002,0,441.3,120,3045.88,3006.9,3046.0,3085.2,98.16,64.9,91.0,1.0000,50.00,1.0000,100.00,1.0000,200.00,1.0000,500.00,0.3250,998.72,0.0000,1920.10
716,-465.532,1053.376,0,788.7,120,1374.86,1350.7,1373.0,1401.1,20.01,15.0,19.0,1.0000,50.00,1.0000,100.00,1.0000,200.00,0.0000,493.28,0.0000,880.09,0.0000,1279.13
717,-460.071,593.768,0,342.6,120,3140.99,3104.9,3142.0,3175.0,182.03,118.9,166.0,1.0000,50.00,1.0000,100.00,1.0000,200.00,1.0000,500.00,0.7333,999.68,0.0000,1958.21
718,249.989,243.635,0,302.0,120,3985.30,3944.9,3983.5,4020.0,213.27,134.0,192.5,1.0000,50.00,1.0000,100.00,1.0000,200.00,1.0000,500.00,0.9417,999.94,0.0000,1984.69
719,-636.306,48.361,0,117.8,120,4722.75,4692.0,4722.0,4754.0,641.17,392.8,626.5,1.0000,50.00,1.0000,100.00,1.0000,200.00,1.0000,500.00,1.0000,1000.00,0.2583,1998.63
720,-146.459,8.058,0,136.7,120,5318.24,5296.9,5319.0,5338.1,724.77,426.7,710.0,1.0000,50.00,1.0000,100.00,1.0000,200.00,1.0000,500.00,1.0000,1000.00,0.9000,1999.90
721,280.694,160.408,0,305.4,120,4179.63,4143.4,4179.0,4219.1,220.66,136.9,197.5,1.0000,50.00,1.0000,100.00,1.0000,200.00,1.0000,500.00,0.9750,999.98,0.0000,1987.74
722,333.962,27.704,0,343.1,120,4390.11,4354.9,4390.0,4425.0,176.18,119.9,164.0,1.0000,50.00,1.0000,100.00,1.0000,200.00,1.0000,500.00,0.9917,999.99,0.0000,1989.88
723,-414.651,521.635,0,259.9,120,3473.58,3437.6,3475.0,3506.0,282.28,176.7,252.0,1.0000,50.00,1.0000,100.00,1.0000,200.00,1.0000,500.00,0.9250,999.92,0.0000,1981.03
724,-267.257,-829.273,0,78.1,120,4953.27,4923.0,4952.0,4985.0,637.77,397.9,648.0,1.0000,50.00,1.0000,100.00,1.0000,200.00,1.0000,500.00,1.0000,1000.00,0.5583,1999.41
725,-506.354,419.073,0,204.0,120,3757.72,3721.8,3756.0,3795.2,370.74,225.8,344.0,1.0000,50.00,1.0000,100.00,1.0000,200.00,1.0000,500.00,0.9833,999.98,0.0000,1990.29
726,96.693,898.487,0,686.1,120,1790.12,1757.9,1791.0,1826.0,31.87,24.0,30.0,1.0000,50.00,1.0000,100.00,1.0000,200.00,0.3417,498.95,0.0000,954.59,0.0000,1545.11
727,282.708,300.516,0,355.4,120,3681.07,3642.7,3684.5,3717.0,151.47,102.0,140.5,1.0000,50.00,1.0000,100.00,1.0000,200.00,1.0000,500.00,0.8000,999.79,0.0000,1970.38
728,-218.155,16.443,0,208.6,120,5302.77,5276.9,5302.5,5331.1,523.40,320.6,488.0,1.0000,50.00,1.0000,100.00,1.0000,200.00,1.0000,500.00,1.0000,1000.00,0.8833,1999.88
729,-439.094,-576.706,0,62.8,120,5497.90,5468.0,5498.0,5526.3,816.43,491.0,814.0,1.0000,50.00,1.0000,100.00,1.0000,200.00,1.0000,500.00,1.0000,1000.00,0.7000,1999.62
730,-125.287,-602.088,0,96.1,120,5540.52,5513.7,5540.0,5568.1,773.45,475.6,790.0,1.0000,50.00,1.0000,100.00,1.0000,200.00,1.0000,500.00,1.0000,1000.00,0.7500,1999.73
731,128.226,959.548,0,754.6,120,1524.07,1489.6,1524.0,1557.0,22.14,17.0,21.0,1.0000,50.00,1.0000,100.00,0.9917,199.99,0.0167,496.18,0.0000,911.94,0.0000,1378.17
732,-415.521,514.657,0,253.5,120,3494.18,3460.9,3492.0,3525.1,295.53,183.7,268.5,1.0000,50.00,1.0000,100.00,1.0000,200.00,1.0000,500.00,0.9500,999.95,0.0000,1982.87
733,-140.505,277.055,0,21.9,120,4480.47,4453.0,4480.5,4511.1,850.05,546.0,847.5,1.0000,50.00,1.0000,100.00,1.0000,200.00,1.0000,500.00,1.0000,1000.00,0.3750,1998.97
734,131.747,-100.912,0,144.8,120,5270.29,5240.0,5270.5,5298.1,606.66,342.2,574.0,1.0000,50.00,1.0000,100.00,1.0000,200.00,1.0000,500.00,1.0000,1000.00,0.5833,1999.46
735,-937.067,-88.151,0,428.3,120,3919.45,3885.8,3915.0,3956.2,112.78,77.9,106.5,1.0000,50.00,1.0000,100.00,1.0000,200.00,1.0000,500.00,0.8083,999.77,0.0000,1971.58
736,320.005,-493.386,0,345.5,120,4882.59,4844.4,4882.5,4924.4,190.50,112.8,180.5,1.0000,50.00,1.0000,100.00,1.0000,200.00,1.0000,500.00,1.0000,1000.00,0.0167,1995.67
737,748.784,795.616,0,1015.1,120,703.58,676.0,706.0,727.1,8.17,6.0,8.0,1.0000,50.00,0.9917,99.99,0.1167,197.57,0.0000,413.02,0.0000,581.26,0.0000,686.89
738,780.847,732.521,0,1004.5,120,738.22,706.9,739.0,767.1,8.78,7.0,8.0,1.0000,50.00,1.0000,100.00,0.1167,197.82,0.0000,420.51,0.0000,600.89,0.0000,717.47
739,-235.754,884.941,0,601.1,120,2089.38,2055.9,2087.5,2121.1,46.45,34.0,43.0,1.0000,50.00,1.0000,100.00,1.0000,200.00,0.8667,499.87,0.0000,981.09,0.0000,1706.67
740,28.958,-629.638,0,58.9,120,5335.95,5306.9,5338.0,5361.2,828.44,517.7,826.5,1.0000,50.00,1.0000,100.00,1.0000,200.00,1.0000,500.00,1.0000,1000.00,0.6417,1999.57
741,43.497,481.695,0,292.1,120,3517.21,3480.8,3517.5,3553.5,229.05,145.9,209.0,1.0000,50.00,1.0000,100.00,1.0000,200.00,1.0000,500.00,0.9250,999.92,0.0000,1976.88
742,5.237,-103.071,0,18.4,120,5458.72,5433.0,5458.5,5484.0,877.16,581.7,890.5,1.0000,50.00,1.0000,100.00,1.0000,200.00,1.0000,500.00,1.0000,1000.00,0.9083,1999.91
743,-622.970,1098.708,0,873.1,120,1084.63,1059.9,1084.0,1110.0,13.95,11.0,14.0,1.0000,50.00,1.0000,100.00,0.9250,199.93,0.0000,476.92,0.0000,782.28,0.0000,1040.94
744,-318.399,591.517,0,309.9,120,3255.73,3225.6,3255.0,3292.1,201.38,135.5,186.5,1.0000,50.00,1.0000,100.00,1.0000,200.00,1.0000,500.00,0.8333,999.83,0.0000,1968.75
745,-900.820,-64.891,0,388.8,120,4057.12,4025.9,4056.5,4094.0,140.47,95.8,131.5,1.0000,50.00,1.0000,100.00,1.0000,200.00,1.0000,500.00,0.8750,999.88,0.0000,1980.63
746,737.230,542.405,0,870.1,120,1249.38,1212.7,1250.0,1288.0,14.20,11.0,14.0,1.0000,50.00,1.0000,100.00,0.9583,199.96,0.0000,483.98,0.0000,823.23,0.0000,1138.47
747,-527.758,-252.889,0,69.7,120,5493.55,5461.9,5497.0,5523.0,802.55,495.9,798.0,1.0000,50.00,1.0000,100.00,1.0000,200.00,1.0000,500.00,1.0000,1000.00,0.8333,1999.83
748,-12.688,-264.586,0,5.7,120,5673.79,5650.9,5673.0,5698.2,858.76,567.0,840.5,1.0000,50.00,1.0000,100.00,1.0000,200.00,1.0000,500.00,1.0000,1000.00,0.9333,1999.93
749,-123.121,-407.507,0,100.1,120,5763.87,5739.9,5762.5,5790.0,741.97,446.9,723.0,1.0000,50.00,1.0000,100.00,1.0000,200.00,1.0000,500.00,1.0000,1000.00,0.9083,1999.89
750,579.518,366.142,0,653.4,120,2312.18,2270.8,2313.0,2348.2,34.82,25.9,34.0,1.0000,50.00,1.0000,100.00,1.0000,200.00,0.8333,499.83,0.0000,980.62,0.0000,1709.06
751,189.673,-215.090,0,206.4,120,5308.56,5280.0,5309.0,5335.2,458.55,270.4,429.0,1.0000,50.00,1.0000,100.00,1.0000,200.00,1.0000,500.00,1.0000,1000.00,0.5083,1999.31
752,-790.760,478.389,0,437.2,120,2927.26,2893.8,2925.5,2961.1,98.83,68.0,90.0,1.0000,50.00,1.0000,100.00,1.0000,200.00,0.9917,499.99,0.2333,998.60,0.0000,1914.66
753,-755.665,-176.896,0,272.2,120,4825.97,4793.0,4823.5,4864.1,286.62,183.8,263.5,1.0000,50.00,1.0000,100.00,1.0000,200.00,1.0000,500.00,1.0000,1000.00,0.0333,1997.07
754,450.231,714.992,0,735.2,120,1689.12,1655.9,1692.0,1721.1,24.88,18.0,25.0,1.0000,50.00,1.0000,100.00,1.0000,200.00,0.0833,497.62,0.0000,932.33,0.0000,1456.27
755,-500.609,-504.723,0,104.9,120,5513.76,5488.8,5511.5,5545.0,708.00,472.9,686.0,1.0000,50.00,1.0000,100.00,1.0000,200.00,1.0000,500.00,1.0000,1000.00,0.6750,1999.60
756,-105.175,617.451,0,354.3,120,3125.67,3090.0,3125.0,3162.0,149.12,96.0,142.5,1.0000,50.00,1.0000,100.00,1.0000,200.00,1.0000,500.00,0.5833,999.53,0.0000,1953.51
757,-166.183,807.019,0,528.9,120,2379.68,2348.9,2381.0,2410.0,63.68,48.0,60.0,1.0000,50.00,1.0000,100.00,1.0000,200.00,0.9750,499.98,0.0000,992.15,0.0000,1812.77
758,614.506,88.281,0,625.6,120,2896.67,2852.0,2896.0,2946.1,40.48,31.0,39.0,1.0000,50.00,1.0000,100.00,1.0000,200.00,1.0000,500.00,0.0000,994.17,0.0000,1837.92
759,-31.503,-947.725,0,8.7,120,4417.73,4384.9,4418.5,4447.3,825.22,525.7,841.5,1.0000,50.00,1.0000,100.00,1.0000,200.00,1.0000,500.00,1.0000,1000.00,0.3750,1998.85
760,-856.108,80.957,0,339.4,120,3934.86,3901.9,3933.0,3973.1,170.90,104.8,152.0,1.0000,50.00,1.0000,100.00,1.0000,200.00,1.0000,500.00,0.9583,999.96,0.0000,1980.61
761,-583.155,746.779,0,530.3,120,2386.07,2352.6,2384.5,2431.0,63.43,45.9,61.0,1.0000,50.00,1.0000,100.00,1.0000,200.00,0.9833,499.98,0.0000,992.42,0.0000,1813.45
762,-98.809,450.746,0,197.7,120,3797.59,3766.7,3800.0,3830.1,407.05,231.9,362.5,1.0000,50.00,1.0000,100.00,1.0000,200.00,1.0000,500.00,1.0000,1000.00,0.0000,1990.94
763,-478.969,-612.954,0,110.3,120,5384.48,5356.9,5384.5,5417.1,750.41,456.1,728.0,1.0000,50.00,1.0000,100.00,1.0000,200.00,1.0000,500.00,1.0000,1000.00,0.5333,1999.37
764,-240.027,260.543,0,22.5,120,4553.74,4519.9,4555.0,4577.0,924.98,601.9,946.0,1.0000,50.00,1.0000,100.00,1.0000,200.00,1.0000,500.00,1.0000,1000.00,0.5417,1999.40
765,-422.989,257.209,0,22.9,120,4457.34,4423.8,4456.5,4488.2,864.10,519.1,869.0,1.0000,50.00,1.0000,100.00,1.0000,200.00,1.0000,500.00,1.0000,1000.00,0.3750,1999.08
766,80.992,-905.136,0,119.7,120,4419.89,4386.0,4418.5,4448.1,703.57,414.8,714.0,1.0000,50.00,1.0000,100.00,1.0000,200.00,1.0000,500.00,1.0000,1000.00,0.1917,1998.28
767,-171.480,1318.744,0,1037.8,120,600.74,574.9,602.5,627.0,7.60,6.0,7.0,1.0000,50.00,0.9417,99.94,0.0083,194.98,0.0000,384.72,0.0000,519.30,0.0000,595.34
768,-570.714,792.259,0,567.3,120,2233.19,2199.9,2234.5,2266.1,52.62,38.0,50.0,1.0000,50.00,1.0000,100.00,1.0000,200.00,0.9333,499.93,0.0000,987.72,0.0000,1762.97
769,520.150,150.609,0,538.6,120,3218.63,3170.7,3221.5,3260.2,62.08,43.9,57.0,1.0000,50.00,1.0000,100.00,1.0000,200.00,1.0000,500.00,0.1417,997.82,0.0000,1904.86
770,-570.574,764.618,0,541.7,120,2335.12,2300.0,2337.0,2370.0,60.51,44.0,56.0,1.0000,50.00,1.0000,100.00,1.0000,200.00,0.9750,499.98,0.0000,990.52,0.0000,1798.44
771,16.492,289.174,0,127.5,120,4307.61,4275.9,4308.0,4343.0,574.62,347.6,541.0,1.0000,50.00,1.0000,100.00,1.0000,200.00,1.0000,500.00,1.0000,1000.00,0.0667,1996.92
772,-605.619,-191.189,0,130.1,120,5270.90,5237.9,5271.5,5303.0,642.22,369.2,585.0,1.0000,50.00,1.0000,100.00,1.0000,200.00,1.0000,500.00,1.0000,1000.00,0.6750,1999.58
773,-406.478,1059.638,0,785.2,120,1388.17,1357.0,1391.0,1420.1,19.81,15.0,19.0,1.0000,50.00,1.0000,100.00,0.9917,199.99,0.0000,492.96,0.0000,883.04,0.0000,1289.19
774,323.028,427.083,0,454.2,120,3077.93,3039.9,3079.5,3120.0,96.53,64.8,92.5,1.0000,50.00,1.0000,100.00,1.0000,200.00,1.0000,500.00,0.3000,998.71,0.0000,1918.36
775,0.977,552.071,0,331.1,120,3292.28,3260.8,3292.0,3327.0,177.62,116.0,163.0,1.0000,50.00,1.0000,100.00,1.0000,200.00,1.0000,500.00,0.8250,999.81,0.0000,1964.87
776,-457.137,1186.208,0,917.9,120,939.03,911.8,941.5,965.1,11.97,9.0,12.0,1.0000,50.00,1.0000,100.00,0.7083,199.68,0.0000,460.27,0.0000,719.91,0.0000,913.25
777,-113.667,1410.327,0,1134.2,120,387.17,367.8,387.0,409.0,5.35,4.0,5.0,0.9917,49.99,0.2833,98.76,0.0000,178.30,0.0000,292.72,0.0000,358.02,0.0000,386.02
778,-428.360,250.045,0,20.2,120,4471.86,4440.0,4474.0,4506.0,833.67,525.6,832.0,1.0000,50.00,1.0000,100.00,1.0000,200.00,1.0000,500.00,1.0000,1000.00,0.3833,1999.00
779,124.952,-263.391,0,143.2,120,5486.28,5457.9,5484.5,5516.0,615.98,364.5,577.5,1.0000,50.00,1.0000,100.00,1.0000,200.00,1.0000,500.00,1.0000,1000.00,0.7833,1999.72
780,395.558,-352.749,0,416.5,120,4674.10,4633.8,4670.5,4722.2,124.53,85.9,120.0,1.0000,50.00,1.0000,100.00,1.0000,200.00,1.0000,500.00,1.0000,1000.00,0.0000,1991.22
781,-71.480,1411.486,0,1140.6,120,374.92,353.8,376.0,395.1,5.14,4.0,5.0,1.0000,50.00,0.2083,98.60,0.0000,176.66,0.0000,286.32,0.0000,346.99,0.0000,373.77
782,-131.870,810.345,0,537.2,120,2353.69,2320.9,2355.0,2384.1,60.58,43.0,55.5,1.0000,50.00,1.0000,100.00,1.0000,200.00,0.9750,499.98,0.0000,991.26,0.0000,1802.70
783,-331.605,544.347,0,264.5,120,3437.41,3408.0,3438.0,3464.5,256.66,171.0,235.0,1.0000,50.00,1.0000,100.00,1.0000,200.00,1.0000,500.00,0.9250,999.92,0.0000,1980.38
784,-322.757,982.776,0,700.3,120,1702.76,1671.9,1703.0,1734.1,28.80,21.0,28.0,1.0000,50.00,1.0000,100.00,1.0000,200.00,0.2750,498.57,0.0000,943.84,0.0000,1504.29
785,-660.631,641.583,0,474.5,120,2654.71,2623.8,2655.5,2689.2,84.88,58.0,82.0,1.0000,50.00,1.0000,100.00,1.0000,200.00,0.9833,499.98,0.0667,997.01,0.0000,1878.36
786,-270.711,733.765,0,449.5,120,2689.37,2656.0,2688.0,2721.2,89.44,64.9,84.0,1.0000,50.00,1.0000,100.00,1.0000,200.00,1.0000,500.00,0.0917,997.51,0.0000,1893.17
787,-279.479,1064.640,0,780.5,120,1403.07,1373.7,1404.5,1434.1,20.52,15.0,20.0,1.0000,50.00,1.0000,100.00,1.0000,200.00,0.0000,493.65,0.0000,886.48,0.0000,1299.52
788,9.551,1282.654,0,1027.9,120,624.83,601.0,626.0,646.0,7.72,6.0,8.0,1.0000,50.00,0.9583,99.95,0.0167,195.36,0.0000,392.32,0.0000,536.23,0.0000,617.95
789,-1026.370,-498.979,0,613.3,120,3536.92,3495.8,3538.5,3576.4,48.99,37.0,48.0,1.0000,50.00,1.0000,100.00,1.0000,200.00,1.0000,500.00,0.2083,998.59,0.0000,1922.33
790,308.740,151.399,0,330.7,120,4115.31,4076.6,4114.0,4151.4,181.05,110.9,168.5,1.0000,50.00,1.0000,100.00,1.0000,200.00,1.0000,500.00,0.9333,999.93,0.0000,1985.15
791,-265.540,1128.271,0,844.0,120,1180.51,1150.9,1178.0,1210.4,16.07,12.0,15.0,1.0000,50.00,1.0000,100.00,0.9750,199.97,0.0000,483.82,0.0000,820.20,0.0000,1123.12
792,13.863,989.755,0,744.9,120,1546.55,1517.8,1547.0,1576.1,24.12,18.0,23.5,1.0000,50.00,1.0000,100.00,1.0000,200.00,0.0250,496.69,0.0000,916.82,0.0000,1397.10
793,477.148,287.486,0,529.9,120,2997.06,2950.9,2994.5,3044.3,62.43,43.9,59.5,1.0000,50.00,1.0000,100.00,1.0000,200.00,1.0000,500.00,0.0667,996.98,0.0000,1881.46
794,20.094,-912.309,0,59.1,120,4490.84,4457.0,4490.5,4523.4,775.09,439.8,762.5,1.0000,50.00,1.0000,100.00,1.0000,200.00,1.0000,500.00,1.0000,1000.00,0.2667,1998.62
795,173.405,561.542,0,434.0,120,2960.57,2922.0,2961.5,2992.1,106.29,73.8,100.0,1.0000,50.00,1.0000,100.00,1.0000,200.00,1.0000,500.00,0.2583,998.52,0.0000,1917.58
796,-787.870,281.868,0,326.6,120,3595.02,3555.6,3595.0,3630.4,183.43,114.7,170.0,1.0000,50.00,1.0000,100.00,1.0000,200.00,1.0000,500.00,0.9000,999.90,0.0000,1972.53
797,190.597,184.574,0,225.5,120,4352.62,4324.0,4350.0,4389.0,351.97,223.7,331.5,1.0000,50.00,1.0000,100.00,1.0000,200.00,1.0000,500.00,0.9833,999.98,0.0083,1994.17
798,-404.287,1107.636,0,832.4,120,1216.95,1186.0,1218.0,1252.0,16.21,12.0,16.0,1.0000,50.00,1.0000,100.00,0.9750,199.97,0.0000,486.25,0.0000,833.65,0.0000,1153.63
799,690.172,739.207,0,934.4,120,957.29,928.0,957.5,989.0,10.78,8.0,10.0,1.0000,50.00,1.0000,100.00,0.6333,199.58,0.0000,460.50,0.0000,717.64,0.0000,912.77
800,-100.606,1046.859,0,775.6,120,1428.31,1399.7,1425.5,1460.2,21.14,16.0,20.0,1.0000,50.00,1.0000,100.00,0.9917,199.99,0.0000,494.23,0.0000,892.01,0.0000,1316.03
801,226.144,-60.910,0,237.9,120,4965.12,4932.7,4966.5,4995.0,379.57,220.7,347.0,1.0000,50.00,1.0000,100.00,1.0000,200.00,1.0000,500.00,1.0000,1000.00,0.1917,1998.03
802,-340.635,991.987,0,710.8,120,1664.65,1635.8,1665.5,1693.0,28.11,20.9,27.0,1.0000,50.00,1.0000,100.00,1.0000,200.00,0.1333,498.13,0.0000,938.53,0.0000,1481.08
803,-355.775,864.007,0,584.8,120,2152.27,2120.9,2151.5,2184.5,48.73,34.0,47.0,1.0000,50.00,1.0000,100.00,1.0000,200.00,0.8583,499.86,0.0000,984.54,0.0000,1733.42
804,36.269,-485.758,0,61.7,120,5569.46,5545.0,5569.0,5598.1,810.45,507.2,834.0,1.0000,50.00,1.0000,100.00,1.0000,200.00,1.0000,500.00,1.0000,1000.00,0.7917,1999.78
805,71.332,-85.530,0,83.9,120,5344.34,5319.0,5343.5,5371.4,733.33,476.4,702.5,1.0000,50.00,1.0000,100.00,1.0000,200.00,1.0000,500.00,1.0000,1000.00,0.7750,1999.76
806,79.625,-341.324,0,100.4,120,5588.93,5558.0,5589.0,5619.0,726.97,446.2,723.0,1.0000,50.00,1.0000,100.00,1.0000,200.00,1.0000,500.00,1.0000,1000.00,0.8250,1999.81
807,482.280,432.503,0,593.3,120,2503.39,2464.0,2502.0,2541.5,46.21,34.0,43.0,1.0000,50.00,1.0000,100.00,1.0000,200.00,0.9500,499.94,0.0000,989.38,0.0000,1783.29
808,-921.715,-190.850,0,436.6,120,4131.41,4094.0,4134.0,4172.3,114.13,74.0,104.5,1.0000,50.00,1.0000,100.00,1.0000,200.00,1.0000,500.00,0.9083,999.91,0.0000,1978.38
809,31.876,1247.411,0,998.6,120,703.22,680.0,701.0,730.0,8.89,7.0,9.0,1.0000,50.00,0.9917,99.99,0.1000,197.69,0.0000,415.47,0.0000,588.17,0.0000,693.52
810,-564.539,771.146,0,545.4,120,2323.56,2291.8,2320.0,2357.2,57.33,41.9,55.0,1.0000,50.00,1.0000,100.00,1.0000,200.00,0.9667,499.97,0.0000,990.72,0.0000,1793.32
811,-238.286,406.366,0,123.0,120,4012.07,3982.9,4011.0,4043.2,591.08,354.9,576.0,1.0000,50.00,1.0000,100.00,1.0000,200.00,1.0000,500.00,0.9917,999.99,0.0333,1995.97
812,-16.291,355.038,0,154.3,120,4098.98,4062.0,4101.0,4131.1,506.98,277.8,506.0,1.0000,50.00,1.0000,100.00,1.0000,200.00,1.0000,500.00,0.9917,999.99,0.0000,1995.07
813,418.154,728.693,0,722.1,120,1738.97,1702.0,1739.0,1775.0,25.96,19.0,25.0,1.0000,50.00,1.0000,100.00,1.0000,200.00,0.2083,498.59,0.0000,941.83,0.0000,1490.33
814,-59.165,1205.916,0,939.3,120,876.59,846.9,876.0,902.0,10.57,8.0,10.0,1.0000,50.00,1.0000,100.00,0.5500,199.43,0.0000,451.93,0.0000,688.51,0.0000,856.51
815,40.704,-49.256,0,52.2,120,5308.59,5278.8,5309.5,5337.1,790.15,475.1,792.0,1.0000,50.00,1.0000,100.00,1.0000,200.00,1.0000,500.00,1.0000,1000.00,0.7167,1999.68
816,-241.530,249.349,0,33.8,120,4594.44,4564.9,4595.0,4627.1,893.64,586.6,880.5,1.0000,50.00,1.0000,100.00,1.0000,200.00,1.0000,500.00,1.0000,1000.00,0.5833,1999.49
817,527.358,851.841,0,886.5,120,1089.58,1059.9,1089.0,1123.0,13.52,10.0,13.0,1.0000,50.00,1.0000,100.00,0.9333,199.93,0.0000,475.43,0.0000,778.63,0.0000,1030.67
818,127.268,490.706,0,350.0,120,3338.62,3299.9,3339.0,3383.2,164.82,104.9,148.0,1.0000,50.00,1.0000,100.00,1.0000,200.00,1.0000,500.00,0.7167,999.67,0.0000,1960.88
819,-1033.586,-303.024,0,572.5,120,3591.78,3538.8,3595.0,3638.0,59.45,44.9,56.0,1.0000,50.00,1.0000,100.00,1.0000,200.00,1.0000,500.00,0.3583,998.96,0.0000,1936.13
820,-114.125,1185.644,0,911.0,120,963.62,931.0,963.5,997.0,12.47,9.0,12.0,1.0000,50.00,0.9917,99.99,0.8000,199.76,0.0000,463.27,0.0000,731.08,0.0000,935.04
821,-106.209,-6.134,0,96.0,120,5334.68,5307.8,5333.0,5365.0,802.58,468.5,826.0,1.0000,50.00,1.0000,100.00,1.0000,200.00,1.0000,500.00,1.0000,1000.00,0.8750,1999.88
822,-154.786,-671.918,0,123.4,120,5401.03,5370.0,5401.5,5426.1,655.93,414.9,642.0,1.0000,50.00,1.0000,100.00,1.0000,200.00,1.0000,500.00,1.0000,1000.00,0.7417,1999.70
823,-945.767,18.470,0,426.9,120,3678.52,3634.9,3680.5,3720.2,110.80,76.0,106.5,1.0000,50.00,1.0000,100.00,1.0000,200.00,1.0000,500.00,0.7000,999.64,0.0000,1961.89
824,463.429,298.557,0,520.8,120,3019.81,2984.6,3018.0,3062.0,68.07,46.0,62.5,1.0000,50.00,1.0000,100.00,1.0000,200.00,0.9917,499.99,0.0750,997.38,0.0000,1889.91
825,-846.995,97.873,0,332.0,120,3923.85,3885.6,3924.5,3957.3,186.97,116.8,173.0,1.0000,50.00,1.0000,100.00,1.0000,200.00,1.0000,500.00,0.9000,999.90,0.0000,1981.82
826,323.707,-285.226,0,342.6,120,4950.52,4916.0,4951.0,4985.0,198.28,136.9,186.5,1.0000,50.00,1.0000,100.00,1.0000,200.00,1.0000,500.00,0.9833,999.98,0.0250,1996.00
827,29.382,-864.820,0,66.9,120,4648.92,4619.9,4650.0,4679.0,791.25,459.2,818.5,1.0000,50.00,1.0000,100.00,1.0000,200.00,1.0000,500.00,1.0000,1000.00,0.4000,1999.14
828,-130.465,-71.700,0,118.2,120,5492.02,5470.9,5489.0,5520.0,671.54,422.8,654.0,1.0000,50.00,1.0000,100.00,1.0000,200.00,1.0000,500.00,1.0000,1000.00,0.9250,1999.92
829,-70.332,255.579,0,42.9,120,4518.44,4484.9,4516.0,4552.0,805.12,500.1,812.5,1.0000,50.00,1.0000,100.00,1.0000,200.00,1.0000,500.00,1.0000,1000.00,0.2750,1998.64
830,-241.975,-586.999,0,125.9,120,5596.46,5566.0,5597.5,5626.1,661.82,442.9,646.0,1.0000,50.00,1.0000,100.00,1.0000,200.00,1.0000,500.00,1.0000,1000.00,0.8417,1999.83
831,-326.332,364.965,0,86.4,120,4137.29,4098.9,4139.5,4171.1,720.74,428.8,714.0,1.0000,50.00,1.0000,100.00,1.0000,200.00,1.0000,500.00,1.0000,1000.00,0.0500,1997.30
832,1.793,270.617,0,104.1,120,4393.72,4358.7,4393.5,4426.1,673.35,414.0,650.5,1.0000,50.00,1.0000,100.00,1.0000,200.00,1.0000,500.00,1.0000,1000.00,0.0750,1997.60
833,730.256,694.691,0,941.5,120,947.83,916.0,948.5,976.0,10.83,8.0,10.5,1.0000,50.00,1.0000,100.00,0.6333,199.57,0.0000,458.57,0.0000,710.91,0.0000,902.12
834,-516.713,-53.843,0,10.4,120,5212.50,5181.9,5215.5,5243.1,845.98,577.1,844.0,1.0000,50.00,1.0000,100.00,1.0000,200.00,1.0000,500.00,1.0000,1000.00,0.7667,1999.75
835,111.816,451.636,0,310.4,120,3523.52,3485.7,3521.5,3570.0,214.19,133.0,206.5,1.0000,50.00,1.0000,100.00,1.0000,200.00,1.0000,500.00,0.9167,999.91,0.0000,1973.67
836,-683.445,-454.516,0,269.9,120,5155.19,5127.7,5154.5,5188.4,310.17,180.7,297.0,1.0000,50.00,1.0000,100.00,1.0000,200.00,1.0000,500.00,1.0000,1000.00,0.1417,1997.88
837,-562.910,381.470,0,206.9,120,3806.46,3774.9,3806.0,3838.2,376.53,226.9,368.0,1.0000,50.00,1.0000,100.00,1.0000,200.00,1.0000,500.00,0.9750,999.98,0.0000,1990.11
838,-105.357,-661.360,0,74.3,120,5402.60,5374.9,5403.0,5429.1,771.92,479.5,760.0,1.0000,50.00,1.0000,100.00,1.0000,200.00,1.0000,500.00,1.0000,1000.00,0.8250,1999.80
839,-294.591,1016.062,0,732.3,120,1582.94,1552.9,1581.0,1612.0,26.00,19.9,24.0,1.0000,50.00,1.0000,100.00,1.0000,200.00,0.0500,497.02,0.0000,924.50,0.0000,1426.21
840,-694.035,469.611,0,360.5,120,3214.47,3179.9,3213.0,3250.0,149.98,105.9,145.0,1.0000,50.00,1.0000,100.00,1.0000,200.00,1.0000,500.00,0.7250,999.69,0.0000,1955.02
841,-393.148,503.525,0,236.5,120,3561.16,3527.6,3559.5,3600.0,312.52,178.0,296.5,1.0000,50.00,1.0000,100.00,1.0000,200.00,1.0000,500.00,0.9583,999.96,0.0000,1984.71
842,33.664,-286.977,0,52.7,120,5634.29,5609.9,5634.0,5659.0,815.41,530.9,793.5,1.0000,50.00,1.0000,100.00,1.0000,200.00,1.0000,500.00,1.0000,1000.00,0.8750,1999.86
843,-1068.420,-358.129,0,619.7,120,3378.22,3334.8,3379.0,3416.1,48.17,35.9,47.0,1.0000,50.00,1.0000,100.00,1.0000,200.00,1.0000,500.00,0.1417,997.99,0.0000,1906.12
844,-468.825,196.970,0,9.7,120,4601.77,4569.0,4605.5,4637.0,885.87,563.6,878.0,1.0000,50.00,1.0000,100.00,1.0000,200.00,1.0000,500.00,1.0000,1000.00,0.4833,1999.28
845,300.777,105.296,0,315.0,120,4289.27,4253.8,4286.5,4327.1,200.76,128.9,190.5,1.0000,50.00,1.0000,100.00,1.0000,200.00,1.0000,500.00,0.9833,999.98,0.0000,1989.58
846,657.886,667.520,0,866.3,120,1214.72,1180.8,1215.0,1248.3,14.50,11.0,14.0,1.0000,50.00,1.0000,100.00,0.9667,199.97,0.0000,482.95,0.0000,818.09,0.0000,1122.03
847,-607.213,969.634,0,746.0,120,1537.29,1505.0,1540.0,1567.2,24.35,18.0,23.0,1.0000,50.00,1.0000,100.00,1.0000,200.00,0.0250,496.54,0.0000,915.65,0.0000,1393.05
848,582.920,959.710,0,1003.2,120,712.09,683.9,708.0,742.0,8.34,7.0,8.0,1.0000,50.00,0.9833,99.98,0.0917,197.73,0.0000,414.97,0.0000,588.92,0.0000,697.50
849,-747.851,-198.903,0,270.0,120,4873.84,4839.9,4874.5,4906.1,301.77,191.0,279.5,1.0000,50.00,1.0000,100.00,1.0000,200.00,1.0000,500.00,1.0000,1000.00,0.0500,1997.22
850,86.260,29.995,0,95.4,120,5049.24,5019.0,5046.5,5083.1,717.58,468.4,720.0,1.0000,50.00,1.0000,100.00,1.0000,200.00,1.0000,500.00,1.0000,1000.00,0.4667,1999.28
851,-1008.024,-148.886,0,510.1,120,3636.25,3598.0,3635.0,3675.1,75.61,56.0,71.5,1.0000,50.00,1.0000,100.00,1.0000,200.00,1.0000,500.00,0.4833,999.28,0.0000,1948.30
852,-559.346,1189.196,0,941.9,120,865.04,835.9,864.5,897.1,10.67,8.0,10.0,1.0000,50.00,1.0000,100.00,0.4250,199.18,0.0000,449.64,0.0000,682.34,0.0000,846.16
853,-828.783,511.447,0,487.6,120,2704.46,2667.0,2707.0,2739.0,79.72,55.0,75.5,1.0000,50.00,1.0000,100.00,1.0000,200.00,0.9917,499.99,0.0250,996.52,0.0000,1871.93
854,-270.819,61.754,0,221.8,120,5174.70,5140.9,5176.5,5204.1,557.51,363.3,520.0,1.0000,50.00,1.0000,100.00,1.0000,200.00,1.0000,500.00,1.0000,1000.00,0.8500,1999.84
855,-835.710,449.556,0,454.6,120,2894.17,2861.9,2895.5,2924.3,93.38,59.8,88.5,1.0000,50.00,1.0000,100.00,1.0000,200.00,1.0000,500.00,0.2000,998.48,0.0000,1906.34
856,-436.726,-251.816,0,18.9,120,5618.30,5590.0,5621.0,5646.0,861.62,522.6,850.5,1.0000,50.00,1.0000,100.00,1.0000,200.00,1.0000,500.00,1.0000,1000.00,0.9250,1999.92
857,-965.825,-185.299,0,478.0,120,3895.20,3845.9,3898.0,3943.1,86.10,62.0,85.0,1.0000,50.00,1.0000,100.00,1.0000,200.00,1.0000,500.00,0.7833,999.76,0.0000,1965.34
858,409.871,-237.305,0,427.2,120,4565.85,4522.7,4567.0,4608.1,119.38,79.0,113.0,1.0000,50.00,1.0000,100.00,1.0000,200.00,1.0000,500.00,0.9750,999.98,0.0000,1989.42
859,-14.282,-159.782,0,1.2,120,5569.52,5542.9,5570.5,5594.2,877.92,578.0,842.5,1.0000,50.00,1.0000,100.00,1.0000,200.00,1.0000,500.00,1.0000,1000.00,0.8833,1999.88
860,-22.194,-519.667,0,4.4,120,5594.64,5567.8,5597.0,5618.0,845.04,540.1,842.0,1.0000,50.00,1.0000,100.00,1.0000,200.00,1.0000,500.00,1.0000,1000.00,0.8000,1999.79
861,-437.696,765.633,0,501.6,120,2483.46,2458.0,2484.5,2510.0,74.69,52.0,69.0,1.0000,50.00,1.0000,100.00,1.0000,200.00,0.9667,499.97,0.0000,994.58,0.0000,1845.12
862,133.887,40.260,0,143.2,120,4934.98,4899.0,4934.5,4970.1,579.13,332.8,552.0,1.0000,50.00,1.0000,100.00,1.0000,200.00,1.0000,500.00,1.0000,1000.00,0.2750,1998.71
863,-131.346,827.758,0,554.4,120,2288.30,2252.0,2289.5,2321.1,56.52,42.0,54.0,1.0000,50.00,1.0000,100.00,1.0000,200.00,0.9167,499.92,0.0000,989.17,0.0000,1781.11
864,-879.787,-282.988,0,418.4,120,4402.60,4367.5,4403.0,4439.1,122.22,84.9,114.0,1.0000,50.00,1.0000,100.00,1.0000,200.00,1.0000,500.00,0.9917,999.99,0.0000,1986.74
865,-420.719,1032.009,0,759.9,120,1483.33,1449.8,1483.5,1519.0,23.03,17.0,21.0,1.0000,50.00,1.0000,100.00,1.0000,200.00,0.0000,495.32,0.0000,904.64,0.0000,1358.03
866,138.413,670.849,0,502.4,120,2600.12,2569.9,2603.0,2631.0,69.80,47.9,67.5,1.0000,50.00,1.0000,100.00,1.0000,200.00,1.0000,500.00,0.0167,995.26,0.0000,1854.07
867,-493.928,671.080,0,426.7,120,2798.94,2768.9,2800.5,2830.0,110.73,71.9,103.5,1.0000,50.00,1.0000,100.00,1.0000,200.00,0.9917,499.99,0.2500,998.29,0.0000,1912.68
868,176.554,-420.629,0,199.8,120,5376.27,5347.0,5375.0,5409.1,451.50,271.0,418.5,1.0000,50.00,1.0000,100.00,1.0000,200.00,1.0000,500.00,1.0000,1000.00,0.4917,1999.28
869,-351.211,-220.465,0,109.4,120,5670.11,5642.9,5671.0,5693.0,707.94,425.6,715.5,1.0000,50.00,1.0000,100.00,1.0000,200.00,1.0000,500.00,1.0000,1000.00,0.9417,1999.94
870,349.272,783.361,0,717.0,120,1724.11,1690.6,1724.0,1762.0,26.02,20.0,24.5,1.0000,50.00,1.0000,100.00,1.0000,200.00,0.1583,498.27,0.0000,940.42,0.0000,1486.83
871,-453.382,202.194,0,1.6,120,4607.09,4577.8,4605.0,4644.2,866.02,538.9,875.0,1.0000,50.00,1.0000,100.00,1.0000,200.00,1.0000,500.00,1.0000,1000.00,0.5250,1999.39
872,559.687,607.613,0,751.5,120,1685.49,1653.9,1683.0,1719.1,23.08,18.0,22.0,1.0000,50.00,1.0000,100.00,1.0000,200.00,0.0917,497.56,0.0000,929.02,0.0000,1443.27
873,116.828,-250.506,0,134.7,120,5490.66,5467.0,5492.5,5514.1,637.17,348.3,622.5,1.0000,50.00,1.0000,100.00,1.0000,200.00,1.0000,500.00,1.0000,1000.00,0.8000,1999.75
874,642.933,819.825,0,948.2,120,895.68,869.0,894.0,925.0,10.43,8.0,10.0,1.0000,50.00,1.0000,100.00,0.5500,199.43,0.0000,452.11,0.0000,689.97,0.0000,861.98
875,-309.987,246.726,0,32.7,120,4578.91,4547.9,4579.0,4613.1,920.42,631.2,955.0,1.0000,50.00,1.0000,100.00,1.0000,200.00,1.0000,500.00,1.0000,1000.00,0.6083,1999.50
876,-731.930,144.345,0,226.9,120,4193.88,4162.9,4193.0,4229.2,326.45,205.9,290.5,1.0000,50.00,1.0000,100.00,1.0000,200.00,1.0000,500.00,1.0000,1000.00,0.0000,1992.83
877,-432.477,320.802,0,81.7,120,4218.07,4187.9,4219.0,4252.1,727.88,439.9,706.0,1.0000,50.00,1.0000,100.00,1.0000,200.00,1.0000,500.00,1.0000,1000.00,0.1250,1997.97
878,-491.396,-384.517,0,66.6,120,5600.96,5570.9,5605.5,5625.0,788.07,484.2,782.0,1.0000,50.00,1.0000,100.00,1.0000,200.00,1.0000,500.00,1.0000,1000.00,0.8083,1999.78
879,-190.904,-311.770,0,170.9,120,5781.62,5758.0,5783.0,5804.1,574.55,356.0,551.0,1.0000,50.00,1.0000,100.00,1.0000,200.00,1.0000,500.00,1.0000,1000.00,0.9667,1999.97
880,-477.619,-150.804,0,4.0,120,5449.47,5428.0,5448.5,5472.2,852.52,560.6,852.5,1.0000,50.00,1.0000,100.00,1.0000,200.00,1.0000,500.00,1.0000,1000.00,0.9250,1999.92
881,206.688,-595.203,0,235.5,120,5064.82,5031.0,5066.5,5096.3,366.18,199.4,342.0,1.0000,50.00,1.0000,100.00,1.0000,200.00,1.0000,500.00,1.0000,1000.00,0.2583,1998.67
882,-768.450,-296.324,0,313.7,120,4882.83,4846.8,4884.0,4914.1,236.76,160.7,222.0,1.0000,50.00,1.0000,100.00,1.0000,200.00,1.0000,500.00,1.0000,1000.00,0.0333,1996.79
883,162.067,330.028,0,266.6,120,3892.45,3859.0,3893.0,3924.2,257.02,153.5,239.5,1.0000,50.00,1.0000,100.00,1.0000,200.00,1.0000,500.00,0.9583,999.96,0.0000,1986.56
884,-597.791,887.081,0,665.4,120,1845.33,1810.0,1850.0,1876.2,33.18,24.0,31.0,1.0000,50.00,1.0000,100.00,1.0000,200.00,0.5167,499.31,0.0000,961.98,0.0000,1584.77
885,-322.296,789.547,0,507.5,120,2462.14,2419.8,2463.0,2504.3,70.87,47.0,66.0,1.0000,50.00,1.0000,100.00,1.0000,200.00,0.9833,499.98,0.0083,994.41,0.0000,1839.44
886,-317.342,701.602,0,419.4,120,2809.18,2780.0,2810.0,2839.1,112.38,78.0,107.5,1.0000,50.00,1.0000,100.00,1.0000,200.00,1.0000,500.00,0.1750,998.39,0.0000,1917.34
887,307.817,-351.765,0,328.8,120,5017.27,4983.0,5018.5,5048.1,195.67,131.6,191.0,1.0000,50.00,1.0000,100.00,1.0000,200.00,1.0000,500.00,1.0000,1000.00,0.0417,1996.81
888,-701.005,-84.161,0,196.5,120,4854.29,4823.8,4853.0,4889.0,439.53,278.2,409.0,1.0000,50.00,1.0000,100.00,1.0000,200.00,1.0000,500.00,1.0000,1000.00,0.2000,1998.10
889,-387.956,813.467,0,538.9,120,2336.41,2303.0,2336.0,2371.0,61.36,42.0,59.5,1.0000,50.00,1.0000,100.00,1.0000,200.00,0.9833,499.98,0.0000,991.27,0.0000,1801.36
890,-881.306,-178.676,0,394.4,120,4313.41,4272.9,4316.5,4350.1,142.38,98.8,135.5,1.0000,50.00,1.0000,100.00,1.0000,200.00,1.0000,500.00,0.9750,999.98,0.0000,1986.00
891,-143.669,-88.164,0,130.9,120,5526.70,5502.9,5527.5,5554.1,700.52,430.8,690.0,1.0000,50.00,1.0000,100.00,1.0000,200.00,1.0000,500.00,1.0000,1000.00,0.9167,1999.92
892,-19.039,1270.568,0,1010.2,120,672.41,647.0,674.0,694.2,8.38,6.0,8.0,1.0000,50.00,0.9500,99.95,0.0583,197.08,0.0000,407.25,0.0000,568.17,0.0000,664.62
893,218.208,1000.916,0,829.7,120,1248.36,1218.8,1249.0,1282.0,16.53,12.9,16.0,1.0000,50.00,1.0000,100.00,1.0000,200.00,0.0000,487.12,0.0000,840.00,0.0000,1169.92
894,-354.631,1110.072,0,829.6,120,1230.52,1196.9,1234.5,1260.1,16.59,13.0,16.0,1.0000,50.00,1.0000,100.00,0.9833,199.98,0.0000,486.95,0.0000,838.03,0.0000,1166.01
895,102.649,-335.257,0,123.2,120,5552.73,5524.9,5554.0,5581.0,654.99,382.7,637.0,1.0000,50.00,1.0000,100.00,1.0000,200.00,1.0000,500.00,1.0000,1000.00,0.7417,1999.71
896,232.056,-480.193,0,257.2,120,5178.41,5145.9,5178.0,5212.1,318.88,195.9,300.0,1.0000,50.00,1.0000,100.00,1.0000,200.00,1.0000,500.00,1.0000,1000.00,0.2167,1998.61
897,223.063,-419.156,0,246.2,120,5261.93,5231.5,5262.0,5297.2,344.99,205.0,300.0,1.0000,50.00,1.0000,100.00,1.0000,200.00,1.0000,500.00,0.9917,999.99,0.2333,1998.61
898,272.586,-40.705,0,283.7,120,4776.40,4741.0,4777.5,4806.0,265.52,168.0,247.5,1.0000,50.00,1.0000,100.00,1.0000,200.00,1.0000,500.00,1.0000,1000.00,0.0250,1996.11
899,-618.974,-274.062,0,163.3,120,5324.31,5298.9,5321.5,5353.1,551.52,328.1,517.5,1.0000,50.00,1.0000,100.00,1.0000,200.00,1.0000,500.00,1.0000,1000.00,0.5667,1999.50
900,642.931,703.006,0,874.9,120,1173.90,1139.8,1170.0,1210.0,13.38,11.0,13.0,1.0000,50.00,1.0000,100.00,0.9333,199.93,0.0000,481.12,0.0000,804.93,0.0000,1091.52
901,41.657,-533.193,0,68.6,120,5499.07,5473.0,5497.5,5523.0,784.89,451.2,792.0,1.0000,50.00,1.0000,100.00,1.0000,200.00,1.0000,500.00,1.0000,1000.00,0.7333,1999.69
902,174.131,291.345,0,255.6,120,4014.24,3978.0,4014.5,4051.2,278.12,163.8,260.5,1.0000,50.00,1.0000,100.00,1.0000,200.00,1.0000,500.00,0.9917,999.99,0.0000,1987.68
903,-677.955,-495.460,0,274.6,120,5131.48,5092.9,5131.0,5162.1,287.39,182.5,280.5,1.0000,50.00,1.0000,100.00,1.0000,200.00,1.0000,500.00,1.0000,1000.00,0.1083,1998.06
904,-354.817,922.318,0,642.6,120,1923.47,1887.8,1923.5,1957.1,37.92,27.0,36.0,1.0000,50.00,1.0000,100.00,1.0000,200.00,0.6667,499.57,0.0000,969.11,0.0000,1630.25
905,197.469,-322.436,0,217.6,120,5353.29,5323.7,5352.5,5382.2,375.01,223.9,341.0,1.0000,50.00,1.0000,100.00,1.0000,200.00,1.0000,500.00,1.0000,1000.00,0.4500,1999.26
906,273.098,-506.808,0,299.0,120,5023.20,4985.9,5024.5,5061.1,229.66,162.9,213.5,1.0000,50.00,1.0000,100.00,1.0000,200.00,1.0000,500.00,1.0000,1000.00,0.0500,1997.32
907,-1007.313,-96.519,0,498.9,120,3577.82,3533.7,3578.0,3619.1,77.42,54.0,74.0,1.0000,50.00,1.0000,100.00,1.0000,200.00,1.0000,500.00,0.4500,999.17,0.0000,1944.22
908,229.374,881.830,0,730.1,120,1636.87,1603.8,1634.5,1668.1,24.38,18.0,24.0,1.0000,50.00,1.0000,100.00,1.0000,200.00,0.0583,497.59,0.0000,930.24,0.0000,1444.40
909,246.869,834.797,0,698.9,120,1770.67,1742.9,1770.5,1804.1,30.09,23.0,29.0,1.0000,50.00,1.0000,100.00,1.0000,200.00,0.3000,498.65,0.0000,948.25,0.0000,1522.62
910,-388.823,-325.459,0,47.3,120,5708.41,5686.9,5708.0,5731.1,834.46,505.8,836.5,1.0000,50.00,1.0000,100.00,1.0000,200.00,1.0000,500.00,1.0000,1000.00,0.9583,1999.96
911,-15.826,1127.885,0,871.3,120,1098.83,1069.0,1098.0,1131.1,14.29,11.0,14.0,1.0000,50.00,1.0000,100.00,0.9667,199.97,0.0000,477.73,0.0000,790.21,0.0000,1052.59
912,-631.956,403.833,0,270.0,120,3592.43,3560.0,3593.5,3629.0,259.51,169.9,243.0,1.0000,50.00,1.0000,100.00,1.0000,200.00,1.0000,500.00,0.9250,999.92,0.0000,1981.79
913,-291.837,556.843,0,273.3,120,3408.38,3378.8,3409.0,3442.0,253.16,154.6,225.0,1.0000,50.00,1.0000,100.00,1.0000,200.00,1.0000,500.00,0.8833,999.88,0.0000,1978.93
914,616.203,816.960,0,926.2,120,966.47,941.0,964.0,996.0,11.43,9.0,11.0,1.0000,50.00,1.0000,100.00,0.8000,199.78,0.0000,461.78,0.0000,724.23,0.0000,923.48
915,-771.940,17.485,0,253.1,120,4401.25,4370.9,4401.5,4433.8,287.56,190.8,269.0,1.0000,50.00,1.0000,100.00,1.0000,200.00,1.0000,500.00,0.9917,999.99,0.0000,1993.47
916,-468.834,649.357,0,398.0,120,2914.73,2879.9,2912.0,2948.1,133.27,89.8,128.0,1.0000,50.00,1.0000,100.00,1.0000,200.00,1.0000,500.00,0.4000,999.06,0.0000,1932.62
917,133.114,661.834,0,491.9,120,2645.20,2608.7,2646.0,2677.4,76.15,53.0,72.0,1.0000,50.00,1.0000,100.00,1.0000,200.00,0.9833,499.98,0.0083,996.35,0.0000,1865.06
918,315.083,-166.819,0,330.2,120,4869.59,4829.8,4871.0,4908.2,204.56,134.0,190.0,1.0000,50.00,1.0000,100.00,1.0000,200.00,1.0000,500.00,1.0000,1000.00,0.0167,1995.68
919,-609.168,880.039,0,663.1,120,1853.48,1816.0,1854.0,1889.1,33.79,26.0,32.0,1.0000,50.00,1.0000,100.00,1.0000,200.00,0.4500,499.24,0.0000,961.94,0.0000,1588.16
920,-236.235,715.798,0,432.1,120,2764.16,2726.0,2767.0,2794.2,101.65,69.0,97.0,1.0000,50.00,1.0000,100.00,1.0000,200.00,0.9917,499.99,0.1667,998.21,0.0000,1907.59
921,-220.423,667.032,0,384.3,120,2960.87,2925.0,2962.5,2992.0,137.41,93.0,129.0,1.0000,50.00,1.0000,100.00,1.0000,200.00,1.0000,500.00,0.4250,999.26,0.0000,1937.53
922,735.786,550.094,0,872.4,120,1236.90,1201.0,1236.0,1275.0,14.07,11.0,13.0,1.0000,50.00,1.0000,100.00,0.9667,199.97,0.0000,483.56,0.0000,819.84,0.0000,1129.62
923,-864.362,-9.571,0,346.6,120,4109.93,4071.0,4112.0,4147.0,173.31,114.9,165.0,1.0000,50.00,1.0000,100.00,1.0000,200.00,1.0000,500.00,0.9750,999.98,0.0000,1984.53
924,169.237,87.288,0,182.2,120,4723.14,4692.8,4722.0,4752.1,429.57,238.0,400.0,1.0000,50.00,1.0000,100.00,1.0000,200.00,1.0000,500.00,1.0000,1000.00,0.0750,1997.50
925,443.020,-130.633,0,456.9,120,4272.18,4224.9,4274.5,4314.2,103.29,69.9,97.5,1.0000,50.00,1.0000,100.00,1.0000,200.00,1.0000,500.00,0.9417,999.94,0.0000,1980.12
926,101.300,472.379,0,319.3,120,3463.13,3427.0,3462.0,3498.8,198.08,130.7,180.5,1.0000,50.00,1.0000,100.00,1.0000,200.00,1.0000,500.00,0.8500,999.85,0.0000,1970.58
927,-857.454,469.127,0,483.7,120,2765.31,2726.9,2767.0,2800.3,79.82,56.9,80.0,1.0000,50.00,1.0000,100.00,1.0000,200.00,1.0000,500.00,0.0583,997.14,0.0000,1880.71
928,-884.960,-123.616,0,384.5,120,4223.01,4177.9,4227.0,4261.2,137.19,94.0,128.0,1.0000,50.00,1.0000,100.00,1.0000,200.00,1.0000,500.00,0.9750,999.98,0.0000,1984.83
929,-563.391,1105.977,0,862.5,120,1119.35,1088.0,1120.0,1152.0,14.71,11.0,14.0,1.0000,50.00,1.0000,100.00,0.8833,199.88,0.0000,479.18,0.0000,798.52,0.0000,1072.08
930,204.442,-569.449,0,232.4,120,5119.90,5088.8,5120.5,5149.3,363.04,225.5,330.5,1.0000,50.00,1.0000,100.00,1.0000,200.00,1.0000,500.00,1.0000,1000.00,0.2917,1998.78
931,155.171,-276.916,0,173.8,120,5434.63,5404.0,5432.0,5471.0,528.91,311.8,503.0,1.0000,50.00,1.0000,100.00,1.0000,200.00,1.0000,500.00,1.0000,1000.00,0.5667,1999.49
932,-93.779,1141.558,0,870.2,120,1093.64,1064.9,1093.5,1122.0,14.00,11.0,13.0,1.0000,50.00,1.0000,100.00,0.9167,199.92,0.0000,477.73,0.0000,785.74,0.0000,1047.40
933,128.875,-294.287,0,148.1,120,5492.39,5459.8,5490.0,5520.1,600.02,368.8,572.5,1.0000,50.00,1.0000,100.00,1.0000,200.00,1.0000,500.00,1.0000,1000.00,0.6833,1999.62
934,-800.098,364.317,0,377.2,120,3285.07,3247.0,3284.0,3317.1,139.82,95.0,130.5,1.0000,50.00,1.0000,100.00,1.0000,200.00,1.0000,500.00,0.5917,999.53,0.0000,1953.99
935,-87.878,-247.091,0,70.0,120,5718.28,5696.9,5719.0,5738.0,798.78,503.4,790.5,1.0000,50.00,1.0000,100.00,1.0000,200.00,1.0000,500.00,1.0000,1000.00,0.9667,1999.97
936,-531.675,1075.772,0,825.2,120,1246.81,1216.9,1247.5,1275.1,16.58,13.0,16.0,1.0000,50.00,1.0000,100.00,1.0000,200.00,0.0000,487.76,0.0000,843.58,0.0000,1177.39
937,-355.339,146.095,0,106.7,120,4880.09,4851.0,4880.5,4911.1,811.65,480.4,779.5,1.0000,50.00,1.0000,100.00,1.0000,200.00,1.0000,500.00,1.0000,1000.00,0.8250,1999.77
938,-942.258,-518.400,0,536.5,120,3983.32,3942.8,3986.5,4029.2,68.56,51.9,66.0,1.0000,50.00,1.0000,100.00,1.0000,200.00,1.0000,500.00,0.7250,999.68,0.0000,1961.78
939,234.688,963.385,0,803.9,120,1349.83,1309.9,1349.0,1386.1,19.06,14.0,18.0,1.0000,50.00,1.0000,100.00,0.9917,199.99,0.0083,491.04,0.0000,869.63,0.0000,1249.08
940,828.591,699.570,0,1026.9,120,688.25,657.0,688.0,719.1,7.85,6.0,8.0,1.0000,50.00,0.9833,99.98,0.0583,197.34,0.0000,407.33,0.0000,568.39,0.0000,670.87
941,-409.743,474.231,0,213.2,120,3658.95,3624.9,3658.5,3691.1,383.18,235.0,354.0,1.0000,50.00,1.0000,100.00,1.0000,200.00,1.0000,500.00,0.9750,999.98,0.0000,1989.31
942,-729.123,344.770,0,307.0,120,3560.88,3525.9,3559.0,3597.2,213.57,127.9,206.0,1.0000,50.00,1.0000,100.00,1.0000,200.00,1.0000,500.00,0.8917,999.88,0.0000,1975.35
943,69.669,-458.056,0,94.2,120,5546.57,5523.0,5544.5,5573.2,785.21,502.2,762.5,1.0000,50.00,1.0000,100.00,1.0000,200.00,1.0000,500.00,1.0000,1000.00,0.7167,1999.65
944,-656.067,927.596,0,725.1,120,1618.00,1585.0,1617.0,1651.1,26.32,19.9,25.0,1.0000,50.00,1.0000,100.00,1.0000,200.00,0.0833,497.50,0.0000,931.17,0.0000,1447.11
945,-268.309,584.609,0,300.4,120,3298.67,3264.9,3297.5,3334.1,227.07,144.9,204.5,1.0000,50.00,1.0000,100.00,1.0000,200.00,1.0000,500.00,0.7833,999.77,0.0000,1971.87
946,-255.927,-778.992,0,91.1,120,5116.84,5083.8,5118.0,5146.3,665.24,459.8,667.0,1.0000,50.00,1.0000,100.00,1.0000,200.00,1.0000,500.00,1.0000,1000.00,0.7167,1999.64
947,441.840,-367.702,0,463.3,120,4460.05,4422.9,4464.0,4496.2,98.38,68.9,93.5,1.0000,50.00,1.0000,100.00,1.0000,200.00,1.0000,500.00,0.9333,999.92,0.0000,1984.70
948,-194.615,890.354,0,608.9,120,2060.03,2028.7,2061.5,2094.0,44.32,33.9,42.5,1.0000,50.00,1.0000,100.00,1.0000,200.00,0.8417,499.82,0.0000,978.91,0.0000,1692.80
949,-764.431,425.471,0,383.3,120,3185.80,3155.8,3184.5,3221.1,131.13,86.9,121.5,1.0000,50.00,1.0000,100.00,1.0000,200.00,1.0000,500.00,0.6333,999.47,0.0000,1946.63
950,-341.313,48.886,0,175.2,120,5167.97,5135.9,5170.0,5195.1,659.15,426.7,598.5,1.0000,50.00,1.0000,100.00,1.0000,200.00,1.0000,500.00,1.0000,1000.00,0.9250,1999.92
951,-632.253,667.345,0,481.7,120,2606.82,2576.0,2603.0,2642.2,80.34,56.0,75.0,1.0000,50.00,1.0000,100.00,1.0000,200.00,1.0000,500.00,0.0583,996.67,0.0000,1868.97
952,523.160,102.937,0,535.7,120,3335.80,3297.9,3336.0,3375.1,63.23,44.8,60.5,1.0000,50.00,1.0000,100.00,1.0000,200.00,1.0000,500.00,0.2083,998.33,0.0000,1916.70
953,-575.327,191.662,0,96.1,120,4440.39,4412.7,4442.5,4468.1,653.67,390.7,656.0,1.0000,50.00,1.0000,100.00,1.0000,200.00,1.0000,500.00,1.0000,1000.00,0.1167,1997.83
954,-35.766,69.111,0,23.2,120,5099.13,5075.8,5098.0,5126.0,872.23,596.3,853.5,1.0000,50.00,1.0000,100.00,1.0000,200.00,1.0000,500.00,1.0000,1000.00,0.7083,1999.66
955,292.732,91.515,0,305.3,120,4359.57,4323.0,4359.5,4402.1,217.67,141.6,206.5,1.0000,50.00,1.0000,100.00,1.0000,200.00,1.0000,500.00,0.9917,999.99,0.0000,1991.57
956,-17.527,979.627,0,726.8,120,1613.52,1585.0,1610.0,1649.1,25.48,19.0,25.0,1.0000,50.00,1.0000,100.00,1.0000,200.00,0.0917,497.56,0.0000,929.40,0.0000,1441.84
957,-222.189,598.554,0,315.8,120,3247.28,3210.8,3247.0,3279.5,203.71,129.9,188.0,1.0000,50.00,1.0000,100.00,1.0000,200.00,1.0000,500.00,0.8250,999.80,0.0000,1968.16
958,344.844,-466.286,0,369.5,120,4820.17,4783.8,4822.0,4860.2,163.63,108.9,152.0,1.0000,50.00,1.0000,100.00,1.0000,200.00,1.0000,500.00,1.0000,1000.00,0.0083,1994.95
959,-250.904,1146.687,0,862.5,120,1123.43,1094.9,1122.0,1153.2,14.63,11.0,14.0,1.0000,50.00,1.0000,100.00,0.9417,199.94,0.0000,480.42,0.0000,800.25,0.0000,1075.27
960,-102.575,-110.715,0,89.1,120,5550.18,5521.9,5551.0,5579.0,756.72,434.8,736.5,1.0000,50.00,1.0000,100.00,1.0000,200.00,1.0000,500.00,1.0000,1000.00,0.9333,1999.92
961,482.757,367.952,0,565.1,120,2715.29,2675.0,2716.0,2750.0,53.64,38.9,51.0,1.0000,50.00,1.0000,100.00,1.0000,200.00,0.9750,499.98,0.0000,993.02,0.0000,1831.69
962,114.148,642.023,0,465.1,120,2756.23,2721.0,2758.0,2785.2,88.48,59.9,86.0,1.0000,50.00,1.0000,100.00,1.0000,200.00,1.0000,500.00,0.0833,997.51,0.0000,1888.81
963,-178.327,321.661,0,49.7,120,4326.16,4293.9,4328.0,4353.1,812.21,502.6,791.5,1.0000,50.00,1.0000,100.00,1.0000,200.00,1.0000,500.00,1.0000,1000.00,0.2583,1998.67
964,-623.747,988.984,0,769.9,120,1445.24,1411.0,1446.0,1476.0,20.85,16.0,20.0,1.0000,50.00,1.0000,100.00,0.9917,199.99,0.0000,494.82,0.0000,896.02,0.0000,1328.36
965,399.344,309.968,0,465.4,120,3240.86,3198.9,3242.0,3279.4,83.38,58.9,76.0,1.0000,50.00,1.0000,100.00,1.0000,200.00,1.0000,500.00,0.2917,998.88,0.0000,1925.83
966,-870.962,287.962,0,404.8,120,3298.84,3256.7,3300.5,3338.1,117.68,84.9,107.5,1.0000,50.00,1.0000,100.00,1.0000,200.00,1.0000,500.00,0.5000,999.38,0.0000,1946.92
967,-804.614,-227.052,0,331.9,120,4698.56,4658.7,4701.5,4738.0,206.52,132.7,189.0,1.0000,50.00,1.0000,100.00,1.0000,200.00,1.0000,500.00,1.0000,1000.00,0.0083,1995.12
968,-405.404,132.121,0,80.2,120,4879.51,4847.9,4877.5,4906.0,865.05,493.7,853.0,1.0000,50.00,1.0000,100.00,1.0000,200.00,1.0000,500.00,1.0000,1000.00,0.7000,1999.67
969,55.581,834.629,0,611.5,120,2084.25,2047.0,2083.5,2121.1,43.37,30.0,41.0,1.0000,50.00,1.0000,100.00,1.0000,200.00,0.7417,499.72,0.0000,978.90,0.0000,1692.67
970,-94.687,-651.882,0,63.9,120,5418.88,5389.0,5418.0,5447.1,812.19,546.3,787.0,1.0000,50.00,1.0000,100.00,1.0000,200.00,1.0000,500.00,1.0000,1000.00,0.7667,1999.72
971,-464.791,-128.903,0,21.7,120,5432.62,5401.0,5431.0,5463.5,925.76,568.5,967.0,1.0000,50.00,1.0000,100.00,1.0000,200.00,1.0000,500.00,1.0000,1000.00,0.8667,1999.86
972,-215.558,1092.685,0,809.5,120,1301.66,1271.0,1302.0,1331.2,17.93,13.0,17.5,1.0000,50.00,1.0000,100.00,0.9917,199.99,0.0000,489.77,0.0000,858.58,0.0000,1221.24
973,-237.303,-336.475,0,191.6,120,5783.29,5759.7,5784.5,5804.0,524.58,351.9,493.0,1.0000,50.00,1.0000,100.00,1.0000,200.00,1.0000,500.00,1.0000,1000.00,0.9500,1999.95
974,-904.343,370.837,0,470.7,120,2917.43,2873.0,2919.0,2956.1,87.41,58.0,82.5,1.0000,50.00,1.0000,100.00,1.0000,200.00,1.0000,500.00,0.1417,998.19,0.0000,1899.42
975,-134.082,-480.373,0,108.8,120,5718.92,5693.9,5719.0,5742.5,703.52,432.1,663.0,1.0000,50.00,1.0000,100.00,1.0000,200.00,1.0000,500.00,1.0000,1000.00,0.9250,1999.91
976,519.774,807.872,0,849.8,120,1230.57,1196.9,1230.5,1262.0,15.42,12.0,15.0,1.0000,50.00,1.0000,100.00,0.9833,199.98,0.0000,485.43,0.0000,826.73,0.0000,1142.30
977,-804.268,-167.183,0,316.9,120,4626.82,4582.0,4629.0,4664.2,216.57,137.5,193.0,1.0000,50.00,1.0000,100.00,1.0000,200.00,1.0000,500.00,1.0000,1000.00,0.0250,1994.68
978,-896.114,1.596,0,377.7,120,3952.43,3914.0,3954.0,3988.2,144.25,96.9,128.0,1.0000,50.00,1.0000,100.00,1.0000,200.00,1.0000,500.00,0.9083,999.91,0.0000,1977.98
979,222.807,225.449,0,269.9,120,4129.43,4099.0,4128.0,4161.1,271.57,163.9,256.0,1.0000,50.00,1.0000,100.00,1.0000,200.00,1.0000,500.00,0.9750,999.98,0.0000,1989.01
980,589.065,838.562,0,920.9,120,976.75,946.0,978.0,1005.2,11.53,9.0,11.0,1.0000,50.00,1.0000,100.00,0.7750,199.75,0.0000,463.64,0.0000,729.58,0.0000,933.70
981,-162.202,424.421,0,153.1,120,3927.99,3894.9,3925.0,3965.0,519.68,286.9,505.0,1.0000,50.00,1.0000,100.00,1.0000,200.00,1.0000,500.00,1.0000,1000.00,0.0000,1994.49
982,444.285,675.521,0,703.9,120,1836.25,1806.0,1836.0,1871.1,27.97,20.0,27.0,1.0000,50.00,1.0000,100.00,1.0000,200.00,0.3667,498.96,0.0000,952.98,0.0000,1536.84
983,-278.638,434.201,0,150.2,120,3901.39,3869.0,3901.0,3933.1,528.15,329.0,495.0,1.0000,50.00,1.0000,100.00,1.0000,200.00,1.0000,500.00,1.0000,1000.00,0.0000,1994.59
984,-653.552,-301.305,0,203.5,120,5250.18,5215.7,5252.5,5281.1,451.10,256.8,404.5,1.0000,50.00,1.0000,100.00,1.0000,200.00,1.0000,500.00,1.0000,1000.00,0.3417,1998.99
985,-241.190,-560.447,0,133.1,120,5637.42,5611.9,5637.0,5662.0,643.85,407.8,614.5,1.0000,50.00,1.0000,100.00,1.0000,200.00,1.0000,500.00,1.0000,1000.00,0.8500,1999.85
986,315.046,514.856,0,500.8,120,2782.67,2745.8,2782.5,2816.1,71.56,51.0,70.0,1.0000,50.00,1.0000,100.00,1.0000,200.00,0.9917,499.99,0.0417,996.81,0.0000,1873.60
987,-193.555,542.574,0,263.1,120,3470.47,3437.9,3469.0,3504.2,263.95,166.0,245.0,1.0000,50.00,1.0000,100.00,1.0000,200.00,1.0000,500.00,0.9167,999.92,0.0000,1981.03
988,-564.497,58.649,0,46.9,120,4853.08,4823.0,4853.0,4883.1,800.26,521.7,805.0,1.0000,50.00,1.0000,100.00,1.0000,200.00,1.0000,500.00,1.0000,1000.00,0.4917,1999.33
989,-461.484,444.780,0,205.0,120,3719.79,3688.9,3720.0,3751.2,388.45,212.0,360.0,1.0000,50.00,1.0000,100.00,1.0000,200.00,1.0000,500.00,0.9917,999.99,0.0000,1989.85
990,-99.701,-397.162,0,77.1,120,5754.98,5735.9,5756.0,5774.0,748.88,474.6,740.5,1.0000,50.00,1.0000,100.00,1.0000,200.00,1.0000,500.00,1.0000,1000.00,0.9250,1999.92
991,-1113.465,-313.841,0,652.6,120,3119.12,3082.7,3118.5,3160.1,40.02,31.0,38.0,1.0000,50.00,1.0000,100.00,1.0000,200.00,1.0000,500.00,0.0083,995.72,0.0000,1869.47
992,-727.438,955.705,0,780.9,120,1410.60,1381.0,1412.0,1440.0,20.38,16.0,19.0,1.0000,50.00,1.0000,100.00,0.9917,199.99,0.0250,493.73,0.0000,888.70,0.0000,1301.53
993,62.372,-482.005,0,87.6,120,5534.47,5506.9,5532.5,5562.1,760.08,468.6,786.5,1.0000,50.00,1.0000,100.00,1.0000,200.00,1.0000,500.00,1.0000,1000.00,0.7083,1999.69
994,-126.581,906.574,0,633.0,120,1971.90,1941.9,1968.5,2001.2,38.80,29.0,38.0,1.0000,50.00,1.0000,100.00,1.0000,200.00,0.6917,499.62,0.0000,973.33,0.0000,1649.38
995,-88.127,-833.338,0,51.6,120,4886.57,4858.8,4887.5,4918.0,806.27,511.4,803.0,1.0000,50.00,1.0000,100.00,1.0000,200.00,1.0000,500.00,1.0000,1000.00,0.6750,1999.62
996,-842.767,226.854,0,356.6,120,3578.35,3544.9,3574.5,3623.2,155.32,96.8,153.0,1.0000,50.00,1.0000,100.00,1.0000,200.00,1.0000,500.00,0.7917,999.76,0.0000,1967.16
997,-137.904,396.108,0,132.9,120,4036.35,4003.9,4033.0,4070.1,600.53,377.7,588.0,1.0000,50.00,1.0000,100.00,1.0000,200.00,1.0000,500.00,1.0000,1000.00,0.0000,1995.89
998,-291.652,525.151,0,241.6,120,3535.64,3501.8,3536.5,3568.2,320.88,194.5,301.5,1.0000,50.00,1.0000,100.00,1.0000,200.00,1.0000,500.00,0.9500,999.95,0.0000,1984.80
999,-826.036,-481.436,0,414.7,120,4599.68,4562.8,4596.5,4642.1,131.27,90.9,121.5,1.0000,50.00,1.0000,100.00,1.0000,200.00,1.0000,500.00,0.9917,999.99,0.0000,1989.67
1000,-985.417,-102.963,0,478.5,120,3698.35,3664.7,3697.0,3738.4,88.79,62.0,80.0,1.0000,50.00,1.0000,100.00,1.0000,200.00,1.0000,500.00,0.6000,999.48,0.0000,1955.27
1001,396.125,327.923,0,469.6,120,3194.56,3155.0,3194.5,3229.1,81.97,57.9,79.5,1.0000,50.00,1.0000,100.00,1.0000,200.00,1.0000,500.00,0.2667,998.76,0.0000,1922.47
1002,363.215,290.969,0,424.7,120,3439.57,3397.9,3437.0,3485.3,107.17,75.9,102.5,1.0000,50.00,1.0000,100.00,1.0000,200.00,1.0000,500.00,0.6000,999.50,0.0000,1948.22
1003,-466.374,191.219,0,4.2,120,4620.02,4585.9,4624.5,4649.1,880.10,587.1,880.5,1.0000,50.00,1.0000,100.00,1.0000,200.00,1.0000,500.00,1.0000,1000.00,0.4417,1999.22
1004,-573.680,143.580,0,75.1,120,4593.82,4557.9,4592.5,4634.2,742.58,411.6,756.0,1.0000,50.00,1.0000,100.00,1.0000,200.00,1.0000,500.00,1.0000,1000.00,0.3000,1998.67
1005,117.613,640.521,0,465.6,120,2759.06,2722.7,2763.0,2794.1,88.45,58.9,82.5,1.0000,50.00,1.0000,100.00,1.0000,200.00,0.9833,499.98,0.0583,997.55,0.0000,1888.58
1006,136.115,133.960,0,158.7,120,4653.31,4619.8,4650.5,4688.1,522.47,301.4,489.5,1.0000,50.00,1.0000,100.00,1.0000,200.00,1.0000,500.00,1.0000,1000.00,0.1083,1997.73
1007,-374.936,1263.439,0,984.1,120,740.71,711.8,738.5,772.1,9.40,7.0,9.0,1.0000,50.00,0.9917,99.99,0.1917,198.31,0.0000,425.10,0.0000,611.83,0.0000,729.53
1008,-611.095,571.735,0,389.0,120,3008.06,2970.8,3012.0,3041.1,128.06,82.0,116.0,1.0000,50.00,1.0000,100.00,1.0000,200.00,1.0000,500.00,0.3750,999.08,0.0000,1937.59
1009,-693.909,21.575,0,175.0,120,4641.68,4599.9,4639.0,4680.3,463.74,265.6,433.0,1.0000,50.00,1.0000,100.00,1.0000,200.00,1.0000,500.00,1.0000,1000.00,0.0750,1997.33
1010,-28.401,-119.937,0,14.6,120,5519.04,5491.0,5517.5,5545.0,880.01,585.4,887.0,1.0000,50.00,1.0000,100.00,1.0000,200.00,1.0000,500.00,1.0000,1000.00,0.9000,1999.90
1011,457.499,400.381,0,556.4,120,2708.24,2672.0,2711.0,2744.1,56.36,42.9,54.0,1.0000,50.00,1.0000,100.00,1.0000,200.00,0.9833,499.98,0.0000,994.07,0.0000,1836.24
1012,328.713,1076.067,0,948.0,120,859.95,833.0,859.0,884.1,10.05,8.0,10.0,1.0000,50.00,1.0000,100.00,0.4833,199.30,0.0000,447.90,0.0000,676.25,0.0000,837.25
1013,272.610,864.664,0,737.9,120,1613.21,1585.0,1613.5,1644.2,24.35,19.0,24.0,1.0000,50.00,1.0000,100.00,1.0000,200.00,0.0583,497.12,0.0000,925.40,0.0000,1426.96
1014,-711.810,-257.750,0,249.4,120,5054.94,5023.0,5054.0,5091.1,330.02,214.8,316.0,1.0000,50.00,1.0000,100.00,1.0000,200.00,1.0000,500.00,1.0000,1000.00,0.1500,1998.22
1015,161.280,-38.559,0,172.4,120,5078.38,5052.8,5076.0,5113.0,542.02,342.6,516.5,1.0000,50.00,1.0000,100.00,1.0000,200.00,1.0000,500.00,1.0000,1000.00,0.2833,1998.93
1016,-113.583,-487.620,0,88.1,120,5702.23,5676.8,5704.0,5728.0,739.62,504.6,738.0,1.0000,50.00,1.0000,100.00,1.0000,200.00,1.0000,500.00,1.0000,1000.00,0.9000,1999.89
1017,-231.471,82.461,0,192.6,120,5122.80,5088.0,5126.5,5147.1,656.09,396.2,611.5,1.0000,50.00,1.0000,100.00,1.0000,200.00,1.0000,500.00,1.0000,1000.00,0.8083,1999.78
1018,133.998,418.813,0,302.0,120,3609.06,3571.9,3610.0,3644.0,214.13,130.0,203.0,1.0000,50.00,1.0000,100.00,1.0000,200.00,1.0000,500.00,0.9167,999.91,0.0000,1977.40
1019,187.702,761.155,0,605.1,120,2161.17,2122.7,2162.0,2198.0,44.34,33.0,42.0,1.0000,50.00,1.0000,100.00,1.0000,200.00,0.7667,499.73,0.0000,982.00,0.0000,1712.94
1020,680.138,778.931,0,950.6,120,899.88,872.9,900.5,929.1,10.30,8.0,10.0,1.0000,50.00,1.0000,100.00,0.5833,199.43,0.0000,451.34,0.0000,689.32,0.0000,862.92
1021,-36.202,385.852,0,168.2,120,3999.54,3968.0,3998.5,4031.1,484.22,282.5,456.0,1.0000,50.00,1.0000,100.00,1.0000,200.00,1.0000,500.00,1.0000,1000.00,0.0000,1994.06
1022,-457.866,284.315,0,65.3,120,4319.49,4283.9,4318.0,4349.1,748.35,461.9,740.0,1.0000,50.00,1.0000,100.00,1.0000,200.00,1.0000,500.00,1.0000,1000.00,0.1167,1998.22
1023,-843.958,-338.854,0,397.3,120,4584.76,4547.9,4586.0,4622.1,140.20,95.9,130.5,1.0000,50.00,1.0000,100.00,1.0000,200.00,1.0000,500.00,0.9750,999.98,0.0000,1990.71
1024,-170.094,19.569,0,160.7,120,5294.21,5269.9,5294.0,5319.1,631.25,362.4,593.0,1.0000,50.00,1.0000,100.00,1.0000,200.00,1.0000,500.00,1.0000,1000.00,0.8750,1999.88
1025,79.101,732.315,0,527.3,120,2460.98,2426.9,2462.0,2494.0,64.43,48.0,61.0,1.0000,50.00,1.0000,100.00,1.0000,200.00,0.9833,499.98,0.0000,993.12,0.0000,1822.51
1026,-790.046,123.354,0,279.4,120,4063.00,4026.9,4062.5,4101.1,256.64,169.0,241.5,1.0000,50.00,1.0000,100.00,1.0000,200.00,1.0000,500.00,0.9750,999.98,0.0000,1988.02
1027,-921.866,322.684,0,465.3,120,2996.07,2956.8,2995.5,3033.3,82.78,58.9,77.5,1.0000,50.00,1.0000,100.00,1.0000,200.00,1.0000,500.00,0.1583,998.12,0.0000,1906.95
1028,848.544,797.854,0,1097.3,120,493.21,466.0,496.0,516.2,6.03,5.0,6.0,1.0000,50.00,0.8000,99.76,0.0000,189.03,0.0000,343.02,0.0000,438.26,0.0000,487.53
1029,-588.061,-507.580,0,190.4,120,5351.12,5320.8,5352.0,5379.1,473.31,287.8,449.5,1.0000,50.00,1.0000,100.00,1.0000,200.00,1.0000,500.00,1.0000,1000.00,0.3333,1999.03
1030,74.324,834.674,0,618.6,120,2062.90,2032.0,2060.5,2093.3,40.96,30.0,39.0,1.0000,50.00,1.0000,100.00,1.0000,200.00,0.7833,499.74,0.0000,977.46,0.0000,1681.58
1031,-82.074,573.750,0,319.1,120,3281.24,3247.9,3284.5,3317.1,192.85,122.9,181.0,1.0000,50.00,1.0000,100.00,1.0000,200.00,1.0000,500.00,0.8333,999.83,0.0000,1966.73
1032,-37.690,-244.769,0,20.0,120,5683.31,5661.0,5684.0,5707.0,851.14,563.6,837.0,1.0000,50.00,1.0000,100.00,1.0000,200.00,1.0000,500.00,1.0000,1000.00,0.9083,1999.91
1033,452.439,-518.061,0,478.6,120,4298.12,4251.0,4299.5,4337.1,91.33,66.0,86.0,1.0000,50.00,1.0000,100.00,1.0000,200.00,1.0000,500.00,0.9583,999.96,0.0000,1981.11
1034,132.796,-742.370,0,166.3,120,4867.56,4834.8,4870.0,4898.1,530.90,318.6,493.5,1.0000,50.00,1.0000,100.00,1.0000,200.00,1.0000,500.00,1.0000,1000.00,0.3250,1998.89
1035,-723.436,239.992,0,250.4,120,3925.44,3886.0,3926.5,3962.2,296.85,170.9,277.0,1.0000,50.00,1.0000,100.00,1.0000,200.00,1.0000,500.00,0.9833,999.98,0.0000,1987.78
1036,419.290,188.219,0,446.6,120,3572.18,3528.9,3573.5,3611.1,101.13,69.9,97.5,1.0000,50.00,1.0000,100.00,1.0000,200.00,1.0000,500.00,0.6250,999.53,0.0000,1952.70
1037,-674.338,986.387,0,786.3,120,1391.89,1360.9,1390.5,1423.0,19.89,14.9,19.0,1.0000,50.00,1.0000,100.00,1.0000,200.00,0.0000,493.29,0.0000,884.17,0.0000,1287.79
1038,-420.896,-336.285,0,13.6,120,5684.89,5663.0,5685.5,5708.0,858.56,551.4,873.0,1.0000,50.00,1.0000,100.00,1.0000,200.00,1.0000,500.00,1.0000,1000.00,0.9250,1999.92
1039,589.951,40.352,0,599.1,120,3142.15,3093.0,3145.5,3180.1,47.69,35.9,46.0,1.0000,50.00,1.0000,100.00,1.0000,200.00,1.0000,500.00,0.0167,996.83,0.0000,1881.69
1040,-326.660,1109.128,0,826.7,120,1237.34,1207.9,1238.0,1266.0,16.70,13.0,16.0,1.0000,50.00,1.0000,100.00,0.9833,199.98,0.0000,487.19,0.0000,839.32,0.0000,1170.19
1041,-52.967,885.448,0,626.8,120,1998.00,1962.9,1999.0,2032.3,41.27,30.0,39.5,1.0000,50.00,1.0000,100.00,1.0000,200.00,0.7500,499.71,0.0000,974.48,0.0000,1659.99
1042,608.178,563.763,0,768.0,120,1641.77,1607.9,1645.0,1674.0,20.49,16.0,20.0,1.0000,50.00,1.0000,100.00,1.0000,200.00,0.0500,496.91,0.0000,920.18,0.0000,1409.85
1043,373.102,774.212,0,725.3,120,1704.41,1676.9,1702.5,1737.0,26.44,19.0,25.0,1.0000,50.00,1.0000,100.00,1.0000,200.00,0.1417,498.17,0.0000,937.88,0.0000,1474.43
1044,377.451,-500.072,0,403.1,120,4653.98,4619.8,4653.5,4694.2,129.20,90.9,127.0,1.0000,50.00,1.0000,100.00,1.0000,200.00,1.0000,500.00,0.9917,999.99,0.0000,1992.17
1045,-410.149,-449.393,0,3.7,120,5676.02,5648.0,5676.0,5707.1,845.70,548.9,838.5,1.0000,50.00,1.0000,100.00,1.0000,200.00,1.0000,500.00,0.9917,999.99,0.8000,1999.76
1046,-380.364,1155.732,0,877.4,120,1069.10,1044.0,1068.5,1093.2,13.77,10.0,13.0,1.0000,50.00,1.0000,100.00,0.8917,199.88,0.0000,475.36,0.0000,778.62,0.0000,1028.58
1047,-316.346,990.314,0,707.5,120,1672.38,1638.9,1676.0,1705.0,26.48,20.0,25.0,1.0000,50.00,1.0000,100.00,1.0000,200.00,0.2000,498.25,0.0000,939.44,0.0000,1485.18
1048,316.721,44.967,0,326.1,120,4408.85,4370.7,4409.0,4446.0,204.71,129.4,187.0,1.0000,50.00,1.0000,100.00,1.0000,200.00,1.0000,500.00,0.9750,999.98,0.0000,1990.62
1049,618.129,157.895,0,636.6,120,2709.28,2667.0,2710.5,2753.1,40.33,30.0,39.5,1.0000,50.00,1.0000,100.00,1.0000,200.00,0.9250,499.93,0.0000,990.94,0.0000,1801.16
1050,-25.824,864.853,0,613.9,120,2061.70,2025.9,2064.5,2098.1,41.39,30.0,38.5,1.0000,50.00,1.0000,100.00,1.0000,200.00,0.8417,499.83,0.0000,978.44,0.0000,1687.26
1051,0.775,818.337,0,577.3,120,2218.16,2180.0,2217.5,2256.1,54.21,38.9,50.0,1.0000,50.00,1.0000,100.00,1.0000,200.00,0.8583,499.85,0.0000,986.15,0.0000,1750.30
1052,261.775,-235.258,0,279.1,120,5126.89,5095.8,5126.5,5159.1,266.95,162.6,252.5,1.0000,50.00,1.0000,100.00,1.0000,200.00,1.0000,500.00,1.0000,1000.00,0.1333,1998.02
1053,226.799,-451.796,0,251.0,120,5226.58,5198.0,5225.0,5258.4,327.66,193.8,305.0,1.0000,50.00,1.0000,100.00,1.0000,200.00,1.0000,500.00,1.0000,1000.00,0.2750,1998.76
1054,-639.568,758.173,0,565.0,120,2256.48,2223.9,2258.0,2286.1,55.29,37.9,52.0,1.0000,50.00,1.0000,100.00,1.0000,200.00,0.9083,499.91,0.0000,988.64,0.0000,1767.53
1055,-635.276,-408.047,0,211.8,120,5312.61,5288.0,5311.5,5338.2,419.14,261.9,388.0,1.0000,50.00,1.0000,100.00,1.0000,200.00,1.0000,500.00,1.0000,1000.00,0.3250,1998.97
1056,-48.822,-893.447,0,10.4,120,4637.99,4604.5,4638.0,4664.1,896.09,581.3,898.0,1.0000,50.00,1.0000,100.00,1.0000,200.00,1.0000,500.00,1.0000,1000.00,0.5083,1999.34
1057,-70.969,556.049,0,306.1,120,3349.57,3318.9,3348.5,3385.0,214.74,137.9,199.5,1.0000,50.00,1.0000,100.00,1.0000,200.00,1.0000,500.00,0.8500,999.85,0.0000,1970.96
1058,-448.450,-327.024,0,10.9,120,5652.26,5629.0,5651.5,5679.1,829.74,520.7,857.5,1.0000,50.00,1.0000,100.00,1.0000,200.00,1.0000,500.00,1.0000,1000.00,0.8833,1999.88
1059,-263.696,215.703,0,68.6,120,4706.26,4679.0,4705.0,4735.0,919.58,607.4,933.5,1.0000,50.00,1.0000,100.00,1.0000,200.00,1.0000,500.00,1.0000,1000.00,0.7000,1999.64
1060,-166.183,554.788,0,279.5,120,3409.49,3369.9,3409.0,3448.0,239.77,150.0,216.5,1.0000,50.00,1.0000,100.00,1.0000,200.00,1.0000,500.00,0.9250,999.92,0.0000,1977.40
1061,-545.574,-476.967,0,141.7,120,5466.98,5440.0,5465.0,5496.0,633.23,376.6,607.0,1.0000,50.00,1.0000,100.00,1.0000,200.00,1.0000,500.00,1.0000,1000.00,0.6167,1999.47
1062,-509.558,-332.583,0,71.5,120,5569.02,5536.0,5570.0,5597.0,793.38,489.6,771.0,1.0000,50.00,1.0000,100.00,1.0000,200.00,1.0000,500.00,1.0000,1000.00,0.8250,1999.80
1063,-585.909,340.522,0,192.8,120,3911.66,3878.9,3908.0,3946.0,424.25,228.6,392.0,1.0000,50.00,1.0000,100.00,1.0000,200.00,1.0000,500.00,0.9917,999.99,0.0000,1991.97
1064,-56.870,-645.208,0,26.4,120,5404.03,5370.0,5406.0,5432.1,882.98,582.6,891.5,1.0000,50.00,1.0000,100.00,1.0000,200.00,1.0000,500.00,1.0000,1000.00,0.8000,1999.79
1065,565.027,164.788,0,585.1,120,2958.18,2922.9,2957.5,2997.1,49.82,34.0,47.0,1.0000,50.00,1.0000,100.00,1.0000,200.00,1.0000,500.00,0.0500,995.88,0.0000,1860.89
1066,-402.009,1011.700,0,737.1,120,1564.95,1529.0,1569.0,1594.0,25.29,19.0,23.5,1.0000,50.00,1.0000,100.00,1.0000,200.00,0.0500,496.93,0.0000,922.42,0.0000,1414.99
1067,236.843,718.242,0,596.8,120,2220.62,2182.9,2218.5,2259.1,47.97,34.0,46.5,1.0000,50.00,1.0000,100.00,1.0000,200.00,0.8583,499.86,0.0000,984.29,0.0000,1730.72
1068,-369.374,1226.625,0,947.0,120,850.71,825.6,850.0,878.4,10.58,8.0,10.0,1.0000,50.00,1.0000,100.00,0.4833,199.32,0.0000,447.53,0.0000,674.76,0.0000,832.48
1069,-186.830,-1.320,0,176.8,120,5345.00,5317.9,5345.5,5373.0,579.61,324.7,520.5,1.0000,50.00,1.0000,100.00,1.0000,200.00,1.0000,500.00,1.0000,1000.00,0.8750,1999.87
1070,-901.089,-488.226,0,489.2,120,4234.22,4193.9,4233.0,4273.3,89.33,64.9,88.0,1.0000,50.00,1.0000,100.00,1.0000,200.00,1.0000,500.00,0.9083,999.89,0.0000,1976.37
1071,-795.332,320.048,0,350.7,120,3449.70,3418.8,3447.5,3482.3,168.91,106.0,153.5,1.0000,50.00,1.0000,100.00,1.0000,200.00,1.0000,500.00,0.7417,999.67,0.0000,1963.70
1072,-545.139,-606.018,0,172.8,120,5286.06,5252.0,5286.0,5312.0,505.00,304.8,485.0,1.0000,50.00,1.0000,100.00,1.0000,200.00,1.0000,500.00,1.0000,1000.00,0.2750,1998.83
1073,15.345,-910.892,0,54.3,120,4496.27,4466.9,4493.0,4531.1,796.64,542.0,787.5,1.0000,50.00,1.0000,100.00,1.0000,200.00,1.0000,500.00,1.0000,1000.00,0.3167,1998.93
1074,-724.058,932.359,0,758.5,120,1497.41,1468.9,1497.0,1532.0,22.63,17.0,22.0,1.0000,50.00,1.0000,100.00,1.0000,200.00,0.0250,495.64,0.0000,907.96,0.0000,1363.65
1075,276.488,943.810,0,807.3,120,1341.10,1303.9,1341.0,1377.2,18.90,14.0,18.0,1.0000,50.00,1.0000,100.00,0.9917,199.99,0.0000,490.65,0.0000,865.23,0.0000,1239.27
1076,-437.912,1156.423,0,885.5,120,1046.52,1015.9,1046.0,1080.1,13.29,10.0,13.0,1.0000,50.00,1.0000,100.00,0.8667,199.87,0.0000,473.54,0.0000,768.22,0.0000,1009.74
1077,599.918,-53.574,0,611.2,120,3278.93,3231.8,3277.0,3322.1,46.36,37.9,44.0,1.0000,50.00,1.0000,100.00,1.0000,200.00,1.0000,500.00,0.0500,997.26,0.0000,1894.57
1078,-487.951,759.271,0,508.6,120,2462.58,2428.0,2459.5,2501.2,73.51,51.0,71.0,1.0000,50.00,1.0000,100.00,1.0000,200.00,0.9917,499.99,0.0000,994.41,0.0000,1839.73
1079,-789.855,203.556,0,299.0,120,3834.12,3800.0,3835.0,3867.0,236.11,151.0,218.5,1.0000,50.00,1.0000,100.00,1.0000,200.00,1.0000,500.00,0.9500,999.94,0.0000,1982.41
1080,-470.611,-260.266,0,16.1,120,5586.44,5562.8,5587.5,5606.1,893.46,598.8,883.5,1.0000,50.00,1.0000,100.00,1.0000,200.00,1.0000,500.00,1.0000,1000.00,0.9333,1999.93
1081,463.068,514.180,0,619.0,120,2310.67,2272.9,2312.5,2347.1,41.26,29.0,38.0,1.0000,50.00,1.0000,100.00,1.0000,200.00,0.8667,499.87,0.0000,983.80,0.0000,1729.08
1082,188.304,-525.258,0,214.9,120,5233.62,5201.9,5235.0,5269.1,419.07,238.0,366.5,1.0000,50.00,1.0000,100.00,1.0000,200.00,1.0000,500.00,1.0000,1000.00,0.3833,1999.07
1083,-662.484,344.723,0,253.2,120,3730.47,3691.9,3729.5,3767.3,287.93,175.0,272.0,1.0000,50.00,1.0000,100.00,1.0000,200.00,1.0000,500.00,0.9750,999.98,0.0000,1985.12
1084,592.627,287.101,0,639.7,120,2485.08,2443.9,2487.0,2522.0,38.47,28.0,37.0,1.0000,50.00,1.0000,100.00,1.0000,200.00,0.9500,499.95,0.0000,986.61,0.0000,1753.56
1085,106.778,924.669,0,714.2,120,1678.30,1649.9,1675.5,1707.2,27.89,21.0,26.0,1.0000,50.00,1.0000,100.00,1.0000,200.00,0.1167,498.09,0.0000,937.37,0.0000,1476.17
1086,-651.463,1011.259,0,800.6,120,1339.70,1308.0,1338.0,1373.1,19.50,15.0,18.5,1.0000,50.00,1.0000,100.00,1.0000,200.00,0.0000,491.71,0.0000,869.67,0.0000,1249.92
1087,-913.060,-422.943,0,484.9,120,4228.62,4192.8,4226.0,4276.1,87.44,63.0,82.0,1.0000,50.00,1.0000,100.00,1.0000,200.00,1.0000,500.00,0.8583,999.85,0.0000,1977.03
1088,-199.767,-750.440,0,148.2,120,5201.88,5170.9,5200.5,5235.4,638.50,423.0,632.5,1.0000,50.00,1.0000,100.00,1.0000,200.00,1.0000,500.00,1.0000,1000.00,0.8000,1999.72
1089,-195.616,71.808,0,174.4,120,5160.31,5133.9,5160.0,5187.6,631.61,369.1,593.0,1.0000,50.00,1.0000,100.00,1.0000,200.00,1.0000,500.00,1.0000,1000.00,0.9417,1999.94
1090,560.115,925.282,0,962.4,120,837.08,808.9,834.0,872.0,10.18,8.0,10.0,1.0000,50.00,1.0000,100.00,0.4167,199.08,0.0000,443.97,0.0000,662.13,0.0000,812.88
1091,-592.855,-36.932,0,80.5,120,5032.33,4997.0,5033.5,5065.1,757.54,482.9,738.0,1.0000,50.00,1.0000,100.00,1.0000,200.00,1.0000,500.00,1.0000,1000.00,0.5083,1999.37
1092,-714.425,949.048,0,769.1,120,1453.97,1421.9,1456.0,1484.1,21.71,16.0,21.0,1.0000,50.00,1.0000,100.00,0.9917,199.99,0.0083,494.39,0.0000,898.07,0.0000,1334.56
1093,761.693,600.854,0,919.3,120,1054.00,1022.9,1054.5,1086.1,11.38,9.0,11.0,1.0000,50.00,1.0000,100.00,0.8250,199.81,0.0000,470.26,0.0000,754.25,0.0000,988.13
1094,561.911,626.183,0,764.1,120,1620.19,1581.9,1620.0,1655.1,22.29,17.0,21.0,1.0000,50.00,1.0000,100.00,1.0000,200.00,0.0417,496.62,0.0000,916.80,0.0000,1401.35
1095,-714.080,-81.073,0,208.5,120,4806.30,4773.8,4805.0,4840.0,412.72,246.9,410.5,1.0000,50.00,1.0000,100.00,1.0000,200.00,1.0000,500.00,1.0000,1000.00,0.1083,1997.83
1096,-498.887,-22.743,0,14.4,120,5173.51,5145.8,5174.0,5199.0,900.17,640.7,887.0,1.0000,50.00,1.0000,100.00,1.0000,200.00,1.0000,500.00,1.0000,1000.00,0.7417,1999.72
1097,-782.410,493.334,0,440.8,120,2904.27,2864.0,2907.5,2941.0,94.52,65.9,90.0,1.0000,50.00,1.0000,100.00,1.0000,200.00,1.0000,500.00,0.1833,998.30,0.0000,1911.45
1098,-195.411,1010.311,0,728.4,120,1599.36,1559.6,1604.0,1633.1,24.82,19.0,24.0,1.0000,50.00,1.0000,100.00,1.0000,200.00,0.0667,497.32,0.0000,928.79,0.0000,1436.67
1099,-204.210,-307.195,0,184.4,120,5780.99,5758.0,5781.0,5801.0,549.74,339.0,538.5,1.0000,50.00,1.0000,100.00,1.0000,200.00,1.0000,500.00,1.0000,1000.00,0.9917,1999.99
1100,-497.244,559.379,0,324.1,120,3231.98,3198.7,3233.0,3266.1,183.96,125.8,172.5,1.0000,50.00,1.0000,100.00,1.0000,200.00,1.0000,500.00,0.7667,999.76,0.0000,1964.85
1101,-163.615,69.008,0,146.9,120,5163.41,5132.9,5164.5,5189.1,717.81,447.9,654.5,1.0000,50.00,1.0000,100.00,1.0000,200.00,1.0000,500.00,1.0000,1000.00,0.8667,1999.85
1102,160.643,-272.236,0,179.2,120,5416.80,5387.9,5416.0,5446.0,513.08,316.6,489.5,1.0000,50.00,1.0000,100.00,1.0000,200.00,1.0000,500.00,1.0000,1000.00,0.5000,1999.39
1103,392.099,679.040,0,668.5,120,1972.16,1939.9,1974.0,2002.3,33.26,25.0,32.0,1.0000,50.00,1.0000,100.00,1.0000,200.00,0.5083,499.38,0.0000,966.59,0.0000,1609.55
1104,160.819,992.835,0,798.1,120,1362.51,1327.9,1362.5,1395.0,18.70,14.0,18.0,1.0000,50.00,1.0000,100.00,1.0000,200.00,0.0000,492.12,0.0000,873.94,0.0000,1260.47
1105,400.788,-221.742,0,417.6,120,4589.55,4545.7,4588.5,4631.2,124.05,84.9,117.5,1.0000,50.00,1.0000,100.00,1.0000,200.00,1.0000,500.00,0.9667,999.97,0.0000,1989.83
1106,40.305,805.866,0,579.1,120,2217.77,2185.9,2215.5,2250.3,51.52,37.0,49.0,1.0000,50.00,1.0000,100.00,1.0000,200.00,0.9167,499.89,0.0000,985.71,0.0000,1746.72
1107,-380.492,572.861,0,300.9,120,3299.03,3270.7,3297.0,3333.0,230.61,145.9,214.5,1.0000,50.00,1.0000,100.00,1.0000,200.00,1.0000,500.00,0.8917,999.88,0.0000,1971.47
1108,-151.575,762.564,0,486.9,120,2558.31,2520.9,2559.5,2591.1,80.65,57.0,80.0,1.0000,50.00,1.0000,100.00,1.0000,200.00,1.0000,500.00,0.0083,995.79,0.0000,1861.77
1109,-270.947,-623.584,0,88.8,120,5518.82,5494.9,5518.5,5544.0,720.88,465.5,711.0,1.0000,50.00,1.0000,100.00,1.0000,200.00,1.0000,500.00,1.0000,1000.00,0.8083,1999.78
1110,48.493,-177.099,0,64.0,120,5523.48,5497.7,5523.5,5549.1,825.16,553.4,811.0,1.0000,50.00,1.0000,100.00,1.0000,200.00,1.0000,500.00,1.0000,1000.00,0.8750,1999.84
1111,269.421,948.805,0,808.1,120,1341.42,1308.9,1344.0,1372.1,18.78,14.0,18.0,1.0000,50.00,1.0000,100.00,0.9917,199.99,0.0000,490.98,0.0000,866.67,0.0000,1240.33
1112,387.627,513.656,0,557.0,120,2565.43,2528.9,2569.0,2602.2,55.23,42.0,54.0,1.0000,50.00,1.0000,100.00,1.0000,200.00,0.9667,499.97,0.0000,992.84,0.0000,1817.06
1113,-71.567,627.763,0,373.7,120,3059.98,3023.9,3060.0,3094.2,137.38,92.9,130.0,1.0000,50.00,1.0000,100.00,1.0000,200.00,1.0000,500.00,0.5333,999.32,0.0000,1946.62
1114,-622.582,-285.244,0,169.6,120,5325.11,5297.7,5325.5,5354.0,541.98,347.0,499.0,1.0000,50.00,1.0000,100.00,1.0000,200.00,1.0000,500.00,1.0000,1000.00,0.5500,1999.42
1115,119.693,-673.998,0,151.0,120,5081.31,5052.7,5081.0,5111.1,581.81,356.4,552.5,1.0000,50.00,1.0000,100.00,1.0000,200.00,1.0000,500.00,1.0000,1000.00,0.3667,1999.16
1116,-512.428,443.467,0,228.0,120,3655.78,3620.9,3654.0,3694.2,348.15,210.3,310.5,1.0000,50.00,1.0000,100.00,1.0000,200.00,1.0000,500.00,0.9917,999.99,0.0000,1987.40
1117,386.107,493.054,0,543.7,120,2643.88,2604.9,2642.5,2684.2,58.42,42.0,55.0,1.0000,50.00,1.0000,100.00,1.0000,200.00,0.9750,499.98,0.0000,994.67,0.0000,1833.67
1118,-921.382,-168.592,0,430.8,120,4109.82,4070.9,4105.5,4157.1,118.00,83.0,109.0,1.0000,50.00,1.0000,100.00,1.0000,200.00,1.0000,500.00,0.9083,999.91,0.0000,1979.04
1119,-196.526,-707.929,0,152.8,120,5326.39,5301.9,5327.5,5352.0,659.41,452.5,628.0,1.0000,50.00,1.0000,100.00,1.0000,200.00,1.0000,500.00,1.0000,1000.00,0.8000,1999.77
1120,212.802,315.556,0,301.2,120,3829.97,3792.8,3829.0,3875.2,218.41,140.6,196.5,1.0000,50.00,1.0000,100.00,1.0000,200.00,1.0000,500.00,0.9250,999.92,0.0000,1982.15
1121,-274.002,384.011,0,99.9,120,4094.68,4063.9,4093.0,4126.1,656.79,391.8,648.0,1.0000,50.00,1.0000,100.00,1.0000,200.00,1.0000,500.00,0.9917,999.99,0.0500,1996.99
1122,-917.353,352.500,0,473.9,120,2928.43,2893.0,2926.0,2968.3,82.72,58.8,80.0,1.0000,50.00,1.0000,100.00,1.0000,200.00,1.0000,500.00,0.1667,998.04,0.0000,1899.28
1123,240.281,300.073,0,317.5,120,3812.51,3778.8,3811.5,3853.1,201.59,138.9,186.0,1.0000,50.00,1.0000,100.00,1.0000,200.00,1.0000,500.00,0.9250,999.92,0.0000,1979.81
1124,-77.931,145.374,0,35.6,120,4900.59,4870.0,4900.0,4935.2,919.36,585.5,943.0,1.0000,50.00,1.0000,100.00,1.0000,200.00,1.0000,500.00,1.0000,1000.00,0.7000,1999.65
1125,-323.827,-319.104,0,111.9,120,5753.22,5729.0,5751.0,5782.0,718.19,437.7,666.0,1.0000,50.00,1.0000,100.00,1.0000,200.00,1.0000,500.00,1.0000,1000.00,0.9583,1999.96
1126,-139.680,-391.246,0,117.2,120,5775.52,5750.8,5776.0,5795.2,673.30,393.0,633.0,1.0000,50.00,1.0000,100.00,1.0000,200.00,1.0000,500.00,1.0000,1000.00,0.9667,1999.97
1127,214.736,1024.406,0,849.3,120,1181.40,1153.8,1178.0,1207.4,14.98,12.0,15.0,1.0000,50.00,1.0000,100.00,0.9417,199.94,0.0000,483.24,0.0000,816.52,0.0000,1116.62
1128,-478.304,855.391,0,598.5,120,2101.94,2069.9,2105.5,2133.1,47.29,34.0,46.5,1.0000,50.00,1.0000,100.00,1.0000,200.00,0.8500,499.82,0.0000,982.16,0.0000,1712.77
1129,-12.144,-647.980,0,18.5,120,5344.13,5318.0,5341.0,5372.0,851.97,558.3,854.5,1.0000,50.00,1.0000,100.00,1.0000,200.00,1.0000,500.00,1.0000,1000.00,0.7667,1999.72
1130,-6.973,442.768,0,231.9,120,3742.17,3708.8,3742.5,3778.1,327.18,179.9,306.0,1.0000,50.00,1.0000,100.00,1.0000,200.00,1.0000,500.00,0.9750,999.98,0.0000,1987.71
1131,-615.050,269.506,0,170.4,120,4101.32,4065.4,4100.5,4134.0,478.98,268.6,460.5,1.0000,50.00,1.0000,100.00,1.0000,200.00,1.0000,500.00,0.9917,999.99,0.0083,1994.38
1132,75.321,-245.588,0,93.0,120,5555.63,5530.0,5554.0,5582.1,791.73,496.9,781.5,1.0000,50.00,1.0000,100.00,1.0000,200.00,1.0000,500.00,1.0000,1000.00,0.9000,1999.90
1133,273.663,-330.834,0,294.0,120,5137.59,5104.8,5137.0,5170.4,263.91,152.0,244.5,1.0000,50.00,1.0000,100.00,1.0000,200.00,1.0000,500.00,0.9917,999.99,0.0917,1997.81
1134,43.566,-163.781,0,58.7,120,5508.43,5474.0,5509.5,5540.1,806.44,537.8,826.0,1.0000,50.00,1.0000,100.00,1.0000,200.00,1.0000,500.00,1.0000,1000.00,0.7917,1999.75
1135,-153.343,111.108,0,117.3,120,5036.75,5005.0,5037.0,5068.1,785.83,495.2,745.0,1.0000,50.00,1.0000,100.00,1.0000,200.00,1.0000,500.00,1.0000,1000.00,0.7750,1999.75
1136,-658.846,-454.063,0,245.9,120,5226.65,5190.9,5229.0,5260.1,356.80,229.2,329.5,1.0000,50.00,1.0000,100.00,1.0000,200.00,1.0000,500.00,1.0000,1000.00,0.2250,1998.41
1137,-633.031,449.124,0,304.0,120,3416.06,3383.9,3417.0,3446.2,203.44,131.5,188.5,1.0000,50.00,1.0000,100.00,1.0000,200.00,1.0000,500.00,0.9000,999.88,0.0000,1971.58
1138,467.402,464.095,0,596.0,120,2458.18,2421.9,2461.5,2494.1,46.77,33.0,44.0,1.0000,50.00,1.0000,100.00,1.0000,200.00,0.9167,499.92,0.0000,988.98,0.0000,1773.33
1139,-719.682,592.604,0,469.5,120,2705.65,2668.0,2706.5,2745.0,88.05,63.0,82.5,1.0000,50.00,1.0000,100.00,1.0000,200.00,1.0000,500.00,0.0333,997.35,0.0000,1884.71
1140,-893.442,60.937,0,375.3,120,3830.28,3792.6,3831.5,3870.0,143.38,95.8,132.0,1.0000,50.00,1.0000,100.00,1.0000,200.00,1.0000,500.00,0.8417,999.81,0.0000,1973.47
1141,204.322,637.234,0,512.5,120,2600.33,2565.8,2599.5,2633.2,72.10,51.0,69.0,1.0000,50.00,1.0000,100.00,1.0000,200.00,0.9833,499.98,0.0000,995.35,0.0000,1848.47
1142,-729.798,663.941,0,532.2,120,2426.55,2388.0,2428.0,2457.3,64.28,43.8,60.0,1.0000,50.00,1.0000,100.00,1.0000,200.00,0.9667,499.97,0.0000,992.60,0.0000,1814.67
1143,6.858,-288.865,0,26.0,120,5669.02,5647.9,5668.0,5696.0,879.94,588.1,832.0,1.0000,50.00,1.0000,100.00,1.0000,200.00,1.0000,500.00,1.0000,1000.00,0.9500,1999.95
1144,155.423,440.929,0,332.7,120,3479.51,3439.9,3480.0,3524.1,176.08,113.0,165.5,1.0000,50.00,1.0000,100.00,1.0000,200.00,1.0000,500.00,0.8333,999.81,0.0000,1967.95
1145,437.461,-6.425,0,447.4,120,4041.76,4000.6,4041.0,4079.1,99.90,69.9,95.0,1.0000,50.00,1.0000,100.00,1.0000,200.00,1.0000,500.00,0.8917,999.88,0.0000,1973.42
1146,-122.196,-753.643,0,88.2,120,5163.44,5134.9,5166.5,5188.1,764.83,496.0,758.5,1.0000,50.00,1.0000,100.00,1.0000,200.00,1.0000,500.00,1.0000,1000.00,0.6333,1999.59
1147,89.974,525.595,0,354.7,120,3267.16,3234.9,3267.0,3301.0,155.43,101.7,149.0,1.0000,50.00,1.0000,100.00,1.0000,200.00,1.0000,500.00,0.7167,999.65,0.0000,1958.08
1148,508.521,2.145,0,518.1,120,3666.82,3620.9,3666.0,3717.4,71.28,53.0,68.0,1.0000,50.00,1.0000,100.00,1.0000,200.00,1.0000,500.00,0.5417,999.36,0.0000,1946.27
1149,24.968,467.349,0,269.8,120,3604.05,3574.9,3604.5,3638.0,269.16,158.9,248.0,1.0000,50.00,1.0000,100.00,1.0000,200.00,1.0000,500.00,0.9500,999.94,0.0000,1982.28
1150,-442.972,571.726,0,316.2,120,3245.68,3211.8,3242.5,3277.2,202.22,121.0,181.0,1.0000,50.00,1.0000,100.00,1.0000,200.00,1.0000,500.00,0.7833,999.77,0.0000,1966.88
1151,-261.967,147.456,0,136.8,120,4928.35,4902.7,4929.5,4954.1,783.33,473.6,749.5,1.0000,50.00,1.0000,100.00,1.0000,200.00,1.0000,500.00,1.0000,1000.00,0.7083,1999.69
1152,-263.947,-14.377,0,244.4,120,5365.48,5341.8,5366.5,5393.1,441.29,286.5,406.5,1.0000,50.00,1.0000,100.00,1.0000,200.00,1.0000,500.00,1.0000,1000.00,0.9000,1999.90
1153,-996.530,-521.372,0,589.8,120,3686.98,3642.9,3686.0,3729.0,54.08,40.0,51.0,1.0000,50.00,1.0000,100.00,1.0000,200.00,1.0000,500.00,0.4333,999.08,0.0000,1937.58
1154,356.013,-400.194,0,378.5,120,4831.40,4788.9,4831.0,4876.1,153.67,104.9,141.0,1.0000,50.00,1.0000,100.00,1.0000,200.00,1.0000,500.00,0.9917,999.99,0.0083,1994.70
1155,-439.631,73.197,0,74.0,120,5008.76,4982.0,5006.5,5042.0,899.01,556.3,927.0,1.0000,50.00,1.0000,100.00,1.0000,200.00,1.0000,500.00,1.0000,1000.00,0.7333,1999.69
1156,-789.421,-461.632,0,374.4,120,4778.41,4743.9,4779.0,4810.6,161.99,110.0,153.5,1.0000,50.00,1.0000,100.00,1.0000,200.00,1.0000,500.00,0.9917,999.99,0.0000,1993.58
1157,-308.294,836.316,0,553.3,120,2272.03,2238.0,2271.5,2307.0,56.44,41.0,54.0,1.0000,50.00,1.0000,100.00,1.0000,200.00,0.9667,499.97,0.0000,988.79,0.0000,1780.32
1158,-25.484,-802.140,0,10.0,120,4927.72,4897.8,4930.0,4957.2,874.01,563.5,887.0,1.0000,50.00,1.0000,100.00,1.0000,200.00,1.0000,500.00,1.0000,1000.00,0.6333,1999.60
1159,-411.371,739.214,0,470.1,120,2607.97,2579.9,2608.5,2631.2,87.99,61.7,87.0,1.0000,50.00,1.0000,100.00,1.0000,200.00,0.9917,499.99,0.0667,996.42,0.0000,1879.10
1160,-986.257,-221.212,0,506.6,120,3816.29,3772.8,3818.0,3858.1,78.14,54.0,72.0,1.0000,50.00,1.0000,100.00,1.0000,200.00,1.0000,500.00,0.6833,999.63,0.0000,1958.68
1161,101.819,793.716,0,592.5,120,2178.74,2144.6,2178.0,2211.2,46.92,34.0,45.0,1.0000,50.00,1.0000,100.00,1.0000,200.00,0.8750,499.87,0.0000,983.63,0.0000,1727.81
1162,-619.814,538.102,0,365.9,120,3119.28,3085.9,3119.0,3154.1,151.43,102.0,140.0,1.0000,50.00,1.0000,100.00,1.0000,200.00,1.0000,500.00,0.6333,999.56,0.0000,1950.12
1163,-177.246,137.797,0,116.0,120,4962.84,4933.8,4963.0,4997.1,834.12,507.9,794.0,1.0000,50.00,1.0000,100.00,1.0000,200.00,1.0000,500.00,1.0000,1000.00,0.8000,1999.78
1164,848.266,778.746,0,1086.3,120,518.79,491.8,519.0,542.1,6.14,5.0,6.0,1.0000,50.00,0.8083,99.79,0.0000,190.56,0.0000,352.13,0.0000,455.03,0.0000,511.69
1165,415.625,541.889,0,596.3,120,2370.12,2332.8,2375.0,2402.5,44.91,32.0,44.0,1.0000,50.00,1.0000,100.00,1.0000,200.00,0.9083,499.90,0.0000,986.66,0.0000,1757.53
1166,-901.401,-138.409,0,404.1,120,4166.63,4132.9,4164.5,4203.1,128.42,82.8,121.0,1.0000,50.00,1.0000,100.00,1.0000,200.00,1.0000,500.00,0.9417,999.94,0.0000,1982.02
1167,77.480,-686.046,0,109.2,120,5128.77,5094.0,5130.0,5164.0,729.53,410.6,713.5,1.0000,50.00,1.0000,100.00,1.0000,200.00,1.0000,500.00,1.0000,1000.00,0.4667,1999.28
1168,601.449,-27.105,0,611.9,120,3220.64,3174.8,3220.0,3263.0,46.44,34.0,45.0,1.0000,50.00,1.0000,100.00,1.0000,200.00,1.0000,500.00,0.0167,996.64,0.0000,1886.29
1169,-169.317,-644.809,0,138.8,120,5470.41,5445.8,5469.0,5499.1,650.77,391.9,653.0,1.0000,50.00,1.0000,100.00,1.0000,200.00,1.0000,500.00,1.0000,1000.00,0.7917,1999.77
1170,47.983,-309.508,0,67.8,120,5627.65,5602.8,5629.0,5650.0,795.33,485.2,798.5,1.0000,50.00,1.0000,100.00,1.0000,200.00,1.0000,500.00,1.0000,1000.00,0.8833,1999.88
1171,43.032,-412.754,0,66.1,120,5621.41,5595.0,5621.5,5650.3,827.96,534.7,823.0,1.0000,50.00,1.0000,100.00,1.0000,200.00,1.0000,500.00,1.0000,1000.00,0.8333,1999.82
1172,376.273,-349.917,0,397.2,120,4754.00,4710.9,4753.5,4791.0,141.21,96.0,133.5,1.0000,50.00,1.0000,100.00,1.0000,200.00,1.0000,500.00,1.0000,1000.00,0.0000,1992.93
1173,-106.956,-464.314,0,82.2,120,5715.16,5692.8,5716.5,5734.0,724.05,446.9,705.0,1.0000,50.00,1.0000,100.00,1.0000,200.00,1.0000,500.00,1.0000,1000.00,0.9167,1999.92
1174,411.747,271.265,0,462.9,120,3321.43,3284.0,3326.0,3351.1,88.22,62.9,80.5,1.0000,50.00,1.0000,100.00,1.0000,200.00,1.0000,500.00,0.4417,999.10,0.0000,1933.22
1175,-182.756,-271.330,0,164.1,120,5758.49,5736.0,5759.0,5777.2,553.88,329.6,514.5,1.0000,50.00,1.0000,100.00,1.0000,200.00,1.0000,500.00,1.0000,1000.00,0.9833,1999.98
1176,231.875,-402.131,0,254.5,120,5248.20,5214.9,5249.0,5283.0,317.24,201.6,288.0,1.0000,50.00,1.0000,100.00,1.0000,200.00,1.0000,500.00,1.0000,1000.00,0.2667,1998.67
1177,-358.034,-326.319,0,77.0,120,5734.71,5709.7,5735.5,5758.1,767.81,504.2,751.5,1.0000,50.00,1.0000,100.00,1.0000,200.00,1.0000,500.00,1.0000,1000.00,0.8917,1999.89
1178,-677.207,-216.650,0,205.8,120,5120.38,5089.8,5122.5,5151.1,437.18,234.9,371.0,1.0000,50.00,1.0000,100.00,1.0000,200.00,1.0000,500.00,1.0000,1000.00,0.3333,1998.78
1179,-249.730,-504.359,0,138.5,120,5708.30,5686.9,5709.0,5734.1,639.21,410.2,622.0,1.0000,50.00,1.0000,100.00,1.0000,200.00,1.0000,500.00,1.0000,1000.00,0.8583,1999.86
1180,369.444,577.567,0,582.8,120,2386.57,2355.9,2383.0,2422.1,49.10,37.0,45.0,1.0000,50.00,1.0000,100.00,1.0000,200.00,0.9583,499.95,0.0000,988.77,0.0000,1769.98
1181,-400.767,-665.013,0,47.0,120,5358.66,5329.0,5355.0,5392.4,845.27,545.7,871.5,1.0000,50.00,1.0000,100.00,1.0000,200.00,1.0000,500.00,1.0000,1000.00,0.5417,1999.44
1182,517.906,-100.651,0,530.8,120,3832.64,3784.8,3831.5,3880.1,71.33,50.9,68.5,1.0000,50.00,1.0000,100.00,1.0000,200.00,1.0000,500.00,0.6083,999.53,0.0000,1954.33
1183,-594.862,-118.996,0,102.1,120,5186.97,5153.7,5189.0,5218.1,712.03,435.9,730.0,1.0000,50.00,1.0000,100.00,1.0000,200.00,1.0000,500.00,1.0000,1000.00,0.6417,1999.51
1184,-133.868,508.457,0,241.6,120,3584.82,3547.0,3584.5,3621.1,318.71,198.0,287.0,1.0000,50.00,1.0000,100.00,1.0000,200.00,1.0000,500.00,0.9583,999.96,0.0000,1985.35
1185,-778.174,499.914,0,442.0,120,2887.32,2853.0,2888.5,2922.1,94.76,69.8,90.0,1.0000,50.00,1.0000,100.00,1.0000,200.00,1.0000,500.00,0.1917,998.25,0.0000,1909.87
1186,-460.846,-396.853,0,40.0,120,5638.70,5612.8,5638.5,5665.1,802.88,501.6,753.0,1.0000,50.00,1.0000,100.00,1.0000,200.00,1.0000,500.00,1.0000,1000.00,0.8417,1999.83
1187,-757.724,375.557,0,348.0,120,3375.89,3335.7,3378.5,3413.2,170.62,115.0,154.0,1.0000,50.00,1.0000,100.00,1.0000,200.00,1.0000,500.00,0.8000,999.77,0.0000,1963.16
1188,244.306,-365.777,0,265.8,120,5226.93,5189.9,5229.0,5260.1,290.32,182.6,266.0,1.0000,50.00,1.0000,100.00,1.0000,200.00,1.0000,500.00,1.0000,1000.00,0.2583,1998.70
1189,-606.998,1036.121,0,808.7,120,1306.42,1272.0,1308.0,1335.0,18.78,15.0,18.0,1.0000,50.00,1.0000,100.00,0.9750,199.97,0.0000,490.15,0.0000,859.60,0.0000,1224.32
1190,-873.906,-333.101,0,425.0,120,4451.95,4414.9,4451.0,4486.2,120.89,83.0,112.0,1.0000,50.00,1.0000,100.00,1.0000,200.00,1.0000,500.00,0.9833,999.98,0.0000,1987.53
1191,-876.982,380.712,0,451.6,120,2979.56,2943.9,2980.0,3012.4,94.92,65.8,90.0,1.0000,50.00,1.0000,100.00,1.0000,200.00,1.0000,500.00,0.1833,998.38,0.0000,1911.83
1192,-699.881,288.842,0,252.3,120,3830.76,3797.9,3831.5,3867.2,282.35,188.0,262.0,1.0000,50.00,1.0000,100.00,1.0000,200.00,1.0000,500.00,0.9750,999.98,0.0000,1986.26
1193,-276.488,-425.155,0,131.9,120,5765.31,5741.0,5765.5,5787.1,639.20,371.4,602.0,1.0000,50.00,1.0000,100.00,1.0000,200.00,1.0000,500.00,1.0000,1000.00,0.9417,1999.94
1194,-100.971,1237.636,0,964.3,120,798.86,766.9,800.0,822.2,9.64,7.0,9.0,1.0000,50.00,1.0000,100.00,0.3000,198.84,0.0000,437.11,0.0000,645.36,0.0000,783.85
1195,213.983,346.653,0,318.8,120,3705.99,3671.0,3708.0,3742.0,197.24,124.9,183.5,1.0000,50.00,1.0000,100.00,1.0000,200.00,1.0000,500.00,0.9250,999.92,0.0000,1976.17
1196,-814.796,34.079,0,295.8,120,4207.98,4166.0,4210.5,4248.1,224.51,137.6,204.0,1.0000,50.00,1.0000,100.00,1.0000,200.00,1.0000,500.00,0.9750,999.98,0.0000,1989.77
1197,-284.407,1069.659,0,785.6,120,1384.22,1353.9,1384.0,1415.0,20.38,15.0,19.0,1.0000,50.00,1.0000,100.00,1.0000,200.00,0.0000,492.96,0.0000,881.02,0.0000,1285.03
1198,-18.584,131.953,0,11.2,120,4892.17,4859.7,4894.0,4922.1,837.12,571.9,829.5,1.0000,50.00,1.0000,100.00,1.0000,200.00,1.0000,500.00,1.0000,1000.00,0.5333,1999.41
1199,-326.658,27.649,0,192.3,120,5235.92,5205.8,5238.5,5259.0,584.08,314.9,568.0,1.0000,50.00,1.0000,100.00,1.0000,200.00,1.0000,500.00,1.0000,1000.00,0.9250,1999.92
1200,-169.520,-498.717,0,143.6,120,5709.14,5683.9,5709.0,5737.1,607.83,382.9,570.0,1.0000,50.00,1.0000,100.00,1.0000,200.00,1.0000,500.00,1.0000,1000.00,0.8833,1999.88
1201,-179.328,-258.603,0,161.1,120,5748.20,5726.9,5746.5,5767.1,563.07,345.7,540.5,1.0000,50.00,1.0000,100.00,1.0000,200.00,1.0000,500.00,1.0000,1000.00,0.9500,1999.95
1202,403.645,555.465,0,595.1,120,2359.17,2324.9,2357.0,2395.3,45.57,33.9,43.0,1.0000,50.00,1.0000,100.00,1.0000,200.00,0.9000,499.90,0.0000,986.29,0.0000,1755.76
1203,407.539,427.600,0,525.9,120,2797.83,2760.7,2795.5,2841.0,63.90,47.0,60.5,1.0000,50.00,1.0000,100.00,1.0000,200.00,0.9917,499.99,0.0000,996.12,0.0000,1862.93
1204,49.427,796.871,0,574.1,120,2244.65,2210.8,2246.5,2274.0,51.57,38.0,50.0,1.0000,50.00,1.0000,100.00,1.0000,200.00,0.8917,499.88,0.0000,987.27,0.0000,1756.56
1205,432.510,-207.336,0,448.8,120,4429.23,4382.8,4428.0,4472.1,105.88,75.7,100.0,1.0000,50.00,1.0000,100.00,1.0000,200.00,1.0000,500.00,0.9083,999.91,0.0000,1984.32
1206,411.989,36.335,0,421.1,120,4039.02,3997.9,4040.0,4076.1,112.40,79.9,106.0,1.0000,50.00,1.0000,100.00,1.0000,200.00,1.0000,500.00,0.9417,999.93,0.0000,1975.97
1207,-77.503,14.833,0,68.0,120,5274.13,5246.0,5273.5,5300.2,835.66,532.0,808.0,1.0000,50.00,1.0000,100.00,1.0000,200.00,1.0000,500.00,1.0000,1000.00,0.7750,1999.73
1208,-847.711,268.547,0,375.8,120,3434.86,3402.9,3431.0,3473.1,139.83,90.0,129.0,1.0000,50.00,1.0000,100.00,1.0000,200.00,1.0000,500.00,0.7000,999.65,0.0000,1958.71
1209,-976.198,-379.869,0,535.6,120,3909.01,3865.0,3911.0,3952.1,68.46,49.9,64.0,1.0000,50.00,1.0000,100.00,1.0000,200.00,1.0000,500.00,0.6167,999.43,0.0000,1959.37
1210,455.840,682.711,0,717.2,120,1779.45,1744.8,1779.0,1814.1,26.58,20.0,25.5,1.0000,50.00,1.0000,100.00,1.0000,200.00,0.2083,498.50,0.0000,945.77,0.0000,1508.15
1211,-595.956,484.582,0,308.5,120,3363.77,3335.0,3362.0,3396.0,203.95,131.0,198.5,1.0000,50.00,1.0000,100.00,1.0000,200.00,1.0000,500.00,0.8583,999.84,0.0000,1971.94
1212,140.406,-260.194,0,158.6,120,5452.68,5421.0,5452.5,5482.1,577.13,324.3,576.5,1.0000,50.00,1.0000,100.00,1.0000,200.00,1.0000,500.00,1.0000,1000.00,0.7083,1999.65
1213,-628.224,-343.730,0,189.3,120,5335.79,5300.9,5337.0,5366.1,476.98,285.0,445.0,1.0000,50.00,1.0000,100.00,1.0000,200.00,1.0000,500.00,1.0000,1000.00,0.5250,1999.41
1214,475.030,66.549,0,485.1,120,3670.92,3631.0,3667.0,3717.1,81.38,57.0,80.0,1.0000,50.00,1.0000,100.00,1.0000,200.00,0.9917,499.99,0.5917,999.47,0.0000,1950.49
1215,253.342,895.880,0,754.3,120,1544.62,1511.6,1545.0,1573.0,22.12,16.9,21.0,1.0000,50.00,1.0000,100.00,1.0000,200.00,0.0000,496.38,0.0000,914.30,0.0000,1384.66
1216,86.128,473.994,0,311.1,120,3479.21,3450.0,3478.0,3518.0,195.48,128.0,184.5,1.0000,50.00,1.0000,100.00,1.0000,200.00,1.0000,500.00,0.9000,999.90,0.0000,1972.83
1217,-237.654,1031.783,0,747.9,120,1529.28,1500.8,1529.0,1555.0,23.11,17.0,23.0,1.0000,50.00,1.0000,100.00,1.0000,200.00,0.0167,496.31,0.0000,915.29,0.0000,1391.92
1218,120.651,-630.490,0,150.6,120,5180.92,5151.9,5180.0,5211.1,592.62,346.0,557.0,1.0000,50.00,1.0000,100.00,1.0000,200.00,1.0000,500.00,1.0000,1000.00,0.6000,1999.45
1219,-156.703,236.588,0,21.5,120,4628.05,4595.4,4626.0,4662.1,855.94,515.3,874.0,1.0000,50.00,1.0000,100.00,1.0000,200.00,1.0000,500.00,1.0000,1000.00,0.5000,1999.39
1220,-83.319,1154.440,0,884.6,120,1047.23,1020.0,1048.0,1076.2,13.88,11.0,13.0,1.0000,50.00,1.0000,100.00,0.8833,199.88,0.0000,473.51,0.0000,769.00,0.0000,1008.62
1221,-80.738,1293.720,0,1022.7,120,639.12,615.0,639.0,664.0,7.98,6.0,8.0,1.0000,50.00,0.9917,99.99,0.0167,196.24,0.0000,396.49,0.0000,545.72,0.0000,632.35
1222,-68.119,900.090,0,637.6,120,1957.90,1923.6,1959.5,1991.0,38.34,28.0,37.0,1.0000,50.00,1.0000,100.00,1.0000,200.00,0.5917,499.52,0.0000,971.39,0.0000,1640.10
1223,291.452,-343.284,0,312.2,120,5075.75,5045.4,5074.5,5113.0,235.82,154.0,212.0,1.0000,50.00,1.0000,100.00,1.0000,200.00,1.0000,500.00,1.0000,1000.00,0.1000,1997.39
1224,252.919,160.445,0,278.4,120,4261.22,4223.0,4257.5,4304.2,251.90,155.0,239.0,1.0000,50.00,1.0000,100.00,1.0000,200.00,1.0000,500.00,0.9833,999.98,0.0000,1990.90
1225,336.708,-256.220,0,354.6,120,4885.32,4852.7,4885.0,4919.3,168.53,114.9,154.5,1.0000,50.00,1.0000,100.00,1.0000,200.00,1.0000,500.00,1.0000,1000.00,0.0000,1995.17
1226,80.269,-598.172,0,109.2,120,5325.41,5287.8,5328.0,5358.0,760.08,445.1,745.5,1.0000,50.00,1.0000,100.00,1.0000,200.00,1.0000,500.00,1.0000,1000.00,0.6917,1999.63
1227,-324.887,-646.956,0,31.0,120,5456.73,5429.0,5457.0,5488.4,885.56,638.4,890.5,1.0000,50.00,1.0000,100.00,1.0000,200.00,1.0000,500.00,1.0000,1000.00,0.7667,1999.69
1228,-325.185,1241.308,0,958.6,120,815.08,784.0,814.5,846.0,9.88,8.0,10.0,1.0000,50.00,0.9917,99.99,0.3833,199.03,0.0000,440.12,0.0000,654.27,0.0000,799.55
1229,-135.212,-194.630,0,119.0,120,5682.43,5658.9,5682.5,5706.1,670.72,376.5,623.5,1.0000,50.00,1.0000,100.00,1.0000,200.00,1.0000,500.00,1.0000,1000.00,0.9750,1999.97
1230,562.931,419.597,0,659.5,120,2228.91,2193.0,2226.0,2265.2,34.74,26.0,33.0,1.0000,50.00,1.0000,100.00,1.0000,200.00,0.7667,499.72,0.0000,977.38,0.0000,1684.06
1231,87.247,513.451,0,343.2,120,3318.93,3286.0,3318.0,3349.2,173.82,110.8,162.0,1.0000,50.00,1.0000,100.00,1.0000,200.00,1.0000,500.00,0.7167,999.67,0.0000,1961.82
1232,-369.664,44.472,0,148.2,120,5161.06,5131.9,5161.0,5190.2,696.83,382.2,679.0,1.0000,50.00,1.0000,100.00,1.0000,200.00,1.0000,500.00,1.0000,1000.00,0.8250,1999.80
1233,-136.143,471.516,0,205.4,120,3730.91,3703.0,3730.0,3765.2,395.03,254.3,375.0,1.0000,50.00,1.0000,100.00,1.0000,200.00,1.0000,500.00,0.9750,999.98,0.0000,1990.23
1234,-47.870,84.201,0,31.9,120,5063.93,5028.9,5067.0,5094.2,875.27,535.2,888.0,1.0000,50.00,1.0000,100.00,1.0000,200.00,1.0000,500.00,1.0000,1000.00,0.6917,1999.65
1235,21.373,1090.183,0,843.6,120,1190.73,1160.0,1189.5,1218.2,15.43,12.0,15.0,1.0000,50.00,1.0000,100.00,0.9750,199.97,0.0000,484.38,0.0000,822.15,0.0000,1128.65
1236,264.122,603.685,0,525.4,120,2588.44,2558.7,2586.0,2621.1,64.36,45.0,61.5,1.0000,50.00,1.0000,100.00,1.0000,200.00,0.9833,499.98,0.0167,994.17,0.0000,1839.37
1237,-28.484,362.234,0,152.9,120,4084.22,4052.7,4088.0,4114.1,500.01,299.8,480.0,1.0000,50.00,1.0000,100.00,1.0000,200.00,1.0000,500.00,1.0000,1000.00,0.0083,1994.54
1238,-643.018,913.943,0,707.4,120,1684.56,1656.9,1684.5,1718.1,28.02,20.0,27.5,1.0000,50.00,1.0000,100.00,1.0000,200.00,0.2333,498.30,0.0000,941.17,0.0000,1487.78
1239,413.558,324.591,0,484.2,120,3139.18,3102.7,3140.0,3177.1,81.27,56.0,74.0,1.0000,50.00,1.0000,100.00,1.0000,200.00,1.0000,500.00,0.2500,998.41,0.0000,1912.32
1240,-376.262,1169.890,0,891.1,120,1022.34,990.9,1021.0,1053.0,13.06,10.0,13.0,1.0000,50.00,1.0000,100.00,0.8750,199.87,0.0000,470.53,0.0000,758.29,0.0000,987.31
1241,-108.080,592.573,0,329.5,120,3229.02,3199.0,3227.5,3257.3,186.93,116.9,172.5,1.0000,50.00,1.0000,100.00,1.0000,200.00,1.0000,500.00,0.8250,999.80,0.0000,1963.85
1242,-636.532,-427.786,0,217.9,120,5301.02,5267.9,5298.0,5334.2,379.45,224.8,336.0,1.0000,50.00,1.0000,100.00,1.0000,200.00,1.0000,500.00,1.0000,1000.00,0.2500,1998.77
1243,75.841,-891.043,0,114.1,120,4484.40,4455.9,4482.0,4512.4,694.57,422.4,691.5,1.0000,50.00,1.0000,100.00,1.0000,200.00,1.0000,500.00,1.0000,1000.00,0.1667,1998.40
1244,233.507,731.893,0,606.0,120,2177.95,2144.0,2177.0,2211.3,43.86,32.0,41.5,1.0000,50.00,1.0000,100.00,1.0000,200.00,0.8250,499.82,0.0000,981.73,0.0000,1713.88
1245,454.607,-149.016,0,469.0,120,4242.75,4199.8,4243.0,4284.1,98.14,66.9,93.0,1.0000,50.00,1.0000,100.00,1.0000,200.00,1.0000,500.00,0.8167,999.82,0.0000,1978.12
1246,-618.153,-397.738,0,192.7,120,5356.84,5324.0,5355.0,5389.1,473.30,259.2,448.0,1.0000,50.00,1.0000,100.00,1.0000,200.00,1.0000,500.00,1.0000,1000.00,0.5000,1999.22
1247,505.240,-393.134,0,527.4,120,4131.70,4088.9,4135.0,4173.1,73.65,53.9,69.5,1.0000,50.00,1.0000,100.00,1.0000,200.00,1.0000,500.00,0.7750,999.77,0.0000,1970.14
1248,151.871,-632.553,0,181.9,120,5113.18,5077.9,5113.0,5147.1,491.78,276.9,471.0,1.0000,50.00,1.0000,100.00,1.0000,200.00,1.0000,500.00,1.0000,1000.00,0.3583,1998.97
1249,-501.751,249.696,0,69.2,120,4382.03,4347.8,4382.5,4421.0,750.37,507.2,717.0,1.0000,50.00,1.0000,100.00,1.0000,200.00,1.0000,500.00,1.0000,1000.00,0.1333,1998.28
1250,-299.416,-764.973,0,48.1,120,5154.84,5127.8,5156.5,5186.0,767.71,565.0,771.0,1.0000,50.00,1.0000,100.00,1.0000,200.00,1.0000,500.00,1.0000,1000.00,0.5500,1999.47
1251,-231.084,-753.974,0,116.8,120,5197.71,5171.0,5196.0,5225.1,670.74,449.0,671.5,1.0000,50.00,1.0000,100.00,1.0000,200.00,1.0000,500.00,1.0000,1000.00,0.6917,1999.61
1252,251.941,1040.682,0,880.4,120,1073.67,1044.9,1074.0,1104.1,13.56,10.0,13.0,1.0000,50.00,1.0000,100.00,0.8750,199.88,0.0000,474.72,0.0000,776.41,0.0000,1026.33
1253,388.300,-505.964,0,414.2,120,4600.47,4559.0,4604.0,4635.3,128.68,91.8,127.0,1.0000,50.00,1.0000,100.00,1.0000,200.00,1.0000,500.00,0.9667,999.97,0.0000,1991.31
1254,360.942,556.606,0,562.8,120,2487.07,2446.9,2484.0,2525.0,52.12,38.0,50.0,1.0000,50.00,1.0000,100.00,1.0000,200.00,0.9667,499.97,0.0000,991.70,0.0000,1799.92
1255,-353.762,-651.981,0,1.7,120,5427.08,5398.9,5426.0,5455.1,846.75,492.6,876.5,1.0000,50.00,1.0000,100.00,1.0000,200.00,1.0000,500.00,1.0000,1000.00,0.6583,1999.60
1256,123.170,691.360,0,512.0,120,2547.98,2513.0,2548.5,2581.3,68.41,47.9,64.0,1.0000,50.00,1.0000,100.00,1.0000,200.00,0.9833,499.98,0.0000,994.75,0.0000,1842.18
1257,87.454,988.325,0,766.4,120,1477.85,1449.0,1476.5,1508.2,22.18,17.0,21.5,1.0000,50.00,1.0000,100.00,1.0000,200.00,0.0083,495.27,0.0000,902.57,0.0000,1346.30
1258,276.469,-336.609,0,297.0,120,5129.96,5104.0,5129.5,5161.0,240.72,151.9,224.5,1.0000,50.00,1.0000,100.00,1.0000,200.00,1.0000,500.00,1.0000,1000.00,0.1500,1998.01
1259,188.934,925.371,0,749.1,120,1550.31,1520.9,1548.5,1584.2,23.35,18.0,22.0,1.0000,50.00,1.0000,100.00,0.9917,199.99,0.0417,496.39,0.0000,915.97,0.0000,1391.09
1260,-331.472,805.150,0,523.8,120,2387.68,2361.7,2384.5,2418.2,64.85,44.9,62.0,1.0000,50.00,1.0000,100.00,1.0000,200.00,0.9750,499.98,0.0000,993.01,0.0000,1817.68
1261,-438.672,387.564,0,143.6,120,3965.95,3936.9,3964.0,3997.3,569.79,320.9,552.0,1.0000,50.00,1.0000,100.00,1.0000,200.00,1.0000,500.00,1.0000,1000.00,0.0000,1995.33
1262,-107.456,-82.332,0,94.9,120,5505.36,5479.0,5505.5,5534.1,787.08,471.3,772.0,1.0000,50.00,1.0000,100.00,1.0000,200.00,1.0000,500.00,1.0000,1000.00,0.9000,1999.90
1263,246.752,-590.524,0,275.4,120,4960.16,4922.9,4965.0,4991.1,283.02,171.8,266.0,1.0000,50.00,1.0000,100.00,1.0000,200.00,1.0000,500.00,1.0000,1000.00,0.1167,1997.58
1264,-408.988,683.825,0,415.4,120,2833.25,2798.9,2835.0,2867.2,116.66,78.9,108.5,1.0000,50.00,1.0000,100.00,1.0000,200.00,1.0000,500.00,0.2500,998.57,0.0000,1919.67
1265,-505.915,-451.288,0,97.0,120,5554.52,5524.8,5557.5,5580.3,736.65,441.9,719.0,1.0000,50.00,1.0000,100.00,1.0000,200.00,1.0000,500.00,1.0000,1000.00,0.7333,1999.71
1266,269.868,483.320,0,445.9,120,3033.52,2999.8,3031.5,3070.1,96.80,72.9,93.0,1.0000,50.00,1.0000,100.00,1.0000,200.00,0.9917,499.99,0.2500,998.59,0.0000,1916.69
1267,362.294,709.826,0,669.9,120,1948.59,1914.7,1948.5,1979.1,33.41,24.0,31.0,1.0000,50.00,1.0000,100.00,1.0000,200.00,0.5500,499.35,0.0000,965.67,0.0000,1602.52
1268,217.761,735.994,0,600.3,120,2195.32,2165.9,2197.0,2230.0,43.88,31.0,41.5,1.0000,50.00,1.0000,100.00,1.0000,200.00,0.8750,499.88,0.0000,983.75,0.0000,1723.14
1269,167.594,568.995,0,436.1,120,2947.97,2910.9,2950.0,2981.1,102.62,65.9,94.5,1.0000,50.00,1.0000,100.00,1.0000,200.00,1.0000,500.00,0.2250,998.52,0.0000,1915.89
1270,47.842,488.953,0,300.5,120,3482.99,3443.0,3484.0,3517.2,223.65,146.7,200.0,1.0000,50.00,1.0000,100.00,1.0000,200.00,1.0000,500.00,0.8833,999.87,0.0000,1974.99
1271,-315.005,342.870,0,62.7,120,4229.77,4197.9,4229.0,4260.3,746.70,481.9,724.0,1.0000,50.00,1.0000,100.00,1.0000,200.00,1.0000,500.00,0.9917,999.99,0.1750,1998.09
1272,-872.559,-218.303,0,395.6,120,4390.52,4331.9,4395.5,4434.0,139.18,91.9,134.5,1.0000,50.00,1.0000,100.00,1.0000,200.00,1.0000,500.00,0.9833,999.98,0.0000,1987.78
1273,107.861,924.209,0,714.1,120,1678.86,1647.7,1677.0,1712.1,26.00,19.9,25.0,1.0000,50.00,1.0000,100.00,1.0000,200.00,0.0917,498.03,0.0000,938.18,0.0000,1476.27
1274,-687.469,501.228,0,379.1,120,3113.22,3077.8,3114.0,3148.1,142.54,90.0,133.0,1.0000,50.00,1.0000,100.00,1.0000,200.00,1.0000,500.00,0.5250,999.39,0.0000,1945.59
1275,579.743,563.950,0,744.0,120,1743.00,1707.9,1745.5,1774.2,24.02,17.9,22.0,1.0000,50.00,1.0000,100.00,1.0000,200.00,0.1333,497.96,0.0000,935.03,0.0000,1470.31
1276,-364.649,-641.443,0,6.5,120,5441.11,5406.8,5441.0,5473.0,876.21,615.4,899.0,1.0000,50.00,1.0000,100.00,1.0000,200.00,1.0000,500.00,1.0000,1000.00,0.7250,1999.68
1277,36.116,224.429,0,103.1,120,4519.10,4478.9,4523.5,4552.0,663.83,420.6,672.5,1.0000,50.00,1.0000,100.00,1.0000,200.00,1.0000,500.00,1.0000,1000.00,0.1000,1997.82
1278,-769.652,-520.107,0,369.5,120,4791.05,4752.9,4789.5,4839.1,171.31,112.0,158.0,1.0000,50.00,1.0000,100.00,1.0000,200.00,1.0000,500.00,0.9917,999.99,0.0000,1993.79
1279,-982.797,-232.858,0,506.1,120,3846.64,3801.7,3848.0,3892.2,76.42,56.0,73.0,1.0000,50.00,1.0000,100.00,1.0000,200.00,1.0000,500.00,0.6583,999.57,0.0000,1960.79
1280,-348.459,615.054,0,336.8,120,3144.22,3111.7,3143.5,3179.0,175.46,112.8,160.5,1.0000,50.00,1.0000,100.00,1.0000,200.00,1.0000,500.00,0.7000,999.64,0.0000,1958.95
1281,106.356,-705.441,0,138.7,120,5024.74,4987.9,5027.0,5056.0,637.57,371.0,630.0,1.0000,50.00,1.0000,100.00,1.0000,200.00,1.0000,500.00,1.0000,1000.00,0.4500,1999.09
1282,243.084,1021.110,0,859.0,120,1149.03,1118.0,1146.0,1186.1,15.25,11.9,15.0,1.0000,50.00,1.0000,100.00,0.9583,199.96,0.0000,480.98,0.0000,805.57,0.0000,1088.78
1283,-240.664,110.301,0,170.7,120,5044.38,5014.0,5044.0,5079.2,673.86,389.5,606.5,1.0000,50.00,1.0000,100.00,1.0000,200.00,1.0000,500.00,1.0000,1000.00,0.8333,1999.80
1284,273.797,1018.769,0,871.2,120,1110.47,1081.9,1109.0,1141.1,14.09,11.0,13.0,1.0000,50.00,1.0000,100.00,0.9083,199.90,0.0000,478.15,0.0000,791.52,0.0000,1057.04
1285,-135.714,55.655,0,123.9,120,5192.36,5158.9,5192.5,5224.0,744.02,433.3,695.5,1.0000,50.00,1.0000,100.00,1.0000,200.00,1.0000,500.00,1.0000,1000.00,0.8583,1999.83
1286,271.899,418.330,0,407.3,120,3278.07,3237.8,3279.5,3321.0,118.01,78.0,108.0,1.0000,50.00,1.0000,100.00,1.0000,200.00,1.0000,500.00,0.5000,999.39,0.0000,1943.58
1287,578.502,527.383,0,723.8,120,1854.63,1819.9,1854.0,1896.0,25.46,19.0,25.0,1.0000,50.00,1.0000,100.00,1.0000,200.00,0.2667,498.87,0.0000,949.46,0.0000,1525.58
1288,-425.765,-20.442,0,86.0,120,5266.80,5242.9,5266.5,5292.1,803.52,483.3,786.0,1.0000,50.00,1.0000,100.00,1.0000,200.00,1.0000,500.00,1.0000,1000.00,0.8917,1999.88
1289,-1027.688,-399.625,0,590.3,120,3613.19,3578.7,3614.5,3652.0,52.48,40.0,50.0,1.0000,50.00,1.0000,100.00,1.0000,200.00,1.0000,500.00,0.3417,998.75,0.0000,1932.07
1290,-101.200,-426.557,0,77.6,120,5744.78,5721.0,5747.0,5767.0,787.41,456.7,803.5,1.0000,50.00,1.0000,100.00,1.0000,200.00,1.0000,500.00,1.0000,1000.00,0.9333,1999.93
1291,-498.769,752.753,0,505.6,120,2474.84,2445.9,2472.0,2513.1,70.37,49.9,65.0,1.0000,50.00,1.0000,100.00,1.0000,200.00,0.9833,499.98,0.0083,994.43,0.0000,1839.97
1292,-1043.180,-268.897,0,573.4,120,3522.53,3481.5,3522.0,3562.1,56.81,42.0,55.0,1.0000,50.00,1.0000,100.00,1.0000,200.00,1.0000,500.00,0.2833,998.83,0.0000,1930.22
1293,38.231,903.017,0,669.6,120,1846.70,1813.0,1845.5,1880.0,32.62,24.9,31.0,1.0000,50.00,1.0000,100.00,1.0000,200.00,0.4167,499.17,0.0000,960.16,0.0000,1577.55
1294,-912.802,-5.294,0,394.7,120,3888.48,3845.0,3885.5,3929.1,130.53,87.9,128.5,1.0000,50.00,1.0000,100.00,1.0000,200.00,1.0000,500.00,0.9000,999.88,0.0000,1974.17
1295,74.850,-937.306,0,114.6,120,4313.32,4273.0,4314.0,4346.1,658.47,417.0,648.0,1.0000,50.00,1.0000,100.00,1.0000,200.00,1.0000,500.00,1.0000,1000.00,0.0750,1997.61
1296,-224.966,-136.051,0,210.6,120,5612.18,5591.7,5613.5,5636.0,441.65,290.1,428.0,1.0000,50.00,1.0000,100.00,1.0000,200.00,1.0000,500.00,1.0000,1000.00,0.8917,1999.89
1297,-257.708,951.711,0,667.5,120,1832.17,1791.9,1836.5,1863.2,33.45,25.0,33.0,1.0000,50.00,1.0000,100.00,1.0000,200.00,0.4583,499.15,0.0000,959.27,0.0000,1579.73
1298,-706.308,848.102,0,675.6,120,1814.75,1784.9,1812.0,1846.0,32.35,24.0,30.5,1.0000,50.00,1.0000,100.00,1.0000,200.00,0.4000,499.07,0.0000,957.17,0.0000,1564.44
1299,-860.385,-137.709,0,364.1,120,4351.37,4309.9,4355.0,4390.0,169.05,105.0,156.5,1.0000,50.00,1.0000,100.00,1.0000,200.00,1.0000,500.00,0.9500,999.93,0.0000,1989.24
1300,-800.674,-21.693,0,284.1,120,4389.02,4347.0,4392.0,4431.0,248.41,153.0,230.5,1.0000,50.00,1.0000,100.00,1.0000,200.00,1.0000,500.00,0.9750,999.98,0.0000,1992.27
1301,357.870,990.594,0,890.0,120,1051.24,1022.0,1051.0,1080.1,12.83,10.0,12.0,1.0000,50.00,1.0000,100.00,0.8667,199.85,0.0000,473.08,0.0000,766.21,0.0000,1005.12
1302,6.458,692.349,0,461.1,120,2715.30,2682.8,2713.5,2757.1,88.46,61.0,82.5,1.0000,50.00,1.0000,100.00,1.0000,200.00,1.0000,500.00,0.0833,997.37,0.0000,1889.33
1303,-384.010,-528.973,0,2.5,120,5619.69,5594.8,5619.5,5645.1,828.03,568.2,822.5,1.0000,50.00,1.0000,100.00,1.0000,200.00,1.0000,500.00,1.0000,1000.00,0.7750,1999.75
1304,-90.592,-810.281,0,54.8,120,4962.55,4929.8,4962.0,4997.3,824.02,520.7,826.0,1.0000,50.00,1.0000,100.00,1.0000,200.00,1.0000,500.00,1.0000,1000.00,0.6583,1999.63
1305,699.840,675.081,0,905.3,120,1072.00,1039.0,1073.0,1101.2,12.70,10.0,12.0,1.0000,50.00,1.0000,100.00,0.8417,199.80,0.0000,472.54,0.0000,765.77,0.0000,1007.28
1306,-86.685,-67.312,0,74.6,120,5463.98,5435.0,5467.0,5489.2,770.98,442.5,774.5,1.0000,50.00,1.0000,100.00,1.0000,200.00,1.0000,500.00,1.0000,1000.00,0.9250,1999.92
1307,-526.810,1035.328,0,784.8,120,1389.28,1358.0,1390.5,1419.1,19.97,15.0,19.0,1.0000,50.00,1.0000,100.00,1.0000,200.00,0.0000,492.94,0.0000,884.06,0.0000,1288.71
1308,-639.611,298.016,0,206.8,120,3948.83,3917.8,3952.0,3981.0,374.95,218.9,357.0,1.0000,50.00,1.0000,100.00,1.0000,200.00,1.0000,500.00,0.9750,999.98,0.0000,1991.18
1309,-665.252,205.947,0,183.4,120,4196.93,4157.9,4197.5,4233.0,446.34,282.7,409.5,1.0000,50.00,1.0000,100.00,1.0000,200.00,1.0000,500.00,0.9917,999.99,0.0000,1994.22
1310,-700.094,174.762,0,204.7,120,4194.22,4161.8,4196.5,4225.1,399.59,248.8,380.5,1.0000,50.00,1.0000,100.00,1.0000,200.00,1.0000,500.00,0.9833,999.98,0.0000,1993.35
1311,-908.265,361.875,0,470.0,120,2929.93,2895.9,2929.0,2965.1,81.30,56.9,74.5,1.0000,50.00,1.0000,100.00,1.0000,200.00,1.0000,500.00,0.1083,998.02,0.0000,1900.67
1312,-129.533,836.262,0,563.1,120,2247.28,2214.8,2245.0,2281.1,52.24,39.0,49.0,1.0000,50.00,1.0000,100.00,1.0000,200.00,0.9333,499.93,0.0000,987.93,0.0000,1766.50
1313,-381.544,1168.044,0,889.8,120,1027.25,997.0,1026.0,1060.2,13.33,10.0,13.0,1.0000,50.00,1.0000,100.00,0.8750,199.88,0.0000,471.27,0.0000,760.91,0.0000,992.98
1314,56.973,-643.604,0,87.4,120,5265.33,5233.0,5261.5,5300.2,802.44,547.3,780.5,1.0000,50.00,1.0000,100.00,1.0000,200.00,1.0000,500.00,1.0000,1000.00,0.7083,1999.66
1315,-576.361,-175.076,0,97.8,120,5316.92,5289.6,5318.5,5343.1,719.02,467.0,710.5,1.0000,50.00,1.0000,100.00,1.0000,200.00,1.0000,500.00,1.0000,1000.00,0.7167,1999.67
1316,-24.779,1118.963,0,860.7,120,1130.89,1102.0,1126.0,1162.1,14.93,11.0,15.0,1.0000,50.00,1.0000,100.00,0.9750,199.97,0.0000,479.84,0.0000,801.67,0.0000,1079.67
1317,140.448,-645.863,0,170.9,120,5108.65,5078.6,5109.5,5138.0,535.50,312.2,520.0,1.0000,50.00,1.0000,100.00,1.0000,200.00,1.0000,500.00,1.0000,1000.00,0.4000,1999.08
1318,222.585,979.090,0,812.2,120,1317.60,1289.0,1317.0,1348.0,18.11,14.0,17.0,1.0000,50.00,1.0000,100.00,1.0000,200.00,0.0000,490.03,0.0000,861.02,0.0000,1224.35
1319,-669.441,766.032,0,585.9,120,2174.44,2144.9,2176.0,2211.1,48.98,35.0,46.0,1.0000,50.00,1.0000,100.00,1.0000,200.00,0.9333,499.93,0.0000,984.36,0.0000,1734.03
1320,236.838,1004.851,0,841.7,120,1212.15,1183.0,1209.0,1244.1,15.88,12.0,16.0,1.0000,50.00,1.0000,100.00,0.9750,199.97,0.0000,485.82,0.0000,828.93,0.0000,1141.92
1321,33.863,-133.091,0,48.0,120,5481.41,5450.0,5482.0,5506.2,827.43,583.9,823.0,1.0000,50.00,1.0000,100.00,1.0000,200.00,1.0000,500.00,1.0000,1000.00,0.8750,1999.88
1322,-698.413,314.602,0,264.7,120,3749.93,3719.0,3749.5,3782.2,284.07,173.0,259.0,1.0000,50.00,1.0000,100.00,1.0000,200.00,1.0000,500.00,0.9500,999.95,0.0000,1983.81
1323,302.966,554.458,0,517.9,120,2668.93,2627.9,2668.5,2703.2,62.84,45.9,60.0,1.0000,50.00,1.0000,100.00,1.0000,200.00,0.9917,499.99,0.0250,995.42,0.0000,1850.36
1324,21.263,218.583,0,87.4,120,4560.10,4520.9,4561.0,4595.2,705.76,441.9,677.5,1.0000,50.00,1.0000,100.00,1.0000,200.00,1.0000,500.00,1.0000,1000.00,0.1833,1998.33
1325,427.493,137.887,0,445.1,120,3685.75,3639.8,3684.5,3724.2,100.10,70.8,97.0,1.0000,50.00,1.0000,100.00,1.0000,200.00,1.0000,500.00,0.6833,999.64,0.0000,1957.34
1326,771.937,755.832,0,1010.4,120,723.60,695.0,724.0,753.0,8.54,7.0,8.0,1.0000,50.00,0.9917,99.99,0.1333,197.98,0.0000,417.15,0.0000,592.62,0.0000,704.62
1327,-292.057,391.900,0,108.7,120,4055.45,4023.0,4058.0,4086.0,652.40,402.8,654.0,1.0000,50.00,1.0000,100.00,1.0000,200.00,1.0000,500.00,1.0000,1000.00,0.0250,1996.52
1328,137.539,1066.684,0,857.4,120,1146.95,1117.9,1148.0,1176.2,14.10,11.0,14.0,1.0000,50.00,1.0000,100.00,0.9333,199.93,0.0000,480.75,0.0000,804.05,0.0000,1089.98
1329,574.347,948.402,0,989.1,120,758.93,731.0,759.5,787.1,8.95,7.0,9.0,1.0000,50.00,1.0000,100.00,0.1500,198.17,0.0000,426.76,0.0000,616.74,0.0000,740.59
1330,-151.387,1093.234,0,814.9,120,1282.50,1250.9,1283.5,1312.2,17.15,13.0,16.0,1.0000,50.00,1.0000,100.00,0.9833,199.98,0.0000,488.77,0.0000,852.64,0.0000,1204.93
1331,-101.952,884.087,0,615.0,120,2045.72,2011.9,2044.0,2082.2,42.15,30.0,40.5,1.0000,50.00,1.0000,100.00,1.0000,200.00,0.7917,499.76,0.0000,977.76,0.0000,1682.90
1332,-474.555,960.935,0,700.1,120,1701.11,1668.8,1698.5,1733.1,28.22,22.0,27.0,1.0000,50.00,1.0000,100.00,1.0000,200.00,0.1667,498.37,0.0000,944.80,0.0000,1504.47
1333,46.822,504.225,0,312.7,120,3422.62,3393.0,3419.5,3458.0,201.20,131.8,193.5,1.0000,50.00,1.0000,100.00,1.0000,200.00,1.0000,500.00,0.8333,999.81,0.0000,1970.88
1334,545.579,872.584,0,914.1,120,997.73,967.9,999.0,1025.2,12.24,9.0,12.0,1.0000,50.00,1.0000,100.00,0.8000,199.78,0.0000,465.47,0.0000,739.08,0.0000,952.94
1335,-477.140,-165.193,0,1.2,120,5469.52,5441.9,5468.5,5494.2,881.36,600.8,889.5,1.0000,50.00,1.0000,100.00,1.0000,200.00,1.0000,500.00,1.0000,1000.00,0.8833,1999.88
1336,-156.296,-632.924,0,126.1,120,5492.98,5460.9,5495.0,5521.0,680.35,455.6,639.5,1.0000,50.00,1.0000,100.00,1.0000,200.00,1.0000,500.00,1.0000,1000.00,0.8667,1999.86
1337,-375.368,987.074,0,709.2,120,1663.09,1631.8,1663.0,1697.0,28.05,20.0,26.0,1.0000,50.00,1.0000,100.00,1.0000,200.00,0.1417,497.97,0.0000,939.56,0.0000,1480.17
1338,467.531,408.284,0,569.0,120,2642.48,2605.9,2643.0,2676.2,51.62,37.0,49.0,1.0000,50.00,1.0000,100.00,1.0000,200.00,0.9917,499.99,0.0000,992.77,0.0000,1818.98
1339,462.785,408.568,0,564.9,120,2663.40,2627.0,2663.0,2700.2,56.58,42.0,53.5,1.0000,50.00,1.0000,100.00,1.0000,200.00,0.9917,499.99,0.0000,993.74,0.0000,1826.83
1340,316.329,37.100,0,325.5,120,4435.64,4398.5,4433.0,4484.0,192.93,126.9,174.5,1.0000,50.00,1.0000,100.00,1.0000,200.00,1.0000,500.00,0.9917,999.99,0.0000,1990.93
1341,-24.823,204.316,0,41.5,120,4656.87,4622.0,4658.0,4691.0,833.01,533.0,835.0,1.0000,50.00,1.0000,100.00,1.0000,200.00,1.0000,500.00,1.0000,1000.00,0.4000,1998.97
1342,-91.580,207.373,0,7.1,120,4703.06,4672.0,4701.5,4736.1,884.55,584.3,884.0,1.0000,50.00,1.0000,100.00,1.0000,200.00,1.0000,500.00,1.0000,1000.00,0.4500,1999.28
1343,-589.402,-158.453,0,106.4,120,5263.28,5230.0,5262.5,5296.0,710.38,436.8,696.5,1.0000,50.00,1.0000,100.00,1.0000,200.00,1.0000,500.00,1.0000,1000.00,0.6583,1999.54
1344,-911.258,-11.830,0,393.6,120,3907.62,3873.9,3910.0,3939.2,132.80,92.0,121.0,1.0000,50.00,1.0000,100.00,1.0000,200.00,1.0000,500.00,0.8667,999.85,0.0000,1974.36
1345,-119.754,-101.297,0,106.5,120,5542.54,5521.9,5541.0,5563.0,743.80,450.4,731.0,1.0000,50.00,1.0000,100.00,1.0000,200.00,1.0000,500.00,1.0000,1000.00,0.9083,1999.91
1346,-551.497,214.888,0,87.2,120,4412.14,4377.9,4415.5,4445.1,702.69,410.1,681.0,1.0000,50.00,1.0000,100.00,1.0000,200.00,1.0000,500.00,1.0000,1000.00,0.1750,1998.17
1347,-531.619,1099.842,0,848.5,120,1165.57,1139.9,1163.0,1197.1,15.77,12.0,15.0,1.0000,50.00,1.0000,100.00,0.9750,199.97,0.0000,483.74,0.0000,814.49,0.0000,1110.64
1348,414.119,259.033,0,461.1,120,3358.88,3321.7,3359.0,3398.1,94.27,63.0,89.0,1.0000,50.00,1.0000,100.00,1.0000,200.00,1.0000,500.00,0.3333,999.04,0.0000,1936.77
1349,-118.921,-623.233,0,89.1,120,5495.73,5469.0,5499.0,5518.1,766.17,477.7,763.5,1.0000,50.00,1.0000,100.00,1.0000,200.00,1.0000,500.00,1.0000,1000.00,0.8833,1999.88
1350,706.101,704.685,0,927.1,120,989.20,958.9,991.0,1020.0,11.64,9.0,11.0,1.0000,50.00,1.0000,100.00,0.7583,199.76,0.0000,463.73,0.0000,731.08,0.0000,939.17
1351,-212.107,580.277,0,298.4,120,3310.58,3277.0,3308.5,3347.5,218.78,138.7,208.0,1.0000,50.00,1.0000,100.00,1.0000,200.00,1.0000,500.00,0.8667,999.86,0.0000,1972.62
1352,346.858,-215.438,0,363.5,120,4809.93,4772.0,4809.0,4848.1,169.93,107.9,154.5,1.0000,50.00,1.0000,100.00,1.0000,200.00,1.0000,500.00,1.0000,1000.00,0.0000,1994.61
1353,-270.591,195.388,0,88.8,120,4771.40,4739.9,4774.0,4803.1,858.88,551.4,858.0,1.0000,50.00,1.0000,100.00,1.0000,200.00,1.0000,500.00,1.0000,1000.00,0.6750,1999.60
1354,-439.089,511.952,0,258.4,120,3483.55,3442.0,3485.0,3520.1,287.87,173.8,270.0,1.0000,50.00,1.0000,100.00,1.0000,200.00,1.0000,500.00,0.9167,999.92,0.0000,1981.75
1355,259.793,219.640,0,302.4,120,4043.74,4000.0,4043.0,4081.2,216.72,141.9,204.5,1.0000,50.00,1.0000,100.00,1.0000,200.00,1.0000,500.00,0.9583,999.96,0.0000,1985.42
1356,-870.974,214.468,0,379.6,120,3510.12,3463.9,3512.0,3550.0,131.73,92.0,123.5,1.0000,50.00,1.0000,100.00,1.0000,200.00,1.0000,500.00,0.7583,999.74,0.0000,1961.38
1357,-414.481,1206.342,0,931.6,120,894.22,871.9,893.0,921.3,10.88,9.0,10.0,1.0000,50.00,1.0000,100.00,0.6000,199.50,0.0000,453.88,0.0000,696.27,0.0000,872.46
1358,-55.533,-335.086,0,34.9,120,5735.12,5712.0,5734.0,5761.1,820.15,505.9,816.0,1.0000,50.00,1.0000,100.00,1.0000,200.00,1.0000,500.00,1.0000,1000.00,0.9083,1999.91
1359,-165.663,-63.531,0,153.6,120,5480.60,5454.9,5482.0,5504.0,579.42,336.0,541.0,1.0000,50.00,1.0000,100.00,1.0000,200.00,1.0000,500.00,1.0000,1000.00,0.9500,1999.94
1360,371.009,-73.044,0,383.1,120,4483.62,4444.0,4484.5,4522.1,150.75,107.8,142.0,1.0000,50.00,1.0000,100.00,1.0000,200.00,1.0000,500.00,0.9917,999.99,0.0000,1989.10
1361,-517.504,-529.602,0,127.3,120,5457.45,5430.0,5456.0,5493.0,653.97,400.4,630.5,1.0000,50.00,1.0000,100.00,1.0000,200.00,1.0000,500.00,1.0000,1000.00,0.5833,1999.45
1362,-420.245,777.560,0,509.4,120,2450.21,2416.0,2450.0,2488.3,68.77,50.0,64.0,1.0000,50.00,1.0000,100.00,1.0000,200.00,0.9917,499.99,0.0000,994.37,0.0000,1837.12
1363,160.692,-236.573,0,178.1,120,5393.50,5361.0,5394.0,5425.0,503.37,315.2,489.0,1.0000,50.00,1.0000,100.00,1.0000,200.00,1.0000,500.00,1.0000,1000.00,0.5917,1999.48
1364,576.350,397.053,0,662.4,120,2239.39,2204.9,2235.0,2278.1,34.69,25.0,32.5,1.0000,50.00,1.0000,100.00,1.0000,200.00,0.7833,499.74,0.0000,978.32,0.0000,1685.57
1365,-636.058,616.900,0,440.5,120,2788.25,2755.0,2789.5,2821.0,97.85,67.0,95.0,1.0000,50.00,1.0000,100.00,1.0000,200.00,1.0000,500.00,0.1667,998.23,0.0000,1906.28
1366,565.475,881.718,0,934.5,120,928.19,896.0,927.0,959.1,11.17,8.0,11.0,1.0000,50.00,1.0000,100.00,0.6667,199.58,0.0000,456.93,0.0000,706.93,0.0000,892.46
1367,703.706,738.340,0,944.7,120,925.11,890.9,926.0,961.0,10.47,8.0,10.0,1.0000,50.00,1.0000,100.00,0.5833,199.50,0.0000,455.55,0.0000,702.08,0.0000,885.23
1368,581.660,536.003,0,730.9,120,1820.96,1781.8,1824.0,1856.0,24.98,19.0,24.0,1.0000,50.00,1.0000,100.00,1.0000,200.00,0.1750,498.41,0.0000,945.57,0.0000,1511.32
1369,-574.323,531.588,0,335.4,120,3223.55,3187.9,3222.5,3260.1,181.14,114.9,174.5,1.0000,50.00,1.0000,100.00,1.0000,200.00,1.0000,500.00,0.7250,999.71,0.0000,1962.42
1370,361.253,169.140,0,385.8,120,3865.15,3830.6,3862.5,3907.5,131.40,91.0,121.0,1.0000,50.00,1.0000,100.00,1.0000,200.00,1.0000,500.00,0.8500,999.84,0.0000,1973.62
1371,-546.160,1179.688,0,929.5,120,902.90,874.9,904.5,928.1,11.09,9.0,11.0,1.0000,50.00,0.9833,99.98,0.5833,199.43,0.0000,456.02,0.0000,701.37,0.0000,880.49
1372,7.947,533.826,0,318.2,120,3355.73,3320.9,3355.0,3396.1,204.10,136.0,190.0,1.0000,50.00,1.0000,100.00,1.0000,200.00,1.0000,500.00,0.8667,999.85,0.0000,1969.25
1373,-658.404,455.192,0,325.5,120,3345.93,3310.0,3344.0,3383.1,194.62,124.0,187.0,1.0000,50.00,1.0000,100.00,1.0000,200.00,1.0000,500.00,0.8000,999.78,0.0000,1966.79
1374,-515.567,92.230,0,4.4,120,4850.45,4819.6,4849.5,4877.3,892.79,587.6,874.5,1.0000,50.00,1.0000,100.00,1.0000,200.00,1.0000,500.00,1.0000,1000.00,0.5583,1999.38
1375,261.329,465.986,0,428.2,120,3118.73,3082.9,3121.0,3156.0,104.87,69.9,101.5,1.0000,50.00,1.0000,100.00,1.0000,200.00,1.0000,500.00,0.3000,998.99,0.0000,1928.38
1376,-591.988,755.128,0,541.5,120,2345.90,2312.0,2345.5,2383.0,60.67,43.0,57.5,1.0000,50.00,1.0000,100.00,1.0000,200.00,0.9667,499.97,0.0000,991.12,0.0000,1798.82
1377,-614.243,-53.400,0,104.9,120,5024.21,4996.9,5024.5,5053.0,680.10,442.8,654.0,1.0000,50.00,1.0000,100.00,1.0000,200.00,1.0000,500.00,1.0000,1000.00,0.4833,1999.24
1378,-354.156,855.538,0,576.2,120,2182.62,2145.0,2184.0,2216.1,51.71,39.0,49.0,1.0000,50.00,1.0000,100.00,1.0000,200.00,0.9500,499.95,0.0000,985.38,0.0000,1744.41
1379,-433.957,545.703,0,288.7,120,3358.04,3326.0,3356.5,3394.1,244.77,149.6,230.5,1.0000,50.00,1.0000,100.00,1.0000,200.00,1.0000,500.00,0.9000,999.90,0.0000,1974.92
1380,-312.134,-563.043,0,63.7,120,5614.58,5593.0,5612.5,5642.1,803.45,512.7,822.0,1.0000,50.00,1.0000,100.00,1.0000,200.00,1.0000,500.00,1.0000,1000.00,0.7917,1999.75
1381,-481.935,1057.949,0,796.5,120,1346.88,1311.0,1348.0,1377.1,18.38,14.0,18.0,1.0000,50.00,1.0000,100.00,1.0000,200.00,0.0000,491.84,0.0000,873.08,0.0000,1257.21
1382,-206.548,-716.470,0,142.5,120,5300.23,5273.0,5300.0,5328.0,619.24,414.4,603.5,1.0000,50.00,1.0000,100.00,1.0000,200.00,1.0000,500.00,1.0000,1000.00,0.7750,1999.69
1383,456.594,788.239,0,791.6,120,1442.58,1406.0,1444.0,1480.0,19.09,15.0,18.0,1.0000,50.00,1.0000,100.00,1.0000,200.00,0.0083,493.99,0.0000,887.41,0.0000,1301.44
1384,-121.444,857.066,0,585.0,120,2162.03,2131.0,2162.5,2195.1,47.51,35.0,46.0,1.0000,50.00,1.0000,100.00,1.0000,200.00,0.9083,499.90,0.0000,984.52,0.0000,1732.18
1385,-268.963,393.817,0,109.6,120,4053.52,4020.9,4050.5,4091.1,645.83,393.0,646.5,1.0000,50.00,1.0000,100.00,1.0000,200.00,1.0000,500.00,1.0000,1000.00,0.0250,1996.67
1386,-335.672,805.852,0,524.9,120,2385.96,2350.7,2387.5,2416.0,64.54,48.0,62.5,1.0000,50.00,1.0000,100.00,1.0000,200.00,0.9667,499.97,0.0000,992.73,0.0000,1817.28
1387,687.694,161.962,0,706.0,120,2338.59,2298.8,2336.0,2384.1,28.55,21.0,27.0,1.0000,50.00,1.0000,100.00,1.0000,200.00,0.8417,499.84,0.0000,977.12,0.0000,1691.23
1388,274.490,4.055,0,284.1,120,4664.73,4632.0,4663.0,4697.5,265.96,163.7,239.0,1.0000,50.00,1.0000,100.00,1.0000,200.00,1.0000,500.00,0.9833,999.98,0.0000,1995.52
1389,-1057.235,-328.173,0,601.5,120,3454.51,3411.8,3454.0,3497.4,51.87,36.9,48.5,1.0000,50.00,1.0000,100.00,1.0000,200.00,1.0000,500.00,0.1667,998.20,0.0000,1916.61
1390,-441.461,-86.552,0,54.6,120,5379.93,5354.0,5379.5,5406.2,848.88,508.7,849.5,1.0000,50.00,1.0000,100.00,1.0000,200.00,1.0000,500.00,1.0000,1000.00,0.8917,1999.89
1391,-361.948,-389.770,0,57.7,120,5736.31,5714.9,5735.0,5762.1,789.15,527.6,781.5,1.0000,50.00,1.0000,100.00,1.0000,200.00,1.0000,500.00,1.0000,1000.00,0.8917,1999.88
1392,386.532,572.764,0,592.8,120,2359.42,2324.8,2360.0,2396.2,48.17,35.0,47.0,1.0000,50.00,1.0000,100.00,1.0000,200.00,0.9250,499.92,0.0000,987.11,0.0000,1759.92
1393,-952.711,-137.333,0,453.6,120,3911.94,3875.0,3908.0,3953.1,98.52,67.9,93.0,1.0000,50.00,1.0000,100.00,1.0000,200.00,1.0000,500.00,0.7333,999.72,0.0000,1969.17
1394,-539.268,687.132,0,458.1,120,2677.79,2640.8,2679.0,2710.2,94.26,63.9,84.0,1.0000,50.00,1.0000,100.00,1.0000,200.00,1.0000,500.00,0.0833,997.31,0.0000,1887.96
1395,-434.741,-5.799,0,80.7,120,5219.32,5195.8,5219.0,5247.0,823.56,532.6,820.0,1.0000,50.00,1.0000,100.00,1.0000,200.00,1.0000,500.00,1.0000,1000.00,0.8583,1999.84
1396,-594.258,1171.786,0,934.3,120,886.68,859.9,886.0,910.2,11.03,8.0,10.0,1.0000,50.00,1.0000,100.00,0.5583,199.46,0.0000,452.23,0.0000,693.39,0.0000,865.74
1397,215.729,-503.219,0,241.6,120,5195.26,5165.9,5195.5,5225.0,340.93,225.9,305.5,1.0000,50.00,1.0000,100.00,1.0000,200.00,1.0000,500.00,1.0000,1000.00,0.2750,1998.73
1398,379.545,-269.090,0,397.9,120,4721.79,4676.9,4725.0,4762.0,142.35,98.9,134.0,1.0000,50.00,1.0000,100.00,1.0000,200.00,1.0000,500.00,0.9833,999.98,0.0000,1992.48
1399,-984.092,-346.018,0,535.0,120,3870.03,3824.9,3869.0,3921.1,69.97,50.0,67.5,1.0000,50.00,1.0000,100.00,1.0000,200.00,1.0000,500.00,0.6583,999.56,0.0000,1957.43
1400,373.704,113.067,0,388.3,120,3995.96,3955.9,3993.5,4036.0,134.98,92.8,127.0,1.0000,50.00,1.0000,100.00,1.0000,200.00,1.0000,500.00,0.8667,999.87,0.0000,1977.09
1401,-999.340,-405.271,0,564.2,120,3770.83,3726.9,3774.5,3810.1,60.99,45.0,60.0,1.0000,50.00,1.0000,100.00,1.0000,200.00,1.0000,500.00,0.5667,999.44,0.0000,1947.84
1402,-514.413,-2.554,0,2.6,120,5102.05,5072.0,5101.0,5135.0,860.30,569.0,858.0,1.0000,50.00,1.0000,100.00,1.0000,200.00,1.0000,500.00,1.0000,1000.00,0.7750,1999.72
1403,181.719,799.382,0,634.8,120,2025.68,1990.9,2026.0,2057.0,37.83,29.0,36.0,1.0000,50.00,1.0000,100.00,1.0000,200.00,0.6583,499.62,0.0000,973.33,0.0000,1657.33
1404,-280.998,251.793,0,31.8,120,4574.39,4544.0,4576.0,4603.1,890.88,614.9,885.0,1.0000,50.00,1.0000,100.00,1.0000,200.00,1.0000,500.00,1.0000,1000.00,0.5000,1999.33
1405,453.404,606.078,0,665.6,120,2035.86,1999.0,2039.0,2068.0,33.42,26.0,33.0,1.0000,50.00,1.0000,100.00,1.0000,200.00,0.6917,499.59,0.0000,970.39,0.0000,1630.43
1406,19.245,465.758,0,265.4,120,3614.78,3577.9,3615.0,3656.2,280.18,183.8,272.0,1.0000,50.00,1.0000,100.00,1.0000,200.00,1.0000,500.00,0.9083,999.91,0.0000,1982.47
1407,-81.691,-233.251,0,64.3,120,5701.11,5677.9,5702.0,5724.1,807.28,528.8,827.0,1.0000,50.00,1.0000,100.00,1.0000,200.00,1.0000,500.00,1.0000,1000.00,0.9500,1999.95
1408,-491.001,449.147,0,222.3,120,3665.86,3632.9,3662.0,3699.1,355.12,214.5,347.0,1.0000,50.00,1.0000,100.00,1.0000,200.00,1.0000,500.00,0.9667,999.97,0.0000,1988.01
1409,-466.526,996.942,0,733.6,120,1574.49,1539.2,1573.5,1608.1,24.46,19.0,24.0,1.0000,50.00,1.0000,100.00,1.0000,200.00,0.1000,497.44,0.0000,923.25,0.0000,1420.97
1410,-26.113,14.263,0,16.6,120,5232.57,5201.9,5231.0,5261.0,843.24,556.6,843.5,1.0000,50.00,1.0000,100.00,1.0000,200.00,1.0000,500.00,1.0000,1000.00,0.7750,1999.74
1411,-734.823,111.978,0,223.0,120,4274.84,4235.5,4276.0,4320.0,345.93,218.8,313.5,1.0000,50.00,1.0000,100.00,1.0000,200.00,1.0000,500.00,1.0000,1000.00,0.0083,1993.78
1412,-322.705,672.814,0,391.2,120,2924.33,2892.0,2924.0,2953.0,128.68,88.0,119.0,1.0000,50.00,1.0000,100.00,1.0000,200.00,1.0000,500.00,0.3833,999.05,0.0000,1935.13
1413,-79.875,823.348,0,560.2,120,2270.25,2232.9,2270.0,2307.0,54.58,39.0,52.5,1.0000,50.00,1.0000,100.00,1.0000,200.00,0.9500,499.95,0.0000,988.84,0.0000,1772.96
1414,-702.115,335.967,0,279.8,120,3667.17,3637.0,3668.5,3700.0,260.90,160.0,238.0,1.0000,50.00,1.0000,100.00,1.0000,200.00,1.0000,500.00,0.9083,999.91,0.0000,1981.04
1415,-299.144,-726.181,0,49.7,120,5270.06,5246.0,5270.0,5293.0,767.42,537.5,767.5,1.0000,50.00,1.0000,100.00,1.0000,200.00,1.0000,500.00,1.0000,1000.00,0.7167,1999.68
1416,610.101,397.672,0,693.7,120,2098.72,2060.0,2100.0,2131.1,29.17,23.0,28.0,1.0000,50.00,1.0000,100.00,1.0000,200.00,0.6583,499.56,0.0000,968.77,0.0000,1626.92
1417,-18.895,1014.519,0,760.3,120,1486.48,1457.7,1486.0,1517.1,21.27,16.0,21.0,1.0000,50.00,1.0000,100.00,1.0000,200.00,0.0000,495.37,0.0000,905.10,0.0000,1357.53
1418,-601.489,899.007,0,677.9,120,1794.51,1763.6,1796.0,1825.2,31.54,24.0,30.0,1.0000,50.00,1.0000,100.00,1.0000,200.00,0.3917,499.06,0.0000,955.18,0.0000,1555.72
1419,12.627,-945.282,0,52.7,120,4378.00,4343.9,4377.0,4413.1,837.33,528.7,847.5,1.0000,50.00,1.0000,100.00,1.0000,200.00,1.0000,500.00,1.0000,1000.00,0.2000,1998.42
1420,-643.102,-511.567,0,244.7,120,5216.17,5182.7,5217.5,5246.1,353.73,215.8,311.0,1.0000,50.00,1.0000,100.00,1.0000,200.00,1.0000,500.00,1.0000,1000.00,0.2417,1998.43
1421,3.549,-378.050,0,25.5,120,5682.56,5654.9,5681.0,5713.1,843.01,577.9,814.5,1.0000,50.00,1.0000,100.00,1.0000,200.00,1.0000,500.00,1.0000,1000.00,0.9000,1999.89
1422,71.356,109.712,0,90.0,120,4847.05,4812.5,4848.5,4887.0,705.75,453.1,689.0,1.0000,50.00,1.0000,100.00,1.0000,200.00,1.0000,500.00,1.0000,1000.00,0.3000,1998.95
1423,-506.962,641.784,0,403.9,120,2900.76,2863.9,2900.5,2932.1,117.38,79.9,110.5,1.0000,50.00,1.0000,100.00,1.0000,200.00,1.0000,500.00,0.3667,998.97,0.0000,1927.54
1424,-613.962,-343.979,0,175.5,120,5367.70,5335.8,5369.0,5395.2,485.57,300.3,460.0,1.0000,50.00,1.0000,100.00,1.0000,200.00,1.0000,500.00,1.0000,1000.00,0.5833,1999.44
1425,-39.055,630.792,0,387.2,120,3011.88,2977.0,3012.0,3044.1,132.40,86.7,125.0,1.0000,50.00,1.0000,100.00,1.0000,200.00,1.0000,500.00,0.5500,999.42,0.0000,1939.26
1426,421.475,-427.393,0,444.8,120,4532.27,4491.8,4533.0,4570.6,108.10,79.8,100.5,1.0000,50.00,1.0000,100.00,1.0000,200.00,1.0000,500.00,0.9333,999.92,0.0000,1987.64
1427,-787.434,444.771,0,413.3,120,3058.35,3024.9,3055.0,3097.0,117.70,74.9,111.5,1.0000,50.00,1.0000,100.00,1.0000,200.00,1.0000,500.00,0.4167,999.07,0.0000,1931.41
1428,381.491,178.560,0,407.6,120,3756.80,3719.9,3759.5,3795.1,117.06,79.8,109.0,1.0000,50.00,1.0000,100.00,1.0000,200.00,1.0000,500.00,0.7833,999.74,0.0000,1966.40
1429,-450.948,-181.926,0,22.1,120,5527.84,5502.0,5528.0,5556.1,841.38,589.8,826.0,1.0000,50.00,1.0000,100.00,1.0000,200.00,1.0000,500.00,1.0000,1000.00,0.9083,1999.91
1430,288.663,-82.077,0,301.1,120,4819.44,4781.9,4822.0,4858.1,240.11,158.7,225.0,1.0000,50.00,1.0000,100.00,1.0000,200.00,1.0000,500.00,1.0000,1000.00,0.0333,1996.18
1431,-50.889,-297.106,0,31.5,120,5723.10,5701.9,5723.5,5745.2,876.98,586.5,890.0,1.0000,50.00,1.0000,100.00,1.0000,200.00,1.0000,500.00,1.0000,1000.00,0.9500,1999.95
1432,-166.732,275.498,0,9.8,120,4498.70,4468.0,4495.5,4534.2,880.21,576.9,882.0,1.0000,50.00,1.0000,100.00,1.0000,200.00,1.0000,500.00,1.0000,1000.00,0.4333,1999.12
1433,179.225,-170.953,0,194.5,120,5280.00,5248.0,5279.5,5314.2,472.73,266.8,447.5,1.0000,50.00,1.0000,100.00,1.0000,200.00,1.0000,500.00,1.0000,1000.00,0.4667,1999.28
1434,-151.683,1241.701,0,962.6,120,803.58,775.9,802.5,836.1,9.56,7.0,9.0,1.0000,50.00,1.0000,100.00,0.2750,198.91,0.0000,438.29,0.0000,648.91,0.0000,788.66
1435,244.377,915.625,0,766.8,120,1493.62,1459.0,1494.5,1526.2,21.36,17.0,20.0,1.0000,50.00,1.0000,100.00,1.0000,200.00,0.0000,495.44,0.0000,903.38,0.0000,1349.96
1436,371.211,306.681,0,438.2,120,3358.54,3322.9,3361.0,3389.2,108.41,72.0,100.5,1.0000,50.00,1.0000,100.00,1.0000,200.00,1.0000,500.00,0.5083,999.38,0.0000,1941.41
1437,56.800,208.864,0,112.7,120,4537.20,4509.0,4537.0,4568.1,652.94,428.8,649.5,1.0000,50.00,1.0000,100.00,1.0000,200.00,1.0000,500.00,1.0000,1000.00,0.1250,1997.88
1438,-765.169,344.521,0,337.1,120,3460.61,3429.0,3459.5,3497.2,178.89,114.5,174.0,1.0000,50.00,1.0000,100.00,1.0000,200.00,1.0000,500.00,0.8500,999.83,0.0000,1968.03
1439,-655.605,-301.266,0,205.5,120,5249.65,5215.9,5250.0,5285.0,448.56,269.8,418.0,1.0000,50.00,1.0000,100.00,1.0000,200.00,1.0000,500.00,1.0000,1000.00,0.4167,1999.12
1440,-948.014,-237.176,0,473.4,120,4039.57,3995.9,4037.5,4079.0,92.70,65.9,87.5,1.0000,50.00,1.0000,100.00,1.0000,200.00,1.0000,500.00,0.8167,999.79,0.0000,1973.03
1441,-138.115,-521.934,0,111.5,120,5673.06,5650.9,5673.0,5696.0,664.62,413.0,641.5,1.0000,50.00,1.0000,100.00,1.0000,200.00,1.0000,500.00,1.0000,1000.00,0.8750,1999.88
1442,-19.585,490.036,0,266.6,120,3565.26,3530.9,3566.0,3600.1,259.32,170.9,249.0,1.0000,50.00,1.0000,100.00,1.0000,200.00,1.0000,500.00,0.9667,999.97,0.0000,1981.30
1443,-619.504,398.643,0,257.6,120,3633.05,3594.9,3633.0,3673.0,279.84,175.9,266.0,1.0000,50.00,1.0000,100.00,1.0000,200.00,1.0000,500.00,0.9333,999.93,0.0000,1983.00
1444,621.478,411.683,0,709.6,120,2012.27,1984.0,2012.5,2043.0,27.38,21.0,26.0,1.0000,50.00,1.0000,100.00,1.0000,200.00,0.4917,499.25,0.0000,962.01,0.0000,1592.19
1445,-126.946,626.533,0,357.8,120,3101.15,3071.9,3100.0,3131.1,155.78,106.9,148.0,1.0000,50.00,1.0000,100.00,1.0000,200.00,1.0000,500.00,0.6917,999.58,0.0000,1952.23
1446,-98.317,-157.908,0,83.3,120,5619.34,5595.0,5620.0,5641.3,752.88,449.3,766.5,1.0000,50.00,1.0000,100.00,1.0000,200.00,1.0000,500.00,1.0000,1000.00,0.9083,1999.91
1447,-622.129,-489.831,0,219.1,120,5290.97,5261.3,5292.5,5325.4,402.22,245.4,385.0,1.0000,50.00,1.0000,100.00,1.0000,200.00,1.0000,500.00,1.0000,1000.00,0.3000,1998.79
1448,274.343,42.323,0,283.6,120,4562.69,4519.9,4568.0,4600.0,261.51,163.6,236.5,1.0000,50.00,1.0000,100.00,1.0000,200.00,1.0000,500.00,1.0000,1000.00,0.0000,1994.74
1449,54.765,-627.195,0,84.7,120,5304.33,5265.0,5305.0,5338.0,763.05,503.3,737.5,1.0000,50.00,1.0000,100.00,1.0000,200.00,1.0000,500.00,1.0000,1000.00,0.6167,1999.53
1450,175.609,697.577,0,545.0,120,2420.22,2386.0,2417.5,2454.1,61.67,44.9,61.0,1.0000,50.00,1.0000,100.00,1.0000,200.00,0.9583,499.96,0.0000,991.44,0.0000,1802.06
1451,168.889,409.399,0,321.2,120,3578.07,3548.4,3577.5,3613.1,191.56,123.7,172.5,1.0000,50.00,1.0000,100.00,1.0000,200.00,1.0000,500.00,0.8833,999.88,0.0000,1973.03
1452,132.446,-412.454,0,155.5,120,5471.27,5442.9,5471.0,5502.3,570.21,324.8,534.5,1.0000,50.00,1.0000,100.00,1.0000,200.00,1.0000,500.00,1.0000,1000.00,0.6750,1999.57
1453,-904.209,-337.653,0,455.5,120,4296.70,4254.9,4294.5,4348.0,103.08,75.0,97.5,1.0000,50.00,1.0000,100.00,1.0000,200.00,1.0000,500.00,0.9250,999.92,0.0000,1981.63
1454,311.644,1023.806,0,894.1,120,1034.45,1008.7,1035.0,1064.0,12.69,10.0,12.0,1.0000,50.00,1.0000,100.00,0.8417,199.82,0.0000,470.91,0.0000,760.42,0.0000,991.52
1455,-805.686,-357.441,0,364.7,120,4753.59,4712.9,4751.5,4796.1,169.38,112.0,160.0,1.0000,50.00,1.0000,100.00,1.0000,200.00,1.0000,500.00,1.0000,1000.00,0.0000,1993.83
1456,-7.299,-622.719,0,22.5,120,5399.67,5374.9,5399.0,5423.1,902.38,581.7,924.0,1.0000,50.00,1.0000,100.00,1.0000,200.00,1.0000,500.00,1.0000,1000.00,0.7667,1999.74
1457,-589.974,653.303,0,449.0,120,2736.67,2702.7,2738.0,2771.3,93.81,64.9,87.0,1.0000,50.00,1.0000,100.00,1.0000,200.00,1.0000,500.00,0.0917,997.72,0.0000,1897.84
1458,-686.912,-496.921,0,283.6,120,5108.36,5070.9,5111.0,5140.3,268.32,174.9,253.0,1.0000,50.00,1.0000,100.00,1.0000,200.00,1.0000,500.00,1.0000,1000.00,0.0833,1997.43
1459,-824.334,-19.916,0,307.5,120,4293.87,4263.9,4293.0,4326.4,210.40,127.0,201.5,1.0000,50.00,1.0000,100.00,1.0000,200.00,1.0000,500.00,0.9917,999.99,0.0000,1990.37
1460,-237.568,171.811,0,110.0,120,4857.51,4828.9,4859.0,4886.1,811.27,502.4,796.5,1.0000,50.00,1.0000,100.00,1.0000,200.00,1.0000,500.00,1.0000,1000.00,0.7833,1999.76
1461,-316.462,-419.048,0,94.6,120,5755.01,5734.0,5753.0,5775.1,717.78,444.0,713.0,1.0000,50.00,1.0000,100.00,1.0000,200.00,1.0000,500.00,1.0000,1000.00,0.8917,1999.89
1462,-219.259,159.886,0,116.9,120,4897.93,4865.8,4899.5,4932.0,847.06,551.9,825.5,1.0000,50.00,1.0000,100.00,1.0000,200.00,1.0000,500.00,1.0000,1000.00,0.7750,1999.75
1463,206.023,429.011,0,362.1,120,3404.56,3375.0,3406.5,3436.1,151.39,97.0,146.0,1.0000,50.00,1.0000,100.00,1.0000,200.00,1.0000,500.00,0.7000,999.63,0.0000,1960.64
1464,-980.924,-98.450,0,473.2,120,3714.47,3669.9,3718.0,3756.1,88.31,61.8,82.5,1.0000,50.00,1.0000,100.00,1.0000,200.00,1.0000,500.00,0.6000,999.55,0.0000,1956.72
1465,-64.042,812.668,0,553.5,120,2301.57,2268.9,2301.5,2332.2,56.33,40.9,54.5,1.0000,50.00,1.0000,100.00,1.0000,200.00,0.9417,499.93,0.0000,989.62,0.0000,1782.97
1466,505.772,852.621,0,872.2,120,1138.81,1110.9,1138.0,1167.1,14.03,11.0,14.0,1.0000,50.00,1.0000,100.00,0.9250,199.93,0.0000,479.51,0.0000,797.07,0.0000,1072.67
1467,-768.194,-162.723,0,280.8,120,4758.91,4721.7,4761.5,4795.1,272.44,161.6,240.5,1.0000,50.00,1.0000,100.00,1.0000,200.00,1.0000,500.00,1.0000,1000.00,0.0250,1996.08
1468,162.673,-655.482,0,193.4,120,5037.93,5003.8,5038.0,5069.2,466.89,261.7,441.5,1.0000,50.00,1.0000,100.00,1.0000,200.00,1.0000,500.00,1.0000,1000.00,0.2917,1998.89
1469,206.531,945.115,0,774.7,120,1456.68,1419.9,1459.5,1493.1,20.04,16.0,19.5,1.0000,50.00,1.0000,100.00,0.9917,199.99,0.0250,494.70,0.0000,896.70,0.0000,1326.52
1470,91.547,632.183,0,445.0,120,2838.15,2804.9,2841.0,2870.1,92.42,65.0,89.0,1.0000,50.00,1.0000,100.00,1.0000,200.00,1.0000,500.00,0.1750,998.21,0.0000,1906.13
1471,234.921,339.779,0,332.7,120,3677.33,3639.9,3676.0,3709.1,181.03,112.9,171.0,1.0000,50.00,1.0000,100.00,1.0000,200.00,1.0000,500.00,0.9000,999.90,0.0000,1973.83
1472,-113.780,770.794,0,501.6,120,2500.91,2463.9,2504.0,2532.4,70.82,49.0,68.0,1.0000,50.00,1.0000,100.00,1.0000,200.00,0.9750,499.98,0.0167,994.67,0.0000,1845.98
1473,278.539,-170.881,0,293.8,120,4996.00,4960.7,4996.5,5033.0,247.15,166.0,217.5,1.0000,50.00,1.0000,100.00,1.0000,200.00,1.0000,500.00,1.0000,1000.00,0.0250,1997.38
1474,-547.590,-10.878,0,31.5,120,5061.21,5024.9,5062.5,5092.1,841.40,516.6,842.5,1.0000,50.00,1.0000,100.00,1.0000,200.00,1.0000,500.00,1.0000,1000.00,0.6083,1999.50
1475,-558.270,366.399,0,192.5,120,3868.33,3831.8,3870.0,3903.2,409.88,251.9,380.5,1.0000,50.00,1.0000,100.00,1.0000,200.00,1.0000,500.00,0.9917,999.99,0.0000,1991.42
1476,-274.802,36.837,0,241.8,120,5237.33,5206.9,5237.5,5269.0,533.65,339.8,490.5,1.0000,50.00,1.0000,100.00,1.0000,200.00,1.0000,500.00,1.0000,1000.00,0.8917,1999.89
1477,558.167,95.295,0,569.9,120,3177.34,3133.7,3180.5,3220.0,53.96,39.0,50.0,1.0000,50.00,1.0000,100.00,1.0000,200.00,1.0000,500.00,0.0667,997.48,0.0000,1893.00
1478,-442.021,56.717,0,74.9,120,5050.24,5027.0,5048.5,5075.2,880.27,536.5,892.5,1.0000,50.00,1.0000,100.00,1.0000,200.00,1.0000,500.00,1.0000,1000.00,0.7917,1999.77
1479,19.038,-838.943,0,55.7,120,4753.12,4717.8,4755.0,4780.0,832.91,519.0,842.0,1.0000,50.00,1.0000,100.00,1.0000,200.00,1.0000,500.00,1.0000,1000.00,0.5833,1999.44
1480,343.414,1027.483,0,913.5,120,973.75,937.0,974.0,1006.0,12.27,9.0,12.0,1.0000,50.00,1.0000,100.00,0.7417,199.69,0.0000,464.30,0.0000,733.07,0.0000,938.47
1481,456.746,164.389,0,478.4,120,3478.32,3438.8,3482.0,3515.2,84.83,59.0,79.0,1.0000,50.00,1.0000,100.00,1.0000,200.00,1.0000,500.00,0.4667,999.26,0.0000,1939.78
1482,-723.364,-44.414,0,210.3,120,4702.15,4667.7,4702.5,4734.6,379.43,237.7,339.5,1.0000,50.00,1.0000,100.00,1.0000,200.00,1.0000,500.00,1.0000,1000.00,0.0333,1996.96
1483,-760.252,649.531,0,539.3,120,2409.41,2374.7,2407.5,2448.1,59.12,42.0,55.5,1.0000,50.00,1.0000,100.00,1.0000,200.00,0.9833,499.98,0.0000,992.18,0.0000,1807.47
1484,-575.751,1178.622,0,935.9,120,884.37,855.9,882.0,912.2,11.03,9.0,11.0,1.0000,50.00,1.0000,100.00,0.4750,199.32,0.0000,452.66,0.0000,691.74,0.0000,862.78
1485,-171.070,190.961,0,68.5,120,4793.36,4759.8,4792.0,4827.0,923.32,557.8,911.0,1.0000,50.00,1.0000,100.00,1.0000,200.00,1.0000,500.00,1.0000,1000.00,0.7333,1999.68
1486,-349.435,641.153,0,362.8,120,3036.71,3004.0,3037.0,3068.2,154.88,102.6,141.5,1.0000,50.00,1.0000,100.00,1.0000,200.00,1.0000,500.00,0.6333,999.55,0.0000,1948.89
1487,102.054,1135.698,0,910.4,120,968.30,942.8,969.0,995.1,11.76,9.0,11.0,1.0000,50.00,1.0000,100.00,0.8000,199.77,0.0000,464.54,0.0000,732.44,0.0000,937.48
1488,-439.720,160.491,0,35.7,120,4755.94,4721.0,4758.5,4787.0,917.88,595.1,922.5,1.0000,50.00,1.0000,100.00,1.0000,200.00,1.0000,500.00,1.0000,1000.00,0.6083,1999.52
1489,722.103,572.217,0,870.8,120,1235.92,1205.0,1233.0,1265.0,13.90,11.0,13.0,1.0000,50.00,1.0000,100.00,0.9833,199.98,0.0000,484.07,0.0000,821.17,0.0000,1130.90
1490,-264.847,1135.397,0,851.1,120,1158.94,1124.9,1162.5,1186.0,15.21,12.0,15.0,1.0000,50.00,1.0000,100.00,0.9667,199.97,0.0000,482.71,0.0000,813.24,0.0000,1105.35
1491,631.224,374.155,0,704.5,120,2072.96,2033.9,2075.0,2109.7,28.77,22.0,28.0,1.0000,50.00,1.0000,100.00,1.0000,200.00,0.6083,499.45,0.0000,965.82,0.0000,1612.78
1492,-320.017,213.395,0,62.6,120,4685.17,4649.0,4684.5,4717.2,915.02,607.4,922.5,1.0000,50.00,1.0000,100.00,1.0000,200.00,1.0000,500.00,1.0000,1000.00,0.6500,1999.58
1493,305.080,546.782,0,514.3,120,2697.28,2664.9,2695.0,2738.0,66.07,47.9,64.5,1.0000,50.00,1.0000,100.00,1.0000,200.00,1.0000,500.00,0.0083,995.68,0.0000,1857.62
1494,-603.666,-273.735,0,148.4,120,5360.73,5333.9,5363.5,5387.0,581.45,352.6,558.5,1.0000,50.00,1.0000,100.00,1.0000,200.00,1.0000,500.00,1.0000,1000.00,0.6500,1999.58
1495,149.774,-795.207,0,185.0,120,4669.79,4630.0,4673.0,4705.1,481.93,270.9,449.5,1.0000,50.00,1.0000,100.00,1.0000,200.00,1.0000,500.00,1.0000,1000.00,0.1667,1998.29
1496,376.683,779.000,0,731.2,120,1675.97,1644.0,1673.0,1713.0,24.95,19.0,24.0,1.0000,50.00,1.0000,100.00,1.0000,200.00,0.0500,497.68,0.0000,932.73,0.0000,1457.33
1497,-602.948,-202.830,0,130.4,120,5296.52,5258.9,5298.0,5325.0,624.08,381.8,604.5,1.0000,50.00,1.0000,100.00,1.0000,200.00,1.0000,500.00,1.0000,1000.00,0.7000,1999.62
1498,769.547,695.303,0,974.6,120,842.87,815.0,844.5,869.1,9.25,7.0,9.0,1.0000,50.00,1.0000,100.00,0.3833,199.00,0.0000,441.81,0.0000,658.91,0.0000,811.95
1499,298.739,480.516,0,466.4,120,2956.31,2919.7,2957.5,2997.1,88.04,59.0,82.5,1.0000,50.00,1.0000,100.00,1.0000,200.00,0.9917,499.99,0.1583,998.09,0.0000,1903.72
1500,-661.489,957.754,0,755.0,120,1507.93,1472.9,1507.5,1546.0,22.59,17.9,21.0,1.0000,50.00,1.0000,100.00,1.0000,200.00,0.0167,495.51,0.0000,909.50,0.0000,1371.97
1501,300.608,-203.840,0,316.9,120,4968.27,4929.9,4968.0,5003.0,230.01,154.9,219.0,1.0000,50.00,1.0000,100.00,1.0000,200.00,1.0000,500.00,1.0000,1000.00,0.0500,1997.08
1502,121.138,518.613,0,367.8,120,3242.35,3205.7,3244.0,3277.1,156.34,102.9,148.0,1.0000,50.00,1.0000,100.00,1.0000,200.00,1.0000,500.00,0.6167,999.52,0.0000,1953.62
1503,-36.995,-901.954,0,1.8,120,4595.51,4566.0,4592.0,4632.1,866.27,580.2,880.0,1.0000,50.00,1.0000,100.00,1.0000,200.00,1.0000,500.00,1.0000,1000.00,0.4250,1999.07
1504,207.812,516.419,0,423.2,120,3061.11,3023.0,3062.0,3103.2,105.12,71.9,100.0,1.0000,50.00,1.0000,100.00,1.0000,200.00,1.0000,500.00,0.3667,999.06,0.0000,1926.89
1505,-353.289,441.482,0,166.8,120,3837.03,3802.0,3836.5,3870.2,488.07,265.4,463.0,1.0000,50.00,1.0000,100.00,1.0000,200.00,1.0000,500.00,0.9917,999.99,0.0000,1993.21
1506,89.519,-684.575,0,121.2,120,5105.06,5073.9,5108.0,5131.1,633.15,383.6,611.5,1.0000,50.00,1.0000,100.00,1.0000,200.00,1.0000,500.00,1.0000,1000.00,0.5667,1999.45
1507,413.617,106.414,0,427.1,120,3844.02,3797.0,3846.5,3888.4,107.40,76.0,102.0,1.0000,50.00,1.0000,100.00,1.0000,200.00,1.0000,500.00,0.8250,999.83,0.0000,1967.91
1508,-566.953,-331.587,0,126.9,120,5464.82,5438.9,5466.0,5494.3,685.54,400.2,659.0,1.0000,50.00,1.0000,100.00,1.0000,200.00,1.0000,500.00,1.0000,1000.00,0.7250,1999.67
1509,423.756,919.072,0,869.7,120,1130.71,1094.8,1133.0,1170.0,13.90,11.0,13.5,1.0000,50.00,1.0000,100.00,0.8833,199.88,0.0000,479.18,0.0000,797.73,0.0000,1069.72
1510,-635.282,153.676,0,136.6,120,4424.66,4387.9,4424.0,4460.1,561.95,314.9,548.5,1.0000,50.00,1.0000,100.00,1.0000,200.00,1.0000,500.00,0.9917,999.99,0.0333,1997.05
1511,123.527,-631.413,0,153.5,120,5175.42,5142.9,5173.0,5207.1,580.04,338.7,547.5,1.0000,50.00,1.0000,100.00,1.0000,200.00,1.0000,500.00,1.0000,1000.00,0.3750,1999.16
1512,15.316,-854.404,0,52.5,120,4699.97,4668.0,4702.0,4730.0,793.97,532.7,766.0,1.0000,50.00,1.0000,100.00,1.0000,200.00,1.0000,500.00,1.0000,1000.00,0.3333,1999.04
1513,-348.118,-135.501,0,133.2,120,5558.64,5536.9,5557.5,5579.2,626.89,404.5,587.5,1.0000,50.00,1.0000,100.00,1.0000,200.00,1.0000,500.00,1.0000,1000.00,0.9500,1999.95
1514,-1033.275,-302.308,0,572.0,120,3591.03,3551.3,3592.5,3632.2,57.93,40.9,54.0,1.0000,50.00,1.0000,100.00,1.0000,200.00,1.0000,500.00,0.3250,998.93,0.0000,1934.78
1515,-0.770,-255.828,0,17.3,120,5653.73,5626.0,5654.0,5680.1,879.34,543.3,912.0,1.0000,50.00,1.0000,100.00,1.0000,200.00,1.0000,500.00,1.0000,1000.00,0.9417,1999.94
1516,-458.306,-651.137,0,99.6,120,5329.03,5299.9,5328.0,5357.2,744.97,450.1,754.0,1.0000,50.00,1.0000,100.00,1.0000,200.00,1.0000,500.00,1.0000,1000.00,0.4833,1999.24
1517,-59.684,-787.625,0,24.6,120,5013.09,4979.9,5013.0,5052.3,869.96,614.8,874.5,1.0000,50.00,1.0000,100.00,1.0000,200.00,1.0000,500.00,1.0000,1000.00,0.6917,1999.62
1518,-204.389,-588.919,0,161.9,120,5591.61,5563.8,5591.0,5620.0,660.47,424.6,653.0,1.0000,50.00,1.0000,100.00,1.0000,200.00,1.0000,500.00,1.0000,1000.00,0.8417,1999.83
1519,-642.795,363.093,0,249.9,120,3715.65,3679.9,3716.0,3750.0,296.07,178.8,271.5,1.0000,50.00,1.0000,100.00,1.0000,200.00,1.0000,500.00,0.9500,999.95,0.0000,1986.17
1520,110.160,-312.581,0,130.0,120,5532.20,5503.7,5533.0,5561.1,669.42,378.5,672.0,1.0000,50.00,1.0000,100.00,1.0000,200.00,1.0000,500.00,1.0000,1000.00,0.7583,1999.73
1521,-212.735,904.740,0,622.0,120,2007.31,1971.9,2007.5,2042.4,41.20,31.0,40.0,1.0000,50.00,1.0000,100.00,1.0000,200.00,0.7417,499.68,0.0000,974.64,0.0000,1668.70
1522,353.291,-375.981,0,375.0,120,4852.68,4819.9,4853.0,4890.0,155.78,114.6,144.5,1.0000,50.00,1.0000,100.00,1.0000,200.00,1.0000,500.00,0.9833,999.98,0.0000,1994.49
1523,-148.606,1296.988,0,1018.0,120,652.23,627.0,652.0,674.1,8.09,6.0,8.0,1.0000,50.00,0.9667,99.97,0.0417,196.57,0.0000,401.87,0.0000,555.69,0.0000,645.23
1524,-338.195,-25.794,0,169.6,120,5354.48,5331.0,5353.5,5380.1,596.88,352.9,552.5,1.0000,50.00,1.0000,100.00,1.0000,200.00,1.0000,500.00,1.0000,1000.00,0.9083,1999.91
1525,-382.444,126.287,0,101.9,120,4919.75,4889.8,4917.0,4957.4,851.74,510.7,849.0,1.0000,50.00,1.0000,100.00,1.0000,200.00,1.0000,500.00,1.0000,1000.00,0.8083,1999.76
1526,25.205,-733.267,0,58.5,120,5077.56,5043.0,5075.5,5109.0,809.32,511.2,819.5,1.0000,50.00,1.0000,100.00,1.0000,200.00,1.0000,500.00,1.0000,1000.00,0.6917,1999.64
1527,326.288,335.756,0,410.2,120,3410.50,3375.9,3410.0,3449.0,115.09,80.6,108.0,1.0000,50.00,1.0000,100.00,1.0000,200.00,1.0000,500.00,0.6000,999.48,0.0000,1950.48
1528,5.605,1277.848,0,1022.4,120,635.81,608.0,634.5,661.1,7.78,6.0,8.0,1.0000,50.00,0.9500,99.95,0.0083,196.04,0.0000,395.12,0.0000,543.62,0.0000,629.14
1529,-488.498,1226.409,0,963.0,120,802.59,774.9,802.0,835.1,10.28,7.9,10.0,1.0000,50.00,1.0000,100.00,0.3583,199.01,0.0000,437.81,0.0000,648.58,0.0000,787.76
1530,-171.240,229.381,0,34.4,120,4662.45,4624.8,4663.0,4694.2,914.46,618.9,944.5,1.0000,50.00,1.0000,100.00,1.0000,200.00,1.0000,500.00,1.0000,1000.00,0.5750,1999.43
1531,-564.978,255.651,0,121.6,120,4251.48,4219.0,4252.5,4283.1,631.68,380.9,622.5,1.0000,50.00,1.0000,100.00,1.0000,200.00,1.0000,500.00,0.9917,999.99,0.0750,1996.99
1532,-511.815,-450.099,0,102.4,120,5543.76,5520.7,5544.0,5566.0,740.58,413.6,756.5,1.0000,50.00,1.0000,100.00,1.0000,200.00,1.0000,500.00,1.0000,1000.00,0.7500,1999.72
1533,201.572,-383.737,0,223.6,120,5334.87,5310.5,5336.0,5365.0,394.38,223.9,363.0,1.0000,50.00,1.0000,100.00,1.0000,200.00,1.0000,500.00,1.0000,1000.00,0.4250,1999.12
1534,-703.795,-214.306,0,231.0,120,5044.84,5009.9,5044.0,5077.0,361.70,225.7,334.0,1.0000,50.00,1.0000,100.00,1.0000,200.00,1.0000,500.00,1.0000,1000.00,0.1917,1998.48
1535,119.595,950.838,0,743.2,120,1568.77,1538.6,1567.0,1602.4,24.53,18.9,24.0,1.0000,50.00,1.0000,100.00,1.0000,200.00,0.0333,496.93,0.0000,919.95,0.0000,1408.33
1536,420.504,-192.253,0,436.3,120,4462.26,4423.9,4464.5,4498.0,107.92,81.9,101.0,1.0000,50.00,1.0000,100.00,1.0000,200.00,1.0000,500.00,0.9583,999.96,0.0000,1986.32
1537,-865.019,-175.383,0,377.8,120,4376.48,4333.0,4379.5,4416.0,156.80,99.8,147.5,1.0000,50.00,1.0000,100.00,1.0000,200.00,1.0000,500.00,0.9667,999.97,0.0000,1988.27
1538,-213.078,108.503,0,160.8,120,5052.84,5026.0,5053.5,5082.0,706.42,420.8,684.5,1.0000,50.00,1.0000,100.00,1.0000,200.00,1.0000,500.00,1.0000,1000.00,0.8333,1999.83
1539,-997.936,-399.009,0,561.3,120,3776.40,3739.9,3776.0,3815.1,59.52,44.9,56.0,1.0000,50.00,1.0000,100.00,1.0000,200.00,1.0000,500.00,0.5250,999.39,0.0000,1948.95
1540,598.480,441.935,0,701.2,120,2020.89,1984.8,2021.5,2060.0,29.28,22.0,28.0,1.0000,50.00,1.0000,100.00,1.0000,200.00,0.4333,499.23,0.0000,963.27,0.0000,1598.28
1541,504.807,-188.278,0,520.5,120,4036.22,3987.9,4033.5,4083.0,73.13,52.9,69.0,1.0000,50.00,1.0000,100.00,1.0000,200.00,1.0000,500.00,0.7083,999.70,0.0000,1966.04
1542,178.337,714.960,0,561.0,120,2349.52,2318.9,2350.5,2383.1,54.67,37.9,52.5,1.0000,50.00,1.0000,100.00,1.0000,200.00,0.9750,499.98,0.0000,990.03,0.0000,1780.65
1543,441.721,8.465,0,451.2,120,3980.03,3945.0,3980.5,4017.2,102.31,73.0,96.5,1.0000,50.00,1.0000,100.00,1.0000,200.00,1.0000,500.00,0.8083,999.80,0.0000,1969.63
1544,-303.202,1017.774,0,734.3,120,1571.37,1541.8,1573.0,1600.1,25.00,18.0,24.5,1.0000,50.00,1.0000,100.00,1.0000,200.00,0.0833,497.26,0.0000,923.19,0.0000,1421.58
1545,-493.666,1265.098,0,1002.0,120,692.47,663.9,694.0,717.1,8.78,7.0,8.0,1.0000,50.00,0.9750,99.97,0.0583,197.42,0.0000,412.38,0.0000,580.82,0.0000,683.60
1546,317.439,344.722,0,406.6,120,3411.61,3378.6,3410.5,3451.4,116.38,77.9,106.5,1.0000,50.00,1.0000,100.00,1.0000,200.00,1.0000,500.00,0.5750,999.47,0.0000,1951.86
1547,456.413,894.194,0,870.7,120,1133.91,1097.9,1137.0,1166.0,14.47,11.0,14.0,1.0000,50.00,1.0000,100.00,0.9500,199.95,0.0000,478.91,0.0000,795.62,0.0000,1070.42
1548,-10.887,984.289,0,733.0,120,1593.93,1568.8,1594.0,1627.2,25.84,19.0,25.0,1.0000,50.00,1.0000,100.00,1.0000,200.00,0.1083,497.42,0.0000,927.08,0.0000,1431.09
1549,-822.819,8.226,0,304.2,120,4236.69,4202.9,4236.5,4275.1,227.17,136.7,200.5,1.0000,50.00,1.0000,100.00,1.0000,200.00,1.0000,500.00,0.9667,999.97,0.0000,1989.40
1550,-151.628,1217.719,0,938.8,120,876.26,846.0,878.0,904.2,10.57,8.9,10.0,1.0000,50.00,1.0000,100.00,0.5083,199.35,0.0000,451.08,0.0000,687.48,0.0000,855.03
1551,-26.872,396.746,0,182.4,120,3950.01,3913.9,3952.5,3983.1,461.51,249.7,429.5,1.0000,50.00,1.0000,100.00,1.0000,200.00,1.0000,500.00,0.9917,999.99,0.0000,1992.85
1552,-376.448,-195.637,0,91.0,120,5624.84,5599.0,5627.5,5647.1,783.18,512.5,778.5,1.0000,50.00,1.0000,100.00,1.0000,200.00,1.0000,500.00,1.0000,1000.00,0.9583,1999.96
1553,450.140,81.170,0,461.1,120,3745.77,3703.0,3744.5,3781.2,93.30,66.0,91.5,1.0000,50.00,1.0000,100.00,1.0000,200.00,1.0000,500.00,0.7583,999.73,0.0000,1958.63
1554,139.851,949.140,0,749.6,120,1541.21,1507.0,1539.5,1580.2,23.06,17.0,21.0,1.0000,50.00,1.0000,100.00,1.0000,200.00,0.0250,496.39,0.0000,912.07,0.0000,1387.03
1555,-444.219,50.795,0,73.5,120,5065.40,5040.0,5066.0,5094.0,865.66,548.1,856.0,1.0000,50.00,1.0000,100.00,1.0000,200.00,1.0000,500.00,1.0000,1000.00,0.8083,1999.79
1556,-469.400,555.305,0,309.7,120,3282.05,3246.8,3277.5,3326.3,204.52,134.8,182.0,1.0000,50.00,1.0000,100.00,1.0000,200.00,1.0000,500.00,0.8333,999.81,0.0000,1969.43
1557,-460.561,1262.572,0,993.9,120,716.98,692.8,717.0,740.3,8.62,7.0,9.0,1.0000,50.00,0.9833,99.98,0.1083,197.78,0.0000,418.43,0.0000,596.11,0.0000,707.43
1558,-536.423,1077.116,0,827.7,120,1235.65,1196.9,1235.5,1273.0,17.06,13.0,16.0,1.0000,50.00,1.0000,100.00,0.9667,199.97,0.0000,487.62,0.0000,840.00,0.0000,1168.22
1559,35.189,-815.744,0,71.1,120,4806.70,4777.0,4804.5,4837.3,792.13,494.4,810.0,1.0000,50.00,1.0000,100.00,1.0000,200.00,1.0000,500.00,1.0000,1000.00,0.5833,1999.42
1560,638.622,121.661,0,652.5,120,2687.71,2636.7,2688.0,2737.2,36.10,27.0,34.0,1.0000,50.00,1.0000,100.00,1.0000,200.00,0.9500,499.95,0.0000,990.12,0.0000,1790.17
1561,218.666,-124.687,0,232.5,120,5109.19,5075.6,5109.0,5143.0,369.34,223.1,329.0,1.0000,50.00,1.0000,100.00,1.0000,200.00,1.0000,500.00,1.0000,1000.00,0.2750,1998.72
1562,59.237,990.310,0,759.0,120,1505.04,1466.8,1503.5,1542.5,22.18,17.0,21.0,1.0000,50.00,1.0000,100.00,1.0000,200.00,0.0083,495.75,0.0000,908.79,0.0000,1366.89
1563,-64.636,462.310,0,221.8,120,3726.47,3690.9,3727.0,3760.1,352.39,217.7,326.0,1.0000,50.00,1.0000,100.00,1.0000,200.00,1.0000,500.00,1.0000,1000.00,0.0000,1988.20
1564,-230.892,-275.315,0,212.1,120,5763.12,5742.9,5763.0,5784.0,487.92,318.4,472.0,1.0000,50.00,1.0000,100.00,1.0000,200.00,1.0000,500.00,1.0000,1000.00,0.9500,1999.95
1565,-490.357,-67.938,0,11.7,120,5280.68,5253.9,5280.5,5308.1,882.49,591.5,879.0,1.0000,50.00,1.0000,100.00,1.0000,200.00,1.0000,500.00,1.0000,1000.00,0.8083,1999.80
1566,-556.314,1247.746,0,998.0,120,701.64,675.9,702.5,728.1,8.92,7.0,9.0,1.0000,50.00,0.9833,99.98,0.0500,197.57,0.0000,414.55,0.0000,586.49,0.0000,692.44
1567,-281.493,401.019,0,117.2,120,4025.76,3988.8,4028.0,4056.0,637.75,413.8,618.0,1.0000,50.00,1.0000,100.00,1.0000,200.00,1.0000,500.00,1.0000,1000.00,0.0250,1996.00
1568,-362.858,-335.709,0,70.0,120,5731.75,5707.8,5733.0,5754.0,818.12,572.6,800.5,1.0000,50.00,1.0000,100.00,1.0000,200.00,1.0000,500.00,1.0000,1000.00,0.9583,1999.96
1569,-581.313,276.058,0,147.0,120,4146.11,4117.7,4147.0,4178.1,534.11,330.5,517.0,1.0000,50.00,1.0000,100.00,1.0000,200.00,1.0000,500.00,0.9917,999.99,0.0167,1995.85
1570,270.081,-161.203,0,285.0,120,5015.23,4987.0,5013.5,5049.0,254.41,162.7,242.5,1.0000,50.00,1.0000,100.00,1.0000,200.00,1.0000,500.00,1.0000,1000.00,0.1167,1997.81
1571,-923.759,-397.552,0,489.0,120,4188.37,4146.9,4189.5,4222.0,88.15,62.9,84.0,1.0000,50.00,1.0000,100.00,1.0000,200.00,1.0000,500.00,0.8833,999.88,0.0000,1975.42
1572,-21.163,136.296,0,10.5,120,4881.02,4846.9,4885.0,4912.1,854.77,521.7,853.0,1.0000,50.00,1.0000,100.00,1.0000,200.00,1.0000,500.00,1.0000,1000.00,0.6083,1999.47
1573,224.096,1039.733,0,867.2,120,1121.75,1084.9,1123.5,1155.0,13.82,10.0,13.0,1.0000,50.00,1.0000,100.00,0.9167,199.92,0.0000,479.23,0.0000,796.23,0.0000,1067.31
1574,616.771,157.597,0,635.2,120,2709.65,2675.9,2707.0,2749.1,38.42,29.0,38.0,1.0000,50.00,1.0000,100.00,1.0000,200.00,0.9417,499.93,0.0000,990.76,0.0000,1801.92
1575,-659.839,735.579,0,554.6,120,2305.97,2272.0,2308.5,2338.1,54.82,39.8,54.5,1.0000,50.00,1.0000,100.00,1.0000,200.00,0.9583,499.96,0.0000,989.60,0.0000,1781.13
1576,-2.762,604.812,0,377.1,120,3080.15,3042.0,3082.5,3115.1,144.22,92.8,135.5,1.0000,50.00,1.0000,100.00,1.0000,200.00,1.0000,500.00,0.5833,999.47,0.0000,1945.33
1577,-212.389,1025.993,0,743.1,120,1543.95,1512.9,1544.5,1572.1,25.40,19.0,24.0,1.0000,50.00,1.0000,100.00,1.0000,200.00,0.0417,496.48,0.0000,917.30,0.0000,1400.12
1578,-726.367,530.164,0,426.7,120,2915.32,2885.0,2915.5,2945.6,108.86,71.0,101.0,1.0000,50.00,1.0000,100.00,1.0000,200.00,1.0000,500.00,0.2667,998.65,0.0000,1918.95
1579,-345.950,843.075,0,562.9,120,2233.80,2200.0,2231.0,2275.1,52.48,40.0,50.0,1.0000,50.00,1.0000,100.00,1.0000,200.00,0.9167,499.92,0.0000,987.13,0.0000,1766.49
1580,-502.466,-72.343,0,1.4,120,5272.81,5245.9,5272.5,5301.1,856.29,551.0,850.0,1.0000,50.00,1.0000,100.00,1.0000,200.00,1.0000,500.00,1.0000,1000.00,0.8000,1999.78
1581,-140.285,71.008,0,124.3,120,5154.86,5124.0,5157.0,5183.0,798.35,495.8,766.5,1.0000,50.00,1.0000,100.00,1.0000,200.00,1.0000,500.00,1.0000,1000.00,0.8833,1999.88
1582,-592.270,-601.818,0,217.4,120,5200.29,5165.8,5202.5,5236.0,412.78,252.1,369.0,1.0000,50.00,1.0000,100.00,1.0000,200.00,1.0000,500.00,1.0000,1000.00,0.2167,1998.47
1583,337.880,-63.608,0,349.7,120,4598.91,4564.9,4593.0,4641.1,177.97,121.0,162.0,1.0000,50.00,1.0000,100.00,1.0000,200.00,1.0000,500.00,0.9833,999.98,0.0000,1992.57
1584,97.103,756.958,0,557.4,120,2328.03,2296.9,2326.0,2361.1,55.62,39.0,54.0,1.0000,50.00,1.0000,100.00,1.0000,200.00,0.9667,499.97,0.0000,989.75,0.0000,1782.51
1585,-238.320,680.783,0,397.0,120,2909.64,2877.8,2907.0,2943.1,118.87,84.0,112.0,1.0000,50.00,1.0000,100.00,1.0000,200.00,1.0000,500.00,0.3750,999.01,0.0000,1932.17
1586,475.147,221.503,0,508.8,120,3220.10,3182.8,3220.0,3256.0,71.15,49.0,68.5,1.0000,50.00,1.0000,100.00,1.0000,200.00,1.0000,500.00,0.1583,998.26,0.0000,1912.28
1587,-487.552,-338.706,0,51.7,120,5603.30,5580.0,5600.5,5632.1,849.37,550.6,853.0,1.0000,50.00,1.0000,100.00,1.0000,200.00,1.0000,500.00,1.0000,1000.00,0.8250,1999.81
1588,137.687,-716.968,0,170.4,120,4926.32,4894.0,4927.5,4955.1,537.01,296.5,524.0,1.0000,50.00,1.0000,100.00,1.0000,200.00,1.0000,500.00,1.0000,1000.00,0.2417,1998.58
1589,-117.662,-670.353,0,86.3,120,5390.31,5356.9,5388.0,5421.0,711.56,425.8,689.5,1.0000,50.00,1.0000,100.00,1.0000,200.00,1.0000,500.00,1.0000,1000.00,0.7333,1999.70
1590,-861.306,304.910,0,402.8,120,3275.99,3242.9,3276.5,3308.1,126.38,79.9,115.5,1.0000,50.00,1.0000,100.00,1.0000,200.00,1.0000,500.00,0.5917,999.46,0.0000,1946.14
1591,-882.629,235.191,0,397.0,120,3408.47,3369.9,3411.0,3449.1,128.56,84.0,120.0,1.0000,50.00,1.0000,100.00,1.0000,200.00,1.0000,500.00,0.6667,999.58,0.0000,1952.26
1592,240.738,156.436,0,265.6,120,4317.38,4281.9,4318.0,4353.3,254.15,167.6,238.0,1.0000,50.00,1.0000,100.00,1.0000,200.00,1.0000,500.00,0.9833,999.98,0.0000,1992.03
1593,799.008,836.273,0,1079.7,120,527.58,505.9,527.5,552.2,6.55,5.0,6.0,1.0000,50.00,0.8333,99.83,0.0000,191.40,0.0000,356.18,0.0000,463.29,0.0000,520.73
1594,-505.314,451.180,0,231.0,120,3635.17,3603.8,3635.5,3666.1,335.01,196.9,324.5,1.0000,50.00,1.0000,100.00,1.0000,200.00,1.0000,500.00,0.9750,999.98,0.0000,1986.54
1595,285.791,422.503,0,421.0,120,3217.08,3176.0,3219.0,3257.3,112.78,72.9,106.5,1.0000,50.00,1.0000,100.00,1.0000,200.00,1.0000,500.00,0.4917,999.17,0.0000,1937.39
1596,83.087,1003.618,0,779.3,120,1431.23,1397.0,1431.5,1463.3,20.05,15.9,20.0,1.0000,50.00,1.0000,100.00,1.0000,200.00,0.0083,494.43,0.0000,891.19,0.0000,1313.95
1597,-208.157,-646.614,0,146.0,120,5474.39,5446.0,5475.5,5499.1,664.83,416.9,641.5,1.0000,50.00,1.0000,100.00,1.0000,200.00,1.0000,500.00,1.0000,1000.00,0.7750,1999.74
1598,-189.517,626.074,0,346.4,120,3128.25,3094.9,3130.0,3161.0,161.34,102.0,150.0,1.0000,50.00,1.0000,100.00,1.0000,200.00,1.0000,500.00,0.6750,999.58,0.0000,1957.15
1599,170.563,221.623,0,220.3,120,4278.03,4242.8,4277.5,4311.0,352.93,217.8,336.5,1.0000,50.00,1.0000,100.00,1.0000,200.00,1.0000,500.00,0.9917,999.99,0.0000,1993.30
1600,-328.413,-269.358,0,119.6,120,5722.36,5699.8,5720.5,5748.2,704.12,435.9,706.0,1.0000,50.00,1.0000,100.00,1.0000,200.00,1.0000,500.00,1.0000,1000.00,0.9500,1999.95
1601,-249.048,695.688,0,411.6,120,2847.28,2811.8,2846.0,2886.3,119.42,81.8,111.0,1.0000,50.00,1.0000,100.00,1.0000,200.00,1.0000,500.00,0.2917,998.74,0.0000,1922.66
1602,-582.137,467.726,0,286.7,120,3446.84,3414.9,3448.0,3479.2,254.35,154.0,235.5,1.0000,50.00,1.0000,100.00,1.0000,200.00,1.0000,500.00,0.8917,999.89,0.0000,1977.06
1603,251.797,349.304,0,352.1,120,3592.00,3555.8,3589.0,3628.4,156.94,101.0,143.5,1.0000,50.00,1.0000,100.00,1.0000,200.00,1.0000,500.00,0.8917,999.88,0.0000,1968.67
1604,-502.169,386.460,0,174.3,120,3888.57,3859.8,3889.0,3921.2,473.93,271.8,442.0,1.0000,50.00,1.0000,100.00,1.0000,200.00,1.0000,500.00,1.0000,1000.00,0.0000,1992.95
1605,-389.989,-631.113,0,28.4,120,5443.72,5409.6,5443.5,5474.1,848.21,497.8,854.0,1.0000,50.00,1.0000,100.00,1.0000,200.00,1.0000,500.00,1.0000,1000.00,0.6750,1999.61
1606,-801.715,351.710,0,372.0,120,3322.45,3287.8,3320.5,3359.2,139.90,92.0,136.0,1.0000,50.00,1.0000,100.00,1.0000,200.00,1.0000,500.00,0.6833,999.61,0.0000,1955.72
1607,-128.996,826.253,0,553.3,120,2288.51,2262.0,2289.0,2316.1,57.10,42.0,54.0,1.0000,50.00,1.0000,100.00,1.0000,200.00,0.9417,499.94,0.0000,990.12,0.0000,1782.10
1608,-687.942,424.094,0,324.3,120,3390.93,3356.8,3392.0,3425.2,188.06,117.6,171.5,1.0000,50.00,1.0000,100.00,1.0000,200.00,1.0000,500.00,0.8583,999.85,0.0000,1968.01
1609,304.304,-183.249,0,319.9,120,4933.15,4889.0,4932.5,4971.1,217.14,146.0,197.5,1.0000,50.00,1.0000,100.00,1.0000,200.00,1.0000,500.00,1.0000,1000.00,0.0250,1996.55
1610,855.516,753.100,0,1078.2,120,543.60,517.8,542.5,568.1,6.40,5.0,6.0,1.0000,50.00,0.8583,99.84,0.0000,192.12,0.0000,360.64,0.0000,473.52,0.0000,535.44
1611,-537.102,839.566,0,600.1,120,2099.31,2069.7,2099.0,2131.4,45.73,33.0,44.0,1.0000,50.00,1.0000,100.00,1.0000,200.00,0.8583,499.85,0.0000,980.00,0.0000,1708.22
1612,620.776,425.505,0,714.5,120,1979.45,1946.0,1977.0,2019.1,27.55,20.9,26.0,1.0000,50.00,1.0000,100.00,1.0000,200.00,0.4500,499.20,0.0000,958.45,0.0000,1576.32
1613,98.479,-12.082,0,108.7,120,5135.92,5104.0,5135.0,5173.2,702.02,395.0,720.5,1.0000,50.00,1.0000,100.00,1.0000,200.00,1.0000,500.00,1.0000,1000.00,0.5833,1999.42
1614,84.783,-408.306,0,107.7,120,5560.25,5533.0,5562.0,5586.1,687.38,420.8,691.5,1.0000,50.00,1.0000,100.00,1.0000,200.00,1.0000,500.00,1.0000,1000.00,0.8083,1999.76
1615,-1067.925,-288.275,0,602.2,120,3388.01,3351.0,3386.5,3431.1,49.37,37.9,48.0,1.0000,50.00,1.0000,100.00,1.0000,200.00,0.9750,499.98,0.1500,997.99,0.0000,1910.86
1616,543.689,111.167,0,556.9,120,3208.68,3165.9,3207.5,3252.3,58.03,40.0,57.0,1.0000,50.00,1.0000,100.00,1.0000,200.00,1.0000,500.00,0.1000,997.74,0.0000,1898.17
1617,51.332,-77.181,0,63.7,120,5354.79,5324.8,5355.0,5383.1,792.67,493.0,837.0,1.0000,50.00,1.0000,100.00,1.0000,200.00,1.0000,500.00,1.0000,1000.00,0.8000,1999.78
1618,-316.728,1.176,0,197.0,120,5306.48,5281.8,5308.0,5334.1,545.93,333.4,492.5,1.0000,50.00,1.0000,100.00,1.0000,200.00,1.0000,500.00,1.0000,1000.00,0.9083,1999.91
1619,586.189,564.475,0,749.7,120,1713.85,1677.8,1713.5,1750.2,23.88,18.0,23.0,1.0000,50.00,1.0000,100.00,1.0000,200.00,0.0917,497.72,0.0000,931.21,0.0000,1453.40
1620,560.867,139.221,0,577.3,120,3044.54,3008.8,3047.0,3086.2,52.91,40.0,51.5,1.0000,50.00,1.0000,100.00,1.0000,200.00,0.9917,499.99,0.0000,996.08,0.0000,1874.74
1621,-154.670,-609.802,0,125.2,120,5535.81,5507.9,5536.5,5564.0,698.76,477.4,664.0,1.0000,50.00,1.0000,100.00,1.0000,200.00,1.0000,500.00,1.0000,1000.00,0.8833,1999.87
1622,559.134,402.258,0,648.8,120,2290.46,2257.8,2288.0,2321.1,36.40,26.0,35.0,1.0000,50.00,1.0000,100.00,1.0000,200.00,0.7667,499.76,0.0000,981.11,0.0000,1704.88
1623,-637.455,647.505,0,467.3,120,2673.18,2638.9,2670.5,2707.1,86.59,58.0,79.5,1.0000,50.00,1.0000,100.00,1.0000,200.00,0.9917,499.99,0.0667,997.23,0.0000,1883.48
1624,-688.210,175.084,0,193.6,120,4229.11,4197.9,4227.5,4264.3,433.70,246.4,414.5,1.0000,50.00,1.0000,100.00,1.0000,200.00,1.0000,500.00,1.0000,1000.00,0.0000,1994.22
1625,-379.710,1003.909,0,726.5,120,1602.27,1572.0,1599.5,1635.0,25.25,19.0,24.0,1.0000,50.00,1.0000,100.00,0.9917,199.99,0.0667,497.38,0.0000,927.79,0.0000,1440.51
1626,19.466,-614.823,0,49.0,120,5382.10,5354.9,5382.5,5410.3,804.38,540.0,772.5,1.0000,50.00,1.0000,100.00,1.0000,200.00,1.0000,500.00,1.0000,1000.00,0.7583,1999.71
1627,-59.858,840.360,0,581.4,120,2182.84,2149.9,2185.5,2214.1,49.09,35.0,46.0,1.0000,50.00,1.0000,100.00,1.0000,200.00,0.9083,499.91,0.0000,984.42,0.0000,1738.91
1628,489.851,945.389,0,931.5,120,927.90,898.9,927.5,960.2,10.83,9.0,10.0,1.0000,50.00,1.0000,100.00,0.6750,199.57,0.0000,457.52,0.0000,708.45,0.0000,895.16
1629,-812.579,205.750,0,321.3,120,3746.76,3712.0,3744.0,3787.1,202.35,127.9,186.0,1.0000,50.00,1.0000,100.00,1.0000,200.00,1.0000,500.00,0.9333,999.92,0.0000,1978.30
1630,-528.760,-278.716,0,77.0,120,5513.75,5479.9,5515.0,5544.1,787.23,486.5,810.0,1.0000,50.00,1.0000,100.00,1.0000,200.00,1.0000,500.00,1.0000,1000.00,0.8000,1999.80
1631,-602.353,-147.092,0,116.2,120,5217.85,5182.2,5219.5,5249.1,659.57,399.9,629.5,1.0000,50.00,1.0000,100.00,1.0000,200.00,1.0000,500.00,1.0000,1000.00,0.6083,1999.56
1632,11.331,-169.589,0,26.7,120,5555.59,5522.0,5559.0,5586.0,840.18,542.0,849.0,1.0000,50.00,1.0000,100.00,1.0000,200.00,1.0000,500.00,1.0000,1000.00,0.8917,1999.89
1633,497.621,163.940,0,518.5,120,3290.44,3250.9,3289.0,3328.1,71.32,50.0,65.0,1.0000,50.00,1.0000,100.00,1.0000,200.00,0.9833,499.98,0.2167,998.52,0.0000,1915.37
1634,-604.803,-589.706,0,226.6,120,5195.92,5158.8,5198.0,5232.1,411.35,241.0,385.0,1.0000,50.00,1.0000,100.00,1.0000,200.00,1.0000,500.00,1.0000,1000.00,0.2500,1998.47
1635,-167.345,1307.858,0,1027.2,120,627.02,604.7,628.5,648.1,7.77,6.0,7.5,1.0000,50.00,0.9750,99.97,0.0083,195.77,0.0000,393.85,0.0000,538.80,0.0000,620.74
1636,-263.776,67.207,0,217.1,120,5160.83,5134.9,5161.0,5186.1,560.71,359.9,523.5,1.0000,50.00,1.0000,100.00,1.0000,200.00,1.0000,500.00,1.0000,1000.00,0.8333,1999.83
1637,263.563,119.033,0,280.3,120,4367.60,4327.9,4366.0,4402.8,243.81,147.8,227.0,1.0000,50.00,1.0000,100.00,1.0000,200.00,1.0000,500.00,0.9917,999.99,0.0000,1991.94
1638,-379.722,-544.848,0,2.6,120,5603.48,5575.9,5605.0,5631.0,862.70,555.8,880.5,1.0000,50.00,1.0000,100.00,1.0000,200.00,1.0000,500.00,1.0000,1000.00,0.7667,1999.77
1639,627.315,414.551,0,716.1,120,1977.12,1933.8,1976.5,2016.5,26.86,20.0,26.0,1.0000,50.00,1.0000,100.00,1.0000,200.00,0.3750,499.10,0.0000,958.57,0.0000,1573.41
1640,-955.169,-515.584,0,548.3,120,3921.09,3872.5,3924.0,3968.2,64.79,48.0,60.0,1.0000,50.00,1.0000,100.00,1.0000,200.00,1.0000,500.00,0.6250,999.58,0.0000,1957.25
1641,365.783,-27.568,0,376.4,120,4403.57,4364.0,4400.5,4443.2,152.10,104.7,147.0,1.0000,50.00,1.0000,100.00,1.0000,200.00,1.0000,500.00,0.9667,999.97,0.0000,1988.88
1642,-519.287,-425.222,0,103.6,120,5548.21,5518.9,5547.0,5580.1,726.51,470.7,671.5,1.0000,50.00,1.0000,100.00,1.0000,200.00,1.0000,500.00,1.0000,1000.00,0.7083,1999.67
1643,293.447,-41.473,0,304.5,120,4708.88,4671.9,4711.0,4749.0,229.57,144.8,213.0,1.0000,50.00,1.0000,100.00,1.0000,200.00,1.0000,500.00,0.9917,999.99,0.0083,1994.68
1644,-459.144,533.542,0,285.7,120,3378.86,3347.0,3376.0,3410.4,231.14,139.7,219.5,1.0000,50.00,1.0000,100.00,1.0000,200.00,1.0000,500.00,0.9250,999.92,0.0000,1975.19
1645,-685.402,127.614,0,177.7,120,4377.74,4345.0,4377.0,4414.0,451.24,289.4,409.5,1.0000,50.00,1.0000,100.00,1.0000,200.00,1.0000,500.00,1.0000,1000.00,0.0417,1996.40
1646,-24.396,656.054,0,416.0,120,2897.89,2862.0,2900.0,2940.0,111.52,75.0,108.0,1.0000,50.00,1.0000,100.00,1.0000,200.00,1.0000,500.00,0.3083,998.83,0.0000,1922.81
1647,-405.040,749.596,0,479.0,120,2571.87,2536.0,2576.0,2604.0,81.40,55.9,76.0,1.0000,50.00,1.0000,100.00,1.0000,200.00,0.9917,499.99,0.0333,996.52,0.0000,1869.06
1648,-756.258,472.783,0,407.6,120,3044.14,3012.8,3040.5,3077.3,111.87,78.8,111.0,1.0000,50.00,1.0000,100.00,1.0000,200.00,1.0000,500.00,0.3750,999.11,0.0000,1932.66
1649,-350.815,574.531,0,297.1,120,3308.32,3272.7,3305.0,3345.1,226.40,139.8,204.0,1.0000,50.00,1.0000,100.00,1.0000,200.00,1.0000,500.00,0.8750,999.86,0.0000,1971.63
1650,82.978,-735.348,0,116.3,120,4984.04,4944.8,4981.0,5022.0,708.24,415.8,675.5,1.0000,50.00,1.0000,100.00,1.0000,200.00,1.0000,500.00,1.0000,1000.00,0.4917,1999.36
1651,-820.101,211.227,0,330.1,120,3709.10,3676.8,3708.0,3741.5,195.10,129.0,181.0,1.0000,50.00,1.0000,100.00,1.0000,200.00,1.0000,500.00,0.9417,999.93,0.0000,1975.64
1652,339.949,-433.936,0,363.5,120,4867.54,4837.0,4870.0,4903.1,170.88,105.0,158.0,1.0000,50.00,1.0000,100.00,1.0000,200.00,1.0000,500.00,1.0000,1000.00,0.0083,1995.45
1653,609.866,619.818,0,799.8,120,1483.53,1449.7,1485.5,1516.1,18.66,14.0,18.0,1.0000,50.00,1.0000,100.00,1.0000,200.00,0.0167,493.98,0.0000,889.94,0.0000,1313.19
1654,145.130,-655.554,0,175.9,120,5070.79,5041.9,5073.0,5104.1,489.02,302.9,462.5,1.0000,50.00,1.0000,100.00,1.0000,200.00,1.0000,500.00,1.0000,1000.00,0.3417,1998.96
1655,-575.501,53.559,0,57.5,120,4848.52,4813.0,4849.0,4888.0,814.89,518.4,816.0,1.0000,50.00,1.0000,100.00,1.0000,200.00,1.0000,500.00,1.0000,1000.00,0.5250,1999.30
1656,411.008,303.734,0,473.8,120,3212.82,3174.9,3213.0,3251.1,81.85,58.9,81.5,1.0000,50.00,1.0000,100.00,1.0000,200.00,1.0000,500.00,0.2917,998.81,0.0000,1921.76
1657,-914.008,-492.970,0,502.9,120,4171.10,4132.9,4172.5,4210.1,79.30,63.0,77.0,1.0000,50.00,1.0000,100.00,1.0000,200.00,1.0000,500.00,0.8833,999.88,0.0000,1973.82
1658,196.559,1097.076,0,907.9,120,978.70,941.8,980.5,1010.1,12.54,9.9,12.0,1.0000,50.00,1.0000,100.00,0.8000,199.80,0.0000,466.07,0.0000,736.37,0.0000,945.16
1659,-948.802,-479.661,0,533.4,120,3998.36,3956.4,3998.5,4044.0,73.28,50.0,69.0,1.0000,50.00,1.0000,100.00,1.0000,200.00,1.0000,500.00,0.7250,999.67,0.0000,1963.06
1660,70.868,-106.968,0,84.2,120,5382.29,5352.9,5384.0,5407.1,776.73,459.8,772.0,1.0000,50.00,1.0000,100.00,1.0000,200.00,1.0000,500.00,1.0000,1000.00,0.7583,1999.72
1661,-545.067,547.101,0,334.2,120,3212.77,3182.0,3214.0,3247.0,176.14,109.9,165.0,1.0000,50.00,1.0000,100.00,1.0000,200.00,1.0000,500.00,0.6333,999.53,0.0000,1961.86
1662,-815.986,-445.070,0,396.1,120,4669.60,4630.7,4670.0,4706.1,143.07,95.9,134.0,1.0000,50.00,1.0000,100.00,1.0000,200.00,1.0000,500.00,0.9750,999.98,0.0000,1991.49
1663,-758.808,568.136,0,476.6,120,2700.31,2668.6,2700.0,2738.1,86.70,57.9,80.5,1.0000,50.00,1.0000,100.00,1.0000,200.00,0.9667,499.97,0.0583,996.86,0.0000,1879.83
1664,-58.456,1277.100,0,1009.7,120,674.92,650.0,674.0,699.0,8.50,7.0,8.0,1.0000,50.00,0.9667,99.97,0.0583,197.11,0.0000,408.83,0.0000,569.53,0.0000,666.66
1665,-431.446,-1.029,0,84.8,120,5215.43,5188.0,5215.0,5243.1,804.45,506.9,780.0,1.0000,50.00,1.0000,100.00,1.0000,200.00,1.0000,500.00,1.0000,1000.00,0.8417,1999.83
1666,-452.943,761.436,0,501.1,120,2488.96,2455.9,2482.0,2532.1,76.76,52.0,73.0,1.0000,50.00,1.0000,100.00,1.0000,200.00,0.9500,499.95,0.0083,994.77,0.0000,1846.35
1667,-159.549,-516.386,0,133.1,120,5688.28,5657.0,5690.0,5714.1,621.41,425.7,578.0,1.0000,50.00,1.0000,100.00,1.0000,200.00,1.0000,500.00,1.0000,1000.00,0.8333,1999.81
1668,-246.796,711.653,0,427.6,120,2782.61,2748.8,2782.5,2816.0,104.14,67.9,98.5,1.0000,50.00,1.0000,100.00,1.0000,200.00,1.0000,500.00,0.2167,998.34,0.0000,1912.25
1669,550.462,67.550,0,560.5,120,3285.57,3242.9,3288.5,3324.1,58.76,41.0,56.0,1.0000,50.00,1.0000,100.00,1.0000,200.00,1.0000,500.00,0.1417,997.93,0.0000,1905.12
1670,-150.734,-386.320,0,128.4,120,5778.39,5757.7,5778.5,5801.0,641.19,410.8,612.0,1.0000,50.00,1.0000,100.00,1.0000,200.00,1.0000,500.00,1.0000,1000.00,0.9750,1999.97
1671,521.472,269.985,0,566.6,120,2853.60,2809.9,2855.0,2899.2,51.48,39.0,49.0,1.0000,50.00,1.0000,100.00,1.0000,200.00,1.0000,500.00,0.0083,995.20,0.0000,1851.62
1672,-631.573,-293.717,0,180.3,120,5306.22,5275.9,5305.5,5333.5,526.65,305.4,492.5,1.0000,50.00,1.0000,100.00,1.0000,200.00,1.0000,500.00,1.0000,1000.00,0.5000,1999.32
1673,311.535,-318.343,0,331.4,120,5009.45,4976.9,5009.0,5045.1,202.44,134.9,192.0,1.0000,50.00,1.0000,100.00,1.0000,200.00,1.0000,500.00,1.0000,1000.00,0.0500,1996.98
1674,-859.093,106.528,0,345.1,120,3852.88,3812.3,3851.0,3894.1,163.17,108.0,153.5,1.0000,50.00,1.0000,100.00,1.0000,200.00,1.0000,500.00,0.8917,999.89,0.0000,1977.90
1675,-561.682,-38.879,0,50.4,120,5098.36,5074.0,5097.0,5128.2,792.30,525.7,778.5,1.0000,50.00,1.0000,100.00,1.0000,200.00,1.0000,500.00,1.0000,1000.00,0.7333,1999.62
1676,-421.948,1201.383,0,927.7,120,908.92,882.9,910.5,931.1,11.53,9.0,11.0,1.0000,50.00,1.0000,100.00,0.6750,199.61,0.0000,456.25,0.0000,704.11,0.0000,886.33
1677,-47.760,935.911,0,677.1,120,1805.48,1777.0,1805.0,1840.1,32.15,23.0,30.0,1.0000,50.00,1.0000,100.00,1.0000,200.00,0.3750,499.12,0.0000,956.20,0.0000,1559.22
1678,-594.111,78.431,0,78.8,120,4744.31,4707.9,4746.5,4775.2,738.62,430.3,726.5,1.0000,50.00,1.0000,100.00,1.0000,200.00,1.0000,500.00,1.0000,1000.00,0.2750,1998.71
1679,-8.814,-745.045,0,24.9,120,5084.15,5054.0,5085.0,5107.1,815.82,507.8,818.0,1.0000,50.00,1.0000,100.00,1.0000,200.00,1.0000,500.00,1.0000,1000.00,0.6667,1999.58
1680,-479.538,-227.229,0,16.7,120,5539.56,5508.9,5538.5,5570.0,867.23,597.7,871.0,1.0000,50.00,1.0000,100.00,1.0000,200.00,1.0000,500.00,1.0000,1000.00,0.9083,1999.91
1681,-272.989,463.560,0,179.4,120,3782.91,3748.0,3785.5,3820.0,431.44,268.9,395.5,1.0000,50.00,1.0000,100.00,1.0000,200.00,1.0000,500.00,0.9917,999.99,0.0000,1992.33
1682,-615.510,472.462,0,310.6,120,3368.53,3334.9,3365.5,3401.1,206.37,129.0,195.5,1.0000,50.00,1.0000,100.00,1.0000,200.00,1.0000,500.00,0.8250,999.81,0.0000,1970.47
1683,-54.658,966.516,0,705.3,120,1692.25,1662.9,1691.5,1721.1,27.18,21.0,26.0,1.0000,50.00,1.0000,100.00,1.0000,200.00,0.1750,498.33,0.0000,941.59,0.0000,1494.14
1684,-207.168,860.553,0,578.2,120,2180.13,2146.4,2183.0,2213.2,50.92,36.0,50.0,1.0000,50.00,1.0000,100.00,1.0000,200.00,0.9417,499.94,0.0000,985.42,0.0000,1742.00
1685,190.934,380.977,0,320.1,120,3633.41,3599.8,3634.5,3669.0,190.81,112.0,182.0,1.0000,50.00,1.0000,100.00,1.0000,200.00,1.0000,500.00,0.8833,999.88,0.0000,1974.12
1686,-88.467,-696.239,0,56.3,120,5301.00,5265.5,5301.0,5332.2,797.77,535.1,792.5,1.0000,50.00,1.0000,100.00,1.0000,200.00,1.0000,500.00,1.0000,1000.00,0.7667,1999.75
1687,239.252,304.328,0,318.6,120,3798.84,3760.5,3797.0,3845.0,201.22,126.8,187.0,1.0000,50.00,1.0000,100.00,1.0000,200.00,1.0000,500.00,0.9667,999.97,0.0000,1978.89
1688,161.936,350.019,0,278.3,120,3819.91,3778.0,3824.0,3853.1,247.99,156.7,239.0,1.0000,50.00,1.0000,100.00,1.0000,200.00,1.0000,500.00,0.9250,999.92,0.0000,1983.84
1689,-274.556,-749.578,0,73.5,120,5203.08,5169.8,5204.0,5234.2,726.08,515.7,718.5,1.0000,50.00,1.0000,100.00,1.0000,200.00,1.0000,500.00,1.0000,1000.00,0.6250,1999.52
1690,399.916,-99.288,0,412.8,120,4416.42,4382.9,4416.0,4451.4,125.61,85.0,114.5,1.0000,50.00,1.0000,100.00,1.0000,200.00,1.0000,500.00,0.9667,999.97,0.0000,1985.88
1691,232.159,-641.477,0,262.4,120,4896.54,4858.9,4897.5,4934.1,320.01,174.5,287.5,1.0000,50.00,1.0000,100.00,1.0000,200.00,1.0000,500.00,1.0000,1000.00,0.1250,1997.92
1692,360.153,72.765,0,370.8,120,4167.01,4131.8,4166.5,4197.1,155.71,103.7,138.0,1.0000,50.00,1.0000,100.00,1.0000,200.00,1.0000,500.00,0.9583,999.96,0.0000,1983.24
1693,-891.290,-213.604,0,412.6,120,4303.59,4265.5,4302.5,4348.0,129.44,88.9,117.0,1.0000,50.00,1.0000,100.00,1.0000,200.00,1.0000,500.00,0.9750,999.98,0.0000,1985.24
1694,98.513,-612.784,0,127.9,120,5267.77,5238.6,5266.0,5299.1,666.84,406.7,660.0,1.0000,50.00,1.0000,100.00,1.0000,200.00,1.0000,500.00,1.0000,1000.00,0.5583,1999.42
1695,-370.555,-224.530,0,89.7,120,5657.99,5637.7,5658.0,5679.1,753.95,459.8,748.5,1.0000,50.00,1.0000,100.00,1.0000,200.00,1.0000,500.00,1.0000,1000.00,0.9333,1999.93
1696,588.730,881.538,0,950.7,120,877.89,845.0,877.0,907.1,10.10,8.0,10.0,1.0000,50.00,1.0000,100.00,0.5500,199.39,0.0000,448.92,0.0000,680.82,0.0000,847.46
1697,314.560,-390.145,0,336.8,120,4992.02,4943.9,4993.0,5040.0,206.48,136.9,190.0,1.0000,50.00,1.0000,100.00,1.0000,200.00,1.0000,500.00,1.0000,1000.00,0.0250,1996.53
1698,-532.038,642.945,0,414.6,120,2859.82,2832.0,2859.5,2889.1,119.44,84.6,110.5,1.0000,50.00,1.0000,100.00,1.0000,200.00,1.0000,500.00,0.2500,998.61,0.0000,1921.57
1699,-46.549,742.343,0,490.5,120,2569.94,2536.0,2571.5,2602.2,79.39,55.0,74.5,1.0000,50.00,1.0000,100.00,1.0000,200.00,0.9917,499.99,0.0000,996.12,0.0000,1858.88
1700,-712.780,631.047,0,495.7,120,2584.63,2553.9,2584.0,2620.3,76.57,53.0,71.0,1.0000,50.00,1.0000,100.00,1.0000,200.00,0.9667,499.97,0.0083,995.44,0.0000,1855.85
1701,-263.017,768.184,0,483.9,120,2555.32,2524.9,2555.0,2590.2,78.65,55.9,76.0,1.0000,50.00,1.0000,100.00,1.0000,200.00,0.9917,499.99,0.0250,995.96,0.0000,1863.63
1702,369.161,824.604,0,761.6,120,1544.93,1515.0,1546.0,1576.1,22.52,17.0,22.0,1.0000,50.00,1.0000,100.00,1.0000,200.00,0.0083,495.88,0.0000,910.36,0.0000,1377.09
1703,-888.252,-418.338,0,459.7,120,4358.30,4319.9,4358.0,4401.0,103.74,71.0,97.0,1.0000,50.00,1.0000,100.00,1.0000,200.00,1.0000,500.00,0.9167,999.92,0.0000,1983.17
1704,-478.953,-197.625,0,8.9,120,5513.41,5485.8,5512.5,5540.0,876.07,532.9,870.5,1.0000,50.00,1.0000,100.00,1.0000,200.00,1.0000,500.00,1.0000,1000.00,0.9500,1999.95
1705,-229.523,218.473,0,62.7,120,4697.14,4667.9,4699.0,4732.1,921.67,570.5,899.5,1.0000,50.00,1.0000,100.00,1.0000,200.00,1.0000,500.00,1.0000,1000.00,0.6250,1999.56
1706,-605.180,-379.200,0,175.6,120,5390.54,5359.9,5391.0,5421.0,496.03,297.4,499.0,1.0000,50.00,1.0000,100.00,1.0000,200.00,1.0000,500.00,1.0000,1000.00,0.6083,1999.47
1707,571.834,374.157,0,649.3,120,2323.94,2292.0,2323.5,2361.0,35.71,27.0,34.5,1.0000,50.00,1.0000,100.00,1.0000,200.00,0.8417,499.82,0.0000,981.09,0.0000,1712.42
1708,-56.678,149.288,0,15.4,120,4867.96,4837.8,4868.5,4897.0,903.19,590.7,913.0,1.0000,50.00,1.0000,100.00,1.0000,200.00,1.0000,500.00,1.0000,1000.00,0.6500,1999.55
1709,57.269,992.290,0,760.2,120,1495.97,1466.0,1495.0,1528.1,22.46,17.0,22.0,1.0000,50.00,1.0000,100.00,1.0000,200.00,0.0167,496.05,0.0000,906.73,0.0000,1360.25
1710,-648.343,439.137,0,306.9,120,3424.53,3391.9,3425.5,3453.2,210.98,136.8,191.0,1.0000,50.00,1.0000,100.00,1.0000,200.00,1.0000,500.00,0.9000,999.90,0.0000,1972.69
1711,122.010,983.873,0,774.7,120,1449.51,1417.8,1450.5,1479.2,20.85,15.0,20.0,1.0000,50.00,1.0000,100.00,1.0000,200.00,0.0250,494.73,0.0000,896.67,0.0000,1325.16
1712,-458.078,-352.705,0,26.5,120,5642.46,5617.0,5643.0,5665.1,826.64,525.3,823.5,1.0000,50.00,1.0000,100.00,1.0000,200.00,1.0000,500.00,1.0000,1000.00,0.9333,1999.92
1713,-25.167,-388.946,0,2.9,120,5709.32,5683.6,5710.0,5734.1,866.57,563.6,870.0,1.0000,50.00,1.0000,100.00,1.0000,200.00,1.0000,500.00,1.0000,1000.00,0.8917,1999.88
1714,-539.950,1009.844,0,763.6,120,1465.87,1431.0,1467.0,1499.3,21.83,17.0,21.0,1.0000,50.00,1.0000,100.00,1.0000,200.00,0.0000,495.20,0.0000,901.75,0.0000,1344.33
1715,-606.232,418.001,0,262.9,120,3589.88,3555.0,3587.5,3622.6,272.04,167.0,238.5,1.0000,50.00,1.0000,100.00,1.0000,200.00,1.0000,500.00,0.9583,999.96,0.0000,1982.86
1716,335.583,41.253,0,344.8,120,4352.46,4310.9,4352.5,4392.0,182.35,123.0,174.5,1.0000,50.00,1.0000,100.00,1.0000,200.00,1.0000,500.00,0.9500,999.95,0.0000,1988.71
1717,511.312,321.511,0,573.7,120,2744.44,2704.0,2741.5,2787.1,51.16,37.9,50.0,1.0000,50.00,1.0000,100.00,1.0000,200.00,0.9917,499.99,0.0000,994.48,0.0000,1833.81
1718,-797.204,-404.695,0,368.1,120,4779.80,4736.8,4779.0,4820.1,166.71,111.0,150.0,1.0000,50.00,1.0000,100.00,1.0000,200.00,1.0000,500.00,0.9917,999.99,0.0000,1994.08
1719,-182.995,879.065,0,598.6,120,2100.45,2064.8,2097.5,2136.1,46.18,34.0,43.0,1.0000,50.00,1.0000,100.00,1.0000,200.00,0.8583,499.83,0.0000,981.77,0.0000,1712.11
1720,589.232,911.408,0,972.3,120,805.93,774.9,805.0,829.1,9.32,7.0,9.0,1.0000,50.00,0.9917,99.99,0.2750,198.81,0.0000,437.13,0.0000,643.69,0.0000,783.48
1721,-866.659,-363.298,0,425.3,120,4476.83,4437.4,4475.5,4524.1,115.39,81.0,114.0,1.0000,50.00,1.0000,100.00,1.0000,200.00,1.0000,500.00,0.9750,999.98,0.0000,1987.38
1722,-100.869,1317.266,0,1043.3,120,590.26,564.9,590.0,616.0,7.40,6.0,7.0,1.0000,50.00,0.9333,99.93,0.0000,194.52,0.0000,382.33,0.0000,513.92,0.0000,585.06
1723,-103.492,766.174,0,499.2,120,2516.52,2485.9,2512.5,2556.2,71.77,49.0,68.5,1.0000,50.00,1.0000,100.00,1.0000,200.00,1.0000,500.00,0.0167,995.18,0.0000,1849.40
1724,-483.975,118.037,0,17.8,120,4822.91,4794.9,4822.5,4850.2,876.62,587.0,904.5,1.0000,50.00,1.0000,100.00,1.0000,200.00,1.0000,500.00,1.0000,1000.00,0.6083,1999.55
1725,-88.640,475.824,0,224.8,120,3689.03,3652.0,3690.0,3715.2,341.09,196.3,306.5,1.0000,50.00,1.0000,100.00,1.0000,200.00,1.0000,500.00,0.9750,999.98,0.0000,1988.22
1726,-831.055,-267.819,0,367.5,120,4619.03,4578.6,4622.0,4658.0,170.59,113.9,161.5,1.0000,50.00,1.0000,100.00,1.0000,200.00,1.0000,500.00,0.9750,999.98,0.0000,1992.28
1727,-391.380,1187.663,0,910.4,120,962.12,928.6,963.0,992.4,11.97,9.0,12.0,1.0000,50.00,1.0000,100.00,0.7500,199.72,0.0000,463.77,0.0000,731.23,0.0000,935.00
1728,-805.253,193.701,0,310.7,120,3810.71,3774.6,3815.0,3843.3,202.93,130.7,194.5,1.0000,50.00,1.0000,100.00,1.0000,200.00,1.0000,500.00,0.9000,999.90,0.0000,1980.80
1729,196.390,-224.180,0,213.4,120,5296.62,5261.8,5297.0,5331.2,403.34,254.7,389.0,1.0000,50.00,1.0000,100.00,1.0000,200.00,1.0000,500.00,1.0000,1000.00,0.3667,1999.08
1730,-29.434,168.257,0,17.7,120,4789.12,4761.8,4790.5,4817.1,849.09,557.1,871.5,1.0000,50.00,1.0000,100.00,1.0000,200.00,1.0000,500.00,1.0000,1000.00,0.4083,1999.27
1731,-153.341,1377.839,0,1098.1,120,458.67,438.0,458.0,478.2,6.16,5.0,6.0,1.0000,50.00,0.5917,99.46,0.0000,186.29,0.0000,328.84,0.0000,414.82,0.0000,456.54
1732,322.051,340.954,0,408.9,120,3412.53,3371.8,3412.0,3453.1,120.91,74.9,113.0,1.0000,50.00,1.0000,100.00,1.0000,200.00,1.0000,500.00,0.6333,999.58,0.0000,1951.37
1733,-806.980,126.475,0,296.6,120,3994.80,3957.9,3996.5,4028.1,230.46,140.9,212.0,1.0000,50.00,1.0000,100.00,1.0000,200.00,1.0000,500.00,0.9417,999.94,0.0000,1985.97
1734,361.234,-1.716,0,371.0,120,4360.23,4319.8,4357.5,4398.1,151.01,99.9,145.0,1.0000,50.00,1.0000,100.00,1.0000,200.00,1.0000,500.00,0.9667,999.97,0.0000,1987.68
1735,557.834,68.295,0,567.9,120,3248.16,3205.0,3245.0,3294.1,56.73,40.0,53.0,1.0000,50.00,1.0000,100.00,1.0000,200.00,1.0000,500.00,0.0750,997.89,0.0000,1901.69
1736,-284.245,95.530,0,185.7,120,5073.11,5048.0,5073.0,5106.0,653.07,414.5,599.0,1.0000,50.00,1.0000,100.00,1.0000,200.00,1.0000,500.00,1.0000,1000.00,0.8833,1999.87
1737,-533.395,976.888,0,730.2,120,1590.53,1552.8,1588.5,1628.1,24.64,18.9,23.0,1.0000,50.00,1.0000,100.00,1.0000,200.00,0.0667,497.20,0.0000,925.60,0.0000,1430.92
1738,-881.866,-151.341,0,388.3,120,4274.47,4239.9,4272.0,4317.0,146.80,96.8,141.0,1.0000,50.00,1.0000,100.00,1.0000,200.00,1.0000,500.00,0.9667,999.97,0.0000,1985.41
1739,-176.254,91.533,0,147.3,120,5103.43,5072.9,5103.0,5134.1,748.07,479.0,737.5,1.0000,50.00,1.0000,100.00,1.0000,200.00,1.0000,500.00,1.0000,1000.00,0.8083,1999.81
1740,173.299,620.782,0,480.6,120,2729.50,2698.9,2729.0,2757.4,82.30,56.0,76.5,1.0000,50.00,1.0000,100.00,1.0000,200.00,1.0000,500.00,0.0250,996.81,0.0000,1878.78
1741,-236.224,558.108,0,274.6,120,3408.20,3374.7,3409.0,3439.5,244.52,150.0,228.5,1.0000,50.00,1.0000,100.00,1.0000,200.00,1.0000,500.00,0.9417,999.94,0.0000,1977.84
1742,-701.599,902.472,0,721.7,120,1637.62,1610.0,1635.5,1673.1,26.38,20.0,25.0,1.0000,50.00,1.0000,100.00,1.0000,200.00,0.1417,497.77,0.0000,933.14,0.0000,1456.92
1743,224.682,656.989,0,540.6,120,2479.62,2450.4,2481.0,2513.2,58.16,39.9,56.0,1.0000,50.00,1.0000,100.00,1.0000,200.00,0.9917,499.99,0.0000,992.55,0.0000,1814.85
1744,-568.317,1170.288,0,925.9,120,912.92,883.9,912.0,942.2,11.15,9.0,11.0,1.0000,50.00,1.0000,100.00,0.6917,199.63,0.0000,457.32,0.0000,707.34,0.0000,890.08
1745,-816.099,-50.363,0,302.8,120,4390.13,4357.7,4388.0,4425.1,213.23,123.9,201.0,1.0000,50.00,1.0000,100.00,1.0000,200.00,1.0000,500.00,1.0000,1000.00,0.0000,1991.77
1746,212.711,794.058,0,646.2,120,1983.60,1952.0,1982.5,2016.1,36.81,26.0,35.0,1.0000,50.00,1.0000,100.00,1.0000,200.00,0.6083,499.54,0.0000,970.86,0.0000,1636.33
1747,-48.331,109.735,0,24.7,120,4990.07,4954.0,4990.0,5027.1,877.27,556.1,872.5,1.0000,50.00,1.0000,100.00,1.0000,200.00,1.0000,500.00,1.0000,1000.00,0.6333,1999.55
1748,-721.896,-287.675,0,266.5,120,5042.56,5005.8,5044.5,5073.4,303.92,195.8,278.5,1.0000,50.00,1.0000,100.00,1.0000,200.00,1.0000,500.00,1.0000,1000.00,0.1500,1998.04
1749,681.783,592.279,0,845.8,120,1323.93,1285.9,1322.0,1362.1,15.51,12.0,15.0,1.0000,50.00,1.0000,100.00,0.9750,199.97,0.0000,488.40,0.0000,848.83,0.0000,1197.43
1750,50.679,70.140,0,62.4,120,4990.98,4957.9,4990.0,5025.3,745.12,458.7,710.5,1.0000,50.00,1.0000,100.00,1.0000,200.00,1.0000,500.00,1.0000,1000.00,0.5000,1999.26
1751,-159.318,-232.970,0,141.9,120,5729.63,5707.8,5729.0,5752.0,641.80,367.5,621.0,1.0000,50.00,1.0000,100.00,1.0000,200.00,1.0000,500.00,1.0000,1000.00,0.9583,1999.96
1752,353.402,105.035,0,367.1,120,4099.52,4064.9,4098.0,4141.0,143.75,93.8,139.0,1.0000,50.00,1.0000,100.00,1.0000,200.00,1.0000,500.00,0.9333,999.92,0.0000,1981.31
1753,-31.393,-949.595,0,8.9,120,4408.38,4379.9,4406.0,4447.1,850.76,571.4,837.5,1.0000,50.00,1.0000,100.00,1.0000,200.00,1.0000,500.00,1.0000,1000.00,0.2750,1998.71
1754,37.089,-762.625,0,71.3,120,4974.38,4942.9,4977.0,5006.0,819.62,505.0,853.0,1.0000,50.00,1.0000,100.00,1.0000,200.00,1.0000,500.00,1.0000,1000.00,0.5917,1999.51
1755,-805.358,516.034,0,473.0,120,2752.59,2717.8,2756.0,2785.0,82.03,55.9,73.5,1.0000,50.00,1.0000,100.00,1.0000,200.00,0.9917,499.99,0.1000,997.08,0.0000,1883.53
1756,-490.900,-389.316,0,67.3,120,5600.77,5572.8,5601.0,5627.1,796.52,524.8,784.5,1.0000,50.00,1.0000,100.00,1.0000,200.00,1.0000,500.00,1.0000,1000.00,0.8417,1999.83
1757,-182.014,352.113,0,78.1,120,4213.51,4178.5,4213.5,4248.1,716.08,480.6,676.5,1.0000,50.00,1.0000,100.00,1.0000,200.00,1.0000,500.00,1.0000,1000.00,0.0583,1997.67
1758,-424.503,-504.411,0,31.0,120,5613.67,5584.0,5614.0,5639.1,846.83,509.5,874.0,1.0000,50.00,1.0000,100.00,1.0000,200.00,1.0000,500.00,1.0000,1000.00,0.7750,1999.75
1759,529.860,918.486,0,937.1,120,920.12,892.9,918.0,947.1,10.93,8.9,11.0,1.0000,50.00,1.0000,100.00,0.6750,199.54,0.0000,456.10,0.0000,703.62,0.0000,886.07
1760,255.526,-310.525,0,275.2,120,5187.61,5152.8,5185.5,5226.0,294.16,163.9,273.0,1.0000,50.00,1.0000,100.00,1.0000,200.00,1.0000,500.00,1.0000,1000.00,0.2750,1998.53
1761,228.231,514.037,0,435.9,120,3020.53,2983.0,3019.5,3053.1,99.13,63.9,91.0,1.0000,50.00,1.0000,100.00,1.0000,200.00,1.0000,500.00,0.3417,998.90,0.0000,1919.83
1762,-832.547,83.869,0,316.2,120,4018.28,3978.8,4021.0,4053.1,190.92,125.0,183.0,1.0000,50.00,1.0000,100.00,1.0000,200.00,1.0000,500.00,0.9583,999.96,0.0000,1984.33
1763,-630.275,1035.069,0,815.4,120,1282.84,1252.0,1283.0,1309.1,17.66,13.0,17.0,1.0000,50.00,1.0000,100.00,0.9917,199.99,0.0000,489.63,0.0000,854.09,0.0000,1205.05
1764,-224.472,858.554,0,575.2,120,2195.68,2165.8,2195.0,2227.2,52.00,37.0,48.0,1.0000,50.00,1.0000,100.00,1.0000,200.00,0.8917,499.88,0.0000,986.38,0.0000,1749.80
1765,-589.189,557.603,0,365.4,120,3097.88,3067.0,3096.0,3131.2,156.71,98.9,145.5,1.0000,50.00,1.0000,100.00,1.0000,200.00,1.0000,500.00,0.5500,999.44,0.0000,1949.31
1766,-167.934,1038.490,0,758.8,120,1487.44,1450.0,1489.5,1517.2,22.36,17.0,21.0,1.0000,50.00,1.0000,100.00,0.9917,199.99,0.0083,495.62,0.0000,905.76,0.0000,1360.74
1767,-82.533,12.551,0,73.0,120,5279.02,5252.0,5278.0,5311.0,862.51,589.6,850.0,1.0000,50.00,1.0000,100.00,1.0000,200.00,1.0000,500.00,1.0000,1000.00,0.8250,1999.81
1768,295.785,36.915,0,305.0,120,4509.51,4474.9,4509.0,4545.1,228.93,147.9,207.5,1.0000,50.00,1.0000,100.00,1.0000,200.00,1.0000,500.00,0.9583,999.96,0.0000,1993.08
1769,-28.456,70.633,0,15.7,120,5084.25,5057.0,5085.0,5114.1,900.88,620.6,867.5,1.0000,50.00,1.0000,100.00,1.0000,200.00,1.0000,500.00,1.0000,1000.00,0.8000,1999.76
1770,424.719,640.807,0,666.1,120,2008.74,1975.0,2008.0,2041.1,33.84,26.0,33.0,1.0000,50.00,1.0000,100.00,1.0000,200.00,0.6417,499.55,0.0000,968.50,0.0000,1622.65
1771,-352.655,-378.853,0,69.4,120,5742.35,5719.0,5743.5,5761.1,815.88,518.8,842.5,1.0000,50.00,1.0000,100.00,1.0000,200.00,1.0000,500.00,1.0000,1000.00,0.9417,1999.94
1772,-756.692,-143.908,0,265.1,120,4776.92,4738.0,4774.0,4814.2,304.83,198.9,277.5,1.0000,50.00,1.0000,100.00,1.0000,200.00,1.0000,500.00,0.9917,999.99,0.0250,1996.72
1773,-41.199,766.565,0,515.2,120,2469.22,2438.9,2467.0,2499.2,67.94,47.0,64.0,1.0000,50.00,1.0000,100.00,1.0000,200.00,0.9917,499.99,0.0083,994.03,0.0000,1834.44
1774,-258.983,238.528,0,45.7,120,4625.98,4592.9,4625.0,4655.2,912.98,560.8,921.0,1.0000,50.00,1.0000,100.00,1.0000,200.00,1.0000,500.00,1.0000,1000.00,0.6250,1999.53
1775,-627.949,442.248,0,295.4,120,3460.47,3429.9,3461.0,3496.4,238.93,145.8,217.5,1.0000,50.00,1.0000,100.00,1.0000,200.00,1.0000,500.00,0.9250,999.92,0.0000,1976.08
1776,302.206,437.708,0,443.2,120,3112.43,3075.6,3115.5,3157.2,96.76,67.9,91.0,1.0000,50.00,1.0000,100.00,1.0000,200.00,0.9917,499.99,0.3417,998.83,0.0000,1923.13
1777,-589.659,23.707,0,70.7,120,4892.45,4861.8,4896.0,4921.0,711.12,427.3,680.0,1.0000,50.00,1.0000,100.00,1.0000,200.00,1.0000,500.00,1.0000,1000.00,0.4500,1999.17
1778,123.644,-196.556,0,139.8,120,5431.47,5402.4,5431.5,5462.1,663.76,395.5,670.5,1.0000,50.00,1.0000,100.00,1.0000,200.00,1.0000,500.00,1.0000,1000.00,0.7000,1999.65
1779,-450.403,-33.251,0,58.9,120,5261.32,5229.0,5262.0,5289.2,828.14,534.0,798.5,1.0000,50.00,1.0000,100.00,1.0000,200.00,1.0000,500.00,1.0000,1000.00,0.8250,1999.81
1780,163.212,-579.893,0,191.5,120,5195.60,5165.8,5194.0,5236.2,468.72,258.7,417.0,1.0000,50.00,1.0000,100.00,1.0000,200.00,1.0000,500.00,1.0000,1000.00,0.4083,1999.04
1781,-418.847,273.298,0,34.0,120,4401.84,4372.9,4400.5,4433.0,844.27,566.8,847.0,1.0000,50.00,1.0000,100.00,1.0000,200.00,1.0000,500.00,1.0000,1000.00,0.2250,1998.66
1782,-822.856,46.042,0,304.1,120,4145.62,4112.0,4144.0,4179.0,220.28,134.9,205.5,1.0000,50.00,1.0000,100.00,1.0000,200.00,1.0000,500.00,0.9250,999.92,0.0000,1988.22
1783,-13.692,300.595,0,114.2,120,4304.32,4269.0,4306.0,4337.3,648.94,399.7,642.5,1.0000,50.00,1.0000,100.00,1.0000,200.00,1.0000,500.00,0.9917,999.99,0.1000,1997.33
1784,-940.919,-374.096,0,500.0,120,4101.91,4058.9,4101.0,4145.1,83.84,61.8,79.5,1.0000,50.00,1.0000,100.00,1.0000,200.00,1.0000,500.00,0.8333,999.83,0.0000,1971.78
1785,398.376,559.512,0,593.5,120,2365.88,2330.0,2366.0,2399.3,46.36,33.0,42.5,1.0000,50.00,1.0000,100.00,1.0000,200.00,0.8833,499.88,0.0000,987.62,0.0000,1758.80
1786,-200.302,739.582,0,458.2,120,2671.28,2643.9,2671.0,2700.0,89.03,62.8,87.5,1.0000,50.00,1.0000,100.00,1.0000,200.00,1.0000,500.00,0.0667,997.29,0.0000,1888.48
1787,528.370,792.625,0,845.3,120,1246.12,1210.7,1244.5,1283.2,15.68,12.0,15.0,1.0000,50.00,1.0000,100.00,0.9917,199.99,0.0000,486.19,0.0000,832.83,0.0000,1153.71
1788,-320.796,512.516,0,231.6,120,3568.60,3536.0,3567.5,3596.2,343.40,196.8,311.5,1.0000,50.00,1.0000,100.00,1.0000,200.00,1.0000,500.00,0.9583,999.96,0.0000,1985.97
1789,304.423,483.161,0,472.5,120,2932.78,2898.5,2932.0,2970.2,83.12,56.9,79.5,1.0000,50.00,1.0000,100.00,1.0000,200.00,1.0000,500.00,0.1333,997.92,0.0000,1899.54
1790,296.077,204.027,0,331.8,120,3986.26,3945.0,3983.5,4028.1,178.44,124.9,164.5,1.0000,50.00,1.0000,100.00,1.0000,200.00,1.0000,500.00,0.9750,999.98,0.0000,1982.08
1791,371.924,840.977,0,776.2,120,1486.08,1453.8,1486.5,1518.0,20.54,16.0,19.0,1.0000,50.00,1.0000,100.00,1.0000,200.00,0.0167,494.68,0.0000,898.24,0.0000,1336.70
1792,400.686,132.555,0,417.8,120,3822.61,3780.9,3823.0,3857.0,109.60,80.8,101.5,1.0000,50.00,1.0000,100.00,1.0000,200.00,1.0000,500.00,0.8000,999.79,0.0000,1968.05
1793,-1032.711,-197.662,0,545.9,120,3547.45,3501.9,3544.5,3595.1,62.76,45.0,57.5,1.0000,50.00,1.0000,100.00,1.0000,200.00,1.0000,500.00,0.3333,998.97,0.0000,1935.53
1794,2.468,1193.301,0,939.2,120,878.90,852.9,879.0,904.1,10.57,8.0,10.0,1.0000,50.00,1.0000,100.00,0.5250,199.26,0.0000,451.41,0.0000,687.48,0.0000,856.98
1795,-475.326,-432.225,0,62.6,120,5608.52,5583.9,5607.5,5631.0,779.41,458.7,790.0,1.0000,50.00,1.0000,100.00,1.0000,200.00,1.0000,500.00,1.0000,1000.00,0.8250,1999.79
1796,-991.210,-115.026,0,486.4,120,3683.84,3643.9,3682.5,3725.2,80.77,58.9,77.5,1.0000,50.00,1.0000,100.00,1.0000,200.00,1.0000,500.00,0.5583,999.44,0.0000,1952.49
1797,368.626,-499.230,0,394.3,120,4690.73,4657.0,4690.0,4725.3,143.37,102.9,133.5,1.0000,50.00,1.0000,100.00,1.0000,200.00,1.0000,500.00,0.9917,999.99,0.0000,1992.47
1798,-182.328,293.974,0,22.0,120,4436.78,4398.9,4440.0,4468.6,894.00,541.7,901.0,1.0000,50.00,1.0000,100.00,1.0000,200.00,1.0000,500.00,1.0000,1000.00,0.3167,1998.97
1799,-630.859,321.519,0,214.0,120,3884.62,3855.0,3883.5,3913.2,362.27,201.0,354.5,1.0000,50.00,1.0000,100.00,1.0000,200.00,1.0000,500.00,0.9833,999.98,0.0000,1990.08
1800,-53.178,-8.710,0,43.0,120,5313.56,5284.0,5312.0,5342.1,866.68,591.5,836.0,1.0000,50.00,1.0000,100.00,1.0000,200.00,1.0000,500.00,1.0000,1000.00,0.8167,1999.81
1801,317.756,-238.885,0,335.1,120,4943.94,4909.9,4942.5,4977.2,200.01,132.9,192.0,1.0000,50.00,1.0000,100.00,1.0000,200.00,1.0000,500.00,0.9917,999.99,0.0417,1996.38
1802,28.225,-827.882,0,64.5,120,4783.27,4752.0,4783.0,4814.0,772.02,494.7,756.0,1.0000,50.00,1.0000,100.00,1.0000,200.00,1.0000,500.00,1.0000,1000.00,0.5750,1999.42
1803,448.433,-116.497,0,461.8,120,4216.62,4174.0,4214.0,4262.1,95.62,68.0,94.5,1.0000,50.00,1.0000,100.00,1.0000,200.00,1.0000,500.00,0.9417,999.94,0.0000,1977.84
1804,-392.386,-240.311,0,64.7,120,5656.65,5628.9,5660.0,5683.0,804.77,519.9,781.0,1.0000,50.00,1.0000,100.00,1.0000,200.00,1.0000,500.00,1.0000,1000.00,0.8917,1999.89
1805,-715.999,463.497,0,371.8,120,3179.72,3146.4,3179.5,3214.1,139.36,95.9,128.5,1.0000,50.00,1.0000,100.00,1.0000,200.00,1.0000,500.00,0.5750,999.42,0.0000,1950.85
1806,31.162,75.368,0,43.9,120,5006.77,4971.7,5005.5,5046.1,815.31,534.7,835.0,1.0000,50.00,1.0000,100.00,1.0000,200.00,1.0000,500.00,1.0000,1000.00,0.4750,1999.28
1807,438.416,223.288,0,473.8,120,3376.37,3329.9,3376.5,3418.0,85.88,59.0,81.0,1.0000,50.00,1.0000,100.00,1.0000,200.00,1.0000,500.00,0.4083,999.04,0.0000,1933.78
1808,230.435,-491.030,0,255.9,120,5172.27,5135.9,5174.0,5210.1,315.74,198.8,301.5,1.0000,50.00,1.0000,100.00,1.0000,200.00,1.0000,500.00,1.0000,1000.00,0.2667,1998.60
1809,-469.133,705.276,0,451.4,120,2691.06,2660.8,2691.0,2719.0,94.72,66.0,89.0,1.0000,50.00,1.0000,100.00,1.0000,200.00,1.0000,500.00,0.0833,997.61,0.0000,1893.07
1810,290.703,-192.600,0,306.6,120,4990.77,4959.9,4989.0,5025.1,245.78,146.7,230.0,1.0000,50.00,1.0000,100.00,1.0000,200.00,1.0000,500.00,1.0000,1000.00,0.0417,1996.94
1811,211.109,144.987,0,234.1,120,4428.05,4390.7,4426.0,4468.4,325.02,199.1,304.5,1.0000,50.00,1.0000,100.00,1.0000,200.00,1.0000,500.00,0.9917,999.99,0.0250,1994.42
1812,-102.738,-344.762,0,81.8,120,5763.88,5743.7,5764.0,5785.0,783.38,523.0,750.5,1.0000,50.00,1.0000,100.00,1.0000,200.00,1.0000,500.00,1.0000,1000.00,0.9583,1999.96
1813,-6.478,-61.635,0,5.5,120,5390.51,5359.0,5390.0,5421.0,874.64,616.1,869.0,1.0000,50.00,1.0000,100.00,1.0000,200.00,1.0000,500.00,1.0000,1000.00,0.8667,1999.85
1814,-633.400,980.533,0,765.5,120,1464.28,1433.9,1463.5,1497.1,21.80,16.0,21.0,1.0000,50.00,1.0000,100.00,1.0000,200.00,0.0083,494.88,0.0000,900.68,0.0000,1342.50
1815,89.510,776.943,0,572.1,120,2268.22,2238.8,2268.5,2303.1,52.75,35.9,50.0,1.0000,50.00,1.0000,100.00,1.0000,200.00,0.9333,499.93,0.0000,987.72,0.0000,1763.06
1816,-643.002,-280.427,0,188.2,120,5274.38,5244.0,5277.0,5304.1,469.96,297.2,455.5,1.0000,50.00,1.0000,100.00,1.0000,200.00,1.0000,500.00,1.0000,1000.00,0.4667,1999.23
1817,-93.130,-330.353,0,72.6,120,5755.88,5733.0,5756.0,5779.1,790.65,524.0,762.5,1.0000,50.00,1.0000,100.00,1.0000,200.00,1.0000,500.00,1.0000,1000.00,0.9417,1999.94
1818,-63.619,-218.595,0,46.7,120,5677.35,5659.0,5677.5,5697.1,835.21,573.2,849.0,1.0000,50.00,1.0000,100.00,1.0000,200.00,1.0000,500.00,1.0000,1000.00,0.9417,1999.94
1819,31.392,750.241,0,524.2,120,2447.35,2415.9,2448.0,2480.0,64.58,46.9,61.0,1.0000,50.00,1.0000,100.00,1.0000,200.00,0.9917,499.99,0.0083,993.28,0.0000,1822.80
1820,-417.674,-403.426,0,1.0,120,5684.12,5659.0,5682.0,5714.0,868.53,537.9,887.0,1.0000,50.00,1.0000,100.00,1.0000,200.00,1.0000,500.00,1.0000,1000.00,0.8667,1999.87
1821,-640.337,-78.954,0,136.4,120,5006.47,4971.9,5007.0,5040.0,590.77,349.3,567.0,1.0000,50.00,1.0000,100.00,1.0000,200.00,1.0000,500.00,1.0000,1000.00,0.3583,1998.97
1822,377.410,360.514,0,467.0,120,3147.55,3109.7,3149.0,3178.3,86.20,59.0,81.5,1.0000,50.00,1.0000,100.00,1.0000,200.00,1.0000,500.00,0.2167,998.48,0.0000,1918.61
1823,-213.682,303.044,0,23.4,120,4399.86,4364.9,4400.0,4434.2,828.73,548.6,813.0,1.0000,50.00,1.0000,100.00,1.0000,200.00,1.0000,500.00,1.0000,1000.00,0.3750,1999.08
1824,76.873,-608.940,0,106.2,120,5308.46,5279.7,5310.0,5339.2,710.84,424.5,712.0,1.0000,50.00,1.0000,100.00,1.0000,200.00,1.0000,500.00,1.0000,1000.00,0.6083,1999.49
1825,-364.779,-21.486,0,144.8,120,5323.15,5288.7,5324.0,5351.1,682.75,412.4,610.5,1.0000,50.00,1.0000,100.00,1.0000,200.00,1.0000,500.00,1.0000,1000.00,0.9250,1999.92
1826,-295.936,-392.479,0,121.0,120,5769.57,5748.8,5768.5,5791.2,691.96,430.8,667.0,1.0000,50.00,1.0000,100.00,1.0000,200.00,1.0000,500.00,1.0000,1000.00,0.9750,1999.97
1827,46.945,542.302,0,344.9,120,3269.55,3229.8,3272.5,3301.0,170.66,113.0,155.0,1.0000,50.00,1.0000,100.00,1.0000,200.00,1.0000,500.00,0.6833,999.66,0.0000,1959.80
1828,664.875,809.460,0,958.1,120,867.99,844.9,867.0,903.0,10.42,8.0,10.0,1.0000,50.00,1.0000,100.00,0.5000,199.37,0.0000,447.21,0.0000,674.71,0.0000,836.52
1829,225.380,-521.923,0,251.8,120,5142.96,5107.9,5146.5,5176.2,318.21,189.8,291.0,1.0000,50.00,1.0000,100.00,1.0000,200.00,1.0000,500.00,1.0000,1000.00,0.2250,1998.59
1830,-297.556,74.111,0,199.0,120,5126.62,5097.9,5127.5,5158.0,575.81,362.8,542.5,1.0000,50.00,1.0000,100.00,1.0000,200.00,1.0000,500.00,1.0000,1000.00,0.8917,1999.88
1831,332.599,932.573,0,827.6,120,1276.47,1249.6,1278.5,1306.2,17.87,13.0,17.0,1.0000,50.00,1.0000,100.00,0.9917,199.99,0.0000,488.83,0.0000,846.69,0.0000,1188.82
1832,-205.440,85.352,0,173.9,120,5120.61,5093.9,5117.5,5152.1,685.60,422.7,638.5,1.0000,50.00,1.0000,100.00,1.0000,200.00,1.0000,500.00,1.0000,1000.00,0.8833,1999.88
1833,266.701,83.925,0,278.6,120,4460.91,4421.0,4461.0,4499.1,259.91,167.5,257.5,1.0000,50.00,1.0000,100.00,1.0000,200.00,1.0000,500.00,0.9917,999.99,0.0000,1992.98
1834,-882.644,-386.850,0,446.6,120,4396.92,4365.0,4397.5,4434.0,107.44,77.9,101.0,1.0000,50.00,1.0000,100.00,1.0000,200.00,1.0000,500.00,0.9333,999.93,0.0000,1984.58
1835,489.484,72.624,0,499.9,120,3589.63,3546.0,3590.5,3635.0,75.40,54.0,71.0,1.0000,50.00,1.0000,100.00,1.0000,200.00,1.0000,500.00,0.4667,999.31,0.0000,1944.00
1836,-536.033,-29.871,0,23.4,120,5126.64,5098.9,5126.0,5153.1,854.27,565.7,869.0,1.0000,50.00,1.0000,100.00,1.0000,200.00,1.0000,500.00,1.0000,1000.00,0.6833,1999.62
1837,-842.589,-275.010,0,380.4,120,4569.24,4526.9,4569.0,4613.1,149.82,97.8,140.5,1.0000,50.00,1.0000,100.00,1.0000,200.00,1.0000,500.00,0.9917,999.99,0.0000,1991.11
1838,-1080.336,-353.398,0,630.1,120,3310.70,3264.0,3310.5,3358.0,44.05,32.0,43.0,1.0000,50.00,1.0000,100.00,1.0000,200.00,1.0000,500.00,0.0417,997.13,0.0000,1897.33
1839,-299.288,288.482,0,6.7,120,4435.68,4401.9,4431.5,4473.0,856.17,571.4,849.0,1.0000,50.00,1.0000,100.00,1.0000,200.00,1.0000,500.00,1.0000,1000.00,0.3250,1999.07
1840,-456.050,-24.917,0,55.5,120,5235.47,5209.8,5235.5,5264.3,827.67,473.1,825.5,1.0000,50.00,1.0000,100.00,1.0000,200.00,1.0000,500.00,1.0000,1000.00,0.8833,1999.88
1841,-807.844,533.412,0,486.6,120,2689.09,2652.5,2690.5,2723.1,79.03,53.9,77.0,1.0000,50.00,1.0000,100.00,1.0000,200.00,0.9917,499.99,0.0250,996.59,0.0000,1870.59
1842,156.514,746.275,0,576.3,120,2270.56,2238.9,2271.0,2299.1,53.59,37.0,50.5,1.0000,50.00,1.0000,100.00,1.0000,200.00,0.8917,499.89,0.0000,986.76,0.0000,1756.31
1843,-440.672,-187.805,0,30.6,120,5544.26,5520.8,5544.0,5566.1,863.10,548.7,857.0,1.0000,50.00,1.0000,100.00,1.0000,200.00,1.0000,500.00,1.0000,1000.00,0.9000,1999.90
1844,-2.437,654.950,0,423.2,120,2872.18,2840.9,2869.0,2911.4,104.03,70.0,95.0,1.0000,50.00,1.0000,100.00,1.0000,200.00,1.0000,500.00,0.2583,998.56,0.0000,1916.29
1845,-83.566,951.651,0,684.9,120,1767.90,1738.8,1767.0,1796.1,32.14,24.0,30.0,1.0000,50.00,1.0000,100.00,1.0000,200.00,0.2750,498.80,0.0000,951.85,0.0000,1539.24
1846,-424.142,-550.057,0,41.8,120,5555.21,5531.9,5555.5,5578.0,867.80,523.6,895.5,1.0000,50.00,1.0000,100.00,1.0000,200.00,1.0000,500.00,1.0000,1000.00,0.7000,1999.62
1847,363.709,261.114,0,414.2,120,3542.76,3504.9,3540.5,3580.1,116.58,77.9,109.0,1.0000,50.00,1.0000,100.00,1.0000,200.00,1.0000,500.00,0.6333,999.59,0.0000,1955.37
1848,-351.087,1219.596,0,938.5,120,877.76,850.9,876.0,904.0,11.13,9.0,11.0,1.0000,50.00,0.9917,99.99,0.5083,199.38,0.0000,451.70,0.0000,688.50,0.0000,857.29
1849,-19.457,-13.612,0,9.1,120,5295.20,5265.0,5292.0,5327.1,861.88,580.6,847.5,1.0000,50.00,1.0000,100.00,1.0000,200.00,1.0000,500.00,1.0000,1000.00,0.8083,1999.79
1850,-384.130,-18.265,0,126.9,120,5301.23,5273.8,5301.5,5323.7,739.77,459.9,691.5,1.0000,50.00,1.0000,100.00,1.0000,200.00,1.0000,500.00,1.0000,1000.00,0.8500,1999.85
1851,177.513,562.917,0,437.7,120,2947.70,2909.9,2950.5,2981.1,106.37,71.6,101.0,1.0000,50.00,1.0000,100.00,1.0000,200.00,1.0000,500.00,0.2167,998.39,0.0000,1915.80
1852,-337.902,823.318,0,542.5,120,2316.49,2282.0,2318.5,2347.1,57.67,40.9,55.0,1.0000,50.00,1.0000,100.00,1.0000,200.00,0.9083,499.91,0.0000,990.70,0.0000,1794.88
1853,-557.391,381.641,0,203.5,120,3816.57,3783.9,3816.0,3852.0,409.19,240.0,365.0,1.0000,50.00,1.0000,100.00,1.0000,200.00,1.0000,500.00,0.9750,999.98,0.0000,1990.48
1854,-643.687,663.862,0,484.5,120,2602.50,2572.9,2599.5,2637.2,82.29,55.0,75.5,1.0000,50.00,1.0000,100.00,1.0000,200.00,0.9917,499.99,0.0250,996.48,0.0000,1868.53
1855,-327.705,852.464,0,570.6,120,2209.11,2179.7,2210.0,2235.0,56.18,39.0,53.5,1.0000,50.00,1.0000,100.00,1.0000,200.00,0.9083,499.89,0.0000,986.57,0.0000,1756.46
1856,-1010.096,-247.284,0,536.1,120,3706.34,3662.8,3706.0,3747.1,66.67,48.0,61.5,1.0000,50.00,1.0000,100.00,1.0000,200.00,1.0000,500.00,0.5417,999.39,0.0000,1948.97
1857,-249.794,199.378,0,84.3,120,4756.78,4724.9,4758.0,4786.0,909.60,557.6,917.5,1.0000,50.00,1.0000,100.00,1.0000,200.00,1.0000,500.00,1.0000,1000.00,0.7000,1999.66
1858,-268.927,-259.117,0,179.8,120,5742.50,5717.8,5741.5,5767.0,515.22,321.5,493.5,1.0000,50.00,1.0000,100.00,1.0000,200.00,1.0000,500.00,1.0000,1000.00,0.9500,1999.94
1859,137.507,-630.421,0,167.5,120,5146.68,5114.9,5144.0,5180.1,530.41,330.8,469.0,1.0000,50.00,1.0000,100.00,1.0000,200.00,1.0000,500.00,1.0000,1000.00,0.4333,1999.18
1860,-561.707,587.618,0,377.7,120,3036.78,3003.0,3034.5,3070.0,136.43,91.6,130.0,1.0000,50.00,1.0000,100.00,1.0000,200.00,1.0000,500.00,0.4750,999.33,0.0000,1944.06
1861,-354.143,418.154,0,144.2,120,3920.65,3890.0,3919.0,3955.1,527.29,346.8,527.5,1.0000,50.00,1.0000,100.00,1.0000,200.00,1.0000,500.00,0.9833,999.98,0.0083,1994.72
1862,-653.258,773.277,0,584.7,120,2175.25,2142.0,2175.5,2206.0,49.74,35.9,46.0,1.0000,50.00,1.0000,100.00,1.0000,200.00,0.9333,499.93,0.0000,984.78,0.0000,1735.88
1863,74.176,-325.712,0,94.4,120,5591.37,5568.0,5592.0,5619.1,749.25,430.8,748.5,1.0000,50.00,1.0000,100.00,1.0000,200.00,1.0000,500.00,1.0000,1000.00,0.8250,1999.82
1864,-635.667,366.877,0,247.1,120,3717.44,3682.9,3721.5,3747.1,295.08,181.0,280.5,1.0000,50.00,1.0000,100.00,1.0000,200.00,1.0000,500.00,0.9500,999.95,0.0000,1986.58
1865,-684.373,669.575,0,510.9,120,2499.87,2465.9,2502.0,2528.1,68.63,46.9,64.0,1.0000,50.00,1.0000,100.00,1.0000,200.00,0.9917,499.99,0.0083,994.27,0.0000,1840.12
1866,-212.661,1113.785,0,830.7,120,1227.14,1188.9,1228.0,1256.0,16.66,13.0,16.0,1.0000,50.00,1.0000,100.00,0.9667,199.97,0.0000,486.28,0.0000,835.29,0.0000,1161.10
1867,294.264,407.861,0,419.6,120,3247.68,3208.0,3245.0,3290.1,114.32,78.8,109.5,1.0000,50.00,1.0000,100.00,1.0000,200.00,1.0000,500.00,0.3833,999.06,0.0000,1938.72
1868,-427.681,854.692,0,586.5,120,2141.91,2108.0,2142.0,2174.1,49.07,36.9,46.0,1.0000,50.00,1.0000,100.00,1.0000,200.00,0.9083,499.91,0.0000,984.08,0.0000,1730.05
1869,-950.936,-433.316,0,524.1,120,4022.98,3971.8,4024.0,4064.4,73.48,55.0,70.0,1.0000,50.00,1.0000,100.00,1.0000,200.00,1.0000,500.00,0.7250,999.71,0.0000,1965.95
1870,226.256,480.053,0,411.1,120,3160.18,3119.9,3159.0,3197.0,118.44,76.9,112.5,1.0000,50.00,1.0000,100.00,1.0000,200.00,1.0000,500.00,0.4917,999.28,0.0000,1937.03
1871,-573.699,1157.719,0,915.2,120,946.48,917.9,945.5,974.1,11.38,9.0,11.0,1.0000,50.00,1.0000,100.00,0.7500,199.70,0.0000,461.18,0.0000,722.24,0.0000,919.91
1872,-481.884,679.696,0,430.9,120,2779.27,2750.0,2775.5,2813.0,103.99,70.9,97.0,1.0000,50.00,1.0000,100.00,1.0000,200.00,1.0000,500.00,0.2417,998.46,0.0000,1908.63
1873,-72.654,-804.296,0,37.1,120,4963.90,4930.0,4965.5,4994.1,853.13,544.7,868.5,1.0000,50.00,1.0000,100.00,1.0000,200.00,1.0000,500.00,1.0000,1000.00,0.7250,1999.67
1874,-659.018,137.358,0,154.5,120,4413.49,4380.0,4420.0,4445.2,498.27,319.7,466.0,1.0000,50.00,1.0000,100.00,1.0000,200.00,1.0000,500.00,1.0000,1000.00,0.0500,1996.89
1875,-700.787,595.005,0,459.7,120,2738.15,2705.9,2738.0,2772.3,88.86,61.9,85.0,1.0000,50.00,1.0000,100.00,1.0000,200.00,0.9917,499.99,0.0667,997.28,0.0000,1889.24
1876,640.649,484.126,0,757.6,120,1741.69,1707.9,1740.5,1777.5,22.23,18.0,21.0,1.0000,50.00,1.0000,100.00,1.0000,200.00,0.0750,497.93,0.0000,932.56,0.0000,1460.70
1877,-231.717,165.557,0,114.9,120,4878.66,4849.9,4877.0,4909.2,896.45,494.2,894.5,1.0000,50.00,1.0000,100.00,1.0000,200.00,1.0000,500.00,1.0000,1000.00,0.8500,1999.84
1878,563.555,-32.784,0,574.2,120,3452.83,3411.9,3453.5,3486.3,56.47,40.0,53.0,1.0000,50.00,1.0000,100.00,1.0000,200.00,1.0000,500.00,0.2833,998.62,0.0000,1919.83
1879,171.942,616.458,0,476.4,120,2753.20,2714.9,2755.0,2786.0,83.85,56.0,80.5,1.0000,50.00,1.0000,100.00,1.0000,200.00,1.0000,500.00,0.0417,997.35,0.0000,1884.95
1880,575.792,197.511,0,601.6,120,2815.30,2774.9,2820.0,2853.3,45.39,34.9,44.5,1.0000,50.00,1.0000,100.00,1.0000,200.00,0.9833,499.98,0.0000,993.70,0.0000,1833.80
1881,196.197,-676.887,0,227.6,120,4903.54,4867.0,4902.0,4938.1,383.29,228.0,358.5,1.0000,50.00,1.0000,100.00,1.0000,200.00,1.0000,500.00,1.0000,1000.00,0.1917,1998.41
1882,-330.661,651.410,0,370.7,120,3009.49,2975.9,3006.5,3041.1,145.47,95.9,134.5,1.0000,50.00,1.0000,100.00,1.0000,200.00,1.0000,500.00,0.5333,999.36,0.0000,1944.87
1883,-263.940,80.030,0,204.2,120,5125.89,5101.8,5125.5,5151.0,632.18,380.0,550.5,1.0000,50.00,1.0000,100.00,1.0000,200.00,1.0000,500.00,1.0000,1000.00,0.8250,1999.83
1884,-2.146,-184.502,0,13.7,120,5587.98,5565.0,5590.0,5611.1,811.15,528.7,797.5,1.0000,50.00,1.0000,100.00,1.0000,200.00,1.0000,500.00,1.0000,1000.00,0.8667,1999.86
1885,375.015,-487.612,0,400.3,120,4676.87,4639.6,4675.5,4718.2,136.46,99.8,128.0,1.0000,50.00,1.0000,100.00,1.0000,200.00,1.0000,500.00,0.9833,999.98,0.0000,1992.75
1886,-931.801,303.312,0,466.8,120,3017.19,2981.0,3015.5,3056.0,87.56,60.0,82.5,1.0000,50.00,1.0000,100.00,1.0000,200.00,1.0000,500.00,0.1833,998.20,0.0000,1908.22
1887,372.736,-176.607,0,388.1,120,4656.62,4614.8,4658.0,4695.1,152.10,103.9,139.5,1.0000,50.00,1.0000,100.00,1.0000,200.00,1.0000,500.00,0.9667,999.97,0.0000,1991.89
1888,611.858,153.423,0,629.7,120,2751.88,2709.0,2753.5,2797.2,39.91,30.0,37.5,1.0000,50.00,1.0000,100.00,1.0000,200.00,0.9583,499.96,0.0000,991.62,0.0000,1811.96
1889,541.223,804.686,0,862.9,120,1185.38,1156.0,1184.5,1218.1,14.53,11.0,14.0,1.0000,50.00,1.0000,100.00,0.9583,199.95,0.0000,481.87,0.0000,812.26,0.0000,1106.91
1890,-524.975,694.533,0,459.6,120,2667.93,2629.9,2666.0,2702.0,92.17,65.9,87.5,1.0000,50.00,1.0000,100.00,1.0000,200.00,1.0000,500.00,0.0250,997.09,0.0000,1887.62
1891,422.840,892.785,0,848.4,120,1214.44,1181.0,1213.0,1249.1,15.75,12.0,15.0,1.0000,50.00,1.0000,100.00,0.9667,199.97,0.0000,484.88,0.0000,826.04,0.0000,1136.83
1892,-534.241,734.050,0,499.8,120,2504.12,2470.6,2504.0,2536.0,72.52,52.0,70.0,1.0000,50.00,1.0000,100.00,1.0000,200.00,0.9750,499.98,0.0167,995.12,0.0000,1847.62
1893,244.242,46.188,0,253.6,120,4643.58,4608.9,4642.5,4683.1,309.11,182.9,292.5,1.0000,50.00,1.0000,100.00,1.0000,200.00,1.0000,500.00,0.9917,999.99,0.0167,1996.03
1894,-285.901,986.643,0,702.6,120,1691.10,1654.0,1692.0,1731.2,29.27,23.9,28.0,1.0000,50.00,1.0000,100.00,1.0000,200.00,0.1917,498.38,0.0000,942.53,0.0000,1498.00
1895,-987.779,-514.097,0,579.6,120,3746.35,3709.9,3745.0,3785.3,56.88,41.0,53.0,1.0000,50.00,1.0000,100.00,1.0000,200.00,1.0000,500.00,0.4500,999.21,0.0000,1943.92
1896,346.641,-117.946,0,360.1,120,4673.51,4636.0,4674.0,4710.1,172.78,113.8,162.5,1.0000,50.00,1.0000,100.00,1.0000,200.00,1.0000,500.00,0.9917,999.99,0.0000,1992.77
1897,-176.663,232.975,0,33.3,120,4650.64,4616.7,4650.5,4684.2,954.15,627.2,973.5,1.0000,50.00,1.0000,100.00,1.0000,200.00,1.0000,500.00,1.0000,1000.00,0.6500,1999.56
1898,-1060.466,-344.781,0,608.7,120,3430.66,3383.0,3430.5,3474.1,48.44,35.9,47.0,1.0000,50.00,1.0000,100.00,1.0000,200.00,1.0000,500.00,0.1917,998.36,0.0000,1915.28
1899,341.945,754.252,0,689.9,120,1843.58,1813.9,1841.0,1876.0,29.82,23.0,29.0,1.0000,50.00,1.0000,100.00,1.0000,200.00,0.3667,499.04,0.0000,954.97,0.0000,1553.39
1900,-838.786,-432.640,0,415.2,120,4585.52,4546.0,4584.0,4625.0,127.71,89.8,119.0,1.0000,50.00,1.0000,100.00,1.0000,200.00,1.0000,500.00,1.0000,1000.00,0.0000,1988.85
1901,33.070,-901.596,0,71.7,120,4510.13,4472.9,4511.0,4542.0,772.37,519.0,769.0,1.0000,50.00,1.0000,100.00,1.0000,200.00,1.0000,500.00,1.0000,1000.00,0.2833,1998.64
1902,-217.191,-612.923,0,143.6,120,5544.57,5521.0,5545.0,5567.2,642.84,410.5,624.0,1.0000,50.00,1.0000,100.00,1.0000,200.00,1.0000,500.00,1.0000,1000.00,0.8583,1999.84
1903,-1.870,157.158,0,36.7,120,4793.30,4758.9,4796.0,4826.1,827.87,537.3,855.0,1.0000,50.00,1.0000,100.00,1.0000,200.00,1.0000,500.00,1.0000,1000.00,0.4833,1999.27
1904,332.138,-211.682,0,348.6,120,4867.53,4824.8,4871.0,4903.0,186.93,128.0,178.0,1.0000,50.00,1.0000,100.00,1.0000,200.00,1.0000,500.00,0.9917,999.99,0.0250,1995.82
1905,157.100,388.944,0,298.9,120,3685.45,3653.7,3687.5,3716.2,221.71,135.8,206.5,1.0000,50.00,1.0000,100.00,1.0000,200.00,1.0000,500.00,0.9500,999.95,0.0000,1979.12
1906,-628.099,-502.595,0,228.0,120,5262.89,5226.8,5267.0,5293.1,394.74,237.7,364.0,1.0000,50.00,1.0000,100.00,1.0000,200.00,1.0000,500.00,1.0000,1000.00,0.2250,1998.74
1907,-109.361,1203.997,0,929.9,120,904.02,875.0,904.0,934.1,11.35,9.0,11.0,1.0000,50.00,1.0000,100.00,0.6083,199.47,0.0000,455.57,0.0000,701.97,0.0000,881.62
1908,717.078,700.054,0,933.5,120,971.89,935.0,970.0,1009.3,11.24,9.0,11.0,1.0000,50.00,1.0000,100.00,0.7333,199.70,0.0000,462.03,0.0000,723.18,0.0000,924.40
1909,-479.325,134.343,0,15.4,120,4779.88,4751.8,4779.5,4808.0,915.98,644.0,891.0,1.0000,50.00,1.0000,100.00,1.0000,200.00,1.0000,500.00,1.0000,1000.00,0.6667,1999.59
1910,-432.859,832.384,0,565.7,120,2224.39,2194.8,2221.0,2263.0,54.64,40.0,51.5,1.0000,50.00,1.0000,100.00,1.0000,200.00,0.9083,499.90,0.0000,987.47,0.0000,1762.08
1911,-258.826,-39.717,0,243.1,120,5426.75,5400.9,5425.0,5451.0,461.00,331.8,424.0,1.0000,50.00,1.0000,100.00,1.0000,200.00,1.0000,500.00,1.0000,1000.00,0.9333,1999.92
1912,-908.320,-56.276,0,395.0,120,4003.47,3965.0,4000.5,4049.0,134.67,87.0,129.0,1.0000,50.00,1.0000,100.00,1.0000,200.00,1.0000,500.00,0.9167,999.92,0.0000,1977.86
1913,-601.699,-254.470,0,141.8,120,5348.48,5320.9,5348.0,5377.1,591.62,340.5,568.0,1.0000,50.00,1.0000,100.00,1.0000,200.00,1.0000,500.00,1.0000,1000.00,0.6583,1999.55
1914,674.610,578.035,0,832.3,120,1379.69,1341.5,1379.5,1417.1,16.15,12.9,16.0,1.0000,50.00,1.0000,100.00,0.9833,199.98,0.0000,490.45,0.0000,862.62,0.0000,1236.21
1915,243.965,-327.925,0,264.2,120,5228.12,5195.7,5227.0,5264.2,309.04,193.3,279.0,1.0000,50.00,1.0000,100.00,1.0000,200.00,1.0000,500.00,1.0000,1000.00,0.2667,1998.72
1916,-735.648,662.233,0,534.3,120,2422.89,2391.8,2427.0,2452.1,62.17,46.0,59.5,1.0000,50.00,1.0000,100.00,1.0000,200.00,0.9500,499.95,0.0000,992.48,0.0000,1814.44
1917,97.952,-496.610,0,123.7,120,5463.43,5435.8,5458.0,5494.4,737.23,435.8,719.0,1.0000,50.00,1.0000,100.00,1.0000,200.00,1.0000,500.00,1.0000,1000.00,0.6667,1999.61
1918,-389.481,-593.365,0,18.7,120,5521.43,5494.8,5521.0,5550.3,853.60,561.6,864.0,1.0000,50.00,1.0000,100.00,1.0000,200.00,1.0000,500.00,1.0000,1000.00,0.7000,1999.66
1919,-117.408,-81.907,0,104.8,120,5505.60,5477.9,5505.0,5528.2,727.02,447.1,719.5,1.0000,50.00,1.0000,100.00,1.0000,200.00,1.0000,500.00,1.0000,1000.00,0.9333,1999.92
1920,-434.115,979.218,0,710.0,120,1663.48,1633.9,1665.5,1694.0,27.34,21.0,26.0,1.0000,50.00,1.0000,100.00,1.0000,200.00,0.1833,498.28,0.0000,939.39,0.0000,1481.10
1921,-216.946,-479.907,0,176.3,120,5735.12,5709.9,5734.0,5758.0,592.80,398.9,554.0,1.0000,50.00,1.0000,100.00,1.0000,200.00,1.0000,500.00,1.0000,1000.00,0.8333,1999.83
1922,198.114,688.961,0,550.5,120,2406.66,2364.9,2406.0,2451.1,58.41,39.9,54.5,1.0000,50.00,1.0000,100.00,1.0000,200.00,0.9833,499.98,0.0000,991.24,0.0000,1797.58
1923,116.948,346.464,0,240.8,120,3927.18,3891.8,3927.5,3963.1,319.10,188.9,287.5,1.0000,50.00,1.0000,100.00,1.0000,200.00,1.0000,500.00,0.9667,999.97,0.0000,1988.72
1924,168.778,111.802,0,185.7,120,4647.64,4612.9,4645.5,4689.1,417.39,262.9,389.5,1.0000,50.00,1.0000,100.00,1.0000,200.00,1.0000,500.00,1.0000,1000.00,0.0833,1997.27
1925,-789.150,-247.985,0,322.0,120,4772.76,4739.0,4771.5,4805.1,209.12,138.6,190.0,1.0000,50.00,1.0000,100.00,1.0000,200.00,1.0000,500.00,1.0000,1000.00,0.0083,1995.78
1926,360.222,374.875,0,458.6,120,3156.93,3117.7,3159.5,3200.0,93.90,61.9,89.0,1.0000,50.00,1.0000,100.00,1.0000,200.00,1.0000,500.00,0.3417,998.96,0.0000,1921.38
1927,72.258,165.490,0,107.9,120,4664.96,4626.8,4668.0,4700.3,660.39,413.5,624.0,1.0000,50.00,1.0000,100.00,1.0000,200.00,1.0000,500.00,1.0000,1000.00,0.1917,1998.25
1928,-984.131,-141.706,0,485.2,120,3757.20,3722.9,3758.0,3797.0,84.22,60.9,83.5,1.0000,50.00,1.0000,100.00,1.0000,200.00,1.0000,500.00,0.6500,999.61,0.0000,1958.08
1929,568.235,885.689,0,939.2,120,912.39,878.0,913.0,945.0,10.88,9.0,11.0,1.0000,50.00,1.0000,100.00,0.6000,199.48,0.0000,454.71,0.0000,699.48,0.0000,878.88
1930,259.175,-177.810,0,274.6,120,5069.40,5028.9,5070.0,5108.1,289.84,171.8,269.0,1.0000,50.00,1.0000,100.00,1.0000,200.00,1.0000,500.00,1.0000,1000.00,0.1417,1998.02
1931,-34.448,907.306,0,652.6,120,1902.46,1866.0,1904.5,1937.0,36.52,27.0,35.0,1.0000,50.00,1.0000,100.00,1.0000,200.00,0.5750,499.43,0.0000,966.06,0.0000,1612.75
1932,-977.785,-170.532,0,486.0,120,3821.07,3779.0,3821.0,3856.0,82.42,60.9,78.5,1.0000,50.00,1.0000,100.00,1.0000,200.00,1.0000,500.00,0.7583,999.72,0.0000,1960.00
1933,-423.334,-329.389,0,12.9,120,5677.86,5652.9,5679.5,5700.0,893.55,615.2,905.5,1.0000,50.00,1.0000,100.00,1.0000,200.00,1.0000,500.00,1.0000,1000.00,0.9333,1999.93
1934,-334.601,-216.660,0,126.5,120,5676.18,5651.0,5674.0,5702.1,661.26,422.3,663.0,1.0000,50.00,1.0000,100.00,1.0000,200.00,1.0000,500.00,1.0000,1000.00,0.9667,1999.97
1935,-379.230,-194.731,0,88.5,120,5618.01,5590.9,5618.0,5646.2,758.80,430.8,739.5,1.0000,50.00,1.0000,100.00,1.0000,200.00,1.0000,500.00,1.0000,1000.00,0.9250,1999.92
1936,-25.417,-804.216,0,10.2,120,4924.27,4893.0,4922.0,4961.3,868.56,539.2,868.5,1.0000,50.00,1.0000,100.00,1.0000,200.00,1.0000,500.00,1.0000,1000.00,0.6917,1999.66
1937,-161.526,933.281,0,654.8,120,1879.46,1848.9,1878.5,1915.0,36.01,27.0,35.0,1.0000,50.00,1.0000,100.00,1.0000,200.00,0.4667,499.34,0.0000,964.64,0.0000,1602.50
1938,348.191,-447.947,0,372.2,120,4827.83,4786.9,4826.0,4868.2,157.66,109.9,146.5,1.0000,50.00,1.0000,100.00,1.0000,200.00,1.0000,500.00,0.9917,999.99,0.0000,1994.32
1939,-341.060,-33.624,0,164.9,120,5371.44,5344.9,5370.5,5398.0,582.42,364.6,541.0,1.0000,50.00,1.0000,100.00,1.0000,200.00,1.0000,500.00,1.0000,1000.00,0.8917,1999.89
1940,-56.202,-281.349,0,37.3,120,5716.31,5692.9,5715.0,5740.0,849.98,568.9,858.5,1.0000,50.00,1.0000,100.00,1.0000,200.00,1.0000,500.00,1.0000,1000.00,0.9667,1999.97
1941,215.490,641.454,0,522.7,120,2560.46,2522.9,2563.0,2588.1,66.26,48.0,63.5,1.0000,50.00,1.0000,100.00,1.0000,200.00,0.9667,499.97,0.0000,994.41,0.0000,1838.09
1942,532.397,606.468,0,728.6,120,1778.13,1745.9,1779.0,1813.3,25.40,19.0,24.0,1.0000,50.00,1.0000,100.00,1.0000,200.00,0.2250,498.40,0.0000,940.89,0.0000,1492.89
1943,-434.503,875.323,0,608.0,120,2056.78,2020.0,2061.0,2091.7,44.93,33.0,42.0,1.0000,50.00,1.0000,100.00,1.0000,200.00,0.8250,499.81,0.0000,979.05,0.0000,1693.77
1944,-313.248,90.064,0,176.8,120,5072.87,5042.9,5074.0,5100.0,706.07,394.8,662.0,1.0000,50.00,1.0000,100.00,1.0000,200.00,1.0000,500.00,1.0000,1000.00,0.8167,1999.81
1945,-385.404,1252.554,0,974.3,120,768.73,743.9,768.0,793.1,9.01,7.0,9.0,1.0000,50.00,0.9917,99.99,0.2333,198.59,0.0000,431.67,0.0000,627.73,0.0000,755.83
1946,76.302,980.169,0,755.0,120,1514.27,1482.9,1516.0,1546.1,22.79,18.0,22.0,1.0000,50.00,1.0000,100.00,1.0000,200.00,0.0250,496.02,0.0000,910.51,0.0000,1372.09
1947,-234.377,-300.365,0,203.2,120,5775.15,5754.9,5775.0,5795.2,495.93,333.8,468.0,1.0000,50.00,1.0000,100.00,1.0000,200.00,1.0000,500.00,1.0000,1000.00,0.9417,1999.94
1948,152.209,-564.539,0,180.1,120,5249.06,5219.8,5248.5,5280.2,520.38,310.6,503.0,1.0000,50.00,1.0000,100.00,1.0000,200.00,1.0000,500.00,1.0000,1000.00,0.4917,1999.33
1949,-939.648,277.002,0,464.6,120,3064.52,3024.9,3065.0,3097.3,85.12,61.0,82.5,1.0000,50.00,1.0000,100.00,1.0000,200.00,1.0000,500.00,0.2167,998.36,0.0000,1912.74
1950,164.238,-2.907,0,174.2,120,4982.71,4946.8,4983.0,5016.1,513.19,328.0,480.5,1.0000,50.00,1.0000,100.00,1.0000,200.00,1.0000,500.00,1.0000,1000.00,0.2667,1998.58
1951,-317.794,-27.757,0,188.9,120,5369.82,5346.7,5370.5,5396.0,525.73,320.5,484.5,1.0000,50.00,1.0000,100.00,1.0000,200.00,1.0000,500.00,1.0000,1000.00,0.9333,1999.92
1952,202.444,419.817,0,353.4,120,3455.94,3414.0,3454.5,3497.1,160.63,106.9,149.5,1.0000,50.00,1.0000,100.00,1.0000,200.00,1.0000,500.00,0.7750,999.76,0.0000,1964.72
1953,684.851,761.048,0,943.3,120,924.14,892.7,924.0,955.1,10.70,8.0,10.0,1.0000,50.00,1.0000,100.00,0.7000,199.61,0.0000,455.82,0.0000,700.91,0.0000,884.24
1954,-74.971,411.291,0,171.3,120,3934.04,3903.7,3930.0,3969.2,460.30,270.0,415.5,1.0000,50.00,1.0000,100.00,1.0000,200.00,1.0000,500.00,0.9917,999.99,0.0000,1993.26
1955,-172.231,-648.540,0,141.5,120,5462.55,5438.0,5462.0,5489.0,685.51,461.7,664.5,1.0000,50.00,1.0000,100.00,1.0000,200.00,1.0000,500.00,1.0000,1000.00,0.8333,1999.81
1956,-284.221,131.678,0,150.6,120,4966.13,4935.0,4966.0,4995.0,717.14,424.6,698.0,1.0000,50.00,1.0000,100.00,1.0000,200.00,1.0000,500.00,1.0000,1000.00,0.8167,1999.80
1957,36.440,398.129,0,220.8,120,3863.27,3830.0,3865.0,3894.0,382.42,233.6,357.0,1.0000,50.00,1.0000,100.00,1.0000,200.00,1.0000,500.00,0.9750,999.98,0.0000,1989.84
1958,-647.223,350.660,0,245.1,120,3752.53,3722.0,3749.5,3787.3,294.22,194.0,276.0,1.0000,50.00,1.0000,100.00,1.0000,200.00,1.0000,500.00,0.9583,999.96,0.0000,1986.23
1959,-472.561,-199.558,0,3.2,120,5519.66,5490.0,5520.0,5549.0,864.08,589.0,861.5,1.0000,50.00,1.0000,100.00,1.0000,200.00,1.0000,500.00,1.0000,1000.00,0.9417,1999.92
1960,594.852,113.729,0,608.1,120,2943.63,2899.0,2943.5,2984.0,45.31,31.9,44.0,1.0000,50.00,1.0000,100.00,1.0000,200.00,0.9917,499.99,0.0000,994.95,0.0000,1852.03
1961,-288.149,962.016,0,678.1,120,1784.62,1754.0,1782.0,1815.2,31.98,24.0,31.0,1.0000,50.00,1.0000,100.00,1.0000,200.00,0.3167,498.82,0.0000,954.40,0.0000,1553.97
1962,320.137,192.644,0,351.7,120,3937.71,3898.7,3937.0,3971.1,171.42,106.0,156.0,1.0000,50.00,1.0000,100.00,1.0000,200.00,1.0000,500.00,0.8417,999.84,0.0000,1979.03
1963,-257.291,-476.053,0,138.1,120,5738.69,5712.0,5737.5,5765.1,638.12,416.4,583.5,1.0000,50.00,1.0000,100.00,1.0000,200.00,1.0000,500.00,1.0000,1000.00,0.8750,1999.88
1964,542.639,291.131,0,593.2,120,2701.09,2658.9,2702.5,2736.1,46.60,34.9,43.0,1.0000,50.00,1.0000,100.00,1.0000,200.00,0.9917,499.99,0.0000,992.70,0.0000,1818.31
1965,-703.625,268.555,0,245.5,120,3891.06,3853.8,3887.0,3931.0,315.12,183.0,290.0,1.0000,50.00,1.0000,100.00,1.0000,200.00,1.0000,500.00,0.9833,999.98,0.0000,1987.65
1966,668.625,689.885,0,888.0,120,1129.76,1100.9,1131.0,1159.1,13.02,10.0,13.0,1.0000,50.00,1.0000,100.00,0.8917,199.88,0.0000,477.20,0.0000,787.92,0.0000,1056.21
1967,-342.328,1188.581,0,906.9,120,973.90,945.0,975.0,1007.0,12.73,10.0,12.0,1.0000,50.00,1.0000,100.00,0.8167,199.80,0.0000,464.95,0.0000,736.86,0.0000,945.92
1968,-70.278,156.786,0,23.0,120,4860.93,4835.8,4859.5,4892.1,912.66,629.0,914.0,1.0000,50.00,1.0000,100.00,1.0000,200.00,1.0000,500.00,1.0000,1000.00,0.6500,1999.53
1969,-33.418,951.045,0,695.2,120,1738.83,1703.9,1739.5,1776.1,29.79,23.0,28.5,1.0000,50.00,1.0000,100.00,1.0000,200.00,0.2250,498.44,0.0000,948.17,0.0000,1521.66
1970,-31.255,105.588,0,10.0,120,4984.70,4955.9,4981.5,5015.0,861.17,592.6,880.0,1.0000,50.00,1.0000,100.00,1.0000,200.00,1.0000,500.00,1.0000,1000.00,0.6833,1999.62
1971,-649.140,-148.909,0,162.0,120,5108.02,5077.0,5105.0,5145.0,568.10,332.6,550.5,1.0000,50.00,1.0000,100.00,1.0000,200.00,1.0000,500.00,1.0000,1000.00,0.4833,1999.19
1972,587.635,901.900,0,964.4,120,833.45,810.9,833.0,860.0,9.72,8.0,9.0,1.0000,50.00,1.0000,100.00,0.3500,198.96,0.0000,441.60,0.0000,658.06,0.0000,808.42
1973,290.068,843.295,0,729.7,120,1653.03,1622.0,1655.0,1685.1,25.04,18.9,24.0,1.0000,50.00,1.0000,100.00,1.0000,200.00,0.1000,497.56,0.0000,931.50,0.0000,1450.55
1974,-849.368,-339.773,0,402.8,120,4559.74,4522.5,4560.5,4602.1,144.54,97.9,138.0,1.0000,50.00,1.0000,100.00,1.0000,200.00,1.0000,500.00,0.9917,999.99,0.0000,1990.23
1975,632.844,634.062,0,826.8,120,1377.80,1342.7,1380.0,1407.3,16.81,13.0,16.0,1.0000,50.00,1.0000,100.00,1.0000,200.00,0.0000,491.34,0.0000,866.23,0.0000,1241.77
1976,-753.934,914.946,0,757.1,120,1508.69,1470.8,1510.5,1540.4,22.98,17.0,22.0,1.0000,50.00,1.0000,100.00,0.9917,199.99,0.0083,495.88,0.0000,909.93,0.0000,1371.36
1977,111.594,1064.203,0,846.0,120,1184.12,1149.9,1185.5,1217.1,15.24,12.0,15.0,1.0000,50.00,1.0000,100.00,0.9667,199.96,0.0000,484.02,0.0000,819.98,0.0000,1121.58
1978,310.027,1117.535,0,975.4,120,776.36,745.9,776.0,808.5,9.53,8.0,9.0,1.0000,50.00,1.0000,100.00,0.2750,198.72,0.0000,431.24,0.0000,629.62,0.0000,760.12
1979,-736.273,-383.740,0,303.9,120,5014.80,4977.0,5010.0,5055.1,239.47,154.9,223.5,1.0000,50.00,1.0000,100.00,1.0000,200.00,1.0000,500.00,1.0000,1000.00,0.0417,1997.35
1980,-736.104,585.638,0,474.7,120,2694.07,2662.7,2694.0,2722.0,83.76,58.0,80.0,1.0000,50.00,1.0000,100.00,1.0000,200.00,0.9833,499.98,0.0667,997.08,0.0000,1881.43
1981,329.079,888.828,0,789.3,120,1423.62,1387.8,1421.5,1458.2,20.23,15.0,19.0,1.0000,50.00,1.0000,100.00,1.0000,200.00,0.0000,493.72,0.0000,886.60,0.0000,1296.72
1982,-123.248,-438.964,0,99.3,120,5744.46,5718.9,5744.0,5766.3,752.48,475.3,734.0,1.0000,50.00,1.0000,100.00,1.0000,200.00,1.0000,500.00,1.0000,1000.00,0.8750,1999.87
1983,454.455,899.885,0,873.8,120,1120.77,1090.0,1122.5,1150.1,13.98,11.0,14.0,1.0000,50.00,1.0000,100.00,0.9333,199.93,0.0000,478.00,0.0000,791.39,0.0000,1058.91
1984,-799.580,74.993,0,282.5,120,4158.23,4123.9,4155.0,4194.1,247.65,144.9,228.5,1.0000,50.00,1.0000,100.00,1.0000,200.00,1.0000,500.00,1.0000,1000.00,0.0000,1989.43
1985,259.991,-187.516,0,275.8,120,5083.60,5053.8,5086.0,5111.4,286.15,178.9,262.0,1.0000,50.00,1.0000,100.00,1.0000,200.00,1.0000,500.00,1.0000,1000.00,0.1333,1998.08
1986,-198.512,1255.010,0,972.5,120,779.61,753.8,778.5,808.1,9.88,8.0,9.0,1.0000,50.00,1.0000,100.00,0.2000,198.59,0.0000,433.01,0.0000,634.17,0.0000,765.61
1987,-686.674,-56.209,0,176.3,120,4840.47,4806.0,4842.5,4874.1,474.43,294.9,445.5,1.0000,50.00,1.0000,100.00,1.0000,200.00,1.0000,500.00,1.0000,1000.00,0.2000,1998.36
1988,-586.488,469.756,0,290.9,120,3433.29,3399.9,3433.0,3463.1,224.19,140.0,214.5,1.0000,50.00,1.0000,100.00,1.0000,200.00,1.0000,500.00,0.8917,999.89,0.0000,1975.42
1989,-60.057,-420.819,0,36.7,120,5721.08,5694.9,5721.5,5746.0,826.39,514.7,830.0,1.0000,50.00,1.0000,100.00,1.0000,200.00,1.0000,500.00,1.0000,1000.00,0.9083,1999.90
1990,227.625,799.264,0,658.6,120,1935.12,1902.8,1935.5,1969.0,35.31,26.0,33.5,1.0000,50.00,1.0000,100.00,1.0000,200.00,0.4917,499.38,0.0000,966.03,0.0000,1610.12
1991,142.088,995.261,0,792.9,120,1382.17,1355.0,1384.0,1411.0,19.67,14.9,18.0,1.0000,50.00,1.0000,100.00,1.0000,200.00,0.0000,493.04,0.0000,880.08,0.0000,1275.72
1992,-195.603,500.615,0,221.3,120,3635.12,3599.9,3637.0,3668.2,354.48,219.8,325.0,1.0000,50.00,1.0000,100.00,1.0000,200.00,1.0000,500.00,0.9750,999.98,0.0000,1987.60
1993,649.151,453.650,0,752.0,120,1788.83,1749.9,1791.0,1825.7,23.05,17.9,22.0,1.0000,50.00,1.0000,100.00,1.0000,200.00,0.1417,498.12,0.0000,938.53,0.0000,1485.24
1994,88.161,915.623,0,698.8,120,1735.62,1697.9,1737.5,1768.2,28.57,22.0,28.0,1.0000,50.00,1.0000,100.00,1.0000,200.00,0.2833,498.68,0.0000,946.31,0.0000,1512.21
1995,258.382,1065.940,0,905.9,120,994.66,962.8,995.0,1024.1,12.06,9.9,11.0,1.0000,50.00,1.0000,100.00,0.8167,199.79,0.0000,467.41,0.0000,744.10,0.0000,958.48
1996,-482.987,-164.493,0,4.8,120,5460.84,5431.9,5461.0,5491.3,860.52,589.0,875.0,1.0000,50.00,1.0000,100.00,1.0000,200.00,1.0000,500.00,1.0000,1000.00,0.8833,1999.88
1997,-61.301,782.152,0,524.7,120,2419.99,2385.0,2422.5,2452.2,60.89,45.0,58.5,1.0000,50.00,1.0000,100.00,1.0000,200.00,0.9833,499.98,0.0000,992.59,0.0000,1820.47
1998,122.649,536.851,0,383.1,120,3160.05,3123.9,3161.5,3193.2,128.22,91.0,122.5,1.0000,50.00,1.0000,100.00,1.0000,200.00,1.0000,500.00,0.5500,999.33,0.0000,1946.10
1999,-355.525,560.782,0,284.3,120,3361.06,3333.0,3360.0,3395.1,233.90,140.4,217.0,1.0000,50.00,1.0000,100.00,1.0000,200.00,1.0000,500.00,0.9000,999.90,0.0000,1976.10
2000,-59.577,-801.202,0,24.1,120,4963.57,4928.6,4965.5,4998.0,841.27,542.9,861.5,1.0000,50.00,1.0000,100.00,1.0000,200.00,1.0000,500.00,1.0000,1000.00,0.7167,1999.67
2001,-920.184,-127.204,0,419.6,120,4062.57,4024.7,4062.5,4099.1,116.88,75.9,107.5,1.0000,50.00,1.0000,100.00,1.0000,200.00,1.0000,500.00,0.9000,999.90,0.0000,1977.55
2002,-871.558,-166.851,0,382.1,120,4340.61,4301.0,4339.0,4380.2,150.59,99.9,138.0,1.0000,50.00,1.0000,100.00,1.0000,200.00,1.0000,500.00,0.9500,999.95,0.0000,1987.93
2003,-680.500,928.351,0,735.8,120,1575.72,1546.8,1573.0,1608.3,25.43,19.0,25.0,1.0000,50.00,1.0000,100.00,1.0000,200.00,0.0833,497.23,0.0000,923.67,0.0000,1419.48
2004,-158.076,249.408,0,10.7,120,4587.91,4559.0,4585.5,4619.1,871.52,555.6,914.5,1.0000,50.00,1.0000,100.00,1.0000,200.00,1.0000,500.00,1.0000,1000.00,0.4833,1999.28
2005,-363.698,793.660,0,515.9,120,2424.61,2383.9,2427.0,2461.0,67.43,48.0,61.0,1.0000,50.00,1.0000,100.00,1.0000,200.00,0.9750,499.98,0.0000,993.79,0.0000,1829.78
2006,522.153,691.841,0,773.2,120,1553.67,1511.8,1553.0,1596.0,20.89,15.9,20.0,1.0000,50.00,1.0000,100.00,1.0000,200.00,0.0083,495.81,0.0000,908.25,0.0000,1367.41
2007,345.820,746.608,0,686.6,120,1859.44,1826.9,1860.5,1889.3,29.62,23.0,29.0,1.0000,50.00,1.0000,100.00,1.0000,200.00,0.4417,499.10,0.0000,957.22,0.0000,1561.32
2008,-418.118,832.678,0,563.0,120,2232.00,2202.9,2231.5,2263.2,51.13,38.0,48.5,1.0000,50.00,1.0000,100.00,1.0000,200.00,0.9667,499.97,0.0000,987.67,0.0000,1764.12
2009,-370.297,369.372,0,101.3,120,4096.62,4060.9,4097.5,4129.9,681.24,427.5,643.5,1.0000,50.00,1.0000,100.00,1.0000,200.00,1.0000,500.00,1.0000,1000.00,0.0333,1996.92
2010,337.436,246.985,0,384.7,120,3688.82,3647.9,3690.0,3726.0,132.88,83.0,134.0,1.0000,50.00,1.0000,100.00,1.0000,200.00,1.0000,500.00,0.8417,999.84,0.0000,1966.49
2011,-444.705,-638.996,0,83.4,120,5370.63,5341.8,5372.0,5397.2,778.89,482.5,770.0,1.0000,50.00,1.0000,100.00,1.0000,200.00,1.0000,500.00,1.0000,1000.00,0.5083,1999.30
2012,-793.662,-174.407,0,308.4,120,4678.26,4644.3,4678.5,4716.2,224.75,141.8,208.0,1.0000,50.00,1.0000,100.00,1.0000,200.00,1.0000,500.00,0.9917,999.99,0.0000,1994.97
2013,-222.150,603.769,0,321.0,120,3220.35,3186.0,3220.0,3257.1,193.50,125.9,173.5,1.0000,50.00,1.0000,100.00,1.0000,200.00,1.0000,500.00,0.8167,999.78,0.0000,1964.90
2014,209.108,-512.892,0,235.3,120,5197.73,5170.0,5196.5,5229.1,378.99,242.7,365.0,1.0000,50.00,1.0000,100.00,1.0000,200.00,1.0000,500.00,1.0000,1000.00,0.3417,1998.92
2015,-122.201,-435.047,0,98.3,120,5746.48,5725.0,5746.5,5766.2,738.55,430.3,723.0,1.0000,50.00,1.0000,100.00,1.0000,200.00,1.0000,500.00,1.0000,1000.00,0.9417,1999.93
2016,-126.027,-420.481,0,102.6,120,5757.61,5731.0,5759.0,5783.0,697.62,427.8,657.0,1.0000,50.00,1.0000,100.00,1.0000,200.00,1.0000,500.00,1.0000,1000.00,0.9417,1999.94
2017,-578.844,796.165,0,574.0,120,2208.12,2166.0,2211.0,2237.1,50.54,37.9,48.0,1.0000,50.00,1.0000,100.00,1.0000,200.00,0.9750,499.98,0.0000,985.67,0.0000,1751.22
2018,-793.306,-82.130,0,285.9,120,4538.74,4502.0,4537.0,4572.2,246.28,164.3,238.0,1.0000,50.00,1.0000,100.00,1.0000,200.00,1.0000,500.00,0.9833,999.98,0.0000,1994.27
2019,423.214,90.302,0,435.0,120,3844.56,3804.0,3844.0,3879.4,106.60,72.0,103.0,1.0000,50.00,1.0000,100.00,1.0000,200.00,1.0000,500.00,0.7500,999.72,0.0000,1966.38
2020,-641.146,124.086,0,133.9,120,4504.06,4471.0,4502.5,4536.3,619.64,387.7,620.0,1.0000,50.00,1.0000,100.00,1.0000,200.00,1.0000,500.00,1.0000,1000.00,0.1250,1997.62
2021,-319.530,295.594,0,17.1,120,4401.04,4375.0,4400.5,4429.0,839.60,541.7,816.5,1.0000,50.00,1.0000,100.00,1.0000,200.00,1.0000,500.00,1.0000,1000.00,0.3167,1998.77
2022,43.008,8.197,0,52.7,120,5173.07,5142.0,5172.0,5210.0,805.74,456.4,814.5,1.0000,50.00,1.0000,100.00,1.0000,200.00,1.0000,500.00,1.0000,1000.00,0.7083,1999.67
2023,56.868,631.882,0,427.7,120,2891.82,2850.7,2890.5,2929.0,110.35,75.8,105.0,1.0000,50.00,1.0000,100.00,1.0000,200.00,1.0000,500.00,0.2250,998.62,0.0000,1916.08
2024,-317.016,526.683,0,245.2,120,3519.54,3487.9,3520.0,3553.0,300.06,178.0,279.5,1.0000,50.00,1.0000,100.00,1.0000,200.00,1.0000,500.00,0.9250,999.92,0.0000,1983.22
2025,415.816,455.863,0,547.7,120,2670.52,2637.6,2669.5,2707.2,57.62,43.8,53.0,1.0000,50.00,1.0000,100.00,1.0000,200.00,0.9833,499.98,0.0000,994.17,0.0000,1835.22
2026,-269.222,55.137,0,228.6,120,5194.26,5165.8,5197.0,5218.1,519.07,330.0,479.5,1.0000,50.00,1.0000,100.00,1.0000,200.00,1.0000,500.00,1.0000,1000.00,0.9333,1999.92
2027,219.826,813.554,0,666.5,120,1903.05,1871.0,1904.5,1933.0,33.67,26.0,32.0,1.0000,50.00,1.0000,100.00,1.0000,200.00,0.5083,499.38,0.0000,963.73,0.0000,1595.19
2028,-604.986,897.179,0,677.5,120,1799.08,1763.0,1799.0,1832.2,30.80,22.0,29.0,1.0000,50.00,1.0000,100.00,1.0000,200.00,0.3583,499.07,0.0000,955.27,0.0000,1556.96
2029,-243.531,-115.470,0,229.8,120,5575.88,5552.8,5576.5,5598.1,459.11,306.9,422.5,1.0000,50.00,1.0000,100.00,1.0000,200.00,1.0000,500.00,1.0000,1000.00,0.9083,1999.91
2030,-636.499,-382.346,0,206.8,120,5312.60,5283.9,5312.0,5344.0,423.79,272.1,402.0,1.0000,50.00,1.0000,100.00,1.0000,200.00,1.0000,500.00,1.0000,1000.00,0.4583,1999.13
2031,-1053.128,-295.573,0,589.6,120,3472.28,3433.9,3476.0,3510.2,51.58,38.0,49.0,1.0000,50.00,1.0000,100.00,1.0000,200.00,1.0000,500.00,0.2167,998.53,0.0000,1922.24
2032,864.389,733.598,0,1075.2,120,554.08,528.8,551.0,583.1,6.48,5.0,6.0,0.9917,49.99,0.8833,99.86,0.0000,192.35,0.0000,364.64,0.0000,480.07,0.0000,545.07
2033,-452.251,-540.996,0,66.8,120,5535.32,5507.9,5533.0,5569.0,831.38,505.0,852.5,1.0000,50.00,1.0000,100.00,1.0000,200.00,1.0000,500.00,1.0000,1000.00,0.6083,1999.54
2034,-480.368,-211.107,0,13.6,120,5526.06,5499.0,5523.5,5557.1,904.01,573.2,915.0,1.0000,50.00,1.0000,100.00,1.0000,200.00,1.0000,500.00,1.0000,1000.00,0.8500,1999.84
2035,-948.406,-530.578,0,545.4,120,3943.34,3898.9,3942.0,3985.1,65.53,47.9,63.5,1.0000,50.00,1.0000,100.00,1.0000,200.00,1.0000,500.00,0.6500,999.61,0.0000,1958.74
2036,-281.979,1128.316,0,844.2,120,1178.19,1152.6,1176.5,1210.0,15.61,12.0,15.0,1.0000,50.00,1.0000,100.00,0.9750,199.97,0.0000,483.48,0.0000,819.00,0.0000,1120.84
2037,310.069,12.062,0,319.5,120,4518.37,4477.3,4519.0,4562.2,200.16,130.0,181.5,1.0000,50.00,1.0000,100.00,1.0000,200.00,1.0000,500.00,0.9750,999.98,0.0000,1992.56
2038,-552.110,1082.406,0,836.8,120,1207.13,1173.9,1204.0,1242.0,16.35,12.0,16.0,1.0000,50.00,1.0000,100.00,0.9667,199.97,0.0000,485.88,0.0000,830.24,0.0000,1144.90
2039,-883.547,-461.836,0,465.7,120,4349.99,4308.8,4350.5,4396.1,97.12,71.0,92.0,1.0000,50.00,1.0000,100.00,1.0000,200.00,1.0000,500.00,0.9000,999.89,0.0000,1981.48
2040,330.891,-190.868,0,346.7,120,4843.88,4807.7,4844.0,4879.2,184.37,122.9,170.0,1.0000,50.00,1.0000,100.00,1.0000,200.00,1.0000,500.00,1.0000,1000.00,0.0083,1994.99
2041,-868.531,-138.151,0,372.2,120,4318.76,4277.8,4322.0,4353.1,151.18,101.9,143.5,1.0000,50.00,1.0000,100.00,1.0000,200.00,1.0000,500.00,0.9583,999.96,0.0000,1987.36
2042,12.907,1105.959,0,856.7,120,1145.70,1112.8,1147.5,1178.1,14.89,11.0,14.0,1.0000,50.00,1.0000,100.00,0.9000,199.90,0.0000,481.50,0.0000,805.92,0.0000,1091.01
2043,-369.419,892.341,0,614.5,120,2034.22,2002.9,2033.0,2068.1,43.29,31.0,41.0,1.0000,50.00,1.0000,100.00,1.0000,200.00,0.7083,499.68,0.0000,977.88,0.0000,1682.62
2044,125.739,-58.346,0,137.5,120,5187.85,5160.0,5188.0,5217.2,597.48,366.0,557.0,1.0000,50.00,1.0000,100.00,1.0000,200.00,1.0000,500.00,1.0000,1000.00,0.4750,1999.31
2045,647.488,670.237,0,859.4,120,1241.14,1208.0,1241.0,1269.3,14.25,11.0,14.0,1.0000,50.00,1.0000,100.00,0.9500,199.95,0.0000,484.72,0.0000,827.33,0.0000,1141.37
2046,-342.954,-588.968,0,27.5,120,5557.18,5531.7,5556.0,5583.0,861.45,566.8,850.0,1.0000,50.00,1.0000,100.00,1.0000,200.00,1.0000,500.00,1.0000,1000.00,0.7583,1999.72
2047,327.881,549.428,0,533.0,120,2613.07,2578.9,2613.0,2647.2,62.07,43.0,57.5,1.0000,50.00,1.0000,100.00,1.0000,200.00,0.9917,499.99,0.0000,994.15,0.0000,1836.54
2048,-194.972,272.741,0,1.9,120,4512.43,4483.0,4512.0,4542.1,925.87,682.5,909.0,1.0000,50.00,1.0000,100.00,1.0000,200.00,1.0000,500.00,1.0000,1000.00,0.4333,1999.14
2049,-638.508,839.413,0,637.5,120,1957.03,1924.9,1959.0,1991.0,36.36,27.9,35.0,1.0000,50.00,1.0000,100.00,1.0000,200.00,0.6833,499.62,0.0000,971.19,0.0000,1638.33
2050,-42.421,1422.144,0,1155.4,120,349.51,324.0,350.0,370.1,4.99,4.0,5.0,0.9917,49.99,0.1417,98.08,0.0000,172.08,0.0000,272.53,0.0000,326.30,0.0000,348.66
2051,-253.939,-483.677,0,139.5,120,5729.63,5707.9,5730.5,5752.0,653.05,414.5,649.0,1.0000,50.00,1.0000,100.00,1.0000,200.00,1.0000,500.00,1.0000,1000.00,0.8917,1999.89
2052,153.376,-806.794,0,188.9,120,4623.88,4593.0,4622.0,4665.1,468.32,269.6,423.0,1.0000,50.00,1.0000,100.00,1.0000,200.00,1.0000,500.00,1.0000,1000.00,0.1250,1997.88
2053,497.453,655.590,0,731.0,120,1742.46,1705.6,1741.0,1784.3,25.94,19.0,25.0,1.0000,50.00,1.0000,100.00,1.0000,200.00,0.1500,497.97,0.0000,938.42,0.0000,1479.97
2054,78.053,935.540,0,713.7,120,1676.03,1644.7,1674.5,1709.4,27.36,20.0,27.0,1.0000,50.00,1.0000,100.00,1.0000,200.00,0.1250,498.16,0.0000,937.95,0.0000,1477.43
2055,-751.307,-135.473,0,257.8,120,4781.54,4751.9,4781.5,4815.0,319.36,199.9,299.0,1.0000,50.00,1.0000,100.00,1.0000,200.00,1.0000,500.00,1.0000,1000.00,0.0833,1996.90
2056,15.438,482.740,0,277.7,120,3556.28,3517.5,3560.0,3591.0,246.96,164.0,228.0,1.0000,50.00,1.0000,100.00,1.0000,200.00,1.0000,500.00,0.9167,999.92,0.0000,1979.93
2057,36.742,539.999,0,337.7,120,3293.03,3258.0,3291.5,3331.0,170.22,113.0,155.0,1.0000,50.00,1.0000,100.00,1.0000,200.00,1.0000,500.00,0.7667,999.74,0.0000,1962.35
2058,287.839,1007.242,0,868.0,120,1119.99,1091.9,1118.0,1151.2,14.44,11.0,14.0,1.0000,50.00,1.0000,100.00,0.9583,199.94,0.0000,479.38,0.0000,795.17,0.0000,1064.41
2059,284.035,789.937,0,682.6,120,1851.06,1812.9,1851.0,1884.0,30.51,22.9,30.0,1.0000,50.00,1.0000,100.00,1.0000,200.00,0.4833,499.23,0.0000,957.69,0.0000,1563.18
2060,95.086,-302.010,0,114.6,120,5558.97,5532.7,5556.5,5588.0,689.95,406.4,704.0,1.0000,50.00,1.0000,100.00,1.0000,200.00,1.0000,500.00,1.0000,1000.00,0.8333,1999.82
2061,113.992,100.667,0,129.8,120,4797.10,4759.0,4798.0,4831.0,567.90,342.8,583.0,1.0000,50.00,1.0000,100.00,1.0000,200.00,1.0000,500.00,1.0000,1000.00,0.2083,1998.46
2062,-715.248,-125.428,0,220.4,120,4883.23,4847.9,4885.5,4915.2,423.14,240.9,385.0,1.0000,50.00,1.0000,100.00,1.0000,200.00,1.0000,500.00,1.0000,1000.00,0.1167,1998.05
2063,-198.365,367.897,0,89.9,120,4156.88,4120.7,4160.5,4185.1,717.45,452.0,722.5,1.0000,50.00,1.0000,100.00,1.0000,200.00,1.0000,500.00,1.0000,1000.00,0.0917,1997.58
2064,-234.622,560.806,0,277.3,120,3398.35,3367.9,3399.0,3430.3,247.61,162.9,230.0,1.0000,50.00,1.0000,100.00,1.0000,200.00,1.0000,500.00,0.9417,999.94,0.0000,1977.40
2065,409.493,-3.705,0,419.3,120,4161.59,4130.5,4159.0,4202.0,125.66,82.7,119.0,1.0000,50.00,1.0000,100.00,1.0000,200.00,1.0000,500.00,0.9417,999.93,0.0000,1980.39
2066,-34.815,-54.731,0,23.1,120,5403.71,5375.9,5403.0,5432.0,860.42,536.9,845.5,1.0000,50.00,1.0000,100.00,1.0000,200.00,1.0000,500.00,1.0000,1000.00,0.8917,1999.89
2067,-207.228,-521.992,0,175.4,120,5689.79,5662.9,5689.5,5717.0,603.50,385.5,582.0,1.0000,50.00,1.0000,100.00,1.0000,200.00,1.0000,500.00,1.0000,1000.00,0.9333,1999.93
2068,631.025,70.910,0,641.1,120,2847.71,2807.9,2851.0,2887.4,39.01,30.0,36.0,1.0000,50.00,1.0000,100.00,1.0000,200.00,0.9833,499.98,0.0000,992.75,0.0000,1825.28
2069,-604.409,73.577,0,88.3,120,4732.24,4697.6,4734.5,4768.3,692.18,405.7,688.0,1.0000,50.00,1.0000,100.00,1.0000,200.00,1.0000,500.00,1.0000,1000.00,0.3000,1998.69
2070,-196.617,-408.534,0,173.6,120,5780.62,5753.9,5783.0,5803.1,569.42,364.7,528.0,1.0000,50.00,1.0000,100.00,1.0000,200.00,1.0000,500.00,1.0000,1000.00,0.9250,1999.92
2071,142.907,155.152,0,171.0,120,4565.01,4526.7,4564.5,4605.2,477.62,300.8,438.0,1.0000,50.00,1.0000,100.00,1.0000,200.00,1.0000,500.00,1.0000,1000.00,0.0333,1996.86
2072,-435.172,968.151,0,699.3,120,1704.92,1675.8,1704.5,1735.0,28.56,22.0,28.0,1.0000,50.00,1.0000,100.00,1.0000,200.00,0.2000,498.45,0.0000,944.26,0.0000,1505.03
2073,-818.679,-139.484,0,324.1,120,4532.98,4493.7,4537.0,4571.5,211.21,136.9,200.0,1.0000,50.00,1.0000,100.00,1.0000,200.00,1.0000,500.00,1.0000,1000.00,0.0000,1993.42
2074,-388.536,91.121,0,116.0,120,5009.13,4981.7,5011.0,5035.1,811.25,458.7,786.0,1.0000,50.00,1.0000,100.00,1.0000,200.00,1.0000,500.00,1.0000,1000.00,0.8333,1999.83
2075,-780.692,226.480,0,298.0,120,3797.93,3754.6,3797.0,3836.1,247.57,154.0,226.0,1.0000,50.00,1.0000,100.00,1.0000,200.00,1.0000,500.00,0.9250,999.92,0.0000,1981.69
2076,-650.229,243.510,0,186.7,120,4101.22,4064.8,4101.5,4136.2,438.40,235.9,422.5,1.0000,50.00,1.0000,100.00,1.0000,200.00,1.0000,500.00,1.0000,1000.00,0.0083,1993.53
2077,-755.890,-107.633,0,255.5,120,4717.54,4681.9,4719.0,4748.0,294.95,185.9,283.5,1.0000,50.00,1.0000,100.00,1.0000,200.00,1.0000,500.00,0.9917,999.99,0.0083,1996.53
2078,-331.716,1047.392,0,765.4,120,1456.38,1428.0,1457.0,1486.1,21.07,16.0,20.0,1.0000,50.00,1.0000,100.00,1.0000,200.00,0.0000,494.95,0.0000,899.50,0.0000,1338.38
2079,-865.856,473.242,0,492.9,120,2726.65,2688.0,2729.0,2761.1,74.67,52.9,71.0,1.0000,50.00,1.0000,100.00,1.0000,200.00,0.9917,499.99,0.0250,996.23,0.0000,1871.87
2080,-590.812,397.939,0,237.6,120,3691.74,3663.0,3687.0,3723.6,328.93,180.9,298.0,1.0000,50.00,1.0000,100.00,1.0000,200.00,1.0000,500.00,0.9833,999.98,0.0000,1986.83
2081,39.256,535.115,0,334.8,120,3308.58,3274.0,3309.0,3340.1,171.39,115.9,162.5,1.0000,50.00,1.0000,100.00,1.0000,200.00,1.0000,500.00,0.7583,999.73,0.0000,1963.56
2082,476.726,-418.825,0,499.8,120,4271.82,4235.9,4269.5,4308.1,82.93,60.9,76.5,1.0000,50.00,1.0000,100.00,1.0000,200.00,1.0000,500.00,0.9000,999.89,0.0000,1977.76
2083,536.983,705.772,0,793.5,120,1469.79,1434.4,1472.0,1499.1,19.70,15.0,19.0,1.0000,50.00,1.0000,100.00,1.0000,200.00,0.0000,493.95,0.0000,891.10,0.0000,1312.82
2084,56.947,306.843,0,169.4,120,4184.37,4150.8,4187.0,4220.0,488.18,288.8,454.0,1.0000,50.00,1.0000,100.00,1.0000,200.00,1.0000,500.00,1.0000,1000.00,0.0000,1994.48
2085,-399.952,-541.841,0,16.3,120,5589.82,5558.8,5588.0,5623.1,895.52,548.5,914.0,1.0000,50.00,1.0000,100.00,1.0000,200.00,1.0000,500.00,1.0000,1000.00,0.7750,1999.75
2086,-672.080,-348.994,0,233.1,120,5217.88,5185.0,5220.0,5244.3,369.23,222.9,336.0,1.0000,50.00,1.0000,100.00,1.0000,200.00,1.0000,500.00,1.0000,1000.00,0.3167,1998.89
2087,223.453,-488.314,0,248.8,120,5191.85,5164.9,5191.0,5222.1,329.37,207.4,299.0,1.0000,50.00,1.0000,100.00,1.0000,200.00,1.0000,500.00,1.0000,1000.00,0.2917,1998.74
2088,96.200,405.189,0,265.7,120,3742.27,3707.8,3742.5,3777.0,263.93,165.9,239.5,1.0000,50.00,1.0000,100.00,1.0000,200.00,1.0000,500.00,0.9917,999.99,0.0000,1983.68
2089,308.613,583.772,0,542.1,120,2542.15,2508.9,2538.5,2580.0,60.17,43.9,57.5,1.0000,50.00,1.0000,100.00,1.0000,200.00,0.9750,499.97,0.0000,993.34,0.0000,1821.47
2090,113.077,585.840,0,417.3,120,2982.81,2948.0,2983.0,3017.4,109.85,80.8,105.0,1.0000,50.00,1.0000,100.00,1.0000,200.00,1.0000,500.00,0.3583,998.84,0.0000,1925.38
2091,481.314,852.492,0,855.5,120,1200.28,1169.7,1203.0,1224.2,14.88,12.0,14.0,1.0000,50.00,1.0000,100.00,0.9417,199.94,0.0000,483.70,0.0000,820.16,0.0000,1121.24
2092,-701.370,-55.669,0,190.6,120,4792.52,4757.0,4794.5,4833.1,451.12,268.8,429.0,1.0000,50.00,1.0000,100.00,1.0000,200.00,1.0000,500.00,1.0000,1000.00,0.0833,1997.94
2093,-594.868,207.967,0,121.0,120,4348.95,4319.9,4349.0,4377.1,611.33,392.9,594.0,1.0000,50.00,1.0000,100.00,1.0000,200.00,1.0000,500.00,0.9917,999.99,0.0250,1997.07
2094,-90.222,-700.561,0,57.9,120,5294.67,5269.0,5294.5,5321.1,841.48,533.5,861.5,1.0000,50.00,1.0000,100.00,1.0000,200.00,1.0000,500.00,1.0000,1000.00,0.7750,1999.76
2095,227.294,622.380,0,515.2,120,2604.07,2562.8,2602.5,2644.1,64.18,47.0,60.5,1.0000,50.00,1.0000,100.00,1.0000,200.00,0.9833,499.98,0.0000,995.06,0.0000,1845.43
2096,-184.007,1265.846,0,984.2,120,742.79,715.9,744.0,771.0,8.90,7.0,9.0,1.0000,50.00,1.0000,100.00,0.2250,198.24,0.0000,425.51,0.0000,612.58,0.0000,731.89
2097,343.206,41.618,0,352.5,120,4318.74,4281.8,4319.0,4360.1,169.63,118.7,161.5,1.0000,50.00,1.0000,100.00,1.0000,200.00,1.0000,500.00,0.9750,999.98,0.0000,1988.03
2098,584.437,906.685,0,965.6,120,831.58,807.0,832.5,857.2,9.97,8.0,10.0,1.0000,50.00,0.9917,99.99,0.4000,199.11,0.0000,442.20,0.0000,659.14,0.0000,806.76
2099,112.257,66.355,0,123.2,120,4908.73,4876.9,4907.5,4940.1,655.93,373.6,662.5,1.0000,50.00,1.0000,100.00,1.0000,200.00,1.0000,500.00,1.0000,1000.00,0.2917,1998.73
2100,-312.448,498.421,0,216.6,120,3630.20,3596.6,3630.5,3663.1,352.91,209.8,341.5,1.0000,50.00,1.0000,100.00,1.0000,200.00,1.0000,500.00,0.9583,999.96,0.0000,1988.86
2101,-376.862,-342.487,0,54.8,120,5722.75,5698.8,5723.0,5745.1,816.14,470.0,835.0,1.0000,50.00,1.0000,100.00,1.0000,200.00,1.0000,500.00,1.0000,1000.00,0.9167,1999.92
2102,-833.135,-163.228,0,343.9,120,4505.93,4468.0,4505.0,4541.1,186.50,124.9,172.5,1.0000,50.00,1.0000,100.00,1.0000,200.00,1.0000,500.00,0.9917,999.99,0.0000,1992.37
2103,30.881,-580.336,0,59.3,120,5435.27,5409.8,5434.0,5465.2,802.44,479.6,811.5,1.0000,50.00,1.0000,100.00,1.0000,200.00,1.0000,500.00,1.0000,1000.00,0.7417,1999.73
2104,23.569,581.808,0,367.9,120,3142.48,3099.0,3147.5,3176.1,156.88,87.9,144.5,1.0000,50.00,1.0000,100.00,1.0000,200.00,1.0000,500.00,0.6250,999.50,0.0000,1950.22
2105,26.652,307.081,0,147.1,120,4228.14,4197.9,4229.5,4257.3,533.41,331.7,508.5,1.0000,50.00,1.0000,100.00,1.0000,200.00,1.0000,500.00,1.0000,1000.00,0.0167,1996.20
2106,-341.719,-33.406,0,164.3,120,5368.11,5345.0,5367.0,5396.2,596.48,375.9,560.0,1.0000,50.00,1.0000,100.00,1.0000,200.00,1.0000,500.00,1.0000,1000.00,0.8750,1999.88
2107,-345.995,1071.517,0,790.5,120,1368.16,1333.0,1369.0,1402.0,19.59,15.0,18.0,1.0000,50.00,1.0000,100.00,1.0000,200.00,0.0000,492.62,0.0000,879.24,0.0000,1273.41
2108,-306.651,1114.992,0,831.6,120,1221.85,1190.8,1223.0,1249.2,16.56,13.0,16.0,1.0000,50.00,1.0000,100.00,0.9750,199.97,0.0000,486.18,0.0000,834.50,0.0000,1157.28
2109,-722.378,132.644,0,214.9,120,4256.76,4220.9,4259.5,4292.1,383.23,229.7,345.5,1.0000,50.00,1.0000,100.00,1.0000,200.00,1.0000,500.00,1.0000,1000.00,0.0000,1993.78
2110,-633.405,620.506,0,442.1,120,2780.53,2742.8,2782.0,2817.0,98.24,62.8,92.5,1.0000,50.00,1.0000,100.00,1.0000,200.00,1.0000,500.00,0.1500,998.21,0.0000,1902.59
2111,195.164,-491.651,0,220.7,120,5260.60,5227.9,5261.0,5290.2,381.18,230.9,358.0,1.0000,50.00,1.0000,100.00,1.0000,200.00,1.0000,500.00,1.0000,1000.00,0.4000,1998.97
2112,199.942,57.308,0,209.9,120,4734.80,4701.9,4737.0,4764.0,381.55,243.9,353.0,1.0000,50.00,1.0000,100.00,1.0000,200.00,1.0000,500.00,1.0000,1000.00,0.0500,1997.07
2113,-291.953,981.746,0,697.9,120,1716.03,1688.0,1717.0,1744.0,29.82,23.0,28.0,1.0000,50.00,1.0000,100.00,1.0000,200.00,0.2667,498.54,0.0000,945.89,0.0000,1511.60
2114,541.507,449.307,0,653.5,120,2223.65,2188.9,2222.0,2259.0,33.98,24.0,33.0,1.0000,50.00,1.0000,100.00,1.0000,200.00,0.7833,499.77,0.0000,978.17,0.0000,1688.42
2115,181.491,-176.319,0,196.9,120,5280.99,5249.8,5280.5,5313.0,448.73,272.8,414.5,1.0000,50.00,1.0000,100.00,1.0000,200.00,1.0000,500.00,1.0000,1000.00,0.4667,1999.28
2116,33.986,-407.684,0,56.9,120,5632.71,5605.8,5633.0,5657.0,807.34,521.4,806.0,1.0000,50.00,1.0000,100.00,1.0000,200.00,1.0000,500.00,1.0000,1000.00,0.8000,1999.79
2117,-607.246,1105.323,0,874.5,120,1081.58,1050.0,1080.5,1114.3,14.03,10.9,14.0,1.0000,50.00,1.0000,100.00,0.8917,199.89,0.0000,476.73,0.0000,782.54,0.0000,1039.08
2118,-486.436,-426.065,0,71.9,120,5593.38,5564.9,5593.0,5619.0,796.67,463.9,826.5,1.0000,50.00,1.0000,100.00,1.0000,200.00,1.0000,500.00,1.0000,1000.00,0.8500,1999.82
2119,75.373,-347.499,0,96.3,120,5593.90,5565.9,5594.5,5622.1,744.83,452.0,728.5,1.0000,50.00,1.0000,100.00,1.0000,200.00,1.0000,500.00,1.0000,1000.00,0.8417,1999.80
2120,-534.227,216.831,0,73.9,120,4434.07,4401.0,4434.0,4467.2,754.38,488.0,709.5,1.0000,50.00,1.0000,100.00,1.0000,200.00,1.0000,500.00,1.0000,1000.00,0.1750,1998.24
2121,-444.311,395.255,0,153.0,120,3928.43,3891.0,3929.0,3966.3,523.99,314.1,486.5,1.0000,50.00,1.0000,100.00,1.0000,200.00,1.0000,500.00,1.0000,1000.00,0.0083,1994.76
2122,432.107,-530.806,0,458.7,120,4375.36,4333.8,4377.0,4412.2,101.09,70.9,97.5,1.0000,50.00,1.0000,100.00,1.0000,200.00,1.0000,500.00,0.9500,999.94,0.0000,1984.74
2123,-296.822,-383.122,0,122.5,120,5770.51,5753.9,5771.0,5788.0,678.73,407.8,662.0,1.0000,50.00,1.0000,100.00,1.0000,200.00,1.0000,500.00,1.0000,1000.00,0.9250,1999.92
2124,-361.457,-444.369,0,44.8,120,5715.02,5693.0,5715.5,5737.0,807.24,533.6,797.0,1.0000,50.00,1.0000,100.00,1.0000,200.00,1.0000,500.00,1.0000,1000.00,0.9083,1999.91
2125,238.774,241.850,0,291.0,120,4027.28,3990.9,4024.0,4068.0,243.27,150.6,222.0,1.0000,50.00,1.0000,100.00,1.0000,200.00,1.0000,500.00,0.9583,999.96,0.0000,1986.14
2126,631.932,584.369,0,799.0,120,1504.14,1473.9,1505.0,1534.0,18.91,14.0,18.5,1.0000,50.00,1.0000,100.00,1.0000,200.00,0.0000,494.02,0.0000,893.74,0.0000,1323.09
2127,-360.230,-158.579,0,115.8,120,5585.31,5557.8,5588.0,5609.1,701.18,415.8,692.0,1.0000,50.00,1.0000,100.00,1.0000,200.00,1.0000,500.00,1.0000,1000.00,0.9750,1999.97
2128,-955.229,-299.604,0,495.6,120,4028.00,3990.9,4026.5,4064.1,80.15,60.9,76.0,1.0000,50.00,1.0000,100.00,1.0000,200.00,1.0000,500.00,0.7917,999.78,0.0000,1969.97
2129,-336.521,713.126,0,432.7,120,2759.72,2723.0,2761.5,2793.1,98.84,68.9,94.5,1.0000,50.00,1.0000,100.00,1.0000,200.00,1.0000,500.00,0.1667,998.17,0.0000,1907.82
2130,167.622,124.876,0,187.2,120,4607.88,4569.5,4610.0,4640.1,450.82,263.0,421.5,1.0000,50.00,1.0000,100.00,1.0000,200.00,1.0000,500.00,1.0000,1000.00,0.0667,1996.97
2131,-84.750,279.241,0,52.6,120,4444.62,4412.9,4445.0,4473.2,770.83,489.0,770.0,1.0000,50.00,1.0000,100.00,1.0000,200.00,1.0000,500.00,1.0000,1000.00,0.2250,1998.62
2132,-322.873,-20.824,0,185.6,120,5353.98,5328.0,5355.0,5377.0,552.15,359.9,503.5,1.0000,50.00,1.0000,100.00,1.0000,200.00,1.0000,500.00,1.0000,1000.00,0.8833,1999.88
2133,-282.430,-313.776,0,153.3,120,5769.61,5746.0,5770.0,5791.0,597.60,374.9,569.5,1.0000,50.00,1.0000,100.00,1.0000,200.00,1.0000,500.00,1.0000,1000.00,0.9500,1999.95
2134,29.128,487.668,0,289.1,120,3518.98,3485.7,3524.5,3551.0,241.72,155.9,223.0,1.0000,50.00,1.0000,100.00,1.0000,200.00,1.0000,500.00,0.8917,999.89,0.0000,1977.53
2135,222.136,496.544,0,419.4,120,3103.64,3064.8,3101.5,3146.0,111.15,72.9,104.5,1.0000,50.00,1.0000,100.00,1.0000,200.00,1.0000,500.00,0.3667,999.03,0.0000,1930.59
2136,22.501,1230.983,0,980.4,120,755.33,728.9,752.5,784.1,9.18,7.0,9.0,1.0000,50.00,0.9917,99.99,0.2667,198.50,0.0000,427.44,0.0000,620.64,0.0000,742.92
2137,-674.506,115.293,0,164.4,120,4445.02,4412.9,4447.0,4471.1,492.77,310.0,450.5,1.0000,50.00,1.0000,100.00,1.0000,200.00,1.0000,500.00,1.0000,1000.00,0.0583,1996.47
2138,-142.142,247.062,0,5.4,120,4596.07,4562.0,4596.0,4627.4,872.62,625.9,849.5,1.0000,50.00,1.0000,100.00,1.0000,200.00,1.0000,500.00,1.0000,1000.00,0.4083,1999.13
2139,210.111,-315.374,0,230.0,120,5319.35,5294.9,5318.5,5351.0,397.04,250.9,368.0,1.0000,50.00,1.0000,100.00,1.0000,200.00,1.0000,500.00,1.0000,1000.00,0.3750,1999.01
2140,-36.521,560.800,0,323.2,120,3296.59,3262.8,3296.0,3333.1,193.53,127.8,176.0,1.0000,50.00,1.0000,100.00,1.0000,200.00,1.0000,500.00,0.8500,999.83,0.0000,1966.13
2141,489.257,647.108,0,719.3,120,1792.53,1758.7,1790.5,1827.2,26.91,20.0,26.0,1.0000,50.00,1.0000,100.00,1.0000,200.00,0.2667,498.57,0.0000,945.33,0.0000,1508.98
2142,-545.437,815.970,0,580.5,120,2181.32,2146.0,2183.0,2216.0,49.38,35.9,47.0,1.0000,50.00,1.0000,100.00,1.0000,200.00,0.9000,499.90,0.0000,985.42,0.0000,1742.58
2143,-762.632,-390.747,0,331.1,120,4918.61,4875.9,4918.5,4957.1,203.83,127.8,194.0,1.0000,50.00,1.0000,100.00,1.0000,200.00,1.0000,500.00,1.0000,1000.00,0.0250,1996.50
2144,121.319,408.447,0,285.7,120,3676.40,3643.3,3677.5,3715.1,237.72,144.0,222.0,1.0000,50.00,1.0000,100.00,1.0000,200.00,1.0000,500.00,0.9583,999.96,0.0000,1980.47
2145,-617.927,63.694,0,100.6,120,4725.81,4694.8,4727.0,4758.1,670.82,426.8,645.0,1.0000,50.00,1.0000,100.00,1.0000,200.00,1.0000,500.00,1.0000,1000.00,0.2500,1998.66
2146,-702.283,581.605,0,450.1,120,2789.79,2755.7,2789.5,2825.2,95.23,64.8,90.5,1.0000,50.00,1.0000,100.00,1.0000,200.00,0.9917,499.99,0.0833,997.72,0.0000,1900.58
2147,-623.191,600.699,0,419.9,120,2872.18,2848.0,2872.0,2899.0,111.03,78.0,104.0,1.0000,50.00,1.0000,100.00,1.0000,200.00,1.0000,500.00,0.2833,998.62,0.0000,1919.32
2148,40.693,737.138,0,515.7,120,2490.00,2458.0,2489.5,2521.0,68.22,47.9,63.0,1.0000,50.00,1.0000,100.00,1.0000,200.00,0.9833,499.98,0.0000,994.24,0.0000,1834.65
2149,324.130,-29.205,0,334.8,120,4575.77,4532.9,4576.0,4610.1,184.23,121.0,175.5,1.0000,50.00,1.0000,100.00,1.0000,200.00,1.0000,500.00,0.9833,999.98,0.0000,1992.75
2150,-270.358,-249.517,0,180.7,120,5736.32,5713.9,5738.0,5759.2,529.92,321.7,500.0,1.0000,50.00,1.0000,100.00,1.0000,200.00,1.0000,500.00,1.0000,1000.00,0.9500,1999.95
2151,41.749,-157.590,0,56.7,120,5504.49,5477.0,5506.5,5532.1,798.33,498.9,773.0,1.0000,50.00,1.0000,100.00,1.0000,200.00,1.0000,500.00,1.0000,1000.00,0.8250,1999.83
2152,-274.386,388.762,0,104.6,120,4070.76,4031.9,4072.0,4101.1,669.60,424.6,665.0,1.0000,50.00,1.0000,100.00,1.0000,200.00,1.0000,500.00,1.0000,1000.00,0.0417,1996.68
2153,-494.128,811.245,0,560.1,120,2251.82,2221.0,2254.0,2283.0,55.46,39.9,52.0,1.0000,50.00,1.0000,100.00,1.0000,200.00,0.9417,499.94,0.0000,988.12,0.0000,1771.88
2154,132.166,525.508,0,380.0,120,3187.76,3156.9,3188.5,3222.1,136.94,90.0,123.5,1.0000,50.00,1.0000,100.00,1.0000,200.00,1.0000,500.00,0.6000,999.48,0.0000,1947.37
2155,-349.693,216.739,0,48.9,120,4658.18,4620.0,4660.0,4689.4,924.36,587.7,908.0,1.0000,50.00,1.0000,100.00,1.0000,200.00,1.0000,500.00,1.0000,1000.00,0.6333,1999.56
2156,341.485,-110.262,0,354.7,120,4679.27,4639.9,4678.0,4718.1,186.87,117.9,176.5,1.0000,50.00,1.0000,100.00,1.0000,200.00,1.0000,500.00,0.9833,999.98,0.0083,1993.01
2157,-980.002,-404.020,0,545.2,120,3875.59,3836.8,3874.5,3918.4,63.58,47.0,63.0,1.0000,50.00,1.0000,100.00,1.0000,200.00,1.0000,500.00,0.6833,999.59,0.0000,1957.33
2158,-488.547,-494.635,0,90.7,120,5546.32,5516.9,5547.0,5576.0,735.81,433.4,734.0,1.0000,50.00,1.0000,100.00,1.0000,200.00,1.0000,500.00,1.0000,1000.00,0.6667,1999.60
2159,-189.975,433.554,0,156.0,120,3901.61,3862.0,3904.0,3934.1,550.52,341.3,541.0,1.0000,50.00,1.0000,100.00,1.0000,200.00,1.0000,500.00,1.0000,1000.00,0.0000,1994.17
2160,331.155,227.956,0,372.5,120,3778.44,3736.9,3784.5,3810.5,144.63,90.7,128.0,1.0000,50.00,1.0000,100.00,1.0000,200.00,1.0000,500.00,0.8583,999.84,0.0000,1971.78
2161,-125.240,-657.828,0,94.3,120,5417.93,5383.9,5418.0,5452.1,753.88,430.4,739.0,1.0000,50.00,1.0000,100.00,1.0000,200.00,1.0000,500.00,1.0000,1000.00,0.7417,1999.72
2162,-939.682,-123.105,0,437.7,120,3956.27,3922.3,3957.0,3996.0,106.71,77.9,100.0,1.0000,50.00,1.0000,100.00,1.0000,200.00,1.0000,500.00,0.8833,999.88,0.0000,1972.58
2163,-575.715,846.224,0,619.4,120,2025.61,1991.0,2026.0,2057.4,44.01,32.0,42.0,1.0000,50.00,1.0000,100.00,1.0000,200.00,0.7167,499.64,0.0000,976.44,0.0000,1673.83
2164,393.763,70.553,0,404.2,120,4035.82,4000.0,4036.0,4073.1,123.52,84.0,114.0,1.0000,50.00,1.0000,100.00,1.0000,200.00,1.0000,500.00,0.9500,999.95,0.0000,1977.09
2165,-189.155,-517.331,0,162.6,120,5695.52,5672.8,5694.0,5721.0,611.41,406.2,589.5,1.0000,50.00,1.0000,100.00,1.0000,200.00,1.0000,500.00,1.0000,1000.00,0.9083,1999.90
2166,-15.546,-837.250,0,21.1,120,4801.85,4771.8,4800.0,4834.1,843.21,588.7,851.5,1.0000,50.00,1.0000,100.00,1.0000,200.00,1.0000,500.00,1.0000,1000.00,0.5833,1999.44
2167,-667.114,890.125,0,695.5,120,1734.15,1703.7,1735.5,1763.0,29.27,21.0,27.5,1.0000,50.00,1.0000,100.00,1.0000,200.00,0.2250,498.65,0.0000,947.96,0.0000,1518.96
2168,-171.254,-749.741,0,137.3,120,5199.96,5166.9,5201.5,5231.0,688.19,450.4,688.0,1.0000,50.00,1.0000,100.00,1.0000,200.00,1.0000,500.00,1.0000,1000.00,0.7333,1999.72
2169,84.900,1230.680,0,996.1,120,710.24,685.6,710.5,731.5,8.58,7.0,8.0,1.0000,50.00,0.9750,99.97,0.1250,197.60,0.0000,416.68,0.0000,591.97,0.0000,699.92
2170,257.442,-370.916,0,279.1,120,5186.18,5153.0,5183.5,5216.1,281.25,173.8,250.5,1.0000,50.00,1.0000,100.00,1.0000,200.00,1.0000,500.00,1.0000,1000.00,0.1583,1998.23
2171,-274.807,-461.318,0,124.7,120,5747.24,5725.9,5746.0,5773.0,668.86,419.0,662.0,1.0000,50.00,1.0000,100.00,1.0000,200.00,1.0000,500.00,1.0000,1000.00,0.9167,1999.92
2172,629.941,161.192,0,648.7,120,2641.07,2603.0,2637.0,2683.0,35.98,25.0,35.0,1.0000,50.00,1.0000,100.00,1.0000,200.00,0.9500,499.95,0.0000,989.12,0.0000,1783.67
2173,-277.702,-89.524,0,212.7,120,5523.32,5498.0,5522.5,5549.0,460.80,289.8,428.5,1.0000,50.00,1.0000,100.00,1.0000,200.00,1.0000,500.00,1.0000,1000.00,0.9333,1999.93
2174,44.790,259.777,0,130.4,120,4374.62,4337.0,4375.0,4408.2,570.14,336.2,563.5,1.0000,50.00,1.0000,100.00,1.0000,200.00,1.0000,500.00,1.0000,1000.00,0.0667,1997.03
2175,-17.233,-141.715,0,2.9,120,5545.68,5518.0,5546.5,5576.1,842.18,551.6,858.5,1.0000,50.00,1.0000,100.00,1.0000,200.00,1.0000,500.00,1.0000,1000.00,0.9333,1999.93
2176,-131.850,1054.785,0,779.0,120,1413.03,1377.8,1411.5,1447.1,21.38,16.0,20.0,1.0000,50.00,1.0000,100.00,1.0000,200.00,0.0000,493.72,0.0000,887.56,0.0000,1303.52
2177,-332.015,17.350,0,185.9,120,5260.98,5232.0,5262.0,5285.0,583.38,325.6,542.0,1.0000,50.00,1.0000,100.00,1.0000,200.00,1.0000,500.00,1.0000,1000.00,0.9000,1999.90
2178,-106.492,224.464,0,4.2,120,4658.48,4622.7,4659.0,4693.0,847.16,532.5,819.5,1.0000,50.00,1.0000,100.00,1.0000,200.00,1.0000,500.00,1.0000,1000.00,0.4750,1999.28
2179,56.050,-508.324,0,82.2,120,5511.21,5489.0,5512.5,5539.0,781.40,479.8,798.5,1.0000,50.00,1.0000,100.00,1.0000,200.00,1.0000,500.00,1.0000,1000.00,0.6750,1999.61
2180,594.141,55.573,0,603.7,120,3083.98,3040.9,3083.5,3128.0,47.05,35.0,45.0,1.0000,50.00,1.0000,100.00,1.0000,200.00,0.9917,499.99,0.0417,996.17,0.0000,1871.53
2181,-705.793,-126.732,0,211.6,120,4912.13,4872.7,4915.5,4948.1,432.73,246.8,382.5,1.0000,50.00,1.0000,100.00,1.0000,200.00,1.0000,500.00,1.0000,1000.00,0.1250,1998.16
2182,18.308,604.469,0,385.8,120,3053.42,3021.6,3054.0,3086.0,123.36,83.8,118.0,1.0000,50.00,1.0000,100.00,1.0000,200.00,1.0000,500.00,0.5000,999.24,0.0000,1940.51
2183,-95.169,-431.152,0,71.5,120,5738.54,5712.9,5738.5,5760.0,802.17,480.0,802.5,1.0000,50.00,1.0000,100.00,1.0000,200.00,1.0000,500.00,1.0000,1000.00,0.9083,1999.91
2184,-842.593,39.562,0,323.7,120,4088.81,4048.9,4088.5,4126.2,199.59,129.7,182.5,1.0000,50.00,1.0000,100.00,1.0000,200.00,1.0000,500.00,0.9500,999.95,0.0000,1985.52
2185,-796.644,-203.318,0,318.3,120,4700.56,4671.0,4696.5,4736.2,211.41,144.0,186.5,1.0000,50.00,1.0000,100.00,1.0000,200.00,1.0000,500.00,1.0000,1000.00,0.0083,1995.17
2186,291.099,-124.143,0,304.8,120,4887.50,4852.0,4887.0,4926.1,233.88,157.8,220.5,1.0000,50.00,1.0000,100.00,1.0000,200.00,1.0000,500.00,1.0000,1000.00,0.0250,1996.18
2187,-750.375,-156.837,0,262.1,120,4814.44,4784.0,4815.0,4846.1,290.33,186.8,268.5,1.0000,50.00,1.0000,100.00,1.0000,200.00,1.0000,500.00,1.0000,1000.00,0.0667,1997.10
2188,123.796,4.210,0,133.5,120,5051.63,5014.8,5049.5,5083.0,595.11,355.8,557.0,1.0000,50.00,1.0000,100.00,1.0000,200.00,1.0000,500.00,1.0000,1000.00,0.4000,1999.12
2189,-628.265,-405.504,0,204.4,120,5334.69,5304.6,5335.0,5365.1,432.47,266.6,400.0,1.0000,50.00,1.0000,100.00,1.0000,200.00,1.0000,500.00,1.0000,1000.00,0.4500,1999.12
2190,-505.383,-74.146,0,4.4,120,5272.75,5241.7,5271.5,5307.0,857.39,557.1,864.5,1.0000,50.00,1.0000,100.00,1.0000,200.00,1.0000,500.00,1.0000,1000.00,0.8167,1999.81
2191,394.786,599.549,0,616.4,120,2235.32,2199.9,2236.0,2272.2,42.67,30.9,40.0,1.0000,50.00,1.0000,100.00,1.0000,200.00,0.8500,499.83,0.0000,982.76,0.0000,1715.94
2192,-567.939,145.346,0,70.3,120,4596.35,4562.6,4599.0,4629.1,760.34,423.9,768.5,1.0000,50.00,1.0000,100.00,1.0000,200.00,1.0000,500.00,1.0000,1000.00,0.2167,1998.58
2193,-39.418,-588.037,0,10.7,120,5502.95,5477.9,5503.0,5527.1,883.17,532.9,872.0,1.0000,50.00,1.0000,100.00,1.0000,200.00,1.0000,500.00,1.0000,1000.00,0.8000,1999.79
2194,-441.535,-603.619,0,71.7,120,5448.71,5420.8,5448.5,5478.2,806.37,498.0,813.0,1.0000,50.00,1.0000,100.00,1.0000,200.00,1.0000,500.00,1.0000,1000.00,0.6167,1999.54
2195,-464.654,-465.060,0,60.3,120,5600.65,5575.9,5598.0,5626.1,827.11,528.1,852.5,1.0000,50.00,1.0000,100.00,1.0000,200.00,1.0000,500.00,1.0000,1000.00,0.8167,1999.76
2196,-661.147,-50.754,0,150.2,120,4892.58,4860.9,4894.0,4920.1,573.62,331.1,554.0,1.0000,50.00,1.0000,100.00,1.0000,200.00,1.0000,500.00,1.0000,1000.00,0.2583,1998.60
2197,-612.480,-113.552,0,117.8,120,5140.37,5109.7,5140.0,5174.1,671.70,406.6,678.5,1.0000,50.00,1.0000,100.00,1.0000,200.00,1.0000,500.00,1.0000,1000.00,0.6333,1999.47
2198,536.437,329.050,0,599.8,120,2614.98,2575.7,2617.0,2656.1,46.29,33.0,44.0,1.0000,50.00,1.0000,100.00,1.0000,200.00,0.9250,499.93,0.0000,991.15,0.0000,1799.80
2199,333.115,-380.149,0,355.0,120,4920.22,4888.6,4922.0,4961.0,172.71,118.8,161.5,1.0000,50.00,1.0000,100.00,1.0000,200.00,1.0000,500.00,0.9917,999.99,0.0083,1995.64
2200,-165.605,1351.572,0,1071.0,120,519.16,492.9,519.0,542.4,6.92,5.0,7.0,1.0000,50.00,0.7917,99.78,0.0000,190.82,0.0000,354.70,0.0000,460.68,0.0000,515.82
2201,-575.644,-653.107,0,213.8,120,5129.88,5097.0,5131.0,5164.0,422.70,263.6,399.0,1.0000,50.00,1.0000,100.00,1.0000,200.00,1.0000,500.00,1.0000,1000.00,0.1250,1998.17
2202,-291.529,-505.609,0,97.7,120,5697.27,5675.0,5696.0,5720.1,737.63,489.2,717.0,1.0000,50.00,1.0000,100.00,1.0000,200.00,1.0000,500.00,1.0000,1000.00,0.8500,1999.84
2203,-82.686,405.135,0,162.3,120,3961.34,3928.0,3958.5,3992.6,509.29,295.0,490.0,1.0000,50.00,1.0000,100.00,1.0000,200.00,1.0000,500.00,1.0000,1000.00,0.0083,1994.22
2204,250.986,246.836,0,304.1,120,3975.38,3937.9,3977.5,4011.0,207.62,126.8,200.5,1.0000,50.00,1.0000,100.00,1.0000,200.00,1.0000,500.00,0.9500,999.95,0.0000,1984.77
2205,224.829,393.028,0,354.4,120,3501.10,3458.9,3500.5,3538.6,163.56,102.9,158.0,1.0000,50.00,1.0000,100.00,1.0000,200.00,1.0000,500.00,0.7833,999.74,0.0000,1965.08
2206,-735.347,-48.520,0,222.8,120,4675.57,4638.8,4675.0,4713.4,347.96,219.9,327.0,1.0000,50.00,1.0000,100.00,1.0000,200.00,1.0000,500.00,0.9917,999.99,0.0417,1996.99
2207,495.947,342.258,0,567.0,120,2745.03,2707.0,2744.0,2775.3,53.47,35.9,49.0,1.0000,50.00,1.0000,100.00,1.0000,200.00,0.9917,499.99,0.0083,993.73,0.0000,1835.79
2208,-220.098,899.929,0,616.8,120,2027.06,1997.0,2027.0,2059.1,42.97,29.9,41.5,1.0000,50.00,1.0000,100.00,1.0000,200.00,0.8000,499.79,0.0000,976.98,0.0000,1677.42
2209,245.751,716.942,0,601.0,120,2206.05,2175.8,2205.5,2241.0,44.87,31.0,41.0,1.0000,50.00,1.0000,100.00,1.0000,200.00,0.8583,499.86,0.0000,983.43,0.0000,1724.01
2210,-63.533,681.358,0,427.2,120,2830.12,2795.0,2827.0,2865.4,103.78,74.9,99.0,1.0000,50.00,1.0000,100.00,1.0000,200.00,1.0000,500.00,0.2583,998.61,0.0000,1913.36
2211,385.327,6.165,0,394.9,120,4241.56,4202.5,4242.0,4283.1,139.28,94.0,134.0,1.0000,50.00,1.0000,100.00,1.0000,200.00,1.0000,500.00,0.9333,999.93,0.0000,1983.06
2212,216.146,-312.118,0,235.9,120,5300.88,5267.8,5302.5,5335.0,373.28,214.9,341.0,1.0000,50.00,1.0000,100.00,1.0000,200.00,1.0000,500.00,1.0000,1000.00,0.4000,1999.04
2213,457.278,-8.529,0,467.2,120,3944.76,3901.0,3946.5,3991.1,90.83,61.0,86.5,1.0000,50.00,1.0000,100.00,1.0000,200.00,1.0000,500.00,0.7583,999.75,0.0000,1966.93
2214,418.782,624.841,0,651.1,120,2082.22,2042.0,2080.5,2115.4,35.88,27.0,35.0,1.0000,50.00,1.0000,100.00,1.0000,200.00,0.7250,499.67,0.0000,973.12,0.0000,1653.82
2215,336.103,309.733,0,407.5,120,3471.11,3436.8,3467.5,3511.1,117.66,82.0,111.0,1.0000,50.00,1.0000,100.00,1.0000,200.00,1.0000,500.00,0.6500,999.58,0.0000,1953.54
2216,-95.631,38.843,0,86.2,120,5220.52,5186.9,5221.5,5247.1,817.11,530.6,792.5,1.0000,50.00,1.0000,100.00,1.0000,200.00,1.0000,500.00,1.0000,1000.00,0.8333,1999.83
2217,50.057,-133.714,0,64.2,120,5458.51,5427.6,5458.5,5487.1,791.78,491.9,777.5,1.0000,50.00,1.0000,100.00,1.0000,200.00,1.0000,500.00,1.0000,1000.00,0.7500,1999.72
2218,-17.055,1258.574,0,998.9,120,702.99,676.8,700.0,729.1,8.34,6.9,8.0,1.0000,50.00,0.9917,99.99,0.1083,197.64,0.0000,415.11,0.0000,586.60,0.0000,693.67
2219,352.478,700.818,0,656.7,120,2002.08,1965.0,2002.0,2037.0,35.54,25.9,34.0,1.0000,50.00,1.0000,100.00,1.0000,200.00,0.5917,499.48,0.0000,968.58,0.0000,1627.41
2220,-91.950,-716.634,0,59.1,120,5247.69,5218.8,5247.5,5281.1,818.46,566.4,807.0,1.0000,50.00,1.0000,100.00,1.0000,200.00,1.0000,500.00,1.0000,1000.00,0.7583,1999.71
2221,-687.759,-329.158,0,243.5,120,5169.48,5138.9,5169.0,5198.1,346.00,215.6,305.5,1.0000,50.00,1.0000,100.00,1.0000,200.00,1.0000,500.00,1.0000,1000.00,0.2833,1998.79
2222,247.163,1078.173,0,911.9,120,971.31,938.9,972.0,1000.0,11.78,9.0,11.0,1.0000,50.00,1.0000,100.00,0.8167,199.82,0.0000,463.95,0.0000,732.48,0.0000,938.38
2223,-162.781,908.074,0,629.6,120,1978.05,1949.0,1977.0,2008.1,40.13,28.0,38.0,1.0000,50.00,1.0000,100.00,1.0000,200.00,0.7167,499.63,0.0000,973.53,0.0000,1653.95
2224,427.150,522.719,0,594.3,120,2395.03,2364.8,2393.0,2430.1,47.67,34.0,44.0,1.0000,50.00,1.0000,100.00,1.0000,200.00,0.8833,499.88,0.0000,987.50,0.0000,1762.74
2225,-720.346,407.375,0,337.6,120,3370.13,3338.9,3368.0,3405.1,180.28,116.8,174.0,1.0000,50.00,1.0000,100.00,1.0000,200.00,1.0000,500.00,0.8083,999.79,0.0000,1965.05
2226,-437.477,502.215,0,248.7,120,3527.76,3492.0,3526.5,3566.2,291.62,176.8,272.5,1.0000,50.00,1.0000,100.00,1.0000,200.00,1.0000,500.00,0.9750,999.98,0.0000,1983.78
2227,-270.563,1256.109,0,971.9,120,777.15,751.0,779.0,801.2,9.94,8.0,10.0,1.0000,50.00,1.0000,100.00,0.2583,198.69,0.0000,433.88,0.0000,633.49,0.0000,764.29
2228,172.533,-656.066,0,203.3,120,5013.87,4980.0,5015.0,5047.1,426.72,245.5,393.5,1.0000,50.00,1.0000,100.00,1.0000,200.00,1.0000,500.00,1.0000,1000.00,0.2583,1998.73
2229,183.515,1055.189,0,864.3,120,1126.84,1100.0,1125.0,1156.2,14.59,11.0,14.0,1.0000,50.00,1.0000,100.00,0.9417,199.94,0.0000,479.98,0.0000,797.87,0.0000,1073.06
2230,408.051,-465.587,0,432.6,120,4556.57,4518.9,4552.0,4596.1,115.74,78.9,107.5,1.0000,50.00,1.0000,100.00,1.0000,200.00,1.0000,500.00,0.9833,999.98,0.0000,1988.88
2231,670.083,429.653,0,761.4,120,1770.92,1743.0,1769.5,1802.1,21.81,17.0,21.0,1.0000,50.00,1.0000,100.00,1.0000,200.00,0.1500,497.90,0.0000,934.36,0.0000,1468.50
2232,-881.728,-227.971,0,406.9,120,4355.92,4316.0,4354.0,4397.2,127.80,88.9,125.0,1.0000,50.00,1.0000,100.00,1.0000,200.00,1.0000,500.00,0.9583,999.96,0.0000,1986.47
2233,-754.081,-137.476,0,261.0,120,4770.14,4736.0,4769.0,4807.1,311.57,205.2,294.5,1.0000,50.00,1.0000,100.00,1.0000,200.00,1.0000,500.00,1.0000,1000.00,0.0417,1997.14
2234,283.454,965.636,0,829.7,120,1261.20,1228.9,1258.0,1299.1,17.21,13.0,16.0,1.0000,50.00,1.0000,100.00,0.9750,199.97,0.0000,487.84,0.0000,842.67,0.0000,1178.15
2235,366.693,-502.918,0,392.5,120,4690.11,4643.9,4690.0,4734.4,145.97,99.9,140.5,1.0000,50.00,1.0000,100.00,1.0000,200.00,1.0000,500.00,0.9917,999.99,0.0000,1992.89
2236,-448.659,934.175,0,668.5,120,1821.12,1788.9,1820.5,1857.4,33.60,25.0,32.0,1.0000,50.00,1.0000,100.00,1.0000,200.00,0.5250,499.28,0.0000,959.83,0.0000,1573.45
2237,-428.842,1086.146,0,814.6,120,1280.21,1250.8,1281.0,1314.0,17.76,14.0,17.0,1.0000,50.00,1.0000,100.00,1.0000,200.00,0.0000,489.46,0.0000,853.57,0.0000,1205.12
2238,450.934,-463.902,0,475.4,120,4363.60,4317.9,4363.0,4405.1,95.20,68.8,89.5,1.0000,50.00,1.0000,100.00,1.0000,200.00,1.0000,500.00,0.9500,999.93,0.0000,1982.91
2239,-194.555,1109.526,0,827.5,120,1240.26,1207.6,1240.5,1278.2,17.17,13.0,16.5,1.0000,50.00,1.0000,100.00,0.9833,199.98,0.0000,486.97,0.0000,840.42,0.0000,1171.88
2240,-750.024,185.524,0,255.5,120,4019.12,3985.9,4019.5,4050.0,277.12,170.8,267.0,1.0000,50.00,1.0000,100.00,1.0000,200.00,1.0000,500.00,0.9583,999.96,0.0000,1988.73
2241,-348.748,-623.040,0,13.6,120,5491.74,5467.9,5490.0,5522.2,867.07,548.0,897.0,1.0000,50.00,1.0000,100.00,1.0000,200.00,1.0000,500.00,1.0000,1000.00,0.7000,1999.67
2242,-765.409,880.690,0,733.1,120,1595.45,1565.0,1597.0,1626.1,25.82,19.0,25.0,1.0000,50.00,1.0000,100.00,1.0000,200.00,0.0333,497.08,0.0000,925.23,0.0000,1428.93
2243,-793.615,-91.328,0,288.2,120,4551.19,4512.0,4549.5,4590.2,247.45,158.7,218.5,1.0000,50.00,1.0000,100.00,1.0000,200.00,1.0000,500.00,0.9917,999.99,0.0083,1994.33
2244,-651.533,571.129,0,411.2,120,2930.47,2900.9,2929.5,2965.1,116.17,76.9,111.5,1.0000,50.00,1.0000,100.00,1.0000,200.00,1.0000,500.00,0.4000,999.00,0.0000,1926.62
2245,-538.133,619.014,0,395.3,120,2946.23,2916.7,2948.0,2979.2,120.70,88.0,113.0,1.0000,50.00,1.0000,100.00,1.0000,200.00,1.0000,500.00,0.3750,999.02,0.0000,1934.60
2246,-664.759,947.330,0,746.7,120,1532.72,1498.8,1533.5,1566.0,22.81,17.0,22.0,1.0000,50.00,1.0000,100.00,1.0000,200.00,0.0167,496.38,0.0000,914.09,0.0000,1388.83
2247,-19.574,1060.877,0,805.2,120,1322.66,1290.8,1319.0,1356.0,18.68,14.0,18.5,1.0000,50.00,1.0000,100.00,0.9917,199.99,0.0000,490.90,0.0000,864.08,0.0000,1235.36
2248,183.252,-138.481,0,197.5,120,5221.91,5185.9,5223.5,5259.1,447.94,253.7,418.5,1.0000,50.00,1.0000,100.00,1.0000,200.00,1.0000,500.00,1.0000,1000.00,0.4250,1999.22
2249,-647.039,922.481,0,716.9,120,1648.73,1621.4,1649.0,1680.0,27.31,20.0,26.0,1.0000,50.00,1.0000,100.00,1.0000,200.00,0.1583,498.02,0.0000,935.19,0.0000,1466.55
2250,-183.767,439.689,0,163.2,120,3871.52,3840.0,3871.0,3906.1,492.46,279.7,486.0,1.0000,50.00,1.0000,100.00,1.0000,200.00,1.0000,500.00,1.0000,1000.00,0.0000,1994.10
2251,-439.877,242.659,0,21.5,120,4484.12,4448.9,4484.0,4516.0,825.93,533.9,849.0,1.0000,50.00,1.0000,100.00,1.0000,200.00,1.0000,500.00,1.0000,1000.00,0.1667,1998.64
2252,435.758,85.810,0,447.2,120,3804.94,3761.8,3806.5,3845.2,103.03,71.0,94.5,1.0000,50.00,1.0000,100.00,1.0000,200.00,1.0000,500.00,0.7583,999.71,0.0000,1963.17
2253,660.708,551.550,0,807.1,120,1493.17,1461.9,1495.0,1524.0,18.47,14.0,18.0,1.0000,50.00,1.0000,100.00,1.0000,200.00,0.0000,493.77,0.0000,889.01,0.0000,1312.53
2254,500.967,511.291,0,649.2,120,2184.54,2141.0,2186.0,2220.2,36.87,28.0,35.0,1.0000,50.00,1.0000,100.00,1.0000,200.00,0.7500,499.70,0.0000,977.85,0.0000,1682.62
2255,318.900,-326.079,0,339.1,120,4982.93,4945.8,4981.0,5019.5,200.11,124.0,187.5,1.0000,50.00,1.0000,100.00,1.0000,200.00,1.0000,500.00,1.0000,1000.00,0.0250,1996.42
2256,-599.482,1217.059,0,979.2,120,758.04,729.9,757.5,789.2,9.38,7.0,9.0,1.0000,50.00,1.0000,100.00,0.2000,198.43,0.0000,428.71,0.0000,621.92,0.0000,746.23
2257,18.996,1258.695,0,1006.6,120,684.80,656.7,684.5,716.3,8.29,7.0,8.0,1.0000,50.00,0.9833,99.98,0.0750,197.38,0.0000,409.93,0.0000,576.42,0.0000,676.26
2258,-479.831,570.719,0,327.9,120,3208.67,3172.7,3210.0,3244.0,185.21,124.9,181.0,1.0000,50.00,1.0000,100.00,1.0000,200.00,1.0000,500.00,0.7917,999.77,0.0000,1963.83
2259,75.795,-57.632,0,87.5,120,5276.27,5250.9,5276.0,5308.2,778.78,500.9,792.0,1.0000,50.00,1.0000,100.00,1.0000,200.00,1.0000,500.00,1.0000,1000.00,0.6083,1999.53
2260,-145.608,491.104,0,221.8,120,3665.77,3631.9,3666.0,3697.0,350.26,202.9,331.0,1.0000,50.00,1.0000,100.00,1.0000,200.00,1.0000,500.00,0.9833,999.98,0.0000,1988.27
2261,-711.120,564.161,0,442.1,120,2825.88,2786.8,2826.0,2861.2,100.86,66.9,93.5,1.0000,50.00,1.0000,100.00,1.0000,200.00,1.0000,500.00,0.1333,998.16,0.0000,1905.86
2262,66.362,-549.019,0,93.8,120,5439.42,5415.9,5441.5,5462.1,754.86,444.7,749.0,1.0000,50.00,1.0000,100.00,1.0000,200.00,1.0000,500.00,1.0000,1000.00,0.7333,1999.68
2263,17.479,914.647,0,674.1,120,1821.66,1789.0,1823.0,1853.2,32.55,24.0,31.5,1.0000,50.00,1.0000,100.00,1.0000,200.00,0.2833,498.90,0.0000,958.19,0.0000,1565.16
2264,-338.911,-287.214,0,105.1,120,5725.85,5703.8,5727.5,5745.3,711.85,446.4,664.0,1.0000,50.00,1.0000,100.00,1.0000,200.00,1.0000,500.00,1.0000,1000.00,0.9333,1999.92
2265,42.263,-679.549,0,73.8,120,5201.52,5170.7,5200.5,5232.0,781.59,502.8,750.5,1.0000,50.00,1.0000,100.00,1.0000,200.00,1.0000,500.00,1.0000,1000.00,0.6333,1999.55
2266,598.365,440.261,0,700.4,120,2024.15,1986.9,2022.0,2061.3,29.70,22.0,29.0,1.0000,50.00,1.0000,100.00,1.0000,200.00,0.5667,499.40,0.0000,963.76,0.0000,1600.71
2267,572.107,-6.499,0,581.9,120,3345.72,3298.7,3353.0,3395.0,52.52,40.0,51.0,1.0000,50.00,1.0000,100.00,1.0000,200.00,1.0000,500.00,0.1083,997.98,0.0000,1907.58
2268,-214.567,1074.855,0,791.8,120,1363.36,1333.9,1365.5,1390.1,19.40,14.0,19.0,1.0000,50.00,1.0000,100.00,0.9917,199.99,0.0000,492.54,0.0000,876.90,0.0000,1269.54
2269,-502.179,175.796,0,24.6,120,4619.62,4586.5,4619.5,4653.1,840.39,519.0,825.5,1.0000,50.00,1.0000,100.00,1.0000,200.00,1.0000,500.00,1.0000,1000.00,0.3500,1998.98
2270,583.908,27.757,0,593.0,120,3205.80,3158.0,3206.5,3250.4,50.12,35.9,47.0,1.0000,50.00,1.0000,100.00,1.0000,200.00,0.9917,499.99,0.0417,997.21,0.0000,1890.86
2271,-422.108,-231.384,0,38.0,120,5616.20,5591.8,5614.5,5641.2,809.88,512.7,807.0,1.0000,50.00,1.0000,100.00,1.0000,200.00,1.0000,500.00,1.0000,1000.00,0.9250,1999.92
2272,-593.177,988.730,0,759.3,120,1484.41,1451.9,1484.0,1515.0,22.40,17.0,21.0,1.0000,50.00,1.0000,100.00,1.0000,200.00,0.0000,495.41,0.0000,904.73,0.0000,1357.05
2273,-72.916,-553.475,0,45.3,120,5589.32,5563.9,5590.0,5617.4,840.23,536.6,867.0,1.0000,50.00,1.0000,100.00,1.0000,200.00,1.0000,500.00,1.0000,1000.00,0.8167,1999.78
2274,284.525,261.451,0,340.7,120,3816.24,3777.9,3815.0,3845.1,170.07,119.8,159.0,1.0000,50.00,1.0000,100.00,1.0000,200.00,1.0000,500.00,0.8417,999.83,0.0000,1977.14
2275,-227.623,193.359,0,86.9,120,4785.82,4752.0,4785.5,4818.0,841.92,555.4,819.5,1.0000,50.00,1.0000,100.00,1.0000,200.00,1.0000,500.00,1.0000,1000.00,0.7333,1999.68
2276,-670.814,910.314,0,715.4,120,1654.12,1623.4,1652.5,1685.0,26.67,20.9,26.0,1.0000,50.00,1.0000,100.00,1.0000,200.00,0.1167,498.04,0.0000,936.54,0.0000,1469.83
2277,708.046,595.558,0,870.0,120,1233.43,1203.9,1234.5,1267.1,14.39,11.0,14.0,1.0000,50.00,1.0000,100.00,0.9833,199.98,0.0000,483.83,0.0000,820.05,0.0000,1129.80
2278,-671.458,485.481,0,356.7,120,3203.99,3170.9,3202.5,3236.1,162.74,108.9,157.0,1.0000,50.00,1.0000,100.00,1.0000,200.00,1.0000,500.00,0.6833,999.64,0.0000,1955.38
2279,18.851,-389.344,0,41.2,120,5659.96,5638.9,5659.5,5682.0,809.39,520.8,804.5,1.0000,50.00,1.0000,100.00,1.0000,200.00,1.0000,500.00,1.0000,1000.00,0.8750,1999.86
2280,-82.179,1365.851,0,1093.9,120,469.12,447.0,469.5,492.0,6.10,5.0,6.0,0.9917,49.99,0.6250,99.53,0.0000,187.30,0.0000,332.90,0.0000,422.89,0.0000,466.86
2281,377.046,-475.442,0,401.9,120,4687.91,4653.0,4689.0,4721.2,136.56,93.9,132.0,1.0000,50.00,1.0000,100.00,1.0000,200.00,1.0000,500.00,0.9833,999.98,0.0000,1992.68
2282,684.282,562.818,0,833.2,120,1379.94,1348.0,1379.5,1410.0,16.09,12.9,15.0,1.0000,50.00,1.0000,100.00,1.0000,200.00,0.0000,490.78,0.0000,862.91,0.0000,1237.12
2283,-204.479,-462.083,0,179.7,120,5751.91,5726.0,5750.0,5774.0,580.33,401.1,540.0,1.0000,50.00,1.0000,100.00,1.0000,200.00,1.0000,500.00,1.0000,1000.00,0.8833,1999.88
2284,-73.981,-314.351,0,54.0,120,5744.85,5722.0,5743.0,5769.2,803.34,515.2,826.0,1.0000,50.00,1.0000,100.00,1.0000,200.00,1.0000,500.00,1.0000,1000.00,0.9333,1999.93
2285,-449.582,830.322,0,567.3,120,2224.57,2190.9,2227.5,2257.5,53.49,40.9,52.0,1.0000,50.00,1.0000,100.00,1.0000,200.00,0.9250,499.93,0.0000,987.85,0.0000,1762.85
2286,-154.380,523.327,0,251.1,120,3536.87,3506.9,3536.5,3572.1,323.02,187.0,304.5,1.0000,50.00,1.0000,100.00,1.0000,200.00,1.0000,500.00,0.9500,999.95,0.0000,1983.74
2287,-303.674,-112.239,0,181.9,120,5550.32,5523.0,5550.0,5576.0,522.29,306.4,484.5,1.0000,50.00,1.0000,100.00,1.0000,200.00,1.0000,500.00,1.0000,1000.00,0.9750,1999.97
2288,693.838,777.522,0,960.5,120,868.23,840.0,868.0,897.2,10.09,8.0,10.0,1.0000,50.00,0.9917,99.99,0.5000,199.29,0.0000,447.18,0.0000,673.83,0.0000,836.80
2289,-748.228,-86.578,0,242.9,120,4709.64,4676.0,4709.5,4741.3,330.38,210.7,314.0,1.0000,50.00,1.0000,100.00,1.0000,200.00,1.0000,500.00,0.9833,999.98,0.0333,1996.80
2290,364.322,-474.620,0,389.2,120,4737.52,4699.7,4736.5,4777.1,152.74,102.8,139.5,1.0000,50.00,1.0000,100.00,1.0000,200.00,1.0000,500.00,0.9917,999.99,0.0000,1993.22
2291,191.106,-36.559,0,202.1,120,5000.54,4961.9,5000.5,5034.2,430.05,253.2,413.5,1.0000,50.00,1.0000,100.00,1.0000,200.00,1.0000,500.00,1.0000,1000.00,0.2583,1998.53
2292,-885.362,-197.797,0,403.0,120,4314.62,4284.9,4312.5,4349.1,132.22,94.7,130.0,1.0000,50.00,1.0000,100.00,1.0000,200.00,1.0000,500.00,0.9500,999.95,0.0000,1986.68
2293,-232.853,-481.725,0,160.4,120,5735.78,5714.9,5735.0,5761.0,624.31,396.7,594.0,1.0000,50.00,1.0000,100.00,1.0000,200.00,1.0000,500.00,1.0000,1000.00,0.8917,1999.88
2294,-876.312,42.456,0,357.5,120,3943.99,3906.8,3945.0,3979.1,164.32,106.9,156.5,1.0000,50.00,1.0000,100.00,1.0000,200.00,1.0000,500.00,0.9083,999.90,0.0000,1979.93
2295,162.824,993.252,0,799.3,120,1358.73,1330.0,1361.5,1386.0,18.60,14.0,18.0,1.0000,50.00,1.0000,100.00,1.0000,200.00,0.0000,491.42,0.0000,871.98,0.0000,1257.03
2296,-155.774,692.365,0,416.9,120,2843.26,2808.9,2838.5,2879.1,110.11,75.0,105.0,1.0000,50.00,1.0000,100.00,1.0000,200.00,0.9833,499.98,0.2167,998.42,0.0000,1919.10
2297,-637.702,-228.562,0,170.4,120,5240.92,5211.9,5238.5,5269.2,525.18,295.9,499.0,1.0000,50.00,1.0000,100.00,1.0000,200.00,1.0000,500.00,1.0000,1000.00,0.4833,1999.33
2298,235.966,54.557,0,245.7,120,4641.28,4603.9,4640.5,4678.0,319.45,184.4,300.0,1.0000,50.00,1.0000,100.00,1.0000,200.00,1.0000,500.00,1.0000,1000.00,0.0000,1995.81
2299,737.200,783.942,0,998.8,120,750.08,719.9,750.5,780.0,8.53,6.0,8.0,1.0000,50.00,1.0000,100.00,0.1250,197.99,0.0000,423.50,0.0000,609.02,0.0000,729.86
2300,446.514,480.095,0,586.5,120,2481.43,2445.8,2481.0,2515.1,49.17,34.0,46.5,1.0000,50.00,1.0000,100.00,1.0000,200.00,0.9417,499.94,0.0000,989.62,0.0000,1784.37
2301,-195.107,602.561,0,322.4,120,3224.12,3192.0,3225.0,3256.2,191.59,118.0,177.5,1.0000,50.00,1.0000,100.00,1.0000,200.00,1.0000,500.00,0.8083,999.79,0.0000,1965.00
2302,-848.616,116.617,0,336.1,120,3872.98,3840.8,3873.0,3905.0,168.94,115.7,159.5,1.0000,50.00,1.0000,100.00,1.0000,200.00,1.0000,500.00,0.9083,999.91,0.0000,1979.28
2303,401.386,831.962,0,787.7,120,1443.53,1412.7,1445.0,1475.0,20.17,15.0,19.0,1.0000,50.00,1.0000,100.00,0.9917,199.99,0.0000,493.80,0.0000,889.48,0.0000,1305.27
2304,-340.037,1233.207,0,951.3,120,834.29,805.9,833.5,865.0,10.76,8.0,10.0,1.0000,50.00,1.0000,100.00,0.4000,199.18,0.0000,444.40,0.0000,665.18,0.0000,817.42
2305,-269.736,496.460,0,212.2,120,3652.01,3616.9,3653.5,3684.1,375.90,228.9,345.0,1.0000,50.00,1.0000,100.00,1.0000,200.00,1.0000,500.00,0.9750,999.98,0.0000,1988.66
2306,603.228,504.940,0,734.2,120,1824.88,1792.9,1823.0,1859.4,25.44,19.0,24.0,1.0000,50.00,1.0000,100.00,1.0000,200.00,0.2250,498.48,0.0000,944.10,0.0000,1508.82
2307,-941.810,-531.122,0,539.1,120,3977.28,3935.9,3976.5,4023.0,70.12,49.9,67.0,1.0000,50.00,1.0000,100.00,1.0000,200.00,1.0000,500.00,0.7833,999.73,0.0000,1961.53
2308,-40.801,-272.474,0,22.2,120,5700.81,5675.9,5698.0,5729.0,818.96,498.8,869.5,1.0000,50.00,1.0000,100.00,1.0000,200.00,1.0000,500.00,1.0000,1000.00,0.9333,1999.92
2309,581.806,174.113,0,603.2,120,2849.72,2805.9,2850.5,2885.3,45.82,32.0,43.5,1.0000,50.00,1.0000,100.00,1.0000,200.00,0.9750,499.98,0.0083,993.66,0.0000,1838.08
2310,-452.380,1008.743,0,742.4,120,1544.44,1517.9,1546.0,1576.0,24.00,18.0,23.0,1.0000,50.00,1.0000,100.00,1.0000,200.00,0.0417,496.64,0.0000,917.85,0.0000,1402.43
2311,371.418,216.788,0,407.6,120,3670.84,3628.7,3669.0,3716.7,118.28,79.0,114.0,1.0000,50.00,1.0000,100.00,1.0000,200.00,1.0000,500.00,0.7000,999.67,0.0000,1962.44
