run,q,r,role,readyS,lacks0,lacksEnd,fullS,manifests,forwarded,reverse,supplied,cached,received,keepGap0,keepGapEnd
1,1,-4,2,0.591,0,0,0.000,0,0,0,0,0,0,0,0
1,-3,0,3,0.881,0,0,0.000,0,0,0,0,0,0,0,0
1,-2,2,3,0.441,0,0,0.000,0,0,0,0,0,0,0,0
1,-1,-1,3,0.351,0,0,0.000,0,0,0,0,0,0,0,0
1,0,1,3,0.151,0,0,0.000,0,0,0,0,0,0,0,0
1,-5,3,2,0.681,0,0,0.000,0,0,0,0,0,0,0,0
1,-1,1,3,0.381,0,0,0.000,0,0,0,0,0,0,0,0
1,-2,-1,3,1.271,0,0,0.000,0,0,0,0,0,0,0,0
1,0,4,3,1.671,0,0,0.000,0,1,0,21,0,0,2,2
1,3,-6,0,0.701,0,0,0.000,0,0,0,0,0,0,0,0
1,-2,4,3,1.341,0,0,0.000,0,0,0,0,0,0,0,0
1,-2,0,3,0.651,0,0,0.000,0,0,0,0,0,0,0,0
1,0,2,3,0.581,0,0,0.000,0,0,0,0,0,0,0,0
1,-4,3,3,0.341,0,0,0.000,0,0,0,0,0,0,0,0
1,-5,9,0,2.051,1414,0,10.341,1,0,0,0,0,1414,309,309
1,-7,6,1,2.961,33,0,3.361,0,1,0,211,33,0,224,224
1,-3,2,3,0.331,0,0,0.000,0,0,0,0,0,0,0,0
1,2,-1,2,1.191,0,0,0.000,0,0,0,0,0,0,0,0
1,0,-4,1,2.061,0,0,0.000,0,0,0,0,0,0,0,0
1,-2,5,3,1.061,1,1,-1.000,0,0,0,0,0,0,43,43
1,-4,6,3,1.191,0,0,0.000,0,3,0,631,0,0,63,63
1,-1,5,2,3.351,0,0,0.000,0,1,0,193,0,0,44,44
1,0,-3,2,0.161,0,0,0.000,0,0,0,0,0,0,0,0
1,-6,8,0,1.993,599,0,7.873,1,0,0,0,0,599,506,506
1,-1,-2,3,0.901,0,0,0.000,0,0,0,0,0,0,0,0
1,-2,3,3,0.751,0,0,0.000,0,0,0,0,0,0,0,0
1,-4,5,3,0.702,0,0,0.000,0,1,0,1,0,0,0,0
1,1,-3,3,1.301,0,0,0.000,0,0,0,0,0,0,0,0
1,0,-2,3,0.531,0,0,0.000,0,0,0,0,0,0,0,0
1,0,3,3,0.781,0,0,0.000,0,0,0,0,0,0,0,0
1,-6,6,2,3.493,5,0,3.021,0,1,0,33,5,0,30,30
1,-2,6,2,2.323,25,0,3.982,0,1,0,413,25,0,231,231
1,-3,3,3,1.731,0,0,0.000,0,0,0,0,0,0,0,0
1,2,-2,2,0.911,0,0,0.000,0,0,0,0,0,0,0,0
1,-4,-2,2,0.271,0,0,0.000,0,0,0,0,0,0,0,0
1,2,2,1,2.171,0,0,0.000,0,1,0,1,0,0,0,0
1,-5,1,0,0.761,0,0,0.000,0,0,0,0,0,0,0,0
1,2,-3,2,0.131,0,0,0.000,0,0,0,0,0,0,0,0
1,-4,0,2,0.221,0,0,0.000,0,0,0,0,0,0,0,0
1,-3,4,3,0.422,0,0,0.000,0,0,0,0,0,0,0,0
1,-4,8,1,3.091,630,0,6.522,0,1,0,51,630,0,405,405
1,1,2,2,0.513,0,0,0.000,0,0,0,0,0,0,0,0
1,-6,2,0,0.651,0,0,0.000,0,0,0,0,0,0,0,0
1,-5,-2,0,2.633,0,0,0.000,0,0,0,0,0,0,0,0
1,3,1,1,1.252,0,0,0.000,0,0,0,0,0,0,2,2
1,-6,7,2,1.593,114,0,2.651,0,1,0,777,114,0,248,248
1,2,-4,2,0.641,0,0,0.000,0,0,0,0,0,0,0,0
1,-1,3,3,0.452,0,0,0.000,0,0,0,0,0,0,0,0
1,-1,2,3,0.151,0,0,0.000,0,0,0,0,0,0,0,0
1,-5,8,1,1.151,638,0,6.431,0,1,0,813,638,0,582,582
1,1,4,2,1.353,21,0,1.812,0,2,0,728,21,0,153,153
1,1,0,3,0.241,0,0,0.000,0,0,0,0,0,0,0,0
1,-2,1,3,0.611,0,0,0.000,0,0,0,0,0,0,0,0
1,-5,0,1,0.641,0,0,0.000,0,0,0,0,0,0,0,0
1,2,0,3,1.231,0,0,0.000,0,0,0,0,0,0,0,0
1,2,4,1,2.654,265,0,4.202,0,1,0,664,265,0,413,413
1,-6,3,0,2.171,0,0,0.000,0,0,0,0,0,0,0,0
1,3,0,0,0.941,0,0,0.000,0,0,0,0,0,0,0,0
1,-5,4,2,0.451,0,0,0.000,0,0,0,0,0,0,0,0
1,1,-2,3,1.601,0,0,0.000,0,0,0,0,0,0,0,0
1,-4,-3,0,2.591,0,0,0.000,0,0,0,0,0,0,0,0
1,3,-5,0,0.341,0,0,0.000,0,0,0,0,0,0,0,0
1,0,6,0,2.062,585,0,6.572,1,0,0,0,0,585,356,356
1,2,5,0,1.462,889,0,8.212,1,0,0,0,0,889,394,394
1,-3,7,0,2.182,224,0,6.572,1,0,0,0,0,224,334,334
1,-5,5,3,1.971,0,0,0.000,0,0,0,0,0,0,5,5
1,2,-5,1,1.141,0,0,0.000,0,0,0,0,0,0,0,0
1,4,-3,0,0.431,0,0,0.000,0,0,0,0,0,0,0,0
1,-3,-3,0,0.211,0,0,0.000,0,0,0,0,0,0,0,0
1,-3,-1,3,0.111,0,0,0.000,0,0,0,0,0,0,0,0
1,0,5,3,1.113,60,60,-1.000,0,0,0,0,0,0,111,111
1,0,0,3,0.251,0,0,0.000,0,0,0,0,0,0,0,0
1,3,-1,0,0.731,0,0,0.000,0,0,0,0,0,0,0,0
1,-1,-4,0,0.151,0,0,0.000,0,0,0,0,0,0,0,0
1,3,-2,1,2.721,0,0,0.000,0,0,0,0,0,0,0,0
1,1,5,0,3.452,471,0,8.342,1,0,0,0,0,471,412,412
1,-3,-2,2,0.181,0,0,0.000,0,0,0,0,0,0,0,0
1,-1,0,3,0.211,0,0,0.000,0,0,0,0,0,0,0,0
1,-5,-1,1,1.761,0,0,0.000,0,0,0,0,0,0,0,0
1,0,-1,3,0.521,0,0,0.000,0,0,0,0,0,0,0,0
1,-2,7,0,3.632,425,0,7.872,1,0,0,0,0,425,496,496
1,-6,4,1,1.732,0,0,0.000,0,0,0,0,0,0,1,1
1,-4,4,3,0.561,0,0,0.000,0,0,0,0,0,0,0,0
1,1,1,3,0.891,0,0,0.000,0,0,0,0,0,0,0,0
1,3,-4,0,0.471,0,0,0.000,0,0,0,0,0,0,0,0
1,-4,-1,3,0.481,0,0,0.000,0,0,0,0,0,0,0,0
1,-1,4,3,0.883,0,0,0.000,0,0,0,0,0,0,5,5
1,1,3,3,0.771,0,0,0.000,0,0,0,0,0,0,11,11
1,2,3,0,2.501,1,0,2.521,1,0,0,0,0,1,104,104
1,-2,-2,3,0.181,0,0,0.000,0,0,0,0,0,0,0,0
1,3,-3,0,0.751,0,0,0.000,0,0,0,0,0,0,0,0
1,-4,7,2,1.251,297,0,5.201,0,2,0,846,297,0,350,350
1,-1,-3,2,1.391,0,0,0.000,0,0,0,0,0,0,0,0
1,-5,7,2,2.942,37,0,2.443,0,1,0,573,37,0,299,299
1,-1,6,1,1.962,193,0,4.182,0,1,0,440,193,0,406,406
1,-3,5,3,1.101,0,0,0.000,0,1,0,5,0,0,7,7
1,-7,8,0,1.391,875,0,9.291,1,0,0,0,0,875,584,584
1,-3,6,3,2.091,5,0,3.822,0,1,0,25,5,0,136,136
1,-5,6,3,2.722,1,0,1.541,0,1,0,114,1,0,126,126
1,-4,2,3,0.211,0,0,0.000,0,0,0,0,0,0,0,0
1,-3,1,3,0.331,0,0,0.000,0,0,0,0,0,0,0,0
1,-6,5,0,13.561,0,0,0.000,0,1,0,5,0,0,29,29
1,1,-1,3,0.371,0,0,0.000,0,0,0,0,0,0,0,0
1,-4,1,3,0.191,0,0,0.000,0,0,0,0,0,0,0,0
1,-5,2,2,0.171,0,0,0.000,0,0,0,0,0,0,0,0
1,-2,-3,0,1.231,0,0,0.000,0,0,0,0,0,0,0,0
1,1,-5,0,0.591,0,0,0.000,0,0,0,0,0,0,0,0
1,-7,7,0,2.871,225,0,5.061,1,0,0,0,0,225,413,413
1,2,1,2,0.531,0,0,0.000,0,0,0,0,0,0,0,0
2,1,-4,2,0.511,0,0,0.000,0,0,0,0,0,0,0,0
2,-3,0,3,0.211,0,0,0.000,0,0,0,0,0,0,0,0
2,-2,2,3,1.011,0,0,0.000,0,0,0,0,0,0,0,0
2,-1,-1,3,0.121,0,0,0.000,0,0,0,0,0,0,0,0
2,0,1,3,0.112,0,0,0.000,0,0,0,0,0,0,0,0
2,-5,3,2,1.601,0,0,0.000,0,0,0,0,0,0,0,0
2,-1,1,3,0.201,0,0,0.000,0,0,0,0,0,0,0,0
2,-2,-1,3,0.261,0,0,0.000,0,0,0,0,0,0,0,0
2,0,4,3,1.431,0,0,0.000,0,1,0,24,0,0,2,2
2,3,-6,0,1.481,0,0,0.000,0,0,0,0,0,0,0,0
2,-2,4,3,1.111,0,0,0.000,0,0,0,0,0,0,0,0
2,-2,0,3,0.211,0,0,0.000,0,0,0,0,0,0,0,0
2,0,2,3,0.781,0,0,0.000,0,0,0,0,0,0,0,0
2,-4,3,3,0.341,0,0,0.000,0,0,0,0,0,0,0,0
2,-5,9,0,1.301,1454,0,10.321,1,0,0,0,0,1454,270,270
2,-7,6,1,1.872,24,0,3.091,0,1,0,201,24,0,224,224
2,-3,2,3,0.161,0,0,0.000,0,0,0,0,0,0,0,0
2,2,-1,2,0.591,0,0,0.000,0,0,0,0,0,0,0,0
2,0,-4,1,0.411,0,0,0.000,0,0,0,0,0,0,0,0
2,-2,5,3,1.541,0,0,0.000,0,0,0,0,0,0,47,47
2,-4,6,3,5.042,0,0,0.000,0,3,0,651,0,0,64,64
2,-1,5,2,1.881,0,0,0.000,0,1,0,200,0,0,45,45
2,0,-3,2,0.161,0,0,0.000,0,0,0,0,0,0,0,0
2,-6,8,0,1.793,652,0,7.993,1,0,0,0,0,652,474,474
2,-1,-2,3,0.441,0,0,0.000,0,0,0,0,0,0,0,0
2,-2,3,3,0.181,0,0,0.000,0,0,0,0,0,0,0,0
2,-4,5,3,0.871,0,0,0.000,0,0,0,0,0,0,0,0
2,1,-3,3,0.861,0,0,0.000,0,0,0,0,0,0,0,0
2,0,-2,3,0.621,0,0,0.000,0,0,0,0,0,0,0,0
2,0,3,3,1.391,0,0,0.000,0,0,0,0,0,0,0,0
2,-6,6,2,1.452,2,0,2.801,0,1,0,24,2,0,42,42
2,-2,6,2,3.502,28,0,2.741,0,1,0,406,28,0,220,220
2,-3,3,3,0.201,0,0,0.000,0,0,0,0,0,0,0,0
2,2,-2,2,0.271,0,0,0.000,0,0,0,0,0,0,0,0
2,-4,-2,2,0.612,0,0,0.000,0,0,0,0,0,0,0,0
2,2,2,1,0.633,0,0,0.000,0,1,0,1,0,0,2,2
2,-5,1,0,0.194,0,0,0.000,0,0,0,0,0,0,0,0
2,2,-3,2,0.241,0,0,0.000,0,0,0,0,0,0,0,0
2,-4,0,2,0.451,0,0,0.000,0,0,0,0,0,0,0,0
2,-3,4,3,1.631,0,0,0.000,0,0,0,0,0,0,0,0
2,-4,8,1,3.811,605,0,6.842,0,1,0,53,605,0,386,386
2,1,2,2,1.081,0,0,0.000,0,0,0,0,0,0,0,0
2,-6,2,0,1.591,0,0,0.000,0,0,0,0,0,0,0,0
2,-5,-2,0,1.991,0,0,0.000,0,0,0,0,0,0,0,0
2,3,1,1,1.042,0,0,0.000,0,0,0,0,0,0,3,3
2,-6,7,2,1.403,95,0,3.721,0,1,0,786,95,0,253,253
2,2,-4,2,2.081,0,0,0.000,0,0,0,0,0,0,0,0
2,-1,3,3,1.171,0,0,0.000,0,0,0,0,0,0,0,0
2,-1,2,3,0.151,0,0,0.000,0,0,0,0,0,0,0,0
2,-5,8,1,2.271,605,0,5.461,0,1,0,886,605,0,581,581
2,1,4,2,1.353,24,0,2.062,0,2,0,716,24,0,153,153
2,1,0,3,0.461,0,0,0.000,0,0,0,0,0,0,0,0
2,-2,1,3,0.331,0,0,0.000,0,0,0,0,0,0,0,0
2,-5,0,1,0.761,0,0,0.000,0,0,0,0,0,0,0,0
2,2,0,3,2.161,0,0,0.000,0,0,0,0,0,0,0,0
2,2,4,1,1.464,265,0,4.432,0,1,0,684,265,0,417,417
2,-6,3,0,0.941,0,0,0.000,0,0,0,0,0,0,0,0
2,3,0,0,0.751,0,0,0.000,0,0,0,0,0,0,1,1
2,-5,4,2,0.911,0,0,0.000,0,0,0,0,0,0,0,0
2,1,-2,3,1.371,0,0,0.000,0,0,0,0,0,0,0,0
2,-4,-3,0,0.951,0,0,0.000,0,0,0,0,0,0,0,0
2,3,-5,0,0.431,0,0,0.000,0,0,0,0,0,0,0,0
2,0,6,0,2.292,568,0,6.622,1,0,0,0,0,568,343,343
2,2,5,0,1.672,905,0,8.622,1,0,0,0,0,905,406,406
2,-3,7,0,2.842,204,0,6.892,1,0,0,0,0,204,367,367
2,-5,5,3,0.793,0,0,0.000,0,0,0,0,0,0,4,4
2,2,-5,1,0.501,0,0,0.000,0,0,0,0,0,0,0,0
2,4,-3,0,0.431,0,0,0.000,0,0,0,0,0,0,0,0
2,-3,-3,0,0.112,0,0,0.000,0,0,0,0,0,0,0,0
2,-3,-1,3,0.401,0,0,0.000,0,0,0,0,0,0,0,0
2,0,5,3,0.953,46,46,-1.000,0,0,0,0,0,0,115,115
2,0,0,3,0.641,0,0,0.000,0,0,0,0,0,0,0,0
2,3,-1,0,0.281,0,0,0.000,0,0,0,0,0,0,0,0
2,-1,-4,0,0.241,0,0,0.000,0,0,0,0,0,0,0,0
2,3,-2,1,1.251,0,0,0.000,0,0,0,0,0,0,0,0
2,1,5,0,5.251,458,0,10.011,1,0,0,0,0,458,439,439
2,-3,-2,2,1.321,0,0,0.000,0,0,0,0,0,0,0,0
2,-1,0,3,0.601,0,0,0.000,0,0,0,0,0,0,0,0
2,-5,-1,1,0.982,0,0,0.000,0,0,0,0,0,0,0,0
2,0,-1,3,0.721,0,0,0.000,0,0,0,0,0,0,0,0
2,-2,7,0,2.372,425,0,6.542,1,0,0,0,0,425,494,494
2,-6,4,1,1.211,0,0,0.000,0,0,0,0,0,0,3,3
2,-4,4,3,0.371,0,0,0.000,0,0,0,0,0,0,0,0
2,1,1,3,1.891,0,0,0.000,0,0,0,0,0,0,0,0
2,3,-4,0,0.471,0,0,0.000,0,0,0,0,0,0,0,0
2,-4,-1,3,0.481,0,0,0.000,0,0,0,0,0,0,0,0
2,-1,4,3,1.532,0,0,0.000,0,0,0,0,0,0,2,2
2,1,3,3,0.931,0,0,0.000,0,0,0,0,0,0,9,9
2,2,3,0,1.753,1,0,1.773,1,0,0,0,0,1,105,105
2,-2,-2,3,0.371,0,0,0.000,0,0,0,0,0,0,0,0
2,3,-3,0,0.431,0,0,0.000,0,0,0,0,0,0,0,0
2,-4,7,2,1.222,298,0,4.461,0,2,0,790,298,0,302,302
2,-1,-3,2,0.591,0,0,0.000,0,0,0,0,0,0,0,0
2,-5,7,2,2.943,55,0,2.423,0,1,0,605,55,0,302,302
2,-1,6,1,4.562,200,0,4.482,0,1,0,422,200,0,384,384
2,-3,5,3,25.461,0,0,0.000,0,1,0,3,0,0,5,5
2,-7,8,0,2.651,865,0,10.641,1,0,0,0,0,865,605,605
2,-3,6,3,1.511,3,0,2.561,0,1,0,28,3,0,138,138
2,-5,6,3,1.551,0,0,0.000,0,1,0,95,0,0,113,113
2,-4,2,3,0.211,0,0,0.000,0,0,0,0,0,0,0,0
2,-3,1,3,0.521,0,0,0.000,0,0,0,0,0,0,0,0
2,-6,5,0,1.351,0,0,0.000,0,1,0,2,0,0,35,35
2,1,-1,3,0.561,0,0,0.000,0,0,0,0,0,0,0,0
2,-4,1,3,0.591,0,0,0.000,0,0,0,0,0,0,0,0
2,-5,2,2,0.351,0,0,0.000,0,0,0,0,0,0,0,0
2,-2,-3,0,0.171,0,0,0.000,0,0,0,0,0,0,0,0
2,1,-5,0,0.231,0,0,0.000,0,0,0,0,0,0,0,0
2,-7,7,0,2.691,209,0,4.781,1,0,0,0,0,209,415,415
2,2,1,2,1.251,0,0,0.000,0,0,0,0,0,0,0,0
3,1,-4,2,1.291,0,0,0.000,0,0,0,0,0,0,0,0
3,-3,0,3,0.411,0,0,0.000,0,0,0,0,0,0,0,0
3,-2,2,3,0.381,0,0,0.000,0,0,0,0,0,0,0,0
3,-1,-1,3,1.131,0,0,0.000,0,0,0,0,0,0,0,0
3,0,1,3,0.112,0,0,0.000,0,0,0,0,0,0,0,0
3,-5,3,2,0.681,0,0,0.000,0,0,0,0,0,0,0,0
3,-1,1,3,1.011,0,0,0.000,0,0,0,0,0,0,0,0
3,-2,-1,3,0.181,0,0,0.000,0,0,0,0,0,0,0,0
3,0,4,3,1.911,0,0,0.000,0,1,0,23,0,0,2,2
3,3,-6,0,0.241,0,0,0.000,0,0,0,0,0,0,0,0
3,-2,4,3,1.801,0,0,0.000,0,0,0,0,0,0,0,0
3,-2,0,3,0.651,0,0,0.000,0,0,0,0,0,0,0,0
3,0,2,3,0.581,0,0,0.000,0,0,0,0,0,0,0,0
3,-4,3,3,0.751,0,0,0.000,0,0,0,0,0,0,0,0
3,-5,9,0,1.751,1419,0,9.971,1,0,0,0,0,1419,304,304
3,-7,6,1,1.382,29,0,3.872,1,1,1,225,12,17,199,199
3,-3,2,3,0.161,0,0,0.000,0,0,0,0,0,0,0,0
3,2,-1,2,0.591,0,0,0.000,0,0,0,0,0,0,0,0
3,0,-4,1,0.591,0,0,0.000,0,0,0,0,0,0,0,0
3,-2,5,3,1.061,0,0,0.000,0,0,0,0,0,0,37,37
3,-4,6,3,1.911,0,0,0.000,0,3,0,607,0,0,75,75
3,-1,5,2,4.821,1,0,2.112,0,1,0,198,1,0,49,49
3,0,-3,2,0.281,0,0,0.000,0,0,0,0,0,0,0,0
3,-6,8,0,1.793,625,0,7.793,1,0,0,0,0,625,529,529
3,-1,-2,3,1.361,0,0,0.000,0,0,0,0,0,0,0,0
3,-2,3,3,0.181,0,0,0.000,0,0,0,0,0,0,0,0
3,-4,5,3,2.631,0,0,0.000,0,1,0,1,0,0,0,0
3,1,-3,3,1.091,0,0,0.000,0,0,0,0,0,0,0,0
3,0,-2,3,0.411,0,0,0.000,0,0,0,0,0,0,0,0
3,0,3,3,0.761,0,0,0.000,0,0,0,0,0,0,0,0
3,-6,6,2,1.452,1,0,3.512,0,2,1,58,0,1,36,36
3,-2,6,2,2.674,21,0,2.172,0,1,0,427,21,0,256,256
3,-3,3,3,0.411,0,0,0.000,0,0,0,0,0,0,0,0
3,2,-2,2,0.271,0,0,0.000,0,0,0,0,0,0,0,0
3,-4,-2,2,0.271,0,0,0.000,0,0,0,0,0,0,0,0
3,2,2,1,1.593,0,0,0.000,0,0,0,0,0,0,0,0
3,-5,1,0,0.561,0,0,0.000,0,0,0,0,0,0,0,0
3,2,-3,2,0.661,0,0,0.000,0,0,0,0,0,0,0,0
3,-4,0,2,0.451,0,0,0.000,0,0,0,0,0,0,0,0
3,-3,4,3,0.601,0,0,0.000,0,0,0,0,0,0,0,0
3,-4,8,1,3.571,625,0,6.561,0,1,0,49,625,0,388,388
3,1,2,2,0.821,0,0,0.000,0,0,0,0,0,0,0,0
3,-6,2,0,0.742,0,0,0.000,0,0,0,0,0,0,0,0
3,-5,-2,0,1.831,0,0,0.000,0,0,0,0,0,0,0,0
3,3,1,1,1.551,0,0,0.000,0,0,0,0,0,0,1,1
3,-6,7,2,1.511,102,0,3.091,0,1,0,792,102,0,237,237
3,2,-4,2,0.211,0,0,0.000,0,0,0,0,0,0,0,0
3,-1,3,3,0.452,0,0,0.000,0,0,0,0,0,0,0,0
3,-1,2,3,0.311,0,0,0.000,0,0,0,0,0,0,0,0
3,-5,8,1,2.031,657,0,6.401,0,1,0,806,657,0,586,586
3,1,4,2,1.353,23,0,1.981,0,2,0,770,23,0,139,139
3,1,0,3,0.161,0,0,0.000,0,0,0,0,0,0,0,0
3,-2,1,3,1.631,0,0,0.000,0,0,0,0,0,0,0,0
3,-5,0,1,0.761,0,0,0.000,0,0,0,0,0,0,0,0
3,2,0,3,1.231,0,0,0.000,0,0,0,0,0,0,0,0
3,2,4,1,2.143,286,0,4.511,0,1,0,669,286,0,391,391
3,-6,3,0,1.411,0,0,0.000,0,0,0,0,0,0,0,0
3,3,0,0,0.802,0,0,0.000,0,0,0,0,0,0,2,2
3,-5,4,2,2.291,0,0,0.000,0,0,0,0,0,0,0,0
3,1,-2,3,0.221,0,0,0.000,0,0,0,0,0,0,0,0
3,-4,-3,0,1.191,0,0,0.000,0,0,0,0,0,0,0,0
3,3,-5,0,0.171,0,0,0.000,0,0,0,0,0,0,0,0
3,0,6,0,1.832,567,0,6.222,1,0,0,0,0,567,352,352
3,2,5,0,1.601,911,0,8.401,1,0,0,0,0,911,391,391
3,-3,7,0,2.182,201,0,6.612,1,0,0,0,0,201,357,357
3,-5,5,3,1.371,0,0,0.000,0,0,0,0,0,0,10,10
3,2,-5,1,0.461,0,0,0.000,0,0,0,0,0,0,0,0
3,4,-3,0,0.431,0,0,0.000,0,0,0,0,0,0,0,0
3,-3,-3,0,0.112,0,0,0.000,0,0,0,0,0,0,0,0
3,-3,-1,3,0.231,0,0,0.000,0,0,0,0,0,0,0,0
3,0,5,3,0.793,54,54,-1.000,0,0,0,0,0,0,120,120
3,0,0,3,1.421,0,0,0.000,0,0,0,0,0,0,0,0
3,3,-1,0,0.431,0,0,0.000,0,0,0,0,0,0,0,0
3,-1,-4,0,0.311,0,0,0.000,0,0,0,0,0,0,0,0
3,3,-2,1,1.041,0,0,0.000,0,0,0,0,0,0,0,0
3,1,5,0,1.962,496,0,7.102,1,0,0,0,0,496,406,406
3,-3,-2,2,1.131,0,0,0.000,0,0,0,0,0,0,0,0
3,-1,0,3,0.381,0,0,0.000,0,0,0,0,0,0,0,0
3,-5,-1,1,2.611,0,0,0.000,0,0,0,0,0,0,0,0
3,0,-1,3,0.521,0,0,0.000,0,0,0,0,0,0,0,0
3,-2,7,0,1.872,441,0,6.252,1,0,0,0,0,441,448,448
3,-6,4,1,2.762,0,0,0.000,0,0,0,0,0,0,1,1
3,-4,4,3,1.131,0,0,0.000,0,0,0,0,0,0,0,0
3,1,1,3,1.151,0,0,0.000,0,0,0,0,0,0,0,0
3,3,-4,0,1.251,0,0,0.000,0,0,0,0,0,0,0,0
3,-4,-1,3,0.481,0,0,0.000,0,0,0,0,0,0,0,0
3,-1,4,3,1.132,0,0,0.000,0,1,0,1,0,0,10,10
3,1,3,3,1.411,0,0,0.000,0,0,0,0,0,0,8,8
3,2,3,0,2.361,0,0,0.000,0,0,0,0,0,0,107,107
3,-2,-2,3,7.311,0,0,0.000,0,0,0,0,0,0,0,0
3,3,-3,0,0.231,0,0,0.000,0,0,0,0,0,0,0,0
3,-4,7,2,1.251,278,0,4.711,0,2,0,877,278,0,340,340
3,-1,-3,2,1.391,0,0,0.000,0,0,0,0,0,0,0,0
3,-5,7,2,2.673,51,0,2.373,0,1,0,585,51,0,260,260
3,-1,6,1,2.562,198,0,4.012,0,1,0,428,198,0,395,395
3,-3,5,3,0.541,0,0,0.000,0,1,0,2,0,0,3,3
3,-7,8,0,1.951,887,0,10.001,1,0,0,0,0,887,636,636
3,-3,6,3,1.131,2,0,2.042,0,1,0,21,2,0,162,162
3,-5,6,3,1.462,1,0,2.091,0,1,0,101,1,0,118,118
3,-4,2,3,0.211,0,0,0.000,0,0,0,0,0,0,0,0
3,-3,1,3,1.091,0,0,0.000,0,0,0,0,0,0,0,0
3,-6,5,0,0.791,0,0,0.000,0,1,0,1,0,0,24,24
3,1,-1,3,3.421,0,0,0.000,0,0,0,0,0,0,0,0
3,-4,1,3,0.232,0,0,0.000,0,0,0,0,0,0,0,0
3,-5,2,2,0.351,0,0,0.000,0,0,0,0,0,0,0,0
3,-2,-3,0,0.171,0,0,0.000,0,0,0,0,0,0,0,0
3,1,-5,0,0.831,0,0,0.000,0,0,0,0,0,0,0,0
3,-7,7,0,4.491,236,0,5.742,1,0,0,17,0,236,402,402
3,2,1,2,0.891,0,0,0.000,0,0,0,0,0,0,0,0
4,1,-4,2,0.611,0,0,0.000,0,0,0,0,0,0,0,0
4,-3,0,3,0.351,0,0,0.000,0,0,0,0,0,0,0,0
4,-2,2,3,0.221,0,0,0.000,0,0,0,0,0,0,0,0
4,-1,-1,3,0.221,0,0,0.000,0,0,0,0,0,0,0,0
4,0,1,3,0.111,0,0,0.000,0,0,0,0,0,0,0,0
4,-5,3,2,0.451,0,0,0.000,0,0,0,0,0,0,0,0
4,-1,1,3,0.201,0,0,0.000,0,0,0,0,0,0,0,0
4,-2,-1,3,0.181,0,0,0.000,0,0,0,0,0,0,0,0
4,0,4,3,1.431,0,0,0.000,0,1,0,39,0,0,3,3
4,3,-6,0,0.301,0,0,0.000,0,0,0,0,0,0,0,0
4,-2,4,3,1.571,0,0,0.000,0,0,0,0,0,0,0,0
4,-2,0,3,30.000,0,0,0.000,0,0,0,0,0,0,0,0
4,0,2,3,0.381,0,0,0.000,0,0,0,0,0,0,0,0
4,-4,3,3,0.341,0,0,0.000,0,0,0,0,0,0,0,0
4,-5,9,0,1.001,1423,0,9.171,1,0,0,0,0,1423,307,307
4,-7,6,1,1.533,29,0,3.471,0,1,0,217,29,0,207,207
4,-3,2,3,5.521,0,0,0.000,0,0,0,0,0,0,0,0
4,2,-1,2,0.891,0,0,0.000,0,0,0,0,0,0,0,0
4,0,-4,1,0.591,0,0,0.000,0,0,0,0,0,0,0,0
4,-2,5,3,1.221,0,0,0.000,0,0,0,0,0,0,24,24
4,-4,6,3,2.731,0,0,0.000,0,3,0,637,0,0,53,53
4,-1,5,2,1.041,0,0,0.000,0,1,0,190,0,0,37,37
4,0,-3,2,0.271,0,0,0.000,0,0,0,0,0,0,0,0
4,-6,8,0,3.793,632,0,9.783,1,0,0,0,0,632,468,468
4,-1,-2,3,0.671,0,0,0.000,0,0,0,0,0,0,0,0
4,-2,3,3,0.561,0,0,0.000,0,0,0,0,0,0,0,0
4,-4,5,3,0.871,0,0,0.000,0,0,0,0,0,0,0,0
4,1,-3,3,0.411,0,0,0.000,0,0,0,0,0,0,0,0
4,0,-2,3,0.531,0,0,0.000,0,0,0,0,0,0,0,0
4,0,3,3,1.521,0,0,0.000,0,0,0,0,0,0,0,0
4,-6,6,2,1.282,6,0,3.201,0,1,0,29,6,0,38,38
4,-2,6,2,2.583,24,0,3.531,0,1,0,407,24,0,227,227
4,-3,3,3,0.201,0,0,0.000,0,0,0,0,0,0,0,0
4,2,-2,2,0.191,0,0,0.000,0,0,0,0,0,0,0,0
4,-4,-2,2,1.021,0,0,0.000,0,0,0,0,0,0,0,0
4,2,2,1,0.633,0,0,0.000,0,1,0,1,0,0,1,1
4,-5,1,0,0.961,0,0,0.000,0,0,0,0,0,0,0,0
4,2,-3,2,0.241,0,0,0.000,0,0,0,0,0,0,0,0
4,-4,0,2,0.831,0,0,0.000,0,0,0,0,0,0,0,0
4,-3,4,3,0.551,0,0,0.000,0,0,0,0,0,0,0,0
4,-4,8,1,7.411,619,0,7.912,0,1,0,47,619,0,400,400
4,1,2,2,0.991,0,0,0.000,0,0,0,0,0,0,0,0
4,-6,2,0,0.651,0,0,0.000,0,0,0,0,0,0,0,0
4,-5,-2,0,1.511,0,0,0.000,0,0,0,0,0,0,0,0
4,3,1,1,2.514,0,0,0.000,0,0,0,0,0,0,4,4
4,-6,7,2,2.381,99,0,2.791,0,1,0,766,99,0,254,254
4,2,-4,2,0.981,0,0,0.000,0,0,0,0,0,0,0,0
4,-1,3,3,0.452,0,0,0.000,0,0,0,0,0,0,0,0
4,-1,2,3,0.151,0,0,0.000,0,0,0,0,0,0,0,0
4,-5,8,1,1.151,650,0,5.561,0,1,0,801,650,0,554,554
4,1,4,2,3.393,39,0,3.422,0,2,0,749,39,0,161,161
4,1,0,3,0.461,0,0,0.000,0,0,0,0,0,0,0,0
4,-2,1,3,2.751,0,0,0.000,0,0,0,0,0,0,0,0
4,-5,0,1,0.652,0,0,0.000,0,0,0,0,0,0,0,0
4,2,0,3,2.161,0,0,0.000,0,0,0,0,0,0,0,0
4,2,4,1,1.633,261,0,6.492,0,1,1,658,218,43,435,435
4,-6,3,0,1.071,0,0,0.000,0,0,0,0,0,0,0,0
4,3,0,0,0.751,0,0,0.000,0,0,0,0,0,0,0,0
4,-5,4,2,0.451,0,0,0.000,0,0,0,0,0,0,0,0
4,1,-2,3,3.441,0,0,0.000,0,0,0,0,0,0,0,0
4,-4,-3,0,0.951,0,0,0.000,0,0,0,0,0,0,0,0
4,3,-5,0,0.361,0,0,0.000,0,0,0,0,0,0,0,0
4,0,6,0,2.141,551,0,6.441,1,0,0,0,0,551,344,344
4,2,5,0,3.702,876,0,10.392,1,0,0,43,0,876,422,422
4,-3,7,0,3.722,212,0,7.962,1,0,0,0,0,212,350,350
4,-5,5,3,0.971,0,0,0.000,0,0,0,0,0,0,4,4
4,2,-5,1,0.161,0,0,0.000,0,0,0,0,0,0,0,0
4,4,-3,0,0.431,0,0,0.000,0,0,0,0,0,0,0,0
4,-3,-3,0,0.331,0,0,0.000,0,0,0,0,0,0,0,0
4,-3,-1,3,0.111,0,0,0.000,0,0,0,0,0,0,0,0
4,0,5,3,6.873,46,46,-1.000,0,0,0,0,0,0,124,124
4,0,0,3,0.641,0,0,0.000,0,0,0,0,0,0,0,0
4,3,-1,0,0.281,0,0,0.000,0,0,0,0,0,0,0,0
4,-1,-4,0,0.151,0,0,0.000,0,0,0,0,0,0,0,0
4,3,-2,1,0.411,0,0,0.000,0,0,0,0,0,0,0,0
4,1,5,0,2.912,512,0,7.972,1,0,0,0,0,512,405,405
4,-3,-2,2,0.181,0,0,0.000,0,0,0,0,0,0,0,0
4,-1,0,3,0.381,0,0,0.000,0,0,0,0,0,0,0,0
4,-5,-1,1,1.531,0,0,0.000,0,0,0,0,0,0,0,0
4,0,-1,3,1.011,0,0,0.000,0,0,0,0,0,0,0,0
4,-2,7,0,3.212,422,0,7.391,1,0,0,0,0,422,505,505
4,-6,4,1,2.241,0,0,0.000,0,0,0,0,0,0,0,0
4,-4,4,3,0.751,0,0,0.000,0,0,0,0,0,0,0,0
4,1,1,3,0.191,0,0,0.000,0,0,0,0,0,0,0,0
4,3,-4,0,4.891,0,0,0.000,0,0,0,0,0,0,0,0
4,-4,-1,3,2.481,0,0,0.000,0,0,0,0,0,0,0,0
4,-1,4,3,1.801,0,0,0.000,0,0,0,0,0,0,11,11
4,1,3,3,0.931,0,0,0.000,0,0,0,0,0,0,5,5
4,2,3,0,2.363,1,0,2.403,1,0,0,0,0,1,144,144
4,-2,-2,3,0.481,0,0,0.000,0,0,0,0,0,0,0,0
4,3,-3,0,2.981,0,0,0.000,0,0,0,0,0,0,0,0
4,-4,7,2,1.854,292,0,4.101,0,2,0,849,292,0,338,338
4,-1,-3,2,0.591,0,0,0.000,0,0,0,0,0,0,0,0
4,-5,7,2,2.943,53,0,4.403,0,1,0,584,53,0,300,300
4,-1,6,1,1.962,190,0,4.231,0,1,0,419,190,0,383,383
4,-3,5,3,1.101,0,0,0.000,0,1,0,5,0,0,4,4
4,-7,8,0,1.671,855,0,9.461,1,0,0,0,0,855,621,621
4,-3,6,3,1.701,5,0,3.421,0,1,0,24,5,0,139,139
4,-5,6,3,1.252,0,0,0.000,0,1,0,99,0,0,118,118
4,-4,2,3,0.211,0,0,0.000,0,0,0,0,0,0,0,0
4,-3,1,3,0.841,0,0,0.000,0,0,0,0,0,0,0,0
4,-6,5,0,0.961,0,0,0.000,0,1,0,6,0,0,37,37
4,1,-1,3,0.191,0,0,0.000,0,0,0,0,0,0,0,0
4,-4,1,3,0.591,0,0,0.000,0,0,0,0,0,0,0,0
4,-5,2,2,0.531,0,0,0.000,0,0,0,0,0,0,0,0
4,-2,-3,0,0.511,0,0,0.000,0,0,0,0,0,0,0,0
4,1,-5,0,0.231,0,0,0.000,0,0,0,0,0,0,0,0
4,-7,7,0,3.051,233,0,5.301,1,0,0,0,0,233,416,416
4,2,1,2,1.071,0,0,0.000,0,0,0,0,0,0,0,0
5,1,-4,2,0.511,0,0,0.000,0,0,0,0,0,0,0,0
5,-3,0,3,0.411,0,0,0.000,0,0,0,0,0,0,0,0
5,-2,2,3,1.361,0,0,0.000,0,0,0,0,0,0,0,0
5,-1,-1,3,1.261,0,0,0.000,0,0,0,0,0,0,0,0
5,0,1,3,0.112,0,0,0.000,0,0,0,0,0,0,0,0
5,-5,3,2,1.371,0,0,0.000,0,0,0,0,0,0,0,0
5,-1,1,3,4.581,0,0,0.000,0,0,0,0,0,0,0,0
5,-2,-1,3,0.181,0,0,0.000,0,0,0,0,0,0,0,0
5,0,4,3,1.702,0,0,0.000,0,1,0,31,0,0,4,4
5,3,-6,0,1.501,0,0,0.000,0,0,0,0,0,0,0,0
5,-2,4,3,0.881,0,0,0.000,0,0,0,0,0,0,0,0
5,-2,0,3,0.651,0,0,0.000,0,0,0,0,0,0,0,0
5,0,2,3,0.981,0,0,0.000,0,0,0,0,0,0,0,0
5,-4,3,3,0.341,0,0,0.000,0,0,0,0,0,0,0,0
5,-5,9,0,1.151,1420,0,9.621,1,0,0,0,0,1420,301,301
5,-7,6,1,2.892,35,0,3.731,0,1,0,223,35,0,214,214
5,-3,2,3,0.421,0,0,0.000,0,0,0,0,0,0,0,0
5,2,-1,2,1.281,0,0,0.000,0,0,0,0,0,0,0,0
5,0,-4,1,0.451,0,0,0.000,0,0,0,0,0,0,0,0
5,-2,5,3,1.701,0,0,0.000,0,0,0,0,0,0,42,42
5,-4,6,3,3.591,0,0,0.000,0,3,0,682,0,0,55,55
5,-1,5,2,1.251,0,0,0.000,0,1,0,201,0,0,42,42
5,0,-3,2,0.161,0,0,0.000,0,0,0,0,0,0,0,0
5,-6,8,0,1.793,612,0,7.633,1,0,0,0,0,612,496,496
5,-1,-2,3,0.901,0,0,0.000,0,0,0,0,0,0,0,0
5,-2,3,3,0.371,0,0,0.000,0,0,0,0,0,0,0,0
5,-4,5,3,1.542,0,0,0.000,0,0,0,0,0,0,0,0
5,1,-3,3,30.000,0,0,0.000,0,0,0,0,0,0,0,0
5,0,-2,3,0.171,0,0,0.000,0,0,0,0,0,0,0,0
5,0,3,3,1.053,0,0,0.000,0,0,0,0,0,0,0,0
5,-6,6,2,1.622,4,0,3.371,0,1,0,35,4,0,43,43
5,-2,6,2,2.843,22,0,2.562,0,1,0,412,22,0,226,226
5,-3,3,3,0.621,0,0,0.000,0,0,0,0,0,0,0,0
5,2,-2,2,0.191,0,0,0.000,0,0,0,0,0,0,0,0
5,-4,-2,2,0.271,0,0,0.000,0,0,0,0,0,0,0,0
5,2,2,1,0.634,0,0,0.000,0,1,0,1,0,0,2,2
5,-5,1,0,0.361,0,0,0.000,0,0,0,0,0,0,0,0
5,2,-3,2,0.381,0,0,0.000,0,0,0,0,0,0,0,0
5,-4,0,2,1.061,0,0,0.000,0,0,0,0,0,0,0,0
5,-3,4,3,0.862,0,0,0.000,0,0,0,0,0,0,0,0
5,-4,8,1,2.851,620,0,5.742,0,1,0,42,620,0,407,407
5,1,2,2,0.731,0,0,0.000,0,0,0,0,0,0,0,0
5,-6,2,0,3.071,0,0,0.000,0,0,0,0,0,0,0,0
5,-5,-2,0,1.991,0,0,0.000,0,0,0,0,0,0,0,0
5,3,1,1,2.481,0,0,0.000,0,0,0,0,0,0,2,2
5,-6,7,2,1.321,111,0,4.601,0,1,1,758,97,14,242,242
5,2,-4,2,0.431,0,0,0.000,0,0,0,0,0,0,0,0
5,-1,3,3,1.511,0,0,0.000,0,0,0,0,0,0,0,0
5,-1,2,3,0.311,0,0,0.000,0,0,0,0,0,0,0,0
5,-5,8,1,0.911,623,0,5.321,0,1,0,831,623,0,574,574
5,1,4,2,30.000,31,0,2.471,0,2,0,743,31,0,166,166
5,1,0,3,0.161,0,0,0.000,0,0,0,0,0,0,0,0
5,-2,1,3,2.651,0,0,0.000,0,0,0,0,0,0,0,0
5,-5,0,1,0.632,0,0,0.000,0,0,0,0,0,0,0,0
5,2,0,3,1.851,0,0,0.000,0,0,0,0,0,0,0,0
5,2,4,1,8.604,266,0,4.721,0,1,0,690,266,0,432,432
5,-6,3,0,0.651,0,0,0.000,0,0,0,0,0,0,0,0
5,3,0,0,1.711,0,0,0.000,0,0,0,0,0,0,0,0
5,-5,4,2,30.000,0,0,0.000,0,0,0,0,0,0,0,0
5,1,-2,3,0.451,0,0,0.000,0,0,0,0,0,0,0,0
5,-4,-3,0,0.911,0,0,0.000,0,0,0,0,0,0,0,0
5,3,-5,0,1.691,0,0,0.000,0,0,0,0,0,0,0,0
5,0,6,0,1.682,579,0,6.172,1,0,0,0,0,579,369,369
5,2,5,0,2.021,909,0,9.031,1,0,0,0,0,909,395,395
5,-3,7,0,1.742,213,0,5.792,1,0,0,0,0,213,321,321
5,-5,5,3,1.171,0,0,0.000,0,0,0,0,0,0,9,9
5,2,-5,1,13.891,0,0,0.000,0,0,0,0,0,0,0,0
5,4,-3,0,1.581,0,0,0.000,0,0,0,0,0,0,0,0
5,-3,-3,0,0.112,0,0,0.000,0,0,0,0,0,0,0,0
5,-3,-1,3,0.111,0,0,0.000,0,0,0,0,0,0,0,0
5,0,5,3,1.113,53,53,-1.000,0,0,0,0,0,0,118,118
5,0,0,3,0.251,0,0,0.000,0,0,0,0,0,0,0,0
5,3,-1,0,0.281,0,0,0.000,0,0,0,0,0,0,0,0
5,-1,-4,0,0.151,0,0,0.000,0,0,0,0,0,0,0,0
5,3,-2,1,0.411,0,0,0.000,0,0,0,0,0,0,0,0
5,1,5,0,2.552,491,0,7.642,1,0,0,0,0,491,432,432
5,-3,-2,2,0.251,0,0,0.000,0,0,0,0,0,0,0,0
5,-1,0,3,0.211,0,0,0.000,0,0,0,0,0,0,0,0
5,-5,-1,1,1.041,0,0,0.000,0,0,0,0,0,0,0,0
5,0,-1,3,1.921,0,0,0.000,0,0,0,0,0,0,0,0
5,-2,7,0,2.242,430,0,6.472,1,0,0,0,0,430,466,466
5,-6,4,1,1.613,0,0,0.000,0,0,0,0,0,0,0,0
5,-4,4,3,0.751,0,0,0.000,0,0,0,0,0,0,0,0
5,1,1,3,0.291,0,0,0.000,0,0,0,0,0,0,0,0
5,3,-4,0,0.471,0,0,0.000,0,0,0,0,0,0,0,0
5,-4,-1,3,0.981,0,0,0.000,0,0,0,0,0,0,0,0
5,-1,4,3,0.942,0,0,0.000,0,0,0,0,0,0,7,7
5,1,3,3,1.411,0,0,0.000,0,0,0,0,0,0,9,9
5,2,3,0,1.921,1,0,1.961,1,0,0,0,0,1,113,113
5,-2,-2,3,0.471,0,0,0.000,0,0,0,0,0,0,0,0
5,3,-3,0,1.151,0,0,0.000,0,0,0,0,0,0,0,0
5,-4,7,2,1.151,315,0,4.491,0,2,0,791,315,0,314,314
5,-1,-3,2,0.391,0,0,0.000,0,0,0,0,0,0,0,0
5,-5,7,2,2.943,52,0,2.413,0,1,0,569,52,0,295,295
5,-1,6,1,2.162,201,0,3.882,0,1,0,438,201,0,379,379
5,-3,5,3,0.681,0,0,0.000,0,1,0,3,0,0,5,5
5,-7,8,0,6.854,855,0,11.081,1,0,0,14,0,855,609,609
5,-3,6,3,1.901,3,0,2.422,0,1,0,22,3,0,127,127
5,-5,6,3,1.252,0,0,0.000,0,1,0,111,0,0,123,123
5,-4,2,3,0.321,0,0,0.000,0,0,0,0,0,0,0,0
5,-3,1,3,0.461,0,0,0.000,0,0,0,0,0,0,0,0
5,-6,5,0,0.791,0,0,0.000,0,1,0,4,0,0,33,33
5,1,-1,3,0.371,0,0,0.000,0,0,0,0,0,0,0,0
5,-4,1,3,0.851,0,0,0.000,0,0,0,0,0,0,0,0
5,-5,2,2,0.231,0,0,0.000,0,0,0,0,0,0,0,0
5,-2,-3,0,0.331,0,0,0.000,0,0,0,0,0,0,0,0
5,1,-5,0,0.111,0,0,0.000,0,0,0,0,0,0,0,0
5,-7,7,0,3.231,235,0,5.541,1,0,0,0,0,235,418,418
5,2,1,2,1.431,0,0,0.000,0,0,0,0,0,0,0,0
6,1,-4,2,0.291,0,0,0.000,0,0,0,0,0,0,0,0
6,-3,0,3,0.791,0,0,0.000,0,0,0,0,0,0,0,0
6,-2,2,3,0.671,0,0,0.000,0,0,0,0,0,0,0,0
6,-1,-1,3,0.221,0,0,0.000,0,0,0,0,0,0,0,0
6,0,1,3,0.112,0,0,0.000,0,0,0,0,0,0,0,0
6,-5,3,2,1.141,0,0,0.000,0,0,0,0,0,0,0,0
6,-1,1,3,0.201,0,0,0.000,0,0,0,0,0,0,0,0
6,-2,-1,3,0.321,0,0,0.000,0,0,0,0,0,0,0,0
6,0,4,3,1.911,0,0,0.000,0,1,0,31,0,0,3,3
6,3,-6,0,1.181,0,0,0.000,0,0,0,0,0,0,0,0
6,-2,4,3,0.903,0,0,0.000,0,0,0,0,0,0,0,0
6,-2,0,3,0.211,0,0,0.000,0,0,0,0,0,0,0,0
6,0,2,3,0.381,0,0,0.000,0,0,0,0,0,0,0,0
6,-4,3,3,0.341,0,0,0.000,0,0,0,0,0,0,0,0
6,-5,9,0,1.001,1425,0,9.421,1,0,0,0,0,1425,298,298
6,-7,6,1,1.423,46,0,3.291,0,1,0,192,46,0,208,208
6,-3,2,3,0.251,0,0,0.000,0,0,0,0,0,0,0,0
6,2,-1,2,0.591,0,0,0.000,0,0,0,0,0,0,0,0
6,0,-4,1,0.381,0,0,0.000,0,0,0,0,0,0,0,0
6,-2,5,3,1.541,0,0,0.000,0,0,0,0,0,0,36,36
6,-4,6,3,1.191,0,0,0.000,0,3,0,683,0,0,60,60
6,-1,5,2,1.881,0,0,0.000,0,1,0,188,0,0,49,49
6,0,-3,2,0.331,0,0,0.000,0,0,0,0,0,0,0,0
6,-6,8,0,2.193,614,0,8.123,1,0,0,0,0,614,491,491
6,-1,-2,3,0.441,0,0,0.000,0,0,0,0,0,0,0,0
6,-2,3,3,1.891,0,0,0.000,0,0,0,0,0,0,0,0
6,-4,5,3,1.091,0,0,0.000,0,1,0,1,0,0,0,0
6,1,-3,3,0.861,0,0,0.000,0,0,0,0,0,0,0,0
6,0,-2,3,0.141,0,0,0.000,0,0,0,0,0,0,0,0
6,0,3,3,0.761,0,0,0.000,0,0,0,0,0,0,0,0
6,-6,6,2,2.302,2,0,2.801,0,1,0,46,2,0,40,40
6,-2,6,2,3.101,21,0,2.892,0,1,0,410,21,0,256,256
6,-3,3,3,0.201,0,0,0.000,0,0,0,0,0,0,0,0
6,2,-2,2,0.311,0,0,0.000,0,0,0,0,0,0,0,0
6,-4,-2,2,0.291,0,0,0.000,0,0,0,0,0,0,0,0
6,2,2,1,0.794,0,0,0.000,0,1,0,2,0,0,5,5
6,-5,1,0,0.361,0,0,0.000,0,0,0,0,0,0,0,0
6,2,-3,2,1.361,0,0,0.000,0,0,0,0,0,0,0,0
6,-4,0,2,0.451,0,0,0.000,0,0,0,0,0,0,0,0
6,-3,4,3,0.751,0,0,0.000,0,0,0,0,0,0,0,0
6,-4,8,1,4.294,612,0,5.902,0,1,0,52,612,0,379,379
6,1,2,2,1.553,0,0,0.000,0,0,0,0,0,0,0,0
6,-6,2,0,0.651,0,0,0.000,0,0,0,0,0,0,0,0
6,-5,-2,0,1.031,0,0,0.000,0,0,0,0,0,0,0,0
6,3,1,1,10.461,0,0,0.000,0,0,0,0,0,0,3,3
6,-6,7,2,1.321,79,0,2.311,0,1,0,822,79,0,257,257
6,2,-4,2,0.371,0,0,0.000,0,0,0,0,0,0,0,0
6,-1,3,3,1.831,0,0,0.000,0,0,0,0,0,0,0,0
6,-1,2,3,0.151,0,0,0.000,0,0,0,0,0,0,0,0
6,-5,8,1,1.351,639,0,5.161,0,1,0,826,639,0,575,575
6,1,4,2,1.183,31,0,1.932,0,2,0,732,31,0,145,145
6,1,0,3,1.011,0,0,0.000,0,0,0,0,0,0,0,0
6,-2,1,3,1.391,0,0,0.000,0,0,0,0,0,0,0,0
6,-5,0,1,0.652,0,0,0.000,0,0,0,0,0,0,0,0
6,2,0,3,0.611,0,0,0.000,0,0,0,0,0,0,0,0
6,2,4,1,1.633,251,0,4.042,0,1,0,690,251,0,441,441
6,-6,3,0,0.941,0,0,0.000,0,0,0,0,0,0,0,0
6,3,0,0,0.751,0,0,0.000,0,0,0,0,0,0,2,2
6,-5,4,2,0.473,0,0,0.000,0,0,0,0,0,0,0,0
6,1,-2,3,1.141,0,0,0.000,0,0,0,0,0,0,0,0
6,-4,-3,0,1.671,0,0,0.000,0,0,0,0,0,0,0,0
6,3,-5,0,0.811,0,0,0.000,0,0,0,0,0,0,0,0
6,0,6,0,1.451,585,0,6.101,1,0,0,0,0,585,352,352
6,2,5,0,1.462,905,0,8.472,1,0,0,0,0,905,376,376
6,-3,7,0,1.962,214,0,5.952,1,0,0,0,0,214,339,339
6,-5,5,3,3.171,0,0,0.000,0,0,0,0,0,0,12,12
6,2,-5,1,0.161,0,0,0.000,0,0,0,0,0,0,0,0
6,4,-3,0,0.431,0,0,0.000,0,0,0,0,0,0,0,0
6,-3,-3,0,0.112,0,0,0.000,0,0,0,0,0,0,0,0
6,-3,-1,3,0.181,0,0,0.000,0,0,0,0,0,0,0,0
6,0,5,3,0.952,39,39,-1.000,0,0,0,0,0,0,122,122
6,0,0,3,1.161,0,0,0.000,0,0,0,0,0,0,0,0
6,3,-1,0,0.581,0,0,0.000,0,0,0,0,0,0,0,0
6,-1,-4,0,0.151,0,0,0.000,0,0,0,0,0,0,0,0
6,3,-2,1,0.223,0,0,0.000,0,0,0,0,0,0,0,0
6,1,5,0,4.892,492,0,9.992,1,0,0,0,0,492,424,424
6,-3,-2,2,0.421,0,0,0.000,0,0,0,0,0,0,0,0
6,-1,0,3,30.000,0,0,0.000,0,0,0,0,0,0,0,0
6,-5,-1,1,0.691,0,0,0.000,0,0,0,0,0,0,0,0
6,0,-1,3,0.371,0,0,0.000,0,0,0,0,0,0,0,0
6,-2,7,0,2.582,425,0,6.792,1,0,0,0,0,425,467,467
6,-6,4,1,1.781,0,0,0.000,0,0,0,0,0,0,3,3
6,-4,4,3,0.561,0,0,0.000,0,0,0,0,0,0,0,0
6,1,1,3,1.501,0,0,0.000,0,0,0,0,0,0,0,0
6,3,-4,0,0.731,0,0,0.000,0,0,0,0,0,0,0,0
6,-4,-1,3,0.591,0,0,0.000,0,0,0,0,0,0,0,0
6,-1,4,3,2.371,0,0,0.000,0,0,0,0,0,0,4,4
6,1,3,3,0.771,0,0,0.000,0,0,0,0,0,0,11,11
6,2,3,0,1.704,2,0,1.754,1,0,0,0,0,2,132,132
6,-2,-2,3,0.181,0,0,0.000,0,0,0,0,0,0,0,0
6,3,-3,0,1.421,0,0,0.000,0,0,0,0,0,0,0,0
6,-4,7,2,0.771,320,0,4.381,0,2,0,784,320,0,294,294
6,-1,-3,2,0.791,0,0,0.000,0,0,0,0,0,0,0,0
6,-5,7,2,4.562,43,0,2.733,0,1,0,578,43,0,286,286
6,-1,6,1,3.782,188,0,3.541,0,1,0,454,188,0,412,412
6,-3,5,3,2.812,0,0,0.000,0,1,0,1,0,0,5,5
6,-7,8,0,1.391,899,0,9.741,1,0,0,0,0,899,599,599
6,-3,6,3,1.131,1,0,2.732,0,1,0,21,1,0,143,143
6,-5,6,3,2.092,1,0,1.541,0,1,0,79,1,0,126,126
6,-4,2,3,0.321,0,0,0.000,0,0,0,0,0,0,0,0
6,-3,1,3,0.371,0,0,0.000,0,0,0,0,0,0,0,0
6,-6,5,0,0.791,0,0,0.000,0,1,0,2,0,0,34,34
6,1,-1,3,0.371,0,0,0.000,0,0,0,0,0,0,0,0
6,-4,1,3,1.391,0,0,0.000,0,0,0,0,0,0,0,0
6,-5,2,2,3.411,0,0,0.000,0,0,0,0,0,0,0,0
6,-2,-3,0,0.171,0,0,0.000,0,0,0,0,0,0,0,0
6,1,-5,0,0.111,0,0,0.000,0,0,0,0,0,0,0,0
6,-7,7,0,2.691,206,0,4.691,1,0,0,0,0,206,445,445
6,2,1,2,0.531,0,0,0.000,0,0,0,0,0,0,0,0
7,1,-4,2,0.771,0,0,0.000,0,0,0,0,0,0,0,0
7,-3,0,3,0.411,0,0,0.000,0,0,0,0,0,0,0,0
7,-2,2,3,0.671,0,0,0.000,0,0,0,0,0,0,0,0
7,-1,-1,3,0.351,0,0,0.000,0,0,0,0,0,0,0,0
7,0,1,3,0.111,0,0,0.000,0,0,0,0,0,0,0,0
7,-5,3,2,0.911,0,0,0.000,0,0,0,0,0,0,0,0
7,-1,1,3,0.201,0,0,0.000,0,0,0,0,0,0,0,0
7,-2,-1,3,1.211,0,0,0.000,0,0,0,0,0,0,0,0
7,0,4,3,1.431,0,0,0.000,0,1,0,18,0,0,4,4
7,3,-6,0,0.461,0,0,0.000,0,0,0,0,0,0,0,0
7,-2,4,3,1.571,0,0,0.000,0,0,0,0,0,0,0,0
7,-2,0,3,0.431,0,0,0.000,0,0,0,0,0,0,0,0
7,0,2,3,1.251,0,0,0.000,0,0,0,0,0,0,0,0
7,-4,3,3,0.341,0,0,0.000,0,0,0,0,0,0,0,0
7,-5,9,0,1.001,1391,0,9.251,1,0,0,0,0,1391,331,331
7,-7,6,1,1.533,34,0,3.341,0,1,0,216,34,0,234,234
7,-3,2,3,0.161,0,0,0.000,0,0,0,0,0,0,0,0
7,2,-1,2,0.591,0,0,0.000,0,0,0,0,0,0,0,0
7,0,-4,1,0.591,0,0,0.000,0,0,0,0,0,0,0,0
7,-2,5,3,1.541,0,0,0.000,0,0,0,0,0,0,36,36
7,-4,6,3,2.151,0,0,0.000,0,3,0,673,0,0,52,52
7,-1,5,2,1.251,0,0,0.000,0,1,0,211,0,0,34,34
7,0,-3,2,0.161,0,0,0.000,0,0,0,0,0,0,0,0
7,-6,8,0,1.993,645,0,8.133,1,0,0,0,0,645,514,514
7,-1,-2,3,1.131,0,0,0.000,0,0,0,0,0,0,0,0
7,-2,3,3,1.891,0,0,0.000,0,0,0,0,0,0,0,0
7,-4,5,3,0.651,0,0,0.000,0,1,0,1,0,0,0,0
7,1,-3,3,0.411,0,0,0.000,0,0,0,0,0,0,0,0
7,0,-2,3,0.531,0,0,0.000,0,0,0,0,0,0,0,0
7,0,3,3,2.233,0,0,0.000,0,0,0,0,0,0,0,0
7,-6,6,2,8.252,6,0,3.021,0,1,0,33,6,0,38,38
7,-2,6,2,2.583,22,0,1.922,0,1,0,423,22,0,248,248
7,-3,3,3,0.261,0,0,0.000,0,0,0,0,0,0,0,0
7,2,-2,2,0.191,0,0,0.000,0,0,0,0,0,0,0,0
7,-4,-2,2,1.171,0,0,0.000,0,0,0,0,0,0,0,0
7,2,2,1,0.954,0,0,0.000,0,0,0,0,0,0,1,1
7,-5,1,0,0.361,0,0,0.000,0,0,0,0,0,0,0,0
7,2,-3,2,0.241,0,0,0.000,0,0,0,0,0,0,0,0
7,-4,0,2,0.451,0,0,0.000,0,0,0,0,0,0,0,0
7,-3,4,3,1.021,0,0,0.000,0,0,0,0,0,0,0,0
7,-4,8,1,2.854,614,0,5.922,0,1,0,58,614,0,379,379
7,1,2,2,1.361,0,0,0.000,0,0,0,0,0,0,0,0
7,-6,2,0,0.651,0,0,0.000,0,0,0,0,0,0,0,0
7,-5,-2,0,0.802,0,0,0.000,0,0,0,0,0,0,0,0
7,3,1,1,2.722,0,0,0.000,0,0,0,0,0,0,2,2
7,-6,7,2,1.403,88,0,2.541,0,1,0,800,88,0,274,274
7,2,-4,2,0.211,0,0,0.000,0,0,0,0,0,0,0,0
7,-1,3,3,0.671,0,0,0.000,0,0,0,0,0,0,0,0
7,-1,2,3,2.551,0,0,0.000,0,0,0,0,0,0,0,0
7,-5,8,1,1.151,618,0,5.061,0,1,0,809,618,0,567,567
7,1,4,2,1.353,18,0,1.572,0,2,0,718,18,0,142,142
7,1,0,3,0.411,0,0,0.000,0,0,0,0,0,0,0,0
7,-2,1,3,1.541,0,0,0.000,0,0,0,0,0,0,0,0
7,-5,0,1,0.551,0,0,0.000,0,0,0,0,0,0,0,0
7,2,0,3,0.921,0,0,0.000,0,0,0,0,0,0,0,0
7,2,4,1,1.464,257,0,3.912,0,1,0,664,257,0,437,437
7,-6,3,0,1.291,0,0,0.000,0,0,0,0,0,0,0,0
7,3,0,0,0.941,0,0,0.000,0,0,0,0,0,0,1,1
7,-5,4,2,2.291,0,0,0.000,0,0,0,0,0,0,0,0
7,1,-2,3,0.221,0,0,0.000,0,0,0,0,0,0,0,0
7,-4,-3,0,3.791,0,0,0.000,0,0,0,0,0,0,0,0
7,3,-5,0,0.261,0,0,0.000,0,0,0,0,0,0,0,0
7,0,6,0,1.792,601,0,6.422,1,0,0,0,0,601,352,352
7,2,5,0,1.252,887,0,8.002,1,0,0,0,0,887,404,404
7,-3,7,0,1.962,213,0,5.972,1,0,0,0,0,213,315,315
7,-5,5,3,5.171,0,0,0.000,0,0,0,0,0,0,7,7
7,2,-5,1,0.161,0,0,0.000,0,0,0,0,0,0,0,0
7,4,-3,0,0.431,0,0,0.000,0,0,0,0,0,0,0,0
7,-3,-3,0,0.112,0,0,0.000,0,0,0,0,0,0,0,0
7,-3,-1,3,0.281,0,0,0.000,0,0,0,0,0,0,0,0
7,0,5,3,1.272,45,45,-1.000,0,0,0,0,0,0,110,110
7,0,0,3,2.531,0,0,0.000,0,0,0,0,0,0,0,0
7,3,-1,0,1.472,0,0,0.000,0,0,0,0,0,0,0,0
7,-1,-4,0,0.561,0,0,0.000,0,0,0,0,0,0,0,0
7,3,-2,1,0.411,0,0,0.000,0,0,0,0,0,0,0,0
7,1,5,0,2.062,469,0,6.932,1,0,0,0,0,469,410,410
7,-3,-2,2,0.371,0,0,0.000,0,0,0,0,0,0,0,0
7,-1,0,3,0.861,0,0,0.000,0,0,0,0,0,0,0,0
7,-5,-1,1,0.971,0,0,0.000,0,0,0,0,0,0,0,0
7,0,-1,3,0.521,0,0,0.000,0,0,0,0,0,0,0,0
7,-2,7,0,1.612,437,0,5.952,1,0,0,0,0,437,492,492
7,-6,4,1,0.631,0,0,0.000,0,0,0,0,0,0,2,2
7,-4,4,3,1.321,0,0,0.000,0,0,0,0,0,0,0,0
7,1,1,3,0.791,0,0,0.000,0,0,0,0,0,0,0,0
7,3,-4,0,1.771,0,0,0.000,0,0,0,0,0,0,0,0
7,-4,-1,3,0.481,0,0,0.000,0,0,0,0,0,0,0,0
7,-1,4,3,0.851,0,0,0.000,0,0,0,0,0,0,5,5
7,1,3,3,2.211,0,0,0.000,0,0,0,0,0,0,7,7
7,2,3,0,1.704,0,0,0.000,0,0,0,0,0,0,126,126
7,-2,-2,3,0.181,0,0,0.000,0,0,0,0,0,0,0,0
7,3,-3,0,0.701,0,0,0.000,0,0,0,0,0,0,0,0
7,-4,7,2,1.371,310,0,4.291,0,2,0,776,310,0,306,306
7,-1,-3,2,1.991,0,0,0.000,0,0,0,0,0,0,0,0
7,-5,7,2,6.993,53,0,2.623,0,1,0,599,53,0,300,300
7,-1,6,1,2.162,211,0,4.102,0,1,0,452,211,0,415,415
7,-3,5,3,0.821,0,0,0.000,0,1,0,5,0,0,4,4
7,-7,8,0,1.531,879,0,9.661,1,0,0,0,0,879,594,594
7,-3,6,3,1.511,5,0,1.812,0,1,0,22,5,0,139,139
7,-5,6,3,1.672,1,0,1.671,0,1,0,88,1,0,129,129
7,-4,2,3,0.211,0,0,0.000,0,0,0,0,0,0,0,0
7,-3,1,3,0.711,0,0,0.000,0,0,0,0,0,0,0,0
7,-6,5,0,0.791,0,0,0.000,0,1,0,6,0,0,35,35
7,1,-1,3,0.201,0,0,0.000,0,0,0,0,0,0,0,0
7,-4,1,3,0.191,0,0,0.000,0,0,0,0,0,0,0,0
7,-5,2,2,0.171,0,0,0.000,0,0,0,0,0,0,0,0
7,-2,-3,0,0.171,0,0,0.000,0,0,0,0,0,0,0,0
7,1,-5,0,1.311,0,0,0.000,0,0,0,0,0,0,0,0
7,-7,7,0,2.871,231,0,5.111,1,0,0,0,0,231,428,428
7,2,1,2,0.531,0,0,0.000,0,0,0,0,0,0,0,0
8,1,-4,2,0.251,0,0,0.000,0,0,0,0,0,0,0,0
8,-3,0,3,0.631,0,0,0.000,0,0,0,0,0,0,0,0
8,-2,2,3,1.071,0,0,0.000,0,0,0,0,0,0,0,0
8,-1,-1,3,0.221,0,0,0.000,0,0,0,0,0,0,0,0
8,0,1,3,0.112,0,0,0.000,0,0,0,0,0,0,0,0
8,-5,3,2,1.601,0,0,0.000,0,0,0,0,0,0,0,0
8,-1,1,3,1.011,0,0,0.000,0,0,0,0,0,0,0,0
8,-2,-1,3,2.351,0,0,0.000,0,0,0,0,0,0,0,0
8,0,4,3,1.431,0,0,0.000,0,1,0,29,0,0,2,2
8,3,-6,0,0.701,0,0,0.000,0,0,0,0,0,0,0,0
8,-2,4,3,2.611,0,0,0.000,0,0,0,0,0,0,0,0
8,-2,0,3,0.871,0,0,0.000,0,0,0,0,0,0,0,0
8,0,2,3,0.381,0,0,0.000,0,0,0,0,0,0,0,0
8,-4,3,3,1.101,0,0,0.000,0,0,0,0,0,0,0,0
8,-5,9,0,1.301,1414,0,9.521,1,0,0,0,0,1414,311,311
8,-7,6,1,2.633,31,0,3.141,0,1,0,214,31,0,204,204
8,-3,2,3,30.000,0,0,0.000,0,0,0,0,0,0,0,0
8,2,-1,2,0.591,0,0,0.000,0,0,0,0,0,0,0,0
8,0,-4,1,0.241,0,0,0.000,0,0,0,0,0,0,0,0
8,-2,5,3,2.021,0,0,0.000,0,0,0,0,0,0,38,38
8,-4,6,3,2.482,0,0,0.000,0,3,0,630,0,0,68,68
8,-1,5,2,1.671,0,0,0.000,0,1,0,176,0,0,51,51
8,0,-3,2,0.161,0,0,0.000,0,0,0,0,0,0,0,0
8,-6,8,0,1.793,639,0,7.893,1,0,0,0,0,639,497,497
8,-1,-2,3,2.971,0,0,0.000,0,0,0,0,0,0,0,0
8,-2,3,3,0.181,0,0,0.000,0,0,0,0,0,0,0,0
8,-4,5,3,1.531,0,0,0.000,0,0,0,0,0,0,0,0
8,1,-3,3,0.411,0,0,0.000,0,0,0,0,0,0,0,0
8,0,-2,3,0.141,0,0,0.000,0,0,0,0,0,0,0,0
8,0,3,3,2.531,0,0,0.000,0,0,0,0,0,0,0,0
8,-6,6,2,1.282,1,0,2.781,0,1,0,31,1,0,35,35
8,-2,6,2,2.582,17,0,2.002,0,1,0,446,17,0,255,255
8,-3,3,3,1.251,0,0,0.000,0,0,0,0,0,0,0,0
8,2,-2,2,0.311,0,0,0.000,0,0,0,0,0,0,0,0
8,-4,-2,2,0.721,0,0,0.000,0,0,0,0,0,0,0,0
8,2,2,1,0.773,0,0,0.000,0,1,0,2,0,0,1,1
8,-5,1,0,0.194,0,0,0.000,0,0,0,0,0,0,0,0
8,2,-3,2,0.131,0,0,0.000,0,0,0,0,0,0,0,0
8,-4,0,2,0.601,0,0,0.000,0,0,0,0,0,0,0,0
8,-3,4,3,0.421,0,0,0.000,0,0,0,0,0,0,0,0
8,-4,8,1,3.574,610,0,5.982,0,1,0,57,610,0,391,391
8,1,2,2,1.771,0,0,0.000,0,0,0,0,0,0,0,0
8,-6,2,0,1.311,0,0,0.000,0,0,0,0,0,0,0,0
8,-5,-2,0,1.271,0,0,0.000,0,0,0,0,0,0,0,0
8,3,1,1,2.061,0,0,0.000,0,0,0,0,0,0,2,2
8,-6,7,2,1.322,119,0,3.724,0,1,0,768,119,0,239,239
8,2,-4,2,0.211,0,0,0.000,0,0,0,0,0,0,0,0
8,-1,3,3,0.711,0,0,0.000,0,0,0,0,0,0,0,0
8,-1,2,3,0.471,0,0,0.000,0,0,0,0,0,0,0,0
8,-5,8,1,4.253,643,0,5.711,0,1,0,806,643,0,543,543
8,1,4,2,1.353,29,0,1.892,0,2,0,748,29,0,139,139
8,1,0,3,0.161,0,0,0.000,0,0,0,0,0,0,0,0
8,-2,1,3,1.641,0,0,0.000,0,0,0,0,0,0,0,0
8,-5,0,1,0.531,0,0,0.000,0,0,0,0,0,0,0,0
8,2,0,3,0.611,0,0,0.000,0,0,0,0,0,0,0,0
8,2,4,1,2.314,255,0,4.062,0,1,0,697,255,0,441,441
8,-6,3,0,1.511,0,0,0.000,0,0,0,0,0,0,0,0
8,3,0,0,0.751,0,0,0.000,0,0,0,0,0,0,3,3
8,-5,4,2,0.911,0,0,0.000,0,0,0,0,0,0,0,0
8,1,-2,3,1.601,0,0,0.000,0,0,0,0,0,0,0,0
8,-4,-3,0,0.671,0,0,0.000,0,0,0,0,0,0,0,0
8,3,-5,0,0.251,0,0,0.000,0,0,0,0,0,0,0,0
8,0,6,0,3.472,588,0,8.242,1,0,0,0,0,588,351,351
8,2,5,0,1.462,924,0,8.542,1,0,0,0,0,924,353,353
8,-3,7,0,1.962,208,0,6.032,1,0,0,0,0,208,348,348
8,-5,5,3,0.793,0,0,0.000,0,0,0,0,0,0,11,11
8,2,-5,1,1.181,0,0,0.000,0,0,0,0,0,0,0,0
8,4,-3,0,30.000,0,0,0.000,0,0,0,0,0,0,0,0
8,-3,-3,0,0.221,0,0,0.000,0,0,0,0,0,0,0,0
8,-3,-1,3,0.301,0,0,0.000,0,0,0,0,0,0,0,0
8,0,5,3,2.072,42,42,-1.000,0,0,0,0,0,0,119,119
8,0,0,3,0.251,0,0,0.000,0,0,0,0,0,0,0,0
8,3,-1,0,0.581,0,0,0.000,0,0,0,0,0,0,0,0
8,-1,-4,0,0.301,0,0,0.000,0,0,0,0,0,0,0,0
8,3,-2,1,0.201,0,0,0.000,0,0,0,0,0,0,0,0
8,1,5,0,4.842,506,0,10.082,1,0,0,0,0,506,384,384
8,-3,-2,2,0.371,0,0,0.000,0,0,0,0,0,0,0,0
8,-1,0,3,0.381,0,0,0.000,0,0,0,0,0,0,0,0
8,-5,-1,1,1.531,0,0,0.000,0,0,0,0,0,0,0,0
8,0,-1,3,0.371,0,0,0.000,0,0,0,0,0,0,0,0
8,-2,7,0,1.742,455,0,6.312,1,0,0,0,0,455,457,457
8,-6,4,1,1.962,0,0,0.000,0,0,0,0,0,0,1,1
8,-4,4,3,1.321,0,0,0.000,0,0,0,0,0,0,0,0
8,1,1,3,0.951,0,0,0.000,0,0,0,0,0,0,0,0
8,3,-4,0,2.291,0,0,0.000,0,0,0,0,0,0,0,0
8,-4,-1,3,0.481,0,0,0.000,0,0,0,0,0,0,0,0
8,-1,4,3,0.883,0,0,0.000,0,0,0,0,0,0,8,8
8,1,3,3,0.771,0,0,0.000,0,0,0,0,0,0,16,16
8,2,3,0,1.753,2,0,1.803,1,0,0,0,0,2,117,117
8,-2,-2,3,0.291,0,0,0.000,0,0,0,0,0,0,0,0
8,3,-3,0,0.941,0,0,0.000,0,0,0,0,0,0,0,0
8,-4,7,2,2.951,289,0,4.371,0,2,0,817,289,0,310,310
8,-1,-3,2,0.191,0,0,0.000,0,0,0,0,0,0,0,0
8,-5,7,2,5.103,52,0,2.393,0,1,0,595,52,0,282,282
8,-1,6,1,1.962,176,0,5.422,0,1,0,466,176,0,406,406
8,-3,5,3,1.101,0,0,0.000,0,1,0,6,0,0,6,6
8,-7,8,0,2.404,881,0,10.213,1,0,0,0,0,881,581,581
8,-3,6,3,1.321,6,0,1.952,0,1,0,17,6,0,134,134
8,-5,6,3,1.672,0,0,0.000,0,1,0,119,0,0,105,105
8,-4,2,3,0.211,0,0,0.000,0,0,0,0,0,0,0,0
8,-3,1,3,1.091,0,0,0.000,0,0,0,0,0,0,0,0
8,-6,5,0,0.542,0,0,0.000,0,1,0,1,0,0,14,14
8,1,-1,3,0.181,0,0,0.000,0,0,0,0,0,0,0,0
8,-4,1,3,0.811,0,0,0.000,0,0,0,0,0,0,0,0
8,-5,2,2,0.171,0,0,0.000,0,0,0,0,0,0,0,0
8,-2,-3,0,2.832,0,0,0.000,0,0,0,0,0,0,0,0
8,1,-5,0,0.231,0,0,0.000,0,0,0,0,0,0,0,0
8,-7,7,0,2.691,226,0,4.911,1,0,0,0,0,226,392,392
8,2,1,2,0.711,0,0,0.000,0,0,0,0,0,0,0,0
9,1,-4,2,1.291,0,0,0.000,0,0,0,0,0,0,0,0
9,-3,0,3,2.171,0,0,0.000,0,0,0,0,0,0,0,0
9,-2,2,3,0.381,0,0,0.000,0,0,0,0,0,0,0,0
9,-1,-1,3,0.221,0,0,0.000,0,0,0,0,0,0,0,0
9,0,1,3,0.391,0,0,0.000,0,0,0,0,0,0,0,0
9,-5,3,2,0.911,0,0,0.000,0,0,0,0,0,0,0,0
9,-1,1,3,0.201,0,0,0.000,0,0,0,0,0,0,0,0
9,-2,-1,3,0.831,0,0,0.000,0,0,0,0,0,0,0,0
9,0,4,3,2.871,0,0,0.000,0,1,0,36,0,0,3,3
9,3,-6,0,0.461,0,0,0.000,0,0,0,0,0,0,0,0
9,-2,4,3,1.341,0,0,0.000,0,0,0,0,0,0,0,0
9,-2,0,3,1.091,0,0,0.000,0,0,0,0,0,0,0,0
9,0,2,3,1.981,0,0,0.000,0,0,0,0,0,0,0,0
9,-4,3,3,0.341,0,0,0.000,0,0,0,0,0,0,0,0
9,-5,9,0,1.151,1410,0,9.341,1,0,0,0,0,1410,302,302
9,-7,6,1,2.414,33,0,3.963,1,1,0,231,0,33,227,227
9,-3,2,3,0.421,0,0,0.000,0,0,0,0,0,0,0,0
9,2,-1,2,0.291,0,0,0.000,0,0,0,0,0,0,0,0
9,0,-4,1,0.901,0,0,0.000,0,0,0,0,0,0,0,0
9,-2,5,3,1.701,0,0,0.000,0,0,0,0,0,0,40,40
9,-4,6,3,1.671,0,0,0.000,0,3,0,687,0,0,68,68
9,-1,5,2,1.041,0,0,0.000,0,1,0,203,0,0,37,37
9,0,-3,2,0.331,0,0,0.000,0,0,0,0,0,0,0,0
9,-6,8,0,2.393,632,0,8.443,1,0,0,0,0,632,509,509
9,-1,-2,3,0.901,0,0,0.000,0,0,0,0,0,0,0,0
9,-2,3,3,0.371,0,0,0.000,0,0,0,0,0,0,0,0
9,-4,5,3,2.001,0,0,0.000,0,1,0,1,0,0,0,0
9,1,-3,3,0.251,0,0,0.000,0,0,0,0,0,0,0,0
9,0,-2,3,0.141,0,0,0.000,0,0,0,0,0,0,0,0
9,0,3,3,0.574,0,0,0.000,0,0,0,0,0,0,0,0
9,-6,6,2,1.523,2,0,3.583,0,1,1,33,0,2,39,39
9,-2,6,2,2.843,17,0,3.182,0,1,0,408,17,0,247,247
9,-3,3,3,1.311,0,0,0.000,0,0,0,0,0,0,0,0
9,2,-2,2,0.221,0,0,0.000,0,0,0,0,0,0,0,0
9,-4,-2,2,0.421,0,0,0.000,0,0,0,0,0,0,0,0
9,2,2,1,1.754,0,0,0.000,0,0,0,0,0,0,1,1
9,-5,1,0,2.161,0,0,0.000,0,0,0,0,0,0,0,0
9,2,-3,2,0.131,0,0,0.000,0,0,0,0,0,0,0,0
9,-4,0,2,0.601,0,0,0.000,0,0,0,0,0,0,0,0
9,-3,4,3,2.731,0,0,0.000,0,0,0,0,0,0,0,0
9,-4,8,1,3.574,618,0,6.212,0,1,0,51,618,0,394,394
9,1,2,2,1.543,0,0,0.000,0,0,0,0,0,0,0,0
9,-6,2,0,1.581,0,0,0.000,0,0,0,0,0,0,0,0
9,-5,-2,0,0.791,0,0,0.000,0,0,0,0,0,0,0,0
9,3,1,1,2.061,0,0,0.000,0,0,0,0,0,0,0,0
9,-6,7,2,2.561,109,0,3.903,0,1,0,775,109,0,227,227
9,2,-4,2,0.541,0,0,0.000,0,0,0,0,0,0,0,0
9,-1,3,3,0.551,0,0,0.000,0,0,0,0,0,0,0,0
9,-1,2,3,0.311,0,0,0.000,0,0,0,0,0,0,0,0
9,-5,8,1,1.321,649,0,5.511,0,1,0,803,649,0,563,563
9,1,4,2,30.000,36,0,2.731,0,2,0,694,36,0,143,143
9,1,0,3,1.091,0,0,0.000,0,0,0,0,0,0,0,0
9,-2,1,3,0.331,0,0,0.000,0,0,0,0,0,0,0,0
9,-5,0,1,0.551,0,0,0.000,0,0,0,0,0,0,0,0
9,2,0,3,3.091,0,0,0.000,0,0,0,0,0,0,0,0
9,2,4,1,2.032,263,0,4.911,0,1,0,700,263,0,420,420
9,-6,3,0,0.651,0,0,0.000,0,0,0,0,0,0,0,0
9,3,0,0,0.941,0,0,0.000,0,0,0,0,0,0,0,0
9,-5,4,2,1.201,0,0,0.000,0,0,0,0,0,0,0,0
9,1,-2,3,1.371,0,0,0.000,0,0,0,0,0,0,0,0
9,-4,-3,0,1.631,0,0,0.000,0,0,0,0,0,0,0,0
9,3,-5,0,0.171,0,0,0.000,0,0,0,0,0,0,0,0
9,0,6,0,1.372,568,0,5.672,1,0,0,0,0,568,350,350
9,2,5,0,2.231,920,0,9.341,1,0,0,0,0,920,376,376
9,-3,7,0,2.182,194,0,6.262,1,0,0,0,0,194,354,354
9,-5,5,3,1.171,0,0,0.000,0,0,0,0,0,0,9,9
9,2,-5,1,0.161,0,0,0.000,0,0,0,0,0,0,0,0
9,4,-3,0,0.431,0,0,0.000,0,0,0,0,0,0,0,0
9,-3,-3,0,0.211,0,0,0.000,0,0,0,0,0,0,0,0
9,-3,-1,3,0.111,0,0,0.000,0,0,0,0,0,0,0,0
9,0,5,3,1.113,50,50,-1.000,0,0,0,0,0,0,101,101
9,0,0,3,1.161,0,0,0.000,0,0,0,0,0,0,0,0
9,3,-1,0,0.741,0,0,0.000,0,0,0,0,0,0,0,0
9,-1,-4,0,0.781,0,0,0.000,0,0,0,0,0,0,0,0
9,3,-2,1,0.411,0,0,0.000,0,0,0,0,0,0,0,0
9,1,5,0,3.142,444,0,7.762,1,0,0,0,0,444,435,435
9,-3,-2,2,0.561,0,0,0.000,0,0,0,0,0,0,0,0
9,-1,0,3,0.211,0,0,0.000,0,0,0,0,0,0,0,0
9,-5,-1,1,1.712,0,0,0.000,0,0,0,0,0,0,0,0
9,0,-1,3,0.521,0,0,0.000,0,0,0,0,0,0,0,0
9,-2,7,0,2.922,419,0,7.112,1,0,0,0,0,419,498,498
9,-6,4,1,0.861,0,0,0.000,0,0,0,0,0,0,0,0
9,-4,4,3,0.371,0,0,0.000,0,0,0,0,0,0,0,0
9,1,1,3,0.191,0,0,0.000,0,0,0,0,0,0,0,0
9,3,-4,0,1.051,0,0,0.000,0,0,0,0,0,0,0,0
9,-4,-1,3,0.981,0,0,0.000,0,0,0,0,0,0,0,0
9,-1,4,3,0.752,0,0,0.000,0,0,0,0,0,0,5,5
9,1,3,3,0.771,1,1,-1.000,0,0,0,0,0,0,8,8
9,2,3,0,2.363,0,0,0.000,0,0,0,0,0,0,112,112
9,-2,-2,3,0.181,0,0,0.000,0,0,0,0,0,0,0,0
9,3,-3,0,0.431,0,0,0.000,0,0,0,0,0,0,0,0
9,-4,7,2,2.931,315,0,4.481,0,2,0,813,315,0,325,325
9,-1,-3,2,0.991,0,0,0.000,0,0,0,0,0,0,0,0
9,-5,7,2,3.482,57,0,3.043,0,1,0,590,57,0,293,293
9,-1,6,1,3.363,203,0,3.592,0,1,0,419,203,0,434,434
9,-3,5,3,0.541,0,0,0.000,0,1,0,2,0,0,5,5
9,-7,8,0,2.683,872,0,10.563,1,0,0,0,0,872,635,635
9,-3,6,3,2.841,2,0,3.102,0,1,0,17,2,0,134,134
9,-5,6,3,1.462,1,0,2.833,0,1,0,109,1,0,140,140
9,-4,2,3,0.101,0,0,0.000,0,0,0,0,0,0,0,0
9,-3,1,3,1.221,0,0,0.000,0,0,0,0,0,0,0,0
9,-6,5,0,5.301,0,0,0.000,0,0,0,0,0,0,33,33
9,1,-1,3,0.561,0,0,0.000,0,0,0,0,0,0,0,0
9,-4,1,3,0.591,0,0,0.000,0,0,0,0,0,0,0,0
9,-5,2,2,0.711,0,0,0.000,0,0,0,0,0,0,0,0
9,-2,-3,0,0.311,0,0,0.000,0,0,0,0,0,0,0,0
9,1,-5,0,0.231,0,0,0.000,0,0,0,0,0,0,0,0
9,-7,7,0,4.131,229,0,6.501,1,0,0,0,0,229,398,398
9,2,1,2,0.351,0,0,0.000,0,0,0,0,0,0,0,0
10,1,-4,2,0.251,0,0,0.000,0,0,0,0,0,0,0,0
10,-3,0,3,0.571,0,0,0.000,0,0,0,0,0,0,0,0
10,-2,2,3,1.761,0,0,0.000,0,0,0,0,0,0,0,0
10,-1,-1,3,0.221,0,0,0.000,0,0,0,0,0,0,0,0
10,0,1,3,0.631,0,0,0.000,0,0,0,0,0,0,0,0
10,-5,3,2,0.911,0,0,0.000,0,0,0,0,0,0,0,0
10,-1,1,3,0.201,0,0,0.000,0,0,0,0,0,0,0,0
10,-2,-1,3,0.461,0,0,0.000,0,0,0,0,0,0,0,0
10,0,4,3,2.151,0,0,0.000,0,1,0,25,0,0,3,3
10,3,-6,0,0.701,0,0,0.000,0,0,0,0,0,0,0,0
10,-2,4,3,1.162,0,0,0.000,0,0,0,0,0,0,0,0
10,-2,0,3,0.211,0,0,0.000,0,0,0,0,0,0,0,0
10,0,2,3,0.781,0,0,0.000,0,0,0,0,0,0,0,0
10,-4,3,3,2.051,0,0,0.000,0,0,0,0,0,0,0,0
10,-5,9,0,1.151,1417,0,9.131,1,0,0,0,0,1417,296,296
10,-7,6,1,3.951,26,0,3.451,0,1,0,213,26,0,203,203
10,-3,2,3,0.331,0,0,0.000,0,0,0,0,0,0,0,0
10,2,-1,2,0.381,0,0,0.000,0,0,0,0,0,0,0,0
10,0,-4,1,0.831,0,0,0.000,0,0,0,0,0,0,0,0
10,-2,5,3,2.181,0,0,0.000,0,0,0,0,0,0,39,39
10,-4,6,3,2.871,0,0,0.000,0,3,0,634,0,0,58,58
10,-1,5,2,1.041,0,0,0.000,0,1,0,187,0,0,46,46
10,0,-3,2,0.271,0,0,0.000,0,0,0,0,0,0,0,0
10,-6,8,0,2.993,649,0,9.263,1,0,0,0,0,649,486,486
10,-1,-2,3,0.221,0,0,0.000,0,0,0,0,0,0,0,0
10,-2,3,3,0.181,0,0,0.000,0,0,0,0,0,0,0,0
10,-4,5,3,1.762,0,0,0.000,0,0,0,0,0,0,0,0
10,1,-3,3,10.331,0,0,0.000,0,0,0,0,0,0,0,0
10,0,-2,3,0.621,0,0,0.000,0,0,0,0,0,0,0,0
10,0,3,3,0.891,0,0,0.000,0,0,0,0,0,0,0,0
10,-6,6,2,1.452,5,0,3.191,0,1,0,26,5,0,42,42
10,-2,6,2,3.714,21,0,1.962,0,1,0,414,21,0,242,242
10,-3,3,3,0.201,0,0,0.000,0,0,0,0,0,0,0,0
10,2,-2,2,0.591,0,0,0.000,0,0,0,0,0,0,0,0
10,-4,-2,2,0.721,0,0,0.000,0,0,0,0,0,0,0,0
10,2,2,1,3.353,0,0,0.000,0,1,0,2,0,0,3,3
10,-5,1,0,3.161,0,0,0.000,0,0,0,0,0,0,0,0
10,2,-3,2,0.391,0,0,0.000,0,0,0,0,0,0,0,0
10,-4,0,2,1.291,0,0,0.000,0,0,0,0,0,0,0,0
10,-3,4,3,2.951,0,0,0.000,0,0,0,0,0,0,0,0
10,-4,8,1,3.094,605,0,5.982,0,1,0,57,605,0,406,406
10,1,2,2,0.773,0,0,0.000,0,0,0,0,0,0,0,0
10,-6,2,0,0.651,0,0,0.000,0,0,0,0,0,0,0,0
10,-5,-2,0,1.271,0,0,0.000,0,0,0,0,0,0,0,0
10,3,1,1,1.641,0,0,0.000,0,0,0,0,0,0,1,1
10,-6,7,2,1.792,101,0,4.103,0,1,0,787,101,0,252,252
10,2,-4,2,1.201,0,0,0.000,0,0,0,0,0,0,0,0
10,-1,3,3,0.471,0,0,0.000,0,0,0,0,0,0,0,0
10,-1,2,3,1.111,0,0,0.000,0,0,0,0,0,0,0,0
10,-5,8,1,1.442,659,0,5.671,0,1,0,782,659,0,557,557
10,1,4,2,1.353,25,0,2.502,0,2,0,732,25,0,144,144
10,1,0,3,0.801,0,0,0.000,0,0,0,0,0,0,0,0
10,-2,1,3,1.631,0,0,0.000,0,0,0,0,0,0,0,0
10,-5,0,1,0.531,0,0,0.000,0,0,0,0,0,0,0,0
10,2,0,3,1.231,0,0,0.000,0,0,0,0,0,0,0,0
10,2,4,1,1.803,275,0,5.792,0,1,0,664,275,0,432,432
10,-6,3,0,1.511,0,0,0.000,0,0,0,0,0,0,0,0
10,3,0,0,1.131,0,0,0.000,0,0,0,0,0,0,1,1
10,-5,4,2,0.681,0,0,0.000,0,0,0,0,0,0,0,0
10,1,-2,3,1.371,0,0,0.000,0,0,0,0,0,0,0,0
10,-4,-3,0,1.871,0,0,0.000,0,0,0,0,0,0,0,0
10,3,-5,0,1.241,0,0,0.000,0,0,0,0,0,0,0,0
10,0,6,0,1.602,568,0,6.102,1,0,0,0,0,568,355,355
10,2,5,0,2.862,902,0,9.612,1,0,0,0,0,902,412,412
10,-3,7,0,1.962,213,0,6.032,1,0,0,0,0,213,319,319
10,-5,5,3,1.802,0,0,0.000,0,0,0,0,0,0,4,4
10,2,-5,1,0.461,0,0,0.000,0,0,0,0,0,0,0,0
10,4,-3,0,0.661,0,0,0.000,0,0,0,0,0,0,0,0
10,-3,-3,0,0.331,0,0,0.000,0,0,0,0,0,0,0,0
10,-3,-1,3,0.591,0,0,0.000,0,0,0,0,0,0,0,0
10,0,5,3,1.752,47,47,-1.000,0,0,0,0,0,0,102,102
10,0,0,3,0.771,0,0,0.000,0,0,0,0,0,0,0,0
10,3,-1,0,30.000,0,0,0.000,0,0,0,0,0,0,0,0
10,-1,-4,0,0.151,0,0,0.000,0,0,0,0,0,0,0,0
10,3,-2,1,0.831,0,0,0.000,0,0,0,0,0,0,0,0
10,1,5,0,2.142,473,0,6.892,1,0,0,0,0,473,405,405
10,-3,-2,2,0.181,0,0,0.000,0,0,0,0,0,0,0,0
10,-1,0,3,0.431,0,0,0.000,0,0,0,0,0,0,0,0
10,-5,-1,1,1.911,0,0,0.000,0,0,0,0,0,0,0,0
10,0,-1,3,0.321,0,0,0.000,0,0,0,0,0,0,0,0
10,-2,7,0,1.662,427,0,5.912,1,0,0,0,0,427,501,501
10,-6,4,1,30.000,0,0,0.000,0,0,0,0,0,0,1,1
10,-4,4,3,1.321,0,0,0.000,0,0,0,0,0,0,0,0
10,1,1,3,0.191,0,0,0.000,0,0,0,0,0,0,0,0
10,3,-4,0,0.731,0,0,0.000,0,0,0,0,0,0,0,0
10,-4,-1,3,0.363,0,0,0.000,0,0,0,0,0,0,0,0
10,-1,4,3,0.942,0,0,0.000,0,0,0,0,0,0,7,7
10,1,3,3,0.771,0,0,0.000,0,0,0,0,0,0,17,17
10,2,3,0,3.461,2,0,3.501,1,0,0,0,0,2,106,106
10,-2,-2,3,0.661,0,0,0.000,0,0,0,0,0,0,0,0
10,3,-3,0,0.991,0,0,0.000,0,0,0,0,0,0,0,0
10,-4,7,2,0.771,295,0,4.281,0,2,0,828,295,0,301,301
10,-1,-3,2,0.191,0,0,0.000,0,0,0,0,0,0,0,0
10,-5,7,2,2.943,44,0,3.533,0,1,0,612,44,0,290,290
10,-1,6,1,2.362,187,0,3.662,0,1,0,439,187,0,402,402
10,-3,5,3,1.101,0,0,0.000,0,1,0,6,0,0,3,3
10,-7,8,0,2.963,882,0,10.963,1,0,0,0,0,882,623,623
10,-3,6,3,2.281,6,0,1.882,0,1,0,21,6,0,148,148
10,-5,6,3,2.391,0,0,0.000,0,1,0,101,0,0,134,134
10,-4,2,3,0.211,0,0,0.000,0,0,0,0,0,0,0,0
10,-3,1,3,0.651,0,0,0.000,0,0,0,0,0,0,0,0
10,-6,5,0,0.541,0,0,0.000,0,1,0,5,0,0,20,20
10,1,-1,3,0.181,0,0,0.000,0,0,0,0,0,0,0,0
10,-4,1,3,0.391,0,0,0.000,0,0,0,0,0,0,0,0
10,-5,2,2,0.171,0,0,0.000,0,0,0,0,0,0,0,0
10,-2,-3,0,0.851,0,0,0.000,0,0,0,0,0,0,0,0
10,1,-5,0,0.471,0,0,0.000,0,0,0,0,0,0,0,0
10,-7,7,0,3.051,224,0,5.261,1,0,0,0,0,224,430,430
10,2,1,2,1.071,0,0,0.000,0,0,0,0,0,0,0,0
11,1,-4,2,1.371,0,0,0.000,0,0,0,0,0,0,0,0
11,-3,0,3,0.411,0,0,0.000,0,0,0,0,0,0,0,0
11,-2,2,3,1.531,0,0,0.000,0,0,0,0,0,0,0,0
11,-1,-1,3,0.611,0,0,0.000,0,0,0,0,0,0,0,0
11,0,1,3,0.221,0,0,0.000,0,0,0,0,0,0,0,0
11,-5,3,2,1.601,0,0,0.000,0,0,0,0,0,0,0,0
11,-1,1,3,0.381,0,0,0.000,0,0,0,0,0,0,0,0
11,-2,-1,3,0.641,0,0,0.000,0,0,0,0,0,0,0,0
11,0,4,3,2.401,0,0,0.000,0,1,0,38,0,0,3,3
11,3,-6,0,0.251,0,0,0.000,0,0,0,0,0,0,0,0
11,-2,4,3,1.362,0,0,0.000,0,0,0,0,0,0,0,0
11,-2,0,3,0.891,0,0,0.000,0,0,0,0,0,0,0,0
11,0,2,3,1.981,0,0,0.000,0,0,0,0,0,0,0,0
11,-4,3,3,0.183,0,0,0.000,0,0,0,0,0,0,0,0
11,-5,9,0,1.151,1393,0,9.181,1,0,0,0,0,1393,320,320
11,-7,6,1,2.853,23,0,3.251,0,1,0,220,23,0,197,197
11,-3,2,3,0.331,0,0,0.000,0,0,0,0,0,0,0,0
11,2,-1,2,1.191,0,0,0.000,0,0,0,0,0,0,0,0
11,0,-4,1,0.201,0,0,0.000,0,0,0,0,0,0,0,0
11,-2,5,3,0.901,0,0,0.000,0,0,0,0,0,0,34,34
11,-4,6,3,1.911,0,0,0.000,0,4,0,949,0,0,44,44
11,-1,5,2,1.671,0,0,0.000,0,1,0,201,0,0,36,36
11,0,-3,2,0.161,0,0,0.000,0,0,0,0,0,0,0,0
11,-6,8,0,1.793,617,0,7.743,1,0,0,0,0,617,510,510
11,-1,-2,3,0.441,0,0,0.000,0,0,0,0,0,0,0,0
11,-2,3,3,0.371,0,0,0.000,0,0,0,0,0,0,0,0
11,-4,5,3,0.651,0,0,0.000,0,0,0,0,0,0,0,0
11,1,-3,3,0.461,0,0,0.000,0,0,0,0,0,0,0,0
11,0,-2,3,0.381,0,0,0.000,0,0,0,0,0,0,0,0
11,0,3,3,0.891,0,0,0.000,0,0,0,0,0,0,0,0
11,-6,6,2,3.322,4,0,3.001,0,1,0,23,4,0,45,45
11,-2,6,2,2.583,27,0,2.391,0,1,0,398,27,0,253,253
11,-3,3,3,0.411,0,0,0.000,0,0,0,0,0,0,0,0
11,2,-2,2,1.391,0,0,0.000,0,0,0,0,0,0,0,0
11,-4,-2,2,0.721,0,0,0.000,0,0,0,0,0,0,0,0
11,2,2,1,0.794,0,0,0.000,0,1,0,1,0,0,3,3
11,-5,1,0,0.361,0,0,0.000,0,0,0,0,0,0,0,0
11,2,-3,2,0.241,0,0,0.000,0,0,0,0,0,0,0,0
11,-4,0,2,0.601,0,0,0.000,0,0,0,0,0,0,0,0
11,-3,4,3,0.421,0,0,0.000,0,0,0,0,0,0,0,0
11,-4,8,1,4.291,617,0,7.001,1,1,0,146,0,617,399,399
11,1,2,2,0.731,0,0,0.000,0,0,0,0,0,0,0,0
11,-6,2,0,0.742,0,0,0.000,0,0,0,0,0,0,0,0
11,-5,-2,0,1.271,0,0,0.000,0,0,0,0,0,0,0,0
11,3,1,1,17.811,0,0,0.000,0,0,0,0,0,0,2,2
11,-6,7,2,1.321,92,0,2.581,0,1,0,800,92,0,247,247
11,2,-4,2,0.421,0,0,0.000,0,0,0,0,0,0,0,0
11,-1,3,3,1.361,0,0,0.000,0,0,0,0,0,0,0,0
11,-1,2,3,0.631,0,0,0.000,0,0,0,0,0,0,0,0
11,-5,8,1,1.151,639,0,5.351,0,1,0,787,639,0,548,548
11,1,4,2,1.183,38,0,2.642,0,2,0,707,38,0,134,134
11,1,0,3,0.291,0,0,0.000,0,0,0,0,0,0,0,0
11,-2,1,3,1.971,0,0,0.000,0,0,0,0,0,0,0,0
11,-5,0,1,0.531,0,0,0.000,0,0,0,0,0,0,0,0
11,2,0,3,1.541,0,0,0.000,0,0,0,0,0,0,0,0
11,2,4,1,2.032,264,0,6.521,0,1,0,671,264,0,437,437
11,-6,3,0,0.972,0,0,0.000,0,0,0,0,0,0,0,0
11,3,0,0,0.561,0,0,0.000,0,0,0,0,0,0,1,1
11,-5,4,2,0.681,0,0,0.000,0,0,0,0,0,0,0,0
11,1,-2,3,0.681,0,0,0.000,0,0,0,0,0,0,0,0
11,-4,-3,0,0.962,0,0,0.000,0,0,0,0,0,0,0,0
11,3,-5,0,1.781,0,0,0.000,0,0,0,0,0,0,0,0
11,0,6,0,1.832,553,0,6.142,1,0,0,0,0,553,330,330
11,2,5,0,3.701,899,0,10.521,1,0,0,0,0,899,375,375
11,-3,7,0,3.502,201,0,7.732,1,0,0,0,0,201,337,337
11,-5,5,3,2.371,0,0,0.000,0,0,0,0,0,0,4,4
11,2,-5,1,16.101,0,0,0.000,0,0,0,0,0,0,0,0
11,4,-3,0,0.891,0,0,0.000,0,0,0,0,0,0,0,0
11,-3,-3,0,0.211,0,0,0.000,0,0,0,0,0,0,0,0
11,-3,-1,3,0.111,0,0,0.000,0,0,0,0,0,0,0,0
11,0,5,3,0.793,56,56,-1.000,0,0,0,0,0,0,107,107
11,0,0,3,0.901,0,0,0.000,0,0,0,0,0,0,0,0
11,3,-1,0,1.181,0,0,0.000,0,0,0,0,0,0,0,0
11,-1,-4,0,0.151,0,0,0.000,0,0,0,0,0,0,0,0
11,3,-2,1,0.411,0,0,0.000,0,0,0,0,0,0,0,0
11,1,5,0,2.142,468,0,6.752,1,0,0,0,0,468,402,402
11,-3,-2,2,0.421,0,0,0.000,0,0,0,0,0,0,0,0
11,-1,0,3,0.821,0,0,0.000,0,0,0,0,0,0,0,0
11,-5,-1,1,1.002,0,0,0.000,0,0,0,0,0,0,0,0
11,0,-1,3,0.321,0,0,0.000,0,0,0,0,0,0,0,0
11,-2,7,0,2.031,414,0,6.121,1,0,0,0,0,414,474,474
11,-6,4,1,0.811,0,0,0.000,0,1,0,1,0,0,0,0
11,-4,4,3,1.891,0,0,0.000,0,0,0,0,0,0,0,0
11,1,1,3,0.191,0,0,0.000,0,0,0,0,0,0,0,0
11,3,-4,0,0.471,0,0,0.000,0,0,0,0,0,0,0,0
11,-4,-1,3,0.731,0,0,0.000,0,0,0,0,0,0,0,0
11,-1,4,3,0.752,0,0,0.000,0,0,0,0,0,0,5,5
11,1,3,3,0.771,0,0,0.000,0,0,0,0,0,0,16,16
11,2,3,0,1.533,1,0,1.553,1,0,0,0,0,1,129,129
11,-2,-2,3,0.181,0,0,0.000,0,0,0,0,0,0,0,0
11,3,-3,0,0.511,0,0,0.000,0,0,0,0,0,0,0,0
11,-4,7,2,0.771,301,0,4.341,0,3,1,1225,207,94,315,315
11,-1,-3,2,0.991,0,0,0.000,0,0,0,0,0,0,0,0
11,-5,7,2,2.943,46,0,2.333,0,1,0,580,46,0,289,289
11,-1,6,1,2.362,201,0,4.032,0,1,0,420,201,0,396,396
11,-3,5,3,1.171,0,0,0.000,0,1,0,3,0,0,4,4
11,-7,8,0,1.531,882,0,9.661,1,0,0,0,0,882,624,624
11,-3,6,3,2.461,3,0,2.211,0,1,0,27,3,0,141,141
11,-5,6,3,1.252,0,0,0.000,0,1,0,92,0,0,138,138
11,-4,2,3,2.741,0,0,0.000,0,0,0,0,0,0,0,0
11,-3,1,3,0.461,0,0,0.000,0,0,0,0,0,0,0,0
11,-6,5,0,0.931,1,0,0.991,1,1,0,4,0,1,30,30
11,1,-1,3,0.761,0,0,0.000,0,0,0,0,0,0,0,0
11,-4,1,3,0.411,0,0,0.000,0,0,0,0,0,0,0,0
11,-5,2,2,0.531,0,0,0.000,0,0,0,0,0,0,0,0
11,-2,-3,0,0.171,0,0,0.000,0,0,0,0,0,0,0,0
11,1,-5,0,1.191,0,0,0.000,0,0,0,0,0,0,0,0
11,-7,7,0,2.871,228,0,5.151,1,0,0,0,0,228,419,419
11,2,1,2,0.531,0,0,0.000,0,0,0,0,0,0,0,0
12,1,-4,2,1.291,0,0,0.000,0,0,0,0,0,0,0,0
12,-3,0,3,0.211,0,0,0.000,0,0,0,0,0,0,0,0
12,-2,2,3,0.221,0,0,0.000,0,0,0,0,0,0,0,0
12,-1,-1,3,0.121,0,0,0.000,0,0,0,0,0,0,0,0
12,0,1,3,0.221,0,0,0.000,0,0,0,0,0,0,0,0
12,-5,3,2,0.681,0,0,0.000,0,0,0,0,0,0,0,0
12,-1,1,3,2.691,0,0,0.000,0,0,0,0,0,0,0,0
12,-2,-1,3,0.181,0,0,0.000,0,0,0,0,0,0,0,0
12,0,4,3,1.431,0,0,0.000,0,2,0,60,0,0,5,5
12,3,-6,0,0.461,0,0,0.000,0,0,0,0,0,0,0,0
12,-2,4,3,1.801,0,0,0.000,0,0,0,0,0,0,0,0
12,-2,0,3,1.091,0,0,0.000,0,0,0,0,0,0,0,0
12,0,2,3,0.981,0,0,0.000,0,0,0,0,0,0,0,0
12,-4,3,3,1.291,0,0,0.000,0,0,0,0,0,0,0,0
12,-5,9,0,1.001,1399,0,9.061,1,0,0,0,0,1399,312,312
12,-7,6,1,2.193,28,0,3.672,1,1,0,248,0,28,219,219
12,-3,2,3,0.251,0,0,0.000,0,0,0,0,0,0,0,0
12,2,-1,2,0.891,0,0,0.000,0,0,0,0,0,0,0,0
12,0,-4,1,0.201,0,0,0.000,0,0,0,0,0,0,0,0
12,-2,5,3,2.661,0,0,0.000,0,0,0,0,0,0,33,33
12,-4,6,3,1.431,0,0,0.000,0,3,0,665,0,0,54,54
12,-1,5,2,1.041,0,0,0.000,0,1,0,186,0,0,47,47
12,0,-3,2,0.271,0,0,0.000,0,0,0,0,0,0,0,0
12,-6,8,0,1.993,618,0,7.903,1,0,0,0,0,618,512,512
12,-1,-2,3,0.221,0,0,0.000,0,0,0,0,0,0,0,0
12,-2,3,3,0.371,0,0,0.000,0,0,0,0,0,0,0,0
12,-4,5,3,0.692,0,0,0.000,0,0,0,0,0,0,0,0
12,1,-3,3,2.121,0,0,0.000,0,0,0,0,0,0,0,0
12,0,-2,3,0.291,0,0,0.000,0,0,0,0,0,0,0,0
12,0,3,3,0.971,0,0,0.000,0,0,0,0,0,0,0,0
12,-6,6,2,1.282,4,0,3.372,0,1,1,28,0,4,36,36
12,-2,6,2,11.773,12,0,2.872,0,1,0,428,12,0,234,234
12,-3,3,3,1.461,0,0,0.000,0,0,0,0,0,0,0,0
12,2,-2,2,0.331,0,0,0.000,0,0,0,0,0,0,0,0
12,-4,-2,2,0.611,0,0,0.000,0,0,0,0,0,0,0,0
12,2,2,1,0.794,0,0,0.000,0,1,0,1,0,0,3,3
12,-5,1,0,0.194,0,0,0.000,0,0,0,0,0,0,0,0
12,2,-3,2,0.531,0,0,0.000,0,0,0,0,0,0,0,0
12,-4,0,2,0.221,0,0,0.000,0,0,0,0,0,0,0,0
12,-3,4,3,2.731,0,0,0.000,0,0,0,0,0,0,0,0
12,-4,8,1,3.091,622,0,6.192,0,1,0,57,622,0,400,400
12,1,2,2,0.513,0,0,0.000,0,0,0,0,0,0,0,0
12,-6,2,0,1.751,0,0,0.000,0,0,0,0,0,0,0,0
12,-5,-2,0,1.271,0,0,0.000,0,0,0,0,0,0,0,0
12,3,1,1,1.251,0,0,0.000,0,0,0,0,0,0,1,1
12,-6,7,2,1.322,100,0,3.114,0,1,0,787,100,0,240,240
12,2,-4,2,0.211,0,0,0.000,0,0,0,0,0,0,0,0
12,-1,3,3,0.471,0,0,0.000,0,0,0,0,0,0,0,0
12,-1,2,3,0.311,0,0,0.000,0,0,0,0,0,0,0,0
12,-5,8,1,3.062,643,0,5.291,0,1,0,790,643,0,539,539
12,1,4,2,3.592,30,0,2.251,0,2,0,671,30,0,155,155
12,1,0,3,0.161,0,0,0.000,0,0,0,0,0,0,0,0
12,-2,1,3,0.361,0,0,0.000,0,0,0,0,0,0,0,0
12,-5,0,1,0.621,0,0,0.000,0,0,0,0,0,0,0,0
12,2,0,3,2.161,0,0,0.000,0,0,0,0,0,0,0,0
12,2,4,1,2.722,229,0,4.191,0,1,0,694,229,0,455,455
12,-6,3,0,2.171,0,0,0.000,0,0,0,0,0,0,0,0
12,3,0,0,0.751,0,0,0.000,0,0,0,0,0,0,4,4
12,-5,4,2,0.451,0,0,0.000,0,0,0,0,0,0,0,0
12,1,-2,3,1.831,0,0,0.000,0,0,0,0,0,0,0,0
12,-4,-3,0,1.631,0,0,0.000,0,0,0,0,0,0,0,0
12,3,-5,0,0.521,0,0,0.000,0,0,0,0,0,0,0,0
12,0,6,0,1.602,580,0,6.162,1,0,0,0,0,580,330,330
12,2,5,0,1.811,881,0,8.861,1,0,0,0,0,881,416,416
12,-3,7,0,2.182,233,0,6.242,1,0,0,0,0,233,342,342
12,-5,5,3,0.971,0,0,0.000,0,0,0,0,0,0,5,5
12,2,-5,1,0.161,0,0,0.000,0,0,0,0,0,0,0,0
12,4,-3,0,0.431,0,0,0.000,0,0,0,0,0,0,0,0
12,-3,-3,0,0.112,0,0,0.000,0,0,0,0,0,0,0,0
12,-3,-1,3,0.161,0,0,0.000,0,0,0,0,0,0,0,0
12,0,5,3,3.993,52,52,-1.000,0,0,0,0,0,0,122,122
12,0,0,3,1.551,0,0,0.000,0,0,0,0,0,0,0,0
12,3,-1,0,0.591,0,0,0.000,0,0,0,0,0,0,0,0
12,-1,-4,0,0.151,0,0,0.000,0,0,0,0,0,0,0,0
12,3,-2,1,0.621,0,0,0.000,0,0,0,0,0,0,0,0
12,1,5,0,2.142,465,0,6.832,1,0,0,0,0,465,419,419
12,-3,-2,2,0.231,0,0,0.000,0,0,0,0,0,0,0,0
12,-1,0,3,0.211,0,0,0.000,0,0,0,0,0,0,0,0
12,-5,-1,1,1.683,0,0,0.000,0,0,0,0,0,0,0,0
12,0,-1,3,0.191,0,0,0.000,0,0,0,0,0,0,0,0
12,-2,7,0,2.662,437,0,7.052,1,0,0,0,0,437,471,471
12,-6,4,1,1.321,0,0,0.000,0,0,0,0,0,0,2,2
12,-4,4,3,0.561,0,0,0.000,0,0,0,0,0,0,0,0
12,1,1,3,1.391,0,0,0.000,0,0,0,0,0,0,0,0
12,3,-4,0,4.891,0,0,0.000,0,0,0,0,0,0,0,0
12,-4,-1,3,1.231,0,0,0.000,0,0,0,0,0,0,0,0
12,-1,4,3,0.942,0,0,0.000,0,0,0,0,0,0,5,5
12,1,3,3,1.281,0,0,0.000,0,0,0,0,0,0,12,12
12,2,3,0,2.633,1,0,2.673,1,0,0,0,0,1,128,128
12,-2,-2,3,0.181,0,0,0.000,0,0,0,0,0,0,0,0
12,3,-3,0,0.991,0,0,0.000,0,0,0,0,0,0,0,0
12,-4,7,2,1.251,306,0,4.241,0,2,0,804,306,0,329,329
12,-1,-3,2,0.591,0,0,0.000,0,0,0,0,0,0,0,0
12,-5,7,2,2.672,53,0,2.593,0,1,0,576,53,0,282,282
12,-1,6,1,2.162,186,0,3.652,0,1,0,445,186,0,419,419
12,-3,5,3,0.552,0,0,0.000,0,1,0,3,0,0,2,2
12,-7,8,0,1.984,875,0,9.984,1,0,0,0,0,875,580,580
12,-3,6,3,2.271,3,0,2.832,0,1,0,12,3,0,157,157
12,-5,6,3,2.811,0,0,0.000,0,1,0,100,0,0,147,147
12,-4,2,3,0.101,0,0,0.000,0,0,0,0,0,0,0,0
12,-3,1,3,0.521,0,0,0.000,0,0,0,0,0,0,0,0
12,-6,5,0,0.822,0,0,0.000,0,1,0,4,0,0,21,21
12,1,-1,3,0.941,0,0,0.000,0,0,0,0,0,0,0,0
12,-4,1,3,0.191,0,0,0.000,0,0,0,0,0,0,0,0
12,-5,2,2,0.591,0,0,0.000,0,0,0,0,0,0,0,0
12,-2,-3,0,0.311,0,0,0.000,0,0,0,0,0,0,0,0
12,1,-5,0,0.711,0,0,0.000,0,0,0,0,0,0,0,0
12,-7,7,0,5.211,244,0,7.731,1,0,0,0,0,244,402,402
12,2,1,2,0.531,0,0,0.000,0,0,0,0,0,0,0,0
13,1,-4,2,0.591,0,0,0.000,0,0,0,0,0,0,0,0
13,-3,0,3,1.451,0,0,0.000,0,0,0,0,0,0,0,0
13,-2,2,3,1.001,0,0,0.000,0,0,0,0,0,0,0,0
13,-1,-1,3,0.121,0,0,0.000,0,0,0,0,0,0,0,0
13,0,1,3,0.112,0,0,0.000,0,0,0,0,0,0,0,0
13,-5,3,2,0.911,0,0,0.000,0,0,0,0,0,0,0,0
13,-1,1,3,2.061,0,0,0.000,0,0,0,0,0,0,0,0
13,-2,-1,3,0.321,0,0,0.000,0,0,0,0,0,0,0,0
13,0,4,3,1.191,0,0,0.000,0,1,0,30,0,0,2,2
13,3,-6,0,1.181,0,0,0.000,0,0,0,0,0,0,0,0
13,-2,4,3,0.931,0,0,0.000,0,0,0,0,0,0,0,0
13,-2,0,3,2.191,0,0,0.000,0,0,0,0,0,0,0,0
13,0,2,3,0.981,0,0,0.000,0,0,0,0,0,0,0,0
13,-4,3,3,1.481,0,0,0.000,0,0,0,0,0,0,0,0
13,-5,9,0,2.504,1415,0,10.694,1,0,0,0,0,1415,328,328
13,-7,6,1,1.754,21,0,3.221,0,1,0,223,21,0,217,217
13,-3,2,3,30.000,0,0,0.000,0,0,0,0,0,0,0,0
13,2,-1,2,0.591,0,0,0.000,0,0,0,0,0,0,0,0
13,0,-4,1,1.221,0,0,0.000,0,0,0,0,0,0,0,0
13,-2,5,3,1.061,0,0,0.000,0,0,0,0,0,0,46,46
13,-4,6,3,1.911,0,0,0.000,0,3,0,703,0,0,72,72
13,-1,5,2,1.461,0,0,0.000,0,1,0,205,0,0,37,37
13,0,-3,2,0.161,0,0,0.000,0,0,0,0,0,0,0,0
13,-6,8,0,2.993,618,0,8.913,1,0,0,0,0,618,499,499
13,-1,-2,3,0.671,0,0,0.000,0,0,0,0,0,0,0,0
13,-2,3,3,0.371,0,0,0.000,0,0,0,0,0,0,0,0
13,-4,5,3,1.531,0,0,0.000,0,0,0,0,0,0,0,0
13,1,-3,3,0.831,0,0,0.000,0,0,0,0,0,0,0,0
13,0,-2,3,0.281,0,0,0.000,0,0,0,0,0,0,0,0
13,0,3,3,0.574,0,0,0.000,0,0,0,0,0,0,0,0
13,-6,6,2,1.452,5,0,3.011,0,1,0,20,5,0,43,43
13,-2,6,2,2.414,21,0,2.411,0,1,0,438,21,0,242,242
13,-3,3,3,0.471,0,0,0.000,0,0,0,0,0,0,0,0
13,2,-2,2,0.191,0,0,0.000,0,0,0,0,0,0,0,0
13,-4,-2,2,0.271,0,0,0.000,0,0,0,0,0,0,0,0
13,2,2,1,0.954,0,0,0.000,0,1,0,2,0,0,1,1
13,-5,1,0,0.361,0,0,0.000,0,0,0,0,0,0,0,0
13,2,-3,2,0.241,0,0,0.000,0,0,0,0,0,0,0,0
13,-4,0,2,0.221,0,0,0.000,0,0,0,0,0,0,0,0
13,-3,4,3,0.581,0,0,0.000,0,0,0,0,0,0,0,0
13,-4,8,1,4.054,625,0,5.872,0,1,0,54,625,0,390,390
13,1,2,2,0.753,0,0,0.000,0,0,0,0,0,0,0,0
13,-6,2,0,0.651,0,0,0.000,0,0,0,0,0,0,1,1
13,-5,-2,0,2.231,0,0,0.000,0,0,0,0,0,0,0,0
13,3,1,1,1.491,0,0,0.000,0,0,0,0,0,0,1,1
13,-6,7,2,1.512,93,0,2.621,0,1,0,815,93,0,241,241
13,2,-4,2,0.431,0,0,0.000,0,0,0,0,0,0,0,0
13,-1,3,3,0.451,0,0,0.000,0,0,0,0,0,0,0,0
13,-1,2,3,0.151,0,0,0.000,0,0,0,0,0,0,0,0
13,-5,8,1,1.321,644,0,6.704,0,1,0,803,644,0,557,557
13,1,4,2,1.353,30,0,1.902,0,2,0,745,30,0,144,144
13,1,0,3,0.291,0,0,0.000,0,0,0,0,0,0,0,0
13,-2,1,3,1.011,0,0,0.000,0,0,0,0,0,0,0,0
13,-5,0,1,0.652,0,0,0.000,0,0,0,0,0,0,0,0
13,2,0,3,2.781,0,0,0.000,0,0,0,0,0,0,0,0
13,2,4,1,1.352,247,0,4.022,0,1,0,697,247,0,450,450
13,-6,3,0,0.651,0,0,0.000,0,0,0,0,0,0,0,0
13,3,0,0,0.992,0,0,0.000,0,0,0,0,0,0,1,1
13,-5,4,2,0.911,0,0,0.000,0,0,0,0,0,0,0,0
13,1,-2,3,0.451,0,0,0.000,0,0,0,0,0,0,0,0
13,-4,-3,0,0.671,0,0,0.000,0,0,0,0,0,0,0,0
13,3,-5,0,0.171,0,0,0.000,0,0,0,0,0,0,0,0
13,0,6,0,2.481,562,0,6.781,1,0,0,0,0,562,350,350
13,2,5,0,1.462,906,0,8.542,1,0,0,0,0,906,382,382
13,-3,7,0,1.962,184,0,5.922,1,0,0,0,0,184,356,356
13,-5,5,3,1.771,0,0,0.000,0,0,0,0,0,0,7,7
13,2,-5,1,1.141,0,0,0.000,0,0,0,0,0,0,0,0
13,4,-3,0,0.921,0,0,0.000,0,0,0,0,0,0,0,0
13,-3,-3,0,0.222,0,0,0.000,0,0,0,0,0,0,0,0
13,-3,-1,3,0.231,0,0,0.000,0,0,0,0,0,0,0,0
13,0,5,3,1.112,41,41,-1.000,0,0,0,0,0,0,124,124
13,0,0,3,1.681,0,0,0.000,0,0,0,0,0,0,0,0
13,3,-1,0,0.281,0,0,0.000,0,0,0,0,0,0,0,0
13,-1,-4,0,0.311,0,0,0.000,0,0,0,0,0,0,0,0
13,3,-2,1,0.621,0,0,0.000,0,0,0,0,0,0,0,0
13,1,5,0,2.062,507,0,7.312,1,0,0,0,0,507,396,396
13,-3,-2,2,0.181,0,0,0.000,0,0,0,0,0,0,0,0
13,-1,0,3,0.381,0,0,0.000,0,0,0,0,0,0,0,0
13,-5,-1,1,1.321,0,0,0.000,0,0,0,0,0,0,0,0
13,0,-1,3,0.521,0,0,0.000,0,0,0,0,0,0,0,0
13,-2,7,0,2.111,453,0,6.601,1,0,0,0,0,453,472,472
13,-6,4,1,0.861,0,0,0.000,0,0,0,0,0,0,3,3
13,-4,4,3,0.371,0,0,0.000,0,0,0,0,0,0,0,0
13,1,1,3,7.091,0,0,0.000,0,0,0,0,0,0,0,0
13,3,-4,0,0.991,0,0,0.000,0,0,0,0,0,0,0,0
13,-4,-1,3,0.492,0,0,0.000,0,0,0,0,0,0,0,0
13,-1,4,3,1.452,0,0,0.000,0,0,0,0,0,0,11,11
13,1,3,3,1.731,0,0,0.000,0,0,0,0,0,0,12,12
13,2,3,0,2.633,2,0,2.683,1,0,0,0,0,2,131,131
13,-2,-2,3,1.091,0,0,0.000,0,0,0,0,0,0,0,0
13,3,-3,0,0.991,0,0,0.000,0,0,0,0,0,0,0,0
13,-4,7,2,0.771,328,0,5.382,0,2,0,785,328,0,308,308
13,-1,-3,2,0.391,0,0,0.000,0,0,0,0,0,0,0,0
13,-5,7,2,2.943,47,0,3.553,0,1,0,577,47,0,297,297
13,-1,6,1,2.362,205,0,4.731,0,1,0,419,205,0,366,366
13,-3,5,3,0.541,0,0,0.000,0,1,0,1,0,0,4,4
13,-7,8,0,1.561,903,0,9.841,1,0,0,0,0,903,554,554
13,-3,6,3,2.842,1,0,2.271,0,1,0,21,1,0,165,165
13,-5,6,3,1.252,0,0,0.000,0,1,0,93,0,0,121,121
13,-4,2,3,0.101,0,0,0.000,0,0,0,0,0,0,0,0
13,-3,1,3,0.521,0,0,0.000,0,0,0,0,0,0,0,0
13,-6,5,0,0.651,0,0,0.000,0,1,0,5,0,0,28,28
13,1,-1,3,0.371,0,0,0.000,0,0,0,0,0,0,0,0
13,-4,1,3,0.191,0,0,0.000,0,0,0,0,0,0,0,0
13,-5,2,2,0.171,0,0,0.000,0,0,0,0,0,0,0,0
13,-2,-3,0,2.831,0,0,0.000,0,0,0,0,0,0,0,0
13,1,-5,0,0.231,0,0,0.000,0,0,0,0,0,0,0,0
13,-7,7,0,2.871,231,0,5.181,1,0,0,0,0,231,399,399
13,2,1,2,0.531,0,0,0.000,0,0,0,0,0,0,0,0
14,1,-4,2,1.071,0,0,0.000,0,0,0,0,0,0,0,0
14,-3,0,3,0.571,0,0,0.000,0,0,0,0,0,0,0,0
14,-2,2,3,1.301,0,0,0.000,0,0,0,0,0,0,0,0
14,-1,-1,3,0.351,0,0,0.000,0,0,0,0,0,0,0,0
14,0,1,3,0.221,0,0,0.000,0,0,0,0,0,0,0,0
14,-5,3,2,1.601,0,0,0.000,0,0,0,0,0,0,0,0
14,-1,1,3,0.411,0,0,0.000,0,0,0,0,0,0,0,0
14,-2,-1,3,1.211,0,0,0.000,0,0,0,0,0,0,0,0
14,0,4,3,1.671,0,0,0.000,0,1,0,23,0,0,1,1
14,3,-6,0,0.231,0,0,0.000,0,0,0,0,0,0,0,0
14,-2,4,3,2.031,0,0,0.000,0,0,0,0,0,0,0,0
14,-2,0,3,0.651,0,0,0.000,0,0,0,0,0,0,0,0
14,0,2,3,1.981,0,0,0.000,0,0,0,0,0,0,0,0
14,-4,3,3,1.861,0,0,0.000,0,0,0,0,0,0,0,0
14,-5,9,0,2.051,1412,0,10.001,1,0,0,0,0,1412,308,308
14,-7,6,1,1.751,28,0,3.291,0,1,0,215,28,0,215,215
14,-3,2,3,0.161,0,0,0.000,0,0,0,0,0,0,0,0
14,2,-1,2,0.591,0,0,0.000,0,0,0,0,0,0,0,0
14,0,-4,1,2.061,0,0,0.000,0,0,0,0,0,0,0,0
14,-2,5,3,1.221,0,0,0.000,0,0,0,0,0,0,45,45
14,-4,6,3,1.911,1,0,2.132,0,3,0,670,1,0,71,71
14,-1,5,2,2.301,0,0,0.000,0,1,0,198,0,0,44,44
14,0,-3,2,1.121,0,0,0.000,0,0,0,0,0,0,0,0
14,-6,8,0,2.613,620,0,8.563,1,0,0,0,0,620,504,504
14,-1,-2,3,0.221,0,0,0.000,0,0,0,0,0,0,0,0
14,-2,3,3,0.181,0,0,0.000,0,0,0,0,0,0,0,0
14,-4,5,3,1.091,0,0,0.000,0,1,0,1,0,0,0,0
14,1,-3,3,0.411,0,0,0.000,0,0,0,0,0,0,0,0
14,0,-2,3,0.291,0,0,0.000,0,0,0,0,0,0,0,0
14,0,3,3,0.621,0,0,0.000,0,0,0,0,0,0,0,0
14,-6,6,2,1.452,3,0,2.991,0,1,0,27,3,0,32,32
14,-2,6,2,3.713,21,0,2.792,0,1,0,410,21,0,233,233
14,-3,3,3,1.461,0,0,0.000,0,0,0,0,0,0,0,0
14,2,-2,2,1.421,0,0,0.000,0,0,0,0,0,0,0,0
14,-4,-2,2,0.871,0,0,0.000,0,0,0,0,0,0,0,0
14,2,2,1,30.000,0,0,0.000,0,1,0,1,0,0,5,5
14,-5,1,0,0.361,0,0,0.000,0,0,0,0,0,0,0,0
14,2,-3,2,0.241,0,0,0.000,0,0,0,0,0,0,0,0
14,-4,0,2,0.221,0,0,0.000,0,0,0,0,0,0,0,0
14,-3,4,3,1.081,0,0,0.000,0,0,0,0,0,0,0,0
14,-4,8,1,3.331,616,0,6.012,0,1,0,58,616,0,372,372
14,1,2,2,1.633,0,0,0.000,0,0,0,0,0,0,0,0
14,-6,2,0,1.323,0,0,0.000,0,0,0,0,0,0,1,1
14,-5,-2,0,1.271,0,0,0.000,0,0,0,0,0,0,0,0
14,3,1,1,1.472,0,0,0.000,0,0,0,0,0,0,3,3
14,-6,7,2,1.321,93,0,2.731,0,1,0,761,93,0,259,259
14,2,-4,2,2.081,0,0,0.000,0,0,0,0,0,0,0,0
14,-1,3,3,1.031,0,0,0.000,0,0,0,0,0,0,0,0
14,-1,2,3,0.311,0,0,0.000,0,0,0,0,0,0,0,0
14,-5,8,1,1.151,664,0,6.621,0,1,0,779,664,0,593,593
14,1,4,2,30.000,23,0,2.221,0,2,0,697,23,0,132,132
14,1,0,3,0.191,0,0,0.000,0,0,0,0,0,0,0,0
14,-2,1,3,0.861,0,0,0.000,0,0,0,0,0,0,0,0
14,-5,0,1,0.581,0,0,0.000,0,0,0,0,0,0,0,0
14,2,0,3,0.921,0,0,0.000,0,0,0,0,0,0,0,0
14,2,4,1,2.314,258,0,4.471,0,1,0,684,258,0,442,442
14,-6,3,0,0.721,0,0,0.000,0,0,0,0,0,0,0,0
14,3,0,0,0.751,0,0,0.000,0,0,0,0,0,0,1,1
14,-5,4,2,0.911,0,0,0.000,0,0,0,0,0,0,0,0
14,1,-2,3,0.681,0,0,0.000,0,0,0,0,0,0,0,0
14,-4,-3,0,1.221,0,0,0.000,0,0,0,0,0,0,0,0
14,3,-5,0,1.151,0,0,0.000,0,0,0,0,0,0,0,0
14,0,6,0,2.091,580,0,6.621,1,0,0,0,0,580,332,332
14,2,5,0,1.811,906,0,8.761,1,0,0,0,0,906,374,374
14,-3,7,0,1.962,215,0,6.062,1,0,0,0,0,215,349,349
14,-5,5,3,0.992,0,0,0.000,0,0,0,0,0,0,6,6
14,2,-5,1,0.161,0,0,0.000,0,0,0,0,0,0,0,0
14,4,-3,0,0.442,0,0,0.000,0,0,0,0,0,0,0,0
14,-3,-3,0,0.352,0,0,0.000,0,0,0,0,0,0,0,0
14,-3,-1,3,0.161,0,0,0.000,0,0,0,0,0,0,0,0
14,0,5,3,0.953,46,46,-1.000,0,0,0,0,0,0,118,118
14,0,0,3,0.771,0,0,0.000,0,0,0,0,0,0,0,0
14,3,-1,0,0.581,0,0,0.000,0,0,0,0,0,0,0,0
14,-1,-4,0,0.151,0,0,0.000,0,0,0,0,0,0,0,0
14,3,-2,1,0.201,0,0,0.000,0,0,0,0,0,0,0,0
14,1,5,0,3.682,448,0,8.342,1,0,0,0,0,448,421,421
14,-3,-2,2,0.561,0,0,0.000,0,0,0,0,0,0,0,0
14,-1,0,3,0.641,0,0,0.000,0,0,0,0,0,0,0,0
14,-5,-1,1,1.181,0,0,0.000,0,0,0,0,0,0,0,0
14,0,-1,3,0.191,0,0,0.000,0,0,0,0,0,0,0,0
14,-2,7,0,2.502,422,0,6.712,1,0,0,0,0,422,487,487
14,-6,4,1,1.631,0,0,0.000,0,0,0,0,0,0,2,2
14,-4,4,3,0.561,0,0,0.000,0,0,0,0,0,0,0,0
14,1,1,3,0.891,0,0,0.000,0,0,0,0,0,0,0,0
14,3,-4,0,0.251,0,0,0.000,0,0,0,0,0,0,0,0
14,-4,-1,3,1.591,0,0,0.000,0,0,0,0,0,0,0,0
14,-1,4,3,1.681,0,0,0.000,0,0,0,0,0,0,5,5
14,1,3,3,0.931,0,0,0.000,0,0,0,0,0,0,10,10
14,2,3,0,3.021,1,0,3.051,1,0,0,0,0,1,108,108
14,-2,-2,3,1.851,0,0,0.000,0,0,0,0,0,0,0,0
14,3,-3,0,0.231,0,0,0.000,0,0,0,0,0,0,0,0
14,-4,7,2,1.151,311,0,5.202,0,2,0,835,311,0,293,293
14,-1,-3,2,0.591,0,0,0.000,0,0,0,0,0,0,0,0
14,-5,7,2,2.402,50,0,3.213,0,1,0,580,50,0,286,286
14,-1,6,1,3.182,198,0,4.281,0,1,0,442,198,0,399,399
14,-3,5,3,1.171,0,0,0.000,0,1,0,6,0,0,6,6
14,-7,8,0,1.671,843,0,9.411,1,0,0,0,0,843,626,626
14,-3,6,3,1.511,6,0,2.722,0,1,0,20,6,0,175,175
14,-5,6,3,1.252,0,0,0.000,0,1,0,93,0,0,142,142
14,-4,2,3,0.431,0,0,0.000,0,0,0,0,0,0,0,0
14,-3,1,3,0.271,0,0,0.000,0,0,0,0,0,0,0,0
14,-6,5,0,1.631,0,0,0.000,0,1,0,3,0,0,36,36
14,1,-1,3,0.181,0,0,0.000,0,0,0,0,0,0,0,0
14,-4,1,3,0.191,0,0,0.000,0,0,0,0,0,0,0,0
14,-5,2,2,0.351,0,0,0.000,0,0,0,0,0,0,0,0
14,-2,-3,0,0.171,0,0,0.000,0,0,0,0,0,0,0,0
14,1,-5,0,0.351,0,0,0.000,0,0,0,0,0,0,0,0
14,-7,7,0,2.871,226,0,5.101,1,0,0,0,0,226,410,410
14,2,1,2,0.891,0,0,0.000,0,0,0,0,0,0,0,0
15,1,-4,2,1.111,0,0,0.000,0,0,0,0,0,0,0,0
15,-3,0,3,1.011,0,0,0.000,0,0,0,0,0,0,0,0
15,-2,2,3,0.611,0,0,0.000,0,0,0,0,0,0,0,0
15,-1,-1,3,0.221,0,0,0.000,0,0,0,0,0,0,0,0
15,0,1,3,0.112,0,0,0.000,0,0,0,0,0,0,0,0
15,-5,3,2,0.681,0,0,0.000,0,0,0,0,0,0,0,0
15,-1,1,3,0.621,0,0,0.000,0,0,0,0,0,0,0,0
15,-2,-1,3,1.781,0,0,0.000,0,0,0,0,0,0,0,0
15,0,4,3,2.871,0,0,0.000,0,1,0,30,0,0,1,1
15,3,-6,0,0.941,0,0,0.000,0,0,0,0,0,0,0,0
15,-2,4,3,0.683,0,0,0.000,0,0,0,0,0,0,0,0
15,-2,0,3,0.651,0,0,0.000,0,0,0,0,0,0,0,0
15,0,2,3,1.381,0,0,0.000,0,0,0,0,0,0,0,0
15,-4,3,3,1.481,0,0,0.000,0,0,0,0,0,0,0,0
15,-5,9,0,1.151,1382,0,8.981,1,0,0,0,0,1382,313,313
15,-7,6,1,2.633,31,0,2.961,0,1,0,199,31,0,192,192
15,-3,2,3,0.251,0,0,0.000,0,0,0,0,0,0,0,0
15,2,-1,2,0.291,0,0,0.000,0,0,0,0,0,0,0,0
15,0,-4,1,0.481,0,0,0.000,0,0,0,0,0,0,0,0
15,-2,5,3,2.181,0,0,0.000,0,0,0,0,0,0,38,38
15,-4,6,3,1.191,0,0,0.000,0,3,0,704,0,0,63,63
15,-1,5,2,2.511,0,0,0.000,0,1,0,210,0,0,36,36
15,0,-3,2,0.731,0,0,0.000,0,0,0,0,0,0,0,0
15,-6,8,0,2.393,644,0,8.483,1,0,0,0,0,644,485,485
15,-1,-2,3,1.591,0,0,0.000,0,0,0,0,0,0,0,0
15,-2,3,3,0.371,0,0,0.000,0,0,0,0,0,0,0,0
15,-4,5,3,0.651,0,0,0.000,0,1,0,1,0,0,0,0
15,1,-3,3,0.621,0,0,0.000,0,0,0,0,0,0,0,0
15,0,-2,3,0.141,0,0,0.000,0,0,0,0,0,0,0,0
15,0,3,3,1.181,0,0,0.000,0,0,0,0,0,0,0,0
15,-6,6,2,1.622,1,0,2.611,0,1,0,31,1,0,39,39
15,-2,6,2,2.722,17,0,1.882,0,1,0,434,17,0,225,225
15,-3,3,3,1.461,0,0,0.000,0,0,0,0,0,0,0,0
15,2,-2,2,0.791,0,0,0.000,0,0,0,0,0,0,0,0
15,-4,-2,2,0.421,0,0,0.000,0,0,0,0,0,0,0,0
15,2,2,1,0.954,0,0,0.000,0,1,0,4,0,0,2,2
15,-5,1,0,0.391,0,0,0.000,0,0,0,0,0,0,0,0
15,2,-3,2,0.241,0,0,0.000,0,0,0,0,0,0,0,0
15,-4,0,2,0.911,0,0,0.000,0,0,0,0,0,0,0,0
15,-3,4,3,0.801,0,0,0.000,0,0,0,0,0,0,0,0
15,-4,8,1,3.091,604,0,5.622,0,1,0,56,604,0,405,405
15,1,2,2,2.291,0,0,0.000,0,0,0,0,0,0,0,0
15,-6,2,0,4.611,0,0,0.000,0,0,0,0,0,0,0,0
15,-5,-2,0,2.071,0,0,0.000,0,0,0,0,0,0,0,0
15,3,1,1,1.041,0,0,0.000,0,0,0,0,0,0,3,3
15,-6,7,2,1.321,88,0,3.101,0,1,0,780,88,0,241,241
15,2,-4,2,0.541,0,0,0.000,0,0,0,0,0,0,0,0
15,-1,3,3,1.511,0,0,0.000,0,0,0,0,0,0,0,0
15,-1,2,3,0.151,0,0,0.000,0,0,0,0,0,0,0,0
15,-5,8,1,1.251,655,0,5.481,0,1,0,767,655,0,581,581
15,1,4,2,4.923,30,0,1.902,0,2,0,754,30,0,156,156
15,1,0,3,0.161,0,0,0.000,0,0,0,0,0,0,0,0
15,-2,1,3,0.611,0,0,0.000,0,0,0,0,0,0,0,0
15,-5,0,1,0.801,0,0,0.000,0,0,0,0,0,0,0,0
15,2,0,3,1.541,0,0,0.000,0,0,0,0,0,0,0,0
15,2,4,1,1.803,273,0,4.262,0,1,0,663,273,0,423,423
15,-6,3,0,0.721,0,0,0.000,0,0,0,0,0,0,0,0
15,3,0,0,2.302,0,0,0.000,0,0,0,0,0,0,1,1
15,-5,4,2,0.681,0,0,0.000,0,0,0,0,0,0,0,0
15,1,-2,3,1.141,0,0,0.000,0,0,0,0,0,0,0,0
15,-4,-3,0,0.711,0,0,0.000,0,0,0,0,0,0,0,0
15,3,-5,0,0.171,0,0,0.000,0,0,0,0,0,0,0,0
15,0,6,0,3.182,584,0,7.622,1,0,0,0,0,584,347,347
15,2,5,0,1.462,891,0,8.202,1,0,0,0,0,891,409,409
15,-3,7,0,1.742,230,0,5.672,1,0,0,0,0,230,319,319
15,-5,5,3,1.971,0,0,0.000,0,0,0,0,0,0,5,5
15,2,-5,1,0.461,0,0,0.000,0,0,0,0,0,0,0,0
15,4,-3,0,0.431,0,0,0.000,0,0,0,0,0,0,0,0
15,-3,-3,0,0.112,0,0,0.000,0,0,0,0,0,0,0,0
15,-3,-1,3,0.501,0,0,0.000,0,0,0,0,0,0,0,0
15,0,5,3,0.793,44,44,-1.000,0,0,0,0,0,0,121,121
15,0,0,3,2.531,0,0,0.000,0,0,0,0,0,0,0,0
15,3,-1,0,1.031,0,0,0.000,0,0,0,0,0,0,0,0
15,-1,-4,0,1.101,0,0,0.000,0,0,0,0,0,0,0,0
15,3,-2,1,0.411,0,0,0.000,0,0,0,0,0,0,0,0
15,1,5,0,3.042,492,0,8.142,1,0,0,0,0,492,426,426
15,-3,-2,2,1.391,0,0,0.000,0,0,0,0,0,0,0,0
15,-1,0,3,1.041,0,0,0.000,0,0,0,0,0,0,0,0
15,-5,-1,1,3.281,0,0,0.000,0,0,0,0,0,0,0,0
15,0,-1,3,1.921,0,0,0.000,0,0,0,0,0,0,0,0
15,-2,7,0,1.612,446,0,6.062,1,0,0,0,0,446,452,452
15,-6,4,1,0.631,0,0,0.000,0,1,0,1,0,0,1,1
15,-4,4,3,0.371,0,0,0.000,0,0,0,0,0,0,0,0
15,1,1,3,0.491,0,0,0.000,0,0,0,0,0,0,0,0
15,3,-4,0,0.991,0,0,0.000,0,0,0,0,0,0,0,0
15,-4,-1,3,0.341,0,0,0.000,0,0,0,0,0,0,0,0
15,-1,4,3,0.752,0,0,0.000,0,0,0,0,0,0,7,7
15,1,3,3,0.771,0,0,0.000,0,0,0,0,0,0,10,10
15,2,3,0,2.633,4,0,2.703,1,0,0,0,0,4,111,111
15,-2,-2,3,0.331,0,0,0.000,0,0,0,0,0,0,0,0
15,3,-3,0,0.991,0,0,0.000,0,0,0,0,0,0,0,0
15,-4,7,2,0.891,321,0,4.541,0,2,0,795,321,0,317,317
15,-1,-3,2,0.191,0,0,0.000,0,0,0,0,0,0,0,0
15,-5,7,2,2.943,62,0,3.113,0,1,0,593,62,0,297,297
15,-1,6,1,4.562,210,0,5.472,0,1,0,433,210,0,406,406
15,-3,5,3,0.541,0,0,0.000,0,1,0,4,0,0,1,1
15,-7,8,0,2.091,850,0,10.021,1,0,0,0,0,850,649,649
15,-3,6,3,1.131,4,0,1.802,0,1,0,17,4,0,153,153
15,-5,6,3,3.353,1,0,2.241,0,1,0,88,1,0,123,123
15,-4,2,3,0.101,0,0,0.000,0,0,0,0,0,0,0,0
15,-3,1,3,0.271,0,0,0.000,0,0,0,0,0,0,0,0
15,-6,5,0,0.681,1,0,0.751,1,1,0,1,0,1,26,26
15,1,-1,3,4.931,0,0,0.000,0,0,0,0,0,0,0,0
15,-4,1,3,0.991,0,0,0.000,0,0,0,0,0,0,0,0
15,-5,2,2,0.171,0,0,0.000,0,0,0,0,0,0,0,0
15,-2,-3,0,0.311,0,0,0.000,0,0,0,0,0,0,0,0
15,1,-5,0,0.111,0,0,0.000,0,0,0,0,0,0,0,0
15,-7,7,0,2.511,215,0,4.581,1,0,0,0,0,215,436,436
15,2,1,2,0.531,0,0,0.000,0,0,0,0,0,0,0,0
16,1,-4,2,0.771,0,0,0.000,0,0,0,0,0,0,0,0
16,-3,0,3,1.451,0,0,0.000,0,0,0,0,0,0,0,0
16,-2,2,3,0.441,0,0,0.000,0,0,0,0,0,0,0,0
16,-1,-1,3,1.001,0,0,0.000,0,0,0,0,0,0,0,0
16,0,1,3,0.112,0,0,0.000,0,0,0,0,0,0,0,0
16,-5,3,2,0.451,0,0,0.000,0,0,0,0,0,0,0,0
16,-1,1,3,0.591,0,0,0.000,0,0,0,0,0,0,0,0
16,-2,-1,3,0.371,0,0,0.000,0,0,0,0,0,0,0,0
16,0,4,3,1.911,0,0,0.000,0,2,0,54,0,0,3,3
16,3,-6,0,0.461,0,0,0.000,0,0,0,0,0,0,0,0
16,-2,4,3,0.673,0,0,0.000,0,0,0,0,0,0,0,0
16,-2,0,3,2.191,0,0,0.000,0,0,0,0,0,0,0,0
16,0,2,3,0.581,0,0,0.000,0,0,0,0,0,0,0,0
16,-4,3,3,0.911,0,0,0.000,0,0,0,0,0,0,0,0
16,-5,9,0,1.601,1438,0,10.021,1,0,0,0,0,1438,293,293
16,-7,6,1,1.531,41,0,4.131,1,1,1,234,14,27,221,221
16,-3,2,3,0.181,0,0,0.000,0,0,0,0,0,0,0,0
16,2,-1,2,0.591,0,0,0.000,0,0,0,0,0,0,0,0
16,0,-4,1,0.201,0,0,0.000,0,0,0,0,0,0,0,0
16,-2,5,3,0.901,1,1,-1.000,0,0,0,0,0,0,49,49
16,-4,6,3,1.671,0,0,0.000,0,4,0,992,0,0,54,54
16,-1,5,2,1.041,0,0,0.000,0,1,0,204,0,0,54,54
16,0,-3,2,0.441,0,0,0.000,0,0,0,0,0,0,0,0
16,-6,8,0,2.193,610,0,8.103,1,0,0,0,0,610,522,522
16,-1,-2,3,0.441,0,0,0.000,0,0,0,0,0,0,0,0
16,-2,3,3,1.511,0,0,0.000,0,0,0,0,0,0,0,0
16,-4,5,3,1.531,0,0,0.000,0,1,0,1,0,0,0,0
16,1,-3,3,0.231,0,0,0.000,0,0,0,0,0,0,0,0
16,0,-2,3,0.141,0,0,0.000,0,0,0,0,0,0,0,0
16,0,3,3,1.052,0,0,0.000,0,0,0,0,0,0,0,0
16,-6,6,2,1.622,4,0,3.701,0,2,1,82,4,0,30,30
16,-2,6,2,2.063,15,0,2.482,0,1,0,423,15,0,228,228
16,-3,3,3,0.201,0,0,0.000,0,0,0,0,0,0,0,0
16,2,-2,2,0.191,0,0,0.000,0,0,0,0,0,0,0,0
16,-4,-2,2,0.421,0,0,0.000,0,0,0,0,0,0,0,0
16,2,2,1,0.773,0,0,0.000,0,1,0,2,0,0,2,2
16,-5,1,0,0.561,0,0,0.000,0,0,0,0,0,0,0,0
16,2,-3,2,0.241,0,0,0.000,0,0,0,0,0,0,0,0
16,-4,0,2,0.681,0,0,0.000,0,0,0,0,0,0,0,0
16,-3,4,3,2.731,0,0,0.000,0,0,0,0,0,0,0,0
16,-4,8,1,12.691,630,0,6.951,1,1,0,127,0,630,361,361
16,1,2,2,1.033,0,0,0.000,0,0,0,0,0,0,0,0
16,-6,2,0,1.151,0,0,0.000,0,0,0,0,0,0,0,0
16,-5,-2,0,1.511,0,0,0.000,0,0,0,0,0,0,0,0
16,3,1,1,2.391,0,0,0.000,0,0,0,0,0,0,1,1
16,-6,7,2,1.321,108,0,2.601,0,1,0,768,108,0,251,251
16,2,-4,2,0.321,0,0,0.000,0,0,0,0,0,0,0,0
16,-1,3,3,0.791,0,0,0.000,0,0,0,0,0,0,0,0
16,-1,2,3,0.951,0,0,0.000,0,0,0,0,0,0,0,0
16,-5,8,1,1.952,644,0,5.901,0,1,0,826,644,0,574,574
16,1,4,2,30.000,27,0,2.092,0,2,0,708,27,0,151,151
16,1,0,3,1.091,0,0,0.000,0,0,0,0,0,0,0,0
16,-2,1,3,0.861,0,0,0.000,0,0,0,0,0,0,0,0
16,-5,0,1,0.531,0,0,0.000,0,0,0,0,0,0,0,0
16,2,0,3,0.611,0,0,0.000,0,0,0,0,0,0,0,0
16,2,4,1,1.633,276,0,4.512,0,1,0,705,276,0,396,396
16,-6,3,0,0.851,0,0,0.000,0,0,0,0,0,0,0,0
16,3,0,0,2.841,0,0,0.000,0,0,0,0,0,0,0,0
16,-5,4,2,0.681,0,0,0.000,0,0,0,0,0,0,0,0
16,1,-2,3,1.371,0,0,0.000,0,0,0,0,0,0,0,0
16,-4,-3,0,0.951,0,0,0.000,0,0,0,0,0,0,0,0
16,3,-5,0,0.341,0,0,0.000,0,0,0,0,0,0,0,0
16,0,6,0,2.332,580,0,6.781,1,0,0,0,0,580,358,358
16,2,5,0,1.672,937,0,8.832,1,0,0,0,0,937,366,366
16,-3,7,0,3.062,223,0,7.122,1,0,0,0,0,223,312,312
16,-5,5,3,0.793,0,0,0.000,0,0,0,0,0,0,8,8
16,2,-5,1,0.291,0,0,0.000,0,0,0,0,0,0,0,0
16,4,-3,0,0.431,0,0,0.000,0,0,0,0,0,0,0,0
16,-3,-3,0,0.331,0,0,0.000,0,0,0,0,0,0,0,0
16,-3,-1,3,0.231,0,0,0.000,0,0,0,0,0,0,0,0
16,0,5,3,0.953,55,55,-1.000,0,0,0,0,0,0,116,116
16,0,0,3,1.781,0,0,0.000,0,0,0,0,0,0,0,0
16,3,-1,0,1.331,0,0,0.000,0,0,0,0,0,0,0,0
16,-1,-4,0,0.401,0,0,0.000,0,0,0,0,0,0,0,0
16,3,-2,1,0.411,0,0,0.000,0,0,0,0,0,0,0,0
16,1,5,0,1.962,455,0,6.552,1,0,0,0,0,455,434,434
16,-3,-2,2,0.371,0,0,0.000,0,0,0,0,0,0,0,0
16,-1,0,3,0.421,0,0,0.000,0,0,0,0,0,0,0,0
16,-5,-1,1,2.231,0,0,0.000,0,0,0,0,0,0,0,0
16,0,-1,3,0.721,0,0,0.000,0,0,0,0,0,0,0,0
16,-2,7,0,2.242,432,0,6.582,1,0,0,0,0,432,456,456
16,-6,4,1,1.091,0,0,0.000,0,0,0,0,0,0,1,1
16,-4,4,3,0.561,0,0,0.000,0,0,0,0,0,0,0,0
16,1,1,3,0.191,0,0,0.000,0,0,0,0,0,0,0,0
16,3,-4,0,0.731,0,0,0.000,0,0,0,0,0,0,0,0
16,-4,-1,3,1.341,0,0,0.000,0,0,0,0,0,0,0,0
16,-1,4,3,1.421,0,0,0.000,0,0,0,0,0,0,8,8
16,1,3,3,5.923,0,0,0.000,0,0,0,0,0,0,11,11
16,2,3,0,1.753,2,0,1.803,1,0,0,0,0,2,118,118
16,-2,-2,3,0.181,0,0,0.000,0,0,0,0,0,0,0,0
16,3,-3,0,0.581,0,0,0.000,0,0,0,0,0,0,0,0
16,-4,7,2,0.891,314,0,4.921,0,3,1,1201,237,77,335,335
16,-1,-3,2,0.591,0,0,0.000,0,0,0,0,0,0,0,0
16,-5,7,2,2.942,50,0,2.773,0,1,0,576,50,0,290,290
16,-1,6,1,2.582,204,0,4.572,0,1,0,434,204,0,396,396
16,-3,5,3,0.681,0,0,0.000,0,1,0,6,0,0,8,8
16,-7,8,0,1.391,863,0,9.201,1,0,0,0,0,863,611,611
16,-3,6,3,1.131,6,0,2.462,0,1,0,15,6,0,157,157
16,-5,6,3,1.252,1,0,1.531,0,1,0,108,1,0,130,130
16,-4,2,3,0.101,0,0,0.000,0,0,0,0,0,0,0,0
16,-3,1,3,1.221,0,0,0.000,0,0,0,0,0,0,0,0
16,-6,5,0,0.681,0,0,0.000,0,2,0,8,0,0,23,23
16,1,-1,3,0.371,0,0,0.000,0,0,0,0,0,0,0,0
16,-4,1,3,0.211,0,0,0.000,0,0,0,0,0,0,0,0
16,-5,2,2,0.771,0,0,0.000,0,0,0,0,0,0,0,0
16,-2,-3,0,0.511,0,0,0.000,0,0,0,0,0,0,0,0
16,1,-5,0,0.111,0,0,0.000,0,0,0,0,0,0,0,0
16,-7,7,0,24.831,244,0,5.951,1,0,0,27,0,244,426,426
16,2,1,2,0.891,0,0,0.000,0,0,0,0,0,0,0,0
17,1,-4,2,0.511,0,0,0.000,0,0,0,0,0,0,0,0
17,-3,0,3,0.211,0,0,0.000,0,0,0,0,0,0,0,0
17,-2,2,3,1.611,0,0,0.000,0,0,0,0,0,0,0,0
17,-1,-1,3,0.221,0,0,0.000,0,0,0,0,0,0,0,0
17,0,1,3,0.111,0,0,0.000,0,0,0,0,0,0,0,0
17,-5,3,2,0.451,0,0,0.000,0,0,0,0,0,0,0,0
17,-1,1,3,2.061,0,0,0.000,0,0,0,0,0,0,0,0
17,-2,-1,3,0.261,0,0,0.000,0,0,0,0,0,0,0,0
17,0,4,3,1.671,0,0,0.000,0,1,0,31,0,0,2,2
17,3,-6,0,0.461,0,0,0.000,0,0,0,0,0,0,0,0
17,-2,4,3,0.881,0,0,0.000,0,0,0,0,0,0,0,0
17,-2,0,3,1.311,0,0,0.000,0,0,0,0,0,0,0,0
17,0,2,3,0.381,0,0,0.000,0,0,0,0,0,0,0,0
17,-4,3,3,0.531,0,0,0.000,0,0,0,0,0,0,0,0
17,-5,9,0,2.501,1438,0,11.141,1,0,0,0,0,1438,297,297
17,-7,6,1,1.424,24,0,3.844,0,1,1,218,10,14,197,197
17,-3,2,3,0.761,0,0,0.000,0,0,0,0,0,0,0,0
17,2,-1,2,0.891,0,0,0.000,0,0,0,0,0,0,0,0
17,0,-4,1,0.901,0,0,0.000,0,0,0,0,0,0,0,0
17,-2,5,3,0.901,0,0,0.000,0,0,0,0,0,0,36,36
17,-4,6,3,1.191,0,0,0.000,0,4,0,922,0,0,67,67
17,-1,5,2,1.251,1,0,1.862,0,1,0,195,1,0,56,56
17,0,-3,2,0.161,0,0,0.000,0,0,0,0,0,0,0,0
17,-6,8,0,1.793,627,0,7.763,1,0,0,0,0,627,502,502
17,-1,-2,3,2.971,0,0,0.000,0,0,0,0,0,0,0,0
17,-2,3,3,0.181,0,0,0.000,0,0,0,0,0,0,0,0
17,-4,5,3,1.572,0,0,0.000,0,0,0,0,0,0,0,0
17,1,-3,3,2.091,0,0,0.000,0,0,0,0,0,0,0,0
17,0,-2,3,0.531,0,0,0.000,0,0,0,0,0,0,0,0
17,0,3,3,1.461,0,0,0.000,0,0,0,0,0,0,0,0
17,-6,6,2,3.832,2,0,3.574,0,1,0,24,2,0,36,36
17,-2,6,2,2.323,24,0,3.122,0,1,0,415,24,0,226,226
17,-3,3,3,0.411,0,0,0.000,0,0,0,0,0,0,0,0
17,2,-2,2,0.511,0,0,0.000,0,0,0,0,0,0,0,0
17,-4,-2,2,0.571,0,0,0.000,0,0,0,0,0,0,0,0
17,2,2,1,0.773,0,0,0.000,0,1,0,1,0,0,3,3
17,-5,1,0,0.361,0,0,0.000,0,0,0,0,0,0,0,0
17,2,-3,2,0.661,0,0,0.000,0,0,0,0,0,0,0,0
17,-4,0,2,0.371,0,0,0.000,0,0,0,0,0,0,0,0
17,-3,4,3,0.641,0,0,0.000,0,0,0,0,0,0,0,0
17,-4,8,1,30.000,614,0,6.951,1,1,0,140,0,614,373,373
17,1,2,2,1.803,0,0,0.000,0,0,0,0,0,0,0,0
17,-6,2,0,0.742,0,0,0.000,0,0,0,0,0,0,0,0
17,-5,-2,0,0.791,0,0,0.000,0,0,0,0,0,0,0,0
17,3,1,1,2.691,0,0,0.000,0,0,0,0,0,0,4,4
17,-6,7,2,2.663,93,0,3.601,0,1,0,832,93,0,227,227
17,2,-4,2,0.211,0,0,0.000,0,0,0,0,0,0,0,0
17,-1,3,3,1.031,0,0,0.000,0,0,0,0,0,0,0,0
17,-1,2,3,0.311,0,0,0.000,0,0,0,0,0,0,0,0
17,-5,8,1,1.151,623,0,6.701,0,1,0,848,623,0,554,554
17,1,4,2,1.353,31,0,2.132,0,2,0,730,31,0,138,138
17,1,0,3,0.291,0,0,0.000,0,0,0,0,0,0,0,0
17,-2,1,3,0.611,0,0,0.000,0,0,0,0,0,0,0,0
17,-5,0,1,1.212,0,0,0.000,0,0,0,0,0,0,0,0
17,2,0,3,1.851,0,0,0.000,0,0,0,0,0,0,0,0
17,2,4,1,1.463,259,0,4.312,0,1,0,685,259,0,432,432
17,-6,3,0,0.872,0,0,0.000,0,0,0,0,0,0,1,1
17,3,0,0,1.341,0,0,0.000,0,0,0,0,0,0,3,3
17,-5,4,2,0.451,0,0,0.000,0,0,0,0,0,0,0,0
17,1,-2,3,0.221,0,0,0.000,0,0,0,0,0,0,0,0
17,-4,-3,0,2.391,0,0,0.000,0,0,0,0,0,0,0,0
17,3,-5,0,1.601,0,0,0.000,0,0,0,0,0,0,0,0
17,0,6,0,1.602,561,0,5.912,1,0,0,0,0,561,345,345
17,2,5,0,1.672,912,0,8.632,1,0,0,0,0,912,379,379
17,-3,7,0,3.062,226,0,7.242,1,0,0,0,0,226,365,365
17,-5,5,3,1.971,0,0,0.000,0,0,0,0,0,0,5,5
17,2,-5,1,1.311,0,0,0.000,0,0,0,0,0,0,0,0
17,4,-3,0,0.661,0,0,0.000,0,0,0,0,0,0,0,0
17,-3,-3,0,7.442,0,0,0.000,0,0,0,0,0,0,0,0
17,-3,-1,3,0.231,0,0,0.000,0,0,0,0,0,0,0,0
17,0,5,3,1.113,46,46,-1.000,0,0,0,0,0,0,105,105
17,0,0,3,0.451,0,0,0.000,0,0,0,0,0,0,0,0
17,3,-1,0,0.881,0,0,0.000,0,0,0,0,0,0,0,0
17,-1,-4,0,0.311,0,0,0.000,0,0,0,0,0,0,0,0
17,3,-2,1,0.841,0,0,0.000,0,0,0,0,0,0,0,0
17,1,5,0,3.272,484,0,8.292,1,0,0,0,0,484,389,389
17,-3,-2,2,0.371,0,0,0.000,0,0,0,0,0,0,0,0
17,-1,0,3,0.601,0,0,0.000,0,0,0,0,0,0,0,0
17,-5,-1,1,2.151,0,0,0.000,0,0,0,0,0,0,0,0
17,0,-1,3,0.191,0,0,0.000,0,0,0,0,0,0,0,0
17,-2,7,0,2.792,432,0,7.052,1,0,0,0,0,432,471,471
17,-6,4,1,1.601,0,0,0.000,0,0,0,0,0,0,1,1
17,-4,4,3,0.561,0,0,0.000,0,0,0,0,0,0,0,0
17,1,1,3,1.391,0,0,0.000,0,0,0,0,0,0,0,0
17,3,-4,0,1.091,0,0,0.000,0,0,0,0,0,0,0,0
17,-4,-1,3,1.091,0,0,0.000,0,0,0,0,0,0,0,0
17,-1,4,3,0.752,0,0,0.000,0,1,0,1,0,0,4,4
17,1,3,3,0.771,0,0,0.000,0,0,0,0,0,0,10,10
17,2,3,0,1.924,1,0,1.944,1,0,0,0,0,1,118,118
17,-2,-2,3,0.371,0,0,0.000,0,0,0,0,0,0,0,0
17,3,-3,0,0.511,0,0,0.000,0,0,0,0,0,0,0,0
17,-4,7,2,0.771,290,0,5.581,0,3,1,1215,209,81,358,358
17,-1,-3,2,1.191,0,0,0.000,0,0,0,0,0,0,0,0
17,-5,7,2,3.753,52,0,2.403,0,1,0,582,52,0,296,296
17,-1,6,1,1.962,196,0,3.762,0,1,0,420,196,0,395,395
17,-3,5,3,0.541,0,0,0.000,0,1,0,8,0,0,9,9
17,-7,8,0,2.541,915,0,10.991,1,0,0,0,0,915,583,583
17,-3,6,3,1.511,8,0,3.042,0,1,0,24,8,0,135,135
17,-5,6,3,1.672,0,0,0.000,0,1,0,93,0,0,121,121
17,-4,2,3,0.211,0,0,0.000,0,0,0,0,0,0,0,0
17,-3,1,3,0.181,0,0,0.000,0,0,0,0,0,0,0,0
17,-6,5,0,30.000,0,0,0.000,0,1,0,2,0,0,34,34
17,1,-1,3,0.561,0,0,0.000,0,0,0,0,0,0,0,0
17,-4,1,3,0.821,0,0,0.000,0,0,0,0,0,0,0,0
17,-5,2,2,3.411,0,0,0.000,0,0,0,0,0,0,0,0
17,-2,-3,0,0.491,0,0,0.000,0,0,0,0,0,0,0,0
17,1,-5,0,0.111,0,0,0.000,0,0,0,0,0,0,0,0
17,-7,7,0,10.791,228,0,5.724,1,0,0,14,0,228,412,412
17,2,1,2,0.711,0,0,0.000,0,0,0,0,0,0,0,0
18,1,-4,2,1.551,0,0,0.000,0,0,0,0,0,0,0,0
18,-3,0,3,0.791,0,0,0.000,0,0,0,0,0,0,0,0
18,-2,2,3,0.541,0,0,0.000,0,0,0,0,0,0,0,0
18,-1,-1,3,0.221,0,0,0.000,0,0,0,0,0,0,0,0
18,0,1,3,0.821,0,0,0.000,0,0,0,0,0,0,0,0
18,-5,3,2,1.141,0,0,0.000,0,0,0,0,0,0,0,0
18,-1,1,3,2.061,0,0,0.000,0,0,0,0,0,0,0,0
18,-2,-1,3,0.181,0,0,0.000,0,0,0,0,0,0,0,0
18,0,4,3,2.391,0,0,0.000,0,1,0,23,0,0,0,0
18,3,-6,0,0.701,0,0,0.000,0,0,0,0,0,0,0,0
18,-2,4,3,0.651,0,0,0.000,0,0,0,0,0,0,0,0
18,-2,0,3,0.431,0,0,0.000,0,0,0,0,0,0,0,0
18,0,2,3,0.581,0,0,0.000,0,0,0,0,0,0,0,0
18,-4,3,3,0.182,0,0,0.000,0,0,0,0,0,0,0,0
18,-5,9,0,2.651,1391,0,10.781,1,0,0,0,0,1391,336,336
18,-7,6,1,1.533,33,0,3.201,0,1,0,219,33,0,218,218
18,-3,2,3,0.421,0,0,0.000,0,0,0,0,0,0,0,0
18,2,-1,2,2.391,0,0,0.000,0,0,0,0,0,0,0,0
18,0,-4,1,0.271,0,0,0.000,0,0,0,0,0,0,0,0
18,-2,5,3,2.821,0,0,0.000,0,0,0,0,0,0,45,45
18,-4,6,3,2.253,0,0,0.000,0,4,0,863,0,0,46,46
18,-1,5,2,1.461,2,0,2.842,0,1,0,200,2,0,49,49
18,0,-3,2,1.011,0,0,0.000,0,0,0,0,0,0,0,0
18,-6,8,0,1.793,624,0,7.703,1,0,0,0,0,624,527,527
18,-1,-2,3,0.671,0,0,0.000,0,0,0,0,0,0,0,0
18,-2,3,3,0.371,0,0,0.000,0,0,0,0,0,0,0,0
18,-4,5,3,1.542,0,0,0.000,0,1,0,1,0,0,0,0
18,1,-3,3,0.201,0,0,0.000,0,0,0,0,0,0,0,0
18,0,-2,3,0.281,0,0,0.000,0,0,0,0,0,0,0,0
18,0,3,3,2.233,0,0,0.000,0,0,0,0,0,0,0,0
18,-6,6,2,1.282,1,0,2.781,0,1,0,33,1,0,28,28
18,-2,6,2,3.361,16,0,2.691,0,1,0,414,16,0,247,247
18,-3,3,3,0.201,0,0,0.000,0,0,0,0,0,0,0,0
18,2,-2,2,0.191,0,0,0.000,0,0,0,0,0,0,0,0
18,-4,-2,2,0.271,0,0,0.000,0,0,0,0,0,0,0,0
18,2,2,1,0.633,0,0,0.000,0,1,0,3,0,0,1,1
18,-5,1,0,0.361,0,0,0.000,0,0,0,0,0,0,0,0
18,2,-3,2,0.241,0,0,0.000,0,0,0,0,0,0,0,0
18,-4,0,2,0.451,0,0,0.000,0,0,0,0,0,0,0,0
18,-3,4,3,0.581,0,0,0.000,0,0,0,0,0,0,0,0
18,-4,8,1,3.571,623,0,7.621,1,1,0,148,0,623,374,374
18,1,2,2,0.753,0,0,0.000,0,0,0,0,0,0,0,0
18,-6,2,0,1.311,0,0,0.000,0,0,0,0,0,0,0,0
18,-5,-2,0,0.871,0,0,0.000,0,0,0,0,0,0,0,0
18,3,1,1,1.851,0,0,0.000,0,0,0,0,0,0,1,1
18,-6,7,2,1.321,91,0,2.574,0,1,0,789,91,0,254,254
18,2,-4,2,0.421,0,0,0.000,0,0,0,0,0,0,0,0
18,-1,3,3,1.511,0,0,0.000,0,0,0,0,0,0,0,0
18,-1,2,3,3.511,0,0,0.000,0,0,0,0,0,0,0,0
18,-5,8,1,1.491,640,0,7.031,0,1,0,797,640,0,595,595
18,1,4,2,1.693,23,0,1.622,0,2,0,729,23,0,165,165
18,1,0,3,0.161,0,0,0.000,0,0,0,0,0,0,0,0
18,-2,1,3,0.951,0,0,0.000,0,0,0,0,0,0,0,0
18,-5,0,1,1.744,0,0,0.000,0,0,0,0,0,0,0,0
18,2,0,3,1.231,0,0,0.000,0,0,0,0,0,0,0,0
18,2,4,1,2.823,250,0,3.832,0,1,0,732,250,0,434,434
18,-6,3,0,0.651,0,0,0.000,0,0,0,0,0,0,0,0
18,3,0,0,1.131,0,0,0.000,0,0,0,0,0,0,0,0
18,-5,4,2,1.371,0,0,0.000,0,0,0,0,0,0,0,0
18,1,-2,3,0.451,0,0,0.000,0,0,0,0,0,0,0,0
18,-4,-3,0,1.191,0,0,0.000,0,0,0,0,0,0,0,0
18,3,-5,0,1.781,0,0,0.000,0,0,0,0,0,0,0,0
18,0,6,0,2.552,565,0,6.842,1,0,0,0,0,565,364,364
18,2,5,0,1.252,952,0,8.682,1,0,0,0,0,952,377,377
18,-3,7,0,4.822,231,0,9.072,1,0,0,0,0,231,358,358
18,-5,5,3,3.171,0,0,0.000,0,0,0,0,0,0,7,7
18,2,-5,1,0.841,0,0,0.000,0,0,0,0,0,0,0,0
18,4,-3,0,0.431,0,0,0.000,0,0,0,0,0,0,0,0
18,-3,-3,0,0.211,0,0,0.000,0,0,0,0,0,0,0,0
18,-3,-1,3,1.601,0,0,0.000,0,0,0,0,0,0,0,0
18,0,5,3,0.792,34,34,-1.000,0,0,0,0,0,0,111,111
18,0,0,3,0.251,0,0,0.000,0,0,0,0,0,0,0,0
18,3,-1,0,0.281,0,0,0.000,0,0,0,0,0,0,0,0
18,-1,-4,0,0.311,0,0,0.000,0,0,0,0,0,0,0,0
18,3,-2,1,1.041,0,0,0.000,0,0,0,0,0,0,0,0
18,1,5,0,1.782,489,0,6.852,1,0,0,0,0,489,385,385
18,-3,-2,2,0.941,0,0,0.000,0,0,0,0,0,0,0,0
18,-1,0,3,0.601,0,0,0.000,0,0,0,0,0,0,0,0
18,-5,-1,1,1.712,0,0,0.000,0,0,0,0,0,0,0,0
18,0,-1,3,0.191,0,0,0.000,0,0,0,0,0,0,0,0
18,-2,7,0,2.451,426,0,6.701,1,0,0,0,0,426,475,475
18,-6,4,1,0.822,0,0,0.000,0,0,0,0,0,0,1,1
18,-4,4,3,1.131,0,0,0.000,0,0,0,0,0,0,0,0
18,1,1,3,0.491,0,0,0.000,0,0,0,0,0,0,0,0
18,3,-4,0,0.991,0,0,0.000,0,0,0,0,0,0,0,0
18,-4,-1,3,0.481,0,0,0.000,0,0,0,0,0,0,0,0
18,-1,4,3,0.752,0,0,0.000,0,1,0,2,0,0,9,9
18,1,3,3,0.771,0,0,0.000,0,0,0,0,0,0,8,8
18,2,3,0,1.701,3,0,1.761,1,0,0,0,0,3,118,118
18,-2,-2,3,30.000,0,0,0.000,0,0,0,0,0,0,0,0
18,3,-3,0,0.581,0,0,0.000,0,0,0,0,0,0,0,0
18,-4,7,2,1.371,296,0,5.791,0,3,1,1247,211,85,324,324
18,-1,-3,2,1.991,0,0,0.000,0,0,0,0,0,0,0,0
18,-5,7,2,2.943,60,0,2.473,0,1,0,576,60,0,319,319
18,-1,6,1,2.162,201,0,4.762,0,1,0,418,201,0,373,373
18,-3,5,3,1.141,0,0,0.000,0,1,0,3,0,0,7,7
18,-7,8,0,1.534,874,0,9.554,1,0,0,0,0,874,624,624
18,-3,6,3,2.271,3,0,2.631,0,1,0,16,3,0,144,144
18,-5,6,3,2.092,1,0,1.674,0,1,0,91,1,0,120,120
18,-4,2,3,0.321,0,0,0.000,0,0,0,0,0,0,0,0
18,-3,1,3,0.331,0,0,0.000,0,0,0,0,0,0,0,0
18,-6,5,0,0.931,0,0,0.000,0,1,0,1,0,0,40,40
18,1,-1,3,1.891,0,0,0.000,0,0,0,0,0,0,0,0
18,-4,1,3,0.191,0,0,0.000,0,0,0,0,0,0,0,0
18,-5,2,2,0.711,0,0,0.000,0,0,0,0,0,0,0,0
18,-2,-3,0,0.721,0,0,0.000,0,0,0,0,0,0,0,0
18,1,-5,0,0.351,0,0,0.000,0,0,0,0,0,0,0,0
18,-7,7,0,2.691,229,0,4.961,1,0,0,0,0,229,406,406
18,2,1,2,1.251,0,0,0.000,0,0,0,0,0,0,0,0
19,1,-4,2,1.371,0,0,0.000,0,0,0,0,0,0,0,0
19,-3,0,3,0.351,0,0,0.000,0,0,0,0,0,0,0,0
19,-2,2,3,0.311,0,0,0.000,0,0,0,0,0,0,0,0
19,-1,-1,3,0.251,0,0,0.000,0,0,0,0,0,0,0,0
19,0,1,3,0.112,0,0,0.000,0,0,0,0,0,0,0,0
19,-5,3,2,0.911,0,0,0.000,0,0,0,0,0,0,0,0
19,-1,1,3,3.531,0,0,0.000,0,0,0,0,0,0,0,0
19,-2,-1,3,0.181,0,0,0.000,0,0,0,0,0,0,0,0
19,0,4,3,30.000,0,0,0.000,0,1,0,42,0,0,4,4
19,3,-6,0,0.701,0,0,0.000,0,0,0,0,0,0,0,0
19,-2,4,3,0.651,0,0,0.000,0,0,0,0,0,0,0,0
19,-2,0,3,0.241,0,0,0.000,0,0,0,0,0,0,0,0
19,0,2,3,0.581,0,0,0.000,0,0,0,0,0,0,0,0
19,-4,3,3,1.861,0,0,0.000,0,0,0,0,0,0,0,0
19,-5,9,0,1.301,1412,0,9.441,1,0,0,0,0,1412,319,319
19,-7,6,1,1.753,21,0,3.221,0,1,0,225,21,0,231,231
19,-3,2,3,0.331,0,0,0.000,0,0,0,0,0,0,0,0
19,2,-1,2,0.291,0,0,0.000,0,0,0,0,0,0,0,0
19,0,-4,1,0.381,0,0,0.000,0,0,0,0,0,0,0,0
19,-2,5,3,0.901,0,0,0.000,0,0,0,0,0,0,27,27
19,-4,6,3,2.631,0,0,0.000,0,3,0,637,0,0,48,48
19,-1,5,2,1.251,0,0,0.000,0,1,0,197,0,0,56,56
19,0,-3,2,0.331,0,0,0.000,0,0,0,0,0,0,0,0
19,-6,8,0,2.393,631,0,8.453,1,0,0,0,0,631,491,491
19,-1,-2,3,3.661,0,0,0.000,0,0,0,0,0,0,0,0
19,-2,3,3,2.461,0,0,0.000,0,0,0,0,0,0,0,0
19,-4,5,3,0.871,0,0,0.000,0,0,0,0,0,0,0,0
19,1,-3,3,2.771,0,0,0.000,0,0,0,0,0,0,0,0
19,0,-2,3,0.261,0,0,0.000,0,0,0,0,0,0,0,0
19,0,3,3,0.971,0,0,0.000,0,0,0,0,0,0,0,0
19,-6,6,2,1.282,5,0,3.011,0,1,0,21,5,0,41,41
19,-2,6,2,3.242,23,0,3.182,0,1,0,423,23,0,230,230
19,-3,3,3,2.573,0,0,0.000,0,0,0,0,0,0,0,0
19,2,-2,2,0.511,0,0,0.000,0,0,0,0,0,0,0,0
19,-4,-2,2,0.271,0,0,0.000,0,0,0,0,0,0,0,0
19,2,2,1,0.774,0,0,0.000,0,1,0,1,0,0,3,3
19,-5,1,0,0.194,0,0,0.000,0,0,0,0,0,0,0,0
19,2,-3,2,0.131,0,0,0.000,0,0,0,0,0,0,0,0
19,-4,0,2,0.371,0,0,0.000,0,0,0,0,0,0,0,0
19,-3,4,3,0.421,0,0,0.000,0,0,0,0,0,0,0,0
19,-4,8,1,2.614,595,0,6.441,0,1,0,57,595,0,378,378
19,1,2,2,0.991,0,0,0.000,0,0,0,0,0,0,0,0
19,-6,2,0,0.962,0,0,0.000,0,0,0,0,0,0,0,0
19,-5,-2,0,0.791,0,0,0.000,0,0,0,0,0,0,0,0
19,3,1,1,1.851,0,0,0.000,0,0,0,0,0,0,6,6
19,-6,7,2,1.783,102,0,4.383,0,1,0,786,102,0,229,229
19,2,-4,2,0.981,0,0,0.000,0,0,0,0,0,0,0,0
19,-1,3,3,0.791,0,0,0.000,0,0,0,0,0,0,0,0
19,-1,2,3,0.471,0,0,0.000,0,0,0,0,0,0,0,0
19,-5,8,1,1.831,653,0,5.731,0,1,0,798,653,0,552,552
19,1,4,2,1.353,42,0,1.951,0,2,0,729,42,0,139,139
19,1,0,3,3.861,0,0,0.000,0,0,0,0,0,0,0,0
19,-2,1,3,0.861,0,0,0.000,0,0,0,0,0,0,0,0
19,-5,0,1,0.551,0,0,0.000,0,0,0,0,0,0,0,0
19,2,0,3,0.921,0,0,0.000,0,0,0,0,0,0,0,0
19,2,4,1,2.232,282,0,4.191,0,1,0,674,282,0,411,411
19,-6,3,0,0.721,0,0,0.000,0,0,0,0,0,0,0,0
19,3,0,0,1.332,0,0,0.000,0,0,0,0,0,0,2,2
19,-5,4,2,0.681,0,0,0.000,0,0,0,0,0,0,0,0
19,1,-2,3,1.601,0,0,0.000,0,0,0,0,0,0,0,0
19,-4,-3,0,1.391,0,0,0.000,0,0,0,0,0,0,0,0
19,3,-5,0,1.241,0,0,0.000,0,0,0,0,0,0,0,0
19,0,6,0,2.252,580,0,6.872,1,0,0,0,0,580,343,343
19,2,5,0,1.391,914,0,8.241,1,0,0,0,0,914,433,433
19,-3,7,0,2.401,204,0,6.491,1,0,0,0,0,204,365,365
19,-5,5,3,0.992,0,0,0.000,0,0,0,0,0,0,5,5
19,2,-5,1,0.181,0,0,0.000,0,0,0,0,0,0,0,0
19,4,-3,0,0.431,0,0,0.000,0,0,0,0,0,0,0,0
19,-3,-3,0,0.112,0,0,0.000,0,0,0,0,0,0,0,0
19,-3,-1,3,0.111,0,0,0.000,0,0,0,0,0,0,0,0
19,0,5,3,0.952,33,33,-1.000,0,0,0,0,0,0,124,124
19,0,0,3,0.381,0,0,0.000,0,0,0,0,0,0,0,0
19,3,-1,0,0.281,0,0,0.000,0,0,0,0,0,0,0,0
19,-1,-4,0,0.151,0,0,0.000,0,0,0,0,0,0,0,0
19,3,-2,1,0.621,0,0,0.000,0,0,0,0,0,0,0,0
19,1,5,0,2.322,466,0,7.162,1,0,0,0,0,466,418,418
19,-3,-2,2,0.181,0,0,0.000,0,0,0,0,0,0,0,0
19,-1,0,3,0.421,0,0,0.000,0,0,0,0,0,0,0,0
19,-5,-1,1,1.321,0,0,0.000,0,0,0,0,0,0,0,0
19,0,-1,3,0.411,0,0,0.000,0,0,0,0,0,0,0,0
19,-2,7,0,2.872,435,0,7.212,1,0,0,0,0,435,454,454
19,-6,4,1,0.643,0,0,0.000,0,0,0,0,0,0,2,2
19,-4,4,3,0.371,0,0,0.000,0,0,0,0,0,0,0,0
19,1,1,3,0.291,0,0,0.000,0,0,0,0,0,0,0,0
19,3,-4,0,0.261,0,0,0.000,0,0,0,0,0,0,0,0
19,-4,-1,3,0.981,0,0,0.000,0,0,0,0,0,0,0,0
19,-1,4,3,0.752,0,0,0.000,0,0,0,0,0,0,6,6
19,1,3,3,0.771,0,0,0.000,0,0,0,0,0,0,9,9
19,2,3,0,2.633,1,0,2.673,1,0,0,0,0,1,136,136
19,-2,-2,3,0.331,0,0,0.000,0,0,0,0,0,0,0,0
19,3,-3,0,0.671,0,0,0.000,0,0,0,0,0,0,0,0
19,-4,7,2,1.671,294,0,4.421,0,2,0,821,294,0,337,337
19,-1,-3,2,0.391,0,0,0.000,0,0,0,0,0,0,0,0
19,-5,7,2,3.483,49,0,2.963,0,1,0,591,49,0,282,282
19,-1,6,1,3.762,197,0,4.412,0,1,0,451,197,0,389,389
19,-3,5,3,3.481,0,0,0.000,0,1,0,7,0,0,4,4
19,-7,8,0,3.244,878,0,11.233,1,0,0,0,0,878,605,605
19,-3,6,3,1.131,7,0,3.102,0,1,0,22,7,0,158,158
19,-5,6,3,2.092,0,0,0.000,0,1,0,102,0,0,140,140
19,-4,2,3,2.081,0,0,0.000,0,0,0,0,0,0,0,0
19,-3,1,3,0.371,0,0,0.000,0,0,0,0,0,0,0,0
19,-6,5,0,0.832,0,0,0.000,0,1,0,5,0,0,30,30
19,1,-1,3,0.371,0,0,0.000,0,0,0,0,0,0,0,0
19,-4,1,3,0.991,0,0,0.000,0,0,0,0,0,0,0,0
19,-5,2,2,0.171,0,0,0.000,0,0,0,0,0,0,0,0
19,-2,-3,0,0.311,0,0,0.000,0,0,0,0,0,0,0,0
19,1,-5,0,0.231,0,0,0.000,0,0,0,0,0,0,0,0
19,-7,7,0,2.871,234,0,5.201,1,0,0,0,0,234,407,407
19,2,1,2,0.531,0,0,0.000,0,0,0,0,0,0,0,0
20,1,-4,2,0.511,0,0,0.000,0,0,0,0,0,0,0,0
20,-3,0,3,2.111,0,0,0.000,0,0,0,0,0,0,0,0
20,-2,2,3,0.611,0,0,0.000,0,0,0,0,0,0,0,0
20,-1,-1,3,0.121,0,0,0.000,0,0,0,0,0,0,0,0
20,0,1,3,0.221,0,0,0.000,0,0,0,0,0,0,0,0
20,-5,3,2,1.601,0,0,0.000,0,0,0,0,0,0,0,0
20,-1,1,3,0.201,0,0,0.000,0,0,0,0,0,0,0,0
20,-2,-1,3,0.181,0,0,0.000,0,0,0,0,0,0,0,0
20,0,4,3,1.191,0,0,0.000,0,1,0,29,0,0,1,1
20,3,-6,0,0.301,0,0,0.000,0,0,0,0,0,0,0,0
20,-2,4,3,0.903,0,0,0.000,0,0,0,0,0,0,0,0
20,-2,0,3,1.091,0,0,0.000,0,0,0,0,0,0,0,0
20,0,2,3,0.581,0,0,0.000,0,0,0,0,0,0,0,0
20,-4,3,3,0.182,0,0,0.000,0,0,0,0,0,0,0,0
20,-5,9,0,1.151,1425,0,9.411,1,0,0,0,0,1425,294,294
20,-7,6,1,2.853,29,0,3.872,1,1,0,235,0,29,217,217
20,-3,2,3,0.161,0,0,0.000,0,0,0,0,0,0,0,0
20,2,-1,2,0.591,0,0,0.000,0,0,0,0,0,0,0,0
20,0,-4,1,0.411,0,0,0.000,0,0,0,0,0,0,0,0
20,-2,5,3,2.501,0,0,0.000,0,0,0,0,0,0,32,32
20,-4,6,3,2.631,0,0,0.000,0,4,0,955,0,0,70,70
20,-1,5,2,2.091,1,0,2.171,0,1,0,202,1,0,42,42
20,0,-3,2,0.331,0,0,0.000,0,0,0,0,0,0,0,0
20,-6,8,0,2.593,650,0,8.823,1,0,0,0,0,650,504,504
20,-1,-2,3,0.671,0,0,0.000,0,0,0,0,0,0,0,0
20,-2,3,3,0.561,0,0,0.000,0,0,0,0,0,0,0,0
20,-4,5,3,2.012,0,0,0.000,0,0,0,0,0,0,0,0
20,1,-3,3,0.411,0,0,0.000,0,0,0,0,0,0,0,0
20,0,-2,3,0.981,0,0,0.000,0,0,0,0,0,0,0,0
20,0,3,3,1.624,0,0,0.000,0,0,0,0,0,0,0,0
20,-6,6,2,1.452,9,0,3.622,0,1,1,28,1,8,37,37
20,-2,6,2,30.000,11,0,2.222,0,1,0,402,11,0,225,225
20,-3,3,3,0.411,0,0,0.000,0,0,0,0,0,0,0,0
20,2,-2,2,0.221,0,0,0.000,0,0,0,0,0,0,0,0
20,-4,-2,2,0.911,0,0,0.000,0,0,0,0,0,0,0,0
20,2,2,1,0.891,0,0,0.000,0,1,0,4,0,0,1,1
20,-5,1,0,0.761,0,0,0.000,0,0,0,0,0,0,0,0
20,2,-3,2,0.131,0,0,0.000,0,0,0,0,0,0,0,0
20,-4,0,2,1.521,0,0,0.000,0,0,0,0,0,0,0,0
20,-3,4,3,0.801,0,0,0.000,0,0,0,0,0,0,0,0
20,-4,8,1,2.851,627,0,7.081,1,1,0,126,0,627,387,387
20,1,2,2,1.361,0,0,0.000,0,0,0,0,0,0,0,0
20,-6,2,0,0.651,0,0,0.000,0,0,0,0,0,0,0,0
20,-5,-2,0,1.031,0,0,0.000,0,0,0,0,0,0,0,0
20,3,1,1,2.601,0,0,0.000,0,0,0,0,0,0,3,3
20,-6,7,2,1.602,100,0,4.782,0,1,1,801,88,12,234,234
20,2,-4,2,0.321,0,0,0.000,0,0,0,0,0,0,0,0
20,-1,3,3,3.191,0,0,0.000,0,0,0,0,0,0,0,0
20,-1,2,3,0.471,0,0,0.000,0,0,0,0,0,0,0,0
20,-5,8,1,2.121,654,0,5.611,0,1,0,810,654,0,576,576
20,1,4,2,1.693,29,0,2.182,0,2,0,709,29,0,158,158
20,1,0,3,25.451,0,0,0.000,0,0,0,0,0,0,0,0
20,-2,1,3,2.751,0,0,0.000,0,0,0,0,0,0,0,0
20,-5,0,1,0.632,0,0,0.000,0,0,0,0,0,0,0,0
20,2,0,3,1.851,0,0,0.000,0,0,0,0,0,0,0,0
20,2,4,1,1.464,272,0,6.424,0,1,1,668,229,43,442,442
20,-6,3,0,0.651,0,0,0.000,0,0,0,0,0,0,0,0
20,3,0,0,3.031,0,0,0.000,0,0,0,0,0,0,3,3
20,-5,4,2,1.141,0,0,0.000,0,0,0,0,0,0,0,0
20,1,-2,3,0.681,0,0,0.000,0,0,0,0,0,0,0,0
20,-4,-3,0,3.071,0,0,0.000,0,0,0,0,0,0,0,0
20,3,-5,0,0.341,0,0,0.000,0,0,0,0,0,0,0,0
20,0,6,0,1.911,581,0,6.351,1,0,0,0,0,581,348,348
20,2,5,0,3.701,897,0,10.324,1,0,0,43,0,897,404,404
20,-3,7,0,3.282,207,0,7.472,1,0,0,0,0,207,376,376
20,-5,5,3,1.192,0,0,0.000,0,0,0,0,0,0,8,8
20,2,-5,1,0.331,0,0,0.000,0,0,0,0,0,0,0,0
20,4,-3,0,0.661,0,0,0.000,0,0,0,0,0,0,0,0
20,-3,-3,0,0.451,0,0,0.000,0,0,0,0,0,0,0,0
20,-3,-1,3,0.111,0,0,0.000,0,0,0,0,0,0,0,0
20,0,5,3,1.432,44,44,-1.000,0,0,0,0,0,0,118,118
20,0,0,3,0.251,0,0,0.000,0,0,0,0,0,0,0,0
20,3,-1,0,0.281,0,0,0.000,0,0,0,0,0,0,0,0
20,-1,-4,0,2.001,0,0,0.000,0,0,0,0,0,0,0,0
20,3,-2,1,0.411,0,0,0.000,0,0,0,0,0,0,0,0
20,1,5,0,1.782,461,0,6.332,1,0,0,0,0,461,421,421
20,-3,-2,2,0.181,0,0,0.000,0,0,0,0,0,0,0,0
20,-1,0,3,0.211,0,0,0.000,0,0,0,0,0,0,0,0
20,-5,-1,1,1.742,0,0,0.000,0,0,0,0,0,0,0,0
20,0,-1,3,14.211,0,0,0.000,0,0,0,0,0,0,0,0
20,-2,7,0,2.032,409,0,6.162,1,0,0,0,0,409,493,493
20,-6,4,1,1.042,0,0,0.000,0,0,0,0,0,0,1,1
20,-4,4,3,0.561,0,0,0.000,0,0,0,0,0,0,0,0
20,1,1,3,0.191,0,0,0.000,0,0,0,0,0,0,0,0
20,3,-4,0,0.471,0,0,0.000,0,0,0,0,0,0,0,0
20,-4,-1,3,1.351,0,0,0.000,0,0,0,0,0,0,0,0
20,-1,4,3,1.991,0,0,0.000,0,1,0,1,0,0,7,7
20,1,3,3,0.771,0,0,0.000,0,0,0,0,0,0,8,8
20,2,3,0,1.842,4,0,1.912,1,0,0,0,0,4,117,117
20,-2,-2,3,0.181,0,0,0.000,0,0,0,0,0,0,0,0
20,3,-3,0,0.271,0,0,0.000,0,0,0,0,0,0,0,0
20,-4,7,2,0.891,301,0,4.351,0,3,1,1242,221,80,328,328
20,-1,-3,2,0.991,0,0,0.000,0,0,0,0,0,0,0,0
20,-5,7,2,4.292,52,0,3.193,0,1,0,608,52,0,290,290
20,-1,6,1,2.362,203,0,4.141,0,1,0,433,203,0,393,393
20,-3,5,3,3.232,0,0,0.000,0,1,0,6,0,0,1,1
20,-7,8,0,4.221,889,0,11.792,1,0,0,12,0,889,587,587
20,-3,6,3,1.131,6,0,2.252,0,1,0,11,6,0,119,119
20,-5,6,3,1.672,0,0,0.000,0,1,0,100,0,0,127,127
20,-4,2,3,2.081,0,0,0.000,0,0,0,0,0,0,0,0
20,-3,1,3,0.181,0,0,0.000,0,0,0,0,0,0,0,0
20,-6,5,0,2.891,0,0,0.000,0,1,0,9,0,0,22,22
20,1,-1,3,2.461,0,0,0.000,0,0,0,0,0,0,0,0
20,-4,1,3,0.391,0,0,0.000,0,0,0,0,0,0,0,0
20,-5,2,2,0.531,0,0,0.000,0,0,0,0,0,0,0,0
20,-2,-3,0,0.311,0,0,0.000,0,0,0,0,0,0,0,0
20,1,-5,0,0.471,0,0,0.000,0,0,0,0,0,0,0,0
20,-7,7,0,5.211,227,0,7.561,1,0,0,0,0,227,388,388
20,2,1,2,0.351,0,0,0.000,0,0,0,0,0,0,0,0
21,1,-4,2,1.111,0,0,0.000,0,0,0,0,0,0,0,0
21,-3,0,3,1.451,0,0,0.000,0,0,0,0,0,0,0,0
21,-2,2,3,0.381,0,0,0.000,0,0,0,0,0,0,0,0
21,-1,-1,3,0.121,0,0,0.000,0,0,0,0,0,0,0,0
21,0,1,3,0.111,0,0,0.000,0,0,0,0,0,0,0,0
21,-5,3,2,0.451,0,0,0.000,0,0,0,0,0,0,0,0
21,-1,1,3,4.581,0,0,0.000,0,0,0,0,0,0,0,0
21,-2,-1,3,1.271,0,0,0.000,0,0,0,0,0,0,0,0
21,0,4,3,1.431,0,0,0.000,0,1,0,30,0,0,1,1
21,3,-6,0,0.231,0,0,0.000,0,0,0,0,0,0,0,0
21,-2,4,3,1.801,0,0,0.000,0,0,0,0,0,0,0,0
21,-2,0,3,0.651,0,0,0.000,0,0,0,0,0,0,0,0
21,0,2,3,0.381,0,0,0.000,0,0,0,0,0,0,0,0
21,-4,3,3,2.431,0,0,0.000,0,0,0,0,0,0,0,0
21,-5,9,0,2.501,1422,0,10.871,1,0,0,0,0,1422,297,297
21,-7,6,1,2.522,21,0,3.201,0,1,0,229,21,0,209,209
21,-3,2,3,0.931,0,0,0.000,0,0,0,0,0,0,0,0
21,2,-1,2,0.291,0,0,0.000,0,0,0,0,0,0,0,0
21,0,-4,1,0.201,0,0,0.000,0,0,0,0,0,0,0,0
21,-2,5,3,0.901,0,0,0.000,0,0,0,0,0,0,40,40
21,-4,6,3,1.431,0,0,0.000,0,4,0,941,0,0,67,67
21,-1,5,2,1.251,0,0,0.000,0,1,0,182,0,0,48,48
21,0,-3,2,0.161,0,0,0.000,0,0,0,0,0,0,0,0
21,-6,8,0,5.602,627,0,11.052,1,0,0,10,0,627,484,484
21,-1,-2,3,0.451,0,0,0.000,0,0,0,0,0,0,0,0
21,-2,3,3,0.751,0,0,0.000,0,0,0,0,0,0,0,0
21,-4,5,3,1.091,0,0,0.000,0,1,0,1,0,0,0,0
21,1,-3,3,0.861,0,0,0.000,0,0,0,0,0,0,0,0
21,0,-2,3,0.241,0,0,0.000,0,0,0,0,0,0,0,0
21,0,3,3,0.784,0,0,0.000,0,0,0,0,0,0,0,0
21,-6,6,2,3.492,2,0,2.971,0,1,0,21,2,0,34,34
21,-2,6,2,2.062,23,0,2.362,0,1,0,402,23,0,255,255
21,-3,3,3,0.201,0,0,0.000,0,0,0,0,0,0,0,0
21,2,-2,2,0.391,0,0,0.000,0,0,0,0,0,0,0,0
21,-4,-2,2,0.271,0,0,0.000,0,0,0,0,0,0,0,0
21,2,2,1,0.794,0,0,0.000,0,1,0,3,0,0,6,6
21,-5,1,0,1.001,0,0,0.000,0,0,0,0,0,0,0,0
21,2,-3,2,0.241,0,0,0.000,0,0,0,0,0,0,0,0
21,-4,0,2,0.221,0,0,0.000,0,0,0,0,0,0,0,0
21,-3,4,3,0.551,0,0,0.000,0,0,0,0,0,0,0,0
21,-4,8,1,2.614,612,0,7.421,1,1,0,128,0,612,411,411
21,1,2,2,0.753,0,0,0.000,0,0,0,0,0,0,0,0
21,-6,2,0,0.871,0,0,0.000,0,0,0,0,0,0,0,0
21,-5,-2,0,0.951,0,0,0.000,0,0,0,0,0,0,0,0
21,3,1,1,1.041,0,0,0.000,0,0,0,0,0,0,0,0
21,-6,7,2,2.381,75,0,2.261,0,1,0,814,75,0,259,259
21,2,-4,2,0.321,0,0,0.000,0,0,0,0,0,0,0,0
21,-1,3,3,0.451,0,0,0.000,0,0,0,0,0,0,0,0
21,-1,2,3,0.311,0,0,0.000,0,0,0,0,0,0,0,0
21,-5,8,1,1.321,642,0,6.791,0,1,0,821,642,0,578,578
21,1,4,2,3.392,30,0,1.902,0,2,0,705,30,0,143,143
21,1,0,3,0.161,0,0,0.000,0,0,0,0,0,0,0,0
21,-2,1,3,2.221,0,0,0.000,0,0,0,0,0,0,0,0
21,-5,0,1,0.531,0,0,0.000,0,0,0,0,0,0,0,0
21,2,0,3,0.921,0,0,0.000,0,0,0,0,0,0,0,0
21,2,4,1,1.464,254,0,4.032,0,1,0,667,254,0,406,406
21,-6,3,0,1.161,0,0,0.000,0,0,0,0,0,0,0,0
21,3,0,0,0.751,0,0,0.000,0,0,0,0,0,0,1,1
21,-5,4,2,1.171,0,0,0.000,0,0,0,0,0,0,0,0
21,1,-2,3,1.831,0,0,0.000,0,0,0,0,0,0,0,0
21,-4,-3,0,0.911,0,0,0.000,0,0,0,0,0,0,0,0
21,3,-5,0,0.171,0,0,0.000,0,0,0,0,0,0,0,0
21,0,6,0,2.252,585,0,6.862,1,0,0,0,0,585,341,341
21,2,5,0,1.462,888,0,8.242,1,0,0,0,0,888,404,404
21,-3,7,0,4.162,212,0,8.191,1,0,0,0,0,212,337,337
21,-5,5,3,1.403,0,0,0.000,0,0,0,0,0,0,8,8
21,2,-5,1,0.161,0,0,0.000,0,0,0,0,0,0,0,0
21,4,-3,0,3.651,0,0,0.000,0,0,0,0,0,0,0,0
21,-3,-3,0,0.211,0,0,0.000,0,0,0,0,0,0,0,0
21,-3,-1,3,0.111,0,0,0.000,0,0,0,0,0,0,0,0
21,0,5,3,1.113,43,43,-1.000,0,0,0,0,0,0,102,102
21,0,0,3,0.251,0,0,0.000,0,0,0,0,0,0,0,0
21,3,-1,0,0.581,0,0,0.000,0,0,0,0,0,0,0,0
21,-1,-4,0,0.151,0,0,0.000,0,0,0,0,0,0,0,0
21,3,-2,1,0.411,0,0,0.000,0,0,0,0,0,0,0,0
21,1,5,0,1.962,466,0,6.802,1,0,0,0,0,466,394,394
21,-3,-2,2,0.371,0,0,0.000,0,0,0,0,0,0,0,0
21,-1,0,3,1.041,0,0,0.000,0,0,0,0,0,0,0,0
21,-5,-1,1,0.691,0,0,0.000,0,0,0,0,0,0,0,0
21,0,-1,3,1.371,0,0,0.000,0,0,0,0,0,0,0,0
21,-2,7,0,2.032,416,0,6.162,1,0,0,0,0,416,462,462
21,-6,4,1,1.272,0,0,0.000,0,0,0,0,0,0,2,2
21,-4,4,3,0.751,0,0,0.000,0,0,0,0,0,0,0,0
21,1,1,3,0.391,0,0,0.000,0,0,0,0,0,0,0,0
21,3,-4,0,1.251,0,0,0.000,0,0,0,0,0,0,0,0
21,-4,-1,3,0.341,0,0,0.000,0,0,0,0,0,0,0,0
21,-1,4,3,1.871,0,0,0.000,0,0,0,0,0,0,11,11
21,1,3,3,0.771,0,0,0.000,0,0,0,0,0,0,8,8
21,2,3,0,1.704,3,0,1.764,1,0,0,0,0,3,99,99
21,-2,-2,3,0.471,0,0,0.000,0,0,0,0,0,0,0,0
21,3,-3,0,1.091,0,0,0.000,0,0,0,0,0,0,0,0
21,-4,7,2,1.391,298,0,5.661,0,3,1,1194,222,76,328,328
21,-1,-3,2,0.991,0,0,0.000,0,0,0,0,0,0,0,0
21,-5,7,2,2.942,47,0,5.552,0,1,1,590,37,10,295,295
21,-1,6,1,21.561,182,0,4.262,0,1,0,450,182,0,416,416
21,-3,5,3,0.561,0,0,0.000,0,1,0,3,0,0,4,4
21,-7,8,0,1.391,882,0,9.661,1,0,0,0,0,882,599,599
21,-3,6,3,3.411,3,0,2.222,0,1,0,23,3,0,143,143
21,-5,6,3,1.971,1,0,1.531,0,1,0,75,1,0,135,135
21,-4,2,3,0.211,0,0,0.000,0,0,0,0,0,0,0,0
21,-3,1,3,0.521,0,0,0.000,0,0,0,0,0,0,0,0
21,-6,5,0,1.351,0,0,0.000,0,1,0,2,0,0,30,30
21,1,-1,3,0.371,0,0,0.000,0,0,0,0,0,0,0,0
21,-4,1,3,0.391,0,0,0.000,0,0,0,0,0,0,0,0
21,-5,2,2,0.171,0,0,0.000,0,0,0,0,0,0,0,0
21,-2,-3,0,0.171,0,0,0.000,0,0,0,0,0,0,0,0
21,1,-5,0,0.231,0,0,0.000,0,0,0,0,0,0,0,0
21,-7,7,0,2.871,234,0,5.241,1,0,0,0,0,234,408,408
21,2,1,2,0.711,0,0,0.000,0,0,0,0,0,0,0,0
22,1,-4,2,0.611,0,0,0.000,0,0,0,0,0,0,0,0
22,-3,0,3,2.171,0,0,0.000,0,0,0,0,0,0,0,0
22,-2,2,3,1.131,0,0,0.000,0,0,0,0,0,0,0,0
22,-1,-1,3,0.221,0,0,0.000,0,0,0,0,0,0,0,0
22,0,1,3,0.112,0,0,0.000,0,0,0,0,0,0,0,0
22,-5,3,2,1.141,0,0,0.000,0,0,0,0,0,0,0,0
22,-1,1,3,0.201,0,0,0.000,0,0,0,0,0,0,0,0
22,-2,-1,3,1.781,0,0,0.000,0,0,0,0,0,0,0,0
22,0,4,3,1.191,0,0,0.000,0,1,0,34,0,0,1,1
22,3,-6,0,0.941,0,0,0.000,0,0,0,0,0,0,0,0
22,-2,4,3,0.673,0,0,0.000,0,0,0,0,0,0,0,0
22,-2,0,3,0.211,0,0,0.000,0,0,0,0,0,0,0,0
22,0,2,3,0.381,0,0,0.000,0,0,0,0,0,0,0,0
22,-4,3,3,0.721,0,0,0.000,0,0,0,0,0,0,0,0
22,-5,9,0,1.301,1390,0,9.181,1,0,0,0,0,1390,337,337
22,-7,6,1,1.533,37,0,3.001,0,1,0,214,37,0,231,231
22,-3,2,3,0.161,0,0,0.000,0,0,0,0,0,0,0,0
22,2,-1,2,0.591,0,0,0.000,0,0,0,0,0,0,0,0
22,0,-4,1,0.831,0,0,0.000,0,0,0,0,0,0,0,0
22,-2,5,3,0.901,0,0,0.000,0,0,0,0,0,0,42,42
22,-4,6,3,2.871,0,0,0.000,0,4,0,920,0,0,69,69
22,-1,5,2,1.041,0,0,0.000,0,1,0,195,0,0,39,39
22,0,-3,2,0.271,0,0,0.000,0,0,0,0,0,0,0,0
22,-6,8,0,4.193,630,0,10.203,1,0,0,0,0,630,517,517
22,-1,-2,3,1.131,0,0,0.000,0,0,0,0,0,0,0,0
22,-2,3,3,0.181,0,0,0.000,0,0,0,0,0,0,0,0
22,-4,5,3,0.871,0,0,0.000,0,0,0,0,0,0,0,0
22,1,-3,3,0.201,0,0,0.000,0,0,0,0,0,0,0,0
22,0,-2,3,0.141,0,0,0.000,0,0,0,0,0,0,0,0
22,0,3,3,2.021,0,0,0.000,0,0,0,0,0,0,0,0
22,-6,6,2,3.492,7,0,2.671,0,1,0,36,7,0,47,47
22,-2,6,2,3.623,9,0,1.822,0,1,0,404,9,0,250,250
22,-3,3,3,0.621,0,0,0.000,0,0,0,0,0,0,0,0
22,2,-2,2,1.221,0,0,0.000,0,0,0,0,0,0,0,0
22,-4,-2,2,0.612,0,0,0.000,0,0,0,0,0,0,0,0
22,2,2,1,0.891,0,0,0.000,0,0,0,0,0,0,1,1
22,-5,1,0,3.161,0,0,0.000,0,0,0,0,0,0,0,0
22,2,-3,2,1.361,0,0,0.000,0,0,0,0,0,0,0,0
22,-4,0,2,1.521,0,0,0.000,0,0,0,0,0,0,0,0
22,-3,4,3,0.641,0,0,0.000,0,0,0,0,0,0,0,0
22,-4,8,1,3.574,631,0,7.121,1,1,0,136,0,631,388,388
22,1,2,2,1.511,0,0,0.000,0,0,0,0,0,0,0,0
22,-6,2,0,0.711,0,0,0.000,0,0,0,0,0,0,0,0
22,-5,-2,0,1.031,0,0,0.000,0,0,0,0,0,0,0,0
22,3,1,1,1.761,0,0,0.000,0,0,0,0,0,0,0,0
22,-6,7,2,1.783,92,0,2.903,0,1,0,805,92,0,238,238
22,2,-4,2,0.461,0,0,0.000,0,0,0,0,0,0,0,0
22,-1,3,3,0.452,0,0,0.000,0,0,0,0,0,0,0,0
22,-1,2,3,0.151,0,0,0.000,0,0,0,0,0,0,0,0
22,-5,8,1,1.321,649,0,5.791,0,1,0,772,649,0,556,556
22,1,4,2,1.183,34,0,3.062,0,2,0,707,34,0,160,160
22,1,0,3,0.291,0,0,0.000,0,0,0,0,0,0,0,0
22,-2,1,3,1.041,0,0,0.000,0,0,0,0,0,0,0,0
22,-5,0,1,0.531,0,0,0.000,0,0,0,0,0,0,0,0
22,2,0,3,0.921,0,0,0.000,0,0,0,0,0,0,0,0
22,2,4,1,1.463,265,0,6.324,0,1,1,720,232,33,435,435
22,-6,3,0,0.721,0,0,0.000,0,0,0,0,0,0,0,0
22,3,0,0,0.751,0,0,0.000,0,0,0,0,0,0,0,0
22,-5,4,2,0.451,0,0,0.000,0,0,0,0,0,0,0,0
22,1,-2,3,0.451,0,0,0.000,0,0,0,0,0,0,0,0
22,-4,-3,0,1.201,0,0,0.000,0,0,0,0,0,0,0,0
22,3,-5,0,0.611,0,0,0.000,0,0,0,0,0,0,0,0
22,0,6,0,2.292,576,0,6.812,1,0,0,0,0,576,342,342
22,2,5,0,3.494,952,0,10.804,1,0,0,33,0,952,364,364
22,-3,7,0,3.502,224,0,7.792,1,0,0,0,0,224,330,330
22,-5,5,3,1.193,0,0,0.000,0,0,0,0,0,0,7,7
22,2,-5,1,0.461,0,0,0.000,0,0,0,0,0,0,0,0
22,4,-3,0,0.431,0,0,0.000,0,0,0,0,0,0,0,0
22,-3,-3,0,4.051,0,0,0.000,0,0,0,0,0,0,0,0
22,-3,-1,3,0.181,0,0,0.000,0,0,0,0,0,0,0,0
22,0,5,3,1.113,62,62,-1.000,0,0,0,0,0,0,119,119
22,0,0,3,0.451,0,0,0.000,0,0,0,0,0,0,0,0
22,3,-1,0,0.431,0,0,0.000,0,0,0,0,0,0,0,0
22,-1,-4,0,0.301,0,0,0.000,0,0,0,0,0,0,0,0
22,3,-2,1,0.201,0,0,0.000,0,0,0,0,0,0,0,0
22,1,5,0,2.602,460,0,7.202,1,0,0,0,0,460,420,420
22,-3,-2,2,0.561,0,0,0.000,0,0,0,0,0,0,0,0
22,-1,0,3,0.211,0,0,0.000,0,0,0,0,0,0,0,0
22,-5,-1,1,1.041,0,0,0.000,0,0,0,0,0,0,0,0
22,0,-1,3,1.521,0,0,0.000,0,0,0,0,0,0,0,0
22,-2,7,0,1.662,409,0,5.812,1,0,0,0,0,409,469,469
22,-6,4,1,30.000,0,0,0.000,0,0,0,0,0,0,0,0
22,-4,4,3,0.941,0,0,0.000,0,0,0,0,0,0,0,0
22,1,1,3,0.351,0,0,0.000,0,0,0,0,0,0,0,0
22,3,-4,0,1.281,0,0,0.000,0,0,0,0,0,0,0,0
22,-4,-1,3,0.481,0,0,0.000,0,0,0,0,0,0,0,0
22,-1,4,3,1.681,0,0,0.000,0,0,0,0,0,0,9,9
22,1,3,3,1.571,0,0,0.000,0,0,0,0,0,0,10,10
22,2,3,0,2.363,0,0,0.000,0,0,0,0,0,0,121,121
22,-2,-2,3,0.181,0,0,0.000,0,0,0,0,0,0,0,0
22,3,-3,0,0.341,0,0,0.000,0,0,0,0,0,0,0,0
22,-4,7,2,0.831,289,0,4.381,0,3,1,1266,215,74,305,305
22,-1,-3,2,0.591,0,0,0.000,0,0,0,0,0,0,0,0
22,-5,7,2,4.023,53,0,4.803,0,1,0,586,53,0,294,294
22,-1,6,1,2.562,195,0,4.432,0,1,0,441,195,0,368,368
22,-3,5,3,0.541,0,0,0.000,0,1,0,6,0,0,7,7
22,-7,8,0,1.843,889,0,10.024,1,0,0,0,0,889,591,591
22,-3,6,3,1.701,6,0,1.882,0,1,0,9,6,0,146,146
22,-5,6,3,3.231,0,0,0.000,0,1,0,92,0,0,119,119
22,-4,2,3,0.321,0,0,0.000,0,0,0,0,0,0,0,0
22,-3,1,3,1.031,0,0,0.000,0,0,0,0,0,0,0,0
22,-6,5,0,0.961,0,0,0.000,0,1,0,7,0,0,29,29
22,1,-1,3,0.561,0,0,0.000,0,0,0,0,0,0,0,0
22,-4,1,3,0.391,0,0,0.000,0,0,0,0,0,0,0,0
22,-5,2,2,0.171,0,0,0.000,0,0,0,0,0,0,0,0
22,-2,-3,0,0.311,0,0,0.000,0,0,0,0,0,0,0,0
22,1,-5,0,0.111,0,0,0.000,0,0,0,0,0,0,0,0
22,-7,7,0,2.511,228,0,4.731,1,0,0,0,0,228,448,448
22,2,1,2,0.891,0,0,0.000,0,0,0,0,0,0,0,0
23,1,-4,2,0.551,0,0,0.000,0,0,0,0,0,0,0,0
23,-3,0,3,0.411,0,0,0.000,0,0,0,0,0,0,0,0
23,-2,2,3,0.671,0,0,0.000,0,0,0,0,0,0,0,0
23,-1,-1,3,0.221,0,0,0.000,0,0,0,0,0,0,0,0
23,0,1,3,0.112,0,0,0.000,0,0,0,0,0,0,0,0
23,-5,3,2,0.451,0,0,0.000,0,0,0,0,0,0,0,0
23,-1,1,3,2.061,0,0,0.000,0,0,0,0,0,0,0,0
23,-2,-1,3,0.831,0,0,0.000,0,0,0,0,0,0,0,0
23,0,4,3,1.191,0,0,0.000,0,1,0,33,0,0,2,2
23,3,-6,0,1.661,0,0,0.000,0,0,0,0,0,0,0,0
23,-2,4,3,0.453,0,0,0.000,0,0,0,0,0,0,0,0
23,-2,0,3,0.431,0,0,0.000,0,0,0,0,0,0,0,0
23,0,2,3,1.381,0,0,0.000,0,0,0,0,0,0,0,0
23,-4,3,3,0.182,0,0,0.000,0,0,0,0,0,0,0,0
23,-5,9,0,2.051,1445,0,10.631,1,0,0,0,0,1445,307,307
23,-7,6,1,3.291,36,0,3.551,0,1,0,208,36,0,216,216
23,-3,2,3,0.671,0,0,0.000,0,0,0,0,0,0,0,0
23,2,-1,2,0.291,0,0,0.000,0,0,0,0,0,0,0,0
23,0,-4,1,0.201,0,0,0.000,0,0,0,0,0,0,0,0
23,-2,5,3,1.221,0,0,0.000,0,0,0,0,0,0,48,48
23,-4,6,3,2.391,0,0,0.000,0,3,0,698,0,0,66,66
23,-1,5,2,1.461,1,0,1.632,0,1,0,180,1,0,41,41
23,0,-3,2,0.331,0,0,0.000,0,0,0,0,0,0,0,0
23,-6,8,0,1.793,626,0,7.773,1,0,0,0,0,626,489,489
23,-1,-2,3,0.441,0,0,0.000,0,0,0,0,0,0,0,0
23,-2,3,3,0.371,0,0,0.000,0,0,0,0,0,0,0,0
23,-4,5,3,0.871,0,0,0.000,0,0,0,0,0,0,0,0
23,1,-3,3,0.201,0,0,0.000,0,0,0,0,0,0,0,0
23,0,-2,3,0.711,0,0,0.000,0,0,0,0,0,0,0,0
23,0,3,3,1.101,0,0,0.000,0,0,0,0,0,0,0,0
23,-6,6,2,1.622,4,0,3.191,0,1,0,35,4,0,37,37
23,-2,6,2,3.974,17,0,2.502,0,1,0,396,17,0,266,266
23,-3,3,3,0.621,0,0,0.000,0,0,0,0,0,0,0,0
23,2,-2,2,0.351,0,0,0.000,0,0,0,0,0,0,0,0
23,-4,-2,2,0.421,0,0,0.000,0,0,0,0,0,0,0,0
23,2,2,1,0.793,0,0,0.000,0,1,0,1,0,0,3,3
23,-5,1,0,0.561,0,0,0.000,0,0,0,0,0,0,0,0
23,2,-3,2,0.941,0,0,0.000,0,0,0,0,0,0,0,0
23,-4,0,2,1.061,0,0,0.000,0,0,0,0,0,0,0,0
23,-3,4,3,1.021,0,0,0.000,0,0,0,0,0,0,0,0
23,-4,8,1,2.854,609,0,6.102,0,1,0,55,609,0,434,434
23,1,2,2,0.753,0,0,0.000,0,0,0,0,0,0,0,0
23,-6,2,0,0.651,0,0,0.000,0,0,0,0,0,0,2,2
23,-5,-2,0,1.271,0,0,0.000,0,0,0,0,0,0,0,0
23,3,1,1,1.684,0,0,0.000,0,0,0,0,0,0,5,5
23,-6,7,2,1.593,94,0,2.461,0,1,0,801,94,0,241,241
23,2,-4,2,0.211,0,0,0.000,0,0,0,0,0,0,0,0
23,-1,3,3,0.671,0,0,0.000,0,0,0,0,0,0,0,0
23,-1,2,3,2.551,0,0,0.000,0,0,0,0,0,0,0,0
23,-5,8,1,1.151,645,0,6.291,0,1,0,842,645,0,555,555
23,1,4,2,1.183,33,0,2.812,0,2,0,718,33,0,147,147
23,1,0,3,0.291,0,0,0.000,0,0,0,0,0,0,0,0
23,-2,1,3,1.631,0,0,0.000,0,0,0,0,0,0,0,0
23,-5,0,1,0.551,0,0,0.000,0,0,0,0,0,0,0,0
23,2,0,3,0.611,0,0,0.000,0,0,0,0,0,0,0,0
23,2,4,1,1.633,275,0,6.202,0,1,0,675,275,0,431,431
23,-6,3,0,0.971,0,0,0.000,0,0,0,0,0,0,0,0
23,3,0,0,1.342,0,0,0.000,0,0,0,0,0,0,1,1
23,-5,4,2,1.141,0,0,0.000,0,0,0,0,0,0,0,0
23,1,-2,3,0.451,0,0,0.000,0,0,0,0,0,0,0,0
23,-4,-3,0,1.221,0,0,0.000,0,0,0,0,0,0,0,0
23,3,-5,0,0.431,0,0,0.000,0,0,0,0,0,0,0,0
23,0,6,0,1.372,573,0,5.892,1,0,0,0,0,573,367,367
23,2,5,0,3.282,921,0,10.142,1,0,0,0,0,921,377,377
23,-3,7,0,2.182,218,0,6.152,1,0,0,0,0,218,341,341
23,-5,5,3,0.792,0,0,0.000,0,0,0,0,0,0,7,7
23,2,-5,1,0.461,0,0,0.000,0,0,0,0,0,0,0,0
23,4,-3,0,0.431,0,0,0.000,0,0,0,0,0,0,0,0
23,-3,-3,0,0.112,0,0,0.000,0,0,0,0,0,0,0,0
23,-3,-1,3,0.111,0,0,0.000,0,0,0,0,0,0,0,0
23,0,5,3,1.433,50,50,-1.000,0,0,0,0,0,0,109,109
23,0,0,3,0.971,0,0,0.000,0,0,0,0,0,0,0,0
23,3,-1,0,0.281,0,0,0.000,0,0,0,0,0,0,0,0
23,-1,-4,0,0.241,0,0,0.000,0,0,0,0,0,0,0,0
23,3,-2,1,0.621,0,0,0.000,0,0,0,0,0,0,0,0
23,1,5,0,2.372,466,0,6.982,1,0,0,0,0,466,398,398
23,-3,-2,2,0.371,0,0,0.000,0,0,0,0,0,0,0,0
23,-1,0,3,0.381,0,0,0.000,0,0,0,0,0,0,0,0
23,-5,-1,1,1.671,0,0,0.000,0,0,0,0,0,0,0,0
23,0,-1,3,0.521,0,0,0.000,0,0,0,0,0,0,0,0
23,-2,7,0,2.242,407,0,6.312,1,0,0,0,0,407,460,460
23,-6,4,1,0.822,0,0,0.000,0,0,0,0,0,0,0,0
23,-4,4,3,1.131,0,0,0.000,0,0,0,0,0,0,0,0
23,1,1,3,0.491,0,0,0.000,0,0,0,0,0,0,0,0
23,3,-4,0,0.251,0,0,0.000,0,0,0,0,0,0,0,0
23,-4,-1,3,0.341,0,0,0.000,0,0,0,0,0,0,0,0
23,-1,4,3,0.752,0,0,0.000,0,1,0,1,0,0,8,8
23,1,3,3,1.731,0,0,0.000,0,0,0,0,0,0,13,13
23,2,3,0,3.381,1,0,3.421,1,0,0,0,0,1,108,108
23,-2,-2,3,0.851,0,0,0.000,0,0,0,0,0,0,0,0
23,3,-3,0,0.431,0,0,0.000,0,0,0,0,0,0,0,0
23,-4,7,2,1.311,322,0,5.451,0,2,0,790,322,0,312,312
23,-1,-3,2,0.391,0,0,0.000,0,0,0,0,0,0,0,0
23,-5,7,2,4.833,54,0,2.413,0,1,0,583,54,0,307,307
23,-1,6,1,2.562,180,0,3.362,0,1,0,441,180,0,431,431
23,-3,5,3,0.821,0,0,0.000,0,1,0,6,0,0,6,6
23,-7,8,0,1.391,887,0,9.531,1,0,0,0,0,887,581,581
23,-3,6,3,1.131,6,0,2.462,0,1,0,17,6,0,156,156
23,-5,6,3,3.441,0,0,0.000,0,1,0,94,0,0,138,138
23,-4,2,3,0.101,0,0,0.000,0,0,0,0,0,0,0,0
23,-3,1,3,0.181,0,0,0.000,0,0,0,0,0,0,0,0
23,-6,5,0,0.541,0,0,0.000,0,1,0,4,0,0,27,27
23,1,-1,3,0.181,0,0,0.000,0,0,0,0,0,0,0,0
23,-4,1,3,1.591,0,0,0.000,0,0,0,0,0,0,0,0
23,-5,2,2,0.351,0,0,0.000,0,0,0,0,0,0,0,0
23,-2,-3,0,0.171,0,0,0.000,0,0,0,0,0,0,0,0
23,1,-5,0,0.591,0,0,0.000,0,0,0,0,0,0,0,0
23,-7,7,0,3.051,223,0,5.211,1,0,0,0,0,223,424,424
23,2,1,2,0.711,0,0,0.000,0,0,0,0,0,0,0,0
24,1,-4,2,0.251,0,0,0.000,0,0,0,0,0,0,0,0
24,-3,0,3,0.791,0,0,0.000,0,0,0,0,0,0,0,0
24,-2,2,3,0.611,0,0,0.000,0,0,0,0,0,0,0,0
24,-1,-1,3,0.121,0,0,0.000,0,0,0,0,0,0,0,0
24,0,1,3,0.112,0,0,0.000,0,0,0,0,0,0,0,0
24,-5,3,2,0.681,0,0,0.000,0,0,0,0,0,0,0,0
24,-1,1,3,0.591,0,0,0.000,0,0,0,0,0,0,0,0
24,-2,-1,3,0.641,0,0,0.000,0,0,0,0,0,0,0,0
24,0,4,3,1.431,0,0,0.000,0,1,0,27,0,0,3,3
24,3,-6,0,1.421,0,0,0.000,0,0,0,0,0,0,0,0
24,-2,4,3,1.381,0,0,0.000,0,0,0,0,0,0,0,0
24,-2,0,3,0.211,0,0,0.000,0,0,0,0,0,0,0,0
24,0,2,3,0.791,0,0,0.000,0,0,0,0,0,0,0,0
24,-4,3,3,0.531,0,0,0.000,0,0,0,0,0,0,0,0
24,-5,9,0,1.001,1373,0,8.811,1,0,0,0,0,1373,329,329
24,-7,6,1,1.382,35,0,2.804,0,1,0,194,35,0,197,197
24,-3,2,3,1.611,0,0,0.000,0,0,0,0,0,0,0,0
24,2,-1,2,2.781,0,0,0.000,0,0,0,0,0,0,0,0
24,0,-4,1,0.201,0,0,0.000,0,0,0,0,0,0,0,0
24,-2,5,3,2.181,0,0,0.000,0,0,0,0,0,0,41,41
24,-4,6,3,1.431,0,0,0.000,0,3,0,645,0,0,64,64
24,-1,5,2,1.041,0,0,0.000,0,1,0,199,0,0,54,54
24,0,-3,2,1.691,0,0,0.000,0,0,0,0,0,0,0,0
24,-6,8,0,1.993,609,0,7.973,1,0,0,0,0,609,499,499
24,-1,-2,3,0.671,0,0,0.000,0,0,0,0,0,0,0,0
24,-2,3,3,0.181,0,0,0.000,0,0,0,0,0,0,0,0
24,-4,5,3,0.651,0,0,0.000,0,1,0,1,0,0,0,0
24,1,-3,3,0.411,0,0,0.000,0,0,0,0,0,0,0,0
24,0,-2,3,0.721,0,0,0.000,0,0,0,0,0,0,0,0
24,0,3,3,0.971,0,0,0.000,0,0,0,0,0,0,0,0
24,-6,6,2,1.622,5,0,2.484,0,1,0,34,5,0,34,34
24,-2,6,2,4.231,24,0,2.832,0,1,0,420,24,0,248,248
24,-3,3,3,0.471,0,0,0.000,0,0,0,0,0,0,0,0
24,2,-2,2,0.311,0,0,0.000,0,0,0,0,0,0,0,0
24,-4,-2,2,0.271,0,0,0.000,0,0,0,0,0,0,0,0
24,2,2,1,0.794,0,0,0.000,0,1,0,1,0,0,3,3
24,-5,1,0,2.361,0,0,0.000,0,0,0,0,0,0,0,0
24,2,-3,2,0.131,0,0,0.000,0,0,0,0,0,0,0,0
24,-4,0,2,0.371,0,0,0.000,0,0,0,0,0,0,0,0
24,-3,4,3,0.531,0,0,0.000,0,0,0,0,0,0,0,0
24,-4,8,1,3.811,615,0,6.262,0,1,0,65,615,0,357,357
24,1,2,2,1.543,0,0,0.000,0,0,0,0,0,0,0,0
24,-6,2,0,1.971,0,0,0.000,0,0,0,0,0,0,0,0
24,-5,-2,0,0.791,0,0,0.000,0,0,0,0,0,0,0,0
24,3,1,1,2.271,0,0,0.000,0,0,0,0,0,0,1,1
24,-6,7,2,1.511,107,0,3.851,0,1,0,770,107,0,234,234
24,2,-4,2,1.031,0,0,0.000,0,0,0,0,0,0,0,0
24,-1,3,3,0.451,0,0,0.000,0,0,0,0,0,0,0,0
24,-1,2,3,0.311,0,0,0.000,0,0,0,0,0,0,0,0
24,-5,8,1,1.151,641,0,5.241,0,1,0,765,641,0,535,535
24,1,4,2,2.033,27,0,2.162,0,2,0,723,27,0,136,136
24,1,0,3,0.701,0,0,0.000,0,0,0,0,0,0,0,0
24,-2,1,3,1.391,0,0,0.000,0,0,0,0,0,0,0,0
24,-5,0,1,0.531,0,0,0.000,0,0,0,0,0,0,0,0
24,2,0,3,0.921,0,0,0.000,0,0,0,0,0,0,0,0
24,2,4,1,2.314,264,0,6.731,0,1,0,694,264,0,434,434
24,-6,3,0,0.851,0,0,0.000,0,0,0,0,0,0,0,0
24,3,0,0,1.521,0,0,0.000,0,0,0,0,0,0,0,0
24,-5,4,2,1.831,0,0,0.000,0,0,0,0,0,0,0,0
24,1,-2,3,0.451,0,0,0.000,0,0,0,0,0,0,0,0
24,-4,-3,0,0.711,0,0,0.000,0,0,0,0,0,0,0,0
24,3,-5,0,0.361,0,0,0.000,0,0,0,0,0,0,0,0
24,0,6,0,1.792,564,0,6.112,1,0,0,0,0,564,349,349
24,2,5,0,3.911,923,0,10.961,1,0,0,0,0,923,386,386
24,-3,7,0,2.182,204,0,6.312,1,0,0,0,0,204,337,337
24,-5,5,3,2.182,0,0,0.000,0,0,0,0,0,0,7,7
24,2,-5,1,0.461,0,0,0.000,0,0,0,0,0,0,0,0
24,4,-3,0,0.571,0,0,0.000,0,0,0,0,0,0,0,0
24,-3,-3,0,0.112,0,0,0.000,0,0,0,0,0,0,0,0
24,-3,-1,3,0.111,0,0,0.000,0,0,0,0,0,0,0,0
24,0,5,3,1.273,53,53,-1.000,0,0,0,0,0,0,105,105
24,0,0,3,2.531,0,0,0.000,0,0,0,0,0,0,0,0
24,3,-1,0,1.481,0,0,0.000,0,0,0,0,0,0,0,0
24,-1,-4,0,0.151,0,0,0.000,0,0,0,0,0,0,0,0
24,3,-2,1,0.201,0,0,0.000,0,0,0,0,0,0,0,0
24,1,5,0,1.782,478,0,6.552,1,0,0,0,0,478,397,397
24,-3,-2,2,0.561,0,0,0.000,0,0,0,0,0,0,0,0
24,-1,0,3,0.211,0,0,0.000,0,0,0,0,0,0,0,0
24,-5,-1,1,3.111,0,0,0.000,0,0,0,0,0,0,0,0
24,0,-1,3,2.121,0,0,0.000,0,0,0,0,0,0,0,0
24,-2,7,0,2.502,440,0,6.812,1,0,0,0,0,440,479,479
24,-6,4,1,1.441,0,0,0.000,0,0,0,0,0,0,2,2
24,-4,4,3,1.321,0,0,0.000,0,0,0,0,0,0,0,0
24,1,1,3,1.291,0,0,0.000,0,0,0,0,0,0,0,0
24,3,-4,0,0.761,0,0,0.000,0,0,0,0,0,0,0,0
24,-4,-1,3,0.341,0,0,0.000,0,0,0,0,0,0,0,0
24,-1,4,3,1.041,0,0,0.000,0,0,0,0,0,0,8,8
24,1,3,3,0.771,0,0,0.000,0,0,0,0,0,0,12,12
24,2,3,0,2.722,1,0,2.752,1,0,0,0,0,1,114,114
24,-2,-2,3,0.851,0,0,0.000,0,0,0,0,0,0,0,0
24,3,-3,0,0.431,0,0,0.000,0,0,0,0,0,0,0,0
24,-4,7,2,0.804,306,0,4.241,0,2,0,806,306,0,320,320
24,-1,-3,2,0.191,0,0,0.000,0,0,0,0,0,0,0,0
24,-5,7,2,2.942,33,0,2.423,0,1,0,583,33,0,299,299
24,-1,6,1,2.362,199,0,3.972,0,1,0,421,199,0,444,444
24,-3,5,3,30.000,0,0,0.000,0,1,0,5,0,0,5,5
24,-7,8,0,2.651,863,0,10.481,1,0,0,0,0,863,622,622
24,-3,6,3,2.841,5,0,2.702,0,1,0,24,5,0,135,135
24,-5,6,3,1.672,1,0,2.791,0,1,0,107,1,0,127,127
24,-4,2,3,0.101,0,0,0.000,0,0,0,0,0,0,0,0
24,-3,1,3,1.031,0,0,0.000,0,0,0,0,0,0,0,0
24,-6,5,0,1.661,0,0,0.000,0,1,0,5,0,0,36,36
24,1,-1,3,0.181,0,0,0.000,0,0,0,0,0,0,0,0
24,-4,1,3,0.251,0,0,0.000,0,0,0,0,0,0,0,0
24,-5,2,2,0.231,0,0,0.000,0,0,0,0,0,0,0,0
24,-2,-3,0,0.331,0,0,0.000,0,0,0,0,0,0,0,0
24,1,-5,0,0.351,0,0,0.000,0,0,0,0,0,0,0,0
24,-7,7,0,2.334,207,0,4.354,1,0,0,0,0,207,415,415
24,2,1,2,0.531,0,0,0.000,0,0,0,0,0,0,0,0
25,1,-4,2,1.071,0,0,0.000,0,0,0,0,0,0,0,0
25,-3,0,3,0.411,0,0,0.000,0,0,0,0,0,0,0,0
25,-2,2,3,0.221,0,0,0.000,0,0,0,0,0,0,0,0
25,-1,-1,3,0.121,0,0,0.000,0,0,0,0,0,0,0,0
25,0,1,3,0.151,0,0,0.000,0,0,0,0,0,0,0,0
25,-5,3,2,1.141,0,0,0.000,0,0,0,0,0,0,0,0
25,-1,1,3,0.201,0,0,0.000,0,0,0,0,0,0,0,0
25,-2,-1,3,0.341,0,0,0.000,0,0,0,0,0,0,0,0
25,0,4,3,3.842,0,0,0.000,0,1,0,33,0,0,3,3
25,3,-6,0,0.231,0,0,0.000,0,0,0,0,0,0,0,0
25,-2,4,3,0.673,0,0,0.000,0,0,0,0,0,0,0,0
25,-2,0,3,0.431,0,0,0.000,0,0,0,0,0,0,0,0
25,0,2,3,1.451,0,0,0.000,0,0,0,0,0,0,0,0
25,-4,3,3,1.291,0,0,0.000,0,0,0,0,0,0,0,0
25,-5,9,0,1.151,1414,0,9.251,1,0,0,0,0,1414,303,303
25,-7,6,1,1.382,30,0,3.111,0,1,0,206,30,0,189,189
25,-3,2,3,0.421,0,0,0.000,0,0,0,0,0,0,0,0
25,2,-1,2,1.581,0,0,0.000,0,0,0,0,0,0,0,0
25,0,-4,1,0.201,0,0,0.000,0,0,0,0,0,0,0,0
25,-2,5,3,2.021,0,0,0.000,0,0,0,0,0,0,49,49
25,-4,6,3,2.002,0,0,0.000,0,3,0,686,0,0,59,59
25,-1,5,2,1.041,1,0,1.642,0,1,0,183,1,0,36,36
25,0,-3,2,0.271,0,0,0.000,0,0,0,0,0,0,0,0
25,-6,8,0,1.993,648,0,8.193,1,0,0,0,0,648,473,473
25,-1,-2,3,0.441,0,0,0.000,0,0,0,0,0,0,0,0
25,-2,3,3,0.371,0,0,0.000,0,0,0,0,0,0,0,0
25,-4,5,3,0.871,0,0,0.000,0,0,0,0,0,0,0,0
25,1,-3,3,0.621,0,0,0.000,0,0,0,0,0,0,0,0
25,0,-2,3,0.381,0,0,0.000,0,0,0,0,0,0,0,0
25,0,3,3,0.574,0,0,0.000,0,0,0,0,0,0,0,0
25,-6,6,2,1.622,3,0,2.811,0,1,0,30,3,0,36,36
25,-2,6,2,3.711,32,0,2.442,0,1,0,387,32,0,212,212
25,-3,3,3,1.461,0,0,0.000,0,0,0,0,0,0,0,0
25,2,-2,2,0.191,0,0,0.000,0,0,0,0,0,0,0,0
25,-4,-2,2,0.271,0,0,0.000,0,0,0,0,0,0,0,0
25,2,2,1,1.433,0,0,0.000,0,1,0,3,0,0,2,2
25,-5,1,0,0.361,0,0,0.000,0,0,0,0,0,0,0,0
25,2,-3,2,0.241,0,0,0.000,0,0,0,0,0,0,0,0
25,-4,0,2,0.221,0,0,0.000,0,0,0,0,0,0,0,0
25,-3,4,3,0.531,0,0,0.000,0,0,0,0,0,0,0,0
25,-4,8,1,2.851,630,0,6.692,0,1,0,50,630,0,359,359
25,1,2,2,2.031,0,0,0.000,0,0,0,0,0,0,0,0
25,-6,2,0,0.871,0,0,0.000,0,0,0,0,0,0,1,1
25,-5,-2,0,1.031,0,0,0.000,0,0,0,0,0,0,0,0
25,3,1,1,1.851,0,0,0.000,0,0,0,0,0,0,3,3
25,-6,7,2,1.321,90,0,4.401,0,1,1,787,78,12,230,230
25,2,-4,2,0.901,0,0,0.000,0,0,0,0,0,0,0,0
25,-1,3,3,0.451,0,0,0.000,0,0,0,0,0,0,0,0
25,-1,2,3,0.631,0,0,0.000,0,0,0,0,0,0,0,0
25,-5,8,1,2.041,650,0,5.521,0,1,0,794,650,0,532,532
25,1,4,2,1.353,33,0,2.582,0,2,0,725,33,0,148,148
25,1,0,3,0.241,0,0,0.000,0,0,0,0,0,0,0,0
25,-2,1,3,0.521,0,0,0.000,0,0,0,0,0,0,0,0
25,-5,0,1,0.932,0,0,0.000,0,0,0,0,0,0,0,0
25,2,0,3,2.161,0,0,0.000,0,0,0,0,0,0,0,0
25,2,4,1,2.743,252,0,4.702,0,1,0,707,252,0,438,438
25,-6,3,0,2.171,0,0,0.000,0,0,0,0,0,0,0,0
25,3,0,0,1.131,0,0,0.000,0,0,0,0,0,0,3,3
25,-5,4,2,1.401,0,0,0.000,0,0,0,0,0,0,0,0
25,1,-2,3,0.451,0,0,0.000,0,0,0,0,0,0,0,0
25,-4,-3,0,0.671,0,0,0.000,0,0,0,0,0,0,0,0
25,3,-5,0,0.341,0,0,0.000,0,0,0,0,0,0,0,0
25,0,6,0,1.372,569,0,5.832,1,0,0,0,0,569,323,323
25,2,5,0,2.092,921,0,9.272,1,0,0,0,0,921,367,367
25,-3,7,0,2.622,215,0,6.742,1,0,0,0,0,215,342,342
25,-5,5,3,0.971,0,0,0.000,0,0,0,0,0,0,4,4
25,2,-5,1,0.971,0,0,0.000,0,0,0,0,0,0,0,0
25,4,-3,0,0.891,0,0,0.000,0,0,0,0,0,0,0,0
25,-3,-3,0,0.242,0,0,0.000,0,0,0,0,0,0,0,0
25,-3,-1,3,0.181,0,0,0.000,0,0,0,0,0,0,0,0
25,0,5,3,0.952,49,49,-1.000,0,0,0,0,0,0,107,107
25,0,0,3,1.161,0,0,0.000,0,0,0,0,0,0,0,0
25,3,-1,0,0.591,0,0,0.000,0,0,0,0,0,0,0,0
25,-1,-4,0,0.311,0,0,0.000,0,0,0,0,0,0,0,0
25,3,-2,1,1.041,0,0,0.000,0,0,0,0,0,0,0,0
25,1,5,0,2.552,482,0,7.552,1,0,0,0,0,482,383,383
25,-3,-2,2,0.181,0,0,0.000,0,0,0,0,0,0,0,0
25,-1,0,3,0.381,0,0,0.000,0,0,0,0,0,0,0,0
25,-5,-1,1,1.881,0,0,0.000,0,0,0,0,0,0,0,0
25,0,-1,3,0.571,0,0,0.000,0,0,0,0,0,0,0,0
25,-2,7,0,2.032,406,0,6.012,1,0,0,0,0,406,516,516
25,-6,4,1,0.861,0,0,0.000,0,1,0,1,0,0,2,2
25,-4,4,3,0.561,0,0,0.000,0,0,0,0,0,0,0,0
25,1,1,3,0.491,0,0,0.000,0,0,0,0,0,0,0,0
25,3,-4,0,0.731,0,0,0.000,0,0,0,0,0,0,0,0
25,-4,-1,3,0.341,0,0,0.000,0,0,0,0,0,0,0,0
25,-1,4,3,1.041,0,0,0.000,0,1,0,1,0,0,6,6
25,1,3,3,1.571,0,0,0.000,0,0,0,0,0,0,10,10
25,2,3,0,1.704,3,0,1.774,1,0,0,0,0,3,93,93
25,-2,-2,3,0.181,0,0,0.000,0,0,0,0,0,0,0,0
25,3,-3,0,0.431,0,0,0.000,0,0,0,0,0,0,0,0
25,-4,7,2,1.131,318,0,4.521,0,2,0,818,318,0,295,295
25,-1,-3,2,0.991,0,0,0.000,0,0,0,0,0,0,0,0
25,-5,7,2,2.673,50,0,2.573,0,1,0,605,50,0,279,279
25,-1,6,1,2.162,183,0,3.392,0,1,0,435,183,0,404,404
25,-3,5,3,0.541,0,0,0.000,0,1,0,3,0,0,5,5
25,-7,8,0,3.384,865,0,11.371,1,0,0,12,0,865,589,589
25,-3,6,3,1.321,3,0,2.222,0,1,0,32,3,0,140,140
25,-5,6,3,2.093,0,0,0.000,0,1,0,90,0,0,132,132
25,-4,2,3,0.431,0,0,0.000,0,0,0,0,0,0,0,0
25,-3,1,3,0.271,0,0,0.000,0,0,0,0,0,0,0,0
25,-6,5,0,0.541,1,0,0.611,1,1,0,3,0,1,41,41
25,1,-1,3,0.561,0,0,0.000,0,0,0,0,0,0,0,0
25,-4,1,3,0.391,0,0,0.000,0,0,0,0,0,0,0,0
25,-5,2,2,0.171,0,0,0.000,0,0,0,0,0,0,0,0
25,-2,-3,0,0.171,0,0,0.000,0,0,0,0,0,0,0,0
25,1,-5,0,0.471,0,0,0.000,0,0,0,0,0,0,0,0
25,-7,7,0,2.691,217,0,4.831,1,0,0,0,0,217,401,401
25,2,1,2,1.431,0,0,0.000,0,0,0,0,0,0,0,0
26,1,-4,2,0.511,0,0,0.000,0,0,0,0,0,0,0,0
26,-3,0,3,2.171,0,0,0.000,0,0,0,0,0,0,0,0
26,-2,2,3,1.531,0,0,0.000,0,0,0,0,0,0,0,0
26,-1,-1,3,0.531,0,0,0.000,0,0,0,0,0,0,0,0
26,0,1,3,0.151,0,0,0.000,0,0,0,0,0,0,0,0
26,-5,3,2,0.681,0,0,0.000,0,0,0,0,0,0,0,0
26,-1,1,3,0.201,0,0,0.000,0,0,0,0,0,0,0,0
26,-2,-1,3,0.181,0,0,0.000,0,0,0,0,0,0,0,0
26,0,4,3,1.671,0,0,0.000,0,2,0,68,0,0,1,1
26,3,-6,0,0.701,0,0,0.000,0,0,0,0,0,0,0,0
26,-2,4,3,0.651,0,0,0.000,0,0,0,0,0,0,0,0
26,-2,0,3,1.091,0,0,0.000,0,0,0,0,0,0,0,0
26,0,2,3,0.381,0,0,0.000,0,0,0,0,0,0,0,0
26,-4,3,3,1.861,0,0,0.000,0,0,0,0,0,0,0,0
26,-5,9,0,1.301,1418,0,9.421,1,0,0,0,0,1418,313,313
26,-7,6,1,1.382,29,0,3.121,0,1,0,203,29,0,231,231
26,-3,2,3,30.000,0,0,0.000,0,0,0,0,0,0,0,0
26,2,-1,2,1.281,0,0,0.000,0,0,0,0,0,0,0,0
26,0,-4,1,1.011,0,0,0.000,0,0,0,0,0,0,0,0
26,-2,5,3,1.701,0,0,0.000,0,0,0,0,0,0,40,40
26,-4,6,3,1.911,0,0,0.000,0,4,0,986,0,0,77,77
26,-1,5,2,1.881,2,0,1.882,0,1,0,199,2,0,47,47
26,0,-3,2,0.161,0,0,0.000,0,0,0,0,0,0,0,0
26,-6,8,0,3.993,621,0,9.873,1,0,0,0,0,621,480,480
26,-1,-2,3,1.361,0,0,0.000,0,0,0,0,0,0,0,0
26,-2,3,3,1.321,0,0,0.000,0,0,0,0,0,0,0,0
26,-4,5,3,0.651,0,0,0.000,0,0,0,0,0,0,0,0
26,1,-3,3,0.621,0,0,0.000,0,0,0,0,0,0,0,0
26,0,-2,3,0.231,0,0,0.000,0,0,0,0,0,0,0,0
26,0,3,3,1.271,0,0,0.000,0,0,0,0,0,0,0,0
26,-6,6,2,1.282,5,0,2.831,0,1,0,29,5,0,37,37
26,-2,6,2,6.222,25,0,2.212,0,1,0,400,25,0,240,240
26,-3,3,3,0.311,0,0,0.000,0,0,0,0,0,0,0,0
26,2,-2,2,0.821,0,0,0.000,0,0,0,0,0,0,0,0
26,-4,-2,2,0.721,0,0,0.000,0,0,0,0,0,0,0,0
26,2,2,1,0.633,0,0,0.000,0,1,0,2,0,0,2,2
26,-5,1,0,3.161,0,0,0.000,0,0,0,0,0,0,0,0
26,2,-3,2,0.531,0,0,0.000,0,0,0,0,0,0,0,0
26,-4,0,2,0.451,0,0,0.000,0,0,0,0,0,0,0,0
26,-3,4,3,0.421,0,0,0.000,0,0,0,0,0,0,0,0
26,-4,8,1,2.851,646,0,7.201,1,1,0,141,0,646,362,362
26,1,2,2,2.031,0,0,0.000,0,0,0,0,0,0,0,0
26,-6,2,0,1.371,0,0,0.000,0,0,0,0,0,0,0,0
26,-5,-2,0,1.351,0,0,0.000,0,0,0,0,0,0,0,0
26,3,1,1,1.041,0,0,0.000,0,0,0,0,0,0,0,0
26,-6,7,2,1.512,104,0,3.121,0,1,0,784,104,0,259,259
26,2,-4,2,0.211,0,0,0.000,0,0,0,0,0,0,0,0
26,-1,3,3,0.631,0,0,0.000,0,0,0,0,0,0,0,0
26,-1,2,3,0.151,0,0,0.000,0,0,0,0,0,0,0,0
26,-5,8,1,1.321,658,0,5.781,0,1,0,796,658,0,559,559
26,1,4,2,6.113,34,0,2.241,0,2,0,717,34,0,162,162
26,1,0,3,0.461,0,0,0.000,0,0,0,0,0,0,0,0
26,-2,1,3,0.671,0,0,0.000,0,0,0,0,0,0,0,0
26,-5,0,1,1.141,0,0,0.000,0,0,0,0,0,0,0,0
26,2,0,3,0.661,0,0,0.000,0,0,0,0,0,0,0,0
26,2,4,1,1.633,253,0,4.371,0,1,0,685,253,0,457,457
26,-6,3,0,0.651,0,0,0.000,0,0,0,0,0,0,0,0
26,3,0,0,1.321,0,0,0.000,0,0,0,0,0,0,0,0
26,-5,4,2,1.141,0,0,0.000,0,0,0,0,0,0,0,0
26,1,-2,3,0.221,0,0,0.000,0,0,0,0,0,0,0,0
26,-4,-3,0,4.031,0,0,0.000,0,0,0,0,0,0,0,0
26,3,-5,0,0.341,0,0,0.000,0,0,0,0,0,0,0,0
26,0,6,0,1.602,568,0,5.882,1,0,0,0,0,568,348,348
26,2,5,0,1.811,895,0,8.771,1,0,0,0,0,895,391,391
26,-3,7,0,3.062,230,0,7.312,1,0,0,0,0,230,331,331
26,-5,5,3,0.993,0,0,0.000,0,0,0,0,0,0,7,7
26,2,-5,1,0.291,0,0,0.000,0,0,0,0,0,0,0,0
26,4,-3,0,0.661,0,0,0.000,0,0,0,0,0,0,0,0
26,-3,-3,0,0.232,0,0,0.000,0,0,0,0,0,0,0,0
26,-3,-1,3,0.111,0,0,0.000,0,0,0,0,0,0,0,0
26,0,5,3,1.113,50,50,-1.000,0,0,0,0,0,0,117,117
26,0,0,3,0.381,0,0,0.000,0,0,0,0,0,0,0,0
26,3,-1,0,0.431,0,0,0.000,0,0,0,0,0,0,0,0
26,-1,-4,0,0.301,0,0,0.000,0,0,0,0,0,0,0,0
26,3,-2,1,0.201,0,0,0.000,0,0,0,0,0,0,0,0
26,1,5,0,1.782,506,0,6.742,1,0,0,0,0,506,411,411
26,-3,-2,2,0.181,0,0,0.000,0,0,0,0,0,0,0,0
26,-1,0,3,0.381,0,0,0.000,0,0,0,0,0,0,0,0
26,-5,-1,1,1.801,0,0,0.000,0,0,0,0,0,0,0,0
26,0,-1,3,1.121,0,0,0.000,0,0,0,0,0,0,0,0
26,-2,7,0,1.872,416,0,5.982,1,0,0,0,0,416,507,507
26,-6,4,1,1.841,0,0,0.000,0,0,0,0,0,0,2,2
26,-4,4,3,1.321,0,0,0.000,0,0,0,0,0,0,0,0
26,1,1,3,0.291,0,0,0.000,0,0,0,0,0,0,0,0
26,3,-4,0,0.251,0,0,0.000,0,0,0,0,0,0,0,0
26,-4,-1,3,6.591,0,0,0.000,0,0,0,0,0,0,0,0
26,-1,4,3,1.231,0,0,0.000,0,1,0,2,0,0,4,4
26,1,3,3,1.411,0,0,0.000,0,0,0,0,0,0,9,9
26,2,3,0,1.533,2,0,1.583,1,0,0,0,0,2,126,126
26,-2,-2,3,0.561,0,0,0.000,0,0,0,0,0,0,0,0
26,3,-3,0,0.911,0,0,0.000,0,0,0,0,0,0,0,0
26,-4,7,2,0.951,311,0,4.591,0,3,1,1257,234,77,320,320
26,-1,-3,2,0.391,0,0,0.000,0,0,0,0,0,0,0,0
26,-5,7,2,3.753,53,0,4.603,0,1,0,573,53,0,331,331
26,-1,6,1,5.162,199,0,3.782,0,1,0,417,199,0,405,405
26,-3,5,3,0.541,0,0,0.000,0,1,0,5,0,0,6,6
26,-7,8,0,1.951,873,0,9.921,1,0,0,0,0,873,621,621
26,-3,6,3,2.081,5,0,2.082,0,1,0,24,5,0,134,134
26,-5,6,3,1.252,0,0,0.000,0,1,0,104,0,0,117,117
26,-4,2,3,0.431,0,0,0.000,0,0,0,0,0,0,0,0
26,-3,1,3,0.181,0,0,0.000,0,0,0,0,0,0,0,0
26,-6,5,0,0.541,0,0,0.000,0,1,0,5,0,0,33,33
26,1,-1,3,0.201,0,0,0.000,0,0,0,0,0,0,0,0
26,-4,1,3,0.211,0,0,0.000,0,0,0,0,0,0,0,0
26,-5,2,2,0.171,0,0,0.000,0,0,0,0,0,0,0,0
26,-2,-3,0,0.311,0,0,0.000,0,0,0,0,0,0,0,0
26,1,-5,0,0.111,0,0,0.000,0,0,0,0,0,0,0,0
26,-7,7,0,2.691,212,0,4.801,1,0,0,0,0,212,402,402
26,2,1,2,0.711,0,0,0.000,0,0,0,0,0,0,0,0
27,1,-4,2,0.511,0,0,0.000,0,0,0,0,0,0,0,0
27,-3,0,3,0.211,0,0,0.000,0,0,0,0,0,0,0,0
27,-2,2,3,0.771,0,0,0.000,0,0,0,0,0,0,0,0
27,-1,-1,3,0.351,0,0,0.000,0,0,0,0,0,0,0,0
27,0,1,3,0.112,0,0,0.000,0,0,0,0,0,0,0,0
27,-5,3,2,1.141,0,0,0.000,0,0,0,0,0,0,0,0
27,-1,1,3,0.381,0,0,0.000,0,0,0,0,0,0,0,0
27,-2,-1,3,0.261,0,0,0.000,0,0,0,0,0,0,0,0
27,0,4,3,3.111,0,0,0.000,0,2,0,70,0,0,2,2
27,3,-6,0,0.701,0,0,0.000,0,0,0,0,0,0,0,0
27,-2,4,3,1.362,0,0,0.000,0,0,0,0,0,0,0,0
27,-2,0,3,0.431,0,0,0.000,0,0,0,0,0,0,0,0
27,0,2,3,0.451,0,0,0.000,0,0,0,0,0,0,0,0
27,-4,3,3,0.531,0,0,0.000,0,0,0,0,0,0,0,0
27,-5,9,0,1.001,1403,0,9.071,1,0,0,0,0,1403,307,307
27,-7,6,1,1.751,40,0,3.091,0,1,0,225,40,0,206,206
27,-3,2,3,0.331,0,0,0.000,0,0,0,0,0,0,0,0
27,2,-1,2,0.291,0,0,0.000,0,0,0,0,0,0,0,0
27,0,-4,1,1.431,0,0,0.000,0,0,0,0,0,0,0,0
27,-2,5,3,1.061,0,0,0.000,0,0,0,0,0,0,45,45
27,-4,6,3,1.191,0,0,0.000,0,3,0,700,0,0,61,61
27,-1,5,2,2.301,0,0,0.000,0,1,0,200,0,0,43,43
27,0,-3,2,0.331,0,0,0.000,0,0,0,0,0,0,0,0
27,-6,8,0,1.993,639,0,8.103,1,0,0,0,0,639,473,473
27,-1,-2,3,0.671,0,0,0.000,0,0,0,0,0,0,0,0
27,-2,3,3,0.371,0,0,0.000,0,0,0,0,0,0,0,0
27,-4,5,3,0.871,0,0,0.000,0,0,0,0,0,0,0,0
27,1,-3,3,0.461,0,0,0.000,0,0,0,0,0,0,0,0
27,0,-2,3,0.241,0,0,0.000,0,0,0,0,0,0,0,0
27,0,3,3,0.621,0,0,0.000,0,0,0,0,0,0,0,0
27,-6,6,2,1.282,2,0,2.621,0,1,0,40,2,0,43,43
27,-2,6,2,3.454,28,0,4.371,0,1,0,396,28,0,229,229
27,-3,3,3,0.201,0,0,0.000,0,0,0,0,0,0,0,0
27,2,-2,2,0.391,0,0,0.000,0,0,0,0,0,0,0,0
27,-4,-2,2,0.611,0,0,0.000,0,0,0,0,0,0,0,0
27,2,2,1,1.301,0,0,0.000,0,1,0,2,0,0,1,1
27,-5,1,0,0.801,0,0,0.000,0,0,0,0,0,0,0,0
27,2,-3,2,0.251,0,0,0.000,0,0,0,0,0,0,0,0
27,-4,0,2,0.371,0,0,0.000,0,0,0,0,0,0,0,0
27,-3,4,3,0.421,0,0,0.000,0,0,0,0,0,0,0,0
27,-4,8,1,3.574,619,0,5.972,0,1,0,70,619,0,385,385
27,1,2,2,2.551,0,0,0.000,0,0,0,0,0,0,0,0
27,-6,2,0,1.591,0,0,0.000,0,0,0,0,0,0,0,0
27,-5,-2,0,3.111,0,0,0.000,0,0,0,0,0,0,0,0
27,3,1,1,1.461,0,0,0.000,0,0,0,0,0,0,3,3
27,-6,7,2,1.602,88,0,3.414,0,1,0,796,88,0,265,265
27,2,-4,2,0.371,0,0,0.000,0,0,0,0,0,0,0,0
27,-1,3,3,1.171,0,0,0.000,0,0,0,0,0,0,0,0
27,-1,2,3,0.151,0,0,0.000,0,0,0,0,0,0,0,0
27,-5,8,1,1.151,653,0,5.251,0,1,0,791,653,0,569,569
27,1,4,2,1.353,35,0,2.522,0,2,0,675,35,0,169,169
27,1,0,3,0.291,0,0,0.000,0,0,0,0,0,0,0,0
27,-2,1,3,0.951,0,0,0.000,0,0,0,0,0,0,0,0
27,-5,0,1,1.141,0,0,0.000,0,0,0,0,0,0,0,0
27,2,0,3,1.231,0,0,0.000,0,0,0,0,0,0,0,0
27,2,4,1,1.463,261,0,4.911,0,1,0,683,261,0,413,413
27,-6,3,0,0.721,0,0,0.000,0,0,0,0,0,0,0,0
27,3,0,0,0.751,0,0,0.000,0,0,0,0,0,0,1,1
27,-5,4,2,0.681,0,0,0.000,0,0,0,0,0,0,0,0
27,1,-2,3,0.681,0,0,0.000,0,0,0,0,0,0,0,0
27,-4,-3,0,0.951,0,0,0.000,0,0,0,0,0,0,0,0
27,3,-5,0,0.171,0,0,0.000,0,0,0,0,0,0,0,0
27,0,6,0,2.022,581,0,6.592,1,0,0,0,0,581,338,338
27,2,5,0,2.301,912,0,9.241,1,0,0,0,0,912,375,375
27,-3,7,0,1.962,209,0,6.022,1,0,0,0,0,209,340,340
27,-5,5,3,1.771,0,0,0.000,0,0,0,0,0,0,3,3
27,2,-5,1,1.181,0,0,0.000,0,0,0,0,0,0,0,0
27,4,-3,0,19.981,0,0,0.000,0,0,0,0,0,0,0,0
27,-3,-3,0,0.112,0,0,0.000,0,0,0,0,0,0,0,0
27,-3,-1,3,0.141,0,0,0.000,0,0,0,0,0,0,0,0
27,0,5,3,1.272,41,41,-1.000,0,0,0,0,0,0,115,115
27,0,0,3,0.381,0,0,0.000,0,0,0,0,0,0,0,0
27,3,-1,0,0.431,0,0,0.000,0,0,0,0,0,0,0,0
27,-1,-4,0,0.461,0,0,0.000,0,0,0,0,0,0,0,0
27,3,-2,1,0.411,0,0,0.000,0,0,0,0,0,0,0,0
27,1,5,0,2.062,455,0,6.562,1,0,0,0,0,455,423,423
27,-3,-2,2,0.371,0,0,0.000,0,0,0,0,0,0,0,0
27,-1,0,3,0.251,0,0,0.000,0,0,0,0,0,0,0,0
27,-5,-1,1,1.712,0,0,0.000,0,0,0,0,0,0,0,0
27,0,-1,3,0.191,0,0,0.000,0,0,0,0,0,0,0,0
27,-2,7,0,4.001,414,0,8.071,1,0,0,0,0,414,471,471
27,-6,4,1,2.192,0,0,0.000,0,1,0,1,0,0,1,1
27,-4,4,3,0.371,0,0,0.000,0,0,0,0,0,0,0,0
27,1,1,3,0.391,0,0,0.000,0,0,0,0,0,0,0,0
27,3,-4,0,1.251,0,0,0.000,0,0,0,0,0,0,0,0
27,-4,-1,3,0.242,0,0,0.000,0,0,0,0,0,0,0,0
27,-1,4,3,0.752,0,0,0.000,0,0,0,0,0,0,3,3
27,1,3,3,0.931,0,0,0.000,0,0,0,0,0,0,16,16
27,2,3,0,2.142,2,0,2.182,1,0,0,0,0,2,122,122
27,-2,-2,3,0.291,0,0,0.000,0,0,0,0,0,0,0,0
27,3,-3,0,0.371,0,0,0.000,0,0,0,0,0,0,0,0
27,-4,7,2,1.151,325,0,4.431,0,2,0,800,325,0,318,318
27,-1,-3,2,0.791,0,0,0.000,0,0,0,0,0,0,0,0
27,-5,7,2,2.943,50,0,2.573,0,1,0,596,50,0,305,305
27,-1,6,1,1.962,200,0,4.232,0,1,0,446,200,0,376,376
27,-3,5,3,1.542,0,0,0.000,0,1,0,3,0,0,3,3
27,-7,8,0,2.404,878,0,10.494,1,0,0,0,0,878,600,600
27,-3,6,3,3.231,3,0,4.191,0,1,0,28,3,0,146,146
27,-5,6,3,2.303,0,0,0.000,0,1,0,88,0,0,128,128
27,-4,2,3,0.211,0,0,0.000,0,0,0,0,0,0,0,0
27,-3,1,3,0.901,0,0,0.000,0,0,0,0,0,0,0,0
27,-6,5,0,0.541,1,0,0.601,1,1,0,2,0,1,26,26
27,1,-1,3,5.311,0,0,0.000,0,0,0,0,0,0,0,0
27,-4,1,3,0.211,0,0,0.000,0,0,0,0,0,0,0,0
27,-5,2,2,0.171,0,0,0.000,0,0,0,0,0,0,0,0
27,-2,-3,0,0.331,0,0,0.000,0,0,0,0,0,0,0,0
27,1,-5,0,0.351,0,0,0.000,0,0,0,0,0,0,0,0
27,-7,7,0,2.511,244,0,4.841,1,0,0,0,0,244,423,423
27,2,1,2,1.071,0,0,0.000,0,0,0,0,0,0,0,0
28,1,-4,2,1.031,0,0,0.000,0,0,0,0,0,0,0,0
28,-3,0,3,1.511,0,0,0.000,0,0,0,0,0,0,0,0
28,-2,2,3,0.541,0,0,0.000,0,0,0,0,0,0,0,0
28,-1,-1,3,0.121,0,0,0.000,0,0,0,0,0,0,0,0
28,0,1,3,0.111,0,0,0.000,0,0,0,0,0,0,0,0
28,-5,3,2,0.911,0,0,0.000,0,0,0,0,0,0,0,0
28,-1,1,3,0.591,0,0,0.000,0,0,0,0,0,0,0,0
28,-2,-1,3,0.181,0,0,0.000,0,0,0,0,0,0,0,0
28,0,4,3,1.911,0,0,0.000,0,1,0,23,0,0,6,6
28,3,-6,0,0.941,0,0,0.000,0,0,0,0,0,0,0,0
28,-2,4,3,0.651,0,0,0.000,0,0,0,0,0,0,0,0
28,-2,0,3,0.211,0,0,0.000,0,0,0,0,0,0,0,0
28,0,2,3,1.181,0,0,0.000,0,0,0,0,0,0,0,0
28,-4,3,3,0.721,0,0,0.000,0,0,0,0,0,0,0,0
28,-5,9,0,1.151,1387,0,8.871,1,0,0,0,0,1387,324,324
28,-7,6,1,1.643,23,0,3.591,0,1,0,216,23,0,218,218
28,-3,2,3,0.161,0,0,0.000,0,0,0,0,0,0,0,0
28,2,-1,2,0.681,0,0,0.000,0,0,0,0,0,0,0,0
28,0,-4,1,0.871,0,0,0.000,0,0,0,0,0,0,0,0
28,-2,5,3,2.661,0,0,0.000,0,0,0,0,0,0,37,37
28,-4,6,3,1.762,2,0,1.381,0,3,0,680,2,0,67,67
28,-1,5,2,2.301,0,0,0.000,0,1,0,210,0,0,32,32
28,0,-3,2,1.181,0,0,0.000,0,0,0,0,0,0,0,0
28,-6,8,0,3.193,628,0,9.193,1,0,0,0,0,628,486,486
28,-1,-2,3,0.441,0,0,0.000,0,0,0,0,0,0,0,0
28,-2,3,3,0.371,0,0,0.000,0,0,0,0,0,0,0,0
28,-4,5,3,2.411,0,0,0.000,0,1,0,2,0,0,0,0
28,1,-3,3,0.621,0,0,0.000,0,0,0,0,0,0,0,0
28,0,-2,3,0.171,0,0,0.000,0,0,0,0,0,0,0,0
28,0,3,3,1.414,0,0,0.000,0,0,0,0,0,0,0,0
28,-6,6,2,1.792,4,0,3.361,0,1,0,22,4,0,25,25
28,-2,6,2,2.843,21,0,2.972,0,1,0,408,21,0,235,235
28,-3,3,3,1.461,0,0,0.000,0,0,0,0,0,0,0,0
28,2,-2,2,1.391,0,0,0.000,0,0,0,0,0,0,0,0
28,-4,-2,2,0.571,0,0,0.000,0,0,0,0,0,0,0,0
28,2,2,1,0.634,0,0,0.000,0,1,0,1,0,0,3,3
28,-5,1,0,3.161,0,0,0.000,0,0,0,0,0,0,0,0
28,2,-3,2,0.381,0,0,0.000,0,0,0,0,0,0,0,0
28,-4,0,2,0.221,0,0,0.000,0,0,0,0,0,0,0,0
28,-3,4,3,0.581,0,0,0.000,0,0,0,0,0,0,0,0
28,-4,8,1,5.731,616,0,6.462,0,1,0,49,616,0,371,371
28,1,2,2,1.511,0,0,0.000,0,0,0,0,0,0,0,0
28,-6,2,0,0.651,0,0,0.000,0,0,0,0,0,0,0,0
28,-5,-2,0,1.671,0,0,0.000,0,0,0,0,0,0,0,0
28,3,1,1,1.262,0,0,0.000,0,0,0,0,0,0,4,4
28,-6,7,2,2.191,85,0,2.781,0,1,0,780,85,0,260,260
28,2,-4,2,0.211,0,0,0.000,0,0,0,0,0,0,0,0
28,-1,3,3,0.471,0,0,0.000,0,0,0,0,0,0,0,0
28,-1,2,3,0.151,0,0,0.000,0,0,0,0,0,0,0,0
28,-5,8,1,2.891,669,0,5.741,0,1,0,756,669,0,535,535
28,1,4,2,1.372,23,0,2.482,0,2,0,702,23,0,147,147
28,1,0,3,0.241,0,0,0.000,0,0,0,0,0,0,0,0
28,-2,1,3,0.671,0,0,0.000,0,0,0,0,0,0,0,0
28,-5,0,1,0.531,0,0,0.000,0,0,0,0,0,0,0,0
28,2,0,3,0.921,0,0,0.000,0,0,0,0,0,0,0,0
28,2,4,1,2.231,245,0,5.342,0,1,0,694,245,0,461,461
28,-6,3,0,1.192,0,0,0.000,0,0,0,0,0,0,0,0
28,3,0,0,0.751,0,0,0.000,0,0,0,0,0,0,0,0
28,-5,4,2,0.511,0,0,0.000,0,0,0,0,0,0,0,0
28,1,-2,3,0.681,0,0,0.000,0,0,0,0,0,0,0,0
28,-4,-3,0,1.151,0,0,0.000,0,0,0,0,0,0,0,0
28,3,-5,0,0.881,0,0,0.000,0,0,0,0,0,0,0,0
28,0,6,0,1.372,577,0,5.722,1,0,0,0,0,577,327,327
28,2,5,0,2.722,898,0,9.772,1,0,0,0,0,898,385,385
28,-3,7,0,2.402,198,0,6.512,1,0,0,0,0,198,344,344
28,-5,5,3,0.793,0,0,0.000,0,0,0,0,0,0,5,5
28,2,-5,1,1.141,0,0,0.000,0,0,0,0,0,0,0,0
28,4,-3,0,0.431,0,0,0.000,0,0,0,0,0,0,0,0
28,-3,-3,0,0.211,0,0,0.000,0,0,0,0,0,0,0,0
28,-3,-1,3,0.111,0,0,0.000,0,0,0,0,0,0,0,0
28,0,5,3,1.113,47,47,-1.000,0,0,0,0,0,0,120,120
28,0,0,3,0.451,0,0,0.000,0,0,0,0,0,0,0,0
28,3,-1,0,0.881,0,0,0.000,0,0,0,0,0,0,0,0
28,-1,-4,0,0.241,0,0,0.000,0,0,0,0,0,0,0,0
28,3,-2,1,0.201,0,0,0.000,0,0,0,0,0,0,0,0
28,1,5,0,2.142,471,0,6.892,1,0,0,0,0,471,396,396
28,-3,-2,2,0.181,0,0,0.000,0,0,0,0,0,0,0,0
28,-1,0,3,0.601,0,0,0.000,0,0,0,0,0,0,0,0
28,-5,-1,1,2.721,0,0,0.000,0,0,0,0,0,0,0,0
28,0,-1,3,0.571,0,0,0.000,0,0,0,0,0,0,0,0
28,-2,7,0,2.662,424,0,6.852,1,0,0,0,0,424,484,484
28,-6,4,1,1.781,0,0,0.000,0,0,0,0,0,0,2,2
28,-4,4,3,0.561,0,0,0.000,0,0,0,0,0,0,0,0
28,1,1,3,0.191,0,0,0.000,0,0,0,0,0,0,0,0
28,3,-4,0,4.111,0,0,0.000,0,0,0,0,0,0,0,0
28,-4,-1,3,0.341,0,0,0.000,0,0,0,0,0,0,0,0
28,-1,4,3,0.752,0,0,0.000,0,0,0,0,0,0,4,4
28,1,3,3,0.771,0,0,0.000,0,0,0,0,0,0,9,9
28,2,3,0,2.283,1,0,2.303,1,0,0,0,0,1,99,99
28,-2,-2,3,1.231,0,0,0.000,0,0,0,0,0,0,0,0
28,3,-3,0,0.461,0,0,0.000,0,0,0,0,0,0,0,0
28,-4,7,2,1.022,314,0,4.451,0,2,0,839,314,0,294,294
28,-1,-3,2,0.991,0,0,0.000,0,0,0,0,0,0,0,0
28,-5,7,2,2.673,56,0,3.853,0,1,0,585,56,0,279,279
28,-1,6,1,2.362,210,0,3.662,0,1,0,424,210,0,367,367
28,-3,5,3,0.692,0,0,0.000,0,1,0,8,0,0,3,3
28,-7,8,0,1.811,856,0,9.741,1,0,0,0,0,856,630,630
28,-3,6,3,1.522,8,0,2.902,0,1,0,21,8,0,137,137
28,-5,6,3,1.462,0,0,0.000,0,1,0,85,0,0,126,126
28,-4,2,3,2.081,0,0,0.000,0,0,0,0,0,0,0,0
28,-3,1,3,0.271,0,0,0.000,0,0,0,0,0,0,0,0
28,-6,5,0,0.791,0,0,0.000,0,1,0,4,0,0,21,21
28,1,-1,3,13.481,0,0,0.000,0,0,0,0,0,0,0,0
28,-4,1,3,0.211,0,0,0.000,0,0,0,0,0,0,0,0
28,-5,2,2,15.544,0,0,0.000,0,0,0,0,0,0,0,0
28,-2,-3,0,0.171,0,0,0.000,0,0,0,0,0,0,0,0
28,1,-5,0,0.111,0,0,0.000,0,0,0,0,0,0,0,0
28,-7,7,0,3.231,223,0,5.471,1,0,0,0,0,223,404,404
28,2,1,2,0.531,0,0,0.000,0,0,0,0,0,0,0,0
29,1,-4,2,1.811,0,0,0.000,0,0,0,0,0,0,0,0
29,-3,0,3,0.571,0,0,0.000,0,0,0,0,0,0,0,0
29,-2,2,3,0.771,0,0,0.000,0,0,0,0,0,0,0,0
29,-1,-1,3,0.351,0,0,0.000,0,0,0,0,0,0,0,0
29,0,1,3,0.341,0,0,0.000,0,0,0,0,0,0,0,0
29,-5,3,2,0.911,0,0,0.000,0,0,0,0,0,0,0,0
29,-1,1,3,1.431,0,0,0.000,0,0,0,0,0,0,0,0
29,-2,-1,3,0.641,0,0,0.000,0,0,0,0,0,0,0,0
29,0,4,3,2.631,0,0,0.000,0,1,0,30,0,0,1,1
29,3,-6,0,1.181,0,0,0.000,0,0,0,0,0,0,0,0
29,-2,4,3,1.571,0,0,0.000,0,0,0,0,0,0,0,0
29,-2,0,3,0.211,0,0,0.000,0,0,0,0,0,0,0,0
29,0,2,3,0.581,0,0,0.000,0,0,0,0,0,0,0,0
29,-4,3,3,0.341,0,0,0.000,0,0,0,0,0,0,0,0
29,-5,9,0,1.001,1432,0,9.321,1,0,0,0,0,1432,299,299
29,-7,6,1,1.382,24,0,3.071,0,1,0,211,24,0,219,219
29,-3,2,3,0.161,0,0,0.000,0,0,0,0,0,0,0,0
29,2,-1,2,0.891,0,0,0.000,0,0,0,0,0,0,0,0
29,0,-4,1,0.381,0,0,0.000,0,0,0,0,0,0,0,0
29,-2,5,3,1.541,0,0,0.000,0,0,0,0,0,0,43,43
29,-4,6,3,1.911,0,0,0.000,0,3,0,686,0,0,72,72
29,-1,5,2,1.251,0,0,0.000,0,1,0,183,0,0,43,43
29,0,-3,2,0.161,0,0,0.000,0,0,0,0,0,0,0,0
29,-6,8,0,1.993,655,0,8.153,1,0,0,0,0,655,510,510
29,-1,-2,3,2.281,0,0,0.000,0,0,0,0,0,0,0,0
29,-2,3,3,0.561,0,0,0.000,0,0,0,0,0,0,0,0
29,-4,5,3,2.191,0,0,0.000,0,1,0,1,0,0,0,0
29,1,-3,3,0.621,0,0,0.000,0,0,0,0,0,0,0,0
29,0,-2,3,0.141,0,0,0.000,0,0,0,0,0,0,0,0
29,0,3,3,0.781,0,0,0.000,0,0,0,0,0,0,0,0
29,-6,6,2,1.452,6,0,2.841,0,1,0,24,6,0,56,56
29,-2,6,2,3.721,20,0,6.051,0,1,1,389,13,7,254,254
29,-3,3,3,0.621,0,0,0.000,0,0,0,0,0,0,0,0
29,2,-2,2,0.311,0,0,0.000,0,0,0,0,0,0,0,0
29,-4,-2,2,0.721,0,0,0.000,0,0,0,0,0,0,0,0
29,2,2,1,0.891,0,0,0.000,0,1,0,3,0,0,5,5
29,-5,1,0,0.361,0,0,0.000,0,0,0,0,0,0,0,0
29,2,-3,2,0.381,0,0,0.000,0,0,0,0,0,0,0,0
29,-4,0,2,2.901,0,0,0.000,0,0,0,0,0,0,0,0
29,-3,4,3,0.621,0,0,0.000,0,0,0,0,0,0,0,0
29,-4,8,1,3.814,605,0,6.092,0,1,0,60,605,0,410,410
29,1,2,2,3.331,0,0,0.000,0,0,0,0,0,0,0,0
29,-6,2,0,1.101,0,0,0.000,0,0,0,0,0,0,1,1
29,-5,-2,0,2.151,0,0,0.000,0,0,0,0,0,0,0,0
29,3,1,1,1.251,0,0,0.000,0,0,0,0,0,0,3,3
29,-6,7,2,1.701,100,0,3.954,0,1,0,796,100,0,240,240
29,2,-4,2,1.031,0,0,0.000,0,0,0,0,0,0,0,0
29,-1,3,3,0.451,0,0,0.000,0,0,0,0,0,0,0,0
29,-1,2,3,0.791,0,0,0.000,0,0,0,0,0,0,0,0
29,-5,8,1,1.661,650,0,5.351,0,1,0,816,650,0,592,592
29,1,4,2,3.562,30,0,2.112,0,2,0,740,30,0,142,142
29,1,0,3,0.331,0,0,0.000,0,0,0,0,0,0,0,0
29,-2,1,3,2.221,0,0,0.000,0,0,0,0,0,0,0,0
29,-5,0,1,1.701,0,0,0.000,0,0,0,0,0,0,0,0
29,2,0,3,1.851,0,0,0.000,0,0,0,0,0,0,0,0
29,2,4,1,1.804,273,0,4.472,0,1,0,693,273,0,437,437
29,-6,3,0,0.941,0,0,0.000,0,0,0,0,0,0,0,0
29,3,0,0,0.941,0,0,0.000,0,0,0,0,0,0,1,1
29,-5,4,2,0.681,0,0,0.000,0,0,0,0,0,0,0,0
29,1,-2,3,0.681,0,0,0.000,0,0,0,0,0,0,0,0
29,-4,-3,0,1.151,0,0,0.000,0,0,0,0,0,0,0,0
29,3,-5,0,1.241,0,0,0.000,0,0,0,0,0,0,0,0
29,0,6,0,1.792,560,0,6.281,1,0,0,0,0,560,348,348
29,2,5,0,1.672,929,0,8.712,1,0,0,0,0,929,389,389
29,-3,7,0,2.182,203,0,6.142,1,0,0,0,0,203,332,332
29,-5,5,3,2.002,0,0,0.000,0,0,0,0,0,0,11,11
29,2,-5,1,0.631,0,0,0.000,0,0,0,0,0,0,0,0
29,4,-3,0,0.571,0,0,0.000,0,0,0,0,0,0,0,0
29,-3,-3,0,0.112,0,0,0.000,0,0,0,0,0,0,1,1
29,-3,-1,3,0.231,0,0,0.000,0,0,0,0,0,0,0,0
29,0,5,3,1.273,51,51,-1.000,0,0,0,0,0,0,112,112
29,0,0,3,0.251,0,0,0.000,0,0,0,0,0,0,0,0
29,3,-1,0,1.931,0,0,0.000,0,0,0,0,0,0,0,0
29,-1,-4,0,0.301,0,0,0.000,0,0,0,0,0,0,0,0
29,3,-2,1,0.411,0,0,0.000,0,0,0,0,0,0,0,0
29,1,5,0,2.322,477,0,7.272,1,0,0,0,0,477,415,415
29,-3,-2,2,0.411,0,0,0.000,0,0,0,0,0,0,0,0
29,-1,0,3,0.601,0,0,0.000,0,0,0,0,0,0,0,0
29,-5,-1,1,1.671,0,0,0.000,0,0,0,0,0,0,0,0
29,0,-1,3,0.971,0,0,0.000,0,0,0,0,0,0,0,0
29,-2,7,0,30.000,402,0,9.771,1,0,0,7,0,402,465,465
29,-6,4,1,0.861,0,0,0.000,0,0,0,0,0,0,3,3
29,-4,4,3,1.321,0,0,0.000,0,0,0,0,0,0,0,0
29,1,1,3,0.351,0,0,0.000,0,0,0,0,0,0,0,0
29,3,-4,0,0.251,0,0,0.000,0,0,0,0,0,0,0,0
29,-4,-1,3,0.341,0,0,0.000,0,0,0,0,0,0,0,0
29,-1,4,3,1.801,0,0,0.000,0,0,0,0,0,0,9,9
29,1,3,3,1.091,0,0,0.000,0,0,0,0,0,0,13,13
29,2,3,0,1.484,3,0,1.544,1,0,0,0,0,3,125,125
29,-2,-2,3,0.281,0,0,0.000,0,0,0,0,0,0,0,0
29,3,-3,0,0.991,0,0,0.000,0,0,0,0,0,0,0,0
29,-4,7,2,1.011,311,0,4.291,0,2,0,800,311,0,313,313
29,-1,-3,2,0.991,0,0,0.000,0,0,0,0,0,0,0,0
29,-5,7,2,2.942,64,0,2.713,0,1,0,601,64,0,273,273
29,-1,6,1,2.162,183,0,3.832,0,1,0,438,183,0,401,401
29,-3,5,3,0.572,0,0,0.000,0,1,0,1,0,0,4,4
29,-7,8,0,2.824,889,0,10.914,1,0,0,0,0,889,598,598
29,-3,6,3,1.711,1,0,5.921,0,1,0,20,1,0,154,154
29,-5,6,3,1.551,1,0,2.964,0,1,0,100,1,0,120,120
29,-4,2,3,0.431,0,0,0.000,0,0,0,0,0,0,0,0
29,-3,1,3,0.371,0,0,0.000,0,0,0,0,0,0,0,0
29,-6,5,0,1.211,0,0,0.000,0,1,0,6,0,0,23,23
29,1,-1,3,0.761,0,0,0.000,0,0,0,0,0,0,0,0
29,-4,1,3,1.051,0,0,0.000,0,0,0,0,0,0,0,0
29,-5,2,2,0.351,0,0,0.000,0,0,0,0,0,0,0,0
29,-2,-3,0,0.171,0,0,0.000,0,0,0,0,0,0,0,0
29,1,-5,0,0.111,0,0,0.000,0,0,0,0,0,0,0,0
29,-7,7,0,2.691,219,0,4.881,1,0,0,0,0,219,414,414
29,2,1,2,0.531,0,0,0.000,0,0,0,0,0,0,0,0
30,1,-4,2,0.351,0,0,0.000,0,0,0,0,0,0,0,0
30,-3,0,3,0.881,0,0,0.000,0,0,0,0,0,0,0,0
30,-2,2,3,0.221,0,0,0.000,0,0,0,0,0,0,0,0
30,-1,-1,3,0.121,0,0,0.000,0,0,0,0,0,0,0,0
30,0,1,3,0.341,0,0,0.000,0,0,0,0,0,0,0,0
30,-5,3,2,0.681,0,0,0.000,0,0,0,0,0,0,0,0
30,-1,1,3,0.201,0,0,0.000,0,0,0,0,0,0,0,0
30,-2,-1,3,0.451,0,0,0.000,0,0,0,0,0,0,0,0
30,0,4,3,1.191,0,0,0.000,0,2,0,68,0,0,0,0
30,3,-6,0,0.241,0,0,0.000,0,0,0,0,0,0,0,0
30,-2,4,3,0.673,0,0,0.000,0,0,0,0,0,0,0,0
30,-2,0,3,0.431,0,0,0.000,0,0,0,0,0,0,0,0
30,0,2,3,0.381,0,0,0.000,0,0,0,0,0,0,0,0
30,-4,3,3,0.911,0,0,0.000,0,0,0,0,0,0,0,0
30,-5,9,0,1.151,1415,0,9.321,1,0,0,0,0,1415,310,310
30,-7,6,1,2.522,32,0,4.411,0,1,0,209,32,0,191,191
30,-3,2,3,0.251,0,0,0.000,0,0,0,0,0,0,0,0
30,2,-1,2,2.091,0,0,0.000,0,0,0,0,0,0,0,0
30,0,-4,1,0.381,0,0,0.000,0,0,0,0,0,0,0,0
30,-2,5,3,0.901,0,0,0.000,0,0,0,0,0,0,36,36
30,-4,6,3,2.151,0,0,0.000,0,3,0,625,0,0,62,62
30,-1,5,2,0.831,1,0,1.632,0,1,0,205,1,0,35,35
30,0,-3,2,0.331,0,0,0.000,0,0,0,0,0,0,0,0
30,-6,8,0,2.593,634,0,8.743,1,0,0,0,0,634,482,482
30,-1,-2,3,3.661,0,0,0.000,0,0,0,0,0,0,0,0
30,-2,3,3,1.321,0,0,0.000,0,0,0,0,0,0,0,0
30,-4,5,3,1.751,0,0,0.000,0,0,0,0,0,0,0,0
30,1,-3,3,0.861,0,0,0.000,0,0,0,0,0,0,0,0
30,0,-2,3,0.141,0,0,0.000,0,0,0,0,0,0,0,0
30,0,3,3,2.233,0,0,0.000,0,0,0,0,0,0,0,0
30,-6,6,2,3.493,6,0,4.101,0,1,0,32,6,0,29,29
30,-2,6,2,3.451,20,0,2.462,0,1,0,419,20,0,259,259
30,-3,3,3,1.311,0,0,0.000,0,0,0,0,0,0,0,0
30,2,-2,2,0.821,0,0,0.000,0,0,0,0,0,0,0,0
30,-4,-2,2,1.921,0,0,0.000,0,0,0,0,0,0,0,0
30,2,2,1,0.731,0,0,0.000,0,1,0,2,0,0,4,4
30,-5,1,0,0.361,0,0,0.000,0,0,0,0,0,0,0,0
30,2,-3,2,0.261,0,0,0.000,0,0,0,0,0,0,0,0
30,-4,0,2,0.601,0,0,0.000,0,0,0,0,0,0,0,0
30,-3,4,3,0.551,0,0,0.000,0,0,0,0,0,0,0,0
30,-4,8,1,5.254,600,0,6.512,0,1,0,57,600,0,380,380
30,1,2,2,1.771,0,0,0.000,0,0,0,0,0,0,0,0
30,-6,2,0,0.651,0,0,0.000,0,0,0,0,0,0,0,0
30,-5,-2,0,1.511,0,0,0.000,0,0,0,0,0,0,0,0
30,3,1,1,2.181,0,0,0.000,0,0,0,0,0,0,2,2
30,-6,7,2,1.462,105,0,2.571,0,1,0,764,105,0,236,236
30,2,-4,2,1.421,0,0,0.000,0,0,0,0,0,0,0,0
30,-1,3,3,1.361,0,0,0.000,0,0,0,0,0,0,0,0
30,-1,2,3,0.311,0,0,0.000,0,0,0,0,0,0,0,0
30,-5,8,1,1.491,645,0,5.541,0,1,0,801,645,0,576,576
30,1,4,2,1.353,34,0,2.332,0,2,0,700,34,0,143,143
30,1,0,3,0.161,0,0,0.000,0,0,0,0,0,0,0,0
30,-2,1,3,0.611,0,0,0.000,0,0,0,0,0,0,0,0
30,-5,0,1,1.141,0,0,0.000,0,0,0,0,0,0,0,0
30,2,0,3,0.611,0,0,0.000,0,0,0,0,0,0,0,0
30,2,4,1,2.401,274,0,4.682,0,1,0,666,274,0,432,432
30,-6,3,0,0.651,0,0,0.000,0,0,0,0,0,0,0,0
30,3,0,0,0.751,0,0,0.000,0,0,0,0,0,0,1,1
30,-5,4,2,1.601,0,0,0.000,0,0,0,0,0,0,0,0
30,1,-2,3,0.681,0,0,0.000,0,0,0,0,0,0,0,0
30,-4,-3,0,0.911,0,0,0.000,0,0,0,0,0,0,0,0
30,3,-5,0,1.421,0,0,0.000,0,0,0,0,0,0,0,0
30,0,6,0,1.372,571,0,5.592,1,0,0,0,0,571,336,336
30,2,5,0,1.882,898,0,8.652,1,0,0,0,0,898,407,407
30,-3,7,0,2.402,208,0,6.562,1,0,0,0,0,208,355,355
30,-5,5,3,1.393,0,0,0.000,0,0,0,0,0,0,4,4
30,2,-5,1,0.511,0,0,0.000,0,0,0,0,0,0,0,0
30,4,-3,0,1.581,0,0,0.000,0,0,0,0,0,0,0,0
30,-3,-3,0,0.112,0,0,0.000,0,0,0,0,0,0,0,0
30,-3,-1,3,0.741,0,0,0.000,0,0,0,0,0,0,0,0
30,0,5,3,2.393,48,48,-1.000,0,0,0,0,0,0,99,99
30,0,0,3,1.941,0,0,0.000,0,0,0,0,0,0,0,0
30,3,-1,0,0.281,0,0,0.000,0,0,0,0,0,0,0,0
30,-1,-4,0,0.151,0,0,0.000,0,0,0,0,0,0,0,0
30,3,-2,1,0.831,0,0,0.000,0,0,0,0,0,0,0,0
30,1,5,0,1.882,465,0,6.432,1,0,0,0,0,465,423,423
30,-3,-2,2,0.561,0,0,0.000,0,0,0,0,0,0,0,0
30,-1,0,3,0.601,0,0,0.000,0,0,0,0,0,0,0,0
30,-5,-1,1,0.831,0,0,0.000,0,0,0,0,0,0,0,0
30,0,-1,3,1.571,0,0,0.000,0,0,0,0,0,0,0,0
30,-2,7,0,2.162,434,0,6.462,1,0,0,0,0,434,508,508
30,-6,4,1,1.042,0,0,0.000,0,0,0,0,0,0,1,1
30,-4,4,3,0.371,0,0,0.000,0,0,0,0,0,0,0,0
30,1,1,3,1.291,0,0,0.000,0,0,0,0,0,0,0,0
30,3,-4,0,0.251,0,0,0.000,0,0,0,0,0,0,0,0
30,-4,-1,3,0.242,0,0,0.000,0,0,0,0,0,0,0,0
30,-1,4,3,1.322,0,0,0.000,0,1,0,1,0,0,4,4
30,1,3,3,2.211,0,0,0.000,0,0,0,0,0,0,16,16
30,2,3,0,3.521,2,0,3.571,1,0,0,0,0,2,118,118
30,-2,-2,3,0.181,0,0,0.000,0,0,0,0,0,0,0,0
30,3,-3,0,1.951,0,0,0.000,0,0,0,0,0,0,0,0
30,-4,7,2,9.411,289,0,4.231,0,2,0,824,289,0,331,331
30,-1,-3,2,1.391,0,0,0.000,0,0,0,0,0,0,0,0
30,-5,7,2,5.643,47,0,3.153,0,1,0,600,47,0,287,287
30,-1,6,1,8.781,206,0,3.632,0,1,0,411,206,0,398,398
30,-3,5,3,1.241,0,0,0.000,0,0,0,0,0,0,10,10
30,-7,8,0,1.391,858,0,9.161,1,0,0,0,0,858,617,617
30,-3,6,3,1.321,0,0,0.000,0,1,0,20,0,0,141,141
30,-5,6,3,1.672,0,0,0.000,0,1,0,105,0,0,118,118
30,-4,2,3,0.321,0,0,0.000,0,0,0,0,0,0,0,0
30,-3,1,3,18.701,0,0,0.000,0,0,0,0,0,0,0,0
30,-6,5,0,1.381,0,0,0.000,0,1,0,6,0,0,37,37
30,1,-1,3,0.371,0,0,0.000,0,0,0,0,0,0,0,0
30,-4,1,3,0.191,0,0,0.000,0,0,0,0,0,0,0,0
30,-5,2,2,0.531,0,0,0.000,0,0,0,0,0,0,0,0
30,-2,-3,0,0.171,0,0,0.000,0,0,0,0,0,0,0,0
30,1,-5,0,0.231,0,0,0.000,0,0,0,0,0,0,0,0
30,-7,7,0,3.951,226,0,6.121,1,0,0,0,0,226,391,391
30,2,1,2,0.351,0,0,0.000,0,0,0,0,0,0,0,0
31,1,-4,2,0.511,0,0,0.000,0,0,0,0,0,0,0,0
31,-3,0,3,0.411,0,0,0.000,0,0,0,0,0,0,0,0
31,-2,2,3,1.531,0,0,0.000,0,0,0,0,0,0,0,0
31,-1,-1,3,0.121,0,0,0.000,0,0,0,0,0,0,0,0
31,0,1,3,0.112,0,0,0.000,0,0,0,0,0,0,0,0
31,-5,3,2,0.681,0,0,0.000,0,0,0,0,0,0,0,0
31,-1,1,3,0.381,0,0,0.000,0,0,0,0,0,0,0,0
31,-2,-1,3,2.351,0,0,0.000,0,0,0,0,0,0,0,0
31,0,4,3,2.641,0,0,0.000,0,1,0,31,0,0,1,1
31,3,-6,0,1.421,0,0,0.000,0,0,0,0,0,0,0,0
31,-2,4,3,2.071,0,0,0.000,0,0,0,0,0,0,0,0
31,-2,0,3,0.211,0,0,0.000,0,0,0,0,0,0,0,0
31,0,2,3,0.381,0,0,0.000,0,0,0,0,0,0,0,0
31,-4,3,3,3.572,0,0,0.000,0,0,0,0,0,0,0,0
31,-5,9,0,1.001,1429,0,9.511,1,0,0,0,0,1429,283,283
31,-7,6,1,3.733,37,0,4.101,1,1,0,215,37,0,223,223
31,-3,2,3,0.421,0,0,0.000,0,0,0,0,0,0,0,0
31,2,-1,2,0.291,0,0,0.000,0,0,0,0,0,0,0,0
31,0,-4,1,2.061,0,0,0.000,0,0,0,0,0,0,0,0
31,-2,5,3,30.000,0,0,0.000,0,0,0,0,0,0,47,47
31,-4,6,3,2.253,0,0,0.000,0,4,0,913,0,0,64,64
31,-1,5,2,1.461,1,0,2.352,0,1,0,183,1,0,35,35
31,0,-3,2,0.781,0,0,0.000,0,0,0,0,0,0,0,0
31,-6,8,0,2.193,625,0,8.103,1,0,0,0,0,625,483,483
31,-1,-2,3,0.441,0,0,0.000,0,0,0,0,0,0,0,0
31,-2,3,3,1.321,0,0,0.000,0,0,0,0,0,0,0,0
31,-4,5,3,1.531,0,0,0.000,0,0,0,0,0,0,0,0
31,1,-3,3,0.831,0,0,0.000,0,0,0,0,0,0,0,0
31,0,-2,3,0.141,0,0,0.000,0,0,0,0,0,0,0,0
31,0,3,3,2.233,0,0,0.000,0,0,0,0,0,0,0,0
31,-6,6,2,1.631,3,0,3.711,0,2,1,74,0,3,29,29
31,-2,6,2,4.282,15,0,2.692,0,1,0,405,15,0,227,227
31,-3,3,3,0.411,0,0,0.000,0,0,0,0,0,0,0,0
31,2,-2,2,0.471,0,0,0.000,0,0,0,0,0,0,0,0
31,-4,-2,2,0.421,0,0,0.000,0,0,0,0,0,0,0,0
31,2,2,1,0.794,0,0,0.000,0,1,0,3,0,0,1,1
31,-5,1,0,0.361,0,0,0.000,0,0,0,0,0,0,0,0
31,2,-3,2,0.131,0,0,0.000,0,0,0,0,0,0,0,0
31,-4,0,2,0.601,0,0,0.000,0,0,0,0,0,0,0,0
31,-3,4,3,1.081,0,0,0.000,0,0,0,0,0,0,0,0
31,-4,8,1,3.574,601,0,6.881,1,1,0,143,0,601,402,402
31,1,2,2,1.081,0,0,0.000,0,0,0,0,0,0,0,0
31,-6,2,0,1.842,0,0,0.000,0,0,0,0,0,0,0,0
31,-5,-2,0,0.871,0,0,0.000,0,0,0,0,0,0,0,0
31,3,1,1,2.311,0,0,0.000,0,0,0,0,0,0,3,3
31,-6,7,2,1.891,107,0,2.741,0,1,0,813,107,0,239,239
31,2,-4,2,0.211,0,0,0.000,0,0,0,0,0,0,0,0
31,-1,3,3,0.451,0,0,0.000,0,0,0,0,0,0,0,0
31,-1,2,3,0.311,0,0,0.000,0,0,0,0,0,0,0,0
31,-5,8,1,2.171,632,0,5.321,0,1,0,835,632,0,557,557
31,1,4,2,1.353,31,0,1.702,0,2,0,705,31,0,138,138
31,1,0,3,0.291,0,0,0.000,0,0,0,0,0,0,0,0
31,-2,1,3,1.731,0,0,0.000,0,0,0,0,0,0,0,0
31,-5,0,1,0.531,0,0,0.000,0,0,0,0,0,0,0,0
31,2,0,3,1.901,0,0,0.000,0,0,0,0,0,0,0,0
31,2,4,1,1.803,249,0,3.802,0,1,0,693,249,0,410,410
31,-6,3,0,0.651,0,0,0.000,0,0,0,0,0,0,0,0
31,3,0,0,1.511,0,0,0.000,0,0,0,0,0,0,0,0
31,-5,4,2,0.451,0,0,0.000,0,0,0,0,0,0,0,0
31,1,-2,3,1.141,0,0,0.000,0,0,0,0,0,0,0,0
31,-4,-3,0,0.671,0,0,0.000,0,0,0,0,0,0,0,0
31,3,-5,0,0.171,0,0,0.000,0,0,0,0,0,0,0,0
31,0,6,0,2.092,599,0,6.812,1,0,0,0,0,599,340,340
31,2,5,0,1.252,913,0,8.292,1,0,0,0,0,913,380,380
31,-3,7,0,2.842,225,0,6.952,1,0,0,0,0,225,341,341
31,-5,5,3,0.793,0,0,0.000,0,0,0,0,0,0,9,9
31,2,-5,1,0.971,0,0,0.000,0,0,0,0,0,0,0,0
31,4,-3,0,0.571,0,0,0.000,0,0,0,0,0,0,0,0
31,-3,-3,0,1.531,0,0,0.000,0,0,0,0,0,0,0,0
31,-3,-1,3,1.001,0,0,0.000,0,0,0,0,0,0,0,0
31,0,5,3,5.273,48,48,-1.000,0,0,0,0,0,0,116,116
31,0,0,3,1.031,0,0,0.000,0,0,0,0,0,0,0,0
31,3,-1,0,0.581,0,0,0.000,0,0,0,0,0,0,0,0
31,-1,-4,0,0.461,0,0,0.000,0,0,0,0,0,0,0,0
31,3,-2,1,0.411,0,0,0.000,0,0,0,0,0,0,0,0
31,1,5,0,1.782,468,0,6.642,1,0,0,0,0,468,405,405
31,-3,-2,2,0.371,0,0,0.000,0,0,0,0,0,0,0,0
31,-1,0,3,0.421,0,0,0.000,0,0,0,0,0,0,0,0
31,-5,-1,1,1.321,0,0,0.000,0,0,0,0,0,0,0,0
31,0,-1,3,0.211,0,0,0.000,0,0,0,0,0,0,0,0
31,-2,7,0,2.452,414,0,6.612,1,0,0,0,0,414,475,475
31,-6,4,1,0.811,0,0,0.000,0,0,0,0,0,0,1,1
31,-4,4,3,0.371,0,0,0.000,0,0,0,0,0,0,0,0
31,1,1,3,0.291,0,0,0.000,0,0,0,0,0,0,0,0
31,3,-4,0,0.251,0,0,0.000,0,0,0,0,0,0,0,0
31,-4,-1,3,1.841,0,0,0.000,0,0,0,0,0,0,0,0
31,-1,4,3,0.752,0,0,0.000,0,1,0,1,0,0,5,5
31,1,3,3,1.091,0,0,0.000,0,0,0,0,0,0,10,10
31,2,3,0,1.921,3,0,1.981,1,0,0,0,0,3,137,137
31,-2,-2,3,1.851,0,0,0.000,0,0,0,0,0,0,0,0
31,3,-3,0,0.991,0,0,0.000,0,0,0,0,0,0,0,0
31,-4,7,2,0.771,286,0,4.051,0,3,1,1213,203,83,341,341
31,-1,-3,2,0.391,0,0,0.000,0,0,0,0,0,0,0,0
31,-5,7,2,3.213,55,0,2.823,0,1,0,576,55,0,292,292
31,-1,6,1,1.962,183,0,4.112,0,1,0,461,183,0,418,418
31,-3,5,3,0.541,0,0,0.000,0,1,0,1,0,0,2,2
31,-7,8,0,1.531,912,0,9.791,1,0,0,0,0,912,567,567
31,-3,6,3,1.131,1,0,2.602,0,1,0,15,1,0,143,143
31,-5,6,3,1.462,0,0,0.000,0,1,0,107,0,0,136,136
31,-4,2,3,2.741,0,0,0.000,0,0,0,0,0,0,0,0
31,-3,1,3,0.561,0,0,0.000,0,0,0,0,0,0,0,0
31,-6,5,0,0.541,0,0,0.000,0,2,0,6,0,0,33,33
31,1,-1,3,0.561,0,0,0.000,0,0,0,0,0,0,0,0
31,-4,1,3,1.391,0,0,0.000,0,0,0,0,0,0,0,0
31,-5,2,2,0.771,0,0,0.000,0,0,0,0,0,0,0,0
31,-2,-3,0,0.171,0,0,0.000,0,0,0,0,0,0,0,0
31,1,-5,0,0.351,0,0,0.000,0,0,0,0,0,0,0,0
31,-7,7,0,3.591,229,0,5.791,1,0,0,0,0,229,418,418
31,2,1,2,0.531,0,0,0.000,0,0,0,0,0,0,0,0
32,1,-4,2,0.251,0,0,0.000,0,0,0,0,0,0,0,0
32,-3,0,3,1.101,0,0,0.000,0,0,0,0,0,0,0,0
32,-2,2,3,0.441,0,0,0.000,0,0,0,0,0,0,0,0
32,-1,-1,3,0.121,0,0,0.000,0,0,0,0,0,0,0,0
32,0,1,3,0.112,0,0,0.000,0,0,0,0,0,0,0,0
32,-5,3,2,0.451,0,0,0.000,0,0,0,0,0,0,0,0
32,-1,1,3,0.381,0,0,0.000,0,0,0,0,0,0,0,0
32,-2,-1,3,0.321,0,0,0.000,0,0,0,0,0,0,0,0
32,0,4,3,1.431,0,0,0.000,0,1,0,29,0,0,4,4
32,3,-6,0,1.021,0,0,0.000,0,0,0,0,0,0,0,0
32,-2,4,3,0.673,0,0,0.000,0,0,0,0,0,0,0,0
32,-2,0,3,0.431,0,0,0.000,0,0,0,0,0,0,0,0
32,0,2,3,0.581,0,0,0.000,0,0,0,0,0,0,0,0
32,-4,3,3,0.341,0,0,0.000,0,0,0,0,0,0,0,0
32,-5,9,0,1.931,1385,0,9.981,1,0,0,0,0,1385,316,316
32,-7,6,1,1.382,40,0,3.231,0,1,0,212,40,0,213,213
32,-3,2,3,0.421,0,0,0.000,0,0,0,0,0,0,0,0
32,2,-1,2,0.891,0,0,0.000,0,0,0,0,0,0,0,0
32,0,-4,1,0.201,0,0,0.000,0,0,0,0,0,0,0,0
32,-2,5,3,0.901,0,0,0.000,0,0,0,0,0,0,40,40
32,-4,6,3,2.251,0,0,0.000,0,3,0,716,0,0,67,67
32,-1,5,2,2.931,1,0,1.882,0,1,0,182,1,0,47,47
32,0,-3,2,0.211,0,0,0.000,0,0,0,0,0,0,0,0
32,-6,8,0,30.000,633,0,36.040,1,0,0,0,0,633,500,500
32,-1,-2,3,0.671,0,0,0.000,0,0,0,0,0,0,0,0
32,-2,3,3,0.561,0,0,0.000,0,0,0,0,0,0,0,0
32,-4,5,3,0.671,0,0,0.000,0,0,0,0,0,0,0,0
32,1,-3,3,0.861,0,0,0.000,0,0,0,0,0,0,0,0
32,0,-2,3,0.141,0,0,0.000,0,0,0,0,0,0,0,0
32,0,3,3,0.971,0,0,0.000,0,0,0,0,0,0,0,0
32,-6,6,2,1.282,7,0,2.861,0,1,0,40,7,0,38,38
32,-2,6,2,4.234,20,0,3.092,0,1,0,404,20,0,232,232
32,-3,3,3,0.201,0,0,0.000,0,0,0,0,0,0,0,0
32,2,-2,2,0.671,0,0,0.000,0,0,0,0,0,0,0,0
32,-4,-2,2,0.291,0,0,0.000,0,0,0,0,0,0,0,0
32,2,2,1,0.793,0,0,0.000,0,1,0,2,0,0,3,3
32,-5,1,0,0.394,0,0,0.000,0,0,0,0,0,0,0,0
32,2,-3,2,0.381,0,0,0.000,0,0,0,0,0,0,0,0
32,-4,0,2,1.521,0,0,0.000,0,0,0,0,0,0,0,0
32,-3,4,3,0.641,0,0,0.000,0,0,0,0,0,0,0,0
32,-4,8,1,3.334,607,0,6.242,0,1,0,61,607,0,380,380
32,1,2,2,0.991,0,0,0.000,0,0,0,0,0,0,0,0
32,-6,2,0,0.522,0,0,0.000,0,0,0,0,0,0,0,0
32,-5,-2,0,0.791,0,0,0.000,0,0,0,0,0,0,0,0
32,3,1,1,1.461,0,0,0.000,0,0,0,0,0,0,2,2
32,-6,7,2,1.783,100,0,2.521,0,1,0,795,100,0,258,258
32,2,-4,2,1.641,0,0,0.000,0,0,0,0,0,0,0,0
32,-1,3,3,0.471,0,0,0.000,0,0,0,0,0,0,0,0
32,-1,2,3,1.111,0,0,0.000,0,0,0,0,0,0,0,0
32,-5,8,1,1.661,631,0,6.031,0,1,0,789,631,0,582,582
32,1,4,2,3.562,29,0,2.102,0,2,0,716,29,0,162,162
32,1,0,3,0.161,0,0,0.000,0,0,0,0,0,0,0,0
32,-2,1,3,0.521,0,0,0.000,0,0,0,0,0,0,0,0
32,-5,0,1,0.531,0,0,0.000,0,0,0,0,0,0,0,0
32,2,0,3,1.851,0,0,0.000,0,0,0,0,0,0,0,0
32,2,4,1,2.823,258,0,4.282,0,1,0,663,258,0,441,441
32,-6,3,0,1.511,0,0,0.000,0,0,0,0,0,0,0,0
32,3,0,0,1.511,0,0,0.000,0,0,0,0,0,0,0,0
32,-5,4,2,0.911,0,0,0.000,0,0,0,0,0,0,0,0
32,1,-2,3,0.451,0,0,0.000,0,0,0,0,0,0,0,0
32,-4,-3,0,4.511,0,0,0.000,0,0,0,0,0,0,0,0
32,3,-5,0,0.171,0,0,0.000,0,0,0,0,0,0,0,0
32,0,6,0,1.602,560,0,6.042,1,0,0,0,0,560,375,375
32,2,5,0,1.672,882,0,8.412,1,0,0,0,0,882,390,390
32,-3,7,0,2.402,215,0,6.292,1,0,0,0,0,215,355,355
32,-5,5,3,0.792,0,0,0.000,0,0,0,0,0,0,8,8
32,2,-5,1,3.181,0,0,0.000,0,0,0,0,0,0,0,0
32,4,-3,0,0.661,0,0,0.000,0,0,0,0,0,0,0,0
32,-3,-3,0,30.000,0,0,0.000,0,0,0,0,0,0,0,0
32,-3,-1,3,0.231,0,0,0.000,0,0,0,0,0,0,0,0
32,0,5,3,1.113,52,52,-1.000,0,0,0,0,0,0,116,116
32,0,0,3,0.251,0,0,0.000,0,0,0,0,0,0,0,0
32,3,-1,0,0.281,0,0,0.000,0,0,0,0,0,0,0,0
32,-1,-4,0,0.241,0,0,0.000,0,0,0,0,0,0,0,0
32,3,-2,1,0.632,0,0,0.000,0,0,0,0,0,0,0,0
32,1,5,0,2.142,473,0,7.052,1,0,0,0,0,473,400,400
32,-3,-2,2,0.371,0,0,0.000,0,0,0,0,0,0,0,0
32,-1,0,3,0.211,0,0,0.000,0,0,0,0,0,0,0,0
32,-5,-1,1,1.012,0,0,0.000,0,0,0,0,0,0,0,0
32,0,-1,3,0.191,0,0,0.000,0,0,0,0,0,0,0,0
32,-2,7,0,2.792,418,0,6.942,1,0,0,0,0,418,479,479
32,-6,4,1,1.321,0,0,0.000,0,0,0,0,0,0,1,1
32,-4,4,3,0.383,0,0,0.000,0,0,0,0,0,0,0,0
32,1,1,3,0.291,0,0,0.000,0,0,0,0,0,0,0,0
32,3,-4,0,0.471,0,0,0.000,0,0,0,0,0,0,0,0
32,-4,-1,3,1.341,0,0,0.000,0,0,0,0,0,0,0,0
32,-1,4,3,1.041,0,0,0.000,0,1,0,1,0,0,3,3
32,1,3,3,0.931,0,0,0.000,0,0,0,0,0,0,11,11
32,2,3,0,1.921,2,0,1.971,1,0,0,0,0,2,98,98
32,-2,-2,3,0.331,0,0,0.000,0,0,0,0,0,0,0,0
32,3,-3,0,2.981,0,0,0.000,0,0,0,0,0,0,0,0
32,-4,7,2,0.771,334,0,5.461,0,2,0,768,334,0,299,299
32,-1,-3,2,0.591,0,0,0.000,0,0,0,0,0,0,0,0
32,-5,7,2,30.000,48,0,30.580,0,1,0,589,48,0,303,303
32,-1,6,1,2.562,182,0,3.612,0,1,0,433,182,0,390,390
32,-3,5,3,0.541,0,0,0.000,0,1,0,5,0,0,7,7
32,-7,8,0,1.391,884,0,9.471,1,0,0,0,0,884,584,584
32,-3,6,3,1.891,5,0,2.992,0,1,0,20,5,0,137,137
32,-5,6,3,1.252,0,0,0.000,0,1,0,100,0,0,139,139
32,-4,2,3,0.321,0,0,0.000,0,0,0,0,0,0,0,0
32,-3,1,3,0.371,0,0,0.000,0,0,0,0,0,0,0,0
32,-6,5,0,1.491,0,0,0.000,0,1,0,7,0,0,32,32
32,1,-1,3,0.371,0,0,0.000,0,0,0,0,0,0,0,0
32,-4,1,3,1.391,0,0,0.000,0,0,0,0,0,0,0,0
32,-5,2,2,0.171,0,0,0.000,0,0,0,0,0,0,0,0
32,-2,-3,0,0.871,0,0,0.000,0,0,0,0,0,0,0,0
32,1,-5,0,0.111,0,0,0.000,0,0,0,0,0,0,0,0
32,-7,7,0,2.691,224,0,4.891,1,0,0,0,0,224,417,417
32,2,1,2,0.531,0,0,0.000,0,0,0,0,0,0,0,0
33,1,-4,2,1.071,0,0,0.000,0,0,0,0,0,0,0,0
33,-3,0,3,1.451,0,0,0.000,0,0,0,0,0,0,0,0
33,-2,2,3,0.381,0,0,0.000,0,0,0,0,0,0,0,0
33,-1,-1,3,0.121,0,0,0.000,0,0,0,0,0,0,0,0
33,0,1,3,0.751,0,0,0.000,0,0,0,0,0,0,0,0
33,-5,3,2,0.451,0,0,0.000,0,0,0,0,0,0,0,0
33,-1,1,3,0.801,0,0,0.000,0,0,0,0,0,0,0,0
33,-2,-1,3,0.181,0,0,0.000,0,0,0,0,0,0,0,0
33,0,4,3,1.431,0,0,0.000,0,1,0,32,0,0,1,1
33,3,-6,0,0.701,0,0,0.000,0,0,0,0,0,0,0,0
33,-2,4,3,1.341,0,0,0.000,0,0,0,0,0,0,0,0
33,-2,0,3,0.211,0,0,0.000,0,0,0,0,0,0,0,0
33,0,2,3,0.381,0,0,0.000,0,0,0,0,0,0,0,0
33,-4,3,3,0.341,0,0,0.000,0,0,0,0,0,0,0,0
33,-5,9,0,1.001,1428,0,9.531,1,0,0,0,0,1428,285,285
33,-7,6,1,1.602,39,0,3.221,0,1,0,195,39,0,208,208
33,-3,2,3,0.591,0,0,0.000,0,0,0,0,0,0,0,0
33,2,-1,2,0.291,0,0,0.000,0,0,0,0,0,0,0,0
33,0,-4,1,0.381,0,0,0.000,0,0,0,0,0,0,0,0
33,-2,5,3,1.861,0,0,0.000,0,0,0,0,0,0,40,40
33,-4,6,3,1.191,0,0,0.000,0,3,0,649,0,0,52,52
33,-1,5,2,1.251,0,0,0.000,0,1,0,198,0,0,54,54
33,0,-3,2,1.691,0,0,0.000,0,0,0,0,0,0,0,0
33,-6,8,0,2.793,637,0,8.923,1,0,0,0,0,637,499,499
33,-1,-2,3,0.221,0,0,0.000,0,0,0,0,0,0,0,0
33,-2,3,3,0.181,0,0,0.000,0,0,0,0,0,0,0,0
33,-4,5,3,0.691,0,0,0.000,0,1,0,1,0,0,0,0
33,1,-3,3,1.931,0,0,0.000,0,0,0,0,0,0,0,0
33,0,-2,3,0.721,0,0,0.000,0,0,0,0,0,0,0,0
33,0,3,3,0.781,0,0,0.000,0,0,0,0,0,0,0,0
33,-6,6,2,2.642,5,0,2.821,0,1,0,39,5,0,44,44
33,-2,6,2,3.721,20,0,5.541,0,1,0,438,20,0,256,256
33,-3,3,3,1.461,0,0,0.000,0,0,0,0,0,0,0,0
33,2,-2,2,0.871,0,0,0.000,0,0,0,0,0,0,0,0
33,-4,-2,2,0.271,0,0,0.000,0,0,0,0,0,0,0,0
33,2,2,1,0.793,0,0,0.000,0,1,0,4,0,0,2,2
33,-5,1,0,0.561,0,0,0.000,0,0,0,0,0,0,0,0
33,2,-3,2,0.941,0,0,0.000,0,0,0,0,0,0,0,0
33,-4,0,2,1.751,0,0,0.000,0,0,0,0,0,0,0,0
33,-3,4,3,3.393,0,0,0.000,0,0,0,0,0,0,0,0
33,-4,8,1,30.000,608,0,5.792,0,1,0,47,608,0,411,411
33,1,2,2,3.331,0,0,0.000,0,0,0,0,0,0,0,0
33,-6,2,0,1.813,0,0,0.000,0,0,0,0,0,0,0,0
33,-5,-2,0,0.811,0,0,0.000,0,0,0,0,0,0,0,0
33,3,1,1,2.271,0,0,0.000,0,0,0,0,0,0,0,0
33,-6,7,2,2.663,116,0,3.091,0,1,0,779,116,0,228,228
33,2,-4,2,0.421,0,0,0.000,0,0,0,0,0,0,0,0
33,-1,3,3,0.643,0,0,0.000,0,0,0,0,0,0,0,0
33,-1,2,3,1.591,0,0,0.000,0,0,0,0,0,0,0,0
33,-5,8,1,2.292,627,0,5.351,0,1,0,837,627,0,573,573
33,1,4,2,1.523,32,0,1.922,0,2,0,751,32,0,156,156
33,1,0,3,0.191,0,0,0.000,0,0,0,0,0,0,0,0
33,-2,1,3,0.621,0,0,0.000,0,0,0,0,0,0,0,0
33,-5,0,1,0.531,0,0,0.000,0,0,0,0,0,0,0,0
33,2,0,3,0.611,0,0,0.000,0,0,0,0,0,0,0,0
33,2,4,1,1.464,278,0,4.312,0,1,0,670,278,0,420,420
33,-6,3,0,0.651,0,0,0.000,0,0,0,0,0,0,0,0
33,3,0,0,1.321,0,0,0.000,0,0,0,0,0,0,0,0
33,-5,4,2,0.681,0,0,0.000,0,0,0,0,0,0,0,0
33,1,-2,3,1.601,0,0,0.000,0,0,0,0,0,0,0,0
33,-4,-3,0,0.911,0,0,0.000,0,0,0,0,0,0,0,0
33,3,-5,0,0.341,0,0,0.000,0,0,0,0,0,0,0,0
33,0,6,0,1.372,568,0,5.742,1,0,0,0,0,568,378,378
33,2,5,0,1.462,900,0,8.272,1,0,0,0,0,900,390,390
33,-3,7,0,1.742,226,0,5.842,1,0,0,0,0,226,328,328
33,-5,5,3,0.971,0,0,0.000,0,0,0,0,0,0,3,3
33,2,-5,1,0.161,0,0,0.000,0,0,0,0,0,0,0,0
33,4,-3,0,0.431,0,0,0.000,0,0,0,0,0,0,0,0
33,-3,-3,0,0.112,0,0,0.000,0,0,0,0,0,0,0,0
33,-3,-1,3,0.351,0,0,0.000,0,0,0,0,0,0,0,0
33,0,5,3,0.793,47,47,-1.000,0,0,0,0,0,0,116,116
33,0,0,3,2.461,0,0,0.000,0,0,0,0,0,0,0,0
33,3,-1,0,0.431,0,0,0.000,0,0,0,0,0,0,0,0
33,-1,-4,0,0.301,0,0,0.000,0,0,0,0,0,0,0,0
33,3,-2,1,0.411,0,0,0.000,0,0,0,0,0,0,0,0
33,1,5,0,5.202,484,0,10.222,1,0,0,0,0,484,426,426
33,-3,-2,2,0.751,0,0,0.000,0,0,0,0,0,0,0,0
33,-1,0,3,0.431,0,0,0.000,0,0,0,0,0,0,0,0
33,-5,-1,1,0.983,0,0,0.000,0,0,0,0,0,0,0,0
33,0,-1,3,0.521,0,0,0.000,0,0,0,0,0,0,0,0
33,-2,7,0,5.261,448,0,9.751,1,0,0,0,0,448,465,465
33,-6,4,1,0.811,0,0,0.000,0,0,0,0,0,0,0,0
33,-4,4,3,0.371,0,0,0.000,0,0,0,0,0,0,0,0
33,1,1,3,0.191,0,0,0.000,0,0,0,0,0,0,0,0
33,3,-4,0,0.251,0,0,0.000,0,0,0,0,0,0,0,0
33,-4,-1,3,0.481,0,0,0.000,0,0,0,0,0,0,0,0
33,-1,4,3,0.851,0,0,0.000,0,0,0,0,0,0,6,6
33,1,3,3,1.251,0,0,0.000,0,0,0,0,0,0,10,10
33,2,3,0,1.923,4,0,1.984,1,0,0,0,0,4,101,101
33,-2,-2,3,0.521,0,0,0.000,0,0,0,0,0,0,0,0
33,3,-3,0,0.991,0,0,0.000,0,0,0,0,0,0,0,0
33,-4,7,2,1.071,301,0,4.191,0,2,0,814,301,0,316,316
33,-1,-3,2,0.191,0,0,0.000,0,0,0,0,0,0,0,0
33,-5,7,2,5.102,47,0,3.343,0,1,0,598,47,0,304,304
33,-1,6,1,3.162,198,0,3.542,0,1,0,426,198,0,365,365
33,-3,5,3,0.541,0,0,0.000,0,1,0,8,0,0,4,4
33,-7,8,0,1.811,875,0,9.731,1,0,0,0,0,875,609,609
33,-3,6,3,3.092,8,0,5.501,0,1,0,20,8,0,139,139
33,-5,6,3,1.252,1,0,1.961,0,1,0,115,1,0,122,122
33,-4,2,3,0.211,0,0,0.000,0,0,0,0,0,0,0,0
33,-3,1,3,0.461,0,0,0.000,0,0,0,0,0,0,0,0
33,-6,5,0,0.541,0,0,0.000,0,1,0,5,0,0,31,31
33,1,-1,3,0.181,0,0,0.000,0,0,0,0,0,0,0,0
33,-4,1,3,2.591,0,0,0.000,0,0,0,0,0,0,0,0
33,-5,2,2,0.531,0,0,0.000,0,0,0,0,0,0,0,0
33,-2,-3,0,0.171,0,0,0.000,0,0,0,0,0,0,0,0
33,1,-5,0,0.111,0,0,0.000,0,0,0,0,0,0,0,0
33,-7,7,0,2.691,214,0,4.721,1,0,0,0,0,214,412,412
33,2,1,2,0.891,0,0,0.000,0,0,0,0,0,0,0,0
34,1,-4,2,0.351,0,0,0.000,0,0,0,0,0,0,0,0
34,-3,0,3,30.000,0,0,0.000,0,0,0,0,0,0,0,0
34,-2,2,3,0.221,0,0,0.000,0,0,0,0,0,0,0,0
34,-1,-1,3,0.661,0,0,0.000,0,0,0,0,0,0,0,0
34,0,1,3,0.531,0,0,0.000,0,0,0,0,0,0,0,0
34,-5,3,2,0.911,0,0,0.000,0,0,0,0,0,0,0,0
34,-1,1,3,0.381,0,0,0.000,0,0,0,0,0,0,0,0
34,-2,-1,3,0.451,0,0,0.000,0,0,0,0,0,0,0,0
34,0,4,3,1.191,0,0,0.000,0,1,0,25,0,0,1,1
34,3,-6,0,0.461,0,0,0.000,0,0,0,0,0,0,0,0
34,-2,4,3,2.031,0,0,0.000,0,0,0,0,0,0,0,0
34,-2,0,3,0.431,0,0,0.000,0,0,0,0,0,0,0,0
34,0,2,3,0.381,0,0,0.000,0,0,0,0,0,0,0,0
34,-4,3,3,0.531,0,0,0.000,0,0,0,0,0,0,0,0
34,-5,9,0,1.001,1415,0,9.161,1,0,0,0,0,1415,306,306
34,-7,6,1,1.533,31,0,2.971,0,1,0,216,31,0,214,214
34,-3,2,3,0.161,0,0,0.000,0,0,0,0,0,0,0,0
34,2,-1,2,0.891,0,0,0.000,0,0,0,0,0,0,0,0
34,0,-4,1,0.451,0,0,0.000,0,0,0,0,0,0,0,0
34,-2,5,3,1.541,1,1,-1.000,0,0,0,0,0,0,30,30
34,-4,6,3,2.151,0,0,0.000,0,3,0,693,0,0,67,67
34,-1,5,2,1.041,0,0,0.000,0,1,0,209,0,0,56,56
34,0,-3,2,1.691,0,0,0.000,0,0,0,0,0,0,0,0
34,-6,8,0,1.993,614,0,7.813,1,0,0,0,0,614,485,485
34,-1,-2,3,0.221,0,0,0.000,0,0,0,0,0,0,0,0
34,-2,3,3,0.371,0,0,0.000,0,0,0,0,0,0,0,0
34,-4,5,3,0.651,0,0,0.000,0,1,0,2,0,0,0,0
34,1,-3,3,0.411,0,0,0.000,0,0,0,0,0,0,0,0
34,0,-2,3,0.381,0,0,0.000,0,0,0,0,0,0,0,0
34,0,3,3,1.311,0,0,0.000,0,0,0,0,0,0,0,0
34,-6,6,2,1.452,3,0,2.631,0,1,0,30,3,0,31,31
34,-2,6,2,2.063,24,0,2.622,0,1,0,407,24,0,217,217
34,-3,3,3,0.261,0,0,0.000,0,0,0,0,0,0,0,0
34,2,-2,2,0.871,0,0,0.000,0,0,0,0,0,0,0,0
34,-4,-2,2,0.291,0,0,0.000,0,0,0,0,0,0,0,0
34,2,2,1,5.274,0,0,0.000,0,0,0,0,0,0,2,2
34,-5,1,0,0.193,0,0,0.000,0,0,0,0,0,0,0,0
34,2,-3,2,0.241,0,0,0.000,0,0,0,0,0,0,0,0
34,-4,0,2,0.601,0,0,0.000,0,0,0,0,0,0,0,0
34,-3,4,3,0.751,0,0,0.000,0,0,0,0,0,0,0,0
34,-4,8,1,6.691,639,0,6.132,0,1,0,57,639,0,357,357
34,1,2,2,1.361,0,0,0.000,0,0,0,0,0,0,0,0
34,-6,2,0,1.311,0,0,0.000,0,0,0,0,0,0,0,0
34,-5,-2,0,1.271,0,0,0.000,0,0,0,0,0,0,0,0
34,3,1,1,2.181,0,0,0.000,0,0,0,0,0,0,2,2
34,-6,7,2,1.712,90,0,2.561,0,1,0,811,90,0,263,263
34,2,-4,2,1.101,0,0,0.000,0,0,0,0,0,0,0,0
34,-1,3,3,0.471,0,0,0.000,0,0,0,0,0,0,0,0
34,-1,2,3,3.511,0,0,0.000,0,0,0,0,0,0,0,0
34,-5,8,1,1.151,652,0,5.321,0,1,0,800,652,0,557,557
34,1,4,2,1.693,25,0,3.692,0,2,0,709,25,0,159,159
34,1,0,3,0.291,0,0,0.000,0,0,0,0,0,0,0,0
34,-2,1,3,1.541,0,0,0.000,0,0,0,0,0,0,0,0
34,-5,0,1,0.551,0,0,0.000,0,0,0,0,0,0,0,0
34,2,0,3,0.611,0,0,0.000,0,0,0,0,0,0,0,0
34,2,4,1,2.143,269,0,7.083,0,1,1,690,235,34,434,434
34,-6,3,0,0.651,0,0,0.000,0,0,0,0,0,0,0,0
34,3,0,0,1.521,0,0,0.000,0,0,0,0,0,0,5,5
34,-5,4,2,0.681,0,0,0.000,0,0,0,0,0,0,0,0
34,1,-2,3,0.681,0,0,0.000,0,0,0,0,0,0,0,0
34,-4,-3,0,1.191,0,0,0.000,0,0,0,0,0,0,0,0
34,3,-5,0,0.171,0,0,0.000,0,0,0,0,0,0,0,0
34,0,6,0,1.372,549,0,5.512,1,0,0,0,0,549,353,353
34,2,5,0,30.000,925,0,11.223,1,0,0,34,0,925,348,348
34,-3,7,0,2.182,211,0,6.182,1,0,0,0,0,211,347,347
34,-5,5,3,0.793,0,0,0.000,0,0,0,0,0,0,10,10
34,2,-5,1,3.181,0,0,0.000,0,0,0,0,0,0,0,0
34,4,-3,0,1.121,0,0,0.000,0,0,0,0,0,0,0,0
34,-3,-3,0,0.232,0,0,0.000,0,0,0,0,0,0,0,0
34,-3,-1,3,0.201,0,0,0.000,0,0,0,0,0,0,0,0
34,0,5,3,3.192,48,48,-1.000,0,0,0,0,0,0,124,124
34,0,0,3,0.251,0,0,0.000,0,0,0,0,0,0,0,0
34,3,-1,0,1.481,0,0,0.000,0,0,0,0,0,0,0,0
34,-1,-4,0,0.301,0,0,0.000,0,0,0,0,0,0,0,0
34,3,-2,1,0.841,0,0,0.000,0,0,0,0,0,0,0,0
34,1,5,0,3.322,460,0,7.902,1,0,0,0,0,460,396,396
34,-3,-2,2,2.081,0,0,0.000,0,0,0,0,0,0,0,0
34,-1,0,3,0.251,0,0,0.000,0,0,0,0,0,0,0,0
34,-5,-1,1,2.501,0,0,0.000,0,0,0,0,0,0,0,0
34,0,-1,3,0.331,0,0,0.000,0,0,0,0,0,0,0,0
34,-2,7,0,2.292,420,0,6.472,1,0,0,0,0,420,477,477
34,-6,4,1,1.781,0,0,0.000,0,0,0,0,0,0,1,1
34,-4,4,3,0.751,0,0,0.000,0,0,0,0,0,0,0,0
34,1,1,3,1.391,0,0,0.000,0,0,0,0,0,0,0,0
34,3,-4,0,0.471,0,0,0.000,0,0,0,0,0,0,0,0
34,-4,-1,3,0.481,0,0,0.000,0,0,0,0,0,0,0,0
34,-1,4,3,0.942,0,0,0.000,0,0,0,0,0,0,9,9
34,1,3,3,0.771,0,0,0.000,0,0,0,0,0,0,11,11
34,2,3,0,1.533,0,0,0.000,0,0,0,0,0,0,133,133
34,-2,-2,3,1.851,0,0,0.000,0,0,0,0,0,0,0,0
34,3,-3,0,1.151,0,0,0.000,0,0,0,0,0,0,0,0
34,-4,7,2,0.891,317,0,4.351,0,2,0,801,317,0,317,317
34,-1,-3,2,0.591,0,0,0.000,0,0,0,0,0,0,0,0
34,-5,7,2,3.753,59,0,2.663,0,1,0,567,59,0,296,296
34,-1,6,1,2.362,209,0,3.652,0,1,0,403,209,0,388,388
34,-3,5,3,0.961,0,0,0.000,0,1,0,2,0,0,4,4
34,-7,8,0,1.531,894,0,9.771,1,0,0,0,0,894,566,566
34,-3,6,3,1.521,2,0,2.462,0,1,0,24,2,0,137,137
34,-5,6,3,1.761,2,0,1.691,0,1,0,90,2,0,132,132
34,-4,2,3,0.321,0,0,0.000,0,0,0,0,0,0,0,0
34,-3,1,3,0.181,0,0,0.000,0,0,0,0,0,0,0,0
34,-6,5,0,0.541,0,0,0.000,0,1,0,3,0,0,39,39
34,1,-1,3,0.371,0,0,0.000,0,0,0,0,0,0,0,0
34,-4,1,3,0.391,0,0,0.000,0,0,0,0,0,0,0,0
34,-5,2,2,0.171,0,0,0.000,0,0,0,0,0,0,0,0
34,-2,-3,0,0.171,0,0,0.000,0,0,0,0,0,0,0,0
34,1,-5,0,0.231,0,0,0.000,0,0,0,0,0,0,0,0
34,-7,7,0,2.511,226,0,4.751,1,0,0,0,0,226,425,425
34,2,1,2,1.461,0,0,0.000,0,0,0,0,0,0,0,0
35,1,-4,2,1.811,0,0,0.000,0,0,0,0,0,0,0,0
35,-3,0,3,30.000,0,0,0.000,0,0,0,0,0,0,0,0
35,-2,2,3,0.221,0,0,0.000,0,0,0,0,0,0,0,0
35,-1,-1,3,0.121,0,0,0.000,0,0,0,0,0,0,0,0
35,0,1,3,0.221,0,0,0.000,0,0,0,0,0,0,0,0
35,-5,3,2,0.451,0,0,0.000,0,0,0,0,0,0,0,0
35,-1,1,3,0.411,0,0,0.000,0,0,0,0,0,0,0,0
35,-2,-1,3,0.181,0,0,0.000,0,0,0,0,0,0,0,0
35,0,4,3,1.191,0,0,0.000,0,1,0,30,0,0,2,2
35,3,-6,0,1.181,0,0,0.000,0,0,0,0,0,0,0,0
35,-2,4,3,0.673,0,0,0.000,0,0,0,0,0,0,0,0
35,-2,0,3,0.211,0,0,0.000,0,0,0,0,0,0,0,0
35,0,2,3,0.581,0,0,0.000,0,0,0,0,0,0,0,0
35,-4,3,3,2.431,0,0,0.000,0,0,0,0,0,0,0,0
35,-5,9,0,2.801,1376,0,10.481,1,0,0,0,0,1376,311,311
35,-7,6,1,3.071,33,0,2.811,0,1,0,208,33,0,227,227
35,-3,2,3,3.141,0,0,0.000,0,0,0,0,0,0,0,0
35,2,-1,2,0.291,0,0,0.000,0,0,0,0,0,0,0,0
35,0,-4,1,1.011,0,0,0.000,0,0,0,0,0,0,0,0
35,-2,5,3,2.181,0,0,0.000,0,0,0,0,0,0,39,39
35,-4,6,3,2.241,0,0,0.000,0,4,0,966,0,0,66,66
35,-1,5,2,12.171,0,0,0.000,0,1,0,202,0,0,51,51
35,0,-3,2,0.781,0,0,0.000,0,0,0,0,0,0,0,0
35,-6,8,0,4.793,644,0,11.083,1,0,0,0,0,644,480,480
35,-1,-2,3,1.131,0,0,0.000,0,0,0,0,0,0,0,0
35,-2,3,3,1.321,0,0,0.000,0,0,0,0,0,0,0,0
35,-4,5,3,2.691,0,0,0.000,0,0,0,0,0,0,0,0
35,1,-3,3,0.411,0,0,0.000,0,0,0,0,0,0,0,0
35,0,-2,3,0.141,0,0,0.000,0,0,0,0,0,0,0,0
35,0,3,3,0.831,0,0,0.000,0,0,0,0,0,0,0,0
35,-6,6,2,1.282,3,0,2.451,0,1,0,33,3,0,32,32
35,-2,6,2,4.282,26,0,3.501,0,1,0,390,26,0,224,224
35,-3,3,3,0.911,0,0,0.000,0,0,0,0,0,0,0,0
35,2,-2,2,0.191,0,0,0.000,0,0,0,0,0,0,0,0
35,-4,-2,2,1.621,0,0,0.000,0,0,0,0,0,0,0,0
35,2,2,1,1.113,0,0,0.000,0,1,0,4,0,0,0,0
35,-5,1,0,3.161,0,0,0.000,0,0,0,0,0,0,0,0
35,2,-3,2,0.271,0,0,0.000,0,0,0,0,0,0,0,0
35,-4,0,2,1.141,0,0,0.000,0,0,0,0,0,0,0,0
35,-3,4,3,1.464,0,0,0.000,0,0,0,0,0,0,0,0
35,-4,8,1,4.294,606,0,6.232,0,1,0,59,606,0,383,383
35,1,2,2,1.511,0,0,0.000,0,0,0,0,0,0,0,0
35,-6,2,0,1.311,0,0,0.000,0,0,0,0,0,0,0,0
35,-5,-2,0,1.751,0,0,0.000,0,0,0,0,0,0,0,0
35,3,1,1,2.601,0,0,0.000,0,0,0,0,0,0,0,0
35,-6,7,2,3.121,103,0,2.971,0,1,0,763,103,0,220,220
35,2,-4,2,0.421,0,0,0.000,0,0,0,0,0,0,0,0
35,-1,3,3,0.431,0,0,0.000,0,0,0,0,0,0,0,0
35,-1,2,3,1.111,0,0,0.000,0,0,0,0,0,0,0,0
35,-5,8,1,1.151,658,0,7.251,1,1,0,837,0,658,557,557
35,1,4,2,1.863,30,0,1.902,0,2,0,717,30,0,158,158
35,1,0,3,1.261,0,0,0.000,0,0,0,0,0,0,0,0
35,-2,1,3,1.971,0,0,0.000,0,0,0,0,0,0,0,0
35,-5,0,1,0.811,0,0,0.000,0,0,0,0,0,0,0,0
35,2,0,3,0.921,0,0,0.000,0,0,0,0,0,0,0,0
35,2,4,1,1.892,262,0,4.182,0,1,0,669,262,0,416,416
35,-6,3,0,1.161,0,0,0.000,0,0,0,0,0,0,0,0
35,3,0,0,1.131,0,0,0.000,0,0,0,0,0,0,1,1
35,-5,4,2,1.371,0,0,0.000,0,0,0,0,0,0,0,0
35,1,-2,3,0.451,0,0,0.000,0,0,0,0,0,0,0,0
35,-4,-3,0,1.941,0,0,0.000,0,0,0,0,0,0,0,0
35,3,-5,0,0.251,0,0,0.000,0,0,0,0,0,0,0,0
35,0,6,0,1.861,575,0,6.291,1,0,0,0,0,575,347,347
35,2,5,0,1.462,897,0,8.262,1,0,0,0,0,897,413,413
35,-3,7,0,2.182,211,0,6.282,1,0,0,0,0,211,341,341
35,-5,5,3,1.571,0,0,0.000,0,0,0,0,0,0,9,9
35,2,-5,1,0.161,0,0,0.000,0,0,0,0,0,0,0,0
35,4,-3,0,0.431,0,0,0.000,0,0,0,0,0,0,0,0
35,-3,-3,0,0.211,0,0,0.000,0,0,0,0,0,0,0,0
35,-3,-1,3,0.111,0,0,0.000,0,0,0,0,0,0,0,0
35,0,5,3,0.953,51,51,-1.000,0,0,0,0,0,0,98,98
35,0,0,3,2.201,0,0,0.000,0,0,0,0,0,0,0,0
35,3,-1,0,0.581,0,0,0.000,0,0,0,0,0,0,0,0
35,-1,-4,0,0.561,0,0,0.000,0,0,0,0,0,0,0,0
35,3,-2,1,1.041,0,0,0.000,0,0,0,0,0,0,0,0
35,1,5,0,30.000,462,0,34.800,1,0,0,0,0,462,422,422
35,-3,-2,2,1.321,0,0,0.000,0,0,0,0,0,0,0,0
35,-1,0,3,0.821,0,0,0.000,0,0,0,0,0,0,0,0
35,-5,-1,1,1.003,0,0,0.000,0,0,0,0,0,0,0,0
35,0,-1,3,2.521,0,0,0.000,0,0,0,0,0,0,0,0
35,-2,7,0,3.161,408,0,7.171,1,0,0,0,0,408,490,490
35,-6,4,1,0.873,0,0,0.000,0,0,0,0,0,0,0,0
35,-4,4,3,0.371,0,0,0.000,0,0,0,0,0,0,0,0
35,1,1,3,1.151,0,0,0.000,0,0,0,0,0,0,0,0
35,3,-4,0,0.501,0,0,0.000,0,0,0,0,0,0,0,0
35,-4,-1,3,0.481,0,0,0.000,0,0,0,0,0,0,0,0
35,-1,4,3,0.752,0,0,0.000,0,0,0,0,0,0,5,5
35,1,3,3,1.411,0,0,0.000,0,0,0,0,0,0,10,10
35,2,3,0,2.942,4,0,3.012,1,0,0,0,0,4,130,130
35,-2,-2,3,3.701,0,0,0.000,0,0,0,0,0,0,0,0
35,3,-3,0,0.701,0,0,0.000,0,0,0,0,0,0,0,0
35,-4,7,2,0.771,307,0,5.392,0,3,1,1266,222,85,346,346
35,-1,-3,2,0.391,0,0,0.000,0,0,0,0,0,0,0,0
35,-5,7,2,6.182,45,0,5.323,0,1,0,614,45,0,292,292
35,-1,6,1,6.762,202,0,4.081,0,1,0,432,202,0,416,416
35,-3,5,3,0.552,0,0,0.000,0,1,0,2,0,0,2,2
35,-7,8,0,1.811,853,0,9.571,1,0,0,0,0,853,606,606
35,-3,6,3,3.421,2,0,3.331,0,1,0,26,2,0,153,153
35,-5,6,3,1.462,0,0,0.000,0,1,0,103,0,0,118,118
35,-4,2,3,1.971,0,0,0.000,0,0,0,0,0,0,0,0
35,-3,1,3,0.181,0,0,0.000,0,0,0,0,0,0,0,0
35,-6,5,0,0.651,0,0,0.000,0,1,0,3,0,0,28,28
35,1,-1,3,0.371,0,0,0.000,0,0,0,0,0,0,0,0
35,-4,1,3,0.391,0,0,0.000,0,0,0,0,0,0,0,0
35,-5,2,2,0.231,0,0,0.000,0,0,0,0,0,0,0,0
35,-2,-3,0,0.311,0,0,0.000,0,0,0,0,0,0,0,0
35,1,-5,0,0.351,0,0,0.000,0,0,0,0,0,0,0,0
35,-7,7,0,2.331,221,0,4.491,1,0,0,0,0,221,411,411
35,2,1,2,1.251,0,0,0.000,0,0,0,0,0,0,0,0
36,1,-4,2,1.811,0,0,0.000,0,0,0,0,0,0,0,0
36,-3,0,3,2.171,0,0,0.000,0,0,0,0,0,0,0,0
36,-2,2,3,0.221,0,0,0.000,0,0,0,0,0,0,0,0
36,-1,-1,3,0.221,0,0,0.000,0,0,0,0,0,0,0,0
36,0,1,3,0.151,0,0,0.000,0,0,0,0,0,0,0,0
36,-5,3,2,1.141,0,0,0.000,0,0,0,0,0,0,0,0
36,-1,1,3,0.591,0,0,0.000,0,0,0,0,0,0,0,0
36,-2,-1,3,0.521,0,0,0.000,0,0,0,0,0,0,0,0
36,0,4,3,1.191,0,0,0.000,0,1,0,35,0,0,3,3
36,3,-6,0,0.701,0,0,0.000,0,0,0,0,0,0,0,0
36,-2,4,3,1.801,0,0,0.000,0,0,0,0,0,0,0,0
36,-2,0,3,0.211,0,0,0.000,0,0,0,0,0,0,0,0
36,0,2,3,0.581,0,0,0.000,0,0,0,0,0,0,0,0
36,-4,3,3,0.911,0,0,0.000,0,0,0,0,0,0,0,0
36,-5,9,0,1.601,1422,0,10.021,1,0,0,0,0,1422,301,301
36,-7,6,1,1.531,34,0,3.201,0,1,0,218,34,0,209,209
36,-3,2,3,0.931,0,0,0.000,0,0,0,0,0,0,0,0
36,2,-1,2,0.681,0,0,0.000,0,0,0,0,0,0,0,0
36,0,-4,1,1.291,0,0,0.000,0,0,0,0,0,0,0,0
36,-2,5,3,1.061,1,1,-1.000,0,0,0,0,0,0,46,46
36,-4,6,3,1.431,0,0,0.000,0,3,0,658,0,0,66,66
36,-1,5,2,1.041,3,0,1.662,0,1,0,196,3,0,36,36
36,0,-3,2,0.161,0,0,0.000,0,0,0,0,0,0,0,0
36,-6,8,0,1.993,618,0,7.933,1,0,0,0,0,618,491,491
36,-1,-2,3,0.901,0,0,0.000,0,0,0,0,0,0,0,0
36,-2,3,3,0.561,0,0,0.000,0,0,0,0,0,0,0,0
36,-4,5,3,1.091,0,0,0.000,0,0,0,0,0,0,0,0
36,1,-3,3,0.411,0,0,0.000,0,0,0,0,0,0,0,0
36,0,-2,3,0.171,0,0,0.000,0,0,0,0,0,0,0,0
36,0,3,3,1.521,0,0,0.000,0,0,0,0,0,0,0,0
36,-6,6,2,1.622,6,0,2.861,0,1,0,33,6,0,32,32
36,-2,6,2,2.154,28,0,3.741,0,1,0,401,28,0,219,219
36,-3,3,3,0.911,0,0,0.000,0,0,0,0,0,0,0,0
36,2,-2,2,8.071,0,0,0.000,0,0,0,0,0,0,0,0
36,-4,-2,2,0.271,0,0,0.000,0,0,0,0,0,0,0,0
36,2,2,1,0.891,0,0,0.000,0,1,0,3,0,0,1,1
36,-5,1,0,0.381,0,0,0.000,0,0,0,0,0,0,0,0
36,2,-3,2,0.381,0,0,0.000,0,0,0,0,0,0,0,0
36,-4,0,2,0.371,0,0,0.000,0,0,0,0,0,0,0,0
36,-3,4,3,2.731,0,0,0.000,0,0,0,0,0,0,0,0
36,-4,8,1,3.094,618,0,6.192,0,1,0,49,618,0,410,410
36,1,2,2,3.331,0,0,0.000,0,0,0,0,0,0,0,0
36,-6,2,0,1.751,0,0,0.000,0,0,0,0,0,0,0,0
36,-5,-2,0,1.671,0,0,0.000,0,0,0,0,0,0,0,0
36,3,1,1,1.252,0,0,0.000,0,0,0,0,0,0,2,2
36,-6,7,2,1.321,88,0,3.263,0,1,0,811,88,0,276,276
36,2,-4,2,0.981,0,0,0.000,0,0,0,0,0,0,0,0
36,-1,3,3,0.631,0,0,0.000,0,0,0,0,0,0,0,0
36,-1,2,3,0.151,0,0,0.000,0,0,0,0,0,0,0,0
36,-5,8,1,1.871,621,0,5.781,0,1,0,826,621,0,566,566
36,1,4,2,1.353,35,0,1.962,0,2,0,722,35,0,148,148
36,1,0,3,0.291,0,0,0.000,0,0,0,0,0,0,0,0
36,-2,1,3,2.741,0,0,0.000,0,0,0,0,0,0,0,0
36,-5,0,1,0.632,0,0,0.000,0,0,0,0,0,0,0,0
36,2,0,3,2.161,0,0,0.000,0,0,0,0,0,0,0,0
36,2,4,1,2.484,257,0,4.072,0,1,0,675,257,0,427,427
36,-6,3,0,1.411,0,0,0.000,0,0,0,0,0,0,0,0
36,3,0,0,1.131,0,0,0.000,0,0,0,0,0,0,1,1
36,-5,4,2,0.933,0,0,0.000,0,0,0,0,0,0,0,0
36,1,-2,3,0.451,0,0,0.000,0,0,0,0,0,0,0,0
36,-4,-3,0,1.871,0,0,0.000,0,0,0,0,0,0,0,0
36,3,-5,0,0.171,0,0,0.000,0,0,0,0,0,0,0,0
36,0,6,0,1.372,581,0,5.892,1,0,0,0,0,581,363,363
36,2,5,0,1.462,890,0,8.322,1,0,0,0,0,890,385,385
36,-3,7,0,2.182,190,0,6.242,1,0,0,0,0,190,345,345
36,-5,5,3,0.971,0,0,0.000,0,0,0,0,0,0,8,8
36,2,-5,1,0.291,0,0,0.000,0,0,0,0,0,0,0,0
36,4,-3,0,0.661,0,0,0.000,0,0,0,0,0,0,0,0
36,-3,-3,0,0.211,0,0,0.000,0,0,0,0,0,0,0,0
36,-3,-1,3,0.111,0,0,0.000,0,0,0,0,0,0,0,0
36,0,5,3,1.113,43,43,-1.000,0,0,0,0,0,0,108,108
36,0,0,3,0.381,0,0,0.000,0,0,0,0,0,0,0,0
36,3,-1,0,0.281,0,0,0.000,0,0,0,0,0,0,0,0
36,-1,-4,0,0.461,0,0,0.000,0,0,0,0,0,0,0,0
36,3,-2,1,0.621,0,0,0.000,0,0,0,0,0,0,0,0
36,1,5,0,2.552,478,0,7.512,1,0,0,0,0,478,411,411
36,-3,-2,2,0.371,0,0,0.000,0,0,0,0,0,0,0,0
36,-1,0,3,0.381,0,0,0.000,0,0,0,0,0,0,0,0
36,-5,-1,1,1.321,0,0,0.000,0,0,0,0,0,0,0,0
36,0,-1,3,30.000,0,0,0.000,0,0,0,0,0,0,0,0
36,-2,7,0,3.372,418,0,7.492,1,0,0,0,0,418,511,511
36,-6,4,1,0.812,0,0,0.000,0,0,0,0,0,0,1,1
36,-4,4,3,1.891,0,0,0.000,0,0,0,0,0,0,0,0
36,1,1,3,0.191,0,0,0.000,0,0,0,0,0,0,0,0
36,3,-4,0,0.251,0,0,0.000,0,0,0,0,0,0,0,0
36,-4,-1,3,0.481,0,0,0.000,0,0,0,0,0,0,0,0
36,-1,4,3,1.041,0,0,0.000,0,1,0,3,0,0,4,4
36,1,3,3,1.091,0,0,0.000,0,0,0,0,0,0,8,8
36,2,3,0,2.633,3,0,2.683,1,0,0,0,0,3,109,109
36,-2,-2,3,0.371,0,0,0.000,0,0,0,0,0,0,0,0
36,3,-3,0,0.341,0,0,0.000,0,0,0,0,0,0,0,0
36,-4,7,2,0.771,304,0,4.821,0,2,0,793,304,0,327,327
36,-1,-3,2,1.191,0,0,0.000,0,0,0,0,0,0,0,0
36,-5,7,2,3.213,50,0,2.573,0,1,0,579,50,0,270,270
36,-1,6,1,2.162,197,0,3.522,0,1,0,441,197,0,396,396
36,-3,5,3,0.821,0,0,0.000,0,1,0,5,0,0,5,5
36,-7,8,0,2.263,889,0,10.503,1,0,0,0,0,889,599,599
36,-3,6,3,1.701,5,0,3.581,0,1,0,28,5,0,135,135
36,-5,6,3,1.882,0,0,0.000,0,1,0,88,0,0,110,110
36,-4,2,3,0.101,0,0,0.000,0,0,0,0,0,0,0,0
36,-3,1,3,0.561,0,0,0.000,0,0,0,0,0,0,0,0
36,-6,5,0,1.351,0,0,0.000,0,1,0,6,0,0,28,28
36,1,-1,3,2.271,0,0,0.000,0,0,0,0,0,0,0,0
36,-4,1,3,1.191,0,0,0.000,0,0,0,0,0,0,0,0
36,-5,2,2,0.531,0,0,0.000,0,0,0,0,0,0,0,0
36,-2,-3,0,0.721,0,0,0.000,0,0,0,0,0,0,0,0
36,1,-5,0,0.231,0,0,0.000,0,0,0,0,0,0,0,0
36,-7,7,0,2.691,232,0,4.951,1,0,0,0,0,232,390,390
36,2,1,2,0.711,0,0,0.000,0,0,0,0,0,0,0,0
37,1,-4,2,0.511,0,0,0.000,0,0,0,0,0,0,0,0
37,-3,0,3,0.411,0,0,0.000,0,0,0,0,0,0,0,0
37,-2,2,3,0.381,0,0,0.000,0,0,0,0,0,0,0,0
37,-1,-1,3,0.221,0,0,0.000,0,0,0,0,0,0,0,0
37,0,1,3,0.751,0,0,0.000,0,0,0,0,0,0,0,0
37,-5,3,2,0.451,0,0,0.000,0,0,0,0,0,0,0,0
37,-1,1,3,0.201,0,0,0.000,0,0,0,0,0,0,0,0
37,-2,-1,3,0.181,0,0,0.000,0,0,0,0,0,0,0,0
37,0,4,3,1.191,0,0,0.000,0,1,0,22,0,0,2,2
37,3,-6,0,0.481,0,0,0.000,0,0,0,0,0,0,0,0
37,-2,4,3,0.673,0,0,0.000,0,0,0,0,0,0,0,0
37,-2,0,3,0.431,0,0,0.000,0,0,0,0,0,0,0,0
37,0,2,3,0.581,0,0,0.000,0,0,0,0,0,0,0,0
37,-4,3,3,0.911,0,0,0.000,0,0,0,0,0,0,0,0
37,-5,9,0,1.751,1402,0,9.731,1,0,0,0,0,1402,315,315
37,-7,6,1,2.522,24,0,3.051,0,1,0,217,24,0,218,218
37,-3,2,3,0.671,0,0,0.000,0,0,0,0,0,0,0,0
37,2,-1,2,0.591,0,0,0.000,0,0,0,0,0,0,0,0
37,0,-4,1,1.431,0,0,0.000,0,0,0,0,0,0,0,0
37,-2,5,3,1.061,0,0,0.000,0,0,0,0,0,0,26,26
37,-4,6,3,1.191,0,0,0.000,0,3,0,653,0,0,61,61
37,-1,5,2,1.041,0,0,0.000,0,1,0,210,0,0,37,37
37,0,-3,2,0.781,0,0,0.000,0,0,0,0,0,0,0,0
37,-6,8,0,2.793,648,0,8.983,1,0,0,0,0,648,477,477
37,-1,-2,3,0.671,0,0,0.000,0,0,0,0,0,0,0,0
37,-2,3,3,0.181,0,0,0.000,0,0,0,0,0,0,0,0
37,-4,5,3,1.542,0,0,0.000,0,0,0,0,0,0,0,0
37,1,-3,3,0.411,0,0,0.000,0,0,0,0,0,0,0,0
37,0,-2,3,0.981,0,0,0.000,0,0,0,0,0,0,0,0
37,0,3,3,0.781,0,0,0.000,0,0,0,0,0,0,0,0
37,-6,6,2,30.000,3,0,2.821,0,1,0,24,3,0,37,37
37,-2,6,2,3.971,19,0,3.572,0,1,0,409,19,0,219,219
37,-3,3,3,1.461,0,0,0.000,0,0,0,0,0,0,0,0
37,2,-2,2,1.221,0,0,0.000,0,0,0,0,0,0,0,0
37,-4,-2,2,0.421,0,0,0.000,0,0,0,0,0,0,0,0
37,2,2,1,21.211,0,0,0.000,0,1,0,1,0,0,1,1
37,-5,1,0,0.361,0,0,0.000,0,0,0,0,0,0,0,0
37,2,-3,2,0.531,0,0,0.000,0,0,0,0,0,0,0,0
37,-4,0,2,2.291,0,0,0.000,0,0,0,0,0,0,0,0
37,-3,4,3,0.581,0,0,0.000,0,0,0,0,0,0,0,0
37,-4,8,1,2.854,597,0,5.811,0,1,0,44,597,0,380,380
37,1,2,2,1.543,0,0,0.000,0,0,0,0,0,0,0,0
37,-6,2,0,0.931,0,0,0.000,0,0,0,0,0,0,0,0
37,-5,-2,0,0.871,0,0,0.000,0,0,0,0,0,0,0,0
37,3,1,1,2.303,0,0,0.000,0,0,0,0,0,0,2,2
37,-6,7,2,2.093,88,0,2.401,0,1,0,805,88,0,241,241
37,2,-4,2,0.211,0,0,0.000,0,0,0,0,0,0,0,0
37,-1,3,3,0.911,0,0,0.000,0,0,0,0,0,0,0,0
37,-1,2,3,0.471,0,0,0.000,0,0,0,0,0,0,0,0
37,-5,8,1,1.151,657,0,6.171,0,1,0,782,657,0,568,568
37,1,4,2,1.353,22,0,1.822,0,2,0,724,22,0,149,149
37,1,0,3,0.461,0,0,0.000,0,0,0,0,0,0,0,0
37,-2,1,3,0.331,0,0,0.000,0,0,0,0,0,0,0,0
37,-5,0,1,1.472,0,0,0.000,0,0,0,0,0,0,0,0
37,2,0,3,1.851,0,0,0.000,0,0,0,0,0,0,0,0
37,2,4,1,1.634,268,0,4.242,0,1,0,698,268,0,448,448
37,-6,3,0,0.851,0,0,0.000,0,0,0,0,0,0,1,1
37,3,0,0,30.000,0,0,0.000,0,0,0,0,0,0,2,2
37,-5,4,2,1.601,0,0,0.000,0,0,0,0,0,0,0,0
37,1,-2,3,0.911,0,0,0.000,0,0,0,0,0,0,0,0
37,-4,-3,0,0.911,0,0,0.000,0,0,0,0,0,0,0,0
37,3,-5,0,0.171,0,0,0.000,0,0,0,0,0,0,0,0
37,0,6,0,2.091,571,0,6.401,1,0,0,0,0,571,343,343
37,2,5,0,1.462,923,0,8.552,1,0,0,0,0,923,382,382
37,-3,7,0,1.962,184,0,5.862,1,0,0,0,0,184,350,350
37,-5,5,3,1.571,0,0,0.000,0,0,0,0,0,0,10,10
37,2,-5,1,0.461,0,0,0.000,0,0,0,0,0,0,0,0
37,4,-3,0,0.431,0,0,0.000,0,0,0,0,0,0,0,0
37,-3,-3,0,0.112,0,0,0.000,0,0,0,0,0,0,0,0
37,-3,-1,3,0.161,0,0,0.000,0,0,0,0,0,0,0,0
37,0,5,3,0.953,45,45,-1.000,0,0,0,0,0,0,118,118
37,0,0,3,0.251,0,0,0.000,0,0,0,0,0,0,0,0
37,3,-1,0,18.881,0,0,0.000,0,0,0,0,0,0,0,0
37,-1,-4,0,0.151,0,0,0.000,0,0,0,0,0,0,0,0
37,3,-2,1,0.621,0,0,0.000,0,0,0,0,0,0,0,0
37,1,5,0,1.782,464,0,6.602,1,0,0,0,0,464,422,422
37,-3,-2,2,0.181,0,0,0.000,0,0,0,0,0,0,0,0
37,-1,0,3,0.421,0,0,0.000,0,0,0,0,0,0,0,0
37,-5,-1,1,2.111,0,0,0.000,0,0,0,0,0,0,0,0
37,0,-1,3,0.371,0,0,0.000,0,0,0,0,0,0,0,0
37,-2,7,0,3.292,417,0,7.492,1,0,0,0,0,417,498,498
37,-6,4,1,1.843,0,0,0.000,0,0,0,0,0,0,1,1
37,-4,4,3,0.561,0,0,0.000,0,0,0,0,0,0,0,0
37,1,1,3,0.351,0,0,0.000,0,0,0,0,0,0,0,0
37,3,-4,0,1.571,0,0,0.000,0,0,0,0,0,0,0,0
37,-4,-1,3,2.481,0,0,0.000,0,0,0,0,0,0,0,0
37,-1,4,3,0.752,0,0,0.000,0,0,0,0,0,0,6,6
37,1,3,3,0.771,0,0,0.000,0,0,0,0,0,0,16,16
37,2,3,0,1.921,1,0,1.961,1,0,0,0,0,1,105,105
37,-2,-2,3,3.511,0,0,0.000,0,0,0,0,0,0,0,0
37,3,-3,0,1.151,0,0,0.000,0,0,0,0,0,0,0,0
37,-4,7,2,0.831,300,0,4.931,0,2,0,801,300,0,295,295
37,-1,-3,2,0.791,0,0,0.000,0,0,0,0,0,0,0,0
37,-5,7,2,2.942,53,0,3.403,0,1,0,604,53,0,263,263
37,-1,6,1,2.362,210,0,4.381,0,1,0,420,210,0,398,398
37,-3,5,3,0.821,0,0,0.000,0,1,0,3,0,0,7,7
37,-7,8,0,1.391,887,0,9.571,1,0,0,0,0,887,577,577
37,-3,6,3,1.891,3,0,3.482,0,1,0,19,3,0,147,147
37,-5,6,3,1.252,0,0,0.000,0,1,0,88,0,0,130,130
37,-4,2,3,0.101,0,0,0.000,0,0,0,0,0,0,0,0
37,-3,1,3,0.331,0,0,0.000,0,0,0,0,0,0,0,0
37,-6,5,0,30.000,0,0,0.000,0,1,0,3,0,0,28,28
37,1,-1,3,0.371,0,0,0.000,0,0,0,0,0,0,0,0
37,-4,1,3,0.211,0,0,0.000,0,0,0,0,0,0,0,0
37,-5,2,2,1.671,0,0,0.000,0,0,0,0,0,0,0,0
37,-2,-3,0,0.171,0,0,0.000,0,0,0,0,0,0,0,0
37,1,-5,0,0.111,0,0,0.000,0,0,0,0,0,0,0,0
37,-7,7,0,2.691,228,0,4.941,1,0,0,0,0,228,450,450
37,2,1,2,0.711,0,0,0.000,0,0,0,0,0,0,0,0
38,1,-4,2,0.511,0,0,0.000,0,0,0,0,0,0,0,0
38,-3,0,3,1.671,0,0,0.000,0,0,0,0,0,0,0,0
38,-2,2,3,2.301,0,0,0.000,0,0,0,0,0,0,0,0
38,-1,-1,3,0.221,0,0,0.000,0,0,0,0,0,0,0,0
38,0,1,3,0.221,0,0,0.000,0,0,0,0,0,0,0,0
38,-5,3,2,0.451,0,0,0.000,0,0,0,0,0,0,0,0
38,-1,1,3,0.591,0,0,0.000,0,0,0,0,0,0,0,0
38,-2,-1,3,0.321,0,0,0.000,0,0,0,0,0,0,0,0
38,0,4,3,2.161,0,0,0.000,0,2,0,60,0,0,1,1
38,3,-6,0,4.561,0,0,0.000,0,0,0,0,0,0,0,0
38,-2,4,3,0.453,0,0,0.000,0,0,0,0,0,0,0,0
38,-2,0,3,0.231,0,0,0.000,0,0,0,0,0,0,0,0
38,0,2,3,0.581,0,0,0.000,0,0,0,0,0,0,0,0
38,-4,3,3,30.000,0,0,0.000,0,0,0,0,0,0,0,0
38,-5,9,0,1.151,1382,0,8.931,1,0,0,0,0,1382,307,307
38,-7,6,1,2.413,34,0,3.321,0,1,0,196,34,0,204,204
38,-3,2,3,0.761,0,0,0.000,0,0,0,0,0,0,0,0
38,2,-1,2,0.591,0,0,0.000,0,0,0,0,0,0,0,0
38,0,-4,1,0.801,0,0,0.000,0,0,0,0,0,0,0,0
38,-2,5,3,1.061,0,0,0.000,0,0,0,0,0,0,38,38
38,-4,6,3,1.671,0,0,0.000,0,4,0,932,0,0,68,68
38,-1,5,2,1.461,0,0,0.000,0,1,0,213,0,0,41,41
38,0,-3,2,0.161,0,0,0.000,0,0,0,0,0,0,0,0
38,-6,8,0,1.993,637,0,8.183,1,0,0,0,0,637,477,477
38,-1,-2,3,1.361,0,0,0.000,0,0,0,0,0,0,0,0
38,-2,3,3,13.671,0,0,0.000,0,0,0,0,0,0,0,0
38,-4,5,3,1.311,0,0,0.000,0,0,0,0,0,0,0,0
38,1,-3,3,0.861,0,0,0.000,0,0,0,0,0,0,0,0
38,0,-2,3,0.981,0,0,0.000,0,0,0,0,0,0,0,0
38,0,3,3,0.761,0,0,0.000,0,0,0,0,0,0,0,0
38,-6,6,2,1.962,5,0,3.011,0,1,0,33,5,0,38,38
38,-2,6,2,3.241,20,0,2.321,0,1,0,418,20,0,217,217
38,-3,3,3,0.621,0,0,0.000,0,0,0,0,0,0,0,0
38,2,-2,2,0.271,0,0,0.000,0,0,0,0,0,0,0,0
38,-4,-2,2,0.721,0,0,0.000,0,0,0,0,0,0,0,0
38,2,2,1,1.274,0,0,0.000,0,1,0,4,0,0,0,0
38,-5,1,0,0.761,0,0,0.000,0,0,0,0,0,0,0,0
38,2,-3,2,0.251,0,0,0.000,0,0,0,0,0,0,0,0
38,-4,0,2,1.291,0,0,0.000,0,0,0,0,0,0,0,0
38,-3,4,3,0.581,0,0,0.000,0,0,0,0,0,0,0,0
38,-4,8,1,2.851,620,0,6.871,1,1,0,140,0,620,395,395
38,1,2,2,1.341,0,0,0.000,0,0,0,0,0,0,0,0
38,-6,2,0,1.751,0,0,0.000,0,0,0,0,0,0,0,0
38,-5,-2,0,1.031,0,0,0.000,0,0,0,0,0,0,0,0
38,3,1,1,3.321,0,0,0.000,0,0,0,0,0,0,2,2
38,-6,7,2,2.163,97,0,2.631,0,1,0,775,97,0,235,235
38,2,-4,2,0.651,0,0,0.000,0,0,0,0,0,0,0,0
38,-1,3,3,0.911,0,0,0.000,0,0,0,0,0,0,0,0
38,-1,2,3,0.471,0,0,0.000,0,0,0,0,0,0,0,0
38,-5,8,1,2.044,652,0,5.401,0,1,0,762,652,0,511,511
38,1,4,2,1.353,30,0,3.392,0,2,1,710,30,0,140,140
38,1,0,3,0.291,0,0,0.000,0,0,0,0,0,0,0,0
38,-2,1,3,0.631,0,0,0.000,0,0,0,0,0,0,0,0
38,-5,0,1,1.472,0,0,0.000,0,0,0,0,0,0,0,0
38,2,0,3,2.211,0,0,0.000,0,0,0,0,0,0,0,0
38,2,4,1,2.484,273,0,5.722,0,1,0,665,273,0,448,448
38,-6,3,0,0.651,0,0,0.000,0,0,0,0,0,0,0,0
38,3,0,0,0.751,0,0,0.000,0,0,0,0,0,0,0,0
38,-5,4,2,0.451,0,0,0.000,0,0,0,0,0,0,0,0
38,1,-2,3,0.681,0,0,0.000,0,0,0,0,0,0,0,0
38,-4,-3,0,0.711,0,0,0.000,0,0,0,0,0,0,0,0
38,3,-5,0,1.421,0,0,0.000,0,0,0,0,0,0,0,0
38,0,6,0,1.372,593,0,5.782,1,0,0,0,0,593,330,330
38,2,5,0,2.932,884,0,9.692,1,0,0,0,0,884,400,400
38,-3,7,0,3.942,189,0,7.921,1,0,0,0,0,189,348,348
38,-5,5,3,0.971,0,0,0.000,0,0,0,0,0,0,7,7
38,2,-5,1,0.161,0,0,0.000,0,0,0,0,0,0,0,0
38,4,-3,0,3.651,0,0,0.000,0,0,0,0,0,0,0,0
38,-3,-3,0,0.112,0,0,0.000,0,0,0,0,0,0,0,0
38,-3,-1,3,0.561,0,0,0.000,0,0,0,0,0,0,0,0
38,0,5,3,1.273,50,50,-1.000,0,0,0,0,0,0,108,108
38,0,0,3,0.451,0,0,0.000,0,0,0,0,0,0,0,0
38,3,-1,0,0.581,0,0,0.000,0,0,0,0,0,0,0,0
38,-1,-4,0,0.151,0,0,0.000,0,0,0,0,0,0,0,0
38,3,-2,1,1.041,0,0,0.000,0,0,0,0,0,0,0,0
38,1,5,0,3.322,466,0,7.992,1,0,0,13,0,466,418,418
38,-3,-2,2,0.561,0,0,0.000,0,0,0,0,0,0,0,0
38,-1,0,3,0.211,0,0,0.000,0,0,0,0,0,0,0,0
38,-5,-1,1,0.691,0,0,0.000,0,0,0,0,0,0,0,0
38,0,-1,3,0.811,0,0,0.000,0,0,0,0,0,0,0,0
38,-2,7,0,2.031,434,0,6.321,1,0,0,0,0,434,486,486
38,-6,4,1,1.632,0,0,0.000,0,0,0,0,0,0,3,3
38,-4,4,3,0.371,0,0,0.000,0,0,0,0,0,0,0,0
38,1,1,3,0.491,0,0,0.000,0,0,0,0,0,0,0,0
38,3,-4,0,0.471,0,0,0.000,0,0,0,0,0,0,0,0
38,-4,-1,3,0.341,0,0,0.000,0,0,0,0,0,0,0,0
38,-1,4,3,1.041,0,0,0.000,0,0,0,0,0,0,7,7
38,1,3,3,1.443,0,0,0.000,0,0,0,0,0,0,10,10
38,2,3,0,1.842,4,0,1.922,1,0,0,0,0,4,117,117
38,-2,-2,3,1.091,0,0,0.000,0,0,0,0,0,0,0,0
38,3,-3,0,0.581,0,0,0.000,0,0,0,0,0,0,0,0
38,-4,7,2,0.891,328,0,4.611,0,3,1,1180,235,93,308,308
38,-1,-3,2,1.391,0,0,0.000,0,0,0,0,0,0,0,0
38,-5,7,2,2.943,41,0,2.483,0,1,0,604,41,0,277,277
38,-1,6,1,2.762,213,0,3.692,0,1,0,430,213,0,395,395
38,-3,5,3,30.000,0,0,0.000,0,1,0,7,0,0,6,6
38,-7,8,0,1.531,858,0,9.411,1,0,0,0,0,858,625,625
38,-3,6,3,2.271,7,0,2.251,0,1,0,20,7,0,148,148
38,-5,6,3,15.201,0,0,0.000,0,1,0,97,0,0,120,120
38,-4,2,3,0.541,0,0,0.000,0,0,0,0,0,0,0,0
38,-3,1,3,0.521,0,0,0.000,0,0,0,0,0,0,0,0
38,-6,5,0,0.681,0,0,0.000,0,1,0,5,0,0,31,31
38,1,-1,3,0.371,0,0,0.000,0,0,0,0,0,0,0,0
38,-4,1,3,0.391,0,0,0.000,0,0,0,0,0,0,0,0
38,-5,2,2,0.531,0,0,0.000,0,0,0,0,0,0,0,0
38,-2,-3,0,0.311,0,0,0.000,0,0,0,0,0,0,0,0
38,1,-5,0,0.231,0,0,0.000,0,0,0,0,0,0,0,0
38,-7,7,0,2.871,207,0,4.911,1,0,0,0,0,207,402,402
38,2,1,2,1.071,0,0,0.000,0,0,0,0,0,0,0,0
39,1,-4,2,0.771,0,0,0.000,0,0,0,0,0,0,0,0
39,-3,0,3,0.631,0,0,0.000,0,0,0,0,0,0,0,0
39,-2,2,3,1.131,0,0,0.000,0,0,0,0,0,0,0,0
39,-1,-1,3,0.221,0,0,0.000,0,0,0,0,0,0,0,0
39,0,1,3,0.221,0,0,0.000,0,0,0,0,0,0,0,0
39,-5,3,2,0.681,0,0,0.000,0,0,0,0,0,0,0,0
39,-1,1,3,0.381,0,0,0.000,0,0,0,0,0,0,0,0
39,-2,-1,3,0.511,0,0,0.000,0,0,0,0,0,0,0,0
39,0,4,3,1.191,0,0,0.000,0,1,0,32,0,0,0,0
39,3,-6,0,0.461,0,0,0.000,0,0,0,0,0,0,0,0
39,-2,4,3,0.472,0,0,0.000,0,0,0,0,0,0,0,0
39,-2,0,3,3.981,0,0,0.000,0,0,0,0,0,0,0,0
39,0,2,3,0.381,0,0,0.000,0,0,0,0,0,0,0,0
39,-4,3,3,0.182,0,0,0.000,0,0,0,0,0,0,0,0
39,-5,9,0,1.151,1440,0,9.521,1,0,0,0,0,1440,315,315
39,-7,6,1,1.533,33,0,3.361,0,1,0,189,33,0,224,224
39,-3,2,3,0.331,0,0,0.000,0,0,0,0,0,0,0,0
39,2,-1,2,0.381,0,0,0.000,0,0,0,0,0,0,0,0
39,0,-4,1,0.381,0,0,0.000,0,0,0,0,0,0,0,0
39,-2,5,3,1.221,0,0,0.000,0,0,0,0,0,0,38,38
39,-4,6,3,1.431,0,0,0.000,0,4,0,923,0,0,64,64
39,-1,5,2,1.461,1,0,2.822,0,1,0,197,1,0,47,47
39,0,-3,2,0.721,0,0,0.000,0,0,0,0,0,0,0,0
39,-6,8,0,1.793,623,0,7.783,1,0,0,0,0,623,478,478
39,-1,-2,3,1.131,0,0,0.000,0,0,0,0,0,0,0,0
39,-2,3,3,0.941,0,0,0.000,0,0,0,0,0,0,0,0
39,-4,5,3,0.681,0,0,0.000,0,0,0,0,0,0,0,0
39,1,-3,3,0.411,0,0,0.000,0,0,0,0,0,0,0,0
39,0,-2,3,0.141,0,0,0.000,0,0,0,0,0,0,0,0
39,0,3,3,0.574,0,0,0.000,0,0,0,0,0,0,0,0
39,-6,6,2,1.282,5,0,3.021,0,1,0,33,5,0,35,35
39,-2,6,2,4.403,15,0,2.762,0,1,0,429,15,0,247,247
39,-3,3,3,0.201,0,0,0.000,0,0,0,0,0,0,0,0
39,2,-2,2,0.311,0,0,0.000,0,0,0,0,0,0,0,0
39,-4,-2,2,0.912,0,0,0.000,0,0,0,0,0,0,0,0
39,2,2,1,0.634,0,0,0.000,0,1,0,2,0,0,1,1
39,-5,1,0,0.194,0,0,0.000,0,0,0,0,0,0,0,0
39,2,-3,2,0.131,0,0,0.000,0,0,0,0,0,0,0,0
39,-4,0,2,0.601,0,0,0.000,0,0,0,0,0,0,0,0
39,-3,4,3,0.751,0,0,0.000,0,0,0,0,0,0,0,0
39,-4,8,1,3.811,632,0,7.641,1,1,0,121,0,632,357,357
39,1,2,2,3.071,0,0,0.000,0,0,0,0,0,0,0,0
39,-6,2,0,1.311,0,0,0.000,0,0,0,0,0,0,0,0
39,-5,-2,0,2.633,0,0,0.000,0,0,0,0,0,0,0,0
39,3,1,1,2.181,0,0,0.000,0,0,0,0,0,0,0,0
39,-6,7,2,2.923,85,0,2.511,0,1,0,832,85,0,239,239
39,2,-4,2,0.641,0,0,0.000,0,0,0,0,0,0,0,0
39,-1,3,3,0.911,0,0,0.000,0,0,0,0,0,0,0,0
39,-1,2,3,0.791,0,0,0.000,0,0,0,0,0,0,0,0
39,-5,8,1,1.151,649,0,5.641,0,1,0,821,649,0,552,552
39,1,4,2,8.323,32,0,1.932,0,2,0,733,32,0,133,133
39,1,0,3,0.161,0,0,0.000,0,0,0,0,0,0,0,0
39,-2,1,3,1.201,0,0,0.000,0,0,0,0,0,0,0,0
39,-5,0,1,0.831,0,0,0.000,0,0,0,0,0,0,0,0
39,2,0,3,0.921,0,0,0.000,0,0,0,0,0,0,0,0
39,2,4,1,1.803,261,0,4.102,0,1,0,673,261,0,417,417
39,-6,3,0,0.721,0,0,0.000,0,0,0,0,0,0,0,0
39,3,0,0,0.751,0,0,0.000,0,0,0,0,0,0,1,1
39,-5,4,2,0.681,0,0,0.000,0,0,0,0,0,0,0,0
39,1,-2,3,4.131,0,0,0.000,0,0,0,0,0,0,0,0
39,-4,-3,0,0.671,0,0,0.000,0,0,0,0,0,0,0,0
39,3,-5,0,0.171,0,0,0.000,0,0,0,0,0,0,0,0
39,0,6,0,2.552,558,0,6.882,1,0,0,0,0,558,362,362
39,2,5,0,1.462,894,0,8.302,1,0,0,0,0,894,378,378
39,-3,7,0,3.722,209,0,7.972,1,0,0,0,0,209,341,341
39,-5,5,3,1.771,0,0,0.000,0,0,0,0,0,0,3,3
39,2,-5,1,1.181,0,0,0.000,0,0,0,0,0,0,0,0
39,4,-3,0,0.661,0,0,0.000,0,0,0,0,0,0,0,0
39,-3,-3,0,0.691,0,0,0.000,0,0,0,0,0,0,0,0
39,-3,-1,3,0.551,0,0,0.000,0,0,0,0,0,0,0,0
39,0,5,3,0.953,53,53,-1.000,0,0,0,0,0,0,116,116
39,0,0,3,0.251,0,0,0.000,0,0,0,0,0,0,0,0
39,3,-1,0,0.281,0,0,0.000,0,0,0,0,0,0,0,0
39,-1,-4,0,0.301,0,0,0.000,0,0,0,0,0,0,0,0
39,3,-2,1,0.201,0,0,0.000,0,0,0,0,0,0,0,0
39,1,5,0,1.962,487,0,7.012,1,0,0,0,0,487,416,416
39,-3,-2,2,0.181,0,0,0.000,0,0,0,0,0,0,0,0
39,-1,0,3,0.381,0,0,0.000,0,0,0,0,0,0,0,0
39,-5,-1,1,1.682,0,0,0.000,0,0,0,0,0,0,0,0
39,0,-1,3,0.191,0,0,0.000,0,0,0,0,0,0,0,0
39,-2,7,0,2.532,441,0,6.932,1,0,0,0,0,441,482,482
39,-6,4,1,1.383,0,0,0.000,0,0,0,0,0,0,1,1
39,-4,4,3,0.751,0,0,0.000,0,0,0,0,0,0,0,0
39,1,1,3,0.591,0,0,0.000,0,0,0,0,0,0,0,0
39,3,-4,0,0.471,0,0,0.000,0,0,0,0,0,0,0,0
39,-4,-1,3,1.591,0,0,0.000,0,0,0,0,0,0,0,0
39,-1,4,3,1.681,0,0,0.000,0,1,0,1,0,0,5,5
39,1,3,3,1.091,0,0,0.000,0,0,0,0,0,0,13,13
39,2,3,0,1.484,2,0,1.544,1,0,0,0,0,2,132,132
39,-2,-2,3,0.471,0,0,0.000,0,0,0,0,0,0,0,0
39,3,-3,0,0.711,0,0,0.000,0,0,0,0,0,0,0,0
39,-4,7,2,1.391,290,0,4.231,0,3,1,1258,220,70,300,300
39,-1,-3,2,1.201,0,0,0.000,0,0,0,0,0,0,0,0
39,-5,7,2,3.213,53,0,2.423,0,1,0,584,53,0,262,262
39,-1,6,1,1.962,197,0,4.722,0,1,0,422,197,0,391,391
39,-3,5,3,0.821,0,0,0.000,0,1,0,3,0,0,5,5
39,-7,8,0,1.531,908,0,9.981,1,0,0,0,0,908,582,582
39,-3,6,3,1.321,3,0,2.712,0,1,0,15,3,0,146,146
39,-5,6,3,1.252,0,0,0.000,0,1,0,85,0,0,117,117
39,-4,2,3,0.101,0,0,0.000,0,0,0,0,0,0,0,0
39,-3,1,3,0.461,0,0,0.000,0,0,0,0,0,0,0,0
39,-6,5,0,0.541,0,0,0.000,0,1,0,5,0,0,36,36
39,1,-1,3,0.201,0,0,0.000,0,0,0,0,0,0,0,0
39,-4,1,3,0.391,0,0,0.000,0,0,0,0,0,0,0,0
39,-5,2,2,0.711,0,0,0.000,0,0,0,0,0,0,0,0
39,-2,-3,0,1.981,0,0,0.000,0,0,0,0,0,0,0,0
39,1,-5,0,0.951,0,0,0.000,0,0,0,0,0,0,0,0
39,-7,7,0,2.871,206,0,4.841,1,0,0,0,0,206,427,427
39,2,1,2,1.071,0,0,0.000,0,0,0,0,0,0,0,0
40,1,-4,2,0.251,0,0,0.000,0,0,0,0,0,0,0,0
40,-3,0,3,0.351,0,0,0.000,0,0,0,0,0,0,0,0
40,-2,2,3,0.381,0,0,0.000,0,0,0,0,0,0,0,0
40,-1,-1,3,0.121,0,0,0.000,0,0,0,0,0,0,0,0
40,0,1,3,0.112,0,0,0.000,0,0,0,0,0,0,0,0
40,-5,3,2,0.681,0,0,0.000,0,0,0,0,0,0,0,0
40,-1,1,3,0.381,0,0,0.000,0,0,0,0,0,0,0,0
40,-2,-1,3,0.271,0,0,0.000,0,0,0,0,0,0,0,0
40,0,4,3,2.391,0,0,0.000,0,1,0,30,0,0,4,4
40,3,-6,0,1.181,0,0,0.000,0,0,0,0,0,0,0,0
40,-2,4,3,1.341,0,0,0.000,0,0,0,0,0,0,0,0
40,-2,0,3,0.431,0,0,0.000,0,0,0,0,0,0,0,0
40,0,2,3,0.381,0,0,0.000,0,0,0,0,0,0,0,0
40,-4,3,3,2.241,0,0,0.000,0,0,0,0,0,0,0,0
40,-5,9,0,2.201,1416,0,10.661,1,0,0,0,0,1416,301,301
40,-7,6,1,2.962,33,0,3.151,0,1,0,211,33,0,201,201
40,-3,2,3,0.761,0,0,0.000,0,0,0,0,0,0,0,0
40,2,-1,2,2.091,0,0,0.000,0,0,0,0,0,0,0,0
40,0,-4,1,0.201,0,0,0.000,0,0,0,0,0,0,0,0
40,-2,5,3,0.901,0,0,0.000,0,0,0,0,0,0,34,34
40,-4,6,3,2.241,0,0,0.000,0,4,0,989,0,0,68,68
40,-1,5,2,2.091,0,0,0.000,0,1,0,196,0,0,35,35
40,0,-3,2,0.161,0,0,0.000,0,0,0,0,0,0,0,0
40,-6,8,0,2.793,636,0,8.873,1,0,0,0,0,636,473,473
40,-1,-2,3,0.441,0,0,0.000,0,0,0,0,0,0,0,0
40,-2,3,3,0.561,0,0,0.000,0,0,0,0,0,0,0,0
40,-4,5,3,1.371,0,0,0.000,0,0,0,0,0,0,0,0
40,1,-3,3,0.621,0,0,0.000,0,0,0,0,0,0,0,0
40,0,-2,3,0.281,0,0,0.000,0,0,0,0,0,0,0,0
40,0,3,3,0.761,0,0,0.000,0,0,0,0,0,0,0,0
40,-6,6,2,1.282,3,0,2.811,0,1,0,33,3,0,35,35
40,-2,6,2,2.934,18,0,3.382,0,1,0,433,18,0,236,236
40,-3,3,3,0.621,0,0,0.000,0,0,0,0,0,0,0,0
40,2,-2,2,0.391,0,0,0.000,0,0,0,0,0,0,0,0
40,-4,-2,2,0.421,0,0,0.000,0,0,0,0,0,0,0,0
40,2,2,1,2.073,0,0,0.000,0,1,0,4,0,0,7,7
40,-5,1,0,0.194,0,0,0.000,0,0,0,0,0,0,0,0
40,2,-3,2,0.381,0,0,0.000,0,0,0,0,0,0,0,0
40,-4,0,2,0.221,0,0,0.000,0,0,0,0,0,0,0,0
40,-3,4,3,0.751,0,0,0.000,0,0,0,0,0,0,0,0
40,-4,8,1,4.291,635,0,6.931,1,1,0,135,0,635,396,396
40,1,2,2,0.991,0,0,0.000,0,0,0,0,0,0,0,0
40,-6,2,0,0.711,0,0,0.000,0,0,0,0,0,0,0,0
40,-5,-2,0,0.791,0,0,0.000,0,0,0,0,0,0,0,0
40,3,1,1,1.282,0,0,0.000,0,0,0,0,0,0,3,3
40,-6,7,2,1.403,98,0,2.811,0,1,0,786,98,0,252,252
40,2,-4,2,0.241,0,0,0.000,0,0,0,0,0,0,0,0
40,-1,3,3,1.111,0,0,0.000,0,0,0,0,0,0,0,0
40,-1,2,3,0.311,0,0,0.000,0,0,0,0,0,0,0,0
40,-5,8,1,1.151,622,0,6.391,0,1,0,830,622,0,565,565
40,1,4,2,1.523,30,0,2.912,0,2,0,724,30,0,143,143
40,1,0,3,0.291,0,0,0.000,0,0,0,0,0,0,0,0
40,-2,1,3,0.641,0,0,0.000,0,0,0,0,0,0,0,0
40,-5,0,1,0.531,0,0,0.000,0,0,0,0,0,0,0,0
40,2,0,3,0.611,0,0,0.000,0,0,0,0,0,0,0,0
40,2,4,1,1.522,271,0,6.472,0,1,1,687,222,49,434,434
40,-6,3,0,1.601,0,0,0.000,0,0,0,0,0,0,0,0
40,3,0,0,1.331,0,0,0.000,0,0,0,0,0,0,1,1
40,-5,4,2,5.283,0,0,0.000,0,0,0,0,0,0,0,0
40,1,-2,3,1.601,0,0,0.000,0,0,0,0,0,0,0,0
40,-4,-3,0,1.151,0,0,0.000,0,0,0,0,0,0,0,0
40,3,-5,0,0.171,0,0,0.000,0,0,0,0,0,0,0,0
40,0,6,0,1.372,556,0,5.602,1,0,0,0,0,556,350,350
40,2,5,0,3.701,909,0,10.572,1,0,0,49,0,909,386,386
40,-3,7,0,2.841,208,0,7.002,1,0,0,0,0,208,352,352
40,-5,5,3,0.971,0,0,0.000,0,0,0,0,0,0,7,7
40,2,-5,1,0.331,0,0,0.000,0,0,0,0,0,0,0,0
40,4,-3,0,0.431,0,0,0.000,0,0,0,0,0,0,0,0
40,-3,-3,0,0.211,0,0,0.000,0,0,0,0,0,0,0,0
40,-3,-1,3,0.111,0,0,0.000,0,0,0,0,0,0,0,0
40,0,5,3,0.952,36,36,-1.000,0,0,0,0,0,0,109,109
40,0,0,3,1.161,0,0,0.000,0,0,0,0,0,0,0,0
40,3,-1,0,0.581,0,0,0.000,0,0,0,0,0,0,0,0
40,-1,-4,0,0.241,0,0,0.000,0,0,0,0,0,0,0,0
40,3,-2,1,0.201,0,0,0.000,0,0,0,0,0,0,0,0
40,1,5,0,2.502,477,0,7.212,1,0,0,0,0,477,415,415
40,-3,-2,2,0.181,0,0,0.000,0,0,0,0,0,0,0,0
40,-1,0,3,0.601,0,0,0.000,0,0,0,0,0,0,0,0
40,-5,-1,1,2.231,0,0,0.000,0,0,0,0,0,0,0,0
40,0,-1,3,0.321,0,0,0.000,0,0,0,0,0,0,0,0
40,-2,7,0,3.132,444,0,7.572,1,0,0,0,0,444,490,490
40,-6,4,1,0.711,0,0,0.000,0,1,0,1,0,0,2,2
40,-4,4,3,0.561,0,0,0.000,0,0,0,0,0,0,0,0
40,1,1,3,0.551,0,0,0.000,0,0,0,0,0,0,0,0
40,3,-4,0,0.471,0,0,0.000,0,0,0,0,0,0,0,0
40,-4,-1,3,1.841,0,0,0.000,0,0,0,0,0,0,0,0
40,-1,4,3,0.752,0,0,0.000,0,0,0,0,0,0,8,8
40,1,3,3,1.411,0,0,0.000,0,0,0,0,0,0,7,7
40,2,3,0,2.282,4,0,2.352,1,0,0,0,0,4,119,119
40,-2,-2,3,1.231,0,0,0.000,0,0,0,0,0,0,0,0
40,3,-3,0,0.991,0,0,0.000,0,0,0,0,0,0,0,0
40,-4,7,2,0.771,313,0,5.511,0,3,1,1210,232,81,310,310
40,-1,-3,2,0.391,0,0,0.000,0,0,0,0,0,0,0,0
40,-5,7,2,4.293,50,0,3.373,0,1,0,593,50,0,292,292
40,-1,6,1,4.162,196,0,3.532,0,1,0,412,196,0,390,390
40,-3,5,3,0.551,0,0,0.000,0,1,0,7,0,0,6,6
40,-7,8,0,1.701,878,0,9.691,1,0,0,0,0,878,586,586
40,-3,6,3,1.891,7,0,3.352,0,1,0,17,7,0,152,152
40,-5,6,3,2.512,0,0,0.000,0,1,0,98,0,0,115,115
40,-4,2,3,0.431,0,0,0.000,0,0,0,0,0,0,0,0
40,-3,1,3,0.331,0,0,0.000,0,0,0,0,0,0,0,0
40,-6,5,0,0.651,1,0,0.711,1,1,0,3,0,1,38,38
40,1,-1,3,0.371,0,0,0.000,0,0,0,0,0,0,0,0
40,-4,1,3,0.811,0,0,0.000,0,0,0,0,0,0,0,0
40,-5,2,2,0.591,0,0,0.000,0,0,0,0,0,0,0,0
40,-2,-3,0,0.311,0,0,0.000,0,0,0,0,0,0,0,0
40,1,-5,0,0.591,0,0,0.000,0,0,0,0,0,0,0,0
40,-7,7,0,2.691,221,0,4.881,1,0,0,0,0,221,430,430
40,2,1,2,1.251,0,0,0.000,0,0,0,0,0,0,0,0
41,1,-4,2,0.331,0,0,0.000,0,0,0,0,0,0,0,0
41,-3,0,3,0.631,0,0,0.000,0,0,0,0,0,0,0,0
41,-2,2,3,0.611,0,0,0.000,0,0,0,0,0,0,0,0
41,-1,-1,3,0.351,0,0,0.000,0,0,0,0,0,0,0,0
41,0,1,3,0.221,0,0,0.000,0,0,0,0,0,0,0,0
41,-5,3,2,1.141,0,0,0.000,0,0,0,0,0,0,0,0
41,-1,1,3,0.381,0,0,0.000,0,0,0,0,0,0,0,0
41,-2,-1,3,0.641,0,0,0.000,0,0,0,0,0,0,0,0
41,0,4,3,1.431,0,0,0.000,0,1,0,25,0,0,1,1
41,3,-6,0,1.031,0,0,0.000,0,0,0,0,0,0,0,0
41,-2,4,3,0.913,0,0,0.000,0,0,0,0,0,0,0,0
41,-2,0,3,0.431,0,0,0.000,0,0,0,0,0,0,0,0
41,0,2,3,0.381,0,0,0.000,0,0,0,0,0,0,0,0
41,-4,3,3,0.531,0,0,0.000,0,0,0,0,0,0,0,0
41,-5,9,0,1.901,1413,0,10.031,1,0,0,0,0,1413,297,297
41,-7,6,1,1.751,32,0,2.971,0,1,0,189,32,0,217,217
41,-3,2,3,0.251,0,0,0.000,0,0,0,0,0,0,0,0
41,2,-1,2,0.891,0,0,0.000,0,0,0,0,0,0,0,0
41,0,-4,1,0.201,0,0,0.000,0,0,0,0,0,0,0,0
41,-2,5,3,0.901,0,0,0.000,0,0,0,0,0,0,33,33
41,-4,6,3,1.191,0,0,0.000,0,3,0,624,0,0,74,74
41,-1,5,2,1.881,0,0,0.000,0,1,0,206,0,0,35,35
41,0,-3,2,0.281,0,0,0.000,0,0,0,0,0,0,0,0
41,-6,8,0,2.193,642,0,8.343,1,0,0,0,0,642,492,492
41,-1,-2,3,2.281,0,0,0.000,0,0,0,0,0,0,0,0
41,-2,3,3,0.561,0,0,0.000,0,0,0,0,0,0,0,0
41,-4,5,3,1.792,0,0,0.000,0,0,0,0,0,0,0,0
41,1,-3,3,0.411,0,0,0.000,0,0,0,0,0,0,0,0
41,0,-2,3,0.621,0,0,0.000,0,0,0,0,0,0,0,0
41,0,3,3,1.391,0,0,0.000,0,0,0,0,0,0,0,0
41,-6,6,2,1.792,0,0,0.000,0,1,0,32,0,0,36,36
41,-2,6,2,4.024,23,0,3.121,0,1,0,417,23,0,258,258
41,-3,3,3,2.361,0,0,0.000,0,0,0,0,0,0,0,0
41,2,-2,2,0.221,0,0,0.000,0,0,0,0,0,0,0,0
41,-4,-2,2,0.571,0,0,0.000,0,0,0,0,0,0,0,0
41,2,2,1,0.793,0,0,0.000,0,1,0,2,0,0,2,2
41,-5,1,0,3.161,0,0,0.000,0,0,0,0,0,0,0,0
41,2,-3,2,0.381,0,0,0.000,0,0,0,0,0,0,0,0
41,-4,0,2,0.681,0,0,0.000,0,0,0,0,0,0,0,0
41,-3,4,3,0.421,0,0,0.000,0,0,0,0,0,0,0,0
41,-4,8,1,2.851,652,0,6.872,0,1,0,33,652,0,380,380
41,1,2,2,1.033,0,0,0.000,0,0,0,0,0,0,0,0
41,-6,2,0,0.651,0,0,0.000,0,0,0,0,0,0,0,0
41,-5,-2,0,1.511,0,0,0.000,0,0,0,0,0,0,0,0
41,3,1,1,2.811,0,0,0.000,0,0,0,0,0,0,2,2
41,-6,7,2,2.093,91,0,2.571,0,1,0,812,91,0,240,240
41,2,-4,2,0.371,0,0,0.000,0,0,0,0,0,0,0,0
41,-1,3,3,2.081,0,0,0.000,0,0,0,0,0,0,0,0
41,-1,2,3,3.991,0,0,0.000,0,0,0,0,0,0,0,0
41,-5,8,1,0.981,654,0,6.551,0,1,0,797,654,0,555,555
41,1,4,2,1.183,25,0,2.482,0,2,0,735,25,0,151,151
41,1,0,3,0.291,0,0,0.000,0,0,0,0,0,0,0,0
41,-2,1,3,2.221,0,0,0.000,0,0,0,0,0,0,0,0
41,-5,0,1,1.881,0,0,0.000,0,0,0,0,0,0,0,0
41,2,0,3,0.611,0,0,0.000,0,0,0,0,0,0,0,0
41,2,4,1,1.633,272,0,4.852,0,1,0,671,272,0,401,401
41,-6,3,0,0.721,0,0,0.000,0,0,0,0,0,0,0,0
41,3,0,0,1.701,0,0,0.000,0,0,0,0,0,0,2,2
41,-5,4,2,0.451,0,0,0.000,0,0,0,0,0,0,0,0
41,1,-2,3,0.451,0,0,0.000,0,0,0,0,0,0,0,0
41,-4,-3,0,0.711,0,0,0.000,0,0,0,0,0,0,0,0
41,3,-5,0,0.251,0,0,0.000,0,0,0,0,0,0,0,0
41,0,6,0,3.872,562,0,8.232,1,0,0,0,0,562,352,352
41,2,5,0,2.092,905,0,8.912,1,0,0,0,0,905,385,385
41,-3,7,0,2.402,219,0,6.922,1,0,0,0,0,219,338,338
41,-5,5,3,1.771,0,0,0.000,0,0,0,0,0,0,10,10
41,2,-5,1,0.161,0,0,0.000,0,0,0,0,0,0,0,0
41,4,-3,0,1.031,0,0,0.000,0,0,0,0,0,0,0,0
41,-3,-3,0,0.811,0,0,0.000,0,0,0,0,0,0,0,0
41,-3,-1,3,0.111,0,0,0.000,0,0,0,0,0,0,0,0
41,0,5,3,1.593,41,41,-1.000,0,0,0,0,0,0,117,117
41,0,0,3,0.451,0,0,0.000,0,0,0,0,0,0,0,0
41,3,-1,0,0.281,0,0,0.000,0,0,0,0,0,0,0,0
41,-1,-4,0,0.401,0,0,0.000,0,0,0,0,0,0,0,0
41,3,-2,1,1.041,0,0,0.000,0,0,0,0,0,0,0,0
41,1,5,0,3.631,477,0,8.581,1,0,0,0,0,477,413,413
41,-3,-2,2,0.371,0,0,0.000,0,0,0,0,0,0,0,0
41,-1,0,3,0.211,0,0,0.000,0,0,0,0,0,0,0,0
41,-5,-1,1,2.231,0,0,0.000,0,0,0,0,0,0,0,0
41,0,-1,3,0.191,0,0,0.000,0,0,0,0,0,0,0,0
41,-2,7,0,2.791,431,0,7.071,1,0,0,0,0,431,488,488
41,-6,4,1,1.091,0,0,0.000,0,0,0,0,0,0,2,2
41,-4,4,3,1.131,0,0,0.000,0,0,0,0,0,0,0,0
41,1,1,3,0.191,0,0,0.000,0,0,0,0,0,0,0,0
41,3,-4,0,0.251,0,0,0.000,0,0,0,0,0,0,0,0
41,-4,-1,3,2.481,0,0,0.000,0,0,0,0,0,0,0,0
41,-1,4,3,0.942,0,0,0.000,0,0,0,0,0,0,6,6
41,1,3,3,0.771,0,0,0.000,0,0,0,0,0,0,13,13
41,2,3,0,1.842,2,0,1.892,1,0,0,0,0,2,115,115
41,-2,-2,3,5.461,0,0,0.000,0,0,0,0,0,0,0,0
41,3,-3,0,0.701,0,0,0.000,0,0,0,0,0,0,0,0
41,-4,7,2,1.971,286,0,4.941,0,2,0,886,286,0,341,341
41,-1,-3,2,0.191,0,0,0.000,0,0,0,0,0,0,0,0
41,-5,7,2,2.673,52,0,2.793,0,1,0,600,52,0,284,284
41,-1,6,1,2.162,206,0,6.122,0,1,0,425,206,0,371,371
41,-3,5,3,0.541,0,0,0.000,0,1,0,2,0,0,5,5
41,-7,8,0,1.531,896,0,9.781,1,0,0,0,0,896,597,597
41,-3,6,3,1.891,2,0,2.961,0,1,0,23,2,0,124,124
41,-5,6,3,1.252,0,0,0.000,0,1,0,91,0,0,123,123
41,-4,2,3,0.101,0,0,0.000,0,0,0,0,0,0,0,0
41,-3,1,3,0.181,0,0,0.000,0,0,0,0,0,0,0,0
41,-6,5,0,0.821,0,0,0.000,0,0,0,0,0,0,24,24
41,1,-1,3,0.181,0,0,0.000,0,0,0,0,0,0,0,0
41,-4,1,3,0.191,0,0,0.000,0,0,0,0,0,0,0,0
41,-5,2,2,0.231,0,0,0.000,0,0,0,0,0,0,0,0
41,-2,-3,0,0.311,0,0,0.000,0,0,0,0,0,0,0,0
41,1,-5,0,0.111,0,0,0.000,0,0,0,0,0,0,0,0
41,-7,7,0,2.511,197,0,4.481,1,0,0,0,0,197,417,417
41,2,1,2,0.531,0,0,0.000,0,0,0,0,0,0,0,0
42,1,-4,2,0.291,0,0,0.000,0,0,0,0,0,0,0,0
42,-3,0,3,0.791,0,0,0.000,0,0,0,0,0,0,0,0
42,-2,2,3,1.821,0,0,0.000,0,0,0,0,0,0,0,0
42,-1,-1,3,0.531,0,0,0.000,0,0,0,0,0,0,0,0
42,0,1,3,0.221,0,0,0.000,0,0,0,0,0,0,0,0
42,-5,3,2,0.681,0,0,0.000,0,0,0,0,0,0,0,0
42,-1,1,3,0.201,0,0,0.000,0,0,0,0,0,0,0,0
42,-2,-1,3,0.181,0,0,0.000,0,0,0,0,0,0,0,0
42,0,4,3,1.191,0,0,0.000,0,1,0,38,0,0,4,4
42,3,-6,0,1.481,0,0,0.000,0,0,0,0,0,0,0,0
42,-2,4,3,0.683,0,0,0.000,0,0,0,0,0,0,0,0
42,-2,0,3,1.311,0,0,0.000,0,0,0,0,0,0,0,0
42,0,2,3,0.381,0,0,0.000,0,0,0,0,0,0,0,0
42,-4,3,3,0.341,0,0,0.000,0,0,0,0,0,0,0,0
42,-5,9,0,1.001,1409,0,9.061,1,0,0,0,0,1409,322,322
42,-7,6,1,1.643,42,0,3.071,0,1,0,227,42,0,207,207
42,-3,2,3,0.331,0,0,0.000,0,0,0,0,0,0,0,0
42,2,-1,2,0.591,0,0,0.000,0,0,0,0,0,0,0,0
42,0,-4,1,0.901,0,0,0.000,0,0,0,0,0,0,0,0
42,-2,5,3,2.021,0,0,0.000,0,0,0,0,0,0,39,39
42,-4,6,3,1.431,0,0,0.000,0,3,0,681,0,0,67,67
42,-1,5,2,1.251,0,0,0.000,0,1,0,192,0,0,43,43
42,0,-3,2,0.331,0,0,0.000,0,0,0,0,0,0,0,0
42,-6,8,0,4.813,630,0,10.913,1,0,0,0,0,630,509,509
42,-1,-2,3,0.441,0,0,0.000,0,0,0,0,0,0,0,0
42,-2,3,3,0.941,0,0,0.000,0,0,0,0,0,0,0,0
42,-4,5,3,1.091,0,0,0.000,0,0,0,0,0,0,0,0
42,1,-3,3,2.721,0,0,0.000,0,0,0,0,0,0,0,0
42,0,-2,3,0.261,0,0,0.000,0,0,0,0,0,0,0,0
42,0,3,3,0.784,0,0,0.000,0,0,0,0,0,0,0,0
42,-6,6,2,1.282,5,0,2.651,0,1,0,42,5,0,37,37
42,-2,6,2,2.414,24,0,3.292,0,1,0,399,24,0,209,209
42,-3,3,3,0.261,0,0,0.000,0,0,0,0,0,0,0,0
42,2,-2,2,0.191,0,0,0.000,0,0,0,0,0,0,0,0
42,-4,-2,2,1.021,0,0,0.000,0,0,0,0,0,0,0,0
42,2,2,1,2.873,0,0,0.000,0,1,0,5,0,0,4,4
42,-5,1,0,0.361,0,0,0.000,0,0,0,0,0,0,0,0
42,2,-3,2,0.131,0,0,0.000,0,0,0,0,0,0,0,0
42,-4,0,2,2.211,0,0,0.000,0,0,0,0,0,0,0,0
42,-3,4,3,0.641,0,0,0.000,0,0,0,0,0,0,0,0
42,-4,8,1,5.491,644,0,6.962,0,1,0,46,644,0,380,380
42,1,2,2,1.771,0,0,0.000,0,0,0,0,0,0,0,0
42,-6,2,0,1.581,0,0,0.000,0,0,0,0,0,0,0,0
42,-5,-2,0,1.271,0,0,0.000,0,0,0,0,0,0,0,0
42,3,1,1,1.761,0,0,0.000,0,0,0,0,0,0,1,1
42,-6,7,2,2.353,102,0,3.694,0,1,0,794,102,0,262,262
42,2,-4,2,0.321,0,0,0.000,0,0,0,0,0,0,0,0
42,-1,3,3,0.451,0,0,0.000,0,0,0,0,0,0,0,0
42,-1,2,3,0.311,0,0,0.000,0,0,0,0,0,0,0,0
42,-5,8,1,1.151,664,0,5.381,0,1,0,790,664,0,568,568
42,1,4,2,1.523,38,0,2.192,0,2,0,689,38,0,150,150
42,1,0,3,0.161,0,0,0.000,0,0,0,0,0,0,0,0
42,-2,1,3,0.861,0,0,0.000,0,0,0,0,0,0,0,0
42,-5,0,1,0.531,0,0,0.000,0,0,0,0,0,0,0,0
42,2,0,3,1.231,0,0,0.000,0,0,0,0,0,0,0,0
42,2,4,1,2.654,255,0,4.242,0,1,0,668,255,0,431,431
42,-6,3,0,0.651,0,0,0.000,0,0,0,0,0,0,0,0
42,3,0,0,0.751,0,0,0.000,0,0,0,0,0,0,0,0
42,-5,4,2,1.171,0,0,0.000,0,0,0,0,0,0,0,0
42,1,-2,3,0.221,0,0,0.000,0,0,0,0,0,0,0,0
42,-4,-3,0,2.351,0,0,0.000,0,0,0,0,0,0,0,0
42,3,-5,0,0.171,0,0,0.000,0,0,0,0,0,0,0,0
42,0,6,0,1.602,601,0,6.342,1,0,0,0,0,601,345,345
42,2,5,0,1.672,896,0,8.462,1,0,0,0,0,896,371,371
42,-3,7,0,2.842,218,0,7.012,1,0,0,0,0,218,335,335
42,-5,5,3,0.793,0,0,0.000,0,0,0,0,0,0,7,7
42,2,-5,1,0.291,0,0,0.000,0,0,0,0,0,0,0,0
42,4,-3,0,0.431,0,0,0.000,0,0,0,0,0,0,0,0
42,-3,-3,0,0.112,0,0,0.000,0,0,0,0,0,0,0,0
42,-3,-1,3,0.231,0,0,0.000,0,0,0,0,0,0,0,0
42,0,5,3,0.952,38,38,-1.000,0,0,0,0,0,0,118,118
42,0,0,3,0.251,0,0,0.000,0,0,0,0,0,0,0,0
42,3,-1,0,0.431,0,0,0.000,0,0,0,0,0,0,0,0
42,-1,-4,0,0.241,0,0,0.000,0,0,0,0,0,0,0,0
42,3,-2,1,0.201,0,0,0.000,0,0,0,0,0,0,0,0
42,1,5,0,3.582,450,0,8.262,1,0,0,0,0,450,435,435
42,-3,-2,2,0.231,0,0,0.000,0,0,0,0,0,0,0,0
42,-1,0,3,0.211,0,0,0.000,0,0,0,0,0,0,0,0
42,-5,-1,1,0.691,0,0,0.000,0,0,0,0,0,0,0,0
42,0,-1,3,0.321,0,0,0.000,0,0,0,0,0,0,0,0
42,-2,7,0,2.952,414,0,7.052,1,0,0,0,0,414,508,508
42,-6,4,1,1.321,0,0,0.000,0,0,0,0,0,0,1,1
42,-4,4,3,0.561,0,0,0.000,0,0,0,0,0,0,0,0
42,1,1,3,0.351,0,0,0.000,0,0,0,0,0,0,0,0
42,3,-4,0,0.251,0,0,0.000,0,0,0,0,0,0,0,0
42,-4,-1,3,0.481,0,0,0.000,0,0,0,0,0,0,0,0
42,-1,4,3,0.752,0,0,0.000,0,0,0,0,0,0,4,4
42,1,3,3,0.771,0,0,0.000,0,0,0,0,0,0,15,15
42,2,3,0,1.973,5,0,2.053,1,0,0,0,0,5,135,135
42,-2,-2,3,0.281,0,0,0.000,0,0,0,0,0,0,0,0
42,3,-3,0,0.341,0,0,0.000,0,0,0,0,0,0,0,0
42,-4,7,2,1.271,319,0,4.371,0,2,0,824,319,0,340,340
42,-1,-3,2,0.791,0,0,0.000,0,0,0,0,0,0,0,0
42,-5,7,2,6.992,43,0,5.333,0,1,0,595,43,0,280,280
42,-1,6,1,2.562,192,0,3.722,0,1,0,463,192,0,399,399
42,-3,5,3,0.701,0,0,0.000,0,1,0,7,0,0,11,11
42,-7,8,0,2.544,880,0,10.614,1,0,0,0,0,880,584,584
42,-3,6,3,1.321,7,0,3.182,0,1,0,24,7,0,139,139
42,-5,6,3,1.252,0,0,0.000,0,1,0,102,0,0,121,121
42,-4,2,3,0.101,0,0,0.000,0,0,0,0,0,0,0,0
42,-3,1,3,1.281,0,0,0.000,0,0,0,0,0,0,0,0
42,-6,5,0,1.101,0,0,0.000,0,1,0,5,0,0,33,33
42,1,-1,3,0.561,0,0,0.000,0,0,0,0,0,0,0,0
42,-4,1,3,0.191,0,0,0.000,0,0,0,0,0,0,0,0
42,-5,2,2,0.231,0,0,0.000,0,0,0,0,0,0,0,0
42,-2,-3,0,0.331,0,0,0.000,0,0,0,0,0,0,0,0
42,1,-5,0,0.351,0,0,0.000,0,0,0,0,0,0,0,0
42,-7,7,0,2.511,240,0,4.861,1,0,0,0,0,240,383,383
42,2,1,2,0.891,0,0,0.000,0,0,0,0,0,0,0,0
43,1,-4,2,0.511,0,0,0.000,0,0,0,0,0,0,0,0
43,-3,0,3,0.351,0,0,0.000,0,0,0,0,0,0,0,0
43,-2,2,3,0.221,0,0,0.000,0,0,0,0,0,0,0,0
43,-1,-1,3,0.351,0,0,0.000,0,0,0,0,0,0,0,0
43,0,1,3,0.341,0,0,0.000,0,0,0,0,0,0,0,0
43,-5,3,2,1.601,0,0,0.000,0,0,0,0,0,0,0,0
43,-1,1,3,0.381,0,0,0.000,0,0,0,0,0,0,0,0
43,-2,-1,3,0.181,0,0,0.000,0,0,0,0,0,0,0,0
43,0,4,3,2.871,0,0,0.000,0,1,0,36,0,0,3,3
43,3,-6,0,0.231,0,0,0.000,0,0,0,0,0,0,0,0
43,-2,4,3,0.673,0,0,0.000,0,0,0,0,0,0,0,0
43,-2,0,3,1.771,0,0,0.000,0,0,0,0,0,0,0,0
43,0,2,3,0.192,0,0,0.000,0,0,0,0,0,0,0,0
43,-4,3,3,0.531,0,0,0.000,0,0,0,0,0,0,0,0
43,-5,9,0,1.151,1417,0,9.241,1,0,0,0,0,1417,285,285
43,-7,6,1,1.533,32,0,4.033,0,1,1,223,11,21,211,211
43,-3,2,3,2.121,0,0,0.000,0,0,0,0,0,0,0,0
43,2,-1,2,2.091,0,0,0.000,0,0,0,0,0,0,0,0
43,0,-4,1,0.201,0,0,0.000,0,0,0,0,0,0,0,0
43,-2,5,3,1.061,0,0,0.000,0,0,0,0,0,0,48,48
43,-4,6,3,2.871,0,0,0.000,0,3,0,645,0,0,62,62
43,-1,5,2,1.881,0,0,0.000,0,1,0,219,0,0,47,47
43,0,-3,2,0.161,0,0,0.000,0,0,0,0,0,0,0,0
43,-6,8,0,2.193,639,0,8.223,1,0,0,0,0,639,505,505
43,-1,-2,3,0.221,0,0,0.000,0,0,0,0,0,0,0,0
43,-2,3,3,3.031,0,0,0.000,0,0,0,0,0,0,0,0
43,-4,5,3,0.651,0,0,0.000,0,0,0,0,0,0,0,0
43,1,-3,3,1.041,0,0,0.000,0,0,0,0,0,0,0,0
43,0,-2,3,0.141,0,0,0.000,0,0,0,0,0,0,0,0
43,0,3,3,2.233,0,0,0.000,0,0,0,0,0,0,0,0
43,-6,6,2,2.472,1,0,3.673,0,1,0,32,1,0,44,44
43,-2,6,2,2.583,23,0,1.982,0,1,0,383,23,0,241,241
43,-3,3,3,0.411,0,0,0.000,0,0,0,0,0,0,0,0
43,2,-2,2,0.821,0,0,0.000,0,0,0,0,0,0,0,0
43,-4,-2,2,0.271,0,0,0.000,0,0,0,0,0,0,0,0
43,2,2,1,1.274,0,0,0.000,0,1,0,2,0,0,1,1
43,-5,1,0,0.193,0,0,0.000,0,0,0,0,0,0,0,0
43,2,-3,2,0.131,0,0,0.000,0,0,0,0,0,0,0,0
43,-4,0,2,0.221,0,0,0.000,0,0,0,0,0,0,0,0
43,-3,4,3,0.641,0,0,0.000,0,0,0,0,0,0,0,0
43,-4,8,1,3.811,634,0,6.582,0,1,0,44,634,0,384,384
43,1,2,2,0.513,0,0,0.000,0,0,0,0,0,0,0,0
43,-6,2,0,0.871,0,0,0.000,0,0,0,0,0,0,0,0
43,-5,-2,0,1.991,0,0,0.000,0,0,0,0,0,0,0,0
43,3,1,1,1.983,0,0,0.000,0,0,0,0,0,0,4,4
43,-6,7,2,1.321,95,0,3.171,0,1,0,775,95,0,262,262
43,2,-4,2,0.821,0,0,0.000,0,0,0,0,0,0,0,0
43,-1,3,3,1.031,0,0,0.000,0,0,0,0,0,0,0,0
43,-1,2,3,0.471,0,0,0.000,0,0,0,0,0,0,0,0
43,-5,8,1,3.232,670,0,5.811,0,1,0,793,670,0,538,538
43,1,4,2,1.353,36,0,3.072,0,2,0,728,36,0,143,143
43,1,0,3,0.291,0,0,0.000,0,0,0,0,0,0,0,0
43,-2,1,3,1.201,0,0,0.000,0,0,0,0,0,0,0,0
43,-5,0,1,1.191,0,0,0.000,0,0,0,0,0,0,0,0
43,2,0,3,0.921,0,0,0.000,0,0,0,0,0,0,0,0
43,2,4,1,1.522,270,0,6.472,0,1,1,655,223,47,440,440
43,-6,3,0,0.651,0,0,0.000,0,0,0,0,0,0,0,0
43,3,0,0,0.941,0,0,0.000,0,0,0,0,0,0,2,2
43,-5,4,2,1.141,0,0,0.000,0,0,0,0,0,0,0,0
43,1,-2,3,0.221,0,0,0.000,0,0,0,0,0,0,0,0
43,-4,-3,0,0.911,0,0,0.000,0,0,0,0,0,0,0,0
43,3,-5,0,0.171,0,0,0.000,0,0,0,0,0,0,0,0
43,0,6,0,5.362,581,0,8.562,1,0,0,65,0,581,361,361
43,2,5,0,30.000,878,0,10.252,1,0,0,47,0,878,380,380
43,-3,7,0,2.182,217,0,6.632,1,0,0,0,0,217,342,342
43,-5,5,3,0.793,0,0,0.000,0,0,0,0,0,0,7,7
43,2,-5,1,0.461,0,0,0.000,0,0,0,0,0,0,0,0
43,4,-3,0,2.041,0,0,0.000,0,0,0,0,0,0,0,0
43,-3,-3,0,0.211,0,0,0.000,0,0,0,0,0,0,0,0
43,-3,-1,3,0.301,0,0,0.000,0,0,0,0,0,0,0,0
43,0,5,3,0.792,47,47,-1.000,0,0,0,0,0,0,112,112
43,0,0,3,0.511,0,0,0.000,0,0,0,0,0,0,0,0
43,3,-1,0,1.181,0,0,0.000,0,0,0,0,0,0,0,0
43,-1,-4,0,0.461,0,0,0.000,0,0,0,0,0,0,0,0
43,3,-2,1,0.621,0,0,0.000,0,0,0,0,0,0,0,0
43,1,5,0,2.602,479,0,7.362,1,0,0,0,0,479,407,407
43,-3,-2,2,0.371,0,0,0.000,0,0,0,0,0,0,0,0
43,-1,0,3,0.381,0,0,0.000,0,0,0,0,0,0,0,0
43,-5,-1,1,1.911,0,0,0.000,0,0,0,0,0,0,0,0
43,0,-1,3,1.011,0,0,0.000,0,0,0,0,0,0,0,0
43,-2,7,0,1.662,396,0,5.602,1,0,0,0,0,396,533,533
43,-6,4,1,1.671,0,0,0.000,0,0,0,0,0,0,1,1
43,-4,4,3,0.941,0,0,0.000,0,0,0,0,0,0,0,0
43,1,1,3,0.491,0,0,0.000,0,0,0,0,0,0,0,0
43,3,-4,0,0.471,0,0,0.000,0,0,0,0,0,0,0,0
43,-4,-1,3,1.591,0,0,0.000,0,0,0,0,0,0,0,0
43,-1,4,3,0.752,0,0,0.000,0,0,0,0,0,0,5,5
43,1,3,3,0.771,0,0,0.000,0,0,0,0,0,0,9,9
43,2,3,0,1.842,2,0,1.892,1,0,0,0,0,2,112,112
43,-2,-2,3,0.181,0,0,0.000,0,0,0,0,0,0,0,0
43,3,-3,0,0.581,0,0,0.000,0,0,0,0,0,0,0,0
43,-4,7,2,0.771,292,0,4.251,0,2,0,880,292,0,350,350
43,-1,-3,2,0.591,0,0,0.000,0,0,0,0,0,0,0,0
43,-5,7,2,3.213,61,0,2.883,0,1,0,588,61,0,296,296
43,-1,6,1,2.162,219,0,6.562,0,1,1,427,154,65,427,427
43,-3,5,3,1.171,0,0,0.000,0,1,0,4,0,0,2,2
43,-7,8,0,2.091,861,0,9.971,1,0,0,0,0,861,600,600
43,-3,6,3,2.271,4,0,1.852,0,1,0,23,4,0,147,147
43,-5,6,3,1.462,0,0,0.000,0,1,0,95,0,0,145,145
43,-4,2,3,0.101,0,0,0.000,0,0,0,0,0,0,0,0
43,-3,1,3,0.371,0,0,0.000,0,0,0,0,0,0,0,0
43,-6,5,0,0.791,0,0,0.000,0,1,0,1,0,0,30,30
43,1,-1,3,1.321,0,0,0.000,0,0,0,0,0,0,0,0
43,-4,1,3,0.991,0,0,0.000,0,0,0,0,0,0,0,0
43,-5,2,2,0.771,0,0,0.000,0,0,0,0,0,0,0,0
43,-2,-3,0,0.331,0,0,0.000,0,0,0,0,0,0,0,0
43,1,-5,0,0.111,0,0,0.000,0,0,0,0,0,0,0,0
43,-7,7,0,3.771,234,0,5.883,1,0,0,21,0,234,417,417
43,2,1,2,0.891,0,0,0.000,0,0,0,0,0,0,0,0
44,1,-4,2,0.771,0,0,0.000,0,0,0,0,0,0,0,0
44,-3,0,3,0.631,0,0,0.000,0,0,0,0,0,0,0,0
44,-2,2,3,1.461,0,0,0.000,0,0,0,0,0,0,0,0
44,-1,-1,3,0.121,0,0,0.000,0,0,0,0,0,0,0,0
44,0,1,3,0.112,0,0,0.000,0,0,0,0,0,0,0,0
44,-5,3,2,0.911,0,0,0.000,0,0,0,0,0,0,0,0
44,-1,1,3,0.381,0,0,0.000,0,0,0,0,0,0,0,0
44,-2,-1,3,0.451,0,0,0.000,0,0,0,0,0,0,0,0
44,0,4,3,1.431,0,0,0.000,0,1,0,38,0,0,3,3
44,3,-6,0,0.701,0,0,0.000,0,0,0,0,0,0,0,0
44,-2,4,3,1.841,0,0,0.000,0,0,0,0,0,0,0,0
44,-2,0,3,0.431,0,0,0.000,0,0,0,0,0,0,0,0
44,0,2,3,0.381,0,0,0.000,0,0,0,0,0,0,0,0
44,-4,3,3,0.361,0,0,0.000,0,0,0,0,0,0,0,0
44,-5,9,0,1.151,1412,0,9.291,1,0,0,0,0,1412,308,308
44,-7,6,1,3.953,35,0,4.142,1,1,0,220,0,35,214,214
44,-3,2,3,0.271,0,0,0.000,0,0,0,0,0,0,0,0
44,2,-1,2,0.681,0,0,0.000,0,0,0,0,0,0,0,0
44,0,-4,1,0.831,0,0,0.000,0,0,0,0,0,0,0,0
44,-2,5,3,1.061,0,0,0.000,0,0,0,0,0,0,35,35
44,-4,6,3,1.191,0,0,0.000,0,3,0,597,0,0,77,77
44,-1,5,2,1.041,0,0,0.000,0,1,0,209,0,0,54,54
44,0,-3,2,0.441,0,0,0.000,0,0,0,0,0,0,0,0
44,-6,8,0,2.993,636,0,9.073,1,0,0,0,0,636,466,466
44,-1,-2,3,0.441,0,0,0.000,0,0,0,0,0,0,0,0
44,-2,3,3,1.891,0,0,0.000,0,0,0,0,0,0,0,0
44,-4,5,3,0.662,0,0,0.000,0,0,0,0,0,0,0,0
44,1,-3,3,0.411,0,0,0.000,0,0,0,0,0,0,0,0
44,0,-2,3,0.141,0,0,0.000,0,0,0,0,0,0,0,0
44,0,3,3,2.233,0,0,0.000,0,0,0,0,0,0,0,0
44,-6,6,2,1.622,2,0,3.692,0,1,1,35,0,2,30,30
44,-2,6,2,2.063,24,0,2.212,0,1,0,407,24,0,227,227
44,-3,3,3,0.621,0,0,0.000,0,0,0,0,0,0,0,0
44,2,-2,2,0.511,0,0,0.000,0,0,0,0,0,0,0,0
44,-4,-2,2,0.271,0,0,0.000,0,0,0,0,0,0,0,0
44,2,2,1,0.793,0,0,0.000,0,1,0,3,0,0,2,2
44,-5,1,0,1.001,0,0,0.000,0,0,0,0,0,0,0,0
44,2,-3,2,0.241,0,0,0.000,0,0,0,0,0,0,0,0
44,-4,0,2,0.221,0,0,0.000,0,0,0,0,0,0,0,0
44,-3,4,3,2.731,0,0,0.000,0,0,0,0,0,0,0,0
44,-4,8,1,2.851,612,0,7.002,0,1,0,53,612,0,384,384
44,1,2,2,3.591,0,0,0.000,0,0,0,0,0,0,0,0
44,-6,2,0,1.091,0,0,0.000,0,0,0,0,0,0,0,0
44,-5,-2,0,1.271,0,0,0.000,0,0,0,0,0,0,0,0
44,3,1,1,1.042,0,0,0.000,0,0,0,0,0,0,2,2
44,-6,7,2,1.321,77,0,2.701,0,1,0,839,77,0,255,255
44,2,-4,2,0.371,0,0,0.000,0,0,0,0,0,0,0,0
44,-1,3,3,0.451,0,0,0.000,0,0,0,0,0,0,0,0
44,-1,2,3,2.871,0,0,0.000,0,0,0,0,0,0,0,0
44,-5,8,1,2.381,648,0,5.771,0,1,0,798,648,0,560,560
44,1,4,2,2.203,38,0,2.192,0,2,0,734,38,0,131,131
44,1,0,3,0.291,0,0,0.000,0,0,0,0,0,0,0,0
44,-2,1,3,2.061,0,0,0.000,0,0,0,0,0,0,0,0
44,-5,0,1,0.531,0,0,0.000,0,0,0,0,0,0,0,0
44,2,0,3,1.851,0,0,0.000,0,0,0,0,0,0,0,0
44,2,4,1,2.483,263,0,4.392,0,1,0,677,263,0,443,443
44,-6,3,0,1.381,0,0,0.000,0,0,0,0,0,0,0,0
44,3,0,0,1.511,0,0,0.000,0,0,0,0,0,0,1,1
44,-5,4,2,0.741,0,0,0.000,0,0,0,0,0,0,0,0
44,1,-2,3,1.141,0,0,0.000,0,0,0,0,0,0,0,0
44,-4,-3,0,2.351,0,0,0.000,0,0,0,0,0,0,0,0
44,3,-5,0,0.341,0,0,0.000,0,0,0,0,0,0,0,0
44,0,6,0,3.242,561,0,7.552,1,0,0,0,0,561,363,363
44,2,5,0,1.672,905,0,8.552,1,0,0,0,0,905,387,387
44,-3,7,0,2.842,217,0,7.052,1,0,0,0,0,217,318,318
44,-5,5,3,1.392,0,0,0.000,0,0,0,0,0,0,6,6
44,2,-5,1,0.181,0,0,0.000,0,0,0,0,0,0,0,0
44,4,-3,0,0.431,0,0,0.000,0,0,0,0,0,0,0,0
44,-3,-3,0,0.811,0,0,0.000,0,0,0,0,0,0,0,0
44,-3,-1,3,0.111,0,0,0.000,0,0,0,0,0,0,0,0
44,0,5,3,1.433,49,49,-1.000,0,0,0,0,0,0,113,113
44,0,0,3,0.251,0,0,0.000,0,0,0,0,0,0,0,0
44,3,-1,0,0.431,0,0,0.000,0,0,0,0,0,0,0,0
44,-1,-4,0,1.101,0,0,0.000,0,0,0,0,0,0,0,0
44,3,-2,1,0.411,0,0,0.000,0,0,0,0,0,0,0,0
44,1,5,0,2.552,480,0,7.532,1,0,0,0,0,480,396,396
44,-3,-2,2,0.371,0,0,0.000,0,0,0,0,0,0,0,0
44,-1,0,3,0.911,0,0,0.000,0,0,0,0,0,0,0,0
44,-5,-1,1,1.801,0,0,0.000,0,0,0,0,0,0,0,0
44,0,-1,3,1.371,0,0,0.000,0,0,0,0,0,0,0,0
44,-2,7,0,1.872,424,0,6.052,1,0,0,0,0,424,518,518
44,-6,4,1,1.502,0,0,0.000,0,0,0,0,0,0,2,2
44,-4,4,3,1.131,0,0,0.000,0,0,0,0,0,0,0,0
44,1,1,3,1.291,0,0,0.000,0,0,0,0,0,0,0,0
44,3,-4,0,0.501,0,0,0.000,0,0,0,0,0,0,0,0
44,-4,-1,3,0.481,0,0,0.000,0,0,0,0,0,0,0,0
44,-1,4,3,0.942,0,0,0.000,0,0,0,0,0,0,5,5
44,1,3,3,1.091,0,0,0.000,0,0,0,0,0,0,9,9
44,2,3,0,1.704,3,0,1.764,1,0,0,0,0,3,109,109
44,-2,-2,3,0.331,0,0,0.000,0,0,0,0,0,0,0,0
44,3,-3,0,0.471,0,0,0.000,0,0,0,0,0,0,0,0
44,-4,7,2,1.491,273,0,4.061,0,2,0,852,273,0,325,325
44,-1,-3,2,0.391,0,0,0.000,0,0,0,0,0,0,0,0
44,-5,7,2,3.483,51,0,3.583,0,1,0,593,51,0,295,295
44,-1,6,1,2.162,209,0,5.542,0,1,0,420,209,0,401,401
44,-3,5,3,30.000,0,0,0.000,0,1,0,4,0,0,8,8
44,-7,8,0,1.811,905,0,10.331,1,0,0,0,0,905,601,601
44,-3,6,3,1.901,4,0,2.072,0,1,0,24,4,0,163,163
44,-5,6,3,1.252,0,0,0.000,0,1,0,77,0,0,122,122
44,-4,2,3,0.211,0,0,0.000,0,0,0,0,0,0,0,0
44,-3,1,3,1.281,0,0,0.000,0,0,0,0,0,0,0,0
44,-6,5,0,0.541,0,0,0.000,0,0,0,0,0,0,22,22
44,1,-1,3,13.681,0,0,0.000,0,0,0,0,0,0,0,0
44,-4,1,3,0.191,0,0,0.000,0,0,0,0,0,0,0,0
44,-5,2,2,0.171,0,0,0.000,0,0,0,0,0,0,0,0
44,-2,-3,0,0.171,0,0,0.000,0,0,0,0,0,0,0,0
44,1,-5,0,0.111,0,0,0.000,0,0,0,0,0,0,0,0
44,-7,7,0,30.000,218,0,32.260,1,0,0,0,0,218,402,402
44,2,1,2,1.071,0,0,0.000,0,0,0,0,0,0,0,0
45,1,-4,2,1.031,0,0,0.000,0,0,0,0,0,0,0,0
45,-3,0,3,0.351,0,0,0.000,0,0,0,0,0,0,0,0
45,-2,2,3,0.541,0,0,0.000,0,0,0,0,0,0,0,0
45,-1,-1,3,0.221,0,0,0.000,0,0,0,0,0,0,0,0
45,0,1,3,0.391,0,0,0.000,0,0,0,0,0,0,0,0
45,-5,3,2,0.911,0,0,0.000,0,0,0,0,0,0,0,0
45,-1,1,3,0.201,0,0,0.000,0,0,0,0,0,0,0,0
45,-2,-1,3,0.181,0,0,0.000,0,0,0,0,0,0,0,0
45,0,4,3,1.191,0,0,0.000,0,1,0,28,0,0,2,2
45,3,-6,0,1.021,0,0,0.000,0,0,0,0,0,0,0,0
45,-2,4,3,0.651,0,0,0.000,0,0,0,0,0,0,0,0
45,-2,0,3,0.211,0,0,0.000,0,0,0,0,0,0,0,0
45,0,2,3,0.581,0,0,0.000,0,0,0,0,0,0,0,0
45,-4,3,3,0.531,0,0,0.000,0,0,0,0,0,0,0,0
45,-5,9,0,1.001,1415,0,9.371,1,0,0,0,0,1415,303,303
45,-7,6,1,1.382,30,0,2.951,0,1,0,221,30,0,190,190
45,-3,2,3,0.251,0,0,0.000,0,0,0,0,0,0,0,0
45,2,-1,2,2.091,0,0,0.000,0,0,0,0,0,0,0,0
45,0,-4,1,0.241,0,0,0.000,0,0,0,0,0,0,0,0
45,-2,5,3,0.901,0,0,0.000,0,0,0,0,0,0,34,34
45,-4,6,3,2.002,0,0,0.000,0,4,0,940,0,0,58,58
45,-1,5,2,2.091,0,0,0.000,0,1,0,203,0,0,45,45
45,0,-3,2,0.161,0,0,0.000,0,0,0,0,0,0,0,0
45,-6,8,0,2.393,612,0,8.413,1,0,0,0,0,612,509,509
45,-1,-2,3,1.131,0,0,0.000,0,0,0,0,0,0,0,0
45,-2,3,3,0.371,0,0,0.000,0,0,0,0,0,0,0,0
45,-4,5,3,1.751,0,0,0.000,0,0,0,0,0,0,0,0
45,1,-3,3,2.331,0,0,0.000,0,0,0,0,0,0,0,0
45,0,-2,3,0.531,0,0,0.000,0,0,0,0,0,0,0,0
45,0,3,3,1.391,0,0,0.000,0,0,0,0,0,0,0,0
45,-6,6,2,1.282,6,0,2.661,0,1,0,30,6,0,37,37
45,-2,6,2,2.063,21,0,2.182,0,1,0,428,21,0,223,223
45,-3,3,3,0.471,0,0,0.000,0,0,0,0,0,0,0,0
45,2,-2,2,0.551,0,0,0.000,0,0,0,0,0,0,0,0
45,-4,-2,2,0.871,0,0,0.000,0,0,0,0,0,0,0,0
45,2,2,1,0.954,0,0,0.000,0,0,0,0,0,0,1,1
45,-5,1,0,0.201,0,0,0.000,0,0,0,0,0,0,0,0
45,2,-3,2,0.941,0,0,0.000,0,0,0,0,0,0,0,0
45,-4,0,2,0.221,0,0,0.000,0,0,0,0,0,0,0,0
45,-3,4,3,0.421,0,0,0.000,0,0,0,0,0,0,0,0
45,-4,8,1,3.331,640,0,7.231,1,1,0,149,0,640,376,376
45,1,2,2,1.341,0,0,0.000,0,0,0,0,0,0,0,0
45,-6,2,0,0.881,0,0,0.000,0,0,0,0,0,0,0,0
45,-5,-2,0,1.111,0,0,0.000,0,0,0,0,0,0,0,0
45,3,1,1,1.461,0,0,0.000,0,0,0,0,0,0,3,3
45,-6,7,2,1.701,104,0,3.153,0,1,0,770,104,0,240,240
45,2,-4,2,2.081,0,0,0.000,0,0,0,0,0,0,0,0
45,-1,3,3,1.031,0,0,0.000,0,0,0,0,0,0,0,0
45,-1,2,3,0.311,0,0,0.000,0,0,0,0,0,0,0,0
45,-5,8,1,0.981,639,0,5.441,0,1,0,821,639,0,542,542
45,1,4,2,1.353,28,0,2.092,0,2,0,726,28,0,139,139
45,1,0,3,0.291,0,0,0.000,0,0,0,0,0,0,0,0
45,-2,1,3,0.651,0,0,0.000,0,0,0,0,0,0,0,0
45,-5,0,1,1.141,0,0,0.000,0,0,0,0,0,0,0,0
45,2,0,3,0.921,0,0,0.000,0,0,0,0,0,0,0,0
45,2,4,1,1.633,260,0,4.352,0,1,0,670,260,0,432,432
45,-6,3,0,0.941,0,0,0.000,0,0,0,0,0,0,0,0
45,3,0,0,0.941,0,0,0.000,0,0,0,0,0,0,2,2
45,-5,4,2,0.911,0,0,0.000,0,0,0,0,0,0,0,0
45,1,-2,3,0.451,0,0,0.000,0,0,0,0,0,0,0,0
45,-4,-3,0,4.511,0,0,0.000,0,0,0,0,0,0,0,0
45,3,-5,0,0.351,0,0,0.000,0,0,0,0,0,0,0,0
45,0,6,0,1.832,568,0,6.222,1,0,0,0,0,568,330,330
45,2,5,0,1.672,895,0,8.482,1,0,0,0,0,895,402,402
45,-3,7,0,3.062,200,0,7.522,1,0,0,0,0,200,333,333
45,-5,5,3,0.793,0,0,0.000,0,0,0,0,0,0,10,10
45,2,-5,1,0.631,0,0,0.000,0,0,0,0,0,0,0,0
45,4,-3,0,2.181,0,0,0.000,0,0,0,0,0,0,0,0
45,-3,-3,0,0.811,0,0,0.000,0,0,0,0,0,0,0,0
45,-3,-1,3,0.111,0,0,0.000,0,0,0,0,0,0,0,0
45,0,5,3,1.592,44,44,-1.000,0,0,0,0,0,0,111,111
45,0,0,3,0.381,0,0,0.000,0,0,0,0,0,0,0,0
45,3,-1,0,0.281,0,0,0.000,0,0,0,0,0,0,0,0
45,-1,-4,0,2.321,0,0,0.000,0,0,0,0,0,0,0,0
45,3,-2,1,0.621,0,0,0.000,0,0,0,0,0,0,0,0
45,1,5,0,2.782,476,0,7.722,1,0,0,0,0,476,420,420
45,-3,-2,2,0.371,0,0,0.000,0,0,0,0,0,0,0,0
45,-1,0,3,0.211,0,0,0.000,0,0,0,0,0,0,0,0
45,-5,-1,1,1.671,0,0,0.000,0,0,0,0,0,0,0,0
45,0,-1,3,0.521,0,0,0.000,0,0,0,0,0,0,0,0
45,-2,7,0,1.872,445,0,6.262,1,0,0,0,0,445,465,465
45,-6,4,1,2.073,0,0,0.000,0,0,0,0,0,0,2,2
45,-4,4,3,0.561,0,0,0.000,0,0,0,0,0,0,0,0
45,1,1,3,0.751,0,0,0.000,0,0,0,0,0,0,0,0
45,3,-4,0,0.471,0,0,0.000,0,0,0,0,0,0,0,0
45,-4,-1,3,0.481,0,0,0.000,0,0,0,0,0,0,0,0
45,-1,4,3,0.752,0,0,0.000,0,0,0,0,0,0,4,4
45,1,3,3,1.251,0,0,0.000,0,0,0,0,0,0,13,13
45,2,3,0,1.704,0,0,0.000,0,0,0,0,0,0,123,123
45,-2,-2,3,1.851,0,0,0.000,0,0,0,0,0,0,0,0
45,3,-3,0,0.991,0,0,0.000,0,0,0,0,0,0,0,0
45,-4,7,2,0.771,302,0,4.201,0,3,1,1295,207,95,322,322
45,-1,-3,2,0.191,0,0,0.000,0,0,0,0,0,0,0,0
45,-5,7,2,5.103,34,0,2.823,0,1,0,587,34,0,283,283
45,-1,6,1,3.162,203,0,4.052,0,1,0,428,203,0,396,396
45,-3,5,3,0.541,0,0,0.000,0,1,0,5,0,0,3,3
45,-7,8,0,1.983,861,0,9.813,1,0,0,0,0,861,635,635
45,-3,6,3,2.472,5,0,2.072,0,1,0,21,5,0,157,157
45,-5,6,3,1.672,0,0,0.000,0,1,0,104,0,0,125,125
45,-4,2,3,2.081,0,0,0.000,0,0,0,0,0,0,0,0
45,-3,1,3,0.271,0,0,0.000,0,0,0,0,0,0,0,0
45,-6,5,0,30.000,0,0,0.000,0,1,0,6,0,0,32,32
45,1,-1,3,0.181,0,0,0.000,0,0,0,0,0,0,0,0
45,-4,1,3,0.391,0,0,0.000,0,0,0,0,0,0,0,0
45,-5,2,2,0.351,0,0,0.000,0,0,0,0,0,0,0,0
45,-2,-3,0,0.331,0,0,0.000,0,0,0,0,0,0,0,0
45,1,-5,0,0.351,0,0,0.000,0,0,0,0,0,0,0,0
45,-7,7,0,2.511,231,0,4.801,1,0,0,0,0,231,418,418
45,2,1,2,1.611,0,0,0.000,0,0,0,0,0,0,0,0
46,1,-4,2,0.611,0,0,0.000,0,0,0,0,0,0,0,0
46,-3,0,3,0.851,0,0,0.000,0,0,0,0,0,0,0,0
46,-2,2,3,1.001,0,0,0.000,0,0,0,0,0,0,0,0
46,-1,-1,3,0.121,0,0,0.000,0,0,0,0,0,0,0,0
46,0,1,3,0.631,0,0,0.000,0,0,0,0,0,0,0,0
46,-5,3,2,0.681,0,0,0.000,0,0,0,0,0,0,0,0
46,-1,1,3,0.381,0,0,0.000,0,0,0,0,0,0,0,0
46,-2,-1,3,1.971,0,0,0.000,0,0,0,0,0,0,0,0
46,0,4,3,2.151,0,0,0.000,0,1,0,29,0,0,1,1
46,3,-6,0,0.461,0,0,0.000,0,0,0,0,0,0,0,0
46,-2,4,3,1.341,0,0,0.000,0,0,0,0,0,0,0,0
46,-2,0,3,0.431,0,0,0.000,0,0,0,0,0,0,0,0
46,0,2,3,0.451,0,0,0.000,0,0,0,0,0,0,0,0
46,-4,3,3,0.531,0,0,0.000,0,0,0,0,0,0,0,0
46,-5,9,0,1.001,1417,0,9.161,1,0,0,0,0,1417,293,293
46,-7,6,1,1.382,34,0,3.691,0,1,0,190,34,0,219,219
46,-3,2,3,2.121,0,0,0.000,0,0,0,0,0,0,0,0
46,2,-1,2,0.681,0,0,0.000,0,0,0,0,0,0,0,0
46,0,-4,1,0.801,0,0,0.000,0,0,0,0,0,0,0,0
46,-2,5,3,1.061,0,0,0.000,0,0,0,0,0,0,33,33
46,-4,6,3,1.282,0,0,0.000,0,3,0,700,0,0,70,70
46,-1,5,2,1.251,0,0,0.000,0,1,0,187,0,0,42,42
46,0,-3,2,1.181,0,0,0.000,0,0,0,0,0,0,0,0
46,-6,8,0,1.793,649,0,7.903,1,0,0,0,0,649,469,469
46,-1,-2,3,0.221,0,0,0.000,0,0,0,0,0,0,0,0
46,-2,3,3,0.371,0,0,0.000,0,0,0,0,0,0,0,0
46,-4,5,3,2.202,0,0,0.000,0,0,0,0,0,0,0,0
46,1,-3,3,0.621,0,0,0.000,0,0,0,0,0,0,0,0
46,0,-2,3,0.381,0,0,0.000,0,0,0,0,0,0,0,0
46,0,3,3,0.574,0,0,0.000,0,0,0,0,0,0,0,0
46,-6,6,2,1.622,4,0,3.361,0,1,0,33,4,0,43,43
46,-2,6,2,3.883,21,0,2.392,0,1,0,411,21,0,239,239
46,-3,3,3,0.411,0,0,0.000,0,0,0,0,0,0,0,0
46,2,-2,2,0.791,0,0,0.000,0,0,0,0,0,0,0,0
46,-4,-2,2,0.291,0,0,0.000,0,0,0,0,0,0,0,0
46,2,2,1,0.982,0,0,0.000,0,1,0,3,0,0,3,3
46,-5,1,0,0.201,0,0,0.000,0,0,0,0,0,0,0,0
46,2,-3,2,0.381,0,0,0.000,0,0,0,0,0,0,0,0
46,-4,0,2,0.371,0,0,0.000,0,0,0,0,0,0,0,0
46,-3,4,3,0.641,0,0,0.000,0,0,0,0,0,0,0,0
46,-4,8,1,2.854,621,0,5.712,0,1,0,57,621,0,411,411
46,1,2,2,1.013,0,0,0.000,0,0,0,0,0,0,0,0
46,-6,2,0,4.611,0,0,0.000,0,0,0,0,0,0,0,0
46,-5,-2,0,1.191,0,0,0.000,0,0,0,0,0,0,0,0
46,3,1,1,1.761,0,0,0.000,0,0,0,0,0,0,2,2
46,-6,7,2,2.283,113,0,4.233,0,1,0,790,113,0,234,234
46,2,-4,2,0.371,0,0,0.000,0,0,0,0,0,0,0,0
46,-1,3,3,0.451,0,0,0.000,0,0,0,0,0,0,0,0
46,-1,2,3,0.311,0,0,0.000,0,0,0,0,0,0,0,0
46,-5,8,1,30.000,648,0,5.271,0,1,0,800,648,0,556,556
46,1,4,2,1.523,29,0,2.182,0,2,0,711,29,0,137,137
46,1,0,3,0.411,0,0,0.000,0,0,0,0,0,0,0,0
46,-2,1,3,0.611,0,0,0.000,0,0,0,0,0,0,0,0
46,-5,0,1,1.923,0,0,0.000,0,0,0,0,0,0,0,0
46,2,0,3,0.611,0,0,0.000,0,0,0,0,0,0,0,0
46,2,4,1,2.144,265,0,4.922,0,1,0,695,265,0,427,427
46,-6,3,0,0.651,0,0,0.000,0,0,0,0,0,0,0,0
46,3,0,0,0.802,0,0,0.000,0,0,0,0,0,0,2,2
46,-5,4,2,1.601,0,0,0.000,0,0,0,0,0,0,0,0
46,1,-2,3,1.141,0,0,0.000,0,0,0,0,0,0,0,0
46,-4,-3,0,0.671,0,0,0.000,0,0,0,0,0,0,0,0
46,3,-5,0,0.341,0,0,0.000,0,0,0,0,0,0,0,0
46,0,6,0,2.252,559,0,6.672,1,0,0,0,0,559,368,368
46,2,5,0,2.092,910,0,9.152,1,0,0,0,0,910,383,383
46,-3,7,0,1.742,221,0,5.762,1,0,0,0,0,221,365,365
46,-5,5,3,1.771,0,0,0.000,0,0,0,0,0,0,7,7
46,2,-5,1,0.161,0,0,0.000,0,0,0,0,0,0,0,0
46,4,-3,0,0.661,0,0,0.000,0,0,0,0,0,0,0,0
46,-3,-3,0,0.112,0,0,0.000,0,0,0,0,0,0,0,0
46,-3,-1,3,0.111,0,0,0.000,0,0,0,0,0,0,0,0
46,0,5,3,1.433,58,58,-1.000,0,0,0,0,0,0,103,103
46,0,0,3,0.641,0,0,0.000,0,0,0,0,0,0,0,0
46,3,-1,0,0.881,0,0,0.000,0,0,0,0,0,0,0,0
46,-1,-4,0,0.301,0,0,0.000,0,0,0,0,0,0,0,0
46,3,-2,1,0.411,0,0,0.000,0,0,0,0,0,0,0,0
46,1,5,0,1.782,466,0,6.422,1,0,0,0,0,466,404,404
46,-3,-2,2,0.561,0,0,0.000,0,0,0,0,0,0,0,0
46,-1,0,3,0.251,0,0,0.000,0,0,0,0,0,0,0,0
46,-5,-1,1,0.691,0,0,0.000,0,0,0,0,0,0,0,0
46,0,-1,3,0.391,0,0,0.000,0,0,0,0,0,0,0,0
46,-2,7,0,2.082,426,0,6.302,1,0,0,0,0,426,477,477
46,-6,4,1,1.052,0,0,0.000,0,0,0,0,0,0,0,0
46,-4,4,3,0.371,0,0,0.000,0,0,0,0,0,0,0,0
46,1,1,3,0.191,0,0,0.000,0,0,0,0,0,0,0,0
46,3,-4,0,1.251,0,0,0.000,0,0,0,0,0,0,0,0
46,-4,-1,3,0.481,0,0,0.000,0,0,0,0,0,0,0,0
46,-1,4,3,0.752,0,0,0.000,0,0,0,0,0,0,6,6
46,1,3,3,0.771,0,0,0.000,0,0,0,0,0,0,8,8
46,2,3,0,1.701,3,0,1.751,1,0,0,0,0,3,122,122
46,-2,-2,3,0.711,0,0,0.000,0,0,0,0,0,0,0,0
46,3,-3,0,3.701,0,0,0.000,0,0,0,0,0,0,0,0
46,-4,7,2,1.191,321,0,4.391,0,2,0,798,321,0,325,325
46,-1,-3,2,0.191,0,0,0.000,0,0,0,0,0,0,0,0
46,-5,7,2,3.752,58,0,2.473,0,1,0,596,58,0,299,299
46,-1,6,1,2.762,187,0,4.312,0,1,0,431,187,0,378,378
46,-3,5,3,2.382,0,0,0.000,0,1,0,7,0,0,8,8
46,-7,8,0,2.963,896,0,10.993,1,0,0,0,0,896,567,567
46,-3,6,3,1.321,7,0,2.312,0,1,0,21,7,0,157,157
46,-5,6,3,3.562,0,0,0.000,0,1,0,113,0,0,136,136
46,-4,2,3,0.321,0,0,0.000,0,0,0,0,0,0,0,0
46,-3,1,3,0.841,0,0,0.000,0,0,0,0,0,0,0,0
46,-6,5,0,1.071,0,0,0.000,0,1,0,4,0,0,39,39
46,1,-1,3,0.371,0,0,0.000,0,0,0,0,0,0,0,0
46,-4,1,3,1.611,0,0,0.000,0,0,0,0,0,0,0,0
46,-5,2,2,0.171,0,0,0.000,0,0,0,0,0,0,0,0
46,-2,-3,0,0.491,0,0,0.000,0,0,0,0,0,0,0,0
46,1,-5,0,0.111,0,0,0.000,0,0,0,0,0,0,0,0
46,-7,7,0,3.231,207,0,5.211,1,0,0,0,0,207,433,433
46,2,1,2,1.251,0,0,0.000,0,0,0,0,0,0,0,0
47,1,-4,2,0.511,0,0,0.000,0,0,0,0,0,0,0,0
47,-3,0,3,1.011,0,0,0.000,0,0,0,0,0,0,0,0
47,-2,2,3,0.311,0,0,0.000,0,0,0,0,0,0,0,0
47,-1,-1,3,0.121,0,0,0.000,0,0,0,0,0,0,0,0
47,0,1,3,0.531,0,0,0.000,0,0,0,0,0,0,0,0
47,-5,3,2,1.601,0,0,0.000,0,0,0,0,0,0,0,0
47,-1,1,3,0.201,0,0,0.000,0,0,0,0,0,0,0,0
47,-2,-1,3,0.261,0,0,0.000,0,0,0,0,0,0,0,0
47,0,4,3,4.551,0,0,0.000,0,1,0,29,0,0,4,4
47,3,-6,0,0.461,0,0,0.000,0,0,0,0,0,0,0,0
47,-2,4,3,0.673,0,0,0.000,0,0,0,0,0,0,0,0
47,-2,0,3,0.231,0,0,0.000,0,0,0,0,0,0,0,0
47,0,2,3,0.381,0,0,0.000,0,0,0,0,0,0,0,0
47,-4,3,3,0.531,0,0,0.000,0,0,0,0,0,0,0,0
47,-5,9,0,2.351,1393,0,10.101,1,0,0,0,0,1393,347,347
47,-7,6,1,1.643,30,0,3.471,0,1,0,225,30,0,203,203
47,-3,2,3,0.501,0,0,0.000,0,0,0,0,0,0,0,0
47,2,-1,2,1.281,0,0,0.000,0,0,0,0,0,0,0,0
47,0,-4,1,0.381,0,0,0.000,0,0,0,0,0,0,0,0
47,-2,5,3,1.061,0,0,0.000,0,0,0,0,0,0,34,34
47,-4,6,3,2.171,0,0,0.000,0,3,0,670,0,0,65,65
47,-1,5,2,1.251,0,0,0.000,0,1,0,195,0,0,36,36
47,0,-3,2,0.161,0,0,0.000,0,0,0,0,0,0,0,0
47,-6,8,0,1.993,634,0,8.143,1,0,0,0,0,634,478,478
47,-1,-2,3,0.221,0,0,0.000,0,0,0,0,0,0,0,0
47,-2,3,3,0.371,0,0,0.000,0,0,0,0,0,0,0,0
47,-4,5,3,0.671,0,0,0.000,0,0,0,0,0,0,0,0
47,1,-3,3,0.881,0,0,0.000,0,0,0,0,0,0,0,0
47,0,-2,3,1.131,0,0,0.000,0,0,0,0,0,0,0,0
47,0,3,3,0.781,0,0,0.000,0,0,0,0,0,0,0,0
47,-6,6,2,1.452,5,0,3.191,0,1,0,29,5,0,49,49
47,-2,6,2,4.231,22,0,3.372,0,1,0,389,22,0,246,246
47,-3,3,3,0.201,0,0,0.000,0,0,0,0,0,0,0,0
47,2,-2,2,0.471,0,0,0.000,0,0,0,0,0,0,0,0
47,-4,-2,2,0.271,0,0,0.000,0,0,0,0,0,0,0,0
47,2,2,1,0.954,0,0,0.000,0,1,0,2,0,0,0,0
47,-5,1,0,0.361,0,0,0.000,0,0,0,0,0,0,0,0
47,2,-3,2,0.271,0,0,0.000,0,0,0,0,0,0,0,0
47,-4,0,2,2.211,0,0,0.000,0,0,0,0,0,0,0,0
47,-3,4,3,0.421,0,0,0.000,0,0,0,0,0,0,0,0
47,-4,8,1,3.811,602,0,6.662,0,1,0,60,602,0,422,422
47,1,2,2,0.991,0,0,0.000,0,0,0,0,0,0,0,0
47,-6,2,0,0.871,0,0,0.000,0,0,0,0,0,0,0,0
47,-5,-2,0,0.791,0,0,0.000,0,0,0,0,0,0,0,0
47,3,1,1,3.951,0,0,0.000,0,0,0,0,0,0,0,0
47,-6,7,2,1.321,98,0,2.631,0,1,0,791,98,0,223,223
47,2,-4,2,0.381,0,0,0.000,0,0,0,0,0,0,0,0
47,-1,3,3,1.111,0,0,0.000,0,0,0,0,0,0,0,0
47,-1,2,3,0.151,0,0,0.000,0,0,0,0,0,0,0,0
47,-5,8,1,1.871,672,0,6.891,0,1,0,759,672,0,564,564
47,1,4,2,1.183,29,0,2.451,0,2,0,703,29,0,162,162
47,1,0,3,0.291,0,0,0.000,0,0,0,0,0,0,0,0
47,-2,1,3,0.991,0,0,0.000,0,0,0,0,0,0,0,0
47,-5,0,1,3.041,0,0,0.000,0,0,0,0,0,0,0,0
47,2,0,3,1.901,0,0,0.000,0,0,0,0,0,0,0,0
47,2,4,1,1.463,258,0,4.641,0,1,0,705,258,0,421,421
47,-6,3,0,1.291,0,0,0.000,0,0,0,0,0,0,0,0
47,3,0,0,3.982,0,0,0.000,0,0,0,0,0,0,0,0
47,-5,4,2,1.141,0,0,0.000,0,0,0,0,0,0,0,0
47,1,-2,3,0.681,0,0,0.000,0,0,0,0,0,0,0,0
47,-4,-3,0,1.871,0,0,0.000,0,0,0,0,0,0,0,0
47,3,-5,0,0.431,0,0,0.000,0,0,0,0,0,0,0,0
47,0,6,0,1.372,579,0,5.982,1,0,0,0,0,579,345,345
47,2,5,0,2.021,931,0,9.181,1,0,0,0,0,931,380,380
47,-3,7,0,2.842,215,0,6.712,1,0,0,0,0,215,338,338
47,-5,5,3,0.971,0,0,0.000,0,0,0,0,0,0,8,8
47,2,-5,1,0.161,0,0,0.000,0,0,0,0,0,0,0,0
47,4,-3,0,0.431,0,0,0.000,0,0,0,0,0,0,0,0
47,-3,-3,0,0.112,0,0,0.000,0,0,0,0,0,0,0,0
47,-3,-1,3,0.161,0,0,0.000,0,0,0,0,0,0,0,0
47,0,5,3,0.792,40,40,-1.000,0,0,0,0,0,0,111,111
47,0,0,3,0.451,0,0,0.000,0,0,0,0,0,0,0,0
47,3,-1,0,1.181,0,0,0.000,0,0,0,0,0,0,0,0
47,-1,-4,0,0.401,0,0,0.000,0,0,0,0,0,0,0,0
47,3,-2,1,0.411,0,0,0.000,0,0,0,0,0,0,0,0
47,1,5,0,3.862,459,0,8.632,1,0,0,0,0,459,412,412
47,-3,-2,2,0.561,0,0,0.000,0,0,0,0,0,0,0,0
47,-1,0,3,0.601,0,0,0.000,0,0,0,0,0,0,0,0
47,-5,-1,1,2.151,0,0,0.000,0,0,0,0,0,0,0,0
47,0,-1,3,0.191,0,0,0.000,0,0,0,0,0,0,0,0
47,-2,7,0,3.082,401,0,7.082,1,0,0,0,0,401,513,513
47,-6,4,1,2.241,0,0,0.000,0,0,0,0,0,0,2,2
47,-4,4,3,0.371,0,0,0.000,0,0,0,0,0,0,0,0
47,1,1,3,0.351,0,0,0.000,0,0,0,0,0,0,0,0
47,3,-4,0,0.731,0,0,0.000,0,0,0,0,0,0,0,0
47,-4,-1,3,2.481,0,0,0.000,0,0,0,0,0,0,0,0
47,-1,4,3,0.851,0,0,0.000,0,0,0,0,0,0,6,6
47,1,3,3,0.771,0,0,0.000,0,0,0,0,0,0,10,10
47,2,3,0,2.203,2,0,2.253,1,0,0,0,0,2,117,117
47,-2,-2,3,1.851,0,0,0.000,0,0,0,0,0,0,0,0
47,3,-3,0,1.471,0,0,0.000,0,0,0,0,0,0,0,0
47,-4,7,2,3.831,312,0,5.671,0,2,0,809,312,0,308,308
47,-1,-3,2,1.191,0,0,0.000,0,0,0,0,0,0,0,0
47,-5,7,2,3.213,46,0,2.533,0,1,0,600,46,0,306,306
47,-1,6,1,2.962,195,0,3.502,0,1,0,450,195,0,413,413
47,-3,5,3,1.001,0,0,0.000,0,1,0,6,0,0,4,4
47,-7,8,0,1.531,880,0,9.571,1,0,0,0,0,880,615,615
47,-3,6,3,1.511,6,0,3.301,0,1,0,21,6,0,119,119
47,-5,6,3,2.391,0,0,0.000,0,1,0,98,0,0,128,128
47,-4,2,3,0.651,0,0,0.000,0,0,0,0,0,0,0,0
47,-3,1,3,0.181,0,0,0.000,0,0,0,0,0,0,0,0
47,-6,5,0,0.931,0,0,0.000,0,1,0,5,0,0,31,31
47,1,-1,3,0.561,0,0,0.000,0,0,0,0,0,0,0,0
47,-4,1,3,0.811,0,0,0.000,0,0,0,0,0,0,0,0
47,-5,2,2,0.591,0,0,0.000,0,0,0,0,0,0,0,0
47,-2,-3,0,0.171,0,0,0.000,0,0,0,0,0,0,0,0
47,1,-5,0,0.111,0,0,0.000,0,0,0,0,0,0,0,0
47,-7,7,0,3.051,239,0,5.381,1,0,0,0,0,239,400,400
47,2,1,2,1.071,0,0,0.000,0,0,0,0,0,0,0,0
48,1,-4,2,0.511,0,0,0.000,0,0,0,0,0,0,0,0
48,-3,0,3,11.851,0,0,0.000,0,0,0,0,0,0,0,0
48,-2,2,3,0.221,0,0,0.000,0,0,0,0,0,0,0,0
48,-1,-1,3,0.151,0,0,0.000,0,0,0,0,0,0,0,0
48,0,1,3,0.112,0,0,0.000,0,0,0,0,0,0,0,0
48,-5,3,2,0.681,0,0,0.000,0,0,0,0,0,0,0,0
48,-1,1,3,1.461,0,0,0.000,0,0,0,0,0,0,0,0
48,-2,-1,3,0.341,0,0,0.000,0,0,0,0,0,0,0,0
48,0,4,3,1.671,0,0,0.000,0,1,0,30,0,0,2,2
48,3,-6,0,1.481,0,0,0.000,0,0,0,0,0,0,0,0
48,-2,4,3,0.673,0,0,0.000,0,0,0,0,0,0,0,0
48,-2,0,3,0.211,0,0,0.000,0,0,0,0,0,0,0,0
48,0,2,3,0.851,0,0,0.000,0,0,0,0,0,0,0,0
48,-4,3,3,0.183,0,0,0.000,0,0,0,0,0,0,0,0
48,-5,9,0,1.151,1428,0,9.491,1,0,0,0,0,1428,285,285
48,-7,6,1,1.423,25,0,3.081,0,1,0,216,25,0,218,218
48,-3,2,3,0.421,0,0,0.000,0,0,0,0,0,0,0,0
48,2,-1,2,1.581,0,0,0.000,0,0,0,0,0,0,0,0
48,0,-4,1,1.011,0,0,0.000,0,0,0,0,0,0,0,0
48,-2,5,3,1.861,0,0,0.000,0,0,0,0,0,0,41,41
48,-4,6,3,1.431,0,0,0.000,0,3,0,660,0,0,71,71
48,-1,5,2,4.611,0,0,0.000,0,1,0,202,0,0,51,51
48,0,-3,2,0.501,0,0,0.000,0,0,0,0,0,0,0,0
48,-6,8,0,3.393,653,0,9.703,1,0,0,0,0,653,488,488
48,-1,-2,3,0.441,0,0,0.000,0,0,0,0,0,0,0,0
48,-2,3,3,1.321,0,0,0.000,0,0,0,0,0,0,0,0
48,-4,5,3,0.651,0,0,0.000,0,1,0,1,0,0,0,0
48,1,-3,3,7.811,0,0,0.000,0,0,0,0,0,0,0,0
48,0,-2,3,0.141,0,0,0.000,0,0,0,0,0,0,0,0
48,0,3,3,1.601,0,0,0.000,0,0,0,0,0,0,0,0
48,-6,6,2,1.452,7,0,2.851,0,1,0,25,7,0,44,44
48,-2,6,2,2.323,21,0,2.762,0,1,0,389,21,0,228,228
48,-3,3,3,0.201,0,0,0.000,0,0,0,0,0,0,0,0
48,2,-2,2,0.271,0,0,0.000,0,0,0,0,0,0,0,0
48,-4,-2,2,0.421,0,0,0.000,0,0,0,0,0,0,0,0
48,2,2,1,0.633,1,0,2.713,0,1,1,3,0,1,4,4
48,-5,1,0,0.193,0,0,0.000,0,0,0,0,0,0,0,0
48,2,-3,2,0.271,0,0,0.000,0,0,0,0,0,0,0,0
48,-4,0,2,0.681,0,0,0.000,0,0,0,0,0,0,0,0
48,-3,4,3,0.991,0,0,0.000,0,0,0,0,0,0,0,0
48,-4,8,1,3.571,624,0,7.272,0,1,0,33,624,0,367,367
48,1,2,2,1.033,0,0,0.000,0,1,0,1,0,0,0,0
48,-6,2,0,1.531,0,0,0.000,0,0,0,0,0,0,0,0
48,-5,-2,0,0.791,0,0,0.000,0,0,0,0,0,0,0,0
48,3,1,1,2.061,0,0,0.000,0,0,0,0,0,0,3,3
48,-6,7,2,2.172,101,0,2.651,0,1,0,776,101,0,231,231
48,2,-4,2,1.301,0,0,0.000,0,0,0,0,0,0,0,0
48,-1,3,3,0.471,0,0,0.000,0,0,0,0,0,0,0,0
48,-1,2,3,0.631,0,0,0.000,0,0,0,0,0,0,0,0
48,-5,8,1,2.001,645,0,5.551,0,1,0,818,645,0,567,567
48,1,4,2,1.353,30,0,2.742,0,2,0,725,30,0,124,124
48,1,0,3,1.481,0,0,0.000,0,0,0,0,0,0,0,0
48,-2,1,3,1.291,0,0,0.000,0,0,0,0,0,0,0,0
48,-5,0,1,0.531,0,0,0.000,0,0,0,0,0,0,0,0
48,2,0,3,0.611,0,0,0.000,0,0,0,0,0,0,0,0
48,2,4,1,2.824,258,0,4.882,0,1,0,696,258,0,407,407
48,-6,3,0,0.651,0,0,0.000,0,0,0,0,0,0,0,0
48,3,0,0,1.152,0,0,0.000,0,0,0,0,0,0,0,0
48,-5,4,2,5.284,0,0,0.000,0,0,0,0,0,0,0,0
48,1,-2,3,1.141,0,0,0.000,0,0,0,0,0,0,0,0
48,-4,-3,0,0.961,0,0,0.000,0,0,0,0,0,0,0,0
48,3,-5,0,0.351,0,0,0.000,0,0,0,0,0,0,0,0
48,0,6,0,1.372,563,0,5.762,1,0,0,0,0,563,350,350
48,2,5,0,2.302,909,0,9.372,1,0,0,0,0,909,387,387
48,-3,7,0,3.062,199,0,7.322,1,0,0,0,0,199,354,354
48,-5,5,3,0.993,0,0,0.000,0,0,0,0,0,0,6,6
48,2,-5,1,3.011,0,0,0.000,0,0,0,0,0,0,0,0
48,4,-3,0,0.801,0,0,0.000,0,0,0,0,0,0,0,0
48,-3,-3,0,0.962,0,0,0.000,0,0,0,0,0,0,0,0
48,-3,-1,3,0.141,0,0,0.000,0,0,0,0,0,0,0,0
48,0,5,3,0.793,44,44,-1.000,0,0,0,0,0,0,115,115
48,0,0,3,0.451,0,0,0.000,0,0,0,0,0,0,0,0
48,3,-1,0,0.281,0,0,0.000,0,0,0,0,0,0,0,0
48,-1,-4,0,0.461,0,0,0.000,0,0,0,0,0,0,0,0
48,3,-2,1,0.201,0,0,0.000,0,0,0,0,0,0,0,0
48,1,5,0,2.682,484,0,7.702,1,0,0,0,0,484,409,409
48,-3,-2,2,3.031,0,0,0.000,0,0,0,0,0,0,0,0
48,-1,0,3,2.011,0,0,0.000,0,0,0,0,0,0,0,0
48,-5,-1,1,1.801,0,0,0.000,0,0,0,0,0,0,0,0
48,0,-1,3,1.371,0,0,0.000,0,0,0,0,0,0,0,0
48,-2,7,0,2.452,406,0,6.452,1,0,0,0,0,406,496,496
48,-6,4,1,1.441,0,0,0.000,0,0,0,0,0,0,1,1
48,-4,4,3,0.941,0,0,0.000,0,0,0,0,0,0,0,0
48,1,1,3,0.591,0,0,0.000,0,0,0,0,0,0,0,0
48,3,-4,0,0.251,0,0,0.000,0,0,0,0,0,0,0,0
48,-4,-1,3,1.091,0,0,0.000,0,0,0,0,0,0,0,0
48,-1,4,3,1.231,0,0,0.000,0,0,0,0,0,0,12,12
48,1,3,3,1.251,0,0,0.000,0,0,0,0,0,0,10,10
48,2,3,0,3.244,3,0,2.713,1,0,0,1,0,3,133,133
48,-2,-2,3,0.181,0,0,0.000,0,0,0,0,0,0,0,0
48,3,-3,0,0.991,0,0,0.000,0,0,0,0,0,0,0,0
48,-4,7,2,1.311,305,0,4.381,0,2,0,835,305,0,316,316
48,-1,-3,2,0.191,0,0,0.000,0,0,0,0,0,0,0,0
48,-5,7,2,4.022,50,0,3.993,0,1,0,616,50,0,288,288
48,-1,6,1,2.162,202,0,3.582,0,1,0,428,202,0,408,408
48,-3,5,3,1.521,0,0,0.000,0,1,0,7,0,0,7,7
48,-7,8,0,1.531,868,0,9.421,1,0,0,0,0,868,621,621
48,-3,6,3,1.891,7,0,2.672,0,1,0,21,7,0,147,147
48,-5,6,3,1.672,1,0,1.681,0,1,0,100,1,0,130,130
48,-4,2,3,0.761,0,0,0.000,0,0,0,0,0,0,0,0
48,-3,1,3,0.521,0,0,0.000,0,0,0,0,0,0,0,0
48,-6,5,0,0.681,0,0,0.000,0,1,0,7,0,0,42,42
48,1,-1,3,0.181,0,0,0.000,0,0,0,0,0,0,0,0
48,-4,1,3,0.391,0,0,0.000,0,0,0,0,0,0,0,0
48,-5,2,2,1.131,0,0,0.000,0,0,0,0,0,0,0,0
48,-2,-3,0,0.311,0,0,0.000,0,0,0,0,0,0,0,0
48,1,-5,0,0.111,0,0,0.000,0,0,0,0,0,0,0,0
48,-7,7,0,2.691,228,0,4.931,1,0,0,0,0,228,394,394
48,2,1,2,0.351,0,0,0.000,0,0,0,0,0,0,0,0
49,1,-4,2,0.251,0,0,0.000,0,0,0,0,0,0,0,0
49,-3,0,3,0.411,0,0,0.000,0,0,0,0,0,0,0,0
49,-2,2,3,0.671,0,0,0.000,0,0,0,0,0,0,0,0
49,-1,-1,3,0.221,0,0,0.000,0,0,0,0,0,0,0,0
49,0,1,3,0.751,0,0,0.000,0,0,0,0,0,0,0,0
49,-5,3,2,0.911,0,0,0.000,0,0,0,0,0,0,0,0
49,-1,1,3,0.201,0,0,0.000,0,0,0,0,0,0,0,0
49,-2,-1,3,0.181,0,0,0.000,0,0,0,0,0,0,0,0
49,0,4,3,1.671,0,0,0.000,0,1,0,29,0,0,4,4
49,3,-6,0,0.301,0,0,0.000,0,0,0,0,0,0,0,0
49,-2,4,3,1.571,0,0,0.000,0,0,0,0,0,0,0,0
49,-2,0,3,0.461,0,0,0.000,0,0,0,0,0,0,0,0
49,0,2,3,0.381,0,0,0.000,0,0,0,0,0,0,0,0
49,-4,3,3,0.911,0,0,0.000,0,0,0,0,0,0,0,0
49,-5,9,0,1.001,1389,0,9.111,1,0,0,0,0,1389,312,312
49,-7,6,1,2.742,26,0,3.274,0,1,0,223,26,0,231,231
49,-3,2,3,0.621,0,0,0.000,0,0,0,0,0,0,0,0
49,2,-1,2,2.091,0,0,0.000,0,0,0,0,0,0,0,0
49,0,-4,1,0.411,0,0,0.000,0,0,0,0,0,0,0,0
49,-2,5,3,1.701,0,0,0.000,0,0,0,0,0,0,34,34
49,-4,6,3,1.671,0,0,0.000,0,3,0,647,0,0,62,62
49,-1,5,2,1.251,0,0,0.000,0,1,0,198,0,0,36,36
49,0,-3,2,1.691,0,0,0.000,0,0,0,0,0,0,0,0
49,-6,8,0,1.793,603,0,7.703,1,0,0,0,0,603,502,502
49,-1,-2,3,0.221,0,0,0.000,0,0,0,0,0,0,0,0
49,-2,3,3,1.891,0,0,0.000,0,0,0,0,0,0,0,0
49,-4,5,3,1.792,0,0,0.000,0,0,0,0,0,0,0,0
49,1,-3,3,1.461,0,0,0.000,0,0,0,0,0,0,0,0
49,0,-2,3,0.141,0,0,0.000,0,0,0,0,0,0,0,0
49,0,3,3,1.201,0,0,0.000,0,0,0,0,0,0,0,0
49,-6,6,2,1.282,3,0,2.984,0,1,0,26,3,0,40,40
49,-2,6,2,3.362,19,0,3.421,0,1,0,426,19,0,249,249
49,-3,3,3,0.201,0,0,0.000,0,0,0,0,0,0,0,0
49,2,-2,2,0.191,0,0,0.000,0,0,0,0,0,0,0,0
49,-4,-2,2,0.271,0,0,0.000,0,0,0,0,0,0,0,0
49,2,2,1,1.754,0,0,0.000,0,1,0,4,0,0,3,3
49,-5,1,0,0.194,0,0,0.000,0,0,0,0,0,0,0,0
49,2,-3,2,0.131,0,0,0.000,0,0,0,0,0,0,0,0
49,-4,0,2,2.901,0,0,0.000,0,0,0,0,0,0,0,0
49,-3,4,3,0.531,0,0,0.000,0,0,0,0,0,0,0,0
49,-4,8,1,2.854,617,0,6.302,0,1,0,57,617,0,402,402
49,1,2,2,1.034,0,0,0.000,0,0,0,0,0,0,0,0
49,-6,2,0,0.651,0,0,0.000,0,0,0,0,0,0,0,0
49,-5,-2,0,0.791,0,0,0.000,0,0,0,0,0,0,0,0
49,3,1,1,1.641,0,0,0.000,0,0,0,0,0,0,4,4
49,-6,7,2,2.931,105,0,2.711,0,1,0,782,105,0,278,278
49,2,-4,2,1.521,0,0,0.000,0,0,0,0,0,0,0,0
49,-1,3,3,0.691,0,0,0.000,0,0,0,0,0,0,0,0
49,-1,2,3,0.791,0,0,0.000,0,0,0,0,0,0,0,0
49,-5,8,1,2.101,641,0,5.311,0,1,0,795,641,0,540,540
49,1,4,2,1.693,29,0,1.892,0,2,0,760,29,0,154,154
49,1,0,3,0.361,0,0,0.000,0,0,0,0,0,0,0,0
49,-2,1,3,1.631,0,0,0.000,0,0,0,0,0,0,0,0
49,-5,0,1,0.551,0,0,0.000,0,0,0,0,0,0,0,0
49,2,0,3,0.611,0,0,0.000,0,0,0,0,0,0,0,0
49,2,4,1,1.634,272,0,4.232,0,1,0,707,272,0,405,405
49,-6,3,0,0.941,0,0,0.000,0,0,0,0,0,0,0,0
49,3,0,0,0.751,0,0,0.000,0,0,0,0,0,0,3,3
49,-5,4,2,1.831,0,0,0.000,0,0,0,0,0,0,0,0
49,1,-2,3,0.681,0,0,0.000,0,0,0,0,0,0,0,0
49,-4,-3,0,0.951,0,0,0.000,0,0,0,0,0,0,0,0
49,3,-5,0,0.251,0,0,0.000,0,0,0,0,0,0,0,0
49,0,6,0,1.602,574,0,6.022,1,0,0,0,0,574,349,349
49,2,5,0,1.462,942,0,8.642,1,0,0,0,0,942,368,368
49,-3,7,0,2.182,211,0,6.352,1,0,0,0,0,211,344,344
49,-5,5,3,1.802,0,0,0.000,0,0,0,0,0,0,7,7
49,2,-5,1,0.161,0,0,0.000,0,0,0,0,0,0,0,0
49,4,-3,0,1.733,0,0,0.000,0,0,0,0,0,0,0,0
49,-3,-3,0,0.112,0,0,0.000,0,0,0,0,0,0,0,0
49,-3,-1,3,0.111,0,0,0.000,0,0,0,0,0,0,0,0
49,0,5,3,0.952,42,42,-1.000,0,0,0,0,0,0,122,122
49,0,0,3,1.161,0,0,0.000,0,0,0,0,0,0,0,0
49,3,-1,0,0.281,0,0,0.000,0,0,0,0,0,0,0,0
49,-1,-4,0,0.781,0,0,0.000,0,0,0,0,0,0,0,0
49,3,-2,1,0.831,0,0,0.000,0,0,0,0,0,0,0,0
49,1,5,0,2.372,501,0,7.562,1,0,0,0,0,501,415,415
49,-3,-2,2,0.181,0,0,0.000,0,0,0,0,0,0,0,0
49,-1,0,3,0.381,0,0,0.000,0,0,0,0,0,0,0,0
49,-5,-1,1,1.671,0,0,0.000,0,0,0,0,0,0,0,0
49,0,-1,3,0.411,0,0,0.000,0,0,0,0,0,0,0,0
49,-2,7,0,3.141,438,0,7.511,1,0,0,0,0,438,471,471
49,-6,4,1,0.991,0,0,0.000,0,0,0,0,0,0,1,1
49,-4,4,3,1.511,0,0,0.000,0,0,0,0,0,0,0,0
49,1,1,3,0.391,0,0,0.000,0,0,0,0,0,0,0,0
49,3,-4,0,0.251,0,0,0.000,0,0,0,0,0,0,0,0
49,-4,-1,3,0.481,0,0,0.000,0,0,0,0,0,0,0,0
49,-1,4,3,0.752,0,0,0.000,0,0,0,0,0,0,9,9
49,1,3,3,0.931,0,0,0.000,0,0,0,0,0,0,14,14
49,2,3,0,1.753,4,0,1.823,1,0,0,0,0,4,121,121
49,-2,-2,3,2.611,0,0,0.000,0,0,0,0,0,0,0,0
49,3,-3,0,0.991,0,0,0.000,0,0,0,0,0,0,0,0
49,-4,7,2,0.891,304,0,4.221,0,2,0,817,304,0,316,316
49,-1,-3,2,0.591,0,0,0.000,0,0,0,0,0,0,0,0
49,-5,7,2,4.293,39,0,2.273,0,1,0,576,39,0,295,295
49,-1,6,1,17.762,198,0,3.772,0,1,0,431,198,0,421,421
49,-3,5,3,1.661,0,0,0.000,0,1,0,2,0,0,3,3
49,-7,8,0,1.531,872,0,9.481,1,0,0,0,0,872,609,609
49,-3,6,3,1.131,2,0,3.311,0,1,0,19,2,0,121,121
49,-5,6,3,2.092,0,0,0.000,0,1,0,105,0,0,143,143
49,-4,2,3,0.211,0,0,0.000,0,0,0,0,0,0,0,0
49,-3,1,3,1.221,0,0,0.000,0,0,0,0,0,0,0,0
49,-6,5,0,0.791,0,0,0.000,0,1,0,3,0,0,28,28
49,1,-1,3,0.181,0,0,0.000,0,0,0,0,0,0,0,0
49,-4,1,3,0.391,0,0,0.000,0,0,0,0,0,0,0,0
49,-5,2,2,0.711,0,0,0.000,0,0,0,0,0,0,0,0
49,-2,-3,0,0.171,0,0,0.000,0,0,0,0,0,0,0,0
49,1,-5,0,0.111,0,0,0.000,0,0,0,0,0,0,0,0
49,-7,7,0,2.874,234,0,5.184,1,0,0,0,0,234,413,413
49,2,1,2,0.351,0,0,0.000,0,0,0,0,0,0,0,0
50,1,-4,2,0.511,0,0,0.000,0,0,0,0,0,0,0,0
50,-3,0,3,1.451,0,0,0.000,0,0,0,0,0,0,0,0
50,-2,2,3,0.381,0,0,0.000,0,0,0,0,0,0,0,0
50,-1,-1,3,0.121,0,0,0.000,0,0,0,0,0,0,0,0
50,0,1,3,0.111,0,0,0.000,0,0,0,0,0,0,0,0
50,-5,3,2,1.831,0,0,0.000,0,0,0,0,0,0,0,0
50,-1,1,3,0.591,0,0,0.000,0,0,0,0,0,0,0,0
50,-2,-1,3,0.181,0,0,0.000,0,0,0,0,0,0,0,0
50,0,4,3,4.551,0,0,0.000,0,1,0,27,0,0,3,3
50,3,-6,0,0.541,0,0,0.000,0,0,0,0,0,0,0,0
50,-2,4,3,1.341,0,0,0.000,0,0,0,0,0,0,0,0
50,-2,0,3,0.431,0,0,0.000,0,0,0,0,0,0,0,0
50,0,2,3,0.381,0,0,0.000,0,0,0,0,0,0,0,0
50,-4,3,3,1.291,0,0,0.000,0,0,0,0,0,0,0,0
50,-5,9,0,1.151,1421,0,9.231,1,0,0,0,0,1421,271,271
50,-7,6,1,1.382,36,0,3.782,1,1,1,230,0,36,197,197
50,-3,2,3,0.331,0,0,0.000,0,0,0,0,0,0,0,0
50,2,-1,2,0.891,0,0,0.000,0,0,0,0,0,0,0,0
50,0,-4,1,2.061,0,0,0.000,0,0,0,0,0,0,0,0
50,-2,5,3,1.061,0,0,0.000,0,0,0,0,0,0,38,38
50,-4,6,3,1.911,0,0,0.000,0,3,0,657,0,0,63,63
50,-1,5,2,1.251,2,0,2.422,0,1,0,175,2,0,38,38
50,0,-3,2,0.891,0,0,0.000,0,0,0,0,0,0,0,0
50,-6,8,0,1.793,648,0,8.033,1,0,0,0,0,648,496,496
50,-1,-2,3,0.441,0,0,0.000,0,0,0,0,0,0,0,0
50,-2,3,3,0.751,0,0,0.000,0,0,0,0,0,0,0,0
50,-4,5,3,0.662,0,0,0.000,0,0,0,0,0,0,0,0
50,1,-3,3,3.821,0,0,0.000,0,0,0,0,0,0,0,0
50,0,-2,3,0.141,0,0,0.000,0,0,0,0,0,0,0,0
50,0,3,3,1.271,0,0,0.000,0,0,0,0,0,0,0,0
50,-6,6,2,1.282,4,0,3.372,0,2,1,70,1,3,38,38
50,-2,6,2,3.102,19,0,2.801,0,1,0,399,19,0,243,243
50,-3,3,3,1.461,0,0,0.000,0,0,0,0,0,0,0,0
50,2,-2,2,0.191,0,0,0.000,0,0,0,0,0,0,0,0
50,-4,-2,2,0.271,0,0,0.000,0,0,0,0,0,0,0,0
50,2,2,1,0.793,0,0,0.000,0,0,0,0,0,0,0,0
50,-5,1,0,3.161,0,0,0.000,0,0,0,0,0,0,0,0
50,2,-3,2,0.131,0,0,0.000,0,0,0,0,0,0,0,0
50,-4,0,2,0.681,0,0,0.000,0,0,0,0,0,0,0,0
50,-3,4,3,1.241,0,0,0.000,0,0,0,0,0,0,0,0
50,-4,8,1,4.534,613,0,6.612,0,1,0,59,613,0,392,392
50,1,2,2,1.511,0,0,0.000,0,0,0,0,0,0,0,0
50,-6,2,0,0.871,0,0,0.000,0,0,0,0,0,0,0,0
50,-5,-2,0,1.511,0,0,0.000,0,0,0,0,0,0,0,0
50,3,1,1,1.461,0,0,0.000,0,0,0,0,0,0,4,4
50,-6,7,2,1.511,98,0,2.354,0,1,0,779,98,0,269,269
50,2,-4,2,1.521,0,0,0.000,0,0,0,0,0,0,0,0
50,-1,3,3,0.711,0,0,0.000,0,0,0,0,0,0,0,0
50,-1,2,3,0.631,0,0,0.000,0,0,0,0,0,0,0,0
50,-5,8,1,1.151,664,0,5.721,0,1,0,792,664,0,550,550
50,1,4,2,1.523,27,0,1.872,0,2,0,741,27,0,154,154
50,1,0,3,0.161,0,0,0.000,0,0,0,0,0,0,0,0
50,-2,1,3,1.661,0,0,0.000,0,0,0,0,0,0,0,0
50,-5,0,1,0.761,0,0,0.000,0,0,0,0,0,0,0,0
50,2,0,3,1.901,0,0,0.000,0,0,0,0,0,0,0,0
50,2,4,1,2.042,258,0,4.132,0,1,0,708,258,0,450,450
50,-6,3,0,0.651,0,0,0.000,0,0,0,0,0,0,0,0
50,3,0,0,1.332,0,0,0.000,0,0,0,0,0,0,3,3
50,-5,4,2,1.831,0,0,0.000,0,0,0,0,0,0,0,0
50,1,-2,3,30.000,0,0,0.000,0,0,0,0,0,0,0,0
50,-4,-3,0,0.911,0,0,0.000,0,0,0,0,0,0,0,0
50,3,-5,0,0.251,0,0,0.000,0,0,0,0,0,0,0,0
50,0,6,0,2.142,562,0,6.632,1,0,0,0,0,562,395,395
50,2,5,0,1.462,915,0,8.652,1,0,0,0,0,915,420,420
50,-3,7,0,2.622,229,0,6.662,1,0,0,0,0,229,318,318
50,-5,5,3,1.771,0,0,0.000,0,0,0,0,0,0,4,4
50,2,-5,1,0.161,0,0,0.000,0,0,0,0,0,0,0,0
50,4,-3,0,0.431,0,0,0.000,0,0,0,0,0,0,0,0
50,-3,-3,0,0.331,0,0,0.000,0,0,0,0,0,0,0,0
50,-3,-1,3,0.351,0,0,0.000,0,0,0,0,0,0,0,0
50,0,5,3,6.712,38,38,-1.000,0,0,0,0,0,0,115,115
50,0,0,3,1.231,0,0,0.000,0,0,0,0,0,0,0,0
50,3,-1,0,1.181,0,0,0.000,0,0,0,0,0,0,0,0
50,-1,-4,0,0.151,0,0,0.000,0,0,0,0,0,0,0,0
50,3,-2,1,0.433,0,0,0.000,0,0,0,0,0,0,0,0
50,1,5,0,2.142,492,0,7.242,1,0,0,0,0,492,395,395
50,-3,-2,2,0.371,0,0,0.000,0,0,0,0,0,0,0,0
50,-1,0,3,0.861,0,0,0.000,0,0,0,0,0,0,0,0
50,-5,-1,1,2.961,0,0,0.000,0,0,0,0,0,0,0,0
50,0,-1,3,0.191,0,0,0.000,0,0,0,0,0,0,0,0
50,-2,7,0,2.531,414,0,6.631,1,0,0,0,0,414,472,472
50,-6,4,1,0.761,0,0,0.000,0,0,0,0,0,0,0,0
50,-4,4,3,0.371,0,0,0.000,0,0,0,0,0,0,0,0
50,1,1,3,0.591,0,0,0.000,0,0,0,0,0,0,0,0
50,3,-4,0,4.111,0,0,0.000,0,0,0,0,0,0,0,0
50,-4,-1,3,1.091,0,0,0.000,0,0,0,0,0,0,0,0
50,-1,4,3,0.752,0,0,0.000,0,1,0,2,0,0,9,9
50,1,3,3,0.931,0,0,0.000,0,0,0,0,0,0,13,13
50,2,3,0,2.203,0,0,0.000,0,0,0,0,0,0,110,110
50,-2,-2,3,0.851,0,0,0.000,0,0,0,0,0,0,0,0
50,3,-3,0,0.431,0,0,0.000,0,0,0,0,0,0,0,0
50,-4,7,2,0.951,303,0,4.371,0,2,0,830,303,0,342,342
50,-1,-3,2,0.391,0,0,0.000,0,0,0,0,0,0,0,0
50,-5,7,2,4.563,51,0,2.383,0,1,0,609,51,0,302,302
50,-1,6,1,2.162,176,0,4.082,0,1,0,438,176,0,427,427
50,-3,5,3,0.681,0,0,0.000,0,1,0,1,0,0,6,6
50,-7,8,0,1.254,867,0,9.174,1,0,0,0,0,867,616,616
50,-3,6,3,1.321,1,0,2.691,0,1,0,19,1,0,155,155
50,-5,6,3,2.303,0,0,0.000,0,1,0,98,0,0,126,126
50,-4,2,3,0.101,0,0,0.000,0,0,0,0,0,0,0,0
50,-3,1,3,1.981,0,0,0.000,0,0,0,0,0,0,0,0
50,-6,5,0,0.791,0,0,0.000,0,1,0,1,0,0,26,26
50,1,-1,3,0.761,0,0,0.000,0,0,0,0,0,0,0,0
50,-4,1,3,2.591,0,0,0.000,0,0,0,0,0,0,0,0
50,-5,2,2,0.771,0,0,0.000,0,0,0,0,0,0,0,0
50,-2,-3,0,0.701,0,0,0.000,0,0,0,0,0,0,0,0
50,1,-5,0,0.711,0,0,0.000,0,0,0,0,0,0,0,0
50,-7,7,0,4.311,242,0,5.772,1,0,0,20,0,242,417,417
50,2,1,2,1.431,0,0,0.000,0,0,0,0,0,0,0,0
51,1,-4,2,0.351,0,0,0.000,0,0,0,0,0,0,0,0
51,-3,0,3,0.411,0,0,0.000,0,0,0,0,0,0,0,0
51,-2,2,3,0.311,0,0,0.000,0,0,0,0,0,0,0,0
51,-1,-1,3,0.121,0,0,0.000,0,0,0,0,0,0,0,0
51,0,1,3,0.351,0,0,0.000,0,0,0,0,0,0,0,0
51,-5,3,2,0.451,0,0,0.000,0,0,0,0,0,0,0,0
51,-1,1,3,0.381,0,0,0.000,0,0,0,0,0,0,0,0
51,-2,-1,3,0.181,0,0,0.000,0,0,0,0,0,0,0,0
51,0,4,3,2.871,0,0,0.000,0,1,0,31,0,0,2,2
51,3,-6,0,0.461,0,0,0.000,0,0,0,0,0,0,0,0
51,-2,4,3,0.651,0,0,0.000,0,0,0,0,0,0,0,0
51,-2,0,3,0.211,0,0,0.000,0,0,0,0,0,0,0,0
51,0,2,3,1.251,0,0,0.000,0,0,0,0,0,0,0,0
51,-4,3,3,0.341,0,0,0.000,0,0,0,0,0,0,0,0
51,-5,9,0,1.451,1425,0,10.021,1,0,0,0,0,1425,317,317
51,-7,6,1,1.822,40,0,3.601,0,1,0,219,40,0,211,211
51,-3,2,3,1.691,0,0,0.000,0,0,0,0,0,0,0,0
51,2,-1,2,1.881,0,0,0.000,0,0,0,0,0,0,0,0
51,0,-4,1,0.481,0,0,0.000,0,0,0,0,0,0,0,0
51,-2,5,3,1.061,0,0,0.000,0,0,0,0,0,0,29,29
51,-4,6,3,1.682,1,0,1.671,0,3,0,629,1,0,63,63
51,-1,5,2,2.301,0,0,0.000,0,1,0,211,0,0,50,50
51,0,-3,2,0.161,0,0,0.000,0,0,0,0,0,0,0,0
51,-6,8,0,2.593,634,0,8.723,1,0,0,0,0,634,498,498
51,-1,-2,3,0.221,0,0,0.000,0,0,0,0,0,0,0,0
51,-2,3,3,1.321,0,0,0.000,0,0,0,0,0,0,0,0
51,-4,5,3,1.091,0,0,0.000,0,1,0,1,0,0,0,0
51,1,-3,3,1.251,0,0,0.000,0,0,0,0,0,0,0,0
51,0,-2,3,0.141,0,0,0.000,0,0,0,0,0,0,0,0
51,0,3,3,0.574,0,0,0.000,0,0,0,0,0,0,0,0
51,-6,6,2,1.282,3,0,3.171,0,1,0,40,3,0,45,45
51,-2,6,2,2.843,24,0,3.131,0,1,0,421,24,0,250,250
51,-3,3,3,0.411,0,0,0.000,0,0,0,0,0,0,0,0
51,2,-2,2,0.311,0,0,0.000,0,0,0,0,0,0,0,0
51,-4,-2,2,0.912,0,0,0.000,0,0,0,0,0,0,0,0
51,2,2,1,0.634,0,0,0.000,0,1,0,2,0,0,5,5
51,-5,1,0,0.561,0,0,0.000,0,0,0,0,0,0,0,0
51,2,-3,2,0.241,0,0,0.000,0,0,0,0,0,0,0,0
51,-4,0,2,1.061,0,0,0.000,0,0,0,0,0,0,0,0
51,-3,4,3,0.581,0,0,0.000,0,0,0,0,0,0,0,0
51,-4,8,1,4.291,616,0,7.411,1,1,1,199,0,616,386,386
51,1,2,2,1.341,0,0,0.000,0,0,0,0,0,0,0,0
51,-6,2,0,3.071,0,0,0.000,0,0,0,0,0,0,0,0
51,-5,-2,0,1.991,0,0,0.000,0,0,0,0,0,0,0,0
51,3,1,1,1.251,0,0,0.000,0,0,0,0,0,0,1,1
51,-6,7,2,1.783,95,0,2.751,0,1,0,790,95,0,232,232
51,2,-4,2,0.211,0,0,0.000,0,0,0,0,0,0,0,0
51,-1,3,3,0.931,0,0,0.000,0,0,0,0,0,0,0,0
51,-1,2,3,1.111,0,0,0.000,0,0,0,0,0,0,0,0
51,-5,8,1,1.151,611,0,5.581,0,1,0,841,611,0,562,562
51,1,4,2,3.922,31,0,1.912,0,2,0,713,31,0,158,158
51,1,0,3,0.461,0,0,0.000,0,0,0,0,0,0,0,0
51,-2,1,3,0.951,0,0,0.000,0,0,0,0,0,0,0,0
51,-5,0,1,0.921,0,0,0.000,0,0,0,0,0,0,0,0
51,2,0,3,2.161,0,0,0.000,0,0,0,0,0,0,0,0
51,2,4,1,1.464,247,0,3.991,0,1,0,667,247,0,447,447
51,-6,3,0,1.511,0,0,0.000,0,0,0,0,0,0,2,2
51,3,0,0,1.352,0,0,0.000,0,0,0,0,0,0,0,0
51,-5,4,2,0.681,0,0,0.000,0,0,0,0,0,0,0,0
51,1,-2,3,0.681,0,0,0.000,0,0,0,0,0,0,0,0
51,-4,-3,0,0.911,0,0,0.000,0,0,0,0,0,0,0,0
51,3,-5,0,2.341,0,0,0.000,0,0,0,0,0,0,0,0
51,0,6,0,1.372,561,0,5.692,1,0,0,0,0,561,364,364
51,2,5,0,1.462,876,0,8.242,1,0,0,0,0,876,413,413
51,-3,7,0,30.000,202,0,10.491,1,0,0,468,0,202,363,363
51,-5,5,3,1.403,0,0,0.000,0,0,0,0,0,0,10,10
51,2,-5,1,30.000,0,0,0.000,0,0,0,0,0,0,0,0
51,4,-3,0,0.661,0,0,0.000,0,0,0,0,0,0,0,0
51,-3,-3,0,0.112,0,0,0.000,0,0,0,0,0,0,0,0
51,-3,-1,3,0.281,0,0,0.000,0,0,0,0,0,0,0,0
51,0,5,3,0.953,54,54,-1.000,0,0,0,0,0,0,113,113
51,0,0,3,0.451,0,0,0.000,0,0,0,0,0,0,0,0
51,3,-1,0,0.581,0,0,0.000,0,0,0,0,0,0,0,0
51,-1,-4,0,0.461,0,0,0.000,0,0,0,0,0,0,0,0
51,3,-2,1,0.621,0,0,0.000,0,0,0,0,0,0,0,0
51,1,5,0,3.632,478,0,8.592,1,0,0,0,0,478,441,441
51,-3,-2,2,0.561,0,0,0.000,0,0,0,0,0,0,0,0
51,-1,0,3,3.461,0,0,0.000,0,0,0,0,0,0,0,0
51,-5,-1,1,5.253,0,0,0.000,0,0,0,0,0,0,0,0
51,0,-1,3,1.321,0,0,0.000,0,0,0,0,0,0,0,0
51,-2,7,0,2.791,437,0,7.111,1,0,0,0,0,437,473,473
51,-6,4,1,1.441,0,0,0.000,0,0,0,0,0,0,1,1
51,-4,4,3,0.371,0,0,0.000,0,0,0,0,0,0,0,0
51,1,1,3,0.351,0,0,0.000,0,0,0,0,0,0,0,0
51,3,-4,0,0.251,0,0,0.000,0,0,0,0,0,0,0,0
51,-4,-1,3,0.731,0,0,0.000,0,0,0,0,0,0,0,0
51,-1,4,3,0.752,0,0,0.000,0,0,0,0,0,0,6,6
51,1,3,3,0.931,0,0,0.000,0,0,0,0,0,0,12,12
51,2,3,0,1.973,2,0,2.013,1,0,0,0,0,2,123,123
51,-2,-2,3,1.281,0,0,0.000,0,0,0,0,0,0,0,0
51,3,-3,0,0.581,0,0,0.000,0,0,0,0,0,0,0,0
51,-4,7,2,1.271,292,0,4.541,0,3,1,1200,216,76,335,335
51,-1,-3,2,1.391,0,0,0.000,0,0,0,0,0,0,0,0
51,-5,7,2,3.212,47,0,3.163,0,1,0,598,47,0,284,284
51,-1,6,1,2.362,211,0,3.672,0,1,0,421,211,0,429,429
51,-3,5,3,1.311,0,0,0.000,0,1,0,2,0,0,5,5
51,-7,8,0,1.671,875,0,9.701,1,0,0,0,0,875,632,632
51,-3,6,3,1.901,2,0,2.961,0,1,0,24,2,0,150,150
51,-5,6,3,1.672,0,0,0.000,0,1,0,95,0,0,106,106
51,-4,2,3,0.101,0,0,0.000,0,0,0,0,0,0,0,0
51,-3,1,3,0.271,0,0,0.000,0,0,0,0,0,0,0,0
51,-6,5,0,1.102,0,0,0.000,0,1,0,3,0,0,26,26
51,1,-1,3,0.181,0,0,0.000,0,0,0,0,0,0,0,0
51,-4,1,3,0.191,0,0,0.000,0,0,0,0,0,0,0,0
51,-5,2,2,0.171,0,0,0.000,0,0,0,0,0,0,0,0
51,-2,-3,0,0.491,0,0,0.000,0,0,0,0,0,0,0,0
51,1,-5,0,0.111,0,0,0.000,0,0,0,0,0,0,0,0
51,-7,7,0,3.051,234,0,5.321,1,0,0,0,0,234,394,394
51,2,1,2,0.711,0,0,0.000,0,0,0,0,0,0,0,0
52,1,-4,2,0.251,0,0,0.000,0,0,0,0,0,0,0,0
52,-3,0,3,1.451,0,0,0.000,0,0,0,0,0,0,0,0
52,-2,2,3,1.001,0,0,0.000,0,0,0,0,0,0,0,0
52,-1,-1,3,0.121,0,0,0.000,0,0,0,0,0,0,0,0
52,0,1,3,0.111,0,0,0.000,0,0,0,0,0,0,0,0
52,-5,3,2,0.681,0,0,0.000,0,0,0,0,0,0,0,0
52,-1,1,3,0.201,0,0,0.000,0,0,0,0,0,0,0,0
52,-2,-1,3,1.781,0,0,0.000,0,0,0,0,0,0,0,0
52,0,4,3,1.671,0,0,0.000,0,1,0,36,0,0,5,5
52,3,-6,0,1.721,0,0,0.000,0,0,0,0,0,0,0,0
52,-2,4,3,0.881,0,0,0.000,0,0,0,0,0,0,0,0
52,-2,0,3,0.431,0,0,0.000,0,0,0,0,0,0,0,0
52,0,2,3,0.981,0,0,0.000,0,0,0,0,0,0,0,0
52,-4,3,3,1.101,0,0,0.000,0,0,0,0,0,0,0,0
52,-5,9,0,1.451,1397,0,9.581,1,0,0,0,0,1397,331,331
52,-7,6,1,4.722,35,0,3.881,0,1,0,196,35,0,219,219
52,-3,2,3,2.121,0,0,0.000,0,0,0,0,0,0,0,0
52,2,-1,2,0.381,0,0,0.000,0,0,0,0,0,0,0,0
52,0,-4,1,0.201,0,0,0.000,0,0,0,0,0,0,0,0
52,-2,5,3,1.381,0,0,0.000,0,0,0,0,0,0,43,43
52,-4,6,3,1.191,0,0,0.000,0,3,0,622,0,0,52,52
52,-1,5,2,0.831,0,0,0.000,0,1,0,210,0,0,55,55
52,0,-3,2,0.161,0,0,0.000,0,0,0,0,0,0,0,0
52,-6,8,0,2.393,637,0,8.513,1,0,0,0,0,637,491,491
52,-1,-2,3,2.511,0,0,0.000,0,0,0,0,0,0,0,0
52,-2,3,3,0.371,0,0,0.000,0,0,0,0,0,0,0,0
52,-4,5,3,2.411,0,0,0.000,0,0,0,0,0,0,0,0
52,1,-3,3,0.411,0,0,0.000,0,0,0,0,0,0,0,0
52,0,-2,3,0.681,0,0,0.000,0,0,0,0,0,0,0,0
52,0,3,3,1.672,0,0,0.000,0,0,0,0,0,0,0,0
52,-6,6,2,11.822,6,0,3.561,0,1,0,35,6,0,36,36
52,-2,6,2,3.502,24,0,4.521,0,1,0,422,24,0,221,221
52,-3,3,3,0.411,0,0,0.000,0,0,0,0,0,0,0,0
52,2,-2,2,0.391,0,0,0.000,0,0,0,0,0,0,0,0
52,-4,-2,2,0.761,0,0,0.000,0,0,0,0,0,0,0,0
52,2,2,1,1.371,0,0,0.000,0,1,0,2,0,0,1,1
52,-5,1,0,3.161,0,0,0.000,0,0,0,0,0,0,0,0
52,2,-3,2,0.131,0,0,0.000,0,0,0,0,0,0,0,0
52,-4,0,2,1.601,0,0,0.000,0,0,0,0,0,0,0,0
52,-3,4,3,0.531,0,0,0.000,0,0,0,0,0,0,0,0
52,-4,8,1,2.851,632,0,6.772,0,1,0,48,632,0,393,393
52,1,2,2,1.881,0,0,0.000,0,0,0,0,0,0,0,0
52,-6,2,0,1.531,0,0,0.000,0,0,0,0,0,0,1,1
52,-5,-2,0,2.392,0,0,0.000,0,0,0,0,0,0,0,0
52,3,1,1,1.221,0,0,0.000,0,0,0,0,0,0,2,2
52,-6,7,2,1.403,95,0,2.321,0,1,0,787,95,0,248,248
52,2,-4,2,2.081,0,0,0.000,0,0,0,0,0,0,0,0
52,-1,3,3,0.711,0,0,0.000,0,0,0,0,0,0,0,0
52,-1,2,3,0.631,0,0,0.000,0,0,0,0,0,0,0,0
52,-5,8,1,1.831,639,0,6.031,0,1,0,797,639,0,565,565
52,1,4,2,1.353,36,0,1.962,0,2,0,728,36,0,160,160
52,1,0,3,0.361,0,0,0.000,0,0,0,0,0,0,0,0
52,-2,1,3,0.331,0,0,0.000,0,0,0,0,0,0,0,0
52,-5,0,1,0.652,0,0,0.000,0,0,0,0,0,0,0,0
52,2,0,3,3.091,0,0,0.000,0,0,0,0,0,0,0,0
52,2,4,1,2.993,268,0,4.162,0,1,0,649,268,0,416,416
52,-6,3,0,0.651,0,0,0.000,0,0,0,0,0,0,0,0
52,3,0,0,0.941,0,0,0.000,0,0,0,0,0,0,3,3
52,-5,4,2,0.911,0,0,0.000,0,0,0,0,0,0,0,0
52,1,-2,3,0.681,0,0,0.000,0,0,0,0,0,0,0,0
52,-4,-3,0,1.431,0,0,0.000,0,0,0,0,0,0,0,0
52,3,-5,0,0.251,0,0,0.000,0,0,0,0,0,0,0,0
52,0,6,0,2.722,578,0,7.152,1,0,0,0,0,578,340,340
52,2,5,0,1.462,880,0,8.062,1,0,0,0,0,880,373,373
52,-3,7,0,2.402,226,0,6.822,1,0,0,0,0,226,325,325
52,-5,5,3,1.971,0,0,0.000,0,0,0,0,0,0,7,7
52,2,-5,1,1.181,0,0,0.000,0,0,0,0,0,0,0,0
52,4,-3,0,3.651,0,0,0.000,0,0,0,0,0,0,0,0
52,-3,-3,0,0.211,0,0,0.000,0,0,0,0,0,0,0,0
52,-3,-1,3,0.111,0,0,0.000,0,0,0,0,0,0,0,0
52,0,5,3,1.432,35,35,-1.000,0,0,0,0,0,0,111,111
52,0,0,3,1.681,0,0,0.000,0,0,0,0,0,0,0,0
52,3,-1,0,0.431,0,0,0.000,0,0,0,0,0,0,0,0
52,-1,-4,0,0.561,0,0,0.000,0,0,0,0,0,0,0,0
52,3,-2,1,0.621,0,0,0.000,0,0,0,0,0,0,0,0
52,1,5,0,3.502,476,0,8.442,1,0,0,0,0,476,432,432
52,-3,-2,2,0.941,0,0,0.000,0,0,0,0,0,0,0,0
52,-1,0,3,0.211,0,0,0.000,0,0,0,0,0,0,0,0
52,-5,-1,1,2.371,0,0,0.000,0,0,0,0,0,0,0,0
52,0,-1,3,0.571,0,0,0.000,0,0,0,0,0,0,0,0
52,-2,7,0,4.212,436,0,8.541,1,0,0,0,0,436,468,468
52,-6,4,1,0.711,0,0,0.000,0,0,0,0,0,0,0,0
52,-4,4,3,0.561,0,0,0.000,0,0,0,0,0,0,0,0
52,1,1,3,0.291,0,0,0.000,0,0,0,0,0,0,0,0
52,3,-4,0,1.611,0,0,0.000,0,0,0,0,0,0,0,0
52,-4,-1,3,0.481,0,0,0.000,0,0,0,0,0,0,0,0
52,-1,4,3,0.851,0,0,0.000,0,0,0,0,0,0,6,6
52,1,3,3,0.931,0,0,0.000,0,0,0,0,0,0,12,12
52,2,3,0,2.361,2,0,2.411,1,0,0,0,0,2,120,120
52,-2,-2,3,30.000,0,0,0.000,0,0,0,0,0,0,0,0
52,3,-3,0,1.421,0,0,0.000,0,0,0,0,0,0,0,0
52,-4,7,2,0.891,287,0,4.501,0,2,0,869,287,0,333,333
52,-1,-3,2,0.791,0,0,0.000,0,0,0,0,0,0,0,0
52,-5,7,2,3.483,48,0,2.953,0,1,0,597,48,0,287,287
52,-1,6,1,3.762,210,0,5.032,0,1,0,432,210,0,381,381
52,-3,5,3,20.981,0,0,0.000,0,1,0,6,0,0,5,5
52,-7,8,0,1.251,872,0,9.251,1,0,0,0,0,872,613,613
52,-3,6,3,1.131,6,0,4.431,0,1,0,23,6,0,134,134
52,-5,6,3,1.672,0,0,0.000,0,1,0,95,0,0,124,124
52,-4,2,3,0.651,0,0,0.000,0,0,0,0,0,0,0,0
52,-3,1,3,1.281,0,0,0.000,0,0,0,0,0,0,0,0
52,-6,5,0,5.301,0,0,0.000,0,1,0,6,0,0,34,34
52,1,-1,3,1.131,0,0,0.000,0,0,0,0,0,0,0,0
52,-4,1,3,0.591,0,0,0.000,0,0,0,0,0,0,0,0
52,-5,2,2,0.351,0,0,0.000,0,0,0,0,0,0,0,0
52,-2,-3,0,0.311,0,0,0.000,0,0,0,0,0,0,0,0
52,1,-5,0,7.071,0,0,0.000,0,0,0,0,0,0,0,0
52,-7,7,0,3.411,212,0,5.451,1,0,0,0,0,212,414,414
52,2,1,2,0.711,0,0,0.000,0,0,0,0,0,0,0,0
53,1,-4,2,0.511,0,0,0.000,0,0,0,0,0,0,0,0
53,-3,0,3,2.111,0,0,0.000,0,0,0,0,0,0,0,0
53,-2,2,3,0.441,0,0,0.000,0,0,0,0,0,0,0,0
53,-1,-1,3,0.121,0,0,0.000,0,0,0,0,0,0,0,0
53,0,1,3,0.112,0,0,0.000,0,0,0,0,0,0,0,0
53,-5,3,2,0.451,0,0,0.000,0,0,0,0,0,0,0,0
53,-1,1,3,1.011,0,0,0.000,0,0,0,0,0,0,0,0
53,-2,-1,3,0.321,0,0,0.000,0,0,0,0,0,0,0,0
53,0,4,3,2.391,0,0,0.000,0,1,0,20,0,0,2,2
53,3,-6,0,2.461,0,0,0.000,0,0,0,0,0,0,0,0
53,-2,4,3,1.341,0,0,0.000,0,0,0,0,0,0,0,0
53,-2,0,3,0.211,0,0,0.000,0,0,0,0,0,0,0,0
53,0,2,3,0.381,0,0,0.000,0,0,0,0,0,0,0,0
53,-4,3,3,2.431,0,0,0.000,0,0,0,0,0,0,0,0
53,-5,9,0,1.001,1408,0,9.251,1,0,0,0,0,1408,304,304
53,-7,6,1,1.382,29,0,3.331,0,1,0,206,29,0,225,225
53,-3,2,3,0.161,0,0,0.000,0,0,0,0,0,0,0,0
53,2,-1,2,0.591,0,0,0.000,0,0,0,0,0,0,0,0
53,0,-4,1,0.241,0,0,0.000,0,0,0,0,0,0,0,0
53,-2,5,3,1.221,0,0,0.000,0,0,0,0,0,0,42,42
53,-4,6,3,2.002,0,0,0.000,0,3,0,655,0,0,56,56
53,-1,5,2,1.041,0,0,0.000,0,1,0,190,0,0,45,45
53,0,-3,2,0.271,0,0,0.000,0,0,0,0,0,0,0,0
53,-6,8,0,3.193,632,0,9.283,1,0,0,0,0,632,508,508
53,-1,-2,3,0.221,0,0,0.000,0,0,0,0,0,0,0,0
53,-2,3,3,0.181,0,0,0.000,0,0,0,0,0,0,0,0
53,-4,5,3,1.542,0,0,0.000,0,0,0,0,0,0,0,0
53,1,-3,3,2.561,0,0,0.000,0,0,0,0,0,0,0,0
53,0,-2,3,0.531,0,0,0.000,0,0,0,0,0,0,0,0
53,0,3,3,7.143,0,0,0.000,0,0,0,0,0,0,0,0
53,-6,6,2,1.622,4,0,3.001,0,1,0,29,4,0,39,39
53,-2,6,2,5.801,26,0,3.092,0,1,0,414,26,0,268,268
53,-3,3,3,0.201,0,0,0.000,0,0,0,0,0,0,0,0
53,2,-2,2,0.821,0,0,0.000,0,0,0,0,0,0,0,0
53,-4,-2,2,1.171,0,0,0.000,0,0,0,0,0,0,0,0
53,2,2,1,0.933,0,0,0.000,0,1,0,1,0,0,3,3
53,-5,1,0,0.194,0,0,0.000,0,0,0,0,0,0,0,0
53,2,-3,2,0.131,0,0,0.000,0,0,0,0,0,0,0,0
53,-4,0,2,2.901,0,0,0.000,0,0,0,0,0,0,0,0
53,-3,4,3,2.731,0,0,0.000,0,0,0,0,0,0,0,0
53,-4,8,1,4.054,612,0,7.142,0,1,0,48,612,0,376,376
53,1,2,2,2.291,0,0,0.000,0,0,0,0,0,0,0,0
53,-6,2,0,0.701,0,0,0.000,0,0,0,0,0,0,0,0
53,-5,-2,0,1.671,0,0,0.000,0,0,0,0,0,0,0,0
53,3,1,1,1.563,0,0,0.000,0,0,0,0,0,0,1,1
53,-6,7,2,1.321,95,0,2.611,0,1,0,779,95,0,256,256
53,2,-4,2,0.981,0,0,0.000,0,0,0,0,0,0,0,0
53,-1,3,3,0.451,0,0,0.000,0,0,0,0,0,0,0,0
53,-1,2,3,3.511,0,0,0.000,0,0,0,0,0,0,0,0
53,-5,8,1,1.421,643,0,5.401,0,1,0,809,643,0,558,558
53,1,4,2,10.192,20,0,3.592,0,2,0,731,20,0,159,159
53,1,0,3,0.161,0,0,0.000,0,0,0,0,0,0,0,0
53,-2,1,3,2.221,0,0,0.000,0,0,0,0,0,0,0,0
53,-5,0,1,1.752,0,0,0.000,0,0,0,0,0,0,0,0
53,2,0,3,1.901,0,0,0.000,0,0,0,0,0,0,0,0
53,2,4,1,1.862,261,0,6.491,0,1,0,665,261,0,423,423
53,-6,3,0,0.851,0,0,0.000,0,0,0,0,0,0,0,0
53,3,0,0,0.751,0,0,0.000,0,0,0,0,0,0,1,1
53,-5,4,2,5.053,0,0,0.000,0,0,0,0,0,0,0,0
53,1,-2,3,1.141,0,0,0.000,0,0,0,0,0,0,0,0
53,-4,-3,0,1.871,0,0,0.000,0,0,0,0,0,0,0,0
53,3,-5,0,1.621,0,0,0.000,0,0,0,0,0,0,0,0
53,0,6,0,2.252,558,0,6.622,1,0,0,0,0,558,309,309
53,2,5,0,3.701,891,0,10.461,1,0,0,0,0,891,391,391
53,-3,7,0,3.062,212,0,7.192,1,0,0,0,0,212,355,355
53,-5,5,3,1.371,0,0,0.000,0,0,0,0,0,0,7,7
53,2,-5,1,0.291,0,0,0.000,0,0,0,0,0,0,0,0
53,4,-3,0,0.431,0,0,0.000,0,0,0,0,0,0,0,0
53,-3,-3,0,0.112,0,0,0.000,0,0,0,0,0,0,0,0
53,-3,-1,3,0.231,0,0,0.000,0,0,0,0,0,0,0,0
53,0,5,3,0.793,56,56,-1.000,0,0,0,0,0,0,115,115
53,0,0,3,0.641,0,0,0.000,0,0,0,0,0,0,0,0
53,3,-1,0,0.581,0,0,0.000,0,0,0,0,0,0,0,0
53,-1,-4,0,0.151,0,0,0.000,0,0,0,0,0,0,0,0
53,3,-2,1,0.411,0,0,0.000,0,0,0,0,0,0,0,0
53,1,5,0,3.272,486,0,8.152,1,0,0,0,0,486,406,406
53,-3,-2,2,1.521,0,0,0.000,0,0,0,0,0,0,0,0
53,-1,0,3,0.211,0,0,0.000,0,0,0,0,0,0,0,0
53,-5,-1,1,1.801,0,0,0.000,0,0,0,0,0,0,0,0
53,0,-1,3,0.321,0,0,0.000,0,0,0,0,0,0,0,0
53,-2,7,0,2.742,435,0,6.992,1,0,0,0,0,435,461,461
53,-6,4,1,1.042,0,0,0.000,0,0,0,0,0,0,0,0
53,-4,4,3,0.941,0,0,0.000,0,0,0,0,0,0,0,0
53,1,1,3,0.191,0,0,0.000,0,0,0,0,0,0,0,0
53,3,-4,0,0.501,0,0,0.000,0,0,0,0,0,0,0,0
53,-4,-1,3,0.242,0,0,0.000,0,0,0,0,0,0,0,0
53,-1,4,3,0.752,0,0,0.000,0,0,0,0,0,0,8,8
53,1,3,3,0.771,0,0,0.000,0,0,0,0,0,0,10,10
53,2,3,0,2.062,1,0,2.102,1,0,0,0,0,1,123,123
53,-2,-2,3,0.851,0,0,0.000,0,0,0,0,0,0,0,0
53,3,-3,0,0.231,0,0,0.000,0,0,0,0,0,0,0,0
53,-4,7,2,1.871,304,0,4.221,0,2,0,822,304,0,318,318
53,-1,-3,2,0.191,0,0,0.000,0,0,0,0,0,0,0,0
53,-5,7,2,2.673,47,0,3.743,0,1,0,594,47,0,304,304
53,-1,6,1,2.562,190,0,4.352,0,1,0,426,190,0,401,401
53,-3,5,3,30.000,0,0,0.000,0,1,0,4,0,0,3,3
53,-7,8,0,1.531,868,0,9.451,1,0,0,0,0,868,600,600
53,-3,6,3,1.131,4,0,2.932,0,1,0,26,4,0,145,145
53,-5,6,3,1.462,0,0,0.000,0,1,0,95,0,0,141,141
53,-4,2,3,0.101,0,0,0.000,0,0,0,0,0,0,0,0
53,-3,1,3,0.521,0,0,0.000,0,0,0,0,0,0,0,0
53,-6,5,0,1.491,0,0,0.000,0,1,0,4,0,0,24,24
53,1,-1,3,2.841,0,0,0.000,0,0,0,0,0,0,0,0
53,-4,1,3,1.411,0,0,0.000,0,0,0,0,0,0,0,0
53,-5,2,2,0.171,0,0,0.000,0,0,0,0,0,0,0,0
53,-2,-3,0,0.511,0,0,0.000,0,0,0,0,0,0,0,0
53,1,-5,0,0.231,0,0,0.000,0,0,0,0,0,0,0,0
53,-7,7,0,2.871,216,0,5.011,1,0,0,0,0,216,413,413
53,2,1,2,0.351,0,0,0.000,0,0,0,0,0,0,0,0
54,1,-4,2,0.511,0,0,0.000,0,0,0,0,0,0,0,0
54,-3,0,3,1.071,0,0,0.000,0,0,0,0,0,0,0,0
54,-2,2,3,0.381,0,0,0.000,0,0,0,0,0,0,0,0
54,-1,-1,3,0.381,0,0,0.000,0,0,0,0,0,0,0,0
54,0,1,3,0.171,0,0,0.000,0,0,0,0,0,0,0,0
54,-5,3,2,0.681,0,0,0.000,0,0,0,0,0,0,0,0
54,-1,1,3,0.381,0,0,0.000,0,0,0,0,0,0,0,0
54,-2,-1,3,0.511,0,0,0.000,0,0,0,0,0,0,0,0
54,0,4,3,1.671,0,0,0.000,0,2,0,52,0,0,4,4
54,3,-6,0,0.941,0,0,0.000,0,0,0,0,0,0,0,0
54,-2,4,3,0.673,0,0,0.000,0,0,0,0,0,0,0,0
54,-2,0,3,0.431,0,0,0.000,0,0,0,0,0,0,0,0
54,0,2,3,0.381,0,0,0.000,0,0,0,0,0,0,0,0
54,-4,3,3,0.341,0,0,0.000,0,0,0,0,0,0,0,0
54,-5,9,0,1.601,1402,0,9.751,1,0,0,0,0,1402,310,310
54,-7,6,1,3.183,33,0,4.072,1,1,0,227,0,33,228,228
54,-3,2,3,0.421,0,0,0.000,0,0,0,0,0,0,0,0
54,2,-1,2,0.591,0,0,0.000,0,0,0,0,0,0,0,0
54,0,-4,1,1.041,0,0,0.000,0,0,0,0,0,0,0,0
54,-2,5,3,0.901,0,0,0.000,0,0,0,0,0,0,32,32
54,-4,6,3,2.242,0,0,0.000,0,4,0,925,0,0,47,47
54,-1,5,2,1.461,1,0,3.341,0,1,0,194,1,0,45,45
54,0,-3,2,0.331,0,0,0.000,0,0,0,0,0,0,0,0
54,-6,8,0,3.393,606,0,9.263,1,0,0,0,0,606,485,485
54,-1,-2,3,0.441,0,0,0.000,0,0,0,0,0,0,0,0
54,-2,3,3,0.181,0,0,0.000,0,0,0,0,0,0,0,0
54,-4,5,3,0.651,0,0,0.000,0,0,0,0,0,0,0,0
54,1,-3,3,0.201,0,0,0.000,0,0,0,0,0,0,0,0
54,0,-2,3,1.131,0,0,0.000,0,0,0,0,0,0,0,0
54,0,3,3,1.051,0,0,0.000,0,0,0,0,0,0,0,0
54,-6,6,2,1.622,7,0,3.792,0,1,1,31,2,5,30,30
54,-2,6,2,2.722,20,0,3.931,0,1,0,423,20,0,226,226
54,-3,3,3,0.411,0,0,0.000,0,0,0,0,0,0,0,0
54,2,-2,2,0.191,0,0,0.000,0,0,0,0,0,0,0,0
54,-4,-2,2,0.271,0,0,0.000,0,0,0,0,0,0,0,0
54,2,2,1,0.634,0,0,0.000,0,1,0,1,0,0,1,1
54,-5,1,0,3.161,0,0,0.000,0,0,0,0,0,0,0,0
54,2,-3,2,0.131,0,0,0.000,0,0,0,0,0,0,0,0
54,-4,0,2,0.221,0,0,0.000,0,0,0,0,0,0,0,0
54,-3,4,3,0.421,0,0,0.000,0,0,0,0,0,0,0,0
54,-4,8,1,2.851,617,0,6.971,1,1,0,128,617,0,383,383
54,1,2,2,0.991,0,0,0.000,0,0,0,0,0,0,0,0
54,-6,2,0,0.522,0,0,0.000,0,0,0,0,0,0,0,0
54,-5,-2,0,1.831,0,0,0.000,0,0,0,0,0,0,0,0
54,3,1,1,1.851,0,0,0.000,0,0,0,0,0,0,1,1
54,-6,7,2,1.512,92,0,2.441,0,1,0,817,92,0,258,258
54,2,-4,2,0.591,0,0,0.000,0,0,0,0,0,0,0,0
54,-1,3,3,1.601,0,0,0.000,0,0,0,0,0,0,0,0
54,-1,2,3,1.111,0,0,0.000,0,0,0,0,0,0,0,0
54,-5,8,1,1.151,636,0,6.001,0,1,0,799,636,0,547,547
54,1,4,2,1.353,26,0,1.862,0,2,0,697,26,0,155,155
54,1,0,3,0.331,0,0,0.000,0,0,0,0,0,0,0,0
54,-2,1,3,0.671,0,0,0.000,0,0,0,0,0,0,0,0
54,-5,0,1,1.881,0,0,0.000,0,0,0,0,0,0,0,0
54,2,0,3,3.091,0,0,0.000,0,0,0,0,0,0,0,0
54,2,4,1,1.633,260,0,4.142,0,1,0,692,260,0,417,417
54,-6,3,0,0.651,0,0,0.000,0,0,0,0,0,0,1,1
54,3,0,0,1.131,0,0,0.000,0,0,0,0,0,0,0,0
54,-5,4,2,1.601,0,0,0.000,0,0,0,0,0,0,0,0
54,1,-2,3,23.911,0,0,0.000,0,0,0,0,0,0,0,0
54,-4,-3,0,0.911,0,0,0.000,0,0,0,0,0,0,0,0
54,3,-5,0,0.351,0,0,0.000,0,0,0,0,0,0,0,0
54,0,6,0,3.062,560,0,7.372,1,0,0,0,0,560,352,352
54,2,5,0,1.462,920,0,8.492,1,0,0,0,0,920,389,389
54,-3,7,0,2.841,200,0,7.022,1,0,0,0,0,200,348,348
54,-5,5,3,1.171,0,0,0.000,0,0,0,0,0,0,7,7
54,2,-5,1,0.631,0,0,0.000,0,0,0,0,0,0,0,0
54,4,-3,0,0.431,0,0,0.000,0,0,0,0,0,0,0,0
54,-3,-3,0,0.112,0,0,0.000,0,0,0,0,0,0,0,0
54,-3,-1,3,0.231,0,0,0.000,0,0,0,0,0,0,0,0
54,0,5,3,1.113,41,41,-1.000,0,0,0,0,0,0,121,121
54,0,0,3,1.161,0,0,0.000,0,0,0,0,0,0,0,0
54,3,-1,0,0.731,0,0,0.000,0,0,0,0,0,0,0,0
54,-1,-4,0,0.401,0,0,0.000,0,0,0,0,0,0,0,0
54,3,-2,1,0.411,0,0,0.000,0,0,0,0,0,0,0,0
54,1,5,0,1.782,466,0,6.432,1,0,0,0,0,466,412,412
54,-3,-2,2,0.751,0,0,0.000,0,0,0,0,0,0,0,0
54,-1,0,3,0.211,0,0,0.000,0,0,0,0,0,0,0,0
54,-5,-1,1,1.101,0,0,0.000,0,0,0,0,0,0,0,0
54,0,-1,3,0.371,0,0,0.000,0,0,0,0,0,0,0,0
54,-2,7,0,3.631,434,0,7.971,1,0,0,0,0,434,461,461
54,-6,4,1,0.911,0,0,0.000,0,0,0,0,0,0,0,0
54,-4,4,3,0.561,0,0,0.000,0,0,0,0,0,0,0,0
54,1,1,3,0.191,0,0,0.000,0,0,0,0,0,0,0,0
54,3,-4,0,0.471,0,0,0.000,0,0,0,0,0,0,0,0
54,-4,-1,3,0.731,0,0,0.000,0,0,0,0,0,0,0,0
54,-1,4,3,1.801,0,0,0.000,0,1,0,1,0,0,8,8
54,1,3,3,1.411,0,0,0.000,0,0,0,0,0,0,10,10
54,2,3,0,1.973,1,0,1.993,1,0,0,0,0,1,112,112
54,-2,-2,3,0.181,0,0,0.000,0,0,0,0,0,0,0,0
54,3,-3,0,0.341,0,0,0.000,0,0,0,0,0,0,0,0
54,-4,7,2,0.891,292,0,4.701,0,3,1,1229,215,77,340,340
54,-1,-3,2,0.191,0,0,0.000,0,0,0,0,0,0,0,0
54,-5,7,2,4.292,49,0,3.963,0,1,0,572,49,0,284,284
54,-1,6,1,7.362,194,0,5.182,0,1,0,420,194,0,399,399
54,-3,5,3,0.541,0,0,0.000,0,0,0,0,0,0,5,5
54,-7,8,0,1.391,897,0,9.691,1,0,0,0,0,897,585,585
54,-3,6,3,1.701,0,0,0.000,0,1,0,20,0,0,151,151
54,-5,6,3,1.882,0,0,0.000,0,1,0,92,0,0,110,110
54,-4,2,3,2.301,0,0,0.000,0,0,0,0,0,0,0,0
54,-3,1,3,0.331,0,0,0.000,0,0,0,0,0,0,0,0
54,-6,5,0,1.242,0,0,0.000,0,1,0,7,0,0,24,24
54,1,-1,3,30.000,0,0,0.000,0,0,0,0,0,0,0,0
54,-4,1,3,0.391,0,0,0.000,0,0,0,0,0,0,0,0
54,-5,2,2,0.531,0,0,0.000,0,0,0,0,0,0,0,0
54,-2,-3,0,0.311,0,0,0.000,0,0,0,0,0,0,0,0
54,1,-5,0,0.111,0,0,0.000,0,0,0,0,0,0,0,0
54,-7,7,0,4.671,222,0,6.971,1,0,0,0,0,222,393,393
54,2,1,2,0.531,0,0,0.000,0,0,0,0,0,0,0,0
55,1,-4,2,0.551,0,0,0.000,0,0,0,0,0,0,0,0
55,-3,0,3,0.411,0,0,0.000,0,0,0,0,0,0,0,0
55,-2,2,3,0.611,0,0,0.000,0,0,0,0,0,0,0,0
55,-1,-1,3,0.121,0,0,0.000,0,0,0,0,0,0,0,0
55,0,1,3,0.151,0,0,0.000,0,0,0,0,0,0,0,0
55,-5,3,2,1.601,0,0,0.000,0,0,0,0,0,0,0,0
55,-1,1,3,0.381,0,0,0.000,0,0,0,0,0,0,0,0
55,-2,-1,3,0.451,0,0,0.000,0,0,0,0,0,0,0,0
55,0,4,3,1.431,0,0,0.000,0,1,0,26,0,0,2,2
55,3,-6,0,0.281,0,0,0.000,0,0,0,0,0,0,0,0
55,-2,4,3,1.801,0,0,0.000,0,0,0,0,0,0,0,0
55,-2,0,3,1.121,0,0,0.000,0,0,0,0,0,0,0,0
55,0,2,3,0.981,0,0,0.000,0,0,0,0,0,0,0,0
55,-4,3,3,4.521,0,0,0.000,0,0,0,0,0,0,0,0
55,-5,9,0,1.301,1394,0,9.141,1,0,0,0,0,1394,333,333
55,-7,6,1,2.303,31,0,2.941,0,1,0,221,31,0,236,236
55,-3,2,3,0.591,0,0,0.000,0,0,0,0,0,0,0,0
55,2,-1,2,2.481,0,0,0.000,0,0,0,0,0,0,0,0
55,0,-4,1,0.201,0,0,0.000,0,0,0,0,0,0,0,0
55,-2,5,3,1.061,0,0,0.000,0,0,0,0,0,0,40,40
55,-4,6,3,1.442,0,0,0.000,0,3,0,619,0,0,63,63
55,-1,5,2,3.771,0,0,0.000,0,1,0,192,0,0,43,43
55,0,-3,2,0.611,0,0,0.000,0,0,0,0,0,0,0,0
55,-6,8,0,2.193,648,0,8.433,1,0,0,0,0,648,488,488
55,-1,-2,3,0.671,0,0,0.000,0,0,0,0,0,0,0,0
55,-2,3,3,0.181,0,0,0.000,0,0,0,0,0,0,0,0
55,-4,5,3,0.871,0,0,0.000,0,0,0,0,0,0,0,0
55,1,-3,3,0.411,0,0,0.000,0,0,0,0,0,0,0,0
55,0,-2,3,0.531,0,0,0.000,0,0,0,0,0,0,0,0
55,0,3,3,0.781,0,0,0.000,0,0,0,0,0,0,0,0
55,-6,6,2,1.452,3,0,2.631,0,1,0,31,3,0,36,36
55,-2,6,2,4.501,22,0,3.743,0,1,0,418,22,0,233,233
55,-3,3,3,0.311,0,0,0.000,0,0,0,0,0,0,0,0
55,2,-2,2,0.391,0,0,0.000,0,0,0,0,0,0,0,0
55,-4,-2,2,0.571,0,0,0.000,0,0,0,0,0,0,0,0
55,2,2,1,0.634,0,0,0.000,0,0,0,0,0,0,0,0
55,-5,1,0,1.001,0,0,0.000,0,0,0,0,0,0,0,0
55,2,-3,2,0.271,0,0,0.000,0,0,0,0,0,0,0,0
55,-4,0,2,0.371,0,0,0.000,0,0,0,0,0,0,0,0
55,-3,4,3,0.971,0,0,0.000,0,0,0,0,0,0,0,0
55,-4,8,1,6.211,615,0,6.122,0,1,0,44,615,0,372,372
55,1,2,2,1.511,0,0,0.000,0,0,0,0,0,0,0,0
55,-6,2,0,0.871,0,0,0.000,0,0,0,0,0,0,0,0
55,-5,-2,0,1.271,0,0,0.000,0,0,0,0,0,0,0,0
55,3,1,1,1.251,0,0,0.000,0,0,0,0,0,0,2,2
55,-6,7,2,1.891,101,0,2.671,0,1,0,767,101,0,232,232
55,2,-4,2,2.081,0,0,0.000,0,0,0,0,0,0,0,0
55,-1,3,3,1.111,0,0,0.000,0,0,0,0,0,0,0,0
55,-1,2,3,0.311,0,0,0.000,0,0,0,0,0,0,0,0
55,-5,8,1,1.151,667,0,5.891,0,1,0,768,667,0,550,550
55,1,4,2,1.352,26,0,2.332,0,2,0,727,26,0,141,141
55,1,0,3,0.161,0,0,0.000,0,0,0,0,0,0,0,0
55,-2,1,3,0.611,0,0,0.000,0,0,0,0,0,0,0,0
55,-5,0,1,0.621,0,0,0.000,0,0,0,0,0,0,0,0
55,2,0,3,0.921,0,0,0.000,0,0,0,0,0,0,0,0
55,2,4,1,1.633,275,0,6.623,0,1,1,678,227,48,405,405
55,-6,3,0,0.871,0,0,0.000,0,0,0,0,0,0,0,0
55,3,0,0,0.751,0,0,0.000,0,0,0,0,0,0,0,0
55,-5,4,2,0.703,0,0,0.000,0,0,0,0,0,0,0,0
55,1,-2,3,0.451,0,0,0.000,0,0,0,0,0,0,0,0
55,-4,-3,0,0.721,0,0,0.000,0,0,0,0,0,0,0,0
55,3,-5,0,0.171,0,0,0.000,0,0,0,0,0,0,0,0
55,0,6,0,1.372,570,0,5.812,1,0,0,0,0,570,353,353
55,2,5,0,4.121,905,0,10.593,1,0,0,48,0,905,412,412
55,-3,7,0,1.962,212,0,6.172,1,0,0,0,0,212,353,353
55,-5,5,3,2.571,0,0,0.000,0,0,0,0,0,0,7,7
55,2,-5,1,0.631,0,0,0.000,0,0,0,0,0,0,0,0
55,4,-3,0,0.431,0,0,0.000,0,0,0,0,0,0,0,0
55,-3,-3,0,0.112,0,0,0.000,0,0,0,0,0,0,0,0
55,-3,-1,3,0.231,0,0,0.000,0,0,0,0,0,0,0,0
55,0,5,3,0.953,48,48,-1.000,0,0,0,0,0,0,107,107
55,0,0,3,0.381,0,0,0.000,0,0,0,0,0,0,0,0
55,3,-1,0,1.631,0,0,0.000,0,0,0,0,0,0,0,0
55,-1,-4,0,0.151,0,0,0.000,0,0,0,0,0,0,0,0
55,3,-2,1,0.201,0,0,0.000,0,0,0,0,0,0,0,0
55,1,5,0,1.962,472,0,6.662,1,0,0,0,0,472,406,406
55,-3,-2,2,0.561,0,0,0.000,0,0,0,0,0,0,0,0
55,-1,0,3,0.601,0,0,0.000,0,0,0,0,0,0,0,0
55,-5,-1,1,0.982,0,0,0.000,0,0,0,0,0,0,0,0
55,0,-1,3,0.321,0,0,0.000,0,0,0,0,0,0,0,0
55,-2,7,0,3.423,433,0,7.713,1,0,0,0,0,433,478,478
55,-6,4,1,1.211,0,0,0.000,0,0,0,0,0,0,0,0
55,-4,4,3,1.131,0,0,0.000,0,0,0,0,0,0,0,0
55,1,1,3,0.291,0,0,0.000,0,0,0,0,0,0,0,0
55,3,-4,0,0.471,0,0,0.000,0,0,0,0,0,0,0,0
55,-4,-1,3,1.101,0,0,0.000,0,0,0,0,0,0,0,0
55,-1,4,3,0.851,0,0,0.000,0,0,0,0,0,0,10,10
55,1,3,3,0.931,0,0,0.000,0,0,0,0,0,0,10,10
55,2,3,0,1.753,0,0,0.000,0,0,0,0,0,0,137,137
55,-2,-2,3,0.331,0,0,0.000,0,0,0,0,0,0,0,0
55,3,-3,0,0.271,0,0,0.000,0,0,0,0,0,0,0,0
55,-4,7,2,0.771,283,0,4.311,0,2,0,849,283,0,339,339
55,-1,-3,2,0.391,0,0,0.000,0,0,0,0,0,0,0,0
55,-5,7,2,2.943,53,0,2.803,0,1,0,609,53,0,291,291
55,-1,6,1,2.582,192,0,3.482,0,1,0,433,192,0,374,374
55,-3,5,3,4.212,0,0,0.000,0,1,0,4,0,0,8,8
55,-7,8,0,1.531,857,0,9.331,1,0,0,0,0,857,649,649
55,-3,6,3,2.091,4,0,3.603,0,1,0,22,4,0,148,148
55,-5,6,3,2.932,0,0,0.000,0,1,0,101,0,0,128,128
55,-4,2,3,2.081,0,0,0.000,0,0,0,0,0,0,0,0
55,-3,1,3,0.181,0,0,0.000,0,0,0,0,0,0,0,0
55,-6,5,0,17.901,0,0,0.000,0,1,0,3,0,0,32,32
55,1,-1,3,6.841,0,0,0.000,0,0,0,0,0,0,0,0
55,-4,1,3,0.391,0,0,0.000,0,0,0,0,0,0,0,0
55,-5,2,2,0.771,0,0,0.000,0,0,0,0,0,0,0,0
55,-2,-3,0,2.291,0,0,0.000,0,0,0,0,0,0,0,0
55,1,-5,0,0.231,0,0,0.000,0,0,0,0,0,0,0,0
55,-7,7,0,2.511,230,0,4.801,1,0,0,0,0,230,403,403
55,2,1,2,0.531,0,0,0.000,0,0,0,0,0,0,0,0
56,1,-4,2,0.771,0,0,0.000,0,0,0,0,0,0,0,0
56,-3,0,3,0.571,0,0,0.000,0,0,0,0,0,0,0,0
56,-2,2,3,0.441,0,0,0.000,0,0,0,0,0,0,0,0
56,-1,-1,3,0.871,0,0,0.000,0,0,0,0,0,0,0,0
56,0,1,3,0.271,0,0,0.000,0,0,0,0,0,0,0,0
56,-5,3,2,0.681,0,0,0.000,0,0,0,0,0,0,0,0
56,-1,1,3,0.381,0,0,0.000,0,0,0,0,0,0,0,0
56,-2,-1,3,0.181,0,0,0.000,0,0,0,0,0,0,0,0
56,0,4,3,1.191,0,0,0.000,0,1,0,25,0,0,4,4
56,3,-6,0,0.311,0,0,0.000,0,0,0,0,0,0,0,0
56,-2,4,3,1.571,0,0,0.000,0,0,0,0,0,0,0,0
56,-2,0,3,0.431,0,0,0.000,0,0,0,0,0,0,0,0
56,0,2,3,0.781,0,0,0.000,0,0,0,0,0,0,0,0
56,-4,3,3,0.341,0,0,0.000,0,0,0,0,0,0,0,0
56,-5,9,0,1.151,1405,0,9.231,1,0,0,0,0,1405,319,319
56,-7,6,1,1.754,25,0,4.164,0,1,1,229,12,13,188,188
56,-3,2,3,0.251,0,0,0.000,0,0,0,0,0,0,0,0
56,2,-1,2,0.591,0,0,0.000,0,0,0,0,0,0,0,0
56,0,-4,1,0.271,0,0,0.000,0,0,0,0,0,0,0,0
56,-2,5,3,1.061,0,0,0.000,0,0,0,0,0,0,42,42
56,-4,6,3,1.671,0,0,0.000,0,3,0,644,0,0,53,53
56,-1,5,2,2.091,0,0,0.000,0,1,0,193,0,0,48,48
56,0,-3,2,0.331,0,0,0.000,0,0,0,0,0,0,0,0
56,-6,8,0,3.193,606,0,8.993,1,0,0,0,0,606,497,497
56,-1,-2,3,0.441,0,0,0.000,0,0,0,0,0,0,0,0
56,-2,3,3,0.561,0,0,0.000,0,0,0,0,0,0,0,0
56,-4,5,3,1.982,0,0,0.000,0,0,0,0,0,0,0,0
56,1,-3,3,1.041,0,0,0.000,0,0,0,0,0,0,0,0
56,0,-2,3,0.141,0,0,0.000,0,0,0,0,0,0,0,0
56,0,3,3,0.573,0,0,0.000,0,0,0,0,0,0,0,0
56,-6,6,2,30.000,4,0,3.924,0,1,0,25,4,0,29,29
56,-2,6,2,3.714,24,0,3.412,0,1,0,414,24,0,238,238
56,-3,3,3,0.201,0,0,0.000,0,0,0,0,0,0,0,0
56,2,-2,2,0.391,0,0,0.000,0,0,0,0,0,0,0,0
56,-4,-2,2,0.271,0,0,0.000,0,0,0,0,0,0,0,0
56,2,2,1,0.773,0,0,0.000,0,1,0,2,0,0,0,0
56,-5,1,0,0.961,0,0,0.000,0,0,0,0,0,0,0,0
56,2,-3,2,0.661,0,0,0.000,0,0,0,0,0,0,0,0
56,-4,0,2,2.901,0,0,0.000,0,0,0,0,0,0,0,0
56,-3,4,3,0.361,0,0,0.000,0,0,0,0,0,0,0,0
56,-4,8,1,3.091,605,0,5.942,0,1,0,53,605,0,386,386
56,1,2,2,1.341,0,0,0.000,0,0,0,0,0,0,0,0
56,-6,2,0,1.751,0,0,0.000,0,0,0,0,0,0,0,0
56,-5,-2,0,1.671,0,0,0.000,0,0,0,0,0,0,0,0
56,3,1,1,2.091,0,0,0.000,0,0,0,0,0,0,0,0
56,-6,7,2,1.982,102,0,2.541,0,1,0,807,102,0,259,259
56,2,-4,2,0.981,0,0,0.000,0,0,0,0,0,0,0,0
56,-1,3,3,1.171,0,0,0.000,0,0,0,0,0,0,0,0
56,-1,2,3,1.751,0,0,0.000,0,0,0,0,0,0,0,0
56,-5,8,1,1.081,653,0,5.581,0,1,0,792,653,0,576,576
56,1,4,2,1.523,25,0,3.322,0,2,0,716,25,0,157,157
56,1,0,3,0.291,0,0,0.000,0,0,0,0,0,0,0,0
56,-2,1,3,0.861,0,0,0.000,0,0,0,0,0,0,0,0
56,-5,0,1,0.761,0,0,0.000,0,0,0,0,0,0,0,0
56,2,0,3,0.611,0,0,0.000,0,0,0,0,0,0,0,0
56,2,4,1,2.313,266,0,5.682,0,1,0,686,266,0,457,457
56,-6,3,0,0.651,0,0,0.000,0,0,0,0,0,0,0,0
56,3,0,0,0.751,0,0,0.000,0,0,0,0,0,0,2,2
56,-5,4,2,1.601,0,0,0.000,0,0,0,0,0,0,0,0
56,1,-2,3,0.911,0,0,0.000,0,0,0,0,0,0,0,0
56,-4,-3,0,0.671,0,0,0.000,0,0,0,0,0,0,0,0
56,3,-5,0,0.341,0,0,0.000,0,0,0,0,0,0,0,0
56,0,6,0,2.292,568,0,6.712,1,0,0,0,0,568,359,359
56,2,5,0,2.932,911,0,9.902,1,0,0,0,0,911,397,397
56,-3,7,0,1.962,214,0,5.992,1,0,0,0,0,214,329,329
56,-5,5,3,2.203,0,0,0.000,0,0,0,0,0,0,3,3
56,2,-5,1,4.881,0,0,0.000,0,0,0,0,0,0,0,0
56,4,-3,0,1.261,0,0,0.000,0,0,0,0,0,0,0,0
56,-3,-3,0,0.112,0,0,0.000,0,0,0,0,0,0,0,0
56,-3,-1,3,0.141,0,0,0.000,0,0,0,0,0,0,0,0
56,0,5,3,1.272,35,35,-1.000,0,0,0,0,0,0,111,111
56,0,0,3,0.451,0,0,0.000,0,0,0,0,0,0,0,0
56,3,-1,0,0.581,0,0,0.000,0,0,0,0,0,0,0,0
56,-1,-4,0,0.311,0,0,0.000,0,0,0,0,0,0,0,0
56,3,-2,1,0.621,0,0,0.000,0,0,0,0,0,0,0,0
56,1,5,0,4.122,458,0,8.882,1,0,0,0,0,458,407,407
56,-3,-2,2,0.751,0,0,0.000,0,0,0,0,0,0,0,0
56,-1,0,3,0.211,0,0,0.000,0,0,0,0,0,0,0,0
56,-5,-1,1,1.333,0,0,0.000,0,0,0,0,0,0,0,0
56,0,-1,3,0.191,0,0,0.000,0,0,0,0,0,0,0,0
56,-2,7,0,3.082,424,0,7.332,1,0,0,0,0,424,483,483
56,-6,4,1,1.841,0,0,0.000,0,0,0,0,0,0,0,0
56,-4,4,3,0.941,0,0,0.000,0,0,0,0,0,0,0,0
56,1,1,3,0.351,0,0,0.000,0,0,0,0,0,0,0,0
56,3,-4,0,0.501,0,0,0.000,0,0,0,0,0,0,0,0
56,-4,-1,3,0.731,0,0,0.000,0,0,0,0,0,0,0,0
56,-1,4,3,0.752,0,0,0.000,0,0,0,0,0,0,5,5
56,1,3,3,1.251,0,0,0.000,0,0,0,0,0,0,15,15
56,2,3,0,1.701,2,0,1.761,1,0,0,0,0,2,116,116
56,-2,-2,3,0.521,0,0,0.000,0,0,0,0,0,0,0,0
56,3,-3,0,1.231,0,0,0.000,0,0,0,0,0,0,0,0
56,-4,7,2,0.771,299,0,4.331,0,2,0,815,299,0,311,311
56,-1,-3,2,0.991,0,0,0.000,0,0,0,0,0,0,0,0
56,-5,7,2,5.102,46,0,3.753,0,1,0,565,46,0,282,282
56,-1,6,1,2.162,193,0,4.412,0,1,0,431,193,0,404,404
56,-3,5,3,1.241,0,0,0.000,0,1,0,6,0,0,4,4
56,-7,8,0,1.391,900,0,9.591,1,0,0,0,0,900,566,566
56,-3,6,3,2.662,6,0,3.302,0,1,0,24,6,0,157,157
56,-5,6,3,2.302,0,0,0.000,0,1,0,102,0,0,146,146
56,-4,2,3,2.081,0,0,0.000,0,0,0,0,0,0,0,0
56,-3,1,3,0.271,0,0,0.000,0,0,0,0,0,0,0,0
56,-6,5,0,1.211,0,0,0.000,0,1,0,4,0,0,28,28
56,1,-1,3,0.561,0,0,0.000,0,0,0,0,0,0,0,0
56,-4,1,3,0.191,0,0,0.000,0,0,0,0,0,0,0,0
56,-5,2,2,0.171,0,0,0.000,0,0,0,0,0,0,0,0
56,-2,-3,0,0.211,0,0,0.000,0,0,0,0,0,0,0,0
56,1,-5,0,0.351,0,0,0.000,0,0,0,0,0,0,0,0
56,-7,7,0,6.831,241,0,6.164,1,0,0,13,0,241,409,409
56,2,1,2,0.351,0,0,0.000,0,0,0,0,0,0,0,0
57,1,-4,2,0.511,0,0,0.000,0,0,0,0,0,0,0,0
57,-3,0,3,0.351,0,0,0.000,0,0,0,0,0,0,0,0
57,-2,2,3,0.541,0,0,0.000,0,0,0,0,0,0,0,0
57,-1,-1,3,0.121,0,0,0.000,0,0,0,0,0,0,0,0
57,0,1,3,0.151,0,0,0.000,0,0,0,0,0,0,0,0
57,-5,3,2,1.601,0,0,0.000,0,0,0,0,0,0,0,0
57,-1,1,3,0.201,0,0,0.000,0,0,0,0,0,0,0,0
57,-2,-1,3,0.321,0,0,0.000,0,0,0,0,0,0,0,0
57,0,4,3,1.191,0,0,0.000,0,1,0,29,0,0,0,0
57,3,-6,0,0.231,0,0,0.000,0,0,0,0,0,0,0,0
57,-2,4,3,1.611,0,0,0.000,0,0,0,0,0,0,0,0
57,-2,0,3,0.241,0,0,0.000,0,0,0,0,0,0,0,0
57,0,2,3,0.381,0,0,0.000,0,0,0,0,0,0,0,0
57,-4,3,3,0.531,0,0,0.000,0,0,0,0,0,0,0,0
57,-5,9,0,1.301,1425,0,9.681,1,0,0,0,0,1425,299,299
57,-7,6,1,4.393,27,0,4.001,1,1,0,203,26,1,205,205
57,-3,2,3,1.691,0,0,0.000,0,0,0,0,0,0,0,0
57,2,-1,2,0.591,0,0,0.000,0,0,0,0,0,0,0,0
57,0,-4,1,0.201,0,0,0.000,0,0,0,0,0,0,0,0
57,-2,5,3,1.861,0,0,0.000,0,0,0,0,0,0,44,44
57,-4,6,3,1.911,0,0,0.000,0,3,0,610,0,0,71,71
57,-1,5,2,2.301,0,0,0.000,0,1,0,192,0,0,49,49
57,0,-3,2,0.161,0,0,0.000,0,0,0,0,0,0,0,0
57,-6,8,0,1.793,649,0,7.983,1,0,0,0,0,649,468,468
57,-1,-2,3,0.441,0,0,0.000,0,0,0,0,0,0,0,0
57,-2,3,3,1.321,0,0,0.000,0,0,0,0,0,0,0,0
57,-4,5,3,1.091,0,0,0.000,0,0,0,0,0,0,0,0
57,1,-3,3,0.461,0,0,0.000,0,0,0,0,0,0,0,0
57,0,-2,3,0.381,0,0,0.000,0,0,0,0,0,0,0,0
57,0,3,3,1.311,0,0,0.000,0,0,0,0,0,0,0,0
57,-6,6,2,1.622,3,0,3.712,0,2,1,52,1,2,39,39
57,-2,6,2,5.793,18,0,2.312,0,1,0,397,18,0,260,260
57,-3,3,3,1.041,0,0,0.000,0,0,0,0,0,0,0,0
57,2,-2,2,0.191,0,0,0.000,0,0,0,0,0,0,0,0
57,-4,-2,2,0.291,0,0,0.000,0,0,0,0,0,0,0,0
57,2,2,1,1.371,0,0,0.000,0,0,0,0,0,0,1,1
57,-5,1,0,0.194,0,0,0.000,0,0,0,0,0,0,0,0
57,2,-3,2,0.131,0,0,0.000,0,0,0,0,0,0,0,0
57,-4,0,2,0.221,0,0,0.000,0,0,0,0,0,0,0,0
57,-3,4,3,0.551,0,0,0.000,0,0,0,0,0,0,0,0
57,-4,8,1,2.851,624,0,6.232,0,1,0,44,624,0,384,384
57,1,2,2,0.821,0,0,0.000,0,0,0,0,0,0,0,0
57,-6,2,0,1.371,0,0,0.000,0,0,0,0,0,0,0,0
57,-5,-2,0,1.271,0,0,0.000,0,0,0,0,0,0,0,0
57,3,1,1,3.143,0,0,0.000,0,0,0,0,0,0,2,2
57,-6,7,2,1.403,102,0,2.681,0,1,0,800,102,0,235,235
57,2,-4,2,0.981,0,0,0.000,0,0,0,0,0,0,0,0
57,-1,3,3,0.451,0,0,0.000,0,0,0,0,0,0,0,0
57,-1,2,3,0.311,0,0,0.000,0,0,0,0,0,0,0,0
57,-5,8,1,1.321,641,0,5.751,0,1,0,822,641,0,608,608
57,1,4,2,1.523,29,0,2.451,0,2,0,715,29,0,156,156
57,1,0,3,0.581,0,0,0.000,0,0,0,0,0,0,0,0
57,-2,1,3,1.201,0,0,0.000,0,0,0,0,0,0,0,0
57,-5,0,1,0.531,0,0,0.000,0,0,0,0,0,0,0,0
57,2,0,3,0.611,0,0,0.000,0,0,0,0,0,0,0,0
57,2,4,1,3.423,261,0,4.671,0,1,0,668,261,0,449,449
57,-6,3,0,1.071,0,0,0.000,0,0,0,0,0,0,1,1
57,3,0,0,0.751,0,0,0.000,0,0,0,0,0,0,2,2
57,-5,4,2,0.681,0,0,0.000,0,0,0,0,0,0,0,0
57,1,-2,3,0.451,0,0,0.000,0,0,0,0,0,0,0,0
57,-4,-3,0,0.671,0,0,0.000,0,0,0,0,0,0,0,0
57,3,-5,0,0.251,0,0,0.000,0,0,0,0,0,0,0,0
57,0,6,0,2.022,564,0,6.382,1,0,0,0,0,564,362,362
57,2,5,0,2.021,889,0,8.811,1,0,0,0,0,889,386,386
57,-3,7,0,1.962,220,0,6.282,1,0,0,0,0,220,359,359
57,-5,5,3,1.771,0,0,0.000,0,0,0,0,0,0,10,10
57,2,-5,1,0.291,0,0,0.000,0,0,0,0,0,0,0,0
57,4,-3,0,0.661,0,0,0.000,0,0,0,0,0,0,0,0
57,-3,-3,0,0.691,0,0,0.000,0,0,0,0,0,0,0,0
57,-3,-1,3,0.231,0,0,0.000,0,0,0,0,0,0,0,0
57,0,5,3,0.792,47,47,-1.000,0,0,0,0,0,0,123,123
57,0,0,3,1.231,0,0,0.000,0,0,0,0,0,0,0,0
57,3,-1,0,0.431,0,0,0.000,0,0,0,0,0,0,0,0
57,-1,-4,0,0.561,0,0,0.000,0,0,0,0,0,0,0,0
57,3,-2,1,1.041,0,0,0.000,0,0,0,0,0,0,0,0
57,1,5,0,3.142,467,0,7.992,1,0,0,0,0,467,400,400
57,-3,-2,2,0.181,0,0,0.000,0,0,0,0,0,0,0,0
57,-1,0,3,0.381,0,0,0.000,0,0,0,0,0,0,0,0
57,-5,-1,1,2.151,0,0,0.000,0,0,0,0,0,0,0,0
57,0,-1,3,0.191,0,0,0.000,0,0,0,0,0,0,0,0
57,-2,7,0,2.032,413,0,6.112,1,0,0,0,0,413,486,486
57,-6,4,1,1.732,0,0,0.000,0,0,0,0,0,0,0,0
57,-4,4,3,1.701,0,0,0.000,0,0,0,0,0,0,0,0
57,1,1,3,0.551,0,0,0.000,0,0,0,0,0,0,0,0
57,3,-4,0,1.771,0,0,0.000,0,0,0,0,0,0,0,0
57,-4,-1,3,0.481,0,0,0.000,0,0,0,0,0,0,0,0
57,-1,4,3,0.752,0,0,0.000,0,0,0,0,0,0,3,3
57,1,3,3,1.411,0,0,0.000,0,0,0,0,0,0,8,8
57,2,3,0,3.024,0,0,0.000,0,0,0,0,0,0,115,115
57,-2,-2,3,0.521,0,0,0.000,0,0,0,0,0,0,0,0
57,3,-3,0,0.341,0,0,0.000,0,0,0,0,0,0,0,0
57,-4,7,2,1.371,278,0,4.261,0,2,0,846,278,0,337,337
57,-1,-3,2,0.191,0,0,0.000,0,0,0,0,0,0,0,0
57,-5,7,2,3.483,54,0,2.413,0,1,0,604,54,0,305,305
57,-1,6,1,2.582,192,0,4.132,0,1,0,425,192,0,396,396
57,-3,5,3,0.541,0,0,0.000,0,1,0,6,0,0,5,5
57,-7,8,0,1.531,885,0,9.661,1,0,0,0,0,885,609,609
57,-3,6,3,1.891,6,0,2.252,0,1,0,18,6,0,150,150
57,-5,6,3,1.252,0,0,0.000,0,1,0,102,0,0,122,122
57,-4,2,3,0.101,0,0,0.000,0,0,0,0,0,0,0,0
57,-3,1,3,0.331,0,0,0.000,0,0,0,0,0,0,0,0
57,-6,5,0,0.961,0,0,0.000,0,2,0,4,0,0,39,39
57,1,-1,3,0.181,0,0,0.000,0,0,0,0,0,0,0,0
57,-4,1,3,0.191,0,0,0.000,0,0,0,0,0,0,0,0
57,-5,2,2,0.171,0,0,0.000,0,0,0,0,0,0,0,0
57,-2,-3,0,0.331,0,0,0.000,0,0,0,0,0,0,0,0
57,1,-5,0,0.111,0,0,0.000,0,0,0,0,0,0,0,0
57,-7,7,0,3.591,212,0,5.681,1,0,0,0,0,212,408,408
57,2,1,2,0.531,0,0,0.000,0,0,0,0,0,0,0,0
58,1,-4,2,1.291,0,0,0.000,0,0,0,0,0,0,0,0
58,-3,0,3,1.231,0,0,0.000,0,0,0,0,0,0,0,0
58,-2,2,3,0.381,0,0,0.000,0,0,0,0,0,0,0,0
58,-1,-1,3,0.121,0,0,0.000,0,0,0,0,0,0,0,0
58,0,1,3,0.112,0,0,0.000,0,0,0,0,0,0,0,0
58,-5,3,2,1.601,0,0,0.000,0,0,0,0,0,0,0,0
58,-1,1,3,0.591,0,0,0.000,0,0,0,0,0,0,0,0
58,-2,-1,3,0.181,0,0,0.000,0,0,0,0,0,0,0,0
58,0,4,3,2.151,0,0,0.000,0,1,0,33,0,0,5,5
58,3,-6,0,0.461,0,0,0.000,0,0,0,0,0,0,0,0
58,-2,4,3,0.881,0,0,0.000,0,0,0,0,0,0,0,0
58,-2,0,3,2.191,0,0,0.000,0,0,0,0,0,0,0,0
58,0,2,3,1.181,0,0,0.000,0,0,0,0,0,0,0,0
58,-4,3,3,1.291,0,0,0.000,0,0,0,0,0,0,0,0
58,-5,9,0,1.301,1428,0,9.801,1,0,0,0,0,1428,303,303
58,-7,6,1,2.413,39,0,3.571,0,1,0,210,39,0,200,200
58,-3,2,3,1.371,0,0,0.000,0,0,0,0,0,0,0,0
58,2,-1,2,0.591,0,0,0.000,0,0,0,0,0,0,0,0
58,0,-4,1,0.381,0,0,0.000,0,0,0,0,0,0,0,0
58,-2,5,3,1.861,0,0,0.000,0,0,0,0,0,0,37,37
58,-4,6,3,2.491,1,0,1.511,0,3,0,662,1,0,66,66
58,-1,5,2,1.251,0,0,0.000,0,1,0,158,0,0,45,45
58,0,-3,2,0.161,0,0,0.000,0,0,0,0,0,0,0,0
58,-6,8,0,1.993,640,0,8.203,1,0,0,0,0,640,472,472
58,-1,-2,3,0.221,0,0,0.000,0,0,0,0,0,0,0,0
58,-2,3,3,0.561,0,0,0.000,0,0,0,0,0,0,0,0
58,-4,5,3,0.921,0,0,0.000,0,1,0,1,0,0,0,0
58,1,-3,3,1.931,0,0,0.000,0,0,0,0,0,0,0,0
58,0,-2,3,0.381,0,0,0.000,0,0,0,0,0,0,0,0
58,0,3,3,1.521,0,0,0.000,0,0,0,0,0,0,0,0
58,-6,6,2,3.493,7,0,3.211,0,1,0,39,7,0,34,34
58,-2,6,2,2.462,22,0,1.962,0,1,0,410,22,0,243,243
58,-3,3,3,0.201,0,0,0.000,0,0,0,0,0,0,0,0
58,2,-2,2,0.191,0,0,0.000,0,0,0,0,0,0,0,0
58,-4,-2,2,0.271,0,0,0.000,0,0,0,0,0,0,0,0
58,2,2,1,0.633,0,0,0.000,0,1,0,3,0,0,2,2
58,-5,1,0,3.161,0,0,0.000,0,0,0,0,0,0,0,0
58,2,-3,2,0.941,0,0,0.000,0,0,0,0,0,0,0,0
58,-4,0,2,1.291,0,0,0.000,0,0,0,0,0,0,0,0
58,-3,4,3,0.751,0,0,0.000,0,0,0,0,0,0,0,0
58,-4,8,1,3.811,590,0,5.552,0,1,0,58,590,0,381,381
58,1,2,2,1.361,0,0,0.000,0,0,0,0,0,0,0,0
58,-6,2,0,0.651,0,0,0.000,0,0,0,0,0,0,0,0
58,-5,-2,0,0.951,0,0,0.000,0,0,0,0,0,0,0,0
58,3,1,1,3.033,0,0,0.000,0,0,0,0,0,0,4,4
58,-6,7,2,2.032,93,0,4.303,0,1,0,811,93,0,251,251
58,2,-4,2,0.321,0,0,0.000,0,0,0,0,0,0,0,0
58,-1,3,3,1.361,0,0,0.000,0,0,0,0,0,0,0,0
58,-1,2,3,0.311,0,0,0.000,0,0,0,0,0,0,0,0
58,-5,8,1,1.151,623,0,5.501,0,1,0,834,623,0,568,568
58,1,4,2,1.523,33,0,3.122,0,2,0,703,33,0,136,136
58,1,0,3,0.161,0,0,0.000,0,0,0,0,0,0,0,0
58,-2,1,3,2.221,0,0,0.000,0,0,0,0,0,0,0,0
58,-5,0,1,0.531,0,0,0.000,0,0,0,0,0,0,0,0
58,2,0,3,0.921,0,0,0.000,0,0,0,0,0,0,0,0
58,2,4,1,1.522,250,0,6.272,0,1,1,663,216,34,437,437
58,-6,3,0,1.161,0,0,0.000,0,0,0,0,0,0,0,0
58,3,0,0,0.772,0,0,0.000,0,0,0,0,0,0,1,1
58,-5,4,2,1.831,0,0,0.000,0,0,0,0,0,0,0,0
58,1,-2,3,1.141,0,0,0.000,0,0,0,0,0,0,0,0
58,-4,-3,0,1.431,0,0,0.000,0,0,0,0,0,0,0,0
58,3,-5,0,0.171,0,0,0.000,0,0,0,0,0,0,0,0
58,0,6,0,1.792,566,0,6.391,1,0,0,0,0,566,339,339
58,2,5,0,3.912,879,0,10.332,1,0,0,34,0,879,402,402
58,-3,7,0,1.742,230,0,5.602,1,0,0,0,0,230,325,325
58,-5,5,3,1.171,0,0,0.000,0,0,0,0,0,0,6,6
58,2,-5,1,0.161,0,0,0.000,0,0,0,0,0,0,0,0
58,4,-3,0,0.431,0,0,0.000,0,0,0,0,0,0,0,0
58,-3,-3,0,0.211,0,0,0.000,0,0,0,0,0,0,0,0
58,-3,-1,3,0.111,0,0,0.000,0,0,0,0,0,0,0,0
58,0,5,3,1.432,44,44,-1.000,0,0,0,0,0,0,92,92
58,0,0,3,0.381,0,0,0.000,0,0,0,0,0,0,0,0
58,3,-1,0,0.431,0,0,0.000,0,0,0,0,0,0,0,0
58,-1,-4,0,0.301,0,0,0.000,0,0,0,0,0,0,0,0
58,3,-2,1,0.621,0,0,0.000,0,0,0,0,0,0,0,0
58,1,5,0,2.682,476,0,7.392,1,0,0,0,0,476,411,411
58,-3,-2,2,2.471,0,0,0.000,0,0,0,0,0,0,0,0
58,-1,0,3,1.041,0,0,0.000,0,0,0,0,0,0,0,0
58,-5,-1,1,1.211,0,0,0.000,0,0,0,0,0,0,0,0
58,0,-1,3,1.921,0,0,0.000,0,0,0,0,0,0,0,0
58,-2,7,0,1.662,425,0,5.872,1,0,0,0,0,425,458,458
58,-6,4,1,1.501,0,0,0.000,0,0,0,0,0,0,0,0
58,-4,4,3,1.321,0,0,0.000,0,0,0,0,0,0,0,0
58,1,1,3,0.491,0,0,0.000,0,0,0,0,0,0,0,0
58,3,-4,0,0.481,0,0,0.000,0,0,0,0,0,0,0,0
58,-4,-1,3,0.481,0,0,0.000,0,0,0,0,0,0,0,0
58,-1,4,3,0.851,0,0,0.000,0,0,0,0,0,0,5,5
58,1,3,3,0.771,0,0,0.000,0,0,0,0,0,0,5,5
58,2,3,0,3.463,3,0,3.523,1,0,0,0,0,3,105,105
58,-2,-2,3,2.561,0,0,0.000,0,0,0,0,0,0,0,0
58,3,-3,0,1.871,0,0,0.000,0,0,0,0,0,0,0,0
58,-4,7,2,0.771,310,0,4.571,0,2,0,775,310,0,315,315
58,-1,-3,2,0.591,0,0,0.000,0,0,0,0,0,0,0,0
58,-5,7,2,4.023,44,0,2.523,0,1,0,606,44,0,307,307
58,-1,6,1,2.161,158,0,3.562,0,1,0,449,158,0,423,423
58,-3,5,3,0.681,0,0,0.000,0,1,0,8,0,0,1,1
58,-7,8,0,3.244,896,0,11.483,1,0,0,0,0,896,610,610
58,-3,6,3,1.131,8,0,1.902,0,1,0,22,8,0,132,132
58,-5,6,3,2.181,0,0,0.000,0,1,0,93,0,0,113,113
58,-4,2,3,2.081,0,0,0.000,0,0,0,0,0,0,0,0
58,-3,1,3,0.181,0,0,0.000,0,0,0,0,0,0,0,0
58,-6,5,0,0.962,0,0,0.000,0,1,0,7,0,0,37,37
58,1,-1,3,0.181,0,0,0.000,0,0,0,0,0,0,0,0
58,-4,1,3,0.791,0,0,0.000,0,0,0,0,0,0,0,0
58,-5,2,2,0.171,0,0,0.000,0,0,0,0,0,0,0,0
58,-2,-3,0,0.311,0,0,0.000,0,0,0,0,0,0,0,0
58,1,-5,0,0.351,0,0,0.000,0,0,0,0,0,0,0,0
58,-7,7,0,3.051,221,0,5.231,1,0,0,0,0,221,410,410
58,2,1,2,0.531,0,0,0.000,0,0,0,0,0,0,0,0
59,1,-4,2,1.071,0,0,0.000,0,0,0,0,0,0,0,0
59,-3,0,3,0.411,0,0,0.000,0,0,0,0,0,0,0,0
59,-2,2,3,1.361,0,0,0.000,0,0,0,0,0,0,0,0
59,-1,-1,3,0.121,0,0,0.000,0,0,0,0,0,0,0,0
59,0,1,3,0.112,0,0,0.000,0,0,0,0,0,0,0,0
59,-5,3,2,1.371,0,0,0.000,0,0,0,0,0,0,0,0
59,-1,1,3,2.691,0,0,0.000,0,0,0,0,0,0,0,0
59,-2,-1,3,0.181,0,0,0.000,0,0,0,0,0,0,0,0
59,0,4,3,1.911,0,0,0.000,0,1,0,26,0,0,2,2
59,3,-6,0,0.541,0,0,0.000,0,0,0,0,0,0,0,0
59,-2,4,3,0.903,0,0,0.000,0,0,0,0,0,0,0,0
59,-2,0,3,1.531,0,0,0.000,0,0,0,0,0,0,0,0
59,0,2,3,0.381,0,0,0.000,0,0,0,0,0,0,0,0
59,-4,3,3,0.911,0,0,0.000,0,0,0,0,0,0,0,0
59,-5,9,0,1.001,1395,0,8.971,1,0,0,0,0,1395,311,311
59,-7,6,1,1.533,38,0,3.391,0,1,0,208,38,0,210,210
59,-3,2,3,0.421,0,0,0.000,0,0,0,0,0,0,0,0
59,2,-1,2,0.591,0,0,0.000,0,0,0,0,0,0,0,0
59,0,-4,1,0.201,0,0,0.000,0,0,0,0,0,0,0,0
59,-2,5,3,1.441,1,1,-1.000,0,0,0,0,0,0,46,46
59,-4,6,3,3.213,0,0,0.000,0,4,0,1000,0,0,67,67
59,-1,5,2,1.041,1,0,1.642,0,1,0,192,1,0,36,36
59,0,-3,2,0.541,0,0,0.000,0,0,0,0,0,0,0,0
59,-6,8,0,1.793,617,0,7.693,1,0,0,0,0,617,504,504
59,-1,-2,3,0.441,0,0,0.000,0,0,0,0,0,0,0,0
59,-2,3,3,0.181,0,0,0.000,0,0,0,0,0,0,0,0
59,-4,5,3,1.311,0,0,0.000,0,0,0,0,0,0,0,0
59,1,-3,3,0.411,0,0,0.000,0,0,0,0,0,0,0,0
59,0,-2,3,0.171,0,0,0.000,0,0,0,0,0,0,0,0
59,0,3,3,0.781,0,0,0.000,0,0,0,0,0,0,0,0
59,-6,6,2,1.282,6,0,3.031,0,1,0,37,6,0,44,44
59,-2,6,2,9.954,21,0,3.872,0,1,0,411,21,0,237,237
59,-3,3,3,0.201,0,0,0.000,0,0,0,0,0,0,0,0
59,2,-2,2,0.191,0,0,0.000,0,0,0,0,0,0,0,0
59,-4,-2,2,1.051,0,0,0.000,0,0,0,0,0,0,0,0
59,2,2,1,1.434,0,0,0.000,0,1,0,1,0,0,3,3
59,-5,1,0,0.194,0,0,0.000,0,0,0,0,0,0,0,0
59,2,-3,2,1.361,0,0,0.000,0,0,0,0,0,0,0,0
59,-4,0,2,0.221,0,0,0.000,0,0,0,0,0,0,0,0
59,-3,4,3,0.621,0,0,0.000,0,0,0,0,0,0,0,0
59,-4,8,1,3.571,610,0,6.831,1,1,0,154,0,610,387,387
59,1,2,2,3.331,0,0,0.000,0,0,0,0,0,0,0,0
59,-6,2,0,0.522,0,0,0.000,0,0,0,0,0,0,1,1
59,-5,-2,0,1.271,0,0,0.000,0,0,0,0,0,0,0,0
59,3,1,1,1.983,0,0,0.000,0,0,0,0,0,0,2,2
59,-6,7,2,2.571,100,0,2.521,0,1,0,785,100,0,234,234
59,2,-4,2,0.371,0,0,0.000,0,0,0,0,0,0,0,0
59,-1,3,3,0.691,0,0,0.000,0,0,0,0,0,0,0,0
59,-1,2,3,0.151,0,0,0.000,0,0,0,0,0,0,0,0
59,-5,8,1,1.251,656,0,5.421,0,1,0,781,656,0,564,564
59,1,4,2,2.203,26,0,2.512,0,2,0,725,26,0,153,153
59,1,0,3,0.161,0,0,0.000,0,0,0,0,0,0,0,0
59,-2,1,3,1.971,0,0,0.000,0,0,0,0,0,0,0,0
59,-5,0,1,0.531,0,0,0.000,0,0,0,0,0,0,0,0
59,2,0,3,3.141,0,0,0.000,0,0,0,0,0,0,0,0
59,2,4,1,2.654,266,0,7.554,0,1,1,657,227,39,411,411
59,-6,3,0,0.651,0,0,0.000,0,0,0,0,0,0,0,0
59,3,0,0,0.751,0,0,0.000,0,0,0,0,0,0,2,2
59,-5,4,2,0.681,0,0,0.000,0,0,0,0,0,0,0,0
59,1,-2,3,1.141,0,0,0.000,0,0,0,0,0,0,0,0
59,-4,-3,0,1.871,0,0,0.000,0,0,0,0,0,0,0,0
59,3,-5,0,0.171,0,0,0.000,0,0,0,0,0,0,0,0
59,0,6,0,1.372,578,0,5.802,1,0,0,0,0,578,333,333
59,2,5,0,5.381,884,0,11.404,1,0,0,39,0,884,405,405
59,-3,7,0,3.281,231,0,7.221,1,0,0,0,0,231,354,354
59,-5,5,3,1.971,0,0,0.000,0,0,0,0,0,0,11,11
59,2,-5,1,0.461,0,0,0.000,0,0,0,0,0,0,0,0
59,4,-3,0,0.891,0,0,0.000,0,0,0,0,0,0,0,0
59,-3,-3,0,0.211,0,0,0.000,0,0,0,0,0,0,0,0
59,-3,-1,3,0.621,0,0,0.000,0,0,0,0,0,0,0,0
59,0,5,3,1.433,48,48,-1.000,0,0,0,0,0,0,115,115
59,0,0,3,0.381,0,0,0.000,0,0,0,0,0,0,0,0
59,3,-1,0,0.591,0,0,0.000,0,0,0,0,0,0,0,0
59,-1,-4,0,0.151,0,0,0.000,0,0,0,0,0,0,0,0
59,3,-2,1,0.411,0,0,0.000,0,0,0,0,0,0,0,0
59,1,5,0,2.142,474,0,6.912,1,0,0,0,0,474,445,445
59,-3,-2,2,0.181,0,0,0.000,0,0,0,0,0,0,0,0
59,-1,0,3,0.251,0,0,0.000,0,0,0,0,0,0,0,0
59,-5,-1,1,1.671,0,0,0.000,0,0,0,0,0,0,0,0
59,0,-1,3,0.371,0,0,0.000,0,0,0,0,0,0,0,0
59,-2,7,0,3.582,422,0,7.801,1,0,0,0,0,422,469,469
59,-6,4,1,1.321,0,0,0.000,0,0,0,0,0,0,1,1
59,-4,4,3,0.561,0,0,0.000,0,0,0,0,0,0,0,0
59,1,1,3,0.351,0,0,0.000,0,0,0,0,0,0,0,0
59,3,-4,0,0.251,0,0,0.000,0,0,0,0,0,0,0,0
59,-4,-1,3,0.341,0,0,0.000,0,0,0,0,0,0,0,0
59,-1,4,3,0.942,0,0,0.000,0,1,0,1,0,0,3,3
59,1,3,3,0.931,0,0,0.000,0,0,0,0,0,0,11,11
59,2,3,0,1.484,1,0,1.514,1,0,0,0,0,1,112,112
59,-2,-2,3,1.091,0,0,0.000,0,0,0,0,0,0,0,0
59,3,-3,0,0.991,0,0,0.000,0,0,0,0,0,0,0,0
59,-4,7,2,0.891,315,0,4.331,0,3,1,1189,229,86,312,312
59,-1,-3,2,1.391,0,0,0.000,0,0,0,0,0,0,0,0
59,-5,7,2,2.673,55,0,2.453,0,1,0,575,55,0,283,283
59,-1,6,1,2.362,192,0,3.482,0,1,0,432,192,0,389,389
59,-3,5,3,0.541,0,0,0.000,0,1,0,2,0,0,4,4
59,-7,8,0,1.391,874,0,9.371,1,0,0,0,0,874,591,591
59,-3,6,3,2.081,2,0,3.751,0,1,0,21,2,0,155,155
59,-5,6,3,1.462,0,0,0.000,0,1,0,100,0,0,120,120
59,-4,2,3,0.211,0,0,0.000,0,0,0,0,0,0,0,0
59,-3,1,3,0.181,0,0,0.000,0,0,0,0,0,0,0,0
59,-6,5,0,30.000,0,0,0.000,0,1,0,6,0,0,33,33
59,1,-1,3,0.201,0,0,0.000,0,0,0,0,0,0,0,0
59,-4,1,3,0.851,0,0,0.000,0,0,0,0,0,0,0,0
59,-5,2,2,0.231,0,0,0.000,0,0,0,0,0,0,0,0
59,-2,-3,0,0.171,0,0,0.000,0,0,0,0,0,0,0,0
59,1,-5,0,0.351,0,0,0.000,0,0,0,0,0,0,0,0
59,-7,7,0,2.871,225,0,5.031,1,0,0,0,0,225,417,417
59,2,1,2,0.531,0,0,0.000,0,0,0,0,0,0,0,0
60,1,-4,2,0.771,0,0,0.000,0,0,0,0,0,0,0,0
60,-3,0,3,1.671,0,0,0.000,0,0,0,0,0,0,0,0
60,-2,2,3,0.611,0,0,0.000,0,0,0,0,0,0,0,0
60,-1,-1,3,0.221,0,0,0.000,0,0,0,0,0,0,0,0
60,0,1,3,0.151,0,0,0.000,0,0,0,0,0,0,0,0
60,-5,3,2,0.451,0,0,0.000,0,0,0,0,0,0,0,0
60,-1,1,3,0.201,0,0,0.000,0,0,0,0,0,0,0,0
60,-2,-1,3,0.831,0,0,0.000,0,0,0,0,0,0,0,0
60,0,4,3,2.151,0,0,0.000,0,1,0,24,0,0,2,2
60,3,-6,0,2.381,0,0,0.000,0,0,0,0,0,0,0,0
60,-2,4,3,1.341,0,0,0.000,0,0,0,0,0,0,0,0
60,-2,0,3,0.431,0,0,0.000,0,0,0,0,0,0,0,0
60,0,2,3,0.393,0,0,0.000,0,0,0,0,0,0,0,0
60,-4,3,3,0.182,0,0,0.000,0,0,0,0,0,0,0,0
60,-5,9,0,1.001,1411,0,9.191,1,0,0,0,0,1411,310,310
60,-7,6,1,1.382,26,0,3.822,0,1,1,223,15,11,227,227
60,-3,2,3,0.251,0,0,0.000,0,0,0,0,0,0,0,0
60,2,-1,2,0.891,0,0,0.000,0,0,0,0,0,0,0,0
60,0,-4,1,1.431,0,0,0.000,0,0,0,0,0,0,0,0
60,-2,5,3,0.901,0,0,0.000,0,0,0,0,0,0,37,37
60,-4,6,3,2.631,0,0,0.000,0,4,0,891,0,0,60,60
60,-1,5,2,1.041,1,0,2.782,0,1,0,213,1,0,43,43
60,0,-3,2,0.731,0,0,0.000,0,0,0,0,0,0,0,0
60,-6,8,0,2.793,626,0,8.863,1,0,0,0,0,626,521,521
60,-1,-2,3,0.441,0,0,0.000,0,0,0,0,0,0,0,0
60,-2,3,3,0.941,0,0,0.000,0,0,0,0,0,0,0,0
60,-4,5,3,0.912,0,0,0.000,0,0,0,0,0,0,0,0
60,1,-3,3,2.141,0,0,0.000,0,0,0,0,0,0,0,0
60,0,-2,3,0.141,0,0,0.000,0,0,0,0,0,0,0,0
60,0,3,3,0.574,0,0,0.000,0,0,0,0,0,0,0,0
60,-6,6,2,30.000,3,0,3.542,0,1,0,26,3,0,37,37
60,-2,6,2,4.403,30,0,2.052,0,1,0,398,30,0,222,222
60,-3,3,3,2.573,0,0,0.000,0,0,0,0,0,0,0,0
60,2,-2,2,0.531,0,0,0.000,0,0,0,0,0,0,0,0
60,-4,-2,2,0.271,0,0,0.000,0,0,0,0,0,0,0,0
60,2,2,1,0.794,0,0,0.000,0,1,0,1,0,0,0,0
60,-5,1,0,0.961,0,0,0.000,0,0,0,0,0,0,0,0
60,2,-3,2,0.241,0,0,0.000,0,0,0,0,0,0,0,0
60,-4,0,2,0.831,0,0,0.000,0,0,0,0,0,0,0,0
60,-3,4,3,0.421,0,0,0.000,0,0,0,0,0,0,0,0
60,-4,8,1,3.334,613,0,7.291,1,1,0,126,0,613,410,410
60,1,2,2,0.773,0,0,0.000,0,0,0,0,0,0,0,0
60,-6,2,0,0.522,0,0,0.000,0,0,0,0,0,0,0,0
60,-5,-2,0,2.151,0,0,0.000,0,0,0,0,0,0,0,0
60,3,1,1,1.641,0,0,0.000,0,0,0,0,0,0,5,5
60,-6,7,2,1.403,101,0,2.811,0,1,0,774,101,0,251,251
60,2,-4,2,1.541,0,0,0.000,0,0,0,0,0,0,0,0
60,-1,3,3,0.931,0,0,0.000,0,0,0,0,0,0,0,0
60,-1,2,3,0.791,0,0,0.000,0,0,0,0,0,0,0,0
60,-5,8,1,1.151,650,0,5.351,0,1,0,803,650,0,529,529
60,1,4,2,30.000,24,0,2.502,0,2,0,751,24,0,139,139
60,1,0,3,0.161,0,0,0.000,0,0,0,0,0,0,0,0
60,-2,1,3,0.611,0,0,0.000,0,0,0,0,0,0,0,0
60,-5,0,1,0.912,0,0,0.000,0,0,0,0,0,0,0,0
60,2,0,3,0.921,0,0,0.000,0,0,0,0,0,0,0,0
60,2,4,1,2.483,280,0,7.523,0,1,1,682,232,48,402,402
60,-6,3,0,0.651,0,0,0.000,0,0,0,0,0,0,0,0
60,3,0,0,4.552,0,0,0.000,0,0,0,0,0,0,2,2
60,-5,4,2,0.451,0,0,0.000,0,0,0,0,0,0,0,0
60,1,-2,3,0.451,0,0,0.000,0,0,0,0,0,0,0,0
60,-4,-3,0,1.631,0,0,0.000,0,0,0,0,0,0,0,0
60,3,-5,0,0.341,0,0,0.000,0,0,0,0,0,0,0,0
60,0,6,0,2.522,573,0,6.792,1,0,0,0,0,573,336,336
60,2,5,0,9.791,914,0,11.483,1,0,0,48,0,914,381,381
60,-3,7,0,3.282,225,0,7.422,1,0,0,0,0,225,347,347
60,-5,5,3,1.571,0,0,0.000,0,0,0,0,0,0,10,10
60,2,-5,1,0.181,0,0,0.000,0,0,0,0,0,0,0,0
60,4,-3,0,3.651,0,0,0.000,0,0,0,0,0,0,0,0
60,-3,-3,0,0.112,0,0,0.000,0,0,0,0,0,0,0,0
60,-3,-1,3,0.141,0,0,0.000,0,0,0,0,0,0,0,0
60,0,5,3,0.952,41,41,-1.000,0,0,0,0,0,0,117,117
60,0,0,3,1.161,0,0,0.000,0,0,0,0,0,0,0,0
60,3,-1,0,1.481,0,0,0.000,0,0,0,0,0,0,0,0
60,-1,-4,0,0.301,0,0,0.000,0,0,0,0,0,0,0,0
60,3,-2,1,0.201,0,0,0.000,0,0,0,0,0,0,0,0
60,1,5,0,2.142,486,0,7.032,1,0,0,0,0,486,393,393
60,-3,-2,2,0.371,0,0,0.000,0,0,0,0,0,0,0,0
60,-1,0,3,0.251,0,0,0.000,0,0,0,0,0,0,0,0
60,-5,-1,1,4.903,0,0,0.000,0,0,0,0,0,0,0,0
60,0,-1,3,0.571,0,0,0.000,0,0,0,0,0,0,0,0
60,-2,7,0,1.662,417,0,5.752,1,0,0,0,0,417,514,514
60,-6,4,1,1.732,0,0,0.000,0,0,0,0,0,0,1,1
60,-4,4,3,0.561,0,0,0.000,0,0,0,0,0,0,0,0
60,1,1,3,0.191,0,0,0.000,0,0,0,0,0,0,0,0
60,3,-4,0,1.251,0,0,0.000,0,0,0,0,0,0,0,0
60,-4,-1,3,0.481,0,0,0.000,0,0,0,0,0,0,0,0
60,-1,4,3,1.453,0,0,0.000,0,1,0,1,0,0,4,4
60,1,3,3,0.771,0,0,0.000,0,0,0,0,0,0,11,11
60,2,3,0,1.973,1,0,1.993,1,0,0,0,0,1,112,112
60,-2,-2,3,3.371,0,0,0.000,0,0,0,0,0,0,0,0
60,3,-3,0,0.581,0,0,0.000,0,0,0,0,0,0,0,0
60,-4,7,2,1.151,284,0,4.021,0,3,1,1222,212,72,313,313
60,-1,-3,2,1.391,0,0,0.000,0,0,0,0,0,0,0,0
60,-5,7,2,3.482,39,0,3.263,0,1,0,592,39,0,308,308
60,-1,6,1,2.162,214,0,4.862,0,1,0,416,214,0,372,372
60,-3,5,3,0.541,0,0,0.000,0,1,0,6,0,0,7,7
60,-7,8,0,1.671,861,0,9.541,1,0,0,0,0,861,634,634
60,-3,6,3,1.511,6,0,1.872,0,1,0,30,6,0,152,152
60,-5,6,3,1.971,0,0,0.000,0,1,0,101,0,0,130,130
60,-4,2,3,0.211,0,0,0.000,0,0,0,0,0,0,0,0
60,-3,1,3,1.221,0,0,0.000,0,0,0,0,0,0,0,0
60,-6,5,0,0.791,0,0,0.000,0,1,0,3,0,0,35,35
60,1,-1,3,0.941,0,0,0.000,0,0,0,0,0,0,0,0
60,-4,1,3,0.591,0,0,0.000,0,0,0,0,0,0,0,0
60,-5,2,2,0.171,0,0,0.000,0,0,0,0,0,0,0,0
60,-2,-3,0,0.511,0,0,0.000,0,0,0,0,0,0,0,0
60,1,-5,0,0.111,0,0,0.000,0,0,0,0,0,0,0,0
60,-7,7,0,5.391,238,0,5.732,1,0,0,11,0,238,400,400
60,2,1,2,1.791,0,0,0.000,0,0,0,0,0,0,0,0
61,1,-4,2,0.251,0,0,0.000,0,0,0,0,0,0,0,0
61,-3,0,3,0.571,0,0,0.000,0,0,0,0,0,0,0,0
61,-2,2,3,0.441,0,0,0.000,0,0,0,0,0,0,0,0
61,-1,-1,3,0.121,0,0,0.000,0,0,0,0,0,0,0,0
61,0,1,3,0.232,0,0,0.000,0,0,0,0,0,0,0,0
61,-5,3,2,0.451,0,0,0.000,0,0,0,0,0,0,0,0
61,-1,1,3,1.461,0,0,0.000,0,0,0,0,0,0,0,0
61,-2,-1,3,0.361,0,0,0.000,0,0,0,0,0,0,0,0
61,0,4,3,1.911,0,0,0.000,0,1,0,32,0,0,0,0
61,3,-6,0,0.461,0,0,0.000,0,0,0,0,0,0,0,0
61,-2,4,3,2.491,0,0,0.000,0,0,0,0,0,0,0,0
61,-2,0,3,1.091,0,0,0.000,0,0,0,0,0,0,0,0
61,0,2,3,0.651,0,0,0.000,0,0,0,0,0,0,0,0
61,-4,3,3,1.101,0,0,0.000,0,0,0,0,0,0,0,0
61,-5,9,0,1.001,1411,0,9.231,1,0,0,0,0,1411,287,287
61,-7,6,1,1.533,33,0,2.991,0,1,0,214,33,0,199,199
61,-3,2,3,0.271,0,0,0.000,0,0,0,0,0,0,0,0
61,2,-1,2,0.291,0,0,0.000,0,0,0,0,0,0,0,0
61,0,-4,1,0.801,0,0,0.000,0,0,0,0,0,0,0,0
61,-2,5,3,2.021,0,0,0.000,0,0,0,0,0,0,53,53
61,-4,6,3,1.191,0,0,0.000,0,3,0,622,0,0,56,56
61,-1,5,2,1.671,0,0,0.000,0,1,0,192,0,0,34,34
61,0,-3,2,0.331,0,0,0.000,0,0,0,0,0,0,0,0
61,-6,8,0,1.793,621,0,7.743,1,0,0,0,0,621,467,467
61,-1,-2,3,0.441,0,0,0.000,0,0,0,0,0,0,0,0
61,-2,3,3,0.371,0,0,0.000,0,0,0,0,0,0,0,0
61,-4,5,3,0.651,0,0,0.000,0,0,0,0,0,0,0,0
61,1,-3,3,1.041,0,0,0.000,0,0,0,0,0,0,0,0
61,0,-2,3,0.391,0,0,0.000,0,0,0,0,0,0,0,0
61,0,3,3,0.574,0,0,0.000,0,0,0,0,0,0,0,0
61,-6,6,2,1.112,3,0,2.631,0,1,0,33,3,0,32,32
61,-2,6,2,3.714,19,0,2.321,0,1,0,412,19,0,247,247
61,-3,3,3,0.411,0,0,0.000,0,0,0,0,0,0,0,0
61,2,-2,2,0.311,0,0,0.000,0,0,0,0,0,0,0,0
61,-4,-2,2,0.271,0,0,0.000,0,0,0,0,0,0,0,0
61,2,2,1,0.773,0,0,0.000,0,1,0,2,0,0,1,1
61,-5,1,0,0.961,0,0,0.000,0,0,0,0,0,0,0,0
61,2,-3,2,0.131,0,0,0.000,0,0,0,0,0,0,0,0
61,-4,0,2,0.221,0,0,0.000,0,0,0,0,0,0,0,0
61,-3,4,3,0.531,0,0,0.000,0,0,0,0,0,0,0,0
61,-4,8,1,3.094,624,0,6.702,0,1,0,49,624,0,374,374
61,1,2,2,1.601,0,0,0.000,0,0,0,0,0,0,0,0
61,-6,2,0,1.091,0,0,0.000,0,0,0,0,0,0,0,0
61,-5,-2,0,0.791,0,0,0.000,0,0,0,0,0,0,0,0
61,3,1,1,1.042,0,0,0.000,0,0,0,0,0,0,3,3
61,-6,7,2,2.353,98,0,2.364,0,1,0,755,98,0,248,248
61,2,-4,2,0.371,0,0,0.000,0,0,0,0,0,0,0,0
61,-1,3,3,0.451,0,0,0.000,0,0,0,0,0,0,0,0
61,-1,2,3,0.311,0,0,0.000,0,0,0,0,0,0,0,0
61,-5,8,1,2.381,640,0,5.331,0,1,0,807,640,0,571,571
61,1,4,2,1.183,32,0,2.131,0,2,0,715,32,0,151,151
61,1,0,3,0.291,0,0,0.000,0,0,0,0,0,0,0,0
61,-2,1,3,2.221,0,0,0.000,0,0,0,0,0,0,0,0
61,-5,0,1,0.631,0,0,0.000,0,0,0,0,0,0,0,0
61,2,0,3,1.901,0,0,0.000,0,0,0,0,0,0,0,0
61,2,4,1,2.824,263,0,4.372,0,1,0,730,263,0,440,440
61,-6,3,0,2.171,0,0,0.000,0,0,0,0,0,0,0,0
61,3,0,0,30.000,0,0,0.000,0,0,0,0,0,0,2,2
61,-5,4,2,0.681,0,0,0.000,0,0,0,0,0,0,0,0
61,1,-2,3,0.221,0,0,0.000,0,0,0,0,0,0,0,0
61,-4,-3,0,0.951,0,0,0.000,0,0,0,0,0,0,0,0
61,3,-5,0,0.341,0,0,0.000,0,0,0,0,0,0,0,0
61,0,6,0,2.551,599,0,7.261,1,0,0,0,0,599,337,337
61,2,5,0,1.671,959,0,9.082,1,0,0,0,0,959,364,364
61,-3,7,0,2.622,221,0,6.752,1,0,0,0,0,221,320,320
61,-5,5,3,1.593,0,0,0.000,0,0,0,0,0,0,8,8
61,2,-5,1,0.291,0,0,0.000,0,0,0,0,0,0,0,0
61,4,-3,0,0.661,0,0,0.000,0,0,0,0,0,0,0,0
61,-3,-3,0,0.112,0,0,0.000,0,0,0,0,0,0,0,0
61,-3,-1,3,0.141,0,0,0.000,0,0,0,0,0,0,0,0
61,0,5,3,0.792,49,49,-1.000,0,0,0,0,0,0,112,112
61,0,0,3,1.161,0,0,0.000,0,0,0,0,0,0,0,0
61,3,-1,0,0.731,0,0,0.000,0,0,0,0,0,0,0,0
61,-1,-4,0,0.301,0,0,0.000,0,0,0,0,0,0,0,0
61,3,-2,1,0.201,0,0,0.000,0,0,0,0,0,0,0,0
61,1,5,0,2.062,463,0,6.872,1,0,0,0,0,463,418,418
61,-3,-2,2,0.751,0,0,0.000,0,0,0,0,0,0,0,0
61,-1,0,3,0.381,0,0,0.000,0,0,0,0,0,0,0,0
61,-5,-1,1,2.371,0,0,0.000,0,0,0,0,0,0,0,0
61,0,-1,3,0.521,0,0,0.000,0,0,0,0,0,0,0,0
61,-2,7,0,2.031,426,0,6.261,1,0,0,0,0,426,489,489
61,-6,4,1,1.321,0,0,0.000,0,0,0,0,0,0,1,1
61,-4,4,3,0.941,0,0,0.000,0,0,0,0,0,0,0,0
61,1,1,3,0.391,0,0,0.000,0,0,0,0,0,0,0,0
61,3,-4,0,0.731,0,0,0.000,0,0,0,0,0,0,0,0
61,-4,-1,3,1.231,0,0,0.000,0,0,0,0,0,0,0,0
61,-1,4,3,0.752,0,0,0.000,0,0,0,0,0,0,6,6
61,1,3,3,0.771,0,0,0.000,0,0,0,0,0,0,18,18
61,2,3,0,2.583,2,0,2.613,1,0,0,0,0,2,117,117
61,-2,-2,3,0.181,0,0,0.000,0,0,0,0,0,0,0,0
61,3,-3,0,1.421,0,0,0.000,0,0,0,0,0,0,0,0
61,-4,7,2,0.771,287,0,4.051,0,2,0,815,287,0,341,341
61,-1,-3,2,0.591,0,0,0.000,0,0,0,0,0,0,0,0
61,-5,7,2,2.673,48,0,2.353,0,1,0,580,48,0,267,267
61,-1,6,1,2.962,192,0,4.661,0,1,0,460,192,0,402,402
61,-3,5,3,0.541,0,0,0.000,0,1,0,10,0,0,7,7
61,-7,8,0,1.254,840,0,8.934,1,0,0,0,0,840,632,632
61,-3,6,3,1.521,10,0,2.291,0,1,0,19,10,0,139,139
61,-5,6,3,1.761,0,0,0.000,0,1,0,98,0,0,123,123
61,-4,2,3,2.081,0,0,0.000,0,0,0,0,0,0,0,0
61,-3,1,3,0.331,0,0,0.000,0,0,0,0,0,0,0,0
61,-6,5,0,0.541,0,0,0.000,0,1,0,3,0,0,22,22
61,1,-1,3,24.511,0,0,0.000,0,0,0,0,0,0,0,0
61,-4,1,3,0.191,0,0,0.000,0,0,0,0,0,0,0,0
61,-5,2,2,0.351,0,0,0.000,0,0,0,0,0,0,0,0
61,-2,-3,0,0.311,0,0,0.000,0,0,0,0,0,0,0,0
61,1,-5,0,0.351,0,0,0.000,0,0,0,0,0,0,0,0
61,-7,7,0,2.511,225,0,4.731,1,0,0,0,0,225,402,402
61,2,1,2,0.531,0,0,0.000,0,0,0,0,0,0,0,0
62,1,-4,2,0.251,0,0,0.000,0,0,0,0,0,0,0,0
62,-3,0,3,0.351,0,0,0.000,0,0,0,0,0,0,0,0
62,-2,2,3,0.221,0,0,0.000,0,0,0,0,0,0,0,0
62,-1,-1,3,0.121,0,0,0.000,0,0,0,0,0,0,0,0
62,0,1,3,0.112,0,0,0.000,0,0,0,0,0,0,0,0
62,-5,3,2,0.451,0,0,0.000,0,0,0,0,0,0,0,0
62,-1,1,3,2.691,0,0,0.000,0,0,0,0,0,0,0,0
62,-2,-1,3,0.831,0,0,0.000,0,0,0,0,0,0,0,0
62,0,4,3,1.462,0,0,0.000,0,1,0,34,0,0,3,3
62,3,-6,0,0.281,0,0,0.000,0,0,0,0,0,0,0,0
62,-2,4,3,1.571,0,0,0.000,0,0,0,0,0,0,0,0
62,-2,0,3,0.431,0,0,0.000,0,0,0,0,0,0,0,0
62,0,2,3,0.381,0,0,0.000,0,0,0,0,0,0,0,0
62,-4,3,3,1.481,0,0,0.000,0,0,0,0,0,0,0,0
62,-5,9,0,1.001,1417,0,9.291,1,0,0,0,0,1417,303,303
62,-7,6,1,1.382,23,0,3.421,0,1,0,207,23,0,206,206
62,-3,2,3,0.161,0,0,0.000,0,0,0,0,0,0,0,0
62,2,-1,2,0.891,0,0,0.000,0,0,0,0,0,0,0,0
62,0,-4,1,0.661,0,0,0.000,0,0,0,0,0,0,0,0
62,-2,5,3,0.901,0,0,0.000,0,0,0,0,0,0,43,43
62,-4,6,3,2.631,0,0,0.000,0,3,0,651,0,0,63,63
62,-1,5,2,1.671,0,0,0.000,0,1,0,196,0,0,37,37
62,0,-3,2,0.161,0,0,0.000,0,0,0,0,0,0,0,0
62,-6,8,0,2.613,656,0,8.863,1,0,0,0,0,656,487,487
62,-1,-2,3,0.221,0,0,0.000,0,0,0,0,0,0,0,0
62,-2,3,3,0.181,0,0,0.000,0,0,0,0,0,0,0,0
62,-4,5,3,1.531,0,0,0.000,0,0,0,0,0,0,0,0
62,1,-3,3,0.461,0,0,0.000,0,0,0,0,0,0,0,0
62,0,-2,3,0.271,0,0,0.000,0,0,0,0,0,0,0,0
62,0,3,3,1.391,0,0,0.000,0,0,0,0,0,0,0,0
62,-6,6,2,1.792,5,0,3.201,0,1,0,23,5,0,32,32
62,-2,6,2,3.452,22,0,3.642,0,1,0,408,22,0,232,232
62,-3,3,3,1.671,0,0,0.000,0,0,0,0,0,0,0,0
62,2,-2,2,0.421,0,0,0.000,0,0,0,0,0,0,0,0
62,-4,-2,2,0.421,0,0,0.000,0,0,0,0,0,0,0,0
62,2,2,1,0.933,0,0,0.000,0,1,0,1,0,0,1,1
62,-5,1,0,0.801,0,0,0.000,0,0,0,0,0,0,0,0
62,2,-3,2,0.251,0,0,0.000,0,0,0,0,0,0,0,0
62,-4,0,2,0.681,0,0,0.000,0,0,0,0,0,0,0,0
62,-3,4,3,0.421,0,0,0.000,0,0,0,0,0,0,0,0
62,-4,8,1,3.331,649,0,6.691,0,1,0,43,649,0,389,389
62,1,2,2,0.843,0,0,0.000,0,0,0,0,0,0,0,0
62,-6,2,0,1.591,0,0,0.000,0,0,0,0,0,0,0,0
62,-5,-2,0,2.471,0,0,0.000,0,0,0,0,0,0,0,0
62,3,1,1,2.521,0,0,0.000,0,0,0,0,0,0,3,3
62,-6,7,2,2.381,92,0,2.581,0,1,0,799,92,0,260,260
62,2,-4,2,0.641,0,0,0.000,0,0,0,0,0,0,0,0
62,-1,3,3,0.431,0,0,0.000,0,0,0,0,0,0,0,0
62,-1,2,3,0.311,0,0,0.000,0,0,0,0,0,0,0,0
62,-5,8,1,1.871,647,0,5.511,0,1,0,813,647,0,556,556
62,1,4,2,2.373,34,0,1.942,0,2,0,707,34,0,148,148
62,1,0,3,1.041,0,0,0.000,0,0,0,0,0,0,0,0
62,-2,1,3,0.951,0,0,0.000,0,0,0,0,0,0,0,0
62,-5,0,1,2.201,0,0,0.000,0,0,0,0,0,0,0,0
62,2,0,3,1.231,0,0,0.000,0,0,0,0,0,0,0,0
62,2,4,1,1.463,250,0,3.992,0,1,0,672,250,0,455,455
62,-6,3,0,1.071,0,0,0.000,0,0,0,0,0,0,0,0
62,3,0,0,0.751,0,0,0.000,0,0,0,0,0,0,2,2
62,-5,4,2,0.911,0,0,0.000,0,0,0,0,0,0,0,0
62,1,-2,3,0.451,0,0,0.000,0,0,0,0,0,0,0,0
62,-4,-3,0,3.551,0,0,0.000,0,0,0,0,0,0,0,0
62,3,-5,0,0.171,0,0,0.000,0,0,0,0,0,0,0,0
62,0,6,0,1.681,567,0,6.091,1,0,0,0,0,567,338,338
62,2,5,0,1.462,890,0,8.292,1,0,0,0,0,890,424,424
62,-3,7,0,2.401,195,0,6.742,1,0,0,0,0,195,355,355
62,-5,5,3,0.971,0,0,0.000,0,0,0,0,0,0,5,5
62,2,-5,1,0.291,0,0,0.000,0,0,0,0,0,0,0,0
62,4,-3,0,1.581,0,0,0.000,0,0,0,0,0,0,0,0
62,-3,-3,0,30.000,0,0,0.000,0,0,0,0,0,0,0,0
62,-3,-1,3,30.000,0,0,0.000,0,0,0,0,0,0,0,0
62,0,5,3,0.952,37,37,-1.000,0,0,0,0,0,0,122,122
62,0,0,3,0.711,0,0,0.000,0,0,0,0,0,0,0,0
62,3,-1,0,0.591,0,0,0.000,0,0,0,0,0,0,0,0
62,-1,-4,0,0.641,0,0,0.000,0,0,0,0,0,0,0,0
62,3,-2,1,0.831,0,0,0.000,0,0,0,0,0,0,0,0
62,1,5,0,3.272,471,0,8.162,1,0,0,0,0,471,399,399
62,-3,-2,2,0.181,0,0,0.000,0,0,0,0,0,0,0,0
62,-1,0,3,0.601,0,0,0.000,0,0,0,0,0,0,0,0
62,-5,-1,1,1.712,0,0,0.000,0,0,0,0,0,0,0,0
62,0,-1,3,0.721,0,0,0.000,0,0,0,0,0,0,0,0
62,-2,7,0,3.342,422,0,7.532,1,0,0,0,0,422,478,478
62,-6,4,1,1.972,0,0,0.000,0,0,0,0,0,0,0,0
62,-4,4,3,0.941,0,0,0.000,0,0,0,0,0,0,0,0
62,1,1,3,0.191,0,0,0.000,0,0,0,0,0,0,0,0
62,3,-4,0,1.771,0,0,0.000,0,0,0,0,0,0,0,0
62,-4,-1,3,0.841,0,0,0.000,0,0,0,0,0,0,0,0
62,-1,4,3,1.991,0,0,0.000,0,0,0,0,0,0,4,4
62,1,3,3,1.444,0,0,0.000,0,0,0,0,0,0,6,6
62,2,3,0,3.683,1,0,3.723,1,0,0,0,0,1,105,105
62,-2,-2,3,0.521,0,0,0.000,0,0,0,0,0,0,0,0
62,3,-3,0,0.461,0,0,0.000,0,0,0,0,0,0,0,0
62,-4,7,2,0.771,300,0,4.181,0,2,0,854,300,0,334,334
62,-1,-3,2,0.391,0,0,0.000,0,0,0,0,0,0,0,0
62,-5,7,2,3.753,51,0,3.203,0,1,0,610,51,0,318,318
62,-1,6,1,2.162,196,0,3.851,0,1,0,430,196,0,397,397
62,-3,5,3,0.541,0,0,0.000,0,1,0,4,0,0,6,6
62,-7,8,0,1.531,882,0,9.651,1,0,0,0,0,882,617,617
62,-3,6,3,1.891,4,0,3.542,0,1,0,21,4,0,143,143
62,-5,6,3,1.971,0,0,0.000,0,1,0,92,0,0,112,112
62,-4,2,3,0.541,0,0,0.000,0,0,0,0,0,0,0,0
62,-3,1,3,0.841,0,0,0.000,0,0,0,0,0,0,0,0
62,-6,5,0,3.761,0,0,0.000,0,1,0,5,0,0,25,25
62,1,-1,3,0.371,0,0,0.000,0,0,0,0,0,0,0,0
62,-4,1,3,0.391,0,0,0.000,0,0,0,0,0,0,0,0
62,-5,2,2,0.411,0,0,0.000,0,0,0,0,0,0,0,0
62,-2,-3,0,0.671,0,0,0.000,0,0,0,0,0,0,0,0
62,1,-5,0,0.111,0,0,0.000,0,0,0,0,0,0,0,0
62,-7,7,0,3.051,217,0,5.201,1,0,0,0,0,217,420,420
62,2,1,2,0.351,0,0,0.000,0,0,0,0,0,0,0,0
63,1,-4,2,1.031,0,0,0.000,0,0,0,0,0,0,0,0
63,-3,0,3,1.071,0,0,0.000,0,0,0,0,0,0,0,0
63,-2,2,3,0.221,0,0,0.000,0,0,0,0,0,0,0,0
63,-1,-1,3,0.121,0,0,0.000,0,0,0,0,0,0,0,0
63,0,1,3,0.112,0,0,0.000,0,0,0,0,0,0,0,0
63,-5,3,2,4.361,0,0,0.000,0,0,0,0,0,0,0,0
63,-1,1,3,1.461,0,0,0.000,0,0,0,0,0,0,0,0
63,-2,-1,3,0.891,0,0,0.000,0,0,0,0,0,0,0,0
63,0,4,3,1.221,0,0,0.000,0,2,0,54,0,0,2,2
63,3,-6,0,1.001,0,0,0.000,0,0,0,0,0,0,0,0
63,-2,4,3,1.381,0,0,0.000,0,0,0,0,0,0,0,0
63,-2,0,3,0.431,0,0,0.000,0,0,0,0,0,0,0,0
63,0,2,3,0.381,0,0,0.000,0,0,0,0,0,0,0,0
63,-4,3,3,0.531,0,0,0.000,0,0,0,0,0,0,0,0
63,-5,9,0,1.751,1416,0,9.931,1,0,0,0,0,1416,320,320
63,-7,6,1,1.753,33,0,2.991,0,1,0,209,33,0,214,214
63,-3,2,3,0.331,0,0,0.000,0,0,0,0,0,0,0,0
63,2,-1,2,2.991,0,0,0.000,0,0,0,0,0,0,0,0
63,0,-4,1,0.831,0,0,0.000,0,0,0,0,0,0,0,0
63,-2,5,3,0.901,0,0,0.000,0,0,0,0,0,0,37,37
63,-4,6,3,2.151,1,0,1.981,0,4,0,944,1,0,57,57
63,-1,5,2,1.881,1,0,1.642,0,1,0,205,1,0,31,31
63,0,-3,2,0.671,0,0,0.000,0,0,0,0,0,0,0,0
63,-6,8,0,2.393,626,0,8.403,1,0,0,0,0,626,468,468
63,-1,-2,3,0.671,0,0,0.000,0,0,0,0,0,0,0,0
63,-2,3,3,0.561,0,0,0.000,0,0,0,0,0,0,0,0
63,-4,5,3,1.101,0,0,0.000,0,2,0,2,0,0,0,0
63,1,-3,3,0.201,0,0,0.000,0,0,0,0,0,0,0,0
63,0,-2,3,0.981,0,0,0.000,0,0,0,0,0,0,0,0
63,0,3,3,0.621,0,0,0.000,0,0,0,0,0,0,0,0
63,-6,6,2,4.002,3,0,2.631,0,1,0,33,3,0,35,35
63,-2,6,2,3.194,24,0,2.561,0,1,0,409,24,0,236,236
63,-3,3,3,0.911,0,0,0.000,0,0,0,0,0,0,0,0
63,2,-2,2,0.821,0,0,0.000,0,0,0,0,0,0,0,0
63,-4,-2,2,0.271,0,0,0.000,0,0,0,0,0,0,0,0
63,2,2,1,1.412,0,0,0.000,0,1,0,3,0,0,2,2
63,-5,1,0,0.194,0,0,0.000,0,0,0,0,0,0,0,0
63,2,-3,2,0.241,0,0,0.000,0,0,0,0,0,0,0,0
63,-4,0,2,0.221,0,0,0.000,0,0,0,0,0,0,0,0
63,-3,4,3,3.393,0,0,0.000,0,0,0,0,0,0,0,0
63,-4,8,1,2.851,635,0,6.841,1,1,0,146,0,635,371,371
63,1,2,2,1.361,0,0,0.000,0,0,0,0,0,0,0,0
63,-6,2,0,0.522,0,0,0.000,0,0,0,0,0,0,0,0
63,-5,-2,0,0.791,0,0,0.000,0,0,0,0,0,0,0,0
63,3,1,1,1.041,0,0,0.000,0,0,0,0,0,0,3,3
63,-6,7,2,1.511,112,0,2.781,0,1,0,768,112,0,214,214
63,2,-4,2,0.641,0,0,0.000,0,0,0,0,0,0,0,0
63,-1,3,3,0.551,0,0,0.000,0,0,0,0,0,0,0,0
63,-1,2,3,0.151,0,0,0.000,0,0,0,0,0,0,0,0
63,-5,8,1,1.831,653,0,5.991,0,1,0,802,653,0,561,561
63,1,4,2,2.543,27,0,2.082,0,2,0,694,27,0,137,137
63,1,0,3,0.701,0,0,0.000,0,0,0,0,0,0,0,0
63,-2,1,3,1.541,0,0,0.000,0,0,0,0,0,0,0,0
63,-5,0,1,0.531,0,0,0.000,0,0,0,0,0,0,0,0
63,2,0,3,0.921,0,0,0.000,0,0,0,0,0,0,0,0
63,2,4,1,1.633,256,0,4.272,0,1,0,709,256,0,468,468
63,-6,3,0,1.731,0,0,0.000,0,0,0,0,0,0,0,0
63,3,0,0,0.751,0,0,0.000,0,0,0,0,0,0,0,0
63,-5,4,2,2.061,0,0,0.000,0,0,0,0,0,0,0,0
63,1,-2,3,0.221,0,0,0.000,0,0,0,0,0,0,0,0
63,-4,-3,0,1.391,0,0,0.000,0,0,0,0,0,0,0,0
63,3,-5,0,0.351,0,0,0.000,0,0,0,0,0,0,0,0
63,0,6,0,1.372,561,0,5.722,1,0,0,0,0,561,387,387
63,2,5,0,1.672,928,0,8.872,1,0,0,0,0,928,357,357
63,-3,7,0,3.942,241,0,8.012,1,0,0,0,0,241,344,344
63,-5,5,3,1.971,0,0,0.000,0,0,0,0,0,0,9,9
63,2,-5,1,0.331,0,0,0.000,0,0,0,0,0,0,0,0
63,4,-3,0,1.581,0,0,0.000,0,0,0,0,0,0,0,0
63,-3,-3,0,0.211,0,0,0.000,0,0,0,0,0,0,0,0
63,-3,-1,3,0.111,0,0,0.000,0,0,0,0,0,0,0,0
63,0,5,3,0.953,60,60,-1.000,0,0,0,0,0,0,126,126
63,0,0,3,1.681,0,0,0.000,0,0,0,0,0,0,0,0
63,3,-1,0,0.281,0,0,0.000,0,0,0,0,0,0,0,0
63,-1,-4,0,0.311,0,0,0.000,0,0,0,0,0,0,0,0
63,3,-2,1,0.223,0,0,0.000,0,0,0,0,0,0,0,0
63,1,5,0,1.962,475,0,6.662,1,0,0,0,0,475,396,396
63,-3,-2,2,0.371,0,0,0.000,0,0,0,0,0,0,0,0
63,-1,0,3,4.561,0,0,0.000,0,0,0,0,0,0,0,0
63,-5,-1,1,1.181,0,0,0.000,0,0,0,0,0,0,0,0
63,0,-1,3,0.371,0,0,0.000,0,0,0,0,0,0,0,0
63,-2,7,0,2.241,423,0,6.441,1,0,0,0,0,423,502,502
63,-6,4,1,1.732,0,0,0.000,0,0,0,0,0,0,0,0
63,-4,4,3,0.561,0,0,0.000,0,0,0,0,0,0,0,0
63,1,1,3,0.351,0,0,0.000,0,0,0,0,0,0,0,0
63,3,-4,0,0.471,0,0,0.000,0,0,0,0,0,0,0,0
63,-4,-1,3,1.231,0,0,0.000,0,0,0,0,0,0,0,0
63,-1,4,3,0.851,0,0,0.000,0,1,0,1,0,0,6,6
63,1,3,3,1.251,0,0,0.000,0,0,0,0,0,0,17,17
63,2,3,0,2.413,3,0,2.473,1,0,0,0,0,3,113,113
63,-2,-2,3,0.181,0,0,0.000,0,0,0,0,0,0,0,0
63,3,-3,0,0.511,0,0,0.000,0,0,0,0,0,0,0,0
63,-4,7,2,0.771,327,0,5.211,0,3,1,1197,241,86,285,285
63,-1,-3,2,0.391,0,0,0.000,0,0,0,0,0,0,0,0
63,-5,7,2,3.212,49,0,2.963,0,1,0,586,49,0,276,276
63,-1,6,1,2.562,206,0,3.632,0,1,0,424,206,0,371,371
63,-3,5,3,0.541,0,0,0.000,0,1,0,1,0,0,6,6
63,-7,8,0,1.531,868,0,9.341,1,0,0,0,0,868,595,595
63,-3,6,3,2.271,1,0,2.401,0,1,0,23,1,0,140,140
63,-5,6,3,3.142,1,0,1.681,0,1,0,112,1,0,133,133
63,-4,2,3,0.101,0,0,0.000,0,0,0,0,0,0,0,0
63,-3,1,3,0.181,0,0,0.000,0,0,0,0,0,0,0,0
63,-6,5,0,2.191,0,0,0.000,0,1,0,3,0,0,33,33
63,1,-1,3,0.561,0,0,0.000,0,0,0,0,0,0,0,0
63,-4,1,3,0.811,0,0,0.000,0,0,0,0,0,0,0,0
63,-5,2,2,0.411,0,0,0.000,0,0,0,0,0,0,0,0
63,-2,-3,0,0.311,0,0,0.000,0,0,0,0,0,0,0,0
63,1,-5,0,0.231,0,0,0.000,0,0,0,0,0,0,0,0
63,-7,7,0,2.511,224,0,4.681,1,0,0,0,0,224,402,402
63,2,1,2,0.711,0,0,0.000,0,0,0,0,0,0,0,0
64,1,-4,2,1.291,0,0,0.000,0,0,0,0,0,0,0,0
64,-3,0,3,1.231,0,0,0.000,0,0,0,0,0,0,0,0
64,-2,2,3,1.531,0,0,0.000,0,0,0,0,0,0,0,0
64,-1,-1,3,0.221,0,0,0.000,0,0,0,0,0,0,0,0
64,0,1,3,0.112,0,0,0.000,0,0,0,0,0,0,0,0
64,-5,3,2,0.451,0,0,0.000,0,0,0,0,0,0,0,0
64,-1,1,3,0.381,0,0,0.000,0,0,0,0,0,0,0,0
64,-2,-1,3,0.181,0,0,0.000,0,0,0,0,0,0,0,0
64,0,4,3,3.601,0,0,0.000,0,1,0,33,0,0,2,2
64,3,-6,0,0.461,0,0,0.000,0,0,0,0,0,0,0,0
64,-2,4,3,0.651,0,0,0.000,0,0,0,0,0,0,0,0
64,-2,0,3,2.191,0,0,0.000,0,0,0,0,0,0,0,0
64,0,2,3,1.181,0,0,0.000,0,0,0,0,0,0,0,0
64,-4,3,3,0.531,0,0,0.000,0,0,0,0,0,0,0,0
64,-5,9,0,1.301,1392,0,9.291,1,0,0,0,0,1392,285,285
64,-7,6,1,1.602,30,0,4.112,0,1,1,216,12,18,222,222
64,-3,2,3,0.251,0,0,0.000,0,0,0,0,0,0,0,0
64,2,-1,2,2.091,0,0,0.000,0,0,0,0,0,0,0,0
64,0,-4,1,0.841,0,0,0.000,0,0,0,0,0,0,0,0
64,-2,5,3,0.901,0,0,0.000,0,0,0,0,0,0,46,46
64,-4,6,3,2.151,0,0,0.000,0,3,0,630,0,0,63,63
64,-1,5,2,1.251,1,0,2.322,0,1,0,195,1,0,49,49
64,0,-3,2,0.161,0,0,0.000,0,0,0,0,0,0,0,0
64,-6,8,0,1.793,617,0,7.783,1,0,0,0,0,617,499,499
64,-1,-2,3,1.131,0,0,0.000,0,0,0,0,0,0,0,0
64,-2,3,3,0.181,0,0,0.000,0,0,0,0,0,0,0,0
64,-4,5,3,1.572,0,0,0.000,0,0,0,0,0,0,0,0
64,1,-3,3,0.411,0,0,0.000,0,0,0,0,0,0,0,0
64,0,-2,3,0.721,0,0,0.000,0,0,0,0,0,0,0,0
64,0,3,3,0.574,0,0,0.000,0,0,0,0,0,0,0,0
64,-6,6,2,1.862,5,0,3.782,0,1,0,30,5,0,24,24
64,-2,6,2,2.063,30,0,2.552,0,1,0,423,30,0,236,236
64,-3,3,3,0.261,0,0,0.000,0,0,0,0,0,0,0,0
64,2,-2,2,0.221,0,0,0.000,0,0,0,0,0,0,0,0
64,-4,-2,2,0.271,0,0,0.000,0,0,0,0,0,0,0,0
64,2,2,1,6.234,0,0,0.000,0,1,0,3,0,0,3,3
64,-5,1,0,0.801,0,0,0.000,0,0,0,0,0,0,0,0
64,2,-3,2,0.241,0,0,0.000,0,0,0,0,0,0,0,0
64,-4,0,2,0.221,0,0,0.000,0,0,0,0,0,0,0,0
64,-3,4,3,0.581,0,0,0.000,0,0,0,0,0,0,0,0
64,-4,8,1,3.091,622,0,6.562,0,1,0,51,622,0,373,373
64,1,2,2,1.601,0,0,0.000,0,0,0,0,0,0,0,0
64,-6,2,0,0.871,0,0,0.000,0,0,0,0,0,0,0,0
64,-5,-2,0,1.031,0,0,0.000,0,0,0,0,0,0,0,0
64,3,1,1,2.811,0,0,0.000,0,0,0,0,0,0,1,1
64,-6,7,2,2.543,86,0,3.114,0,1,0,794,86,0,241,241
64,2,-4,2,0.881,0,0,0.000,0,0,0,0,0,0,0,0
64,-1,3,3,1.111,0,0,0.000,0,0,0,0,0,0,0,0
64,-1,2,3,3.511,0,0,0.000,0,0,0,0,0,0,0,0
64,-5,8,1,1.252,651,0,5.781,0,1,0,783,651,0,574,574
64,1,4,2,3.393,33,0,2.232,0,2,0,710,33,0,155,155
64,1,0,3,30.000,0,0,0.000,0,0,0,0,0,0,0,0
64,-2,1,3,1.351,0,0,0.000,0,0,0,0,0,0,0,0
64,-5,0,1,1.141,0,0,0.000,0,0,0,0,0,0,0,0
64,2,0,3,0.921,0,0,0.000,0,0,0,0,0,0,0,0
64,2,4,1,1.633,247,0,6.353,0,1,1,674,212,35,412,412
64,-6,3,0,0.651,0,0,0.000,0,0,0,0,0,0,0,0
64,3,0,0,0.751,0,0,0.000,0,0,0,0,0,0,1,1
64,-5,4,2,0.681,0,0,0.000,0,0,0,0,0,0,0,0
64,1,-2,3,0.911,0,0,0.000,0,0,0,0,0,0,0,0
64,-4,-3,0,1.871,0,0,0.000,0,0,0,0,0,0,0,0
64,3,-5,0,0.171,0,0,0.000,0,0,0,0,0,0,0,0
64,0,6,0,2.062,554,0,6.432,1,0,0,0,0,554,377,377
64,2,5,0,4.073,886,0,10.553,1,0,0,35,0,886,412,412
64,-3,7,0,2.402,226,0,6.612,1,0,0,0,0,226,324,324
64,-5,5,3,2.171,0,0,0.000,0,0,0,0,0,0,6,6
64,2,-5,1,0.631,0,0,0.000,0,0,0,0,0,0,0,0
64,4,-3,0,0.661,0,0,0.000,0,0,0,0,0,0,0,0
64,-3,-3,0,0.211,0,0,0.000,0,0,0,0,0,0,0,0
64,-3,-1,3,0.111,0,0,0.000,0,0,0,0,0,0,0,0
64,0,5,3,0.953,47,47,-1.000,0,0,0,0,0,0,93,93
64,0,0,3,0.381,0,0,0.000,0,0,0,0,0,0,0,0
64,3,-1,0,0.431,0,0,0.000,0,0,0,0,0,0,0,0
64,-1,-4,0,0.781,0,0,0.000,0,0,0,0,0,0,0,0
64,3,-2,1,0.411,0,0,0.000,0,0,0,0,0,0,0,0
64,1,5,0,1.782,483,0,6.592,1,0,0,0,0,483,432,432
64,-3,-2,2,0.561,0,0,0.000,0,0,0,0,0,0,0,0
64,-1,0,3,0.211,0,0,0.000,0,0,0,0,0,0,0,0
64,-5,-1,1,1.352,0,0,0.000,0,0,0,0,0,0,0,0
64,0,-1,3,0.371,0,0,0.000,0,0,0,0,0,0,0,0
64,-2,7,0,2.162,442,0,6.502,1,0,0,0,0,442,448,448
64,-6,4,1,1.321,0,0,0.000,0,0,0,0,0,0,2,2
64,-4,4,3,0.941,0,0,0.000,0,0,0,0,0,0,0,0
64,1,1,3,0.351,0,0,0.000,0,0,0,0,0,0,0,0
64,3,-4,0,0.501,0,0,0.000,0,0,0,0,0,0,0,0
64,-4,-1,3,0.841,0,0,0.000,0,0,0,0,0,0,0,0
64,-1,4,3,0.883,0,0,0.000,0,1,0,1,0,0,9,9
64,1,3,3,0.931,0,0,0.000,0,0,0,0,0,0,12,12
64,2,3,0,2.721,3,0,2.781,1,0,0,0,0,3,135,135
64,-2,-2,3,0.281,0,0,0.000,0,0,0,0,0,0,0,0
64,3,-3,0,0.431,0,0,0.000,0,0,0,0,0,0,0,0
64,-4,7,2,1.611,296,0,4.441,0,2,0,838,296,0,334,334
64,-1,-3,2,1.391,0,0,0.000,0,0,0,0,0,0,0,0
64,-5,7,2,3.482,38,0,2.253,0,1,0,584,38,0,295,295
64,-1,6,1,2.562,195,0,4.202,0,1,0,426,195,0,390,390
64,-3,5,3,0.961,0,0,0.000,0,1,0,2,0,0,5,5
64,-7,8,0,2.124,870,0,10.194,1,0,0,0,0,870,634,634
64,-3,6,3,3.033,2,0,2.322,0,1,0,30,2,0,169,169
64,-5,6,3,3.142,0,0,0.000,0,1,0,86,0,0,136,136
64,-4,2,3,2.411,0,0,0.000,0,0,0,0,0,0,0,0
64,-3,1,3,0.371,0,0,0.000,0,0,0,0,0,0,0,0
64,-6,5,0,0.541,0,0,0.000,0,1,0,5,0,0,26,26
64,1,-1,3,0.371,0,0,0.000,0,0,0,0,0,0,0,0
64,-4,1,3,0.191,0,0,0.000,0,0,0,0,0,0,0,0
64,-5,2,2,0.351,0,0,0.000,0,0,0,0,0,0,0,0
64,-2,-3,0,0.211,0,0,0.000,0,0,0,0,0,0,0,0
64,1,-5,0,0.951,0,0,0.000,0,0,0,0,0,0,0,0
64,-7,7,0,5.211,228,0,5.882,1,0,0,18,0,228,424,424
64,2,1,2,0.711,0,0,0.000,0,0,0,0,0,0,0,0
65,1,-4,2,0.511,0,0,0.000,0,0,0,0,0,0,0,0
65,-3,0,3,4.591,0,0,0.000,0,0,0,0,0,0,0,0
65,-2,2,3,0.541,0,0,0.000,0,0,0,0,0,0,0,0
65,-1,-1,3,0.221,0,0,0.000,0,0,0,0,0,0,0,0
65,0,1,3,0.221,0,0,0.000,0,0,0,0,0,0,0,0
65,-5,3,2,1.601,0,0,0.000,0,0,0,0,0,0,0,0
65,-1,1,3,0.201,0,0,0.000,0,0,0,0,0,0,0,0
65,-2,-1,3,1.781,0,0,0.000,0,0,0,0,0,0,0,0
65,0,4,3,1.911,0,0,0.000,0,1,0,37,0,0,0,0
65,3,-6,0,0.461,0,0,0.000,0,0,0,0,0,0,0,0
65,-2,4,3,1.801,0,0,0.000,0,0,0,0,0,0,0,0
65,-2,0,3,1.121,0,0,0.000,0,0,0,0,0,0,0,0
65,0,2,3,0.581,0,0,0.000,0,0,0,0,0,0,0,0
65,-4,3,3,30.000,0,0,0.000,0,0,0,0,0,0,0,0
65,-5,9,0,2.053,1418,0,10.333,1,0,0,0,0,1418,298,298
65,-7,6,1,1.753,26,0,4.173,0,1,1,216,11,15,221,221
65,-3,2,3,0.591,0,0,0.000,0,0,0,0,0,0,0,0
65,2,-1,2,2.991,0,0,0.000,0,0,0,0,0,0,0,0
65,0,-4,1,2.061,0,0,0.000,0,0,0,0,0,0,0,0
65,-2,5,3,1.381,0,0,0.000,0,0,0,0,0,0,36,36
65,-4,6,3,1.431,0,0,0.000,0,3,0,699,0,0,63,63
65,-1,5,2,0.831,1,0,1.642,0,1,0,187,1,0,50,50
65,0,-3,2,0.681,0,0,0.000,0,0,0,0,0,0,0,0
65,-6,8,0,2.593,630,0,8.593,1,0,0,0,0,630,508,508
65,-1,-2,3,0.441,0,0,0.000,0,0,0,0,0,0,0,0
65,-2,3,3,0.561,0,0,0.000,0,0,0,0,0,0,0,0
65,-4,5,3,1.762,0,0,0.000,0,0,0,0,0,0,0,0
65,1,-3,3,0.831,0,0,0.000,0,0,0,0,0,0,0,0
65,0,-2,3,0.381,0,0,0.000,0,0,0,0,0,0,0,0
65,0,3,3,0.574,0,0,0.000,0,0,0,0,0,0,0,0
65,-6,6,2,3.492,2,0,3.913,0,1,0,26,2,0,37,37
65,-2,6,2,2.934,14,0,2.461,0,1,0,443,14,0,237,237
65,-3,3,3,0.261,0,0,0.000,0,0,0,0,0,0,0,0
65,2,-2,2,0.591,0,0,0.000,0,0,0,0,0,0,0,0
65,-4,-2,2,0.271,0,0,0.000,0,0,0,0,0,0,0,0
65,2,2,1,7.514,0,0,0.000,0,1,0,1,0,0,0,0
65,-5,1,0,0.961,0,0,0.000,0,0,0,0,0,0,0,0
65,2,-3,2,0.241,0,0,0.000,0,0,0,0,0,0,0,0
65,-4,0,2,0.371,0,0,0.000,0,0,0,0,0,0,0,0
65,-3,4,3,0.971,0,0,0.000,0,0,0,0,0,0,0,0
65,-4,8,1,4.294,623,0,5.932,0,1,0,58,623,0,365,365
65,1,2,2,0.513,0,0,0.000,0,0,0,0,0,0,0,0
65,-6,2,0,1.811,0,0,0.000,0,0,0,0,0,0,0,0
65,-5,-2,0,1.991,0,0,0.000,0,0,0,0,0,0,0,0
65,3,1,1,1.563,0,0,0.000,0,0,0,0,0,0,3,3
65,-6,7,2,1.593,89,0,3.381,0,1,0,816,89,0,241,241
65,2,-4,2,0.211,0,0,0.000,0,0,0,0,0,0,0,0
65,-1,3,3,0.671,0,0,0.000,0,0,0,0,0,0,0,0
65,-1,2,3,0.151,0,0,0.000,0,0,0,0,0,0,0,0
65,-5,8,1,1.151,639,0,6.213,0,1,0,812,639,0,569,569
65,1,4,2,30.000,37,0,1.972,0,2,0,729,37,0,151,151
65,1,0,3,0.161,0,0,0.000,0,0,0,0,0,0,0,0
65,-2,1,3,0.611,0,0,0.000,0,0,0,0,0,0,0,0
65,-5,0,1,0.531,0,0,0.000,0,0,0,0,0,0,0,0
65,2,0,3,2.161,0,0,0.000,0,0,0,0,0,0,0,0
65,2,4,1,2.143,269,0,4.192,0,1,0,643,269,0,451,451
65,-6,3,0,1.631,0,0,0.000,0,0,0,0,0,0,0,0
65,3,0,0,0.941,0,0,0.000,0,0,0,0,0,0,2,2
65,-5,4,2,0.911,0,0,0.000,0,0,0,0,0,0,0,0
65,1,-2,3,0.451,0,0,0.000,0,0,0,0,0,0,0,0
65,-4,-3,0,3.791,0,0,0.000,0,0,0,0,0,0,0,0
65,3,-5,0,0.341,0,0,0.000,0,0,0,0,0,0,0,0
65,0,6,0,1.372,579,0,5.882,1,0,0,0,0,579,325,325
65,2,5,0,1.462,870,0,8.002,1,0,0,0,0,870,393,393
65,-3,7,0,1.962,218,0,5.982,1,0,0,0,0,218,346,346
65,-5,5,3,1.971,0,0,0.000,0,0,0,0,0,0,8,8
65,2,-5,1,0.161,0,0,0.000,0,0,0,0,0,0,0,0
65,4,-3,0,0.431,0,0,0.000,0,0,0,0,0,0,0,0
65,-3,-3,0,0.811,0,0,0.000,0,0,0,0,0,0,0,0
65,-3,-1,3,0.231,0,0,0.000,0,0,0,0,0,0,0,0
65,0,5,3,1.913,36,36,-1.000,0,0,0,0,0,0,116,116
65,0,0,3,0.641,0,0,0.000,0,0,0,0,0,0,0,0
65,3,-1,0,0.431,0,0,0.000,0,0,0,0,0,0,0,0
65,-1,-4,0,1.361,0,0,0.000,0,0,0,0,0,0,0,0
65,3,-2,1,0.621,0,0,0.000,0,0,0,0,0,0,0,0
65,1,5,0,2.912,474,0,7.832,1,0,0,0,0,474,415,415
65,-3,-2,2,0.181,0,0,0.000,0,0,0,0,0,0,0,0
65,-1,0,3,1.081,0,0,0.000,0,0,0,0,0,0,0,0
65,-5,-1,1,1.531,0,0,0.000,0,0,0,0,0,0,0,0
65,0,-1,3,1.371,0,0,0.000,0,0,0,0,0,0,0,0
65,-2,7,0,2.241,455,0,6.781,1,0,0,0,0,455,470,470
65,-6,4,1,0.861,0,0,0.000,0,0,0,0,0,0,3,3
65,-4,4,3,0.561,0,0,0.000,0,0,0,0,0,0,0,0
65,1,1,3,0.291,0,0,0.000,0,0,0,0,0,0,0,0
65,3,-4,0,0.991,0,0,0.000,0,0,0,0,0,0,0,0
65,-4,-1,3,1.481,0,0,0.000,0,0,0,0,0,0,0,0
65,-1,4,3,0.851,0,0,0.000,0,1,0,1,0,0,6,6
65,1,3,3,0.931,0,0,0.000,0,0,0,0,0,0,10,10
65,2,3,0,2.282,1,0,2.322,1,0,0,0,0,1,103,103
65,-2,-2,3,30.000,0,0,0.000,0,0,0,0,0,0,0,0
65,3,-3,0,0.431,0,0,0.000,0,0,0,0,0,0,0,0
65,-4,7,2,0.891,323,0,5.342,0,2,0,787,323,0,309,309
65,-1,-3,2,0.991,0,0,0.000,0,0,0,0,0,0,0,0
65,-5,7,2,4.562,53,0,3.233,0,1,0,585,53,0,276,276
65,-1,6,1,2.362,188,0,3.432,0,1,0,440,188,0,393,393
65,-3,5,3,0.541,0,0,0.000,0,1,0,6,0,0,1,1
65,-7,8,0,2.371,892,0,10.661,1,0,0,0,0,892,599,599
65,-3,6,3,2.081,6,0,2.461,0,1,0,14,6,0,139,139
65,-5,6,3,1.672,0,0,0.000,0,1,0,89,0,0,124,124
65,-4,2,3,2.081,0,0,0.000,0,0,0,0,0,0,0,0
65,-3,1,3,0.861,0,0,0.000,0,0,0,0,0,0,0,0
65,-6,5,0,0.541,0,0,0.000,0,1,0,2,0,0,34,34
65,1,-1,3,0.371,0,0,0.000,0,0,0,0,0,0,0,0
65,-4,1,3,1.211,0,0,0.000,0,0,0,0,0,0,0,0
65,-5,2,2,0.891,0,0,0.000,0,0,0,0,0,0,0,0
65,-2,-3,0,0.311,0,0,0.000,0,0,0,0,0,0,0,0
65,1,-5,0,0.231,0,0,0.000,0,0,0,0,0,0,0,0
65,-7,7,0,7.011,227,0,6.033,1,0,0,15,0,227,429,429
65,2,1,2,0.351,0,0,0.000,0,0,0,0,0,0,0,0
66,1,-4,2,1.291,0,0,0.000,0,0,0,0,0,0,0,0
66,-3,0,3,0.631,0,0,0.000,0,0,0,0,0,0,0,0
66,-2,2,3,0.311,0,0,0.000,0,0,0,0,0,0,0,0
66,-1,-1,3,0.611,0,0,0.000,0,0,0,0,0,0,0,0
66,0,1,3,0.112,0,0,0.000,0,0,0,0,0,0,0,0
66,-5,3,2,1.601,0,0,0.000,0,0,0,0,0,0,0,0
66,-1,1,3,4.581,0,0,0.000,0,0,0,0,0,0,0,0
66,-2,-1,3,1.781,0,0,0.000,0,0,0,0,0,0,0,0
66,0,4,3,1.431,0,0,0.000,0,1,0,31,0,0,3,3
66,3,-6,0,0.461,0,0,0.000,0,0,0,0,0,0,0,0
66,-2,4,3,0.881,0,0,0.000,0,0,0,0,0,0,0,0
66,-2,0,3,0.431,0,0,0.000,0,0,0,0,0,0,0,0
66,0,2,3,0.381,0,0,0.000,0,0,0,0,0,0,0,0
66,-4,3,3,0.721,0,0,0.000,0,0,0,0,0,0,0,0
66,-5,9,0,1.001,1422,0,9.301,1,0,0,0,0,1422,283,283
66,-7,6,1,1.381,36,0,3.371,0,1,0,202,36,0,180,180
66,-3,2,3,0.161,0,0,0.000,0,0,0,0,0,0,0,0
66,2,-1,2,0.891,0,0,0.000,0,0,0,0,0,0,0,0
66,0,-4,1,2.061,0,0,0.000,0,0,0,0,0,0,0,0
66,-2,5,3,1.541,0,0,0.000,0,0,0,0,0,0,43,43
66,-4,6,3,1.191,0,0,0.000,0,3,0,701,0,0,59,59
66,-1,5,2,1.251,0,0,0.000,0,1,0,213,0,0,42,42
66,0,-3,2,0.271,0,0,0.000,0,0,0,0,0,0,0,0
66,-6,8,0,1.993,633,0,8.103,1,0,0,0,0,633,514,514
66,-1,-2,3,0.441,0,0,0.000,0,0,0,0,0,0,0,0
66,-2,3,3,0.181,0,0,0.000,0,0,0,0,0,0,0,0
66,-4,5,3,1.531,0,0,0.000,0,0,0,0,0,0,0,0
66,1,-3,3,30.000,0,0,0.000,0,0,0,0,0,0,0,0
66,0,-2,3,0.291,0,0,0.000,0,0,0,0,0,0,0,0
66,0,3,3,0.831,0,0,0.000,0,0,0,0,0,0,0,0
66,-6,6,2,1.622,5,0,3.011,0,1,0,36,5,0,37,37
66,-2,6,2,2.941,23,0,2.562,0,1,0,423,23,0,247,247
66,-3,3,3,0.411,0,0,0.000,0,0,0,0,0,0,0,0
66,2,-2,2,0.191,0,0,0.000,0,0,0,0,0,0,0,0
66,-4,-2,2,0.721,0,0,0.000,0,0,0,0,0,0,0,0
66,2,2,1,2.233,0,0,0.000,0,1,0,1,0,0,3,3
66,-5,1,0,0.193,0,0,0.000,0,0,0,0,0,0,0,0
66,2,-3,2,0.131,0,0,0.000,0,0,0,0,0,0,0,0
66,-4,0,2,0.601,0,0,0.000,0,0,0,0,0,0,0,0
66,-3,4,3,3.281,0,0,0.000,0,0,0,0,0,0,0,0
66,-4,8,1,6.451,632,0,6.742,0,1,0,58,632,0,400,400
66,1,2,2,0.601,0,0,0.000,0,0,0,0,0,0,0,0
66,-6,2,0,0.651,0,0,0.000,0,0,0,0,0,0,0,0
66,-5,-2,0,1.271,0,0,0.000,0,0,0,0,0,0,0,0
66,3,1,1,1.252,0,0,0.000,0,0,0,0,0,0,3,3
66,-6,7,2,1.321,111,0,3.191,0,1,0,784,111,0,251,251
66,2,-4,2,1.421,0,0,0.000,0,0,0,0,0,0,0,0
66,-1,3,3,0.471,0,0,0.000,0,0,0,0,0,0,0,0
66,-1,2,3,2.551,0,0,0.000,0,0,0,0,0,0,0,0
66,-5,8,1,1.101,640,0,5.231,0,1,0,814,640,0,559,559
66,1,4,2,1.523,31,0,2.142,0,2,0,772,31,0,132,132
66,1,0,3,0.191,0,0,0.000,0,0,0,0,0,0,0,0
66,-2,1,3,1.541,0,0,0.000,0,0,0,0,0,0,0,0
66,-5,0,1,1.924,0,0,0.000,0,0,0,0,0,0,0,0
66,2,0,3,0.921,0,0,0.000,0,0,0,0,0,0,0,0
66,2,4,1,2.232,284,0,4.612,0,1,0,668,284,0,401,401
66,-6,3,0,0.721,0,0,0.000,0,0,0,0,0,0,0,0
66,3,0,0,2.841,0,0,0.000,0,0,0,0,0,0,0,0
66,-5,4,2,1.371,0,0,0.000,0,0,0,0,0,0,0,0
66,1,-2,3,0.451,0,0,0.000,0,0,0,0,0,0,0,0
66,-4,-3,0,0.742,0,0,0.000,0,0,0,0,0,0,0,0
66,3,-5,0,0.521,0,0,0.000,0,0,0,0,0,0,0,0
66,0,6,0,1.372,575,0,5.732,1,0,0,0,0,575,367,367
66,2,5,0,1.672,913,0,8.462,1,0,0,0,0,913,372,372
66,-3,7,0,2.622,239,0,6.792,1,0,0,0,0,239,340,340
66,-5,5,3,0.992,0,0,0.000,0,0,0,0,0,0,7,7
66,2,-5,1,0.331,0,0,0.000,0,0,0,0,0,0,0,0
66,4,-3,0,0.891,0,0,0.000,0,0,0,0,0,0,0,0
66,-3,-3,0,0.122,0,0,0.000,0,0,0,0,0,0,0,0
66,-3,-1,3,0.521,0,0,0.000,0,0,0,0,0,0,0,0
66,0,5,3,1.273,39,39,-1.000,0,0,0,0,0,0,105,105
66,0,0,3,1.161,0,0,0.000,0,0,0,0,0,0,0,0
66,3,-1,0,1.481,0,0,0.000,0,0,0,0,0,0,0,0
66,-1,-4,0,0.721,0,0,0.000,0,0,0,0,0,0,0,0
66,3,-2,1,0.201,0,0,0.000,0,0,0,0,0,0,0,0
66,1,5,0,2.732,495,0,7.862,1,0,0,0,0,495,379,379
66,-3,-2,2,0.561,0,0,0.000,0,0,0,0,0,0,0,0
66,-1,0,3,4.121,0,0,0.000,0,0,0,0,0,0,0,0
66,-5,-1,1,1.041,0,0,0.000,0,0,0,0,0,0,0,0
66,0,-1,3,0.391,0,0,0.000,0,0,0,0,0,0,0,0
66,-2,7,0,2.242,436,0,6.582,1,0,0,0,0,436,476,476
66,-6,4,1,0.812,0,0,0.000,0,0,0,0,0,0,2,2
66,-4,4,3,1.321,0,0,0.000,0,0,0,0,0,0,0,0
66,1,1,3,0.351,0,0,0.000,0,0,0,0,0,0,0,0
66,3,-4,0,0.471,0,0,0.000,0,0,0,0,0,0,0,0
66,-4,-1,3,1.591,0,0,0.000,0,0,0,0,0,0,0,0
66,-1,4,3,0.752,0,0,0.000,0,0,0,0,0,0,4,4
66,1,3,3,0.771,0,0,0.000,0,0,0,0,0,0,11,11
66,2,3,0,3.903,1,0,3.943,1,0,0,0,0,1,116,116
66,-2,-2,3,3.511,0,0,0.000,0,0,0,0,0,0,0,0
66,3,-3,0,0.671,0,0,0.000,0,0,0,0,0,0,0,0
66,-4,7,2,0.951,325,0,4.431,0,2,0,809,325,0,312,312
66,-1,-3,2,0.391,0,0,0.000,0,0,0,0,0,0,0,0
66,-5,7,2,2.942,51,0,2.593,0,1,0,596,51,0,300,300
66,-1,6,1,2.362,213,0,3.712,0,1,0,425,213,0,389,389
66,-3,5,3,0.541,0,0,0.000,0,1,0,6,0,0,6,6
66,-7,8,0,1.951,881,0,9.921,1,0,0,0,0,881,609,609
66,-3,6,3,3.231,6,0,2.462,0,1,0,23,6,0,150,150
66,-5,6,3,1.252,0,0,0.000,0,1,0,111,0,0,129,129
66,-4,2,3,1.201,0,0,0.000,0,0,0,0,0,0,0,0
66,-3,1,3,0.941,0,0,0.000,0,0,0,0,0,0,0,0
66,-6,5,0,1.802,0,0,0.000,0,1,0,5,0,0,33,33
66,1,-1,3,0.181,0,0,0.000,0,0,0,0,0,0,0,0
66,-4,1,3,0.811,0,0,0.000,0,0,0,0,0,0,0,0
66,-5,2,2,0.411,0,0,0.000,0,0,0,0,0,0,0,0
66,-2,-3,0,0.851,0,0,0.000,0,0,0,0,0,0,0,0
66,1,-5,0,0.231,0,0,0.000,0,0,0,0,0,0,0,0
66,-7,7,0,2.871,218,0,4.971,1,0,0,0,0,218,435,435
66,2,1,2,0.531,0,0,0.000,0,0,0,0,0,0,0,0
67,1,-4,2,0.251,0,0,0.000,0,0,0,0,0,0,0,0
67,-3,0,3,0.411,0,0,0.000,0,0,0,0,0,0,0,0
67,-2,2,3,1.131,0,0,0.000,0,0,0,0,0,0,0,0
67,-1,-1,3,0.121,0,0,0.000,0,0,0,0,0,0,0,0
67,0,1,3,0.112,0,0,0.000,0,0,0,0,0,0,0,0
67,-5,3,2,1.601,0,0,0.000,0,0,0,0,0,0,0,0
67,-1,1,3,0.201,0,0,0.000,0,0,0,0,0,0,0,0
67,-2,-1,3,0.451,0,0,0.000,0,0,0,0,0,0,0,0
67,0,4,3,1.191,0,0,0.000,0,1,0,22,0,0,2,2
67,3,-6,0,0.701,0,0,0.000,0,0,0,0,0,0,0,0
67,-2,4,3,0.673,0,0,0.000,0,0,0,0,0,0,0,0
67,-2,0,3,0.211,0,0,0.000,0,0,0,0,0,0,0,0
67,0,2,3,2.051,0,0,0.000,0,0,0,0,0,0,0,0
67,-4,3,3,0.911,0,0,0.000,0,0,0,0,0,0,0,0
67,-5,9,0,1.001,1425,0,9.381,1,0,0,0,0,1425,304,304
67,-7,6,1,2.083,35,0,3.561,0,1,0,214,35,0,198,198
67,-3,2,3,0.251,0,0,0.000,0,0,0,0,0,0,0,0
67,2,-1,2,0.591,0,0,0.000,0,0,0,0,0,0,0,0
67,0,-4,1,0.871,0,0,0.000,0,0,0,0,0,0,0,0
67,-2,5,3,0.901,0,0,0.000,0,0,0,0,0,0,32,32
67,-4,6,3,1.682,0,0,0.000,0,4,0,972,0,0,72,72
67,-1,5,2,0.831,0,0,0.000,0,1,0,193,0,0,50,50
67,0,-3,2,1.181,0,0,0.000,0,0,0,0,0,0,0,0
67,-6,8,0,2.593,612,0,8.443,1,0,0,0,0,612,517,517
67,-1,-2,3,0.671,0,0,0.000,0,0,0,0,0,0,0,0
67,-2,3,3,30.000,0,0,0.000,0,0,0,0,0,0,0,0
67,-4,5,3,2.861,0,0,0.000,0,0,0,0,0,0,0,0
67,1,-3,3,1.091,0,0,0.000,0,0,0,0,0,0,0,0
67,0,-2,3,0.231,0,0,0.000,0,0,0,0,0,0,0,0
67,0,3,3,1.101,0,0,0.000,0,0,0,0,0,0,0,0
67,-6,6,2,3.152,3,0,3.171,0,1,0,35,3,0,40,40
67,-2,6,2,2.411,21,0,3.301,0,1,0,408,21,0,230,230
67,-3,3,3,1.671,0,0,0.000,0,0,0,0,0,0,0,0
67,2,-2,2,0.191,0,0,0.000,0,0,0,0,0,0,0,0
67,-4,-2,2,0.271,0,0,0.000,0,0,0,0,0,0,0,0
67,2,2,1,0.982,0,0,0.000,0,1,0,1,0,0,0,0
67,-5,1,0,0.961,0,0,0.000,0,0,0,0,0,0,0,0
67,2,-3,2,0.241,0,0,0.000,0,0,0,0,0,0,0,0
67,-4,0,2,0.221,0,0,0.000,0,0,0,0,0,0,0,0
67,-3,4,3,0.531,0,0,0.000,0,0,0,0,0,0,0,0
67,-4,8,1,4.531,634,0,7.211,1,1,0,151,0,634,414,414
67,1,2,2,0.753,0,0,0.000,0,0,0,0,0,0,0,0
67,-6,2,0,0.881,0,0,0.000,0,0,0,0,0,0,0,0
67,-5,-2,0,0.791,0,0,0.000,0,0,0,0,0,0,0,0
67,3,1,1,1.773,0,0,0.000,0,0,0,0,0,0,3,3
67,-6,7,2,1.511,108,0,2.601,0,1,0,810,108,0,238,238
67,2,-4,2,0.321,0,0,0.000,0,0,0,0,0,0,0,0
67,-1,3,3,1.031,0,0,0.000,0,0,0,0,0,0,0,0
67,-1,2,3,0.471,0,0,0.000,0,0,0,0,0,0,0,0
67,-5,8,1,1.321,633,0,5.221,0,1,0,822,633,0,571,571
67,1,4,2,1.183,22,0,2.381,0,2,0,734,22,0,146,146
67,1,0,3,0.291,0,0,0.000,0,0,0,0,0,0,0,0
67,-2,1,3,0.331,0,0,0.000,0,0,0,0,0,0,0,0
67,-5,0,1,0.761,0,0,0.000,0,0,0,0,0,0,0,0
67,2,0,3,0.611,0,0,0.000,0,0,0,0,0,0,0,0
67,2,4,1,2.823,257,0,4.681,0,1,0,702,257,0,421,421
67,-6,3,0,1.291,0,0,0.000,0,0,0,0,0,0,0,0
67,3,0,0,0.941,0,0,0.000,0,0,0,0,0,0,0,0
67,-5,4,2,25.061,0,0,0.000,0,0,0,0,0,0,0,0
67,1,-2,3,0.451,0,0,0.000,0,0,0,0,0,0,0,0
67,-4,-3,0,0.671,0,0,0.000,0,0,0,0,0,0,0,0
67,3,-5,0,0.171,0,0,0.000,0,0,0,0,0,0,0,0
67,0,6,0,2.552,571,0,7.022,1,0,0,0,0,571,376,376
67,2,5,0,2.021,919,0,9.151,1,0,0,0,0,919,399,399
67,-3,7,0,2.842,200,0,7.282,1,0,0,0,0,200,345,345
67,-5,5,3,1.971,0,0,0.000,0,0,0,0,0,0,4,4
67,2,-5,1,0.161,0,0,0.000,0,0,0,0,0,0,0,0
67,4,-3,0,0.661,0,0,0.000,0,0,0,0,0,0,0,0
67,-3,-3,0,0.211,0,0,0.000,0,0,0,0,0,0,0,0
67,-3,-1,3,0.711,0,0,0.000,0,0,0,0,0,0,0,0
67,0,5,3,1.433,43,43,-1.000,0,0,0,0,0,0,120,120
67,0,0,3,0.901,0,0,0.000,0,0,0,0,0,0,0,0
67,3,-1,0,0.431,0,0,0.000,0,0,0,0,0,0,0,0
67,-1,-4,0,0.301,0,0,0.000,0,0,0,0,0,0,0,0
67,3,-2,1,1.461,0,0,0.000,0,0,0,0,0,0,0,0
67,1,5,0,3.942,486,0,8.982,1,0,0,0,0,486,413,413
67,-3,-2,2,0.371,0,0,0.000,0,0,0,0,0,0,0,0
67,-1,0,3,1.041,0,0,0.000,0,0,0,0,0,0,0,0
67,-5,-1,1,0.751,0,0,0.000,0,0,0,0,0,0,0,0
67,0,-1,3,1.321,0,0,0.000,0,0,0,0,0,0,0,0
67,-2,7,0,3.001,422,0,7.191,1,0,0,0,0,422,475,475
67,-6,4,1,0.861,0,0,0.000,0,0,0,0,0,0,0,0
67,-4,4,3,1.701,0,0,0.000,0,0,0,0,0,0,0,0
67,1,1,3,0.191,0,0,0.000,0,0,0,0,0,0,0,0
67,3,-4,0,0.471,0,0,0.000,0,0,0,0,0,0,0,0
67,-4,-1,3,0.242,0,0,0.000,0,0,0,0,0,0,0,0
67,-1,4,3,0.752,0,0,0.000,0,0,0,0,0,0,8,8
67,1,3,3,0.771,0,0,0.000,0,0,0,0,0,0,12,12
67,2,3,0,1.701,1,0,1.721,1,0,0,0,0,1,124,124
67,-2,-2,3,10.781,0,0,0.000,0,0,0,0,0,0,0,0
67,3,-3,0,0.431,0,0,0.000,0,0,0,0,0,0,0,0
67,-4,7,2,0.771,305,0,4.231,0,3,1,1269,203,102,333,333
67,-1,-3,2,0.391,0,0,0.000,0,0,0,0,0,0,0,0
67,-5,7,2,3.213,57,0,3.273,0,1,0,570,57,0,304,304
67,-1,6,1,3.762,193,0,4.672,0,1,0,436,193,0,382,382
67,-3,5,3,0.961,0,0,0.000,0,1,0,4,0,0,6,6
67,-7,8,0,1.391,910,0,9.621,1,0,0,0,0,910,577,577
67,-3,6,3,1.701,4,0,3.191,0,1,0,21,4,0,158,158
67,-5,6,3,2.512,0,0,0.000,0,1,0,108,0,0,118,118
67,-4,2,3,0.321,0,0,0.000,0,0,0,0,0,0,0,0
67,-3,1,3,0.331,0,0,0.000,0,0,0,0,0,0,0,0
67,-6,5,0,1.381,0,0,0.000,0,1,0,3,0,0,24,24
67,1,-1,3,0.371,0,0,0.000,0,0,0,0,0,0,0,0
67,-4,1,3,0.191,0,0,0.000,0,0,0,0,0,0,0,0
67,-5,2,2,1.131,0,0,0.000,0,0,0,0,0,0,0,0
67,-2,-3,0,0.171,0,0,0.000,0,0,0,0,0,0,0,0
67,1,-5,0,0.471,0,0,0.000,0,0,0,0,0,0,0,0
67,-7,7,0,3.051,225,0,5.271,1,0,0,0,0,225,397,397
67,2,1,2,1.251,0,0,0.000,0,0,0,0,0,0,0,0
68,1,-4,2,0.771,0,0,0.000,0,0,0,0,0,0,0,0
68,-3,0,3,0.411,0,0,0.000,0,0,0,0,0,0,0,0
68,-2,2,3,0.611,0,0,0.000,0,0,0,0,0,0,0,0
68,-1,-1,3,0.121,0,0,0.000,0,0,0,0,0,0,0,0
68,0,1,3,0.111,0,0,0.000,0,0,0,0,0,0,0,0
68,-5,3,2,0.451,0,0,0.000,0,0,0,0,0,0,0,0
68,-1,1,3,0.411,0,0,0.000,0,0,0,0,0,0,0,0
68,-2,-1,3,0.451,0,0,0.000,0,0,0,0,0,0,0,0
68,0,4,3,1.431,0,0,0.000,0,2,0,58,0,0,3,3
68,3,-6,0,0.461,0,0,0.000,0,0,0,0,0,0,0,0
68,-2,4,3,0.673,0,0,0.000,0,0,0,0,0,0,0,0
68,-2,0,3,0.651,0,0,0.000,0,0,0,0,0,0,0,0
68,0,2,3,9.451,0,0,0.000,0,0,0,0,0,0,0,0
68,-4,3,3,0.182,0,0,0.000,0,0,0,0,0,0,0,0
68,-5,9,0,2.051,1411,0,10.251,1,0,0,0,0,1411,320,320
68,-7,6,1,1.754,26,0,3.091,0,1,0,224,26,0,237,237
68,-3,2,3,0.501,0,0,0.000,0,0,0,0,0,0,0,0
68,2,-1,2,0.591,0,0,0.000,0,0,0,0,0,0,0,0
68,0,-4,1,0.831,0,0,0.000,0,0,0,0,0,0,0,0
68,-2,5,3,0.901,0,0,0.000,0,0,0,0,0,0,47,47
68,-4,6,3,1.431,0,0,0.000,0,3,0,690,0,0,61,61
68,-1,5,2,1.251,0,0,0.000,0,1,0,200,0,0,36,36
68,0,-3,2,0.161,0,0,0.000,0,0,0,0,0,0,0,0
68,-6,8,0,2.793,646,0,9.063,1,0,0,0,0,646,518,518
68,-1,-2,3,3.661,0,0,0.000,0,0,0,0,0,0,0,0
68,-2,3,3,0.181,0,0,0.000,0,0,0,0,0,0,0,0
68,-4,5,3,1.352,0,0,0.000,0,0,0,0,0,0,0,0
68,1,-3,3,2.351,0,0,0.000,0,0,0,0,0,0,0,0
68,0,-2,3,0.531,0,0,0.000,0,0,0,0,0,0,0,0
68,0,3,3,1.271,0,0,0.000,0,0,0,0,0,0,0,0
68,-6,6,2,3.663,2,0,2.791,0,1,0,26,2,0,31,31
68,-2,6,2,3.193,18,0,2.281,0,1,0,416,18,0,251,251
68,-3,3,3,0.621,0,0,0.000,0,0,0,0,0,0,0,0
68,2,-2,2,0.191,0,0,0.000,0,0,0,0,0,0,0,0
68,-4,-2,2,0.271,0,0,0.000,0,0,0,0,0,0,0,0
68,2,2,1,0.633,0,0,0.000,0,1,0,3,0,0,3,3
68,-5,1,0,0.361,0,0,0.000,0,0,0,0,0,0,0,0
68,2,-3,2,0.131,0,0,0.000,0,0,0,0,0,0,0,0
68,-4,0,2,0.451,0,0,0.000,0,0,0,0,0,0,0,0
68,-3,4,3,0.751,0,0,0.000,0,0,0,0,0,0,0,0
68,-4,8,1,3.091,619,0,6.062,0,1,0,54,619,0,388,388
68,1,2,2,2.063,0,0,0.000,0,0,0,0,0,0,0,0
68,-6,2,0,1.091,0,0,0.000,0,0,0,0,0,0,0,0
68,-5,-2,0,0.791,0,0,0.000,0,0,0,0,0,0,0,0
68,3,1,1,2.061,0,0,0.000,0,0,0,0,0,0,3,3
68,-6,7,2,2.371,100,0,3.394,0,1,0,797,100,0,224,224
68,2,-4,2,0.321,0,0,0.000,0,0,0,0,0,0,0,0
68,-1,3,3,1.351,0,0,0.000,0,0,0,0,0,0,0,0
68,-1,2,3,0.151,0,0,0.000,0,0,0,0,0,0,0,0
68,-5,8,1,1.491,644,0,6.421,0,1,0,804,644,0,538,538
68,1,4,2,1.693,29,0,1.892,0,2,0,689,29,0,156,156
68,1,0,3,0.161,0,0,0.000,0,0,0,0,0,0,0,0
68,-2,1,3,1.541,0,0,0.000,0,0,0,0,0,0,0,0
68,-5,0,1,0.551,0,0,0.000,0,0,0,0,0,0,0,0
68,2,0,3,1.231,0,0,0.000,0,0,0,0,0,0,0,0
68,2,4,1,1.974,256,0,4.062,0,1,0,696,256,0,457,457
68,-6,3,0,0.941,0,0,0.000,0,0,0,0,0,0,0,0
68,3,0,0,1.321,0,0,0.000,0,0,0,0,0,0,1,1
68,-5,4,2,0.681,0,0,0.000,0,0,0,0,0,0,0,0
68,1,-2,3,0.221,0,0,0.000,0,0,0,0,0,0,0,0
68,-4,-3,0,0.911,0,0,0.000,0,0,0,0,0,0,0,0
68,3,-5,0,0.171,0,0,0.000,0,0,0,0,0,0,0,0
68,0,6,0,3.012,585,0,7.542,1,0,0,0,0,585,366,366
68,2,5,0,1.462,919,0,8.532,1,0,0,0,0,919,396,396
68,-3,7,0,1.962,232,0,6.112,1,0,0,0,0,232,348,348
68,-5,5,3,1.802,0,0,0.000,0,0,0,0,0,0,9,9
68,2,-5,1,0.161,0,0,0.000,0,0,0,0,0,0,0,0
68,4,-3,0,0.661,0,0,0.000,0,0,0,0,0,0,0,0
68,-3,-3,0,0.331,0,0,0.000,0,0,0,0,0,0,0,0
68,-3,-1,3,0.231,0,0,0.000,0,0,0,0,0,0,0,0
68,0,5,3,1.112,41,41,-1.000,0,0,0,0,0,0,114,114
68,0,0,3,1.421,0,0,0.000,0,0,0,0,0,0,0,0
68,3,-1,0,1.181,0,0,0.000,0,0,0,0,0,0,0,0
68,-1,-4,0,0.151,0,0,0.000,0,0,0,0,0,0,0,0
68,3,-2,1,0.411,0,0,0.000,0,0,0,0,0,0,0,0
68,1,5,0,1.782,466,0,6.422,1,0,0,0,0,466,409,409
68,-3,-2,2,0.371,0,0,0.000,0,0,0,0,0,0,0,0
68,-1,0,3,0.601,0,0,0.000,0,0,0,0,0,0,0,0
68,-5,-1,1,0.691,0,0,0.000,0,0,0,0,0,0,0,0
68,0,-1,3,2.521,0,0,0.000,0,0,0,0,0,0,0,0
68,-2,7,0,2.031,429,0,6.301,1,0,0,0,0,429,490,490
68,-6,4,1,0.631,0,0,0.000,0,0,0,0,0,0,1,1
68,-4,4,3,0.941,0,0,0.000,0,0,0,0,0,0,0,0
68,1,1,3,0.291,0,0,0.000,0,0,0,0,0,0,0,0
68,3,-4,0,4.891,0,0,0.000,0,0,0,0,0,0,0,0
68,-4,-1,3,0.731,0,0,0.000,0,0,0,0,0,0,0,0
68,-1,4,3,1.642,0,0,0.000,0,0,0,0,0,0,10,10
68,1,3,3,2.241,0,0,0.000,0,0,0,0,0,0,16,16
68,2,3,0,2.141,3,0,2.201,1,0,0,0,0,3,118,118
68,-2,-2,3,0.371,0,0,0.000,0,0,0,0,0,0,0,0
68,3,-3,0,0.671,0,0,0.000,0,0,0,0,0,0,0,0
68,-4,7,2,1.151,321,0,5.312,0,2,0,821,321,0,297,297
68,-1,-3,2,0.191,0,0,0.000,0,0,0,0,0,0,0,0
68,-5,7,2,2.673,48,0,3.363,0,1,0,612,48,0,286,286
68,-1,6,1,2.962,200,0,5.202,0,1,0,442,200,0,396,396
68,-3,5,3,2.221,0,0,0.000,0,1,0,5,0,0,6,6
68,-7,8,0,2.264,890,0,10.364,1,0,0,0,0,890,608,608
68,-3,6,3,1.701,5,0,2.241,0,1,0,17,5,0,120,120
68,-5,6,3,1.462,0,0,0.000,0,1,0,100,0,0,129,129
68,-4,2,3,0.101,0,0,0.000,0,0,0,0,0,0,0,0
68,-3,1,3,1.281,0,0,0.000,0,0,0,0,0,0,0,0
68,-6,5,0,0.542,0,0,0.000,0,1,0,2,0,0,29,29
68,1,-1,3,0.371,0,0,0.000,0,0,0,0,0,0,0,0
68,-4,1,3,0.251,0,0,0.000,0,0,0,0,0,0,0,0
68,-5,2,2,1.431,0,0,0.000,0,0,0,0,0,0,0,0
68,-2,-3,0,0.511,0,0,0.000,0,0,0,0,0,0,0,0
68,1,-5,0,0.831,0,0,0.000,0,0,0,0,0,0,0,0
68,-7,7,0,2.691,230,0,5.011,1,0,0,0,0,230,418,418
68,2,1,2,0.531,0,0,0.000,0,0,0,0,0,0,0,0
69,1,-4,2,0.251,0,0,0.000,0,0,0,0,0,0,0,0
69,-3,0,3,1.011,0,0,0.000,0,0,0,0,0,0,0,0
69,-2,2,3,0.381,0,0,0.000,0,0,0,0,0,0,0,0
69,-1,-1,3,0.121,0,0,0.000,0,0,0,0,0,0,0,0
69,0,1,3,0.221,0,0,0.000,0,0,0,0,0,0,0,0
69,-5,3,2,0.451,0,0,0.000,0,0,0,0,0,0,0,0
69,-1,1,3,0.381,0,0,0.000,0,0,0,0,0,0,0,0
69,-2,-1,3,0.181,0,0,0.000,0,0,0,0,0,0,0,0
69,0,4,3,1.671,0,0,0.000,0,1,0,27,0,0,2,2
69,3,-6,0,0.461,0,0,0.000,0,0,0,0,0,0,0,0
69,-2,4,3,0.673,0,0,0.000,0,0,0,0,0,0,0,0
69,-2,0,3,0.431,0,0,0.000,0,0,0,0,0,0,0,0
69,0,2,3,0.381,0,0,0.000,0,0,0,0,0,0,0,0
69,-4,3,3,0.183,0,0,0.000,0,0,0,0,0,0,0,0
69,-5,9,0,1.151,1406,0,9.391,1,0,0,0,0,1406,298,298
69,-7,6,1,2.261,33,0,3.181,0,1,0,215,33,0,197,197
69,-3,2,3,0.161,0,0,0.000,0,0,0,0,0,0,0,0
69,2,-1,2,0.591,0,0,0.000,0,0,0,0,0,0,0,0
69,0,-4,1,0.201,0,0,0.000,0,0,0,0,0,0,0,0
69,-2,5,3,1.432,0,0,0.000,0,0,0,0,0,0,39,39
69,-4,6,3,3.453,0,0,0.000,0,3,0,687,0,0,63,63
69,-1,5,2,1.881,0,0,0.000,0,1,0,193,0,0,43,43
69,0,-3,2,0.161,0,0,0.000,0,0,0,0,0,0,0,0
69,-6,8,0,1.793,653,0,8.053,1,0,0,0,0,653,486,486
69,-1,-2,3,0.221,0,0,0.000,0,0,0,0,0,0,0,0
69,-2,3,3,0.561,0,0,0.000,0,0,0,0,0,0,0,0
69,-4,5,3,1.091,0,0,0.000,0,0,0,0,0,0,0,0
69,1,-3,3,0.411,0,0,0.000,0,0,0,0,0,0,0,0
69,0,-2,3,0.141,0,0,0.000,0,0,0,0,0,0,0,0
69,0,3,3,0.991,0,0,0.000,0,0,0,0,0,0,0,0
69,-6,6,2,1.282,4,0,2.821,0,1,0,33,4,0,26,26
69,-2,6,2,12.811,23,0,3.471,0,1,0,403,23,0,259,259
69,-3,3,3,0.521,0,0,0.000,0,0,0,0,0,0,0,0
69,2,-2,2,0.391,0,0,0.000,0,0,0,0,0,0,0,0
69,-4,-2,2,0.271,0,0,0.000,0,0,0,0,0,0,0,0
69,2,2,1,10.873,0,0,0.000,0,1,0,1,0,0,0,0
69,-5,1,0,1.001,0,0,0.000,0,0,0,0,0,0,0,0
69,2,-3,2,0.531,0,0,0.000,0,0,0,0,0,0,0,0
69,-4,0,2,0.681,0,0,0.000,0,0,0,0,0,0,0,0
69,-3,4,3,0.551,0,0,0.000,0,0,0,0,0,0,0,0
69,-4,8,1,4.531,611,0,6.232,0,1,0,47,611,0,400,400
69,1,2,2,1.511,0,0,0.000,0,0,0,0,0,0,0,0
69,-6,2,0,0.651,0,0,0.000,0,0,0,0,0,0,0,0
69,-5,-2,0,1.431,0,0,0.000,0,0,0,0,0,0,0,0
69,3,1,1,2.093,0,0,0.000,0,0,0,0,0,0,1,1
69,-6,7,2,2.163,82,0,2.481,0,1,0,792,82,0,256,256
69,2,-4,2,0.381,0,0,0.000,0,0,0,0,0,0,0,0
69,-1,3,3,1.361,0,0,0.000,0,0,0,0,0,0,0,0
69,-1,2,3,0.791,0,0,0.000,0,0,0,0,0,0,0,0
69,-5,8,1,1.491,648,0,5.531,0,1,0,808,648,0,535,535
69,1,4,2,1.183,27,0,2.641,0,2,0,745,27,0,145,145
69,1,0,3,0.241,0,0,0.000,0,0,0,0,0,0,0,0
69,-2,1,3,0.331,0,0,0.000,0,0,0,0,0,0,0,0
69,-5,0,1,0.801,0,0,0.000,0,0,0,0,0,0,0,0
69,2,0,3,0.611,0,0,0.000,0,0,0,0,0,0,0,0
69,2,4,1,1.633,278,0,5.121,0,1,0,636,278,0,441,441
69,-6,3,0,0.941,0,0,0.000,0,0,0,0,0,0,0,0
69,3,0,0,0.751,0,0,0.000,0,0,0,0,0,0,1,1
69,-5,4,2,0.681,0,0,0.000,0,0,0,0,0,0,0,0
69,1,-2,3,1.141,0,0,0.000,0,0,0,0,0,0,0,0
69,-4,-3,0,0.951,0,0,0.000,0,0,0,0,0,0,0,0
69,3,-5,0,1.261,0,0,0.000,0,0,0,0,0,0,0,0
69,0,6,0,2.482,581,0,7.061,1,0,0,0,0,581,372,372
69,2,5,0,2.231,867,0,8.701,1,0,0,0,0,867,399,399
69,-3,7,0,2.402,211,0,6.282,1,0,0,0,0,211,356,356
69,-5,5,3,1.371,0,0,0.000,0,0,0,0,0,0,13,13
69,2,-5,1,0.291,0,0,0.000,0,0,0,0,0,0,0,0
69,4,-3,0,2.181,0,0,0.000,0,0,0,0,0,0,0,0
69,-3,-3,0,0.112,0,0,0.000,0,0,0,0,0,0,0,0
69,-3,-1,3,0.501,0,0,0.000,0,0,0,0,0,0,0,0
69,0,5,3,0.953,46,46,-1.000,0,0,0,0,0,0,109,109
69,0,0,3,0.451,0,0,0.000,0,0,0,0,0,0,0,0
69,3,-1,0,0.281,0,0,0.000,0,0,0,0,0,0,0,0
69,-1,-4,0,0.151,0,0,0.000,0,0,0,0,0,0,0,0
69,3,-2,1,0.621,0,0,0.000,0,0,0,0,0,0,0,0
69,1,5,0,4.712,474,0,9.631,1,0,0,0,0,474,409,409
69,-3,-2,2,0.181,0,0,0.000,0,0,0,0,0,0,0,0
69,-1,0,3,0.251,0,0,0.000,0,0,0,0,0,0,0,0
69,-5,-1,1,1.041,0,0,0.000,0,0,0,0,0,0,0,0
69,0,-1,3,0.371,0,0,0.000,0,0,0,0,0,0,0,0
69,-2,7,0,3.161,416,0,7.301,1,0,0,0,0,416,496,496
69,-6,4,1,1.321,0,0,0.000,0,0,0,0,0,0,1,1
69,-4,4,3,0.941,0,0,0.000,0,0,0,0,0,0,0,0
69,1,1,3,0.191,0,0,0.000,0,0,0,0,0,0,0,0
69,3,-4,0,0.251,0,0,0.000,0,0,0,0,0,0,0,0
69,-4,-1,3,2.481,0,0,0.000,0,0,0,0,0,0,0,0
69,-1,4,3,1.132,0,0,0.000,0,0,0,0,0,0,7,7
69,1,3,3,0.931,0,0,0.000,0,0,0,0,0,0,11,11
69,2,3,0,2.141,1,0,2.181,1,0,0,0,0,1,118,118
69,-2,-2,3,0.281,0,0,0.000,0,0,0,0,0,0,0,0
69,3,-3,0,0.341,0,0,0.000,0,0,0,0,0,0,0,0
69,-4,7,2,0.771,320,0,4.541,0,2,0,795,320,0,323,323
69,-1,-3,2,0.391,0,0,0.000,0,0,0,0,0,0,0,0
69,-5,7,2,3.753,47,0,2.343,0,1,0,611,47,0,282,282
69,-1,6,1,2.162,193,0,4.602,0,1,0,447,193,0,393,393
69,-3,5,3,1.402,0,0,0.000,0,1,0,4,0,0,7,7
69,-7,8,0,1.531,865,0,9.581,1,0,0,0,0,865,613,613
69,-3,6,3,1.131,4,0,3.351,0,1,0,22,4,0,142,142
69,-5,6,3,1.462,0,0,0.000,0,1,0,82,0,0,162,162
69,-4,2,3,0.101,0,0,0.000,0,0,0,0,0,0,0,0
69,-3,1,3,0.271,0,0,0.000,0,0,0,0,0,0,0,0
69,-6,5,0,0.791,0,0,0.000,0,1,0,4,0,0,29,29
69,1,-1,3,0.371,0,0,0.000,0,0,0,0,0,0,0,0
69,-4,1,3,1.411,0,0,0.000,0,0,0,0,0,0,0,0
69,-5,2,2,0.351,0,0,0.000,0,0,0,0,0,0,0,0
69,-2,-3,0,0.901,0,0,0.000,0,0,0,0,0,0,0,0
69,1,-5,0,0.231,0,0,0.000,0,0,0,0,0,0,0,0
69,-7,7,0,2.691,227,0,4.921,1,0,0,0,0,227,392,392
69,2,1,2,0.531,0,0,0.000,0,0,0,0,0,0,0,0
70,1,-4,2,0.771,0,0,0.000,0,0,0,0,0,0,0,0
70,-3,0,3,0.211,0,0,0.000,0,0,0,0,0,0,0,0
70,-2,2,3,1.531,0,0,0.000,0,0,0,0,0,0,0,0
70,-1,-1,3,0.221,0,0,0.000,0,0,0,0,0,0,0,0
70,0,1,3,0.112,0,0,0.000,0,0,0,0,0,0,0,0
70,-5,3,2,0.681,0,0,0.000,0,0,0,0,0,0,0,0
70,-1,1,3,1.461,0,0,0.000,0,0,0,0,0,0,0,0
70,-2,-1,3,0.641,0,0,0.000,0,0,0,0,0,0,0,0
70,0,4,3,1.431,0,0,0.000,0,1,0,23,0,0,2,2
70,3,-6,0,0.701,0,0,0.000,0,0,0,0,0,0,0,0
70,-2,4,3,0.651,0,0,0.000,0,0,0,0,0,0,0,0
70,-2,0,3,3.071,0,0,0.000,0,0,0,0,0,0,0,0
70,0,2,3,2.452,0,0,0.000,0,0,0,0,0,0,0,0
70,-4,3,3,1.481,0,0,0.000,0,0,0,0,0,0,0,0
70,-5,9,0,1.001,1405,0,9.341,1,0,0,0,0,1405,313,313
70,-7,6,1,2.741,30,0,3.311,0,1,0,189,30,0,221,221
70,-3,2,3,2.141,0,0,0.000,0,0,0,0,0,0,0,0
70,2,-1,2,0.591,0,0,0.000,0,0,0,0,0,0,0,0
70,0,-4,1,0.831,0,0,0.000,0,0,0,0,0,0,0,0
70,-2,5,3,1.861,0,0,0.000,0,0,0,0,0,0,53,53
70,-4,6,3,1.671,0,0,0.000,0,3,0,644,0,0,57,57
70,-1,5,2,1.041,0,0,0.000,0,1,0,216,0,0,45,45
70,0,-3,2,0.161,0,0,0.000,0,0,0,0,0,0,0,0
70,-6,8,0,1.793,602,0,7.553,1,0,0,0,0,602,519,519
70,-1,-2,3,0.221,0,0,0.000,0,0,0,0,0,0,0,0
70,-2,3,3,0.371,0,0,0.000,0,0,0,0,0,0,0,0
70,-4,5,3,1.781,0,0,0.000,0,0,0,0,0,0,0,0
70,1,-3,3,0.411,0,0,0.000,0,0,0,0,0,0,0,0
70,0,-2,3,0.291,0,0,0.000,0,0,0,0,0,0,0,0
70,0,3,3,0.781,0,0,0.000,0,0,0,0,0,0,0,0
70,-6,6,2,1.112,3,0,2.991,0,1,0,30,3,0,29,29
70,-2,6,2,4.231,21,0,3.852,0,1,0,407,21,0,244,244
70,-3,3,3,0.201,0,0,0.000,0,0,0,0,0,0,0,0
70,2,-2,2,0.191,0,0,0.000,0,0,0,0,0,0,0,0
70,-4,-2,2,0.271,0,0,0.000,0,0,0,0,0,0,0,0
70,2,2,1,0.891,0,0,0.000,0,1,0,1,0,0,2,2
70,-5,1,0,3.161,0,0,0.000,0,0,0,0,0,0,0,0
70,2,-3,2,0.131,0,0,0.000,0,0,0,0,0,0,0,0
70,-4,0,2,0.221,0,0,0.000,0,0,0,0,0,0,0,0
70,-3,4,3,0.531,0,0,0.000,0,0,0,0,0,0,0,0
70,-4,8,1,3.574,626,0,6.412,0,1,0,49,626,0,389,389
70,1,2,2,1.601,0,0,0.000,0,0,0,0,0,0,0,0
70,-6,2,0,1.531,0,0,0.000,0,0,0,0,0,0,0,0
70,-5,-2,0,2.071,0,0,0.000,0,0,0,0,0,0,0,0
70,3,1,1,2.101,0,0,0.000,0,0,0,0,0,0,0,0
70,-6,7,2,2.353,108,0,4.591,0,1,0,787,108,0,240,240
70,2,-4,2,0.981,0,0,0.000,0,0,0,0,0,0,0,0
70,-1,3,3,1.031,0,0,0.000,0,0,0,0,0,0,0,0
70,-1,2,3,3.511,0,0,0.000,0,0,0,0,0,0,0,0
70,-5,8,1,1.151,618,0,5.201,0,1,0,818,618,0,579,579
70,1,4,2,1.523,23,0,1.832,0,2,0,736,23,0,164,164
70,1,0,3,0.701,0,0,0.000,0,0,0,0,0,0,0,0
70,-2,1,3,1.541,0,0,0.000,0,0,0,0,0,0,0,0
70,-5,0,1,0.531,0,0,0.000,0,0,0,0,0,0,0,0
70,2,0,3,0.611,0,0,0.000,0,0,0,0,0,0,0,0
70,2,4,1,1.463,243,0,3.982,0,1,0,690,243,0,462,462
70,-6,3,0,0.651,0,0,0.000,0,0,0,0,0,0,0,0
70,3,0,0,2.471,0,0,0.000,0,0,0,0,0,0,1,1
70,-5,4,2,1.371,0,0,0.000,0,0,0,0,0,0,0,0
70,1,-2,3,0.221,0,0,0.000,0,0,0,0,0,0,0,0
70,-4,-3,0,0.711,0,0,0.000,0,0,0,0,0,0,0,0
70,3,-5,0,15.101,0,0,0.000,0,0,0,0,0,0,0,0
70,0,6,0,3.642,571,0,8.042,1,0,0,0,0,571,348,348
70,2,5,0,1.462,893,0,8.472,1,0,0,0,0,893,382,382
70,-3,7,0,2.182,208,0,6.462,1,0,0,0,0,208,325,325
70,-5,5,3,5.171,0,0,0.000,0,0,0,0,0,0,5,5
70,2,-5,1,1.181,0,0,0.000,0,0,0,0,0,0,0,0
70,4,-3,0,0.891,0,0,0.000,0,0,0,0,0,0,0,0
70,-3,-3,0,0.241,0,0,0.000,0,0,0,0,0,0,0,0
70,-3,-1,3,0.201,0,0,0.000,0,0,0,0,0,0,0,0
70,0,5,3,30.000,46,46,-1.000,0,0,0,0,0,0,127,127
70,0,0,3,2.461,0,0,0.000,0,0,0,0,0,0,0,0
70,3,-1,0,4.931,0,0,0.000,0,0,0,0,0,0,0,0
70,-1,-4,0,0.461,0,0,0.000,0,0,0,0,0,0,0,0
70,3,-2,1,0.621,0,0,0.000,0,0,0,0,0,0,0,0
70,1,5,0,3.092,502,0,8.292,1,0,0,0,0,502,409,409
70,-3,-2,2,0.181,0,0,0.000,0,0,0,0,0,0,0,0
70,-1,0,3,0.861,0,0,0.000,0,0,0,0,0,0,0,0
70,-5,-1,1,1.531,0,0,0.000,0,0,0,0,0,0,0,0
70,0,-1,3,2.521,0,0,0.000,0,0,0,0,0,0,0,0
70,-2,7,0,3.552,420,0,7.732,1,0,0,0,0,420,497,497
70,-6,4,1,0.711,0,0,0.000,0,0,0,0,0,0,1,1
70,-4,4,3,0.941,0,0,0.000,0,0,0,0,0,0,0,0
70,1,1,3,0.391,0,0,0.000,0,0,0,0,0,0,0,0
70,3,-4,0,2.811,0,0,0.000,0,0,0,0,0,0,0,0
70,-4,-1,3,0.591,0,0,0.000,0,0,0,0,0,0,0,0
70,-1,4,3,0.851,0,0,0.000,0,0,0,0,0,0,8,8
70,1,3,3,1.251,0,0,0.000,0,0,0,0,0,0,8,8
70,2,3,0,1.701,1,0,1.721,1,0,0,0,0,1,111,111
70,-2,-2,3,0.331,0,0,0.000,0,0,0,0,0,0,0,0
70,3,-3,0,1.061,0,0,0.000,0,0,0,0,0,0,0,0
70,-4,7,2,1.701,294,0,4.121,0,2,0,817,294,0,316,316
70,-1,-3,2,3.391,0,0,0.000,0,0,0,0,0,0,0,0
70,-5,7,2,5.103,56,0,2.433,0,1,0,561,56,0,303,303
70,-1,6,1,1.962,216,0,6.002,0,1,0,429,216,0,404,404
70,-3,5,3,0.681,0,0,0.000,0,1,0,4,0,0,3,3
70,-7,8,0,3.381,887,0,11.381,1,0,0,0,0,887,591,591
70,-3,6,3,1.901,4,0,3.752,0,1,0,21,4,0,137,137
70,-5,6,3,1.252,0,0,0.000,0,1,0,108,0,0,129,129
70,-4,2,3,0.101,0,0,0.000,0,0,0,0,0,0,0,0
70,-3,1,3,0.841,0,0,0.000,0,0,0,0,0,0,0,0
70,-6,5,0,0.651,0,0,0.000,0,1,0,3,0,0,25,25
70,1,-1,3,2.461,0,0,0.000,0,0,0,0,0,0,0,0
70,-4,1,3,0.222,0,0,0.000,0,0,0,0,0,0,0,0
70,-5,2,2,0.771,0,0,0.000,0,0,0,0,0,0,0,0
70,-2,-3,0,0.671,0,0,0.000,0,0,0,0,0,0,0,0
70,1,-5,0,0.351,0,0,0.000,0,0,0,0,0,0,0,0
70,-7,7,0,2.871,201,0,4.841,1,0,0,0,0,201,417,417
70,2,1,2,1.071,0,0,0.000,0,0,0,0,0,0,0,0
71,1,-4,2,0.771,0,0,0.000,0,0,0,0,0,0,0,0
71,-3,0,3,0.411,0,0,0.000,0,0,0,0,0,0,0,0
71,-2,2,3,1.071,0,0,0.000,0,0,0,0,0,0,0,0
71,-1,-1,3,0.871,0,0,0.000,0,0,0,0,0,0,0,0
71,0,1,3,0.221,0,0,0.000,0,0,0,0,0,0,0,0
71,-5,3,2,0.451,0,0,0.000,0,0,0,0,0,0,0,0
71,-1,1,3,0.201,0,0,0.000,0,0,0,0,0,0,0,0
71,-2,-1,3,0.181,0,0,0.000,0,0,0,0,0,0,0,0
71,0,4,3,2.151,0,0,0.000,0,1,0,26,0,0,4,4
71,3,-6,0,0.701,0,0,0.000,0,0,0,0,0,0,0,0
71,-2,4,3,1.363,0,0,0.000,0,0,0,0,0,0,0,0
71,-2,0,3,0.651,0,0,0.000,0,0,0,0,0,0,0,0
71,0,2,3,0.381,0,0,0.000,0,0,0,0,0,0,0,0
71,-4,3,3,0.341,0,0,0.000,0,0,0,0,0,0,0,0
71,-5,9,0,1.001,1415,0,9.411,1,0,0,0,0,1415,298,298
71,-7,6,1,1.533,31,0,2.971,0,1,0,211,31,0,218,218
71,-3,2,3,0.501,0,0,0.000,0,0,0,0,0,0,0,0
71,2,-1,2,0.291,0,0,0.000,0,0,0,0,0,0,0,0
71,0,-4,1,0.201,0,0,0.000,0,0,0,0,0,0,0,0
71,-2,5,3,1.061,0,0,0.000,0,0,0,0,0,0,37,37
71,-4,6,3,2.391,1,0,1.211,0,3,0,674,1,0,69,69
71,-1,5,2,1.041,1,0,1.952,0,1,0,160,1,0,58,58
71,0,-3,2,0.781,0,0,0.000,0,0,0,0,0,0,0,0
71,-6,8,0,2.393,624,0,8.493,1,0,0,0,0,624,485,485
71,-1,-2,3,0.671,0,0,0.000,0,0,0,0,0,0,0,0
71,-2,3,3,0.181,0,0,0.000,0,0,0,0,0,0,0,0
71,-4,5,3,1.811,0,0,0.000,0,1,0,1,0,0,0,0
71,1,-3,3,0.201,0,0,0.000,0,0,0,0,0,0,0,0
71,0,-2,3,0.141,0,0,0.000,0,0,0,0,0,0,0,0
71,0,3,3,0.994,0,0,0.000,0,0,0,0,0,0,0,0
71,-6,6,2,2.472,4,0,2.641,0,1,0,31,4,0,43,43
71,-2,6,2,2.843,14,0,3.302,0,1,0,399,14,0,223,223
71,-3,3,3,0.311,0,0,0.000,0,0,0,0,0,0,0,0
71,2,-2,2,0.391,0,0,0.000,0,0,0,0,0,0,0,0
71,-4,-2,2,0.421,0,0,0.000,0,0,0,0,0,0,0,0
71,2,2,1,0.633,0,0,0.000,0,1,0,3,0,0,2,2
71,-5,1,0,3.161,0,0,0.000,0,0,0,0,0,0,0,0
71,2,-3,2,0.241,0,0,0.000,0,0,0,0,0,0,0,0
71,-4,0,2,0.681,0,0,0.000,0,0,0,0,0,0,0,0
71,-3,4,3,0.421,0,0,0.000,0,0,0,0,0,0,0,0
71,-4,8,1,3.571,618,0,7.332,0,1,0,55,618,0,370,370
71,1,2,2,0.991,0,0,0.000,0,0,0,0,0,0,0,0
71,-6,2,0,0.651,0,0,0.000,0,0,0,0,0,0,0,0
71,-5,-2,0,1.351,0,0,0.000,0,0,0,0,0,0,0,0
71,3,1,1,1.041,0,0,0.000,0,0,0,0,0,0,2,2
71,-6,7,2,2.191,108,0,2.881,0,1,0,787,108,0,268,268
71,2,-4,2,0.211,0,0,0.000,0,0,0,0,0,0,0,0
71,-1,3,3,0.431,0,0,0.000,0,0,0,0,0,0,0,0
71,-1,2,3,0.471,0,0,0.000,0,0,0,0,0,0,0,0
71,-5,8,1,1.321,629,0,5.181,0,1,0,825,629,0,586,586
71,1,4,2,1.523,26,0,2.282,0,2,0,729,26,0,150,150
71,1,0,3,1.041,0,0,0.000,0,0,0,0,0,0,0,0
71,-2,1,3,0.701,0,0,0.000,0,0,0,0,0,0,0,0
71,-5,0,1,0.652,0,0,0.000,0,0,0,0,0,0,0,0
71,2,0,3,2.161,0,0,0.000,0,0,0,0,0,0,0,0
71,2,4,1,2.741,244,0,4.402,0,1,0,666,244,0,425,425
71,-6,3,0,0.651,0,0,0.000,0,0,0,0,0,0,0,0
71,3,0,0,0.941,0,0,0.000,0,0,0,0,0,0,0,0
71,-5,4,2,2.751,0,0,0.000,0,0,0,0,0,0,0,0
71,1,-2,3,0.451,0,0,0.000,0,0,0,0,0,0,0,0
71,-4,-3,0,0.911,0,0,0.000,0,0,0,0,0,0,0,0
71,3,-5,0,0.431,0,0,0.000,0,0,0,0,0,0,0,0
71,0,6,0,1.682,571,0,6.262,1,0,0,0,0,571,372,372
71,2,5,0,1.882,870,0,8.652,1,0,0,0,0,870,390,390
71,-3,7,0,3.282,202,0,7.382,1,0,0,0,0,202,343,343
71,-5,5,3,0.792,0,0,0.000,0,0,0,0,0,0,4,4
71,2,-5,1,0.461,0,0,0.000,0,0,0,0,0,0,0,0
71,4,-3,0,0.891,0,0,0.000,0,0,0,0,0,0,0,0
71,-3,-3,0,0.211,0,0,0.000,0,0,0,0,0,0,0,0
71,-3,-1,3,0.281,0,0,0.000,0,0,0,0,0,0,0,0
71,0,5,3,1.592,34,34,-1.000,0,0,0,0,0,0,126,126
71,0,0,3,0.711,0,0,0.000,0,0,0,0,0,0,0,0
71,3,-1,0,0.731,0,0,0.000,0,0,0,0,0,0,0,0
71,-1,-4,0,0.151,0,0,0.000,0,0,0,0,0,0,0,0
71,3,-2,1,0.411,0,0,0.000,0,0,0,0,0,0,0,0
71,1,5,0,2.962,495,0,8.092,1,0,0,0,0,495,393,393
71,-3,-2,2,0.571,0,0,0.000,0,0,0,0,0,0,0,0
71,-1,0,3,0.421,0,0,0.000,0,0,0,0,0,0,0,0
71,-5,-1,1,0.971,0,0,0.000,0,0,0,0,0,0,0,0
71,0,-1,3,0.521,0,0,0.000,0,0,0,0,0,0,0,0
71,-2,7,0,3.082,410,0,7.182,1,0,0,0,0,410,495,495
71,-6,4,1,0.861,0,0,0.000,0,0,0,0,0,0,0,0
71,-4,4,3,0.561,0,0,0.000,0,0,0,0,0,0,0,0
71,1,1,3,2.301,0,0,0.000,0,0,0,0,0,0,0,0
71,3,-4,0,0.761,0,0,0.000,0,0,0,0,0,0,0,0
71,-4,-1,3,2.481,0,0,0.000,0,0,0,0,0,0,0,0
71,-1,4,3,0.942,0,0,0.000,0,1,0,1,0,0,8,8
71,1,3,3,1.091,0,0,0.000,0,0,0,0,0,0,11,11
71,2,3,0,1.484,3,0,1.544,1,0,0,0,0,3,127,127
71,-2,-2,3,3.701,0,0,0.000,0,0,0,0,0,0,0,0
71,3,-3,0,0.271,0,0,0.000,0,0,0,0,0,0,0,0
71,-4,7,2,1.491,314,0,4.311,0,2,0,797,314,0,336,336
71,-1,-3,2,1.791,0,0,0.000,0,0,0,0,0,0,0,0
71,-5,7,2,3.212,48,0,2.953,0,1,0,595,48,0,294,294
71,-1,6,1,3.162,160,0,3.472,0,1,0,447,160,0,425,425
71,-3,5,3,1.171,0,0,0.000,0,1,0,4,0,0,5,5
71,-7,8,0,1.671,883,0,9.671,1,0,0,0,0,883,552,552
71,-3,6,3,1.131,4,0,3.282,0,1,0,14,4,0,133,133
71,-5,6,3,1.252,0,0,0.000,0,1,0,108,0,0,109,109
71,-4,2,3,0.101,0,0,0.000,0,0,0,0,0,0,0,0
71,-3,1,3,0.271,0,0,0.000,0,0,0,0,0,0,0,0
71,-6,5,0,0.931,0,0,0.000,0,1,0,4,0,0,29,29
71,1,-1,3,0.941,0,0,0.000,0,0,0,0,0,0,0,0
71,-4,1,3,0.191,0,0,0.000,0,0,0,0,0,0,0,0
71,-5,2,2,0.171,0,0,0.000,0,0,0,0,0,0,0,0
71,-2,-3,0,0.171,0,0,0.000,0,0,0,0,0,0,0,0
71,1,-5,0,0.831,0,0,0.000,0,0,0,0,0,0,0,0
71,-7,7,0,2.511,223,0,4.701,1,0,0,0,0,223,415,415
71,2,1,2,0.351,0,0,0.000,0,0,0,0,0,0,0,0
72,1,-4,2,0.511,0,0,0.000,0,0,0,0,0,0,0,0
72,-3,0,3,0.211,0,0,0.000,0,0,0,0,0,0,0,0
72,-2,2,3,0.441,0,0,0.000,0,0,0,0,0,0,0,0
72,-1,-1,3,0.121,0,0,0.000,0,0,0,0,0,0,0,0
72,0,1,3,0.112,0,0,0.000,0,0,0,0,0,0,0,0
72,-5,3,2,0.451,0,0,0.000,0,0,0,0,0,0,0,0
72,-1,1,3,0.201,0,0,0.000,0,0,0,0,0,0,0,0
72,-2,-1,3,7.861,0,0,0.000,0,0,0,0,0,0,0,0
72,0,4,3,2.631,0,0,0.000,0,1,0,25,0,0,1,1
72,3,-6,0,2.381,0,0,0.000,0,0,0,0,0,0,0,0
72,-2,4,3,0.903,0,0,0.000,0,0,0,0,0,0,0,0
72,-2,0,3,0.651,0,0,0.000,0,0,0,0,0,0,0,0
72,0,2,3,0.581,0,0,0.000,0,0,0,0,0,0,0,0
72,-4,3,3,0.721,0,0,0.000,0,0,0,0,0,0,0,0
72,-5,9,0,1.151,1409,0,9.271,1,0,0,0,0,1409,301,301
72,-7,6,1,1.862,36,0,3.211,0,1,0,204,36,0,208,208
72,-3,2,3,0.761,0,0,0.000,0,0,0,0,0,0,0,0
72,2,-1,2,0.891,0,0,0.000,0,0,0,0,0,0,0,0
72,0,-4,1,0.251,0,0,0.000,0,0,0,0,0,0,0,0
72,-2,5,3,1.221,0,0,0.000,0,0,0,0,0,0,43,43
72,-4,6,3,2.391,0,0,0.000,0,3,0,668,0,0,47,47
72,-1,5,2,1.881,1,0,1.882,0,1,0,207,1,0,29,29
72,0,-3,2,0.731,0,0,0.000,0,0,0,0,0,0,0,0
72,-6,8,0,1.793,620,0,7.743,1,0,0,0,0,620,513,513
72,-1,-2,3,30.000,0,0,0.000,0,0,0,0,0,0,0,0
72,-2,3,3,0.181,0,0,0.000,0,0,0,0,0,0,0,0
72,-4,5,3,1.531,0,0,0.000,0,0,0,0,0,0,0,0
72,1,-3,3,0.411,0,0,0.000,0,0,0,0,0,0,0,0
72,0,-2,3,0.231,0,0,0.000,0,0,0,0,0,0,0,0
72,0,3,3,0.574,0,0,0.000,0,0,0,0,0,0,0,0
72,-6,6,2,1.962,2,0,2.801,0,1,0,36,2,0,48,48
72,-2,6,2,2.842,22,0,3.301,0,1,0,416,22,0,234,234
72,-3,3,3,0.411,0,0,0.000,0,0,0,0,0,0,0,0
72,2,-2,2,0.271,0,0,0.000,0,0,0,0,0,0,0,0
72,-4,-2,2,1.621,0,0,0.000,0,0,0,0,0,0,0,0
72,2,2,1,0.773,0,0,0.000,0,1,0,4,0,0,3,3
72,-5,1,0,0.194,0,0,0.000,0,0,0,0,0,0,0,0
72,2,-3,2,0.381,0,0,0.000,0,0,0,0,0,0,0,0
72,-4,0,2,0.221,0,0,0.000,0,0,0,0,0,0,0,0
72,-3,4,3,0.601,0,0,0.000,0,0,0,0,0,0,0,0
72,-4,8,1,3.811,610,0,6.092,0,1,0,43,610,0,380,380
72,1,2,2,1.013,0,0,0.000,0,0,0,0,0,0,0,0
72,-6,2,0,3.071,0,0,0.000,0,0,0,0,0,0,0,0
72,-5,-2,0,0.791,0,0,0.000,0,0,0,0,0,0,0,0
72,3,1,1,1.041,0,0,0.000,0,0,0,0,0,0,1,1
72,-6,7,2,2.001,94,0,2.461,0,1,0,770,94,0,224,224
72,2,-4,2,0.241,0,0,0.000,0,0,0,0,0,0,0,0
72,-1,3,3,0.471,0,0,0.000,0,0,0,0,0,0,0,0
72,-1,2,3,0.151,0,0,0.000,0,0,0,0,0,0,0,0
72,-5,8,1,1.321,643,0,5.491,0,1,0,796,643,0,609,609
72,1,4,2,1.522,25,0,2.062,0,2,0,735,25,0,165,165
72,1,0,3,0.161,0,0,0.000,0,0,0,0,0,0,0,0
72,-2,1,3,2.311,0,0,0.000,0,0,0,0,0,0,0,0
72,-5,0,1,0.531,0,0,0.000,0,0,0,0,0,0,0,0
72,2,0,3,1.541,0,0,0.000,0,0,0,0,0,0,0,0
72,2,4,1,1.532,251,0,4.222,0,1,0,713,251,0,436,436
72,-6,3,0,0.861,0,0,0.000,0,0,0,0,0,0,0,0
72,3,0,0,0.751,0,0,0.000,0,0,0,0,0,0,1,1
72,-5,4,2,0.681,0,0,0.000,0,0,0,0,0,0,0,0
72,1,-2,3,1.831,0,0,0.000,0,0,0,0,0,0,0,0
72,-4,-3,0,3.791,0,0,0.000,0,0,0,0,0,0,0,0
72,3,-5,0,1.151,0,0,0.000,0,0,0,0,0,0,0,0
72,0,6,0,1.602,573,0,6.012,1,0,0,0,0,573,363,363
72,2,5,0,1.672,930,0,8.912,1,0,0,0,0,930,373,373
72,-3,7,0,2.182,201,0,6.142,1,0,0,0,0,201,360,360
72,-5,5,3,0.792,0,0,0.000,0,0,0,0,0,0,7,7
72,2,-5,1,0.631,0,0,0.000,0,0,0,0,0,0,0,0
72,4,-3,0,0.431,0,0,0.000,0,0,0,0,0,0,0,0
72,-3,-3,0,0.122,0,0,0.000,0,0,0,0,0,0,0,0
72,-3,-1,3,0.161,0,0,0.000,0,0,0,0,0,0,0,0
72,0,5,3,0.793,49,49,-1.000,0,0,0,0,0,0,103,103
72,0,0,3,0.771,0,0,0.000,0,0,0,0,0,0,0,0
72,3,-1,0,0.281,0,0,0.000,0,0,0,0,0,0,0,0
72,-1,-4,0,0.301,0,0,0.000,0,0,0,0,0,0,0,0
72,3,-2,1,0.411,0,0,0.000,0,0,0,0,0,0,0,0
72,1,5,0,3.582,497,0,8.732,1,0,0,0,0,497,408,408
72,-3,-2,2,0.561,0,0,0.000,0,0,0,0,0,0,0,0
72,-1,0,3,0.381,0,0,0.000,0,0,0,0,0,0,0,0
72,-5,-1,1,1.321,0,0,0.000,0,0,0,0,0,0,0,0
72,0,-1,3,1.171,0,0,0.000,0,0,0,0,0,0,0,0
72,-2,7,0,3.001,431,0,7.271,1,0,0,0,0,431,495,495
72,-6,4,1,1.211,0,0,0.000,0,0,0,0,0,0,2,2
72,-4,4,3,0.371,0,0,0.000,0,0,0,0,0,0,0,0
72,1,1,3,0.351,0,0,0.000,0,0,0,0,0,0,0,0
72,3,-4,0,4.111,0,0,0.000,0,0,0,0,0,0,0,0
72,-4,-1,3,0.591,0,0,0.000,0,0,0,0,0,0,0,0
72,-1,4,3,1.073,0,0,0.000,0,1,0,1,0,0,12,12
72,1,3,3,0.771,0,0,0.000,0,0,0,0,0,0,17,17
72,2,3,0,1.701,4,0,1.771,1,0,0,0,0,4,119,119
72,-2,-2,3,1.231,0,0,0.000,0,0,0,0,0,0,0,0
72,3,-3,0,30.000,0,0,0.000,0,0,0,0,0,0,0,0
72,-4,7,2,1.731,310,0,4.431,0,2,0,799,310,0,306,306
72,-1,-3,2,0.591,0,0,0.000,0,0,0,0,0,0,0,0
72,-5,7,2,3.213,48,0,2.353,0,1,0,580,48,0,279,279
72,-1,6,1,2.362,207,0,3.862,0,1,0,430,207,0,413,413
72,-3,5,3,0.541,0,0,0.000,0,1,0,5,0,0,7,7
72,-7,8,0,1.391,852,0,9.221,1,0,0,0,0,852,628,628
72,-3,6,3,1.891,5,0,3.211,0,1,0,22,5,0,126,126
72,-5,6,3,2.512,0,0,0.000,0,1,0,94,0,0,127,127
72,-4,2,3,0.211,0,0,0.000,0,0,0,0,0,0,0,0
72,-3,1,3,0.751,0,0,0.000,0,0,0,0,0,0,0,0
72,-6,5,0,0.962,0,0,0.000,0,1,0,2,0,0,27,27
72,1,-1,3,0.371,0,0,0.000,0,0,0,0,0,0,0,0
72,-4,1,3,0.191,0,0,0.000,0,0,0,0,0,0,0,0
72,-5,2,2,0.231,0,0,0.000,0,0,0,0,0,0,0,0
72,-2,-3,0,0.721,0,0,0.000,0,0,0,0,0,0,0,0
72,1,-5,0,0.111,0,0,0.000,0,0,0,0,0,0,0,0
72,-7,7,0,2.691,213,0,4.811,1,0,0,0,0,213,408,408
72,2,1,2,0.711,0,0,0.000,0,0,0,0,0,0,0,0
73,1,-4,2,1.071,0,0,0.000,0,0,0,0,0,0,0,0
73,-3,0,3,1.451,0,0,0.000,0,0,0,0,0,0,0,0
73,-2,2,3,0.221,0,0,0.000,0,0,0,0,0,0,0,0
73,-1,-1,3,0.121,0,0,0.000,0,0,0,0,0,0,0,0
73,0,1,3,0.112,0,0,0.000,0,0,0,0,0,0,0,0
73,-5,3,2,0.681,0,0,0.000,0,0,0,0,0,0,0,0
73,-1,1,3,1.431,0,0,0.000,0,0,0,0,0,0,0,0
73,-2,-1,3,0.181,0,0,0.000,0,0,0,0,0,0,0,0
73,0,4,3,1.911,0,0,0.000,0,2,0,66,0,0,2,2
73,3,-6,0,0.251,0,0,0.000,0,0,0,0,0,0,0,0
73,-2,4,3,0.673,0,0,0.000,0,0,0,0,0,0,0,0
73,-2,0,3,1.311,0,0,0.000,0,0,0,0,0,0,0,0
73,0,2,3,0.981,0,0,0.000,0,0,0,0,0,0,0,0
73,-4,3,3,2.621,0,0,0.000,0,0,0,0,0,0,0,0
73,-5,9,0,1.301,1411,0,9.531,1,0,0,0,0,1411,299,299
73,-7,6,1,1.753,23,0,3.622,1,1,0,228,0,23,196,196
73,-3,2,3,0.331,0,0,0.000,0,0,0,0,0,0,0,0
73,2,-1,2,0.591,0,0,0.000,0,0,0,0,0,0,0,0
73,0,-4,1,0.801,0,0,0.000,0,0,0,0,0,0,0,0
73,-2,5,3,2.501,0,0,0.000,0,0,0,0,0,0,45,45
73,-4,6,3,2.871,0,0,0.000,0,3,0,623,0,0,63,63
73,-1,5,2,1.251,1,0,2.982,0,1,0,200,1,0,42,42
73,0,-3,2,0.161,0,0,0.000,0,0,0,0,0,0,0,0
73,-6,8,0,1.793,624,0,7.793,1,0,0,0,0,624,493,493
73,-1,-2,3,1.131,0,0,0.000,0,0,0,0,0,0,0,0
73,-2,3,3,0.751,0,0,0.000,0,0,0,0,0,0,0,0
73,-4,5,3,0.651,0,0,0.000,0,0,0,0,0,0,0,0
73,1,-3,3,0.411,0,0,0.000,0,0,0,0,0,0,0,0
73,0,-2,3,0.141,0,0,0.000,0,0,0,0,0,0,0,0
73,0,3,3,0.702,0,0,0.000,0,0,0,0,0,0,0,0
73,-6,6,2,1.282,6,0,3.432,0,1,1,22,1,5,35,35
73,-2,6,2,2.842,15,0,3.451,0,1,0,421,15,0,264,264
73,-3,3,3,0.411,0,0,0.000,0,0,0,0,0,0,0,0
73,2,-2,2,0.191,0,0,0.000,0,0,0,0,0,0,0,0
73,-4,-2,2,0.421,0,0,0.000,0,0,0,0,0,0,0,0
73,2,2,1,0.633,0,0,0.000,0,1,0,1,0,0,2,2
73,-5,1,0,0.561,0,0,0.000,0,0,0,0,0,0,0,0
73,2,-3,2,0.131,0,0,0.000,0,0,0,0,0,0,0,0
73,-4,0,2,0.371,0,0,0.000,0,0,0,0,0,0,0,0
73,-3,4,3,0.531,0,0,0.000,0,0,0,0,0,0,0,0
73,-4,8,1,3.574,627,0,6.332,0,1,0,45,627,0,384,384
73,1,2,2,0.513,0,0,0.000,0,0,0,0,0,0,0,0
73,-6,2,0,1.091,0,0,0.000,0,0,0,0,0,0,0,0
73,-5,-2,0,1.431,0,0,0.000,0,0,0,0,0,0,0,0
73,3,1,1,6.471,0,0,0.000,0,0,0,0,0,0,3,3
73,-6,7,2,1.783,112,0,3.933,0,1,0,810,112,0,248,248
73,2,-4,2,0.321,0,0,0.000,0,0,0,0,0,0,0,0
73,-1,3,3,0.671,0,0,0.000,0,0,0,0,0,0,0,0
73,-1,2,3,0.151,0,0,0.000,0,0,0,0,0,0,0,0
73,-5,8,1,2.551,636,0,5.561,0,1,0,807,636,0,588,588
73,1,4,2,1.353,33,0,2.632,0,2,0,702,33,0,141,141
73,1,0,3,0.291,0,0,0.000,0,0,0,0,0,0,0,0
73,-2,1,3,2.411,0,0,0.000,0,0,0,0,0,0,0,0
73,-5,0,1,0.801,0,0,0.000,0,0,0,0,0,0,0,0
73,2,0,3,0.921,0,0,0.000,0,0,0,0,0,0,0,0
73,2,4,1,1.464,239,0,4.782,0,1,0,705,239,0,430,430
73,-6,3,0,1.291,0,0,0.000,0,0,0,0,0,0,0,0
73,3,0,0,0.941,0,0,0.000,0,0,0,0,0,0,1,1
73,-5,4,2,0.681,0,0,0.000,0,0,0,0,0,0,0,0
73,1,-2,3,1.141,0,0,0.000,0,0,0,0,0,0,0,0
73,-4,-3,0,1.191,0,0,0.000,0,0,0,0,0,0,0,0
73,3,-5,0,0.341,0,0,0.000,0,0,0,0,0,0,0,0
73,0,6,0,2.712,580,0,7.252,1,0,0,0,0,580,370,370
73,2,5,0,2.302,903,0,9.462,1,0,0,0,0,903,385,385
73,-3,7,0,2.182,194,0,6.382,1,0,0,0,0,194,368,368
73,-5,5,3,0.971,0,0,0.000,0,0,0,0,0,0,8,8
73,2,-5,1,1.311,0,0,0.000,0,0,0,0,0,0,0,0
73,4,-3,0,0.431,0,0,0.000,0,0,0,0,0,0,0,0
73,-3,-3,0,0.112,0,0,0.000,0,0,0,0,0,0,0,0
73,-3,-1,3,0.161,0,0,0.000,0,0,0,0,0,0,0,0
73,0,5,3,1.113,48,48,-1.000,0,0,0,0,0,0,95,95
73,0,0,3,1.161,0,0,0.000,0,0,0,0,0,0,0,0
73,3,-1,0,0.281,0,0,0.000,0,0,0,0,0,0,0,0
73,-1,-4,0,0.641,0,0,0.000,0,0,0,0,0,0,0,0
73,3,-2,1,0.411,0,0,0.000,0,0,0,0,0,0,0,0
73,1,5,0,2.192,491,0,7.082,1,0,0,0,0,491,432,432
73,-3,-2,2,0.561,0,0,0.000,0,0,0,0,0,0,0,0
73,-1,0,3,1.041,0,0,0.000,0,0,0,0,0,0,0,0
73,-5,-1,1,2.021,0,0,0.000,0,0,0,0,0,0,0,0
73,0,-1,3,0.331,0,0,0.000,0,0,0,0,0,0,0,0
73,-2,7,0,3.211,429,0,7.531,1,0,0,0,0,429,477,477
73,-6,4,1,1.501,0,0,0.000,0,0,0,0,0,0,1,1
73,-4,4,3,0.371,0,0,0.000,0,0,0,0,0,0,0,0
73,1,1,3,0.191,0,0,0.000,0,0,0,0,0,0,0,0
73,3,-4,0,0.471,0,0,0.000,0,0,0,0,0,0,0,0
73,-4,-1,3,1.591,0,0,0.000,0,0,0,0,0,0,0,0
73,-1,4,3,1.041,0,0,0.000,0,1,0,1,0,0,4,4
73,1,3,3,1.091,0,0,0.000,0,0,0,0,0,0,17,17
73,2,3,0,1.921,1,0,1.941,1,0,0,0,0,1,112,112
73,-2,-2,3,0.371,0,0,0.000,0,0,0,0,0,0,0,0
73,3,-3,0,0.341,0,0,0.000,0,0,0,0,0,0,0,0
73,-4,7,2,1.262,287,0,4.351,0,2,0,815,287,0,323,323
73,-1,-3,2,0.391,0,0,0.000,0,0,0,0,0,0,0,0
73,-5,7,2,3.482,49,0,2.363,0,1,0,585,49,0,320,320
73,-1,6,1,2.362,201,0,4.902,0,1,0,443,201,0,397,397
73,-3,5,3,0.541,0,0,0.000,0,1,0,3,0,0,6,6
73,-7,8,0,2.683,912,0,10.913,1,0,0,0,0,912,584,584
73,-3,6,3,1.701,3,0,3.411,0,1,0,15,3,0,150,150
73,-5,6,3,1.252,0,0,0.000,0,1,0,112,0,0,123,123
73,-4,2,3,0.101,0,0,0.000,0,0,0,0,0,0,0,0
73,-3,1,3,0.181,0,0,0.000,0,0,0,0,0,0,0,0
73,-6,5,0,0.552,0,0,0.000,0,1,0,6,0,0,30,30
73,1,-1,3,0.371,0,0,0.000,0,0,0,0,0,0,0,0
73,-4,1,3,0.191,0,0,0.000,0,0,0,0,0,0,0,0
73,-5,2,2,0.891,0,0,0.000,0,0,0,0,0,0,0,0
73,-2,-3,0,0.171,0,0,0.000,0,0,0,0,0,0,0,0
73,1,-5,0,0.111,0,0,0.000,0,0,0,0,0,0,0,0
73,-7,7,0,3.771,223,0,6.081,1,0,0,0,0,223,403,403
73,2,1,2,0.531,0,0,0.000,0,0,0,0,0,0,0,0
74,1,-4,2,0.251,0,0,0.000,0,0,0,0,0,0,0,0
74,-3,0,3,0.571,0,0,0.000,0,0,0,0,0,0,0,0
74,-2,2,3,2.221,0,0,0.000,0,0,0,0,0,0,0,0
74,-1,-1,3,0.221,0,0,0.000,0,0,0,0,0,0,0,0
74,0,1,3,0.271,0,0,0.000,0,0,0,0,0,0,0,0
74,-5,3,2,0.451,0,0,0.000,0,0,0,0,0,0,0,0
74,-1,1,3,1.011,0,0,0.000,0,0,0,0,0,0,0,0
74,-2,-1,3,1.021,0,0,0.000,0,0,0,0,0,0,0,0
74,0,4,3,1.911,0,0,0.000,0,1,0,28,0,0,3,3
74,3,-6,0,0.461,0,0,0.000,0,0,0,0,0,0,0,0
74,-2,4,3,1.592,0,0,0.000,0,0,0,0,0,0,0,0
74,-2,0,3,0.211,0,0,0.000,0,0,0,0,0,0,0,0
74,0,2,3,0.381,0,0,0.000,0,0,0,0,0,0,0,0
74,-4,3,3,0.531,0,0,0.000,0,0,0,0,0,0,0,0
74,-5,9,0,1.151,1392,0,9.431,1,0,0,0,0,1392,323,323
74,-7,6,1,1.753,27,0,3.461,0,1,0,205,27,0,229,229
74,-3,2,3,0.251,0,0,0.000,0,0,0,0,0,0,0,0
74,2,-1,2,0.591,0,0,0.000,0,0,0,0,0,0,0,0
74,0,-4,1,1.041,0,0,0.000,0,0,0,0,0,0,0,0
74,-2,5,3,1.701,0,0,0.000,0,0,0,0,0,0,39,39
74,-4,6,3,1.911,0,0,0.000,0,4,0,993,0,0,67,67
74,-1,5,2,30.000,1,0,1.652,0,1,0,180,1,0,41,41
74,0,-3,2,0.781,0,0,0.000,0,0,0,0,0,0,0,0
74,-6,8,0,2.593,609,0,8.323,1,0,0,0,0,609,512,512
74,-1,-2,3,0.221,0,0,0.000,0,0,0,0,0,0,0,0
74,-2,3,3,1.511,0,0,0.000,0,0,0,0,0,0,0,0
74,-4,5,3,0.651,0,0,0.000,0,0,0,0,0,0,0,0
74,1,-3,3,0.621,0,0,0.000,0,0,0,0,0,0,0,0
74,0,-2,3,0.721,0,0,0.000,0,0,0,0,0,0,0,0
74,0,3,3,1.251,0,0,0.000,0,0,0,0,0,0,0,0
74,-6,6,2,1.452,2,0,3.161,0,1,0,27,2,0,42,42
74,-2,6,2,4.141,16,0,3.372,0,1,0,417,16,0,257,257
74,-3,3,3,0.201,0,0,0.000,0,0,0,0,0,0,0,0
74,2,-2,2,0.821,0,0,0.000,0,0,0,0,0,0,0,0
74,-4,-2,2,0.421,0,0,0.000,0,0,0,0,0,0,0,0
74,2,2,1,0.634,0,0,0.000,0,1,0,4,0,0,0,0
74,-5,1,0,0.361,0,0,0.000,0,0,0,0,0,0,0,0
74,2,-3,2,0.381,0,0,0.000,0,0,0,0,0,0,0,0
74,-4,0,2,0.601,0,0,0.000,0,0,0,0,0,0,0,0
74,-3,4,3,0.421,0,0,0.000,0,0,0,0,0,0,0,0
74,-4,8,1,3.811,639,0,7.151,1,1,0,153,0,639,363,363
74,1,2,2,0.731,0,0,0.000,0,0,0,0,0,0,0,0
74,-6,2,0,0.871,0,0,0.000,0,0,0,0,0,0,0,0
74,-5,-2,0,2.231,0,0,0.000,0,0,0,0,0,0,0,0
74,3,1,1,30.000,0,0,0.000,0,0,0,0,0,0,1,1
74,-6,7,2,1.321,92,0,3.314,0,1,0,787,92,0,250,250
74,2,-4,2,0.211,0,0,0.000,0,0,0,0,0,0,0,0
74,-1,3,3,0.691,0,0,0.000,0,0,0,0,0,0,0,0
74,-1,2,3,0.311,0,0,0.000,0,0,0,0,0,0,0,0
74,-5,8,1,1.421,620,0,5.251,0,1,0,812,620,0,568,568
74,1,4,2,1.863,28,0,2.632,0,2,0,735,28,0,142,142
74,1,0,3,0.161,0,0,0.000,0,0,0,0,0,0,0,0
74,-2,1,3,0.611,0,0,0.000,0,0,0,0,0,0,0,0
74,-5,0,1,0.531,0,0,0.000,0,0,0,0,0,0,0,0
74,2,0,3,1.541,0,0,0.000,0,0,0,0,0,0,0,0
74,2,4,1,1.463,246,0,6.163,0,1,1,661,209,37,414,414
74,-6,3,0,0.651,0,0,0.000,0,0,0,0,0,0,0,0
74,3,0,0,0.941,0,0,0.000,0,0,0,0,0,0,1,1
74,-5,4,2,1.141,0,0,0.000,0,0,0,0,0,0,0,0
74,1,-2,3,0.451,0,0,0.000,0,0,0,0,0,0,0,0
74,-4,-3,0,0.722,0,0,0.000,0,0,0,0,0,0,0,0
74,3,-5,0,0.721,0,0,0.000,0,0,0,0,0,0,0,0
74,0,6,0,1.372,579,0,5.972,1,0,0,0,0,579,347,347
74,2,5,0,4.331,870,0,10.253,1,0,0,37,0,870,419,419
74,-3,7,0,3.282,234,0,7.662,1,0,0,0,0,234,312,312
74,-5,5,3,2.771,0,0,0.000,0,0,0,0,0,0,7,7
74,2,-5,1,0.161,0,0,0.000,0,0,0,0,0,0,0,0
74,4,-3,0,0.443,0,0,0.000,0,0,0,0,0,0,0,0
74,-3,-3,0,0.112,0,0,0.000,0,0,0,0,0,0,0,0
74,-3,-1,3,0.231,0,0,0.000,0,0,0,0,0,0,0,0
74,0,5,3,2.712,36,36,-1.000,0,0,0,0,0,0,115,115
74,0,0,3,1.681,0,0,0.000,0,0,0,0,0,0,0,0
74,3,-1,0,0.581,0,0,0.000,0,0,0,0,0,0,0,0
74,-1,-4,0,1.041,0,0,0.000,0,0,0,0,0,0,0,0
74,3,-2,1,0.201,0,0,0.000,0,0,0,0,0,0,0,0
74,1,5,0,2.242,508,0,7.312,1,0,0,0,0,508,369,369
74,-3,-2,2,0.181,0,0,0.000,0,0,0,0,0,0,0,0
74,-1,0,3,0.211,0,0,0.000,0,0,0,0,0,0,0,0
74,-5,-1,1,2.261,0,0,0.000,0,0,0,0,0,0,0,0
74,0,-1,3,0.721,0,0,0.000,0,0,0,0,0,0,0,0
74,-2,7,0,3.132,427,0,7.412,1,0,0,0,0,427,488,488
74,-6,4,1,1.091,0,0,0.000,0,0,0,0,0,0,1,1
74,-4,4,3,1.131,0,0,0.000,0,0,0,0,0,0,0,0
74,1,1,3,0.351,0,0,0.000,0,0,0,0,0,0,0,0
74,3,-4,0,0.731,0,0,0.000,0,0,0,0,0,0,0,0
74,-4,-1,3,0.981,0,0,0.000,0,0,0,0,0,0,0,0
74,-1,4,3,0.851,0,0,0.000,0,1,0,1,0,0,4,4
74,1,3,3,1.411,0,0,0.000,0,0,0,0,0,0,12,12
74,2,3,0,1.701,4,0,1.771,1,0,0,0,0,4,124,124
74,-2,-2,3,0.181,0,0,0.000,0,0,0,0,0,0,0,0
74,3,-3,0,0.371,0,0,0.000,0,0,0,0,0,0,0,0
74,-4,7,2,0.771,310,0,4.431,0,3,1,1245,214,96,316,316
74,-1,-3,2,0.391,0,0,0.000,0,0,0,0,0,0,0,0
74,-5,7,2,4.293,63,0,3.323,0,1,0,558,63,0,267,267
74,-1,6,1,5.162,180,0,3.362,0,1,0,449,180,0,390,390
74,-3,5,3,0.681,0,0,0.000,0,1,0,7,0,0,9,9
74,-7,8,0,2.264,867,0,10.264,1,0,0,0,0,867,614,614
74,-3,6,3,1.321,7,0,3.362,0,1,0,16,7,0,124,124
74,-5,6,3,1.462,0,0,0.000,0,1,0,92,0,0,117,117
74,-4,2,3,0.211,0,0,0.000,0,0,0,0,0,0,0,0
74,-3,1,3,1.091,0,0,0.000,0,0,0,0,0,0,0,0
74,-6,5,0,0.541,0,0,0.000,0,1,0,2,0,0,28,28
74,1,-1,3,2.461,0,0,0.000,0,0,0,0,0,0,0,0
74,-4,1,3,0.191,0,0,0.000,0,0,0,0,0,0,0,0
74,-5,2,2,2.871,0,0,0.000,0,0,0,0,0,0,0,0
74,-2,-3,0,0.171,0,0,0.000,0,0,0,0,0,0,0,0
74,1,-5,0,0.111,0,0,0.000,0,0,0,0,0,0,0,0
74,-7,7,0,3.051,218,0,5.181,1,0,0,0,0,218,408,408
74,2,1,2,1.071,0,0,0.000,0,0,0,0,0,0,0,0
75,1,-4,2,0.771,0,0,0.000,0,0,0,0,0,0,0,0
75,-3,0,3,2.111,0,0,0.000,0,0,0,0,0,0,0,0
75,-2,2,3,0.311,0,0,0.000,0,0,0,0,0,0,0,0
75,-1,-1,3,0.221,0,0,0.000,0,0,0,0,0,0,0,0
75,0,1,3,0.112,0,0,0.000,0,0,0,0,0,0,0,0
75,-5,3,2,0.911,0,0,0.000,0,0,0,0,0,0,0,0
75,-1,1,3,0.381,0,0,0.000,0,0,0,0,0,0,0,0
75,-2,-1,3,0.451,0,0,0.000,0,0,0,0,0,0,0,0
75,0,4,3,1.911,0,0,0.000,0,1,0,27,0,0,2,2
75,3,-6,0,0.941,0,0,0.000,0,0,0,0,0,0,0,0
75,-2,4,3,0.651,0,0,0.000,0,0,0,0,0,0,0,0
75,-2,0,3,0.431,0,0,0.000,0,0,0,0,0,0,0,0
75,0,2,3,0.381,0,0,0.000,0,0,0,0,0,0,0,0
75,-4,3,3,0.182,0,0,0.000,0,0,0,0,0,0,0,0
75,-5,9,0,1.001,1413,0,9.151,1,0,0,0,0,1413,302,302
75,-7,6,1,1.382,28,0,3.682,1,1,1,219,0,28,192,192
75,-3,2,3,1.691,0,0,0.000,0,0,0,0,0,0,0,0
75,2,-1,2,0.891,0,0,0.000,0,0,0,0,0,0,0,0
75,0,-4,1,0.451,0,0,0.000,0,0,0,0,0,0,0,0
75,-2,5,3,1.061,0,0,0.000,0,0,0,0,0,0,40,40
75,-4,6,3,3.691,0,0,0.000,0,4,0,927,0,0,60,60
75,-1,5,2,30.000,0,0,0.000,0,1,0,180,0,0,52,52
75,0,-3,2,0.161,0,0,0.000,0,0,0,0,0,0,0,0
75,-6,8,0,1.993,633,0,8.133,1,0,0,0,0,633,488,488
75,-1,-2,3,0.441,0,0,0.000,0,0,0,0,0,0,0,0
75,-2,3,3,0.371,0,0,0.000,0,0,0,0,0,0,0,0
75,-4,5,3,1.572,0,0,0.000,0,0,0,0,0,0,0,0
75,1,-3,3,0.621,0,0,0.000,0,0,0,0,0,0,0,0
75,0,-2,3,0.531,0,0,0.000,0,0,0,0,0,0,0,0
75,0,3,3,2.781,0,0,0.000,0,0,0,0,0,0,0,0
75,-6,6,2,1.282,4,0,3.372,0,2,1,56,0,4,40,40
75,-2,6,2,2.323,18,0,2.312,0,1,0,414,18,0,248,248
75,-3,3,3,1.311,0,0,0.000,0,0,0,0,0,0,0,0
75,2,-2,2,1.621,0,0,0.000,0,0,0,0,0,0,0,0
75,-4,-2,2,0.271,0,0,0.000,0,0,0,0,0,0,0,0
75,2,2,1,0.794,0,0,0.000,0,1,0,7,0,0,1,1
75,-5,1,0,1.561,0,0,0.000,0,0,0,0,0,0,0,0
75,2,-3,2,0.131,0,0,0.000,0,0,0,0,0,0,0,0
75,-4,0,2,0.451,0,0,0.000,0,0,0,0,0,0,0,0
75,-3,4,3,0.531,0,0,0.000,0,0,0,0,0,0,0,0
75,-4,8,1,4.294,629,0,7.041,1,1,0,137,0,629,372,372
75,1,2,2,0.991,0,0,0.000,0,0,0,0,0,0,0,0
75,-6,2,0,0.871,0,0,0.000,0,0,0,0,0,0,0,0
75,-5,-2,0,0.802,0,0,0.000,0,0,0,0,0,0,0,0
75,3,1,1,1.462,0,0,0.000,0,0,0,0,0,0,0,0
75,-6,7,2,1.973,100,0,3.071,0,1,0,771,100,0,224,224
75,2,-4,2,0.461,0,0,0.000,0,0,0,0,0,0,0,0
75,-1,3,3,0.671,0,0,0.000,0,0,0,0,0,0,0,0
75,-1,2,3,0.311,0,0,0.000,0,0,0,0,0,0,0,0
75,-5,8,1,1.321,652,0,5.551,0,1,0,799,652,0,593,593
75,1,4,2,3.562,27,0,1.882,0,2,0,715,27,0,142,142
75,1,0,3,0.161,0,0,0.000,0,0,0,0,0,0,0,0
75,-2,1,3,0.611,0,0,0.000,0,0,0,0,0,0,0,0
75,-5,0,1,0.551,0,0,0.000,0,0,0,0,0,0,0,0
75,2,0,3,2.161,0,0,0.000,0,0,0,0,0,0,0,0
75,2,4,1,1.634,254,0,4.062,0,1,0,669,254,0,418,418
75,-6,3,0,1.191,0,0,0.000,0,0,0,0,0,0,0,0
75,3,0,0,1.531,0,0,0.000,0,0,0,0,0,0,1,1
75,-5,4,2,0.741,0,0,0.000,0,0,0,0,0,0,0,0
75,1,-2,3,0.451,0,0,0.000,0,0,0,0,0,0,0,0
75,-4,-3,0,0.711,0,0,0.000,0,0,0,0,0,0,0,0
75,3,-5,0,0.531,0,0,0.000,0,0,0,0,0,0,0,0
75,0,6,0,1.602,560,0,6.052,1,0,0,0,0,560,372,372
75,2,5,0,1.462,888,0,8.262,1,0,0,0,0,888,403,403
75,-3,7,0,2.842,214,0,7.112,1,0,0,0,0,214,332,332
75,-5,5,3,3.171,0,0,0.000,0,0,0,0,0,0,8,8
75,2,-5,1,3.181,0,0,0.000,0,0,0,0,0,0,0,0
75,4,-3,0,2.181,0,0,0.000,0,0,0,0,0,0,0,0
75,-3,-3,0,0.211,0,0,0.000,0,0,0,0,0,0,0,0
75,-3,-1,3,0.351,0,0,0.000,0,0,0,0,0,0,0,0
75,0,5,3,0.952,34,34,-1.000,0,0,0,0,0,0,118,118
75,0,0,3,1.161,0,0,0.000,0,0,0,0,0,0,0,0
75,3,-1,0,0.281,0,0,0.000,0,0,0,0,0,0,0,0
75,-1,-4,0,14.961,0,0,0.000,0,0,0,0,0,0,0,0
75,3,-2,1,0.621,0,0,0.000,0,0,0,0,0,0,0,0
75,1,5,0,1.962,473,0,6.872,1,0,0,0,0,473,464,464
75,-3,-2,2,1.171,0,0,0.000,0,0,0,0,0,0,0,0
75,-1,0,3,0.211,0,0,0.000,0,0,0,0,0,0,0,0
75,-5,-1,1,1.041,0,0,0.000,0,0,0,0,0,0,0,0
75,0,-1,3,0.211,0,0,0.000,0,0,0,0,0,0,0,0
75,-2,7,0,2.032,424,0,6.282,1,0,0,0,0,424,499,499
75,-6,4,1,2.322,0,0,0.000,0,0,0,0,0,0,3,3
75,-4,4,3,1.511,0,0,0.000,0,0,0,0,0,0,0,0
75,1,1,3,0.491,0,0,0.000,0,0,0,0,0,0,0,0
75,3,-4,0,1.771,0,0,0.000,0,0,0,0,0,0,0,0
75,-4,-1,3,0.591,0,0,0.000,0,0,0,0,0,0,0,0
75,-1,4,3,1.991,0,0,0.000,0,0,0,0,0,0,2,2
75,1,3,3,1.091,0,0,0.000,0,0,0,0,0,0,7,7
75,2,3,0,1.753,7,0,1.853,1,0,0,0,0,7,119,119
75,-2,-2,3,0.181,0,0,0.000,0,0,0,0,0,0,0,0
75,3,-3,0,0.471,0,0,0.000,0,0,0,0,0,0,0,0
75,-4,7,2,0.771,294,0,4.121,0,3,1,1268,215,79,342,342
75,-1,-3,2,0.191,0,0,0.000,0,0,0,0,0,0,0,0
75,-5,7,2,2.943,45,0,2.523,0,1,0,599,45,0,307,307
75,-1,6,1,4.362,180,0,3.592,0,1,0,434,180,0,419,419
75,-3,5,3,1.171,0,0,0.000,0,1,0,2,0,0,6,6
75,-7,8,0,1.951,863,0,9.791,1,0,0,0,0,863,619,619
75,-3,6,3,1.321,2,0,2.202,0,1,0,18,2,0,140,140
75,-5,6,3,2.302,0,0,0.000,0,1,0,100,0,0,140,140
75,-4,2,3,0.101,0,0,0.000,0,0,0,0,0,0,0,0
75,-3,1,3,0.271,0,0,0.000,0,0,0,0,0,0,0,0
75,-6,5,0,0.651,0,0,0.000,0,1,0,4,0,0,33,33
75,1,-1,3,1.131,0,0,0.000,0,0,0,0,0,0,0,0
75,-4,1,3,0.851,0,0,0.000,0,0,0,0,0,0,0,0
75,-5,2,2,0.411,0,0,0.000,0,0,0,0,0,0,0,0
75,-2,-3,0,0.171,0,0,0.000,0,0,0,0,0,0,0,0
75,1,-5,0,0.111,0,0,0.000,0,0,0,0,0,0,0,0
75,-7,7,0,3.591,224,0,5.652,1,0,0,19,0,224,425,425
75,2,1,2,1.251,0,0,0.000,0,0,0,0,0,0,0,0
76,1,-4,2,1.811,0,0,0.000,0,0,0,0,0,0,0,0
76,-3,0,3,0.411,0,0,0.000,0,0,0,0,0,0,0,0
76,-2,2,3,1.761,0,0,0.000,0,0,0,0,0,0,0,0
76,-1,-1,3,0.351,0,0,0.000,0,0,0,0,0,0,0,0
76,0,1,3,0.111,0,0,0.000,0,0,0,0,0,0,0,0
76,-5,3,2,1.601,0,0,0.000,0,0,0,0,0,0,0,0
76,-1,1,3,2.691,0,0,0.000,0,0,0,0,0,0,0,0
76,-2,-1,3,0.261,0,0,0.000,0,0,0,0,0,0,0,0
76,0,4,3,1.911,0,0,0.000,0,1,0,24,0,0,5,5
76,3,-6,0,0.231,0,0,0.000,0,0,0,0,0,0,0,0
76,-2,4,3,1.341,0,0,0.000,0,0,0,0,0,0,0,0
76,-2,0,3,0.431,0,0,0.000,0,0,0,0,0,0,0,0
76,0,2,3,0.581,0,0,0.000,0,0,0,0,0,0,0,0
76,-4,3,3,0.341,0,0,0.000,0,0,0,0,0,0,0,0
76,-5,9,0,2.051,1426,0,10.231,1,0,0,0,0,1426,282,282
76,-7,6,1,1.822,32,0,3.892,1,1,1,226,0,32,231,231
76,-3,2,3,0.161,0,0,0.000,0,0,0,0,0,0,0,0
76,2,-1,2,0.591,0,0,0.000,0,0,0,0,0,0,0,0
76,0,-4,1,0.591,0,0,0.000,0,0,0,0,0,0,0,0
76,-2,5,3,1.701,0,0,0.000,0,0,0,0,0,0,36,36
76,-4,6,3,1.191,0,0,0.000,0,4,0,912,0,0,57,57
76,-1,5,2,1.881,1,0,1.882,0,1,0,210,1,0,47,47
76,0,-3,2,0.281,0,0,0.000,0,0,0,0,0,0,0,0
76,-6,8,0,11.593,619,0,12.013,1,0,0,7,0,619,487,487
76,-1,-2,3,2.971,0,0,0.000,0,0,0,0,0,0,0,0
76,-2,3,3,0.181,0,0,0.000,0,0,0,0,0,0,0,0
76,-4,5,3,0.912,0,0,0.000,0,0,0,0,0,0,0,0
76,1,-3,3,0.831,0,0,0.000,0,0,0,0,0,0,0,0
76,0,-2,3,0.381,0,0,0.000,0,0,0,0,0,0,0,0
76,0,3,3,1.041,0,0,0.000,0,0,0,0,0,0,0,0
76,-6,6,2,1.452,4,0,3.572,0,1,1,31,1,3,44,44
76,-2,6,2,3.103,30,0,2.852,0,1,0,403,30,0,245,245
76,-3,3,3,1.041,0,0,0.000,0,0,0,0,0,0,0,0
76,2,-2,2,0.391,0,0,0.000,0,0,0,0,0,0,0,0
76,-4,-2,2,0.721,0,0,0.000,0,0,0,0,0,0,0,0
76,2,2,1,1.274,0,0,0.000,0,1,0,2,0,0,3,3
76,-5,1,0,0.961,0,0,0.000,0,0,0,0,0,0,0,0
76,2,-3,2,1.521,0,0,0.000,0,0,0,0,0,0,0,0
76,-4,0,2,0.601,0,0,0.000,0,0,0,0,0,0,0,0
76,-3,4,3,1.241,0,0,0.000,0,0,0,0,0,0,0,0
76,-4,8,1,3.811,619,0,7.221,1,1,0,127,0,619,387,387
76,1,2,2,0.763,0,0,0.000,0,0,0,0,0,0,0,0
76,-6,2,0,1.581,0,0,0.000,0,0,0,0,0,0,0,0
76,-5,-2,0,1.431,0,0,0.000,0,0,0,0,0,0,0,0
76,3,1,1,2.751,0,0,0.000,0,0,0,0,0,0,7,7
76,-6,7,2,1.321,91,0,2.431,0,1,0,798,91,0,260,260
76,2,-4,2,0.211,0,0,0.000,0,0,0,0,0,0,0,0
76,-1,3,3,1.031,0,0,0.000,0,0,0,0,0,0,0,0
76,-1,2,3,0.311,0,0,0.000,0,0,0,0,0,0,0,0
76,-5,8,1,1.151,655,0,6.701,0,1,0,802,655,0,551,551
76,1,4,2,1.353,24,0,2.492,0,2,0,715,24,0,148,148
76,1,0,3,0.461,0,0,0.000,0,0,0,0,0,0,0,0
76,-2,1,3,30.000,0,0,0.000,0,0,0,0,0,0,0,0
76,-5,0,1,0.531,0,0,0.000,0,0,0,0,0,0,0,0
76,2,0,3,0.611,0,0,0.000,0,0,0,0,0,0,0,0
76,2,4,1,1.702,268,0,6.412,0,1,0,677,268,0,438,438
76,-6,3,0,4.901,0,0,0.000,0,0,0,0,0,0,0,0
76,3,0,0,0.941,0,0,0.000,0,0,0,0,0,0,1,1
76,-5,4,2,0.911,0,0,0.000,0,0,0,0,0,0,0,0
76,1,-2,3,0.451,0,0,0.000,0,0,0,0,0,0,0,0
76,-4,-3,0,0.951,0,0,0.000,0,0,0,0,0,0,0,0
76,3,-5,0,0.171,0,0,0.000,0,0,0,0,0,0,0,0
76,0,6,0,1.602,597,0,6.212,1,0,0,0,0,597,332,332
76,2,5,0,3.562,908,0,10.442,1,0,0,0,0,908,401,401
76,-3,7,0,3.502,242,0,7.712,1,0,0,0,0,242,332,332
76,-5,5,3,0.971,0,0,0.000,0,0,0,0,0,0,4,4
76,2,-5,1,0.461,0,0,0.000,0,0,0,0,0,0,0,0
76,4,-3,0,1.811,0,0,0.000,0,0,0,0,0,0,0,0
76,-3,-3,0,0.112,0,0,0.000,0,0,0,0,0,0,0,0
76,-3,-1,3,0.111,0,0,0.000,0,0,0,0,0,0,0,0
76,0,5,3,0.793,53,53,-1.000,0,0,0,0,0,0,103,103
76,0,0,3,0.251,0,0,0.000,0,0,0,0,0,0,0,0
76,3,-1,0,0.431,0,0,0.000,0,0,0,0,0,0,0,0
76,-1,-4,0,0.151,0,0,0.000,0,0,0,0,0,0,0,0
76,3,-2,1,0.831,0,0,0.000,0,0,0,0,0,0,0,0
76,1,5,0,2.142,461,0,6.792,1,0,0,0,0,461,425,425
76,-3,-2,2,0.801,0,0,0.000,0,0,0,0,0,0,0,0
76,-1,0,3,0.601,0,0,0.000,0,0,0,0,0,0,0,0
76,-5,-1,1,2.454,0,0,0.000,0,0,0,0,0,0,0,0
76,0,-1,3,0.321,0,0,0.000,0,0,0,0,0,0,0,0
76,-2,7,0,2.452,423,0,6.592,1,0,0,0,0,423,490,490
76,-6,4,1,1.151,0,0,0.000,0,0,0,0,0,0,3,3
76,-4,4,3,1.891,0,0,0.000,0,0,0,0,0,0,0,0
76,1,1,3,0.191,0,0,0.000,0,0,0,0,0,0,0,0
76,3,-4,0,0.731,0,0,0.000,0,0,0,0,0,0,0,0
76,-4,-1,3,0.591,0,0,0.000,0,0,0,0,0,0,0,0
76,-1,4,3,0.752,0,0,0.000,0,1,0,1,0,0,2,2
76,1,3,3,0.931,0,0,0.000,0,0,0,0,0,0,7,7
76,2,3,0,1.921,2,0,1.971,1,0,0,0,0,2,120,120
76,-2,-2,3,1.851,0,0,0.000,0,0,0,0,0,0,0,0
76,3,-3,0,0.431,0,0,0.000,0,0,0,0,0,0,0,0
76,-4,7,2,1.011,288,0,5.111,0,3,1,1266,211,77,331,331
76,-1,-3,2,1.191,0,0,0.000,0,0,0,0,0,0,0,0
76,-5,7,2,4.023,48,0,6.643,0,1,1,578,41,7,304,304
76,-1,6,1,3.362,210,0,3.912,0,1,0,450,210,0,406,406
76,-3,5,3,0.572,0,0,0.000,0,1,0,3,0,0,8,8
76,-7,8,0,1.391,878,0,9.501,1,0,0,0,0,878,631,631
76,-3,6,3,1.521,3,0,2.642,0,1,0,30,3,0,143,143
76,-5,6,3,1.252,0,0,0.000,0,1,0,91,0,0,142,142
76,-4,2,3,0.431,0,0,0.000,0,0,0,0,0,0,0,0
76,-3,1,3,0.841,0,0,0.000,0,0,0,0,0,0,0,0
76,-6,5,0,0.682,0,0,0.000,0,1,0,4,0,0,29,29
76,1,-1,3,1.891,0,0,0.000,0,0,0,0,0,0,0,0
76,-4,1,3,0.451,0,0,0.000,0,0,0,0,0,0,0,0
76,-5,2,2,0.711,0,0,0.000,0,0,0,0,0,0,0,0
76,-2,-3,0,0.701,0,0,0.000,0,0,0,0,0,0,0,0
76,1,-5,0,2.151,0,0,0.000,0,0,0,0,0,0,0,0
76,-7,7,0,5.211,223,0,6.172,1,0,0,21,0,223,416,416
76,2,1,2,1.251,0,0,0.000,0,0,0,0,0,0,0,0
77,1,-4,2,1.291,0,0,0.000,0,0,0,0,0,0,0,0
77,-3,0,3,0.411,0,0,0.000,0,0,0,0,0,0,0,0
77,-2,2,3,0.451,0,0,0.000,0,0,0,0,0,0,0,0
77,-1,-1,3,0.121,0,0,0.000,0,0,0,0,0,0,0,0
77,0,1,3,0.341,0,0,0.000,0,0,0,0,0,0,0,0
77,-5,3,2,0.451,0,0,0.000,0,0,0,0,0,0,0,0
77,-1,1,3,0.381,0,0,0.000,0,0,0,0,0,0,0,0
77,-2,-1,3,0.261,0,0,0.000,0,0,0,0,0,0,0,0
77,0,4,3,1.191,0,0,0.000,0,2,0,54,0,0,5,5
77,3,-6,0,0.461,0,0,0.000,0,0,0,0,0,0,0,0
77,-2,4,3,0.453,0,0,0.000,0,0,0,0,0,0,0,0
77,-2,0,3,0.241,0,0,0.000,0,0,0,0,0,0,0,0
77,0,2,3,0.651,0,0,0.000,0,0,0,0,0,0,0,0
77,-4,3,3,3.572,0,0,0.000,0,0,0,0,0,0,0,0
77,-5,9,0,1.151,1406,0,9.261,1,0,0,0,0,1406,307,307
77,-7,6,1,1.652,30,0,2.961,0,1,0,189,30,0,216,216
77,-3,2,3,0.161,0,0,0.000,0,0,0,0,0,0,0,0
77,2,-1,2,0.291,0,0,0.000,0,0,0,0,0,0,0,0
77,0,-4,1,0.381,0,0,0.000,0,0,0,0,0,0,0,0
77,-2,5,3,0.901,0,0,0.000,0,0,0,0,0,0,38,38
77,-4,6,3,1.442,0,0,0.000,0,3,0,619,0,0,64,64
77,-1,5,2,1.251,0,0,0.000,0,1,0,211,0,0,42,42
77,0,-3,2,0.161,0,0,0.000,0,0,0,0,0,0,0,0
77,-6,8,0,2.593,623,0,8.633,1,0,0,0,0,623,542,542
77,-1,-2,3,0.441,0,0,0.000,0,0,0,0,0,0,0,0
77,-2,3,3,0.561,0,0,0.000,0,0,0,0,0,0,0,0
77,-4,5,3,0.651,0,0,0.000,0,0,0,0,0,0,0,0
77,1,-3,3,0.411,0,0,0.000,0,0,0,0,0,0,0,0
77,0,-2,3,0.681,0,0,0.000,0,0,0,0,0,0,0,0
77,0,3,3,0.574,0,0,0.000,0,0,0,0,0,0,0,0
77,-6,6,2,1.622,7,0,2.671,0,1,0,29,7,0,35,35
77,-2,6,2,2.151,22,0,2.252,0,1,0,410,22,0,230,230
77,-3,3,3,0.201,0,0,0.000,0,0,0,0,0,0,0,0
77,2,-2,2,0.271,0,0,0.000,0,0,0,0,0,0,0,0
77,-4,-2,2,0.421,0,0,0.000,0,0,0,0,0,0,0,0
77,2,2,1,1.114,0,0,0.000,0,1,0,1,0,0,4,4
77,-5,1,0,0.961,0,0,0.000,0,0,0,0,0,0,0,0
77,2,-3,2,0.261,0,0,0.000,0,0,0,0,0,0,0,0
77,-4,0,2,2.211,0,0,0.000,0,0,0,0,0,0,0,0
77,-3,4,3,0.421,0,0,0.000,0,0,0,0,0,0,0,0
77,-4,8,1,6.214,582,0,6.572,0,1,0,56,582,0,419,419
77,1,2,2,1.771,0,0,0.000,0,0,0,0,0,0,0,0
77,-6,2,0,0.651,0,0,0.000,0,0,0,0,0,0,0,0
77,-5,-2,0,0.791,0,0,0.000,0,0,0,0,0,0,0,0
77,3,1,1,3.111,0,0,0.000,0,0,0,0,0,0,3,3
77,-6,7,2,1.321,105,0,2.431,0,1,0,806,105,0,232,232
77,2,-4,2,0.981,0,0,0.000,0,0,0,0,0,0,0,0
77,-1,3,3,0.551,0,0,0.000,0,0,0,0,0,0,0,0
77,-1,2,3,0.951,0,0,0.000,0,0,0,0,0,0,0,0
77,-5,8,1,1.781,650,0,5.751,0,1,0,795,650,0,544,544
77,1,4,2,1.552,27,0,1.882,0,2,0,729,27,0,161,161
77,1,0,3,0.241,0,0,0.000,0,0,0,0,0,0,0,0
77,-2,1,3,2.071,0,0,0.000,0,0,0,0,0,0,0,0
77,-5,0,1,1.141,0,0,0.000,0,0,0,0,0,0,0,0
77,2,0,3,1.901,0,0,0.000,0,0,0,0,0,0,0,0
77,2,4,1,1.464,258,0,4.142,0,1,0,697,258,0,437,437
77,-6,3,0,0.651,0,0,0.000,0,0,0,0,0,0,0,0
77,3,0,0,0.751,0,0,0.000,0,0,0,0,0,0,0,0
77,-5,4,2,0.911,0,0,0.000,0,0,0,0,0,0,0,0
77,1,-2,3,1.601,0,0,0.000,0,0,0,0,0,0,0,0
77,-4,-3,0,0.911,0,0,0.000,0,0,0,0,0,0,0,0
77,3,-5,0,0.171,0,0,0.000,0,0,0,0,0,0,0,0
77,0,6,0,3.642,578,0,7.992,1,0,0,0,0,578,362,362
77,2,5,0,1.462,910,0,8.542,1,0,0,0,0,910,386,386
77,-3,7,0,2.622,220,0,6.622,1,0,0,0,0,220,326,326
77,-5,5,3,0.792,0,0,0.000,0,0,0,0,0,0,10,10
77,2,-5,1,3.181,0,0,0.000,0,0,0,0,0,0,0,0
77,4,-3,0,0.941,0,0,0.000,0,0,0,0,0,0,0,0
77,-3,-3,0,0.331,0,0,0.000,0,0,0,0,0,0,0,0
77,-3,-1,3,0.181,0,0,0.000,0,0,0,0,0,0,0,0
77,0,5,3,1.272,43,43,-1.000,0,0,0,0,0,0,111,111
77,0,0,3,1.681,0,0,0.000,0,0,0,0,0,0,0,0
77,3,-1,0,0.581,0,0,0.000,0,0,0,0,0,0,0,0
77,-1,-4,0,0.641,0,0,0.000,0,0,0,0,0,0,0,0
77,3,-2,1,0.201,0,0,0.000,0,0,0,0,0,0,0,0
77,1,5,0,1.782,495,0,6.752,1,0,0,0,0,495,387,387
77,-3,-2,2,0.371,0,0,0.000,0,0,0,0,0,0,0,0
77,-1,0,3,0.251,0,0,0.000,0,0,0,0,0,0,0,0
77,-5,-1,1,2.021,0,0,0.000,0,0,0,0,0,0,0,0
77,0,-1,3,0.521,0,0,0.000,0,0,0,0,0,0,0,0
77,-2,7,0,1.952,427,0,6.162,1,0,0,0,0,427,497,497
77,-6,4,1,1.141,0,0,0.000,0,0,0,0,0,0,0,0
77,-4,4,3,1.321,0,0,0.000,0,0,0,0,0,0,0,0
77,1,1,3,0.191,0,0,0.000,0,0,0,0,0,0,0,0
77,3,-4,0,0.251,0,0,0.000,0,0,0,0,0,0,0,0
77,-4,-1,3,0.481,0,0,0.000,0,0,0,0,0,0,0,0
77,-1,4,3,1.681,0,0,0.000,0,0,0,0,0,0,10,10
77,1,3,3,0.931,0,0,0.000,0,0,0,0,0,0,14,14
77,2,3,0,3.021,1,0,3.041,1,0,0,0,0,1,126,126
77,-2,-2,3,0.181,0,0,0.000,0,0,0,0,0,0,0,0
77,3,-3,0,0.991,0,0,0.000,0,0,0,0,0,0,0,0
77,-4,7,2,1.371,284,0,4.171,0,2,0,829,284,0,348,348
77,-1,-3,2,0.591,0,0,0.000,0,0,0,0,0,0,0,0
77,-5,7,2,4.562,51,0,3.183,0,1,0,589,51,0,301,301
77,-1,6,1,1.962,211,0,5.952,0,1,0,424,211,0,378,378
77,-3,5,3,0.681,0,0,0.000,0,1,0,4,0,0,4,4
77,-7,8,0,1.251,893,0,9.441,1,0,0,0,0,893,592,592
77,-3,6,3,1.511,4,0,2.142,0,1,0,22,4,0,132,132
77,-5,6,3,2.391,0,0,0.000,0,1,0,105,0,0,129,129
77,-4,2,3,0.101,0,0,0.000,0,0,0,0,0,0,0,0
77,-3,1,3,0.861,0,0,0.000,0,0,0,0,0,0,0,0
77,-6,5,0,0.651,0,0,0.000,0,1,0,7,0,0,30,30
77,1,-1,3,0.371,0,0,0.000,0,0,0,0,0,0,0,0
77,-4,1,3,0.411,0,0,0.000,0,0,0,0,0,0,0,0
77,-5,2,2,0.171,0,0,0.000,0,0,0,0,0,0,0,0
77,-2,-3,0,1.211,0,0,0.000,0,0,0,0,0,0,0,0
77,1,-5,0,2.151,0,0,0.000,0,0,0,0,0,0,0,0
77,-7,7,0,2.511,201,0,4.481,1,0,0,0,0,201,433,433
77,2,1,2,0.891,0,0,0.000,0,0,0,0,0,0,0,0
78,1,-4,2,2.371,0,0,0.000,0,0,0,0,0,0,0,0
78,-3,0,3,0.351,0,0,0.000,0,0,0,0,0,0,0,0
78,-2,2,3,0.221,0,0,0.000,0,0,0,0,0,0,0,0
78,-1,-1,3,0.351,0,0,0.000,0,0,0,0,0,0,0,0
78,0,1,3,0.511,0,0,0.000,0,0,0,0,0,0,0,0
78,-5,3,2,1.141,0,0,0.000,0,0,0,0,0,0,0,0
78,-1,1,3,1.431,0,0,0.000,0,0,0,0,0,0,0,0
78,-2,-1,3,0.181,0,0,0.000,0,0,0,0,0,0,0,0
78,0,4,3,1.431,0,0,0.000,0,1,0,28,0,0,1,1
78,3,-6,0,0.471,0,0,0.000,0,0,0,0,0,0,0,0
78,-2,4,3,1.833,0,0,0.000,0,0,0,0,0,0,0,0
78,-2,0,3,0.211,0,0,0.000,0,0,0,0,0,0,0,0
78,0,2,3,30.000,0,0,0.000,0,0,0,0,0,0,0,0
78,-4,3,3,3.572,0,0,0.000,0,0,0,0,0,0,0,0
78,-5,9,0,1.601,1416,0,9.801,1,0,0,0,0,1416,295,295
78,-7,6,1,2.752,38,0,3.772,1,1,0,211,0,38,206,206
78,-3,2,3,0.331,0,0,0.000,0,0,0,0,0,0,0,0
78,2,-1,2,1.791,0,0,0.000,0,0,0,0,0,0,0,0
78,0,-4,1,1.221,0,0,0.000,0,0,0,0,0,0,0,0
78,-2,5,3,0.741,0,0,0.000,0,0,0,0,0,0,35,35
78,-4,6,3,2.631,0,0,0.000,0,3,0,656,0,0,58,58
78,-1,5,2,1.041,0,0,0.000,0,1,0,194,0,0,48,48
78,0,-3,2,0.161,0,0,0.000,0,0,0,0,0,0,0,0
78,-6,8,0,2.393,655,0,8.703,1,0,0,0,0,655,504,504
78,-1,-2,3,0.441,0,0,0.000,0,0,0,0,0,0,0,0
78,-2,3,3,0.371,0,0,0.000,0,0,0,0,0,0,0,0
78,-4,5,3,0.651,0,0,0.000,0,1,0,1,0,0,0,0
78,1,-3,3,0.411,0,0,0.000,0,0,0,0,0,0,0,0
78,0,-2,3,0.381,0,0,0.000,0,0,0,0,0,0,0,0
78,0,3,3,0.761,0,0,0.000,0,0,0,0,0,0,0,0
78,-6,6,2,1.282,10,0,3.432,0,1,1,38,0,10,39,39
78,-2,6,2,3.623,21,0,2.442,0,1,0,436,21,0,233,233
78,-3,3,3,0.681,0,0,0.000,0,0,0,0,0,0,0,0
78,2,-2,2,0.191,0,0,0.000,0,0,0,0,0,0,0,0
78,-4,-2,2,0.721,0,0,0.000,0,0,0,0,0,0,0,0
78,2,2,1,0.951,0,0,0.000,0,1,0,3,0,0,2,2
78,-5,1,0,0.561,0,0,0.000,0,0,0,0,0,0,0,0
78,2,-3,2,0.241,0,0,0.000,0,0,0,0,0,0,0,0
78,-4,0,2,0.371,0,0,0.000,0,0,0,0,0,0,0,0
78,-3,4,3,0.421,0,0,0.000,0,0,0,0,0,0,0,0
78,-4,8,1,2.854,606,0,5.952,0,1,0,51,606,0,396,396
78,1,2,2,2.031,0,0,0.000,0,0,0,0,0,0,0,0
78,-6,2,0,0.742,0,0,0.000,0,0,0,0,0,0,0,0
78,-5,-2,0,2.633,0,0,0.000,0,0,0,0,0,0,0,0
78,3,1,1,1.563,0,0,0.000,0,0,0,0,0,0,1,1
78,-6,7,2,1.982,102,0,3.133,0,1,0,775,102,0,256,256
78,2,-4,2,0.541,0,0,0.000,0,0,0,0,0,0,0,0
78,-1,3,3,1.111,0,0,0.000,0,0,0,0,0,0,0,0
78,-1,2,3,3.511,0,0,0.000,0,0,0,0,0,0,0,0
78,-5,8,1,1.661,651,0,6.091,0,1,0,804,651,0,549,549
78,1,4,2,1.712,28,0,2.441,0,2,0,743,28,0,151,151
78,1,0,3,0.291,0,0,0.000,0,0,0,0,0,0,0,0
78,-2,1,3,1.391,0,0,0.000,0,0,0,0,0,0,0,0
78,-5,0,1,1.141,0,0,0.000,0,0,0,0,0,0,0,0
78,2,0,3,1.541,0,0,0.000,0,0,0,0,0,0,0,0
78,2,4,1,1.633,274,0,4.811,0,1,0,686,274,0,437,437
78,-6,3,0,0.751,0,0,0.000,0,0,0,0,0,0,0,0
78,3,0,0,0.751,0,0,0.000,0,0,0,0,0,0,1,1
78,-5,4,2,0.703,0,0,0.000,0,0,0,0,0,0,0,0
78,1,-2,3,1.141,0,0,0.000,0,0,0,0,0,0,0,0
78,-4,-3,0,0.711,0,0,0.000,0,0,0,0,0,0,0,0
78,3,-5,0,1.151,0,0,0.000,0,0,0,0,0,0,0,0
78,0,6,0,2.832,541,0,7.031,1,0,0,0,0,541,363,363
78,2,5,0,2.021,923,0,8.991,1,0,0,0,0,923,385,385
78,-3,7,0,1.962,202,0,6.002,1,0,0,0,0,202,347,347
78,-5,5,3,3.571,0,0,0.000,0,0,0,0,0,0,8,8
78,2,-5,1,0.161,0,0,0.000,0,0,0,0,0,0,0,0
78,4,-3,0,0.661,0,0,0.000,0,0,0,0,0,0,0,0
78,-3,-3,0,0.211,0,0,0.000,0,0,0,0,0,0,0,0
78,-3,-1,3,30.000,0,0,0.000,0,0,0,0,0,0,0,0
78,0,5,3,0.792,43,43,-1.000,0,0,0,0,0,0,118,118
78,0,0,3,0.381,0,0,0.000,0,0,0,0,0,0,0,0
78,3,-1,0,0.281,0,0,0.000,0,0,0,0,0,0,0,0
78,-1,-4,0,0.721,0,0,0.000,0,0,0,0,0,0,0,0
78,3,-2,1,0.201,0,0,0.000,0,0,0,0,0,0,0,0
78,1,5,0,2.372,482,0,7.372,1,0,0,0,0,482,432,432
78,-3,-2,2,0.231,0,0,0.000,0,0,0,0,0,0,0,0
78,-1,0,3,0.601,0,0,0.000,0,0,0,0,0,0,0,0
78,-5,-1,1,2.371,0,0,0.000,0,0,0,0,0,0,0,0
78,0,-1,3,0.191,0,0,0.000,0,0,0,0,0,0,0,0
78,-2,7,0,2.162,448,0,6.632,1,0,0,0,0,448,507,507
78,-6,4,1,1.613,0,0,0.000,0,0,0,0,0,0,0,0
78,-4,4,3,0.371,0,0,0.000,0,0,0,0,0,0,0,0
78,1,1,3,0.191,0,0,0.000,0,0,0,0,0,0,0,0
78,3,-4,0,0.471,0,0,0.000,0,0,0,0,0,0,0,0
78,-4,-1,3,0.981,0,0,0.000,0,0,0,0,0,0,0,0
78,-1,4,3,1.041,0,0,0.000,0,0,0,0,0,0,4,4
78,1,3,3,0.931,0,0,0.000,0,0,0,0,0,0,10,10
78,2,3,0,1.484,3,0,1.534,1,0,0,0,0,3,122,122
78,-2,-2,3,0.561,0,0,0.000,0,0,0,0,0,0,0,0
78,3,-3,0,1.631,0,0,0.000,0,0,0,0,0,0,0,0
78,-4,7,2,0.771,304,0,4.821,0,2,0,822,304,0,321,321
78,-1,-3,2,0.391,0,0,0.000,0,0,0,0,0,0,0,0
78,-5,7,2,2.942,48,0,2.973,0,1,0,616,48,0,278,278
78,-1,6,1,3.162,194,0,4.962,0,1,0,409,194,0,399,399
78,-3,5,3,0.681,0,0,0.000,0,1,0,4,0,0,5,5
78,-7,8,0,1.984,863,0,9.864,1,0,0,0,0,863,611,611
78,-3,6,3,1.511,4,0,2.362,0,1,0,20,4,0,141,141
78,-5,6,3,2.723,1,0,2.133,0,1,0,102,1,0,124,124
78,-4,2,3,0.101,0,0,0.000,0,0,0,0,0,0,0,0
78,-3,1,3,0.841,0,0,0.000,0,0,0,0,0,0,0,0
78,-6,5,0,0.541,0,0,0.000,0,1,0,10,0,0,37,37
78,1,-1,3,0.181,0,0,0.000,0,0,0,0,0,0,0,0
78,-4,1,3,5.611,0,0,0.000,0,0,0,0,0,0,0,0
78,-5,2,2,8.331,0,0,0.000,0,0,0,0,0,0,0,0
78,-2,-3,0,0.171,0,0,0.000,0,0,0,0,0,0,0,0
78,1,-5,0,0.231,0,0,0.000,0,0,0,0,0,0,0,0
78,-7,7,0,4.494,201,0,6.584,1,0,0,0,0,201,445,445
78,2,1,2,0.711,0,0,0.000,0,0,0,0,0,0,0,0
79,1,-4,2,0.511,0,0,0.000,0,0,0,0,0,0,0,0
79,-3,0,3,0.211,0,0,0.000,0,0,0,0,0,0,0,0
79,-2,2,3,0.441,0,0,0.000,0,0,0,0,0,0,0,0
79,-1,-1,3,0.351,0,0,0.000,0,0,0,0,0,0,0,0
79,0,1,3,0.151,0,0,0.000,0,0,0,0,0,0,0,0
79,-5,3,2,1.141,0,0,0.000,0,0,0,0,0,0,0,0
79,-1,1,3,0.381,0,0,0.000,0,0,0,0,0,0,0,0
79,-2,-1,3,0.451,0,0,0.000,0,0,0,0,0,0,0,0
79,0,4,3,1.431,0,0,0.000,0,1,0,26,0,0,2,2
79,3,-6,0,1.201,0,0,0.000,0,0,0,0,0,0,0,0
79,-2,4,3,1.801,0,0,0.000,0,0,0,0,0,0,0,0
79,-2,0,3,1.091,0,0,0.000,0,0,0,0,0,0,0,0
79,0,2,3,0.381,0,0,0.000,0,0,0,0,0,0,0,0
79,-4,3,3,1.101,0,0,0.000,0,0,0,0,0,0,0,0
79,-5,9,0,1.751,1425,0,10.071,1,0,0,0,0,1425,301,301
79,-7,6,1,1.602,34,0,2.991,0,1,0,234,34,0,215,215
79,-3,2,3,0.161,0,0,0.000,0,0,0,0,0,0,0,0
79,2,-1,2,1.581,0,0,0.000,0,0,0,0,0,0,0,0
79,0,-4,1,0.201,0,0,0.000,0,0,0,0,0,0,0,0
79,-2,5,3,1.221,0,0,0.000,0,0,0,0,0,0,44,44
79,-4,6,3,1.191,0,0,0.000,0,3,0,596,0,0,51,51
79,-1,5,2,0.831,1,0,2.511,0,1,0,207,1,0,45,45
79,0,-3,2,0.331,0,0,0.000,0,0,0,0,0,0,0,0
79,-6,8,0,2.593,625,0,8.563,1,0,0,0,0,625,539,539
79,-1,-2,3,0.441,0,0,0.000,0,0,0,0,0,0,0,0
79,-2,3,3,0.561,0,0,0.000,0,0,0,0,0,0,0,0
79,-4,5,3,1.352,0,0,0.000,0,0,0,0,0,0,0,0
79,1,-3,3,1.511,0,0,0.000,0,0,0,0,0,0,0,0
79,0,-2,3,0.141,0,0,0.000,0,0,0,0,0,0,0,0
79,0,3,3,1.201,0,0,0.000,0,0,0,0,0,0,0,0
79,-6,6,2,1.452,3,0,2.631,0,1,0,34,3,0,31,31
79,-2,6,2,3.973,35,0,3.241,0,1,0,387,35,0,228,228
79,-3,3,3,0.411,0,0,0.000,0,0,0,0,0,0,0,0
79,2,-2,2,0.221,0,0,0.000,0,0,0,0,0,0,0,0
79,-4,-2,2,0.721,0,0,0.000,0,0,0,0,0,0,0,0
79,2,2,1,2.554,0,0,0.000,0,1,0,1,0,0,1,1
79,-5,1,0,0.561,0,0,0.000,0,0,0,0,0,0,0,0
79,2,-3,2,0.261,0,0,0.000,0,0,0,0,0,0,0,0
79,-4,0,2,0.371,0,0,0.000,0,0,0,0,0,0,0,0
79,-3,4,3,1.081,0,0,0.000,0,0,0,0,0,0,0,0
79,-4,8,1,3.331,619,0,7.081,1,1,1,121,0,619,397,397
79,1,2,2,0.773,0,0,0.000,0,0,0,0,0,0,0,0
79,-6,2,0,1.311,0,0,0.000,0,0,0,0,0,0,0,0
79,-5,-2,0,2.071,0,0,0.000,0,0,0,0,0,0,0,0
79,3,1,1,2.811,0,0,0.000,0,0,0,0,0,0,4,4
79,-6,7,2,1.702,97,0,2.801,0,1,0,791,97,0,274,274
79,2,-4,2,0.321,0,0,0.000,0,0,0,0,0,0,0,0
79,-1,3,3,1.511,0,0,0.000,0,0,0,0,0,0,0,0
79,-1,2,3,0.151,0,0,0.000,0,0,0,0,0,0,0,0
79,-5,8,1,3.911,643,0,6.371,0,1,0,816,643,0,572,572
79,1,4,2,1.353,26,0,2.641,0,2,0,710,26,0,152,152
79,1,0,3,1.141,0,0,0.000,0,0,0,0,0,0,0,0
79,-2,1,3,2.561,0,0,0.000,0,0,0,0,0,0,0,0
79,-5,0,1,1.181,0,0,0.000,0,0,0,0,0,0,0,0
79,2,0,3,0.611,0,0,0.000,0,0,0,0,0,0,0,0
79,2,4,1,1.804,250,0,4.791,0,1,0,685,250,0,451,451
79,-6,3,0,1.381,0,0,0.000,0,0,0,0,0,0,0,0
79,3,0,0,0.751,0,0,0.000,0,0,0,0,0,0,0,0
79,-5,4,2,0.703,0,0,0.000,0,0,0,0,0,0,0,0
79,1,-2,3,1.141,0,0,0.000,0,0,0,0,0,0,0,0
79,-4,-3,0,1.191,0,0,0.000,0,0,0,0,0,0,0,0
79,3,-5,0,0.341,0,0,0.000,0,0,0,0,0,0,0,0
79,0,6,0,2.252,559,0,6.481,1,0,0,0,0,559,368,368
79,2,5,0,2.231,894,0,9.191,1,0,0,0,0,894,426,426
79,-3,7,0,6.802,200,0,11.711,1,0,0,470,0,200,339,339
79,-5,5,3,1.403,0,0,0.000,0,0,0,0,0,0,8,8
79,2,-5,1,0.291,0,0,0.000,0,0,0,0,0,0,0,0
79,4,-3,0,0.891,0,0,0.000,0,0,0,0,0,0,0,0
79,-3,-3,0,0.331,0,0,0.000,0,0,0,0,0,0,0,0
79,-3,-1,3,0.621,0,0,0.000,0,0,0,0,0,0,0,0
79,0,5,3,0.793,44,44,-1.000,0,0,0,0,0,0,121,121
79,0,0,3,1.681,0,0,0.000,0,0,0,0,0,0,0,0
79,3,-1,0,0.281,0,0,0.000,0,0,0,0,0,0,0,0
79,-1,-4,0,0.151,0,0,0.000,0,0,0,0,0,0,0,0
79,3,-2,1,0.201,0,0,0.000,0,0,0,0,0,0,0,0
79,1,5,0,3.762,472,0,8.662,1,0,0,0,0,472,400,400
79,-3,-2,2,0.561,0,0,0.000,0,0,0,0,0,0,0,0
79,-1,0,3,0.211,0,0,0.000,0,0,0,0,0,0,0,0
79,-5,-1,1,1.391,0,0,0.000,0,0,0,0,0,0,0,0
79,0,-1,3,3.211,0,0,0.000,0,0,0,0,0,0,0,0
79,-2,7,0,2.791,412,0,6.771,1,0,0,0,0,412,480,480
79,-6,4,1,0.811,0,0,0.000,0,1,0,1,0,0,3,3
79,-4,4,3,0.371,0,0,0.000,0,0,0,0,0,0,0,0
79,1,1,3,0.351,0,0,0.000,0,0,0,0,0,0,0,0
79,3,-4,0,0.471,0,0,0.000,0,0,0,0,0,0,0,0
79,-4,-1,3,0.242,0,0,0.000,0,0,0,0,0,0,0,0
79,-1,4,3,0.851,0,0,0.000,0,1,0,1,0,0,11,11
79,1,3,3,9.922,0,0,0.000,0,0,0,0,0,0,12,12
79,2,3,0,3.244,1,0,3.264,1,0,0,0,0,1,129,129
79,-2,-2,3,0.471,0,0,0.000,0,0,0,0,0,0,0,0
79,3,-3,0,0.991,0,0,0.000,0,0,0,0,0,0,0,0
79,-4,7,2,0.771,271,0,4.641,0,3,1,1484,201,70,345,345
79,-1,-3,2,0.991,0,0,0.000,0,0,0,0,0,0,0,0
79,-5,7,2,2.673,54,0,3.213,0,1,0,582,54,0,265,265
79,-1,6,1,2.162,207,0,4.511,0,1,0,412,207,0,416,416
79,-3,5,3,0.541,0,0,0.000,0,1,0,2,0,0,8,8
79,-7,8,0,1.701,876,0,9.741,1,0,0,0,0,876,616,616
79,-3,6,3,1.891,2,0,2.961,0,1,0,35,2,0,146,146
79,-5,6,3,1.882,0,0,0.000,0,1,0,97,0,0,120,120
79,-4,2,3,0.211,0,0,0.000,0,0,0,0,0,0,0,0
79,-3,1,3,1.471,0,0,0.000,0,0,0,0,0,0,0,0
79,-6,5,0,0.651,1,0,0.721,1,1,0,3,0,1,37,37
79,1,-1,3,0.761,0,0,0.000,0,0,0,0,0,0,0,0
79,-4,1,3,1.011,0,0,0.000,0,0,0,0,0,0,0,0
79,-5,2,2,0.351,0,0,0.000,0,0,0,0,0,0,0,0
79,-2,-3,0,0.511,0,0,0.000,0,0,0,0,0,0,0,0
79,1,-5,0,0.231,0,0,0.000,0,0,0,0,0,0,0,0
79,-7,7,0,2.511,249,0,4.931,1,0,0,0,0,249,385,385
79,2,1,2,0.531,0,0,0.000,0,0,0,0,0,0,0,0
80,1,-4,2,1.811,0,0,0.000,0,0,0,0,0,0,0,0
80,-3,0,3,0.351,0,0,0.000,0,0,0,0,0,0,0,0
80,-2,2,3,0.221,0,0,0.000,0,0,0,0,0,0,0,0
80,-1,-1,3,0.531,0,0,0.000,0,0,0,0,0,0,0,0
80,0,1,3,0.232,0,0,0.000,0,0,0,0,0,0,0,0
80,-5,3,2,0.451,0,0,0.000,0,0,0,0,0,0,0,0
80,-1,1,3,0.381,0,0,0.000,0,0,0,0,0,0,0,0
80,-2,-1,3,1.781,0,0,0.000,0,0,0,0,0,0,0,0
80,0,4,3,1.191,0,0,0.000,0,1,0,27,0,0,3,3
80,3,-6,0,0.461,0,0,0.000,0,0,0,0,0,0,0,0
80,-2,4,3,1.841,0,0,0.000,0,0,0,0,0,0,0,0
80,-2,0,3,2.191,0,0,0.000,0,0,0,0,0,0,0,0
80,0,2,3,0.781,0,0,0.000,0,0,0,0,0,0,0,0
80,-4,3,3,0.531,0,0,0.000,0,0,0,0,0,0,0,0
80,-5,9,0,1.903,1399,0,10.033,1,0,0,0,0,1399,341,341
80,-7,6,1,1.754,36,0,3.931,0,1,0,203,36,0,220,220
80,-3,2,3,0.161,0,0,0.000,0,0,0,0,0,0,0,0
80,2,-1,2,0.891,0,0,0.000,0,0,0,0,0,0,0,0
80,0,-4,1,0.621,0,0,0.000,0,0,0,0,0,0,0,0
80,-2,5,3,1.541,0,0,0.000,0,0,0,0,0,0,33,33
80,-4,6,3,3.111,0,0,0.000,0,4,0,914,0,0,66,66
80,-1,5,2,3.561,0,0,0.000,0,1,0,194,0,0,46,46
80,0,-3,2,0.161,0,0,0.000,0,0,0,0,0,0,0,0
80,-6,8,0,2.993,632,0,9.113,1,0,0,0,0,632,487,487
80,-1,-2,3,0.901,0,0,0.000,0,0,0,0,0,0,0,0
80,-2,3,3,0.561,0,0,0.000,0,0,0,0,0,0,0,0
80,-4,5,3,0.901,0,0,0.000,0,0,0,0,0,0,0,0
80,1,-3,3,0.461,0,0,0.000,0,0,0,0,0,0,0,0
80,0,-2,3,0.231,0,0,0.000,0,0,0,0,0,0,0,0
80,0,3,3,0.574,0,0,0.000,0,0,0,0,0,0,0,0
80,-6,6,2,3.492,4,0,3.541,0,1,0,36,4,0,39,39
80,-2,6,2,4.021,17,0,3.891,0,1,0,418,17,0,238,238
80,-3,3,3,0.311,0,0,0.000,0,0,0,0,0,0,0,0
80,2,-2,2,0.191,0,0,0.000,0,0,0,0,0,0,0,0
80,-4,-2,2,1.061,0,0,0.000,0,0,0,0,0,0,0,0
80,2,2,1,1.412,0,0,0.000,0,1,0,5,0,0,0,0
80,-5,1,0,3.161,0,0,0.000,0,0,0,0,0,0,0,0
80,2,-3,2,0.661,0,0,0.000,0,0,0,0,0,0,0,0
80,-4,0,2,0.371,0,0,0.000,0,0,0,0,0,0,0,0
80,-3,4,3,1.241,0,0,0.000,0,0,0,0,0,0,0,0
80,-4,8,1,2.851,649,0,7.251,1,1,0,120,0,649,375,375
80,1,2,2,1.273,0,0,0.000,0,0,0,0,0,0,0,0
80,-6,2,0,1.402,0,0,0.000,0,0,0,0,0,0,1,1
80,-5,-2,0,1.591,0,0,0.000,0,0,0,0,0,0,0,0
80,3,1,1,1.461,0,0,0.000,0,0,0,0,0,0,1,1
80,-6,7,2,1.321,105,0,4.004,0,1,0,787,105,0,226,226
80,2,-4,2,0.371,0,0,0.000,0,0,0,0,0,0,0,0
80,-1,3,3,1.271,0,0,0.000,0,0,0,0,0,0,0,0
80,-1,2,3,0.791,0,0,0.000,0,0,0,0,0,0,0,0
80,-5,8,1,3.142,638,0,6.273,0,1,0,797,638,0,557,557
80,1,4,2,4.243,27,0,1.872,0,2,0,682,27,0,151,151
80,1,0,3,0.581,0,0,0.000,0,0,0,0,0,0,0,0
80,-2,1,3,0.861,0,0,0.000,0,0,0,0,0,0,0,0
80,-5,0,1,0.531,0,0,0.000,0,0,0,0,0,0,0,0
80,2,0,3,0.611,0,0,0.000,0,0,0,0,0,0,0,0
80,2,4,1,2.551,236,0,3.912,0,1,0,706,236,0,439,439
80,-6,3,0,0.721,0,0,0.000,0,0,0,0,0,0,0,0
80,3,0,0,0.751,0,0,0.000,0,0,0,0,0,0,2,2
80,-5,4,2,0.681,0,0,0.000,0,0,0,0,0,0,0,0
80,1,-2,3,30.000,0,0,0.000,0,0,0,0,0,0,0,0
80,-4,-3,0,0.671,0,0,0.000,0,0,0,0,0,0,0,0
80,3,-5,0,0.171,0,0,0.000,0,0,0,0,0,0,0,0
80,0,6,0,1.681,565,0,6.082,1,0,0,0,0,565,342,342
80,2,5,0,1.462,916,0,8.632,1,0,0,0,0,916,376,376
80,-3,7,0,3.282,199,0,7.762,1,0,0,0,0,199,363,363
80,-5,5,3,0.971,0,0,0.000,0,0,0,0,0,0,6,6
80,2,-5,1,0.161,0,0,0.000,0,0,0,0,0,0,0,0
80,4,-3,0,0.431,0,0,0.000,0,0,0,0,0,0,0,0
80,-3,-3,0,0.112,0,0,0.000,0,0,0,0,0,0,0,0
80,-3,-1,3,0.111,0,0,0.000,0,0,0,0,0,0,0,0
80,0,5,3,0.792,43,43,-1.000,0,0,0,0,0,0,116,116
80,0,0,3,0.251,0,0,0.000,0,0,0,0,0,0,0,0
80,3,-1,0,0.731,0,0,0.000,0,0,0,0,0,0,0,0
80,-1,-4,0,0.151,0,0,0.000,0,0,0,0,0,0,0,0
80,3,-2,1,0.411,0,0,0.000,0,0,0,0,0,0,0,0
80,1,5,0,2.602,455,0,7.332,1,0,0,0,0,455,418,418
80,-3,-2,2,0.561,0,0,0.000,0,0,0,0,0,0,0,0
80,-1,0,3,0.211,0,0,0.000,0,0,0,0,0,0,0,0
80,-5,-1,1,0.831,0,0,0.000,0,0,0,0,0,0,0,0
80,0,-1,3,0.371,0,0,0.000,0,0,0,0,0,0,0,0
80,-2,7,0,3.631,426,0,7.921,1,0,0,0,0,426,513,513
80,-6,4,1,1.272,0,0,0.000,0,0,0,0,0,0,0,0
80,-4,4,3,0.941,0,0,0.000,0,0,0,0,0,0,0,0
80,1,1,3,0.491,0,0,0.000,0,0,0,0,0,0,0,0
80,3,-4,0,0.991,0,0,0.000,0,0,0,0,0,0,0,0
80,-4,-1,3,0.481,0,0,0.000,0,0,0,0,0,0,0,0
80,-1,4,3,2.061,0,0,0.000,0,0,0,0,0,0,7,7
80,1,3,3,1.091,0,0,0.000,0,0,0,0,0,0,14,14
80,2,3,0,2.141,5,0,2.221,1,0,0,0,0,5,122,122
80,-2,-2,3,0.371,0,0,0.000,0,0,0,0,0,0,0,0
80,3,-3,0,0.231,0,0,0.000,0,0,0,0,0,0,0,0
80,-4,7,2,0.771,291,0,4.993,0,3,1,1292,214,77,351,351
80,-1,-3,2,0.391,0,0,0.000,0,0,0,0,0,0,0,0
80,-5,7,2,7.263,41,0,3.483,0,1,0,597,41,0,293,293
80,-1,6,1,2.162,194,0,3.812,0,1,0,429,194,0,400,400
80,-3,5,3,0.541,0,0,0.000,0,0,0,0,0,0,4,4
80,-7,8,0,2.824,879,0,10.824,1,0,0,0,0,879,595,595
80,-3,6,3,1.511,0,0,0.000,0,1,0,17,0,0,149,149
80,-5,6,3,1.252,0,0,0.000,0,1,0,105,0,0,126,126
80,-4,2,3,0.101,0,0,0.000,0,0,0,0,0,0,0,0
80,-3,1,3,0.331,0,0,0.000,0,0,0,0,0,0,0,0
80,-6,5,0,0.651,0,0,0.000,0,1,0,4,0,0,34,34
80,1,-1,3,0.371,0,0,0.000,0,0,0,0,0,0,0,0
80,-4,1,3,0.191,0,0,0.000,0,0,0,0,0,0,0,0
80,-5,2,2,0.771,0,0,0.000,0,0,0,0,0,0,0,0
80,-2,-3,0,0.721,0,0,0.000,0,0,0,0,0,0,0,0
80,1,-5,0,0.231,0,0,0.000,0,0,0,0,0,0,0,0
80,-7,7,0,3.411,219,0,5.521,1,0,0,0,0,219,394,394
80,2,1,2,1.791,0,0,0.000,0,0,0,0,0,0,0,0
81,1,-4,2,0.511,0,0,0.000,0,0,0,0,0,0,0,0
81,-3,0,3,1.671,0,0,0.000,0,0,0,0,0,0,0,0
81,-2,2,3,0.311,0,0,0.000,0,0,0,0,0,0,0,0
81,-1,-1,3,0.121,0,0,0.000,0,0,0,0,0,0,0,0
81,0,1,3,0.291,0,0,0.000,0,0,0,0,0,0,0,0
81,-5,3,2,0.451,0,0,0.000,0,0,0,0,0,0,0,0
81,-1,1,3,2.691,0,0,0.000,0,0,0,0,0,0,0,0
81,-2,-1,3,0.451,0,0,0.000,0,0,0,0,0,0,0,0
81,0,4,3,1.191,0,0,0.000,0,2,0,46,0,0,0,0
81,3,-6,0,0.331,0,0,0.000,0,0,0,0,0,0,0,0
81,-2,4,3,0.683,0,0,0.000,0,0,0,0,0,0,0,0
81,-2,0,3,0.211,0,0,0.000,0,0,0,0,0,0,0,0
81,0,2,3,0.451,0,0,0.000,0,0,0,0,0,0,0,0
81,-4,3,3,2.051,0,0,0.000,0,0,0,0,0,0,0,0
81,-5,9,0,2.201,1417,0,10.461,1,0,0,0,0,1417,303,303
81,-7,6,1,1.602,25,0,4.072,0,1,1,214,10,15,203,203
81,-3,2,3,0.791,0,0,0.000,0,0,0,0,0,0,0,0
81,2,-1,2,30.000,0,0,0.000,0,0,0,0,0,0,0,0
81,0,-4,1,0.201,0,0,0.000,0,0,0,0,0,0,0,0
81,-2,5,3,0.901,0,0,0.000,0,0,0,0,0,0,32,32
81,-4,6,3,1.671,0,0,0.000,0,4,0,895,0,0,62,62
81,-1,5,2,2.511,0,0,0.000,0,1,0,194,0,0,51,51
81,0,-3,2,0.161,0,0,0.000,0,0,0,0,0,0,0,0
81,-6,8,0,1.993,635,0,8.073,1,0,0,0,0,635,499,499
81,-1,-2,3,0.441,0,0,0.000,0,0,0,0,0,0,0,0
81,-2,3,3,0.371,0,0,0.000,0,0,0,0,0,0,0,0
81,-4,5,3,0.871,0,0,0.000,0,0,0,0,0,0,0,0
81,1,-3,3,0.201,0,0,0.000,0,0,0,0,0,0,0,0
81,0,-2,3,0.171,0,0,0.000,0,0,0,0,0,0,0,0
81,0,3,3,0.761,0,0,0.000,0,0,0,0,0,0,0,0
81,-6,6,2,2.812,3,0,3.762,0,1,0,25,3,0,33,33
81,-2,6,2,2.722,25,0,2.162,0,1,0,423,25,0,222,222
81,-3,3,3,0.471,0,0,0.000,0,0,0,0,0,0,0,0
81,2,-2,2,0.821,0,0,0.000,0,0,0,0,0,0,0,0
81,-4,-2,2,0.421,0,0,0.000,0,0,0,0,0,0,0,0
81,2,2,1,5.114,0,0,0.000,0,1,0,2,0,0,2,2
81,-5,1,0,1.361,0,0,0.000,0,0,0,0,0,0,0,0
81,2,-3,2,0.661,0,0,0.000,0,0,0,0,0,0,0,0
81,-4,0,2,0.221,0,0,0.000,0,0,0,0,0,0,0,0
81,-3,4,3,3.393,0,0,0.000,0,0,0,0,0,0,0,0
81,-4,8,1,3.091,633,0,7.231,1,1,0,127,0,633,394,394
81,1,2,2,0.991,0,0,0.000,0,0,0,0,0,0,0,0
81,-6,2,0,1.531,0,0,0.000,0,0,0,0,0,0,1,1
81,-5,-2,0,0.791,0,0,0.000,0,0,0,0,0,0,0,0
81,3,1,1,1.221,0,0,0.000,0,0,0,0,0,0,0,0
81,-6,7,2,1.403,93,0,4.021,0,1,0,798,93,0,244,244
81,2,-4,2,0.421,0,0,0.000,0,0,0,0,0,0,0,0
81,-1,3,3,0.791,0,0,0.000,0,0,0,0,0,0,0,0
81,-1,2,3,0.151,0,0,0.000,0,0,0,0,0,0,0,0
81,-5,8,1,1.151,635,0,6.461,0,1,0,810,635,0,562,562
81,1,4,2,30.000,23,0,2.352,0,2,0,674,23,0,136,136
81,1,0,3,0.191,0,0,0.000,0,0,0,0,0,0,0,0
81,-2,1,3,0.521,0,0,0.000,0,0,0,0,0,0,0,0
81,-5,0,1,0.652,0,0,0.000,0,0,0,0,0,0,0,0
81,2,0,3,0.611,0,0,0.000,0,0,0,0,0,0,0,0
81,2,4,1,1.464,250,0,4.562,0,1,0,687,250,0,444,444
81,-6,3,0,1.291,0,0,0.000,0,0,0,0,0,0,0,0
81,3,0,0,2.841,0,0,0.000,0,0,0,0,0,0,1,1
81,-5,4,2,0.681,0,0,0.000,0,0,0,0,0,0,0,0
81,1,-2,3,1.141,0,0,0.000,0,0,0,0,0,0,0,0
81,-4,-3,0,0.711,0,0,0.000,0,0,0,0,0,0,0,0
81,3,-5,0,0.251,0,0,0.000,0,0,0,0,0,0,0,0
81,0,6,0,1.372,584,0,5.982,1,0,0,0,0,584,347,347
81,2,5,0,2.022,897,0,9.002,1,0,0,0,0,897,370,370
81,-3,7,0,3.942,216,0,8.162,1,0,0,0,0,216,357,357
81,-5,5,3,2.571,0,0,0.000,0,0,0,0,0,0,8,8
81,2,-5,1,0.331,0,0,0.000,0,0,0,0,0,0,0,0
81,4,-3,0,0.431,0,0,0.000,0,0,0,0,0,0,0,0
81,-3,-3,0,0.211,0,0,0.000,0,0,0,0,0,0,0,0
81,-3,-1,3,0.111,0,0,0.000,0,0,0,0,0,0,0,0
81,0,5,3,1.753,48,48,-1.000,0,0,0,0,0,0,115,115
81,0,0,3,0.251,0,0,0.000,0,0,0,0,0,0,0,0
81,3,-1,0,0.741,0,0,0.000,0,0,0,0,0,0,0,0
81,-1,-4,0,0.151,0,0,0.000,0,0,0,0,0,0,0,0
81,3,-2,1,0.621,0,0,0.000,0,0,0,0,0,0,0,0
81,1,5,0,2.012,449,0,6.562,1,0,0,0,0,449,429,429
81,-3,-2,2,0.411,0,0,0.000,0,0,0,0,0,0,0,0
81,-1,0,3,0.211,0,0,0.000,0,0,0,0,0,0,0,0
81,-5,-1,1,1.211,0,0,0.000,0,0,0,0,0,0,0,0
81,0,-1,3,0.191,0,0,0.000,0,0,0,0,0,0,0,0
81,-2,7,0,1.822,443,0,6.162,1,0,0,0,0,443,479,479
81,-6,4,1,0.751,0,0,0.000,0,0,0,0,0,0,0,0
81,-4,4,3,0.561,0,0,0.000,0,0,0,0,0,0,0,0
81,1,1,3,0.351,0,0,0.000,0,0,0,0,0,0,0,0
81,3,-4,0,0.251,0,0,0.000,0,0,0,0,0,0,0,0
81,-4,-1,3,1.231,0,0,0.000,0,0,0,0,0,0,0,0
81,-1,4,3,2.022,0,0,0.000,0,0,0,0,0,0,9,9
81,1,3,3,1.411,0,0,0.000,0,0,0,0,0,0,6,6
81,2,3,0,1.484,2,0,1.524,1,0,0,0,0,2,119,119
81,-2,-2,3,0.521,0,0,0.000,0,0,0,0,0,0,0,0
81,3,-3,0,0.231,0,0,0.000,0,0,0,0,0,0,0,0
81,-4,7,2,1.011,308,0,5.461,0,3,1,1229,224,84,304,304
81,-1,-3,2,0.991,0,0,0.000,0,0,0,0,0,0,0,0
81,-5,7,2,3.482,55,0,2.623,0,1,0,593,55,0,293,293
81,-1,6,1,2.362,194,0,3.502,0,1,0,450,194,0,407,407
81,-3,5,3,0.561,0,0,0.000,0,1,0,3,0,0,8,8
81,-7,8,0,2.961,885,0,11.071,1,0,0,0,0,885,580,580
81,-3,6,3,1.321,3,0,2.022,0,1,0,25,3,0,146,146
81,-5,6,3,1.252,0,0,0.000,0,1,0,93,0,0,128,128
81,-4,2,3,0.101,0,0,0.000,0,0,0,0,0,0,0,0
81,-3,1,3,0.841,0,0,0.000,0,0,0,0,0,0,0,0
81,-6,5,0,1.071,0,0,0.000,0,1,0,3,0,0,43,43
81,1,-1,3,23.931,0,0,0.000,0,0,0,0,0,0,0,0
81,-4,1,3,0.391,0,0,0.000,0,0,0,0,0,0,0,0
81,-5,2,2,0.351,0,0,0.000,0,0,0,0,0,0,0,0
81,-2,-3,0,0.511,0,0,0.000,0,0,0,0,0,0,0,0
81,1,-5,0,1.191,0,0,0.000,0,0,0,0,0,0,0,0
81,-7,7,0,4.311,224,0,5.862,1,0,0,15,0,224,440,440
81,2,1,2,0.531,0,0,0.000,0,0,0,0,0,0,0,0
82,1,-4,2,0.251,0,0,0.000,0,0,0,0,0,0,0,0
82,-3,0,3,0.211,0,0,0.000,0,0,0,0,0,0,0,0
82,-2,2,3,0.611,0,0,0.000,0,0,0,0,0,0,0,0
82,-1,-1,3,1.261,0,0,0.000,0,0,0,0,0,0,0,0
82,0,1,3,1.231,0,0,0.000,0,0,0,0,0,0,0,0
82,-5,3,2,0.681,0,0,0.000,0,0,0,0,0,0,0,0
82,-1,1,3,0.201,0,0,0.000,0,0,0,0,0,0,0,0
82,-2,-1,3,0.361,0,0,0.000,0,0,0,0,0,0,0,0
82,0,4,3,1.191,0,0,0.000,0,1,0,30,0,0,2,2
82,3,-6,0,1.481,0,0,0.000,0,0,0,0,0,0,0,0
82,-2,4,3,1.571,0,0,0.000,0,0,0,0,0,0,0,0
82,-2,0,3,0.231,0,0,0.000,0,0,0,0,0,0,0,0
82,0,2,3,0.381,0,0,0.000,0,0,0,0,0,0,0,0
82,-4,3,3,0.341,0,0,0.000,0,0,0,0,0,0,0,0
82,-5,9,0,1.001,1392,0,9.331,1,0,0,0,0,1392,305,305
82,-7,6,1,1.382,25,0,2.721,0,1,0,203,25,0,221,221
82,-3,2,3,0.161,0,0,0.000,0,0,0,0,0,0,0,0
82,2,-1,2,1.281,0,0,0.000,0,0,0,0,0,0,0,0
82,0,-4,1,0.381,0,0,0.000,0,0,0,0,0,0,0,0
82,-2,5,3,0.741,0,0,0.000,0,0,0,0,0,0,32,32
82,-4,6,3,1.191,0,0,0.000,0,4,0,924,0,0,55,55
82,-1,5,2,1.041,1,0,1.711,0,1,0,201,1,0,43,43
82,0,-3,2,0.161,0,0,0.000,0,0,0,0,0,0,0,0
82,-6,8,0,30.000,647,0,13.403,1,0,0,13,0,647,491,491
82,-1,-2,3,0.901,0,0,0.000,0,0,0,0,0,0,0,0
82,-2,3,3,0.371,0,0,0.000,0,0,0,0,0,0,0,0
82,-4,5,3,2.631,0,0,0.000,0,0,0,0,0,0,0,0
82,1,-3,3,0.201,0,0,0.000,0,0,0,0,0,0,0,0
82,0,-2,3,0.431,0,0,0.000,0,0,0,0,0,0,0,0
82,0,3,3,1.391,0,0,0.000,0,0,0,0,0,0,0,0
82,-6,6,2,1.962,5,0,2.471,0,1,0,25,5,0,34,34
82,-2,6,2,4.753,23,0,1.912,0,1,0,405,23,0,255,255
82,-3,3,3,0.411,0,0,0.000,0,0,0,0,0,0,0,0
82,2,-2,2,0.591,0,0,0.000,0,0,0,0,0,0,0,0
82,-4,-2,2,0.571,0,0,0.000,0,0,0,0,0,0,0,0
82,2,2,1,1.371,0,0,0.000,0,1,0,4,0,0,2,2
82,-5,1,0,0.961,0,0,0.000,0,0,0,0,0,0,0,0
82,2,-3,2,0.131,0,0,0.000,0,0,0,0,0,0,0,0
82,-4,0,2,0.221,0,0,0.000,0,0,0,0,0,0,0,0
82,-3,4,3,0.581,0,0,0.000,0,0,0,0,0,0,0,0
82,-4,8,1,30.000,626,0,7.021,1,1,0,122,0,626,418,418
82,1,2,2,1.601,0,0,0.000,0,0,0,0,0,0,0,0
82,-6,2,0,0.921,0,0,0.000,0,0,0,0,0,0,1,1
82,-5,-2,0,1.051,0,0,0.000,0,0,0,0,0,0,0,0
82,3,1,1,2.271,0,0,0.000,0,0,0,0,0,0,2,2
82,-6,7,2,1.321,102,0,2.541,0,1,0,797,102,0,241,241
82,2,-4,2,0.211,0,0,0.000,0,0,0,0,0,0,0,0
82,-1,3,3,0.931,0,0,0.000,0,0,0,0,0,0,0,0
82,-1,2,3,0.151,0,0,0.000,0,0,0,0,0,0,0,0
82,-5,8,1,1.351,613,0,5.351,0,1,0,817,613,0,572,572
82,1,4,2,1.863,30,0,2.372,0,2,0,716,30,0,140,140
82,1,0,3,0.161,0,0,0.000,0,0,0,0,0,0,0,0
82,-2,1,3,2.221,0,0,0.000,0,0,0,0,0,0,0,0
82,-5,0,1,1.141,0,0,0.000,0,0,0,0,0,0,0,0
82,2,0,3,1.901,0,0,0.000,0,0,0,0,0,0,0,0
82,2,4,1,1.804,267,0,5.711,0,1,0,681,267,0,417,417
82,-6,3,0,0.651,0,0,0.000,0,0,0,0,0,0,0,0
82,3,0,0,0.751,0,0,0.000,0,0,0,0,0,0,2,2
82,-5,4,2,1.431,0,0,0.000,0,0,0,0,0,0,0,0
82,1,-2,3,0.681,0,0,0.000,0,0,0,0,0,0,0,0
82,-4,-3,0,1.391,0,0,0.000,0,0,0,0,0,0,0,0
82,3,-5,0,0.261,0,0,0.000,0,0,0,0,0,0,0,0
82,0,6,0,1.451,562,0,5.751,1,0,0,0,0,562,349,349
82,2,5,0,2.861,911,0,9.781,1,0,0,0,0,911,384,384
82,-3,7,0,3.282,217,0,7.412,1,0,0,0,0,217,342,342
82,-5,5,3,1.571,0,0,0.000,0,0,0,0,0,0,6,6
82,2,-5,1,0.971,0,0,0.000,0,0,0,0,0,0,0,0
82,4,-3,0,2.041,0,0,0.000,0,0,0,0,0,0,0,0
82,-3,-3,0,0.211,0,0,0.000,0,0,0,0,0,0,0,0
82,-3,-1,3,0.231,0,0,0.000,0,0,0,0,0,0,0,0
82,0,5,3,0.793,57,57,-1.000,0,0,0,0,0,0,103,103
82,0,0,3,0.381,0,0,0.000,0,0,0,0,0,0,0,0
82,3,-1,0,0.281,0,0,0.000,0,0,0,0,0,0,0,0
82,-1,-4,0,0.471,0,0,0.000,0,0,0,0,0,0,0,0
82,3,-2,1,0.201,0,0,0.000,0,0,0,0,0,0,0,0
82,1,5,0,1.962,471,0,6.632,1,0,0,0,0,471,447,447
82,-3,-2,2,0.181,0,0,0.000,0,0,0,0,0,0,0,0
82,-1,0,3,0.381,0,0,0.000,0,0,0,0,0,0,0,0
82,-5,-1,1,1.404,0,0,0.000,0,0,0,0,0,0,0,0
82,0,-1,3,0.191,0,0,0.000,0,0,0,0,0,0,0,0
82,-2,7,0,1.612,420,0,5.772,1,0,0,0,0,420,518,518
82,-6,4,1,1.091,0,0,0.000,0,0,0,0,0,0,1,1
82,-4,4,3,1.321,0,0,0.000,0,0,0,0,0,0,0,0
82,1,1,3,0.351,0,0,0.000,0,0,0,0,0,0,0,0
82,3,-4,0,0.471,0,0,0.000,0,0,0,0,0,0,0,0
82,-4,-1,3,2.481,0,0,0.000,0,0,0,0,0,0,0,0
82,-1,4,3,0.752,0,0,0.000,0,1,0,1,0,0,8,8
82,1,3,3,0.771,0,0,0.000,0,0,0,0,0,0,5,5
82,2,3,0,1.921,4,0,1.991,1,0,0,0,0,4,125,125
82,-2,-2,3,0.181,0,0,0.000,0,0,0,0,0,0,0,0
82,3,-3,0,0.431,0,0,0.000,0,0,0,0,0,0,0,0
82,-4,7,2,0.891,291,0,4.091,0,3,1,1220,226,65,341,341
82,-1,-3,2,0.191,0,0,0.000,0,0,0,0,0,0,0,0
82,-5,7,2,5.103,51,0,7.753,0,1,1,609,38,13,295,295
82,-1,6,1,3.562,201,0,3.651,0,1,0,419,201,0,402,402
82,-3,5,3,0.541,0,0,0.000,0,1,0,6,0,0,1,1
82,-7,8,0,1.391,893,0,9.491,1,0,0,0,0,893,612,612
82,-3,6,3,2.081,6,0,1.832,0,1,0,22,6,0,136,136
82,-5,6,3,1.252,0,0,0.000,0,1,0,102,0,0,144,144
82,-4,2,3,1.751,0,0,0.000,0,0,0,0,0,0,0,0
82,-3,1,3,0.181,0,0,0.000,0,0,0,0,0,0,0,0
82,-6,5,0,0.651,0,0,0.000,0,1,0,5,0,0,34,34
82,1,-1,3,0.371,0,0,0.000,0,0,0,0,0,0,0,0
82,-4,1,3,0.591,0,0,0.000,0,0,0,0,0,0,0,0
82,-5,2,2,0.411,0,0,0.000,0,0,0,0,0,0,0,0
82,-2,-3,0,1.621,0,0,0.000,0,0,0,0,0,0,0,0
82,1,-5,0,0.111,0,0,0.000,0,0,0,0,0,0,0,0
82,-7,7,0,2.331,218,0,4.441,1,0,0,0,0,218,426,426
82,2,1,2,1.611,0,0,0.000,0,0,0,0,0,0,0,0
83,1,-4,2,0.771,0,0,0.000,0,0,0,0,0,0,0,0
83,-3,0,3,7.891,0,0,0.000,0,0,0,0,0,0,0,0
83,-2,2,3,0.222,0,0,0.000,0,0,0,0,0,0,0,0
83,-1,-1,3,0.121,0,0,0.000,0,0,0,0,0,0,0,0
83,0,1,3,0.112,0,0,0.000,0,0,0,0,0,0,0,0
83,-5,3,2,0.911,0,0,0.000,0,0,0,0,0,0,0,0
83,-1,1,3,0.201,0,0,0.000,0,0,0,0,0,0,0,0
83,-2,-1,3,0.361,0,0,0.000,0,0,0,0,0,0,0,0
83,0,4,3,1.431,0,0,0.000,0,2,0,66,0,0,1,1
83,3,-6,0,0.461,0,0,0.000,0,0,0,0,0,0,0,0
83,-2,4,3,1.571,0,0,0.000,0,0,0,0,0,0,0,0
83,-2,0,3,1.091,0,0,0.000,0,0,0,0,0,0,0,0
83,0,2,3,0.781,0,0,0.000,0,0,0,0,0,0,0,0
83,-4,3,3,0.341,0,0,0.000,0,0,0,0,0,0,0,0
83,-5,9,0,1.001,1402,0,9.311,1,0,0,0,0,1402,333,333
83,-7,6,1,1.531,35,0,3.592,1,1,1,232,0,35,217,217
83,-3,2,3,0.251,0,0,0.000,0,0,0,0,0,0,0,0
83,2,-1,2,1.581,0,0,0.000,0,0,0,0,0,0,0,0
83,0,-4,1,0.381,0,0,0.000,0,0,0,0,0,0,0,0
83,-2,5,3,1.221,0,0,0.000,0,0,0,0,0,0,31,31
83,-4,6,3,1.671,0,0,0.000,0,4,0,936,0,0,60,60
83,-1,5,2,2.511,2,0,1.741,0,1,0,201,2,0,39,39
83,0,-3,2,0.781,0,0,0.000,0,0,0,0,0,0,0,0
83,-6,8,0,1.993,594,0,7.813,1,0,0,0,0,594,496,496
83,-1,-2,3,0.441,0,0,0.000,0,0,0,0,0,0,0,0
83,-2,3,3,0.181,0,0,0.000,0,0,0,0,0,0,0,0
83,-4,5,3,0.692,0,0,0.000,0,0,0,0,0,0,0,0
83,1,-3,3,1.041,0,0,0.000,0,0,0,0,0,0,0,0
83,0,-2,3,0.241,0,0,0.000,0,0,0,0,0,0,0,0
83,0,3,3,0.574,0,0,0.000,0,0,0,0,0,0,0,0
83,-6,6,2,1.112,3,0,3.182,0,1,1,35,0,3,37,37
83,-2,6,2,4.541,19,0,2.932,0,1,0,415,19,0,232,232
83,-3,3,3,0.621,0,0,0.000,0,0,0,0,0,0,0,0
83,2,-2,2,1.071,0,0,0.000,0,0,0,0,0,0,0,0
83,-4,-2,2,1.351,0,0,0.000,0,0,0,0,0,0,0,0
83,2,2,1,1.141,0,0,0.000,0,1,0,1,0,0,4,4
83,-5,1,0,0.194,0,0,0.000,0,0,0,0,0,0,0,0
83,2,-3,2,0.271,0,0,0.000,0,0,0,0,0,0,0,0
83,-4,0,2,0.371,0,0,0.000,0,0,0,0,0,0,0,0
83,-3,4,3,0.421,0,0,0.000,0,0,0,0,0,0,0,0
83,-4,8,1,4.294,602,0,7.311,1,1,0,133,0,602,377,377
83,1,2,2,0.753,0,0,0.000,0,0,0,0,0,0,0,0
83,-6,2,0,1.751,0,0,0.000,0,0,0,0,0,0,0,0
83,-5,-2,0,0.791,0,0,0.000,0,0,0,0,0,0,0,0
83,3,1,1,2.181,0,0,0.000,0,0,0,0,0,0,1,1
83,-6,7,2,1.511,108,0,2.881,0,1,0,788,108,0,227,227
83,2,-4,2,0.371,0,0,0.000,0,0,0,0,0,0,0,0
83,-1,3,3,0.451,0,0,0.000,0,0,0,0,0,0,0,0
83,-1,2,3,2.551,0,0,0.000,0,0,0,0,0,0,0,0
83,-5,8,1,1.151,614,0,5.161,0,1,0,815,614,0,570,570
83,1,4,2,1.693,33,0,2.281,0,2,0,722,33,0,151,151
83,1,0,3,0.241,0,0,0.000,0,0,0,0,0,0,0,0
83,-2,1,3,0.651,0,0,0.000,0,0,0,0,0,0,0,0
83,-5,0,1,0.531,0,0,0.000,0,0,0,0,0,0,0,0
83,2,0,3,1.851,0,0,0.000,0,0,0,0,0,0,0,0
83,2,4,1,2.653,260,0,4.501,0,1,0,678,260,0,439,439
83,-6,3,0,0.651,0,0,0.000,0,0,0,0,0,0,0,0
83,3,0,0,0.751,0,0,0.000,0,0,0,0,0,0,1,1
83,-5,4,2,5.284,0,0,0.000,0,0,0,0,0,0,0,0
83,1,-2,3,29.431,0,0,0.000,0,0,0,0,0,0,0,0
83,-4,-3,0,3.071,0,0,0.000,0,0,0,0,0,0,0,0
83,3,-5,0,1.151,0,0,0.000,0,0,0,0,0,0,0,0
83,0,6,0,1.451,574,0,5.831,1,0,0,0,0,574,355,355
83,2,5,0,1.811,890,0,8.701,1,0,0,0,0,890,395,395
83,-3,7,0,3.942,210,0,7.942,1,0,0,0,0,210,350,350
83,-5,5,3,0.792,0,0,0.000,0,0,0,0,0,0,8,8
83,2,-5,1,0.461,0,0,0.000,0,0,0,0,0,0,0,0
83,4,-3,0,0.431,0,0,0.000,0,0,0,0,0,0,0,0
83,-3,-3,0,0.811,0,0,0.000,0,0,0,0,0,0,0,0
83,-3,-1,3,0.641,0,0,0.000,0,0,0,0,0,0,0,0
83,0,5,3,0.793,48,48,-1.000,0,0,0,0,0,0,130,130
83,0,0,3,0.381,0,0,0.000,0,0,0,0,0,0,0,0
83,3,-1,0,0.431,0,0,0.000,0,0,0,0,0,0,0,0
83,-1,-4,0,0.241,0,0,0.000,0,0,0,0,0,0,0,0
83,3,-2,1,0.201,0,0,0.000,0,0,0,0,0,0,0,0
83,1,5,0,2.142,489,0,7.032,1,0,0,0,0,489,433,433
83,-3,-2,2,0.561,0,0,0.000,0,0,0,0,0,0,0,0
83,-1,0,3,0.381,0,0,0.000,0,0,0,0,0,0,0,0
83,-5,-1,1,2.151,0,0,0.000,0,0,0,0,0,0,0,0
83,0,-1,3,2.011,0,0,0.000,0,0,0,0,0,0,0,0
83,-2,7,0,2.662,431,0,6.922,1,0,0,0,0,431,454,454
83,-6,4,1,1.383,0,0,0.000,0,0,0,0,0,0,1,1
83,-4,4,3,0.371,0,0,0.000,0,0,0,0,0,0,0,0
83,1,1,3,0.351,0,0,0.000,0,0,0,0,0,0,0,0
83,3,-4,0,0.471,0,0,0.000,0,0,0,0,0,0,0,0
83,-4,-1,3,0.481,0,0,0.000,0,0,0,0,0,0,0,0
83,-1,4,3,0.752,0,0,0.000,0,1,0,2,0,0,4,4
83,1,3,3,1.411,0,0,0.000,0,0,0,0,0,0,8,8
83,2,3,0,1.753,1,0,1.783,1,0,0,0,0,1,113,113
83,-2,-2,3,0.711,0,0,0.000,0,0,0,0,0,0,0,0
83,3,-3,0,0.461,0,0,0.000,0,0,0,0,0,0,0,0
83,-4,7,2,1.311,300,0,4.181,0,3,1,1175,300,0,306,306
83,-1,-3,2,0.191,0,0,0.000,0,0,0,0,0,0,0,0
83,-5,7,2,4.832,36,0,2.433,0,1,0,567,36,0,268,268
83,-1,6,1,4.162,203,0,3.651,0,1,0,427,203,0,398,398
83,-3,5,3,1.552,0,0,0.000,0,1,0,3,0,0,9,9
83,-7,8,0,1.671,886,0,9.681,1,0,0,0,0,886,612,612
83,-3,6,3,2.841,3,0,2.852,0,1,0,18,3,0,143,143
83,-5,6,3,1.252,0,0,0.000,0,1,0,108,0,0,121,121
83,-4,2,3,0.211,0,0,0.000,0,0,0,0,0,0,0,0
83,-3,1,3,0.181,0,0,0.000,0,0,0,0,0,0,0,0
83,-6,5,0,0.961,0,0,0.000,0,0,0,0,0,0,23,23
83,1,-1,3,0.181,0,0,0.000,0,0,0,0,0,0,0,0
83,-4,1,3,0.191,0,0,0.000,0,0,0,0,0,0,0,0
83,-5,2,2,0.771,0,0,0.000,0,0,0,0,0,0,0,0
83,-2,-3,0,0.691,0,0,0.000,0,0,0,0,0,0,0,0
83,1,-5,0,0.231,0,0,0.000,0,0,0,0,0,0,0,0
83,-7,7,0,30.000,229,0,5.941,1,0,0,16,0,229,428,428
83,2,1,2,0.531,0,0,0.000,0,0,0,0,0,0,0,0
84,1,-4,2,0.771,0,0,0.000,0,0,0,0,0,0,0,0
84,-3,0,3,0.571,0,0,0.000,0,0,0,0,0,0,0,0
84,-2,2,3,0.311,0,0,0.000,0,0,0,0,0,0,0,0
84,-1,-1,3,0.151,0,0,0.000,0,0,0,0,0,0,0,0
84,0,1,3,0.111,0,0,0.000,0,0,0,0,0,0,0,0
84,-5,3,2,0.451,0,0,0.000,0,0,0,0,0,0,0,0
84,-1,1,3,1.011,0,0,0.000,0,0,0,0,0,0,0,0
84,-2,-1,3,0.181,0,0,0.000,0,0,0,0,0,0,0,0
84,0,4,3,1.191,0,0,0.000,0,2,0,44,0,0,2,2
84,3,-6,0,2.381,0,0,0.000,0,0,0,0,0,0,0,0
84,-2,4,3,1.362,0,0,0.000,0,0,0,0,0,0,0,0
84,-2,0,3,1.091,0,0,0.000,0,0,0,0,0,0,0,0
84,0,2,3,0.981,0,0,0.000,0,0,0,0,0,0,0,0
84,-4,3,3,0.911,0,0,0.000,0,0,0,0,0,0,0,0
84,-5,9,0,1.601,1367,0,9.591,1,0,0,0,0,1367,339,339
84,-7,6,1,2.222,37,0,3.201,0,1,0,220,37,0,225,225
84,-3,2,3,1.271,0,0,0.000,0,0,0,0,0,0,0,0
84,2,-1,2,1.491,0,0,0.000,0,0,0,0,0,0,0,0
84,0,-4,1,0.831,0,0,0.000,0,0,0,0,0,0,0,0
84,-2,5,3,1.861,0,0,0.000,0,0,0,0,0,0,49,49
84,-4,6,3,1.431,0,0,0.000,0,4,0,1009,0,0,64,64
84,-1,5,2,5.241,0,0,0.000,0,1,0,203,0,0,43,43
84,0,-3,2,0.731,0,0,0.000,0,0,0,0,0,0,0,0
84,-6,8,0,1.993,623,0,8.023,1,0,0,0,0,623,474,474
84,-1,-2,3,1.131,0,0,0.000,0,0,0,0,0,0,0,0
84,-2,3,3,0.181,0,0,0.000,0,0,0,0,0,0,0,0
84,-4,5,3,2.012,0,0,0.000,0,0,0,0,0,0,0,0
84,1,-3,3,5.501,0,0,0.000,0,0,0,0,0,0,0,0
84,0,-2,3,0.981,0,0,0.000,0,0,0,0,0,0,0,0
84,0,3,3,1.601,0,0,0.000,0,0,0,0,0,0,0,0
84,-6,6,2,1.523,2,0,2.791,0,1,0,37,2,0,31,31
84,-2,6,2,3.502,19,0,1.892,0,1,0,415,19,0,261,261
84,-3,3,3,0.201,0,0,0.000,0,0,0,0,0,0,0,0
84,2,-2,2,0.191,0,0,0.000,0,0,0,0,0,0,0,0
84,-4,-2,2,0.421,0,0,0.000,0,0,0,0,0,0,0,0
84,2,2,1,1.114,0,0,0.000,0,1,0,3,0,0,2,2
84,-5,1,0,0.961,0,0,0.000,0,0,0,0,0,0,0,0
84,2,-3,2,0.241,0,0,0.000,0,0,0,0,0,0,0,0
84,-4,0,2,0.601,0,0,0.000,0,0,0,0,0,0,0,0
84,-3,4,3,1.081,0,0,0.000,0,0,0,0,0,0,0,0
84,-4,8,1,3.811,609,0,7.311,1,1,0,169,0,609,400,400
84,1,2,2,1.812,0,0,0.000,0,0,0,0,0,0,0,0
84,-6,2,0,1.311,0,0,0.000,0,0,0,0,0,0,0,0
84,-5,-2,0,2.391,0,0,0.000,0,0,0,0,0,0,0,0
84,3,1,1,11.091,0,0,0.000,0,0,0,0,0,0,2,2
84,-6,7,2,2.923,83,0,2.211,0,1,0,804,83,0,282,282
84,2,-4,2,0.321,0,0,0.000,0,0,0,0,0,0,0,0
84,-1,3,3,0.871,0,0,0.000,0,0,0,0,0,0,0,0
84,-1,2,3,0.311,0,0,0.000,0,0,0,0,0,0,0,0
84,-5,8,1,2.383,636,0,5.781,0,1,0,783,636,0,589,589
84,1,4,2,19.373,22,0,2.452,0,2,0,706,22,0,156,156
84,1,0,3,0.161,0,0,0.000,0,0,0,0,0,0,0,0
84,-2,1,3,1.881,0,0,0.000,0,0,0,0,0,0,0,0
84,-5,0,1,0.551,0,0,0.000,0,0,0,0,0,0,0,0
84,2,0,3,2.161,0,0,0.000,0,0,0,0,0,0,0,0
84,2,4,1,2.143,262,0,4.802,0,1,0,685,262,0,409,409
84,-6,3,0,1.161,0,0,0.000,0,0,0,0,0,0,0,0
84,3,0,0,2.651,0,0,0.000,0,0,0,0,0,0,0,0
84,-5,4,2,0.681,0,0,0.000,0,0,0,0,0,0,0,0
84,1,-2,3,0.681,0,0,0.000,0,0,0,0,0,0,0,0
84,-4,-3,0,0.671,0,0,0.000,0,0,0,0,0,0,0,0
84,3,-5,0,0.171,0,0,0.000,0,0,0,0,0,0,0,0
84,0,6,0,2.091,573,0,6.551,1,0,0,0,0,573,339,339
84,2,5,0,2.092,903,0,9.052,1,0,0,0,0,903,377,377
84,-3,7,0,3.722,235,0,7.722,1,0,0,0,0,235,337,337
84,-5,5,3,0.993,0,0,0.000,0,0,0,0,0,0,4,4
84,2,-5,1,0.331,0,0,0.000,0,0,0,0,0,0,0,0
84,4,-3,0,0.431,0,0,0.000,0,0,0,0,0,0,0,0
84,-3,-3,0,0.211,0,0,0.000,0,0,0,0,0,0,0,0
84,-3,-1,3,0.231,0,0,0.000,0,0,0,0,0,0,0,0
84,0,5,3,0.792,39,39,-1.000,0,0,0,0,0,0,98,98
84,0,0,3,0.711,0,0,0.000,0,0,0,0,0,0,0,0
84,3,-1,0,0.581,0,0,0.000,0,0,0,0,0,0,0,0
84,-1,-4,0,0.151,0,0,0.000,0,0,0,0,0,0,0,0
84,3,-2,1,0.201,0,0,0.000,0,0,0,0,0,0,0,0
84,1,5,0,2.322,466,0,7.022,1,0,0,0,0,466,411,411
84,-3,-2,2,0.561,0,0,0.000,0,0,0,0,0,0,0,0
84,-1,0,3,0.381,0,0,0.000,0,0,0,0,0,0,0,0
84,-5,-1,1,1.321,0,0,0.000,0,0,0,0,0,0,0,0
84,0,-1,3,0.811,0,0,0.000,0,0,0,0,0,0,0,0
84,-2,7,0,1.612,428,0,5.872,1,0,0,0,0,428,501,501
84,-6,4,1,1.781,0,0,0.000,0,0,0,0,0,0,1,1
84,-4,4,3,0.751,0,0,0.000,0,0,0,0,0,0,0,0
84,1,1,3,0.191,0,0,0.000,0,0,0,0,0,0,0,0
84,3,-4,0,0.251,0,0,0.000,0,0,0,0,0,0,0,0
84,-4,-1,3,1.591,0,0,0.000,0,0,0,0,0,0,0,0
84,-1,4,3,0.752,0,0,0.000,0,0,0,0,0,0,7,7
84,1,3,3,0.931,0,0,0.000,0,0,0,0,0,0,14,14
84,2,3,0,2.803,3,0,2.863,1,0,0,0,0,3,102,102
84,-2,-2,3,0.181,0,0,0.000,0,0,0,0,0,0,0,0
84,3,-3,0,1.331,0,0,0.000,0,0,0,0,0,0,0,0
84,-4,7,2,1.311,321,0,4.991,0,3,1,1177,222,99,336,336
84,-1,-3,2,0.391,0,0,0.000,0,0,0,0,0,0,0,0
84,-5,7,2,8.882,46,0,2.563,0,1,0,588,46,0,285,285
84,-1,6,1,2.781,203,0,4.331,0,1,0,435,203,0,373,373
84,-3,5,3,0.541,0,0,0.000,0,1,0,5,0,0,7,7
84,-7,8,0,1.251,878,0,9.421,1,0,0,0,0,878,589,589
84,-3,6,3,1.131,5,0,1.822,0,1,0,19,5,0,137,137
84,-5,6,3,2.181,0,0,0.000,0,1,0,83,0,0,118,118
84,-4,2,3,0.101,0,0,0.000,0,0,0,0,0,0,0,0
84,-3,1,3,1.031,0,0,0.000,0,0,0,0,0,0,0,0
84,-6,5,0,0.931,0,0,0.000,0,1,0,2,0,0,30,30
84,1,-1,3,0.561,0,0,0.000,0,0,0,0,0,0,0,0
84,-4,1,3,0.191,0,0,0.000,0,0,0,0,0,0,0,0
84,-5,2,2,2.331,0,0,0.000,0,0,0,0,0,0,0,0
84,-2,-3,0,0.331,0,0,0.000,0,0,0,0,0,0,0,0
84,1,-5,0,0.471,0,0,0.000,0,0,0,0,0,0,0,0
84,-7,7,0,2.691,234,0,4.971,1,0,0,0,0,234,397,397
84,2,1,2,0.891,0,0,0.000,0,0,0,0,0,0,0,0
85,1,-4,2,0.511,0,0,0.000,0,0,0,0,0,0,0,0
85,-3,0,3,1.231,0,0,0.000,0,0,0,0,0,0,0,0
85,-2,2,3,1.001,0,0,0.000,0,0,0,0,0,0,0,0
85,-1,-1,3,0.611,0,0,0.000,0,0,0,0,0,0,0,0
85,0,1,3,0.112,0,0,0.000,0,0,0,0,0,0,0,0
85,-5,3,2,0.451,0,0,0.000,0,0,0,0,0,0,0,0
85,-1,1,3,0.591,0,0,0.000,0,0,0,0,0,0,0,0
85,-2,-1,3,0.181,0,0,0.000,0,0,0,0,0,0,0,0
85,0,4,3,1.431,0,0,0.000,0,2,0,74,0,0,0,0
85,3,-6,0,0.231,0,0,0.000,0,0,0,0,0,0,0,0
85,-2,4,3,0.881,0,0,0.000,0,0,0,0,0,0,0,0
85,-2,0,3,0.651,0,0,0.000,0,0,0,0,0,0,0,0
85,0,2,3,0.581,0,0,0.000,0,0,0,0,0,0,0,0
85,-4,3,3,0.341,0,0,0.000,0,0,0,0,0,0,0,0
85,-5,9,0,1.001,1414,0,9.191,1,0,0,0,0,1414,293,293
85,-7,6,1,1.872,23,0,3.832,1,1,0,228,0,23,218,218
85,-3,2,3,0.501,0,0,0.000,0,0,0,0,0,0,0,0
85,2,-1,2,0.591,0,0,0.000,0,0,0,0,0,0,0,0
85,0,-4,1,1.321,0,0,0.000,0,0,0,0,0,0,0,0
85,-2,5,3,0.901,0,0,0.000,0,0,0,0,0,0,34,34
85,-4,6,3,3.362,0,0,0.000,0,3,0,684,0,0,66,66
85,-1,5,2,2.511,0,0,0.000,0,1,0,196,0,0,51,51
85,0,-3,2,0.161,0,0,0.000,0,0,0,0,0,0,0,0
85,-6,8,0,2.593,621,0,8.583,1,0,0,0,0,621,496,496
85,-1,-2,3,1.591,0,0,0.000,0,0,0,0,0,0,0,0
85,-2,3,3,0.181,0,0,0.000,0,0,0,0,0,0,0,0
85,-4,5,3,0.702,0,0,0.000,0,1,0,1,0,0,0,0
85,1,-3,3,0.411,0,0,0.000,0,0,0,0,0,0,0,0
85,0,-2,3,0.231,0,0,0.000,0,0,0,0,0,0,0,0
85,0,3,3,0.574,0,0,0.000,0,0,0,0,0,0,0,0
85,-6,6,2,1.452,2,0,3.522,0,1,1,23,0,2,30,30
85,-2,6,2,3.502,19,0,3.442,0,1,0,400,19,0,236,236
85,-3,3,3,1.461,0,0,0.000,0,0,0,0,0,0,0,0
85,2,-2,2,0.511,0,0,0.000,0,0,0,0,0,0,0,0
85,-4,-2,2,0.271,0,0,0.000,0,0,0,0,0,0,0,0
85,2,2,1,1.274,0,0,0.000,0,1,0,2,0,0,2,2
85,-5,1,0,0.561,0,0,0.000,0,0,0,0,0,0,0,0
85,2,-3,2,0.381,0,0,0.000,0,0,0,0,0,0,0,0
85,-4,0,2,0.451,0,0,0.000,0,0,0,0,0,0,0,0
85,-3,4,3,2.121,0,0,0.000,0,0,0,0,0,0,0,0
85,-4,8,1,3.571,613,0,6.391,0,1,0,60,613,0,384,384
85,1,2,2,2.381,0,0,0.000,0,0,0,0,0,0,0,0
85,-6,2,0,0.651,0,0,0.000,0,0,0,0,0,0,0,0
85,-5,-2,0,1.031,0,0,0.000,0,0,0,0,0,0,0,0
85,3,1,1,1.221,0,0,0.000,0,0,0,0,0,0,1,1
85,-6,7,2,1.321,100,0,2.384,0,1,0,796,100,0,232,232
85,2,-4,2,1.421,0,0,0.000,0,0,0,0,0,0,0,0
85,-1,3,3,1.031,0,0,0.000,0,0,0,0,0,0,0,0
85,-1,2,3,0.151,0,0,0.000,0,0,0,0,0,0,0,0
85,-5,8,1,1.421,652,0,5.301,0,1,0,803,652,0,548,548
85,1,4,2,3.563,37,0,2.392,0,2,0,672,37,0,145,145
85,1,0,3,0.241,0,0,0.000,0,0,0,0,0,0,0,0
85,-2,1,3,1.541,0,0,0.000,0,0,0,0,0,0,0,0
85,-5,0,1,0.531,0,0,0.000,0,0,0,0,0,0,0,0
85,2,0,3,0.921,0,0,0.000,0,0,0,0,0,0,0,0
85,2,4,1,1.803,258,0,4.532,0,1,0,663,258,0,420,420
85,-6,3,0,1.071,0,0,0.000,0,0,0,0,0,0,0,0
85,3,0,0,0.941,0,0,0.000,0,0,0,0,0,0,2,2
85,-5,4,2,0.911,0,0,0.000,0,0,0,0,0,0,0,0
85,1,-2,3,1.141,0,0,0.000,0,0,0,0,0,0,0,0
85,-4,-3,0,1.151,0,0,0.000,0,0,0,0,0,0,0,0
85,3,-5,0,0.431,0,0,0.000,0,0,0,0,0,0,0,0
85,0,6,0,2.021,570,0,6.451,1,0,0,0,0,570,366,366
85,2,5,0,1.882,885,0,8.622,1,0,0,0,0,885,397,397
85,-3,7,0,2.401,234,0,6.442,1,0,0,0,0,234,334,334
85,-5,5,3,0.971,0,0,0.000,0,0,0,0,0,0,8,8
85,2,-5,1,0.331,0,0,0.000,0,0,0,0,0,0,0,0
85,4,-3,0,25.501,0,0,0.000,0,0,0,0,0,0,0,0
85,-3,-3,0,1.171,0,0,0.000,0,0,0,0,0,0,0,0
85,-3,-1,3,0.141,0,0,0.000,0,0,0,0,0,0,0,0
85,0,5,3,0.792,38,38,-1.000,0,0,0,0,0,0,128,128
85,0,0,3,0.251,0,0,0.000,0,0,0,0,0,0,0,0
85,3,-1,0,1.781,0,0,0.000,0,0,0,0,0,0,0,0
85,-1,-4,0,0.151,0,0,0.000,0,0,0,0,0,0,0,0
85,3,-2,1,0.831,0,0,0.000,0,0,0,0,0,0,0,0
85,1,5,0,2.142,451,0,6.572,1,0,0,0,0,451,413,413
85,-3,-2,2,0.371,0,0,0.000,0,0,0,0,0,0,0,0
85,-1,0,3,0.601,0,0,0.000,0,0,0,0,0,0,0,0
85,-5,-1,1,1.002,0,0,0.000,0,0,0,0,0,0,0,0
85,0,-1,3,0.371,0,0,0.000,0,0,0,0,0,0,0,0
85,-2,7,0,3.162,410,0,7.272,1,0,0,0,0,410,463,463
85,-6,4,1,2.662,0,0,0.000,0,0,0,0,0,0,4,4
85,-4,4,3,1.511,0,0,0.000,0,0,0,0,0,0,0,0
85,1,1,3,0.191,0,0,0.000,0,0,0,0,0,0,0,0
85,3,-4,0,0.501,0,0,0.000,0,0,0,0,0,0,0,0
85,-4,-1,3,0.591,0,0,0.000,0,0,0,0,0,0,0,0
85,-1,4,3,0.752,0,0,0.000,0,0,0,0,0,0,8,8
85,1,3,3,1.731,0,0,0.000,0,0,0,0,0,0,15,15
85,2,3,0,1.842,2,0,1.882,1,0,0,0,0,2,119,119
85,-2,-2,3,0.181,0,0,0.000,0,0,0,0,0,0,0,0
85,3,-3,0,0.581,0,0,0.000,0,0,0,0,0,0,0,0
85,-4,7,2,1.491,319,0,4.371,0,2,0,803,319,0,299,299
85,-1,-3,2,0.391,0,0,0.000,0,0,0,0,0,0,0,0
85,-5,7,2,5.643,46,0,3.143,0,1,0,584,46,0,289,289
85,-1,6,1,2.362,196,0,4.171,0,1,0,432,196,0,401,401
85,-3,5,3,1.101,0,0,0.000,0,1,0,8,0,0,7,7
85,-7,8,0,1.254,883,0,9.344,1,0,0,0,0,883,582,582
85,-3,6,3,1.131,8,0,3.392,0,1,0,19,8,0,146,146
85,-5,6,3,1.341,1,0,1.404,0,1,0,100,1,0,127,127
85,-4,2,3,0.211,0,0,0.000,0,0,0,0,0,0,0,0
85,-3,1,3,0.841,0,0,0.000,0,0,0,0,0,0,0,0
85,-6,5,0,2.501,0,0,0.000,0,0,0,0,0,0,30,30
85,1,-1,3,0.371,0,0,0.000,0,0,0,0,0,0,0,0
85,-4,1,3,0.391,0,0,0.000,0,0,0,0,0,0,0,0
85,-5,2,2,2.331,0,0,0.000,0,0,0,0,0,0,0,0
85,-2,-3,0,0.171,0,0,0.000,0,0,0,0,0,0,0,0
85,1,-5,0,0.231,0,0,0.000,0,0,0,0,0,0,0,0
85,-7,7,0,4.671,226,0,7.011,1,0,0,0,0,226,407,407
85,2,1,2,0.531,0,0,0.000,0,0,0,0,0,0,0,0
86,1,-4,2,0.771,0,0,0.000,0,0,0,0,0,0,0,0
86,-3,0,3,1.291,0,0,0.000,0,0,0,0,0,0,0,0
86,-2,2,3,1.231,0,0,0.000,0,0,0,0,0,0,0,0
86,-1,-1,3,0.221,0,0,0.000,0,0,0,0,0,0,0,0
86,0,1,3,0.821,0,0,0.000,0,0,0,0,0,0,0,0
86,-5,3,2,1.601,0,0,0.000,0,0,0,0,0,0,0,0
86,-1,1,3,0.201,0,0,0.000,0,0,0,0,0,0,0,0
86,-2,-1,3,0.361,0,0,0.000,0,0,0,0,0,0,0,0
86,0,4,3,2.871,0,0,0.000,0,1,0,33,0,0,2,2
86,3,-6,0,0.231,0,0,0.000,0,0,0,0,0,0,0,0
86,-2,4,3,0.453,0,0,0.000,0,0,0,0,0,0,0,0
86,-2,0,3,0.871,0,0,0.000,0,0,0,0,0,0,0,0
86,0,2,3,0.451,0,0,0.000,0,0,0,0,0,0,0,0
86,-4,3,3,0.531,0,0,0.000,0,0,0,0,0,0,0,0
86,-5,9,0,2.051,1391,0,9.931,1,0,0,0,0,1391,314,314
86,-7,6,1,1.643,30,0,3.321,0,1,0,224,30,0,197,197
86,-3,2,3,0.331,0,0,0.000,0,0,0,0,0,0,0,0
86,2,-1,2,0.891,0,0,0.000,0,0,0,0,0,0,0,0
86,0,-4,1,0.411,0,0,0.000,0,0,0,0,0,0,0,0
86,-2,5,3,1.381,0,0,0.000,0,0,0,0,0,0,48,48
86,-4,6,3,2.241,0,0,0.000,0,4,0,965,0,0,68,68
86,-1,5,2,1.041,0,0,0.000,0,1,0,197,0,0,40,40
86,0,-3,2,0.681,0,0,0.000,0,0,0,0,0,0,0,0
86,-6,8,0,1.993,623,0,8.073,1,0,0,0,0,623,517,517
86,-1,-2,3,1.821,0,0,0.000,0,0,0,0,0,0,0,0
86,-2,3,3,1.321,0,0,0.000,0,0,0,0,0,0,0,0
86,-4,5,3,0.651,0,0,0.000,0,1,0,1,0,0,0,0
86,1,-3,3,0.251,0,0,0.000,0,0,0,0,0,0,0,0
86,0,-2,3,0.261,0,0,0.000,0,0,0,0,0,0,0,0
86,0,3,3,0.781,0,0,0.000,0,0,0,0,0,0,0,0
86,-6,6,2,1.282,6,0,3.021,0,1,0,29,6,0,40,40
86,-2,6,2,8.134,20,0,2.332,0,1,0,400,20,0,241,241
86,-3,3,3,0.201,0,0,0.000,0,0,0,0,0,0,0,0
86,2,-2,2,1.021,0,0,0.000,0,0,0,0,0,0,0,0
86,-4,-2,2,0.271,0,0,0.000,0,0,0,0,0,0,0,0
86,2,2,1,30.000,0,0,0.000,0,1,0,1,0,0,3,3
86,-5,1,0,0.391,0,0,0.000,0,0,0,0,0,0,0,0
86,2,-3,2,0.661,0,0,0.000,0,0,0,0,0,0,0,0
86,-4,0,2,0.221,0,0,0.000,0,0,0,0,0,0,0,0
86,-3,4,3,2.341,0,0,0.000,0,0,0,0,0,0,0,0
86,-4,8,1,3.574,625,0,7.361,1,1,0,142,0,625,381,381
86,1,2,2,0.753,0,0,0.000,0,0,0,0,0,0,0,0
86,-6,2,0,0.962,0,0,0.000,0,0,0,0,0,0,0,0
86,-5,-2,0,1.591,0,0,0.000,0,0,0,0,0,0,0,0
86,3,1,1,2.691,0,0,0.000,0,0,0,0,0,0,4,4
86,-6,7,2,1.903,95,0,3.301,0,1,0,790,95,0,236,236
86,2,-4,2,1.471,0,0,0.000,0,0,0,0,0,0,0,0
86,-1,3,3,0.791,0,0,0.000,0,0,0,0,0,0,0,0
86,-1,2,3,3.511,0,0,0.000,0,0,0,0,0,0,0,0
86,-5,8,1,1.271,653,0,6.461,0,1,0,772,653,0,551,551
86,1,4,2,1.353,33,0,1.932,0,2,0,732,33,0,131,131
86,1,0,3,0.161,0,0,0.000,0,0,0,0,0,0,0,0
86,-2,1,3,1.631,0,0,0.000,0,0,0,0,0,0,0,0
86,-5,0,1,0.652,0,0,0.000,0,0,0,0,0,0,0,0
86,2,0,3,1.901,0,0,0.000,0,0,0,0,0,0,0,0
86,2,4,1,1.464,278,0,4.232,0,1,0,659,278,0,430,430
86,-6,3,0,0.651,0,0,0.000,0,0,0,0,0,0,0,0
86,3,0,0,3.431,0,0,0.000,0,0,0,0,0,0,0,0
86,-5,4,2,1.141,0,0,0.000,0,0,0,0,0,0,0,0
86,1,-2,3,0.221,0,0,0.000,0,0,0,0,0,0,0,0
86,-4,-3,0,0.711,0,0,0.000,0,0,0,0,0,0,0,0
86,3,-5,0,0.351,0,0,0.000,0,0,0,0,0,0,0,0
86,0,6,0,3.631,552,0,7.941,1,0,0,0,0,552,339,339
86,2,5,0,1.462,889,0,8.162,1,0,0,0,0,889,396,396
86,-3,7,0,3.722,213,0,7.892,1,0,0,0,0,213,327,327
86,-5,5,3,0.971,0,0,0.000,0,0,0,0,0,0,10,10
86,2,-5,1,3.351,0,0,0.000,0,0,0,0,0,0,0,0
86,4,-3,0,0.431,0,0,0.000,0,0,0,0,0,0,0,0
86,-3,-3,0,0.691,0,0,0.000,0,0,0,0,0,0,0,0
86,-3,-1,3,0.111,0,0,0.000,0,0,0,0,0,0,0,0
86,0,5,3,2.392,33,33,-1.000,0,0,0,0,0,0,112,112
86,0,0,3,2.071,0,0,0.000,0,0,0,0,0,0,0,0
86,3,-1,0,1.181,0,0,0.000,0,0,0,0,0,0,0,0
86,-1,-4,0,0.301,0,0,0.000,0,0,0,0,0,0,0,0
86,3,-2,1,0.411,0,0,0.000,0,0,0,0,0,0,0,0
86,1,5,0,2.732,472,0,7.632,1,0,0,0,0,472,414,414
86,-3,-2,2,0.371,0,0,0.000,0,0,0,0,0,0,0,0
86,-1,0,3,1.701,0,0,0.000,0,0,0,0,0,0,0,0
86,-5,-1,1,2.103,0,0,0.000,0,0,0,0,0,0,0,0
86,0,-1,3,0.611,0,0,0.000,0,0,0,0,0,0,0,0
86,-2,7,0,2.032,413,0,6.142,1,0,0,0,0,413,489,489
86,-6,4,1,1.551,0,0,0.000,0,0,0,0,0,0,1,1
86,-4,4,3,0.561,0,0,0.000,0,0,0,0,0,0,0,0
86,1,1,3,0.391,0,0,0.000,0,0,0,0,0,0,0,0
86,3,-4,0,0.251,0,0,0.000,0,0,0,0,0,0,0,0
86,-4,-1,3,0.341,0,0,0.000,0,0,0,0,0,0,0,0
86,-1,4,3,0.752,0,0,0.000,0,0,0,0,0,0,8,8
86,1,3,3,0.931,0,0,0.000,0,0,0,0,0,0,4,4
86,2,3,0,2.363,1,0,2.383,1,0,0,0,0,1,105,105
86,-2,-2,3,1.421,0,0,0.000,0,0,0,0,0,0,0,0
86,3,-3,0,1.181,0,0,0.000,0,0,0,0,0,0,0,0
86,-4,7,2,1.191,308,0,5.311,0,3,1,1234,221,87,331,331
86,-1,-3,2,1.201,0,0,0.000,0,0,0,0,0,0,0,0
86,-5,7,2,3.213,41,0,2.483,0,1,0,593,41,0,281,281
86,-1,6,1,2.562,197,0,5.791,0,1,0,420,197,0,407,407
86,-3,5,3,2.221,0,0,0.000,0,1,0,5,0,0,4,4
86,-7,8,0,2.231,871,0,10.261,1,0,0,0,0,871,588,588
86,-3,6,3,1.321,5,0,2.242,0,1,0,20,5,0,146,146
86,-5,6,3,1.672,1,0,2.371,0,1,0,95,1,0,122,122
86,-4,2,3,0.321,0,0,0.000,0,0,0,0,0,0,0,0
86,-3,1,3,0.711,0,0,0.000,0,0,0,0,0,0,0,0
86,-6,5,0,0.962,0,0,0.000,0,1,0,6,0,0,18,18
86,1,-1,3,0.561,0,0,0.000,0,0,0,0,0,0,0,0
86,-4,1,3,0.251,0,0,0.000,0,0,0,0,0,0,0,0
86,-5,2,2,0.531,0,0,0.000,0,0,0,0,0,0,0,0
86,-2,-3,0,0.311,0,0,0.000,0,0,0,0,0,0,0,0
86,1,-5,0,0.231,0,0,0.000,0,0,0,0,0,0,0,0
86,-7,7,0,2.871,232,0,5.191,1,0,0,0,0,232,404,404
86,2,1,2,0.531,0,0,0.000,0,0,0,0,0,0,0,0
87,1,-4,2,1.291,0,0,0.000,0,0,0,0,0,0,0,0
87,-3,0,3,0.211,0,0,0.000,0,0,0,0,0,0,0,0
87,-2,2,3,1.761,0,0,0.000,0,0,0,0,0,0,0,0
87,-1,-1,3,0.221,0,0,0.000,0,0,0,0,0,0,0,0
87,0,1,3,0.111,0,0,0.000,0,0,0,0,0,0,0,0
87,-5,3,2,0.451,0,0,0.000,0,0,0,0,0,0,0,0
87,-1,1,3,1.221,0,0,0.000,0,0,0,0,0,0,0,0
87,-2,-1,3,0.261,0,0,0.000,0,0,0,0,0,0,0,0
87,0,4,3,1.431,0,0,0.000,0,2,0,58,0,0,2,2
87,3,-6,0,0.231,0,0,0.000,0,0,0,0,0,0,0,0
87,-2,4,3,1.373,0,0,0.000,0,0,0,0,0,0,0,0
87,-2,0,3,0.211,0,0,0.000,0,0,0,0,0,0,0,0
87,0,2,3,1.381,0,0,0.000,0,0,0,0,0,0,0,0
87,-4,3,3,0.341,0,0,0.000,0,0,0,0,0,0,0,0
87,-5,9,0,1.301,1415,0,9.851,1,0,0,0,0,1415,312,312
87,-7,6,1,1.822,39,0,3.761,0,1,0,213,39,0,197,197
87,-3,2,3,0.161,0,0,0.000,0,0,0,0,0,0,0,0
87,2,-1,2,0.381,0,0,0.000,0,0,0,0,0,0,0,0
87,0,-4,1,0.411,0,0,0.000,0,0,0,0,0,0,0,0
87,-2,5,3,1.601,0,0,0.000,0,0,0,0,0,0,39,39
87,-4,6,3,1.911,0,0,0.000,0,3,0,680,0,0,63,63
87,-1,5,2,4.611,2,0,3.012,0,1,0,208,2,0,39,39
87,0,-3,2,0.161,0,0,0.000,0,0,0,0,0,0,0,0
87,-6,8,0,2.593,624,0,8.573,1,0,0,0,0,624,491,491
87,-1,-2,3,0.441,0,0,0.000,0,0,0,0,0,0,0,0
87,-2,3,3,0.371,0,0,0.000,0,0,0,0,0,0,0,0
87,-4,5,3,0.901,0,0,0.000,0,0,0,0,0,0,0,0
87,1,-3,3,0.881,0,0,0.000,0,0,0,0,0,0,0,0
87,0,-2,3,0.681,0,0,0.000,0,0,0,0,0,0,0,0
87,0,3,3,1.671,0,0,0.000,0,0,0,0,0,0,0,0
87,-6,6,2,1.622,3,0,3.351,0,1,0,39,3,0,42,42
87,-2,6,2,3.103,22,0,2.122,0,1,0,410,22,0,233,233
87,-3,3,3,2.573,0,0,0.000,0,0,0,0,0,0,0,0
87,2,-2,2,0.271,0,0,0.000,0,0,0,0,0,0,0,0
87,-4,-2,2,0.721,0,0,0.000,0,0,0,0,0,0,0,0
87,2,2,1,0.891,0,0,0.000,0,1,0,3,0,0,6,6
87,-5,1,0,0.361,0,0,0.000,0,0,0,0,0,0,0,0
87,2,-3,2,0.241,0,0,0.000,0,0,0,0,0,0,0,0
87,-4,0,2,0.451,0,0,0.000,0,0,0,0,0,0,0,0
87,-3,4,3,1.241,0,0,0.000,0,0,0,0,0,0,0,0
87,-4,8,1,4.051,625,0,7.382,0,1,0,41,625,0,385,385
87,1,2,2,1.361,0,0,0.000,0,0,0,0,0,0,0,0
87,-6,2,0,1.531,0,0,0.000,0,0,0,0,0,0,0,0
87,-5,-2,0,1.031,0,0,0.000,0,0,0,0,0,0,0,0
87,3,1,1,3.241,0,0,0.000,0,0,0,0,0,0,1,1
87,-6,7,2,1.702,106,0,2.581,0,1,0,771,106,0,224,224
87,2,-4,2,0.211,0,0,0.000,0,0,0,0,0,0,0,0
87,-1,3,3,0.671,0,0,0.000,0,0,0,0,0,0,0,0
87,-1,2,3,0.311,0,0,0.000,0,0,0,0,0,0,0,0
87,-5,8,1,1.151,603,0,5.201,0,1,0,839,603,0,586,586
87,1,4,2,1.693,29,0,2.662,0,2,0,707,29,0,134,134
87,1,0,3,0.241,0,0,0.000,0,0,0,0,0,0,0,0
87,-2,1,3,0.631,0,0,0.000,0,0,0,0,0,0,0,0
87,-5,0,1,0.531,0,0,0.000,0,0,0,0,0,0,0,0
87,2,0,3,0.921,0,0,0.000,0,0,0,0,0,0,0,0
87,2,4,1,1.803,253,0,5.071,0,1,0,705,253,0,456,456
87,-6,3,0,0.651,0,0,0.000,0,0,0,0,0,0,0,0
87,3,0,0,0.751,0,0,0.000,0,0,0,0,0,0,1,1
87,-5,4,2,0.681,0,0,0.000,0,0,0,0,0,0,0,0
87,1,-2,3,0.681,0,0,0.000,0,0,0,0,0,0,0,0
87,-4,-3,0,0.671,0,0,0.000,0,0,0,0,0,0,0,0
87,3,-5,0,1.801,0,0,0.000,0,0,0,0,0,0,0,0
87,0,6,0,2.722,580,0,7.212,1,0,0,0,0,580,357,357
87,2,5,0,2.441,925,0,9.601,1,0,0,0,0,925,395,395
87,-3,7,0,3.282,202,0,7.432,1,0,0,0,0,202,375,375
87,-5,5,3,1.171,0,0,0.000,0,0,0,0,0,0,4,4
87,2,-5,1,0.331,0,0,0.000,0,0,0,0,0,0,0,0
87,4,-3,0,0.431,0,0,0.000,0,0,0,0,0,0,0,0
87,-3,-3,0,0.112,0,0,0.000,0,0,0,0,0,0,0,0
87,-3,-1,3,0.111,0,0,0.000,0,0,0,0,0,0,0,0
87,0,5,3,0.952,39,39,-1.000,0,0,0,0,0,0,117,117
87,0,0,3,2.531,0,0,0.000,0,0,0,0,0,0,0,0
87,3,-1,0,0.281,0,0,0.000,0,0,0,0,0,0,0,0
87,-1,-4,0,0.151,0,0,0.000,0,0,0,0,0,0,0,0
87,3,-2,1,0.621,0,0,0.000,0,0,0,0,0,0,0,0
87,1,5,0,2.242,478,0,7.032,1,0,0,0,0,478,393,393
87,-3,-2,2,0.181,0,0,0.000,0,0,0,0,0,0,0,0
87,-1,0,3,0.821,0,0,0.000,0,0,0,0,0,0,0,0
87,-5,-1,1,0.751,0,0,0.000,0,0,0,0,0,0,0,0
87,0,-1,3,0.721,0,0,0.000,0,0,0,0,0,0,0,0
87,-2,7,0,1.822,427,0,6.032,1,0,0,0,0,427,488,488
87,-6,4,1,0.631,0,0,0.000,0,0,0,0,0,0,1,1
87,-4,4,3,0.941,0,0,0.000,0,0,0,0,0,0,0,0
87,1,1,3,0.291,0,0,0.000,0,0,0,0,0,0,0,0
87,3,-4,0,0.471,0,0,0.000,0,0,0,0,0,0,0,0
87,-4,-1,3,0.591,0,0,0.000,0,0,0,0,0,0,0,0
87,-1,4,3,0.752,0,0,0.000,0,1,0,2,0,0,5,5
87,1,3,3,1.091,0,0,0.000,0,0,0,0,0,0,10,10
87,2,3,0,1.701,3,0,1.761,1,0,0,0,0,3,127,127
87,-2,-2,3,0.281,0,0,0.000,0,0,0,0,0,0,0,0
87,3,-3,0,0.581,0,0,0.000,0,0,0,0,0,0,0,0
87,-4,7,2,1.371,316,0,4.641,0,2,0,774,316,0,310,310
87,-1,-3,2,0.991,0,0,0.000,0,0,0,0,0,0,0,0
87,-5,7,2,2.942,48,0,3.153,0,1,0,583,48,0,293,293
87,-1,6,1,2.162,208,0,4.992,0,1,0,438,208,0,391,391
87,-3,5,3,0.582,0,0,0.000,0,1,0,3,0,0,9,9
87,-7,8,0,1.391,869,0,9.231,1,0,0,0,0,869,614,614
87,-3,6,3,2.081,3,0,1.992,0,1,0,22,3,0,134,134
87,-5,6,3,1.462,0,0,0.000,0,1,0,106,0,0,123,123
87,-4,2,3,2.081,0,0,0.000,0,0,0,0,0,0,0,0
87,-3,1,3,0.181,0,0,0.000,0,0,0,0,0,0,0,0
87,-6,5,0,1.491,0,0,0.000,0,1,0,3,0,0,27,27
87,1,-1,3,0.561,0,0,0.000,0,0,0,0,0,0,0,0
87,-4,1,3,0.191,0,0,0.000,0,0,0,0,0,0,0,0
87,-5,2,2,1.131,0,0,0.000,0,0,0,0,0,0,0,0
87,-2,-3,0,0.171,0,0,0.000,0,0,0,0,0,0,0,0
87,1,-5,0,0.471,0,0,0.000,0,0,0,0,0,0,0,0
87,-7,7,0,3.231,229,0,5.441,1,0,0,0,0,229,433,433
87,2,1,2,0.531,0,0,0.000,0,0,0,0,0,0,0,0
88,1,-4,2,0.771,0,0,0.000,0,0,0,0,0,0,0,0
88,-3,0,3,1.511,0,0,0.000,0,0,0,0,0,0,0,0
88,-2,2,3,1.461,0,0,0.000,0,0,0,0,0,0,0,0
88,-1,-1,3,0.151,0,0,0.000,0,0,0,0,0,0,0,0
88,0,1,3,0.112,0,0,0.000,0,0,0,0,0,0,0,0
88,-5,3,2,1.601,0,0,0.000,0,0,0,0,0,0,0,0
88,-1,1,3,0.411,0,0,0.000,0,0,0,0,0,0,0,0
88,-2,-1,3,0.321,0,0,0.000,0,0,0,0,0,0,0,0
88,0,4,3,1.911,0,0,0.000,0,1,0,26,0,0,2,2
88,3,-6,0,0.941,0,0,0.000,0,0,0,0,0,0,0,0
88,-2,4,3,1.161,0,0,0.000,0,0,0,0,0,0,0,0
88,-2,0,3,0.231,0,0,0.000,0,0,0,0,0,0,0,0
88,0,2,3,1.651,0,0,0.000,0,0,0,0,0,0,0,0
88,-4,3,3,0.182,0,0,0.000,0,0,0,0,0,0,0,0
88,-5,9,0,1.601,1415,0,9.971,1,0,0,0,0,1415,289,289
88,-7,6,1,1.753,27,0,3.451,0,1,0,221,27,0,200,200
88,-3,2,3,0.161,0,0,0.000,0,0,0,0,0,0,0,0
88,2,-1,2,0.591,0,0,0.000,0,0,0,0,0,0,0,0
88,0,-4,1,0.201,0,0,0.000,0,0,0,0,0,0,0,0
88,-2,5,3,0.901,0,0,0.000,0,0,0,0,0,0,36,36
88,-4,6,3,5.771,0,0,0.000,0,3,0,677,0,0,61,61
88,-1,5,2,4.191,2,0,2.082,0,1,0,189,2,0,41,41
88,0,-3,2,0.271,0,0,0.000,0,0,0,0,0,0,0,0
88,-6,8,0,2.193,620,0,8.153,1,0,0,0,0,620,501,501
88,-1,-2,3,0.221,0,0,0.000,0,0,0,0,0,0,0,0
88,-2,3,3,0.181,0,0,0.000,0,0,0,0,0,0,0,0
88,-4,5,3,0.871,0,0,0.000,0,0,0,0,0,0,0,0
88,1,-3,3,1.511,0,0,0.000,0,0,0,0,0,0,0,0
88,0,-2,3,0.231,0,0,0.000,0,0,0,0,0,0,0,0
88,0,3,3,0.971,0,0,0.000,0,0,0,0,0,0,0,0
88,-6,6,2,1.282,5,0,3.191,0,1,0,27,5,0,47,47
88,-2,6,2,5.021,21,0,3.382,0,1,0,418,21,0,235,235
88,-3,3,3,0.201,0,0,0.000,0,0,0,0,0,0,0,0
88,2,-2,2,0.591,0,0,0.000,0,0,0,0,0,0,0,0
88,-4,-2,2,0.571,0,0,0.000,0,0,0,0,0,0,0,0
88,2,2,1,0.634,0,0,0.000,0,1,0,2,0,0,6,6
88,-5,1,0,0.961,0,0,0.000,0,0,0,0,0,0,0,0
88,2,-3,2,0.131,0,0,0.000,0,0,0,0,0,0,0,0
88,-4,0,2,0.221,0,0,0.000,0,0,0,0,0,0,0,0
88,-3,4,3,0.421,0,0,0.000,0,0,0,0,0,0,0,0
88,-4,8,1,4.051,607,0,5.842,0,1,0,58,607,0,383,383
88,1,2,2,0.773,0,0,0.000,0,0,0,0,0,0,0,0
88,-6,2,0,1.531,0,0,0.000,0,0,0,0,0,0,0,0
88,-5,-2,0,1.671,0,0,0.000,0,0,0,0,0,0,0,0
88,3,1,1,2.061,0,0,0.000,0,0,0,0,0,0,0,0
88,-6,7,2,1.321,105,0,3.443,0,1,0,822,105,0,258,258
88,2,-4,2,1.691,0,0,0.000,0,0,0,0,0,0,0,0
88,-1,3,3,0.671,0,0,0.000,0,0,0,0,0,0,0,0
88,-1,2,3,0.631,0,0,0.000,0,0,0,0,0,0,0,0
88,-5,8,1,1.491,629,0,5.791,0,1,0,821,629,0,563,563
88,1,4,2,30.000,26,0,3.261,0,2,0,720,26,0,153,153
88,1,0,3,0.291,0,0,0.000,0,0,0,0,0,0,0,0
88,-2,1,3,1.631,0,0,0.000,0,0,0,0,0,0,0,0
88,-5,0,1,2.201,0,0,0.000,0,0,0,0,0,0,0,0
88,2,0,3,0.611,0,0,0.000,0,0,0,0,0,0,0,0
88,2,4,1,1.804,245,0,5.391,0,1,0,702,245,0,453,453
88,-6,3,0,2.391,0,0,0.000,0,0,0,0,0,0,0,0
88,3,0,0,0.751,0,0,0.000,0,0,0,0,0,0,0,0
88,-5,4,2,0.451,0,0,0.000,0,0,0,0,0,0,0,0
88,1,-2,3,1.601,0,0,0.000,0,0,0,0,0,0,0,0
88,-4,-3,0,0.711,0,0,0.000,0,0,0,0,0,0,0,0
88,3,-5,0,0.881,0,0,0.000,0,0,0,0,0,0,0,0
88,0,6,0,1.792,586,0,6.381,1,0,0,0,0,586,347,347
88,2,5,0,2.861,908,0,9.991,1,0,0,0,0,908,412,412
88,-3,7,0,1.962,212,0,5.892,1,0,0,0,0,212,340,340
88,-5,5,3,0.971,0,0,0.000,0,0,0,0,0,0,9,9
88,2,-5,1,3.691,0,0,0.000,0,0,0,0,0,0,0,0
88,4,-3,0,0.661,0,0,0.000,0,0,0,0,0,0,0,0
88,-3,-3,0,2.371,0,0,0.000,0,0,0,0,0,0,0,0
88,-3,-1,3,0.111,0,0,0.000,0,0,0,0,0,0,0,0
88,0,5,3,0.792,43,43,-1.000,0,0,0,0,0,0,119,119
88,0,0,3,1.161,0,0,0.000,0,0,0,0,0,0,0,0
88,3,-1,0,0.431,0,0,0.000,0,0,0,0,0,0,0,0
88,-1,-4,0,0.881,0,0,0.000,0,0,0,0,0,0,0,0
88,3,-2,1,2.731,0,0,0.000,0,0,0,0,0,0,0,0
88,1,5,0,3.942,485,0,8.972,1,0,0,0,0,485,421,421
88,-3,-2,2,0.231,0,0,0.000,0,0,0,0,0,0,0,0
88,-1,0,3,0.381,0,0,0.000,0,0,0,0,0,0,0,0
88,-5,-1,1,0.751,0,0,0.000,0,0,0,0,0,0,0,0
88,0,-1,3,0.811,0,0,0.000,0,0,0,0,0,0,0,0
88,-2,7,0,3.082,429,0,7.372,1,0,0,0,0,429,466,466
88,-6,4,1,1.211,0,0,0.000,0,0,0,0,0,0,2,2
88,-4,4,3,0.371,0,0,0.000,0,0,0,0,0,0,0,0
88,1,1,3,0.551,0,0,0.000,0,0,0,0,0,0,0,0
88,3,-4,0,0.471,0,0,0.000,0,0,0,0,0,0,0,0
88,-4,-1,3,1.731,0,0,0.000,0,0,0,0,0,0,0,0
88,-1,4,3,0.752,0,0,0.000,0,1,0,2,0,0,6,6
88,1,3,3,1.411,1,1,-1.000,0,0,0,0,0,0,11,11
88,2,3,0,1.753,2,0,1.803,1,0,0,0,0,2,131,131
88,-2,-2,3,3.511,0,0,0.000,0,0,0,0,0,0,0,0
88,3,-3,0,0.991,0,0,0.000,0,0,0,0,0,0,0,0
88,-4,7,2,1.131,311,0,4.891,0,2,0,781,311,0,326,326
88,-1,-3,2,0.191,0,0,0.000,0,0,0,0,0,0,0,0
88,-5,7,2,3.483,55,0,2.833,0,1,0,581,55,0,297,297
88,-1,6,1,2.162,189,0,3.872,0,1,0,448,189,0,400,400
88,-3,5,3,0.961,0,0,0.000,0,1,0,4,0,0,3,3
88,-7,8,0,2.263,918,0,10.613,1,0,0,0,0,918,578,578
88,-3,6,3,1.901,4,0,3.272,0,1,0,21,4,0,153,153
88,-5,6,3,2.391,0,0,0.000,0,1,0,105,0,0,128,128
88,-4,2,3,0.541,0,0,0.000,0,0,0,0,0,0,0,0
88,-3,1,3,0.941,0,0,0.000,0,0,0,0,0,0,0,0
88,-6,5,0,0.931,0,0,0.000,0,1,0,5,0,0,27,27
88,1,-1,3,0.371,0,0,0.000,0,0,0,0,0,0,0,0
88,-4,1,3,0.591,0,0,0.000,0,0,0,0,0,0,0,0
88,-5,2,2,0.711,0,0,0.000,0,0,0,0,0,0,0,0
88,-2,-3,0,0.311,0,0,0.000,0,0,0,0,0,0,0,0
88,1,-5,0,0.351,0,0,0.000,0,0,0,0,0,0,0,0
88,-7,7,0,3.051,233,0,5.341,1,0,0,0,0,233,442,442
88,2,1,2,1.071,0,0,0.000,0,0,0,0,0,0,0,0
89,1,-4,2,0.511,0,0,0.000,0,0,0,0,0,0,0,0
89,-3,0,3,0.411,0,0,0.000,0,0,0,0,0,0,0,0
89,-2,2,3,0.441,0,0,0.000,0,0,0,0,0,0,0,0
89,-1,-1,3,0.221,0,0,0.000,0,0,0,0,0,0,0,0
89,0,1,3,0.232,0,0,0.000,0,0,0,0,0,0,0,0
89,-5,3,2,0.451,0,0,0.000,0,0,0,0,0,0,0,0
89,-1,1,3,0.381,0,0,0.000,0,0,0,0,0,0,0,0
89,-2,-1,3,0.321,0,0,0.000,0,0,0,0,0,0,0,0
89,0,4,3,1.431,0,0,0.000,0,1,0,27,0,0,4,4
89,3,-6,0,0.701,0,0,0.000,0,0,0,0,0,0,0,0
89,-2,4,3,0.673,0,0,0.000,0,0,0,0,0,0,0,0
89,-2,0,3,0.211,0,0,0.000,0,0,0,0,0,0,0,0
89,0,2,3,0.381,0,0,0.000,0,0,0,0,0,0,0,0
89,-4,3,3,0.911,0,0,0.000,0,0,0,0,0,0,0,0
89,-5,9,0,1.001,1408,0,9.371,1,0,0,0,0,1408,292,292
89,-7,6,1,1.751,34,0,4.291,0,1,1,216,17,17,205,205
89,-3,2,3,1.011,0,0,0.000,0,0,0,0,0,0,0,0
89,2,-1,2,0.291,0,0,0.000,0,0,0,0,0,0,0,0
89,0,-4,1,1.291,0,0,0.000,0,0,0,0,0,0,0,0
89,-2,5,3,1.381,0,0,0.000,0,0,0,0,0,0,45,45
89,-4,6,3,2.871,0,0,0.000,0,4,0,1049,0,0,70,70
89,-1,5,2,2.931,1,0,1.642,0,1,0,205,1,0,47,47
89,0,-3,2,0.331,0,0,0.000,0,0,0,0,0,0,0,0
89,-6,8,0,2.593,618,0,8.423,1,0,0,0,0,618,453,453
89,-1,-2,3,0.901,0,0,0.000,0,0,0,0,0,0,0,0
89,-2,3,3,0.371,0,0,0.000,0,0,0,0,0,0,0,0
89,-4,5,3,1.572,0,0,0.000,0,0,0,0,0,0,0,0
89,1,-3,3,1.461,0,0,0.000,0,0,0,0,0,0,0,0
89,0,-2,3,1.281,0,0,0.000,0,0,0,0,0,0,0,0
89,0,3,3,0.574,0,0,0.000,0,0,0,0,0,0,0,0
89,-6,6,2,3.492,4,0,3.921,0,1,0,34,4,0,35,35
89,-2,6,2,6.102,23,0,3.732,0,1,0,403,23,0,244,244
89,-3,3,3,0.411,0,0,0.000,0,0,0,0,0,0,0,0
89,2,-2,2,0.471,0,0,0.000,0,0,0,0,0,0,0,0
89,-4,-2,2,0.612,0,0,0.000,0,0,0,0,0,0,0,0
89,2,2,1,13.434,0,0,0.000,0,1,0,2,0,0,1,1
89,-5,1,0,0.561,0,0,0.000,0,0,0,0,0,0,0,0
89,2,-3,2,0.241,0,0,0.000,0,0,0,0,0,0,0,0
89,-4,0,2,0.221,0,0,0.000,0,0,0,0,0,0,0,0
89,-3,4,3,0.801,0,0,0.000,0,0,0,0,0,0,0,0
89,-4,8,1,3.331,647,0,7.021,1,1,0,131,0,647,371,371
89,1,2,2,0.991,0,0,0.000,0,0,0,0,0,0,0,0
89,-6,2,0,0.742,0,0,0.000,0,0,0,0,0,0,0,0
89,-5,-2,0,0.951,0,0,0.000,0,0,0,0,0,0,0,0
89,3,1,1,2.061,0,0,0.000,0,0,0,0,0,0,3,3
89,-6,7,2,1.321,100,0,2.791,0,1,0,783,100,0,232,232
89,2,-4,2,0.211,0,0,0.000,0,0,0,0,0,0,0,0
89,-1,3,3,0.471,0,0,0.000,0,0,0,0,0,0,0,0
89,-1,2,3,1.591,0,0,0.000,0,0,0,0,0,0,0,0
89,-5,8,1,1.151,636,0,5.051,0,1,0,821,636,0,576,576
89,1,4,2,1.353,27,0,1.882,0,2,0,703,27,0,145,145
89,1,0,3,0.291,0,0,0.000,0,0,0,0,0,0,0,0
89,-2,1,3,1.881,0,0,0.000,0,0,0,0,0,0,0,0
89,-5,0,1,0.551,0,0,0.000,0,0,0,0,0,0,0,0
89,2,0,3,2.161,0,0,0.000,0,0,0,0,0,0,0,0
89,2,4,1,1.804,255,0,4.092,0,1,0,680,255,0,420,420
89,-6,3,0,0.651,0,0,0.000,0,0,0,0,0,0,0,0
89,3,0,0,0.941,0,0,0.000,0,0,0,0,0,0,3,3
89,-5,4,2,0.681,0,0,0.000,0,0,0,0,0,0,0,0
89,1,-2,3,1.141,0,0,0.000,0,0,0,0,0,0,0,0
89,-4,-3,0,1.871,0,0,0.000,0,0,0,0,0,0,0,0
89,3,-5,0,0.521,0,0,0.000,0,0,0,0,0,0,0,0
89,0,6,0,1.372,571,0,5.662,1,0,0,0,0,571,324,324
89,2,5,0,1.462,893,0,8.372,1,0,0,0,0,893,394,394
89,-3,7,0,3.722,201,0,7.852,1,0,0,0,0,201,352,352
89,-5,5,3,1.771,0,0,0.000,0,0,0,0,0,0,13,13
89,2,-5,1,0.631,0,0,0.000,0,0,0,0,0,0,0,0
89,4,-3,0,0.431,0,0,0.000,0,0,0,0,0,0,0,0
89,-3,-3,0,0.211,0,0,0.000,0,0,0,0,0,0,0,0
89,-3,-1,3,0.281,0,0,0.000,0,0,0,0,0,0,0,0
89,0,5,3,2.392,41,41,-1.000,0,0,0,0,0,0,129,129
89,0,0,3,0.451,0,0,0.000,0,0,0,0,0,0,0,0
89,3,-1,0,0.281,0,0,0.000,0,0,0,0,0,0,0,0
89,-1,-4,0,0.471,0,0,0.000,0,0,0,0,0,0,0,0
89,3,-2,1,1.041,0,0,0.000,0,0,0,0,0,0,0,0
89,1,5,0,2.142,458,0,6.902,1,0,0,0,0,458,423,423
89,-3,-2,2,0.561,0,0,0.000,0,0,0,0,0,0,0,0
89,-1,0,3,0.381,0,0,0.000,0,0,0,0,0,0,0,0
89,-5,-1,1,1.181,0,0,0.000,0,0,0,0,0,0,0,0
89,0,-1,3,1.521,0,0,0.000,0,0,0,0,0,0,0,0
89,-2,7,0,3.422,419,0,7.562,1,0,0,0,0,419,497,497
89,-6,4,1,1.732,0,0,0.000,0,0,0,0,0,0,0,0
89,-4,4,3,0.371,0,0,0.000,0,0,0,0,0,0,0,0
89,1,1,3,0.951,0,0,0.000,0,0,0,0,0,0,0,0
89,3,-4,0,0.471,0,0,0.000,0,0,0,0,0,0,0,0
89,-4,-1,3,0.481,0,0,0.000,0,0,0,0,0,0,0,0
89,-1,4,3,0.851,0,0,0.000,0,1,0,1,0,0,7,7
89,1,3,3,1.571,0,0,0.000,0,0,0,0,0,0,7,7
89,2,3,0,1.701,2,0,1.751,1,0,0,0,0,2,122,122
89,-2,-2,3,1.471,0,0,0.000,0,0,0,0,0,0,0,0
89,3,-3,0,0.911,0,0,0.000,0,0,0,0,0,0,0,0
89,-4,7,2,0.891,331,0,4.491,0,3,1,1190,247,84,276,276
89,-1,-3,2,0.191,0,0,0.000,0,0,0,0,0,0,0,0
89,-5,7,2,3.483,56,0,3.243,0,1,0,568,56,0,265,265
89,-1,6,1,5.162,206,0,3.632,0,1,0,418,206,0,411,411
89,-3,5,3,0.541,0,0,0.000,0,1,0,2,0,0,6,6
89,-7,8,0,1.671,870,0,9.631,1,0,0,0,0,870,591,591
89,-3,6,3,1.521,2,0,3.592,0,1,0,23,2,0,157,157
89,-5,6,3,1.551,0,0,0.000,0,1,0,100,0,0,119,119
89,-4,2,3,2.081,0,0,0.000,0,0,0,0,0,0,0,0
89,-3,1,3,0.181,0,0,0.000,0,0,0,0,0,0,0,0
89,-6,5,0,2.641,0,0,0.000,0,1,0,4,0,0,33,33
89,1,-1,3,0.371,0,0,0.000,0,0,0,0,0,0,0,0
89,-4,1,3,1.191,0,0,0.000,0,0,0,0,0,0,0,0
89,-5,2,2,0.231,0,0,0.000,0,0,0,0,0,0,0,0
89,-2,-3,0,0.331,0,0,0.000,0,0,0,0,0,0,0,0
89,1,-5,0,0.231,0,0,0.000,0,0,0,0,0,0,0,0
89,-7,7,0,5.211,233,0,6.031,1,0,0,17,0,233,385,385
89,2,1,2,1.611,0,0,0.000,0,0,0,0,0,0,0,0
90,1,-4,2,0.511,0,0,0.000,0,0,0,0,0,0,0,0
90,-3,0,3,1.321,0,0,0.000,0,0,0,0,0,0,0,0
90,-2,2,3,1.761,0,0,0.000,0,0,0,0,0,0,0,0
90,-1,-1,3,0.741,0,0,0.000,0,0,0,0,0,0,0,0
90,0,1,3,0.221,0,0,0.000,0,0,0,0,0,0,0,0
90,-5,3,2,2.061,0,0,0.000,0,0,0,0,0,0,0,0
90,-1,1,3,0.381,0,0,0.000,0,0,0,0,0,0,0,0
90,-2,-1,3,0.261,0,0,0.000,0,0,0,0,0,0,0,0
90,0,4,3,1.911,0,0,0.000,0,1,0,17,0,0,1,1
90,3,-6,0,1.481,0,0,0.000,0,0,0,0,0,0,0,0
90,-2,4,3,0.651,0,0,0.000,0,0,0,0,0,0,0,0
90,-2,0,3,1.091,0,0,0.000,0,0,0,0,0,0,0,0
90,0,2,3,2.181,0,0,0.000,0,0,0,0,0,0,0,0
90,-4,3,3,0.341,0,0,0.000,0,0,0,0,0,0,0,0
90,-5,9,0,1.151,1421,0,9.421,1,0,0,0,0,1421,306,306
90,-7,6,1,1.533,32,0,4.043,1,1,1,214,9,23,233,233
90,-3,2,3,0.251,0,0,0.000,0,0,0,0,0,0,0,0
90,2,-1,2,2.091,0,0,0.000,0,0,0,0,0,0,0,0
90,0,-4,1,1.011,0,0,0.000,0,0,0,0,0,0,0,0
90,-2,5,3,2.021,0,0,0.000,0,0,0,0,0,0,33,33
90,-4,6,3,1.191,1,0,1.371,0,3,0,654,1,0,61,61
90,-1,5,2,1.251,0,0,0.000,0,1,0,204,0,0,49,49
90,0,-3,2,0.721,0,0,0.000,0,0,0,0,0,0,0,0
90,-6,8,0,3.193,628,0,9.213,1,0,0,0,0,628,465,465
90,-1,-2,3,1.131,0,0,0.000,0,0,0,0,0,0,0,0
90,-2,3,3,1.321,0,0,0.000,0,0,0,0,0,0,0,0
90,-4,5,3,0.661,0,0,0.000,0,1,0,1,0,0,0,0
90,1,-3,3,1.251,0,0,0.000,0,0,0,0,0,0,0,0
90,0,-2,3,27.381,0,0,0.000,0,0,0,0,0,0,0,0
90,0,3,3,1.882,0,0,0.000,0,0,0,0,0,0,0,0
90,-6,6,2,1.622,2,0,3.692,0,2,1,64,0,2,52,52
90,-2,6,2,5.442,16,0,1.902,0,1,0,385,16,0,229,229
90,-3,3,3,0.621,0,0,0.000,0,0,0,0,0,0,0,0
90,2,-2,2,1.021,0,0,0.000,0,0,0,0,0,0,0,0
90,-4,-2,2,0.271,0,0,0.000,0,0,0,0,0,0,0,0
90,2,2,1,1.114,0,0,0.000,0,1,0,4,0,0,2,2
90,-5,1,0,0.761,0,0,0.000,0,0,0,0,0,0,0,0
90,2,-3,2,0.241,0,0,0.000,0,0,0,0,0,0,0,0
90,-4,0,2,1.521,0,0,0.000,0,0,0,0,0,0,0,0
90,-3,4,3,0.551,0,0,0.000,0,0,0,0,0,0,0,0
90,-4,8,1,2.851,629,0,6.632,0,1,0,62,629,0,379,379
90,1,2,2,2.031,0,0,0.000,0,0,0,0,0,0,0,0
90,-6,2,0,1.751,0,0,0.000,0,0,0,0,0,0,0,0
90,-5,-2,0,0.791,0,0,0.000,0,0,0,0,0,0,0,0
90,3,1,1,1.221,0,0,0.000,0,0,0,0,0,0,0,0
90,-6,7,2,2.381,86,0,2.521,0,1,0,817,86,0,237,237
90,2,-4,2,0.321,0,0,0.000,0,0,0,0,0,0,0,0
90,-1,3,3,1.171,0,0,0.000,0,0,0,0,0,0,0,0
90,-1,2,3,0.471,0,0,0.000,0,0,0,0,0,0,0,0
90,-5,8,1,0.981,648,0,5.571,0,1,0,811,648,0,572,572
90,1,4,2,3.562,17,0,1.772,0,2,0,761,17,0,155,155
90,1,0,3,0.161,0,0,0.000,0,0,0,0,0,0,0,0
90,-2,1,3,0.521,0,0,0.000,0,0,0,0,0,0,0,0
90,-5,0,1,1.472,0,0,0.000,0,0,0,0,0,0,0,0
90,2,0,3,0.921,0,0,0.000,0,0,0,0,0,0,0,0
90,2,4,1,1.892,285,0,4.442,0,1,0,676,285,0,415,415
90,-6,3,0,0.651,0,0,0.000,0,0,0,0,0,0,0,0
90,3,0,0,0.751,0,0,0.000,0,0,0,0,0,0,2,2
90,-5,4,2,1.601,0,0,0.000,0,0,0,0,0,0,0,0
90,1,-2,3,0.221,0,0,0.000,0,0,0,0,0,0,0,0
90,-4,-3,0,0.911,0,0,0.000,0,0,0,0,0,0,0,0
90,3,-5,0,0.171,0,0,0.000,0,0,0,0,0,0,0,0
90,0,6,0,1.602,596,0,6.152,1,0,0,0,0,596,356,356
90,2,5,0,1.462,908,0,8.332,1,0,0,0,0,908,410,410
90,-3,7,0,2.402,237,0,6.682,1,0,0,0,0,237,335,335
90,-5,5,3,2.203,0,0,0.000,0,0,0,0,0,0,4,4
90,2,-5,1,0.291,0,0,0.000,0,0,0,0,0,0,0,0
90,4,-3,0,0.431,0,0,0.000,0,0,0,0,0,0,0,0
90,-3,-3,0,0.112,0,0,0.000,0,0,0,0,0,0,0,0
90,-3,-1,3,15.281,0,0,0.000,0,0,0,0,0,0,0,0
90,0,5,3,1.112,42,42,-1.000,0,0,0,0,0,0,107,107
90,0,0,3,0.381,0,0,0.000,0,0,0,0,0,0,0,0
90,3,-1,0,0.431,0,0,0.000,0,0,0,0,0,0,0,0
90,-1,-4,0,0.301,0,0,0.000,0,0,0,0,0,0,0,0
90,3,-2,1,0.831,0,0,0.000,0,0,0,0,0,0,0,0
90,1,5,0,2.912,480,0,7.892,1,0,0,0,0,480,375,375
90,-3,-2,2,0.371,0,0,0.000,0,0,0,0,0,0,0,0
90,-1,0,3,0.381,0,0,0.000,0,0,0,0,0,0,0,0
90,-5,-1,1,1.671,0,0,0.000,0,0,0,0,0,0,0,0
90,0,-1,3,0.191,0,0,0.000,0,0,0,0,0,0,0,0
90,-2,7,0,1.662,397,0,5.622,1,0,0,0,0,397,494,494
90,-6,4,1,1.091,0,0,0.000,0,0,0,0,0,0,2,2
90,-4,4,3,0.751,0,0,0.000,0,0,0,0,0,0,0,0
90,1,1,3,0.191,0,0,0.000,0,0,0,0,0,0,0,0
90,3,-4,0,0.471,0,0,0.000,0,0,0,0,0,0,0,0
90,-4,-1,3,0.242,0,0,0.000,0,0,0,0,0,0,0,0
90,-1,4,3,1.421,0,0,0.000,0,0,0,0,0,0,5,5
90,1,3,3,1.763,0,0,0.000,0,0,0,0,0,0,10,10
90,2,3,0,2.803,4,0,2.873,1,0,0,0,0,4,115,115
90,-2,-2,3,1.471,0,0,0.000,0,0,0,0,0,0,0,0
90,3,-3,0,2.981,0,0,0.000,0,0,0,0,0,0,0,0
90,-4,7,2,1.382,303,0,4.351,0,2,0,839,303,0,350,350
90,-1,-3,2,0.191,0,0,0.000,0,0,0,0,0,0,0,0
90,-5,7,2,3.482,50,0,3.793,0,1,0,587,50,0,285,285
90,-1,6,1,2.362,204,0,3.832,0,1,0,444,204,0,394,394
90,-3,5,3,6.561,0,0,0.000,0,1,0,3,0,0,7,7
90,-7,8,0,1.531,896,0,9.831,1,0,0,0,0,896,564,564
90,-3,6,3,1.701,3,0,1.842,0,1,0,16,3,0,162,162
90,-5,6,3,2.601,0,0,0.000,0,1,0,86,0,0,141,141
90,-4,2,3,0.211,0,0,0.000,0,0,0,0,0,0,0,0
90,-3,1,3,1.281,0,0,0.000,0,0,0,0,0,0,0,0
90,-6,5,0,30.000,0,0,0.000,0,1,0,2,0,0,26,26
90,1,-1,3,0.561,0,0,0.000,0,0,0,0,0,0,0,0
90,-4,1,3,30.000,0,0,0.000,0,0,0,0,0,0,0,0
90,-5,2,2,0.231,0,0,0.000,0,0,0,0,0,0,0,0
90,-2,-3,0,0.171,0,0,0.000,0,0,0,0,0,0,0,0
90,1,-5,0,0.111,0,0,0.000,0,0,0,0,0,0,0,0
90,-7,7,0,5.031,221,0,5.773,1,0,0,23,0,221,423,423
90,2,1,2,1.071,0,0,0.000,0,0,0,0,0,0,0,0
91,1,-4,2,0.771,0,0,0.000,0,0,0,0,0,0,0,0
91,-3,0,3,1.011,0,0,0.000,0,0,0,0,0,0,0,0
91,-2,2,3,0.221,0,0,0.000,0,0,0,0,0,0,0,0
91,-1,-1,3,0.871,0,0,0.000,0,0,0,0,0,0,0,0
91,0,1,3,0.112,0,0,0.000,0,0,0,0,0,0,0,0
91,-5,3,2,3.671,0,0,0.000,0,0,0,0,0,0,0,0
91,-1,1,3,1.431,0,0,0.000,0,0,0,0,0,0,0,0
91,-2,-1,3,0.341,0,0,0.000,0,0,0,0,0,0,0,0
91,0,4,3,2.151,0,0,0.000,0,1,0,31,0,0,1,1
91,3,-6,0,0.331,0,0,0.000,0,0,0,0,0,0,0,0
91,-2,4,3,1.341,0,0,0.000,0,0,0,0,0,0,0,0
91,-2,0,3,0.651,0,0,0.000,0,0,0,0,0,0,0,0
91,0,2,3,0.781,0,0,0.000,0,0,0,0,0,0,0,0
91,-4,3,3,0.531,0,0,0.000,0,0,0,0,0,0,0,0
91,-5,9,0,2.351,1423,0,10.531,1,0,0,0,0,1423,292,292
91,-7,6,1,3.513,36,0,3.761,0,1,0,205,36,0,217,217
91,-3,2,3,0.501,0,0,0.000,0,0,0,0,0,0,0,0
91,2,-1,2,0.291,0,0,0.000,0,0,0,0,0,0,0,0
91,0,-4,1,0.591,0,0,0.000,0,0,0,0,0,0,0,0
91,-2,5,3,0.901,0,0,0.000,0,0,0,0,0,0,37,37
91,-4,6,3,1.431,0,0,0.000,0,3,0,633,0,0,60,60
91,-1,5,2,1.041,0,0,0.000,0,1,0,189,0,0,34,34
91,0,-3,2,0.331,0,0,0.000,0,0,0,0,0,0,0,0
91,-6,8,0,1.793,663,0,8.063,1,0,0,0,0,663,444,444
91,-1,-2,3,0.441,0,0,0.000,0,0,0,0,0,0,0,0
91,-2,3,3,0.181,0,0,0.000,0,0,0,0,0,0,0,0
91,-4,5,3,0.891,0,0,0.000,0,1,0,1,0,0,0,0
91,1,-3,3,1.301,0,0,0.000,0,0,0,0,0,0,0,0
91,0,-2,3,1.731,0,0,0.000,0,0,0,0,0,0,0,0
91,0,3,3,0.784,0,0,0.000,0,0,0,0,0,0,0,0
91,-6,6,2,4.352,0,0,0.000,0,1,0,36,0,0,38,38
91,-2,6,2,3.454,23,0,4.321,0,1,0,401,23,0,247,247
91,-3,3,3,2.572,0,0,0.000,0,0,0,0,0,0,0,0
91,2,-2,2,0.191,0,0,0.000,0,0,0,0,0,0,0,0
91,-4,-2,2,0.271,0,0,0.000,0,0,0,0,0,0,0,0
91,2,2,1,0.633,0,0,0.000,0,0,0,0,0,0,2,2
91,-5,1,0,0.201,0,0,0.000,0,0,0,0,0,0,0,0
91,2,-3,2,0.941,0,0,0.000,0,0,0,0,0,0,0,0
91,-4,0,2,0.371,0,0,0.000,0,0,0,0,0,0,0,0
91,-3,4,3,0.421,0,0,0.000,0,0,0,0,0,0,0,0
91,-4,8,1,2.854,604,0,5.732,0,1,0,55,604,0,398,398
91,1,2,2,1.633,0,0,0.000,0,0,0,0,0,0,0,0
91,-6,2,0,1.311,0,0,0.000,0,0,0,0,0,0,0,0
91,-5,-2,0,1.831,0,0,0.000,0,0,0,0,0,0,0,0
91,3,1,1,1.551,0,0,0.000,0,0,0,0,0,0,3,3
91,-6,7,2,1.321,107,0,2.731,0,1,0,783,107,0,236,236
91,2,-4,2,0.211,0,0,0.000,0,0,0,0,0,0,0,0
91,-1,3,3,2.711,0,0,0.000,0,0,0,0,0,0,0,0
91,-1,2,3,0.151,0,0,0.000,0,0,0,0,0,0,0,0
91,-5,8,1,1.931,654,0,6.931,0,1,0,802,654,0,556,556
91,1,4,2,30.000,31,0,2.471,0,2,0,718,31,0,180,180
91,1,0,3,0.461,0,0,0.000,0,0,0,0,0,0,0,0
91,-2,1,3,0.611,0,0,0.000,0,0,0,0,0,0,0,0
91,-5,0,1,0.652,0,0,0.000,0,0,0,0,0,0,0,0
91,2,0,3,2.161,0,0,0.000,0,0,0,0,0,0,0,0
91,2,4,1,1.522,250,0,4.611,0,1,0,664,250,0,417,417
91,-6,3,0,0.651,0,0,0.000,0,0,0,0,0,0,0,0
91,3,0,0,1.331,0,0,0.000,0,0,0,0,0,0,0,0
91,-5,4,2,0.741,0,0,0.000,0,0,0,0,0,0,0,0
91,1,-2,3,1.141,0,0,0.000,0,0,0,0,0,0,0,0
91,-4,-3,0,1.151,0,0,0.000,0,0,0,0,0,0,0,0
91,3,-5,0,0.521,0,0,0.000,0,0,0,0,0,0,0,0
91,0,6,0,1.372,575,0,5.972,1,0,0,0,0,575,351,351
91,2,5,0,2.021,877,0,8.771,1,0,0,0,0,877,407,407
91,-3,7,0,1.742,233,0,5.782,1,0,0,0,0,233,335,335
91,-5,5,3,0.971,0,0,0.000,0,0,0,0,0,0,8,8
91,2,-5,1,0.291,0,0,0.000,0,0,0,0,0,0,0,0
91,4,-3,0,1.581,0,0,0.000,0,0,0,0,0,0,0,0
91,-3,-3,0,0.112,0,0,0.000,0,0,0,0,0,0,0,0
91,-3,-1,3,0.231,0,0,0.000,0,0,0,0,0,0,0,0
91,0,5,3,1.112,41,41,-1.000,0,0,0,0,0,0,104,104
91,0,0,3,0.451,0,0,0.000,0,0,0,0,0,0,0,0
91,3,-1,0,0.281,0,0,0.000,0,0,0,0,0,0,0,0
91,-1,-4,0,0.151,0,0,0.000,0,0,0,0,0,0,0,0
91,3,-2,1,0.201,0,0,0.000,0,0,0,0,0,0,0,0
91,1,5,0,3.322,477,0,8.272,1,0,0,0,0,477,386,386
91,-3,-2,2,0.181,0,0,0.000,0,0,0,0,0,0,0,0
91,-1,0,3,1.131,0,0,0.000,0,0,0,0,0,0,0,0
91,-5,-1,1,2.581,0,0,0.000,0,0,0,0,0,0,0,0
91,0,-1,3,0.521,0,0,0.000,0,0,0,0,0,0,0,0
91,-2,7,0,4.001,413,0,8.121,1,0,0,0,0,413,480,480
91,-6,4,1,0.862,0,0,0.000,0,0,0,0,0,0,0,0
91,-4,4,3,1.321,0,0,0.000,0,0,0,0,0,0,0,0
91,1,1,3,0.291,0,0,0.000,0,0,0,0,0,0,0,0
91,3,-4,0,0.501,0,0,0.000,0,0,0,0,0,0,0,0
91,-4,-1,3,2.481,0,0,0.000,0,0,0,0,0,0,0,0
91,-1,4,3,1.231,0,0,0.000,0,0,0,0,0,0,5,5
91,1,3,3,1.251,0,0,0.000,0,0,0,0,0,0,18,18
91,2,3,0,3.243,0,0,0.000,0,0,0,0,0,0,117,117
91,-2,-2,3,0.281,0,0,0.000,0,0,0,0,0,0,0,0
91,3,-3,0,0.431,0,0,0.000,0,0,0,0,0,0,0,0
91,-4,7,2,1.611,288,0,4.762,0,2,0,831,288,0,312,312
91,-1,-3,2,0.591,0,0,0.000,0,0,0,0,0,0,0,0
91,-5,7,2,4.833,57,0,2.463,0,1,0,612,57,0,264,264
91,-1,6,1,2.162,189,0,3.452,0,1,0,449,189,0,400,400
91,-3,5,3,0.551,0,0,0.000,0,1,0,4,0,0,4,4
91,-7,8,0,1.531,880,0,9.491,1,0,0,0,0,880,566,566
91,-3,6,3,1.711,4,0,4.191,0,1,0,23,4,0,141,141
91,-5,6,3,2.181,1,0,1.671,0,1,0,107,1,0,158,158
91,-4,2,3,0.541,0,0,0.000,0,0,0,0,0,0,0,0
91,-3,1,3,1.281,0,0,0.000,0,0,0,0,0,0,0,0
91,-6,5,0,0.651,0,0,0.000,0,0,0,0,0,0,28,28
91,1,-1,3,0.181,0,0,0.000,0,0,0,0,0,0,0,0
91,-4,1,3,1.391,0,0,0.000,0,0,0,0,0,0,0,0
91,-5,2,2,0.711,0,0,0.000,0,0,0,0,0,0,0,0
91,-2,-3,0,0.171,0,0,0.000,0,0,0,0,0,0,0,0
91,1,-5,0,0.231,0,0,0.000,0,0,0,0,0,0,0,0
91,-7,7,0,3.231,224,0,5.361,1,0,0,0,0,224,419,419
91,2,1,2,1.251,0,0,0.000,0,0,0,0,0,0,0,0
92,1,-4,2,0.251,0,0,0.000,0,0,0,0,0,0,0,0
92,-3,0,3,0.411,0,0,0.000,0,0,0,0,0,0,0,0
92,-2,2,3,1.001,0,0,0.000,0,0,0,0,0,0,0,0
92,-1,-1,3,0.121,0,0,0.000,0,0,0,0,0,0,0,0
92,0,1,3,0.111,0,0,0.000,0,0,0,0,0,0,0,0
92,-5,3,2,0.681,0,0,0.000,0,0,0,0,0,0,0,0
92,-1,1,3,0.201,0,0,0.000,0,0,0,0,0,0,0,0
92,-2,-1,3,0.331,0,0,0.000,0,0,0,0,0,0,0,0
92,0,4,3,1.431,0,0,0.000,0,1,0,22,0,0,2,2
92,3,-6,0,1.661,0,0,0.000,0,0,0,0,0,0,0,0
92,-2,4,3,1.133,0,0,0.000,0,0,0,0,0,0,0,0
92,-2,0,3,0.651,0,0,0.000,0,0,0,0,0,0,0,0
92,0,2,3,0.381,0,0,0.000,0,0,0,0,0,0,0,0
92,-4,3,3,0.182,0,0,0.000,0,0,0,0,0,0,0,0
92,-5,9,0,3.281,1371,0,11.071,1,0,0,40,0,1371,314,314
92,-7,6,1,1.753,32,0,3.131,0,1,0,228,32,0,179,179
92,-3,2,3,0.421,0,0,0.000,0,0,0,0,0,0,0,0
92,2,-1,2,0.291,0,0,0.000,0,0,0,0,0,0,0,0
92,0,-4,1,0.201,0,0,0.000,0,0,0,0,0,0,0,0
92,-2,5,3,0.741,0,0,0.000,0,0,0,0,0,0,37,37
92,-4,6,3,1.431,0,0,0.000,0,4,0,920,0,0,86,86
92,-1,5,2,1.251,0,0,0.000,0,1,0,228,0,0,58,58
92,0,-3,2,0.271,0,0,0.000,0,0,0,0,0,0,0,0
92,-6,8,0,1.993,611,0,7.963,1,0,0,0,0,611,509,509
92,-1,-2,3,0.441,0,0,0.000,0,0,0,0,0,0,0,0
92,-2,3,3,0.181,0,0,0.000,0,0,0,0,0,0,0,0
92,-4,5,3,1.762,0,0,0.000,0,0,0,0,0,0,0,0
92,1,-3,3,0.621,0,0,0.000,0,0,0,0,0,0,0,0
92,0,-2,3,0.621,0,0,0.000,0,0,0,0,0,0,0,0
92,0,3,3,1.831,0,0,0.000,0,0,0,0,0,0,0,0
92,-6,6,2,1.622,3,0,2.811,0,1,0,32,3,0,36,36
92,-2,6,2,2.062,10,0,4.292,0,1,1,418,6,4,247,247
92,-3,3,3,0.201,0,0,0.000,0,0,0,0,0,0,0,0
92,2,-2,2,0.191,0,0,0.000,0,0,0,0,0,0,0,0
92,-4,-2,2,0.611,0,0,0.000,0,0,0,0,0,0,0,0
92,2,2,1,1.211,0,0,0.000,0,1,0,4,0,0,2,2
92,-5,1,0,0.361,0,0,0.000,0,0,0,0,0,0,0,0
92,2,-3,2,0.131,0,0,0.000,0,0,0,0,0,0,0,0
92,-4,0,2,1.291,0,0,0.000,0,0,0,0,0,0,0,0
92,-3,4,3,1.301,0,0,0.000,0,0,0,0,0,0,0,0
92,-4,8,1,3.091,612,0,6.092,0,1,0,53,612,0,398,398
92,1,2,2,1.013,0,0,0.000,0,0,0,0,0,0,0,0
92,-6,2,0,0.871,0,0,0.000,0,0,0,0,0,0,0,0
92,-5,-2,0,1.511,0,0,0.000,0,0,0,0,0,0,0,0
92,3,1,1,3.321,0,0,0.000,0,0,0,0,0,0,0,0
92,-6,7,2,2.473,90,0,3.421,0,1,0,811,90,0,247,247
92,2,-4,2,0.421,0,0,0.000,0,0,0,0,0,0,0,0
92,-1,3,3,1.351,0,0,0.000,0,0,0,0,0,0,0,0
92,-1,2,3,0.311,0,0,0.000,0,0,0,0,0,0,0,0
92,-5,8,1,1.321,648,0,7.391,1,1,1,835,0,648,567,567
92,1,4,2,2.742,22,0,3.903,0,2,0,713,22,0,153,153
92,1,0,3,0.331,0,0,0.000,0,0,0,0,0,0,0,0
92,-2,1,3,1.041,0,0,0.000,0,0,0,0,0,0,0,0
92,-5,0,1,1.141,0,0,0.000,0,0,0,0,0,0,0,0
92,2,0,3,2.161,0,0,0.000,0,0,0,0,0,0,0,0
92,2,4,1,1.464,266,0,6.284,0,1,1,684,213,53,412,412
92,-6,3,0,0.651,0,0,0.000,0,0,0,0,0,0,0,0
92,3,0,0,1.131,0,0,0.000,0,0,0,0,0,0,1,1
92,-5,4,2,1.171,0,0,0.000,0,0,0,0,0,0,0,0
92,1,-2,3,0.911,0,0,0.000,0,0,0,0,0,0,0,0
92,-4,-3,0,2.351,0,0,0.000,0,0,0,0,0,0,0,0
92,3,-5,0,0.341,0,0,0.000,0,0,0,0,0,0,0,0
92,0,6,0,1.602,567,0,5.762,1,0,0,0,0,567,364,364
92,2,5,0,6.012,896,0,10.483,1,0,0,54,0,896,393,393
92,-3,7,0,1.962,220,0,6.142,1,0,0,0,0,220,359,359
92,-5,5,3,0.971,0,0,0.000,0,0,0,0,0,0,11,11
92,2,-5,1,0.291,0,0,0.000,0,0,0,0,0,0,0,0
92,4,-3,0,0.672,0,0,0.000,0,0,0,0,0,0,0,0
92,-3,-3,0,0.112,0,0,0.000,0,0,0,0,0,0,0,0
92,-3,-1,3,3.041,0,0,0.000,0,0,0,0,0,0,0,0
92,0,5,3,1.113,43,43,-1.000,0,0,0,0,0,0,104,104
92,0,0,3,1.161,0,0,0.000,0,0,0,0,0,0,0,0
92,3,-1,0,0.281,0,0,0.000,0,0,0,0,0,0,0,0
92,-1,-4,0,0.621,0,0,0.000,0,0,0,0,0,0,0,0
92,3,-2,1,0.831,0,0,0.000,0,0,0,0,0,0,0,0
92,1,5,0,30.000,456,0,34.740,1,0,0,0,0,456,439,439
92,-3,-2,2,0.371,0,0,0.000,0,0,0,0,0,0,0,0
92,-1,0,3,0.381,0,0,0.000,0,0,0,0,0,0,0,0
92,-5,-1,1,30.000,0,0,0.000,0,0,0,0,0,0,0,0
92,0,-1,3,0.211,0,0,0.000,0,0,0,0,0,0,0,0
92,-2,7,0,4.261,424,0,8.402,1,0,0,4,0,424,497,497
92,-6,4,1,0.862,0,0,0.000,0,0,0,0,0,0,1,1
92,-4,4,3,0.561,0,0,0.000,0,0,0,0,0,0,0,0
92,1,1,3,0.891,0,0,0.000,0,0,0,0,0,0,0,0
92,3,-4,0,1.251,0,0,0.000,0,0,0,0,0,0,0,0
92,-4,-1,3,1.591,0,0,0.000,0,0,0,0,0,0,0,0
92,-1,4,3,3.511,0,0,0.000,0,0,0,0,0,0,3,3
92,1,3,3,1.091,0,0,0.000,0,0,0,0,0,0,7,7
92,2,3,0,1.701,4,0,1.761,1,0,0,0,0,4,108,108
92,-2,-2,3,1.851,0,0,0.000,0,0,0,0,0,0,0,0
92,3,-3,0,0.431,0,0,0.000,0,0,0,0,0,0,0,0
92,-4,7,2,1.011,294,0,5.042,0,3,1,1254,222,72,337,337
92,-1,-3,2,1.801,0,0,0.000,0,0,0,0,0,0,0,0
92,-5,7,2,3.483,38,0,2.453,0,1,0,582,38,0,301,301
92,-1,6,1,17.162,228,0,4.072,0,1,0,405,228,0,393,393
92,-3,5,3,0.541,0,0,0.000,0,1,0,5,0,0,9,9
92,-7,8,0,2.401,892,0,10.641,1,0,0,0,0,892,591,591
92,-3,6,3,3.033,5,0,4.322,0,1,0,10,5,0,133,133
92,-5,6,3,1.551,0,0,0.000,0,1,0,90,0,0,128,128
92,-4,2,3,2.081,0,0,0.000,0,0,0,0,0,0,0,0
92,-3,1,3,0.181,0,0,0.000,0,0,0,0,0,0,0,0
92,-6,5,0,0.651,0,0,0.000,0,1,0,3,0,0,37,37
92,1,-1,3,0.371,0,0,0.000,0,0,0,0,0,0,0,0
92,-4,1,3,0.391,0,0,0.000,0,0,0,0,0,0,0,0
92,-5,2,2,0.171,0,0,0.000,0,0,0,0,0,0,0,0
92,-2,-3,0,0.171,0,0,0.000,0,0,0,0,0,0,0,0
92,1,-5,0,1.071,0,0,0.000,0,0,0,0,0,0,0,0
92,-7,7,0,2.691,240,0,5.051,1,0,0,0,0,240,370,370
92,2,1,2,1.611,0,0,0.000,0,0,0,0,0,0,0,0
93,1,-4,2,0.511,0,0,0.000,0,0,0,0,0,0,0,0
93,-3,0,3,0.211,0,0,0.000,0,0,0,0,0,0,0,0
93,-2,2,3,0.671,0,0,0.000,0,0,0,0,0,0,0,0
93,-1,-1,3,0.121,0,0,0.000,0,0,0,0,0,0,0,0
93,0,1,3,0.112,0,0,0.000,0,0,0,0,0,0,0,0
93,-5,3,2,0.911,0,0,0.000,0,0,0,0,0,0,0,0
93,-1,1,3,0.201,0,0,0.000,0,0,0,0,0,0,0,0
93,-2,-1,3,0.321,0,0,0.000,0,0,0,0,0,0,0,0
93,0,4,3,1.191,0,0,0.000,0,1,0,27,0,0,2,2
93,3,-6,0,0.231,0,0,0.000,0,0,0,0,0,0,0,0
93,-2,4,3,1.363,0,0,0.000,0,0,0,0,0,0,0,0
93,-2,0,3,0.651,0,0,0.000,0,0,0,0,0,0,0,0
93,0,2,3,1.981,0,0,0.000,0,0,0,0,0,0,0,0
93,-4,3,3,0.721,0,0,0.000,0,0,0,0,0,0,0,0
93,-5,9,0,1.001,1405,0,9.171,1,0,0,0,0,1405,292,292
93,-7,6,1,2.414,40,0,3.581,0,1,0,213,40,0,200,200
93,-3,2,3,1.441,0,0,0.000,0,0,0,0,0,0,0,0
93,2,-1,2,1.281,0,0,0.000,0,0,0,0,0,0,0,0
93,0,-4,1,0.201,0,0,0.000,0,0,0,0,0,0,0,0
93,-2,5,3,0.741,0,0,0.000,0,0,0,0,0,0,38,38
93,-4,6,3,1.191,0,0,0.000,0,3,0,674,0,0,54,54
93,-1,5,2,1.461,1,0,1.862,0,1,0,170,1,0,57,57
93,0,-3,2,0.161,0,0,0.000,0,0,0,0,0,0,0,0
93,-6,8,0,1.993,626,0,7.933,1,0,0,0,0,626,483,483
93,-1,-2,3,0.671,0,0,0.000,0,0,0,0,0,0,0,0
93,-2,3,3,0.561,0,0,0.000,0,0,0,0,0,0,0,0
93,-4,5,3,0.901,0,0,0.000,0,0,0,0,0,0,0,0
93,1,-3,3,2.301,0,0,0.000,0,0,0,0,0,0,0,0
93,0,-2,3,0.291,0,0,0.000,0,0,0,0,0,0,0,0
93,0,3,3,1.881,0,0,0.000,0,0,0,0,0,0,0,0
93,-6,6,2,1.452,5,0,3.191,0,1,0,40,5,0,42,42
93,-2,6,2,2.323,23,0,1.932,0,1,0,413,23,0,222,222
93,-3,3,3,0.411,0,0,0.000,0,0,0,0,0,0,0,0
93,2,-2,2,0.311,0,0,0.000,0,0,0,0,0,0,0,0
93,-4,-2,2,0.271,0,0,0.000,0,0,0,0,0,0,0,0
93,2,2,1,0.633,0,0,0.000,0,1,0,3,0,0,1,1
93,-5,1,0,0.761,0,0,0.000,0,0,0,0,0,0,0,0
93,2,-3,2,0.131,0,0,0.000,0,0,0,0,0,0,0,0
93,-4,0,2,1.061,0,0,0.000,0,0,0,0,0,0,0,0
93,-3,4,3,0.531,0,0,0.000,0,0,0,0,0,0,0,0
93,-4,8,1,3.091,637,0,5.902,0,1,0,54,637,0,370,370
93,1,2,2,1.511,0,0,0.000,0,0,0,0,0,0,0,0
93,-6,2,0,0.742,0,0,0.000,0,0,0,0,0,0,0,0
93,-5,-2,0,1.751,0,0,0.000,0,0,0,0,0,0,0,0
93,3,1,1,1.221,0,0,0.000,0,0,0,0,0,0,3,3
93,-6,7,2,1.322,93,0,2.871,0,1,0,791,93,0,231,231
93,2,-4,2,0.211,0,0,0.000,0,0,0,0,0,0,0,0
93,-1,3,3,0.451,0,0,0.000,0,0,0,0,0,0,0,0
93,-1,2,3,0.471,0,0,0.000,0,0,0,0,0,0,0,0
93,-5,8,1,1.491,640,0,5.131,0,1,0,801,640,0,567,567
93,1,4,2,1.693,27,0,1.872,0,2,0,771,27,0,148,148
93,1,0,3,1.261,0,0,0.000,0,0,0,0,0,0,0,0
93,-2,1,3,1.351,0,0,0.000,0,0,0,0,0,0,0,0
93,-5,0,1,0.551,0,0,0.000,0,0,0,0,0,0,0,0
93,2,0,3,3.091,0,0,0.000,0,0,0,0,0,0,0,0
93,2,4,1,1.464,268,0,4.202,0,1,0,686,268,0,438,438
93,-6,3,0,0.652,0,0,0.000,0,0,0,0,0,0,0,0
93,3,0,0,0.782,0,0,0.000,0,0,0,0,0,0,2,2
93,-5,4,2,2.061,0,0,0.000,0,0,0,0,0,0,0,0
93,1,-2,3,2.751,0,0,0.000,0,0,0,0,0,0,0,0
93,-4,-3,0,3.791,0,0,0.000,0,0,0,0,0,0,0,0
93,3,-5,0,0.341,0,0,0.000,0,0,0,0,0,0,0,0
93,0,6,0,1.602,559,0,5.972,1,0,0,0,0,559,349,349
93,2,5,0,1.462,926,0,8.432,1,0,0,0,0,926,386,386
93,-3,7,0,1.742,228,0,5.952,1,0,0,0,0,228,327,327
93,-5,5,3,1.971,0,0,0.000,0,0,0,0,0,0,10,10
93,2,-5,1,0.331,0,0,0.000,0,0,0,0,0,0,0,0
93,4,-3,0,1.811,0,0,0.000,0,0,0,0,0,0,0,0
93,-3,-3,0,0.211,0,0,0.000,0,0,0,0,0,0,0,0
93,-3,-1,3,12.281,0,0,0.000,0,0,0,0,0,0,0,0
93,0,5,3,0.952,37,37,-1.000,0,0,0,0,0,0,118,118
93,0,0,3,0.711,0,0,0.000,0,0,0,0,0,0,0,0
93,3,-1,0,0.591,0,0,0.000,0,0,0,0,0,0,0,0
93,-1,-4,0,1.521,0,0,0.000,0,0,0,0,0,0,0,0
93,3,-2,1,0.223,0,0,0.000,0,0,0,0,0,0,0,0
93,1,5,0,5.432,515,0,10.762,1,0,0,0,0,515,367,367
93,-3,-2,2,0.941,0,0,0.000,0,0,0,0,0,0,0,0
93,-1,0,3,0.641,0,0,0.000,0,0,0,0,0,0,0,0
93,-5,-1,1,0.971,0,0,0.000,0,0,0,0,0,0,0,0
93,0,-1,3,0.191,0,0,0.000,0,0,0,0,0,0,0,0
93,-2,7,0,1.612,429,0,5.852,1,0,0,0,0,429,490,490
93,-6,4,1,1.551,0,0,0.000,0,0,0,0,0,0,1,1
93,-4,4,3,1.511,0,0,0.000,0,0,0,0,0,0,0,0
93,1,1,3,0.491,0,0,0.000,0,0,0,0,0,0,0,0
93,3,-4,0,0.251,0,0,0.000,0,0,0,0,0,0,0,0
93,-4,-1,3,0.481,0,0,0.000,0,0,0,0,0,0,0,0
93,-1,4,3,0.752,0,0,0.000,0,1,0,1,0,0,9,9
93,1,3,3,1.091,0,0,0.000,0,0,0,0,0,0,11,11
93,2,3,0,1.484,3,0,1.544,1,0,0,0,0,3,116,116
93,-2,-2,3,0.331,0,0,0.000,0,0,0,0,0,0,0,0
93,3,-3,0,0.991,0,0,0.000,0,0,0,0,0,0,0,0
93,-4,7,2,1.752,308,0,4.261,0,2,0,803,308,0,320,320
93,-1,-3,2,0.991,0,0,0.000,0,0,0,0,0,0,0,0
93,-5,7,2,4.563,58,0,2.663,0,1,0,579,58,0,278,278
93,-1,6,1,1.962,171,0,3.492,0,1,0,426,171,0,414,414
93,-3,5,3,0.541,0,0,0.000,0,1,0,2,0,0,9,9
93,-7,8,0,1.811,871,0,9.851,1,0,0,0,0,871,601,601
93,-3,6,3,1.321,2,0,1.792,0,1,0,23,2,0,153,153
93,-5,6,3,1.462,0,0,0.000,0,1,0,93,0,0,125,125
93,-4,2,3,0.431,0,0,0.000,0,0,0,0,0,0,0,0
93,-3,1,3,0.331,0,0,0.000,0,0,0,0,0,0,0,0
93,-6,5,0,0.791,0,0,0.000,0,1,0,5,0,0,32,32
93,1,-1,3,0.751,0,0,0.000,0,0,0,0,0,0,0,0
93,-4,1,3,0.391,0,0,0.000,0,0,0,0,0,0,0,0
93,-5,2,2,0.711,0,0,0.000,0,0,0,0,0,0,0,0
93,-2,-3,0,0.311,0,0,0.000,0,0,0,0,0,0,0,0
93,1,-5,0,0.231,0,0,0.000,0,0,0,0,0,0,0,0
93,-7,7,0,3.051,227,0,5.261,1,0,0,0,0,227,399,399
93,2,1,2,0.531,0,0,0.000,0,0,0,0,0,0,0,0
94,1,-4,2,0.511,0,0,0.000,0,0,0,0,0,0,0,0
94,-3,0,3,0.351,0,0,0.000,0,0,0,0,0,0,0,0
94,-2,2,3,1.131,0,0,0.000,0,0,0,0,0,0,0,0
94,-1,-1,3,0.871,0,0,0.000,0,0,0,0,0,0,0,0
94,0,1,3,0.111,0,0,0.000,0,0,0,0,0,0,0,0
94,-5,3,2,0.451,0,0,0.000,0,0,0,0,0,0,0,0
94,-1,1,3,0.591,0,0,0.000,0,0,0,0,0,0,0,0
94,-2,-1,3,0.451,0,0,0.000,0,0,0,0,0,0,0,0
94,0,4,3,2.151,0,0,0.000,0,1,0,22,0,0,2,2
94,3,-6,0,0.461,0,0,0.000,0,0,0,0,0,0,0,0
94,-2,4,3,1.111,0,0,0.000,0,0,0,0,0,0,0,0
94,-2,0,3,0.211,0,0,0.000,0,0,0,0,0,0,0,0
94,0,2,3,0.381,0,0,0.000,0,0,0,0,0,0,0,0
94,-4,3,3,0.341,0,0,0.000,0,0,0,0,0,0,0,0
94,-5,9,0,1.151,1416,0,9.561,1,0,0,0,0,1416,331,331
94,-7,6,1,2.193,22,0,2.871,0,1,0,216,22,0,213,213
94,-3,2,3,0.331,0,0,0.000,0,0,0,0,0,0,0,0
94,2,-1,2,0.591,0,0,0.000,0,0,0,0,0,0,0,0
94,0,-4,1,1.041,0,0,0.000,0,0,0,0,0,0,0,0
94,-2,5,3,1.221,0,0,0.000,0,0,0,0,0,0,38,38
94,-4,6,3,1.431,0,0,0.000,0,3,0,688,0,0,64,64
94,-1,5,2,0.831,2,0,1.741,0,1,0,190,2,0,48,48
94,0,-3,2,0.201,0,0,0.000,0,0,0,0,0,0,0,0
94,-6,8,0,2.193,604,0,8.053,1,0,0,0,0,604,512,512
94,-1,-2,3,0.451,0,0,0.000,0,0,0,0,0,0,0,0
94,-2,3,3,0.751,0,0,0.000,0,0,0,0,0,0,0,0
94,-4,5,3,1.971,0,0,0.000,0,1,0,1,0,0,0,0
94,1,-3,3,0.441,0,0,0.000,0,0,0,0,0,0,0,0
94,0,-2,3,0.171,0,0,0.000,0,0,0,0,0,0,0,0
94,0,3,3,1.101,0,0,0.000,0,0,0,0,0,0,0,0
94,-6,6,2,1.792,4,0,2.641,0,1,0,22,4,0,30,30
94,-2,6,2,2.323,22,0,2.892,0,1,0,443,22,0,226,226
94,-3,3,3,1.461,0,0,0.000,0,0,0,0,0,0,0,0
94,2,-2,2,0.311,0,0,0.000,0,0,0,0,0,0,0,0
94,-4,-2,2,0.271,0,0,0.000,0,0,0,0,0,0,0,0
94,2,2,1,0.891,0,0,0.000,0,0,0,0,0,0,2,2
94,-5,1,0,0.194,0,0,0.000,0,0,0,0,0,0,0,0
94,2,-3,2,0.131,0,0,0.000,0,0,0,0,0,0,0,0
94,-4,0,2,0.221,0,0,0.000,0,0,0,0,0,0,0,0
94,-3,4,3,2.731,0,0,0.000,0,0,0,0,0,0,0,0
94,-4,8,1,6.451,636,0,6.702,0,1,0,63,636,0,391,391
94,1,2,2,2.121,0,0,0.000,0,0,0,0,0,0,0,0
94,-6,2,0,0.522,0,0,0.000,0,0,0,0,0,0,0,0
94,-5,-2,0,1.591,0,0,0.000,0,0,0,0,0,0,0,0
94,3,1,1,11.721,0,0,0.000,0,0,0,0,0,0,1,1
94,-6,7,2,1.792,98,0,4.171,0,1,0,808,98,0,258,258
94,2,-4,2,0.211,0,0,0.000,0,0,0,0,0,0,0,0
94,-1,3,3,0.551,0,0,0.000,0,0,0,0,0,0,0,0
94,-1,2,3,0.151,0,0,0.000,0,0,0,0,0,0,0,0
94,-5,8,1,1.661,637,0,5.401,0,1,0,825,637,0,572,572
94,1,4,2,1.693,22,0,1.962,0,2,0,756,22,0,157,157
94,1,0,3,0.291,0,0,0.000,0,0,0,0,0,0,0,0
94,-2,1,3,0.651,0,0,0.000,0,0,0,0,0,0,0,0
94,-5,0,1,0.551,0,0,0.000,0,0,0,0,0,0,0,0
94,2,0,3,2.161,0,0,0.000,0,0,0,0,0,0,0,0
94,2,4,1,1.464,280,0,4.492,0,1,0,663,280,0,408,408
94,-6,3,0,3.053,0,0,0.000,0,0,0,0,0,0,0,0
94,3,0,0,1.531,0,0,0.000,0,0,0,0,0,0,0,0
94,-5,4,2,0.451,0,0,0.000,0,0,0,0,0,0,0,0
94,1,-2,3,1.141,0,0,0.000,0,0,0,0,0,0,0,0
94,-4,-3,0,0.671,0,0,0.000,0,0,0,0,0,0,0,0
94,3,-5,0,0.531,0,0,0.000,0,0,0,0,0,0,0,0
94,0,6,0,1.451,596,0,6.121,1,0,0,0,0,596,333,333
94,2,5,0,1.601,904,0,8.341,1,0,0,0,0,904,366,366
94,-3,7,0,2.622,215,0,6.752,1,0,0,0,0,215,360,360
94,-5,5,3,2.002,0,0,0.000,0,0,0,0,0,0,8,8
94,2,-5,1,0.161,0,0,0.000,0,0,0,0,0,0,0,0
94,4,-3,0,0.431,0,0,0.000,0,0,0,0,0,0,0,0
94,-3,-3,0,0.112,0,0,0.000,0,0,0,0,0,0,0,0
94,-3,-1,3,0.231,0,0,0.000,0,0,0,0,0,0,0,0
94,0,5,3,0.953,52,52,-1.000,0,0,0,0,0,0,105,105
94,0,0,3,0.451,0,0,0.000,0,0,0,0,0,0,0,0
94,3,-1,0,1.181,0,0,0.000,0,0,0,0,0,0,0,0
94,-1,-4,0,0.241,0,0,0.000,0,0,0,0,0,0,0,0
94,3,-2,1,0.201,0,0,0.000,0,0,0,0,0,0,0,0
94,1,5,0,3.142,485,0,8.172,1,0,0,0,0,485,385,385
94,-3,-2,2,0.181,0,0,0.000,0,0,0,0,0,0,0,0
94,-1,0,3,2.011,0,0,0.000,0,0,0,0,0,0,0,0
94,-5,-1,1,18.554,0,0,0.000,0,0,0,0,0,0,0,0
94,0,-1,3,0.371,0,0,0.000,0,0,0,0,0,0,0,0
94,-2,7,0,2.582,462,0,7.122,1,0,0,0,0,462,456,456
94,-6,4,1,2.072,0,0,0.000,0,0,0,0,0,0,2,2
94,-4,4,3,0.751,0,0,0.000,0,0,0,0,0,0,0,0
94,1,1,3,0.991,0,0,0.000,0,0,0,0,0,0,0,0
94,3,-4,0,0.471,0,0,0.000,0,0,0,0,0,0,0,0
94,-4,-1,3,1.231,0,0,0.000,0,0,0,0,0,0,0,0
94,-1,4,3,2.181,0,0,0.000,0,1,0,2,0,0,7,7
94,1,3,3,0.931,0,0,0.000,0,0,0,0,0,0,15,15
94,2,3,0,1.701,0,0,0.000,0,0,0,0,0,0,111,111
94,-2,-2,3,1.851,0,0,0.000,0,0,0,0,0,0,0,0
94,3,-3,0,0.341,0,0,0.000,0,0,0,0,0,0,0,0
94,-4,7,2,1.791,326,0,4.591,0,2,0,807,326,0,288,288
94,-1,-3,2,1.401,0,0,0.000,0,0,0,0,0,0,0,0
94,-5,7,2,2.943,36,0,2.633,0,1,0,571,36,0,290,290
94,-1,6,1,1.962,191,0,3.541,0,1,0,456,191,0,404,404
94,-3,5,3,0.541,0,0,0.000,0,0,0,0,0,0,5,5
94,-7,8,0,3.071,898,0,11.281,1,0,0,0,0,898,593,593
94,-3,6,3,1.891,0,0,0.000,0,1,0,22,0,0,126,126
94,-5,6,3,1.462,1,0,3.221,0,1,0,98,1,0,116,116
94,-4,2,3,0.431,0,0,0.000,0,0,0,0,0,0,0,0
94,-3,1,3,0.371,0,0,0.000,0,0,0,0,0,0,0,0
94,-6,5,0,0.681,0,0,0.000,0,1,0,4,0,0,29,29
94,1,-1,3,0.371,0,0,0.000,0,0,0,0,0,0,0,0
94,-4,1,3,0.391,0,0,0.000,0,0,0,0,0,0,0,0
94,-5,2,2,0.591,0,0,0.000,0,0,0,0,0,0,0,0
94,-2,-3,0,0.211,0,0,0.000,0,0,0,0,0,0,0,0
94,1,-5,0,9.711,0,0,0.000,0,0,0,0,0,0,0,0
94,-7,7,0,2.511,223,0,4.751,1,0,0,0,0,223,398,398
94,2,1,2,0.891,0,0,0.000,0,0,0,0,0,0,0,0
95,1,-4,2,2.331,0,0,0.000,0,0,0,0,0,0,0,0
95,-3,0,3,1.671,0,0,0.000,0,0,0,0,0,0,0,0
95,-2,2,3,0.221,0,0,0.000,0,0,0,0,0,0,0,0
95,-1,-1,3,1.261,0,0,0.000,0,0,0,0,0,0,0,0
95,0,1,3,0.112,0,0,0.000,0,0,0,0,0,0,0,0
95,-5,3,2,1.601,0,0,0.000,0,0,0,0,0,0,0,0
95,-1,1,3,1.461,0,0,0.000,0,0,0,0,0,0,0,0
95,-2,-1,3,0.321,0,0,0.000,0,0,0,0,0,0,0,0
95,0,4,3,2.151,0,0,0.000,0,1,0,22,0,0,2,2
95,3,-6,0,0.231,0,0,0.000,0,0,0,0,0,0,0,0
95,-2,4,3,1.381,0,0,0.000,0,0,0,0,0,0,0,0
95,-2,0,3,0.431,0,0,0.000,0,0,0,0,0,0,0,0
95,0,2,3,0.781,0,0,0.000,0,0,0,0,0,0,0,0
95,-4,3,3,0.341,0,0,0.000,0,0,0,0,0,0,0,0
95,-5,9,0,1.001,1410,0,9.201,1,0,0,0,0,1410,305,305
95,-7,6,1,2.194,27,0,3.692,1,1,0,219,0,27,210,210
95,-3,2,3,1.951,0,0,0.000,0,0,0,0,0,0,0,0
95,2,-1,2,0.291,0,0,0.000,0,0,0,0,0,0,0,0
95,0,-4,1,0.381,0,0,0.000,0,0,0,0,0,0,0,0
95,-2,5,3,1.061,0,0,0.000,0,0,0,0,0,0,47,47
95,-4,6,3,1.922,0,0,0.000,0,4,0,1002,0,0,68,68
95,-1,5,2,1.041,0,0,0.000,0,1,0,198,0,0,50,50
95,0,-3,2,0.611,0,0,0.000,0,0,0,0,0,0,0,0
95,-6,8,0,3.193,651,0,9.433,1,0,0,0,0,651,465,465
95,-1,-2,3,0.221,0,0,0.000,0,0,0,0,0,0,0,0
95,-2,3,3,0.371,0,0,0.000,0,0,0,0,0,0,0,0
95,-4,5,3,1.531,0,0,0.000,0,1,0,1,0,0,0,0
95,1,-3,3,0.411,0,0,0.000,0,0,0,0,0,0,0,0
95,0,-2,3,0.171,0,0,0.000,0,0,0,0,0,0,0,0
95,0,3,3,0.781,0,0,0.000,0,0,0,0,0,0,0,0
95,-6,6,2,1.282,8,0,3.422,0,2,1,54,0,8,45,45
95,-2,6,2,4.501,19,0,4.121,0,1,0,412,19,0,235,235
95,-3,3,3,0.201,0,0,0.000,0,0,0,0,0,0,0,0
95,2,-2,2,0.191,0,0,0.000,0,0,0,0,0,0,0,0
95,-4,-2,2,0.871,0,0,0.000,0,0,0,0,0,0,0,0
95,2,2,1,0.891,0,0,0.000,0,0,0,0,0,0,0,0
95,-5,1,0,0.194,0,0,0.000,0,0,0,0,0,0,0,0
95,2,-3,2,0.131,0,0,0.000,0,0,0,0,0,0,0,0
95,-4,0,2,1.141,0,0,0.000,0,0,0,0,0,0,0,0
95,-3,4,3,0.581,0,0,0.000,0,0,0,0,0,0,0,0
95,-4,8,1,4.291,623,0,7.061,1,1,0,140,0,623,379,379
95,1,2,2,0.561,0,0,0.000,0,0,0,0,0,0,0,0
95,-6,2,0,0.651,0,0,0.000,0,0,0,0,0,0,2,2
95,-5,-2,0,0.871,0,0,0.000,0,0,0,0,0,0,0,0
95,3,1,1,1.983,0,0,0.000,0,0,0,0,0,0,2,2
95,-6,7,2,1.512,111,0,4.343,0,1,0,761,111,0,240,240
95,2,-4,2,0.821,0,0,0.000,0,0,0,0,0,0,0,0
95,-1,3,3,1.111,0,0,0.000,0,0,0,0,0,0,0,0
95,-1,2,3,0.311,0,0,0.000,0,0,0,0,0,0,0,0
95,-5,8,1,1.421,630,0,5.091,0,1,0,804,630,0,567,567
95,1,4,2,1.523,22,0,2.652,0,2,0,707,22,0,167,167
95,1,0,3,0.801,0,0,0.000,0,0,0,0,0,0,0,0
95,-2,1,3,0.621,0,0,0.000,0,0,0,0,0,0,0,0
95,-5,0,1,0.532,0,0,0.000,0,0,0,0,0,0,0,0
95,2,0,3,0.921,0,0,0.000,0,0,0,0,0,0,0,0
95,2,4,1,1.803,248,0,5.511,0,1,0,676,248,0,460,460
95,-6,3,0,0.651,0,0,0.000,0,0,0,0,0,0,0,0
95,3,0,0,0.941,0,0,0.000,0,0,0,0,0,0,2,2
95,-5,4,2,0.451,0,0,0.000,0,0,0,0,0,0,0,0
95,1,-2,3,0.451,0,0,0.000,0,0,0,0,0,0,0,0
95,-4,-3,0,4.511,0,0,0.000,0,0,0,0,0,0,0,0
95,3,-5,0,0.171,0,0,0.000,0,0,0,0,0,0,0,0
95,0,6,0,1.401,570,0,5.821,1,0,0,0,0,570,344,344
95,2,5,0,2.861,884,0,9.731,1,0,0,0,0,884,401,401
95,-3,7,0,3.282,198,0,7.332,1,0,0,0,0,198,351,351
95,-5,5,3,1.371,0,0,0.000,0,0,0,0,0,0,8,8
95,2,-5,1,0.681,0,0,0.000,0,0,0,0,0,0,0,0
95,4,-3,0,0.661,0,0,0.000,0,0,0,0,0,0,0,0
95,-3,-3,0,0.112,0,0,0.000,0,0,0,0,0,0,0,0
95,-3,-1,3,0.141,0,0,0.000,0,0,0,0,0,0,0,0
95,0,5,3,6.713,43,43,-1.000,0,0,0,0,0,0,111,111
95,0,0,3,2.461,0,0,0.000,0,0,0,0,0,0,0,0
95,3,-1,0,0.431,0,0,0.000,0,0,0,0,0,0,0,0
95,-1,-4,0,0.301,0,0,0.000,0,0,0,0,0,0,0,0
95,3,-2,1,0.411,0,0,0.000,0,0,0,0,0,0,0,0
95,1,5,0,2.322,474,0,7.092,1,0,0,0,0,474,419,419
95,-3,-2,2,0.561,0,0,0.000,0,0,0,0,0,0,0,0
95,-1,0,3,0.211,0,0,0.000,0,0,0,0,0,0,0,0
95,-5,-1,1,2.021,0,0,0.000,0,0,0,0,0,0,0,0
95,0,-1,3,0.321,0,0,0.000,0,0,0,0,0,0,0,0
95,-2,7,0,3.841,424,0,8.071,1,0,0,0,0,424,497,497
95,-6,4,1,1.502,0,0,0.000,0,1,0,1,0,0,2,2
95,-4,4,3,0.561,0,0,0.000,0,0,0,0,0,0,0,0
95,1,1,3,0.891,0,0,0.000,0,0,0,0,0,0,0,0
95,3,-4,0,0.251,0,0,0.000,0,0,0,0,0,0,0,0
95,-4,-1,3,1.731,0,0,0.000,0,0,0,0,0,0,0,0
95,-1,4,3,1.801,0,0,0.000,0,0,0,0,0,0,7,7
95,1,3,3,2.211,0,0,0.000,0,0,0,0,0,0,11,11
95,2,3,0,1.973,0,0,0.000,0,0,0,0,0,0,121,121
95,-2,-2,3,0.181,0,0,0.000,0,0,0,0,0,0,0,0
95,3,-3,0,0.461,0,0,0.000,0,0,0,0,0,0,0,0
95,-4,7,2,1.011,318,0,4.361,0,3,1,1178,231,87,317,317
95,-1,-3,2,0.391,0,0,0.000,0,0,0,0,0,0,0,0
95,-5,7,2,2.943,48,0,3.783,0,1,0,609,48,0,281,281
95,-1,6,1,4.362,198,0,3.571,0,1,0,431,198,0,421,421
95,-3,5,3,0.541,0,0,0.000,0,1,0,4,0,0,8,8
95,-7,8,0,3.103,855,0,10.843,1,0,0,0,0,855,626,626
95,-3,6,3,2.081,4,0,4.031,0,1,0,19,4,0,129,129
95,-5,6,3,1.551,1,0,3.253,0,1,0,111,1,0,132,132
95,-4,2,3,0.101,0,0,0.000,0,0,0,0,0,0,0,0
95,-3,1,3,0.711,0,0,0.000,0,0,0,0,0,0,0,0
95,-6,5,0,0.931,1,0,0.991,1,1,0,8,0,1,25,25
95,1,-1,3,30.000,0,0,0.000,0,0,0,0,0,0,0,0
95,-4,1,3,0.591,0,0,0.000,0,0,0,0,0,0,0,0
95,-5,2,2,0.351,0,0,0.000,0,0,0,0,0,0,0,0
95,-2,-3,0,0.171,0,0,0.000,0,0,0,0,0,0,0,0
95,1,-5,0,0.231,0,0,0.000,0,0,0,0,0,0,0,0
95,-7,7,0,3.411,226,0,5.601,1,0,0,0,0,226,404,404
95,2,1,2,1.071,0,0,0.000,0,0,0,0,0,0,0,0
96,1,-4,2,0.511,0,0,0.000,0,0,0,0,0,0,0,0
96,-3,0,3,0.351,0,0,0.000,0,0,0,0,0,0,0,0
96,-2,2,3,0.611,0,0,0.000,0,0,0,0,0,0,0,0
96,-1,-1,3,0.121,0,0,0.000,0,0,0,0,0,0,0,0
96,0,1,3,0.511,0,0,0.000,0,0,0,0,0,0,0,0
96,-5,3,2,0.911,0,0,0.000,0,0,0,0,0,0,0,0
96,-1,1,3,1.641,0,0,0.000,0,0,0,0,0,0,0,0
96,-2,-1,3,0.451,0,0,0.000,0,0,0,0,0,0,0,0
96,0,4,3,1.911,0,0,0.000,0,1,0,40,0,0,4,4
96,3,-6,0,0.461,0,0,0.000,0,0,0,0,0,0,0,0
96,-2,4,3,0.453,0,0,0.000,0,0,0,0,0,0,0,0
96,-2,0,3,0.431,0,0,0.000,0,0,0,0,0,0,0,0
96,0,2,3,0.381,0,0,0.000,0,0,0,0,0,0,0,0
96,-4,3,3,1.881,0,0,0.000,0,0,0,0,0,0,0,0
96,-5,9,0,1.753,1425,0,10.303,1,0,0,0,0,1425,279,279
96,-7,6,1,1.382,34,0,3.892,1,1,1,200,9,25,220,220
96,-3,2,3,0.251,0,0,0.000,0,0,0,0,0,0,0,0
96,2,-1,2,1.191,0,0,0.000,0,0,0,0,0,0,0,0
96,0,-4,1,1.011,0,0,0.000,0,0,0,0,0,0,0,0
96,-2,5,3,1.113,0,0,0.000,0,0,0,0,0,0,52,52
96,-4,6,3,1.911,0,0,0.000,0,3,0,602,0,0,65,65
96,-1,5,2,2.301,0,0,0.000,0,1,0,222,0,0,43,43
96,0,-3,2,0.161,0,0,0.000,0,0,0,0,0,0,0,0
96,-6,8,0,2.593,639,0,8.723,1,0,0,0,0,639,484,484
96,-1,-2,3,1.591,0,0,0.000,0,0,0,0,0,0,0,0
96,-2,3,3,1.891,0,0,0.000,0,0,0,0,0,0,0,0
96,-4,5,3,1.311,0,0,0.000,0,0,0,0,0,0,0,0
96,1,-3,3,1.281,0,0,0.000,0,0,0,0,0,0,0,0
96,0,-2,3,0.231,0,0,0.000,0,0,0,0,0,0,0,0
96,0,3,3,0.621,0,0,0.000,0,0,0,0,0,0,0,0
96,-6,6,2,1.452,3,0,3.532,0,2,1,68,0,3,34,34
96,-2,6,2,2.323,24,0,4.713,0,1,1,399,18,6,231,231
96,-3,3,3,0.621,0,0,0.000,0,0,0,0,0,0,0,0
96,2,-2,2,0.821,0,0,0.000,0,0,0,0,0,0,0,0
96,-4,-2,2,0.721,0,0,0.000,0,0,0,0,0,0,0,0
96,2,2,1,0.982,0,0,0.000,0,1,0,4,0,0,0,0
96,-5,1,0,0.361,0,0,0.000,0,0,0,0,0,0,0,0
96,2,-3,2,0.131,0,0,0.000,0,0,0,0,0,0,0,0
96,-4,0,2,0.221,0,0,0.000,0,0,0,0,0,0,0,0
96,-3,4,3,0.751,0,0,0.000,0,0,0,0,0,0,0,0
96,-4,8,1,3.091,617,0,8.012,0,1,0,60,617,0,372,372
96,1,2,2,1.013,0,0,0.000,0,0,0,0,0,0,0,0
96,-6,2,0,1.531,0,0,0.000,0,0,0,0,0,0,1,1
96,-5,-2,0,0.791,0,0,0.000,0,0,0,0,0,0,0,0
96,3,1,1,1.042,0,0,0.000,0,0,0,0,0,0,2,2
96,-6,7,2,1.973,94,0,2.324,0,1,0,806,94,0,242,242
96,2,-4,2,0.421,0,0,0.000,0,0,0,0,0,0,0,0
96,-1,3,3,1.111,0,0,0.000,0,0,0,0,0,0,0,0
96,-1,2,3,3.671,0,0,0.000,0,0,0,0,0,0,0,0
96,-5,8,1,1.151,626,0,6.213,0,1,0,839,626,0,563,563
96,1,4,2,30.000,40,0,2.422,0,2,0,689,40,0,151,151
96,1,0,3,0.291,0,0,0.000,0,0,0,0,0,0,0,0
96,-2,1,3,0.521,0,0,0.000,0,0,0,0,0,0,0,0
96,-5,0,1,2.261,0,0,0.000,0,0,0,0,0,0,0,0
96,2,0,3,2.471,0,0,0.000,0,0,0,0,0,0,0,0
96,2,4,1,2.483,258,0,4.392,0,1,0,691,258,0,454,454
96,-6,3,0,1.411,0,0,0.000,0,0,0,0,0,0,1,1
96,3,0,0,1.131,0,0,0.000,0,0,0,0,0,0,2,2
96,-5,4,2,1.601,0,0,0.000,0,0,0,0,0,0,0,0
96,1,-2,3,0.221,0,0,0.000,0,0,0,0,0,0,0,0
96,-4,-3,0,1.631,0,0,0.000,0,0,0,0,0,0,0,0
96,3,-5,0,0.251,0,0,0.000,0,0,0,0,0,0,0,0
96,0,6,0,1.372,567,0,5.602,1,0,0,0,0,567,356,356
96,2,5,0,1.882,911,0,8.902,1,0,0,0,0,911,360,360
96,-3,7,0,3.722,213,0,8.062,1,0,0,0,0,213,351,351
96,-5,5,3,1.571,0,0,0.000,0,0,0,0,0,0,12,12
96,2,-5,1,1.181,0,0,0.000,0,0,0,0,0,0,0,0
96,4,-3,0,0.431,0,0,0.000,0,0,0,0,0,0,0,0
96,-3,-3,0,0.112,0,0,0.000,0,0,0,0,0,0,0,0
96,-3,-1,3,0.111,0,0,0.000,0,0,0,0,0,0,0,0
96,0,5,3,1.272,34,34,-1.000,0,0,0,0,0,0,101,101
96,0,0,3,0.451,0,0,0.000,0,0,0,0,0,0,0,0
96,3,-1,0,0.281,0,0,0.000,0,0,0,0,0,0,0,0
96,-1,-4,0,0.151,0,0,0.000,0,0,0,0,0,0,0,0
96,3,-2,1,0.411,0,0,0.000,0,0,0,0,0,0,0,0
96,1,5,0,3.141,455,0,7.871,1,0,0,0,0,455,445,445
96,-3,-2,2,0.371,0,0,0.000,0,0,0,0,0,0,0,0
96,-1,0,3,0.211,0,0,0.000,0,0,0,0,0,0,0,0
96,-5,-1,1,1.911,0,0,0.000,0,0,0,0,0,0,0,0
96,0,-1,3,0.191,0,0,0.000,0,0,0,0,0,0,0,0
96,-2,7,0,4.762,417,0,8.473,1,0,0,6,0,417,496,496
96,-6,4,1,0.873,0,0,0.000,0,0,0,0,0,0,0,0
96,-4,4,3,1.131,0,0,0.000,0,0,0,0,0,0,0,0
96,1,1,3,0.191,0,0,0.000,0,0,0,0,0,0,0,0
96,3,-4,0,0.471,0,0,0.000,0,0,0,0,0,0,0,0
96,-4,-1,3,0.341,0,0,0.000,0,0,0,0,0,0,0,0
96,-1,4,3,1.991,0,0,0.000,0,0,0,0,0,0,4,4
96,1,3,3,1.091,0,0,0.000,0,0,0,0,0,0,6,6
96,2,3,0,2.502,4,0,2.572,1,0,0,0,0,4,105,105
96,-2,-2,3,0.371,0,0,0.000,0,0,0,0,0,0,0,0
96,3,-3,0,0.341,0,0,0.000,0,0,0,0,0,0,0,0
96,-4,7,2,2.151,277,0,4.713,0,2,0,848,277,0,331,331
96,-1,-3,2,0.391,0,0,0.000,0,0,0,0,0,0,0,0
96,-5,7,2,3.753,48,0,3.153,0,1,0,598,48,0,298,298
96,-1,6,1,2.562,222,0,3.782,0,1,0,412,222,0,388,388
96,-3,5,3,0.821,0,0,0.000,0,1,0,3,0,0,4,4
96,-7,8,0,1.254,892,0,9.444,1,0,0,0,0,892,579,579
96,-3,6,3,1.321,3,0,4.563,0,1,0,24,3,0,127,127
96,-5,6,3,1.882,0,0,0.000,0,1,0,94,0,0,140,140
96,-4,2,3,2.081,0,0,0.000,0,0,0,0,0,0,0,0
96,-3,1,3,0.181,0,0,0.000,0,0,0,0,0,0,0,0
96,-6,5,0,30.000,0,0,0.000,0,2,0,6,0,0,25,25
96,1,-1,3,0.941,0,0,0.000,0,0,0,0,0,0,0,0
96,-4,1,3,0.211,0,0,0.000,0,0,0,0,0,0,0,0
96,-5,2,2,0.711,0,0,0.000,0,0,0,0,0,0,0,0
96,-2,-3,0,0.171,0,0,0.000,0,0,0,0,0,0,0,0
96,1,-5,0,0.111,0,0,0.000,0,0,0,0,0,0,0,0
96,-7,7,0,4.851,206,0,5.472,1,0,0,25,0,206,433,433
96,2,1,2,0.711,0,0,0.000,0,0,0,0,0,0,0,0
97,1,-4,2,2.071,0,0,0.000,0,0,0,0,0,0,0,0
97,-3,0,3,30.000,0,0,0.000,0,0,0,0,0,0,0,0
97,-2,2,3,0.221,0,0,0.000,0,0,0,0,0,0,0,0
97,-1,-1,3,0.871,0,0,0.000,0,0,0,0,0,0,0,0
97,0,1,3,0.151,0,0,0.000,0,0,0,0,0,0,0,0
97,-5,3,2,0.451,0,0,0.000,0,0,0,0,0,0,0,0
97,-1,1,3,0.801,0,0,0.000,0,0,0,0,0,0,0,0
97,-2,-1,3,0.181,0,0,0.000,0,0,0,0,0,0,0,0
97,0,4,3,2.871,0,0,0.000,0,1,0,29,0,0,4,4
97,3,-6,0,0.301,0,0,0.000,0,0,0,0,0,0,0,0
97,-2,4,3,1.152,0,0,0.000,0,0,0,0,0,0,0,0
97,-2,0,3,0.431,0,0,0.000,0,0,0,0,0,0,0,0
97,0,2,3,0.381,0,0,0.000,0,0,0,0,0,0,0,0
97,-4,3,3,0.531,0,0,0.000,0,0,0,0,0,0,0,0
97,-5,9,0,2.501,1432,0,10.841,1,0,0,0,0,1432,275,275
97,-7,6,1,2.742,36,0,2.831,0,1,0,220,36,0,230,230
97,-3,2,3,0.161,0,0,0.000,0,0,0,0,0,0,0,0
97,2,-1,2,0.591,0,0,0.000,0,0,0,0,0,0,0,0
97,0,-4,1,0.201,0,0,0.000,0,0,0,0,0,0,0,0
97,-2,5,3,1.701,0,0,0.000,0,0,0,0,0,0,45,45
97,-4,6,3,1.191,0,0,0.000,0,4,0,899,0,0,64,64
97,-1,5,2,1.251,0,0,0.000,0,1,0,190,0,0,41,41
97,0,-3,2,0.161,0,0,0.000,0,0,0,0,0,0,0,0
97,-6,8,0,1.993,640,0,8.193,1,0,0,0,0,640,505,505
97,-1,-2,3,0.441,0,0,0.000,0,0,0,0,0,0,0,0
97,-2,3,3,1.891,0,0,0.000,0,0,0,0,0,0,0,0
97,-4,5,3,1.091,0,0,0.000,0,0,0,0,0,0,0,0
97,1,-3,3,0.621,0,0,0.000,0,0,0,0,0,0,0,0
97,0,-2,3,0.231,0,0,0.000,0,0,0,0,0,0,0,0
97,0,3,3,2.233,0,0,0.000,0,0,0,0,0,0,0,0
97,-6,6,2,1.452,4,0,2.461,0,1,0,36,4,0,37,37
97,-2,6,2,7.613,20,0,2.152,0,1,0,411,20,0,235,235
97,-3,3,3,0.911,0,0,0.000,0,0,0,0,0,0,0,0
97,2,-2,2,0.221,0,0,0.000,0,0,0,0,0,0,0,0
97,-4,-2,2,0.611,0,0,0.000,0,0,0,0,0,0,0,0
97,2,2,1,0.794,0,0,0.000,0,1,0,1,0,0,4,4
97,-5,1,0,0.361,0,0,0.000,0,0,0,0,0,0,0,0
97,2,-3,2,0.801,0,0,0.000,0,0,0,0,0,0,0,0
97,-4,0,2,0.451,0,0,0.000,0,0,0,0,0,0,0,0
97,-3,4,3,2.951,0,0,0.000,0,0,0,0,0,0,0,0
97,-4,8,1,4.051,610,0,6.981,1,1,0,144,0,610,373,373
97,1,2,2,2.051,0,0,0.000,0,0,0,0,0,0,0,0
97,-6,2,0,1.091,0,0,0.000,0,0,0,0,0,0,1,1
97,-5,-2,0,2.231,0,0,0.000,0,0,0,0,0,0,0,0
97,3,1,1,1.251,0,0,0.000,0,0,0,0,0,0,2,2
97,-6,7,2,2.163,103,0,4.683,0,1,0,777,103,0,246,246
97,2,-4,2,0.241,0,0,0.000,0,0,0,0,0,0,0,0
97,-1,3,3,1.111,0,0,0.000,0,0,0,0,0,0,0,0
97,-1,2,3,0.151,0,0,0.000,0,0,0,0,0,0,0,0
97,-5,8,1,1.251,650,0,6.711,0,1,0,818,650,0,564,564
97,1,4,2,2.203,29,0,2.122,0,2,0,705,29,0,147,147
97,1,0,3,0.161,0,0,0.000,0,0,0,0,0,0,0,0
97,-2,1,3,0.611,0,0,0.000,0,0,0,0,0,0,0,0
97,-5,0,1,0.551,0,0,0.000,0,0,0,0,0,0,0,0
97,2,0,3,1.541,0,0,0.000,0,0,0,0,0,0,0,0
97,2,4,1,2.032,240,0,4.132,0,1,0,690,240,0,453,453
97,-6,3,0,0.651,0,0,0.000,0,0,0,0,0,0,0,0
97,3,0,0,1.901,0,0,0.000,0,0,0,0,0,0,1,1
97,-5,4,2,0.681,0,0,0.000,0,0,0,0,0,0,0,0
97,1,-2,3,0.451,0,0,0.000,0,0,0,0,0,0,0,0
97,-4,-3,0,0.911,0,0,0.000,0,0,0,0,0,0,0,0
97,3,-5,0,0.811,0,0,0.000,0,0,0,0,0,0,0,0
97,0,6,0,1.372,595,0,5.992,1,0,0,0,0,595,342,342
97,2,5,0,1.672,892,0,8.682,1,0,0,0,0,892,408,408
97,-3,7,0,4.161,209,0,8.131,1,0,0,0,0,209,319,319
97,-5,5,3,1.171,0,0,0.000,0,0,0,0,0,0,4,4
97,2,-5,1,0.841,0,0,0.000,0,0,0,0,0,0,0,0
97,4,-3,0,0.661,0,0,0.000,0,0,0,0,0,0,0,0
97,-3,-3,0,0.112,0,0,0.000,0,0,0,0,0,0,0,0
97,-3,-1,3,0.111,0,0,0.000,0,0,0,0,0,0,0,0
97,0,5,3,2.393,49,49,-1.000,0,0,0,0,0,0,109,109
97,0,0,3,0.511,0,0,0.000,0,0,0,0,0,0,0,0
97,3,-1,0,8.381,0,0,0.000,0,0,0,0,0,0,0,0
97,-1,-4,0,0.241,0,0,0.000,0,0,0,0,0,0,0,0
97,3,-2,1,0.831,0,0,0.000,0,0,0,0,0,0,0,0
97,1,5,0,2.062,477,0,7.012,1,0,0,0,0,477,370,370
97,-3,-2,2,0.251,0,0,0.000,0,0,0,0,0,0,0,0
97,-1,0,3,0.381,0,0,0.000,0,0,0,0,0,0,0,0
97,-5,-1,1,1.881,0,0,0.000,0,0,0,0,0,0,0,0
97,0,-1,3,0.371,0,0,0.000,0,0,0,0,0,0,0,0
97,-2,7,0,1.872,424,0,6.092,1,0,0,0,0,424,475,475
97,-6,4,1,1.402,0,0,0.000,0,0,0,0,0,0,0,0
97,-4,4,3,0.561,0,0,0.000,0,0,0,0,0,0,0,0
97,1,1,3,0.291,0,0,0.000,0,0,0,0,0,0,0,0
97,3,-4,0,1.311,0,0,0.000,0,0,0,0,0,0,0,0
97,-4,-1,3,0.242,0,0,0.000,0,0,0,0,0,0,0,0
97,-1,4,3,0.752,0,0,0.000,0,0,0,0,0,0,9,9
97,1,3,3,0.771,0,0,0.000,0,0,0,0,0,0,15,15
97,2,3,0,1.921,1,0,1.951,1,0,0,0,0,1,130,130
97,-2,-2,3,0.851,0,0,0.000,0,0,0,0,0,0,0,0
97,3,-3,0,0.431,0,0,0.000,0,0,0,0,0,0,0,0
97,-4,7,2,1.011,317,0,5.851,0,3,1,1174,226,91,298,298
97,-1,-3,2,3.791,0,0,0.000,0,0,0,0,0,0,0,0
97,-5,7,2,4.023,39,0,2.463,0,1,0,605,39,0,287,287
97,-1,6,1,2.162,190,0,3.462,0,1,0,451,190,0,416,416
97,-3,5,3,0.541,0,0,0.000,0,1,0,5,0,0,4,4
97,-7,8,0,3.523,871,0,11.423,1,0,0,0,0,871,611,611
97,-3,6,3,1.701,5,0,2.082,0,1,0,19,5,0,128,128
97,-5,6,3,1.462,0,0,0.000,0,1,0,103,0,0,127,127
97,-4,2,3,0.101,0,0,0.000,0,0,0,0,0,0,0,0
97,-3,1,3,0.521,0,0,0.000,0,0,0,0,0,0,0,0
97,-6,5,0,0.962,0,0,0.000,0,1,0,4,0,0,31,31
97,1,-1,3,0.371,0,0,0.000,0,0,0,0,0,0,0,0
97,-4,1,3,0.251,0,0,0.000,0,0,0,0,0,0,0,0
97,-5,2,2,0.951,0,0,0.000,0,0,0,0,0,0,0,0
97,-2,-3,0,0.701,0,0,0.000,0,0,0,0,0,0,0,0
97,1,-5,0,0.111,0,0,0.000,0,0,0,0,0,0,0,0
97,-7,7,0,2.331,235,0,4.611,1,0,0,0,0,235,398,398
97,2,1,2,0.531,0,0,0.000,0,0,0,0,0,0,0,0
98,1,-4,2,2.071,0,0,0.000,0,0,0,0,0,0,0,0
98,-3,0,3,1.231,0,0,0.000,0,0,0,0,0,0,0,0
98,-2,2,3,0.311,0,0,0.000,0,0,0,0,0,0,0,0
98,-1,-1,3,0.221,0,0,0.000,0,0,0,0,0,0,0,0
98,0,1,3,0.232,0,0,0.000,0,0,0,0,0,0,0,0
98,-5,3,2,0.451,0,0,0.000,0,0,0,0,0,0,0,0
98,-1,1,3,0.381,0,0,0.000,0,0,0,0,0,0,0,0
98,-2,-1,3,0.181,0,0,0.000,0,0,0,0,0,0,0,0
98,0,4,3,2.163,0,0,0.000,0,1,0,35,0,0,1,1
98,3,-6,0,0.461,0,0,0.000,0,0,0,0,0,0,0,0
98,-2,4,3,0.881,0,0,0.000,0,0,0,0,0,0,0,0
98,-2,0,3,0.651,0,0,0.000,0,0,0,0,0,0,0,0
98,0,2,3,2.051,0,0,0.000,0,0,0,0,0,0,0,0
98,-4,3,3,0.341,0,0,0.000,0,0,0,0,0,0,0,0
98,-5,9,0,1.151,1445,0,9.491,1,0,0,0,0,1445,282,282
98,-7,6,1,1.382,29,0,3.471,0,1,0,202,29,0,219,219
98,-3,2,3,0.161,0,0,0.000,0,0,0,0,0,0,0,0
98,2,-1,2,0.891,0,0,0.000,0,0,0,0,0,0,0,0
98,0,-4,1,0.411,0,0,0.000,0,0,0,0,0,0,0,0
98,-2,5,3,1.221,0,0,0.000,0,0,0,0,0,0,37,37
98,-4,6,3,1.431,0,0,0.000,0,4,0,931,0,0,69,69
98,-1,5,2,1.671,0,0,0.000,0,1,0,227,0,0,54,54
98,0,-3,2,0.161,0,0,0.000,0,0,0,0,0,0,0,0
98,-6,8,0,2.193,636,0,8.323,1,0,0,0,0,636,512,512
98,-1,-2,3,0.221,0,0,0.000,0,0,0,0,0,0,0,0
98,-2,3,3,0.561,0,0,0.000,0,0,0,0,0,0,0,0
98,-4,5,3,1.091,0,0,0.000,0,0,0,0,0,0,0,0
98,1,-3,3,1.041,0,0,0.000,0,0,0,0,0,0,0,0
98,0,-2,3,0.531,0,0,0.000,0,0,0,0,0,0,0,0
98,0,3,3,1.411,0,0,0.000,0,0,0,0,0,0,0,0
98,-6,6,2,1.452,4,0,3.181,0,1,0,28,4,0,43,43
98,-2,6,2,2.323,24,0,2.162,0,1,0,393,24,0,235,235
98,-3,3,3,0.411,0,0,0.000,0,0,0,0,0,0,0,0
98,2,-2,2,0.821,0,0,0.000,0,0,0,0,0,0,0,0
98,-4,-2,2,0.271,0,0,0.000,0,0,0,0,0,0,0,0
98,2,2,1,0.793,0,0,0.000,0,1,0,2,0,0,0,0
98,-5,1,0,0.761,0,0,0.000,0,0,0,0,0,0,0,0
98,2,-3,2,0.131,0,0,0.000,0,0,0,0,0,0,0,0
98,-4,0,2,2.291,0,0,0.000,0,0,0,0,0,0,0,0
98,-3,4,3,0.751,0,0,0.000,0,0,0,0,0,0,0,0
98,-4,8,1,5.251,619,0,7.101,1,1,0,125,0,619,407,407
98,1,2,2,1.771,0,0,0.000,0,0,0,0,0,0,0,0
98,-6,2,0,0.742,0,0,0.000,0,0,0,0,0,0,0,0
98,-5,-2,0,1.751,0,0,0.000,0,0,0,0,0,0,0,0
98,3,1,1,1.462,0,0,0.000,0,0,0,0,0,0,1,1
98,-6,7,2,1.322,95,0,2.601,0,1,0,805,95,0,243,243
98,2,-4,2,0.371,0,0,0.000,0,0,0,0,0,0,0,0
98,-1,3,3,0.911,0,0,0.000,0,0,0,0,0,0,0,0
98,-1,2,3,0.151,0,0,0.000,0,0,0,0,0,0,0,0
98,-5,8,1,2.611,674,0,5.921,0,1,0,818,674,0,549,549
98,1,4,2,2.033,35,0,1.952,0,2,0,753,35,0,148,148
98,1,0,3,0.161,0,0,0.000,0,0,0,0,0,0,0,0
98,-2,1,3,2.311,0,0,0.000,0,0,0,0,0,0,0,0
98,-5,0,1,0.581,0,0,0.000,0,0,0,0,0,0,0,0
98,2,0,3,1.541,0,0,0.000,0,0,0,0,0,0,0,0
98,2,4,1,2.483,277,0,4.292,0,1,0,700,277,0,401,401
98,-6,3,0,0.941,0,0,0.000,0,0,0,0,0,0,0,0
98,3,0,0,2.081,0,0,0.000,0,0,0,0,0,0,1,1
98,-5,4,2,0.911,0,0,0.000,0,0,0,0,0,0,0,0
98,1,-2,3,0.911,0,0,0.000,0,0,0,0,0,0,0,0
98,-4,-3,0,0.911,0,0,0.000,0,0,0,0,0,0,0,0
98,3,-5,0,0.171,0,0,0.000,0,0,0,0,0,0,0,0
98,0,6,0,2.252,561,0,6.412,1,0,0,0,0,561,360,360
98,2,5,0,1.462,940,0,8.572,1,0,0,0,0,940,393,393
98,-3,7,0,3.502,204,0,7.712,1,0,0,0,0,204,331,331
98,-5,5,3,0.792,0,0,0.000,0,0,0,0,0,0,15,15
98,2,-5,1,0.291,0,0,0.000,0,0,0,0,0,0,0,0
98,4,-3,0,3.651,0,0,0.000,0,0,0,0,0,0,0,0
98,-3,-3,0,0.112,0,0,0.000,0,0,0,0,0,0,0,0
98,-3,-1,3,0.181,0,0,0.000,0,0,0,0,0,0,0,0
98,0,5,3,0.792,47,47,-1.000,0,0,0,0,0,0,115,115
98,0,0,3,1.421,0,0,0.000,0,0,0,0,0,0,0,0
98,3,-1,0,0.591,0,0,0.000,0,0,0,0,0,0,0,0
98,-1,-4,0,0.721,0,0,0.000,0,0,0,0,0,0,0,0
98,3,-2,1,1.041,0,0,0.000,0,0,0,0,0,0,0,0
98,1,5,0,4.052,488,0,9.112,1,0,0,0,0,488,422,422
98,-3,-2,2,0.181,0,0,0.000,0,0,0,0,0,0,0,0
98,-1,0,3,0.821,0,0,0.000,0,0,0,0,0,0,0,0
98,-5,-1,1,0.691,0,0,0.000,0,0,0,0,0,0,0,0
98,0,-1,3,2.611,0,0,0.000,0,0,0,0,0,0,0,0
98,-2,7,0,1.822,409,0,5.862,1,0,0,0,0,409,523,523
98,-6,4,1,2.092,0,0,0.000,0,0,0,0,0,0,0,0
98,-4,4,3,0.751,0,0,0.000,0,0,0,0,0,0,0,0
98,1,1,3,1.291,0,0,0.000,0,0,0,0,0,0,0,0
98,3,-4,0,0.471,0,0,0.000,0,0,0,0,0,0,0,0
98,-4,-1,3,0.981,0,0,0.000,0,0,0,0,0,0,0,0
98,-1,4,3,0.752,0,0,0.000,0,0,0,0,0,0,8,8
98,1,3,3,1.444,0,0,0.000,0,0,0,0,0,0,9,9
98,2,3,0,1.701,2,0,1.741,1,0,0,0,0,2,113,113
98,-2,-2,3,0.181,0,0,0.000,0,0,0,0,0,0,0,0
98,3,-3,0,0.231,0,0,0.000,0,0,0,0,0,0,0,0
98,-4,7,2,0.891,294,0,4.281,0,3,1,1277,211,83,318,318
98,-1,-3,2,0.391,0,0,0.000,0,0,0,0,0,0,0,0
98,-5,7,2,7.533,49,0,2.763,0,1,0,598,49,0,291,291
98,-1,6,1,4.162,227,0,4.712,0,1,0,405,227,0,397,397
98,-3,5,3,0.541,0,0,0.000,0,1,0,4,0,0,10,10
98,-7,8,0,1.531,890,0,9.711,1,0,0,0,0,890,597,597
98,-3,6,3,1.891,4,0,2.022,0,1,0,24,4,0,149,149
98,-5,6,3,2.601,0,0,0.000,0,1,0,95,0,0,117,117
98,-4,2,3,0.321,0,0,0.000,0,0,0,0,0,0,0,0
98,-3,1,3,0.331,0,0,0.000,0,0,0,0,0,0,0,0
98,-6,5,0,0.821,0,0,0.000,0,1,0,4,0,0,32,32
98,1,-1,3,0.391,0,0,0.000,0,0,0,0,0,0,0,0
98,-4,1,3,0.191,0,0,0.000,0,0,0,0,0,0,0,0
98,-5,2,2,0.771,0,0,0.000,0,0,0,0,0,0,0,0
98,-2,-3,0,0.311,0,0,0.000,0,0,0,0,0,0,0,0
98,1,-5,0,0.591,0,0,0.000,0,0,0,0,0,0,0,0
98,-7,7,0,3.051,214,0,5.151,1,0,0,0,0,214,401,401
98,2,1,2,1.251,0,0,0.000,0,0,0,0,0,0,0,0
99,1,-4,2,0.771,0,0,0.000,0,0,0,0,0,0,0,0
99,-3,0,3,0.351,0,0,0.000,0,0,0,0,0,0,0,0
99,-2,2,3,1.461,0,0,0.000,0,0,0,0,0,0,0,0
99,-1,-1,3,0.121,0,0,0.000,0,0,0,0,0,0,0,0
99,0,1,3,0.112,0,0,0.000,0,0,0,0,0,0,0,0
99,-5,3,2,1.601,0,0,0.000,0,0,0,0,0,0,0,0
99,-1,1,3,4.161,0,0,0.000,0,0,0,0,0,0,0,0
99,-2,-1,3,0.891,0,0,0.000,0,0,0,0,0,0,0,0
99,0,4,3,1.462,0,0,0.000,0,2,0,58,0,0,2,2
99,3,-6,0,0.461,0,0,0.000,0,0,0,0,0,0,0,0
99,-2,4,3,1.143,0,0,0.000,0,0,0,0,0,0,0,0
99,-2,0,3,1.091,0,0,0.000,0,0,0,0,0,0,0,0
99,0,2,3,0.581,0,0,0.000,0,0,0,0,0,0,0,0
99,-4,3,3,2.431,0,0,0.000,0,0,0,0,0,0,0,0
99,-5,9,0,1.903,1440,0,10.423,1,0,0,0,0,1440,265,265
99,-7,6,1,1.534,28,0,3.491,0,1,0,202,28,0,211,211
99,-3,2,3,1.101,0,0,0.000,0,0,0,0,0,0,0,0
99,2,-1,2,0.291,0,0,0.000,0,0,0,0,0,0,0,0
99,0,-4,1,0.201,0,0,0.000,0,0,0,0,0,0,0,0
99,-2,5,3,1.381,0,0,0.000,0,0,0,0,0,0,49,49
99,-4,6,3,1.212,0,0,0.000,0,3,0,659,0,0,68,68
99,-1,5,2,3.351,1,0,2.652,0,1,0,197,1,0,34,34
99,0,-3,2,0.271,0,0,0.000,0,0,0,0,0,0,0,0
99,-6,8,0,2.793,636,0,8.893,1,0,0,0,0,636,499,499
99,-1,-2,3,0.671,0,0,0.000,0,0,0,0,0,0,0,0
99,-2,3,3,1.321,0,0,0.000,0,0,0,0,0,0,0,0
99,-4,5,3,1.091,0,0,0.000,0,0,0,0,0,0,0,0
99,1,-3,3,1.491,0,0,0.000,0,0,0,0,0,0,0,0
99,0,-2,3,0.141,0,0,0.000,0,0,0,0,0,0,0,0
99,0,3,3,0.574,0,0,0.000,0,0,0,0,0,0,0,0
99,-6,6,2,1.622,5,0,3.191,0,1,0,28,5,0,37,37
99,-2,6,2,2.062,24,0,3.122,0,1,0,389,24,0,235,235
99,-3,3,3,0.201,0,0,0.000,0,0,0,0,0,0,0,0
99,2,-2,2,0.221,0,0,0.000,0,0,0,0,0,0,0,0
99,-4,-2,2,0.421,0,0,0.000,0,0,0,0,0,0,0,0
99,2,2,1,0.954,0,0,0.000,0,1,0,2,0,0,0,0
99,-5,1,0,0.361,0,0,0.000,0,0,0,0,0,0,0,0
99,2,-3,2,0.131,0,0,0.000,0,0,0,0,0,0,0,0
99,-4,0,2,0.451,0,0,0.000,0,0,0,0,0,0,0,0
99,-3,4,3,0.551,0,0,0.000,0,0,0,0,0,0,0,0
99,-4,8,1,2.851,632,0,6.412,0,1,0,56,632,0,365,365
99,1,2,2,14.341,0,0,0.000,0,0,0,0,0,0,0,0
99,-6,2,0,1.311,0,0,0.000,0,0,0,0,0,0,0,0
99,-5,-2,0,1.111,0,0,0.000,0,0,0,0,0,0,0,0
99,3,1,1,15.291,0,0,0.000,0,0,0,0,0,0,5,5
99,-6,7,2,1.403,105,0,2.711,0,1,0,769,105,0,240,240
99,2,-4,2,1.421,0,0,0.000,0,0,0,0,0,0,0,0
99,-1,3,3,0.471,0,0,0.000,0,0,0,0,0,0,0,0
99,-1,2,3,0.311,0,0,0.000,0,0,0,0,0,0,0,0
99,-5,8,1,1.251,648,0,6.383,0,1,0,836,648,0,548,548
99,1,4,2,1.541,29,0,2.822,0,2,0,700,29,0,151,151
99,1,0,3,0.631,0,0,0.000,0,0,0,0,0,0,0,0
99,-2,1,3,0.521,0,0,0.000,0,0,0,0,0,0,0,0
99,-5,0,1,0.531,0,0,0.000,0,0,0,0,0,0,0,0
99,2,0,3,2.161,0,0,0.000,0,0,0,0,0,0,0,0
99,2,4,1,2.202,251,0,5.212,0,1,0,697,251,0,436,436
99,-6,3,0,1.071,0,0,0.000,0,0,0,0,0,0,0,0
99,3,0,0,0.751,0,0,0.000,0,0,0,0,0,0,3,3
99,-5,4,2,1.173,0,0,0.000,0,0,0,0,0,0,0,0
99,1,-2,3,0.451,0,0,0.000,0,0,0,0,0,0,0,0
99,-4,-3,0,1.631,0,0,0.000,0,0,0,0,0,0,0,0
99,3,-5,0,0.361,0,0,0.000,0,0,0,0,0,0,0,0
99,0,6,0,2.372,587,0,6.922,1,0,0,0,0,587,343,343
99,2,5,0,2.652,911,0,9.732,1,0,0,0,0,911,396,396
99,-3,7,0,2.182,236,0,6.462,1,0,0,0,0,236,332,332
99,-5,5,3,0.792,0,0,0.000,0,0,0,0,0,0,5,5
99,2,-5,1,3.351,0,0,0.000,0,0,0,0,0,0,0,0
99,4,-3,0,0.661,0,0,0.000,0,0,0,0,0,0,0,0
99,-3,-3,0,0.112,0,0,0.000,0,0,0,0,0,0,0,0
99,-3,-1,3,0.231,0,0,0.000,0,0,0,0,0,0,0,0
99,0,5,3,1.112,35,35,-1.000,0,0,0,0,0,0,117,117
99,0,0,3,2.531,0,0,0.000,0,0,0,0,0,0,0,0
99,3,-1,0,0.431,0,0,0.000,0,0,0,0,0,0,0,0
99,-1,-4,0,0.781,0,0,0.000,0,0,0,0,0,0,0,0
99,3,-2,1,0.201,0,0,0.000,0,0,0,0,0,0,0,0
99,1,5,0,2.422,483,0,7.212,1,0,0,0,0,483,401,401
99,-3,-2,2,0.371,0,0,0.000,0,0,0,0,0,0,0,0
99,-1,0,3,0.911,0,0,0.000,0,0,0,0,0,0,0,0
99,-5,-1,1,1.101,0,0,0.000,0,0,0,0,0,0,0,0
99,0,-1,3,0.371,0,0,0.000,0,0,0,0,0,0,0,0
99,-2,7,0,2.792,406,0,6.792,1,0,0,0,0,406,470,470
99,-6,4,1,1.221,0,0,0.000,0,0,0,0,0,0,0,0
99,-4,4,3,0.371,0,0,0.000,0,0,0,0,0,0,0,0
99,1,1,3,1.151,0,0,0.000,0,0,0,0,0,0,0,0
99,3,-4,0,0.731,0,0,0.000,0,0,0,0,0,0,0,0
99,-4,-1,3,0.731,0,0,0.000,0,0,0,0,0,0,0,0
99,-1,4,3,3.511,0,0,0.000,0,1,0,1,0,0,6,6
99,1,3,3,1.603,0,0,0.000,0,0,0,0,0,0,10,10
99,2,3,0,2.413,2,0,2.463,1,0,0,0,0,2,119,119
99,-2,-2,3,0.471,0,0,0.000,0,0,0,0,0,0,0,0
99,3,-3,0,0.231,0,0,0.000,0,0,0,0,0,0,0,0
99,-4,7,2,0.891,305,0,5.133,0,2,0,845,305,0,316,316
99,-1,-3,2,1.391,0,0,0.000,0,0,0,0,0,0,0,0
99,-5,7,2,3.212,49,0,3.393,0,1,0,595,49,0,303,303
99,-1,6,1,2.162,198,0,4.532,0,1,0,444,198,0,412,412
99,-3,5,3,1.241,0,0,0.000,0,1,0,3,0,0,5,5
99,-7,8,0,1.531,865,0,9.351,1,0,0,0,0,865,635,635
99,-3,6,3,1.321,3,0,2.972,0,1,0,24,3,0,142,142
99,-5,6,3,1.882,0,0,0.000,0,1,0,105,0,0,120,120
99,-4,2,3,0.101,0,0,0.000,0,0,0,0,0,0,0,0
99,-3,1,3,0.331,0,0,0.000,0,0,0,0,0,0,0,0
99,-6,5,0,30.000,0,0,0.000,0,1,0,5,0,0,36,36
99,1,-1,3,2.461,0,0,0.000,0,0,0,0,0,0,0,0
99,-4,1,3,0.821,0,0,0.000,0,0,0,0,0,0,0,0
99,-5,2,2,0.171,0,0,0.000,0,0,0,0,0,0,0,0
99,-2,-3,0,0.851,0,0,0.000,0,0,0,0,0,0,0,0
99,1,-5,0,0.471,0,0,0.000,0,0,0,0,0,0,0,0
99,-7,7,0,3.051,211,0,5.151,1,0,0,0,0,211,408,408
99,2,1,2,1.251,0,0,0.000,0,0,0,0,0,0,0,0
100,1,-4,2,1.291,0,0,0.000,0,0,0,0,0,0,0,0
100,-3,0,3,1.451,0,0,0.000,0,0,0,0,0,0,0,0
100,-2,2,3,0.451,0,0,0.000,0,0,0,0,0,0,0,0
100,-1,-1,3,0.151,0,0,0.000,0,0,0,0,0,0,0,0
100,0,1,3,0.511,0,0,0.000,0,0,0,0,0,0,0,0
100,-5,3,2,0.681,0,0,0.000,0,0,0,0,0,0,0,0
100,-1,1,3,0.801,0,0,0.000,0,0,0,0,0,0,0,0
100,-2,-1,3,7.371,0,0,0.000,0,0,0,0,0,0,0,0
100,0,4,3,1.702,0,0,0.000,0,1,0,35,0,0,0,0
100,3,-6,0,0.461,0,0,0.000,0,0,0,0,0,0,0,0
100,-2,4,3,2.031,0,0,0.000,0,0,0,0,0,0,0,0
100,-2,0,3,0.651,0,0,0.000,0,0,0,0,0,0,0,0
100,0,2,3,0.381,0,0,0.000,0,0,0,0,0,0,0,0
100,-4,3,3,0.182,0,0,0.000,0,0,0,0,0,0,0,0
100,-5,9,0,2.051,1425,0,10.361,1,0,0,0,0,1425,305,305
100,-7,6,1,3.101,38,0,3.941,0,1,0,224,38,0,198,198
100,-3,2,3,0.421,0,0,0.000,0,0,0,0,0,0,0,0
100,2,-1,2,2.091,0,0,0.000,0,0,0,0,0,0,0,0
100,0,-4,1,0.271,0,0,0.000,0,0,0,0,0,0,0,0
100,-2,5,3,0.901,0,0,0.000,0,0,0,0,0,0,42,42
100,-4,6,3,30.000,0,0,0.000,0,3,0,661,0,0,58,58
100,-1,5,2,2.511,0,0,0.000,0,1,0,195,0,0,43,43
100,0,-3,2,2.241,0,0,0.000,0,0,0,0,0,0,0,0
100,-6,8,0,1.793,614,0,7.673,1,0,0,0,0,614,504,504
100,-1,-2,3,2.281,0,0,0.000,0,0,0,0,0,0,0,0
100,-2,3,3,1.131,0,0,0.000,0,0,0,0,0,0,0,0
100,-4,5,3,1.762,0,0,0.000,0,0,0,0,0,0,0,0
100,1,-3,3,0.411,0,0,0.000,0,0,0,0,0,0,0,0
100,0,-2,3,0.141,0,0,0.000,0,0,0,0,0,0,0,0
100,0,3,3,0.621,0,0,0.000,0,0,0,0,0,0,0,0
100,-6,6,2,1.962,4,0,3.541,0,1,0,36,4,0,33,33
100,-2,6,2,2.414,20,0,4.764,0,1,1,423,15,5,257,257
100,-3,3,3,2.091,0,0,0.000,0,0,0,0,0,0,0,0
100,2,-2,2,0.221,0,0,0.000,0,0,0,0,0,0,0,0
100,-4,-2,2,0.762,0,0,0.000,0,0,0,0,0,0,0,0
100,2,2,1,0.662,0,0,0.000,0,1,0,2,0,0,1,1
100,-5,1,0,0.561,0,0,0.000,0,0,0,0,0,0,0,0
100,2,-3,2,0.131,0,0,0.000,0,0,0,0,0,0,0,0
100,-4,0,2,1.061,0,0,0.000,0,0,0,0,0,0,0,0
100,-3,4,3,0.421,0,0,0.000,0,0,0,0,0,0,0,0
100,-4,8,1,3.811,649,0,8.032,0,1,0,51,649,0,368,368
100,1,2,2,2.641,0,0,0.000,0,0,0,0,0,0,0,0
100,-6,2,0,0.921,0,0,0.000,0,0,0,0,0,0,0,0
100,-5,-2,0,1.991,0,0,0.000,0,0,0,0,0,0,0,0
100,3,1,1,1.851,0,0,0.000,0,0,0,0,0,0,4,4
100,-6,7,2,1.321,98,0,3.093,0,1,0,753,98,0,279,279
100,2,-4,2,0.241,0,0,0.000,0,0,0,0,0,0,0,0
100,-1,3,3,0.451,0,0,0.000,0,0,0,0,0,0,0,0
100,-1,2,3,0.151,0,0,0.000,0,0,0,0,0,0,0,0
100,-5,8,1,1.421,648,0,6.361,0,1,0,815,648,0,559,559
100,1,4,2,2.373,35,0,2.301,0,2,0,716,35,0,143,143
100,1,0,3,0.161,0,0,0.000,0,0,0,0,0,0,0,0
100,-2,1,3,0.641,0,0,0.000,0,0,0,0,0,0,0,0
100,-5,0,1,0.531,0,0,0.000,0,0,0,0,0,0,0,0
100,2,0,3,1.231,0,0,0.000,0,0,0,0,0,0,0,0
100,2,4,1,1.522,250,0,4.371,0,1,0,672,250,0,473,473
100,-6,3,0,0.651,0,0,0.000,0,0,0,0,0,0,0,0
100,3,0,0,0.751,0,0,0.000,0,0,0,0,0,0,0,0
100,-5,4,2,0.451,0,0,0.000,0,0,0,0,0,0,0,0
100,1,-2,3,1.601,0,0,0.000,0,0,0,0,0,0,0,0
100,-4,-3,0,0.711,0,0,0.000,0,0,0,0,0,0,0,0
100,3,-5,0,0.811,0,0,0.000,0,0,0,0,0,0,0,0
100,0,6,0,2.552,570,0,7.082,1,0,0,0,0,570,319,319
100,2,5,0,1.811,883,0,8.641,1,0,0,0,0,883,391,391
100,-3,7,0,3.722,222,0,8.082,1,0,0,0,0,222,325,325
100,-5,5,3,0.793,0,0,0.000,0,0,0,0,0,0,9,9
100,2,-5,1,0.331,0,0,0.000,0,0,0,0,0,0,0,0
100,4,-3,0,0.431,0,0,0.000,0,0,0,0,0,0,0,0
100,-3,-3,0,0.211,0,0,0.000,0,0,0,0,0,0,0,0
100,-3,-1,3,0.111,0,0,0.000,0,0,0,0,0,0,0,0
100,0,5,3,1.113,49,49,-1.000,0,0,0,0,0,0,118,118
100,0,0,3,0.251,0,0,0.000,0,0,0,0,0,0,0,0
100,3,-1,0,0.431,0,0,0.000,0,0,0,0,0,0,0,0
100,-1,-4,0,0.151,0,0,0.000,0,0,0,0,0,0,0,0
100,3,-2,1,0.411,0,0,0.000,0,0,0,0,0,0,0,0
100,1,5,0,2.322,477,0,7.272,1,0,0,0,0,477,398,398
100,-3,-2,2,0.371,0,0,0.000,0,0,0,0,0,0,0,0
100,-1,0,3,0.211,0,0,0.000,0,0,0,0,0,0,0,0
100,-5,-1,1,1.881,0,0,0.000,0,0,0,0,0,0,0,0
100,0,-1,3,0.321,0,0,0.000,0,0,0,0,0,0,0,0
100,-2,7,0,30.000,438,0,8.804,1,0,0,5,0,438,471,471
100,-6,4,1,2.321,0,0,0.000,0,0,0,0,0,0,1,1
100,-4,4,3,0.751,0,0,0.000,0,0,0,0,0,0,0,0
100,1,1,3,0.191,0,0,0.000,0,0,0,0,0,0,0,0
100,3,-4,0,0.471,0,0,0.000,0,0,0,0,0,0,0,0
100,-4,-1,3,0.731,0,0,0.000,0,0,0,0,0,0,0,0
100,-1,4,3,0.942,0,0,0.000,0,0,0,0,0,0,7,7
100,1,3,3,0.771,0,0,0.000,0,0,0,0,0,0,9,9
100,2,3,0,1.701,2,0,1.751,1,0,0,0,0,2,121,121
100,-2,-2,3,0.181,0,0,0.000,0,0,0,0,0,0,0,0
100,3,-3,0,0.671,0,0,0.000,0,0,0,0,0,0,0,0
100,-4,7,2,1.991,303,0,5.261,0,2,0,836,303,0,327,327
100,-1,-3,2,1.391,0,0,0.000,0,0,0,0,0,0,0,0
100,-5,7,2,2.673,55,0,2.423,0,1,0,573,55,0,301,301
100,-1,6,1,2.362,195,0,4.692,0,1,0,442,195,0,394,394
100,-3,5,3,0.552,0,0,0.000,0,1,0,1,0,0,8,8
100,-7,8,0,1.984,842,0,9.643,1,0,0,0,0,842,638,638
100,-3,6,3,1.701,1,0,4.614,0,1,0,20,1,0,154,154
100,-5,6,3,1.252,0,0,0.000,0,1,0,98,0,0,132,132
100,-4,2,3,0.101,0,0,0.000,0,0,0,0,0,0,0,0
100,-3,1,3,0.841,0,0,0.000,0,0,0,0,0,0,0,0
100,-6,5,0,0.541,0,0,0.000,0,1,0,4,0,0,24,24
100,1,-1,3,2.461,0,0,0.000,0,0,0,0,0,0,0,0
100,-4,1,3,0.991,0,0,0.000,0,0,0,0,0,0,0,0
100,-5,2,2,0.231,0,0,0.000,0,0,0,0,0,0,0,0
100,-2,-3,0,0.171,0,0,0.000,0,0,0,0,0,0,0,0
100,1,-5,0,0.231,0,0,0.000,0,0,0,0,0,0,0,0
100,-7,7,0,3.411,238,0,5.731,1,0,0,0,0,238,442,442
100,2,1,2,0.711,0,0,0.000,0,0,0,0,0,0,0,0
101,1,-4,2,1.811,0,0,0.000,0,0,0,0,0,0,0,0
101,-3,0,3,1.671,0,0,0.000,0,0,0,0,0,0,0,0
101,-2,2,3,1.071,0,0,0.000,0,0,0,0,0,0,0,0
101,-1,-1,3,0.351,0,0,0.000,0,0,0,0,0,0,0,0
101,0,1,3,0.232,0,0,0.000,0,0,0,0,0,0,0,0
101,-5,3,2,0.681,0,0,0.000,0,0,0,0,0,0,0,0
101,-1,1,3,1.431,0,0,0.000,0,0,0,0,0,0,0,0
101,-2,-1,3,0.831,0,0,0.000,0,0,0,0,0,0,0,0
101,0,4,3,2.183,0,0,0.000,0,1,0,20,0,0,0,0
101,3,-6,0,0.461,0,0,0.000,0,0,0,0,0,0,0,0
101,-2,4,3,0.673,0,0,0.000,0,0,0,0,0,0,0,0
101,-2,0,3,2.631,0,0,0.000,0,0,0,0,0,0,0,0
101,0,2,3,0.581,0,0,0.000,0,0,0,0,0,0,0,0
101,-4,3,3,0.911,0,0,0.000,0,0,0,0,0,0,0,0
101,-5,9,0,2.051,1424,0,10.381,1,0,0,0,0,1424,325,325
101,-7,6,1,1.423,38,0,3.983,0,1,1,198,10,28,196,196
101,-3,2,3,2.121,0,0,0.000,0,0,0,0,0,0,0,0
101,2,-1,2,0.381,0,0,0.000,0,0,0,0,0,0,0,0
101,0,-4,1,0.271,0,0,0.000,0,0,0,0,0,0,0,0
101,-2,5,3,2.181,0,0,0.000,0,0,0,0,0,0,32,32
101,-4,6,3,1.431,0,0,0.000,0,3,0,648,0,0,61,61
101,-1,5,2,1.461,0,0,0.000,0,1,0,190,0,0,44,44
101,0,-3,2,0.271,0,0,0.000,0,0,0,0,0,0,0,0
101,-6,8,0,4.193,632,0,10.163,1,0,0,0,0,632,497,497
101,-1,-2,3,0.221,0,0,0.000,0,0,0,0,0,0,0,0
101,-2,3,3,1.511,0,0,0.000,0,0,0,0,0,0,0,0
101,-4,5,3,0.651,0,0,0.000,0,0,0,0,0,0,0,0
101,1,-3,3,0.621,0,0,0.000,0,0,0,0,0,0,0,0
101,0,-2,3,0.261,0,0,0.000,0,0,0,0,0,0,0,0
101,0,3,3,0.574,0,0,0.000,0,0,0,0,0,0,0,0
101,-6,6,2,3.492,5,0,3.603,0,1,0,38,5,0,41,41
101,-2,6,2,2.322,22,0,4.242,0,1,0,408,22,0,270,270
101,-3,3,3,0.201,0,0,0.000,0,0,0,0,0,0,0,0
101,2,-2,2,0.191,0,0,0.000,0,0,0,0,0,0,0,0
101,-4,-2,2,0.871,0,0,0.000,0,0,0,0,0,0,0,0
101,2,2,1,0.891,0,0,0.000,0,1,0,3,0,0,2,2
101,-5,1,0,0.801,0,0,0.000,0,0,0,0,0,0,0,0
101,2,-3,2,0.941,0,0,0.000,0,0,0,0,0,0,0,0
101,-4,0,2,0.451,0,0,0.000,0,0,0,0,0,0,0,0
101,-3,4,3,1.191,0,0,0.000,0,0,0,0,0,0,0,0
101,-4,8,1,3.091,605,0,6.672,0,1,0,53,605,0,413,413
101,1,2,2,1.273,0,0,0.000,0,0,0,0,0,0,0,0
101,-6,2,0,0.742,0,0,0.000,0,0,0,0,0,0,0,0
101,-5,-2,0,3.591,0,0,0.000,0,0,0,0,0,0,0,0
101,3,1,1,1.761,0,0,0.000,0,0,0,0,0,0,4,4
101,-6,7,2,1.321,93,0,4.421,0,1,1,795,85,8,246,246
101,2,-4,2,0.761,0,0,0.000,0,0,0,0,0,0,0,0
101,-1,3,3,1.171,0,0,0.000,0,0,0,0,0,0,0,0
101,-1,2,3,0.951,0,0,0.000,0,0,0,0,0,0,0,0
101,-5,8,1,1.321,637,0,6.411,0,1,0,817,637,0,567,567
101,1,4,2,1.353,20,0,1.802,0,2,0,756,20,0,152,152
101,1,0,3,0.161,0,0,0.000,0,0,0,0,0,0,0,0
101,-2,1,3,1.391,0,0,0.000,0,0,0,0,0,0,0,0
101,-5,0,1,30.000,0,0,0.000,0,0,0,0,0,0,0,0
101,2,0,3,0.921,0,0,0.000,0,0,0,0,0,0,0,0
101,2,4,1,2.483,296,0,4.482,0,1,0,675,296,0,393,393
101,-6,3,0,0.851,0,0,0.000,0,0,0,0,0,0,0,0
101,3,0,0,0.772,0,0,0.000,0,0,0,0,0,0,1,1
101,-5,4,2,0.511,0,0,0.000,0,0,0,0,0,0,0,0
101,1,-2,3,0.451,0,0,0.000,0,0,0,0,0,0,0,0
101,-4,-3,0,1.871,0,0,0.000,0,0,0,0,0,0,0,0
101,3,-5,0,0.171,0,0,0.000,0,0,0,0,0,0,0,0
101,0,6,0,1.911,619,0,6.871,1,0,0,0,0,619,352,352
101,2,5,0,1.462,916,0,8.322,1,0,0,0,0,916,366,366
101,-3,7,0,2.622,215,0,6.722,1,0,0,0,0,215,329,329
101,-5,5,3,0.793,0,0,0.000,0,0,0,0,0,0,12,12
101,2,-5,1,1.311,0,0,0.000,0,0,0,0,0,0,0,0
101,4,-3,0,2.181,0,0,0.000,0,0,0,0,0,0,0,0
101,-3,-3,0,0.811,0,0,0.000,0,0,0,0,0,0,0,0
101,-3,-1,3,0.281,0,0,0.000,0,0,0,0,0,0,0,0
101,0,5,3,0.953,39,39,-1.000,0,0,0,0,0,0,122,122
101,0,0,3,0.381,0,0,0.000,0,0,0,0,0,0,0,0
101,3,-1,0,0.731,0,0,0.000,0,0,0,0,0,0,0,0
101,-1,-4,0,1.101,0,0,0.000,0,0,0,0,0,0,0,0
101,3,-2,1,0.411,0,0,0.000,0,0,0,0,0,0,0,0
101,1,5,0,2.142,472,0,7.042,1,0,0,0,0,472,429,429
101,-3,-2,2,0.181,0,0,0.000,0,0,0,0,0,0,0,0
101,-1,0,3,0.431,0,0,0.000,0,0,0,0,0,0,0,0
101,-5,-1,1,2.461,0,0,0.000,0,0,0,0,0,0,0,0
101,0,-1,3,0.191,0,0,0.000,0,0,0,0,0,0,0,0
101,-2,7,0,3.922,422,0,8.112,1,0,0,0,0,422,454,454
101,-6,4,1,1.732,0,0,0.000,0,0,0,0,0,0,3,3
101,-4,4,3,1.321,0,0,0.000,0,0,0,0,0,0,0,0
101,1,1,3,28.891,0,0,0.000,0,0,0,0,0,0,0,0
101,3,-4,0,0.471,0,0,0.000,0,0,0,0,0,0,0,0
101,-4,-1,3,0.981,0,0,0.000,0,0,0,0,0,0,0,0
101,-1,4,3,0.942,0,0,0.000,0,0,0,0,0,0,4,4
101,1,3,3,1.251,0,0,0.000,0,0,0,0,0,0,8,8
101,2,3,0,1.753,3,0,1.813,1,0,0,0,0,3,95,95
101,-2,-2,3,0.181,0,0,0.000,0,0,0,0,0,0,0,0
101,3,-3,0,0.271,0,0,0.000,0,0,0,0,0,0,0,0
101,-4,7,2,1.011,294,0,5.171,0,2,0,815,294,0,319,319
101,-1,-3,2,0.391,0,0,0.000,0,0,0,0,0,0,0,0
101,-5,7,2,4.022,60,0,4.873,0,1,0,582,60,0,287,287
101,-1,6,1,2.362,190,0,4.002,0,1,0,485,190,0,377,377
101,-3,5,3,0.572,0,0,0.000,0,1,0,3,0,0,12,12
101,-7,8,0,5.904,880,0,11.451,1,0,0,8,0,880,580,580
101,-3,6,3,1.511,3,0,4.102,0,1,0,22,3,0,146,146
101,-5,6,3,3.142,0,0,0.000,0,1,0,93,0,0,131,131
101,-4,2,3,2.081,0,0,0.000,0,0,0,0,0,0,0,0
101,-3,1,3,0.461,0,0,0.000,0,0,0,0,0,0,0,0
101,-6,5,0,0.931,0,0,0.000,0,1,0,5,0,0,26,26
101,1,-1,3,0.181,0,0,0.000,0,0,0,0,0,0,0,0
101,-4,1,3,0.791,0,0,0.000,0,0,0,0,0,0,0,0
101,-5,2,2,0.171,0,0,0.000,0,0,0,0,0,0,0,0
101,-2,-3,0,2.831,0,0,0.000,0,0,0,0,0,0,0,0
101,1,-5,0,30.000,0,0,0.000,0,0,0,0,0,0,0,0
101,-7,7,0,6.291,208,0,5.523,1,0,0,28,0,208,434,434
101,2,1,2,1.791,0,0,0.000,0,0,0,0,0,0,0,0
102,1,-4,2,0.251,0,0,0.000,0,0,0,0,0,0,0,0
102,-3,0,3,0.351,0,0,0.000,0,0,0,0,0,0,0,0
102,-2,2,3,0.611,0,0,0.000,0,0,0,0,0,0,0,0
102,-1,-1,3,0.121,0,0,0.000,0,0,0,0,0,0,0,0
102,0,1,3,0.531,0,0,0.000,0,0,0,0,0,0,0,0
102,-5,3,2,0.451,0,0,0.000,0,0,0,0,0,0,0,0
102,-1,1,3,1.461,0,0,0.000,0,0,0,0,0,0,0,0
102,-2,-1,3,0.551,0,0,0.000,0,0,0,0,0,0,0,0
102,0,4,3,1.431,0,0,0.000,0,1,0,32,0,0,0,0
102,3,-6,0,0.471,0,0,0.000,0,0,0,0,0,0,0,0
102,-2,4,3,0.913,0,0,0.000,0,0,0,0,0,0,0,0
102,-2,0,3,0.651,0,0,0.000,0,0,0,0,0,0,0,0
102,0,2,3,0.581,0,0,0.000,0,0,0,0,0,0,0,0
102,-4,3,3,3.001,0,0,0.000,0,0,0,0,0,0,0,0
102,-5,9,0,1.451,1400,0,9.561,1,0,0,0,0,1400,328,328
102,-7,6,1,2.302,29,0,4.001,0,1,0,207,29,0,198,198
102,-3,2,3,0.251,0,0,0.000,0,0,0,0,0,0,0,0
102,2,-1,2,0.591,0,0,0.000,0,0,0,0,0,0,0,0
102,0,-4,1,0.411,0,0,0.000,0,0,0,0,0,0,0,0
102,-2,5,3,1.221,0,0,0.000,0,0,0,0,0,0,47,47
102,-4,6,3,1.911,0,0,0.000,0,4,0,829,0,0,78,78
102,-1,5,2,1.881,0,0,0.000,0,1,0,172,0,0,42,42
102,0,-3,2,0.161,0,0,0.000,0,0,0,0,0,0,0,0
102,-6,8,0,2.793,623,0,8.753,1,0,0,0,0,623,505,505
102,-1,-2,3,1.591,0,0,0.000,0,0,0,0,0,0,0,0
102,-2,3,3,0.181,0,0,0.000,0,0,0,0,0,0,0,0
102,-4,5,3,0.671,0,0,0.000,0,1,0,1,0,0,0,0
102,1,-3,3,1.931,0,0,0.000,0,0,0,0,0,0,0,0
102,0,-2,3,0.141,0,0,0.000,0,0,0,0,0,0,0,0
102,0,3,3,0.574,0,0,0.000,0,0,0,0,0,0,0,0
102,-6,6,2,1.792,3,0,3.711,0,1,0,29,3,0,26,26
102,-2,6,2,2.323,29,0,2.552,0,1,0,382,29,0,246,246
102,-3,3,3,0.311,0,0,0.000,0,0,0,0,0,0,0,0
102,2,-2,2,0.871,0,0,0.000,0,0,0,0,0,0,0,0
102,-4,-2,2,1.021,0,0,0.000,0,0,0,0,0,0,0,0
102,2,2,1,3.994,0,0,0.000,0,1,0,4,0,0,3,3
102,-5,1,0,0.561,0,0,0.000,0,0,0,0,0,0,0,0
102,2,-3,2,0.661,0,0,0.000,0,0,0,0,0,0,0,0
102,-4,0,2,0.451,0,0,0.000,0,0,0,0,0,0,0,0
102,-3,4,3,0.601,0,0,0.000,0,0,0,0,0,0,0,0
102,-4,8,1,3.091,616,0,7.391,1,1,0,145,0,616,392,392
102,1,2,2,0.773,0,0,0.000,0,0,0,0,0,0,0,0
102,-6,2,0,0.742,0,0,0.000,0,0,0,0,0,0,0,0
102,-5,-2,0,1.271,0,0,0.000,0,0,0,0,0,0,0,0
102,3,1,1,2.692,0,0,0.000,0,0,0,0,0,0,3,3
102,-6,7,2,1.991,111,0,2.631,0,1,0,768,111,0,221,221
102,2,-4,2,0.591,0,0,0.000,0,0,0,0,0,0,0,0
102,-1,3,3,0.451,0,0,0.000,0,0,0,0,0,0,0,0
102,-1,2,3,0.311,0,0,0.000,0,0,0,0,0,0,0,0
102,-5,8,1,30.000,643,0,5.931,0,1,0,795,643,0,581,581
102,1,4,2,1.523,32,0,2.481,0,2,0,713,32,0,144,144
102,1,0,3,0.291,0,0,0.000,0,0,0,0,0,0,0,0
102,-2,1,3,0.521,0,0,0.000,0,0,0,0,0,0,0,0
102,-5,0,1,0.551,0,0,0.000,0,0,0,0,0,0,0,0
102,2,0,3,0.921,0,0,0.000,0,0,0,0,0,0,0,0
102,2,4,1,1.702,274,0,4.831,0,1,0,685,274,0,416,416
102,-6,3,0,1.382,0,0,0.000,0,0,0,0,0,0,0,0
102,3,0,0,0.751,0,0,0.000,0,0,0,0,0,0,1,1
102,-5,4,2,1.161,0,0,0.000,0,0,0,0,0,0,0,0
102,1,-2,3,0.221,0,0,0.000,0,0,0,0,0,0,0,0
102,-4,-3,0,0.711,0,0,0.000,0,0,0,0,0,0,0,0
102,3,-5,0,1.061,0,0,0.000,0,0,0,0,0,0,0,0
102,0,6,0,1.602,556,0,6.012,1,0,0,0,0,556,359,359
102,2,5,0,2.021,920,0,8.981,1,0,0,0,0,920,397,397
102,-3,7,0,4.162,234,0,8.422,1,0,0,0,0,234,327,327
102,-5,5,3,1.192,0,0,0.000,0,0,0,0,0,0,5,5
102,2,-5,1,3.181,0,0,0.000,0,0,0,0,0,0,0,0
102,4,-3,0,2.181,0,0,0.000,0,0,0,0,0,0,0,0
102,-3,-3,0,0.331,0,0,0.000,0,0,0,0,0,0,0,0
102,-3,-1,3,0.181,0,0,0.000,0,0,0,0,0,0,0,0
102,0,5,3,1.592,37,37,-1.000,0,0,0,0,0,0,112,112
102,0,0,3,0.641,0,0,0.000,0,0,0,0,0,0,0,0
102,3,-1,0,1.181,0,0,0.000,0,0,0,0,0,0,0,0
102,-1,-4,0,1.041,0,0,0.000,0,0,0,0,0,0,0,0
102,3,-2,1,0.201,0,0,0.000,0,0,0,0,0,0,0,0
102,1,5,0,2.962,450,0,7.642,1,0,0,0,0,450,481,481
102,-3,-2,2,0.371,0,0,0.000,0,0,0,0,0,0,0,0
102,-1,0,3,0.251,0,0,0.000,0,0,0,0,0,0,0,0
102,-5,-1,1,1.671,0,0,0.000,0,0,0,0,0,0,0,0
102,0,-1,3,0.191,0,0,0.000,0,0,0,0,0,0,0,0
102,-2,7,0,2.162,400,0,6.092,1,0,0,0,0,400,517,517
102,-6,4,1,1.731,0,0,0.000,0,0,0,0,0,0,1,1
102,-4,4,3,1.131,0,0,0.000,0,0,0,0,0,0,0,0
102,1,1,3,0.191,0,0,0.000,0,0,0,0,0,0,0,0
102,3,-4,0,0.471,0,0,0.000,0,0,0,0,0,0,0,0
102,-4,-1,3,0.481,0,0,0.000,0,0,0,0,0,0,0,0
102,-1,4,3,0.851,0,0,0.000,0,0,0,0,0,0,3,3
102,1,3,3,0.931,0,0,0.000,0,0,0,0,0,0,6,6
102,2,3,0,2.282,4,0,2.352,1,0,0,0,0,4,99,99
102,-2,-2,3,0.181,0,0,0.000,0,0,0,0,0,0,0,0
102,3,-3,0,0.461,0,0,0.000,0,0,0,0,0,0,0,0
102,-4,7,2,1.131,286,0,4.491,0,3,1,1259,203,83,342,342
102,-1,-3,2,1.591,0,0,0.000,0,0,0,0,0,0,0,0
102,-5,7,2,4.562,54,0,3.423,0,1,0,581,54,0,300,300
102,-1,6,1,1.962,172,0,3.532,0,1,0,430,172,0,405,405
102,-3,5,3,0.541,0,0,0.000,0,1,0,3,0,0,11,11
102,-7,8,0,1.391,868,0,9.201,1,0,0,0,0,868,630,630
102,-3,6,3,1.701,3,0,2.352,0,1,0,29,3,0,143,143
102,-5,6,3,1.462,1,0,1.541,0,1,0,111,1,0,119,119
102,-4,2,3,2.741,0,0,0.000,0,0,0,0,0,0,0,0
102,-3,1,3,0.271,0,0,0.000,0,0,0,0,0,0,0,0
102,-6,5,0,0.541,0,0,0.000,0,1,0,3,0,0,23,23
102,1,-1,3,0.371,0,0,0.000,0,0,0,0,0,0,0,0
102,-4,1,3,0.391,0,0,0.000,0,0,0,0,0,0,0,0
102,-5,2,2,2.511,0,0,0.000,0,0,0,0,0,0,0,0
102,-2,-3,0,0.391,0,0,0.000,0,0,0,0,0,0,0,0
102,1,-5,0,0.111,0,0,0.000,0,0,0,0,0,0,0,0
102,-7,7,0,3.591,219,0,5.741,1,0,0,0,0,219,439,439
102,2,1,2,1.431,0,0,0.000,0,0,0,0,0,0,0,0
103,1,-4,2,0.771,0,0,0.000,0,0,0,0,0,0,0,0
103,-3,0,3,0.351,0,0,0.000,0,0,0,0,0,0,0,0
103,-2,2,3,2.221,0,0,0.000,0,0,0,0,0,0,0,0
103,-1,-1,3,0.611,0,0,0.000,0,0,0,0,0,0,0,0
103,0,1,3,0.112,0,0,0.000,0,0,0,0,0,0,0,0
103,-5,3,2,1.371,0,0,0.000,0,0,0,0,0,0,0,0
103,-1,1,3,0.381,0,0,0.000,0,0,0,0,0,0,0,0
103,-2,-1,3,0.181,0,0,0.000,0,0,0,0,0,0,0,0
103,0,4,3,1.431,0,0,0.000,0,1,0,22,0,0,3,3
103,3,-6,0,0.701,0,0,0.000,0,0,0,0,0,0,0,0
103,-2,4,3,0.472,0,0,0.000,0,0,0,0,0,0,0,0
103,-2,0,3,2.851,0,0,0.000,0,0,0,0,0,0,0,0
103,0,2,3,0.381,0,0,0.000,0,0,0,0,0,0,0,0
103,-4,3,3,1.291,0,0,0.000,0,0,0,0,0,0,0,0
103,-5,9,0,1.151,1406,0,9.201,1,0,0,0,0,1406,300,300
103,-7,6,1,1.423,31,0,2.801,0,1,0,216,31,0,221,221
103,-3,2,3,0.691,0,0,0.000,0,0,0,0,0,0,0,0
103,2,-1,2,1.491,0,0,0.000,0,0,0,0,0,0,0,0
103,0,-4,1,0.411,0,0,0.000,0,0,0,0,0,0,0,0
103,-2,5,3,0.901,0,0,0.000,0,0,0,0,0,0,40,40
103,-4,6,3,1.191,0,0,0.000,0,3,0,618,0,0,61,61
103,-1,5,2,2.721,0,0,0.000,0,1,0,223,0,0,34,34
103,0,-3,2,0.501,0,0,0.000,0,0,0,0,0,0,0,0
103,-6,8,0,25.593,619,0,10.653,1,0,0,10,0,619,544,544
103,-1,-2,3,0.671,0,0,0.000,0,0,0,0,0,0,0,0
103,-2,3,3,0.371,0,0,0.000,0,0,0,0,0,0,0,0
103,-4,5,3,1.091,0,0,0.000,0,0,0,0,0,0,0,0
103,1,-3,3,0.201,0,0,0.000,0,0,0,0,0,0,0,0
103,0,-2,3,0.261,0,0,0.000,0,0,0,0,0,0,0,0
103,0,3,3,1.101,0,0,0.000,0,0,0,0,0,0,0,0
103,-6,6,2,1.282,1,0,2.431,0,1,0,31,1,0,35,35
103,-2,6,2,2.411,33,0,2.252,0,1,0,408,33,0,240,240
103,-3,3,3,0.261,0,0,0.000,0,0,0,0,0,0,0,0
103,2,-2,2,0.821,0,0,0.000,0,0,0,0,0,0,0,0
103,-4,-2,2,0.421,0,0,0.000,0,0,0,0,0,0,0,0
103,2,2,1,0.633,0,0,0.000,0,1,0,1,0,0,2,2
103,-5,1,0,0.561,0,0,0.000,0,0,0,0,0,0,0,0
103,2,-3,2,0.241,0,0,0.000,0,0,0,0,0,0,0,0
103,-4,0,2,1.521,0,0,0.000,0,0,0,0,0,0,0,0
103,-3,4,3,1.081,0,0,0.000,0,0,0,0,0,0,0,0
103,-4,8,1,5.251,623,0,7.282,0,1,0,54,623,0,402,402
103,1,2,2,1.511,0,0,0.000,0,0,0,0,0,0,0,0
103,-6,2,0,1.091,0,0,0.000,0,0,0,0,0,0,0,0
103,-5,-2,0,1.271,0,0,0.000,0,0,0,0,0,0,0,0
103,3,1,1,1.851,0,0,0.000,0,0,0,0,0,0,3,3
103,-6,7,2,1.992,93,0,5.092,0,1,1,810,82,11,250,250
103,2,-4,2,1.561,0,0,0.000,0,0,0,0,0,0,0,0
103,-1,3,3,1.041,0,0,0.000,0,0,0,0,0,0,0,0
103,-1,2,3,0.311,0,0,0.000,0,0,0,0,0,0,0,0
103,-5,8,1,1.151,657,0,5.731,0,1,0,789,657,0,571,571
103,1,4,2,1.183,22,0,2.392,0,2,0,732,22,0,149,149
103,1,0,3,0.291,0,0,0.000,0,0,0,0,0,0,0,0
103,-2,1,3,1.661,0,0,0.000,0,0,0,0,0,0,0,0
103,-5,0,1,1.141,0,0,0.000,0,0,0,0,0,0,0,0
103,2,0,3,0.921,0,0,0.000,0,0,0,0,0,0,0,0
103,2,4,1,1.464,265,0,5.271,0,1,0,670,265,0,443,443
103,-6,3,0,1.381,0,0,0.000,0,0,0,0,0,0,1,1
103,3,0,0,0.941,0,0,0.000,0,0,0,0,0,0,2,2
103,-5,4,2,0.451,0,0,0.000,0,0,0,0,0,0,0,0
103,1,-2,3,0.681,0,0,0.000,0,0,0,0,0,0,0,0
103,-4,-3,0,0.711,0,0,0.000,0,0,0,0,0,0,0,0
103,3,-5,0,1.151,0,0,0.000,0,0,0,0,0,0,0,0
103,0,6,0,1.372,567,0,5.532,1,0,0,0,0,567,346,346
103,2,5,0,2.441,897,0,9.251,1,0,0,0,0,897,383,383
103,-3,7,0,3.062,213,0,7.332,1,0,0,0,0,213,330,330
103,-5,5,3,0.971,0,0,0.000,0,0,0,0,0,0,4,4
103,2,-5,1,0.171,0,0,0.000,0,0,0,0,0,0,0,0
103,4,-3,0,0.941,0,0,0.000,0,0,0,0,0,0,0,0
103,-3,-3,0,0.112,0,0,0.000,0,0,0,0,0,0,0,0
103,-3,-1,3,0.111,0,0,0.000,0,0,0,0,0,0,0,0
103,0,5,3,0.792,47,47,-1.000,0,0,0,0,0,0,120,120
103,0,0,3,1.161,0,0,0.000,0,0,0,0,0,0,0,0
103,3,-1,0,0.881,0,0,0.000,0,0,0,0,0,0,0,0
103,-1,-4,0,0.401,0,0,0.000,0,0,0,0,0,0,0,0
103,3,-2,1,0.831,0,0,0.000,0,0,0,0,0,0,0,0
103,1,5,0,2.062,481,0,6.912,1,0,0,0,0,481,413,413
103,-3,-2,2,0.221,0,0,0.000,0,0,0,0,0,0,0,0
103,-1,0,3,0.211,0,0,0.000,0,0,0,0,0,0,0,0
103,-5,-1,1,1.712,0,0,0.000,0,0,0,0,0,0,0,0
103,0,-1,3,0.321,0,0,0.000,0,0,0,0,0,0,0,0
103,-2,7,0,1.822,436,0,6.012,1,0,0,0,0,436,473,473
103,-6,4,1,1.321,0,0,0.000,0,0,0,0,0,0,0,0
103,-4,4,3,0.561,0,0,0.000,0,0,0,0,0,0,0,0
103,1,1,3,1.101,0,0,0.000,0,0,0,0,0,0,0,0
103,3,-4,0,0.501,0,0,0.000,0,0,0,0,0,0,0,0
103,-4,-1,3,0.591,0,0,0.000,0,0,0,0,0,0,0,0
103,-1,4,3,1.532,0,0,0.000,0,0,0,0,0,0,4,4
103,1,3,3,0.771,0,0,0.000,0,0,0,0,0,0,11,11
103,2,3,0,4.122,1,0,4.162,1,0,0,0,0,1,102,102
103,-2,-2,3,0.181,0,0,0.000,0,0,0,0,0,0,0,0
103,3,-3,0,1.181,0,0,0.000,0,0,0,0,0,0,0,0
103,-4,7,2,1.371,283,0,4.161,0,2,0,854,283,0,317,317
103,-1,-3,2,2.391,0,0,0.000,0,0,0,0,0,0,0,0
103,-5,7,2,2.673,52,0,5.363,0,1,1,577,42,10,287,287
103,-1,6,1,2.162,223,0,3.792,0,1,0,405,223,0,393,393
103,-3,5,3,0.541,0,0,0.000,0,1,0,2,0,0,6,6
103,-7,8,0,24.661,892,0,12.262,1,0,0,11,0,892,567,567
103,-3,6,3,1.891,2,0,1.992,0,1,0,33,2,0,157,157
103,-5,6,3,1.462,0,0,0.000,0,1,0,93,0,0,116,116
103,-4,2,3,0.211,0,0,0.000,0,0,0,0,0,0,0,0
103,-3,1,3,1.221,0,0,0.000,0,0,0,0,0,0,0,0
103,-6,5,0,4.181,0,0,0.000,0,1,0,1,0,0,38,38
103,1,-1,3,0.561,0,0,0.000,0,0,0,0,0,0,0,0
103,-4,1,3,0.251,0,0,0.000,0,0,0,0,0,0,0,0
103,-5,2,2,0.351,0,0,0.000,0,0,0,0,0,0,0,0
103,-2,-3,0,0.311,0,0,0.000,0,0,0,0,0,0,0,0
103,1,-5,0,0.111,0,0,0.000,0,0,0,0,0,0,0,0
103,-7,7,0,2.331,229,0,4.571,1,0,0,0,0,229,402,402
103,2,1,2,1.431,0,0,0.000,0,0,0,0,0,0,0,0
104,1,-4,2,0.511,0,0,0.000,0,0,0,0,0,0,0,0
104,-3,0,3,0.571,0,0,0.000,0,0,0,0,0,0,0,0
104,-2,2,3,0.221,0,0,0.000,0,0,0,0,0,0,0,0
104,-1,-1,3,0.221,0,0,0.000,0,0,0,0,0,0,0,0
104,0,1,3,0.151,0,0,0.000,0,0,0,0,0,0,0,0
104,-5,3,2,0.681,0,0,0.000,0,0,0,0,0,0,0,0
104,-1,1,3,1.461,0,0,0.000,0,0,0,0,0,0,0,0
104,-2,-1,3,0.181,0,0,0.000,0,0,0,0,0,0,0,0
104,0,4,3,1.911,0,0,0.000,0,1,0,33,0,0,1,1
104,3,-6,0,0.461,0,0,0.000,0,0,0,0,0,0,0,0
104,-2,4,3,0.903,0,0,0.000,0,0,0,0,0,0,0,0
104,-2,0,3,0.431,0,0,0.000,0,0,0,0,0,0,0,0
104,0,2,3,0.581,0,0,0.000,0,0,0,0,0,0,0,0
104,-4,3,3,0.721,0,0,0.000,0,0,0,0,0,0,0,0
104,-5,9,0,1.601,1418,0,10.001,1,0,0,0,0,1418,299,299
104,-7,6,1,2.633,28,0,4.001,0,1,0,190,28,0,196,196
104,-3,2,3,0.501,0,0,0.000,0,0,0,0,0,0,0,0
104,2,-1,2,0.291,0,0,0.000,0,0,0,0,0,0,0,0
104,0,-4,1,0.591,0,0,0.000,0,0,0,0,0,0,0,0
104,-2,5,3,1.061,0,0,0.000,0,0,0,0,0,0,31,31
104,-4,6,3,1.191,0,0,0.000,0,4,0,968,0,0,65,65
104,-1,5,2,1.461,0,0,0.000,0,1,0,189,0,0,39,39
104,0,-3,2,0.781,0,0,0.000,0,0,0,0,0,0,0,0
104,-6,8,0,1.793,611,0,7.603,1,0,0,0,0,611,535,535
104,-1,-2,3,0.441,0,0,0.000,0,0,0,0,0,0,0,0
104,-2,3,3,0.181,0,0,0.000,0,0,0,0,0,0,0,0
104,-4,5,3,0.702,0,0,0.000,0,0,0,0,0,0,0,0
104,1,-3,3,0.411,0,0,0.000,0,0,0,0,0,0,0,0
104,0,-2,3,1.141,0,0,0.000,0,0,0,0,0,0,0,0
104,0,3,3,2.233,0,0,0.000,0,0,0,0,0,0,0,0
104,-6,6,2,7.062,6,0,3.741,0,1,0,28,6,0,26,26
104,-2,6,2,2.583,17,0,3.421,0,1,0,406,17,0,223,223
104,-3,3,3,0.261,0,0,0.000,0,0,0,0,0,0,0,0
104,2,-2,2,0.221,0,0,0.000,0,0,0,0,0,0,0,0
104,-4,-2,2,1.621,0,0,0.000,0,0,0,0,0,0,0,0
104,2,2,1,0.933,0,0,0.000,0,1,0,1,0,0,2,2
104,-5,1,0,0.381,0,0,0.000,0,0,0,0,0,0,0,0
104,2,-3,2,0.241,0,0,0.000,0,0,0,0,0,0,0,0
104,-4,0,2,0.371,0,0,0.000,0,0,0,0,0,0,0,0
104,-3,4,3,1.021,0,0,0.000,0,0,0,0,0,0,0,0
104,-4,8,1,3.571,631,0,7.091,1,1,0,122,0,631,400,400
104,1,2,2,1.543,0,0,0.000,0,0,0,0,0,0,0,0
104,-6,2,0,1.371,0,0,0.000,0,0,0,0,0,0,0,0
104,-5,-2,0,2.633,0,0,0.000,0,0,0,0,0,0,0,0
104,3,1,1,2.181,0,0,0.000,0,0,0,0,0,0,0,0
104,-6,7,2,1.652,88,0,3.101,0,1,0,785,88,0,239,239
104,2,-4,2,0.211,0,0,0.000,0,0,0,0,0,0,0,0
104,-1,3,3,1.271,0,0,0.000,0,0,0,0,0,0,0,0
104,-1,2,3,0.151,0,0,0.000,0,0,0,0,0,0,0,0
104,-5,8,1,1.151,624,0,5.781,0,1,0,824,624,0,559,559
104,1,4,2,1.523,33,0,2.071,0,2,0,719,33,0,135,135
104,1,0,3,0.411,0,0,0.000,0,0,0,0,0,0,0,0
104,-2,1,3,1.541,0,0,0.000,0,0,0,0,0,0,0,0
104,-5,0,1,1.421,0,0,0.000,0,0,0,0,0,0,0,0
104,2,0,3,0.611,0,0,0.000,0,0,0,0,0,0,0,0
104,2,4,1,1.463,268,0,4.311,0,1,0,691,268,0,412,412
104,-6,3,0,1.742,0,0,0.000,0,0,0,0,0,0,0,0
104,3,0,0,0.751,0,0,0.000,0,0,0,0,0,0,1,1
104,-5,4,2,1.163,0,0,0.000,0,0,0,0,0,0,0,0
104,1,-2,3,2.291,0,0,0.000,0,0,0,0,0,0,0,0
104,-4,-3,0,0.911,0,0,0.000,0,0,0,0,0,0,0,0
104,3,-5,0,0.251,0,0,0.000,0,0,0,0,0,0,0,0
104,0,6,0,3.442,564,0,7.792,1,0,0,0,0,564,379,379
104,2,5,0,1.601,922,0,8.621,1,0,0,0,0,922,402,402
104,-3,7,0,3.282,214,0,7.482,1,0,0,0,0,214,317,317
104,-5,5,3,0.793,0,0,0.000,0,0,0,0,0,0,8,8
104,2,-5,1,0.331,0,0,0.000,0,0,0,0,0,0,0,0
104,4,-3,0,0.431,0,0,0.000,0,0,0,0,0,0,0,0
104,-3,-3,0,0.112,0,0,0.000,0,0,0,0,0,0,0,0
104,-3,-1,3,0.381,0,0,0.000,0,0,0,0,0,0,0,0
104,0,5,3,0.792,34,34,-1.000,0,0,0,0,0,0,107,107
104,0,0,3,1.161,0,0,0.000,0,0,0,0,0,0,0,0
104,3,-1,0,0.281,0,0,0.000,0,0,0,0,0,0,0,0
104,-1,-4,0,1.101,0,0,0.000,0,0,0,0,0,0,0,0
104,3,-2,1,0.201,0,0,0.000,0,0,0,0,0,0,0,0
104,1,5,0,2.551,465,0,7.381,1,0,0,0,0,465,424,424
104,-3,-2,2,0.371,0,0,0.000,0,0,0,0,0,0,0,0
104,-1,0,3,0.211,0,0,0.000,0,0,0,0,0,0,0,0
104,-5,-1,1,2.021,0,0,0.000,0,0,0,0,0,0,0,0
104,0,-1,3,0.191,0,0,0.000,0,0,0,0,0,0,0,0
104,-2,7,0,3.162,417,0,7.332,1,0,0,0,0,417,488,488
104,-6,4,1,1.272,0,0,0.000,0,0,0,0,0,0,1,1
104,-4,4,3,0.561,0,0,0.000,0,0,0,0,0,0,0,0
104,1,1,3,0.191,0,0,0.000,0,0,0,0,0,0,0,0
104,3,-4,0,1.511,0,0,0.000,0,0,0,0,0,0,0,0
104,-4,-1,3,1.091,0,0,0.000,0,0,0,0,0,0,0,0
104,-1,4,3,1.132,0,0,0.000,0,0,0,0,0,0,10,10
104,1,3,3,2.211,0,0,0.000,0,0,0,0,0,0,9,9
104,2,3,0,1.701,1,0,1.721,1,0,0,0,0,1,137,137
104,-2,-2,3,20.281,0,0,0.000,0,0,0,0,0,0,0,0
104,3,-3,0,1.181,0,0,0.000,0,0,0,0,0,0,0,0
104,-4,7,2,0.891,303,0,4.811,0,3,1,1217,224,79,342,342
104,-1,-3,2,0.991,0,0,0.000,0,0,0,0,0,0,0,0
104,-5,7,2,2.942,59,0,2.463,0,1,0,566,59,0,294,294
104,-1,6,1,2.362,189,0,5.522,0,1,0,424,189,0,426,426
104,-3,5,3,0.712,0,0,0.000,0,1,0,3,0,0,5,5
104,-7,8,0,2.091,863,0,10.071,1,0,0,0,0,863,586,586
104,-3,6,3,3.231,3,0,3.341,0,1,0,17,3,0,160,160
104,-5,6,3,1.462,0,0,0.000,0,1,0,88,0,0,132,132
104,-4,2,3,6.371,0,0,0.000,0,0,0,0,0,0,0,0
104,-3,1,3,0.711,0,0,0.000,0,0,0,0,0,0,0,0
104,-6,5,0,0.541,0,0,0.000,0,1,0,6,0,0,28,28
104,1,-1,3,0.941,0,0,0.000,0,0,0,0,0,0,0,0
104,-4,1,3,0.391,0,0,0.000,0,0,0,0,0,0,0,0
104,-5,2,2,0.351,0,0,0.000,0,0,0,0,0,0,0,0
104,-2,-3,0,0.171,0,0,0.000,0,0,0,0,0,0,0,0
104,1,-5,0,0.351,0,0,0.000,0,0,0,0,0,0,0,0
104,-7,7,0,3.591,197,0,5.571,1,0,0,0,0,197,413,413
104,2,1,2,1.431,0,0,0.000,0,0,0,0,0,0,0,0
105,1,-4,2,0.251,0,0,0.000,0,0,0,0,0,0,0,0
105,-3,0,3,0.631,0,0,0.000,0,0,0,0,0,0,0,0
105,-2,2,3,0.311,0,0,0.000,0,0,0,0,0,0,0,0
105,-1,-1,3,0.531,0,0,0.000,0,0,0,0,0,0,0,0
105,0,1,3,0.341,0,0,0.000,0,0,0,0,0,0,0,0
105,-5,3,2,0.451,0,0,0.000,0,0,0,0,0,0,0,0
105,-1,1,3,0.381,0,0,0.000,0,0,0,0,0,0,0,0
105,-2,-1,3,2.351,0,0,0.000,0,0,0,0,0,0,0,0
105,0,4,3,1.431,0,0,0.000,0,2,0,90,0,0,3,3
105,3,-6,0,1.421,0,0,0.000,0,0,0,0,0,0,0,0
105,-2,4,3,1.143,0,0,0.000,0,0,0,0,0,0,0,0
105,-2,0,3,0.431,0,0,0.000,0,0,0,0,0,0,0,0
105,0,2,3,0.791,0,0,0.000,0,0,0,0,0,0,0,0
105,-4,3,3,0.341,0,0,0.000,0,0,0,0,0,0,0,0
105,-5,9,0,2.201,1392,0,10.231,1,0,0,0,0,1392,320,320
105,-7,6,1,3.733,33,0,3.161,0,1,0,201,33,0,225,225
105,-3,2,3,30.000,0,0,0.000,0,0,0,0,0,0,0,0
105,2,-1,2,0.591,0,0,0.000,0,0,0,0,0,0,0,0
105,0,-4,1,1.471,0,0,0.000,0,0,0,0,0,0,0,0
105,-2,5,3,1.541,0,0,0.000,0,0,0,0,0,0,41,41
105,-4,6,3,1.281,1,0,2.152,0,3,0,696,1,0,70,70
105,-1,5,2,1.251,0,0,0.000,0,1,0,207,0,0,35,35
105,0,-3,2,0.281,0,0,0.000,0,0,0,0,0,0,0,0
105,-6,8,0,2.393,616,0,8.243,1,0,0,0,0,616,523,523
105,-1,-2,3,0.441,0,0,0.000,0,0,0,0,0,0,0,0
105,-2,3,3,1.511,0,0,0.000,0,0,0,0,0,0,0,0
105,-4,5,3,2.191,0,0,0.000,0,1,0,1,0,0,0,0
105,1,-3,3,0.831,0,0,0.000,0,0,0,0,0,0,0,0
105,0,-2,3,0.721,0,0,0.000,0,0,0,0,0,0,0,0
105,0,3,3,2.233,0,0,0.000,0,0,0,0,0,0,0,0
105,-6,6,2,1.622,1,0,2.791,0,1,0,33,1,0,40,40
105,-2,6,2,3.623,21,0,2.542,0,1,0,427,21,0,224,224
105,-3,3,3,0.201,0,0,0.000,0,0,0,0,0,0,0,0
105,2,-2,2,0.591,0,0,0.000,0,0,0,0,0,0,0,0
105,-4,-2,2,0.271,0,0,0.000,0,0,0,0,0,0,0,0
105,2,2,1,1.753,0,0,0.000,0,1,0,2,0,0,1,1
105,-5,1,0,0.761,0,0,0.000,0,0,0,0,0,0,0,0
105,2,-3,2,0.241,0,0,0.000,0,0,0,0,0,0,0,0
105,-4,0,2,0.601,0,0,0.000,0,0,0,0,0,0,0,0
105,-3,4,3,0.421,0,0,0.000,0,0,0,0,0,0,0,0
105,-4,8,1,4.531,612,0,5.932,0,1,0,58,612,0,398,398
105,1,2,2,2.141,0,0,0.000,0,0,0,0,0,0,0,0
105,-6,2,0,3.071,0,0,0.000,0,0,0,0,0,0,0,0
105,-5,-2,0,1.511,0,0,0.000,0,0,0,0,0,0,0,0
105,3,1,1,3.951,0,0,0.000,0,0,0,0,0,0,3,3
105,-6,7,2,1.784,109,0,4.183,0,1,0,786,109,0,253,253
105,2,-4,2,0.881,0,0,0.000,0,0,0,0,0,0,0,0
105,-1,3,3,0.671,0,0,0.000,0,0,0,0,0,0,0,0
105,-1,2,3,0.311,0,0,0.000,0,0,0,0,0,0,0,0
105,-5,8,1,1.184,650,0,6.351,0,1,0,787,650,0,544,544
105,1,4,2,1.353,45,0,2.052,0,2,0,666,45,0,151,151
105,1,0,3,1.041,0,0,0.000,0,0,0,0,0,0,0,0
105,-2,1,3,1.391,0,0,0.000,0,0,0,0,0,0,0,0
105,-5,0,1,0.531,0,0,0.000,0,0,0,0,0,0,0,0
105,2,0,3,1.231,0,0,0.000,0,0,0,0,0,0,0,0
105,2,4,1,2.994,265,0,4.162,0,1,0,664,265,0,422,422
105,-6,3,0,1.191,0,0,0.000,0,0,0,0,0,0,0,0
105,3,0,0,0.962,0,0,0.000,0,0,0,0,0,0,2,2
105,-5,4,2,0.911,0,0,0.000,0,0,0,0,0,0,0,0
105,1,-2,3,0.681,0,0,0.000,0,0,0,0,0,0,0,0
105,-4,-3,0,0.951,0,0,0.000,0,0,0,0,0,0,0,0
105,3,-5,0,1.251,0,0,0.000,0,0,0,0,0,0,0,0
105,0,6,0,4.672,573,0,8.632,1,0,0,68,0,573,359,359
105,2,5,0,1.462,883,0,8.212,1,0,0,0,0,883,385,385
105,-3,7,0,1.962,210,0,5.982,1,0,0,0,0,210,362,362
105,-5,5,3,1.771,0,0,0.000,0,0,0,0,0,0,6,6
105,2,-5,1,0.161,0,0,0.000,0,0,0,0,0,0,0,0
105,4,-3,0,0.431,0,0,0.000,0,0,0,0,0,0,0,0
105,-3,-3,0,0.112,0,0,0.000,0,0,0,0,0,0,0,0
105,-3,-1,3,0.161,0,0,0.000,0,0,0,0,0,0,0,0
105,0,5,3,1.113,62,62,-1.000,0,0,0,0,0,0,102,102
105,0,0,3,0.381,0,0,0.000,0,0,0,0,0,0,0,0
105,3,-1,0,0.431,0,0,0.000,0,0,0,0,0,0,0,0
105,-1,-4,0,0.311,0,0,0.000,0,0,0,0,0,0,0,0
105,3,-2,1,1.041,0,0,0.000,0,0,0,0,0,0,0,0
105,1,5,0,1.962,443,0,6.282,1,0,0,0,0,443,438,438
105,-3,-2,2,0.561,0,0,0.000,0,0,0,0,0,0,0,0
105,-1,0,3,1.041,0,0,0.000,0,0,0,0,0,0,0,0
105,-5,-1,1,0.691,0,0,0.000,0,0,0,0,0,0,0,0
105,0,-1,3,0.521,0,0,0.000,0,0,0,0,0,0,0,0
105,-2,7,0,2.242,441,0,6.622,1,0,0,0,0,441,450,450
105,-6,4,1,0.911,0,0,0.000,0,0,0,0,0,0,2,2
105,-4,4,3,1.511,0,0,0.000,0,0,0,0,0,0,0,0
105,1,1,3,0.901,0,0,0.000,0,0,0,0,0,0,0,0
105,3,-4,0,1.251,0,0,0.000,0,0,0,0,0,0,0,0
105,-4,-1,3,2.341,0,0,0.000,0,0,0,0,0,0,0,0
105,-1,4,3,0.752,0,0,0.000,0,0,0,0,0,0,8,8
105,1,3,3,0.771,0,0,0.000,0,0,0,0,0,0,17,17
105,2,3,0,2.282,2,0,2.342,1,0,0,0,0,2,117,117
105,-2,-2,3,0.181,0,0,0.000,0,0,0,0,0,0,0,0
105,3,-3,0,3.701,0,0,0.000,0,0,0,0,0,0,0,0
105,-4,7,2,0.951,321,0,5.322,0,2,0,786,321,0,304,304
105,-1,-3,2,0.591,0,0,0.000,0,0,0,0,0,0,0,0
105,-5,7,2,2.673,54,0,3.013,0,1,0,570,54,0,283,283
105,-1,6,1,2.162,207,0,6.452,0,1,1,434,139,68,416,416
105,-3,5,3,0.541,0,0,0.000,0,1,0,3,0,0,11,11
105,-7,8,0,2.963,888,0,10.953,1,0,0,0,0,888,575,575
105,-3,6,3,2.471,3,0,2.422,0,1,0,21,3,0,154,154
105,-5,6,3,1.462,0,0,0.000,0,1,0,109,0,0,131,131
105,-4,2,3,0.211,0,0,0.000,0,0,0,0,0,0,0,0
105,-3,1,3,0.371,0,0,0.000,0,0,0,0,0,0,0,0
105,-6,5,0,0.651,0,0,0.000,0,1,0,1,0,0,29,29
105,1,-1,3,1.511,0,0,0.000,0,0,0,0,0,0,0,0
105,-4,1,3,0.191,0,0,0.000,0,0,0,0,0,0,0,0
105,-5,2,2,0.351,0,0,0.000,0,0,0,0,0,0,0,0
105,-2,-3,0,0.491,0,0,0.000,0,0,0,0,0,0,0,0
105,1,-5,0,0.231,0,0,0.000,0,0,0,0,0,0,0,0
105,-7,7,0,2.691,211,0,4.781,1,0,0,0,0,211,428,428
105,2,1,2,0.531,0,0,0.000,0,0,0,0,0,0,0,0
106,1,-4,2,0.511,0,0,0.000,0,0,0,0,0,0,0,0
106,-3,0,3,3.491,0,0,0.000,0,0,0,0,0,0,0,0
106,-2,2,3,0.541,0,0,0.000,0,0,0,0,0,0,0,0
106,-1,-1,3,0.251,0,0,0.000,0,0,0,0,0,0,0,0
106,0,1,3,0.221,0,0,0.000,0,0,0,0,0,0,0,0
106,-5,3,2,0.451,0,0,0.000,0,0,0,0,0,0,0,0
106,-1,1,3,0.201,0,0,0.000,0,0,0,0,0,0,0,0
106,-2,-1,3,0.321,0,0,0.000,0,0,0,0,0,0,0,0
106,0,4,3,1.911,0,0,0.000,0,1,0,27,0,0,2,2
106,3,-6,0,1.481,0,0,0.000,0,0,0,0,0,0,0,0
106,-2,4,3,0.673,0,0,0.000,0,0,0,0,0,0,0,0
106,-2,0,3,0.651,0,0,0.000,0,0,0,0,0,0,0,0
106,0,2,3,1.251,0,0,0.000,0,0,0,0,0,0,0,0
106,-4,3,3,0.721,0,0,0.000,0,0,0,0,0,0,0,0
106,-5,9,0,1.151,1417,0,9.571,1,0,0,0,0,1417,297,297
106,-7,6,1,2.854,41,0,3.822,1,1,0,246,0,41,227,227
106,-3,2,3,0.501,0,0,0.000,0,0,0,0,0,0,0,0
106,2,-1,2,0.681,0,0,0.000,0,0,0,0,0,0,0,0
106,0,-4,1,0.411,0,0,0.000,0,0,0,0,0,0,0,0
106,-2,5,3,1.381,0,0,0.000,0,0,0,0,0,0,42,42
106,-4,6,3,1.911,0,0,0.000,0,3,0,684,0,0,56,56
106,-1,5,2,1.251,1,0,1.652,0,1,0,192,1,0,40,40
106,0,-3,2,0.161,0,0,0.000,0,0,0,0,0,0,0,0
106,-6,8,0,1.793,644,0,8.073,1,0,0,0,0,644,512,512
106,-1,-2,3,0.671,0,0,0.000,0,0,0,0,0,0,0,0
106,-2,3,3,0.371,0,0,0.000,0,0,0,0,0,0,0,0
106,-4,5,3,0.871,0,0,0.000,0,1,0,1,0,0,0,0
106,1,-3,3,0.621,0,0,0.000,0,0,0,0,0,0,0,0
106,0,-2,3,0.231,0,0,0.000,0,0,0,0,0,0,0,0
106,0,3,3,1.672,0,0,0.000,0,0,0,0,0,0,0,0
106,-6,6,2,1.282,3,0,3.362,0,2,1,82,0,3,35,35
106,-2,6,2,3.104,17,0,2.792,0,1,0,396,17,0,237,237
106,-3,3,3,0.201,0,0,0.000,0,0,0,0,0,0,0,0
106,2,-2,2,0.821,0,0,0.000,0,0,0,0,0,0,0,0
106,-4,-2,2,1.501,0,0,0.000,0,0,0,0,0,0,0,0
106,2,2,1,1.593,0,0,0.000,0,1,0,2,0,0,3,3
106,-5,1,0,3.161,0,0,0.000,0,0,0,0,0,0,0,0
106,2,-3,2,0.131,0,0,0.000,0,0,0,0,0,0,0,0
106,-4,0,2,1.291,0,0,0.000,0,0,0,0,0,0,0,0
106,-3,4,3,0.531,0,0,0.000,0,0,0,0,0,0,0,0
106,-4,8,1,2.851,649,0,6.802,0,1,0,37,649,0,402,402
106,1,2,2,1.511,0,0,0.000,0,0,0,0,0,0,0,0
106,-6,2,0,0.522,0,0,0.000,0,0,0,0,0,0,0,0
106,-5,-2,0,1.191,0,0,0.000,0,0,0,0,0,0,0,0
106,3,1,1,2.271,0,0,0.000,0,0,0,0,0,0,4,4
106,-6,7,2,1.322,97,0,2.621,0,1,0,791,97,0,248,248
106,2,-4,2,1.741,0,0,0.000,0,0,0,0,0,0,0,0
106,-1,3,3,0.452,0,0,0.000,0,0,0,0,0,0,0,0
106,-1,2,3,0.151,0,0,0.000,0,0,0,0,0,0,0,0
106,-5,8,1,1.151,627,0,5.241,0,1,0,826,627,0,523,523
106,1,4,2,1.692,27,0,3.481,0,2,0,720,27,0,143,143
106,1,0,3,0.331,0,0,0.000,0,0,0,0,0,0,0,0
106,-2,1,3,0.521,0,0,0.000,0,0,0,0,0,0,0,0
106,-5,0,1,1.601,0,0,0.000,0,0,0,0,0,0,0,0
106,2,0,3,0.921,0,0,0.000,0,0,0,0,0,0,0,0
106,2,4,1,1.522,276,0,5.901,0,1,0,655,276,0,430,430
106,-6,3,0,1.381,0,0,0.000,0,0,0,0,0,0,0,0
106,3,0,0,0.751,0,0,0.000,0,0,0,0,0,0,0,0
106,-5,4,2,0.741,0,0,0.000,0,0,0,0,0,0,0,0
106,1,-2,3,2.291,0,0,0.000,0,0,0,0,0,0,0,0
106,-4,-3,0,1.671,0,0,0.000,0,0,0,0,0,0,0,0
106,3,-5,0,0.181,0,0,0.000,0,0,0,0,0,0,0,0
106,0,6,0,1.372,578,0,5.892,1,0,0,0,0,578,346,346
106,2,5,0,3.071,889,0,9.731,1,0,0,0,0,889,405,405
106,-3,7,0,2.622,204,0,6.852,1,0,0,0,0,204,348,348
106,-5,5,3,0.793,0,0,0.000,0,0,0,0,0,0,2,2
106,2,-5,1,0.501,0,0,0.000,0,0,0,0,0,0,0,0
106,4,-3,0,3.881,0,0,0.000,0,0,0,0,0,0,0,0
106,-3,-3,0,0.112,0,0,0.000,0,0,0,0,0,0,0,0
106,-3,-1,3,0.111,0,0,0.000,0,0,0,0,0,0,0,0
106,0,5,3,0.953,49,49,-1.000,0,0,0,0,0,0,116,116
106,0,0,3,0.251,0,0,0.000,0,0,0,0,0,0,0,0
106,3,-1,0,0.431,0,0,0.000,0,0,0,0,0,0,0,0
106,-1,-4,0,0.151,0,0,0.000,0,0,0,0,0,0,0,0
106,3,-2,1,0.411,0,0,0.000,0,0,0,0,0,0,0,0
106,1,5,0,3.872,455,0,8.602,1,0,0,0,0,455,429,429
106,-3,-2,2,1.131,0,0,0.000,0,0,0,0,0,0,0,0
106,-1,0,3,0.251,0,0,0.000,0,0,0,0,0,0,0,0
106,-5,-1,1,1.041,0,0,0.000,0,0,0,0,0,0,0,0
106,0,-1,3,0.191,0,0,0.000,0,0,0,0,0,0,0,0
106,-2,7,0,2.532,411,0,6.602,1,0,0,0,0,411,519,519
106,-6,4,1,0.711,0,0,0.000,0,0,0,0,0,0,2,2
106,-4,4,3,1.321,0,0,0.000,0,0,0,0,0,0,0,0
106,1,1,3,0.291,0,0,0.000,0,0,0,0,0,0,0,0
106,3,-4,0,2.291,0,0,0.000,0,0,0,0,0,0,0,0
106,-4,-1,3,1.591,0,0,0.000,0,0,0,0,0,0,0,0
106,-1,4,3,0.752,0,0,0.000,0,1,0,1,0,0,7,7
106,1,3,3,0.931,0,0,0.000,0,0,0,0,0,0,12,12
106,2,3,0,1.484,2,0,1.534,1,0,0,0,0,2,138,138
106,-2,-2,3,0.331,0,0,0.000,0,0,0,0,0,0,0,0
106,3,-3,0,0.231,0,0,0.000,0,0,0,0,0,0,0,0
106,-4,7,2,0.891,322,0,4.551,0,2,0,801,322,0,317,317
106,-1,-3,2,0.391,0,0,0.000,0,0,0,0,0,0,0,0
106,-5,7,2,3.753,40,0,2.283,0,1,0,613,40,0,310,310
106,-1,6,1,7.362,193,0,3.502,0,1,0,441,193,0,381,381
106,-3,5,3,0.821,0,0,0.000,0,1,0,1,0,0,2,2
106,-7,8,0,1.531,878,0,9.571,1,0,0,0,0,878,610,610
106,-3,6,3,2.651,1,0,2.682,0,1,0,17,1,0,130,130
106,-5,6,3,1.672,1,0,1.681,0,1,0,97,1,0,125,125
106,-4,2,3,0.211,0,0,0.000,0,0,0,0,0,0,0,0
106,-3,1,3,0.181,0,0,0.000,0,0,0,0,0,0,0,0
106,-6,5,0,1.661,0,0,0.000,0,1,0,3,0,0,31,31
106,1,-1,3,0.371,0,0,0.000,0,0,0,0,0,0,0,0
106,-4,1,3,0.391,0,0,0.000,0,0,0,0,0,0,0,0
106,-5,2,2,0.231,0,0,0.000,0,0,0,0,0,0,0,0
106,-2,-3,0,0.391,0,0,0.000,0,0,0,0,0,0,0,0
106,1,-5,0,0.231,0,0,0.000,0,0,0,0,0,0,0,0
106,-7,7,0,3.591,262,0,6.101,1,0,0,0,0,262,359,359
106,2,1,2,0.891,0,0,0.000,0,0,0,0,0,0,0,0
107,1,-4,2,1.811,0,0,0.000,0,0,0,0,0,0,0,0
107,-3,0,3,0.411,0,0,0.000,0,0,0,0,0,0,0,0
107,-2,2,3,0.221,0,0,0.000,0,0,0,0,0,0,0,0
107,-1,-1,3,0.221,0,0,0.000,0,0,0,0,0,0,0,0
107,0,1,3,0.112,0,0,0.000,0,0,0,0,0,0,0,0
107,-5,3,2,1.601,0,0,0.000,0,0,0,0,0,0,0,0
107,-1,1,3,0.831,0,0,0.000,0,0,0,0,0,0,0,0
107,-2,-1,3,0.511,0,0,0.000,0,0,0,0,0,0,0,0
107,0,4,3,2.391,0,0,0.000,0,1,0,35,0,0,2,2
107,3,-6,0,0.461,0,0,0.000,0,0,0,0,0,0,0,0
107,-2,4,3,0.931,0,0,0.000,0,0,0,0,0,0,0,0
107,-2,0,3,0.431,0,0,0.000,0,0,0,0,0,0,0,0
107,0,2,3,0.381,0,0,0.000,0,0,0,0,0,0,0,0
107,-4,3,3,2.431,0,0,0.000,0,0,0,0,0,0,0,0
107,-5,9,0,1.301,1424,0,9.501,1,0,0,0,0,1424,314,314
107,-7,6,1,2.413,39,0,3.551,0,1,0,205,39,0,235,235
107,-3,2,3,0.161,0,0,0.000,0,0,0,0,0,0,0,0
107,2,-1,2,0.681,0,0,0.000,0,0,0,0,0,0,0,0
107,0,-4,1,0.591,0,0,0.000,0,0,0,0,0,0,0,0
107,-2,5,3,1.432,0,0,0.000,0,0,0,0,0,0,38,38
107,-4,6,3,2.631,0,0,0.000,0,3,0,655,0,0,66,66
107,-1,5,2,1.041,0,0,0.000,0,1,0,208,0,0,49,49
107,0,-3,2,0.851,0,0,0.000,0,0,0,0,0,0,0,0
107,-6,8,0,1.793,618,0,7.733,1,0,0,0,0,618,540,540
107,-1,-2,3,0.671,0,0,0.000,0,0,0,0,0,0,0,0
107,-2,3,3,0.371,0,0,0.000,0,0,0,0,0,0,0,0
107,-4,5,3,1.763,0,0,0.000,0,0,0,0,0,0,0,0
107,1,-3,3,0.201,0,0,0.000,0,0,0,0,0,0,0,0
107,0,-2,3,0.231,0,0,0.000,0,0,0,0,0,0,0,0
107,0,3,3,2.303,0,0,0.000,0,0,0,0,0,0,0,0
107,-6,6,2,1.792,7,0,3.221,0,1,0,38,7,0,39,39
107,-2,6,2,4.494,17,0,2.082,0,1,0,399,17,0,228,228
107,-3,3,3,0.911,0,0,0.000,0,0,0,0,0,0,0,0
107,2,-2,2,0.191,0,0,0.000,0,0,0,0,0,0,0,0
107,-4,-2,2,0.721,0,0,0.000,0,0,0,0,0,0,0,0
107,2,2,1,0.634,0,0,0.000,0,0,0,0,0,0,2,2
107,-5,1,0,0.761,0,0,0.000,0,0,0,0,0,0,0,0
107,2,-3,2,0.131,0,0,0.000,0,0,0,0,0,0,0,0
107,-4,0,2,0.221,0,0,0.000,0,0,0,0,0,0,0,0
107,-3,4,3,0.421,0,0,0.000,0,0,0,0,0,0,0,0
107,-4,8,1,3.571,650,0,7.181,0,1,0,43,650,0,381,381
107,1,2,2,0.731,0,0,0.000,0,0,0,0,0,0,0,0
107,-6,2,0,0.522,0,0,0.000,0,0,0,0,0,0,0,0
107,-5,-2,0,0.791,0,0,0.000,0,0,0,0,0,0,0,0
107,3,1,1,1.252,0,0,0.000,0,0,0,0,0,0,1,1
107,-6,7,2,1.322,93,0,3.043,0,1,0,820,93,0,260,260
107,2,-4,2,0.321,0,0,0.000,0,0,0,0,0,0,0,0
107,-1,3,3,0.451,0,0,0.000,0,0,0,0,0,0,0,0
107,-1,2,3,0.311,0,0,0.000,0,0,0,0,0,0,0,0
107,-5,8,1,1.831,651,0,5.761,0,1,0,804,651,0,549,549
107,1,4,2,1.541,35,0,2.731,0,2,0,724,35,0,161,161
107,1,0,3,30.000,0,0,0.000,0,0,0,0,0,0,0,0
107,-2,1,3,2.221,0,0,0.000,0,0,0,0,0,0,0,0
107,-5,0,1,1.212,0,0,0.000,0,0,0,0,0,0,0,0
107,2,0,3,0.921,0,0,0.000,0,0,0,0,0,0,0,0
107,2,4,1,1.464,260,0,4.861,0,1,0,663,260,0,436,436
107,-6,3,0,0.721,0,0,0.000,0,0,0,0,0,0,0,0
107,3,0,0,0.751,0,0,0.000,0,0,0,0,0,0,0,0
107,-5,4,2,3.671,0,0,0.000,0,0,0,0,0,0,0,0
107,1,-2,3,0.451,0,0,0.000,0,0,0,0,0,0,0,0
107,-4,-3,0,0.951,0,0,0.000,0,0,0,0,0,0,0,0
107,3,-5,0,0.171,0,0,0.000,0,0,0,0,0,0,0,0
107,0,6,0,1.792,566,0,6.122,1,0,0,0,0,566,360,360
107,2,5,0,2.231,879,0,8.971,1,0,0,0,0,879,387,387
107,-3,7,0,2.841,212,0,7.232,1,0,0,0,0,212,331,331
107,-5,5,3,1.971,0,0,0.000,0,0,0,0,0,0,6,6
107,2,-5,1,0.181,0,0,0.000,0,0,0,0,0,0,0,0
107,4,-3,0,2.271,0,0,0.000,0,0,0,0,0,0,0,0
107,-3,-3,0,1.531,0,0,0.000,0,0,0,0,0,0,0,0
107,-3,-1,3,0.111,0,0,0.000,0,0,0,0,0,0,0,0
107,0,5,3,2.393,45,45,-1.000,0,0,0,0,0,0,115,115
107,0,0,3,0.451,0,0,0.000,0,0,0,0,0,0,0,0
107,3,-1,0,0.431,0,0,0.000,0,0,0,0,0,0,0,0
107,-1,-4,0,0.151,0,0,0.000,0,0,0,0,0,0,0,0
107,3,-2,1,0.411,0,0,0.000,0,0,0,0,0,0,0,0
107,1,5,0,5.252,479,0,10.222,1,0,0,0,0,479,427,427
107,-3,-2,2,0.371,0,0,0.000,0,0,0,0,0,0,0,0
107,-1,0,3,0.211,0,0,0.000,0,0,0,0,0,0,0,0
107,-5,-1,1,1.333,0,0,0.000,0,0,0,0,0,0,0,0
107,0,-1,3,2.721,0,0,0.000,0,0,0,0,0,0,0,0
107,-2,7,0,1.822,413,0,5.922,1,0,0,0,0,413,459,459
107,-6,4,1,0.911,0,0,0.000,0,0,0,0,0,0,0,0
107,-4,4,3,0.371,0,0,0.000,0,0,0,0,0,0,0,0
107,1,1,3,1.391,0,0,0.000,0,0,0,0,0,0,0,0
107,3,-4,0,0.731,0,0,0.000,0,0,0,0,0,0,0,0
107,-4,-1,3,1.481,0,0,0.000,0,0,0,0,0,0,0,0
107,-1,4,3,1.041,0,0,0.000,0,0,0,0,0,0,2,2
107,1,3,3,0.771,0,0,0.000,0,0,0,0,0,0,15,15
107,2,3,0,2.141,0,0,0.000,0,0,0,0,0,0,118,118
107,-2,-2,3,0.281,0,0,0.000,0,0,0,0,0,0,0,0
107,3,-3,0,1.231,0,0,0.000,0,0,0,0,0,0,0,0
107,-4,7,2,1.022,303,0,4.511,0,2,0,854,303,0,341,341
107,-1,-3,2,0.191,0,0,0.000,0,0,0,0,0,0,0,0
107,-5,7,2,4.023,49,0,2.363,0,1,0,579,49,0,295,295
107,-1,6,1,2.162,208,0,4.062,0,1,0,422,208,0,382,382
107,-3,5,3,1.132,0,0,0.000,0,1,0,2,0,0,2,2
107,-7,8,0,1.984,903,0,10.313,1,0,0,0,0,903,580,580
107,-3,6,3,1.321,2,0,2.002,0,1,0,17,2,0,148,148
107,-5,6,3,30.000,0,0,0.000,0,1,0,93,0,0,126,126
107,-4,2,3,0.211,0,0,0.000,0,0,0,0,0,0,0,0
107,-3,1,3,0.181,0,0,0.000,0,0,0,0,0,0,0,0
107,-6,5,0,0.692,0,0,0.000,0,1,0,7,0,0,26,26
107,1,-1,3,0.371,0,0,0.000,0,0,0,0,0,0,0,0
107,-4,1,3,0.251,0,0,0.000,0,0,0,0,0,0,0,0
107,-5,2,2,0.351,0,0,0.000,0,0,0,0,0,0,0,0
107,-2,-3,0,0.511,0,0,0.000,0,0,0,0,0,0,0,0
107,1,-5,0,0.231,0,0,0.000,0,0,0,0,0,0,0,0
107,-7,7,0,3.051,213,0,5.181,1,0,0,0,0,213,425,425
107,2,1,2,0.531,0,0,0.000,0,0,0,0,0,0,0,0
108,1,-4,2,0.511,0,0,0.000,0,0,0,0,0,0,0,0
108,-3,0,3,0.211,0,0,0.000,0,0,0,0,0,0,0,0
108,-2,2,3,1.131,0,0,0.000,0,0,0,0,0,0,0,0
108,-1,-1,3,0.121,0,0,0.000,0,0,0,0,0,0,0,0
108,0,1,3,0.171,0,0,0.000,0,0,0,0,0,0,0,0
108,-5,3,2,1.601,0,0,0.000,0,0,0,0,0,0,0,0
108,-1,1,3,0.381,0,0,0.000,0,0,0,0,0,0,0,0
108,-2,-1,3,0.451,0,0,0.000,0,0,0,0,0,0,0,0
108,0,4,3,2.871,0,0,0.000,0,1,0,28,0,0,4,4
108,3,-6,0,0.941,0,0,0.000,0,0,0,0,0,0,0,0
108,-2,4,3,1.373,0,0,0.000,0,0,0,0,0,0,0,0
108,-2,0,3,0.211,0,0,0.000,0,0,0,0,0,0,0,0
108,0,2,3,0.581,0,0,0.000,0,0,0,0,0,0,0,0
108,-4,3,3,1.481,0,0,0.000,0,0,0,0,0,0,0,0
108,-5,9,0,3.701,1395,0,11.011,1,0,0,37,0,1395,317,317
108,-7,6,1,2.522,29,0,2.921,0,1,0,215,29,0,205,205
108,-3,2,3,0.841,0,0,0.000,0,0,0,0,0,0,0,0
108,2,-1,2,0.591,0,0,0.000,0,0,0,0,0,0,0,0
108,0,-4,1,0.381,0,0,0.000,0,0,0,0,0,0,0,0
108,-2,5,3,0.901,0,0,0.000,0,0,0,0,0,0,24,24
108,-4,6,3,1.671,0,0,0.000,0,4,0,951,0,0,56,56
108,-1,5,2,1.881,2,0,1.882,0,1,0,203,2,0,37,37
108,0,-3,2,0.331,0,0,0.000,0,0,0,0,0,0,0,0
108,-6,8,0,1.793,629,0,7.873,1,0,0,0,0,629,455,455
108,-1,-2,3,0.441,0,0,0.000,0,0,0,0,0,0,0,0
108,-2,3,3,0.181,0,0,0.000,0,0,0,0,0,0,0,0
108,-4,5,3,1.311,0,0,0.000,0,1,0,1,0,0,0,0
108,1,-3,3,0.201,0,0,0.000,0,0,0,0,0,0,0,0
108,0,-2,3,0.171,0,0,0.000,0,0,0,0,0,0,0,0
108,0,3,3,2.233,0,0,0.000,0,0,0,0,0,0,0,0
108,-6,6,2,1.622,2,0,2.621,0,1,0,29,2,0,28,28
108,-2,6,2,3.362,22,0,3.882,0,1,0,417,22,0,257,257
108,-3,3,3,0.411,0,0,0.000,0,0,0,0,0,0,0,0
108,2,-2,2,0.191,0,0,0.000,0,0,0,0,0,0,0,0
108,-4,-2,2,0.291,0,0,0.000,0,0,0,0,0,0,0,0
108,2,2,1,3.034,0,0,0.000,0,1,0,4,0,0,2,2
108,-5,1,0,0.801,0,0,0.000,0,0,0,0,0,0,0,0
108,2,-3,2,0.941,0,0,0.000,0,0,0,0,0,0,0,0
108,-4,0,2,0.911,0,0,0.000,0,0,0,0,0,0,0,0
108,-3,4,3,1.242,0,0,0.000,0,0,0,0,0,0,0,0
108,-4,8,1,4.771,636,0,6.601,0,1,0,39,636,0,375,375
108,1,2,2,0.513,0,0,0.000,0,0,0,0,0,0,0,0
108,-6,2,0,1.091,0,0,0.000,0,0,0,0,0,0,0,0
108,-5,-2,0,2.231,0,0,0.000,0,0,0,0,0,0,0,0
108,3,1,1,15.501,0,0,0.000,0,0,0,0,0,0,1,1
108,-6,7,2,1.321,111,0,3.353,0,1,0,768,111,0,247,247
108,2,-4,2,0.541,0,0,0.000,0,0,0,0,0,0,0,0
108,-1,3,3,1.411,0,0,0.000,0,0,0,0,0,0,0,0
108,-1,2,3,0.471,0,0,0.000,0,0,0,0,0,0,0,0
108,-5,8,1,1.272,678,0,7.381,1,1,1,808,0,678,567,567
108,1,4,2,1.863,28,0,1.882,0,2,0,703,28,0,148,148
108,1,0,3,0.471,0,0,0.000,0,0,0,0,0,0,0,0
108,-2,1,3,1.291,0,0,0.000,0,0,0,0,0,0,0,0
108,-5,0,1,0.372,0,0,0.000,0,0,0,0,0,0,0,0
108,2,0,3,0.921,0,0,0.000,0,0,0,0,0,0,0,0
108,2,4,1,2.483,249,0,4.032,0,1,0,687,249,0,434,434
108,-6,3,0,1.291,0,0,0.000,0,0,0,0,0,0,0,0
108,3,0,0,0.751,0,0,0.000,0,0,0,0,0,0,2,2
108,-5,4,2,1.601,0,0,0.000,0,0,0,0,0,0,0,0
108,1,-2,3,30.000,0,0,0.000,0,0,0,0,0,0,0,0
108,-4,-3,0,1.871,0,0,0.000,0,0,0,0,0,0,0,0
108,3,-5,0,0.341,0,0,0.000,0,0,0,0,0,0,0,0
108,0,6,0,1.602,554,0,5.912,1,0,0,0,0,554,331,331
108,2,5,0,1.462,894,0,8.442,1,0,0,0,0,894,398,398
108,-3,7,0,2.401,203,0,6.652,1,0,0,0,0,203,347,347
108,-5,5,3,1.371,0,0,0.000,0,0,0,0,0,0,6,6
108,2,-5,1,0.161,0,0,0.000,0,0,0,0,0,0,0,0
108,4,-3,0,2.181,0,0,0.000,0,0,0,0,0,0,0,0
108,-3,-3,0,0.571,0,0,0.000,0,0,0,0,0,0,0,0
108,-3,-1,3,0.141,0,0,0.000,0,0,0,0,0,0,0,0
108,0,5,3,1.112,21,21,-1.000,0,0,0,0,0,0,114,114
108,0,0,3,0.251,0,0,0.000,0,0,0,0,0,0,0,0
108,3,-1,0,0.591,0,0,0.000,0,0,0,0,0,0,0,0
108,-1,-4,0,0.721,0,0,0.000,0,0,0,0,0,0,0,0
108,3,-2,1,0.411,0,0,0.000,0,0,0,0,0,0,0,0
108,1,5,0,1.962,463,0,6.772,1,0,0,0,0,463,425,425
108,-3,-2,2,0.181,0,0,0.000,0,0,0,0,0,0,0,0
108,-1,0,3,0.691,0,0,0.000,0,0,0,0,0,0,0,0
108,-5,-1,1,3.281,0,0,0.000,0,0,0,0,0,0,0,0
108,0,-1,3,0.321,0,0,0.000,0,0,0,0,0,0,0,0
108,-2,7,0,3.582,433,0,7.862,1,0,0,0,0,433,486,486
108,-6,4,1,0.861,0,0,0.000,0,0,0,0,0,0,1,1
108,-4,4,3,0.561,0,0,0.000,0,0,0,0,0,0,0,0
108,1,1,3,0.351,0,0,0.000,0,0,0,0,0,0,0,0
108,3,-4,0,0.251,0,0,0.000,0,0,0,0,0,0,0,0
108,-4,-1,3,0.363,0,0,0.000,0,0,0,0,0,0,0,0
108,-1,4,3,0.752,0,0,0.000,0,1,0,2,0,0,4,4
108,1,3,3,0.771,0,0,0.000,0,0,0,0,0,0,9,9
108,2,3,0,1.753,4,0,1.823,1,0,0,0,0,4,111,111
108,-2,-2,3,0.521,0,0,0.000,0,0,0,0,0,0,0,0
108,3,-3,0,0.611,0,0,0.000,0,0,0,0,0,0,0,0
108,-4,7,2,0.952,301,0,5.551,0,3,1,1271,247,54,309,309
108,-1,-3,2,1.191,0,0,0.000,0,0,0,0,0,0,0,0
108,-5,7,2,4.832,48,0,2.353,0,1,0,593,48,0,303,303
108,-1,6,1,2.762,203,0,3.822,0,1,0,420,203,0,400,400
108,-3,5,3,0.541,0,0,0.000,0,1,0,6,0,0,5,5
108,-7,8,0,2.123,867,0,9.933,1,0,0,0,0,867,617,617
108,-3,6,3,1.701,6,0,3.802,0,1,0,21,6,0,145,145
108,-5,6,3,1.462,1,0,2.263,0,1,0,110,1,0,122,122
108,-4,2,3,0.321,0,0,0.000,0,0,0,0,0,0,0,0
108,-3,1,3,0.751,0,0,0.000,0,0,0,0,0,0,0,0
108,-6,5,0,0.821,0,0,0.000,0,1,0,2,0,0,35,35
108,1,-1,3,0.751,0,0,0.000,0,0,0,0,0,0,0,0
108,-4,1,3,0.591,0,0,0.000,0,0,0,0,0,0,0,0
108,-5,2,2,0.351,0,0,0.000,0,0,0,0,0,0,0,0
108,-2,-3,0,0.331,0,0,0.000,0,0,0,0,0,0,0,0
108,1,-5,0,0.231,0,0,0.000,0,0,0,0,0,0,0,0
108,-7,7,0,2.511,223,0,4.741,1,0,0,0,0,223,436,436
108,2,1,2,1.071,0,0,0.000,0,0,0,0,0,0,0,0
109,1,-4,2,1.031,0,0,0.000,0,0,0,0,0,0,0,0
109,-3,0,3,1.511,0,0,0.000,0,0,0,0,0,0,0,0
109,-2,2,3,0.541,0,0,0.000,0,0,0,0,0,0,0,0
109,-1,-1,3,0.121,0,0,0.000,0,0,0,0,0,0,0,0
109,0,1,3,0.112,0,0,0.000,0,0,0,0,0,0,0,0
109,-5,3,2,0.681,0,0,0.000,0,0,0,0,0,0,0,0
109,-1,1,3,2.061,0,0,0.000,0,0,0,0,0,0,0,0
109,-2,-1,3,0.551,0,0,0.000,0,0,0,0,0,0,0,0
109,0,4,3,1.221,0,0,0.000,0,1,0,29,0,0,0,0
109,3,-6,0,0.231,0,0,0.000,0,0,0,0,0,0,0,0
109,-2,4,3,0.881,0,0,0.000,0,0,0,0,0,0,0,0
109,-2,0,3,0.211,0,0,0.000,0,0,0,0,0,0,0,0
109,0,2,3,1.381,0,0,0.000,0,0,0,0,0,0,0,0
109,-4,3,3,2.051,0,0,0.000,0,0,0,0,0,0,0,0
109,-5,9,0,1.001,1395,0,9.071,1,0,0,0,0,1395,332,332
109,-7,6,1,1.974,25,0,3.852,1,1,0,233,0,25,228,228
109,-3,2,3,0.761,0,0,0.000,0,0,0,0,0,0,0,0
109,2,-1,2,0.591,0,0,0.000,0,0,0,0,0,0,0,0
109,0,-4,1,0.381,0,0,0.000,0,0,0,0,0,0,0,0
109,-2,5,3,1.381,0,0,0.000,0,0,0,0,0,0,25,25
109,-4,6,3,1.191,0,0,0.000,0,3,0,708,0,0,60,60
109,-1,5,2,0.831,0,0,0.000,0,1,0,202,0,0,42,42
109,0,-3,2,0.271,0,0,0.000,0,0,0,0,0,0,0,0
109,-6,8,0,2.193,617,0,8.093,1,0,0,0,0,617,514,514
109,-1,-2,3,0.441,0,0,0.000,0,0,0,0,0,0,0,0
109,-2,3,3,0.181,0,0,0.000,0,0,0,0,0,0,0,0
109,-4,5,3,0.882,0,0,0.000,0,0,0,0,0,0,0,0
109,1,-3,3,0.201,0,0,0.000,0,0,0,0,0,0,0,0
109,0,-2,3,0.141,0,0,0.000,0,0,0,0,0,0,0,0
109,0,3,3,0.574,0,0,0.000,0,0,0,0,0,0,0,0
109,-6,6,2,1.452,2,0,3.522,0,1,1,25,0,2,36,36
109,-2,6,2,2.721,16,0,1.951,0,1,0,417,16,0,255,255
109,-3,3,3,0.411,0,0,0.000,0,0,0,0,0,0,0,0
109,2,-2,2,0.391,0,0,0.000,0,0,0,0,0,0,0,0
109,-4,-2,2,0.421,0,0,0.000,0,0,0,0,0,0,0,0
109,2,2,1,1.141,0,0,0.000,0,1,0,3,0,0,1,1
109,-5,1,0,0.561,0,0,0.000,0,0,0,0,0,0,0,0
109,2,-3,2,1.361,0,0,0.000,0,0,0,0,0,0,0,0
109,-4,0,2,0.221,0,0,0.000,0,0,0,0,0,0,0,0
109,-3,4,3,1.301,0,0,0.000,0,0,0,0,0,0,0,0
109,-4,8,1,7.411,620,0,7.062,0,1,0,59,620,0,370,370
109,1,2,2,1.013,0,0,0.000,0,0,0,0,0,0,0,0
109,-6,2,0,0.742,0,0,0.000,0,0,0,0,0,0,0,0
109,-5,-2,0,1.511,0,0,0.000,0,0,0,0,0,0,0,0
109,3,1,1,1.041,0,0,0.000,0,0,0,0,0,0,0,0
109,-6,7,2,1.512,90,0,3.251,0,1,0,800,90,0,242,242
109,2,-4,2,0.591,0,0,0.000,0,0,0,0,0,0,0,0
109,-1,3,3,1.281,0,0,0.000,0,0,0,0,0,0,0,0
109,-1,2,3,0.311,0,0,0.000,0,0,0,0,0,0,0,0
109,-5,8,1,1.151,644,0,5.221,0,1,0,791,644,0,583,583
109,1,4,2,2.373,29,0,2.522,0,2,0,745,29,0,151,151
109,1,0,3,0.461,0,0,0.000,0,0,0,0,0,0,0,0
109,-2,1,3,0.611,0,0,0.000,0,0,0,0,0,0,0,0
109,-5,0,1,0.552,0,0,0.000,0,0,0,0,0,0,0,0
109,2,0,3,0.921,0,0,0.000,0,0,0,0,0,0,0,0
109,2,4,1,1.464,263,0,4.842,0,1,0,665,263,0,443,443
109,-6,3,0,0.861,0,0,0.000,0,0,0,0,0,0,0,0
109,3,0,0,3.031,0,0,0.000,0,0,0,0,0,0,3,3
109,-5,4,2,0.911,0,0,0.000,0,0,0,0,0,0,0,0
109,1,-2,3,0.451,0,0,0.000,0,0,0,0,0,0,0,0
109,-4,-3,0,0.711,0,0,0.000,0,0,0,0,0,0,0,0
109,3,-5,0,0.341,0,0,0.000,0,0,0,0,0,0,0,0
109,0,6,0,1.682,564,0,5.992,1,0,0,0,0,564,346,346
109,2,5,0,2.092,885,0,8.852,1,0,0,0,0,885,410,410
109,-3,7,0,3.062,217,0,7.112,1,0,0,0,0,217,311,311
109,-5,5,3,0.793,0,0,0.000,0,0,0,0,0,0,6,6
109,2,-5,1,1.141,0,0,0.000,0,0,0,0,0,0,0,0
109,4,-3,0,2.501,0,0,0.000,0,0,0,0,0,0,0,0
109,-3,-3,0,0.112,0,0,0.000,0,0,0,0,0,0,0,0
109,-3,-1,3,0.231,0,0,0.000,0,0,0,0,0,0,0,0
109,0,5,3,1.752,51,51,-1.000,0,0,0,0,0,0,122,122
109,0,0,3,1.231,0,0,0.000,0,0,0,0,0,0,0,0
109,3,-1,0,0.431,0,0,0.000,0,0,0,0,0,0,0,0
109,-1,-4,0,0.151,0,0,0.000,0,0,0,0,0,0,0,0
109,3,-2,1,0.411,0,0,0.000,0,0,0,0,0,0,0,0
109,1,5,0,2.862,488,0,7.922,1,0,0,0,0,488,409,409
109,-3,-2,2,3.031,0,0,0.000,0,0,0,0,0,0,0,0
109,-1,0,3,11.601,0,0,0.000,0,0,0,0,0,0,0,0
109,-5,-1,1,2.371,0,0,0.000,0,0,0,0,0,0,0,0
109,0,-1,3,0.411,0,0,0.000,0,0,0,0,0,0,0,0
109,-2,7,0,1.691,428,0,5.971,1,0,0,0,0,428,473,473
109,-6,4,1,1.141,0,0,0.000,0,0,0,0,0,0,2,2
109,-4,4,3,0.371,0,0,0.000,0,0,0,0,0,0,0,0
109,1,1,3,0.191,0,0,0.000,0,0,0,0,0,0,0,0
109,3,-4,0,4.111,0,0,0.000,0,0,0,0,0,0,0,0
109,-4,-1,3,1.091,0,0,0.000,0,0,0,0,0,0,0,0
109,-1,4,3,2.941,0,0,0.000,0,0,0,0,0,0,8,8
109,1,3,3,2.211,0,0,0.000,0,0,0,0,0,0,13,13
109,2,3,0,1.701,3,0,1.761,1,0,0,0,0,3,110,110
109,-2,-2,3,3.511,0,0,0.000,0,0,0,0,0,0,0,0
109,3,-3,0,0.991,0,0,0.000,0,0,0,0,0,0,0,0
109,-4,7,2,1.131,326,0,4.441,0,2,0,796,326,0,297,297
109,-1,-3,2,0.391,0,0,0.000,0,0,0,0,0,0,0,0
109,-5,7,2,5.102,56,0,2.853,0,1,0,575,56,0,285,285
109,-1,6,1,2.962,202,0,3.892,0,1,0,420,202,0,407,407
109,-3,5,3,1.001,0,0,0.000,0,1,0,4,0,0,4,4
109,-7,8,0,2.231,883,0,10.361,1,0,0,0,0,883,597,597
109,-3,6,3,1.131,4,0,1.881,0,1,0,16,4,0,166,166
109,-5,6,3,7.972,0,0,0.000,0,1,0,90,0,0,129,129
109,-4,2,3,2.081,0,0,0.000,0,0,0,0,0,0,0,0
109,-3,1,3,0.371,0,0,0.000,0,0,0,0,0,0,0,0
109,-6,5,0,1.772,0,0,0.000,0,0,0,0,0,0,35,35
109,1,-1,3,0.181,0,0,0.000,0,0,0,0,0,0,0,0
109,-4,1,3,0.191,0,0,0.000,0,0,0,0,0,0,0,0
109,-5,2,2,2.331,0,0,0.000,0,0,0,0,0,0,0,0
109,-2,-3,0,1.751,0,0,0.000,0,0,0,0,0,0,0,0
109,1,-5,0,0.111,0,0,0.000,0,0,0,0,0,0,0,0
109,-7,7,0,3.951,231,0,6.341,1,0,0,0,0,231,397,397
109,2,1,2,0.531,0,0,0.000,0,0,0,0,0,0,0,0
110,1,-4,2,0.251,0,0,0.000,0,0,0,0,0,0,0,0
110,-3,0,3,0.571,0,0,0.000,0,0,0,0,0,0,0,0
110,-2,2,3,0.541,0,0,0.000,0,0,0,0,0,0,0,0
110,-1,-1,3,0.251,0,0,0.000,0,0,0,0,0,0,0,0
110,0,1,3,0.151,0,0,0.000,0,0,0,0,0,0,0,0
110,-5,3,2,1.601,0,0,0.000,0,0,0,0,0,0,0,0
110,-1,1,3,0.591,0,0,0.000,0,0,0,0,0,0,0,0
110,-2,-1,3,0.451,0,0,0.000,0,0,0,0,0,0,0,0
110,0,4,3,1.431,0,0,0.000,0,2,0,46,0,0,2,2
110,3,-6,0,0.721,0,0,0.000,0,0,0,0,0,0,0,0
110,-2,4,3,2.261,0,0,0.000,0,0,0,0,0,0,0,0
110,-2,0,3,0.211,0,0,0.000,0,0,0,0,0,0,0,0
110,0,2,3,0.381,0,0,0.000,0,0,0,0,0,0,0,0
110,-4,3,3,0.341,0,0,0.000,0,0,0,0,0,0,0,0
110,-5,9,0,1.753,1406,0,9.933,1,0,0,0,0,1406,290,290
110,-7,6,1,1.531,33,0,3.691,1,1,0,211,33,0,224,224
110,-3,2,3,0.161,0,0,0.000,0,0,0,0,0,0,0,0
110,2,-1,2,1.881,0,0,0.000,0,0,0,0,0,0,0,0
110,0,-4,1,0.411,0,0,0.000,0,0,0,0,0,0,0,0
110,-2,5,3,1.541,0,0,0.000,0,0,0,0,0,0,35,35
110,-4,6,3,2.242,1,0,1.963,0,3,0,677,1,0,68,68
110,-1,5,2,2.511,0,0,0.000,0,1,0,205,0,0,33,33
110,0,-3,2,0.171,0,0,0.000,0,0,0,0,0,0,0,0
110,-6,8,0,2.193,623,0,8.323,1,0,0,0,0,623,483,483
110,-1,-2,3,0.671,0,0,0.000,0,0,0,0,0,0,0,0
110,-2,3,3,0.561,0,0,0.000,0,0,0,0,0,0,0,0
110,-4,5,3,0.702,0,0,0.000,0,1,0,1,0,0,0,0
110,1,-3,3,0.201,0,0,0.000,0,0,0,0,0,0,0,0
110,0,-2,3,0.681,0,0,0.000,0,0,0,0,0,0,0,0
110,0,3,3,0.761,0,0,0.000,0,0,0,0,0,0,0,0
110,-6,6,2,1.282,3,0,3.352,0,2,1,66,0,3,31,31
110,-2,6,2,2.323,20,0,3.241,0,1,0,409,20,0,237,237
110,-3,3,3,0.411,0,0,0.000,0,0,0,0,0,0,0,0
110,2,-2,2,0.191,0,0,0.000,0,0,0,0,0,0,0,0
110,-4,-2,2,1.351,0,0,0.000,0,0,0,0,0,0,0,0
110,2,2,1,0.662,0,0,0.000,0,1,0,2,0,0,3,3
110,-5,1,0,2.561,0,0,0.000,0,0,0,0,0,0,0,0
110,2,-3,2,0.241,0,0,0.000,0,0,0,0,0,0,0,0
110,-4,0,2,0.451,0,0,0.000,0,0,0,0,0,0,0,0
110,-3,4,3,1.461,0,0,0.000,0,0,0,0,0,0,0,0
110,-4,8,1,3.091,621,0,6.072,0,1,0,55,621,0,371,371
110,1,2,2,1.532,0,0,0.000,0,0,0,0,0,0,0,0
110,-6,2,0,1.091,0,0,0.000,0,0,0,0,0,0,0,0
110,-5,-2,0,1.031,0,0,0.000,0,0,0,0,0,0,0,0
110,3,1,1,1.972,0,0,0.000,0,0,0,0,0,0,1,1
110,-6,7,2,1.321,94,0,2.311,0,1,0,814,94,0,267,267
110,2,-4,2,0.431,0,0,0.000,0,0,0,0,0,0,0,0
110,-1,3,3,0.431,0,0,0.000,0,0,0,0,0,0,0,0
110,-1,2,3,0.311,0,0,0.000,0,0,0,0,0,0,0,0
110,-5,8,1,1.321,641,0,6.013,0,1,0,802,641,0,574,574
110,1,4,2,1.693,23,0,3.903,0,2,1,728,18,5,153,153
110,1,0,3,0.161,0,0,0.000,0,0,0,0,0,0,0,0
110,-2,1,3,2.561,0,0,0.000,0,0,0,0,0,0,0,0
110,-5,0,1,1.982,0,0,0.000,0,0,0,0,0,0,0,0
110,2,0,3,0.921,0,0,0.000,0,0,0,0,0,0,0,0
110,2,4,1,1.463,274,0,6.353,0,1,1,649,233,41,416,416
110,-6,3,0,0.651,0,0,0.000,0,0,0,0,0,0,1,1
110,3,0,0,0.751,0,0,0.000,0,0,0,0,0,0,2,2
110,-5,4,2,0.933,0,0,0.000,0,0,0,0,0,0,0,0
110,1,-2,3,0.451,0,0,0.000,0,0,0,0,0,0,0,0
110,-4,-3,0,1.461,0,0,0.000,0,0,0,0,0,0,0,0
110,3,-5,0,0.341,0,0,0.000,0,0,0,0,0,0,0,0
110,0,6,0,1.372,592,0,5.832,1,0,0,0,0,592,364,364
110,2,5,0,3.911,881,0,10.133,1,0,0,42,0,881,394,394
110,-3,7,0,1.962,225,0,6.122,1,0,0,0,0,225,345,345
110,-5,5,3,1.192,0,0,0.000,0,0,0,0,0,0,6,6
110,2,-5,1,1.341,0,0,0.000,0,0,0,0,0,0,0,0
110,4,-3,0,0.431,0,0,0.000,0,0,0,0,0,0,0,0
110,-3,-3,0,0.211,0,0,0.000,0,0,0,0,0,0,0,0
110,-3,-1,3,0.111,0,0,0.000,0,0,0,0,0,0,0,0
110,0,5,3,1.753,47,47,-1.000,0,0,0,0,0,0,114,114
110,0,0,3,0.381,0,0,0.000,0,0,0,0,0,0,0,0
110,3,-1,0,0.431,0,0,0.000,0,0,0,0,0,0,0,0
110,-1,-4,0,0.301,0,0,0.000,0,0,0,0,0,0,0,0
110,3,-2,1,0.411,0,0,0.000,0,0,0,0,0,0,0,0
110,1,5,0,9.032,482,0,8.533,1,0,0,5,0,482,404,404
110,-3,-2,2,0.411,0,0,0.000,0,0,0,0,0,0,0,0
110,-1,0,3,0.211,0,0,0.000,0,0,0,0,0,0,0,0
110,-5,-1,1,2.091,0,0,0.000,0,0,0,0,0,0,0,0
110,0,-1,3,0.721,0,0,0.000,0,0,0,0,0,0,0,0
110,-2,7,0,2.951,424,0,7.151,1,0,0,0,0,424,433,433
110,-6,4,1,1.052,0,0,0.000,0,0,0,0,0,0,0,0
110,-4,4,3,1.511,0,0,0.000,0,0,0,0,0,0,0,0
110,1,1,3,0.291,0,0,0.000,0,0,0,0,0,0,0,0
110,3,-4,0,0.251,0,0,0.000,0,0,0,0,0,0,0,0
110,-4,-1,3,0.353,0,0,0.000,0,0,0,0,0,0,0,0
110,-1,4,3,0.752,0,0,0.000,0,0,0,0,0,0,1,1
110,1,3,3,1.251,0,0,0.000,0,0,0,0,0,0,8,8
110,2,3,0,1.973,2,0,2.023,1,0,0,0,0,2,106,106
110,-2,-2,3,0.371,0,0,0.000,0,0,0,0,0,0,0,0
110,3,-3,0,0.231,0,0,0.000,0,0,0,0,0,0,0,0
110,-4,7,2,0.951,322,0,5.143,0,2,0,811,322,0,314,314
110,-1,-3,2,3.191,0,0,0.000,0,0,0,0,0,0,0,0
110,-5,7,2,2.943,35,0,2.623,0,1,0,598,35,0,279,279
110,-1,6,1,2.162,205,0,3.612,0,1,0,435,205,0,406,406
110,-3,5,3,1.801,0,0,0.000,0,1,0,3,0,0,4,4
110,-7,8,0,1.251,899,0,9.521,1,0,0,0,0,899,603,603
110,-3,6,3,2.842,3,0,3.131,0,1,0,20,3,0,149,149
110,-5,6,3,1.341,0,0,0.000,0,1,0,94,0,0,135,135
110,-4,2,3,0.211,0,0,0.000,0,0,0,0,0,0,0,0
110,-3,1,3,0.751,0,0,0.000,0,0,0,0,0,0,0,0
110,-6,5,0,0.681,0,0,0.000,0,1,0,3,0,0,33,33
110,1,-1,3,0.181,0,0,0.000,0,0,0,0,0,0,0,0
110,-4,1,3,0.791,0,0,0.000,0,0,0,0,0,0,0,0
110,-5,2,2,0.171,0,0,0.000,0,0,0,0,0,0,0,0
110,-2,-3,0,0.311,0,0,0.000,0,0,0,0,0,0,0,0
110,1,-5,0,0.351,0,0,0.000,0,0,0,0,0,0,0,0
110,-7,7,0,3.231,224,0,5.391,1,0,0,0,0,224,393,393
110,2,1,2,0.351,0,0,0.000,0,0,0,0,0,0,0,0
111,1,-4,2,0.291,0,0,0.000,0,0,0,0,0,0,0,0
111,-3,0,3,0.631,0,0,0.000,0,0,0,0,0,0,0,0
111,-2,2,3,1.841,0,0,0.000,0,0,0,0,0,0,0,0
111,-1,-1,3,0.121,0,0,0.000,0,0,0,0,0,0,0,0
111,0,1,3,0.112,0,0,0.000,0,0,0,0,0,0,0,0
111,-5,3,2,0.451,0,0,0.000,0,0,0,0,0,0,0,0
111,-1,1,3,0.201,0,0,0.000,0,0,0,0,0,0,0,0
111,-2,-1,3,0.181,0,0,0.000,0,0,0,0,0,0,0,0
111,0,4,3,1.431,0,0,0.000,0,2,0,52,0,0,0,0
111,3,-6,0,1.181,0,0,0.000,0,0,0,0,0,0,0,0
111,-2,4,3,0.651,0,0,0.000,0,0,0,0,0,0,0,0
111,-2,0,3,0.431,0,0,0.000,0,0,0,0,0,0,0,0
111,0,2,3,0.381,0,0,0.000,0,0,0,0,0,0,0,0
111,-4,3,3,1.291,0,0,0.000,0,0,0,0,0,0,0,0
111,-5,9,0,1.301,1432,0,9.771,1,0,0,0,0,1432,305,305
111,-7,6,1,1.382,31,0,3.321,0,1,0,195,31,0,212,212
111,-3,2,3,0.161,0,0,0.000,0,0,0,0,0,0,0,0
111,2,-1,2,0.591,0,0,0.000,0,0,0,0,0,0,0,0
111,0,-4,1,0.381,0,0,0.000,0,0,0,0,0,0,0,0
111,-2,5,3,2.341,1,1,-1.000,0,0,0,0,0,0,48,48
111,-4,6,3,1.191,0,0,0.000,0,3,0,664,0,0,65,65
111,-1,5,2,1.251,0,0,0.000,0,1,0,218,0,0,41,41
111,0,-3,2,0.781,0,0,0.000,0,0,0,0,0,0,0,0
111,-6,8,0,2.993,622,0,8.913,1,0,0,0,0,622,529,529
111,-1,-2,3,0.441,0,0,0.000,0,0,0,0,0,0,0,0
111,-2,3,3,0.751,0,0,0.000,0,0,0,0,0,0,0,0
111,-4,5,3,1.091,0,0,0.000,0,0,0,0,0,0,0,0
111,1,-3,3,0.831,0,0,0.000,0,0,0,0,0,0,0,0
111,0,-2,3,0.231,0,0,0.000,0,0,0,0,0,0,0,0
111,0,3,3,1.311,0,0,0.000,0,0,0,0,0,0,0,0
111,-6,6,2,1.962,4,0,3.001,0,1,0,31,4,0,39,39
111,-2,6,2,3.762,23,0,2.062,0,1,0,411,23,0,222,222
111,-3,3,3,0.411,0,0,0.000,0,0,0,0,0,0,0,0
111,2,-2,2,1.021,0,0,0.000,0,0,0,0,0,0,0,0
111,-4,-2,2,0.441,0,0,0.000,0,0,0,0,0,0,0,0
111,2,2,1,0.634,0,0,0.000,0,1,0,1,0,0,1,1
111,-5,1,0,0.361,0,0,0.000,0,0,0,0,0,0,0,0
111,2,-3,2,0.131,0,0,0.000,0,0,0,0,0,0,0,0
111,-4,0,2,0.681,0,0,0.000,0,0,0,0,0,0,0,0
111,-3,4,3,0.421,0,0,0.000,0,0,0,0,0,0,0,0
111,-4,8,1,3.811,623,0,6.122,0,1,0,38,623,0,413,413
111,1,2,2,1.081,0,0,0.000,0,0,0,0,0,0,0,0
111,-6,2,0,1.311,0,0,0.000,0,0,0,0,0,0,1,1
111,-5,-2,0,1.031,0,0,0.000,0,0,0,0,0,0,0,0
111,3,1,1,2.271,0,0,0.000,0,0,0,0,0,0,4,4
111,-6,7,2,1.903,93,0,2.034,0,1,0,795,93,0,228,228
111,2,-4,2,0.901,0,0,0.000,0,0,0,0,0,0,0,0
111,-1,3,3,0.471,0,0,0.000,0,0,0,0,0,0,0,0
111,-1,2,3,2.551,0,0,0.000,0,0,0,0,0,0,0,0
111,-5,8,1,1.831,629,0,5.441,0,1,0,831,629,0,578,578
111,1,4,2,2.033,26,0,2.001,0,2,0,688,26,0,147,147
111,1,0,3,3.691,0,0,0.000,0,0,0,0,0,0,0,0
111,-2,1,3,0.611,0,0,0.000,0,0,0,0,0,0,0,0
111,-5,0,1,0.801,0,0,0.000,0,0,0,0,0,0,0,0
111,2,0,3,0.921,0,0,0.000,0,0,0,0,0,0,0,0
111,2,4,1,2.483,259,0,4.241,0,1,0,698,259,0,439,439
111,-6,3,0,1.601,0,0,0.000,0,0,0,0,0,0,0,0
111,3,0,0,0.751,0,0,0.000,0,0,0,0,0,0,3,3
111,-5,4,2,0.451,0,0,0.000,0,0,0,0,0,0,0,0
111,1,-2,3,0.451,0,0,0.000,0,0,0,0,0,0,0,0
111,-4,-3,0,3.791,0,0,0.000,0,0,0,0,0,0,0,0
111,3,-5,0,0.341,0,0,0.000,0,0,0,0,0,0,0,0
111,0,6,0,1.602,543,0,5.582,1,0,0,0,0,543,379,379
111,2,5,0,1.601,915,0,8.691,1,0,0,0,0,915,411,411
111,-3,7,0,1.962,210,0,6.172,1,0,0,0,0,210,355,355
111,-5,5,3,1.371,0,0,0.000,0,0,0,0,0,0,7,7
111,2,-5,1,0.461,0,0,0.000,0,0,0,0,0,0,0,0
111,4,-3,0,0.921,0,0,0.000,0,0,0,0,0,0,0,0
111,-3,-3,0,0.112,0,0,0.000,0,0,0,0,0,0,0,0
111,-3,-1,3,0.111,0,0,0.000,0,0,0,0,0,0,0,0
111,0,5,3,2.072,43,43,-1.000,0,0,0,0,0,0,110,110
111,0,0,3,0.971,0,0,0.000,0,0,0,0,0,0,0,0
111,3,-1,0,0.281,0,0,0.000,0,0,0,0,0,0,0,0
111,-1,-4,0,0.151,0,0,0.000,0,0,0,0,0,0,0,0
111,3,-2,1,0.201,0,0,0.000,0,0,0,0,0,0,0,0
111,1,5,0,1.782,458,0,6.372,1,0,0,0,0,458,445,445
111,-3,-2,2,0.181,0,0,0.000,0,0,0,0,0,0,0,0
111,-1,0,3,0.691,0,0,0.000,0,0,0,0,0,0,0,0
111,-5,-1,1,1.801,0,0,0.000,0,0,0,0,0,0,0,0
111,0,-1,3,0.571,0,0,0.000,0,0,0,0,0,0,0,0
111,-2,7,0,1.742,430,0,5.962,1,0,0,0,0,430,477,477
111,-6,4,1,1.091,0,0,0.000,0,0,0,0,0,0,0,0
111,-4,4,3,0.751,0,0,0.000,0,0,0,0,0,0,0,0
111,1,1,3,0.951,0,0,0.000,0,0,0,0,0,0,0,0
111,3,-4,0,0.251,0,0,0.000,0,0,0,0,0,0,0,0
111,-4,-1,3,0.731,0,0,0.000,0,0,0,0,0,0,0,0
111,-1,4,3,1.452,0,0,0.000,0,0,0,0,0,0,4,4
111,1,3,3,0.771,0,0,0.000,0,0,0,0,0,0,15,15
111,2,3,0,3.463,1,0,3.483,1,0,0,0,0,1,129,129
111,-2,-2,3,0.181,0,0,0.000,0,0,0,0,0,0,0,0
111,3,-3,0,1.631,0,0,0.000,0,0,0,0,0,0,0,0
111,-4,7,2,1.142,304,0,4.531,0,2,0,804,304,0,340,340
111,-1,-3,2,0.191,0,0,0.000,0,0,0,0,0,0,0,0
111,-5,7,2,12.662,56,0,3.673,0,1,0,577,56,0,299,299
111,-1,6,1,1.962,218,0,3.972,0,1,0,387,218,0,392,392
111,-3,5,3,1.521,0,0,0.000,0,1,0,4,0,0,4,4
111,-7,8,0,0.974,880,0,9.054,1,0,0,0,0,880,582,582
111,-3,6,3,1.321,4,0,1.942,0,1,0,23,4,0,148,148
111,-5,6,3,1.462,0,0,0.000,0,1,0,93,0,0,130,130
111,-4,2,3,0.321,0,0,0.000,0,0,0,0,0,0,0,0
111,-3,1,3,0.521,0,0,0.000,0,0,0,0,0,0,0,0
111,-6,5,0,8.102,0,0,0.000,0,1,0,4,0,0,31,31
111,1,-1,3,0.191,0,0,0.000,0,0,0,0,0,0,0,0
111,-4,1,3,0.391,0,0,0.000,0,0,0,0,0,0,0,0
111,-5,2,2,0.411,0,0,0.000,0,0,0,0,0,0,0,0
111,-2,-3,0,0.171,0,0,0.000,0,0,0,0,0,0,0,0
111,1,-5,0,0.591,0,0,0.000,0,0,0,0,0,0,0,0
111,-7,7,0,2.871,205,0,4.901,1,0,0,0,0,205,431,431
111,2,1,2,0.891,0,0,0.000,0,0,0,0,0,0,0,0
112,1,-4,2,1.811,0,0,0.000,0,0,0,0,0,0,0,0
112,-3,0,3,2.171,0,0,0.000,0,0,0,0,0,0,0,0
112,-2,2,3,0.541,0,0,0.000,0,0,0,0,0,0,0,0
112,-1,-1,3,0.251,0,0,0.000,0,0,0,0,0,0,0,0
112,0,1,3,0.271,0,0,0.000,0,0,0,0,0,0,0,0
112,-5,3,2,0.681,0,0,0.000,0,0,0,0,0,0,0,0
112,-1,1,3,0.201,0,0,0.000,0,0,0,0,0,0,0,0
112,-2,-1,3,0.461,0,0,0.000,0,0,0,0,0,0,0,0
112,0,4,3,1.911,0,0,0.000,0,1,0,28,0,0,0,0
112,3,-6,0,0.281,0,0,0.000,0,0,0,0,0,0,0,0
112,-2,4,3,0.881,0,0,0.000,0,0,0,0,0,0,0,0
112,-2,0,3,1.531,0,0,0.000,0,0,0,0,0,0,0,0
112,0,2,3,0.981,0,0,0.000,0,0,0,0,0,0,0,0
112,-4,3,3,1.291,0,0,0.000,0,0,0,0,0,0,0,0
112,-5,9,0,1.151,1399,0,9.301,1,0,0,0,0,1399,306,306
112,-7,6,1,1.531,31,0,4.051,0,1,1,208,12,19,214,214
112,-3,2,3,0.161,0,0,0.000,0,0,0,0,0,0,0,0
112,2,-1,2,0.291,0,0,0.000,0,0,0,0,0,0,0,0
112,0,-4,1,0.591,0,0,0.000,0,0,0,0,0,0,0,0
112,-2,5,3,1.541,0,0,0.000,0,0,0,0,0,0,42,42
112,-4,6,3,1.671,0,0,0.000,0,3,0,631,0,0,53,53
112,-1,5,2,1.671,0,0,0.000,0,1,0,189,0,0,46,46
112,0,-3,2,0.501,0,0,0.000,0,0,0,0,0,0,0,0
112,-6,8,0,3.413,607,0,9.313,1,0,0,0,0,607,518,518
112,-1,-2,3,0.221,0,0,0.000,0,0,0,0,0,0,0,0
112,-2,3,3,0.371,0,0,0.000,0,0,0,0,0,0,0,0
112,-4,5,3,0.681,0,0,0.000,0,0,0,0,0,0,0,0
112,1,-3,3,0.671,0,0,0.000,0,0,0,0,0,0,0,0
112,0,-2,3,0.281,0,0,0.000,0,0,0,0,0,0,0,0
112,0,3,3,0.781,0,0,0.000,0,0,0,0,0,0,0,0
112,-6,6,2,1.792,5,0,3.711,0,1,0,30,5,0,33,33
112,-2,6,2,2.721,22,0,4.351,0,1,0,400,22,0,250,250
112,-3,3,3,0.831,0,0,0.000,0,0,0,0,0,0,0,0
112,2,-2,2,0.271,0,0,0.000,0,0,0,0,0,0,0,0
112,-4,-2,2,1.351,0,0,0.000,0,0,0,0,0,0,0,0
112,2,2,1,1.942,0,0,0.000,0,0,0,0,0,0,3,3
112,-5,1,0,3.361,0,0,0.000,0,0,0,0,0,0,0,0
112,2,-3,2,0.241,0,0,0.000,0,0,0,0,0,0,0,0
112,-4,0,2,2.211,0,0,0.000,0,0,0,0,0,0,0,0
112,-3,4,3,0.531,0,0,0.000,0,0,0,0,0,0,0,0
112,-4,8,1,3.091,611,0,7.602,0,1,0,56,611,0,362,362
112,1,2,2,1.863,0,0,0.000,0,0,0,0,0,0,0,0
112,-6,2,0,0.871,0,0,0.000,0,0,0,0,0,0,0,0
112,-5,-2,0,0.791,0,0,0.000,0,0,0,0,0,0,0,0
112,3,1,1,1.251,0,0,0.000,0,0,0,0,0,0,2,2
112,-6,7,2,2.181,104,0,2.431,0,1,0,807,104,0,252,252
112,2,-4,2,0.901,0,0,0.000,0,0,0,0,0,0,0,0
112,-1,3,3,1.591,0,0,0.000,0,0,0,0,0,0,0,0
112,-1,2,3,0.471,0,0,0.000,0,0,0,0,0,0,0,0
112,-5,8,1,1.151,639,0,5.491,0,1,0,799,639,0,566,566
112,1,4,2,4.432,28,0,4.541,0,2,0,742,28,0,140,140
112,1,0,3,1.141,0,0,0.000,0,0,0,0,0,0,0,0
112,-2,1,3,0.631,0,0,0.000,0,0,0,0,0,0,0,0
112,-5,0,1,0.531,0,0,0.000,0,0,0,0,0,0,0,0
112,2,0,3,2.471,0,0,0.000,0,0,0,0,0,0,0,0
112,2,4,1,2.724,277,0,6.971,0,1,0,669,277,0,426,426
112,-6,3,0,0.651,0,0,0.000,0,0,0,0,0,0,0,0
112,3,0,0,1.321,0,0,0.000,0,0,0,0,0,0,0,0
112,-5,4,2,0.681,0,0,0.000,0,0,0,0,0,0,0,0
112,1,-2,3,1.601,0,0,0.000,0,0,0,0,0,0,0,0
112,-4,-3,0,1.921,0,0,0.000,0,0,0,0,0,0,0,0
112,3,-5,0,0.171,0,0,0.000,0,0,0,0,0,0,0,0
112,0,6,0,1.372,547,0,5.652,1,0,0,0,0,547,356,356
112,2,5,0,4.121,910,0,10.921,1,0,0,0,0,910,386,386
112,-3,7,0,3.502,216,0,7.652,1,0,0,0,0,216,338,338
112,-5,5,3,1.371,0,0,0.000,0,0,0,0,0,0,2,2
112,2,-5,1,1.181,0,0,0.000,0,0,0,0,0,0,0,0
112,4,-3,0,0.431,0,0,0.000,0,0,0,0,0,0,0,0
112,-3,-3,0,0.112,0,0,0.000,0,0,0,0,0,0,0,0
112,-3,-1,3,0.501,0,0,0.000,0,0,0,0,0,0,0,0
112,0,5,3,1.122,58,58,-1.000,0,0,0,0,0,0,108,108
112,0,0,3,0.251,0,0,0.000,0,0,0,0,0,0,0,0
112,3,-1,0,0.431,0,0,0.000,0,0,0,0,0,0,0,0
112,-1,-4,0,0.301,0,0,0.000,0,0,0,0,0,0,0,0
112,3,-2,1,0.831,0,0,0.000,0,0,0,0,0,0,0,0
112,1,5,0,5.432,475,0,10.362,1,0,0,0,0,475,404,404
112,-3,-2,2,0.561,0,0,0.000,0,0,0,0,0,0,0,0
112,-1,0,3,0.381,0,0,0.000,0,0,0,0,0,0,0,0
112,-5,-1,1,0.982,0,0,0.000,0,0,0,0,0,0,0,0
112,0,-1,3,0.971,0,0,0.000,0,0,0,0,0,0,0,0
112,-2,7,0,4.051,414,0,8.161,1,0,0,0,0,414,486,486
112,-6,4,1,0.822,0,0,0.000,0,0,0,0,0,0,0,0
112,-4,4,3,1.891,0,0,0.000,0,0,0,0,0,0,0,0
112,1,1,3,0.591,0,0,0.000,0,0,0,0,0,0,0,0
112,3,-4,0,0.471,0,0,0.000,0,0,0,0,0,0,0,0
112,-4,-1,3,8.091,0,0,0.000,0,0,0,0,0,0,0,0
112,-1,4,3,1.041,0,0,0.000,0,0,0,0,0,0,6,6
112,1,3,3,1.411,0,0,0.000,0,0,0,0,0,0,12,12
112,2,3,0,1.484,0,0,0.000,0,0,0,0,0,0,111,111
112,-2,-2,3,0.181,0,0,0.000,0,0,0,0,0,0,0,0
112,3,-3,0,0.991,0,0,0.000,0,0,0,0,0,0,0,0
112,-4,7,2,3.431,294,0,4.271,0,2,0,818,294,0,310,310
112,-1,-3,2,0.391,0,0,0.000,0,0,0,0,0,0,0,0
112,-5,7,2,3.213,43,0,3.923,0,1,0,575,43,0,294,294
112,-1,6,1,1.962,189,0,3.452,0,1,0,417,189,0,370,370
112,-3,5,3,1.101,0,0,0.000,0,1,0,4,0,0,10,10
112,-7,8,0,1.251,901,0,9.451,1,0,0,0,0,901,588,588
112,-3,6,3,2.081,4,0,4.241,0,1,0,21,4,0,139,139
112,-5,6,3,1.252,0,0,0.000,0,1,0,104,0,0,134,134
112,-4,2,3,0.321,0,0,0.000,0,0,0,0,0,0,0,0
112,-3,1,3,0.271,0,0,0.000,0,0,0,0,0,0,0,0
112,-6,5,0,2.221,0,0,0.000,0,1,0,5,0,0,36,36
112,1,-1,3,0.561,0,0,0.000,0,0,0,0,0,0,0,0
112,-4,1,3,0.811,0,0,0.000,0,0,0,0,0,0,0,0
112,-5,2,2,0.771,0,0,0.000,0,0,0,0,0,0,0,0
112,-2,-3,0,0.311,0,0,0.000,0,0,0,0,0,0,0,0
112,1,-5,0,0.831,0,0,0.000,0,0,0,0,0,0,0,0
112,-7,7,0,4.491,220,0,5.731,1,0,0,19,0,220,440,440
112,2,1,2,0.531,0,0,0.000,0,0,0,0,0,0,0,0
113,1,-4,2,1.811,0,0,0.000,0,0,0,0,0,0,0,0
113,-3,0,3,0.631,0,0,0.000,0,0,0,0,0,0,0,0
113,-2,2,3,0.221,0,0,0.000,0,0,0,0,0,0,0,0
113,-1,-1,3,0.351,0,0,0.000,0,0,0,0,0,0,0,0
113,0,1,3,0.112,0,0,0.000,0,0,0,0,0,0,0,0
113,-5,3,2,1.553,0,0,0.000,0,0,0,0,0,0,0,0
113,-1,1,3,2.691,0,0,0.000,0,0,0,0,0,0,0,0
113,-2,-1,3,1.211,0,0,0.000,0,0,0,0,0,0,0,0
113,0,4,3,2.871,0,0,0.000,0,1,0,30,0,0,2,2
113,3,-6,0,0.231,0,0,0.000,0,0,0,0,0,0,0,0
113,-2,4,3,1.133,0,0,0.000,0,0,0,0,0,0,0,0
113,-2,0,3,2.191,0,0,0.000,0,0,0,0,0,0,0,0
113,0,2,3,0.581,0,0,0.000,0,0,0,0,0,0,0,0
113,-4,3,3,1.291,0,0,0.000,0,0,0,0,0,0,0,0
113,-5,9,0,1.601,1399,0,9.651,1,0,0,0,0,1399,309,309
113,-7,6,1,1.971,34,0,2.991,0,1,0,205,34,0,205,205
113,-3,2,3,0.421,0,0,0.000,0,0,0,0,0,0,0,0
113,2,-1,2,2.091,0,0,0.000,0,0,0,0,0,0,0,0
113,0,-4,1,0.241,0,0,0.000,0,0,0,0,0,0,0,0
113,-2,5,3,0.901,0,0,0.000,0,0,0,0,0,0,39,39
113,-4,6,3,2.962,0,0,0.000,0,4,0,1065,0,0,77,77
113,-1,5,2,1.671,0,0,0.000,0,1,0,208,0,0,46,46
113,0,-3,2,0.161,0,0,0.000,0,0,0,0,0,0,0,0
113,-6,8,0,2.593,628,0,8.623,1,0,0,0,0,628,510,510
113,-1,-2,3,0.441,0,0,0.000,0,0,0,0,0,0,0,0
113,-2,3,3,0.751,0,0,0.000,0,0,0,0,0,0,0,0
113,-4,5,3,0.651,0,0,0.000,0,1,0,1,0,0,0,0
113,1,-3,3,0.201,0,0,0.000,0,0,0,0,0,0,0,0
113,0,-2,3,0.621,0,0,0.000,0,0,0,0,0,0,0,0
113,0,3,3,1.672,0,0,0.000,0,0,0,0,0,0,0,0
113,-6,6,2,1.792,3,0,2.631,0,1,0,34,3,0,46,46
113,-2,6,2,2.583,18,0,2.072,0,1,0,414,18,0,252,252
113,-3,3,3,0.261,0,0,0.000,0,0,0,0,0,0,0,0
113,2,-2,2,0.191,0,0,0.000,0,0,0,0,0,0,0,0
113,-4,-2,2,0.421,0,0,0.000,0,0,0,0,0,0,0,0
113,2,2,1,0.953,0,0,0.000,0,1,0,2,0,0,1,1
113,-5,1,0,0.581,0,0,0.000,0,0,0,0,0,0,0,0
113,2,-3,2,0.241,0,0,0.000,0,0,0,0,0,0,0,0
113,-4,0,2,1.521,0,0,0.000,0,0,0,0,0,0,0,0
113,-3,4,3,0.601,0,0,0.000,0,0,0,0,0,0,0,0
113,-4,8,1,2.851,606,0,6.661,1,1,0,139,0,606,385,385
113,1,2,2,2.031,0,0,0.000,0,0,0,0,0,0,0,0
113,-6,2,0,0.921,0,0,0.000,0,0,0,0,0,0,0,0
113,-5,-2,0,1.431,0,0,0.000,0,0,0,0,0,0,0,0
113,3,1,1,1.221,0,0,0.000,0,0,0,0,0,0,6,6
113,-6,7,2,2.001,98,0,5.161,0,1,1,792,90,8,240,240
113,2,-4,2,0.881,0,0,0.000,0,0,0,0,0,0,0,0
113,-1,3,3,1.634,0,0,0.000,0,0,0,0,0,0,0,0
113,-1,2,3,0.311,0,0,0.000,0,0,0,0,0,0,0,0
113,-5,8,1,0.981,653,0,5.881,0,1,0,789,653,0,543,543
113,1,4,2,1.692,30,0,2.051,0,2,0,741,30,0,149,149
113,1,0,3,0.411,0,0,0.000,0,0,0,0,0,0,0,0
113,-2,1,3,1.661,0,0,0.000,0,0,0,0,0,0,0,0
113,-5,0,1,0.652,0,0,0.000,0,0,0,0,0,0,0,0
113,2,0,3,0.611,0,0,0.000,0,0,0,0,0,0,0,0
113,2,4,1,1.463,260,0,4.251,0,1,0,689,260,0,437,437
113,-6,3,0,1.192,0,0,0.000,0,0,0,0,0,0,1,1
113,3,0,0,0.751,0,0,0.000,0,0,0,0,0,0,3,3
113,-5,4,2,0.911,0,0,0.000,0,0,0,0,0,0,0,0
113,1,-2,3,0.681,0,0,0.000,0,0,0,0,0,0,0,0
113,-4,-3,0,1.871,0,0,0.000,0,0,0,0,0,0,0,0
113,3,-5,0,0.431,0,0,0.000,0,0,0,0,0,0,0,0
113,0,6,0,1.602,600,0,6.212,1,0,0,0,0,600,332,332
113,2,5,0,1.601,901,0,8.601,1,0,0,0,0,901,386,386
113,-3,7,0,3.722,211,0,7.492,1,0,0,0,0,211,350,350
113,-5,5,3,0.793,0,0,0.000,0,0,0,0,0,0,5,5
113,2,-5,1,3.181,0,0,0.000,0,0,0,0,0,0,0,0
113,4,-3,0,0.431,0,0,0.000,0,0,0,0,0,0,0,0
113,-3,-3,0,0.112,0,0,0.000,0,0,0,0,0,0,0,0
113,-3,-1,3,0.111,0,0,0.000,0,0,0,0,0,0,0,0
113,0,5,3,0.793,46,46,-1.000,0,0,0,0,0,0,108,108
113,0,0,3,2.531,0,0,0.000,0,0,0,0,0,0,0,0
113,3,-1,0,0.281,0,0,0.000,0,0,0,0,0,0,0,0
113,-1,-4,0,0.151,0,0,0.000,0,0,0,0,0,0,0,0
113,3,-2,1,0.841,0,0,0.000,0,0,0,0,0,0,0,0
113,1,5,0,3.992,493,0,9.102,1,0,0,0,0,493,421,421
113,-3,-2,2,0.181,0,0,0.000,0,0,0,0,0,0,0,0
113,-1,0,3,0.861,0,0,0.000,0,0,0,0,0,0,0,0
113,-5,-1,1,1.671,0,0,0.000,0,0,0,0,0,0,0,0
113,0,-1,3,0.211,0,0,0.000,0,0,0,0,0,0,0,0
113,-2,7,0,1.822,429,0,6.072,1,0,0,0,0,429,490,490
113,-6,4,1,0.861,0,0,0.000,0,0,0,0,0,0,1,1
113,-4,4,3,0.561,0,0,0.000,0,0,0,0,0,0,0,0
113,1,1,3,1.291,0,0,0.000,0,0,0,0,0,0,0,0
113,3,-4,0,0.471,0,0,0.000,0,0,0,0,0,0,0,0
113,-4,-1,3,0.481,0,0,0.000,0,0,0,0,0,0,0,0
113,-1,4,3,0.752,0,0,0.000,0,0,0,0,0,0,8,8
113,1,3,3,0.931,0,0,0.000,0,0,0,0,0,0,12,12
113,2,3,0,1.753,2,0,1.803,1,0,0,0,0,2,136,136
113,-2,-2,3,2.421,0,0,0.000,0,0,0,0,0,0,0,0
113,3,-3,0,1.181,0,0,0.000,0,0,0,0,0,0,0,0
113,-4,7,2,0.891,338,0,5.161,0,3,1,1141,242,96,312,312
113,-1,-3,2,0.991,0,0,0.000,0,0,0,0,0,0,0,0
113,-5,7,2,3.753,51,0,3.183,0,1,0,588,51,0,279,279
113,-1,6,1,2.762,208,0,3.872,0,1,0,450,208,0,382,382
113,-3,5,3,1.241,0,0,0.000,0,1,0,3,0,0,9,9
113,-7,8,0,10.771,882,0,12.101,1,0,0,8,0,882,590,590
113,-3,6,3,2.332,3,0,1.992,0,1,0,17,3,0,147,147
113,-5,6,3,1.252,1,0,4.191,0,1,0,98,1,0,119,119
113,-4,2,3,0.321,0,0,0.000,0,0,0,0,0,0,0,0
113,-3,1,3,0.331,0,0,0.000,0,0,0,0,0,0,0,0
113,-6,5,0,0.651,0,0,0.000,0,1,0,3,0,0,26,26
113,1,-1,3,0.371,0,0,0.000,0,0,0,0,0,0,0,0
113,-4,1,3,0.391,0,0,0.000,0,0,0,0,0,0,0,0
113,-5,2,2,0.771,0,0,0.000,0,0,0,0,0,0,0,0
113,-2,-3,0,0.211,0,0,0.000,0,0,0,0,0,0,0,0
113,1,-5,0,2.031,0,0,0.000,0,0,0,0,0,0,0,0
113,-7,7,0,2.511,217,0,4.641,1,0,0,0,0,217,423,423
113,2,1,2,0.531,0,0,0.000,0,0,0,0,0,0,0,0
114,1,-4,2,0.511,0,0,0.000,0,0,0,0,0,0,0,0
114,-3,0,3,1.011,0,0,0.000,0,0,0,0,0,0,0,0
114,-2,2,3,0.841,0,0,0.000,0,0,0,0,0,0,0,0
114,-1,-1,3,0.351,0,0,0.000,0,0,0,0,0,0,0,0
114,0,1,3,0.232,0,0,0.000,0,0,0,0,0,0,0,0
114,-5,3,2,0.451,0,0,0.000,0,0,0,0,0,0,0,0
114,-1,1,3,0.621,0,0,0.000,0,0,0,0,0,0,0,0
114,-2,-1,3,0.261,0,0,0.000,0,0,0,0,0,0,0,0
114,0,4,3,2.151,0,0,0.000,0,1,0,37,0,0,1,1
114,3,-6,0,1.481,0,0,0.000,0,0,0,0,0,0,0,0
114,-2,4,3,0.881,0,0,0.000,0,0,0,0,0,0,0,0
114,-2,0,3,0.461,0,0,0.000,0,0,0,0,0,0,0,0
114,0,2,3,0.381,0,0,0.000,0,0,0,0,0,0,0,0
114,-4,3,3,0.182,0,0,0.000,0,0,0,0,0,0,0,0
114,-5,9,0,2.801,1400,0,10.971,1,0,0,0,0,1400,303,303
114,-7,6,1,2.193,26,0,3.882,1,1,0,209,0,26,211,211
114,-3,2,3,0.271,0,0,0.000,0,0,0,0,0,0,0,0
114,2,-1,2,0.891,0,0,0.000,0,0,0,0,0,0,0,0
114,0,-4,1,0.621,0,0,0.000,0,0,0,0,0,0,0,0
114,-2,5,3,0.901,0,0,0.000,0,0,0,0,0,0,37,37
114,-4,6,3,4.322,0,0,0.000,0,3,0,664,0,0,69,69
114,-1,5,2,14.271,2,0,3.532,0,1,0,161,2,0,37,37
114,0,-3,2,0.271,0,0,0.000,0,0,0,0,0,0,0,0
114,-6,8,0,1.993,617,0,7.963,1,0,0,0,0,617,525,525
114,-1,-2,3,0.221,0,0,0.000,0,0,0,0,0,0,0,0
114,-2,3,3,0.181,0,0,0.000,0,0,0,0,0,0,0,0
114,-4,5,3,0.651,0,0,0.000,0,0,0,0,0,0,0,0
114,1,-3,3,0.411,0,0,0.000,0,0,0,0,0,0,0,0
114,0,-2,3,0.241,0,0,0.000,0,0,0,0,0,0,0,0
114,0,3,3,1.601,0,0,0.000,0,0,0,0,0,0,0,0
114,-6,6,2,1.452,6,0,3.562,0,2,1,52,0,6,37,37
114,-2,6,2,3.623,27,0,2.392,0,1,0,379,27,0,247,247
114,-3,3,3,0.471,0,0,0.000,0,0,0,0,0,0,0,0
114,2,-2,2,0.511,0,0,0.000,0,0,0,0,0,0,0,0
114,-4,-2,2,0.271,0,0,0.000,0,0,0,0,0,0,0,0
114,2,2,1,0.633,0,0,0.000,0,1,0,2,0,0,1,1
114,-5,1,0,0.561,0,0,0.000,0,0,0,0,0,0,0,0
114,2,-3,2,0.941,0,0,0.000,0,0,0,0,0,0,0,0
114,-4,0,2,0.371,0,0,0.000,0,0,0,0,0,0,0,0
114,-3,4,3,0.421,0,0,0.000,0,0,0,0,0,0,0,0
114,-4,8,1,2.614,640,0,6.332,0,1,0,38,640,0,336,336
114,1,2,2,1.532,0,0,0.000,0,0,0,0,0,0,0,0
114,-6,2,0,0.871,0,0,0.000,0,0,0,0,0,0,0,0
114,-5,-2,0,1.191,0,0,0.000,0,0,0,0,0,0,0,0
114,3,1,1,2.691,0,0,0.000,0,0,0,0,0,0,2,2
114,-6,7,2,1.321,87,0,2.391,0,1,0,828,87,0,233,233
114,2,-4,2,0.591,0,0,0.000,0,0,0,0,0,0,0,0
114,-1,3,3,0.551,0,0,0.000,0,0,0,0,0,0,0,0
114,-1,2,3,0.151,0,0,0.000,0,0,0,0,0,0,0,0
114,-5,8,1,3.231,627,0,7.041,0,1,0,801,627,0,560,560
114,1,4,2,1.693,37,0,2.392,0,2,0,702,37,0,149,149
114,1,0,3,0.291,0,0,0.000,0,0,0,0,0,0,0,0
114,-2,1,3,1.391,0,0,0.000,0,0,0,0,0,0,0,0
114,-5,0,1,0.831,0,0,0.000,0,0,0,0,0,0,0,0
114,2,0,3,0.921,0,0,0.000,0,0,0,0,0,0,0,0
114,2,4,1,4.013,248,0,4.392,0,1,0,700,248,0,451,451
114,-6,3,0,0.651,0,0,0.000,0,0,0,0,0,0,1,1
114,3,0,0,0.751,0,0,0.000,0,0,0,0,0,0,1,1
114,-5,4,2,0.481,0,0,0.000,0,0,0,0,0,0,0,0
114,1,-2,3,1.141,0,0,0.000,0,0,0,0,0,0,0,0
114,-4,-3,0,1.631,0,0,0.000,0,0,0,0,0,0,0,0
114,3,-5,0,0.811,0,0,0.000,0,0,0,0,0,0,0,0
114,0,6,0,3.242,557,0,7.802,1,0,0,0,0,557,349,349
114,2,5,0,1.882,909,0,8.992,1,0,0,0,0,909,371,371
114,-3,7,0,2.182,193,0,6.382,1,0,0,0,0,193,344,344
114,-5,5,3,0.793,0,0,0.000,0,0,0,0,0,0,6,6
114,2,-5,1,0.171,0,0,0.000,0,0,0,0,0,0,0,0
114,4,-3,0,0.431,0,0,0.000,0,0,0,0,0,0,0,0
114,-3,-3,0,0.451,0,0,0.000,0,0,0,0,0,0,0,0
114,-3,-1,3,0.261,0,0,0.000,0,0,0,0,0,0,0,0
114,0,5,3,1.432,35,35,-1.000,0,0,0,0,0,0,132,132
114,0,0,3,1.231,0,0,0.000,0,0,0,0,0,0,0,0
114,3,-1,0,0.591,0,0,0.000,0,0,0,0,0,0,0,0
114,-1,-4,0,0.301,0,0,0.000,0,0,0,0,0,0,0,0
114,3,-2,1,0.411,0,0,0.000,0,0,0,0,0,0,0,0
114,1,5,0,3.272,468,0,8.132,1,0,0,0,0,468,395,395
114,-3,-2,2,3.031,0,0,0.000,0,0,0,0,0,0,0,0
114,-1,0,3,0.211,0,0,0.000,0,0,0,0,0,0,0,0
114,-5,-1,1,2.231,0,0,0.000,0,0,0,0,0,0,0,0
114,0,-1,3,0.191,0,0,0.000,0,0,0,0,0,0,0,0
114,-2,7,0,2.032,398,0,5.932,1,0,0,0,0,398,513,513
114,-6,4,1,1.613,0,0,0.000,0,0,0,0,0,0,1,1
114,-4,4,3,0.371,0,0,0.000,0,0,0,0,0,0,0,0
114,1,1,3,1.151,0,0,0.000,0,0,0,0,0,0,0,0
114,3,-4,0,0.471,0,0,0.000,0,0,0,0,0,0,0,0
114,-4,-1,3,0.481,0,0,0.000,0,0,0,0,0,0,0,0
114,-1,4,3,1.041,0,0,0.000,0,1,0,2,0,0,2,2
114,1,3,3,0.771,0,0,0.000,0,0,0,0,0,0,4,4
114,2,3,0,1.484,2,0,1.534,1,0,0,0,0,2,125,125
114,-2,-2,3,0.181,0,0,0.000,0,0,0,0,0,0,0,0
114,3,-3,0,0.471,0,0,0.000,0,0,0,0,0,0,0,0
114,-4,7,2,26.451,309,0,5.412,0,2,0,813,309,0,331,331
114,-1,-3,2,0.991,0,0,0.000,0,0,0,0,0,0,0,0
114,-5,7,2,2.943,46,0,2.533,0,1,0,582,46,0,313,313
114,-1,6,1,2.162,162,0,5.062,0,1,0,445,162,0,450,450
114,-3,5,3,0.961,0,0,0.000,0,1,0,4,0,0,4,4
114,-7,8,0,1.391,903,0,9.801,1,0,0,0,0,903,569,569
114,-3,6,3,25.132,4,0,2.222,0,1,0,27,4,0,122,122
114,-5,6,3,1.761,0,0,0.000,0,1,0,87,0,0,142,142
114,-4,2,3,0.211,0,0,0.000,0,0,0,0,0,0,0,0
114,-3,1,3,0.181,0,0,0.000,0,0,0,0,0,0,0,0
114,-6,5,0,5.162,0,0,0.000,0,1,0,6,0,0,24,24
114,1,-1,3,0.371,0,0,0.000,0,0,0,0,0,0,0,0
114,-4,1,3,0.391,0,0,0.000,0,0,0,0,0,0,0,0
114,-5,2,2,0.171,0,0,0.000,0,0,0,0,0,0,0,0
114,-2,-3,0,0.171,0,0,0.000,0,0,0,0,0,0,0,0
114,1,-5,0,0.831,0,0,0.000,0,0,0,0,0,0,0,0
114,-7,7,0,3.591,213,0,5.701,1,0,0,0,0,213,404,404
114,2,1,2,1.071,0,0,0.000,0,0,0,0,0,0,0,0
115,1,-4,2,0.511,0,0,0.000,0,0,0,0,0,0,0,0
115,-3,0,3,1.671,0,0,0.000,0,0,0,0,0,0,0,0
115,-2,2,3,0.611,0,0,0.000,0,0,0,0,0,0,0,0
115,-1,-1,3,0.121,0,0,0.000,0,0,0,0,0,0,0,0
115,0,1,3,0.111,0,0,0.000,0,0,0,0,0,0,0,0
115,-5,3,2,0.911,0,0,0.000,0,0,0,0,0,0,0,0
115,-1,1,3,0.381,0,0,0.000,0,0,0,0,0,0,0,0
115,-2,-1,3,0.181,0,0,0.000,0,0,0,0,0,0,0,0
115,0,4,3,1.911,0,0,0.000,0,1,0,41,0,0,1,1
115,3,-6,0,0.701,0,0,0.000,0,0,0,0,0,0,0,0
115,-2,4,3,1.362,0,0,0.000,0,0,0,0,0,0,0,0
115,-2,0,3,0.431,0,0,0.000,0,0,0,0,0,0,0,0
115,0,2,3,0.651,0,0,0.000,0,0,0,0,0,0,0,0
115,-4,3,3,0.721,0,0,0.000,0,0,0,0,0,0,0,0
115,-5,9,0,1.001,1394,0,9.191,1,0,0,0,0,1394,327,327
115,-7,6,1,1.533,33,0,2.981,0,1,0,212,33,0,214,214
115,-3,2,3,0.421,0,0,0.000,0,0,0,0,0,0,0,0
115,2,-1,2,0.291,0,0,0.000,0,0,0,0,0,0,0,0
115,0,-4,1,0.451,0,0,0.000,0,0,0,0,0,0,0,0
115,-2,5,3,1.541,0,0,0.000,0,0,0,0,0,0,46,46
115,-4,6,3,2.631,1,0,1.211,0,3,0,647,1,0,70,70
115,-1,5,2,1.041,0,0,0.000,0,1,0,177,0,0,40,40
115,0,-3,2,0.781,0,0,0.000,0,0,0,0,0,0,0,0
115,-6,8,0,3.793,635,0,9.853,1,0,0,0,0,635,469,469
115,-1,-2,3,0.221,0,0,0.000,0,0,0,0,0,0,0,0
115,-2,3,3,0.561,0,0,0.000,0,0,0,0,0,0,0,0
115,-4,5,3,1.311,0,0,0.000,0,1,0,1,0,0,0,0
115,1,-3,3,1.281,0,0,0.000,0,0,0,0,0,0,0,0
115,0,-2,3,0.141,0,0,0.000,0,0,0,0,0,0,0,0
115,0,3,3,2.021,0,0,0.000,0,0,0,0,0,0,0,0
115,-6,6,2,2.642,6,0,2.661,0,1,0,33,6,0,40,40
115,-2,6,2,2.154,25,0,4.052,0,1,0,427,25,0,209,209
115,-3,3,3,0.411,0,0,0.000,0,0,0,0,0,0,0,0
115,2,-2,2,0.751,0,0,0.000,0,0,0,0,0,0,0,0
115,-4,-2,2,0.271,0,0,0.000,0,0,0,0,0,0,0,0
115,2,2,1,1.113,0,0,0.000,0,1,0,2,0,0,3,3
115,-5,1,0,0.801,0,0,0.000,0,0,0,0,0,0,0,0
115,2,-3,2,0.131,0,0,0.000,0,0,0,0,0,0,0,0
115,-4,0,2,0.221,0,0,0.000,0,0,0,0,0,0,0,0
115,-3,4,3,3.393,0,0,0.000,0,0,0,0,0,0,0,0
115,-4,8,1,5.251,628,0,6.462,0,1,0,47,628,0,394,394
115,1,2,2,0.753,0,0,0.000,0,0,0,0,0,0,0,0
115,-6,2,0,0.522,0,0,0.000,0,0,0,0,0,0,0,0
115,-5,-2,0,2.151,0,0,0.000,0,0,0,0,0,0,0,0
115,3,1,1,1.912,0,0,0.000,0,0,0,0,0,0,2,2
115,-6,7,2,1.891,97,0,2.771,0,1,0,775,97,0,242,242
115,2,-4,2,0.211,0,0,0.000,0,0,0,0,0,0,0,0
115,-1,3,3,1.351,0,0,0.000,0,0,0,0,0,0,0,0
115,-1,2,3,0.151,0,0,0.000,0,0,0,0,0,0,0,0
115,-5,8,1,1.612,639,0,5.351,0,1,0,803,639,0,582,582
115,1,4,2,1.353,41,0,3.421,0,2,1,729,41,0,135,135
115,1,0,3,0.161,0,0,0.000,0,0,0,0,0,0,0,0
115,-2,1,3,0.861,0,0,0.000,0,0,0,0,0,0,0,0
115,-5,0,1,0.531,0,0,0.000,0,0,0,0,0,0,0,0
115,2,0,3,0.611,0,0,0.000,0,0,0,0,0,0,0,0
115,2,4,1,2.651,248,0,5.401,0,1,0,686,248,0,423,423
115,-6,3,0,0.941,0,0,0.000,0,0,0,0,0,0,1,1
115,3,0,0,2.841,0,0,0.000,0,0,0,0,0,0,0,0
115,-5,4,2,1.141,0,0,0.000,0,0,0,0,0,0,0,0
115,1,-2,3,0.451,0,0,0.000,0,0,0,0,0,0,0,0
115,-4,-3,0,0.671,0,0,0.000,0,0,0,0,0,0,0,0
115,3,-5,0,0.171,0,0,0.000,0,0,0,0,0,0,0,0
115,0,6,0,2.782,599,0,7.492,1,0,0,0,0,599,326,326
115,2,5,0,2.861,902,0,9.831,1,0,0,0,0,902,412,412
115,-3,7,0,2.182,203,0,6.512,1,0,0,0,0,203,358,358
115,-5,5,3,1.571,0,0,0.000,0,0,0,0,0,0,4,4
115,2,-5,1,2.161,0,0,0.000,0,0,0,0,0,0,0,0
115,4,-3,0,0.661,0,0,0.000,0,0,0,0,0,0,0,0
115,-3,-3,0,0.112,0,0,0.000,0,0,0,0,0,0,0,0
115,-3,-1,3,30.000,0,0,0.000,0,0,0,0,0,0,0,0
115,0,5,3,1.272,40,40,-1.000,0,0,0,0,0,0,104,104
115,0,0,3,0.711,0,0,0.000,0,0,0,0,0,0,0,0
115,3,-1,0,1.181,0,0,0.000,0,0,0,0,0,0,0,0
115,-1,-4,0,0.151,0,0,0.000,0,0,0,0,0,0,0,0
115,3,-2,1,2.721,0,0,0.000,0,0,0,0,0,0,0,0
115,1,5,0,4.352,493,0,8.483,1,0,0,13,0,493,410,410
115,-3,-2,2,0.181,0,0,0.000,0,0,0,0,0,0,0,0
115,-1,0,3,0.421,0,0,0.000,0,0,0,0,0,0,0,0
115,-5,-1,1,1.362,0,0,0.000,0,0,0,0,0,0,0,0
115,0,-1,3,0.321,0,0,0.000,0,0,0,0,0,0,0,0
115,-2,7,0,3.712,440,0,8.092,1,0,0,0,0,440,437,437
115,-6,4,1,1.383,0,0,0.000,0,0,0,0,0,0,0,0
115,-4,4,3,1.901,0,0,0.000,0,0,0,0,0,0,0,0
115,1,1,3,0.191,0,0,0.000,0,0,0,0,0,0,0,0
115,3,-4,0,1.251,0,0,0.000,0,0,0,0,0,0,0,0
115,-4,-1,3,0.603,0,0,0.000,0,0,0,0,0,0,0,0
115,-1,4,3,0.752,0,0,0.000,0,0,0,0,0,0,6,6
115,1,3,3,0.771,0,0,0.000,0,0,0,0,0,0,9,9
115,2,3,0,2.582,2,0,2.632,1,0,0,0,0,2,125,125
115,-2,-2,3,1.801,0,0,0.000,0,0,0,0,0,0,0,0
115,3,-3,0,0.581,0,0,0.000,0,0,0,0,0,0,0,0
115,-4,7,2,0.891,298,0,4.171,0,2,0,837,298,0,317,317
115,-1,-3,2,0.991,0,0,0.000,0,0,0,0,0,0,0,0
115,-5,7,2,3.753,51,0,4.403,0,1,0,591,51,0,273,273
115,-1,6,1,2.582,177,0,4.742,0,1,0,460,177,0,410,410
115,-3,5,3,0.681,0,0,0.000,0,1,0,3,0,0,6,6
115,-7,8,0,1.671,860,0,9.551,1,0,0,0,0,860,609,609
115,-3,6,3,1.511,3,0,3.892,0,1,0,25,3,0,140,140
115,-5,6,3,1.253,0,0,0.000,0,1,0,97,0,0,141,141
115,-4,2,3,0.101,0,0,0.000,0,0,0,0,0,0,0,0
115,-3,1,3,0.181,0,0,0.000,0,0,0,0,0,0,0,0
115,-6,5,0,0.821,0,0,0.000,0,1,0,6,0,0,38,38
115,1,-1,3,0.181,0,0,0.000,0,0,0,0,0,0,0,0
115,-4,1,3,0.191,0,0,0.000,0,0,0,0,0,0,0,0
115,-5,2,2,0.351,0,0,0.000,0,0,0,0,0,0,0,0
115,-2,-3,0,0.311,0,0,0.000,0,0,0,0,0,0,0,0
115,1,-5,0,0.231,0,0,0.000,0,0,0,0,0,0,0,0
115,-7,7,0,2.511,224,0,4.711,1,0,0,0,0,224,418,418
115,2,1,2,0.711,0,0,0.000,0,0,0,0,0,0,0,0
116,1,-4,2,0.251,0,0,0.000,0,0,0,0,0,0,0,0
116,-3,0,3,1.451,0,0,0.000,0,0,0,0,0,0,0,0
116,-2,2,3,0.221,0,0,0.000,0,0,0,0,0,0,0,0
116,-1,-1,3,0.121,0,0,0.000,0,0,0,0,0,0,0,0
116,0,1,3,0.112,0,0,0.000,0,0,0,0,0,0,0,0
116,-5,3,2,1.141,0,0,0.000,0,0,0,0,0,0,0,0
116,-1,1,3,0.201,0,0,0.000,0,0,0,0,0,0,0,0
116,-2,-1,3,0.831,0,0,0.000,0,0,0,0,0,0,0,0
116,0,4,3,2.161,0,0,0.000,0,1,0,28,0,0,2,2
116,3,-6,0,1.181,0,0,0.000,0,0,0,0,0,0,0,0
116,-2,4,3,0.903,0,0,0.000,0,0,0,0,0,0,0,0
116,-2,0,3,2.851,0,0,0.000,0,0,0,0,0,0,0,0
116,0,2,3,0.381,0,0,0.000,0,0,0,0,0,0,0,0
116,-4,3,3,0.341,0,0,0.000,0,0,0,0,0,0,0,0
116,-5,9,0,2.051,1400,0,10.101,1,0,0,0,0,1400,297,297
116,-7,6,1,2.082,30,0,3.321,0,1,0,219,30,0,220,220
116,-3,2,3,30.000,0,0,0.000,0,0,0,0,0,0,0,0
116,2,-1,2,0.591,0,0,0.000,0,0,0,0,0,0,0,0
116,0,-4,1,1.011,0,0,0.000,0,0,0,0,0,0,0,0
116,-2,5,3,1.061,0,0,0.000,0,0,0,0,0,0,36,36
116,-4,6,3,2.973,1,0,2.271,0,3,0,648,1,0,64,64
116,-1,5,2,1.461,1,0,1.671,0,1,0,189,1,0,44,44
116,0,-3,2,0.501,0,0,0.000,0,0,0,0,0,0,0,0
116,-6,8,0,2.193,625,0,8.253,1,0,0,0,0,625,511,511
116,-1,-2,3,0.671,0,0,0.000,0,0,0,0,0,0,0,0
116,-2,3,3,0.371,0,0,0.000,0,0,0,0,0,0,0,0
116,-4,5,3,0.871,0,0,0.000,0,1,0,1,0,0,0,0
116,1,-3,3,0.411,0,0,0.000,0,0,0,0,0,0,0,0
116,0,-2,3,0.141,0,0,0.000,0,0,0,0,0,0,0,0
116,0,3,3,0.574,0,0,0.000,0,0,0,0,0,0,0,0
116,-6,6,2,1.282,5,0,3.011,0,1,0,30,5,0,41,41
116,-2,6,2,4.752,28,0,3.161,0,1,0,415,28,0,213,213
116,-3,3,3,1.311,0,0,0.000,0,0,0,0,0,0,0,0
116,2,-2,2,0.191,0,0,0.000,0,0,0,0,0,0,0,0
116,-4,-2,2,1.021,0,0,0.000,0,0,0,0,0,0,0,0
116,2,2,1,0.634,0,0,0.000,0,1,0,1,0,0,3,3
116,-5,1,0,0.193,0,0,0.000,0,0,0,0,0,0,0,0
116,2,-3,2,0.241,0,0,0.000,0,0,0,0,0,0,0,0
116,-4,0,2,0.451,0,0,0.000,0,0,0,0,0,0,0,0
116,-3,4,3,0.601,0,0,0.000,0,0,0,0,0,0,0,0
116,-4,8,1,4.051,642,0,6.701,0,1,0,49,642,0,379,379
116,1,2,2,1.531,0,0,0.000,0,0,0,0,0,0,0,0
116,-6,2,0,1.531,0,0,0.000,0,0,0,0,0,0,0,0
116,-5,-2,0,2.231,0,0,0.000,0,0,0,0,0,0,0,0
116,3,1,1,2.181,0,0,0.000,0,0,0,0,0,0,4,4
116,-6,7,2,2.172,113,0,2.661,0,1,0,798,113,0,233,233
116,2,-4,2,0.211,0,0,0.000,0,0,0,0,0,0,0,0
116,-1,3,3,1.511,0,0,0.000,0,0,0,0,0,0,0,0
116,-1,2,3,0.311,0,0,0.000,0,0,0,0,0,0,0,0
116,-5,8,1,1.251,651,0,6.541,0,1,0,789,651,0,546,546
116,1,4,2,1.523,28,0,2.102,0,2,0,739,28,0,156,156
116,1,0,3,30.000,0,0,0.000,0,0,0,0,0,0,0,0
116,-2,1,3,0.331,0,0,0.000,0,0,0,0,0,0,0,0
116,-5,0,1,1.641,0,0,0.000,0,0,0,0,0,0,0,0
116,2,0,3,0.611,0,0,0.000,0,0,0,0,0,0,0,0
116,2,4,1,1.464,252,0,4.252,0,1,0,689,252,0,432,432
116,-6,3,0,1.071,0,0,0.000,0,0,0,0,0,0,0,0
116,3,0,0,0.941,0,0,0.000,0,0,0,0,0,0,0,0
116,-5,4,2,0.911,0,0,0.000,0,0,0,0,0,0,0,0
116,1,-2,3,0.221,0,0,0.000,0,0,0,0,0,0,0,0
116,-4,-3,0,1.461,0,0,0.000,0,0,0,0,0,0,0,0
116,3,-5,0,0.341,0,0,0.000,0,0,0,0,0,0,0,0
116,0,6,0,1.401,549,0,5.781,1,0,0,0,0,549,342,342
116,2,5,0,1.672,911,0,8.672,1,0,0,0,0,911,379,379
116,-3,7,0,2.401,220,0,6.751,1,0,0,0,0,220,321,321
116,-5,5,3,0.971,0,0,0.000,0,0,0,0,0,0,13,13
116,2,-5,1,1.181,0,0,0.000,0,0,0,0,0,0,0,0
116,4,-3,0,0.661,0,0,0.000,0,0,0,0,0,0,0,0
116,-3,-3,0,0.571,0,0,0.000,0,0,0,0,0,0,0,0
116,-3,-1,3,0.231,0,0,0.000,0,0,0,0,0,0,0,0
116,0,5,3,1.592,39,39,-1.000,0,0,0,0,0,0,105,105
116,0,0,3,1.161,0,0,0.000,0,0,0,0,0,0,0,0
116,3,-1,0,0.281,0,0,0.000,0,0,0,0,0,0,0,0
116,-1,-4,0,0.151,0,0,0.000,0,0,0,0,0,0,0,0
116,3,-2,1,0.411,0,0,0.000,0,0,0,0,0,0,0,0
116,1,5,0,2.552,499,0,7.722,1,0,0,0,0,499,383,383
116,-3,-2,2,0.561,0,0,0.000,0,0,0,0,0,0,0,0
116,-1,0,3,0.601,0,0,0.000,0,0,0,0,0,0,0,0
116,-5,-1,1,2.811,0,0,0.000,0,0,0,0,0,0,0,0
116,0,-1,3,0.521,0,0,0.000,0,0,0,0,0,0,0,0
116,-2,7,0,2.791,434,0,7.051,1,0,0,0,0,434,485,485
116,-6,4,1,1.091,0,0,0.000,0,1,0,1,0,0,1,1
116,-4,4,3,0.561,0,0,0.000,0,0,0,0,0,0,0,0
116,1,1,3,0.191,0,0,0.000,0,0,0,0,0,0,0,0
116,3,-4,0,0.251,0,0,0.000,0,0,0,0,0,0,0,0
116,-4,-1,3,0.341,0,0,0.000,0,0,0,0,0,0,0,0
116,-1,4,3,1.452,0,0,0.000,0,1,0,1,0,0,12,12
116,1,3,3,0.771,0,0,0.000,0,0,0,0,0,0,14,14
116,2,3,0,1.921,1,0,1.941,1,0,0,0,0,1,112,112
116,-2,-2,3,0.181,0,0,0.000,0,0,0,0,0,0,0,0
116,3,-3,0,0.671,0,0,0.000,0,0,0,0,0,0,0,0
116,-4,7,2,1.971,302,0,5.241,0,2,0,853,302,0,322,322
116,-1,-3,2,0.991,0,0,0.000,0,0,0,0,0,0,0,0
116,-5,7,2,4.563,46,0,2.753,0,1,0,591,46,0,304,304
116,-1,6,1,1.962,190,0,3.471,0,1,0,427,190,0,392,392
116,-3,5,3,1.832,0,0,0.000,0,1,0,5,0,0,6,6
116,-7,8,0,1.391,901,0,9.501,1,0,0,0,0,901,580,580
116,-3,6,3,2.091,5,0,3.001,0,1,0,28,5,0,177,177
116,-5,6,3,2.181,0,0,0.000,0,1,0,113,0,0,141,141
116,-4,2,3,0.541,0,0,0.000,0,0,0,0,0,0,0,0
116,-3,1,3,1.281,0,0,0.000,0,0,0,0,0,0,0,0
116,-6,5,0,1.491,1,0,1.561,1,1,0,5,0,1,33,33
116,1,-1,3,0.371,0,0,0.000,0,0,0,0,0,0,0,0
116,-4,1,3,1.591,0,0,0.000,0,0,0,0,0,0,0,0
116,-5,2,2,0.771,0,0,0.000,0,0,0,0,0,0,0,0
116,-2,-3,0,0.171,0,0,0.000,0,0,0,0,0,0,0,0
116,1,-5,0,0.111,0,0,0.000,0,0,0,0,0,0,0,0
116,-7,7,0,2.871,229,0,5.141,1,0,0,0,0,229,413,413
116,2,1,2,0.531,0,0,0.000,0,0,0,0,0,0,0,0
117,1,-4,2,1.811,0,0,0.000,0,0,0,0,0,0,0,0
117,-3,0,3,0.411,0,0,0.000,0,0,0,0,0,0,0,0
117,-2,2,3,0.311,0,0,0.000,0,0,0,0,0,0,0,0
117,-1,-1,3,1.261,0,0,0.000,0,0,0,0,0,0,0,0
117,0,1,3,0.112,0,0,0.000,0,0,0,0,0,0,0,0
117,-5,3,2,0.681,0,0,0.000,0,0,0,0,0,0,0,0
117,-1,1,3,0.381,0,0,0.000,0,0,0,0,0,0,0,0
117,-2,-1,3,1.781,0,0,0.000,0,0,0,0,0,0,0,0
117,0,4,3,2.391,0,0,0.000,0,2,0,76,0,0,1,1
117,3,-6,0,0.241,0,0,0.000,0,0,0,0,0,0,0,0
117,-2,4,3,1.571,0,0,0.000,0,0,0,0,0,0,0,0
117,-2,0,3,0.431,0,0,0.000,0,0,0,0,0,0,0,0
117,0,2,3,0.781,0,0,0.000,0,0,0,0,0,0,0,0
117,-4,3,3,0.911,0,0,0.000,0,0,0,0,0,0,0,0
117,-5,9,0,1.901,1404,0,9.871,1,0,0,0,0,1404,310,310
117,-7,6,1,3.073,27,0,2.901,0,1,0,224,27,0,200,200
117,-3,2,3,0.161,0,0,0.000,0,0,0,0,0,0,0,0
117,2,-1,2,0.291,0,0,0.000,0,0,0,0,0,0,0,0
117,0,-4,1,0.201,0,0,0.000,0,0,0,0,0,0,0,0
117,-2,5,3,1.541,0,0,0.000,0,0,0,0,0,0,41,41
117,-4,6,3,1.671,0,0,0.000,0,3,0,651,0,0,68,68
117,-1,5,2,1.041,0,0,0.000,0,1,0,199,0,0,43,43
117,0,-3,2,0.161,0,0,0.000,0,0,0,0,0,0,0,0
117,-6,8,0,1.793,646,0,8.083,1,0,0,0,0,646,489,489
117,-1,-2,3,0.441,0,0,0.000,0,0,0,0,0,0,0,0
117,-2,3,3,0.371,0,0,0.000,0,0,0,0,0,0,0,0
117,-4,5,3,1.311,0,0,0.000,0,0,0,0,0,0,0,0
117,1,-3,3,0.201,0,0,0.000,0,0,0,0,0,0,0,0
117,0,-2,3,0.981,0,0,0.000,0,0,0,0,0,0,0,0
117,0,3,3,0.781,0,0,0.000,0,0,0,0,0,0,0,0
117,-6,6,2,1.622,7,0,2.671,0,1,0,27,7,0,27,27
117,-2,6,2,2.721,23,0,2.912,0,1,0,403,23,0,244,244
117,-3,3,3,0.201,0,0,0.000,0,0,0,0,0,0,0,0
117,2,-2,2,0.391,0,0,0.000,0,0,0,0,0,0,0,0
117,-4,-2,2,0.271,0,0,0.000,0,0,0,0,0,0,0,0
117,2,2,1,6.234,0,0,0.000,0,0,0,0,0,0,0,0
117,-5,1,0,0.961,0,0,0.000,0,0,0,0,0,0,0,0
117,2,-3,2,0.381,0,0,0.000,0,0,0,0,0,0,0,0
117,-4,0,2,30.000,0,0,0.000,0,0,0,0,0,0,0,0
117,-3,4,3,3.393,0,0,0.000,0,0,0,0,0,0,0,0
117,-4,8,1,3.091,633,0,5.892,0,1,0,54,633,0,374,374
117,1,2,2,0.991,0,0,0.000,0,0,0,0,0,0,0,0
117,-6,2,0,1.101,0,0,0.000,0,0,0,0,0,0,0,0
117,-5,-2,0,0.791,0,0,0.000,0,0,0,0,0,0,0,0
117,3,1,1,1.042,0,0,0.000,0,0,0,0,0,0,1,1
117,-6,7,2,2.174,97,0,5.324,0,1,1,770,89,8,240,240
117,2,-4,2,0.371,0,0,0.000,0,0,0,0,0,0,0,0
117,-1,3,3,1.171,0,0,0.000,0,0,0,0,0,0,0,0
117,-1,2,3,0.311,0,0,0.000,0,0,0,0,0,0,0,0
117,-5,8,1,1.151,669,0,6.581,0,1,0,781,669,0,542,542
117,1,4,2,2.373,38,0,2.631,0,2,0,660,38,0,135,135
117,1,0,3,0.701,0,0,0.000,0,0,0,0,0,0,0,0
117,-2,1,3,0.951,0,0,0.000,0,0,0,0,0,0,0,0
117,-5,0,1,0.531,0,0,0.000,0,0,0,0,0,0,0,0
117,2,0,3,2.161,0,0,0.000,0,0,0,0,0,0,0,0
117,2,4,1,2.653,248,0,4.761,0,1,0,708,248,0,466,466
117,-6,3,0,1.291,0,0,0.000,0,0,0,0,0,0,0,0
117,3,0,0,1.341,0,0,0.000,0,0,0,0,0,0,5,5
117,-5,4,2,0.451,0,0,0.000,0,0,0,0,0,0,0,0
117,1,-2,3,0.451,0,0,0.000,0,0,0,0,0,0,0,0
117,-4,-3,0,0.711,0,0,0.000,0,0,0,0,0,0,0,0
117,3,-5,0,0.171,0,0,0.000,0,0,0,0,0,0,0,0
117,0,6,0,3.181,576,0,7.601,1,0,0,0,0,576,350,350
117,2,5,0,2.231,908,0,9.421,1,0,0,0,0,908,376,376
117,-3,7,0,1.742,222,0,5.942,1,0,0,0,0,222,348,348
117,-5,5,3,0.793,0,0,0.000,0,0,0,0,0,0,13,13
117,2,-5,1,0.631,0,0,0.000,0,0,0,0,0,0,0,0
117,4,-3,0,0.891,0,0,0.000,0,0,0,0,0,0,0,0
117,-3,-3,0,0.122,0,0,0.000,0,0,0,0,0,0,0,0
117,-3,-1,3,0.111,0,0,0.000,0,0,0,0,0,0,0,0
117,0,5,3,0.953,45,45,-1.000,0,0,0,0,0,0,118,118
117,0,0,3,0.451,0,0,0.000,0,0,0,0,0,0,0,0
117,3,-1,0,1.331,0,0,0.000,0,0,0,0,0,0,0,0
117,-1,-4,0,0.151,0,0,0.000,0,0,0,0,0,0,0,0
117,3,-2,1,0.411,0,0,0.000,0,0,0,0,0,0,0,0
117,1,5,0,2.142,455,0,6.572,1,0,0,0,0,455,433,433
117,-3,-2,2,0.561,0,0,0.000,0,0,0,0,0,0,0,0
117,-1,0,3,0.211,0,0,0.000,0,0,0,0,0,0,0,0
117,-5,-1,1,1.761,0,0,0.000,0,0,0,0,0,0,0,0
117,0,-1,3,2.521,0,0,0.000,0,0,0,0,0,0,0,0
117,-2,7,0,2.582,420,0,6.722,1,0,0,0,0,420,479,479
117,-6,4,1,1.403,0,0,0.000,0,0,0,0,0,0,1,1
117,-4,4,3,0.561,0,0,0.000,0,0,0,0,0,0,0,0
117,1,1,3,0.191,0,0,0.000,0,0,0,0,0,0,0,0
117,3,-4,0,0.731,0,0,0.000,0,0,0,0,0,0,0,0
117,-4,-1,3,0.731,0,0,0.000,0,0,0,0,0,0,0,0
117,-1,4,3,1.452,0,0,0.000,0,0,0,0,0,0,7,7
117,1,3,3,0.771,0,0,0.000,0,0,0,0,0,0,20,20
117,2,3,0,1.921,0,0,0.000,0,0,0,0,0,0,114,114
117,-2,-2,3,1.851,0,0,0.000,0,0,0,0,0,0,0,0
117,3,-3,0,1.231,0,0,0.000,0,0,0,0,0,0,0,0
117,-4,7,2,0.771,306,0,4.942,0,2,0,856,306,0,318,318
117,-1,-3,2,0.991,0,0,0.000,0,0,0,0,0,0,0,0
117,-5,7,2,3.212,39,0,2.263,0,1,0,614,39,0,309,309
117,-1,6,1,3.162,199,0,5.371,0,1,0,431,199,0,421,421
117,-3,5,3,0.541,0,0,0.000,0,1,0,6,0,0,5,5
117,-7,8,0,30.000,859,0,12.054,1,0,0,8,0,859,623,623
117,-3,6,3,1.701,6,0,2.792,0,1,0,23,6,0,148,148
117,-5,6,3,2.302,0,0,0.000,0,1,0,97,0,0,141,141
117,-4,2,3,0.101,0,0,0.000,0,0,0,0,0,0,0,0
117,-3,1,3,0.711,0,0,0.000,0,0,0,0,0,0,0,0
117,-6,5,0,0.681,0,0,0.000,0,1,0,7,0,0,30,30
117,1,-1,3,0.181,0,0,0.000,0,0,0,0,0,0,0,0
117,-4,1,3,0.191,0,0,0.000,0,0,0,0,0,0,0,0
117,-5,2,2,0.351,0,0,0.000,0,0,0,0,0,0,0,0
117,-2,-3,0,0.331,0,0,0.000,0,0,0,0,0,0,0,0
117,1,-5,0,0.471,0,0,0.000,0,0,0,0,0,0,0,0
117,-7,7,0,2.511,231,0,4.831,1,0,0,0,0,231,391,391
117,2,1,2,0.351,0,0,0.000,0,0,0,0,0,0,0,0
118,1,-4,2,0.511,0,0,0.000,0,0,0,0,0,0,0,0
118,-3,0,3,0.351,0,0,0.000,0,0,0,0,0,0,0,0
118,-2,2,3,0.611,0,0,0.000,0,0,0,0,0,0,0,0
118,-1,-1,3,0.351,0,0,0.000,0,0,0,0,0,0,0,0
118,0,1,3,0.631,0,0,0.000,0,0,0,0,0,0,0,0
118,-5,3,2,1.141,0,0,0.000,0,0,0,0,0,0,0,0
118,-1,1,3,0.201,0,0,0.000,0,0,0,0,0,0,0,0
118,-2,-1,3,0.701,0,0,0.000,0,0,0,0,0,0,0,0
118,0,4,3,1.191,0,0,0.000,0,1,0,28,0,0,1,1
118,3,-6,0,2.381,0,0,0.000,0,0,0,0,0,0,0,0
118,-2,4,3,1.111,0,0,0.000,0,0,0,0,0,0,0,0
118,-2,0,3,0.651,0,0,0.000,0,0,0,0,0,0,0,0
118,0,2,3,0.381,0,0,0.000,0,0,0,0,0,0,0,0
118,-4,3,3,0.182,0,0,0.000,0,0,0,0,0,0,0,0
118,-5,9,0,1.151,1384,0,9.001,1,0,0,0,0,1384,318,318
118,-7,6,1,1.533,27,0,3.672,1,1,1,224,0,27,213,213
118,-3,2,3,10.281,0,0,0.000,0,0,0,0,0,0,0,0
118,2,-1,2,0.381,0,0,0.000,0,0,0,0,0,0,0,0
118,0,-4,1,0.831,0,0,0.000,0,0,0,0,0,0,0,0
118,-2,5,3,1.861,0,0,0.000,0,0,0,0,0,0,31,31
118,-4,6,3,1.762,0,0,0.000,0,3,0,706,0,0,67,67
118,-1,5,2,1.251,0,0,0.000,0,1,0,206,0,0,53,53
118,0,-3,2,0.161,0,0,0.000,0,0,0,0,0,0,0,0
118,-6,8,0,1.993,637,0,8.083,1,0,0,0,0,637,483,483
118,-1,-2,3,1.591,0,0,0.000,0,0,0,0,0,0,0,0
118,-2,3,3,0.181,0,0,0.000,0,0,0,0,0,0,0,0
118,-4,5,3,1.982,0,0,0.000,0,1,0,1,0,0,0,0
118,1,-3,3,0.411,0,0,0.000,0,0,0,0,0,0,0,0
118,0,-2,3,0.391,0,0,0.000,0,0,0,0,0,0,0,0
118,0,3,3,0.574,0,0,0.000,0,0,0,0,0,0,0,0
118,-6,6,2,1.282,3,0,3.372,0,2,1,54,0,3,36,36
118,-2,6,2,2.151,18,0,2.772,0,1,0,398,18,0,240,240
118,-3,3,3,0.411,0,0,0.000,0,0,0,0,0,0,0,0
118,2,-2,2,0.391,0,0,0.000,0,0,0,0,0,0,0,0
118,-4,-2,2,0.271,0,0,0.000,0,0,0,0,0,0,0,0
118,2,2,1,1.051,0,0,0.000,0,1,0,1,0,0,1,1
118,-5,1,0,0.801,0,0,0.000,0,0,0,0,0,0,0,0
118,2,-3,2,0.241,0,0,0.000,0,0,0,0,0,0,0,0
118,-4,0,2,0.371,0,0,0.000,0,0,0,0,0,0,0,0
118,-3,4,3,0.551,0,0,0.000,0,0,0,0,0,0,0,0
118,-4,8,1,3.091,625,0,6.611,0,1,0,42,625,0,407,407
118,1,2,2,0.991,0,0,0.000,0,0,0,0,0,0,0,0
118,-6,2,0,0.871,0,0,0.000,0,0,0,0,0,0,0,0
118,-5,-2,0,1.191,0,0,0.000,0,0,0,0,0,0,0,0
118,3,1,1,2.512,0,0,0.000,0,0,0,0,0,0,2,2
118,-6,7,2,1.321,98,0,2.781,0,1,0,784,98,0,274,274
118,2,-4,2,0.321,0,0,0.000,0,0,0,0,0,0,0,0
118,-1,3,3,0.691,0,0,0.000,0,0,0,0,0,0,0,0
118,-1,2,3,0.151,0,0,0.000,0,0,0,0,0,0,0,0
118,-5,8,1,1.151,660,0,5.541,0,1,0,769,660,0,544,544
118,1,4,2,15.322,28,0,3.482,0,2,0,712,28,0,149,149
118,1,0,3,0.161,0,0,0.000,0,0,0,0,0,0,0,0
118,-2,1,3,0.861,0,0,0.000,0,0,0,0,0,0,0,0
118,-5,0,1,0.811,0,0,0.000,0,0,0,0,0,0,0,0
118,2,0,3,2.161,0,0,0.000,0,0,0,0,0,0,0,0
118,2,4,1,1.463,251,0,6.223,0,1,1,686,210,41,437,437
118,-6,3,0,1.731,0,0,0.000,0,0,0,0,0,0,0,0
118,3,0,0,0.941,0,0,0.000,0,0,0,0,0,0,1,1
118,-5,4,2,0.681,0,0,0.000,0,0,0,0,0,0,0,0
118,1,-2,3,1.141,0,0,0.000,0,0,0,0,0,0,0,0
118,-4,-3,0,1.151,0,0,0.000,0,0,0,0,0,0,0,0
118,3,-5,0,0.171,0,0,0.000,0,0,0,0,0,0,0,0
118,0,6,0,1.602,581,0,6.082,1,0,0,0,0,581,344,344
118,2,5,0,5.801,896,0,10.503,1,0,0,41,0,896,390,390
118,-3,7,0,2.622,207,0,6.662,1,0,0,0,0,207,349,349
118,-5,5,3,1.571,0,0,0.000,0,0,0,0,0,0,6,6
118,2,-5,1,0.161,0,0,0.000,0,0,0,0,0,0,0,0
118,4,-3,0,2.181,0,0,0.000,0,0,0,0,0,0,0,0
118,-3,-3,0,0.331,0,0,0.000,0,0,0,0,0,0,0,0
118,-3,-1,3,0.551,0,0,0.000,0,0,0,0,0,0,0,0
118,0,5,3,30.000,41,41,-1.000,0,0,0,0,0,0,115,115
118,0,0,3,1.161,0,0,0.000,0,0,0,0,0,0,0,0
118,3,-1,0,0.281,0,0,0.000,0,0,0,0,0,0,0,0
118,-1,-4,0,0.241,0,0,0.000,0,0,0,0,0,0,0,0
118,3,-2,1,0.831,0,0,0.000,0,0,0,0,0,0,0,0
118,1,5,0,3.092,478,0,7.882,1,0,0,0,0,478,421,421
118,-3,-2,2,0.251,0,0,0.000,0,0,0,0,0,0,0,0
118,-1,0,3,0.211,0,0,0.000,0,0,0,0,0,0,0,0
118,-5,-1,1,1.101,0,0,0.000,0,0,0,0,0,0,0,0
118,0,-1,3,0.321,0,0,0.000,0,0,0,0,0,0,0,0
118,-2,7,0,2.502,411,0,6.592,1,0,0,0,0,411,495,495
118,-6,4,1,1.441,0,0,0.000,0,0,0,0,0,0,1,1
118,-4,4,3,0.561,0,0,0.000,0,0,0,0,0,0,0,0
118,1,1,3,0.491,0,0,0.000,0,0,0,0,0,0,0,0
118,3,-4,0,1.771,0,0,0.000,0,0,0,0,0,0,0,0
118,-4,-1,3,0.481,0,0,0.000,0,0,0,0,0,0,0,0
118,-1,4,3,0.752,0,0,0.000,0,0,0,0,0,0,5,5
118,1,3,3,0.771,0,0,0.000,0,0,0,0,0,0,9,9
118,2,3,0,3.073,1,0,3.103,1,0,0,0,0,1,121,121
118,-2,-2,3,0.281,0,0,0.000,0,0,0,0,0,0,0,0
118,3,-3,0,0.581,0,0,0.000,0,0,0,0,0,0,0,0
118,-4,7,2,1.751,324,0,4.571,0,2,0,812,324,0,312,312
118,-1,-3,2,0.391,0,0,0.000,0,0,0,0,0,0,0,0
118,-5,7,2,2.673,58,0,2.663,0,1,0,594,58,0,304,304
118,-1,6,1,4.761,206,0,3.852,0,1,0,437,206,0,409,409
118,-3,5,3,0.541,0,0,0.000,0,1,0,6,0,0,6,6
118,-7,8,0,1.671,870,0,9.641,1,0,0,0,0,870,601,601
118,-3,6,3,2.281,6,0,2.722,0,1,0,18,6,0,139,139
118,-5,6,3,2.722,1,0,1.821,0,1,0,98,1,0,117,117
118,-4,2,3,0.101,0,0,0.000,0,0,0,0,0,0,0,0
118,-3,1,3,1.221,0,0,0.000,0,0,0,0,0,0,0,0
118,-6,5,0,0.541,0,0,0.000,0,1,0,3,0,0,30,30
118,1,-1,3,0.371,0,0,0.000,0,0,0,0,0,0,0,0
118,-4,1,3,0.821,0,0,0.000,0,0,0,0,0,0,0,0
118,-5,2,2,0.411,0,0,0.000,0,0,0,0,0,0,0,0
118,-2,-3,0,0.171,0,0,0.000,0,0,0,0,0,0,0,0
118,1,-5,0,0.111,0,0,0.000,0,0,0,0,0,0,0,0
118,-7,7,0,6.831,232,0,5.863,1,0,0,16,0,232,430,430
118,2,1,2,2.331,0,0,0.000,0,0,0,0,0,0,0,0
119,1,-4,2,0.611,0,0,0.000,0,0,0,0,0,0,0,0
119,-3,0,3,0.411,0,0,0.000,0,0,0,0,0,0,0,0
119,-2,2,3,0.221,0,0,0.000,0,0,0,0,0,0,0,0
119,-1,-1,3,0.221,0,0,0.000,0,0,0,0,0,0,0,0
119,0,1,3,0.461,0,0,0.000,0,0,0,0,0,0,0,0
119,-5,3,2,0.681,0,0,0.000,0,0,0,0,0,0,0,0
119,-1,1,3,0.381,0,0,0.000,0,0,0,0,0,0,0,0
119,-2,-1,3,0.181,0,0,0.000,0,0,0,0,0,0,0,0
119,0,4,3,1.191,0,0,0.000,0,1,0,28,0,0,3,3
119,3,-6,0,0.231,0,0,0.000,0,0,0,0,0,0,0,0
119,-2,4,3,1.801,0,0,0.000,0,0,0,0,0,0,0,0
119,-2,0,3,0.431,0,0,0.000,0,0,0,0,0,0,0,0
119,0,2,3,0.393,0,0,0.000,0,0,0,0,0,0,0,0
119,-4,3,3,0.182,0,0,0.000,0,0,0,0,0,0,0,0
119,-5,9,0,1.301,1419,0,9.551,1,0,0,0,0,1419,307,307
119,-7,6,1,1.423,35,0,3.953,0,1,1,186,15,20,177,177
119,-3,2,3,0.161,0,0,0.000,0,0,0,0,0,0,0,0
119,2,-1,2,1.281,0,0,0.000,0,0,0,0,0,0,0,0
119,0,-4,1,0.901,0,0,0.000,0,0,0,0,0,0,0,0
119,-2,5,3,0.741,0,0,0.000,0,0,0,0,0,0,30,30
119,-4,6,3,2.391,0,0,0.000,0,3,0,679,0,0,76,76
119,-1,5,2,1.881,1,0,2.972,0,1,0,179,1,0,48,48
119,0,-3,2,0.161,0,0,0.000,0,0,0,0,0,0,0,0
119,-6,8,0,2.013,648,0,8.133,1,0,0,0,0,648,478,478
119,-1,-2,3,2.971,0,0,0.000,0,0,0,0,0,0,0,0
119,-2,3,3,0.181,0,0,0.000,0,0,0,0,0,0,0,0
119,-4,5,3,0.702,0,0,0.000,0,1,0,1,0,0,0,0
119,1,-3,3,2.091,0,0,0.000,0,0,0,0,0,0,0,0
119,0,-2,3,0.171,0,0,0.000,0,0,0,0,0,0,0,0
119,0,3,3,1.051,0,0,0.000,0,0,0,0,0,0,0,0
119,-6,6,2,1.792,9,0,3.653,0,1,0,35,9,0,39,39
119,-2,6,2,2.843,15,0,2.882,0,1,0,410,15,0,255,255
119,-3,3,3,1.461,0,0,0.000,0,0,0,0,0,0,0,0
119,2,-2,2,0.591,0,0,0.000,0,0,0,0,0,0,0,0
119,-4,-2,2,0.421,0,0,0.000,0,0,0,0,0,0,0,0
119,2,2,1,0.633,0,0,0.000,0,1,0,2,0,0,1,1
119,-5,1,0,0.194,0,0,0.000,0,0,0,0,0,0,0,0
119,2,-3,2,0.661,0,0,0.000,0,0,0,0,0,0,0,0
119,-4,0,2,0.451,0,0,0.000,0,0,0,0,0,0,0,0
119,-3,4,3,2.071,0,0,0.000,0,0,0,0,0,0,0,0
119,-4,8,1,3.811,629,0,6.142,0,1,0,52,629,0,382,382
119,1,2,2,1.341,0,0,0.000,0,0,0,0,0,0,0,0
119,-6,2,0,1.531,0,0,0.000,0,0,0,0,0,0,0,0
119,-5,-2,0,1.751,0,0,0.000,0,0,0,0,0,0,0,0
119,3,1,1,1.431,0,0,0.000,0,0,0,0,0,0,2,2
119,-6,7,2,2.001,98,0,2.351,0,1,0,799,98,0,265,265
119,2,-4,2,1.421,0,0,0.000,0,0,0,0,0,0,0,0
119,-1,3,3,1.111,0,0,0.000,0,0,0,0,0,0,0,0
119,-1,2,3,0.311,0,0,0.000,0,0,0,0,0,0,0,0
119,-5,8,1,1.151,649,0,5.771,0,1,0,809,649,0,568,568
119,1,4,2,1.523,28,0,1.912,0,2,0,727,28,0,160,160
119,1,0,3,0.411,0,0,0.000,0,0,0,0,0,0,0,0
119,-2,1,3,3.761,0,0,0.000,0,0,0,0,0,0,0,0
119,-5,0,1,0.521,0,0,0.000,0,0,0,0,0,0,0,0
119,2,0,3,2.161,0,0,0.000,0,0,0,0,0,0,0,0
119,2,4,1,1.463,258,0,4.062,0,1,0,694,258,0,446,446
119,-6,3,0,1.071,0,0,0.000,0,0,0,0,0,0,0,0
119,3,0,0,0.751,0,0,0.000,0,0,0,0,0,0,1,1
119,-5,4,2,1.141,0,0,0.000,0,0,0,0,0,0,0,0
119,1,-2,3,0.221,0,0,0.000,0,0,0,0,0,0,0,0
119,-4,-3,0,0.911,0,0,0.000,0,0,0,0,0,0,0,0
119,3,-5,0,1.241,0,0,0.000,0,0,0,0,0,0,0,0
119,0,6,0,2.712,569,0,7.272,1,0,0,0,0,569,355,355
119,2,5,0,1.462,909,0,8.512,1,0,0,0,0,909,376,376
119,-3,7,0,1.962,215,0,6.192,1,0,0,0,0,215,337,337
119,-5,5,3,1.971,0,0,0.000,0,0,0,0,0,0,6,6
119,2,-5,1,0.161,0,0,0.000,0,0,0,0,0,0,0,0
119,4,-3,0,0.801,0,0,0.000,0,0,0,0,0,0,0,0
119,-3,-3,0,0.112,0,0,0.000,0,0,0,0,0,0,0,0
119,-3,-1,3,0.231,0,0,0.000,0,0,0,0,0,0,0,0
119,0,5,3,0.953,47,47,-1.000,0,0,0,0,0,0,106,106
119,0,0,3,0.971,0,0,0.000,0,0,0,0,0,0,0,0
119,3,-1,0,0.281,0,0,0.000,0,0,0,0,0,0,0,0
119,-1,-4,0,0.301,0,0,0.000,0,0,0,0,0,0,0,0
119,3,-2,1,0.621,0,0,0.000,0,0,0,0,0,0,0,0
119,1,5,0,3.272,484,0,8.291,1,0,0,0,0,484,406,406
119,-3,-2,2,1.171,0,0,0.000,0,0,0,0,0,0,0,0
119,-1,0,3,0.861,0,0,0.000,0,0,0,0,0,0,0,0
119,-5,-1,1,0.971,0,0,0.000,0,0,0,0,0,0,0,0
119,0,-1,3,0.331,0,0,0.000,0,0,0,0,0,0,0,0
119,-2,7,0,2.662,418,0,6.872,1,0,0,0,0,418,490,490
119,-6,4,1,1.843,0,0,0.000,0,0,0,0,0,0,2,2
119,-4,4,3,0.561,0,0,0.000,0,0,0,0,0,0,0,0
119,1,1,3,0.291,0,0,0.000,0,0,0,0,0,0,0,0
119,3,-4,0,2.291,0,0,0.000,0,0,0,0,0,0,0,0
119,-4,-1,3,0.341,0,0,0.000,0,0,0,0,0,0,0,0
119,-1,4,3,0.752,0,0,0.000,0,1,0,1,0,0,4,4
119,1,3,3,1.251,0,0,0.000,0,0,0,0,0,0,9,9
119,2,3,0,1.701,2,0,1.751,1,0,0,0,0,2,116,116
119,-2,-2,3,2.041,0,0,0.000,0,0,0,0,0,0,0,0
119,3,-3,0,0.461,0,0,0.000,0,0,0,0,0,0,0,0
119,-4,7,2,0.831,306,0,4.541,0,2,0,839,306,0,303,303
119,-1,-3,2,0.991,0,0,0.000,0,0,0,0,0,0,0,0
119,-5,7,2,4.023,67,0,2.763,0,1,0,597,67,0,259,259
119,-1,6,1,2.762,179,0,4.712,0,1,0,445,179,0,414,414
119,-3,5,3,30.000,0,0,0.000,0,1,0,4,0,0,8,8
119,-7,8,0,1.251,882,0,9.371,1,0,0,0,0,882,614,614
119,-3,6,3,1.131,4,0,2.862,0,1,0,14,4,0,136,136
119,-5,6,3,1.462,1,0,1.391,0,1,0,97,1,0,126,126
119,-4,2,3,0.101,0,0,0.000,0,0,0,0,0,0,0,0
119,-3,1,3,0.331,0,0,0.000,0,0,0,0,0,0,0,0
119,-6,5,0,1.242,0,0,0.000,0,1,0,9,0,0,34,34
119,1,-1,3,0.371,0,0,0.000,0,0,0,0,0,0,0,0
119,-4,1,3,0.191,0,0,0.000,0,0,0,0,0,0,0,0
119,-5,2,2,2.871,0,0,0.000,0,0,0,0,0,0,0,0
119,-2,-3,0,0.851,0,0,0.000,0,0,0,0,0,0,0,0
119,1,-5,0,0.231,0,0,0.000,0,0,0,0,0,0,0,0
119,-7,7,0,3.591,201,0,5.403,1,0,0,20,0,201,442,442
119,2,1,2,2.871,0,0,0.000,0,0,0,0,0,0,0,0
120,1,-4,2,1.811,0,0,0.000,0,0,0,0,0,0,0,0
120,-3,0,3,0.881,0,0,0.000,0,0,0,0,0,0,0,0
120,-2,2,3,1.001,0,0,0.000,0,0,0,0,0,0,0,0
120,-1,-1,3,0.121,0,0,0.000,0,0,0,0,0,0,0,0
120,0,1,3,0.112,0,0,0.000,0,0,0,0,0,0,0,0
120,-5,3,2,1.141,0,0,0.000,0,0,0,0,0,0,0,0
120,-1,1,3,0.381,0,0,0.000,0,0,0,0,0,0,0,0
120,-2,-1,3,0.641,0,0,0.000,0,0,0,0,0,0,0,0
120,0,4,3,1.911,0,0,0.000,0,1,0,21,0,0,3,3
120,3,-6,0,0.231,0,0,0.000,0,0,0,0,0,0,0,0
120,-2,4,3,1.801,0,0,0.000,0,0,0,0,0,0,0,0
120,-2,0,3,0.241,0,0,0.000,0,0,0,0,0,0,0,0
120,0,2,3,0.381,0,0,0.000,0,0,0,0,0,0,0,0
120,-4,3,3,0.183,0,0,0.000,0,0,0,0,0,0,0,0
120,-5,9,0,1.301,1418,0,9.251,1,0,0,0,0,1418,294,294
120,-7,6,1,3.073,21,0,5.443,0,1,1,215,8,13,228,228
120,-3,2,3,2.121,0,0,0.000,0,0,0,0,0,0,0,0
120,2,-1,2,0.591,0,0,0.000,0,0,0,0,0,0,0,0
120,0,-4,1,0.381,0,0,0.000,0,0,0,0,0,0,0,0
120,-2,5,3,1.701,0,0,0.000,0,0,0,0,0,0,37,37
120,-4,6,3,1.282,1,0,1.521,0,4,0,1017,1,0,66,66
120,-1,5,2,1.251,0,0,0.000,0,1,0,181,0,0,33,33
120,0,-3,2,0.161,0,0,0.000,0,0,0,0,0,0,0,0
120,-6,8,0,1.793,628,0,7.823,1,0,0,0,0,628,499,499
120,-1,-2,3,0.901,0,0,0.000,0,0,0,0,0,0,0,0
120,-2,3,3,0.181,0,0,0.000,0,0,0,0,0,0,0,0
120,-4,5,3,1.311,0,0,0.000,0,1,0,1,0,0,0,0
120,1,-3,3,1.511,0,0,0.000,0,0,0,0,0,0,0,0
120,0,-2,3,0.261,0,0,0.000,0,0,0,0,0,0,0,0
120,0,3,3,1.672,0,0,0.000,0,0,0,0,0,0,0,0
120,-6,6,2,8.082,6,0,5.263,0,1,0,21,6,0,42,42
120,-2,6,2,30.000,20,0,2.872,0,1,0,405,20,0,225,225
120,-3,3,3,0.311,0,0,0.000,0,0,0,0,0,0,0,0
120,2,-2,2,0.511,0,0,0.000,0,0,0,0,0,0,0,0
120,-4,-2,2,1.021,0,0,0.000,0,0,0,0,0,0,0,0
120,2,2,1,30.000,0,0,0.000,0,1,0,2,0,0,3,3
120,-5,1,0,0.361,0,0,0.000,0,0,0,0,0,0,0,0
120,2,-3,2,0.131,0,0,0.000,0,0,0,0,0,0,0,0
120,-4,0,2,0.221,0,0,0.000,0,0,0,0,0,0,0,0
120,-3,4,3,0.581,0,0,0.000,0,0,0,0,0,0,0,0
120,-4,8,1,4.291,604,0,6.841,1,1,0,146,0,604,356,356
120,1,2,2,0.821,0,0,0.000,0,0,0,0,0,0,0,0
120,-6,2,0,1.091,0,0,0.000,0,0,0,0,0,0,1,1
120,-5,-2,0,1.831,0,0,0.000,0,0,0,0,0,0,0,0
120,3,1,1,1.221,0,0,0.000,0,0,0,0,0,0,0,0
120,-6,7,2,2.551,107,0,3.184,0,1,0,804,107,0,226,226
120,2,-4,2,0.461,0,0,0.000,0,0,0,0,0,0,0,0
120,-1,3,3,1.111,0,0,0.000,0,0,0,0,0,0,0,0
120,-1,2,3,0.471,0,0,0.000,0,0,0,0,0,0,0,0
120,-5,8,1,23.801,670,0,5.751,0,1,0,779,670,0,554,554
120,1,4,2,1.353,21,0,1.812,0,2,0,710,21,0,162,162
120,1,0,3,0.161,0,0,0.000,0,0,0,0,0,0,0,0
120,-2,1,3,1.291,0,0,0.000,0,0,0,0,0,0,0,0
120,-5,0,1,0.551,0,0,0.000,0,0,0,0,0,0,0,0
120,2,0,3,1.231,0,0,0.000,0,0,0,0,0,0,0,0
120,2,4,1,1.872,240,0,3.992,0,1,0,693,240,0,458,458
120,-6,3,0,0.751,0,0,0.000,0,0,0,0,0,0,0,0
120,3,0,0,1.131,0,0,0.000,0,0,0,0,0,0,0,0
120,-5,4,2,0.681,0,0,0.000,0,0,0,0,0,0,0,0
120,1,-2,3,0.681,0,0,0.000,0,0,0,0,0,0,0,0
120,-4,-3,0,0.911,0,0,0.000,0,0,0,0,0,0,0,0
120,3,-5,0,0.171,0,0,0.000,0,0,0,0,0,0,0,0
120,0,6,0,1.401,562,0,5.901,1,0,0,0,0,562,355,355
120,2,5,0,1.462,898,0,8.502,1,0,0,0,0,898,409,409
120,-3,7,0,3.282,221,0,7.112,1,0,0,0,0,221,297,297
120,-5,5,3,0.971,0,0,0.000,0,0,0,0,0,0,6,6
120,2,-5,1,0.161,0,0,0.000,0,0,0,0,0,0,0,0
120,4,-3,0,0.431,0,0,0.000,0,0,0,0,0,0,0,0
120,-3,-3,0,0.362,0,0,0.000,0,0,0,0,0,0,0,0
120,-3,-1,3,0.111,0,0,0.000,0,0,0,0,0,0,0,0
120,0,5,3,0.952,35,35,-1.000,0,0,0,0,0,0,115,115
120,0,0,3,0.251,0,0,0.000,0,0,0,0,0,0,0,0
120,3,-1,0,0.881,0,0,0.000,0,0,0,0,0,0,0,0
120,-1,-4,0,0.401,0,0,0.000,0,0,0,0,0,0,0,0
120,3,-2,1,1.041,0,0,0.000,0,0,0,0,0,0,0,0
120,1,5,0,2.732,475,0,7.662,1,0,0,0,0,475,381,381
120,-3,-2,2,0.371,0,0,0.000,0,0,0,0,0,0,0,0
120,-1,0,3,1.701,0,0,0.000,0,0,0,0,0,0,0,0
120,-5,-1,1,1.911,0,0,0.000,0,0,0,0,0,0,0,0
120,0,-1,3,0.191,0,0,0.000,0,0,0,0,0,0,0,0
120,-2,7,0,2.582,416,0,6.742,1,0,0,0,0,416,478,478
120,-6,4,1,1.052,0,0,0.000,0,0,0,0,0,0,2,2
120,-4,4,3,0.941,0,0,0.000,0,0,0,0,0,0,0,0
120,1,1,3,0.551,0,0,0.000,0,0,0,0,0,0,0,0
120,3,-4,0,0.251,0,0,0.000,0,0,0,0,0,0,0,0
120,-4,-1,3,2.091,0,0,0.000,0,0,0,0,0,0,0,0
120,-1,4,3,1.991,0,0,0.000,0,0,0,0,0,0,5,5
120,1,3,3,1.731,0,0,0.000,0,0,0,0,0,0,13,13
120,2,3,0,1.701,2,0,1.751,1,0,0,0,0,2,116,116
120,-2,-2,3,30.000,0,0,0.000,0,0,0,0,0,0,0,0
120,3,-3,0,1.061,0,0,0.000,0,0,0,0,0,0,0,0
120,-4,7,2,1.011,323,0,4.701,0,3,1,1170,235,88,311,311
120,-1,-3,2,0.791,0,0,0.000,0,0,0,0,0,0,0,0
120,-5,7,2,5.102,51,0,2.393,0,1,0,588,51,0,292,292
120,-1,6,1,2.362,181,0,3.411,0,1,0,439,181,0,383,383
120,-3,5,3,0.551,0,0,0.000,0,1,0,5,0,0,6,6
120,-7,8,0,1.984,898,0,10.154,1,0,0,0,0,898,581,581
120,-3,6,3,3.221,5,0,2.782,0,1,0,20,5,0,141,141
120,-5,6,3,1.462,0,0,0.000,0,1,0,107,0,0,135,135
120,-4,2,3,0.101,0,0,0.000,0,0,0,0,0,0,0,0
120,-3,1,3,0.331,0,0,0.000,0,0,0,0,0,0,0,0
120,-6,5,0,0.681,0,0,0.000,0,1,0,6,0,0,35,35
120,1,-1,3,0.371,0,0,0.000,0,0,0,0,0,0,0,0
120,-4,1,3,0.391,0,0,0.000,0,0,0,0,0,0,0,0
120,-5,2,2,0.771,0,0,0.000,0,0,0,0,0,0,0,0
120,-2,-3,0,0.171,0,0,0.000,0,0,0,0,0,0,0,0
120,1,-5,0,0.831,0,0,0.000,0,0,0,0,0,0,0,0
120,-7,7,0,30.000,223,0,7.343,1,0,0,13,0,223,394,394
120,2,1,2,0.711,0,0,0.000,0,0,0,0,0,0,0,0
