run,q,r,role,readyS,lacks0,lacksEnd,fullS,manifests,forwarded,reverse,supplied,cached,received,keepGap0,keepGapEnd
1,1,-4,2,0.591,0,0,0.000,0,0,0,0,0,0,0,0
1,-3,0,3,0.881,0,0,0.000,0,0,0,0,0,0,0,0
1,-2,2,3,0.441,0,0,0.000,0,0,0,0,0,0,0,0
1,-1,-1,3,0.351,0,0,0.000,0,0,0,0,0,0,0,0
1,0,1,3,0.151,0,0,0.000,0,0,0,0,0,0,0,0
1,-5,3,2,1.601,0,0,0.000,0,0,0,0,0,0,0,0
1,-1,1,3,0.381,0,0,0.000,0,0,0,0,0,0,0,0
1,-2,-1,3,1.271,0,0,0.000,0,0,0,0,0,0,0,0
1,0,4,3,0.711,0,0,0.000,0,0,0,0,0,0,0,0
1,3,-6,0,2.141,0,0,0.000,0,0,0,0,0,0,0,0
1,-2,4,3,0.421,0,0,0.000,0,0,0,0,0,0,0,0
1,-2,0,3,0.651,0,0,0.000,0,0,0,0,0,0,0,0
1,0,2,3,1.981,0,0,0.000,0,0,0,0,0,0,0,0
1,-4,3,3,0.341,0,0,0.000,0,0,0,0,0,0,0,0
1,-5,9,0,0.851,1,0,0.971,1,0,0,0,0,1,48,48
1,-7,6,1,1.861,0,0,0.000,0,0,0,0,0,0,1,1
1,-3,2,3,0.331,0,0,0.000,0,0,0,0,0,0,0,0
1,2,-1,2,1.191,0,0,0.000,0,0,0,0,0,0,0,0
1,0,-4,1,2.061,0,0,0.000,0,0,0,0,0,0,0,0
1,-2,5,3,0.151,0,0,0.000,0,0,0,0,0,0,0,0
1,-4,6,3,0.951,0,0,0.000,0,0,0,0,0,0,0,0
1,-1,5,2,2.091,0,0,0.000,0,0,0,0,0,0,0,0
1,0,-3,2,0.161,0,0,0.000,0,0,0,0,0,0,0,0
1,-6,8,0,0.991,0,0,0.000,0,0,0,0,0,0,11,11
1,-1,-2,3,0.901,0,0,0.000,0,0,0,0,0,0,0,0
1,-2,3,3,0.751,0,0,0.000,0,0,0,0,0,0,0,0
1,-4,5,3,0.211,0,0,0.000,0,0,0,0,0,0,0,0
1,1,-3,3,1.301,0,0,0.000,0,0,0,0,0,0,0,0
1,0,-2,3,0.391,0,0,0.000,0,0,0,0,0,0,0,0
1,0,3,3,0.201,0,0,0.000,0,0,0,0,0,0,0,0
1,-6,6,2,3.322,0,0,0.000,0,0,0,0,0,0,0,0
1,-2,6,2,0.641,0,0,0.000,0,0,0,0,0,0,0,0
1,-3,3,3,1.731,0,0,0.000,0,0,0,0,0,0,0,0
1,2,-2,2,0.911,0,0,0.000,0,0,0,0,0,0,0,0
1,-4,-2,2,0.141,0,0,0.000,0,0,0,0,0,0,0,0
1,2,2,1,0.251,0,0,0.000,0,0,0,0,0,0,0,0
1,-5,1,0,0.361,0,0,0.000,0,0,0,0,0,0,0,0
1,2,-3,2,0.131,0,0,0.000,0,0,0,0,0,0,0,0
1,-4,0,2,0.221,0,0,0.000,0,0,0,0,0,0,0,0
1,-3,4,3,2.731,0,0,0.000,0,0,0,0,0,0,0,0
1,-4,8,1,2.131,0,0,0.000,0,0,0,0,0,0,0,0
1,1,2,2,1.341,0,0,0.000,0,0,0,0,0,0,0,0
1,-6,2,0,4.392,0,0,0.000,0,0,0,0,0,0,0,0
1,-5,-2,0,0.951,0,0,0.000,0,0,0,0,0,0,0,0
1,3,1,1,1.431,0,0,0.000,0,0,0,0,0,0,0,0
1,-6,7,2,2.351,0,0,0.000,0,1,0,1,0,0,1,1
1,2,-4,2,0.861,0,0,0.000,0,0,0,0,0,0,0,0
1,-1,3,3,1.751,0,0,0.000,0,0,0,0,0,0,0,0
1,-1,2,3,0.151,0,0,0.000,0,0,0,0,0,0,0,0
1,-5,8,1,0.812,0,0,0.000,0,1,0,1,0,0,18,18
1,1,4,2,1.521,0,0,0.000,0,0,0,0,0,0,0,0
1,1,0,3,0.241,0,0,0.000,0,0,0,0,0,0,0,0
1,-2,1,3,0.611,0,0,0.000,0,0,0,0,0,0,0,0
1,-5,0,1,0.761,0,0,0.000,0,0,0,0,0,0,0,0
1,2,0,3,0.921,0,0,0.000,0,0,0,0,0,0,0,0
1,2,4,1,0.501,0,0,0.000,0,0,0,0,0,0,0,0
1,-6,3,0,0.432,0,0,0.000,0,0,0,0,0,0,0,0
1,3,0,0,0.781,0,0,0.000,0,0,0,0,0,0,0,0
1,-5,4,2,0.681,0,0,0.000,0,0,0,0,0,0,0,0
1,1,-2,3,1.601,0,0,0.000,0,0,0,0,0,0,0,0
1,-4,-3,0,0.671,0,0,0.000,0,0,0,0,0,0,0,0
1,3,-5,0,0.341,0,0,0.000,0,0,0,0,0,0,0,0
1,0,6,0,0.681,0,0,0.000,0,0,0,0,0,0,0,0
1,2,5,0,0.551,0,0,0.000,0,0,0,0,0,0,1,1
1,-3,7,0,0.861,0,0,0.000,0,0,0,0,0,0,0,0
1,-5,5,3,0.391,0,0,0.000,0,0,0,0,0,0,0,0
1,2,-5,1,0.461,0,0,0.000,0,0,0,0,0,0,0,0
1,4,-3,0,0.891,0,0,0.000,0,0,0,0,0,0,0,0
1,-3,-3,0,0.211,0,0,0.000,0,0,0,0,0,0,0,0
1,-3,-1,3,0.111,0,0,0.000,0,0,0,0,0,0,0,0
1,0,5,3,0.151,0,0,0.000,0,0,0,0,0,0,0,0
1,0,0,3,0.251,0,0,0.000,0,0,0,0,0,0,0,0
1,3,-1,0,1.031,0,0,0.000,0,0,0,0,0,0,0,0
1,-1,-4,0,0.152,0,0,0.000,0,0,0,0,0,0,0,0
1,3,-2,1,0.411,0,0,0.000,0,0,0,0,0,0,0,0
1,1,5,0,0.521,0,0,0.000,0,0,0,0,0,0,0,0
1,-3,-2,2,0.181,0,0,0.000,0,0,0,0,0,0,0,0
1,-1,0,3,0.211,0,0,0.000,0,0,0,0,0,0,0,0
1,-5,-1,1,3.511,0,0,0.000,0,0,0,0,0,0,0,0
1,0,-1,3,0.521,0,0,0.000,0,0,0,0,0,0,0,0
1,-2,7,0,1.111,0,0,0.000,0,0,0,0,0,0,0,0
1,-6,4,1,1.271,0,0,0.000,0,0,0,0,0,0,0,0
1,-4,4,3,0.561,0,0,0.000,0,0,0,0,0,0,0,0
1,1,1,3,0.351,0,0,0.000,0,0,0,0,0,0,0,0
1,3,-4,0,0.991,0,0,0.000,0,0,0,0,0,0,0,0
1,-4,-1,3,0.481,0,0,0.000,0,0,0,0,0,0,0,0
1,-1,4,3,0.281,0,0,0.000,0,0,0,0,0,0,0,0
1,1,3,3,0.151,0,0,0.000,0,0,0,0,0,0,0,0
1,2,3,0,0.301,0,0,0.000,0,0,0,0,0,0,0,0
1,-2,-2,3,0.181,0,0,0.000,0,0,0,0,0,0,0,0
1,3,-3,0,0.751,0,0,0.000,0,0,0,0,0,0,0,0
1,-4,7,2,0.531,0,0,0.000,0,0,0,0,0,0,0,0
1,-1,-3,2,1.391,0,0,0.000,0,0,0,0,0,0,0,0
1,-5,7,2,1.321,0,0,0.000,0,0,0,0,0,0,0,0
1,-1,6,1,0.582,0,0,0.000,0,0,0,0,0,0,0,0
1,-3,5,3,0.133,0,0,0.000,0,0,0,0,0,0,0,0
1,-7,8,0,0.862,1,0,0.962,1,0,0,0,0,1,208,208
1,-3,6,3,0.751,0,0,0.000,0,0,0,0,0,0,0,0
1,-5,6,3,2.091,0,0,0.000,0,0,0,0,0,0,0,0
1,-4,2,3,0.211,0,0,0.000,0,0,0,0,0,0,0,0
1,-3,1,3,0.331,0,0,0.000,0,0,0,0,0,0,0,0
1,-6,5,0,5.582,0,0,0.000,0,0,0,0,0,0,0,0
1,1,-1,3,0.371,0,0,0.000,0,0,0,0,0,0,0,0
1,-4,1,3,0.191,0,0,0.000,0,0,0,0,0,0,0,0
1,-5,2,2,0.171,0,0,0.000,0,0,0,0,0,0,0,0
1,-2,-3,0,4.471,0,0,0.000,0,0,0,0,0,0,0,0
1,1,-5,0,0.231,0,0,0.000,0,0,0,0,0,0,0,0
1,-7,7,0,1.071,0,0,0.000,0,0,0,0,0,0,11,11
1,2,1,2,0.351,0,0,0.000,0,0,0,0,0,0,0,0
2,1,-4,2,0.251,0,0,0.000,0,0,0,0,0,0,0,0
2,-3,0,3,0.211,0,0,0.000,0,0,0,0,0,0,0,0
2,-2,2,3,1.011,0,0,0.000,0,0,0,0,0,0,0,0
2,-1,-1,3,0.121,0,0,0.000,0,0,0,0,0,0,0,0
2,0,1,3,0.111,0,0,0.000,0,0,0,0,0,0,0,0
2,-5,3,2,1.141,0,0,0.000,0,0,0,0,0,0,0,0
2,-1,1,3,0.381,0,0,0.000,0,0,0,0,0,0,0,0
2,-2,-1,3,0.361,0,0,0.000,0,0,0,0,0,0,0,0
2,0,4,3,0.951,0,0,0.000,0,0,0,0,0,0,0,0
2,3,-6,0,1.722,0,0,0.000,0,0,0,0,0,0,0,0
2,-2,4,3,0.881,0,0,0.000,0,0,0,0,0,0,0,0
2,-2,0,3,0.211,0,0,0.000,0,0,0,0,0,0,0,0
2,0,2,3,0.981,0,0,0.000,0,0,0,0,0,0,0,0
2,-4,3,3,0.341,0,0,0.000,0,0,0,0,0,0,0,0
2,-5,9,0,1.001,1,0,1.101,1,0,0,0,0,1,53,53
2,-7,6,1,1.652,0,0,0.000,0,0,0,0,0,0,1,1
2,-3,2,3,0.161,0,0,0.000,0,0,0,0,0,0,0,0
2,2,-1,2,0.591,0,0,0.000,0,0,0,0,0,0,0,0
2,0,-4,1,0.801,0,0,0.000,0,0,0,0,0,0,0,0
2,-2,5,3,0.151,0,0,0.000,0,0,0,0,0,0,0,0
2,-4,6,3,1.923,0,0,0.000,0,0,0,0,0,0,0,0
2,-1,5,2,0.201,0,0,0.000,0,0,0,0,0,0,0,0
2,0,-3,2,0.161,0,0,0.000,0,0,0,0,0,0,0,0
2,-6,8,0,0.991,0,0,0.000,0,0,0,0,0,0,13,13
2,-1,-2,3,0.441,0,0,0.000,0,0,0,0,0,0,0,0
2,-2,3,3,0.181,0,0,0.000,0,0,0,0,0,0,0,0
2,-4,5,3,0.261,0,0,0.000,0,0,0,0,0,0,0,0
2,1,-3,3,1.301,0,0,0.000,0,0,0,0,0,0,0,0
2,0,-2,3,0.621,0,0,0.000,0,0,0,0,0,0,0,0
2,0,3,3,0.201,0,0,0.000,0,0,0,0,0,0,0,0
2,-6,6,2,1.111,0,0,0.000,0,0,0,0,0,0,0,0
2,-2,6,2,1.421,0,0,0.000,0,0,0,0,0,0,0,0
2,-3,3,3,0.201,0,0,0.000,0,0,0,0,0,0,0,0
2,2,-2,2,0.471,0,0,0.000,0,0,0,0,0,0,0,0
2,-4,-2,2,0.571,0,0,0.000,0,0,0,0,0,0,0,0
2,2,2,1,0.151,0,0,0.000,0,0,0,0,0,0,0,0
2,-5,1,0,0.193,0,0,0.000,0,0,0,0,0,0,0,0
2,2,-3,2,0.241,0,0,0.000,0,0,0,0,0,0,0,0
2,-4,0,2,0.451,0,0,0.000,0,0,0,0,0,0,0,0
2,-3,4,3,0.211,0,0,0.000,0,0,0,0,0,0,0,0
2,-4,8,1,1.651,0,0,0.000,0,0,0,0,0,0,0,0
2,1,2,2,0.251,0,0,0.000,0,0,0,0,0,0,0,0
2,-6,2,0,1.151,0,0,0.000,0,0,0,0,0,0,0,0
2,-5,-2,0,1.191,0,0,0.000,0,0,0,0,0,0,0,0
2,3,1,1,1.851,0,0,0.000,0,0,0,0,0,0,0,0
2,-6,7,2,1.021,0,0,0.000,0,1,0,3,0,0,0,0
2,2,-4,2,0.652,0,0,0.000,0,0,0,0,0,0,0,0
2,-1,3,3,0.231,0,0,0.000,0,0,0,0,0,0,0,0
2,-1,2,3,0.151,0,0,0.000,0,0,0,0,0,0,0,0
2,-5,8,1,1.761,0,0,0.000,0,1,0,1,0,0,15,15
2,1,4,2,0.331,0,0,0.000,0,0,0,0,0,0,0,0
2,1,0,3,0.461,0,0,0.000,0,0,0,0,0,0,0,0
2,-2,1,3,0.331,0,0,0.000,0,0,0,0,0,0,0,0
2,-5,0,1,0.271,0,0,0.000,0,0,0,0,0,0,0,0
2,2,0,3,2.161,0,0,0.000,0,0,0,0,0,0,0,0
2,2,4,1,1.291,0,0,0.000,0,0,0,0,0,0,0,0
2,-6,3,0,0.432,0,0,0.000,0,0,0,0,0,0,0,0
2,3,0,0,2.461,0,0,0.000,0,0,0,0,0,0,0,0
2,-5,4,2,0.941,0,0,0.000,0,0,0,0,0,0,0,0
2,1,-2,3,1.141,0,0,0.000,0,0,0,0,0,0,0,0
2,-4,-3,0,0.471,0,0,0.000,0,0,0,0,0,0,0,0
2,3,-5,0,0.431,0,0,0.000,0,0,0,0,0,0,0,0
2,0,6,0,0.451,0,0,0.000,0,0,0,0,0,0,0,0
2,2,5,0,0.551,0,0,0.000,0,0,0,0,0,0,0,0
2,-3,7,0,1.081,0,0,0.000,0,0,0,0,0,0,0,0
2,-5,5,3,3.171,0,0,0.000,0,0,0,0,0,0,0,0
2,2,-5,1,1.141,0,0,0.000,0,0,0,0,0,0,0,0
2,4,-3,0,0.431,0,0,0.000,0,0,0,0,0,0,0,0
2,-3,-3,0,0.112,0,0,0.000,0,0,0,0,0,0,0,0
2,-3,-1,3,0.401,0,0,0.000,0,0,0,0,0,0,0,0
2,0,5,3,0.311,0,0,0.000,0,0,0,0,0,0,0,0
2,0,0,3,0.641,0,0,0.000,0,0,0,0,0,0,0,0
2,3,-1,0,0.281,0,0,0.000,0,0,0,0,0,0,0,0
2,-1,-4,0,0.241,0,0,0.000,0,0,0,0,0,0,0,0
2,3,-2,1,1.251,0,0,0.000,0,0,0,0,0,0,0,0
2,1,5,0,0.931,0,0,0.000,0,0,0,0,0,0,0,0
2,-3,-2,2,0.181,0,0,0.000,0,0,0,0,0,0,0,0
2,-1,0,3,0.601,0,0,0.000,0,0,0,0,0,0,0,0
2,-5,-1,1,1.531,0,0,0.000,0,0,0,0,0,0,0,0
2,0,-1,3,0.721,0,0,0.000,0,0,0,0,0,0,0,0
2,-2,7,0,1.661,0,0,0.000,0,0,0,0,0,0,0,0
2,-6,4,1,0.451,0,0,0.000,0,0,0,0,0,0,0,0
2,-4,4,3,0.751,0,0,0.000,0,0,0,0,0,0,0,0
2,1,1,3,0.291,0,0,0.000,0,0,0,0,0,0,0,0
2,3,-4,0,1.511,0,0,0.000,0,0,0,0,0,0,0,0
2,-4,-1,3,0.481,0,0,0.000,0,0,0,0,0,0,0,0
2,-1,4,3,1.231,0,0,0.000,0,0,0,0,0,0,0,0
2,1,3,3,0.151,0,0,0.000,0,0,0,0,0,0,0,0
2,2,3,0,2.141,0,0,0.000,0,0,0,0,0,0,0,0
2,-2,-2,3,0.371,0,0,0.000,0,0,0,0,0,0,0,0
2,3,-3,0,0.511,0,0,0.000,0,0,0,0,0,0,0,0
2,-4,7,2,1.121,0,0,0.000,0,0,0,0,0,0,0,0
2,-1,-3,2,0.591,0,0,0.000,0,0,0,0,0,0,0,0
2,-5,7,2,30.000,0,0,0.000,0,0,0,0,0,0,0,0
2,-1,6,1,1.561,0,0,0.000,0,0,0,0,0,0,0,0
2,-3,5,3,0.132,0,0,0.000,0,0,0,0,0,0,0,0
2,-7,8,0,1.111,3,0,1.222,1,0,0,0,0,3,205,205
2,-3,6,3,0.561,0,0,0.000,0,0,0,0,0,0,0,0
2,-5,6,3,1.131,0,0,0.000,0,0,0,0,0,0,0,0
2,-4,2,3,0.211,0,0,0.000,0,0,0,0,0,0,0,0
2,-3,1,3,0.521,0,0,0.000,0,0,0,0,0,0,0,0
2,-6,5,0,0.273,0,0,0.000,0,0,0,0,0,0,0,0
2,1,-1,3,0.561,0,0,0.000,0,0,0,0,0,0,0,0
2,-4,1,3,0.591,0,0,0.000,0,0,0,0,0,0,0,0
2,-5,2,2,0.351,0,0,0.000,0,0,0,0,0,0,0,0
2,-2,-3,0,0.172,0,0,0.000,0,0,0,0,0,0,0,0
2,1,-5,0,0.111,0,0,0.000,0,0,0,0,0,0,0,0
2,-7,7,0,1.071,0,0,0.000,0,0,0,0,0,0,10,10
2,2,1,2,0.171,0,0,0.000,0,0,0,0,0,0,0,0
3,1,-4,2,1.031,0,0,0.000,0,0,0,0,0,0,0,0
3,-3,0,3,1.231,0,0,0.000,0,0,0,0,0,0,0,0
3,-2,2,3,0.381,0,0,0.000,0,0,0,0,0,0,0,0
3,-1,-1,3,1.131,0,0,0.000,0,0,0,0,0,0,0,0
3,0,1,3,0.111,0,0,0.000,0,0,0,0,0,0,0,0
3,-5,3,2,0.451,0,0,0.000,0,0,0,0,0,0,0,0
3,-1,1,3,1.011,0,0,0.000,0,0,0,0,0,0,0,0
3,-2,-1,3,0.181,0,0,0.000,0,0,0,0,0,0,0,0
3,0,4,3,0.231,0,0,0.000,0,0,0,0,0,0,0,0
3,3,-6,0,1.181,0,0,0.000,0,0,0,0,0,0,0,0
3,-2,4,3,0.421,0,0,0.000,0,0,0,0,0,0,0,0
3,-2,0,3,0.651,0,0,0.000,0,0,0,0,0,0,0,0
3,0,2,3,0.381,0,0,0.000,0,0,0,0,0,0,0,0
3,-4,3,3,3.571,0,0,0.000,0,0,0,0,0,0,0,0
3,-5,9,0,1.151,0,0,0.000,0,0,0,0,0,0,65,65
3,-7,6,1,0.723,0,0,0.000,0,0,0,0,0,0,0,0
3,-3,2,3,0.161,0,0,0.000,0,0,0,0,0,0,0,0
3,2,-1,2,0.891,0,0,0.000,0,0,0,0,0,0,0,0
3,0,-4,1,0.201,0,0,0.000,0,0,0,0,0,0,0,0
3,-2,5,3,0.421,0,0,0.000,0,0,0,0,0,0,0,0
3,-4,6,3,1.041,0,0,0.000,0,0,0,0,0,0,0,0
3,-1,5,2,1.041,0,0,0.000,0,0,0,0,0,0,0,0
3,0,-3,2,0.281,0,0,0.000,0,0,0,0,0,0,0,0
3,-6,8,0,1.391,0,0,0.000,0,0,0,0,0,0,20,20
3,-1,-2,3,1.361,0,0,0.000,0,0,0,0,0,0,0,0
3,-2,3,3,0.181,0,0,0.000,0,0,0,0,0,0,0,0
3,-4,5,3,0.651,0,0,0.000,0,0,0,0,0,0,0,0
3,1,-3,3,1.301,0,0,0.000,0,0,0,0,0,0,0,0
3,0,-2,3,0.411,0,0,0.000,0,0,0,0,0,0,0,0
3,0,3,3,0.211,0,0,0.000,0,0,0,0,0,0,0,0
3,-6,6,2,0.601,0,0,0.000,0,0,0,0,0,0,0,0
3,-2,6,2,1.021,0,0,0.000,0,0,0,0,0,0,0,0
3,-3,3,3,0.201,0,0,0.000,0,0,0,0,0,0,0,0
3,2,-2,2,0.271,0,0,0.000,0,0,0,0,0,0,0,0
3,-4,-2,2,1.021,0,0,0.000,0,0,0,0,0,0,0,0
3,2,2,1,7.191,0,0,0.000,0,0,0,0,0,0,0,0
3,-5,1,0,0.193,0,0,0.000,0,0,0,0,0,0,0,0
3,2,-3,2,0.241,0,0,0.000,0,0,0,0,0,0,0,0
3,-4,0,2,0.451,0,0,0.000,0,0,0,0,0,0,0,0
3,-3,4,3,0.381,0,0,0.000,0,0,0,0,0,0,0,0
3,-4,8,1,2.371,0,0,0.000,0,0,0,0,0,0,0,0
3,1,2,2,0.471,0,0,0.000,0,0,0,0,0,0,0,0
3,-6,2,0,0.521,0,0,0.000,0,0,0,0,0,0,0,0
3,-5,-2,0,1.831,0,0,0.000,0,0,0,0,0,0,0,0
3,3,1,1,0.591,0,0,0.000,0,0,0,0,0,0,0,0
3,-6,7,2,1.411,0,0,0.000,0,1,0,3,0,0,0,0
3,2,-4,2,0.432,0,0,0.000,0,0,0,0,0,0,0,0
3,-1,3,3,1.751,0,0,0.000,0,0,0,0,0,0,0,0
3,-1,2,3,0.311,0,0,0.000,0,0,0,0,0,0,0,0
3,-5,8,1,1.322,0,0,0.000,0,0,0,0,0,0,18,18
3,1,4,2,0.161,0,0,0.000,0,0,0,0,0,0,0,0
3,1,0,3,0.161,0,0,0.000,0,0,0,0,0,0,0,0
3,-2,1,3,1.631,0,0,0.000,0,0,0,0,0,0,0,0
3,-5,0,1,0.481,0,0,0.000,0,0,0,0,0,0,0,0
3,2,0,3,0.611,0,0,0.000,0,0,0,0,0,0,0,0
3,2,4,1,0.441,0,0,0.000,0,0,0,0,0,0,0,0
3,-6,3,0,0.432,0,0,0.000,0,0,0,0,0,0,0,0
3,3,0,0,0.371,0,0,0.000,0,0,0,0,0,0,0,0
3,-5,4,2,0.451,0,0,0.000,0,0,0,0,0,0,0,0
3,1,-2,3,0.221,0,0,0.000,0,0,0,0,0,0,0,0
3,-4,-3,0,1.191,0,0,0.000,0,0,0,0,0,0,0,0
3,3,-5,0,0.521,0,0,0.000,0,0,0,0,0,0,0,0
3,0,6,0,0.652,0,0,0.000,0,0,0,0,0,0,0,0
3,2,5,0,1.391,0,0,0.000,0,0,0,0,0,0,0,0
3,-3,7,0,1.081,0,0,0.000,0,0,0,0,0,0,0,0
3,-5,5,3,0.392,0,0,0.000,0,0,0,0,0,0,0,0
3,2,-5,1,0.631,0,0,0.000,0,0,0,0,0,0,0,0
3,4,-3,0,0.223,0,0,0.000,0,0,0,0,0,0,0,0
3,-3,-3,0,0.112,0,0,0.000,0,0,0,0,0,0,0,0
3,-3,-1,3,1.481,0,0,0.000,0,0,0,0,0,0,0,0
3,0,5,3,0.471,0,0,0.000,0,0,0,0,0,0,0,0
3,0,0,3,1.421,0,0,0.000,0,0,0,0,0,0,0,0
3,3,-1,0,0.142,0,0,0.000,0,0,0,0,0,0,0,0
3,-1,-4,0,0.641,0,0,0.000,0,0,0,0,0,0,0,0
3,3,-2,1,1.041,0,0,0.000,0,0,0,0,0,0,0,0
3,1,5,0,0.352,0,0,0.000,0,0,0,0,0,0,0,0
3,-3,-2,2,0.941,0,0,0.000,0,0,0,0,0,0,0,0
3,-1,0,3,0.381,0,0,0.000,0,0,0,0,0,0,0,0
3,-5,-1,1,2.371,0,0,0.000,0,0,0,0,0,0,0,0
3,0,-1,3,6.121,0,0,0.000,0,0,0,0,0,0,0,0
3,-2,7,0,0.981,0,0,0.000,0,0,0,0,0,0,0,0
3,-6,4,1,1.271,0,0,0.000,0,0,0,0,0,0,0,0
3,-4,4,3,0.371,0,0,0.000,0,0,0,0,0,0,0,0
3,1,1,3,0.191,0,0,0.000,0,0,0,0,0,0,0,0
3,3,-4,0,1.251,0,0,0.000,0,0,0,0,0,0,0,0
3,-4,-1,3,0.731,0,0,0.000,0,0,0,0,0,0,0,0
3,-1,4,3,0.281,0,0,0.000,0,0,0,0,0,0,0,0
3,1,3,3,0.451,0,0,0.000,0,0,0,0,0,0,0,0
3,2,3,0,0.431,0,0,0.000,0,0,0,0,0,0,0,0
3,-2,-2,3,2.181,0,0,0.000,0,0,0,0,0,0,0,0
3,3,-3,0,0.232,0,0,0.000,0,0,0,0,0,0,0,0
3,-4,7,2,0.351,0,0,0.000,0,0,0,0,0,0,1,1
3,-1,-3,2,1.391,0,0,0.000,0,0,0,0,0,0,0,0
3,-5,7,2,1.051,0,0,0.000,0,0,0,0,0,0,0,0
3,-1,6,1,0.391,0,0,0.000,0,0,0,0,0,0,0,0
3,-3,5,3,0.191,0,0,0.000,0,0,0,0,0,0,0,0
3,-7,8,0,1.111,3,0,1.231,1,0,0,0,0,3,219,219
3,-3,6,3,0.941,0,0,0.000,0,0,0,0,0,0,0,0
3,-5,6,3,0.831,0,0,0.000,0,0,0,0,0,0,0,0
3,-4,2,3,0.211,0,0,0.000,0,0,0,0,0,0,0,0
3,-3,1,3,1.091,0,0,0.000,0,0,0,0,0,0,0,0
3,-6,5,0,0.273,0,0,0.000,0,0,0,0,0,0,0,0
3,1,-1,3,3.421,0,0,0.000,0,0,0,0,0,0,0,0
3,-4,1,3,0.232,0,0,0.000,0,0,0,0,0,0,0,0
3,-5,2,2,0.351,0,0,0.000,0,0,0,0,0,0,0,0
3,-2,-3,0,0.172,0,0,0.000,0,0,0,0,0,0,0,0
3,1,-5,0,0.351,0,0,0.000,0,0,0,0,0,0,0,0
3,-7,7,0,1.431,0,0,0.000,0,0,0,0,0,0,9,9
3,2,1,2,0.351,0,0,0.000,0,0,0,0,0,0,0,0
4,1,-4,2,0.771,0,0,0.000,0,0,0,0,0,0,0,0
4,-3,0,3,0.351,0,0,0.000,0,0,0,0,0,0,0,0
4,-2,2,3,0.221,0,0,0.000,0,0,0,0,0,0,0,0
4,-1,-1,3,0.221,0,0,0.000,0,0,0,0,0,0,0,0
4,0,1,3,0.111,0,0,0.000,0,0,0,0,0,0,0,0
4,-5,3,2,0.221,0,0,0.000,0,0,0,0,0,0,0,0
4,-1,1,3,0.201,0,0,0.000,0,0,0,0,0,0,0,0
4,-2,-1,3,0.181,0,0,0.000,0,0,0,0,0,0,0,0
4,0,4,3,0.711,0,0,0.000,0,0,0,0,0,0,0,0
4,3,-6,0,0.701,0,0,0.000,0,0,0,0,0,0,0,0
4,-2,4,3,0.421,0,0,0.000,0,0,0,0,0,0,0,0
4,-2,0,3,5.071,0,0,0.000,0,0,0,0,0,0,0,0
4,0,2,3,0.191,0,0,0.000,0,0,0,0,0,0,0,0
4,-4,3,3,0.341,0,0,0.000,0,0,0,0,0,0,0,0
4,-5,9,0,1.301,1,0,1.411,1,0,0,0,0,1,54,54
4,-7,6,1,0.772,0,0,0.000,0,0,0,0,0,0,0,0
4,-3,2,3,5.521,0,0,0.000,0,0,0,0,0,0,0,0
4,2,-1,2,0.891,0,0,0.000,0,0,0,0,0,0,0,0
4,0,-4,1,1.221,0,0,0.000,0,0,0,0,0,0,0,0
4,-2,5,3,0.151,0,0,0.000,0,0,0,0,0,0,0,0
4,-4,6,3,0.951,0,0,0.000,0,0,0,0,0,0,0,0
4,-1,5,2,0.411,0,0,0.000,0,0,0,0,0,0,0,0
4,0,-3,2,0.271,0,0,0.000,0,0,0,0,0,0,0,0
4,-6,8,0,1.391,0,0,0.000,0,0,0,0,0,0,12,12
4,-1,-2,3,0.671,0,0,0.000,0,0,0,0,0,0,0,0
4,-2,3,3,0.371,0,0,0.000,0,0,0,0,0,0,0,0
4,-4,5,3,0.441,0,0,0.000,0,0,0,0,0,0,0,0
4,1,-3,3,0.411,0,0,0.000,0,0,0,0,0,0,0,0
4,0,-2,3,0.531,0,0,0.000,0,0,0,0,0,0,0,0
4,0,3,3,0.891,0,0,0.000,0,0,0,0,0,0,0,0
4,-6,6,2,0.501,0,0,0.000,0,0,0,0,0,0,0,0
4,-2,6,2,3.881,0,0,0.000,0,0,0,0,0,0,0,0
4,-3,3,3,0.201,0,0,0.000,0,0,0,0,0,0,0,0
4,2,-2,2,0.331,0,0,0.000,0,0,0,0,0,0,0,0
4,-4,-2,2,1.021,0,0,0.000,0,0,0,0,0,0,0,0
4,2,2,1,0.311,0,0,0.000,0,0,0,0,0,0,0,0
4,-5,1,0,0.193,0,0,0.000,0,0,0,0,0,0,0,0
4,2,-3,2,0.241,0,0,0.000,0,0,0,0,0,0,0,0
4,-4,0,2,0.371,0,0,0.000,0,0,0,0,0,0,0,0
4,-3,4,3,0.361,0,0,0.000,0,0,0,0,0,0,0,0
4,-4,8,1,1.891,0,0,0.000,0,0,0,0,0,0,0,0
4,1,2,2,1.251,0,0,0.000,0,0,0,0,0,0,0,0
4,-6,2,0,0.521,0,0,0.000,0,0,0,0,0,0,0,0
4,-5,-2,0,1.991,0,0,0.000,0,0,0,0,0,0,0,0
4,3,1,1,0.921,0,0,0.000,0,0,0,0,0,0,0,0
4,-6,7,2,1.042,0,0,0.000,0,1,0,1,0,0,0,0
4,2,-4,2,0.541,0,0,0.000,0,0,0,0,0,0,0,0
4,-1,3,3,1.041,0,0,0.000,0,0,0,0,0,0,0,0
4,-1,2,3,0.151,0,0,0.000,0,0,0,0,0,0,0,0
4,-5,8,1,0.812,0,0,0.000,0,1,0,1,0,0,18,18
4,1,4,2,2.371,0,0,0.000,0,0,0,0,0,0,0,0
4,1,0,3,0.461,0,0,0.000,0,0,0,0,0,0,0,0
4,-2,1,3,2.751,0,0,0.000,0,0,0,0,0,0,0,0
4,-5,0,1,1.881,0,0,0.000,0,0,0,0,0,0,0,0
4,2,0,3,2.161,0,0,0.000,0,0,0,0,0,0,0,0
4,2,4,1,1.121,0,0,0.000,0,0,0,0,0,0,0,0
4,-6,3,0,0.432,0,0,0.000,0,0,0,0,0,0,0,0
4,3,0,0,0.371,0,0,0.000,0,0,0,0,0,0,0,0
4,-5,4,2,0.221,0,0,0.000,0,0,0,0,0,0,0,0
4,1,-2,3,5.051,0,0,0.000,0,0,0,0,0,0,0,0
4,-4,-3,0,0.471,0,0,0.000,0,0,0,0,0,0,0,0
4,3,-5,0,0.811,0,0,0.000,0,0,0,0,0,0,0,0
4,0,6,0,0.641,0,0,0.000,0,0,0,0,0,0,0,0
4,2,5,0,0.411,0,0,0.000,0,0,0,0,0,0,1,1
4,-3,7,0,2.181,0,0,0.000,0,0,0,0,0,0,0,0
4,-5,5,3,1.971,0,0,0.000,0,0,0,0,0,0,0,0
4,2,-5,1,0.291,0,0,0.000,0,0,0,0,0,0,0,0
4,4,-3,0,0.431,0,0,0.000,0,0,0,0,0,0,0,0
4,-3,-3,0,0.331,0,0,0.000,0,0,0,0,0,0,1,1
4,-3,-1,3,0.111,0,0,0.000,0,0,0,0,0,0,0,0
4,0,5,3,0.151,0,0,0.000,0,0,0,0,0,0,0,0
4,0,0,3,0.641,0,0,0.000,0,0,0,0,0,0,0,0
4,3,-1,0,0.281,0,0,0.000,0,0,0,0,0,0,0,0
4,-1,-4,0,0.471,0,0,0.000,0,0,0,0,0,0,0,0
4,3,-2,1,0.411,0,0,0.000,0,0,0,0,0,0,0,0
4,1,5,0,1.111,0,0,0.000,0,0,0,0,0,0,0,0
4,-3,-2,2,0.181,0,0,0.000,0,0,0,0,0,0,0,0
4,-1,0,3,0.381,0,0,0.000,0,0,0,0,0,0,0,0
4,-5,-1,1,1.181,0,0,0.000,0,0,0,0,0,0,0,0
4,0,-1,3,1.011,0,0,0.000,0,0,0,0,0,0,0,0
4,-2,7,0,1.611,0,0,0.000,0,0,0,0,0,0,0,0
4,-6,4,1,0.681,0,0,0.000,0,0,0,0,0,0,0,0
4,-4,4,3,0.181,0,0,0.000,0,0,0,0,0,0,0,0
4,1,1,3,0.291,0,0,0.000,0,0,0,0,0,0,0,0
4,3,-4,0,4.111,0,0,0.000,0,0,0,0,0,0,0,0
4,-4,-1,3,2.481,0,0,0.000,0,0,0,0,0,0,0,0
4,-1,4,3,0.311,0,0,0.000,0,0,0,0,0,0,0,0
4,1,3,3,0.151,0,0,0.000,0,0,0,0,0,0,0,0
4,2,3,0,0.521,0,0,0.000,0,0,0,0,0,0,0,0
4,-2,-2,3,0.481,0,0,0.000,0,0,0,0,0,0,0,0
4,3,-3,0,3.461,0,0,0.000,0,0,0,0,0,0,0,0
4,-4,7,2,0.922,0,0,0.000,0,0,0,0,0,0,0,0
4,-1,-3,2,0.791,0,0,0.000,0,0,0,0,0,0,0,0
4,-5,7,2,1.321,0,0,0.000,0,0,0,0,0,0,0,0
4,-1,6,1,0.392,0,0,0.000,0,0,0,0,0,0,0,0
4,-3,5,3,0.133,0,0,0.000,0,0,0,0,0,0,0,0
4,-7,8,0,1.252,1,0,1.332,1,0,0,0,0,1,208,208
4,-3,6,3,0.371,0,0,0.000,0,0,0,0,0,0,0,0
4,-5,6,3,0.411,0,0,0.000,0,0,0,0,0,0,0,0
4,-4,2,3,0.541,0,0,0.000,0,0,0,0,0,0,0,0
4,-3,1,3,0.841,0,0,0.000,0,0,0,0,0,0,0,0
4,-6,5,0,0.542,0,0,0.000,0,0,0,0,0,0,0,0
4,1,-1,3,0.191,0,0,0.000,0,0,0,0,0,0,0,0
4,-4,1,3,0.591,0,0,0.000,0,0,0,0,0,0,0,0
4,-5,2,2,0.531,0,0,0.000,0,0,0,0,0,0,0,0
4,-2,-3,0,0.172,0,0,0.000,0,0,0,0,0,0,0,0
4,1,-5,0,0.831,0,0,0.000,0,0,0,0,0,0,0,0
4,-7,7,0,1.251,0,0,0.000,0,0,0,0,0,0,8,8
4,2,1,2,0.711,0,0,0.000,0,0,0,0,0,0,0,0
5,1,-4,2,0.611,0,0,0.000,0,0,0,0,0,0,0,0
5,-3,0,3,0.411,0,0,0.000,0,0,0,0,0,0,0,0
5,-2,2,3,0.671,0,0,0.000,0,0,0,0,0,0,0,0
5,-1,-1,3,1.261,0,0,0.000,0,0,0,0,0,0,0,0
5,0,1,3,0.111,0,0,0.000,0,0,0,0,0,0,0,0
5,-5,3,2,1.371,0,0,0.000,0,0,0,0,0,0,0,0
5,-1,1,3,4.581,0,0,0.000,0,0,0,0,0,0,0,0
5,-2,-1,3,0.181,0,0,0.000,0,0,0,0,0,0,0,0
5,0,4,3,0.961,0,0,0.000,0,0,0,0,0,0,0,0
5,3,-6,0,1.722,0,0,0.000,0,0,0,0,0,0,0,0
5,-2,4,3,0.242,0,0,0.000,0,0,0,0,0,0,0,0
5,-2,0,3,0.651,0,0,0.000,0,0,0,0,0,0,0,0
5,0,2,3,0.651,0,0,0.000,0,0,0,0,0,0,0,0
5,-4,3,3,0.531,0,0,0.000,0,0,0,0,0,0,0,0
5,-5,9,0,1.632,0,0,0.000,0,0,0,0,0,0,75,75
5,-7,6,1,0.724,0,0,0.000,0,0,0,0,0,0,0,0
5,-3,2,3,0.421,0,0,0.000,0,0,0,0,0,0,0,0
5,2,-1,2,1.281,0,0,0.000,0,0,0,0,0,0,0,0
5,0,-4,1,0.871,0,0,0.000,0,0,0,0,0,0,0,0
5,-2,5,3,0.311,0,0,0.000,0,0,0,0,0,0,0,0
5,-4,6,3,0.951,0,0,0.000,0,0,0,0,0,0,0,0
5,-1,5,2,0.411,0,0,0.000,0,0,0,0,0,0,0,0
5,0,-3,2,0.161,0,0,0.000,0,0,0,0,0,0,0,0
5,-6,8,0,2.212,0,0,0.000,0,0,0,0,0,0,6,6
5,-1,-2,3,0.901,0,0,0.000,0,0,0,0,0,0,0,0
5,-2,3,3,0.371,0,0,0.000,0,0,0,0,0,0,0,0
5,-4,5,3,0.881,0,0,0.000,0,0,0,0,0,0,0,0
5,1,-3,3,30.000,0,0,0.000,0,0,0,0,0,0,0,0
5,0,-2,3,0.171,0,0,0.000,0,0,0,0,0,0,0,0
5,0,3,3,0.341,0,0,0.000,0,0,0,0,0,0,0,0
5,-6,6,2,0.601,0,0,0.000,0,0,0,0,0,0,0,0
5,-2,6,2,0.511,0,0,0.000,0,0,0,0,0,0,0,0
5,-3,3,3,0.621,0,0,0.000,0,0,0,0,0,0,0,0
5,2,-2,2,0.351,0,0,0.000,0,0,0,0,0,0,0,0
5,-4,-2,2,0.271,0,0,0.000,0,0,0,0,0,0,0,0
5,2,2,1,0.251,0,0,0.000,0,0,0,0,0,0,0,0
5,-5,1,0,0.361,0,0,0.000,0,0,0,0,0,0,0,0
5,2,-3,2,0.381,0,0,0.000,0,0,0,0,0,0,0,0
5,-4,0,2,1.061,0,0,0.000,0,0,0,0,0,0,0,0
5,-3,4,3,0.331,0,0,0.000,0,0,0,0,0,0,0,0
5,-4,8,1,1.171,0,0,0.000,0,0,0,0,0,0,0,0
5,1,2,2,0.321,0,0,0.000,0,0,0,0,0,0,0,0
5,-6,2,0,0.651,0,0,0.000,0,0,0,0,0,0,0,0
5,-5,-2,0,1.591,0,0,0.000,0,0,0,0,0,0,0,0
5,3,1,1,0.302,0,0,0.000,0,0,0,0,0,0,0,0
5,-6,7,2,1.021,0,0,0.000,0,0,0,0,0,0,0,0
5,2,-4,2,0.432,0,0,0.000,0,0,0,0,0,0,0,0
5,-1,3,3,2.241,0,0,0.000,0,0,0,0,0,0,0,0
5,-1,2,3,2.551,0,0,0.000,0,0,0,0,0,0,0,0
5,-5,8,1,0.812,0,0,0.000,0,0,0,0,0,0,24,24
5,1,4,2,0.161,0,0,0.000,0,0,0,0,0,0,0,0
5,1,0,3,0.161,0,0,0.000,0,0,0,0,0,0,0,0
5,-2,1,3,2.651,0,0,0.000,0,0,0,0,0,0,0,0
5,-5,0,1,0.521,0,0,0.000,0,0,0,0,0,0,0,0
5,2,0,3,0.611,0,0,0.000,0,0,0,0,0,0,0,0
5,2,4,1,0.611,0,0,0.000,0,0,0,0,0,0,0,0
5,-6,3,0,0.432,0,0,0.000,0,0,0,0,0,0,0,0
5,3,0,0,1.131,0,0,0.000,0,0,0,0,0,0,0,0
5,-5,4,2,0.911,0,0,0.000,0,0,0,0,0,0,0,0
5,1,-2,3,0.451,0,0,0.000,0,0,0,0,0,0,0,0
5,-4,-3,0,0.911,0,0,0.000,0,0,0,0,0,0,0,0
5,3,-5,0,0.341,0,0,0.000,0,0,0,0,0,0,0,0
5,0,6,0,1.632,0,0,0.000,0,0,0,0,0,0,0,0
5,2,5,0,1.251,0,0,0.000,0,0,0,0,0,0,0,0
5,-3,7,0,0.652,0,0,0.000,0,0,0,0,0,0,0,0
5,-5,5,3,0.392,0,0,0.000,0,0,0,0,0,0,0,0
5,2,-5,1,0.971,0,0,0.000,0,0,0,0,0,0,0,0
5,4,-3,0,2.501,0,0,0.000,0,0,0,0,0,0,0,0
5,-3,-3,0,0.112,0,0,0.000,0,0,0,0,0,0,0,0
5,-3,-1,3,0.111,0,0,0.000,0,0,0,0,0,0,0,0
5,0,5,3,0.951,0,0,0.000,0,0,0,0,0,0,0,0
5,0,0,3,0.251,0,0,0.000,0,0,0,0,0,0,0,0
5,3,-1,0,0.741,0,0,0.000,0,0,0,0,0,0,0,0
5,-1,-4,0,0.152,0,0,0.000,0,0,0,0,0,0,0,0
5,3,-2,1,0.411,0,0,0.000,0,0,0,0,0,0,0,0
5,1,5,0,1.601,0,0,0.000,0,0,0,0,0,0,0,0
5,-3,-2,2,0.251,0,0,0.000,0,0,0,0,0,0,0,0
5,-1,0,3,0.211,0,0,0.000,0,0,0,0,0,0,0,0
5,-5,-1,1,1.741,0,0,0.000,0,0,0,0,0,0,0,0
5,0,-1,3,1.371,0,0,0.000,0,0,0,0,0,0,0,0
5,-2,7,0,0.981,0,0,0.000,0,0,0,0,0,0,0,0
5,-6,4,1,2.191,0,0,0.000,0,0,0,0,0,0,0,0
5,-4,4,3,0.181,0,0,0.000,0,0,0,0,0,0,0,0
5,1,1,3,0.491,0,0,0.000,0,0,0,0,0,0,0,0
5,3,-4,0,0.253,0,0,0.000,0,0,0,0,0,0,0,0
5,-4,-1,3,0.981,0,0,0.000,0,0,0,0,0,0,0,0
5,-1,4,3,0.181,0,0,0.000,0,0,0,0,0,0,0,0
5,1,3,3,0.151,0,0,0.000,0,0,0,0,0,0,0,0
5,2,3,0,0.601,0,0,0.000,0,0,0,0,0,0,0,0
5,-2,-2,3,0.471,0,0,0.000,0,0,0,0,0,0,0,0
5,3,-3,0,1.151,0,0,0.000,0,0,0,0,0,0,0,0
5,-4,7,2,0.791,0,0,0.000,0,0,0,0,0,0,0,0
5,-1,-3,2,0.391,0,0,0.000,0,0,0,0,0,0,0,0
5,-5,7,2,1.591,0,0,0.000,0,0,0,0,0,0,0,0
5,-1,6,1,0.582,0,0,0.000,0,0,0,0,0,0,0,0
5,-3,5,3,0.892,0,0,0.000,0,0,0,0,0,0,0,0
5,-7,8,0,30.000,0,0,0.000,0,0,0,0,0,0,182,182
5,-3,6,3,0.751,0,0,0.000,0,0,0,0,0,0,0,0
5,-5,6,3,1.041,0,0,0.000,0,0,0,0,0,0,0,0
5,-4,2,3,0.321,0,0,0.000,0,0,0,0,0,0,0,0
5,-3,1,3,0.461,0,0,0.000,0,0,0,0,0,0,0,0
5,-6,5,0,30.000,0,0,0.000,0,0,0,0,0,0,0,0
5,1,-1,3,0.371,0,0,0.000,0,0,0,0,0,0,0,0
5,-4,1,3,0.851,0,0,0.000,0,0,0,0,0,0,0,0
5,-5,2,2,0.231,0,0,0.000,0,0,0,0,0,0,0,0
5,-2,-3,0,0.331,0,0,0.000,0,0,0,0,0,0,0,0
5,1,-5,0,0.111,0,0,0.000,0,0,0,0,0,0,1,1
5,-7,7,0,1.251,0,0,0.000,0,0,0,0,0,0,16,16
5,2,1,2,0.351,0,0,0.000,0,0,0,0,0,0,0,0
6,1,-4,2,1.031,0,0,0.000,0,0,0,0,0,0,0,0
6,-3,0,3,0.791,0,0,0.000,0,0,0,0,0,0,0,0
6,-2,2,3,0.671,0,0,0.000,0,0,0,0,0,0,0,0
6,-1,-1,3,0.221,0,0,0.000,0,0,0,0,0,0,0,0
6,0,1,3,0.111,0,0,0.000,0,0,0,0,0,0,0,0
6,-5,3,2,1.601,0,0,0.000,0,0,0,0,0,0,0,0
6,-1,1,3,0.201,0,0,0.000,0,0,0,0,0,0,0,0
6,-2,-1,3,0.321,0,0,0.000,0,0,0,0,0,0,0,0
6,0,4,3,0.711,0,0,0.000,0,0,0,0,0,0,0,0
6,3,-6,0,0.701,0,0,0.000,0,0,0,0,0,0,1,1
6,-2,4,3,2.261,0,0,0.000,0,0,0,0,0,0,0,0
6,-2,0,3,0.211,0,0,0.000,0,0,0,0,0,0,0,0
6,0,2,3,0.381,0,0,0.000,0,0,0,0,0,0,0,0
6,-4,3,3,0.721,0,0,0.000,0,0,0,0,0,0,0,0
6,-5,9,0,1.001,0,0,0.000,0,0,0,0,0,0,54,54
6,-7,6,1,0.761,0,0,0.000,0,0,0,0,0,0,1,1
6,-3,2,3,0.251,0,0,0.000,0,0,0,0,0,0,0,0
6,2,-1,2,0.591,0,0,0.000,0,0,0,0,0,0,0,0
6,0,-4,1,0.621,0,0,0.000,0,0,0,0,0,0,0,0
6,-2,5,3,0.901,0,0,0.000,0,0,0,0,0,0,0,0
6,-4,6,3,0.471,0,0,0.000,0,0,0,0,0,0,0,0
6,-1,5,2,18.891,0,0,0.000,0,0,0,0,0,0,0,0
6,0,-3,2,0.331,0,0,0.000,0,0,0,0,0,0,0,0
6,-6,8,0,1.391,0,0,0.000,0,0,0,0,0,0,15,15
6,-1,-2,3,0.441,0,0,0.000,0,0,0,0,0,0,0,0
6,-2,3,3,0.181,0,0,0.000,0,0,0,0,0,0,0,0
6,-4,5,3,2.441,0,0,0.000,0,0,0,0,0,0,0,0
6,1,-3,3,0.411,0,0,0.000,0,0,0,0,0,0,0,0
6,0,-2,3,0.141,0,0,0.000,0,0,0,0,0,0,0,0
6,0,3,3,1.391,0,0,0.000,0,0,0,0,0,0,0,0
6,-6,6,2,1.111,0,0,0.000,0,0,0,0,0,0,0,0
6,-2,6,2,1.021,0,0,0.000,0,0,0,0,0,0,0,0
6,-3,3,3,0.621,0,0,0.000,0,0,0,0,0,0,0,0
6,2,-2,2,0.311,0,0,0.000,0,0,0,0,0,0,0,0
6,-4,-2,2,0.141,0,0,0.000,0,0,0,0,0,0,0,0
6,2,2,1,0.151,0,0,0.000,0,0,0,0,0,0,0,0
6,-5,1,0,0.192,0,0,0.000,0,0,0,0,0,0,0,0
6,2,-3,2,1.361,0,0,0.000,0,0,0,0,0,0,0,0
6,-4,0,2,0.451,0,0,0.000,0,0,0,0,0,0,0,0
6,-3,4,3,0.311,0,0,0.000,0,0,0,0,0,0,0,0
6,-4,8,1,4.531,0,0,0.000,0,0,0,0,0,0,0,0
6,1,2,2,1.341,0,0,0.000,0,0,0,0,0,0,0,0
6,-6,2,0,0.431,0,0,0.000,0,0,0,0,0,0,0,0
6,-5,-2,0,1.831,0,0,0.000,0,0,0,0,0,0,0,0
6,3,1,1,0.201,0,0,0.000,0,0,0,0,0,0,0,0
6,-6,7,2,0.752,0,0,0.000,0,1,0,1,0,0,0,0
6,2,-4,2,0.371,0,0,0.000,0,0,0,0,0,0,0,0
6,-1,3,3,0.431,0,0,0.000,0,0,0,0,0,0,0,0
6,-1,2,3,0.631,0,0,0.000,0,0,0,0,0,0,0,0
6,-5,8,1,1.011,0,0,0.000,0,0,0,0,0,0,24,24
6,1,4,2,0.841,0,0,0.000,0,0,0,0,0,0,0,0
6,1,0,3,1.011,0,0,0.000,0,0,0,0,0,0,0,0
6,-2,1,3,1.391,0,0,0.000,0,0,0,0,0,0,0,0
6,-5,0,1,1.041,0,0,0.000,0,0,0,0,0,0,0,0
6,2,0,3,1.901,0,0,0.000,0,0,0,0,0,0,0,0
6,2,4,1,0.331,0,0,0.000,0,0,0,0,0,0,0,0
6,-6,3,0,0.531,0,0,0.000,0,0,0,0,0,0,0,0
6,3,0,0,2.651,0,0,0.000,0,0,0,0,0,0,0,0
6,-5,4,2,0.221,0,0,0.000,0,0,0,0,0,0,0,0
6,1,-2,3,1.141,0,0,0.000,0,0,0,0,0,0,0,0
6,-4,-3,0,0.711,0,0,0.000,0,0,0,0,0,0,0,0
6,3,-5,0,0.902,0,0,0.000,0,0,0,0,0,0,0,0
6,0,6,0,1.791,0,0,0.000,0,0,0,0,0,0,0,0
6,2,5,0,0.411,0,0,0.000,0,0,0,0,0,0,0,0
6,-3,7,0,0.861,0,0,0.000,0,0,0,0,0,0,0,0
6,-5,5,3,0.571,0,0,0.000,0,0,0,0,0,0,0,0
6,2,-5,1,0.461,0,0,0.000,0,0,0,0,0,0,0,0
6,4,-3,0,0.661,0,0,0.000,0,0,0,0,0,0,0,0
6,-3,-3,0,0.112,0,0,0.000,0,0,0,0,0,0,0,0
6,-3,-1,3,0.181,0,0,0.000,0,0,0,0,0,0,0,0
6,0,5,3,0.471,0,0,0.000,0,0,0,0,0,0,0,0
6,0,0,3,0.451,0,0,0.000,0,0,0,0,0,0,0,0
6,3,-1,0,0.142,0,0,0.000,0,0,0,0,0,0,0,0
6,-1,-4,0,0.312,0,0,0.000,0,0,0,0,0,0,0,0
6,3,-2,1,0.222,0,0,0.000,0,0,0,0,0,0,0,0
6,1,5,0,0.352,0,0,0.000,0,0,0,0,0,0,0,0
6,-3,-2,2,0.561,0,0,0.000,0,0,0,0,0,0,0,0
6,-1,0,3,30.000,0,0,0.000,0,0,0,0,0,0,0,0
6,-5,-1,1,1.011,0,0,0.000,0,0,0,0,0,0,0,0
6,0,-1,3,0.371,0,0,0.000,0,0,0,0,0,0,0,0
6,-2,7,0,1.321,0,0,0.000,0,0,0,0,0,0,0,0
6,-6,4,1,0.811,0,0,0.000,0,0,0,0,0,0,0,0
6,-4,4,3,0.181,0,0,0.000,0,0,0,0,0,0,0,0
6,1,1,3,0.351,0,0,0.000,0,0,0,0,0,0,0,0
6,3,-4,0,0.471,0,0,0.000,0,0,0,0,0,0,0,0
6,-4,-1,3,0.591,0,0,0.000,0,0,0,0,0,0,0,0
6,-1,4,3,0.181,0,0,0.000,0,0,0,0,0,0,0,0
6,1,3,3,0.151,0,0,0.000,0,0,0,0,0,0,0,0
6,2,3,0,0.301,0,0,0.000,0,0,0,0,0,0,0,0
6,-2,-2,3,0.181,0,0,0.000,0,0,0,0,0,0,0,0
6,3,-3,0,1.471,0,0,0.000,0,0,0,0,0,0,0,0
6,-4,7,2,0.411,0,0,0.000,0,0,0,0,0,0,1,1
6,-1,-3,2,0.991,0,0,0.000,0,0,0,0,0,0,0,0
6,-5,7,2,1.591,0,0,0.000,0,0,0,0,0,0,0,0
6,-1,6,1,0.761,0,0,0.000,0,0,0,0,0,0,0,0
6,-3,5,3,0.993,0,0,0.000,0,0,0,0,0,0,0,0
6,-7,8,0,0.692,1,0,0.782,1,0,0,0,0,1,210,210
6,-3,6,3,0.751,0,0,0.000,0,0,0,0,0,0,0,0
6,-5,6,3,0.621,0,0,0.000,0,0,0,0,0,0,0,0
6,-4,2,3,0.321,0,0,0.000,0,0,0,0,0,0,0,0
6,-3,1,3,0.371,0,0,0.000,0,0,0,0,0,0,0,0
6,-6,5,0,0.931,0,0,0.000,0,0,0,0,0,0,0,0
6,1,-1,3,0.371,0,0,0.000,0,0,0,0,0,0,0,0
6,-4,1,3,1.391,0,0,0.000,0,0,0,0,0,0,0,0
6,-5,2,2,0.771,0,0,0.000,0,0,0,0,0,0,0,0
6,-2,-3,0,0.331,0,0,0.000,0,0,0,0,0,0,0,0
6,1,-5,0,0.111,0,0,0.000,0,0,0,0,0,0,0,0
6,-7,7,0,1.251,0,0,0.000,0,0,0,0,0,0,13,13
6,2,1,2,0.171,0,0,0.000,0,0,0,0,0,0,0,0
7,1,-4,2,0.511,0,0,0.000,0,0,0,0,0,0,0,0
7,-3,0,3,0.411,0,0,0.000,0,0,0,0,0,0,0,0
7,-2,2,3,0.671,0,0,0.000,0,0,0,0,0,0,0,0
7,-1,-1,3,0.351,0,0,0.000,0,0,0,0,0,0,0,0
7,0,1,3,0.111,0,0,0.000,0,0,0,0,0,0,0,0
7,-5,3,2,2.981,0,0,0.000,0,0,0,0,0,0,0,0
7,-1,1,3,0.201,0,0,0.000,0,0,0,0,0,0,0,0
7,-2,-1,3,1.211,0,0,0.000,0,0,0,0,0,0,0,0
7,0,4,3,0.231,0,0,0.000,0,0,0,0,0,0,0,0
7,3,-6,0,1.421,0,0,0.000,0,0,0,0,0,0,1,1
7,-2,4,3,1.111,0,0,0.000,0,0,0,0,0,0,0,0
7,-2,0,3,0.431,0,0,0.000,0,0,0,0,0,0,0,0
7,0,2,3,1.451,0,0,0.000,0,0,0,0,0,0,0,0
7,-4,3,3,0.341,0,0,0.000,0,0,0,0,0,0,0,0
7,-5,9,0,0.851,2,0,0.971,1,0,0,0,0,2,47,47
7,-7,6,1,0.902,0,0,0.000,0,0,0,0,0,0,0,0
7,-3,2,3,0.161,0,0,0.000,0,0,0,0,0,0,0,0
7,2,-1,2,0.591,0,0,0.000,0,0,0,0,0,0,0,0
7,0,-4,1,1.251,0,0,0.000,0,0,0,0,0,0,0,0
7,-2,5,3,2.021,0,0,0.000,0,0,0,0,0,0,0,0
7,-4,6,3,1.191,0,0,0.000,0,0,0,0,0,0,0,0
7,-1,5,2,0.621,0,0,0.000,0,0,0,0,0,0,0,0
7,0,-3,2,0.161,0,0,0.000,0,0,0,0,0,0,0,0
7,-6,8,0,0.991,0,0,0.000,0,0,0,0,0,0,20,20
7,-1,-2,3,0.901,0,0,0.000,0,0,0,0,0,0,0,0
7,-2,3,3,1.891,0,0,0.000,0,0,0,0,0,0,0,0
7,-4,5,3,0.651,0,0,0.000,0,0,0,0,0,0,0,0
7,1,-3,3,0.411,0,0,0.000,0,0,0,0,0,0,0,0
7,0,-2,3,0.531,0,0,0.000,0,0,0,0,0,0,0,0
7,0,3,3,2.021,0,0,0.000,0,0,0,0,0,0,0,0
7,-6,6,2,1.791,0,0,0.000,0,0,0,0,0,0,0,0
7,-2,6,2,1.371,0,0,0.000,0,0,0,0,0,0,0,0
7,-3,3,3,0.261,0,0,0.000,0,0,0,0,0,0,0,0
7,2,-2,2,0.191,0,0,0.000,0,0,0,0,0,0,0,0
7,-4,-2,2,0.271,0,0,0.000,0,0,0,0,0,0,0,0
7,2,2,1,0.791,0,0,0.000,0,0,0,0,0,0,0,0
7,-5,1,0,0.361,0,0,0.000,0,0,0,0,0,0,0,0
7,2,-3,2,0.241,0,0,0.000,0,0,0,0,0,0,0,0
7,-4,0,2,0.451,0,0,0.000,0,0,0,0,0,0,0,0
7,-3,4,3,0.211,0,0,0.000,0,0,0,0,0,0,0,0
7,-4,8,1,1.411,0,0,0.000,0,0,0,0,0,0,0,0
7,1,2,2,0.251,0,0,0.000,0,0,0,0,0,0,0,0
7,-6,2,0,0.431,0,0,0.000,0,0,0,0,0,0,0,0
7,-5,-2,0,0.791,0,0,0.000,0,0,0,0,0,0,0,0
7,3,1,1,0.511,0,0,0.000,0,0,0,0,0,0,0,0
7,-6,7,2,1.021,0,0,0.000,0,1,0,2,0,0,0,0
7,2,-4,2,0.321,0,0,0.000,0,0,0,0,0,0,0,0
7,-1,3,3,0.631,0,0,0.000,0,0,0,0,0,0,0,0
7,-1,2,3,2.551,0,0,0.000,0,0,0,0,0,0,0,0
7,-5,8,1,1.152,0,0,0.000,0,1,0,2,0,0,7,7
7,1,4,2,2.201,0,0,0.000,0,0,0,0,0,0,0,0
7,1,0,3,0.411,0,0,0.000,0,0,0,0,0,0,0,0
7,-2,1,3,0.951,0,0,0.000,0,0,0,0,0,0,0,0
7,-5,0,1,0.271,0,0,0.000,0,0,0,0,0,0,0,0
7,2,0,3,0.301,0,0,0.000,0,0,0,0,0,0,0,0
7,2,4,1,0.441,0,0,0.000,0,0,0,0,0,0,0,0
7,-6,3,0,1.731,0,0,0.000,0,0,0,0,0,0,0,0
7,3,0,0,0.371,0,0,0.000,0,0,0,0,0,0,0,0
7,-5,4,2,0.451,0,0,0.000,0,0,0,0,0,0,0,0
7,1,-2,3,1.141,0,0,0.000,0,0,0,0,0,0,0,0
7,-4,-3,0,1.431,0,0,0.000,0,0,0,0,0,0,0,0
7,3,-5,0,0.701,0,0,0.000,0,0,0,0,0,0,0,0
7,0,6,0,0.991,0,0,0.000,0,0,0,0,0,0,0,0
7,2,5,0,2.231,0,0,0.000,0,0,0,0,0,0,0,0
7,-3,7,0,0.861,0,0,0.000,0,0,0,0,0,0,0,0
7,-5,5,3,0.392,0,0,0.000,0,0,0,0,0,0,0,0
7,2,-5,1,0.331,0,0,0.000,0,0,0,0,0,0,0,0
7,4,-3,0,1.031,0,0,0.000,0,0,0,0,0,0,0,0
7,-3,-3,0,0.112,0,0,0.000,0,0,0,0,0,0,0,0
7,-3,-1,3,0.281,0,0,0.000,0,0,0,0,0,0,0,0
7,0,5,3,0.311,0,0,0.000,0,0,0,0,0,0,0,0
7,0,0,3,2.531,0,0,0.000,0,0,0,0,0,0,0,0
7,3,-1,0,0.281,0,0,0.000,0,0,0,0,0,0,0,0
7,-1,-4,0,0.561,0,0,0.000,0,0,0,0,0,0,0,0
7,3,-2,1,0.621,0,0,0.000,0,0,0,0,0,0,0,0
7,1,5,0,0.391,0,0,0.000,0,0,0,0,0,0,0,0
7,-3,-2,2,0.371,0,0,0.000,0,0,0,0,0,0,0,0
7,-1,0,3,0.861,0,0,0.000,0,0,0,0,0,0,0,0
7,-5,-1,1,1.011,0,0,0.000,0,0,0,0,0,0,0,0
7,0,-1,3,0.521,0,0,0.000,0,0,0,0,0,0,0,0
7,-2,7,0,0.631,0,0,0.000,0,0,0,0,0,0,0,0
7,-6,4,1,0.861,0,0,0.000,0,0,0,0,0,0,0,0
7,-4,4,3,0.371,0,0,0.000,0,0,0,0,0,0,0,0
7,1,1,3,0.291,0,0,0.000,0,0,0,0,0,0,0,0
7,3,-4,0,1.771,0,0,0.000,0,0,0,0,0,0,0,0
7,-4,-1,3,0.481,0,0,0.000,0,0,0,0,0,0,0,0
7,-1,4,3,0.311,0,0,0.000,0,0,0,0,0,0,0,0
7,1,3,3,0.151,0,0,0.000,0,0,0,0,0,0,0,0
7,2,3,0,0.211,0,0,0.000,0,0,0,0,0,0,0,0
7,-2,-2,3,0.331,0,0,0.000,0,0,0,0,0,0,0,0
7,3,-3,0,0.461,0,0,0.000,0,0,0,0,0,0,0,0
7,-4,7,2,0.891,0,0,0.000,0,0,0,0,0,0,0,0
7,-1,-3,2,1.991,0,0,0.000,0,0,0,0,0,0,0,0
7,-5,7,2,2.671,0,0,0.000,0,0,0,0,0,0,0,0
7,-1,6,1,1.961,0,0,0.000,0,0,0,0,0,0,0,0
7,-3,5,3,0.261,0,0,0.000,0,0,0,0,0,0,0,0
7,-7,8,0,0.832,2,0,0.922,1,0,0,0,0,2,206,206
7,-3,6,3,0.371,0,0,0.000,0,0,0,0,0,0,0,0
7,-5,6,3,0.831,0,0,0.000,0,0,0,0,0,0,0,0
7,-4,2,3,0.211,0,0,0.000,0,0,0,0,0,0,0,0
7,-3,1,3,0.711,0,0,0.000,0,0,0,0,0,0,0,0
7,-6,5,0,0.371,0,0,0.000,0,0,0,0,0,0,0,0
7,1,-1,3,0.201,0,0,0.000,0,0,0,0,0,0,0,0
7,-4,1,3,0.191,0,0,0.000,0,0,0,0,0,0,0,0
7,-5,2,2,0.891,0,0,0.000,0,0,0,0,0,0,0,0
7,-2,-3,0,0.172,0,0,0.000,0,0,0,0,0,0,0,0
7,1,-5,0,1.071,0,0,0.000,0,0,0,0,0,0,0,0
7,-7,7,0,1.251,0,0,0.000,0,0,0,0,0,0,8,8
7,2,1,2,0.351,0,0,0.000,0,0,0,0,0,0,0,0
8,1,-4,2,0.251,0,0,0.000,0,0,0,0,0,0,0,0
8,-3,0,3,0.631,0,0,0.000,0,0,0,0,0,0,0,0
8,-2,2,3,1.071,0,0,0.000,0,0,0,0,0,0,0,0
8,-1,-1,3,0.221,0,0,0.000,0,0,0,0,0,0,0,0
8,0,1,3,0.111,0,0,0.000,0,0,0,0,0,0,0,0
8,-5,3,2,1.601,0,0,0.000,0,0,0,0,0,0,0,0
8,-1,1,3,1.011,0,0,0.000,0,0,0,0,0,0,0,0
8,-2,-1,3,2.351,0,0,0.000,0,0,0,0,0,0,0,0
8,0,4,3,2.391,0,0,0.000,0,0,0,0,0,0,0,0
8,3,-6,0,1.421,0,0,0.000,0,0,0,0,0,0,0,0
8,-2,4,3,0.651,0,0,0.000,0,0,0,0,0,0,0,0
8,-2,0,3,0.871,0,0,0.000,0,0,0,0,0,0,0,0
8,0,2,3,0.381,0,0,0.000,0,0,0,0,0,0,0,0
8,-4,3,3,0.341,0,0,0.000,0,0,0,0,0,0,0,0
8,-5,9,0,1.632,0,0,0.000,0,0,0,0,0,0,62,62
8,-7,6,1,1.091,0,0,0.000,0,0,0,0,0,0,0,0
8,-3,2,3,30.000,0,0,0.000,0,0,0,0,0,0,0,0
8,2,-1,2,2.091,0,0,0.000,0,0,0,0,0,0,0,0
8,0,-4,1,0.661,0,0,0.000,0,0,0,0,0,0,0,0
8,-2,5,3,0.421,0,0,0.000,0,0,0,0,0,0,0,0
8,-4,6,3,0.471,0,0,0.000,0,0,0,0,0,0,0,0
8,-1,5,2,0.201,0,0,0.000,0,0,0,0,0,0,0,0
8,0,-3,2,0.271,0,0,0.000,0,0,0,0,0,0,0,0
8,-6,8,0,1.191,0,0,0.000,0,0,0,0,0,0,13,13
8,-1,-2,3,2.971,0,0,0.000,0,0,0,0,0,0,0,0
8,-2,3,3,0.751,0,0,0.000,0,0,0,0,0,0,0,0
8,-4,5,3,1.531,0,0,0.000,0,0,0,0,0,0,0,0
8,1,-3,3,0.411,0,0,0.000,0,0,0,0,0,0,0,0
8,0,-2,3,0.141,0,0,0.000,0,0,0,0,0,0,0,0
8,0,3,3,1.391,0,0,0.000,0,0,0,0,0,0,0,0
8,-6,6,2,0.501,0,0,0.000,0,0,0,0,0,0,0,0
8,-2,6,2,1.111,0,0,0.000,0,0,0,0,0,0,0,0
8,-3,3,3,1.251,0,0,0.000,0,0,0,0,0,0,0,0
8,2,-2,2,0.311,0,0,0.000,0,0,0,0,0,0,0,0
8,-4,-2,2,0.571,0,0,0.000,0,0,0,0,0,0,0,0
8,2,2,1,0.411,0,0,0.000,0,0,0,0,0,0,0,0
8,-5,1,0,0.193,0,0,0.000,0,0,0,0,0,0,0,0
8,2,-3,2,0.131,0,0,0.000,0,0,0,0,0,0,0,0
8,-4,0,2,0.601,0,0,0.000,0,0,0,0,0,0,0,0
8,-3,4,3,0.361,0,0,0.000,0,0,0,0,0,0,0,0
8,-4,8,1,4.291,0,0,0.000,0,0,0,0,0,0,0,0
8,1,2,2,1.601,0,0,0.000,0,0,0,0,0,0,0,0
8,-6,2,0,0.431,0,0,0.000,0,0,0,0,0,0,0,0
8,-5,-2,0,1.271,0,0,0.000,0,0,0,0,0,0,0,0
8,3,1,1,0.231,0,0,0.000,0,0,0,0,0,0,0,0
8,-6,7,2,0.752,0,0,0.000,0,1,0,1,0,0,0,0
8,2,-4,2,0.212,0,0,0.000,0,0,0,0,0,0,0,0
8,-1,3,3,0.631,0,0,0.000,0,0,0,0,0,0,0,0
8,-1,2,3,0.471,0,0,0.000,0,0,0,0,0,0,0,0
8,-5,8,1,3.912,0,0,0.000,0,0,0,0,0,0,14,14
8,1,4,2,0.192,0,0,0.000,0,0,0,0,0,0,0,0
8,1,0,3,0.161,0,0,0.000,0,0,0,0,0,0,0,0
8,-2,1,3,1.641,0,0,0.000,0,0,0,0,0,0,0,0
8,-5,0,1,0.481,0,0,0.000,0,0,0,0,0,0,0,0
8,2,0,3,0.921,0,0,0.000,0,0,0,0,0,0,0,0
8,2,4,1,0.331,0,0,0.000,0,0,0,0,0,0,0,0
8,-6,3,0,0.501,0,0,0.000,0,0,0,0,0,0,0,0
8,3,0,0,0.371,0,0,0.000,0,0,0,0,0,0,0,0
8,-5,4,2,0.221,0,0,0.000,0,0,0,0,0,0,0,0
8,1,-2,3,1.141,0,0,0.000,0,0,0,0,0,0,0,0
8,-4,-3,0,0.951,0,0,0.000,0,0,0,0,0,0,0,0
8,3,-5,0,0.521,0,0,0.000,0,0,0,0,0,0,0,0
8,0,6,0,1.101,0,0,0.000,0,0,0,0,0,0,0,0
8,2,5,0,0.411,0,0,0.000,0,0,0,0,0,0,0,0
8,-3,7,0,0.861,0,0,0.000,0,0,0,0,0,0,0,0
8,-5,5,3,0.571,0,0,0.000,0,0,0,0,0,0,0,0
8,2,-5,1,30.000,0,0,0.000,0,0,0,0,0,0,0,0
8,4,-3,0,30.000,0,0,0.000,0,0,0,0,0,0,0,0
8,-3,-3,0,0.222,0,0,0.000,0,0,0,0,0,0,0,0
8,-3,-1,3,0.301,0,0,0.000,0,0,0,0,0,0,0,0
8,0,5,3,0.471,0,0,0.000,0,0,0,0,0,0,0,0
8,0,0,3,2.461,0,0,0.000,0,0,0,0,0,0,0,0
8,3,-1,0,0.281,0,0,0.000,0,0,0,0,0,0,0,0
8,-1,-4,0,0.301,0,0,0.000,0,0,0,0,0,0,0,0
8,3,-2,1,0.201,0,0,0.000,0,0,0,0,0,0,0,0
8,1,5,0,0.352,0,0,0.000,0,0,0,0,0,0,0,0
8,-3,-2,2,0.371,0,0,0.000,0,0,0,0,0,0,0,0
8,-1,0,3,0.381,0,0,0.000,0,0,0,0,0,0,0,0
8,-5,-1,1,2.371,0,0,0.000,0,0,0,0,0,0,0,0
8,0,-1,3,0.371,0,0,0.000,0,0,0,0,0,0,0,0
8,-2,7,0,0.771,0,0,0.000,0,0,0,0,0,0,0,0
8,-6,4,1,0.981,0,0,0.000,0,0,0,0,0,0,0,0
8,-4,4,3,1.511,0,0,0.000,0,0,0,0,0,0,0,0
8,1,1,3,0.591,0,0,0.000,0,0,0,0,0,0,0,0
8,3,-4,0,0.471,0,0,0.000,0,0,0,0,0,0,0,0
8,-4,-1,3,0.481,0,0,0.000,0,0,0,0,0,0,0,0
8,-1,4,3,0.181,0,0,0.000,0,0,0,0,0,0,0,0
8,1,3,3,0.291,0,0,0.000,0,0,0,0,0,0,0,0
8,2,3,0,0.211,0,0,0.000,0,0,0,0,0,0,0,0
8,-2,-2,3,0.291,0,0,0.000,0,0,0,0,0,0,0,0
8,3,-3,0,1.151,0,0,0.000,0,0,0,0,0,0,0,0
8,-4,7,2,0.651,0,0,0.000,0,0,0,0,0,0,0,0
8,-1,-3,2,0.191,0,0,0.000,0,0,0,0,0,0,0,0
8,-5,7,2,3.481,0,0,0.000,0,0,0,0,0,0,0,0
8,-1,6,1,0.561,0,0,0.000,0,0,0,0,0,0,0,0
8,-3,5,3,0.261,0,0,0.000,0,0,0,0,0,0,0,0
8,-7,8,0,1.141,1,0,1.221,1,0,0,0,0,1,184,184
8,-3,6,3,0.391,0,0,0.000,0,0,0,0,0,0,0,0
8,-5,6,3,0.501,0,0,0.000,0,0,0,0,0,0,0,0
8,-4,2,3,0.211,0,0,0.000,0,0,0,0,0,0,0,0
8,-3,1,3,1.091,0,0,0.000,0,0,0,0,0,0,0,0
8,-6,5,0,0.402,0,0,0.000,0,0,0,0,0,0,0,0
8,1,-1,3,0.181,0,0,0.000,0,0,0,0,0,0,0,0
8,-4,1,3,0.811,0,0,0.000,0,0,0,0,0,0,0,0
8,-5,2,2,0.171,0,0,0.000,0,0,0,0,0,0,0,0
8,-2,-3,0,0.172,0,0,0.000,0,0,0,0,0,0,0,0
8,1,-5,0,0.231,0,0,0.000,0,0,0,0,0,0,0,0
8,-7,7,0,0.891,0,0,0.000,0,0,0,0,0,0,7,7
8,2,1,2,0.171,0,0,0.000,0,0,0,0,0,0,0,0
9,1,-4,2,0.511,0,0,0.000,0,0,0,0,0,0,0,0
9,-3,0,3,2.171,0,0,0.000,0,0,0,0,0,0,0,0
9,-2,2,3,0.381,0,0,0.000,0,0,0,0,0,0,0,0
9,-1,-1,3,0.221,0,0,0.000,0,0,0,0,0,0,0,0
9,0,1,3,0.391,0,0,0.000,0,0,0,0,0,0,0,0
9,-5,3,2,0.221,0,0,0.000,0,0,0,0,0,0,0,0
9,-1,1,3,0.201,0,0,0.000,0,0,0,0,0,0,0,0
9,-2,-1,3,0.831,0,0,0.000,0,0,0,0,0,0,0,0
9,0,4,3,0.951,0,0,0.000,0,0,0,0,0,0,0,0
9,3,-6,0,0.701,0,0,0.000,0,0,0,0,0,0,1,1
9,-2,4,3,0.421,0,0,0.000,0,0,0,0,0,0,0,0
9,-2,0,3,1.091,0,0,0.000,0,0,0,0,0,0,0,0
9,0,2,3,0.191,0,0,0.000,0,0,0,0,0,0,0,0
9,-4,3,3,0.341,0,0,0.000,0,0,0,0,0,0,0,0
9,-5,9,0,1.601,1,0,1.701,1,0,0,0,0,1,69,69
9,-7,6,1,1.531,0,0,0.000,0,0,0,0,0,0,0,0
9,-3,2,3,0.421,0,0,0.000,0,0,0,0,0,0,0,0
9,2,-1,2,0.291,0,0,0.000,0,0,0,0,0,0,0,0
9,0,-4,1,1.111,0,0,0.000,0,0,0,0,0,0,0,0
9,-2,5,3,0.151,0,0,0.000,0,0,0,0,0,0,0,0
9,-4,6,3,0.963,0,0,0.000,0,0,0,0,0,0,0,0
9,-1,5,2,0.201,0,0,0.000,0,0,0,0,0,0,0,0
9,0,-3,2,0.331,0,0,0.000,0,0,0,0,0,0,0,0
9,-6,8,0,3.391,0,0,0.000,0,0,0,0,0,0,12,12
9,-1,-2,3,0.901,0,0,0.000,0,0,0,0,0,0,0,0
9,-2,3,3,0.371,0,0,0.000,0,0,0,0,0,0,0,0
9,-4,5,3,0.431,0,0,0.000,0,0,0,0,0,0,0,0
9,1,-3,3,0.251,0,0,0.000,0,0,0,0,0,0,0,0
9,0,-2,3,0.141,0,0,0.000,0,0,0,0,0,0,0,0
9,0,3,3,0.341,0,0,0.000,0,0,0,0,0,0,0,0
9,-6,6,2,0.771,0,0,0.000,0,0,0,0,0,0,0,0
9,-2,6,2,0.641,0,0,0.000,0,0,0,0,0,0,0,0
9,-3,3,3,1.311,0,0,0.000,0,0,0,0,0,0,0,0
9,2,-2,2,0.221,0,0,0.000,0,0,0,0,0,0,0,0
9,-4,-2,2,0.141,0,0,0.000,0,0,0,0,0,0,0,0
9,2,2,1,0.411,0,0,0.000,0,0,0,0,0,0,0,0
9,-5,1,0,2.361,0,0,0.000,0,0,0,0,0,0,0,0
9,2,-3,2,0.131,0,0,0.000,0,0,0,0,0,0,0,0
9,-4,0,2,0.601,0,0,0.000,0,0,0,0,0,0,0,0
9,-3,4,3,3.171,0,0,0.000,0,0,0,0,0,0,0,0
9,-4,8,1,1.171,0,0,0.000,0,0,0,0,0,0,0,0
9,1,2,2,0.731,0,0,0.000,0,0,0,0,0,0,0,0
9,-6,2,0,1.361,0,0,0.000,0,0,0,0,0,0,0,0
9,-5,-2,0,0.471,0,0,0.000,0,0,0,0,0,0,0,0
9,3,1,1,0.291,0,0,0.000,0,0,0,0,0,0,0,0
9,-6,7,2,1.132,0,0,0.000,0,0,0,0,0,0,0,0
9,2,-4,2,0.541,0,0,0.000,0,0,0,0,0,0,0,0
9,-1,3,3,1.031,0,0,0.000,0,0,0,0,0,0,0,0
9,-1,2,3,0.311,0,0,0.000,0,0,0,0,0,0,0,0
9,-5,8,1,0.812,0,0,0.000,0,1,0,1,0,0,19,19
9,1,4,2,0.161,0,0,0.000,0,0,0,0,0,0,0,0
9,1,0,3,1.091,0,0,0.000,0,0,0,0,0,0,0,0
9,-2,1,3,0.331,0,0,0.000,0,0,0,0,0,0,0,0
9,-5,0,1,1.881,0,0,0.000,0,0,0,0,0,0,0,0
9,2,0,3,0.921,0,0,0.000,0,0,0,0,0,0,0,0
9,2,4,1,0.331,0,0,0.000,0,0,0,0,0,0,1,1
9,-6,3,0,0.631,0,0,0.000,0,0,0,0,0,0,0,0
9,3,0,0,0.371,0,0,0.000,0,0,0,0,0,0,0,0
9,-5,4,2,0.451,0,0,0.000,0,0,0,0,0,0,0,0
9,1,-2,3,1.371,0,0,0.000,0,0,0,0,0,0,0,0
9,-4,-3,0,1.631,0,0,0.000,0,0,0,0,0,0,0,0
9,3,-5,0,0.521,0,0,0.000,0,0,0,0,0,0,0,0
9,0,6,0,0.871,0,0,0.000,0,0,0,0,0,0,0,0
9,2,5,0,0.551,0,0,0.000,0,0,0,0,0,0,0,0
9,-3,7,0,1.301,0,0,0.000,0,0,0,0,0,0,0,0
9,-5,5,3,0.771,0,0,0.000,0,0,0,0,0,0,0,0
9,2,-5,1,0.631,0,0,0.000,0,0,0,0,0,0,0,0
9,4,-3,0,1.581,0,0,0.000,0,0,0,0,0,0,0,0
9,-3,-3,0,0.211,0,0,0.000,0,0,0,0,0,0,0,0
9,-3,-1,3,0.111,0,0,0.000,0,0,0,0,0,0,0,0
9,0,5,3,0.151,0,0,0.000,0,0,0,0,0,0,0,0
9,0,0,3,1.161,0,0,0.000,0,0,0,0,0,0,0,0
9,3,-1,0,0.591,0,0,0.000,0,0,0,0,0,0,0,0
9,-1,-4,0,0.781,0,0,0.000,0,0,0,0,0,0,0,0
9,3,-2,1,0.411,0,0,0.000,0,0,0,0,0,0,0,0
9,1,5,0,0.701,0,0,0.000,0,0,0,0,0,0,0,0
9,-3,-2,2,0.561,0,0,0.000,0,0,0,0,0,0,0,0
9,-1,0,3,0.211,0,0,0.000,0,0,0,0,0,0,0,0
9,-5,-1,1,1.711,0,0,0.000,0,0,0,0,0,0,0,0
9,0,-1,3,0.521,0,0,0.000,0,0,0,0,0,0,0,0
9,-2,7,0,1.031,0,0,0.000,0,0,0,0,0,0,0,0
9,-6,4,1,1.271,0,0,0.000,0,0,0,0,0,0,0,0
9,-4,4,3,0.371,0,0,0.000,0,0,0,0,0,0,0,0
9,1,1,3,0.191,0,0,0.000,0,0,0,0,0,0,0,0
9,3,-4,0,0.991,0,0,0.000,0,0,0,0,0,0,0,0
9,-4,-1,3,0.981,0,0,0.000,0,0,0,0,0,0,0,0
9,-1,4,3,0.281,0,0,0.000,0,0,0,0,0,0,0,0
9,1,3,3,0.451,0,0,0.000,0,0,0,0,0,0,0,0
9,2,3,0,2.801,0,0,0.000,0,0,0,0,0,0,0,0
9,-2,-2,3,0.181,0,0,0.000,0,0,0,0,0,0,0,0
9,3,-3,0,0.431,0,0,0.000,0,0,0,0,0,0,0,0
9,-4,7,2,1.611,0,0,0.000,0,0,0,0,0,0,1,1
9,-1,-3,2,0.991,0,0,0.000,0,0,0,0,0,0,0,0
9,-5,7,2,2.671,0,0,0.000,0,0,0,0,0,0,0,0
9,-1,6,1,1.961,0,0,0.000,0,0,0,0,0,0,0,0
9,-3,5,3,0.261,0,0,0.000,0,0,0,0,0,0,0,0
9,-7,8,0,1.281,0,0,0.000,0,0,0,0,0,0,223,223
9,-3,6,3,0.751,0,0,0.000,0,0,0,0,0,0,0,0
9,-5,6,3,0.711,0,0,0.000,0,0,0,0,0,0,0,0
9,-4,2,3,0.101,0,0,0.000,0,0,0,0,0,0,0,0
9,-3,1,3,1.221,0,0,0.000,0,0,0,0,0,0,0,0
9,-6,5,0,3.311,0,0,0.000,0,0,0,0,0,0,0,0
9,1,-1,3,0.201,0,0,0.000,0,0,0,0,0,0,0,0
9,-4,1,3,1.591,0,0,0.000,0,0,0,0,0,0,0,0
9,-5,2,2,0.531,0,0,0.000,0,0,0,0,0,0,0,0
9,-2,-3,0,0.491,0,0,0.000,0,0,0,0,0,0,0,0
9,1,-5,0,0.231,0,0,0.000,0,0,0,0,0,0,0,0
9,-7,7,0,2.151,0,0,0.000,0,0,0,0,0,0,11,11
9,2,1,2,0.531,0,0,0.000,0,0,0,0,0,0,0,0
10,1,-4,2,0.251,0,0,0.000,0,0,0,0,0,0,0,0
10,-3,0,3,0.571,0,0,0.000,0,0,0,0,0,0,0,0
10,-2,2,3,1.761,0,0,0.000,0,0,0,0,0,0,0,0
10,-1,-1,3,0.221,0,0,0.000,0,0,0,0,0,0,0,0
10,0,1,3,0.111,0,0,0.000,0,0,0,0,0,0,0,0
10,-5,3,2,0.221,0,0,0.000,0,0,0,0,0,0,0,0
10,-1,1,3,0.201,0,0,0.000,0,0,0,0,0,0,0,0
10,-2,-1,3,0.461,0,0,0.000,0,0,0,0,0,0,0,0
10,0,4,3,0.471,0,0,0.000,0,0,0,0,0,0,0,0
10,3,-6,0,0.941,0,0,0.000,0,0,0,0,0,0,0,0
10,-2,4,3,0.421,0,0,0.000,0,0,0,0,0,0,0,0
10,-2,0,3,0.211,0,0,0.000,0,0,0,0,0,0,0,0
10,0,2,3,0.381,0,0,0.000,0,0,0,0,0,0,0,0
10,-4,3,3,2.051,0,0,0.000,0,0,0,0,0,0,0,0
10,-5,9,0,1.032,0,0,0.000,0,0,0,0,0,0,72,72
10,-7,6,1,1.751,0,0,0.000,0,0,0,0,0,0,0,0
10,-3,2,3,0.331,0,0,0.000,0,0,0,0,0,0,0,0
10,2,-1,2,0.381,0,0,0.000,0,0,0,0,0,0,0,0
10,0,-4,1,0.201,0,0,0.000,0,0,0,0,0,0,0,0
10,-2,5,3,0.311,0,0,0.000,0,0,0,0,0,0,0,0
10,-4,6,3,3.363,0,0,0.000,0,0,0,0,0,0,0,0
10,-1,5,2,0.201,0,0,0.000,0,0,0,0,0,0,0,0
10,0,-3,2,0.271,0,0,0.000,0,0,0,0,0,0,0,0
10,-6,8,0,1.991,0,0,0.000,0,0,0,0,0,0,10,10
10,-1,-2,3,0.221,0,0,0.000,0,0,0,0,0,0,0,0
10,-2,3,3,0.181,0,0,0.000,0,0,0,0,0,0,0,0
10,-4,5,3,0.651,0,0,0.000,0,0,0,0,0,0,0,0
10,1,-3,3,1.931,0,0,0.000,0,0,0,0,0,0,0,0
10,0,-2,3,0.621,0,0,0.000,0,0,0,0,0,0,0,0
10,0,3,3,0.201,0,0,0.000,0,0,0,0,0,0,0,0
10,-6,6,2,0.941,0,0,0.000,0,0,0,0,0,0,0,0
10,-2,6,2,0.851,0,0,0.000,0,0,0,0,0,0,0,0
10,-3,3,3,0.201,0,0,0.000,0,0,0,0,0,0,0,0
10,2,-2,2,0.591,0,0,0.000,0,0,0,0,0,0,0,0
10,-4,-2,2,0.271,0,0,0.000,0,0,0,0,0,0,0,0
10,2,2,1,7.671,0,0,0.000,0,0,0,0,0,0,0,0
10,-5,1,0,0.561,0,0,0.000,0,0,0,0,0,0,0,0
10,2,-3,2,0.391,0,0,0.000,0,0,0,0,0,0,0,0
10,-4,0,2,0.451,0,0,0.000,0,0,0,0,0,0,0,0
10,-3,4,3,0.211,0,0,0.000,0,0,0,0,0,0,0,0
10,-4,8,1,1.891,0,0,0.000,0,0,0,0,0,0,0,0
10,1,2,2,1.101,0,0,0.000,0,0,0,0,0,0,0,0
10,-6,2,0,0.431,0,0,0.000,0,0,0,0,0,0,0,0
10,-5,-2,0,0.551,0,0,0.000,0,0,0,0,0,0,0,0
10,3,1,1,1.221,0,0,0.000,0,0,0,0,0,0,0,0
10,-6,7,2,1.603,0,0,0.000,0,0,0,0,0,0,0,0
10,2,-4,2,1.861,0,0,0.000,0,0,0,0,0,0,0,0
10,-1,3,3,0.231,0,0,0.000,0,0,0,0,0,0,0,0
10,-1,2,3,0.471,0,0,0.000,0,0,0,0,0,0,0,0
10,-5,8,1,1.102,0,0,0.000,0,0,0,0,0,0,9,9
10,1,4,2,0.203,0,0,0.000,0,0,0,0,0,0,0,0
10,1,0,3,0.801,0,0,0.000,0,0,0,0,0,0,0,0
10,-2,1,3,1.631,0,0,0.000,0,0,0,0,0,0,0,0
10,-5,0,1,0.301,0,0,0.000,0,0,0,0,0,0,0,0
10,2,0,3,1.541,0,0,0.000,0,0,0,0,0,0,0,0
10,2,4,1,0.331,0,0,0.000,0,0,0,0,0,0,0,0
10,-6,3,0,1.411,0,0,0.000,0,0,0,0,0,0,0,0
10,3,0,0,0.202,0,0,0.000,0,0,0,0,0,0,0,0
10,-5,4,2,0.451,0,0,0.000,0,0,0,0,0,0,0,0
10,1,-2,3,1.371,0,0,0.000,0,0,0,0,0,0,0,0
10,-4,-3,0,1.631,0,0,0.000,0,0,0,0,0,0,0,0
10,3,-5,0,0.431,0,0,0.000,0,0,0,0,0,0,0,0
10,0,6,0,1.801,0,0,0.000,0,0,0,0,0,0,0,0
10,2,5,0,0.761,0,0,0.000,0,0,0,0,0,0,0,0
10,-3,7,0,0.861,0,0,0.000,0,0,0,0,0,0,0,0
10,-5,5,3,0.571,0,0,0.000,0,0,0,0,0,0,0,0
10,2,-5,1,0.461,0,0,0.000,0,0,0,0,0,0,0,0
10,4,-3,0,0.431,0,0,0.000,0,0,0,0,0,0,0,0
10,-3,-3,0,0.331,0,0,0.000,0,0,0,0,0,0,0,0
10,-3,-1,3,0.591,0,0,0.000,0,0,0,0,0,0,0,0
10,0,5,3,1.271,0,0,0.000,0,0,0,0,0,0,0,0
10,0,0,3,0.771,0,0,0.000,0,0,0,0,0,0,0,0
10,3,-1,0,0.142,0,0,0.000,0,0,0,0,0,0,0,0
10,-1,-4,0,0.152,0,0,0.000,0,0,0,0,0,0,0,0
10,3,-2,1,0.831,0,0,0.000,0,0,0,0,0,0,0,0
10,1,5,0,0.391,0,0,0.000,0,0,0,0,0,0,0,0
10,-3,-2,2,0.181,0,0,0.000,0,0,0,0,0,0,0,0
10,-1,0,3,0.431,0,0,0.000,0,0,0,0,0,0,0,0
10,-5,-1,1,0.751,0,0,0.000,0,0,0,0,0,0,0,0
10,0,-1,3,0.321,0,0,0.000,0,0,0,0,0,0,0,0
10,-2,7,0,0.831,0,0,0.000,0,0,0,0,0,0,0,0
10,-6,4,1,30.000,0,0,0.000,0,0,0,0,0,0,0,0
10,-4,4,3,0.561,0,0,0.000,0,0,0,0,0,0,0,0
10,1,1,3,0.191,0,0,0.000,0,0,0,0,0,0,0,0
10,3,-4,0,0.731,0,0,0.000,0,0,0,0,0,0,0,0
10,-4,-1,3,0.363,0,0,0.000,0,0,0,0,0,0,0,0
10,-1,4,3,0.851,0,0,0.000,0,0,0,0,0,0,0,0
10,1,3,3,0.291,0,0,0.000,0,0,0,0,0,0,0,0
10,2,3,0,0.301,0,0,0.000,0,0,0,0,0,0,0,0
10,-2,-2,3,1.321,0,0,0.000,0,0,0,0,0,0,0,0
10,3,-3,0,3.701,0,0,0.000,0,0,0,0,0,0,0,0
10,-4,7,2,0.411,0,0,0.000,0,0,0,0,0,0,0,0
10,-1,-3,2,0.191,0,0,0.000,0,0,0,0,0,0,0,0
10,-5,7,2,1.051,0,0,0.000,0,0,0,0,0,0,0,0
10,-1,6,1,0.582,0,0,0.000,0,0,0,0,0,0,0,0
10,-3,5,3,0.261,0,0,0.000,0,0,0,0,0,0,0,0
10,-7,8,0,3.241,0,0,0.000,0,0,0,0,0,0,226,226
10,-3,6,3,0.561,0,0,0.000,0,0,0,0,0,0,0,0
10,-5,6,3,1.551,0,0,0.000,0,0,0,0,0,0,0,0
10,-4,2,3,0.211,0,0,0.000,0,0,0,0,0,0,0,0
10,-3,1,3,0.651,0,0,0.000,0,0,0,0,0,0,0,0
10,-6,5,0,0.273,0,0,0.000,0,0,0,0,0,0,0,0
10,1,-1,3,0.181,0,0,0.000,0,0,0,0,0,0,0,0
10,-4,1,3,0.391,0,0,0.000,0,0,0,0,0,0,0,0
10,-5,2,2,0.531,0,0,0.000,0,0,0,0,0,0,0,0
10,-2,-3,0,0.851,0,0,0.000,0,0,0,0,0,0,0,0
10,1,-5,0,0.471,0,0,0.000,0,0,0,0,0,0,0,0
10,-7,7,0,1.071,0,0,0.000,0,0,0,0,0,0,13,13
10,2,1,2,0.351,0,0,0.000,0,0,0,0,0,0,0,0
11,1,-4,2,1.371,0,0,0.000,0,0,0,0,0,0,0,0
11,-3,0,3,0.411,0,0,0.000,0,0,0,0,0,0,0,0
11,-2,2,3,1.531,0,0,0.000,0,0,0,0,0,0,0,0
11,-1,-1,3,0.611,0,0,0.000,0,0,0,0,0,0,0,0
11,0,1,3,0.221,0,0,0.000,0,0,0,0,0,0,0,0
11,-5,3,2,1.601,0,0,0.000,0,0,0,0,0,0,0,0
11,-1,1,3,0.381,0,0,0.000,0,0,0,0,0,0,0,0
11,-2,-1,3,0.641,0,0,0.000,0,0,0,0,0,0,0,0
11,0,4,3,1.201,0,0,0.000,0,0,0,0,0,0,0,0
11,3,-6,0,0.712,0,0,0.000,0,0,0,0,0,0,0,0
11,-2,4,3,1.131,0,0,0.000,0,0,0,0,0,0,0,0
11,-2,0,3,0.891,0,0,0.000,0,0,0,0,0,0,0,0
11,0,2,3,1.981,0,0,0.000,0,0,0,0,0,0,0,0
11,-4,3,3,0.182,0,0,0.000,0,0,0,0,0,0,0,0
11,-5,9,0,3.401,0,0,0.000,0,0,0,0,0,0,54,54
11,-7,6,1,1.091,0,0,0.000,0,0,0,0,0,0,0,0
11,-3,2,3,0.331,0,0,0.000,0,0,0,0,0,0,0,0
11,2,-1,2,0.891,0,0,0.000,0,0,0,0,0,0,0,0
11,0,-4,1,0.201,0,0,0.000,0,0,0,0,0,0,0,0
11,-2,5,3,0.741,0,0,0.000,0,0,0,0,0,0,0,0
11,-4,6,3,1.911,0,0,0.000,0,0,0,0,0,0,0,0
11,-1,5,2,0.411,0,0,0.000,0,0,0,0,0,0,0,0
11,0,-3,2,0.161,0,0,0.000,0,0,0,0,0,0,0,0
11,-6,8,0,2.203,0,0,0.000,0,0,0,0,0,0,8,8
11,-1,-2,3,0.441,0,0,0.000,0,0,0,0,0,0,0,0
11,-2,3,3,0.371,0,0,0.000,0,0,0,0,0,0,0,0
11,-4,5,3,0.211,0,0,0.000,0,0,0,0,0,0,0,0
11,1,-3,3,0.201,0,0,0.000,0,0,0,0,0,0,0,0
11,0,-2,3,0.381,0,0,0.000,0,0,0,0,0,0,0,0
11,0,3,3,0.261,0,0,0.000,0,0,0,0,0,0,0,0
11,-6,6,2,1.451,0,0,0.000,0,0,0,0,0,0,0,0
11,-2,6,2,1.281,0,0,0.000,0,0,0,0,0,0,0,0
11,-3,3,3,0.201,0,0,0.000,0,0,0,0,0,0,0,0
11,2,-2,2,1.391,0,0,0.000,0,0,0,0,0,0,0,0
11,-4,-2,2,0.721,0,0,0.000,0,0,0,0,0,0,0,0
11,2,2,1,0.151,0,0,0.000,0,0,0,0,0,0,0,0
11,-5,1,0,0.361,0,0,0.000,0,0,0,0,0,0,0,0
11,2,-3,2,0.241,0,0,0.000,0,0,0,0,0,0,0,0
11,-4,0,2,0.221,0,0,0.000,0,0,0,0,0,0,0,0
11,-3,4,3,0.331,0,0,0.000,0,0,0,0,0,0,0,0
11,-4,8,1,1.891,0,0,0.000,0,0,0,0,0,0,0,0
11,1,2,2,0.471,0,0,0.000,0,0,0,0,0,0,0,0
11,-6,2,0,0.651,0,0,0.000,0,0,0,0,0,0,0,0
11,-5,-2,0,1.111,0,0,0.000,0,0,0,0,0,0,0,0
11,3,1,1,0.591,0,0,0.000,0,0,0,0,0,0,0,0
11,-6,7,2,0.831,0,0,0.000,0,1,0,1,0,0,0,0
11,2,-4,2,0.541,0,0,0.000,0,0,0,0,0,0,0,0
11,-1,3,3,0.391,0,0,0.000,0,0,0,0,0,0,0,0
11,-1,2,3,0.311,0,0,0.000,0,0,0,0,0,0,0,0
11,-5,8,1,0.812,0,0,0.000,0,0,0,0,0,0,8,8
11,1,4,2,0.161,0,0,0.000,0,0,0,0,0,0,0,0
11,1,0,3,0.291,0,0,0.000,0,0,0,0,0,0,0,0
11,-2,1,3,1.971,0,0,0.000,0,0,0,0,0,0,0,0
11,-5,0,1,1.421,0,0,0.000,0,0,0,0,0,0,0,0
11,2,0,3,0.301,0,0,0.000,0,0,0,0,0,0,0,0
11,2,4,1,0.951,0,0,0.000,0,0,0,0,0,0,0,0
11,-6,3,0,0.432,0,0,0.000,0,0,0,0,0,0,0,0
11,3,0,0,0.371,0,0,0.000,0,0,0,0,0,0,0,0
11,-5,4,2,0.681,0,0,0.000,0,0,0,0,0,0,0,0
11,1,-2,3,0.451,0,0,0.000,0,0,0,0,0,0,0,0
11,-4,-3,0,0.471,0,0,0.000,0,0,0,0,0,0,0,0
11,3,-5,0,0.521,0,0,0.000,0,0,0,0,0,0,0,0
11,0,6,0,0.451,0,0,0.000,0,0,0,0,0,0,0,0
11,2,5,0,0.971,0,0,0.000,0,0,0,0,0,0,0,0
11,-3,7,0,1.301,0,0,0.000,0,0,0,0,0,0,0,0
11,-5,5,3,0.392,0,0,0.000,0,0,0,0,0,0,0,0
11,2,-5,1,2.841,0,0,0.000,0,0,0,0,0,0,0,0
11,4,-3,0,0.431,0,0,0.000,0,0,0,0,0,0,0,0
11,-3,-3,0,0.211,0,0,0.000,0,0,0,0,0,0,0,0
11,-3,-1,3,0.111,0,0,0.000,0,0,0,0,0,0,0,0
11,0,5,3,0.471,0,0,0.000,0,0,0,0,0,0,0,0
11,0,0,3,0.901,0,0,0.000,0,0,0,0,0,0,0,0
11,3,-1,0,0.281,0,0,0.000,0,0,0,0,0,0,0,0
11,-1,-4,0,0.152,0,0,0.000,0,0,0,0,0,0,0,0
11,3,-2,1,0.411,0,0,0.000,0,0,0,0,0,0,0,0
11,1,5,0,1.161,0,0,0.000,0,0,0,0,0,0,0,0
11,-3,-2,2,0.421,0,0,0.000,0,0,0,0,0,0,0,0
11,-1,0,3,0.821,0,0,0.000,0,0,0,0,0,0,0,0
11,-5,-1,1,2.371,0,0,0.000,0,0,0,0,0,0,0,0
11,0,-1,3,0.321,0,0,0.000,0,0,0,0,0,0,0,0
11,-2,7,0,0.821,0,0,0.000,0,0,0,0,0,0,0,0
11,-6,4,1,0.631,0,0,0.000,0,0,0,0,0,0,0,0
11,-4,4,3,0.561,0,0,0.000,0,0,0,0,0,0,0,0
11,1,1,3,0.491,0,0,0.000,0,0,0,0,0,0,0,0
11,3,-4,0,1.771,0,0,0.000,0,0,0,0,0,0,0,0
11,-4,-1,3,0.731,0,0,0.000,0,0,0,0,0,0,0,0
11,-1,4,3,0.181,0,0,0.000,0,0,0,0,0,0,0,0
11,1,3,3,0.291,0,0,0.000,0,0,0,0,0,0,0,0
11,2,3,0,0.381,0,0,0.000,0,0,0,0,0,0,0,0
11,-2,-2,3,0.181,0,0,0.000,0,0,0,0,0,0,0,0
11,3,-3,0,0.951,0,0,0.000,0,0,0,0,0,0,0,0
11,-4,7,2,0.411,0,0,0.000,0,0,0,0,0,0,0,0
11,-1,-3,2,1.991,0,0,0.000,0,0,0,0,0,0,0,0
11,-5,7,2,1.051,0,0,0.000,0,0,0,0,0,0,0,0
11,-1,6,1,0.392,0,0,0.000,0,0,0,0,0,0,0,0
11,-3,5,3,0.133,0,0,0.000,0,0,0,0,0,0,0,0
11,-7,8,0,0.862,1,0,0.952,1,0,0,0,0,1,207,207
11,-3,6,3,0.561,0,0,0.000,0,0,0,0,0,0,0,0
11,-5,6,3,0.711,0,0,0.000,0,0,0,0,0,0,0,0
11,-4,2,3,2.741,0,0,0.000,0,0,0,0,0,0,0,0
11,-3,1,3,0.461,0,0,0.000,0,0,0,0,0,0,0,0
11,-6,5,0,1.071,0,0,0.000,0,0,0,0,0,0,0,0
11,1,-1,3,0.761,0,0,0.000,0,0,0,0,0,0,0,0
11,-4,1,3,0.411,0,0,0.000,0,0,0,0,0,0,0,0
11,-5,2,2,0.171,0,0,0.000,0,0,0,0,0,0,0,0
11,-2,-3,0,0.172,0,0,0.000,0,0,0,0,0,0,0,0
11,1,-5,0,1.191,0,0,0.000,0,0,0,0,0,0,0,0
11,-7,7,0,1.071,0,0,0.000,0,0,0,0,0,0,14,14
11,2,1,2,0.351,0,0,0.000,0,0,0,0,0,0,0,0
12,1,-4,2,0.771,0,0,0.000,0,0,0,0,0,0,0,0
12,-3,0,3,0.211,0,0,0.000,0,0,0,0,0,0,0,0
12,-2,2,3,0.221,0,0,0.000,0,0,0,0,0,0,0,0
12,-1,-1,3,0.121,0,0,0.000,0,0,0,0,0,0,0,0
12,0,1,3,0.221,0,0,0.000,0,0,0,0,0,0,0,0
12,-5,3,2,1.601,0,0,0.000,0,0,0,0,0,0,0,0
12,-1,1,3,2.901,0,0,0.000,0,0,0,0,0,0,0,0
12,-2,-1,3,0.181,0,0,0.000,0,0,0,0,0,0,0,0
12,0,4,3,0.471,0,0,0.000,0,0,0,0,0,0,0,0
12,3,-6,0,1.901,0,0,0.000,0,0,0,0,0,0,0,0
12,-2,4,3,0.421,0,0,0.000,0,0,0,0,0,0,0,0
12,-2,0,3,1.091,0,0,0.000,0,0,0,0,0,0,0,0
12,0,2,3,0.381,0,0,0.000,0,0,0,0,0,0,0,0
12,-4,3,3,0.941,0,0,0.000,0,0,0,0,0,0,0,0
12,-5,9,0,1.032,0,0,0.000,0,0,0,0,0,0,68,68
12,-7,6,1,1.531,0,0,0.000,0,0,0,0,0,0,0,0
12,-3,2,3,0.251,0,0,0.000,0,0,0,0,0,0,0,0
12,2,-1,2,0.891,0,0,0.000,0,0,0,0,0,0,0,0
12,0,-4,1,0.201,0,0,0.000,0,0,0,0,0,0,0,0
12,-2,5,3,0.741,0,0,0.000,0,0,0,0,0,0,0,0
12,-4,6,3,1.671,0,0,0.000,0,0,0,0,0,0,0,0
12,-1,5,2,30.000,0,0,0.000,0,0,0,0,0,0,0,0
12,0,-3,2,0.271,0,0,0.000,0,0,0,0,0,0,0,0
12,-6,8,0,1.791,0,0,0.000,0,0,0,0,0,0,21,21
12,-1,-2,3,0.221,0,0,0.000,0,0,0,0,0,0,0,0
12,-2,3,3,0.371,0,0,0.000,0,0,0,0,0,0,0,0
12,-4,5,3,0.211,0,0,0.000,0,0,0,0,0,0,0,0
12,1,-3,3,0.881,0,0,0.000,0,0,0,0,0,0,0,0
12,0,-2,3,0.291,0,0,0.000,0,0,0,0,0,0,0,0
12,0,3,3,0.341,0,0,0.000,0,0,0,0,0,0,0,0
12,-6,6,2,0.601,0,0,0.000,0,0,0,0,0,0,0,0
12,-2,6,2,1.801,0,0,0.000,0,0,0,0,0,0,0,0
12,-3,3,3,1.461,0,0,0.000,0,0,0,0,0,0,0,0
12,2,-2,2,0.391,0,0,0.000,0,0,0,0,0,0,0,0
12,-4,-2,2,0.571,0,0,0.000,0,0,0,0,0,0,0,0
12,2,2,1,0.341,0,0,0.000,0,0,0,0,0,0,0,0
12,-5,1,0,2.001,0,0,0.000,0,0,0,0,0,0,0,0
12,2,-3,2,0.531,0,0,0.000,0,0,0,0,0,0,0,0
12,-4,0,2,0.221,0,0,0.000,0,0,0,0,0,0,0,0
12,-3,4,3,1.301,0,0,0.000,0,0,0,0,0,0,0,0
12,-4,8,1,1.411,0,0,0.000,0,0,0,0,0,0,0,0
12,1,2,2,0.511,0,0,0.000,0,0,0,0,0,0,0,0
12,-6,2,0,0.521,0,0,0.000,0,0,0,0,0,0,0,0
12,-5,-2,0,1.191,0,0,0.000,0,0,0,0,0,0,0,0
12,3,1,1,0.591,0,0,0.000,0,0,0,0,0,0,0,0
12,-6,7,2,1.401,0,0,0.000,0,1,0,2,0,0,0,0
12,2,-4,2,0.371,0,0,0.000,0,0,0,0,0,0,0,0
12,-1,3,3,0.391,0,0,0.000,0,0,0,0,0,0,0,0
12,-1,2,3,0.311,0,0,0.000,0,0,0,0,0,0,0,0
12,-5,8,1,1.192,0,0,0.000,0,0,0,0,0,0,18,18
12,1,4,2,0.161,0,0,0.000,0,0,0,0,0,0,0,0
12,1,0,3,0.161,0,0,0.000,0,0,0,0,0,0,0,0
12,-2,1,3,0.671,0,0,0.000,0,0,0,0,0,0,0,0
12,-5,0,1,0.271,0,0,0.000,0,0,0,0,0,0,0,0
12,2,0,3,0.611,0,0,0.000,0,0,0,0,0,0,0,0
12,2,4,1,0.331,0,0,0.000,0,0,0,0,0,0,0,0
12,-6,3,0,0.432,0,0,0.000,0,0,0,0,0,0,0,0
12,3,0,0,0.371,0,0,0.000,0,0,0,0,0,0,0,0
12,-5,4,2,0.221,0,0,0.000,0,0,0,0,0,0,0,0
12,1,-2,3,1.831,0,0,0.000,0,0,0,0,0,0,0,0
12,-4,-3,0,0.711,0,0,0.000,0,0,0,0,0,0,0,0
12,3,-5,0,0.353,0,0,0.000,0,0,0,0,0,0,0,0
12,0,6,0,0.911,0,0,0.000,0,0,0,0,0,0,0,0
12,2,5,0,1.601,0,0,0.000,0,0,0,0,0,0,0,0
12,-3,7,0,0.652,0,0,0.000,0,0,0,0,0,0,0,0
12,-5,5,3,0.571,0,0,0.000,0,0,0,0,0,0,0,0
12,2,-5,1,0.461,0,0,0.000,0,0,0,0,0,0,0,0
12,4,-3,0,0.431,0,0,0.000,0,0,0,0,0,0,0,0
12,-3,-3,0,0.112,0,0,0.000,0,0,0,0,0,0,1,1
12,-3,-1,3,0.521,0,0,0.000,0,0,0,0,0,0,0,0
12,0,5,3,0.311,0,0,0.000,0,0,0,0,0,0,0,0
12,0,0,3,1.551,0,0,0.000,0,0,0,0,0,0,0,0
12,3,-1,0,0.281,0,0,0.000,0,0,0,0,0,0,0,0
12,-1,-4,0,0.152,0,0,0.000,0,0,0,0,0,0,0,0
12,3,-2,1,0.621,0,0,0.000,0,0,0,0,0,0,0,0
12,1,5,0,0.352,0,0,0.000,0,0,0,0,0,0,0,0
12,-3,-2,2,0.421,0,0,0.000,0,0,0,0,0,0,0,0
12,-1,0,3,0.211,0,0,0.000,0,0,0,0,0,0,0,0
12,-5,-1,1,1.561,0,0,0.000,0,0,0,0,0,0,0,0
12,0,-1,3,0.191,0,0,0.000,0,0,0,0,0,0,0,0
12,-2,7,0,1.611,0,0,0.000,0,0,0,0,0,0,0,0
12,-6,4,1,1.091,0,0,0.000,0,0,0,0,0,0,0,0
12,-4,4,3,0.371,0,0,0.000,0,0,0,0,0,0,0,0
12,1,1,3,0.291,0,0,0.000,0,0,0,0,0,0,0,0
12,3,-4,0,0.253,0,0,0.000,0,0,0,0,0,0,0,0
12,-4,-1,3,1.231,0,0,0.000,0,0,0,0,0,0,0,0
12,-1,4,3,0.851,0,0,0.000,0,0,0,0,0,0,0,0
12,1,3,3,0.961,0,0,0.000,0,0,0,0,0,0,0,0
12,2,3,0,0.431,0,0,0.000,0,0,0,0,0,0,0,0
12,-2,-2,3,0.181,0,0,0.000,0,0,0,0,0,0,0,0
12,3,-3,0,0.991,0,0,0.000,0,0,0,0,0,0,0,0
12,-4,7,2,0.681,0,0,0.000,0,0,0,0,0,0,0,0
12,-1,-3,2,0.191,0,0,0.000,0,0,0,0,0,0,0,0
12,-5,7,2,1.051,0,0,0.000,0,0,0,0,0,0,1,1
12,-1,6,1,1.961,0,0,0.000,0,0,0,0,0,0,0,0
12,-3,5,3,0.191,0,0,0.000,0,0,0,0,0,0,0,0
12,-7,8,0,0.832,2,0,0.932,1,0,0,0,0,2,198,198
12,-3,6,3,1.891,0,0,0.000,0,0,0,0,0,0,0,0
12,-5,6,3,0.621,0,0,0.000,0,0,0,0,0,0,0,0
12,-4,2,3,0.101,0,0,0.000,0,0,0,0,0,0,0,0
12,-3,1,3,0.521,0,0,0.000,0,0,0,0,0,0,0,0
12,-6,5,0,0.401,0,0,0.000,0,0,0,0,0,0,0,0
12,1,-1,3,2.461,0,0,0.000,0,0,0,0,0,0,0,0
12,-4,1,3,0.191,0,0,0.000,0,0,0,0,0,0,0,0
12,-5,2,2,0.591,0,0,0.000,0,0,0,0,0,0,0,0
12,-2,-3,0,1.411,0,0,0.000,0,0,0,0,0,0,0,0
12,1,-5,0,0.831,0,0,0.000,0,0,0,0,0,0,0,0
12,-7,7,0,5.031,0,0,0.000,0,0,0,0,0,0,11,11
12,2,1,2,0.171,0,0,0.000,0,0,0,0,0,0,0,0
13,1,-4,2,0.511,0,0,0.000,0,0,0,0,0,0,0,0
13,-3,0,3,1.451,0,0,0.000,0,0,0,0,0,0,0,0
13,-2,2,3,1.001,0,0,0.000,0,0,0,0,0,0,0,0
13,-1,-1,3,0.121,0,0,0.000,0,0,0,0,0,0,0,0
13,0,1,3,0.111,0,0,0.000,0,0,0,0,0,0,0,0
13,-5,3,2,0.221,0,0,0.000,0,0,0,0,0,0,0,0
13,-1,1,3,2.061,0,0,0.000,0,0,0,0,0,0,0,0
13,-2,-1,3,0.321,0,0,0.000,0,0,0,0,0,0,0,0
13,0,4,3,0.471,0,0,0.000,0,0,0,0,0,0,0,0
13,3,-6,0,2.141,0,0,0.000,0,0,0,0,0,0,1,1
13,-2,4,3,0.421,0,0,0.000,0,0,0,0,0,0,0,0
13,-2,0,3,2.191,0,0,0.000,0,0,0,0,0,0,0,0
13,0,2,3,0.451,0,0,0.000,0,0,0,0,0,0,0,0
13,-4,3,3,1.481,0,0,0.000,0,0,0,0,0,0,0,0
13,-5,9,0,1.001,0,0,0.000,0,0,0,0,0,0,71,71
13,-7,6,1,0.723,0,0,0.000,0,0,0,0,0,0,0,0
13,-3,2,3,30.000,0,0,0.000,0,0,0,0,0,0,0,0
13,2,-1,2,1.281,0,0,0.000,0,0,0,0,0,0,0,0
13,0,-4,1,0.591,0,0,0.000,0,0,0,0,0,0,0,0
13,-2,5,3,1.061,0,0,0.000,0,0,0,0,0,0,0,0
13,-4,6,3,1.671,0,0,0.000,0,0,0,0,0,0,0,0
13,-1,5,2,1.881,0,0,0.000,0,0,0,0,0,0,0,0
13,0,-3,2,0.161,0,0,0.000,0,0,0,0,0,0,0,0
13,-6,8,0,1.191,0,0,0.000,0,0,0,0,0,0,12,12
13,-1,-2,3,0.671,0,0,0.000,0,0,0,0,0,0,0,0
13,-2,3,3,0.371,0,0,0.000,0,0,0,0,0,0,0,0
13,-4,5,3,0.871,0,0,0.000,0,0,0,0,0,0,0,0
13,1,-3,3,0.831,0,0,0.000,0,0,0,0,0,0,0,0
13,0,-2,3,0.281,0,0,0.000,0,0,0,0,0,0,0,0
13,0,3,3,0.411,0,0,0.000,0,0,0,0,0,0,0,0
13,-6,6,2,0.501,0,0,0.000,0,0,0,0,0,0,0,0
13,-2,6,2,0.761,0,0,0.000,0,0,0,0,0,0,0,0
13,-3,3,3,0.411,0,0,0.000,0,0,0,0,0,0,0,0
13,2,-2,2,0.191,0,0,0.000,0,0,0,0,0,0,0,0
13,-4,-2,2,0.141,0,0,0.000,0,0,0,0,0,0,0,0
13,2,2,1,0.451,0,0,0.000,0,0,0,0,0,0,0,0
13,-5,1,0,0.361,0,0,0.000,0,0,0,0,0,0,0,0
13,2,-3,2,0.241,0,0,0.000,0,0,0,0,0,0,0,0
13,-4,0,2,0.221,0,0,0.000,0,0,0,0,0,0,0,0
13,-3,4,3,1.461,0,0,0.000,0,0,0,0,0,0,0,0
13,-4,8,1,2.611,0,0,0.000,0,0,0,0,0,0,1,1
13,1,2,2,0.991,0,0,0.000,0,0,0,0,0,0,0,0
13,-6,2,0,0.741,0,0,0.000,0,0,0,0,0,0,0,0
13,-5,-2,0,0.551,0,0,0.000,0,0,0,0,0,0,0,0
13,3,1,1,0.921,0,0,0.000,0,0,0,0,0,0,0,0
13,-6,7,2,0.831,0,0,0.000,0,1,0,2,0,0,1,1
13,2,-4,2,0.432,0,0,0.000,0,0,0,0,0,0,0,0
13,-1,3,3,0.471,0,0,0.000,0,0,0,0,0,0,0,0
13,-1,2,3,0.151,0,0,0.000,0,0,0,0,0,0,0,0
13,-5,8,1,0.841,0,0,0.000,0,0,0,0,0,0,18,18
13,1,4,2,0.161,0,0,0.000,0,0,0,0,0,0,0,0
13,1,0,3,0.291,0,0,0.000,0,0,0,0,0,0,0,0
13,-2,1,3,1.011,0,0,0.000,0,0,0,0,0,0,0,0
13,-5,0,1,0.481,0,0,0.000,0,0,0,0,0,0,0,0
13,2,0,3,1.541,0,0,0.000,0,0,0,0,0,0,0,0
13,2,4,1,1.971,0,0,0.000,0,0,0,0,0,0,0,0
13,-6,3,0,0.501,0,0,0.000,0,0,0,0,0,0,0,0
13,3,0,0,0.232,0,0,0.000,0,0,0,0,0,0,0,0
13,-5,4,2,0.451,0,0,0.000,0,0,0,0,0,0,0,0
13,1,-2,3,1.141,0,0,0.000,0,0,0,0,0,0,0,0
13,-4,-3,0,0.671,0,0,0.000,0,0,0,0,0,0,0,0
13,3,-5,0,10.781,0,0,0.000,0,0,0,0,0,0,0,0
13,0,6,0,1.632,0,0,0.000,0,0,0,0,0,0,0,0
13,2,5,0,1.391,0,0,0.000,0,0,0,0,0,0,0,0
13,-3,7,0,1.081,0,0,0.000,0,0,0,0,0,0,0,0
13,-5,5,3,1.571,0,0,0.000,0,0,0,0,0,0,0,0
13,2,-5,1,0.331,0,0,0.000,0,0,0,0,0,0,0,0
13,4,-3,0,0.941,0,0,0.000,0,0,0,0,0,0,0,0
13,-3,-3,0,0.222,0,0,0.000,0,0,0,0,0,0,0,0
13,-3,-1,3,0.231,0,0,0.000,0,0,0,0,0,0,0,0
13,0,5,3,0.631,0,0,0.000,0,0,0,0,0,0,0,0
13,0,0,3,1.681,0,0,0.000,0,0,0,0,0,0,0,0
13,3,-1,0,0.281,0,0,0.000,0,0,0,0,0,0,0,0
13,-1,-4,0,0.312,0,0,0.000,0,0,0,0,0,0,0,0
13,3,-2,1,0.201,0,0,0.000,0,0,0,0,0,0,0,0
13,1,5,0,0.931,0,0,0.000,0,0,0,0,0,0,0,0
13,-3,-2,2,0.181,0,0,0.000,0,0,0,0,0,0,0,0
13,-1,0,3,0.381,0,0,0.000,0,0,0,0,0,0,0,0
13,-5,-1,1,0.751,0,0,0.000,0,0,0,0,0,0,0,0
13,0,-1,3,0.521,0,0,0.000,0,0,0,0,0,0,0,0
13,-2,7,0,1.741,0,0,0.000,0,0,0,0,0,0,0,0
13,-6,4,1,0.401,0,0,0.000,0,0,0,0,0,0,0,0
13,-4,4,3,0.561,0,0,0.000,0,0,0,0,0,0,0,0
13,1,1,3,0.191,0,0,0.000,0,0,0,0,0,0,0,0
13,3,-4,0,0.731,0,0,0.000,0,0,0,0,0,0,0,0
13,-4,-1,3,0.492,0,0,0.000,0,0,0,0,0,0,0,0
13,-1,4,3,0.181,0,0,0.000,0,0,0,0,0,0,0,0
13,1,3,3,0.291,0,0,0.000,0,0,0,0,0,0,0,0
13,2,3,0,0.381,0,0,0.000,0,0,0,0,0,0,0,0
13,-2,-2,3,1.091,0,0,0.000,0,0,0,0,0,0,0,0
13,3,-3,0,0.991,0,0,0.000,0,0,0,0,0,0,0,0
13,-4,7,2,0.411,0,0,0.000,0,0,0,0,0,0,0,0
13,-1,-3,2,0.391,0,0,0.000,0,0,0,0,0,0,0,0
13,-5,7,2,1.051,0,0,0.000,0,0,0,0,0,0,0,0
13,-1,6,1,1.761,0,0,0.000,0,0,0,0,0,0,0,0
13,-3,5,3,0.892,0,0,0.000,0,0,0,0,0,0,0,0
13,-7,8,0,2.962,2,0,3.062,1,0,0,0,0,2,190,190
13,-3,6,3,2.651,0,0,0.000,0,0,0,0,0,0,0,0
13,-5,6,3,0.621,0,0,0.000,0,0,0,0,0,0,0,0
13,-4,2,3,0.101,0,0,0.000,0,0,0,0,0,0,0,0
13,-3,1,3,0.521,0,0,0.000,0,0,0,0,0,0,0,0
13,-6,5,0,0.371,0,0,0.000,0,0,0,0,0,0,0,0
13,1,-1,3,0.371,0,0,0.000,0,0,0,0,0,0,0,0
13,-4,1,3,0.191,0,0,0.000,0,0,0,0,0,0,0,0
13,-5,2,2,0.171,0,0,0.000,0,0,0,0,0,0,0,0
13,-2,-3,0,0.172,0,0,0.000,0,0,0,0,0,0,0,0
13,1,-5,0,0.231,0,0,0.000,0,0,0,0,0,0,0,0
13,-7,7,0,1.251,0,0,0.000,0,0,0,0,0,0,6,6
13,2,1,2,0.351,0,0,0.000,0,0,0,0,0,0,0,0
14,1,-4,2,1.071,0,0,0.000,0,0,0,0,0,0,0,0
14,-3,0,3,0.571,0,0,0.000,0,0,0,0,0,0,0,0
14,-2,2,3,1.301,0,0,0.000,0,0,0,0,0,0,0,0
14,-1,-1,3,0.351,0,0,0.000,0,0,0,0,0,0,0,0
14,0,1,3,0.221,0,0,0.000,0,0,0,0,0,0,0,0
14,-5,3,2,0.451,0,0,0.000,0,0,0,0,0,0,0,0
14,-1,1,3,0.411,0,0,0.000,0,0,0,0,0,0,0,0
14,-2,-1,3,1.211,0,0,0.000,0,0,0,0,0,0,0,0
14,0,4,3,0.261,0,0,0.000,0,0,0,0,0,0,0,0
14,3,-6,0,0.701,0,0,0.000,0,0,0,0,0,0,0,0
14,-2,4,3,0.651,0,0,0.000,0,0,0,0,0,0,0,0
14,-2,0,3,0.651,0,0,0.000,0,0,0,0,0,0,0,0
14,0,2,3,0.581,0,0,0.000,0,0,0,0,0,0,0,0
14,-4,3,3,1.861,0,0,0.000,0,0,0,0,0,0,0,0
14,-5,9,0,1.151,0,0,0.000,0,0,0,0,0,0,69,69
14,-7,6,1,0.902,0,0,0.000,0,0,0,0,0,0,0,0
14,-3,2,3,0.161,0,0,0.000,0,0,0,0,0,0,0,0
14,2,-1,2,0.291,0,0,0.000,0,0,0,0,0,0,0,0
14,0,-4,1,0.201,0,0,0.000,0,0,0,0,0,0,0,0
14,-2,5,3,0.421,0,0,0.000,0,0,0,0,0,0,0,0
14,-4,6,3,1.431,0,0,0.000,0,0,0,0,0,0,0,0
14,-1,5,2,0.201,0,0,0.000,0,0,0,0,0,0,0,0
14,0,-3,2,1.121,0,0,0.000,0,0,0,0,0,0,0,0
14,-6,8,0,1.191,0,0,0.000,0,0,0,0,0,0,11,11
14,-1,-2,3,0.221,0,0,0.000,0,0,0,0,0,0,0,0
14,-2,3,3,2.461,0,0,0.000,0,0,0,0,0,0,0,0
14,-4,5,3,0.431,0,0,0.000,0,0,0,0,0,0,0,0
14,1,-3,3,1.511,0,0,0.000,0,0,0,0,0,0,0,0
14,0,-2,3,0.291,0,0,0.000,0,0,0,0,0,0,0,0
14,0,3,3,2.021,0,0,0.000,0,0,0,0,0,0,0,0
14,-6,6,2,0.501,0,0,0.000,0,0,0,0,0,0,0,0
14,-2,6,2,1.681,0,0,0.000,0,0,0,0,0,0,0,0
14,-3,3,3,1.461,0,0,0.000,0,0,0,0,0,0,0,0
14,2,-2,2,0.271,0,0,0.000,0,0,0,0,0,0,0,0
14,-4,-2,2,0.721,0,0,0.000,0,0,0,0,0,0,0,0
14,2,2,1,0.151,0,0,0.000,0,0,0,0,0,0,0,0
14,-5,1,0,0.361,0,0,0.000,0,0,0,0,0,0,0,0
14,2,-3,2,0.801,0,0,0.000,0,0,0,0,0,0,0,0
14,-4,0,2,0.451,0,0,0.000,0,0,0,0,0,0,0,0
14,-3,4,3,1.191,0,0,0.000,0,0,0,0,0,0,0,0
14,-4,8,1,4.771,0,0,0.000,0,0,0,0,0,0,0,0
14,1,2,2,2.551,0,0,0.000,0,0,0,0,0,0,0,0
14,-6,2,0,1.101,0,0,0.000,0,0,0,0,0,0,0,0
14,-5,-2,0,0.471,0,0,0.000,0,0,0,0,0,0,0,0
14,3,1,1,0.841,0,0,0.000,0,0,0,0,0,0,0,0
14,-6,7,2,0.753,0,0,0.000,0,1,0,2,0,0,0,0
14,2,-4,2,0.211,0,0,0.000,0,0,0,0,0,0,0,0
14,-1,3,3,1.111,0,0,0.000,0,0,0,0,0,0,0,0
14,-1,2,3,0.311,0,0,0.000,0,0,0,0,0,0,0,0
14,-5,8,1,1.181,0,0,0.000,0,0,0,0,0,0,14,14
14,1,4,2,2.881,0,0,0.000,0,0,0,0,0,0,0,0
14,1,0,3,0.191,0,0,0.000,0,0,0,0,0,0,0,0
14,-2,1,3,0.861,0,0,0.000,0,0,0,0,0,0,0,0
14,-5,0,1,0.301,0,0,0.000,0,0,0,0,0,0,0,0
14,2,0,3,1.231,0,0,0.000,0,0,0,0,0,0,0,0
14,2,4,1,0.331,0,0,0.000,0,0,0,0,0,0,0,0
14,-6,3,0,0.642,0,0,0.000,0,0,0,0,0,0,0,0
14,3,0,0,0.181,0,0,0.000,0,0,0,0,0,0,0,0
14,-5,4,2,0.451,0,0,0.000,0,0,0,0,0,0,0,0
14,1,-2,3,0.681,0,0,0.000,0,0,0,0,0,0,0,0
14,-4,-3,0,4.511,0,0,0.000,0,0,0,0,0,0,0,0
14,3,-5,0,1.151,0,0,0.000,0,0,0,0,0,0,0,0
14,0,6,0,0.871,0,0,0.000,0,0,0,0,0,0,0,0
14,2,5,0,0.621,0,0,0.000,0,0,0,0,0,0,0,0
14,-3,7,0,1.301,0,0,0.000,0,0,0,0,0,0,0,0
14,-5,5,3,1.771,0,0,0.000,0,0,0,0,0,0,0,0
14,2,-5,1,1.183,0,0,0.000,0,0,0,0,0,0,0,0
14,4,-3,0,0.891,0,0,0.000,0,0,0,0,0,0,0,0
14,-3,-3,0,0.352,0,0,0.000,0,0,0,0,0,0,0,0
14,-3,-1,3,0.161,0,0,0.000,0,0,0,0,0,0,0,0
14,0,5,3,0.151,0,0,0.000,0,0,0,0,0,0,0,0
14,0,0,3,0.771,0,0,0.000,0,0,0,0,0,0,0,0
14,3,-1,0,0.141,0,0,0.000,0,0,0,0,0,0,0,0
14,-1,-4,0,0.721,0,0,0.000,0,0,0,0,0,0,0,0
14,3,-2,1,0.201,0,0,0.000,0,0,0,0,0,0,0,0
14,1,5,0,1.471,0,0,0.000,0,0,0,0,0,0,0,0
14,-3,-2,2,0.561,0,0,0.000,0,0,0,0,0,0,0,0
14,-1,0,3,0.641,0,0,0.000,0,0,0,0,0,0,0,0
14,-5,-1,1,1.531,0,0,0.000,0,0,0,0,0,0,0,0
14,0,-1,3,0.191,0,0,0.000,0,0,0,0,0,0,0,0
14,-2,7,0,0.771,0,0,0.000,0,0,0,0,0,0,0,0
14,-6,4,1,1.171,0,0,0.000,0,0,0,0,0,0,0,0
14,-4,4,3,0.561,0,0,0.000,0,0,0,0,0,0,0,0
14,1,1,3,0.951,0,0,0.000,0,0,0,0,0,0,0,0
14,3,-4,0,0.253,0,0,0.000,0,0,0,0,0,0,0,0
14,-4,-1,3,1.591,0,0,0.000,0,0,0,0,0,0,0,0
14,-1,4,3,0.181,0,0,0.000,0,0,0,0,0,0,0,0
14,1,3,3,0.451,0,0,0.000,0,0,0,0,0,0,0,0
14,2,3,0,0.211,0,0,0.000,0,0,0,0,0,0,0,0
14,-2,-2,3,1.851,0,0,0.000,0,0,0,0,0,0,0,0
14,3,-3,0,0.232,0,0,0.000,0,0,0,0,0,0,0,0
14,-4,7,2,0.411,0,0,0.000,0,0,0,0,0,0,0,0
14,-1,-3,2,0.591,0,0,0.000,0,0,0,0,0,0,0,0
14,-5,7,2,1.321,0,0,0.000,0,0,0,0,0,0,0,0
14,-1,6,1,2.561,0,0,0.000,0,0,0,0,0,0,0,0
14,-3,5,3,0.541,0,0,0.000,0,0,0,0,0,0,0,0
14,-7,8,0,0.831,2,0,0.931,1,0,0,0,0,2,216,216
14,-3,6,3,1.131,0,0,0.000,0,0,0,0,0,0,0,0
14,-5,6,3,0.411,0,0,0.000,0,0,0,0,0,0,0,0
14,-4,2,3,0.431,0,0,0.000,0,0,0,0,0,0,0,0
14,-3,1,3,0.271,0,0,0.000,0,0,0,0,0,0,0,0
14,-6,5,0,0.791,0,0,0.000,0,0,0,0,0,0,0,0
14,1,-1,3,0.181,0,0,0.000,0,0,0,0,0,0,0,0
14,-4,1,3,0.191,0,0,0.000,0,0,0,0,0,0,0,0
14,-5,2,2,0.351,0,0,0.000,0,0,0,0,0,0,0,0
14,-2,-3,0,1.471,0,0,0.000,0,0,0,0,0,0,0,0
14,1,-5,0,0.351,0,0,0.000,0,0,0,0,0,0,0,0
14,-7,7,0,1.071,0,0,0.000,0,0,0,0,0,0,16,16
14,2,1,2,0.351,0,0,0.000,0,0,0,0,0,0,0,0
15,1,-4,2,1.111,0,0,0.000,0,0,0,0,0,0,0,0
15,-3,0,3,1.011,0,0,0.000,0,0,0,0,0,0,0,0
15,-2,2,3,0.611,0,0,0.000,0,0,0,0,0,0,0,0
15,-1,-1,3,0.221,0,0,0.000,0,0,0,0,0,0,0,0
15,0,1,3,0.111,0,0,0.000,0,0,0,0,0,0,0,0
15,-5,3,2,0.681,0,0,0.000,0,0,0,0,0,0,0,0
15,-1,1,3,0.621,0,0,0.000,0,0,0,0,0,0,0,0
15,-2,-1,3,1.781,0,0,0.000,0,0,0,0,0,0,0,0
15,0,4,3,1.191,0,0,0.000,0,0,0,0,0,0,0,0
15,3,-6,0,2.381,0,0,0.000,0,0,0,0,0,0,0,0
15,-2,4,3,0.681,0,0,0.000,0,0,0,0,0,0,0,0
15,-2,0,3,0.651,0,0,0.000,0,0,0,0,0,0,0,0
15,0,2,3,0.191,0,0,0.000,0,0,0,0,0,0,0,0
15,-4,3,3,0.341,0,0,0.000,0,0,0,0,0,0,0,0
15,-5,9,0,1.001,0,0,0.000,0,0,0,0,0,0,66,66
15,-7,6,1,1.531,0,0,0.000,0,0,0,0,0,0,0,0
15,-3,2,3,0.251,0,0,0.000,0,0,0,0,0,0,0,0
15,2,-1,2,0.291,0,0,0.000,0,0,0,0,0,0,0,0
15,0,-4,1,0.201,0,0,0.000,0,0,0,0,0,0,0,0
15,-2,5,3,0.581,0,0,0.000,0,0,0,0,0,0,0,0
15,-4,6,3,0.951,0,0,0.000,0,0,0,0,0,0,0,0
15,-1,5,2,1.461,0,0,0.000,0,0,0,0,0,0,0,0
15,0,-3,2,0.731,0,0,0.000,0,0,0,0,0,0,0,0
15,-6,8,0,1.191,0,0,0.000,0,0,0,0,0,0,11,11
15,-1,-2,3,0.441,0,0,0.000,0,0,0,0,0,0,0,0
15,-2,3,3,1.891,0,0,0.000,0,0,0,0,0,0,0,0
15,-4,5,3,0.431,0,0,0.000,0,0,0,0,0,0,0,0
15,1,-3,3,0.621,0,0,0.000,0,0,0,0,0,0,0,0
15,0,-2,3,0.141,0,0,0.000,0,0,0,0,0,0,0,0
15,0,3,3,0.201,0,0,0.000,0,0,0,0,0,0,0,0
15,-6,6,2,0.501,0,0,0.000,0,0,0,0,0,0,0,0
15,-2,6,2,0.591,0,0,0.000,0,0,0,0,0,0,0,0
15,-3,3,3,1.461,0,0,0.000,0,0,0,0,0,0,0,0
15,2,-2,2,0.391,0,0,0.000,0,0,0,0,0,0,0,0
15,-4,-2,2,0.421,0,0,0.000,0,0,0,0,0,0,0,0
15,2,2,1,0.151,0,0,0.000,0,0,0,0,0,0,0,0
15,-5,1,0,0.193,0,0,0.000,0,0,0,0,0,0,0,0
15,2,-3,2,0.271,0,0,0.000,0,0,0,0,0,0,0,0
15,-4,0,2,0.911,0,0,0.000,0,0,0,0,0,0,0,0
15,-3,4,3,0.211,0,0,0.000,0,0,0,0,0,0,0,0
15,-4,8,1,1.171,0,0,0.000,0,0,0,0,0,0,0,0
15,1,2,2,0.491,0,0,0.000,0,0,0,0,0,0,0,0
15,-6,2,0,4.392,0,0,0.000,0,0,0,0,0,0,0,0
15,-5,-2,0,1.111,0,0,0.000,0,0,0,0,0,0,0,0
15,3,1,1,1.011,0,0,0.000,0,0,0,0,0,0,0,0
15,-6,7,2,1.132,0,0,0.000,0,1,0,2,0,0,0,0
15,2,-4,2,2.081,0,0,0.000,0,0,0,0,0,0,0,0
15,-1,3,3,0.231,0,0,0.000,0,0,0,0,0,0,0,0
15,-1,2,3,0.151,0,0,0.000,0,0,0,0,0,0,0,0
15,-5,8,1,1.193,0,0,0.000,0,0,0,0,0,0,26,26
15,1,4,2,1.181,0,0,0.000,0,0,0,0,0,0,0,0
15,1,0,3,0.161,0,0,0.000,0,0,0,0,0,0,0,0
15,-2,1,3,0.611,0,0,0.000,0,0,0,0,0,0,0,0
15,-5,0,1,0.521,0,0,0.000,0,0,0,0,0,0,0,0
15,2,0,3,0.611,0,0,0.000,0,0,0,0,0,0,0,0
15,2,4,1,0.781,0,0,0.000,0,0,0,0,0,0,0,0
15,-6,3,0,0.432,0,0,0.000,0,0,0,0,0,0,0,0
15,3,0,0,0.781,0,0,0.000,0,0,0,0,0,0,0,0
15,-5,4,2,0.451,0,0,0.000,0,0,0,0,0,0,0,0
15,1,-2,3,1.141,0,0,0.000,0,0,0,0,0,0,0,0
15,-4,-3,0,1.441,0,0,0.000,0,0,0,0,0,0,0,0
15,3,-5,0,0.353,0,0,0.000,0,0,0,0,0,0,0,0
15,0,6,0,1.101,0,0,0.000,0,0,0,0,0,0,0,0
15,2,5,0,0.761,0,0,0.000,0,0,0,0,0,0,0,0
15,-3,7,0,0.872,0,0,0.000,0,0,0,0,0,0,0,0
15,-5,5,3,0.571,0,0,0.000,0,0,0,0,0,0,0,0
15,2,-5,1,0.461,0,0,0.000,0,0,0,0,0,0,0,0
15,4,-3,0,0.431,0,0,0.000,0,0,0,0,0,0,0,0
15,-3,-3,0,0.112,0,0,0.000,0,0,0,0,0,0,0,0
15,-3,-1,3,0.501,0,0,0.000,0,0,0,0,0,0,0,0
15,0,5,3,0.151,0,0,0.000,0,0,0,0,0,0,0,0
15,0,0,3,0.251,0,0,0.000,0,0,0,0,0,0,0,0
15,3,-1,0,0.731,0,0,0.000,0,0,0,0,0,0,0,0
15,-1,-4,0,0.152,0,0,0.000,0,0,0,0,0,0,0,0
15,3,-2,1,0.411,0,0,0.000,0,0,0,0,0,0,0,0
15,1,5,0,1.061,0,0,0.000,0,0,0,0,0,0,0,0
15,-3,-2,2,1.391,0,0,0.000,0,0,0,0,0,0,0,0
15,-1,0,3,1.041,0,0,0.000,0,0,0,0,0,0,0,0
15,-5,-1,1,2.231,0,0,0.000,0,0,0,0,0,0,0,0
15,0,-1,3,1.921,0,0,0.000,0,0,0,0,0,0,0,0
15,-2,7,0,0.821,0,0,0.000,0,0,0,0,0,0,0,0
15,-6,4,1,0.411,0,0,0.000,0,0,0,0,0,0,0,0
15,-4,4,3,0.181,0,0,0.000,0,0,0,0,0,0,0,0
15,1,1,3,0.191,0,0,0.000,0,0,0,0,0,0,0,0
15,3,-4,0,0.731,0,0,0.000,0,0,0,0,0,0,0,0
15,-4,-1,3,0.341,0,0,0.000,0,0,0,0,0,0,0,0
15,-1,4,3,0.281,0,0,0.000,0,0,0,0,0,0,0,0
15,1,3,3,0.151,0,0,0.000,0,0,0,0,0,0,0,0
15,2,3,0,0.741,0,0,0.000,0,0,0,0,0,0,0,0
15,-2,-2,3,0.331,0,0,0.000,0,0,0,0,0,0,0,0
15,3,-3,0,0.701,0,0,0.000,0,0,0,0,0,0,0,0
15,-4,7,2,0.471,0,0,0.000,0,0,0,0,0,0,0,0
15,-1,-3,2,0.191,0,0,0.000,0,0,0,0,0,0,0,0
15,-5,7,2,1.591,0,0,0.000,0,0,0,0,0,0,0,0
15,-1,6,1,1.561,0,0,0.000,0,0,0,0,0,0,0,0
15,-3,5,3,0.261,0,0,0.000,0,0,0,0,0,0,0,0
15,-7,8,0,0.831,2,0,0.931,1,0,0,0,0,2,214,214
15,-3,6,3,1.511,0,0,0.000,0,0,0,0,0,0,0,0
15,-5,6,3,0.501,0,0,0.000,0,0,0,0,0,0,0,0
15,-4,2,3,0.101,0,0,0.000,0,0,0,0,0,0,0,0
15,-3,1,3,0.271,0,0,0.000,0,0,0,0,0,0,0,0
15,-6,5,0,0.371,0,0,0.000,0,0,0,0,0,0,0,0
15,1,-1,3,0.181,0,0,0.000,0,0,0,0,0,0,0,0
15,-4,1,3,0.991,0,0,0.000,0,0,0,0,0,0,0,0
15,-5,2,2,0.171,0,0,0.000,0,0,0,0,0,0,0,0
15,-2,-3,0,0.311,0,0,0.000,0,0,0,0,0,0,0,0
15,1,-5,0,0.111,0,0,0.000,0,0,0,0,0,0,0,0
15,-7,7,0,1.431,0,0,0.000,0,0,0,0,0,0,13,13
15,2,1,2,0.351,0,0,0.000,0,0,0,0,0,0,0,0
16,1,-4,2,0.511,0,0,0.000,0,0,0,0,0,0,0,0
16,-3,0,3,1.451,0,0,0.000,0,0,0,0,0,0,0,0
16,-2,2,3,0.441,0,0,0.000,0,0,0,0,0,0,0,0
16,-1,-1,3,1.001,0,0,0.000,0,0,0,0,0,0,0,0
16,0,1,3,0.111,0,0,0.000,0,0,0,0,0,0,0,0
16,-5,3,2,0.451,0,0,0.000,0,0,0,0,0,0,0,0
16,-1,1,3,0.591,0,0,0.000,0,0,0,0,0,0,0,0
16,-2,-1,3,0.371,0,0,0.000,0,0,0,0,0,0,0,0
16,0,4,3,0.951,0,0,0.000,0,0,0,0,0,0,0,0
16,3,-6,0,1.722,0,0,0.000,0,0,0,0,0,0,0,0
16,-2,4,3,0.421,0,0,0.000,0,0,0,0,0,0,0,0
16,-2,0,3,2.631,0,0,0.000,0,0,0,0,0,0,0,0
16,0,2,3,0.781,0,0,0.000,0,0,0,0,0,0,0,0
16,-4,3,3,0.531,0,0,0.000,0,0,0,0,0,0,0,0
16,-5,9,0,0.851,1,0,0.951,1,0,0,0,0,1,72,72
16,-7,6,1,1.122,0,0,0.000,0,0,0,0,0,0,0,0
16,-3,2,3,0.181,0,0,0.000,0,0,0,0,0,0,0,0
16,2,-1,2,0.591,0,0,0.000,0,0,0,0,0,0,0,0
16,0,-4,1,0.201,0,0,0.000,0,0,0,0,0,0,0,0
16,-2,5,3,0.151,0,0,0.000,0,0,0,0,0,0,0,0
16,-4,6,3,0.951,0,0,0.000,0,0,0,0,0,0,0,0
16,-1,5,2,0.411,0,0,0.000,0,0,0,0,0,0,0,0
16,0,-3,2,0.441,0,0,0.000,0,0,0,0,0,0,0,0
16,-6,8,0,1.604,0,0,0.000,0,0,0,0,0,0,5,5
16,-1,-2,3,0.441,0,0,0.000,0,0,0,0,0,0,0,0
16,-2,3,3,0.561,0,0,0.000,0,0,0,0,0,0,0,0
16,-4,5,3,1.091,0,0,0.000,0,0,0,0,0,0,0,0
16,1,-3,3,0.831,0,0,0.000,0,0,0,0,0,0,0,0
16,0,-2,3,0.141,0,0,0.000,0,0,0,0,0,0,0,0
16,0,3,3,0.341,0,0,0.000,0,0,0,0,0,0,0,0
16,-6,6,2,0.601,0,0,0.000,0,0,0,0,0,0,0,0
16,-2,6,2,0.901,0,0,0.000,0,0,0,0,0,0,0,0
16,-3,3,3,0.201,0,0,0.000,0,0,0,0,0,0,0,0
16,2,-2,2,0.191,0,0,0.000,0,0,0,0,0,0,0,0
16,-4,-2,2,0.421,0,0,0.000,0,0,0,0,0,0,0,0
16,2,2,1,0.151,0,0,0.000,0,0,0,0,0,0,0,0
16,-5,1,0,1.961,0,0,0.000,0,0,0,0,0,0,0,0
16,2,-3,2,0.131,0,0,0.000,0,0,0,0,0,0,0,0
16,-4,0,2,0.681,0,0,0.000,0,0,0,0,0,0,0,0
16,-3,4,3,2.731,0,0,0.000,0,0,0,0,0,0,0,0
16,-4,8,1,4.291,0,0,0.000,0,0,0,0,0,0,0,0
16,1,2,2,0.491,0,0,0.000,0,0,0,0,0,0,0,0
16,-6,2,0,0.431,0,0,0.000,0,0,0,0,0,0,0,0
16,-5,-2,0,1.511,0,0,0.000,0,0,0,0,0,0,0,0
16,3,1,1,1.881,0,0,0.000,0,0,0,0,0,0,0,0
16,-6,7,2,0.752,0,0,0.000,0,1,0,1,0,0,0,0
16,2,-4,2,0.321,0,0,0.000,0,0,0,0,0,0,0,0
16,-1,3,3,0.871,0,0,0.000,0,0,0,0,0,0,0,0
16,-1,2,3,3.671,0,0,0.000,0,0,0,0,0,0,0,0
16,-5,8,1,1.272,0,0,0.000,0,1,0,1,0,0,16,16
16,1,4,2,0.331,0,0,0.000,0,0,0,0,0,0,0,0
16,1,0,3,1.091,0,0,0.000,0,0,0,0,0,0,0,0
16,-2,1,3,0.861,0,0,0.000,0,0,0,0,0,0,0,0
16,-5,0,1,0.481,0,0,0.000,0,0,0,0,0,0,0,0
16,2,0,3,1.901,0,0,0.000,0,0,0,0,0,0,0,0
16,2,4,1,0.441,0,0,0.000,0,0,0,0,0,0,0,0
16,-6,3,0,0.432,0,0,0.000,0,0,0,0,0,0,0,0
16,3,0,0,0.202,0,0,0.000,0,0,0,0,0,0,0,0
16,-5,4,2,0.451,0,0,0.000,0,0,0,0,0,0,0,0
16,1,-2,3,1.371,0,0,0.000,0,0,0,0,0,0,0,0
16,-4,-3,0,0.951,0,0,0.000,0,0,0,0,0,0,0,0
16,3,-5,0,0.431,0,0,0.000,0,0,0,0,0,0,0,0
16,0,6,0,1.182,0,0,0.000,0,0,0,0,0,0,0,0
16,2,5,0,0.761,0,0,0.000,0,0,0,0,0,0,0,0
16,-3,7,0,1.741,0,0,0.000,0,0,0,0,0,0,0,0
16,-5,5,3,0.792,0,0,0.000,0,0,0,0,0,0,0,0
16,2,-5,1,1.141,0,0,0.000,0,0,0,0,0,0,0,0
16,4,-3,0,0.661,0,0,0.000,0,0,0,0,0,0,0,0
16,-3,-3,0,0.331,0,0,0.000,0,0,0,0,0,0,0,0
16,-3,-1,3,0.231,0,0,0.000,0,0,0,0,0,0,0,0
16,0,5,3,0.151,0,0,0.000,0,0,0,0,0,0,0,0
16,0,0,3,1.781,0,0,0.000,0,0,0,0,0,0,0,0
16,3,-1,0,0.281,0,0,0.000,0,0,0,0,0,0,0,0
16,-1,-4,0,0.401,0,0,0.000,0,0,0,0,0,0,0,0
16,3,-2,1,0.411,0,0,0.000,0,0,0,0,0,0,0,0
16,1,5,0,0.352,0,0,0.000,0,0,0,0,0,0,0,0
16,-3,-2,2,0.371,0,0,0.000,0,0,0,0,0,0,0,0
16,-1,0,3,0.421,0,0,0.000,0,0,0,0,0,0,0,0
16,-5,-1,1,1.881,0,0,0.000,0,0,0,0,0,0,0,0
16,0,-1,3,0.721,0,0,0.000,0,0,0,0,0,0,0,0
16,-2,7,0,1.321,0,0,0.000,0,0,0,0,0,0,0,0
16,-6,4,1,0.911,0,0,0.000,0,0,0,0,0,0,0,0
16,-4,4,3,0.561,0,0,0.000,0,0,0,0,0,0,0,0
16,1,1,3,0.391,0,0,0.000,0,0,0,0,0,0,0,0
16,3,-4,0,0.731,0,0,0.000,0,0,0,0,0,0,0,0
16,-4,-1,3,1.341,0,0,0.000,0,0,0,0,0,0,0,0
16,-1,4,3,0.851,0,0,0.000,0,0,0,0,0,0,0,0
16,1,3,3,0.151,0,0,0.000,0,0,0,0,0,0,0,0
16,2,3,0,0.961,0,0,0.000,0,0,0,0,0,0,0,0
16,-2,-2,3,0.181,0,0,0.000,0,0,0,0,0,0,0,0
16,3,-3,0,0.581,0,0,0.000,0,0,0,0,0,0,0,0
16,-4,7,2,0.471,0,0,0.000,0,0,0,0,0,0,0,0
16,-1,-3,2,3.191,0,0,0.000,0,0,0,0,0,0,0,0
16,-5,7,2,1.321,0,0,0.000,0,0,0,0,0,0,0,0
16,-1,6,1,0.561,0,0,0.000,0,0,0,0,0,0,0,0
16,-3,5,3,0.892,0,0,0.000,0,0,0,0,0,0,0,0
16,-7,8,0,0.691,1,0,0.771,1,0,0,0,0,1,187,187
16,-3,6,3,0.371,0,0,0.000,0,0,0,0,0,0,0,0
16,-5,6,3,0.411,0,0,0.000,0,0,0,0,0,0,0,0
16,-4,2,3,0.101,0,0,0.000,0,0,0,0,0,0,0,0
16,-3,1,3,1.221,0,0,0.000,0,0,0,0,0,0,0,0
16,-6,5,0,0.542,0,0,0.000,0,0,0,0,0,0,0,0
16,1,-1,3,0.371,0,0,0.000,0,0,0,0,0,0,0,0
16,-4,1,3,0.211,0,0,0.000,0,0,0,0,0,0,0,0
16,-5,2,2,0.771,0,0,0.000,0,0,0,0,0,0,0,0
16,-2,-3,0,0.172,0,0,0.000,0,0,0,0,0,0,0,0
16,1,-5,0,0.111,0,0,0.000,0,0,0,0,0,0,0,0
16,-7,7,0,4.311,0,0,0.000,0,0,0,0,0,0,4,4
16,2,1,2,0.351,0,0,0.000,0,0,0,0,0,0,0,0
17,1,-4,2,0.351,0,0,0.000,0,0,0,0,0,0,0,0
17,-3,0,3,0.211,0,0,0.000,0,0,0,0,0,0,0,0
17,-2,2,3,0.221,0,0,0.000,0,0,0,0,0,0,0,0
17,-1,-1,3,0.221,0,0,0.000,0,0,0,0,0,0,0,0
17,0,1,3,0.111,0,0,0.000,0,0,0,0,0,0,0,0
17,-5,3,2,0.681,0,0,0.000,0,0,0,0,0,0,0,0
17,-1,1,3,2.061,0,0,0.000,0,0,0,0,0,0,0,0
17,-2,-1,3,0.261,0,0,0.000,0,0,0,0,0,0,0,0
17,0,4,3,0.711,0,0,0.000,0,0,0,0,0,0,0,0
17,3,-6,0,1.421,0,0,0.000,0,0,0,0,0,0,0,0
17,-2,4,3,0.881,0,0,0.000,0,0,0,0,0,0,0,0
17,-2,0,3,1.311,0,0,0.000,0,0,0,0,0,0,0,0
17,0,2,3,0.381,0,0,0.000,0,0,0,0,0,0,0,0
17,-4,3,3,0.341,0,0,0.000,0,0,0,0,0,0,0,0
17,-5,9,0,1.001,0,0,0.000,0,0,0,0,0,0,53,53
17,-7,6,1,0.724,0,0,0.000,0,0,0,0,0,0,2,2
17,-3,2,3,0.501,0,0,0.000,0,0,0,0,0,0,0,0
17,2,-1,2,0.381,0,0,0.000,0,0,0,0,0,0,0,0
17,0,-4,1,0.381,0,0,0.000,0,0,0,0,0,0,0,0
17,-2,5,3,0.261,0,0,0.000,0,0,0,0,0,0,0,0
17,-4,6,3,0.471,0,0,0.000,0,0,0,0,0,0,0,0
17,-1,5,2,0.411,0,0,0.000,0,0,0,0,0,0,0,0
17,0,-3,2,0.161,0,0,0.000,0,0,0,0,0,0,0,0
17,-6,8,0,1.591,0,0,0.000,0,0,0,0,0,0,12,12
17,-1,-2,3,2.971,0,0,0.000,0,0,0,0,0,0,0,0
17,-2,3,3,1.891,0,0,0.000,0,0,0,0,0,0,0,0
17,-4,5,3,0.484,0,0,0.000,0,0,0,0,0,0,0,0
17,1,-3,3,2.091,0,0,0.000,0,0,0,0,0,0,0,0
17,0,-2,3,0.531,0,0,0.000,0,0,0,0,0,0,0,0
17,0,3,3,1.101,0,0,0.000,0,0,0,0,0,0,0,0
17,-6,6,2,0.501,0,0,0.000,0,0,0,0,0,0,0,0
17,-2,6,2,0.511,0,0,0.000,0,0,0,0,0,0,0,0
17,-3,3,3,0.411,0,0,0.000,0,0,0,0,0,0,0,0
17,2,-2,2,0.511,0,0,0.000,0,0,0,0,0,0,0,0
17,-4,-2,2,0.141,0,0,0.000,0,0,0,0,0,0,0,0
17,2,2,1,1.211,0,0,0.000,0,0,0,0,0,0,0,0
17,-5,1,0,0.361,0,0,0.000,0,0,0,0,0,0,0,0
17,2,-3,2,0.241,0,0,0.000,0,0,0,0,0,0,0,0
17,-4,0,2,0.371,0,0,0.000,0,0,0,0,0,0,0,0
17,-3,4,3,0.971,0,0,0.000,0,0,0,0,0,0,0,0
17,-4,8,1,2.371,0,0,0.000,0,0,0,0,0,0,0,0
17,1,2,2,0.491,0,0,0.000,0,0,0,0,0,0,0,0
17,-6,2,0,0.521,0,0,0.000,0,0,0,0,0,0,0,0
17,-5,-2,0,0.471,0,0,0.000,0,0,0,0,0,0,0,0
17,3,1,1,0.931,0,0,0.000,0,0,0,0,0,0,0,0
17,-6,7,2,1.401,0,0,0.000,0,1,0,1,0,0,0,0
17,2,-4,2,0.821,0,0,0.000,0,0,0,0,0,0,0,0
17,-1,3,3,1.041,0,0,0.000,0,0,0,0,0,0,0,0
17,-1,2,3,0.311,0,0,0.000,0,0,0,0,0,0,0,0
17,-5,8,1,0.812,0,0,0.000,0,0,0,0,0,0,21,21
17,1,4,2,0.203,0,0,0.000,0,0,0,0,0,0,0,0
17,1,0,3,0.291,0,0,0.000,0,0,0,0,0,0,0,0
17,-2,1,3,0.951,0,0,0.000,0,0,0,0,0,0,0,0
17,-5,0,1,0.654,0,0,0.000,0,0,0,0,0,0,0,0
17,2,0,3,2.471,0,0,0.000,0,0,0,0,0,0,0,0
17,2,4,1,0.951,0,0,0.000,0,0,0,0,0,0,0,0
17,-6,3,0,0.531,0,0,0.000,0,0,0,0,0,0,0,0
17,3,0,0,0.771,0,0,0.000,0,0,0,0,0,0,0,0
17,-5,4,2,0.221,0,0,0.000,0,0,0,0,0,0,0,0
17,1,-2,3,0.221,0,0,0.000,0,0,0,0,0,0,0,0
17,-4,-3,0,0.671,0,0,0.000,0,0,0,0,0,0,0,0
17,3,-5,0,0.353,0,0,0.000,0,0,0,0,0,0,0,0
17,0,6,0,0.761,0,0,0.000,0,0,0,0,0,0,0,0
17,2,5,0,0.761,0,0,0.000,0,0,0,0,0,0,0,0
17,-3,7,0,0.652,0,0,0.000,0,0,0,0,0,0,0,0
17,-5,5,3,1.371,0,0,0.000,0,0,0,0,0,0,0,0
17,2,-5,1,1.481,0,0,0.000,0,0,0,0,0,0,0,0
17,4,-3,0,0.431,0,0,0.000,0,0,0,0,0,0,0,0
17,-3,-3,0,7.442,0,0,0.000,0,0,0,0,0,0,0,0
17,-3,-1,3,0.231,0,0,0.000,0,0,0,0,0,0,0,0
17,0,5,3,0.311,0,0,0.000,0,0,0,0,0,0,0,0
17,0,0,3,0.451,0,0,0.000,0,0,0,0,0,0,0,0
17,3,-1,0,1.031,0,0,0.000,0,0,0,0,0,0,0,0
17,-1,-4,0,0.312,0,0,0.000,0,0,0,0,0,0,0,0
17,3,-2,1,0.841,0,0,0.000,0,0,0,0,0,0,0,0
17,1,5,0,0.391,0,0,0.000,0,0,0,0,0,0,0,0
17,-3,-2,2,0.371,0,0,0.000,0,0,0,0,0,0,0,0
17,-1,0,3,0.601,0,0,0.000,0,0,0,0,0,0,0,0
17,-5,-1,1,2.371,0,0,0.000,0,0,0,0,0,0,0,0
17,0,-1,3,0.191,0,0,0.000,0,0,0,0,0,0,0,0
17,-2,7,0,0.621,0,0,0.000,0,0,0,0,0,0,0,0
17,-6,4,1,0.481,0,0,0.000,0,0,0,0,0,0,0,0
17,-4,4,3,0.371,0,0,0.000,0,0,0,0,0,0,0,0
17,1,1,3,0.901,0,0,0.000,0,0,0,0,0,0,0,0
17,3,-4,0,1.611,0,0,0.000,0,0,0,0,0,0,0,0
17,-4,-1,3,1.091,0,0,0.000,0,0,0,0,0,0,0,0
17,-1,4,3,0.181,0,0,0.000,0,0,0,0,0,0,0,0
17,1,3,3,0.151,0,0,0.000,0,0,0,0,0,0,0,0
17,2,3,0,0.211,0,0,0.000,0,0,0,0,0,0,0,0
17,-2,-2,3,0.331,0,0,0.000,0,0,0,0,0,0,0,0
17,3,-3,0,0.712,0,0,0.000,0,0,0,0,0,0,0,0
17,-4,7,2,0.411,0,0,0.000,0,0,0,0,0,0,0,0
17,-1,-3,2,3.801,0,0,0.000,0,0,0,0,0,0,0,0
17,-5,7,2,1.861,0,0,0.000,0,0,0,0,0,0,0,0
17,-1,6,1,1.961,0,0,0.000,0,0,0,0,0,0,0,0
17,-3,5,3,0.331,0,0,0.000,0,0,0,0,0,0,0,0
17,-7,8,0,2.263,1,0,2.342,1,0,0,0,0,1,201,201
17,-3,6,3,0.751,0,0,0.000,0,0,0,0,0,0,0,0
17,-5,6,3,2.932,0,0,0.000,0,0,0,0,0,0,0,0
17,-4,2,3,0.211,0,0,0.000,0,0,0,0,0,0,0,0
17,-3,1,3,0.181,0,0,0.000,0,0,0,0,0,0,0,0
17,-6,5,0,1.101,0,0,0.000,0,0,0,0,0,0,1,1
17,1,-1,3,0.561,0,0,0.000,0,0,0,0,0,0,0,0
17,-4,1,3,0.432,0,0,0.000,0,0,0,0,0,0,0,0
17,-5,2,2,3.411,0,0,0.000,0,0,0,0,0,0,0,0
17,-2,-3,0,0.491,0,0,0.000,0,0,0,0,0,0,0,0
17,1,-5,0,0.111,0,0,0.000,0,0,0,0,0,0,0,0
17,-7,7,0,1.971,0,0,0.000,0,0,0,0,0,0,6,6
17,2,1,2,1.251,0,0,0.000,0,0,0,0,0,0,0,0
18,1,-4,2,0.251,0,0,0.000,0,0,0,0,0,0,0,0
18,-3,0,3,0.791,0,0,0.000,0,0,0,0,0,0,0,0
18,-2,2,3,0.541,0,0,0.000,0,0,0,0,0,0,0,0
18,-1,-1,3,0.221,0,0,0.000,0,0,0,0,0,0,0,0
18,0,1,3,0.821,0,0,0.000,0,0,0,0,0,0,0,0
18,-5,3,2,1.141,0,0,0.000,0,0,0,0,0,0,0,0
18,-1,1,3,2.061,0,0,0.000,0,0,0,0,0,0,0,0
18,-2,-1,3,0.181,0,0,0.000,0,0,0,0,0,0,0,0
18,0,4,3,0.471,0,0,0.000,0,0,0,0,0,0,0,0
18,3,-6,0,1.661,0,0,0.000,0,0,0,0,0,0,0,0
18,-2,4,3,0.421,0,0,0.000,0,0,0,0,0,0,0,0
18,-2,0,3,0.431,0,0,0.000,0,0,0,0,0,0,0,0
18,0,2,3,0.381,0,0,0.000,0,0,0,0,0,0,0,0
18,-4,3,3,0.182,0,0,0.000,0,0,0,0,0,0,0,0
18,-5,9,0,1.751,1,0,1.851,1,0,0,0,0,1,68,68
18,-7,6,1,1.201,0,0,0.000,0,0,0,0,0,0,0,0
18,-3,2,3,0.421,0,0,0.000,0,0,0,0,0,0,0,0
18,2,-1,2,2.091,0,0,0.000,0,0,0,0,0,0,0,0
18,0,-4,1,0.831,0,0,0.000,0,0,0,0,0,0,0,0
18,-2,5,3,0.311,0,0,0.000,0,0,0,0,0,0,0,0
18,-4,6,3,1.691,0,0,0.000,0,0,0,0,0,0,0,0
18,-1,5,2,0.621,0,0,0.000,0,0,0,0,0,0,0,0
18,0,-3,2,1.011,0,0,0.000,0,0,0,0,0,0,0,0
18,-6,8,0,1.601,0,0,0.000,0,0,0,0,0,0,14,14
18,-1,-2,3,0.671,0,0,0.000,0,0,0,0,0,0,0,0
18,-2,3,3,0.371,0,0,0.000,0,0,0,0,0,0,0,0
18,-4,5,3,0.881,0,0,0.000,0,0,0,0,0,0,0,0
18,1,-3,3,0.201,0,0,0.000,0,0,0,0,0,0,0,0
18,0,-2,3,0.281,0,0,0.000,0,0,0,0,0,0,0,0
18,0,3,3,1.541,0,0,0.000,0,0,0,0,0,0,0,0
18,-6,6,2,0.501,0,0,0.000,0,0,0,0,0,0,0,0
18,-2,6,2,0.761,0,0,0.000,0,0,0,0,0,0,0,0
18,-3,3,3,0.201,0,0,0.000,0,0,0,0,0,0,0,0
18,2,-2,2,0.191,0,0,0.000,0,0,0,0,0,0,0,0
18,-4,-2,2,0.271,0,0,0.000,0,0,0,0,0,0,0,0
18,2,2,1,30.000,0,0,0.000,0,0,0,0,0,0,0,0
18,-5,1,0,0.361,0,0,0.000,0,0,0,0,0,0,0,0
18,2,-3,2,0.131,0,0,0.000,0,0,0,0,0,0,0,0
18,-4,0,2,0.451,0,0,0.000,0,0,0,0,0,0,0,0
18,-3,4,3,0.311,0,0,0.000,0,0,0,0,0,0,0,0
18,-4,8,1,1.651,0,0,0.000,0,0,0,0,0,0,0,0
18,1,2,2,0.491,0,0,0.000,0,0,0,0,0,0,0,0
18,-6,2,0,1.751,0,0,0.000,0,0,0,0,0,0,0,0
18,-5,-2,0,1.991,0,0,0.000,0,0,0,0,0,0,0,0
18,3,1,1,0.381,0,0,0.000,0,0,0,0,0,0,0,0
18,-6,7,2,0.752,0,0,0.000,0,1,0,4,0,0,0,0
18,2,-4,2,0.321,0,0,0.000,0,0,0,0,0,0,0,0
18,-1,3,3,1.171,0,0,0.000,0,0,0,0,0,0,0,0
18,-1,2,3,3.511,0,0,0.000,0,0,0,0,0,0,0,0
18,-5,8,1,1.152,0,0,0.000,0,1,0,1,0,0,27,27
18,1,4,2,0.161,0,0,0.000,0,0,0,0,0,0,0,0
18,1,0,3,0.161,0,0,0.000,0,0,0,0,0,0,0,0
18,-2,1,3,0.951,0,0,0.000,0,0,0,0,0,0,0,0
18,-5,0,1,1.743,0,0,0.000,0,0,0,0,0,0,0,0
18,2,0,3,0.611,0,0,0.000,0,0,0,0,0,0,0,0
18,2,4,1,1.121,0,0,0.000,0,0,0,0,0,0,0,0
18,-6,3,0,0.432,0,0,0.000,0,0,0,0,0,0,0,0
18,3,0,0,0.561,0,0,0.000,0,0,0,0,0,0,0,0
18,-5,4,2,0.451,0,0,0.000,0,0,0,0,0,0,0,0
18,1,-2,3,0.451,0,0,0.000,0,0,0,0,0,0,0,0
18,-4,-3,0,0.671,0,0,0.000,0,0,0,0,0,0,0,0
18,3,-5,0,0.521,0,0,0.000,0,0,0,0,0,0,0,0
18,0,6,0,1.831,0,0,0.000,0,0,0,0,0,0,0,0
18,2,5,0,0.971,0,0,0.000,0,0,0,0,0,0,0,0
18,-3,7,0,1.301,0,0,0.000,0,0,0,0,0,0,0,0
18,-5,5,3,0.571,0,0,0.000,0,0,0,0,0,0,0,0
18,2,-5,1,0.291,0,0,0.000,0,0,0,0,0,0,0,0
18,4,-3,0,1.811,0,0,0.000,0,0,0,0,0,0,0,0
18,-3,-3,0,0.211,0,0,0.000,0,0,0,0,0,0,0,0
18,-3,-1,3,1.601,0,0,0.000,0,0,0,0,0,0,0,0
18,0,5,3,0.631,0,0,0.000,0,0,0,0,0,0,0,0
18,0,0,3,0.251,0,0,0.000,0,0,0,0,0,0,0,0
18,3,-1,0,0.141,0,0,0.000,0,0,0,0,0,0,0,0
18,-1,-4,0,0.301,0,0,0.000,0,0,0,0,0,0,0,0
18,3,-2,1,1.041,0,0,0.000,0,0,0,0,0,0,0,0
18,1,5,0,1.601,0,0,0.000,0,0,0,0,0,0,0,0
18,-3,-2,2,0.941,0,0,0.000,0,0,0,0,0,0,0,0
18,-1,0,3,0.601,0,0,0.000,0,0,0,0,0,0,0,0
18,-5,-1,1,2.412,0,0,0.000,0,0,0,0,0,0,0,0
18,0,-1,3,0.191,0,0,0.000,0,0,0,0,0,0,0,0
18,-2,7,0,0.981,0,0,0.000,0,0,0,0,0,0,0,0
18,-6,4,1,0.581,0,0,0.000,0,0,0,0,0,0,0,0
18,-4,4,3,0.941,0,0,0.000,0,0,0,0,0,0,0,0
18,1,1,3,0.351,0,0,0.000,0,0,0,0,0,0,0,0
18,3,-4,0,0.471,0,0,0.000,0,0,0,0,0,0,0,0
18,-4,-1,3,0.481,0,0,0.000,0,0,0,0,0,0,0,0
18,-1,4,3,1.801,0,0,0.000,0,0,0,0,0,0,0,0
18,1,3,3,0.801,0,0,0.000,0,0,0,0,0,0,0,0
18,2,3,0,0.821,0,0,0.000,0,0,0,0,0,0,0,0
18,-2,-2,3,30.000,0,0,0.000,0,0,0,0,0,0,0,0
18,3,-3,0,0.611,0,0,0.000,0,0,0,0,0,0,0,0
18,-4,7,2,0.531,0,0,0.000,0,0,0,0,0,0,1,1
18,-1,-3,2,1.791,0,0,0.000,0,0,0,0,0,0,0,0
18,-5,7,2,1.051,0,0,0.000,0,0,0,0,0,0,0,0
18,-1,6,1,1.361,0,0,0.000,0,0,0,0,0,0,0,0
18,-3,5,3,1.561,0,0,0.000,0,0,0,0,0,0,0,0
18,-7,8,0,6.742,4,0,6.862,1,0,0,0,0,4,225,225
18,-3,6,3,0.561,0,0,0.000,0,0,0,0,0,0,0,0
18,-5,6,3,0.621,0,0,0.000,0,0,0,0,0,0,0,0
18,-4,2,3,0.321,0,0,0.000,0,0,0,0,0,0,0,0
18,-3,1,3,0.331,0,0,0.000,0,0,0,0,0,0,0,0
18,-6,5,0,0.651,0,0,0.000,0,0,0,0,0,0,0,0
18,1,-1,3,1.891,0,0,0.000,0,0,0,0,0,0,0,0
18,-4,1,3,0.191,0,0,0.000,0,0,0,0,0,0,0,0
18,-5,2,2,0.351,0,0,0.000,0,0,0,0,0,0,0,0
18,-2,-3,0,0.721,0,0,0.000,0,0,0,0,0,0,0,0
18,1,-5,0,0.111,0,0,0.000,0,0,0,0,0,0,0,0
18,-7,7,0,1.071,0,0,0.000,0,0,0,0,0,0,9,9
18,2,1,2,0.171,0,0,0.000,0,0,0,0,0,0,0,0
19,1,-4,2,1.031,0,0,0.000,0,0,0,0,0,0,0,0
19,-3,0,3,0.411,0,0,0.000,0,0,0,0,0,0,0,0
19,-2,2,3,0.311,0,0,0.000,0,0,0,0,0,0,0,0
19,-1,-1,3,0.251,0,0,0.000,0,0,0,0,0,0,0,0
19,0,1,3,0.111,0,0,0.000,0,0,0,0,0,0,0,0
19,-5,3,2,0.931,0,0,0.000,0,0,0,0,0,0,0,0
19,-1,1,3,3.531,0,0,0.000,0,0,0,0,0,0,0,0
19,-2,-1,3,0.181,0,0,0.000,0,0,0,0,0,0,0,0
19,0,4,3,1.911,0,0,0.000,0,0,0,0,0,0,0,0
19,3,-6,0,1.661,0,0,0.000,0,0,0,0,0,0,0,0
19,-2,4,3,1.111,0,0,0.000,0,0,0,0,0,0,0,0
19,-2,0,3,0.241,0,0,0.000,0,0,0,0,0,0,0,0
19,0,2,3,0.451,0,0,0.000,0,0,0,0,0,0,0,0
19,-4,3,3,0.721,0,0,0.000,0,0,0,0,0,0,0,0
19,-5,9,0,0.851,0,0,0.000,0,0,0,0,0,0,61,61
19,-7,6,1,0.902,0,0,0.000,0,0,0,0,0,0,0,0
19,-3,2,3,0.331,0,0,0.000,0,0,0,0,0,0,0,0
19,2,-1,2,0.591,0,0,0.000,0,0,0,0,0,0,0,0
19,0,-4,1,0.241,0,0,0.000,0,0,0,0,0,0,0,0
19,-2,5,3,1.541,0,0,0.000,0,0,0,0,0,0,0,0
19,-4,6,3,0.561,0,0,0.000,0,0,0,0,0,0,0,0
19,-1,5,2,0.201,0,0,0.000,0,0,0,0,0,0,0,0
19,0,-3,2,0.331,0,0,0.000,0,0,0,0,0,0,0,0
19,-6,8,0,2.191,0,0,0.000,0,0,0,0,0,0,12,12
19,-1,-2,3,3.661,0,0,0.000,0,0,0,0,0,0,0,0
19,-2,3,3,2.461,0,0,0.000,0,0,0,0,0,0,0,0
19,-4,5,3,0.211,0,0,0.000,0,0,0,0,0,0,0,0
19,1,-3,3,2.771,0,0,0.000,0,0,0,0,0,0,0,0
19,0,-2,3,0.261,0,0,0.000,0,0,0,0,0,0,0,0
19,0,3,3,2.021,0,0,0.000,0,0,0,0,0,0,0,0
19,-6,6,2,0.501,0,0,0.000,0,0,0,0,0,0,0,0
19,-2,6,2,1.891,0,0,0.000,0,0,0,0,0,0,0,0
19,-3,3,3,2.571,0,0,0.000,0,0,0,0,0,0,0,0
19,2,-2,2,0.511,0,0,0.000,0,0,0,0,0,0,0,0
19,-4,-2,2,0.271,0,0,0.000,0,0,0,0,0,0,0,0
19,2,2,1,0.311,0,0,0.000,0,0,0,0,0,0,0,0
19,-5,1,0,0.192,0,0,0.000,0,0,0,0,0,0,0,0
19,2,-3,2,0.131,0,0,0.000,0,0,0,0,0,0,0,0
19,-4,0,2,0.371,0,0,0.000,0,0,0,0,0,0,0,0
19,-3,4,3,0.381,0,0,0.000,0,0,0,0,0,0,0,0
19,-4,8,1,2.611,0,0,0.000,0,0,0,0,0,0,0,0
19,1,2,2,1.101,0,0,0.000,0,0,0,0,0,0,0,0
19,-6,2,0,0.701,0,0,0.000,0,0,0,0,0,0,0,0
19,-5,-2,0,2.231,0,0,0.000,0,0,0,0,0,0,0,0
19,3,1,1,0.291,0,0,0.000,0,0,0,0,0,0,0,0
19,-6,7,2,1.591,0,0,0.000,0,1,0,1,0,0,1,1
19,2,-4,2,0.981,0,0,0.000,0,0,0,0,0,0,0,0
19,-1,3,3,1.511,0,0,0.000,0,0,0,0,0,0,0,0
19,-1,2,3,0.471,0,0,0.000,0,0,0,0,0,0,0,0
19,-5,8,1,1.832,0,0,0.000,0,0,0,0,0,0,18,18
19,1,4,2,0.331,0,0,0.000,0,0,0,0,0,0,0,0
19,1,0,3,3.861,0,0,0.000,0,0,0,0,0,0,0,0
19,-2,1,3,0.861,0,0,0.000,0,0,0,0,0,0,0,0
19,-5,0,1,0.801,0,0,0.000,0,0,0,0,0,0,0,0
19,2,0,3,1.901,0,0,0.000,0,0,0,0,0,0,0,0
19,2,4,1,0.331,0,0,0.000,0,0,0,0,0,0,0,0
19,-6,3,0,1.071,0,0,0.000,0,0,0,0,0,0,0,0
19,3,0,0,0.761,0,0,0.000,0,0,0,0,0,0,0,0
19,-5,4,2,0.451,0,0,0.000,0,0,0,0,0,0,0,0
19,1,-2,3,1.601,0,0,0.000,0,0,0,0,0,0,0,0
19,-4,-3,0,0.671,0,0,0.000,0,0,0,0,0,0,0,0
19,3,-5,0,0.701,0,0,0.000,0,0,0,0,0,0,0,0
19,0,6,0,1.171,0,0,0.000,0,0,0,0,0,0,0,0
19,2,5,0,0.621,0,0,0.000,0,0,0,0,0,0,0,0
19,-3,7,0,1.301,0,0,0.000,0,0,0,0,0,0,0,0
19,-5,5,3,0.571,0,0,0.000,0,0,0,0,0,0,0,0
19,2,-5,1,0.291,0,0,0.000,0,0,0,0,0,0,0,0
19,4,-3,0,0.431,0,0,0.000,0,0,0,0,0,0,0,0
19,-3,-3,0,0.112,0,0,0.000,0,0,0,0,0,0,0,0
19,-3,-1,3,0.231,0,0,0.000,0,0,0,0,0,0,0,0
19,0,5,3,0.311,0,0,0.000,0,0,0,0,0,0,0,0
19,0,0,3,0.381,0,0,0.000,0,0,0,0,0,0,0,0
19,3,-1,0,0.281,0,0,0.000,0,0,0,0,0,0,0,0
19,-1,-4,0,0.152,0,0,0.000,0,0,0,0,0,0,0,0
19,3,-2,1,0.201,0,0,0.000,0,0,0,0,0,0,0,0
19,1,5,0,0.931,0,0,0.000,0,0,0,0,0,0,0,0
19,-3,-2,2,0.181,0,0,0.000,0,0,0,0,0,0,0,0
19,-1,0,3,0.421,0,0,0.000,0,0,0,0,0,0,0,0
19,-5,-1,1,1.181,0,0,0.000,0,0,0,0,0,0,0,0
19,0,-1,3,0.411,0,0,0.000,0,0,0,0,0,0,0,0
19,-2,7,0,1.482,0,0,0.000,0,0,0,0,0,0,0,0
19,-6,4,1,1.271,0,0,0.000,0,0,0,0,0,0,0,0
19,-4,4,3,0.371,0,0,0.000,0,0,0,0,0,0,0,0
19,1,1,3,0.391,0,0,0.000,0,0,0,0,0,0,0,0
19,3,-4,0,0.731,0,0,0.000,0,0,0,0,0,0,0,0
19,-4,-1,3,1.591,0,0,0.000,0,0,0,0,0,0,0,0
19,-1,4,3,0.181,0,0,0.000,0,0,0,0,0,0,0,0
19,1,3,3,0.451,0,0,0.000,0,0,0,0,0,0,0,0
19,2,3,0,0.741,0,0,0.000,0,0,0,0,0,0,0,0
19,-2,-2,3,0.331,0,0,0.000,0,0,0,0,0,0,0,0
19,3,-3,0,0.671,0,0,0.000,0,0,0,0,0,0,0,0
19,-4,7,2,0.951,0,0,0.000,0,0,0,0,0,0,0,0
19,-1,-3,2,0.191,0,0,0.000,0,0,0,0,0,0,0,0
19,-5,7,2,4.561,0,0,0.000,0,0,0,0,0,0,1,1
19,-1,6,1,1.961,0,0,0.000,0,0,0,0,0,0,0,0
19,-3,5,3,0.133,0,0,0.000,0,0,0,0,0,0,0,0
19,-7,8,0,3.381,1,0,3.481,1,0,0,0,0,1,188,188
19,-3,6,3,0.561,0,0,0.000,0,0,0,0,0,0,0,0
19,-5,6,3,1.041,0,0,0.000,0,0,0,0,0,0,0,0
19,-4,2,3,2.081,0,0,0.000,0,0,0,0,0,0,0,0
19,-3,1,3,0.371,0,0,0.000,0,0,0,0,0,0,0,0
19,-6,5,0,0.273,0,0,0.000,0,0,0,0,0,0,0,0
19,1,-1,3,0.371,0,0,0.000,0,0,0,0,0,0,0,0
19,-4,1,3,0.991,0,0,0.000,0,0,0,0,0,0,0,0
19,-5,2,2,0.171,0,0,0.000,0,0,0,0,0,0,0,0
19,-2,-3,0,0.311,0,0,0.000,0,0,0,0,0,0,0,0
19,1,-5,0,0.231,0,0,0.000,0,0,0,0,0,0,0,0
19,-7,7,0,1.071,0,0,0.000,0,0,0,0,0,0,19,19
19,2,1,2,0.351,0,0,0.000,0,0,0,0,0,0,0,0
20,1,-4,2,0.771,0,0,0.000,0,0,0,0,0,0,0,0
20,-3,0,3,2.111,0,0,0.000,0,0,0,0,0,0,0,0
20,-2,2,3,0.611,0,0,0.000,0,0,0,0,0,0,0,0
20,-1,-1,3,0.121,0,0,0.000,0,0,0,0,0,0,0,0
20,0,1,3,0.221,0,0,0.000,0,0,0,0,0,0,0,0
20,-5,3,2,0.451,0,0,0.000,0,0,0,0,0,0,0,0
20,-1,1,3,0.201,0,0,0.000,0,0,0,0,0,0,0,0
20,-2,-1,3,0.181,0,0,0.000,0,0,0,0,0,0,0,0
20,0,4,3,0.231,0,0,0.000,0,0,0,0,0,0,0,0
20,3,-6,0,0.941,0,0,0.000,0,0,0,0,0,0,0,0
20,-2,4,3,0.911,0,0,0.000,0,0,0,0,0,0,0,0
20,-2,0,3,0.891,0,0,0.000,0,0,0,0,0,0,0,0
20,0,2,3,0.381,0,0,0.000,0,0,0,0,0,0,0,0
20,-4,3,3,0.182,0,0,0.000,0,0,0,0,0,0,0,0
20,-5,9,0,30.000,2,0,30.120,1,0,0,0,0,2,55,55
20,-7,6,1,0.724,0,0,0.000,0,0,0,0,0,0,0,0
20,-3,2,3,0.161,0,0,0.000,0,0,0,0,0,0,0,0
20,2,-1,2,0.591,0,0,0.000,0,0,0,0,0,0,0,0
20,0,-4,1,2.061,0,0,0.000,0,0,0,0,0,0,0,0
20,-2,5,3,0.901,0,0,0.000,0,0,0,0,0,0,0,0
20,-4,6,3,0.711,0,0,0.000,0,0,0,0,0,0,0,0
20,-1,5,2,1.461,0,0,0.000,0,0,0,0,0,0,0,0
20,0,-3,2,0.331,0,0,0.000,0,0,0,0,0,0,0,0
20,-6,8,0,1.991,0,0,0.000,0,0,0,0,0,0,17,17
20,-1,-2,3,0.671,0,0,0.000,0,0,0,0,0,0,0,0
20,-2,3,3,0.371,0,0,0.000,0,0,0,0,0,0,0,0
20,-4,5,3,0.651,0,0,0.000,0,0,0,0,0,0,0,0
20,1,-3,3,0.411,0,0,0.000,0,0,0,0,0,0,0,0
20,0,-2,3,0.141,0,0,0.000,0,0,0,0,0,0,0,0
20,0,3,3,0.201,0,0,0.000,0,0,0,0,0,0,0,0
20,-6,6,2,0.771,0,0,0.000,0,0,0,0,0,0,0,0
20,-2,6,2,0.662,0,0,0.000,0,0,0,0,0,0,0,0
20,-3,3,3,1.041,0,0,0.000,0,0,0,0,0,0,0,0
20,2,-2,2,0.221,0,0,0.000,0,0,0,0,0,0,0,0
20,-4,-2,2,0.421,0,0,0.000,0,0,0,0,0,0,0,0
20,2,2,1,0.251,0,0,0.000,0,0,0,0,0,0,0,0
20,-5,1,0,0.361,0,0,0.000,0,0,0,0,0,0,0,0
20,2,-3,2,0.271,0,0,0.000,0,0,0,0,0,0,0,0
20,-4,0,2,1.521,0,0,0.000,0,0,0,0,0,0,0,0
20,-3,4,3,0.361,0,0,0.000,0,0,0,0,0,0,0,0
20,-4,8,1,1.171,0,0,0.000,0,0,0,0,0,0,0,0
20,1,2,2,0.491,0,0,0.000,0,0,0,0,0,0,0,0
20,-6,2,0,0.871,0,0,0.000,0,0,0,0,0,0,0,0
20,-5,-2,0,0.711,0,0,0.000,0,0,0,0,0,0,0,0
20,3,1,1,0.201,0,0,0.000,0,0,0,0,0,0,0,0
20,-6,7,2,1.061,0,0,0.000,0,1,0,2,0,0,0,0
20,2,-4,2,1.521,0,0,0.000,0,0,0,0,0,0,0,0
20,-1,3,3,1.411,0,0,0.000,0,0,0,0,0,0,0,0
20,-1,2,3,0.471,0,0,0.000,0,0,0,0,0,0,0,0
20,-5,8,1,2.722,0,0,0.000,0,1,0,2,0,0,18,18
20,1,4,2,3.222,0,0,0.000,0,0,0,0,0,0,0,0
20,1,0,3,25.451,0,0,0.000,0,0,0,0,0,0,0,0
20,-2,1,3,0.701,0,0,0.000,0,0,0,0,0,0,0,0
20,-5,0,1,0.271,0,0,0.000,0,0,0,0,0,0,0,0
20,2,0,3,2.161,0,0,0.000,0,0,0,0,0,0,0,0
20,2,4,1,0.501,0,0,0.000,0,0,0,0,0,0,0,0
20,-6,3,0,1.731,0,0,0.000,0,0,0,0,0,0,0,0
20,3,0,0,0.371,0,0,0.000,0,0,0,0,0,0,0,0
20,-5,4,2,0.221,0,0,0.000,0,0,0,0,0,0,0,0
20,1,-2,3,1.601,0,0,0.000,0,0,0,0,0,0,0,0
20,-4,-3,0,0.711,0,0,0.000,0,0,0,0,0,0,0,0
20,3,-5,0,0.341,0,0,0.000,0,0,0,0,0,0,0,0
20,0,6,0,1.331,0,0,0.000,0,0,0,0,0,0,0,0
20,2,5,0,3.281,0,0,0.000,0,0,0,0,0,0,0,0
20,-3,7,0,0.861,0,0,0.000,0,0,0,0,0,0,0,0
20,-5,5,3,0.771,0,0,0.000,0,0,0,0,0,0,0,0
20,2,-5,1,0.461,0,0,0.000,0,0,0,0,0,0,0,0
20,4,-3,0,0.571,0,0,0.000,0,0,0,0,0,0,0,0
20,-3,-3,0,0.451,0,0,0.000,0,0,0,0,0,0,1,1
20,-3,-1,3,0.111,0,0,0.000,0,0,0,0,0,0,0,0
20,0,5,3,0.471,0,0,0.000,0,0,0,0,0,0,0,0
20,0,0,3,0.451,0,0,0.000,0,0,0,0,0,0,0,0
20,3,-1,0,0.281,0,0,0.000,0,0,0,0,0,0,0,0
20,-1,-4,0,2.001,0,0,0.000,0,0,0,0,0,0,0,0
20,3,-2,1,0.411,0,0,0.000,0,0,0,0,0,0,0,0
20,1,5,0,0.352,0,0,0.000,0,0,0,0,0,0,0,0
20,-3,-2,2,0.181,0,0,0.000,0,0,0,0,0,0,0,0
20,-1,0,3,0.211,0,0,0.000,0,0,0,0,0,0,0,0
20,-5,-1,1,1.561,0,0,0.000,0,0,0,0,0,0,0,0
20,0,-1,3,14.211,0,0,0.000,0,0,0,0,0,0,0,0
20,-2,7,0,0.981,0,0,0.000,0,0,0,0,0,0,0,0
20,-6,4,1,0.581,0,0,0.000,0,0,0,0,0,0,0,0
20,-4,4,3,0.181,0,0,0.000,0,0,0,0,0,0,0,0
20,1,1,3,0.391,0,0,0.000,0,0,0,0,0,0,0,0
20,3,-4,0,2.291,0,0,0.000,0,0,0,0,0,0,0,0
20,-4,-1,3,1.351,0,0,0.000,0,0,0,0,0,0,0,0
20,-1,4,3,0.181,0,0,0.000,0,0,0,0,0,0,0,0
20,1,3,3,0.291,0,0,0.000,0,0,0,0,0,0,0,0
20,2,3,0,0.381,0,0,0.000,0,0,0,0,0,0,0,0
20,-2,-2,3,0.181,0,0,0.000,0,0,0,0,0,0,0,0
20,3,-3,0,0.821,0,0,0.000,0,0,0,0,0,0,0,0
20,-4,7,2,0.531,0,0,0.000,0,0,0,0,0,0,0,0
20,-1,-3,2,0.991,0,0,0.000,0,0,0,0,0,0,0,0
20,-5,7,2,1.321,0,0,0.000,0,0,0,0,0,0,0,0
20,-1,6,1,0.391,0,0,0.000,0,0,0,0,0,0,0,0
20,-3,5,3,0.433,0,0,0.000,0,0,0,0,0,0,0,0
20,-7,8,0,4.922,2,0,5.032,1,0,0,0,0,2,215,215
20,-3,6,3,0.561,0,0,0.000,0,0,0,0,0,0,0,0
20,-5,6,3,0.411,0,0,0.000,0,0,0,0,0,0,0,0
20,-4,2,3,2.081,0,0,0.000,0,0,0,0,0,0,0,0
20,-3,1,3,0.181,0,0,0.000,0,0,0,0,0,0,0,0
20,-6,5,0,0.682,0,0,0.000,0,0,0,0,0,0,0,0
20,1,-1,3,2.461,0,0,0.000,0,0,0,0,0,0,0,0
20,-4,1,3,0.391,0,0,0.000,0,0,0,0,0,0,0,0
20,-5,2,2,0.351,0,0,0.000,0,0,0,0,0,0,0,0
20,-2,-3,0,0.311,0,0,0.000,0,0,0,0,0,0,0,0
20,1,-5,0,0.471,0,0,0.000,0,0,0,0,0,0,0,0
20,-7,7,0,5.031,0,0,0.000,0,0,0,0,0,0,19,19
20,2,1,2,1.071,0,0,0.000,0,0,0,0,0,0,0,0
21,1,-4,2,0.511,0,0,0.000,0,0,0,0,0,0,0,0
21,-3,0,3,1.451,0,0,0.000,0,0,0,0,0,0,0,0
21,-2,2,3,0.381,0,0,0.000,0,0,0,0,0,0,0,0
21,-1,-1,3,0.121,0,0,0.000,0,0,0,0,0,0,0,0
21,0,1,3,0.111,0,0,0.000,0,0,0,0,0,0,0,0
21,-5,3,2,0.451,0,0,0.000,0,0,0,0,0,0,0,0
21,-1,1,3,4.581,0,0,0.000,0,0,0,0,0,0,0,0
21,-2,-1,3,1.271,0,0,0.000,0,0,0,0,0,0,0,0
21,0,4,3,0.471,0,0,0.000,0,0,0,0,0,0,0,0
21,3,-6,0,1.721,0,0,0.000,0,0,0,0,0,0,0,0
21,-2,4,3,0.651,0,0,0.000,0,0,0,0,0,0,0,0
21,-2,0,3,0.651,0,0,0.000,0,0,0,0,0,0,0,0
21,0,2,3,0.381,0,0,0.000,0,0,0,0,0,0,0,0
21,-4,3,3,2.431,0,0,0.000,0,0,0,0,0,0,0,0
21,-5,9,0,0.851,0,0,0.000,0,0,0,0,0,0,62,62
21,-7,6,1,0.761,0,0,0.000,0,0,0,0,0,0,0,0
21,-3,2,3,0.931,0,0,0.000,0,0,0,0,0,0,0,0
21,2,-1,2,0.291,0,0,0.000,0,0,0,0,0,0,0,0
21,0,-4,1,1.041,0,0,0.000,0,0,0,0,0,0,0,0
21,-2,5,3,0.741,0,0,0.000,0,0,0,0,0,0,0,0
21,-4,6,3,0.471,0,0,0.000,0,0,0,0,0,0,0,0
21,-1,5,2,0.411,0,0,0.000,0,0,0,0,0,0,0,0
21,0,-3,2,0.161,0,0,0.000,0,0,0,0,0,0,0,0
21,-6,8,0,2.003,0,0,0.000,0,0,0,0,0,0,12,12
21,-1,-2,3,0.451,0,0,0.000,0,0,0,0,0,0,0,0
21,-2,3,3,0.371,0,0,0.000,0,0,0,0,0,0,0,0
21,-4,5,3,1.091,0,0,0.000,0,0,0,0,0,0,0,0
21,1,-3,3,0.881,0,0,0.000,0,0,0,0,0,0,0,0
21,0,-2,3,0.241,0,0,0.000,0,0,0,0,0,0,0,0
21,0,3,3,0.341,0,0,0.000,0,0,0,0,0,0,0,0
21,-6,6,2,3.322,0,0,0.000,0,0,0,0,0,0,0,0
21,-2,6,2,1.421,0,0,0.000,0,0,0,0,0,0,0,0
21,-3,3,3,2.571,0,0,0.000,0,0,0,0,0,0,0,0
21,2,-2,2,0.391,0,0,0.000,0,0,0,0,0,0,0,0
21,-4,-2,2,0.271,0,0,0.000,0,0,0,0,0,0,0,0
21,2,2,1,0.731,0,0,0.000,0,0,0,0,0,0,0,0
21,-5,1,0,1.401,0,0,0.000,0,0,0,0,0,0,0,0
21,2,-3,2,0.241,0,0,0.000,0,0,0,0,0,0,0,0
21,-4,0,2,0.221,0,0,0.000,0,0,0,0,0,0,0,0
21,-3,4,3,0.551,0,0,0.000,0,0,0,0,0,0,0,0
21,-4,8,1,1.411,0,0,0.000,0,0,0,0,0,0,0,0
21,1,2,2,0.301,0,0,0.000,0,0,0,0,0,0,0,0
21,-6,2,0,0.431,0,0,0.000,0,0,0,0,0,0,0,0
21,-5,-2,0,0.471,0,0,0.000,0,0,0,0,0,0,0,0
21,3,1,1,0.381,0,0,0.000,0,0,0,0,0,0,0,0
21,-6,7,2,1.021,0,0,0.000,0,1,0,2,0,0,1,1
21,2,-4,2,0.212,0,0,0.000,0,0,0,0,0,0,0,0
21,-1,3,3,0.431,0,0,0.000,0,0,0,0,0,0,0,0
21,-1,2,3,0.311,0,0,0.000,0,0,0,0,0,0,0,0
21,-5,8,1,0.812,0,0,0.000,0,0,0,0,0,0,15,15
21,1,4,2,2.371,0,0,0.000,0,0,0,0,0,0,0,0
21,1,0,3,0.161,0,0,0.000,0,0,0,0,0,0,0,0
21,-2,1,3,2.221,0,0,0.000,0,0,0,0,0,0,0,0
21,-5,0,1,0.301,0,0,0.000,0,0,0,0,0,0,0,0
21,2,0,3,0.611,0,0,0.000,0,0,0,0,0,0,0,0
21,2,4,1,0.331,0,0,0.000,0,0,0,0,0,0,0,0
21,-6,3,0,0.721,0,0,0.000,0,0,0,0,0,0,0,0
21,3,0,0,0.181,0,0,0.000,0,0,0,0,0,0,0,0
21,-5,4,2,0.241,0,0,0.000,0,0,0,0,0,0,0,0
21,1,-2,3,1.831,0,0,0.000,0,0,0,0,0,0,0,0
21,-4,-3,0,0.951,0,0,0.000,0,0,0,0,0,0,0,0
21,3,-5,0,0.341,0,0,0.000,0,0,0,0,0,0,0,0
21,0,6,0,1.561,0,0,0.000,0,0,0,0,0,0,0,0
21,2,5,0,1.391,0,0,0.000,0,0,0,0,0,0,0,0
21,-3,7,0,1.301,0,0,0.000,0,0,0,0,0,0,0,0
21,-5,5,3,3.171,0,0,0.000,0,0,0,0,0,0,0,0
21,2,-5,1,0.291,0,0,0.000,0,0,0,0,0,0,0,0
21,4,-3,0,0.891,0,0,0.000,0,0,0,0,0,0,0,0
21,-3,-3,0,0.211,0,0,0.000,0,0,0,0,0,0,0,0
21,-3,-1,3,0.111,0,0,0.000,0,0,0,0,0,0,0,0
21,0,5,3,0.151,0,0,0.000,0,0,0,0,0,0,0,0
21,0,0,3,0.251,0,0,0.000,0,0,0,0,0,0,0,0
21,3,-1,0,0.731,0,0,0.000,0,0,0,0,0,0,0,0
21,-1,-4,0,0.152,0,0,0.000,0,0,0,0,0,0,0,0
21,3,-2,1,0.411,0,0,0.000,0,0,0,0,0,0,0,0
21,1,5,0,0.352,0,0,0.000,0,0,0,0,0,0,0,0
21,-3,-2,2,0.561,0,0,0.000,0,0,0,0,0,0,0,0
21,-1,0,3,1.041,0,0,0.000,0,0,0,0,0,0,0,0
21,-5,-1,1,0.971,0,0,0.000,0,0,0,0,0,0,0,0
21,0,-1,3,1.371,0,0,0.000,0,0,0,0,0,0,0,0
21,-2,7,0,1.473,0,0,0.000,0,0,0,0,0,0,0,0
21,-6,4,1,0.401,0,0,0.000,0,0,0,0,0,0,0,0
21,-4,4,3,0.751,0,0,0.000,0,0,0,0,0,0,0,0
21,1,1,3,0.491,0,0,0.000,0,0,0,0,0,0,0,0
21,3,-4,0,0.471,0,0,0.000,0,0,0,0,0,0,0,0
21,-4,-1,3,0.341,0,0,0.000,0,0,0,0,0,0,0,0
21,-1,4,3,1.301,0,0,0.000,0,0,0,0,0,0,0,0
21,1,3,3,0.291,0,0,0.000,0,0,0,0,0,0,0,0
21,2,3,0,0.301,0,0,0.000,0,0,0,0,0,0,0,0
21,-2,-2,3,0.371,0,0,0.000,0,0,0,0,0,0,0,0
21,3,-3,0,1.091,0,0,0.000,0,0,0,0,0,0,0,0
21,-4,7,2,1.031,0,0,0.000,0,0,0,0,0,0,1,1
21,-1,-3,2,0.991,0,0,0.000,0,0,0,0,0,0,0,0
21,-5,7,2,1.321,0,0,0.000,0,0,0,0,0,0,0,0
21,-1,6,1,0.561,0,0,0.000,0,0,0,0,0,0,0,0
21,-3,5,3,0.681,0,0,0.000,0,0,0,0,0,0,0,0
21,-7,8,0,0.691,2,0,0.791,1,0,0,0,0,2,218,218
21,-3,6,3,0.941,0,0,0.000,0,0,0,0,0,0,0,0
21,-5,6,3,1.551,0,0,0.000,0,0,0,0,0,0,0,0
21,-4,2,3,0.211,0,0,0.000,0,0,0,0,0,0,0,0
21,-3,1,3,0.521,0,0,0.000,0,0,0,0,0,0,0,0
21,-6,5,0,0.273,0,0,0.000,0,0,0,0,0,0,0,0
21,1,-1,3,0.371,0,0,0.000,0,0,0,0,0,0,0,0
21,-4,1,3,0.391,0,0,0.000,0,0,0,0,0,0,0,0
21,-5,2,2,0.171,0,0,0.000,0,0,0,0,0,0,0,0
21,-2,-3,0,0.172,0,0,0.000,0,0,0,0,0,0,0,0
21,1,-5,0,0.231,0,0,0.000,0,0,0,0,0,0,0,0
21,-7,7,0,1.071,0,0,0.000,0,0,0,0,0,0,7,7
21,2,1,2,1.431,0,0,0.000,0,0,0,0,0,0,0,0
22,1,-4,2,0.351,0,0,0.000,0,0,0,0,0,0,0,0
22,-3,0,3,2.171,0,0,0.000,0,0,0,0,0,0,0,0
22,-2,2,3,1.131,0,0,0.000,0,0,0,0,0,0,0,0
22,-1,-1,3,0.221,0,0,0.000,0,0,0,0,0,0,0,0
22,0,1,3,0.111,0,0,0.000,0,0,0,0,0,0,0,0
22,-5,3,2,1.141,0,0,0.000,0,0,0,0,0,0,0,0
22,-1,1,3,0.201,0,0,0.000,0,0,0,0,0,0,0,0
22,-2,-1,3,1.781,0,0,0.000,0,0,0,0,0,0,0,0
22,0,4,3,2.391,0,0,0.000,0,0,0,0,0,0,0,0
22,3,-6,0,0.811,0,0,0.000,0,0,0,0,0,0,0,0
22,-2,4,3,0.421,0,0,0.000,0,0,0,0,0,0,0,0
22,-2,0,3,0.211,0,0,0.000,0,0,0,0,0,0,0,0
22,0,2,3,1.381,0,0,0.000,0,0,0,0,0,0,0,0
22,-4,3,3,0.721,0,0,0.000,0,0,0,0,0,0,0,0
22,-5,9,0,0.851,0,0,0.000,0,0,0,0,0,0,55,55
22,-7,6,1,0.943,0,0,0.000,0,0,0,0,0,0,1,1
22,-3,2,3,0.161,0,0,0.000,0,0,0,0,0,0,0,0
22,2,-1,2,0.891,0,0,0.000,0,0,0,0,0,0,0,0
22,0,-4,1,0.831,0,0,0.000,0,0,0,0,0,0,0,0
22,-2,5,3,1.061,0,0,0.000,0,0,0,0,0,0,0,0
22,-4,6,3,0.711,0,0,0.000,0,0,0,0,0,0,0,0
22,-1,5,2,0.411,0,0,0.000,0,0,0,0,0,0,0,0
22,0,-3,2,0.781,0,0,0.000,0,0,0,0,0,0,0,0
22,-6,8,0,1.403,0,0,0.000,0,0,0,0,0,0,11,11
22,-1,-2,3,1.131,0,0,0.000,0,0,0,0,0,0,0,0
22,-2,3,3,0.181,0,0,0.000,0,0,0,0,0,0,0,0
22,-4,5,3,1.091,0,0,0.000,0,0,0,0,0,0,0,0
22,1,-3,3,0.201,0,0,0.000,0,0,0,0,0,0,0,0
22,0,-2,3,0.141,0,0,0.000,0,0,0,0,0,0,0,0
22,0,3,3,0.411,0,0,0.000,0,0,0,0,0,0,0,0
22,-6,6,2,3.322,0,0,0.000,0,0,0,0,0,0,0,0
22,-2,6,2,0.901,0,0,0.000,0,0,0,0,0,0,0,0
22,-3,3,3,0.621,0,0,0.000,0,0,0,0,0,0,0,0
22,2,-2,2,1.221,0,0,0.000,0,0,0,0,0,0,0,0
22,-4,-2,2,0.571,0,0,0.000,0,0,0,0,0,0,0,0
22,2,2,1,0.151,0,0,0.000,0,0,0,0,0,0,0,0
22,-5,1,0,3.161,0,0,0.000,0,0,0,0,0,0,0,0
22,2,-3,2,1.361,0,0,0.000,0,0,0,0,0,0,0,0
22,-4,0,2,1.521,0,0,0.000,0,0,0,0,0,0,0,0
22,-3,4,3,0.381,0,0,0.000,0,0,0,0,0,0,0,0
22,-4,8,1,1.891,0,0,0.000,0,0,0,0,0,0,0,0
22,1,2,2,0.731,0,0,0.000,0,0,0,0,0,0,0,0
22,-6,2,0,1.091,0,0,0.000,0,0,0,0,0,0,0,0
22,-5,-2,0,0.551,0,0,0.000,0,0,0,0,0,0,0,0
22,3,1,1,1.551,0,0,0.000,0,0,0,0,0,0,0,0
22,-6,7,2,0.901,0,0,0.000,0,1,0,2,0,0,0,0
22,2,-4,2,0.881,0,0,0.000,0,0,0,0,0,0,0,0
22,-1,3,3,0.311,0,0,0.000,0,0,0,0,0,0,0,0
22,-1,2,3,0.151,0,0,0.000,0,0,0,0,0,0,0,0
22,-5,8,1,2.172,0,0,0.000,0,0,0,0,0,0,14,14
22,1,4,2,0.161,0,0,0.000,0,0,0,0,0,0,0,0
22,1,0,3,0.291,0,0,0.000,0,0,0,0,0,0,0,0
22,-2,1,3,1.041,0,0,0.000,0,0,0,0,0,0,0,0
22,-5,0,1,0.371,0,0,0.000,0,0,0,0,0,0,0,0
22,2,0,3,3.141,0,0,0.000,0,0,0,0,0,0,0,0
22,2,4,1,0.501,0,0,0.000,0,0,0,0,0,0,0,0
22,-6,3,0,1.731,0,0,0.000,0,0,0,0,0,0,0,0
22,3,0,0,0.371,0,0,0.000,0,0,0,0,0,0,0,0
22,-5,4,2,0.911,0,0,0.000,0,0,0,0,0,0,0,0
22,1,-2,3,0.451,0,0,0.000,0,0,0,0,0,0,0,0
22,-4,-3,0,0.711,0,0,0.000,0,0,0,0,0,0,0,0
22,3,-5,0,1.781,0,0,0.000,0,0,0,0,0,0,0,0
22,0,6,0,0.871,0,0,0.000,0,0,0,0,0,0,0,0
22,2,5,0,3.281,0,0,0.000,0,0,0,0,0,0,0,0
22,-3,7,0,1.961,0,0,0.000,0,0,0,0,0,0,0,0
22,-5,5,3,0.392,0,0,0.000,0,0,0,0,0,0,0,0
22,2,-5,1,3.183,0,0,0.000,0,0,0,0,0,0,0,0
22,4,-3,0,0.661,0,0,0.000,0,0,0,0,0,0,0,0
22,-3,-3,0,14.041,0,0,0.000,0,0,0,0,0,0,0,0
22,-3,-1,3,0.181,0,0,0.000,0,0,0,0,0,0,0,0
22,0,5,3,0.311,0,0,0.000,0,0,0,0,0,0,0,0
22,0,0,3,0.451,0,0,0.000,0,0,0,0,0,0,0,0
22,3,-1,0,0.141,0,0,0.000,0,0,0,0,0,0,0,0
22,-1,-4,0,0.401,0,0,0.000,0,0,0,0,0,0,0,0
22,3,-2,1,1.041,0,0,0.000,0,0,0,0,0,0,0,0
22,1,5,0,0.881,0,0,0.000,0,0,0,0,0,0,0,0
22,-3,-2,2,0.561,0,0,0.000,0,0,0,0,0,0,0,0
22,-1,0,3,0.211,0,0,0.000,0,0,0,0,0,0,0,0
22,-5,-1,1,1.321,0,0,0.000,0,0,0,0,0,0,0,0
22,0,-1,3,1.521,0,0,0.000,0,0,0,0,0,0,0,0
22,-2,7,0,0.981,0,0,0.000,0,0,0,0,0,0,0,0
22,-6,4,1,30.000,0,0,0.000,0,0,0,0,0,0,0,0
22,-4,4,3,0.751,0,0,0.000,0,0,0,0,0,0,0,0
22,1,1,3,0.351,0,0,0.000,0,0,0,0,0,0,0,0
22,3,-4,0,0.471,0,0,0.000,0,0,0,0,0,0,0,0
22,-4,-1,3,0.481,0,0,0.000,0,0,0,0,0,0,0,0
22,-1,4,3,0.181,0,0,0.000,0,0,0,0,0,0,0,0
22,1,3,3,0.291,0,0,0.000,0,0,0,0,0,0,0,0
22,2,3,0,0.961,0,0,0.000,0,0,0,0,0,0,0,0
22,-2,-2,3,0.181,0,0,0.000,0,0,0,0,0,0,0,0
22,3,-3,0,0.341,0,0,0.000,0,0,0,0,0,0,0,0
22,-4,7,2,0.411,0,0,0.000,0,0,0,0,0,0,0,0
22,-1,-3,2,0.591,0,0,0.000,0,0,0,0,0,0,0,0
22,-5,7,2,1.861,0,0,0.000,0,0,0,0,0,0,0,0
22,-1,6,1,0.581,0,0,0.000,0,0,0,0,0,0,0,0
22,-3,5,3,0.132,0,0,0.000,0,0,0,0,0,0,0,0
22,-7,8,0,1.141,2,0,1.241,1,0,0,0,0,2,201,201
22,-3,6,3,0.561,0,0,0.000,0,0,0,0,0,0,0,0
22,-5,6,3,1.251,0,0,0.000,0,0,0,0,0,0,0,0
22,-4,2,3,0.321,0,0,0.000,0,0,0,0,0,0,0,0
22,-3,1,3,0.711,0,0,0.000,0,0,0,0,0,0,0,0
22,-6,5,0,0.402,0,0,0.000,0,0,0,0,0,0,0,0
22,1,-1,3,0.561,0,0,0.000,0,0,0,0,0,0,0,0
22,-4,1,3,0.391,0,0,0.000,0,0,0,0,0,0,0,0
22,-5,2,2,0.171,0,0,0.000,0,0,0,0,0,0,0,0
22,-2,-3,0,0.311,0,0,0.000,0,0,0,0,0,0,0,0
22,1,-5,0,0.111,0,0,0.000,0,0,0,0,0,0,0,0
22,-7,7,0,1.071,0,0,0.000,0,0,0,0,0,0,16,16
22,2,1,2,0.351,0,0,0.000,0,0,0,0,0,0,0,0
23,1,-4,2,1.031,0,0,0.000,0,0,0,0,0,0,0,0
23,-3,0,3,0.411,0,0,0.000,0,0,0,0,0,0,0,0
23,-2,2,3,0.671,0,0,0.000,0,0,0,0,0,0,0,0
23,-1,-1,3,0.221,0,0,0.000,0,0,0,0,0,0,0,0
23,0,1,3,0.111,0,0,0.000,0,0,0,0,0,0,0,0
23,-5,3,2,1.552,0,0,0.000,0,0,0,0,0,0,0,0
23,-1,1,3,0.591,0,0,0.000,0,0,0,0,0,0,0,0
23,-2,-1,3,0.831,0,0,0.000,0,0,0,0,0,0,0,0
23,0,4,3,0.981,0,0,0.000,0,0,0,0,0,0,0,0
23,3,-6,0,0.941,0,0,0.000,0,0,0,0,0,0,0,0
23,-2,4,3,0.651,0,0,0.000,0,0,0,0,0,0,0,0
23,-2,0,3,0.431,0,0,0.000,0,0,0,0,0,0,0,0
23,0,2,3,1.381,0,0,0.000,0,0,0,0,0,0,0,0
23,-4,3,3,3.571,0,0,0.000,0,0,0,0,0,0,0,0
23,-5,9,0,1.001,0,0,0.000,0,0,0,0,0,0,70,70
23,-7,6,1,1.531,0,0,0.000,0,0,0,0,0,0,0,0
23,-3,2,3,0.671,0,0,0.000,0,0,0,0,0,0,0,0
23,2,-1,2,0.291,0,0,0.000,0,0,0,0,0,0,0,0
23,0,-4,1,0.201,0,0,0.000,0,0,0,0,0,0,0,0
23,-2,5,3,0.311,0,0,0.000,0,0,0,0,0,0,0,0
23,-4,6,3,0.951,0,0,0.000,0,0,0,0,0,0,0,0
23,-1,5,2,0.201,0,0,0.000,0,0,0,0,0,0,0,0
23,0,-3,2,0.671,0,0,0.000,0,0,0,0,0,0,0,0
23,-6,8,0,1.791,0,0,0.000,0,0,0,0,0,0,6,6
23,-1,-2,3,0.441,0,0,0.000,0,0,0,0,0,0,0,0
23,-2,3,3,0.181,0,0,0.000,0,0,0,0,0,0,0,0
23,-4,5,3,2.191,0,0,0.000,0,0,0,0,0,0,0,0
23,1,-3,3,0.621,0,0,0.000,0,0,0,0,0,0,0,0
23,0,-2,3,0.711,0,0,0.000,0,0,0,0,0,0,0,0
23,0,3,3,0.341,0,0,0.000,0,0,0,0,0,0,0,0
23,-6,6,2,0.501,0,0,0.000,0,0,0,0,0,0,0,0
23,-2,6,2,1.801,0,0,0.000,0,0,0,0,0,0,0,0
23,-3,3,3,0.621,0,0,0.000,0,0,0,0,0,0,0,0
23,2,-2,2,0.351,0,0,0.000,0,0,0,0,0,0,0,0
23,-4,-2,2,0.721,0,0,0.000,0,0,0,0,0,0,0,0
23,2,2,1,0.251,0,0,0.000,0,0,0,0,0,0,0,0
23,-5,1,0,0.561,0,0,0.000,0,0,0,0,0,0,0,0
23,2,-3,2,0.941,0,0,0.000,0,0,0,0,0,0,0,0
23,-4,0,2,1.061,0,0,0.000,0,0,0,0,0,0,0,0
23,-3,4,3,0.361,0,0,0.000,0,0,0,0,0,0,0,0
23,-4,8,1,1.891,0,0,0.000,0,0,0,0,0,0,0,0
23,1,2,2,1.251,0,0,0.000,0,0,0,0,0,0,0,0
23,-6,2,0,1.311,0,0,0.000,0,0,0,0,0,0,0,0
23,-5,-2,0,0.471,0,0,0.000,0,0,0,0,0,0,0,0
23,3,1,1,1.071,0,0,0.000,0,0,0,0,0,0,0,0
23,-6,7,2,0.831,0,0,0.000,0,0,0,0,0,0,0,0
23,2,-4,2,0.591,0,0,0.000,0,0,0,0,0,0,0,0
23,-1,3,3,0.311,0,0,0.000,0,0,0,0,0,0,0,0
23,-1,2,3,2.551,0,0,0.000,0,0,0,0,0,0,0,0
23,-5,8,1,0.911,0,0,0.000,0,0,0,0,0,0,22,22
23,1,4,2,0.161,0,0,0.000,0,0,0,0,0,0,0,0
23,1,0,3,0.501,0,0,0.000,0,0,0,0,0,0,0,0
23,-2,1,3,1.631,0,0,0.000,0,0,0,0,0,0,0,0
23,-5,0,1,0.761,0,0,0.000,0,0,0,0,0,0,0,0
23,2,0,3,2.161,0,0,0.000,0,0,0,0,0,0,0,0
23,2,4,1,0.331,0,0,0.000,0,0,0,0,0,0,0,0
23,-6,3,0,1.191,0,0,0.000,0,0,0,0,0,0,0,0
23,3,0,0,0.402,0,0,0.000,0,0,0,0,0,0,0,0
23,-5,4,2,0.941,0,0,0.000,0,0,0,0,0,0,0,0
23,1,-2,3,0.451,0,0,0.000,0,0,0,0,0,0,0,0
23,-4,-3,0,1.701,0,0,0.000,0,0,0,0,0,0,0,0
23,3,-5,0,0.431,0,0,0.000,0,0,0,0,0,0,0,0
23,0,6,0,1.401,0,0,0.000,0,0,0,0,0,0,0,0
23,2,5,0,0.621,0,0,0.000,0,0,0,0,0,0,0,0
23,-3,7,0,1.081,0,0,0.000,0,0,0,0,0,0,0,0
23,-5,5,3,1.571,0,0,0.000,0,0,0,0,0,0,0,0
23,2,-5,1,0.331,0,0,0.000,0,0,0,0,0,0,0,0
23,4,-3,0,0.431,0,0,0.000,0,0,0,0,0,0,0,0
23,-3,-3,0,0.112,0,0,0.000,0,0,0,0,0,0,0,0
23,-3,-1,3,0.111,0,0,0.000,0,0,0,0,0,0,0,0
23,0,5,3,0.311,0,0,0.000,0,0,0,0,0,0,0,0
23,0,0,3,0.971,0,0,0.000,0,0,0,0,0,0,0,0
23,3,-1,0,0.281,0,0,0.000,0,0,0,0,0,0,0,0
23,-1,-4,0,0.241,0,0,0.000,0,0,0,0,0,0,0,0
23,3,-2,1,2.091,0,0,0.000,0,0,0,0,0,0,0,0
23,1,5,0,0.751,0,0,0.000,0,0,0,0,0,0,0,0
23,-3,-2,2,0.371,0,0,0.000,0,0,0,0,0,0,0,0
23,-1,0,3,0.381,0,0,0.000,0,0,0,0,0,0,0,0
23,-5,-1,1,1.391,0,0,0.000,0,0,0,0,0,0,0,0
23,0,-1,3,0.521,0,0,0.000,0,0,0,0,0,0,0,0
23,-2,7,0,1.272,0,0,0.000,0,0,0,0,0,0,0,0
23,-6,4,1,0.981,0,0,0.000,0,0,0,0,0,0,0,0
23,-4,4,3,0.371,0,0,0.000,0,0,0,0,0,0,0,0
23,1,1,3,0.551,0,0,0.000,0,0,0,0,0,0,0,0
23,3,-4,0,0.471,0,0,0.000,0,0,0,0,0,0,0,0
23,-4,-1,3,0.341,0,0,0.000,0,0,0,0,0,0,0,0
23,-1,4,3,0.881,0,0,0.000,0,0,0,0,0,0,0,0
23,1,3,3,0.291,0,0,0.000,0,0,0,0,0,0,0,0
23,2,3,0,0.431,0,0,0.000,0,0,0,0,0,0,0,0
23,-2,-2,3,0.851,0,0,0.000,0,0,0,0,0,0,0,0
23,3,-3,0,0.431,0,0,0.000,0,0,0,0,0,0,0,0
23,-4,7,2,1.191,0,0,0.000,0,0,0,0,0,0,1,1
23,-1,-3,2,0.391,0,0,0.000,0,0,0,0,0,0,0,0
23,-5,7,2,2.941,0,0,0.000,0,0,0,0,0,0,0,0
23,-1,6,1,0.561,0,0,0.000,0,0,0,0,0,0,0,0
23,-3,5,3,0.541,0,0,0.000,0,0,0,0,0,0,0,0
23,-7,8,0,1.002,0,0,0.000,0,0,0,0,0,0,206,206
23,-3,6,3,0.371,0,0,0.000,0,0,0,0,0,0,0,0
23,-5,6,3,1.041,0,0,0.000,0,0,0,0,0,0,1,1
23,-4,2,3,0.101,0,0,0.000,0,0,0,0,0,0,0,0
23,-3,1,3,0.181,0,0,0.000,0,0,0,0,0,0,0,0
23,-6,5,0,0.273,0,0,0.000,0,0,0,0,0,0,0,0
23,1,-1,3,0.181,0,0,0.000,0,0,0,0,0,0,0,0
23,-4,1,3,1.591,0,0,0.000,0,0,0,0,0,0,0,0
23,-5,2,2,0.351,0,0,0.000,0,0,0,0,0,0,0,0
23,-2,-3,0,0.172,0,0,0.000,0,0,0,0,0,0,0,0
23,1,-5,0,0.591,0,0,0.000,0,0,0,0,0,0,0,0
23,-7,7,0,0.891,0,0,0.000,0,0,0,0,0,0,8,8
23,2,1,2,0.531,0,0,0.000,0,0,0,0,0,0,0,0
24,1,-4,2,0.511,0,0,0.000,0,0,0,0,0,0,0,0
24,-3,0,3,0.791,0,0,0.000,0,0,0,0,0,0,0,0
24,-2,2,3,0.381,0,0,0.000,0,0,0,0,0,0,0,0
24,-1,-1,3,0.121,0,0,0.000,0,0,0,0,0,0,0,0
24,0,1,3,0.221,0,0,0.000,0,0,0,0,0,0,0,0
24,-5,3,2,0.451,0,0,0.000,0,0,0,0,0,0,0,0
24,-1,1,3,0.591,0,0,0.000,0,0,0,0,0,0,0,0
24,-2,-1,3,0.641,0,0,0.000,0,0,0,0,0,0,0,0
24,0,4,3,0.711,0,0,0.000,0,0,0,0,0,0,0,0
24,3,-6,0,0.782,0,0,0.000,0,0,0,0,0,0,0,0
24,-2,4,3,1.151,0,0,0.000,0,0,0,0,0,0,0,0
24,-2,0,3,0.211,0,0,0.000,0,0,0,0,0,0,0,0
24,0,2,3,0.191,0,0,0.000,0,0,0,0,0,0,0,0
24,-4,3,3,0.531,0,0,0.000,0,0,0,0,0,0,0,0
24,-5,9,0,2.982,2,0,3.102,1,0,0,0,0,2,64,64
24,-7,6,1,0.723,0,0,0.000,0,0,0,0,0,0,0,0
24,-3,2,3,1.611,0,0,0.000,0,0,0,0,0,0,0,0
24,2,-1,2,2.781,0,0,0.000,0,0,0,0,0,0,0,0
24,0,-4,1,0.381,0,0,0.000,0,0,0,0,0,0,0,0
24,-2,5,3,2.181,0,0,0.000,0,0,0,0,0,0,0,0
24,-4,6,3,0.711,0,0,0.000,0,0,0,0,0,0,0,0
24,-1,5,2,0.831,0,0,0.000,0,0,0,0,0,0,0,0
24,0,-3,2,1.691,0,0,0.000,0,0,0,0,0,0,0,0
24,-6,8,0,2.003,0,0,0.000,0,0,0,0,0,0,15,15
24,-1,-2,3,0.671,0,0,0.000,0,0,0,0,0,0,0,0
24,-2,3,3,0.181,0,0,0.000,0,0,0,0,0,0,0,0
24,-4,5,3,1.531,0,0,0.000,0,0,0,0,0,0,0,0
24,1,-3,3,0.411,0,0,0.000,0,0,0,0,0,0,0,0
24,0,-2,3,0.721,0,0,0.000,0,0,0,0,0,0,0,0
24,0,3,3,0.761,0,0,0.000,0,0,0,0,0,0,0,0
24,-6,6,2,0.771,0,0,0.000,0,0,0,0,0,0,0,0
24,-2,6,2,1.371,0,0,0.000,0,0,0,0,0,0,0,0
24,-3,3,3,0.471,0,0,0.000,0,0,0,0,0,0,0,0
24,2,-2,2,0.311,0,0,0.000,0,0,0,0,0,0,0,0
24,-4,-2,2,0.141,0,0,0.000,0,0,0,0,0,0,0,0
24,2,2,1,0.451,0,0,0.000,0,0,0,0,0,0,0,0
24,-5,1,0,2.361,0,0,0.000,0,0,0,0,0,0,0,0
24,2,-3,2,0.131,0,0,0.000,0,0,0,0,0,0,0,0
24,-4,0,2,1.291,0,0,0.000,0,0,0,0,0,0,0,0
24,-3,4,3,0.821,0,0,0.000,0,0,0,0,0,0,0,0
24,-4,8,1,1.171,0,0,0.000,0,0,0,0,0,0,0,0
24,1,2,2,0.731,0,0,0.000,0,0,0,0,0,0,0,0
24,-6,2,0,0.741,0,0,0.000,0,0,0,0,0,0,0,0
24,-5,-2,0,0.471,0,0,0.000,0,0,0,0,0,0,0,0
24,3,1,1,0.801,0,0,0.000,0,0,0,0,0,0,0,0
24,-6,7,2,1.132,0,0,0.000,0,1,0,1,0,0,0,0
24,2,-4,2,1.031,0,0,0.000,0,0,0,0,0,0,0,0
24,-1,3,3,0.641,0,0,0.000,0,0,0,0,0,0,0,0
24,-1,2,3,0.311,0,0,0.000,0,0,0,0,0,0,0,0
24,-5,8,1,0.812,0,0,0.000,0,1,0,2,0,0,10,10
24,1,4,2,0.331,0,0,0.000,0,0,0,0,0,0,0,0
24,1,0,3,0.701,0,0,0.000,0,0,0,0,0,0,0,0
24,-2,1,3,1.391,0,0,0.000,0,0,0,0,0,0,0,0
24,-5,0,1,1.191,0,0,0.000,0,0,0,0,0,0,0,0
24,2,0,3,2.161,0,0,0.000,0,0,0,0,0,0,0,0
24,2,4,1,1.631,0,0,0.000,0,0,0,0,0,0,0,0
24,-6,3,0,0.432,0,0,0.000,0,0,0,0,0,0,0,0
24,3,0,0,0.951,0,0,0.000,0,0,0,0,0,0,0,0
24,-5,4,2,1.601,0,0,0.000,0,0,0,0,0,0,0,0
24,1,-2,3,0.451,0,0,0.000,0,0,0,0,0,0,0,0
24,-4,-3,0,1.151,0,0,0.000,0,0,0,0,0,0,0,0
24,3,-5,0,1.804,0,0,0.000,0,0,0,0,0,0,0,0
24,0,6,0,0.871,0,0,0.000,0,0,0,0,0,0,0,0
24,2,5,0,0.761,0,0,0.000,0,0,0,0,0,0,0,0
24,-3,7,0,0.652,0,0,0.000,0,0,0,0,0,0,0,0
24,-5,5,3,1.982,0,0,0.000,0,0,0,0,0,0,0,0
24,2,-5,1,0.291,0,0,0.000,0,0,0,0,0,0,0,0
24,4,-3,0,0.801,0,0,0.000,0,0,0,0,0,0,0,0
24,-3,-3,0,0.112,0,0,0.000,0,0,0,0,0,0,0,0
24,-3,-1,3,0.111,0,0,0.000,0,0,0,0,0,0,0,0
24,0,5,3,0.471,0,0,0.000,0,0,0,0,0,0,0,0
24,0,0,3,2.531,0,0,0.000,0,0,0,0,0,0,0,0
24,3,-1,0,0.431,0,0,0.000,0,0,0,0,0,0,0,0
24,-1,-4,0,0.241,0,0,0.000,0,0,0,0,0,0,0,0
24,3,-2,1,2.931,0,0,0.000,0,0,0,0,0,0,0,0
24,1,5,0,1.701,0,0,0.000,0,0,0,0,0,0,0,0
24,-3,-2,2,0.371,0,0,0.000,0,0,0,0,0,0,0,0
24,-1,0,3,0.211,0,0,0.000,0,0,0,0,0,0,0,0
24,-5,-1,1,1.531,0,0,0.000,0,0,0,0,0,0,0,0
24,0,-1,3,2.011,0,0,0.000,0,0,0,0,0,0,0,0
24,-2,7,0,0.771,0,0,0.000,0,0,0,0,0,0,0,0
24,-6,4,1,0.751,0,0,0.000,0,0,0,0,0,0,0,0
24,-4,4,3,0.572,0,0,0.000,0,0,0,0,0,0,0,0
24,1,1,3,1.291,0,0,0.000,0,0,0,0,0,0,0,0
24,3,-4,0,4.111,0,0,0.000,0,0,0,0,0,0,0,0
24,-4,-1,3,0.341,0,0,0.000,0,0,0,0,0,0,0,0
24,-1,4,3,0.661,0,0,0.000,0,0,0,0,0,0,0,0
24,1,3,3,0.291,0,0,0.000,0,0,0,0,0,0,0,0
24,2,3,0,0.211,0,0,0.000,0,0,0,0,0,0,0,0
24,-2,-2,3,0.851,0,0,0.000,0,0,0,0,0,0,0,0
24,3,-3,0,0.431,0,0,0.000,0,0,0,0,0,0,0,0
24,-4,7,2,0.591,0,0,0.000,0,0,0,0,0,0,0,0
24,-1,-3,2,3.191,0,0,0.000,0,0,0,0,0,0,0,0
24,-5,7,2,1.591,0,0,0.000,0,0,0,0,0,0,0,0
24,-1,6,1,0.561,0,0,0.000,0,0,0,0,0,0,0,0
24,-3,5,3,30.000,0,0,0.000,0,0,0,0,0,0,0,0
24,-7,8,0,2.371,1,0,2.451,1,0,0,0,0,1,189,189
24,-3,6,3,1.511,0,0,0.000,0,0,0,0,0,0,0,0
24,-5,6,3,0.621,0,0,0.000,0,0,0,0,0,0,0,0
24,-4,2,3,0.101,0,0,0.000,0,0,0,0,0,0,0,0
24,-3,1,3,1.031,0,0,0.000,0,0,0,0,0,0,0,0
24,-6,5,0,0.541,0,0,0.000,0,0,0,0,0,0,0,0
24,1,-1,3,0.181,0,0,0.000,0,0,0,0,0,0,0,0
24,-4,1,3,0.251,0,0,0.000,0,0,0,0,0,0,0,0
24,-5,2,2,0.231,0,0,0.000,0,0,0,0,0,0,0,0
24,-2,-3,0,0.331,0,0,0.000,0,0,0,0,0,0,0,0
24,1,-5,0,0.111,0,0,0.000,0,0,0,0,0,0,0,0
24,-7,7,0,0.891,0,0,0.000,0,0,0,0,0,0,7,7
24,2,1,2,0.531,0,0,0.000,0,0,0,0,0,0,0,0
25,1,-4,2,0.771,0,0,0.000,0,0,0,0,0,0,0,0
25,-3,0,3,0.411,0,0,0.000,0,0,0,0,0,0,0,0
25,-2,2,3,1.131,0,0,0.000,0,0,0,0,0,0,0,0
25,-1,-1,3,0.121,0,0,0.000,0,0,0,0,0,0,0,0
25,0,1,3,0.151,0,0,0.000,0,0,0,0,0,0,0,0
25,-5,3,2,0.221,0,0,0.000,0,0,0,0,0,0,0,0
25,-1,1,3,0.201,0,0,0.000,0,0,0,0,0,0,0,0
25,-2,-1,3,0.341,0,0,0.000,0,0,0,0,0,0,0,0
25,0,4,3,0.722,0,0,0.000,0,0,0,0,0,0,0,0
25,3,-6,0,0.952,0,0,0.000,0,0,0,0,0,0,0,0
25,-2,4,3,0.222,0,0,0.000,0,0,0,0,0,0,0,0
25,-2,0,3,0.431,0,0,0.000,0,0,0,0,0,0,0,0
25,0,2,3,1.251,0,0,0.000,0,0,0,0,0,0,0,0
25,-4,3,3,0.531,0,0,0.000,0,0,0,0,0,0,0,0
25,-5,9,0,1.151,2,0,1.271,1,0,0,0,0,2,76,76
25,-7,6,1,1.201,0,0,0.000,0,0,0,0,0,0,0,0
25,-3,2,3,0.421,0,0,0.000,0,0,0,0,0,0,0,0
25,2,-1,2,0.591,0,0,0.000,0,0,0,0,0,0,0,0
25,0,-4,1,0.201,0,0,0.000,0,0,0,0,0,0,0,0
25,-2,5,3,0.261,0,0,0.000,0,0,0,0,0,0,0,0
25,-4,6,3,1.671,0,0,0.000,0,0,0,0,0,0,0,0
25,-1,5,2,0.201,0,0,0.000,0,0,0,0,0,0,0,0
25,0,-3,2,0.271,0,0,0.000,0,0,0,0,0,0,0,0
25,-6,8,0,1.191,0,0,0.000,0,0,0,0,0,0,13,13
25,-1,-2,3,0.441,0,0,0.000,0,0,0,0,0,0,0,0
25,-2,3,3,0.561,0,0,0.000,0,0,0,0,0,0,0,0
25,-4,5,3,0.474,0,0,0.000,0,0,0,0,0,0,0,0
25,1,-3,3,2.091,0,0,0.000,0,0,0,0,0,0,0,0
25,0,-2,3,0.381,0,0,0.000,0,0,0,0,0,0,0,0
25,0,3,3,0.411,0,0,0.000,0,0,0,0,0,0,0,0
25,-6,6,2,0.501,0,0,0.000,0,0,0,0,0,0,0,0
25,-2,6,2,1.371,0,0,0.000,0,0,0,0,0,0,0,0
25,-3,3,3,1.461,0,0,0.000,0,0,0,0,0,0,0,0
25,2,-2,2,0.191,0,0,0.000,0,0,0,0,0,0,0,0
25,-4,-2,2,0.141,0,0,0.000,0,0,0,0,0,0,0,0
25,2,2,1,13.911,0,0,0.000,0,0,0,0,0,0,0,0
25,-5,1,0,0.361,0,0,0.000,0,0,0,0,0,0,0,0
25,2,-3,2,0.381,0,0,0.000,0,0,0,0,0,0,0,0
25,-4,0,2,0.221,0,0,0.000,0,0,0,0,0,0,0,0
25,-3,4,3,2.071,0,0,0.000,0,0,0,0,0,0,0,0
25,-4,8,1,1.411,0,0,0.000,0,0,0,0,0,0,0,0
25,1,2,2,0.471,0,0,0.000,0,0,0,0,0,0,0,0
25,-6,2,0,3.071,0,0,0.000,0,0,0,0,0,0,0,0
25,-5,-2,0,0.471,0,0,0.000,0,0,0,0,0,0,0,0
25,3,1,1,0.501,0,0,0.000,0,0,0,0,0,0,0,0
25,-6,7,2,1.591,0,0,0.000,0,1,0,2,0,0,0,0
25,2,-4,2,0.901,0,0,0.000,0,0,0,0,0,0,0,0
25,-1,3,3,0.551,0,0,0.000,0,0,0,0,0,0,0,0
25,-1,2,3,0.311,0,0,0.000,0,0,0,0,0,0,0,0
25,-5,8,1,1.442,0,0,0.000,0,1,0,2,0,0,16,16
25,1,4,2,0.671,0,0,0.000,0,0,0,0,0,0,0,0
25,1,0,3,0.241,0,0,0.000,0,0,0,0,0,0,0,0
25,-2,1,3,0.521,0,0,0.000,0,0,0,0,0,0,0,0
25,-5,0,1,0.481,0,0,0.000,0,0,0,0,0,0,0,0
25,2,0,3,0.611,0,0,0.000,0,0,0,0,0,0,0,0
25,2,4,1,0.671,0,0,0.000,0,0,0,0,0,0,0,0
25,-6,3,0,0.531,0,0,0.000,0,0,0,0,0,0,0,0
25,3,0,0,0.232,0,0,0.000,0,0,0,0,0,0,0,0
25,-5,4,2,0.451,0,0,0.000,0,0,0,0,0,0,0,0
25,1,-2,3,0.911,0,0,0.000,0,0,0,0,0,0,0,0
25,-4,-3,0,0.711,0,0,0.000,0,0,0,0,0,0,0,0
25,3,-5,0,0.431,0,0,0.000,0,0,0,0,0,0,0,0
25,0,6,0,1.791,0,0,0.000,0,0,0,0,0,0,0,0
25,2,5,0,1.391,0,0,0.000,0,0,0,0,0,0,0,0
25,-3,7,0,1.081,0,0,0.000,0,0,0,0,0,0,0,0
25,-5,5,3,0.571,0,0,0.000,0,0,0,0,0,0,0,0
25,2,-5,1,0.501,0,0,0.000,0,0,0,0,0,0,0,0
25,4,-3,0,0.431,0,0,0.000,0,0,0,0,0,0,0,0
25,-3,-3,0,0.242,0,0,0.000,0,0,0,0,0,0,1,1
25,-3,-1,3,0.181,0,0,0.000,0,0,0,0,0,0,0,0
25,0,5,3,2.391,0,0,0.000,0,0,0,0,0,0,0,0
25,0,0,3,1.161,0,0,0.000,0,0,0,0,0,0,0,0
25,3,-1,0,1.331,0,0,0.000,0,0,0,0,0,0,0,0
25,-1,-4,0,0.152,0,0,0.000,0,0,0,0,0,0,0,0
25,3,-2,1,0.621,0,0,0.000,0,0,0,0,0,0,0,0
25,1,5,0,0.521,0,0,0.000,0,0,0,0,0,0,0,0
25,-3,-2,2,1.321,0,0,0.000,0,0,0,0,0,0,0,0
25,-1,0,3,0.381,0,0,0.000,0,0,0,0,0,0,0,0
25,-5,-1,1,1.881,0,0,0.000,0,0,0,0,0,0,0,0
25,0,-1,3,0.571,0,0,0.000,0,0,0,0,0,0,0,0
25,-2,7,0,2.661,0,0,0.000,0,0,0,0,0,0,0,0
25,-6,4,1,1.501,0,0,0.000,0,0,0,0,0,0,0,0
25,-4,4,3,0.561,0,0,0.000,0,0,0,0,0,0,0,0
25,1,1,3,0.491,0,0,0.000,0,0,0,0,0,0,0,0
25,3,-4,0,1.041,0,0,0.000,0,0,0,0,0,0,0,0
25,-4,-1,3,0.341,0,0,0.000,0,0,0,0,0,0,0,0
25,-1,4,3,0.181,0,0,0.000,0,0,0,0,0,0,0,0
25,1,3,3,0.171,0,0,0.000,0,0,0,0,0,0,0,0
25,2,3,0,0.211,0,0,0.000,0,0,0,0,0,0,0,0
25,-2,-2,3,0.181,0,0,0.000,0,0,0,0,0,0,0,0
25,3,-3,0,0.431,0,0,0.000,0,0,0,0,0,0,0,0
25,-4,7,2,1.311,0,0,0.000,0,0,0,0,0,0,0,0
25,-1,-3,2,0.791,0,0,0.000,0,0,0,0,0,0,0,0
25,-5,7,2,1.591,0,0,0.000,0,0,0,0,0,0,0,0
25,-1,6,1,0.761,0,0,0.000,0,0,0,0,0,0,0,0
25,-3,5,3,0.132,0,0,0.000,0,0,0,0,0,0,0,0
25,-7,8,0,1.141,2,0,1.231,1,0,0,0,0,2,205,205
25,-3,6,3,0.371,0,0,0.000,0,0,0,0,0,0,0,0
25,-5,6,3,0.621,0,0,0.000,0,0,0,0,0,0,0,0
25,-4,2,3,0.431,0,0,0.000,0,0,0,0,0,0,0,0
25,-3,1,3,0.271,0,0,0.000,0,0,0,0,0,0,0,0
25,-6,5,0,0.273,0,0,0.000,0,0,0,0,0,0,0,0
25,1,-1,3,0.941,0,0,0.000,0,0,0,0,0,0,0,0
25,-4,1,3,0.391,0,0,0.000,0,0,0,0,0,0,0,0
25,-5,2,2,0.171,0,0,0.000,0,0,0,0,0,0,0,0
25,-2,-3,0,0.172,0,0,0.000,0,0,0,0,0,0,0,0
25,1,-5,0,0.231,0,0,0.000,0,0,0,0,0,0,0,0
25,-7,7,0,1.791,0,0,0.000,0,0,0,0,0,0,9,9
25,2,1,2,0.351,0,0,0.000,0,0,0,0,0,0,0,0
26,1,-4,2,0.251,0,0,0.000,0,0,0,0,0,0,0,0
26,-3,0,3,2.171,0,0,0.000,0,0,0,0,0,0,0,0
26,-2,2,3,1.531,0,0,0.000,0,0,0,0,0,0,0,0
26,-1,-1,3,0.531,0,0,0.000,0,0,0,0,0,0,0,0
26,0,1,3,0.151,0,0,0.000,0,0,0,0,0,0,0,0
26,-5,3,2,0.221,0,0,0.000,0,0,0,0,0,0,0,0
26,-1,1,3,0.201,0,0,0.000,0,0,0,0,0,0,0,0
26,-2,-1,3,0.341,0,0,0.000,0,0,0,0,0,0,0,0
26,0,4,3,0.471,0,0,0.000,0,0,0,0,0,0,0,0
26,3,-6,0,1.421,0,0,0.000,0,0,0,0,0,0,0,0
26,-2,4,3,0.241,0,0,0.000,0,0,0,0,0,0,0,0
26,-2,0,3,0.211,0,0,0.000,0,0,0,0,0,0,0,0
26,0,2,3,0.581,0,0,0.000,0,0,0,0,0,0,0,0
26,-4,3,3,1.861,0,0,0.000,0,0,0,0,0,0,0,0
26,-5,9,0,0.851,0,0,0.000,0,0,0,0,0,0,56,56
26,-7,6,1,0.723,0,0,0.000,0,0,0,0,0,0,0,0
26,-3,2,3,0.591,0,0,0.000,0,0,0,0,0,0,0,0
26,2,-1,2,1.281,0,0,0.000,0,0,0,0,0,0,0,0
26,0,-4,1,0.201,0,0,0.000,0,0,0,0,0,0,0,0
26,-2,5,3,0.311,0,0,0.000,0,0,0,0,0,0,0,0
26,-4,6,3,0.492,0,0,0.000,0,0,0,0,0,0,0,0
26,-1,5,2,1.041,0,0,0.000,0,0,0,0,0,0,0,0
26,0,-3,2,0.161,0,0,0.000,0,0,0,0,0,0,0,0
26,-6,8,0,3.191,0,0,0.000,0,0,0,0,0,0,11,11
26,-1,-2,3,1.361,0,0,0.000,0,0,0,0,0,0,0,0
26,-2,3,3,1.891,0,0,0.000,0,0,0,0,0,0,0,0
26,-4,5,3,0.431,0,0,0.000,0,0,0,0,0,0,0,0
26,1,-3,3,0.621,0,0,0.000,0,0,0,0,0,0,0,0
26,0,-2,3,0.231,0,0,0.000,0,0,0,0,0,0,0,0
26,0,3,3,1.481,0,0,0.000,0,0,0,0,0,0,0,0
26,-6,6,2,0.501,0,0,0.000,0,0,0,0,0,0,0,0
26,-2,6,2,0.641,0,0,0.000,0,0,0,0,0,0,0,0
26,-3,3,3,0.311,0,0,0.000,0,0,0,0,0,0,0,0
26,2,-2,2,0.821,0,0,0.000,0,0,0,0,0,0,0,0
26,-4,-2,2,0.421,0,0,0.000,0,0,0,0,0,0,0,0
26,2,2,1,0.411,0,0,0.000,0,0,0,0,0,0,0,0
26,-5,1,0,3.161,0,0,0.000,0,0,0,0,0,0,0,0
26,2,-3,2,0.661,0,0,0.000,0,0,0,0,0,0,0,0
26,-4,0,2,0.451,0,0,0.000,0,0,0,0,0,0,0,0
26,-3,4,3,0.381,0,0,0.000,0,0,0,0,0,0,0,0
26,-4,8,1,1.891,0,0,0.000,0,0,0,0,0,0,0,0
26,1,2,2,0.471,0,0,0.000,0,0,0,0,0,0,0,0
26,-6,2,0,1.151,0,0,0.000,0,0,0,0,0,0,0,0
26,-5,-2,0,0.551,0,0,0.000,0,0,0,0,0,0,0,0
26,3,1,1,1.221,0,0,0.000,0,0,0,0,0,0,0,0
26,-6,7,2,0.943,0,0,0.000,0,1,0,4,0,0,0,0
26,2,-4,2,0.641,0,0,0.000,0,0,0,0,0,0,0,0
26,-1,3,3,0.631,0,0,0.000,0,0,0,0,0,0,0,0
26,-1,2,3,0.151,0,0,0.000,0,0,0,0,0,0,0,0
26,-5,8,1,1.152,0,0,0.000,0,0,0,0,0,0,15,15
26,1,4,2,0.871,0,0,0.000,0,0,0,0,0,0,0,0
26,1,0,3,1.141,0,0,0.000,0,0,0,0,0,0,0,0
26,-2,1,3,0.671,0,0,0.000,0,0,0,0,0,0,0,0
26,-5,0,1,0.521,0,0,0.000,0,0,0,0,0,0,0,0
26,2,0,3,0.611,0,0,0.000,0,0,0,0,0,0,0,0
26,2,4,1,0.331,0,0,0.000,0,0,0,0,0,0,0,0
26,-6,3,0,0.432,0,0,0.000,0,0,0,0,0,0,0,0
26,3,0,0,0.371,0,0,0.000,0,0,0,0,0,0,0,0
26,-5,4,2,0.911,0,0,0.000,0,0,0,0,0,0,0,0
26,1,-2,3,0.221,0,0,0.000,0,0,0,0,0,0,0,0
26,-4,-3,0,1.701,0,0,0.000,0,0,0,0,0,0,0,0
26,3,-5,0,1.691,0,0,0.000,0,0,0,0,0,0,0,0
26,0,6,0,0.871,0,0,0.000,0,0,0,0,0,0,0,0
26,2,5,0,0.411,0,0,0.000,0,0,0,0,0,0,0,0
26,-3,7,0,1.741,0,0,0.000,0,0,0,0,0,0,0,0
26,-5,5,3,0.792,0,0,0.000,0,0,0,0,0,0,0,0
26,2,-5,1,0.461,0,0,0.000,0,0,0,0,0,0,0,0
26,4,-3,0,0.661,0,0,0.000,0,0,0,0,0,0,0,0
26,-3,-3,0,0.232,0,0,0.000,0,0,0,0,0,0,0,0
26,-3,-1,3,0.111,0,0,0.000,0,0,0,0,0,0,0,0
26,0,5,3,1.591,0,0,0.000,0,0,0,0,0,0,0,0
26,0,0,3,0.381,0,0,0.000,0,0,0,0,0,0,0,0
26,3,-1,0,0.141,0,0,0.000,0,0,0,0,0,0,0,0
26,-1,-4,0,0.401,0,0,0.000,0,0,0,0,0,0,0,0
26,3,-2,1,0.201,0,0,0.000,0,0,0,0,0,0,0,0
26,1,5,0,0.391,0,0,0.000,0,0,0,0,0,0,0,0
26,-3,-2,2,0.181,0,0,0.000,0,0,0,0,0,0,0,0
26,-1,0,3,0.381,0,0,0.000,0,0,0,0,0,0,0,0
26,-5,-1,1,2.021,0,0,0.000,0,0,0,0,0,0,0,0
26,0,-1,3,2.521,0,0,0.000,0,0,0,0,0,0,0,0
26,-2,7,0,1.062,0,0,0.000,0,0,0,0,0,0,0,0
26,-6,4,1,1.381,0,0,0.000,0,0,0,0,0,0,0,0
26,-4,4,3,0.371,0,0,0.000,0,0,0,0,0,0,0,0
26,1,1,3,0.291,0,0,0.000,0,0,0,0,0,0,0,0
26,3,-4,0,0.253,0,0,0.000,0,0,0,0,0,0,0,0
26,-4,-1,3,6.591,0,0,0.000,0,0,0,0,0,0,0,0
26,-1,4,3,0.471,0,0,0.000,0,0,0,0,0,0,0,0
26,1,3,3,0.151,0,0,0.000,0,0,0,0,0,0,0,0
26,2,3,0,0.211,0,0,0.000,0,0,0,0,0,0,0,0
26,-2,-2,3,0.561,0,0,0.000,0,0,0,0,0,0,0,0
26,3,-3,0,0.911,0,0,0.000,0,0,0,0,0,0,0,0
26,-4,7,2,0.471,0,0,0.000,0,0,0,0,0,0,1,1
26,-1,-3,2,0.391,0,0,0.000,0,0,0,0,0,0,0,0
26,-5,7,2,1.321,0,0,0.000,0,0,0,0,0,0,0,0
26,-1,6,1,2.561,0,0,0.000,0,0,0,0,0,0,0,0
26,-3,5,3,1.801,0,0,0.000,0,0,0,0,0,0,0,0
26,-7,8,0,1.111,4,0,1.232,1,0,0,0,0,4,203,203
26,-3,6,3,2.081,0,0,0.000,0,0,0,0,0,0,0,0
26,-5,6,3,1.251,0,0,0.000,0,0,0,0,0,0,0,0
26,-4,2,3,0.431,0,0,0.000,0,0,0,0,0,0,0,0
26,-3,1,3,0.181,0,0,0.000,0,0,0,0,0,0,0,0
26,-6,5,0,0.371,0,0,0.000,0,0,0,0,0,0,0,0
26,1,-1,3,0.201,0,0,0.000,0,0,0,0,0,0,0,0
26,-4,1,3,0.211,0,0,0.000,0,0,0,0,0,0,0,0
26,-5,2,2,0.171,0,0,0.000,0,0,0,0,0,0,0,0
26,-2,-3,0,0.851,0,0,0.000,0,0,0,0,0,0,0,0
26,1,-5,0,0.111,0,0,0.000,0,0,0,0,0,0,0,0
26,-7,7,0,1.071,0,0,0.000,0,0,0,0,0,0,17,17
26,2,1,2,0.171,0,0,0.000,0,0,0,0,0,0,0,0
27,1,-4,2,0.771,0,0,0.000,0,0,0,0,0,0,0,0
27,-3,0,3,0.211,0,0,0.000,0,0,0,0,0,0,0,0
27,-2,2,3,0.771,0,0,0.000,0,0,0,0,0,0,0,0
27,-1,-1,3,0.351,0,0,0.000,0,0,0,0,0,0,0,0
27,0,1,3,0.111,0,0,0.000,0,0,0,0,0,0,0,0
27,-5,3,2,0.451,0,0,0.000,0,0,0,0,0,0,0,0
27,-1,1,3,0.381,0,0,0.000,0,0,0,0,0,0,0,0
27,-2,-1,3,0.261,0,0,0.000,0,0,0,0,0,0,0,0
27,0,4,3,0.231,0,0,0.000,0,0,0,0,0,0,0,0
27,3,-6,0,0.721,0,0,0.000,0,0,0,0,0,0,0,0
27,-2,4,3,1.111,0,0,0.000,0,0,0,0,0,0,0,0
27,-2,0,3,0.431,0,0,0.000,0,0,0,0,0,0,0,0
27,0,2,3,0.981,0,0,0.000,0,0,0,0,0,0,0,0
27,-4,3,3,1.291,0,0,0.000,0,0,0,0,0,0,0,0
27,-5,9,0,1.001,1,0,1.101,1,0,0,0,0,1,75,75
27,-7,6,1,1.432,0,0,0.000,0,0,0,0,0,0,0,0
27,-3,2,3,0.331,0,0,0.000,0,0,0,0,0,0,0,0
27,2,-1,2,0.291,0,0,0.000,0,0,0,0,0,0,0,0
27,0,-4,1,0.201,0,0,0.000,0,0,0,0,0,0,0,0
27,-2,5,3,1.221,0,0,0.000,0,0,0,0,0,0,0,0
27,-4,6,3,0.711,0,0,0.000,0,0,0,0,0,0,0,0
27,-1,5,2,0.621,0,0,0.000,0,0,0,0,0,0,0,0
27,0,-3,2,0.331,0,0,0.000,0,0,0,0,0,0,0,0
27,-6,8,0,0.991,0,0,0.000,0,0,0,0,0,0,11,11
27,-1,-2,3,0.671,0,0,0.000,0,0,0,0,0,0,0,0
27,-2,3,3,0.371,0,0,0.000,0,0,0,0,0,0,0,0
27,-4,5,3,1.531,0,0,0.000,0,0,0,0,0,0,0,0
27,1,-3,3,0.461,0,0,0.000,0,0,0,0,0,0,0,0
27,0,-2,3,0.241,0,0,0.000,0,0,0,0,0,0,0,0
27,0,3,3,0.571,0,0,0.000,0,0,0,0,0,0,0,0
27,-6,6,2,0.601,0,0,0.000,0,0,0,0,0,0,0,0
27,-2,6,2,0.511,0,0,0.000,0,0,0,0,0,0,0,0
27,-3,3,3,0.201,0,0,0.000,0,0,0,0,0,0,0,0
27,2,-2,2,0.391,0,0,0.000,0,0,0,0,0,0,0,0
27,-4,-2,2,0.571,0,0,0.000,0,0,0,0,0,0,0,0
27,2,2,1,1.591,0,0,0.000,0,0,0,0,0,0,0,0
27,-5,1,0,0.801,0,0,0.000,0,0,0,0,0,0,0,0
27,2,-3,2,0.251,0,0,0.000,0,0,0,0,0,0,0,0
27,-4,0,2,0.371,0,0,0.000,0,0,0,0,0,0,0,0
27,-3,4,3,0.381,0,0,0.000,0,0,0,0,0,0,0,0
27,-4,8,1,1.411,0,0,0.000,0,0,0,0,0,0,0,0
27,1,2,2,0.251,0,0,0.000,0,0,0,0,0,0,0,0
27,-6,2,0,1.091,0,0,0.000,0,0,0,0,0,0,0,0
27,-5,-2,0,1.671,0,0,0.000,0,0,0,0,0,0,0,0
27,3,1,1,0.291,0,0,0.000,0,0,0,0,0,0,0,0
27,-6,7,2,1.411,0,0,0.000,0,0,0,0,0,0,0,0
27,2,-4,2,0.371,0,0,0.000,0,0,0,0,0,0,0,0
27,-1,3,3,0.711,0,0,0.000,0,0,0,0,0,0,0,0
27,-1,2,3,0.151,0,0,0.000,0,0,0,0,0,0,0,0
27,-5,8,1,0.812,0,0,0.000,0,1,0,1,0,0,13,13
27,1,4,2,0.331,0,0,0.000,0,0,0,0,0,0,0,0
27,1,0,3,0.291,0,0,0.000,0,0,0,0,0,0,0,0
27,-2,1,3,0.951,0,0,0.000,0,0,0,0,0,0,0,0
27,-5,0,1,0.271,0,0,0.000,0,0,0,0,0,0,0,0
27,2,0,3,1.541,0,0,0.000,0,0,0,0,0,0,0,0
27,2,4,1,0.331,0,0,0.000,0,0,0,0,0,0,0,0
27,-6,3,0,0.721,0,0,0.000,0,0,0,0,0,0,0,0
27,3,0,0,2.461,0,0,0.000,0,0,0,0,0,0,0,0
27,-5,4,2,0.451,0,0,0.000,0,0,0,0,0,0,0,0
27,1,-2,3,0.451,0,0,0.000,0,0,0,0,0,0,0,0
27,-4,-3,0,0.711,0,0,0.000,0,0,0,0,0,0,0,0
27,3,-5,0,0.521,0,0,0.000,0,0,0,0,0,0,0,0
27,0,6,0,2.481,0,0,0.000,0,0,0,0,0,0,0,0
27,2,5,0,0.411,0,0,0.000,0,0,0,0,0,0,0,0
27,-3,7,0,0.652,0,0,0.000,0,0,0,0,0,0,0,0
27,-5,5,3,0.392,0,0,0.000,0,0,0,0,0,0,0,0
27,2,-5,1,3.183,0,0,0.000,0,0,0,0,0,0,0,0
27,4,-3,0,0.431,0,0,0.000,0,0,0,0,0,0,0,0
27,-3,-3,0,0.112,0,0,0.000,0,0,0,0,0,0,0,0
27,-3,-1,3,0.141,0,0,0.000,0,0,0,0,0,0,0,0
27,0,5,3,0.151,0,0,0.000,0,0,0,0,0,0,0,0
27,0,0,3,0.381,0,0,0.000,0,0,0,0,0,0,0,0
27,3,-1,0,0.141,0,0,0.000,0,0,0,0,0,0,0,0
27,-1,-4,0,0.461,0,0,0.000,0,0,0,0,0,0,0,0
27,3,-2,1,0.411,0,0,0.000,0,0,0,0,0,0,0,0
27,1,5,0,0.701,0,0,0.000,0,0,0,0,0,0,0,0
27,-3,-2,2,0.371,0,0,0.000,0,0,0,0,0,0,0,0
27,-1,0,3,0.251,0,0,0.000,0,0,0,0,0,0,0,0
27,-5,-1,1,2.061,0,0,0.000,0,0,0,0,0,0,0,0
27,0,-1,3,0.191,0,0,0.000,0,0,0,0,0,0,0,0
27,-2,7,0,1.111,0,0,0.000,0,0,0,0,0,0,0,0
27,-6,4,1,0.531,0,0,0.000,0,0,0,0,0,0,0,0
27,-4,4,3,0.181,0,0,0.000,0,0,0,0,0,0,0,0
27,1,1,3,0.391,0,0,0.000,0,0,0,0,0,0,0,0
27,3,-4,0,3.591,0,0,0.000,0,0,0,0,0,0,0,0
27,-4,-1,3,0.242,0,0,0.000,0,0,0,0,0,0,0,0
27,-1,4,3,0.371,0,0,0.000,0,0,0,0,0,0,0,0
27,1,3,3,0.931,0,0,0.000,0,0,0,0,0,0,0,0
27,2,3,0,0.211,0,0,0.000,0,0,0,0,0,0,0,0
27,-2,-2,3,0.291,0,0,0.000,0,0,0,0,0,0,0,0
27,3,-3,0,0.371,0,0,0.000,0,0,0,0,0,0,0,0
27,-4,7,2,0.711,0,0,0.000,0,0,0,0,0,0,0,0
27,-1,-3,2,0.391,0,0,0.000,0,0,0,0,0,0,0,0
27,-5,7,2,1.051,0,0,0.000,0,0,0,0,0,0,0,0
27,-1,6,1,0.392,0,0,0.000,0,0,0,0,0,0,0,0
27,-3,5,3,0.541,0,0,0.000,0,0,0,0,0,0,0,0
27,-7,8,0,0.971,0,0,0.000,0,0,0,0,0,0,239,239
27,-3,6,3,2.651,0,0,0.000,0,0,0,0,0,0,0,0
27,-5,6,3,1.251,0,0,0.000,0,0,0,0,0,0,0,0
27,-4,2,3,0.211,0,0,0.000,0,0,0,0,0,0,0,0
27,-3,1,3,0.901,0,0,0.000,0,0,0,0,0,0,0,0
27,-6,5,0,0.371,0,0,0.000,0,0,0,0,0,0,0,0
27,1,-1,3,5.311,0,0,0.000,0,0,0,0,0,0,0,0
27,-4,1,3,0.211,0,0,0.000,0,0,0,0,0,0,0,0
27,-5,2,2,0.171,0,0,0.000,0,0,0,0,0,0,0,0
27,-2,-3,0,0.331,0,0,0.000,0,0,0,0,0,0,0,0
27,1,-5,0,0.231,0,0,0.000,0,0,0,0,0,0,0,0
27,-7,7,0,1.431,0,0,0.000,0,0,0,0,0,0,10,10
27,2,1,2,0.531,0,0,0.000,0,0,0,0,0,0,0,0
28,1,-4,2,2.071,0,0,0.000,0,0,0,0,0,0,0,0
28,-3,0,3,7.671,0,0,0.000,0,0,0,0,0,0,0,0
28,-2,2,3,0.541,0,0,0.000,0,0,0,0,0,0,0,0
28,-1,-1,3,0.121,0,0,0.000,0,0,0,0,0,0,0,0
28,0,1,3,0.111,0,0,0.000,0,0,0,0,0,0,0,0
28,-5,3,2,1.552,0,0,0.000,0,0,0,0,0,0,0,0
28,-1,1,3,0.591,0,0,0.000,0,0,0,0,0,0,0,0
28,-2,-1,3,0.181,0,0,0.000,0,0,0,0,0,0,0,0
28,0,4,3,0.471,0,0,0.000,0,0,0,0,0,0,0,0
28,3,-6,0,1.181,0,0,0.000,0,0,0,0,0,0,0,0
28,-2,4,3,0.421,0,0,0.000,0,0,0,0,0,0,0,0
28,-2,0,3,0.211,0,0,0.000,0,0,0,0,0,0,0,0
28,0,2,3,0.391,0,0,0.000,0,0,0,0,0,0,0,0
28,-4,3,3,0.721,0,0,0.000,0,0,0,0,0,0,0,0
28,-5,9,0,1.001,0,0,0.000,0,0,0,0,0,0,56,56
28,-7,6,1,0.761,0,0,0.000,0,0,0,0,0,0,1,1
28,-3,2,3,0.161,0,0,0.000,0,0,0,0,0,0,0,0
28,2,-1,2,0.981,0,0,0.000,0,0,0,0,0,0,0,0
28,0,-4,1,0.871,0,0,0.000,0,0,0,0,0,0,0,0
28,-2,5,3,1.112,0,0,0.000,0,0,0,0,0,0,0,0
28,-4,6,3,1.431,0,0,0.000,0,0,0,0,0,0,0,0
28,-1,5,2,0.411,0,0,0.000,0,0,0,0,0,0,0,0
28,0,-3,2,1.181,0,0,0.000,0,0,0,0,0,0,0,0
28,-6,8,0,1.991,0,0,0.000,0,0,0,0,0,0,15,15
28,-1,-2,3,0.441,0,0,0.000,0,0,0,0,0,0,0,0
28,-2,3,3,0.371,0,0,0.000,0,0,0,0,0,0,0,0
28,-4,5,3,0.431,0,0,0.000,0,0,0,0,0,0,0,0
28,1,-3,3,0.621,0,0,0.000,0,0,0,0,0,0,0,0
28,0,-2,3,0.171,0,0,0.000,0,0,0,0,0,0,0,0
28,0,3,3,0.361,0,0,0.000,0,0,0,0,0,0,0,0
28,-6,6,2,1.111,0,0,0.000,0,0,0,0,0,0,0,0
28,-2,6,2,0.511,0,0,0.000,0,0,0,0,0,0,0,0
28,-3,3,3,0.261,0,0,0.000,0,0,0,0,0,0,0,0
28,2,-2,2,1.391,0,0,0.000,0,0,0,0,0,0,0,0
28,-4,-2,2,0.271,0,0,0.000,0,0,0,0,0,0,0,0
28,2,2,1,0.151,0,0,0.000,0,0,0,0,0,0,0,0
28,-5,1,0,3.161,0,0,0.000,0,0,0,0,0,0,0,0
28,2,-3,2,0.381,0,0,0.000,0,0,0,0,0,0,0,0
28,-4,0,2,0.221,0,0,0.000,0,0,0,0,0,0,0,0
28,-3,4,3,0.381,0,0,0.000,0,0,0,0,0,0,0,0
28,-4,8,1,3.091,0,0,0.000,0,0,0,0,0,0,0,0
28,1,2,2,0.321,0,0,0.000,0,0,0,0,0,0,0,0
28,-6,2,0,0.431,0,0,0.000,0,0,0,0,0,0,0,0
28,-5,-2,0,0.471,0,0,0.000,0,0,0,0,0,0,0,0
28,3,1,1,1.341,0,0,0.000,0,0,0,0,0,0,0,0
28,-6,7,2,0.831,0,0,0.000,0,1,0,2,0,0,0,0
28,2,-4,2,0.212,0,0,0.000,0,0,0,0,0,0,0,0
28,-1,3,3,1.111,0,0,0.000,0,0,0,0,0,0,0,0
28,-1,2,3,0.151,0,0,0.000,0,0,0,0,0,0,0,0
28,-5,8,1,0.932,0,0,0.000,0,0,0,0,0,0,14,14
28,1,4,2,1.181,0,0,0.000,0,0,0,0,0,0,0,0
28,1,0,3,0.161,0,0,0.000,0,0,0,0,0,0,0,0
28,-2,1,3,0.671,0,0,0.000,0,0,0,0,0,0,0,0
28,-5,0,1,0.481,0,0,0.000,0,0,0,0,0,0,0,0
28,2,0,3,1.541,0,0,0.000,0,0,0,0,0,0,0,0
28,2,4,1,1.041,0,0,0.000,0,0,0,0,0,0,0,0
28,-6,3,0,0.531,0,0,0.000,0,0,0,0,0,0,0,0
28,3,0,0,0.202,0,0,0.000,0,0,0,0,0,0,0,0
28,-5,4,2,0.911,0,0,0.000,0,0,0,0,0,0,0,0
28,1,-2,3,0.221,0,0,0.000,0,0,0,0,0,0,0,0
28,-4,-3,0,1.631,0,0,0.000,0,0,0,0,0,0,0,0
28,3,-5,0,1.084,0,0,0.000,0,0,0,0,0,0,0,0
28,0,6,0,1.831,0,0,0.000,0,0,0,0,0,0,0,0
28,2,5,0,0.831,0,0,0.000,0,0,0,0,0,0,0,0
28,-3,7,0,2.181,0,0,0.000,0,0,0,0,0,0,0,0
28,-5,5,3,0.392,0,0,0.000,0,0,0,0,0,0,0,0
28,2,-5,1,0.971,0,0,0.000,0,0,0,0,0,0,0,0
28,4,-3,0,0.431,0,0,0.000,0,0,0,0,0,0,0,0
28,-3,-3,0,0.211,0,0,0.000,0,0,0,0,0,0,0,0
28,-3,-1,3,0.111,0,0,0.000,0,0,0,0,0,0,0,0
28,0,5,3,0.151,0,0,0.000,0,0,0,0,0,0,0,0
28,0,0,3,0.451,0,0,0.000,0,0,0,0,0,0,0,0
28,3,-1,0,0.581,0,0,0.000,0,0,0,0,0,0,0,0
28,-1,-4,0,0.241,0,0,0.000,0,0,0,0,0,0,0,0
28,3,-2,1,0.201,0,0,0.000,0,0,0,0,0,0,0,0
28,1,5,0,0.521,0,0,0.000,0,0,0,0,0,0,0,0
28,-3,-2,2,0.181,0,0,0.000,0,0,0,0,0,0,0,0
28,-1,0,3,0.601,0,0,0.000,0,0,0,0,0,0,0,0
28,-5,-1,1,1.052,0,0,0.000,0,0,0,0,0,0,0,0
28,0,-1,3,0.571,0,0,0.000,0,0,0,0,0,0,0,0
28,-2,7,0,2.241,0,0,0.000,0,0,0,0,0,0,0,0
28,-6,4,1,0.981,0,0,0.000,0,0,0,0,0,0,0,0
28,-4,4,3,0.181,0,0,0.000,0,0,0,0,0,0,0,0
28,1,1,3,0.191,0,0,0.000,0,0,0,0,0,0,0,0
28,3,-4,0,0.731,0,0,0.000,0,0,0,0,0,0,0,0
28,-4,-1,3,0.341,0,0,0.000,0,0,0,0,0,0,0,0
28,-1,4,3,0.471,0,0,0.000,0,0,0,0,0,0,0,0
28,1,3,3,0.291,0,0,0.000,0,0,0,0,0,0,0,0
28,2,3,0,0.211,0,0,0.000,0,0,0,0,0,0,0,0
28,-2,-2,3,1.231,0,0,0.000,0,0,0,0,0,0,0,0
28,3,-3,0,2.981,0,0,0.000,0,0,0,0,0,0,0,0
28,-4,7,2,0.663,0,0,0.000,0,0,0,0,0,0,0,0
28,-1,-3,2,0.991,0,0,0.000,0,0,0,0,0,0,0,0
28,-5,7,2,1.321,0,0,0.000,0,0,0,0,0,0,0,0
28,-1,6,1,1.561,0,0,0.000,0,0,0,0,0,0,0,0
28,-3,5,3,0.191,0,0,0.000,0,0,0,0,0,0,0,0
28,-7,8,0,0.831,2,0,0.921,1,0,0,0,0,2,193,193
28,-3,6,3,0.961,0,0,0.000,0,0,0,0,0,0,0,0
28,-5,6,3,0.831,0,0,0.000,0,0,0,0,0,0,0,0
28,-4,2,3,2.081,0,0,0.000,0,0,0,0,0,0,0,0
28,-3,1,3,0.271,0,0,0.000,0,0,0,0,0,0,0,0
28,-6,5,0,0.791,0,0,0.000,0,0,0,0,0,0,0,0
28,1,-1,3,7.971,0,0,0.000,0,0,0,0,0,0,0,0
28,-4,1,3,0.211,0,0,0.000,0,0,0,0,0,0,0,0
28,-5,2,2,0.351,0,0,0.000,0,0,0,0,0,0,0,0
28,-2,-3,0,0.311,0,0,0.000,0,0,0,0,0,0,0,0
28,1,-5,0,0.231,0,0,0.000,0,0,0,0,0,0,0,0
28,-7,7,0,1.791,0,0,0.000,0,0,0,0,0,0,10,10
28,2,1,2,0.531,0,0,0.000,0,0,0,0,0,0,0,0
29,1,-4,2,1.811,0,0,0.000,0,0,0,0,0,0,0,0
29,-3,0,3,0.571,0,0,0.000,0,0,0,0,0,0,0,0
29,-2,2,3,0.771,0,0,0.000,0,0,0,0,0,0,0,0
29,-1,-1,3,0.221,0,0,0.000,0,0,0,0,0,0,0,0
29,0,1,3,0.341,0,0,0.000,0,0,0,0,0,0,0,0
29,-5,3,2,0.911,0,0,0.000,0,0,0,0,0,0,0,0
29,-1,1,3,1.431,0,0,0.000,0,0,0,0,0,0,0,0
29,-2,-1,3,0.641,0,0,0.000,0,0,0,0,0,0,0,0
29,0,4,3,1.671,0,0,0.000,0,0,0,0,0,0,0,0
29,3,-6,0,1.181,0,0,0.000,0,0,0,0,0,0,0,0
29,-2,4,3,0.651,0,0,0.000,0,0,0,0,0,0,0,0
29,-2,0,3,0.211,0,0,0.000,0,0,0,0,0,0,0,0
29,0,2,3,1.381,0,0,0.000,0,0,0,0,0,0,0,0
29,-4,3,3,0.181,0,0,0.000,0,0,0,0,0,0,0,0
29,-5,9,0,1.001,0,0,0.000,0,0,0,0,0,0,66,66
29,-7,6,1,2.092,0,0,0.000,0,0,0,0,0,0,0,0
29,-3,2,3,0.161,0,0,0.000,0,0,0,0,0,0,0,0
29,2,-1,2,2.091,0,0,0.000,0,0,0,0,0,0,0,0
29,0,-4,1,2.061,0,0,0.000,0,0,0,0,0,0,0,0
29,-2,5,3,0.151,0,0,0.000,0,0,0,0,0,0,0,0
29,-4,6,3,0.711,0,0,0.000,0,0,0,0,0,0,0,0
29,-1,5,2,0.411,0,0,0.000,0,0,0,0,0,0,0,0
29,0,-3,2,0.161,0,0,0.000,0,0,0,0,0,0,0,0
29,-6,8,0,2.412,0,0,0.000,0,0,0,0,0,0,9,9
29,-1,-2,3,0.671,0,0,0.000,0,0,0,0,0,0,0,0
29,-2,3,3,0.181,0,0,0.000,0,0,0,0,0,0,0,0
29,-4,5,3,1.531,0,0,0.000,0,0,0,0,0,0,0,0
29,1,-3,3,2.091,0,0,0.000,0,0,0,0,0,0,0,0
29,0,-2,3,0.141,0,0,0.000,0,0,0,0,0,0,0,0
29,0,3,3,0.411,0,0,0.000,0,0,0,0,0,0,0,0
29,-6,6,2,0.941,0,0,0.000,0,0,0,0,0,0,0,0
29,-2,6,2,1.421,0,0,0.000,0,0,0,0,0,0,0,0
29,-3,3,3,0.201,0,0,0.000,0,0,0,0,0,0,0,0
29,2,-2,2,0.311,0,0,0.000,0,0,0,0,0,0,0,0
29,-4,-2,2,0.721,0,0,0.000,0,0,0,0,0,0,0,0
29,2,2,1,0.251,0,0,0.000,0,0,0,0,0,0,0,0
29,-5,1,0,0.361,0,0,0.000,0,0,0,0,0,0,0,0
29,2,-3,2,0.381,0,0,0.000,0,0,0,0,0,0,0,0
29,-4,0,2,0.221,0,0,0.000,0,0,0,0,0,0,0,0
29,-3,4,3,0.531,0,0,0.000,0,0,0,0,0,0,0,0
29,-4,8,1,3.331,0,0,0.000,0,0,0,0,0,0,0,0
29,1,2,2,0.471,0,0,0.000,0,0,0,0,0,0,0,0
29,-6,2,0,0.871,0,0,0.000,0,0,0,0,0,0,0,0
29,-5,-2,0,1.671,0,0,0.000,0,0,0,0,0,0,0,0
29,3,1,1,0.201,0,0,0.000,0,0,0,0,0,0,0,0
29,-6,7,2,2.174,0,0,0.000,0,0,0,0,0,0,0,0
29,2,-4,2,1.031,0,0,0.000,0,0,0,0,0,0,0,0
29,-1,3,3,0.551,0,0,0.000,0,0,0,0,0,0,0,0
29,-1,2,3,0.791,0,0,0.000,0,0,0,0,0,0,0,0
29,-5,8,1,1.831,0,0,0.000,0,0,0,0,0,0,10,10
29,1,4,2,3.223,0,0,0.000,0,0,0,0,0,0,0,0
29,1,0,3,0.331,0,0,0.000,0,0,0,0,0,0,0,0
29,-2,1,3,2.221,0,0,0.000,0,0,0,0,0,0,0,0
29,-5,0,1,1.701,0,0,0.000,0,0,0,0,0,0,0,0
29,2,0,3,2.161,0,0,0.000,0,0,0,0,0,0,0,0
29,2,4,1,0.331,0,0,0.000,0,0,0,0,0,0,0,0
29,-6,3,0,1.071,0,0,0.000,0,0,0,0,0,0,0,0
29,3,0,0,0.181,0,0,0.000,0,0,0,0,0,0,0,0
29,-5,4,2,0.451,0,0,0.000,0,0,0,0,0,0,0,0
29,1,-2,3,0.681,0,0,0.000,0,0,0,0,0,0,0,0
29,-4,-3,0,3.071,0,0,0.000,0,0,0,0,0,0,0,0
29,3,-5,0,0.701,0,0,0.000,0,0,0,0,0,0,0,0
29,0,6,0,1.632,0,0,0.000,0,0,0,0,0,0,0,0
29,2,5,0,0.411,0,0,0.000,0,0,0,0,0,0,0,0
29,-3,7,0,1.961,0,0,0.000,0,0,0,0,0,0,0,0
29,-5,5,3,0.392,0,0,0.000,0,0,0,0,0,0,0,0
29,2,-5,1,0.291,0,0,0.000,0,0,0,0,0,0,0,0
29,4,-3,0,0.571,0,0,0.000,0,0,0,0,0,0,0,0
29,-3,-3,0,0.112,0,0,0.000,0,0,0,0,0,0,0,0
29,-3,-1,3,0.231,0,0,0.000,0,0,0,0,0,0,0,0
29,0,5,3,0.791,0,0,0.000,0,0,0,0,0,0,0,0
29,0,0,3,0.251,0,0,0.000,0,0,0,0,0,0,0,0
29,3,-1,0,1.341,0,0,0.000,0,0,0,0,0,0,0,0
29,-1,-4,0,0.301,0,0,0.000,0,0,0,0,0,0,0,0
29,3,-2,1,0.411,0,0,0.000,0,0,0,0,0,0,0,0
29,1,5,0,0.521,0,0,0.000,0,0,0,0,0,0,0,0
29,-3,-2,2,0.411,0,0,0.000,0,0,0,0,0,0,0,0
29,-1,0,3,0.601,0,0,0.000,0,0,0,0,0,0,0,0
29,-5,-1,1,2.761,0,0,0.000,0,0,0,0,0,0,0,0
29,0,-1,3,0.971,0,0,0.000,0,0,0,0,0,0,0,0
29,-2,7,0,1.191,0,0,0.000,0,0,0,0,0,0,0,0
29,-6,4,1,0.822,0,0,0.000,0,0,0,0,0,0,0,0
29,-4,4,3,0.561,0,0,0.000,0,0,0,0,0,0,0,0
29,1,1,3,0.191,0,0,0.000,0,0,0,0,0,0,0,0
29,3,-4,0,1.051,0,0,0.000,0,0,0,0,0,0,0,0
29,-4,-1,3,0.341,0,0,0.000,0,0,0,0,0,0,0,0
29,-1,4,3,0.311,0,0,0.000,0,0,0,0,0,0,0,0
29,1,3,3,1.251,0,0,0.000,0,0,0,0,0,0,0,0
29,2,3,0,0.431,0,0,0.000,0,0,0,0,0,0,0,0
29,-2,-2,3,0.281,0,0,0.000,0,0,0,0,0,0,0,0
29,3,-3,0,0.991,0,0,0.000,0,0,0,0,0,0,0,0
29,-4,7,2,0.471,0,0,0.000,0,0,0,0,0,0,1,1
29,-1,-3,2,1.391,0,0,0.000,0,0,0,0,0,0,0,0
29,-5,7,2,1.591,0,0,0.000,0,0,0,0,0,0,1,1
29,-1,6,1,2.561,0,0,0.000,0,0,0,0,0,0,0,0
29,-3,5,3,0.133,0,0,0.000,0,0,0,0,0,0,0,0
29,-7,8,0,1.421,0,0,0.000,0,0,0,0,0,0,215,215
29,-3,6,3,0.371,0,0,0.000,0,0,0,0,0,0,0,0
29,-5,6,3,1.551,0,0,0.000,0,0,0,0,0,0,0,0
29,-4,2,3,0.431,0,0,0.000,0,0,0,0,0,0,0,0
29,-3,1,3,0.371,0,0,0.000,0,0,0,0,0,0,0,0
29,-6,5,0,0.822,0,0,0.000,0,0,0,0,0,0,0,0
29,1,-1,3,0.761,0,0,0.000,0,0,0,0,0,0,0,0
29,-4,1,3,1.051,0,0,0.000,0,0,0,0,0,0,0,0
29,-5,2,2,0.231,0,0,0.000,0,0,0,0,0,0,0,0
29,-2,-3,0,0.172,0,0,0.000,0,0,0,0,0,0,0,0
29,1,-5,0,0.111,0,0,0.000,0,0,0,0,0,0,0,0
29,-7,7,0,1.431,0,0,0.000,0,0,0,0,0,0,3,3
29,2,1,2,1.251,0,0,0.000,0,0,0,0,0,0,0,0
30,1,-4,2,0.511,0,0,0.000,0,0,0,0,0,0,0,0
30,-3,0,3,0.881,0,0,0.000,0,0,0,0,0,0,0,0
30,-2,2,3,1.531,0,0,0.000,0,0,0,0,0,0,0,0
30,-1,-1,3,0.121,0,0,0.000,0,0,0,0,0,0,0,0
30,0,1,3,0.341,0,0,0.000,0,0,0,0,0,0,0,0
30,-5,3,2,1.601,0,0,0.000,0,0,0,0,0,0,0,0
30,-1,1,3,0.201,0,0,0.000,0,0,0,0,0,0,0,0
30,-2,-1,3,0.451,0,0,0.000,0,0,0,0,0,0,0,0
30,0,4,3,0.711,0,0,0.000,0,0,0,0,0,0,0,0
30,3,-6,0,0.712,0,0,0.000,0,0,0,0,0,0,0,0
30,-2,4,3,1.801,0,0,0.000,0,0,0,0,0,0,0,0
30,-2,0,3,0.211,0,0,0.000,0,0,0,0,0,0,0,0
30,0,2,3,0.381,0,0,0.000,0,0,0,0,0,0,0,0
30,-4,3,3,0.341,0,0,0.000,0,0,0,0,0,0,0,0
30,-5,9,0,1.151,0,0,0.000,0,0,0,0,0,0,70,70
30,-7,6,1,2.081,0,0,0.000,0,0,0,0,0,0,2,2
30,-3,2,3,0.161,0,0,0.000,0,0,0,0,0,0,0,0
30,2,-1,2,2.091,0,0,0.000,0,0,0,0,0,0,0,0
30,0,-4,1,0.381,0,0,0.000,0,0,0,0,0,0,0,0
30,-2,5,3,0.741,0,0,0.000,0,0,0,0,0,0,0,0
30,-4,6,3,0.561,0,0,0.000,0,0,0,0,0,0,0,0
30,-1,5,2,1.671,0,0,0.000,0,0,0,0,0,0,0,0
30,0,-3,2,0.331,0,0,0.000,0,0,0,0,0,0,0,0
30,-6,8,0,6.391,0,0,0.000,0,0,0,0,0,0,16,16
30,-1,-2,3,3.661,0,0,0.000,0,0,0,0,0,0,0,0
30,-2,3,3,1.321,0,0,0.000,0,0,0,0,0,0,0,0
30,-4,5,3,1.131,0,0,0.000,0,0,0,0,0,0,0,0
30,1,-3,3,0.861,0,0,0.000,0,0,0,0,0,0,0,0
30,0,-2,3,0.141,0,0,0.000,0,0,0,0,0,0,0,0
30,0,3,3,0.201,0,0,0.000,0,0,0,0,0,0,0,0
30,-6,6,2,0.501,0,0,0.000,0,0,0,0,0,0,0,0
30,-2,6,2,1.021,0,0,0.000,0,0,0,0,0,0,0,0
30,-3,3,3,1.311,0,0,0.000,0,0,0,0,0,0,0,0
30,2,-2,2,0.821,0,0,0.000,0,0,0,0,0,0,0,0
30,-4,-2,2,0.141,0,0,0.000,0,0,0,0,0,0,0,0
30,2,2,1,1.051,0,0,0.000,0,0,0,0,0,0,0,0
30,-5,1,0,0.361,0,0,0.000,0,0,0,0,0,0,0,0
30,2,-3,2,0.262,0,0,0.000,0,0,0,0,0,0,0,0
30,-4,0,2,0.601,0,0,0.000,0,0,0,0,0,0,0,0
30,-3,4,3,0.211,0,0,0.000,0,0,0,0,0,0,0,0
30,-4,8,1,1.651,0,0,0.000,0,0,0,0,0,0,1,1
30,1,2,2,0.471,0,0,0.000,0,0,0,0,0,0,0,0
30,-6,2,0,4.391,0,0,0.000,0,0,0,0,0,0,0,0
30,-5,-2,0,1.031,0,0,0.000,0,0,0,0,0,0,0,0
30,3,1,1,0.921,0,0,0.000,0,0,0,0,0,0,0,0
30,-6,7,2,0.861,0,0,0.000,0,1,0,4,0,0,0,0
30,2,-4,2,1.421,0,0,0.000,0,0,0,0,0,0,0,0
30,-1,3,3,1.111,0,0,0.000,0,0,0,0,0,0,0,0
30,-1,2,3,0.631,0,0,0.000,0,0,0,0,0,0,0,0
30,-5,8,1,1.702,0,0,0.000,0,0,0,0,0,0,18,18
30,1,4,2,0.841,0,0,0.000,0,0,0,0,0,0,0,0
30,1,0,3,0.161,0,0,0.000,0,0,0,0,0,0,0,0
30,-2,1,3,0.331,0,0,0.000,0,0,0,0,0,0,0,0
30,-5,0,1,1.141,0,0,0.000,0,0,0,0,0,0,0,0
30,2,0,3,0.301,0,0,0.000,0,0,0,0,0,0,0,0
30,2,4,1,0.871,0,0,0.000,0,0,0,0,0,0,0,0
30,-6,3,0,0.432,0,0,0.000,0,0,0,0,0,0,0,0
30,3,0,0,0.181,0,0,0.000,0,0,0,0,0,0,0,0
30,-5,4,2,0.911,0,0,0.000,0,0,0,0,0,0,0,0
30,1,-2,3,0.681,0,0,0.000,0,0,0,0,0,0,0,0
30,-4,-3,0,0.911,0,0,0.000,0,0,0,0,0,0,0,0
30,3,-5,0,0.521,0,0,0.000,0,0,0,0,0,0,0,0
30,0,6,0,1.561,0,0,0.000,0,0,0,0,0,0,0,0
30,2,5,0,0.551,0,0,0.000,0,0,0,0,0,0,0,0
30,-3,7,0,1.081,0,0,0.000,0,0,0,0,0,0,0,0
30,-5,5,3,0.571,0,0,0.000,0,0,0,0,0,0,0,0
30,2,-5,1,0.851,0,0,0.000,0,0,0,0,0,0,0,0
30,4,-3,0,0.431,0,0,0.000,0,0,0,0,0,0,0,0
30,-3,-3,0,0.112,0,0,0.000,0,0,0,0,0,0,0,0
30,-3,-1,3,0.741,0,0,0.000,0,0,0,0,0,0,0,0
30,0,5,3,1.111,0,0,0.000,0,0,0,0,0,0,0,0
30,0,0,3,1.941,0,0,0.000,0,0,0,0,0,0,0,0
30,3,-1,0,0.591,0,0,0.000,0,0,0,0,0,0,0,0
30,-1,-4,0,0.241,0,0,0.000,0,0,0,0,0,0,0,0
30,3,-2,1,0.831,0,0,0.000,0,0,0,0,0,0,0,0
30,1,5,0,1.421,0,0,0.000,0,0,0,0,0,0,0,0
30,-3,-2,2,0.561,0,0,0.000,0,0,0,0,0,0,0,0
30,-1,0,3,0.211,0,0,0.000,0,0,0,0,0,0,0,0
30,-5,-1,1,0.751,0,0,0.000,0,0,0,0,0,0,0,0
30,0,-1,3,1.571,0,0,0.000,0,0,0,0,0,0,0,0
30,-2,7,0,1.051,0,0,0.000,0,0,0,0,0,0,0,0
30,-6,4,1,0.451,0,0,0.000,0,0,0,0,0,0,0,0
30,-4,4,3,0.371,0,0,0.000,0,0,0,0,0,0,0,0
30,1,1,3,0.291,0,0,0.000,0,0,0,0,0,0,0,0
30,3,-4,0,0.991,0,0,0.000,0,0,0,0,0,0,0,0
30,-4,-1,3,0.242,0,0,0.000,0,0,0,0,0,0,0,0
30,-1,4,3,0.351,0,0,0.000,0,0,0,0,0,0,0,0
30,1,3,3,0.291,0,0,0.000,0,0,0,0,0,0,0,0
30,2,3,0,1.531,0,0,0.000,0,0,0,0,0,0,0,0
30,-2,-2,3,0.181,0,0,0.000,0,0,0,0,0,0,0,0
30,3,-3,0,0.991,0,0,0.000,0,0,0,0,0,0,0,0
30,-4,7,2,13.131,0,0,0.000,0,0,0,0,0,0,0,0
30,-1,-3,2,1.391,0,0,0.000,0,0,0,0,0,0,0,0
30,-5,7,2,1.591,0,0,0.000,0,0,0,0,0,0,0,0
30,-1,6,1,0.561,0,0,0.000,0,0,0,0,0,0,0,0
30,-3,5,3,0.331,0,0,0.000,0,0,0,0,0,0,0,0
30,-7,8,0,0.722,4,0,0.842,1,0,0,0,0,4,212,212
30,-3,6,3,0.371,0,0,0.000,0,0,0,0,0,0,0,0
30,-5,6,3,0.831,0,0,0.000,0,0,0,0,0,0,0,0
30,-4,2,3,0.321,0,0,0.000,0,0,0,0,0,0,0,0
30,-3,1,3,18.701,0,0,0.000,0,0,0,0,0,0,0,0
30,-6,5,0,1.351,0,0,0.000,0,0,0,0,0,0,0,0
30,1,-1,3,0.371,0,0,0.000,0,0,0,0,0,0,0,0
30,-4,1,3,0.191,0,0,0.000,0,0,0,0,0,0,0,0
30,-5,2,2,0.771,0,0,0.000,0,0,0,0,0,0,0,0
30,-2,-3,0,0.172,0,0,0.000,0,0,0,0,0,0,0,0
30,1,-5,0,0.231,0,0,0.000,0,0,0,0,0,0,0,0
30,-7,7,0,1.251,0,0,0.000,0,0,0,0,0,0,10,10
30,2,1,2,0.351,0,0,0.000,0,0,0,0,0,0,0,0
31,1,-4,2,0.511,0,0,0.000,0,0,0,0,0,0,0,0
31,-3,0,3,0.411,0,0,0.000,0,0,0,0,0,0,0,0
31,-2,2,3,1.531,0,0,0.000,0,0,0,0,0,0,0,0
31,-1,-1,3,0.121,0,0,0.000,0,0,0,0,0,0,0,0
31,0,1,3,0.111,0,0,0.000,0,0,0,0,0,0,0,0
31,-5,3,2,0.681,0,0,0.000,0,0,0,0,0,0,0,0
31,-1,1,3,0.381,0,0,0.000,0,0,0,0,0,0,0,0
31,-2,-1,3,2.351,0,0,0.000,0,0,0,0,0,0,0,0
31,0,4,3,1.431,0,0,0.000,0,0,0,0,0,0,0,0
31,3,-6,0,0.731,0,0,0.000,0,0,0,0,0,0,1,1
31,-2,4,3,1.151,0,0,0.000,0,0,0,0,0,0,0,0
31,-2,0,3,0.211,0,0,0.000,0,0,0,0,0,0,0,0
31,0,2,3,0.251,0,0,0.000,0,0,0,0,0,0,0,0
31,-4,3,3,3.571,0,0,0.000,0,0,0,0,0,0,0,0
31,-5,9,0,1.151,0,0,0.000,0,0,0,0,0,0,58,58
31,-7,6,1,1.421,0,0,0.000,0,0,0,0,0,0,0,0
31,-3,2,3,0.421,0,0,0.000,0,0,0,0,0,0,0,0
31,2,-1,2,0.591,0,0,0.000,0,0,0,0,0,0,0,0
31,0,-4,1,2.061,0,0,0.000,0,0,0,0,0,0,0,0
31,-2,5,3,0.151,0,0,0.000,0,0,0,0,0,0,0,0
31,-4,6,3,2.151,0,0,0.000,0,0,0,0,0,0,0,0
31,-1,5,2,0.201,0,0,0.000,0,0,0,0,0,0,0,0
31,0,-3,2,0.781,0,0,0.000,0,0,0,0,0,0,0,0
31,-6,8,0,1.991,0,0,0.000,0,0,0,0,0,0,7,7
31,-1,-2,3,0.441,0,0,0.000,0,0,0,0,0,0,0,0
31,-2,3,3,1.321,0,0,0.000,0,0,0,0,0,0,0,0
31,-4,5,3,0.431,0,0,0.000,0,0,0,0,0,0,0,0
31,1,-3,3,0.831,0,0,0.000,0,0,0,0,0,0,0,0
31,0,-2,3,0.141,0,0,0.000,0,0,0,0,0,0,0,0
31,0,3,3,0.761,0,0,0.000,0,0,0,0,0,0,0,0
31,-6,6,2,0.771,0,0,0.000,0,0,0,0,0,0,0,0
31,-2,6,2,0.761,0,0,0.000,0,0,0,0,0,0,0,0
31,-3,3,3,0.411,0,0,0.000,0,0,0,0,0,0,0,0
31,2,-2,2,0.471,0,0,0.000,0,0,0,0,0,0,0,0
31,-4,-2,2,0.271,0,0,0.000,0,0,0,0,0,0,0,0
31,2,2,1,0.151,0,0,0.000,0,0,0,0,0,0,0,0
31,-5,1,0,0.361,0,0,0.000,0,0,0,0,0,0,0,0
31,2,-3,2,0.131,0,0,0.000,0,0,0,0,0,0,0,0
31,-4,0,2,0.601,0,0,0.000,0,0,0,0,0,0,0,0
31,-3,4,3,0.861,0,0,0.000,0,0,0,0,0,0,0,0
31,-4,8,1,1.891,0,0,0.000,0,0,0,0,0,0,0,0
31,1,2,2,1.081,0,0,0.000,0,0,0,0,0,0,0,0
31,-6,2,0,0.431,0,0,0.000,0,0,0,0,0,0,0,0
31,-5,-2,0,0.631,0,0,0.000,0,0,0,0,0,0,0,0
31,3,1,1,0.591,0,0,0.000,0,0,0,0,0,0,0,0
31,-6,7,2,1.211,0,0,0.000,0,1,0,1,0,0,1,1
31,2,-4,2,0.212,0,0,0.000,0,0,0,0,0,0,0,0
31,-1,3,3,1.111,0,0,0.000,0,0,0,0,0,0,0,0
31,-1,2,3,0.151,0,0,0.000,0,0,0,0,0,0,0,0
31,-5,8,1,1.662,0,0,0.000,0,0,0,0,0,0,18,18
31,1,4,2,0.501,0,0,0.000,0,0,0,0,0,0,0,0
31,1,0,3,0.291,0,0,0.000,0,0,0,0,0,0,0,0
31,-2,1,3,0.331,0,0,0.000,0,0,0,0,0,0,0,0
31,-5,0,1,0.481,0,0,0.000,0,0,0,0,0,0,0,0
31,2,0,3,1.231,0,0,0.000,0,0,0,0,0,0,0,0
31,2,4,1,0.501,0,0,0.000,0,0,0,0,0,0,0,0
31,-6,3,0,0.432,0,0,0.000,0,0,0,0,0,0,0,0
31,3,0,0,0.561,0,0,0.000,0,0,0,0,0,0,0,0
31,-5,4,2,0.281,0,0,0.000,0,0,0,0,0,0,0,0
31,1,-2,3,1.371,0,0,0.000,0,0,0,0,0,0,0,0
31,-4,-3,0,0.471,0,0,0.000,0,0,0,0,0,0,0,0
31,3,-5,0,1.601,0,0,0.000,0,0,0,0,0,0,0,0
31,0,6,0,1.171,0,0,0.000,0,0,0,0,0,0,0,0
31,2,5,0,0.621,0,0,0.000,0,0,0,0,0,0,1,1
31,-3,7,0,2.181,0,0,0.000,0,0,0,0,0,0,0,0
31,-5,5,3,0.971,0,0,0.000,0,0,0,0,0,0,0,0
31,2,-5,1,1.181,0,0,0.000,0,0,0,0,0,0,0,0
31,4,-3,0,0.431,0,0,0.000,0,0,0,0,0,0,0,0
31,-3,-3,0,1.531,0,0,0.000,0,0,0,0,0,0,0,0
31,-3,-1,3,0.881,0,0,0.000,0,0,0,0,0,0,0,0
31,0,5,3,0.311,0,0,0.000,0,0,0,0,0,0,0,0
31,0,0,3,1.031,0,0,0.000,0,0,0,0,0,0,0,0
31,3,-1,0,0.281,0,0,0.000,0,0,0,0,0,0,0,0
31,-1,-4,0,0.241,0,0,0.000,0,0,0,0,0,0,0,0
31,3,-2,1,0.411,0,0,0.000,0,0,0,0,0,0,0,0
31,1,5,0,0.521,0,0,0.000,0,0,0,0,0,0,0,0
31,-3,-2,2,0.371,0,0,0.000,0,0,0,0,0,0,0,0
31,-1,0,3,0.421,0,0,0.000,0,0,0,0,0,0,0,0
31,-5,-1,1,0.751,0,0,0.000,0,0,0,0,0,0,0,0
31,0,-1,3,0.211,0,0,0.000,0,0,0,0,0,0,0,0
31,-2,7,0,1.191,0,0,0.000,0,0,0,0,0,0,0,0
31,-6,4,1,1.091,0,0,0.000,0,0,0,0,0,0,0,0
31,-4,4,3,0.941,0,0,0.000,0,0,0,0,0,0,0,0
31,1,1,3,0.591,0,0,0.000,0,0,0,0,0,0,0,0
31,3,-4,0,0.731,0,0,0.000,0,0,0,0,0,0,0,0
31,-4,-1,3,1.841,0,0,0.000,0,0,0,0,0,0,0,0
31,-1,4,3,0.881,0,0,0.000,0,0,0,0,0,0,0,0
31,1,3,3,0.451,0,0,0.000,0,0,0,0,0,0,0,0
31,2,3,0,0.381,0,0,0.000,0,0,0,0,0,0,0,0
31,-2,-2,3,0.371,0,0,0.000,0,0,0,0,0,0,0,0
31,3,-3,0,0.991,0,0,0.000,0,0,0,0,0,0,0,0
31,-4,7,2,0.471,0,0,0.000,0,0,0,0,0,0,0,0
31,-1,-3,2,0.391,0,0,0.000,0,0,0,0,0,0,0,0
31,-5,7,2,2.671,0,0,0.000,0,0,0,0,0,0,0,0
31,-1,6,1,0.392,0,0,0.000,0,0,0,0,0,0,0,0
31,-3,5,3,0.132,0,0,0.000,0,0,0,0,0,0,0,0
31,-7,8,0,1.391,1,0,1.482,1,0,0,0,0,1,182,182
31,-3,6,3,0.761,0,0,0.000,0,0,0,0,0,0,0,0
31,-5,6,3,0.831,0,0,0.000,0,0,0,0,0,0,0,0
31,-4,2,3,2.741,0,0,0.000,0,0,0,0,0,0,0,0
31,-3,1,3,0.181,0,0,0.000,0,0,0,0,0,0,0,0
31,-6,5,0,0.371,0,0,0.000,0,0,0,0,0,0,0,0
31,1,-1,3,0.561,0,0,0.000,0,0,0,0,0,0,0,0
31,-4,1,3,1.391,0,0,0.000,0,0,0,0,0,0,0,0
31,-5,2,2,2.331,0,0,0.000,0,0,0,0,0,0,0,0
31,-2,-3,0,0.331,0,0,0.000,0,0,0,0,0,0,0,0
31,1,-5,0,0.111,0,0,0.000,0,0,0,0,0,0,0,0
31,-7,7,0,1.071,0,0,0.000,0,0,0,0,0,0,12,12
31,2,1,2,0.171,0,0,0.000,0,0,0,0,0,0,0,0
32,1,-4,2,1.031,0,0,0.000,0,0,0,0,0,0,0,0
32,-3,0,3,1.101,0,0,0.000,0,0,0,0,0,0,0,0
32,-2,2,3,0.441,0,0,0.000,0,0,0,0,0,0,0,0
32,-1,-1,3,0.351,0,0,0.000,0,0,0,0,0,0,0,0
32,0,1,3,0.111,0,0,0.000,0,0,0,0,0,0,0,0
32,-5,3,2,0.221,0,0,0.000,0,0,0,0,0,0,0,0
32,-1,1,3,0.381,0,0,0.000,0,0,0,0,0,0,0,0
32,-2,-1,3,0.321,0,0,0.000,0,0,0,0,0,0,0,0
32,0,4,3,0.471,0,0,0.000,0,0,0,0,0,0,0,0
32,3,-6,0,0.941,0,0,0.000,0,0,0,0,0,0,0,0
32,-2,4,3,0.421,0,0,0.000,0,0,0,0,0,0,0,0
32,-2,0,3,0.431,0,0,0.000,0,0,0,0,0,0,0,0
32,0,2,3,0.381,0,0,0.000,0,0,0,0,0,0,0,0
32,-4,3,3,0.911,0,0,0.000,0,0,0,0,0,0,0,0
32,-5,9,0,1.001,1,0,1.101,1,0,0,0,0,1,51,51
32,-7,6,1,1.091,0,0,0.000,0,0,0,0,0,0,0,0
32,-3,2,3,0.421,0,0,0.000,0,0,0,0,0,0,0,0
32,2,-1,2,0.891,0,0,0.000,0,0,0,0,0,0,0,0
32,0,-4,1,0.201,0,0,0.000,0,0,0,0,0,0,0,0
32,-2,5,3,0.581,0,0,0.000,0,0,0,0,0,0,0,0
32,-4,6,3,1.671,0,0,0.000,0,0,0,0,0,0,0,0
32,-1,5,2,1.251,0,0,0.000,0,0,0,0,0,0,0,0
32,0,-3,2,0.211,0,0,0.000,0,0,0,0,0,0,0,0
32,-6,8,0,30.000,0,0,0.000,0,0,0,0,0,0,18,18
32,-1,-2,3,0.671,0,0,0.000,0,0,0,0,0,0,0,0
32,-2,3,3,0.181,0,0,0.000,0,0,0,0,0,0,0,0
32,-4,5,3,0.881,0,0,0.000,0,0,0,0,0,0,0,0
32,1,-3,3,0.411,0,0,0.000,0,0,0,0,0,0,0,0
32,0,-2,3,0.141,0,0,0.000,0,0,0,0,0,0,0,0
32,0,3,3,0.201,0,0,0.000,0,0,0,0,0,0,0,0
32,-6,6,2,0.501,0,0,0.000,0,0,0,0,0,0,0,0
32,-2,6,2,1.681,0,0,0.000,0,0,0,0,0,0,0,0
32,-3,3,3,0.201,0,0,0.000,0,0,0,0,0,0,0,0
32,2,-2,2,0.471,0,0,0.000,0,0,0,0,0,0,0,0
32,-4,-2,2,0.271,0,0,0.000,0,0,0,0,0,0,0,0
32,2,2,1,0.341,0,0,0.000,0,0,0,0,0,0,0,0
32,-5,1,0,0.393,0,0,0.000,0,0,0,0,0,0,0,0
32,2,-3,2,0.381,0,0,0.000,0,0,0,0,0,0,0,0
32,-4,0,2,1.521,0,0,0.000,0,0,0,0,0,0,0,0
32,-3,4,3,0.991,0,0,0.000,0,0,0,0,0,0,0,0
32,-4,8,1,7.411,0,0,0.000,0,0,0,0,0,0,0,0
32,1,2,2,1.251,0,0,0.000,0,0,0,0,0,0,0,0
32,-6,2,0,0.431,0,0,0.000,0,0,0,0,0,0,0,0
32,-5,-2,0,0.711,0,0,0.000,0,0,0,0,0,0,0,0
32,3,1,1,1.011,0,0,0.000,0,0,0,0,0,0,0,0
32,-6,7,2,1.331,0,0,0.000,0,0,0,0,0,0,0,0
32,2,-4,2,0.421,0,0,0.000,0,0,0,0,0,0,0,0
32,-1,3,3,0.391,0,0,0.000,0,0,0,0,0,0,0,0
32,-1,2,3,1.111,0,0,0.000,0,0,0,0,0,0,0,0
32,-5,8,1,1.442,0,0,0.000,0,1,0,1,0,0,22,22
32,1,4,2,1.861,0,0,0.000,0,0,0,0,0,0,0,0
32,1,0,3,0.161,0,0,0.000,0,0,0,0,0,0,0,0
32,-2,1,3,0.521,0,0,0.000,0,0,0,0,0,0,0,0
32,-5,0,1,0.271,0,0,0.000,0,0,0,0,0,0,0,0
32,2,0,3,1.541,0,0,0.000,0,0,0,0,0,0,0,0
32,2,4,1,0.331,0,0,0.000,0,0,0,0,0,0,0,0
32,-6,3,0,0.501,0,0,0.000,0,0,0,0,0,0,0,0
32,3,0,0,0.561,0,0,0.000,0,0,0,0,0,0,0,0
32,-5,4,2,0.221,0,0,0.000,0,0,0,0,0,0,0,0
32,1,-2,3,0.451,0,0,0.000,0,0,0,0,0,0,0,0
32,-4,-3,0,0.951,0,0,0.000,0,0,0,0,0,0,0,0
32,3,-5,0,0.521,0,0,0.000,0,0,0,0,0,0,0,0
32,0,6,0,2.521,0,0,0.000,0,0,0,0,0,0,0,0
32,2,5,0,0.411,0,0,0.000,0,0,0,0,0,0,0,0
32,-3,7,0,1.081,0,0,0.000,0,0,0,0,0,0,0,0
32,-5,5,3,0.392,0,0,0.000,0,0,0,0,0,0,0,0
32,2,-5,1,1.141,0,0,0.000,0,0,0,0,0,0,0,0
32,4,-3,0,0.891,0,0,0.000,0,0,0,0,0,0,0,0
32,-3,-3,0,30.000,0,0,0.000,0,0,0,0,0,0,1,1
32,-3,-1,3,0.231,0,0,0.000,0,0,0,0,0,0,0,0
32,0,5,3,0.631,0,0,0.000,0,0,0,0,0,0,0,0
32,0,0,3,0.251,0,0,0.000,0,0,0,0,0,0,0,0
32,3,-1,0,0.591,0,0,0.000,0,0,0,0,0,0,0,0
32,-1,-4,0,0.312,0,0,0.000,0,0,0,0,0,0,0,0
32,3,-2,1,0.621,0,0,0.000,0,0,0,0,0,0,0,0
32,1,5,0,0.571,0,0,0.000,0,0,0,0,0,0,0,0
32,-3,-2,2,0.371,0,0,0.000,0,0,0,0,0,0,0,0
32,-1,0,3,0.211,0,0,0.000,0,0,0,0,0,0,0,0
32,-5,-1,1,0.751,0,0,0.000,0,0,0,0,0,0,0,0
32,0,-1,3,0.191,0,0,0.000,0,0,0,0,0,0,0,0
32,-2,7,0,0.901,0,0,0.000,0,0,0,0,0,0,0,0
32,-6,4,1,0.521,0,0,0.000,0,0,0,0,0,0,0,0
32,-4,4,3,0.191,0,0,0.000,0,0,0,0,0,0,0,0
32,1,1,3,0.291,0,0,0.000,0,0,0,0,0,0,0,0
32,3,-4,0,0.253,0,0,0.000,0,0,0,0,0,0,0,0
32,-4,-1,3,1.341,0,0,0.000,0,0,0,0,0,0,0,0
32,-1,4,3,0.881,0,0,0.000,0,0,0,0,0,0,0,0
32,1,3,3,0.151,0,0,0.000,0,0,0,0,0,0,0,0
32,2,3,0,0.961,0,0,0.000,0,0,0,0,0,0,0,0
32,-2,-2,3,0.661,0,0,0.000,0,0,0,0,0,0,0,0
32,3,-3,0,2.981,0,0,0.000,0,0,0,0,0,0,0,0
32,-4,7,2,0.411,0,0,0.000,0,0,0,0,0,0,0,0
32,-1,-3,2,0.591,0,0,0.000,0,0,0,0,0,0,0,0
32,-5,7,2,30.000,0,0,0.000,0,0,0,0,0,0,0,0
32,-1,6,1,0.392,0,0,0.000,0,0,0,0,0,0,0,0
32,-3,5,3,0.153,0,0,0.000,0,0,0,0,0,0,0,0
32,-7,8,0,0.691,0,0,0.000,0,0,0,0,0,0,187,187
32,-3,6,3,0.371,0,0,0.000,0,0,0,0,0,0,0,0
32,-5,6,3,0.621,0,0,0.000,0,0,0,0,0,0,0,0
32,-4,2,3,0.321,0,0,0.000,0,0,0,0,0,0,0,0
32,-3,1,3,0.371,0,0,0.000,0,0,0,0,0,0,0,0
32,-6,5,0,1.351,0,0,0.000,0,0,0,0,0,0,0,0
32,1,-1,3,0.371,0,0,0.000,0,0,0,0,0,0,0,0
32,-4,1,3,1.391,0,0,0.000,0,0,0,0,0,0,0,0
32,-5,2,2,0.171,0,0,0.000,0,0,0,0,0,0,0,0
32,-2,-3,0,0.871,0,0,0.000,0,0,0,0,0,0,0,0
32,1,-5,0,0.111,0,0,0.000,0,0,0,0,0,0,0,0
32,-7,7,0,0.891,0,0,0.000,0,0,0,0,0,0,13,13
32,2,1,2,0.531,0,0,0.000,0,0,0,0,0,0,0,0
33,1,-4,2,1.071,0,0,0.000,0,0,0,0,0,0,0,0
33,-3,0,3,1.451,0,0,0.000,0,0,0,0,0,0,0,0
33,-2,2,3,0.381,0,0,0.000,0,0,0,0,0,0,0,0
33,-1,-1,3,0.121,0,0,0.000,0,0,0,0,0,0,0,0
33,0,1,3,0.751,0,0,0.000,0,0,0,0,0,0,0,0
33,-5,3,2,0.221,0,0,0.000,0,0,0,0,0,0,0,0
33,-1,1,3,0.801,0,0,0.000,0,0,0,0,0,0,0,0
33,-2,-1,3,0.181,0,0,0.000,0,0,0,0,0,0,0,0
33,0,4,3,0.231,0,0,0.000,0,0,0,0,0,0,0,0
33,3,-6,0,0.701,0,0,0.000,0,0,0,0,0,0,0,0
33,-2,4,3,0.651,0,0,0.000,0,0,0,0,0,0,0,0
33,-2,0,3,0.211,0,0,0.000,0,0,0,0,0,0,0,0
33,0,2,3,0.581,0,0,0.000,0,0,0,0,0,0,0,0
33,-4,3,3,0.341,0,0,0.000,0,0,0,0,0,0,0,0
33,-5,9,0,1.151,0,0,0.000,0,0,0,0,0,0,63,63
33,-7,6,1,0.724,0,0,0.000,0,0,0,0,0,0,0,0
33,-3,2,3,0.591,0,0,0.000,0,0,0,0,0,0,0,0
33,2,-1,2,0.591,0,0,0.000,0,0,0,0,0,0,0,0
33,0,-4,1,0.831,0,0,0.000,0,0,0,0,0,0,0,0
33,-2,5,3,0.151,0,0,0.000,0,0,0,0,0,0,0,0
33,-4,6,3,0.951,0,0,0.000,0,0,0,0,0,0,0,0
33,-1,5,2,1.251,0,0,0.000,0,0,0,0,0,0,0,0
33,0,-3,2,1.691,0,0,0.000,0,0,0,0,0,0,0,0
33,-6,8,0,2.391,0,0,0.000,0,0,0,0,0,0,11,11
33,-1,-2,3,0.221,0,0,0.000,0,0,0,0,0,0,0,0
33,-2,3,3,0.181,0,0,0.000,0,0,0,0,0,0,0,0
33,-4,5,3,0.211,0,0,0.000,0,0,0,0,0,0,0,0
33,1,-3,3,1.931,0,0,0.000,0,0,0,0,0,0,0,0
33,0,-2,3,0.721,0,0,0.000,0,0,0,0,0,0,0,0
33,0,3,3,0.341,0,0,0.000,0,0,0,0,0,0,0,0
33,-6,6,2,2.641,0,0,0.000,0,0,0,0,0,0,0,0
33,-2,6,2,30.000,0,0,0.000,0,0,0,0,0,0,0,0
33,-3,3,3,1.461,0,0,0.000,0,0,0,0,0,0,0,0
33,2,-2,2,0.871,0,0,0.000,0,0,0,0,0,0,0,0
33,-4,-2,2,0.141,0,0,0.000,0,0,0,0,0,0,0,0
33,2,2,1,0.311,0,0,0.000,0,0,0,0,0,0,0,0
33,-5,1,0,1.161,0,0,0.000,0,0,0,0,0,0,0,0
33,2,-3,2,0.941,0,0,0.000,0,0,0,0,0,0,0,0
33,-4,0,2,1.521,0,0,0.000,0,0,0,0,0,0,0,0
33,-3,4,3,0.311,0,0,0.000,0,0,0,0,0,0,0,0
33,-4,8,1,1.651,0,0,0.000,0,0,0,0,0,0,0,0
33,1,2,2,0.471,0,0,0.000,0,0,0,0,0,0,0,0
33,-6,2,0,1.091,0,0,0.000,0,0,0,0,0,0,0,0
33,-5,-2,0,0.631,0,0,0.000,0,0,0,0,0,0,0,0
33,3,1,1,0.201,0,0,0.000,0,0,0,0,0,0,0,0
33,-6,7,2,1.331,0,0,0.000,0,0,0,0,0,0,1,1
33,2,-4,2,0.212,0,0,0.000,0,0,0,0,0,0,0,0
33,-1,3,3,0.311,0,0,0.000,0,0,0,0,0,0,0,0
33,-1,2,3,1.591,0,0,0.000,0,0,0,0,0,0,0,0
33,-5,8,1,1.011,0,0,0.000,0,0,0,0,0,0,25,25
33,1,4,2,1.011,0,0,0.000,0,0,0,0,0,0,0,0
33,1,0,3,0.191,0,0,0.000,0,0,0,0,0,0,0,0
33,-2,1,3,1.661,0,0,0.000,0,0,0,0,0,0,0,0
33,-5,0,1,0.371,0,0,0.000,0,0,0,0,0,0,0,0
33,2,0,3,0.611,0,0,0.000,0,0,0,0,0,0,0,0
33,2,4,1,0.331,0,0,0.000,0,0,0,0,0,0,0,0
33,-6,3,0,1.071,0,0,0.000,0,0,0,0,0,0,0,0
33,3,0,0,0.561,0,0,0.000,0,0,0,0,0,0,0,0
33,-5,4,2,0.251,0,0,0.000,0,0,0,0,0,0,0,0
33,1,-2,3,1.601,0,0,0.000,0,0,0,0,0,0,0,0
33,-4,-3,0,0.711,0,0,0.000,0,0,0,0,0,0,0,0
33,3,-5,0,0.431,0,0,0.000,0,0,0,0,0,0,0,0
33,0,6,0,0.451,0,0,0.000,0,0,0,0,0,0,0,0
33,2,5,0,0.551,0,0,0.000,0,0,0,0,0,0,0,0
33,-3,7,0,0.652,0,0,0.000,0,0,0,0,0,0,0,0
33,-5,5,3,0.392,0,0,0.000,0,0,0,0,0,0,0,0
33,2,-5,1,0.291,0,0,0.000,0,0,0,0,0,0,0,0
33,4,-3,0,0.431,0,0,0.000,0,0,0,0,0,0,0,0
33,-3,-3,0,0.112,0,0,0.000,0,0,0,0,0,0,0,0
33,-3,-1,3,0.351,0,0,0.000,0,0,0,0,0,0,0,0
33,0,5,3,0.151,0,0,0.000,0,0,0,0,0,0,0,0
33,0,0,3,2.461,0,0,0.000,0,0,0,0,0,0,0,0
33,3,-1,0,0.281,0,0,0.000,0,0,0,0,0,0,0,0
33,-1,-4,0,0.301,0,0,0.000,0,0,0,0,0,0,0,0
33,3,-2,1,0.411,0,0,0.000,0,0,0,0,0,0,0,0
33,1,5,0,0.441,0,0,0.000,0,0,0,0,0,0,0,0
33,-3,-2,2,0.371,0,0,0.000,0,0,0,0,0,0,0,0
33,-1,0,3,0.431,0,0,0.000,0,0,0,0,0,0,0,0
33,-5,-1,1,1.531,0,0,0.000,0,0,0,0,0,0,0,0
33,0,-1,3,0.521,0,0,0.000,0,0,0,0,0,0,0,0
33,-2,7,0,2.952,0,0,0.000,0,0,0,0,0,0,0,0
33,-6,4,1,0.531,0,0,0.000,0,0,0,0,0,0,0,0
33,-4,4,3,0.561,0,0,0.000,0,0,0,0,0,0,0,0
33,1,1,3,0.191,0,0,0.000,0,0,0,0,0,0,0,0
33,3,-4,0,0.253,0,0,0.000,0,0,0,0,0,0,0,0
33,-4,-1,3,0.243,0,0,0.000,0,0,0,0,0,0,0,0
33,-1,4,3,0.181,0,0,0.000,0,0,0,0,0,0,0,0
33,1,3,3,0.291,0,0,0.000,0,0,0,0,0,0,0,0
33,2,3,0,0.431,0,0,0.000,0,0,0,0,0,0,0,0
33,-2,-2,3,0.521,0,0,0.000,0,0,0,0,0,0,0,0
33,3,-3,0,1.091,0,0,0.000,0,0,0,0,0,0,0,0
33,-4,7,2,0.411,0,0,0.000,0,0,0,0,0,0,0,0
33,-1,-3,2,0.191,0,0,0.000,0,0,0,0,0,0,0,0
33,-5,7,2,2.671,0,0,0.000,0,0,0,0,0,0,0,0
33,-1,6,1,0.392,0,0,0.000,0,0,0,0,0,0,0,0
33,-3,5,3,0.132,0,0,0.000,0,0,0,0,0,0,0,0
33,-7,8,0,3.631,0,0,0.000,0,0,0,0,0,0,218,218
33,-3,6,3,2.651,0,0,0.000,0,0,0,0,0,0,0,0
33,-5,6,3,0.621,0,0,0.000,0,0,0,0,0,0,1,1
33,-4,2,3,0.211,0,0,0.000,0,0,0,0,0,0,0,0
33,-3,1,3,0.461,0,0,0.000,0,0,0,0,0,0,0,0
33,-6,5,0,0.273,0,0,0.000,0,0,0,0,0,0,0,0
33,1,-1,3,0.181,0,0,0.000,0,0,0,0,0,0,0,0
33,-4,1,3,2.591,0,0,0.000,0,0,0,0,0,0,0,0
33,-5,2,2,0.351,0,0,0.000,0,0,0,0,0,0,0,0
33,-2,-3,0,0.172,0,0,0.000,0,0,0,0,0,0,0,0
33,1,-5,0,0.111,0,0,0.000,0,0,0,0,0,0,0,0
33,-7,7,0,1.071,0,0,0.000,0,0,0,0,0,0,13,13
33,2,1,2,0.171,0,0,0.000,0,0,0,0,0,0,0,0
34,1,-4,2,0.511,0,0,0.000,0,0,0,0,0,0,0,0
34,-3,0,3,30.000,0,0,0.000,0,0,0,0,0,0,0,0
34,-2,2,3,0.221,0,0,0.000,0,0,0,0,0,0,0,0
34,-1,-1,3,0.661,0,0,0.000,0,0,0,0,0,0,0,0
34,0,1,3,0.531,0,0,0.000,0,0,0,0,0,0,0,0
34,-5,3,2,1.141,0,0,0.000,0,0,0,0,0,0,0,0
34,-1,1,3,0.381,0,0,0.000,0,0,0,0,0,0,0,0
34,-2,-1,3,0.451,0,0,0.000,0,0,0,0,0,0,0,0
34,0,4,3,0.711,0,0,0.000,0,0,0,0,0,0,0,0
34,3,-6,0,0.701,0,0,0.000,0,0,0,0,0,0,0,0
34,-2,4,3,0.222,0,0,0.000,0,0,0,0,0,0,0,0
34,-2,0,3,0.431,0,0,0.000,0,0,0,0,0,0,0,0
34,0,2,3,0.981,0,0,0.000,0,0,0,0,0,0,0,0
34,-4,3,3,0.341,0,0,0.000,0,0,0,0,0,0,0,0
34,-5,9,0,0.882,1,0,1.002,1,0,0,0,0,1,56,56
34,-7,6,1,0.944,0,0,0.000,0,0,0,0,0,0,0,0
34,-3,2,3,0.161,0,0,0.000,0,0,0,0,0,0,0,0
34,2,-1,2,0.291,0,0,0.000,0,0,0,0,0,0,0,0
34,0,-4,1,1.431,0,0,0.000,0,0,0,0,0,0,0,0
34,-2,5,3,0.151,0,0,0.000,0,0,0,0,0,0,0,0
34,-4,6,3,0.951,0,0,0.000,0,0,0,0,0,0,0,0
34,-1,5,2,0.411,0,0,0.000,0,0,0,0,0,0,0,0
34,0,-3,2,1.692,0,0,0.000,0,0,0,0,0,0,0,0
34,-6,8,0,1.591,0,0,0.000,0,0,0,0,0,0,10,10
34,-1,-2,3,0.221,0,0,0.000,0,0,0,0,0,0,0,0
34,-2,3,3,0.371,0,0,0.000,0,0,0,0,0,0,0,0
34,-4,5,3,0.431,0,0,0.000,0,0,0,0,0,0,0,0
34,1,-3,3,0.201,0,0,0.000,0,0,0,0,0,0,0,0
34,0,-2,3,0.381,0,0,0.000,0,0,0,0,0,0,0,0
34,0,3,3,0.361,0,0,0.000,0,0,0,0,0,0,0,0
34,-6,6,2,0.501,0,0,0.000,0,0,0,0,0,0,0,0
34,-2,6,2,0.641,0,0,0.000,0,0,0,0,0,0,0,0
34,-3,3,3,0.261,0,0,0.000,0,0,0,0,0,0,0,0
34,2,-2,2,0.871,0,0,0.000,0,0,0,0,0,0,0,0
34,-4,-2,2,0.141,0,0,0.000,0,0,0,0,0,0,0,0
34,2,2,1,0.451,0,0,0.000,0,0,0,0,0,0,0,0
34,-5,1,0,1.961,0,0,0.000,0,0,0,0,0,0,0,0
34,2,-3,2,0.241,0,0,0.000,0,0,0,0,0,0,0,0
34,-4,0,2,0.601,0,0,0.000,0,0,0,0,0,0,0,0
34,-3,4,3,0.401,0,0,0.000,0,0,0,0,0,0,0,0
34,-4,8,1,3.571,0,0,0.000,0,0,0,0,0,0,0,0
34,1,2,2,0.251,0,0,0.000,0,0,0,0,0,0,0,0
34,-6,2,0,0.521,0,0,0.000,0,0,0,0,0,0,0,0
34,-5,-2,0,1.831,0,0,0.000,0,0,0,0,0,0,0,0
34,3,1,1,0.201,0,0,0.000,0,0,0,0,0,0,0,0
34,-6,7,2,1.781,0,0,0.000,0,1,0,2,0,0,0,0
34,2,-4,2,1.101,0,0,0.000,0,0,0,0,0,0,0,0
34,-1,3,3,0.231,0,0,0.000,0,0,0,0,0,0,0,0
34,-1,2,3,3.511,0,0,0.000,0,0,0,0,0,0,0,0
34,-5,8,1,1.953,0,0,0.000,0,1,0,1,0,0,16,16
34,1,4,2,0.501,0,0,0.000,0,0,0,0,0,0,0,0
34,1,0,3,0.291,0,0,0.000,0,0,0,0,0,0,0,0
34,-2,1,3,1.541,0,0,0.000,0,0,0,0,0,0,0,0
34,-5,0,1,0.271,0,0,0.000,0,0,0,0,0,0,0,0
34,2,0,3,0.921,0,0,0.000,0,0,0,0,0,0,0,0
34,2,4,1,0.611,0,0,0.000,0,0,0,0,0,0,0,0
34,-6,3,0,0.721,0,0,0.000,0,0,0,0,0,0,0,0
34,3,0,0,0.371,0,0,0.000,0,0,0,0,0,0,0,0
34,-5,4,2,0.511,0,0,0.000,0,0,0,0,0,0,0,0
34,1,-2,3,0.681,0,0,0.000,0,0,0,0,0,0,0,0
34,-4,-3,0,1.431,0,0,0.000,0,0,0,0,0,0,0,0
34,3,-5,0,0.431,0,0,0.000,0,0,0,0,0,0,0,0
34,0,6,0,1.331,0,0,0.000,0,0,0,0,0,0,0,0
34,2,5,0,4.751,0,0,0.000,0,0,0,0,0,0,0,0
34,-3,7,0,0.652,0,0,0.000,0,0,0,0,0,0,0,0
34,-5,5,3,0.571,0,0,0.000,0,0,0,0,0,0,0,0
34,2,-5,1,0.461,0,0,0.000,0,0,0,0,0,0,0,0
34,4,-3,0,0.431,0,0,0.000,0,0,0,0,0,0,0,0
34,-3,-3,0,0.232,0,0,0.000,0,0,0,0,0,0,0,0
34,-3,-1,3,0.201,0,0,0.000,0,0,0,0,0,0,0,0
34,0,5,3,0.311,0,0,0.000,0,0,0,0,0,0,0,0
34,0,0,3,0.251,0,0,0.000,0,0,0,0,0,0,0,0
34,3,-1,0,0.281,0,0,0.000,0,0,0,0,0,0,0,0
34,-1,-4,0,0.781,0,0,0.000,0,0,0,0,0,0,0,0
34,3,-2,1,0.841,0,0,0.000,0,0,0,0,0,0,0,0
34,1,5,0,0.521,0,0,0.000,0,0,0,0,0,0,0,0
34,-3,-2,2,2.081,0,0,0.000,0,0,0,0,0,0,0,0
34,-1,0,3,0.251,0,0,0.000,0,0,0,0,0,0,0,0
34,-5,-1,1,1.451,0,0,0.000,0,0,0,0,0,0,0,0
34,0,-1,3,0.331,0,0,0.000,0,0,0,0,0,0,0,0
34,-2,7,0,0.981,0,0,0.000,0,0,0,0,0,0,0,0
34,-6,4,1,0.631,0,0,0.000,0,0,0,0,0,0,0,0
34,-4,4,3,0.181,0,0,0.000,0,0,0,0,0,0,0,0
34,1,1,3,0.191,0,0,0.000,0,0,0,0,0,0,0,0
34,3,-4,0,0.991,0,0,0.000,0,0,0,0,0,0,0,0
34,-4,-1,3,0.481,0,0,0.000,0,0,0,0,0,0,0,0
34,-1,4,3,0.181,0,0,0.000,0,0,0,0,0,0,0,0
34,1,3,3,0.291,0,0,0.000,0,0,0,0,0,0,0,0
34,2,3,0,0.381,0,0,0.000,0,0,0,0,0,0,0,0
34,-2,-2,3,1.851,0,0,0.000,0,0,0,0,0,0,0,0
34,3,-3,0,1.151,0,0,0.000,0,0,0,0,0,0,0,0
34,-4,7,2,0.531,0,0,0.000,0,0,0,0,0,0,0,0
34,-1,-3,2,0.591,0,0,0.000,0,0,0,0,0,0,0,0
34,-5,7,2,3.481,0,0,0.000,0,0,0,0,0,0,0,0
34,-1,6,1,0.392,0,0,0.000,0,0,0,0,0,0,0,0
34,-3,5,3,0.261,0,0,0.000,0,0,0,0,0,0,0,0
34,-7,8,0,0.691,2,0,0.791,1,0,0,0,0,2,187,187
34,-3,6,3,1.891,0,0,0.000,0,0,0,0,0,0,0,0
34,-5,6,3,0.621,0,0,0.000,0,0,0,0,0,0,0,0
34,-4,2,3,0.321,0,0,0.000,0,0,0,0,0,0,0,0
34,-3,1,3,0.181,0,0,0.000,0,0,0,0,0,0,0,0
34,-6,5,0,0.371,0,0,0.000,0,0,0,0,0,0,0,0
34,1,-1,3,0.371,0,0,0.000,0,0,0,0,0,0,0,0
34,-4,1,3,0.391,0,0,0.000,0,0,0,0,0,0,0,0
34,-5,2,2,0.171,0,0,0.000,0,0,0,0,0,0,0,0
34,-2,-3,0,0.172,0,0,0.000,0,0,0,0,0,0,0,0
34,1,-5,0,0.231,0,0,0.000,0,0,0,0,0,0,0,0
34,-7,7,0,0.891,0,0,0.000,0,0,0,0,0,0,10,10
34,2,1,2,1.251,0,0,0.000,0,0,0,0,0,0,0,0
35,1,-4,2,0.771,0,0,0.000,0,0,0,0,0,0,0,0
35,-3,0,3,30.000,0,0,0.000,0,0,0,0,0,0,0,0
35,-2,2,3,0.221,0,0,0.000,0,0,0,0,0,0,0,0
35,-1,-1,3,0.121,0,0,0.000,0,0,0,0,0,0,0,0
35,0,1,3,0.221,0,0,0.000,0,0,0,0,0,0,0,0
35,-5,3,2,0.681,0,0,0.000,0,0,0,0,0,0,0,0
35,-1,1,3,0.411,0,0,0.000,0,0,0,0,0,0,0,0
35,-2,-1,3,0.181,0,0,0.000,0,0,0,0,0,0,0,0
35,0,4,3,0.711,0,0,0.000,0,0,0,0,0,0,0,0
35,3,-6,0,1.901,0,0,0.000,0,0,0,0,0,0,0,0
35,-2,4,3,0.421,0,0,0.000,0,0,0,0,0,0,0,0
35,-2,0,3,0.211,0,0,0.000,0,0,0,0,0,0,0,0
35,0,2,3,0.251,0,0,0.000,0,0,0,0,0,0,0,0
35,-4,3,3,1.291,0,0,0.000,0,0,0,0,0,0,0,0
35,-5,9,0,1.151,0,0,0.000,0,0,0,0,0,0,61,61
35,-7,6,1,1.971,0,0,0.000,0,0,0,0,0,0,0,0
35,-3,2,3,3.141,0,0,0.000,0,0,0,0,0,0,0,0
35,2,-1,2,0.591,0,0,0.000,0,0,0,0,0,0,0,0
35,0,-4,1,0.241,0,0,0.000,0,0,0,0,0,0,0,0
35,-2,5,3,1.112,0,0,0.000,0,0,0,0,0,0,0,0
35,-4,6,3,1.922,0,0,0.000,0,0,0,0,0,0,0,0
35,-1,5,2,0.411,0,0,0.000,0,0,0,0,0,0,0,0
35,0,-3,2,0.781,0,0,0.000,0,0,0,0,0,0,0,0
35,-6,8,0,1.191,0,0,0.000,0,0,0,0,0,0,16,16
35,-1,-2,3,1.131,0,0,0.000,0,0,0,0,0,0,0,0
35,-2,3,3,6.831,0,0,0.000,0,0,0,0,0,0,0,0
35,-4,5,3,0.254,0,0,0.000,0,0,0,0,0,0,0,0
35,1,-3,3,1.461,0,0,0.000,0,0,0,0,0,0,0,0
35,0,-2,3,0.141,0,0,0.000,0,0,0,0,0,0,0,0
35,0,3,3,0.201,0,0,0.000,0,0,0,0,0,0,0,0
35,-6,6,2,0.501,0,0,0.000,0,0,0,0,0,0,0,0
35,-2,6,2,1.941,0,0,0.000,0,0,0,0,0,0,0,0
35,-3,3,3,0.311,0,0,0.000,0,0,0,0,0,0,0,0
35,2,-2,2,0.191,0,0,0.000,0,0,0,0,0,0,0,0
35,-4,-2,2,1.471,0,0,0.000,0,0,0,0,0,0,0,0
35,2,2,1,0.151,0,0,0.000,0,0,0,0,0,0,0,0
35,-5,1,0,3.161,0,0,0.000,0,0,0,0,0,0,0,0
35,2,-3,2,0.241,0,0,0.000,0,0,0,0,0,0,0,0
35,-4,0,2,1.141,0,0,0.000,0,0,0,0,0,0,0,0
35,-3,4,3,0.211,0,0,0.000,0,0,0,0,0,0,0,0
35,-4,8,1,1.651,0,0,0.000,0,0,0,0,0,0,0,0
35,1,2,2,0.251,0,0,0.000,0,0,0,0,0,0,0,0
35,-6,2,0,0.651,0,0,0.000,0,0,0,0,0,0,0,0
35,-5,-2,0,1.511,0,0,0.000,0,0,0,0,0,0,0,0
35,3,1,1,0.711,0,0,0.000,0,0,0,0,0,0,0,0
35,-6,7,2,2.362,0,0,0.000,0,1,0,1,0,0,0,0
35,2,-4,2,0.421,0,0,0.000,0,0,0,0,0,0,0,0
35,-1,3,3,0.871,0,0,0.000,0,0,0,0,0,0,0,0
35,-1,2,3,1.111,0,0,0.000,0,0,0,0,0,0,0,0
35,-5,8,1,1.192,0,0,0.000,0,0,0,0,0,0,21,21
35,1,4,2,2.201,0,0,0.000,0,0,0,0,0,0,0,0
35,1,0,3,1.261,0,0,0.000,0,0,0,0,0,0,0,0
35,-2,1,3,1.971,0,0,0.000,0,0,0,0,0,0,0,0
35,-5,0,1,1.191,0,0,0.000,0,0,0,0,0,0,0,0
35,2,0,3,1.231,0,0,0.000,0,0,0,0,0,0,0,0
35,2,4,1,0.671,0,0,0.000,0,0,0,0,0,0,0,0
35,-6,3,0,0.642,0,0,0.000,0,0,0,0,0,0,0,0
35,3,0,0,0.212,0,0,0.000,0,0,0,0,0,0,0,0
35,-5,4,2,0.221,0,0,0.000,0,0,0,0,0,0,0,0
35,1,-2,3,0.451,0,0,0.000,0,0,0,0,0,0,0,0
35,-4,-3,0,1.191,0,0,0.000,0,0,0,0,0,0,0,0
35,3,-5,0,0.341,0,0,0.000,0,0,0,0,0,0,0,0
35,0,6,0,1.331,0,0,0.000,0,0,0,0,0,0,0,0
35,2,5,0,0.411,0,0,0.000,0,0,0,0,0,0,0,0
35,-3,7,0,0.861,0,0,0.000,0,0,0,0,0,0,0,0
35,-5,5,3,0.571,0,0,0.000,0,0,0,0,0,0,0,0
35,2,-5,1,0.461,0,0,0.000,0,0,0,0,0,0,0,0
35,4,-3,0,0.661,0,0,0.000,0,0,0,0,0,0,0,0
35,-3,-3,0,0.211,0,0,0.000,0,0,0,0,0,0,0,0
35,-3,-1,3,0.111,0,0,0.000,0,0,0,0,0,0,0,0
35,0,5,3,0.151,0,0,0.000,0,0,0,0,0,0,0,0
35,0,0,3,2.201,0,0,0.000,0,0,0,0,0,0,0,0
35,3,-1,0,0.281,0,0,0.000,0,0,0,0,0,0,0,0
35,-1,-4,0,0.561,0,0,0.000,0,0,0,0,0,0,0,0
35,3,-2,1,1.041,0,0,0.000,0,0,0,0,0,0,0,0
35,1,5,0,0.352,0,0,0.000,0,0,0,0,0,0,0,0
35,-3,-2,2,1.321,0,0,0.000,0,0,0,0,0,0,0,0
35,-1,0,3,0.821,0,0,0.000,0,0,0,0,0,0,0,0
35,-5,-1,1,2.931,0,0,0.000,0,0,0,0,0,0,0,0
35,0,-1,3,2.521,0,0,0.000,0,0,0,0,0,0,0,0
35,-2,7,0,2.952,0,0,0.000,0,0,0,0,0,0,0,0
35,-6,4,1,1.091,0,0,0.000,0,0,0,0,0,0,0,0
35,-4,4,3,0.371,0,0,0.000,0,0,0,0,0,0,0,0
35,1,1,3,0.291,0,0,0.000,0,0,0,0,0,0,0,0
35,3,-4,0,0.471,0,0,0.000,0,0,0,0,0,0,0,0
35,-4,-1,3,0.481,0,0,0.000,0,0,0,0,0,0,0,0
35,-1,4,3,0.181,0,0,0.000,0,0,0,0,0,0,0,0
35,1,3,3,0.291,0,0,0.000,0,0,0,0,0,0,0,0
35,2,3,0,0.381,0,0,0.000,0,0,0,0,0,0,0,0
35,-2,-2,3,3.701,0,0,0.000,0,0,0,0,0,0,0,0
35,3,-3,0,0.821,0,0,0.000,0,0,0,0,0,0,0,0
35,-4,7,2,0.351,0,0,0.000,0,0,0,0,0,0,0,0
35,-1,-3,2,0.391,0,0,0.000,0,0,0,0,0,0,0,0
35,-5,7,2,4.831,0,0,0.000,0,0,0,0,0,0,0,0
35,-1,6,1,0.391,0,0,0.000,0,0,0,0,0,0,0,0
35,-3,5,3,0.892,0,0,0.000,0,0,0,0,0,0,0,0
35,-7,8,0,0.831,1,0,0.911,1,0,0,0,0,1,192,192
35,-3,6,3,0.941,0,0,0.000,0,0,0,0,0,0,0,0
35,-5,6,3,0.831,0,0,0.000,0,0,0,0,0,0,0,0
35,-4,2,3,1.971,0,0,0.000,0,0,0,0,0,0,0,0
35,-3,1,3,0.181,0,0,0.000,0,0,0,0,0,0,0,0
35,-6,5,0,0.511,0,0,0.000,0,0,0,0,0,0,0,0
35,1,-1,3,0.371,0,0,0.000,0,0,0,0,0,0,0,0
35,-4,1,3,0.391,0,0,0.000,0,0,0,0,0,0,0,0
35,-5,2,2,0.231,0,0,0.000,0,0,0,0,0,0,0,0
35,-2,-3,0,0.311,0,0,0.000,0,0,0,0,0,0,0,0
35,1,-5,0,0.111,0,0,0.000,0,0,0,0,0,0,0,0
35,-7,7,0,1.251,0,0,0.000,0,0,0,0,0,0,14,14
35,2,1,2,0.351,0,0,0.000,0,0,0,0,0,0,0,0
36,1,-4,2,1.811,0,0,0.000,0,0,0,0,0,0,0,0
36,-3,0,3,2.171,0,0,0.000,0,0,0,0,0,0,0,0
36,-2,2,3,1.131,0,0,0.000,0,0,0,0,0,0,0,0
36,-1,-1,3,0.221,0,0,0.000,0,0,0,0,0,0,0,0
36,0,1,3,0.111,0,0,0.000,0,0,0,0,0,0,0,0
36,-5,3,2,0.911,0,0,0.000,0,0,0,0,0,0,0,0
36,-1,1,3,1.431,0,0,0.000,0,0,0,0,0,0,0,0
36,-2,-1,3,0.521,0,0,0.000,0,0,0,0,0,0,0,0
36,0,4,3,3.831,0,0,0.000,0,0,0,0,0,0,0,0
36,3,-6,0,0.701,0,0,0.000,0,0,0,0,0,0,1,1
36,-2,4,3,0.222,0,0,0.000,0,0,0,0,0,0,0,0
36,-2,0,3,0.211,0,0,0.000,0,0,0,0,0,0,0,0
36,0,2,3,0.381,0,0,0.000,0,0,0,0,0,0,0,0
36,-4,3,3,0.911,0,0,0.000,0,0,0,0,0,0,0,0
36,-5,9,0,0.851,4,0,0.991,1,0,0,0,0,4,50,50
36,-7,6,1,0.723,0,0,0.000,0,0,0,0,0,0,1,1
36,-3,2,3,1.271,0,0,0.000,0,0,0,0,0,0,0,0
36,2,-1,2,0.981,0,0,0.000,0,0,0,0,0,0,0,0
36,0,-4,1,1.291,0,0,0.000,0,0,0,0,0,0,0,0
36,-2,5,3,2.021,0,0,0.000,0,0,0,0,0,0,0,0
36,-4,6,3,1.911,0,0,0.000,0,0,0,0,0,0,0,0
36,-1,5,2,0.411,0,0,0.000,0,0,0,0,0,0,0,0
36,0,-3,2,0.161,0,0,0.000,0,0,0,0,0,0,0,0
36,-6,8,0,0.991,0,0,0.000,0,0,0,0,0,0,12,12
36,-1,-2,3,0.901,0,0,0.000,0,0,0,0,0,0,0,0
36,-2,3,3,3.221,0,0,0.000,0,0,0,0,0,0,0,0
36,-4,5,3,0.211,0,0,0.000,0,0,0,0,0,0,0,0
36,1,-3,3,0.411,0,0,0.000,0,0,0,0,0,0,0,0
36,0,-2,3,0.171,0,0,0.000,0,0,0,0,0,0,0,0
36,0,3,3,0.261,0,0,0.000,0,0,0,0,0,0,0,0
36,-6,6,2,0.501,0,0,0.000,0,0,0,0,0,0,0,0
36,-2,6,2,1.421,0,0,0.000,0,0,0,0,0,0,0,0
36,-3,3,3,0.911,0,0,0.000,0,0,0,0,0,0,0,0
36,2,-2,2,8.071,0,0,0.000,0,0,0,0,0,0,0,0
36,-4,-2,2,0.721,0,0,0.000,0,0,0,0,0,0,0,0
36,2,2,1,0.251,0,0,0.000,0,0,0,0,0,0,0,0
36,-5,1,0,0.193,0,0,0.000,0,0,0,0,0,0,0,0
36,2,-3,2,0.381,0,0,0.000,0,0,0,0,0,0,0,0
36,-4,0,2,0.371,0,0,0.000,0,0,0,0,0,0,0,0
36,-3,4,3,2.731,0,0,0.000,0,0,0,0,0,0,0,0
36,-4,8,1,2.371,0,0,0.000,0,0,0,0,0,0,0,0
36,1,2,2,2.291,0,0,0.000,0,0,0,0,0,0,0,0
36,-6,2,0,0.871,0,0,0.000,0,0,0,0,0,0,0,0
36,-5,-2,0,0.951,0,0,0.000,0,0,0,0,0,0,0,0
36,3,1,1,0.861,0,0,0.000,0,0,0,0,0,0,0,0
36,-6,7,2,0.831,0,0,0.000,0,1,0,1,0,0,0,0
36,2,-4,2,2.081,0,0,0.000,0,0,0,0,0,0,0,0
36,-1,3,3,1.591,0,0,0.000,0,0,0,0,0,0,0,0
36,-1,2,3,0.151,0,0,0.000,0,0,0,0,0,0,0,0
36,-5,8,1,1.021,0,0,0.000,0,1,0,4,0,0,16,16
36,1,4,2,0.501,0,0,0.000,0,0,0,0,0,0,0,0
36,1,0,3,0.291,0,0,0.000,0,0,0,0,0,0,0,0
36,-2,1,3,2.741,0,0,0.000,0,0,0,0,0,0,0,0
36,-5,0,1,0.271,0,0,0.000,0,0,0,0,0,0,0,0
36,2,0,3,0.611,0,0,0.000,0,0,0,0,0,0,0,0
36,2,4,1,0.781,0,0,0.000,0,0,0,0,0,0,0,0
36,-6,3,0,0.432,0,0,0.000,0,0,0,0,0,0,0,0
36,3,0,0,0.561,0,0,0.000,0,0,0,0,0,0,0,0
36,-5,4,2,5.051,0,0,0.000,0,0,0,0,0,0,0,0
36,1,-2,3,0.451,0,0,0.000,0,0,0,0,0,0,0,0
36,-4,-3,0,3.791,0,0,0.000,0,0,0,0,0,0,0,0
36,3,-5,0,1.421,0,0,0.000,0,0,0,0,0,0,0,0
36,0,6,0,0.641,0,0,0.000,0,0,0,0,0,0,0,0
36,2,5,0,0.831,0,0,0.000,0,0,0,0,0,0,0,0
36,-3,7,0,0.652,0,0,0.000,0,0,0,0,0,0,0,0
36,-5,5,3,2.571,0,0,0.000,0,0,0,0,0,0,0,0
36,2,-5,1,0.291,0,0,0.000,0,0,0,0,0,0,0,0
36,4,-3,0,0.431,0,0,0.000,0,0,0,0,0,0,0,0
36,-3,-3,0,0.211,0,0,0.000,0,0,0,0,0,0,0,0
36,-3,-1,3,0.111,0,0,0.000,0,0,0,0,0,0,0,0
36,0,5,3,0.631,0,0,0.000,0,0,0,0,0,0,0,0
36,0,0,3,0.381,0,0,0.000,0,0,0,0,0,0,0,0
36,3,-1,0,0.281,0,0,0.000,0,0,0,0,0,0,0,0
36,-1,-4,0,0.461,0,0,0.000,0,0,0,0,0,0,0,0
36,3,-2,1,0.831,0,0,0.000,0,0,0,0,0,0,0,0
36,1,5,0,1.882,0,0,0.000,0,0,0,0,0,0,0,0
36,-3,-2,2,0.371,0,0,0.000,0,0,0,0,0,0,0,0
36,-1,0,3,0.381,0,0,0.000,0,0,0,0,0,0,0,0
36,-5,-1,1,0.651,0,0,0.000,0,0,0,0,0,0,0,0
36,0,-1,3,30.000,0,0,0.000,0,0,0,0,0,0,0,0
36,-2,7,0,0.771,0,0,0.000,0,0,0,0,0,0,0,0
36,-6,4,1,1.151,0,0,0.000,0,0,0,0,0,0,0,0
36,-4,4,3,0.371,0,0,0.000,0,0,0,0,0,0,0,0
36,1,1,3,0.191,0,0,0.000,0,0,0,0,0,0,0,0
36,3,-4,0,3.851,0,0,0.000,0,0,0,0,0,0,0,0
36,-4,-1,3,0.481,0,0,0.000,0,0,0,0,0,0,0,0
36,-1,4,3,0.181,0,0,0.000,0,0,0,0,0,0,0,0
36,1,3,3,0.291,0,0,0.000,0,0,0,0,0,0,0,0
36,2,3,0,0.521,0,0,0.000,0,0,0,0,0,0,0,0
36,-2,-2,3,0.371,0,0,0.000,0,0,0,0,0,0,0,0
36,3,-3,0,0.341,0,0,0.000,0,0,0,0,0,0,0,0
36,-4,7,2,0.351,0,0,0.000,0,0,0,0,0,0,1,1
36,-1,-3,2,1.191,0,0,0.000,0,0,0,0,0,0,0,0
36,-5,7,2,1.861,0,0,0.000,0,0,0,0,0,0,0,0
36,-1,6,1,0.761,0,0,0.000,0,0,0,0,0,0,0,0
36,-3,5,3,0.261,0,0,0.000,0,0,0,0,0,0,0,0
36,-7,8,0,0.691,1,0,0.791,1,0,0,0,0,1,221,221
36,-3,6,3,0.371,0,0,0.000,0,0,0,0,0,0,0,0
36,-5,6,3,1.041,0,0,0.000,0,0,0,0,0,0,0,0
36,-4,2,3,0.101,0,0,0.000,0,0,0,0,0,0,0,0
36,-3,1,3,0.561,0,0,0.000,0,0,0,0,0,0,0,0
36,-6,5,0,1.071,0,0,0.000,0,0,0,0,0,0,0,0
36,1,-1,3,2.271,0,0,0.000,0,0,0,0,0,0,0,0
36,-4,1,3,1.191,0,0,0.000,0,0,0,0,0,0,0,0
36,-5,2,2,0.171,0,0,0.000,0,0,0,0,0,0,0,0
36,-2,-3,0,0.721,0,0,0.000,0,0,0,0,0,0,0,0
36,1,-5,0,0.231,0,0,0.000,0,0,0,0,0,0,0,0
36,-7,7,0,1.251,0,0,0.000,0,0,0,0,0,0,14,14
36,2,1,2,1.251,0,0,0.000,0,0,0,0,0,0,0,0
37,1,-4,2,0.511,0,0,0.000,0,0,0,0,0,0,0,0
37,-3,0,3,0.411,0,0,0.000,0,0,0,0,0,0,0,0
37,-2,2,3,1.461,0,0,0.000,0,0,0,0,0,0,0,0
37,-1,-1,3,0.221,0,0,0.000,0,0,0,0,0,0,0,0
37,0,1,3,0.751,0,0,0.000,0,0,0,0,0,0,0,0
37,-5,3,2,1.141,0,0,0.000,0,0,0,0,0,0,0,0
37,-1,1,3,0.201,0,0,0.000,0,0,0,0,0,0,0,0
37,-2,-1,3,0.181,0,0,0.000,0,0,0,0,0,0,0,0
37,0,4,3,1.671,0,0,0.000,0,0,0,0,0,0,0,0
37,3,-6,0,1.661,0,0,0.000,0,0,0,0,0,0,0,0
37,-2,4,3,0.421,0,0,0.000,0,0,0,0,0,0,0,0
37,-2,0,3,0.431,0,0,0.000,0,0,0,0,0,0,0,0
37,0,2,3,0.191,0,0,0.000,0,0,0,0,0,0,0,0
37,-4,3,3,0.531,0,0,0.000,0,0,0,0,0,0,0,0
37,-5,9,0,1.183,1,0,1.293,1,0,0,0,0,1,67,67
37,-7,6,1,0.902,0,0,0.000,0,0,0,0,0,0,0,0
37,-3,2,3,0.501,0,0,0.000,0,0,0,0,0,0,0,0
37,2,-1,2,0.591,0,0,0.000,0,0,0,0,0,0,0,0
37,0,-4,1,0.801,0,0,0.000,0,0,0,0,0,0,0,0
37,-2,5,3,0.471,0,0,0.000,0,0,0,0,0,0,0,0
37,-4,6,3,0.711,0,0,0.000,0,0,0,0,0,0,0,0
37,-1,5,2,0.831,0,0,0.000,0,0,0,0,0,0,0,0
37,0,-3,2,0.452,0,0,0.000,0,0,0,0,0,0,0,0
37,-6,8,0,1.191,0,0,0.000,0,0,0,0,0,0,15,15
37,-1,-2,3,0.671,0,0,0.000,0,0,0,0,0,0,0,0
37,-2,3,3,0.181,0,0,0.000,0,0,0,0,0,0,0,0
37,-4,5,3,0.881,0,0,0.000,0,0,0,0,0,0,0,0
37,1,-3,3,0.621,0,0,0.000,0,0,0,0,0,0,0,0
37,0,-2,3,0.981,0,0,0.000,0,0,0,0,0,0,0,0
37,0,3,3,0.341,0,0,0.000,0,0,0,0,0,0,0,0
37,-6,6,2,30.000,0,0,0.000,0,0,0,0,0,0,0,0
37,-2,6,2,0.761,0,0,0.000,0,0,0,0,0,0,0,0
37,-3,3,3,1.461,0,0,0.000,0,0,0,0,0,0,0,0
37,2,-2,2,1.021,0,0,0.000,0,0,0,0,0,0,0,0
37,-4,-2,2,0.271,0,0,0.000,0,0,0,0,0,0,0,0
37,2,2,1,1.051,0,0,0.000,0,0,0,0,0,0,0,0
37,-5,1,0,0.361,0,0,0.000,0,0,0,0,0,0,0,0
37,2,-3,2,0.531,0,0,0.000,0,0,0,0,0,0,0,0
37,-4,0,2,1.831,0,0,0.000,0,0,0,0,0,0,0,0
37,-3,4,3,0.211,0,0,0.000,0,0,0,0,0,0,0,0
37,-4,8,1,1.651,0,0,0.000,0,0,0,0,0,0,0,0
37,1,2,2,1.771,0,0,0.000,0,0,0,0,0,0,0,0
37,-6,2,0,0.431,0,0,0.000,0,0,0,0,0,0,0,0
37,-5,-2,0,0.471,0,0,0.000,0,0,0,0,0,0,0,0
37,3,1,1,3.321,0,0,0.000,0,0,0,0,0,0,0,0
37,-6,7,2,1.521,0,0,0.000,0,1,0,2,0,0,0,0
37,2,-4,2,0.212,0,0,0.000,0,0,0,0,0,0,0,0
37,-1,3,3,1.031,0,0,0.000,0,0,0,0,0,0,0,0
37,-1,2,3,0.471,0,0,0.000,0,0,0,0,0,0,0,0
37,-5,8,1,0.812,0,0,0.000,0,1,0,1,0,0,16,16
37,1,4,2,0.331,0,0,0.000,0,0,0,0,0,0,0,0
37,1,0,3,0.461,0,0,0.000,0,0,0,0,0,0,0,0
37,-2,1,3,0.331,0,0,0.000,0,0,0,0,0,0,0,0
37,-5,0,1,1.191,0,0,0.000,0,0,0,0,0,0,0,0
37,2,0,3,1.231,0,0,0.000,0,0,0,0,0,0,0,0
37,2,4,1,0.671,0,0,0.000,0,0,0,0,0,0,0,0
37,-6,3,0,0.432,0,0,0.000,0,0,0,0,0,0,0,0
37,3,0,0,2.461,0,0,0.000,0,0,0,0,0,0,0,0
37,-5,4,2,0.451,0,0,0.000,0,0,0,0,0,0,0,0
37,1,-2,3,1.141,0,0,0.000,0,0,0,0,0,0,0,0
37,-4,-3,0,0.671,0,0,0.000,0,0,0,0,0,0,0,0
37,3,-5,0,0.353,0,0,0.000,0,0,0,0,0,0,0,0
37,0,6,0,1.561,0,0,0.000,0,0,0,0,0,0,0,0
37,2,5,0,0.761,0,0,0.000,0,0,0,0,0,0,0,0
37,-3,7,0,0.652,0,0,0.000,0,0,0,0,0,0,0,0
37,-5,5,3,0.592,0,0,0.000,0,0,0,0,0,0,0,0
37,2,-5,1,1.183,0,0,0.000,0,0,0,0,0,0,0,0
37,4,-3,0,2.961,0,0,0.000,0,0,0,0,0,0,0,0
37,-3,-3,0,0.112,0,0,0.000,0,0,0,0,0,0,0,0
37,-3,-1,3,0.161,0,0,0.000,0,0,0,0,0,0,0,0
37,0,5,3,3.201,0,0,0.000,0,0,0,0,0,0,0,0
37,0,0,3,0.251,0,0,0.000,0,0,0,0,0,0,0,0
37,3,-1,0,0.591,0,0,0.000,0,0,0,0,0,0,0,0
37,-1,-4,0,0.152,0,0,0.000,0,0,0,0,0,0,0,0
37,3,-2,1,0.621,0,0,0.000,0,0,0,0,0,0,0,0
37,1,5,0,0.521,0,0,0.000,0,0,0,0,0,0,0,0
37,-3,-2,2,0.181,0,0,0.000,0,0,0,0,0,0,0,0
37,-1,0,3,0.421,0,0,0.000,0,0,0,0,0,0,0,0
37,-5,-1,1,1.671,0,0,0.000,0,0,0,0,0,0,0,0
37,0,-1,3,0.721,0,0,0.000,0,0,0,0,0,0,0,0
37,-2,7,0,1.191,0,0,0.000,0,0,0,0,0,0,0,0
37,-6,4,1,1.381,0,0,0.000,0,0,0,0,0,0,0,0
37,-4,4,3,0.751,0,0,0.000,0,0,0,0,0,0,0,0
37,1,1,3,0.191,0,0,0.000,0,0,0,0,0,0,0,0
37,3,-4,0,4.371,0,0,0.000,0,0,0,0,0,0,0,0
37,-4,-1,3,2.481,0,0,0.000,0,0,0,0,0,0,0,0
37,-1,4,3,1.231,0,0,0.000,0,0,0,0,0,0,0,0
37,1,3,3,0.291,0,0,0.000,0,0,0,0,0,0,0,0
37,2,3,0,0.381,0,0,0.000,0,0,0,0,0,0,0,0
37,-2,-2,3,3.511,0,0,0.000,0,0,0,0,0,0,0,0
37,3,-3,0,1.151,0,0,0.000,0,0,0,0,0,0,0,0
37,-4,7,2,0.591,0,0,0.000,0,0,0,0,0,0,1,1
37,-1,-3,2,1.591,0,0,0.000,0,0,0,0,0,0,0,0
37,-5,7,2,1.051,0,0,0.000,0,0,0,0,0,0,0,0
37,-1,6,1,0.982,0,0,0.000,0,0,0,0,0,0,0,0
37,-3,5,3,0.401,0,0,0.000,0,0,0,0,0,0,0,0
37,-7,8,0,0.692,2,0,0.782,1,0,0,0,0,2,193,193
37,-3,6,3,0.751,0,0,0.000,0,0,0,0,0,0,0,0
37,-5,6,3,0.831,0,0,0.000,0,0,0,0,0,0,0,0
37,-4,2,3,0.101,0,0,0.000,0,0,0,0,0,0,0,0
37,-3,1,3,0.331,0,0,0.000,0,0,0,0,0,0,0,0
37,-6,5,0,13.701,0,0,0.000,0,0,0,0,0,0,0,0
37,1,-1,3,0.371,0,0,0.000,0,0,0,0,0,0,0,0
37,-4,1,3,0.211,0,0,0.000,0,0,0,0,0,0,0,0
37,-5,2,2,1.491,0,0,0.000,0,0,0,0,0,0,0,0
37,-2,-3,0,0.172,0,0,0.000,0,0,0,0,0,0,0,0
37,1,-5,0,0.111,0,0,0.000,0,0,0,0,0,0,1,1
37,-7,7,0,1.071,0,0,0.000,0,0,0,0,0,0,12,12
37,2,1,2,0.711,0,0,0.000,0,0,0,0,0,0,0,0
38,1,-4,2,0.611,0,0,0.000,0,0,0,0,0,0,0,0
38,-3,0,3,1.671,0,0,0.000,0,0,0,0,0,0,0,0
38,-2,2,3,0.381,0,0,0.000,0,0,0,0,0,0,0,0
38,-1,-1,3,0.221,0,0,0.000,0,0,0,0,0,0,0,0
38,0,1,3,0.221,0,0,0.000,0,0,0,0,0,0,0,0
38,-5,3,2,3.671,0,0,0.000,0,0,0,0,0,0,0,0
38,-1,1,3,0.591,0,0,0.000,0,0,0,0,0,0,0,0
38,-2,-1,3,0.321,0,0,0.000,0,0,0,0,0,0,0,0
38,0,4,3,1.921,0,0,0.000,0,0,0,0,0,0,0,0
38,3,-6,0,5.281,0,0,0.000,0,0,0,0,0,0,0,0
38,-2,4,3,0.881,0,0,0.000,0,0,0,0,0,0,0,0
38,-2,0,3,0.231,0,0,0.000,0,0,0,0,0,0,0,0
38,0,2,3,0.381,0,0,0.000,0,0,0,0,0,0,0,0
38,-4,3,3,9.081,0,0,0.000,0,0,0,0,0,0,0,0
38,-5,9,0,1.001,0,0,0.000,0,0,0,0,0,0,61,61
38,-7,6,1,0.761,0,0,0.000,0,0,0,0,0,0,1,1
38,-3,2,3,0.761,0,0,0.000,0,0,0,0,0,0,0,0
38,2,-1,2,0.591,0,0,0.000,0,0,0,0,0,0,0,0
38,0,-4,1,0.801,0,0,0.000,0,0,0,0,0,0,0,0
38,-2,5,3,0.151,0,0,0.000,0,0,0,0,0,0,0,0
38,-4,6,3,0.471,0,0,0.000,0,0,0,0,0,0,0,0
38,-1,5,2,0.621,0,0,0.000,0,0,0,0,0,0,0,0
38,0,-3,2,0.161,0,0,0.000,0,0,0,0,0,0,0,0
38,-6,8,0,0.991,0,0,0.000,0,0,0,0,0,0,11,11
38,-1,-2,3,1.361,0,0,0.000,0,0,0,0,0,0,0,0
38,-2,3,3,0.181,0,0,0.000,0,0,0,0,0,0,0,0
38,-4,5,3,0.474,0,0,0.000,0,0,0,0,0,0,0,0
38,1,-3,3,0.861,0,0,0.000,0,0,0,0,0,0,0,0
38,0,-2,3,0.981,0,0,0.000,0,0,0,0,0,0,0,0
38,0,3,3,0.201,0,0,0.000,0,0,0,0,0,0,0,0
38,-6,6,2,2.131,0,0,0.000,0,0,0,0,0,0,0,0
38,-2,6,2,0.901,0,0,0.000,0,0,0,0,0,0,0,0
38,-3,3,3,0.621,0,0,0.000,0,0,0,0,0,0,0,0
38,2,-2,2,0.271,0,0,0.000,0,0,0,0,0,0,0,0
38,-4,-2,2,0.721,0,0,0.000,0,0,0,0,0,0,0,0
38,2,2,1,0.151,0,0,0.000,0,0,0,0,0,0,0,0
38,-5,1,0,0.361,0,0,0.000,0,0,0,0,0,0,0,0
38,2,-3,2,0.251,0,0,0.000,0,0,0,0,0,0,0,0
38,-4,0,2,1.291,0,0,0.000,0,0,0,0,0,0,0,0
38,-3,4,3,0.531,0,0,0.000,0,0,0,0,0,0,0,0
38,-4,8,1,1.651,0,0,0.000,0,0,0,0,0,0,1,1
38,1,2,2,0.581,0,0,0.000,0,0,0,0,0,0,0,0
38,-6,2,0,0.871,0,0,0.000,0,0,0,0,0,0,0,0
38,-5,-2,0,0.812,0,0,0.000,0,0,0,0,0,0,0,0
38,3,1,1,1.011,0,0,0.000,0,0,0,0,0,0,0,0
38,-6,7,2,1.713,0,0,0.000,0,1,0,1,0,0,0,0
38,2,-4,2,0.421,0,0,0.000,0,0,0,0,0,0,0,0
38,-1,3,3,0.391,0,0,0.000,0,0,0,0,0,0,0,0
38,-1,2,3,0.471,0,0,0.000,0,0,0,0,0,0,0,0
38,-5,8,1,1.351,0,0,0.000,0,0,0,0,0,0,19,19
38,1,4,2,1.181,0,0,0.000,0,0,0,0,0,0,0,0
38,1,0,3,0.461,0,0,0.000,0,0,0,0,0,0,0,0
38,-2,1,3,0.631,0,0,0.000,0,0,0,0,0,0,0,0
38,-5,0,1,0.373,0,0,0.000,0,0,0,0,0,0,0,0
38,2,0,3,1.901,0,0,0.000,0,0,0,0,0,0,0,0
38,2,4,1,0.501,0,0,0.000,0,0,0,0,0,0,0,0
38,-6,3,0,0.501,0,0,0.000,0,0,0,0,0,0,0,0
38,3,0,0,0.561,0,0,0.000,0,0,0,0,0,0,0,0
38,-5,4,2,0.451,0,0,0.000,0,0,0,0,0,0,0,0
38,1,-2,3,0.681,0,0,0.000,0,0,0,0,0,0,0,0
38,-4,-3,0,0.671,0,0,0.000,0,0,0,0,0,0,0,0
38,3,-5,0,0.431,0,0,0.000,0,0,0,0,0,0,0,0
38,0,6,0,2.521,0,0,0.000,0,0,0,0,0,0,0,0
38,2,5,0,1.461,0,0,0.000,0,0,0,0,0,0,0,0
38,-3,7,0,0.861,0,0,0.000,0,0,0,0,0,0,0,0
38,-5,5,3,0.992,0,0,0.000,0,0,0,0,0,0,0,0
38,2,-5,1,0.501,0,0,0.000,0,0,0,0,0,0,0,0
38,4,-3,0,0.431,0,0,0.000,0,0,0,0,0,0,0,0
38,-3,-3,0,0.112,0,0,0.000,0,0,0,0,0,0,0,0
38,-3,-1,3,0.561,0,0,0.000,0,0,0,0,0,0,0,0
38,0,5,3,0.471,0,0,0.000,0,0,0,0,0,0,0,0
38,0,0,3,0.451,0,0,0.000,0,0,0,0,0,0,0,0
38,3,-1,0,0.431,0,0,0.000,0,0,0,0,0,0,0,0
38,-1,-4,0,0.152,0,0,0.000,0,0,0,0,0,0,0,0
38,3,-2,1,1.041,0,0,0.000,0,0,0,0,0,0,0,0
38,1,5,0,0.452,0,0,0.000,0,0,0,0,0,0,0,0
38,-3,-2,2,0.561,0,0,0.000,0,0,0,0,0,0,0,0
38,-1,0,3,0.211,0,0,0.000,0,0,0,0,0,0,0,0
38,-5,-1,1,1.881,0,0,0.000,0,0,0,0,0,0,0,0
38,0,-1,3,0.811,0,0,0.000,0,0,0,0,0,0,0,0
38,-2,7,0,1.272,0,0,0.000,0,0,0,0,0,0,0,0
38,-6,4,1,0.822,0,0,0.000,0,0,0,0,0,0,0,0
38,-4,4,3,1.891,0,0,0.000,0,0,0,0,0,0,0,0
38,1,1,3,0.191,0,0,0.000,0,0,0,0,0,0,0,0
38,3,-4,0,0.253,0,0,0.000,0,0,0,0,0,0,0,0
38,-4,-1,3,1.341,0,0,0.000,0,0,0,0,0,0,0,0
38,-1,4,3,0.471,0,0,0.000,0,0,0,0,0,0,0,0
38,1,3,3,0.291,0,0,0.000,0,0,0,0,0,0,0,0
38,2,3,0,0.301,0,0,0.000,0,0,0,0,0,0,0,0
38,-2,-2,3,1.091,0,0,0.000,0,0,0,0,0,0,0,0
38,3,-3,0,1.181,0,0,0.000,0,0,0,0,0,0,0,0
38,-4,7,2,0.351,0,0,0.000,0,0,0,0,0,0,1,1
38,-1,-3,2,1.391,0,0,0.000,0,0,0,0,0,0,0,0
38,-5,7,2,1.591,0,0,0.000,0,0,0,0,0,0,0,0
38,-1,6,1,0.391,0,0,0.000,0,0,0,0,0,0,0,0
38,-3,5,3,15.661,0,0,0.000,0,0,0,0,0,0,0,0
38,-7,8,0,1.002,1,0,1.102,1,0,0,0,0,1,206,206
38,-3,6,3,0.751,0,0,0.000,0,0,0,0,0,0,0,0
38,-5,6,3,2.391,0,0,0.000,0,0,0,0,0,0,0,0
38,-4,2,3,0.541,0,0,0.000,0,0,0,0,0,0,0,0
38,-3,1,3,0.521,0,0,0.000,0,0,0,0,0,0,0,0
38,-6,5,0,0.273,0,0,0.000,0,0,0,0,0,0,0,0
38,1,-1,3,0.371,0,0,0.000,0,0,0,0,0,0,0,0
38,-4,1,3,0.391,0,0,0.000,0,0,0,0,0,0,0,0
38,-5,2,2,0.531,0,0,0.000,0,0,0,0,0,0,0,0
38,-2,-3,0,0.172,0,0,0.000,0,0,0,0,0,0,0,0
38,1,-5,0,0.351,0,0,0.000,0,0,0,0,0,0,0,0
38,-7,7,0,0.891,0,0,0.000,0,0,0,0,0,0,6,6
38,2,1,2,0.531,0,0,0.000,0,0,0,0,0,0,0,0
39,1,-4,2,1.031,0,0,0.000,0,0,0,0,0,0,0,0
39,-3,0,3,0.631,0,0,0.000,0,0,0,0,0,0,0,0
39,-2,2,3,1.131,0,0,0.000,0,0,0,0,0,0,0,0
39,-1,-1,3,0.221,0,0,0.000,0,0,0,0,0,0,0,0
39,0,1,3,0.221,0,0,0.000,0,0,0,0,0,0,0,0
39,-5,3,2,0.221,0,0,0.000,0,0,0,0,0,0,0,0
39,-1,1,3,0.381,0,0,0.000,0,0,0,0,0,0,0,0
39,-2,-1,3,0.511,0,0,0.000,0,0,0,0,0,0,0,0
39,0,4,3,0.951,0,0,0.000,0,0,0,0,0,0,0,0
39,3,-6,0,1.181,0,0,0.000,0,0,0,0,0,0,0,0
39,-2,4,3,0.421,0,0,0.000,0,0,0,0,0,0,0,0
39,-2,0,3,1.311,0,0,0.000,0,0,0,0,0,0,0,0
39,0,2,3,0.381,0,0,0.000,0,0,0,0,0,0,0,0
39,-4,3,3,0.182,0,0,0.000,0,0,0,0,0,0,0,0
39,-5,9,0,1.001,1,0,1.101,1,0,0,0,0,1,67,67
39,-7,6,1,0.723,0,0,0.000,0,0,0,0,0,0,0,0
39,-3,2,3,0.331,0,0,0.000,0,0,0,0,0,0,0,0
39,2,-1,2,0.381,0,0,0.000,0,0,0,0,0,0,0,0
39,0,-4,1,0.831,0,0,0.000,0,0,0,0,0,0,0,0
39,-2,5,3,0.151,0,0,0.000,0,0,0,0,0,0,0,0
39,-4,6,3,1.671,0,0,0.000,0,0,0,0,0,0,0,0
39,-1,5,2,1.041,0,0,0.000,0,0,0,0,0,0,0,0
39,0,-3,2,0.721,0,0,0.000,0,0,0,0,0,0,0,0
39,-6,8,0,1.591,0,0,0.000,0,0,0,0,0,0,12,12
39,-1,-2,3,3.661,0,0,0.000,0,0,0,0,0,0,0,0
39,-2,3,3,0.181,0,0,0.000,0,0,0,0,0,0,0,0
39,-4,5,3,0.651,0,0,0.000,0,0,0,0,0,0,0,0
39,1,-3,3,0.411,0,0,0.000,0,0,0,0,0,0,0,0
39,0,-2,3,0.621,0,0,0.000,0,0,0,0,0,0,0,0
39,0,3,3,0.621,0,0,0.000,0,0,0,0,0,0,0,0
39,-6,6,2,0.501,0,0,0.000,0,0,0,0,0,0,0,0
39,-2,6,2,0.511,0,0,0.000,0,0,0,0,0,0,0,0
39,-3,3,3,0.201,0,0,0.000,0,0,0,0,0,0,0,0
39,2,-2,2,0.311,0,0,0.000,0,0,0,0,0,0,0,0
39,-4,-2,2,0.764,0,0,0.000,0,0,0,0,0,0,0,0
39,2,2,1,0.151,0,0,0.000,0,0,0,0,0,0,0,0
39,-5,1,0,0.193,0,0,0.000,0,0,0,0,0,0,0,0
39,2,-3,2,0.131,0,0,0.000,0,0,0,0,0,0,0,0
39,-4,0,2,0.601,0,0,0.000,0,0,0,0,0,0,0,0
39,-3,4,3,0.971,0,0,0.000,0,0,0,0,0,0,0,0
39,-4,8,1,1.171,0,0,0.000,0,0,0,0,0,0,0,0
39,1,2,2,0.511,0,0,0.000,0,0,0,0,0,0,0,0
39,-6,2,0,0.651,0,0,0.000,0,0,0,0,0,0,0,0
39,-5,-2,0,1.751,0,0,0.000,0,0,0,0,0,0,0,0
39,3,1,1,1.462,0,0,0.000,0,0,0,0,0,0,0,0
39,-6,7,2,1.591,0,0,0.000,0,1,0,4,0,0,0,0
39,2,-4,2,1.641,0,0,0.000,0,0,0,0,0,0,0,0
39,-1,3,3,1.121,0,0,0.000,0,0,0,0,0,0,0,0
39,-1,2,3,1.111,0,0,0.000,0,0,0,0,0,0,0,0
39,-5,8,1,1.861,0,0,0.000,0,1,0,1,0,0,15,15
39,1,4,2,0.161,0,0,0.000,0,0,0,0,0,0,0,0
39,1,0,3,0.161,0,0,0.000,0,0,0,0,0,0,0,0
39,-2,1,3,1.201,0,0,0.000,0,0,0,0,0,0,0,0
39,-5,0,1,0.521,0,0,0.000,0,0,0,0,0,0,0,0
39,2,0,3,1.541,0,0,0.000,0,0,0,0,0,0,0,0
39,2,4,1,0.501,0,0,0.000,0,0,0,0,0,0,0,0
39,-6,3,0,0.851,0,0,0.000,0,0,0,0,0,0,0,0
39,3,0,0,0.181,0,0,0.000,0,0,0,0,0,0,0,0
39,-5,4,2,0.471,0,0,0.000,0,0,0,0,0,0,0,0
39,1,-2,3,4.131,0,0,0.000,0,0,0,0,0,0,0,0
39,-4,-3,0,0.471,0,0,0.000,0,0,0,0,0,0,0,0
39,3,-5,0,0.341,0,0,0.000,0,0,0,0,0,0,0,0
39,0,6,0,0.451,0,0,0.000,0,0,0,0,0,0,0,0
39,2,5,0,1.181,0,0,0.000,0,0,0,0,0,0,0,0
39,-3,7,0,0.652,0,0,0.000,0,0,0,0,0,0,0,0
39,-5,5,3,0.571,0,0,0.000,0,0,0,0,0,0,0,0
39,2,-5,1,0.501,0,0,0.000,0,0,0,0,0,0,0,0
39,4,-3,0,0.431,0,0,0.000,0,0,0,0,0,0,0,0
39,-3,-3,0,0.211,0,0,0.000,0,0,0,0,0,0,0,0
39,-3,-1,3,0.551,0,0,0.000,0,0,0,0,0,0,0,0
39,0,5,3,0.631,0,0,0.000,0,0,0,0,0,0,0,0
39,0,0,3,0.251,0,0,0.000,0,0,0,0,0,0,0,0
39,3,-1,0,0.281,0,0,0.000,0,0,0,0,0,0,0,0
39,-1,-4,0,0.312,0,0,0.000,0,0,0,0,0,0,0,0
39,3,-2,1,0.201,0,0,0.000,0,0,0,0,0,0,0,0
39,1,5,0,1.421,0,0,0.000,0,0,0,0,0,0,0,0
39,-3,-2,2,0.181,0,0,0.000,0,0,0,0,0,0,0,0
39,-1,0,3,0.381,0,0,0.000,0,0,0,0,0,0,0,0
39,-5,-1,1,1.561,0,0,0.000,0,0,0,0,0,0,0,0
39,0,-1,3,0.191,0,0,0.000,0,0,0,0,0,0,0,0
39,-2,7,0,1.271,0,0,0.000,0,0,0,0,0,0,0,0
39,-6,4,1,0.694,0,0,0.000,0,0,0,0,0,0,0,0
39,-4,4,3,0.371,0,0,0.000,0,0,0,0,0,0,0,0
39,1,1,3,0.191,0,0,0.000,0,0,0,0,0,0,0,0
39,3,-4,0,0.471,0,0,0.000,0,0,0,0,0,0,0,0
39,-4,-1,3,1.591,0,0,0.000,0,0,0,0,0,0,0,0
39,-1,4,3,0.181,0,0,0.000,0,0,0,0,0,0,0,0
39,1,3,3,0.291,0,0,0.000,0,0,0,0,0,0,0,0
39,2,3,0,0.211,0,0,0.000,0,0,0,0,0,0,0,0
39,-2,-2,3,0.561,0,0,0.000,0,0,0,0,0,0,0,0
39,3,-3,0,0.712,0,0,0.000,0,0,0,0,0,0,0,0
39,-4,7,2,0.411,0,0,0.000,0,0,0,0,0,0,0,0
39,-1,-3,2,0.391,0,0,0.000,0,0,0,0,0,0,0,0
39,-5,7,2,1.051,0,0,0.000,0,0,0,0,0,0,0,0
39,-1,6,1,0.392,0,0,0.000,0,0,0,0,0,0,0,0
39,-3,5,3,0.401,0,0,0.000,0,0,0,0,0,0,0,0
39,-7,8,0,0.971,4,0,1.091,1,0,0,0,0,4,206,206
39,-3,6,3,0.371,0,0,0.000,0,0,0,0,0,0,0,0
39,-5,6,3,0.621,0,0,0.000,0,0,0,0,0,0,0,0
39,-4,2,3,0.101,0,0,0.000,0,0,0,0,0,0,0,0
39,-3,1,3,0.461,0,0,0.000,0,0,0,0,0,0,0,0
39,-6,5,0,0.371,0,0,0.000,0,0,0,0,0,0,0,0
39,1,-1,3,0.201,0,0,0.000,0,0,0,0,0,0,0,0
39,-4,1,3,0.391,0,0,0.000,0,0,0,0,0,0,0,0
39,-5,2,2,0.711,0,0,0.000,0,0,0,0,0,0,0,0
39,-2,-3,0,1.441,0,0,0.000,0,0,0,0,0,0,0,0
39,1,-5,0,0.231,0,0,0.000,0,0,0,0,0,0,0,0
39,-7,7,0,1.071,0,0,0.000,0,0,0,0,0,0,8,8
39,2,1,2,0.171,0,0,0.000,0,0,0,0,0,0,0,0
40,1,-4,2,1.291,0,0,0.000,0,0,0,0,0,0,0,0
40,-3,0,3,0.351,0,0,0.000,0,0,0,0,0,0,0,0
40,-2,2,3,0.381,0,0,0.000,0,0,0,0,0,0,0,0
40,-1,-1,3,0.121,0,0,0.000,0,0,0,0,0,0,0,0
40,0,1,3,0.111,0,0,0.000,0,0,0,0,0,0,0,0
40,-5,3,2,0.221,0,0,0.000,0,0,0,0,0,0,0,0
40,-1,1,3,0.381,0,0,0.000,0,0,0,0,0,0,0,0
40,-2,-1,3,0.271,0,0,0.000,0,0,0,0,0,0,0,0
40,0,4,3,0.951,0,0,0.000,0,0,0,0,0,0,0,0
40,3,-6,0,2.381,0,0,0.000,0,0,0,0,0,0,0,0
40,-2,4,3,0.651,0,0,0.000,0,0,0,0,0,0,0,0
40,-2,0,3,0.431,0,0,0.000,0,0,0,0,0,0,0,0
40,0,2,3,0.191,0,0,0.000,0,0,0,0,0,0,0,0
40,-4,3,3,0.721,0,0,0.000,0,0,0,0,0,0,0,0
40,-5,9,0,0.851,0,0,0.000,0,0,0,0,0,0,60,60
40,-7,6,1,1.201,0,0,0.000,0,0,0,0,0,0,2,2
40,-3,2,3,0.761,0,0,0.000,0,0,0,0,0,0,0,0
40,2,-1,2,2.691,0,0,0.000,0,0,0,0,0,0,0,0
40,0,-4,1,0.201,0,0,0.000,0,0,0,0,0,0,0,0
40,-2,5,3,0.421,0,0,0.000,0,0,0,0,0,0,0,0
40,-4,6,3,2.241,0,0,0.000,0,0,0,0,0,0,0,0
40,-1,5,2,1.671,0,0,0.000,0,0,0,0,0,0,0,0
40,0,-3,2,0.161,0,0,0.000,0,0,0,0,0,0,0,0
40,-6,8,0,2.191,0,0,0.000,0,0,0,0,0,0,14,14
40,-1,-2,3,0.441,0,0,0.000,0,0,0,0,0,0,0,0
40,-2,3,3,0.371,0,0,0.000,0,0,0,0,0,0,0,0
40,-4,5,3,0.431,0,0,0.000,0,0,0,0,0,0,0,0
40,1,-3,3,0.461,0,0,0.000,0,0,0,0,0,0,0,0
40,0,-2,3,0.281,0,0,0.000,0,0,0,0,0,0,0,0
40,0,3,3,0.831,0,0,0.000,0,0,0,0,0,0,0,0
40,-6,6,2,0.501,0,0,0.000,0,0,0,0,0,0,0,0
40,-2,6,2,1.281,0,0,0.000,0,0,0,0,0,0,0,0
40,-3,3,3,0.621,0,0,0.000,0,0,0,0,0,0,0,0
40,2,-2,2,0.391,0,0,0.000,0,0,0,0,0,0,0,0
40,-4,-2,2,0.291,0,0,0.000,0,0,0,0,0,0,0,0
40,2,2,1,0.251,0,0,0.000,0,0,0,0,0,0,0,0
40,-5,1,0,0.193,0,0,0.000,0,0,0,0,0,0,0,0
40,2,-3,2,0.381,0,0,0.000,0,0,0,0,0,0,0,0
40,-4,0,2,0.221,0,0,0.000,0,0,0,0,0,0,0,0
40,-3,4,3,0.361,0,0,0.000,0,0,0,0,0,0,0,0
40,-4,8,1,2.371,0,0,0.000,0,0,0,0,0,0,0,0
40,1,2,2,1.771,0,0,0.000,0,0,0,0,0,0,0,0
40,-6,2,0,0.492,0,0,0.000,0,0,0,0,0,0,0,0
40,-5,-2,0,0.471,0,0,0.000,0,0,0,0,0,0,0,0
40,3,1,1,1.011,0,0,0.000,0,0,0,0,0,0,0,0
40,-6,7,2,0.831,0,0,0.000,0,1,0,1,0,0,0,0
40,2,-4,2,0.241,0,0,0.000,0,0,0,0,0,0,0,0
40,-1,3,3,0.631,0,0,0.000,0,0,0,0,0,0,0,0
40,-1,2,3,0.311,0,0,0.000,0,0,0,0,0,0,0,0
40,-5,8,1,1.322,0,0,0.000,0,0,0,0,0,0,17,17
40,1,4,2,1.181,0,0,0.000,0,0,0,0,0,0,0,0
40,1,0,3,0.291,0,0,0.000,0,0,0,0,0,0,0,0
40,-2,1,3,0.641,0,0,0.000,0,0,0,0,0,0,0,0
40,-5,0,1,0.371,0,0,0.000,0,0,0,0,0,0,0,0
40,2,0,3,0.921,0,0,0.000,0,0,0,0,0,0,0,0
40,2,4,1,0.331,0,0,0.000,0,0,0,0,0,0,0,0
40,-6,3,0,2.171,0,0,0.000,0,0,0,0,0,0,0,0
40,3,0,0,0.761,0,0,0.000,0,0,0,0,0,0,0,0
40,-5,4,2,0.681,0,0,0.000,0,0,0,0,0,0,0,0
40,1,-2,3,0.451,0,0,0.000,0,0,0,0,0,0,0,0
40,-4,-3,0,4.031,0,0,0.000,0,0,0,0,0,0,0,0
40,3,-5,0,0.611,0,0,0.000,0,0,0,0,0,0,0,0
40,0,6,0,0.641,0,0,0.000,0,0,0,0,0,0,0,0
40,2,5,0,0.551,0,0,0.000,0,0,0,0,0,0,0,0
40,-3,7,0,1.521,0,0,0.000,0,0,0,0,0,0,0,0
40,-5,5,3,0.392,0,0,0.000,0,0,0,0,0,0,0,0
40,2,-5,1,0.461,0,0,0.000,0,0,0,0,0,0,0,0
40,4,-3,0,0.431,0,0,0.000,0,0,0,0,0,0,0,0
40,-3,-3,0,0.211,0,0,0.000,0,0,0,0,0,0,0,0
40,-3,-1,3,0.111,0,0,0.000,0,0,0,0,0,0,0,0
40,0,5,3,1.111,0,0,0.000,0,0,0,0,0,0,0,0
40,0,0,3,1.161,0,0,0.000,0,0,0,0,0,0,0,0
40,3,-1,0,0.431,0,0,0.000,0,0,0,0,0,0,0,0
40,-1,-4,0,0.241,0,0,0.000,0,0,0,0,0,0,0,0
40,3,-2,1,0.201,0,0,0.000,0,0,0,0,0,0,0,0
40,1,5,0,1.061,0,0,0.000,0,0,0,0,0,0,0,0
40,-3,-2,2,0.181,0,0,0.000,0,0,0,0,0,0,0,0
40,-1,0,3,0.601,0,0,0.000,0,0,0,0,0,0,0,0
40,-5,-1,1,1.711,0,0,0.000,0,0,0,0,0,0,0,0
40,0,-1,3,0.321,0,0,0.000,0,0,0,0,0,0,0,0
40,-2,7,0,0.621,0,0,0.000,0,0,0,0,0,0,0,0
40,-6,4,1,0.631,0,0,0.000,0,0,0,0,0,0,0,0
40,-4,4,3,0.181,0,0,0.000,0,0,0,0,0,0,0,0
40,1,1,3,0.951,0,0,0.000,0,0,0,0,0,0,0,0
40,3,-4,0,0.471,0,0,0.000,0,0,0,0,0,0,0,0
40,-4,-1,3,1.841,0,0,0.000,0,0,0,0,0,0,0,0
40,-1,4,3,1.801,0,0,0.000,0,0,0,0,0,0,0,0
40,1,3,3,0.931,0,0,0.000,0,0,0,0,0,0,0,0
40,2,3,0,0.381,0,0,0.000,0,0,0,0,0,0,0,0
40,-2,-2,3,1.231,0,0,0.000,0,0,0,0,0,0,0,0
40,3,-3,0,0.431,0,0,0.000,0,0,0,0,0,0,0,0
40,-4,7,2,0.531,0,0,0.000,0,0,0,0,0,0,0,0
40,-1,-3,2,0.391,0,0,0.000,0,0,0,0,0,0,0,0
40,-5,7,2,1.861,0,0,0.000,0,0,0,0,0,0,0,0
40,-1,6,1,2.561,0,0,0.000,0,0,0,0,0,0,0,0
40,-3,5,3,0.133,0,0,0.000,0,0,0,0,0,0,0,0
40,-7,8,0,1.142,1,0,1.222,1,0,0,0,0,1,190,190
40,-3,6,3,0.751,0,0,0.000,0,0,0,0,0,0,0,0
40,-5,6,3,1.461,0,0,0.000,0,0,0,0,0,0,0,0
40,-4,2,3,0.431,0,0,0.000,0,0,0,0,0,0,0,0
40,-3,1,3,0.331,0,0,0.000,0,0,0,0,0,0,0,0
40,-6,5,0,0.371,0,0,0.000,0,0,0,0,0,0,0,0
40,1,-1,3,0.371,0,0,0.000,0,0,0,0,0,0,0,0
40,-4,1,3,0.811,0,0,0.000,0,0,0,0,0,0,0,0
40,-5,2,2,1.071,0,0,0.000,0,0,0,0,0,0,0,0
40,-2,-3,0,0.172,0,0,0.000,0,0,0,0,0,0,0,0
40,1,-5,0,0.591,0,0,0.000,0,0,0,0,0,0,0,0
40,-7,7,0,1.431,0,0,0.000,0,0,0,0,0,0,9,9
40,2,1,2,0.171,0,0,0.000,0,0,0,0,0,0,0,0
41,1,-4,2,0.331,0,0,0.000,0,0,0,0,0,0,0,0
41,-3,0,3,0.631,0,0,0.000,0,0,0,0,0,0,0,0
41,-2,2,3,0.381,0,0,0.000,0,0,0,0,0,0,0,0
41,-1,-1,3,0.351,0,0,0.000,0,0,0,0,0,0,0,0
41,0,1,3,0.221,0,0,0.000,0,0,0,0,0,0,0,0
41,-5,3,2,0.681,0,0,0.000,0,0,0,0,0,0,0,0
41,-1,1,3,0.381,0,0,0.000,0,0,0,0,0,0,0,0
41,-2,-1,3,0.641,0,0,0.000,0,0,0,0,0,0,0,0
41,0,4,3,0.261,0,0,0.000,0,0,0,0,0,0,0,0
41,3,-6,0,1.661,0,0,0.000,0,0,0,0,0,0,0,0
41,-2,4,3,0.421,0,0,0.000,0,0,0,0,0,0,0,0
41,-2,0,3,0.431,0,0,0.000,0,0,0,0,0,0,0,0
41,0,2,3,1.851,0,0,0.000,0,0,0,0,0,0,0,0
41,-4,3,3,0.341,0,0,0.000,0,0,0,0,0,0,0,0
41,-5,9,0,1.151,0,0,0.000,0,0,0,0,0,0,46,46
41,-7,6,1,1.311,0,0,0.000,0,0,0,0,0,0,0,0
41,-3,2,3,0.251,0,0,0.000,0,0,0,0,0,0,0,0
41,2,-1,2,2.091,0,0,0.000,0,0,0,0,0,0,0,0
41,0,-4,1,1.221,0,0,0.000,0,0,0,0,0,0,0,0
41,-2,5,3,0.261,0,0,0.000,0,0,0,0,0,0,0,0
41,-4,6,3,0.711,0,0,0.000,0,0,0,0,0,0,0,0
41,-1,5,2,0.201,0,0,0.000,0,0,0,0,0,0,0,0
41,0,-3,2,0.281,0,0,0.000,0,0,0,0,0,0,0,0
41,-6,8,0,1.591,0,0,0.000,0,0,0,0,0,0,17,17
41,-1,-2,3,2.281,0,0,0.000,0,0,0,0,0,0,0,0
41,-2,3,3,0.181,0,0,0.000,0,0,0,0,0,0,0,0
41,-4,5,3,0.431,0,0,0.000,0,0,0,0,0,0,0,0
41,1,-3,3,0.411,0,0,0.000,0,0,0,0,0,0,0,0
41,0,-2,3,0.621,0,0,0.000,0,0,0,0,0,0,0,0
41,0,3,3,0.201,0,0,0.000,0,0,0,0,0,0,0,0
41,-6,6,2,0.671,0,0,0.000,0,0,0,0,0,0,0,0
41,-2,6,2,3.201,0,0,0.000,0,0,0,0,0,0,0,0
41,-3,3,3,0.261,0,0,0.000,0,0,0,0,0,0,0,0
41,2,-2,2,0.221,0,0,0.000,0,0,0,0,0,0,0,0
41,-4,-2,2,0.421,0,0,0.000,0,0,0,0,0,0,0,0
41,2,2,1,0.311,0,0,0.000,0,0,0,0,0,0,0,0
41,-5,1,0,3.161,0,0,0.000,0,0,0,0,0,0,0,0
41,2,-3,2,0.381,0,0,0.000,0,0,0,0,0,0,0,0
41,-4,0,2,0.681,0,0,0.000,0,0,0,0,0,0,0,0
41,-3,4,3,0.401,0,0,0.000,0,0,0,0,0,0,0,0
41,-4,8,1,1.651,0,0,0.000,0,0,0,0,0,0,0,0
41,1,2,2,0.491,0,0,0.000,0,0,0,0,0,0,0,0
41,-6,2,0,1.751,0,0,0.000,0,0,0,0,0,0,0,0
41,-5,-2,0,0.562,0,0,0.000,0,0,0,0,0,0,0,0
41,3,1,1,1.011,0,0,0.000,0,0,0,0,0,0,0,0
41,-6,7,2,1.331,0,0,0.000,0,1,0,1,0,0,0,0
41,2,-4,2,0.432,0,0,0.000,0,0,0,0,0,0,0,0
41,-1,3,3,0.551,0,0,0.000,0,0,0,0,0,0,0,0
41,-1,2,3,3.991,0,0,0.000,0,0,0,0,0,0,0,0
41,-5,8,1,0.812,0,0,0.000,0,0,0,0,0,0,18,18
41,1,4,2,0.331,0,0,0.000,0,0,0,0,0,0,0,0
41,1,0,3,0.291,0,0,0.000,0,0,0,0,0,0,0,0
41,-2,1,3,2.221,0,0,0.000,0,0,0,0,0,0,0,0
41,-5,0,1,1.881,0,0,0.000,0,0,0,0,0,0,0,0
41,2,0,3,0.921,0,0,0.000,0,0,0,0,0,0,0,0
41,2,4,1,2.143,0,0,0.000,0,0,0,0,0,0,0,0
41,-6,3,0,2.171,0,0,0.000,0,0,0,0,0,0,0,0
41,3,0,0,0.202,0,0,0.000,0,0,0,0,0,0,0,0
41,-5,4,2,0.511,0,0,0.000,0,0,0,0,0,0,0,0
41,1,-2,3,0.451,0,0,0.000,0,0,0,0,0,0,0,0
41,-4,-3,0,0.471,0,0,0.000,0,0,0,0,0,0,0,0
41,3,-5,0,0.341,0,0,0.000,0,0,0,0,0,0,0,0
41,0,6,0,0.451,0,0,0.000,0,0,0,0,0,0,0,0
41,2,5,0,0.551,0,0,0.000,0,0,0,0,0,0,0,0
41,-3,7,0,1.741,0,0,0.000,0,0,0,0,0,0,0,0
41,-5,5,3,0.592,0,0,0.000,0,0,0,0,0,0,0,0
41,2,-5,1,0.631,0,0,0.000,0,0,0,0,0,0,0,0
41,4,-3,0,0.443,0,0,0.000,0,0,0,0,0,0,0,0
41,-3,-3,0,0.112,0,0,0.000,0,0,0,0,0,0,0,0
41,-3,-1,3,0.111,0,0,0.000,0,0,0,0,0,0,0,0
41,0,5,3,0.311,0,0,0.000,0,0,0,0,0,0,0,0
41,0,0,3,0.451,0,0,0.000,0,0,0,0,0,0,0,0
41,3,-1,0,0.431,0,0,0.000,0,0,0,0,0,0,0,0
41,-1,-4,0,0.401,0,0,0.000,0,0,0,0,0,0,0,0
41,3,-2,1,0.831,0,0,0.000,0,0,0,0,0,0,0,0
41,1,5,0,1.421,0,0,0.000,0,0,0,0,0,0,0,0
41,-3,-2,2,0.181,0,0,0.000,0,0,0,0,0,0,0,0
41,-1,0,3,0.211,0,0,0.000,0,0,0,0,0,0,0,0
41,-5,-1,1,0.651,0,0,0.000,0,0,0,0,0,0,0,0
41,0,-1,3,0.191,0,0,0.000,0,0,0,0,0,0,0,0
41,-2,7,0,0.771,0,0,0.000,0,0,0,0,0,0,0,0
41,-6,4,1,0.822,0,0,0.000,0,0,0,0,0,0,0,0
41,-4,4,3,0.941,0,0,0.000,0,0,0,0,0,0,0,0
41,1,1,3,0.891,0,0,0.000,0,0,0,0,0,0,0,0
41,3,-4,0,0.991,0,0,0.000,0,0,0,0,0,0,0,0
41,-4,-1,3,2.481,0,0,0.000,0,0,0,0,0,0,0,0
41,-1,4,3,0.501,0,0,0.000,0,0,0,0,0,0,0,0
41,1,3,3,0.151,0,0,0.000,0,0,0,0,0,0,0,0
41,2,3,0,0.431,0,0,0.000,0,0,0,0,0,0,0,0
41,-2,-2,3,5.461,0,0,0.000,0,0,0,0,0,0,0,0
41,3,-3,0,0.701,0,0,0.000,0,0,0,0,0,0,0,0
41,-4,7,2,1.131,0,0,0.000,0,0,0,0,0,0,0,0
41,-1,-3,2,0.191,0,0,0.000,0,0,0,0,0,0,0,0
41,-5,7,2,1.051,0,0,0.000,0,0,0,0,0,0,0,0
41,-1,6,1,0.391,0,0,0.000,0,0,0,0,0,0,0,0
41,-3,5,3,0.261,0,0,0.000,0,0,0,0,0,0,0,0
41,-7,8,0,1.562,1,0,1.652,1,0,0,0,0,1,223,223
41,-3,6,3,0.371,0,0,0.000,0,0,0,0,0,0,0,0
41,-5,6,3,0.831,0,0,0.000,0,0,0,0,0,0,0,0
41,-4,2,3,0.101,0,0,0.000,0,0,0,0,0,0,0,0
41,-3,1,3,0.181,0,0,0.000,0,0,0,0,0,0,0,0
41,-6,5,0,0.931,0,0,0.000,0,0,0,0,0,0,0,0
41,1,-1,3,0.181,0,0,0.000,0,0,0,0,0,0,0,0
41,-4,1,3,0.191,0,0,0.000,0,0,0,0,0,0,0,0
41,-5,2,2,0.231,0,0,0.000,0,0,0,0,0,0,0,0
41,-2,-3,0,0.491,0,0,0.000,0,0,0,0,0,0,0,0
41,1,-5,0,0.111,0,0,0.000,0,0,0,0,0,0,0,0
41,-7,7,0,1.071,0,0,0.000,0,0,0,0,0,0,6,6
41,2,1,2,0.171,0,0,0.000,0,0,0,0,0,0,0,0
42,1,-4,2,0.771,0,0,0.000,0,0,0,0,0,0,0,0
42,-3,0,3,0.791,0,0,0.000,0,0,0,0,0,0,0,0
42,-2,2,3,1.001,0,0,0.000,0,0,0,0,0,0,0,0
42,-1,-1,3,0.531,0,0,0.000,0,0,0,0,0,0,0,0
42,0,1,3,0.221,0,0,0.000,0,0,0,0,0,0,0,0
42,-5,3,2,0.681,0,0,0.000,0,0,0,0,0,0,0,0
42,-1,1,3,0.201,0,0,0.000,0,0,0,0,0,0,0,0
42,-2,-1,3,0.181,0,0,0.000,0,0,0,0,0,0,0,0
42,0,4,3,1.201,0,0,0.000,0,0,0,0,0,0,0,0
42,3,-6,0,1.721,0,0,0.000,0,0,0,0,0,0,0,0
42,-2,4,3,0.452,0,0,0.000,0,0,0,0,0,0,0,0
42,-2,0,3,1.311,0,0,0.000,0,0,0,0,0,0,0,0
42,0,2,3,0.791,0,0,0.000,0,0,0,0,0,0,0,0
42,-4,3,3,0.341,0,0,0.000,0,0,0,0,0,0,0,0
42,-5,9,0,1.001,0,0,0.000,0,0,0,0,0,0,65,65
42,-7,6,1,0.871,0,0,0.000,0,0,0,0,0,0,0,0
42,-3,2,3,0.331,0,0,0.000,0,0,0,0,0,0,0,0
42,2,-1,2,2.091,0,0,0.000,0,0,0,0,0,0,0,0
42,0,-4,1,1.011,0,0,0.000,0,0,0,0,0,0,0,0
42,-2,5,3,1.121,0,0,0.000,0,0,0,0,0,0,0,0
42,-4,6,3,0.711,0,0,0.000,0,0,0,0,0,0,0,0
42,-1,5,2,1.041,0,0,0.000,0,0,0,0,0,0,0,0
42,0,-3,2,0.331,0,0,0.000,0,0,0,0,0,0,0,0
42,-6,8,0,4.203,0,0,0.000,0,0,0,0,0,0,8,8
42,-1,-2,3,0.441,0,0,0.000,0,0,0,0,0,0,0,0
42,-2,3,3,0.941,0,0,0.000,0,0,0,0,0,0,0,0
42,-4,5,3,0.651,0,0,0.000,0,0,0,0,0,0,0,0
42,1,-3,3,2.721,0,0,0.000,0,0,0,0,0,0,0,0
42,0,-2,3,0.171,0,0,0.000,0,0,0,0,0,0,0,0
42,0,3,3,0.411,0,0,0.000,0,0,0,0,0,0,0,0
42,-6,6,2,0.962,0,0,0.000,0,0,0,0,0,0,0,0
42,-2,6,2,0.501,0,0,0.000,0,0,0,0,0,0,0,0
42,-3,3,3,0.261,0,0,0.000,0,0,0,0,0,0,0,0
42,2,-2,2,0.191,0,0,0.000,0,0,0,0,0,0,0,0
42,-4,-2,2,1.021,0,0,0.000,0,0,0,0,0,0,0,0
42,2,2,1,1.211,0,0,0.000,0,0,0,0,0,0,0,0
42,-5,1,0,0.361,0,0,0.000,0,0,0,0,0,0,0,0
42,2,-3,2,0.381,0,0,0.000,0,0,0,0,0,0,0,0
42,-4,0,2,2.211,0,0,0.000,0,0,0,0,0,0,0,0
42,-3,4,3,0.531,0,0,0.000,0,0,0,0,0,0,0,0
42,-4,8,1,1.171,0,0,0.000,0,0,0,0,0,0,0,0
42,1,2,2,1.101,0,0,0.000,0,0,0,0,0,0,0,0
42,-6,2,0,0.651,0,0,0.000,0,0,0,0,0,0,0,0
42,-5,-2,0,1.111,0,0,0.000,0,0,0,0,0,0,0,0
42,3,1,1,0.931,0,0,0.000,0,0,0,0,0,0,0,0
42,-6,7,2,1.401,0,0,0.000,0,1,0,3,0,0,0,0
42,2,-4,2,0.821,0,0,0.000,0,0,0,0,0,0,0,0
42,-1,3,3,0.471,0,0,0.000,0,0,0,0,0,0,0,0
42,-1,2,3,0.471,0,0,0.000,0,0,0,0,0,0,0,0
42,-5,8,1,1.321,0,0,0.000,0,0,0,0,0,0,14,14
42,1,4,2,0.161,0,0,0.000,0,0,0,0,0,0,0,0
42,1,0,3,0.161,0,0,0.000,0,0,0,0,0,0,0,0
42,-2,1,3,0.861,0,0,0.000,0,0,0,0,0,0,0,0
42,-5,0,1,0.271,0,0,0.000,0,0,0,0,0,0,0,0
42,2,0,3,0.611,0,0,0.000,0,0,0,0,0,0,0,0
42,2,4,1,0.611,0,0,0.000,0,0,0,0,0,0,0,0
42,-6,3,0,0.432,0,0,0.000,0,0,0,0,0,0,0,0
42,3,0,0,0.561,0,0,0.000,0,0,0,0,0,0,0,0
42,-5,4,2,0.451,0,0,0.000,0,0,0,0,0,0,0,0
42,1,-2,3,0.451,0,0,0.000,0,0,0,0,0,0,0,0
42,-4,-3,0,0.911,0,0,0.000,0,0,0,0,0,0,0,0
42,3,-5,0,0.881,0,0,0.000,0,0,0,0,0,0,0,0
42,0,6,0,0.871,0,0,0.000,0,0,0,0,0,0,0,0
42,2,5,0,0.551,0,0,0.000,0,0,0,0,0,0,0,0
42,-3,7,0,2.181,0,0,0.000,0,0,0,0,0,0,0,0
42,-5,5,3,0.771,0,0,0.000,0,0,0,0,0,0,0,0
42,2,-5,1,0.331,0,0,0.000,0,0,0,0,0,0,0,0
42,4,-3,0,0.431,0,0,0.000,0,0,0,0,0,0,0,0
42,-3,-3,0,0.112,0,0,0.000,0,0,0,0,0,0,0,0
42,-3,-1,3,0.231,0,0,0.000,0,0,0,0,0,0,0,0
42,0,5,3,0.311,0,0,0.000,0,0,0,0,0,0,0,0
42,0,0,3,0.251,0,0,0.000,0,0,0,0,0,0,0,0
42,3,-1,0,1.031,0,0,0.000,0,0,0,0,0,0,0,0
42,-1,-4,0,0.881,0,0,0.000,0,0,0,0,0,0,0,0
42,3,-2,1,0.201,0,0,0.000,0,0,0,0,0,0,0,0
42,1,5,0,0.441,0,0,0.000,0,0,0,0,0,0,0,0
42,-3,-2,2,2.081,0,0,0.000,0,0,0,0,0,0,0,0
42,-1,0,3,0.211,0,0,0.000,0,0,0,0,0,0,0,0
42,-5,-1,1,0.751,0,0,0.000,0,0,0,0,0,0,0,0
42,0,-1,3,0.321,0,0,0.000,0,0,0,0,0,0,0,0
42,-2,7,0,0.901,0,0,0.000,0,0,0,0,0,0,0,0
42,-6,4,1,1.282,0,0,0.000,0,0,0,0,0,0,0,0
42,-4,4,3,0.561,0,0,0.000,0,0,0,0,0,0,0,0
42,1,1,3,1.151,0,0,0.000,0,0,0,0,0,0,0,0
42,3,-4,0,1.051,0,0,0.000,0,0,0,0,0,0,0,0
42,-4,-1,3,0.481,0,0,0.000,0,0,0,0,0,0,0,0
42,-1,4,3,0.181,0,0,0.000,0,0,0,0,0,0,0,0
42,1,3,3,0.291,0,0,0.000,0,0,0,0,0,0,0,0
42,2,3,0,0.651,0,0,0.000,0,0,0,0,0,0,0,0
42,-2,-2,3,0.281,0,0,0.000,0,0,0,0,0,0,0,0
42,3,-3,0,0.951,0,0,0.000,0,0,0,0,0,0,0,0
42,-4,7,2,0.411,0,0,0.000,0,0,0,0,0,0,0,0
42,-1,-3,2,0.791,0,0,0.000,0,0,0,0,0,0,0,0
42,-5,7,2,2.401,0,0,0.000,0,0,0,0,0,0,0,0
42,-1,6,1,0.982,0,0,0.000,0,0,0,0,0,0,0,0
42,-3,5,3,0.282,0,0,0.000,0,0,0,0,0,0,0,0
42,-7,8,0,1.141,3,0,1.261,1,0,0,0,0,3,205,205
42,-3,6,3,0.392,0,0,0.000,0,0,0,0,0,0,0,0
42,-5,6,3,0.621,0,0,0.000,0,0,0,0,0,0,0,0
42,-4,2,3,0.101,0,0,0.000,0,0,0,0,0,0,0,0
42,-3,1,3,1.281,0,0,0.000,0,0,0,0,0,0,0,0
42,-6,5,0,0.511,0,0,0.000,0,0,0,0,0,0,0,0
42,1,-1,3,0.561,0,0,0.000,0,0,0,0,0,0,0,0
42,-4,1,3,0.191,0,0,0.000,0,0,0,0,0,0,0,0
42,-5,2,2,0.231,0,0,0.000,0,0,0,0,0,0,0,0
42,-2,-3,0,0.331,0,0,0.000,0,0,0,0,0,0,0,0
42,1,-5,0,0.351,0,0,0.000,0,0,0,0,0,0,0,0
42,-7,7,0,1.251,0,0,0.000,0,0,0,0,0,0,14,14
42,2,1,2,0.711,0,0,0.000,0,0,0,0,0,0,0,0
43,1,-4,2,0.771,0,0,0.000,0,0,0,0,0,0,0,0
43,-3,0,3,0.351,0,0,0.000,0,0,0,0,0,0,0,0
43,-2,2,3,0.221,0,0,0.000,0,0,0,0,0,0,0,0
43,-1,-1,3,0.351,0,0,0.000,0,0,0,0,0,0,0,0
43,0,1,3,0.111,0,0,0.000,0,0,0,0,0,0,0,0
43,-5,3,2,1.601,0,0,0.000,0,0,0,0,0,0,0,0
43,-1,1,3,0.381,0,0,0.000,0,0,0,0,0,0,0,0
43,-2,-1,3,0.181,0,0,0.000,0,0,0,0,0,0,0,0
43,0,4,3,0.471,0,0,0.000,0,0,0,0,0,0,0,0
43,3,-6,0,0.941,0,0,0.000,0,0,0,0,0,0,1,1
43,-2,4,3,1.111,0,0,0.000,0,0,0,0,0,0,0,0
43,-2,0,3,1.771,0,0,0.000,0,0,0,0,0,0,0,0
43,0,2,3,0.191,0,0,0.000,0,0,0,0,0,0,0,0
43,-4,3,3,1.291,0,0,0.000,0,0,0,0,0,0,0,0
43,-5,9,0,1.601,0,0,0.000,0,0,0,0,0,0,59,59
43,-7,6,1,1.751,0,0,0.000,0,0,0,0,0,0,0,0
43,-3,2,3,2.121,0,0,0.000,0,0,0,0,0,0,0,0
43,2,-1,2,2.091,0,0,0.000,0,0,0,0,0,0,0,0
43,0,-4,1,0.201,0,0,0.000,0,0,0,0,0,0,0,0
43,-2,5,3,0.311,0,0,0.000,0,0,0,0,0,0,0,0
43,-4,6,3,0.951,0,0,0.000,0,0,0,0,0,0,0,0
43,-1,5,2,30.000,0,0,0.000,0,0,0,0,0,0,0,0
43,0,-3,2,0.161,0,0,0.000,0,0,0,0,0,0,0,0
43,-6,8,0,2.591,0,0,0.000,0,0,0,0,0,0,10,10
43,-1,-2,3,0.221,0,0,0.000,0,0,0,0,0,0,0,0
43,-2,3,3,3.031,0,0,0.000,0,0,0,0,0,0,0,0
43,-4,5,3,0.431,0,0,0.000,0,0,0,0,0,0,0,0
43,1,-3,3,1.041,0,0,0.000,0,0,0,0,0,0,0,0
43,0,-2,3,0.141,0,0,0.000,0,0,0,0,0,0,0,0
43,0,3,3,0.361,0,0,0.000,0,0,0,0,0,0,0,0
43,-6,6,2,1.111,0,0,0.000,0,0,0,0,0,0,0,0
43,-2,6,2,1.891,0,0,0.000,0,0,0,0,0,0,0,0
43,-3,3,3,1.041,0,0,0.000,0,0,0,0,0,0,0,0
43,2,-2,2,0.821,0,0,0.000,0,0,0,0,0,0,0,0
43,-4,-2,2,0.141,0,0,0.000,0,0,0,0,0,0,0,0
43,2,2,1,0.151,0,0,0.000,0,0,0,0,0,0,0,0
43,-5,1,0,0.193,0,0,0.000,0,0,0,0,0,0,0,0
43,2,-3,2,0.131,0,0,0.000,0,0,0,0,0,0,0,0
43,-4,0,2,0.221,0,0,0.000,0,0,0,0,0,0,0,0
43,-3,4,3,0.361,0,0,0.000,0,0,0,0,0,0,0,0
43,-4,8,1,1.171,0,0,0.000,0,0,0,0,0,0,1,1
43,1,2,2,0.491,0,0,0.000,0,0,0,0,0,0,0,0
43,-6,2,0,0.431,0,0,0.000,0,0,0,0,0,0,0,0
43,-5,-2,0,2.391,0,0,0.000,0,0,0,0,0,0,0,0
43,3,1,1,1.341,0,0,0.000,0,0,0,0,0,0,0,0
43,-6,7,2,0.841,0,0,0.000,0,1,0,2,0,0,0,0
43,2,-4,2,0.821,0,0,0.000,0,0,0,0,0,0,0,0
43,-1,3,3,0.641,0,0,0.000,0,0,0,0,0,0,0,0
43,-1,2,3,4.471,0,0,0.000,0,0,0,0,0,0,0,0
43,-5,8,1,1.102,0,0,0.000,0,0,0,0,0,0,12,12
43,1,4,2,0.161,0,0,0.000,0,0,0,0,0,0,0,0
43,1,0,3,0.291,0,0,0.000,0,0,0,0,0,0,0,0
43,-2,1,3,1.201,0,0,0.000,0,0,0,0,0,0,0,0
43,-5,0,1,0.481,0,0,0.000,0,0,0,0,0,0,0,0
43,2,0,3,1.541,0,0,0.000,0,0,0,0,0,0,0,0
43,2,4,1,0.501,0,0,0.000,0,0,0,0,0,0,0,0
43,-6,3,0,0.971,0,0,0.000,0,0,0,0,0,0,0,0
43,3,0,0,0.181,0,0,0.000,0,0,0,0,0,0,0,0
43,-5,4,2,0.221,0,0,0.000,0,0,0,0,0,0,0,0
43,1,-2,3,0.221,0,0,0.000,0,0,0,0,0,0,0,0
43,-4,-3,0,0.471,0,0,0.000,0,0,0,0,0,0,0,0
43,3,-5,0,1.421,0,0,0.000,0,0,0,0,0,0,0,0
43,0,6,0,0.651,0,0,0.000,0,0,0,0,0,0,0,0
43,2,5,0,30.000,0,0,0.000,0,0,0,0,0,0,0,0
43,-3,7,0,0.652,0,0,0.000,0,0,0,0,0,0,0,0
43,-5,5,3,0.571,0,0,0.000,0,0,0,0,0,0,0,0
43,2,-5,1,0.801,0,0,0.000,0,0,0,0,0,0,0,0
43,4,-3,0,0.431,0,0,0.000,0,0,0,0,0,0,0,0
43,-3,-3,0,0.211,0,0,0.000,0,0,0,0,0,0,0,0
43,-3,-1,3,0.301,0,0,0.000,0,0,0,0,0,0,0,0
43,0,5,3,0.311,0,0,0.000,0,0,0,0,0,0,0,0
43,0,0,3,0.511,0,0,0.000,0,0,0,0,0,0,0,0
43,3,-1,0,1.031,0,0,0.000,0,0,0,0,0,0,0,0
43,-1,-4,0,0.152,0,0,0.000,0,0,0,0,0,0,0,0
43,3,-2,1,0.621,0,0,0.000,0,0,0,0,0,0,0,0
43,1,5,0,1.651,0,0,0.000,0,0,0,0,0,0,0,0
43,-3,-2,2,0.371,0,0,0.000,0,0,0,0,0,0,0,0
43,-1,0,3,0.381,0,0,0.000,0,0,0,0,0,0,0,0
43,-5,-1,1,2.761,0,0,0.000,0,0,0,0,0,0,0,0
43,0,-1,3,1.011,0,0,0.000,0,0,0,0,0,0,0,0
43,-2,7,0,0.621,0,0,0.000,0,0,0,0,0,0,0,0
43,-6,4,1,1.441,0,0,0.000,0,0,0,0,0,0,0,0
43,-4,4,3,0.371,0,0,0.000,0,0,0,0,0,0,0,0
43,1,1,3,1.291,0,0,0.000,0,0,0,0,0,0,0,0
43,3,-4,0,0.471,0,0,0.000,0,0,0,0,0,0,0,0
43,-4,-1,3,1.591,0,0,0.000,0,0,0,0,0,0,0,0
43,-1,4,3,0.181,0,0,0.000,0,0,0,0,0,0,0,0
43,1,3,3,0.611,0,0,0.000,0,0,0,0,0,0,0,0
43,2,3,0,0.431,0,0,0.000,0,0,0,0,0,0,0,0
43,-2,-2,3,2.371,0,0,0.000,0,0,0,0,0,0,0,0
43,3,-3,0,0.941,0,0,0.000,0,0,0,0,0,0,0,0
43,-4,7,2,0.411,0,0,0.000,0,0,0,0,0,0,0,0
43,-1,-3,2,0.591,0,0,0.000,0,0,0,0,0,0,0,0
43,-5,7,2,1.591,0,0,0.000,0,0,0,0,0,0,0,0
43,-1,6,1,0.392,0,0,0.000,0,0,0,0,0,0,0,0
43,-3,5,3,0.892,0,0,0.000,0,0,0,0,0,0,0,0
43,-7,8,0,0.831,2,0,0.941,1,0,0,0,0,2,211,211
43,-3,6,3,0.371,0,0,0.000,0,0,0,0,0,0,0,0
43,-5,6,3,0.921,0,0,0.000,0,0,0,0,0,0,0,0
43,-4,2,3,0.101,0,0,0.000,0,0,0,0,0,0,0,0
43,-3,1,3,0.371,0,0,0.000,0,0,0,0,0,0,0,0
43,-6,5,0,0.273,0,0,0.000,0,0,0,0,0,0,0,0
43,1,-1,3,0.181,0,0,0.000,0,0,0,0,0,0,0,0
43,-4,1,3,0.191,0,0,0.000,0,0,0,0,0,0,0,0
43,-5,2,2,0.771,0,0,0.000,0,0,0,0,0,0,0,0
43,-2,-3,0,0.331,0,0,0.000,0,0,0,0,0,0,0,0
43,1,-5,0,0.111,0,0,0.000,0,0,0,0,0,0,0,0
43,-7,7,0,4.131,0,0,0.000,0,0,0,0,0,0,9,9
43,2,1,2,0.531,0,0,0.000,0,0,0,0,0,0,0,0
44,1,-4,2,0.771,0,0,0.000,0,0,0,0,0,0,0,0
44,-3,0,3,0.631,0,0,0.000,0,0,0,0,0,0,0,0
44,-2,2,3,1.461,0,0,0.000,0,0,0,0,0,0,0,0
44,-1,-1,3,0.121,0,0,0.000,0,0,0,0,0,0,0,0
44,0,1,3,0.111,0,0,0.000,0,0,0,0,0,0,0,0
44,-5,3,2,0.451,0,0,0.000,0,0,0,0,0,0,0,0
44,-1,1,3,0.381,0,0,0.000,0,0,0,0,0,0,0,0
44,-2,-1,3,0.451,0,0,0.000,0,0,0,0,0,0,0,0
44,0,4,3,1.191,0,0,0.000,0,0,0,0,0,0,0,0
44,3,-6,0,1.661,0,0,0.000,0,0,0,0,0,0,1,1
44,-2,4,3,1.111,0,0,0.000,0,0,0,0,0,0,0,0
44,-2,0,3,0.431,0,0,0.000,0,0,0,0,0,0,0,0
44,0,2,3,0.381,0,0,0.000,0,0,0,0,0,0,0,0
44,-4,3,3,0.182,0,0,0.000,0,0,0,0,0,0,0,0
44,-5,9,0,1.151,0,0,0.000,0,0,0,0,0,0,56,56
44,-7,6,1,0.944,0,0,0.000,0,0,0,0,0,0,0,0
44,-3,2,3,0.271,0,0,0.000,0,0,0,0,0,0,0,0
44,2,-1,2,0.681,0,0,0.000,0,0,0,0,0,0,0,0
44,0,-4,1,0.381,0,0,0.000,0,0,0,0,0,0,0,0
44,-2,5,3,0.151,0,0,0.000,0,0,0,0,0,0,0,0
44,-4,6,3,1.671,0,0,0.000,0,0,0,0,0,0,0,0
44,-1,5,2,0.201,0,0,0.000,0,0,0,0,0,0,0,0
44,0,-3,2,0.671,0,0,0.000,0,0,0,0,0,0,0,0
44,-6,8,0,1.804,0,0,0.000,0,0,0,0,0,0,14,14
44,-1,-2,3,0.441,0,0,0.000,0,0,0,0,0,0,0,0
44,-2,3,3,1.891,0,0,0.000,0,0,0,0,0,0,0,0
44,-4,5,3,0.431,0,0,0.000,0,0,0,0,0,0,0,0
44,1,-3,3,0.411,0,0,0.000,0,0,0,0,0,0,0,0
44,0,-2,3,0.141,0,0,0.000,0,0,0,0,0,0,0,0
44,0,3,3,0.341,0,0,0.000,0,0,0,0,0,0,0,0
44,-6,6,2,0.501,0,0,0.000,0,0,0,0,0,0,0,0
44,-2,6,2,1.281,0,0,0.000,0,0,0,0,0,0,0,0
44,-3,3,3,0.621,0,0,0.000,0,0,0,0,0,0,0,0
44,2,-2,2,0.511,0,0,0.000,0,0,0,0,0,0,0,0
44,-4,-2,2,0.141,0,0,0.000,0,0,0,0,0,0,0,0
44,2,2,1,0.151,0,0,0.000,0,0,0,0,0,0,0,0
44,-5,1,0,0.561,0,0,0.000,0,0,0,0,0,0,0,0
44,2,-3,2,0.241,0,0,0.000,0,0,0,0,0,0,0,0
44,-4,0,2,0.221,0,0,0.000,0,0,0,0,0,0,0,0
44,-3,4,3,0.381,0,0,0.000,0,0,0,0,0,0,0,0
44,-4,8,1,1.171,0,0,0.000,0,0,0,0,0,0,0,0
44,1,2,2,1.081,0,0,0.000,0,0,0,0,0,0,0,0
44,-6,2,0,0.651,0,0,0.000,0,0,0,0,0,0,0,0
44,-5,-2,0,0.791,0,0,0.000,0,0,0,0,0,0,0,0
44,3,1,1,0.501,0,0,0.000,0,0,0,0,0,0,0,0
44,-6,7,2,0.752,0,0,0.000,0,1,0,2,0,0,0,0
44,2,-4,2,0.371,0,0,0.000,0,0,0,0,0,0,0,0
44,-1,3,3,0.911,0,0,0.000,0,0,0,0,0,0,0,0
44,-1,2,3,2.871,0,0,0.000,0,0,0,0,0,0,0,0
44,-5,8,1,0.812,0,0,0.000,0,0,0,0,0,0,17,17
44,1,4,2,0.373,0,0,0.000,0,0,0,0,0,0,0,0
44,1,0,3,0.291,0,0,0.000,0,0,0,0,0,0,0,0
44,-2,1,3,2.061,0,0,0.000,0,0,0,0,0,0,0,0
44,-5,0,1,1.923,0,0,0.000,0,0,0,0,0,0,0,0
44,2,0,3,0.611,0,0,0.000,0,0,0,0,0,0,0,0
44,2,4,1,0.501,0,0,0.000,0,0,0,0,0,0,0,0
44,-6,3,0,1.381,0,0,0.000,0,0,0,0,0,0,0,0
44,3,0,0,0.561,0,0,0.000,0,0,0,0,0,0,0,0
44,-5,4,2,0.451,0,0,0.000,0,0,0,0,0,0,0,0
44,1,-2,3,1.141,0,0,0.000,0,0,0,0,0,0,0,0
44,-4,-3,0,1.671,0,0,0.000,0,0,0,0,0,0,0,0
44,3,-5,0,0.341,0,0,0.000,0,0,0,0,0,0,0,0
44,0,6,0,1.411,0,0,0.000,0,0,0,0,0,0,0,0
44,2,5,0,3.281,0,0,0.000,0,0,0,0,0,0,0,0
44,-3,7,0,1.081,0,0,0.000,0,0,0,0,0,0,0,0
44,-5,5,3,0.592,0,0,0.000,0,0,0,0,0,0,0,0
44,2,-5,1,1.141,0,0,0.000,0,0,0,0,0,0,0,0
44,4,-3,0,0.661,0,0,0.000,0,0,0,0,0,0,0,0
44,-3,-3,0,0.112,0,0,0.000,0,0,0,0,0,0,0,0
44,-3,-1,3,0.111,0,0,0.000,0,0,0,0,0,0,0,0
44,0,5,3,0.311,0,0,0.000,0,0,0,0,0,0,0,0
44,0,0,3,0.251,0,0,0.000,0,0,0,0,0,0,0,0
44,3,-1,0,0.281,0,0,0.000,0,0,0,0,0,0,0,0
44,-1,-4,0,1.261,0,0,0.000,0,0,0,0,0,0,0,0
44,3,-2,1,0.411,0,0,0.000,0,0,0,0,0,0,0,0
44,1,5,0,2.321,0,0,0.000,0,0,0,0,0,0,0,0
44,-3,-2,2,0.371,0,0,0.000,0,0,0,0,0,0,0,0
44,-1,0,3,0.911,0,0,0.000,0,0,0,0,0,0,0,0
44,-5,-1,1,1.531,0,0,0.000,0,0,0,0,0,0,0,0
44,0,-1,3,1.371,0,0,0.000,0,0,0,0,0,0,0,0
44,-2,7,0,1.111,0,0,0.000,0,0,0,0,0,0,0,0
44,-6,4,1,1.052,0,0,0.000,0,0,0,0,0,0,0,0
44,-4,4,3,0.181,0,0,0.000,0,0,0,0,0,0,0,0
44,1,1,3,1.291,0,0,0.000,0,0,0,0,0,0,0,0
44,3,-4,0,0.991,0,0,0.000,0,0,0,0,0,0,0,0
44,-4,-1,3,0.481,0,0,0.000,0,0,0,0,0,0,0,0
44,-1,4,3,0.181,0,0,0.000,0,0,0,0,0,0,0,0
44,1,3,3,0.151,0,0,0.000,0,0,0,0,0,0,0,0
44,2,3,0,0.521,0,0,0.000,0,0,0,0,0,0,0,0
44,-2,-2,3,0.331,0,0,0.000,0,0,0,0,0,0,0,0
44,3,-3,0,0.431,0,0,0.000,0,0,0,0,0,0,0,0
44,-4,7,2,0.901,0,0,0.000,0,0,0,0,0,0,0,0
44,-1,-3,2,0.391,0,0,0.000,0,0,0,0,0,0,0,0
44,-5,7,2,2.671,0,0,0.000,0,0,0,0,0,0,0,0
44,-1,6,1,2.561,0,0,0.000,0,0,0,0,0,0,0,0
44,-3,5,3,0.261,0,0,0.000,0,0,0,0,0,0,0,0
44,-7,8,0,1.421,2,0,1.521,1,0,0,0,0,2,208,208
44,-3,6,3,0.761,0,0,0.000,0,0,0,0,0,0,0,0
44,-5,6,3,0.411,0,0,0.000,0,0,0,0,0,0,0,0
44,-4,2,3,0.211,0,0,0.000,0,0,0,0,0,0,0,0
44,-3,1,3,1.281,0,0,0.000,0,0,0,0,0,0,0,0
44,-6,5,0,0.542,0,0,0.000,0,0,0,0,0,0,0,0
44,1,-1,3,13.681,0,0,0.000,0,0,0,0,0,0,0,0
44,-4,1,3,0.191,0,0,0.000,0,0,0,0,0,0,0,0
44,-5,2,2,0.171,0,0,0.000,0,0,0,0,0,0,0,0
44,-2,-3,0,0.172,0,0,0.000,0,0,0,0,0,0,0,0
44,1,-5,0,0.111,0,0,0.000,0,0,0,0,0,0,0,0
44,-7,7,0,5.391,0,0,0.000,0,0,0,0,0,0,10,10
44,2,1,2,0.531,0,0,0.000,0,0,0,0,0,0,0,0
45,1,-4,2,1.031,0,0,0.000,0,0,0,0,0,0,0,0
45,-3,0,3,0.351,0,0,0.000,0,0,0,0,0,0,0,0
45,-2,2,3,0.541,0,0,0.000,0,0,0,0,0,0,0,0
45,-1,-1,3,0.221,0,0,0.000,0,0,0,0,0,0,0,0
45,0,1,3,0.391,0,0,0.000,0,0,0,0,0,0,0,0
45,-5,3,2,0.451,0,0,0.000,0,0,0,0,0,0,0,0
45,-1,1,3,0.201,0,0,0.000,0,0,0,0,0,0,0,0
45,-2,-1,3,0.181,0,0,0.000,0,0,0,0,0,0,0,0
45,0,4,3,0.231,0,0,0.000,0,0,0,0,0,0,0,0
45,3,-6,0,0.941,0,0,0.000,0,0,0,0,0,0,0,0
45,-2,4,3,1.111,0,0,0.000,0,0,0,0,0,0,0,0
45,-2,0,3,0.211,0,0,0.000,0,0,0,0,0,0,0,0
45,0,2,3,0.581,0,0,0.000,0,0,0,0,0,0,0,0
45,-4,3,3,0.531,0,0,0.000,0,0,0,0,0,0,0,0
45,-5,9,0,1.031,1,0,1.131,1,0,0,0,0,1,46,46
45,-7,6,1,2.042,0,0,0.000,0,0,0,0,0,0,1,1
45,-3,2,3,0.251,0,0,0.000,0,0,0,0,0,0,0,0
45,2,-1,2,0.891,0,0,0.000,0,0,0,0,0,0,0,0
45,0,-4,1,0.241,0,0,0.000,0,0,0,0,0,0,0,0
45,-2,5,3,0.471,0,0,0.000,0,0,0,0,0,0,0,0
45,-4,6,3,0.711,0,0,0.000,0,0,0,0,0,0,0,0
45,-1,5,2,0.411,0,0,0.000,0,0,0,0,0,0,0,0
45,0,-3,2,0.161,0,0,0.000,0,0,0,0,0,0,0,0
45,-6,8,0,6.432,0,0,0.000,0,0,0,0,0,0,14,14
45,-1,-2,3,1.131,0,0,0.000,0,0,0,0,0,0,0,0
45,-2,3,3,0.181,0,0,0.000,0,0,0,0,0,0,0,0
45,-4,5,3,1.531,0,0,0.000,0,0,0,0,0,0,0,0
45,1,-3,3,2.331,0,0,0.000,0,0,0,0,0,0,0,0
45,0,-2,3,0.321,0,0,0.000,0,0,0,0,0,0,0,0
45,0,3,3,0.891,0,0,0.000,0,0,0,0,0,0,0,0
45,-6,6,2,0.601,0,0,0.000,0,0,0,0,0,0,0,0
45,-2,6,2,1.801,0,0,0.000,0,0,0,0,0,0,0,0
45,-3,3,3,0.471,0,0,0.000,0,0,0,0,0,0,0,0
45,2,-2,2,0.551,0,0,0.000,0,0,0,0,0,0,0,0
45,-4,-2,2,0.421,0,0,0.000,0,0,0,0,0,0,0,0
45,2,2,1,0.631,0,0,0.000,0,0,0,0,0,0,0,0
45,-5,1,0,0.193,0,0,0.000,0,0,0,0,0,0,0,0
45,2,-3,2,0.941,0,0,0.000,0,0,0,0,0,0,0,0
45,-4,0,2,0.221,0,0,0.000,0,0,0,0,0,0,0,0
45,-3,4,3,0.311,0,0,0.000,0,0,0,0,0,0,0,0
45,-4,8,1,2.371,0,0,0.000,0,0,0,0,0,0,0,0
45,1,2,2,1.081,0,0,0.000,0,0,0,0,0,0,0,0
45,-6,2,0,0.431,0,0,0.000,0,0,0,0,0,0,0,0
45,-5,-2,0,1.271,0,0,0.000,0,0,0,0,0,0,0,0
45,3,1,1,1.431,0,0,0.000,0,0,0,0,0,0,0,0
45,-6,7,2,1.021,0,0,0.000,0,1,0,2,0,0,0,0
45,2,-4,2,2.081,0,0,0.000,0,0,0,0,0,0,0,0
45,-1,3,3,0.391,0,0,0.000,0,0,0,0,0,0,0,0
45,-1,2,3,0.311,0,0,0.000,0,0,0,0,0,0,0,0
45,-5,8,1,0.812,0,0,0.000,0,1,0,1,0,0,17,17
45,1,4,2,1.181,0,0,0.000,0,0,0,0,0,0,0,0
45,1,0,3,0.291,0,0,0.000,0,0,0,0,0,0,0,0
45,-2,1,3,0.651,0,0,0.000,0,0,0,0,0,0,0,0
45,-5,0,1,0.761,0,0,0.000,0,0,0,0,0,0,0,0
45,2,0,3,1.541,0,0,0.000,0,0,0,0,0,0,0,0
45,2,4,1,1.631,0,0,0.000,0,0,0,0,0,0,0,0
45,-6,3,0,0.432,0,0,0.000,0,0,0,0,0,0,0,0
45,3,0,0,0.561,0,0,0.000,0,0,0,0,0,0,0,0
45,-5,4,2,0.241,0,0,0.000,0,0,0,0,0,0,0,0
45,1,-2,3,0.451,0,0,0.000,0,0,0,0,0,0,0,0
45,-4,-3,0,0.471,0,0,0.000,0,0,0,0,0,0,0,0
45,3,-5,0,0.521,0,0,0.000,0,0,0,0,0,0,0,0
45,0,6,0,0.681,0,0,0.000,0,0,0,0,0,0,0,0
45,2,5,0,1.601,0,0,0.000,0,0,0,0,0,0,0,0
45,-3,7,0,1.521,0,0,0.000,0,0,0,0,0,0,0,0
45,-5,5,3,0.592,0,0,0.000,0,0,0,0,0,0,0,0
45,2,-5,1,0.291,0,0,0.000,0,0,0,0,0,0,0,0
45,4,-3,0,0.661,0,0,0.000,0,0,0,0,0,0,0,0
45,-3,-3,0,1.561,0,0,0.000,0,0,0,0,0,0,0,0
45,-3,-1,3,0.111,0,0,0.000,0,0,0,0,0,0,0,0
45,0,5,3,1.111,0,0,0.000,0,0,0,0,0,0,0,0
45,0,0,3,0.381,0,0,0.000,0,0,0,0,0,0,0,0
45,3,-1,0,0.141,0,0,0.000,0,0,0,0,0,0,0,0
45,-1,-4,0,2.321,0,0,0.000,0,0,0,0,0,0,0,0
45,3,-2,1,0.411,0,0,0.000,0,0,0,0,0,0,0,0
45,1,5,0,0.521,0,0,0.000,0,0,0,0,0,0,0,0
45,-3,-2,2,0.371,0,0,0.000,0,0,0,0,0,0,0,0
45,-1,0,3,0.211,0,0,0.000,0,0,0,0,0,0,0,0
45,-5,-1,1,0.751,0,0,0.000,0,0,0,0,0,0,0,0
45,0,-1,3,0.521,0,0,0.000,0,0,0,0,0,0,0,0
45,-2,7,0,0.821,0,0,0.000,0,0,0,0,0,0,0,0
45,-6,4,1,1.611,0,0,0.000,0,0,0,0,0,0,0,0
45,-4,4,3,0.561,0,0,0.000,0,0,0,0,0,0,0,0
45,1,1,3,1.391,0,0,0.000,0,0,0,0,0,0,0,0
45,3,-4,0,0.991,0,0,0.000,0,0,0,0,0,0,0,0
45,-4,-1,3,2.481,0,0,0.000,0,0,0,0,0,0,0,0
45,-1,4,3,0.181,0,0,0.000,0,0,0,0,0,0,0,0
45,1,3,3,0.771,0,0,0.000,0,0,0,0,0,0,0,0
45,2,3,0,0.211,0,0,0.000,0,0,0,0,0,0,0,0
45,-2,-2,3,0.371,0,0,0.000,0,0,0,0,0,0,0,0
45,3,-3,0,3.941,0,0,0.000,0,0,0,0,0,0,0,0
45,-4,7,2,0.682,0,0,0.000,0,0,0,0,0,0,0,0
45,-1,-3,2,0.191,0,0,0.000,0,0,0,0,0,0,0,0
45,-5,7,2,1.051,0,0,0.000,0,0,0,0,0,0,0,0
45,-1,6,1,2.561,0,0,0.000,0,0,0,0,0,0,0,0
45,-3,5,3,0.261,0,0,0.000,0,0,0,0,0,0,0,0
45,-7,8,0,1.672,2,0,1.762,1,0,0,0,0,2,190,190
45,-3,6,3,0.561,0,0,0.000,0,0,0,0,0,0,0,0
45,-5,6,3,0.411,0,0,0.000,0,0,0,0,0,0,0,0
45,-4,2,3,2.081,0,0,0.000,0,0,0,0,0,0,0,0
45,-3,1,3,0.271,0,0,0.000,0,0,0,0,0,0,0,0
45,-6,5,0,30.000,0,0,0.000,0,0,0,0,0,0,0,0
45,1,-1,3,0.181,0,0,0.000,0,0,0,0,0,0,0,0
45,-4,1,3,0.391,0,0,0.000,0,0,0,0,0,0,0,0
45,-5,2,2,1.863,0,0,0.000,0,0,0,0,0,0,0,0
45,-2,-3,0,0.331,0,0,0.000,0,0,0,0,0,0,0,0
45,1,-5,0,0.351,0,0,0.000,0,0,0,0,0,0,0,0
45,-7,7,0,1.071,0,0,0.000,0,0,0,0,0,0,9,9
45,2,1,2,0.351,0,0,0.000,0,0,0,0,0,0,0,0
46,1,-4,2,0.611,0,0,0.000,0,0,0,0,0,0,0,0
46,-3,0,3,0.851,0,0,0.000,0,0,0,0,0,0,0,0
46,-2,2,3,1.001,0,0,0.000,0,0,0,0,0,0,0,0
46,-1,-1,3,0.121,0,0,0.000,0,0,0,0,0,0,0,0
46,0,1,3,0.631,0,0,0.000,0,0,0,0,0,0,0,0
46,-5,3,2,0.451,0,0,0.000,0,0,0,0,0,0,0,0
46,-1,1,3,0.381,0,0,0.000,0,0,0,0,0,0,0,0
46,-2,-1,3,1.971,0,0,0.000,0,0,0,0,0,0,0,0
46,0,4,3,0.471,0,0,0.000,0,0,0,0,0,0,0,0
46,3,-6,0,1.661,0,0,0.000,0,0,0,0,0,0,0,0
46,-2,4,3,0.221,0,0,0.000,0,0,0,0,0,0,0,0
46,-2,0,3,0.431,0,0,0.000,0,0,0,0,0,0,0,0
46,0,2,3,1.851,0,0,0.000,0,0,0,0,0,0,0,0
46,-4,3,3,0.531,0,0,0.000,0,0,0,0,0,0,0,0
46,-5,9,0,1.032,1,0,1.132,1,0,0,0,0,1,45,45
46,-7,6,1,1.122,0,0,0.000,0,0,0,0,0,0,0,0
46,-3,2,3,0.331,0,0,0.000,0,0,0,0,0,0,0,0
46,2,-1,2,0.681,0,0,0.000,0,0,0,0,0,0,0,0
46,0,-4,1,0.801,0,0,0.000,0,0,0,0,0,0,0,0
46,-2,5,3,0.311,0,0,0.000,0,0,0,0,0,0,0,0
46,-4,6,3,0.492,0,0,0.000,0,0,0,0,0,0,0,0
46,-1,5,2,3.141,0,0,0.000,0,0,0,0,0,0,0,0
46,0,-3,2,1.181,0,0,0.000,0,0,0,0,0,0,0,0
46,-6,8,0,2.591,0,0,0.000,0,0,0,0,0,0,19,19
46,-1,-2,3,0.221,0,0,0.000,0,0,0,0,0,0,0,0
46,-2,3,3,0.181,0,0,0.000,0,0,0,0,0,0,0,0
46,-4,5,3,0.233,0,0,0.000,0,0,0,0,0,0,0,0
46,1,-3,3,2.981,0,0,0.000,0,0,0,0,0,0,0,0
46,0,-2,3,0.381,0,0,0.000,0,0,0,0,0,0,0,0
46,0,3,3,2.091,0,0,0.000,0,0,0,0,0,0,0,0
46,-6,6,2,0.501,0,0,0.000,0,0,0,0,0,0,0,0
46,-2,6,2,1.421,0,0,0.000,0,0,0,0,0,0,0,0
46,-3,3,3,0.621,0,0,0.000,0,0,0,0,0,0,0,0
46,2,-2,2,0.791,0,0,0.000,0,0,0,0,0,0,0,0
46,-4,-2,2,0.271,0,0,0.000,0,0,0,0,0,0,0,0
46,2,2,1,0.151,0,0,0.000,0,0,0,0,0,0,0,0
46,-5,1,0,0.193,0,0,0.000,0,0,0,0,0,0,0,0
46,2,-3,2,0.381,0,0,0.000,0,0,0,0,0,0,0,0
46,-4,0,2,0.451,0,0,0.000,0,0,0,0,0,0,0,0
46,-3,4,3,0.211,0,0,0.000,0,0,0,0,0,0,0,0
46,-4,8,1,3.091,0,0,0.000,0,0,0,0,0,0,0,0
46,1,2,2,0.321,0,0,0.000,0,0,0,0,0,0,0,0
46,-6,2,0,0.651,0,0,0.000,0,0,0,0,0,0,0,0
46,-5,-2,0,0.951,0,0,0.000,0,0,0,0,0,0,0,0
46,3,1,1,5.421,0,0,0.000,0,0,0,0,0,0,0,0
46,-6,7,2,0.752,0,0,0.000,0,1,0,4,0,0,0,0
46,2,-4,2,0.371,0,0,0.000,0,0,0,0,0,0,0,0
46,-1,3,3,0.391,0,0,0.000,0,0,0,0,0,0,0,0
46,-1,2,3,0.311,0,0,0.000,0,0,0,0,0,0,0,0
46,-5,8,1,28.731,0,0,0.000,0,1,0,1,0,0,16,16
46,1,4,2,0.701,0,0,0.000,0,0,0,0,0,0,0,0
46,1,0,3,0.751,0,0,0.000,0,0,0,0,0,0,0,0
46,-2,1,3,0.611,0,0,0.000,0,0,0,0,0,0,0,0
46,-5,0,1,1.471,0,0,0.000,0,0,0,0,0,0,0,0
46,2,0,3,0.611,0,0,0.000,0,0,0,0,0,0,0,0
46,2,4,1,0.841,0,0,0.000,0,0,0,0,0,0,0,0
46,-6,3,0,0.432,0,0,0.000,0,0,0,0,0,0,0,0
46,3,0,0,0.181,0,0,0.000,0,0,0,0,0,0,0,0
46,-5,4,2,0.221,0,0,0.000,0,0,0,0,0,0,0,0
46,1,-2,3,1.141,0,0,0.000,0,0,0,0,0,0,0,0
46,-4,-3,0,4.511,0,0,0.000,0,0,0,0,0,0,0,0
46,3,-5,0,0.701,0,0,0.000,0,0,0,0,0,0,0,0
46,0,6,0,1.101,0,0,0.000,0,0,0,0,0,0,0,0
46,2,5,0,0.761,0,0,0.000,0,0,0,0,0,0,0,0
46,-3,7,0,0.652,0,0,0.000,0,0,0,0,0,0,0,0
46,-5,5,3,1.371,0,0,0.000,0,0,0,0,0,0,0,0
46,2,-5,1,0.461,0,0,0.000,0,0,0,0,0,0,0,0
46,4,-3,0,0.431,0,0,0.000,0,0,0,0,0,0,0,0
46,-3,-3,0,0.112,0,0,0.000,0,0,0,0,0,0,0,0
46,-3,-1,3,0.111,0,0,0.000,0,0,0,0,0,0,0,0
46,0,5,3,0.311,0,0,0.000,0,0,0,0,0,0,0,0
46,0,0,3,0.641,0,0,0.000,0,0,0,0,0,0,0,0
46,3,-1,0,0.141,0,0,0.000,0,0,0,0,0,0,0,0
46,-1,-4,0,0.401,0,0,0.000,0,0,0,0,0,0,0,0
46,3,-2,1,0.411,0,0,0.000,0,0,0,0,0,0,0,0
46,1,5,0,0.351,0,0,0.000,0,0,0,0,0,0,0,0
46,-3,-2,2,0.371,0,0,0.000,0,0,0,0,0,0,0,0
46,-1,0,3,0.251,0,0,0.000,0,0,0,0,0,0,0,0
46,-5,-1,1,1.041,0,0,0.000,0,0,0,0,0,0,0,0
46,0,-1,3,0.391,0,0,0.000,0,0,0,0,0,0,0,0
46,-2,7,0,0.842,0,0,0.000,0,0,0,0,0,0,0,0
46,-6,4,1,1.551,0,0,0.000,0,0,0,0,0,0,0,0
46,-4,4,3,0.561,0,0,0.000,0,0,0,0,0,0,0,0
46,1,1,3,1.151,0,0,0.000,0,0,0,0,0,0,0,0
46,3,-4,0,1.251,0,0,0.000,0,0,0,0,0,0,0,0
46,-4,-1,3,0.481,0,0,0.000,0,0,0,0,0,0,0,0
46,-1,4,3,3.511,0,0,0.000,0,0,0,0,0,0,0,0
46,1,3,3,2.051,0,0,0.000,0,0,0,0,0,0,0,0
46,2,3,0,0.211,0,0,0.000,0,0,0,0,0,0,0,0
46,-2,-2,3,0.711,0,0,0.000,0,0,0,0,0,0,0,0
46,3,-3,0,0.511,0,0,0.000,0,0,0,0,0,0,0,0
46,-4,7,2,1.191,0,0,0.000,0,0,0,0,0,0,1,1
46,-1,-3,2,0.191,0,0,0.000,0,0,0,0,0,0,0,0
46,-5,7,2,1.321,0,0,0.000,0,0,0,0,0,0,0,0
46,-1,6,1,0.391,0,0,0.000,0,0,0,0,0,0,0,0
46,-3,5,3,0.892,0,0,0.000,0,0,0,0,0,0,0,0
46,-7,8,0,1.981,4,0,2.111,1,0,0,0,0,4,214,214
46,-3,6,3,0.371,0,0,0.000,0,0,0,0,0,0,0,0
46,-5,6,3,1.881,0,0,0.000,0,0,0,0,0,0,0,0
46,-4,2,3,0.321,0,0,0.000,0,0,0,0,0,0,0,0
46,-3,1,3,0.841,0,0,0.000,0,0,0,0,0,0,0,0
46,-6,5,0,0.651,0,0,0.000,0,0,0,0,0,0,0,0
46,1,-1,3,0.371,0,0,0.000,0,0,0,0,0,0,0,0
46,-4,1,3,0.411,0,0,0.000,0,0,0,0,0,0,0,0
46,-5,2,2,0.951,0,0,0.000,0,0,0,0,0,0,0,0
46,-2,-3,0,0.491,0,0,0.000,0,0,0,0,0,0,0,0
46,1,-5,0,0.111,0,0,0.000,0,0,0,0,0,0,0,0
46,-7,7,0,1.071,0,0,0.000,0,0,0,0,0,0,8,8
46,2,1,2,0.351,0,0,0.000,0,0,0,0,0,0,0,0
47,1,-4,2,0.511,0,0,0.000,0,0,0,0,0,0,0,0
47,-3,0,3,1.011,0,0,0.000,0,0,0,0,0,0,0,0
47,-2,2,3,0.311,0,0,0.000,0,0,0,0,0,0,0,0
47,-1,-1,3,0.121,0,0,0.000,0,0,0,0,0,0,0,0
47,0,1,3,0.531,0,0,0.000,0,0,0,0,0,0,0,0
47,-5,3,2,1.601,0,0,0.000,0,0,0,0,0,0,0,0
47,-1,1,3,0.201,0,0,0.000,0,0,0,0,0,0,0,0
47,-2,-1,3,0.261,0,0,0.000,0,0,0,0,0,0,0,0
47,0,4,3,0.711,0,0,0.000,0,0,0,0,0,0,0,0
47,3,-6,0,0.701,0,0,0.000,0,0,0,0,0,0,0,0
47,-2,4,3,0.421,0,0,0.000,0,0,0,0,0,0,0,0
47,-2,0,3,0.231,0,0,0.000,0,0,0,0,0,0,0,0
47,0,2,3,0.191,0,0,0.000,0,0,0,0,0,0,0,0
47,-4,3,3,2.051,0,0,0.000,0,0,0,0,0,0,0,0
47,-5,9,0,1.451,1,0,1.551,1,0,0,0,0,1,67,67
47,-7,6,1,1.383,0,0,0.000,0,0,0,0,0,0,0,0
47,-3,2,3,0.501,0,0,0.000,0,0,0,0,0,0,0,0
47,2,-1,2,0.591,0,0,0.000,0,0,0,0,0,0,0,0
47,0,-4,1,0.201,0,0,0.000,0,0,0,0,0,0,0,0
47,-2,5,3,2.021,0,0,0.000,0,0,0,0,0,0,0,0
47,-4,6,3,0.971,0,0,0.000,0,0,0,0,0,0,0,0
47,-1,5,2,0.621,0,0,0.000,0,0,0,0,0,0,0,0
47,0,-3,2,0.161,0,0,0.000,0,0,0,0,0,0,0,0
47,-6,8,0,1.191,0,0,0.000,0,0,0,0,0,0,18,18
47,-1,-2,3,0.221,0,0,0.000,0,0,0,0,0,0,0,0
47,-2,3,3,1.891,0,0,0.000,0,0,0,0,0,0,0,0
47,-4,5,3,0.261,0,0,0.000,0,0,0,0,0,0,0,0
47,1,-3,3,0.881,0,0,0.000,0,0,0,0,0,0,0,0
47,0,-2,3,1.131,0,0,0.000,0,0,0,0,0,0,0,0
47,0,3,3,0.891,0,0,0.000,0,0,0,0,0,0,0,0
47,-6,6,2,0.601,0,0,0.000,0,0,0,0,0,0,0,0
47,-2,6,2,2.061,0,0,0.000,0,0,0,0,0,0,0,0
47,-3,3,3,0.201,0,0,0.000,0,0,0,0,0,0,0,0
47,2,-2,2,0.471,0,0,0.000,0,0,0,0,0,0,0,0
47,-4,-2,2,0.141,0,0,0.000,0,0,0,0,0,0,0,0
47,2,2,1,0.311,0,0,0.000,0,0,0,0,0,0,0,0
47,-5,1,0,0.561,0,0,0.000,0,0,0,0,0,0,0,0
47,2,-3,2,0.271,0,0,0.000,0,0,0,0,0,0,0,0
47,-4,0,2,2.211,0,0,0.000,0,0,0,0,0,0,0,0
47,-3,4,3,0.991,0,0,0.000,0,0,0,0,0,0,0,0
47,-4,8,1,1.891,0,0,0.000,0,0,0,0,0,0,0,0
47,1,2,2,0.251,0,0,0.000,0,0,0,0,0,0,0,0
47,-6,2,0,0.431,0,0,0.000,0,0,0,0,0,0,0,0
47,-5,-2,0,0.631,0,0,0.000,0,0,0,0,0,0,0,0
47,3,1,1,0.291,0,0,0.000,0,0,0,0,0,0,0,0
47,-6,7,2,1.401,0,0,0.000,0,1,0,1,0,0,0,0
47,2,-4,2,0.981,0,0,0.000,0,0,0,0,0,0,0,0
47,-1,3,3,0.671,0,0,0.000,0,0,0,0,0,0,0,0
47,-1,2,3,3.991,0,0,0.000,0,0,0,0,0,0,0,0
47,-5,8,1,1.662,0,0,0.000,0,1,0,1,0,0,17,17
47,1,4,2,0.331,0,0,0.000,0,0,0,0,0,0,0,0
47,1,0,3,0.291,0,0,0.000,0,0,0,0,0,0,0,0
47,-2,1,3,0.991,0,0,0.000,0,0,0,0,0,0,0,0
47,-5,0,1,1.881,0,0,0.000,0,0,0,0,0,0,0,0
47,2,0,3,1.901,0,0,0.000,0,0,0,0,0,0,0,0
47,2,4,1,0.331,0,0,0.000,0,0,0,0,0,0,0,0
47,-6,3,0,2.171,0,0,0.000,0,0,0,0,0,0,0,0
47,3,0,0,0.402,0,0,0.000,0,0,0,0,0,0,0,0
47,-5,4,2,5.281,0,0,0.000,0,0,0,0,0,0,0,0
47,1,-2,3,0.681,0,0,0.000,0,0,0,0,0,0,0,0
47,-4,-3,0,1.631,0,0,0.000,0,0,0,0,0,0,0,0
47,3,-5,0,0.431,0,0,0.000,0,0,0,0,0,0,1,1
47,0,6,0,0.871,0,0,0.000,0,0,0,0,0,0,0,0
47,2,5,0,2.651,0,0,0.000,0,0,0,0,0,0,0,0
47,-3,7,0,1.301,0,0,0.000,0,0,0,0,0,0,0,0
47,-5,5,3,1.971,0,0,0.000,0,0,0,0,0,0,0,0
47,2,-5,1,0.461,0,0,0.000,0,0,0,0,0,0,0,0
47,4,-3,0,0.431,0,0,0.000,0,0,0,0,0,0,0,0
47,-3,-3,0,0.112,0,0,0.000,0,0,0,0,0,0,0,0
47,-3,-1,3,0.351,0,0,0.000,0,0,0,0,0,0,0,0
47,0,5,3,16.311,0,0,0.000,0,0,0,0,0,0,0,0
47,0,0,3,0.451,0,0,0.000,0,0,0,0,0,0,0,0
47,3,-1,0,0.281,0,0,0.000,0,0,0,0,0,0,0,0
47,-1,-4,0,0.401,0,0,0.000,0,0,0,0,0,0,0,0
47,3,-2,1,1.461,0,0,0.000,0,0,0,0,0,0,0,0
47,1,5,0,1.421,0,0,0.000,0,0,0,0,0,0,0,0
47,-3,-2,2,0.561,0,0,0.000,0,0,0,0,0,0,0,0
47,-1,0,3,0.601,0,0,0.000,0,0,0,0,0,0,0,0
47,-5,-1,1,0.664,0,0,0.000,0,0,0,0,0,0,0,0
47,0,-1,3,0.191,0,0,0.000,0,0,0,0,0,0,0,0
47,-2,7,0,2.661,0,0,0.000,0,0,0,0,0,0,0,0
47,-6,4,1,0.581,0,0,0.000,0,0,0,0,0,0,0,0
47,-4,4,3,0.751,0,0,0.000,0,0,0,0,0,0,0,0
47,1,1,3,0.351,0,0,0.000,0,0,0,0,0,0,0,0
47,3,-4,0,0.501,0,0,0.000,0,0,0,0,0,0,0,0
47,-4,-1,3,2.481,0,0,0.000,0,0,0,0,0,0,0,0
47,-1,4,3,0.281,0,0,0.000,0,0,0,0,0,0,0,0
47,1,3,3,0.151,0,0,0.000,0,0,0,0,0,0,0,0
47,2,3,0,0.651,0,0,0.000,0,0,0,0,0,0,0,0
47,-2,-2,3,1.851,0,0,0.000,0,0,0,0,0,0,0,0
47,3,-3,0,1.471,0,0,0.000,0,0,0,0,0,0,0,0
47,-4,7,2,0.771,0,0,0.000,0,0,0,0,0,0,0,0
47,-1,-3,2,0.391,0,0,0.000,0,0,0,0,0,0,0,0
47,-5,7,2,1.051,0,0,0.000,0,0,0,0,0,0,0,0
47,-1,6,1,0.392,0,0,0.000,0,0,0,0,0,0,0,0
47,-3,5,3,0.821,0,0,0.000,0,0,0,0,0,0,0,0
47,-7,8,0,0.691,1,0,0.771,1,0,0,0,0,1,196,196
47,-3,6,3,0.561,0,0,0.000,0,0,0,0,0,0,0,0
47,-5,6,3,0.831,0,0,0.000,0,0,0,0,0,0,0,0
47,-4,2,3,0.651,0,0,0.000,0,0,0,0,0,0,0,0
47,-3,1,3,0.181,0,0,0.000,0,0,0,0,0,0,0,0
47,-6,5,0,0.681,0,0,0.000,0,0,0,0,0,0,0,0
47,1,-1,3,0.561,0,0,0.000,0,0,0,0,0,0,0,0
47,-4,1,3,0.811,0,0,0.000,0,0,0,0,0,0,0,0
47,-5,2,2,0.591,0,0,0.000,0,0,0,0,0,0,0,0
47,-2,-3,0,0.172,0,0,0.000,0,0,0,0,0,0,0,0
47,1,-5,0,0.111,0,0,0.000,0,0,0,0,0,0,0,0
47,-7,7,0,1.071,0,0,0.000,0,0,0,0,0,0,9,9
47,2,1,2,1.251,0,0,0.000,0,0,0,0,0,0,0,0
48,1,-4,2,0.511,0,0,0.000,0,0,0,0,0,0,0,0
48,-3,0,3,11.851,0,0,0.000,0,0,0,0,0,0,0,0
48,-2,2,3,0.221,0,0,0.000,0,0,0,0,0,0,0,0
48,-1,-1,3,0.151,0,0,0.000,0,0,0,0,0,0,0,0
48,0,1,3,0.111,0,0,0.000,0,0,0,0,0,0,0,0
48,-5,3,2,0.221,0,0,0.000,0,0,0,0,0,0,0,0
48,-1,1,3,1.461,0,0,0.000,0,0,0,0,0,0,0,0
48,-2,-1,3,0.341,0,0,0.000,0,0,0,0,0,0,0,0
48,0,4,3,0.471,0,0,0.000,0,0,0,0,0,0,0,0
48,3,-6,0,1.901,0,0,0.000,0,0,0,0,0,0,0,0
48,-2,4,3,0.222,0,0,0.000,0,0,0,0,0,0,0,0
48,-2,0,3,0.211,0,0,0.000,0,0,0,0,0,0,0,0
48,0,2,3,0.851,0,0,0.000,0,0,0,0,0,0,0,0
48,-4,3,3,0.182,0,0,0.000,0,0,0,0,0,0,0,0
48,-5,9,0,1.782,0,0,0.000,0,0,0,0,0,0,58,58
48,-7,6,1,1.971,0,0,0.000,0,0,0,0,0,0,0,0
48,-3,2,3,2.121,0,0,0.000,0,0,0,0,0,0,0,0
48,2,-1,2,0.591,0,0,0.000,0,0,0,0,0,0,0,0
48,0,-4,1,0.591,0,0,0.000,0,0,0,0,0,0,0,0
48,-2,5,3,0.151,0,0,0.000,0,0,0,0,0,0,0,0
48,-4,6,3,0.711,0,0,0.000,0,0,0,0,0,0,0,0
48,-1,5,2,0.201,0,0,0.000,0,0,0,0,0,0,0,0
48,0,-3,2,0.501,0,0,0.000,0,0,0,0,0,0,0,0
48,-6,8,0,1.191,0,0,0.000,0,0,0,0,0,0,9,9
48,-1,-2,3,0.441,0,0,0.000,0,0,0,0,0,0,0,0
48,-2,3,3,0.941,0,0,0.000,0,0,0,0,0,0,0,0
48,-4,5,3,0.211,0,0,0.000,0,0,0,0,0,0,0,0
48,1,-3,3,1.931,0,0,0.000,0,0,0,0,0,0,0,0
48,0,-2,3,0.141,0,0,0.000,0,0,0,0,0,0,0,0
48,0,3,3,0.471,0,0,0.000,0,0,0,0,0,0,0,0
48,-6,6,2,0.601,0,0,0.000,0,0,0,0,0,0,0,0
48,-2,6,2,0.761,0,0,0.000,0,0,0,0,0,0,0,0
48,-3,3,3,2.571,0,0,0.000,0,0,0,0,0,0,0,0
48,2,-2,2,0.271,0,0,0.000,0,0,0,0,0,0,0,0
48,-4,-2,2,0.271,0,0,0.000,0,0,0,0,0,0,0,0
48,2,2,1,0.151,0,0,0.000,0,0,0,0,0,0,0,0
48,-5,1,0,0.193,0,0,0.000,0,0,0,0,0,0,0,0
48,2,-3,2,0.271,0,0,0.000,0,0,0,0,0,0,0,0
48,-4,0,2,0.681,0,0,0.000,0,0,0,0,0,0,0,0
48,-3,4,3,0.361,0,0,0.000,0,0,0,0,0,0,0,0
48,-4,8,1,2.131,0,0,0.000,0,0,0,0,0,0,0,0
48,1,2,2,0.471,0,0,0.000,0,0,0,0,0,0,0,0
48,-6,2,0,0.431,0,0,0.000,0,0,0,0,0,0,0,0
48,-5,-2,0,0.711,0,0,0.000,0,0,0,0,0,0,0,0
48,3,1,1,0.201,0,0,0.000,0,0,0,0,0,0,0,0
48,-6,7,2,1.414,0,0,0.000,0,1,0,1,0,0,0,0
48,2,-4,2,0.901,0,0,0.000,0,0,0,0,0,0,0,0
48,-1,3,3,0.231,0,0,0.000,0,0,0,0,0,0,0,0
48,-1,2,3,0.631,0,0,0.000,0,0,0,0,0,0,0,0
48,-5,8,1,1.662,0,0,0.000,0,0,0,0,0,0,12,12
48,1,4,2,1.011,0,0,0.000,0,0,0,0,0,0,0,0
48,1,0,3,1.481,0,0,0.000,0,0,0,0,0,0,0,0
48,-2,1,3,1.291,0,0,0.000,0,0,0,0,0,0,0,0
48,-5,0,1,0.341,0,0,0.000,0,0,0,0,0,0,0,0
48,2,0,3,0.611,0,0,0.000,0,0,0,0,0,0,0,0
48,2,4,1,0.671,0,0,0.000,0,0,0,0,0,0,0,0
48,-6,3,0,0.432,0,0,0.000,0,0,0,0,0,0,0,0
48,3,0,0,0.371,0,0,0.000,0,0,0,0,0,0,0,0
48,-5,4,2,0.221,0,0,0.000,0,0,0,0,0,0,0,0
48,1,-2,3,1.141,0,0,0.000,0,0,0,0,0,0,0,0
48,-4,-3,0,0.483,0,0,0.000,0,0,0,0,0,0,0,0
48,3,-5,0,0.431,0,0,0.000,0,0,0,0,0,0,0,0
48,0,6,0,0.531,0,0,0.000,0,0,0,0,0,0,0,0
48,2,5,0,1.391,0,0,0.000,0,0,0,0,0,0,0,0
48,-3,7,0,1.081,0,0,0.000,0,0,0,0,0,0,0,0
48,-5,5,3,0.592,0,0,0.000,0,0,0,0,0,0,0,0
48,2,-5,1,5.901,0,0,0.000,0,0,0,0,0,0,0,0
48,4,-3,0,0.431,0,0,0.000,0,0,0,0,0,0,0,0
48,-3,-3,0,0.962,0,0,0.000,0,0,0,0,0,0,0,0
48,-3,-1,3,0.141,0,0,0.000,0,0,0,0,0,0,0,0
48,0,5,3,0.631,0,0,0.000,0,0,0,0,0,0,0,0
48,0,0,3,0.451,0,0,0.000,0,0,0,0,0,0,0,0
48,3,-1,0,0.281,0,0,0.000,0,0,0,0,0,0,0,0
48,-1,-4,0,0.482,0,0,0.000,0,0,0,0,0,0,0,0
48,3,-2,1,1.461,0,0,0.000,0,0,0,0,0,0,0,0
48,1,5,0,0.352,0,0,0.000,0,0,0,0,0,0,0,0
48,-3,-2,2,3.031,0,0,0.000,0,0,0,0,0,0,0,0
48,-1,0,3,2.011,0,0,0.000,0,0,0,0,0,0,0,0
48,-5,-1,1,1.451,0,0,0.000,0,0,0,0,0,0,0,0
48,0,-1,3,1.371,0,0,0.000,0,0,0,0,0,0,0,0
48,-2,7,0,2.113,0,0,0.000,0,0,0,0,0,0,0,0
48,-6,4,1,3.224,0,0,0.000,0,0,0,0,0,0,0,0
48,-4,4,3,0.371,0,0,0.000,0,0,0,0,0,0,0,0
48,1,1,3,0.291,0,0,0.000,0,0,0,0,0,0,0,0
48,3,-4,0,1.051,0,0,0.000,0,0,0,0,0,0,0,0
48,-4,-1,3,0.981,0,0,0.000,0,0,0,0,0,0,0,0
48,-1,4,3,1.991,0,0,0.000,0,0,0,0,0,0,0,0
48,1,3,3,0.151,0,0,0.000,0,0,0,0,0,0,0,0
48,2,3,0,0.431,0,0,0.000,0,0,0,0,0,0,0,0
48,-2,-2,3,0.181,0,0,0.000,0,0,0,0,0,0,0,0
48,3,-3,0,0.991,0,0,0.000,0,0,0,0,0,0,0,0
48,-4,7,2,0.831,0,0,0.000,0,0,0,0,0,0,0,0
48,-1,-3,2,0.191,0,0,0.000,0,0,0,0,0,0,0,0
48,-5,7,2,1.591,0,0,0.000,0,0,0,0,0,0,0,0
48,-1,6,1,1.561,0,0,0.000,0,0,0,0,0,0,0,0
48,-3,5,3,0.433,0,0,0.000,0,0,0,0,0,0,0,0
48,-7,8,0,0.692,1,0,0.772,1,0,0,0,0,1,207,207
48,-3,6,3,1.891,0,0,0.000,0,0,0,0,0,0,0,0
48,-5,6,3,0.621,0,0,0.000,0,0,0,0,0,0,0,0
48,-4,2,3,0.761,0,0,0.000,0,0,0,0,0,0,0,0
48,-3,1,3,0.521,0,0,0.000,0,0,0,0,0,0,0,0
48,-6,5,0,1.211,0,0,0.000,0,0,0,0,0,0,0,0
48,1,-1,3,0.181,0,0,0.000,0,0,0,0,0,0,0,0
48,-4,1,3,0.391,0,0,0.000,0,0,0,0,0,0,0,0
48,-5,2,2,1.131,0,0,0.000,0,0,0,0,0,0,0,0
48,-2,-3,0,0.172,0,0,0.000,0,0,0,0,0,0,0,0
48,1,-5,0,0.591,0,0,0.000,0,0,0,0,0,0,1,1
48,-7,7,0,1.071,0,0,0.000,0,0,0,0,0,0,12,12
48,2,1,2,0.171,0,0,0.000,0,0,0,0,0,0,0,0
49,1,-4,2,0.251,0,0,0.000,0,0,0,0,0,0,0,0
49,-3,0,3,0.411,0,0,0.000,0,0,0,0,0,0,0,0
49,-2,2,3,0.771,0,0,0.000,0,0,0,0,0,0,0,0
49,-1,-1,3,0.221,0,0,0.000,0,0,0,0,0,0,0,0
49,0,1,3,0.221,0,0,0.000,0,0,0,0,0,0,0,0
49,-5,3,2,0.221,0,0,0.000,0,0,0,0,0,0,0,0
49,-1,1,3,0.201,0,0,0.000,0,0,0,0,0,0,0,0
49,-2,-1,3,0.181,0,0,0.000,0,0,0,0,0,0,0,0
49,0,4,3,0.231,0,0,0.000,0,0,0,0,0,0,0,0
49,3,-6,0,0.701,0,0,0.000,0,0,0,0,0,0,1,1
49,-2,4,3,1.801,0,0,0.000,0,0,0,0,0,0,0,0
49,-2,0,3,0.461,0,0,0.000,0,0,0,0,0,0,0,0
49,0,2,3,1.581,0,0,0.000,0,0,0,0,0,0,0,0
49,-4,3,3,0.911,0,0,0.000,0,0,0,0,0,0,0,0
49,-5,9,0,0.851,2,0,0.971,1,0,0,0,0,2,64,64
49,-7,6,1,2.741,0,0,0.000,0,0,0,0,0,0,0,0
49,-3,2,3,0.621,0,0,0.000,0,0,0,0,0,0,0,0
49,2,-1,2,0.591,0,0,0.000,0,0,0,0,0,0,0,0
49,0,-4,1,0.411,0,0,0.000,0,0,0,0,0,0,0,0
49,-2,5,3,0.151,0,0,0.000,0,0,0,0,0,0,0,0
49,-4,6,3,0.471,0,0,0.000,0,0,0,0,0,0,0,0
49,-1,5,2,5.241,0,0,0.000,0,0,0,0,0,0,0,0
49,0,-3,2,1.691,0,0,0.000,0,0,0,0,0,0,0,0
49,-6,8,0,1.191,0,0,0.000,0,0,0,0,0,0,8,8
49,-1,-2,3,0.221,0,0,0.000,0,0,0,0,0,0,0,0
49,-2,3,3,1.891,0,0,0.000,0,0,0,0,0,0,0,0
49,-4,5,3,0.453,0,0,0.000,0,0,0,0,0,0,0,0
49,1,-3,3,1.461,0,0,0.000,0,0,0,0,0,0,0,0
49,0,-2,3,0.141,0,0,0.000,0,0,0,0,0,0,0,0
49,0,3,3,0.361,0,0,0.000,0,0,0,0,0,0,0,0
49,-6,6,2,0.501,0,0,0.000,0,0,0,0,0,0,0,0
49,-2,6,2,0.761,0,0,0.000,0,0,0,0,0,0,0,0
49,-3,3,3,0.201,0,0,0.000,0,0,0,0,0,0,0,0
49,2,-2,2,0.191,0,0,0.000,0,0,0,0,0,0,0,0
49,-4,-2,2,0.141,0,0,0.000,0,0,0,0,0,0,0,0
49,2,2,1,0.151,0,0,0.000,0,0,0,0,0,0,0,0
49,-5,1,0,0.193,0,0,0.000,0,0,0,0,0,0,0,0
49,2,-3,2,0.271,0,0,0.000,0,0,0,0,0,0,0,0
49,-4,0,2,2.901,0,0,0.000,0,0,0,0,0,0,0,0
49,-3,4,3,0.212,0,0,0.000,0,0,0,0,0,0,0,0
49,-4,8,1,1.171,0,0,0.000,0,0,0,0,0,0,0,0
49,1,2,2,0.301,0,0,0.000,0,0,0,0,0,0,0,0
49,-6,2,0,0.431,0,0,0.000,0,0,0,0,0,0,0,0
49,-5,-2,0,0.471,0,0,0.000,0,0,0,0,0,0,0,0
49,3,1,1,0.211,0,0,0.000,0,0,0,0,0,0,0,0
49,-6,7,2,1.993,0,0,0.000,0,0,0,0,0,0,0,0
49,2,-4,2,1.201,0,0,0.000,0,0,0,0,0,0,0,0
49,-1,3,3,1.361,0,0,0.000,0,0,0,0,0,0,0,0
49,-1,2,3,0.791,0,0,0.000,0,0,0,0,0,0,0,0
49,-5,8,1,1.421,0,0,0.000,0,1,0,2,0,0,18,18
49,1,4,2,0.331,0,0,0.000,0,0,0,0,0,0,0,0
49,1,0,3,1.041,0,0,0.000,0,0,0,0,0,0,0,0
49,-2,1,3,0.611,0,0,0.000,0,0,0,0,0,0,0,0
49,-5,0,1,1.191,0,0,0.000,0,0,0,0,0,0,0,0
49,2,0,3,0.611,0,0,0.000,0,0,0,0,0,0,0,0
49,2,4,1,0.871,0,0,0.000,0,0,0,0,0,0,0,0
49,-6,3,0,0.501,0,0,0.000,0,0,0,0,0,0,0,0
49,3,0,0,0.561,0,0,0.000,0,0,0,0,0,0,0,0
49,-5,4,2,0.221,0,0,0.000,0,0,0,0,0,0,0,0
49,1,-2,3,0.911,0,0,0.000,0,0,0,0,0,0,0,0
49,-4,-3,0,0.471,0,0,0.000,0,0,0,0,0,0,0,0
49,3,-5,0,0.521,0,0,0.000,0,0,0,0,0,0,0,0
49,0,6,0,0.451,0,0,0.000,0,0,0,0,0,0,0,0
49,2,5,0,1.671,0,0,0.000,0,0,0,0,0,0,0,0
49,-3,7,0,1.081,0,0,0.000,0,0,0,0,0,0,0,0
49,-5,5,3,1.202,0,0,0.000,0,0,0,0,0,0,0,0
49,2,-5,1,0.461,0,0,0.000,0,0,0,0,0,0,0,0
49,4,-3,0,0.431,0,0,0.000,0,0,0,0,0,0,0,0
49,-3,-3,0,0.112,0,0,0.000,0,0,0,0,0,0,0,0
49,-3,-1,3,0.111,0,0,0.000,0,0,0,0,0,0,0,0
49,0,5,3,0.791,0,0,0.000,0,0,0,0,0,0,0,0
49,0,0,3,1.161,0,0,0.000,0,0,0,0,0,0,0,0
49,3,-1,0,0.141,0,0,0.000,0,0,0,0,0,0,0,0
49,-1,-4,0,0.312,0,0,0.000,0,0,0,0,0,0,0,0
49,3,-2,1,0.831,0,0,0.000,0,0,0,0,0,0,0,0
49,1,5,0,1.111,0,0,0.000,0,0,0,0,0,0,0,0
49,-3,-2,2,0.181,0,0,0.000,0,0,0,0,0,0,0,0
49,-1,0,3,0.381,0,0,0.000,0,0,0,0,0,0,0,0
49,-5,-1,1,0.651,0,0,0.000,0,0,0,0,0,0,0,0
49,0,-1,3,0.411,0,0,0.000,0,0,0,0,0,0,0,0
49,-2,7,0,1.321,0,0,0.000,0,0,0,0,0,0,0,0
49,-6,4,1,1.282,0,0,0.000,0,0,0,0,0,0,0,0
49,-4,4,3,0.181,0,0,0.000,0,0,0,0,0,0,0,0
49,1,1,3,0.391,0,0,0.000,0,0,0,0,0,0,0,0
49,3,-4,0,0.471,0,0,0.000,0,0,0,0,0,0,0,0
49,-4,-1,3,0.481,0,0,0.000,0,0,0,0,0,0,0,0
49,-1,4,3,0.281,0,0,0.000,0,0,0,0,0,0,0,0
49,1,3,3,0.291,0,0,0.000,0,0,0,0,0,0,0,0
49,2,3,0,0.301,0,0,0.000,0,0,0,0,0,0,0,0
49,-2,-2,3,2.611,0,0,0.000,0,0,0,0,0,0,0,0
49,3,-3,0,1.091,0,0,0.000,0,0,0,0,0,0,0,0
49,-4,7,2,0.531,0,0,0.000,0,0,0,0,0,0,0,0
49,-1,-3,2,0.591,0,0,0.000,0,0,0,0,0,0,0,0
49,-5,7,2,2.401,0,0,0.000,0,0,0,0,0,0,0,0
49,-1,6,1,0.561,0,0,0.000,0,0,0,0,0,0,0,0
49,-3,5,3,0.611,0,0,0.000,0,0,0,0,0,0,0,0
49,-7,8,0,0.691,0,0,0.000,0,0,0,0,0,0,200,200
49,-3,6,3,0.371,0,0,0.000,0,0,0,0,0,0,0,0
49,-5,6,3,1.671,0,0,0.000,0,0,0,0,0,0,0,0
49,-4,2,3,0.101,0,0,0.000,0,0,0,0,0,0,0,0
49,-3,1,3,1.221,0,0,0.000,0,0,0,0,0,0,0,0
49,-6,5,0,0.413,0,0,0.000,0,0,0,0,0,0,0,0
49,1,-1,3,0.181,0,0,0.000,0,0,0,0,0,0,0,0
49,-4,1,3,0.391,0,0,0.000,0,0,0,0,0,0,0,0
49,-5,2,2,0.711,0,0,0.000,0,0,0,0,0,0,0,0
49,-2,-3,0,0.172,0,0,0.000,0,0,0,0,0,0,0,0
49,1,-5,0,0.111,0,0,0.000,0,0,0,0,0,0,1,1
49,-7,7,0,2.331,0,0,0.000,0,0,0,0,0,0,14,14
49,2,1,2,0.171,0,0,0.000,0,0,0,0,0,0,0,0
50,1,-4,2,0.251,0,0,0.000,0,0,0,0,0,0,0,0
50,-3,0,3,1.451,0,0,0.000,0,0,0,0,0,0,0,0
50,-2,2,3,0.381,0,0,0.000,0,0,0,0,0,0,0,0
50,-1,-1,3,0.121,0,0,0.000,0,0,0,0,0,0,0,0
50,0,1,3,0.111,0,0,0.000,0,0,0,0,0,0,0,0
50,-5,3,2,0.451,0,0,0.000,0,0,0,0,0,0,0,0
50,-1,1,3,0.591,0,0,0.000,0,0,0,0,0,0,0,0
50,-2,-1,3,0.181,0,0,0.000,0,0,0,0,0,0,0,0
50,0,4,3,0.231,0,0,0.000,0,0,0,0,0,0,0,0
50,3,-6,0,0.701,0,0,0.000,0,0,0,0,0,0,0,0
50,-2,4,3,0.881,0,0,0.000,0,0,0,0,0,0,0,0
50,-2,0,3,0.431,0,0,0.000,0,0,0,0,0,0,0,0
50,0,2,3,0.381,0,0,0.000,0,0,0,0,0,0,0,0
50,-4,3,3,1.291,0,0,0.000,0,0,0,0,0,0,0,0
50,-5,9,0,1.151,1,0,1.261,1,0,0,0,0,1,49,49
50,-7,6,1,0.871,0,0,0.000,0,0,0,0,0,0,1,1
50,-3,2,3,0.331,0,0,0.000,0,0,0,0,0,0,0,0
50,2,-1,2,0.291,0,0,0.000,0,0,0,0,0,0,0,0
50,0,-4,1,0.621,0,0,0.000,0,0,0,0,0,0,0,0
50,-2,5,3,1.061,0,0,0.000,0,0,0,0,0,0,0,0
50,-4,6,3,0.561,0,0,0.000,0,0,0,0,0,0,0,0
50,-1,5,2,2.301,0,0,0.000,0,0,0,0,0,0,0,0
50,0,-3,2,0.891,0,0,0.000,0,0,0,0,0,0,0,0
50,-6,8,0,1.991,0,0,0.000,0,0,0,0,0,0,10,10
50,-1,-2,3,0.441,0,0,0.000,0,0,0,0,0,0,0,0
50,-2,3,3,0.371,0,0,0.000,0,0,0,0,0,0,0,0
50,-4,5,3,1.531,0,0,0.000,0,0,0,0,0,0,0,0
50,1,-3,3,30.000,0,0,0.000,0,0,0,0,0,0,0,0
50,0,-2,3,0.141,0,0,0.000,0,0,0,0,0,0,0,0
50,0,3,3,0.261,0,0,0.000,0,0,0,0,0,0,0,0
50,-6,6,2,0.501,0,0,0.000,0,0,0,0,0,0,0,0
50,-2,6,2,0.761,0,0,0.000,0,0,0,0,0,0,0,0
50,-3,3,3,1.461,0,0,0.000,0,0,0,0,0,0,0,0
50,2,-2,2,0.191,0,0,0.000,0,0,0,0,0,0,0,0
50,-4,-2,2,0.721,0,0,0.000,0,0,0,0,0,0,0,0
50,2,2,1,0.151,0,0,0.000,0,0,0,0,0,0,0,0
50,-5,1,0,3.161,0,0,0.000,0,0,0,0,0,0,0,0
50,2,-3,2,0.261,0,0,0.000,0,0,0,0,0,0,0,0
50,-4,0,2,0.681,0,0,0.000,0,0,0,0,0,0,0,0
50,-3,4,3,1.081,0,0,0.000,0,0,0,0,0,0,0,0
50,-4,8,1,2.371,0,0,0.000,0,0,0,0,0,0,0,0
50,1,2,2,0.511,0,0,0.000,0,0,0,0,0,0,0,0
50,-6,2,0,0.431,0,0,0.000,0,0,0,0,0,0,0,0
50,-5,-2,0,0.471,0,0,0.000,0,0,0,0,0,0,0,0
50,3,1,1,0.302,0,0,0.000,0,0,0,0,0,0,0,0
50,-6,7,2,0.943,0,0,0.000,0,0,0,0,0,0,0,0
50,2,-4,2,1.521,0,0,0.000,0,0,0,0,0,0,0,0
50,-1,3,3,0.631,0,0,0.000,0,0,0,0,0,0,0,0
50,-1,2,3,0.631,0,0,0.000,0,0,0,0,0,0,0,0
50,-5,8,1,0.812,0,0,0.000,0,1,0,1,0,0,8,8
50,1,4,2,0.331,0,0,0.000,0,0,0,0,0,0,0,0
50,1,0,3,0.241,0,0,0.000,0,0,0,0,0,0,0,0
50,-2,1,3,1.661,0,0,0.000,0,0,0,0,0,0,0,0
50,-5,0,1,0.481,0,0,0.000,0,0,0,0,0,0,0,0
50,2,0,3,1.901,0,0,0.000,0,0,0,0,0,0,0,0
50,2,4,1,0.331,0,0,0.000,0,0,0,0,0,0,0,0
50,-6,3,0,0.432,0,0,0.000,0,0,0,0,0,0,0,0
50,3,0,0,0.212,0,0,0.000,0,0,0,0,0,0,0,0
50,-5,4,2,0.451,0,0,0.000,0,0,0,0,0,0,0,0
50,1,-2,3,30.000,0,0,0.000,0,0,0,0,0,0,0,0
50,-4,-3,0,0.911,0,0,0.000,0,0,0,0,0,0,0,0
50,3,-5,0,0.791,0,0,0.000,0,0,0,0,0,0,0,0
50,0,6,0,1.331,0,0,0.000,0,0,0,0,0,0,0,0
50,2,5,0,0.761,0,0,0.000,0,0,0,0,0,0,0,0
50,-3,7,0,1.081,0,0,0.000,0,0,0,0,0,0,0,0
50,-5,5,3,1.571,0,0,0.000,0,0,0,0,0,0,0,0
50,2,-5,1,0.461,0,0,0.000,0,0,0,0,0,0,0,0
50,4,-3,0,0.951,0,0,0.000,0,0,0,0,0,0,0,0
50,-3,-3,0,0.331,0,0,0.000,0,0,0,0,0,0,0,0
50,-3,-1,3,0.351,0,0,0.000,0,0,0,0,0,0,0,0
50,0,5,3,1.111,0,0,0.000,0,0,0,0,0,0,0,0
50,0,0,3,1.231,0,0,0.000,0,0,0,0,0,0,0,0
50,3,-1,0,1.031,0,0,0.000,0,0,0,0,0,0,0,0
50,-1,-4,0,0.152,0,0,0.000,0,0,0,0,0,0,0,0
50,3,-2,1,0.432,0,0,0.000,0,0,0,0,0,0,0,0
50,1,5,0,0.352,0,0,0.000,0,0,0,0,0,0,0,0
50,-3,-2,2,0.371,0,0,0.000,0,0,0,0,0,0,0,0
50,-1,0,3,0.861,0,0,0.000,0,0,0,0,0,0,0,0
50,-5,-1,1,1.911,0,0,0.000,0,0,0,0,0,0,0,0
50,0,-1,3,0.191,0,0,0.000,0,0,0,0,0,0,0,0
50,-2,7,0,1.061,0,0,0.000,0,0,0,0,0,0,0,0
50,-6,4,1,0.581,0,0,0.000,0,0,0,0,0,0,0,0
50,-4,4,3,0.371,0,0,0.000,0,0,0,0,0,0,0,0
50,1,1,3,0.391,0,0,0.000,0,0,0,0,0,0,0,0
50,3,-4,0,1.771,0,0,0.000,0,0,0,0,0,0,0,0
50,-4,-1,3,1.091,0,0,0.000,0,0,0,0,0,0,0,0
50,-1,4,3,0.471,0,0,0.000,0,0,0,0,0,0,0,0
50,1,3,3,0.451,0,0,0.000,0,0,0,0,0,0,0,0
50,2,3,0,0.431,0,0,0.000,0,0,0,0,0,0,0,0
50,-2,-2,3,0.851,0,0,0.000,0,0,0,0,0,0,0,0
50,3,-3,0,1.181,0,0,0.000,0,0,0,0,0,0,0,0
50,-4,7,2,0.711,0,0,0.000,0,0,0,0,0,0,0,0
50,-1,-3,2,0.391,0,0,0.000,0,0,0,0,0,0,0,0
50,-5,7,2,1.591,0,0,0.000,0,0,0,0,0,0,0,0
50,-1,6,1,0.391,0,0,0.000,0,0,0,0,0,0,0,0
50,-3,5,3,0.132,0,0,0.000,0,0,0,0,0,0,0,0
50,-7,8,0,0.722,0,0,0.000,0,0,0,0,0,0,218,218
50,-3,6,3,0.561,0,0,0.000,0,0,0,0,0,0,0,0
50,-5,6,3,0.621,0,0,0.000,0,0,0,0,0,0,0,0
50,-4,2,3,0.101,0,0,0.000,0,0,0,0,0,0,0,0
50,-3,1,3,1.981,0,0,0.000,0,0,0,0,0,0,0,0
50,-6,5,0,0.371,0,0,0.000,0,0,0,0,0,0,0,0
50,1,-1,3,0.761,0,0,0.000,0,0,0,0,0,0,0,0
50,-4,1,3,2.591,0,0,0.000,0,0,0,0,0,0,0,0
50,-5,2,2,0.771,0,0,0.000,0,0,0,0,0,0,0,0
50,-2,-3,0,0.701,0,0,0.000,0,0,0,0,0,0,0,0
50,1,-5,0,0.111,0,0,0.000,0,0,0,0,0,0,0,0
50,-7,7,0,3.051,0,0,0.000,0,0,0,0,0,0,11,11
50,2,1,2,1.611,0,0,0.000,0,0,0,0,0,0,0,0
51,1,-4,2,1.811,0,0,0.000,0,0,0,0,0,0,0,0
51,-3,0,3,0.411,0,0,0.000,0,0,0,0,0,0,0,0
51,-2,2,3,0.311,0,0,0.000,0,0,0,0,0,0,0,0
51,-1,-1,3,0.121,0,0,0.000,0,0,0,0,0,0,0,0
51,0,1,3,0.221,0,0,0.000,0,0,0,0,0,0,0,0
51,-5,3,2,0.221,0,0,0.000,0,0,0,0,0,0,0,0
51,-1,1,3,0.381,0,0,0.000,0,0,0,0,0,0,0,0
51,-2,-1,3,0.181,0,0,0.000,0,0,0,0,0,0,0,0
51,0,4,3,0.471,0,0,0.000,0,0,0,0,0,0,0,0
51,3,-6,0,0.471,0,0,0.000,0,0,0,0,0,0,0,0
51,-2,4,3,0.441,0,0,0.000,0,0,0,0,0,0,0,0
51,-2,0,3,0.211,0,0,0.000,0,0,0,0,0,0,0,0
51,0,2,3,0.451,0,0,0.000,0,0,0,0,0,0,0,0
51,-4,3,3,0.182,0,0,0.000,0,0,0,0,0,0,0,0
51,-5,9,0,1.782,0,0,0.000,0,0,0,0,0,0,68,68
51,-7,6,1,1.163,0,0,0.000,0,0,0,0,0,0,0,0
51,-3,2,3,1.691,0,0,0.000,0,0,0,0,0,0,0,0
51,2,-1,2,1.881,0,0,0.000,0,0,0,0,0,0,0,0
51,0,-4,1,0.591,0,0,0.000,0,0,0,0,0,0,0,0
51,-2,5,3,1.151,0,0,0.000,0,0,0,0,0,0,0,0
51,-4,6,3,0.963,0,0,0.000,0,0,0,0,0,0,0,0
51,-1,5,2,2.721,0,0,0.000,0,0,0,0,0,0,0,0
51,0,-3,2,0.161,0,0,0.000,0,0,0,0,0,0,0,0
51,-6,8,0,1.591,0,0,0.000,0,0,0,0,0,0,11,11
51,-1,-2,3,0.221,0,0,0.000,0,0,0,0,0,0,0,0
51,-2,3,3,1.321,0,0,0.000,0,0,0,0,0,0,0,0
51,-4,5,3,0.651,0,0,0.000,0,0,0,0,0,0,0,0
51,1,-3,3,1.251,0,0,0.000,0,0,0,0,0,0,0,0
51,0,-2,3,0.141,0,0,0.000,0,0,0,0,0,0,0,0
51,0,3,3,2.021,0,0,0.000,0,0,0,0,0,0,0,0
51,-6,6,2,0.501,0,0,0.000,0,0,0,0,0,0,0,0
51,-2,6,2,0.591,0,0,0.000,0,0,0,0,0,0,0,0
51,-3,3,3,0.411,0,0,0.000,0,0,0,0,0,0,0,0
51,2,-2,2,0.311,0,0,0.000,0,0,0,0,0,0,0,0
51,-4,-2,2,0.571,0,0,0.000,0,0,0,0,0,0,0,0
51,2,2,1,0.411,0,0,0.000,0,0,0,0,0,0,0,0
51,-5,1,0,0.361,0,0,0.000,0,0,0,0,0,0,0,0
51,2,-3,2,0.241,0,0,0.000,0,0,0,0,0,0,0,0
51,-4,0,2,1.061,0,0,0.000,0,0,0,0,0,0,0,0
51,-3,4,3,0.531,0,0,0.000,0,0,0,0,0,0,0,0
51,-4,8,1,2.611,0,0,0.000,0,0,0,0,0,0,1,1
51,1,2,2,0.471,0,0,0.000,0,0,0,0,0,0,0,0
51,-6,2,0,0.521,0,0,0.000,0,0,0,0,0,0,0,0
51,-5,-2,0,0.871,0,0,0.000,0,0,0,0,0,0,0,0
51,3,1,1,0.411,0,0,0.000,0,0,0,0,0,0,0,0
51,-6,7,2,0.752,0,0,0.000,0,1,0,1,0,0,0,0
51,2,-4,2,0.212,0,0,0.000,0,0,0,0,0,0,0,0
51,-1,3,3,0.451,0,0,0.000,0,0,0,0,0,0,0,0
51,-1,2,3,1.111,0,0,0.000,0,0,0,0,0,0,0,0
51,-5,8,1,1.532,0,0,0.000,0,0,0,0,0,0,13,13
51,1,4,2,3.222,0,0,0.000,0,0,0,0,0,0,0,0
51,1,0,3,0.161,0,0,0.000,0,0,0,0,0,0,0,0
51,-2,1,3,0.521,0,0,0.000,0,0,0,0,0,0,0,0
51,-5,0,1,4.221,0,0,0.000,0,0,0,0,0,0,0,0
51,2,0,3,0.611,0,0,0.000,0,0,0,0,0,0,0,0
51,2,4,1,0.161,0,0,0.000,0,0,0,0,0,0,0,0
51,-6,3,0,1.071,0,0,0.000,0,0,0,0,0,0,0,0
51,3,0,0,0.781,0,0,0.000,0,0,0,0,0,0,0,0
51,-5,4,2,2.291,0,0,0.000,0,0,0,0,0,0,0,0
51,1,-2,3,5.511,0,0,0.000,0,0,0,0,0,0,0,0
51,-4,-3,0,0.911,0,0,0.000,0,0,0,0,0,0,0,0
51,3,-5,0,0.724,0,0,0.000,0,0,0,0,0,0,0,0
51,0,6,0,1.331,0,0,0.000,0,0,0,0,0,0,0,0
51,2,5,0,1.251,0,0,0.000,0,0,0,0,0,0,0,0
51,-3,7,0,14.281,0,0,0.000,0,0,0,0,0,0,0,0
51,-5,5,3,0.392,0,0,0.000,0,0,0,0,0,0,0,0
51,2,-5,1,0.291,0,0,0.000,0,0,0,0,0,0,0,0
51,4,-3,0,2.801,0,0,0.000,0,0,0,0,0,0,0,0
51,-3,-3,0,0.112,0,0,0.000,0,0,0,0,0,0,0,0
51,-3,-1,3,0.281,0,0,0.000,0,0,0,0,0,0,0,0
51,0,5,3,1.111,0,0,0.000,0,0,0,0,0,0,0,0
51,0,0,3,0.451,0,0,0.000,0,0,0,0,0,0,0,0
51,3,-1,0,0.591,0,0,0.000,0,0,0,0,0,0,0,0
51,-1,-4,0,0.162,0,0,0.000,0,0,0,0,0,0,0,0
51,3,-2,1,0.621,0,0,0.000,0,0,0,0,0,0,0,0
51,1,5,0,0.391,0,0,0.000,0,0,0,0,0,0,0,0
51,-3,-2,2,0.561,0,0,0.000,0,0,0,0,0,0,0,0
51,-1,0,3,3.461,0,0,0.000,0,0,0,0,0,0,0,0
51,-5,-1,1,1.752,0,0,0.000,0,0,0,0,0,0,0,0
51,0,-1,3,1.321,0,0,0.000,0,0,0,0,0,0,0,0
51,-2,7,0,1.321,0,0,0.000,0,0,0,0,0,0,0,0
51,-6,4,1,1.611,0,0,0.000,0,0,0,0,0,0,0,0
51,-4,4,3,0.371,0,0,0.000,0,0,0,0,0,0,0,0
51,1,1,3,0.291,0,0,0.000,0,0,0,0,0,0,0,0
51,3,-4,0,0.253,0,0,0.000,0,0,0,0,0,0,0,0
51,-4,-1,3,0.981,0,0,0.000,0,0,0,0,0,0,0,0
51,-1,4,3,1.302,0,0,0.000,0,0,0,0,0,0,0,0
51,1,3,3,0.151,0,0,0.000,0,0,0,0,0,0,0,0
51,2,3,0,0.301,0,0,0.000,0,0,0,0,0,0,0,0
51,-2,-2,3,1.281,0,0,0.000,0,0,0,0,0,0,0,0
51,3,-3,0,1.061,0,0,0.000,0,0,0,0,0,0,0,0
51,-4,7,2,0.471,0,0,0.000,0,0,0,0,0,0,0,0
51,-1,-3,2,1.391,0,0,0.000,0,0,0,0,0,0,0,0
51,-5,7,2,1.591,0,0,0.000,0,0,0,0,0,0,0,0
51,-1,6,1,2.561,0,0,0.000,0,0,0,0,0,0,0,0
51,-3,5,3,0.331,0,0,0.000,0,0,0,0,0,0,0,0
51,-7,8,0,0.722,1,0,0.802,1,0,0,0,0,1,209,209
51,-3,6,3,1.141,0,0,0.000,0,0,0,0,0,0,0,0
51,-5,6,3,1.761,0,0,0.000,0,0,0,0,0,0,0,0
51,-4,2,3,0.101,0,0,0.000,0,0,0,0,0,0,0,0
51,-3,1,3,0.271,0,0,0.000,0,0,0,0,0,0,0,0
51,-6,5,0,0.791,0,0,0.000,0,0,0,0,0,0,0,0
51,1,-1,3,0.751,0,0,0.000,0,0,0,0,0,0,0,0
51,-4,1,3,0.191,0,0,0.000,0,0,0,0,0,0,0,0
51,-5,2,2,0.171,0,0,0.000,0,0,0,0,0,0,0,0
51,-2,-3,0,0.491,0,0,0.000,0,0,0,0,0,0,0,0
51,1,-5,0,0.111,0,0,0.000,0,0,0,0,0,0,0,0
51,-7,7,0,1.431,0,0,0.000,0,0,0,0,0,0,14,14
51,2,1,2,30.000,0,0,0.000,0,0,0,0,0,0,0,0
52,1,-4,2,0.251,0,0,0.000,0,0,0,0,0,0,0,0
52,-3,0,3,1.451,0,0,0.000,0,0,0,0,0,0,0,0
52,-2,2,3,1.001,0,0,0.000,0,0,0,0,0,0,0,0
52,-1,-1,3,0.121,0,0,0.000,0,0,0,0,0,0,0,0
52,0,1,3,0.111,0,0,0.000,0,0,0,0,0,0,0,0
52,-5,3,2,0.681,0,0,0.000,0,0,0,0,0,0,0,0
52,-1,1,3,0.201,0,0,0.000,0,0,0,0,0,0,0,0
52,-2,-1,3,1.781,0,0,0.000,0,0,0,0,0,0,0,0
52,0,4,3,0.231,0,0,0.000,0,0,0,0,0,0,0,0
52,3,-6,0,1.722,0,0,0.000,0,0,0,0,0,0,0,0
52,-2,4,3,0.421,0,0,0.000,0,0,0,0,0,0,0,0
52,-2,0,3,0.431,0,0,0.000,0,0,0,0,0,0,0,0
52,0,2,3,0.251,0,0,0.000,0,0,0,0,0,0,0,0
52,-4,3,3,1.861,0,0,0.000,0,0,0,0,0,0,0,0
52,-5,9,0,1.452,1,0,1.562,1,0,0,0,0,1,47,47
52,-7,6,1,2.961,0,0,0.000,0,0,0,0,0,0,0,0
52,-3,2,3,2.121,0,0,0.000,0,0,0,0,0,0,0,0
52,2,-1,2,0.381,0,0,0.000,0,0,0,0,0,0,0,0
52,0,-4,1,0.381,0,0,0.000,0,0,0,0,0,0,0,0
52,-2,5,3,0.151,0,0,0.000,0,0,0,0,0,0,0,0
52,-4,6,3,1.431,0,0,0.000,0,0,0,0,0,0,0,0
52,-1,5,2,0.201,0,0,0.000,0,0,0,0,0,0,0,0
52,0,-3,2,0.161,0,0,0.000,0,0,0,0,0,0,0,0
52,-6,8,0,1.991,0,0,0.000,0,0,0,0,0,0,5,5
52,-1,-2,3,2.511,0,0,0.000,0,0,0,0,0,0,0,0
52,-2,3,3,0.371,0,0,0.000,0,0,0,0,0,0,0,0
52,-4,5,3,0.234,0,0,0.000,0,0,0,0,0,0,0,0
52,1,-3,3,0.411,0,0,0.000,0,0,0,0,0,0,0,0
52,0,-2,3,0.681,0,0,0.000,0,0,0,0,0,0,0,0
52,0,3,3,0.411,0,0,0.000,0,0,0,0,0,0,0,0
52,-6,6,2,2.981,0,0,0.000,0,0,0,0,0,0,0,0
52,-2,6,2,0.761,0,0,0.000,0,0,0,0,0,0,0,0
52,-3,3,3,0.411,0,0,0.000,0,0,0,0,0,0,0,0
52,2,-2,2,0.391,0,0,0.000,0,0,0,0,0,0,0,0
52,-4,-2,2,0.614,0,0,0.000,0,0,0,0,0,0,0,0
52,2,2,1,1.092,0,0,0.000,0,0,0,0,0,0,0,0
52,-5,1,0,3.161,0,0,0.000,0,0,0,0,0,0,0,0
52,2,-3,2,0.131,0,0,0.000,0,0,0,0,0,0,0,0
52,-4,0,2,1.601,0,0,0.000,0,0,0,0,0,0,0,0
52,-3,4,3,0.381,0,0,0.000,0,0,0,0,0,0,0,0
52,-4,8,1,1.411,0,0,0.000,0,0,0,0,0,0,0,0
52,1,2,2,1.601,0,0,0.000,0,0,0,0,0,0,0,0
52,-6,2,0,0.651,0,0,0.000,0,0,0,0,0,0,0,0
52,-5,-2,0,1.671,0,0,0.000,0,0,0,0,0,0,0,0
52,3,1,1,1.341,0,0,0.000,0,0,0,0,0,0,0,0
52,-6,7,2,2.161,0,0,0.000,0,0,0,0,0,0,0,0
52,2,-4,2,2.081,0,0,0.000,0,0,0,0,0,0,0,0
52,-1,3,3,0.231,0,0,0.000,0,0,0,0,0,0,0,0
52,-1,2,3,0.631,0,0,0.000,0,0,0,0,0,0,0,0
52,-5,8,1,0.982,0,0,0.000,0,1,0,1,0,0,17,17
52,1,4,2,3.222,0,0,0.000,0,0,0,0,0,0,0,0
52,1,0,3,0.361,0,0,0.000,0,0,0,0,0,0,0,0
52,-2,1,3,0.331,0,0,0.000,0,0,0,0,0,0,0,0
52,-5,0,1,0.271,0,0,0.000,0,0,0,0,0,0,0,0
52,2,0,3,1.541,0,0,0.000,0,0,0,0,0,0,0,0
52,2,4,1,0.331,0,0,0.000,0,0,0,0,0,0,0,0
52,-6,3,0,0.432,0,0,0.000,0,0,0,0,0,0,0,0
52,3,0,0,0.371,0,0,0.000,0,0,0,0,0,0,0,0
52,-5,4,2,17.991,0,0,0.000,0,0,0,0,0,0,0,0
52,1,-2,3,4.131,0,0,0.000,0,0,0,0,0,0,0,0
52,-4,-3,0,0.742,0,0,0.000,0,0,0,0,0,0,0,0
52,3,-5,0,0.521,0,0,0.000,0,0,0,0,0,0,0,0
52,0,6,0,1.341,0,0,0.000,0,0,0,0,0,0,0,0
52,2,5,0,1.251,0,0,0.000,0,0,0,0,0,0,0,0
52,-3,7,0,0.861,0,0,0.000,0,0,0,0,0,0,0,0
52,-5,5,3,0.971,0,0,0.000,0,0,0,0,0,0,0,0
52,2,-5,1,0.291,0,0,0.000,0,0,0,0,0,0,0,0
52,4,-3,0,0.283,0,0,0.000,0,0,0,0,0,0,0,0
52,-3,-3,0,0.211,0,0,0.000,0,0,0,0,0,0,0,0
52,-3,-1,3,0.111,0,0,0.000,0,0,0,0,0,0,0,0
52,0,5,3,0.471,0,0,0.000,0,0,0,0,0,0,0,0
52,0,0,3,1.681,0,0,0.000,0,0,0,0,0,0,0,0
52,3,-1,0,0.141,0,0,0.000,0,0,0,0,0,0,0,0
52,-1,-4,0,1.101,0,0,0.000,0,0,0,0,0,0,0,0
52,3,-2,1,0.201,0,0,0.000,0,0,0,0,0,0,0,0
52,1,5,0,0.631,0,0,0.000,0,0,0,0,0,0,0,0
52,-3,-2,2,0.941,0,0,0.000,0,0,0,0,0,0,0,0
52,-1,0,3,0.211,0,0,0.000,0,0,0,0,0,0,0,0
52,-5,-1,1,1.531,0,0,0.000,0,0,0,0,0,0,0,0
52,0,-1,3,0.571,0,0,0.000,0,0,0,0,0,0,0,0
52,-2,7,0,0.621,0,0,0.000,0,0,0,0,0,0,1,1
52,-6,4,1,1.321,0,0,0.000,0,0,0,0,0,0,0,0
52,-4,4,3,0.751,0,0,0.000,0,0,0,0,0,0,0,0
52,1,1,3,0.291,0,0,0.000,0,0,0,0,0,0,0,0
52,3,-4,0,0.483,0,0,0.000,0,0,0,0,0,0,0,0
52,-4,-1,3,0.481,0,0,0.000,0,0,0,0,0,0,0,0
52,-1,4,3,2.941,0,0,0.000,0,0,0,0,0,0,0,0
52,1,3,3,0.151,0,0,0.000,0,0,0,0,0,0,0,0
52,2,3,0,0.521,0,0,0.000,0,0,0,0,0,0,0,0
52,-2,-2,3,30.000,0,0,0.000,0,0,0,0,0,0,0,0
52,3,-3,0,0.431,0,0,0.000,0,0,0,0,0,0,0,0
52,-4,7,2,0.591,0,0,0.000,0,0,0,0,0,0,0,0
52,-1,-3,2,0.391,0,0,0.000,0,0,0,0,0,0,0,0
52,-5,7,2,3.481,0,0,0.000,0,0,0,0,0,0,0,0
52,-1,6,1,1.561,0,0,0.000,0,0,0,0,0,0,0,0
52,-3,5,3,0.711,0,0,0.000,0,0,0,0,0,0,0,0
52,-7,8,0,0.722,0,0,0.000,0,0,0,0,0,0,201,201
52,-3,6,3,0.751,0,0,0.000,0,0,0,0,0,0,0,0
52,-5,6,3,0.621,0,0,0.000,0,0,0,0,0,0,0,0
52,-4,2,3,0.651,0,0,0.000,0,0,0,0,0,0,0,0
52,-3,1,3,1.281,0,0,0.000,0,0,0,0,0,0,0,0
52,-6,5,0,1.382,0,0,0.000,0,0,0,0,0,0,0,0
52,1,-1,3,1.131,0,0,0.000,0,0,0,0,0,0,0,0
52,-4,1,3,0.591,0,0,0.000,0,0,0,0,0,0,0,0
52,-5,2,2,0.351,0,0,0.000,0,0,0,0,0,0,0,0
52,-2,-3,0,0.311,0,0,0.000,0,0,0,0,0,0,0,0
52,1,-5,0,0.231,0,0,0.000,0,0,0,0,0,0,0,0
52,-7,7,0,4.491,0,0,0.000,0,0,0,0,0,0,13,13
52,2,1,2,0.351,0,0,0.000,0,0,0,0,0,0,0,0
53,1,-4,2,1.811,0,0,0.000,0,0,0,0,0,0,0,0
53,-3,0,3,2.111,0,0,0.000,0,0,0,0,0,0,0,0
53,-2,2,3,0.221,0,0,0.000,0,0,0,0,0,0,0,0
53,-1,-1,3,0.121,0,0,0.000,0,0,0,0,0,0,0,0
53,0,1,3,0.111,0,0,0.000,0,0,0,0,0,0,0,0
53,-5,3,2,1.601,0,0,0.000,0,0,0,0,0,0,0,0
53,-1,1,3,1.461,0,0,0.000,0,0,0,0,0,0,0,0
53,-2,-1,3,0.321,0,0,0.000,0,0,0,0,0,0,0,0
53,0,4,3,1.191,0,0,0.000,0,0,0,0,0,0,0,0
53,3,-6,0,1.001,0,0,0.000,0,0,0,0,0,0,0,0
53,-2,4,3,1.341,0,0,0.000,0,0,0,0,0,0,0,0
53,-2,0,3,0.211,0,0,0.000,0,0,0,0,0,0,0,0
53,0,2,3,0.381,0,0,0.000,0,0,0,0,0,0,0,0
53,-4,3,3,2.431,0,0,0.000,0,0,0,0,0,0,0,0
53,-5,9,0,1.301,1,0,1.401,1,0,0,0,0,1,52,52
53,-7,6,1,0.943,0,0,0.000,0,0,0,0,0,0,0,0
53,-3,2,3,0.161,0,0,0.000,0,0,0,0,0,0,0,0
53,2,-1,2,2.091,0,0,0.000,0,0,0,0,0,0,0,0
53,0,-4,1,2.061,0,0,0.000,0,0,0,0,0,0,0,0
53,-2,5,3,0.151,0,0,0.000,0,0,0,0,0,0,0,0
53,-4,6,3,1.041,0,0,0.000,0,0,0,0,0,0,0,0
53,-1,5,2,0.411,0,0,0.000,0,0,0,0,0,0,0,0
53,0,-3,2,0.271,0,0,0.000,0,0,0,0,0,0,0,0
53,-6,8,0,2.191,0,0,0.000,0,0,0,0,0,0,18,18
53,-1,-2,3,0.221,0,0,0.000,0,0,0,0,0,0,0,0
53,-2,3,3,0.561,0,0,0.000,0,0,0,0,0,0,0,0
53,-4,5,3,0.881,0,0,0.000,0,0,0,0,0,0,0,0
53,1,-3,3,2.561,0,0,0.000,0,0,0,0,0,0,0,0
53,0,-2,3,0.531,0,0,0.000,0,0,0,0,0,0,0,0
53,0,3,3,2.021,0,0,0.000,0,0,0,0,0,0,0,0
53,-6,6,2,0.501,0,0,0.000,0,0,0,0,0,0,0,0
53,-2,6,2,2.411,0,0,0.000,0,0,0,0,0,0,0,0
53,-3,3,3,0.201,0,0,0.000,0,0,0,0,0,0,0,0
53,2,-2,2,0.821,0,0,0.000,0,0,0,0,0,0,0,0
53,-4,-2,2,1.171,0,0,0.000,0,0,0,0,0,0,0,0
53,2,2,1,0.291,0,0,0.000,0,0,0,0,0,0,0,0
53,-5,1,0,0.193,0,0,0.000,0,0,0,0,0,0,0,0
53,2,-3,2,0.131,0,0,0.000,0,0,0,0,0,0,0,0
53,-4,0,2,2.901,0,0,0.000,0,0,0,0,0,0,0,0
53,-3,4,3,3.391,0,0,0.000,0,0,0,0,0,0,0,0
53,-4,8,1,2.371,0,0,0.000,0,0,0,0,0,0,0,0
53,1,2,2,2.551,0,0,0.000,0,0,0,0,0,0,0,0
53,-6,2,0,0.431,0,0,0.000,0,0,0,0,0,0,0,0
53,-5,-2,0,0.551,0,0,0.000,0,0,0,0,0,0,0,0
53,3,1,1,0.931,0,0,0.000,0,0,0,0,0,0,0,0
53,-6,7,2,0.752,0,0,0.000,0,1,0,2,0,0,0,0
53,2,-4,2,0.981,0,0,0.000,0,0,0,0,0,0,0,0
53,-1,3,3,0.391,0,0,0.000,0,0,0,0,0,0,0,0
53,-1,2,3,3.511,0,0,0.000,0,0,0,0,0,0,0,0
53,-5,8,1,0.812,0,0,0.000,0,1,0,1,0,0,16,16
53,1,4,2,30.000,0,0,0.000,0,0,0,0,0,0,0,0
53,1,0,3,0.461,0,0,0.000,0,0,0,0,0,0,0,0
53,-2,1,3,2.221,0,0,0.000,0,0,0,0,0,0,0,0
53,-5,0,1,0.271,0,0,0.000,0,0,0,0,0,0,0,0
53,2,0,3,1.591,0,0,0.000,0,0,0,0,0,0,0,0
53,2,4,1,0.331,0,0,0.000,0,0,0,0,0,0,0,0
53,-6,3,0,0.531,0,0,0.000,0,0,0,0,0,0,0,0
53,3,0,0,0.181,0,0,0.000,0,0,0,0,0,0,0,0
53,-5,4,2,0.241,0,0,0.000,0,0,0,0,0,0,0,0
53,1,-2,3,1.141,0,0,0.000,0,0,0,0,0,0,0,0
53,-4,-3,0,1.631,0,0,0.000,0,0,0,0,0,0,0,0
53,3,-5,0,0.341,0,0,0.000,0,0,0,0,0,0,0,0
53,0,6,0,1.331,0,0,0.000,0,0,0,0,0,0,0,0
53,2,5,0,1.041,0,0,0.000,0,0,0,0,0,0,0,0
53,-3,7,0,1.301,0,0,0.000,0,0,0,0,0,0,0,0
53,-5,5,3,0.792,0,0,0.000,0,0,0,0,0,0,0,0
53,2,-5,1,0.461,0,0,0.000,0,0,0,0,0,0,0,0
53,4,-3,0,0.431,0,0,0.000,0,0,0,0,0,0,0,0
53,-3,-3,0,0.112,0,0,0.000,0,0,0,0,0,0,0,0
53,-3,-1,3,0.231,0,0,0.000,0,0,0,0,0,0,0,0
53,0,5,3,1.271,0,0,0.000,0,0,0,0,0,0,0,0
53,0,0,3,0.641,0,0,0.000,0,0,0,0,0,0,0,0
53,3,-1,0,1.181,0,0,0.000,0,0,0,0,0,0,0,0
53,-1,-4,0,0.151,0,0,0.000,0,0,0,0,0,0,0,0
53,3,-2,1,1.051,0,0,0.000,0,0,0,0,0,0,0,0
53,1,5,0,0.452,0,0,0.000,0,0,0,0,0,0,0,0
53,-3,-2,2,1.521,0,0,0.000,0,0,0,0,0,0,0,0
53,-1,0,3,0.211,0,0,0.000,0,0,0,0,0,0,0,0
53,-5,-1,1,1.761,0,0,0.000,0,0,0,0,0,0,0,0
53,0,-1,3,0.321,0,0,0.000,0,0,0,0,0,0,0,0
53,-2,7,0,1.061,0,0,0.000,0,0,0,0,0,0,0,0
53,-6,4,1,1.271,0,0,0.000,0,0,0,0,0,0,0,0
53,-4,4,3,1.321,0,0,0.000,0,0,0,0,0,0,0,0
53,1,1,3,1.391,0,0,0.000,0,0,0,0,0,0,0,0
53,3,-4,0,0.471,0,0,0.000,0,0,0,0,0,0,0,0
53,-4,-1,3,0.242,0,0,0.000,0,0,0,0,0,0,0,0
53,-1,4,3,0.471,0,0,0.000,0,0,0,0,0,0,0,0
53,1,3,3,0.151,0,0,0.000,0,0,0,0,0,0,0,0
53,2,3,0,0.601,0,0,0.000,0,0,0,0,0,0,0,0
53,-2,-2,3,0.851,0,0,0.000,0,0,0,0,0,0,0,0
53,3,-3,0,1.091,0,0,0.000,0,0,0,0,0,0,0,0
53,-4,7,2,0.791,0,0,0.000,0,0,0,0,0,0,0,0
53,-1,-3,2,0.191,0,0,0.000,0,0,0,0,0,0,0,0
53,-5,7,2,1.051,0,0,0.000,0,0,0,0,0,0,0,0
53,-1,6,1,1.561,0,0,0.000,0,0,0,0,0,0,0,0
53,-3,5,3,0.892,0,0,0.000,0,0,0,0,0,0,0,0
53,-7,8,0,0.831,2,0,0.921,1,0,0,0,0,2,200,200
53,-3,6,3,0.371,0,0,0.000,0,0,0,0,0,0,0,0
53,-5,6,3,0.831,0,0,0.000,0,0,0,0,0,0,0,0
53,-4,2,3,0.101,0,0,0.000,0,0,0,0,0,0,0,0
53,-3,1,3,0.521,0,0,0.000,0,0,0,0,0,0,0,0
53,-6,5,0,0.371,0,0,0.000,0,0,0,0,0,0,0,0
53,1,-1,3,2.841,0,0,0.000,0,0,0,0,0,0,0,0
53,-4,1,3,1.411,0,0,0.000,0,0,0,0,0,0,0,0
53,-5,2,2,0.171,0,0,0.000,0,0,0,0,0,0,0,0
53,-2,-3,0,0.511,0,0,0.000,0,0,0,0,0,0,0,0
53,1,-5,0,0.231,0,0,0.000,0,0,0,0,0,0,0,0
53,-7,7,0,0.891,0,0,0.000,0,0,0,0,0,0,12,12
53,2,1,2,0.891,0,0,0.000,0,0,0,0,0,0,0,0
54,1,-4,2,0.511,0,0,0.000,0,0,0,0,0,0,0,0
54,-3,0,3,2.111,0,0,0.000,0,0,0,0,0,0,0,0
54,-2,2,3,0.381,0,0,0.000,0,0,0,0,0,0,0,0
54,-1,-1,3,0.381,0,0,0.000,0,0,0,0,0,0,0,0
54,0,1,3,0.171,0,0,0.000,0,0,0,0,0,0,0,0
54,-5,3,2,0.221,0,0,0.000,0,0,0,0,0,0,0,0
54,-1,1,3,0.381,0,0,0.000,0,0,0,0,0,0,0,0
54,-2,-1,3,0.511,0,0,0.000,0,0,0,0,0,0,0,0
54,0,4,3,1.191,0,0,0.000,0,0,0,0,0,0,0,0
54,3,-6,0,1.421,0,0,0.000,0,0,0,0,0,0,0,0
54,-2,4,3,0.911,0,0,0.000,0,0,0,0,0,0,0,0
54,-2,0,3,0.431,0,0,0.000,0,0,0,0,0,0,0,0
54,0,2,3,0.581,0,0,0.000,0,0,0,0,0,0,0,0
54,-4,3,3,0.341,0,0,0.000,0,0,0,0,0,0,0,0
54,-5,9,0,1.601,1,0,1.711,1,0,0,0,0,1,62,62
54,-7,6,1,2.741,0,0,0.000,0,0,0,0,0,0,1,1
54,-3,2,3,0.421,0,0,0.000,0,0,0,0,0,0,0,0
54,2,-1,2,0.891,0,0,0.000,0,0,0,0,0,0,0,0
54,0,-4,1,0.831,0,0,0.000,0,0,0,0,0,0,0,0
54,-2,5,3,1.112,0,0,0.000,0,0,0,0,0,0,0,0
54,-4,6,3,1.771,0,0,0.000,0,0,0,0,0,0,0,0
54,-1,5,2,3.351,0,0,0.000,0,0,0,0,0,0,0,0
54,0,-3,2,0.331,0,0,0.000,0,0,0,0,0,0,0,0
54,-6,8,0,1.991,0,0,0.000,0,0,0,0,0,0,14,14
54,-1,-2,3,1.591,0,0,0.000,0,0,0,0,0,0,0,0
54,-2,3,3,0.181,0,0,0.000,0,0,0,0,0,0,0,0
54,-4,5,3,0.211,0,0,0.000,0,0,0,0,0,0,0,0
54,1,-3,3,0.881,0,0,0.000,0,0,0,0,0,0,0,0
54,0,-2,3,1.131,0,0,0.000,0,0,0,0,0,0,0,0
54,0,3,3,0.891,0,0,0.000,0,0,0,0,0,0,0,0
54,-6,6,2,3.322,0,0,0.000,0,0,0,0,0,0,0,0
54,-2,6,2,0.511,0,0,0.000,0,0,0,0,0,0,0,0
54,-3,3,3,0.831,0,0,0.000,0,0,0,0,0,0,0,0
54,2,-2,2,0.191,0,0,0.000,0,0,0,0,0,0,0,0
54,-4,-2,2,0.571,0,0,0.000,0,0,0,0,0,0,0,0
54,2,2,1,0.251,0,0,0.000,0,0,0,0,0,0,0,0
54,-5,1,0,0.361,0,0,0.000,0,0,0,0,0,0,0,0
54,2,-3,2,0.131,0,0,0.000,0,0,0,0,0,0,0,0
54,-4,0,2,0.221,0,0,0.000,0,0,0,0,0,0,0,0
54,-3,4,3,0.971,0,0,0.000,0,0,0,0,0,0,0,0
54,-4,8,1,1.411,0,0,0.000,0,0,0,0,0,0,0,0
54,1,2,2,2.141,0,0,0.000,0,0,0,0,0,0,0,0
54,-6,2,0,0.431,0,0,0.000,0,0,0,0,0,0,0,0
54,-5,-2,0,0.711,0,0,0.000,0,0,0,0,0,0,0,0
54,3,1,1,0.201,0,0,0.000,0,0,0,0,0,0,0,0
54,-6,7,2,1.323,0,0,0.000,0,1,0,2,0,0,0,0
54,2,-4,2,0.371,0,0,0.000,0,0,0,0,0,0,0,0
54,-1,3,3,1.351,0,0,0.000,0,0,0,0,0,0,0,0
54,-1,2,3,1.111,0,0,0.000,0,0,0,0,0,0,0,0
54,-5,8,1,1.011,0,0,0.000,0,1,0,1,0,0,24,24
54,1,4,2,1.691,0,0,0.000,0,0,0,0,0,0,0,0
54,1,0,3,0.331,0,0,0.000,0,0,0,0,0,0,0,0
54,-2,1,3,0.671,0,0,0.000,0,0,0,0,0,0,0,0
54,-5,0,1,1.191,0,0,0.000,0,0,0,0,0,0,0,0
54,2,0,3,3.091,0,0,0.000,0,0,0,0,0,0,0,0
54,2,4,1,0.331,0,0,0.000,0,0,0,0,0,0,0,0
54,-6,3,0,0.432,0,0,0.000,0,0,0,0,0,0,0,0
54,3,0,0,0.181,0,0,0.000,0,0,0,0,0,0,0,0
54,-5,4,2,0.451,0,0,0.000,0,0,0,0,0,0,0,0
54,1,-2,3,23.911,0,0,0.000,0,0,0,0,0,0,0,0
54,-4,-3,0,0.951,0,0,0.000,0,0,0,0,0,0,0,0
54,3,-5,0,1.421,0,0,0.000,0,0,0,0,0,0,0,0
54,0,6,0,1.331,0,0,0.000,0,0,0,0,0,0,0,0
54,2,5,0,0.411,0,0,0.000,0,0,0,0,0,0,0,0
54,-3,7,0,1.741,0,0,0.000,0,0,0,0,0,0,0,0
54,-5,5,3,0.571,0,0,0.000,0,0,0,0,0,0,0,0
54,2,-5,1,0.461,0,0,0.000,0,0,0,0,0,0,0,0
54,4,-3,0,0.661,0,0,0.000,0,0,0,0,0,0,0,0
54,-3,-3,0,0.112,0,0,0.000,0,0,0,0,0,0,0,0
54,-3,-1,3,0.231,0,0,0.000,0,0,0,0,0,0,0,0
54,0,5,3,1.111,0,0,0.000,0,0,0,0,0,0,0,0
54,0,0,3,1.161,0,0,0.000,0,0,0,0,0,0,0,0
54,3,-1,0,0.281,0,0,0.000,0,0,0,0,0,0,0,0
54,-1,-4,0,0.401,0,0,0.000,0,0,0,0,0,0,0,0
54,3,-2,1,0.411,0,0,0.000,0,0,0,0,0,0,0,0
54,1,5,0,0.701,0,0,0.000,0,0,0,0,0,0,0,0
54,-3,-2,2,0.751,0,0,0.000,0,0,0,0,0,0,0,0
54,-1,0,3,0.211,0,0,0.000,0,0,0,0,0,0,0,0
54,-5,-1,1,1.711,0,0,0.000,0,0,0,0,0,0,0,0
54,0,-1,3,0.371,0,0,0.000,0,0,0,0,0,0,0,0
54,-2,7,0,1.401,0,0,0.000,0,0,0,0,0,0,0,0
54,-6,4,1,1.271,0,0,0.000,0,0,0,0,0,0,0,0
54,-4,4,3,0.941,0,0,0.000,0,0,0,0,0,0,0,0
54,1,1,3,0.351,0,0,0.000,0,0,0,0,0,0,0,0
54,3,-4,0,0.471,0,0,0.000,0,0,0,0,0,0,0,0
54,-4,-1,3,0.731,0,0,0.000,0,0,0,0,0,0,0,0
54,-1,4,3,0.181,0,0,0.000,0,0,0,0,0,0,0,0
54,1,3,3,0.451,0,0,0.000,0,0,0,0,0,0,0,0
54,2,3,0,1.531,0,0,0.000,0,0,0,0,0,0,0,0
54,-2,-2,3,0.711,0,0,0.000,0,0,0,0,0,0,0,0
54,3,-3,0,0.341,0,0,0.000,0,0,0,0,0,0,0,0
54,-4,7,2,0.651,0,0,0.000,0,0,0,0,0,0,0,0
54,-1,-3,2,0.191,0,0,0.000,0,0,0,0,0,0,0,0
54,-5,7,2,1.861,0,0,0.000,0,0,0,0,0,0,0,0
54,-1,6,1,1.561,0,0,0.000,0,0,0,0,0,0,0,0
54,-3,5,3,0.681,0,0,0.000,0,0,0,0,0,0,0,0
54,-7,8,0,0.862,2,0,0.962,1,0,0,0,0,2,234,234
54,-3,6,3,0.951,0,0,0.000,0,0,0,0,0,0,0,0
54,-5,6,3,0.831,0,0,0.000,0,0,0,0,0,0,0,0
54,-4,2,3,2.301,0,0,0.000,0,0,0,0,0,0,0,0
54,-3,1,3,0.331,0,0,0.000,0,0,0,0,0,0,0,0
54,-6,5,0,0.542,0,0,0.000,0,0,0,0,0,0,1,1
54,1,-1,3,30.000,0,0,0.000,0,0,0,0,0,0,0,0
54,-4,1,3,0.391,0,0,0.000,0,0,0,0,0,0,0,0
54,-5,2,2,0.531,0,0,0.000,0,0,0,0,0,0,0,0
54,-2,-3,0,0.311,0,0,0.000,0,0,0,0,0,0,0,0
54,1,-5,0,0.111,0,0,0.000,0,0,0,0,0,0,0,0
54,-7,7,0,1.071,0,0,0.000,0,0,0,0,0,0,13,13
54,2,1,2,0.351,0,0,0.000,0,0,0,0,0,0,0,0
55,1,-4,2,0.771,0,0,0.000,0,0,0,0,0,0,0,0
55,-3,0,3,0.411,0,0,0.000,0,0,0,0,0,0,0,0
55,-2,2,3,0.611,0,0,0.000,0,0,0,0,0,0,0,0
55,-1,-1,3,0.121,0,0,0.000,0,0,0,0,0,0,0,0
55,0,1,3,0.151,0,0,0.000,0,0,0,0,0,0,0,0
55,-5,3,2,0.681,0,0,0.000,0,0,0,0,0,0,0,0
55,-1,1,3,0.381,0,0,0.000,0,0,0,0,0,0,0,0
55,-2,-1,3,0.451,0,0,0.000,0,0,0,0,0,0,0,0
55,0,4,3,0.231,0,0,0.000,0,0,0,0,0,0,0,0
55,3,-6,0,0.701,0,0,0.000,0,0,0,0,0,0,0,0
55,-2,4,3,0.911,0,0,0.000,0,0,0,0,0,0,0,0
55,-2,0,3,1.121,0,0,0.000,0,0,0,0,0,0,0,0
55,0,2,3,0.581,0,0,0.000,0,0,0,0,0,0,0,0
55,-4,3,3,6.231,0,0,0.000,0,0,0,0,0,0,0,0
55,-5,9,0,0.851,1,0,0.951,1,0,0,0,0,1,76,76
55,-7,6,1,1.641,0,0,0.000,0,0,0,0,0,0,0,0
55,-3,2,3,0.591,0,0,0.000,0,0,0,0,0,0,0,0
55,2,-1,2,0.591,0,0,0.000,0,0,0,0,0,0,0,0
55,0,-4,1,0.201,0,0,0.000,0,0,0,0,0,0,0,0
55,-2,5,3,2.021,0,0,0.000,0,0,0,0,0,0,0,0
55,-4,6,3,0.723,0,0,0.000,0,0,0,0,0,0,0,0
55,-1,5,2,3.351,0,0,0.000,0,0,0,0,0,0,0,0
55,0,-3,2,0.611,0,0,0.000,0,0,0,0,0,0,0,0
55,-6,8,0,2.991,0,0,0.000,0,0,0,0,0,0,19,19
55,-1,-2,3,0.671,0,0,0.000,0,0,0,0,0,0,0,0
55,-2,3,3,0.371,0,0,0.000,0,0,0,0,0,0,0,0
55,-4,5,3,1.091,0,0,0.000,0,0,0,0,0,0,0,0
55,1,-3,3,0.411,0,0,0.000,0,0,0,0,0,0,0,0
55,0,-2,3,0.381,0,0,0.000,0,0,0,0,0,0,0,0
55,0,3,3,0.201,0,0,0.000,0,0,0,0,0,0,0,0
55,-6,6,2,0.501,0,0,0.000,0,0,0,0,0,0,0,0
55,-2,6,2,0.511,0,0,0.000,0,0,0,0,0,0,0,0
55,-3,3,3,0.311,0,0,0.000,0,0,0,0,0,0,0,0
55,2,-2,2,0.391,0,0,0.000,0,0,0,0,0,0,0,0
55,-4,-2,2,0.571,0,0,0.000,0,0,0,0,0,0,0,0
55,2,2,1,0.251,0,0,0.000,0,0,0,0,0,0,0,0
55,-5,1,0,0.361,0,0,0.000,0,0,0,0,0,0,0,0
55,2,-3,2,0.271,0,0,0.000,0,0,0,0,0,0,0,0
55,-4,0,2,0.371,0,0,0.000,0,0,0,0,0,0,0,0
55,-3,4,3,0.401,0,0,0.000,0,0,0,0,0,0,0,0
55,-4,8,1,4.291,0,0,0.000,0,0,0,0,0,0,0,0
55,1,2,2,1.101,0,0,0.000,0,0,0,0,0,0,0,0
55,-6,2,0,0.741,0,0,0.000,0,0,0,0,0,0,0,0
55,-5,-2,0,0.471,0,0,0.000,0,0,0,0,0,0,0,0
55,3,1,1,0.931,0,0,0.000,0,0,0,0,0,0,0,0
55,-6,7,2,0.831,0,0,0.000,0,0,0,0,0,0,0,0
55,2,-4,2,1.031,0,0,0.000,0,0,0,0,0,0,0,0
55,-1,3,3,0.691,0,0,0.000,0,0,0,0,0,0,0,0
55,-1,2,3,0.311,0,0,0.000,0,0,0,0,0,0,0,0
55,-5,8,1,1.492,0,0,0.000,0,1,0,1,0,0,14,14
55,1,4,2,0.181,0,0,0.000,0,0,0,0,0,0,0,0
55,1,0,3,0.161,0,0,0.000,0,0,0,0,0,0,0,0
55,-2,1,3,0.611,0,0,0.000,0,0,0,0,0,0,0,0
55,-5,0,1,1.743,0,0,0.000,0,0,0,0,0,0,0,0
55,2,0,3,0.921,0,0,0.000,0,0,0,0,0,0,0,0
55,2,4,1,1.121,0,0,0.000,0,0,0,0,0,0,0,0
55,-6,3,0,0.432,0,0,0.000,0,0,0,0,0,0,0,0
55,3,0,0,0.751,0,0,0.000,0,0,0,0,0,0,0,0
55,-5,4,2,0.451,0,0,0.000,0,0,0,0,0,0,0,0
55,1,-2,3,1.141,0,0,0.000,0,0,0,0,0,0,0,0
55,-4,-3,0,0.501,0,0,0.000,0,0,0,0,0,0,0,0
55,3,-5,0,1.421,0,0,0.000,0,0,0,0,0,0,0,0
55,0,6,0,0.451,0,0,0.000,0,0,0,0,0,0,0,0
55,2,5,0,0.551,0,0,0.000,0,0,0,0,0,0,0,0
55,-3,7,0,1.521,0,0,0.000,0,0,0,0,0,0,0,0
55,-5,5,3,1.371,0,0,0.000,0,0,0,0,0,0,0,0
55,2,-5,1,0.841,0,0,0.000,0,0,0,0,0,0,0,0
55,4,-3,0,0.571,0,0,0.000,0,0,0,0,0,0,0,0
55,-3,-3,0,0.112,0,0,0.000,0,0,0,0,0,0,0,0
55,-3,-1,3,0.231,0,0,0.000,0,0,0,0,0,0,0,0
55,0,5,3,0.151,0,0,0.000,0,0,0,0,0,0,0,0
55,0,0,3,0.381,0,0,0.000,0,0,0,0,0,0,0,0
55,3,-1,0,0.281,0,0,0.000,0,0,0,0,0,0,0,0
55,-1,-4,0,0.152,0,0,0.000,0,0,0,0,0,0,0,0
55,3,-2,1,0.411,0,0,0.000,0,0,0,0,0,0,0,0
55,1,5,0,0.352,0,0,0.000,0,0,0,0,0,0,0,0
55,-3,-2,2,0.561,0,0,0.000,0,0,0,0,0,0,0,0
55,-1,0,3,1.481,0,0,0.000,0,0,0,0,0,0,0,0
55,-5,-1,1,2.371,0,0,0.000,0,0,0,0,0,0,0,0
55,0,-1,3,0.321,0,0,0.000,0,0,0,0,0,0,0,0
55,-2,7,0,1.031,0,0,0.000,0,0,0,0,0,0,0,0
55,-6,4,1,0.981,0,0,0.000,0,0,0,0,0,0,0,0
55,-4,4,3,0.561,0,0,0.000,0,0,0,0,0,0,0,0
55,1,1,3,0.691,0,0,0.000,0,0,0,0,0,0,0,0
55,3,-4,0,1.311,0,0,0.000,0,0,0,0,0,0,0,0
55,-4,-1,3,1.101,0,0,0.000,0,0,0,0,0,0,0,0
55,-1,4,3,0.181,0,0,0.000,0,0,0,0,0,0,0,0
55,1,3,3,0.451,0,0,0.000,0,0,0,0,0,0,0,0
55,2,3,0,0.431,0,0,0.000,0,0,0,0,0,0,0,0
55,-2,-2,3,0.331,0,0,0.000,0,0,0,0,0,0,0,0
55,3,-3,0,0.271,0,0,0.000,0,0,0,0,0,0,0,0
55,-4,7,2,0.351,0,0,0.000,0,0,0,0,0,0,0,0
55,-1,-3,2,0.391,0,0,0.000,0,0,0,0,0,0,0,0
55,-5,7,2,2.131,0,0,0.000,0,0,0,0,0,0,0,0
55,-1,6,1,0.582,0,0,0.000,0,0,0,0,0,0,0,0
55,-3,5,3,1.973,0,0,0.000,0,0,0,0,0,0,0,0
55,-7,8,0,1.111,0,0,0.000,0,0,0,0,0,0,203,203
55,-3,6,3,0.561,0,0,0.000,0,0,0,0,0,0,0,0
55,-5,6,3,0.831,0,0,0.000,0,0,0,0,0,0,0,0
55,-4,2,3,2.081,0,0,0.000,0,0,0,0,0,0,0,0
55,-3,1,3,0.181,0,0,0.000,0,0,0,0,0,0,0,0
55,-6,5,0,2.642,0,0,0.000,0,0,0,0,0,0,0,0
55,1,-1,3,6.841,0,0,0.000,0,0,0,0,0,0,0,0
55,-4,1,3,0.391,0,0,0.000,0,0,0,0,0,0,0,0
55,-5,2,2,2.511,0,0,0.000,0,0,0,0,0,0,0,0
55,-2,-3,0,2.291,0,0,0.000,0,0,0,0,0,0,0,0
55,1,-5,0,0.231,0,0,0.000,0,0,0,0,0,0,0,0
55,-7,7,0,1.251,0,0,0.000,0,0,0,0,0,0,11,11
55,2,1,2,0.351,0,0,0.000,0,0,0,0,0,0,0,0
56,1,-4,2,1.031,0,0,0.000,0,0,0,0,0,0,0,0
56,-3,0,3,0.571,0,0,0.000,0,0,0,0,0,0,0,0
56,-2,2,3,0.441,0,0,0.000,0,0,0,0,0,0,0,0
56,-1,-1,3,0.871,0,0,0.000,0,0,0,0,0,0,0,0
56,0,1,3,1.231,0,0,0.000,0,0,0,0,0,0,0,0
56,-5,3,2,0.451,0,0,0.000,0,0,0,0,0,0,0,0
56,-1,1,3,0.381,0,0,0.000,0,0,0,0,0,0,0,0
56,-2,-1,3,0.181,0,0,0.000,0,0,0,0,0,0,0,0
56,0,4,3,0.501,0,0,0.000,0,0,0,0,0,0,0,0
56,3,-6,0,0.701,0,0,0.000,0,0,0,0,0,0,0,0
56,-2,4,3,0.921,0,0,0.000,0,0,0,0,0,0,0,0
56,-2,0,3,0.431,0,0,0.000,0,0,0,0,0,0,0,0
56,0,2,3,0.251,0,0,0.000,0,0,0,0,0,0,0,0
56,-4,3,3,0.341,0,0,0.000,0,0,0,0,0,0,0,0
56,-5,9,0,1.001,0,0,0.000,0,0,0,0,0,0,50,50
56,-7,6,1,0.943,0,0,0.000,0,0,0,0,0,0,0,0
56,-3,2,3,0.251,0,0,0.000,0,0,0,0,0,0,0,0
56,2,-1,2,0.591,0,0,0.000,0,0,0,0,0,0,0,0
56,0,-4,1,1.041,0,0,0.000,0,0,0,0,0,0,0,0
56,-2,5,3,0.901,0,0,0.000,0,0,0,0,0,0,0,0
56,-4,6,3,0.711,0,0,0.000,0,0,0,0,0,0,0,0
56,-1,5,2,1.881,0,0,0.000,0,0,0,0,0,0,0,0
56,0,-3,2,0.331,0,0,0.000,0,0,0,0,0,0,0,0
56,-6,8,0,2.591,0,0,0.000,0,0,0,0,0,0,12,12
56,-1,-2,3,0.441,0,0,0.000,0,0,0,0,0,0,0,0
56,-2,3,3,0.561,0,0,0.000,0,0,0,0,0,0,0,0
56,-4,5,3,0.251,0,0,0.000,0,0,0,0,0,0,0,0
56,1,-3,3,0.411,0,0,0.000,0,0,0,0,0,0,0,0
56,0,-2,3,0.141,0,0,0.000,0,0,0,0,0,0,0,0
56,0,3,3,0.341,0,0,0.000,0,0,0,0,0,0,0,0
56,-6,6,2,30.000,0,0,0.000,0,0,0,0,0,0,0,0
56,-2,6,2,2.411,0,0,0.000,0,0,0,0,0,0,0,0
56,-3,3,3,0.201,0,0,0.000,0,0,0,0,0,0,0,0
56,2,-2,2,0.391,0,0,0.000,0,0,0,0,0,0,0,0
56,-4,-2,2,0.271,0,0,0.000,0,0,0,0,0,0,0,0
56,2,2,1,0.341,0,0,0.000,0,0,0,0,0,0,0,0
56,-5,1,0,1.961,0,0,0.000,0,0,0,0,0,0,0,0
56,2,-3,2,0.661,0,0,0.000,0,0,0,0,0,0,0,0
56,-4,0,2,2.901,0,0,0.000,0,0,0,0,0,0,0,0
56,-3,4,3,0.381,0,0,0.000,0,0,0,0,0,0,0,0
56,-4,8,1,1.891,0,0,0.000,0,0,0,0,0,0,0,0
56,1,2,2,0.301,0,0,0.000,0,0,0,0,0,0,0,0
56,-6,2,0,0.431,0,0,0.000,0,0,0,0,0,0,0,0
56,-5,-2,0,0.471,0,0,0.000,0,0,0,0,0,0,0,0
56,3,1,1,0.291,0,0,0.000,0,0,0,0,0,0,0,0
56,-6,7,2,1.603,0,0,0.000,0,0,0,0,0,0,0,0
56,2,-4,2,0.602,0,0,0.000,0,0,0,0,0,0,0,0
56,-1,3,3,0.431,0,0,0.000,0,0,0,0,0,0,0,0
56,-1,2,3,1.751,0,0,0.000,0,0,0,0,0,0,0,0
56,-5,8,1,0.812,0,0,0.000,0,0,0,0,0,0,17,17
56,1,4,2,0.181,0,0,0.000,0,0,0,0,0,0,0,0
56,1,0,3,0.291,0,0,0.000,0,0,0,0,0,0,0,0
56,-2,1,3,0.861,0,0,0.000,0,0,0,0,0,0,0,0
56,-5,0,1,0.271,0,0,0.000,0,0,0,0,0,0,0,0
56,2,0,3,1.231,0,0,0.000,0,0,0,0,0,0,0,0
56,2,4,1,0.611,0,0,0.000,0,0,0,0,0,0,0,0
56,-6,3,0,0.501,0,0,0.000,0,0,0,0,0,0,0,0
56,3,0,0,3.602,0,0,0.000,0,0,0,0,0,0,0,0
56,-5,4,2,5.051,0,0,0.000,0,0,0,0,0,0,0,0
56,1,-2,3,0.911,0,0,0.000,0,0,0,0,0,0,0,0
56,-4,-3,0,0.671,0,0,0.000,0,0,0,0,0,0,0,0
56,3,-5,0,0.341,0,0,0.000,0,0,0,0,0,0,0,0
56,0,6,0,1.561,0,0,0.000,0,0,0,0,0,0,0,0
56,2,5,0,0.761,0,0,0.000,0,0,0,0,0,0,0,0
56,-3,7,0,1.081,0,0,0.000,0,0,0,0,0,0,0,0
56,-5,5,3,1.171,0,0,0.000,0,0,0,0,0,0,0,0
56,2,-5,1,5.221,0,0,0.000,0,0,0,0,0,0,0,0
56,4,-3,0,0.431,0,0,0.000,0,0,0,0,0,0,0,0
56,-3,-3,0,0.112,0,0,0.000,0,0,0,0,0,0,0,0
56,-3,-1,3,0.261,0,0,0.000,0,0,0,0,0,0,0,0
56,0,5,3,0.311,0,0,0.000,0,0,0,0,0,0,0,0
56,0,0,3,0.451,0,0,0.000,0,0,0,0,0,0,0,0
56,3,-1,0,0.142,0,0,0.000,0,0,0,0,0,0,0,0
56,-1,-4,0,0.301,0,0,0.000,0,0,0,0,0,0,0,0
56,3,-2,1,0.621,0,0,0.000,0,0,0,0,0,0,0,0
56,1,5,0,0.931,0,0,0.000,0,0,0,0,0,0,0,0
56,-3,-2,2,0.941,0,0,0.000,0,0,0,0,0,0,0,0
56,-1,0,3,0.211,0,0,0.000,0,0,0,0,0,0,0,0
56,-5,-1,1,0.751,0,0,0.000,0,0,0,0,0,0,0,0
56,0,-1,3,0.191,0,0,0.000,0,0,0,0,0,0,0,0
56,-2,7,0,0.691,0,0,0.000,0,0,0,0,0,0,0,0
56,-6,4,1,1.611,0,0,0.000,0,0,0,0,0,0,0,0
56,-4,4,3,0.751,0,0,0.000,0,0,0,0,0,0,0,0
56,1,1,3,0.491,0,0,0.000,0,0,0,0,0,0,0,0
56,3,-4,0,4.891,0,0,0.000,0,0,0,0,0,0,0,0
56,-4,-1,3,1.231,0,0,0.000,0,0,0,0,0,0,0,0
56,-1,4,3,0.281,0,0,0.000,0,0,0,0,0,0,0,0
56,1,3,3,0.291,0,0,0.000,0,0,0,0,0,0,0,0
56,2,3,0,0.211,0,0,0.000,0,0,0,0,0,0,0,0
56,-2,-2,3,0.521,0,0,0.000,0,0,0,0,0,0,0,0
56,3,-3,0,1.631,0,0,0.000,0,0,0,0,0,0,0,0
56,-4,7,2,0.531,0,0,0.000,0,0,0,0,0,0,0,0
56,-1,-3,2,0.991,0,0,0.000,0,0,0,0,0,0,0,0
56,-5,7,2,2.941,0,0,0.000,0,0,0,0,0,0,0,0
56,-1,6,1,0.761,0,0,0.000,0,0,0,0,0,0,0,0
56,-3,5,3,0.132,0,0,0.000,0,0,0,0,0,0,0,0
56,-7,8,0,0.971,0,0,0.000,0,0,0,0,0,0,204,204
56,-3,6,3,0.571,0,0,0.000,0,0,0,0,0,0,0,0
56,-5,6,3,1.041,0,0,0.000,0,0,0,0,0,0,0,0
56,-4,2,3,2.081,0,0,0.000,0,0,0,0,0,0,0,0
56,-3,1,3,0.271,0,0,0.000,0,0,0,0,0,0,0,0
56,-6,5,0,1.071,0,0,0.000,0,0,0,0,0,0,0,0
56,1,-1,3,0.561,0,0,0.000,0,0,0,0,0,0,0,0
56,-4,1,3,0.191,0,0,0.000,0,0,0,0,0,0,0,0
56,-5,2,2,0.171,0,0,0.000,0,0,0,0,0,0,0,0
56,-2,-3,0,0.211,0,0,0.000,0,0,0,0,0,0,0,0
56,1,-5,0,0.231,0,0,0.000,0,0,0,0,0,0,1,1
56,-7,7,0,1.251,0,0,0.000,0,0,0,0,0,0,4,4
56,2,1,2,0.531,0,0,0.000,0,0,0,0,0,0,0,0
57,1,-4,2,0.511,0,0,0.000,0,0,0,0,0,0,0,0
57,-3,0,3,0.351,0,0,0.000,0,0,0,0,0,0,0,0
57,-2,2,3,0.541,0,0,0.000,0,0,0,0,0,0,0,0
57,-1,-1,3,0.121,0,0,0.000,0,0,0,0,0,0,0,0
57,0,1,3,0.151,0,0,0.000,0,0,0,0,0,0,0,0
57,-5,3,2,0.451,0,0,0.000,0,0,0,0,0,0,0,0
57,-1,1,3,0.201,0,0,0.000,0,0,0,0,0,0,0,0
57,-2,-1,3,0.511,0,0,0.000,0,0,0,0,0,0,0,0
57,0,4,3,0.231,0,0,0.000,0,0,0,0,0,0,0,0
57,3,-6,0,0.722,0,0,0.000,0,0,0,0,0,0,0,0
57,-2,4,3,0.921,0,0,0.000,0,0,0,0,0,0,0,0
57,-2,0,3,0.241,0,0,0.000,0,0,0,0,0,0,0,0
57,0,2,3,0.381,0,0,0.000,0,0,0,0,0,0,0,0
57,-4,3,3,0.751,0,0,0.000,0,0,0,0,0,0,0,0
57,-5,9,0,0.851,1,0,0.971,1,0,0,0,0,1,61,61
57,-7,6,1,2.961,0,0,0.000,0,0,0,0,0,0,0,0
57,-3,2,3,1.691,0,0,0.000,0,0,0,0,0,0,0,0
57,2,-1,2,0.591,0,0,0.000,0,0,0,0,0,0,0,0
57,0,-4,1,0.241,0,0,0.000,0,0,0,0,0,0,0,0
57,-2,5,3,0.471,0,0,0.000,0,0,0,0,0,0,0,0
57,-4,6,3,0.711,0,0,0.000,0,0,0,0,0,0,0,0
57,-1,5,2,0.411,0,0,0.000,0,0,0,0,0,0,0,0
57,0,-3,2,0.331,0,0,0.000,0,0,0,0,0,0,0,0
57,-6,8,0,2.001,0,0,0.000,0,0,0,0,0,0,14,14
57,-1,-2,3,0.441,0,0,0.000,0,0,0,0,0,0,0,0
57,-2,3,3,1.891,0,0,0.000,0,0,0,0,0,0,0,0
57,-4,5,3,0.431,0,0,0.000,0,0,0,0,0,0,0,0
57,1,-3,3,0.861,0,0,0.000,0,0,0,0,0,0,0,0
57,0,-2,3,0.381,0,0,0.000,0,0,0,0,0,0,0,0
57,0,3,3,0.551,0,0,0.000,0,0,0,0,0,0,0,0
57,-6,6,2,0.771,0,0,0.000,0,0,0,0,0,0,0,0
57,-2,6,2,0.761,0,0,0.000,0,0,0,0,0,0,0,0
57,-3,3,3,1.251,0,0,0.000,0,0,0,0,0,0,0,0
57,2,-2,2,0.191,0,0,0.000,0,0,0,0,0,0,0,0
57,-4,-2,2,0.141,0,0,0.000,0,0,0,0,0,0,0,0
57,2,2,1,3.191,0,0,0.000,0,0,0,0,0,0,0,0
57,-5,1,0,0.193,0,0,0.000,0,0,0,0,0,0,0,0
57,2,-3,2,0.132,0,0,0.000,0,0,0,0,0,0,0,0
57,-4,0,2,0.221,0,0,0.000,0,0,0,0,0,0,0,0
57,-3,4,3,0.581,0,0,0.000,0,0,0,0,0,0,0,0
57,-4,8,1,2.131,0,0,0.000,0,0,0,0,0,0,0,0
57,1,2,2,1.081,0,0,0.000,0,0,0,0,0,0,0,0
57,-6,2,0,2.631,0,0,0.000,0,0,0,0,0,0,0,0
57,-5,-2,0,0.791,0,0,0.000,0,0,0,0,0,0,0,0
57,3,1,1,0.201,0,0,0.000,0,0,0,0,0,0,0,0
57,-6,7,2,0.752,0,0,0.000,0,1,0,1,0,0,0,0
57,2,-4,2,1.031,0,0,0.000,0,0,0,0,0,0,0,0
57,-1,3,3,0.391,0,0,0.000,0,0,0,0,0,0,0,0
57,-1,2,3,0.311,0,0,0.000,0,0,0,0,0,0,0,0
57,-5,8,1,1.081,0,0,0.000,0,1,0,1,0,0,19,19
57,1,4,2,0.701,0,0,0.000,0,0,0,0,0,0,0,0
57,1,0,3,0.581,0,0,0.000,0,0,0,0,0,0,0,0
57,-2,1,3,0.611,0,0,0.000,0,0,0,0,0,0,0,0
57,-5,0,1,0.621,0,0,0.000,0,0,0,0,0,0,0,0
57,2,0,3,0.611,0,0,0.000,0,0,0,0,0,0,0,0
57,2,4,1,0.611,0,0,0.000,0,0,0,0,0,0,0,0
57,-6,3,0,0.652,0,0,0.000,0,0,0,0,0,0,0,0
57,3,0,0,0.181,0,0,0.000,0,0,0,0,0,0,0,0
57,-5,4,2,0.681,0,0,0.000,0,0,0,0,0,0,0,0
57,1,-2,3,0.451,0,0,0.000,0,0,0,0,0,0,0,0
57,-4,-3,0,0.471,0,0,0.000,0,0,0,0,0,0,0,0
57,3,-5,0,0.341,0,0,0.000,0,0,0,0,0,0,0,0
57,0,6,0,1.101,0,0,0.000,0,0,0,0,0,0,0,0
57,2,5,0,1.391,0,0,0.000,0,0,0,0,0,0,0,0
57,-3,7,0,0.652,0,0,0.000,0,0,0,0,0,0,0,0
57,-5,5,3,0.771,0,0,0.000,0,0,0,0,0,0,0,0
57,2,-5,1,0.501,0,0,0.000,0,0,0,0,0,0,0,0
57,4,-3,0,0.431,0,0,0.000,0,0,0,0,0,0,0,0
57,-3,-3,0,1.051,0,0,0.000,0,0,0,0,0,0,0,0
57,-3,-1,3,0.231,0,0,0.000,0,0,0,0,0,0,0,0
57,0,5,3,0.311,0,0,0.000,0,0,0,0,0,0,0,0
57,0,0,3,1.231,0,0,0.000,0,0,0,0,0,0,0,0
57,3,-1,0,1.331,0,0,0.000,0,0,0,0,0,0,0,0
57,-1,-4,0,0.561,0,0,0.000,0,0,0,0,0,0,0,0
57,3,-2,1,0.411,0,0,0.000,0,0,0,0,0,0,0,0
57,1,5,0,1.111,0,0,0.000,0,0,0,0,0,0,0,0
57,-3,-2,2,0.181,0,0,0.000,0,0,0,0,0,0,0,0
57,-1,0,3,0.381,0,0,0.000,0,0,0,0,0,0,0,0
57,-5,-1,1,2.261,0,0,0.000,0,0,0,0,0,0,0,0
57,0,-1,3,0.191,0,0,0.000,0,0,0,0,0,0,0,0
57,-2,7,0,0.621,0,0,0.000,0,0,0,0,0,0,0,0
57,-6,4,1,1.041,0,0,0.000,0,0,0,0,0,0,0,0
57,-4,4,3,0.181,0,0,0.000,0,0,0,0,0,0,0,0
57,1,1,3,0.391,0,0,0.000,0,0,0,0,0,0,0,0
57,3,-4,0,0.471,0,0,0.000,0,0,0,0,0,0,0,0
57,-4,-1,3,0.481,0,0,0.000,0,0,0,0,0,0,0,0
57,-1,4,3,0.181,0,0,0.000,0,0,0,0,0,0,0,0
57,1,3,3,1.091,0,0,0.000,0,0,0,0,0,0,0,0
57,2,3,0,0.301,0,0,0.000,0,0,0,0,0,0,0,0
57,-2,-2,3,0.471,0,0,0.000,0,0,0,0,0,0,0,0
57,3,-3,0,0.341,0,0,0.000,0,0,0,0,0,0,0,0
57,-4,7,2,0.471,0,0,0.000,0,0,0,0,0,0,0,0
57,-1,-3,2,0.191,0,0,0.000,0,0,0,0,0,0,0,0
57,-5,7,2,1.051,0,0,0.000,0,0,0,0,0,0,0,0
57,-1,6,1,0.561,0,0,0.000,0,0,0,0,0,0,0,0
57,-3,5,3,0.132,0,0,0.000,0,0,0,0,0,0,0,0
57,-7,8,0,0.722,1,0,0.822,1,0,0,0,0,1,226,226
57,-3,6,3,1.891,0,0,0.000,0,0,0,0,0,0,0,0
57,-5,6,3,1.131,0,0,0.000,0,0,0,0,0,0,0,0
57,-4,2,3,0.101,0,0,0.000,0,0,0,0,0,0,0,0
57,-3,1,3,0.331,0,0,0.000,0,0,0,0,0,0,0,0
57,-6,5,0,0.681,0,0,0.000,0,0,0,0,0,0,0,0
57,1,-1,3,0.181,0,0,0.000,0,0,0,0,0,0,0,0
57,-4,1,3,0.191,0,0,0.000,0,0,0,0,0,0,0,0
57,-5,2,2,0.171,0,0,0.000,0,0,0,0,0,0,0,0
57,-2,-3,0,0.331,0,0,0.000,0,0,0,0,0,0,0,0
57,1,-5,0,0.111,0,0,0.000,0,0,0,0,0,0,0,0
57,-7,7,0,0.891,0,0,0.000,0,0,0,0,0,0,5,5
57,2,1,2,0.891,0,0,0.000,0,0,0,0,0,0,0,0
58,1,-4,2,1.291,0,0,0.000,0,0,0,0,0,0,0,0
58,-3,0,3,1.231,0,0,0.000,0,0,0,0,0,0,0,0
58,-2,2,3,0.381,0,0,0.000,0,0,0,0,0,0,0,0
58,-1,-1,3,0.121,0,0,0.000,0,0,0,0,0,0,0,0
58,0,1,3,0.111,0,0,0.000,0,0,0,0,0,0,0,0
58,-5,3,2,0.221,0,0,0.000,0,0,0,0,0,0,0,0
58,-1,1,3,0.591,0,0,0.000,0,0,0,0,0,0,0,0
58,-2,-1,3,0.181,0,0,0.000,0,0,0,0,0,0,0,0
58,0,4,3,0.951,0,0,0.000,0,0,0,0,0,0,0,0
58,3,-6,0,0.471,0,0,0.000,0,0,0,0,0,0,0,0
58,-2,4,3,1.111,0,0,0.000,0,0,0,0,0,0,0,0
58,-2,0,3,2.191,0,0,0.000,0,0,0,0,0,0,0,0
58,0,2,3,0.191,0,0,0.000,0,0,0,0,0,0,0,0
58,-4,3,3,1.291,0,0,0.000,0,0,0,0,0,0,0,0
58,-5,9,0,1.151,0,0,0.000,0,0,0,0,0,0,58,58
58,-7,6,1,1.822,0,0,0.000,0,0,0,0,0,0,0,0
58,-3,2,3,0.761,0,0,0.000,0,0,0,0,0,0,0,0
58,2,-1,2,0.591,0,0,0.000,0,0,0,0,0,0,0,0
58,0,-4,1,0.381,0,0,0.000,0,0,0,0,0,0,0,0
58,-2,5,3,0.151,0,0,0.000,0,0,0,0,0,0,0,0
58,-4,6,3,0.951,0,0,0.000,0,0,0,0,0,0,0,0
58,-1,5,2,1.251,0,0,0.000,0,0,0,0,0,0,0,0
58,0,-3,2,0.161,0,0,0.000,0,0,0,0,0,0,0,0
58,-6,8,0,2.191,0,0,0.000,0,0,0,0,0,0,15,15
58,-1,-2,3,0.221,0,0,0.000,0,0,0,0,0,0,0,0
58,-2,3,3,0.181,0,0,0.000,0,0,0,0,0,0,0,0
58,-4,5,3,1.531,0,0,0.000,0,0,0,0,0,0,0,0
58,1,-3,3,4.031,0,0,0.000,0,0,0,0,0,0,0,0
58,0,-2,3,0.381,0,0,0.000,0,0,0,0,0,0,0,0
58,0,3,3,0.551,0,0,0.000,0,0,0,0,0,0,0,0
58,-6,6,2,0.771,0,0,0.000,0,0,0,0,0,0,0,0
58,-2,6,2,30.000,0,0,0.000,0,0,0,0,0,0,0,0
58,-3,3,3,0.201,0,0,0.000,0,0,0,0,0,0,0,0
58,2,-2,2,0.391,0,0,0.000,0,0,0,0,0,0,0,0
58,-4,-2,2,0.141,0,0,0.000,0,0,0,0,0,0,0,0
58,2,2,1,0.311,0,0,0.000,0,0,0,0,0,0,0,0
58,-5,1,0,0.381,0,0,0.000,0,0,0,0,0,0,0,0
58,2,-3,2,0.941,0,0,0.000,0,0,0,0,0,0,0,0
58,-4,0,2,1.291,0,0,0.000,0,0,0,0,0,0,0,0
58,-3,4,3,3.461,0,0,0.000,0,0,0,0,0,0,0,0
58,-4,8,1,2.131,0,0,0.000,0,0,0,0,0,0,0,0
58,1,2,2,0.561,0,0,0.000,0,0,0,0,0,0,0,0
58,-6,2,0,1.531,0,0,0.000,0,0,0,0,0,0,0,0
58,-5,-2,0,0.471,0,0,0.000,0,0,0,0,0,0,0,0
58,3,1,1,0.201,0,0,0.000,0,0,0,0,0,0,0,0
58,-6,7,2,0.872,0,0,0.000,0,1,0,3,0,0,0,0
58,2,-4,2,0.321,0,0,0.000,0,0,0,0,0,0,0,0
58,-1,3,3,0.631,0,0,0.000,0,0,0,0,0,0,0,0
58,-1,2,3,0.311,0,0,0.000,0,0,0,0,0,0,0,0
58,-5,8,1,0.982,0,0,0.000,0,0,0,0,0,0,22,22
58,1,4,2,0.331,0,0,0.000,0,0,0,0,0,0,0,0
58,1,0,3,0.971,0,0,0.000,0,0,0,0,0,0,0,0
58,-2,1,3,2.221,0,0,0.000,0,0,0,0,0,0,0,0
58,-5,0,1,0.761,0,0,0.000,0,0,0,0,0,0,0,0
58,2,0,3,1.541,0,0,0.000,0,0,0,0,0,0,0,0
58,2,4,1,0.501,0,0,0.000,0,0,0,0,0,0,0,0
58,-6,3,0,0.432,0,0,0.000,0,0,0,0,0,0,0,0
58,3,0,0,0.371,0,0,0.000,0,0,0,0,0,0,0,0
58,-5,4,2,0.451,0,0,0.000,0,0,0,0,0,0,0,0
58,1,-2,3,1.141,0,0,0.000,0,0,0,0,0,0,0,0
58,-4,-3,0,3.791,0,0,0.000,0,0,0,0,0,0,0,0
58,3,-5,0,1.241,0,0,0.000,0,0,0,0,0,0,0,0
58,0,6,0,2.251,0,0,0.000,0,0,0,0,0,0,0,0
58,2,5,0,0.551,0,0,0.000,0,0,0,0,0,0,0,0
58,-3,7,0,0.652,0,0,0.000,0,0,0,0,0,0,0,0
58,-5,5,3,0.771,0,0,0.000,0,0,0,0,0,0,0,0
58,2,-5,1,0.971,0,0,0.000,0,0,0,0,0,0,0,0
58,4,-3,0,0.431,0,0,0.000,0,0,0,0,0,0,0,0
58,-3,-3,0,0.211,0,0,0.000,0,0,0,0,0,0,0,0
58,-3,-1,3,0.111,0,0,0.000,0,0,0,0,0,0,0,0
58,0,5,3,0.151,0,0,0.000,0,0,0,0,0,0,0,0
58,0,0,3,0.381,0,0,0.000,0,0,0,0,0,0,0,0
58,3,-1,0,0.142,0,0,0.000,0,0,0,0,0,0,0,0
58,-1,-4,0,0.152,0,0,0.000,0,0,0,0,0,0,0,0
58,3,-2,1,0.621,0,0,0.000,0,0,0,0,0,0,0,0
58,1,5,0,0.521,0,0,0.000,0,0,0,0,0,0,0,0
58,-3,-2,2,2.471,0,0,0.000,0,0,0,0,0,0,0,0
58,-1,0,3,1.041,0,0,0.000,0,0,0,0,0,0,0,0
58,-5,-1,1,0.651,0,0,0.000,0,0,0,0,0,0,0,0
58,0,-1,3,1.921,0,0,0.000,0,0,0,0,0,0,0,0
58,-2,7,0,1.031,0,0,0.000,0,0,0,0,0,0,0,0
58,-6,4,1,1.781,0,0,0.000,0,0,0,0,0,0,0,0
58,-4,4,3,0.751,0,0,0.000,0,0,0,0,0,0,0,0
58,1,1,3,1.391,0,0,0.000,0,0,0,0,0,0,0,0
58,3,-4,0,0.471,0,0,0.000,0,0,0,0,0,0,0,0
58,-4,-1,3,0.481,0,0,0.000,0,0,0,0,0,0,0,0
58,-1,4,3,1.301,0,0,0.000,0,0,0,0,0,0,0,0
58,1,3,3,0.451,0,0,0.000,0,0,0,0,0,0,0,0
58,2,3,0,1.261,0,0,0.000,0,0,0,0,0,0,0,0
58,-2,-2,3,2.561,0,0,0.000,0,0,0,0,0,0,0,0
58,3,-3,0,1.871,0,0,0.000,0,0,0,0,0,0,0,0
58,-4,7,2,0.531,0,0,0.000,0,0,0,0,0,0,0,0
58,-1,-3,2,0.991,0,0,0.000,0,0,0,0,0,0,0,0
58,-5,7,2,2.941,0,0,0.000,0,0,0,0,0,0,0,0
58,-1,6,1,0.781,0,0,0.000,0,0,0,0,0,0,0,0
58,-3,5,3,0.132,0,0,0.000,0,0,0,0,0,0,0,0
58,-7,8,0,1.701,3,0,1.821,1,0,0,0,0,3,225,225
58,-3,6,3,0.371,0,0,0.000,0,0,0,0,0,0,0,0
58,-5,6,3,1.131,0,0,0.000,0,0,0,0,0,0,0,0
58,-4,2,3,2.081,0,0,0.000,0,0,0,0,0,0,0,0
58,-3,1,3,0.181,0,0,0.000,0,0,0,0,0,0,0,0
58,-6,5,0,0.273,0,0,0.000,0,0,0,0,0,0,0,0
58,1,-1,3,0.181,0,0,0.000,0,0,0,0,0,0,0,0
58,-4,1,3,0.791,0,0,0.000,0,0,0,0,0,0,0,0
58,-5,2,2,0.171,0,0,0.000,0,0,0,0,0,0,0,0
58,-2,-3,0,0.311,0,0,0.000,0,0,0,0,0,0,0,0
58,1,-5,0,0.351,0,0,0.000,0,0,0,0,0,0,0,0
58,-7,7,0,0.891,0,0,0.000,0,0,0,0,0,0,10,10
58,2,1,2,0.351,0,0,0.000,0,0,0,0,0,0,0,0
59,1,-4,2,0.511,0,0,0.000,0,0,0,0,0,0,0,0
59,-3,0,3,0.411,0,0,0.000,0,0,0,0,0,0,0,0
59,-2,2,3,0.441,0,0,0.000,0,0,0,0,0,0,0,0
59,-1,-1,3,0.121,0,0,0.000,0,0,0,0,0,0,0,0
59,0,1,3,0.111,0,0,0.000,0,0,0,0,0,0,0,0
59,-5,3,2,0.681,0,0,0.000,0,0,0,0,0,0,0,0
59,-1,1,3,2.691,0,0,0.000,0,0,0,0,0,0,0,0
59,-2,-1,3,0.181,0,0,0.000,0,0,0,0,0,0,0,0
59,0,4,3,0.471,0,0,0.000,0,0,0,0,0,0,0,0
59,3,-6,0,1.901,0,0,0.000,0,0,0,0,0,0,0,0
59,-2,4,3,0.421,0,0,0.000,0,0,0,0,0,0,0,0
59,-2,0,3,1.531,0,0,0.000,0,0,0,0,0,0,0,0
59,0,2,3,2.181,0,0,0.000,0,0,0,0,0,0,0,0
59,-4,3,3,1.861,0,0,0.000,0,0,0,0,0,0,0,0
59,-5,9,0,0.881,0,0,0.000,0,0,0,0,0,0,50,50
59,-7,6,1,0.723,0,0,0.000,0,0,0,0,0,0,1,1
59,-3,2,3,0.421,0,0,0.000,0,0,0,0,0,0,0,0
59,2,-1,2,0.591,0,0,0.000,0,0,0,0,0,0,0,0
59,0,-4,1,0.201,0,0,0.000,0,0,0,0,0,0,0,0
59,-2,5,3,0.421,0,0,0.000,0,0,0,0,0,0,0,0
59,-4,6,3,0.482,0,0,0.000,0,0,0,0,0,0,0,0
59,-1,5,2,0.201,0,0,0.000,0,0,0,0,0,0,0,0
59,0,-3,2,0.541,0,0,0.000,0,0,0,0,0,0,0,0
59,-6,8,0,1.191,0,0,0.000,0,0,0,0,0,0,8,8
59,-1,-2,3,2.281,0,0,0.000,0,0,0,0,0,0,0,0
59,-2,3,3,0.181,0,0,0.000,0,0,0,0,0,0,0,0
59,-4,5,3,0.431,0,0,0.000,0,0,0,0,0,0,0,0
59,1,-3,3,0.411,0,0,0.000,0,0,0,0,0,0,0,0
59,0,-2,3,0.171,0,0,0.000,0,0,0,0,0,0,0,0
59,0,3,3,0.261,0,0,0.000,0,0,0,0,0,0,0,0
59,-6,6,2,0.501,0,0,0.000,0,0,0,0,0,0,0,0
59,-2,6,2,0.901,0,0,0.000,0,0,0,0,0,0,0,0
59,-3,3,3,0.831,0,0,0.000,0,0,0,0,0,0,0,0
59,2,-2,2,0.191,0,0,0.000,0,0,0,0,0,0,0,0
59,-4,-2,2,0.901,0,0,0.000,0,0,0,0,0,0,0,0
59,2,2,1,30.000,0,0,0.000,0,0,0,0,0,0,0,0
59,-5,1,0,0.193,0,0,0.000,0,0,0,0,0,0,0,0
59,2,-3,2,1.361,0,0,0.000,0,0,0,0,0,0,0,0
59,-4,0,2,0.221,0,0,0.000,0,0,0,0,0,0,0,0
59,-3,4,3,0.861,0,0,0.000,0,0,0,0,0,0,0,0
59,-4,8,1,4.291,0,0,0.000,0,0,0,0,0,0,0,0
59,1,2,2,1.251,0,0,0.000,0,0,0,0,0,0,0,0
59,-6,2,0,2.061,0,0,0.000,0,0,0,0,0,0,0,0
59,-5,-2,0,0.471,0,0,0.000,0,0,0,0,0,0,0,0
59,3,1,1,0.411,0,0,0.000,0,0,0,0,0,0,0,0
59,-6,7,2,1.591,0,0,0.000,0,1,0,1,0,0,1,1
59,2,-4,2,2.081,0,0,0.000,0,0,0,0,0,0,0,0
59,-1,3,3,1.111,0,0,0.000,0,0,0,0,0,0,0,0
59,-1,2,3,0.151,0,0,0.000,0,0,0,0,0,0,0,0
59,-5,8,1,1.081,0,0,0.000,0,0,0,0,0,0,11,11
59,1,4,2,0.161,0,0,0.000,0,0,0,0,0,0,0,0
59,1,0,3,0.161,0,0,0.000,0,0,0,0,0,0,0,0
59,-2,1,3,1.971,0,0,0.000,0,0,0,0,0,0,0,0
59,-5,0,1,0.271,0,0,0.000,0,0,0,0,0,0,0,0
59,2,0,3,2.471,0,0,0.000,0,0,0,0,0,0,0,0
59,2,4,1,0.671,0,0,0.000,0,0,0,0,0,0,0,0
59,-6,3,0,0.432,0,0,0.000,0,0,0,0,0,0,0,0
59,3,0,0,0.751,0,0,0.000,0,0,0,0,0,0,0,0
59,-5,4,2,0.451,0,0,0.000,0,0,0,0,0,0,0,0
59,1,-2,3,1.141,0,0,0.000,0,0,0,0,0,0,0,0
59,-4,-3,0,1.631,0,0,0.000,0,0,0,0,0,0,0,0
59,3,-5,0,1.691,0,0,0.000,0,0,0,0,0,0,0,0
59,0,6,0,0.451,0,0,0.000,0,0,0,0,0,0,0,0
59,2,5,0,3.701,0,0,0.000,0,0,0,0,0,0,0,0
59,-3,7,0,0.861,0,0,0.000,0,0,0,0,0,0,0,0
59,-5,5,3,3.171,0,0,0.000,0,0,0,0,0,0,0,0
59,2,-5,1,0.291,0,0,0.000,0,0,0,0,0,0,0,0
59,4,-3,0,0.431,0,0,0.000,0,0,0,0,0,0,0,0
59,-3,-3,0,0.211,0,0,0.000,0,0,0,0,0,0,0,0
59,-3,-1,3,0.621,0,0,0.000,0,0,0,0,0,0,0,0
59,0,5,3,0.151,0,0,0.000,0,0,0,0,0,0,0,0
59,0,0,3,0.381,0,0,0.000,0,0,0,0,0,0,0,0
59,3,-1,0,0.431,0,0,0.000,0,0,0,0,0,0,0,0
59,-1,-4,0,2.001,0,0,0.000,0,0,0,0,0,0,0,0
59,3,-2,1,0.411,0,0,0.000,0,0,0,0,0,0,0,0
59,1,5,0,0.352,0,0,0.000,0,0,0,0,0,0,0,0
59,-3,-2,2,0.181,0,0,0.000,0,0,0,0,0,0,0,0
59,-1,0,3,0.251,0,0,0.000,0,0,0,0,0,0,0,0
59,-5,-1,1,0.751,0,0,0.000,0,0,0,0,0,0,0,0
59,0,-1,3,0.371,0,0,0.000,0,0,0,0,0,0,0,0
59,-2,7,0,1.271,0,0,0.000,0,0,0,0,0,0,0,0
59,-6,4,1,0.991,0,0,0.000,0,0,0,0,0,0,0,0
59,-4,4,3,0.751,0,0,0.000,0,0,0,0,0,0,0,0
59,1,1,3,1.391,0,0,0.000,0,0,0,0,0,0,0,0
59,3,-4,0,0.501,0,0,0.000,0,0,0,0,0,0,0,0
59,-4,-1,3,0.341,0,0,0.000,0,0,0,0,0,0,0,0
59,-1,4,3,0.851,0,0,0.000,0,0,0,0,0,0,0,0
59,1,3,3,0.151,0,0,0.000,0,0,0,0,0,0,0,0
59,2,3,0,0.431,0,0,0.000,0,0,0,0,0,0,0,0
59,-2,-2,3,1.091,0,0,0.000,0,0,0,0,0,0,0,0
59,3,-3,0,0.511,0,0,0.000,0,0,0,0,0,0,0,0
59,-4,7,2,0.531,0,0,0.000,0,0,0,0,0,0,0,0
59,-1,-3,2,1.391,0,0,0.000,0,0,0,0,0,0,0,0
59,-5,7,2,2.401,0,0,0.000,0,0,0,0,0,0,0,0
59,-1,6,1,1.361,0,0,0.000,0,0,0,0,0,0,0,0
59,-3,5,3,0.153,0,0,0.000,0,0,0,0,0,0,0,0
59,-7,8,0,0.862,1,0,0.942,1,0,0,0,0,1,212,212
59,-3,6,3,0.951,0,0,0.000,0,0,0,0,0,0,0,0
59,-5,6,3,0.831,0,0,0.000,0,0,0,0,0,0,0,0
59,-4,2,3,0.211,0,0,0.000,0,0,0,0,0,0,0,0
59,-3,1,3,0.181,0,0,0.000,0,0,0,0,0,0,0,0
59,-6,5,0,0.273,0,0,0.000,0,0,0,0,0,0,0,0
59,1,-1,3,0.201,0,0,0.000,0,0,0,0,0,0,0,0
59,-4,1,3,0.851,0,0,0.000,0,0,0,0,0,0,0,0
59,-5,2,2,0.351,0,0,0.000,0,0,0,0,0,0,0,0
59,-2,-3,0,0.491,0,0,0.000,0,0,0,0,0,0,0,0
59,1,-5,0,0.111,0,0,0.000,0,0,0,0,0,0,0,0
59,-7,7,0,1.971,0,0,0.000,0,0,0,0,0,0,16,16
59,2,1,2,0.351,0,0,0.000,0,0,0,0,0,0,0,0
60,1,-4,2,1.291,0,0,0.000,0,0,0,0,0,0,0,0
60,-3,0,3,1.671,0,0,0.000,0,0,0,0,0,0,0,0
60,-2,2,3,0.611,0,0,0.000,0,0,0,0,0,0,0,0
60,-1,-1,3,0.221,0,0,0.000,0,0,0,0,0,0,0,0
60,0,1,3,0.151,0,0,0.000,0,0,0,0,0,0,0,0
60,-5,3,2,0.451,0,0,0.000,0,0,0,0,0,0,0,0
60,-1,1,3,0.201,0,0,0.000,0,0,0,0,0,0,0,0
60,-2,-1,3,0.831,0,0,0.000,0,0,0,0,0,0,0,0
60,0,4,3,1.191,0,0,0.000,0,0,0,0,0,0,0,0
60,3,-6,0,1.421,0,0,0.000,0,0,0,0,0,0,0,0
60,-2,4,3,0.421,0,0,0.000,0,0,0,0,0,0,0,0
60,-2,0,3,0.431,0,0,0.000,0,0,0,0,0,0,0,0
60,0,2,3,0.381,0,0,0.000,0,0,0,0,0,0,0,0
60,-4,3,3,0.182,0,0,0.000,0,0,0,0,0,0,0,0
60,-5,9,0,1.001,1,0,1.111,1,0,0,0,0,1,54,54
60,-7,6,1,0.871,0,0,0.000,0,0,0,0,0,0,0,0
60,-3,2,3,0.251,0,0,0.000,0,0,0,0,0,0,0,0
60,2,-1,2,0.591,0,0,0.000,0,0,0,0,0,0,0,0
60,0,-4,1,1.431,0,0,0.000,0,0,0,0,0,0,0,0
60,-2,5,3,0.261,0,0,0.000,0,0,0,0,0,0,0,0
60,-4,6,3,1.431,0,0,0.000,0,0,0,0,0,0,0,0
60,-1,5,2,0.201,0,0,0.000,0,0,0,0,0,0,0,0
60,0,-3,2,0.731,0,0,0.000,0,0,0,0,0,0,0,0
60,-6,8,0,30.000,0,0,0.000,0,0,0,0,0,0,23,23
60,-1,-2,3,0.441,0,0,0.000,0,0,0,0,0,0,0,0
60,-2,3,3,0.941,0,0,0.000,0,0,0,0,0,0,0,0
60,-4,5,3,0.881,0,0,0.000,0,0,0,0,0,0,0,0
60,1,-3,3,2.141,0,0,0.000,0,0,0,0,0,0,0,0
60,0,-2,3,0.141,0,0,0.000,0,0,0,0,0,0,0,0
60,0,3,3,0.911,0,0,0.000,0,0,0,0,0,0,0,0
60,-6,6,2,15.561,0,0,0.000,0,0,0,0,0,0,0,0
60,-2,6,2,3.101,0,0,0.000,0,0,0,0,0,0,0,0
60,-3,3,3,2.571,0,0,0.000,0,0,0,0,0,0,0,0
60,2,-2,2,0.531,0,0,0.000,0,0,0,0,0,0,0,0
60,-4,-2,2,0.141,0,0,0.000,0,0,0,0,0,0,0,0
60,2,2,1,0.291,0,0,0.000,0,0,0,0,0,0,0,0
60,-5,1,0,0.361,0,0,0.000,0,0,0,0,0,0,0,0
60,2,-3,2,0.241,0,0,0.000,0,0,0,0,0,0,0,0
60,-4,0,2,0.831,0,0,0.000,0,0,0,0,0,0,0,0
60,-3,4,3,0.601,0,0,0.000,0,0,0,0,0,0,0,0
60,-4,8,1,1.411,0,0,0.000,0,0,0,0,0,0,0,0
60,1,2,2,0.471,0,0,0.000,0,0,0,0,0,0,0,0
60,-6,2,0,0.871,0,0,0.000,0,0,0,0,0,0,0,0
60,-5,-2,0,0.471,0,0,0.000,0,0,0,0,0,0,0,0
60,3,1,1,0.501,0,0,0.000,0,0,0,0,0,0,0,0
60,-6,7,2,1.021,0,0,0.000,0,1,0,2,0,0,0,0
60,2,-4,2,0.461,0,0,0.000,0,0,0,0,0,0,0,0
60,-1,3,3,1.111,0,0,0.000,0,0,0,0,0,0,0,0
60,-1,2,3,0.791,0,0,0.000,0,0,0,0,0,0,0,0
60,-5,8,1,0.762,0,0,0.000,0,1,0,1,0,0,16,16
60,1,4,2,0.331,0,0,0.000,0,0,0,0,0,0,0,0
60,1,0,3,0.161,0,0,0.000,0,0,0,0,0,0,0,0
60,-2,1,3,0.611,0,0,0.000,0,0,0,0,0,0,0,0
60,-5,0,1,0.481,0,0,0.000,0,0,0,0,0,0,0,0
60,2,0,3,0.921,0,0,0.000,0,0,0,0,0,0,0,0
60,2,4,1,0.331,0,0,0.000,0,0,0,0,0,0,0,0
60,-6,3,0,0.432,0,0,0.000,0,0,0,0,0,0,0,0
60,3,0,0,0.371,0,0,0.000,0,0,0,0,0,0,0,0
60,-5,4,2,0.451,0,0,0.000,0,0,0,0,0,0,0,0
60,1,-2,3,0.451,0,0,0.000,0,0,0,0,0,0,0,0
60,-4,-3,0,0.741,0,0,0.000,0,0,0,0,0,0,0,0
60,3,-5,0,0.364,0,0,0.000,0,0,0,0,0,0,0,0
60,0,6,0,0.871,0,0,0.000,0,0,0,0,0,0,0,0
60,2,5,0,0.411,0,0,0.000,0,0,0,0,0,0,0,0
60,-3,7,0,1.081,0,0,0.000,0,0,0,0,0,0,0,0
60,-5,5,3,0.571,0,0,0.000,0,0,0,0,0,0,0,0
60,2,-5,1,0.331,0,0,0.000,0,0,0,0,0,0,0,0
60,4,-3,0,3.651,0,0,0.000,0,0,0,0,0,0,0,0
60,-3,-3,0,0.112,0,0,0.000,0,0,0,0,0,0,0,0
60,-3,-1,3,0.141,0,0,0.000,0,0,0,0,0,0,0,0
60,0,5,3,0.151,0,0,0.000,0,0,0,0,0,0,0,0
60,0,0,3,1.161,0,0,0.000,0,0,0,0,0,0,0,0
60,3,-1,0,1.631,0,0,0.000,0,0,0,0,0,0,0,0
60,-1,-4,0,0.721,0,0,0.000,0,0,0,0,0,0,0,0
60,3,-2,1,0.411,0,0,0.000,0,0,0,0,0,0,0,0
60,1,5,0,0.352,0,0,0.000,0,0,0,0,0,0,0,0
60,-3,-2,2,0.371,0,0,0.000,0,0,0,0,0,0,0,0
60,-1,0,3,0.251,0,0,0.000,0,0,0,0,0,0,0,0
60,-5,-1,1,2.021,0,0,0.000,0,0,0,0,0,0,0,0
60,0,-1,3,0.571,0,0,0.000,0,0,0,0,0,0,0,0
60,-2,7,0,0.981,0,0,0.000,0,0,0,0,0,0,0,0
60,-6,4,1,0.451,0,0,0.000,0,0,0,0,0,0,0,0
60,-4,4,3,0.941,0,0,0.000,0,0,0,0,0,0,0,0
60,1,1,3,0.491,0,0,0.000,0,0,0,0,0,0,0,0
60,3,-4,0,1.041,0,0,0.000,0,0,0,0,0,0,0,0
60,-4,-1,3,0.481,0,0,0.000,0,0,0,0,0,0,0,0
60,-1,4,3,0.281,0,0,0.000,0,0,0,0,0,0,0,0
60,1,3,3,0.291,0,0,0.000,0,0,0,0,0,0,0,0
60,2,3,0,0.211,0,0,0.000,0,0,0,0,0,0,0,0
60,-2,-2,3,3.371,0,0,0.000,0,0,0,0,0,0,0,0
60,3,-3,0,0.431,0,0,0.000,0,0,0,0,0,0,0,0
60,-4,7,2,0.772,0,0,0.000,0,0,0,0,0,0,0,0
60,-1,-3,2,1.391,0,0,0.000,0,0,0,0,0,0,0,0
60,-5,7,2,1.591,0,0,0.000,0,0,0,0,0,0,0,0
60,-1,6,1,0.391,0,0,0.000,0,0,0,0,0,0,0,0
60,-3,5,3,0.132,0,0,0.000,0,0,0,0,0,0,0,0
60,-7,8,0,1.282,2,0,1.382,1,0,0,0,0,2,234,234
60,-3,6,3,0.751,0,0,0.000,0,0,0,0,0,0,0,0
60,-5,6,3,1.131,0,0,0.000,0,0,0,0,0,0,0,0
60,-4,2,3,0.211,0,0,0.000,0,0,0,0,0,0,0,0
60,-3,1,3,1.221,0,0,0.000,0,0,0,0,0,0,0,0
60,-6,5,0,0.651,0,0,0.000,0,0,0,0,0,0,0,0
60,1,-1,3,0.941,0,0,0.000,0,0,0,0,0,0,0,0
60,-4,1,3,0.591,0,0,0.000,0,0,0,0,0,0,0,0
60,-5,2,2,0.171,0,0,0.000,0,0,0,0,0,0,0,0
60,-2,-3,0,0.511,0,0,0.000,0,0,0,0,0,0,0,0
60,1,-5,0,0.111,0,0,0.000,0,0,0,0,0,0,1,1
60,-7,7,0,1.251,0,0,0.000,0,0,0,0,0,0,11,11
60,2,1,2,0.351,0,0,0.000,0,0,0,0,0,0,0,0
61,1,-4,2,2.071,0,0,0.000,0,0,0,0,0,0,0,0
61,-3,0,3,0.571,0,0,0.000,0,0,0,0,0,0,0,0
61,-2,2,3,0.441,0,0,0.000,0,0,0,0,0,0,0,0
61,-1,-1,3,0.121,0,0,0.000,0,0,0,0,0,0,0,0
61,0,1,3,0.231,0,0,0.000,0,0,0,0,0,0,0,0
61,-5,3,2,0.221,0,0,0.000,0,0,0,0,0,0,0,0
61,-1,1,3,1.461,0,0,0.000,0,0,0,0,0,0,0,0
61,-2,-1,3,0.361,0,0,0.000,0,0,0,0,0,0,0,0
61,0,4,3,0.471,0,0,0.000,0,0,0,0,0,0,0,0
61,3,-6,0,1.501,0,0,0.000,0,0,0,0,0,0,0,0
61,-2,4,3,0.221,0,0,0.000,0,0,0,0,0,0,0,0
61,-2,0,3,1.091,0,0,0.000,0,0,0,0,0,0,0,0
61,0,2,3,2.451,0,0,0.000,0,0,0,0,0,0,0,0
61,-4,3,3,1.291,0,0,0.000,0,0,0,0,0,0,0,0
61,-5,9,0,1.751,1,0,1.851,1,0,0,0,0,1,53,53
61,-7,6,1,0.772,0,0,0.000,0,0,0,0,0,0,0,0
61,-3,2,3,0.271,0,0,0.000,0,0,0,0,0,0,0,0
61,2,-1,2,1.191,0,0,0.000,0,0,0,0,0,0,0,0
61,0,-4,1,0.801,0,0,0.000,0,0,0,0,0,0,0,0
61,-2,5,3,0.801,0,0,0.000,0,0,0,0,0,0,0,0
61,-4,6,3,0.951,0,0,0.000,0,0,0,0,0,0,0,0
61,-1,5,2,0.201,0,0,0.000,0,0,0,0,0,0,0,0
61,0,-3,2,0.331,0,0,0.000,0,0,0,0,0,0,0,0
61,-6,8,0,0.991,0,0,0.000,0,0,0,0,0,0,13,13
61,-1,-2,3,0.441,0,0,0.000,0,0,0,0,0,0,0,0
61,-2,3,3,0.181,0,0,0.000,0,0,0,0,0,0,0,0
61,-4,5,3,0.261,0,0,0.000,0,0,0,0,0,0,0,0
61,1,-3,3,1.041,0,0,0.000,0,0,0,0,0,0,0,0
61,0,-2,3,0.391,0,0,0.000,0,0,0,0,0,0,0,0
61,0,3,3,1.391,0,0,0.000,0,0,0,0,0,0,0,0
61,-6,6,2,0.501,0,0,0.000,0,0,0,0,0,0,0,0
61,-2,6,2,0.511,0,0,0.000,0,0,0,0,0,0,0,0
61,-3,3,3,0.411,0,0,0.000,0,0,0,0,0,0,0,0
61,2,-2,2,0.191,0,0,0.000,0,0,0,0,0,0,0,0
61,-4,-2,2,0.141,0,0,0.000,0,0,0,0,0,0,0,0
61,2,2,1,0.181,0,0,0.000,0,0,0,0,0,0,0,0
61,-5,1,0,0.561,0,0,0.000,0,0,0,0,0,0,0,0
61,2,-3,2,0.131,0,0,0.000,0,0,0,0,0,0,0,0
61,-4,0,2,0.221,0,0,0.000,0,0,0,0,0,0,0,0
61,-3,4,3,0.211,0,0,0.000,0,0,0,0,0,0,0,0
61,-4,8,1,1.171,0,0,0.000,0,0,0,0,0,0,0,0
61,1,2,2,0.251,0,0,0.000,0,0,0,0,0,0,0,0
61,-6,2,0,0.431,0,0,0.000,0,0,0,0,0,0,0,0
61,-5,-2,0,0.711,0,0,0.000,0,0,0,0,0,0,0,0
61,3,1,1,0.621,0,0,0.000,0,0,0,0,0,0,0,0
61,-6,7,2,1.781,0,0,0.000,0,0,0,0,0,0,0,0
61,2,-4,2,0.541,0,0,0.000,0,0,0,0,0,0,0,0
61,-1,3,3,1.511,0,0,0.000,0,0,0,0,0,0,0,0
61,-1,2,3,0.311,0,0,0.000,0,0,0,0,0,0,0,0
61,-5,8,1,1.322,0,0,0.000,0,1,0,1,0,0,11,11
61,1,4,2,0.331,0,0,0.000,0,0,0,0,0,0,0,0
61,1,0,3,0.291,0,0,0.000,0,0,0,0,0,0,0,0
61,-2,1,3,2.221,0,0,0.000,0,0,0,0,0,0,0,0
61,-5,0,1,0.481,0,0,0.000,0,0,0,0,0,0,0,0
61,2,0,3,1.591,0,0,0.000,0,0,0,0,0,0,0,0
61,2,4,1,1.181,0,0,0.000,0,0,0,0,0,0,0,0
61,-6,3,0,0.432,0,0,0.000,0,0,0,0,0,0,0,0
61,3,0,0,1.151,0,0,0.000,0,0,0,0,0,0,0,0
61,-5,4,2,0.221,0,0,0.000,0,0,0,0,0,0,0,0
61,1,-2,3,0.221,0,0,0.000,0,0,0,0,0,0,0,0
61,-4,-3,0,0.951,0,0,0.000,0,0,0,0,0,0,0,0
61,3,-5,0,1.781,0,0,0.000,0,0,0,0,0,0,0,0
61,0,6,0,0.871,0,0,0.000,0,0,0,0,0,0,0,0
61,2,5,0,0.761,0,0,0.000,0,0,0,0,0,0,0,0
61,-3,7,0,0.861,0,0,0.000,0,0,0,0,0,0,0,0
61,-5,5,3,0.392,0,0,0.000,0,0,0,0,0,0,0,0
61,2,-5,1,0.291,0,0,0.000,0,0,0,0,0,0,0,0
61,4,-3,0,0.431,0,0,0.000,0,0,0,0,0,0,0,0
61,-3,-3,0,0.112,0,0,0.000,0,0,0,0,0,0,0,0
61,-3,-1,3,0.141,0,0,0.000,0,0,0,0,0,0,0,0
61,0,5,3,1.271,0,0,0.000,0,0,0,0,0,0,0,0
61,0,0,3,1.161,0,0,0.000,0,0,0,0,0,0,0,0
61,3,-1,0,0.581,0,0,0.000,0,0,0,0,0,0,0,0
61,-1,-4,0,0.151,0,0,0.000,0,0,0,0,0,0,0,0
61,3,-2,1,0.411,0,0,0.000,0,0,0,0,0,0,0,0
61,1,5,0,0.351,0,0,0.000,0,0,0,0,0,0,0,0
61,-3,-2,2,1.171,0,0,0.000,0,0,0,0,0,0,0,0
61,-1,0,3,0.381,0,0,0.000,0,0,0,0,0,0,0,0
61,-5,-1,1,1.761,0,0,0.000,0,0,0,0,0,0,0,0
61,0,-1,3,0.521,0,0,0.000,0,0,0,0,0,0,0,0
61,-2,7,0,0.821,0,0,0.000,0,0,0,0,0,0,0,0
61,-6,4,1,0.644,0,0,0.000,0,0,0,0,0,0,0,0
61,-4,4,3,0.371,0,0,0.000,0,0,0,0,0,0,0,0
61,1,1,3,0.301,0,0,0.000,0,0,0,0,0,0,0,0
61,3,-4,0,0.501,0,0,0.000,0,0,0,0,0,0,0,0
61,-4,-1,3,1.231,0,0,0.000,0,0,0,0,0,0,0,0
61,-1,4,3,3.511,0,0,0.000,0,0,0,0,0,0,0,0
61,1,3,3,0.151,0,0,0.000,0,0,0,0,0,0,0,0
61,2,3,0,0.961,0,0,0.000,0,0,0,0,0,0,0,0
61,-2,-2,3,0.181,0,0,0.000,0,0,0,0,0,0,0,0
61,3,-3,0,1.181,0,0,0.000,0,0,0,0,0,0,0,0
61,-4,7,2,1.071,0,0,0.000,0,0,0,0,0,0,0,0
61,-1,-3,2,0.591,0,0,0.000,0,0,0,0,0,0,0,0
61,-5,7,2,1.321,0,0,0.000,0,0,0,0,0,0,0,0
61,-1,6,1,2.561,0,0,0.000,0,0,0,0,0,0,0,0
61,-3,5,3,0.132,0,0,0.000,0,0,0,0,0,0,0,0
61,-7,8,0,0.831,0,0,0.000,0,0,0,0,0,0,203,203
61,-3,6,3,0.951,0,0,0.000,0,0,0,0,0,0,0,0
61,-5,6,3,1.881,0,0,0.000,0,0,0,0,0,0,0,0
61,-4,2,3,2.081,0,0,0.000,0,0,0,0,0,0,0,0
61,-3,1,3,0.331,0,0,0.000,0,0,0,0,0,0,0,0
61,-6,5,0,0.511,0,0,0.000,0,0,0,0,0,0,0,0
61,1,-1,3,24.511,0,0,0.000,0,0,0,0,0,0,0,0
61,-4,1,3,0.191,0,0,0.000,0,0,0,0,0,0,0,0
61,-5,2,2,0.171,0,0,0.000,0,0,0,0,0,0,0,0
61,-2,-3,0,0.311,0,0,0.000,0,0,0,0,0,0,0,0
61,1,-5,0,0.351,0,0,0.000,0,0,0,0,0,0,0,0
61,-7,7,0,0.891,0,0,0.000,0,0,0,0,0,0,9,9
61,2,1,2,0.171,0,0,0.000,0,0,0,0,0,0,0,0
62,1,-4,2,0.251,0,0,0.000,0,0,0,0,0,0,0,0
62,-3,0,3,0.351,0,0,0.000,0,0,0,0,0,0,0,0
62,-2,2,3,0.221,0,0,0.000,0,0,0,0,0,0,0,0
62,-1,-1,3,0.121,0,0,0.000,0,0,0,0,0,0,0,0
62,0,1,3,0.111,0,0,0.000,0,0,0,0,0,0,0,0
62,-5,3,2,0.681,0,0,0.000,0,0,0,0,0,0,0,0
62,-1,1,3,2.691,0,0,0.000,0,0,0,0,0,0,0,0
62,-2,-1,3,0.261,0,0,0.000,0,0,0,0,0,0,0,0
62,0,4,3,0.231,0,0,0.000,0,0,0,0,0,0,0,0
62,3,-6,0,1.512,0,0,0.000,0,0,0,0,0,0,0,0
62,-2,4,3,0.421,0,0,0.000,0,0,0,0,0,0,0,0
62,-2,0,3,0.431,0,0,0.000,0,0,0,0,0,0,0,0
62,0,2,3,1.981,0,0,0.000,0,0,0,0,0,0,0,0
62,-4,3,3,1.291,0,0,0.000,0,0,0,0,0,0,0,0
62,-5,9,0,0.851,1,0,0.951,1,0,0,0,0,1,52,52
62,-7,6,1,0.761,0,0,0.000,0,0,0,0,0,0,0,0
62,-3,2,3,0.161,0,0,0.000,0,0,0,0,0,0,0,0
62,2,-1,2,0.891,0,0,0.000,0,0,0,0,0,0,0,0
62,0,-4,1,0.661,0,0,0.000,0,0,0,0,0,0,0,0
62,-2,5,3,0.471,0,0,0.000,0,0,0,0,0,0,0,0
62,-4,6,3,0.951,0,0,0.000,0,0,0,0,0,0,0,0
62,-1,5,2,0.621,0,0,0.000,0,0,0,0,0,0,0,0
62,0,-3,2,0.161,0,0,0.000,0,0,0,0,0,0,0,0
62,-6,8,0,1.791,0,0,0.000,0,0,0,0,0,0,14,14
62,-1,-2,3,0.221,0,0,0.000,0,0,0,0,0,0,0,0
62,-2,3,3,0.181,0,0,0.000,0,0,0,0,0,0,0,0
62,-4,5,3,0.481,0,0,0.000,0,0,0,0,0,0,0,0
62,1,-3,3,0.461,0,0,0.000,0,0,0,0,0,0,0,0
62,0,-2,3,0.271,0,0,0.000,0,0,0,0,0,0,0,0
62,0,3,3,1.181,0,0,0.000,0,0,0,0,0,0,0,0
62,-6,6,2,0.841,0,0,0.000,0,0,0,0,0,0,0,0
62,-2,6,2,1.021,0,0,0.000,0,0,0,0,0,0,0,0
62,-3,3,3,1.461,0,0,0.000,0,0,0,0,0,0,0,0
62,2,-2,2,0.421,0,0,0.000,0,0,0,0,0,0,0,0
62,-4,-2,2,0.421,0,0,0.000,0,0,0,0,0,0,0,0
62,2,2,1,0.341,0,0,0.000,0,0,0,0,0,0,0,0
62,-5,1,0,0.801,0,0,0.000,0,0,0,0,0,0,0,0
62,2,-3,2,0.381,0,0,0.000,0,0,0,0,0,0,0,0
62,-4,0,2,0.681,0,0,0.000,0,0,0,0,0,0,0,0
62,-3,4,3,3.391,0,0,0.000,0,0,0,0,0,0,0,0
62,-4,8,1,1.891,0,0,0.000,0,0,0,0,0,0,0,0
62,1,2,2,1.601,0,0,0.000,0,0,0,0,0,0,0,0
62,-6,2,0,1.151,0,0,0.000,0,0,0,0,0,0,0,0
62,-5,-2,0,1.511,0,0,0.000,0,0,0,0,0,0,0,0
62,3,1,1,0.841,0,0,0.000,0,0,0,0,0,0,0,0
62,-6,7,2,0.752,0,0,0.000,0,1,0,2,0,0,0,0
62,2,-4,2,0.382,0,0,0.000,0,0,0,0,0,0,0,0
62,-1,3,3,0.631,0,0,0.000,0,0,0,0,0,0,0,0
62,-1,2,3,0.311,0,0,0.000,0,0,0,0,0,0,0,0
62,-5,8,1,1.361,0,0,0.000,0,1,0,1,0,0,28,28
62,1,4,2,0.671,0,0,0.000,0,0,0,0,0,0,0,0
62,1,0,3,1.041,0,0,0.000,0,0,0,0,0,0,0,0
62,-2,1,3,0.951,0,0,0.000,0,0,0,0,0,0,0,0
62,-5,0,1,1.923,0,0,0.000,0,0,0,0,0,0,0,0
62,2,0,3,0.921,0,0,0.000,0,0,0,0,0,0,0,0
62,2,4,1,0.951,0,0,0.000,0,0,0,0,0,0,0,0
62,-6,3,0,0.971,0,0,0.000,0,0,0,0,0,0,0,0
62,3,0,0,3.601,0,0,0.000,0,0,0,0,0,0,0,0
62,-5,4,2,5.054,0,0,0.000,0,0,0,0,0,0,0,0
62,1,-2,3,0.451,0,0,0.000,0,0,0,0,0,0,0,0
62,-4,-3,0,0.671,0,0,0.000,0,0,0,0,0,0,0,0
62,3,-5,0,0.341,0,0,0.000,0,0,0,0,0,0,0,0
62,0,6,0,1.171,0,0,0.000,0,0,0,0,0,0,0,0
62,2,5,0,1.251,0,0,0.000,0,0,0,0,0,0,0,0
62,-3,7,0,1.081,0,0,0.000,0,0,0,0,0,0,0,0
62,-5,5,3,0.392,0,0,0.000,0,0,0,0,0,0,0,0
62,2,-5,1,1.141,0,0,0.000,0,0,0,0,0,0,0,0
62,4,-3,0,3.651,0,0,0.000,0,0,0,0,0,0,0,0
62,-3,-3,0,30.000,0,0,0.000,0,0,0,0,0,0,0,0
62,-3,-1,3,30.000,0,0,0.000,0,0,0,0,0,0,0,0
62,0,5,3,0.311,0,0,0.000,0,0,0,0,0,0,0,0
62,0,0,3,0.711,0,0,0.000,0,0,0,0,0,0,0,0
62,3,-1,0,1.031,0,0,0.000,0,0,0,0,0,0,0,0
62,-1,-4,0,0.641,0,0,0.000,0,0,0,0,0,0,0,0
62,3,-2,1,1.041,0,0,0.000,0,0,0,0,0,0,0,0
62,1,5,0,0.352,0,0,0.000,0,0,0,0,0,0,0,0
62,-3,-2,2,0.181,0,0,0.000,0,0,0,0,0,0,0,0
62,-1,0,3,0.601,0,0,0.000,0,0,0,0,0,0,0,0
62,-5,-1,1,2.411,0,0,0.000,0,0,0,0,0,0,0,0
62,0,-1,3,0.721,0,0,0.000,0,0,0,0,0,0,0,0
62,-2,7,0,2.241,0,0,0.000,0,0,0,0,0,0,0,0
62,-6,4,1,0.911,0,0,0.000,0,0,0,0,0,0,0,0
62,-4,4,3,0.561,0,0,0.000,0,0,0,0,0,0,0,0
62,1,1,3,0.191,0,0,0.000,0,0,0,0,0,0,0,0
62,3,-4,0,4.111,0,0,0.000,0,0,0,0,0,0,0,0
62,-4,-1,3,2.341,0,0,0.000,0,0,0,0,0,0,0,0
62,-1,4,3,0.181,0,0,0.000,0,0,0,0,0,0,0,0
62,1,3,3,0.451,0,0,0.000,0,0,0,0,0,0,0,0
62,2,3,0,0.431,0,0,0.000,0,0,0,0,0,0,0,0
62,-2,-2,3,0.521,0,0,0.000,0,0,0,0,0,0,0,0
62,3,-3,0,0.461,0,0,0.000,0,0,0,0,0,0,0,0
62,-4,7,2,0.411,0,0,0.000,0,0,0,0,0,0,1,1
62,-1,-3,2,0.391,0,0,0.000,0,0,0,0,0,0,0,0
62,-5,7,2,2.671,0,0,0.000,0,0,0,0,0,0,0,0
62,-1,6,1,2.761,0,0,0.000,0,0,0,0,0,0,0,0
62,-3,5,3,0.261,0,0,0.000,0,0,0,0,0,0,0,0
62,-7,8,0,1.111,2,0,1.201,1,0,0,0,0,2,222,222
62,-3,6,3,0.381,0,0,0.000,0,0,0,0,0,0,0,0
62,-5,6,3,0.831,0,0,0.000,0,0,0,0,0,0,0,0
62,-4,2,3,0.541,0,0,0.000,0,0,0,0,0,0,0,0
62,-3,1,3,0.841,0,0,0.000,0,0,0,0,0,0,0,0
62,-6,5,0,4.742,0,0,0.000,0,0,0,0,0,0,0,0
62,1,-1,3,0.371,0,0,0.000,0,0,0,0,0,0,0,0
62,-4,1,3,0.391,0,0,0.000,0,0,0,0,0,0,0,0
62,-5,2,2,0.711,0,0,0.000,0,0,0,0,0,0,0,0
62,-2,-3,0,0.331,0,0,0.000,0,0,0,0,0,0,0,0
62,1,-5,0,0.111,0,0,0.000,0,0,0,0,0,0,0,0
62,-7,7,0,1.071,0,0,0.000,0,0,0,0,0,0,8,8
62,2,1,2,0.171,0,0,0.000,0,0,0,0,0,0,0,0
63,1,-4,2,1.631,0,0,0.000,0,0,0,0,0,0,0,0
63,-3,0,3,1.071,0,0,0.000,0,0,0,0,0,0,0,0
63,-2,2,3,0.381,0,0,0.000,0,0,0,0,0,0,0,0
63,-1,-1,3,0.121,0,0,0.000,0,0,0,0,0,0,0,0
63,0,1,3,0.111,0,0,0.000,0,0,0,0,0,0,0,0
63,-5,3,2,1.831,0,0,0.000,0,0,0,0,0,0,0,0
63,-1,1,3,1.461,0,0,0.000,0,0,0,0,0,0,0,0
63,-2,-1,3,0.891,0,0,0.000,0,0,0,0,0,0,0,0
63,0,4,3,0.471,0,0,0.000,0,0,0,0,0,0,0,0
63,3,-6,0,1.241,0,0,0.000,0,0,0,0,0,0,0,0
63,-2,4,3,0.671,0,0,0.000,0,0,0,0,0,0,0,0
63,-2,0,3,0.431,0,0,0.000,0,0,0,0,0,0,0,0
63,0,2,3,0.791,0,0,0.000,0,0,0,0,0,0,0,0
63,-4,3,3,0.341,0,0,0.000,0,0,0,0,0,0,0,0
63,-5,9,0,1.632,0,0,0.000,0,0,0,0,0,0,70,70
63,-7,6,1,1.311,0,0,0.000,0,0,0,0,0,0,0,0
63,-3,2,3,0.331,0,0,0.000,0,0,0,0,0,0,0,0
63,2,-1,2,2.991,0,0,0.000,0,0,0,0,0,0,0,0
63,0,-4,1,0.831,0,0,0.000,0,0,0,0,0,0,0,0
63,-2,5,3,0.421,0,0,0.000,0,0,0,0,0,0,0,0
63,-4,6,3,1.671,0,0,0.000,0,0,0,0,0,0,0,0
63,-1,5,2,0.621,0,0,0.000,0,0,0,0,0,0,0,0
63,0,-3,2,0.201,0,0,0.000,0,0,0,0,0,0,0,0
63,-6,8,0,2.211,0,0,0.000,0,0,0,0,0,0,15,15
63,-1,-2,3,0.671,0,0,0.000,0,0,0,0,0,0,0,0
63,-2,3,3,0.561,0,0,0.000,0,0,0,0,0,0,0,0
63,-4,5,3,0.431,0,0,0.000,0,0,0,0,0,0,0,0
63,1,-3,3,1.041,0,0,0.000,0,0,0,0,0,0,0,0
63,0,-2,3,0.981,0,0,0.000,0,0,0,0,0,0,0,0
63,0,3,3,1.181,0,0,0.000,0,0,0,0,0,0,0,0
63,-6,6,2,2.641,0,0,0.000,0,0,0,0,0,0,0,0
63,-2,6,2,0.761,0,0,0.000,0,0,0,0,0,0,0,0
63,-3,3,3,2.091,0,0,0.000,0,0,0,0,0,0,0,0
63,2,-2,2,0.821,0,0,0.000,0,0,0,0,0,0,0,0
63,-4,-2,2,0.141,0,0,0.000,0,0,0,0,0,0,0,0
63,2,2,1,0.411,0,0,0.000,0,0,0,0,0,0,0,0
63,-5,1,0,0.193,0,0,0.000,0,0,0,0,0,0,0,0
63,2,-3,2,0.241,0,0,0.000,0,0,0,0,0,0,0,0
63,-4,0,2,0.221,0,0,0.000,0,0,0,0,0,0,0,0
63,-3,4,3,1.021,0,0,0.000,0,0,0,0,0,0,0,0
63,-4,8,1,1.411,0,0,0.000,0,0,0,0,0,0,0,0
63,1,2,2,1.011,0,0,0.000,0,0,0,0,0,0,0,0
63,-6,2,0,0.431,0,0,0.000,0,0,0,0,0,0,0,0
63,-5,-2,0,0.951,0,0,0.000,0,0,0,0,0,0,0,0
63,3,1,1,0.381,0,0,0.000,0,0,0,0,0,0,0,0
63,-6,7,2,0.943,0,0,0.000,0,1,0,3,0,0,0,0
63,2,-4,2,0.641,0,0,0.000,0,0,0,0,0,0,0,0
63,-1,3,3,1.281,0,0,0.000,0,0,0,0,0,0,0,0
63,-1,2,3,0.151,0,0,0.000,0,0,0,0,0,0,0,0
63,-5,8,1,0.812,0,0,0.000,0,0,0,0,0,0,25,25
63,1,4,2,0.501,0,0,0.000,0,0,0,0,0,0,0,0
63,1,0,3,0.161,0,0,0.000,0,0,0,0,0,0,0,0
63,-2,1,3,1.541,0,0,0.000,0,0,0,0,0,0,0,0
63,-5,0,1,0.481,0,0,0.000,0,0,0,0,0,0,0,0
63,2,0,3,1.231,0,0,0.000,0,0,0,0,0,0,0,0
63,2,4,1,0.271,0,0,0.000,0,0,0,0,0,0,0,0
63,-6,3,0,0.631,0,0,0.000,0,0,0,0,0,0,0,0
63,3,0,0,0.371,0,0,0.000,0,0,0,0,0,0,0,0
63,-5,4,2,0.471,0,0,0.000,0,0,0,0,0,0,0,0
63,1,-2,3,0.221,0,0,0.000,0,0,0,0,0,0,0,0
63,-4,-3,0,1.461,0,0,0.000,0,0,0,0,0,0,0,0
63,3,-5,0,0.611,0,0,0.000,0,0,0,0,0,0,0,0
63,0,6,0,0.501,0,0,0.000,0,0,0,0,0,0,0,0
63,2,5,0,1.181,0,0,0.000,0,0,0,0,0,0,0,0
63,-3,7,0,0.861,0,0,0.000,0,0,0,0,0,0,0,0
63,-5,5,3,0.571,0,0,0.000,0,0,0,0,0,0,0,0
63,2,-5,1,0.291,0,0,0.000,0,0,0,0,0,0,0,0
63,4,-3,0,0.431,0,0,0.000,0,0,0,0,0,0,0,0
63,-3,-3,0,0.211,0,0,0.000,0,0,0,0,0,0,0,0
63,-3,-1,3,0.111,0,0,0.000,0,0,0,0,0,0,0,0
63,0,5,3,0.151,0,0,0.000,0,0,0,0,0,0,0,0
63,0,0,3,1.681,0,0,0.000,0,0,0,0,0,0,0,0
63,3,-1,0,0.281,0,0,0.000,0,0,0,0,0,0,0,0
63,-1,-4,0,1.101,0,0,0.000,0,0,0,0,0,0,0,0
63,3,-2,1,0.222,0,0,0.000,0,0,0,0,0,0,0,0
63,1,5,0,1.061,0,0,0.000,0,0,0,0,0,0,0,0
63,-3,-2,2,0.371,0,0,0.000,0,0,0,0,0,0,0,0
63,-1,0,3,4.561,0,0,0.000,0,0,0,0,0,0,0,0
63,-5,-1,1,0.651,0,0,0.000,0,0,0,0,0,0,0,0
63,0,-1,3,0.371,0,0,0.000,0,0,0,0,0,0,0,0
63,-2,7,0,1.451,0,0,0.000,0,0,0,0,0,0,0,0
63,-6,4,1,0.451,0,0,0.000,0,0,0,0,0,0,0,0
63,-4,4,3,0.561,0,0,0.000,0,0,0,0,0,0,0,0
63,1,1,3,0.191,0,0,0.000,0,0,0,0,0,0,0,0
63,3,-4,0,1.251,0,0,0.000,0,0,0,0,0,0,0,0
63,-4,-1,3,1.231,0,0,0.000,0,0,0,0,0,0,0,0
63,-1,4,3,0.881,0,0,0.000,0,0,0,0,0,0,0,0
63,1,3,3,0.451,0,0,0.000,0,0,0,0,0,0,0,0
63,2,3,0,0.961,0,0,0.000,0,0,0,0,0,0,0,0
63,-2,-2,3,0.181,0,0,0.000,0,0,0,0,0,0,0,0
63,3,-3,0,0.511,0,0,0.000,0,0,0,0,0,0,0,0
63,-4,7,2,0.651,0,0,0.000,0,0,0,0,0,0,0,0
63,-1,-3,2,0.391,0,0,0.000,0,0,0,0,0,0,0,0
63,-5,7,2,1.321,0,0,0.000,0,0,0,0,0,0,0,0
63,-1,6,1,0.592,0,0,0.000,0,0,0,0,0,0,0,0
63,-3,5,3,0.133,0,0,0.000,0,0,0,0,0,0,0,0
63,-7,8,0,0.971,3,0,1.091,1,0,0,0,0,3,225,225
63,-3,6,3,2.081,0,0,0.000,0,0,0,0,0,0,0,0
63,-5,6,3,1.041,0,0,0.000,0,0,0,0,0,0,0,0
63,-4,2,3,0.101,0,0,0.000,0,0,0,0,0,0,0,0
63,-3,1,3,0.181,0,0,0.000,0,0,0,0,0,0,0,0
63,-6,5,0,0.791,0,0,0.000,0,0,0,0,0,0,1,1
63,1,-1,3,0.561,0,0,0.000,0,0,0,0,0,0,0,0
63,-4,1,3,0.811,0,0,0.000,0,0,0,0,0,0,0,0
63,-5,2,2,0.411,0,0,0.000,0,0,0,0,0,0,0,0
63,-2,-3,0,0.311,0,0,0.000,0,0,0,0,0,0,0,0
63,1,-5,0,0.231,0,0,0.000,0,0,0,0,0,0,0,0
63,-7,7,0,1.251,0,0,0.000,0,0,0,0,0,0,6,6
63,2,1,2,1.071,0,0,0.000,0,0,0,0,0,0,0,0
64,1,-4,2,0.511,0,0,0.000,0,0,0,0,0,0,0,0
64,-3,0,3,1.011,0,0,0.000,0,0,0,0,0,0,0,0
64,-2,2,3,1.531,0,0,0.000,0,0,0,0,0,0,0,0
64,-1,-1,3,0.221,0,0,0.000,0,0,0,0,0,0,0,0
64,0,1,3,0.111,0,0,0.000,0,0,0,0,0,0,0,0
64,-5,3,2,0.221,0,0,0.000,0,0,0,0,0,0,0,0
64,-1,1,3,1.461,0,0,0.000,0,0,0,0,0,0,0,0
64,-2,-1,3,0.181,0,0,0.000,0,0,0,0,0,0,0,0
64,0,4,3,0.961,0,0,0.000,0,0,0,0,0,0,0,0
64,3,-6,0,1.421,0,0,0.000,0,0,0,0,0,0,0,0
64,-2,4,3,0.222,0,0,0.000,0,0,0,0,0,0,0,0
64,-2,0,3,2.191,0,0,0.000,0,0,0,0,0,0,0,0
64,0,2,3,0.251,0,0,0.000,0,0,0,0,0,0,0,0
64,-4,3,3,0.531,0,0,0.000,0,0,0,0,0,0,0,0
64,-5,9,0,2.201,2,0,2.331,1,0,0,0,0,2,67,67
64,-7,6,1,1.311,0,0,0.000,0,0,0,0,0,0,0,0
64,-3,2,3,0.251,0,0,0.000,0,0,0,0,0,0,0,0
64,2,-1,2,0.681,0,0,0.000,0,0,0,0,0,0,0,0
64,0,-4,1,0.841,0,0,0.000,0,0,0,0,0,0,0,0
64,-2,5,3,0.151,0,0,0.000,0,0,0,0,0,0,0,0
64,-4,6,3,0.951,0,0,0.000,0,0,0,0,0,0,0,0
64,-1,5,2,0.411,0,0,0.000,0,0,0,0,0,0,0,0
64,0,-3,2,0.161,0,0,0.000,0,0,0,0,0,0,0,0
64,-6,8,0,3.204,0,0,0.000,0,0,0,0,0,0,9,9
64,-1,-2,3,1.131,0,0,0.000,0,0,0,0,0,0,0,0
64,-2,3,3,0.181,0,0,0.000,0,0,0,0,0,0,0,0
64,-4,5,3,1.131,0,0,0.000,0,0,0,0,0,0,0,0
64,1,-3,3,0.411,0,0,0.000,0,0,0,0,0,0,0,0
64,0,-2,3,0.721,0,0,0.000,0,0,0,0,0,0,0,0
64,0,3,3,0.201,0,0,0.000,0,0,0,0,0,0,0,0
64,-6,6,2,0.501,0,0,0.000,0,0,0,0,0,0,0,0
64,-2,6,2,2.931,0,0,0.000,0,0,0,0,0,0,0,0
64,-3,3,3,0.261,0,0,0.000,0,0,0,0,0,0,0,0
64,2,-2,2,0.221,0,0,0.000,0,0,0,0,0,0,0,0
64,-4,-2,2,0.271,0,0,0.000,0,0,0,0,0,0,0,0
64,2,2,1,1.051,0,0,0.000,0,0,0,0,0,0,0,0
64,-5,1,0,0.801,0,0,0.000,0,0,0,0,0,0,0,0
64,2,-3,2,0.241,0,0,0.000,0,0,0,0,0,0,0,0
64,-4,0,2,0.221,0,0,0.000,0,0,0,0,0,0,0,0
64,-3,4,3,0.311,0,0,0.000,0,0,0,0,0,0,0,0
64,-4,8,1,1.891,0,0,0.000,0,0,0,0,0,0,0,0
64,1,2,2,1.251,0,0,0.000,0,0,0,0,0,0,0,0
64,-6,2,0,0.651,0,0,0.000,0,0,0,0,0,0,0,0
64,-5,-2,0,1.191,0,0,0.000,0,0,0,0,0,0,0,0
64,3,1,1,0.381,0,0,0.000,0,0,0,0,0,0,0,0
64,-6,7,2,1.401,0,0,0.000,0,0,0,0,0,0,0,0
64,2,-4,2,1.201,0,0,0.000,0,0,0,0,0,0,0,0
64,-1,3,3,0.231,0,0,0.000,0,0,0,0,0,0,0,0
64,-1,2,3,0.311,0,0,0.000,0,0,0,0,0,0,0,0
64,-5,8,1,0.812,0,0,0.000,0,1,0,2,0,0,16,16
64,1,4,2,0.671,0,0,0.000,0,0,0,0,0,0,0,0
64,1,0,3,30.000,0,0,0.000,0,0,0,0,0,0,0,0
64,-2,1,3,1.351,0,0,0.000,0,0,0,0,0,0,0,0
64,-5,0,1,0.481,0,0,0.000,0,0,0,0,0,0,0,0
64,2,0,3,0.611,0,0,0.000,0,0,0,0,0,0,0,0
64,2,4,1,0.611,0,0,0.000,0,0,0,0,0,0,0,0
64,-6,3,0,0.432,0,0,0.000,0,0,0,0,0,0,0,0
64,3,0,0,0.181,0,0,0.000,0,0,0,0,0,0,0,0
64,-5,4,2,0.911,0,0,0.000,0,0,0,0,0,0,0,0
64,1,-2,3,1.831,0,0,0.000,0,0,0,0,0,0,0,0
64,-4,-3,0,1.431,0,0,0.000,0,0,0,0,0,0,0,0
64,3,-5,0,0.521,0,0,0.000,0,0,0,0,0,0,0,0
64,0,6,0,0.681,0,0,0.000,0,0,0,0,0,0,0,0
64,2,5,0,3.281,0,0,0.000,0,0,0,0,0,0,0,0
64,-3,7,0,0.861,0,0,0.000,0,0,0,0,0,0,0,0
64,-5,5,3,1.002,0,0,0.000,0,0,0,0,0,0,0,0
64,2,-5,1,0.291,0,0,0.000,0,0,0,0,0,0,0,0
64,4,-3,0,0.661,0,0,0.000,0,0,0,0,0,0,0,0
64,-3,-3,0,0.211,0,0,0.000,0,0,0,0,0,0,1,1
64,-3,-1,3,0.111,0,0,0.000,0,0,0,0,0,0,0,0
64,0,5,3,0.151,0,0,0.000,0,0,0,0,0,0,0,0
64,0,0,3,0.381,0,0,0.000,0,0,0,0,0,0,0,0
64,3,-1,0,0.731,0,0,0.000,0,0,0,0,0,0,0,0
64,-1,-4,0,0.781,0,0,0.000,0,0,0,0,0,0,0,0
64,3,-2,1,0.201,0,0,0.000,0,0,0,0,0,0,0,0
64,1,5,0,0.801,0,0,0.000,0,0,0,0,0,0,0,0
64,-3,-2,2,0.561,0,0,0.000,0,0,0,0,0,0,0,0
64,-1,0,3,0.211,0,0,0.000,0,0,0,0,0,0,0,0
64,-5,-1,1,1.002,0,0,0.000,0,0,0,0,0,0,0,0
64,0,-1,3,0.371,0,0,0.000,0,0,0,0,0,0,0,0
64,-2,7,0,0.771,0,0,0.000,0,0,0,0,0,0,0,0
64,-6,4,1,1.052,0,0,0.000,0,0,0,0,0,0,0,0
64,-4,4,3,1.321,0,0,0.000,0,0,0,0,0,0,0,0
64,1,1,3,0.351,0,0,0.000,0,0,0,0,0,0,0,0
64,3,-4,0,0.761,0,0,0.000,0,0,0,0,0,0,0,0
64,-4,-1,3,1.981,0,0,0.000,0,0,0,0,0,0,0,0
64,-1,4,3,0.311,0,0,0.000,0,0,0,0,0,0,0,0
64,1,3,3,0.451,0,0,0.000,0,0,0,0,0,0,0,0
64,2,3,0,0.211,0,0,0.000,0,0,0,0,0,0,0,0
64,-2,-2,3,0.281,0,0,0.000,0,0,0,0,0,0,0,0
64,3,-3,0,0.371,0,0,0.000,0,0,0,0,0,0,0,0
64,-4,7,2,1.011,0,0,0.000,0,0,0,0,0,0,0,0
64,-1,-3,2,1.391,0,0,0.000,0,0,0,0,0,0,0,0
64,-5,7,2,2.131,0,0,0.000,0,0,0,0,0,0,0,0
64,-1,6,1,0.561,0,0,0.000,0,0,0,0,0,0,0,0
64,-3,5,3,0.261,0,0,0.000,0,0,0,0,0,0,0,0
64,-7,8,0,1.111,0,0,0.000,0,0,0,0,0,0,195,195
64,-3,6,3,2.841,0,0,0.000,0,0,0,0,0,0,0,0
64,-5,6,3,0.501,0,0,0.000,0,0,0,0,0,0,0,0
64,-4,2,3,2.411,0,0,0.000,0,0,0,0,0,0,0,0
64,-3,1,3,0.371,0,0,0.000,0,0,0,0,0,0,0,0
64,-6,5,0,1.071,0,0,0.000,0,0,0,0,0,0,0,0
64,1,-1,3,0.371,0,0,0.000,0,0,0,0,0,0,0,0
64,-4,1,3,0.191,0,0,0.000,0,0,0,0,0,0,0,0
64,-5,2,2,0.231,0,0,0.000,0,0,0,0,0,0,0,0
64,-2,-3,0,0.211,0,0,0.000,0,0,0,0,0,0,0,0
64,1,-5,0,7.431,0,0,0.000,0,0,0,0,0,0,0,0
64,-7,7,0,1.251,0,0,0.000,0,0,0,0,0,0,9,9
64,2,1,2,0.171,0,0,0.000,0,0,0,0,0,0,0,0
65,1,-4,2,0.511,0,0,0.000,0,0,0,0,0,0,0,0
65,-3,0,3,4.591,0,0,0.000,0,0,0,0,0,0,0,0
65,-2,2,3,0.541,0,0,0.000,0,0,0,0,0,0,0,0
65,-1,-1,3,0.221,0,0,0.000,0,0,0,0,0,0,0,0
65,0,1,3,0.221,0,0,0.000,0,0,0,0,0,0,0,0
65,-5,3,2,0.681,0,0,0.000,0,0,0,0,0,0,0,0
65,-1,1,3,1.461,0,0,0.000,0,0,0,0,0,0,0,0
65,-2,-1,3,1.781,0,0,0.000,0,0,0,0,0,0,0,0
65,0,4,3,4.551,0,0,0.000,0,0,0,0,0,0,0,0
65,3,-6,0,0.701,0,0,0.000,0,0,0,0,0,0,0,0
65,-2,4,3,1.111,0,0,0.000,0,0,0,0,0,0,0,0
65,-2,0,3,1.121,0,0,0.000,0,0,0,0,0,0,0,0
65,0,2,3,0.381,0,0,0.000,0,0,0,0,0,0,0,0
65,-4,3,3,9.271,0,0,0.000,0,0,0,0,0,0,0,0
65,-5,9,0,2.201,0,0,0.000,0,0,0,0,0,0,62,62
65,-7,6,1,1.091,0,0,0.000,0,0,0,0,0,0,1,1
65,-3,2,3,0.591,0,0,0.000,0,0,0,0,0,0,0,0
65,2,-1,2,2.991,0,0,0.000,0,0,0,0,0,0,0,0
65,0,-4,1,2.061,0,0,0.000,0,0,0,0,0,0,0,0
65,-2,5,3,0.261,0,0,0.000,0,0,0,0,0,0,0,0
65,-4,6,3,0.471,0,0,0.000,0,0,0,0,0,0,0,0
65,-1,5,2,30.000,0,0,0.000,0,0,0,0,0,0,0,0
65,0,-3,2,1.121,0,0,0.000,0,0,0,0,0,0,0,0
65,-6,8,0,1.991,0,0,0.000,0,0,0,0,0,0,15,15
65,-1,-2,3,0.441,0,0,0.000,0,0,0,0,0,0,0,0
65,-2,3,3,0.561,0,0,0.000,0,0,0,0,0,0,0,0
65,-4,5,3,0.223,0,0,0.000,0,0,0,0,0,0,0,0
65,1,-3,3,0.831,0,0,0.000,0,0,0,0,0,0,0,0
65,0,-2,3,0.381,0,0,0.000,0,0,0,0,0,0,0,0
65,0,3,3,0.201,0,0,0.000,0,0,0,0,0,0,0,0
65,-6,6,2,0.501,0,0,0.000,0,0,0,0,0,0,0,0
65,-2,6,2,1.631,0,0,0.000,0,0,0,0,0,0,0,0
65,-3,3,3,0.261,0,0,0.000,0,0,0,0,0,0,0,0
65,2,-2,2,1.372,0,0,0.000,0,0,0,0,0,0,0,0
65,-4,-2,2,0.141,0,0,0.000,0,0,0,0,0,0,0,0
65,2,2,1,0.251,0,0,0.000,0,0,0,0,0,0,0,0
65,-5,1,0,0.561,0,0,0.000,0,0,0,0,0,0,0,0
65,2,-3,2,0.241,0,0,0.000,0,0,0,0,0,0,0,0
65,-4,0,2,0.371,0,0,0.000,0,0,0,0,0,0,0,0
65,-3,4,3,1.462,0,0,0.000,0,0,0,0,0,0,0,0
65,-4,8,1,1.651,0,0,0.000,0,0,0,0,0,0,0,0
65,1,2,2,0.731,0,0,0.000,0,0,0,0,0,0,0,0
65,-6,2,0,0.871,0,0,0.000,0,0,0,0,0,0,0,0
65,-5,-2,0,1.511,0,0,0.000,0,0,0,0,0,0,0,0
65,3,1,1,1.011,0,0,0.000,0,0,0,0,0,0,0,0
65,-6,7,2,1.711,0,0,0.000,0,1,0,1,0,0,0,0
65,2,-4,2,0.212,0,0,0.000,0,0,0,0,0,0,0,0
65,-1,3,3,0.231,0,0,0.000,0,0,0,0,0,0,0,0
65,-1,2,3,0.151,0,0,0.000,0,0,0,0,0,0,0,0
65,-5,8,1,1.011,0,0,0.000,0,0,0,0,0,0,14,14
65,1,4,2,30.000,0,0,0.000,0,0,0,0,0,0,0,0
65,1,0,3,0.161,0,0,0.000,0,0,0,0,0,0,0,0
65,-2,1,3,0.611,0,0,0.000,0,0,0,0,0,0,0,0
65,-5,0,1,0.521,0,0,0.000,0,0,0,0,0,0,0,0
65,2,0,3,0.921,0,0,0.000,0,0,0,0,0,0,0,0
65,2,4,1,0.701,0,0,0.000,0,0,0,0,0,0,0,0
65,-6,3,0,0.501,0,0,0.000,0,0,0,0,0,0,0,0
65,3,0,0,0.561,0,0,0.000,0,0,0,0,0,0,0,0
65,-5,4,2,0.911,0,0,0.000,0,0,0,0,0,0,0,0
65,1,-2,3,0.451,0,0,0.000,0,0,0,0,0,0,0,0
65,-4,-3,0,0.911,0,0,0.000,0,0,0,0,0,0,0,0
65,3,-5,0,0.341,0,0,0.000,0,0,0,0,0,0,0,0
65,0,6,0,0.504,0,0,0.000,0,0,0,0,0,0,0,0
65,2,5,0,1.391,0,0,0.000,0,0,0,0,0,0,0,0
65,-3,7,0,1.081,0,0,0.000,0,0,0,0,0,0,0,0
65,-5,5,3,1.971,0,0,0.000,0,0,0,0,0,0,0,0
65,2,-5,1,3.183,0,0,0.000,0,0,0,0,0,0,0,0
65,4,-3,0,0.431,0,0,0.000,0,0,0,0,0,0,0,0
65,-3,-3,0,0.112,0,0,0.000,0,0,0,0,0,0,0,0
65,-3,-1,3,0.231,0,0,0.000,0,0,0,0,0,0,0,0
65,0,5,3,0.471,0,0,0.000,0,0,0,0,0,0,0,0
65,0,0,3,0.641,0,0,0.000,0,0,0,0,0,0,0,0
65,3,-1,0,0.281,0,0,0.000,0,0,0,0,0,0,0,0
65,-1,-4,0,0.561,0,0,0.000,0,0,0,0,0,0,0,0
65,3,-2,1,0.621,0,0,0.000,0,0,0,0,0,0,0,0
65,1,5,0,0.881,0,0,0.000,0,0,0,0,0,0,0,0
65,-3,-2,2,0.181,0,0,0.000,0,0,0,0,0,0,0,0
65,-1,0,3,1.081,0,0,0.000,0,0,0,0,0,0,0,0
65,-5,-1,1,1.101,0,0,0.000,0,0,0,0,0,0,0,0
65,0,-1,3,1.371,0,0,0.000,0,0,0,0,0,0,0,0
65,-2,7,0,0.821,0,0,0.000,0,0,0,0,0,0,0,0
65,-6,4,1,0.401,0,0,0.000,0,0,0,0,0,0,0,0
65,-4,4,3,0.181,0,0,0.000,0,0,0,0,0,0,0,0
65,1,1,3,0.291,0,0,0.000,0,0,0,0,0,0,0,0
65,3,-4,0,1.051,0,0,0.000,0,0,0,0,0,0,0,0
65,-4,-1,3,0.481,0,0,0.000,0,0,0,0,0,0,0,0
65,-1,4,3,0.471,0,0,0.000,0,0,0,0,0,0,0,0
65,1,3,3,1.251,0,0,0.000,0,0,0,0,0,0,0,0
65,2,3,0,0.381,0,0,0.000,0,0,0,0,0,0,0,0
65,-2,-2,3,30.000,0,0,0.000,0,0,0,0,0,0,0,0
65,3,-3,0,1.181,0,0,0.000,0,0,0,0,0,0,0,0
65,-4,7,2,0.411,0,0,0.000,0,0,0,0,0,0,1,1
65,-1,-3,2,0.991,0,0,0.000,0,0,0,0,0,0,0,0
65,-5,7,2,3.481,0,0,0.000,0,0,0,0,0,0,0,0
65,-1,6,1,0.392,0,0,0.000,0,0,0,0,0,0,0,0
65,-3,5,3,0.401,0,0,0.000,0,0,0,0,0,0,0,0
65,-7,8,0,1.391,1,0,1.471,1,0,0,0,0,1,222,222
65,-3,6,3,0.751,0,0,0.000,0,0,0,0,0,0,0,0
65,-5,6,3,0.621,0,0,0.000,0,0,0,0,0,0,0,0
65,-4,2,3,2.081,0,0,0.000,0,0,0,0,0,0,0,0
65,-3,1,3,0.861,0,0,0.000,0,0,0,0,0,0,0,0
65,-6,5,0,0.402,0,0,0.000,0,0,0,0,0,0,0,0
65,1,-1,3,0.371,0,0,0.000,0,0,0,0,0,0,0,0
65,-4,1,3,1.211,0,0,0.000,0,0,0,0,0,0,0,0
65,-5,2,2,0.531,0,0,0.000,0,0,0,0,0,0,0,0
65,-2,-3,0,0.311,0,0,0.000,0,0,0,0,0,0,0,0
65,1,-5,0,0.231,0,0,0.000,0,0,0,0,0,0,0,0
65,-7,7,0,1.791,0,0,0.000,0,0,0,0,0,0,12,12
65,2,1,2,0.351,0,0,0.000,0,0,0,0,0,0,0,0
66,1,-4,2,0.291,0,0,0.000,0,0,0,0,0,0,0,0
66,-3,0,3,0.211,0,0,0.000,0,0,0,0,0,0,0,0
66,-2,2,3,0.311,0,0,0.000,0,0,0,0,0,0,0,0
66,-1,-1,3,0.611,0,0,0.000,0,0,0,0,0,0,0,0
66,0,1,3,0.111,0,0,0.000,0,0,0,0,0,0,0,0
66,-5,3,2,0.221,0,0,0.000,0,0,0,0,0,0,0,0
66,-1,1,3,4.581,0,0,0.000,0,0,0,0,0,0,0,0
66,-2,-1,3,1.781,0,0,0.000,0,0,0,0,0,0,0,0
66,0,4,3,1.191,0,0,0.000,0,0,0,0,0,0,0,0
66,3,-6,0,0.481,0,0,0.000,0,0,0,0,0,0,0,0
66,-2,4,3,1.151,0,0,0.000,0,0,0,0,0,0,0,0
66,-2,0,3,0.431,0,0,0.000,0,0,0,0,0,0,0,0
66,0,2,3,0.381,0,0,0.000,0,0,0,0,0,0,0,0
66,-4,3,3,0.721,0,0,0.000,0,0,0,0,0,0,0,0
66,-5,9,0,2.202,1,0,2.302,1,0,0,0,0,1,63,63
66,-7,6,1,0.772,0,0,0.000,0,0,0,0,0,0,0,0
66,-3,2,3,0.161,0,0,0.000,0,0,0,0,0,0,0,0
66,2,-1,2,0.891,0,0,0.000,0,0,0,0,0,0,0,0
66,0,-4,1,0.201,0,0,0.000,0,0,0,0,0,0,0,0
66,-2,5,3,0.581,0,0,0.000,0,0,0,0,0,0,0,0
66,-4,6,3,1.041,0,0,0.000,0,0,0,0,0,0,0,0
66,-1,5,2,0.411,0,0,0.000,0,0,0,0,0,0,0,0
66,0,-3,2,0.271,0,0,0.000,0,0,0,0,0,0,0,0
66,-6,8,0,2.391,0,0,0.000,0,0,0,0,0,0,13,13
66,-1,-2,3,0.441,0,0,0.000,0,0,0,0,0,0,0,0
66,-2,3,3,0.371,0,0,0.000,0,0,0,0,0,0,0,0
66,-4,5,3,1.531,0,0,0.000,0,0,0,0,0,0,0,0
66,1,-3,3,30.000,0,0,0.000,0,0,0,0,0,0,0,0
66,0,-2,3,0.291,0,0,0.000,0,0,0,0,0,0,0,0
66,0,3,3,2.021,0,0,0.000,0,0,0,0,0,0,0,0
66,-6,6,2,0.501,0,0,0.000,0,0,0,0,0,0,0,0
66,-2,6,2,0.851,0,0,0.000,0,0,0,0,0,0,0,0
66,-3,3,3,0.201,0,0,0.000,0,0,0,0,0,0,0,0
66,2,-2,2,0.191,0,0,0.000,0,0,0,0,0,0,0,0
66,-4,-2,2,0.291,0,0,0.000,0,0,0,0,0,0,0,0
66,2,2,1,0.151,0,0,0.000,0,0,0,0,0,0,0,0
66,-5,1,0,0.192,0,0,0.000,0,0,0,0,0,0,0,0
66,2,-3,2,0.131,0,0,0.000,0,0,0,0,0,0,0,0
66,-4,0,2,0.601,0,0,0.000,0,0,0,0,0,0,0,0
66,-3,4,3,0.211,0,0,0.000,0,0,0,0,0,0,0,0
66,-4,8,1,2.371,0,0,0.000,0,0,0,0,0,0,0,0
66,1,2,2,0.731,0,0,0.000,0,0,0,0,0,0,0,0
66,-6,2,0,1.531,0,0,0.000,0,0,0,0,0,0,0,0
66,-5,-2,0,0.551,0,0,0.000,0,0,0,0,0,0,0,0
66,3,1,1,0.201,0,0,0.000,0,0,0,0,0,0,0,0
66,-6,7,2,0.943,0,0,0.000,0,1,0,2,0,0,0,0
66,2,-4,2,1.421,0,0,0.000,0,0,0,0,0,0,0,0
66,-1,3,3,1.631,0,0,0.000,0,0,0,0,0,0,0,0
66,-1,2,3,2.551,0,0,0.000,0,0,0,0,0,0,0,0
66,-5,8,1,0.982,0,0,0.000,0,1,0,1,0,0,12,12
66,1,4,2,0.161,0,0,0.000,0,0,0,0,0,0,0,0
66,1,0,3,0.191,0,0,0.000,0,0,0,0,0,0,0,0
66,-2,1,3,1.541,0,0,0.000,0,0,0,0,0,0,0,0
66,-5,0,1,1.743,0,0,0.000,0,0,0,0,0,0,0,0
66,2,0,3,0.921,0,0,0.000,0,0,0,0,0,0,0,0
66,2,4,1,0.671,0,0,0.000,0,0,0,0,0,0,0,0
66,-6,3,0,0.501,0,0,0.000,0,0,0,0,0,0,0,0
66,3,0,0,0.371,0,0,0.000,0,0,0,0,0,0,0,0
66,-5,4,2,0.251,0,0,0.000,0,0,0,0,0,0,0,0
66,1,-2,3,0.681,0,0,0.000,0,0,0,0,0,0,0,0
66,-4,-3,0,1.391,0,0,0.000,0,0,0,0,0,0,0,0
66,3,-5,0,0.521,0,0,0.000,0,0,0,0,0,0,0,0
66,0,6,0,1.831,0,0,0.000,0,0,0,0,0,0,0,0
66,2,5,0,0.621,0,0,0.000,0,0,0,0,0,0,0,0
66,-3,7,0,1.521,0,0,0.000,0,0,0,0,0,0,0,0
66,-5,5,3,0.771,0,0,0.000,0,0,0,0,0,0,0,0
66,2,-5,1,0.461,0,0,0.000,0,0,0,0,0,0,0,0
66,4,-3,0,0.431,0,0,0.000,0,0,0,0,0,0,0,0
66,-3,-3,0,0.362,0,0,0.000,0,0,0,0,0,0,0,0
66,-3,-1,3,0.521,0,0,0.000,0,0,0,0,0,0,0,0
66,0,5,3,0.151,0,0,0.000,0,0,0,0,0,0,0,0
66,0,0,3,1.161,0,0,0.000,0,0,0,0,0,0,0,0
66,3,-1,0,0.141,0,0,0.000,0,0,0,0,0,0,0,0
66,-1,-4,0,0.561,0,0,0.000,0,0,0,0,0,0,0,0
66,3,-2,1,0.201,0,0,0.000,0,0,0,0,0,0,0,0
66,1,5,0,0.352,0,0,0.000,0,0,0,0,0,0,0,0
66,-3,-2,2,0.561,0,0,0.000,0,0,0,0,0,0,0,0
66,-1,0,3,4.121,0,0,0.000,0,0,0,0,0,0,0,0
66,-5,-1,1,2.581,0,0,0.000,0,0,0,0,0,0,0,0
66,0,-1,3,0.391,0,0,0.000,0,0,0,0,0,0,0,0
66,-2,7,0,0.621,0,0,0.000,0,0,0,0,0,0,0,0
66,-6,4,1,0.531,0,0,0.000,0,0,0,0,0,0,0,0
66,-4,4,3,0.941,0,0,0.000,0,0,0,0,0,0,0,0
66,1,1,3,1.891,0,0,0.000,0,0,0,0,0,0,0,0
66,3,-4,0,0.471,0,0,0.000,0,0,0,0,0,0,0,0
66,-4,-1,3,1.591,0,0,0.000,0,0,0,0,0,0,0,0
66,-1,4,3,0.311,0,0,0.000,0,0,0,0,0,0,0,0
66,1,3,3,0.151,0,0,0.000,0,0,0,0,0,0,0,0
66,2,3,0,0.521,0,0,0.000,0,0,0,0,0,0,0,0
66,-2,-2,3,3.511,0,0,0.000,0,0,0,0,0,0,0,0
66,3,-3,0,0.581,0,0,0.000,0,0,0,0,0,0,0,0
66,-4,7,2,0.471,0,0,0.000,0,0,0,0,0,0,0,0
66,-1,-3,2,0.391,0,0,0.000,0,0,0,0,0,0,0,0
66,-5,7,2,1.051,0,0,0.000,0,0,0,0,0,0,0,0
66,-1,6,1,0.581,0,0,0.000,0,0,0,0,0,0,0,0
66,-3,5,3,0.132,0,0,0.000,0,0,0,0,0,0,0,0
66,-7,8,0,1.111,2,0,1.201,1,0,0,0,0,2,209,209
66,-3,6,3,2.651,0,0,0.000,0,0,0,0,0,0,0,0
66,-5,6,3,0.411,0,0,0.000,0,0,0,0,0,0,0,0
66,-4,2,3,1.201,0,0,0.000,0,0,0,0,0,0,0,0
66,-3,1,3,0.941,0,0,0.000,0,0,0,0,0,0,0,0
66,-6,5,0,1.381,0,0,0.000,0,0,0,0,0,0,0,0
66,1,-1,3,0.181,0,0,0.000,0,0,0,0,0,0,0,0
66,-4,1,3,0.811,0,0,0.000,0,0,0,0,0,0,0,0
66,-5,2,2,0.411,0,0,0.000,0,0,0,0,0,0,0,0
66,-2,-3,0,0.851,0,0,0.000,0,0,0,0,0,0,0,0
66,1,-5,0,0.231,0,0,0.000,0,0,0,0,0,0,0,0
66,-7,7,0,2.871,0,0,0.000,0,0,0,0,0,0,8,8
66,2,1,2,0.351,0,0,0.000,0,0,0,0,0,0,0,0
67,1,-4,2,0.251,0,0,0.000,0,0,0,0,0,0,0,0
67,-3,0,3,0.411,0,0,0.000,0,0,0,0,0,0,0,0
67,-2,2,3,1.361,0,0,0.000,0,0,0,0,0,0,0,0
67,-1,-1,3,0.121,0,0,0.000,0,0,0,0,0,0,0,0
67,0,1,3,0.111,0,0,0.000,0,0,0,0,0,0,0,0
67,-5,3,2,1.141,0,0,0.000,0,0,0,0,0,0,0,0
67,-1,1,3,0.201,0,0,0.000,0,0,0,0,0,0,0,0
67,-2,-1,3,0.451,0,0,0.000,0,0,0,0,0,0,0,0
67,0,4,3,0.711,0,0,0.000,0,0,0,0,0,0,0,0
67,3,-6,0,1.421,0,0,0.000,0,0,0,0,0,0,0,0
67,-2,4,3,0.222,0,0,0.000,0,0,0,0,0,0,0,0
67,-2,0,3,0.211,0,0,0.000,0,0,0,0,0,0,0,0
67,0,2,3,0.451,0,0,0.000,0,0,0,0,0,0,0,0
67,-4,3,3,0.341,0,0,0.000,0,0,0,0,0,0,0,0
67,-5,9,0,0.851,1,0,0.971,1,0,0,0,0,1,56,56
67,-7,6,1,1.652,0,0,0.000,0,0,0,0,0,0,0,0
67,-3,2,3,0.251,0,0,0.000,0,0,0,0,0,0,0,0
67,2,-1,2,0.591,0,0,0.000,0,0,0,0,0,0,0,0
67,0,-4,1,0.871,0,0,0.000,0,0,0,0,0,0,0,0
67,-2,5,3,0.682,0,0,0.000,0,0,0,0,0,0,0,0
67,-4,6,3,0.483,0,0,0.000,0,0,0,0,0,0,0,0
67,-1,5,2,0.201,0,0,0.000,0,0,0,0,0,0,0,0
67,0,-3,2,1.181,0,0,0.000,0,0,0,0,0,0,0,0
67,-6,8,0,1.391,0,0,0.000,0,0,0,0,0,0,11,11
67,-1,-2,3,0.671,0,0,0.000,0,0,0,0,0,0,0,0
67,-2,3,3,30.000,0,0,0.000,0,0,0,0,0,0,0,0
67,-4,5,3,1.531,0,0,0.000,0,0,0,0,0,0,0,0
67,1,-3,3,1.091,0,0,0.000,0,0,0,0,0,0,0,0
67,0,-2,3,0.231,0,0,0.000,0,0,0,0,0,0,0,0
67,0,3,3,0.341,0,0,0.000,0,0,0,0,0,0,0,0
67,-6,6,2,0.771,0,0,0.000,0,0,0,0,0,0,0,0
67,-2,6,2,1.111,0,0,0.000,0,0,0,0,0,0,0,0
67,-3,3,3,0.201,0,0,0.000,0,0,0,0,0,0,0,0
67,2,-2,2,0.191,0,0,0.000,0,0,0,0,0,0,0,0
67,-4,-2,2,0.271,0,0,0.000,0,0,0,0,0,0,0,0
67,2,2,1,0.181,0,0,0.000,0,0,0,0,0,0,0,0
67,-5,1,0,0.561,0,0,0.000,0,0,0,0,0,0,0,0
67,2,-3,2,0.241,0,0,0.000,0,0,0,0,0,0,0,0
67,-4,0,2,0.221,0,0,0.000,0,0,0,0,0,0,0,0
67,-3,4,3,0.211,0,0,0.000,0,0,0,0,0,0,0,0
67,-4,8,1,1.411,0,0,0.000,0,0,0,0,0,0,0,0
67,1,2,2,0.991,0,0,0.000,0,0,0,0,0,0,0,0
67,-6,2,0,0.881,0,0,0.000,0,0,0,0,0,0,0,0
67,-5,-2,0,0.711,0,0,0.000,0,0,0,0,0,0,0,0
67,3,1,1,0.201,0,0,0.000,0,0,0,0,0,0,0,0
67,-6,7,2,1.591,0,0,0.000,0,1,0,2,0,0,1,1
67,2,-4,2,1.471,0,0,0.000,0,0,0,0,0,0,0,0
67,-1,3,3,0.231,0,0,0.000,0,0,0,0,0,0,0,0
67,-1,2,3,0.471,0,0,0.000,0,0,0,0,0,0,0,0
67,-5,8,1,1.152,0,0,0.000,0,1,0,1,0,0,11,11
67,1,4,2,0.161,0,0,0.000,0,0,0,0,0,0,0,0
67,1,0,3,0.291,0,0,0.000,0,0,0,0,0,0,0,0
67,-2,1,3,0.331,0,0,0.000,0,0,0,0,0,0,0,0
67,-5,0,1,0.761,0,0,0.000,0,0,0,0,0,0,0,0
67,2,0,3,0.611,0,0,0.000,0,0,0,0,0,0,0,0
67,2,4,1,0.611,0,0,0.000,0,0,0,0,0,0,0,0
67,-6,3,0,1.381,0,0,0.000,0,0,0,0,0,0,0,0
67,3,0,0,0.181,0,0,0.000,0,0,0,0,0,0,0,0
67,-5,4,2,23.451,0,0,0.000,0,0,0,0,0,0,0,0
67,1,-2,3,0.451,0,0,0.000,0,0,0,0,0,0,0,0
67,-4,-3,0,0.671,0,0,0.000,0,0,0,0,0,0,0,0
67,3,-5,0,0.341,0,0,0.000,0,0,0,0,0,0,0,0
67,0,6,0,0.681,0,0,0.000,0,0,0,0,0,0,0,0
67,2,5,0,1.251,0,0,0.000,0,0,0,0,0,0,1,1
67,-3,7,0,1.301,0,0,0.000,0,0,0,0,0,0,0,0
67,-5,5,3,1.971,0,0,0.000,0,0,0,0,0,0,0,0
67,2,-5,1,0.291,0,0,0.000,0,0,0,0,0,0,0,0
67,4,-3,0,0.431,0,0,0.000,0,0,0,0,0,0,0,0
67,-3,-3,0,0.211,0,0,0.000,0,0,0,0,0,0,0,0
67,-3,-1,3,0.711,0,0,0.000,0,0,0,0,0,0,0,0
67,0,5,3,0.631,0,0,0.000,0,0,0,0,0,0,0,0
67,0,0,3,0.901,0,0,0.000,0,0,0,0,0,0,0,0
67,3,-1,0,1.031,0,0,0.000,0,0,0,0,0,0,0,0
67,-1,-4,0,0.721,0,0,0.000,0,0,0,0,0,0,0,0
67,3,-2,1,0.411,0,0,0.000,0,0,0,0,0,0,0,0
67,1,5,0,1.421,0,0,0.000,0,0,0,0,0,0,0,0
67,-3,-2,2,0.561,0,0,0.000,0,0,0,0,0,0,0,0
67,-1,0,3,1.041,0,0,0.000,0,0,0,0,0,0,0,0
67,-5,-1,1,0.831,0,0,0.000,0,0,0,0,0,0,0,0
67,0,-1,3,1.321,0,0,0.000,0,0,0,0,0,0,0,0
67,-2,7,0,1.321,0,0,0.000,0,0,0,0,0,0,0,0
67,-6,4,1,0.581,0,0,0.000,0,0,0,0,0,0,0,0
67,-4,4,3,0.561,0,0,0.000,0,0,0,0,0,0,0,0
67,1,1,3,0.191,0,0,0.000,0,0,0,0,0,0,0,0
67,3,-4,0,4.891,0,0,0.000,0,0,0,0,0,0,0,0
67,-4,-1,3,0.481,0,0,0.000,0,0,0,0,0,0,0,0
67,-1,4,3,0.471,0,0,0.000,0,0,0,0,0,0,0,0
67,1,3,3,1.251,0,0,0.000,0,0,0,0,0,0,0,0
67,2,3,0,0.211,0,0,0.000,0,0,0,0,0,0,0,0
67,-2,-2,3,10.781,0,0,0.000,0,0,0,0,0,0,0,0
67,3,-3,0,0.232,0,0,0.000,0,0,0,0,0,0,0,0
67,-4,7,2,0.471,0,0,0.000,0,0,0,0,0,0,0,0
67,-1,-3,2,0.191,0,0,0.000,0,0,0,0,0,0,0,0
67,-5,7,2,2.131,0,0,0.000,0,0,0,0,0,0,0,0
67,-1,6,1,0.592,0,0,0.000,0,0,0,0,0,0,0,0
67,-3,5,3,0.261,0,0,0.000,0,0,0,0,0,0,0,0
67,-7,8,0,0.862,2,0,0.962,1,0,0,0,0,2,195,195
67,-3,6,3,0.751,0,0,0.000,0,0,0,0,0,0,0,0
67,-5,6,3,0.621,0,0,0.000,0,0,0,0,0,0,0,0
67,-4,2,3,0.321,0,0,0.000,0,0,0,0,0,0,0,0
67,-3,1,3,0.331,0,0,0.000,0,0,0,0,0,0,0,0
67,-6,5,0,0.962,0,0,0.000,0,0,0,0,0,0,0,0
67,1,-1,3,0.371,0,0,0.000,0,0,0,0,0,0,0,0
67,-4,1,3,0.191,0,0,0.000,0,0,0,0,0,0,0,0
67,-5,2,2,0.771,0,0,0.000,0,0,0,0,0,0,0,0
67,-2,-3,0,0.311,0,0,0.000,0,0,0,0,0,0,0,0
67,1,-5,0,0.471,0,0,0.000,0,0,0,0,0,0,0,0
67,-7,7,0,1.791,0,0,0.000,0,0,0,0,0,0,5,5
67,2,1,2,0.171,0,0,0.000,0,0,0,0,0,0,0,0
68,1,-4,2,0.511,0,0,0.000,0,0,0,0,0,0,0,0
68,-3,0,3,0.411,0,0,0.000,0,0,0,0,0,0,0,0
68,-2,2,3,0.611,0,0,0.000,0,0,0,0,0,0,0,0
68,-1,-1,3,0.121,0,0,0.000,0,0,0,0,0,0,0,0
68,0,1,3,0.111,0,0,0.000,0,0,0,0,0,0,0,0
68,-5,3,2,0.451,0,0,0.000,0,0,0,0,0,0,0,0
68,-1,1,3,0.411,0,0,0.000,0,0,0,0,0,0,0,0
68,-2,-1,3,0.451,0,0,0.000,0,0,0,0,0,0,0,0
68,0,4,3,0.231,0,0,0.000,0,0,0,0,0,0,0,0
68,3,-6,0,1.421,0,0,0.000,0,0,0,0,0,0,0,0
68,-2,4,3,0.222,0,0,0.000,0,0,0,0,0,0,0,0
68,-2,0,3,0.651,0,0,0.000,0,0,0,0,0,0,0,0
68,0,2,3,1.251,0,0,0.000,0,0,0,0,0,0,0,0
68,-4,3,3,0.182,0,0,0.000,0,0,0,0,0,0,0,0
68,-5,9,0,1.151,2,0,1.281,1,0,0,0,0,2,61,61
68,-7,6,1,2.092,0,0,0.000,0,0,0,0,0,0,0,0
68,-3,2,3,1.181,0,0,0.000,0,0,0,0,0,0,0,0
68,2,-1,2,0.591,0,0,0.000,0,0,0,0,0,0,0,0
68,0,-4,1,0.381,0,0,0.000,0,0,0,0,0,0,0,0
68,-2,5,3,0.311,0,0,0.000,0,0,0,0,0,0,0,0
68,-4,6,3,0.711,0,0,0.000,0,0,0,0,0,0,0,0
68,-1,5,2,0.201,0,0,0.000,0,0,0,0,0,0,0,0
68,0,-3,2,0.161,0,0,0.000,0,0,0,0,0,0,0,0
68,-6,8,0,1.791,0,0,0.000,0,0,0,0,0,0,9,9
68,-1,-2,3,3.661,0,0,0.000,0,0,0,0,0,0,0,0
68,-2,3,3,0.941,0,0,0.000,0,0,0,0,0,0,0,0
68,-4,5,3,0.881,0,0,0.000,0,0,0,0,0,0,0,0
68,1,-3,3,2.351,0,0,0.000,0,0,0,0,0,0,0,0
68,0,-2,3,0.531,0,0,0.000,0,0,0,0,0,0,0,0
68,0,3,3,1.271,0,0,0.000,0,0,0,0,0,0,0,0
68,-6,6,2,3.833,0,0,0.000,0,0,0,0,0,0,0,0
68,-2,6,2,1.111,0,0,0.000,0,0,0,0,0,0,0,0
68,-3,3,3,0.621,0,0,0.000,0,0,0,0,0,0,0,0
68,2,-2,2,0.191,0,0,0.000,0,0,0,0,0,0,0,0
68,-4,-2,2,0.141,0,0,0.000,0,0,0,0,0,0,0,0
68,2,2,1,0.151,0,0,0.000,0,0,0,0,0,0,0,0
68,-5,1,0,0.361,0,0,0.000,0,0,0,0,0,0,0,0
68,2,-3,2,0.131,0,0,0.000,0,0,0,0,0,0,0,0
68,-4,0,2,0.451,0,0,0.000,0,0,0,0,0,0,0,0
68,-3,4,3,0.531,0,0,0.000,0,0,0,0,0,0,0,0
68,-4,8,1,1.651,0,0,0.000,0,0,0,0,0,0,0,0
68,1,2,2,0.731,0,0,0.000,0,0,0,0,0,0,0,0
68,-6,2,0,1.091,0,0,0.000,0,0,0,0,0,0,0,0
68,-5,-2,0,0.631,0,0,0.000,0,0,0,0,0,0,0,0
68,3,1,1,0.621,0,0,0.000,0,0,0,0,0,0,0,0
68,-6,7,2,1.132,0,0,0.000,0,1,0,2,0,0,0,0
68,2,-4,2,0.541,0,0,0.000,0,0,0,0,0,0,0,0
68,-1,3,3,0.391,0,0,0.000,0,0,0,0,0,0,0,0
68,-1,2,3,0.151,0,0,0.000,0,0,0,0,0,0,0,0
68,-5,8,1,1.662,0,0,0.000,0,1,0,2,0,0,22,22
68,1,4,2,0.501,0,0,0.000,0,0,0,0,0,0,0,0
68,1,0,3,0.161,0,0,0.000,0,0,0,0,0,0,0,0
68,-2,1,3,1.541,0,0,0.000,0,0,0,0,0,0,0,0
68,-5,0,1,1.141,0,0,0.000,0,0,0,0,0,0,0,0
68,2,0,3,2.211,0,0,0.000,0,0,0,0,0,0,0,0
68,2,4,1,0.331,0,0,0.000,0,0,0,0,0,0,0,0
68,-6,3,0,0.652,0,0,0.000,0,0,0,0,0,0,0,0
68,3,0,0,0.181,0,0,0.000,0,0,0,0,0,0,0,0
68,-5,4,2,0.701,0,0,0.000,0,0,0,0,0,0,0,0
68,1,-2,3,0.221,0,0,0.000,0,0,0,0,0,0,0,0
68,-4,-3,0,0.951,0,0,0.000,0,0,0,0,0,0,0,0
68,3,-5,0,1.262,0,0,0.000,0,0,0,0,0,0,0,0
68,0,6,0,0.991,0,0,0.000,0,0,0,0,0,0,0,0
68,2,5,0,0.761,0,0,0.000,0,0,0,0,0,0,1,1
68,-3,7,0,1.081,0,0,0.000,0,0,0,0,0,0,0,0
68,-5,5,3,0.571,0,0,0.000,0,0,0,0,0,0,0,0
68,2,-5,1,0.291,0,0,0.000,0,0,0,0,0,0,0,0
68,4,-3,0,0.661,0,0,0.000,0,0,0,0,0,0,0,0
68,-3,-3,0,0.331,0,0,0.000,0,0,0,0,0,0,0,0
68,-3,-1,3,0.231,0,0,0.000,0,0,0,0,0,0,0,0
68,0,5,3,0.471,0,0,0.000,0,0,0,0,0,0,0,0
68,0,0,3,1.421,0,0,0.000,0,0,0,0,0,0,0,0
68,3,-1,0,0.141,0,0,0.000,0,0,0,0,0,0,0,0
68,-1,-4,0,0.301,0,0,0.000,0,0,0,0,0,0,0,0
68,3,-2,1,0.411,0,0,0.000,0,0,0,0,0,0,0,0
68,1,5,0,1.471,0,0,0.000,0,0,0,0,0,0,0,0
68,-3,-2,2,0.371,0,0,0.000,0,0,0,0,0,0,0,0
68,-1,0,3,0.601,0,0,0.000,0,0,0,0,0,0,0,0
68,-5,-1,1,0.651,0,0,0.000,0,0,0,0,0,0,0,0
68,0,-1,3,2.521,0,0,0.000,0,0,0,0,0,0,0,0
68,-2,7,0,0.981,0,0,0.000,0,0,0,0,0,0,0,0
68,-6,4,1,0.921,0,0,0.000,0,0,0,0,0,0,0,0
68,-4,4,3,0.941,0,0,0.000,0,0,0,0,0,0,0,0
68,1,1,3,0.291,0,0,0.000,0,0,0,0,0,0,0,0
68,3,-4,0,1.351,0,0,0.000,0,0,0,0,0,0,0,0
68,-4,-1,3,0.731,0,0,0.000,0,0,0,0,0,0,0,0
68,-1,4,3,1.801,0,0,0.000,0,0,0,0,0,0,0,0
68,1,3,3,0.931,0,0,0.000,0,0,0,0,0,0,0,0
68,2,3,0,0.211,0,0,0.000,0,0,0,0,0,0,0,0
68,-2,-2,3,0.371,0,0,0.000,0,0,0,0,0,0,0,0
68,3,-3,0,0.472,0,0,0.000,0,0,0,0,0,0,0,0
68,-4,7,2,0.411,0,0,0.000,0,0,0,0,0,0,0,0
68,-1,-3,2,0.191,0,0,0.000,0,0,0,0,0,0,0,0
68,-5,7,2,3.211,0,0,0.000,0,0,0,0,0,0,0,0
68,-1,6,1,1.361,0,0,0.000,0,0,0,0,0,0,0,0
68,-3,5,3,0.261,0,0,0.000,0,0,0,0,0,0,0,0
68,-7,8,0,1.252,2,0,1.342,1,0,0,0,0,2,214,214
68,-3,6,3,1.383,0,0,0.000,0,0,0,0,0,0,0,0
68,-5,6,3,2.181,0,0,0.000,0,0,0,0,0,0,0,0
68,-4,2,3,0.101,0,0,0.000,0,0,0,0,0,0,0,0
68,-3,1,3,1.281,0,0,0.000,0,0,0,0,0,0,0,0
68,-6,5,0,0.273,0,0,0.000,0,0,0,0,0,0,0,0
68,1,-1,3,0.371,0,0,0.000,0,0,0,0,0,0,0,0
68,-4,1,3,0.251,0,0,0.000,0,0,0,0,0,0,0,0
68,-5,2,2,0.351,0,0,0.000,0,0,0,0,0,0,0,0
68,-2,-3,0,0.511,0,0,0.000,0,0,0,0,0,0,0,0
68,1,-5,0,0.831,0,0,0.000,0,0,0,0,0,0,0,0
68,-7,7,0,1.071,0,0,0.000,0,0,0,0,0,0,10,10
68,2,1,2,0.171,0,0,0.000,0,0,0,0,0,0,0,0
69,1,-4,2,0.251,0,0,0.000,0,0,0,0,0,0,0,0
69,-3,0,3,1.011,0,0,0.000,0,0,0,0,0,0,0,0
69,-2,2,3,0.381,0,0,0.000,0,0,0,0,0,0,0,0
69,-1,-1,3,0.121,0,0,0.000,0,0,0,0,0,0,0,0
69,0,1,3,0.221,0,0,0.000,0,0,0,0,0,0,0,0
69,-5,3,2,0.221,0,0,0.000,0,0,0,0,0,0,0,0
69,-1,1,3,0.381,0,0,0.000,0,0,0,0,0,0,0,0
69,-2,-1,3,0.181,0,0,0.000,0,0,0,0,0,0,0,0
69,0,4,3,1.191,0,0,0.000,0,0,0,0,0,0,0,0
69,3,-6,0,0.941,0,0,0.000,0,0,0,0,0,0,0,0
69,-2,4,3,1.341,0,0,0.000,0,0,0,0,0,0,0,0
69,-2,0,3,0.431,0,0,0.000,0,0,0,0,0,0,0,0
69,0,2,3,0.381,0,0,0.000,0,0,0,0,0,0,0,0
69,-4,3,3,0.182,0,0,0.000,0,0,0,0,0,0,0,0
69,-5,9,0,1.301,0,0,0.000,0,0,0,0,0,0,57,57
69,-7,6,1,1.971,0,0,0.000,0,0,0,0,0,0,0,0
69,-3,2,3,0.161,0,0,0.000,0,0,0,0,0,0,0,0
69,2,-1,2,2.091,0,0,0.000,0,0,0,0,0,0,0,0
69,0,-4,1,0.411,0,0,0.000,0,0,0,0,0,0,0,0
69,-2,5,3,1.112,0,0,0.000,0,0,0,0,0,0,0,0
69,-4,6,3,0.483,0,0,0.000,0,0,0,0,0,0,0,0
69,-1,5,2,30.000,0,0,0.000,0,0,0,0,0,0,0,0
69,0,-3,2,1.691,0,0,0.000,0,0,0,0,0,0,0,0
69,-6,8,0,1.611,0,0,0.000,0,0,0,0,0,0,11,11
69,-1,-2,3,0.221,0,0,0.000,0,0,0,0,0,0,0,0
69,-2,3,3,0.371,0,0,0.000,0,0,0,0,0,0,0,0
69,-4,5,3,0.211,0,0,0.000,0,0,0,0,0,0,0,0
69,1,-3,3,0.411,0,0,0.000,0,0,0,0,0,0,0,0
69,0,-2,3,0.141,0,0,0.000,0,0,0,0,0,0,0,0
69,0,3,3,0.411,0,0,0.000,0,0,0,0,0,0,0,0
69,-6,6,2,0.501,0,0,0.000,0,0,0,0,0,0,0,0
69,-2,6,2,1.421,0,0,0.000,0,0,0,0,0,0,0,0
69,-3,3,3,0.411,0,0,0.000,0,0,0,0,0,0,0,0
69,2,-2,2,0.391,0,0,0.000,0,0,0,0,0,0,0,0
69,-4,-2,2,0.141,0,0,0.000,0,0,0,0,0,0,0,0
69,2,2,1,0.291,0,0,0.000,0,0,0,0,0,0,0,0
69,-5,1,0,1.401,0,0,0.000,0,0,0,0,0,0,0,0
69,2,-3,2,0.531,0,0,0.000,0,0,0,0,0,0,0,0
69,-4,0,2,0.681,0,0,0.000,0,0,0,0,0,0,0,0
69,-3,4,3,0.212,0,0,0.000,0,0,0,0,0,0,0,0
69,-4,8,1,1.891,0,0,0.000,0,0,0,0,0,0,0,0
69,1,2,2,0.301,0,0,0.000,0,0,0,0,0,0,0,0
69,-6,2,0,0.651,0,0,0.000,0,0,0,0,0,0,0,0
69,-5,-2,0,1.031,0,0,0.000,0,0,0,0,0,0,0,0
69,3,1,1,0.201,0,0,0.000,0,0,0,0,0,0,0,0
69,-6,7,2,1.591,0,0,0.000,0,1,0,2,0,0,0,0
69,2,-4,2,0.321,0,0,0.000,0,0,0,0,0,0,0,0
69,-1,3,3,0.231,0,0,0.000,0,0,0,0,0,0,0,0
69,-1,2,3,0.791,0,0,0.000,0,0,0,0,0,0,0,0
69,-5,8,1,0.841,0,0,0.000,0,0,0,0,0,0,20,20
69,1,4,2,0.161,0,0,0.000,0,0,0,0,0,0,0,0
69,1,0,3,0.241,0,0,0.000,0,0,0,0,0,0,0,0
69,-2,1,3,0.331,0,0,0.000,0,0,0,0,0,0,0,0
69,-5,0,1,1.141,0,0,0.000,0,0,0,0,0,0,0,0
69,2,0,3,0.611,0,0,0.000,0,0,0,0,0,0,0,0
69,2,4,1,0.331,0,0,0.000,0,0,0,0,0,0,0,0
69,-6,3,0,1.291,0,0,0.000,0,0,0,0,0,0,0,0
69,3,0,0,1.511,0,0,0.000,0,0,0,0,0,0,0,0
69,-5,4,2,0.221,0,0,0.000,0,0,0,0,0,0,0,0
69,1,-2,3,1.141,0,0,0.000,0,0,0,0,0,0,0,0
69,-4,-3,0,0.711,0,0,0.000,0,0,0,0,0,0,0,0
69,3,-5,0,1.421,0,0,0.000,0,0,0,0,0,0,0,0
69,0,6,0,1.331,0,0,0.000,0,0,0,0,0,0,0,0
69,2,5,0,0.831,0,0,0.000,0,0,0,0,0,0,0,0
69,-3,7,0,0.861,0,0,0.000,0,0,0,0,0,0,0,0
69,-5,5,3,0.571,0,0,0.000,0,0,0,0,0,0,0,0
69,2,-5,1,0.971,0,0,0.000,0,0,0,0,0,0,0,0
69,4,-3,0,1.491,0,0,0.000,0,0,0,0,0,0,0,0
69,-3,-3,0,0.112,0,0,0.000,0,0,0,0,0,0,0,0
69,-3,-1,3,0.501,0,0,0.000,0,0,0,0,0,0,0,0
69,0,5,3,0.151,0,0,0.000,0,0,0,0,0,0,0,0
69,0,0,3,0.451,0,0,0.000,0,0,0,0,0,0,0,0
69,3,-1,0,0.431,0,0,0.000,0,0,0,0,0,0,0,0
69,-1,-4,0,0.311,0,0,0.000,0,0,0,0,0,0,0,0
69,3,-2,1,0.621,0,0,0.000,0,0,0,0,0,0,0,0
69,1,5,0,1.291,0,0,0.000,0,0,0,0,0,0,0,0
69,-3,-2,2,0.181,0,0,0.000,0,0,0,0,0,0,0,0
69,-1,0,3,0.251,0,0,0.000,0,0,0,0,0,0,0,0
69,-5,-1,1,1.002,0,0,0.000,0,0,0,0,0,0,0,0
69,0,-1,3,0.971,0,0,0.000,0,0,0,0,0,0,0,0
69,-2,7,0,0.901,0,0,0.000,0,0,0,0,0,0,0,0
69,-6,4,1,2.011,0,0,0.000,0,0,0,0,0,0,0,0
69,-4,4,3,1.321,0,0,0.000,0,0,0,0,0,0,0,0
69,1,1,3,0.351,0,0,0.000,0,0,0,0,0,0,0,0
69,3,-4,0,0.483,0,0,0.000,0,0,0,0,0,0,0,0
69,-4,-1,3,2.481,0,0,0.000,0,0,0,0,0,0,0,0
69,-1,4,3,0.181,0,0,0.000,0,0,0,0,0,0,0,0
69,1,3,3,0.771,0,0,0.000,0,0,0,0,0,0,0,0
69,2,3,0,0.431,0,0,0.000,0,0,0,0,0,0,0,0
69,-2,-2,3,0.281,0,0,0.000,0,0,0,0,0,0,0,0
69,3,-3,0,0.341,0,0,0.000,0,0,0,0,0,0,0,0
69,-4,7,2,1.131,0,0,0.000,0,0,0,0,0,0,0,0
69,-1,-3,2,0.391,0,0,0.000,0,0,0,0,0,0,0,0
69,-5,7,2,3.211,0,0,0.000,0,0,0,0,0,0,0,0
69,-1,6,1,0.961,0,0,0.000,0,0,0,0,0,0,0,0
69,-3,5,3,0.981,0,0,0.000,0,0,0,0,0,0,0,0
69,-7,8,0,1.531,2,0,1.631,1,0,0,0,0,2,209,209
69,-3,6,3,0.371,0,0,0.000,0,0,0,0,0,0,0,0
69,-5,6,3,0.711,0,0,0.000,0,0,0,0,0,0,0,0
69,-4,2,3,0.101,0,0,0.000,0,0,0,0,0,0,0,0
69,-3,1,3,0.271,0,0,0.000,0,0,0,0,0,0,0,0
69,-6,5,0,0.511,0,0,0.000,0,0,0,0,0,0,0,0
69,1,-1,3,0.371,0,0,0.000,0,0,0,0,0,0,0,0
69,-4,1,3,1.411,0,0,0.000,0,0,0,0,0,0,0,0
69,-5,2,2,0.351,0,0,0.000,0,0,0,0,0,0,0,0
69,-2,-3,0,0.901,0,0,0.000,0,0,0,0,0,0,0,0
69,1,-5,0,0.231,0,0,0.000,0,0,0,0,0,0,0,0
69,-7,7,0,1.071,0,0,0.000,0,0,0,0,0,0,12,12
69,2,1,2,0.351,0,0,0.000,0,0,0,0,0,0,0,0
70,1,-4,2,0.251,0,0,0.000,0,0,0,0,0,0,0,0
70,-3,0,3,0.211,0,0,0.000,0,0,0,0,0,0,0,0
70,-2,2,3,1.531,0,0,0.000,0,0,0,0,0,0,0,0
70,-1,-1,3,0.221,0,0,0.000,0,0,0,0,0,0,0,0
70,0,1,3,0.111,0,0,0.000,0,0,0,0,0,0,0,0
70,-5,3,2,1.601,0,0,0.000,0,0,0,0,0,0,0,0
70,-1,1,3,1.461,0,0,0.000,0,0,0,0,0,0,0,0
70,-2,-1,3,0.641,0,0,0.000,0,0,0,0,0,0,0,0
70,0,4,3,0.471,0,0,0.000,0,0,0,0,0,0,0,0
70,3,-6,0,0.701,0,0,0.000,0,0,0,0,0,0,0,0
70,-2,4,3,0.421,0,0,0.000,0,0,0,0,0,0,0,0
70,-2,0,3,3.071,0,0,0.000,0,0,0,0,0,0,0,0
70,0,2,3,1.981,0,0,0.000,0,0,0,0,0,0,0,0
70,-4,3,3,1.481,0,0,0.000,0,0,0,0,0,0,0,0
70,-5,9,0,1.001,1,0,1.101,1,0,0,0,0,1,65,65
70,-7,6,1,2.191,0,0,0.000,0,0,0,0,0,0,0,0
70,-3,2,3,2.141,0,0,0.000,0,0,0,0,0,0,0,0
70,2,-1,2,0.591,0,0,0.000,0,0,0,0,0,0,0,0
70,0,-4,1,0.201,0,0,0.000,0,0,0,0,0,0,0,0
70,-2,5,3,0.311,0,0,0.000,0,0,0,0,0,0,0,0
70,-4,6,3,2.241,0,0,0.000,0,0,0,0,0,0,0,0
70,-1,5,2,0.201,0,0,0.000,0,0,0,0,0,0,0,0
70,0,-3,2,0.161,0,0,0.000,0,0,0,0,0,0,0,0
70,-6,8,0,1.591,0,0,0.000,0,0,0,0,0,0,12,12
70,-1,-2,3,0.221,0,0,0.000,0,0,0,0,0,0,0,0
70,-2,3,3,0.371,0,0,0.000,0,0,0,0,0,0,0,0
70,-4,5,3,0.234,0,0,0.000,0,0,0,0,0,0,0,0
70,1,-3,3,0.411,0,0,0.000,0,0,0,0,0,0,0,0
70,0,-2,3,0.291,0,0,0.000,0,0,0,0,0,0,0,0
70,0,3,3,0.201,0,0,0.000,0,0,0,0,0,0,0,0
70,-6,6,2,0.601,0,0,0.000,0,0,0,0,0,0,0,0
70,-2,6,2,2.151,0,0,0.000,0,0,0,0,0,0,0,0
70,-3,3,3,0.201,0,0,0.000,0,0,0,0,0,0,0,0
70,2,-2,2,0.511,0,0,0.000,0,0,0,0,0,0,0,0
70,-4,-2,2,0.141,0,0,0.000,0,0,0,0,0,0,0,0
70,2,2,1,0.151,0,0,0.000,0,0,0,0,0,0,0,0
70,-5,1,0,3.161,0,0,0.000,0,0,0,0,0,0,0,0
70,2,-3,2,0.131,0,0,0.000,0,0,0,0,0,0,0,0
70,-4,0,2,0.221,0,0,0.000,0,0,0,0,0,0,0,0
70,-3,4,3,0.311,0,0,0.000,0,0,0,0,0,0,0,0
70,-4,8,1,1.411,0,0,0.000,0,0,0,0,0,0,0,0
70,1,2,2,0.731,0,0,0.000,0,0,0,0,0,0,0,0
70,-6,2,0,1.091,0,0,0.000,0,0,0,0,0,0,0,0
70,-5,-2,0,2.231,0,0,0.000,0,0,0,0,0,0,0,0
70,3,1,1,16.341,0,0,0.000,0,0,0,0,0,0,0,0
70,-6,7,2,0.841,0,0,0.000,0,1,0,2,0,0,0,0
70,2,-4,2,1.421,0,0,0.000,0,0,0,0,0,0,0,0
70,-1,3,3,0.231,0,0,0.000,0,0,0,0,0,0,0,0
70,-1,2,3,0.311,0,0,0.000,0,0,0,0,0,0,0,0
70,-5,8,1,1.953,0,0,0.000,0,1,0,1,0,0,15,15
70,1,4,2,0.331,0,0,0.000,0,0,0,0,0,0,0,0
70,1,0,3,0.701,0,0,0.000,0,0,0,0,0,0,0,0
70,-2,1,3,1.541,0,0,0.000,0,0,0,0,0,0,0,0
70,-5,0,1,1.191,0,0,0.000,0,0,0,0,0,0,0,0
70,2,0,3,0.611,0,0,0.000,0,0,0,0,0,0,0,0
70,2,4,1,0.331,0,0,0.000,0,0,0,0,0,0,0,0
70,-6,3,0,0.432,0,0,0.000,0,0,0,0,0,0,0,0
70,3,0,0,0.761,0,0,0.000,0,0,0,0,0,0,0,0
70,-5,4,2,0.681,0,0,0.000,0,0,0,0,0,0,0,0
70,1,-2,3,0.221,0,0,0.000,0,0,0,0,0,0,0,0
70,-4,-3,0,0.471,0,0,0.000,0,0,0,0,0,0,0,0
70,3,-5,0,0.353,0,0,0.000,0,0,0,0,0,0,0,0
70,0,6,0,0.641,0,0,0.000,0,0,0,0,0,0,0,0
70,2,5,0,0.411,0,0,0.000,0,0,0,0,0,0,0,0
70,-3,7,0,1.081,0,0,0.000,0,0,0,0,0,0,0,0
70,-5,5,3,0.971,0,0,0.000,0,0,0,0,0,0,0,0
70,2,-5,1,0.681,0,0,0.000,0,0,0,0,0,0,0,0
70,4,-3,0,2.041,0,0,0.000,0,0,0,0,0,0,0,0
70,-3,-3,0,0.242,0,0,0.000,0,0,0,0,0,0,0,0
70,-3,-1,3,0.201,0,0,0.000,0,0,0,0,0,0,0,0
70,0,5,3,0.151,0,0,0.000,0,0,0,0,0,0,0,0
70,0,0,3,2.461,0,0,0.000,0,0,0,0,0,0,0,0
70,3,-1,0,0.431,0,0,0.000,0,0,0,0,0,0,0,0
70,-1,-4,0,0.301,0,0,0.000,0,0,0,0,0,0,0,0
70,3,-2,1,1.261,0,0,0.000,0,0,0,0,0,0,0,0
70,1,5,0,0.352,0,0,0.000,0,0,0,0,0,0,0,0
70,-3,-2,2,0.181,0,0,0.000,0,0,0,0,0,0,0,0
70,-1,0,3,0.861,0,0,0.000,0,0,0,0,0,0,0,0
70,-5,-1,1,0.831,0,0,0.000,0,0,0,0,0,0,0,0
70,0,-1,3,2.521,0,0,0.000,0,0,0,0,0,0,0,0
70,-2,7,0,0.621,0,0,0.000,0,0,0,0,0,0,0,0
70,-6,4,1,0.451,0,0,0.000,0,0,0,0,0,0,0,0
70,-4,4,3,0.561,0,0,0.000,0,0,0,0,0,0,0,0
70,1,1,3,0.351,0,0,0.000,0,0,0,0,0,0,0,0
70,3,-4,0,1.051,0,0,0.000,0,0,0,0,0,0,0,0
70,-4,-1,3,0.591,0,0,0.000,0,0,0,0,0,0,0,0
70,-1,4,3,0.281,0,0,0.000,0,0,0,0,0,0,0,0
70,1,3,3,0.172,0,0,0.000,0,0,0,0,0,0,0,0
70,2,3,0,0.301,0,0,0.000,0,0,0,0,0,0,0,0
70,-2,-2,3,0.331,0,0,0.000,0,0,0,0,0,0,0,0
70,3,-3,0,0.581,0,0,0.000,0,0,0,0,0,0,0,0
70,-4,7,2,1.011,0,0,0.000,0,0,0,0,0,0,0,0
70,-1,-3,2,3.391,0,0,0.000,0,0,0,0,0,0,0,0
70,-5,7,2,2.131,0,0,0.000,0,0,0,0,0,0,0,0
70,-1,6,1,0.592,0,0,0.000,0,0,0,0,0,0,0,0
70,-3,5,3,30.000,0,0,0.000,0,0,0,0,0,0,0,0
70,-7,8,0,2.822,2,0,2.922,1,0,0,0,0,2,203,203
70,-3,6,3,2.651,0,0,0.000,0,0,0,0,0,0,0,0
70,-5,6,3,1.251,0,0,0.000,0,0,0,0,0,0,0,0
70,-4,2,3,0.101,0,0,0.000,0,0,0,0,0,0,0,0
70,-3,1,3,0.841,0,0,0.000,0,0,0,0,0,0,0,0
70,-6,5,0,0.273,0,0,0.000,0,0,0,0,0,0,0,0
70,1,-1,3,2.461,0,0,0.000,0,0,0,0,0,0,0,0
70,-4,1,3,0.391,0,0,0.000,0,0,0,0,0,0,0,0
70,-5,2,2,1.131,0,0,0.000,0,0,0,0,0,0,0,0
70,-2,-3,0,0.671,0,0,0.000,0,0,0,0,0,0,0,0
70,1,-5,0,0.111,0,0,0.000,0,0,0,0,0,0,0,0
70,-7,7,0,1.071,0,0,0.000,0,0,0,0,0,0,19,19
70,2,1,2,1.071,0,0,0.000,0,0,0,0,0,0,0,0
71,1,-4,2,1.031,0,0,0.000,0,0,0,0,0,0,0,0
71,-3,0,3,0.411,0,0,0.000,0,0,0,0,0,0,0,0
71,-2,2,3,1.071,0,0,0.000,0,0,0,0,0,0,0,0
71,-1,-1,3,0.871,0,0,0.000,0,0,0,0,0,0,0,0
71,0,1,3,0.221,0,0,0.000,0,0,0,0,0,0,0,0
71,-5,3,2,1.831,0,0,0.000,0,0,0,0,0,0,0,0
71,-1,1,3,0.201,0,0,0.000,0,0,0,0,0,0,0,0
71,-2,-1,3,0.181,0,0,0.000,0,0,0,0,0,0,0,0
71,0,4,3,0.471,0,0,0.000,0,0,0,0,0,0,0,0
71,3,-6,0,1.181,0,0,0.000,0,0,0,0,0,0,0,0
71,-2,4,3,0.651,0,0,0.000,0,0,0,0,0,0,0,0
71,-2,0,3,0.651,0,0,0.000,0,0,0,0,0,0,0,0
71,0,2,3,0.581,0,0,0.000,0,0,0,0,0,0,0,0
71,-4,3,3,0.341,0,0,0.000,0,0,0,0,0,0,0,0
71,-5,9,0,0.851,2,0,0.971,1,0,0,0,0,2,59,59
71,-7,6,1,1.311,0,0,0.000,0,0,0,0,0,0,0,0
71,-3,2,3,0.501,0,0,0.000,0,0,0,0,0,0,0,0
71,2,-1,2,0.591,0,0,0.000,0,0,0,0,0,0,0,0
71,0,-4,1,0.201,0,0,0.000,0,0,0,0,0,0,0,0
71,-2,5,3,1.061,0,0,0.000,0,0,0,0,0,0,0,0
71,-4,6,3,0.951,0,0,0.000,0,0,0,0,0,0,0,0
71,-1,5,2,0.411,0,0,0.000,0,0,0,0,0,0,0,0
71,0,-3,2,0.781,0,0,0.000,0,0,0,0,0,0,0,0
71,-6,8,0,1.391,0,0,0.000,0,0,0,0,0,0,9,9
71,-1,-2,3,0.441,0,0,0.000,0,0,0,0,0,0,0,0
71,-2,3,3,0.561,0,0,0.000,0,0,0,0,0,0,0,0
71,-4,5,3,0.441,0,0,0.000,0,0,0,0,0,0,0,0
71,1,-3,3,0.201,0,0,0.000,0,0,0,0,0,0,0,0
71,0,-2,3,0.141,0,0,0.000,0,0,0,0,0,0,0,0
71,0,3,3,0.471,0,0,0.000,0,0,0,0,0,0,0,0
71,-6,6,2,1.281,0,0,0.000,0,0,0,0,0,0,0,0
71,-2,6,2,1.111,0,0,0.000,0,0,0,0,0,0,0,0
71,-3,3,3,0.311,0,0,0.000,0,0,0,0,0,0,0,0
71,2,-2,2,0.391,0,0,0.000,0,0,0,0,0,0,0,0
71,-4,-2,2,0.421,0,0,0.000,0,0,0,0,0,0,0,0
71,2,2,1,0.311,0,0,0.000,0,0,0,0,0,0,0,0
71,-5,1,0,0.193,0,0,0.000,0,0,0,0,0,0,0,0
71,2,-3,2,0.241,0,0,0.000,0,0,0,0,0,0,0,0
71,-4,0,2,0.681,0,0,0.000,0,0,0,0,0,0,0,0
71,-3,4,3,0.531,0,0,0.000,0,0,0,0,0,0,0,0
71,-4,8,1,2.851,0,0,0.000,0,0,0,0,0,0,0,0
71,1,2,2,0.251,0,0,0.000,0,0,0,0,0,0,0,0
71,-6,2,0,0.431,0,0,0.000,0,0,0,0,0,0,0,0
71,-5,-2,0,0.791,0,0,0.000,0,0,0,0,0,0,0,0
71,3,1,1,0.411,0,0,0.000,0,0,0,0,0,0,0,0
71,-6,7,2,0.831,0,0,0.000,0,1,0,1,0,0,1,1
71,2,-4,2,0.591,0,0,0.000,0,0,0,0,0,0,0,0
71,-1,3,3,0.431,0,0,0.000,0,0,0,0,0,0,0,0
71,-1,2,3,0.471,0,0,0.000,0,0,0,0,0,0,0,0
71,-5,8,1,1.591,0,0,0.000,0,1,0,2,0,0,17,17
71,1,4,2,0.331,0,0,0.000,0,0,0,0,0,0,0,0
71,1,0,3,1.041,0,0,0.000,0,0,0,0,0,0,0,0
71,-2,1,3,0.701,0,0,0.000,0,0,0,0,0,0,0,0
71,-5,0,1,0.271,0,0,0.000,0,0,0,0,0,0,0,0
71,2,0,3,0.611,0,0,0.000,0,0,0,0,0,0,0,0
71,2,4,1,1.381,0,0,0.000,0,0,0,0,0,0,0,0
71,-6,3,0,1.511,0,0,0.000,0,0,0,0,0,0,0,0
71,3,0,0,0.371,0,0,0.000,0,0,0,0,0,0,0,0
71,-5,4,2,0.221,0,0,0.000,0,0,0,0,0,0,0,0
71,1,-2,3,0.451,0,0,0.000,0,0,0,0,0,0,0,0
71,-4,-3,0,1.631,0,0,0.000,0,0,0,0,0,0,0,0
71,3,-5,0,0.341,0,0,0.000,0,0,0,0,0,0,0,0
71,0,6,0,0.871,0,0,0.000,0,0,0,0,0,0,0,0
71,2,5,0,0.411,0,0,0.000,0,0,0,0,0,0,0,0
71,-3,7,0,0.861,0,0,0.000,0,0,0,0,0,0,0,0
71,-5,5,3,0.392,0,0,0.000,0,0,0,0,0,0,0,0
71,2,-5,1,1.821,0,0,0.000,0,0,0,0,0,0,0,0
71,4,-3,0,0.431,0,0,0.000,0,0,0,0,0,0,0,0
71,-3,-3,0,0.211,0,0,0.000,0,0,0,0,0,0,1,1
71,-3,-1,3,0.281,0,0,0.000,0,0,0,0,0,0,0,0
71,0,5,3,0.151,0,0,0.000,0,0,0,0,0,0,0,0
71,0,0,3,0.711,0,0,0.000,0,0,0,0,0,0,0,0
71,3,-1,0,0.142,0,0,0.000,0,0,0,0,0,0,0,0
71,-1,-4,0,0.151,0,0,0.000,0,0,0,0,0,0,0,0
71,3,-2,1,0.411,0,0,0.000,0,0,0,0,0,0,0,0
71,1,5,0,0.352,0,0,0.000,0,0,0,0,0,0,0,0
71,-3,-2,2,0.571,0,0,0.000,0,0,0,0,0,0,0,0
71,-1,0,3,0.421,0,0,0.000,0,0,0,0,0,0,0,0
71,-5,-1,1,1.181,0,0,0.000,0,0,0,0,0,0,0,0
71,0,-1,3,0.521,0,0,0.000,0,0,0,0,0,0,0,0
71,-2,7,0,0.611,0,0,0.000,0,0,0,0,0,0,0,0
71,-6,4,1,2.931,0,0,0.000,0,0,0,0,0,0,0,0
71,-4,4,3,0.941,0,0,0.000,0,0,0,0,0,0,0,0
71,1,1,3,0.351,0,0,0.000,0,0,0,0,0,0,0,0
71,3,-4,0,0.501,0,0,0.000,0,0,0,0,0,0,0,0
71,-4,-1,3,2.481,0,0,0.000,0,0,0,0,0,0,0,0
71,-1,4,3,0.181,0,0,0.000,0,0,0,0,0,0,0,0
71,1,3,3,0.291,0,0,0.000,0,0,0,0,0,0,0,0
71,2,3,0,0.211,0,0,0.000,0,0,0,0,0,0,0,0
71,-2,-2,3,3.701,0,0,0.000,0,0,0,0,0,0,0,0
71,3,-3,0,3.701,0,0,0.000,0,0,0,0,0,0,0,0
71,-4,7,2,0.651,0,0,0.000,0,0,0,0,0,0,0,0
71,-1,-3,2,1.591,0,0,0.000,0,0,0,0,0,0,0,0
71,-5,7,2,2.941,0,0,0.000,0,0,0,0,0,0,0,0
71,-1,6,1,0.391,0,0,0.000,0,0,0,0,0,0,0,0
71,-3,5,3,0.681,0,0,0.000,0,0,0,0,0,0,0,0
71,-7,8,0,1.702,1,0,1.792,1,0,0,0,0,1,215,215
71,-3,6,3,0.371,0,0,0.000,0,0,0,0,0,0,0,0
71,-5,6,3,0.501,0,0,0.000,0,0,0,0,0,0,0,0
71,-4,2,3,0.101,0,0,0.000,0,0,0,0,0,0,0,0
71,-3,1,3,0.271,0,0,0.000,0,0,0,0,0,0,0,0
71,-6,5,0,0.651,0,0,0.000,0,0,0,0,0,0,0,0
71,1,-1,3,0.941,0,0,0.000,0,0,0,0,0,0,0,0
71,-4,1,3,0.191,0,0,0.000,0,0,0,0,0,0,0,0
71,-5,2,2,0.171,0,0,0.000,0,0,0,0,0,0,0,0
71,-2,-3,0,0.172,0,0,0.000,0,0,0,0,0,0,0,0
71,1,-5,0,0.831,0,0,0.000,0,0,0,0,0,0,0,0
71,-7,7,0,4.671,0,0,0.000,0,0,0,0,0,0,16,16
71,2,1,2,0.171,0,0,0.000,0,0,0,0,0,0,0,0
72,1,-4,2,0.251,0,0,0.000,0,0,0,0,0,0,0,0
72,-3,0,3,0.211,0,0,0.000,0,0,0,0,0,0,0,0
72,-2,2,3,0.441,0,0,0.000,0,0,0,0,0,0,0,0
72,-1,-1,3,0.121,0,0,0.000,0,0,0,0,0,0,0,0
72,0,1,3,0.341,0,0,0.000,0,0,0,0,0,0,0,0
72,-5,3,2,0.451,0,0,0.000,0,0,0,0,0,0,0,0
72,-1,1,3,0.201,0,0,0.000,0,0,0,0,0,0,0,0
72,-2,-1,3,7.861,0,0,0.000,0,0,0,0,0,0,0,0
72,0,4,3,1.191,0,0,0.000,0,0,0,0,0,0,0,0
72,3,-6,0,0.941,0,0,0.000,0,0,0,0,0,0,0,0
72,-2,4,3,0.452,0,0,0.000,0,0,0,0,0,0,0,0
72,-2,0,3,0.651,0,0,0.000,0,0,0,0,0,0,0,0
72,0,2,3,0.191,0,0,0.000,0,0,0,0,0,0,0,0
72,-4,3,3,3.001,0,0,0.000,0,0,0,0,0,0,0,0
72,-5,9,0,2.051,1,0,2.161,1,0,0,0,0,1,68,68
72,-7,6,1,1.641,0,0,0.000,0,0,0,0,0,0,0,0
72,-3,2,3,0.761,0,0,0.000,0,0,0,0,0,0,0,0
72,2,-1,2,2.391,0,0,0.000,0,0,0,0,0,0,0,0
72,0,-4,1,0.252,0,0,0.000,0,0,0,0,0,0,0,0
72,-2,5,3,0.311,0,0,0.000,0,0,0,0,0,0,0,0
72,-4,6,3,2.241,0,0,0.000,0,0,0,0,0,0,0,0
72,-1,5,2,3.351,0,0,0.000,0,0,0,0,0,0,0,0
72,0,-3,2,0.731,0,0,0.000,0,0,0,0,0,0,0,0
72,-6,8,0,2.391,0,0,0.000,0,0,0,0,0,0,9,9
72,-1,-2,3,30.000,0,0,0.000,0,0,0,0,0,0,0,0
72,-2,3,3,0.181,0,0,0.000,0,0,0,0,0,0,0,0
72,-4,5,3,0.431,0,0,0.000,0,0,0,0,0,0,0,0
72,1,-3,3,1.461,0,0,0.000,0,0,0,0,0,0,0,0
72,0,-2,3,0.231,0,0,0.000,0,0,0,0,0,0,0,0
72,0,3,3,1.391,0,0,0.000,0,0,0,0,0,0,0,0
72,-6,6,2,0.771,0,0,0.000,0,0,0,0,0,0,0,0
72,-2,6,2,1.421,0,0,0.000,0,0,0,0,0,0,0,0
72,-3,3,3,0.411,0,0,0.000,0,0,0,0,0,0,0,0
72,2,-2,2,0.271,0,0,0.000,0,0,0,0,0,0,0,0
72,-4,-2,2,1.171,0,0,0.000,0,0,0,0,0,0,0,0
72,2,2,1,0.251,0,0,0.000,0,0,0,0,0,0,0,0
72,-5,1,0,0.193,0,0,0.000,0,0,0,0,0,0,0,0
72,2,-3,2,0.381,0,0,0.000,0,0,0,0,0,0,0,0
72,-4,0,2,0.221,0,0,0.000,0,0,0,0,0,0,0,0
72,-3,4,3,1.021,0,0,0.000,0,0,0,0,0,0,0,0
72,-4,8,1,1.411,0,0,0.000,0,0,0,0,0,0,0,0
72,1,2,2,0.511,0,0,0.000,0,0,0,0,0,0,0,0
72,-6,2,0,0.431,0,0,0.000,0,0,0,0,0,0,0,0
72,-5,-2,0,0.471,0,0,0.000,0,0,0,0,0,0,0,0
72,3,1,1,1.011,0,0,0.000,0,0,0,0,0,0,0,0
72,-6,7,2,1.021,0,0,0.000,0,1,0,1,0,0,0,0
72,2,-4,2,0.421,0,0,0.000,0,0,0,0,0,0,0,0
72,-1,3,3,0.231,0,0,0.000,0,0,0,0,0,0,0,0
72,-1,2,3,0.151,0,0,0.000,0,0,0,0,0,0,0,0
72,-5,8,1,1.322,0,0,0.000,0,1,0,1,0,0,21,21
72,1,4,2,0.161,0,0,0.000,0,0,0,0,0,0,0,0
72,1,0,3,0.161,0,0,0.000,0,0,0,0,0,0,0,0
72,-2,1,3,2.311,0,0,0.000,0,0,0,0,0,0,0,0
72,-5,0,1,0.521,0,0,0.000,0,0,0,0,0,0,0,0
72,2,0,3,2.161,0,0,0.000,0,0,0,0,0,0,0,0
72,2,4,1,0.501,0,0,0.000,0,0,0,0,0,0,0,0
72,-6,3,0,2.171,0,0,0.000,0,0,0,0,0,0,0,0
72,3,0,0,0.751,0,0,0.000,0,0,0,0,0,0,0,0
72,-5,4,2,0.941,0,0,0.000,0,0,0,0,0,0,0,0
72,1,-2,3,1.831,0,0,0.000,0,0,0,0,0,0,0,0
72,-4,-3,0,1.191,0,0,0.000,0,0,0,0,0,0,0,0
72,3,-5,0,1.781,0,0,0.000,0,0,0,0,0,0,0,0
72,0,6,0,0.641,0,0,0.000,0,0,0,0,0,0,0,0
72,2,5,0,0.551,0,0,0.000,0,0,0,0,0,0,1,1
72,-3,7,0,0.872,0,0,0.000,0,0,0,0,0,0,0,0
72,-5,5,3,1.971,0,0,0.000,0,0,0,0,0,0,0,0
72,2,-5,1,0.631,0,0,0.000,0,0,0,0,0,0,0,0
72,4,-3,0,0.571,0,0,0.000,0,0,0,0,0,0,0,0
72,-3,-3,0,0.122,0,0,0.000,0,0,0,0,0,0,0,0
72,-3,-1,3,0.161,0,0,0.000,0,0,0,0,0,0,0,0
72,0,5,3,0.791,0,0,0.000,0,0,0,0,0,0,0,0
72,0,0,3,1.161,0,0,0.000,0,0,0,0,0,0,0,0
72,3,-1,0,0.281,0,0,0.000,0,0,0,0,0,0,0,0
72,-1,-4,0,0.301,0,0,0.000,0,0,0,0,0,0,0,0
72,3,-2,1,0.411,0,0,0.000,0,0,0,0,0,0,0,0
72,1,5,0,0.881,0,0,0.000,0,0,0,0,0,0,0,0
72,-3,-2,2,0.181,0,0,0.000,0,0,0,0,0,0,0,0
72,-1,0,3,0.381,0,0,0.000,0,0,0,0,0,0,0,0
72,-5,-1,1,1.531,0,0,0.000,0,0,0,0,0,0,0,0
72,0,-1,3,1.171,0,0,0.000,0,0,0,0,0,0,0,0
72,-2,7,0,0.621,0,0,0.000,0,0,0,0,0,0,0,0
72,-6,4,1,0.811,0,0,0.000,0,0,0,0,0,0,0,0
72,-4,4,3,0.371,0,0,0.000,0,0,0,0,0,0,0,0
72,1,1,3,0.191,0,0,0.000,0,0,0,0,0,0,0,0
72,3,-4,0,0.471,0,0,0.000,0,0,0,0,0,0,0,0
72,-4,-1,3,2.481,0,0,0.000,0,0,0,0,0,0,0,0
72,-1,4,3,0.181,0,0,0.000,0,0,0,0,0,0,0,0
72,1,3,3,0.291,0,0,0.000,0,0,0,0,0,0,0,0
72,2,3,0,0.961,0,0,0.000,0,0,0,0,0,0,0,0
72,-2,-2,3,1.231,0,0,0.000,0,0,0,0,0,0,0,0
72,3,-3,0,30.000,0,0,0.000,0,0,0,0,0,0,0,0
72,-4,7,2,1.011,0,0,0.000,0,0,0,0,0,0,0,0
72,-1,-3,2,0.591,0,0,0.000,0,0,0,0,0,0,0,0
72,-5,7,2,1.861,0,0,0.000,0,0,0,0,0,0,0,0
72,-1,6,1,0.581,0,0,0.000,0,0,0,0,0,0,0,0
72,-3,5,3,1.121,0,0,0.000,0,0,0,0,0,0,0,0
72,-7,8,0,1.002,1,0,1.092,1,0,0,0,0,1,198,198
72,-3,6,3,1.891,0,0,0.000,0,0,0,0,0,0,0,0
72,-5,6,3,0.831,0,0,0.000,0,0,0,0,0,0,0,0
72,-4,2,3,0.211,0,0,0.000,0,0,0,0,0,0,0,0
72,-3,1,3,0.751,0,0,0.000,0,0,0,0,0,0,0,0
72,-6,5,0,0.402,0,0,0.000,0,0,0,0,0,0,1,1
72,1,-1,3,0.371,0,0,0.000,0,0,0,0,0,0,0,0
72,-4,1,3,0.251,0,0,0.000,0,0,0,0,0,0,0,0
72,-5,2,2,0.231,0,0,0.000,0,0,0,0,0,0,0,0
72,-2,-3,0,0.721,0,0,0.000,0,0,0,0,0,0,0,0
72,1,-5,0,0.111,0,0,0.000,0,0,0,0,0,0,0,0
72,-7,7,0,1.071,0,0,0.000,0,0,0,0,0,0,13,13
72,2,1,2,0.171,0,0,0.000,0,0,0,0,0,0,0,0
73,1,-4,2,0.291,0,0,0.000,0,0,0,0,0,0,0,0
73,-3,0,3,0.571,0,0,0.000,0,0,0,0,0,0,0,0
73,-2,2,3,0.221,0,0,0.000,0,0,0,0,0,0,0,0
73,-1,-1,3,0.121,0,0,0.000,0,0,0,0,0,0,0,0
73,0,1,3,0.111,0,0,0.000,0,0,0,0,0,0,0,0
73,-5,3,2,0.451,0,0,0.000,0,0,0,0,0,0,0,0
73,-1,1,3,1.431,0,0,0.000,0,0,0,0,0,0,0,0
73,-2,-1,3,0.181,0,0,0.000,0,0,0,0,0,0,0,0
73,0,4,3,0.951,0,0,0.000,0,0,0,0,0,0,0,0
73,3,-6,0,5.341,0,0,0.000,0,0,0,0,0,0,0,0
73,-2,4,3,0.222,0,0,0.000,0,0,0,0,0,0,0,0
73,-2,0,3,1.311,0,0,0.000,0,0,0,0,0,0,0,0
73,0,2,3,0.191,0,0,0.000,0,0,0,0,0,0,0,0
73,-4,3,3,0.531,0,0,0.000,0,0,0,0,0,0,0,0
73,-5,9,0,1.451,0,0,0.000,0,0,0,0,0,0,57,57
73,-7,6,1,1.531,0,0,0.000,0,0,0,0,0,0,0,0
73,-3,2,3,0.331,0,0,0.000,0,0,0,0,0,0,0,0
73,2,-1,2,0.591,0,0,0.000,0,0,0,0,0,0,0,0
73,0,-4,1,0.381,0,0,0.000,0,0,0,0,0,0,0,0
73,-2,5,3,0.631,0,0,0.000,0,0,0,0,0,0,0,0
73,-4,6,3,0.801,0,0,0.000,0,0,0,0,0,0,0,0
73,-1,5,2,6.921,0,0,0.000,0,0,0,0,0,0,0,0
73,0,-3,2,0.721,0,0,0.000,0,0,0,0,0,0,0,0
73,-6,8,0,1.391,0,0,0.000,0,0,0,0,0,0,22,22
73,-1,-2,3,1.131,0,0,0.000,0,0,0,0,0,0,0,0
73,-2,3,3,0.371,0,0,0.000,0,0,0,0,0,0,0,0
73,-4,5,3,1.531,0,0,0.000,0,0,0,0,0,0,0,0
73,1,-3,3,0.411,0,0,0.000,0,0,0,0,0,0,0,0
73,0,-2,3,0.721,0,0,0.000,0,0,0,0,0,0,0,0
73,0,3,3,0.411,0,0,0.000,0,0,0,0,0,0,0,0
73,-6,6,2,0.501,0,0,0.000,0,0,0,0,0,0,0,0
73,-2,6,2,0.901,0,0,0.000,0,0,0,0,0,0,0,0
73,-3,3,3,0.411,0,0,0.000,0,0,0,0,0,0,0,0
73,2,-2,2,0.191,0,0,0.000,0,0,0,0,0,0,0,0
73,-4,-2,2,0.141,0,0,0.000,0,0,0,0,0,0,0,0
73,2,2,1,0.251,0,0,0.000,0,0,0,0,0,0,0,0
73,-5,1,0,0.561,0,0,0.000,0,0,0,0,0,0,0,0
73,2,-3,2,0.131,0,0,0.000,0,0,0,0,0,0,0,0
73,-4,0,2,0.371,0,0,0.000,0,0,0,0,0,0,0,0
73,-3,4,3,0.861,0,0,0.000,0,0,0,0,0,0,0,0
73,-4,8,1,5.251,0,0,0.000,0,0,0,0,0,0,0,0
73,1,2,2,0.581,0,0,0.000,0,0,0,0,0,0,0,0
73,-6,2,0,1.091,0,0,0.000,0,0,0,0,0,0,0,0
73,-5,-2,0,1.191,0,0,0.000,0,0,0,0,0,0,0,0
73,3,1,1,1.431,0,0,0.000,0,0,0,0,0,0,0,0
73,-6,7,2,1.211,0,0,0.000,0,1,0,2,0,0,1,1
73,2,-4,2,1.471,0,0,0.000,0,0,0,0,0,0,0,0
73,-1,3,3,0.311,0,0,0.000,0,0,0,0,0,0,0,0
73,-1,2,3,0.151,0,0,0.000,0,0,0,0,0,0,0,0
73,-5,8,1,0.812,0,0,0.000,0,0,0,0,0,0,9,9
73,1,4,2,0.161,0,0,0.000,0,0,0,0,0,0,0,0
73,1,0,3,0.161,0,0,0.000,0,0,0,0,0,0,0,0
73,-2,1,3,2.411,0,0,0.000,0,0,0,0,0,0,0,0
73,-5,0,1,3.661,0,0,0.000,0,0,0,0,0,0,0,0
73,2,0,3,1.851,0,0,0.000,0,0,0,0,0,0,0,0
73,2,4,1,0.331,0,0,0.000,0,0,0,0,0,0,0,0
73,-6,3,0,0.501,0,0,0.000,0,0,0,0,0,0,0,0
73,3,0,0,0.941,0,0,0.000,0,0,0,0,0,0,0,0
73,-5,4,2,0.681,0,0,0.000,0,0,0,0,0,0,0,0
73,1,-2,3,1.141,0,0,0.000,0,0,0,0,0,0,0,0
73,-4,-3,0,1.222,0,0,0.000,0,0,0,0,0,0,0,0
73,3,-5,0,0.701,0,0,0.000,0,0,0,0,0,0,0,0
73,0,6,0,1.632,0,0,0.000,0,0,0,0,0,0,0,0
73,2,5,0,1.881,0,0,0.000,0,0,0,0,0,0,1,1
73,-3,7,0,0.652,0,0,0.000,0,0,0,0,0,0,0,0
73,-5,5,3,0.392,0,0,0.000,0,0,0,0,0,0,0,0
73,2,-5,1,0.291,0,0,0.000,0,0,0,0,0,0,0,0
73,4,-3,0,0.431,0,0,0.000,0,0,0,0,0,0,0,0
73,-3,-3,0,0.112,0,0,0.000,0,0,0,0,0,0,0,0
73,-3,-1,3,0.161,0,0,0.000,0,0,0,0,0,0,0,0
73,0,5,3,0.471,0,0,0.000,0,0,0,0,0,0,0,0
73,0,0,3,1.161,0,0,0.000,0,0,0,0,0,0,0,0
73,3,-1,0,0.141,0,0,0.000,0,0,0,0,0,0,0,0
73,-1,-4,0,0.641,0,0,0.000,0,0,0,0,0,0,0,0
73,3,-2,1,0.411,0,0,0.000,0,0,0,0,0,0,0,0
73,1,5,0,1.111,0,0,0.000,0,0,0,0,0,0,0,0
73,-3,-2,2,0.561,0,0,0.000,0,0,0,0,0,0,0,0
73,-1,0,3,1.041,0,0,0.000,0,0,0,0,0,0,0,0
73,-5,-1,1,0.661,0,0,0.000,0,0,0,0,0,0,0,0
73,0,-1,3,0.331,0,0,0.000,0,0,0,0,0,0,0,0
73,-2,7,0,1.661,0,0,0.000,0,0,0,0,0,0,0,0
73,-6,4,1,0.981,0,0,0.000,0,0,0,0,0,0,0,0
73,-4,4,3,0.181,0,0,0.000,0,0,0,0,0,0,0,0
73,1,1,3,0.191,0,0,0.000,0,0,0,0,0,0,0,0
73,3,-4,0,0.471,0,0,0.000,0,0,0,0,0,0,0,0
73,-4,-1,3,1.591,0,0,0.000,0,0,0,0,0,0,0,0
73,-1,4,3,0.471,0,0,0.000,0,0,0,0,0,0,0,0
73,1,3,3,2.051,0,0,0.000,0,0,0,0,0,0,0,0
73,2,3,0,1.401,0,0,0.000,0,0,0,0,0,0,0,0
73,-2,-2,3,0.371,0,0,0.000,0,0,0,0,0,0,0,0
73,3,-3,0,0.341,0,0,0.000,0,0,0,0,0,0,0,0
73,-4,7,2,0.663,0,0,0.000,0,0,0,0,0,0,0,0
73,-1,-3,2,0.191,0,0,0.000,0,0,0,0,0,0,0,0
73,-5,7,2,2.401,0,0,0.000,0,0,0,0,0,0,0,0
73,-1,6,1,0.392,0,0,0.000,0,0,0,0,0,0,0,0
73,-3,5,3,0.132,0,0,0.000,0,0,0,0,0,0,0,0
73,-7,8,0,1.421,2,0,1.531,1,0,0,0,0,2,204,204
73,-3,6,3,0.751,0,0,0.000,0,0,0,0,0,0,0,0
73,-5,6,3,1.341,0,0,0.000,0,0,0,0,0,0,1,1
73,-4,2,3,0.101,0,0,0.000,0,0,0,0,0,0,0,0
73,-3,1,3,0.181,0,0,0.000,0,0,0,0,0,0,0,0
73,-6,5,0,0.413,0,0,0.000,0,0,0,0,0,0,0,0
73,1,-1,3,0.371,0,0,0.000,0,0,0,0,0,0,0,0
73,-4,1,3,0.191,0,0,0.000,0,0,0,0,0,0,0,0
73,-5,2,2,1.071,0,0,0.000,0,0,0,0,0,0,0,0
73,-2,-3,0,0.172,0,0,0.000,0,0,0,0,0,0,0,0
73,1,-5,0,0.231,0,0,0.000,0,0,0,0,0,0,0,0
73,-7,7,0,0.891,0,0,0.000,0,0,0,0,0,0,14,14
73,2,1,2,0.171,0,0,0.000,0,0,0,0,0,0,0,0
74,1,-4,2,1.031,0,0,0.000,0,0,0,0,0,0,0,0
74,-3,0,3,0.571,0,0,0.000,0,0,0,0,0,0,0,0
74,-2,2,3,2.221,0,0,0.000,0,0,0,0,0,0,0,0
74,-1,-1,3,0.221,0,0,0.000,0,0,0,0,0,0,0,0
74,0,1,3,0.271,0,0,0.000,0,0,0,0,0,0,0,0
74,-5,3,2,0.451,0,0,0.000,0,0,0,0,0,0,0,0
74,-1,1,3,1.461,0,0,0.000,0,0,0,0,0,0,0,0
74,-2,-1,3,1.021,0,0,0.000,0,0,0,0,0,0,0,0
74,0,4,3,0.711,0,0,0.000,0,0,0,0,0,0,0,0
74,3,-6,0,1.421,0,0,0.000,0,0,0,0,0,0,0,0
74,-2,4,3,1.131,0,0,0.000,0,0,0,0,0,0,0,0
74,-2,0,3,0.211,0,0,0.000,0,0,0,0,0,0,0,0
74,0,2,3,0.381,0,0,0.000,0,0,0,0,0,0,0,0
74,-4,3,3,1.291,0,0,0.000,0,0,0,0,0,0,0,0
74,-5,9,0,1.151,0,0,0.000,0,0,0,0,0,0,58,58
74,-7,6,1,0.981,0,0,0.000,0,0,0,0,0,0,1,1
74,-3,2,3,0.251,0,0,0.000,0,0,0,0,0,0,0,0
74,2,-1,2,0.591,0,0,0.000,0,0,0,0,0,0,0,0
74,0,-4,1,0.201,0,0,0.000,0,0,0,0,0,0,0,0
74,-2,5,3,1.061,0,0,0.000,0,0,0,0,0,0,0,0
74,-4,6,3,0.711,0,0,0.000,0,0,0,0,0,0,0,0
74,-1,5,2,0.201,0,0,0.000,0,0,0,0,0,0,0,0
74,0,-3,2,0.951,0,0,0.000,0,0,0,0,0,0,0,0
74,-6,8,0,1.612,0,0,0.000,0,0,0,0,0,0,14,14
74,-1,-2,3,0.221,0,0,0.000,0,0,0,0,0,0,0,0
74,-2,3,3,1.511,0,0,0.000,0,0,0,0,0,0,0,0
74,-4,5,3,0.211,0,0,0.000,0,0,0,0,0,0,0,0
74,1,-3,3,0.621,0,0,0.000,0,0,0,0,0,0,0,0
74,0,-2,3,0.721,0,0,0.000,0,0,0,0,0,0,0,0
74,0,3,3,0.571,0,0,0.000,0,0,0,0,0,0,0,0
74,-6,6,2,0.501,0,0,0.000,0,0,0,0,0,0,0,0
74,-2,6,2,0.601,0,0,0.000,0,0,0,0,0,0,0,0
74,-3,3,3,0.201,0,0,0.000,0,0,0,0,0,0,0,0
74,2,-2,2,0.821,0,0,0.000,0,0,0,0,0,0,0,0
74,-4,-2,2,0.271,0,0,0.000,0,0,0,0,0,0,0,0
74,2,2,1,0.151,0,0,0.000,0,0,0,0,0,0,0,0
74,-5,1,0,0.193,0,0,0.000,0,0,0,0,0,0,0,0
74,2,-3,2,0.381,0,0,0.000,0,0,0,0,0,0,0,0
74,-4,0,2,0.601,0,0,0.000,0,0,0,0,0,0,0,0
74,-3,4,3,0.361,0,0,0.000,0,0,0,0,0,0,0,0
74,-4,8,1,2.371,0,0,0.000,0,0,0,0,0,0,0,0
74,1,2,2,0.471,0,0,0.000,0,0,0,0,0,0,0,0
74,-6,2,0,0.431,0,0,0.000,0,0,0,0,0,0,0,0
74,-5,-2,0,1.111,0,0,0.000,0,0,0,0,0,0,0,0
74,3,1,1,1.761,0,0,0.000,0,0,0,0,0,0,0,0
74,-6,7,2,0.753,0,0,0.000,0,1,0,3,0,0,0,0
74,2,-4,2,0.211,0,0,0.000,0,0,0,0,0,0,0,0
74,-1,3,3,0.711,0,0,0.000,0,0,0,0,0,0,0,0
74,-1,2,3,0.311,0,0,0.000,0,0,0,0,0,0,0,0
74,-5,8,1,0.841,0,0,0.000,0,0,0,0,0,0,12,12
74,1,4,2,17.331,0,0,0.000,0,0,0,0,0,0,0,0
74,1,0,3,0.161,0,0,0.000,0,0,0,0,0,0,0,0
74,-2,1,3,0.611,0,0,0.000,0,0,0,0,0,0,0,0
74,-5,0,1,0.271,0,0,0.000,0,0,0,0,0,0,0,0
74,2,0,3,0.611,0,0,0.000,0,0,0,0,0,0,0,0
74,2,4,1,0.331,0,0,0.000,0,0,0,0,0,0,0,0
74,-6,3,0,0.432,0,0,0.000,0,0,0,0,0,0,0,0
74,3,0,0,0.771,0,0,0.000,0,0,0,0,0,0,0,0
74,-5,4,2,1.601,0,0,0.000,0,0,0,0,0,0,0,0
74,1,-2,3,0.451,0,0,0.000,0,0,0,0,0,0,0,0
74,-4,-3,0,0.471,0,0,0.000,0,0,0,0,0,0,0,0
74,3,-5,0,0.341,0,0,0.000,0,0,0,0,0,0,1,1
74,0,6,0,0.911,0,0,0.000,0,0,0,0,0,0,0,0
74,2,5,0,0.971,0,0,0.000,0,0,0,0,0,0,0,0
74,-3,7,0,1.301,0,0,0.000,0,0,0,0,0,0,0,0
74,-5,5,3,0.571,0,0,0.000,0,0,0,0,0,0,0,0
74,2,-5,1,1.183,0,0,0.000,0,0,0,0,0,0,0,0
74,4,-3,0,0.443,0,0,0.000,0,0,0,0,0,0,0,0
74,-3,-3,0,0.112,0,0,0.000,0,0,0,0,0,0,0,0
74,-3,-1,3,0.231,0,0,0.000,0,0,0,0,0,0,0,0
74,0,5,3,0.151,0,0,0.000,0,0,0,0,0,0,0,0
74,0,0,3,1.681,0,0,0.000,0,0,0,0,0,0,0,0
74,3,-1,0,0.731,0,0,0.000,0,0,0,0,0,0,0,0
74,-1,-4,0,1.041,0,0,0.000,0,0,0,0,0,0,0,0
74,3,-2,1,0.201,0,0,0.000,0,0,0,0,0,0,0,0
74,1,5,0,0.931,0,0,0.000,0,0,0,0,0,0,0,0
74,-3,-2,2,0.181,0,0,0.000,0,0,0,0,0,0,0,0
74,-1,0,3,0.211,0,0,0.000,0,0,0,0,0,0,0,0
74,-5,-1,1,0.691,0,0,0.000,0,0,0,0,0,0,0,0
74,0,-1,3,0.721,0,0,0.000,0,0,0,0,0,0,0,0
74,-2,7,0,1.611,0,0,0.000,0,0,0,0,0,0,0,0
74,-6,4,1,0.822,0,0,0.000,0,0,0,0,0,0,0,0
74,-4,4,3,0.371,0,0,0.000,0,0,0,0,0,0,0,0
74,1,1,3,0.291,0,0,0.000,0,0,0,0,0,0,0,0
74,3,-4,0,0.731,0,0,0.000,0,0,0,0,0,0,0,0
74,-4,-1,3,0.591,0,0,0.000,0,0,0,0,0,0,0,0
74,-1,4,3,0.881,0,0,0.000,0,0,0,0,0,0,0,0
74,1,3,3,0.291,0,0,0.000,0,0,0,0,0,0,0,0
74,2,3,0,0.381,0,0,0.000,0,0,0,0,0,0,0,0
74,-2,-2,3,0.181,0,0,0.000,0,0,0,0,0,0,0,0
74,3,-3,0,0.371,0,0,0.000,0,0,0,0,0,0,0,0
74,-4,7,2,0.411,0,0,0.000,0,0,0,0,0,0,0,0
74,-1,-3,2,0.391,0,0,0.000,0,0,0,0,0,0,0,0
74,-5,7,2,1.321,0,0,0.000,0,0,0,0,0,0,0,0
74,-1,6,1,1.961,0,0,0.000,0,0,0,0,0,0,0,0
74,-3,5,3,0.132,0,0,0.000,0,0,0,0,0,0,0,0
74,-7,8,0,1.141,3,0,1.241,1,0,0,0,0,3,197,197
74,-3,6,3,0.751,0,0,0.000,0,0,0,0,0,0,0,0
74,-5,6,3,0.831,0,0,0.000,0,0,0,0,0,0,0,0
74,-4,2,3,0.211,0,0,0.000,0,0,0,0,0,0,0,0
74,-3,1,3,1.091,0,0,0.000,0,0,0,0,0,0,0,0
74,-6,5,0,0.273,0,0,0.000,0,0,0,0,0,0,0,0
74,1,-1,3,2.461,0,0,0.000,0,0,0,0,0,0,0,0
74,-4,1,3,0.191,0,0,0.000,0,0,0,0,0,0,0,0
74,-5,2,2,0.171,0,0,0.000,0,0,0,0,0,0,0,0
74,-2,-3,0,0.172,0,0,0.000,0,0,0,0,0,0,0,0
74,1,-5,0,0.111,0,0,0.000,0,0,0,0,0,0,0,0
74,-7,7,0,1.431,0,0,0.000,0,0,0,0,0,0,10,10
74,2,1,2,0.711,0,0,0.000,0,0,0,0,0,0,0,0
75,1,-4,2,0.511,0,0,0.000,0,0,0,0,0,0,0,0
75,-3,0,3,2.111,0,0,0.000,0,0,0,0,0,0,0,0
75,-2,2,3,0.541,0,0,0.000,0,0,0,0,0,0,0,0
75,-1,-1,3,0.221,0,0,0.000,0,0,0,0,0,0,0,0
75,0,1,3,0.111,0,0,0.000,0,0,0,0,0,0,0,0
75,-5,3,2,0.221,0,0,0.000,0,0,0,0,0,0,0,0
75,-1,1,3,0.381,0,0,0.000,0,0,0,0,0,0,0,0
75,-2,-1,3,0.451,0,0,0.000,0,0,0,0,0,0,0,0
75,0,4,3,0.471,0,0,0.000,0,0,0,0,0,0,0,0
75,3,-6,0,1.661,0,0,0.000,0,0,0,0,0,0,0,0
75,-2,4,3,0.421,0,0,0.000,0,0,0,0,0,0,0,0
75,-2,0,3,0.211,0,0,0.000,0,0,0,0,0,0,0,0
75,0,2,3,0.381,0,0,0.000,0,0,0,0,0,0,0,0
75,-4,3,3,0.181,0,0,0.000,0,0,0,0,0,0,0,0
75,-5,9,0,1.913,0,0,0.000,0,0,0,0,0,0,62,62
75,-7,6,1,0.871,0,0,0.000,0,0,0,0,0,0,0,0
75,-3,2,3,1.691,0,0,0.000,0,0,0,0,0,0,0,0
75,2,-1,2,0.681,0,0,0.000,0,0,0,0,0,0,0,0
75,0,-4,1,0.451,0,0,0.000,0,0,0,0,0,0,0,0
75,-2,5,3,0.421,0,0,0.000,0,0,0,0,0,0,0,0
75,-4,6,3,1.531,0,0,0.000,0,0,0,0,0,0,0,0
75,-1,5,2,1.671,0,0,0.000,0,0,0,0,0,0,0,0
75,0,-3,2,0.161,0,0,0.000,0,0,0,0,0,0,0,0
75,-6,8,0,3.391,0,0,0.000,0,0,0,0,0,0,12,12
75,-1,-2,3,0.441,0,0,0.000,0,0,0,0,0,0,0,0
75,-2,3,3,0.181,0,0,0.000,0,0,0,0,0,0,0,0
75,-4,5,3,0.651,0,0,0.000,0,0,0,0,0,0,0,0
75,1,-3,3,0.621,0,0,0.000,0,0,0,0,0,0,0,0
75,0,-2,3,0.531,0,0,0.000,0,0,0,0,0,0,0,0
75,0,3,3,0.411,0,0,0.000,0,0,0,0,0,0,0,0
75,-6,6,2,0.501,0,0,0.000,0,0,0,0,0,0,0,0
75,-2,6,2,0.761,0,0,0.000,0,0,0,0,0,0,0,0
75,-3,3,3,1.311,0,0,0.000,0,0,0,0,0,0,0,0
75,2,-2,2,1.621,0,0,0.000,0,0,0,0,0,0,0,0
75,-4,-2,2,0.141,0,0,0.000,0,0,0,0,0,0,0,0
75,2,2,1,0.151,0,0,0.000,0,0,0,0,0,0,0,0
75,-5,1,0,1.401,0,0,0.000,0,0,0,0,0,0,0,0
75,2,-3,2,0.132,0,0,0.000,0,0,0,0,0,0,0,0
75,-4,0,2,0.451,0,0,0.000,0,0,0,0,0,0,0,0
75,-3,4,3,0.641,0,0,0.000,0,0,0,0,0,0,0,0
75,-4,8,1,1.171,0,0,0.000,0,0,0,0,0,0,0,0
75,1,2,2,0.251,0,0,0.000,0,0,0,0,0,0,0,0
75,-6,2,0,0.431,0,0,0.000,0,0,0,0,0,0,0,0
75,-5,-2,0,1.031,0,0,0.000,0,0,0,0,0,0,0,0
75,3,1,1,0.291,0,0,0.000,0,0,0,0,0,0,0,0
75,-6,7,2,1.591,0,0,0.000,0,1,0,3,0,0,0,0
75,2,-4,2,0.821,0,0,0.000,0,0,0,0,0,0,0,0
75,-1,3,3,0.311,0,0,0.000,0,0,0,0,0,0,0,0
75,-1,2,3,0.311,0,0,0.000,0,0,0,0,0,0,0,0
75,-5,8,1,1.662,0,0,0.000,0,0,0,0,0,0,17,17
75,1,4,2,0.871,0,0,0.000,0,0,0,0,0,0,0,0
75,1,0,3,0.161,0,0,0.000,0,0,0,0,0,0,0,0
75,-2,1,3,0.611,0,0,0.000,0,0,0,0,0,0,0,0
75,-5,0,1,0.761,0,0,0.000,0,0,0,0,0,0,0,0
75,2,0,3,0.301,0,0,0.000,0,0,0,0,0,0,0,0
75,2,4,1,0.331,0,0,0.000,0,0,0,0,0,0,0,0
75,-6,3,0,0.531,0,0,0.000,0,0,0,0,0,0,0,0
75,3,0,0,0.181,0,0,0.000,0,0,0,0,0,0,0,0
75,-5,4,2,0.221,0,0,0.000,0,0,0,0,0,0,0,0
75,1,-2,3,1.371,0,0,0.000,0,0,0,0,0,0,0,0
75,-4,-3,0,0.911,0,0,0.000,0,0,0,0,0,0,0,0
75,3,-5,0,0.443,0,0,0.000,0,0,0,0,0,0,0,0
75,0,6,0,1.171,0,0,0.000,0,0,0,0,0,0,0,0
75,2,5,0,0.971,0,0,0.000,0,0,0,0,0,0,0,0
75,-3,7,0,1.301,0,0,0.000,0,0,0,0,0,0,0,0
75,-5,5,3,0.771,0,0,0.000,0,0,0,0,0,0,0,0
75,2,-5,1,0.501,0,0,0.000,0,0,0,0,0,0,0,0
75,4,-3,0,0.801,0,0,0.000,0,0,0,0,0,0,0,0
75,-3,-3,0,0.211,0,0,0.000,0,0,0,0,0,0,0,0
75,-3,-1,3,0.351,0,0,0.000,0,0,0,0,0,0,0,0
75,0,5,3,0.471,0,0,0.000,0,0,0,0,0,0,0,0
75,0,0,3,1.161,0,0,0.000,0,0,0,0,0,0,0,0
75,3,-1,0,0.591,0,0,0.000,0,0,0,0,0,0,0,0
75,-1,-4,0,14.961,0,0,0.000,0,0,0,0,0,0,0,0
75,3,-2,1,0.411,0,0,0.000,0,0,0,0,0,0,0,0
75,1,5,0,0.351,0,0,0.000,0,0,0,0,0,0,0,0
75,-3,-2,2,1.171,0,0,0.000,0,0,0,0,0,0,0,0
75,-1,0,3,0.211,0,0,0.000,0,0,0,0,0,0,0,0
75,-5,-1,1,1.671,0,0,0.000,0,0,0,0,0,0,0,0
75,0,-1,3,0.211,0,0,0.000,0,0,0,0,0,0,0,0
75,-2,7,0,0.771,0,0,0.000,0,0,0,0,0,0,0,0
75,-6,4,1,0.861,0,0,0.000,0,0,0,0,0,0,0,0
75,-4,4,3,0.371,0,0,0.000,0,0,0,0,0,0,0,0
75,1,1,3,0.191,0,0,0.000,0,0,0,0,0,0,0,0
75,3,-4,0,0.471,0,0,0.000,0,0,0,0,0,0,0,0
75,-4,-1,3,1.231,0,0,0.000,0,0,0,0,0,0,0,0
75,-1,4,3,0.181,0,0,0.000,0,0,0,0,0,0,0,0
75,1,3,3,0.451,0,0,0.000,0,0,0,0,0,0,0,0
75,2,3,0,0.961,0,0,0.000,0,0,0,0,0,0,0,0
75,-2,-2,3,0.181,0,0,0.000,0,0,0,0,0,0,0,0
75,3,-3,0,0.232,0,0,0.000,0,0,0,0,0,0,0,0
75,-4,7,2,0.411,0,0,0.000,0,0,0,0,0,0,1,1
75,-1,-3,2,0.191,0,0,0.000,0,0,0,0,0,0,0,0
75,-5,7,2,2.671,0,0,0.000,0,0,0,0,0,0,0,0
75,-1,6,1,0.392,0,0,0.000,0,0,0,0,0,0,0,0
75,-3,5,3,0.892,0,0,0.000,0,0,0,0,0,0,0,0
75,-7,8,0,1.112,3,0,1.232,1,0,0,0,0,3,205,205
75,-3,6,3,0.561,0,0,0.000,0,0,0,0,0,0,0,0
75,-5,6,3,1.671,0,0,0.000,0,0,0,0,0,0,0,0
75,-4,2,3,0.101,0,0,0.000,0,0,0,0,0,0,0,0
75,-3,1,3,0.271,0,0,0.000,0,0,0,0,0,0,0,0
75,-6,5,0,0.542,0,0,0.000,0,0,0,0,0,0,1,1
75,1,-1,3,1.131,0,0,0.000,0,0,0,0,0,0,0,0
75,-4,1,3,0.851,0,0,0.000,0,0,0,0,0,0,0,0
75,-5,2,2,0.591,0,0,0.000,0,0,0,0,0,0,0,0
75,-2,-3,0,0.172,0,0,0.000,0,0,0,0,0,0,0,0
75,1,-5,0,0.111,0,0,0.000,0,0,0,0,0,0,0,0
75,-7,7,0,1.431,0,0,0.000,0,0,0,0,0,0,9,9
75,2,1,2,0.351,0,0,0.000,0,0,0,0,0,0,0,0
76,1,-4,2,1.811,0,0,0.000,0,0,0,0,0,0,0,0
76,-3,0,3,0.411,0,0,0.000,0,0,0,0,0,0,0,0
76,-2,2,3,1.761,0,0,0.000,0,0,0,0,0,0,0,0
76,-1,-1,3,0.351,0,0,0.000,0,0,0,0,0,0,0,0
76,0,1,3,0.111,0,0,0.000,0,0,0,0,0,0,0,0
76,-5,3,2,0.451,0,0,0.000,0,0,0,0,0,0,0,0
76,-1,1,3,2.691,0,0,0.000,0,0,0,0,0,0,0,0
76,-2,-1,3,0.261,0,0,0.000,0,0,0,0,0,0,0,0
76,0,4,3,0.711,0,0,0.000,0,0,0,0,0,0,0,0
76,3,-6,0,0.471,0,0,0.000,0,0,0,0,0,0,1,1
76,-2,4,3,1.851,0,0,0.000,0,0,0,0,0,0,0,0
76,-2,0,3,0.431,0,0,0.000,0,0,0,0,0,0,0,0
76,0,2,3,0.251,0,0,0.000,0,0,0,0,0,0,0,0
76,-4,3,3,0.341,0,0,0.000,0,0,0,0,0,0,0,0
76,-5,9,0,1.001,0,0,0.000,0,0,0,0,0,0,51,51
76,-7,6,1,0.943,0,0,0.000,0,0,0,0,0,0,0,0
76,-3,2,3,0.161,0,0,0.000,0,0,0,0,0,0,0,0
76,2,-1,2,0.591,0,0,0.000,0,0,0,0,0,0,0,0
76,0,-4,1,0.201,0,0,0.000,0,0,0,0,0,0,0,0
76,-2,5,3,0.151,0,0,0.000,0,0,0,0,0,0,0,0
76,-4,6,3,0.471,0,0,0.000,0,0,0,0,0,0,0,0
76,-1,5,2,0.201,0,0,0.000,0,0,0,0,0,0,0,0
76,0,-3,2,0.281,0,0,0.000,0,0,0,0,0,0,0,0
76,-6,8,0,6.591,0,0,0.000,0,0,0,0,0,0,14,14
76,-1,-2,3,2.971,0,0,0.000,0,0,0,0,0,0,0,0
76,-2,3,3,0.181,0,0,0.000,0,0,0,0,0,0,0,0
76,-4,5,3,0.474,0,0,0.000,0,0,0,0,0,0,0,0
76,1,-3,3,0.831,0,0,0.000,0,0,0,0,0,0,0,0
76,0,-2,3,0.381,0,0,0.000,0,0,0,0,0,0,0,0
76,0,3,3,0.201,0,0,0.000,0,0,0,0,0,0,0,0
76,-6,6,2,0.671,0,0,0.000,0,0,0,0,0,0,0,0
76,-2,6,2,1.021,0,0,0.000,0,0,0,0,0,0,0,0
76,-3,3,3,1.041,0,0,0.000,0,0,0,0,0,0,0,0
76,2,-2,2,0.391,0,0,0.000,0,0,0,0,0,0,0,0
76,-4,-2,2,0.271,0,0,0.000,0,0,0,0,0,0,0,0
76,2,2,1,1.591,0,0,0.000,0,0,0,0,0,0,0,0
76,-5,1,0,3.161,0,0,0.000,0,0,0,0,0,0,0,0
76,2,-3,2,1.521,0,0,0.000,0,0,0,0,0,0,0,0
76,-4,0,2,0.601,0,0,0.000,0,0,0,0,0,0,0,0
76,-3,4,3,0.361,0,0,0.000,0,0,0,0,0,0,0,0
76,-4,8,1,1.891,0,0,0.000,0,0,0,0,0,0,0,0
76,1,2,2,0.471,0,0,0.000,0,0,0,0,0,0,0,0
76,-6,2,0,1.361,0,0,0.000,0,0,0,0,0,0,0,0
76,-5,-2,0,1.271,0,0,0.000,0,0,0,0,0,0,0,0
76,3,1,1,1.011,0,0,0.000,0,0,0,0,0,0,0,0
76,-6,7,2,0.942,0,0,0.000,0,0,0,0,0,0,0,0
76,2,-4,2,0.541,0,0,0.000,0,0,0,0,0,0,0,0
76,-1,3,3,0.471,0,0,0.000,0,0,0,0,0,0,0,0
76,-1,2,3,0.471,0,0,0.000,0,0,0,0,0,0,0,0
76,-5,8,1,0.812,0,0,0.000,0,0,0,0,0,0,11,11
76,1,4,2,0.203,0,0,0.000,0,0,0,0,0,0,0,0
76,1,0,3,0.161,0,0,0.000,0,0,0,0,0,0,0,0
76,-2,1,3,30.000,0,0,0.000,0,0,0,0,0,0,0,0
76,-5,0,1,0.271,0,0,0.000,0,0,0,0,0,0,0,0
76,2,0,3,0.301,0,0,0.000,0,0,0,0,0,0,0,0
76,2,4,1,0.501,0,0,0.000,0,0,0,0,0,0,0,0
76,-6,3,0,0.631,0,0,0.000,0,0,0,0,0,0,0,0
76,3,0,0,0.181,0,0,0.000,0,0,0,0,0,0,0,0
76,-5,4,2,0.451,0,0,0.000,0,0,0,0,0,0,0,0
76,1,-2,3,0.451,0,0,0.000,0,0,0,0,0,0,0,0
76,-4,-3,0,3.071,0,0,0.000,0,0,0,0,0,0,0,0
76,3,-5,0,0.431,0,0,0.000,0,0,0,0,0,0,0,0
76,0,6,0,1.101,0,0,0.000,0,0,0,0,0,0,0,0
76,2,5,0,2.021,0,0,0.000,0,0,0,0,0,0,0,0
76,-3,7,0,2.181,0,0,0.000,0,0,0,0,0,0,0,0
76,-5,5,3,0.392,0,0,0.000,0,0,0,0,0,0,0,0
76,2,-5,1,0.331,0,0,0.000,0,0,0,0,0,0,0,0
76,4,-3,0,3.651,0,0,0.000,0,0,0,0,0,0,0,0
76,-3,-3,0,0.112,0,0,0.000,0,0,0,0,0,0,0,0
76,-3,-1,3,0.111,0,0,0.000,0,0,0,0,0,0,0,0
76,0,5,3,0.471,0,0,0.000,0,0,0,0,0,0,0,0
76,0,0,3,0.251,0,0,0.000,0,0,0,0,0,0,0,0
76,3,-1,0,0.281,0,0,0.000,0,0,0,0,0,0,0,0
76,-1,-4,0,0.152,0,0,0.000,0,0,0,0,0,0,0,0
76,3,-2,1,0.831,0,0,0.000,0,0,0,0,0,0,0,0
76,1,5,0,0.352,0,0,0.000,0,0,0,0,0,0,0,0
76,-3,-2,2,0.801,0,0,0.000,0,0,0,0,0,0,0,0
76,-1,0,3,0.601,0,0,0.000,0,0,0,0,0,0,0,0
76,-5,-1,1,1.052,0,0,0.000,0,0,0,0,0,0,0,0
76,0,-1,3,0.321,0,0,0.000,0,0,0,0,0,0,0,0
76,-2,7,0,0.621,0,0,0.000,0,0,0,0,0,0,0,0
76,-6,4,1,1.321,0,0,0.000,0,0,0,0,0,0,0,0
76,-4,4,3,0.181,0,0,0.000,0,0,0,0,0,0,0,0
76,1,1,3,1.291,0,0,0.000,0,0,0,0,0,0,0,0
76,3,-4,0,0.253,0,0,0.000,0,0,0,0,0,0,0,0
76,-4,-1,3,0.591,0,0,0.000,0,0,0,0,0,0,0,0
76,-1,4,3,0.281,0,0,0.000,0,0,0,0,0,0,0,0
76,1,3,3,0.152,0,0,0.000,0,0,0,0,0,0,0,0
76,2,3,0,0.301,0,0,0.000,0,0,0,0,0,0,0,0
76,-2,-2,3,1.851,0,0,0.000,0,0,0,0,0,0,0,0
76,3,-3,0,4.181,0,0,0.000,0,0,0,0,0,0,0,0
76,-4,7,2,0.591,0,0,0.000,0,0,0,0,0,0,0,0
76,-1,-3,2,1.191,0,0,0.000,0,0,0,0,0,0,0,0
76,-5,7,2,1.321,0,0,0.000,0,0,0,0,0,0,0,0
76,-1,6,1,1.761,0,0,0.000,0,0,0,0,0,0,0,0
76,-3,5,3,0.191,0,0,0.000,0,0,0,0,0,0,0,0
76,-7,8,0,0.722,0,0,0.000,0,0,0,0,0,0,243,243
76,-3,6,3,0.751,0,0,0.000,0,0,0,0,0,0,0,0
76,-5,6,3,0.621,0,0,0.000,0,0,0,0,0,0,0,0
76,-4,2,3,0.431,0,0,0.000,0,0,0,0,0,0,0,0
76,-3,1,3,0.841,0,0,0.000,0,0,0,0,0,0,0,0
76,-6,5,0,0.402,0,0,0.000,0,0,0,0,0,0,0,0
76,1,-1,3,1.891,0,0,0.000,0,0,0,0,0,0,0,0
76,-4,1,3,0.451,0,0,0.000,0,0,0,0,0,0,0,0
76,-5,2,2,0.711,0,0,0.000,0,0,0,0,0,0,0,0
76,-2,-3,0,0.701,0,0,0.000,0,0,0,0,0,0,0,0
76,1,-5,0,0.351,0,0,0.000,0,0,0,0,0,0,0,0
76,-7,7,0,5.031,0,0,0.000,0,0,0,0,0,0,12,12
76,2,1,2,0.171,0,0,0.000,0,0,0,0,0,0,0,0
77,1,-4,2,1.291,0,0,0.000,0,0,0,0,0,0,0,0
77,-3,0,3,0.411,0,0,0.000,0,0,0,0,0,0,0,0
77,-2,2,3,0.451,0,0,0.000,0,0,0,0,0,0,0,0
77,-1,-1,3,0.121,0,0,0.000,0,0,0,0,0,0,0,0
77,0,1,3,0.341,0,0,0.000,0,0,0,0,0,0,0,0
77,-5,3,2,0.451,0,0,0.000,0,0,0,0,0,0,0,0
77,-1,1,3,0.831,0,0,0.000,0,0,0,0,0,0,0,0
77,-2,-1,3,0.261,0,0,0.000,0,0,0,0,0,0,0,0
77,0,4,3,0.711,0,0,0.000,0,0,0,0,0,0,0,0
77,3,-6,0,1.421,0,0,0.000,0,0,0,0,0,0,1,1
77,-2,4,3,0.911,0,0,0.000,0,0,0,0,0,0,0,0
77,-2,0,3,0.241,0,0,0.000,0,0,0,0,0,0,0,0
77,0,2,3,0.251,0,0,0.000,0,0,0,0,0,0,0,0
77,-4,3,3,1.671,0,0,0.000,0,0,0,0,0,0,0,0
77,-5,9,0,1.151,0,0,0.000,0,0,0,0,0,0,62,62
77,-7,6,1,1.971,0,0,0.000,0,0,0,0,0,0,1,1
77,-3,2,3,0.161,0,0,0.000,0,0,0,0,0,0,0,0
77,2,-1,2,0.291,0,0,0.000,0,0,0,0,0,0,0,0
77,0,-4,1,0.381,0,0,0.000,0,0,0,0,0,0,0,0
77,-2,5,3,0.151,0,0,0.000,0,0,0,0,0,0,0,0
77,-4,6,3,0.962,0,0,0.000,0,0,0,0,0,0,0,0
77,-1,5,2,1.041,0,0,0.000,0,0,0,0,0,0,0,0
77,0,-3,2,0.161,0,0,0.000,0,0,0,0,0,0,0,0
77,-6,8,0,1.991,0,0,0.000,0,0,0,0,0,0,18,18
77,-1,-2,3,0.441,0,0,0.000,0,0,0,0,0,0,0,0
77,-2,3,3,2.651,0,0,0.000,0,0,0,0,0,0,0,0
77,-4,5,3,0.651,0,0,0.000,0,0,0,0,0,0,0,0
77,1,-3,3,0.411,0,0,0.000,0,0,0,0,0,0,0,0
77,0,-2,3,0.681,0,0,0.000,0,0,0,0,0,0,0,0
77,0,3,3,0.201,0,0,0.000,0,0,0,0,0,0,0,0
77,-6,6,2,0.941,0,0,0.000,0,0,0,0,0,0,0,0
77,-2,6,2,0.761,0,0,0.000,0,0,0,0,0,0,0,0
77,-3,3,3,0.201,0,0,0.000,0,0,0,0,0,0,0,0
77,2,-2,2,0.271,0,0,0.000,0,0,0,0,0,0,0,0
77,-4,-2,2,0.271,0,0,0.000,0,0,0,0,0,0,0,0
77,2,2,1,0.151,0,0,0.000,0,0,0,0,0,0,0,0
77,-5,1,0,0.361,0,0,0.000,0,0,0,0,0,0,0,0
77,2,-3,2,0.262,0,0,0.000,0,0,0,0,0,0,0,0
77,-4,0,2,2.211,0,0,0.000,0,0,0,0,0,0,0,0
77,-3,4,3,0.212,0,0,0.000,0,0,0,0,0,0,0,0
77,-4,8,1,2.611,0,0,0.000,0,0,0,0,0,0,1,1
77,1,2,2,1.771,0,0,0.000,0,0,0,0,0,0,0,0
77,-6,2,0,0.431,0,0,0.000,0,0,0,0,0,0,0,0
77,-5,-2,0,0.631,0,0,0.000,0,0,0,0,0,0,0,0
77,3,1,1,0.411,0,0,0.000,0,0,0,0,0,0,0,0
77,-6,7,2,0.942,0,0,0.000,0,1,0,2,0,0,0,0
77,2,-4,2,0.981,0,0,0.000,0,0,0,0,0,0,0,0
77,-1,3,3,0.231,0,0,0.000,0,0,0,0,0,0,0,0
77,-1,2,3,0.471,0,0,0.000,0,0,0,0,0,0,0,0
77,-5,8,1,1.181,0,0,0.000,0,0,0,0,0,0,13,13
77,1,4,2,30.000,0,0,0.000,0,0,0,0,0,0,0,0
77,1,0,3,0.241,0,0,0.000,0,0,0,0,0,0,0,0
77,-2,1,3,2.071,0,0,0.000,0,0,0,0,0,0,0,0
77,-5,0,1,0.481,0,0,0.000,0,0,0,0,0,0,0,0
77,2,0,3,0.921,0,0,0.000,0,0,0,0,0,0,0,0
77,2,4,1,0.331,0,0,0.000,0,0,0,0,0,0,0,0
77,-6,3,0,0.432,0,0,0.000,0,0,0,0,0,0,0,0
77,3,0,0,0.371,0,0,0.000,0,0,0,0,0,0,0,0
77,-5,4,2,0.281,0,0,0.000,0,0,0,0,0,0,0,0
77,1,-2,3,1.601,0,0,0.000,0,0,0,0,0,0,0,0
77,-4,-3,0,1.631,0,0,0.000,0,0,0,0,0,0,0,0
77,3,-5,0,0.431,0,0,0.000,0,0,0,0,0,0,0,0
77,0,6,0,0.531,0,0,0.000,0,0,0,0,0,0,0,0
77,2,5,0,0.621,0,0,0.000,0,0,0,0,0,0,0,0
77,-3,7,0,0.861,0,0,0.000,0,0,0,0,0,0,0,0
77,-5,5,3,0.571,0,0,0.000,0,0,0,0,0,0,0,0
77,2,-5,1,0.291,0,0,0.000,0,0,0,0,0,0,0,0
77,4,-3,0,0.941,0,0,0.000,0,0,0,0,0,0,0,0
77,-3,-3,0,0.331,0,0,0.000,0,0,0,0,0,0,0,0
77,-3,-1,3,0.181,0,0,0.000,0,0,0,0,0,0,0,0
77,0,5,3,1.111,0,0,0.000,0,0,0,0,0,0,0,0
77,0,0,3,1.681,0,0,0.000,0,0,0,0,0,0,0,0
77,3,-1,0,0.281,0,0,0.000,0,0,0,0,0,0,0,0
77,-1,-4,0,0.641,0,0,0.000,0,0,0,0,0,0,0,0
77,3,-2,1,0.831,0,0,0.000,0,0,0,0,0,0,0,0
77,1,5,0,2.321,0,0,0.000,0,0,0,0,0,0,0,0
77,-3,-2,2,0.371,0,0,0.000,0,0,0,0,0,0,0,0
77,-1,0,3,0.251,0,0,0.000,0,0,0,0,0,0,0,0
77,-5,-1,1,1.801,0,0,0.000,0,0,0,0,0,0,0,0
77,0,-1,3,0.521,0,0,0.000,0,0,0,0,0,0,0,0
77,-2,7,0,1.611,0,0,0.000,0,0,0,0,0,0,0,0
77,-6,4,1,1.781,0,0,0.000,0,0,0,0,0,0,0,0
77,-4,4,3,0.371,0,0,0.000,0,0,0,0,0,0,0,0
77,1,1,3,0.191,0,0,0.000,0,0,0,0,0,0,0,0
77,3,-4,0,0.253,0,0,0.000,0,0,0,0,0,0,0,0
77,-4,-1,3,0.341,0,0,0.000,0,0,0,0,0,0,0,0
77,-1,4,3,0.541,0,0,0.000,0,0,0,0,0,0,0,0
77,1,3,3,0.151,0,0,0.000,0,0,0,0,0,0,0,0
77,2,3,0,0.211,0,0,0.000,0,0,0,0,0,0,0,0
77,-2,-2,3,0.181,0,0,0.000,0,0,0,0,0,0,0,0
77,3,-3,0,1.151,0,0,0.000,0,0,0,0,0,0,0,0
77,-4,7,2,0.891,0,0,0.000,0,0,0,0,0,0,0,0
77,-1,-3,2,0.591,0,0,0.000,0,0,0,0,0,0,0,0
77,-5,7,2,2.671,0,0,0.000,0,0,0,0,0,0,0,0
77,-1,6,1,0.561,0,0,0.000,0,0,0,0,0,0,0,0
77,-3,5,3,0.331,0,0,0.000,0,0,0,0,0,0,0,0
77,-7,8,0,0.692,2,0,0.792,1,0,0,0,0,2,200,200
77,-3,6,3,0.751,0,0,0.000,0,0,0,0,0,0,0,0
77,-5,6,3,0.711,0,0,0.000,0,0,0,0,0,0,0,0
77,-4,2,3,0.101,0,0,0.000,0,0,0,0,0,0,0,0
77,-3,1,3,0.861,0,0,0.000,0,0,0,0,0,0,0,0
77,-6,5,0,0.371,0,0,0.000,0,0,0,0,0,0,0,0
77,1,-1,3,0.371,0,0,0.000,0,0,0,0,0,0,0,0
77,-4,1,3,0.411,0,0,0.000,0,0,0,0,0,0,0,0
77,-5,2,2,0.171,0,0,0.000,0,0,0,0,0,0,0,0
77,-2,-3,0,1.211,0,0,0.000,0,0,0,0,0,0,0,0
77,1,-5,0,1.311,0,0,0.000,0,0,0,0,0,0,0,0
77,-7,7,0,1.071,0,0,0.000,0,0,0,0,0,0,5,5
77,2,1,2,0.351,0,0,0.000,0,0,0,0,0,0,0,0
78,1,-4,2,0.291,0,0,0.000,0,0,0,0,0,0,0,0
78,-3,0,3,0.351,0,0,0.000,0,0,0,0,0,0,0,0
78,-2,2,3,0.221,0,0,0.000,0,0,0,0,0,0,0,0
78,-1,-1,3,0.351,0,0,0.000,0,0,0,0,0,0,0,0
78,0,1,3,0.511,0,0,0.000,0,0,0,0,0,0,0,0
78,-5,3,2,0.451,0,0,0.000,0,0,0,0,0,0,0,0
78,-1,1,3,1.431,0,0,0.000,0,0,0,0,0,0,0,0
78,-2,-1,3,0.181,0,0,0.000,0,0,0,0,0,0,0,0
78,0,4,3,0.231,0,0,0.000,0,0,0,0,0,0,0,0
78,3,-6,0,1.661,0,0,0.000,0,0,0,0,0,0,0,0
78,-2,4,3,0.881,0,0,0.000,0,0,0,0,0,0,0,0
78,-2,0,3,0.211,0,0,0.000,0,0,0,0,0,0,0,0
78,0,2,3,30.000,0,0,0.000,0,0,0,0,0,0,0,0
78,-4,3,3,0.911,0,0,0.000,0,0,0,0,0,0,0,0
78,-5,9,0,1.001,0,0,0.000,0,0,0,0,0,0,66,66
78,-7,6,1,1.342,0,0,0.000,0,0,0,0,0,0,0,0
78,-3,2,3,0.331,0,0,0.000,0,0,0,0,0,0,0,0
78,2,-1,2,0.591,0,0,0.000,0,0,0,0,0,0,0,0
78,0,-4,1,1.221,0,0,0.000,0,0,0,0,0,0,0,0
78,-2,5,3,0.581,0,0,0.000,0,0,0,0,0,0,0,0
78,-4,6,3,2.241,0,0,0.000,0,0,0,0,0,0,0,0
78,-1,5,2,0.201,0,0,0.000,0,0,0,0,0,0,0,0
78,0,-3,2,0.161,0,0,0.000,0,0,0,0,0,0,0,0
78,-6,8,0,1.391,0,0,0.000,0,0,0,0,0,0,9,9
78,-1,-2,3,1.131,0,0,0.000,0,0,0,0,0,0,0,0
78,-2,3,3,0.371,0,0,0.000,0,0,0,0,0,0,0,0
78,-4,5,3,0.431,0,0,0.000,0,0,0,0,0,0,0,0
78,1,-3,3,0.411,0,0,0.000,0,0,0,0,0,0,0,0
78,0,-2,3,0.381,0,0,0.000,0,0,0,0,0,0,0,0
78,0,3,3,0.471,0,0,0.000,0,0,0,0,0,0,0,0
78,-6,6,2,0.601,0,0,0.000,0,0,0,0,0,0,0,0
78,-2,6,2,2.421,0,0,0.000,0,0,0,0,0,0,0,0
78,-3,3,3,0.471,0,0,0.000,0,0,0,0,0,0,0,0
78,2,-2,2,0.191,0,0,0.000,0,0,0,0,0,0,0,0
78,-4,-2,2,0.883,0,0,0.000,0,0,0,0,0,0,0,0
78,2,2,1,0.291,0,0,0.000,0,0,0,0,0,0,0,0
78,-5,1,0,0.561,0,0,0.000,0,0,0,0,0,0,0,0
78,2,-3,2,0.241,0,0,0.000,0,0,0,0,0,0,0,0
78,-4,0,2,0.371,0,0,0.000,0,0,0,0,0,0,0,0
78,-3,4,3,0.311,0,0,0.000,0,0,0,0,0,0,0,0
78,-4,8,1,1.411,0,0,0.000,0,0,0,0,0,0,0,0
78,1,2,2,0.731,0,0,0.000,0,0,0,0,0,0,0,0
78,-6,2,0,0.521,0,0,0.000,0,0,0,0,0,0,0,0
78,-5,-2,0,0.711,0,0,0.000,0,0,0,0,0,0,0,0
78,3,1,1,0.201,0,0,0.000,0,0,0,0,0,0,0,0
78,-6,7,2,0.943,0,0,0.000,0,1,0,1,0,0,0,0
78,2,-4,2,1.741,0,0,0.000,0,0,0,0,0,0,0,0
78,-1,3,3,1.031,0,0,0.000,0,0,0,0,0,0,0,0
78,-1,2,3,3.511,0,0,0.000,0,0,0,0,0,0,0,0
78,-5,8,1,0.812,0,0,0.000,0,0,0,0,0,0,24,24
78,1,4,2,0.161,0,0,0.000,0,0,0,0,0,0,0,0
78,1,0,3,0.291,0,0,0.000,0,0,0,0,0,0,0,0
78,-2,1,3,1.391,0,0,0.000,0,0,0,0,0,0,0,0
78,-5,0,1,1.141,0,0,0.000,0,0,0,0,0,0,0,0
78,2,0,3,1.541,0,0,0.000,0,0,0,0,0,0,0,0
78,2,4,1,2.991,0,0,0.000,0,0,0,0,0,0,0,0
78,-6,3,0,0.971,0,0,0.000,0,0,0,0,0,0,0,0
78,3,0,0,0.371,0,0,0.000,0,0,0,0,0,0,0,0
78,-5,4,2,0.681,0,0,0.000,0,0,0,0,0,0,0,0
78,1,-2,3,1.141,0,0,0.000,0,0,0,0,0,0,0,0
78,-4,-3,0,0.471,0,0,0.000,0,0,0,0,0,0,0,0
78,3,-5,0,1.151,0,0,0.000,0,0,0,0,0,0,0,0
78,0,6,0,1.561,0,0,0.000,0,0,0,0,0,0,0,0
78,2,5,0,2.651,0,0,0.000,0,0,0,0,0,0,0,0
78,-3,7,0,0.652,0,0,0.000,0,0,0,0,0,0,0,0
78,-5,5,3,1.971,0,0,0.000,0,0,0,0,0,0,0,0
78,2,-5,1,3.183,0,0,0.000,0,0,0,0,0,0,0,0
78,4,-3,0,0.661,0,0,0.000,0,0,0,0,0,0,0,0
78,-3,-3,0,0.211,0,0,0.000,0,0,0,0,0,0,0,0
78,-3,-1,3,30.000,0,0,0.000,0,0,0,0,0,0,0,0
78,0,5,3,0.311,0,0,0.000,0,0,0,0,0,0,0,0
78,0,0,3,0.381,0,0,0.000,0,0,0,0,0,0,0,0
78,3,-1,0,0.431,0,0,0.000,0,0,0,0,0,0,0,0
78,-1,-4,0,0.401,0,0,0.000,0,0,0,0,0,0,0,0
78,3,-2,1,0.201,0,0,0.000,0,0,0,0,0,0,0,0
78,1,5,0,1.111,0,0,0.000,0,0,0,0,0,0,0,0
78,-3,-2,2,0.231,0,0,0.000,0,0,0,0,0,0,0,0
78,-1,0,3,0.601,0,0,0.000,0,0,0,0,0,0,0,0
78,-5,-1,1,0.981,0,0,0.000,0,0,0,0,0,0,0,0
78,0,-1,3,0.191,0,0,0.000,0,0,0,0,0,0,0,0
78,-2,7,0,0.621,0,0,0.000,0,0,0,0,0,0,0,0
78,-6,4,1,3.684,0,0,0.000,0,0,0,0,0,0,0,0
78,-4,4,3,0.371,0,0,0.000,0,0,0,0,0,0,0,0
78,1,1,3,0.891,0,0,0.000,0,0,0,0,0,0,0,0
78,3,-4,0,0.253,0,0,0.000,0,0,0,0,0,0,0,0
78,-4,-1,3,0.341,0,0,0.000,0,0,0,0,0,0,0,0
78,-1,4,3,0.281,0,0,0.000,0,0,0,0,0,0,0,0
78,1,3,3,0.291,0,0,0.000,0,0,0,0,0,0,0,0
78,2,3,0,0.651,0,0,0.000,0,0,0,0,0,0,0,0
78,-2,-2,3,0.561,0,0,0.000,0,0,0,0,0,0,0,0
78,3,-3,0,0.371,0,0,0.000,0,0,0,0,0,0,0,0
78,-4,7,2,0.471,0,0,0.000,0,0,0,0,0,0,0,0
78,-1,-3,2,0.391,0,0,0.000,0,0,0,0,0,0,0,0
78,-5,7,2,1.321,0,0,0.000,0,0,0,0,0,0,0,0
78,-1,6,1,0.392,0,0,0.000,0,0,0,0,0,0,0,0
78,-3,5,3,0.261,0,0,0.000,0,0,0,0,0,0,0,0
78,-7,8,0,0.691,1,0,0.781,1,0,0,0,0,1,198,198
78,-3,6,3,0.751,0,0,0.000,0,0,0,0,0,0,0,0
78,-5,6,3,0.921,0,0,0.000,0,0,0,0,0,0,0,0
78,-4,2,3,0.101,0,0,0.000,0,0,0,0,0,0,0,0
78,-3,1,3,0.841,0,0,0.000,0,0,0,0,0,0,0,0
78,-6,5,0,0.791,0,0,0.000,0,0,0,0,0,0,0,0
78,1,-1,3,0.181,0,0,0.000,0,0,0,0,0,0,0,0
78,-4,1,3,5.611,0,0,0.000,0,0,0,0,0,0,0,0
78,-5,2,2,5.631,0,0,0.000,0,0,0,0,0,0,0,0
78,-2,-3,0,1.411,0,0,0.000,0,0,0,0,0,0,0,0
78,1,-5,0,0.111,0,0,0.000,0,0,0,0,0,0,0,0
78,-7,7,0,1.251,0,0,0.000,0,0,0,0,0,0,6,6
78,2,1,2,0.531,0,0,0.000,0,0,0,0,0,0,0,0
79,1,-4,2,0.251,0,0,0.000,0,0,0,0,0,0,0,0
79,-3,0,3,0.211,0,0,0.000,0,0,0,0,0,0,0,0
79,-2,2,3,0.441,0,0,0.000,0,0,0,0,0,0,0,0
79,-1,-1,3,0.351,0,0,0.000,0,0,0,0,0,0,0,0
79,0,1,3,0.151,0,0,0.000,0,0,0,0,0,0,0,0
79,-5,3,2,0.221,0,0,0.000,0,0,0,0,0,0,0,0
79,-1,1,3,0.381,0,0,0.000,0,0,0,0,0,0,0,0
79,-2,-1,3,0.451,0,0,0.000,0,0,0,0,0,0,0,0
79,0,4,3,0.711,0,0,0.000,0,0,0,0,0,0,0,0
79,3,-6,0,1.501,0,0,0.000,0,0,0,0,0,0,2,2
79,-2,4,3,1.111,0,0,0.000,0,0,0,0,0,0,0,0
79,-2,0,3,1.091,0,0,0.000,0,0,0,0,0,0,0,0
79,0,2,3,0.191,0,0,0.000,0,0,0,0,0,0,0,0
79,-4,3,3,1.101,0,0,0.000,0,0,0,0,0,0,0,0
79,-5,9,0,1.632,1,0,1.742,1,0,0,0,0,1,59,59
79,-7,6,1,0.902,0,0,0.000,0,0,0,0,0,0,0,0
79,-3,2,3,0.161,0,0,0.000,0,0,0,0,0,0,0,0
79,2,-1,2,0.681,0,0,0.000,0,0,0,0,0,0,0,0
79,0,-4,1,0.411,0,0,0.000,0,0,0,0,0,0,0,0
79,-2,5,3,0.471,0,0,0.000,0,0,0,0,0,0,0,0
79,-4,6,3,0.471,0,0,0.000,0,0,0,0,0,0,0,0
79,-1,5,2,0.201,0,0,0.000,0,0,0,0,0,0,0,0
79,0,-3,2,0.331,0,0,0.000,0,0,0,0,0,0,0,0
79,-6,8,0,2.391,0,0,0.000,0,0,0,0,0,0,12,12
79,-1,-2,3,0.441,0,0,0.000,0,0,0,0,0,0,0,0
79,-2,3,3,0.561,0,0,0.000,0,0,0,0,0,0,0,0
79,-4,5,3,0.881,0,0,0.000,0,0,0,0,0,0,0,0
79,1,-3,3,1.511,0,0,0.000,0,0,0,0,0,0,0,0
79,0,-2,3,0.141,0,0,0.000,0,0,0,0,0,0,0,0
79,0,3,3,0.411,0,0,0.000,0,0,0,0,0,0,0,0
79,-6,6,2,0.601,0,0,0.000,0,0,0,0,0,0,0,0
79,-2,6,2,1.021,0,0,0.000,0,0,0,0,0,0,0,0
79,-3,3,3,2.571,0,0,0.000,0,0,0,0,0,0,0,0
79,2,-2,2,0.221,0,0,0.000,0,0,0,0,0,0,0,0
79,-4,-2,2,0.421,0,0,0.000,0,0,0,0,0,0,0,0
79,2,2,1,1.431,0,0,0.000,0,0,0,0,0,0,0,0
79,-5,1,0,0.561,0,0,0.000,0,0,0,0,0,0,0,0
79,2,-3,2,0.381,0,0,0.000,0,0,0,0,0,0,0,0
79,-4,0,2,0.371,0,0,0.000,0,0,0,0,0,0,0,0
79,-3,4,3,3.391,0,0,0.000,0,0,0,0,0,0,0,0
79,-4,8,1,2.131,0,0,0.000,0,0,0,0,0,0,0,0
79,1,2,2,0.301,0,0,0.000,0,0,0,0,0,0,0,0
79,-6,2,0,1.311,0,0,0.000,0,0,0,0,0,0,0,0
79,-5,-2,0,0.871,0,0,0.000,0,0,0,0,0,0,0,0
79,3,1,1,1.011,0,0,0.000,0,0,0,0,0,0,0,0
79,-6,7,2,0.842,0,0,0.000,0,0,0,0,0,0,0,0
79,2,-4,2,0.541,0,0,0.000,0,0,0,0,0,0,0,0
79,-1,3,3,1.751,0,0,0.000,0,0,0,0,0,0,0,0
79,-1,2,3,0.151,0,0,0.000,0,0,0,0,0,0,0,0
79,-5,8,1,2.781,0,0,0.000,0,1,0,1,0,0,18,18
79,1,4,2,0.671,0,0,0.000,0,0,0,0,0,0,0,0
79,1,0,3,0.751,0,0,0.000,0,0,0,0,0,0,0,0
79,-2,1,3,2.561,0,0,0.000,0,0,0,0,0,0,0,0
79,-5,0,1,0.761,0,0,0.000,0,0,0,0,0,0,0,0
79,2,0,3,2.161,0,0,0.000,0,0,0,0,0,0,0,0
79,2,4,1,0.331,0,0,0.000,0,0,0,0,0,0,0,0
79,-6,3,0,1.291,0,0,0.000,0,0,0,0,0,0,0,0
79,3,0,0,0.232,0,0,0.000,0,0,0,0,0,0,0,0
79,-5,4,2,0.241,0,0,0.000,0,0,0,0,0,0,0,0
79,1,-2,3,1.141,0,0,0.000,0,0,0,0,0,0,0,0
79,-4,-3,0,0.471,0,0,0.000,0,0,0,0,0,0,0,0
79,3,-5,0,1.781,0,0,0.000,0,0,0,0,0,0,0,0
79,0,6,0,0.641,0,0,0.000,0,0,0,0,0,0,0,0
79,2,5,0,0.411,0,0,0.000,0,0,0,0,0,0,0,0
79,-3,7,0,1.532,0,0,0.000,0,0,0,0,0,0,0,0
79,-5,5,3,0.392,0,0,0.000,0,0,0,0,0,0,0,0
79,2,-5,1,0.291,0,0,0.000,0,0,0,0,0,0,0,0
79,4,-3,0,0.443,0,0,0.000,0,0,0,0,0,0,0,0
79,-3,-3,0,1.892,0,0,0.000,0,0,0,0,0,0,0,0
79,-3,-1,3,0.621,0,0,0.000,0,0,0,0,0,0,0,0
79,0,5,3,0.311,0,0,0.000,0,0,0,0,0,0,0,0
79,0,0,3,1.161,0,0,0.000,0,0,0,0,0,0,0,0
79,3,-1,0,0.591,0,0,0.000,0,0,0,0,0,0,0,0
79,-1,-4,0,0.152,0,0,0.000,0,0,0,0,0,0,0,0
79,3,-2,1,0.201,0,0,0.000,0,0,0,0,0,0,0,0
79,1,5,0,0.391,0,0,0.000,0,0,0,0,0,0,0,0
79,-3,-2,2,0.561,0,0,0.000,0,0,0,0,0,0,0,0
79,-1,0,3,0.211,0,0,0.000,0,0,0,0,0,0,0,0
79,-5,-1,1,0.751,0,0,0.000,0,0,0,0,0,0,0,0
79,0,-1,3,3.211,0,0,0.000,0,0,0,0,0,0,0,0
79,-2,7,0,1.741,0,0,0.000,0,0,0,0,0,0,0,0
79,-6,4,1,0.581,0,0,0.000,0,0,0,0,0,0,0,0
79,-4,4,3,0.371,0,0,0.000,0,0,0,0,0,0,0,0
79,1,1,3,0.191,0,0,0.000,0,0,0,0,0,0,0,0
79,3,-4,0,0.501,0,0,0.000,0,0,0,0,0,0,0,0
79,-4,-1,3,0.242,0,0,0.000,0,0,0,0,0,0,0,0
79,-1,4,3,3.511,0,0,0.000,0,0,0,0,0,0,0,0
79,1,3,3,1.091,0,0,0.000,0,0,0,0,0,0,0,0
79,2,3,0,0.821,0,0,0.000,0,0,0,0,0,0,0,0
79,-2,-2,3,0.471,0,0,0.000,0,0,0,0,0,0,0,0
79,3,-3,0,1.181,0,0,0.000,0,0,0,0,0,0,0,0
79,-4,7,2,0.711,0,0,0.000,0,0,0,0,0,0,0,0
79,-1,-3,2,0.991,0,0,0.000,0,0,0,0,0,0,0,0
79,-5,7,2,1.321,0,0,0.000,0,0,0,0,0,0,0,0
79,-1,6,1,1.561,0,0,0.000,0,0,0,0,0,0,0,0
79,-3,5,3,0.133,0,0,0.000,0,0,0,0,0,0,0,0
79,-7,8,0,0.862,0,0,0.000,0,0,0,0,0,0,215,215
79,-3,6,3,0.751,0,0,0.000,0,0,0,0,0,0,0,0
79,-5,6,3,1.461,0,0,0.000,0,0,0,0,0,0,0,0
79,-4,2,3,0.211,0,0,0.000,0,0,0,0,0,0,0,0
79,-3,1,3,1.471,0,0,0.000,0,0,0,0,0,0,0,0
79,-6,5,0,0.273,0,0,0.000,0,0,0,0,0,0,0,0
79,1,-1,3,0.761,0,0,0.000,0,0,0,0,0,0,0,0
79,-4,1,3,0.391,0,0,0.000,0,0,0,0,0,0,0,0
79,-5,2,2,0.351,0,0,0.000,0,0,0,0,0,0,0,0
79,-2,-3,0,0.511,0,0,0.000,0,0,0,0,0,0,0,0
79,1,-5,0,0.231,0,0,0.000,0,0,0,0,0,0,0,0
79,-7,7,0,1.071,0,0,0.000,0,0,0,0,0,0,13,13
79,2,1,2,1.251,0,0,0.000,0,0,0,0,0,0,0,0
80,1,-4,2,1.811,0,0,0.000,0,0,0,0,0,0,0,0
80,-3,0,3,0.351,0,0,0.000,0,0,0,0,0,0,0,0
80,-2,2,3,0.221,0,0,0.000,0,0,0,0,0,0,0,0
80,-1,-1,3,0.531,0,0,0.000,0,0,0,0,0,0,0,0
80,0,1,3,0.231,0,0,0.000,0,0,0,0,0,0,0,0
80,-5,3,2,0.681,0,0,0.000,0,0,0,0,0,0,0,0
80,-1,1,3,0.381,0,0,0.000,0,0,0,0,0,0,0,0
80,-2,-1,3,1.781,0,0,0.000,0,0,0,0,0,0,0,0
80,0,4,3,0.711,0,0,0.000,0,0,0,0,0,0,0,0
80,3,-6,0,1.421,0,0,0.000,0,0,0,0,0,0,0,0
80,-2,4,3,0.421,0,0,0.000,0,0,0,0,0,0,0,0
80,-2,0,3,2.191,0,0,0.000,0,0,0,0,0,0,0,0
80,0,2,3,0.381,0,0,0.000,0,0,0,0,0,0,0,0
80,-4,3,3,0.341,0,0,0.000,0,0,0,0,0,0,0,0
80,-5,9,0,1.452,1,0,1.562,1,0,0,0,0,1,54,54
80,-7,6,1,0.982,0,0,0.000,0,0,0,0,0,0,0,0
80,-3,2,3,0.161,0,0,0.000,0,0,0,0,0,0,0,0
80,2,-1,2,0.891,0,0,0.000,0,0,0,0,0,0,0,0
80,0,-4,1,0.411,0,0,0.000,0,0,0,0,0,0,0,0
80,-2,5,3,0.741,0,0,0.000,0,0,0,0,0,0,0,0
80,-4,6,3,0.711,0,0,0.000,0,0,0,0,0,0,0,0
80,-1,5,2,1.041,0,0,0.000,0,0,0,0,0,0,0,0
80,0,-3,2,0.161,0,0,0.000,0,0,0,0,0,0,0,0
80,-6,8,0,2.591,0,0,0.000,0,0,0,0,0,0,8,8
80,-1,-2,3,2.281,0,0,0.000,0,0,0,0,0,0,0,0
80,-2,3,3,0.751,0,0,0.000,0,0,0,0,0,0,0,0
80,-4,5,3,0.221,0,0,0.000,0,0,0,0,0,0,0,0
80,1,-3,3,0.461,0,0,0.000,0,0,0,0,0,0,0,0
80,0,-2,3,0.231,0,0,0.000,0,0,0,0,0,0,0,0
80,0,3,3,0.201,0,0,0.000,0,0,0,0,0,0,0,0
80,-6,6,2,3.322,0,0,0.000,0,0,0,0,0,0,0,0
80,-2,6,2,1.891,0,0,0.000,0,0,0,0,0,0,0,0
80,-3,3,3,0.311,0,0,0.000,0,0,0,0,0,0,0,0
80,2,-2,2,0.191,0,0,0.000,0,0,0,0,0,0,0,0
80,-4,-2,2,0.571,0,0,0.000,0,0,0,0,0,0,0,0
80,2,2,1,0.411,0,0,0.000,0,0,0,0,0,0,0,0
80,-5,1,0,3.161,0,0,0.000,0,0,0,0,0,0,0,0
80,2,-3,2,0.661,0,0,0.000,0,0,0,0,0,0,0,0
80,-4,0,2,0.371,0,0,0.000,0,0,0,0,0,0,0,0
80,-3,4,3,0.531,0,0,0.000,0,0,0,0,0,0,0,0
80,-4,8,1,1.651,0,0,0.000,0,0,0,0,0,0,0,0
80,1,2,2,0.991,0,0,0.000,0,0,0,0,0,0,0,0
80,-6,2,0,1.311,0,0,0.000,0,0,0,0,0,0,0,0
80,-5,-2,0,2.151,0,0,0.000,0,0,0,0,0,0,0,0
80,3,1,1,0.621,0,0,0.000,0,0,0,0,0,0,0,0
80,-6,7,2,0.943,0,0,0.000,0,1,0,2,0,0,0,0
80,2,-4,2,1.471,0,0,0.000,0,0,0,0,0,0,0,0
80,-1,3,3,1.631,0,0,0.000,0,0,0,0,0,0,0,0
80,-1,2,3,0.311,0,0,0.000,0,0,0,0,0,0,0,0
80,-5,8,1,1.591,0,0,0.000,0,1,0,1,0,0,18,18
80,1,4,2,0.161,0,0,0.000,0,0,0,0,0,0,0,0
80,1,0,3,0.291,0,0,0.000,0,0,0,0,0,0,0,0
80,-2,1,3,1.541,0,0,0.000,0,0,0,0,0,0,0,0
80,-5,0,1,0.271,0,0,0.000,0,0,0,0,0,0,0,0
80,2,0,3,2.781,0,0,0.000,0,0,0,0,0,0,0,0
80,2,4,1,0.681,0,0,0.000,0,0,0,0,0,0,0,0
80,-6,3,0,0.432,0,0,0.000,0,0,0,0,0,0,0,0
80,3,0,0,0.181,0,0,0.000,0,0,0,0,0,0,0,0
80,-5,4,2,1.601,0,0,0.000,0,0,0,0,0,0,0,0
80,1,-2,3,30.000,0,0,0.000,0,0,0,0,0,0,0,0
80,-4,-3,0,1.631,0,0,0.000,0,0,0,0,0,0,0,0
80,3,-5,0,1.421,0,0,0.000,0,0,0,0,0,0,0,0
80,0,6,0,1.641,0,0,0.000,0,0,0,0,0,0,0,0
80,2,5,0,1.811,0,0,0.000,0,0,0,0,0,0,0,0
80,-3,7,0,1.301,0,0,0.000,0,0,0,0,0,0,0,0
80,-5,5,3,0.392,0,0,0.000,0,0,0,0,0,0,0,0
80,2,-5,1,0.971,0,0,0.000,0,0,0,0,0,0,0,0
80,4,-3,0,0.891,0,0,0.000,0,0,0,0,0,0,0,0
80,-3,-3,0,0.112,0,0,0.000,0,0,0,0,0,0,0,0
80,-3,-1,3,0.111,0,0,0.000,0,0,0,0,0,0,0,0
80,0,5,3,0.151,0,0,0.000,0,0,0,0,0,0,0,0
80,0,0,3,0.251,0,0,0.000,0,0,0,0,0,0,0,0
80,3,-1,0,0.292,0,0,0.000,0,0,0,0,0,0,0,0
80,-1,-4,0,0.561,0,0,0.000,0,0,0,0,0,0,0,0
80,3,-2,1,0.411,0,0,0.000,0,0,0,0,0,0,0,0
80,1,5,0,0.701,0,0,0.000,0,0,0,0,0,0,0,0
80,-3,-2,2,3.031,0,0,0.000,0,0,0,0,0,0,0,0
80,-1,0,3,0.211,0,0,0.000,0,0,0,0,0,0,0,0
80,-5,-1,1,0.971,0,0,0.000,0,0,0,0,0,0,0,0
80,0,-1,3,0.371,0,0,0.000,0,0,0,0,0,0,0,0
80,-2,7,0,0.771,0,0,0.000,0,0,0,0,0,0,0,0
80,-6,4,1,0.861,0,0,0.000,0,0,0,0,0,0,0,0
80,-4,4,3,0.181,0,0,0.000,0,0,0,0,0,0,0,0
80,1,1,3,0.951,0,0,0.000,0,0,0,0,0,0,0,0
80,3,-4,0,0.253,0,0,0.000,0,0,0,0,0,0,0,0
80,-4,-1,3,0.242,0,0,0.000,0,0,0,0,0,0,0,0
80,-1,4,3,0.181,0,0,0.000,0,0,0,0,0,0,0,0
80,1,3,3,0.451,0,0,0.000,0,0,0,0,0,0,0,0
80,2,3,0,0.211,0,0,0.000,0,0,0,0,0,0,0,0
80,-2,-2,3,2.411,0,0,0.000,0,0,0,0,0,0,0,0
80,3,-3,0,0.232,0,0,0.000,0,0,0,0,0,0,0,0
80,-4,7,2,0.411,0,0,0.000,0,0,0,0,0,0,0,0
80,-1,-3,2,0.391,0,0,0.000,0,0,0,0,0,0,0,0
80,-5,7,2,2.401,0,0,0.000,0,0,0,0,0,0,0,0
80,-1,6,1,1.561,0,0,0.000,0,0,0,0,0,0,0,0
80,-3,5,3,0.261,0,0,0.000,0,0,0,0,0,0,0,0
80,-7,8,0,1.981,2,0,2.081,1,0,0,0,0,2,199,199
80,-3,6,3,0.751,0,0,0.000,0,0,0,0,0,0,0,0
80,-5,6,3,0.621,0,0,0.000,0,0,0,0,0,0,0,0
80,-4,2,3,0.101,0,0,0.000,0,0,0,0,0,0,0,0
80,-3,1,3,0.331,0,0,0.000,0,0,0,0,0,0,0,0
80,-6,5,0,0.371,0,0,0.000,0,0,0,0,0,0,0,0
80,1,-1,3,0.371,0,0,0.000,0,0,0,0,0,0,0,0
80,-4,1,3,0.191,0,0,0.000,0,0,0,0,0,0,0,0
80,-5,2,2,0.771,0,0,0.000,0,0,0,0,0,0,0,0
80,-2,-3,0,0.721,0,0,0.000,0,0,0,0,0,0,0,0
80,1,-5,0,0.111,0,0,0.000,0,0,0,0,0,0,0,0
80,-7,7,0,1.251,0,0,0.000,0,0,0,0,0,0,7,7
80,2,1,2,0.171,0,0,0.000,0,0,0,0,0,0,0,0
81,1,-4,2,0.511,0,0,0.000,0,0,0,0,0,0,0,0
81,-3,0,3,1.671,0,0,0.000,0,0,0,0,0,0,0,0
81,-2,2,3,0.311,0,0,0.000,0,0,0,0,0,0,0,0
81,-1,-1,3,0.121,0,0,0.000,0,0,0,0,0,0,0,0
81,0,1,3,0.291,0,0,0.000,0,0,0,0,0,0,0,0
81,-5,3,2,0.221,0,0,0.000,0,0,0,0,0,0,0,0
81,-1,1,3,0.801,0,0,0.000,0,0,0,0,0,0,0,0
81,-2,-1,3,0.451,0,0,0.000,0,0,0,0,0,0,0,0
81,0,4,3,0.231,0,0,0.000,0,0,0,0,0,0,0,0
81,3,-6,0,1.661,0,0,0.000,0,0,0,0,0,0,0,0
81,-2,4,3,1.571,0,0,0.000,0,0,0,0,0,0,0,0
81,-2,0,3,0.211,0,0,0.000,0,0,0,0,0,0,0,0
81,0,2,3,1.851,0,0,0.000,0,0,0,0,0,0,0,0
81,-4,3,3,0.531,0,0,0.000,0,0,0,0,0,0,0,0
81,-5,9,0,1.751,2,0,1.881,1,0,0,0,0,2,74,74
81,-7,6,1,0.761,0,0,0.000,0,0,0,0,0,0,0,0
81,-3,2,3,0.791,0,0,0.000,0,0,0,0,0,0,0,0
81,2,-1,2,30.000,0,0,0.000,0,0,0,0,0,0,0,0
81,0,-4,1,0.201,0,0,0.000,0,0,0,0,0,0,0,0
81,-2,5,3,0.151,0,0,0.000,0,0,0,0,0,0,0,0
81,-4,6,3,2.631,0,0,0.000,0,0,0,0,0,0,0,0
81,-1,5,2,3.351,0,0,0.000,0,0,0,0,0,0,0,0
81,0,-3,2,0.161,0,0,0.000,0,0,0,0,0,0,0,0
81,-6,8,0,0.991,0,0,0.000,0,0,0,0,0,0,12,12
81,-1,-2,3,0.441,0,0,0.000,0,0,0,0,0,0,0,0
81,-2,3,3,0.371,0,0,0.000,0,0,0,0,0,0,0,0
81,-4,5,3,0.431,0,0,0.000,0,0,0,0,0,0,0,0
81,1,-3,3,0.201,0,0,0.000,0,0,0,0,0,0,0,0
81,0,-2,3,0.171,0,0,0.000,0,0,0,0,0,0,0,0
81,0,3,3,0.971,0,0,0.000,0,0,0,0,0,0,0,0
81,-6,6,2,1.791,0,0,0.000,0,0,0,0,0,0,0,0
81,-2,6,2,0.761,0,0,0.000,0,0,0,0,0,0,0,0
81,-3,3,3,0.471,0,0,0.000,0,0,0,0,0,0,0,0
81,2,-2,2,0.821,0,0,0.000,0,0,0,0,0,0,0,0
81,-4,-2,2,0.721,0,0,0.000,0,0,0,0,0,0,0,0
81,2,2,1,0.251,0,0,0.000,0,0,0,0,0,0,0,0
81,-5,1,0,1.361,0,0,0.000,0,0,0,0,0,0,0,0
81,2,-3,2,0.801,0,0,0.000,0,0,0,0,0,0,0,0
81,-4,0,2,0.221,0,0,0.000,0,0,0,0,0,0,0,0
81,-3,4,3,0.211,0,0,0.000,0,0,0,0,0,0,0,0
81,-4,8,1,2.131,0,0,0.000,0,0,0,0,0,0,0,0
81,1,2,2,0.991,0,0,0.000,0,0,0,0,0,0,0,0
81,-6,2,0,0.441,0,0,0.000,0,0,0,0,0,0,0,0
81,-5,-2,0,0.711,0,0,0.000,0,0,0,0,0,0,0,0
81,3,1,1,0.291,0,0,0.000,0,0,0,0,0,0,0,0
81,-6,7,2,0.831,0,0,0.000,0,1,0,1,0,0,0,0
81,2,-4,2,0.212,0,0,0.000,0,0,0,0,0,0,0,0
81,-1,3,3,0.431,0,0,0.000,0,0,0,0,0,0,0,0
81,-1,2,3,0.151,0,0,0.000,0,0,0,0,0,0,0,0
81,-5,8,1,0.812,0,0,0.000,0,1,0,2,0,0,10,10
81,1,4,2,0.161,0,0,0.000,0,0,0,0,0,0,0,0
81,1,0,3,0.191,0,0,0.000,0,0,0,0,0,0,0,0
81,-2,1,3,0.331,0,0,0.000,0,0,0,0,0,0,0,0
81,-5,0,1,0.271,0,0,0.000,0,0,0,0,0,0,0,0
81,2,0,3,0.301,0,0,0.000,0,0,0,0,0,0,0,0
81,2,4,1,0.331,0,0,0.000,0,0,0,0,0,0,0,0
81,-6,3,0,0.432,0,0,0.000,0,0,0,0,0,0,0,0
81,3,0,0,0.761,0,0,0.000,0,0,0,0,0,0,0,0
81,-5,4,2,1.831,0,0,0.000,0,0,0,0,0,0,0,0
81,1,-2,3,1.141,0,0,0.000,0,0,0,0,0,0,0,0
81,-4,-3,0,0.471,0,0,0.000,0,0,0,0,0,0,0,0
81,3,-5,0,0.811,0,0,0.000,0,0,0,0,0,0,0,0
81,0,6,0,0.481,0,0,0.000,0,0,0,0,0,0,0,0
81,2,5,0,1.181,0,0,0.000,0,0,0,0,0,0,0,0
81,-3,7,0,0.652,0,0,0.000,0,0,0,0,0,0,0,0
81,-5,5,3,1.571,0,0,0.000,0,0,0,0,0,0,0,0
81,2,-5,1,3.183,0,0,0.000,0,0,0,0,0,0,0,0
81,4,-3,0,0.223,0,0,0.000,0,0,0,0,0,0,0,0
81,-3,-3,0,0.211,0,0,0.000,0,0,0,0,0,0,0,0
81,-3,-1,3,0.111,0,0,0.000,0,0,0,0,0,0,0,0
81,0,5,3,0.951,0,0,0.000,0,0,0,0,0,0,0,0
81,0,0,3,0.251,0,0,0.000,0,0,0,0,0,0,0,0
81,3,-1,0,0.281,0,0,0.000,0,0,0,0,0,0,0,0
81,-1,-4,0,0.561,0,0,0.000,0,0,0,0,0,0,0,0
81,3,-2,1,0.621,0,0,0.000,0,0,0,0,0,0,0,0
81,1,5,0,0.981,0,0,0.000,0,0,0,0,0,0,0,0
81,-3,-2,2,0.411,0,0,0.000,0,0,0,0,0,0,0,0
81,-1,0,3,0.381,0,0,0.000,0,0,0,0,0,0,0,0
81,-5,-1,1,1.211,0,0,0.000,0,0,0,0,0,0,0,0
81,0,-1,3,0.191,0,0,0.000,0,0,0,0,0,0,0,0
81,-2,7,0,0.821,0,0,0.000,0,0,0,0,0,0,0,0
81,-6,4,1,0.861,0,0,0.000,0,0,0,0,0,0,0,0
81,-4,4,3,0.371,0,0,0.000,0,0,0,0,0,0,0,0
81,1,1,3,0.491,0,0,0.000,0,0,0,0,0,0,0,0
81,3,-4,0,0.731,0,0,0.000,0,0,0,0,0,0,0,0
81,-4,-1,3,1.231,0,0,0.000,0,0,0,0,0,0,0,0
81,-1,4,3,0.471,0,0,0.000,0,0,0,0,0,0,0,0
81,1,3,3,0.291,0,0,0.000,0,0,0,0,0,0,0,0
81,2,3,0,0.381,0,0,0.000,0,0,0,0,0,0,0,0
81,-2,-2,3,0.521,0,0,0.000,0,0,0,0,0,0,0,0
81,3,-3,0,0.232,0,0,0.000,0,0,0,0,0,0,0,0
81,-4,7,2,0.591,0,0,0.000,0,0,0,0,0,0,1,1
81,-1,-3,2,0.591,0,0,0.000,0,0,0,0,0,0,0,0
81,-5,7,2,1.591,0,0,0.000,0,0,0,0,0,0,0,0
81,-1,6,1,0.561,0,0,0.000,0,0,0,0,0,0,0,0
81,-3,5,3,0.401,0,0,0.000,0,0,0,0,0,0,0,0
81,-7,8,0,4.362,1,0,4.452,1,0,0,0,0,1,206,206
81,-3,6,3,1.321,0,0,0.000,0,0,0,0,0,0,0,0
81,-5,6,3,0.621,0,0,0.000,0,0,0,0,0,0,0,0
81,-4,2,3,0.101,0,0,0.000,0,0,0,0,0,0,0,0
81,-3,1,3,0.841,0,0,0.000,0,0,0,0,0,0,0,0
81,-6,5,0,0.651,0,0,0.000,0,0,0,0,0,0,0,0
81,1,-1,3,23.931,0,0,0.000,0,0,0,0,0,0,0,0
81,-4,1,3,0.391,0,0,0.000,0,0,0,0,0,0,0,0
81,-5,2,2,0.351,0,0,0.000,0,0,0,0,0,0,0,0
81,-2,-3,0,0.511,0,0,0.000,0,0,0,0,0,0,0,0
81,1,-5,0,0.231,0,0,0.000,0,0,0,0,0,0,0,0
81,-7,7,0,1.431,0,0,0.000,0,0,0,0,0,0,7,7
81,2,1,2,0.171,0,0,0.000,0,0,0,0,0,0,0,0
82,1,-4,2,0.251,0,0,0.000,0,0,0,0,0,0,0,0
82,-3,0,3,0.211,0,0,0.000,0,0,0,0,0,0,0,0
82,-2,2,3,0.611,0,0,0.000,0,0,0,0,0,0,0,0
82,-1,-1,3,1.261,0,0,0.000,0,0,0,0,0,0,0,0
82,0,1,3,1.231,0,0,0.000,0,0,0,0,0,0,0,0
82,-5,3,2,0.451,0,0,0.000,0,0,0,0,0,0,0,0
82,-1,1,3,0.201,0,0,0.000,0,0,0,0,0,0,0,0
82,-2,-1,3,0.361,0,0,0.000,0,0,0,0,0,0,0,0
82,0,4,3,0.261,0,0,0.000,0,0,0,0,0,0,0,0
82,3,-6,0,1.721,0,0,0.000,0,0,0,0,0,0,0,0
82,-2,4,3,1.111,0,0,0.000,0,0,0,0,0,0,0,0
82,-2,0,3,0.231,0,0,0.000,0,0,0,0,0,0,0,0
82,0,2,3,0.191,0,0,0.000,0,0,0,0,0,0,0,0
82,-4,3,3,30.000,0,0,0.000,0,0,0,0,0,0,0,0
82,-5,9,0,1.001,2,0,1.121,1,0,0,0,0,2,63,63
82,-7,6,1,1.751,0,0,0.000,0,0,0,0,0,0,1,1
82,-3,2,3,0.161,0,0,0.000,0,0,0,0,0,0,0,0
82,2,-1,2,0.591,0,0,0.000,0,0,0,0,0,0,0,0
82,0,-4,1,0.381,0,0,0.000,0,0,0,0,0,0,0,0
82,-2,5,3,0.151,0,0,0.000,0,0,0,0,0,0,0,0
82,-4,6,3,0.471,0,0,0.000,0,0,0,0,0,0,0,0
82,-1,5,2,0.411,0,0,0.000,0,0,0,0,0,0,0,0
82,0,-3,2,0.161,0,0,0.000,0,0,0,0,0,0,0,0
82,-6,8,0,30.000,0,0,0.000,0,0,0,0,0,0,13,13
82,-1,-2,3,0.901,0,0,0.000,0,0,0,0,0,0,0,0
82,-2,3,3,0.371,0,0,0.000,0,0,0,0,0,0,0,0
82,-4,5,3,0.211,0,0,0.000,0,0,0,0,0,0,0,0
82,1,-3,3,0.411,0,0,0.000,0,0,0,0,0,0,0,0
82,0,-2,3,0.431,0,0,0.000,0,0,0,0,0,0,0,0
82,0,3,3,0.201,0,0,0.000,0,0,0,0,0,0,0,0
82,-6,6,2,0.601,0,0,0.000,0,0,0,0,0,0,0,0
82,-2,6,2,0.761,0,0,0.000,0,0,0,0,0,0,0,0
82,-3,3,3,0.891,0,0,0.000,0,0,0,0,0,0,0,0
82,2,-2,2,0.591,0,0,0.000,0,0,0,0,0,0,0,0
82,-4,-2,2,0.421,0,0,0.000,0,0,0,0,0,0,0,0
82,2,2,1,0.501,0,0,0.000,0,0,0,0,0,0,0,0
82,-5,1,0,1.361,0,0,0.000,0,0,0,0,0,0,0,0
82,2,-3,2,0.131,0,0,0.000,0,0,0,0,0,0,0,0
82,-4,0,2,0.371,0,0,0.000,0,0,0,0,0,0,0,0
82,-3,4,3,0.211,0,0,0.000,0,0,0,0,0,0,0,0
82,-4,8,1,3.331,0,0,0.000,0,0,0,0,0,0,0,0
82,1,2,2,0.561,0,0,0.000,0,0,0,0,0,0,0,0
82,-6,2,0,0.961,0,0,0.000,0,0,0,0,0,0,0,0
82,-5,-2,0,1.751,0,0,0.000,0,0,0,0,0,0,0,0
82,3,1,1,0.411,0,0,0.000,0,0,0,0,0,0,0,0
82,-6,7,2,0.753,0,0,0.000,0,0,0,0,0,0,0,0
82,2,-4,2,0.212,0,0,0.000,0,0,0,0,0,0,0,0
82,-1,3,3,0.871,0,0,0.000,0,0,0,0,0,0,0,0
82,-1,2,3,0.151,0,0,0.000,0,0,0,0,0,0,0,0
82,-5,8,1,1.012,0,0,0.000,0,1,0,2,0,0,13,13
82,1,4,2,0.161,0,0,0.000,0,0,0,0,0,0,0,0
82,1,0,3,0.161,0,0,0.000,0,0,0,0,0,0,0,0
82,-2,1,3,2.221,0,0,0.000,0,0,0,0,0,0,0,0
82,-5,0,1,0.341,0,0,0.000,0,0,0,0,0,0,0,0
82,2,0,3,1.231,0,0,0.000,0,0,0,0,0,0,0,0
82,2,4,1,0.951,0,0,0.000,0,0,0,0,0,0,0,0
82,-6,3,0,0.432,0,0,0.000,0,0,0,0,0,0,0,0
82,3,0,0,0.941,0,0,0.000,0,0,0,0,0,0,0,0
82,-5,4,2,0.221,0,0,0.000,0,0,0,0,0,0,0,0
82,1,-2,3,0.681,0,0,0.000,0,0,0,0,0,0,0,0
82,-4,-3,0,0.711,0,0,0.000,0,0,0,0,0,0,0,0
82,3,-5,0,0.341,0,0,0.000,0,0,0,0,0,0,0,0
82,0,6,0,0.531,0,0,0.000,0,0,0,0,0,0,0,0
82,2,5,0,0.831,0,0,0.000,0,0,0,0,0,0,0,0
82,-3,7,0,0.652,0,0,0.000,0,0,0,0,0,0,0,0
82,-5,5,3,0.571,0,0,0.000,0,0,0,0,0,0,0,0
82,2,-5,1,1.011,0,0,0.000,0,0,0,0,0,0,0,0
82,4,-3,0,0.431,0,0,0.000,0,0,0,0,0,0,0,0
82,-3,-3,0,0.211,0,0,0.000,0,0,0,0,0,0,0,0
82,-3,-1,3,0.231,0,0,0.000,0,0,0,0,0,0,0,0
82,0,5,3,0.151,0,0,0.000,0,0,0,0,0,0,0,0
82,0,0,3,1.161,0,0,0.000,0,0,0,0,0,0,0,0
82,3,-1,0,0.141,0,0,0.000,0,0,0,0,0,0,0,0
82,-1,-4,0,0.641,0,0,0.000,0,0,0,0,0,0,0,0
82,3,-2,1,0.201,0,0,0.000,0,0,0,0,0,0,0,0
82,1,5,0,0.352,0,0,0.000,0,0,0,0,0,0,0,0
82,-3,-2,2,0.181,0,0,0.000,0,0,0,0,0,0,0,0
82,-1,0,3,0.381,0,0,0.000,0,0,0,0,0,0,0,0
82,-5,-1,1,2.371,0,0,0.000,0,0,0,0,0,0,0,0
82,0,-1,3,0.191,0,0,0.000,0,0,0,0,0,0,0,0
82,-2,7,0,0.621,0,0,0.000,0,0,0,0,0,0,0,0
82,-6,4,1,1.781,0,0,0.000,0,0,0,0,0,0,0,0
82,-4,4,3,1.511,0,0,0.000,0,0,0,0,0,0,0,0
82,1,1,3,0.391,0,0,0.000,0,0,0,0,0,0,0,0
82,3,-4,0,0.471,0,0,0.000,0,0,0,0,0,0,0,0
82,-4,-1,3,2.481,0,0,0.000,0,0,0,0,0,0,0,0
82,-1,4,3,0.181,0,0,0.000,0,0,0,0,0,0,0,0
82,1,3,3,0.451,0,0,0.000,0,0,0,0,0,0,0,0
82,2,3,0,0.741,0,0,0.000,0,0,0,0,0,0,0,0
82,-2,-2,3,0.181,0,0,0.000,0,0,0,0,0,0,0,0
82,3,-3,0,0.431,0,0,0.000,0,0,0,0,0,0,0,0
82,-4,7,2,0.531,0,0,0.000,0,0,0,0,0,0,0,0
82,-1,-3,2,0.191,0,0,0.000,0,0,0,0,0,0,0,0
82,-5,7,2,2.131,0,0,0.000,0,0,0,0,0,0,0,0
82,-1,6,1,1.561,0,0,0.000,0,0,0,0,0,0,0,0
82,-3,5,3,0.261,0,0,0.000,0,0,0,0,0,0,0,0
82,-7,8,0,2.261,0,0,0.000,0,0,0,0,0,0,226,226
82,-3,6,3,0.391,0,0,0.000,0,0,0,0,0,0,0,0
82,-5,6,3,0.411,0,0,0.000,0,0,0,0,0,0,0,0
82,-4,2,3,1.751,0,0,0.000,0,0,0,0,0,0,0,0
82,-3,1,3,0.181,0,0,0.000,0,0,0,0,0,0,0,0
82,-6,5,0,0.371,0,0,0.000,0,0,0,0,0,0,0,0
82,1,-1,3,0.371,0,0,0.000,0,0,0,0,0,0,0,0
82,-4,1,3,0.591,0,0,0.000,0,0,0,0,0,0,0,0
82,-5,2,2,0.411,0,0,0.000,0,0,0,0,0,0,0,0
82,-2,-3,0,2.161,0,0,0.000,0,0,0,0,0,0,0,0
82,1,-5,0,30.000,0,0,0.000,0,0,0,0,0,0,1,1
82,-7,7,0,1.071,0,0,0.000,0,0,0,0,0,0,13,13
82,2,1,2,0.171,0,0,0.000,0,0,0,0,0,0,0,0
83,1,-4,2,0.771,0,0,0.000,0,0,0,0,0,0,0,0
83,-3,0,3,7.891,0,0,0.000,0,0,0,0,0,0,0,0
83,-2,2,3,0.221,0,0,0.000,0,0,0,0,0,0,0,0
83,-1,-1,3,0.121,0,0,0.000,0,0,0,0,0,0,0,0
83,0,1,3,0.111,0,0,0.000,0,0,0,0,0,0,0,0
83,-5,3,2,0.911,0,0,0.000,0,0,0,0,0,0,0,0
83,-1,1,3,0.201,0,0,0.000,0,0,0,0,0,0,0,0
83,-2,-1,3,0.361,0,0,0.000,0,0,0,0,0,0,0,0
83,0,4,3,0.471,0,0,0.000,0,0,0,0,0,0,0,0
83,3,-6,0,0.721,0,0,0.000,0,0,0,0,0,0,0,0
83,-2,4,3,0.921,0,0,0.000,0,0,0,0,0,0,0,0
83,-2,0,3,1.091,0,0,0.000,0,0,0,0,0,0,0,0
83,0,2,3,0.451,0,0,0.000,0,0,0,0,0,0,0,0
83,-4,3,3,0.341,0,0,0.000,0,0,0,0,0,0,0,0
83,-5,9,0,1.032,0,0,0.000,0,0,0,0,0,0,51,51
83,-7,6,1,0.723,0,0,0.000,0,0,0,0,0,0,0,0
83,-3,2,3,0.251,0,0,0.000,0,0,0,0,0,0,0,0
83,2,-1,2,1.581,0,0,0.000,0,0,0,0,0,0,0,0
83,0,-4,1,0.801,0,0,0.000,0,0,0,0,0,0,0,0
83,-2,5,3,0.261,0,0,0.000,0,0,0,0,0,0,0,0
83,-4,6,3,0.711,0,0,0.000,0,0,0,0,0,0,0,0
83,-1,5,2,0.201,0,0,0.000,0,0,0,0,0,0,0,0
83,0,-3,2,1.691,0,0,0.000,0,0,0,0,0,0,0,0
83,-6,8,0,1.391,0,0,0.000,0,0,0,0,0,0,11,11
83,-1,-2,3,0.441,0,0,0.000,0,0,0,0,0,0,0,0
83,-2,3,3,0.181,0,0,0.000,0,0,0,0,0,0,0,0
83,-4,5,3,1.531,0,0,0.000,0,0,0,0,0,0,0,0
83,1,-3,3,0.621,0,0,0.000,0,0,0,0,0,0,0,0
83,0,-2,3,0.241,0,0,0.000,0,0,0,0,0,0,0,0
83,0,3,3,0.341,0,0,0.000,0,0,0,0,0,0,0,0
83,-6,6,2,0.501,0,0,0.000,0,0,0,0,0,0,0,0
83,-2,6,2,0.761,0,0,0.000,0,0,0,0,0,0,0,0
83,-3,3,3,0.621,0,0,0.000,0,0,0,0,0,0,0,0
83,2,-2,2,1.071,0,0,0.000,0,0,0,0,0,0,0,0
83,-4,-2,2,1.351,0,0,0.000,0,0,0,0,0,0,0,0
83,2,2,1,0.311,0,0,0.000,0,0,0,0,0,0,0,0
83,-5,1,0,0.193,0,0,0.000,0,0,0,0,0,0,0,0
83,2,-3,2,0.131,0,0,0.000,0,0,0,0,0,0,0,0
83,-4,0,2,0.371,0,0,0.000,0,0,0,0,0,0,0,0
83,-3,4,3,0.581,0,0,0.000,0,0,0,0,0,0,0,0
83,-4,8,1,2.131,0,0,0.000,0,0,0,0,0,0,0,0
83,1,2,2,0.471,0,0,0.000,0,0,0,0,0,0,0,0
83,-6,2,0,0.521,0,0,0.000,0,0,0,0,0,0,0,0
83,-5,-2,0,0.711,0,0,0.000,0,0,0,0,0,0,0,0
83,3,1,1,0.411,0,0,0.000,0,0,0,0,0,0,0,0
83,-6,7,2,0.752,0,0,0.000,0,1,0,1,0,0,0,0
83,2,-4,2,0.541,0,0,0.000,0,0,0,0,0,0,0,0
83,-1,3,3,0.551,0,0,0.000,0,0,0,0,0,0,0,0
83,-1,2,3,2.551,0,0,0.000,0,0,0,0,0,0,0,0
83,-5,8,1,0.982,0,0,0.000,0,0,0,0,0,0,19,19
83,1,4,2,1.181,0,0,0.000,0,0,0,0,0,0,0,0
83,1,0,3,0.241,0,0,0.000,0,0,0,0,0,0,0,0
83,-2,1,3,0.651,0,0,0.000,0,0,0,0,0,0,0,0
83,-5,0,1,0.521,0,0,0.000,0,0,0,0,0,0,0,0
83,2,0,3,1.541,0,0,0.000,0,0,0,0,0,0,0,0
83,2,4,1,0.331,0,0,0.000,0,0,0,0,0,0,0,0
83,-6,3,0,0.531,0,0,0.000,0,0,0,0,0,0,0,0
83,3,0,0,0.181,0,0,0.000,0,0,0,0,0,0,0,0
83,-5,4,2,0.451,0,0,0.000,0,0,0,0,0,0,0,0
83,1,-2,3,29.431,0,0,0.000,0,0,0,0,0,0,0,0
83,-4,-3,0,2.111,0,0,0.000,0,0,0,0,0,0,0,0
83,3,-5,0,1.511,0,0,0.000,0,0,0,0,0,0,0,0
83,0,6,0,1.221,0,0,0.000,0,0,0,0,0,0,0,0
83,2,5,0,1.181,0,0,0.000,0,0,0,0,0,0,0,0
83,-3,7,0,0.861,0,0,0.000,0,0,0,0,0,0,0,0
83,-5,5,3,0.571,0,0,0.000,0,0,0,0,0,0,0,0
83,2,-5,1,3.183,0,0,0.000,0,0,0,0,0,0,0,0
83,4,-3,0,0.431,0,0,0.000,0,0,0,0,0,0,0,0
83,-3,-3,0,0.931,0,0,0.000,0,0,0,0,0,0,0,0
83,-3,-1,3,0.641,0,0,0.000,0,0,0,0,0,0,0,0
83,0,5,3,0.311,0,0,0.000,0,0,0,0,0,0,0,0
83,0,0,3,0.381,0,0,0.000,0,0,0,0,0,0,0,0
83,3,-1,0,0.281,0,0,0.000,0,0,0,0,0,0,0,0
83,-1,-4,0,0.312,0,0,0.000,0,0,0,0,0,0,0,0
83,3,-2,1,0.831,0,0,0.000,0,0,0,0,0,0,0,0
83,1,5,0,2.061,0,0,0.000,0,0,0,0,0,0,0,0
83,-3,-2,2,0.561,0,0,0.000,0,0,0,0,0,0,0,0
83,-1,0,3,0.381,0,0,0.000,0,0,0,0,0,0,0,0
83,-5,-1,1,2.151,0,0,0.000,0,0,0,0,0,0,0,0
83,0,-1,3,2.011,0,0,0.000,0,0,0,0,0,0,0,0
83,-2,7,0,0.821,0,0,0.000,0,0,0,0,0,0,0,0
83,-6,4,1,0.981,0,0,0.000,0,0,0,0,0,0,0,0
83,-4,4,3,0.941,0,0,0.000,0,0,0,0,0,0,0,0
83,1,1,3,0.191,0,0,0.000,0,0,0,0,0,0,0,0
83,3,-4,0,1.771,0,0,0.000,0,0,0,0,0,0,0,0
83,-4,-1,3,0.481,0,0,0.000,0,0,0,0,0,0,0,0
83,-1,4,3,0.881,0,0,0.000,0,0,0,0,0,0,0,0
83,1,3,3,0.771,0,0,0.000,0,0,0,0,0,0,0,0
83,2,3,0,0.821,0,0,0.000,0,0,0,0,0,0,0,0
83,-2,-2,3,0.711,0,0,0.000,0,0,0,0,0,0,0,0
83,3,-3,0,0.581,0,0,0.000,0,0,0,0,0,0,0,0
83,-4,7,2,0.831,0,0,0.000,0,0,0,0,0,0,0,0
83,-1,-3,2,0.191,0,0,0.000,0,0,0,0,0,0,0,0
83,-5,7,2,1.321,0,0,0.000,0,0,0,0,0,0,0,0
83,-1,6,1,1.561,0,0,0.000,0,0,0,0,0,0,0,0
83,-3,5,3,8.941,0,0,0.000,0,0,0,0,0,0,0,0
83,-7,8,0,0.692,1,0,0.772,1,0,0,0,0,1,202,202
83,-3,6,3,0.371,0,0,0.000,0,0,0,0,0,0,0,0
83,-5,6,3,0.411,0,0,0.000,0,0,0,0,0,0,0,0
83,-4,2,3,0.211,0,0,0.000,0,0,0,0,0,0,0,0
83,-3,1,3,0.181,0,0,0.000,0,0,0,0,0,0,0,0
83,-6,5,0,0.402,0,0,0.000,0,0,0,0,0,0,0,0
83,1,-1,3,0.181,0,0,0.000,0,0,0,0,0,0,0,0
83,-4,1,3,0.191,0,0,0.000,0,0,0,0,0,0,0,0
83,-5,2,2,0.771,0,0,0.000,0,0,0,0,0,0,0,0
83,-2,-3,0,0.691,0,0,0.000,0,0,0,0,0,0,0,0
83,1,-5,0,0.231,0,0,0.000,0,0,0,0,0,0,0,0
83,-7,7,0,18.351,0,0,0.000,0,0,0,0,0,0,13,13
83,2,1,2,1.431,0,0,0.000,0,0,0,0,0,0,0,0
84,1,-4,2,0.771,0,0,0.000,0,0,0,0,0,0,0,0
84,-3,0,3,0.571,0,0,0.000,0,0,0,0,0,0,0,0
84,-2,2,3,0.311,0,0,0.000,0,0,0,0,0,0,0,0
84,-1,-1,3,0.151,0,0,0.000,0,0,0,0,0,0,0,0
84,0,1,3,0.111,0,0,0.000,0,0,0,0,0,0,0,0
84,-5,3,2,0.221,0,0,0.000,0,0,0,0,0,0,0,0
84,-1,1,3,1.011,0,0,0.000,0,0,0,0,0,0,0,0
84,-2,-1,3,0.181,0,0,0.000,0,0,0,0,0,0,0,0
84,0,4,3,0.471,0,0,0.000,0,0,0,0,0,0,0,0
84,3,-6,0,1.181,0,0,0.000,0,0,0,0,0,0,0,0
84,-2,4,3,0.681,0,0,0.000,0,0,0,0,0,0,0,0
84,-2,0,3,1.091,0,0,0.000,0,0,0,0,0,0,0,0
84,0,2,3,0.381,0,0,0.000,0,0,0,0,0,0,0,0
84,-4,3,3,0.341,0,0,0.000,0,0,0,0,0,0,0,0
84,-5,9,0,1.151,1,0,1.251,1,0,0,0,0,1,63,63
84,-7,6,1,1.341,0,0,0.000,0,0,0,0,0,0,0,0
84,-3,2,3,1.271,0,0,0.000,0,0,0,0,0,0,0,0
84,2,-1,2,1.491,0,0,0.000,0,0,0,0,0,0,0,0
84,0,-4,1,30.000,0,0,0.000,0,0,0,0,0,0,0,0
84,-2,5,3,0.471,0,0,0.000,0,0,0,0,0,0,0,0
84,-4,6,3,0.951,0,0,0.000,0,0,0,0,0,0,0,0
84,-1,5,2,0.411,0,0,0.000,0,0,0,0,0,0,0,0
84,0,-3,2,0.731,0,0,0.000,0,0,0,0,0,0,0,0
84,-6,8,0,0.991,0,0,0.000,0,0,0,0,0,0,16,16
84,-1,-2,3,1.131,0,0,0.000,0,0,0,0,0,0,0,0
84,-2,3,3,0.941,0,0,0.000,0,0,0,0,0,0,0,0
84,-4,5,3,0.484,0,0,0.000,0,0,0,0,0,0,0,0
84,1,-3,3,5.501,0,0,0.000,0,0,0,0,0,0,0,0
84,0,-2,3,0.981,0,0,0.000,0,0,0,0,0,0,0,0
84,0,3,3,0.341,0,0,0.000,0,0,0,0,0,0,0,0
84,-6,6,2,1.353,0,0,0.000,0,0,0,0,0,0,0,0
84,-2,6,2,1.421,0,0,0.000,0,0,0,0,0,0,0,0
84,-3,3,3,0.201,0,0,0.000,0,0,0,0,0,0,0,0
84,2,-2,2,0.991,0,0,0.000,0,0,0,0,0,0,0,0
84,-4,-2,2,0.141,0,0,0.000,0,0,0,0,0,0,0,0
84,2,2,1,0.311,0,0,0.000,0,0,0,0,0,0,0,0
84,-5,1,0,0.961,0,0,0.000,0,0,0,0,0,0,0,0
84,2,-3,2,0.241,0,0,0.000,0,0,0,0,0,0,0,0
84,-4,0,2,0.601,0,0,0.000,0,0,0,0,0,0,0,0
84,-3,4,3,0.361,0,0,0.000,0,0,0,0,0,0,0,0
84,-4,8,1,2.371,0,0,0.000,0,0,0,0,0,0,0,0
84,1,2,2,0.301,0,0,0.000,0,0,0,0,0,0,0,0
84,-6,2,0,0.651,0,0,0.000,0,0,0,0,0,0,0,0
84,-5,-2,0,0.562,0,0,0.000,0,0,0,0,0,0,0,0
84,3,1,1,0.291,0,0,0.000,0,0,0,0,0,0,0,0
84,-6,7,2,1.984,0,0,0.000,0,0,0,0,0,0,0,0
84,2,-4,2,1.421,0,0,0.000,0,0,0,0,0,0,0,0
84,-1,3,3,0.671,0,0,0.000,0,0,0,0,0,0,0,0
84,-1,2,3,0.151,0,0,0.000,0,0,0,0,0,0,0,0
84,-5,8,1,8.502,0,0,0.000,0,1,0,1,0,0,20,20
84,1,4,2,0.161,0,0,0.000,0,0,0,0,0,0,0,0
84,1,0,3,0.161,0,0,0.000,0,0,0,0,0,0,0,0
84,-2,1,3,1.881,0,0,0.000,0,0,0,0,0,0,0,0
84,-5,0,1,0.831,0,0,0.000,0,0,0,0,0,0,0,0
84,2,0,3,2.161,0,0,0.000,0,0,0,0,0,0,0,0
84,2,4,1,0.501,0,0,0.000,0,0,0,0,0,0,0,0
84,-6,3,0,0.751,0,0,0.000,0,0,0,0,0,0,0,0
84,3,0,0,0.561,0,0,0.000,0,0,0,0,0,0,0,0
84,-5,4,2,0.681,0,0,0.000,0,0,0,0,0,0,0,0
84,1,-2,3,0.681,0,0,0.000,0,0,0,0,0,0,0,0
84,-4,-3,0,0.671,0,0,0.000,0,0,0,0,0,0,0,0
84,3,-5,0,0.341,0,0,0.000,0,0,0,0,0,0,0,0
84,0,6,0,1.401,0,0,0.000,0,0,0,0,0,0,0,0
84,2,5,0,1.251,0,0,0.000,0,0,0,0,0,0,0,0
84,-3,7,0,0.861,0,0,0.000,0,0,0,0,0,0,0,0
84,-5,5,3,0.571,0,0,0.000,0,0,0,0,0,0,0,0
84,2,-5,1,0.461,0,0,0.000,0,0,0,0,0,0,0,0
84,4,-3,0,0.571,0,0,0.000,0,0,0,0,0,0,0,0
84,-3,-3,0,0.211,0,0,0.000,0,0,0,0,0,0,0,0
84,-3,-1,3,0.401,0,0,0.000,0,0,0,0,0,0,0,0
84,0,5,3,0.151,0,0,0.000,0,0,0,0,0,0,0,0
84,0,0,3,0.711,0,0,0.000,0,0,0,0,0,0,0,0
84,3,-1,0,0.591,0,0,0.000,0,0,0,0,0,0,0,0
84,-1,-4,0,0.721,0,0,0.000,0,0,0,0,0,0,0,0
84,3,-2,1,0.201,0,0,0.000,0,0,0,0,0,0,0,0
84,1,5,0,1.421,0,0,0.000,0,0,0,0,0,0,0,0
84,-3,-2,2,0.561,0,0,0.000,0,0,0,0,0,0,0,0
84,-1,0,3,0.381,0,0,0.000,0,0,0,0,0,0,0,0
84,-5,-1,1,0.651,0,0,0.000,0,0,0,0,0,0,0,0
84,0,-1,3,0.811,0,0,0.000,0,0,0,0,0,0,0,0
84,-2,7,0,1.321,0,0,0.000,0,0,0,0,0,0,0,0
84,-6,4,1,1.211,0,0,0.000,0,0,0,0,0,0,0,0
84,-4,4,3,0.371,0,0,0.000,0,0,0,0,0,0,0,0
84,1,1,3,0.351,0,0,0.000,0,0,0,0,0,0,0,0
84,3,-4,0,0.471,0,0,0.000,0,0,0,0,0,0,0,0
84,-4,-1,3,1.591,0,0,0.000,0,0,0,0,0,0,0,0
84,-1,4,3,0.541,0,0,0.000,0,0,0,0,0,0,0,0
84,1,3,3,0.291,0,0,0.000,0,0,0,0,0,0,0,0
84,2,3,0,2.801,0,0,0.000,0,0,0,0,0,0,0,0
84,-2,-2,3,0.181,0,0,0.000,0,0,0,0,0,0,0,0
84,3,-3,0,1.231,0,0,0.000,0,0,0,0,0,0,0,0
84,-4,7,2,0.831,0,0,0.000,0,0,0,0,0,0,1,1
84,-1,-3,2,0.391,0,0,0.000,0,0,0,0,0,0,0,0
84,-5,7,2,3.481,0,0,0.000,0,0,0,0,0,0,0,0
84,-1,6,1,1.361,0,0,0.000,0,0,0,0,0,0,0,0
84,-3,5,3,30.000,0,0,0.000,0,0,0,0,0,0,0,0
84,-7,8,0,0.692,0,0,0.000,0,0,0,0,0,0,215,215
84,-3,6,3,0.561,0,0,0.000,0,0,0,0,0,0,0,0
84,-5,6,3,0.711,0,0,0.000,0,0,0,0,0,0,0,0
84,-4,2,3,0.101,0,0,0.000,0,0,0,0,0,0,0,0
84,-3,1,3,1.031,0,0,0.000,0,0,0,0,0,0,0,0
84,-6,5,0,0.651,0,0,0.000,0,0,0,0,0,0,0,0
84,1,-1,3,0.561,0,0,0.000,0,0,0,0,0,0,0,0
84,-4,1,3,0.191,0,0,0.000,0,0,0,0,0,0,0,0
84,-5,2,2,0.771,0,0,0.000,0,0,0,0,0,0,0,0
84,-2,-3,0,0.331,0,0,0.000,0,0,0,0,0,0,0,0
84,1,-5,0,0.111,0,0,0.000,0,0,0,0,0,0,0,0
84,-7,7,0,0.891,0,0,0.000,0,0,0,0,0,0,16,16
84,2,1,2,0.171,0,0,0.000,0,0,0,0,0,0,0,0
85,1,-4,2,0.511,0,0,0.000,0,0,0,0,0,0,0,0
85,-3,0,3,1.231,0,0,0.000,0,0,0,0,0,0,0,0
85,-2,2,3,1.001,0,0,0.000,0,0,0,0,0,0,0,0
85,-1,-1,3,0.611,0,0,0.000,0,0,0,0,0,0,0,0
85,0,1,3,0.111,0,0,0.000,0,0,0,0,0,0,0,0
85,-5,3,2,2.981,0,0,0.000,0,0,0,0,0,0,0,0
85,-1,1,3,0.591,0,0,0.000,0,0,0,0,0,0,0,0
85,-2,-1,3,0.181,0,0,0.000,0,0,0,0,0,0,0,0
85,0,4,3,0.951,0,0,0.000,0,0,0,0,0,0,0,0
85,3,-6,0,1.721,0,0,0.000,0,0,0,0,0,0,0,0
85,-2,4,3,1.111,0,0,0.000,0,0,0,0,0,0,0,0
85,-2,0,3,0.651,0,0,0.000,0,0,0,0,0,0,0,0
85,0,2,3,0.581,0,0,0.000,0,0,0,0,0,0,0,0
85,-4,3,3,0.341,0,0,0.000,0,0,0,0,0,0,0,0
85,-5,9,0,1.032,1,0,1.132,1,0,0,0,0,1,53,53
85,-7,6,1,1.122,0,0,0.000,0,0,0,0,0,0,0,0
85,-3,2,3,0.501,0,0,0.000,0,0,0,0,0,0,0,0
85,2,-1,2,0.891,0,0,0.000,0,0,0,0,0,0,0,0
85,0,-4,1,0.591,0,0,0.000,0,0,0,0,0,0,0,0
85,-2,5,3,0.151,0,0,0.000,0,0,0,0,0,0,0,0
85,-4,6,3,1.431,0,0,0.000,0,0,0,0,0,0,0,0
85,-1,5,2,0.411,0,0,0.000,0,0,0,0,0,0,0,0
85,0,-3,2,0.331,0,0,0.000,0,0,0,0,0,0,0,0
85,-6,8,0,4.604,0,0,0.000,0,0,0,0,0,0,12,12
85,-1,-2,3,1.591,0,0,0.000,0,0,0,0,0,0,0,0
85,-2,3,3,0.371,0,0,0.000,0,0,0,0,0,0,0,0
85,-4,5,3,0.481,0,0,0.000,0,0,0,0,0,0,0,0
85,1,-3,3,0.621,0,0,0.000,0,0,0,0,0,0,0,0
85,0,-2,3,0.231,0,0,0.000,0,0,0,0,0,0,0,0
85,0,3,3,0.411,0,0,0.000,0,0,0,0,0,0,0,0
85,-6,6,2,0.601,0,0,0.000,0,0,0,0,0,0,0,0
85,-2,6,2,0.501,0,0,0.000,0,0,0,0,0,0,0,0
85,-3,3,3,1.461,0,0,0.000,0,0,0,0,0,0,0,0
85,2,-2,2,0.511,0,0,0.000,0,0,0,0,0,0,0,0
85,-4,-2,2,0.291,0,0,0.000,0,0,0,0,0,0,0,0
85,2,2,1,0.151,0,0,0.000,0,0,0,0,0,0,0,0
85,-5,1,0,0.561,0,0,0.000,0,0,0,0,0,0,0,0
85,2,-3,2,1.361,0,0,0.000,0,0,0,0,0,0,0,0
85,-4,0,2,0.221,0,0,0.000,0,0,0,0,0,0,0,0
85,-3,4,3,1.681,0,0,0.000,0,0,0,0,0,0,0,0
85,-4,8,1,2.611,0,0,0.000,0,0,0,0,0,0,0,0
85,1,2,2,0.251,0,0,0.000,0,0,0,0,0,0,0,0
85,-6,2,0,0.651,0,0,0.000,0,0,0,0,0,0,0,0
85,-5,-2,0,0.471,0,0,0.000,0,0,0,0,0,0,0,0
85,3,1,1,0.231,0,0,0.000,0,0,0,0,0,0,0,0
85,-6,7,2,0.752,0,0,0.000,0,1,0,2,0,0,2,2
85,2,-4,2,1.421,0,0,0.000,0,0,0,0,0,0,0,0
85,-1,3,3,1.031,0,0,0.000,0,0,0,0,0,0,0,0
85,-1,2,3,0.151,0,0,0.000,0,0,0,0,0,0,0,0
85,-5,8,1,0.812,0,0,0.000,0,1,0,1,0,0,16,16
85,1,4,2,25.491,0,0,0.000,0,0,0,0,0,0,0,0
85,1,0,3,0.291,0,0,0.000,0,0,0,0,0,0,0,0
85,-2,1,3,0.521,0,0,0.000,0,0,0,0,0,0,0,0
85,-5,0,1,2.301,0,0,0.000,0,0,0,0,0,0,0,0
85,2,0,3,0.921,0,0,0.000,0,0,0,0,0,0,0,0
85,2,4,1,0.441,0,0,0.000,0,0,0,0,0,0,0,0
85,-6,3,0,2.171,0,0,0.000,0,0,0,0,0,0,0,0
85,3,0,0,0.561,0,0,0.000,0,0,0,0,0,0,0,0
85,-5,4,2,0.451,0,0,0.000,0,0,0,0,0,0,0,0
85,1,-2,3,1.141,0,0,0.000,0,0,0,0,0,0,0,0
85,-4,-3,0,0.671,0,0,0.000,0,0,0,0,0,0,0,0
85,3,-5,0,1.421,0,0,0.000,0,0,0,0,0,0,0,0
85,0,6,0,1.401,0,0,0.000,0,0,0,0,0,0,0,0
85,2,5,0,0.761,0,0,0.000,0,0,0,0,0,0,0,0
85,-3,7,0,0.652,0,0,0.000,0,0,0,0,0,0,0,0
85,-5,5,3,1.571,0,0,0.000,0,0,0,0,0,0,0,0
85,2,-5,1,0.291,0,0,0.000,0,0,0,0,0,0,0,0
85,4,-3,0,0.223,0,0,0.000,0,0,0,0,0,0,0,0
85,-3,-3,0,1.171,0,0,0.000,0,0,0,0,0,0,0,0
85,-3,-1,3,0.141,0,0,0.000,0,0,0,0,0,0,0,0
85,0,5,3,1.111,0,0,0.000,0,0,0,0,0,0,0,0
85,0,0,3,0.251,0,0,0.000,0,0,0,0,0,0,0,0
85,3,-1,0,5.231,0,0,0.000,0,0,0,0,0,0,0,0
85,-1,-4,0,0.401,0,0,0.000,0,0,0,0,0,0,0,0
85,3,-2,1,0.831,0,0,0.000,0,0,0,0,0,0,0,0
85,1,5,0,0.352,0,0,0.000,0,0,0,0,0,0,0,0
85,-3,-2,2,0.371,0,0,0.000,0,0,0,0,0,0,0,0
85,-1,0,3,0.601,0,0,0.000,0,0,0,0,0,0,0,0
85,-5,-1,1,0.751,0,0,0.000,0,0,0,0,0,0,0,0
85,0,-1,3,0.371,0,0,0.000,0,0,0,0,0,0,0,0
85,-2,7,0,1.741,0,0,0.000,0,0,0,0,0,0,0,0
85,-6,4,1,0.414,0,0,0.000,0,0,0,0,0,0,0,0
85,-4,4,3,0.751,0,0,0.000,0,0,0,0,0,0,0,0
85,1,1,3,0.191,0,0,0.000,0,0,0,0,0,0,0,0
85,3,-4,0,0.501,0,0,0.000,0,0,0,0,0,0,0,0
85,-4,-1,3,0.591,0,0,0.000,0,0,0,0,0,0,0,0
85,-1,4,3,0.181,0,0,0.000,0,0,0,0,0,0,0,0
85,1,3,3,0.151,0,0,0.000,0,0,0,0,0,0,0,0
85,2,3,0,0.301,0,0,0.000,0,0,0,0,0,0,0,0
85,-2,-2,3,0.181,0,0,0.000,0,0,0,0,0,0,0,0
85,3,-3,0,0.611,0,0,0.000,0,0,0,0,0,0,0,0
85,-4,7,2,0.891,0,0,0.000,0,0,0,0,0,0,0,0
85,-1,-3,2,0.391,0,0,0.000,0,0,0,0,0,0,0,0
85,-5,7,2,3.751,0,0,0.000,0,0,0,0,0,0,0,0
85,-1,6,1,0.561,0,0,0.000,0,0,0,0,0,0,0,0
85,-3,5,3,0.191,0,0,0.000,0,0,0,0,0,0,0,0
85,-7,8,0,1.251,2,0,1.351,1,0,0,0,0,2,197,197
85,-3,6,3,0.371,0,0,0.000,0,0,0,0,0,0,0,0
85,-5,6,3,0.711,0,0,0.000,0,0,0,0,0,0,0,0
85,-4,2,3,0.211,0,0,0.000,0,0,0,0,0,0,0,0
85,-3,1,3,0.841,0,0,0.000,0,0,0,0,0,0,0,0
85,-6,5,0,0.273,0,0,0.000,0,0,0,0,0,0,0,0
85,1,-1,3,0.371,0,0,0.000,0,0,0,0,0,0,0,0
85,-4,1,3,0.391,0,0,0.000,0,0,0,0,0,0,0,0
85,-5,2,2,2.331,0,0,0.000,0,0,0,0,0,0,0,0
85,-2,-3,0,0.172,0,0,0.000,0,0,0,0,0,0,0,0
85,1,-5,0,0.231,0,0,0.000,0,0,0,0,0,0,0,0
85,-7,7,0,1.251,0,0,0.000,0,0,0,0,0,0,11,11
85,2,1,2,0.351,0,0,0.000,0,0,0,0,0,0,0,0
86,1,-4,2,0.511,0,0,0.000,0,0,0,0,0,0,0,0
86,-3,0,3,1.291,0,0,0.000,0,0,0,0,0,0,0,0
86,-2,2,3,1.231,0,0,0.000,0,0,0,0,0,0,0,0
86,-1,-1,3,0.221,0,0,0.000,0,0,0,0,0,0,0,0
86,0,1,3,0.821,0,0,0.000,0,0,0,0,0,0,0,0
86,-5,3,2,0.451,0,0,0.000,0,0,0,0,0,0,0,0
86,-1,1,3,0.201,0,0,0.000,0,0,0,0,0,0,0,0
86,-2,-1,3,0.361,0,0,0.000,0,0,0,0,0,0,0,0
86,0,4,3,0.951,0,0,0.000,0,0,0,0,0,0,0,0
86,3,-6,0,0.941,0,0,0.000,0,0,0,0,0,0,0,0
86,-2,4,3,1.341,0,0,0.000,0,0,0,0,0,0,0,0
86,-2,0,3,0.651,0,0,0.000,0,0,0,0,0,0,0,0
86,0,2,3,0.381,0,0,0.000,0,0,0,0,0,0,0,0
86,-4,3,3,0.531,0,0,0.000,0,0,0,0,0,0,0,0
86,-5,9,0,0.851,1,0,0.971,1,0,0,0,0,1,74,74
86,-7,6,1,0.982,0,0,0.000,0,0,0,0,0,0,1,1
86,-3,2,3,0.331,0,0,0.000,0,0,0,0,0,0,0,0
86,2,-1,2,0.591,0,0,0.000,0,0,0,0,0,0,0,0
86,0,-4,1,0.381,0,0,0.000,0,0,0,0,0,0,0,0
86,-2,5,3,1.221,0,0,0.000,0,0,0,0,0,0,0,0
86,-4,6,3,2.241,0,0,0.000,0,0,0,0,0,0,0,0
86,-1,5,2,0.411,0,0,0.000,0,0,0,0,0,0,0,0
86,0,-3,2,0.681,0,0,0.000,0,0,0,0,0,0,0,0
86,-6,8,0,0.991,0,0,0.000,0,0,0,0,0,0,14,14
86,-1,-2,3,1.821,0,0,0.000,0,0,0,0,0,0,0,0
86,-2,3,3,0.181,0,0,0.000,0,0,0,0,0,0,0,0
86,-4,5,3,0.431,0,0,0.000,0,0,0,0,0,0,0,0
86,1,-3,3,0.621,0,0,0.000,0,0,0,0,0,0,0,0
86,0,-2,3,0.261,0,0,0.000,0,0,0,0,0,0,0,0
86,0,3,3,0.621,0,0,0.000,0,0,0,0,0,0,0,0
86,-6,6,2,0.601,0,0,0.000,0,0,0,0,0,0,0,0
86,-2,6,2,1.021,0,0,0.000,0,0,0,0,0,0,0,0
86,-3,3,3,0.201,0,0,0.000,0,0,0,0,0,0,0,0
86,2,-2,2,0.331,0,0,0.000,0,0,0,0,0,0,0,0
86,-4,-2,2,0.271,0,0,0.000,0,0,0,0,0,0,0,0
86,2,2,1,0.791,0,0,0.000,0,0,0,0,0,0,0,0
86,-5,1,0,0.561,0,0,0.000,0,0,0,0,0,0,0,0
86,2,-3,2,0.661,0,0,0.000,0,0,0,0,0,0,0,0
86,-4,0,2,0.221,0,0,0.000,0,0,0,0,0,0,0,0
86,-3,4,3,3.391,0,0,0.000,0,0,0,0,0,0,0,0
86,-4,8,1,2.851,0,0,0.000,0,0,0,0,0,0,0,0
86,1,2,2,1.341,0,0,0.000,0,0,0,0,0,0,0,0
86,-6,2,0,1.151,0,0,0.000,0,0,0,0,0,0,0,0
86,-5,-2,0,1.111,0,0,0.000,0,0,0,0,0,0,0,0
86,3,1,1,1.011,0,0,0.000,0,0,0,0,0,0,0,0
86,-6,7,2,1.331,0,0,0.000,0,1,0,2,0,0,0,0
86,2,-4,2,1.691,0,0,0.000,0,0,0,0,0,0,0,0
86,-1,3,3,0.311,0,0,0.000,0,0,0,0,0,0,0,0
86,-1,2,3,3.511,0,0,0.000,0,0,0,0,0,0,0,0
86,-5,8,1,1.591,0,0,0.000,0,1,0,1,0,0,15,15
86,1,4,2,0.501,0,0,0.000,0,0,0,0,0,0,0,0
86,1,0,3,0.161,0,0,0.000,0,0,0,0,0,0,0,0
86,-2,1,3,1.631,0,0,0.000,0,0,0,0,0,0,0,0
86,-5,0,1,2.211,0,0,0.000,0,0,0,0,0,0,0,0
86,2,0,3,1.851,0,0,0.000,0,0,0,0,0,0,0,0
86,2,4,1,0.441,0,0,0.000,0,0,0,0,0,0,0,0
86,-6,3,0,0.501,0,0,0.000,0,0,0,0,0,0,0,0
86,3,0,0,0.771,0,0,0.000,0,0,0,0,0,0,0,0
86,-5,4,2,0.911,0,0,0.000,0,0,0,0,0,0,0,0
86,1,-2,3,0.221,0,0,0.000,0,0,0,0,0,0,0,0
86,-4,-3,0,1.461,0,0,0.000,0,0,0,0,0,0,0,0
86,3,-5,0,0.341,0,0,0.000,0,0,0,0,0,0,0,0
86,0,6,0,1.561,0,0,0.000,0,0,0,0,0,0,0,0
86,2,5,0,4.541,0,0,0.000,0,0,0,0,0,0,0,0
86,-3,7,0,0.652,0,0,0.000,0,0,0,0,0,0,0,0
86,-5,5,3,0.771,0,0,0.000,0,0,0,0,0,0,0,0
86,2,-5,1,0.461,0,0,0.000,0,0,0,0,0,0,0,0
86,4,-3,0,0.661,0,0,0.000,0,0,0,0,0,0,0,0
86,-3,-3,0,0.811,0,0,0.000,0,0,0,0,0,0,0,0
86,-3,-1,3,0.111,0,0,0.000,0,0,0,0,0,0,0,0
86,0,5,3,0.311,0,0,0.000,0,0,0,0,0,0,0,0
86,0,0,3,2.071,0,0,0.000,0,0,0,0,0,0,0,0
86,3,-1,0,0.281,0,0,0.000,0,0,0,0,0,0,0,0
86,-1,-4,0,0.301,0,0,0.000,0,0,0,0,0,0,0,0
86,3,-2,1,1.471,0,0,0.000,0,0,0,0,0,0,0,0
86,1,5,0,0.352,0,0,0.000,0,0,0,0,0,0,0,0
86,-3,-2,2,0.371,0,0,0.000,0,0,0,0,0,0,0,0
86,-1,0,3,1.701,0,0,0.000,0,0,0,0,0,0,0,0
86,-5,-1,1,1.181,0,0,0.000,0,0,0,0,0,0,0,0
86,0,-1,3,0.611,0,0,0.000,0,0,0,0,0,0,0,0
86,-2,7,0,2.081,0,0,0.000,0,0,0,0,0,0,0,0
86,-6,4,1,1.321,0,0,0.000,0,0,0,0,0,0,0,0
86,-4,4,3,0.371,0,0,0.000,0,0,0,0,0,0,0,0
86,1,1,3,0.391,0,0,0.000,0,0,0,0,0,0,0,0
86,3,-4,0,0.471,0,0,0.000,0,0,0,0,0,0,0,0
86,-4,-1,3,0.341,0,0,0.000,0,0,0,0,0,0,0,0
86,-1,4,3,0.181,0,0,0.000,0,0,0,0,0,0,0,0
86,1,3,3,0.151,0,0,0.000,0,0,0,0,0,0,0,0
86,2,3,0,0.431,0,0,0.000,0,0,0,0,0,0,0,0
86,-2,-2,3,1.421,0,0,0.000,0,0,0,0,0,0,0,0
86,3,-3,0,0.341,0,0,0.000,0,0,0,0,0,0,0,0
86,-4,7,2,0.831,0,0,0.000,0,0,0,0,0,0,0,0
86,-1,-3,2,1.201,0,0,0.000,0,0,0,0,0,0,0,0
86,-5,7,2,1.321,0,0,0.000,0,0,0,0,0,0,0,0
86,-1,6,1,0.582,0,0,0.000,0,0,0,0,0,0,0,0
86,-3,5,3,0.133,0,0,0.000,0,0,0,0,0,0,0,0
86,-7,8,0,1.251,2,0,1.351,1,0,0,0,0,2,191,191
86,-3,6,3,0.561,0,0,0.000,0,0,0,0,0,0,0,0
86,-5,6,3,0.722,0,0,0.000,0,0,0,0,0,0,0,0
86,-4,2,3,0.321,0,0,0.000,0,0,0,0,0,0,0,0
86,-3,1,3,0.711,0,0,0.000,0,0,0,0,0,0,0,0
86,-6,5,0,0.541,0,0,0.000,0,0,0,0,0,0,0,0
86,1,-1,3,0.561,0,0,0.000,0,0,0,0,0,0,0,0
86,-4,1,3,0.251,0,0,0.000,0,0,0,0,0,0,0,0
86,-5,2,2,0.531,0,0,0.000,0,0,0,0,0,0,0,0
86,-2,-3,0,0.511,0,0,0.000,0,0,0,0,0,0,0,0
86,1,-5,0,0.351,0,0,0.000,0,0,0,0,0,0,0,0
86,-7,7,0,0.891,0,0,0.000,0,0,0,0,0,0,12,12
86,2,1,2,0.891,0,0,0.000,0,0,0,0,0,0,0,0
87,1,-4,2,1.071,0,0,0.000,0,0,0,0,0,0,0,0
87,-3,0,3,0.211,0,0,0.000,0,0,0,0,0,0,0,0
87,-2,2,3,0.841,0,0,0.000,0,0,0,0,0,0,0,0
87,-1,-1,3,0.221,0,0,0.000,0,0,0,0,0,0,0,0
87,0,1,3,0.111,0,0,0.000,0,0,0,0,0,0,0,0
87,-5,3,2,0.451,0,0,0.000,0,0,0,0,0,0,0,0
87,-1,1,3,1.221,0,0,0.000,0,0,0,0,0,0,0,0
87,-2,-1,3,0.261,0,0,0.000,0,0,0,0,0,0,0,0
87,0,4,3,1.191,0,0,0.000,0,0,0,0,0,0,0,0
87,3,-6,0,2.381,0,0,0.000,0,0,0,0,0,0,0,0
87,-2,4,3,0.222,0,0,0.000,0,0,0,0,0,0,0,0
87,-2,0,3,0.211,0,0,0.000,0,0,0,0,0,0,0,0
87,0,2,3,4.251,0,0,0.000,0,0,0,0,0,0,0,0
87,-4,3,3,0.341,0,0,0.000,0,0,0,0,0,0,0,0
87,-5,9,0,1.331,1,0,1.431,1,0,0,0,0,1,68,68
87,-7,6,1,1.091,0,0,0.000,0,0,0,0,0,0,0,0
87,-3,2,3,0.161,0,0,0.000,0,0,0,0,0,0,0,0
87,2,-1,2,1.281,0,0,0.000,0,0,0,0,0,0,0,0
87,0,-4,1,0.801,0,0,0.000,0,0,0,0,0,0,0,0
87,-2,5,3,0.641,0,0,0.000,0,0,0,0,0,0,0,0
87,-4,6,3,0.732,0,0,0.000,0,0,0,0,0,0,0,0
87,-1,5,2,0.621,0,0,0.000,0,0,0,0,0,0,0,0
87,0,-3,2,0.161,0,0,0.000,0,0,0,0,0,0,0,0
87,-6,8,0,2.191,0,0,0.000,0,0,0,0,0,0,15,15
87,-1,-2,3,0.441,0,0,0.000,0,0,0,0,0,0,0,0
87,-2,3,3,0.371,0,0,0.000,0,0,0,0,0,0,0,0
87,-4,5,3,0.211,0,0,0.000,0,0,0,0,0,0,0,0
87,1,-3,3,0.881,0,0,0.000,0,0,0,0,0,0,0,0
87,0,-2,3,0.681,0,0,0.000,0,0,0,0,0,0,0,0
87,0,3,3,0.491,0,0,0.000,0,0,0,0,0,0,0,0
87,-6,6,2,0.601,0,0,0.000,0,0,0,0,0,0,0,0
87,-2,6,2,0.661,0,0,0.000,0,0,0,0,0,0,0,0
87,-3,3,3,2.571,0,0,0.000,0,0,0,0,0,0,0,0
87,2,-2,2,0.271,0,0,0.000,0,0,0,0,0,0,0,0
87,-4,-2,2,0.721,0,0,0.000,0,0,0,0,0,0,0,0
87,2,2,1,1.091,0,0,0.000,0,0,0,0,0,0,0,0
87,-5,1,0,0.361,0,0,0.000,0,0,0,0,0,0,0,0
87,2,-3,2,0.241,0,0,0.000,0,0,0,0,0,0,0,0
87,-4,0,2,0.371,0,0,0.000,0,0,0,0,0,0,0,0
87,-3,4,3,0.361,0,0,0.000,0,0,0,0,0,0,0,0
87,-4,8,1,1.171,0,0,0.000,0,0,0,0,0,0,0,0
87,1,2,2,0.301,0,0,0.000,0,0,0,0,0,0,0,0
87,-6,2,0,1.091,0,0,0.000,0,0,0,0,0,0,0,0
87,-5,-2,0,0.631,0,0,0.000,0,0,0,0,0,0,0,0
87,3,1,1,0.921,0,0,0.000,0,0,0,0,0,0,0,0
87,-6,7,2,0.752,0,0,0.000,0,1,0,1,0,0,0,0
87,2,-4,2,0.212,0,0,0.000,0,0,0,0,0,0,0,0
87,-1,3,3,0.311,0,0,0.000,0,0,0,0,0,0,0,0
87,-1,2,3,0.311,0,0,0.000,0,0,0,0,0,0,0,0
87,-5,8,1,1.492,0,0,0.000,0,1,0,1,0,0,16,16
87,1,4,2,0.161,0,0,0.000,0,0,0,0,0,0,0,0
87,1,0,3,0.241,0,0,0.000,0,0,0,0,0,0,0,0
87,-2,1,3,0.631,0,0,0.000,0,0,0,0,0,0,0,0
87,-5,0,1,0.271,0,0,0.000,0,0,0,0,0,0,0,0
87,2,0,3,2.161,0,0,0.000,0,0,0,0,0,0,0,0
87,2,4,1,1.971,0,0,0.000,0,0,0,0,0,0,0,0
87,-6,3,0,0.432,0,0,0.000,0,0,0,0,0,0,0,0
87,3,0,0,0.371,0,0,0.000,0,0,0,0,0,0,0,0
87,-5,4,2,5.051,0,0,0.000,0,0,0,0,0,0,0,0
87,1,-2,3,0.681,0,0,0.000,0,0,0,0,0,0,0,0
87,-4,-3,0,0.471,0,0,0.000,0,0,0,0,0,0,0,0
87,3,-5,0,1.151,0,0,0.000,0,0,0,0,0,0,0,0
87,0,6,0,2.291,0,0,0.000,0,0,0,0,0,0,0,0
87,2,5,0,0.971,0,0,0.000,0,0,0,0,0,0,0,0
87,-3,7,0,2.181,0,0,0.000,0,0,0,0,0,0,0,0
87,-5,5,3,0.571,0,0,0.000,0,0,0,0,0,0,0,0
87,2,-5,1,1.311,0,0,0.000,0,0,0,0,0,0,0,0
87,4,-3,0,0.571,0,0,0.000,0,0,0,0,0,0,0,0
87,-3,-3,0,0.112,0,0,0.000,0,0,0,0,0,0,1,1
87,-3,-1,3,0.111,0,0,0.000,0,0,0,0,0,0,0,0
87,0,5,3,0.631,0,0,0.000,0,0,0,0,0,0,0,0
87,0,0,3,2.531,0,0,0.000,0,0,0,0,0,0,0,0
87,3,-1,0,0.142,0,0,0.000,0,0,0,0,0,0,0,0
87,-1,-4,0,0.152,0,0,0.000,0,0,0,0,0,0,0,0
87,3,-2,1,0.621,0,0,0.000,0,0,0,0,0,0,0,0
87,1,5,0,0.521,0,0,0.000,0,0,0,0,0,0,0,0
87,-3,-2,2,0.181,0,0,0.000,0,0,0,0,0,0,0,0
87,-1,0,3,0.821,0,0,0.000,0,0,0,0,0,0,0,0
87,-5,-1,1,0.971,0,0,0.000,0,0,0,0,0,0,0,0
87,0,-1,3,0.721,0,0,0.000,0,0,0,0,0,0,0,0
87,-2,7,0,0.981,0,0,0.000,0,0,0,0,0,0,0,0
87,-6,4,1,0.861,0,0,0.000,0,0,0,0,0,0,0,0
87,-4,4,3,0.181,0,0,0.000,0,0,0,0,0,0,0,0
87,1,1,3,0.291,0,0,0.000,0,0,0,0,0,0,0,0
87,3,-4,0,4.111,0,0,0.000,0,0,0,0,0,0,0,0
87,-4,-1,3,1.591,0,0,0.000,0,0,0,0,0,0,0,0
87,-1,4,3,0.181,0,0,0.000,0,0,0,0,0,0,0,0
87,1,3,3,0.151,0,0,0.000,0,0,0,0,0,0,0,0
87,2,3,0,0.651,0,0,0.000,0,0,0,0,0,0,0,0
87,-2,-2,3,0.281,0,0,0.000,0,0,0,0,0,0,0,0
87,3,-3,0,0.461,0,0,0.000,0,0,0,0,0,0,0,0
87,-4,7,2,0.891,0,0,0.000,0,0,0,0,0,0,0,0
87,-1,-3,2,7.601,0,0,0.000,0,0,0,0,0,0,0,0
87,-5,7,2,1.051,0,0,0.000,0,0,0,0,0,0,0,0
87,-1,6,1,1.361,0,0,0.000,0,0,0,0,0,0,0,0
87,-3,5,3,0.892,0,0,0.000,0,0,0,0,0,0,0,0
87,-7,8,0,0.692,1,0,0.772,1,0,0,0,0,1,203,203
87,-3,6,3,1.891,0,0,0.000,0,0,0,0,0,0,0,0
87,-5,6,3,0.831,0,0,0.000,0,0,0,0,0,0,0,0
87,-4,2,3,2.081,0,0,0.000,0,0,0,0,0,0,0,0
87,-3,1,3,0.181,0,0,0.000,0,0,0,0,0,0,0,0
87,-6,5,0,1.351,0,0,0.000,0,0,0,0,0,0,1,1
87,1,-1,3,0.561,0,0,0.000,0,0,0,0,0,0,0,0
87,-4,1,3,0.191,0,0,0.000,0,0,0,0,0,0,0,0
87,-5,2,2,1.131,0,0,0.000,0,0,0,0,0,0,0,0
87,-2,-3,0,0.172,0,0,0.000,0,0,0,0,0,0,0,0
87,1,-5,0,1.551,0,0,0.000,0,0,0,0,0,0,0,0
87,-7,7,0,0.891,0,0,0.000,0,0,0,0,0,0,6,6
87,2,1,2,0.711,0,0,0.000,0,0,0,0,0,0,0,0
88,1,-4,2,0.251,0,0,0.000,0,0,0,0,0,0,0,0
88,-3,0,3,1.511,0,0,0.000,0,0,0,0,0,0,0,0
88,-2,2,3,1.461,0,0,0.000,0,0,0,0,0,0,0,0
88,-1,-1,3,0.151,0,0,0.000,0,0,0,0,0,0,0,0
88,0,1,3,0.111,0,0,0.000,0,0,0,0,0,0,0,0
88,-5,3,2,0.451,0,0,0.000,0,0,0,0,0,0,0,0
88,-1,1,3,0.411,0,0,0.000,0,0,0,0,0,0,0,0
88,-2,-1,3,0.321,0,0,0.000,0,0,0,0,0,0,0,0
88,0,4,3,0.951,0,0,0.000,0,0,0,0,0,0,0,0
88,3,-6,0,1.901,0,0,0.000,0,0,0,0,0,0,0,0
88,-2,4,3,0.222,0,0,0.000,0,0,0,0,0,0,0,0
88,-2,0,3,0.231,0,0,0.000,0,0,0,0,0,0,0,0
88,0,2,3,0.791,0,0,0.000,0,0,0,0,0,0,0,0
88,-4,3,3,0.182,0,0,0.000,0,0,0,0,0,0,0,0
88,-5,9,0,1.001,2,0,1.131,1,0,0,0,0,2,54,54
88,-7,6,1,0.723,0,0,0.000,0,0,0,0,0,0,0,0
88,-3,2,3,0.161,0,0,0.000,0,0,0,0,0,0,0,0
88,2,-1,2,0.591,0,0,0.000,0,0,0,0,0,0,0,0
88,0,-4,1,0.901,0,0,0.000,0,0,0,0,0,0,0,0
88,-2,5,3,0.311,0,0,0.000,0,0,0,0,0,0,0,0
88,-4,6,3,1.761,0,0,0.000,0,0,0,0,0,0,0,0
88,-1,5,2,1.461,0,0,0.000,0,0,0,0,0,0,0,0
88,0,-3,2,0.271,0,0,0.000,0,0,0,0,0,0,0,0
88,-6,8,0,0.991,0,0,0.000,0,0,0,0,0,0,10,10
88,-1,-2,3,0.221,0,0,0.000,0,0,0,0,0,0,0,0
88,-2,3,3,1.131,0,0,0.000,0,0,0,0,0,0,0,0
88,-4,5,3,2.191,0,0,0.000,0,0,0,0,0,0,0,0
88,1,-3,3,1.511,0,0,0.000,0,0,0,0,0,0,0,0
88,0,-2,3,0.381,0,0,0.000,0,0,0,0,0,0,0,0
88,0,3,3,1.391,0,0,0.000,0,0,0,0,0,0,0,0
88,-6,6,2,0.671,0,0,0.000,0,0,0,0,0,0,0,0
88,-2,6,2,0.761,0,0,0.000,0,0,0,0,0,0,0,0
88,-3,3,3,0.201,0,0,0.000,0,0,0,0,0,0,0,0
88,2,-2,2,0.871,0,0,0.000,0,0,0,0,0,0,0,0
88,-4,-2,2,0.571,0,0,0.000,0,0,0,0,0,0,0,0
88,2,2,1,0.411,0,0,0.000,0,0,0,0,0,0,0,0
88,-5,1,0,0.961,0,0,0.000,0,0,0,0,0,0,0,0
88,2,-3,2,0.131,0,0,0.000,0,0,0,0,0,0,0,0
88,-4,0,2,0.221,0,0,0.000,0,0,0,0,0,0,0,0
88,-3,4,3,0.531,0,0,0.000,0,0,0,0,0,0,0,0
88,-4,8,1,1.891,0,0,0.000,0,0,0,0,0,0,0,0
88,1,2,2,1.341,0,0,0.000,0,0,0,0,0,0,0,0
88,-6,2,0,1.751,0,0,0.000,0,0,0,0,0,0,0,0
88,-5,-2,0,0.551,0,0,0.000,0,0,0,0,0,0,0,0
88,3,1,1,0.931,0,0,0.000,0,0,0,0,0,0,0,0
88,-6,7,2,0.752,0,0,0.000,0,1,0,1,0,0,0,0
88,2,-4,2,0.371,0,0,0.000,0,0,0,0,0,0,0,0
88,-1,3,3,0.631,0,0,0.000,0,0,0,0,0,0,0,0
88,-1,2,3,0.631,0,0,0.000,0,0,0,0,0,0,0,0
88,-5,8,1,1.152,0,0,0.000,0,1,0,2,0,0,20,20
88,1,4,2,0.161,0,0,0.000,0,0,0,0,0,0,0,0
88,1,0,3,0.291,0,0,0.000,0,0,0,0,0,0,0,0
88,-2,1,3,1.631,0,0,0.000,0,0,0,0,0,0,0,0
88,-5,0,1,0.801,0,0,0.000,0,0,0,0,0,0,0,0
88,2,0,3,2.471,0,0,0.000,0,0,0,0,0,0,0,0
88,2,4,1,2.313,0,0,0.000,0,0,0,0,0,0,0,0
88,-6,3,0,2.171,0,0,0.000,0,0,0,0,0,0,0,0
88,3,0,0,2.461,0,0,0.000,0,0,0,0,0,0,0,0
88,-5,4,2,0.511,0,0,0.000,0,0,0,0,0,0,0,0
88,1,-2,3,1.601,0,0,0.000,0,0,0,0,0,0,0,0
88,-4,-3,0,1.911,0,0,0.000,0,0,0,0,0,0,0,0
88,3,-5,0,0.881,0,0,0.000,0,0,0,0,0,0,0,0
88,0,6,0,1.331,0,0,0.000,0,0,0,0,0,0,0,0
88,2,5,0,2.021,0,0,0.000,0,0,0,0,0,0,1,1
88,-3,7,0,1.521,0,0,0.000,0,0,0,0,0,0,0,0
88,-5,5,3,2.171,0,0,0.000,0,0,0,0,0,0,0,0
88,2,-5,1,2.331,0,0,0.000,0,0,0,0,0,0,0,0
88,4,-3,0,0.431,0,0,0.000,0,0,0,0,0,0,0,0
88,-3,-3,0,2.371,0,0,0.000,0,0,0,0,0,0,0,0
88,-3,-1,3,0.111,0,0,0.000,0,0,0,0,0,0,0,0
88,0,5,3,0.961,0,0,0.000,0,0,0,0,0,0,0,0
88,0,0,3,1.161,0,0,0.000,0,0,0,0,0,0,0,0
88,3,-1,0,0.281,0,0,0.000,0,0,0,0,0,0,0,0
88,-1,-4,0,0.881,0,0,0.000,0,0,0,0,0,0,0,0
88,3,-2,1,0.841,0,0,0.000,0,0,0,0,0,0,0,0
88,1,5,0,0.351,0,0,0.000,0,0,0,0,0,0,0,0
88,-3,-2,2,0.371,0,0,0.000,0,0,0,0,0,0,0,0
88,-1,0,3,0.381,0,0,0.000,0,0,0,0,0,0,0,0
88,-5,-1,1,2.371,0,0,0.000,0,0,0,0,0,0,0,0
88,0,-1,3,0.811,0,0,0.000,0,0,0,0,0,0,0,0
88,-2,7,0,1.821,0,0,0.000,0,0,0,0,0,0,0,0
88,-6,4,1,0.631,0,0,0.000,0,0,0,0,0,0,0,0
88,-4,4,3,0.561,0,0,0.000,0,0,0,0,0,0,0,0
88,1,1,3,0.551,0,0,0.000,0,0,0,0,0,0,0,0
88,3,-4,0,0.471,0,0,0.000,0,0,0,0,0,0,0,0
88,-4,-1,3,1.731,0,0,0.000,0,0,0,0,0,0,0,0
88,-1,4,3,0.371,0,0,0.000,0,0,0,0,0,0,0,0
88,1,3,3,0.151,0,0,0.000,0,0,0,0,0,0,0,0
88,2,3,0,0.211,0,0,0.000,0,0,0,0,0,0,0,0
88,-2,-2,3,3.511,0,0,0.000,0,0,0,0,0,0,0,0
88,3,-3,0,0.581,0,0,0.000,0,0,0,0,0,0,0,0
88,-4,7,2,0.471,0,0,0.000,0,0,0,0,0,0,0,0
88,-1,-3,2,3.201,0,0,0.000,0,0,0,0,0,0,0,0
88,-5,7,2,1.591,0,0,0.000,0,0,0,0,0,0,0,0
88,-1,6,1,1.561,0,0,0.000,0,0,0,0,0,0,0,0
88,-3,5,3,0.422,0,0,0.000,0,0,0,0,0,0,0,0
88,-7,8,0,1.701,1,0,1.801,1,0,0,0,0,1,225,225
88,-3,6,3,0.951,0,0,0.000,0,0,0,0,0,0,0,0
88,-5,6,3,1.971,0,0,0.000,0,0,0,0,0,0,0,0
88,-4,2,3,0.541,0,0,0.000,0,0,0,0,0,0,0,0
88,-3,1,3,0.941,0,0,0.000,0,0,0,0,0,0,0,0
88,-6,5,0,0.651,0,0,0.000,0,0,0,0,0,0,0,0
88,1,-1,3,0.371,0,0,0.000,0,0,0,0,0,0,0,0
88,-4,1,3,0.591,0,0,0.000,0,0,0,0,0,0,0,0
88,-5,2,2,0.891,0,0,0.000,0,0,0,0,0,0,0,0
88,-2,-3,0,0.311,0,0,0.000,0,0,0,0,0,0,0,0
88,1,-5,0,0.351,0,0,0.000,0,0,0,0,0,0,0,0
88,-7,7,0,1.431,0,0,0.000,0,0,0,0,0,0,11,11
88,2,1,2,0.351,0,0,0.000,0,0,0,0,0,0,0,0
89,1,-4,2,1.111,0,0,0.000,0,0,0,0,0,0,0,0
89,-3,0,3,0.411,0,0,0.000,0,0,0,0,0,0,0,0
89,-2,2,3,0.441,0,0,0.000,0,0,0,0,0,0,0,0
89,-1,-1,3,0.221,0,0,0.000,0,0,0,0,0,0,0,0
89,0,1,3,0.111,0,0,0.000,0,0,0,0,0,0,0,0
89,-5,3,2,0.681,0,0,0.000,0,0,0,0,0,0,0,0
89,-1,1,3,0.381,0,0,0.000,0,0,0,0,0,0,0,0
89,-2,-1,3,0.321,0,0,0.000,0,0,0,0,0,0,0,0
89,0,4,3,0.231,0,0,0.000,0,0,0,0,0,0,0,0
89,3,-6,0,0.941,0,0,0.000,0,0,0,0,0,0,0,0
89,-2,4,3,0.421,0,0,0.000,0,0,0,0,0,0,0,0
89,-2,0,3,0.211,0,0,0.000,0,0,0,0,0,0,0,0
89,0,2,3,0.191,0,0,0.000,0,0,0,0,0,0,0,0
89,-4,3,3,0.721,0,0,0.000,0,0,0,0,0,0,0,0
89,-5,9,0,1.751,0,0,0.000,0,0,0,0,0,0,68,68
89,-7,6,1,0.723,0,0,0.000,0,0,0,0,0,0,1,1
89,-3,2,3,1.011,0,0,0.000,0,0,0,0,0,0,0,0
89,2,-1,2,0.291,0,0,0.000,0,0,0,0,0,0,0,0
89,0,-4,1,1.291,0,0,0.000,0,0,0,0,0,0,0,0
89,-2,5,3,0.421,0,0,0.000,0,0,0,0,0,0,0,0
89,-4,6,3,0.471,0,0,0.000,0,0,0,0,0,0,0,0
89,-1,5,2,0.201,0,0,0.000,0,0,0,0,0,0,0,0
89,0,-3,2,0.331,0,0,0.000,0,0,0,0,0,0,0,0
89,-6,8,0,5.604,0,0,0.000,0,0,0,0,0,0,18,18
89,-1,-2,3,0.901,0,0,0.000,0,0,0,0,0,0,0,0
89,-2,3,3,0.751,0,0,0.000,0,0,0,0,0,0,0,0
89,-4,5,3,0.911,0,0,0.000,0,0,0,0,0,0,0,0
89,1,-3,3,1.461,0,0,0.000,0,0,0,0,0,0,0,0
89,0,-2,3,1.281,0,0,0.000,0,0,0,0,0,0,0,0
89,0,3,3,0.411,0,0,0.000,0,0,0,0,0,0,0,0
89,-6,6,2,3.322,0,0,0.000,0,0,0,0,0,0,0,0
89,-2,6,2,4.231,0,0,0.000,0,0,0,0,0,0,0,0
89,-3,3,3,0.411,0,0,0.000,0,0,0,0,0,0,0,0
89,2,-2,2,0.471,0,0,0.000,0,0,0,0,0,0,0,0
89,-4,-2,2,0.571,0,0,0.000,0,0,0,0,0,0,0,0
89,2,2,1,0.151,0,0,0.000,0,0,0,0,0,0,0,0
89,-5,1,0,1.961,0,0,0.000,0,0,0,0,0,0,0,0
89,2,-3,2,1.361,0,0,0.000,0,0,0,0,0,0,0,0
89,-4,0,2,0.221,0,0,0.000,0,0,0,0,0,0,0,0
89,-3,4,3,0.971,0,0,0.000,0,0,0,0,0,0,0,0
89,-4,8,1,1.432,0,0,0.000,0,0,0,0,0,0,0,0
89,1,2,2,0.471,0,0,0.000,0,0,0,0,0,0,0,0
89,-6,2,0,0.521,0,0,0.000,0,0,0,0,0,0,0,0
89,-5,-2,0,0.471,0,0,0.000,0,0,0,0,0,0,0,0
89,3,1,1,0.921,0,0,0.000,0,0,0,0,0,0,0,0
89,-6,7,2,0.752,0,0,0.000,0,1,0,3,0,0,0,0
89,2,-4,2,0.421,0,0,0.000,0,0,0,0,0,0,0,0
89,-1,3,3,0.431,0,0,0.000,0,0,0,0,0,0,0,0
89,-1,2,3,1.591,0,0,0.000,0,0,0,0,0,0,0,0
89,-5,8,1,0.812,0,0,0.000,0,0,0,0,0,0,12,12
89,1,4,2,0.161,0,0,0.000,0,0,0,0,0,0,0,0
89,1,0,3,0.291,0,0,0.000,0,0,0,0,0,0,0,0
89,-2,1,3,1.881,0,0,0.000,0,0,0,0,0,0,0,0
89,-5,0,1,0.481,0,0,0.000,0,0,0,0,0,0,0,0
89,2,0,3,1.541,0,0,0.000,0,0,0,0,0,0,0,0
89,2,4,1,1.631,0,0,0.000,0,0,0,0,0,0,0,0
89,-6,3,0,1.511,0,0,0.000,0,0,0,0,0,0,0,0
89,3,0,0,0.371,0,0,0.000,0,0,0,0,0,0,0,0
89,-5,4,2,0.451,0,0,0.000,0,0,0,0,0,0,0,0
89,1,-2,3,1.141,0,0,0.000,0,0,0,0,0,0,0,0
89,-4,-3,0,0.911,0,0,0.000,0,0,0,0,0,0,0,0
89,3,-5,0,0.341,0,0,0.000,0,0,0,0,0,0,0,0
89,0,6,0,0.451,0,0,0.000,0,0,0,0,0,0,0,0
89,2,5,0,1.263,0,0,0.000,0,0,0,0,0,0,0,0
89,-3,7,0,1.521,0,0,0.000,0,0,0,0,0,0,0,0
89,-5,5,3,0.392,0,0,0.000,0,0,0,0,0,0,0,0
89,2,-5,1,0.631,0,0,0.000,0,0,0,0,0,0,0,0
89,4,-3,0,0.431,0,0,0.000,0,0,0,0,0,0,0,0
89,-3,-3,0,0.211,0,0,0.000,0,0,0,0,0,0,0,0
89,-3,-1,3,0.281,0,0,0.000,0,0,0,0,0,0,0,0
89,0,5,3,0.151,0,0,0.000,0,0,0,0,0,0,0,0
89,0,0,3,0.451,0,0,0.000,0,0,0,0,0,0,0,0
89,3,-1,0,1.031,0,0,0.000,0,0,0,0,0,0,0,0
89,-1,-4,0,0.641,0,0,0.000,0,0,0,0,0,0,0,0
89,3,-2,1,0.411,0,0,0.000,0,0,0,0,0,0,0,0
89,1,5,0,0.452,0,0,0.000,0,0,0,0,0,0,0,0
89,-3,-2,2,0.561,0,0,0.000,0,0,0,0,0,0,0,0
89,-1,0,3,0.381,0,0,0.000,0,0,0,0,0,0,0,0
89,-5,-1,1,0.651,0,0,0.000,0,0,0,0,0,0,0,0
89,0,-1,3,1.521,0,0,0.000,0,0,0,0,0,0,0,0
89,-2,7,0,1.531,0,0,0.000,0,0,0,0,0,0,0,0
89,-6,4,1,0.451,0,0,0.000,0,0,0,0,0,0,0,0
89,-4,4,3,0.371,0,0,0.000,0,0,0,0,0,0,0,0
89,1,1,3,0.951,0,0,0.000,0,0,0,0,0,0,0,0
89,3,-4,0,1.051,0,0,0.000,0,0,0,0,0,0,0,0
89,-4,-1,3,0.481,0,0,0.000,0,0,0,0,0,0,0,0
89,-1,4,3,1.231,0,0,0.000,0,0,0,0,0,0,0,0
89,1,3,3,0.151,0,0,0.000,0,0,0,0,0,0,0,0
89,2,3,0,1.531,0,0,0.000,0,0,0,0,0,0,0,0
89,-2,-2,3,0.661,0,0,0.000,0,0,0,0,0,0,0,0
89,3,-3,0,0.232,0,0,0.000,0,0,0,0,0,0,0,0
89,-4,7,2,0.591,0,0,0.000,0,0,0,0,0,0,0,0
89,-1,-3,2,0.191,0,0,0.000,0,0,0,0,0,0,0,0
89,-5,7,2,1.591,0,0,0.000,0,0,0,0,0,0,0,0
89,-1,6,1,1.161,0,0,0.000,0,0,0,0,0,0,0,0
89,-3,5,3,0.261,0,0,0.000,0,0,0,0,0,0,0,0
89,-7,8,0,0.832,3,0,0.952,1,0,0,0,0,3,195,195
89,-3,6,3,0.371,0,0,0.000,0,0,0,0,0,0,0,0
89,-5,6,3,0.921,0,0,0.000,0,0,0,0,0,0,0,0
89,-4,2,3,2.081,0,0,0.000,0,0,0,0,0,0,0,0
89,-3,1,3,0.181,0,0,0.000,0,0,0,0,0,0,0,0
89,-6,5,0,0.273,0,0,0.000,0,0,0,0,0,0,0,0
89,1,-1,3,0.371,0,0,0.000,0,0,0,0,0,0,0,0
89,-4,1,3,1.191,0,0,0.000,0,0,0,0,0,0,0,0
89,-5,2,2,0.531,0,0,0.000,0,0,0,0,0,0,0,0
89,-2,-3,0,0.211,0,0,0.000,0,0,0,0,0,0,0,0
89,1,-5,0,0.231,0,0,0.000,0,0,0,0,0,0,0,0
89,-7,7,0,1.251,0,0,0.000,0,0,0,0,0,0,14,14
89,2,1,2,0.351,0,0,0.000,0,0,0,0,0,0,0,0
90,1,-4,2,0.251,0,0,0.000,0,0,0,0,0,0,0,0
90,-3,0,3,1.321,0,0,0.000,0,0,0,0,0,0,0,0
90,-2,2,3,1.761,0,0,0.000,0,0,0,0,0,0,0,0
90,-1,-1,3,0.741,0,0,0.000,0,0,0,0,0,0,0,0
90,0,1,3,0.221,0,0,0.000,0,0,0,0,0,0,0,0
90,-5,3,2,3.671,0,0,0.000,0,0,0,0,0,0,0,0
90,-1,1,3,0.381,0,0,0.000,0,0,0,0,0,0,0,0
90,-2,-1,3,0.261,0,0,0.000,0,0,0,0,0,0,0,0
90,0,4,3,0.711,0,0,0.000,0,0,0,0,0,0,0,0
90,3,-6,0,1.272,0,0,0.000,0,0,0,0,0,0,0,0
90,-2,4,3,0.222,0,0,0.000,0,0,0,0,0,0,0,0
90,-2,0,3,1.311,0,0,0.000,0,0,0,0,0,0,0,0
90,0,2,3,1.981,0,0,0.000,0,0,0,0,0,0,0,0
90,-4,3,3,0.341,0,0,0.000,0,0,0,0,0,0,0,0
90,-5,9,0,0.851,0,0,0.000,0,0,0,0,0,0,57,57
90,-7,6,1,1.122,0,0,0.000,0,0,0,0,0,0,0,0
90,-3,2,3,0.251,0,0,0.000,0,0,0,0,0,0,0,0
90,2,-1,2,0.591,0,0,0.000,0,0,0,0,0,0,0,0
90,0,-4,1,0.201,0,0,0.000,0,0,0,0,0,0,0,0
90,-2,5,3,0.421,0,0,0.000,0,0,0,0,0,0,0,0
90,-4,6,3,0.471,0,0,0.000,0,0,0,0,0,0,0,0
90,-1,5,2,0.201,0,0,0.000,0,0,0,0,0,0,0,0
90,0,-3,2,0.721,0,0,0.000,0,0,0,0,0,0,0,0
90,-6,8,0,2.791,0,0,0.000,0,0,0,0,0,0,6,6
90,-1,-2,3,1.131,0,0,0.000,0,0,0,0,0,0,0,0
90,-2,3,3,0.941,0,0,0.000,0,0,0,0,0,0,0,0
90,-4,5,3,0.431,0,0,0.000,0,0,0,0,0,0,0,0
90,1,-3,3,1.041,0,0,0.000,0,0,0,0,0,0,0,0
90,0,-2,3,27.381,0,0,0.000,0,0,0,0,0,0,0,0
90,0,3,3,0.761,0,0,0.000,0,0,0,0,0,0,0,0
90,-6,6,2,0.501,0,0,0.000,0,0,0,0,0,0,0,0
90,-2,6,2,1.021,0,0,0.000,0,0,0,0,0,0,0,0
90,-3,3,3,0.201,0,0,0.000,0,0,0,0,0,0,0,0
90,2,-2,2,1.021,0,0,0.000,0,0,0,0,0,0,0,0
90,-4,-2,2,0.141,0,0,0.000,0,0,0,0,0,0,0,0
90,2,2,1,0.251,0,0,0.000,0,0,0,0,0,0,0,0
90,-5,1,0,0.761,0,0,0.000,0,0,0,0,0,0,0,0
90,2,-3,2,0.241,0,0,0.000,0,0,0,0,0,0,0,0
90,-4,0,2,1.521,0,0,0.000,0,0,0,0,0,0,0,0
90,-3,4,3,0.401,0,0,0.000,0,0,0,0,0,0,0,0
90,-4,8,1,1.651,0,0,0.000,0,0,0,0,0,0,0,0
90,1,2,2,0.251,0,0,0.000,0,0,0,0,0,0,0,0
90,-6,2,0,0.871,0,0,0.000,0,0,0,0,0,0,0,0
90,-5,-2,0,0.551,0,0,0.000,0,0,0,0,0,0,0,0
90,3,1,1,0.291,0,0,0.000,0,0,0,0,0,0,0,0
90,-6,7,2,0.831,0,0,0.000,0,0,0,0,0,0,1,1
90,2,-4,2,0.321,0,0,0.000,0,0,0,0,0,0,0,0
90,-1,3,3,0.431,0,0,0.000,0,0,0,0,0,0,0,0
90,-1,2,3,0.631,0,0,0.000,0,0,0,0,0,0,0,0
90,-5,8,1,1.011,0,0,0.000,0,0,0,0,0,0,22,22
90,1,4,2,0.671,0,0,0.000,0,0,0,0,0,0,0,0
90,1,0,3,0.971,0,0,0.000,0,0,0,0,0,0,0,0
90,-2,1,3,0.521,0,0,0.000,0,0,0,0,0,0,0,0
90,-5,0,1,1.881,0,0,0.000,0,0,0,0,0,0,0,0
90,2,0,3,0.921,0,0,0.000,0,0,0,0,0,0,0,0
90,2,4,1,0.841,0,0,0.000,0,0,0,0,0,0,0,0
90,-6,3,0,0.851,0,0,0.000,0,0,0,0,0,0,0,0
90,3,0,0,1.321,0,0,0.000,0,0,0,0,0,0,0,0
90,-5,4,2,4.361,0,0,0.000,0,0,0,0,0,0,0,0
90,1,-2,3,0.221,0,0,0.000,0,0,0,0,0,0,0,0
90,-4,-3,0,0.471,0,0,0.000,0,0,0,0,0,0,0,0
90,3,-5,0,1.421,0,0,0.000,0,0,0,0,0,0,0,0
90,0,6,0,0.531,0,0,0.000,0,0,0,0,0,0,0,0
90,2,5,0,0.831,0,0,0.000,0,0,0,0,0,0,0,0
90,-3,7,0,1.081,0,0,0.000,0,0,0,0,0,0,0,0
90,-5,5,3,1.971,0,0,0.000,0,0,0,0,0,0,0,0
90,2,-5,1,0.291,0,0,0.000,0,0,0,0,0,0,0,0
90,4,-3,0,0.431,0,0,0.000,0,0,0,0,0,0,0,0
90,-3,-3,0,0.112,0,0,0.000,0,0,0,0,0,0,0,0
90,-3,-1,3,15.281,0,0,0.000,0,0,0,0,0,0,0,0
90,0,5,3,1.271,0,0,0.000,0,0,0,0,0,0,0,0
90,0,0,3,0.381,0,0,0.000,0,0,0,0,0,0,0,0
90,3,-1,0,0.281,0,0,0.000,0,0,0,0,0,0,0,0
90,-1,-4,0,0.301,0,0,0.000,0,0,0,0,0,0,0,0
90,3,-2,1,0.411,0,0,0.000,0,0,0,0,0,0,0,0
90,1,5,0,1.601,0,0,0.000,0,0,0,0,0,0,0,0
90,-3,-2,2,0.371,0,0,0.000,0,0,0,0,0,0,0,0
90,-1,0,3,0.381,0,0,0.000,0,0,0,0,0,0,0,0
90,-5,-1,1,0.831,0,0,0.000,0,0,0,0,0,0,0,0
90,0,-1,3,0.191,0,0,0.000,0,0,0,0,0,0,0,0
90,-2,7,0,0.611,0,0,0.000,0,0,0,0,0,0,0,0
90,-6,4,1,0.681,0,0,0.000,0,0,0,0,0,0,0,0
90,-4,4,3,0.941,0,0,0.000,0,0,0,0,0,0,0,0
90,1,1,3,0.191,0,0,0.000,0,0,0,0,0,0,0,0
90,3,-4,0,0.471,0,0,0.000,0,0,0,0,0,0,0,0
90,-4,-1,3,0.481,0,0,0.000,0,0,0,0,0,0,0,0
90,-1,4,3,1.231,0,0,0.000,0,0,0,0,0,0,0,0
90,1,3,3,0.291,0,0,0.000,0,0,0,0,0,0,0,0
90,2,3,0,1.261,0,0,0.000,0,0,0,0,0,0,0,0
90,-2,-2,3,1.471,0,0,0.000,0,0,0,0,0,0,0,0
90,3,-3,0,2.981,0,0,0.000,0,0,0,0,0,0,0,0
90,-4,7,2,0.903,0,0,0.000,0,0,0,0,0,0,0,0
90,-1,-3,2,0.191,0,0,0.000,0,0,0,0,0,0,0,0
90,-5,7,2,1.051,0,0,0.000,0,0,0,0,0,0,0,0
90,-1,6,1,0.392,0,0,0.000,0,0,0,0,0,0,0,0
90,-3,5,3,1.661,0,0,0.000,0,0,0,0,0,0,0,0
90,-7,8,0,0.691,0,0,0.000,0,0,0,0,0,0,204,204
90,-3,6,3,1.321,0,0,0.000,0,0,0,0,0,0,0,0
90,-5,6,3,1.131,0,0,0.000,0,0,0,0,0,0,0,0
90,-4,2,3,0.211,0,0,0.000,0,0,0,0,0,0,0,0
90,-3,1,3,1.281,0,0,0.000,0,0,0,0,0,0,0,0
90,-6,5,0,0.511,0,0,0.000,0,0,0,0,0,0,0,0
90,1,-1,3,0.561,0,0,0.000,0,0,0,0,0,0,0,0
90,-4,1,3,30.000,0,0,0.000,0,0,0,0,0,0,0,0
90,-5,2,2,0.411,0,0,0.000,0,0,0,0,0,0,0,0
90,-2,-3,0,0.172,0,0,0.000,0,0,0,0,0,0,0,0
90,1,-5,0,0.111,0,0,0.000,0,0,0,0,0,0,0,0
90,-7,7,0,1.251,0,0,0.000,0,0,0,0,0,0,11,11
90,2,1,2,0.531,0,0,0.000,0,0,0,0,0,0,0,0
91,1,-4,2,0.511,0,0,0.000,0,0,0,0,0,0,0,0
91,-3,0,3,1.011,0,0,0.000,0,0,0,0,0,0,0,0
91,-2,2,3,0.221,0,0,0.000,0,0,0,0,0,0,0,0
91,-1,-1,3,0.871,0,0,0.000,0,0,0,0,0,0,0,0
91,0,1,3,0.111,0,0,0.000,0,0,0,0,0,0,0,0
91,-5,3,2,0.451,0,0,0.000,0,0,0,0,0,0,0,0
91,-1,1,3,1.431,0,0,0.000,0,0,0,0,0,0,0,0
91,-2,-1,3,0.341,0,0,0.000,0,0,0,0,0,0,0,0
91,0,4,3,0.471,0,0,0.000,0,0,0,0,0,0,0,0
91,3,-6,0,1.661,0,0,0.000,0,0,0,0,0,0,0,0
91,-2,4,3,1.111,0,0,0.000,0,0,0,0,0,0,0,0
91,-2,0,3,0.651,0,0,0.000,0,0,0,0,0,0,0,0
91,0,2,3,0.381,0,0,0.000,0,0,0,0,0,0,0,0
91,-4,3,3,0.341,0,0,0.000,0,0,0,0,0,0,0,0
91,-5,9,0,1.301,0,0,0.000,0,0,0,0,0,0,53,53
91,-7,6,1,1.531,0,0,0.000,0,0,0,0,0,0,0,0
91,-3,2,3,0.501,0,0,0.000,0,0,0,0,0,0,0,0
91,2,-1,2,0.291,0,0,0.000,0,0,0,0,0,0,0,0
91,0,-4,1,0.591,0,0,0.000,0,0,0,0,0,0,0,0
91,-2,5,3,0.261,0,0,0.000,0,0,0,0,0,0,0,0
91,-4,6,3,1.671,0,0,0.000,0,0,0,0,0,0,0,0
91,-1,5,2,0.201,0,0,0.000,0,0,0,0,0,0,0,0
91,0,-3,2,0.331,0,0,0.000,0,0,0,0,0,0,0,0
91,-6,8,0,0.991,0,0,0.000,0,0,0,0,0,0,12,12
91,-1,-2,3,2.971,0,0,0.000,0,0,0,0,0,0,0,0
91,-2,3,3,0.371,0,0,0.000,0,0,0,0,0,0,0,0
91,-4,5,3,0.211,0,0,0.000,0,0,0,0,0,0,0,0
91,1,-3,3,1.301,0,0,0.000,0,0,0,0,0,0,0,0
91,0,-2,3,1.731,0,0,0.000,0,0,0,0,0,0,0,0
91,0,3,3,0.261,0,0,0.000,0,0,0,0,0,0,0,0
91,-6,6,2,3.322,0,0,0.000,0,0,0,0,0,0,0,0
91,-2,6,2,0.511,0,0,0.000,0,0,0,0,0,0,0,0
91,-3,3,3,2.571,0,0,0.000,0,0,0,0,0,0,0,0
91,2,-2,2,0.391,0,0,0.000,0,0,0,0,0,0,0,0
91,-4,-2,2,0.271,0,0,0.000,0,0,0,0,0,0,0,0
91,2,2,1,0.791,0,0,0.000,0,0,0,0,0,0,0,0
91,-5,1,0,0.193,0,0,0.000,0,0,0,0,0,0,0,0
91,2,-3,2,0.941,0,0,0.000,0,0,0,0,0,0,0,0
91,-4,0,2,0.371,0,0,0.000,0,0,0,0,0,0,0,0
91,-3,4,3,0.381,0,0,0.000,0,0,0,0,0,0,0,0
91,-4,8,1,2.851,0,0,0.000,0,0,0,0,0,0,0,0
91,1,2,2,0.511,0,0,0.000,0,0,0,0,0,0,0,0
91,-6,2,0,0.431,0,0,0.000,0,0,0,0,0,0,0,0
91,-5,-2,0,0.551,0,0,0.000,0,0,0,0,0,0,0,0
91,3,1,1,0.381,0,0,0.000,0,0,0,0,0,0,0,0
91,-6,7,2,0.752,0,0,0.000,0,1,0,2,0,0,0,0
91,2,-4,2,0.212,0,0,0.000,0,0,0,0,0,0,0,0
91,-1,3,3,1.111,0,0,0.000,0,0,0,0,0,0,0,0
91,-1,2,3,0.151,0,0,0.000,0,0,0,0,0,0,0,0
91,-5,8,1,1.251,0,0,0.000,0,0,0,0,0,0,20,20
91,1,4,2,0.161,0,0,0.000,0,0,0,0,0,0,0,0
91,1,0,3,0.461,0,0,0.000,0,0,0,0,0,0,0,0
91,-2,1,3,0.611,0,0,0.000,0,0,0,0,0,0,0,0
91,-5,0,1,0.651,0,0,0.000,0,0,0,0,0,0,0,0
91,2,0,3,0.301,0,0,0.000,0,0,0,0,0,0,0,0
91,2,4,1,0.441,0,0,0.000,0,0,0,0,0,0,0,0
91,-6,3,0,2.291,0,0,0.000,0,0,0,0,0,0,0,0
91,3,0,0,0.212,0,0,0.000,0,0,0,0,0,0,0,0
91,-5,4,2,0.221,0,0,0.000,0,0,0,0,0,0,0,0
91,1,-2,3,1.141,0,0,0.000,0,0,0,0,0,0,0,0
91,-4,-3,0,0.951,0,0,0.000,0,0,0,0,0,0,0,0
91,3,-5,0,0.341,0,0,0.000,0,0,0,0,0,0,0,0
91,0,6,0,0.531,0,0,0.000,0,0,0,0,0,0,0,0
91,2,5,0,0.551,0,0,0.000,0,0,0,0,0,0,0,0
91,-3,7,0,1.301,0,0,0.000,0,0,0,0,0,0,0,0
91,-5,5,3,0.771,0,0,0.000,0,0,0,0,0,0,0,0
91,2,-5,1,0.971,0,0,0.000,0,0,0,0,0,0,0,0
91,4,-3,0,0.431,0,0,0.000,0,0,0,0,0,0,0,0
91,-3,-3,0,0.112,0,0,0.000,0,0,0,0,0,0,0,0
91,-3,-1,3,0.231,0,0,0.000,0,0,0,0,0,0,0,0
91,0,5,3,0.311,0,0,0.000,0,0,0,0,0,0,0,0
91,0,0,3,1.551,0,0,0.000,0,0,0,0,0,0,0,0
91,3,-1,0,0.281,0,0,0.000,0,0,0,0,0,0,0,0
91,-1,-4,0,0.151,0,0,0.000,0,0,0,0,0,0,0,0
91,3,-2,1,0.201,0,0,0.000,0,0,0,0,0,0,0,0
91,1,5,0,0.571,0,0,0.000,0,0,0,0,0,0,0,0
91,-3,-2,2,0.181,0,0,0.000,0,0,0,0,0,0,0,0
91,-1,0,3,1.131,0,0,0.000,0,0,0,0,0,0,0,0
91,-5,-1,1,1.881,0,0,0.000,0,0,0,0,0,0,0,0
91,0,-1,3,0.521,0,0,0.000,0,0,0,0,0,0,0,0
91,-2,7,0,1.321,0,0,0.000,0,0,0,0,0,0,0,0
91,-6,4,1,1.501,0,0,0.000,0,0,0,0,0,0,0,0
91,-4,4,3,0.751,0,0,0.000,0,0,0,0,0,0,0,0
91,1,1,3,0.391,0,0,0.000,0,0,0,0,0,0,0,0
91,3,-4,0,0.253,0,0,0.000,0,0,0,0,0,0,0,0
91,-4,-1,3,2.481,0,0,0.000,0,0,0,0,0,0,0,0
91,-1,4,3,0.281,0,0,0.000,0,0,0,0,0,0,0,0
91,1,3,3,0.151,0,0,0.000,0,0,0,0,0,0,0,0
91,2,3,0,0.211,0,0,0.000,0,0,0,0,0,0,0,0
91,-2,-2,3,0.901,0,0,0.000,0,0,0,0,0,0,0,0
91,3,-3,0,0.431,0,0,0.000,0,0,0,0,0,0,0,0
91,-4,7,2,1.011,0,0,0.000,0,0,0,0,0,0,0,0
91,-1,-3,2,0.591,0,0,0.000,0,0,0,0,0,0,0,0
91,-5,7,2,1.321,0,0,0.000,0,0,0,0,0,0,0,0
91,-1,6,1,0.391,0,0,0.000,0,0,0,0,0,0,0,0
91,-3,5,3,0.132,0,0,0.000,0,0,0,0,0,0,0,0
91,-7,8,0,1.252,2,0,1.342,1,0,0,0,0,2,162,162
91,-3,6,3,0.561,0,0,0.000,0,0,0,0,0,0,0,0
91,-5,6,3,1.341,0,0,0.000,0,0,0,0,0,0,0,0
91,-4,2,3,0.541,0,0,0.000,0,0,0,0,0,0,0,0
91,-3,1,3,1.281,0,0,0.000,0,0,0,0,0,0,0,0
91,-6,5,0,0.273,0,0,0.000,0,0,0,0,0,0,0,0
91,1,-1,3,0.181,0,0,0.000,0,0,0,0,0,0,0,0
91,-4,1,3,1.391,0,0,0.000,0,0,0,0,0,0,0,0
91,-5,2,2,0.351,0,0,0.000,0,0,0,0,0,0,0,0
91,-2,-3,0,0.172,0,0,0.000,0,0,0,0,0,0,0,0
91,1,-5,0,0.351,0,0,0.000,0,0,0,0,0,0,0,0
91,-7,7,0,1.071,0,0,0.000,0,0,0,0,0,0,9,9
91,2,1,2,0.351,0,0,0.000,0,0,0,0,0,0,0,0
92,1,-4,2,0.251,0,0,0.000,0,0,0,0,0,0,0,0
92,-3,0,3,0.411,0,0,0.000,0,0,0,0,0,0,0,0
92,-2,2,3,2.381,0,0,0.000,0,0,0,0,0,0,0,0
92,-1,-1,3,0.121,0,0,0.000,0,0,0,0,0,0,0,0
92,0,1,3,0.111,0,0,0.000,0,0,0,0,0,0,0,0
92,-5,3,2,2.981,0,0,0.000,0,0,0,0,0,0,0,0
92,-1,1,3,0.411,0,0,0.000,0,0,0,0,0,0,0,0
92,-2,-1,3,0.331,0,0,0.000,0,0,0,0,0,0,0,0
92,0,4,3,0.711,0,0,0.000,0,0,0,0,0,0,0,0
92,3,-6,0,0.701,0,0,0.000,0,0,0,0,0,0,0,0
92,-2,4,3,0.881,0,0,0.000,0,0,0,0,0,0,0,0
92,-2,0,3,0.651,0,0,0.000,0,0,0,0,0,0,0,0
92,0,2,3,0.191,0,0,0.000,0,0,0,0,0,0,0,0
92,-4,3,3,0.182,0,0,0.000,0,0,0,0,0,0,0,0
92,-5,9,0,1.001,1,0,1.101,1,0,0,0,0,1,64,64
92,-7,6,1,0.723,0,0,0.000,0,0,0,0,0,0,0,0
92,-3,2,3,0.421,0,0,0.000,0,0,0,0,0,0,0,0
92,2,-1,2,0.291,0,0,0.000,0,0,0,0,0,0,0,0
92,0,-4,1,0.201,0,0,0.000,0,0,0,0,0,0,0,0
92,-2,5,3,0.261,0,0,0.000,0,0,0,0,0,0,0,0
92,-4,6,3,0.471,0,0,0.000,0,0,0,0,0,0,0,0
92,-1,5,2,0.621,0,0,0.000,0,0,0,0,0,0,0,0
92,0,-3,2,0.271,0,0,0.000,0,0,0,0,0,0,0,0
92,-6,8,0,1.601,0,0,0.000,0,0,0,0,0,0,19,19
92,-1,-2,3,0.441,0,0,0.000,0,0,0,0,0,0,0,0
92,-2,3,3,0.181,0,0,0.000,0,0,0,0,0,0,0,0
92,-4,5,3,0.651,0,0,0.000,0,0,0,0,0,0,0,0
92,1,-3,3,0.621,0,0,0.000,0,0,0,0,0,0,0,0
92,0,-2,3,0.621,0,0,0.000,0,0,0,0,0,0,0,0
92,0,3,3,0.571,0,0,0.000,0,0,0,0,0,0,0,0
92,-6,6,2,1.621,0,0,0.000,0,0,0,0,0,0,0,0
92,-2,6,2,3.191,0,0,0.000,0,0,0,0,0,0,0,0
92,-3,3,3,0.201,0,0,0.000,0,0,0,0,0,0,0,0
92,2,-2,2,0.191,0,0,0.000,0,0,0,0,0,0,0,0
92,-4,-2,2,0.571,0,0,0.000,0,0,0,0,0,0,0,0
92,2,2,1,0.311,0,0,0.000,0,0,0,0,0,0,0,0
92,-5,1,0,0.361,0,0,0.000,0,0,0,0,0,0,0,0
92,2,-3,2,0.131,0,0,0.000,0,0,0,0,0,0,0,0
92,-4,0,2,1.291,0,0,0.000,0,0,0,0,0,0,0,0
92,-3,4,3,1.681,0,0,0.000,0,0,0,0,0,0,0,0
92,-4,8,1,1.411,0,0,0.000,0,0,0,0,0,0,0,0
92,1,2,2,1.251,0,0,0.000,0,0,0,0,0,0,0,0
92,-6,2,0,0.651,0,0,0.000,0,0,0,0,0,0,0,0
92,-5,-2,0,0.812,0,0,0.000,0,0,0,0,0,0,0,0
92,3,1,1,0.591,0,0,0.000,0,0,0,0,0,0,0,0
92,-6,7,2,0.942,0,0,0.000,0,1,0,2,0,0,0,0
92,2,-4,2,0.421,0,0,0.000,0,0,0,0,0,0,0,0
92,-1,3,3,1.871,0,0,0.000,0,0,0,0,0,0,0,0
92,-1,2,3,0.151,0,0,0.000,0,0,0,0,0,0,0,0
92,-5,8,1,0.982,0,0,0.000,0,1,0,1,0,0,18,18
92,1,4,2,0.372,0,0,0.000,0,0,0,0,0,0,0,0
92,1,0,3,0.331,0,0,0.000,0,0,0,0,0,0,0,0
92,-2,1,3,1.041,0,0,0.000,0,0,0,0,0,0,0,0
92,-5,0,1,0.581,0,0,0.000,0,0,0,0,0,0,0,0
92,2,0,3,2.161,0,0,0.000,0,0,0,0,0,0,0,0
92,2,4,1,1.181,0,0,0.000,0,0,0,0,0,0,0,0
92,-6,3,0,0.432,0,0,0.000,0,0,0,0,0,0,0,0
92,3,0,0,0.181,0,0,0.000,0,0,0,0,0,0,0,0
92,-5,4,2,0.281,0,0,0.000,0,0,0,0,0,0,0,0
92,1,-2,3,0.451,0,0,0.000,0,0,0,0,0,0,0,0
92,-4,-3,0,0.671,0,0,0.000,0,0,0,0,0,0,0,0
92,3,-5,0,0.722,0,0,0.000,0,0,0,0,0,0,0,0
92,0,6,0,0.871,0,0,0.000,0,0,0,0,0,0,0,0
92,2,5,0,0.411,0,0,0.000,0,0,0,0,0,0,0,0
92,-3,7,0,0.651,0,0,0.000,0,0,0,0,0,0,0,0
92,-5,5,3,0.571,0,0,0.000,0,0,0,0,0,0,0,0
92,2,-5,1,0.331,0,0,0.000,0,0,0,0,0,0,0,0
92,4,-3,0,0.431,0,0,0.000,0,0,0,0,0,0,0,0
92,-3,-3,0,0.112,0,0,0.000,0,0,0,0,0,0,0,0
92,-3,-1,3,3.041,0,0,0.000,0,0,0,0,0,0,0,0
92,0,5,3,0.311,0,0,0.000,0,0,0,0,0,0,0,0
92,0,0,3,0.901,0,0,0.000,0,0,0,0,0,0,0,0
92,3,-1,0,0.731,0,0,0.000,0,0,0,0,0,0,0,0
92,-1,-4,0,0.621,0,0,0.000,0,0,0,0,0,0,0,0
92,3,-2,1,1.051,0,0,0.000,0,0,0,0,0,0,0,0
92,1,5,0,2.011,0,0,0.000,0,0,0,0,0,0,0,0
92,-3,-2,2,0.371,0,0,0.000,0,0,0,0,0,0,0,0
92,-1,0,3,0.381,0,0,0.000,0,0,0,0,0,0,0,0
92,-5,-1,1,11.552,0,0,0.000,0,0,0,0,0,0,0,0
92,0,-1,3,0.211,0,0,0.000,0,0,0,0,0,0,0,0
92,-2,7,0,0.621,0,0,0.000,0,0,0,0,0,0,0,0
92,-6,4,1,0.411,0,0,0.000,0,0,0,0,0,0,0,0
92,-4,4,3,0.941,0,0,0.000,0,0,0,0,0,0,0,0
92,1,1,3,0.891,0,0,0.000,0,0,0,0,0,0,0,0
92,3,-4,0,4.111,0,0,0.000,0,0,0,0,0,0,0,0
92,-4,-1,3,1.591,0,0,0.000,0,0,0,0,0,0,0,0
92,-1,4,3,0.281,0,0,0.000,0,0,0,0,0,0,0,0
92,1,3,3,1.601,0,0,0.000,0,0,0,0,0,0,0,0
92,2,3,0,0.211,0,0,0.000,0,0,0,0,0,0,0,0
92,-2,-2,3,1.851,0,0,0.000,0,0,0,0,0,0,0,0
92,3,-3,0,0.431,0,0,0.000,0,0,0,0,0,0,0,0
92,-4,7,2,0.471,0,0,0.000,0,0,0,0,0,0,0,0
92,-1,-3,2,1.801,0,0,0.000,0,0,0,0,0,0,0,0
92,-5,7,2,1.861,0,0,0.000,0,0,0,0,0,0,0,0
92,-1,6,1,1.761,0,0,0.000,0,0,0,0,0,0,0,0
92,-3,5,3,0.261,0,0,0.000,0,0,0,0,0,0,0,0
92,-7,8,0,0.722,2,0,0.812,1,0,0,0,0,2,207,207
92,-3,6,3,2.651,0,0,0.000,0,0,0,0,0,0,0,0
92,-5,6,3,0.722,0,0,0.000,0,0,0,0,0,0,0,0
92,-4,2,3,2.081,0,0,0.000,0,0,0,0,0,0,0,0
92,-3,1,3,0.181,0,0,0.000,0,0,0,0,0,0,0,0
92,-6,5,0,0.511,0,0,0.000,0,0,0,0,0,0,0,0
92,1,-1,3,0.371,0,0,0.000,0,0,0,0,0,0,0,0
92,-4,1,3,0.391,0,0,0.000,0,0,0,0,0,0,0,0
92,-5,2,2,0.171,0,0,0.000,0,0,0,0,0,0,0,0
92,-2,-3,0,0.172,0,0,0.000,0,0,0,0,0,0,0,0
92,1,-5,0,0.471,0,0,0.000,0,0,0,0,0,0,0,0
92,-7,7,0,4.671,0,0,0.000,0,0,0,0,0,0,10,10
92,2,1,2,0.531,0,0,0.000,0,0,0,0,0,0,0,0
93,1,-4,2,0.511,0,0,0.000,0,0,0,0,0,0,0,0
93,-3,0,3,0.211,0,0,0.000,0,0,0,0,0,0,0,0
93,-2,2,3,0.671,0,0,0.000,0,0,0,0,0,0,0,0
93,-1,-1,3,0.121,0,0,0.000,0,0,0,0,0,0,0,0
93,0,1,3,0.111,0,0,0.000,0,0,0,0,0,0,0,0
93,-5,3,2,0.451,0,0,0.000,0,0,0,0,0,0,0,0
93,-1,1,3,0.201,0,0,0.000,0,0,0,0,0,0,0,0
93,-2,-1,3,0.321,0,0,0.000,0,0,0,0,0,0,0,0
93,0,4,3,0.951,0,0,0.000,0,0,0,0,0,0,0,0
93,3,-6,0,0.941,0,0,0.000,0,0,0,0,0,0,0,0
93,-2,4,3,1.111,0,0,0.000,0,0,0,0,0,0,0,0
93,-2,0,3,0.651,0,0,0.000,0,0,0,0,0,0,0,0
93,0,2,3,1.381,0,0,0.000,0,0,0,0,0,0,0,0
93,-4,3,3,1.671,0,0,0.000,0,0,0,0,0,0,0,0
93,-5,9,0,1.151,0,0,0.000,0,0,0,0,0,0,66,66
93,-7,6,1,2.191,0,0,0.000,0,0,0,0,0,0,0,0
93,-3,2,3,0.161,0,0,0.000,0,0,0,0,0,0,0,0
93,2,-1,2,1.281,0,0,0.000,0,0,0,0,0,0,0,0
93,0,-4,1,0.901,0,0,0.000,0,0,0,0,0,0,0,0
93,-2,5,3,0.151,0,0,0.000,0,0,0,0,0,0,0,0
93,-4,6,3,0.711,0,0,0.000,0,0,0,0,0,0,0,0
93,-1,5,2,0.201,0,0,0.000,0,0,0,0,0,0,0,0
93,0,-3,2,0.161,0,0,0.000,0,0,0,0,0,0,0,0
93,-6,8,0,1.191,0,0,0.000,0,0,0,0,0,0,10,10
93,-1,-2,3,0.671,0,0,0.000,0,0,0,0,0,0,0,0
93,-2,3,3,0.561,0,0,0.000,0,0,0,0,0,0,0,0
93,-4,5,3,1.971,0,0,0.000,0,0,0,0,0,0,0,0
93,1,-3,3,2.301,0,0,0.000,0,0,0,0,0,0,0,0
93,0,-2,3,0.291,0,0,0.000,0,0,0,0,0,0,0,0
93,0,3,3,0.201,0,0,0.000,0,0,0,0,0,0,0,0
93,-6,6,2,0.601,0,0,0.000,0,0,0,0,0,0,0,0
93,-2,6,2,1.021,0,0,0.000,0,0,0,0,0,0,0,0
93,-3,3,3,0.411,0,0,0.000,0,0,0,0,0,0,0,0
93,2,-2,2,0.311,0,0,0.000,0,0,0,0,0,0,0,0
93,-4,-2,2,0.271,0,0,0.000,0,0,0,0,0,0,0,0
93,2,2,1,3.671,0,0,0.000,0,0,0,0,0,0,0,0
93,-5,1,0,0.761,0,0,0.000,0,0,0,0,0,0,0,0
93,2,-3,2,0.131,0,0,0.000,0,0,0,0,0,0,0,0
93,-4,0,2,1.061,0,0,0.000,0,0,0,0,0,0,0,0
93,-3,4,3,3.391,0,0,0.000,0,0,0,0,0,0,0,0
93,-4,8,1,1.411,0,0,0.000,0,0,0,0,0,0,0,0
93,1,2,2,0.511,0,0,0.000,0,0,0,0,0,0,0,0
93,-6,2,0,0.431,0,0,0.000,0,0,0,0,0,0,0,0
93,-5,-2,0,1.351,0,0,0.000,0,0,0,0,0,0,0,0
93,3,1,1,1.221,0,0,0.000,0,0,0,0,0,0,0,0
93,-6,7,2,0.831,0,0,0.000,0,0,0,0,0,0,0,0
93,2,-4,2,0.981,0,0,0.000,0,0,0,0,0,0,0,0
93,-1,3,3,0.451,0,0,0.000,0,0,0,0,0,0,0,0
93,-1,2,3,0.791,0,0,0.000,0,0,0,0,0,0,0,0
93,-5,8,1,1.251,0,0,0.000,0,0,0,0,0,0,13,13
93,1,4,2,3.222,0,0,0.000,0,0,0,0,0,0,0,0
93,1,0,3,1.261,0,0,0.000,0,0,0,0,0,0,0,0
93,-2,1,3,1.351,0,0,0.000,0,0,0,0,0,0,0,0
93,-5,0,1,0.271,0,0,0.000,0,0,0,0,0,0,0,0
93,2,0,3,3.091,0,0,0.000,0,0,0,0,0,0,0,0
93,2,4,1,0.441,0,0,0.000,0,0,0,0,0,0,0,0
93,-6,3,0,0.631,0,0,0.000,0,0,0,0,0,0,0,0
93,3,0,0,1.321,0,0,0.000,0,0,0,0,0,0,0,0
93,-5,4,2,0.451,0,0,0.000,0,0,0,0,0,0,0,0
93,1,-2,3,0.911,0,0,0.000,0,0,0,0,0,0,0,0
93,-4,-3,0,1.151,0,0,0.000,0,0,0,0,0,0,0,0
93,3,-5,0,0.533,0,0,0.000,0,0,0,0,0,0,0,0
93,0,6,0,0.911,0,0,0.000,0,0,0,0,0,0,0,0
93,2,5,0,0.551,0,0,0.000,0,0,0,0,0,0,0,0
93,-3,7,0,0.652,0,0,0.000,0,0,0,0,0,0,0,0
93,-5,5,3,1.171,0,0,0.000,0,0,0,0,0,0,0,0
93,2,-5,1,0.331,0,0,0.000,0,0,0,0,0,0,0,0
93,4,-3,0,2.181,0,0,0.000,0,0,0,0,0,0,0,0
93,-3,-3,0,0.211,0,0,0.000,0,0,0,0,0,0,0,0
93,-3,-1,3,12.281,0,0,0.000,0,0,0,0,0,0,0,0
93,0,5,3,0.151,0,0,0.000,0,0,0,0,0,0,0,0
93,0,0,3,0.711,0,0,0.000,0,0,0,0,0,0,0,0
93,3,-1,0,0.281,0,0,0.000,0,0,0,0,0,0,0,0
93,-1,-4,0,1.681,0,0,0.000,0,0,0,0,0,0,0,0
93,3,-2,1,0.222,0,0,0.000,0,0,0,0,0,0,0,0
93,1,5,0,0.881,0,0,0.000,0,0,0,0,0,0,0,0
93,-3,-2,2,0.941,0,0,0.000,0,0,0,0,0,0,0,0
93,-1,0,3,0.641,0,0,0.000,0,0,0,0,0,0,0,0
93,-5,-1,1,0.751,0,0,0.000,0,0,0,0,0,0,0,0
93,0,-1,3,0.191,0,0,0.000,0,0,0,0,0,0,0,0
93,-2,7,0,0.621,0,0,0.000,0,0,0,0,0,0,0,0
93,-6,4,1,0.991,0,0,0.000,0,0,0,0,0,0,0,0
93,-4,4,3,0.371,0,0,0.000,0,0,0,0,0,0,0,0
93,1,1,3,0.491,0,0,0.000,0,0,0,0,0,0,0,0
93,3,-4,0,0.471,0,0,0.000,0,0,0,0,0,0,0,0
93,-4,-1,3,0.481,0,0,0.000,0,0,0,0,0,0,0,0
93,-1,4,3,0.311,0,0,0.000,0,0,0,0,0,0,0,0
93,1,3,3,0.162,0,0,0.000,0,0,0,0,0,0,0,0
93,2,3,0,0.211,0,0,0.000,0,0,0,0,0,0,0,0
93,-2,-2,3,0.331,0,0,0.000,0,0,0,0,0,0,0,0
93,3,-3,0,0.991,0,0,0.000,0,0,0,0,0,0,0,0
93,-4,7,2,1.393,0,0,0.000,0,0,0,0,0,0,0,0
93,-1,-3,2,0.991,0,0,0.000,0,0,0,0,0,0,0,0
93,-5,7,2,1.591,0,0,0.000,0,0,0,0,0,0,0,0
93,-1,6,1,0.782,0,0,0.000,0,0,0,0,0,0,0,0
93,-3,5,3,0.132,0,0,0.000,0,0,0,0,0,0,0,0
93,-7,8,0,0.691,0,0,0.000,0,0,0,0,0,0,221,221
93,-3,6,3,0.371,0,0,0.000,0,0,0,0,0,0,0,0
93,-5,6,3,0.501,0,0,0.000,0,0,0,0,0,0,0,0
93,-4,2,3,0.431,0,0,0.000,0,0,0,0,0,0,0,0
93,-3,1,3,0.331,0,0,0.000,0,0,0,0,0,0,0,0
93,-6,5,0,0.273,0,0,0.000,0,0,0,0,0,0,0,0
93,1,-1,3,0.751,0,0,0.000,0,0,0,0,0,0,0,0
93,-4,1,3,0.391,0,0,0.000,0,0,0,0,0,0,0,0
93,-5,2,2,0.711,0,0,0.000,0,0,0,0,0,0,0,0
93,-2,-3,0,0.311,0,0,0.000,0,0,0,0,0,0,0,0
93,1,-5,0,0.351,0,0,0.000,0,0,0,0,0,0,0,0
93,-7,7,0,2.151,0,0,0.000,0,0,0,0,0,0,6,6
93,2,1,2,0.531,0,0,0.000,0,0,0,0,0,0,0,0
94,1,-4,2,0.511,0,0,0.000,0,0,0,0,0,0,0,0
94,-3,0,3,0.351,0,0,0.000,0,0,0,0,0,0,0,0
94,-2,2,3,1.131,0,0,0.000,0,0,0,0,0,0,0,0
94,-1,-1,3,0.871,0,0,0.000,0,0,0,0,0,0,0,0
94,0,1,3,0.111,0,0,0.000,0,0,0,0,0,0,0,0
94,-5,3,2,0.221,0,0,0.000,0,0,0,0,0,0,0,0
94,-1,1,3,0.591,0,0,0.000,0,0,0,0,0,0,0,0
94,-2,-1,3,0.451,0,0,0.000,0,0,0,0,0,0,0,0
94,0,4,3,0.471,0,0,0.000,0,0,0,0,0,0,0,0
94,3,-6,0,1.181,0,0,0.000,0,0,0,0,0,0,0,0
94,-2,4,3,0.222,0,0,0.000,0,0,0,0,0,0,0,0
94,-2,0,3,0.211,0,0,0.000,0,0,0,0,0,0,0,0
94,0,2,3,0.191,0,0,0.000,0,0,0,0,0,0,0,0
94,-4,3,3,0.341,0,0,0.000,0,0,0,0,0,0,0,0
94,-5,9,0,1.633,1,0,1.743,1,0,0,0,0,1,62,62
94,-7,6,1,0.871,0,0,0.000,0,0,0,0,0,0,0,0
94,-3,2,3,0.331,0,0,0.000,0,0,0,0,0,0,0,0
94,2,-1,2,0.891,0,0,0.000,0,0,0,0,0,0,0,0
94,0,-4,1,1.291,0,0,0.000,0,0,0,0,0,0,0,0
94,-2,5,3,0.151,0,0,0.000,0,0,0,0,0,0,0,0
94,-4,6,3,0.471,0,0,0.000,0,0,0,0,0,0,0,0
94,-1,5,2,0.621,0,0,0.000,0,0,0,0,0,0,0,0
94,0,-3,2,0.201,0,0,0.000,0,0,0,0,0,0,0,0
94,-6,8,0,1.191,0,0,0.000,0,0,0,0,0,0,4,4
94,-1,-2,3,0.451,0,0,0.000,0,0,0,0,0,0,0,0
94,-2,3,3,0.371,0,0,0.000,0,0,0,0,0,0,0,0
94,-4,5,3,0.431,0,0,0.000,0,0,0,0,0,0,0,0
94,1,-3,3,0.831,0,0,0.000,0,0,0,0,0,0,0,0
94,0,-2,3,0.171,0,0,0.000,0,0,0,0,0,0,0,0
94,0,3,3,0.411,0,0,0.000,0,0,0,0,0,0,0,0
94,-6,6,2,3.323,0,0,0.000,0,0,0,0,0,0,0,0
94,-2,6,2,0.641,0,0,0.000,0,0,0,0,0,0,0,0
94,-3,3,3,0.201,0,0,0.000,0,0,0,0,0,0,0,0
94,2,-2,2,0.471,0,0,0.000,0,0,0,0,0,0,0,0
94,-4,-2,2,0.421,0,0,0.000,0,0,0,0,0,0,0,0
94,2,2,1,0.631,0,0,0.000,0,0,0,0,0,0,0,0
94,-5,1,0,0.193,0,0,0.000,0,0,0,0,0,0,0,0
94,2,-3,2,0.131,0,0,0.000,0,0,0,0,0,0,0,0
94,-4,0,2,0.221,0,0,0.000,0,0,0,0,0,0,0,0
94,-3,4,3,2.731,0,0,0.000,0,0,0,0,0,0,0,0
94,-4,8,1,1.192,0,0,0.000,0,0,0,0,0,0,0,0
94,1,2,2,1.251,0,0,0.000,0,0,0,0,0,0,0,0
94,-6,2,0,0.521,0,0,0.000,0,0,0,0,0,0,0,0
94,-5,-2,0,0.951,0,0,0.000,0,0,0,0,0,0,0,0
94,3,1,1,0.201,0,0,0.000,0,0,0,0,0,0,0,0
94,-6,7,2,1.413,0,0,0.000,0,1,0,1,0,0,0,0
94,2,-4,2,0.212,0,0,0.000,0,0,0,0,0,0,0,0
94,-1,3,3,0.551,0,0,0.000,0,0,0,0,0,0,0,0
94,-1,2,3,0.151,0,0,0.000,0,0,0,0,0,0,0,0
94,-5,8,1,1.492,0,0,0.000,0,1,0,1,0,0,15,15
94,1,4,2,0.331,0,0,0.000,0,0,0,0,0,0,0,0
94,1,0,3,0.331,0,0,0.000,0,0,0,0,0,0,0,0
94,-2,1,3,0.651,0,0,0.000,0,0,0,0,0,0,0,0
94,-5,0,1,0.521,0,0,0.000,0,0,0,0,0,0,0,0
94,2,0,3,0.611,0,0,0.000,0,0,0,0,0,0,0,0
94,2,4,1,0.501,0,0,0.000,0,0,0,0,0,0,0,0
94,-6,3,0,0.721,0,0,0.000,0,0,0,0,0,0,0,0
94,3,0,0,0.771,0,0,0.000,0,0,0,0,0,0,0,0
94,-5,4,2,0.221,0,0,0.000,0,0,0,0,0,0,0,0
94,1,-2,3,0.681,0,0,0.000,0,0,0,0,0,0,0,0
94,-4,-3,0,1.431,0,0,0.000,0,0,0,0,0,0,0,0
94,3,-5,0,0.341,0,0,0.000,0,0,0,0,0,0,0,0
94,0,6,0,0.641,0,0,0.000,0,0,0,0,0,0,0,0
94,2,5,0,1.461,0,0,0.000,0,0,0,0,0,0,0,0
94,-3,7,0,1.521,0,0,0.000,0,0,0,0,0,0,0,0
94,-5,5,3,3.171,0,0,0.000,0,0,0,0,0,0,0,0
94,2,-5,1,0.801,0,0,0.000,0,0,0,0,0,0,0,0
94,4,-3,0,0.431,0,0,0.000,0,0,0,0,0,0,0,0
94,-3,-3,0,0.112,0,0,0.000,0,0,0,0,0,0,0,0
94,-3,-1,3,0.231,0,0,0.000,0,0,0,0,0,0,0,0
94,0,5,3,0.163,0,0,0.000,0,0,0,0,0,0,0,0
94,0,0,3,0.451,0,0,0.000,0,0,0,0,0,0,0,0
94,3,-1,0,1.031,0,0,0.000,0,0,0,0,0,0,0,0
94,-1,-4,0,0.152,0,0,0.000,0,0,0,0,0,0,0,0
94,3,-2,1,0.201,0,0,0.000,0,0,0,0,0,0,0,0
94,1,5,0,0.631,0,0,0.000,0,0,0,0,0,0,0,0
94,-3,-2,2,0.181,0,0,0.000,0,0,0,0,0,0,0,0
94,-1,0,3,2.011,0,0,0.000,0,0,0,0,0,0,0,0
94,-5,-1,1,9.101,0,0,0.000,0,0,0,0,0,0,0,0
94,0,-1,3,0.371,0,0,0.000,0,0,0,0,0,0,0,0
94,-2,7,0,0.981,0,0,0.000,0,0,0,0,0,0,0,0
94,-6,4,1,0.991,0,0,0.000,0,0,0,0,0,0,0,0
94,-4,4,3,0.371,0,0,0.000,0,0,0,0,0,0,0,0
94,1,1,3,0.391,0,0,0.000,0,0,0,0,0,0,0,0
94,3,-4,0,0.471,0,0,0.000,0,0,0,0,0,0,0,0
94,-4,-1,3,1.231,0,0,0.000,0,0,0,0,0,0,0,0
94,-1,4,3,0.281,0,0,0.000,0,0,0,0,0,0,0,0
94,1,3,3,0.151,0,0,0.000,0,0,0,0,0,0,0,0
94,2,3,0,0.961,0,0,0.000,0,0,0,0,0,0,0,0
94,-2,-2,3,1.851,0,0,0.000,0,0,0,0,0,0,0,0
94,3,-3,0,0.671,0,0,0.000,0,0,0,0,0,0,0,0
94,-4,7,2,1.011,0,0,0.000,0,0,0,0,0,0,0,0
94,-1,-3,2,0.591,0,0,0.000,0,0,0,0,0,0,0,0
94,-5,7,2,1.591,0,0,0.000,0,0,0,0,0,0,0,0
94,-1,6,1,0.761,0,0,0.000,0,0,0,0,0,0,0,0
94,-3,5,3,0.191,0,0,0.000,0,0,0,0,0,0,0,0
94,-7,8,0,1.812,1,0,1.892,1,0,0,0,0,1,223,223
94,-3,6,3,0.941,0,0,0.000,0,0,0,0,0,0,0,0
94,-5,6,3,0.831,0,0,0.000,0,0,0,0,0,0,0,0
94,-4,2,3,0.431,0,0,0.000,0,0,0,0,0,0,0,0
94,-3,1,3,0.371,0,0,0.000,0,0,0,0,0,0,0,0
94,-6,5,0,0.651,0,0,0.000,0,0,0,0,0,0,0,0
94,1,-1,3,0.371,0,0,0.000,0,0,0,0,0,0,0,0
94,-4,1,3,0.391,0,0,0.000,0,0,0,0,0,0,0,0
94,-5,2,2,0.591,0,0,0.000,0,0,0,0,0,0,0,0
94,-2,-3,0,0.211,0,0,0.000,0,0,0,0,0,0,0,0
94,1,-5,0,3.111,0,0,0.000,0,0,0,0,0,0,0,0
94,-7,7,0,1.431,0,0,0.000,0,0,0,0,0,0,7,7
94,2,1,2,0.171,0,0,0.000,0,0,0,0,0,0,0,0
95,1,-4,2,0.771,0,0,0.000,0,0,0,0,0,0,0,0
95,-3,0,3,1.671,0,0,0.000,0,0,0,0,0,0,0,0
95,-2,2,3,0.221,0,0,0.000,0,0,0,0,0,0,0,0
95,-1,-1,3,1.261,0,0,0.000,0,0,0,0,0,0,0,0
95,0,1,3,0.111,0,0,0.000,0,0,0,0,0,0,0,0
95,-5,3,2,0.681,0,0,0.000,0,0,0,0,0,0,0,0
95,-1,1,3,1.461,0,0,0.000,0,0,0,0,0,0,0,0
95,-2,-1,3,0.321,0,0,0.000,0,0,0,0,0,0,0,0
95,0,4,3,0.231,0,0,0.000,0,0,0,0,0,0,0,0
95,3,-6,0,0.471,0,0,0.000,0,0,0,0,0,0,1,1
95,-2,4,3,0.421,0,0,0.000,0,0,0,0,0,0,0,0
95,-2,0,3,0.431,0,0,0.000,0,0,0,0,0,0,0,0
95,0,2,3,0.381,0,0,0.000,0,0,0,0,0,0,0,0
95,-4,3,3,0.911,0,0,0.000,0,0,0,0,0,0,0,0
95,-5,9,0,1.032,2,0,1.142,1,0,0,0,0,2,74,74
95,-7,6,1,0.761,0,0,0.000,0,0,0,0,0,0,0,0
95,-3,2,3,1.951,0,0,0.000,0,0,0,0,0,0,0,0
95,2,-1,2,0.291,0,0,0.000,0,0,0,0,0,0,0,0
95,0,-4,1,0.381,0,0,0.000,0,0,0,0,0,0,0,0
95,-2,5,3,0.261,0,0,0.000,0,0,0,0,0,0,0,0
95,-4,6,3,1.682,0,0,0.000,0,0,0,0,0,0,0,0
95,-1,5,2,0.201,0,0,0.000,0,0,0,0,0,0,0,0
95,0,-3,2,0.611,0,0,0.000,0,0,0,0,0,0,0,0
95,-6,8,0,2.591,0,0,0.000,0,0,0,0,0,0,14,14
95,-1,-2,3,0.221,0,0,0.000,0,0,0,0,0,0,0,0
95,-2,3,3,0.371,0,0,0.000,0,0,0,0,0,0,0,0
95,-4,5,3,1.121,0,0,0.000,0,0,0,0,0,0,0,0
95,1,-3,3,0.411,0,0,0.000,0,0,0,0,0,0,0,0
95,0,-2,3,0.171,0,0,0.000,0,0,0,0,0,0,0,0
95,0,3,3,0.201,0,0,0.000,0,0,0,0,0,0,0,0
95,-6,6,2,0.501,0,0,0.000,0,0,0,0,0,0,0,0
95,-2,6,2,0.601,0,0,0.000,0,0,0,0,0,0,0,0
95,-3,3,3,0.201,0,0,0.000,0,0,0,0,0,0,0,0
95,2,-2,2,0.191,0,0,0.000,0,0,0,0,0,0,0,0
95,-4,-2,2,0.421,0,0,0.000,0,0,0,0,0,0,0,0
95,2,2,1,0.151,0,0,0.000,0,0,0,0,0,0,0,0
95,-5,1,0,0.361,0,0,0.000,0,0,0,0,0,0,0,0
95,2,-3,2,0.131,0,0,0.000,0,0,0,0,0,0,0,0
95,-4,0,2,1.141,0,0,0.000,0,0,0,0,0,0,0,0
95,-3,4,3,0.551,0,0,0.000,0,0,0,0,0,0,0,0
95,-4,8,1,3.091,0,0,0.000,0,0,0,0,0,0,0,0
95,1,2,2,1.281,0,0,0.000,0,0,0,0,0,0,0,0
95,-6,2,0,0.431,0,0,0.000,0,0,0,0,0,0,0,0
95,-5,-2,0,0.631,0,0,0.000,0,0,0,0,0,0,0,0
95,3,1,1,0.921,0,0,0.000,0,0,0,0,0,0,0,0
95,-6,7,2,0.752,0,0,0.000,0,1,0,1,0,0,0,0
95,2,-4,2,0.241,0,0,0.000,0,0,0,0,0,0,0,0
95,-1,3,3,0.431,0,0,0.000,0,0,0,0,0,0,0,0
95,-1,2,3,0.311,0,0,0.000,0,0,0,0,0,0,0,0
95,-5,8,1,0.812,0,0,0.000,0,1,0,2,0,0,17,17
95,1,4,2,0.861,0,0,0.000,0,0,0,0,0,0,0,0
95,1,0,3,0.801,0,0,0.000,0,0,0,0,0,0,0,0
95,-2,1,3,0.621,0,0,0.000,0,0,0,0,0,0,0,0
95,-5,0,1,0.341,0,0,0.000,0,0,0,0,0,0,0,0
95,2,0,3,0.301,0,0,0.000,0,0,0,0,0,0,0,0
95,2,4,1,0.611,0,0,0.000,0,0,0,0,0,0,0,0
95,-6,3,0,0.501,0,0,0.000,0,0,0,0,0,0,0,0
95,3,0,0,0.371,0,0,0.000,0,0,0,0,0,0,0,0
95,-5,4,2,0.281,0,0,0.000,0,0,0,0,0,0,0,0
95,1,-2,3,0.451,0,0,0.000,0,0,0,0,0,0,0,0
95,-4,-3,0,0.671,0,0,0.000,0,0,0,0,0,0,0,0
95,3,-5,0,1.421,0,0,0.000,0,0,0,0,0,0,0,0
95,0,6,0,0.531,0,0,0.000,0,0,0,0,0,0,0,0
95,2,5,0,1.461,0,0,0.000,0,0,0,0,0,0,0,0
95,-3,7,0,1.741,0,0,0.000,0,0,0,0,0,0,0,0
95,-5,5,3,1.771,0,0,0.000,0,0,0,0,0,0,0,0
95,2,-5,1,0.631,0,0,0.000,0,0,0,0,0,0,0,0
95,4,-3,0,0.571,0,0,0.000,0,0,0,0,0,0,0,0
95,-3,-3,0,0.112,0,0,0.000,0,0,0,0,0,0,0,0
95,-3,-1,3,0.141,0,0,0.000,0,0,0,0,0,0,0,0
95,0,5,3,0.151,0,0,0.000,0,0,0,0,0,0,0,0
95,0,0,3,2.461,0,0,0.000,0,0,0,0,0,0,0,0
95,3,-1,0,0.142,0,0,0.000,0,0,0,0,0,0,0,0
95,-1,-4,0,0.301,0,0,0.000,0,0,0,0,0,0,0,0
95,3,-2,1,0.411,0,0,0.000,0,0,0,0,0,0,0,0
95,1,5,0,0.352,0,0,0.000,0,0,0,0,0,0,0,0
95,-3,-2,2,0.561,0,0,0.000,0,0,0,0,0,0,0,0
95,-1,0,3,0.211,0,0,0.000,0,0,0,0,0,0,0,0
95,-5,-1,1,2.371,0,0,0.000,0,0,0,0,0,0,0,0
95,0,-1,3,0.321,0,0,0.000,0,0,0,0,0,0,0,0
95,-2,7,0,1.611,0,0,0.000,0,0,0,0,0,0,0,0
95,-6,4,1,0.451,0,0,0.000,0,0,0,0,0,0,0,0
95,-4,4,3,0.561,0,0,0.000,0,0,0,0,0,0,0,0
95,1,1,3,0.351,0,0,0.000,0,0,0,0,0,0,0,0
95,3,-4,0,0.761,0,0,0.000,0,0,0,0,0,0,0,0
95,-4,-1,3,1.731,0,0,0.000,0,0,0,0,0,0,0,0
95,-1,4,3,0.181,0,0,0.000,0,0,0,0,0,0,0,0
95,1,3,3,2.051,0,0,0.000,0,0,0,0,0,0,0,0
95,2,3,0,1.531,0,0,0.000,0,0,0,0,0,0,0,0
95,-2,-2,3,0.181,0,0,0.000,0,0,0,0,0,0,0,0
95,3,-3,0,0.991,0,0,0.000,0,0,0,0,0,0,0,0
95,-4,7,2,0.531,0,0,0.000,0,0,0,0,0,0,0,0
95,-1,-3,2,0.791,0,0,0.000,0,0,0,0,0,0,0,0
95,-5,7,2,2.131,0,0,0.000,0,0,0,0,0,0,0,0
95,-1,6,1,0.392,0,0,0.000,0,0,0,0,0,0,0,0
95,-3,5,3,1.101,0,0,0.000,0,0,0,0,0,0,0,0
95,-7,8,0,0.971,1,0,1.061,1,0,0,0,0,1,224,224
95,-3,6,3,0.371,0,0,0.000,0,0,0,0,0,0,0,0
95,-5,6,3,1.341,0,0,0.000,0,0,0,0,0,0,0,0
95,-4,2,3,0.101,0,0,0.000,0,0,0,0,0,0,0,0
95,-3,1,3,0.711,0,0,0.000,0,0,0,0,0,0,0,0
95,-6,5,0,0.511,0,0,0.000,0,0,0,0,0,0,0,0
95,1,-1,3,30.000,0,0,0.000,0,0,0,0,0,0,0,0
95,-4,1,3,0.591,0,0,0.000,0,0,0,0,0,0,0,0
95,-5,2,2,0.351,0,0,0.000,0,0,0,0,0,0,0,0
95,-2,-3,0,30.000,0,0,0.000,0,0,0,0,0,0,0,0
95,1,-5,0,0.231,0,0,0.000,0,0,0,0,0,0,0,0
95,-7,7,0,1.071,0,0,0.000,0,0,0,0,0,0,9,9
95,2,1,2,0.351,0,0,0.000,0,0,0,0,0,0,0,0
96,1,-4,2,0.771,0,0,0.000,0,0,0,0,0,0,0,0
96,-3,0,3,0.351,0,0,0.000,0,0,0,0,0,0,0,0
96,-2,2,3,1.591,0,0,0.000,0,0,0,0,0,0,0,0
96,-1,-1,3,0.121,0,0,0.000,0,0,0,0,0,0,0,0
96,0,1,3,0.511,0,0,0.000,0,0,0,0,0,0,0,0
96,-5,3,2,0.911,0,0,0.000,0,0,0,0,0,0,0,0
96,-1,1,3,1.641,0,0,0.000,0,0,0,0,0,0,0,0
96,-2,-1,3,0.451,0,0,0.000,0,0,0,0,0,0,0,0
96,0,4,3,0.471,0,0,0.000,0,0,0,0,0,0,0,0
96,3,-6,0,1.421,0,0,0.000,0,0,0,0,0,0,0,0
96,-2,4,3,0.222,0,0,0.000,0,0,0,0,0,0,0,0
96,-2,0,3,0.431,0,0,0.000,0,0,0,0,0,0,0,0
96,0,2,3,0.191,0,0,0.000,0,0,0,0,0,0,0,0
96,-4,3,3,1.291,0,0,0.000,0,0,0,0,0,0,0,0
96,-5,9,0,1.453,0,0,0.000,0,0,0,0,0,0,57,57
96,-7,6,1,0.871,0,0,0.000,0,0,0,0,0,0,1,1
96,-3,2,3,0.251,0,0,0.000,0,0,0,0,0,0,0,0
96,2,-1,2,0.291,0,0,0.000,0,0,0,0,0,0,0,0
96,0,-4,1,1.011,0,0,0.000,0,0,0,0,0,0,0,0
96,-2,5,3,0.151,0,0,0.000,0,0,0,0,0,0,0,0
96,-4,6,3,1.202,0,0,0.000,0,0,0,0,0,0,0,0
96,-1,5,2,0.411,0,0,0.000,0,0,0,0,0,0,0,0
96,0,-3,2,0.161,0,0,0.000,0,0,0,0,0,0,0,0
96,-6,8,0,1.391,0,0,0.000,0,0,0,0,0,0,13,13
96,-1,-2,3,1.821,0,0,0.000,0,0,0,0,0,0,0,0
96,-2,3,3,1.891,0,0,0.000,0,0,0,0,0,0,0,0
96,-4,5,3,0.431,0,0,0.000,0,0,0,0,0,0,0,0
96,1,-3,3,1.281,0,0,0.000,0,0,0,0,0,0,0,0
96,0,-2,3,0.231,0,0,0.000,0,0,0,0,0,0,0,0
96,0,3,3,0.211,0,0,0.000,0,0,0,0,0,0,0,0
96,-6,6,2,0.501,0,0,0.000,0,0,0,0,0,0,0,0
96,-2,6,2,0.901,0,0,0.000,0,0,0,0,0,0,0,0
96,-3,3,3,0.411,0,0,0.000,0,0,0,0,0,0,0,0
96,2,-2,2,0.821,0,0,0.000,0,0,0,0,0,0,0,0
96,-4,-2,2,0.721,0,0,0.000,0,0,0,0,0,0,0,0
96,2,2,1,0.891,0,0,0.000,0,0,0,0,0,0,0,0
96,-5,1,0,0.361,0,0,0.000,0,0,0,0,0,0,0,0
96,2,-3,2,0.251,0,0,0.000,0,0,0,0,0,0,0,0
96,-4,0,2,0.221,0,0,0.000,0,0,0,0,0,0,0,0
96,-3,4,3,0.991,0,0,0.000,0,0,0,0,0,0,0,0
96,-4,8,1,1.411,0,0,0.000,0,0,0,0,0,0,0,0
96,1,2,2,1.601,0,0,0.000,0,0,0,0,0,0,0,0
96,-6,2,0,1.751,0,0,0.000,0,0,0,0,0,0,0,0
96,-5,-2,0,0.711,0,0,0.000,0,0,0,0,0,0,0,0
96,3,1,1,1.141,0,0,0.000,0,0,0,0,0,0,0,0
96,-6,7,2,1.401,0,0,0.000,0,1,0,3,0,0,0,0
96,2,-4,2,0.761,0,0,0.000,0,0,0,0,0,0,0,0
96,-1,3,3,1.511,0,0,0.000,0,0,0,0,0,0,0,0
96,-1,2,3,0.471,0,0,0.000,0,0,0,0,0,0,0,0
96,-5,8,1,0.841,0,0,0.000,0,0,0,0,0,0,16,16
96,1,4,2,0.331,0,0,0.000,0,0,0,0,0,0,0,0
96,1,0,3,0.291,0,0,0.000,0,0,0,0,0,0,0,0
96,-2,1,3,0.521,0,0,0.000,0,0,0,0,0,0,0,0
96,-5,0,1,0.301,0,0,0.000,0,0,0,0,0,0,0,0
96,2,0,3,4.951,0,0,0.000,0,0,0,0,0,0,0,0
96,2,4,1,0.441,0,0,0.000,0,0,0,0,0,0,0,0
96,-6,3,0,0.432,0,0,0.000,0,0,0,0,0,0,0,0
96,3,0,0,0.181,0,0,0.000,0,0,0,0,0,0,0,0
96,-5,4,2,1.601,0,0,0.000,0,0,0,0,0,0,0,0
96,1,-2,3,0.221,0,0,0.000,0,0,0,0,0,0,0,0
96,-4,-3,0,1.631,0,0,0.000,0,0,0,0,0,0,0,0
96,3,-5,0,0.611,0,0,0.000,0,0,0,0,0,0,0,0
96,0,6,0,0.531,0,0,0.000,0,0,0,0,0,0,0,0
96,2,5,0,0.971,0,0,0.000,0,0,0,0,0,0,0,0
96,-3,7,0,2.181,0,0,0.000,0,0,0,0,0,0,0,0
96,-5,5,3,0.971,0,0,0.000,0,0,0,0,0,0,0,0
96,2,-5,1,0.501,0,0,0.000,0,0,0,0,0,0,0,0
96,4,-3,0,0.431,0,0,0.000,0,0,0,0,0,0,0,0
96,-3,-3,0,0.112,0,0,0.000,0,0,0,0,0,0,0,0
96,-3,-1,3,0.111,0,0,0.000,0,0,0,0,0,0,0,0
96,0,5,3,0.311,0,0,0.000,0,0,0,0,0,0,0,0
96,0,0,3,0.451,0,0,0.000,0,0,0,0,0,0,0,0
96,3,-1,0,1.031,0,0,0.000,0,0,0,0,0,0,0,0
96,-1,-4,0,0.312,0,0,0.000,0,0,0,0,0,0,0,0
96,3,-2,1,0.411,0,0,0.000,0,0,0,0,0,0,0,0
96,1,5,0,0.521,0,0,0.000,0,0,0,0,0,0,0,0
96,-3,-2,2,0.181,0,0,0.000,0,0,0,0,0,0,0,0
96,-1,0,3,0.211,0,0,0.000,0,0,0,0,0,0,0,0
96,-5,-1,1,1.671,0,0,0.000,0,0,0,0,0,0,0,0
96,0,-1,3,0.191,0,0,0.000,0,0,0,0,0,0,0,0
96,-2,7,0,0.621,0,0,0.000,0,0,0,0,0,0,0,0
96,-6,4,1,4.541,0,0,0.000,0,0,0,0,0,0,0,0
96,-4,4,3,1.321,0,0,0.000,0,0,0,0,0,0,0,0
96,1,1,3,0.191,0,0,0.000,0,0,0,0,0,0,0,0
96,3,-4,0,0.731,0,0,0.000,0,0,0,0,0,0,0,0
96,-4,-1,3,0.341,0,0,0.000,0,0,0,0,0,0,0,0
96,-1,4,3,0.181,0,0,0.000,0,0,0,0,0,0,0,0
96,1,3,3,0.151,0,0,0.000,0,0,0,0,0,0,0,0
96,2,3,0,0.961,0,0,0.000,0,0,0,0,0,0,0,0
96,-2,-2,3,0.371,0,0,0.000,0,0,0,0,0,0,0,0
96,3,-3,0,1.061,0,0,0.000,0,0,0,0,0,0,0,0
96,-4,7,2,1.431,0,0,0.000,0,0,0,0,0,0,0,0
96,-1,-3,2,0.391,0,0,0.000,0,0,0,0,0,0,0,0
96,-5,7,2,2.941,0,0,0.000,0,0,0,0,0,0,0,0
96,-1,6,1,1.561,0,0,0.000,0,0,0,0,0,0,0,0
96,-3,5,3,0.191,0,0,0.000,0,0,0,0,0,0,0,0
96,-7,8,0,0.733,3,0,0.843,1,0,0,0,0,3,204,204
96,-3,6,3,0.371,0,0,0.000,0,0,0,0,0,0,0,0
96,-5,6,3,0.621,0,0,0.000,0,0,0,0,0,0,0,0
96,-4,2,3,2.081,0,0,0.000,0,0,0,0,0,0,0,0
96,-3,1,3,0.181,0,0,0.000,0,0,0,0,0,0,0,0
96,-6,5,0,0.273,0,0,0.000,0,0,0,0,0,0,0,0
96,1,-1,3,0.941,0,0,0.000,0,0,0,0,0,0,0,0
96,-4,1,3,0.211,0,0,0.000,0,0,0,0,0,0,0,0
96,-5,2,2,0.711,0,0,0.000,0,0,0,0,0,0,0,0
96,-2,-3,0,0.172,0,0,0.000,0,0,0,0,0,0,0,0
96,1,-5,0,0.111,0,0,0.000,0,0,0,0,0,0,0,0
96,-7,7,0,2.511,0,0,0.000,0,0,0,0,0,0,10,10
96,2,1,2,0.351,0,0,0.000,0,0,0,0,0,0,0,0
97,1,-4,2,0.251,0,0,0.000,0,0,0,0,0,0,0,0
97,-3,0,3,30.000,0,0,0.000,0,0,0,0,0,0,0,0
97,-2,2,3,0.441,0,0,0.000,0,0,0,0,0,0,0,0
97,-1,-1,3,0.871,0,0,0.000,0,0,0,0,0,0,0,0
97,0,1,3,0.151,0,0,0.000,0,0,0,0,0,0,0,0
97,-5,3,2,0.451,0,0,0.000,0,0,0,0,0,0,0,0
97,-1,1,3,0.801,0,0,0.000,0,0,0,0,0,0,0,0
97,-2,-1,3,0.181,0,0,0.000,0,0,0,0,0,0,0,0
97,0,4,3,0.471,0,0,0.000,0,0,0,0,0,0,0,0
97,3,-6,0,0.701,0,0,0.000,0,0,0,0,0,0,0,0
97,-2,4,3,2.261,0,0,0.000,0,0,0,0,0,0,0,0
97,-2,0,3,0.431,0,0,0.000,0,0,0,0,0,0,0,0
97,0,2,3,0.381,0,0,0.000,0,0,0,0,0,0,0,0
97,-4,3,3,0.181,0,0,0.000,0,0,0,0,0,0,0,0
97,-5,9,0,2.202,1,0,2.302,1,0,0,0,0,1,71,71
97,-7,6,1,1.311,0,0,0.000,0,0,0,0,0,0,0,0
97,-3,2,3,0.161,0,0,0.000,0,0,0,0,0,0,0,0
97,2,-1,2,2.091,0,0,0.000,0,0,0,0,0,0,0,0
97,0,-4,1,1.011,0,0,0.000,0,0,0,0,0,0,0,0
97,-2,5,3,1.061,0,0,0.000,0,0,0,0,0,0,0,0
97,-4,6,3,1.191,0,0,0.000,0,0,0,0,0,0,0,0
97,-1,5,2,0.411,0,0,0.000,0,0,0,0,0,0,0,0
97,0,-3,2,0.161,0,0,0.000,0,0,0,0,0,0,0,0
97,-6,8,0,0.991,0,0,0.000,0,0,0,0,0,0,15,15
97,-1,-2,3,0.441,0,0,0.000,0,0,0,0,0,0,0,0
97,-2,3,3,0.371,0,0,0.000,0,0,0,0,0,0,0,0
97,-4,5,3,0.431,0,0,0.000,0,0,0,0,0,0,0,0
97,1,-3,3,0.831,0,0,0.000,0,0,0,0,0,0,0,0
97,0,-2,3,0.231,0,0,0.000,0,0,0,0,0,0,0,0
97,0,3,3,0.201,0,0,0.000,0,0,0,0,0,0,0,0
97,-6,6,2,0.501,0,0,0.000,0,0,0,0,0,0,0,0
97,-2,6,2,0.512,0,0,0.000,0,0,0,0,0,0,0,0
97,-3,3,3,0.911,0,0,0.000,0,0,0,0,0,0,0,0
97,2,-2,2,0.221,0,0,0.000,0,0,0,0,0,0,0,0
97,-4,-2,2,0.571,0,0,0.000,0,0,0,0,0,0,0,0
97,2,2,1,0.151,0,0,0.000,0,0,0,0,0,0,0,0
97,-5,1,0,0.361,0,0,0.000,0,0,0,0,0,0,0,0
97,2,-3,2,0.801,0,0,0.000,0,0,0,0,0,0,0,0
97,-4,0,2,0.451,0,0,0.000,0,0,0,0,0,0,0,0
97,-3,4,3,0.381,0,0,0.000,0,0,0,0,0,0,0,0
97,-4,8,1,1.651,0,0,0.000,0,0,0,0,0,0,0,0
97,1,2,2,0.751,0,0,0.000,0,0,0,0,0,0,0,0
97,-6,2,0,0.431,0,0,0.000,0,0,0,0,0,0,0,0
97,-5,-2,0,0.711,0,0,0.000,0,0,0,0,0,0,0,0
97,3,1,1,1.011,0,0,0.000,0,0,0,0,0,0,0,0
97,-6,7,2,1.794,0,0,0.000,0,1,0,2,0,0,0,0
97,2,-4,2,0.241,0,0,0.000,0,0,0,0,0,0,0,0
97,-1,3,3,0.551,0,0,0.000,0,0,0,0,0,0,0,0
97,-1,2,3,0.151,0,0,0.000,0,0,0,0,0,0,0,0
97,-5,8,1,1.152,0,0,0.000,0,1,0,1,0,0,9,9
97,1,4,2,0.501,0,0,0.000,0,0,0,0,0,0,0,0
97,1,0,3,0.161,0,0,0.000,0,0,0,0,0,0,0,0
97,-2,1,3,0.611,0,0,0.000,0,0,0,0,0,0,0,0
97,-5,0,1,0.271,0,0,0.000,0,0,0,0,0,0,0,0
97,2,0,3,0.351,0,0,0.000,0,0,0,0,0,0,0,0
97,2,4,1,0.331,0,0,0.000,0,0,0,0,0,0,0,0
97,-6,3,0,0.721,0,0,0.000,0,0,0,0,0,0,0,0
97,3,0,0,0.761,0,0,0.000,0,0,0,0,0,0,0,0
97,-5,4,2,0.221,0,0,0.000,0,0,0,0,0,0,0,0
97,1,-2,3,0.451,0,0,0.000,0,0,0,0,0,0,0,0
97,-4,-3,0,0.471,0,0,0.000,0,0,0,0,0,0,0,0
97,3,-5,0,0.341,0,0,0.000,0,0,0,0,0,0,0,0
97,0,6,0,0.871,0,0,0.000,0,0,0,0,0,0,0,0
97,2,5,0,1.391,0,0,0.000,0,0,0,0,0,0,1,1
97,-3,7,0,0.652,0,0,0.000,0,0,0,0,0,0,0,0
97,-5,5,3,0.771,0,0,0.000,0,0,0,0,0,0,0,0
97,2,-5,1,0.461,0,0,0.000,0,0,0,0,0,0,0,0
97,4,-3,0,0.891,0,0,0.000,0,0,0,0,0,0,0,0
97,-3,-3,0,0.112,0,0,0.000,0,0,0,0,0,0,0,0
97,-3,-1,3,0.111,0,0,0.000,0,0,0,0,0,0,0,0
97,0,5,3,0.311,0,0,0.000,0,0,0,0,0,0,0,0
97,0,0,3,0.511,0,0,0.000,0,0,0,0,0,0,0,0
97,3,-1,0,0.141,0,0,0.000,0,0,0,0,0,0,0,0
97,-1,-4,0,0.241,0,0,0.000,0,0,0,0,0,0,0,0
97,3,-2,1,0.831,0,0,0.000,0,0,0,0,0,0,0,0
97,1,5,0,0.441,0,0,0.000,0,0,0,0,0,0,0,0
97,-3,-2,2,0.252,0,0,0.000,0,0,0,0,0,0,0,0
97,-1,0,3,0.381,0,0,0.000,0,0,0,0,0,0,0,0
97,-5,-1,1,2.371,0,0,0.000,0,0,0,0,0,0,0,0
97,0,-1,3,0.371,0,0,0.000,0,0,0,0,0,0,0,0
97,-2,7,0,0.771,0,0,0.000,0,0,0,0,0,0,0,0
97,-6,4,1,0.464,0,0,0.000,0,0,0,0,0,0,0,0
97,-4,4,3,0.181,0,0,0.000,0,0,0,0,0,0,0,0
97,1,1,3,0.491,0,0,0.000,0,0,0,0,0,0,0,0
97,3,-4,0,0.253,0,0,0.000,0,0,0,0,0,0,0,0
97,-4,-1,3,0.731,0,0,0.000,0,0,0,0,0,0,0,0
97,-1,4,3,1.801,0,0,0.000,0,0,0,0,0,0,0,0
97,1,3,3,0.451,0,0,0.000,0,0,0,0,0,0,0,0
97,2,3,0,0.601,0,0,0.000,0,0,0,0,0,0,0,0
97,-2,-2,3,0.851,0,0,0.000,0,0,0,0,0,0,0,0
97,3,-3,0,0.581,0,0,0.000,0,0,0,0,0,0,0,0
97,-4,7,2,0.651,0,0,0.000,0,0,0,0,0,0,0,0
97,-1,-3,2,3.791,0,0,0.000,0,0,0,0,0,0,0,0
97,-5,7,2,1.591,0,0,0.000,0,0,0,0,0,0,0,0
97,-1,6,1,1.361,0,0,0.000,0,0,0,0,0,0,0,0
97,-3,5,3,1.381,0,0,0.000,0,0,0,0,0,0,0,0
97,-7,8,0,0.862,2,0,0.962,1,0,0,0,0,2,209,209
97,-3,6,3,0.391,0,0,0.000,0,0,0,0,0,0,0,0
97,-5,6,3,0.711,0,0,0.000,0,0,0,0,0,0,0,0
97,-4,2,3,0.101,0,0,0.000,0,0,0,0,0,0,0,0
97,-3,1,3,0.521,0,0,0.000,0,0,0,0,0,0,0,0
97,-6,5,0,1.382,0,0,0.000,0,0,0,0,0,0,0,0
97,1,-1,3,0.371,0,0,0.000,0,0,0,0,0,0,0,0
97,-4,1,3,0.251,0,0,0.000,0,0,0,0,0,0,0,0
97,-5,2,2,0.951,0,0,0.000,0,0,0,0,0,0,0,0
97,-2,-3,0,0.701,0,0,0.000,0,0,0,0,0,0,0,0
97,1,-5,0,0.111,0,0,0.000,0,0,0,0,0,0,0,0
97,-7,7,0,1.071,0,0,0.000,0,0,0,0,0,0,13,13
97,2,1,2,0.351,0,0,0.000,0,0,0,0,0,0,0,0
98,1,-4,2,1.291,0,0,0.000,0,0,0,0,0,0,0,0
98,-3,0,3,1.231,0,0,0.000,0,0,0,0,0,0,0,0
98,-2,2,3,2.221,0,0,0.000,0,0,0,0,0,0,0,0
98,-1,-1,3,0.221,0,0,0.000,0,0,0,0,0,0,0,0
98,0,1,3,0.231,0,0,0.000,0,0,0,0,0,0,0,0
98,-5,3,2,0.221,0,0,0.000,0,0,0,0,0,0,0,0
98,-1,1,3,0.381,0,0,0.000,0,0,0,0,0,0,0,0
98,-2,-1,3,0.181,0,0,0.000,0,0,0,0,0,0,0,0
98,0,4,3,0.471,0,0,0.000,0,0,0,0,0,0,0,0
98,3,-6,0,2.381,0,0,0.000,0,0,0,0,0,0,0,0
98,-2,4,3,1.571,0,0,0.000,0,0,0,0,0,0,0,0
98,-2,0,3,0.651,0,0,0.000,0,0,0,0,0,0,0,0
98,0,2,3,1.851,0,0,0.000,0,0,0,0,0,0,0,0
98,-4,3,3,0.341,0,0,0.000,0,0,0,0,0,0,0,0
98,-5,9,0,0.881,0,0,0.000,0,0,0,0,0,0,67,67
98,-7,6,1,0.723,0,0,0.000,0,0,0,0,0,0,0,0
98,-3,2,3,0.161,0,0,0.000,0,0,0,0,0,0,0,0
98,2,-1,2,0.891,0,0,0.000,0,0,0,0,0,0,0,0
98,0,-4,1,0.381,0,0,0.000,0,0,0,0,0,0,0,0
98,-2,5,3,0.471,0,0,0.000,0,0,0,0,0,0,0,0
98,-4,6,3,1.671,0,0,0.000,0,0,0,0,0,0,0,0
98,-1,5,2,0.201,0,0,0.000,0,0,0,0,0,0,0,0
98,0,-3,2,0.161,0,0,0.000,0,0,0,0,0,0,0,0
98,-6,8,0,1.591,0,0,0.000,0,0,0,0,0,0,17,17
98,-1,-2,3,0.221,0,0,0.000,0,0,0,0,0,0,0,0
98,-2,3,3,1.131,0,0,0.000,0,0,0,0,0,0,0,0
98,-4,5,3,0.211,0,0,0.000,0,0,0,0,0,0,0,0
98,1,-3,3,1.041,0,0,0.000,0,0,0,0,0,0,0,0
98,0,-2,3,0.531,0,0,0.000,0,0,0,0,0,0,0,0
98,0,3,3,0.411,0,0,0.000,0,0,0,0,0,0,0,0
98,-6,6,2,0.601,0,0,0.000,0,0,0,0,0,0,0,0
98,-2,6,2,1.681,0,0,0.000,0,0,0,0,0,0,0,0
98,-3,3,3,0.311,0,0,0.000,0,0,0,0,0,0,0,0
98,2,-2,2,0.391,0,0,0.000,0,0,0,0,0,0,0,0
98,-4,-2,2,0.271,0,0,0.000,0,0,0,0,0,0,0,0
98,2,2,1,0.151,0,0,0.000,0,0,0,0,0,0,0,0
98,-5,1,0,0.761,0,0,0.000,0,0,0,0,0,0,0,0
98,2,-3,2,0.131,0,0,0.000,0,0,0,0,0,0,0,0
98,-4,0,2,2.291,0,0,0.000,0,0,0,0,0,0,0,0
98,-3,4,3,0.531,0,0,0.000,0,0,0,0,0,0,0,0
98,-4,8,1,1.432,0,0,0.000,0,0,0,0,0,0,1,1
98,1,2,2,1.511,0,0,0.000,0,0,0,0,0,0,0,0
98,-6,2,0,0.521,0,0,0.000,0,0,0,0,0,0,0,0
98,-5,-2,0,1.511,0,0,0.000,0,0,0,0,0,0,0,0
98,3,1,1,0.201,0,0,0.000,0,0,0,0,0,0,0,0
98,-6,7,2,1.133,0,0,0.000,0,1,0,1,0,0,0,0
98,2,-4,2,0.321,0,0,0.000,0,0,0,0,0,0,0,0
98,-1,3,3,0.231,0,0,0.000,0,0,0,0,0,0,0,0
98,-1,2,3,0.151,0,0,0.000,0,0,0,0,0,0,0,0
98,-5,8,1,1.421,0,0,0.000,0,0,0,0,0,0,21,21
98,1,4,2,1.201,0,0,0.000,0,0,0,0,0,0,0,0
98,1,0,3,0.331,0,0,0.000,0,0,0,0,0,0,0,0
98,-2,1,3,2.311,0,0,0.000,0,0,0,0,0,0,0,0
98,-5,0,1,1.191,0,0,0.000,0,0,0,0,0,0,0,0
98,2,0,3,0.301,0,0,0.000,0,0,0,0,0,0,0,0
98,2,4,1,0.331,0,0,0.000,0,0,0,0,0,0,0,0
98,-6,3,0,0.501,0,0,0.000,0,0,0,0,0,0,0,0
98,3,0,0,0.212,0,0,0.000,0,0,0,0,0,0,0,0
98,-5,4,2,0.451,0,0,0.000,0,0,0,0,0,0,0,0
98,1,-2,3,0.911,0,0,0.000,0,0,0,0,0,0,0,0
98,-4,-3,0,0.471,0,0,0.000,0,0,0,0,0,0,0,0
98,3,-5,0,0.611,0,0,0.000,0,0,0,0,0,0,0,0
98,0,6,0,1.101,0,0,0.000,0,0,0,0,0,0,0,0
98,2,5,0,0.411,0,0,0.000,0,0,0,0,0,0,0,0
98,-3,7,0,0.861,0,0,0.000,0,0,0,0,0,0,0,0
98,-5,5,3,0.392,0,0,0.000,0,0,0,0,0,0,0,0
98,2,-5,1,3.183,0,0,0.000,0,0,0,0,0,0,0,0
98,4,-3,0,1.351,0,0,0.000,0,0,0,0,0,0,0,0
98,-3,-3,0,0.112,0,0,0.000,0,0,0,0,0,0,0,0
98,-3,-1,3,0.181,0,0,0.000,0,0,0,0,0,0,0,0
98,0,5,3,0.631,0,0,0.000,0,0,0,0,0,0,0,0
98,0,0,3,1.421,0,0,0.000,0,0,0,0,0,0,0,0
98,3,-1,0,0.431,0,0,0.000,0,0,0,0,0,0,0,0
98,-1,-4,0,0.241,0,0,0.000,0,0,0,0,0,0,0,0
98,3,-2,1,1.041,0,0,0.000,0,0,0,0,0,0,0,0
98,1,5,0,1.421,0,0,0.000,0,0,0,0,0,0,0,0
98,-3,-2,2,0.181,0,0,0.000,0,0,0,0,0,0,0,0
98,-1,0,3,0.821,0,0,0.000,0,0,0,0,0,0,0,0
98,-5,-1,1,0.661,0,0,0.000,0,0,0,0,0,0,0,0
98,0,-1,3,2.611,0,0,0.000,0,0,0,0,0,0,0,0
98,-2,7,0,1.111,0,0,0.000,0,0,0,0,0,0,0,0
98,-6,4,1,0.822,0,0,0.000,0,0,0,0,0,0,0,0
98,-4,4,3,1.131,0,0,0.000,0,0,0,0,0,0,0,0
98,1,1,3,0.491,0,0,0.000,0,0,0,0,0,0,0,0
98,3,-4,0,2.111,0,0,0.000,0,0,0,0,0,0,0,0
98,-4,-1,3,0.981,0,0,0.000,0,0,0,0,0,0,0,0
98,-1,4,3,0.281,0,0,0.000,0,0,0,0,0,0,0,0
98,1,3,3,0.291,0,0,0.000,0,0,0,0,0,0,0,0
98,2,3,0,0.211,0,0,0.000,0,0,0,0,0,0,0,0
98,-2,-2,3,0.181,0,0,0.000,0,0,0,0,0,0,0,0
98,3,-3,0,0.232,0,0,0.000,0,0,0,0,0,0,0,0
98,-4,7,2,0.591,0,0,0.000,0,0,0,0,0,0,0,0
98,-1,-3,2,0.391,0,0,0.000,0,0,0,0,0,0,0,0
98,-5,7,2,2.131,0,0,0.000,0,0,0,0,0,0,0,0
98,-1,6,1,0.582,0,0,0.000,0,0,0,0,0,0,0,0
98,-3,5,3,0.261,0,0,0.000,0,0,0,0,0,0,0,0
98,-7,8,0,0.831,1,0,0.921,1,0,0,0,0,1,217,217
98,-3,6,3,1.131,0,0,0.000,0,0,0,0,0,0,0,0
98,-5,6,3,1.671,0,0,0.000,0,0,0,0,0,0,0,0
98,-4,2,3,0.321,0,0,0.000,0,0,0,0,0,0,0,0
98,-3,1,3,0.331,0,0,0.000,0,0,0,0,0,0,0,0
98,-6,5,0,0.791,0,0,0.000,0,0,0,0,0,0,0,0
98,1,-1,3,0.391,0,0,0.000,0,0,0,0,0,0,0,0
98,-4,1,3,0.191,0,0,0.000,0,0,0,0,0,0,0,0
98,-5,2,2,0.351,0,0,0.000,0,0,0,0,0,0,0,0
98,-2,-3,0,0.311,0,0,0.000,0,0,0,0,0,0,0,0
98,1,-5,0,1.191,0,0,0.000,0,0,0,0,0,0,0,0
98,-7,7,0,1.071,0,0,0.000,0,0,0,0,0,0,6,6
98,2,1,2,0.711,0,0,0.000,0,0,0,0,0,0,0,0
99,1,-4,2,1.291,0,0,0.000,0,0,0,0,0,0,0,0
99,-3,0,3,0.351,0,0,0.000,0,0,0,0,0,0,0,0
99,-2,2,3,1.461,0,0,0.000,0,0,0,0,0,0,0,0
99,-1,-1,3,0.121,0,0,0.000,0,0,0,0,0,0,0,0
99,0,1,3,0.111,0,0,0.000,0,0,0,0,0,0,0,0
99,-5,3,2,1.141,0,0,0.000,0,0,0,0,0,0,0,0
99,-1,1,3,4.161,0,0,0.000,0,0,0,0,0,0,0,0
99,-2,-1,3,1.271,0,0,0.000,0,0,0,0,0,0,0,0
99,0,4,3,0.951,0,0,0.000,0,0,0,0,0,0,0,0
99,3,-6,0,0.521,0,0,0.000,0,0,0,0,0,0,0,0
99,-2,4,3,0.421,0,0,0.000,0,0,0,0,0,0,0,0
99,-2,0,3,1.091,0,0,0.000,0,0,0,0,0,0,0,0
99,0,2,3,0.981,0,0,0.000,0,0,0,0,0,0,0,0
99,-4,3,3,2.431,0,0,0.000,0,0,0,0,0,0,0,0
99,-5,9,0,5.681,1,0,5.781,1,0,0,0,0,1,63,63
99,-7,6,1,0.724,0,0,0.000,0,0,0,0,0,0,0,0
99,-3,2,3,1.101,0,0,0.000,0,0,0,0,0,0,0,0
99,2,-1,2,0.891,0,0,0.000,0,0,0,0,0,0,0,0
99,0,-4,1,0.201,0,0,0.000,0,0,0,0,0,0,0,0
99,-2,5,3,1.221,0,0,0.000,0,0,0,0,0,0,0,0
99,-4,6,3,0.951,0,0,0.000,0,0,0,0,0,0,0,0
99,-1,5,2,1.461,0,0,0.000,0,0,0,0,0,0,0,0
99,0,-3,2,0.271,0,0,0.000,0,0,0,0,0,0,0,0
99,-6,8,0,1.391,0,0,0.000,0,0,0,0,0,0,10,10
99,-1,-2,3,0.671,0,0,0.000,0,0,0,0,0,0,0,0
99,-2,3,3,0.371,0,0,0.000,0,0,0,0,0,0,0,0
99,-4,5,3,0.211,0,0,0.000,0,0,0,0,0,0,0,0
99,1,-3,3,1.491,0,0,0.000,0,0,0,0,0,0,0,0
99,0,-2,3,0.141,0,0,0.000,0,0,0,0,0,0,0,0
99,0,3,3,0.761,0,0,0.000,0,0,0,0,0,0,0,0
99,-6,6,2,0.671,0,0,0.000,0,0,0,0,0,0,0,0
99,-2,6,2,0.761,0,0,0.000,0,0,0,0,0,0,0,0
99,-3,3,3,0.201,0,0,0.000,0,0,0,0,0,0,0,0
99,2,-2,2,0.221,0,0,0.000,0,0,0,0,0,0,0,0
99,-4,-2,2,0.421,0,0,0.000,0,0,0,0,0,0,0,0
99,2,2,1,0.451,0,0,0.000,0,0,0,0,0,0,0,0
99,-5,1,0,0.561,0,0,0.000,0,0,0,0,0,0,0,0
99,2,-3,2,0.131,0,0,0.000,0,0,0,0,0,0,0,0
99,-4,0,2,0.451,0,0,0.000,0,0,0,0,0,0,0,0
99,-3,4,3,0.211,0,0,0.000,0,0,0,0,0,0,0,0
99,-4,8,1,2.371,0,0,0.000,0,0,0,0,0,0,1,1
99,1,2,2,0.491,0,0,0.000,0,0,0,0,0,0,0,0
99,-6,2,0,0.431,0,0,0.000,0,0,0,0,0,0,0,0
99,-5,-2,0,0.631,0,0,0.000,0,0,0,0,0,0,0,0
99,3,1,1,0.381,0,0,0.000,0,0,0,0,0,0,0,0
99,-6,7,2,0.752,0,0,0.000,0,0,0,0,0,0,0,0
99,2,-4,2,0.821,0,0,0.000,0,0,0,0,0,0,0,0
99,-1,3,3,0.311,0,0,0.000,0,0,0,0,0,0,0,0
99,-1,2,3,0.471,0,0,0.000,0,0,0,0,0,0,0,0
99,-5,8,1,1.152,0,0,0.000,0,1,0,1,0,0,14,14
99,1,4,2,0.362,0,0,0.000,0,0,0,0,0,0,0,0
99,1,0,3,0.631,0,0,0.000,0,0,0,0,0,0,0,0
99,-2,1,3,0.521,0,0,0.000,0,0,0,0,0,0,0,0
99,-5,0,1,0.831,0,0,0.000,0,0,0,0,0,0,0,0
99,2,0,3,0.611,0,0,0.000,0,0,0,0,0,0,0,0
99,2,4,1,0.681,0,0,0.000,0,0,0,0,0,0,0,0
99,-6,3,0,0.531,0,0,0.000,0,0,0,0,0,0,0,0
99,3,0,0,0.212,0,0,0.000,0,0,0,0,0,0,0,0
99,-5,4,2,0.451,0,0,0.000,0,0,0,0,0,0,0,0
99,1,-2,3,0.451,0,0,0.000,0,0,0,0,0,0,0,0
99,-4,-3,0,1.391,0,0,0.000,0,0,0,0,0,0,0,0
99,3,-5,0,0.341,0,0,0.000,0,0,0,0,0,0,0,0
99,0,6,0,1.101,0,0,0.000,0,0,0,0,0,0,0,0
99,2,5,0,0.621,0,0,0.000,0,0,0,0,0,0,0,0
99,-3,7,0,0.652,0,0,0.000,0,0,0,0,0,0,0,0
99,-5,5,3,0.592,0,0,0.000,0,0,0,0,0,0,0,0
99,2,-5,1,0.291,0,0,0.000,0,0,0,0,0,0,0,0
99,4,-3,0,1.121,0,0,0.000,0,0,0,0,0,0,0,0
99,-3,-3,0,0.112,0,0,0.000,0,0,0,0,0,0,0,0
99,-3,-1,3,0.231,0,0,0.000,0,0,0,0,0,0,0,0
99,0,5,3,0.311,0,0,0.000,0,0,0,0,0,0,0,0
99,0,0,3,2.531,0,0,0.000,0,0,0,0,0,0,0,0
99,3,-1,0,0.281,0,0,0.000,0,0,0,0,0,0,0,0
99,-1,-4,0,0.781,0,0,0.000,0,0,0,0,0,0,0,0
99,3,-2,1,0.621,0,0,0.000,0,0,0,0,0,0,0,0
99,1,5,0,2.321,0,0,0.000,0,0,0,0,0,0,0,0
99,-3,-2,2,0.751,0,0,0.000,0,0,0,0,0,0,0,0
99,-1,0,3,0.911,0,0,0.000,0,0,0,0,0,0,0,0
99,-5,-1,1,0.971,0,0,0.000,0,0,0,0,0,0,0,0
99,0,-1,3,0.371,0,0,0.000,0,0,0,0,0,0,0,0
99,-2,7,0,1.321,0,0,0.000,0,0,0,0,0,0,0,0
99,-6,4,1,1.091,0,0,0.000,0,0,0,0,0,0,0,0
99,-4,4,3,0.561,0,0,0.000,0,0,0,0,0,0,0,0
99,1,1,3,3.751,0,0,0.000,0,0,0,0,0,0,0,0
99,3,-4,0,0.991,0,0,0.000,0,0,0,0,0,0,0,0
99,-4,-1,3,0.731,0,0,0.000,0,0,0,0,0,0,0,0
99,-1,4,3,0.311,0,0,0.000,0,0,0,0,0,0,0,0
99,1,3,3,0.151,0,0,0.000,0,0,0,0,0,0,0,0
99,2,3,0,0.651,0,0,0.000,0,0,0,0,0,0,0,0
99,-2,-2,3,0.471,0,0,0.000,0,0,0,0,0,0,0,0
99,3,-3,0,0.232,0,0,0.000,0,0,0,0,0,0,0,0
99,-4,7,2,0.711,0,0,0.000,0,0,0,0,0,0,0,0
99,-1,-3,2,1.391,0,0,0.000,0,0,0,0,0,0,0,0
99,-5,7,2,1.321,0,0,0.000,0,0,0,0,0,0,0,0
99,-1,6,1,0.392,0,0,0.000,0,0,0,0,0,0,0,0
99,-3,5,3,0.191,0,0,0.000,0,0,0,0,0,0,0,0
99,-7,8,0,0.831,0,0,0.000,0,0,0,0,0,0,207,207
99,-3,6,3,0.561,0,0,0.000,0,0,0,0,0,0,0,0
99,-5,6,3,0.831,0,0,0.000,0,0,0,0,0,0,0,0
99,-4,2,3,0.101,0,0,0.000,0,0,0,0,0,0,0,0
99,-3,1,3,0.331,0,0,0.000,0,0,0,0,0,0,0,0
99,-6,5,0,0.651,0,0,0.000,0,0,0,0,0,0,1,1
99,1,-1,3,2.461,0,0,0.000,0,0,0,0,0,0,0,0
99,-4,1,3,0.821,0,0,0.000,0,0,0,0,0,0,0,0
99,-5,2,2,0.171,0,0,0.000,0,0,0,0,0,0,0,0
99,-2,-3,0,0.851,0,0,0.000,0,0,0,0,0,0,0,0
99,1,-5,0,0.471,0,0,0.000,0,0,0,0,0,0,0,0
99,-7,7,0,1.251,0,0,0.000,0,0,0,0,0,0,12,12
99,2,1,2,0.531,0,0,0.000,0,0,0,0,0,0,0,0
100,1,-4,2,0.511,0,0,0.000,0,0,0,0,0,0,0,0
100,-3,0,3,1.451,0,0,0.000,0,0,0,0,0,0,0,0
100,-2,2,3,0.451,0,0,0.000,0,0,0,0,0,0,0,0
100,-1,-1,3,0.151,0,0,0.000,0,0,0,0,0,0,0,0
100,0,1,3,0.171,0,0,0.000,0,0,0,0,0,0,0,0
100,-5,3,2,1.601,0,0,0.000,0,0,0,0,0,0,0,0
100,-1,1,3,0.801,0,0,0.000,0,0,0,0,0,0,0,0
100,-2,-1,3,7.371,0,0,0.000,0,0,0,0,0,0,0,0
100,0,4,3,0.471,0,0,0.000,0,0,0,0,0,0,0,0
100,3,-6,0,0.701,0,0,0.000,0,0,0,0,0,0,0,0
100,-2,4,3,0.222,0,0,0.000,0,0,0,0,0,0,0,0
100,-2,0,3,0.651,0,0,0.000,0,0,0,0,0,0,0,0
100,0,2,3,0.251,0,0,0.000,0,0,0,0,0,0,0,0
100,-4,3,3,0.341,0,0,0.000,0,0,0,0,0,0,0,0
100,-5,9,0,2.201,0,0,0.000,0,0,0,0,0,0,64,64
100,-7,6,1,1.311,0,0,0.000,0,0,0,0,0,0,0,0
100,-3,2,3,0.421,0,0,0.000,0,0,0,0,0,0,0,0
100,2,-1,2,2.091,0,0,0.000,0,0,0,0,0,0,0,0
100,0,-4,1,0.271,0,0,0.000,0,0,0,0,0,0,0,0
100,-2,5,3,0.151,0,0,0.000,0,0,0,0,0,0,0,0
100,-4,6,3,30.000,0,0,0.000,0,0,0,0,0,0,0,0
100,-1,5,2,0.411,0,0,0.000,0,0,0,0,0,0,0,0
100,0,-3,2,2.241,0,0,0.000,0,0,0,0,0,0,0,0
100,-6,8,0,2.812,0,0,0.000,0,0,0,0,0,0,11,11
100,-1,-2,3,2.281,0,0,0.000,0,0,0,0,0,0,0,0
100,-2,3,3,0.941,0,0,0.000,0,0,0,0,0,0,0,0
100,-4,5,3,0.454,0,0,0.000,0,0,0,0,0,0,0,0
100,1,-3,3,0.411,0,0,0.000,0,0,0,0,0,0,0,0
100,0,-2,3,0.141,0,0,0.000,0,0,0,0,0,0,0,0
100,0,3,3,1.391,0,0,0.000,0,0,0,0,0,0,0,0
100,-6,6,2,2.641,0,0,0.000,0,0,0,0,0,0,0,0
100,-2,6,2,0.661,0,0,0.000,0,0,0,0,0,0,0,0
100,-3,3,3,1.311,0,0,0.000,0,0,0,0,0,0,0,0
100,2,-2,2,0.221,0,0,0.000,0,0,0,0,0,0,0,0
100,-4,-2,2,0.421,0,0,0.000,0,0,0,0,0,0,0,0
100,2,2,1,0.251,0,0,0.000,0,0,0,0,0,0,0,0
100,-5,1,0,0.193,0,0,0.000,0,0,0,0,0,0,0,0
100,2,-3,2,0.131,0,0,0.000,0,0,0,0,0,0,0,0
100,-4,0,2,0.451,0,0,0.000,0,0,0,0,0,0,0,0
100,-3,4,3,0.311,0,0,0.000,0,0,0,0,0,0,0,0
100,-4,8,1,1.411,0,0,0.000,0,0,0,0,0,0,0,0
100,1,2,2,0.561,0,0,0.000,0,0,0,0,0,0,0,0
100,-6,2,0,0.871,0,0,0.000,0,0,0,0,0,0,0,0
100,-5,-2,0,1.351,0,0,0.000,0,0,0,0,0,0,0,0
100,3,1,1,0.931,0,0,0.000,0,0,0,0,0,0,0,0
100,-6,7,2,0.872,0,0,0.000,0,1,0,3,0,0,1,1
100,2,-4,2,0.241,0,0,0.000,0,0,0,0,0,0,0,0
100,-1,3,3,0.551,0,0,0.000,0,0,0,0,0,0,0,0
100,-1,2,3,0.151,0,0,0.000,0,0,0,0,0,0,0,0
100,-5,8,1,1.351,0,0,0.000,0,0,0,0,0,0,19,19
100,1,4,2,0.161,0,0,0.000,0,0,0,0,0,0,0,0
100,1,0,3,0.161,0,0,0.000,0,0,0,0,0,0,0,0
100,-2,1,3,0.641,0,0,0.000,0,0,0,0,0,0,0,0
100,-5,0,1,1.321,0,0,0.000,0,0,0,0,0,0,0,0
100,2,0,3,0.301,0,0,0.000,0,0,0,0,0,0,0,0
100,2,4,1,0.331,0,0,0.000,0,0,0,0,0,0,0,0
100,-6,3,0,1.071,0,0,0.000,0,0,0,0,0,0,0,0
100,3,0,0,0.181,0,0,0.000,0,0,0,0,0,0,0,0
100,-5,4,2,0.281,0,0,0.000,0,0,0,0,0,0,0,0
100,1,-2,3,0.451,0,0,0.000,0,0,0,0,0,0,0,0
100,-4,-3,0,0.711,0,0,0.000,0,0,0,0,0,0,0,0
100,3,-5,0,1.692,0,0,0.000,0,0,0,0,0,0,0,0
100,0,6,0,1.341,0,0,0.000,0,0,0,0,0,0,0,0
100,2,5,0,0.971,0,0,0.000,0,0,0,0,0,0,0,0
100,-3,7,0,1.521,0,0,0.000,0,0,0,0,0,0,0,0
100,-5,5,3,0.571,0,0,0.000,0,0,0,0,0,0,0,0
100,2,-5,1,1.153,0,0,0.000,0,0,0,0,0,0,0,0
100,4,-3,0,0.431,0,0,0.000,0,0,0,0,0,0,0,0
100,-3,-3,0,0.211,0,0,0.000,0,0,0,0,0,0,0,0
100,-3,-1,3,0.111,0,0,0.000,0,0,0,0,0,0,0,0
100,0,5,3,0.311,0,0,0.000,0,0,0,0,0,0,0,0
100,0,0,3,0.251,0,0,0.000,0,0,0,0,0,0,0,0
100,3,-1,0,0.281,0,0,0.000,0,0,0,0,0,0,0,0
100,-1,-4,0,0.152,0,0,0.000,0,0,0,0,0,0,0,0
100,3,-2,1,0.411,0,0,0.000,0,0,0,0,0,0,0,0
100,1,5,0,0.352,0,0,0.000,0,0,0,0,0,0,0,0
100,-3,-2,2,0.371,0,0,0.000,0,0,0,0,0,0,0,0
100,-1,0,3,0.211,0,0,0.000,0,0,0,0,0,0,0,0
100,-5,-1,1,1.671,0,0,0.000,0,0,0,0,0,0,0,0
100,0,-1,3,0.321,0,0,0.000,0,0,0,0,0,0,0,0
100,-2,7,0,0.771,0,0,0.000,0,0,0,0,0,0,0,0
100,-6,4,1,1.631,0,0,0.000,0,0,0,0,0,0,0,0
100,-4,4,3,0.941,0,0,0.000,0,0,0,0,0,0,0,0
100,1,1,3,0.191,0,0,0.000,0,0,0,0,0,0,0,0
100,3,-4,0,4.111,0,0,0.000,0,0,0,0,0,0,0,0
100,-4,-1,3,0.242,0,0,0.000,0,0,0,0,0,0,0,0
100,-1,4,3,0.181,0,0,0.000,0,0,0,0,0,0,0,0
100,1,3,3,0.151,0,0,0.000,0,0,0,0,0,0,0,0
100,2,3,0,1.401,0,0,0.000,0,0,0,0,0,0,0,0
100,-2,-2,3,0.181,0,0,0.000,0,0,0,0,0,0,0,0
100,3,-3,0,0.991,0,0,0.000,0,0,0,0,0,0,0,0
100,-4,7,2,0.921,0,0,0.000,0,0,0,0,0,0,0,0
100,-1,-3,2,0.591,0,0,0.000,0,0,0,0,0,0,0,0
100,-5,7,2,1.051,0,0,0.000,0,0,0,0,0,0,1,1
100,-1,6,1,0.761,0,0,0.000,0,0,0,0,0,0,0,0
100,-3,5,3,1.381,0,0,0.000,0,0,0,0,0,0,0,0
100,-7,8,0,0.831,3,0,0.941,1,0,0,0,0,3,203,203
100,-3,6,3,0.561,0,0,0.000,0,0,0,0,0,0,0,0
100,-5,6,3,0.621,0,0,0.000,0,0,0,0,0,0,0,0
100,-4,2,3,0.101,0,0,0.000,0,0,0,0,0,0,0,0
100,-3,1,3,0.841,0,0,0.000,0,0,0,0,0,0,0,0
100,-6,5,0,0.273,0,0,0.000,0,0,0,0,0,0,0,0
100,1,-1,3,2.461,0,0,0.000,0,0,0,0,0,0,0,0
100,-4,1,3,0.991,0,0,0.000,0,0,0,0,0,0,0,0
100,-5,2,2,0.231,0,0,0.000,0,0,0,0,0,0,0,0
100,-2,-3,0,0.172,0,0,0.000,0,0,0,0,0,0,0,0
100,1,-5,0,0.231,0,0,0.000,0,0,0,0,0,0,0,0
100,-7,7,0,1.971,0,0,0.000,0,0,0,0,0,0,11,11
100,2,1,2,0.351,0,0,0.000,0,0,0,0,0,0,0,0
101,1,-4,2,1.551,0,0,0.000,0,0,0,0,0,0,0,0
101,-3,0,3,1.671,0,0,0.000,0,0,0,0,0,0,0,0
101,-2,2,3,1.071,0,0,0.000,0,0,0,0,0,0,0,0
101,-1,-1,3,0.351,0,0,0.000,0,0,0,0,0,0,0,0
101,0,1,3,0.271,0,0,0.000,0,0,0,0,0,0,0,0
101,-5,3,2,0.451,0,0,0.000,0,0,0,0,0,0,0,0
101,-1,1,3,0.801,0,0,0.000,0,0,0,0,0,0,0,0
101,-2,-1,3,0.831,0,0,0.000,0,0,0,0,0,0,0,0
101,0,4,3,0.471,0,0,0.000,0,0,0,0,0,0,0,0
101,3,-6,0,0.941,0,0,0.000,0,0,0,0,0,0,0,0
101,-2,4,3,0.221,0,0,0.000,0,0,0,0,0,0,0,0
101,-2,0,3,1.121,0,0,0.000,0,0,0,0,0,0,0,0
101,0,2,3,0.191,0,0,0.000,0,0,0,0,0,0,0,0
101,-4,3,3,0.911,0,0,0.000,0,0,0,0,0,0,0,0
101,-5,9,0,1.001,1,0,1.111,1,0,0,0,0,1,71,71
101,-7,6,1,0.902,0,0,0.000,0,0,0,0,0,0,1,1
101,-3,2,3,2.121,0,0,0.000,0,0,0,0,0,0,0,0
101,2,-1,2,2.091,0,0,0.000,0,0,0,0,0,0,0,0
101,0,-4,1,0.831,0,0,0.000,0,0,0,0,0,0,0,0
101,-2,5,3,0.421,0,0,0.000,0,0,0,0,0,0,0,0
101,-4,6,3,1.191,0,0,0.000,0,0,0,0,0,0,0,0
101,-1,5,2,0.201,0,0,0.000,0,0,0,0,0,0,0,0
101,0,-3,2,0.271,0,0,0.000,0,0,0,0,0,0,0,0
101,-6,8,0,1.191,0,0,0.000,0,0,0,0,0,0,12,12
101,-1,-2,3,0.221,0,0,0.000,0,0,0,0,0,0,0,0
101,-2,3,3,1.511,0,0,0.000,0,0,0,0,0,0,0,0
101,-4,5,3,0.431,0,0,0.000,0,0,0,0,0,0,0,0
101,1,-3,3,4.451,0,0,0.000,0,0,0,0,0,0,0,0
101,0,-2,3,0.261,0,0,0.000,0,0,0,0,0,0,0,0
101,0,3,3,0.341,0,0,0.000,0,0,0,0,0,0,0,0
101,-6,6,2,3.322,0,0,0.000,0,0,0,0,0,0,0,0
101,-2,6,2,1.421,0,0,0.000,0,0,0,0,0,0,0,0
101,-3,3,3,0.201,0,0,0.000,0,0,0,0,0,0,0,0
101,2,-2,2,0.191,0,0,0.000,0,0,0,0,0,0,0,0
101,-4,-2,2,1.921,0,0,0.000,0,0,0,0,0,0,0,0
101,2,2,1,0.251,0,0,0.000,0,0,0,0,0,0,0,0
101,-5,1,0,1.001,0,0,0.000,0,0,0,0,0,0,0,0
101,2,-3,2,0.941,0,0,0.000,0,0,0,0,0,0,0,0
101,-4,0,2,0.451,0,0,0.000,0,0,0,0,0,0,0,0
101,-3,4,3,0.751,0,0,0.000,0,0,0,0,0,0,0,0
101,-4,8,1,1.891,0,0,0.000,0,0,0,0,0,0,0,0
101,1,2,2,0.471,0,0,0.000,0,0,0,0,0,0,0,0
101,-6,2,0,0.431,0,0,0.000,0,0,0,0,0,0,0,0
101,-5,-2,0,0.551,0,0,0.000,0,0,0,0,0,0,0,0
101,3,1,1,0.201,0,0,0.000,0,0,0,0,0,0,0,0
101,-6,7,2,0.753,0,0,0.000,0,0,0,0,0,0,0,0
101,2,-4,2,0.541,0,0,0.000,0,0,0,0,0,0,0,0
101,-1,3,3,0.391,0,0,0.000,0,0,0,0,0,0,0,0
101,-1,2,3,0.951,0,0,0.000,0,0,0,0,0,0,0,0
101,-5,8,1,0.812,0,0,0.000,0,1,0,1,0,0,13,13
101,1,4,2,0.161,0,0,0.000,0,0,0,0,0,0,0,0
101,1,0,3,0.161,0,0,0.000,0,0,0,0,0,0,0,0
101,-2,1,3,1.391,0,0,0.000,0,0,0,0,0,0,0,0
101,-5,0,1,30.000,0,0,0.000,0,0,0,0,0,0,0,0
101,2,0,3,2.161,0,0,0.000,0,0,0,0,0,0,0,0
101,2,4,1,0.501,0,0,0.000,0,0,0,0,0,0,0,0
101,-6,3,0,0.501,0,0,0.000,0,0,0,0,0,0,0,0
101,3,0,0,0.181,0,0,0.000,0,0,0,0,0,0,0,0
101,-5,4,2,0.681,0,0,0.000,0,0,0,0,0,0,0,0
101,1,-2,3,0.451,0,0,0.000,0,0,0,0,0,0,0,0
101,-4,-3,0,0.671,0,0,0.000,0,0,0,0,0,0,0,0
101,3,-5,0,1.691,0,0,0.000,0,0,0,0,0,0,0,0
101,0,6,0,1.331,0,0,0.000,0,0,0,0,0,0,0,0
101,2,5,0,0.971,0,0,0.000,0,0,0,0,0,0,0,0
101,-3,7,0,0.652,0,0,0.000,0,0,0,0,0,0,0,0
101,-5,5,3,1.971,0,0,0.000,0,0,0,0,0,0,0,0
101,2,-5,1,0.352,0,0,0.000,0,0,0,0,0,0,0,0
101,4,-3,0,0.431,0,0,0.000,0,0,0,0,0,0,0,0
101,-3,-3,0,0.112,0,0,0.000,0,0,0,0,0,0,0,0
101,-3,-1,3,0.231,0,0,0.000,0,0,0,0,0,0,0,0
101,0,5,3,0.791,0,0,0.000,0,0,0,0,0,0,0,0
101,0,0,3,0.381,0,0,0.000,0,0,0,0,0,0,0,0
101,3,-1,0,1.931,0,0,0.000,0,0,0,0,0,0,0,0
101,-1,-4,0,0.941,0,0,0.000,0,0,0,0,0,0,0,0
101,3,-2,1,0.831,0,0,0.000,0,0,0,0,0,0,0,0
101,1,5,0,0.352,0,0,0.000,0,0,0,0,0,0,0,0
101,-3,-2,2,0.181,0,0,0.000,0,0,0,0,0,0,0,0
101,-1,0,3,0.431,0,0,0.000,0,0,0,0,0,0,0,0
101,-5,-1,1,2.111,0,0,0.000,0,0,0,0,0,0,0,0
101,0,-1,3,0.191,0,0,0.000,0,0,0,0,0,0,0,0
101,-2,7,0,0.981,0,0,0.000,0,0,0,0,0,0,0,0
101,-6,4,1,0.811,0,0,0.000,0,0,0,0,0,0,0,0
101,-4,4,3,0.561,0,0,0.000,0,0,0,0,0,0,0,0
101,1,1,3,0.191,0,0,0.000,0,0,0,0,0,0,0,0
101,3,-4,0,0.263,0,0,0.000,0,0,0,0,0,0,0,0
101,-4,-1,3,0.981,0,0,0.000,0,0,0,0,0,0,0,0
101,-1,4,3,0.181,0,0,0.000,0,0,0,0,0,0,0,0
101,1,3,3,0.451,0,0,0.000,0,0,0,0,0,0,0,0
101,2,3,0,2.801,0,0,0.000,0,0,0,0,0,0,0,0
101,-2,-2,3,0.181,0,0,0.000,0,0,0,0,0,0,0,0
101,3,-3,0,0.271,0,0,0.000,0,0,0,0,0,0,0,0
101,-4,7,2,1.191,0,0,0.000,0,0,0,0,0,0,1,1
101,-1,-3,2,0.391,0,0,0.000,0,0,0,0,0,0,0,0
101,-5,7,2,2.131,0,0,0.000,0,0,0,0,0,0,0,0
101,-1,6,1,0.392,0,0,0.000,0,0,0,0,0,0,0,0
101,-3,5,3,0.561,0,0,0.000,0,0,0,0,0,0,0,0
101,-7,8,0,1.142,0,0,0.000,0,0,0,0,0,0,203,203
101,-3,6,3,1.701,0,0,0.000,0,0,0,0,0,0,0,0
101,-5,6,3,0.831,0,0,0.000,0,0,0,0,0,0,0,0
101,-4,2,3,2.081,0,0,0.000,0,0,0,0,0,0,0,0
101,-3,1,3,0.461,0,0,0.000,0,0,0,0,0,0,0,0
101,-6,5,0,0.402,0,0,0.000,0,0,0,0,0,0,0,0
101,1,-1,3,0.181,0,0,0.000,0,0,0,0,0,0,0,0
101,-4,1,3,0.791,0,0,0.000,0,0,0,0,0,0,0,0
101,-5,2,2,0.171,0,0,0.000,0,0,0,0,0,0,0,0
101,-2,-3,0,0.172,0,0,0.000,0,0,0,0,0,0,0,0
101,1,-5,0,30.000,0,0,0.000,0,0,0,0,0,0,0,0
101,-7,7,0,4.311,0,0,0.000,0,0,0,0,0,0,13,13
101,2,1,2,0.351,0,0,0.000,0,0,0,0,0,0,0,0
102,1,-4,2,0.511,0,0,0.000,0,0,0,0,0,0,0,0
102,-3,0,3,0.351,0,0,0.000,0,0,0,0,0,0,0,0
102,-2,2,3,0.611,0,0,0.000,0,0,0,0,0,0,0,0
102,-1,-1,3,0.121,0,0,0.000,0,0,0,0,0,0,0,0
102,0,1,3,0.531,0,0,0.000,0,0,0,0,0,0,0,0
102,-5,3,2,0.681,0,0,0.000,0,0,0,0,0,0,0,0
102,-1,1,3,1.461,0,0,0.000,0,0,0,0,0,0,0,0
102,-2,-1,3,0.551,0,0,0.000,0,0,0,0,0,0,0,0
102,0,4,3,0.471,0,0,0.000,0,0,0,0,0,0,0,0
102,3,-6,0,0.701,0,0,0.000,0,0,0,0,0,0,0,0
102,-2,4,3,0.421,0,0,0.000,0,0,0,0,0,0,0,0
102,-2,0,3,0.651,0,0,0.000,0,0,0,0,0,0,0,0
102,0,2,3,0.191,0,0,0.000,0,0,0,0,0,0,0,0
102,-4,3,3,3.001,0,0,0.000,0,0,0,0,0,0,0,0
102,-5,9,0,1.901,2,0,2.031,1,0,0,0,0,2,63,63
102,-7,6,1,1.421,0,0,0.000,0,0,0,0,0,0,2,2
102,-3,2,3,0.251,0,0,0.000,0,0,0,0,0,0,0,0
102,2,-1,2,0.591,0,0,0.000,0,0,0,0,0,0,0,0
102,0,-4,1,0.201,0,0,0.000,0,0,0,0,0,0,0,0
102,-2,5,3,1.541,0,0,0.000,0,0,0,0,0,0,0,0
102,-4,6,3,0.711,0,0,0.000,0,0,0,0,0,0,0,0
102,-1,5,2,0.201,0,0,0.000,0,0,0,0,0,0,0,0
102,0,-3,2,0.161,0,0,0.000,0,0,0,0,0,0,0,0
102,-6,8,0,1.791,0,0,0.000,0,0,0,0,0,0,8,8
102,-1,-2,3,1.131,0,0,0.000,0,0,0,0,0,0,0,0
102,-2,3,3,0.181,0,0,0.000,0,0,0,0,0,0,0,0
102,-4,5,3,0.211,0,0,0.000,0,0,0,0,0,0,0,0
102,1,-3,3,1.931,0,0,0.000,0,0,0,0,0,0,0,0
102,0,-2,3,0.141,0,0,0.000,0,0,0,0,0,0,0,0
102,0,3,3,0.551,0,0,0.000,0,0,0,0,0,0,0,0
102,-6,6,2,0.601,0,0,0.000,0,0,0,0,0,0,0,0
102,-2,6,2,1.641,0,0,0.000,0,0,0,0,0,0,0,0
102,-3,3,3,0.311,0,0,0.000,0,0,0,0,0,0,0,0
102,2,-2,2,0.471,0,0,0.000,0,0,0,0,0,0,0,0
102,-4,-2,2,1.021,0,0,0.000,0,0,0,0,0,0,0,0
102,2,2,1,1.111,0,0,0.000,0,0,0,0,0,0,0,0
102,-5,1,0,0.193,0,0,0.000,0,0,0,0,0,0,0,0
102,2,-3,2,0.661,0,0,0.000,0,0,0,0,0,0,0,0
102,-4,0,2,0.451,0,0,0.000,0,0,0,0,0,0,0,0
102,-3,4,3,0.311,0,0,0.000,0,0,0,0,0,0,0,0
102,-4,8,1,1.171,0,0,0.000,0,0,0,0,0,0,0,0
102,1,2,2,0.471,0,0,0.000,0,0,0,0,0,0,0,0
102,-6,2,0,0.521,0,0,0.000,0,0,0,0,0,0,0,0
102,-5,-2,0,0.871,0,0,0.000,0,0,0,0,0,0,0,0
102,3,1,1,0.411,0,0,0.000,0,0,0,0,0,0,0,0
102,-6,7,2,0.942,0,0,0.000,0,1,0,2,0,0,0,0
102,2,-4,2,0.461,0,0,0.000,0,0,0,0,0,0,0,0
102,-1,3,3,1.031,0,0,0.000,0,0,0,0,0,0,0,0
102,-1,2,3,1.431,0,0,0.000,0,0,0,0,0,0,0,0
102,-5,8,1,30.000,0,0,0.000,0,1,0,2,0,0,15,15
102,1,4,2,0.161,0,0,0.000,0,0,0,0,0,0,0,0
102,1,0,3,0.291,0,0,0.000,0,0,0,0,0,0,0,0
102,-2,1,3,0.521,0,0,0.000,0,0,0,0,0,0,0,0
102,-5,0,1,0.551,0,0,0.000,0,0,0,0,0,0,0,0
102,2,0,3,0.301,0,0,0.000,0,0,0,0,0,0,0,0
102,2,4,1,0.331,0,0,0.000,0,0,0,0,0,0,0,0
102,-6,3,0,1.381,0,0,0.000,0,0,0,0,0,0,0,0
102,3,0,0,2.461,0,0,0.000,0,0,0,0,0,0,0,0
102,-5,4,2,1.371,0,0,0.000,0,0,0,0,0,0,0,0
102,1,-2,3,0.221,0,0,0.000,0,0,0,0,0,0,0,0
102,-4,-3,0,0.471,0,0,0.000,0,0,0,0,0,0,0,0
102,3,-5,0,0.611,0,0,0.000,0,0,0,0,0,0,0,0
102,0,6,0,1.791,0,0,0.000,0,0,0,0,0,0,0,0
102,2,5,0,1.461,0,0,0.000,0,0,0,0,0,0,0,0
102,-3,7,0,0.652,0,0,0.000,0,0,0,0,0,0,0,0
102,-5,5,3,0.571,0,0,0.000,0,0,0,0,0,0,0,0
102,2,-5,1,0.461,0,0,0.000,0,0,0,0,0,0,0,0
102,4,-3,0,2.181,0,0,0.000,0,0,0,0,0,0,0,0
102,-3,-3,0,0.331,0,0,0.000,0,0,0,0,0,0,0,0
102,-3,-1,3,0.181,0,0,0.000,0,0,0,0,0,0,0,0
102,0,5,3,0.471,0,0,0.000,0,0,0,0,0,0,0,0
102,0,0,3,0.641,0,0,0.000,0,0,0,0,0,0,0,0
102,3,-1,0,0.281,0,0,0.000,0,0,0,0,0,0,0,0
102,-1,-4,0,1.041,0,0,0.000,0,0,0,0,0,0,0,0
102,3,-2,1,1.041,0,0,0.000,0,0,0,0,0,0,0,0
102,1,5,0,2.191,0,0,0.000,0,0,0,0,0,0,0,0
102,-3,-2,2,0.371,0,0,0.000,0,0,0,0,0,0,0,0
102,-1,0,3,0.251,0,0,0.000,0,0,0,0,0,0,0,0
102,-5,-1,1,0.651,0,0,0.000,0,0,0,0,0,0,0,0
102,0,-1,3,0.191,0,0,0.000,0,0,0,0,0,0,0,0
102,-2,7,0,0.611,0,0,0.000,0,0,0,0,0,0,0,0
102,-6,4,1,25.241,0,0,0.000,0,0,0,0,0,0,0,0
102,-4,4,3,0.181,0,0,0.000,0,0,0,0,0,0,0,0
102,1,1,3,0.191,0,0,0.000,0,0,0,0,0,0,0,0
102,3,-4,0,0.471,0,0,0.000,0,0,0,0,0,0,0,0
102,-4,-1,3,0.341,0,0,0.000,0,0,0,0,0,0,0,0
102,-1,4,3,0.281,0,0,0.000,0,0,0,0,0,0,0,0
102,1,3,3,0.151,0,0,0.000,0,0,0,0,0,0,0,0
102,2,3,0,0.381,0,0,0.000,0,0,0,0,0,0,0,0
102,-2,-2,3,0.181,0,0,0.000,0,0,0,0,0,0,0,0
102,3,-3,0,0.461,0,0,0.000,0,0,0,0,0,0,0,0
102,-4,7,2,0.662,0,0,0.000,0,0,0,0,0,0,1,1
102,-1,-3,2,1.591,0,0,0.000,0,0,0,0,0,0,0,0
102,-5,7,2,2.131,0,0,0.000,0,0,0,0,0,0,0,0
102,-1,6,1,0.392,0,0,0.000,0,0,0,0,0,0,0,0
102,-3,5,3,0.132,0,0,0.000,0,0,0,0,0,0,0,0
102,-7,8,0,0.722,2,0,0.812,1,0,0,0,0,2,219,219
102,-3,6,3,0.941,0,0,0.000,0,0,0,0,0,0,0,0
102,-5,6,3,0.921,0,0,0.000,0,0,0,0,0,0,0,0
102,-4,2,3,2.741,0,0,0.000,0,0,0,0,0,0,0,0
102,-3,1,3,0.271,0,0,0.000,0,0,0,0,0,0,0,0
102,-6,5,0,0.273,0,0,0.000,0,0,0,0,0,0,0,0
102,1,-1,3,0.371,0,0,0.000,0,0,0,0,0,0,0,0
102,-4,1,3,0.391,0,0,0.000,0,0,0,0,0,0,0,0
102,-5,2,2,0.411,0,0,0.000,0,0,0,0,0,0,0,0
102,-2,-3,0,0.391,0,0,0.000,0,0,0,0,0,0,0,0
102,1,-5,0,0.111,0,0,0.000,0,0,0,0,0,0,0,0
102,-7,7,0,1.431,0,0,0.000,0,0,0,0,0,0,12,12
102,2,1,2,0.171,0,0,0.000,0,0,0,0,0,0,0,0
103,1,-4,2,0.771,0,0,0.000,0,0,0,0,0,0,0,0
103,-3,0,3,0.351,0,0,0.000,0,0,0,0,0,0,0,0
103,-2,2,3,2.221,0,0,0.000,0,0,0,0,0,0,0,0
103,-1,-1,3,0.611,0,0,0.000,0,0,0,0,0,0,0,0
103,0,1,3,0.111,0,0,0.000,0,0,0,0,0,0,0,0
103,-5,3,2,0.451,0,0,0.000,0,0,0,0,0,0,0,0
103,-1,1,3,0.381,0,0,0.000,0,0,0,0,0,0,0,0
103,-2,-1,3,0.181,0,0,0.000,0,0,0,0,0,0,0,0
103,0,4,3,0.471,0,0,0.000,0,0,0,0,0,0,0,0
103,3,-6,0,1.421,0,0,0.000,0,0,0,0,0,0,0,0
103,-2,4,3,0.222,0,0,0.000,0,0,0,0,0,0,0,0
103,-2,0,3,2.851,0,0,0.000,0,0,0,0,0,0,0,0
103,0,2,3,0.381,0,0,0.000,0,0,0,0,0,0,0,0
103,-4,3,3,1.481,0,0,0.000,0,0,0,0,0,0,0,0
103,-5,9,0,0.851,0,0,0.000,0,0,0,0,0,0,56,56
103,-7,6,1,0.902,0,0,0.000,0,0,0,0,0,0,0,0
103,-3,2,3,0.691,0,0,0.000,0,0,0,0,0,0,0,0
103,2,-1,2,1.491,0,0,0.000,0,0,0,0,0,0,0,0
103,0,-4,1,0.411,0,0,0.000,0,0,0,0,0,0,0,0
103,-2,5,3,0.151,0,0,0.000,0,0,0,0,0,0,0,0
103,-4,6,3,0.711,0,0,0.000,0,0,0,0,0,0,0,0
103,-1,5,2,0.201,0,0,0.000,0,0,0,0,0,0,0,0
103,0,-3,2,0.781,0,0,0.000,0,0,0,0,0,0,0,0
103,-6,8,0,12.391,0,0,0.000,0,0,0,0,0,0,20,20
103,-1,-2,3,0.671,0,0,0.000,0,0,0,0,0,0,0,0
103,-2,3,3,0.371,0,0,0.000,0,0,0,0,0,0,0,0
103,-4,5,3,0.211,0,0,0.000,0,0,0,0,0,0,0,0
103,1,-3,3,0.201,0,0,0.000,0,0,0,0,0,0,0,0
103,0,-2,3,0.261,0,0,0.000,0,0,0,0,0,0,0,0
103,0,3,3,0.621,0,0,0.000,0,0,0,0,0,0,0,0
103,-6,6,2,0.501,0,0,0.000,0,0,0,0,0,0,0,0
103,-2,6,2,2.581,0,0,0.000,0,0,0,0,0,0,0,0
103,-3,3,3,0.261,0,0,0.000,0,0,0,0,0,0,0,0
103,2,-2,2,0.821,0,0,0.000,0,0,0,0,0,0,0,0
103,-4,-2,2,0.271,0,0,0.000,0,0,0,0,0,0,0,0
103,2,2,1,1.091,0,0,0.000,0,0,0,0,0,0,0,0
103,-5,1,0,0.561,0,0,0.000,0,0,0,0,0,0,0,0
103,2,-3,2,0.241,0,0,0.000,0,0,0,0,0,0,0,0
103,-4,0,2,1.521,0,0,0.000,0,0,0,0,0,0,0,0
103,-3,4,3,0.361,0,0,0.000,0,0,0,0,0,0,0,0
103,-4,8,1,1.891,0,0,0.000,0,0,0,0,0,0,0,0
103,1,2,2,0.471,0,0,0.000,0,0,0,0,0,0,0,0
103,-6,2,0,1.311,0,0,0.000,0,0,0,0,0,0,0,0
103,-5,-2,0,2.471,0,0,0.000,0,0,0,0,0,0,0,0
103,3,1,1,0.931,0,0,0.000,0,0,0,0,0,0,0,0
103,-6,7,2,0.831,0,0,0.000,0,1,0,3,0,0,0,0
103,2,-4,2,0.421,0,0,0.000,0,0,0,0,0,0,0,0
103,-1,3,3,1.111,0,0,0.000,0,0,0,0,0,0,0,0
103,-1,2,3,0.311,0,0,0.000,0,0,0,0,0,0,0,0
103,-5,8,1,0.812,0,0,0.000,0,0,0,0,0,0,13,13
103,1,4,2,0.181,0,0,0.000,0,0,0,0,0,0,0,0
103,1,0,3,0.291,0,0,0.000,0,0,0,0,0,0,0,0
103,-2,1,3,1.661,0,0,0.000,0,0,0,0,0,0,0,0
103,-5,0,1,1.881,0,0,0.000,0,0,0,0,0,0,0,0
103,2,0,3,1.901,0,0,0.000,0,0,0,0,0,0,0,0
103,2,4,1,0.331,0,0,0.000,0,0,0,0,0,0,0,0
103,-6,3,0,0.432,0,0,0.000,0,0,0,0,0,0,0,0
103,3,0,0,0.371,0,0,0.000,0,0,0,0,0,0,0,0
103,-5,4,2,5.054,0,0,0.000,0,0,0,0,0,0,0,0
103,1,-2,3,1.831,0,0,0.000,0,0,0,0,0,0,0,0
103,-4,-3,0,3.791,0,0,0.000,0,0,0,0,0,0,0,0
103,3,-5,0,0.701,0,0,0.000,0,0,0,0,0,0,0,0
103,0,6,0,1.631,0,0,0.000,0,0,0,0,0,0,0,0
103,2,5,0,1.181,0,0,0.000,0,0,0,0,0,0,0,0
103,-3,7,0,1.961,0,0,0.000,0,0,0,0,0,0,0,0
103,-5,5,3,0.571,0,0,0.000,0,0,0,0,0,0,0,0
103,2,-5,1,0.291,0,0,0.000,0,0,0,0,0,0,0,0
103,4,-3,0,0.941,0,0,0.000,0,0,0,0,0,0,0,0
103,-3,-3,0,0.112,0,0,0.000,0,0,0,0,0,0,0,0
103,-3,-1,3,0.111,0,0,0.000,0,0,0,0,0,0,0,0
103,0,5,3,0.311,0,0,0.000,0,0,0,0,0,0,0,0
103,0,0,3,1.161,0,0,0.000,0,0,0,0,0,0,0,0
103,3,-1,0,0.142,0,0,0.000,0,0,0,0,0,0,0,0
103,-1,-4,0,0.401,0,0,0.000,0,0,0,0,0,0,0,0
103,3,-2,1,0.831,0,0,0.000,0,0,0,0,0,0,0,0
103,1,5,0,0.352,0,0,0.000,0,0,0,0,0,0,0,0
103,-3,-2,2,0.221,0,0,0.000,0,0,0,0,0,0,0,0
103,-1,0,3,0.211,0,0,0.000,0,0,0,0,0,0,0,0
103,-5,-1,1,1.712,0,0,0.000,0,0,0,0,0,0,0,0
103,0,-1,3,0.321,0,0,0.000,0,0,0,0,0,0,0,0
103,-2,7,0,0.631,0,0,0.000,0,0,0,0,0,0,0,0
103,-6,4,1,0.761,0,0,0.000,0,0,0,0,0,0,0,0
103,-4,4,3,0.181,0,0,0.000,0,0,0,0,0,0,0,0
103,1,1,3,1.101,0,0,0.000,0,0,0,0,0,0,0,0
103,3,-4,0,0.483,0,0,0.000,0,0,0,0,0,0,0,0
103,-4,-1,3,1.101,0,0,0.000,0,0,0,0,0,0,0,0
103,-1,4,3,0.851,0,0,0.000,0,0,0,0,0,0,0,0
103,1,3,3,0.152,0,0,0.000,0,0,0,0,0,0,0,0
103,2,3,0,0.211,0,0,0.000,0,0,0,0,0,0,0,0
103,-2,-2,3,1.851,0,0,0.000,0,0,0,0,0,0,0,0
103,3,-3,0,1.181,0,0,0.000,0,0,0,0,0,0,0,0
103,-4,7,2,0.471,0,0,0.000,0,0,0,0,0,0,0,0
103,-1,-3,2,2.391,0,0,0.000,0,0,0,0,0,0,0,0
103,-5,7,2,1.321,0,0,0.000,0,0,0,0,0,0,0,0
103,-1,6,1,0.391,0,0,0.000,0,0,0,0,0,0,0,0
103,-3,5,3,0.401,0,0,0.000,0,0,0,0,0,0,0,0
103,-7,8,0,24.381,3,0,24.481,1,0,0,0,0,3,205,205
103,-3,6,3,0.371,0,0,0.000,0,0,0,0,0,0,0,0
103,-5,6,3,0.621,0,0,0.000,0,0,0,0,0,0,0,0
103,-4,2,3,0.211,0,0,0.000,0,0,0,0,0,0,0,0
103,-3,1,3,1.221,0,0,0.000,0,0,0,0,0,0,0,0
103,-6,5,0,15.521,0,0,0.000,0,0,0,0,0,0,0,0
103,1,-1,3,0.561,0,0,0.000,0,0,0,0,0,0,0,0
103,-4,1,3,0.251,0,0,0.000,0,0,0,0,0,0,0,0
103,-5,2,2,0.351,0,0,0.000,0,0,0,0,0,0,0,0
103,-2,-3,0,0.311,0,0,0.000,0,0,0,0,0,0,0,0
103,1,-5,0,0.111,0,0,0.000,0,0,0,0,0,0,0,0
103,-7,7,0,0.891,0,0,0.000,0,0,0,0,0,0,7,7
103,2,1,2,0.531,0,0,0.000,0,0,0,0,0,0,0,0
104,1,-4,2,0.511,0,0,0.000,0,0,0,0,0,0,0,0
104,-3,0,3,0.571,0,0,0.000,0,0,0,0,0,0,0,0
104,-2,2,3,1.131,0,0,0.000,0,0,0,0,0,0,0,0
104,-1,-1,3,0.221,0,0,0.000,0,0,0,0,0,0,0,0
104,0,1,3,0.151,0,0,0.000,0,0,0,0,0,0,0,0
104,-5,3,2,0.451,0,0,0.000,0,0,0,0,0,0,0,0
104,-1,1,3,1.461,0,0,0.000,0,0,0,0,0,0,0,0
104,-2,-1,3,0.181,0,0,0.000,0,0,0,0,0,0,0,0
104,0,4,3,1.191,0,0,0.000,0,0,0,0,0,0,0,0
104,3,-6,0,1.421,0,0,0.000,0,0,0,0,0,0,0,0
104,-2,4,3,0.911,0,0,0.000,0,0,0,0,0,0,0,0
104,-2,0,3,0.431,0,0,0.000,0,0,0,0,0,0,0,0
104,0,2,3,0.381,0,0,0.000,0,0,0,0,0,0,0,0
104,-4,3,3,0.721,0,0,0.000,0,0,0,0,0,0,0,0
104,-5,9,0,0.881,2,0,0.991,1,0,0,0,0,2,55,55
104,-7,6,1,1.542,0,0,0.000,0,0,0,0,0,0,1,1
104,-3,2,3,0.591,0,0,0.000,0,0,0,0,0,0,0,0
104,2,-1,2,0.591,0,0,0.000,0,0,0,0,0,0,0,0
104,0,-4,1,1.011,0,0,0.000,0,0,0,0,0,0,0,0
104,-2,5,3,0.151,0,0,0.000,0,0,0,0,0,0,0,0
104,-4,6,3,0.951,0,0,0.000,0,0,0,0,0,0,0,0
104,-1,5,2,3.351,0,0,0.000,0,0,0,0,0,0,0,0
104,0,-3,2,0.781,0,0,0.000,0,0,0,0,0,0,0,0
104,-6,8,0,0.991,0,0,0.000,0,0,0,0,0,0,11,11
104,-1,-2,3,0.441,0,0,0.000,0,0,0,0,0,0,0,0
104,-2,3,3,0.181,0,0,0.000,0,0,0,0,0,0,0,0
104,-4,5,3,2.191,0,0,0.000,0,0,0,0,0,0,0,0
104,1,-3,3,0.411,0,0,0.000,0,0,0,0,0,0,0,0
104,0,-2,3,1.141,0,0,0.000,0,0,0,0,0,0,0,0
104,0,3,3,0.911,0,0,0.000,0,0,0,0,0,0,0,0
104,-6,6,2,4.341,0,0,0.000,0,0,0,0,0,0,0,0
104,-2,6,2,2.411,0,0,0.000,0,0,0,0,0,0,0,0
104,-3,3,3,0.521,0,0,0.000,0,0,0,0,0,0,0,0
104,2,-2,2,0.221,0,0,0.000,0,0,0,0,0,0,0,0
104,-4,-2,2,0.721,0,0,0.000,0,0,0,0,0,0,0,0
104,2,2,1,0.151,0,0,0.000,0,0,0,0,0,0,0,0
104,-5,1,0,0.361,0,0,0.000,0,0,0,0,0,0,0,0
104,2,-3,2,0.132,0,0,0.000,0,0,0,0,0,0,0,0
104,-4,0,2,0.371,0,0,0.000,0,0,0,0,0,0,0,0
104,-3,4,3,0.601,0,0,0.000,0,0,0,0,0,0,0,0
104,-4,8,1,2.131,0,0,0.000,0,0,0,0,0,0,0,0
104,1,2,2,3.331,0,0,0.000,0,0,0,0,0,0,0,0
104,-6,2,0,1.151,0,0,0.000,0,0,0,0,0,0,0,0
104,-5,-2,0,0.471,0,0,0.000,0,0,0,0,0,0,0,0
104,3,1,1,1.131,0,0,0.000,0,0,0,0,0,0,0,0
104,-6,7,2,0.752,0,0,0.000,0,1,0,2,0,0,0,0
104,2,-4,2,0.371,0,0,0.000,0,0,0,0,0,0,0,0
104,-1,3,3,0.311,0,0,0.000,0,0,0,0,0,0,0,0
104,-1,2,3,0.151,0,0,0.000,0,0,0,0,0,0,0,0
104,-5,8,1,0.911,0,0,0.000,0,1,0,2,0,0,15,15
104,1,4,2,0.841,0,0,0.000,0,0,0,0,0,0,0,0
104,1,0,3,0.411,0,0,0.000,0,0,0,0,0,0,0,0
104,-2,1,3,1.541,0,0,0.000,0,0,0,0,0,0,0,0
104,-5,0,1,0.271,0,0,0.000,0,0,0,0,0,0,0,0
104,2,0,3,0.301,0,0,0.000,0,0,0,0,0,0,0,0
104,2,4,1,1.011,0,0,0.000,0,0,0,0,0,0,0,0
104,-6,3,0,1.381,0,0,0.000,0,0,0,0,0,0,0,0
104,3,0,0,0.371,0,0,0.000,0,0,0,0,0,0,0,0
104,-5,4,2,0.911,0,0,0.000,0,0,0,0,0,0,0,0
104,1,-2,3,2.291,0,0,0.000,0,0,0,0,0,0,0,0
104,-4,-3,0,1.871,0,0,0.000,0,0,0,0,0,0,0,0
104,3,-5,0,0.431,0,0,0.000,0,0,0,0,0,0,0,0
104,0,6,0,1.331,0,0,0.000,0,0,0,0,0,0,0,0
104,2,5,0,0.831,0,0,0.000,0,0,0,0,0,0,0,0
104,-3,7,0,1.301,0,0,0.000,0,0,0,0,0,0,0,0
104,-5,5,3,0.771,0,0,0.000,0,0,0,0,0,0,0,0
104,2,-5,1,1.141,0,0,0.000,0,0,0,0,0,0,0,0
104,4,-3,0,0.431,0,0,0.000,0,0,0,0,0,0,0,0
104,-3,-3,0,0.112,0,0,0.000,0,0,0,0,0,0,0,0
104,-3,-1,3,0.381,0,0,0.000,0,0,0,0,0,0,0,0
104,0,5,3,0.311,0,0,0.000,0,0,0,0,0,0,0,0
104,0,0,3,1.161,0,0,0.000,0,0,0,0,0,0,0,0
104,3,-1,0,0.141,0,0,0.000,0,0,0,0,0,0,0,0
104,-1,-4,0,0.241,0,0,0.000,0,0,0,0,0,0,0,0
104,3,-2,1,0.201,0,0,0.000,0,0,0,0,0,0,0,0
104,1,5,0,1.701,0,0,0.000,0,0,0,0,0,0,0,0
104,-3,-2,2,0.371,0,0,0.000,0,0,0,0,0,0,0,0
104,-1,0,3,0.211,0,0,0.000,0,0,0,0,0,0,0,0
104,-5,-1,1,0.691,0,0,0.000,0,0,0,0,0,0,0,0
104,0,-1,3,0.191,0,0,0.000,0,0,0,0,0,0,0,0
104,-2,7,0,1.611,0,0,0.000,0,0,0,0,0,0,0,0
104,-6,4,1,1.731,0,0,0.000,0,0,0,0,0,0,0,0
104,-4,4,3,0.751,0,0,0.000,0,0,0,0,0,0,0,0
104,1,1,3,0.591,0,0,0.000,0,0,0,0,0,0,0,0
104,3,-4,0,0.471,0,0,0.000,0,0,0,0,0,0,0,0
104,-4,-1,3,1.091,0,0,0.000,0,0,0,0,0,0,0,0
104,-1,4,3,0.281,0,0,0.000,0,0,0,0,0,0,0,0
104,1,3,3,0.151,0,0,0.000,0,0,0,0,0,0,0,0
104,2,3,0,0.211,0,0,0.000,0,0,0,0,0,0,0,0
104,-2,-2,3,20.281,0,0,0.000,0,0,0,0,0,0,0,0
104,3,-3,0,1.541,0,0,0.000,0,0,0,0,0,0,0,0
104,-4,7,2,0.351,0,0,0.000,0,0,0,0,0,0,0,0
104,-1,-3,2,0.991,0,0,0.000,0,0,0,0,0,0,0,0
104,-5,7,2,2.401,0,0,0.000,0,0,0,0,0,0,0,0
104,-1,6,1,0.561,0,0,0.000,0,0,0,0,0,0,0,0
104,-3,5,3,0.293,0,0,0.000,0,0,0,0,0,0,0,0
104,-7,8,0,1.391,2,0,1.481,1,0,0,0,0,2,233,233
104,-3,6,3,0.561,0,0,0.000,0,0,0,0,0,0,0,0
104,-5,6,3,0.831,0,0,0.000,0,0,0,0,0,0,0,0
104,-4,2,3,6.371,0,0,0.000,0,0,0,0,0,0,0,0
104,-3,1,3,0.711,0,0,0.000,0,0,0,0,0,0,0,0
104,-6,5,0,0.273,0,0,0.000,0,0,0,0,0,0,0,0
104,1,-1,3,1.451,0,0,0.000,0,0,0,0,0,0,0,0
104,-4,1,3,0.391,0,0,0.000,0,0,0,0,0,0,0,0
104,-5,2,2,0.351,0,0,0.000,0,0,0,0,0,0,0,0
104,-2,-3,0,0.172,0,0,0.000,0,0,0,0,0,0,0,0
104,1,-5,0,0.351,0,0,0.000,0,0,0,0,0,0,0,0
104,-7,7,0,1.251,0,0,0.000,0,0,0,0,0,0,14,14
104,2,1,2,0.351,0,0,0.000,0,0,0,0,0,0,0,0
105,1,-4,2,0.591,0,0,0.000,0,0,0,0,0,0,0,0
105,-3,0,3,0.631,0,0,0.000,0,0,0,0,0,0,0,0
105,-2,2,3,0.311,0,0,0.000,0,0,0,0,0,0,0,0
105,-1,-1,3,0.121,0,0,0.000,0,0,0,0,0,0,0,0
105,0,1,3,0.341,0,0,0.000,0,0,0,0,0,0,0,0
105,-5,3,2,0.451,0,0,0.000,0,0,0,0,0,0,0,0
105,-1,1,3,0.381,0,0,0.000,0,0,0,0,0,0,0,0
105,-2,-1,3,2.351,0,0,0.000,0,0,0,0,0,0,0,0
105,0,4,3,0.962,0,0,0.000,0,0,0,0,0,0,0,0
105,3,-6,0,0.542,0,0,0.000,0,0,0,0,0,0,0,0
105,-2,4,3,1.571,0,0,0.000,0,0,0,0,0,0,0,0
105,-2,0,3,0.431,0,0,0.000,0,0,0,0,0,0,0,0
105,0,2,3,0.791,0,0,0.000,0,0,0,0,0,0,0,0
105,-4,3,3,0.341,0,0,0.000,0,0,0,0,0,0,0,0
105,-5,9,0,1.452,1,0,1.552,1,0,0,0,0,1,64,64
105,-7,6,1,1.641,0,0,0.000,0,0,0,0,0,0,0,0
105,-3,2,3,30.000,0,0,0.000,0,0,0,0,0,0,0,0
105,2,-1,2,0.591,0,0,0.000,0,0,0,0,0,0,0,0
105,0,-4,1,1.472,0,0,0.000,0,0,0,0,0,0,0,0
105,-2,5,3,0.261,0,0,0.000,0,0,0,0,0,0,0,0
105,-4,6,3,0.801,0,0,0.000,0,0,0,0,0,0,0,0
105,-1,5,2,1.671,0,0,0.000,0,0,0,0,0,0,0,0
105,0,-3,2,0.281,0,0,0.000,0,0,0,0,0,0,0,0
105,-6,8,0,2.591,0,0,0.000,0,0,0,0,0,0,9,9
105,-1,-2,3,0.441,0,0,0.000,0,0,0,0,0,0,0,0
105,-2,3,3,1.511,0,0,0.000,0,0,0,0,0,0,0,0
105,-4,5,3,0.881,0,0,0.000,0,0,0,0,0,0,0,0
105,1,-3,3,0.831,0,0,0.000,0,0,0,0,0,0,0,0
105,0,-2,3,0.721,0,0,0.000,0,0,0,0,0,0,0,0
105,0,3,3,0.201,0,0,0.000,0,0,0,0,0,0,0,0
105,-6,6,2,0.771,0,0,0.000,0,0,0,0,0,0,0,0
105,-2,6,2,1.541,0,0,0.000,0,0,0,0,0,0,0,0
105,-3,3,3,0.201,0,0,0.000,0,0,0,0,0,0,0,0
105,2,-2,2,0.591,0,0,0.000,0,0,0,0,0,0,0,0
105,-4,-2,2,0.141,0,0,0.000,0,0,0,0,0,0,0,0
105,2,2,1,0.251,0,0,0.000,0,0,0,0,0,0,0,0
105,-5,1,0,0.193,0,0,0.000,0,0,0,0,0,0,0,0
105,2,-3,2,0.241,0,0,0.000,0,0,0,0,0,0,0,0
105,-4,0,2,0.601,0,0,0.000,0,0,0,0,0,0,0,0
105,-3,4,3,0.211,0,0,0.000,0,0,0,0,0,0,0,0
105,-4,8,1,2.611,0,0,0.000,0,0,0,0,0,0,0,0
105,1,2,2,0.471,0,0,0.000,0,0,0,0,0,0,0,0
105,-6,2,0,1.531,0,0,0.000,0,0,0,0,0,0,0,0
105,-5,-2,0,0.551,0,0,0.000,0,0,0,0,0,0,0,0
105,3,1,1,0.381,0,0,0.000,0,0,0,0,0,0,0,0
105,-6,7,2,1.971,0,0,0.000,0,1,0,1,0,0,0,0
105,2,-4,2,0.881,0,0,0.000,0,0,0,0,0,0,0,0
105,-1,3,3,1.171,0,0,0.000,0,0,0,0,0,0,0,0
105,-1,2,3,0.311,0,0,0.000,0,0,0,0,0,0,0,0
105,-5,8,1,0.844,0,0,0.000,0,1,0,1,0,0,14,14
105,1,4,2,0.161,0,0,0.000,0,0,0,0,0,0,0,0
105,1,0,3,1.041,0,0,0.000,0,0,0,0,0,0,0,0
105,-2,1,3,1.391,0,0,0.000,0,0,0,0,0,0,0,0
105,-5,0,1,0.271,0,0,0.000,0,0,0,0,0,0,0,0
105,2,0,3,2.781,0,0,0.000,0,0,0,0,0,0,0,0
105,2,4,1,0.331,0,0,0.000,0,0,0,0,0,0,0,0
105,-6,3,0,0.971,0,0,0.000,0,0,0,0,0,0,0,0
105,3,0,0,0.371,0,0,0.000,0,0,0,0,0,0,0,0
105,-5,4,2,0.451,0,0,0.000,0,0,0,0,0,0,0,0
105,1,-2,3,1.141,0,0,0.000,0,0,0,0,0,0,0,0
105,-4,-3,0,1.461,0,0,0.000,0,0,0,0,0,0,0,0
105,3,-5,0,2.524,0,0,0.000,0,0,0,0,0,0,0,0
105,0,6,0,1.831,0,0,0.000,0,0,0,0,0,0,0,0
105,2,5,0,0.621,0,0,0.000,0,0,0,0,0,0,1,1
105,-3,7,0,2.401,0,0,0.000,0,0,0,0,0,0,0,0
105,-5,5,3,0.571,0,0,0.000,0,0,0,0,0,0,0,0
105,2,-5,1,0.291,0,0,0.000,0,0,0,0,0,0,0,0
105,4,-3,0,0.223,0,0,0.000,0,0,0,0,0,0,0,0
105,-3,-3,0,0.112,0,0,0.000,0,0,0,0,0,0,0,0
105,-3,-1,3,0.161,0,0,0.000,0,0,0,0,0,0,0,0
105,0,5,3,0.151,0,0,0.000,0,0,0,0,0,0,0,0
105,0,0,3,0.381,0,0,0.000,0,0,0,0,0,0,0,0
105,3,-1,0,0.431,0,0,0.000,0,0,0,0,0,0,0,0
105,-1,-4,0,0.151,0,0,0.000,0,0,0,0,0,0,0,0
105,3,-2,1,1.041,0,0,0.000,0,0,0,0,0,0,0,0
105,1,5,0,1.421,0,0,0.000,0,0,0,0,0,0,0,0
105,-3,-2,2,0.561,0,0,0.000,0,0,0,0,0,0,0,0
105,-1,0,3,1.041,0,0,0.000,0,0,0,0,0,0,0,0
105,-5,-1,1,0.831,0,0,0.000,0,0,0,0,0,0,0,0
105,0,-1,3,0.521,0,0,0.000,0,0,0,0,0,0,0,0
105,-2,7,0,0.611,0,0,0.000,0,0,0,0,0,0,0,0
105,-6,4,1,0.451,0,0,0.000,0,0,0,0,0,0,0,0
105,-4,4,3,0.181,0,0,0.000,0,0,0,0,0,0,0,0
105,1,1,3,0.891,0,0,0.000,0,0,0,0,0,0,0,0
105,3,-4,0,0.253,0,0,0.000,0,0,0,0,0,0,0,0
105,-4,-1,3,2.341,0,0,0.000,0,0,0,0,0,0,0,0
105,-1,4,3,1.801,0,0,0.000,0,0,0,0,0,0,0,0
105,1,3,3,0.771,0,0,0.000,0,0,0,0,0,0,0,0
105,2,3,0,0.601,0,0,0.000,0,0,0,0,0,0,0,0
105,-2,-2,3,0.181,0,0,0.000,0,0,0,0,0,0,0,0
105,3,-3,0,1.471,0,0,0.000,0,0,0,0,0,0,0,0
105,-4,7,2,0.681,0,0,0.000,0,0,0,0,0,0,0,0
105,-1,-3,2,0.991,0,0,0.000,0,0,0,0,0,0,0,0
105,-5,7,2,1.321,0,0,0.000,0,0,0,0,0,0,0,0
105,-1,6,1,2.561,0,0,0.000,0,0,0,0,0,0,0,0
105,-3,5,3,0.163,0,0,0.000,0,0,0,0,0,0,0,0
105,-7,8,0,0.691,1,0,0.771,1,0,0,0,0,1,205,205
105,-3,6,3,0.561,0,0,0.000,0,0,0,0,0,0,0,0
105,-5,6,3,1.251,0,0,0.000,0,0,0,0,0,0,0,0
105,-4,2,3,0.211,0,0,0.000,0,0,0,0,0,0,0,0
105,-3,1,3,0.371,0,0,0.000,0,0,0,0,0,0,0,0
105,-6,5,0,0.273,0,0,0.000,0,0,0,0,0,0,0,0
105,1,-1,3,1.511,0,0,0.000,0,0,0,0,0,0,0,0
105,-4,1,3,0.191,0,0,0.000,0,0,0,0,0,0,0,0
105,-5,2,2,0.351,0,0,0.000,0,0,0,0,0,0,0,0
105,-2,-3,0,1.751,0,0,0.000,0,0,0,0,0,0,0,0
105,1,-5,0,0.351,0,0,0.000,0,0,0,0,0,0,0,0
105,-7,7,0,2.331,0,0,0.000,0,0,0,0,0,0,10,10
105,2,1,2,0.171,0,0,0.000,0,0,0,0,0,0,0,0
106,1,-4,2,2.372,0,0,0.000,0,0,0,0,0,0,0,0
106,-3,0,3,3.491,0,0,0.000,0,0,0,0,0,0,0,0
106,-2,2,3,0.541,0,0,0.000,0,0,0,0,0,0,0,0
106,-1,-1,3,0.251,0,0,0.000,0,0,0,0,0,0,0,0
106,0,1,3,0.221,0,0,0.000,0,0,0,0,0,0,0,0
106,-5,3,2,0.911,0,0,0.000,0,0,0,0,0,0,0,0
106,-1,1,3,0.201,0,0,0.000,0,0,0,0,0,0,0,0
106,-2,-1,3,0.321,0,0,0.000,0,0,0,0,0,0,0,0
106,0,4,3,0.231,0,0,0.000,0,0,0,0,0,0,0,0
106,3,-6,0,1.721,0,0,0.000,0,0,0,0,0,0,0,0
106,-2,4,3,1.111,0,0,0.000,0,0,0,0,0,0,0,0
106,-2,0,3,0.651,0,0,0.000,0,0,0,0,0,0,0,0
106,0,2,3,1.981,0,0,0.000,0,0,0,0,0,0,0,0
106,-4,3,3,0.361,0,0,0.000,0,0,0,0,0,0,0,0
106,-5,9,0,1.601,0,0,0.000,0,0,0,0,0,0,79,79
106,-7,6,1,0.772,0,0,0.000,0,0,0,0,0,0,1,1
106,-3,2,3,0.501,0,0,0.000,0,0,0,0,0,0,0,0
106,2,-1,2,0.381,0,0,0.000,0,0,0,0,0,0,0,0
106,0,-4,1,0.411,0,0,0.000,0,0,0,0,0,0,0,0
106,-2,5,3,1.061,0,0,0.000,0,0,0,0,0,0,0,0
106,-4,6,3,0.723,0,0,0.000,0,0,0,0,0,0,0,0
106,-1,5,2,0.411,0,0,0.000,0,0,0,0,0,0,0,0
106,0,-3,2,0.161,0,0,0.000,0,0,0,0,0,0,0,0
106,-6,8,0,0.991,0,0,0.000,0,0,0,0,0,0,5,5
106,-1,-2,3,0.671,0,0,0.000,0,0,0,0,0,0,0,0
106,-2,3,3,0.371,0,0,0.000,0,0,0,0,0,0,0,0
106,-4,5,3,0.431,0,0,0.000,0,0,0,0,0,0,0,0
106,1,-3,3,0.621,0,0,0.000,0,0,0,0,0,0,0,0
106,0,-2,3,0.231,0,0,0.000,0,0,0,0,0,0,0,0
106,0,3,3,0.471,0,0,0.000,0,0,0,0,0,0,0,0
106,-6,6,2,0.671,0,0,0.000,0,0,0,0,0,0,0,0
106,-2,6,2,2.061,0,0,0.000,0,0,0,0,0,0,0,0
106,-3,3,3,0.201,0,0,0.000,0,0,0,0,0,0,0,0
106,2,-2,2,0.821,0,0,0.000,0,0,0,0,0,0,0,0
106,-4,-2,2,0.614,0,0,0.000,0,0,0,0,0,0,0,0
106,2,2,1,0.291,0,0,0.000,0,0,0,0,0,0,0,0
106,-5,1,0,3.161,0,0,0.000,0,0,0,0,0,0,0,0
106,2,-3,2,0.131,0,0,0.000,0,0,0,0,0,0,0,0
106,-4,0,2,1.291,0,0,0.000,0,0,0,0,0,0,0,0
106,-3,4,3,0.531,0,0,0.000,0,0,0,0,0,0,0,0
106,-4,8,1,2.371,0,0,0.000,0,0,0,0,0,0,0,0
106,1,2,2,0.751,0,0,0.000,0,0,0,0,0,0,0,0
106,-6,2,0,0.431,0,0,0.000,0,0,0,0,0,0,0,0
106,-5,-2,0,0.572,0,0,0.000,0,0,0,0,0,0,0,0
106,3,1,1,0.411,0,0,0.000,0,0,0,0,0,0,0,0
106,-6,7,2,1.984,0,0,0.000,0,1,0,1,0,0,0,0
106,2,-4,2,0.371,0,0,0.000,0,0,0,0,0,0,0,0
106,-1,3,3,0.231,0,0,0.000,0,0,0,0,0,0,0,0
106,-1,2,3,0.151,0,0,0.000,0,0,0,0,0,0,0,0
106,-5,8,1,0.642,0,0,0.000,0,0,0,0,0,0,20,20
106,1,4,2,0.331,0,0,0.000,0,0,0,0,0,0,0,0
106,1,0,3,0.331,0,0,0.000,0,0,0,0,0,0,0,0
106,-2,1,3,0.521,0,0,0.000,0,0,0,0,0,0,0,0
106,-5,0,1,1.041,0,0,0.000,0,0,0,0,0,0,0,0
106,2,0,3,1.541,0,0,0.000,0,0,0,0,0,0,0,0
106,2,4,1,0.441,0,0,0.000,0,0,0,0,0,0,0,0
106,-6,3,0,0.432,0,0,0.000,0,0,0,0,0,0,0,0
106,3,0,0,0.181,0,0,0.000,0,0,0,0,0,0,0,0
106,-5,4,2,1.661,0,0,0.000,0,0,0,0,0,0,0,0
106,1,-2,3,2.291,0,0,0.000,0,0,0,0,0,0,0,0
106,-4,-3,0,0.711,0,0,0.000,0,0,0,0,0,0,0,0
106,3,-5,0,0.901,0,0,0.000,0,0,0,0,0,0,0,0
106,0,6,0,0.641,0,0,0.000,0,0,0,0,0,0,0,0
106,2,5,0,2.021,0,0,0.000,0,0,0,0,0,0,0,0
106,-3,7,0,1.301,0,0,0.000,0,0,0,0,0,0,0,0
106,-5,5,3,0.592,0,0,0.000,0,0,0,0,0,0,0,0
106,2,-5,1,0.461,0,0,0.000,0,0,0,0,0,0,0,0
106,4,-3,0,0.431,0,0,0.000,0,0,0,0,0,0,0,0
106,-3,-3,0,0.112,0,0,0.000,0,0,0,0,0,0,0,0
106,-3,-1,3,0.111,0,0,0.000,0,0,0,0,0,0,0,0
106,0,5,3,0.631,0,0,0.000,0,0,0,0,0,0,0,0
106,0,0,3,0.251,0,0,0.000,0,0,0,0,0,0,0,0
106,3,-1,0,1.181,0,0,0.000,0,0,0,0,0,0,0,0
106,-1,-4,0,0.301,0,0,0.000,0,0,0,0,0,0,0,0
106,3,-2,1,0.411,0,0,0.000,0,0,0,0,0,0,0,0
106,1,5,0,1.601,0,0,0.000,0,0,0,0,0,0,0,0
106,-3,-2,2,0.371,0,0,0.000,0,0,0,0,0,0,0,0
106,-1,0,3,0.251,0,0,0.000,0,0,0,0,0,0,0,0
106,-5,-1,1,0.831,0,0,0.000,0,0,0,0,0,0,0,0
106,0,-1,3,0.191,0,0,0.000,0,0,0,0,0,0,0,0
106,-2,7,0,1.401,0,0,0.000,0,0,0,0,0,0,0,0
106,-6,4,1,0.581,0,0,0.000,0,0,0,0,0,0,0,0
106,-4,4,3,1.511,0,0,0.000,0,0,0,0,0,0,0,0
106,1,1,3,3.701,0,0,0.000,0,0,0,0,0,0,0,0
106,3,-4,0,0.471,0,0,0.000,0,0,0,0,0,0,0,0
106,-4,-1,3,1.591,0,0,0.000,0,0,0,0,0,0,0,0
106,-1,4,3,0.181,0,0,0.000,0,0,0,0,0,0,0,0
106,1,3,3,0.151,0,0,0.000,0,0,0,0,0,0,0,0
106,2,3,0,0.521,0,0,0.000,0,0,0,0,0,0,0,0
106,-2,-2,3,0.331,0,0,0.000,0,0,0,0,0,0,0,0
106,3,-3,0,0.232,0,0,0.000,0,0,0,0,0,0,0,0
106,-4,7,2,0.531,0,0,0.000,0,0,0,0,0,0,1,1
106,-1,-3,2,0.391,0,0,0.000,0,0,0,0,0,0,0,0
106,-5,7,2,1.591,0,0,0.000,0,0,0,0,0,0,0,0
106,-1,6,1,0.561,0,0,0.000,0,0,0,0,0,0,0,0
106,-3,5,3,0.261,0,0,0.000,0,0,0,0,0,0,0,0
106,-7,8,0,0.722,1,0,0.812,1,0,0,0,0,1,215,215
106,-3,6,3,1.891,0,0,0.000,0,0,0,0,0,0,0,0
106,-5,6,3,0.621,0,0,0.000,0,0,0,0,0,0,0,0
106,-4,2,3,0.211,0,0,0.000,0,0,0,0,0,0,0,0
106,-3,1,3,0.181,0,0,0.000,0,0,0,0,0,0,0,0
106,-6,5,0,1.351,0,0,0.000,0,0,0,0,0,0,0,0
106,1,-1,3,0.371,0,0,0.000,0,0,0,0,0,0,0,0
106,-4,1,3,0.391,0,0,0.000,0,0,0,0,0,0,0,0
106,-5,2,2,0.231,0,0,0.000,0,0,0,0,0,0,0,0
106,-2,-3,0,0.391,0,0,0.000,0,0,0,0,0,0,0,0
106,1,-5,0,0.471,0,0,0.000,0,0,0,0,0,0,0,0
106,-7,7,0,1.971,0,0,0.000,0,0,0,0,0,0,6,6
106,2,1,2,0.711,0,0,0.000,0,0,0,0,0,0,0,0
107,1,-4,2,1.811,0,0,0.000,0,0,0,0,0,0,0,0
107,-3,0,3,0.411,0,0,0.000,0,0,0,0,0,0,0,0
107,-2,2,3,0.221,0,0,0.000,0,0,0,0,0,0,0,0
107,-1,-1,3,0.221,0,0,0.000,0,0,0,0,0,0,0,0
107,0,1,3,0.111,0,0,0.000,0,0,0,0,0,0,0,0
107,-5,3,2,1.601,0,0,0.000,0,0,0,0,0,0,0,0
107,-1,1,3,0.201,0,0,0.000,0,0,0,0,0,0,0,0
107,-2,-1,3,0.511,0,0,0.000,0,0,0,0,0,0,0,0
107,0,4,3,0.471,0,0,0.000,0,0,0,0,0,0,0,0
107,3,-6,0,0.551,0,0,0.000,0,0,0,0,0,0,0,0
107,-2,4,3,0.452,0,0,0.000,0,0,0,0,0,0,0,0
107,-2,0,3,0.431,0,0,0.000,0,0,0,0,0,0,0,0
107,0,2,3,1.381,0,0,0.000,0,0,0,0,0,0,0,0
107,-4,3,3,1.861,0,0,0.000,0,0,0,0,0,0,0,0
107,-5,9,0,2.503,1,0,2.603,1,0,0,0,0,1,68,68
107,-7,6,1,1.531,0,0,0.000,0,0,0,0,0,0,0,0
107,-3,2,3,0.251,0,0,0.000,0,0,0,0,0,0,0,0
107,2,-1,2,1.491,0,0,0.000,0,0,0,0,0,0,0,0
107,0,-4,1,0.831,0,0,0.000,0,0,0,0,0,0,0,0
107,-2,5,3,1.112,0,0,0.000,0,0,0,0,0,0,0,0
107,-4,6,3,0.951,0,0,0.000,0,0,0,0,0,0,0,0
107,-1,5,2,3.351,0,0,0.000,0,0,0,0,0,0,0,0
107,0,-3,2,0.851,0,0,0.000,0,0,0,0,0,0,0,0
107,-6,8,0,2.004,0,0,0.000,0,0,0,0,0,0,18,18
107,-1,-2,3,0.901,0,0,0.000,0,0,0,0,0,0,0,0
107,-2,3,3,0.371,0,0,0.000,0,0,0,0,0,0,0,0
107,-4,5,3,1.101,0,0,0.000,0,0,0,0,0,0,0,0
107,1,-3,3,0.201,0,0,0.000,0,0,0,0,0,0,0,0
107,0,-2,3,0.231,0,0,0.000,0,0,0,0,0,0,0,0
107,0,3,3,0.201,0,0,0.000,0,0,0,0,0,0,0,0
107,-6,6,2,0.941,0,0,0.000,0,0,0,0,0,0,0,0
107,-2,6,2,0.661,0,0,0.000,0,0,0,0,0,0,0,0
107,-3,3,3,0.201,0,0,0.000,0,0,0,0,0,0,0,0
107,2,-2,2,0.191,0,0,0.000,0,0,0,0,0,0,0,0
107,-4,-2,2,0.441,0,0,0.000,0,0,0,0,0,0,0,0
107,2,2,1,0.181,0,0,0.000,0,0,0,0,0,0,0,0
107,-5,1,0,0.361,0,0,0.000,0,0,0,0,0,0,0,0
107,2,-3,2,0.131,0,0,0.000,0,0,0,0,0,0,0,0
107,-4,0,2,0.221,0,0,0.000,0,0,0,0,0,0,0,0
107,-3,4,3,0.212,0,0,0.000,0,0,0,0,0,0,0,0
107,-4,8,1,1.651,0,0,0.000,0,0,0,0,0,0,0,0
107,1,2,2,3.331,0,0,0.000,0,0,0,0,0,0,0,0
107,-6,2,0,4.392,0,0,0.000,0,0,0,0,0,0,0,0
107,-5,-2,0,0.551,0,0,0.000,0,0,0,0,0,0,0,0
107,3,1,1,0.201,0,0,0.000,0,0,0,0,0,0,0,0
107,-6,7,2,1.401,0,0,0.000,0,1,0,3,0,0,0,0
107,2,-4,2,2.081,0,0,0.000,0,0,0,0,0,0,0,0
107,-1,3,3,0.551,0,0,0.000,0,0,0,0,0,0,0,0
107,-1,2,3,0.311,0,0,0.000,0,0,0,0,0,0,0,0
107,-5,8,1,1.152,0,0,0.000,0,1,0,1,0,0,15,15
107,1,4,2,0.161,0,0,0.000,0,0,0,0,0,0,0,0
107,1,0,3,30.000,0,0,0.000,0,0,0,0,0,0,0,0
107,-2,1,3,2.221,0,0,0.000,0,0,0,0,0,0,0,0
107,-5,0,1,1.601,0,0,0.000,0,0,0,0,0,0,0,0
107,2,0,3,0.921,0,0,0.000,0,0,0,0,0,0,0,0
107,2,4,1,0.441,0,0,0.000,0,0,0,0,0,0,0,0
107,-6,3,0,0.501,0,0,0.000,0,0,0,0,0,0,0,0
107,3,0,0,0.561,0,0,0.000,0,0,0,0,0,0,0,0
107,-5,4,2,0.451,0,0,0.000,0,0,0,0,0,0,0,0
107,1,-2,3,0.681,0,0,0.000,0,0,0,0,0,0,0,0
107,-4,-3,0,1.631,0,0,0.000,0,0,0,0,0,0,0,0
107,3,-5,0,0.701,0,0,0.000,0,0,0,0,0,0,0,0
107,0,6,0,1.632,0,0,0.000,0,0,0,0,0,0,0,0
107,2,5,0,1.181,0,0,0.000,0,0,0,0,0,0,0,0
107,-3,7,0,1.301,0,0,0.000,0,0,0,0,0,0,0,0
107,-5,5,3,0.592,0,0,0.000,0,0,0,0,0,0,0,0
107,2,-5,1,0.291,0,0,0.000,0,0,0,0,0,0,0,0
107,4,-3,0,0.431,0,0,0.000,0,0,0,0,0,0,0,0
107,-3,-3,0,1.531,0,0,0.000,0,0,0,0,0,0,0,0
107,-3,-1,3,0.201,0,0,0.000,0,0,0,0,0,0,0,0
107,0,5,3,0.151,0,0,0.000,0,0,0,0,0,0,0,0
107,0,0,3,0.451,0,0,0.000,0,0,0,0,0,0,0,0
107,3,-1,0,0.281,0,0,0.000,0,0,0,0,0,0,0,0
107,-1,-4,0,0.461,0,0,0.000,0,0,0,0,0,0,0,0
107,3,-2,1,0.621,0,0,0.000,0,0,0,0,0,0,0,0
107,1,5,0,0.352,0,0,0.000,0,0,0,0,0,0,0,0
107,-3,-2,2,0.561,0,0,0.000,0,0,0,0,0,0,0,0
107,-1,0,3,0.211,0,0,0.000,0,0,0,0,0,0,0,0
107,-5,-1,1,0.971,0,0,0.000,0,0,0,0,0,0,0,0
107,0,-1,3,2.721,0,0,0.000,0,0,0,0,0,0,0,0
107,-2,7,0,1.191,0,0,0.000,0,0,0,0,0,0,0,0
107,-6,4,1,0.921,0,0,0.000,0,0,0,0,0,0,0,0
107,-4,4,3,0.371,0,0,0.000,0,0,0,0,0,0,0,0
107,1,1,3,1.391,0,0,0.000,0,0,0,0,0,0,0,0
107,3,-4,0,1.051,0,0,0.000,0,0,0,0,0,0,0,0
107,-4,-1,3,0.981,0,0,0.000,0,0,0,0,0,0,0,0
107,-1,4,3,0.181,0,0,0.000,0,0,0,0,0,0,0,0
107,1,3,3,0.151,0,0,0.000,0,0,0,0,0,0,0,0
107,2,3,0,0.431,0,0,0.000,0,0,0,0,0,0,0,0
107,-2,-2,3,0.281,0,0,0.000,0,0,0,0,0,0,0,0
107,3,-3,0,0.991,0,0,0.000,0,0,0,0,0,0,0,0
107,-4,7,2,0.952,0,0,0.000,0,0,0,0,0,0,0,0
107,-1,-3,2,0.191,0,0,0.000,0,0,0,0,0,0,0,0
107,-5,7,2,2.131,0,0,0.000,0,0,0,0,0,0,0,0
107,-1,6,1,0.761,0,0,0.000,0,0,0,0,0,0,0,0
107,-3,5,3,0.293,0,0,0.000,0,0,0,0,0,0,0,0
107,-7,8,0,0.862,3,0,0.972,1,0,0,0,0,3,186,186
107,-3,6,3,0.561,0,0,0.000,0,0,0,0,0,0,0,0
107,-5,6,3,30.000,0,0,0.000,0,0,0,0,0,0,0,0
107,-4,2,3,0.211,0,0,0.000,0,0,0,0,0,0,0,0
107,-3,1,3,0.181,0,0,0.000,0,0,0,0,0,0,0,0
107,-6,5,0,0.931,0,0,0.000,0,0,0,0,0,0,0,0
107,1,-1,3,0.371,0,0,0.000,0,0,0,0,0,0,0,0
107,-4,1,3,0.251,0,0,0.000,0,0,0,0,0,0,0,0
107,-5,2,2,0.231,0,0,0.000,0,0,0,0,0,0,0,0
107,-2,-3,0,0.511,0,0,0.000,0,0,0,0,0,0,0,0
107,1,-5,0,0.111,0,0,0.000,0,0,0,0,0,0,0,0
107,-7,7,0,1.071,0,0,0.000,0,0,0,0,0,0,7,7
107,2,1,2,0.171,0,0,0.000,0,0,0,0,0,0,0,0
108,1,-4,2,0.511,0,0,0.000,0,0,0,0,0,0,0,0
108,-3,0,3,0.211,0,0,0.000,0,0,0,0,0,0,0,0
108,-2,2,3,1.131,0,0,0.000,0,0,0,0,0,0,0,0
108,-1,-1,3,0.121,0,0,0.000,0,0,0,0,0,0,0,0
108,0,1,3,0.171,0,0,0.000,0,0,0,0,0,0,0,0
108,-5,3,2,0.451,0,0,0.000,0,0,0,0,0,0,0,0
108,-1,1,3,0.381,0,0,0.000,0,0,0,0,0,0,0,0
108,-2,-1,3,0.451,0,0,0.000,0,0,0,0,0,0,0,0
108,0,4,3,1.671,0,0,0.000,0,0,0,0,0,0,0,0
108,3,-6,0,0.941,0,0,0.000,0,0,0,0,0,0,0,0
108,-2,4,3,0.222,0,0,0.000,0,0,0,0,0,0,0,0
108,-2,0,3,0.211,0,0,0.000,0,0,0,0,0,0,0,0
108,0,2,3,0.381,0,0,0.000,0,0,0,0,0,0,0,0
108,-4,3,3,1.481,0,0,0.000,0,0,0,0,0,0,0,0
108,-5,9,0,1.151,1,0,1.251,1,0,0,0,0,1,52,52
108,-7,6,1,0.944,0,0,0.000,0,0,0,0,0,0,0,0
108,-3,2,3,2.121,0,0,0.000,0,0,0,0,0,0,0,0
108,2,-1,2,0.591,0,0,0.000,0,0,0,0,0,0,0,0
108,0,-4,1,1.011,0,0,0.000,0,0,0,0,0,0,0,0
108,-2,5,3,0.421,0,0,0.000,0,0,0,0,0,0,0,0
108,-4,6,3,0.471,0,0,0.000,0,0,0,0,0,0,0,0
108,-1,5,2,1.671,0,0,0.000,0,0,0,0,0,0,0,0
108,0,-3,2,0.331,0,0,0.000,0,0,0,0,0,0,0,0
108,-6,8,0,1.191,0,0,0.000,0,0,0,0,0,0,15,15
108,-1,-2,3,0.441,0,0,0.000,0,0,0,0,0,0,0,0
108,-2,3,3,0.181,0,0,0.000,0,0,0,0,0,0,0,0
108,-4,5,3,0.651,0,0,0.000,0,0,0,0,0,0,0,0
108,1,-3,3,0.201,0,0,0.000,0,0,0,0,0,0,0,0
108,0,-2,3,0.171,0,0,0.000,0,0,0,0,0,0,0,0
108,0,3,3,0.281,0,0,0.000,0,0,0,0,0,0,0,0
108,-6,6,2,3.322,0,0,0.000,0,0,0,0,0,0,0,0
108,-2,6,2,2.411,0,0,0.000,0,0,0,0,0,0,0,0
108,-3,3,3,0.411,0,0,0.000,0,0,0,0,0,0,0,0
108,2,-2,2,0.191,0,0,0.000,0,0,0,0,0,0,0,0
108,-4,-2,2,0.141,0,0,0.000,0,0,0,0,0,0,0,0
108,2,2,1,30.000,0,0,0.000,0,0,0,0,0,0,0,0
108,-5,1,0,0.801,0,0,0.000,0,0,0,0,0,0,0,0
108,2,-3,2,0.941,0,0,0.000,0,0,0,0,0,0,0,0
108,-4,0,2,0.911,0,0,0.000,0,0,0,0,0,0,0,0
108,-3,4,3,1.521,0,0,0.000,0,0,0,0,0,0,0,0
108,-4,8,1,1.651,0,0,0.000,0,0,0,0,0,0,0,0
108,1,2,2,0.491,0,0,0.000,0,0,0,0,0,0,0,0
108,-6,2,0,0.492,0,0,0.000,0,0,0,0,0,0,0,0
108,-5,-2,0,0.551,0,0,0.000,0,0,0,0,0,0,0,0
108,3,1,1,0.921,0,0,0.000,0,0,0,0,0,0,0,0
108,-6,7,2,0.831,0,0,0.000,0,0,0,0,0,0,1,1
108,2,-4,2,0.981,0,0,0.000,0,0,0,0,0,0,0,0
108,-1,3,3,0.471,0,0,0.000,0,0,0,0,0,0,0,0
108,-1,2,3,0.311,0,0,0.000,0,0,0,0,0,0,0,0
108,-5,8,1,1.101,0,0,0.000,0,1,0,1,0,0,9,9
108,1,4,2,0.161,0,0,0.000,0,0,0,0,0,0,0,0
108,1,0,3,0.471,0,0,0.000,0,0,0,0,0,0,0,0
108,-2,1,3,1.291,0,0,0.000,0,0,0,0,0,0,0,0
108,-5,0,1,0.271,0,0,0.000,0,0,0,0,0,0,0,0
108,2,0,3,0.921,0,0,0.000,0,0,0,0,0,0,0,0
108,2,4,1,0.331,0,0,0.000,0,0,0,0,0,0,0,0
108,-6,3,0,0.432,0,0,0.000,0,0,0,0,0,0,0,0
108,3,0,0,0.181,0,0,0.000,0,0,0,0,0,0,0,0
108,-5,4,2,0.451,0,0,0.000,0,0,0,0,0,0,0,0
108,1,-2,3,30.000,0,0,0.000,0,0,0,0,0,0,0,0
108,-4,-3,0,0.951,0,0,0.000,0,0,0,0,0,0,0,0
108,3,-5,0,0.521,0,0,0.000,0,0,0,0,0,0,0,0
108,0,6,0,0.871,0,0,0.000,0,0,0,0,0,0,0,0
108,2,5,0,0.761,0,0,0.000,0,0,0,0,0,0,0,0
108,-3,7,0,1.081,0,0,0.000,0,0,0,0,0,0,0,0
108,-5,5,3,0.571,0,0,0.000,0,0,0,0,0,0,0,0
108,2,-5,1,0.501,0,0,0.000,0,0,0,0,0,0,0,0
108,4,-3,0,1.811,0,0,0.000,0,0,0,0,0,0,0,0
108,-3,-3,0,0.571,0,0,0.000,0,0,0,0,0,0,0,0
108,-3,-1,3,0.141,0,0,0.000,0,0,0,0,0,0,0,0
108,0,5,3,0.311,0,0,0.000,0,0,0,0,0,0,0,0
108,0,0,3,0.251,0,0,0.000,0,0,0,0,0,0,0,0
108,3,-1,0,0.142,0,0,0.000,0,0,0,0,0,0,0,0
108,-1,-4,0,0.721,0,0,0.000,0,0,0,0,0,0,0,0
108,3,-2,1,0.411,0,0,0.000,0,0,0,0,0,0,0,0
108,1,5,0,0.521,0,0,0.000,0,0,0,0,0,0,0,0
108,-3,-2,2,0.181,0,0,0.000,0,0,0,0,0,0,0,0
108,-1,0,3,0.691,0,0,0.000,0,0,0,0,0,0,0,0
108,-5,-1,1,0.831,0,0,0.000,0,0,0,0,0,0,0,0
108,0,-1,3,0.321,0,0,0.000,0,0,0,0,0,0,0,0
108,-2,7,0,1.062,0,0,0.000,0,0,0,0,0,0,0,0
108,-6,4,1,0.592,0,0,0.000,0,0,0,0,0,0,0,0
108,-4,4,3,0.561,0,0,0.000,0,0,0,0,0,0,0,0
108,1,1,3,0.391,0,0,0.000,0,0,0,0,0,0,0,0
108,3,-4,0,0.253,0,0,0.000,0,0,0,0,0,0,0,0
108,-4,-1,3,0.363,0,0,0.000,0,0,0,0,0,0,0,0
108,-1,4,3,0.181,0,0,0.000,0,0,0,0,0,0,0,0
108,1,3,3,1.091,0,0,0.000,0,0,0,0,0,0,0,0
108,2,3,0,0.211,0,0,0.000,0,0,0,0,0,0,0,0
108,-2,-2,3,0.521,0,0,0.000,0,0,0,0,0,0,0,0
108,3,-3,0,0.941,0,0,0.000,0,0,0,0,0,0,0,0
108,-4,7,2,0.921,0,0,0.000,0,0,0,0,0,0,0,0
108,-1,-3,2,0.791,0,0,0.000,0,0,0,0,0,0,0,0
108,-5,7,2,2.401,0,0,0.000,0,0,0,0,0,0,0,0
108,-1,6,1,0.561,0,0,0.000,0,0,0,0,0,0,0,0
108,-3,5,3,0.261,0,0,0.000,0,0,0,0,0,0,0,0
108,-7,8,0,0.691,0,0,0.000,0,0,0,0,0,0,204,204
108,-3,6,3,0.961,0,0,0.000,0,0,0,0,0,0,0,0
108,-5,6,3,0.621,0,0,0.000,0,0,0,0,0,0,0,0
108,-4,2,3,0.321,0,0,0.000,0,0,0,0,0,0,0,0
108,-3,1,3,0.751,0,0,0.000,0,0,0,0,0,0,0,0
108,-6,5,0,0.273,0,0,0.000,0,0,0,0,0,0,0,0
108,1,-1,3,2.461,0,0,0.000,0,0,0,0,0,0,0,0
108,-4,1,3,0.391,0,0,0.000,0,0,0,0,0,0,0,0
108,-5,2,2,0.351,0,0,0.000,0,0,0,0,0,0,0,0
108,-2,-3,0,0.491,0,0,0.000,0,0,0,0,0,0,0,0
108,1,-5,0,0.231,0,0,0.000,0,0,0,0,0,0,0,0
108,-7,7,0,1.791,0,0,0.000,0,0,0,0,0,0,8,8
108,2,1,2,1.251,0,0,0.000,0,0,0,0,0,0,0,0
109,1,-4,2,0.251,0,0,0.000,0,0,0,0,0,0,0,0
109,-3,0,3,1.511,0,0,0.000,0,0,0,0,0,0,0,0
109,-2,2,3,0.541,0,0,0.000,0,0,0,0,0,0,0,0
109,-1,-1,3,0.121,0,0,0.000,0,0,0,0,0,0,0,0
109,0,1,3,0.111,0,0,0.000,0,0,0,0,0,0,0,0
109,-5,3,2,0.221,0,0,0.000,0,0,0,0,0,0,0,0
109,-1,1,3,2.061,0,0,0.000,0,0,0,0,0,0,0,0
109,-2,-1,3,0.551,0,0,0.000,0,0,0,0,0,0,0,0
109,0,4,3,0.711,0,0,0.000,0,0,0,0,0,0,0,0
109,3,-6,0,1.741,0,0,0.000,0,0,0,0,0,0,0,0
109,-2,4,3,1.111,0,0,0.000,0,0,0,0,0,0,0,0
109,-2,0,3,0.211,0,0,0.000,0,0,0,0,0,0,0,0
109,0,2,3,0.381,0,0,0.000,0,0,0,0,0,0,0,0
109,-4,3,3,2.051,0,0,0.000,0,0,0,0,0,0,0,0
109,-5,9,0,1.451,1,0,1.551,1,0,0,0,0,1,49,49
109,-7,6,1,2.631,0,0,0.000,0,0,0,0,0,0,0,0
109,-3,2,3,0.761,0,0,0.000,0,0,0,0,0,0,0,0
109,2,-1,2,1.281,0,0,0.000,0,0,0,0,0,0,0,0
109,0,-4,1,0.381,0,0,0.000,0,0,0,0,0,0,0,0
109,-2,5,3,1.221,0,0,0.000,0,0,0,0,0,0,0,0
109,-4,6,3,1.191,0,0,0.000,0,0,0,0,0,0,0,0
109,-1,5,2,0.201,0,0,0.000,0,0,0,0,0,0,0,0
109,0,-3,2,0.271,0,0,0.000,0,0,0,0,0,0,0,0
109,-6,8,0,0.991,0,0,0.000,0,0,0,0,0,0,13,13
109,-1,-2,3,0.441,0,0,0.000,0,0,0,0,0,0,0,0
109,-2,3,3,0.181,0,0,0.000,0,0,0,0,0,0,0,0
109,-4,5,3,1.341,0,0,0.000,0,0,0,0,0,0,0,0
109,1,-3,3,0.201,0,0,0.000,0,0,0,0,0,0,0,0
109,0,-2,3,0.141,0,0,0.000,0,0,0,0,0,0,0,0
109,0,3,3,2.021,0,0,0.000,0,0,0,0,0,0,0,0
109,-6,6,2,0.501,0,0,0.000,0,0,0,0,0,0,0,0
109,-2,6,2,2.151,0,0,0.000,0,0,0,0,0,0,0,0
109,-3,3,3,0.411,0,0,0.000,0,0,0,0,0,0,0,0
109,2,-2,2,0.391,0,0,0.000,0,0,0,0,0,0,0,0
109,-4,-2,2,0.271,0,0,0.000,0,0,0,0,0,0,0,0
109,2,2,1,0.251,0,0,0.000,0,0,0,0,0,0,0,0
109,-5,1,0,0.361,0,0,0.000,0,0,0,0,0,0,0,0
109,2,-3,2,1.361,0,0,0.000,0,0,0,0,0,0,0,0
109,-4,0,2,0.221,0,0,0.000,0,0,0,0,0,0,0,0
109,-3,4,3,0.361,0,0,0.000,0,0,0,0,0,0,0,0
109,-4,8,1,1.651,0,0,0.000,0,0,0,0,0,0,0,0
109,1,2,2,0.251,0,0,0.000,0,0,0,0,0,0,0,0
109,-6,2,0,0.871,0,0,0.000,0,0,0,0,0,0,0,0
109,-5,-2,0,1.271,0,0,0.000,0,0,0,0,0,0,0,0
109,3,1,1,0.291,0,0,0.000,0,0,0,0,0,0,0,0
109,-6,7,2,0.752,0,0,0.000,0,1,0,3,0,0,0,0
109,2,-4,2,0.591,0,0,0.000,0,0,0,0,0,0,0,0
109,-1,3,3,1.031,0,0,0.000,0,0,0,0,0,0,0,0
109,-1,2,3,0.151,0,0,0.000,0,0,0,0,0,0,0,0
109,-5,8,1,0.812,0,0,0.000,0,1,0,1,0,0,9,9
109,1,4,2,0.501,0,0,0.000,0,0,0,0,0,0,0,0
109,1,0,3,0.461,0,0,0.000,0,0,0,0,0,0,0,0
109,-2,1,3,0.611,0,0,0.000,0,0,0,0,0,0,0,0
109,-5,0,1,1.141,0,0,0.000,0,0,0,0,0,0,0,0
109,2,0,3,1.901,0,0,0.000,0,0,0,0,0,0,0,0
109,2,4,1,0.331,0,0,0.000,0,0,0,0,0,0,0,0
109,-6,3,0,0.721,0,0,0.000,0,0,0,0,0,0,0,0
109,3,0,0,0.371,0,0,0.000,0,0,0,0,0,0,0,0
109,-5,4,2,0.451,0,0,0.000,0,0,0,0,0,0,0,0
109,1,-2,3,0.451,0,0,0.000,0,0,0,0,0,0,0,0
109,-4,-3,0,1.151,0,0,0.000,0,0,0,0,0,0,0,0
109,3,-5,0,0.353,0,0,0.000,0,0,0,0,0,0,0,0
109,0,6,0,1.831,0,0,0.000,0,0,0,0,0,0,0,0
109,2,5,0,0.831,0,0,0.000,0,0,0,0,0,0,0,0
109,-3,7,0,1.301,0,0,0.000,0,0,0,0,0,0,0,0
109,-5,5,3,3.171,0,0,0.000,0,0,0,0,0,0,0,0
109,2,-5,1,0.971,0,0,0.000,0,0,0,0,0,0,0,0
109,4,-3,0,0.274,0,0,0.000,0,0,0,0,0,0,0,0
109,-3,-3,0,0.112,0,0,0.000,0,0,0,0,0,0,0,0
109,-3,-1,3,0.231,0,0,0.000,0,0,0,0,0,0,0,0
109,0,5,3,0.311,0,0,0.000,0,0,0,0,0,0,0,0
109,0,0,3,1.231,0,0,0.000,0,0,0,0,0,0,0,0
109,3,-1,0,0.591,0,0,0.000,0,0,0,0,0,0,0,0
109,-1,-4,0,0.461,0,0,0.000,0,0,0,0,0,0,0,0
109,3,-2,1,0.411,0,0,0.000,0,0,0,0,0,0,0,0
109,1,5,0,0.881,0,0,0.000,0,0,0,0,0,0,0,0
109,-3,-2,2,3.031,0,0,0.000,0,0,0,0,0,0,0,0
109,-1,0,3,11.601,0,0,0.000,0,0,0,0,0,0,0,0
109,-5,-1,1,1.911,0,0,0.000,0,0,0,0,0,0,0,0
109,0,-1,3,0.411,0,0,0.000,0,0,0,0,0,0,0,0
109,-2,7,0,0.771,0,0,0.000,0,0,0,0,0,0,0,0
109,-6,4,1,0.681,0,0,0.000,0,0,0,0,0,0,0,0
109,-4,4,3,0.941,0,0,0.000,0,0,0,0,0,0,0,0
109,1,1,3,0.191,0,0,0.000,0,0,0,0,0,0,0,0
109,3,-4,0,0.253,0,0,0.000,0,0,0,0,0,0,0,0
109,-4,-1,3,0.352,0,0,0.000,0,0,0,0,0,0,0,0
109,-1,4,3,0.471,0,0,0.000,0,0,0,0,0,0,0,0
109,1,3,3,0.291,0,0,0.000,0,0,0,0,0,0,0,0
109,2,3,0,0.431,0,0,0.000,0,0,0,0,0,0,0,0
109,-2,-2,3,3.511,0,0,0.000,0,0,0,0,0,0,0,0
109,3,-3,0,0.991,0,0,0.000,0,0,0,0,0,0,0,0
109,-4,7,2,0.891,0,0,0.000,0,0,0,0,0,0,0,0
109,-1,-3,2,0.391,0,0,0.000,0,0,0,0,0,0,0,0
109,-5,7,2,1.321,0,0,0.000,0,0,0,0,0,0,0,0
109,-1,6,1,0.392,0,0,0.000,0,0,0,0,0,0,0,0
109,-3,5,3,0.821,0,0,0.000,0,0,0,0,0,0,0,0
109,-7,8,0,1.111,3,0,1.221,1,0,0,0,0,3,229,229
109,-3,6,3,0.371,0,0,0.000,0,0,0,0,0,0,0,0
109,-5,6,3,2.932,0,0,0.000,0,0,0,0,0,0,0,0
109,-4,2,3,2.081,0,0,0.000,0,0,0,0,0,0,0,0
109,-3,1,3,0.371,0,0,0.000,0,0,0,0,0,0,0,0
109,-6,5,0,0.371,0,0,0.000,0,0,0,0,0,0,0,0
109,1,-1,3,0.181,0,0,0.000,0,0,0,0,0,0,0,0
109,-4,1,3,0.191,0,0,0.000,0,0,0,0,0,0,0,0
109,-5,2,2,2.331,0,0,0.000,0,0,0,0,0,0,0,0
109,-2,-3,0,1.751,0,0,0.000,0,0,0,0,0,0,0,0
109,1,-5,0,0.111,0,0,0.000,0,0,0,0,0,0,0,0
109,-7,7,0,2.691,0,0,0.000,0,0,0,0,0,0,7,7
109,2,1,2,0.171,0,0,0.000,0,0,0,0,0,0,0,0
110,1,-4,2,0.511,0,0,0.000,0,0,0,0,0,0,0,0
110,-3,0,3,0.571,0,0,0.000,0,0,0,0,0,0,0,0
110,-2,2,3,0.541,0,0,0.000,0,0,0,0,0,0,0,0
110,-1,-1,3,0.251,0,0,0.000,0,0,0,0,0,0,0,0
110,0,1,3,0.271,0,0,0.000,0,0,0,0,0,0,0,0
110,-5,3,2,0.681,0,0,0.000,0,0,0,0,0,0,0,0
110,-1,1,3,0.591,0,0,0.000,0,0,0,0,0,0,0,0
110,-2,-1,3,0.451,0,0,0.000,0,0,0,0,0,0,0,0
110,0,4,3,1.671,0,0,0.000,0,0,0,0,0,0,0,0
110,3,-6,0,5.761,0,0,0.000,0,0,0,0,0,0,0,0
110,-2,4,3,0.421,0,0,0.000,0,0,0,0,0,0,0,0
110,-2,0,3,0.211,0,0,0.000,0,0,0,0,0,0,0,0
110,0,2,3,0.451,0,0,0.000,0,0,0,0,0,0,0,0
110,-4,3,3,0.341,0,0,0.000,0,0,0,0,0,0,0,0
110,-5,9,0,1.151,0,0,0.000,0,0,0,0,0,0,59,59
110,-7,6,1,1.091,0,0,0.000,0,0,0,0,0,0,1,1
110,-3,2,3,0.161,0,0,0.000,0,0,0,0,0,0,0,0
110,2,-1,2,1.191,0,0,0.000,0,0,0,0,0,0,0,0
110,0,-4,1,0.411,0,0,0.000,0,0,0,0,0,0,0,0
110,-2,5,3,0.311,0,0,0.000,0,0,0,0,0,0,0,0
110,-4,6,3,0.711,0,0,0.000,0,0,0,0,0,0,0,0
110,-1,5,2,0.621,0,0,0.000,0,0,0,0,0,0,0,0
110,0,-3,2,0.172,0,0,0.000,0,0,0,0,0,0,0,0
110,-6,8,0,0.991,0,0,0.000,0,0,0,0,0,0,15,15
110,-1,-2,3,0.671,0,0,0.000,0,0,0,0,0,0,0,0
110,-2,3,3,3.031,0,0,0.000,0,0,0,0,0,0,0,0
110,-4,5,3,0.211,0,0,0.000,0,0,0,0,0,0,0,0
110,1,-3,3,1.041,0,0,0.000,0,0,0,0,0,0,0,0
110,0,-2,3,0.681,0,0,0.000,0,0,0,0,0,0,0,0
110,0,3,3,0.201,0,0,0.000,0,0,0,0,0,0,0,0
110,-6,6,2,0.501,0,0,0.000,0,0,0,0,0,0,0,0
110,-2,6,2,1.891,0,0,0.000,0,0,0,0,0,0,0,0
110,-3,3,3,0.411,0,0,0.000,0,0,0,0,0,0,0,0
110,2,-2,2,0.191,0,0,0.000,0,0,0,0,0,0,0,0
110,-4,-2,2,0.721,0,0,0.000,0,0,0,0,0,0,0,0
110,2,2,1,0.341,0,0,0.000,0,0,0,0,0,0,0,0
110,-5,1,0,2.561,0,0,0.000,0,0,0,0,0,0,0,0
110,2,-3,2,0.241,0,0,0.000,0,0,0,0,0,0,0,0
110,-4,0,2,0.221,0,0,0.000,0,0,0,0,0,0,0,0
110,-3,4,3,0.401,0,0,0.000,0,0,0,0,0,0,0,0
110,-4,8,1,2.371,0,0,0.000,0,0,0,0,0,0,0,0
110,1,2,2,0.581,0,0,0.000,0,0,0,0,0,0,0,0
110,-6,2,0,0.431,0,0,0.000,0,0,0,0,0,0,0,0
110,-5,-2,0,0.711,0,0,0.000,0,0,0,0,0,0,0,0
110,3,1,1,0.411,0,0,0.000,0,0,0,0,0,0,0,0
110,-6,7,2,1.591,0,0,0.000,0,1,0,1,0,0,0,0
110,2,-4,2,0.212,0,0,0.000,0,0,0,0,0,0,0,0
110,-1,3,3,0.231,0,0,0.000,0,0,0,0,0,0,0,0
110,-1,2,3,0.311,0,0,0.000,0,0,0,0,0,0,0,0
110,-5,8,1,1.182,0,0,0.000,0,0,0,0,0,0,17,17
110,1,4,2,2.201,0,0,0.000,0,0,0,0,0,0,0,0
110,1,0,3,0.161,0,0,0.000,0,0,0,0,0,0,0,0
110,-2,1,3,2.561,0,0,0.000,0,0,0,0,0,0,0,0
110,-5,0,1,3.101,0,0,0.000,0,0,0,0,0,0,0,0
110,2,0,3,3.091,0,0,0.000,0,0,0,0,0,0,0,0
110,2,4,1,0.331,0,0,0.000,0,0,0,0,0,0,0,0
110,-6,3,0,0.721,0,0,0.000,0,0,0,0,0,0,0,0
110,3,0,0,0.181,0,0,0.000,0,0,0,0,0,0,0,0
110,-5,4,2,3.901,0,0,0.000,0,0,0,0,0,0,0,0
110,1,-2,3,0.451,0,0,0.000,0,0,0,0,0,0,0,0
110,-4,-3,0,0.711,0,0,0.000,0,0,0,0,0,0,0,0
110,3,-5,0,0.341,0,0,0.000,0,0,0,0,0,0,0,0
110,0,6,0,0.531,0,0,0.000,0,0,0,0,0,0,0,0
110,2,5,0,1.811,0,0,0.000,0,0,0,0,0,0,0,0
110,-3,7,0,0.652,0,0,0.000,0,0,0,0,0,0,0,0
110,-5,5,3,0.392,0,0,0.000,0,0,0,0,0,0,0,0
110,2,-5,1,0.631,0,0,0.000,0,0,0,0,0,0,0,0
110,4,-3,0,0.661,0,0,0.000,0,0,0,0,0,0,0,0
110,-3,-3,0,0.211,0,0,0.000,0,0,0,0,0,0,0,0
110,-3,-1,3,0.111,0,0,0.000,0,0,0,0,0,0,0,0
110,0,5,3,0.151,0,0,0.000,0,0,0,0,0,0,0,0
110,0,0,3,0.381,0,0,0.000,0,0,0,0,0,0,0,0
110,3,-1,0,0.281,0,0,0.000,0,0,0,0,0,0,0,0
110,-1,-4,0,0.301,0,0,0.000,0,0,0,0,0,0,0,0
110,3,-2,1,0.411,0,0,0.000,0,0,0,0,0,0,0,0
110,1,5,0,1.651,0,0,0.000,0,0,0,0,0,0,0,0
110,-3,-2,2,0.231,0,0,0.000,0,0,0,0,0,0,0,0
110,-1,0,3,0.211,0,0,0.000,0,0,0,0,0,0,0,0
110,-5,-1,1,1.001,0,0,0.000,0,0,0,0,0,0,0,0
110,0,-1,3,0.721,0,0,0.000,0,0,0,0,0,0,0,0
110,-2,7,0,1.482,0,0,0.000,0,0,0,0,0,0,0,0
110,-6,4,1,0.581,0,0,0.000,0,0,0,0,0,0,0,0
110,-4,4,3,0.941,0,0,0.000,0,0,0,0,0,0,0,0
110,1,1,3,1.891,0,0,0.000,0,0,0,0,0,0,0,0
110,3,-4,0,0.761,0,0,0.000,0,0,0,0,0,0,0,0
110,-4,-1,3,0.352,0,0,0.000,0,0,0,0,0,0,0,0
110,-1,4,3,0.371,0,0,0.000,0,0,0,0,0,0,0,0
110,1,3,3,0.931,0,0,0.000,0,0,0,0,0,0,0,0
110,2,3,0,0.301,0,0,0.000,0,0,0,0,0,0,0,0
110,-2,-2,3,0.371,0,0,0.000,0,0,0,0,0,0,0,0
110,3,-3,0,0.232,0,0,0.000,0,0,0,0,0,0,0,0
110,-4,7,2,0.831,0,0,0.000,0,0,0,0,0,0,0,0
110,-1,-3,2,3.191,0,0,0.000,0,0,0,0,0,0,0,0
110,-5,7,2,2.131,0,0,0.000,0,0,0,0,0,0,0,0
110,-1,6,1,1.561,0,0,0.000,0,0,0,0,0,0,0,0
110,-3,5,3,0.892,0,0,0.000,0,0,0,0,0,0,0,0
110,-7,8,0,0.971,1,0,1.061,1,0,0,0,0,1,201,201
110,-3,6,3,1.321,0,0,0.000,0,0,0,0,0,0,0,0
110,-5,6,3,1.461,0,0,0.000,0,0,0,0,0,0,0,0
110,-4,2,3,0.211,0,0,0.000,0,0,0,0,0,0,0,0
110,-3,1,3,0.751,0,0,0.000,0,0,0,0,0,0,0,0
110,-6,5,0,0.402,0,0,0.000,0,0,0,0,0,0,0,0
110,1,-1,3,0.181,0,0,0.000,0,0,0,0,0,0,0,0
110,-4,1,3,0.791,0,0,0.000,0,0,0,0,0,0,0,0
110,-5,2,2,0.171,0,0,0.000,0,0,0,0,0,0,0,0
110,-2,-3,0,0.491,0,0,0.000,0,0,0,0,0,0,0,0
110,1,-5,0,0.351,0,0,0.000,0,0,0,0,0,0,0,0
110,-7,7,0,1.791,0,0,0.000,0,0,0,0,0,0,7,7
110,2,1,2,0.891,0,0,0.000,0,0,0,0,0,0,0,0
111,1,-4,2,0.291,0,0,0.000,0,0,0,0,0,0,0,0
111,-3,0,3,0.631,0,0,0.000,0,0,0,0,0,0,0,0
111,-2,2,3,1.841,0,0,0.000,0,0,0,0,0,0,0,0
111,-1,-1,3,0.121,0,0,0.000,0,0,0,0,0,0,0,0
111,0,1,3,0.111,0,0,0.000,0,0,0,0,0,0,0,0
111,-5,3,2,0.451,0,0,0.000,0,0,0,0,0,0,0,0
111,-1,1,3,0.201,0,0,0.000,0,0,0,0,0,0,0,0
111,-2,-1,3,0.181,0,0,0.000,0,0,0,0,0,0,0,0
111,0,4,3,0.471,0,0,0.000,0,0,0,0,0,0,0,0
111,3,-6,0,1.261,0,0,0.000,0,0,0,0,0,0,0,0
111,-2,4,3,0.421,0,0,0.000,0,0,0,0,0,0,0,0
111,-2,0,3,0.431,0,0,0.000,0,0,0,0,0,0,0,0
111,0,2,3,0.191,0,0,0.000,0,0,0,0,0,0,0,0
111,-4,3,3,1.101,0,0,0.000,0,0,0,0,0,0,0,0
111,-5,9,0,1.451,0,0,0.000,0,0,0,0,0,0,75,75
111,-7,6,1,0.902,0,0,0.000,0,0,0,0,0,0,0,0
111,-3,2,3,0.161,0,0,0.000,0,0,0,0,0,0,0,0
111,2,-1,2,0.891,0,0,0.000,0,0,0,0,0,0,0,0
111,0,-4,1,0.201,0,0,0.000,0,0,0,0,0,0,0,0
111,-2,5,3,1.112,0,0,0.000,0,0,0,0,0,0,0,0
111,-4,6,3,1.671,0,0,0.000,0,0,0,0,0,0,0,0
111,-1,5,2,0.411,0,0,0.000,0,0,0,0,0,0,0,0
111,0,-3,2,0.781,0,0,0.000,0,0,0,0,0,0,0,0
111,-6,8,0,1.791,0,0,0.000,0,0,0,0,0,0,11,11
111,-1,-2,3,0.441,0,0,0.000,0,0,0,0,0,0,0,0
111,-2,3,3,0.751,0,0,0.000,0,0,0,0,0,0,0,0
111,-4,5,3,0.871,0,0,0.000,0,0,0,0,0,0,0,0
111,1,-3,3,0.831,0,0,0.000,0,0,0,0,0,0,0,0
111,0,-2,3,0.231,0,0,0.000,0,0,0,0,0,0,0,0
111,0,3,3,0.411,0,0,0.000,0,0,0,0,0,0,0,0
111,-6,6,2,0.771,0,0,0.000,0,0,0,0,0,0,0,0
111,-2,6,2,0.901,0,0,0.000,0,0,0,0,0,0,0,0
111,-3,3,3,0.411,0,0,0.000,0,0,0,0,0,0,0,0
111,2,-2,2,1.021,0,0,0.000,0,0,0,0,0,0,0,0
111,-4,-2,2,0.141,0,0,0.000,0,0,0,0,0,0,0,0
111,2,2,1,0.151,0,0,0.000,0,0,0,0,0,0,0,0
111,-5,1,0,0.193,0,0,0.000,0,0,0,0,0,0,0,0
111,2,-3,2,0.131,0,0,0.000,0,0,0,0,0,0,0,0
111,-4,0,2,0.681,0,0,0.000,0,0,0,0,0,0,0,0
111,-3,4,3,0.331,0,0,0.000,0,0,0,0,0,0,0,0
111,-4,8,1,1.171,0,0,0.000,0,0,0,0,0,0,0,0
111,1,2,2,0.731,0,0,0.000,0,0,0,0,0,0,0,0
111,-6,2,0,0.431,0,0,0.000,0,0,0,0,0,0,0,0
111,-5,-2,0,0.551,0,0,0.000,0,0,0,0,0,0,0,0
111,3,1,1,0.411,0,0,0.000,0,0,0,0,0,0,0,0
111,-6,7,2,0.831,0,0,0.000,0,1,0,2,0,0,0,0
111,2,-4,2,0.652,0,0,0.000,0,0,0,0,0,0,0,0
111,-1,3,3,1.111,0,0,0.000,0,0,0,0,0,0,0,0
111,-1,2,3,0.151,0,0,0.000,0,0,0,0,0,0,0,0
111,-5,8,1,2.441,0,0,0.000,0,0,0,0,0,0,16,16
111,1,4,2,0.671,0,0,0.000,0,0,0,0,0,0,0,0
111,1,0,3,3.691,0,0,0.000,0,0,0,0,0,0,0,0
111,-2,1,3,0.611,0,0,0.000,0,0,0,0,0,0,0,0
111,-5,0,1,0.521,0,0,0.000,0,0,0,0,0,0,0,0
111,2,0,3,0.921,0,0,0.000,0,0,0,0,0,0,0,0
111,2,4,1,0.331,0,0,0.000,0,0,0,0,0,0,0,0
111,-6,3,0,0.631,0,0,0.000,0,0,0,0,0,0,0,0
111,3,0,0,1.511,0,0,0.000,0,0,0,0,0,0,0,0
111,-5,4,2,0.241,0,0,0.000,0,0,0,0,0,0,0,0
111,1,-2,3,0.451,0,0,0.000,0,0,0,0,0,0,0,0
111,-4,-3,0,0.711,0,0,0.000,0,0,0,0,0,0,0,0
111,3,-5,0,1.421,0,0,0.000,0,0,0,0,0,0,0,0
111,0,6,0,0.722,0,0,0.000,0,0,0,0,0,0,0,0
111,2,5,0,0.411,0,0,0.000,0,0,0,0,0,0,0,0
111,-3,7,0,0.861,0,0,0.000,0,0,0,0,0,0,0,0
111,-5,5,3,0.771,0,0,0.000,0,0,0,0,0,0,0,0
111,2,-5,1,2.161,0,0,0.000,0,0,0,0,0,0,0,0
111,4,-3,0,0.431,0,0,0.000,0,0,0,0,0,0,0,0
111,-3,-3,0,0.112,0,0,0.000,0,0,0,0,0,0,0,0
111,-3,-1,3,0.111,0,0,0.000,0,0,0,0,0,0,0,0
111,0,5,3,0.311,0,0,0.000,0,0,0,0,0,0,0,0
111,0,0,3,0.971,0,0,0.000,0,0,0,0,0,0,0,0
111,3,-1,0,1.031,0,0,0.000,0,0,0,0,0,0,0,0
111,-1,-4,0,0.152,0,0,0.000,0,0,0,0,0,0,0,0
111,3,-2,1,0.201,0,0,0.000,0,0,0,0,0,0,0,0
111,1,5,0,0.521,0,0,0.000,0,0,0,0,0,0,0,0
111,-3,-2,2,0.181,0,0,0.000,0,0,0,0,0,0,0,0
111,-1,0,3,0.691,0,0,0.000,0,0,0,0,0,0,0,0
111,-5,-1,1,1.801,0,0,0.000,0,0,0,0,0,0,0,0
111,0,-1,3,0.571,0,0,0.000,0,0,0,0,0,0,0,0
111,-2,7,0,0.771,0,0,0.000,0,0,0,0,0,0,0,0
111,-6,4,1,1.271,0,0,0.000,0,0,0,0,0,0,0,0
111,-4,4,3,0.181,0,0,0.000,0,0,0,0,0,0,0,0
111,1,1,3,0.391,0,0,0.000,0,0,0,0,0,0,0,0
111,3,-4,0,0.253,0,0,0.000,0,0,0,0,0,0,0,0
111,-4,-1,3,0.731,0,0,0.000,0,0,0,0,0,0,0,0
111,-1,4,3,0.181,0,0,0.000,0,0,0,0,0,0,0,0
111,1,3,3,0.291,0,0,0.000,0,0,0,0,0,0,0,0
111,2,3,0,0.521,0,0,0.000,0,0,0,0,0,0,0,0
111,-2,-2,3,0.181,0,0,0.000,0,0,0,0,0,0,0,0
111,3,-3,0,1.181,0,0,0.000,0,0,0,0,0,0,0,0
111,-4,7,2,0.662,0,0,0.000,0,0,0,0,0,0,0,0
111,-1,-3,2,0.191,0,0,0.000,0,0,0,0,0,0,0,0
111,-5,7,2,2.131,0,0,0.000,0,0,0,0,0,0,0,0
111,-1,6,1,0.392,0,0,0.000,0,0,0,0,0,0,0,0
111,-3,5,3,14.121,0,0,0.000,0,0,0,0,0,0,0,0
111,-7,8,0,1.111,2,0,1.211,1,0,0,0,0,2,202,202
111,-3,6,3,1.131,0,0,0.000,0,0,0,0,0,0,0,0
111,-5,6,3,0.621,0,0,0.000,0,0,0,0,0,0,0,0
111,-4,2,3,0.321,0,0,0.000,0,0,0,0,0,0,0,0
111,-3,1,3,0.521,0,0,0.000,0,0,0,0,0,0,0,0
111,-6,5,0,8.102,0,0,0.000,0,0,0,0,0,0,0,0
111,1,-1,3,0.191,0,0,0.000,0,0,0,0,0,0,0,0
111,-4,1,3,0.391,0,0,0.000,0,0,0,0,0,0,0,0
111,-5,2,2,0.771,0,0,0.000,0,0,0,0,0,0,0,0
111,-2,-3,0,0.491,0,0,0.000,0,0,0,0,0,0,0,0
111,1,-5,0,0.231,0,0,0.000,0,0,0,0,0,0,0,0
111,-7,7,0,1.071,0,0,0.000,0,0,0,0,0,0,13,13
111,2,1,2,0.171,0,0,0.000,0,0,0,0,0,0,0,0
112,1,-4,2,0.591,0,0,0.000,0,0,0,0,0,0,0,0
112,-3,0,3,2.171,0,0,0.000,0,0,0,0,0,0,0,0
112,-2,2,3,1.531,0,0,0.000,0,0,0,0,0,0,0,0
112,-1,-1,3,0.251,0,0,0.000,0,0,0,0,0,0,0,0
112,0,1,3,0.271,0,0,0.000,0,0,0,0,0,0,0,0
112,-5,3,2,0.451,0,0,0.000,0,0,0,0,0,0,0,0
112,-1,1,3,0.201,0,0,0.000,0,0,0,0,0,0,0,0
112,-2,-1,3,0.461,0,0,0.000,0,0,0,0,0,0,0,0
112,0,4,3,0.711,0,0,0.000,0,0,0,0,0,0,0,0
112,3,-6,0,1.022,0,0,0.000,0,0,0,0,0,0,0,0
112,-2,4,3,1.131,0,0,0.000,0,0,0,0,0,0,0,0
112,-2,0,3,1.531,0,0,0.000,0,0,0,0,0,0,0,0
112,0,2,3,0.381,0,0,0.000,0,0,0,0,0,0,0,0
112,-4,3,3,0.341,0,0,0.000,0,0,0,0,0,0,0,0
112,-5,9,0,1.301,0,0,0.000,0,0,0,0,0,0,60,60
112,-7,6,1,0.723,0,0,0.000,0,0,0,0,0,0,0,0
112,-3,2,3,0.161,0,0,0.000,0,0,0,0,0,0,0,0
112,2,-1,2,0.291,0,0,0.000,0,0,0,0,0,0,0,0
112,0,-4,1,0.201,0,0,0.000,0,0,0,0,0,0,0,0
112,-2,5,3,0.421,0,0,0.000,0,0,0,0,0,0,0,0
112,-4,6,3,2.151,0,0,0.000,0,0,0,0,0,0,0,0
112,-1,5,2,0.201,0,0,0.000,0,0,0,0,0,0,0,0
112,0,-3,2,0.501,0,0,0.000,0,0,0,0,0,0,0,0
112,-6,8,0,2.591,0,0,0.000,0,0,0,0,0,0,12,12
112,-1,-2,3,0.221,0,0,0.000,0,0,0,0,0,0,0,0
112,-2,3,3,0.371,0,0,0.000,0,0,0,0,0,0,0,0
112,-4,5,3,0.243,0,0,0.000,0,0,0,0,0,0,0,0
112,1,-3,3,0.671,0,0,0.000,0,0,0,0,0,0,0,0
112,0,-2,3,0.281,0,0,0.000,0,0,0,0,0,0,0,0
112,0,3,3,2.021,0,0,0.000,0,0,0,0,0,0,0,0
112,-6,6,2,0.501,0,0,0.000,0,0,0,0,0,0,0,0
112,-2,6,2,0.761,0,0,0.000,0,0,0,0,0,0,0,0
112,-3,3,3,0.411,0,0,0.000,0,0,0,0,0,0,0,0
112,2,-2,2,0.271,0,0,0.000,0,0,0,0,0,0,0,0
112,-4,-2,2,1.021,0,0,0.000,0,0,0,0,0,0,0,0
112,2,2,1,0.151,0,0,0.000,0,0,0,0,0,0,0,0
112,-5,1,0,3.361,0,0,0.000,0,0,0,0,0,0,0,0
112,2,-3,2,0.241,0,0,0.000,0,0,0,0,0,0,0,0
112,-4,0,2,2.211,0,0,0.000,0,0,0,0,0,0,0,0
112,-3,4,3,3.391,0,0,0.000,0,0,0,0,0,0,0,0
112,-4,8,1,1.651,0,0,0.000,0,0,0,0,0,0,0,0
112,1,2,2,1.771,0,0,0.000,0,0,0,0,0,0,0,0
112,-6,2,0,0.521,0,0,0.000,0,0,0,0,0,0,0,0
112,-5,-2,0,0.471,0,0,0.000,0,0,0,0,0,0,0,0
112,3,1,1,1.462,0,0,0.000,0,0,0,0,0,0,0,0
112,-6,7,2,1.802,0,0,0.000,0,0,0,0,0,0,0,0
112,2,-4,2,1.471,0,0,0.000,0,0,0,0,0,0,0,0
112,-1,3,3,0.231,0,0,0.000,0,0,0,0,0,0,0,0
112,-1,2,3,0.471,0,0,0.000,0,0,0,0,0,0,0,0
112,-5,8,1,0.812,0,0,0.000,0,0,0,0,0,0,17,17
112,1,4,2,0.331,0,0,0.000,0,0,0,0,0,0,0,0
112,1,0,3,1.141,0,0,0.000,0,0,0,0,0,0,0,0
112,-2,1,3,0.631,0,0,0.000,0,0,0,0,0,0,0,0
112,-5,0,1,0.271,0,0,0.000,0,0,0,0,0,0,0,0
112,2,0,3,2.161,0,0,0.000,0,0,0,0,0,0,0,0
112,2,4,1,1.191,0,0,0.000,0,0,0,0,0,0,0,0
112,-6,3,0,0.501,0,0,0.000,0,0,0,0,0,0,0,0
112,3,0,0,1.321,0,0,0.000,0,0,0,0,0,0,0,0
112,-5,4,2,1.141,0,0,0.000,0,0,0,0,0,0,0,0
112,1,-2,3,1.601,0,0,0.000,0,0,0,0,0,0,0,0
112,-4,-3,0,0.911,0,0,0.000,0,0,0,0,0,0,0,0
112,3,-5,0,0.341,0,0,0.000,0,0,0,0,0,0,0,0
112,0,6,0,0.911,0,0,0.000,0,0,0,0,0,0,0,0
112,2,5,0,19.661,0,0,0.000,0,0,0,0,0,0,0,0
112,-3,7,0,1.081,0,0,0.000,0,0,0,0,0,0,0,0
112,-5,5,3,1.171,0,0,0.000,0,0,0,0,0,0,0,0
112,2,-5,1,2.331,0,0,0.000,0,0,0,0,0,0,0,0
112,4,-3,0,2.501,0,0,0.000,0,0,0,0,0,0,0,0
112,-3,-3,0,0.112,0,0,0.000,0,0,0,0,0,0,0,0
112,-3,-1,3,0.501,0,0,0.000,0,0,0,0,0,0,0,0
112,0,5,3,0.163,0,0,0.000,0,0,0,0,0,0,0,0
112,0,0,3,0.251,0,0,0.000,0,0,0,0,0,0,0,0
112,3,-1,0,0.591,0,0,0.000,0,0,0,0,0,0,0,0
112,-1,-4,0,0.301,0,0,0.000,0,0,0,0,0,0,0,0
112,3,-2,1,0.411,0,0,0.000,0,0,0,0,0,0,0,0
112,1,5,0,0.521,0,0,0.000,0,0,0,0,0,0,0,0
112,-3,-2,2,0.561,0,0,0.000,0,0,0,0,0,0,0,0
112,-1,0,3,0.381,0,0,0.000,0,0,0,0,0,0,0,0
112,-5,-1,1,0.651,0,0,0.000,0,0,0,0,0,0,0,0
112,0,-1,3,0.971,0,0,0.000,0,0,0,0,0,0,0,0
112,-2,7,0,0.821,0,0,0.000,0,0,0,0,0,0,0,0
112,-6,4,1,1.731,0,0,0.000,0,0,0,0,0,0,0,0
112,-4,4,3,1.891,0,0,0.000,0,0,0,0,0,0,0,0
112,1,1,3,0.191,0,0,0.000,0,0,0,0,0,0,0,0
112,3,-4,0,1.251,0,0,0.000,0,0,0,0,0,0,0,0
112,-4,-1,3,8.091,0,0,0.000,0,0,0,0,0,0,0,0
112,-1,4,3,0.371,0,0,0.000,0,0,0,0,0,0,0,0
112,1,3,3,0.451,0,0,0.000,0,0,0,0,0,0,0,0
112,2,3,0,0.741,0,0,0.000,0,0,0,0,0,0,0,0
112,-2,-2,3,0.181,0,0,0.000,0,0,0,0,0,0,0,0
112,3,-3,0,3.701,0,0,0.000,0,0,0,0,0,0,0,0
112,-4,7,2,3.891,0,0,0.000,0,0,0,0,0,0,0,0
112,-1,-3,2,0.991,0,0,0.000,0,0,0,0,0,0,0,0
112,-5,7,2,1.591,0,0,0.000,0,0,0,0,0,0,0,0
112,-1,6,1,0.561,0,0,0.000,0,0,0,0,0,0,0,0
112,-3,5,3,0.191,0,0,0.000,0,0,0,0,0,0,0,0
112,-7,8,0,0.692,0,0,0.000,0,0,0,0,0,0,209,209
112,-3,6,3,0.561,0,0,0.000,0,0,0,0,0,0,0,0
112,-5,6,3,0.621,0,0,0.000,0,0,0,0,0,0,0,0
112,-4,2,3,0.321,0,0,0.000,0,0,0,0,0,0,0,0
112,-3,1,3,0.271,0,0,0.000,0,0,0,0,0,0,0,0
112,-6,5,0,1.211,0,0,0.000,0,0,0,0,0,0,0,0
112,1,-1,3,0.561,0,0,0.000,0,0,0,0,0,0,0,0
112,-4,1,3,0.811,0,0,0.000,0,0,0,0,0,0,0,0
112,-5,2,2,0.771,0,0,0.000,0,0,0,0,0,0,0,0
112,-2,-3,0,0.311,0,0,0.000,0,0,0,0,0,0,0,0
112,1,-5,0,0.231,0,0,0.000,0,0,0,0,0,0,0,0
112,-7,7,0,1.071,0,0,0.000,0,0,0,0,0,0,6,6
112,2,1,2,0.171,0,0,0.000,0,0,0,0,0,0,0,0
113,1,-4,2,0.511,0,0,0.000,0,0,0,0,0,0,0,0
113,-3,0,3,0.631,0,0,0.000,0,0,0,0,0,0,0,0
113,-2,2,3,0.221,0,0,0.000,0,0,0,0,0,0,0,0
113,-1,-1,3,0.351,0,0,0.000,0,0,0,0,0,0,0,0
113,0,1,3,0.111,0,0,0.000,0,0,0,0,0,0,0,0
113,-5,3,2,1.601,0,0,0.000,0,0,0,0,0,0,0,0
113,-1,1,3,2.691,0,0,0.000,0,0,0,0,0,0,0,0
113,-2,-1,3,1.211,0,0,0.000,0,0,0,0,0,0,0,0
113,0,4,3,1.191,0,0,0.000,0,0,0,0,0,0,0,0
113,3,-6,0,1.292,0,0,0.000,0,0,0,0,0,0,0,0
113,-2,4,3,0.222,0,0,0.000,0,0,0,0,0,0,0,0
113,-2,0,3,2.191,0,0,0.000,0,0,0,0,0,0,0,0
113,0,2,3,0.191,0,0,0.000,0,0,0,0,0,0,0,0
113,-4,3,3,0.721,0,0,0.000,0,0,0,0,0,0,0,0
113,-5,9,0,1.451,0,0,0.000,0,0,0,0,0,0,64,64
113,-7,6,1,0.724,0,0,0.000,0,0,0,0,0,0,0,0
113,-3,2,3,0.421,0,0,0.000,0,0,0,0,0,0,0,0
113,2,-1,2,2.091,0,0,0.000,0,0,0,0,0,0,0,0
113,0,-4,1,0.241,0,0,0.000,0,0,0,0,0,0,0,0
113,-2,5,3,0.311,0,0,0.000,0,0,0,0,0,0,0,0
113,-4,6,3,0.471,0,0,0.000,0,0,0,0,0,0,0,0
113,-1,5,2,3.351,0,0,0.000,0,0,0,0,0,0,0,0
113,0,-3,2,0.161,0,0,0.000,0,0,0,0,0,0,0,0
113,-6,8,0,3.791,0,0,0.000,0,0,0,0,0,0,9,9
113,-1,-2,3,0.441,0,0,0.000,0,0,0,0,0,0,0,0
113,-2,3,3,3.031,0,0,0.000,0,0,0,0,0,0,0,0
113,-4,5,3,0.651,0,0,0.000,0,0,0,0,0,0,0,0
113,1,-3,3,0.201,0,0,0.000,0,0,0,0,0,0,0,0
113,0,-2,3,0.621,0,0,0.000,0,0,0,0,0,0,0,0
113,0,3,3,0.411,0,0,0.000,0,0,0,0,0,0,0,0
113,-6,6,2,2.301,0,0,0.000,0,0,0,0,0,0,0,0
113,-2,6,2,1.631,0,0,0.000,0,0,0,0,0,0,0,0
113,-3,3,3,0.261,0,0,0.000,0,0,0,0,0,0,0,0
113,2,-2,2,0.191,0,0,0.000,0,0,0,0,0,0,0,0
113,-4,-2,2,0.141,0,0,0.000,0,0,0,0,0,0,0,0
113,2,2,1,7.191,0,0,0.000,0,0,0,0,0,0,0,0
113,-5,1,0,0.961,0,0,0.000,0,0,0,0,0,0,0,0
113,2,-3,2,0.241,0,0,0.000,0,0,0,0,0,0,0,0
113,-4,0,2,1.521,0,0,0.000,0,0,0,0,0,0,0,0
113,-3,4,3,1.211,0,0,0.000,0,0,0,0,0,0,0,0
113,-4,8,1,2.371,0,0,0.000,0,0,0,0,0,0,0,0
113,1,2,2,3.331,0,0,0.000,0,0,0,0,0,0,0,0
113,-6,2,0,0.651,0,0,0.000,0,0,0,0,0,0,0,0
113,-5,-2,0,1.191,0,0,0.000,0,0,0,0,0,0,0,0
113,3,1,1,0.201,0,0,0.000,0,0,0,0,0,0,0,0
113,-6,7,2,1.052,0,0,0.000,0,1,0,2,0,0,1,1
113,2,-4,2,0.881,0,0,0.000,0,0,0,0,0,0,0,0
113,-1,3,3,0.311,0,0,0.000,0,0,0,0,0,0,0,0
113,-1,2,3,0.311,0,0,0.000,0,0,0,0,0,0,0,0
113,-5,8,1,0.844,0,0,0.000,0,0,0,0,0,0,11,11
113,1,4,2,0.331,0,0,0.000,0,0,0,0,0,0,0,0
113,1,0,3,0.411,0,0,0.000,0,0,0,0,0,0,0,0
113,-2,1,3,1.661,0,0,0.000,0,0,0,0,0,0,0,0
113,-5,0,1,0.521,0,0,0.000,0,0,0,0,0,0,0,0
113,2,0,3,2.161,0,0,0.000,0,0,0,0,0,0,0,0
113,2,4,1,0.331,0,0,0.000,0,0,0,0,0,0,0,0
113,-6,3,0,0.531,0,0,0.000,0,0,0,0,0,0,0,0
113,3,0,0,0.561,0,0,0.000,0,0,0,0,0,0,0,0
113,-5,4,2,1.141,0,0,0.000,0,0,0,0,0,0,0,0
113,1,-2,3,0.681,0,0,0.000,0,0,0,0,0,0,0,0
113,-4,-3,0,1.631,0,0,0.000,0,0,0,0,0,0,0,0
113,3,-5,0,0.341,0,0,0.000,0,0,0,0,0,0,0,0
113,0,6,0,1.791,0,0,0.000,0,0,0,0,0,0,0,0
113,2,5,0,3.281,0,0,0.000,0,0,0,0,0,0,0,0
113,-3,7,0,0.861,0,0,0.000,0,0,0,0,0,0,0,0
113,-5,5,3,0.392,0,0,0.000,0,0,0,0,0,0,0,0
113,2,-5,1,3.182,0,0,0.000,0,0,0,0,0,0,0,0
113,4,-3,0,0.431,0,0,0.000,0,0,0,0,0,0,0,0
113,-3,-3,0,0.112,0,0,0.000,0,0,0,0,0,0,0,0
113,-3,-1,3,0.111,0,0,0.000,0,0,0,0,0,0,0,0
113,0,5,3,0.151,0,0,0.000,0,0,0,0,0,0,0,0
113,0,0,3,2.531,0,0,0.000,0,0,0,0,0,0,0,0
113,3,-1,0,1.481,0,0,0.000,0,0,0,0,0,0,0,0
113,-1,-4,0,1.101,0,0,0.000,0,0,0,0,0,0,0,0
113,3,-2,1,0.841,0,0,0.000,0,0,0,0,0,0,0,0
113,1,5,0,0.441,0,0,0.000,0,0,0,0,0,0,0,0
113,-3,-2,2,0.181,0,0,0.000,0,0,0,0,0,0,0,0
113,-1,0,3,0.381,0,0,0.000,0,0,0,0,0,0,0,0
113,-5,-1,1,0.861,0,0,0.000,0,0,0,0,0,0,0,0
113,0,-1,3,0.211,0,0,0.000,0,0,0,0,0,0,0,0
113,-2,7,0,0.621,0,0,0.000,0,0,0,0,0,0,0,0
113,-6,4,1,0.631,0,0,0.000,0,0,0,0,0,0,0,0
113,-4,4,3,0.941,0,0,0.000,0,0,0,0,0,0,0,0
113,1,1,3,0.291,0,0,0.000,0,0,0,0,0,0,0,0
113,3,-4,0,0.471,0,0,0.000,0,0,0,0,0,0,0,0
113,-4,-1,3,1.091,0,0,0.000,0,0,0,0,0,0,0,0
113,-1,4,3,0.181,0,0,0.000,0,0,0,0,0,0,0,0
113,1,3,3,0.151,0,0,0.000,0,0,0,0,0,0,0,0
113,2,3,0,0.301,0,0,0.000,0,0,0,0,0,0,0,0
113,-2,-2,3,0.181,0,0,0.000,0,0,0,0,0,0,0,0
113,3,-3,0,1.471,0,0,0.000,0,0,0,0,0,0,0,0
113,-4,7,2,0.471,0,0,0.000,0,0,0,0,0,0,0,0
113,-1,-3,2,0.591,0,0,0.000,0,0,0,0,0,0,0,0
113,-5,7,2,2.671,0,0,0.000,0,0,0,0,0,0,0,0
113,-1,6,1,0.761,0,0,0.000,0,0,0,0,0,0,0,0
113,-3,5,3,0.261,0,0,0.000,0,0,0,0,0,0,0,0
113,-7,8,0,30.000,2,0,30.110,1,0,0,0,0,2,209,209
113,-3,6,3,0.371,0,0,0.000,0,0,0,0,0,0,0,0
113,-5,6,3,0.621,0,0,0.000,0,0,0,0,0,0,0,0
113,-4,2,3,0.321,0,0,0.000,0,0,0,0,0,0,0,0
113,-3,1,3,0.331,0,0,0.000,0,0,0,0,0,0,0,0
113,-6,5,0,0.383,0,0,0.000,0,0,0,0,0,0,0,0
113,1,-1,3,0.371,0,0,0.000,0,0,0,0,0,0,0,0
113,-4,1,3,0.391,0,0,0.000,0,0,0,0,0,0,0,0
113,-5,2,2,0.771,0,0,0.000,0,0,0,0,0,0,0,0
113,-2,-3,0,0.211,0,0,0.000,0,0,0,0,0,0,0,0
113,1,-5,0,0.231,0,0,0.000,0,0,0,0,0,0,0,0
113,-7,7,0,1.431,0,0,0.000,0,0,0,0,0,0,13,13
113,2,1,2,0.891,0,0,0.000,0,0,0,0,0,0,0,0
114,1,-4,2,0.511,0,0,0.000,0,0,0,0,0,0,0,0
114,-3,0,3,1.011,0,0,0.000,0,0,0,0,0,0,0,0
114,-2,2,3,0.841,0,0,0.000,0,0,0,0,0,0,0,0
114,-1,-1,3,0.351,0,0,0.000,0,0,0,0,0,0,0,0
114,0,1,3,0.231,0,0,0.000,0,0,0,0,0,0,0,0
114,-5,3,2,0.681,0,0,0.000,0,0,0,0,0,0,0,0
114,-1,1,3,0.381,0,0,0.000,0,0,0,0,0,0,0,0
114,-2,-1,3,0.261,0,0,0.000,0,0,0,0,0,0,0,0
114,0,4,3,0.471,0,0,0.000,0,0,0,0,0,0,0,0
114,3,-6,0,1.421,0,0,0.000,0,0,0,0,0,0,0,0
114,-2,4,3,0.222,0,0,0.000,0,0,0,0,0,0,0,0
114,-2,0,3,0.461,0,0,0.000,0,0,0,0,0,0,0,0
114,0,2,3,0.581,0,0,0.000,0,0,0,0,0,0,0,0
114,-4,3,3,0.182,0,0,0.000,0,0,0,0,0,0,0,0
114,-5,9,0,1.901,1,0,2.011,1,0,0,0,0,1,54,54
114,-7,6,1,1.091,0,0,0.000,0,0,0,0,0,0,1,1
114,-3,2,3,0.271,0,0,0.000,0,0,0,0,0,0,0,0
114,2,-1,2,0.291,0,0,0.000,0,0,0,0,0,0,0,0
114,0,-4,1,0.381,0,0,0.000,0,0,0,0,0,0,0,0
114,-2,5,3,0.311,0,0,0.000,0,0,0,0,0,0,0,0
114,-4,6,3,1.911,0,0,0.000,0,0,0,0,0,0,0,0
114,-1,5,2,0.201,0,0,0.000,0,0,0,0,0,0,0,0
114,0,-3,2,0.271,0,0,0.000,0,0,0,0,0,0,0,0
114,-6,8,0,1.801,0,0,0.000,0,0,0,0,0,0,14,14
114,-1,-2,3,0.901,0,0,0.000,0,0,0,0,0,0,0,0
114,-2,3,3,1.321,0,0,0.000,0,0,0,0,0,0,0,0
114,-4,5,3,0.431,0,0,0.000,0,0,0,0,0,0,0,0
114,1,-3,3,0.411,0,0,0.000,0,0,0,0,0,0,0,0
114,0,-2,3,0.241,0,0,0.000,0,0,0,0,0,0,0,0
114,0,3,3,0.341,0,0,0.000,0,0,0,0,0,0,0,0
114,-6,6,2,0.501,0,0,0.000,0,0,0,0,0,0,0,0
114,-2,6,2,0.511,0,0,0.000,0,0,0,0,0,0,0,0
114,-3,3,3,1.941,0,0,0.000,0,0,0,0,0,0,0,0
114,2,-2,2,0.511,0,0,0.000,0,0,0,0,0,0,0,0
114,-4,-2,2,0.721,0,0,0.000,0,0,0,0,0,0,0,0
114,2,2,1,0.151,0,0,0.000,0,0,0,0,0,0,0,0
114,-5,1,0,0.361,0,0,0.000,0,0,0,0,0,0,0,0
114,2,-3,2,0.381,0,0,0.000,0,0,0,0,0,0,0,0
114,-4,0,2,0.371,0,0,0.000,0,0,0,0,0,0,0,0
114,-3,4,3,0.361,0,0,0.000,0,0,0,0,0,0,0,0
114,-4,8,1,1.651,0,0,0.000,0,0,0,0,0,0,0,0
114,1,2,2,0.471,0,0,0.000,0,0,0,0,0,0,0,0
114,-6,2,0,0.651,0,0,0.000,0,0,0,0,0,0,0,0
114,-5,-2,0,0.471,0,0,0.000,0,0,0,0,0,0,0,0
114,3,1,1,0.931,0,0,0.000,0,0,0,0,0,0,0,0
114,-6,7,2,1.021,0,0,0.000,0,1,0,4,0,0,0,0
114,2,-4,2,0.212,0,0,0.000,0,0,0,0,0,0,0,0
114,-1,3,3,1.121,0,0,0.000,0,0,0,0,0,0,0,0
114,-1,2,3,0.151,0,0,0.000,0,0,0,0,0,0,0,0
114,-5,8,1,1.871,0,0,0.000,0,1,0,1,0,0,13,13
114,1,4,2,1.011,0,0,0.000,0,0,0,0,0,0,0,0
114,1,0,3,0.461,0,0,0.000,0,0,0,0,0,0,0,0
114,-2,1,3,1.391,0,0,0.000,0,0,0,0,0,0,0,0
114,-5,0,1,1.923,0,0,0.000,0,0,0,0,0,0,0,0
114,2,0,3,0.611,0,0,0.000,0,0,0,0,0,0,0,0
114,2,4,1,0.701,0,0,0.000,0,0,0,0,0,0,0,0
114,-6,3,0,0.531,0,0,0.000,0,0,0,0,0,0,0,0
114,3,0,0,0.181,0,0,0.000,0,0,0,0,0,0,0,0
114,-5,4,2,0.221,0,0,0.000,0,0,0,0,0,0,0,0
114,1,-2,3,1.601,0,0,0.000,0,0,0,0,0,0,0,0
114,-4,-3,0,0.711,0,0,0.000,0,0,0,0,0,0,0,0
114,3,-5,0,0.353,0,0,0.000,0,0,0,0,0,0,0,0
114,0,6,0,1.101,0,0,0.000,0,0,0,0,0,0,0,0
114,2,5,0,1.391,0,0,0.000,0,0,0,0,0,0,0,0
114,-3,7,0,0.652,0,0,0.000,0,0,0,0,0,0,0,0
114,-5,5,3,0.571,0,0,0.000,0,0,0,0,0,0,0,0
114,2,-5,1,0.291,0,0,0.000,0,0,0,0,0,0,0,0
114,4,-3,0,0.431,0,0,0.000,0,0,0,0,0,0,0,0
114,-3,-3,0,0.451,0,0,0.000,0,0,0,0,0,0,0,0
114,-3,-1,3,0.261,0,0,0.000,0,0,0,0,0,0,0,0
114,0,5,3,0.151,0,0,0.000,0,0,0,0,0,0,0,0
114,0,0,3,1.231,0,0,0.000,0,0,0,0,0,0,0,0
114,3,-1,0,0.891,0,0,0.000,0,0,0,0,0,0,0,0
114,-1,-4,0,0.301,0,0,0.000,0,0,0,0,0,0,0,0
114,3,-2,1,0.831,0,0,0.000,0,0,0,0,0,0,0,0
114,1,5,0,0.632,0,0,0.000,0,0,0,0,0,0,0,0
114,-3,-2,2,3.031,0,0,0.000,0,0,0,0,0,0,0,0
114,-1,0,3,0.211,0,0,0.000,0,0,0,0,0,0,0,0
114,-5,-1,1,0.661,0,0,0.000,0,0,0,0,0,0,0,0
114,0,-1,3,0.191,0,0,0.000,0,0,0,0,0,0,0,0
114,-2,7,0,1.111,0,0,0.000,0,0,0,0,0,0,0,0
114,-6,4,1,0.981,0,0,0.000,0,0,0,0,0,0,0,0
114,-4,4,3,0.561,0,0,0.000,0,0,0,0,0,0,0,0
114,1,1,3,1.151,0,0,0.000,0,0,0,0,0,0,0,0
114,3,-4,0,0.731,0,0,0.000,0,0,0,0,0,0,0,0
114,-4,-1,3,0.481,0,0,0.000,0,0,0,0,0,0,0,0
114,-1,4,3,0.501,0,0,0.000,0,0,0,0,0,0,0,0
114,1,3,3,0.151,0,0,0.000,0,0,0,0,0,0,0,0
114,2,3,0,0.211,0,0,0.000,0,0,0,0,0,0,0,0
114,-2,-2,3,0.181,0,0,0.000,0,0,0,0,0,0,0,0
114,3,-3,0,0.472,0,0,0.000,0,0,0,0,0,0,0,0
114,-4,7,2,7.371,0,0,0.000,0,0,0,0,0,0,0,0
114,-1,-3,2,0.991,0,0,0.000,0,0,0,0,0,0,0,0
114,-5,7,2,1.591,0,0,0.000,0,0,0,0,0,0,0,0
114,-1,6,1,13.612,0,0,0.000,0,0,0,0,0,0,0,0
114,-3,5,3,0.163,0,0,0.000,0,0,0,0,0,0,0,0
114,-7,8,0,0.691,4,0,0.811,1,0,0,0,0,4,209,209
114,-3,6,3,0.371,0,0,0.000,0,0,0,0,0,0,0,0
114,-5,6,3,0.831,0,0,0.000,0,0,0,0,0,0,0,0
114,-4,2,3,0.211,0,0,0.000,0,0,0,0,0,0,0,0
114,-3,1,3,0.181,0,0,0.000,0,0,0,0,0,0,0,0
114,-6,5,0,5.021,0,0,0.000,0,0,0,0,0,0,0,0
114,1,-1,3,0.371,0,0,0.000,0,0,0,0,0,0,0,0
114,-4,1,3,0.391,0,0,0.000,0,0,0,0,0,0,0,0
114,-5,2,2,0.171,0,0,0.000,0,0,0,0,0,0,0,0
114,-2,-3,0,0.172,0,0,0.000,0,0,0,0,0,0,0,0
114,1,-5,0,0.831,0,0,0.000,0,0,0,0,0,0,0,0
114,-7,7,0,1.071,0,0,0.000,0,0,0,0,0,0,8,8
114,2,1,2,1.071,0,0,0.000,0,0,0,0,0,0,0,0
115,1,-4,2,0.511,0,0,0.000,0,0,0,0,0,0,0,0
115,-3,0,3,1.671,0,0,0.000,0,0,0,0,0,0,0,0
115,-2,2,3,0.611,0,0,0.000,0,0,0,0,0,0,0,0
115,-1,-1,3,0.121,0,0,0.000,0,0,0,0,0,0,0,0
115,0,1,3,0.111,0,0,0.000,0,0,0,0,0,0,0,0
115,-5,3,2,0.451,0,0,0.000,0,0,0,0,0,0,0,0
115,-1,1,3,0.381,0,0,0.000,0,0,0,0,0,0,0,0
115,-2,-1,3,0.181,0,0,0.000,0,0,0,0,0,0,0,0
115,0,4,3,0.471,0,0,0.000,0,0,0,0,0,0,0,0
115,3,-6,0,1.661,0,0,0.000,0,0,0,0,0,0,0,0
115,-2,4,3,1.131,0,0,0.000,0,0,0,0,0,0,0,0
115,-2,0,3,0.431,0,0,0.000,0,0,0,0,0,0,0,0
115,0,2,3,0.381,0,0,0.000,0,0,0,0,0,0,0,0
115,-4,3,3,0.531,0,0,0.000,0,0,0,0,0,0,0,0
115,-5,9,0,1.001,1,0,1.101,1,0,0,0,0,1,68,68
115,-7,6,1,0.943,0,0,0.000,0,0,0,0,0,0,1,1
115,-3,2,3,0.421,0,0,0.000,0,0,0,0,0,0,0,0
115,2,-1,2,0.291,0,0,0.000,0,0,0,0,0,0,0,0
115,0,-4,1,0.451,0,0,0.000,0,0,0,0,0,0,0,0
115,-2,5,3,0.261,0,0,0.000,0,0,0,0,0,0,0,0
115,-4,6,3,0.951,0,0,0.000,0,0,0,0,0,0,0,0
115,-1,5,2,0.621,0,0,0.000,0,0,0,0,0,0,0,0
115,0,-3,2,0.781,0,0,0.000,0,0,0,0,0,0,0,0
115,-6,8,0,2.213,0,0,0.000,0,0,0,0,0,0,13,13
115,-1,-2,3,0.221,0,0,0.000,0,0,0,0,0,0,0,0
115,-2,3,3,0.561,0,0,0.000,0,0,0,0,0,0,0,0
115,-4,5,3,0.441,0,0,0.000,0,0,0,0,0,0,0,0
115,1,-3,3,1.281,0,0,0.000,0,0,0,0,0,0,0,0
115,0,-2,3,0.141,0,0,0.000,0,0,0,0,0,0,0,0
115,0,3,3,0.411,0,0,0.000,0,0,0,0,0,0,0,0
115,-6,6,2,4.171,0,0,0.000,0,0,0,0,0,0,0,0
115,-2,6,2,1.631,0,0,0.000,0,0,0,0,0,0,0,0
115,-3,3,3,0.411,0,0,0.000,0,0,0,0,0,0,0,0
115,2,-2,2,0.751,0,0,0.000,0,0,0,0,0,0,0,0
115,-4,-2,2,0.141,0,0,0.000,0,0,0,0,0,0,0,0
115,2,2,1,0.291,0,0,0.000,0,0,0,0,0,0,0,0
115,-5,1,0,0.801,0,0,0.000,0,0,0,0,0,0,0,0
115,2,-3,2,0.131,0,0,0.000,0,0,0,0,0,0,0,0
115,-4,0,2,0.221,0,0,0.000,0,0,0,0,0,0,0,0
115,-3,4,3,0.311,0,0,0.000,0,0,0,0,0,0,0,0
115,-4,8,1,3.331,0,0,0.000,0,0,0,0,0,0,0,0
115,1,2,2,0.731,0,0,0.000,0,0,0,0,0,0,0,0
115,-6,2,0,0.431,0,0,0.000,0,0,0,0,0,0,0,0
115,-5,-2,0,1.911,0,0,0.000,0,0,0,0,0,0,0,0
115,3,1,1,1.131,0,0,0.000,0,0,0,0,0,0,0,0
115,-6,7,2,1.021,0,0,0.000,0,1,0,1,0,0,0,0
115,2,-4,2,0.981,0,0,0.000,0,0,0,0,0,0,0,0
115,-1,3,3,0.391,0,0,0.000,0,0,0,0,0,0,0,0
115,-1,2,3,0.151,0,0,0.000,0,0,0,0,0,0,0,0
115,-5,8,1,0.844,0,0,0.000,0,1,0,1,0,0,7,7
115,1,4,2,0.161,0,0,0.000,0,0,0,0,0,0,0,0
115,1,0,3,0.161,0,0,0.000,0,0,0,0,0,0,0,0
115,-2,1,3,0.861,0,0,0.000,0,0,0,0,0,0,0,0
115,-5,0,1,0.481,0,0,0.000,0,0,0,0,0,0,0,0
115,2,0,3,0.611,0,0,0.000,0,0,0,0,0,0,0,0
115,2,4,1,0.611,0,0,0.000,0,0,0,0,0,0,0,0
115,-6,3,0,0.432,0,0,0.000,0,0,0,0,0,0,0,0
115,3,0,0,0.561,0,0,0.000,0,0,0,0,0,0,0,0
115,-5,4,2,1.141,0,0,0.000,0,0,0,0,0,0,0,0
115,1,-2,3,0.451,0,0,0.000,0,0,0,0,0,0,0,0
115,-4,-3,0,0.911,0,0,0.000,0,0,0,0,0,0,0,0
115,3,-5,0,0.431,0,0,0.000,0,0,0,0,0,0,0,0
115,0,6,0,1.831,0,0,0.000,0,0,0,0,0,0,0,0
115,2,5,0,1.811,0,0,0.000,0,0,0,0,0,0,0,0
115,-3,7,0,0.652,0,0,0.000,0,0,0,0,0,0,0,0
115,-5,5,3,0.971,0,0,0.000,0,0,0,0,0,0,0,0
115,2,-5,1,0.631,0,0,0.000,0,0,0,0,0,0,0,0
115,4,-3,0,0.891,0,0,0.000,0,0,0,0,0,0,0,0
115,-3,-3,0,0.112,0,0,0.000,0,0,0,0,0,0,0,0
115,-3,-1,3,30.000,0,0,0.000,0,0,0,0,0,0,0,0
115,0,5,3,0.151,0,0,0.000,0,0,0,0,0,0,0,0
115,0,0,3,0.711,0,0,0.000,0,0,0,0,0,0,0,0
115,3,-1,0,0.431,0,0,0.000,0,0,0,0,0,0,0,0
115,-1,-4,0,0.152,0,0,0.000,0,0,0,0,0,0,0,0
115,3,-2,1,0.201,0,0,0.000,0,0,0,0,0,0,0,0
115,1,5,0,0.751,0,0,0.000,0,0,0,0,0,0,0,0
115,-3,-2,2,0.181,0,0,0.000,0,0,0,0,0,0,0,0
115,-1,0,3,0.421,0,0,0.000,0,0,0,0,0,0,0,0
115,-5,-1,1,1.041,0,0,0.000,0,0,0,0,0,0,0,0
115,0,-1,3,0.321,0,0,0.000,0,0,0,0,0,0,0,0
115,-2,7,0,1.111,0,0,0.000,0,0,0,0,0,0,0,0
115,-6,4,1,1.151,0,0,0.000,0,0,0,0,0,0,0,0
115,-4,4,3,0.951,0,0,0.000,0,0,0,0,0,0,0,0
115,1,1,3,0.191,0,0,0.000,0,0,0,0,0,0,0,0
115,3,-4,0,0.731,0,0,0.000,0,0,0,0,0,0,0,0
115,-4,-1,3,1.591,0,0,0.000,0,0,0,0,0,0,0,0
115,-1,4,3,0.181,0,0,0.000,0,0,0,0,0,0,0,0
115,1,3,3,0.151,0,0,0.000,0,0,0,0,0,0,0,0
115,2,3,0,1.531,0,0,0.000,0,0,0,0,0,0,0,0
115,-2,-2,3,1.801,0,0,0.000,0,0,0,0,0,0,0,0
115,3,-3,0,0.341,0,0,0.000,0,0,0,0,0,0,0,0
115,-4,7,2,0.471,0,0,0.000,0,0,0,0,0,0,1,1
115,-1,-3,2,0.991,0,0,0.000,0,0,0,0,0,0,0,0
115,-5,7,2,1.051,0,0,0.000,0,0,0,0,0,0,0,0
115,-1,6,1,0.561,0,0,0.000,0,0,0,0,0,0,0,0
115,-3,5,3,0.191,0,0,0.000,0,0,0,0,0,0,0,0
115,-7,8,0,0.831,1,0,0.931,1,0,0,0,0,1,204,204
115,-3,6,3,0.561,0,0,0.000,0,0,0,0,0,0,0,0
115,-5,6,3,0.621,0,0,0.000,0,0,0,0,0,0,0,0
115,-4,2,3,0.101,0,0,0.000,0,0,0,0,0,0,0,0
115,-3,1,3,0.181,0,0,0.000,0,0,0,0,0,0,0,0
115,-6,5,0,0.511,0,0,0.000,0,0,0,0,0,0,0,0
115,1,-1,3,0.181,0,0,0.000,0,0,0,0,0,0,0,0
115,-4,1,3,0.191,0,0,0.000,0,0,0,0,0,0,0,0
115,-5,2,2,0.171,0,0,0.000,0,0,0,0,0,0,0,0
115,-2,-3,0,0.172,0,0,0.000,0,0,0,0,0,0,0,0
115,1,-5,0,0.711,0,0,0.000,0,0,0,0,0,0,0,0
115,-7,7,0,1.431,0,0,0.000,0,0,0,0,0,0,16,16
115,2,1,2,0.351,0,0,0.000,0,0,0,0,0,0,0,0
116,1,-4,2,0.511,0,0,0.000,0,0,0,0,0,0,0,0
116,-3,0,3,1.451,0,0,0.000,0,0,0,0,0,0,0,0
116,-2,2,3,0.221,0,0,0.000,0,0,0,0,0,0,0,0
116,-1,-1,3,0.121,0,0,0.000,0,0,0,0,0,0,0,0
116,0,1,3,0.111,0,0,0.000,0,0,0,0,0,0,0,0
116,-5,3,2,0.451,0,0,0.000,0,0,0,0,0,0,0,0
116,-1,1,3,0.201,0,0,0.000,0,0,0,0,0,0,0,0
116,-2,-1,3,0.831,0,0,0.000,0,0,0,0,0,0,0,0
116,0,4,3,0.961,0,0,0.000,0,0,0,0,0,0,0,0
116,3,-6,0,1.661,0,0,0.000,0,0,0,0,0,0,0,0
116,-2,4,3,0.651,0,0,0.000,0,0,0,0,0,0,0,0
116,-2,0,3,2.851,0,0,0.000,0,0,0,0,0,0,0,0
116,0,2,3,0.781,0,0,0.000,0,0,0,0,0,0,0,0
116,-4,3,3,1.861,0,0,0.000,0,0,0,0,0,0,0,0
116,-5,9,0,1.001,0,0,0.000,0,0,0,0,0,0,49,49
116,-7,6,1,1.603,0,0,0.000,0,0,0,0,0,0,0,0
116,-3,2,3,30.000,0,0,0.000,0,0,0,0,0,0,0,0
116,2,-1,2,0.591,0,0,0.000,0,0,0,0,0,0,0,0
116,0,-4,1,1.011,0,0,0.000,0,0,0,0,0,0,0,0
116,-2,5,3,0.261,0,0,0.000,0,0,0,0,0,0,0,0
116,-4,6,3,1.911,0,0,0.000,0,0,0,0,0,0,0,0
116,-1,5,2,3.351,0,0,0.000,0,0,0,0,0,0,0,0
116,0,-3,2,0.331,0,0,0.000,0,0,0,0,0,0,0,0
116,-6,8,0,2.003,0,0,0.000,0,0,0,0,0,0,13,13
116,-1,-2,3,0.671,0,0,0.000,0,0,0,0,0,0,0,0
116,-2,3,3,0.371,0,0,0.000,0,0,0,0,0,0,0,0
116,-4,5,3,0.431,0,0,0.000,0,0,0,0,0,0,0,0
116,1,-3,3,0.411,0,0,0.000,0,0,0,0,0,0,0,0
116,0,-2,3,0.141,0,0,0.000,0,0,0,0,0,0,0,0
116,0,3,3,1.061,0,0,0.000,0,0,0,0,0,0,0,0
116,-6,6,2,0.601,0,0,0.000,0,0,0,0,0,0,0,0
116,-2,6,2,1.421,0,0,0.000,0,0,0,0,0,0,0,0
116,-3,3,3,1.311,0,0,0.000,0,0,0,0,0,0,0,0
116,2,-2,2,0.191,0,0,0.000,0,0,0,0,0,0,0,0
116,-4,-2,2,0.271,0,0,0.000,0,0,0,0,0,0,0,0
116,2,2,1,0.571,0,0,0.000,0,0,0,0,0,0,0,0
116,-5,1,0,0.193,0,0,0.000,0,0,0,0,0,0,0,0
116,2,-3,2,0.941,0,0,0.000,0,0,0,0,0,0,0,0
116,-4,0,2,0.451,0,0,0.000,0,0,0,0,0,0,0,0
116,-3,4,3,0.801,0,0,0.000,0,0,0,0,0,0,0,0
116,-4,8,1,3.091,0,0,0.000,0,0,0,0,0,0,0,0
116,1,2,2,3.331,0,0,0.000,0,0,0,0,0,0,0,0
116,-6,2,0,0.431,0,0,0.000,0,0,0,0,0,0,0,0
116,-5,-2,0,1.351,0,0,0.000,0,0,0,0,0,0,0,0
116,3,1,1,0.201,0,0,0.000,0,0,0,0,0,0,0,0
116,-6,7,2,1.322,0,0,0.000,0,1,0,1,0,0,0,0
116,2,-4,2,0.602,0,0,0.000,0,0,0,0,0,0,0,0
116,-1,3,3,0.311,0,0,0.000,0,0,0,0,0,0,0,0
116,-1,2,3,0.311,0,0,0.000,0,0,0,0,0,0,0,0
116,-5,8,1,2.803,0,0,0.000,0,0,0,0,0,0,11,11
116,1,4,2,2.711,0,0,0.000,0,0,0,0,0,0,0,0
116,1,0,3,24.941,0,0,0.000,0,0,0,0,0,0,0,0
116,-2,1,3,0.331,0,0,0.000,0,0,0,0,0,0,0,0
116,-5,0,1,1.641,0,0,0.000,0,0,0,0,0,0,0,0
116,2,0,3,1.901,0,0,0.000,0,0,0,0,0,0,0,0
116,2,4,1,0.331,0,0,0.000,0,0,0,0,0,0,0,0
116,-6,3,0,0.631,0,0,0.000,0,0,0,0,0,0,0,0
116,3,0,0,0.181,0,0,0.000,0,0,0,0,0,0,0,0
116,-5,4,2,0.221,0,0,0.000,0,0,0,0,0,0,0,0
116,1,-2,3,0.221,0,0,0.000,0,0,0,0,0,0,0,0
116,-4,-3,0,1.221,0,0,0.000,0,0,0,0,0,0,0,0
116,3,-5,0,1.061,0,0,0.000,0,0,0,0,0,0,0,0
116,0,6,0,0.641,0,0,0.000,0,0,0,0,0,0,0,0
116,2,5,0,1.671,0,0,0.000,0,0,0,0,0,0,0,0
116,-3,7,0,0.861,0,0,0.000,0,0,0,0,0,0,0,0
116,-5,5,3,0.571,0,0,0.000,0,0,0,0,0,0,1,1
116,2,-5,1,0.291,0,0,0.000,0,0,0,0,0,0,0,0
116,4,-3,0,0.661,0,0,0.000,0,0,0,0,0,0,0,0
116,-3,-3,0,0.571,0,0,0.000,0,0,0,0,0,0,0,0
116,-3,-1,3,0.231,0,0,0.000,0,0,0,0,0,0,0,0
116,0,5,3,0.311,0,0,0.000,0,0,0,0,0,0,0,0
116,0,0,3,0.641,0,0,0.000,0,0,0,0,0,0,0,0
116,3,-1,0,0.431,0,0,0.000,0,0,0,0,0,0,0,0
116,-1,-4,0,0.152,0,0,0.000,0,0,0,0,0,0,0,0
116,3,-2,1,30.000,0,0,0.000,0,0,0,0,0,0,0,0
116,1,5,0,0.521,0,0,0.000,0,0,0,0,0,0,0,0
116,-3,-2,2,0.561,0,0,0.000,0,0,0,0,0,0,0,0
116,-1,0,3,0.601,0,0,0.000,0,0,0,0,0,0,0,0
116,-5,-1,1,1.531,0,0,0.000,0,0,0,0,0,0,0,0
116,0,-1,3,0.521,0,0,0.000,0,0,0,0,0,0,0,0
116,-2,7,0,0.771,0,0,0.000,0,0,0,0,0,0,0,0
116,-6,4,1,0.581,0,0,0.000,0,0,0,0,0,0,0,0
116,-4,4,3,0.371,0,0,0.000,0,0,0,0,0,0,0,0
116,1,1,3,0.391,0,0,0.000,0,0,0,0,0,0,0,0
116,3,-4,0,4.111,0,0,0.000,0,0,0,0,0,0,0,0
116,-4,-1,3,0.341,0,0,0.000,0,0,0,0,0,0,0,0
116,-1,4,3,0.471,0,0,0.000,0,0,0,0,0,0,0,0
116,1,3,3,0.151,0,0,0.000,0,0,0,0,0,0,0,0
116,2,3,0,0.431,0,0,0.000,0,0,0,0,0,0,0,0
116,-2,-2,3,0.181,0,0,0.000,0,0,0,0,0,0,0,0
116,3,-3,0,0.511,0,0,0.000,0,0,0,0,0,0,0,0
116,-4,7,2,0.411,0,0,0.000,0,0,0,0,0,0,0,0
116,-1,-3,2,0.591,0,0,0.000,0,0,0,0,0,0,0,0
116,-5,7,2,2.131,0,0,0.000,0,0,0,0,0,0,0,0
116,-1,6,1,0.561,0,0,0.000,0,0,0,0,0,0,0,0
116,-3,5,3,1.413,0,0,0.000,0,0,0,0,0,0,0,0
116,-7,8,0,0.971,1,0,1.071,1,0,0,0,0,1,219,219
116,-3,6,3,0.561,0,0,0.000,0,0,0,0,0,0,0,0
116,-5,6,3,0.831,0,0,0.000,0,0,0,0,0,0,0,0
116,-4,2,3,0.541,0,0,0.000,0,0,0,0,0,0,0,0
116,-3,1,3,1.281,0,0,0.000,0,0,0,0,0,0,0,0
116,-6,5,0,0.413,0,0,0.000,0,0,0,0,0,0,0,0
116,1,-1,3,0.181,0,0,0.000,0,0,0,0,0,0,0,0
116,-4,1,3,1.591,0,0,0.000,0,0,0,0,0,0,0,0
116,-5,2,2,0.771,0,0,0.000,0,0,0,0,0,0,0,0
116,-2,-3,0,0.311,0,0,0.000,0,0,0,0,0,0,0,0
116,1,-5,0,0.111,0,0,0.000,0,0,0,0,0,0,0,0
116,-7,7,0,1.251,0,0,0.000,0,0,0,0,0,0,18,18
116,2,1,2,0.171,0,0,0.000,0,0,0,0,0,0,0,0
117,1,-4,2,1.811,0,0,0.000,0,0,0,0,0,0,0,0
117,-3,0,3,0.411,0,0,0.000,0,0,0,0,0,0,0,0
117,-2,2,3,1.531,0,0,0.000,0,0,0,0,0,0,0,0
117,-1,-1,3,1.261,0,0,0.000,0,0,0,0,0,0,0,0
117,0,1,3,0.111,0,0,0.000,0,0,0,0,0,0,0,0
117,-5,3,2,0.451,0,0,0.000,0,0,0,0,0,0,0,0
117,-1,1,3,0.381,0,0,0.000,0,0,0,0,0,0,0,0
117,-2,-1,3,1.781,0,0,0.000,0,0,0,0,0,0,0,0
117,0,4,3,1.671,0,0,0.000,0,0,0,0,0,0,0,0
117,3,-6,0,0.941,0,0,0.000,0,0,0,0,0,0,0,0
117,-2,4,3,0.471,0,0,0.000,0,0,0,0,0,0,0,0
117,-2,0,3,0.431,0,0,0.000,0,0,0,0,0,0,0,0
117,0,2,3,1.981,0,0,0.000,0,0,0,0,0,0,0,0
117,-4,3,3,1.691,0,0,0.000,0,0,0,0,0,0,0,0
117,-5,9,0,1.001,1,0,1.111,1,0,0,0,0,1,54,54
117,-7,6,1,1.531,0,0,0.000,0,0,0,0,0,0,1,1
117,-3,2,3,0.161,0,0,0.000,0,0,0,0,0,0,0,0
117,2,-1,2,0.591,0,0,0.000,0,0,0,0,0,0,0,0
117,0,-4,1,0.201,0,0,0.000,0,0,0,0,0,0,0,0
117,-2,5,3,0.311,0,0,0.000,0,0,0,0,0,0,0,0
117,-4,6,3,0.711,0,0,0.000,0,0,0,0,0,0,0,0
117,-1,5,2,1.041,0,0,0.000,0,0,0,0,0,0,0,0
117,0,-3,2,0.161,0,0,0.000,0,0,0,0,0,0,0,0
117,-6,8,0,1.391,0,0,0.000,0,0,0,0,0,0,8,8
117,-1,-2,3,0.441,0,0,0.000,0,0,0,0,0,0,0,0
117,-2,3,3,0.371,0,0,0.000,0,0,0,0,0,0,0,0
117,-4,5,3,1.091,0,0,0.000,0,0,0,0,0,0,0,0
117,1,-3,3,0.201,0,0,0.000,0,0,0,0,0,0,0,0
117,0,-2,3,0.981,0,0,0.000,0,0,0,0,0,0,0,0
117,0,3,3,0.201,0,0,0.000,0,0,0,0,0,0,0,0
117,-6,6,2,0.771,0,0,0.000,0,0,0,0,0,0,0,0
117,-2,6,2,1.681,0,0,0.000,0,0,0,0,0,0,0,0
117,-3,3,3,0.201,0,0,0.000,0,0,0,0,0,0,0,0
117,2,-2,2,0.391,0,0,0.000,0,0,0,0,0,0,0,0
117,-4,-2,2,0.721,0,0,0.000,0,0,0,0,0,0,0,0
117,2,2,1,0.471,0,0,0.000,0,0,0,0,0,0,0,0
117,-5,1,0,0.361,0,0,0.000,0,0,0,0,0,0,0,0
117,2,-3,2,0.381,0,0,0.000,0,0,0,0,0,0,0,0
117,-4,0,2,30.000,0,0,0.000,0,0,0,0,0,0,0,0
117,-3,4,3,0.361,0,0,0.000,0,0,0,0,0,0,0,0
117,-4,8,1,1.651,0,0,0.000,0,0,0,0,0,0,0,0
117,1,2,2,1.861,0,0,0.000,0,0,0,0,0,0,0,0
117,-6,2,0,1.311,0,0,0.000,0,0,0,0,0,0,0,0
117,-5,-2,0,0.471,0,0,0.000,0,0,0,0,0,0,0,0
117,3,1,1,1.011,0,0,0.000,0,0,0,0,0,0,0,0
117,-6,7,2,1.613,0,0,0.000,0,0,0,0,0,0,0,0
117,2,-4,2,0.212,0,0,0.000,0,0,0,0,0,0,0,0
117,-1,3,3,0.391,0,0,0.000,0,0,0,0,0,0,0,0
117,-1,2,3,0.311,0,0,0.000,0,0,0,0,0,0,0,0
117,-5,8,1,0.812,0,0,0.000,0,1,0,1,0,0,18,18
117,1,4,2,0.331,0,0,0.000,0,0,0,0,0,0,0,0
117,1,0,3,1.381,0,0,0.000,0,0,0,0,0,0,0,0
117,-2,1,3,0.951,0,0,0.000,0,0,0,0,0,0,0,0
117,-5,0,1,0.481,0,0,0.000,0,0,0,0,0,0,0,0
117,2,0,3,0.611,0,0,0.000,0,0,0,0,0,0,0,0
117,2,4,1,0.441,0,0,0.000,0,0,0,0,0,0,0,0
117,-6,3,0,0.631,0,0,0.000,0,0,0,0,0,0,0,0
117,3,0,0,0.371,0,0,0.000,0,0,0,0,0,0,0,0
117,-5,4,2,0.681,0,0,0.000,0,0,0,0,0,0,0,0
117,1,-2,3,0.451,0,0,0.000,0,0,0,0,0,0,0,0
117,-4,-3,0,0.471,0,0,0.000,0,0,0,0,0,0,0,0
117,3,-5,0,1.151,0,0,0.000,0,0,0,0,0,0,0,0
117,0,6,0,0.681,0,0,0.000,0,0,0,0,0,0,0,0
117,2,5,0,1.181,0,0,0.000,0,0,0,0,0,0,0,0
117,-3,7,0,0.652,0,0,0.000,0,0,0,0,0,0,0,0
117,-5,5,3,0.392,0,0,0.000,0,0,0,0,0,0,0,0
117,2,-5,1,0.631,0,0,0.000,0,0,0,0,0,0,0,0
117,4,-3,0,0.661,0,0,0.000,0,0,0,0,0,0,0,0
117,-3,-3,0,0.122,0,0,0.000,0,0,0,0,0,0,0,0
117,-3,-1,3,0.111,0,0,0.000,0,0,0,0,0,0,0,0
117,0,5,3,0.151,0,0,0.000,0,0,0,0,0,0,0,0
117,0,0,3,0.451,0,0,0.000,0,0,0,0,0,0,0,0
117,3,-1,0,0.141,0,0,0.000,0,0,0,0,0,0,0,0
117,-1,-4,0,0.312,0,0,0.000,0,0,0,0,0,0,0,0
117,3,-2,1,0.411,0,0,0.000,0,0,0,0,0,0,0,0
117,1,5,0,0.352,0,0,0.000,0,0,0,0,0,0,0,0
117,-3,-2,2,0.561,0,0,0.000,0,0,0,0,0,0,0,0
117,-1,0,3,0.211,0,0,0.000,0,0,0,0,0,0,0,0
117,-5,-1,1,0.651,0,0,0.000,0,0,0,0,0,0,0,0
117,0,-1,3,2.521,0,0,0.000,0,0,0,0,0,0,0,0
117,-2,7,0,0.981,0,0,0.000,0,0,0,0,0,0,0,0
117,-6,4,1,1.151,0,0,0.000,0,0,0,0,0,0,0,0
117,-4,4,3,0.181,0,0,0.000,0,0,0,0,0,0,0,0
117,1,1,3,0.191,0,0,0.000,0,0,0,0,0,0,0,0
117,3,-4,0,0.471,0,0,0.000,0,0,0,0,0,0,0,0
117,-4,-1,3,0.481,0,0,0.000,0,0,0,0,0,0,0,0
117,-1,4,3,0.311,0,0,0.000,0,0,0,0,0,0,0,0
117,1,3,3,0.151,0,0,0.000,0,0,0,0,0,0,0,0
117,2,3,0,0.521,0,0,0.000,0,0,0,0,0,0,0,0
117,-2,-2,3,1.851,0,0,0.000,0,0,0,0,0,0,0,0
117,3,-3,0,0.941,0,0,0.000,0,0,0,0,0,0,0,0
117,-4,7,2,0.471,0,0,0.000,0,0,0,0,0,0,0,0
117,-1,-3,2,0.591,0,0,0.000,0,0,0,0,0,0,0,0
117,-5,7,2,2.131,0,0,0.000,0,0,0,0,0,0,0,0
117,-1,6,1,0.391,0,0,0.000,0,0,0,0,0,0,0,0
117,-3,5,3,0.132,0,0,0.000,0,0,0,0,0,0,0,0
117,-7,8,0,30.000,0,0,0.000,0,0,0,0,0,0,206,206
117,-3,6,3,0.561,0,0,0.000,0,0,0,0,0,0,0,0
117,-5,6,3,0.411,0,0,0.000,0,0,0,0,0,0,0,0
117,-4,2,3,0.101,0,0,0.000,0,0,0,0,0,0,0,0
117,-3,1,3,0.711,0,0,0.000,0,0,0,0,0,0,0,0
117,-6,5,0,0.402,0,0,0.000,0,0,0,0,0,0,0,0
117,1,-1,3,0.181,0,0,0.000,0,0,0,0,0,0,0,0
117,-4,1,3,0.391,0,0,0.000,0,0,0,0,0,0,0,0
117,-5,2,2,0.351,0,0,0.000,0,0,0,0,0,0,0,0
117,-2,-3,0,0.331,0,0,0.000,0,0,0,0,0,0,0,0
117,1,-5,0,0.471,0,0,0.000,0,0,0,0,0,0,0,0
117,-7,7,0,1.071,0,0,0.000,0,0,0,0,0,0,16,16
117,2,1,2,0.531,0,0,0.000,0,0,0,0,0,0,0,0
118,1,-4,2,1.291,0,0,0.000,0,0,0,0,0,0,0,0
118,-3,0,3,0.351,0,0,0.000,0,0,0,0,0,0,0,0
118,-2,2,3,0.611,0,0,0.000,0,0,0,0,0,0,0,0
118,-1,-1,3,0.351,0,0,0.000,0,0,0,0,0,0,0,0
118,0,1,3,0.631,0,0,0.000,0,0,0,0,0,0,0,0
118,-5,3,2,1.141,0,0,0.000,0,0,0,0,0,0,0,0
118,-1,1,3,0.201,0,0,0.000,0,0,0,0,0,0,0,0
118,-2,-1,3,0.701,0,0,0.000,0,0,0,0,0,0,0,0
118,0,4,3,18.471,0,0,0.000,0,0,0,0,0,0,0,0
118,3,-6,0,0.701,0,0,0.000,0,0,0,0,0,0,0,0
118,-2,4,3,0.931,0,0,0.000,0,0,0,0,0,0,0,0
118,-2,0,3,0.651,0,0,0.000,0,0,0,0,0,0,0,0
118,0,2,3,0.391,0,0,0.000,0,0,0,0,0,0,0,0
118,-4,3,3,0.182,0,0,0.000,0,0,0,0,0,0,0,0
118,-5,9,0,1.451,2,0,1.561,1,0,0,0,0,2,68,68
118,-7,6,1,1.091,0,0,0.000,0,0,0,0,0,0,0,0
118,-3,2,3,10.281,0,0,0.000,0,0,0,0,0,0,0,0
118,2,-1,2,0.891,0,0,0.000,0,0,0,0,0,0,0,0
118,0,-4,1,0.831,0,0,0.000,0,0,0,0,0,0,0,0
118,-2,5,3,1.221,0,0,0.000,0,0,0,0,0,0,0,0
118,-4,6,3,1.431,0,0,0.000,0,0,0,0,0,0,0,0
118,-1,5,2,6.081,0,0,0.000,0,0,0,0,0,0,0,0
118,0,-3,2,0.161,0,0,0.000,0,0,0,0,0,0,0,0
118,-6,8,0,1.191,0,0,0.000,0,0,0,0,0,0,20,20
118,-1,-2,3,1.591,0,0,0.000,0,0,0,0,0,0,0,0
118,-2,3,3,0.561,0,0,0.000,0,0,0,0,0,0,0,0
118,-4,5,3,1.751,0,0,0.000,0,0,0,0,0,0,0,0
118,1,-3,3,0.411,0,0,0.000,0,0,0,0,0,0,0,0
118,0,-2,3,0.391,0,0,0.000,0,0,0,0,0,0,0,0
118,0,3,3,0.201,0,0,0.000,0,0,0,0,0,0,0,0
118,-6,6,2,0.501,0,0,0.000,0,0,0,0,0,0,0,0
118,-2,6,2,0.511,0,0,0.000,0,0,0,0,0,0,0,0
118,-3,3,3,0.201,0,0,0.000,0,0,0,0,0,0,0,0
118,2,-2,2,0.391,0,0,0.000,0,0,0,0,0,0,0,0
118,-4,-2,2,0.141,0,0,0.000,0,0,0,0,0,0,0,0
118,2,2,1,0.311,0,0,0.000,0,0,0,0,0,0,0,0
118,-5,1,0,0.561,0,0,0.000,0,0,0,0,0,0,0,0
118,2,-3,2,0.241,0,0,0.000,0,0,0,0,0,0,0,0
118,-4,0,2,0.371,0,0,0.000,0,0,0,0,0,0,0,0
118,-3,4,3,0.421,0,0,0.000,0,0,0,0,0,0,0,0
118,-4,8,1,1.171,0,0,0.000,0,0,0,0,0,0,2,2
118,1,2,2,0.991,0,0,0.000,0,0,0,0,0,0,0,0
118,-6,2,0,0.481,0,0,0.000,0,0,0,0,0,0,0,0
118,-5,-2,0,1.191,0,0,0.000,0,0,0,0,0,0,0,0
118,3,1,1,1.341,0,0,0.000,0,0,0,0,0,0,0,0
118,-6,7,2,0.752,0,0,0.000,0,1,0,1,0,0,0,0
118,2,-4,2,2.081,0,0,0.000,0,0,0,0,0,0,0,0
118,-1,3,3,0.551,0,0,0.000,0,0,0,0,0,0,0,0
118,-1,2,3,0.151,0,0,0.000,0,0,0,0,0,0,0,0
118,-5,8,1,1.441,0,0,0.000,0,1,0,2,0,0,10,10
118,1,4,2,0.331,0,0,0.000,0,0,0,0,0,0,0,0
118,1,0,3,0.161,0,0,0.000,0,0,0,0,0,0,0,0
118,-2,1,3,0.861,0,0,0.000,0,0,0,0,0,0,0,0
118,-5,0,1,0.801,0,0,0.000,0,0,0,0,0,0,0,0
118,2,0,3,2.161,0,0,0.000,0,0,0,0,0,0,0,0
118,2,4,1,0.501,0,0,0.000,0,0,0,0,0,0,0,0
118,-6,3,0,0.432,0,0,0.000,0,0,0,0,0,0,0,0
118,3,0,0,0.371,0,0,0.000,0,0,0,0,0,0,0,0
118,-5,4,2,0.451,0,0,0.000,0,0,0,0,0,0,0,0
118,1,-2,3,1.141,0,0,0.000,0,0,0,0,0,0,0,0
118,-4,-3,0,0.471,0,0,0.000,0,0,0,0,0,0,0,0
118,3,-5,0,0.701,0,0,0.000,0,0,0,0,0,0,0,0
118,0,6,0,1.561,0,0,0.000,0,0,0,0,0,0,0,0
118,2,5,0,0.971,0,0,0.000,0,0,0,0,0,0,0,0
118,-3,7,0,0.872,0,0,0.000,0,0,0,0,0,0,0,0
118,-5,5,3,0.571,0,0,0.000,0,0,0,0,0,0,0,0
118,2,-5,1,1.183,0,0,0.000,0,0,0,0,0,0,0,0
118,4,-3,0,2.181,0,0,0.000,0,0,0,0,0,0,0,0
118,-3,-3,0,0.331,0,0,0.000,0,0,0,0,0,0,0,0
118,-3,-1,3,0.551,0,0,0.000,0,0,0,0,0,0,0,0
118,0,5,3,0.471,0,0,0.000,0,0,0,0,0,0,0,0
118,0,0,3,1.161,0,0,0.000,0,0,0,0,0,0,0,0
118,3,-1,0,0.731,0,0,0.000,0,0,0,0,0,0,0,0
118,-1,-4,0,0.241,0,0,0.000,0,0,0,0,0,0,0,0
118,3,-2,1,0.831,0,0,0.000,0,0,0,0,0,0,0,0
118,1,5,0,0.352,0,0,0.000,0,0,0,0,0,0,0,0
118,-3,-2,2,0.251,0,0,0.000,0,0,0,0,0,0,0,0
118,-1,0,3,0.211,0,0,0.000,0,0,0,0,0,0,0,0
118,-5,-1,1,2.151,0,0,0.000,0,0,0,0,0,0,0,0
118,0,-1,3,0.321,0,0,0.000,0,0,0,0,0,0,0,0
118,-2,7,0,0.821,0,0,0.000,0,0,0,0,0,0,0,0
118,-6,4,1,1.551,0,0,0.000,0,0,0,0,0,0,0,0
118,-4,4,3,0.751,0,0,0.000,0,0,0,0,0,0,0,0
118,1,1,3,0.951,0,0,0.000,0,0,0,0,0,0,0,0
118,3,-4,0,1.051,0,0,0.000,0,0,0,0,0,0,0,0
118,-4,-1,3,0.481,0,0,0.000,0,0,0,0,0,0,0,0
118,-1,4,3,0.851,0,0,0.000,0,0,0,0,0,0,0,0
118,1,3,3,0.151,0,0,0.000,0,0,0,0,0,0,0,0
118,2,3,0,0.211,0,0,0.000,0,0,0,0,0,0,0,0
118,-2,-2,3,0.281,0,0,0.000,0,0,0,0,0,0,0,0
118,3,-3,0,0.581,0,0,0.000,0,0,0,0,0,0,0,0
118,-4,7,2,0.471,0,0,0.000,0,0,0,0,0,0,0,0
118,-1,-3,2,0.391,0,0,0.000,0,0,0,0,0,0,0,0
118,-5,7,2,1.051,0,0,0.000,0,0,0,0,0,0,0,0
118,-1,6,1,1.561,0,0,0.000,0,0,0,0,0,0,0,0
118,-3,5,3,0.261,0,0,0.000,0,0,0,0,0,0,0,0
118,-7,8,0,0.831,1,0,0.911,1,0,0,0,0,1,191,191
118,-3,6,3,0.392,0,0,0.000,0,0,0,0,0,0,0,0
118,-5,6,3,0.501,0,0,0.000,0,0,0,0,0,0,0,0
118,-4,2,3,0.101,0,0,0.000,0,0,0,0,0,0,0,0
118,-3,1,3,1.221,0,0,0.000,0,0,0,0,0,0,0,0
118,-6,5,0,0.273,0,0,0.000,0,0,0,0,0,0,0,0
118,1,-1,3,0.371,0,0,0.000,0,0,0,0,0,0,0,0
118,-4,1,3,0.821,0,0,0.000,0,0,0,0,0,0,0,0
118,-5,2,2,0.411,0,0,0.000,0,0,0,0,0,0,0,0
118,-2,-3,0,0.172,0,0,0.000,0,0,0,0,0,0,0,0
118,1,-5,0,0.351,0,0,0.000,0,0,0,0,0,0,0,0
118,-7,7,0,1.071,0,0,0.000,0,0,0,0,0,0,14,14
118,2,1,2,0.171,0,0,0.000,0,0,0,0,0,0,0,0
119,1,-4,2,1.291,0,0,0.000,0,0,0,0,0,0,0,0
119,-3,0,3,0.411,0,0,0.000,0,0,0,0,0,0,0,0
119,-2,2,3,0.221,0,0,0.000,0,0,0,0,0,0,0,0
119,-1,-1,3,0.221,0,0,0.000,0,0,0,0,0,0,0,0
119,0,1,3,0.111,0,0,0.000,0,0,0,0,0,0,0,0
119,-5,3,2,0.451,0,0,0.000,0,0,0,0,0,0,0,0
119,-1,1,3,0.381,0,0,0.000,0,0,0,0,0,0,0,0
119,-2,-1,3,0.181,0,0,0.000,0,0,0,0,0,0,0,0
119,0,4,3,0.471,0,0,0.000,0,0,0,0,0,0,0,0
119,3,-6,0,0.701,0,0,0.000,0,0,0,0,0,0,0,0
119,-2,4,3,0.421,0,0,0.000,0,0,0,0,0,0,0,0
119,-2,0,3,0.431,0,0,0.000,0,0,0,0,0,0,0,0
119,0,2,3,30.000,0,0,0.000,0,0,0,0,0,0,0,0
119,-4,3,3,0.182,0,0,0.000,0,0,0,0,0,0,0,0
119,-5,9,0,0.851,2,0,0.971,1,0,0,0,0,2,62,62
119,-7,6,1,1.782,0,0,0.000,0,0,0,0,0,0,0,0
119,-3,2,3,0.161,0,0,0.000,0,0,0,0,0,0,0,0
119,2,-1,2,0.681,0,0,0.000,0,0,0,0,0,0,0,0
119,0,-4,1,0.901,0,0,0.000,0,0,0,0,0,0,0,0
119,-2,5,3,0.261,0,0,0.000,0,0,0,0,0,0,0,0
119,-4,6,3,0.711,0,0,0.000,0,0,0,0,0,0,0,0
119,-1,5,2,0.831,0,0,0.000,0,0,0,0,0,0,0,0
119,0,-3,2,0.161,0,0,0.000,0,0,0,0,0,0,0,0
119,-6,8,0,2.013,0,0,0.000,0,0,0,0,0,0,10,10
119,-1,-2,3,2.971,0,0,0.000,0,0,0,0,0,0,0,0
119,-2,3,3,0.181,0,0,0.000,0,0,0,0,0,0,0,0
119,-4,5,3,0.431,0,0,0.000,0,0,0,0,0,0,0,0
119,1,-3,3,2.091,0,0,0.000,0,0,0,0,0,0,0,0
119,0,-2,3,0.171,0,0,0.000,0,0,0,0,0,0,0,0
119,0,3,3,0.411,0,0,0.000,0,0,0,0,0,0,0,0
119,-6,6,2,0.601,0,0,0.000,0,0,0,0,0,0,0,0
119,-2,6,2,1.421,0,0,0.000,0,0,0,0,0,0,0,0
119,-3,3,3,0.201,0,0,0.000,0,0,0,0,0,0,0,0
119,2,-2,2,0.591,0,0,0.000,0,0,0,0,0,0,0,0
119,-4,-2,2,0.421,0,0,0.000,0,0,0,0,0,0,0,0
119,2,2,1,0.181,0,0,0.000,0,0,0,0,0,0,0,0
119,-5,1,0,0.193,0,0,0.000,0,0,0,0,0,0,0,0
119,2,-3,2,1.221,0,0,0.000,0,0,0,0,0,0,0,0
119,-4,0,2,0.451,0,0,0.000,0,0,0,0,0,0,0,0
119,-3,4,3,0.361,0,0,0.000,0,0,0,0,0,0,0,0
119,-4,8,1,3.331,0,0,0.000,0,0,0,0,0,0,0,0
119,1,2,2,0.471,0,0,0.000,0,0,0,0,0,0,0,0
119,-6,2,0,0.871,0,0,0.000,0,0,0,0,0,0,0,0
119,-5,-2,0,0.551,0,0,0.000,0,0,0,0,0,0,0,0
119,3,1,1,0.381,0,0,0.000,0,0,0,0,0,0,0,0
119,-6,7,2,1.711,0,0,0.000,0,1,0,2,0,0,0,0
119,2,-4,2,1.031,0,0,0.000,0,0,0,0,0,0,0,0
119,-1,3,3,0.311,0,0,0.000,0,0,0,0,0,0,0,0
119,-1,2,3,0.311,0,0,0.000,0,0,0,0,0,0,0,0
119,-5,8,1,0.812,0,0,0.000,0,1,0,2,0,0,15,15
119,1,4,2,0.331,0,0,0.000,0,0,0,0,0,0,0,0
119,1,0,3,0.411,0,0,0.000,0,0,0,0,0,0,0,0
119,-2,1,3,3.761,0,0,0.000,0,0,0,0,0,0,0,0
119,-5,0,1,0.551,0,0,0.000,0,0,0,0,0,0,0,0
119,2,0,3,1.231,0,0,0.000,0,0,0,0,0,0,0,0
119,2,4,1,0.331,0,0,0.000,0,0,0,0,0,0,0,0
119,-6,3,0,0.631,0,0,0.000,0,0,0,0,0,0,0,0
119,3,0,0,0.561,0,0,0.000,0,0,0,0,0,0,0,0
119,-5,4,2,0.471,0,0,0.000,0,0,0,0,0,0,0,0
119,1,-2,3,1.141,0,0,0.000,0,0,0,0,0,0,0,0
119,-4,-3,0,0.711,0,0,0.000,0,0,0,0,0,0,0,0
119,3,-5,0,0.611,0,0,0.000,0,0,0,0,0,0,0,0
119,0,6,0,0.641,0,0,0.000,0,0,0,0,0,0,0,0
119,2,5,0,0.761,0,0,0.000,0,0,0,0,0,0,1,1
119,-3,7,0,0.861,0,0,0.000,0,0,0,0,0,0,0,0
119,-5,5,3,0.392,0,0,0.000,0,0,0,0,0,0,0,0
119,2,-5,1,0.461,0,0,0.000,0,0,0,0,0,0,0,0
119,4,-3,0,0.431,0,0,0.000,0,0,0,0,0,0,0,0
119,-3,-3,0,0.112,0,0,0.000,0,0,0,0,0,0,0,0
119,-3,-1,3,0.231,0,0,0.000,0,0,0,0,0,0,0,0
119,0,5,3,0.151,0,0,0.000,0,0,0,0,0,0,0,0
119,0,0,3,0.971,0,0,0.000,0,0,0,0,0,0,0,0
119,3,-1,0,0.142,0,0,0.000,0,0,0,0,0,0,0,0
119,-1,-4,0,0.301,0,0,0.000,0,0,0,0,0,0,0,0
119,3,-2,1,0.621,0,0,0.000,0,0,0,0,0,0,0,0
119,1,5,0,0.931,0,0,0.000,0,0,0,0,0,0,0,0
119,-3,-2,2,1.171,0,0,0.000,0,0,0,0,0,0,0,0
119,-1,0,3,0.861,0,0,0.000,0,0,0,0,0,0,0,0
119,-5,-1,1,0.831,0,0,0.000,0,0,0,0,0,0,0,0
119,0,-1,3,0.331,0,0,0.000,0,0,0,0,0,0,0,0
119,-2,7,0,0.981,0,0,0.000,0,0,0,0,0,0,0,0
119,-6,4,1,0.631,0,0,0.000,0,0,0,0,0,0,0,0
119,-4,4,3,0.371,0,0,0.000,0,0,0,0,0,0,0,0
119,1,1,3,0.191,0,0,0.000,0,0,0,0,0,0,0,0
119,3,-4,0,0.471,0,0,0.000,0,0,0,0,0,0,0,0
119,-4,-1,3,0.341,0,0,0.000,0,0,0,0,0,0,0,0
119,-1,4,3,0.281,0,0,0.000,0,0,0,0,0,0,0,0
119,1,3,3,9.731,0,0,0.000,0,0,0,0,0,0,0,0
119,2,3,0,0.211,0,0,0.000,0,0,0,0,0,0,0,0
119,-2,-2,3,0.331,0,0,0.000,0,0,0,0,0,0,0,0
119,3,-3,0,0.711,0,0,0.000,0,0,0,0,0,0,0,0
119,-4,7,2,0.351,0,0,0.000,0,0,0,0,0,0,0,0
119,-1,-3,2,0.991,0,0,0.000,0,0,0,0,0,0,0,0
119,-5,7,2,1.591,0,0,0.000,0,0,0,0,0,0,0,0
119,-1,6,1,1.961,0,0,0.000,0,0,0,0,0,0,0,0
119,-3,5,3,0.261,0,0,0.000,0,0,0,0,0,0,0,0
119,-7,8,0,0.692,2,0,0.782,1,0,0,0,0,2,231,231
119,-3,6,3,0.751,0,0,0.000,0,0,0,0,0,0,0,0
119,-5,6,3,0.621,0,0,0.000,0,0,0,0,0,0,0,0
119,-4,2,3,0.101,0,0,0.000,0,0,0,0,0,0,0,0
119,-3,1,3,0.331,0,0,0.000,0,0,0,0,0,0,0,0
119,-6,5,0,0.791,0,0,0.000,0,0,0,0,0,0,0,0
119,1,-1,3,0.371,0,0,0.000,0,0,0,0,0,0,0,0
119,-4,1,3,0.191,0,0,0.000,0,0,0,0,0,0,0,0
119,-5,2,2,2.871,0,0,0.000,0,0,0,0,0,0,0,0
119,-2,-3,0,0.851,0,0,0.000,0,0,0,0,0,0,0,0
119,1,-5,0,0.231,0,0,0.000,0,0,0,0,0,0,0,0
119,-7,7,0,1.071,0,0,0.000,0,0,0,0,0,0,10,10
119,2,1,2,0.351,0,0,0.000,0,0,0,0,0,0,0,0
120,1,-4,2,0.511,0,0,0.000,0,0,0,0,0,0,0,0
120,-3,0,3,0.881,0,0,0.000,0,0,0,0,0,0,0,0
120,-2,2,3,1.001,0,0,0.000,0,0,0,0,0,0,0,0
120,-1,-1,3,0.121,0,0,0.000,0,0,0,0,0,0,0,0
120,0,1,3,0.111,0,0,0.000,0,0,0,0,0,0,0,0
120,-5,3,2,1.141,0,0,0.000,0,0,0,0,0,0,0,0
120,-1,1,3,0.381,0,0,0.000,0,0,0,0,0,0,0,0
120,-2,-1,3,0.641,0,0,0.000,0,0,0,0,0,0,0,0
120,0,4,3,1.671,0,0,0.000,0,0,0,0,0,0,0,0
120,3,-6,0,0.701,0,0,0.000,0,0,0,0,0,0,0,0
120,-2,4,3,0.651,0,0,0.000,0,0,0,0,0,0,0,0
120,-2,0,3,0.211,0,0,0.000,0,0,0,0,0,0,0,0
120,0,2,3,0.851,0,0,0.000,0,0,0,0,0,0,0,0
120,-4,3,3,0.182,0,0,0.000,0,0,0,0,0,0,0,0
120,-5,9,0,1.151,0,0,0.000,0,0,0,0,0,0,71,71
120,-7,6,1,1.122,0,0,0.000,0,0,0,0,0,0,1,1
120,-3,2,3,2.121,0,0,0.000,0,0,0,0,0,0,0,0
120,2,-1,2,0.591,0,0,0.000,0,0,0,0,0,0,0,0
120,0,-4,1,0.381,0,0,0.000,0,0,0,0,0,0,0,0
120,-2,5,3,1.061,0,0,0.000,0,0,0,0,0,0,0,0
120,-4,6,3,2.481,0,0,0.000,0,0,0,0,0,0,0,0
120,-1,5,2,0.411,0,0,0.000,0,0,0,0,0,0,0,0
120,0,-3,2,0.161,0,0,0.000,0,0,0,0,0,0,0,0
120,-6,8,0,1.601,0,0,0.000,0,0,0,0,0,0,16,16
120,-1,-2,3,0.901,0,0,0.000,0,0,0,0,0,0,0,0
120,-2,3,3,0.181,0,0,0.000,0,0,0,0,0,0,0,0
120,-4,5,3,0.211,0,0,0.000,0,0,0,0,0,0,0,0
120,1,-3,3,1.931,0,0,0.000,0,0,0,0,0,0,0,0
120,0,-2,3,0.411,0,0,0.000,0,0,0,0,0,0,0,0
120,0,3,3,0.341,0,0,0.000,0,0,0,0,0,0,0,0
120,-6,6,2,0.671,0,0,0.000,0,0,0,0,0,0,0,0
120,-2,6,2,1.381,0,0,0.000,0,0,0,0,0,0,0,0
120,-3,3,3,0.621,0,0,0.000,0,0,0,0,0,0,0,0
120,2,-2,2,0.511,0,0,0.000,0,0,0,0,0,0,0,0
120,-4,-2,2,1.021,0,0,0.000,0,0,0,0,0,0,0,0
120,2,2,1,0.151,0,0,0.000,0,0,0,0,0,0,0,0
120,-5,1,0,0.361,0,0,0.000,0,0,0,0,0,0,0,0
120,2,-3,2,0.131,0,0,0.000,0,0,0,0,0,0,0,0
120,-4,0,2,1.061,0,0,0.000,0,0,0,0,0,0,0,0
120,-3,4,3,0.581,0,0,0.000,0,0,0,0,0,0,0,0
120,-4,8,1,1.171,0,0,0.000,0,0,0,0,0,0,0,0
120,1,2,2,1.251,0,0,0.000,0,0,0,0,0,0,0,0
120,-6,2,0,3.511,0,0,0.000,0,0,0,0,0,0,0,0
120,-5,-2,0,0.562,0,0,0.000,0,0,0,0,0,0,0,0
120,3,1,1,0.291,0,0,0.000,0,0,0,0,0,0,0,0
120,-6,7,2,0.943,0,0,0.000,0,1,0,2,0,0,0,0
120,2,-4,2,0.432,0,0,0.000,0,0,0,0,0,0,0,0
120,-1,3,3,0.691,0,0,0.000,0,0,0,0,0,0,0,0
120,-1,2,3,0.471,0,0,0.000,0,0,0,0,0,0,0,0
120,-5,8,1,1.492,0,0,0.000,0,0,0,0,0,0,21,21
120,1,4,2,0.331,0,0,0.000,0,0,0,0,0,0,0,0
120,1,0,3,0.161,0,0,0.000,0,0,0,0,0,0,0,0
120,-2,1,3,0.331,0,0,0.000,0,0,0,0,0,0,0,0
120,-5,0,1,0.621,0,0,0.000,0,0,0,0,0,0,0,0
120,2,0,3,0.301,0,0,0.000,0,0,0,0,0,0,0,0
120,2,4,1,0.331,0,0,0.000,0,0,0,0,0,0,0,0
120,-6,3,0,0.721,0,0,0.000,0,0,0,0,0,0,0,0
120,3,0,0,0.402,0,0,0.000,0,0,0,0,0,0,0,0
120,-5,4,2,0.281,0,0,0.000,0,0,0,0,0,0,0,0
120,1,-2,3,0.681,0,0,0.000,0,0,0,0,0,0,0,0
120,-4,-3,0,1.391,0,0,0.000,0,0,0,0,0,0,0,0
120,3,-5,0,1.781,0,0,0.000,0,0,0,0,0,0,0,0
120,0,6,0,0.451,0,0,0.000,0,0,0,0,0,0,0,0
120,2,5,0,0.761,0,0,0.000,0,0,0,0,0,0,0,0
120,-3,7,0,2.181,0,0,0.000,0,0,0,0,0,0,0,0
120,-5,5,3,0.792,0,0,0.000,0,0,0,0,0,0,0,0
120,2,-5,1,0.291,0,0,0.000,0,0,0,0,0,0,0,0
120,4,-3,0,0.223,0,0,0.000,0,0,0,0,0,0,0,0
120,-3,-3,0,0.362,0,0,0.000,0,0,0,0,0,0,0,0
120,-3,-1,3,0.111,0,0,0.000,0,0,0,0,0,0,0,0
120,0,5,3,0.151,0,0,0.000,0,0,0,0,0,0,0,0
120,0,0,3,0.251,0,0,0.000,0,0,0,0,0,0,0,0
120,3,-1,0,0.281,0,0,0.000,0,0,0,0,0,0,0,0
120,-1,-4,0,1.101,0,0,0.000,0,0,0,0,0,0,0,0
120,3,-2,1,0.201,0,0,0.000,0,0,0,0,0,0,0,0
120,1,5,0,0.352,0,0,0.000,0,0,0,0,0,0,0,0
120,-3,-2,2,0.371,0,0,0.000,0,0,0,0,0,0,0,0
120,-1,0,3,1.701,0,0,0.000,0,0,0,0,0,0,0,0
120,-5,-1,1,2.371,0,0,0.000,0,0,0,0,0,0,0,0
120,0,-1,3,0.191,0,0,0.000,0,0,0,0,0,0,0,0
120,-2,7,0,1.531,0,0,0.000,0,0,0,0,0,0,0,0
120,-6,4,1,1.091,0,0,0.000,0,0,0,0,0,0,0,0
120,-4,4,3,0.181,0,0,0.000,0,0,0,0,0,0,0,0
120,1,1,3,1.291,0,0,0.000,0,0,0,0,0,0,0,0
120,3,-4,0,1.251,0,0,0.000,0,0,0,0,0,0,0,0
120,-4,-1,3,1.481,0,0,0.000,0,0,0,0,0,0,0,0
120,-1,4,3,0.181,0,0,0.000,0,0,0,0,0,0,0,0
120,1,3,3,0.291,0,0,0.000,0,0,0,0,0,0,0,0
120,2,3,0,0.211,0,0,0.000,0,0,0,0,0,0,0,0
120,-2,-2,3,30.000,0,0,0.000,0,0,0,0,0,0,0,0
120,3,-3,0,0.581,0,0,0.000,0,0,0,0,0,0,0,0
120,-4,7,2,0.922,0,0,0.000,0,0,0,0,0,0,0,0
120,-1,-3,2,0.791,0,0,0.000,0,0,0,0,0,0,0,0
120,-5,7,2,1.051,0,0,0.000,0,0,0,0,0,0,0,0
120,-1,6,1,0.561,0,0,0.000,0,0,0,0,0,0,0,0
120,-3,5,3,0.132,0,0,0.000,0,0,0,0,0,0,0,0
120,-7,8,0,1.142,2,0,1.232,1,0,0,0,0,2,200,200
120,-3,6,3,0.751,0,0,0.000,0,0,0,0,0,0,0,0
120,-5,6,3,0.621,0,0,0.000,0,0,0,0,0,0,0,0
120,-4,2,3,0.101,0,0,0.000,0,0,0,0,0,0,0,0
120,-3,1,3,0.331,0,0,0.000,0,0,0,0,0,0,0,0
120,-6,5,0,0.402,0,0,0.000,0,0,0,0,0,0,0,0
120,1,-1,3,0.371,0,0,0.000,0,0,0,0,0,0,0,0
120,-4,1,3,0.391,0,0,0.000,0,0,0,0,0,0,0,0
120,-5,2,2,0.351,0,0,0.000,0,0,0,0,0,0,0,0
120,-2,-3,0,0.172,0,0,0.000,0,0,0,0,0,0,0,0
120,1,-5,0,0.231,0,0,0.000,0,0,0,0,0,0,0,0
120,-7,7,0,30.000,0,0,0.000,0,0,0,0,0,0,6,6
120,2,1,2,0.531,0,0,0.000,0,0,0,0,0,0,0,0
