run,q,r,nodes,depth,lacksTrue,lacksAtCL,coveredAtCL,complete,exact,doneS,frames,bytes,retries,maxFramesNode,switches
1,-7,6,23,4,0,0,23,1,1,0.3310,24,1495,0,2,0
1,-7,7,19,10,0,0,19,1,1,0.3509,21,1023,0,2,0
1,-7,8,15,5,0,0,15,1,1,0.4109,22,1284,1,2,0
1,-6,2,23,7,0,0,23,1,1,1.3109,33,1226,5,4,1
1,-6,3,23,5,0,0,23,1,1,0.4109,23,804,1,2,0
1,-6,4,24,3,0,0,24,1,1,0.4509,24,814,1,2,0
1,-6,5,15,5,0,0,15,1,1,0.1324,14,470,0,1,0
1,-6,6,18,7,0,0,18,1,1,3.1521,21,778,3,4,1
1,-6,7,20,4,0,0,20,1,1,0.4509,23,1053,4,3,0
1,-6,8,21,5,0,0,21,1,1,1.3909,34,1913,4,6,1
1,-5,-2,25,5,0,0,25,1,1,1.1910,45,3494,4,3,0
1,-5,-1,36,3,0,0,36,1,1,1.9110,62,4205,5,4,1
1,-5,0,29,3,0,0,29,1,1,1.0809,33,1880,3,4,1
1,-5,1,21,7,0,0,21,1,1,0.1924,20,748,0,1,0
1,-5,2,19,7,0,0,19,1,1,0.3509,20,497,2,2,0
1,-5,3,24,7,0,0,24,1,1,1.6009,27,559,3,4,1
1,-5,4,24,8,0,0,24,1,1,0.2209,23,525,0,1,0
1,-5,5,21,7,0,0,21,1,1,0.5910,22,549,2,3,0
1,-5,6,22,5,0,0,22,1,1,2.7215,27,746,4,5,1
1,-5,7,28,7,0,0,28,1,1,2.6709,33,1108,5,4,1
1,-5,8,18,4,0,0,18,1,1,0.2309,19,1009,2,2,0
1,-5,9,16,5,0,0,16,1,1,0.2917,20,1090,0,2,0
1,-4,-3,25,7,0,0,25,1,1,2.8309,65,5133,6,11,1
1,-4,-2,16,5,0,0,16,1,1,0.4209,24,1583,1,2,0
1,-4,-1,26,4,0,0,26,1,1,0.9809,31,1703,4,3,0
1,-4,0,24,6,0,0,24,1,1,0.6009,27,1021,4,3,0
1,-4,1,21,6,0,0,21,1,1,0.1909,20,512,0,1,0
1,-4,2,12,9,0,0,12,1,1,0.2109,12,199,1,2,0
1,-4,3,20,7,0,0,20,1,1,0.3409,20,383,1,2,0
1,-4,4,20,5,0,0,20,1,1,0.5609,21,411,2,2,0
1,-4,5,23,4,0,0,23,1,1,3.2909,38,758,14,15,1
1,-4,6,25,4,0,0,25,1,1,0.4709,26,695,2,2,0
1,-4,7,13,3,0,0,13,1,1,0.1109,12,397,0,1,0
1,-4,8,25,7,0,0,25,1,1,1.6509,29,1249,3,4,1
1,-3,-3,13,6,1,1,13,1,1,0.4509,24,1753,2,4,0
1,-3,-2,20,7,0,0,20,1,1,0.5609,26,1523,1,2,0
1,-3,-1,13,2,0,0,13,1,1,0.1109,12,641,0,1,0
1,-3,0,23,6,0,0,23,1,1,1.3210,28,865,5,6,1
1,-3,1,20,4,0,0,20,1,1,0.3309,20,437,1,2,0
1,-3,2,18,5,0,0,18,1,1,0.3309,18,313,1,2,0
1,-3,3,22,5,0,0,22,1,1,1.7309,31,543,7,4,2
1,-3,4,23,6,0,0,23,1,1,0.5309,24,425,2,3,0
1,-3,5,15,4,0,0,15,1,1,0.1312,14,267,0,1,0
1,-3,6,20,5,0,0,20,1,1,0.7609,25,604,5,4,1
1,-3,7,23,5,0,0,23,1,1,2.1809,29,783,6,4,1
1,-2,-3,19,6,0,0,19,1,1,0.6928,33,2564,2,4,0
1,-2,-2,20,7,0,0,20,1,1,0.5210,27,1309,3,3,0
1,-2,-1,20,5,0,0,20,1,1,0.5109,22,1056,3,3,0
1,-2,0,23,5,0,0,23,1,1,0.4309,24,736,2,2,0
1,-2,1,35,4,0,0,35,1,1,0.6311,37,953,3,2,0
1,-2,2,24,4,0,0,24,1,1,0.4409,25,471,2,2,0
1,-2,3,20,7,0,0,20,1,1,0.1809,19,339,0,1,0
1,-2,4,24,5,0,0,24,1,1,0.2210,23,424,0,1,0
1,-2,5,17,5,0,0,17,1,1,0.7409,21,413,4,4,1
1,-2,6,27,5,0,0,27,1,1,1.3809,33,812,6,4,1
1,-2,7,22,5,0,0,22,1,1,0.3509,24,821,3,2,0
1,-1,-4,17,5,0,0,17,1,1,1.1026,41,3500,5,4,1
1,-1,-3,21,7,0,0,21,1,1,0.5909,34,2557,1,3,0
1,-1,-2,24,7,0,0,24,1,1,1.1309,41,2414,6,5,1
1,-1,-1,14,4,0,0,14,1,1,1.0509,22,942,6,5,2
1,-1,0,23,7,0,0,23,1,1,1.4809,28,868,6,4,1
1,-1,1,22,8,0,0,22,1,1,0.3809,23,521,2,2,0
1,-1,2,17,10,0,0,17,1,1,0.1509,16,328,0,1,0
1,-1,3,25,4,0,0,25,1,1,0.3109,25,506,1,2,0
1,-1,4,20,7,0,0,20,1,1,1.4209,26,481,5,4,1
1,-1,5,22,10,0,0,22,1,1,0.4109,23,482,2,2,0
1,-1,6,21,5,0,0,21,1,1,2.5609,34,843,14,12,0
1,0,-4,22,4,0,0,22,1,1,1.5332,59,5153,9,7,1
1,0,-3,18,4,0,0,18,1,1,0.6709,36,2614,3,3,0
1,0,-2,16,4,0,0,16,1,1,0.4114,23,1570,1,3,0
1,0,-1,21,5,0,0,21,1,1,1.3209,27,1285,3,4,1
1,0,0,27,5,0,0,27,1,1,0.5109,27,1194,1,2,0
1,0,1,13,3,0,0,13,1,1,0.2209,14,527,2,2,0
1,0,2,21,5,0,0,21,1,1,1.9809,27,653,5,4,1
1,0,3,22,4,0,0,22,1,1,0.2009,21,517,0,1,0
1,0,4,25,7,0,0,25,1,1,0.7109,26,806,2,2,0
1,0,5,17,7,0,0,17,1,1,0.1509,16,475,0,1,0
1,0,6,24,3,0,0,24,1,1,0.4509,24,1422,1,2,0
1,1,-5,13,4,0,0,13,1,1,0.8309,35,3150,3,4,0
1,1,-4,27,5,0,0,27,1,1,1.5509,66,5684,4,4,0
1,1,-3,22,5,0,0,21,0,1,-1.0000,182,18577,144,143,0
1,1,-2,24,5,0,0,24,1,1,1.6009,51,3781,10,5,2
1,1,-1,20,5,0,0,20,1,1,0.9409,33,2176,6,4,1
1,1,0,18,4,0,0,18,1,1,0.4109,21,1117,2,3,0
1,1,1,21,4,0,0,21,1,1,0.3509,21,1030,1,2,0
1,1,2,27,5,0,0,27,1,1,0.7309,28,1486,2,3,0
1,1,3,17,6,0,0,17,1,1,0.1529,16,714,0,1,0
1,1,4,18,7,0,0,18,1,1,1.5209,23,1038,6,4,1
1,1,5,19,5,0,0,19,1,1,1.2909,35,1452,10,5,2
1,2,-5,18,7,1,1,18,1,1,5.5620,83,6779,29,28,0
1,2,-4,23,4,0,0,23,1,1,2.3512,68,6264,9,7,1
1,2,-3,15,4,0,0,15,1,1,0.6609,36,3131,2,4,0
1,2,-2,21,3,0,0,21,1,1,0.6712,37,2909,1,3,0
1,2,-1,31,5,0,0,31,1,1,2.9909,56,4278,3,4,1
1,2,0,32,4,0,0,32,1,1,0.9209,50,3014,4,3,0
1,2,1,19,5,0,0,19,1,1,0.8909,28,1724,4,5,0
1,2,2,17,3,0,0,17,1,1,0.3114,19,1084,0,2,0
1,2,3,23,5,0,0,23,1,1,1.5310,35,1764,7,4,1
1,2,4,18,5,0,0,18,1,1,0.8409,31,1974,4,5,1
1,2,5,22,6,0,0,22,1,1,0.5509,35,2275,3,3,0
1,3,-6,25,4,51,51,25,1,1,3.3432,89,8273,22,10,2
1,3,-5,19,5,6,6,19,1,1,1.6921,55,5013,5,7,0
1,3,-4,27,7,0,0,27,1,1,2.3910,75,6640,6,5,1
1,3,-3,25,6,0,0,25,1,1,2.0219,66,6209,9,5,0
1,3,-2,22,7,0,0,22,1,1,0.8309,49,4090,0,3,0
1,3,-1,16,5,0,0,16,1,1,2.3809,64,4858,20,12,3
1,3,0,20,7,0,0,20,1,1,0.7509,38,2915,2,4,0
1,3,1,22,3,0,0,22,1,1,0.8009,41,3290,2,4,0
1,4,-3,24,6,0,0,24,1,1,2.0415,74,7033,9,7,1
2,-7,6,23,4,0,0,23,1,1,0.6509,28,1815,3,3,0
2,-7,7,19,10,0,0,19,1,1,0.5309,21,1010,1,2,0
2,-7,8,15,5,0,0,15,1,1,0.4109,21,1276,1,2,0
2,-6,2,23,7,0,0,23,1,1,0.4309,23,934,1,2,0
2,-6,3,23,5,0,0,23,1,1,0.2122,22,803,0,1,0
2,-6,4,24,3,0,0,24,1,1,1.2109,31,1015,6,5,1
2,-6,5,15,5,0,0,15,1,1,0.1321,14,462,0,1,0
2,-6,6,18,7,0,0,18,1,1,0.2609,18,662,1,2,0
2,-6,7,20,4,0,0,20,1,1,0.3423,22,1103,3,2,0
2,-6,8,21,5,0,0,21,1,1,0.3909,26,1573,1,2,0
2,-5,-2,25,5,0,0,25,1,1,1.3516,57,4576,10,6,1
2,-5,-1,36,3,0,0,36,1,1,1.8810,64,4304,4,5,1
2,-5,0,29,3,0,0,29,1,1,0.5516,30,1636,2,2,0
2,-5,1,21,7,0,0,21,1,1,0.1926,20,728,0,1,0
2,-5,2,19,7,0,0,19,1,1,1.2509,21,499,3,4,1
2,-5,3,24,7,0,0,24,1,1,0.4509,26,577,3,2,0
2,-5,4,24,8,0,0,24,1,1,0.9409,29,627,5,4,1
2,-5,5,21,7,0,0,21,1,1,3.3709,25,551,4,4,1
2,-5,6,22,5,0,0,22,1,1,0.2909,22,660,1,2,0
2,-5,7,28,7,0,0,28,1,1,1.3209,32,1018,4,4,1
2,-5,8,18,4,0,0,18,1,1,0.4709,20,1104,3,3,0
2,-5,9,16,5,0,0,16,1,1,0.4009,21,1204,2,2,0
2,-4,-3,25,7,0,0,25,1,1,1.3909,56,4426,5,4,0
2,-4,-2,16,5,0,0,16,1,1,0.6127,27,2056,4,5,1
2,-4,-1,26,4,0,0,26,1,1,0.8610,30,1732,3,4,0
2,-4,0,24,6,0,0,24,1,1,0.4509,25,920,2,2,0
2,-4,1,21,6,0,0,21,1,1,0.5909,23,596,3,3,0
2,-4,2,12,9,0,0,12,1,1,0.2109,12,200,1,2,0
2,-4,3,20,7,0,0,20,1,1,0.3409,20,374,1,2,0
2,-4,4,20,5,0,0,20,1,1,0.3709,20,375,1,2,0
2,-4,5,23,4,0,0,23,1,1,0.2109,22,508,0,1,0
2,-4,6,25,4,0,0,25,1,1,1.4415,32,872,8,7,0
2,-4,7,13,3,0,0,13,1,1,0.7716,25,636,13,7,4
2,-4,8,25,7,0,0,25,1,1,0.4509,27,1217,3,2,0
2,-3,-3,13,6,0,0,13,1,1,0.3310,22,1618,0,3,0
2,-3,-2,20,7,0,0,20,1,1,0.3709,26,1462,0,2,0
2,-3,-1,13,2,0,0,13,1,1,0.1109,12,658,0,1,0
2,-3,0,23,6,0,0,23,1,1,0.5709,24,729,2,2,0
2,-3,1,20,4,0,0,20,1,1,0.5209,22,454,3,3,0
2,-3,2,18,5,0,0,18,1,1,0.1609,17,306,0,1,0
2,-3,3,22,5,0,0,22,1,1,0.2009,21,360,0,1,0
2,-3,4,23,6,0,0,23,1,1,0.2110,22,392,0,1,0
2,-3,5,15,4,0,0,15,1,1,9.6409,87,1346,71,69,0
2,-3,6,20,5,0,0,20,1,1,0.3709,20,440,1,2,0
2,-3,7,23,5,0,0,23,1,1,1.0809,28,708,6,3,0
2,-2,-3,19,6,0,0,19,1,1,0.6709,35,2608,3,3,0
2,-2,-2,20,7,0,0,20,1,1,0.7510,27,1300,3,4,0
2,-2,-1,20,5,0,0,20,1,1,0.4509,22,1102,3,2,0
2,-2,0,23,5,0,0,23,1,1,0.2109,22,631,0,1,0
2,-2,1,35,4,0,0,35,1,1,0.3310,34,841,0,1,0
2,-2,2,24,4,0,0,24,1,1,1.0109,27,532,3,4,1
2,-2,3,20,7,0,0,20,1,1,0.1809,19,335,0,1,0
2,-2,4,24,5,0,0,24,1,1,0.8809,28,538,3,4,1
2,-2,5,17,5,0,0,17,1,1,0.1509,16,319,0,1,0
2,-2,6,27,5,0,0,27,1,1,0.5009,27,674,1,2,0
2,-2,7,22,5,0,0,22,1,1,0.2022,21,710,0,1,0
2,-1,-4,17,5,0,0,17,1,1,0.6210,37,3050,1,4,0
2,-1,-3,21,7,0,0,21,1,1,1.9909,59,4048,16,8,2
2,-1,-2,24,7,0,0,24,1,1,2.2809,36,1960,3,4,1
2,-1,-1,14,4,0,0,14,1,1,0.1209,13,594,0,1,0
2,-1,0,23,7,0,0,23,1,1,0.6009,24,683,2,2,0
2,-1,1,22,8,0,0,22,1,1,0.2009,21,485,0,1,0
2,-1,2,17,10,0,0,17,1,1,0.1509,16,330,0,1,0
2,-1,3,25,4,0,0,25,1,1,0.2309,24,508,0,1,0
2,-1,4,20,7,0,0,20,1,1,1.2309,22,411,3,4,1
2,-1,5,22,10,0,0,22,1,1,4.4009,41,784,20,20,0
2,-1,6,21,5,0,0,21,1,1,1.3609,27,745,7,7,1
2,0,-4,22,4,0,0,22,1,1,1.4309,57,4896,3,6,1
2,0,-3,18,4,0,0,18,1,1,0.5009,34,2533,1,3,0
2,0,-2,16,4,0,0,16,1,1,0.8712,35,2381,8,5,2
2,0,-1,21,5,0,0,21,1,1,0.5209,26,1415,3,3,0
2,0,0,27,5,0,0,27,1,1,0.2509,26,1141,0,1,0
2,0,1,13,3,0,0,13,1,1,0.1121,12,428,0,1,0
2,0,2,21,5,0,0,21,1,1,0.9809,27,744,3,4,1
2,0,3,22,4,0,0,22,1,1,0.2009,21,525,0,1,0
2,0,4,25,7,0,0,25,1,1,0.9509,27,796,3,3,0
2,0,5,17,7,0,0,17,1,1,0.3109,17,481,1,2,0
2,0,6,24,3,0,0,24,1,1,0.5310,27,1587,4,3,0
2,1,-5,13,4,1,1,13,1,1,1.9109,55,4911,13,12,2
2,1,-4,27,5,0,0,27,1,1,3.3710,74,6592,7,8,1
2,1,-3,22,5,0,0,22,1,1,0.8811,43,3442,3,4,0
2,1,-2,24,5,0,0,24,1,1,2.5209,55,3728,11,5,1
2,1,-1,20,5,0,0,20,1,1,0.5827,29,1883,2,4,0
2,1,0,18,4,0,0,18,1,1,0.3309,20,1090,1,2,0
2,1,1,21,4,0,0,21,1,1,0.2909,21,1143,1,2,0
2,1,2,27,5,0,0,27,1,1,1.2811,31,1529,4,4,1
2,1,3,17,6,0,0,17,1,1,0.4509,19,858,3,2,0
2,1,4,18,7,0,0,18,1,1,0.1609,17,776,0,1,0
2,1,5,19,5,0,0,19,1,1,0.5209,23,1205,4,3,0
2,2,-5,18,7,2,2,18,1,1,2.3320,72,6486,9,9,1
2,2,-4,23,4,0,0,23,1,1,1.7033,73,7013,12,8,2
2,2,-3,15,4,0,0,15,1,1,0.6817,39,3268,5,5,0
2,2,-2,21,3,0,0,21,1,1,0.8711,37,2876,1,3,0
2,2,-1,31,5,0,0,31,1,1,2.9909,59,4348,3,4,1
2,2,0,32,4,0,0,32,1,1,1.2309,50,2885,5,3,0
2,2,1,19,5,0,0,19,1,1,0.3509,25,1423,0,2,0
2,2,2,17,3,0,0,17,1,1,0.3113,20,1177,1,2,0
2,2,3,23,5,0,0,23,1,1,2.3609,35,1707,5,4,1
2,2,4,18,5,0,0,18,1,1,0.5009,25,1506,1,2,0
2,2,5,22,6,0,0,22,1,1,0.5509,33,2055,1,2,0
2,3,-6,25,4,25,25,25,1,1,2.3930,70,6363,4,9,1
2,3,-5,19,5,11,11,19,1,1,1.6920,52,4876,3,4,0
2,3,-4,27,7,0,0,27,1,1,3.6721,88,8263,8,12,2
2,3,-3,25,6,0,0,25,1,1,4.4217,74,6590,8,6,2
2,3,-2,22,7,0,0,22,1,1,2.3009,72,6181,9,10,2
2,3,-1,16,5,0,0,16,1,1,1.0309,42,3271,4,6,1
2,3,0,20,7,0,0,20,1,1,0.7509,35,2715,0,3,0
2,3,1,22,3,0,0,22,1,1,0.5909,41,3350,2,3,0
2,4,-3,24,6,0,0,24,1,1,4.3423,82,7624,15,13,0
3,-7,6,23,4,0,0,23,1,1,0.3310,24,1491,0,2,0
3,-7,7,19,10,0,0,19,1,1,0.3509,21,1015,0,2,0
3,-7,8,15,5,0,0,15,1,1,0.4109,21,1274,1,2,0
3,-6,2,23,7,0,0,23,1,1,0.2109,22,888,0,1,0
3,-6,3,23,5,0,0,23,1,1,0.7209,25,833,3,4,0
3,-6,4,24,3,0,0,24,1,1,0.3017,25,869,2,2,0
3,-6,5,15,5,0,0,15,1,1,0.3709,16,482,2,3,0
3,-6,6,18,7,0,0,18,1,1,0.1609,17,650,0,1,0
3,-6,7,20,4,0,0,20,1,1,0.8309,26,1456,4,4,1
3,-6,8,21,5,0,0,21,1,1,0.5909,30,1793,3,3,0
3,-5,-2,25,5,0,0,25,1,1,1.4309,57,4195,8,5,1
3,-5,-1,36,3,0,0,36,1,1,2.3710,59,3971,5,4,1
3,-5,0,29,3,0,0,29,1,1,0.4809,30,1689,2,2,0
3,-5,1,21,7,0,0,21,1,1,0.1923,20,685,0,1,0
3,-5,2,19,7,0,0,19,1,1,0.3509,20,483,2,2,0
3,-5,3,24,7,0,0,24,1,1,0.4509,25,556,2,2,0
3,-5,4,24,8,0,0,24,1,1,0.6809,25,600,2,3,0
3,-5,5,21,7,0,0,21,1,1,0.1909,20,478,0,1,0
3,-5,6,22,5,0,0,22,1,1,0.6209,24,704,3,3,0
3,-5,7,28,7,0,0,28,1,1,0.2610,27,899,0,1,0
3,-5,8,18,4,0,0,18,1,1,0.1610,17,862,0,1,0
3,-5,9,16,5,0,0,16,1,1,0.2916,20,1095,0,2,0
3,-4,-3,25,7,0,0,25,1,1,1.6716,62,5047,5,7,1
3,-4,-2,16,5,0,0,16,1,1,1.0209,27,1720,3,4,1
3,-4,-1,26,4,0,0,26,1,1,2.4809,32,1643,4,4,1
3,-4,0,24,6,0,0,24,1,1,0.4509,24,883,1,2,0
3,-4,1,21,6,0,0,21,1,1,0.2316,21,549,1,2,0
3,-4,2,12,9,0,0,12,1,1,0.2109,12,197,1,2,0
3,-4,3,20,7,0,0,20,1,1,3.5710,29,561,8,5,2
3,-4,4,20,5,0,0,20,1,1,0.3709,20,386,1,2,0
3,-4,5,23,4,0,0,23,1,1,0.4309,23,530,1,2,0
3,-4,6,25,4,0,0,25,1,1,0.2309,24,626,0,1,0
3,-4,7,13,3,0,0,13,1,1,0.1109,12,400,0,1,0
3,-4,8,25,7,0,0,25,1,1,1.1709,28,1197,4,3,0
3,-3,-3,13,6,0,0,13,1,1,0.3309,22,1634,0,3,0
3,-3,-2,20,7,0,0,20,1,1,0.7509,28,1547,3,3,0
3,-3,-1,13,2,0,0,13,1,1,0.1810,14,673,2,2,0
3,-3,0,23,6,0,0,23,1,1,1.2309,32,855,5,5,1
3,-3,1,20,4,0,0,20,1,1,0.2709,20,417,1,2,0
3,-3,2,18,5,0,0,18,1,1,0.1609,17,293,0,1,0
3,-3,3,22,5,0,0,22,1,1,0.2009,21,376,0,1,0
3,-3,4,23,6,0,0,23,1,1,0.3809,23,412,1,2,0
3,-3,5,15,4,0,0,15,1,1,0.1909,15,266,1,2,0
3,-3,6,20,5,0,0,20,1,1,0.5609,23,499,4,3,0
3,-3,7,23,5,0,0,23,1,1,0.4209,23,661,1,2,0
3,-2,-3,19,6,0,0,19,1,1,0.5211,33,2576,2,3,0
3,-2,-2,20,7,0,0,20,1,1,0.3709,25,1260,1,2,0
3,-2,-1,20,5,0,0,20,1,1,0.3209,21,960,2,2,0
3,-2,0,23,5,0,0,23,1,1,0.2109,22,666,0,1,0
3,-2,1,35,4,0,0,35,1,1,1.6310,39,957,4,4,1
3,-2,2,24,4,0,0,24,1,1,0.3809,24,447,1,2,0
3,-2,3,20,7,0,0,20,1,1,0.1809,19,335,0,1,0
3,-2,4,24,5,0,0,24,1,1,0.4209,24,446,1,2,0
3,-2,5,17,5,0,0,17,1,1,0.4209,18,350,2,2,0
3,-2,6,27,5,0,0,27,1,1,0.3309,27,702,1,2,0
3,-2,7,22,5,0,0,22,1,1,0.3509,22,725,1,2,0
3,-1,-4,17,5,0,0,17,1,1,0.6313,37,3095,1,4,0
3,-1,-3,21,7,0,0,21,1,1,0.5909,35,2601,3,3,0
3,-1,-2,24,7,0,0,24,1,1,0.6709,33,1959,1,3,0
3,-1,-1,14,4,0,0,14,1,1,0.3809,17,690,4,3,0
3,-1,0,23,7,0,0,23,1,1,0.4209,24,718,2,2,0
3,-1,1,22,8,0,0,22,1,1,1.0109,29,686,5,4,1
3,-1,2,17,10,0,0,17,1,1,0.3109,17,331,1,2,0
3,-1,3,25,4,0,0,25,1,1,0.4309,26,547,2,2,0
3,-1,4,20,7,0,0,20,1,1,0.2809,21,400,2,2,0
3,-1,5,22,10,0,0,22,1,1,1.0409,29,612,3,4,1
3,-1,6,21,5,0,0,21,1,1,0.5609,22,572,2,2,0
3,0,-4,22,4,0,0,22,1,1,2.2709,75,6326,10,10,2
3,0,-3,18,4,0,0,18,1,1,1.1810,37,2694,4,4,1
3,0,-2,16,4,0,0,16,1,1,0.3809,23,1526,1,2,0
3,0,-1,21,5,0,0,21,1,1,0.3209,23,1162,0,2,0
3,0,0,27,5,0,0,27,1,1,1.4909,40,1747,8,4,2
3,0,1,13,3,0,0,13,1,1,0.1122,12,431,0,1,0
3,0,2,21,5,0,0,21,1,1,0.3809,21,584,1,2,0
3,0,3,22,4,0,0,22,1,1,0.2114,22,540,1,2,0
3,0,4,25,7,0,0,25,1,1,0.2309,24,753,0,1,0
3,0,5,17,7,0,0,17,1,1,0.4709,18,524,2,3,0
3,0,6,24,3,0,0,24,1,1,0.8709,27,1700,3,4,1
3,1,-5,13,4,3,3,13,1,1,0.7111,35,3203,3,4,0
3,1,-4,27,5,0,0,27,1,1,2.5909,81,7226,10,7,2
3,1,-3,22,5,0,0,22,1,1,1.0409,42,3231,2,4,0
3,1,-2,24,5,0,0,24,1,1,1.6009,53,3649,6,6,1
3,1,-1,20,5,0,0,20,1,1,3.6009,54,2896,24,18,0
3,1,0,18,4,0,0,18,1,1,0.4109,20,1052,1,3,0
3,1,1,21,4,0,0,21,1,1,0.2909,21,1055,1,2,0
3,1,2,27,5,0,0,27,1,1,1.1111,31,1543,4,4,1
3,1,3,17,6,0,0,17,1,1,0.1528,16,720,0,1,0
3,1,4,18,7,0,0,18,1,1,0.1609,17,809,0,1,0
3,1,5,19,5,0,0,19,1,1,0.3512,22,1026,1,2,0
3,2,-5,18,7,2,2,18,1,1,3.6919,70,6488,18,18,0
3,2,-4,23,4,0,0,23,1,1,2.0827,66,6127,8,6,1
3,2,-3,15,4,0,0,15,1,1,0.5209,35,3031,1,4,0
3,2,-2,21,3,0,0,21,1,1,0.6711,36,2863,0,3,0
3,2,-1,31,5,0,0,31,1,1,1.7909,74,5966,12,6,3
3,2,0,32,4,0,0,32,1,1,2.7809,56,3545,7,8,1
3,2,1,19,5,0,0,19,1,1,0.5309,26,1613,2,3,0
3,2,2,17,3,0,0,17,1,1,0.7915,22,1248,3,5,0
3,2,3,23,5,0,0,23,1,1,0.5209,30,1625,1,3,0
3,2,4,18,5,0,0,18,1,1,0.8409,33,2157,6,5,1
3,2,5,22,6,0,0,22,1,1,1.3909,42,2582,5,6,1
3,3,-6,25,4,41,41,25,1,1,2.6234,81,7440,9,9,1
3,3,-5,19,5,8,8,19,1,1,1.5120,49,4523,0,3,0
3,3,-4,27,7,0,0,27,1,1,1.5111,69,6378,1,4,0
3,3,-3,25,6,0,0,25,1,1,2.2625,71,6800,5,7,1
3,3,-2,22,7,0,0,22,1,1,0.8309,50,4240,1,4,0
3,3,-1,16,5,0,0,16,1,1,0.7309,30,2427,1,4,0
3,3,0,20,7,0,0,20,1,1,0.7509,38,2851,2,4,0
3,3,1,22,3,0,0,22,1,1,1.1309,48,4005,7,6,1
3,4,-3,24,6,0,0,24,1,1,3.5620,104,9657,16,12,1
4,-7,6,23,4,0,0,23,1,1,0.6509,28,1567,2,3,0
4,-7,7,19,10,0,0,19,1,1,1.6109,28,1332,5,5,1
4,-7,8,15,5,0,0,15,1,1,0.2709,20,1244,0,2,0
4,-6,2,23,7,0,0,23,1,1,0.2109,22,924,0,1,0
4,-6,3,23,5,0,0,23,1,1,0.2122,22,796,0,1,0
4,-6,4,24,3,0,0,24,1,1,1.5009,28,870,4,4,1
4,-6,5,15,5,0,0,15,1,1,0.1322,14,473,0,1,0
4,-6,6,18,7,0,0,18,1,1,0.2609,18,677,1,2,0
4,-6,7,20,4,0,0,20,1,1,0.1809,19,933,0,1,0
4,-6,8,21,5,0,0,21,1,1,0.7909,29,1910,3,4,0
4,-5,-2,25,5,0,0,25,1,1,1.7509,54,4298,7,7,1
4,-5,-1,36,3,0,0,36,1,1,1.8810,65,4514,7,5,1
4,-5,0,29,3,0,0,29,1,1,1.8809,34,1726,5,5,1
4,-5,1,21,7,0,0,21,1,1,0.1921,20,709,0,1,0
4,-5,2,19,7,0,0,19,1,1,0.1709,18,454,0,1,0
4,-5,3,24,7,0,0,24,1,1,0.9109,26,572,3,4,1
4,-5,4,24,8,0,0,24,1,1,0.6809,26,569,3,3,0
4,-5,5,21,7,0,0,21,1,1,0.1910,20,467,0,1,0
4,-5,6,22,5,0,0,22,1,1,0.2009,21,647,0,1,0
4,-5,7,28,7,0,0,28,1,1,1.3209,31,948,4,4,0
4,-5,8,18,4,0,0,18,1,1,0.3309,19,875,2,2,0
4,-5,9,16,5,0,0,16,1,1,0.4312,22,1150,2,3,0
4,-4,-3,25,7,0,0,25,1,1,1.3909,53,4297,3,5,0
4,-4,-2,16,5,0,0,16,1,1,1.0209,28,1805,4,4,1
4,-4,-1,26,4,0,0,26,1,1,0.9809,34,1969,6,4,0
4,-4,0,24,6,0,0,24,1,1,0.3709,24,901,1,2,0
4,-4,1,21,6,0,0,21,1,1,0.5909,24,586,4,3,0
4,-4,2,12,9,0,0,12,1,1,0.5409,15,246,4,3,0
4,-4,3,20,7,0,0,20,1,1,0.3409,20,379,1,2,0
4,-4,4,20,5,0,0,20,1,1,0.3709,20,378,1,2,0
4,-4,5,23,4,0,0,23,1,1,0.2109,22,496,0,1,0
4,-4,6,25,4,0,0,25,1,1,1.2809,32,784,5,4,1
4,-4,7,13,3,0,0,13,1,1,0.1109,12,387,0,1,0
4,-4,8,25,7,0,0,25,1,1,3.5709,43,1531,14,6,3
4,-3,-3,13,6,0,0,13,1,1,0.5709,24,1766,2,5,0
4,-3,-2,20,7,0,0,20,1,1,0.5609,28,1688,2,3,0
4,-3,-1,13,2,0,0,13,1,1,0.1109,12,652,0,1,0
4,-3,0,23,6,0,0,23,1,1,0.6309,24,705,2,2,0
4,-3,1,20,4,0,0,20,1,1,0.8409,23,462,4,3,0
4,-3,2,18,5,0,0,18,1,1,5.5209,52,874,33,33,0
4,-3,3,22,5,0,0,22,1,1,0.2009,21,360,0,1,0
4,-3,4,23,6,0,0,23,1,1,0.3609,24,421,2,2,0
4,-3,5,15,4,0,0,15,1,1,0.1311,14,249,0,1,0
4,-3,6,20,5,0,0,20,1,1,0.1809,19,405,0,1,0
4,-3,7,23,5,0,0,23,1,1,0.4209,24,730,2,2,0
4,-2,-3,19,6,0,0,19,1,1,0.6928,36,2707,4,4,0
4,-2,-2,20,7,0,0,20,1,1,1.2309,31,1574,6,4,1
4,-2,-1,20,5,0,0,20,1,1,0.1826,19,905,0,1,0
4,-2,0,23,5,0,0,23,1,1,22.8909,135,2519,112,105,1
4,-2,1,35,4,0,0,35,1,1,2.7510,47,1120,9,5,2
4,-2,2,24,4,0,0,24,1,1,0.2210,23,443,0,1,0
4,-2,3,20,7,0,0,20,1,1,0.3709,20,345,1,2,0
4,-2,4,24,5,0,0,24,1,1,0.4209,26,483,3,2,0
4,-2,5,17,5,0,0,17,1,1,0.1509,16,300,0,1,0
4,-2,6,27,5,0,0,27,1,1,0.2514,26,677,0,1,0
4,-2,7,22,5,0,0,22,1,1,0.8510,26,929,4,4,1
4,-1,-4,17,5,0,0,17,1,1,1.5209,46,3700,8,9,1
4,-1,-3,21,7,0,0,21,1,1,0.7909,37,2758,5,4,0
4,-1,-2,24,7,0,0,24,1,1,0.6709,34,2039,1,3,0
4,-1,-1,14,4,0,0,14,1,1,0.2209,14,680,1,2,0
4,-1,0,23,7,0,0,23,1,1,1.3009,30,868,6,4,1
4,-1,1,22,8,0,0,22,1,1,0.2009,21,458,0,1,0
4,-1,2,17,10,0,0,17,1,1,0.1509,16,328,0,1,0
4,-1,3,25,4,0,0,25,1,1,1.0409,32,637,7,4,1
4,-1,4,20,7,0,0,20,1,1,0.3109,20,388,1,2,0
4,-1,5,22,10,0,0,22,1,1,0.2009,21,442,0,1,0
4,-1,6,21,5,0,0,21,1,1,0.3609,21,586,1,2,0
4,0,-4,22,4,0,0,22,1,1,0.8334,51,4559,2,4,0
4,0,-3,18,4,0,0,18,1,1,1.1810,39,2788,5,4,1
4,0,-2,16,4,0,0,16,1,1,0.4210,25,1666,2,3,0
4,0,-1,21,5,0,0,21,1,1,0.3209,23,1179,0,2,0
4,0,0,27,5,0,0,27,1,1,0.4509,28,1249,2,2,0
4,0,1,13,3,0,0,13,1,1,0.1122,12,439,0,1,0
4,0,2,21,5,0,0,21,1,1,0.1912,20,546,0,1,0
4,0,3,22,4,0,0,22,1,1,0.5709,23,543,2,3,0
4,0,4,25,7,0,0,25,1,1,0.7109,26,790,2,2,0
4,0,5,17,7,0,0,17,1,1,0.1509,16,477,0,1,0
4,0,6,24,3,0,0,24,1,1,0.6809,26,1514,3,3,0
4,1,-5,13,4,1,1,13,1,1,0.8310,36,3301,4,6,0
4,1,-4,27,5,0,0,27,1,1,1.8110,72,6575,9,6,2
4,1,-3,22,5,0,0,22,1,1,1.9313,47,3621,7,6,0
4,1,-2,24,5,0,0,24,1,1,0.9109,43,3140,2,3,0
4,1,-1,20,5,0,0,20,1,1,0.3828,26,1803,1,3,0
4,1,0,18,4,0,0,18,1,1,1.1411,22,1107,3,4,1
4,1,1,21,4,0,0,21,1,1,0.1909,20,1024,0,1,0
4,1,2,27,5,0,0,27,1,1,1.1009,35,1915,7,4,1
4,1,3,17,6,0,0,17,1,1,0.1528,16,719,0,1,0
4,1,4,18,7,0,0,18,1,1,2.3709,26,1077,7,4,2
4,1,5,19,5,0,0,19,1,1,0.5710,25,1072,4,3,0
4,2,-5,18,7,0,0,18,1,1,1.5230,51,4640,7,8,2
4,2,-4,23,4,0,0,23,1,1,1.3013,58,5352,1,4,0
4,2,-3,15,4,0,0,15,1,1,1.2209,41,3383,7,7,0
4,2,-2,21,3,0,0,21,1,1,0.7911,40,3179,4,4,0
4,2,-1,31,5,0,0,31,1,1,0.6809,54,4223,0,3,0
4,2,0,32,4,0,0,32,1,1,2.1609,55,2969,9,4,2
4,2,1,19,5,0,0,19,1,1,1.9709,33,1718,7,4,1
4,2,2,17,3,0,0,17,1,1,0.4509,20,1119,1,2,0
4,2,3,23,5,0,0,23,1,1,2.3609,40,2226,10,11,2
4,2,4,18,5,0,0,18,1,1,0.4409,26,1546,1,2,0
4,2,5,22,6,0,0,22,1,1,0.4109,32,2047,0,2,0
4,3,-6,25,4,32,32,25,1,1,1.6634,63,5599,2,3,0
4,3,-5,19,5,8,8,19,1,1,2.5223,81,7685,26,15,1
4,3,-4,27,7,0,0,27,1,1,4.6310,76,6697,5,5,1
4,3,-3,25,6,0,0,25,1,1,1.5415,58,5506,2,4,0
4,3,-2,22,7,0,0,22,1,1,1.2509,59,4968,5,6,1
4,3,-1,16,5,0,0,16,1,1,1.9309,53,4251,15,9,3
4,3,0,20,7,0,0,20,1,1,1.7009,43,3187,5,4,1
4,3,1,22,3,0,0,22,1,1,1.2209,43,3588,4,6,0
4,4,-3,24,6,0,0,24,1,1,4.7112,102,9680,22,20,4
5,-7,6,23,4,0,0,23,1,1,0.4309,27,1734,3,2,0
5,-7,7,19,10,0,0,19,1,1,0.5309,21,1012,2,2,0
5,-7,8,15,5,0,0,15,1,1,0.4109,21,1281,1,2,0
5,-6,2,23,7,0,0,23,1,1,1.0909,30,1253,5,4,1
5,-6,3,23,5,0,0,23,1,1,1.3809,29,970,6,4,1
5,-6,4,24,3,0,0,24,1,1,0.9409,31,1021,7,4,1
5,-6,5,15,5,0,0,15,1,1,0.1322,14,486,0,1,0
5,-6,6,18,7,0,0,18,1,1,0.1609,17,720,0,1,0
5,-6,7,20,4,0,0,20,1,1,0.3210,20,974,1,2,0
5,-6,8,21,5,0,0,21,1,1,1.1909,42,2551,13,5,2
5,-5,-2,25,5,0,0,25,1,1,1.1111,54,3958,5,5,1
5,-5,-1,36,3,0,0,36,1,1,1.0413,59,3928,2,3,0
5,-5,0,29,3,0,0,29,1,1,0.5209,31,1777,3,2,0
5,-5,1,21,7,0,0,21,1,1,0.3609,22,811,2,2,0
5,-5,2,19,7,0,0,19,1,1,0.2309,19,466,1,2,0
5,-5,3,24,7,0,0,24,1,1,1.1409,29,644,4,4,1
5,-5,4,24,8,0,0,24,1,1,0.4509,24,531,1,2,0
5,-5,5,21,7,0,0,21,1,1,0.1910,20,490,0,1,0
5,-5,6,22,5,0,0,22,1,1,0.2009,21,653,0,1,0
5,-5,7,28,7,0,0,28,1,1,1.8609,34,1022,7,6,0
5,-5,8,18,4,0,0,18,1,1,0.1610,17,842,0,1,0
5,-5,9,16,5,0,0,16,1,1,0.2915,20,1094,0,2,0
5,-4,-3,25,7,0,0,25,1,1,1.3909,53,4123,1,3,0
5,-4,-2,16,5,0,0,16,1,1,0.5709,25,1663,2,3,0
5,-4,-1,26,4,0,0,26,1,1,0.4809,29,1550,0,2,0
5,-4,0,24,6,0,0,24,1,1,1.0609,30,1140,3,4,1
5,-4,1,21,6,0,0,21,1,1,0.8509,26,593,5,4,1
5,-4,2,12,9,0,0,12,1,1,0.2109,12,212,1,2,0
5,-4,3,20,7,0,0,20,1,1,0.5309,22,413,3,3,0
5,-4,4,20,5,0,0,20,1,1,0.1809,19,359,0,1,0
5,-4,5,23,4,0,0,23,1,1,0.8809,30,711,7,4,1
5,-4,6,25,4,0,0,25,1,1,1.2909,29,713,4,4,1
5,-4,7,13,3,0,0,13,1,1,0.5909,19,696,5,4,1
5,-4,8,25,7,0,0,25,1,1,0.4509,26,1177,2,2,0
5,-3,-3,13,6,0,0,13,1,1,0.4509,23,1617,1,3,0
5,-3,-2,20,7,0,0,20,1,1,0.5609,28,1699,2,3,0
5,-3,-1,13,2,0,0,13,1,1,0.1109,12,634,0,1,0
5,-3,0,23,6,0,0,23,1,1,0.4109,24,744,2,2,0
5,-3,1,20,4,0,0,20,1,1,0.4609,21,459,2,3,0
5,-3,2,18,5,0,0,18,1,1,0.4209,20,370,3,3,0
5,-3,3,22,5,0,0,22,1,1,0.6209,24,417,3,2,0
5,-3,4,23,6,0,0,23,1,1,0.3309,24,425,2,2,0
5,-3,5,15,4,0,0,15,1,1,0.8909,18,317,3,4,1
5,-3,6,20,5,0,0,20,1,1,0.3709,21,444,2,2,0
5,-3,7,23,5,0,0,23,1,1,0.4209,25,693,3,2,0
5,-2,-3,19,6,0,0,19,1,1,0.7012,34,2590,3,4,0
5,-2,-2,20,7,0,0,20,1,1,0.3709,26,1370,2,2,0
5,-2,-1,20,5,0,0,20,1,1,0.1828,19,945,0,1,0
5,-2,0,23,5,0,0,23,1,1,0.6509,25,716,3,3,0
5,-2,1,35,4,0,0,35,1,1,0.6110,37,926,3,2,0
5,-2,2,24,4,0,0,24,1,1,0.6709,27,520,4,3,0
5,-2,3,20,7,0,0,20,1,1,0.3709,20,345,1,2,0
5,-2,4,24,5,0,0,24,1,1,0.2410,24,450,1,2,0
5,-2,5,17,5,0,0,17,1,1,0.3109,17,332,1,2,0
5,-2,6,27,5,0,0,27,1,1,0.5009,29,732,3,2,0
5,-2,7,22,5,0,0,22,1,1,0.4009,23,758,2,2,0
5,-1,-4,17,5,0,0,17,1,1,0.7812,41,3346,5,5,0
5,-1,-3,21,7,0,0,21,1,1,1.3909,43,3022,4,6,1
5,-1,-2,24,7,0,0,24,1,1,0.9009,36,2060,4,3,0
5,-1,-1,14,4,0,0,14,1,1,0.1525,14,717,1,2,0
5,-1,0,23,7,0,0,23,1,1,0.2114,22,614,0,1,0
5,-1,1,22,8,0,0,22,1,1,4.5811,26,571,4,4,1
5,-1,2,17,10,0,0,17,1,1,0.3109,17,339,1,2,0
5,-1,3,25,4,0,0,25,1,1,2.2409,37,748,9,6,2
5,-1,4,20,7,0,0,20,1,1,0.1809,19,357,0,1,0
5,-1,5,22,10,0,0,22,1,1,1.8809,36,721,7,7,2
5,-1,6,21,5,0,0,21,1,1,0.3609,21,594,1,2,0
5,0,-4,22,4,0,0,22,1,1,2.1322,71,6099,12,8,1
5,0,-3,18,4,0,0,18,1,1,0.5510,35,2562,2,4,0
5,0,-2,16,4,0,0,16,1,1,0.5812,26,1743,3,4,0
5,0,-1,21,5,0,0,21,1,1,0.3209,23,1176,0,2,0
5,0,0,27,5,0,0,27,1,1,0.4509,27,1146,1,2,0
5,0,1,13,3,0,0,13,1,1,0.8221,16,537,3,4,1
5,0,2,21,5,0,0,21,1,1,0.4509,22,598,2,3,0
5,0,3,22,4,0,0,22,1,1,0.3409,23,595,2,2,0
5,0,4,25,7,0,0,25,1,1,0.9609,28,818,3,4,1
5,0,5,17,7,0,0,17,1,1,0.4709,18,606,2,3,0
5,0,6,24,3,0,0,24,1,1,1.4024,31,1880,7,4,1
5,1,-5,13,4,1,1,13,1,1,1.0710,36,3248,4,5,0
5,1,-4,27,5,0,0,27,1,1,4.2309,91,7234,15,11,2
5,1,-3,22,5,0,0,21,0,1,-1.0000,197,19552,153,143,1
5,1,-2,24,5,0,0,24,1,1,1.1409,46,3306,4,5,0
5,1,-1,20,5,0,0,20,1,1,0.5609,32,2100,5,3,0
5,1,0,18,4,0,0,18,1,1,8.1109,67,2079,47,45,0
5,1,1,21,4,0,0,21,1,1,0.2909,22,1072,2,2,0
5,1,2,27,5,0,0,27,1,1,1.2509,30,1341,4,3,0
5,1,3,17,6,0,0,17,1,1,0.1528,16,694,0,1,0
5,1,4,18,7,0,0,18,1,1,3.0509,40,2012,20,16,0
5,1,5,19,5,0,0,19,1,1,0.3510,21,992,0,2,0
5,2,-5,18,7,3,3,18,1,1,20.6921,179,16135,121,117,0
5,2,-4,23,4,0,0,23,1,1,1.3012,61,5656,4,5,0
5,2,-3,15,4,0,0,15,1,1,1.3614,43,3360,8,6,1
5,2,-2,21,3,0,0,21,1,1,1.4712,42,3165,5,6,0
5,2,-1,31,5,0,0,31,1,1,1.1909,57,4349,4,4,0
5,2,0,32,4,0,0,32,1,1,3.0909,61,3731,9,9,2
5,2,1,19,5,0,0,19,1,1,0.3509,25,1483,0,2,0
5,2,2,17,3,0,0,17,1,1,0.3114,21,1254,2,2,0
5,2,3,23,5,0,0,23,1,1,0.4309,27,1465,0,2,0
5,2,4,18,5,0,0,18,1,1,0.6109,27,1602,3,3,0
5,2,5,22,6,0,0,22,1,1,1.2509,38,2440,3,5,1
5,3,-6,25,4,32,32,25,1,1,2.7023,76,7001,8,8,2
5,3,-5,19,5,6,6,19,1,1,1.5119,53,4946,4,5,0
5,3,-4,27,7,0,0,27,1,1,2.0310,72,6582,4,5,0
5,3,-3,25,6,0,0,25,1,1,2.9822,73,6873,6,8,1
5,3,-2,22,7,0,0,22,1,1,1.2509,51,4240,2,4,0
5,3,-1,16,5,0,0,16,1,1,0.7309,31,2478,1,4,0
5,3,0,20,7,0,0,20,1,1,1.3332,45,3587,6,7,1
5,3,1,22,3,0,0,22,1,1,2.0609,71,6077,17,9,4
5,4,-3,24,6,0,0,24,1,1,2.0422,63,5966,1,4,0
6,-7,6,23,4,0,0,23,1,1,0.4309,27,1707,2,2,0
6,-7,7,19,10,0,0,19,1,1,0.3509,20,1004,0,2,0
6,-7,8,15,5,0,0,15,1,1,0.5509,24,1505,4,4,0
6,-6,2,23,7,0,0,23,1,1,0.3010,23,963,1,2,0
6,-6,3,23,5,0,0,23,1,1,0.5009,26,886,4,3,0
6,-6,4,24,3,0,0,24,1,1,0.6915,31,1158,8,4,0
6,-6,5,15,5,0,0,15,1,1,4.0410,45,1402,30,29,0
6,-6,6,18,7,0,0,18,1,1,0.9409,28,1022,4,4,1
6,-6,7,20,4,0,0,20,1,1,0.6409,22,1187,3,3,0
6,-6,8,21,5,0,0,21,1,1,0.9909,33,1973,4,4,1
6,-5,-2,25,5,0,0,25,1,1,2.0713,50,4050,7,4,1
6,-5,-1,36,3,0,0,36,1,1,2.0210,64,4085,8,4,1
6,-5,0,29,3,0,0,29,1,1,1.8809,35,1933,6,4,1
6,-5,1,21,7,0,0,21,1,1,0.1923,20,724,0,1,0
6,-5,2,19,7,0,0,19,1,1,0.7709,26,688,6,4,1
6,-5,3,24,7,0,0,24,1,1,1.6009,29,631,5,4,1
6,-5,4,24,8,0,0,24,1,1,0.2209,23,501,0,1,0
6,-5,5,21,7,0,0,21,1,1,0.1909,20,473,0,1,0
6,-5,6,22,5,0,0,22,1,1,1.0409,28,829,3,4,1
6,-5,7,28,7,0,0,28,1,1,0.7809,31,1035,4,2,0
6,-5,8,18,4,0,0,18,1,1,0.2309,18,885,1,2,0
6,-5,9,16,5,0,0,16,1,1,1.3310,31,1935,7,9,2
6,-4,-3,25,7,0,0,25,1,1,1.1509,54,4307,3,4,0
6,-4,-2,16,5,0,0,16,1,1,0.2929,23,1587,0,2,0
6,-4,-1,26,4,0,0,26,1,1,0.4809,29,1590,2,2,0
6,-4,0,24,6,0,0,24,1,1,0.4509,24,873,1,2,0
6,-4,1,21,6,0,0,21,1,1,1.3909,31,717,9,4,2
6,-4,2,12,9,0,0,12,1,1,0.3209,13,230,2,2,0
6,-4,3,20,7,0,0,20,1,1,1.2909,32,588,8,4,2
6,-4,4,20,5,0,0,20,1,1,0.1809,19,369,0,1,0
6,-4,5,23,4,0,0,23,1,1,1.3409,28,589,5,4,1
6,-4,6,25,4,0,0,25,1,1,0.4709,26,642,2,2,0
6,-4,7,13,3,0,0,13,1,1,0.3509,14,488,2,3,0
6,-4,8,25,7,0,0,25,1,1,3.0909,29,1186,3,4,1
6,-3,-3,13,6,0,0,13,1,1,0.3309,22,1604,0,3,0
6,-3,-2,20,7,0,0,20,1,1,0.9409,36,2084,4,4,1
6,-3,-1,13,2,0,0,13,1,1,0.1812,13,668,1,2,0
6,-3,0,23,6,0,0,23,1,1,0.6309,25,726,3,3,0
6,-3,1,20,4,0,0,20,1,1,0.3709,20,418,1,2,0
6,-3,2,18,5,0,0,18,1,1,0.2509,18,317,1,2,0
6,-3,3,22,5,0,0,22,1,1,0.6209,24,422,3,3,0
6,-3,4,23,6,0,0,23,1,1,0.3109,23,400,1,2,0
6,-3,5,15,4,0,0,15,1,1,1.6912,30,618,15,13,1
6,-3,6,20,5,0,0,20,1,1,0.1809,19,399,0,1,0
6,-3,7,23,5,0,0,23,1,1,0.4209,23,668,1,2,0
6,-2,-3,19,6,0,0,19,1,1,0.5310,32,2403,0,3,0
6,-2,-2,20,7,0,0,20,1,1,1.2309,29,1424,3,6,1
6,-2,-1,20,5,0,0,20,1,1,0.3209,21,1042,2,2,0
6,-2,0,23,5,0,0,23,1,1,0.2109,22,653,0,1,0
6,-2,1,35,4,0,0,35,1,1,1.3910,40,982,5,4,1
6,-2,2,24,4,0,0,24,1,1,0.6709,27,527,4,3,0
6,-2,3,20,7,0,0,20,1,1,0.1809,19,343,0,1,0
6,-2,4,24,5,0,0,24,1,1,2.2609,35,626,9,8,2
6,-2,5,17,5,0,0,17,1,1,0.7409,22,413,4,4,1
6,-2,6,27,5,0,0,27,1,1,1.8009,32,768,4,4,1
6,-2,7,22,5,0,0,22,1,1,1.3209,26,822,4,4,1
6,-1,-4,17,5,0,0,17,1,1,0.7812,38,3124,2,4,0
6,-1,-3,21,7,0,0,21,1,1,2.1909,40,2912,6,4,1
6,-1,-2,24,7,0,0,24,1,1,1.5909,49,2877,9,6,1
6,-1,-1,14,4,0,0,14,1,1,0.2209,14,606,1,2,0
6,-1,0,23,7,0,0,22,0,1,-1.0000,161,9099,139,137,0
6,-1,1,22,8,0,0,22,1,1,0.2009,21,479,0,1,0
6,-1,2,17,10,0,0,17,1,1,0.1509,16,327,0,1,0
6,-1,3,25,4,0,0,25,1,1,0.4309,26,530,2,2,0
6,-1,4,20,7,0,0,20,1,1,0.1809,19,365,0,1,0
6,-1,5,22,10,0,0,22,1,1,0.8309,24,489,3,3,0
6,-1,6,21,5,0,0,21,1,1,0.9609,25,743,4,4,1
6,0,-4,22,4,0,0,22,1,1,0.8330,53,4560,2,4,0
6,0,-3,18,4,0,0,18,1,1,0.5010,33,2412,0,3,0
6,0,-2,16,4,0,0,16,1,1,0.7709,30,1692,6,4,1
6,0,-1,21,5,0,0,21,1,1,0.3209,23,1203,0,2,0
6,0,0,27,5,0,0,27,1,1,0.6409,30,1244,4,3,0
6,0,1,13,3,0,0,13,1,1,0.3409,14,571,2,3,0
6,0,2,21,5,0,0,21,1,1,0.3809,21,569,1,2,0
6,0,3,22,4,0,0,22,1,1,1.0409,29,679,5,4,1
6,0,4,25,7,0,0,25,1,1,0.2309,24,745,0,1,0
6,0,5,17,7,0,0,17,1,1,0.4709,18,518,2,3,0
6,0,6,24,3,0,0,24,1,1,0.4109,24,1441,1,2,0
6,1,-5,13,4,1,1,13,1,1,0.9509,38,3548,6,6,0
6,1,-4,27,5,0,0,27,1,1,1.8109,66,5806,5,5,0
6,1,-3,22,5,0,0,22,1,1,0.8309,41,3237,2,4,0
6,1,-2,24,5,0,0,24,1,1,1.8309,57,3958,10,6,1
6,1,-1,20,5,0,0,20,1,1,0.7509,27,1721,2,3,0
6,1,0,18,4,0,0,18,1,1,1.0909,25,1366,6,6,0
6,1,1,21,4,0,0,21,1,1,0.3509,21,1114,1,2,0
6,1,2,27,5,0,0,27,1,1,0.5126,28,1443,2,2,0
6,1,3,17,6,0,0,17,1,1,0.2909,18,794,2,2,0
6,1,4,18,7,0,0,18,1,1,0.8409,23,1115,5,4,1
6,1,5,19,5,0,0,19,1,1,0.4510,23,1187,2,3,0
6,2,-5,18,7,3,3,18,1,1,2.1621,48,4357,6,8,0
6,2,-4,23,4,0,0,23,1,1,1.9216,73,6998,7,9,2
6,2,-3,15,4,0,0,15,1,1,0.8009,36,2913,2,3,0
6,2,-2,21,3,0,0,21,1,1,1.2712,39,3155,3,6,0
6,2,-1,31,5,0,0,31,1,1,0.6809,54,4328,1,3,0
6,2,0,32,4,0,0,32,1,1,0.9209,48,2957,2,3,0
6,2,1,19,5,0,0,19,1,1,0.3509,25,1452,0,2,0
6,2,2,17,3,0,0,17,1,1,1.0509,24,1174,3,4,1
6,2,3,23,5,0,0,23,1,1,0.6009,31,1637,2,3,0
6,2,4,18,5,0,0,18,1,1,0.3309,24,1489,0,2,0
6,2,5,22,6,0,0,22,1,1,0.4109,32,2035,0,2,0
6,3,-6,25,4,51,51,25,1,1,1.6635,64,5604,3,5,0
6,3,-5,19,5,6,6,19,1,1,2.4130,66,6244,11,7,1
6,3,-4,27,7,0,0,27,1,1,1.5418,69,6339,1,4,0
6,3,-3,25,6,0,0,25,1,1,2.8316,73,6729,9,12,2
6,3,-2,22,7,0,0,22,1,1,1.0409,55,4674,6,5,0
6,3,-1,16,5,0,0,16,1,1,1.1809,34,2767,4,7,0
6,3,0,20,7,0,0,20,1,1,0.7509,38,2961,2,4,0
6,3,1,22,3,0,0,22,1,1,1.8509,47,3843,7,7,0
6,4,-3,24,6,0,0,24,1,1,2.5026,69,6610,7,7,1
7,-7,6,23,4,0,0,23,1,1,1.5309,30,1695,4,4,1
7,-7,7,19,10,0,0,19,1,1,0.3509,19,962,0,2,0
7,-7,8,15,5,0,0,15,1,1,0.4109,21,1233,1,2,0
7,-6,2,23,7,0,0,23,1,1,0.4309,24,1079,2,2,0
7,-6,3,23,5,0,0,23,1,1,0.6309,25,897,3,3,0
7,-6,4,24,3,0,0,24,1,1,0.3018,24,812,1,2,0
7,-6,5,15,5,0,0,15,1,1,0.1322,14,455,0,1,0
7,-6,6,18,7,0,0,18,1,1,3.6609,41,1086,20,18,1
7,-6,7,20,4,0,0,20,1,1,1.3222,25,1086,5,4,1
7,-6,8,21,5,0,0,21,1,1,0.5909,26,1610,1,3,0
7,-5,-2,25,5,0,0,25,1,1,0.7911,44,3409,2,3,0
7,-5,-1,36,3,0,0,36,1,1,1.3913,60,4258,4,4,0
7,-5,0,29,3,0,0,29,1,1,0.2714,28,1580,0,1,0
7,-5,1,21,7,0,0,21,1,1,0.3609,21,751,1,2,0
7,-5,2,19,7,0,0,19,1,1,0.8909,23,557,4,4,1
7,-5,3,24,7,0,0,24,1,1,0.2209,23,509,0,1,0
7,-5,4,24,8,0,0,24,1,1,0.4509,24,553,1,2,0
7,-5,5,21,7,0,0,21,1,1,0.1909,20,472,0,1,0
7,-5,6,22,5,0,0,22,1,1,0.6209,24,692,3,3,0
7,-5,7,28,7,0,0,28,1,1,0.5109,30,1026,3,2,0
7,-5,8,18,4,0,0,18,1,1,0.1723,18,933,1,2,0
7,-5,9,16,5,0,0,16,1,1,0.5509,23,1333,3,4,0
7,-4,-3,25,7,0,0,25,1,1,1.1920,54,4524,4,5,0
7,-4,-2,16,5,0,0,16,1,1,1.0209,29,1925,5,4,1
7,-4,-1,26,4,0,0,26,1,1,0.5909,32,1690,3,2,0
7,-4,0,24,6,0,0,24,1,1,0.4509,25,901,2,2,0
7,-4,1,21,6,0,0,21,1,1,0.1909,20,500,0,1,0
7,-4,2,12,9,0,0,12,1,1,0.2109,12,210,1,2,0
7,-4,3,20,7,0,0,20,1,1,0.3409,20,360,1,2,0
7,-4,4,20,5,0,0,20,1,1,0.5609,21,401,2,2,0
7,-4,5,23,4,0,0,23,1,1,1.5309,26,582,3,4,1
7,-4,6,25,4,0,0,25,1,1,0.9509,29,726,5,3,0
7,-4,7,13,3,0,0,13,1,1,1.0709,31,1066,15,9,2
7,-4,8,25,7,0,0,25,1,1,0.6909,26,1128,2,3,0
7,-3,-3,13,6,0,0,13,1,1,0.4509,22,1598,1,3,0
7,-3,-2,20,7,0,0,20,1,1,0.3709,27,1546,0,2,0
7,-3,-1,13,2,0,0,13,1,1,0.8809,20,1085,7,8,0
7,-3,0,23,6,0,0,23,1,1,0.4109,23,651,1,2,0
7,-3,1,20,4,0,0,20,1,1,0.7109,24,530,3,4,1
7,-3,2,18,5,0,0,18,1,1,0.1609,17,296,0,1,0
7,-3,3,22,5,0,0,22,1,1,0.2609,22,388,1,2,0
7,-3,4,23,6,0,0,23,1,1,0.2111,22,401,0,1,0
7,-3,5,15,4,0,0,15,1,1,0.2609,15,268,1,2,0
7,-3,6,20,5,0,0,20,1,1,0.1809,19,412,0,1,0
7,-3,7,23,5,0,0,23,1,1,1.0809,30,833,5,4,1
7,-2,-3,19,6,0,0,19,1,1,0.5212,32,2403,1,3,0
7,-2,-2,20,7,0,0,20,1,1,0.5609,27,1260,3,3,0
7,-2,-1,20,5,0,0,20,1,1,0.4509,23,1113,4,2,0
7,-2,0,23,5,0,0,23,1,1,0.4309,24,738,2,2,0
7,-2,1,35,4,0,0,35,1,1,1.3910,43,1086,8,4,1
7,-2,2,24,4,0,0,24,1,1,0.6709,26,514,3,3,0
7,-2,3,20,7,0,0,20,1,1,1.8909,25,431,5,4,1
7,-2,4,24,5,0,0,24,1,1,1.1109,30,547,4,4,1
7,-2,5,17,5,0,0,17,1,1,2.0209,20,358,3,4,1
7,-2,6,27,5,0,0,27,1,1,1.4209,34,833,7,4,1
7,-2,7,22,5,0,0,22,1,1,1.4009,27,896,6,4,1
7,-1,-4,17,5,0,0,17,1,1,1.2613,48,3887,11,8,0
7,-1,-3,21,7,0,0,21,1,1,1.5909,42,2937,7,6,1
7,-1,-2,24,7,0,0,24,1,1,2.0509,39,2310,6,4,1
7,-1,-1,14,4,0,0,14,1,1,0.2209,15,767,2,2,0
7,-1,0,23,7,0,0,23,1,1,0.3809,24,708,2,2,0
7,-1,1,22,8,0,0,22,1,1,0.2009,21,468,0,1,0
7,-1,2,17,10,0,0,17,1,1,2.5509,22,452,6,4,1
7,-1,3,25,4,0,0,25,1,1,0.8709,29,599,5,3,0
7,-1,4,20,7,0,0,20,1,1,0.3109,21,397,2,2,0
7,-1,5,22,10,0,0,22,1,1,0.2009,21,439,0,1,0
7,-1,6,21,5,0,0,21,1,1,0.3609,21,614,1,2,0
7,0,-4,22,4,0,0,22,1,1,2.0930,65,5724,8,8,1
7,0,-3,18,4,0,0,18,1,1,0.6109,34,2620,2,4,0
7,0,-2,16,4,0,0,16,1,1,0.3809,24,1629,1,3,0
7,0,-1,21,5,0,0,21,1,1,0.3709,24,1225,1,2,0
7,0,0,27,5,0,0,27,1,1,2.5309,32,1313,5,4,1
7,0,1,13,3,0,0,13,1,1,0.1123,12,443,0,1,0
7,0,2,21,5,0,0,21,1,1,1.2509,27,689,3,4,1
7,0,3,22,4,0,0,22,1,1,2.0216,36,765,13,6,1
7,0,4,25,7,0,0,25,1,1,0.2309,24,733,0,1,0
7,0,5,17,7,0,0,17,1,1,0.3109,17,467,1,2,0
7,0,6,24,3,0,0,24,1,1,0.2509,24,1435,1,2,0
7,1,-5,13,4,4,4,13,1,1,1.0710,45,4228,8,7,1
7,1,-4,27,5,0,0,27,1,1,2.1114,70,6122,8,5,0
7,1,-3,22,5,0,0,22,1,1,1.0909,41,3307,3,4,0
7,1,-2,24,5,0,0,24,1,1,1.1409,47,3401,4,4,0
7,1,-1,20,5,0,0,20,1,1,1.3321,33,2369,5,7,1
7,1,0,18,4,0,0,18,1,1,0.2409,19,1001,0,2,0
7,1,1,21,4,0,0,21,1,1,0.3509,21,1050,0,2,0
7,1,2,27,5,0,0,27,1,1,0.2519,26,1304,0,1,0
7,1,3,17,6,0,0,17,1,1,0.1528,16,710,0,1,0
7,1,4,18,7,0,0,17,0,1,-1.0000,192,12524,175,176,0
7,1,5,19,5,0,0,19,1,1,0.3510,22,1007,1,2,0
7,2,-5,18,7,4,4,18,1,1,1.3529,47,4239,5,5,0
7,2,-4,23,4,0,0,23,1,1,1.3011,58,5364,1,3,0
7,2,-3,15,4,0,0,15,1,1,0.8009,38,3166,4,4,0
7,2,-2,21,3,0,0,21,1,1,1.4210,53,4066,6,7,1
7,2,-1,31,5,0,0,31,1,1,1.2809,60,4505,4,3,0
7,2,0,32,4,0,0,32,1,1,0.9209,46,2753,2,3,0
7,2,1,19,5,0,0,19,1,1,0.3509,24,1460,0,2,0
7,2,2,17,3,0,0,17,1,1,0.4713,20,1176,1,3,0
7,2,3,23,5,0,0,23,1,1,0.8709,31,1695,3,3,0
7,2,4,18,5,0,0,18,1,1,0.3309,24,1483,0,2,0
7,2,5,22,6,0,0,22,1,1,2.0209,41,2573,8,6,1
7,3,-6,25,4,35,35,25,1,1,2.1433,66,5879,5,4,0
7,3,-5,19,5,3,3,19,1,1,1.6024,52,4817,3,4,0
7,3,-4,27,7,0,0,27,1,1,1.5111,70,6416,2,4,0
7,3,-3,25,6,0,0,25,1,1,2.2617,64,6027,7,6,0
7,3,-2,22,7,0,0,22,1,1,1.6822,59,5135,5,7,1
7,3,-1,16,5,0,0,16,1,1,1.0309,32,2527,3,5,0
7,3,0,20,7,0,0,20,1,1,0.7509,37,2817,1,3,0
7,3,1,22,3,0,0,22,1,1,2.0910,63,5272,16,10,2
7,4,-3,24,6,0,0,24,1,1,3.4215,85,7833,12,11,1
8,-7,6,23,4,0,0,23,1,1,0.4309,28,1627,2,2,0
8,-7,7,19,10,0,0,19,1,1,0.3509,21,994,0,2,0
8,-7,8,15,5,0,0,15,1,1,0.9709,28,1422,7,5,1
8,-6,2,23,7,0,0,23,1,1,0.2726,23,987,1,2,0
8,-6,3,23,5,0,0,23,1,1,2.8320,31,992,8,4,1
8,-6,4,24,3,0,0,24,1,1,0.9809,30,1003,6,4,1
8,-6,5,15,5,0,0,15,1,1,0.5109,21,720,5,4,1
8,-6,6,18,7,0,0,18,1,1,0.1609,17,660,0,1,0
8,-6,7,20,4,0,0,20,1,1,0.1809,19,954,0,1,0
8,-6,8,21,5,0,0,21,1,1,0.3909,26,1682,1,2,0
8,-5,-2,25,5,0,0,25,1,1,1.0311,49,3886,6,5,1
8,-5,-1,36,3,0,0,36,1,1,1.1810,60,4088,3,4,0
8,-5,0,29,3,0,0,29,1,1,0.5517,30,1709,1,2,0
8,-5,1,21,7,0,0,21,1,1,0.1924,20,688,0,1,0
8,-5,2,19,7,0,0,19,1,1,0.1709,18,443,0,1,0
8,-5,3,24,7,0,0,24,1,1,1.8309,28,594,4,4,1
8,-5,4,24,8,0,0,24,1,1,0.2209,23,518,0,1,0
8,-5,5,21,7,0,0,21,1,1,1.5709,25,610,4,4,1
8,-5,6,22,5,0,0,22,1,1,0.4109,23,681,2,2,0
8,-5,7,28,7,0,0,28,1,1,0.7809,29,961,2,2,0
8,-5,8,18,4,0,0,18,1,1,0.7609,21,921,3,4,1
8,-5,9,16,5,0,0,16,1,1,0.2915,20,1087,0,2,0
8,-4,-3,25,7,0,0,25,1,1,1.8709,57,4729,3,5,1
8,-4,-2,16,5,0,0,16,1,1,0.5709,25,1691,2,3,0
8,-4,-1,26,4,0,0,26,1,1,0.6111,31,1729,3,3,0
8,-4,0,24,6,0,0,24,1,1,0.6009,25,890,2,2,0
8,-4,1,21,6,0,0,21,1,1,0.8109,24,591,3,4,1
8,-4,2,12,9,0,0,12,1,1,0.1009,11,186,0,1,0
8,-4,3,20,7,0,0,20,1,1,0.3409,20,387,1,2,0
8,-4,4,20,5,0,0,20,1,1,1.3209,34,630,10,5,2
8,-4,5,23,4,0,0,23,1,1,1.5309,27,597,4,4,1
8,-4,6,25,4,0,0,25,1,1,0.7109,29,759,5,3,0
8,-4,7,13,3,0,0,13,1,1,0.3509,16,544,4,3,0
8,-4,8,25,7,0,0,25,1,1,0.9309,28,1319,4,3,0
8,-3,-3,13,6,0,0,13,1,1,1.1709,33,2279,8,10,0
8,-3,-2,20,7,0,0,20,1,1,1.1309,38,2302,9,5,1
8,-3,-1,13,2,0,0,13,1,1,0.3009,14,764,2,3,0
8,-3,0,23,6,0,0,23,1,1,0.6309,27,774,5,3,0
8,-3,1,20,4,0,0,20,1,1,1.0909,29,575,8,4,1
8,-3,2,18,5,0,0,13,0,1,-1.0000,194,3138,177,177,0
8,-3,3,22,5,0,0,22,1,1,1.2509,29,502,5,4,1
8,-3,4,23,6,0,0,23,1,1,0.3609,23,406,1,2,0
8,-3,5,15,4,0,0,15,1,1,5.4409,56,884,40,39,0
8,-3,6,20,5,0,0,20,1,1,0.3709,20,444,1,2,0
8,-3,7,23,5,0,0,23,1,1,0.8609,26,806,3,4,1
8,-2,-3,19,6,0,0,19,1,1,0.5215,32,2436,0,3,0
8,-2,-2,20,7,0,0,20,1,1,0.3710,24,1278,1,2,0
8,-2,-1,20,5,0,0,20,1,1,2.3524,23,1035,3,4,1
8,-2,0,23,5,0,0,23,1,1,0.6509,27,837,5,3,0
8,-2,1,35,4,0,0,35,1,1,0.5210,35,880,1,2,0
8,-2,2,24,4,0,0,24,1,1,1.0709,27,508,3,4,1
8,-2,3,20,7,0,0,20,1,1,0.7509,22,384,3,4,0
8,-2,4,24,5,0,0,24,1,1,0.6509,25,450,2,3,0
8,-2,5,17,5,0,0,17,1,1,0.9509,27,499,9,6,2
8,-2,6,27,5,0,0,27,1,1,0.3309,27,693,1,2,0
8,-2,7,22,5,0,0,22,1,1,0.9009,31,1095,7,4,1
8,-1,-4,17,5,0,0,17,1,1,0.6211,37,3058,1,4,0
8,-1,-3,21,7,0,0,21,1,1,0.5909,34,2548,2,3,0
8,-1,-2,24,7,0,0,24,1,1,1.5909,40,2312,8,5,0
8,-1,-1,14,4,0,0,14,1,1,0.2209,14,685,1,2,0
8,-1,0,23,7,0,0,23,1,1,1.7009,26,730,4,4,1
8,-1,1,22,8,0,0,22,1,1,1.0109,25,540,4,3,0
8,-1,2,17,10,0,0,17,1,1,0.4709,19,381,3,3,0
8,-1,3,25,4,0,0,25,1,1,0.6309,26,542,2,2,0
8,-1,4,20,7,0,0,20,1,1,0.1809,19,356,0,1,0
8,-1,5,22,10,0,0,22,1,1,0.2009,21,451,0,1,0
8,-1,6,21,5,0,0,21,1,1,0.3810,22,648,2,2,0
8,0,-4,22,4,0,0,22,1,1,1.8832,69,6147,11,8,1
8,0,-3,18,4,0,0,18,1,1,0.5116,34,2630,2,4,0
8,0,-2,16,4,0,0,16,1,1,0.9809,32,2187,5,7,1
8,0,-1,21,5,0,0,21,1,1,0.3209,24,1211,1,2,0
8,0,0,27,5,0,0,27,1,1,0.2510,26,1114,0,1,0
8,0,1,13,3,0,0,13,1,1,0.1124,12,432,0,1,0
8,0,2,21,5,0,0,21,1,1,0.3809,22,609,2,2,0
8,0,3,22,4,0,0,22,1,1,1.3909,32,724,9,4,2
8,0,4,25,7,0,0,25,1,1,2.3909,33,1033,7,4,2
8,0,5,17,7,0,0,17,1,1,0.3109,18,530,2,2,0
8,0,6,24,3,0,0,24,1,1,0.6409,27,1686,4,3,0
8,1,-5,13,4,1,1,13,1,1,1.6709,49,4141,10,8,1
8,1,-4,27,5,0,0,27,1,1,2.3309,74,6596,6,8,1
8,1,-3,22,5,0,0,22,1,1,0.8309,41,3132,0,3,0
8,1,-2,24,5,0,0,16,0,1,-1.0000,172,5109,129,129,0
8,1,-1,20,5,0,0,20,1,1,1.1309,35,2056,5,4,1
8,1,0,18,4,0,0,18,1,1,0.4109,20,1114,1,3,0
8,1,1,21,4,0,0,21,1,1,0.9509,26,1354,4,4,1
8,1,2,27,5,0,0,27,1,1,0.5812,31,1640,5,3,0
8,1,3,17,6,0,0,17,1,1,0.1528,16,717,0,1,0
8,1,4,18,7,0,0,18,1,1,0.3620,20,1003,3,3,0
8,1,5,19,5,0,0,19,1,1,0.5709,26,1133,5,3,0
8,2,-5,18,7,0,0,18,1,1,1.1420,42,3736,0,3,0
8,2,-4,23,4,0,0,23,1,1,1.3013,58,5368,1,4,0
8,2,-3,15,4,0,0,15,1,1,0.6609,36,3054,2,4,0
8,2,-2,21,3,0,0,21,1,1,0.6712,36,2842,0,3,0
8,2,-1,31,5,0,0,31,1,1,0.9809,58,4462,3,4,0
8,2,0,32,4,0,0,32,1,1,1.2309,48,2895,3,4,0
8,2,1,19,5,0,0,19,1,1,0.5309,26,1555,2,3,0
8,2,2,17,3,0,0,17,1,1,0.3114,19,1105,0,2,0
8,2,3,23,5,0,0,23,1,1,1.0409,34,1806,6,3,0
8,2,4,18,5,0,0,18,1,1,0.7809,29,1806,4,4,1
8,2,5,22,6,0,0,22,1,1,0.4109,32,2027,0,2,0
8,3,-6,25,4,29,29,25,1,1,2.1433,72,6551,6,6,1
8,3,-5,19,5,9,9,19,1,1,2.0522,55,4951,5,6,0
8,3,-4,27,7,0,0,27,1,1,4.6309,88,7884,13,8,3
8,3,-3,25,6,0,0,25,1,1,3.7016,67,6156,9,5,1
8,3,-2,22,7,0,0,22,1,1,2.3009,61,5244,11,9,1
8,3,-1,16,5,0,0,16,1,1,1.6309,39,3135,5,8,1
8,3,0,20,7,0,0,20,1,1,0.7509,38,2869,2,4,0
8,3,1,22,3,0,0,22,1,1,1.4309,47,3679,7,6,0
8,4,-3,24,6,0,0,24,1,1,2.7323,68,6333,6,5,0
9,-7,6,23,4,0,0,23,1,1,0.4412,28,1577,2,3,0
9,-7,7,19,10,0,0,19,1,1,1.7909,28,1111,8,8,0
9,-7,8,15,5,0,0,15,1,1,0.8609,26,1353,5,4,1
9,-6,2,23,7,0,0,23,1,1,0.4309,25,1067,3,2,0
9,-6,3,23,5,0,0,23,1,1,1.0709,28,960,3,4,1
9,-6,4,24,3,0,0,24,1,1,0.2209,23,803,0,1,0
9,-6,5,15,5,0,0,15,1,1,0.1324,14,489,0,1,0
9,-6,6,18,7,0,0,18,1,1,0.3309,19,710,2,2,0
9,-6,7,20,4,0,0,20,1,1,0.4509,22,996,3,3,0
9,-6,8,21,5,0,0,21,1,1,0.5909,27,1697,1,3,0
9,-5,-2,25,5,0,0,25,1,1,0.7910,42,3205,1,3,0
9,-5,-1,36,3,0,0,36,1,1,1.7126,66,4599,6,5,1
9,-5,0,29,3,0,0,29,1,1,0.4809,30,1728,2,2,0
9,-5,1,21,7,0,0,21,1,1,0.9609,27,935,3,4,1
9,-5,2,19,7,0,0,19,1,1,0.3509,19,471,1,2,0
9,-5,3,24,7,0,0,24,1,1,0.6809,25,520,2,3,0
9,-5,4,24,8,0,0,24,1,1,0.2209,23,515,0,1,0
9,-5,5,21,7,0,0,21,1,1,0.9709,27,658,6,4,1
9,-5,6,22,5,0,0,22,1,1,0.5009,24,777,3,3,0
9,-5,7,28,7,0,0,28,1,1,1.0509,31,1107,4,3,0
9,-5,8,18,4,0,0,18,1,1,0.4211,19,966,2,3,0
9,-5,9,16,5,0,0,16,1,1,0.4415,21,1126,2,3,0
9,-4,-3,25,7,0,0,25,1,1,1.8709,67,5250,10,7,3
9,-4,-2,16,5,0,0,16,1,1,0.4209,24,1664,1,2,0
9,-4,-1,26,4,0,0,26,1,1,0.3612,28,1557,1,2,0
9,-4,0,24,6,0,0,24,1,1,0.6009,25,876,2,3,0
9,-4,1,21,6,0,0,21,1,1,0.5909,22,535,2,3,0
9,-4,2,12,9,0,0,12,1,1,0.1009,11,190,0,1,0
9,-4,3,20,7,0,0,20,1,1,0.3409,20,369,1,2,0
9,-4,4,20,5,0,0,20,1,1,0.3709,22,432,3,2,0
9,-4,5,23,4,0,0,23,1,1,0.9009,26,549,3,4,1
9,-4,6,25,4,0,0,25,1,1,0.4709,26,711,2,2,0
9,-4,7,13,3,0,0,13,1,1,0.3509,16,542,4,3,0
9,-4,8,25,7,0,0,25,1,1,0.2310,24,1116,0,1,0
9,-3,-3,13,6,0,0,13,1,1,0.4509,23,1713,1,4,0
9,-3,-2,20,7,0,0,20,1,1,0.3709,26,1480,0,2,0
9,-3,-1,13,2,0,0,13,1,1,0.1109,12,616,0,1,0
9,-3,0,23,6,0,0,23,1,1,0.7909,25,712,3,3,0
9,-3,1,20,4,0,0,20,1,1,1.2209,25,502,5,4,1
9,-3,2,18,5,0,0,18,1,1,0.4209,19,354,2,3,0
9,-3,3,22,5,0,0,22,1,1,1.3109,26,452,5,4,1
9,-3,4,23,6,0,0,23,1,1,3.1709,29,507,5,4,1
9,-3,5,15,4,0,0,15,1,1,0.2609,15,270,1,2,0
9,-3,6,20,5,0,0,20,1,1,0.1809,19,437,0,1,0
9,-3,7,23,5,0,0,23,1,1,1.5209,27,732,4,4,1
9,-2,-3,19,6,0,0,19,1,1,0.5209,32,2439,0,3,0
9,-2,-2,20,7,0,0,20,1,1,0.3709,25,1280,1,2,0
9,-2,-1,20,5,0,0,20,1,1,0.3209,22,1091,3,2,0
9,-2,0,23,5,0,0,23,1,1,1.0909,27,805,3,4,1
9,-2,1,35,4,0,0,35,1,1,0.3310,34,848,0,1,0
9,-2,2,24,4,0,0,24,1,1,0.3809,24,468,1,2,0
9,-2,3,20,7,0,0,20,1,1,0.3709,20,354,1,2,0
9,-2,4,24,5,0,0,24,1,1,0.4209,24,443,1,2,0
9,-2,5,17,5,0,0,17,1,1,0.1509,16,301,0,1,0
9,-2,6,27,5,0,0,27,1,1,0.2513,26,673,0,1,0
9,-2,7,22,5,0,0,22,1,1,0.4009,23,745,2,2,0
9,-1,-4,17,5,0,0,17,1,1,0.6212,35,2912,0,3,0
9,-1,-3,21,7,0,0,21,1,1,0.9909,37,2660,4,4,0
9,-1,-2,24,7,0,0,24,1,1,3.6609,38,2103,5,4,1
9,-1,-1,14,4,0,0,14,1,1,0.3509,15,645,2,3,0
9,-1,0,23,7,0,0,23,1,1,0.2114,22,624,0,1,0
9,-1,1,22,8,0,0,22,1,1,0.2009,21,447,0,1,0
9,-1,2,17,10,0,0,17,1,1,0.3109,19,381,3,2,0
9,-1,3,25,4,0,0,25,1,1,1.0309,32,665,5,4,1
9,-1,4,20,7,0,0,20,1,1,3.5109,26,487,6,4,1
9,-1,5,22,10,0,0,22,1,1,0.2009,21,442,0,1,0
9,-1,6,21,5,0,0,21,1,1,0.3609,21,588,1,2,0
9,0,-4,22,4,0,0,22,1,1,1.4309,60,5154,6,6,1
9,0,-3,18,4,0,0,18,1,1,0.9614,45,3417,8,6,1
9,0,-2,16,4,0,0,16,1,1,0.8411,27,1730,4,4,1
9,0,-1,21,5,0,0,21,1,1,1.9211,34,1658,8,4,2
9,0,0,27,5,0,0,27,1,1,0.4509,29,1342,3,2,0
9,0,1,13,3,0,0,13,1,1,0.3909,15,606,3,4,1
9,0,2,21,5,0,0,21,1,1,0.3809,21,600,1,2,0
9,0,3,22,4,0,0,22,1,1,0.3409,22,539,1,2,0
9,0,4,25,7,0,0,25,1,1,0.9509,27,773,3,3,0
9,0,5,17,7,0,0,17,1,1,0.9509,21,578,5,6,0
9,0,6,24,3,0,0,24,1,1,0.2209,23,1386,0,1,0
9,1,-5,13,4,4,4,13,1,1,1.6711,48,4514,8,11,2
9,1,-4,27,5,0,0,27,1,1,2.5910,69,5922,6,8,0
9,1,-3,22,5,0,0,22,1,1,8.8638,89,7296,44,43,0
9,1,-2,24,5,0,0,24,1,1,1.6009,56,4135,8,6,1
9,1,-1,20,5,0,0,20,1,1,0.7732,28,2014,3,5,0
9,1,0,18,4,0,0,18,1,1,0.4609,22,1217,2,3,0
9,1,1,21,4,0,0,21,1,1,0.1909,20,1042,0,1,0
9,1,2,27,5,0,0,27,1,1,3.3309,39,1770,10,4,2
9,1,3,17,6,0,0,17,1,1,0.1529,16,726,0,1,0
9,1,4,18,7,0,0,18,1,1,0.1609,17,780,0,1,0
9,1,5,19,5,0,0,19,1,1,0.8009,27,1260,3,4,1
9,2,-5,18,7,3,3,18,1,1,2.3321,72,6412,10,8,1
9,2,-4,23,4,0,0,23,1,1,1.5214,59,5524,2,4,0
9,2,-3,15,4,0,0,15,1,1,0.6719,39,3243,5,5,0
9,2,-2,21,3,0,0,21,1,1,1.8711,51,4079,8,8,2
9,2,-1,31,5,0,0,31,1,1,0.8909,53,4202,1,3,0
9,2,0,32,4,0,0,32,1,1,1.5409,56,3396,9,4,1
9,2,1,19,5,0,0,19,1,1,0.7109,27,1673,3,4,0
9,2,2,17,3,0,0,17,1,1,0.5709,26,1515,7,4,1
9,2,3,23,5,0,0,23,1,1,0.4309,27,1467,0,2,0
9,2,4,18,5,0,0,18,1,1,0.8409,31,1953,7,4,0
9,2,5,22,6,0,0,22,1,1,0.5509,34,2246,2,3,0
9,3,-6,25,4,23,23,25,1,1,1.6633,62,5562,2,4,0
9,3,-5,19,5,8,8,19,1,1,1.5124,51,4754,2,4,0
9,3,-4,27,7,0,0,27,1,1,3.3310,87,7671,7,10,1
9,3,-3,25,6,0,0,25,1,1,1.3016,58,5511,2,5,0
9,3,-2,22,7,0,0,22,1,1,1.4609,59,4647,4,6,1
9,3,-1,16,5,0,0,16,1,1,1.0410,39,3216,6,7,1
9,3,0,20,7,0,0,20,1,1,1.3209,41,3147,5,5,0
9,3,1,22,3,0,0,22,1,1,2.0609,55,4440,8,9,1
9,4,-3,24,6,0,0,24,1,1,3.1922,76,7367,12,9,3
10,-7,6,23,4,0,0,23,1,1,1.2009,34,1964,7,4,1
10,-7,7,19,10,0,0,19,1,1,0.3509,21,1004,0,2,0
10,-7,8,15,5,0,0,15,1,1,0.2709,20,1241,0,2,0
10,-6,2,23,7,0,0,23,1,1,1.0909,28,1158,3,4,1
10,-6,3,23,5,0,0,23,1,1,0.6309,26,910,4,2,0
10,-6,4,24,3,0,0,23,0,1,-1.0000,156,5710,133,131,0
10,-6,5,15,5,0,0,15,1,1,0.1320,14,452,0,1,0
10,-6,6,18,7,0,0,18,1,1,0.1609,17,691,0,1,0
10,-6,7,20,4,0,0,20,1,1,0.1809,19,926,0,1,0
10,-6,8,21,5,0,0,21,1,1,1.9909,32,1867,8,4,1
10,-5,-2,25,5,0,0,25,1,1,1.0312,45,3518,3,4,0
10,-5,-1,36,3,0,0,36,1,1,1.6813,63,4309,5,5,0
10,-5,0,29,3,0,0,29,1,1,0.4809,32,1707,3,2,0
10,-5,1,21,7,0,0,21,1,1,0.3609,21,761,1,2,0
10,-5,2,19,7,0,0,19,1,1,0.5309,24,648,6,3,0
10,-5,3,24,7,0,0,24,1,1,0.2209,23,507,0,1,0
10,-5,4,24,8,0,0,24,1,1,0.9409,28,635,4,4,1
10,-5,5,21,7,0,0,21,1,1,0.5709,22,554,2,3,0
10,-5,6,22,5,0,0,22,1,1,1.4609,27,729,4,4,1
10,-5,7,28,7,0,0,28,1,1,1.8609,31,981,3,4,1
10,-5,8,18,4,0,0,18,1,1,0.8109,24,1267,4,4,1
10,-5,9,16,5,0,0,16,1,1,0.4311,21,1199,2,3,0
10,-4,-3,25,7,0,0,25,1,1,1.8710,57,4839,6,5,1
10,-4,-2,16,5,0,0,16,1,1,0.9127,28,2143,5,7,1
10,-4,-1,26,4,0,0,26,1,1,0.7309,30,1738,3,2,0
10,-4,0,24,6,0,0,24,1,1,0.3709,24,851,1,2,0
10,-4,1,21,6,0,0,21,1,1,0.3909,21,539,1,2,0
10,-4,2,12,9,0,0,12,1,1,0.2109,12,204,1,2,0
10,-4,3,20,7,0,0,20,1,1,2.0509,29,517,7,4,2
10,-4,4,20,5,0,0,20,1,1,0.1809,19,355,0,1,0
10,-4,5,23,4,0,0,23,1,1,0.2614,23,524,1,2,0
10,-4,6,25,4,0,0,25,1,1,0.4709,25,637,1,2,0
10,-4,7,13,3,0,0,13,1,1,0.1709,13,391,1,2,0
10,-4,8,25,7,0,0,25,1,1,0.4509,25,1184,1,2,0
10,-3,-3,13,6,0,0,13,1,1,0.8109,26,1967,4,7,0
10,-3,-2,20,7,0,0,20,1,1,1.3209,30,1627,3,4,1
10,-3,-1,13,2,0,0,13,1,1,0.5909,17,858,3,4,1
10,-3,0,23,6,0,0,23,1,1,11.1909,85,2430,55,51,1
10,-3,1,20,4,0,0,20,1,1,0.6509,22,492,3,3,0
10,-3,2,18,5,0,0,18,1,1,0.3309,19,332,2,2,0
10,-3,3,22,5,0,0,22,1,1,0.2009,21,373,0,1,0
10,-3,4,23,6,0,0,23,1,1,0.3809,23,415,1,2,0
10,-3,5,15,4,0,0,15,1,1,0.2609,17,314,3,2,0
10,-3,6,20,5,0,0,20,1,1,0.7509,23,493,4,2,0
10,-3,7,23,5,0,0,23,1,1,1.3009,28,816,5,4,1
10,-2,-3,19,6,0,0,19,1,1,0.6928,34,2593,3,4,0
10,-2,-2,20,7,0,0,20,1,1,0.5609,26,1346,2,3,0
10,-2,-1,20,5,0,0,20,1,1,0.3330,21,1099,2,2,0
10,-2,0,23,5,0,0,23,1,1,0.4309,23,705,1,2,0
10,-2,1,35,4,0,0,35,1,1,1.6310,45,1100,8,4,1
10,-2,2,24,4,0,0,24,1,1,1.5309,29,534,5,4,1
10,-2,3,20,7,0,0,20,1,1,0.1809,19,325,0,1,0
10,-2,4,24,5,0,0,24,1,1,0.4209,26,468,3,2,0
10,-2,5,17,5,0,0,17,1,1,0.3109,17,344,1,2,0
10,-2,6,27,5,0,0,27,1,1,1.2809,41,1013,10,5,1
10,-2,7,22,5,0,0,22,1,1,0.2020,21,678,0,1,0
10,-1,-4,17,5,0,0,17,1,1,1.1213,43,3462,7,8,0
10,-1,-3,21,7,0,0,21,1,1,0.5909,36,2696,4,3,0
10,-1,-2,24,7,0,0,24,1,1,0.6709,33,1902,1,2,0
10,-1,-1,14,4,0,0,14,1,1,0.1210,13,617,0,1,0
10,-1,0,23,7,0,0,23,1,1,1.0409,30,877,6,4,1
10,-1,1,22,8,0,0,22,1,1,0.2009,21,475,0,1,0
10,-1,2,17,10,0,0,17,1,1,1.1109,20,390,3,4,1
10,-1,3,25,4,0,0,25,1,1,0.2309,24,509,0,1,0
10,-1,4,20,7,0,0,20,1,1,0.2809,20,368,1,2,0
10,-1,5,22,10,0,0,22,1,1,0.4109,22,459,1,2,0
10,-1,6,21,5,0,0,21,1,1,0.5609,23,656,3,2,0
10,0,-4,22,4,0,0,22,1,1,1.4618,61,5293,4,7,1
10,0,-3,18,4,0,0,18,1,1,0.6110,35,2611,2,4,0
10,0,-2,16,4,0,0,16,1,1,0.5309,25,1686,3,3,0
10,0,-1,21,5,0,0,21,1,1,0.9709,31,1749,6,4,1
10,0,0,27,5,0,0,27,1,1,0.3809,27,1159,1,2,0
10,0,1,13,3,0,0,13,1,1,0.6309,19,620,4,5,1
10,0,2,21,5,0,0,21,1,1,0.1915,20,548,0,1,0
10,0,3,22,4,0,0,22,1,1,0.2009,21,507,0,1,0
10,0,4,25,7,0,0,25,1,1,0.4709,25,784,1,2,0
10,0,5,17,7,0,0,17,1,1,1.2709,23,640,5,4,1
10,0,6,24,3,0,0,24,1,1,0.4109,24,1462,1,2,0
10,1,-5,13,4,3,3,13,1,1,1.5510,47,4211,11,11,1
10,1,-4,27,5,0,0,27,1,1,2.0709,65,5833,4,7,0
10,1,-3,22,5,0,0,21,0,1,-1.0000,194,19050,147,143,1
10,1,-2,24,5,0,0,24,1,1,0.9109,45,3091,1,3,0
10,1,-1,20,5,0,0,20,1,1,1.1409,32,1914,5,4,1
10,1,0,18,4,0,0,18,1,1,0.2909,20,1087,1,2,0
10,1,1,21,4,0,0,21,1,1,0.3909,21,1083,1,2,0
10,1,2,27,5,0,0,27,1,1,0.5811,29,1577,3,3,0
10,1,3,17,6,0,0,17,1,1,0.2909,17,731,1,2,0
10,1,4,18,7,0,0,18,1,1,0.2026,18,881,1,2,0
10,1,5,19,5,0,0,19,1,1,0.3510,21,999,1,2,0
10,2,-5,18,7,1,1,18,1,1,2.5416,63,5838,12,11,2
10,2,-4,23,4,0,0,23,1,1,2.3009,70,6100,8,6,2
10,2,-3,15,4,0,0,15,1,1,0.5209,34,2920,0,3,0
10,2,-2,21,3,0,0,21,1,1,1.4211,46,3354,7,4,2
10,2,-1,31,5,0,0,31,1,1,1.5809,62,4747,8,6,0
10,2,0,32,4,0,0,32,1,1,3.0909,58,3356,7,5,2
10,2,1,19,5,0,0,19,1,1,0.5309,28,1686,3,3,0
10,2,2,17,3,0,0,17,1,1,0.4714,20,1216,1,3,0
10,2,3,23,5,0,0,23,1,1,0.4310,28,1589,1,2,0
10,2,4,18,5,0,0,18,1,1,0.3309,26,1621,1,2,0
10,2,5,22,6,0,0,22,1,1,1.1809,37,2483,5,5,0
10,3,-6,25,4,31,31,25,1,1,1.6633,62,5644,2,3,0
10,3,-5,19,5,6,6,19,1,1,1.6931,64,5957,7,9,1
10,3,-4,27,7,0,0,27,1,1,1.7710,73,6769,5,5,0
10,3,-3,25,6,0,0,25,1,1,2.2628,81,7726,12,8,2
10,3,-2,22,7,0,0,22,1,1,0.8309,50,4202,1,4,0
10,3,-1,16,5,0,0,16,1,1,0.7309,34,2593,4,5,0
10,3,0,20,7,0,0,20,1,1,1.3209,42,3355,6,5,1
10,3,1,22,3,0,0,22,1,1,1.0109,42,3375,2,4,0
10,4,-3,24,6,0,0,24,1,1,2.5013,76,7136,6,8,1
11,-7,6,23,4,0,0,23,1,1,0.5010,26,1715,2,3,0
11,-7,7,19,10,0,0,19,1,1,0.3509,19,998,0,2,0
11,-7,8,15,5,0,0,15,1,1,0.4109,22,1452,2,3,0
11,-6,2,23,7,0,0,23,1,1,0.2109,22,920,0,1,0
11,-6,3,23,5,0,0,23,1,1,1.0709,28,993,3,4,1
11,-6,4,24,3,0,0,24,1,1,0.2209,23,782,0,1,0
11,-6,5,15,5,0,0,15,1,1,0.1320,14,449,0,1,0
11,-6,6,18,7,0,0,18,1,1,0.2609,18,720,1,2,0
11,-6,7,20,4,0,0,20,1,1,0.2609,20,1004,1,2,0
11,-6,8,21,5,0,0,21,1,1,0.9909,37,2187,5,5,1
11,-5,-2,25,5,0,0,25,1,1,1.1112,56,4447,7,5,2
11,-5,-1,36,3,0,0,36,1,1,1.1810,58,3918,3,3,0
11,-5,0,29,3,0,0,29,1,1,1.4210,33,1665,5,6,0
11,-5,1,21,7,0,0,21,1,1,0.3609,21,740,1,2,0
11,-5,2,19,7,0,0,19,1,1,0.1709,18,453,0,1,0
11,-5,3,24,7,0,0,24,1,1,0.4509,24,543,1,2,0
11,-5,4,24,8,0,0,24,1,1,0.2209,23,537,0,1,0
11,-5,5,21,7,0,0,21,1,1,0.1909,20,485,0,1,0
11,-5,6,22,5,0,0,22,1,1,1.4609,29,789,6,4,1
11,-5,7,28,7,0,0,28,1,1,0.5109,29,963,2,2,0
11,-5,8,18,4,0,0,18,1,1,0.3009,19,923,2,2,0
11,-5,9,16,5,0,0,16,1,1,0.7009,26,1479,4,5,0
11,-4,-3,25,7,0,0,25,1,1,1.1922,56,4526,5,4,0
11,-4,-2,16,5,0,0,16,1,1,0.8709,29,1990,5,4,1
11,-4,-1,26,4,0,0,26,1,1,0.7309,29,1633,2,3,0
11,-4,0,24,6,0,0,24,1,1,0.2209,23,860,0,1,0
11,-4,1,21,6,0,0,21,1,1,0.4110,23,555,3,3,0
11,-4,2,12,9,0,0,12,1,1,2.7409,18,295,7,5,1
11,-4,3,20,7,0,0,20,1,1,0.1813,19,362,0,1,0
11,-4,4,20,5,0,0,20,1,1,0.5609,22,422,3,3,0
11,-4,5,23,4,0,0,23,1,1,0.2109,22,507,0,1,0
11,-4,6,25,4,0,0,25,1,1,0.2309,24,608,0,1,0
11,-4,7,13,3,0,0,13,1,1,0.2309,13,410,1,2,0
11,-4,8,25,7,0,0,25,1,1,0.2310,24,1150,0,1,0
11,-3,-3,13,6,0,0,13,1,1,0.8109,26,1681,4,4,0
11,-3,-2,20,7,0,0,20,1,1,1.3209,35,2230,7,4,1
11,-3,-1,13,2,0,0,13,1,1,0.1109,12,641,0,1,0
11,-3,0,23,6,0,0,23,1,1,0.4109,24,711,2,2,0
11,-3,1,20,4,0,0,20,1,1,0.4609,21,433,2,3,0
11,-3,2,18,5,0,0,18,1,1,0.3309,18,319,1,2,0
11,-3,3,22,5,0,0,22,1,1,0.2009,21,372,0,1,0
11,-3,4,23,6,0,0,23,1,1,0.3309,23,410,1,2,0
11,-3,5,15,4,0,0,15,1,1,0.5409,19,349,5,4,0
11,-3,6,20,5,0,0,20,1,1,0.1809,19,406,0,1,0
11,-3,7,23,5,0,0,23,1,1,0.4209,25,745,3,2,0
11,-2,-3,19,6,0,0,19,1,1,0.5212,33,2526,1,3,0
11,-2,-2,20,7,0,0,20,1,1,0.5609,26,1423,2,3,0
11,-2,-1,20,5,0,0,20,1,1,0.8309,28,1275,5,4,1
11,-2,0,23,5,0,0,23,1,1,0.4309,24,698,2,2,0
11,-2,1,35,4,0,0,35,1,1,1.9710,41,1025,5,5,1
11,-2,2,24,4,0,0,24,1,1,1.5309,29,548,5,4,1
11,-2,3,20,7,0,0,20,1,1,0.3709,20,353,1,2,0
11,-2,4,24,5,0,0,24,1,1,1.1309,35,671,10,4,2
11,-2,5,17,5,0,0,17,1,1,0.7409,21,419,3,4,1
11,-2,6,27,5,0,0,27,1,1,0.5009,29,760,3,2,0
11,-2,7,22,5,0,0,22,1,1,0.4009,23,785,2,2,0
11,-1,-4,17,5,0,0,17,1,1,0.6214,36,2992,1,4,0
11,-1,-3,21,7,0,0,21,1,1,1.1909,43,3063,8,5,1
11,-1,-2,24,7,0,0,24,1,1,0.9009,35,2117,3,3,0
11,-1,-1,14,4,0,0,14,1,1,0.6109,19,873,5,4,1
11,-1,0,23,7,0,0,23,1,1,0.2112,22,610,0,1,0
11,-1,1,22,8,0,0,22,1,1,0.3809,22,495,1,2,0
11,-1,2,17,10,0,0,17,1,1,0.6309,19,383,3,2,0
11,-1,3,25,4,0,0,25,1,1,0.3909,26,551,2,2,0
11,-1,4,20,7,0,0,20,1,1,0.1809,19,360,0,1,0
11,-1,5,22,10,0,0,22,1,1,1.0409,28,594,5,5,1
11,-1,6,21,5,0,0,21,1,1,1.5609,25,669,5,4,1
11,0,-4,22,4,0,0,22,1,1,0.8723,52,4537,3,4,0
11,0,-3,18,4,0,0,18,1,1,1.7311,49,3645,7,10,1
11,0,-2,16,4,0,0,16,1,1,0.3210,24,1563,1,3,0
11,0,-1,21,5,0,0,21,1,1,1.1709,29,1537,4,4,1
11,0,0,27,5,0,0,27,1,1,0.9009,31,1302,5,3,0
11,0,1,13,3,0,0,13,1,1,0.2209,13,444,1,2,0
11,0,2,21,5,0,0,21,1,1,0.1915,20,567,0,1,0
11,0,3,22,4,0,0,22,1,1,0.2609,22,519,1,2,0
11,0,4,25,7,0,0,25,1,1,1.2009,30,835,5,4,1
11,0,5,17,7,0,0,17,1,1,0.4709,19,578,3,2,0
11,0,6,24,3,0,0,24,1,1,1.1709,29,1761,5,5,1
11,1,-5,13,4,3,3,13,1,1,0.9511,36,3190,4,5,0
11,1,-4,27,5,0,0,27,1,1,2.5909,81,7176,6,8,1
11,1,-3,22,5,0,0,22,1,1,1.6709,57,4347,13,7,1
11,1,-2,24,5,0,0,24,1,1,0.9109,45,3189,2,4,0
11,1,-1,20,5,0,0,20,1,1,1.3309,36,2146,6,4,2
11,1,0,18,4,0,0,18,1,1,4.5409,51,3406,29,24,0
11,1,1,21,4,0,0,21,1,1,0.1909,20,1057,0,1,0
11,1,2,27,5,0,0,27,1,1,0.4709,28,1343,2,2,0
11,1,3,17,6,0,0,17,1,1,0.1530,16,702,0,1,0
11,1,4,18,7,0,0,18,1,1,0.1609,17,804,0,1,0
11,1,5,19,5,0,0,19,1,1,0.3511,21,987,1,2,0
11,2,-5,18,7,0,3,11,0,0,-1.0000,225,13057,174,172,0
11,2,-4,23,4,0,0,23,1,1,1.7424,63,5932,5,6,1
11,2,-3,15,4,0,0,15,1,1,1.0809,46,4100,9,8,1
11,2,-2,21,3,0,0,21,1,1,2.0212,52,3962,7,10,1
11,2,-1,31,5,0,0,31,1,1,1.5809,58,4749,4,6,0
11,2,0,32,4,0,0,32,1,1,2.1609,52,2861,5,4,1
11,2,1,19,5,0,0,19,1,1,1.4309,30,1658,6,4,1
11,2,2,17,3,0,0,17,1,1,0.4509,20,1084,1,2,0
11,2,3,23,5,0,0,23,1,1,0.4309,27,1470,0,2,0
11,2,4,18,5,0,0,18,1,1,1.1809,34,2352,7,7,1
11,2,5,22,6,0,0,22,1,1,0.9709,36,2290,4,4,0
11,3,-6,25,4,33,33,25,1,1,1.6631,66,6057,6,5,0
11,3,-5,19,5,6,6,19,1,1,1.5121,50,4578,0,3,0
11,3,-4,27,7,0,0,27,1,1,3.5909,92,8087,10,9,1
11,3,-3,25,6,0,0,25,1,1,1.6621,66,6167,6,6,1
11,3,-2,22,7,0,0,22,1,1,2.9309,59,4877,8,6,1
11,3,-1,16,5,0,0,16,1,1,0.8809,32,2452,2,4,0
11,3,0,20,7,0,0,20,1,1,0.9409,37,2738,1,3,0
11,3,1,22,3,0,0,22,1,1,2.9009,53,4269,12,12,0
11,4,-3,24,6,0,0,24,1,1,3.6525,69,6511,4,5,1
12,-7,6,23,4,0,0,23,1,1,0.9809,31,1981,5,4,1
12,-7,7,19,10,0,0,19,1,1,5.0309,23,1022,3,4,1
12,-7,8,15,5,0,0,15,1,1,0.6909,24,1423,4,3,0
12,-6,2,23,7,0,0,23,1,1,0.4309,23,997,1,2,0
12,-6,3,23,5,0,0,23,1,1,0.4322,25,937,3,2,0
12,-6,4,24,3,0,0,24,1,1,1.3209,29,880,5,4,1
12,-6,5,15,5,0,0,15,1,1,0.2309,16,528,2,2,0
12,-6,6,18,7,0,0,18,1,1,0.1609,17,668,0,1,0
12,-6,7,20,4,0,0,20,1,1,0.4727,22,1178,3,3,0
12,-6,8,21,5,0,0,21,1,1,0.7909,30,1830,5,4,0
12,-5,-2,25,5,0,0,25,1,1,1.9109,52,3949,5,7,1
12,-5,-1,36,3,0,0,36,1,1,1.9111,66,4503,7,5,1
12,-5,0,29,3,0,0,29,1,1,0.3510,29,1642,0,2,0
12,-5,1,21,7,0,0,21,1,1,2.0009,28,845,6,4,2
12,-5,2,19,7,0,0,19,1,1,0.7709,29,736,8,5,2
12,-5,3,24,7,0,0,24,1,1,0.2209,23,523,0,1,0
12,-5,4,24,8,0,0,24,1,1,0.2209,23,515,0,1,0
12,-5,5,21,7,0,0,21,1,1,0.3709,22,522,2,2,0
12,-5,6,22,5,0,0,22,1,1,0.2009,21,657,0,1,0
12,-5,7,28,7,0,0,28,1,1,1.5909,37,1281,4,4,1
12,-5,8,18,4,0,0,18,1,1,0.1610,17,879,0,1,0
12,-5,9,16,5,0,0,16,1,1,0.2914,18,1036,0,2,0
12,-4,-3,25,7,0,0,25,1,1,1.8709,58,4560,5,5,1
12,-4,-2,16,5,0,0,16,1,1,0.6126,27,2002,4,5,1
12,-4,-1,26,4,0,0,26,1,1,1.4809,41,2389,12,5,1
12,-4,0,24,6,0,0,24,1,1,0.2209,23,860,0,1,0
12,-4,1,21,6,0,0,21,1,1,0.1909,20,513,0,1,0
12,-4,2,12,9,0,0,12,1,1,0.1009,11,179,0,1,0
12,-4,3,20,7,0,0,20,1,1,0.1812,19,361,0,1,0
12,-4,4,20,5,0,0,20,1,1,0.3709,21,406,2,2,0
12,-4,5,23,4,0,0,23,1,1,0.2109,22,488,0,1,0
12,-4,6,25,4,0,0,25,1,1,0.9509,32,820,6,4,1
12,-4,7,13,3,0,0,13,1,1,0.1816,13,422,1,2,0
12,-4,8,25,7,0,0,25,1,1,0.6909,29,1341,5,3,0
12,-3,-3,13,6,0,0,13,1,1,0.3309,21,1554,0,3,0
12,-3,-2,20,7,0,0,20,1,1,0.3709,28,1564,0,2,0
12,-3,-1,13,2,0,0,13,1,1,0.5209,17,911,4,5,0
12,-3,0,23,6,0,0,23,1,1,0.2120,22,659,0,1,0
12,-3,1,20,4,0,0,20,1,1,0.5209,24,505,5,3,0
12,-3,2,18,5,0,0,18,1,1,0.2509,18,318,1,2,0
12,-3,3,22,5,0,0,22,1,1,0.6209,23,405,2,2,0
12,-3,4,23,6,0,0,23,1,1,0.5809,26,483,4,3,0
12,-3,5,15,4,0,0,15,1,1,0.2609,15,275,1,2,0
12,-3,6,20,5,0,0,20,1,1,8.7409,63,1126,42,37,2
12,-3,7,23,5,0,0,23,1,1,2.1809,26,697,3,4,1
12,-2,-3,19,6,0,0,19,1,1,0.6709,34,2493,2,3,0
12,-2,-2,20,7,0,0,20,1,1,0.3710,25,1261,1,2,0
12,-2,-1,20,5,0,0,20,1,1,1.7812,23,1104,3,4,1
12,-2,0,23,5,0,0,23,1,1,0.4309,24,725,2,2,0
12,-2,1,35,4,0,0,35,1,1,0.3610,35,868,1,2,0
12,-2,2,24,4,0,0,24,1,1,0.2210,23,441,0,1,0
12,-2,3,20,7,0,0,20,1,1,0.3709,20,356,1,2,0
12,-2,4,24,5,0,0,24,1,1,0.4209,24,440,1,2,0
12,-2,5,17,5,0,0,17,1,1,0.4209,19,357,3,2,0
12,-2,6,27,5,0,0,27,1,1,0.8509,30,742,4,4,0
12,-2,7,22,5,0,0,22,1,1,1.3426,28,1194,7,7,2
12,-1,-4,17,5,0,0,17,1,1,1.1213,42,3522,6,8,0
12,-1,-3,21,7,0,0,21,1,1,1.3909,45,3222,10,6,2
12,-1,-2,24,7,0,0,24,1,1,0.9009,35,1965,3,4,0
12,-1,-1,14,4,0,0,14,1,1,0.1209,13,623,0,1,0
12,-1,0,23,7,0,0,23,1,1,0.2114,22,633,0,1,0
12,-1,1,22,8,0,0,22,1,1,2.6909,25,556,3,4,1
12,-1,2,17,10,0,0,17,1,1,0.3109,17,343,1,2,0
12,-1,3,25,4,0,0,25,1,1,0.3909,25,505,1,2,0
12,-1,4,20,7,0,0,20,1,1,0.8509,26,485,4,4,1
12,-1,5,22,10,0,0,22,1,1,1.2509,26,527,5,3,0
12,-1,6,21,5,0,0,21,1,1,0.7609,23,681,3,4,1
12,0,-4,22,4,0,0,22,1,1,1.0109,53,4747,4,5,0
12,0,-3,18,4,0,0,18,1,1,0.5415,33,2525,1,4,0
12,0,-2,16,4,0,0,16,1,1,0.7709,30,2024,3,5,1
12,0,-1,21,5,0,0,21,1,1,0.5209,25,1295,2,3,0
12,0,0,27,5,0,0,27,1,1,0.2509,26,1148,0,1,0
12,0,1,13,3,0,0,13,1,1,0.2209,13,437,1,2,0
12,0,2,21,5,0,0,21,1,1,1.3809,25,660,5,4,1
12,0,3,22,4,0,0,22,1,1,0.3409,22,546,1,2,0
12,0,4,25,7,0,0,25,1,1,0.4709,29,922,5,2,0
12,0,5,17,7,0,0,17,1,1,0.3109,17,505,1,2,0
12,0,6,24,3,0,0,24,1,1,0.4510,24,1383,1,2,0
12,1,-5,13,4,3,3,13,1,1,0.8311,35,3151,3,4,0
12,1,-4,27,5,0,0,27,1,1,2.5909,81,7217,6,8,1
12,1,-3,22,5,0,0,22,1,1,0.8309,41,3376,3,4,0
12,1,-2,24,5,0,0,24,1,1,1.6009,57,4184,10,6,1
12,1,-1,20,5,0,0,20,1,1,1.3209,30,1760,3,4,1
12,1,0,18,4,0,0,18,1,1,0.5809,21,1064,2,4,0
12,1,1,21,4,0,0,21,1,1,1.3911,24,1148,4,4,1
12,1,2,27,5,0,0,27,1,1,1.8911,33,1644,6,7,2
12,1,3,17,6,0,0,17,1,1,0.9609,22,809,5,4,1
12,1,4,18,7,0,0,18,1,1,0.1609,17,793,0,1,0
12,1,5,19,5,0,0,19,1,1,0.5709,25,1062,5,4,0
12,2,-5,18,7,1,1,18,1,1,2.1619,49,4419,8,7,0
12,2,-4,23,4,0,0,23,1,1,1.5215,64,5945,7,6,0
12,2,-3,15,4,0,0,15,1,1,0.9409,40,3318,6,6,0
12,2,-2,21,3,0,0,21,1,1,0.6711,37,2882,0,3,0
12,2,-1,31,5,0,0,31,1,1,1.1909,57,4554,3,4,0
12,2,0,32,4,0,0,32,1,1,0.9209,46,2836,1,3,0
12,2,1,19,5,0,0,19,1,1,0.5309,28,1714,3,3,0
12,2,2,17,3,0,0,17,1,1,1.2512,25,1468,5,4,1
12,2,3,23,5,0,0,23,1,1,0.6009,29,1597,1,3,0
12,2,4,18,5,0,0,18,1,1,1.0211,35,1896,10,5,1
12,2,5,22,6,0,0,22,1,1,1.1809,39,2537,3,5,1
12,3,-6,25,4,42,42,25,1,1,4.0635,75,6925,9,9,1
12,3,-5,19,5,10,10,19,1,1,1.5119,56,5133,6,8,0
12,3,-4,27,7,0,0,27,1,1,2.5510,79,7448,7,7,1
12,3,-3,25,6,0,0,25,1,1,2.0222,75,6929,12,7,2
12,3,-2,22,7,0,0,22,1,1,1.2509,56,4775,7,6,0
12,3,-1,16,5,0,0,16,1,1,0.8809,34,2638,4,4,0
12,3,0,20,7,0,0,20,1,1,0.7509,37,2830,1,3,0
12,3,1,22,3,0,0,22,1,1,0.6521,41,3327,2,3,0
12,4,-3,24,6,0,0,24,1,1,2.0424,62,5869,0,3,0
13,-7,6,23,4,0,0,23,1,1,0.3311,27,1544,1,2,0
13,-7,7,19,10,0,0,19,1,1,0.5309,22,1016,2,2,0
13,-7,8,15,5,0,0,15,1,1,0.2709,20,1261,0,2,0
13,-6,2,23,7,0,0,23,1,1,0.4309,24,952,2,2,0
13,-6,3,23,5,0,0,23,1,1,0.4109,24,852,2,2,0
13,-6,4,24,3,0,0,24,1,1,0.2209,23,759,0,1,0
13,-6,5,15,5,0,0,15,1,1,0.1324,14,487,0,1,0
13,-6,6,18,7,0,0,18,1,1,1.1822,21,782,4,4,1
13,-6,7,20,4,0,0,20,1,1,0.1809,19,960,0,1,0
13,-6,8,21,5,0,0,21,1,1,0.5909,30,1900,4,3,0
13,-5,-2,25,5,0,0,25,1,1,1.9911,54,4326,8,8,2
13,-5,-1,36,3,0,0,36,1,1,1.9111,63,4238,5,5,1
13,-5,0,29,3,0,0,29,1,1,1.8809,35,1720,6,4,1
13,-5,1,21,7,0,0,21,1,1,0.3609,21,718,1,2,0
13,-5,2,19,7,0,0,19,1,1,1.2509,21,499,3,4,1
13,-5,3,24,7,0,0,24,1,1,0.2209,23,529,0,1,0
13,-5,4,24,8,0,0,24,1,1,0.5109,26,563,3,3,0
13,-5,5,21,7,0,0,21,1,1,0.9709,25,632,3,4,1
13,-5,6,22,5,0,0,22,1,1,0.4109,22,671,1,2,0
13,-5,7,28,7,0,0,28,1,1,0.5109,28,929,1,2,0
13,-5,8,18,4,0,0,18,1,1,0.2510,18,915,1,2,0
13,-5,9,16,5,0,0,16,1,1,0.2918,20,1097,0,2,0
13,-4,-3,25,7,0,0,25,1,1,1.1510,52,4187,1,3,0
13,-4,-2,16,5,0,0,16,1,1,0.7209,27,1968,4,5,0
13,-4,-1,26,4,0,0,26,1,1,0.4809,28,1596,1,2,0
13,-4,0,24,6,0,0,24,1,1,0.6809,27,1051,4,3,0
13,-4,1,21,6,0,0,21,1,1,0.1909,20,505,0,1,0
13,-4,2,12,9,0,0,12,1,1,0.1009,11,192,0,1,0
13,-4,3,20,7,0,0,20,1,1,2.4309,36,676,12,5,4
13,-4,4,20,5,0,0,20,1,1,0.5609,21,406,2,3,0
13,-4,5,23,4,0,0,23,1,1,1.5309,26,570,3,4,1
13,-4,6,25,4,0,0,25,1,1,0.2309,24,613,0,1,0
13,-4,7,13,3,0,0,13,1,1,0.2909,14,408,2,3,0
13,-4,8,25,7,0,0,25,1,1,2.1309,39,1824,10,7,2
13,-3,-3,13,6,0,0,13,1,1,0.5709,24,1830,2,5,0
13,-3,-2,20,7,0,0,20,1,1,0.3709,25,1515,0,2,0
13,-3,-1,13,2,0,0,13,1,1,0.3011,14,662,2,3,0
13,-3,0,23,6,0,0,23,1,1,1.4509,33,869,6,4,1
13,-3,1,20,4,0,0,20,1,1,0.5209,23,483,4,3,0
13,-3,2,18,5,0,0,13,0,1,-1.0000,193,3110,176,177,0
13,-3,3,22,5,0,0,22,1,1,0.4109,24,414,3,2,0
13,-3,4,23,6,0,0,23,1,1,3.3910,26,469,3,4,1
13,-3,5,15,4,0,0,15,1,1,0.8910,21,361,6,6,1
13,-3,6,20,5,0,0,20,1,1,0.5609,21,459,2,3,0
13,-3,7,23,5,0,0,23,1,1,0.6409,26,762,4,3,0
13,-2,-3,19,6,0,0,19,1,1,2.4929,48,3783,14,14,0
13,-2,-2,20,7,0,0,20,1,1,0.3709,23,1217,0,2,0
13,-2,-1,20,5,0,0,20,1,1,0.1830,19,920,0,1,0
13,-2,0,23,5,0,0,23,1,1,0.6509,24,679,2,3,0
13,-2,1,35,4,0,0,35,1,1,1.0110,38,954,4,3,0
13,-2,2,24,4,0,0,24,1,1,1.0009,28,535,4,4,1
13,-2,3,20,7,0,0,20,1,1,0.3709,20,347,1,2,0
13,-2,4,24,5,0,0,24,1,1,0.4209,24,431,1,2,0
13,-2,5,17,5,0,0,17,1,1,1.0609,25,474,7,4,2
13,-2,6,27,5,0,0,27,1,1,0.3809,28,722,2,2,0
13,-2,7,22,5,0,0,22,1,1,1.3209,32,990,9,4,2
13,-1,-4,17,5,0,0,17,1,1,0.7915,40,3159,4,5,0
13,-1,-3,21,7,0,0,21,1,1,1.1909,40,2824,4,5,1
13,-1,-2,24,7,0,0,24,1,1,0.6709,37,2125,5,3,0
13,-1,-1,14,4,0,0,14,1,1,0.1210,13,612,0,1,0
13,-1,0,23,7,0,0,23,1,1,0.3809,23,652,1,2,0
13,-1,1,22,8,0,0,22,1,1,2.0609,28,626,7,4,2
13,-1,2,17,10,0,0,17,1,1,0.1509,16,324,0,1,0
13,-1,3,25,4,0,0,25,1,1,0.4709,26,542,2,2,0
13,-1,4,20,7,0,0,20,1,1,0.1809,19,357,0,1,0
13,-1,5,22,10,0,0,22,1,1,0.6209,23,475,2,3,0
13,-1,6,21,5,0,0,21,1,1,0.5810,23,646,3,3,0
13,0,-4,22,4,0,0,22,1,1,1.4309,58,5175,8,6,1
13,0,-3,18,4,0,0,18,1,1,0.6709,33,2497,2,3,0
13,0,-2,16,4,0,0,16,1,1,0.2936,24,1678,2,2,0
13,0,-1,21,5,0,0,21,1,1,0.7209,28,1522,5,3,0
13,0,0,27,5,0,0,27,1,1,1.6809,32,1353,5,4,1
13,0,1,13,3,0,0,13,1,1,0.1125,12,455,0,1,0
13,0,2,21,5,0,0,21,1,1,0.2509,21,574,1,2,0
13,0,3,22,4,0,0,22,1,1,0.4109,23,569,2,2,0
13,0,4,25,7,0,0,25,1,1,0.7109,26,830,2,3,0
13,0,5,17,7,0,0,17,1,1,0.6309,19,523,3,3,0
13,0,6,24,3,0,0,24,1,1,1.4025,33,1770,8,4,2
13,1,-5,13,4,0,0,13,1,1,0.8309,34,3127,2,4,0
13,1,-4,27,5,0,0,27,1,1,1.5510,67,5911,4,6,1
13,1,-3,22,5,0,0,22,1,1,5.6910,82,7061,31,26,2
13,1,-2,24,5,0,0,24,1,1,1.6009,49,3440,5,6,0
13,1,-1,20,5,0,0,20,1,1,0.5609,28,1919,3,2,0
13,1,0,18,4,0,0,18,1,1,10.8309,83,2172,63,63,0
13,1,1,21,4,0,0,21,1,1,1.4909,31,1180,10,8,1
13,1,2,27,5,0,0,27,1,1,0.9909,30,1543,4,3,0
13,1,3,17,6,0,0,17,1,1,0.1527,16,684,0,1,0
13,1,4,18,7,0,0,18,1,1,0.1609,17,784,0,1,0
13,1,5,19,5,0,0,19,1,1,0.9309,27,1340,6,5,1
13,2,-5,18,7,3,3,18,1,1,1.9919,56,5259,3,8,1
13,2,-4,23,4,0,0,23,1,1,2.1821,67,6019,5,8,1
13,2,-3,15,4,0,0,15,1,1,0.6609,37,3169,3,4,0
13,2,-2,21,3,0,0,21,1,1,0.7910,40,3135,3,4,0
13,2,-1,31,5,0,0,31,1,1,0.6809,54,4268,0,3,0
13,2,0,32,4,0,0,32,1,1,3.0909,54,3054,7,4,1
13,2,1,19,5,0,0,19,1,1,0.3509,25,1463,0,2,0
13,2,2,17,3,0,0,17,1,1,0.3116,20,1136,1,2,0
13,2,3,23,5,0,0,23,1,1,0.6009,32,1549,4,3,0
13,2,4,18,5,0,0,18,1,1,0.3614,25,1524,1,3,0
13,2,5,22,6,0,0,22,1,1,1.3909,37,2235,4,4,1
13,3,-6,25,4,40,40,25,1,1,4.5431,83,7741,10,9,2
13,3,-5,19,5,10,11,17,0,0,-1.0000,216,22426,163,165,1
13,3,-4,27,7,0,0,27,1,1,3.8509,81,7126,8,8,1
13,3,-3,25,6,0,0,25,1,1,1.9522,76,7276,8,8,2
13,3,-2,22,7,0,0,22,1,1,1.8809,71,6384,13,9,3
13,3,-1,16,5,0,0,16,1,1,1.3411,39,3162,4,8,1
13,3,0,20,7,0,0,20,1,1,1.3713,42,3100,7,8,0
13,3,1,22,3,0,0,22,1,1,1.4309,48,4035,8,7,1
13,4,-3,24,6,0,0,24,1,1,4.8520,98,9113,19,9,3
14,-7,6,23,4,0,0,23,1,1,0.4614,28,1788,3,3,0
14,-7,7,19,10,0,0,19,1,1,0.3509,20,1003,0,2,0
14,-7,8,15,5,0,0,15,1,1,0.4109,21,1324,1,3,0
14,-6,2,23,7,0,0,23,1,1,0.8810,26,1106,3,4,1
14,-6,3,23,5,0,0,23,1,1,0.4109,23,798,1,2,0
14,-6,4,24,3,0,0,24,1,1,0.9409,28,1018,4,4,1
14,-6,5,15,5,0,0,15,1,1,0.6509,24,795,7,4,1
14,-6,6,18,7,0,0,18,1,1,0.1609,17,681,0,1,0
14,-6,7,20,4,0,0,20,1,1,0.2609,20,950,1,2,0
14,-6,8,21,5,0,0,21,1,1,1.1909,33,1881,4,4,1
14,-5,-2,25,5,0,0,25,1,1,3.5912,47,3517,3,4,1
14,-5,-1,36,3,0,0,36,1,1,2.9310,71,4933,11,8,1
14,-5,0,29,3,0,0,29,1,1,0.3011,29,1646,1,2,0
14,-5,1,21,7,0,0,21,1,1,0.3609,21,733,1,2,0
14,-5,2,19,7,0,0,19,1,1,0.1709,18,449,0,1,0
14,-5,3,24,7,0,0,24,1,1,0.6809,25,557,2,3,0
14,-5,4,24,8,0,0,24,1,1,0.6809,25,568,2,3,0
14,-5,5,21,7,0,0,21,1,1,0.5709,22,527,2,2,0
14,-5,6,22,5,0,0,22,1,1,0.6209,24,744,3,2,0
14,-5,7,28,7,0,0,28,1,1,2.1309,35,1152,7,4,1
14,-5,8,18,4,0,0,18,1,1,0.1609,17,880,0,1,0
14,-5,9,16,5,0,0,16,1,1,0.2914,20,1154,1,2,0
14,-4,-3,25,7,0,0,25,1,1,1.4629,59,4788,4,6,1
14,-4,-2,16,5,0,0,16,1,1,0.7209,30,2172,7,5,0
14,-4,-1,26,4,0,0,26,1,1,1.5909,37,1947,6,4,1
14,-4,0,24,6,0,0,24,1,1,0.4509,24,869,1,2,0
14,-4,1,21,6,0,0,21,1,1,0.1909,20,478,0,1,0
14,-4,2,12,9,0,0,12,1,1,0.4309,14,231,3,2,0
14,-4,3,20,7,0,0,20,1,1,2.0509,32,571,10,4,2
14,-4,4,20,5,0,0,20,1,1,0.5609,22,415,3,3,0
14,-4,5,23,4,0,0,23,1,1,0.4309,23,527,1,2,0
14,-4,6,25,4,0,0,25,1,1,0.4709,25,650,1,2,0
14,-4,7,13,3,0,0,13,1,1,0.7709,17,495,4,4,1
14,-4,8,25,7,0,0,25,1,1,0.4509,25,1184,1,2,0
14,-3,-3,13,6,0,0,13,1,1,0.4509,24,1779,2,4,0
14,-3,-2,20,7,0,0,20,1,1,0.3709,25,1476,0,2,0
14,-3,-1,13,2,0,0,13,1,1,0.2810,14,739,2,3,0
14,-3,0,23,6,0,0,23,1,1,0.5709,24,690,2,3,0
14,-3,1,20,4,0,0,20,1,1,0.2709,20,424,1,2,0
14,-3,2,18,5,0,0,18,1,1,0.1609,17,300,0,1,0
14,-3,3,22,5,0,0,22,1,1,1.4609,29,501,4,4,1
14,-3,4,23,6,0,0,23,1,1,1.0411,30,539,6,4,1
14,-3,5,15,4,0,0,15,1,1,0.2710,16,287,2,2,0
14,-3,6,20,5,0,0,20,1,1,0.3709,22,485,3,2,0
14,-3,7,23,5,0,0,23,1,1,0.6409,24,703,2,2,0
14,-2,-3,19,6,0,0,19,1,1,1.0309,41,3003,4,5,1
14,-2,-2,20,7,0,0,20,1,1,0.4709,26,1265,2,3,0
14,-2,-1,20,5,0,0,20,1,1,1.0209,27,1209,4,4,1
14,-2,0,23,5,0,0,23,1,1,0.6509,26,776,4,3,0
14,-2,1,35,4,0,0,35,1,1,1.5410,41,1026,4,4,1
14,-2,2,24,4,0,0,24,1,1,1.3009,31,574,7,4,1
14,-2,3,20,7,0,0,20,1,1,0.1809,19,326,0,1,0
14,-2,4,24,5,0,0,24,1,1,0.6509,27,506,4,3,0
14,-2,5,17,5,0,0,17,1,1,0.4209,18,325,2,3,0
14,-2,6,27,5,0,0,27,1,1,0.8509,29,693,3,4,0
14,-2,7,22,5,0,0,22,1,1,0.8412,28,1120,6,4,1
14,-1,-4,17,5,0,0,17,1,1,1.5209,48,4051,8,8,1
14,-1,-3,21,7,0,0,21,1,1,0.5909,34,2533,1,3,0
14,-1,-2,24,7,0,0,24,1,1,0.6709,35,2137,2,3,0
14,-1,-1,14,4,0,0,14,1,1,0.3509,15,767,2,3,0
14,-1,0,23,7,0,0,23,1,1,0.3809,23,647,1,2,0
14,-1,1,22,8,0,0,22,1,1,0.2009,21,493,0,1,0
14,-1,2,17,10,0,0,17,1,1,0.3109,17,354,1,2,0
14,-1,3,25,4,0,0,25,1,1,1.3509,33,661,6,4,1
14,-1,4,20,7,0,0,20,1,1,0.1809,19,366,0,1,0
14,-1,5,22,10,0,0,22,1,1,0.2009,21,455,0,1,0
14,-1,6,21,5,0,0,21,1,1,1.9609,25,634,4,4,1
14,0,-4,22,4,0,0,22,1,1,1.2630,56,5094,5,7,1
14,0,-3,18,4,0,0,18,1,1,0.6709,34,2542,2,4,0
14,0,-2,16,4,0,0,16,1,1,0.7710,29,1904,3,5,1
14,0,-1,21,5,0,0,21,1,1,0.3209,23,1203,0,2,0
14,0,0,27,5,0,0,27,1,1,0.3809,27,1128,1,2,0
14,0,1,13,3,0,0,13,1,1,0.2209,14,495,2,2,0
14,0,2,21,5,0,0,21,1,1,0.5809,23,598,3,3,0
14,0,3,22,4,0,0,22,1,1,2.0218,27,640,4,4,1
14,0,4,25,7,0,0,25,1,1,4.5509,29,843,4,4,1
14,0,5,17,7,0,0,17,1,1,0.1509,16,483,0,1,0
14,0,6,24,3,0,0,24,1,1,0.6409,27,1697,4,3,0
14,1,-5,13,4,3,3,13,1,1,0.7111,32,2904,0,3,0
14,1,-4,27,5,0,0,27,1,1,2.8509,76,6501,7,8,1
14,1,-3,22,5,0,0,22,1,1,1.0911,49,3881,5,5,1
14,1,-2,24,5,0,0,24,1,1,2.7509,58,4295,11,11,2
14,1,-1,20,5,0,0,20,1,1,1.3209,43,2566,11,5,2
14,1,0,18,4,0,0,18,1,1,0.2409,20,1015,1,2,0
14,1,1,21,4,0,0,21,1,1,0.8909,28,1265,4,4,1
14,1,2,27,5,0,0,27,1,1,0.9909,31,1567,5,3,0
14,1,3,17,6,0,0,17,1,1,0.4509,18,729,2,2,0
14,1,4,18,7,0,0,18,1,1,11.3809,88,5803,68,67,0
14,1,5,19,5,0,0,19,1,1,0.8009,32,1592,6,4,2
14,2,-5,18,7,0,0,18,1,1,3.1812,76,6873,18,13,2
14,2,-4,23,4,0,0,23,1,1,1.3012,60,5589,3,4,0
14,2,-3,15,4,0,0,15,1,1,0.5209,35,2984,1,4,0
14,2,-2,21,3,0,0,21,1,1,2.0709,50,3814,6,10,1
14,2,-1,31,5,0,0,31,1,1,1.5809,58,4310,3,4,1
14,2,0,32,4,0,0,32,1,1,2.1609,51,2916,3,4,1
14,2,1,19,5,0,0,19,1,1,0.7109,27,1520,2,3,0
14,2,2,17,3,0,0,17,1,1,2.5515,37,2750,15,16,0
14,2,3,23,5,0,0,23,1,1,0.4309,27,1424,0,2,0
14,2,4,18,5,0,0,18,1,1,0.7809,29,1816,4,4,1
14,2,5,22,6,0,0,22,1,1,0.6209,35,2152,3,3,0
14,3,-6,25,4,37,37,25,1,1,1.6633,63,5698,2,4,0
14,3,-5,19,5,5,5,19,1,1,2.0520,57,5338,7,6,1
14,3,-4,27,7,0,0,27,1,1,2.8110,82,7296,3,8,1
14,3,-3,25,6,0,0,25,1,1,2.9819,74,6990,10,7,1
14,3,-2,22,7,0,0,22,1,1,1.2509,53,4366,4,4,0
14,3,-1,16,5,0,0,16,1,1,0.7309,31,2471,1,4,0
14,3,0,20,7,0,0,20,1,1,0.7509,37,2754,0,3,0
14,3,1,22,3,0,0,22,1,1,1.0520,47,3879,6,5,1
14,4,-3,24,6,0,0,24,1,1,2.2720,65,6192,3,4,0
15,-7,6,23,4,0,0,23,1,1,0.4613,29,1755,3,3,0
15,-7,7,19,10,0,0,19,1,1,0.5309,20,988,1,2,0
15,-7,8,15,5,0,0,15,1,1,0.8309,30,1659,6,5,1
15,-6,2,23,7,0,0,23,1,1,0.4809,25,1058,3,3,0
15,-6,3,23,5,0,0,23,1,1,1.2909,31,1049,6,4,1
15,-6,4,24,3,0,0,24,1,1,0.2209,23,775,0,1,0
15,-6,5,15,5,0,0,15,1,1,22.2410,175,7680,160,159,0
15,-6,6,18,7,0,0,18,1,1,0.2609,18,664,1,2,0
15,-6,7,20,4,0,0,20,1,1,0.4509,21,1100,2,3,0
15,-6,8,21,5,0,0,21,1,1,0.3909,26,1597,1,2,0
15,-5,-2,25,5,0,0,25,1,1,1.5910,62,4835,9,6,2
15,-5,-1,36,3,0,0,36,1,1,2.2310,69,4594,9,5,2
15,-5,0,29,3,0,0,29,1,1,0.5210,29,1622,1,2,0
15,-5,1,21,7,0,0,21,1,1,0.1923,20,750,0,1,0
15,-5,2,19,7,0,0,19,1,1,0.7709,31,851,10,4,3
15,-5,3,24,7,0,0,24,1,1,1.1409,28,608,3,4,1
15,-5,4,24,8,0,0,24,1,1,0.4509,24,549,1,2,0
15,-5,5,21,7,0,0,21,1,1,0.7709,24,551,4,3,0
15,-5,6,22,5,0,0,22,1,1,1.4609,25,713,3,4,1
15,-5,7,28,7,0,0,28,1,1,0.2609,27,919,0,1,0
15,-5,8,18,4,0,0,18,1,1,0.1609,17,881,0,1,0
15,-5,9,16,5,0,0,16,1,1,0.4009,21,1278,2,3,0
15,-4,-3,25,7,0,0,25,1,1,2.1520,62,5166,5,8,1
15,-4,-2,16,5,0,0,16,1,1,0.2932,23,1557,0,2,0
15,-4,-1,26,4,0,0,26,1,1,0.7309,31,1585,4,3,0
15,-4,0,24,6,0,0,24,1,1,0.3709,24,923,1,2,0
15,-4,1,21,6,0,0,21,1,1,0.9909,31,696,7,4,1
15,-4,2,12,9,0,0,12,1,1,0.1009,11,190,0,1,0
15,-4,3,20,7,0,0,20,1,1,0.1812,19,357,0,1,0
15,-4,4,20,5,0,0,20,1,1,0.1809,19,360,0,1,0
15,-4,5,23,4,0,0,23,1,1,0.4309,23,531,1,2,0
15,-4,6,25,4,0,0,25,1,1,1.1909,31,762,5,4,1
15,-4,7,13,3,0,0,13,1,1,0.3509,14,502,2,3,0
15,-4,8,25,7,0,0,25,1,1,0.2310,24,1135,0,1,0
15,-3,-3,13,6,0,0,13,1,1,0.3526,23,1719,1,3,0
15,-3,-2,20,7,0,0,20,1,1,0.6011,28,1603,2,3,0
15,-3,-1,13,2,0,0,13,1,1,0.5009,17,966,3,4,1
15,-3,0,23,6,0,0,23,1,1,1.0109,35,988,8,4,1
15,-3,1,20,4,0,0,20,1,1,0.2709,20,427,1,2,0
15,-3,2,18,5,0,0,18,1,1,0.2509,18,313,1,2,0
15,-3,3,22,5,0,0,22,1,1,1.4609,26,446,4,4,1
15,-3,4,23,6,0,0,23,1,1,0.2110,22,391,0,1,0
15,-3,5,15,4,0,0,15,1,1,0.2609,15,257,1,2,0
15,-3,6,20,5,0,0,20,1,1,0.1809,19,422,0,1,0
15,-3,7,23,5,0,0,23,1,1,0.4209,23,671,1,2,0
15,-2,-3,19,6,0,0,19,1,1,0.5211,32,2396,1,3,0
15,-2,-2,20,7,0,0,20,1,1,0.3709,24,1226,0,2,0
15,-2,-1,20,5,0,0,20,1,1,1.0209,25,1161,5,4,1
15,-2,0,23,5,0,0,23,1,1,0.6509,24,734,2,3,0
15,-2,1,35,4,0,0,35,1,1,0.6110,37,925,3,2,0
15,-2,2,24,4,0,0,24,1,1,0.6109,26,505,3,3,0
15,-2,3,20,7,0,0,20,1,1,1.8909,23,391,4,5,1
15,-2,4,24,5,0,0,24,1,1,0.6810,28,520,5,3,0
15,-2,5,17,5,0,0,17,1,1,0.5809,19,355,3,4,1
15,-2,6,27,5,0,0,27,1,1,0.6409,30,756,4,3,0
15,-2,7,22,5,0,0,22,1,1,0.5609,24,784,3,2,0
15,-1,-4,17,5,0,0,17,1,1,0.7811,38,3170,2,5,0
15,-1,-3,21,7,0,0,21,1,1,1.3909,49,3372,9,7,2
15,-1,-2,24,7,0,0,24,1,1,0.6709,35,2039,2,3,0
15,-1,-1,14,4,0,0,14,1,1,0.2209,14,687,1,2,0
15,-1,0,23,7,0,0,23,1,1,1.0409,28,827,4,4,1
15,-1,1,22,8,0,0,22,1,1,0.6209,23,521,2,3,0
15,-1,2,17,10,0,0,17,1,1,0.3109,17,356,1,2,0
15,-1,3,25,4,0,0,25,1,1,0.2309,24,492,0,1,0
15,-1,4,20,7,0,0,20,1,1,0.2809,20,373,1,2,0
15,-1,5,22,10,0,0,22,1,1,1.6709,27,563,5,4,1
15,-1,6,21,5,0,0,21,1,1,0.1921,20,558,0,1,0
15,0,-4,22,4,0,0,22,1,1,0.8009,52,4521,1,4,0
15,0,-3,18,4,0,0,18,1,1,1.0731,39,3056,3,6,1
15,0,-2,16,4,0,0,16,1,1,0.9809,34,2162,6,6,1
15,0,-1,21,5,0,0,21,1,1,1.3209,27,1282,3,4,1
15,0,0,27,5,0,0,27,1,1,0.3809,27,1186,1,2,0
15,0,1,13,3,0,0,13,1,1,0.1123,12,434,0,1,0
15,0,2,21,5,0,0,21,1,1,0.1912,20,545,0,1,0
15,0,3,22,4,0,0,22,1,1,1.4609,28,657,5,4,1
15,0,4,25,7,0,0,25,1,1,0.4709,25,778,1,2,0
15,0,5,17,7,0,0,17,1,1,0.1509,16,490,0,1,0
15,0,6,24,3,0,0,24,1,1,0.6409,27,1734,4,3,0
15,1,-5,13,4,0,0,13,1,1,0.7109,32,2920,0,3,0
15,1,-4,27,5,0,0,27,1,1,1.3318,64,5540,2,3,0
15,1,-3,22,5,0,0,22,1,1,1.3038,42,3387,5,7,0
15,1,-2,24,5,0,0,24,1,1,1.6009,52,3562,6,5,1
15,1,-1,20,5,0,0,20,1,1,2.0809,37,2065,9,10,0
15,1,0,18,4,0,0,18,1,1,0.4609,21,1192,2,3,0
15,1,1,21,4,0,0,21,1,1,0.2909,21,1070,1,2,0
15,1,2,27,5,0,0,27,1,1,0.2523,26,1285,0,1,0
15,1,3,17,6,0,0,17,1,1,0.1526,16,702,0,1,0
15,1,4,18,7,0,0,18,1,1,1.1809,22,1047,5,4,1
15,1,5,19,5,0,0,19,1,1,0.3512,21,1008,1,2,0
15,2,-5,18,7,1,1,18,1,1,1.4820,45,3997,3,5,0
15,2,-4,23,4,0,0,23,1,1,1.5215,66,6088,9,7,0
15,2,-3,15,4,0,0,15,1,1,1.2209,55,4727,14,9,2
15,2,-2,21,3,0,0,21,1,1,0.9110,39,3082,3,4,0
15,2,-1,31,5,0,0,31,1,1,0.6809,53,4159,0,3,0
15,2,0,32,4,0,0,32,1,1,1.5409,52,3064,7,4,1
15,2,1,19,5,0,0,19,1,1,0.5309,28,1805,3,3,0
15,2,2,17,3,0,0,17,1,1,0.3113,19,1066,0,2,0
15,2,3,23,5,0,0,23,1,1,0.5209,29,1593,1,3,0
15,2,4,18,5,0,0,18,1,1,0.5009,26,1584,1,3,0
15,2,5,22,6,0,0,22,1,1,0.7609,34,2256,2,4,0
15,3,-6,25,4,34,34,25,1,1,3.5834,73,6646,6,8,1
15,3,-5,19,5,4,4,19,1,1,1.6917,57,5260,8,5,0
15,3,-4,27,7,0,0,27,1,1,2.8109,86,7663,7,9,1
15,3,-3,25,6,0,0,25,1,1,2.0218,64,5900,7,4,0
15,3,-2,22,7,0,0,22,1,1,1.4609,56,4515,3,6,1
15,3,-1,16,5,0,0,16,1,1,2.6809,53,4284,14,18,4
15,3,0,20,7,0,0,20,1,1,0.9914,44,3421,8,6,0
15,3,1,22,3,0,0,22,1,1,0.7109,40,3323,1,4,0
15,4,-3,24,6,0,0,24,1,1,2.0420,64,6057,2,5,0
16,-7,6,23,4,0,0,23,1,1,0.4612,28,1718,2,3,0
16,-7,7,19,10,0,0,19,1,1,3.4109,41,1421,20,17,1
16,-7,8,15,5,0,0,15,1,1,1.1409,36,1760,9,5,2
16,-6,2,23,7,0,0,23,1,1,0.2109,22,911,0,1,0
16,-6,3,23,5,0,0,23,1,1,0.8509,27,995,5,4,1
16,-6,4,24,3,0,0,24,1,1,0.4509,24,808,1,2,0
16,-6,5,15,5,0,0,15,1,1,0.9309,18,525,3,4,1
16,-6,6,18,7,0,0,18,1,1,0.2609,18,672,1,2,0
16,-6,7,20,4,0,0,20,1,1,0.1809,19,934,0,1,0
16,-6,8,21,5,0,0,21,1,1,0.3909,27,1704,1,2,0
16,-5,-2,25,5,0,0,25,1,1,1.2710,45,3530,4,4,0
16,-5,-1,36,3,0,0,36,1,1,1.3210,62,4208,5,4,0
16,-5,0,29,3,0,0,29,1,1,0.4809,29,1628,1,2,0
16,-5,1,21,7,0,0,21,1,1,0.5609,22,764,2,3,0
16,-5,2,19,7,0,0,19,1,1,0.3509,19,495,1,2,0
16,-5,3,24,7,0,0,24,1,1,0.4509,24,546,1,2,0
16,-5,4,24,8,0,0,24,1,1,0.4509,24,529,1,2,0
16,-5,5,21,7,0,0,21,1,1,0.5909,22,554,2,3,0
16,-5,6,22,5,0,0,22,1,1,0.4109,22,681,1,2,0
16,-5,7,28,7,0,0,28,1,1,0.5109,28,914,1,2,0
16,-5,8,18,4,0,0,18,1,1,1.2709,25,1224,6,4,2
16,-5,9,16,5,0,0,16,1,1,0.4312,20,1168,1,3,0
16,-4,-3,25,7,0,0,25,1,1,2.1826,62,5110,7,9,2
16,-4,-2,16,5,0,0,16,1,1,0.5709,25,1692,2,4,0
16,-4,-1,26,4,0,0,26,1,1,1.7309,35,1721,5,4,1
16,-4,0,24,6,0,0,24,1,1,0.6809,27,932,4,3,0
16,-4,1,21,6,0,0,21,1,1,0.2109,21,498,1,2,0
16,-4,2,12,9,0,0,12,1,1,0.1009,11,190,0,1,0
16,-4,3,20,7,0,0,20,1,1,0.3409,21,407,2,2,0
16,-4,4,20,5,0,0,20,1,1,0.5609,23,412,4,3,0
16,-4,5,23,4,0,0,23,1,1,0.2109,22,501,0,1,0
16,-4,6,25,4,0,0,25,1,1,0.9509,32,797,5,4,1
16,-4,7,13,3,0,0,13,1,1,0.5909,17,602,3,4,1
16,-4,8,25,7,0,0,25,1,1,0.6909,27,1258,3,2,0
16,-3,-3,13,6,0,0,13,1,1,0.4509,23,1700,1,4,0
16,-3,-2,20,7,0,0,20,1,1,1.5109,36,1992,6,4,1
16,-3,-1,13,2,0,0,13,1,1,0.2027,13,698,1,2,0
16,-3,0,23,6,0,0,23,1,1,1.4509,26,728,3,4,1
16,-3,1,20,4,0,0,20,1,1,1.2209,25,494,5,4,1
16,-3,2,18,5,0,0,18,1,1,0.1809,18,322,1,2,0
16,-3,3,22,5,0,0,22,1,1,0.2009,21,364,0,1,0
16,-3,4,23,6,0,0,23,1,1,2.7309,29,503,5,4,1
16,-3,5,15,4,0,0,15,1,1,0.8910,18,313,3,4,1
16,-3,6,20,5,0,0,20,1,1,0.3709,21,465,2,2,0
16,-3,7,23,5,0,0,23,1,1,0.6409,24,667,2,3,0
16,-2,-3,19,6,0,0,19,1,1,0.6709,33,2398,2,3,0
16,-2,-2,20,7,0,0,20,1,1,0.3709,23,1183,0,2,0
16,-2,-1,20,5,0,0,20,1,1,0.8909,26,1270,5,4,1
16,-2,0,23,5,0,0,23,1,1,1.3409,29,805,6,4,1
16,-2,1,35,4,0,0,35,1,1,1.6610,45,1082,9,4,2
16,-2,2,24,4,0,0,24,1,1,0.4409,26,503,3,2,0
16,-2,3,20,7,0,0,20,1,1,0.5609,21,365,2,3,0
16,-2,4,24,5,0,0,24,1,1,0.4209,24,427,1,2,0
16,-2,5,17,5,0,0,17,1,1,0.1509,16,299,0,1,0
16,-2,6,27,5,0,0,27,1,1,0.2513,26,673,0,1,0
16,-2,7,22,5,0,0,22,1,1,0.9809,28,919,6,4,1
16,-1,-4,17,5,0,0,17,1,1,0.7210,38,3102,3,4,0
16,-1,-3,21,7,0,0,21,1,1,0.5909,35,2590,2,3,0
16,-1,-2,24,7,0,0,24,1,1,0.4409,32,1907,0,2,0
16,-1,-1,14,4,0,0,14,1,1,0.5409,17,697,3,4,1
16,-1,0,23,7,0,0,23,1,1,0.3809,23,705,1,2,0
16,-1,1,22,8,0,0,22,1,1,0.3809,22,492,1,2,0
16,-1,2,17,10,0,0,17,1,1,0.7909,24,512,6,4,1
16,-1,3,25,4,0,0,25,1,1,0.8709,30,612,6,3,0
16,-1,4,20,7,0,0,20,1,1,0.8509,25,477,4,5,1
16,-1,5,22,10,0,0,22,1,1,4.8209,44,835,23,22,0
16,-1,6,21,5,0,0,21,1,1,1.3609,27,780,6,5,1
16,0,-4,22,4,0,0,22,1,1,2.0611,66,5651,11,8,2
16,0,-3,18,4,0,0,18,1,1,2.0809,49,3181,10,7,2
16,0,-2,16,4,0,0,16,1,1,0.3809,24,1542,1,2,0
16,0,-1,21,5,0,0,21,1,1,1.9209,30,1578,6,5,2
16,0,0,27,5,0,0,27,1,1,1.7809,34,1296,7,7,2
16,0,1,13,3,0,0,13,1,1,0.1125,12,444,0,1,0
16,0,2,21,5,0,0,21,1,1,0.7809,26,725,3,4,1
16,0,3,22,4,0,0,22,1,1,0.3409,23,539,2,2,0
16,0,4,25,7,0,0,25,1,1,0.9509,27,801,3,3,0
16,0,5,17,7,0,0,17,1,1,0.1509,16,483,0,1,0
16,0,6,24,3,0,0,24,1,1,0.9410,28,1554,5,3,0
16,1,-5,13,4,1,1,13,1,1,0.7109,32,2910,0,3,0
16,1,-4,27,5,0,0,27,1,1,2.5909,79,7113,5,8,1
16,1,-3,22,5,0,0,22,1,1,1.3012,50,4092,8,6,1
16,1,-2,24,5,0,0,24,1,1,1.6009,51,3351,3,6,1
16,1,-1,20,5,0,0,20,1,1,0.5609,27,1786,2,2,0
16,1,0,18,4,0,0,18,1,1,1.3210,33,1892,11,7,2
16,1,1,21,4,0,0,21,1,1,0.1909,20,1046,0,1,0
16,1,2,27,5,0,0,27,1,1,0.2520,26,1262,0,1,0
16,1,3,17,6,0,0,17,1,1,0.1528,16,707,0,1,0
16,1,4,18,7,0,0,18,1,1,0.3309,19,848,2,2,0
16,1,5,19,5,0,0,19,1,1,0.3511,21,1013,0,2,0
16,2,-5,18,7,2,2,18,1,1,1.4820,46,4097,4,5,0
16,2,-4,23,4,0,0,23,1,1,2.0034,68,6305,6,9,1
16,2,-3,15,4,0,0,15,1,1,0.8009,36,3106,2,4,0
16,2,-2,21,3,0,0,21,1,1,1.8210,50,3898,6,8,1
16,2,-1,31,5,0,0,31,1,1,2.3909,64,4766,9,7,2
16,2,0,32,4,0,0,32,1,1,0.9209,49,3009,4,3,0
16,2,1,19,5,0,0,19,1,1,0.7109,29,1870,5,4,0
16,2,2,17,3,0,0,16,0,1,-1.0000,205,21241,186,187,0
16,2,3,23,5,0,0,23,1,1,0.4309,29,1509,1,2,0
16,2,4,18,5,0,0,18,1,1,0.6709,29,1935,4,4,0
16,2,5,22,6,0,0,22,1,1,0.7609,35,2236,3,3,0
16,3,-6,25,4,38,38,25,1,1,2.3929,70,6335,4,8,1
16,3,-5,19,5,5,5,19,1,1,2.7030,67,6353,10,9,1
16,3,-4,27,7,0,0,27,1,1,1.7709,69,6340,1,4,0
16,3,-3,25,6,0,0,25,1,1,2.9816,76,7139,18,7,1
16,3,-2,22,7,0,0,22,1,1,1.8809,64,5275,9,8,1
16,3,-1,16,5,0,0,16,1,1,0.5809,30,2406,0,3,0
16,3,0,20,7,0,0,20,1,1,3.2209,60,3630,20,16,1
16,3,1,22,3,0,0,22,1,1,0.9209,42,3462,3,5,0
16,4,-3,24,6,0,0,24,1,1,5.1726,89,8018,15,18,2
17,-7,6,23,4,0,0,23,1,1,0.5409,26,1550,2,3,0
17,-7,7,19,10,0,0,19,1,1,1.9709,31,1159,9,8,0
17,-7,8,15,5,0,0,15,1,1,1.9809,36,1685,14,15,0
17,-6,2,23,7,0,0,23,1,1,1.0909,33,1200,5,4,1
17,-6,3,23,5,0,0,23,1,1,1.3809,29,1035,6,4,1
17,-6,4,24,3,0,0,24,1,1,0.9210,29,1034,5,4,1
17,-6,5,15,5,0,0,15,1,1,0.1322,14,459,0,1,0
17,-6,6,18,7,0,0,18,1,1,0.4309,19,704,2,2,0
17,-6,7,20,4,0,0,20,1,1,1.3309,27,1199,7,5,1
17,-6,8,21,5,0,0,21,1,1,0.5909,27,1699,1,3,0
17,-5,-2,25,5,0,0,25,1,1,1.0311,43,3357,1,3,0
17,-5,-1,36,3,0,0,36,1,1,2.1535,67,4646,7,6,2
17,-5,0,29,3,0,0,29,1,1,0.6536,31,1907,3,3,0
17,-5,1,21,7,0,0,21,1,1,0.3609,21,736,1,2,0
17,-5,2,19,7,0,0,19,1,1,3.4109,26,625,7,4,2
17,-5,3,24,7,0,0,24,1,1,0.6809,26,557,3,3,0
17,-5,4,24,8,0,0,24,1,1,0.2209,23,511,0,1,0
17,-5,5,21,7,0,0,21,1,1,0.5709,23,553,3,3,0
17,-5,6,22,5,0,0,22,1,1,0.9209,26,779,3,4,1
17,-5,7,28,7,0,0,28,1,1,2.1309,40,1236,8,5,1
17,-5,8,18,4,0,0,18,1,1,0.3310,18,936,1,2,0
17,-5,9,16,5,0,0,16,1,1,0.2921,20,1137,0,2,0
17,-4,-3,25,7,0,0,25,1,1,3.3519,66,5325,8,12,1
17,-4,-2,16,5,0,0,16,1,1,0.4209,24,1672,1,3,0
17,-4,-1,26,4,0,0,26,1,1,1.0909,35,2072,5,4,1
17,-4,0,24,6,0,0,24,1,1,0.3709,25,920,2,2,0
17,-4,1,21,6,0,0,21,1,1,0.4313,22,559,2,3,0
17,-4,2,12,9,0,0,12,1,1,0.2109,12,202,1,2,0
17,-4,3,20,7,0,0,20,1,1,0.3409,20,383,1,2,0
17,-4,4,20,5,0,0,20,1,1,0.5609,22,439,3,3,0
17,-4,5,23,4,0,0,23,1,1,0.9109,31,737,8,4,2
17,-4,6,25,4,0,0,25,1,1,0.4709,27,698,3,2,0
17,-4,7,13,3,0,0,13,1,1,0.2309,14,428,2,2,0
17,-4,8,25,7,0,0,25,1,1,1.6509,33,1340,8,4,2
17,-3,-3,13,6,0,0,13,1,1,20.7628,197,15769,175,174,0
17,-3,-2,20,7,0,0,20,1,1,0.3709,26,1506,0,2,0
17,-3,-1,13,2,0,0,13,1,1,0.2809,16,885,4,3,0
17,-3,0,23,6,0,0,23,1,1,0.2119,22,637,0,1,0
17,-3,1,20,4,0,0,20,1,1,0.1809,19,409,0,1,0
17,-3,2,18,5,0,0,18,1,1,0.7609,24,431,3,4,1
17,-3,3,22,5,0,0,22,1,1,0.4109,22,386,1,2,0
17,-3,4,23,6,0,0,23,1,1,0.6009,24,418,2,3,0
17,-3,5,15,4,0,0,15,1,1,0.1312,14,261,0,1,0
17,-3,6,20,5,0,0,20,1,1,1.1309,30,645,7,4,1
17,-3,7,23,5,0,0,23,1,1,0.4209,23,661,1,2,0
17,-2,-3,19,6,0,0,19,1,1,0.5312,35,2696,3,3,0
17,-2,-2,20,7,0,0,20,1,1,0.3709,25,1257,1,2,0
17,-2,-1,20,5,0,0,20,1,1,0.2609,21,999,2,2,0
17,-2,0,23,5,0,0,23,1,1,1.3109,30,841,4,4,1
17,-2,1,35,4,0,0,35,1,1,0.6110,36,900,2,2,0
17,-2,2,24,4,0,0,24,1,1,1.6109,35,636,11,7,2
17,-2,3,20,7,0,0,20,1,1,1.8909,23,400,4,5,1
17,-2,4,24,5,0,0,24,1,1,0.4209,24,431,1,2,0
17,-2,5,17,5,0,0,17,1,1,0.2609,17,311,1,2,0
17,-2,6,27,5,0,0,27,1,1,0.3309,27,715,1,2,0
17,-2,7,22,5,0,0,22,1,1,0.2020,21,713,0,1,0
17,-1,-4,17,5,0,0,17,1,1,1.5210,60,4924,14,8,1
17,-1,-3,21,7,0,0,21,1,1,1.6009,42,2794,8,5,1
17,-1,-2,24,7,0,0,24,1,1,0.9009,36,2167,4,4,0
17,-1,-1,14,4,0,0,14,1,1,0.5309,17,791,3,4,1
17,-1,0,23,7,0,0,23,1,1,0.4209,24,759,2,2,0
17,-1,1,22,8,0,0,22,1,1,2.0609,29,619,6,4,2
17,-1,2,17,10,0,0,17,1,1,0.3109,17,358,1,2,0
17,-1,3,25,4,0,0,25,1,1,1.0409,29,575,4,4,1
17,-1,4,20,7,0,0,20,1,1,0.1809,19,353,0,1,0
17,-1,5,22,10,0,0,22,1,1,0.2009,21,439,0,1,0
17,-1,6,21,5,0,0,21,1,1,1.3609,23,637,3,4,1
17,0,-4,22,4,0,0,22,1,1,1.4617,61,5368,4,7,1
17,0,-3,18,4,0,0,18,1,1,0.6109,36,2533,4,3,0
17,0,-2,16,4,0,0,16,1,1,0.3809,25,1603,2,2,0
17,0,-1,21,5,0,0,21,1,1,1.4109,33,1702,8,4,2
17,0,0,27,5,0,0,27,1,1,0.2509,26,1145,0,1,0
17,0,1,13,3,0,0,13,1,1,0.1121,12,431,0,1,0
17,0,2,21,5,0,0,21,1,1,0.3809,22,581,2,2,0
17,0,3,22,4,0,0,22,1,1,1.1009,27,684,4,4,1
17,0,4,25,7,0,0,25,1,1,0.7109,27,842,3,2,0
17,0,5,17,7,0,0,17,1,1,0.3109,18,584,2,2,0
17,0,6,24,3,0,0,24,1,1,0.8709,28,1652,4,4,1
17,1,-5,13,4,1,1,13,1,1,0.7109,34,3117,2,4,0
17,1,-4,27,5,0,0,27,1,1,2.5909,77,6895,3,8,1
17,1,-3,22,5,0,0,22,1,1,1.4609,45,3462,4,4,1
17,1,-2,24,5,0,0,24,1,1,1.6009,57,4114,9,6,1
17,1,-1,20,5,0,0,20,1,1,0.7509,29,1727,3,2,0
17,1,0,18,4,0,0,18,1,1,0.5009,22,1132,3,3,0
17,1,1,21,4,0,0,21,1,1,1.3909,24,1105,4,5,1
17,1,2,27,5,0,0,27,1,1,0.4709,27,1304,1,2,0
17,1,3,17,6,0,0,17,1,1,0.1529,16,691,0,1,0
17,1,4,18,7,0,0,18,1,1,0.3309,19,877,2,2,0
17,1,5,19,5,0,0,19,1,1,1.2909,28,1198,8,7,0
17,2,-5,18,7,1,1,18,1,1,1.4818,45,3983,3,4,0
17,2,-4,23,4,0,0,23,1,1,1.7529,65,6049,8,8,0
17,2,-3,15,4,0,0,15,1,1,1.6513,54,4496,13,9,2
17,2,-2,21,3,0,0,21,1,1,1.8210,53,3924,10,8,3
17,2,-1,31,5,0,0,31,1,1,0.6809,54,4291,0,3,0
17,2,0,32,4,0,0,32,1,1,1.8509,62,4056,13,5,2
17,2,1,19,5,0,0,19,1,1,0.3509,26,1494,0,2,0
17,2,2,17,3,0,0,17,1,1,0.4714,20,1104,1,3,0
17,2,3,23,5,0,0,23,1,1,0.8709,31,1555,3,4,0
17,2,4,18,5,0,0,18,1,1,0.3309,24,1487,0,2,0
17,2,5,22,6,0,0,22,1,1,0.7609,34,2250,2,4,0
17,3,-6,25,4,44,44,25,1,1,2.6233,83,7644,10,9,1
17,3,-5,19,5,6,6,19,1,1,1.5120,53,4960,4,5,0
17,3,-4,27,7,0,0,27,1,1,5.5109,80,6755,8,4,2
17,3,-3,25,6,0,0,25,1,1,1.7817,62,5865,5,5,0
17,3,-2,22,7,0,0,22,1,1,1.6709,70,5951,9,8,2
17,3,-1,16,5,0,0,16,1,1,1.1809,42,3320,6,7,1
17,3,0,20,7,0,0,20,1,1,1.1538,43,3390,4,6,1
17,3,1,22,3,0,0,22,1,1,2.0609,55,4583,9,9,2
17,4,-3,24,6,0,0,24,1,1,2.2722,67,6301,5,5,0
18,-7,6,23,4,0,0,23,1,1,1.6038,36,2272,8,5,2
18,-7,7,19,10,0,0,19,1,1,2.5109,24,1049,4,4,1
18,-7,8,15,5,0,0,15,1,1,1.4209,34,2436,11,11,0
18,-6,2,23,7,0,0,23,1,1,0.6509,24,1001,2,2,0
18,-6,3,23,5,0,0,23,1,1,0.4109,23,776,1,2,0
18,-6,4,24,3,0,0,24,1,1,0.4009,25,882,2,2,0
18,-6,5,15,5,0,0,15,1,1,0.5109,19,621,3,4,1
18,-6,6,18,7,0,0,18,1,1,0.4309,19,693,2,3,0
18,-6,7,20,4,0,0,20,1,1,0.2924,20,1018,1,2,0
18,-6,8,21,5,0,0,21,1,1,0.9909,38,2448,8,4,2
18,-5,-2,25,5,0,0,25,1,1,1.7511,60,4288,10,7,1
18,-5,-1,36,3,0,0,36,1,1,2.4123,68,4751,10,7,1
18,-5,0,29,3,0,0,29,1,1,1.7428,33,1694,3,4,1
18,-5,1,21,7,0,0,21,1,1,0.3609,22,736,2,2,0
18,-5,2,19,7,0,0,19,1,1,0.3509,21,496,3,2,0
18,-5,3,24,7,0,0,24,1,1,1.6009,31,680,6,4,2
18,-5,4,24,8,0,0,24,1,1,0.4509,24,550,1,2,0
18,-5,5,21,7,0,0,21,1,1,0.3709,21,494,1,2,0
18,-5,6,22,5,0,0,22,1,1,0.2009,21,676,0,1,0
18,-5,7,28,7,0,0,28,1,1,0.2609,27,905,0,1,0
18,-5,8,18,4,0,0,18,1,1,0.3009,18,898,1,2,0
18,-5,9,16,5,0,0,16,1,1,0.4416,22,1310,2,3,0
18,-4,-3,25,7,0,0,25,1,1,1.3909,53,4202,2,4,0
18,-4,-2,16,5,0,0,16,1,1,0.4430,25,1751,2,3,0
18,-4,-1,26,4,0,0,26,1,1,0.6010,31,1734,3,3,0
18,-4,0,24,6,0,0,24,1,1,0.4509,25,910,2,2,0
18,-4,1,21,6,0,0,21,1,1,0.1909,20,518,0,1,0
18,-4,2,12,9,0,0,12,1,1,0.3209,13,214,2,2,0
18,-4,3,20,7,0,0,20,1,1,0.1811,19,348,0,1,0
18,-4,4,20,5,0,0,20,1,1,0.7509,26,505,4,4,1
18,-4,5,23,4,0,0,23,1,1,0.6509,25,554,3,2,0
18,-4,6,25,4,0,0,25,1,1,1.0409,31,733,6,4,1
18,-4,7,13,3,0,0,13,1,1,0.2909,14,428,2,3,0
18,-4,8,25,7,0,0,25,1,1,0.9309,28,1404,3,4,1
18,-3,-3,13,6,0,0,13,1,1,0.3309,21,1600,0,3,0
18,-3,-2,20,7,0,0,20,1,1,0.3709,27,1605,1,2,0
18,-3,-1,13,2,0,0,13,1,1,1.6010,26,1521,13,14,0
18,-3,0,23,6,0,0,23,1,1,1.0709,29,818,4,5,0
18,-3,1,20,4,0,0,20,1,1,0.3309,20,425,1,2,0
18,-3,2,18,5,0,0,18,1,1,0.4209,19,333,2,3,0
18,-3,3,22,5,0,0,22,1,1,0.2009,21,380,0,1,0
18,-3,4,23,6,0,0,23,1,1,0.3109,23,403,1,2,0
18,-3,5,15,4,0,0,15,1,1,1.5609,26,426,11,7,1
18,-3,6,20,5,0,0,20,1,1,0.3709,21,437,2,2,0
18,-3,7,23,5,0,0,23,1,1,1.5209,42,1168,13,5,4
18,-2,-3,19,6,0,0,19,1,1,0.9019,34,2753,3,4,1
18,-2,-2,20,7,0,0,20,1,1,1.0409,31,1854,6,5,1
18,-2,-1,20,5,0,0,20,1,1,0.1829,19,942,0,1,0
18,-2,0,23,5,0,0,23,1,1,0.4309,23,672,1,2,0
18,-2,1,35,4,0,0,35,1,1,0.6311,36,895,2,2,0
18,-2,2,24,4,0,0,24,1,1,0.3109,24,476,1,2,0
18,-2,3,20,7,0,0,20,1,1,0.3709,20,364,1,2,0
18,-2,4,24,5,0,0,24,1,1,0.6509,25,454,2,3,0
18,-2,5,17,5,0,0,17,1,1,1.0609,22,406,5,4,1
18,-2,6,27,5,0,0,27,1,1,0.2514,26,690,0,1,0
18,-2,7,22,5,0,0,22,1,1,0.2021,21,723,0,1,0
18,-1,-4,17,5,0,0,17,1,1,1.5812,50,4033,6,8,1
18,-1,-3,21,7,0,0,21,1,1,0.7909,35,2544,2,4,0
18,-1,-2,24,7,0,0,24,1,1,0.6709,34,2117,2,3,0
18,-1,-1,14,4,0,0,14,1,1,0.2209,14,629,1,2,0
18,-1,0,23,7,0,0,23,1,1,0.6009,24,741,2,3,0
18,-1,1,22,8,0,0,22,1,1,2.0609,25,559,4,4,1
18,-1,2,17,10,0,0,17,1,1,3.5109,24,479,6,4,1
18,-1,3,25,4,0,0,25,1,1,1.1709,30,639,4,4,1
18,-1,4,20,7,0,0,20,1,1,1.8009,25,467,5,4,1
18,-1,5,22,10,0,0,22,1,1,0.6209,23,474,2,2,0
18,-1,6,21,5,0,0,21,1,1,1.3609,30,788,5,4,1
18,0,-4,22,4,0,0,22,1,1,2.0625,60,5223,10,4,2
18,0,-3,18,4,0,0,18,1,1,0.5116,34,2625,2,4,0
18,0,-2,16,4,0,0,16,1,1,0.5812,26,1779,3,4,0
18,0,-1,21,5,0,0,21,1,1,0.3209,23,1189,0,2,0
18,0,0,27,5,0,0,27,1,1,0.2509,26,1121,0,1,0
18,0,1,13,3,0,0,13,1,1,0.8219,17,553,4,4,1
18,0,2,21,5,0,0,21,1,1,0.2509,21,581,1,2,0
18,0,3,22,4,0,0,22,1,1,1.3309,33,724,10,4,2
18,0,4,25,7,0,0,25,1,1,0.2309,24,733,0,1,0
18,0,5,17,7,0,0,17,1,1,0.1509,16,482,0,1,0
18,0,6,24,3,0,0,24,1,1,0.9909,27,1463,3,4,1
18,1,-5,13,4,1,1,13,1,1,2.2709,54,5090,15,18,1
18,1,-4,27,5,0,0,27,1,1,1.5509,66,5741,3,4,0
18,1,-3,22,5,0,0,22,1,1,5.2912,71,6067,24,25,0
18,1,-2,24,5,0,0,24,1,1,0.9109,43,3106,2,4,0
18,1,-1,20,5,0,0,20,1,1,1.3209,34,1988,5,4,1
18,1,0,18,4,0,0,18,1,1,0.2409,19,1021,0,2,0
18,1,1,21,4,0,0,21,1,1,0.3509,22,1178,2,2,0
18,1,2,27,5,0,0,27,1,1,0.7309,31,1563,5,2,0
18,1,3,17,6,0,0,17,1,1,0.1526,16,694,0,1,0
18,1,4,18,7,0,0,18,1,1,0.1609,17,791,0,1,0
18,1,5,19,5,0,0,19,1,1,0.7009,25,1124,5,3,0
18,2,-5,18,7,2,2,18,1,1,1.4819,46,4117,5,5,0
18,2,-4,23,4,0,0,23,1,1,1.4210,64,6007,7,6,1
18,2,-3,15,4,0,0,15,1,1,0.5209,34,2883,0,3,0
18,2,-2,21,3,0,0,21,1,1,1.6709,49,4038,6,8,1
18,2,-1,31,5,0,0,31,1,1,0.6809,54,4215,0,3,0
18,2,0,32,4,0,0,32,1,1,1.5409,54,3232,7,5,0
18,2,1,19,5,0,0,19,1,1,0.3509,25,1439,0,2,0
18,2,2,17,3,0,0,17,1,1,0.3114,19,1115,0,2,0
18,2,3,23,5,0,0,23,1,1,0.4309,28,1497,1,2,0
18,2,4,18,5,0,0,18,1,1,1.0109,33,2119,5,6,1
18,2,5,22,6,0,0,22,1,1,2.8609,51,3514,12,14,2
18,3,-6,25,4,39,39,25,1,1,3.1037,83,7433,11,7,2
18,3,-5,19,5,6,6,19,1,1,1.5120,49,4527,0,3,0
18,3,-4,27,7,0,0,27,1,1,2.5510,86,7525,6,10,1
18,3,-3,25,6,0,0,25,1,1,2.5920,86,8256,11,9,2
18,3,-2,22,7,0,0,22,1,1,1.6709,59,4919,5,7,1
18,3,-1,16,5,0,0,16,1,1,0.5809,32,2486,1,4,0
18,3,0,20,7,0,0,20,1,1,0.7509,37,2817,1,4,0
18,3,1,22,3,0,0,22,1,1,1.0109,43,3502,4,5,0
18,4,-3,24,6,0,0,24,1,1,2.5025,64,5998,1,4,0
19,-7,6,23,4,0,0,23,1,1,0.5513,27,1580,2,3,0
19,-7,7,19,10,0,0,19,1,1,0.3509,20,976,0,2,0
19,-7,8,15,5,0,0,15,1,1,0.5509,23,1469,3,4,0
19,-6,2,23,7,0,0,23,1,1,1.3209,30,1217,7,4,1
19,-6,3,23,5,0,0,23,1,1,0.6309,25,846,3,2,0
19,-6,4,24,3,0,0,24,1,1,0.2909,24,804,1,2,0
19,-6,5,15,5,0,0,15,1,1,0.2309,15,498,1,2,0
19,-6,6,18,7,0,0,18,1,1,0.1609,17,672,0,1,0
19,-6,7,20,4,0,0,20,1,1,0.8309,27,1353,6,4,2
19,-6,8,21,5,0,0,21,1,1,0.5909,31,1976,5,3,0
19,-5,-2,25,5,0,0,25,1,1,0.7911,45,3464,3,3,0
19,-5,-1,36,3,0,0,36,1,1,2.0210,68,4656,8,5,1
19,-5,0,29,3,0,0,29,1,1,1.1809,34,1890,3,4,1
19,-5,1,21,7,0,0,21,1,1,0.1923,20,723,0,1,0
19,-5,2,19,7,0,0,19,1,1,0.1709,18,427,0,1,0
19,-5,3,24,7,0,0,24,1,1,0.4509,24,518,1,2,0
19,-5,4,24,8,0,0,24,1,1,0.2809,24,544,1,2,0
19,-5,5,21,7,0,0,21,1,1,0.3709,22,557,2,2,0
19,-5,6,22,5,0,0,22,1,1,0.5009,23,696,2,3,0
19,-5,7,28,7,0,0,28,1,1,0.5109,29,950,2,2,0
19,-5,8,18,4,0,0,18,1,1,0.2309,18,918,1,2,0
19,-5,9,16,5,0,0,16,1,1,0.2915,19,1075,0,2,0
19,-4,-3,25,7,0,0,25,1,1,1.6309,60,4820,6,6,1
19,-4,-2,16,5,0,0,16,1,1,0.8709,30,2248,3,5,1
19,-4,-1,26,4,0,0,26,1,1,1.5909,38,2086,6,5,2
19,-4,0,24,6,0,0,24,1,1,0.3709,24,869,1,2,0
19,-4,1,21,6,0,0,21,1,1,0.9909,29,729,5,4,1
19,-4,2,12,9,0,0,12,1,1,2.0809,14,236,3,4,1
19,-4,3,20,7,0,0,20,1,1,1.8609,33,594,11,6,2
19,-4,4,20,5,0,0,20,1,1,0.3709,20,369,1,2,0
19,-4,5,23,4,0,0,23,1,1,0.4309,23,510,1,2,0
19,-4,6,25,4,0,0,25,1,1,0.7109,27,658,3,3,0
19,-4,7,13,3,0,0,13,1,1,0.1709,13,418,1,2,0
19,-4,8,25,7,0,0,25,1,1,0.4509,26,1286,2,2,0
19,-3,-3,13,6,0,0,13,1,1,0.5709,25,1765,3,4,0
19,-3,-2,20,7,0,0,20,1,1,1.3209,33,1913,6,5,2
19,-3,-1,13,2,0,0,13,1,1,0.2309,13,648,1,2,0
19,-3,0,23,6,0,0,23,1,1,1.4509,26,721,3,4,1
19,-3,1,20,4,0,0,20,1,1,0.3709,21,455,2,2,0
19,-3,2,18,5,0,0,18,1,1,0.3309,18,334,1,2,0
19,-3,3,22,5,0,0,22,1,1,0.4709,24,421,3,3,0
19,-3,4,23,6,0,0,23,1,1,0.3809,24,433,2,2,0
19,-3,5,15,4,0,0,15,1,1,0.2609,15,262,1,2,0
19,-3,6,20,5,0,0,20,1,1,0.3709,20,447,1,2,0
19,-3,7,23,5,0,0,23,1,1,0.4209,23,677,1,2,0
19,-2,-3,19,6,0,0,19,1,1,0.5211,32,2441,0,3,0
19,-2,-2,20,7,0,0,20,1,1,0.3709,25,1296,1,2,0
19,-2,-1,20,5,0,0,20,1,1,0.1829,19,910,0,1,0
19,-2,0,23,5,0,0,23,1,1,0.2417,23,705,1,2,0
19,-2,1,35,4,0,0,35,1,1,1.7310,41,1027,6,4,1
19,-2,2,24,4,0,0,24,1,1,0.3109,24,463,1,2,0
19,-2,3,20,7,0,0,20,1,1,2.4609,28,505,7,4,2
19,-2,4,24,5,0,0,24,1,1,1.1109,29,513,3,4,1
19,-2,5,17,5,0,0,17,1,1,1.5409,21,385,4,5,1
19,-2,6,27,5,0,0,27,1,1,2.5809,42,1052,10,4,3
19,-2,7,22,5,0,0,22,1,1,1.4009,24,798,3,4,1
19,-1,-4,17,5,0,0,17,1,1,0.7911,40,3345,4,5,0
19,-1,-3,21,7,0,0,21,1,1,0.9909,36,2560,3,3,0
19,-1,-2,24,7,0,0,24,1,1,0.9009,37,2177,3,3,0
19,-1,-1,14,4,0,0,14,1,1,0.2509,14,675,1,2,0
19,-1,0,23,7,0,0,23,1,1,0.4209,23,657,1,2,0
19,-1,1,22,8,0,0,22,1,1,3.5309,27,563,5,4,1
19,-1,2,17,10,0,0,17,1,1,0.4709,18,341,2,2,0
19,-1,3,25,4,0,0,25,1,1,1.5109,36,746,8,4,2
19,-1,4,20,7,0,0,20,1,1,0.1809,19,370,0,1,0
19,-1,5,22,10,0,0,22,1,1,0.2009,21,439,0,1,0
19,-1,6,21,5,0,0,21,1,1,0.1921,20,564,0,1,0
19,0,-4,22,4,0,0,22,1,1,1.6409,71,5950,9,7,2
19,0,-3,18,4,0,0,18,1,1,0.4515,32,2413,0,3,0
19,0,-2,16,4,0,0,16,1,1,0.4412,26,1648,3,3,0
19,0,-1,21,5,0,0,21,1,1,0.3209,24,1221,1,2,0
19,0,0,27,5,0,0,27,1,1,1.0309,32,1438,5,4,1
19,0,1,13,3,0,0,13,1,1,0.1125,12,433,0,1,0
19,0,2,21,5,0,0,21,1,1,0.4509,22,598,2,3,0
19,0,3,22,4,0,0,22,1,1,2.0217,27,656,4,5,1
19,0,4,25,7,0,0,25,1,1,1.9109,33,995,8,4,2
19,0,5,17,7,0,0,17,1,1,0.3109,17,526,1,2,0
19,0,6,24,3,0,0,24,1,1,0.2210,23,1391,0,1,0
19,1,-5,13,4,3,3,13,1,1,0.8311,33,2963,1,3,0
19,1,-4,27,5,0,0,27,1,1,2.3309,74,6720,12,9,1
19,1,-3,22,5,0,0,22,1,1,2.1411,63,4857,14,10,2
19,1,-2,24,5,0,0,24,1,1,4.8209,69,4061,22,15,1
19,1,-1,20,5,0,0,20,1,1,0.5609,28,1785,2,3,0
19,1,0,18,4,0,0,18,1,1,0.2909,20,1041,1,2,0
19,1,1,21,4,0,0,21,1,1,0.1909,20,1022,0,1,0
19,1,2,27,5,0,0,27,1,1,1.2811,33,1555,6,4,1
19,1,3,17,6,0,0,17,1,1,0.2909,17,747,1,2,0
19,1,4,18,7,0,0,18,1,1,0.3309,18,864,1,2,0
19,1,5,19,5,0,0,19,1,1,1.2409,33,1681,10,5,2
19,2,-5,18,7,1,1,18,1,1,2.5022,61,5710,7,8,1
19,2,-4,23,4,0,0,23,1,1,3.1812,82,7529,13,10,2
19,2,-3,15,4,0,0,15,1,1,0.6609,35,3006,1,4,0
19,2,-2,21,3,0,0,21,1,1,1.6712,48,3868,6,7,1
19,2,-1,31,5,0,0,31,1,1,0.6809,55,4256,0,3,0
19,2,0,32,4,0,0,32,1,1,1.2309,48,2957,3,3,0
19,2,1,19,5,0,0,19,1,1,1.2509,34,1892,4,6,1
19,2,2,17,3,0,0,16,0,1,-1.0000,205,21244,186,187,0
19,2,3,23,5,0,0,23,1,1,0.8813,33,1915,4,5,1
19,2,4,18,5,0,0,18,1,1,0.7809,32,2023,8,5,0
19,2,5,22,6,0,0,22,1,1,0.6209,33,2043,1,2,0
19,3,-6,25,4,35,35,25,1,1,1.6632,63,5664,3,4,0
19,3,-5,19,5,8,8,19,1,1,3.3119,68,6131,8,10,1
19,3,-4,27,7,0,0,27,1,1,5.6710,96,7988,20,15,0
19,3,-3,25,6,0,0,25,1,1,4.1818,76,7214,16,7,1
19,3,-2,22,7,0,0,22,1,1,2.0909,54,4373,4,4,1
19,3,-1,16,5,0,0,16,1,1,0.8809,34,2846,3,5,1
19,3,0,20,7,0,0,20,1,1,1.1435,43,3480,4,6,1
19,3,1,22,3,0,0,22,1,1,1.4309,57,4698,12,6,1
19,4,-3,24,6,0,0,24,1,1,2.0424,65,6175,3,5,0
20,-7,6,23,4,0,0,23,1,1,0.3312,26,1551,0,2,0
20,-7,7,19,10,0,0,19,1,1,5.0309,24,1054,3,4,1
20,-7,8,15,5,0,0,15,1,1,1.8409,37,1818,15,14,0
20,-6,2,23,7,0,0,23,1,1,0.4309,26,1120,4,2,0
20,-6,3,23,5,0,0,23,1,1,0.4109,23,839,1,2,0
20,-6,4,24,3,0,0,24,1,1,0.6809,26,888,3,3,0
20,-6,5,15,5,0,0,15,1,1,1.3509,20,534,4,4,1
20,-6,6,18,7,0,0,18,1,1,0.2609,18,680,1,2,0
20,-6,7,20,4,0,0,20,1,1,0.4922,23,1153,4,3,0
20,-6,8,21,5,0,0,21,1,1,0.7909,28,1740,2,4,0
20,-5,-2,25,5,0,0,25,1,1,1.0311,44,3586,3,4,0
20,-5,-1,36,3,0,0,36,1,1,0.9710,58,3886,2,3,0
20,-5,0,29,3,0,0,29,1,1,0.2714,28,1605,0,1,0
20,-5,1,21,7,0,0,21,1,1,0.3609,21,750,1,2,0
20,-5,2,19,7,0,0,19,1,1,0.3509,19,463,1,2,0
20,-5,3,24,7,0,0,24,1,1,0.2209,23,515,0,1,0
20,-5,4,24,8,0,0,24,1,1,0.2209,23,519,0,1,0
20,-5,5,21,7,0,0,21,1,1,0.1910,20,480,0,1,0
20,-5,6,22,5,0,0,22,1,1,0.4109,23,694,2,2,0
20,-5,7,28,7,0,0,28,1,1,2.1309,33,1079,6,5,1
20,-5,8,18,4,0,0,18,1,1,0.3309,19,991,2,2,0
20,-5,9,16,5,0,0,16,1,1,0.2916,19,1078,0,2,0
20,-4,-3,25,7,0,0,25,1,1,3.7909,59,4511,6,5,1
20,-4,-2,16,5,0,0,16,1,1,0.4209,24,1643,1,2,0
20,-4,-1,26,4,0,0,26,1,1,0.5909,30,1583,2,2,0
20,-4,0,24,6,0,0,24,1,1,1.5209,28,945,4,4,1
20,-4,1,21,6,0,0,21,1,1,0.3909,21,504,1,2,0
20,-4,2,12,9,0,0,12,1,1,2.0809,14,239,3,4,1
20,-4,3,20,7,0,0,20,1,1,0.1810,19,346,0,1,0
20,-4,4,20,5,0,0,20,1,1,0.1809,19,372,0,1,0
20,-4,5,23,4,0,0,23,1,1,0.2109,22,518,0,1,0
20,-4,6,25,4,0,0,25,1,1,0.3209,25,643,1,2,0
20,-4,7,13,3,0,0,13,1,1,0.1109,12,396,0,1,0
20,-4,8,25,7,0,0,25,1,1,0.4509,25,1208,1,2,0
20,-3,-3,13,6,0,0,13,1,1,0.6909,25,1823,3,5,0
20,-3,-2,20,7,0,0,20,1,1,1.1309,35,2249,6,5,2
20,-3,-1,13,2,0,0,13,1,1,0.1109,12,620,0,1,0
20,-3,0,23,6,0,0,23,1,1,2.1109,27,746,3,4,1
20,-3,1,20,4,0,0,20,1,1,0.1809,19,389,0,1,0
20,-3,2,18,5,0,0,18,1,1,0.3309,19,337,2,2,0
20,-3,3,22,5,0,0,22,1,1,0.3109,23,412,2,2,0
20,-3,4,23,6,0,0,23,1,1,0.3609,24,425,2,2,0
20,-3,5,15,4,0,0,15,1,1,1.2710,23,419,9,10,0
20,-3,6,20,5,0,0,20,1,1,0.1809,19,420,0,1,0
20,-3,7,23,5,0,0,23,1,1,0.2124,22,642,0,1,0
20,-2,-3,19,6,0,0,19,1,1,0.5211,33,2591,2,3,0
20,-2,-2,20,7,0,0,20,1,1,2.0418,31,1555,5,4,1
20,-2,-1,20,5,0,0,20,1,1,0.1829,19,916,0,1,0
20,-2,0,23,5,0,0,23,1,1,0.6509,25,781,3,3,0
20,-2,1,35,4,0,0,35,1,1,2.7510,46,1091,10,4,2
20,-2,2,24,4,0,0,24,1,1,0.6109,26,500,3,3,0
20,-2,3,20,7,0,0,20,1,1,0.3709,21,367,2,2,0
20,-2,4,24,5,0,0,24,1,1,0.9109,27,522,3,4,1
20,-2,5,17,5,0,0,17,1,1,0.7409,23,456,5,4,1
20,-2,6,27,5,0,0,27,1,1,1.1609,31,829,3,4,1
20,-2,7,22,5,0,0,22,1,1,2.0809,25,758,3,4,1
20,-1,-4,17,5,0,0,17,1,1,2.0009,51,3995,10,7,3
20,-1,-3,21,7,0,0,21,1,1,0.7909,34,2459,2,3,0
20,-1,-2,24,7,0,0,24,1,1,0.6709,35,2213,3,3,0
20,-1,-1,14,4,0,0,14,1,1,0.1209,13,646,0,1,0
20,-1,0,23,7,0,0,23,1,1,0.3809,23,640,1,2,0
20,-1,1,22,8,0,0,22,1,1,0.2009,21,475,0,1,0
20,-1,2,17,10,0,0,17,1,1,0.4709,19,397,3,3,0
20,-1,3,25,4,0,0,25,1,1,1.4109,30,636,4,5,1
20,-1,4,20,7,0,0,20,1,1,0.1809,19,364,0,1,0
20,-1,5,22,10,0,0,22,1,1,3.3509,28,566,6,7,2
20,-1,6,21,5,0,0,21,1,1,0.3609,21,576,1,2,0
20,0,-4,22,4,0,0,22,1,1,1.5328,57,5027,7,7,0
20,0,-3,18,4,0,0,18,1,1,0.6214,35,2547,2,4,0
20,0,-2,16,4,0,0,16,1,1,0.8713,30,1971,4,5,1
20,0,-1,21,5,0,0,21,1,1,4.4111,44,1639,22,23,0
20,0,0,27,5,0,0,27,1,1,0.2509,26,1125,0,1,0
20,0,1,13,3,0,0,13,1,1,0.2709,15,575,3,3,0
20,0,2,21,5,0,0,21,1,1,1.3809,24,690,4,4,1
20,0,3,22,4,0,0,22,1,1,0.2009,21,528,0,1,0
20,0,4,25,7,0,0,25,1,1,0.2309,24,735,0,1,0
20,0,5,17,7,0,0,17,1,1,0.1509,16,482,0,1,0
20,0,6,24,3,0,0,24,1,1,0.4109,24,1397,1,2,0
20,1,-5,13,4,2,2,13,1,1,0.7110,34,3204,3,6,1
20,1,-4,27,5,0,0,27,1,1,1.5509,63,5601,2,4,0
20,1,-3,22,5,0,0,22,1,1,1.0409,44,3525,5,4,0
20,1,-2,24,5,0,0,24,1,1,0.9109,47,3339,4,4,0
20,1,-1,20,5,0,0,20,1,1,2.4609,29,1771,3,4,1
20,1,0,18,4,0,0,18,1,1,0.4109,20,1035,1,3,0
20,1,1,21,4,0,0,21,1,1,0.5509,22,1214,2,3,0
20,1,2,27,5,0,0,27,1,1,0.9909,30,1413,4,3,0
20,1,3,17,6,0,0,17,1,1,2.0509,20,788,3,4,1
20,1,4,18,7,0,0,18,1,1,0.5009,19,853,2,3,0
20,1,5,19,5,0,0,19,1,1,0.5311,22,1023,1,3,0
20,2,-5,18,7,0,0,18,1,1,1.8629,47,4347,5,7,1
20,2,-4,23,4,0,0,23,1,1,1.9622,69,6391,7,8,1
20,2,-3,15,4,0,0,15,1,1,0.6609,37,3043,3,5,0
20,2,-2,21,3,0,0,21,1,1,1.1514,46,3718,6,6,1
20,2,-1,31,5,0,0,31,1,1,1.2809,57,4482,4,5,0
20,2,0,32,4,0,0,32,1,1,1.8509,51,3146,5,5,1
20,2,1,19,5,0,0,19,1,1,1.9709,38,2158,10,7,2
20,2,2,17,3,0,0,17,1,1,1.0509,24,1217,3,4,1
20,2,3,23,5,0,0,23,1,1,0.6509,31,1631,3,3,0
20,2,4,18,5,0,0,18,1,1,0.3309,25,1577,1,2,0
20,2,5,22,6,0,0,22,1,1,3.2809,40,2272,8,5,2
20,3,-6,25,4,39,39,25,1,1,1.9034,65,5827,4,4,0
20,3,-5,19,5,7,7,19,1,1,1.5121,53,4853,3,4,0
20,3,-4,27,7,0,0,27,1,1,3.4120,88,8261,10,11,2
20,3,-3,25,6,0,0,25,1,1,1.8135,70,6636,7,7,1
20,3,-2,22,7,0,0,22,1,1,1.6709,54,4638,5,7,0
20,3,-1,16,5,0,0,16,1,1,1.9309,45,3400,10,7,1
20,3,0,20,7,0,0,20,1,1,3.0309,59,3609,18,14,1
20,3,1,22,3,0,0,22,1,1,1.3409,58,4560,9,6,2
20,4,-3,24,6,0,0,24,1,1,3.8821,76,7161,12,9,1
21,-7,6,23,4,0,0,23,1,1,0.4412,28,1653,2,3,0
21,-7,7,19,10,0,0,19,1,1,0.5309,20,961,1,2,0
21,-7,8,15,5,0,0,15,1,1,0.2709,20,1243,0,2,0
21,-6,2,23,7,0,0,23,1,1,0.2109,22,891,0,1,0
21,-6,3,23,5,0,0,23,1,1,1.3809,33,1081,9,6,2
21,-6,4,24,3,0,0,24,1,1,0.6809,26,892,3,3,0
21,-6,5,15,5,0,0,15,1,1,0.1323,14,456,0,1,0
21,-6,6,18,7,0,0,18,1,1,0.6009,20,724,3,3,0
21,-6,7,20,4,0,0,20,1,1,0.1809,19,932,0,1,0
21,-6,8,21,5,0,0,21,1,1,0.8037,31,2037,6,5,0
21,-5,-2,25,5,0,0,25,1,1,1.4310,45,3521,4,5,0
21,-5,-1,36,3,0,0,36,1,1,2.0210,73,4701,11,5,2
21,-5,0,29,3,0,0,29,1,1,0.3010,29,1571,1,2,0
21,-5,1,21,7,0,0,21,1,1,1.4009,27,836,6,4,1
21,-5,2,19,7,0,0,19,1,1,0.1709,18,449,0,1,0
21,-5,3,24,7,0,0,24,1,1,0.4509,24,560,1,2,0
21,-5,4,24,8,0,0,24,1,1,0.2209,23,517,0,1,0
21,-5,5,21,7,0,0,21,1,1,3.1709,25,567,4,4,1
21,-5,6,22,5,0,0,22,1,1,0.4109,23,713,2,2,0
21,-5,7,28,7,0,0,28,1,1,0.5109,28,937,1,2,0
21,-5,8,18,4,0,0,18,1,1,1.6624,23,1062,4,4,1
21,-5,9,16,5,0,0,16,1,1,0.4311,21,1212,2,3,0
21,-4,-3,25,7,0,0,25,1,1,1.3909,53,4138,2,3,0
21,-4,-2,16,5,0,0,16,1,1,1.4709,28,1703,4,4,1
21,-4,-1,26,4,0,0,26,1,1,2.4809,34,1774,5,4,1
21,-4,0,24,6,0,0,24,1,1,0.2209,23,859,0,1,0
21,-4,1,21,6,0,0,21,1,1,0.3909,21,500,1,2,0
21,-4,2,12,9,0,0,12,1,1,0.2109,12,196,1,2,0
21,-4,3,20,7,0,0,20,1,1,2.4309,26,481,6,4,1
21,-4,4,20,5,0,0,20,1,1,0.7509,22,406,3,3,0
21,-4,5,23,4,0,0,23,1,1,0.6509,25,576,3,3,0
21,-4,6,25,4,0,0,25,1,1,0.3209,25,649,1,2,0
21,-4,7,13,3,0,0,13,1,1,0.7709,20,590,6,4,2
21,-4,8,25,7,0,0,25,1,1,0.4509,25,1122,1,2,0
21,-3,-3,13,6,0,0,13,1,1,0.4509,23,1729,1,4,0
21,-3,-2,20,7,0,0,20,1,1,3.2209,32,1695,6,4,1
21,-3,-1,13,2,0,0,13,1,1,0.5909,17,833,3,4,1
21,-3,0,23,6,0,0,23,1,1,1.2309,31,938,8,4,1
21,-3,1,20,4,0,0,20,1,1,0.5209,22,458,3,3,0
21,-3,2,18,5,0,0,18,1,1,0.9309,22,380,5,6,0
21,-3,3,22,5,0,0,22,1,1,2.5712,25,436,3,4,1
21,-3,4,23,6,0,0,23,1,1,0.5509,25,465,3,3,0
21,-3,5,15,4,0,0,15,1,1,0.1310,14,244,0,1,0
21,-3,6,20,5,0,0,20,1,1,0.3709,20,443,1,2,0
21,-3,7,23,5,0,6,2,0,0,-1.0000,157,2805,135,135,0
21,-2,-3,19,6,0,0,19,1,1,0.5214,33,2411,1,3,0
21,-2,-2,20,7,0,0,20,1,1,0.5609,26,1414,2,3,0
21,-2,-1,20,5,0,0,20,1,1,1.2709,25,1059,5,4,1
21,-2,0,23,5,0,0,23,1,1,0.2109,22,648,0,1,0
21,-2,1,35,4,0,0,35,1,1,0.3310,34,841,0,1,0
21,-2,2,24,4,0,0,24,1,1,0.3809,25,492,2,2,0
21,-2,3,20,7,0,0,20,1,1,0.3709,21,360,2,2,0
21,-2,4,24,5,0,0,24,1,1,1.1109,31,583,5,4,1
21,-2,5,17,5,0,0,17,1,1,0.5809,20,381,4,3,0
21,-2,6,27,5,0,0,27,1,1,0.3309,27,683,1,2,0
21,-2,7,22,5,0,0,22,1,1,0.4009,23,778,2,2,0
21,-1,-4,17,5,0,0,17,1,1,0.9515,41,3470,5,6,0
21,-1,-3,21,7,0,0,21,1,1,0.7909,36,2588,4,3,0
21,-1,-2,24,7,0,0,24,1,1,1.3609,44,2539,5,5,1
21,-1,-1,14,4,0,0,14,1,1,0.1209,13,595,0,1,0
21,-1,0,23,7,0,0,23,1,1,0.6909,28,799,6,4,0
21,-1,1,22,8,0,0,22,1,1,4.5812,31,666,9,5,1
21,-1,2,17,10,0,0,17,1,1,0.3109,18,373,2,2,0
21,-1,3,25,4,0,0,25,1,1,0.2309,24,487,0,1,0
21,-1,4,20,7,0,0,20,1,1,1.3011,25,460,6,4,1
21,-1,5,22,10,0,0,22,1,1,0.4109,23,495,2,2,0
21,-1,6,21,5,0,0,21,1,1,0.9609,25,756,3,4,1
21,0,-4,22,4,0,0,22,1,1,0.8009,52,4502,2,4,0
21,0,-3,18,4,0,0,18,1,1,0.6710,36,2517,3,3,0
21,0,-2,16,4,0,0,16,1,1,0.3809,24,1621,1,3,0
21,0,-1,21,5,0,0,21,1,1,0.5209,24,1212,1,2,0
21,0,0,27,5,0,0,27,1,1,0.2509,26,1102,0,1,0
21,0,1,13,3,0,0,13,1,1,0.1123,12,432,0,1,0
21,0,2,21,5,0,0,21,1,1,1.9809,28,680,6,4,1
21,0,3,22,4,0,0,22,1,1,0.3409,22,511,1,2,0
21,0,4,25,7,0,0,25,1,1,0.4709,25,755,1,2,0
21,0,5,17,7,0,0,17,1,1,0.1509,16,485,0,1,0
21,0,6,24,3,0,0,24,1,1,0.4509,25,1496,2,2,0
21,1,-5,13,4,1,1,13,1,1,0.7109,33,2996,1,4,0
21,1,-4,27,5,0,0,27,1,1,2.8509,82,7206,11,7,3
21,1,-3,22,5,0,0,22,1,1,4.2410,65,5412,21,20,0
21,1,-2,24,5,0,0,24,1,1,1.3709,51,3594,5,5,1
21,1,-1,20,5,0,0,20,1,1,0.5609,29,1891,2,3,0
21,1,0,18,4,0,0,18,1,1,0.3035,21,1137,2,2,0
21,1,1,21,4,0,0,21,1,1,0.2909,21,1042,1,2,0
21,1,2,27,5,0,0,27,1,1,0.3009,27,1347,1,2,0
21,1,3,17,6,0,0,17,1,1,0.2909,17,729,1,2,0
21,1,4,18,7,0,0,18,1,1,2.3709,22,871,4,4,1
21,1,5,19,5,0,0,19,1,1,0.3510,22,1091,1,2,0
21,2,-5,18,7,2,2,18,1,1,1.3120,43,3828,1,3,0
21,2,-4,23,4,0,0,23,1,1,1.3011,60,5533,3,5,0
21,2,-3,15,4,0,0,15,1,1,0.6609,36,3022,2,3,0
21,2,-2,21,3,0,0,21,1,1,1.0710,40,3212,3,5,0
21,2,-1,31,5,0,0,31,1,1,1.5809,63,4547,6,6,0
21,2,0,32,4,0,0,32,1,1,0.9209,48,2841,2,2,0
21,2,1,19,5,0,0,19,1,1,0.5309,28,1563,2,2,0
21,2,2,17,3,0,0,17,1,1,0.3114,20,1162,1,2,0
21,2,3,23,5,0,0,23,1,1,1.3212,35,2222,7,7,1
21,2,4,18,5,0,0,18,1,1,0.3309,25,1548,0,2,0
21,2,5,22,6,0,0,22,1,1,1.3909,38,2427,5,4,1
21,3,-6,25,4,31,31,25,1,1,3.3433,87,8046,14,9,2
21,3,-5,19,5,3,3,19,1,1,2.3223,69,6569,11,9,1
21,3,-4,27,7,0,0,27,1,1,3.6237,89,8406,12,10,2
21,3,-3,25,6,0,0,25,1,1,2.8722,72,6701,8,10,1
21,3,-2,22,7,0,0,22,1,1,0.8309,50,4188,1,4,0
21,3,-1,16,5,0,0,16,1,1,2.0809,56,4755,17,12,4
21,3,0,20,7,0,0,20,1,1,0.7509,37,2826,1,4,0
21,3,1,22,3,0,0,22,1,1,1.0109,43,3322,3,3,0
21,4,-3,24,6,0,0,24,1,1,2.0422,64,6017,2,5,0
22,-7,6,23,4,0,0,23,1,1,0.3311,26,1579,0,2,0
22,-7,7,19,10,0,0,19,1,1,2.6909,27,1113,5,4,1
22,-7,8,15,5,0,0,15,1,1,0.4109,21,1258,1,2,0
22,-6,2,23,7,0,0,23,1,1,1.0909,36,1395,10,5,2
22,-6,3,23,5,0,0,23,1,1,0.5009,25,883,3,3,0
22,-6,4,24,3,0,0,23,0,1,-1.0000,156,5005,133,131,0
22,-6,5,15,5,0,0,15,1,1,6.2809,60,2340,45,45,0
22,-6,6,18,7,0,0,18,1,1,3.1522,23,791,5,5,1
22,-6,7,20,4,0,0,20,1,1,0.4509,22,1129,3,3,0
22,-6,8,21,5,0,0,21,1,1,0.9909,32,2113,6,5,0
22,-5,-2,25,5,0,0,25,1,1,0.8016,46,3672,5,4,0
22,-5,-1,36,3,0,0,36,1,1,0.9710,61,4046,4,3,0
22,-5,0,29,3,0,0,29,1,1,0.3710,29,1604,0,2,0
22,-5,1,21,7,0,0,21,1,1,3.1609,23,825,3,4,1
22,-5,2,19,7,0,0,19,1,1,0.1709,18,425,0,1,0
22,-5,3,24,7,0,0,24,1,1,1.1409,32,781,7,4,2
22,-5,4,24,8,0,0,24,1,1,0.2809,24,542,1,2,0
22,-5,5,21,7,0,0,21,1,1,0.1909,20,478,0,1,0
22,-5,6,22,5,0,0,22,1,1,0.6209,25,761,4,2,0
22,-5,7,28,7,0,0,28,1,1,1.8609,32,1041,4,4,1
22,-5,8,18,4,0,0,18,1,1,0.3425,19,1014,2,3,0
22,-5,9,16,5,0,0,16,1,1,0.2915,19,1066,0,2,0
22,-4,-3,25,7,0,0,25,1,1,1.1509,53,4317,2,4,0
22,-4,-2,16,5,0,0,16,1,1,0.7209,29,2155,6,4,0
22,-4,-1,26,4,0,0,26,1,1,0.8409,33,1822,5,3,0
22,-4,0,24,6,0,0,24,1,1,1.5209,29,1066,5,4,1
22,-4,1,21,6,0,0,21,1,1,0.3909,22,540,2,2,0
22,-4,2,12,9,0,0,12,1,1,0.3209,13,208,2,2,0
22,-4,3,20,7,0,0,20,1,1,0.7209,23,416,4,4,0
22,-4,4,20,5,0,0,20,1,1,0.3709,20,390,1,2,0
22,-4,5,23,4,0,0,23,1,1,0.6509,25,570,3,2,0
22,-4,6,25,4,0,0,25,1,1,0.2309,24,601,0,1,0
22,-4,7,13,3,0,0,13,1,1,0.2309,13,416,1,2,0
22,-4,8,25,7,0,0,25,1,1,1.6509,29,1242,4,4,1
22,-3,-3,13,6,0,0,12,0,1,-1.0000,275,28433,249,250,0
22,-3,-2,20,7,0,0,20,1,1,0.7509,30,1750,5,3,0
22,-3,-1,13,2,0,0,13,1,1,0.1811,13,657,1,2,0
22,-3,0,23,6,0,0,23,1,1,0.2121,22,645,0,1,0
22,-3,1,20,4,0,0,20,1,1,1.0309,28,565,7,5,2
22,-3,2,18,5,0,0,18,1,1,0.1609,17,301,0,1,0
22,-3,3,22,5,0,0,22,1,1,0.6209,27,460,6,3,0
22,-3,4,23,6,0,0,23,1,1,0.7509,26,460,4,3,0
22,-3,5,15,4,0,0,15,1,1,0.1310,14,244,0,1,0
22,-3,6,20,5,0,0,20,1,1,0.3709,20,437,1,2,0
22,-3,7,23,5,0,0,23,1,1,0.2122,22,633,0,1,0
22,-2,-3,19,6,0,0,19,1,1,0.5212,31,2383,0,3,0
22,-2,-2,20,7,0,0,20,1,1,0.3709,25,1197,1,2,0
22,-2,-1,20,5,0,0,20,1,1,0.6409,22,1040,3,3,0
22,-2,0,23,5,0,0,23,1,1,0.2109,22,634,0,1,0
22,-2,1,35,4,0,0,35,1,1,5.8010,53,1215,19,18,0
22,-2,2,24,4,0,0,24,1,1,1.1309,28,510,5,3,0
22,-2,3,20,7,0,0,20,1,1,0.1809,19,340,0,1,0
22,-2,4,24,5,0,0,24,1,1,0.6509,25,460,2,3,0
22,-2,5,17,5,0,0,17,1,1,1.0609,20,373,3,4,1
22,-2,6,27,5,0,0,27,1,1,0.8509,30,741,3,4,1
22,-2,7,22,5,0,0,22,1,1,0.3509,22,761,1,2,0
22,-1,-4,17,5,0,0,17,1,1,1.2838,44,3798,4,8,1
22,-1,-3,21,7,0,0,21,1,1,0.9909,38,2754,5,4,0
22,-1,-2,24,7,0,0,24,1,1,0.6709,33,1918,1,2,0
22,-1,-1,14,4,0,0,14,1,1,0.2209,14,678,1,2,0
22,-1,0,23,7,0,0,23,1,1,0.2114,22,638,0,1,0
22,-1,1,22,8,0,0,22,1,1,0.2009,21,450,0,1,0
22,-1,2,17,10,0,0,17,1,1,0.1509,16,335,0,1,0
22,-1,3,25,4,0,0,25,1,1,0.3109,25,527,1,2,0
22,-1,4,20,7,0,0,20,1,1,0.1810,19,363,0,1,0
22,-1,5,22,10,0,0,22,1,1,0.4109,22,458,1,2,0
22,-1,6,21,5,0,0,21,1,1,1.3609,25,654,4,4,1
22,0,-4,22,4,0,0,22,1,1,1.7235,57,4937,3,6,1
22,0,-3,18,4,0,0,18,1,1,0.5009,34,2530,2,3,0
22,0,-2,16,4,0,0,16,1,1,0.6916,26,1785,3,5,0
22,0,-1,21,5,0,0,21,1,1,0.9209,28,1592,5,4,0
22,0,0,27,5,0,0,27,1,1,1.6809,31,1261,4,4,1
22,0,1,13,3,0,0,13,1,1,0.1125,12,439,0,1,0
22,0,2,21,5,0,0,21,1,1,1.3809,29,776,6,4,2
22,0,3,22,4,0,0,22,1,1,0.2009,21,506,0,1,0
22,0,4,25,7,0,0,25,1,1,2.3909,29,878,4,4,1
22,0,5,17,7,0,0,17,1,1,0.3109,17,483,1,2,0
22,0,6,24,3,0,0,24,1,1,0.6809,26,1506,3,3,0
22,1,-5,13,4,3,3,13,1,1,0.9510,36,3136,4,4,0
22,1,-4,27,5,0,0,27,1,1,1.5509,69,6024,6,6,0
22,1,-3,22,5,0,0,22,1,1,2.3510,54,4626,11,11,0
22,1,-2,24,5,0,0,24,1,1,7.3509,79,4242,36,27,1
22,1,-1,20,5,0,0,20,1,1,1.1309,40,2455,7,5,2
22,1,0,18,4,0,0,14,0,1,-1.0000,194,3828,175,176,0
22,1,1,21,4,0,0,21,1,1,0.2909,21,1071,1,2,0
22,1,2,27,5,0,0,27,1,1,1.2509,32,1587,6,3,0
22,1,3,17,6,0,0,17,1,1,0.2909,17,765,1,2,0
22,1,4,18,7,0,0,18,1,1,0.1609,17,767,0,1,0
22,1,5,19,5,0,0,19,1,1,0.7009,28,1527,6,4,1
22,2,-5,18,7,1,1,18,1,1,2.8838,63,5876,13,13,2
22,2,-4,23,4,0,0,23,1,1,8.8021,130,12522,47,38,4
22,2,-3,15,4,0,0,15,1,1,1.6420,44,3366,6,5,2
22,2,-2,21,3,0,0,21,1,1,1.3111,47,3716,10,7,0
22,2,-1,31,5,0,0,31,1,1,0.8909,55,4372,2,3,0
22,2,0,32,4,0,0,32,1,1,0.9209,46,2809,1,3,0
22,2,1,19,5,0,0,19,1,1,1.2509,32,1701,3,6,1
22,2,2,17,3,0,0,17,1,1,0.4109,21,1250,2,3,0
22,2,3,23,5,0,0,23,1,1,1.1809,36,2086,6,4,1
22,2,4,18,5,0,0,18,1,1,0.8711,32,1991,5,5,1
22,2,5,22,6,0,0,22,1,1,3.2810,43,2642,10,6,1
22,3,-6,25,4,31,31,25,1,1,1.6633,66,5972,5,4,0
22,3,-5,19,5,6,6,19,1,1,2.6823,66,6262,9,10,1
22,3,-4,27,7,0,0,27,1,1,2.2910,85,7910,9,7,1
22,3,-3,25,6,0,0,25,1,1,1.5417,61,5770,5,4,0
22,3,-2,22,7,0,0,22,1,1,0.8309,51,4293,2,4,0
22,3,-1,16,5,0,0,16,1,1,0.8809,33,2677,3,4,0
22,3,0,20,7,0,0,20,1,1,0.9914,41,3122,4,6,0
22,3,1,22,3,0,0,22,1,1,1.5509,45,3461,5,4,1
22,4,-3,24,6,0,0,24,1,1,2.3327,73,6912,5,8,1
23,-7,6,23,4,0,0,23,1,1,0.4309,26,1538,1,2,0
23,-7,7,19,10,0,0,19,1,1,0.3509,21,1011,0,2,0
23,-7,8,15,5,0,0,15,1,1,0.2709,20,1247,0,2,0
23,-6,2,23,7,0,0,23,1,1,1.0909,32,1222,4,4,1
23,-6,3,23,5,0,0,23,1,1,0.6309,24,874,2,3,0
23,-6,4,24,3,0,0,24,1,1,0.4509,26,874,3,2,0
23,-6,5,15,5,0,0,15,1,1,0.1323,14,471,0,1,0
23,-6,6,18,7,0,0,18,1,1,0.2720,18,721,1,2,0
23,-6,7,20,4,0,0,20,1,1,0.1809,19,924,0,1,0
23,-6,8,21,5,0,0,21,1,1,1.1909,32,2108,4,5,1
23,-5,-2,25,5,0,0,25,1,1,0.7911,42,3303,1,3,0
23,-5,-1,36,3,0,0,36,1,1,2.0210,67,4736,6,5,2
23,-5,0,29,3,0,0,29,1,1,1.0409,33,1801,5,3,0
23,-5,1,21,7,0,0,21,1,1,0.5609,23,800,3,3,0
23,-5,2,19,7,0,0,19,1,1,0.3509,21,535,3,2,0
23,-5,3,24,7,0,0,24,1,1,1.5512,29,669,6,7,2
23,-5,4,24,8,0,0,24,1,1,2.2909,28,639,4,4,1
23,-5,5,21,7,0,0,21,1,1,0.5709,23,571,3,3,0
23,-5,6,22,5,0,0,22,1,1,0.2009,21,632,0,1,0
23,-5,7,28,7,0,0,28,1,1,4.2909,33,1038,5,4,1
23,-5,8,18,4,0,0,18,1,1,0.1610,17,858,0,1,0
23,-5,9,16,5,0,0,16,1,1,0.2917,19,1081,0,2,0
23,-4,-3,25,7,0,0,25,1,1,1.4613,55,4240,3,4,1
23,-4,-2,16,5,0,0,16,1,1,0.5709,25,1815,2,4,0
23,-4,-1,26,4,0,0,26,1,1,1.3409,37,2133,6,5,1
23,-4,0,24,6,0,0,24,1,1,0.2209,23,876,0,1,0
23,-4,1,21,6,0,0,21,1,1,1.5909,25,586,4,4,1
23,-4,2,12,9,0,0,12,1,1,0.1009,11,185,0,1,0
23,-4,3,20,7,0,0,20,1,1,0.5309,22,397,3,2,0
23,-4,4,20,5,0,0,20,1,1,0.7509,24,472,3,4,1
23,-4,5,23,4,0,0,23,1,1,0.4309,23,515,1,2,0
23,-4,6,25,4,0,0,25,1,1,0.2309,24,630,0,1,0
23,-4,7,13,3,0,0,13,1,1,0.1709,13,449,1,2,0
23,-4,8,25,7,0,0,25,1,1,0.6909,28,1289,4,3,0
23,-3,-3,13,6,0,0,13,1,1,0.3309,24,1778,2,3,0
23,-3,-2,20,7,0,0,20,1,1,0.5609,31,1891,5,3,0
23,-3,-1,13,2,0,0,13,1,1,0.2309,14,729,2,2,0
23,-3,0,23,6,0,0,23,1,1,0.4221,24,774,2,2,0
23,-3,1,20,4,0,0,20,1,1,0.1809,19,377,0,1,0
23,-3,2,18,5,0,0,18,1,1,0.6709,20,358,3,4,1
23,-3,3,22,5,0,0,22,1,1,0.6209,25,433,4,2,0
23,-3,4,23,6,0,0,23,1,1,0.2112,22,404,0,1,0
23,-3,5,15,4,0,0,15,1,1,0.5409,19,331,4,4,1
23,-3,6,20,5,0,0,20,1,1,0.3709,20,446,1,2,0
23,-3,7,23,5,0,0,23,1,1,0.6409,26,750,4,3,0
23,-2,-3,19,6,0,0,19,1,1,0.8509,35,2739,3,5,1
23,-2,-2,20,7,0,0,20,1,1,1.8009,34,1480,10,9,0
23,-2,-1,20,5,0,0,20,1,1,0.1830,19,910,0,1,0
23,-2,0,23,5,0,0,23,1,1,0.4309,23,700,1,2,0
23,-2,1,35,4,0,0,35,1,1,0.9911,37,931,3,3,0
23,-2,2,24,4,0,0,24,1,1,0.6709,26,504,3,3,0
23,-2,3,20,7,0,0,20,1,1,0.1809,19,337,0,1,0
23,-2,4,24,5,0,0,24,1,1,0.4209,26,477,3,2,0
23,-2,5,17,5,0,0,17,1,1,0.4709,18,335,2,3,0
23,-2,6,27,5,0,0,27,1,1,0.3309,27,688,1,2,0
23,-2,7,22,5,0,0,22,1,1,0.5609,24,795,3,3,0
23,-1,-4,17,5,0,0,17,1,1,1.8410,60,4844,13,9,2
23,-1,-3,21,7,0,0,21,1,1,0.9909,40,2881,4,5,1
23,-1,-2,24,7,0,0,24,1,1,1.5909,49,2606,8,5,1
23,-1,-1,14,4,0,0,14,1,1,0.2209,14,617,1,2,0
23,-1,0,23,7,0,0,23,1,1,0.3809,24,711,2,2,0
23,-1,1,22,8,0,0,22,1,1,2.0609,28,584,6,7,2
23,-1,2,17,10,0,0,17,1,1,2.5509,23,457,6,4,2
23,-1,3,25,4,0,0,25,1,1,0.4709,26,540,2,2,0
23,-1,4,20,7,0,0,20,1,1,0.8809,25,462,5,4,1
23,-1,5,22,10,0,0,22,1,1,0.4109,22,469,1,2,0
23,-1,6,21,5,0,0,21,1,1,0.7609,24,680,4,3,0
23,0,-4,22,4,0,0,22,1,1,2.0929,66,5786,6,8,1
23,0,-3,18,4,0,0,18,1,1,0.5010,33,2428,0,3,0
23,0,-2,16,4,0,0,16,1,1,0.2909,24,1532,0,2,0
23,0,-1,21,5,0,0,21,1,1,0.7209,25,1237,2,4,0
23,0,0,27,5,0,0,27,1,1,1.2309,40,1680,7,4,2
23,0,1,13,3,0,0,13,1,1,0.1122,12,425,0,1,0
23,0,2,21,5,0,0,21,1,1,1.3809,23,620,3,4,1
23,0,3,22,4,0,0,22,1,1,0.3409,22,549,1,2,0
23,0,4,25,7,0,0,25,1,1,0.9809,29,868,3,4,1
23,0,5,17,7,0,0,17,1,1,0.6309,19,533,3,3,0
23,0,6,24,3,0,0,24,1,1,0.9909,28,1486,4,4,1
23,1,-5,13,4,2,2,13,1,1,0.7110,33,3032,1,4,0
23,1,-4,27,5,0,0,27,1,1,1.5509,67,5995,6,5,0
23,1,-3,22,5,0,0,22,1,1,2.1410,48,3893,8,10,0
23,1,-2,24,5,0,0,24,1,1,1.8309,57,4078,9,7,1
23,1,-1,20,5,0,0,20,1,1,0.3709,25,1680,0,2,0
23,1,0,18,4,0,0,18,1,1,0.4109,21,1023,2,2,0
23,1,1,21,4,0,0,21,1,1,0.1909,20,1001,0,1,0
23,1,2,27,5,0,0,27,1,1,0.7719,30,1444,4,3,0
23,1,3,17,6,0,0,17,1,1,0.2909,17,731,1,2,0
23,1,4,18,7,0,0,18,1,1,0.1609,17,793,0,1,0
23,1,5,19,5,0,0,19,1,1,1.1109,31,1539,6,5,1
23,2,-5,18,7,1,1,18,1,1,3.5230,55,4990,11,6,1
23,2,-4,23,4,0,0,23,1,1,1.3012,59,5366,2,4,0
23,2,-3,15,4,0,0,15,1,1,1.0809,45,3836,8,6,1
23,2,-2,21,3,0,0,21,1,1,0.7110,38,2993,2,4,0
23,2,-1,31,5,0,0,31,1,1,1.4909,64,5017,4,5,1
23,2,0,32,4,0,0,32,1,1,1.2309,54,3309,8,4,0
23,2,1,19,5,0,0,19,1,1,0.7109,27,1620,3,3,0
23,2,2,17,3,0,0,17,1,1,0.3114,20,1205,1,2,0
23,2,3,23,5,0,0,23,1,1,0.7409,31,1531,3,4,0
23,2,4,18,5,0,0,18,1,1,0.6709,28,1649,4,4,0
23,2,5,22,6,0,0,22,1,1,0.6209,33,2036,1,3,0
23,3,-6,25,4,44,44,25,1,1,2.2328,74,6816,8,8,1
23,3,-5,19,5,2,2,19,1,1,3.5822,75,6981,13,11,2
23,3,-4,27,7,0,0,27,1,1,1.7709,71,6474,3,4,0
23,3,-3,25,6,0,0,25,1,1,1.8136,77,7362,10,7,2
23,3,-2,22,7,0,0,22,1,1,1.8925,63,5369,9,8,1
23,3,-1,16,5,0,0,16,1,1,1.4809,43,3447,7,8,1
23,3,0,20,7,0,0,20,1,1,1.3410,43,3413,4,7,1
23,3,1,22,3,0,0,22,1,1,1.5621,50,4251,8,7,1
23,4,-3,24,6,1,1,24,1,1,2.0423,63,5967,1,4,0
24,-7,6,23,4,0,0,23,1,1,0.4309,26,1586,1,2,0
24,-7,7,19,10,0,0,19,1,1,0.3509,19,973,0,2,0
24,-7,8,15,5,0,0,15,1,1,0.6909,23,1334,3,3,0
24,-6,2,23,7,0,0,23,1,1,0.9609,28,1247,4,4,1
24,-6,3,23,5,0,0,23,1,1,0.2809,23,800,1,2,0
24,-6,4,24,3,0,0,24,1,1,0.4615,25,863,2,3,0
24,-6,5,15,5,0,0,15,1,1,0.3709,16,548,2,2,0
24,-6,6,18,7,0,0,18,1,1,0.4309,19,701,2,3,0
24,-6,7,20,4,0,0,20,1,1,0.1809,19,937,0,1,0
24,-6,8,21,5,0,0,21,1,1,0.8012,30,1882,3,4,1
24,-5,-2,25,5,0,0,25,1,1,0.7910,42,3244,0,3,0
24,-5,-1,36,3,0,0,36,1,1,2.5011,65,4450,6,7,1
24,-5,0,29,3,0,0,29,1,1,1.1915,33,1929,4,4,1
24,-5,1,21,7,0,0,21,1,1,2.3609,30,909,8,5,1
24,-5,2,19,7,0,0,19,1,1,0.2309,19,474,1,2,0
24,-5,3,24,7,0,0,24,1,1,0.6809,25,545,2,3,0
24,-5,4,24,8,0,0,24,1,1,0.4509,24,517,1,2,0
24,-5,5,21,7,0,0,21,1,1,0.5709,22,512,2,2,0
24,-5,6,22,5,0,0,22,1,1,0.2909,22,682,1,2,0
24,-5,7,28,7,0,0,28,1,1,0.5109,29,991,2,2,0
24,-5,8,18,4,0,0,18,1,1,0.5010,20,1147,3,3,0
24,-5,9,16,5,0,0,16,1,1,0.5917,26,1655,6,4,0
24,-4,-3,25,7,0,0,25,1,1,1.1509,53,4348,2,4,0
24,-4,-2,16,5,0,0,16,1,1,0.8709,30,2199,3,5,1
24,-4,-1,26,4,0,0,26,1,1,2.4809,34,1757,4,4,1
24,-4,0,24,6,0,0,24,1,1,0.3709,24,894,1,2,0
24,-4,1,21,6,0,0,21,1,1,0.2509,21,530,1,2,0
24,-4,2,12,9,0,0,12,1,1,0.1009,11,184,0,1,0
24,-4,3,20,7,0,0,20,1,1,0.3409,20,372,1,2,0
24,-4,4,20,5,0,0,20,1,1,0.5709,24,435,5,4,0
24,-4,5,23,4,0,0,23,1,1,0.4309,23,532,1,2,0
24,-4,6,25,4,0,0,25,1,1,1.1909,31,765,3,4,1
24,-4,7,13,3,0,0,13,1,1,0.1109,12,368,0,1,0
24,-4,8,25,7,0,0,25,1,1,1.6509,34,1307,7,5,2
24,-3,-3,13,6,0,0,13,1,1,0.3423,23,1781,2,3,0
24,-3,-2,20,7,0,0,20,1,1,0.4311,27,1623,2,3,0
24,-3,-1,13,2,0,0,13,1,1,0.1109,12,660,0,1,0
24,-3,0,23,6,0,0,23,1,1,0.5709,25,751,3,3,0
24,-3,1,20,4,0,0,20,1,1,1.0309,24,472,4,4,1
24,-3,2,18,5,0,0,18,1,1,1.6109,26,432,9,10,0
24,-3,3,22,5,0,0,22,1,1,0.4709,23,406,2,2,0
24,-3,4,23,6,0,0,23,1,1,1.2409,35,637,10,4,2
24,-3,5,15,4,0,0,15,1,1,0.1311,14,260,0,1,0
24,-3,6,20,5,0,0,20,1,1,0.3709,21,471,2,2,0
24,-3,7,23,5,0,0,23,1,1,0.4209,23,666,1,2,0
24,-2,-3,19,6,0,0,19,1,1,0.6931,35,2733,3,3,0
24,-2,-2,20,7,0,0,20,1,1,0.3709,24,1229,0,2,0
24,-2,-1,20,5,0,0,20,1,1,0.6409,23,1071,4,3,0
24,-2,0,23,5,0,0,23,1,1,0.2109,22,640,0,1,0
24,-2,1,35,4,0,0,35,1,1,1.7310,39,964,4,5,1
24,-2,2,24,4,0,0,24,1,1,0.6109,25,467,2,2,0
24,-2,3,20,7,0,0,20,1,1,0.1809,19,336,0,1,0
24,-2,4,24,5,0,0,24,1,1,1.1509,28,498,4,4,1
24,-2,5,17,5,0,0,17,1,1,0.7409,23,423,7,4,1
24,-2,6,27,5,0,0,27,1,1,0.5009,28,711,2,2,0
24,-2,7,22,5,0,0,22,1,1,0.2019,21,700,0,1,0
24,-1,-4,17,5,0,0,17,1,1,0.7209,37,2974,1,3,0
24,-1,-3,21,7,0,0,21,1,1,1.1909,45,3319,6,5,2
24,-1,-2,24,7,0,0,24,1,1,1.8209,37,2206,4,4,1
24,-1,-1,14,4,0,0,14,1,1,0.1210,13,611,0,1,0
24,-1,0,23,7,0,0,23,1,1,0.2113,22,628,0,1,0
24,-1,1,22,8,0,0,22,1,1,0.5909,23,505,2,3,0
24,-1,2,17,10,0,0,17,1,1,0.3109,17,346,1,2,0
24,-1,3,25,4,0,0,25,1,1,0.6413,28,608,4,3,0
24,-1,4,20,7,0,0,20,1,1,0.6609,23,466,3,4,1
24,-1,5,22,10,0,0,22,1,1,0.4109,22,465,1,2,0
24,-1,6,21,5,0,0,21,1,1,0.1918,20,566,0,1,0
24,0,-4,22,4,0,0,22,1,1,1.1130,53,4556,2,5,0
24,0,-3,18,4,0,0,18,1,1,0.5510,33,2510,1,4,0
24,0,-2,16,4,0,0,16,1,1,0.5309,27,1658,3,3,0
24,0,-1,21,5,0,0,21,1,1,0.3209,23,1152,0,2,0
24,0,0,27,5,0,0,27,1,1,0.4509,27,1209,1,2,0
24,0,1,13,3,0,0,13,1,1,0.1125,12,463,0,1,0
24,0,2,21,5,0,0,21,1,1,0.1914,20,552,0,1,0
24,0,3,22,4,0,0,22,1,1,0.7609,27,633,5,4,1
24,0,4,25,7,0,0,25,1,1,0.7109,26,865,2,3,0
24,0,5,17,7,0,0,17,1,1,0.4709,19,599,3,3,0
24,0,6,24,3,0,0,24,1,1,0.4109,24,1399,1,2,0
24,1,-5,13,4,0,0,13,1,1,0.9509,35,3112,3,5,0
24,1,-4,27,5,0,0,27,1,1,3.8909,84,7144,10,12,2
24,1,-3,22,5,0,0,22,1,1,1.8809,58,4605,9,8,1
24,1,-2,24,5,0,0,24,1,1,0.6809,45,3169,2,3,0
24,1,-1,20,5,0,0,20,1,1,0.3709,26,1703,0,2,0
24,1,0,18,4,0,0,18,1,1,2.3409,49,2626,26,14,4
24,1,1,21,4,0,0,21,1,1,1.2909,26,1226,5,5,1
24,1,2,27,5,0,0,27,1,1,0.2521,26,1312,0,1,0
24,1,3,17,6,0,0,17,1,1,0.2909,18,727,2,2,0
24,1,4,18,7,0,0,18,1,1,0.3309,18,830,1,2,0
24,1,5,19,5,0,0,19,1,1,0.3910,23,1032,2,2,0
24,2,-5,18,7,2,2,18,1,1,4.9226,93,8758,21,22,1
24,2,-4,23,4,0,0,23,1,1,2.3511,69,6250,10,5,1
24,2,-3,15,4,0,0,15,1,1,1.2209,45,3623,8,9,2
24,2,-2,21,3,0,0,21,1,1,0.6712,39,3115,3,4,0
24,2,-1,31,5,0,0,31,1,1,0.6809,53,4201,0,3,0
24,2,0,32,4,0,0,32,1,1,3.0909,63,3493,9,5,3
24,2,1,19,5,0,0,19,1,1,0.5309,26,1490,1,3,0
24,2,2,17,3,0,0,17,1,1,0.3114,19,1096,0,2,0
24,2,3,23,5,0,0,23,1,1,0.6509,29,1634,1,3,0
24,2,4,18,5,0,0,18,1,1,0.8409,29,1972,5,5,1
24,2,5,22,6,0,0,22,1,1,0.7609,36,2236,4,3,0
24,3,-6,25,4,39,39,25,1,1,3.8233,77,7128,10,8,1
24,3,-5,19,5,11,11,19,1,1,5.9422,106,9815,46,34,1
24,3,-4,27,7,0,0,27,1,1,2.0310,75,6919,7,5,0
24,3,-3,25,6,0,0,25,1,1,1.3014,57,5370,1,4,0
24,3,-2,22,7,0,0,22,1,1,2.3009,70,5853,11,11,1
24,3,-1,16,5,0,0,16,1,1,0.5809,29,2307,0,3,0
24,3,0,20,7,0,0,20,1,1,1.3330,46,3597,8,7,1
24,3,1,22,3,0,0,22,1,1,1.4309,47,3792,4,6,1
24,4,-3,24,6,0,0,24,1,1,2.0422,65,6195,3,5,0
25,-7,6,23,4,0,0,23,1,1,1.5309,30,1614,3,4,1
25,-7,7,19,10,0,0,19,1,1,0.3509,19,988,0,2,0
25,-7,8,15,5,0,0,15,1,1,0.7209,25,1312,3,4,1
25,-6,2,23,7,0,0,23,1,1,0.6509,26,1083,4,3,0
25,-6,3,23,5,0,0,23,1,1,0.2124,22,821,0,1,0
25,-6,4,24,3,0,0,24,1,1,0.6809,27,1012,4,3,0
25,-6,5,15,5,0,0,15,1,1,0.3709,17,606,3,3,0
25,-6,6,18,7,0,0,18,1,1,0.1609,17,668,0,1,0
25,-6,7,20,4,0,0,20,1,1,0.3320,21,1014,2,2,0
25,-6,8,21,5,0,0,21,1,1,0.5909,28,1900,4,3,0
25,-5,-2,25,5,0,0,25,1,1,1.1909,46,3635,5,5,0
25,-5,-1,36,3,0,0,36,1,1,2.3710,67,4724,11,5,2
25,-5,0,29,3,0,0,29,1,1,0.4809,30,1741,2,2,0
25,-5,1,21,7,0,0,21,1,1,0.3609,21,720,1,2,0
25,-5,2,19,7,0,0,19,1,1,0.1709,18,440,0,1,0
25,-5,3,24,7,0,0,24,1,1,0.2209,23,521,0,1,0
25,-5,4,24,8,0,0,24,1,1,0.4509,24,528,1,2,0
25,-5,5,21,7,0,0,21,1,1,0.3709,21,504,1,2,0
25,-5,6,22,5,0,0,22,1,1,0.4109,23,719,2,2,0
25,-5,7,28,7,0,0,28,1,1,0.7809,29,964,2,2,0
25,-5,8,18,4,0,0,18,1,1,0.6823,22,1161,5,5,0
25,-5,9,16,5,0,0,16,1,1,0.4417,21,1219,1,3,0
25,-4,-3,25,7,0,0,25,1,1,1.6309,63,4995,8,6,2
25,-4,-2,16,5,0,0,16,1,1,0.8709,31,2285,4,5,1
25,-4,-1,26,4,0,0,26,1,1,0.3610,29,1604,1,2,0
25,-4,0,24,6,0,0,24,1,1,0.4509,25,923,2,2,0
25,-4,1,21,6,0,0,21,1,1,0.3909,21,511,1,2,0
25,-4,2,12,9,0,0,12,1,1,0.4309,14,226,3,3,0
25,-4,3,20,7,0,0,20,1,1,0.5309,23,434,4,3,0
25,-4,4,20,5,0,0,20,1,1,0.5609,21,392,2,3,0
25,-4,5,23,4,0,0,23,1,1,2.1909,31,656,8,4,1
25,-4,6,25,4,0,0,25,1,1,0.5714,26,685,2,3,0
25,-4,7,13,3,0,0,13,1,1,0.2309,13,427,1,2,0
25,-4,8,25,7,0,0,25,1,1,1.6509,36,1548,10,5,2
25,-3,-3,13,6,0,0,13,1,1,0.7230,28,2195,6,7,0
25,-3,-2,20,7,0,0,20,1,1,0.3709,25,1497,0,2,0
25,-3,-1,13,2,0,0,13,1,1,0.1811,13,667,1,2,0
25,-3,0,23,6,0,0,23,1,1,0.3509,23,718,1,2,0
25,-3,1,20,4,0,0,20,1,1,0.2709,20,424,1,2,0
25,-3,2,18,5,0,0,18,1,1,0.4209,19,341,2,3,0
25,-3,3,22,5,0,0,22,1,1,1.4609,30,508,5,4,1
25,-3,4,23,6,0,0,23,1,1,2.0709,28,483,5,4,1
25,-3,5,15,4,0,0,15,1,1,0.1311,14,247,0,1,0
25,-3,6,20,5,0,0,20,1,1,0.3709,20,441,1,2,0
25,-3,7,23,5,0,0,23,1,1,1.0809,31,874,5,4,1
25,-2,-3,19,6,0,0,19,1,1,0.6709,34,2633,2,4,0
25,-2,-2,20,7,0,0,20,1,1,0.5609,25,1312,1,3,0
25,-2,-1,20,5,0,0,20,1,1,0.2725,21,1013,2,2,0
25,-2,0,23,5,0,0,23,1,1,0.6509,24,732,2,2,0
25,-2,1,35,4,0,0,35,1,1,2.2210,48,1205,11,4,1
25,-2,2,24,4,0,0,24,1,1,0.2210,23,442,0,1,0
25,-2,3,20,7,0,0,20,1,1,0.5609,21,370,2,2,0
25,-2,4,24,5,0,0,24,1,1,0.2211,23,420,0,1,0
25,-2,5,17,5,0,0,17,1,1,1.0609,20,378,3,4,1
25,-2,6,27,5,0,0,19,0,1,-1.0000,155,3065,127,113,2
25,-2,7,22,5,0,0,22,1,1,0.6909,26,857,4,4,1
25,-1,-4,17,5,0,0,17,1,1,1.2612,45,3655,3,8,1
25,-1,-3,21,7,0,0,21,1,1,0.7909,35,2494,2,4,0
25,-1,-2,24,7,0,0,24,1,1,1.8209,40,2411,7,5,1
25,-1,-1,14,4,0,0,14,1,1,0.1209,13,595,0,1,0
25,-1,0,23,7,0,0,23,1,1,0.3809,24,709,2,2,0
25,-1,1,22,8,0,0,22,1,1,0.2009,21,478,0,1,0
25,-1,2,17,10,0,0,17,1,1,0.6309,19,372,3,3,0
25,-1,3,25,4,0,0,25,1,1,0.5509,26,538,2,3,0
25,-1,4,20,7,0,0,20,1,1,0.1809,19,376,0,1,0
25,-1,5,22,10,0,0,22,1,1,1.4609,25,508,3,4,1
25,-1,6,21,5,0,0,21,1,1,0.9609,26,683,5,4,1
25,0,-4,22,4,0,0,22,1,1,2.0609,63,5401,6,9,1
25,0,-3,18,4,0,0,18,1,1,0.4515,32,2405,0,3,0
25,0,-2,16,4,0,0,16,1,1,0.4117,25,1753,2,3,0
25,0,-1,21,5,0,0,21,1,1,0.3709,25,1245,2,2,0
25,0,0,27,5,0,0,27,1,1,1.1609,34,1330,5,4,1
25,0,1,13,3,0,0,13,1,1,0.1509,13,492,1,2,0
25,0,2,21,5,0,0,21,1,1,1.2509,29,746,5,4,1
25,0,3,22,4,0,0,22,1,1,0.6209,25,601,4,3,0
25,0,4,25,7,0,0,25,1,1,0.5009,27,856,3,3,0
25,0,5,17,7,0,0,17,1,1,2.3909,22,674,6,4,1
25,0,6,24,3,0,0,24,1,1,0.5311,26,1554,3,3,0
25,1,-5,13,4,1,1,13,1,1,1.1911,47,4286,9,8,1
25,1,-4,27,5,0,0,27,1,1,1.2909,65,5772,3,5,0
25,1,-3,22,5,0,0,22,1,1,1.0909,47,3693,8,5,0
25,1,-2,24,5,0,0,24,1,1,2.2909,56,3760,10,7,1
25,1,-1,20,5,0,0,20,1,1,0.3709,27,1816,1,2,0
25,1,0,18,4,0,0,18,1,1,0.4609,21,1049,2,2,0
25,1,1,21,4,0,0,21,1,1,0.4909,22,1085,2,3,0
25,1,2,27,5,0,0,27,1,1,2.0309,32,1429,4,4,1
25,1,3,17,6,0,0,17,1,1,0.1729,18,894,2,2,0
25,1,4,18,7,0,0,18,1,1,0.6709,21,1132,3,4,1
25,1,5,19,5,0,0,19,1,1,0.3509,22,1019,1,2,0
25,2,-5,18,7,1,1,18,1,1,1.1415,42,3792,1,4,0
25,2,-4,23,4,0,0,23,1,1,1.4213,68,6429,8,6,2
25,2,-3,15,4,0,0,15,1,1,0.6609,35,2993,1,3,0
25,2,-2,21,3,0,0,21,1,1,2.0710,48,3528,6,8,1
25,2,-1,31,5,0,0,31,1,1,2.0909,58,4420,4,4,1
25,2,0,32,4,0,0,32,1,1,1.2309,46,2812,2,4,0
25,2,1,19,5,0,0,19,1,1,0.3509,24,1434,0,2,0
25,2,2,17,3,0,0,17,1,1,0.4510,21,1245,2,3,0
25,2,3,23,5,0,0,23,1,1,0.6510,28,1509,1,3,0
25,2,4,18,5,0,0,18,1,1,2.3113,41,2422,10,9,3
25,2,5,22,6,0,0,22,1,1,1.3909,36,2223,3,4,1
25,3,-6,25,4,32,32,25,1,1,2.4429,73,6444,5,8,1
25,3,-5,19,5,5,5,19,1,1,2.0520,52,4856,3,4,0
25,3,-4,27,7,0,0,27,1,1,2.0827,78,7135,5,8,1
25,3,-3,25,6,0,0,25,1,1,1.5416,61,5674,4,5,0
25,3,-2,22,7,0,0,22,1,1,0.8309,49,4082,0,3,0
25,3,-1,16,5,0,0,16,1,1,0.8809,33,2507,3,4,0
25,3,0,20,7,0,0,20,1,1,1.1309,53,3800,7,5,1
25,3,1,22,3,0,0,22,1,1,0.8009,42,3482,3,4,0
25,4,-3,24,6,0,0,24,1,1,2.0420,64,5967,2,4,0
26,-7,6,23,4,0,0,23,1,1,0.3312,25,1508,0,2,0
26,-7,7,19,10,0,0,19,1,1,0.3509,21,1004,0,2,0
26,-7,8,15,5,0,0,15,1,1,0.7209,24,1288,3,4,1
26,-6,2,23,7,0,0,23,1,1,0.4309,24,984,2,2,0
26,-6,3,23,5,0,0,23,1,1,0.4224,24,921,2,2,0
26,-6,4,24,3,0,0,24,1,1,0.4509,24,828,1,2,0
26,-6,5,15,5,0,0,15,1,1,0.2609,15,488,1,2,0
26,-6,6,18,7,0,0,18,1,1,0.1609,17,662,0,1,0
26,-6,7,20,4,0,0,20,1,1,0.4509,21,1136,2,3,0
26,-6,8,21,5,0,0,21,1,1,1.9909,44,2308,16,9,1
26,-5,-2,25,5,0,0,25,1,1,0.7911,43,3293,2,3,0
26,-5,-1,36,3,0,0,36,1,1,1.3210,60,4202,4,4,0
26,-5,0,29,3,0,0,29,1,1,0.7609,31,1759,2,3,0
26,-5,1,21,7,0,0,21,1,1,3.1609,28,913,6,4,2
26,-5,2,19,7,0,0,19,1,1,0.1709,18,441,0,1,0
26,-5,3,24,7,0,0,24,1,1,1.6009,27,578,3,4,1
26,-5,4,24,8,0,0,24,1,1,0.9109,28,642,4,4,1
26,-5,5,21,7,0,0,21,1,1,0.1909,20,479,0,1,0
26,-5,6,22,5,0,0,22,1,1,0.4109,22,651,1,2,0
26,-5,7,28,7,0,0,28,1,1,0.7809,29,887,2,3,0
26,-5,8,18,4,0,0,18,1,1,0.3009,18,899,1,2,0
26,-5,9,16,5,0,0,16,1,1,0.2915,20,1100,0,2,0
26,-4,-3,25,7,0,0,25,1,1,1.4612,58,4419,6,5,1
26,-4,-2,16,5,0,0,16,1,1,1.3209,35,2310,6,8,1
26,-4,-1,26,4,0,0,26,1,1,0.7309,32,1777,4,3,0
26,-4,0,24,6,0,0,24,1,1,0.4509,24,877,1,2,0
26,-4,1,21,6,0,0,21,1,1,0.2109,21,498,1,2,0
26,-4,2,12,9,0,0,12,1,1,0.4309,14,228,3,3,0
26,-4,3,20,7,0,0,20,1,1,1.8609,24,426,3,4,1
26,-4,4,20,5,0,0,20,1,1,0.3709,20,388,1,2,0
26,-4,5,23,4,0,0,23,1,1,0.8709,26,581,3,4,1
26,-4,6,25,4,0,0,25,1,1,0.3209,26,655,2,2,0
26,-4,7,13,3,0,0,13,1,1,0.1109,12,391,0,1,0
26,-4,8,25,7,0,0,25,1,1,3.0909,38,1464,14,12,0
26,-3,-3,13,6,0,0,13,1,1,0.3309,22,1633,0,3,0
26,-3,-2,20,7,0,0,20,1,1,0.7509,30,1756,4,4,0
26,-3,-1,13,2,0,0,13,1,1,0.1109,12,611,0,1,0
26,-3,0,23,6,0,0,23,1,1,2.1709,26,746,3,4,1
26,-3,1,20,4,0,0,20,1,1,0.1809,19,388,0,1,0
26,-3,2,18,5,0,0,18,1,1,0.5909,20,357,3,4,0
26,-3,3,22,5,0,0,22,1,1,0.3109,22,390,1,2,0
26,-3,4,23,6,0,0,23,1,1,0.2110,22,386,0,1,0
26,-3,5,15,4,0,0,15,1,1,0.1310,14,247,0,1,0
26,-3,6,20,5,0,0,20,1,1,1.8909,24,507,4,4,1
26,-3,7,23,5,0,0,23,1,1,0.8609,28,751,4,4,1
26,-2,-3,19,6,0,0,19,1,1,0.5211,31,2441,0,3,0
26,-2,-2,20,7,0,0,20,1,1,0.7510,29,1482,4,4,0
26,-2,-1,20,5,0,0,20,1,1,0.3426,20,993,1,2,0
26,-2,0,23,5,0,0,23,1,1,0.2109,22,645,0,1,0
26,-2,1,35,4,0,0,35,1,1,0.6710,35,824,1,2,0
26,-2,2,24,4,0,0,24,1,1,1.5309,28,523,4,5,1
26,-2,3,20,7,0,0,20,1,1,1.8909,27,453,8,4,2
26,-2,4,24,5,0,0,24,1,1,0.2410,24,443,1,2,0
26,-2,5,17,5,0,0,17,1,1,0.1509,16,301,0,1,0
26,-2,6,27,5,0,0,27,1,1,1.1109,31,756,5,5,0
26,-2,7,22,5,0,0,22,1,1,0.4222,24,869,3,3,0
26,-1,-4,17,5,0,0,17,1,1,0.8810,39,3122,3,5,0
26,-1,-3,21,7,0,0,21,1,1,0.5909,33,2420,0,3,0
26,-1,-2,24,7,0,0,24,1,1,0.6709,36,2160,4,3,0
26,-1,-1,14,4,0,0,14,1,1,0.5309,19,933,4,4,1
26,-1,0,23,7,0,0,23,1,1,0.3809,24,670,2,2,0
26,-1,1,22,8,0,0,22,1,1,0.2009,21,463,0,1,0
26,-1,2,17,10,0,0,17,1,1,0.1509,16,330,0,1,0
26,-1,3,25,4,0,0,25,1,1,0.6309,28,563,4,3,0
26,-1,4,20,7,0,0,20,1,1,1.2309,23,432,4,4,1
26,-1,5,22,10,0,0,22,1,1,1.0409,25,508,4,4,0
26,-1,6,21,5,0,0,21,1,1,1.3609,23,666,3,4,1
26,0,-4,22,4,0,0,22,1,1,1.2209,54,4515,3,3,0
26,0,-3,18,4,0,0,18,1,1,0.5414,34,2553,1,4,0
26,0,-2,16,4,0,0,16,1,1,0.8309,30,1962,3,6,1
26,0,-1,21,5,0,0,21,1,1,1.4109,30,1550,6,4,1
26,0,0,27,5,0,0,27,1,1,0.5109,27,1165,1,2,0
26,0,1,13,3,0,0,13,1,1,0.1509,13,448,1,2,0
26,0,2,21,5,0,0,21,1,1,0.9809,27,700,5,4,1
26,0,3,22,4,0,0,22,1,1,1.4809,33,760,10,4,2
26,0,4,25,7,0,0,25,1,1,0.4709,26,804,2,2,0
26,0,5,17,7,0,0,17,1,1,1.5909,20,543,3,4,1
26,0,6,24,3,0,0,24,1,1,0.4509,24,1403,1,2,0
26,1,-5,13,4,1,1,13,1,1,0.7110,32,2914,0,3,0
26,1,-4,27,5,0,0,27,1,1,2.0709,66,5961,5,7,0
26,1,-3,22,5,0,0,22,1,1,1.6709,49,3917,6,5,1
26,1,-2,24,5,0,0,24,1,1,0.6809,45,3237,2,3,0
26,1,-1,20,5,0,0,20,1,1,0.3926,28,1824,1,3,0
26,1,0,18,4,0,0,18,1,1,0.9209,23,1067,4,4,0
26,1,1,21,4,0,0,21,1,1,0.2909,21,1068,1,2,0
26,1,2,27,5,0,0,27,1,1,1.6009,35,1608,6,6,1
26,1,3,17,6,0,0,17,1,1,0.1527,16,711,0,1,0
26,1,4,18,7,0,0,18,1,1,1.0409,25,1273,7,6,1
26,1,5,19,5,0,0,19,1,1,1.4209,34,1342,9,7,3
26,2,-5,18,7,0,0,18,1,1,1.1419,43,3933,2,4,0
26,2,-4,23,4,0,0,23,1,1,1.6931,60,5506,3,6,0
26,2,-3,15,4,0,0,15,1,1,1.0809,47,3884,5,7,1
26,2,-2,21,3,0,0,21,1,1,1.4210,41,2971,3,4,1
26,2,-1,31,5,0,0,31,1,1,1.2809,56,4464,3,5,0
26,2,0,32,4,0,0,32,1,1,2.1609,53,3142,6,4,1
26,2,1,19,5,0,0,19,1,1,1.0709,30,1828,5,6,0
26,2,2,17,3,0,0,17,1,1,0.3115,20,1116,1,2,0
26,2,3,23,5,0,0,23,1,1,0.4309,28,1479,0,2,0
26,2,4,18,5,0,0,18,1,1,0.4409,25,1525,1,2,0
26,2,5,22,6,0,0,22,1,1,0.4109,32,2059,0,2,0
26,3,-6,25,4,35,35,25,1,1,2.1434,69,6362,6,7,1
26,3,-5,19,5,8,8,19,1,1,2.4130,61,5796,6,7,1
26,3,-4,27,7,0,0,27,1,1,4.8911,76,6745,5,4,1
26,3,-3,25,6,0,0,25,1,1,2.3518,83,7901,9,9,2
26,3,-2,22,7,0,0,22,1,1,1.4609,53,4525,4,7,0
26,3,-1,16,5,0,0,16,1,1,0.5809,30,2398,0,3,0
26,3,0,20,7,0,0,20,1,1,0.9409,38,2816,2,3,0
26,3,1,22,3,0,0,22,1,1,0.9209,41,3357,2,5,0
26,4,-3,24,6,0,0,24,1,1,2.0423,62,5846,0,3,0
27,-7,6,23,4,0,0,23,1,1,0.9012,31,1974,3,4,1
27,-7,7,19,10,0,0,19,1,1,0.3509,22,1097,1,2,0
27,-7,8,15,5,0,0,15,1,1,0.6909,24,1309,3,3,0
27,-6,2,23,7,0,0,23,1,1,1.1509,28,1005,5,4,1
27,-6,3,23,5,0,0,23,1,1,0.2122,22,814,0,1,0
27,-6,4,24,3,0,0,24,1,1,0.3017,25,866,2,2,0
27,-6,5,15,5,0,0,15,1,1,0.1320,14,449,0,1,0
27,-6,6,18,7,0,0,18,1,1,0.9409,23,747,6,6,0
27,-6,7,20,4,0,0,20,1,1,0.8410,24,1221,4,4,1
27,-6,8,21,5,0,0,21,1,1,0.7909,30,1814,4,4,0
27,-5,-2,25,5,0,0,25,1,1,2.3909,69,5390,17,10,4
27,-5,-1,36,3,0,0,36,1,1,2.0210,71,5011,9,5,2
27,-5,0,29,3,0,0,29,1,1,0.5209,29,1623,1,2,0
27,-5,1,21,7,0,0,21,1,1,0.8009,24,766,3,4,1
27,-5,2,19,7,0,0,19,1,1,0.1709,18,431,0,1,0
27,-5,3,24,7,0,0,24,1,1,3.6709,30,653,6,4,1
27,-5,4,24,8,0,0,24,1,1,0.4509,25,541,2,2,0
27,-5,5,21,7,0,0,21,1,1,0.1909,20,484,0,1,0
27,-5,6,22,5,0,0,22,1,1,0.2009,21,621,0,1,0
27,-5,7,28,7,0,0,28,1,1,0.2610,27,912,0,1,0
27,-5,8,18,4,0,0,18,1,1,0.9109,25,1203,6,4,1
27,-5,9,16,5,0,0,16,1,1,1.4509,26,1272,5,5,1
27,-4,-3,25,7,0,0,25,1,1,1.1509,53,4284,2,3,0
27,-4,-2,16,5,0,0,16,1,1,0.6125,26,1932,3,5,1
27,-4,-1,26,4,0,0,26,1,1,2.4809,33,1733,5,4,1
27,-4,0,24,6,0,0,24,1,1,0.3709,24,856,1,2,0
27,-4,1,21,6,0,0,21,1,1,0.2109,21,528,1,2,0
27,-4,2,12,9,0,0,12,1,1,0.2109,12,205,1,2,0
27,-4,3,20,7,0,0,20,1,1,1.2909,24,443,4,4,1
27,-4,4,20,5,0,0,20,1,1,0.1809,19,345,0,1,0
27,-4,5,23,4,0,0,23,1,1,1.5309,27,572,4,4,1
27,-4,6,25,4,0,0,25,1,1,0.4709,25,633,1,2,0
27,-4,7,13,3,0,0,13,1,1,0.1709,13,398,1,2,0
27,-4,8,25,7,0,0,25,1,1,1.6509,30,1271,4,4,1
27,-3,-3,13,6,0,0,13,1,1,0.4509,23,1699,1,4,0
27,-3,-2,20,7,0,0,20,1,1,0.7613,28,1817,3,4,1
27,-3,-1,13,2,0,0,13,1,1,0.2810,15,753,3,3,0
27,-3,0,23,6,0,0,23,1,1,0.2119,22,636,0,1,0
27,-3,1,20,4,0,0,20,1,1,0.9009,24,493,4,4,1
27,-3,2,18,5,0,0,18,1,1,0.6909,22,390,4,4,1
27,-3,3,22,5,0,0,22,1,1,0.2009,21,350,0,1,0
27,-3,4,23,6,0,0,23,1,1,0.4209,25,444,3,2,0
27,-3,5,15,4,0,0,15,1,1,0.5409,17,282,3,3,0
27,-3,6,20,5,0,0,20,1,1,0.3709,20,429,1,2,0
27,-3,7,23,5,0,0,23,1,1,0.2120,22,651,0,1,0
27,-2,-3,19,6,0,0,19,1,1,0.9016,39,2787,6,4,1
27,-2,-2,20,7,0,0,20,1,1,0.4817,27,1394,3,3,0
27,-2,-1,20,5,0,0,20,1,1,0.2609,20,945,1,2,0
27,-2,0,23,5,0,0,23,1,1,0.6509,25,728,3,3,0
27,-2,1,35,4,0,0,35,1,1,0.8610,39,1001,5,3,0
27,-2,2,24,4,0,0,24,1,1,0.7709,27,548,4,3,0
27,-2,3,20,7,0,0,20,1,1,0.3709,20,351,1,2,0
27,-2,4,24,5,0,0,24,1,1,1.3409,32,606,8,4,1
27,-2,5,17,5,0,0,17,1,1,1.3809,26,539,7,8,2
27,-2,6,27,5,0,0,27,1,1,0.2512,26,669,0,1,0
27,-2,7,22,5,0,0,22,1,1,0.2023,21,726,0,1,0
27,-1,-4,17,5,0,0,17,1,1,1.2612,46,3755,4,7,1
27,-1,-3,21,7,0,0,21,1,1,1.1909,38,2732,5,3,0
27,-1,-2,24,7,0,0,24,1,1,1.8209,39,2252,5,4,1
27,-1,-1,14,4,0,0,14,1,1,0.2209,14,690,1,2,0
27,-1,0,23,7,0,0,23,1,1,0.2509,23,684,1,2,0
27,-1,1,22,8,0,0,22,1,1,1.0109,26,557,5,3,0
27,-1,2,17,10,0,0,17,1,1,0.1509,16,334,0,1,0
27,-1,3,25,4,0,0,25,1,1,0.7109,28,560,4,3,0
27,-1,4,20,7,0,0,20,1,1,0.3709,20,394,1,2,0
27,-1,5,22,10,0,0,22,1,1,1.2509,26,529,5,4,0
27,-1,6,21,5,0,0,21,1,1,0.1920,20,558,0,1,0
27,0,-4,22,4,0,0,22,1,1,1.6409,63,5496,5,7,1
27,0,-3,18,4,0,0,18,1,1,0.5415,33,2408,1,3,0
27,0,-2,16,4,0,0,16,1,1,0.2909,24,1543,0,2,0
27,0,-1,21,5,0,0,21,1,1,0.3910,24,1236,1,2,0
27,0,0,27,5,0,0,27,1,1,0.4509,28,1199,2,2,0
27,0,1,13,3,0,0,13,1,1,0.1123,12,433,0,1,0
27,0,2,21,5,0,0,21,1,1,0.3809,22,598,2,2,0
27,0,3,22,4,0,0,22,1,1,0.5709,23,590,2,3,0
27,0,4,25,7,0,0,25,1,1,0.4709,26,807,2,2,0
27,0,5,17,7,0,0,17,1,1,0.1509,16,490,0,1,0
27,0,6,24,3,0,0,24,1,1,2.0309,33,1676,9,8,2
27,1,-5,13,4,2,2,13,1,1,1.5510,40,3245,8,7,0
27,1,-4,27,5,0,0,27,1,1,2.5909,79,6900,9,7,1
27,1,-3,22,5,0,0,22,1,1,1.2509,48,3847,5,5,1
27,1,-2,24,5,0,0,24,1,1,1.8309,51,3399,6,4,1
27,1,-1,20,5,0,0,20,1,1,0.3709,25,1666,0,2,0
27,1,0,18,4,0,0,18,1,1,0.4109,20,1098,1,3,0
27,1,1,21,4,0,0,21,1,1,0.3909,21,1069,1,2,0
27,1,2,27,5,0,0,27,1,1,1.2509,34,1554,3,4,1
27,1,3,17,6,0,0,17,1,1,0.1526,16,710,0,1,0
27,1,4,18,7,0,0,18,1,1,0.3309,18,822,1,2,0
27,1,5,19,5,0,0,19,1,1,0.5209,23,1037,2,3,0
27,2,-5,18,7,1,1,18,1,1,1.3120,45,3995,4,4,0
27,2,-4,23,4,0,0,23,1,1,1.3427,61,5655,4,6,0
27,2,-3,15,4,0,0,15,1,1,0.6609,36,3104,2,4,0
27,2,-2,21,3,0,0,21,1,1,1.3509,40,2976,4,4,1
27,2,-1,31,5,0,0,31,1,1,2.9909,69,4736,6,6,2
27,2,0,32,4,0,0,32,1,1,2.1609,54,3195,7,4,1
27,2,1,19,5,0,0,19,1,1,0.8909,32,1797,6,4,0
27,2,2,17,3,0,0,17,1,1,0.4715,22,1380,3,3,0
27,2,3,23,5,0,0,23,1,1,0.6509,30,1577,2,2,0
27,2,4,18,5,0,0,18,1,1,0.3309,24,1511,0,2,0
27,2,5,22,6,0,0,22,1,1,0.7609,36,2222,5,3,0
27,3,-6,25,4,42,42,25,1,1,2.3833,75,6749,7,7,1
27,3,-5,19,5,2,2,19,1,1,3.1310,69,6445,11,7,1
27,3,-4,27,7,0,0,27,1,1,2.2909,73,6581,5,6,0
27,3,-3,25,6,0,0,25,1,1,2.0215,62,5814,5,5,0
27,3,-2,22,7,0,0,22,1,1,3.9809,54,4141,4,5,1
27,3,-1,16,5,0,0,16,1,1,0.7429,37,3100,5,5,1
27,3,0,20,7,0,0,20,1,1,0.7509,37,2805,1,4,0
27,3,1,22,3,0,0,22,1,1,0.6214,42,3445,2,3,0
27,4,-3,24,6,1,1,24,1,1,9.4016,120,10704,39,37,2
28,-7,6,23,4,0,0,23,1,1,0.4309,26,1511,1,2,0
28,-7,7,19,10,0,0,19,1,1,0.7109,23,1045,2,3,0
28,-7,8,15,5,0,0,15,1,1,3.0709,45,3399,24,22,1
28,-6,2,23,7,0,0,23,1,1,0.2109,22,910,0,1,0
28,-6,3,23,5,0,0,23,1,1,0.6309,24,868,2,2,0
28,-6,4,24,3,0,0,24,1,1,1.0909,27,907,3,4,1
28,-6,5,15,5,0,0,15,1,1,0.6809,23,735,8,5,0
28,-6,6,18,7,0,0,18,1,1,0.6009,20,729,3,3,0
28,-6,7,20,4,0,0,20,1,1,0.2609,20,937,1,2,0
28,-6,8,21,5,0,0,21,1,1,0.5909,27,1687,2,2,0
28,-5,-2,25,5,0,0,25,1,1,0.7910,46,3612,4,3,0
28,-5,-1,36,3,0,0,36,1,1,2.7210,71,4790,9,7,1
28,-5,0,29,3,0,0,29,1,1,0.4809,29,1669,1,2,0
28,-5,1,21,7,0,0,21,1,1,3.1609,23,795,3,4,1
28,-5,2,19,7,0,0,19,1,1,15.5415,110,3458,91,87,2
28,-5,3,24,7,0,0,24,1,1,1.5510,29,623,6,7,2
28,-5,4,24,8,0,0,24,1,1,1.1409,34,707,3,4,1
28,-5,5,21,7,0,0,21,1,1,0.8009,26,713,5,4,1
28,-5,6,22,5,0,0,22,1,1,0.2009,21,626,0,1,0
28,-5,7,28,7,0,0,28,1,1,0.5109,29,954,2,2,0
28,-5,8,18,4,0,0,18,1,1,0.4210,21,1085,4,2,0
28,-5,9,16,5,0,0,16,1,1,0.4311,23,1219,2,3,0
28,-4,-3,25,7,0,0,25,1,1,3.0709,59,4758,7,6,1
28,-4,-2,16,5,0,0,16,1,1,0.7209,28,1893,5,4,0
28,-4,-1,26,4,0,0,26,1,1,0.5909,30,1716,3,3,0
28,-4,0,24,6,0,0,24,1,1,0.2209,23,840,0,1,0
28,-4,1,21,6,0,0,21,1,1,1.4110,28,673,8,8,0
28,-4,2,12,9,0,0,12,1,1,0.3209,13,213,2,2,0
28,-4,3,20,7,0,0,20,1,1,0.7209,23,428,4,3,0
28,-4,4,20,5,0,0,20,1,1,0.1809,19,358,0,1,0
28,-4,5,23,4,0,0,23,1,1,0.4309,23,503,1,2,0
28,-4,6,25,4,0,0,25,1,1,1.2809,31,747,4,4,1
28,-4,7,13,3,0,0,13,1,1,0.7709,17,468,4,5,1
28,-4,8,25,7,0,0,25,1,1,3.0909,36,1356,9,5,3
28,-3,-3,13,6,0,0,13,1,1,0.4509,23,1625,1,4,0
28,-3,-2,20,7,0,0,20,1,1,1.3209,30,1629,3,4,1
28,-3,-1,13,2,0,0,13,1,1,0.1109,12,635,0,1,0
28,-3,0,23,6,0,0,23,1,1,7.6709,67,1640,40,35,2
28,-3,1,20,4,0,0,20,1,1,0.2709,20,415,1,2,0
28,-3,2,18,5,0,0,18,1,1,0.1609,17,294,0,1,0
28,-3,3,22,5,0,0,22,1,1,0.2609,22,393,1,2,0
28,-3,4,23,6,0,0,23,1,1,0.2110,22,392,0,1,0
28,-3,5,15,4,0,0,15,1,1,0.2710,16,288,2,2,0
28,-3,6,20,5,0,0,20,1,1,0.7609,23,537,3,4,1
28,-3,7,23,5,0,0,23,1,1,2.1809,36,1001,11,5,3
28,-2,-3,19,6,0,0,19,1,1,0.5211,30,2381,0,3,0
28,-2,-2,20,7,0,0,20,1,1,1.1309,30,1554,6,6,0
28,-2,-1,20,5,0,0,20,1,1,0.1828,19,932,0,1,0
28,-2,0,23,5,0,0,23,1,1,0.2109,22,671,0,1,0
28,-2,1,35,4,0,0,35,1,1,0.6710,37,917,3,2,0
28,-2,2,24,4,0,0,24,1,1,0.5409,26,484,3,3,0
28,-2,3,20,7,0,0,20,1,1,0.3709,20,355,1,2,0
28,-2,4,24,5,0,0,24,1,1,0.4209,24,452,1,2,0
28,-2,5,17,5,0,0,17,1,1,1.1110,20,379,3,4,1
28,-2,6,27,5,0,0,27,1,1,0.2513,26,645,0,1,0
28,-2,7,22,5,0,0,22,1,1,1.4009,25,878,4,4,1
28,-1,-4,17,5,0,0,17,1,1,1.2010,50,3924,5,7,1
28,-1,-3,21,7,0,0,21,1,1,1.3909,41,3034,4,5,1
28,-1,-2,24,7,0,0,24,1,1,1.3609,38,2135,6,4,0
28,-1,-1,14,4,0,0,14,1,1,0.2209,14,639,1,2,0
28,-1,0,23,7,0,0,23,1,1,0.3809,23,640,1,2,0
28,-1,1,22,8,0,0,22,1,1,2.0609,25,582,4,4,1
28,-1,2,17,10,0,0,17,1,1,0.1509,16,317,0,1,0
28,-1,3,25,4,0,0,25,1,1,0.6709,28,585,4,3,0
28,-1,4,20,7,0,0,20,1,1,0.4709,22,416,3,3,0
28,-1,5,22,10,0,0,22,1,1,0.8309,24,499,3,3,0
28,-1,6,21,5,0,0,21,1,1,0.5609,22,608,2,2,0
28,0,-4,22,4,0,0,22,1,1,1.6730,64,5668,6,7,1
28,0,-3,18,4,0,0,18,1,1,1.1810,38,2615,4,4,1
28,0,-2,16,4,0,0,16,1,1,0.8616,32,2215,5,5,1
28,0,-1,21,5,0,0,21,1,1,0.5709,28,1531,5,3,0
28,0,0,27,5,0,0,27,1,1,0.7109,28,1250,2,2,0
28,0,1,13,3,0,0,13,1,1,0.1120,12,424,0,1,0
28,0,2,21,5,0,0,21,1,1,1.7809,29,681,7,4,1
28,0,3,22,4,0,0,22,1,1,1.3110,27,619,5,4,1
28,0,4,25,7,0,0,25,1,1,0.4709,25,780,1,2,0
28,0,5,17,7,0,0,17,1,1,0.1509,16,476,0,1,0
28,0,6,24,3,0,0,24,1,1,0.3009,24,1361,1,2,0
28,1,-5,13,4,4,4,13,1,1,3.7111,77,7183,36,29,1
28,1,-4,27,5,0,0,27,1,1,2.0709,71,6290,5,6,1
28,1,-3,22,5,0,0,22,1,1,1.4609,43,3526,4,6,0
28,1,-2,24,5,0,0,24,1,1,1.6009,54,3842,4,6,1
28,1,-1,20,5,0,0,20,1,1,5.8809,61,2919,33,30,0
28,1,0,18,4,0,0,18,1,1,0.5809,21,1130,2,3,0
28,1,1,21,4,0,0,21,1,1,0.5909,22,1172,2,3,0
28,1,2,27,5,0,0,27,1,1,0.7309,29,1421,3,3,0
28,1,3,17,6,0,0,17,1,1,2.0509,20,770,3,4,1
28,1,4,18,7,0,0,18,1,1,0.7010,21,986,3,4,1
28,1,5,19,5,0,0,19,1,1,0.7509,28,1080,6,4,1
28,2,-5,18,7,2,2,18,1,1,1.8217,53,4847,8,8,1
28,2,-4,23,4,0,0,23,1,1,1.7634,66,6182,7,6,1
28,2,-3,15,4,0,0,15,1,1,0.5317,35,3016,1,4,0
28,2,-2,21,3,0,0,21,1,1,1.1910,43,3386,6,6,0
28,2,-1,31,5,0,0,31,1,1,2.0909,59,4536,4,4,1
28,2,0,32,4,0,0,32,1,1,2.7809,61,3719,13,5,2
28,2,1,19,5,0,0,19,1,1,1.0709,35,1998,6,5,1
28,2,2,17,3,0,0,17,1,1,0.7914,24,1311,4,5,0
28,2,3,23,5,0,0,23,1,1,0.6009,29,1522,1,3,0
28,2,4,18,5,0,0,18,1,1,0.8709,28,1590,3,4,1
28,2,5,22,6,0,0,22,1,1,0.8309,34,2168,2,4,0
28,3,-6,25,4,48,48,25,1,1,2.3835,68,5928,7,6,1
28,3,-5,19,5,6,6,19,1,1,2.1623,71,6677,16,13,1
28,3,-4,27,7,0,0,27,1,1,1.5110,70,6438,2,5,0
28,3,-3,25,6,0,0,25,1,1,1.7817,70,6503,9,7,1
28,3,-2,22,7,0,0,22,1,1,0.8309,50,4199,1,4,0
28,3,-1,16,5,0,0,16,1,1,0.8809,37,3030,5,6,1
28,3,0,20,7,0,0,20,1,1,2.4609,47,3264,9,4,1
28,3,1,22,3,0,0,22,1,1,0.8009,42,3425,3,3,0
28,4,-3,24,6,0,0,24,1,1,2.2724,64,5945,2,4,0
29,-7,6,23,4,0,0,23,1,1,0.6910,27,1712,2,4,0
29,-7,7,19,10,0,0,19,1,1,0.5309,22,1016,1,2,0
29,-7,8,15,5,0,0,15,1,1,0.5509,25,1399,5,3,0
29,-6,2,23,7,0,0,23,1,1,0.6509,25,1048,3,2,0
29,-6,3,23,5,0,0,23,1,1,0.2120,22,753,0,1,0
29,-6,4,24,3,0,0,24,1,1,0.4116,25,855,2,2,0
29,-6,5,15,5,0,0,15,1,1,4.1809,44,1701,29,30,0
29,-6,6,18,7,0,0,18,1,1,0.1609,17,662,0,1,0
29,-6,7,20,4,0,0,20,1,1,0.2609,20,934,1,2,0
29,-6,8,21,5,0,0,21,1,1,0.9909,32,2007,4,4,1
29,-5,-2,25,5,0,0,25,1,1,1.6710,49,3800,6,4,1
29,-5,-1,36,3,0,0,36,1,1,1.5310,65,4562,9,5,0
29,-5,0,29,3,0,0,29,1,1,1.7013,38,2015,8,4,1
29,-5,1,21,7,0,0,21,1,1,0.3609,21,739,1,2,0
29,-5,2,19,7,0,0,19,1,1,0.4109,21,536,3,3,0
29,-5,3,24,7,0,0,24,1,1,0.4509,24,546,1,2,0
29,-5,4,24,8,0,0,24,1,1,0.2209,23,522,0,1,0
29,-5,5,21,7,0,0,21,1,1,0.1909,20,460,0,1,0
29,-5,6,22,5,0,0,22,1,1,0.9209,26,778,3,4,1
29,-5,7,28,7,0,0,28,1,1,2.6709,34,1100,6,4,2
29,-5,8,18,4,0,0,18,1,1,0.1609,17,863,0,1,0
29,-5,9,16,5,0,0,16,1,1,0.5509,22,1183,3,3,0
29,-4,-3,25,7,0,0,25,1,1,1.1509,54,4492,4,4,0
29,-4,-2,16,5,0,0,16,1,1,0.8709,33,2335,6,5,1
29,-4,-1,26,4,0,0,26,1,1,2.4809,46,2461,13,5,4
29,-4,0,24,6,0,0,24,1,1,0.2209,23,847,0,1,0
29,-4,1,21,6,0,0,21,1,1,1.0509,27,606,6,5,1
29,-4,2,12,9,0,0,12,1,1,0.4309,14,226,3,3,0
29,-4,3,20,7,0,0,20,1,1,0.1811,19,344,0,1,0
29,-4,4,20,5,0,0,20,1,1,0.5609,21,398,2,2,0
29,-4,5,23,4,0,0,23,1,1,0.8709,27,626,5,3,0
29,-4,6,25,4,0,0,25,1,1,0.7109,27,658,3,3,0
29,-4,7,13,3,0,0,13,1,1,0.1709,13,418,1,2,0
29,-4,8,25,7,0,0,25,1,1,0.6909,26,1124,2,2,0
29,-3,-3,13,6,0,0,13,1,1,0.3309,21,1587,0,3,0
29,-3,-2,20,7,0,0,20,1,1,0.3709,27,1520,0,2,0
29,-3,-1,13,2,0,0,13,1,1,0.2309,14,711,2,2,0
29,-3,0,23,6,0,0,23,1,1,1.4509,34,896,7,5,2
29,-3,1,20,4,0,0,20,1,1,0.3709,20,411,1,2,0
29,-3,2,18,5,0,0,18,1,1,0.1609,17,304,0,1,0
29,-3,3,22,5,0,0,22,1,1,0.2009,21,368,0,1,0
29,-3,4,23,6,0,0,23,1,1,0.5309,26,461,4,3,0
29,-3,5,15,4,0,0,15,1,1,0.1311,14,260,0,1,0
29,-3,6,20,5,0,0,20,1,1,0.3709,21,453,2,2,0
29,-3,7,23,5,0,0,23,1,1,1.7409,31,823,7,7,2
29,-2,-3,19,6,0,0,19,1,1,0.6928,34,2624,2,4,0
29,-2,-2,20,7,0,0,20,1,1,0.3709,26,1268,1,2,0
29,-2,-1,20,5,0,0,20,1,1,1.4809,30,1253,8,5,2
29,-2,0,23,5,0,0,23,1,1,0.6509,24,723,2,3,0
29,-2,1,35,4,0,0,35,1,1,0.6212,37,949,3,2,0
29,-2,2,24,4,0,0,24,1,1,0.7709,28,547,5,3,0
29,-2,3,20,7,0,0,20,1,1,0.1809,19,334,0,1,0
29,-2,4,24,5,0,0,24,1,1,0.4209,24,440,1,2,0
29,-2,5,17,5,0,0,17,1,1,0.1509,16,308,0,1,0
29,-2,6,27,5,0,0,27,1,1,1.3709,37,919,9,6,1
29,-2,7,22,5,0,0,22,1,1,0.2017,21,711,0,1,0
29,-1,-4,17,5,0,0,17,1,1,0.6211,36,2928,0,3,0
29,-1,-3,21,7,0,0,21,1,1,0.5909,35,2556,2,3,0
29,-1,-2,24,7,0,0,24,1,1,2.9709,40,2268,7,4,2
29,-1,-1,14,4,0,0,14,1,1,0.3509,16,779,3,3,0
29,-1,0,23,7,0,0,23,1,1,0.6009,24,660,2,3,0
29,-1,1,22,8,0,0,22,1,1,1.4309,27,594,4,5,1
29,-1,2,17,10,0,0,17,1,1,0.7909,21,410,3,4,1
29,-1,3,25,4,0,0,25,1,1,0.5509,26,531,2,2,0
29,-1,4,20,7,0,0,20,1,1,0.3109,21,404,2,2,0
29,-1,5,22,10,0,0,22,1,1,0.4109,22,490,1,2,0
29,-1,6,21,5,0,0,21,1,1,0.5609,25,684,5,3,0
29,0,-4,22,4,0,0,22,1,1,0.8009,53,4570,2,4,0
29,0,-3,18,4,0,0,18,1,1,1.5709,41,2887,7,6,2
29,0,-2,16,4,0,0,16,1,1,1.2809,31,1932,5,4,1
29,0,-1,21,5,0,0,21,1,1,0.3709,24,1218,0,2,0
29,0,0,27,5,0,0,27,1,1,0.2509,26,1129,0,1,0
29,0,1,13,3,0,0,13,1,1,0.3409,14,532,2,3,0
29,0,2,21,5,0,0,21,1,1,1.3809,25,635,3,4,1
29,0,3,22,4,0,0,22,1,1,0.2009,21,525,0,1,0
29,0,4,25,7,0,0,25,1,1,1.6709,28,830,4,4,1
29,0,5,17,7,0,0,17,1,1,0.3109,17,510,1,2,0
29,0,6,24,3,0,0,24,1,1,1.4028,28,1589,4,4,1
29,1,-5,13,4,2,2,13,1,1,0.9510,36,3366,4,7,0
29,1,-4,27,5,0,0,27,1,1,2.1513,74,6230,8,6,1
29,1,-3,22,5,0,0,22,1,1,0.6711,38,3065,0,3,0
29,1,-2,24,5,0,0,24,1,1,0.9109,46,3158,3,3,0
29,1,-1,20,5,0,0,20,1,1,0.9522,32,2299,5,5,1
29,1,0,18,4,0,0,18,1,1,0.4732,21,1184,2,3,0
29,1,1,21,4,0,0,21,1,1,0.3509,21,1097,1,2,0
29,1,2,27,5,0,0,27,1,1,0.4709,28,1409,2,2,0
29,1,3,17,6,0,0,17,1,1,1.0909,26,1057,7,5,2
29,1,4,18,7,0,0,18,1,1,0.3619,19,857,2,3,0
29,1,5,19,5,0,0,19,1,1,0.3511,22,1008,1,2,0
29,2,-5,18,7,0,0,18,1,1,2.2130,57,5181,15,14,0
29,2,-4,23,4,0,0,23,1,1,2.7911,75,6853,9,8,2
29,2,-3,15,4,0,0,15,1,1,0.6609,37,3210,3,5,0
29,2,-2,21,3,0,0,21,1,1,0.7909,40,3010,3,4,0
29,2,-1,31,5,0,0,31,1,1,1.1909,58,4415,3,4,0
29,2,0,32,4,0,0,32,1,1,1.8509,53,3171,4,5,1
29,2,1,19,5,0,0,19,1,1,1.0709,29,1539,4,5,0
29,2,2,17,3,0,0,17,1,1,0.3114,20,1108,1,2,0
29,2,3,23,5,0,0,23,1,1,1.0409,36,1910,4,4,1
29,2,4,18,5,0,0,18,1,1,0.3309,24,1488,0,2,0
29,2,5,22,6,0,0,22,1,1,0.6209,34,2139,2,3,0
29,3,-6,25,4,34,34,25,1,1,2.3828,74,6663,5,7,1
29,3,-5,19,5,5,5,19,1,1,2.2529,67,6151,11,10,1
29,3,-4,27,7,0,0,27,1,1,1.5109,68,6243,0,3,0
29,3,-3,25,6,0,0,25,1,1,2.9823,89,8626,14,8,2
29,3,-2,22,7,0,0,22,1,1,1.0409,51,4309,2,4,0
29,3,-1,16,5,0,0,16,1,1,1.9329,43,3355,10,7,2
29,3,0,20,7,0,0,20,1,1,0.9409,38,2779,1,3,0
29,3,1,22,3,0,0,22,1,1,0.8009,44,3727,5,4,0
29,4,-3,24,6,0,0,24,1,1,2.0420,70,6595,8,6,0
30,-7,6,23,4,0,0,23,1,1,0.3310,27,1539,2,2,0
30,-7,7,19,10,0,0,19,1,1,0.5309,23,1058,1,2,0
30,-7,8,15,5,0,0,15,1,1,0.2709,20,1237,0,2,0
30,-6,2,23,7,0,0,23,1,1,0.5210,27,1141,5,3,0
30,-6,3,23,5,0,0,23,1,1,0.2124,22,818,0,1,0
30,-6,4,24,3,0,0,24,1,1,0.5209,25,831,2,3,0
30,-6,5,15,5,0,0,15,1,1,0.3709,17,526,3,3,0
30,-6,6,18,7,0,0,18,1,1,0.4309,19,697,2,2,0
30,-6,7,20,4,0,0,20,1,1,0.8309,25,1335,3,4,1
30,-6,8,21,5,0,0,21,1,1,0.5909,31,1719,3,3,0
30,-5,-2,25,5,0,0,25,1,1,1.0311,47,3710,4,5,1
30,-5,-1,36,3,0,0,36,1,1,2.2310,64,4205,7,4,1
30,-5,0,29,3,0,0,29,1,1,1.0809,33,1922,3,4,1
30,-5,1,21,7,0,0,21,1,1,0.3609,21,774,1,2,0
30,-5,2,19,7,0,0,19,1,1,0.7709,25,619,5,4,1
30,-5,3,24,7,0,0,24,1,1,1.6009,33,739,9,5,2
30,-5,4,24,8,0,0,24,1,1,0.2410,24,549,1,2,0
30,-5,5,21,7,0,0,21,1,1,0.5709,24,572,4,3,0
30,-5,6,22,5,0,0,22,1,1,0.5009,23,715,2,3,0
30,-5,7,28,7,0,0,28,1,1,1.3209,36,1134,6,4,1
30,-5,8,18,4,0,0,18,1,1,0.6824,22,1137,5,5,0
30,-5,9,16,5,0,0,16,1,1,0.7009,22,1123,3,4,0
30,-4,-3,25,7,0,0,25,1,1,1.1510,53,4203,1,4,0
30,-4,-2,16,5,0,0,16,1,1,0.6128,26,1969,3,5,1
30,-4,-1,26,4,0,0,26,1,1,1.0909,41,2228,9,4,1
30,-4,0,24,6,0,0,24,1,1,0.6009,25,942,2,3,0
30,-4,1,21,6,0,0,21,1,1,0.1909,20,492,0,1,0
30,-4,2,12,9,0,0,12,1,1,0.3209,13,218,2,2,0
30,-4,3,20,7,0,0,20,1,1,0.3409,20,398,1,2,0
30,-4,4,20,5,0,0,20,1,1,0.3709,20,379,1,2,0
30,-4,5,23,4,0,0,23,1,1,1.1309,28,639,5,4,1
30,-4,6,25,4,0,0,25,1,1,1.0409,30,727,3,4,1
30,-4,7,13,3,0,0,13,1,1,8.5709,86,2848,72,71,0
30,-4,8,25,7,0,0,25,1,1,0.6909,28,1394,4,3,0
30,-3,-3,13,6,0,0,13,1,1,0.3309,22,1627,0,3,0
30,-3,-2,20,7,0,0,20,1,1,0.4311,27,1623,2,3,0
30,-3,-1,13,2,0,0,13,1,1,0.5009,18,945,5,4,1
30,-3,0,23,6,0,0,23,1,1,0.8809,28,824,5,4,1
30,-3,1,20,4,0,0,20,1,1,18.7009,119,2013,100,99,0
30,-3,2,18,5,0,0,18,1,1,0.1609,17,303,0,1,0
30,-3,3,22,5,0,0,22,1,1,1.3109,31,545,6,4,2
30,-3,4,23,6,0,0,23,1,1,0.2110,22,390,0,1,0
30,-3,5,15,4,0,0,15,1,1,0.1909,15,269,1,2,0
30,-3,6,20,5,0,0,20,1,1,0.3709,20,439,1,2,0
30,-3,7,23,5,0,0,23,1,1,0.8609,27,803,4,4,1
30,-2,-3,19,6,0,0,19,1,1,0.5212,32,2497,1,3,0
30,-2,-2,20,7,0,0,20,1,1,1.2309,32,1937,9,5,2
30,-2,-1,20,5,0,0,20,1,1,0.4509,21,994,2,3,0
30,-2,0,23,5,0,0,23,1,1,0.2109,22,631,0,1,0
30,-2,1,35,4,0,0,35,1,1,0.3310,34,842,0,1,0
30,-2,2,24,4,0,0,24,1,1,0.2210,23,452,0,1,0
30,-2,3,20,7,0,0,20,1,1,1.3209,23,405,3,4,1
30,-2,4,24,5,0,0,24,1,1,1.8009,29,531,5,4,1
30,-2,5,17,5,0,0,17,1,1,0.7409,21,402,5,3,0
30,-2,6,27,5,0,0,27,1,1,0.5009,27,655,1,2,0
30,-2,7,22,5,0,0,22,1,1,1.4009,25,837,4,4,1
30,-1,-4,17,5,0,0,17,1,1,0.6211,36,2923,0,3,0
30,-1,-3,21,7,0,0,21,1,1,0.7909,35,2590,2,3,0
30,-1,-2,24,7,0,0,24,1,1,3.6609,36,2018,3,4,1
30,-1,-1,14,4,0,0,14,1,1,0.1209,13,588,0,1,0
30,-1,0,23,7,0,0,23,1,1,0.3809,23,665,1,2,0
30,-1,1,22,8,0,0,22,1,1,0.2009,21,484,0,1,0
30,-1,2,17,10,0,0,17,1,1,0.4709,18,361,2,2,0
30,-1,3,25,4,0,0,25,1,1,0.3909,26,540,2,2,0
30,-1,4,20,7,0,0,20,1,1,0.3509,20,388,1,2,0
30,-1,5,22,10,0,0,22,1,1,1.6709,28,564,7,6,0
30,-1,6,21,5,0,0,21,1,1,0.1918,20,570,0,1,0
30,0,-4,22,4,0,0,22,1,1,0.8724,51,4513,2,4,0
30,0,-3,18,4,0,0,18,1,1,0.5416,33,2526,1,4,0
30,0,-2,16,4,0,0,16,1,1,0.7311,27,1727,4,5,0
30,0,-1,21,5,0,0,21,1,1,0.5209,26,1282,3,2,0
30,0,0,27,5,0,0,27,1,1,2.2009,36,1485,9,4,1
30,0,1,13,3,0,0,13,1,1,0.3409,15,559,3,3,0
30,0,2,21,5,0,0,21,1,1,0.3809,21,592,1,2,0
30,0,3,22,4,0,0,22,1,1,0.2009,21,521,0,1,0
30,0,4,25,7,0,0,25,1,1,0.7109,26,830,2,3,0
30,0,5,17,7,0,0,17,1,1,1.2709,24,622,6,4,1
30,0,6,24,3,0,0,24,1,1,0.9109,30,1732,7,3,0
30,1,-5,13,4,1,1,13,1,1,0.7110,32,2911,0,3,0
30,1,-4,27,5,0,0,26,0,1,-1.0000,182,18473,115,112,2
30,1,-3,22,5,0,0,22,1,1,10.5411,105,9398,53,50,1
30,1,-2,24,5,0,0,24,1,1,2.0609,56,4144,11,9,1
30,1,-1,20,5,0,0,20,1,1,1.8909,30,1783,3,4,1
30,1,0,18,4,0,0,18,1,1,0.4109,20,1053,1,3,0
30,1,1,21,4,0,0,21,1,1,1.2909,29,1312,5,4,1
30,1,2,27,5,0,0,27,1,1,0.2521,26,1263,0,1,0
30,1,3,17,6,0,0,17,1,1,0.2909,18,770,2,2,0
30,1,4,18,7,0,0,18,1,1,10.3609,84,5929,63,61,1
30,1,5,19,5,0,0,19,1,1,0.7009,27,1421,5,4,1
30,2,-5,18,7,0,0,18,1,1,1.3120,53,4874,11,7,0
30,2,-4,23,4,0,0,23,1,1,1.5215,61,5630,4,4,0
30,2,-3,15,4,0,0,15,1,1,1.2438,47,4157,9,9,2
30,2,-2,21,3,0,0,21,1,1,0.8711,39,2976,2,4,0
30,2,-1,31,5,0,0,31,1,1,2.3909,64,4830,6,4,1
30,2,0,32,4,0,0,32,1,1,1.8509,58,3465,6,5,1
30,2,1,19,5,0,0,19,1,1,0.7109,27,1557,2,4,0
30,2,2,17,3,0,0,17,1,1,0.3113,20,1120,1,2,0
30,2,3,23,5,0,0,23,1,1,0.7409,30,1691,3,4,0
30,2,4,18,5,0,0,18,1,1,0.8709,28,1528,3,4,1
30,2,5,22,6,0,0,22,1,1,0.7609,36,2225,4,4,0
30,3,-6,25,4,36,36,25,1,1,3.3434,81,7496,12,7,1
30,3,-5,19,5,1,1,19,1,1,3.1322,71,6473,12,12,1
30,3,-4,27,7,0,0,27,1,1,2.2910,78,7149,10,7,0
30,3,-3,25,6,0,0,25,1,1,1.3016,65,6271,10,6,0
30,3,-2,22,7,0,0,22,1,1,1.2509,53,4587,4,6,1
30,3,-1,16,5,0,0,16,1,1,1.1809,39,3192,6,5,1
30,3,0,20,7,0,0,20,1,1,0.7509,38,2840,1,3,0
30,3,1,22,3,0,0,22,1,1,1.7609,51,3898,10,5,1
30,4,-3,24,6,0,0,24,1,1,2.4127,78,7537,8,8,2
31,-7,6,23,4,0,0,23,1,1,0.4309,27,1696,2,2,0
31,-7,7,19,10,0,0,19,1,1,0.3509,22,1039,0,2,0
31,-7,8,15,5,0,0,15,1,1,1.0009,27,1331,6,4,1
31,-6,2,23,7,0,0,23,1,1,0.2109,22,926,0,1,0
31,-6,3,23,5,0,0,23,1,1,0.4109,23,888,1,2,0
31,-6,4,24,3,0,0,24,1,1,1.2709,31,1149,6,4,1
31,-6,5,15,5,0,0,15,1,1,1.8010,27,1080,12,13,0
31,-6,6,18,7,0,0,18,1,1,0.2818,19,740,2,2,0
31,-6,7,20,4,0,0,20,1,1,0.1809,19,952,0,1,0
31,-6,8,21,5,0,0,21,1,1,1.1909,36,2135,7,4,1
31,-5,-2,25,5,0,0,25,1,1,0.7910,45,3425,3,3,0
31,-5,-1,36,3,0,0,36,1,1,2.3710,65,4442,9,5,0
31,-5,0,29,3,0,0,29,1,1,0.5515,31,1641,3,2,0
31,-5,1,21,7,0,0,21,1,1,0.3609,21,765,1,2,0
31,-5,2,19,7,0,0,19,1,1,2.3309,24,545,5,4,1
31,-5,3,24,7,0,0,24,1,1,0.4509,24,549,1,2,0
31,-5,4,24,8,0,0,24,1,1,0.6809,25,543,2,2,0
31,-5,5,21,7,0,0,21,1,1,0.5709,24,570,4,2,0
31,-5,6,22,5,0,0,22,1,1,0.2009,21,625,0,1,0
31,-5,7,28,7,0,0,28,1,1,2.1309,32,1017,5,4,1
31,-5,8,18,4,0,0,18,1,1,0.1609,17,864,0,1,0
31,-5,9,16,5,0,0,16,1,1,0.4312,22,1116,2,3,0
31,-4,-3,25,7,0,0,25,1,1,1.1509,53,4244,2,4,0
31,-4,-2,16,5,0,0,16,1,1,1.0209,28,1786,4,5,1
31,-4,-1,26,4,0,0,26,1,1,1.2309,37,2116,6,4,1
31,-4,0,24,6,0,0,24,1,1,0.3709,25,989,2,2,0
31,-4,1,21,6,0,0,21,1,1,1.3909,26,623,5,5,1
31,-4,2,12,9,0,0,12,1,1,2.7409,37,590,24,25,1
31,-4,3,20,7,0,0,20,1,1,3.5710,27,492,7,4,1
31,-4,4,20,5,0,0,20,1,1,0.9409,28,525,7,4,1
31,-4,5,23,4,0,0,23,1,1,0.2109,22,499,0,1,0
31,-4,6,25,4,0,0,25,1,1,0.9509,28,742,4,3,0
31,-4,7,13,3,0,0,13,1,1,0.1109,12,382,0,1,0
31,-4,8,25,7,0,0,25,1,1,0.6909,28,1223,4,3,0
31,-3,-3,13,6,1,1,13,1,1,0.3425,23,1694,1,3,0
31,-3,-2,20,7,0,0,20,1,1,0.9809,30,1592,4,4,1
31,-3,-1,13,2,0,0,13,1,1,0.5510,18,973,5,4,1
31,-3,0,23,6,0,0,23,1,1,0.4109,24,718,2,2,0
31,-3,1,20,4,0,0,20,1,1,1.2809,25,499,4,4,1
31,-3,2,18,5,0,0,18,1,1,0.4209,19,328,2,3,0
31,-3,3,22,5,0,0,22,1,1,0.4109,22,372,1,2,0
31,-3,4,23,6,0,0,23,1,1,0.8609,28,509,4,4,1
31,-3,5,15,4,0,0,15,1,1,0.1310,14,249,0,1,0
31,-3,6,20,5,0,0,20,1,1,0.3709,21,470,2,2,0
31,-3,7,23,5,0,0,23,1,1,0.8609,25,673,3,3,0
31,-2,-3,19,6,0,0,19,1,1,0.5211,32,2439,0,3,0
31,-2,-2,20,7,0,0,20,1,1,2.0414,28,1363,3,4,1
31,-2,-1,20,5,0,0,20,1,1,2.3526,25,1198,5,4,1
31,-2,0,23,5,0,0,23,1,1,0.2109,22,630,0,1,0
31,-2,1,35,4,0,0,35,1,1,0.3310,34,842,0,1,0
31,-2,2,24,4,0,0,24,1,1,1.5309,32,608,7,4,2
31,-2,3,20,7,0,0,20,1,1,1.3209,24,422,4,4,1
31,-2,4,24,5,0,0,24,1,1,0.6509,27,483,4,2,0
31,-2,5,17,5,0,0,17,1,1,0.1509,16,296,0,1,0
31,-2,6,27,5,0,0,27,1,1,0.2513,26,675,0,1,0
31,-2,7,22,5,0,0,22,1,1,0.3509,24,809,3,2,0
31,-1,-4,17,5,0,0,17,1,1,0.6213,36,2956,0,3,0
31,-1,-3,21,7,0,0,21,1,1,0.5909,33,2523,2,3,0
31,-1,-2,24,7,0,0,24,1,1,1.8209,45,2430,5,7,1
31,-1,-1,14,4,0,0,14,1,1,0.1210,13,627,0,1,0
31,-1,0,23,7,0,0,23,1,1,0.3809,23,648,1,2,0
31,-1,1,22,8,0,0,22,1,1,0.3809,22,498,1,2,0
31,-1,2,17,10,0,0,17,1,1,0.1509,16,320,0,1,0
31,-1,3,25,4,0,0,25,1,1,1.1109,31,629,4,4,1
31,-1,4,20,7,0,0,20,1,1,0.8809,23,438,3,4,1
31,-1,5,22,10,0,0,22,1,1,0.2009,21,436,0,1,0
31,-1,6,21,5,0,0,21,1,1,0.5609,23,634,3,3,0
31,0,-4,22,4,0,0,22,1,1,2.7218,71,6144,7,12,2
31,0,-3,18,4,0,0,18,1,1,0.9509,40,2984,3,5,1
31,0,-2,16,4,0,0,16,1,1,0.2911,23,1523,0,2,0
31,0,-1,21,5,0,0,21,1,1,0.7209,26,1292,3,2,0
31,0,0,27,5,0,0,27,1,1,0.5109,27,1149,1,2,0
31,0,1,13,3,0,0,13,1,1,0.1120,12,451,0,1,0
31,0,2,21,5,0,0,21,1,1,0.3809,21,585,1,2,0
31,0,3,22,4,0,0,22,1,1,0.7609,26,662,4,4,1
31,0,4,25,7,0,0,25,1,1,1.4309,29,851,5,3,0
31,0,5,17,7,0,0,17,1,1,0.4709,18,523,2,2,0
31,0,6,24,3,0,0,24,1,1,0.4225,25,1577,2,2,0
31,1,-5,13,4,0,0,13,1,1,0.7109,33,3011,1,4,0
31,1,-4,27,5,0,0,27,1,1,4.9309,99,8781,24,13,4
31,1,-3,22,5,0,0,22,1,1,3.8214,72,5938,22,17,1
31,1,-2,24,5,0,0,24,1,1,1.8309,56,4022,10,7,2
31,1,-1,20,5,0,0,20,1,1,0.5609,25,1739,2,2,0
31,1,0,18,4,0,0,18,1,1,0.3309,20,1085,1,2,0
31,1,1,21,4,0,0,21,1,1,0.6909,23,1097,3,3,0
31,1,2,27,5,0,0,27,1,1,0.8209,31,1475,5,3,0
31,1,3,17,6,0,0,17,1,1,0.1526,16,696,0,1,0
31,1,4,18,7,0,0,18,1,1,0.5009,21,982,4,3,0
31,1,5,19,5,0,0,19,1,1,2.3209,26,1077,4,4,1
31,2,-5,18,7,1,1,18,1,1,2.3714,72,6922,18,9,3
31,2,-4,23,4,0,0,23,1,1,1.7414,62,5800,5,6,0
31,2,-3,15,4,0,0,15,1,1,0.5209,34,2890,0,3,0
31,2,-2,21,3,0,0,21,1,1,1.7911,45,3406,7,5,1
31,2,-1,31,5,0,0,31,1,1,1.1909,56,4294,2,3,0
31,2,0,32,4,0,0,32,1,1,0.9209,48,2823,2,3,0
31,2,1,19,5,0,0,19,1,1,0.5309,26,1574,1,3,0
31,2,2,17,3,0,0,17,1,1,1.2714,29,1938,8,8,0
31,2,3,23,5,0,0,23,1,1,0.8810,32,1930,5,5,1
31,2,4,18,5,0,0,18,1,1,0.3309,24,1487,0,2,0
31,2,5,22,6,0,0,22,1,1,0.6209,34,2209,2,3,0
31,3,-6,25,4,40,40,25,1,1,1.9630,66,5889,5,6,0
31,3,-5,19,5,7,7,19,1,1,1.7823,53,4964,4,6,0
31,3,-4,27,7,0,0,27,1,1,2.5510,82,7373,6,7,1
31,3,-3,25,6,0,0,25,1,1,2.2616,80,7687,12,9,2
31,3,-2,22,7,0,0,22,1,1,6.0809,86,7436,28,29,1
31,3,-1,16,5,0,0,16,1,1,1.0416,36,3031,3,7,1
31,3,0,20,7,0,0,20,1,1,1.5109,48,3726,11,5,1
31,3,1,22,3,0,0,22,1,1,1.4309,63,5396,12,6,3
31,4,-3,24,6,0,0,24,1,1,2.0422,63,5929,1,4,0
32,-7,6,23,4,0,0,23,1,1,0.4309,26,1604,1,2,0
32,-7,7,19,10,0,0,19,1,1,0.3509,20,999,0,2,0
32,-7,8,15,5,0,0,15,1,1,0.7209,24,1268,3,4,1
32,-6,2,23,7,0,0,23,1,1,0.6509,26,1101,4,3,0
32,-6,3,23,5,0,0,23,1,1,0.4109,24,827,2,2,0
32,-6,4,24,3,0,0,24,1,1,0.6809,27,884,4,3,0
32,-6,5,15,5,0,0,15,1,1,0.3709,18,618,4,3,0
32,-6,6,18,7,0,0,18,1,1,0.1609,17,654,0,1,0
32,-6,7,20,4,0,0,20,1,1,0.6409,22,1057,3,3,0
32,-6,8,21,5,0,0,21,1,1,22.3909,146,4212,116,111,1
32,-5,-2,25,5,0,0,25,1,1,0.7911,43,3334,1,3,0
32,-5,-1,36,3,0,0,36,1,1,1.3210,63,4125,5,4,0
32,-5,0,29,3,0,0,29,1,1,0.2714,28,1592,0,1,0
32,-5,1,21,7,0,0,21,1,1,0.3925,22,834,2,2,0
32,-5,2,19,7,0,0,19,1,1,0.1709,18,461,0,1,0
32,-5,3,24,7,0,0,24,1,1,0.2209,23,547,0,1,0
32,-5,4,24,8,0,0,24,1,1,0.4509,24,535,1,2,0
32,-5,5,21,7,0,0,21,1,1,0.1910,20,476,0,1,0
32,-5,6,22,5,0,0,22,1,1,0.5009,23,671,2,3,0
32,-5,7,28,7,0,0,28,1,1,0.7809,30,1125,3,3,0
32,-5,8,18,4,0,0,18,1,1,0.9809,25,1304,5,4,1
32,-5,9,16,5,0,0,16,1,1,0.4417,24,1365,3,3,0
32,-4,-3,25,7,0,0,25,1,1,1.3909,54,4263,3,4,0
32,-4,-2,16,5,0,0,16,1,1,0.4209,24,1631,1,2,0
32,-4,-1,26,4,0,0,26,1,1,0.9809,34,1805,7,3,0
32,-4,0,24,6,0,0,24,1,1,1.5209,33,1100,5,4,1
32,-4,1,21,6,0,0,21,1,1,1.3909,24,567,3,4,1
32,-4,2,12,9,0,0,12,1,1,0.3209,13,216,2,3,0
32,-4,3,20,7,0,0,20,1,1,0.9109,27,479,3,4,1
32,-4,4,20,5,0,0,20,1,1,0.1910,20,385,1,2,0
32,-4,5,23,4,0,0,23,1,1,0.4513,25,565,3,3,0
32,-4,6,25,4,0,0,25,1,1,0.4709,26,637,2,2,0
32,-4,7,13,3,0,0,13,1,1,0.3509,14,421,2,3,0
32,-4,8,25,7,0,0,25,1,1,0.6909,26,1155,2,2,0
32,-3,-3,13,6,0,0,12,0,1,-1.0000,272,28417,251,250,0
32,-3,-2,20,7,0,0,20,1,1,0.3709,26,1502,0,2,0
32,-3,-1,13,2,0,0,13,1,1,0.2309,13,686,1,2,0
32,-3,0,23,6,0,0,23,1,1,0.6309,26,741,4,2,0
32,-3,1,20,4,0,0,20,1,1,0.3709,21,439,2,2,0
32,-3,2,18,5,0,0,18,1,1,0.4209,19,335,2,3,0
32,-3,3,22,5,0,0,22,1,1,0.2009,21,363,0,1,0
32,-3,4,23,6,0,0,23,1,1,0.2110,22,398,0,1,0
32,-3,5,15,4,0,0,15,1,1,0.1909,16,287,2,2,0
32,-3,6,20,5,0,0,20,1,1,0.3709,20,424,1,2,0
32,-3,7,23,5,0,0,23,1,1,0.4209,23,636,1,2,0
32,-2,-3,19,6,0,0,19,1,1,0.5212,32,2407,0,3,0
32,-2,-2,20,7,0,0,20,1,1,0.6609,28,1331,3,3,0
32,-2,-1,20,5,0,0,20,1,1,2.3527,27,1261,6,4,2
32,-2,0,23,5,0,0,23,1,1,0.4309,24,738,2,2,0
32,-2,1,35,4,0,0,35,1,1,0.5210,35,861,1,2,0
32,-2,2,24,4,0,0,24,1,1,0.4409,26,506,3,2,0
32,-2,3,20,7,0,0,20,1,1,0.1809,19,334,0,1,0
32,-2,4,24,5,0,0,24,1,1,1.1109,29,523,3,4,1
32,-2,5,17,5,0,0,17,1,1,0.5809,19,369,3,2,0
32,-2,6,27,5,0,0,27,1,1,0.3809,27,714,1,2,0
32,-2,7,22,5,0,0,22,1,1,0.4809,24,814,3,3,0
32,-1,-4,17,5,0,0,17,1,1,0.6315,39,3232,3,4,0
32,-1,-3,21,7,0,0,21,1,1,1.4009,39,2532,5,5,1
32,-1,-2,24,7,0,0,24,1,1,1.3609,36,1990,4,3,0
32,-1,-1,14,4,0,0,14,1,1,0.1209,13,611,0,1,0
32,-1,0,23,7,0,0,23,1,1,0.2114,22,629,0,1,0
32,-1,1,22,8,0,0,22,1,1,0.3809,22,496,1,2,0
32,-1,2,17,10,0,0,17,1,1,1.1109,20,378,3,4,1
32,-1,3,25,4,0,0,25,1,1,1.1109,30,623,3,4,1
32,-1,4,20,7,0,0,20,1,1,0.8809,23,423,3,4,1
32,-1,5,22,10,0,0,22,1,1,0.4109,23,500,2,2,0
32,-1,6,21,5,0,0,21,1,1,0.1921,20,570,0,1,0
32,0,-4,22,4,0,0,22,1,1,1.8820,65,5698,6,8,1
32,0,-3,18,4,0,0,18,1,1,0.6214,35,2674,3,4,0
32,0,-2,16,4,0,0,16,1,1,0.4115,26,1694,4,3,0
32,0,-1,21,5,0,0,21,1,1,0.3209,23,1176,0,2,0
32,0,0,27,5,0,0,27,1,1,1.7610,35,1591,8,7,2
32,0,1,13,3,0,0,13,1,1,0.1120,12,431,0,1,0
32,0,2,21,5,0,0,21,1,1,0.3809,21,564,1,2,0
32,0,3,22,4,0,0,22,1,1,0.4109,23,544,2,2,0
32,0,4,25,7,0,0,25,1,1,0.7109,27,898,3,3,0
32,0,5,17,7,0,0,17,1,1,0.1509,16,478,0,1,0
32,0,6,24,3,0,0,24,1,1,0.2209,23,1421,0,1,0
32,1,-5,13,4,3,3,13,1,1,1.5510,49,4373,6,9,1
32,1,-4,27,5,0,0,27,1,1,1.8109,70,5848,7,4,1
32,1,-3,22,5,0,0,22,1,1,1.8809,58,4468,7,9,1
32,1,-2,24,5,0,0,24,1,1,3.2109,68,4334,17,11,2
32,1,-1,20,5,0,0,20,1,1,1.3209,36,2092,4,6,1
32,1,0,18,4,0,0,18,1,1,0.7509,25,1458,3,5,1
32,1,1,21,4,0,0,21,1,1,0.2909,21,1065,1,2,0
32,1,2,27,5,0,0,27,1,1,1.2509,42,1972,10,4,2
32,1,3,17,6,0,0,17,1,1,0.1526,16,728,0,1,0
32,1,4,18,7,0,0,18,1,1,1.8609,30,1378,10,9,0
32,1,5,19,5,0,0,19,1,1,0.3512,21,983,0,2,0
32,2,-5,18,7,1,1,18,1,1,1.1423,43,3873,1,4,0
32,2,-4,23,4,0,0,23,1,1,2.9613,67,5837,5,7,1
32,2,-3,15,4,0,0,15,1,1,0.6609,36,2950,2,4,0
32,2,-2,21,3,0,0,21,1,1,0.8710,39,3046,2,5,0
32,2,-1,31,5,0,0,31,1,1,0.6809,54,4169,0,3,0
32,2,0,32,4,0,0,32,1,1,0.9209,48,2815,2,2,0
32,2,1,19,5,0,0,19,1,1,0.7109,26,1549,2,3,0
32,2,2,17,3,0,0,17,1,1,0.3410,22,1212,3,3,0
32,2,3,23,5,0,0,23,1,1,0.4309,28,1514,1,2,0
32,2,4,18,5,0,0,18,1,1,1.6309,35,2148,8,5,2
32,2,5,22,6,0,0,22,1,1,0.4109,32,2057,0,2,0
32,3,-6,25,4,33,33,25,1,1,2.7023,71,6462,8,6,1
32,3,-5,19,5,3,3,19,1,1,3.7623,79,7332,17,16,1
32,3,-4,27,7,0,0,27,1,1,1.5109,68,6270,0,3,0
32,3,-3,25,6,0,0,25,1,1,2.0217,69,6465,10,6,1
32,3,-2,22,7,0,0,22,1,1,1.8809,70,5841,12,7,2
32,3,-1,16,5,0,0,16,1,1,0.8809,33,2702,3,4,0
32,3,0,20,7,0,0,20,1,1,1.7009,41,3100,5,7,0
32,3,1,22,3,0,0,22,1,1,0.7228,41,3369,2,4,0
32,4,-3,24,6,0,0,24,1,1,2.7323,67,6236,4,5,0
33,-7,6,23,4,0,0,23,1,1,0.6509,28,1724,3,3,0
33,-7,7,19,10,0,0,19,1,1,0.5309,22,1037,1,2,0
33,-7,8,15,5,0,0,15,1,1,0.5509,24,1380,4,3,0
33,-6,2,23,7,0,0,23,1,1,0.4309,24,980,2,2,0
33,-6,3,23,5,0,0,23,1,1,0.4109,23,808,1,2,0
33,-6,4,24,3,0,0,24,1,1,1.0909,31,1063,7,4,1
33,-6,5,15,5,0,0,15,1,1,1.2409,23,826,8,9,0
33,-6,6,18,7,0,0,18,1,1,0.3309,19,677,2,2,0
33,-6,7,20,4,0,0,20,1,1,0.7609,24,1017,4,4,1
33,-6,8,21,5,0,0,21,1,1,1.1909,35,2097,8,6,0
33,-5,-2,25,5,0,0,25,1,1,1.0511,45,3433,3,5,0
33,-5,-1,36,3,0,0,36,1,1,2.3710,62,4048,4,4,1
33,-5,0,29,3,0,0,29,1,1,0.3534,29,1651,1,2,0
33,-5,1,21,7,0,0,21,1,1,1.3609,26,840,5,4,1
33,-5,2,19,7,0,0,19,1,1,0.3509,20,502,2,2,0
33,-5,3,24,7,0,0,24,1,1,0.2209,23,525,0,1,0
33,-5,4,24,8,0,0,24,1,1,0.2209,23,511,0,1,0
33,-5,5,21,7,0,0,21,1,1,0.8009,25,700,4,4,1
33,-5,6,22,5,0,0,22,1,1,0.2009,21,679,0,1,0
33,-5,7,28,7,0,0,28,1,1,0.7809,30,977,3,3,0
33,-5,8,18,4,0,0,18,1,1,0.1722,18,913,1,2,0
33,-5,9,16,5,0,0,16,1,1,0.8509,26,1563,4,5,1
33,-4,-3,25,7,0,0,25,1,1,1.1509,52,4107,0,3,0
33,-4,-2,16,5,0,0,16,1,1,0.4429,25,1717,2,3,0
33,-4,-1,26,4,0,0,26,1,1,0.7309,29,1650,2,2,0
33,-4,0,24,6,0,0,24,1,1,1.5209,39,1546,11,7,1
33,-4,1,21,6,0,0,21,1,1,2.5909,26,611,4,4,1
33,-4,2,12,9,0,0,12,1,1,0.2109,12,208,1,2,0
33,-4,3,20,7,0,0,20,1,1,0.3409,21,414,2,2,0
33,-4,4,20,5,0,0,20,1,1,0.5609,21,393,2,3,0
33,-4,5,23,4,0,0,23,1,1,0.2109,22,513,0,1,0
33,-4,6,25,4,0,0,25,1,1,0.4709,26,675,2,2,0
33,-4,7,13,3,0,0,13,1,1,0.1109,12,405,0,1,0
33,-4,8,25,7,0,0,25,1,1,11.0109,78,2379,51,43,1
33,-3,-3,13,6,0,0,13,1,1,1.0509,29,2027,5,8,1
33,-3,-2,20,7,0,0,20,1,1,0.3709,26,1579,1,2,0
33,-3,-1,13,2,0,0,13,1,1,0.4009,16,837,4,3,0
33,-3,0,23,6,0,0,23,1,1,1.6709,29,766,6,4,1
33,-3,1,20,4,0,0,20,1,1,0.4609,21,442,2,3,0
33,-3,2,18,5,0,0,18,1,1,0.5909,20,344,3,4,0
33,-3,3,22,5,0,0,22,1,1,1.4609,28,481,3,4,1
33,-3,4,23,6,0,0,23,1,1,1.4309,28,487,5,4,1
33,-3,5,15,4,0,0,15,1,1,0.1310,14,255,0,1,0
33,-3,6,20,5,0,0,20,1,1,2.4611,25,560,5,4,1
33,-3,7,23,5,0,0,23,1,1,0.4209,23,641,1,2,0
33,-2,-3,19,6,0,0,19,1,1,3.3928,55,4818,19,19,0
33,-2,-2,20,7,0,0,20,1,1,0.3710,25,1244,1,2,0
33,-2,-1,20,5,0,0,20,1,1,0.1832,19,943,0,1,0
33,-2,0,23,5,0,0,23,1,1,0.2109,22,648,0,1,0
33,-2,1,35,4,0,0,35,1,1,1.2010,42,1067,7,4,1
33,-2,2,24,4,0,0,24,1,1,0.3809,24,462,1,2,0
33,-2,3,20,7,0,0,20,1,1,0.1809,19,342,0,1,0
33,-2,4,24,5,0,0,24,1,1,0.9309,28,504,4,4,1
33,-2,5,17,5,0,0,17,1,1,0.1509,16,312,0,1,0
33,-2,6,27,5,0,0,27,1,1,0.3309,27,701,1,2,0
33,-2,7,22,5,0,0,22,1,1,1.3209,25,785,3,4,1
33,-1,-4,17,5,0,0,17,1,1,0.7210,39,3217,3,5,0
33,-1,-3,21,7,0,0,21,1,1,1.2638,42,3340,9,7,1
33,-1,-2,24,7,0,0,24,1,1,1.5909,55,2813,7,6,2
33,-1,-1,14,4,0,0,14,1,1,0.1209,13,588,0,1,0
33,-1,0,23,7,0,0,23,1,1,0.2509,23,664,1,2,0
33,-1,1,22,8,0,0,22,1,1,0.8009,26,557,5,2,0
33,-1,2,17,10,0,0,17,1,1,1.5909,20,397,4,4,1
33,-1,3,25,4,0,0,25,1,1,0.3109,25,523,1,2,0
33,-1,4,20,7,0,0,20,1,1,0.1809,19,368,0,1,0
33,-1,5,22,10,0,0,22,1,1,1.2509,26,532,5,6,0
33,-1,6,21,5,0,0,21,1,1,0.1920,20,574,0,1,0
33,0,-4,22,4,0,0,22,1,1,0.8724,54,4848,5,5,0
33,0,-3,18,4,0,0,18,1,1,0.5117,34,2579,2,4,0
33,0,-2,16,4,0,0,16,1,1,0.3809,24,1617,1,3,0
33,0,-1,21,5,0,0,21,1,1,0.7209,25,1392,2,4,0
33,0,0,27,5,0,0,27,1,1,0.7109,29,1289,3,3,0
33,0,1,13,3,0,0,13,1,1,0.7509,18,527,6,7,0
33,0,2,21,5,0,0,21,1,1,0.5809,24,610,4,2,0
33,0,3,22,4,0,0,22,1,1,0.3409,22,522,1,2,0
33,0,4,25,7,0,0,25,1,1,0.7109,26,782,2,3,0
33,0,5,17,7,0,0,17,1,1,0.1509,16,492,0,1,0
33,0,6,24,3,0,0,24,1,1,0.4109,26,1550,3,2,0
33,1,-5,13,4,1,1,13,1,1,0.7110,32,2919,0,3,0
33,1,-4,27,5,0,0,27,1,1,1.8109,70,5902,7,4,0
33,1,-3,22,5,0,0,22,1,1,0.8309,39,3104,0,3,0
33,1,-2,24,5,0,0,24,1,1,0.6809,44,3165,2,3,0
33,1,-1,20,5,0,0,20,1,1,0.3709,26,1699,0,2,0
33,1,0,18,4,0,0,18,1,1,0.6309,25,1430,6,3,0
33,1,1,21,4,0,0,21,1,1,0.1909,20,1021,0,1,0
33,1,2,27,5,0,0,27,1,1,0.7309,28,1432,2,3,0
33,1,3,17,6,0,0,17,1,1,0.2909,18,810,2,2,0
33,1,4,18,7,0,0,18,1,1,0.3309,18,826,1,2,0
33,1,5,19,5,0,0,19,1,1,0.3512,22,992,1,2,0
33,2,-5,18,7,1,1,18,1,1,1.0127,41,3690,0,3,0
33,2,-4,23,4,0,0,23,1,1,1.3014,57,5260,0,3,0
33,2,-3,15,4,0,0,15,1,1,1.2209,44,3609,6,5,1
33,2,-2,21,3,0,0,21,1,1,0.8710,40,3222,4,4,0
33,2,-1,31,5,0,0,31,1,1,0.6809,53,4194,0,3,0
33,2,0,32,4,0,0,32,1,1,0.6109,46,2803,1,2,0
33,2,1,19,5,0,0,19,1,1,0.8909,31,1849,3,4,1
33,2,2,17,3,0,0,17,1,1,0.4713,20,1170,1,3,0
33,2,3,23,5,0,0,23,1,1,0.6509,30,1622,1,3,0
33,2,4,18,5,0,0,18,1,1,0.3309,24,1523,0,2,0
33,2,5,22,6,0,0,22,1,1,0.5509,33,2161,1,3,0
33,3,-6,25,4,42,42,25,1,1,3.1824,71,6396,7,7,1
33,3,-5,19,5,3,3,19,1,1,1.6918,54,4863,4,6,0
33,3,-4,27,7,0,0,27,1,1,1.7709,70,6329,2,4,0
33,3,-3,25,6,0,0,25,1,1,1.9522,77,7252,9,8,2
33,3,-2,22,7,0,0,22,1,1,1.0409,52,4426,3,5,0
33,3,-1,16,5,0,0,16,1,1,1.0309,35,2670,5,5,0
33,3,0,20,7,0,0,20,1,1,1.1309,47,3452,4,5,1
33,3,1,22,3,0,0,22,1,1,2.0609,58,4632,10,9,1
33,4,-3,24,6,0,0,24,1,1,3.4524,84,7968,13,13,1
34,-7,6,23,4,0,0,23,1,1,0.4309,27,1599,1,2,0
34,-7,7,19,10,0,0,19,1,1,0.3509,19,978,0,2,0
34,-7,8,15,5,0,0,15,1,1,0.4109,22,1276,2,2,0
34,-6,2,23,7,0,0,23,1,1,0.3010,23,1018,1,2,0
34,-6,3,23,5,0,0,23,1,1,0.4109,24,807,2,2,0
34,-6,4,24,3,0,0,24,1,1,0.2209,23,807,0,1,0
34,-6,5,15,5,0,0,15,1,1,0.1320,14,471,0,1,0
34,-6,6,18,7,0,0,18,1,1,0.1609,17,673,0,1,0
34,-6,7,20,4,0,0,20,1,1,0.1810,19,955,0,1,0
34,-6,8,21,5,0,0,21,1,1,0.3909,26,1634,1,2,0
34,-5,-2,25,5,0,0,25,1,1,1.0311,48,3740,4,5,1
34,-5,-1,36,3,0,0,36,1,1,1.8011,76,5234,10,5,2
34,-5,0,29,3,0,0,29,1,1,0.5514,30,1613,1,2,0
34,-5,1,21,7,0,0,21,1,1,1.9609,26,848,4,4,1
34,-5,2,19,7,0,0,19,1,1,0.4109,22,571,4,3,0
34,-5,3,24,7,0,0,24,1,1,1.1409,28,630,3,4,1
34,-5,4,24,8,0,0,24,1,1,0.2209,23,527,0,1,0
34,-5,5,21,7,0,0,21,1,1,0.5709,22,516,2,2,0
34,-5,6,22,5,0,0,22,1,1,0.9209,25,725,4,4,0
34,-5,7,28,7,0,0,28,1,1,1.8609,33,1098,6,4,1
34,-5,8,18,4,0,0,18,1,1,0.3421,21,1104,4,3,0
34,-5,9,16,5,0,0,16,1,1,0.8811,31,1925,7,5,2
34,-4,-3,25,7,0,0,25,1,1,1.3909,60,4918,7,5,1
34,-4,-2,16,5,0,0,16,1,1,0.2931,23,1598,0,2,0
34,-4,-1,26,4,0,0,26,1,1,0.4809,28,1584,1,2,0
34,-4,0,24,6,0,0,24,1,1,0.6009,27,1063,4,3,0
34,-4,1,21,6,0,0,21,1,1,0.3909,21,516,1,2,0
34,-4,2,12,9,0,0,12,1,1,0.3209,13,211,2,3,0
34,-4,3,20,7,0,0,20,1,1,0.3409,20,368,1,2,0
34,-4,4,20,5,0,0,20,1,1,0.1809,19,361,0,1,0
34,-4,5,23,4,0,0,23,1,1,0.6509,25,559,3,2,0
34,-4,6,25,4,0,0,25,1,1,0.4709,25,656,1,2,0
34,-4,7,13,3,0,0,13,1,1,0.3509,14,506,2,3,0
34,-4,8,25,7,0,0,25,1,1,1.1709,29,1251,3,4,1
34,-3,-3,13,6,0,0,13,1,1,0.5709,24,1786,2,4,0
34,-3,-2,20,7,0,0,20,1,1,1.3209,31,1649,4,4,1
34,-3,-1,13,2,0,0,13,1,1,0.2610,14,855,2,3,0
34,-3,0,23,6,0,0,23,1,1,1.0109,30,841,4,4,1
34,-3,1,20,4,0,0,20,1,1,0.1809,19,398,0,1,0
34,-3,2,18,5,0,0,18,1,1,0.1609,17,306,0,1,0
34,-3,3,22,5,0,0,22,1,1,0.2609,22,376,1,2,0
34,-3,4,23,6,0,0,23,1,1,0.4209,25,449,3,2,0
34,-3,5,15,4,0,0,15,1,1,0.1310,14,253,0,1,0
34,-3,6,20,5,0,0,20,1,1,0.7609,24,520,4,4,1
34,-3,7,23,5,0,0,23,1,1,0.6409,24,739,2,3,0
34,-2,-3,19,6,0,0,19,1,1,0.5212,34,2595,2,3,0
34,-2,-2,20,7,0,0,20,1,1,0.7509,27,1393,3,4,0
34,-2,-1,20,5,0,0,20,1,1,0.4509,21,965,2,3,0
34,-2,0,23,5,0,0,23,1,1,0.4309,23,667,1,2,0
34,-2,1,35,4,0,0,35,1,1,1.5410,46,1137,9,4,1
34,-2,2,24,4,0,0,24,1,1,0.2211,23,454,0,1,0
34,-2,3,20,7,0,0,20,1,1,0.3709,20,353,1,2,0
34,-2,4,24,5,0,0,24,1,1,0.2211,23,413,0,1,0
34,-2,5,17,5,0,0,17,1,1,0.4209,18,339,2,2,0
34,-2,6,27,5,0,0,27,1,1,0.2512,26,670,0,1,0
34,-2,7,22,5,0,0,22,1,1,0.4009,22,719,1,2,0
34,-1,-4,17,5,0,0,17,1,1,0.6210,36,2953,0,3,0
34,-1,-3,21,7,0,0,21,1,1,0.5909,35,2590,3,3,0
34,-1,-2,24,7,0,0,24,1,1,1.8209,55,2918,9,7,2
34,-1,-1,14,4,0,0,14,1,1,0.6609,18,818,4,4,1
34,-1,0,23,7,0,0,23,1,1,0.4209,24,679,2,2,0
34,-1,1,22,8,0,0,22,1,1,0.3809,22,500,1,2,0
34,-1,2,17,10,0,0,17,1,1,3.5109,21,428,3,4,1
34,-1,3,25,4,0,0,25,1,1,0.2309,24,502,0,1,0
34,-1,4,20,7,0,0,20,1,1,0.1809,19,371,0,1,0
34,-1,5,22,10,0,0,22,1,1,0.2009,21,457,0,1,0
34,-1,6,21,5,0,0,21,1,1,0.1920,20,562,0,1,0
34,0,-4,22,4,0,0,22,1,1,1.4619,64,5640,7,7,1
34,0,-3,18,4,0,0,18,1,1,1.4609,43,3047,7,6,1
34,0,-2,16,4,0,0,16,1,1,0.5811,29,1840,6,4,0
34,0,-1,21,5,0,0,21,1,1,0.7209,27,1466,4,4,0
34,0,0,27,5,0,0,27,1,1,0.2509,26,1097,0,1,0
34,0,1,13,3,0,0,13,1,1,0.5309,18,682,5,4,1
34,0,2,21,5,0,0,21,1,1,0.9809,24,659,3,4,1
34,0,3,22,4,0,0,22,1,1,0.3610,23,559,2,2,0
34,0,4,25,7,0,0,25,1,1,0.7109,26,845,2,3,0
34,0,5,17,7,0,0,17,1,1,0.3109,17,531,1,2,0
34,0,6,24,3,0,0,24,1,1,0.8709,27,1568,4,3,0
34,1,-5,13,4,4,4,13,1,1,0.7111,32,2911,0,3,0
34,1,-4,27,5,0,0,27,1,1,1.8109,69,6153,7,7,1
34,1,-3,22,5,0,0,22,1,1,0.6209,39,3145,1,3,0
34,1,-2,24,5,0,0,24,1,1,2.0609,54,3985,9,9,1
34,1,-1,20,5,0,0,20,1,1,0.3709,27,1791,1,2,0
34,1,0,18,4,0,0,18,1,1,0.2909,20,1085,1,2,0
34,1,1,21,4,0,0,21,1,1,0.2909,21,1146,1,2,0
34,1,2,27,5,0,0,27,1,1,0.4709,27,1369,1,2,0
34,1,3,17,6,0,0,17,1,1,0.2909,17,728,1,2,0
34,1,4,18,7,0,0,18,1,1,0.5009,19,818,2,3,0
34,1,5,19,5,0,0,19,1,1,0.3512,23,1087,3,2,0
34,2,-5,18,7,0,0,18,1,1,1.9920,64,6043,10,9,1
34,2,-4,23,4,0,0,23,1,1,2.7412,93,8605,16,10,3
34,2,-3,15,4,0,0,15,1,1,0.5209,34,2875,0,3,0
34,2,-2,21,3,0,0,21,1,1,1.0712,40,3031,4,4,0
34,2,-1,31,5,0,0,31,1,1,1.5809,62,4898,3,5,1
34,2,0,32,4,0,0,32,1,1,2.1609,51,2938,5,4,1
34,2,1,19,5,0,0,19,1,1,1.6109,36,1978,11,6,1
34,2,2,17,3,0,0,17,1,1,1.0509,27,1416,6,4,1
34,2,3,23,5,0,0,23,1,1,0.5209,28,1508,1,3,0
34,2,4,18,5,0,0,18,1,1,0.3309,25,1587,1,2,0
34,2,5,22,6,0,0,22,1,1,2.2309,50,2890,15,8,1
34,3,-6,25,4,37,37,25,1,1,1.6632,64,5761,3,4,0
34,3,-5,19,5,8,8,19,1,1,2.5921,62,5739,12,10,2
34,3,-4,27,7,0,0,27,1,1,2.6510,76,6777,7,5,1
34,3,-3,25,6,0,0,25,1,1,2.7415,78,7225,14,9,2
34,3,-2,22,7,0,0,22,1,1,1.4719,57,4879,4,7,1
34,3,-1,16,5,0,0,16,1,1,2.5309,57,4219,16,17,2
34,3,0,20,7,0,0,20,1,1,1.3334,45,3571,6,7,1
34,3,1,22,3,0,0,22,1,1,2.4809,71,5868,18,10,5
34,4,-3,24,6,0,0,24,1,1,2.0426,64,6046,2,4,0
35,-7,6,23,4,0,0,23,1,1,0.6509,28,1667,3,3,0
35,-7,7,19,10,0,0,19,1,1,0.7109,24,1116,3,3,0
35,-7,8,15,5,0,0,15,1,1,0.5509,24,1487,4,3,0
35,-6,2,23,7,0,0,23,1,1,0.2109,22,891,0,1,0
35,-6,3,23,5,0,0,23,1,1,0.2809,23,815,1,2,0
35,-6,4,24,3,0,0,24,1,1,0.2209,23,766,0,1,0
35,-6,5,15,5,0,0,15,1,1,0.1323,14,460,0,1,0
35,-6,6,18,7,0,0,18,1,1,0.2609,18,745,1,2,0
35,-6,7,20,4,0,0,20,1,1,0.1809,19,952,0,1,0
35,-6,8,21,5,0,0,21,1,1,1.0113,35,2267,7,5,2
35,-5,-2,25,5,0,0,25,1,1,1.7511,51,3957,6,7,1
35,-5,-1,36,3,0,0,36,1,1,1.1810,59,4183,3,4,0
35,-5,0,29,3,0,0,29,1,1,1.1911,32,1732,3,4,1
35,-5,1,21,7,0,0,21,1,1,3.1609,24,805,4,4,1
35,-5,2,19,7,0,0,19,1,1,0.2309,19,487,1,2,0
35,-5,3,24,7,0,0,24,1,1,0.4509,24,538,1,2,0
35,-5,4,24,8,0,0,24,1,1,0.4509,25,552,2,2,0
35,-5,5,21,7,0,0,21,1,1,0.5709,25,583,5,2,0
35,-5,6,22,5,0,0,22,1,1,0.4109,24,765,3,2,0
35,-5,7,28,7,0,0,28,1,1,0.2610,27,915,0,1,0
35,-5,8,18,4,0,0,18,1,1,0.1610,17,861,0,1,0
35,-5,9,16,5,0,0,16,1,1,0.4009,22,1127,3,2,0
35,-4,-3,25,7,0,0,25,1,1,2.6614,89,6834,19,9,4
35,-4,-2,16,5,0,0,16,1,1,1.4709,36,2201,10,6,3
35,-4,-1,26,4,0,0,26,1,1,1.7309,38,2220,9,4,2
35,-4,0,24,6,0,0,24,1,1,1.1409,30,1089,5,4,1
35,-4,1,21,6,0,0,21,1,1,0.3909,22,561,2,2,0
35,-4,2,12,9,0,0,12,1,1,1.9709,35,555,19,16,0
35,-4,3,20,7,0,0,20,1,1,1.2909,29,531,6,4,2
35,-4,4,20,5,0,0,20,1,1,0.7509,23,436,4,3,0
35,-4,5,23,4,0,0,23,1,1,0.4309,25,554,3,2,0
35,-4,6,25,4,0,0,25,1,1,0.5609,26,647,2,2,0
35,-4,7,13,3,0,0,13,1,1,0.1109,12,396,0,1,0
35,-4,8,25,7,0,0,25,1,1,3.5709,37,1376,11,5,2
35,-3,-3,13,6,0,0,13,1,1,0.4509,24,1816,2,4,0
35,-3,-2,20,7,0,0,20,1,1,3.2209,31,1694,4,4,1
35,-3,-1,13,2,0,0,13,1,1,0.1109,12,642,0,1,0
35,-3,0,23,6,0,0,23,1,1,0.2318,23,690,1,2,0
35,-3,1,20,4,0,0,20,1,1,0.1809,19,377,0,1,0
35,-3,2,18,5,0,0,18,1,1,3.1409,37,622,18,19,0
35,-3,3,22,5,0,0,22,1,1,0.3109,22,393,1,2,0
35,-3,4,23,6,0,0,23,1,1,0.2110,22,397,0,1,0
35,-3,5,15,4,0,0,15,1,1,0.8910,24,474,6,4,2
35,-3,6,20,5,0,0,20,1,1,0.5609,21,453,2,2,0
35,-3,7,23,5,0,0,23,1,1,0.2122,22,621,0,1,0
35,-2,-3,19,6,0,0,19,1,1,0.5209,33,2502,2,3,0
35,-2,-2,20,7,0,0,20,1,1,0.4821,26,1308,2,3,0
35,-2,-1,20,5,0,0,20,1,1,0.1829,19,955,0,1,0
35,-2,0,23,5,0,0,23,1,1,1.3109,28,792,6,3,0
35,-2,1,35,4,0,0,35,1,1,1.6310,40,1003,4,4,1
35,-2,2,24,4,0,0,24,1,1,0.2210,23,440,0,1,0
35,-2,3,20,7,0,0,20,1,1,6.8309,52,861,32,30,1
35,-2,4,24,5,0,0,24,1,1,0.6509,26,491,3,3,0
35,-2,5,17,5,0,0,17,1,1,1.1110,20,369,3,4,1
35,-2,6,27,5,0,0,27,1,1,0.6409,31,787,5,3,0
35,-2,7,22,5,0,0,22,1,1,0.8410,31,1268,8,4,2
35,-1,-4,17,5,0,0,17,1,1,0.9515,39,3190,3,6,0
35,-1,-3,21,7,0,0,21,1,1,0.5909,34,2486,1,3,0
35,-1,-2,24,7,0,0,24,1,1,3.2009,45,2485,7,5,2
35,-1,-1,14,4,0,0,14,1,1,0.1209,13,601,0,1,0
35,-1,0,23,7,0,0,23,1,1,0.8209,26,812,4,3,0
35,-1,1,22,8,0,0,22,1,1,2.6909,27,575,5,4,1
35,-1,2,17,10,0,0,17,1,1,1.1109,20,390,3,4,1
35,-1,3,25,4,0,0,25,1,1,0.8709,28,565,4,3,0
35,-1,4,20,7,0,0,20,1,1,0.1809,19,358,0,1,0
35,-1,5,22,10,0,0,2,0,1,-1.0000,162,2727,141,140,0
35,-1,6,21,5,0,0,21,1,1,0.1919,20,574,0,1,0
35,0,-4,22,4,0,0,22,1,1,1.0821,54,4779,4,6,0
35,0,-3,18,4,0,0,18,1,1,1.0110,44,3179,7,5,1
35,0,-2,16,4,0,0,16,1,1,0.5309,26,1742,4,3,0
35,0,-1,21,5,0,0,21,1,1,0.7209,25,1206,2,3,0
35,0,0,27,5,0,0,27,1,1,1.6809,36,1564,7,7,2
35,0,1,13,3,0,0,13,1,1,0.2209,13,503,1,2,0
35,0,2,21,5,0,0,21,1,1,0.5809,23,591,3,2,0
35,0,3,22,4,0,0,22,1,1,0.2009,21,499,0,1,0
35,0,4,25,7,0,0,25,1,1,0.2309,24,722,0,1,0
35,0,5,17,7,0,0,17,1,1,0.3109,17,510,1,2,0
35,0,6,24,3,0,0,24,1,1,0.4109,24,1504,1,2,0
35,1,-5,13,4,3,3,13,1,1,0.7110,33,3002,1,4,0
35,1,-4,27,5,0,0,27,1,1,2.1513,68,5973,5,5,1
35,1,-3,22,5,0,0,22,1,1,0.8309,42,3426,3,4,0
35,1,-2,24,5,0,0,24,1,1,1.3709,48,3428,6,6,0
35,1,-1,20,5,0,0,20,1,1,0.5609,29,1927,3,3,0
35,1,0,18,4,0,0,18,1,1,1.0909,23,1162,3,4,1
35,1,1,21,4,0,0,21,1,1,0.2909,22,1043,2,2,0
35,1,2,27,5,0,0,27,1,1,0.2520,26,1310,0,1,0
35,1,3,17,6,0,0,17,1,1,2.0509,20,789,3,4,1
35,1,4,18,7,0,0,18,1,1,0.3309,18,796,1,2,0
35,1,5,19,5,0,0,19,1,1,0.3510,20,968,0,2,0
35,2,-5,18,7,0,0,18,1,1,1.1419,44,3922,3,5,0
35,2,-4,23,4,0,0,23,1,1,1.3014,59,5400,2,4,0
35,2,-3,15,4,0,0,15,1,1,0.8009,37,3039,3,5,0
35,2,-2,21,3,0,0,21,1,1,1.2712,41,3347,5,6,0
35,2,-1,31,5,0,0,31,1,1,2.0909,59,4376,4,4,1
35,2,0,32,4,0,0,32,1,1,2.1609,53,3120,7,5,0
35,2,1,19,5,0,0,19,1,1,1.2509,37,1857,10,6,1
35,2,2,17,3,0,0,17,1,1,0.3113,19,1072,0,2,0
35,2,3,23,5,0,0,23,1,1,0.6509,31,1799,3,3,0
35,2,4,18,5,0,0,18,1,1,0.8710,32,1973,4,5,1
35,2,5,22,6,0,0,22,1,1,0.4109,32,2073,0,2,0
35,3,-6,25,4,34,34,25,1,1,4.5435,87,8129,10,9,3
35,3,-5,19,5,6,6,19,1,1,1.5120,49,4540,0,3,0
35,3,-4,27,7,0,0,27,1,1,1.7711,72,6616,4,4,0
35,3,-3,25,6,0,0,25,1,1,2.0212,71,6822,13,8,1
35,3,-2,22,7,0,0,22,1,1,1.2509,54,4573,5,6,0
35,3,-1,16,5,0,0,16,1,1,0.5917,32,2651,3,4,0
35,3,0,20,7,0,0,20,1,1,0.9409,40,3064,4,5,0
35,3,1,22,3,0,0,22,1,1,1.4309,52,4377,7,6,1
35,4,-3,24,6,0,0,24,1,1,2.2722,68,6444,6,5,0
36,-7,6,23,4,0,0,23,1,1,0.4309,24,1537,1,2,0
36,-7,7,19,10,0,0,19,1,1,0.3509,21,1016,0,2,0
36,-7,8,15,5,0,0,15,1,1,0.2709,21,1271,0,2,0
36,-6,2,23,7,0,0,23,1,1,1.5911,32,1399,9,7,2
36,-6,3,23,5,0,0,23,1,1,0.2121,22,822,0,1,0
36,-6,4,24,3,0,0,24,1,1,1.0909,34,1211,9,4,2
36,-6,5,15,5,0,0,15,1,1,0.3709,17,562,3,2,0
36,-6,6,18,7,0,0,18,1,1,0.4309,19,712,2,3,0
36,-6,7,20,4,0,0,20,1,1,0.1809,19,955,0,1,0
36,-6,8,21,5,0,0,21,1,1,0.5909,28,1744,3,3,0
36,-5,-2,25,5,0,0,25,1,1,0.7910,44,3381,2,3,0
36,-5,-1,36,3,0,0,36,1,1,0.8310,59,4191,3,3,0
36,-5,0,29,3,0,0,29,1,1,0.5518,29,1622,0,2,0
36,-5,1,21,7,0,0,21,1,1,0.3811,22,801,2,2,0
36,-5,2,19,7,0,0,19,1,1,0.1709,18,450,0,1,0
36,-5,3,24,7,0,0,24,1,1,0.9109,28,619,5,3,0
36,-5,4,24,8,0,0,24,1,1,0.6809,28,640,5,2,0
36,-5,5,21,7,0,0,21,1,1,3.7714,29,684,6,5,2
36,-5,6,22,5,0,0,22,1,1,0.8309,24,720,3,3,0
36,-5,7,28,7,0,0,28,1,1,0.2610,27,927,0,1,0
36,-5,8,18,4,0,0,18,1,1,0.6809,21,919,3,4,1
36,-5,9,16,5,0,0,16,1,1,0.4311,23,1153,4,3,0
36,-4,-3,25,7,0,0,25,1,1,1.1509,53,4225,2,4,0
36,-4,-2,16,5,0,0,16,1,1,0.5709,25,1610,2,3,0
36,-4,-1,26,4,0,0,26,1,1,0.4809,29,1627,2,2,0
36,-4,0,24,6,0,0,24,1,1,0.3709,24,892,1,2,0
36,-4,1,21,6,0,0,21,1,1,1.1909,29,721,4,4,1
36,-4,2,12,9,0,0,12,1,1,0.1009,11,188,0,1,0
36,-4,3,20,7,0,0,20,1,1,0.9109,27,489,3,4,1
36,-4,4,20,5,0,0,20,1,1,0.5609,21,397,2,2,0
36,-4,5,23,4,0,0,23,1,1,0.6509,25,572,3,3,0
36,-4,6,25,4,0,0,25,1,1,0.3209,25,639,1,2,0
36,-4,7,13,3,0,0,13,1,1,0.4709,15,567,3,4,1
36,-4,8,25,7,0,0,25,1,1,2.6109,35,1439,11,9,0
36,-3,-3,13,6,0,0,13,1,1,0.5709,24,1829,2,5,0
36,-3,-2,20,7,0,0,20,1,1,0.3709,25,1473,0,2,0
36,-3,-1,13,2,0,0,13,1,1,0.1109,12,650,0,1,0
36,-3,0,23,6,0,0,23,1,1,0.4318,24,705,2,2,0
36,-3,1,20,4,0,0,20,1,1,0.5609,23,471,4,3,0
36,-3,2,18,5,0,0,18,1,1,1.2709,25,436,8,8,0
36,-3,3,22,5,0,0,22,1,1,0.9109,25,457,3,4,1
36,-3,4,23,6,0,0,23,1,1,3.1709,30,543,6,4,1
36,-3,5,15,4,0,0,15,1,1,0.8910,25,446,8,5,2
36,-3,6,20,5,0,0,20,1,1,0.3709,20,448,1,2,0
36,-3,7,23,5,0,0,23,1,1,0.2121,22,627,0,1,0
36,-2,-3,19,6,0,0,19,1,1,1.4128,38,3069,6,7,0
36,-2,-2,20,7,0,0,20,1,1,0.3709,25,1230,1,2,0
36,-2,-1,20,5,0,0,20,1,1,0.5225,23,1162,4,3,0
36,-2,0,23,5,0,0,23,1,1,0.2109,22,630,0,1,0
36,-2,1,35,4,0,0,35,1,1,2.7410,49,1162,13,9,1
36,-2,2,24,4,0,0,24,1,1,0.2210,23,446,0,1,0
36,-2,3,20,7,0,0,20,1,1,3.2209,35,591,16,17,0
36,-2,4,24,5,0,0,24,1,1,0.2210,23,414,0,1,0
36,-2,5,17,5,0,0,17,1,1,2.0209,21,390,4,4,1
36,-2,6,27,5,0,0,27,1,1,0.2513,26,678,0,1,0
36,-2,7,22,5,0,0,22,1,1,0.4809,25,849,4,3,0
36,-1,-4,17,5,0,0,17,1,1,0.9411,39,3097,3,4,0
36,-1,-3,21,7,0,0,21,1,1,1.5909,43,3087,4,7,1
36,-1,-2,24,7,0,0,24,1,1,1.5909,55,3055,8,6,2
36,-1,-1,14,4,0,0,14,1,1,0.1209,13,585,0,1,0
36,-1,0,23,7,0,0,23,1,1,0.2113,22,644,0,1,0
36,-1,1,22,8,0,0,22,1,1,0.5909,24,518,3,3,0
36,-1,2,17,10,0,0,17,1,1,0.1509,16,324,0,1,0
36,-1,3,25,4,0,0,25,1,1,1.5909,32,644,7,5,1
36,-1,4,20,7,0,0,20,1,1,0.1809,19,365,0,1,0
36,-1,5,22,10,0,0,22,1,1,0.4109,22,482,1,2,0
36,-1,6,21,5,0,0,21,1,1,1.3609,30,892,10,7,2
36,0,-4,22,4,0,0,22,1,1,1.9227,67,5982,9,7,2
36,0,-3,18,4,0,0,18,1,1,1.1810,40,3003,7,4,1
36,0,-2,16,4,0,0,16,1,1,0.3209,24,1546,1,3,0
36,0,-1,21,5,0,0,21,1,1,24.8112,147,4157,124,125,0
36,0,0,27,5,0,0,27,1,1,0.7709,28,1159,2,3,0
36,0,1,13,3,0,0,13,1,1,0.1509,13,494,1,2,0
36,0,2,21,5,0,0,21,1,1,0.3809,21,581,1,2,0
36,0,3,22,4,0,0,22,1,1,0.2609,22,519,1,2,0
36,0,4,25,7,0,0,25,1,1,3.8309,29,835,4,4,1
36,0,5,17,7,0,0,17,1,1,0.6309,20,594,4,2,0
36,0,6,24,3,0,0,24,1,1,0.4109,25,1521,2,2,0
36,1,-5,13,4,3,3,13,1,1,3.1110,72,6319,27,22,2
36,1,-4,27,5,0,0,27,1,1,3.1109,81,7089,4,9,1
36,1,-3,22,5,0,0,22,1,1,2.7209,45,3248,3,4,1
36,1,-2,24,5,0,0,24,1,1,2.2909,52,3453,8,5,1
36,1,-1,20,5,0,0,20,1,1,0.5609,29,1830,2,2,0
36,1,0,18,4,0,0,18,1,1,0.4609,21,1052,2,3,0
36,1,1,21,4,0,0,21,1,1,0.9509,29,1526,8,4,1
36,1,2,27,5,0,0,27,1,1,0.5609,29,1422,3,2,0
36,1,3,17,6,0,0,17,1,1,0.7709,24,1074,5,4,1
36,1,4,18,7,0,0,18,1,1,0.5009,22,957,5,3,0
36,1,5,19,5,0,0,19,1,1,0.4511,21,969,1,3,0
36,2,-5,18,7,1,1,18,1,1,1.1824,43,3872,2,4,0
36,2,-4,23,4,0,0,23,1,1,1.7834,69,6399,9,8,1
36,2,-3,15,4,0,0,15,1,1,1.0809,47,4019,4,8,1
36,2,-2,21,3,0,0,21,1,1,1.4209,41,3019,4,4,1
36,2,-1,31,5,0,0,31,1,1,2.6909,70,5051,10,8,1
36,2,0,32,4,0,0,32,1,1,1.2309,48,2849,3,2,0
36,2,1,19,5,0,0,19,1,1,0.5309,27,1694,2,3,0
36,2,2,17,3,0,0,17,1,1,0.3112,20,1209,1,2,0
36,2,3,23,5,0,0,23,1,1,1.5309,31,1682,5,4,1
36,2,4,18,5,0,0,18,1,1,0.3309,25,1518,0,2,0
36,2,5,22,6,0,0,22,1,1,0.4109,32,2007,0,2,0
36,3,-6,25,4,37,37,25,1,1,1.6633,64,5739,3,4,0
36,3,-5,19,5,3,3,19,1,1,1.9622,59,5564,4,9,1
36,3,-4,27,7,0,0,27,1,1,2.5510,73,6552,5,4,0
36,3,-3,25,6,0,0,25,1,1,3.7020,79,7399,13,7,2
36,3,-2,22,7,0,0,22,1,1,0.8309,49,4122,0,3,0
36,3,-1,16,5,0,0,16,1,1,0.7309,31,2470,1,3,0
36,3,0,20,7,0,0,20,1,1,1.3209,41,3180,5,5,1
36,3,1,22,3,0,0,22,1,1,0.5909,39,3210,0,3,0
36,4,-3,24,6,0,0,24,1,1,2.0422,76,7133,14,9,0
37,-7,6,23,4,0,0,23,1,1,0.3312,25,1518,0,2,0
37,-7,7,19,10,0,0,19,1,1,0.3509,20,996,0,2,0
37,-7,8,15,5,0,0,15,1,1,0.2709,21,1253,0,2,0
37,-6,2,23,7,0,0,23,1,1,2.8509,30,1213,6,4,2
37,-6,3,23,5,0,0,23,1,1,1.0709,31,1084,6,4,1
37,-6,4,24,3,0,0,24,1,1,0.2209,23,806,0,1,0
37,-6,5,15,5,0,0,15,1,1,0.3709,16,519,2,2,0
37,-6,6,18,7,0,0,12,0,1,-1.0000,193,3497,176,177,0
37,-6,7,20,4,0,0,20,1,1,0.3320,21,996,2,2,0
37,-6,8,21,5,0,0,21,1,1,0.5909,28,1615,3,3,0
37,-5,-2,25,5,0,0,25,1,1,0.7911,44,3502,3,4,0
37,-5,-1,36,3,0,0,36,1,1,2.3710,70,4253,10,4,2
37,-5,0,29,3,0,0,29,1,1,1.1916,32,1889,3,4,1
37,-5,1,21,7,0,0,21,1,1,0.3609,21,742,1,2,0
37,-5,2,19,7,0,0,19,1,1,4.9109,48,968,30,28,0
37,-5,3,24,7,0,0,24,1,1,0.2209,23,513,0,1,0
37,-5,4,24,8,0,0,24,1,1,0.9109,27,605,4,3,0
37,-5,5,21,7,0,0,21,1,1,0.1909,20,498,0,1,0
37,-5,6,22,5,0,0,22,1,1,0.4109,23,714,2,2,0
37,-5,7,28,7,0,0,28,1,1,0.5109,28,928,1,2,0
37,-5,8,18,4,0,0,18,1,1,1.1509,20,976,3,4,1
37,-5,9,16,5,0,0,16,1,1,0.5509,24,1150,3,3,0
37,-4,-3,25,7,0,0,25,1,1,1.1509,53,4431,3,4,0
37,-4,-2,16,5,0,0,16,1,1,0.4209,24,1716,1,3,0
37,-4,-1,26,4,0,0,26,1,1,0.7309,30,1743,3,3,0
37,-4,0,24,6,0,0,24,1,1,2.2909,32,1019,7,4,2
37,-4,1,21,6,0,0,21,1,1,0.2110,21,511,1,2,0
37,-4,2,12,9,0,0,12,1,1,0.1009,11,190,0,1,0
37,-4,3,20,7,0,0,20,1,1,0.9109,28,533,4,4,1
37,-4,4,20,5,0,0,20,1,1,0.7509,24,471,3,4,1
37,-4,5,23,4,0,0,23,1,1,0.8809,27,625,4,4,1
37,-4,6,25,4,0,0,25,1,1,0.2309,24,612,0,1,0
37,-4,7,13,3,0,0,13,1,1,0.1109,12,388,0,1,0
37,-4,8,25,7,0,0,25,1,1,3.0909,46,2460,15,12,4
37,-3,-3,13,6,0,0,13,1,1,0.5709,24,1737,2,3,0
37,-3,-2,20,7,0,0,20,1,1,0.3709,26,1507,0,2,0
37,-3,-1,13,2,0,0,13,1,1,0.1410,13,718,1,2,0
37,-3,0,23,6,0,0,23,1,1,0.5709,24,745,2,3,0
37,-3,1,20,4,0,0,20,1,1,0.3309,21,433,2,2,0
37,-3,2,18,5,0,0,18,1,1,0.5009,21,374,4,3,0
37,-3,3,22,5,0,0,22,1,1,1.4609,27,463,5,4,1
37,-3,4,23,6,0,0,23,1,1,0.2110,22,394,0,1,0
37,-3,5,15,4,0,0,15,1,1,1.0309,22,366,7,7,2
37,-3,6,20,5,0,0,20,1,1,0.5609,21,443,2,2,0
37,-3,7,23,5,0,0,23,1,1,0.6409,24,744,2,3,0
37,-2,-3,19,6,0,0,19,1,1,0.6709,36,2656,4,4,0
37,-2,-2,20,7,0,0,20,1,1,0.4817,26,1347,2,3,0
37,-2,-1,20,5,0,0,20,1,1,0.1828,19,942,0,1,0
37,-2,0,23,5,0,0,23,1,1,0.4309,24,712,2,2,0
37,-2,1,35,4,0,0,35,1,1,0.3310,34,837,0,1,0
37,-2,2,24,4,0,0,24,1,1,1.4610,27,511,3,4,1
37,-2,3,20,7,0,0,20,1,1,0.1809,19,334,0,1,0
37,-2,4,24,5,0,0,24,1,1,0.4209,25,455,2,2,0
37,-2,5,17,5,0,0,17,1,1,0.4709,18,349,2,3,0
37,-2,6,27,5,0,0,27,1,1,0.3309,27,712,1,2,0
37,-2,7,22,5,0,0,22,1,1,0.3509,23,765,2,2,0
37,-1,-4,17,5,0,0,17,1,1,0.7812,37,3096,2,4,0
37,-1,-3,21,7,0,0,21,1,1,0.7909,38,2787,5,3,0
37,-1,-2,24,7,0,0,24,1,1,1.1309,44,2594,5,5,1
37,-1,-1,14,4,0,0,14,1,1,0.2209,14,657,1,2,0
37,-1,0,23,7,0,0,23,1,1,0.4209,23,687,1,2,0
37,-1,1,22,8,0,0,22,1,1,0.2009,21,465,0,1,0
37,-1,2,17,10,0,0,17,1,1,0.4709,19,391,3,3,0
37,-1,3,25,4,0,0,25,1,1,1.0309,34,695,7,4,1
37,-1,4,20,7,0,0,20,1,1,1.2309,25,471,4,4,1
37,-1,5,22,10,0,0,22,1,1,0.8309,24,493,3,3,0
37,-1,6,21,5,0,0,21,1,1,0.3609,21,587,1,2,0
37,0,-4,22,4,0,0,22,1,1,1.4309,59,5163,8,6,0
37,0,-3,18,4,0,0,18,1,1,0.8817,42,2903,9,5,0
37,0,-2,16,4,0,0,16,1,1,0.4314,24,1658,1,3,0
37,0,-1,21,5,0,0,21,1,1,0.3209,23,1173,0,2,0
37,0,0,27,5,0,0,27,1,1,0.2509,26,1138,0,1,0
37,0,1,13,3,0,0,13,1,1,0.7520,16,555,3,4,1
37,0,2,21,5,0,0,21,1,1,0.1913,20,554,0,1,0
37,0,3,22,4,0,0,22,1,1,0.3409,22,530,1,2,0
37,0,4,25,7,0,0,25,1,1,1.6709,33,905,6,4,2
37,0,5,17,7,0,0,17,1,1,0.1509,16,476,0,1,0
37,0,6,24,3,0,0,24,1,1,1.4023,31,1873,6,4,2
37,1,-5,13,4,0,0,13,1,1,1.0709,35,3055,3,4,0
37,1,-4,27,5,0,0,27,1,1,1.8109,74,6541,10,6,1
37,1,-3,22,5,0,0,22,1,1,1.0409,45,3519,6,5,0
37,1,-2,24,5,0,0,24,1,1,1.3709,52,3758,5,5,1
37,1,-1,20,5,0,0,20,1,1,0.7730,29,1993,4,5,0
37,1,0,18,4,0,0,18,1,1,0.2409,20,1052,0,2,0
37,1,1,21,4,0,0,21,1,1,0.3509,22,1147,2,2,0
37,1,2,27,5,0,0,27,1,1,0.5123,29,1477,3,2,0
37,1,3,17,6,0,0,17,1,1,0.2909,17,733,1,2,0
37,1,4,18,7,0,0,18,1,1,0.3309,18,861,1,2,0
37,1,5,19,5,0,0,19,1,1,0.3509,21,994,0,2,0
37,2,-5,18,7,0,0,18,1,1,1.6520,45,4016,3,5,0
37,2,-4,23,4,0,0,23,1,1,2.5210,68,6173,7,11,1
37,2,-3,15,4,0,0,15,1,1,0.6609,36,3073,2,4,0
37,2,-2,21,3,0,0,21,1,1,1.2211,46,3629,4,5,1
37,2,-1,31,5,0,0,31,1,1,1.1909,55,4397,2,3,0
37,2,0,32,4,0,0,32,1,1,1.5409,54,3274,4,5,1
37,2,1,19,5,0,0,19,1,1,1.0709,37,2054,6,5,1
37,2,2,17,3,0,0,17,1,1,0.3116,19,1110,0,2,0
37,2,3,23,5,0,0,23,1,1,1.0909,35,1751,6,3,0
37,2,4,18,5,0,0,18,1,1,0.6709,27,1702,2,4,0
37,2,5,22,6,0,0,22,1,1,1.1809,35,2371,4,6,0
37,3,-6,25,4,36,36,25,1,1,2.6234,84,7558,10,10,1
37,3,-5,19,5,7,7,19,1,1,1.5122,50,4684,1,4,0
37,3,-4,27,7,0,0,27,1,1,2.6131,79,7220,7,7,1
37,3,-3,25,6,0,0,25,1,1,3.4910,76,7064,10,12,1
37,3,-2,22,7,0,0,22,1,1,2.0909,64,5473,9,8,2
37,3,-1,16,5,0,0,16,1,1,0.7309,34,2794,4,5,0
37,3,0,20,7,0,0,16,0,1,-1.0000,201,6549,160,156,1
37,3,1,22,3,0,0,22,1,1,0.5909,39,3190,0,3,0
37,4,-3,24,6,0,0,24,1,1,2.0422,65,6119,3,4,0
38,-7,6,23,4,0,0,23,1,1,0.4309,26,1584,1,2,0
38,-7,7,19,10,0,0,19,1,1,0.3509,21,1018,0,2,0
38,-7,8,15,5,0,0,15,1,1,0.9709,24,1293,3,4,1
38,-6,2,23,7,0,0,23,1,1,0.8709,26,1024,4,2,0
38,-6,3,23,5,0,0,23,1,1,1.0709,28,1014,3,4,1
38,-6,4,24,3,0,0,24,1,1,0.9409,32,1205,7,4,2
38,-6,5,15,5,0,0,15,1,1,0.3709,16,525,2,2,0
38,-6,6,18,7,0,0,18,1,1,0.1609,17,665,0,1,0
38,-6,7,20,4,0,0,20,1,1,0.1809,19,934,0,1,0
38,-6,8,21,5,0,0,21,1,1,0.5909,29,1832,3,2,0
38,-5,-2,25,5,0,0,25,1,1,1.5111,49,3766,8,5,0
38,-5,-1,36,3,0,0,36,1,1,0.6912,56,3877,0,2,0
38,-5,0,29,3,0,0,29,1,1,0.3736,29,1715,1,2,0
38,-5,1,21,7,0,0,21,1,1,0.3609,21,771,1,2,0
38,-5,2,19,7,0,0,19,1,1,0.3509,20,478,2,2,0
38,-5,3,24,7,0,0,24,1,1,1.6009,31,629,7,4,1
38,-5,4,24,8,0,0,24,1,1,3.6709,27,588,4,4,1
38,-5,5,21,7,0,0,21,1,1,1.5709,28,643,7,4,1
38,-5,6,22,5,0,0,22,1,1,6.5909,55,1178,34,31,0
38,-5,7,28,7,0,0,28,1,1,0.5109,28,941,1,2,0
38,-5,8,18,4,0,0,18,1,1,0.8509,28,1047,9,5,2
38,-5,9,16,5,0,0,16,1,1,0.5509,22,1232,3,4,0
38,-4,-3,25,7,0,0,25,1,1,1.8709,57,4605,5,4,0
38,-4,-2,16,5,0,0,16,1,1,0.8709,28,1842,5,5,0
38,-4,-1,26,4,0,0,26,1,1,0.3610,29,1554,1,2,0
38,-4,0,24,6,0,0,24,1,1,1.2909,33,1257,7,6,0
38,-4,1,21,6,0,0,21,1,1,0.3909,21,500,1,2,0
38,-4,2,12,9,0,0,12,1,1,0.5409,15,249,4,5,0
38,-4,3,20,7,0,0,19,0,1,-1.0000,176,3347,157,158,0
38,-4,4,20,5,0,0,20,1,1,1.8909,23,444,3,4,1
38,-4,5,23,4,0,0,23,1,1,0.2515,24,574,2,2,0
38,-4,6,25,4,0,0,25,1,1,0.4709,25,635,1,2,0
38,-4,7,13,3,0,0,13,1,1,0.1109,12,383,0,1,0
38,-4,8,25,7,0,0,25,1,1,0.6909,26,1206,2,2,0
38,-3,-3,13,6,0,0,13,1,1,0.3309,22,1633,0,3,0
38,-3,-2,20,7,0,0,20,1,1,0.5609,29,1673,2,3,0
38,-3,-1,13,2,0,0,13,1,1,0.5610,21,1078,7,5,1
38,-3,0,23,6,0,0,23,1,1,1.0109,35,982,7,4,2
38,-3,1,20,4,0,0,20,1,1,0.5209,21,430,2,2,0
38,-3,2,18,5,0,0,18,1,1,0.7609,25,441,4,4,1
38,-3,3,22,5,0,0,22,1,1,0.6209,25,434,4,3,0
38,-3,4,23,6,0,0,23,1,1,0.5309,25,438,3,3,0
38,-3,5,15,4,0,0,15,1,1,0.4009,17,311,3,3,0
38,-3,6,20,5,0,0,20,1,1,1.1912,26,575,7,7,2
38,-3,7,23,5,0,0,23,1,1,0.2121,22,632,0,1,0
38,-2,-3,19,6,0,0,19,1,1,0.7012,33,2509,1,4,0
38,-2,-2,20,7,0,0,20,1,1,2.0414,31,1703,6,4,1
38,-2,-1,20,5,0,0,20,1,1,0.2609,20,975,1,2,0
38,-2,0,23,5,0,0,23,1,1,0.4509,24,708,2,3,0
38,-2,1,35,4,0,0,35,1,1,0.6311,36,869,2,2,0
38,-2,2,24,4,0,0,24,1,1,1.5309,38,734,12,6,2
38,-2,3,20,7,0,0,20,1,1,0.1809,19,335,0,1,0
38,-2,4,24,5,0,0,24,1,1,0.4409,24,446,1,2,0
38,-2,5,17,5,0,0,17,1,1,1.0609,20,374,3,4,1
38,-2,6,27,5,0,0,27,1,1,0.2512,26,677,0,1,0
38,-2,7,22,5,0,0,22,1,1,0.5609,23,772,2,3,0
38,-1,-4,17,5,0,0,17,1,1,1.0410,44,3749,9,7,0
38,-1,-3,21,7,0,0,21,1,1,4.7909,57,3824,23,23,0
38,-1,-2,24,7,0,0,24,1,1,0.4409,32,1895,0,2,0
38,-1,-1,14,4,0,0,14,1,1,0.2209,15,712,2,2,0
38,-1,0,23,7,0,0,23,1,1,0.2112,22,621,0,1,0
38,-1,1,22,8,0,0,22,1,1,0.5909,23,516,2,3,0
38,-1,2,17,10,0,0,17,1,1,0.4709,19,404,3,3,0
38,-1,3,25,4,0,0,25,1,1,0.3909,26,541,2,2,0
38,-1,4,20,7,0,0,20,1,1,0.4709,21,397,2,3,0
38,-1,5,22,10,0,0,22,1,1,4.6109,27,574,5,4,1
38,-1,6,21,5,0,0,21,1,1,1.3609,24,652,3,4,1
38,0,-4,22,4,0,0,22,1,1,1.3236,57,5096,3,6,1
38,0,-3,18,4,0,0,18,1,1,0.6710,35,2657,2,4,0
38,0,-2,16,4,0,0,16,1,1,1.1309,34,2316,8,5,1
38,0,-1,21,5,0,0,21,1,1,0.3209,23,1170,0,2,0
38,0,0,27,5,0,0,27,1,1,0.4509,28,1260,2,2,0
38,0,1,13,3,0,0,13,1,1,0.1123,12,440,0,1,0
38,0,2,21,5,0,0,21,1,1,0.3809,23,631,3,2,0
38,0,3,22,4,0,0,22,1,1,0.2009,21,511,0,1,0
38,0,4,25,7,0,0,25,1,1,0.7109,27,803,3,3,0
38,0,5,17,7,0,0,17,1,1,0.1509,16,479,0,1,0
38,0,6,24,3,0,0,24,1,1,0.9409,28,1662,4,4,1
38,1,-5,13,4,1,1,13,1,1,0.7110,32,2910,0,3,0
38,1,-4,27,5,0,0,27,1,1,1.5509,64,5578,1,4,0
38,1,-3,22,5,0,0,22,1,1,1.0913,43,3366,4,4,0
38,1,-2,24,5,0,0,24,1,1,1.1409,47,3356,5,4,0
38,1,-1,20,5,0,0,20,1,1,0.3709,28,1796,1,2,0
38,1,0,18,4,0,0,18,1,1,0.4109,20,1112,1,3,0
38,1,1,21,4,0,0,21,1,1,0.1909,20,1037,0,1,0
38,1,2,27,5,0,0,27,1,1,0.3211,27,1407,1,2,0
38,1,3,17,6,0,0,17,1,1,0.4509,20,873,4,3,0
38,1,4,18,7,0,0,18,1,1,0.6709,22,1002,5,3,0
38,1,5,19,5,0,0,19,1,1,0.9809,28,1316,4,4,1
38,2,-5,18,7,0,0,18,1,1,1.1420,44,3962,2,5,0
38,2,-4,23,4,0,0,23,1,1,1.8612,73,6772,13,8,1
38,2,-3,15,4,0,0,15,1,1,1.5009,56,4767,13,9,1
38,2,-2,21,3,0,0,21,1,1,0.8712,38,3011,2,4,0
38,2,-1,31,5,0,0,31,1,1,0.8909,55,4337,1,3,0
38,2,0,32,4,0,0,32,1,1,1.8509,59,3470,8,5,1
38,2,1,19,5,0,0,19,1,1,0.5309,25,1544,1,3,0
38,2,2,17,3,0,0,17,1,1,0.6109,23,1209,4,3,0
38,2,3,23,5,0,0,23,1,1,1.1809,36,2024,4,5,1
38,2,4,18,5,0,0,18,1,1,0.7809,31,1837,4,4,1
38,2,5,22,6,0,0,22,1,1,1.2509,43,2900,7,5,1
38,3,-6,25,4,50,50,25,1,1,2.4015,78,7173,14,11,1
38,3,-5,19,5,8,8,19,1,1,2.7010,58,5180,4,7,1
38,3,-4,27,7,0,0,27,1,1,2.0618,72,6643,5,6,0
38,3,-3,25,6,0,0,25,1,1,2.5917,71,6622,10,11,2
38,3,-2,22,7,0,0,22,1,1,1.8809,62,5177,8,7,1
38,3,-1,16,5,0,0,16,1,1,1.1809,40,3165,8,6,1
38,3,0,20,7,0,0,20,1,1,0.7509,36,2745,1,4,0
38,3,1,22,3,0,0,22,1,1,1.1421,48,4178,6,5,1
38,4,-3,24,6,1,1,24,1,1,2.5023,66,6305,4,5,0
39,-7,6,23,4,0,0,23,1,1,0.4309,25,1538,1,2,0
39,-7,7,19,10,0,0,19,1,1,0.3509,20,1000,0,2,0
39,-7,8,15,5,0,0,15,1,1,0.2709,20,1213,0,2,0
39,-6,2,23,7,0,0,23,1,1,0.2109,22,922,0,1,0
39,-6,3,23,5,0,0,23,1,1,0.2120,22,812,0,1,0
39,-6,4,24,3,0,0,24,1,1,0.9215,28,980,5,5,0
39,-6,5,15,5,0,0,15,1,1,0.2721,16,539,2,2,0
39,-6,6,18,7,0,0,18,1,1,0.1609,17,684,0,1,0
39,-6,7,20,4,0,0,20,1,1,0.3709,20,973,1,2,0
39,-6,8,21,5,0,0,21,1,1,1.3909,35,2256,6,5,1
39,-5,-2,25,5,0,0,25,1,1,2.8711,55,4240,9,6,2
39,-5,-1,36,3,0,0,36,1,1,1.9111,67,4698,8,5,1
39,-5,0,29,3,0,0,29,1,1,0.5209,29,1666,1,2,0
39,-5,1,21,7,0,0,21,1,1,0.1923,20,733,0,1,0
39,-5,2,19,7,0,0,19,1,1,0.7709,24,563,6,5,0
39,-5,3,24,7,0,0,24,1,1,1.8309,28,627,4,4,1
39,-5,4,24,8,0,0,24,1,1,0.2209,23,507,0,1,0
39,-5,5,21,7,0,0,21,1,1,0.8009,25,668,4,4,1
39,-5,6,22,5,0,0,22,1,1,1.4609,27,741,4,4,1
39,-5,7,28,7,0,0,28,1,1,3.7509,33,972,5,4,1
39,-5,8,18,4,0,0,18,1,1,0.3309,19,999,2,2,0
39,-5,9,16,5,0,0,16,1,1,0.2916,19,1078,0,2,0
39,-4,-3,25,7,0,0,25,1,1,1.3909,55,4407,5,4,0
39,-4,-2,16,5,0,0,16,1,1,0.6124,26,1930,3,5,1
39,-4,-1,26,4,0,0,26,1,1,0.8409,33,2025,6,4,0
39,-4,0,24,6,0,0,24,1,1,0.4509,24,875,1,2,0
39,-4,1,21,6,0,0,21,1,1,0.7909,24,616,3,4,1
39,-4,2,12,9,0,0,12,1,1,0.1009,11,181,0,1,0
39,-4,3,20,7,0,0,20,1,1,0.3409,20,355,1,2,0
39,-4,4,20,5,0,0,20,1,1,1.3209,24,450,3,4,1
39,-4,5,23,4,0,0,23,1,1,0.2109,22,508,0,1,0
39,-4,6,25,4,0,0,25,1,1,0.7109,28,713,4,2,0
39,-4,7,13,3,0,0,13,1,1,0.1109,12,394,0,1,0
39,-4,8,25,7,0,0,25,1,1,1.1709,33,1532,4,4,1
39,-3,-3,13,6,0,0,13,1,1,0.5709,25,1739,3,4,0
39,-3,-2,20,7,0,0,20,1,1,0.5609,27,1566,2,3,0
39,-3,-1,13,2,0,0,13,1,1,0.5510,18,960,5,4,1
39,-3,0,23,6,0,0,23,1,1,1.4509,31,847,7,4,2
39,-3,1,20,4,0,0,20,1,1,0.4609,21,432,2,3,0
39,-3,2,18,5,0,0,18,1,1,0.3309,19,346,2,2,0
39,-3,3,22,5,0,0,22,1,1,0.2009,21,362,0,1,0
39,-3,4,23,6,0,0,23,1,1,0.3809,24,434,2,2,0
39,-3,5,15,4,0,0,15,1,1,0.4009,18,316,4,2,0
39,-3,6,20,5,0,0,20,1,1,0.1809,19,397,0,1,0
39,-3,7,23,5,0,0,23,1,1,0.2118,22,638,0,1,0
39,-2,-3,19,6,0,0,19,1,1,0.9014,36,2700,3,4,1
39,-2,-2,20,7,0,0,20,1,1,1.0409,32,1917,6,5,2
39,-2,-1,20,5,0,0,20,1,1,0.4509,22,1018,3,3,0
39,-2,0,23,5,0,0,23,1,1,3.1009,36,969,12,4,3
39,-2,1,35,4,0,0,35,1,1,1.2010,42,1087,7,4,1
39,-2,2,24,4,0,0,24,1,1,1.1309,30,596,5,4,1
39,-2,3,20,7,0,0,20,1,1,0.1809,19,335,0,1,0
39,-2,4,24,5,0,0,24,1,1,0.4209,24,437,1,2,0
39,-2,5,17,5,0,0,17,1,1,0.1509,16,307,0,1,0
39,-2,6,27,5,0,0,27,1,1,1.0209,30,794,3,4,1
39,-2,7,22,5,0,0,22,1,1,1.4809,31,911,8,4,2
39,-1,-4,17,5,0,0,17,1,1,1.7412,44,3472,5,8,1
39,-1,-3,21,7,0,0,21,1,1,0.9909,36,2593,3,3,0
39,-1,-2,24,7,0,0,24,1,1,3.6609,42,2358,6,6,2
39,-1,-1,14,4,0,0,14,1,1,0.1209,13,630,0,1,0
39,-1,0,23,7,0,0,23,1,1,0.4209,24,704,2,2,0
39,-1,1,22,8,0,0,22,1,1,0.3809,22,482,1,2,0
39,-1,2,17,10,0,0,17,1,1,0.7909,21,425,3,4,1
39,-1,3,25,4,0,0,25,1,1,1.1209,29,581,4,4,1
39,-1,4,20,7,0,0,20,1,1,0.3109,20,363,1,2,0
39,-1,5,22,10,0,0,22,1,1,0.4109,22,469,1,2,0
39,-1,6,21,5,0,0,21,1,1,0.1918,20,564,0,1,0
39,0,-4,22,4,0,0,22,1,1,0.8009,53,4580,2,4,0
39,0,-3,18,4,0,0,18,1,1,1.0212,37,2668,4,4,1
39,0,-2,16,4,0,0,16,1,1,0.3920,24,1621,1,3,0
39,0,-1,21,5,0,0,21,1,1,0.5209,24,1216,1,2,0
39,0,0,27,5,0,0,27,1,1,1.1609,35,1401,4,4,1
39,0,1,13,3,0,0,13,1,1,0.2209,13,484,1,2,0
39,0,2,21,5,0,0,21,1,1,0.3809,22,630,2,2,0
39,0,3,22,4,0,0,22,1,1,0.6209,23,553,2,3,0
39,0,4,25,7,0,0,25,1,1,0.4709,26,860,2,2,0
39,0,5,17,7,0,0,17,1,1,0.4709,20,667,4,3,0
39,0,6,24,3,0,0,24,1,1,0.2210,23,1350,0,1,0
39,1,-5,13,4,4,4,13,1,1,1.1912,42,3855,3,8,1
39,1,-4,27,5,0,0,27,1,1,2.0709,70,6133,7,6,0
39,1,-3,22,5,0,0,22,1,1,3.8010,77,6173,25,17,1
39,1,-2,24,5,0,0,24,1,1,4.3609,75,4341,26,16,1
39,1,-1,20,5,0,0,20,1,1,1.3325,35,2369,6,7,1
39,1,0,18,4,0,0,18,1,1,0.2909,20,1035,1,2,0
39,1,1,21,4,0,0,21,1,1,0.3909,21,1038,1,2,0
39,1,2,27,5,0,0,27,1,1,0.7309,30,1604,4,3,0
39,1,3,17,6,0,0,17,1,1,2.0509,20,777,3,4,1
39,1,4,18,7,0,0,18,1,1,0.1609,17,788,0,1,0
39,1,5,19,5,0,0,19,1,1,2.3209,27,1123,5,4,1
39,2,-5,18,7,1,1,18,1,1,2.2025,58,5500,5,9,1
39,2,-4,23,4,0,0,23,1,1,1.9619,67,6201,7,7,1
39,2,-3,15,4,0,0,15,1,1,0.8009,39,3302,5,6,0
39,2,-2,21,3,0,0,21,1,1,3.6712,54,4313,16,19,0
39,2,-1,31,5,0,0,31,1,1,1.5809,65,5166,6,5,1
39,2,0,32,4,0,0,32,1,1,0.9209,47,2855,1,3,0
39,2,1,19,5,0,0,19,1,1,0.5309,25,1484,1,3,0
39,2,2,17,3,0,0,17,1,1,0.3115,19,1104,0,2,0
39,2,3,23,5,0,0,23,1,1,0.6009,29,1638,2,3,0
39,2,4,18,5,0,0,18,1,1,0.5009,25,1576,1,3,0
39,2,5,22,6,0,0,22,1,1,1.1809,40,2421,3,6,1
39,3,-6,25,4,35,35,25,1,1,2.1433,70,6207,10,5,0
39,3,-5,19,5,5,5,19,1,1,1.8719,51,4661,2,5,0
39,3,-4,27,7,0,0,27,1,1,2.3517,77,7218,4,9,1
39,3,-3,25,6,0,0,25,1,1,3.9418,77,7460,15,11,1
39,3,-2,22,7,0,0,22,1,1,2.5109,68,5615,10,12,1
39,3,-1,16,5,0,0,16,1,1,1.1809,35,2977,3,5,1
39,3,0,20,7,0,0,20,1,1,1.1309,40,3026,4,5,0
39,3,1,22,3,0,0,22,1,1,2.9009,62,4972,15,13,2
39,4,-3,24,6,0,0,24,1,1,3.4222,81,7686,10,11,2
40,-7,6,23,4,0,0,23,1,1,0.2512,24,1503,0,2,0
40,-7,7,19,10,0,0,19,1,1,0.5309,21,1007,1,2,0
40,-7,8,15,5,0,0,15,1,1,0.2709,21,1258,0,2,0
40,-6,2,23,7,0,0,23,1,1,0.6509,24,1085,2,3,0
40,-6,3,23,5,0,0,23,1,1,0.2809,23,822,1,2,0
40,-6,4,24,3,0,0,24,1,1,0.2209,23,823,0,1,0
40,-6,5,15,5,0,0,15,1,1,0.2309,15,502,1,2,0
40,-6,6,18,7,0,0,18,1,1,0.1609,17,697,0,1,0
40,-6,7,20,4,0,0,20,1,1,0.2609,20,1000,1,2,0
40,-6,8,21,5,0,0,21,1,1,1.3909,30,1697,4,4,1
40,-5,-2,25,5,0,0,25,1,1,0.7911,43,3238,1,3,0
40,-5,-1,36,3,0,0,36,1,1,2.3710,77,5092,15,6,3
40,-5,0,29,3,0,0,29,1,1,0.2715,28,1551,0,1,0
40,-5,1,21,7,0,0,21,1,1,0.3609,21,783,1,2,0
40,-5,2,19,7,0,0,19,1,1,0.8909,26,663,7,4,1
40,-5,3,24,7,0,0,24,1,1,0.6809,28,661,5,3,0
40,-5,4,24,8,0,0,24,1,1,0.4509,24,516,1,2,0
40,-5,5,21,7,0,0,21,1,1,1.9709,28,630,6,4,2
40,-5,6,22,5,0,0,22,1,1,0.4109,22,664,1,2,0
40,-5,7,28,7,0,0,28,1,1,0.7809,29,942,2,3,0
40,-5,8,18,4,0,0,18,1,1,1.2709,31,1780,10,7,3
40,-5,9,16,5,0,0,16,1,1,0.4009,21,1086,1,2,0
40,-4,-3,25,7,0,0,25,1,1,1.3909,52,4143,1,3,0
40,-4,-2,16,5,0,0,16,1,1,0.5709,26,1922,3,4,0
40,-4,-1,26,4,0,0,26,1,1,0.9809,36,2192,7,4,1
40,-4,0,24,6,0,0,24,1,1,0.2209,23,867,0,1,0
40,-4,1,21,6,0,0,21,1,1,0.8109,24,605,3,4,1
40,-4,2,12,9,0,0,12,1,1,0.4309,14,231,3,3,0
40,-4,3,20,7,0,0,20,1,1,0.7209,24,450,5,4,0
40,-4,4,20,5,0,0,20,1,1,0.1809,19,360,0,1,0
40,-4,5,23,4,0,0,23,1,1,0.4309,24,540,2,2,0
40,-4,6,25,4,0,0,25,1,1,0.2309,24,614,0,1,0
40,-4,7,13,3,0,0,13,1,1,0.1109,12,402,0,1,0
40,-4,8,25,7,0,0,25,1,1,1.1709,28,1296,4,3,0
40,-3,-3,13,6,0,0,13,1,1,1.0509,39,2753,8,9,0
40,-3,-2,20,7,0,0,20,1,1,0.5609,29,1714,2,3,0
40,-3,-1,13,2,0,0,13,1,1,0.1109,12,656,0,1,0
40,-3,0,23,6,0,0,23,1,1,0.3509,23,696,1,2,0
40,-3,1,20,4,0,0,20,1,1,0.3309,20,412,1,2,0
40,-3,2,18,5,0,0,18,1,1,0.7609,22,389,4,4,1
40,-3,3,22,5,0,0,22,1,1,0.6209,23,403,2,2,0
40,-3,4,23,6,0,0,23,1,1,0.3609,23,425,1,2,0
40,-3,5,15,4,0,0,15,1,1,0.1310,14,250,0,1,0
40,-3,6,20,5,0,0,20,1,1,2.4612,30,635,9,4,2
40,-3,7,23,5,0,0,23,1,1,0.4209,23,676,1,2,0
40,-2,-3,19,6,0,0,19,1,1,2.6536,43,3121,7,4,2
40,-2,-2,20,7,0,0,20,1,1,1.2309,32,1387,6,4,1
40,-2,-1,20,5,0,0,20,1,1,0.2723,20,982,1,2,0
40,-2,0,23,5,0,0,23,1,1,0.4309,23,656,1,2,0
40,-2,1,35,4,0,0,35,1,1,1.6310,41,1030,5,4,1
40,-2,2,24,4,0,0,24,1,1,0.3809,25,479,2,2,0
40,-2,3,20,7,0,0,20,1,1,0.3709,20,354,1,2,0
40,-2,4,24,5,0,0,24,1,1,0.6509,27,498,4,3,0
40,-2,5,17,5,0,0,17,1,1,0.4209,20,377,4,3,0
40,-2,6,27,5,0,0,27,1,1,1.1109,35,926,5,4,1
40,-2,7,22,5,0,0,22,1,1,0.7709,26,822,5,3,0
40,-1,-4,17,5,0,0,17,1,1,1.6809,52,4360,7,9,2
40,-1,-3,21,7,0,0,21,1,1,0.7909,35,2613,2,3,0
40,-1,-2,24,7,0,0,24,1,1,1.8209,43,2529,6,5,2
40,-1,-1,14,4,0,0,14,1,1,0.1209,13,591,0,1,0
40,-1,0,23,7,0,0,23,1,1,0.6009,25,736,3,3,0
40,-1,1,22,8,0,0,22,1,1,0.3809,23,527,2,2,0
40,-1,2,17,10,0,0,17,1,1,0.3109,18,380,2,2,0
40,-1,3,25,4,0,0,25,1,1,1.3509,34,682,7,4,1
40,-1,4,20,7,0,0,20,1,1,1.8009,27,510,7,5,1
40,-1,5,22,10,0,0,22,1,1,0.2009,21,453,0,1,0
40,-1,6,21,5,0,0,21,1,1,1.3609,26,710,4,4,1
40,0,-4,22,4,0,0,22,1,1,1.6409,59,5005,7,8,0
40,0,-3,18,4,0,0,18,1,1,1.0732,40,3054,5,6,1
40,0,-2,16,4,0,0,16,1,1,0.6809,29,1986,3,5,1
40,0,-1,21,5,0,0,21,1,1,0.3209,23,1183,0,2,0
40,0,0,27,5,0,0,27,1,1,0.4509,28,1269,2,2,0
40,0,1,13,3,0,0,13,1,1,0.1125,12,458,0,1,0
40,0,2,21,5,0,0,21,1,1,0.1912,20,543,0,1,0
40,0,3,22,4,0,0,22,1,1,0.8309,26,612,5,3,0
40,0,4,25,7,0,0,25,1,1,0.4709,27,874,3,2,0
40,0,5,17,7,0,0,17,1,1,0.3109,18,552,2,2,0
40,0,6,24,3,0,0,24,1,1,1.1009,31,1977,5,4,1
40,1,-5,13,4,1,1,13,1,1,0.8309,35,3179,3,5,0
40,1,-4,27,5,0,0,27,1,1,1.8109,67,5863,4,5,0
40,1,-3,22,5,0,0,22,1,1,1.2509,44,3435,5,4,0
40,1,-2,24,5,0,0,24,1,1,1.6009,48,3419,6,7,0
40,1,-1,20,5,0,0,20,1,1,0.5831,28,1931,2,4,0
40,1,0,18,4,0,0,18,1,1,0.3309,20,1068,1,2,0
40,1,1,21,4,0,0,21,1,1,0.5509,24,1273,4,3,0
40,1,2,27,5,0,0,27,1,1,1.0809,33,1531,4,4,1
40,1,3,17,6,0,0,17,1,1,0.1529,16,710,0,1,0
40,1,4,18,7,0,0,18,1,1,0.3309,18,873,1,2,0
40,1,5,19,5,0,0,19,1,1,0.3511,21,1022,1,2,0
40,2,-5,18,7,1,1,18,1,1,1.1420,42,3750,0,3,0
40,2,-4,23,4,0,0,23,1,1,1.4210,64,5999,7,6,1
40,2,-3,15,4,0,0,15,1,1,1.3609,56,4907,9,8,2
40,2,-2,21,3,0,0,21,1,1,0.8712,39,2998,2,3,0
40,2,-1,31,5,0,0,31,1,1,0.9809,56,4365,1,4,0
40,2,0,32,4,0,0,32,1,1,4.9509,64,4161,14,15,2
40,2,1,19,5,0,0,19,1,1,0.5309,26,1488,1,2,0
40,2,2,17,3,0,0,17,1,1,0.4716,21,1204,2,3,0
40,2,3,23,5,0,0,23,1,1,2.8010,32,1562,3,4,1
40,2,4,18,5,0,0,18,1,1,0.7809,31,2080,7,5,1
40,2,5,22,6,0,0,22,1,1,0.5509,33,2089,1,3,0
40,3,-6,25,4,37,37,25,1,1,3.1033,75,6890,9,8,1
40,3,-5,19,5,6,6,19,1,1,1.8720,58,5366,9,8,0
40,3,-4,27,7,0,0,27,1,1,2.2909,79,7248,6,8,1
40,3,-3,25,6,0,0,25,1,1,1.3016,58,5514,2,4,0
40,3,-2,22,7,0,0,22,1,1,1.0409,51,4312,2,4,0
40,3,-1,16,5,0,0,16,1,1,1.7809,47,3597,12,9,1
40,3,0,20,7,0,0,20,1,1,1.1431,43,3353,4,6,1
40,3,1,22,3,0,0,22,1,1,0.7109,43,3547,4,4,0
40,4,-3,24,6,0,0,24,1,1,2.0420,62,5845,0,3,0
41,-7,6,23,4,0,0,23,1,1,0.3312,27,1572,0,2,0
41,-7,7,19,10,0,0,19,1,1,0.3509,20,1000,0,2,0
41,-7,8,15,5,0,0,15,1,1,0.2709,20,1241,0,2,0
41,-6,2,23,7,0,0,23,1,1,1.1509,28,1099,5,4,1
41,-6,3,23,5,0,0,23,1,1,0.2809,23,818,1,2,0
41,-6,4,24,3,0,0,24,1,1,1.9609,33,968,8,6,2
41,-6,5,15,5,0,0,15,1,1,0.2609,15,505,1,2,0
41,-6,6,18,7,0,0,18,1,1,1.6209,21,742,3,4,1
41,-6,7,20,4,0,0,20,1,1,0.3025,20,996,1,2,0
41,-6,8,21,5,0,0,21,1,1,0.5909,26,1617,1,2,0
41,-5,-2,25,5,0,0,25,1,1,1.5111,48,3739,7,5,0
41,-5,-1,36,3,0,0,36,1,1,1.2111,60,4145,6,3,0
41,-5,0,29,3,0,0,29,1,1,1.8809,32,1673,3,4,1
41,-5,1,21,7,0,0,21,1,1,3.1609,24,883,4,4,1
41,-5,2,19,7,0,0,19,1,1,0.2309,19,506,1,2,0
41,-5,3,24,7,0,0,24,1,1,0.4509,24,526,1,2,0
41,-5,4,24,8,0,0,24,1,1,0.4509,24,532,1,2,0
41,-5,5,21,7,0,0,21,1,1,1.3709,24,581,3,4,1
41,-5,6,22,5,0,0,22,1,1,0.2009,21,650,0,1,0
41,-5,7,28,7,0,0,28,1,1,0.7809,31,1122,4,2,0
41,-5,8,18,4,0,0,18,1,1,0.1610,17,850,0,1,0
41,-5,9,16,5,0,0,16,1,1,1.0009,29,1508,4,5,1
41,-4,-3,25,7,0,0,25,1,1,1.1509,57,4471,5,4,0
41,-4,-2,16,5,0,0,16,1,1,0.5709,27,1876,4,4,0
41,-4,-1,26,4,0,0,26,1,1,1.5909,40,2080,6,6,2
41,-4,0,24,6,0,0,24,1,1,0.6809,26,964,3,3,0
41,-4,1,21,6,0,0,21,1,1,0.1909,20,503,0,1,0
41,-4,2,12,9,0,0,12,1,1,0.1009,11,184,0,1,0
41,-4,3,20,7,0,0,20,1,1,0.3409,21,392,2,2,0
41,-4,4,20,5,0,0,20,1,1,0.9409,28,538,5,4,1
41,-4,5,23,4,0,0,23,1,1,0.4309,23,505,1,2,0
41,-4,6,25,4,0,0,25,1,1,0.2309,24,614,0,1,0
41,-4,7,13,3,0,0,13,1,1,0.7709,20,574,7,5,1
41,-4,8,25,7,0,0,25,1,1,3.8109,33,1408,7,4,1
41,-3,-3,13,6,0,0,13,1,1,0.6909,27,1955,5,6,0
41,-3,-2,20,7,0,0,20,1,1,0.9409,28,1611,4,3,0
41,-3,-1,13,2,0,0,13,1,1,0.1109,12,629,0,1,0
41,-3,0,23,6,0,0,23,1,1,0.5709,25,721,3,3,0
41,-3,1,20,4,0,0,20,1,1,0.1809,19,389,0,1,0
41,-3,2,18,5,0,0,18,1,1,0.6709,21,371,4,4,1
41,-3,3,22,5,0,0,22,1,1,0.4109,23,409,2,2,0
41,-3,4,23,6,0,0,23,1,1,0.4009,24,417,2,2,0
41,-3,5,15,4,0,0,15,1,1,0.2609,15,271,1,2,0
41,-3,6,20,5,0,0,20,1,1,0.3709,20,451,1,2,0
41,-3,7,23,5,0,0,23,1,1,0.2119,22,629,0,1,0
41,-2,-3,19,6,0,0,19,1,1,0.5210,33,2464,1,3,0
41,-2,-2,20,7,0,0,20,1,1,0.7109,27,1282,3,3,0
41,-2,-1,20,5,0,0,20,1,1,0.6409,22,972,3,3,0
41,-2,0,23,5,0,0,23,1,1,0.6509,25,758,3,3,0
41,-2,1,35,4,0,0,35,1,1,2.2210,40,968,4,4,1
41,-2,2,24,4,0,0,24,1,1,0.3809,24,466,1,2,0
41,-2,3,20,7,0,0,20,1,1,0.1809,19,336,0,1,0
41,-2,4,24,5,0,0,24,1,1,0.4209,25,468,2,2,0
41,-2,5,17,5,0,0,17,1,1,0.4209,18,330,2,3,0
41,-2,6,27,5,0,0,27,1,1,0.2511,26,675,0,1,0
41,-2,7,22,5,0,0,22,1,1,0.3509,22,752,1,2,0
41,-1,-4,17,5,0,0,17,1,1,0.6213,37,3059,2,4,0
41,-1,-3,21,7,0,0,21,1,1,1.5909,44,3074,10,4,2
41,-1,-2,24,7,0,0,24,1,1,1.1309,40,2301,3,5,1
41,-1,-1,14,4,0,0,14,1,1,0.1410,14,684,1,2,0
41,-1,0,23,7,0,0,23,1,1,0.2114,22,622,0,1,0
41,-1,1,22,8,0,0,22,1,1,0.3809,22,476,1,2,0
41,-1,2,17,10,0,0,17,1,1,3.9909,24,484,6,4,2
41,-1,3,25,4,0,0,25,1,1,0.5509,27,565,3,2,0
41,-1,4,20,7,0,0,20,1,1,1.2309,28,505,6,4,2
41,-1,5,22,10,0,0,22,1,1,0.2009,21,452,0,1,0
41,-1,6,21,5,0,0,21,1,1,0.1921,20,569,0,1,0
41,0,-4,22,4,0,0,22,1,1,1.5332,59,5284,5,6,1
41,0,-3,18,4,0,0,18,1,1,0.4513,31,2373,0,3,0
41,0,-2,16,4,0,0,16,1,1,0.2912,23,1517,0,2,0
41,0,-1,21,5,0,0,21,1,1,0.5209,23,1163,1,2,0
41,0,0,27,5,0,0,27,1,1,0.7109,30,1269,4,2,0
41,0,1,13,3,0,0,13,1,1,0.2209,13,440,1,2,0
41,0,2,21,5,0,0,21,1,1,1.9809,25,639,4,4,1
41,0,3,22,4,0,0,22,1,1,0.2009,21,496,0,1,0
41,0,4,25,7,0,0,25,1,1,0.2610,25,754,1,2,0
41,0,5,17,7,0,0,17,1,1,0.1509,16,471,0,1,0
41,0,6,24,3,0,0,24,1,1,0.3010,24,1433,1,2,0
41,1,-5,13,4,1,1,13,1,1,0.8309,34,3120,2,5,0
41,1,-4,27,5,0,0,27,1,1,3.6309,92,8118,12,10,3
41,1,-3,22,5,0,0,22,1,1,1.7009,47,3375,5,6,1
41,1,-2,24,5,0,0,24,1,1,0.6809,44,3142,1,3,0
41,1,-1,20,5,0,0,20,1,1,0.3709,28,1846,1,2,0
41,1,0,18,4,0,0,18,1,1,0.2909,20,1035,1,2,0
41,1,1,21,4,0,0,21,1,1,0.3509,21,1042,1,2,0
41,1,2,27,5,0,0,27,1,1,0.2522,26,1312,0,1,0
41,1,3,17,6,0,0,17,1,1,0.1527,16,693,0,1,0
41,1,4,18,7,0,0,18,1,1,0.5009,19,880,2,2,0
41,1,5,19,5,0,0,19,1,1,1.2409,28,1251,5,4,1
41,2,-5,18,7,1,1,18,1,1,2.5019,50,4367,8,6,0
41,2,-4,23,4,0,0,23,1,1,1.6412,65,5898,8,5,0
41,2,-3,15,4,0,0,15,1,1,1.0809,41,3508,5,5,1
41,2,-2,21,3,0,0,21,1,1,0.7111,37,3042,2,4,0
41,2,-1,31,5,0,0,31,1,1,0.6809,55,4226,0,3,0
41,2,0,32,4,0,0,32,1,1,0.9209,46,2757,2,3,0
41,2,1,19,5,0,0,19,1,1,0.5309,26,1554,1,3,0
41,2,2,17,3,0,0,17,1,1,0.3114,19,1078,0,2,0
41,2,3,23,5,0,0,23,1,1,1.1809,35,1982,4,5,1
41,2,4,18,5,0,0,18,1,1,0.3309,24,1506,0,2,0
41,2,5,22,6,0,0,22,1,1,0.5509,34,2165,2,3,0
41,3,-6,25,4,34,34,25,1,1,2.1431,80,7411,8,8,2
41,3,-5,19,5,9,9,19,1,1,1.5124,50,4666,1,4,0
41,3,-4,27,7,0,0,27,1,1,1.7709,69,6231,1,3,0
41,3,-3,25,6,0,0,25,1,1,1.5418,60,5620,4,5,0
41,3,-2,22,7,0,0,22,1,1,3.1409,62,5061,7,7,2
41,3,-1,16,5,0,0,16,1,1,0.7309,33,2637,3,5,0
41,3,0,20,7,0,0,20,1,1,1.1636,49,3993,7,6,2
41,3,1,22,3,0,0,22,1,1,2.6909,60,4900,18,10,1
41,4,-3,24,6,0,0,24,1,1,2.2723,64,6029,2,4,0
42,-7,6,23,4,0,0,23,1,1,0.4411,27,1579,1,3,0
42,-7,7,19,10,0,0,19,1,1,0.7109,22,1044,2,3,0
42,-7,8,15,5,0,0,15,1,1,0.2709,20,1249,0,2,0
42,-6,2,23,7,0,0,23,1,1,0.4809,25,1025,3,3,0
42,-6,3,23,5,0,0,23,1,1,0.4109,25,866,3,2,0
42,-6,4,24,3,0,0,24,1,1,1.0409,29,1068,4,4,1
42,-6,5,15,5,0,0,15,1,1,0.4009,16,575,2,3,0
42,-6,6,18,7,0,0,18,1,1,0.1609,17,656,0,1,0
42,-6,7,20,4,0,0,20,1,1,0.4509,21,1065,2,3,0
42,-6,8,21,5,0,0,21,1,1,2.9909,41,2450,13,7,2
42,-5,-2,25,5,0,0,25,1,1,1.2711,55,4257,7,5,1
42,-5,-1,36,3,0,0,36,1,1,2.3710,62,3998,4,4,1
42,-5,0,29,3,0,0,29,1,1,0.2716,28,1562,0,1,0
42,-5,1,21,7,0,0,21,1,1,0.5609,22,791,2,3,0
42,-5,2,19,7,0,0,19,1,1,0.2309,19,443,1,2,0
42,-5,3,24,7,0,0,24,1,1,0.2209,23,500,0,1,0
42,-5,4,24,8,0,0,24,1,1,0.4509,24,534,1,2,0
42,-5,5,21,7,0,0,21,1,1,0.3709,22,536,2,2,0
42,-5,6,22,5,0,0,22,1,1,0.2009,21,653,0,1,0
42,-5,7,28,7,0,0,28,1,1,8.0709,56,1419,29,30,0
42,-5,8,18,4,0,0,18,1,1,0.3309,18,930,1,2,0
42,-5,9,16,5,0,0,16,1,1,0.4311,21,1192,2,3,0
42,-4,-3,25,7,0,0,25,1,1,3.3109,62,4760,5,7,1
42,-4,-2,16,5,0,0,16,1,1,0.7626,29,2206,6,6,1
42,-4,-1,26,4,0,0,26,1,1,0.3612,29,1599,1,2,0
42,-4,0,24,6,0,0,24,1,1,2.2109,28,938,3,4,1
42,-4,1,21,6,0,0,21,1,1,0.1909,20,488,0,1,0
42,-4,2,12,9,0,0,12,1,1,0.1009,11,189,0,1,0
42,-4,3,20,7,0,0,20,1,1,0.1811,19,355,0,1,0
42,-4,4,20,5,0,0,20,1,1,0.5609,23,440,4,3,0
42,-4,5,23,4,0,0,23,1,1,1.0909,30,685,4,4,1
42,-4,6,25,4,0,0,25,1,1,0.7109,26,658,2,3,0
42,-4,7,13,3,0,0,13,1,1,0.1709,13,424,1,2,0
42,-4,8,25,7,0,0,25,1,1,0.6909,27,1189,3,2,0
42,-3,-3,13,6,0,0,13,1,1,0.3309,22,1635,0,3,0
42,-3,-2,20,7,0,0,20,1,1,0.7615,31,1875,5,4,1
42,-3,-1,13,2,0,0,13,1,1,0.5909,19,939,5,4,1
42,-3,0,23,6,0,0,23,1,1,1.7309,32,884,7,8,0
42,-3,1,20,4,0,0,20,1,1,1.2809,26,498,5,4,1
42,-3,2,18,5,0,0,18,1,1,0.3309,19,336,2,2,0
42,-3,3,22,5,0,0,22,1,1,0.2609,22,380,1,2,0
42,-3,4,23,6,0,0,23,1,1,0.5309,25,437,3,3,0
42,-3,5,15,4,0,0,15,1,1,0.4009,17,307,3,2,0
42,-3,6,20,5,0,0,20,1,1,1.1409,25,555,5,6,1
42,-3,7,23,5,0,0,23,1,1,0.4209,23,677,1,2,0
42,-2,-3,19,6,0,0,19,1,1,0.7516,35,2564,3,3,0
42,-2,-2,20,7,0,0,20,1,1,0.6609,27,1357,3,3,0
42,-2,-1,20,5,0,0,20,1,1,1.0209,27,1425,7,5,1
42,-2,0,23,5,0,0,23,1,1,0.6509,24,677,2,3,0
42,-2,1,35,4,0,0,35,1,1,0.5210,35,887,1,2,0
42,-2,2,24,4,0,0,24,1,1,1.0009,32,619,6,4,1
42,-2,3,20,7,0,0,20,1,1,0.9409,26,471,4,4,1
42,-2,4,24,5,0,0,24,1,1,0.4509,25,454,2,2,0
42,-2,5,17,5,0,0,17,1,1,1.1209,26,482,6,4,2
42,-2,6,27,5,0,0,27,1,1,1.1109,35,909,6,4,1
42,-2,7,22,5,0,0,22,1,1,0.9009,26,907,4,4,1
42,-1,-4,17,5,0,0,17,1,1,1.2010,45,3710,4,7,1
42,-1,-3,21,7,0,0,21,1,1,1.8009,42,2748,8,5,1
42,-1,-2,24,7,0,0,24,1,1,0.4409,32,1881,0,2,0
42,-1,-1,14,4,0,0,14,1,1,0.5310,18,711,5,5,0
42,-1,0,23,7,0,0,23,1,1,0.2114,22,637,0,1,0
42,-1,1,22,8,0,0,22,1,1,0.2009,21,457,0,1,0
42,-1,2,17,10,0,0,17,1,1,0.3109,17,332,1,2,0
42,-1,3,25,4,0,0,25,1,1,0.4709,25,533,1,2,0
42,-1,4,20,7,0,0,20,1,1,0.1809,19,374,0,1,0
42,-1,5,22,10,0,0,22,1,1,1.2509,32,651,6,4,1
42,-1,6,21,5,0,0,21,1,1,0.5609,22,589,2,2,0
42,0,-4,22,4,0,0,22,1,1,1.3029,55,4854,5,7,0
42,0,-3,18,4,0,0,18,1,1,1.0213,38,2713,6,4,1
42,0,-2,16,4,0,0,16,1,1,0.3209,24,1601,1,3,0
42,0,-1,21,5,0,0,21,1,1,0.3209,23,1149,0,2,0
42,0,0,27,5,0,0,27,1,1,2.5309,34,1458,7,4,1
42,0,1,13,3,0,0,13,1,1,0.2209,13,477,1,2,0
42,0,2,21,5,0,0,21,1,1,0.2509,21,566,1,2,0
42,0,3,22,4,0,0,22,1,1,0.4109,23,545,2,2,0
42,0,4,25,7,0,0,25,1,1,1.2009,29,827,4,4,1
42,0,5,17,7,0,0,17,1,1,0.3109,18,549,2,2,0
42,0,6,24,3,0,0,24,1,1,0.2510,24,1408,1,2,0
42,1,-5,13,4,2,2,13,1,1,2.1510,48,3859,15,16,0
42,1,-4,27,5,0,0,27,1,1,1.5509,64,5627,2,4,0
42,1,-3,22,5,0,0,22,1,1,1.4609,48,3973,5,5,1
42,1,-2,24,5,0,0,24,1,1,1.1409,44,3178,2,5,0
42,1,-1,20,5,0,0,20,1,1,0.5609,27,1730,1,2,0
42,1,0,18,4,0,0,18,1,1,0.4109,21,1158,1,3,0
42,1,1,21,4,0,0,21,1,1,0.3509,21,1031,1,2,0
42,1,2,27,5,0,0,27,1,1,0.2520,26,1314,0,1,0
42,1,3,17,6,0,0,17,1,1,1.1209,27,1119,9,7,3
42,1,4,18,7,0,0,18,1,1,0.1609,17,788,0,1,0
42,1,5,19,5,0,0,19,1,1,0.3510,21,967,1,2,0
42,2,-5,18,7,0,0,18,1,1,1.4820,44,3925,2,5,0
42,2,-4,23,4,0,0,23,1,1,2.6221,73,6553,12,10,1
42,2,-3,15,4,0,0,15,1,1,0.8009,37,3024,3,5,0
42,2,-2,21,3,0,0,21,1,1,1.2712,43,3334,6,6,0
42,2,-1,31,5,0,0,31,1,1,2.4809,69,4960,8,8,1
42,2,0,32,4,0,0,32,1,1,1.8509,55,3208,6,5,1
42,2,1,19,5,0,0,19,1,1,1.4309,39,2487,9,8,1
42,2,2,17,3,0,0,16,0,1,-1.0000,205,21237,186,187,0
42,2,3,23,5,0,0,23,1,1,0.6509,29,1577,2,3,0
42,2,4,18,5,0,0,18,1,1,0.9509,33,1869,5,4,1
42,2,5,22,6,0,0,22,1,1,0.5509,34,2252,2,3,0
42,3,-6,25,4,49,49,25,1,1,2.9423,76,7045,13,7,1
42,3,-5,19,5,9,9,19,1,1,1.7823,53,4892,4,5,0
42,3,-4,27,7,0,0,27,1,1,2.0309,72,6569,4,6,0
42,3,-3,25,6,0,0,25,1,1,3.0714,90,8351,16,13,3
42,3,-2,22,7,0,0,22,1,1,1.2509,53,4492,4,6,0
42,3,-1,16,5,0,0,16,1,1,1.6309,44,3568,8,5,2
42,3,0,20,7,0,0,20,1,1,1.3209,49,3491,5,6,1
42,3,1,22,3,0,0,22,1,1,1.1309,49,3968,9,5,1
42,4,-3,24,6,0,0,24,1,1,2.5024,68,6378,5,5,1
43,-7,6,23,4,0,0,23,1,1,0.6509,27,1571,2,2,0
43,-7,7,19,10,0,0,19,1,1,1.9709,29,1229,10,9,0
43,-7,8,15,5,0,0,15,1,1,0.2709,21,1281,0,2,0
43,-6,2,23,7,0,0,23,1,1,0.4309,23,1020,1,2,0
43,-6,3,23,5,0,0,23,1,1,0.4221,24,875,2,2,0
43,-6,4,24,3,0,0,24,1,1,0.8609,30,1107,6,4,1
43,-6,5,15,5,0,0,15,1,1,0.2309,16,510,2,2,0
43,-6,6,18,7,0,0,18,1,1,0.2609,18,673,1,2,0
43,-6,7,20,4,0,0,20,1,1,0.2609,20,1018,1,2,0
43,-6,8,21,5,0,0,21,1,1,0.5909,27,1657,2,2,0
43,-5,-2,25,5,0,0,25,1,1,2.1510,55,4508,8,9,2
43,-5,-1,36,3,0,0,36,1,1,1.9111,70,5004,9,5,2
43,-5,0,29,3,0,0,29,1,1,0.4809,30,1729,2,2,0
43,-5,1,21,7,0,0,21,1,1,0.1926,20,757,0,1,0
43,-5,2,19,7,0,0,19,1,1,0.7709,22,505,3,4,1
43,-5,3,24,7,0,0,24,1,1,1.6009,29,648,5,4,1
43,-5,4,24,8,0,0,24,1,1,0.2209,23,512,0,1,0
43,-5,5,21,7,0,0,21,1,1,0.3709,21,502,1,2,0
43,-5,6,22,5,0,0,22,1,1,1.0409,33,956,8,5,1
43,-5,7,28,7,0,0,28,1,1,7.5309,55,1394,28,27,0
43,-5,8,18,4,0,0,18,1,1,0.1609,17,866,0,1,0
43,-5,9,16,5,0,0,16,1,1,0.4415,21,1271,2,3,0
43,-4,-3,25,7,0,0,25,1,1,2.8310,71,5585,10,8,1
43,-4,-2,16,5,0,0,16,1,1,0.4209,24,1700,1,3,0
43,-4,-1,26,4,0,0,26,1,1,0.4809,31,1659,3,2,0
43,-4,0,24,6,0,0,24,1,1,0.6009,25,854,2,2,0
43,-4,1,21,6,0,0,21,1,1,0.1909,20,494,0,1,0
43,-4,2,12,9,0,0,12,1,1,0.1009,11,186,0,1,0
43,-4,3,20,7,0,0,20,1,1,1.2909,31,605,7,7,0
43,-4,4,20,5,0,0,20,1,1,0.3709,20,381,1,2,0
43,-4,5,23,4,0,0,23,1,1,0.4309,23,508,1,2,0
43,-4,6,25,4,0,0,25,1,1,0.7109,26,670,2,2,0
43,-4,7,13,3,0,0,13,1,1,0.2309,13,432,1,2,0
43,-4,8,25,7,0,0,25,1,1,0.4509,26,1170,2,2,0
43,-3,-3,13,6,0,0,13,1,1,1.1709,43,3092,6,8,1
43,-3,-2,20,7,0,0,20,1,1,0.3709,26,1508,0,2,0
43,-3,-1,13,2,0,0,13,1,1,0.4310,16,962,3,4,1
43,-3,0,23,6,0,0,23,1,1,2.1109,29,793,5,4,1
43,-3,1,20,4,0,0,20,1,1,0.3709,20,420,1,2,0
43,-3,2,18,5,0,0,18,1,1,2.1209,31,537,12,12,0
43,-3,3,22,5,0,0,22,1,1,1.0409,29,527,4,4,1
43,-3,4,23,6,0,0,23,1,1,0.2110,22,386,0,1,0
43,-3,5,15,4,0,0,15,1,1,0.8909,18,320,3,4,1
43,-3,6,20,5,0,0,20,1,1,0.1809,19,411,0,1,0
43,-3,7,23,5,0,0,23,1,1,0.4209,25,766,3,2,0
43,-2,-3,19,6,0,0,19,1,1,0.4909,31,2383,1,3,0
43,-2,-2,20,7,0,0,20,1,1,0.5609,29,1369,5,3,0
43,-2,-1,20,5,0,0,20,1,1,0.1830,19,938,0,1,0
43,-2,0,23,5,0,0,23,1,1,0.8909,26,757,3,4,1
43,-2,1,35,4,0,0,35,1,1,0.8610,38,910,4,3,0
43,-2,2,24,4,0,0,24,1,1,0.2210,23,440,0,1,0
43,-2,3,20,7,0,0,20,1,1,3.0309,24,419,4,4,1
43,-2,4,24,5,0,0,24,1,1,0.6509,26,487,3,3,0
43,-2,5,17,5,0,0,17,1,1,0.3109,17,325,1,2,0
43,-2,6,27,5,0,0,27,1,1,0.2512,26,672,0,1,0
43,-2,7,22,5,0,0,22,1,1,0.8209,25,808,3,4,1
43,-1,-4,17,5,0,0,17,1,1,1.1029,44,3747,8,7,1
43,-1,-3,21,7,0,0,21,1,1,0.5909,33,2407,1,3,0
43,-1,-2,24,7,0,0,24,1,1,0.9009,35,1948,3,3,0
43,-1,-1,14,4,0,0,14,1,1,0.3509,17,636,4,3,0
43,-1,0,23,7,0,0,23,1,1,0.2113,22,607,0,1,0
43,-1,1,22,8,0,0,22,1,1,0.3809,22,479,1,2,0
43,-1,2,17,10,0,0,17,1,1,0.4709,19,386,3,2,0
43,-1,3,25,4,0,0,25,1,1,0.6412,27,569,3,3,0
43,-1,4,20,7,0,0,20,1,1,0.1809,19,360,0,1,0
43,-1,5,22,10,0,0,22,1,1,0.2009,21,472,0,1,0
43,-1,6,21,5,0,0,21,1,1,0.3609,21,574,1,2,0
43,0,-4,22,4,0,0,22,1,1,1.0109,56,4823,5,4,0
43,0,-3,18,4,0,0,18,1,1,0.8410,38,2906,6,5,0
43,0,-2,16,4,0,0,16,1,1,0.5617,26,1629,3,3,0
43,0,-1,21,5,0,0,21,1,1,0.3209,23,1174,0,2,0
43,0,0,27,5,0,0,27,1,1,1.9409,39,1556,8,4,1
43,0,1,13,3,0,0,13,1,1,0.3409,16,632,4,3,0
43,0,2,21,5,0,0,21,1,1,0.1913,20,543,0,1,0
43,0,3,22,4,0,0,22,1,1,0.6209,28,674,7,3,0
43,0,4,25,7,0,0,25,1,1,0.4709,25,746,1,2,0
43,0,5,17,7,0,0,17,1,1,0.3109,17,514,1,2,0
43,0,6,24,3,0,0,24,1,1,1.5609,28,1475,4,4,1
43,1,-5,13,4,3,3,13,1,1,0.7111,33,2955,1,4,0
43,1,-4,27,5,0,0,27,1,1,1.3725,65,5776,3,5,0
43,1,-3,22,5,0,0,22,1,1,0.8614,43,3453,4,4,0
43,1,-2,24,5,0,0,24,1,1,1.3709,52,3679,4,5,1
43,1,-1,20,5,0,0,20,1,1,0.5609,28,1867,2,3,0
43,1,0,18,4,0,0,18,1,1,0.4109,20,1101,1,3,0
43,1,1,21,4,0,0,21,1,1,0.4909,22,1063,2,3,0
43,1,2,27,5,0,0,27,1,1,0.4910,27,1351,1,2,0
43,1,3,17,6,0,0,17,1,1,0.6109,23,917,4,4,1
43,1,4,18,7,0,0,18,1,1,1.3509,27,1292,7,8,0
43,1,5,19,5,0,0,19,1,1,0.6209,24,1176,3,3,0
43,2,-5,18,7,1,1,18,1,1,9.4721,116,10633,53,51,0
43,2,-4,23,4,0,0,23,1,1,1.3011,58,5342,1,4,0
43,2,-3,15,4,0,0,15,1,1,1.3613,44,3479,9,6,1
43,2,-2,21,3,0,0,21,1,1,2.4210,48,3397,8,7,1
43,2,-1,31,5,0,0,31,1,1,1.8809,60,4735,4,7,0
43,2,0,32,4,0,0,32,1,1,1.8509,54,3200,4,5,1
43,2,1,19,5,0,0,19,1,1,0.8909,29,1659,4,4,0
43,2,2,17,3,0,0,17,1,1,0.4714,20,1136,1,3,0
43,2,3,23,5,0,0,23,1,1,0.7409,31,1707,3,3,0
43,2,4,18,5,0,0,18,1,1,0.8409,31,1985,4,5,1
43,2,5,22,6,0,0,15,0,1,-1.0000,176,4888,143,139,0
43,3,-6,25,4,43,43,25,1,1,1.9034,62,5491,2,4,0
43,3,-5,19,5,3,3,19,1,1,1.9624,58,5460,3,8,1
43,3,-4,27,7,0,0,27,1,1,2.0310,72,6551,4,5,0
43,3,-3,25,6,0,0,25,1,1,2.0213,66,6106,9,6,1
43,3,-2,22,7,0,0,22,1,1,1.8809,64,5201,7,7,1
43,3,-1,16,5,0,0,16,1,1,2.8309,66,5008,23,16,3
43,3,0,20,7,0,0,20,1,1,0.9409,38,2871,1,3,0
43,3,1,22,3,0,0,22,1,1,1.4309,50,4394,8,5,1
43,4,-3,24,6,0,0,24,1,1,2.0426,62,5846,0,3,0
44,-7,6,23,4,0,0,23,1,1,0.3309,27,1555,0,2,0
44,-7,7,19,10,0,0,19,1,1,17.6309,117,2534,96,97,0
44,-7,8,15,5,0,0,15,1,1,0.4109,22,1396,2,3,0
44,-6,2,23,7,0,0,23,1,1,0.3009,23,959,1,2,0
44,-6,3,23,5,0,0,23,1,1,0.2809,23,785,1,2,0
44,-6,4,24,3,0,0,24,1,1,0.4116,25,900,2,2,0
44,-6,5,15,5,0,0,15,1,1,0.1321,14,457,0,1,0
44,-6,6,18,7,0,0,18,1,1,0.1609,17,651,0,1,0
44,-6,7,20,4,0,0,20,1,1,0.3709,20,990,1,2,0
44,-6,8,21,5,0,0,21,1,1,1.0012,34,2082,6,5,1
44,-5,-2,25,5,0,0,25,1,1,0.7911,42,3333,1,3,0
44,-5,-1,36,3,0,0,36,1,1,2.8511,72,5280,13,8,1
44,-5,0,29,3,0,0,29,1,1,1.9233,34,1808,4,4,1
44,-5,1,21,7,0,0,21,1,1,0.8009,24,778,3,4,1
44,-5,2,19,7,0,0,19,1,1,0.1709,18,443,0,1,0
44,-5,3,24,7,0,0,24,1,1,1.1409,28,667,3,4,1
44,-5,4,24,8,0,0,24,1,1,0.9109,26,581,3,3,0
44,-5,5,21,7,0,0,21,1,1,1.5709,25,571,4,4,1
44,-5,6,22,5,0,0,22,1,1,0.4109,22,717,1,2,0
44,-5,7,28,7,0,0,28,1,1,0.5109,28,955,1,2,0
44,-5,8,18,4,0,0,18,1,1,0.1609,17,873,0,1,0
44,-5,9,16,5,0,0,16,1,1,0.4311,21,1188,1,3,0
44,-4,-3,25,7,0,0,25,1,1,2.1109,69,5810,8,7,2
44,-4,-2,16,5,0,0,16,1,1,0.4209,24,1579,1,2,0
44,-4,-1,26,4,0,0,26,1,1,0.6112,30,1765,3,3,0
44,-4,0,24,6,0,0,24,1,1,0.2209,23,860,0,1,0
44,-4,1,21,6,0,0,21,1,1,0.1909,20,507,0,1,0
44,-4,2,12,9,0,0,12,1,1,0.2109,12,206,1,2,0
44,-4,3,20,7,0,0,20,1,1,0.1812,19,358,0,1,0
44,-4,4,20,5,0,0,20,1,1,0.1809,19,357,0,1,0
44,-4,5,23,4,0,0,23,1,1,1.0909,29,646,5,4,1
44,-4,6,25,4,0,0,25,1,1,0.3209,25,630,1,2,0
44,-4,7,13,3,0,0,13,1,1,0.2309,13,444,1,2,0
44,-4,8,25,7,0,0,25,1,1,1.6509,31,1309,5,4,1
44,-3,-3,13,6,0,0,13,1,1,0.4509,23,1812,2,4,0
44,-3,-2,20,7,0,0,20,1,1,0.3709,24,1436,0,2,0
44,-3,-1,13,2,0,0,13,1,1,0.1109,12,644,0,1,0
44,-3,0,23,6,0,0,23,1,1,0.6309,27,797,5,3,0
44,-3,1,20,4,0,0,20,1,1,1.2810,26,523,5,4,1
44,-3,2,18,5,0,0,18,1,1,0.2709,20,354,3,2,0
44,-3,3,22,5,0,0,22,1,1,0.6209,25,426,4,3,0
44,-3,4,23,6,0,0,23,1,1,0.5309,24,431,2,3,0
44,-3,5,15,4,0,0,15,1,1,0.2609,16,284,2,2,0
44,-3,6,20,5,0,0,20,1,1,1.8909,29,617,9,7,3
44,-3,7,23,5,0,0,23,1,1,0.6409,25,715,3,3,0
44,-2,-3,19,6,0,0,19,1,1,0.5212,32,2420,1,3,0
44,-2,-2,20,7,0,0,20,1,1,0.5609,25,1267,1,3,0
44,-2,-1,20,5,0,0,20,1,1,0.4509,22,1007,3,3,0
44,-2,0,23,5,0,0,23,1,1,0.4309,23,695,1,2,0
44,-2,1,35,4,0,0,35,1,1,2.0610,47,1118,10,7,1
44,-2,2,24,4,0,0,24,1,1,1.4611,27,504,3,4,1
44,-2,3,20,7,0,0,20,1,1,1.8909,27,464,7,5,2
44,-2,4,24,5,0,0,24,1,1,2.0309,37,662,11,4,2
44,-2,5,17,5,0,0,17,1,1,0.1509,16,310,0,1,0
44,-2,6,27,5,0,0,27,1,1,0.2512,26,660,0,1,0
44,-2,7,22,5,0,0,22,1,1,0.6109,23,738,2,3,0
44,-1,-4,17,5,0,0,17,1,1,0.7209,38,3072,2,4,0
44,-1,-3,21,7,0,0,21,1,1,0.7909,35,2570,3,4,0
44,-1,-2,24,7,0,0,24,1,1,1.8209,55,3240,13,7,4
44,-1,-1,14,4,0,0,14,1,1,0.1209,13,615,0,1,0
44,-1,0,23,7,0,0,23,1,1,0.9109,27,778,4,4,1
44,-1,1,22,8,0,0,22,1,1,0.2009,21,453,0,1,0
44,-1,2,17,10,0,0,17,1,1,2.8709,21,413,5,4,1
44,-1,3,25,4,0,0,25,1,1,0.9109,29,605,5,3,0
44,-1,4,20,7,0,0,20,1,1,0.1809,19,363,0,1,0
44,-1,5,22,10,0,0,22,1,1,0.4109,22,465,1,2,0
44,-1,6,21,5,0,0,21,1,1,0.5809,25,713,5,3,0
44,0,-4,22,4,0,0,22,1,1,2.0932,70,6248,10,8,1
44,0,-3,18,4,0,0,18,1,1,1.2909,40,2947,4,7,1
44,0,-2,16,4,0,0,16,1,1,0.7710,34,2328,6,5,2
44,0,-1,21,5,0,0,21,1,1,1.0109,32,1495,6,4,2
44,0,0,27,5,0,0,27,1,1,0.3809,27,1190,1,2,0
44,0,1,13,3,0,0,13,1,1,0.1123,12,453,0,1,0
44,0,2,21,5,0,0,21,1,1,0.3809,21,549,1,2,0
44,0,3,22,4,0,0,22,1,1,0.3409,22,517,1,2,0
44,0,4,25,7,0,0,25,1,1,0.4709,26,778,2,2,0
44,0,5,17,7,0,0,17,1,1,0.3109,17,485,1,2,0
44,0,6,24,3,0,0,24,1,1,0.4109,25,1465,2,2,0
44,1,-5,13,4,1,1,13,1,1,0.9510,36,3262,4,5,0
44,1,-4,27,5,0,0,27,1,1,2.4109,72,5950,8,4,1
44,1,-3,22,5,0,0,22,1,1,2.1209,65,5111,15,9,2
44,1,-2,24,5,0,0,24,1,1,3.6709,69,5029,18,14,4
44,1,-1,20,5,0,32,2,0,0,-1.0000,187,4647,161,158,1
44,1,0,18,4,0,0,18,1,1,0.2409,20,1105,1,2,0
44,1,1,21,4,0,0,21,1,1,1.2909,24,1130,3,4,1
44,1,2,27,5,0,0,27,1,1,1.0809,31,1395,4,4,1
44,1,3,17,6,0,0,17,1,1,0.1527,16,694,0,1,0
44,1,4,18,7,0,0,18,1,1,0.3309,19,957,2,2,0
44,1,5,19,5,0,0,19,1,1,0.8009,27,1264,3,4,1
44,2,-5,18,7,3,3,18,1,1,3.1820,87,8147,19,10,2
44,2,-4,23,4,0,0,23,1,1,1.8609,62,5611,4,4,1
44,2,-3,15,4,0,0,15,1,1,0.9409,37,3214,3,5,0
44,2,-2,21,3,0,0,21,1,1,0.8711,43,3363,5,4,0
44,2,-1,31,5,0,0,31,1,1,1.4909,61,5012,7,5,2
44,2,0,32,4,0,0,32,1,1,2.1609,58,3555,9,5,1
44,2,1,19,5,0,0,19,1,1,0.3509,24,1426,0,2,0
44,2,2,17,3,0,0,17,1,1,0.4715,20,1210,1,3,0
44,2,3,23,5,0,0,23,1,1,0.4310,29,1578,2,2,0
44,2,4,18,5,0,0,18,1,1,1.6309,28,1550,3,4,1
44,2,5,22,6,0,0,22,1,1,3.2809,38,2380,6,4,1
44,3,-6,25,4,27,27,25,1,1,2.7023,70,6295,6,6,1
44,3,-5,19,5,4,4,19,1,1,1.6922,57,5082,6,5,0
44,3,-4,27,7,0,0,27,1,1,4.6310,97,8829,11,8,3
44,3,-3,25,6,0,0,25,1,1,1.7815,63,5972,6,4,0
44,3,-2,22,7,0,0,22,1,1,2.5109,67,5535,10,10,1
44,3,-1,16,5,0,0,16,1,1,1.9309,56,4558,16,13,3
44,3,0,20,7,0,0,20,1,1,1.7009,42,3040,3,4,1
44,3,1,22,3,0,0,22,1,1,0.8009,42,3440,3,4,0
44,4,-3,24,6,0,0,24,1,1,2.7330,78,7388,9,11,2
45,-7,6,23,4,0,0,23,1,1,0.4410,25,1517,1,3,0
45,-7,7,19,10,0,0,19,1,1,0.3509,21,1022,0,2,0
45,-7,8,15,5,0,0,15,1,1,0.4109,22,1284,2,2,0
45,-6,2,23,7,0,0,23,1,1,0.8809,26,979,3,4,1
45,-6,3,23,5,0,0,23,1,1,0.6309,25,904,3,3,0
45,-6,4,24,3,0,0,24,1,1,1.1515,36,1279,11,6,1
45,-6,5,15,5,0,0,15,1,1,0.5409,23,843,7,4,1
45,-6,6,18,7,0,0,18,1,1,0.1609,17,671,0,1,0
45,-6,7,20,4,0,0,20,1,1,0.3709,22,1078,3,2,0
45,-6,8,21,5,0,0,21,1,1,0.9909,35,2195,5,4,1
45,-5,-2,25,5,0,0,25,1,1,1.1111,51,3912,3,5,1
45,-5,-1,36,3,0,0,36,1,1,0.9710,57,3899,2,3,0
45,-5,0,29,3,0,0,29,1,1,1.1809,33,1699,4,4,1
45,-5,1,21,7,0,0,21,1,1,0.1920,20,712,0,1,0
45,-5,2,19,7,0,0,19,1,1,0.3509,19,470,1,2,0
45,-5,3,24,7,0,0,24,1,1,0.9109,26,545,3,3,0
45,-5,4,24,8,0,0,24,1,1,1.3709,38,793,8,4,1
45,-5,5,21,7,0,0,21,1,1,0.7709,24,575,3,4,1
45,-5,6,22,5,0,0,22,1,1,0.6209,24,756,3,3,0
45,-5,7,28,7,0,0,28,1,1,1.8609,35,1073,4,5,1
45,-5,8,18,4,0,0,18,1,1,0.1609,17,848,0,1,0
45,-5,9,16,5,0,0,16,1,1,2.0515,25,1296,3,4,1
45,-4,-3,25,7,0,0,25,1,1,4.5109,67,5211,9,8,2
45,-4,-2,16,5,0,0,16,1,1,1.3209,35,2555,8,8,1
45,-4,-1,26,4,0,0,26,1,1,0.5909,31,1766,3,2,0
45,-4,0,24,6,0,0,24,1,1,0.2209,23,846,0,1,0
45,-4,1,21,6,0,0,21,1,1,0.3909,21,520,1,2,0
45,-4,2,12,9,0,0,12,1,1,2.0809,15,254,4,4,1
45,-4,3,20,7,0,0,20,1,1,0.9109,24,431,5,3,0
45,-4,4,20,5,0,0,20,1,1,0.5609,22,425,3,3,0
45,-4,5,23,4,0,0,23,1,1,1.5309,31,651,7,4,2
45,-4,6,25,4,0,0,25,1,1,0.7109,26,687,2,3,0
45,-4,7,13,3,0,0,13,1,1,0.1109,12,418,0,1,0
45,-4,8,25,7,0,0,25,1,1,0.4509,26,1268,2,2,0
45,-3,-3,13,6,0,0,13,1,1,0.4509,23,1709,1,4,0
45,-3,-2,20,7,0,0,20,1,1,0.5609,29,1579,3,3,0
45,-3,-1,13,2,0,0,13,1,1,0.1109,12,622,0,1,0
45,-3,0,23,6,0,0,23,1,1,0.6309,24,737,2,3,0
45,-3,1,20,4,0,0,20,1,1,0.7509,26,549,5,4,1
45,-3,2,18,5,0,0,18,1,1,0.2509,18,318,1,2,0
45,-3,3,22,5,0,0,22,1,1,0.4109,25,432,4,2,0
45,-3,4,23,6,0,0,23,1,1,0.3109,23,402,1,2,0
45,-3,5,15,4,0,0,15,1,1,0.2609,15,268,1,2,0
45,-3,6,20,5,0,0,20,1,1,0.3709,21,478,2,2,0
45,-3,7,23,5,0,0,23,1,1,0.8609,26,696,4,3,0
45,-2,-3,19,6,0,0,19,1,1,1.0816,40,2881,6,4,1
45,-2,-2,20,7,0,0,20,1,1,0.5609,26,1295,1,3,0
45,-2,-1,20,5,0,0,20,1,1,0.8909,23,1157,3,4,1
45,-2,0,23,5,0,0,23,1,1,0.2109,22,652,0,1,0
45,-2,1,35,4,0,0,35,1,1,0.6512,38,954,4,2,0
45,-2,2,24,4,0,0,24,1,1,1.5309,28,541,4,4,1
45,-2,3,20,7,0,0,20,1,1,0.1809,19,337,0,1,0
45,-2,4,24,5,0,0,24,1,1,2.2609,29,523,5,4,1
45,-2,5,17,5,0,0,17,1,1,0.7409,21,398,3,4,1
45,-2,6,27,5,0,0,27,1,1,1.1609,32,845,4,4,1
45,-2,7,22,5,0,0,22,1,1,0.3509,22,765,1,2,0
45,-1,-4,17,5,0,0,17,1,1,9.0409,89,3797,53,54,0
45,-1,-3,21,7,0,0,21,1,1,1.1909,41,3008,4,5,1
45,-1,-2,24,7,0,0,24,1,1,1.3609,47,2502,6,5,1
45,-1,-1,14,4,0,0,14,1,1,0.2209,14,634,1,2,0
45,-1,0,23,7,0,0,23,1,1,0.4209,24,694,2,2,0
45,-1,1,22,8,0,0,22,1,1,0.2009,21,470,0,1,0
45,-1,2,17,10,0,0,17,1,1,1.2709,24,509,6,5,1
45,-1,3,25,4,0,0,25,1,1,0.3909,25,504,1,2,0
45,-1,4,20,7,0,0,20,1,1,0.1809,19,354,0,1,0
45,-1,5,22,10,0,0,22,1,1,0.2009,21,465,0,1,0
45,-1,6,21,5,0,0,21,1,1,1.3609,27,716,7,7,0
45,0,-4,22,4,0,0,22,1,1,1.0824,55,4836,5,5,0
45,0,-3,18,4,0,0,18,1,1,0.5512,35,2558,2,4,0
45,0,-2,16,4,0,0,16,1,1,0.9809,32,2177,5,7,1
45,0,-1,21,5,0,0,21,1,1,0.5209,24,1186,1,2,0
45,0,0,27,5,0,0,27,1,1,1.1609,34,1346,3,4,1
45,0,1,13,3,0,0,13,1,1,0.1121,12,451,0,1,0
45,0,2,21,5,0,0,21,1,1,0.5809,22,587,2,3,0
45,0,3,22,4,0,0,22,1,1,0.6809,26,603,5,3,0
45,0,4,25,7,0,0,25,1,1,0.2309,24,742,0,1,0
45,0,5,17,7,0,0,17,1,1,1.1109,23,618,5,4,1
45,0,6,24,3,0,0,24,1,1,0.4109,24,1498,1,2,0
45,1,-5,13,4,3,3,13,1,1,0.7110,34,3099,2,4,0
45,1,-4,27,5,0,0,27,1,1,2.0709,69,6142,8,6,0
45,1,-3,22,5,0,0,22,1,1,0.6712,38,3030,0,3,0
45,1,-2,24,5,0,0,24,1,1,1.8309,58,4095,12,8,2
45,1,-1,20,5,0,0,20,1,1,0.7509,31,2027,4,4,0
45,1,0,18,4,0,0,18,1,1,0.2410,19,987,0,2,0
45,1,1,21,4,0,0,21,1,1,0.1909,20,1033,0,1,0
45,1,2,27,5,0,0,27,1,1,1.5109,44,1997,11,5,2
45,1,3,17,6,0,0,17,1,1,0.2909,17,711,1,2,0
45,1,4,18,7,0,0,18,1,1,0.3309,18,794,1,2,0
45,1,5,19,5,0,0,19,1,1,0.8009,32,1516,7,4,1
45,2,-5,18,7,1,1,18,1,1,1.3118,44,3828,2,4,0
45,2,-4,23,4,0,0,23,1,1,1.8610,65,5889,7,5,1
45,2,-3,15,4,0,0,15,1,1,1.2209,49,4189,5,8,1
45,2,-2,21,3,0,0,21,1,1,0.8711,38,3084,2,5,0
45,2,-1,31,5,0,0,31,1,1,0.6809,54,4275,0,3,0
45,2,0,32,4,0,0,32,1,1,0.6109,45,2704,0,2,0
45,2,1,19,5,0,0,19,1,1,0.5309,26,1448,1,3,0
45,2,2,17,3,0,0,17,1,1,1.2511,25,1489,5,4,1
45,2,3,23,5,0,0,23,1,1,0.6509,29,1504,2,2,0
45,2,4,18,5,0,0,18,1,1,0.6709,27,1571,2,3,0
45,2,5,22,6,0,0,22,1,1,1.6009,38,2258,5,4,1
45,3,-6,25,4,36,36,25,1,1,2.8631,82,7328,12,7,1
45,3,-5,19,5,17,17,19,1,1,1.5122,51,4685,1,4,0
45,3,-4,27,7,0,0,27,1,1,1.7710,76,7054,8,7,0
45,3,-3,25,6,0,0,25,1,1,2.6336,100,9858,22,11,4
45,3,-2,22,7,0,0,22,1,1,1.0409,52,4367,3,5,0
45,3,-1,16,5,0,0,16,1,1,0.8935,39,3185,5,6,1
45,3,0,20,7,0,0,20,1,1,0.7509,36,2798,1,4,0
45,3,1,22,3,0,0,22,1,1,1.2209,42,3398,3,5,0
45,4,-3,24,6,0,0,24,1,1,2.0424,64,5980,2,5,0
46,-7,6,23,4,0,0,23,1,1,1.7509,39,2339,10,7,3
46,-7,7,19,10,0,0,19,1,1,0.7109,22,991,2,2,0
46,-7,8,15,5,0,0,15,1,1,0.8309,24,1411,4,4,0
46,-6,2,23,7,0,0,23,1,1,0.8809,27,1039,4,4,1
46,-6,3,23,5,0,0,23,1,1,0.8509,26,870,4,3,0
46,-6,4,24,3,0,0,24,1,1,0.3509,25,881,2,2,0
46,-6,5,15,5,0,0,15,1,1,0.2609,15,516,1,2,0
46,-6,6,18,7,0,0,18,1,1,0.1609,17,672,0,1,0
46,-6,7,20,4,0,0,20,1,1,0.1809,19,954,0,1,0
46,-6,8,21,5,0,0,21,1,1,0.9909,30,1881,5,3,0
46,-5,-2,25,5,0,0,25,1,1,1.1909,45,3443,4,3,0
46,-5,-1,36,3,0,0,36,1,1,2.5810,68,4259,9,7,2
46,-5,0,29,3,0,0,29,1,1,1.1912,32,1720,3,4,1
46,-5,1,21,7,0,0,21,1,1,0.1922,20,707,0,1,0
46,-5,2,19,7,0,0,19,1,1,0.9509,24,612,4,5,1
46,-5,3,24,7,0,0,24,1,1,0.4509,26,577,3,2,0
46,-5,4,24,8,0,0,24,1,1,0.4509,24,537,1,2,0
46,-5,5,21,7,0,0,21,1,1,1.3709,26,587,4,4,1
46,-5,6,22,5,0,0,22,1,1,1.0409,29,945,4,5,1
46,-5,7,28,7,0,0,28,1,1,3.4809,31,933,3,4,1
46,-5,8,18,4,0,0,18,1,1,3.2309,38,1347,20,19,1
46,-5,9,16,5,0,0,16,1,1,0.2915,21,1285,2,2,0
46,-4,-3,25,7,0,0,25,1,1,1.1509,51,4165,1,3,0
46,-4,-2,16,5,0,0,16,1,1,0.2932,23,1627,0,2,0
46,-4,-1,26,4,0,0,26,1,1,1.0909,40,2355,7,4,2
46,-4,0,24,6,0,0,24,1,1,0.4509,24,878,1,2,0
46,-4,1,21,6,0,0,21,1,1,0.6110,24,564,4,4,0
46,-4,2,12,9,0,0,12,1,1,0.3209,13,219,2,2,0
46,-4,3,20,7,0,0,20,1,1,0.5309,23,442,4,2,0
46,-4,4,20,5,0,0,20,1,1,0.5609,21,385,2,3,0
46,-4,5,23,4,0,0,23,1,1,0.8809,30,688,6,4,2
46,-4,6,25,4,0,0,25,1,1,1.2809,34,842,7,4,1
46,-4,7,13,3,0,0,13,1,1,0.1109,12,400,0,1,0
46,-4,8,25,7,0,0,25,1,1,1.8909,38,1602,9,6,1
46,-3,-3,13,6,0,0,13,1,1,0.5709,24,1700,2,3,0
46,-3,-2,20,7,0,0,20,1,1,1.3209,36,1965,6,6,1
46,-3,-1,13,2,0,0,13,1,1,0.1109,12,637,0,1,0
46,-3,0,23,6,0,0,23,1,1,0.3509,24,751,2,2,0
46,-3,1,20,4,0,0,20,1,1,0.8409,24,490,4,4,1
46,-3,2,18,5,0,0,18,1,1,0.3309,19,334,2,2,0
46,-3,3,22,5,0,0,22,1,1,0.6209,23,408,2,2,0
46,-3,4,23,6,0,0,23,1,1,2.7309,32,553,6,4,2
46,-3,5,15,4,0,0,15,1,1,1.0310,22,373,7,7,1
46,-3,6,20,5,0,0,20,1,1,0.1809,19,420,0,1,0
46,-3,7,23,5,0,0,23,1,1,0.4209,24,678,2,2,0
46,-2,-3,19,6,0,0,19,1,1,0.5310,33,2516,1,3,0
46,-2,-2,20,7,0,0,20,1,1,0.8509,28,1315,4,3,0
46,-2,-1,20,5,0,0,20,1,1,0.9010,25,1225,5,4,1
46,-2,0,23,5,0,0,23,1,1,0.2109,22,659,0,1,0
46,-2,1,35,4,0,0,35,1,1,0.6110,37,932,3,2,0
46,-2,2,24,4,0,0,24,1,1,1.0009,31,607,5,4,1
46,-2,3,20,7,0,0,20,1,1,0.1809,19,331,0,1,0
46,-2,4,24,5,0,0,24,1,1,0.2210,23,429,0,1,0
46,-2,5,17,5,0,0,17,1,1,0.3109,17,324,1,2,0
46,-2,6,27,5,0,0,27,1,1,1.1609,31,795,3,4,1
46,-2,7,22,5,0,0,22,1,1,0.4009,23,760,2,2,0
46,-1,-4,17,5,0,0,17,1,1,1.3610,46,3715,6,8,0
46,-1,-3,21,7,0,0,21,1,1,0.5909,33,2510,1,3,0
46,-1,-2,24,7,0,0,24,1,1,0.6709,34,2019,2,3,0
46,-1,-1,14,4,0,0,14,1,1,0.1209,13,604,0,1,0
46,-1,0,23,7,0,0,23,1,1,0.2509,23,714,1,2,0
46,-1,1,22,8,0,0,22,1,1,0.3809,23,509,2,2,0
46,-1,2,17,10,0,0,17,1,1,0.3109,17,364,1,2,0
46,-1,3,25,4,0,0,25,1,1,0.3909,26,549,2,2,0
46,-1,4,20,7,0,0,20,1,1,3.5109,24,445,4,4,1
46,-1,5,22,10,0,0,22,1,1,0.4109,22,448,1,2,0
46,-1,6,21,5,0,0,21,1,1,0.3609,21,610,1,2,0
46,0,-4,22,4,0,0,22,1,1,0.8009,51,4498,1,4,0
46,0,-3,18,4,0,0,18,1,1,0.6216,33,2431,1,4,0
46,0,-2,16,4,0,0,16,1,1,0.6809,29,2020,3,5,1
46,0,-1,21,5,0,0,21,1,1,0.3209,25,1360,2,2,0
46,0,0,27,5,0,0,27,1,1,0.6409,29,1235,3,2,0
46,0,1,13,3,0,0,13,1,1,0.6309,19,618,7,6,0
46,0,2,21,5,0,0,21,1,1,1.8509,26,693,4,4,1
46,0,3,22,4,0,0,22,1,1,2.0919,26,642,4,4,1
46,0,4,25,7,0,0,25,1,1,0.7109,27,876,3,3,0
46,0,5,17,7,0,0,17,1,1,0.3109,17,519,1,2,0
46,0,6,24,3,0,0,24,1,1,0.4510,25,1397,2,2,0
46,1,-5,13,4,3,3,13,1,1,0.8311,34,3075,2,5,0
46,1,-4,27,5,0,0,27,1,1,2.8509,91,8196,16,9,1
46,1,-3,22,5,0,0,22,1,1,1.4609,46,3473,4,4,1
46,1,-2,24,5,0,0,24,1,1,1.3709,54,3784,8,5,1
46,1,-1,20,5,0,0,20,1,1,2.0809,32,1895,5,4,1
46,1,0,18,4,0,0,18,1,1,0.2409,19,992,0,2,0
46,1,1,21,4,0,0,21,1,1,0.1909,20,989,0,1,0
46,1,2,27,5,0,0,27,1,1,0.7309,29,1555,3,3,0
46,1,3,17,6,0,0,17,1,1,0.2909,17,750,1,2,0
46,1,4,18,7,0,0,18,1,1,0.7009,21,1011,3,4,1
46,1,5,19,5,0,0,19,1,1,2.3209,27,1105,5,4,1
46,2,-5,18,7,1,1,18,1,1,1.6925,49,4185,7,5,0
46,2,-4,23,4,0,0,23,1,1,1.3013,62,5787,5,5,0
46,2,-3,15,4,0,0,15,1,1,0.6609,37,3067,3,4,0
46,2,-2,21,3,0,0,21,1,1,0.8711,38,3013,2,4,0
46,2,-1,31,5,0,0,31,1,1,2.1809,68,5409,7,7,1
46,2,0,32,4,0,0,32,1,1,2.4709,64,3837,13,5,2
46,2,1,19,5,0,0,19,1,1,0.7109,27,1688,2,4,0
46,2,2,17,3,0,0,17,1,1,0.3114,19,1079,0,2,0
46,2,3,23,5,0,0,23,1,1,0.6509,28,1525,1,2,0
46,2,4,18,5,0,0,18,1,1,0.6710,28,1693,4,3,0
46,2,5,22,6,0,0,22,1,1,1.1809,37,2300,5,4,0
46,3,-6,25,4,39,39,25,1,1,2.1530,72,6533,6,8,1
46,3,-5,19,5,1,1,19,1,1,1.8718,54,5129,7,5,1
46,3,-4,27,7,0,0,27,1,1,2.8111,74,6731,6,6,0
46,3,-3,25,6,0,0,25,1,1,1.5416,64,6152,9,6,0
46,3,-2,22,7,0,0,22,1,1,1.0409,51,4316,2,4,0
46,3,-1,16,5,0,0,16,1,1,0.7433,35,2997,4,5,1
46,3,0,20,7,0,0,20,1,1,0.7509,39,2808,3,4,0
46,3,1,22,3,0,0,22,1,1,0.8009,41,3316,2,3,0
46,4,-3,24,6,0,0,24,1,1,3.6524,80,7726,11,11,2
47,-7,6,23,4,0,0,23,1,1,0.6509,28,1718,2,3,0
47,-7,7,19,10,0,0,19,1,1,0.8909,23,1073,3,2,0
47,-7,8,15,5,0,0,15,1,1,0.4109,21,1278,1,2,0
47,-6,2,23,7,0,0,23,1,1,0.4309,24,978,2,2,0
47,-6,3,23,5,0,0,23,1,1,0.4109,24,875,2,2,0
47,-6,4,24,3,0,0,24,1,1,1.5009,36,1241,9,4,3
47,-6,5,15,5,0,0,15,1,1,0.5109,20,637,4,4,1
47,-6,6,18,7,0,0,18,1,1,0.1609,17,666,0,1,0
47,-6,7,20,4,0,0,20,1,1,0.2609,20,961,1,2,0
47,-6,8,21,5,0,0,21,1,1,0.3909,26,1592,0,2,0
47,-5,-2,25,5,0,0,25,1,1,0.7911,43,3456,2,3,0
47,-5,-1,36,3,0,0,36,1,1,2.1513,62,4151,5,4,1
47,-5,0,29,3,0,0,29,1,1,0.8315,32,1818,4,3,0
47,-5,1,21,7,0,0,21,1,1,0.3927,22,820,2,2,0
47,-5,2,19,7,0,0,19,1,1,0.2309,19,479,1,2,0
47,-5,3,24,7,0,0,24,1,1,1.1409,32,702,5,4,1
47,-5,4,24,8,0,0,24,1,1,0.2209,23,504,0,1,0
47,-5,5,21,7,0,0,21,1,1,0.5709,22,561,2,3,0
47,-5,6,22,5,0,0,22,1,1,0.4109,24,749,3,2,0
47,-5,7,28,7,0,0,28,1,1,0.2610,27,892,0,1,0
47,-5,8,18,4,0,0,18,1,1,0.3310,18,886,1,2,0
47,-5,9,16,5,0,0,16,1,1,0.4312,21,1219,1,3,0
47,-4,-3,25,7,0,0,25,1,1,1.4611,56,4409,5,5,0
47,-4,-2,16,5,0,0,16,1,1,0.2933,23,1612,0,2,0
47,-4,-1,26,4,0,0,26,1,1,0.5909,31,1742,4,3,0
47,-4,0,24,6,0,0,24,1,1,2.2109,28,956,3,4,1
47,-4,1,21,6,0,0,21,1,1,0.8109,25,617,4,4,1
47,-4,2,12,9,0,0,12,1,1,0.6509,16,296,5,4,1
47,-4,3,20,7,0,0,20,1,1,0.9109,23,441,4,3,0
47,-4,4,20,5,0,0,20,1,1,0.7509,24,469,3,4,1
47,-4,5,23,4,0,0,23,1,1,0.2109,22,497,0,1,0
47,-4,6,25,4,0,0,25,1,1,0.2309,24,606,0,1,0
47,-4,7,13,3,0,0,13,1,1,0.1109,12,389,0,1,0
47,-4,8,25,7,0,0,25,1,1,0.6909,28,1248,4,2,0
47,-3,-3,13,6,0,0,13,1,1,0.3309,21,1581,0,3,0
47,-3,-2,20,7,0,0,20,1,1,0.7509,29,1555,3,3,0
47,-3,-1,13,2,0,0,13,1,1,0.3509,16,864,4,3,0
47,-3,0,23,6,0,0,23,1,1,0.8810,28,822,5,4,1
47,-3,1,20,4,0,0,20,1,1,0.1809,19,381,0,1,0
47,-3,2,18,5,0,0,18,1,1,0.5009,19,331,2,3,0
47,-3,3,22,5,0,0,22,1,1,0.2009,21,366,0,1,0
47,-3,4,23,6,0,0,23,1,1,0.3109,23,418,1,2,0
47,-3,5,15,4,0,0,15,1,1,0.8209,21,385,5,4,1
47,-3,6,20,5,0,0,20,1,1,0.1809,19,422,0,1,0
47,-3,7,23,5,0,0,23,1,1,0.8609,27,757,3,4,1
47,-2,-3,19,6,0,0,19,1,1,0.5210,32,2425,0,3,0
47,-2,-2,20,7,0,0,20,1,1,2.0418,31,1562,6,4,1
47,-2,-1,20,5,0,0,20,1,1,0.2609,20,973,1,2,0
47,-2,0,23,5,0,0,23,1,1,0.4309,24,704,2,2,0
47,-2,1,35,4,0,0,35,1,1,0.9912,41,998,7,3,0
47,-2,2,24,4,0,0,24,1,1,0.3109,24,459,1,2,0
47,-2,3,20,7,0,0,20,1,1,2.0809,23,402,4,4,1
47,-2,4,24,5,0,0,24,1,1,0.4209,26,468,3,2,0
47,-2,5,17,5,0,0,17,1,1,2.0209,30,591,13,8,3
47,-2,6,27,5,0,0,27,1,1,1.8009,34,811,6,5,1
47,-2,7,22,5,0,0,22,1,1,0.2709,22,722,1,2,0
47,-1,-4,17,5,0,0,17,1,1,0.7812,38,3137,2,4,0
47,-1,-3,21,7,0,0,21,1,1,2.3909,39,2838,5,4,1
47,-1,-2,24,7,0,0,24,1,1,0.6709,33,1966,1,3,0
47,-1,-1,14,4,0,0,14,1,1,0.1209,13,613,0,1,0
47,-1,0,23,7,0,0,23,1,1,0.3809,23,654,1,2,0
47,-1,1,22,8,0,0,22,1,1,0.2009,21,476,0,1,0
47,-1,2,17,10,0,0,17,1,1,0.1509,16,326,0,1,0
47,-1,3,25,4,0,0,25,1,1,0.6709,27,552,3,3,0
47,-1,4,20,7,0,0,20,1,1,0.2809,21,390,2,2,0
47,-1,5,22,10,0,0,22,1,1,0.6209,23,485,2,2,0
47,-1,6,21,5,0,0,21,1,1,0.3609,21,591,1,2,0
47,0,-4,22,4,0,0,22,1,1,0.9029,53,4633,2,4,0
47,0,-3,18,4,0,0,18,1,1,0.7914,39,2874,6,5,0
47,0,-2,16,4,0,0,16,1,1,0.9209,34,2201,9,5,1
47,0,-1,21,5,0,0,21,1,1,0.7209,25,1300,2,4,0
47,0,0,27,5,0,0,27,1,1,2.5309,36,1505,7,4,2
47,0,1,13,3,0,0,13,1,1,0.7519,16,536,3,4,1
47,0,2,21,5,0,0,21,1,1,0.1912,20,537,0,1,0
47,0,3,22,4,0,0,22,1,1,0.8909,28,662,5,5,1
47,0,4,25,7,0,0,25,1,1,0.5010,28,878,4,3,0
47,0,5,17,7,0,0,17,1,1,16.3109,123,2278,101,99,1
47,0,6,24,3,0,0,24,1,1,0.4509,25,1435,2,2,0
47,1,-5,13,4,1,1,13,1,1,0.7109,33,3011,1,4,0
47,1,-4,27,5,0,0,27,1,1,1.5509,69,6143,6,6,1
47,1,-3,22,5,0,0,22,1,1,0.6711,38,3042,0,3,0
47,1,-2,24,5,0,0,24,1,1,2.7509,63,4200,12,10,1
47,1,-1,20,5,0,0,20,1,1,0.5609,30,1969,3,3,0
47,1,0,18,4,0,0,18,1,1,0.3309,21,1086,2,2,0
47,1,1,21,4,0,0,21,1,1,0.5509,24,1084,4,3,0
47,1,2,27,5,0,0,27,1,1,0.9909,30,1438,4,3,0
47,1,3,17,6,0,0,17,1,1,0.1526,16,710,0,1,0
47,1,4,18,7,0,0,18,1,1,0.3309,18,810,1,2,0
47,1,5,19,5,0,0,19,1,1,0.3512,22,1008,1,2,0
47,2,-5,18,7,0,0,18,1,1,1.4818,45,3916,3,4,0
47,2,-4,23,4,0,0,23,1,1,1.9835,70,6402,10,7,1
47,2,-3,15,4,0,0,15,1,1,1.2209,42,3447,8,6,0
47,2,-2,21,3,0,0,21,1,1,1.0710,39,3010,3,4,0
47,2,-1,31,5,0,0,31,1,1,2.0909,63,4825,6,6,1
47,2,0,32,4,0,0,32,1,1,1.2309,48,2979,3,4,0
47,2,1,19,5,0,0,19,1,1,1.2509,30,1682,5,4,1
47,2,2,17,3,0,0,17,1,1,0.3113,19,1126,0,2,0
47,2,3,23,5,0,0,23,1,1,0.5209,29,1583,1,3,0
47,2,4,18,5,0,0,18,1,1,0.6710,26,1741,2,4,0
47,2,5,22,6,0,0,22,1,1,1.3909,50,3318,10,7,1
47,3,-6,25,4,43,43,25,1,1,3.8233,78,7113,11,9,1
47,3,-5,19,5,4,4,19,1,1,2.0523,57,5256,7,5,0
47,3,-4,27,7,0,0,27,1,1,2.5510,76,7026,8,7,0
47,3,-3,25,6,0,0,25,1,1,3.9419,92,8734,24,10,3
47,3,-2,22,7,0,0,22,1,1,1.2509,51,4243,2,4,0
47,3,-1,16,5,0,0,16,1,1,1.6309,49,4040,10,10,1
47,3,0,20,7,0,0,20,1,1,2.1036,51,3792,11,10,1
47,3,1,22,3,0,0,22,1,1,1.0109,41,3259,2,4,0
47,4,-3,24,6,0,0,24,1,1,2.5022,68,6437,6,5,0
48,-7,6,23,4,0,0,23,1,1,0.2513,25,1556,0,2,0
48,-7,7,19,10,0,0,19,1,1,1.2509,26,1105,5,6,0
48,-7,8,15,5,0,0,15,1,1,0.2709,21,1251,1,2,0
48,-6,2,23,7,0,0,23,1,1,0.2109,22,945,0,1,0
48,-6,3,23,5,0,0,23,1,1,1.0709,27,966,4,4,1
48,-6,4,24,3,0,0,24,1,1,0.6309,26,900,3,3,0
48,-6,5,15,5,0,0,15,1,1,0.1321,14,461,0,1,0
48,-6,6,18,7,0,0,18,1,1,0.1609,17,680,0,1,0
48,-6,7,20,4,0,0,20,1,1,0.4925,21,1092,2,3,0
48,-6,8,21,5,0,0,21,1,1,0.9909,33,1999,5,4,1
48,-5,-2,25,5,0,0,25,1,1,1.4310,58,4221,7,5,1
48,-5,-1,36,3,0,0,36,1,1,2.3710,78,5354,13,7,2
48,-5,0,29,3,0,0,29,1,1,0.5209,30,1606,2,2,0
48,-5,1,21,7,0,0,21,1,1,0.1925,20,735,0,1,0
48,-5,2,19,7,0,0,19,1,1,0.3509,20,476,2,2,0
48,-5,3,24,7,0,0,24,1,1,0.2209,23,519,0,1,0
48,-5,4,24,8,0,0,24,1,1,0.2209,23,500,0,1,0
48,-5,5,21,7,0,0,21,1,1,0.1909,20,484,0,1,0
48,-5,6,22,5,0,0,22,1,1,0.4109,23,695,2,2,0
48,-5,7,28,7,0,0,28,1,1,0.5109,28,922,1,2,0
48,-5,8,18,4,0,0,18,1,1,0.1609,17,843,0,1,0
48,-5,9,16,5,0,0,16,1,1,0.7009,24,1347,4,5,0
48,-4,-3,25,7,0,0,25,1,1,1.1509,54,4358,3,4,0
48,-4,-2,16,5,0,0,16,1,1,0.4209,24,1697,1,3,0
48,-4,-1,26,4,0,0,26,1,1,0.9809,39,2102,8,4,1
48,-4,0,24,6,0,0,24,1,1,0.6809,26,916,3,2,0
48,-4,1,21,6,0,0,21,1,1,0.3909,21,523,1,2,0
48,-4,2,12,9,0,0,12,1,1,0.7609,17,281,6,6,0
48,-4,3,20,7,0,0,20,1,1,0.1811,19,350,0,1,0
48,-4,4,20,5,0,0,20,1,1,0.3709,20,383,1,2,0
48,-4,5,23,4,0,0,23,1,1,0.6509,24,535,2,3,0
48,-4,6,25,4,0,0,25,1,1,0.2309,24,602,0,1,0
48,-4,7,13,3,0,0,13,1,1,0.1109,12,407,0,1,0
48,-4,8,25,7,0,0,25,1,1,1.6509,29,1290,4,4,1
48,-3,-3,13,6,0,0,13,1,1,2.5232,43,3735,21,22,0
48,-3,-2,20,7,0,0,20,1,1,0.5609,27,1521,1,2,0
48,-3,-1,13,2,0,0,13,1,1,0.1409,13,731,1,2,0
48,-3,0,23,6,0,0,23,1,1,0.8509,31,866,9,4,1
48,-3,1,20,4,0,0,20,1,1,0.5209,22,462,3,3,0
48,-3,2,18,5,0,0,18,1,1,2.1210,24,417,5,4,1
48,-3,3,22,5,0,0,22,1,1,2.5711,25,433,3,4,1
48,-3,4,23,6,0,0,23,1,1,0.3609,23,417,1,2,0
48,-3,5,15,4,0,0,15,1,1,0.2710,16,301,2,2,0
48,-3,6,20,5,0,0,20,1,1,1.8909,23,481,3,4,1
48,-3,7,23,5,0,0,23,1,1,1.0809,27,776,3,4,1
48,-2,-3,19,6,0,0,19,1,1,0.6709,34,2514,2,3,0
48,-2,-2,20,7,0,0,20,1,1,0.3709,24,1239,0,2,0
48,-2,-1,20,5,0,0,20,1,1,0.3209,20,994,1,2,0
48,-2,0,23,5,0,0,23,1,1,0.2109,22,643,0,1,0
48,-2,1,35,4,0,0,35,1,1,1.2910,40,990,4,4,1
48,-2,2,24,4,0,0,24,1,1,0.2210,23,433,0,1,0
48,-2,3,20,7,0,0,20,1,1,0.9409,30,509,8,4,1
48,-2,4,24,5,0,0,24,1,1,0.4510,25,484,2,2,0
48,-2,5,17,5,0,0,17,1,1,0.1509,16,306,0,1,0
48,-2,6,27,5,0,0,27,1,1,7.8709,63,1357,34,30,2
48,-2,7,22,5,0,0,22,1,1,0.2022,21,709,0,1,0
48,-1,-4,17,5,0,0,17,1,1,0.8809,42,3445,6,6,0
48,-1,-3,21,7,0,0,21,1,1,2.3909,46,3504,9,5,2
48,-1,-2,24,7,0,0,24,1,1,2.2809,38,2093,5,4,1
48,-1,-1,14,4,0,0,14,1,1,0.1525,14,689,1,2,0
48,-1,0,23,7,0,0,23,1,1,2.0115,29,786,5,4,1
48,-1,1,22,8,0,0,22,1,1,1.4609,32,781,7,4,2
48,-1,2,17,10,0,0,17,1,1,0.6309,19,386,3,2,0
48,-1,3,25,4,0,0,25,1,1,0.2309,24,500,0,1,0
48,-1,4,20,7,0,0,20,1,1,1.9909,33,626,11,5,3
48,-1,5,22,10,0,0,22,1,1,2.3009,31,610,10,11,0
48,-1,6,21,5,0,0,21,1,1,1.9609,27,658,5,4,1
48,0,-4,22,4,0,0,22,1,1,1.4618,61,5329,5,7,1
48,0,-3,18,4,0,0,18,1,1,1.7409,42,3049,8,6,2
48,0,-2,16,4,0,0,16,1,1,0.2938,23,1583,1,2,0
48,0,-1,21,5,0,0,21,1,1,1.1709,37,1985,10,6,1
48,0,0,27,5,0,0,27,1,1,0.4509,27,1187,1,2,0
48,0,1,13,3,0,0,13,1,1,0.1121,12,449,0,1,0
48,0,2,21,5,0,0,21,1,1,0.8509,27,755,4,4,1
48,0,3,22,4,0,0,22,1,1,0.4709,23,561,2,3,0
48,0,4,25,7,0,0,25,1,1,0.4709,25,796,1,2,0
48,0,5,17,7,0,0,17,1,1,0.6309,19,529,3,4,0
48,0,6,24,3,0,0,24,1,1,0.9409,28,1648,3,4,1
48,1,-5,13,4,2,2,13,1,1,0.9511,34,3063,2,4,0
48,1,-4,27,5,0,0,27,1,1,1.5509,64,5585,2,4,0
48,1,-3,22,5,0,0,22,1,1,1.2509,46,3633,3,5,1
48,1,-2,24,5,0,0,24,1,1,2.2909,60,4230,15,7,1
48,1,-1,20,5,0,0,20,1,1,0.5609,27,1827,2,3,0
48,1,0,18,4,0,0,18,1,1,0.2409,19,1005,0,2,0
48,1,1,21,4,0,0,21,1,1,0.4909,22,1059,2,3,0
48,1,2,27,5,0,0,27,1,1,1.3409,38,1806,11,5,1
48,1,3,17,6,0,0,17,1,1,0.1525,16,715,0,1,0
48,1,4,18,7,0,0,18,1,1,1.3509,31,1299,8,5,2
48,1,5,19,5,0,0,19,1,1,0.3511,20,934,0,2,0
48,2,-5,18,7,3,3,18,1,1,5.3920,86,7672,28,28,0
48,2,-4,23,4,0,0,23,1,1,2.1825,85,8165,14,9,3
48,2,-3,15,4,0,0,15,1,1,1.0809,44,3780,3,7,1
48,2,-2,21,3,0,0,21,1,1,0.7909,39,3173,3,4,0
48,2,-1,31,5,0,0,31,1,1,1.8809,66,5157,6,6,1
48,2,0,32,4,0,0,32,1,1,1.8509,62,3684,8,5,2
48,2,1,19,5,0,0,19,1,1,1.6109,37,1951,7,6,1
48,2,2,17,3,0,0,17,1,1,0.3112,19,1087,0,2,0
48,2,3,23,5,0,0,23,1,1,0.4309,29,1543,0,2,0
48,2,4,18,5,0,0,18,1,1,1.6309,28,1567,3,4,1
48,2,5,22,6,0,0,22,1,1,0.8309,35,2116,3,3,0
48,3,-6,25,4,26,26,25,1,1,2.8730,84,7663,17,9,1
48,3,-5,19,5,6,6,19,1,1,2.0727,64,5959,7,9,1
48,3,-4,27,7,0,0,27,1,1,1.7710,70,6466,2,4,0
48,3,-3,25,6,0,0,25,1,1,3.7020,94,8984,19,13,3
48,3,-2,22,7,0,0,22,1,1,1.2509,53,4393,4,5,0
48,3,-1,16,5,0,0,16,1,1,0.5809,31,2497,1,4,0
48,3,0,20,7,0,0,20,1,1,1.7133,46,3797,6,9,1
48,3,1,22,3,0,0,22,1,1,0.8009,42,3404,2,4,0
48,4,-3,24,6,0,0,24,1,1,3.1922,69,6182,7,8,0
49,-7,6,23,4,0,0,23,1,1,0.8709,29,1735,3,4,1
49,-7,7,19,10,0,0,19,1,1,0.7109,24,1177,3,2,0
49,-7,8,15,5,0,0,15,1,1,0.4523,22,1353,2,4,0
49,-6,2,23,7,0,0,23,1,1,1.0909,27,1040,5,3,0
49,-6,3,23,5,0,0,23,1,1,0.2120,22,794,0,1,0
49,-6,4,24,3,0,0,24,1,1,0.4509,24,812,1,2,0
49,-6,5,15,5,0,0,15,1,1,1.9410,29,1146,14,14,0
49,-6,6,18,7,0,0,18,1,1,0.1609,17,663,0,1,0
49,-6,7,20,4,0,0,20,1,1,0.8309,26,1250,6,4,1
49,-6,8,21,5,0,0,21,1,1,0.3909,26,1551,0,2,0
49,-5,-2,25,5,0,0,25,1,1,0.7911,43,3306,1,3,0
49,-5,-1,36,3,0,0,36,1,1,0.9710,57,3880,1,3,0
49,-5,0,29,3,0,0,29,1,1,1.1914,34,2035,5,4,1
49,-5,1,21,7,0,0,21,1,1,0.1923,20,723,0,1,0
49,-5,2,19,7,0,0,19,1,1,0.7109,21,526,3,4,1
49,-5,3,24,7,0,0,24,1,1,0.2209,23,502,0,1,0
49,-5,4,24,8,0,0,24,1,1,0.4509,24,524,1,2,0
49,-5,5,21,7,0,0,21,1,1,0.3709,21,489,1,2,0
49,-5,6,22,5,0,0,22,1,1,0.4109,23,693,2,2,0
49,-5,7,28,7,0,0,28,1,1,1.3209,36,1216,4,4,1
49,-5,8,18,4,0,0,18,1,1,0.7409,23,1102,3,4,1
49,-5,9,16,5,0,0,16,1,1,0.4009,20,1073,1,2,0
49,-4,-3,25,7,0,0,25,1,1,1.3909,54,4164,2,3,0
49,-4,-2,16,5,0,0,16,1,1,0.2930,23,1627,0,2,0
49,-4,-1,26,4,0,0,26,1,1,0.5909,29,1660,1,3,0
49,-4,0,24,6,0,0,24,1,1,2.9009,29,1017,5,4,1
49,-4,1,21,6,0,0,21,1,1,0.3909,22,545,2,2,0
49,-4,2,12,9,0,0,12,1,1,0.1009,11,180,0,1,0
49,-4,3,20,7,0,0,20,1,1,0.9109,29,513,6,4,1
49,-4,4,20,5,0,0,20,1,1,0.1809,19,358,0,1,0
49,-4,5,23,4,0,0,23,1,1,1.0909,30,678,4,4,1
49,-4,6,25,4,0,0,25,1,1,0.4709,26,669,2,2,0
49,-4,7,13,3,0,0,13,1,1,0.1109,12,404,0,1,0
49,-4,8,25,7,0,0,25,1,1,3.8109,31,1421,5,4,1
49,-3,-3,13,6,0,0,13,1,1,0.3309,22,1604,0,3,0
49,-3,-2,20,7,0,0,20,1,1,0.3709,26,1517,1,2,0
49,-3,-1,13,2,0,0,13,1,1,0.5909,17,873,3,4,1
49,-3,0,23,6,0,0,23,1,1,0.4109,25,730,3,2,0
49,-3,1,20,4,0,0,20,1,1,1.2209,24,471,4,4,1
49,-3,2,18,5,0,0,18,1,1,0.6209,24,427,6,4,1
49,-3,3,22,5,0,0,22,1,1,0.2009,21,366,0,1,0
49,-3,4,23,6,0,0,23,1,1,0.2110,22,393,0,1,0
49,-3,5,15,4,0,0,15,1,1,0.2609,16,291,2,2,0
49,-3,6,20,5,0,0,20,1,1,0.5609,21,470,2,3,0
49,-3,7,23,5,0,0,23,1,1,1.9609,34,878,12,7,0
49,-2,-3,19,6,0,0,19,1,1,0.5210,33,2517,1,3,0
49,-2,-2,20,7,0,0,20,1,1,0.3710,24,1232,0,2,0
49,-2,-1,20,5,0,0,20,1,1,0.1829,19,948,0,1,0
49,-2,0,23,5,0,0,23,1,1,0.4612,26,747,4,3,0
49,-2,1,35,4,0,0,35,1,1,1.6310,40,982,4,4,1
49,-2,2,24,4,0,0,24,1,1,0.6709,28,554,5,3,0
49,-2,3,20,7,0,0,20,1,1,1.8909,24,428,4,4,1
49,-2,4,24,5,0,0,24,1,1,0.6509,25,461,2,3,0
49,-2,5,17,5,0,0,17,1,1,0.3109,17,313,1,2,0
49,-2,6,27,5,0,0,27,1,1,0.5909,30,761,4,2,0
49,-2,7,22,5,0,0,22,1,1,0.2019,21,729,0,1,0
49,-1,-4,17,5,0,0,17,1,1,0.7913,38,3124,2,5,0
49,-1,-3,21,7,0,0,21,1,1,1.1909,41,2908,8,3,0
49,-1,-2,24,7,0,0,24,1,1,1.1309,38,2121,5,3,0
49,-1,-1,14,4,0,0,14,1,1,0.1209,13,611,0,1,0
49,-1,0,23,7,0,0,23,1,1,1.1309,33,1105,9,6,1
49,-1,1,22,8,0,0,22,1,1,0.2009,21,471,0,1,0
49,-1,2,17,10,0,0,17,1,1,0.7909,21,419,3,4,1
49,-1,3,25,4,0,0,25,1,1,1.3609,34,684,8,4,2
49,-1,4,20,7,0,0,20,1,1,0.2809,20,383,1,2,0
49,-1,5,22,10,0,0,22,1,1,5.2409,28,561,6,4,1
49,-1,6,21,5,0,0,21,1,1,0.5609,22,591,2,2,0
49,0,-4,22,4,0,0,22,1,1,1.6409,62,5176,4,8,1
49,0,-3,18,4,0,0,18,1,1,0.5009,34,2597,2,3,0
49,0,-2,16,4,0,0,16,1,1,0.8309,27,1847,3,5,1
49,0,-1,21,5,0,0,21,1,1,0.6112,29,1323,6,4,0
49,0,0,27,5,0,0,27,1,1,0.2509,26,1135,0,1,0
49,0,1,13,3,0,0,13,1,1,0.2209,15,559,3,2,0
49,0,2,21,5,0,0,21,1,1,1.3809,26,698,6,4,1
49,0,3,22,4,0,0,22,1,1,2.3609,39,845,14,6,3
49,0,4,25,7,0,0,25,1,1,0.2309,24,721,0,1,0
49,0,5,17,7,0,0,17,1,1,0.3109,17,507,1,2,0
49,0,6,24,3,0,0,24,1,1,0.3011,25,1560,2,2,0
49,1,-5,13,4,3,3,13,1,1,0.7110,33,3021,1,4,0
49,1,-4,27,5,0,0,27,1,1,1.5509,68,5985,6,4,0
49,1,-3,22,5,0,0,22,1,1,0.8810,39,3150,1,4,0
49,1,-2,24,5,0,0,24,1,1,1.1409,43,3240,2,5,0
49,1,-1,20,5,0,0,20,1,1,0.3709,24,1662,0,2,0
49,1,0,18,4,0,0,18,1,1,1.0431,25,1322,5,4,1
49,1,1,21,4,0,0,21,1,1,0.3909,21,1057,1,2,0
49,1,2,27,5,0,0,27,1,1,0.5609,28,1333,2,3,0
49,1,3,17,6,0,0,17,1,1,0.2909,18,770,2,2,0
49,1,4,18,7,0,0,18,1,1,0.3309,18,806,1,2,0
49,1,5,19,5,0,0,19,1,1,0.9310,28,1575,5,5,1
49,2,-5,18,7,1,1,18,1,1,1.0124,41,3688,0,3,0
49,2,-4,23,4,0,0,23,1,1,1.8610,64,5789,6,5,1
49,2,-3,15,4,0,0,15,1,1,1.5110,55,4723,11,10,2
49,2,-2,21,3,0,0,21,1,1,0.7910,39,3139,3,4,0
49,2,-1,31,5,0,0,31,1,1,0.6809,55,4261,0,3,0
49,2,0,32,4,0,0,32,1,1,2.1609,59,3461,7,5,2
49,2,1,19,5,0,0,19,1,1,0.7109,27,1751,3,4,0
49,2,2,17,3,0,0,17,1,1,0.3112,19,1118,0,2,0
49,2,3,23,5,0,0,23,1,1,0.4309,29,1564,1,2,0
49,2,4,18,5,0,0,18,1,1,1.2109,38,2406,12,4,1
49,2,5,22,6,0,0,22,1,1,1.6709,45,2686,9,7,1
49,3,-6,25,4,34,34,25,1,1,1.9034,64,5724,4,4,0
49,3,-5,19,5,7,7,19,1,1,1.7824,53,4939,4,5,0
49,3,-4,27,7,0,0,27,1,1,2.5819,75,6915,7,8,0
49,3,-3,25,6,0,0,25,1,1,1.8715,74,6672,8,8,1
49,3,-2,22,7,0,0,22,1,1,1.0409,52,4332,3,5,0
49,3,-1,16,5,0,0,16,1,1,1.4809,45,3579,7,6,2
49,3,0,20,7,0,0,20,1,1,0.7509,38,2924,2,4,0
49,3,1,22,3,0,0,22,1,1,1.6409,55,4618,13,7,2
49,4,-3,24,6,0,0,24,1,1,2.5026,74,6992,5,8,1
50,-7,6,23,4,0,0,23,1,1,0.3310,25,1509,0,2,0
50,-7,7,19,10,0,0,19,1,1,0.7109,22,1100,2,3,0
50,-7,8,15,5,0,0,15,1,1,0.2709,20,1252,0,2,0
50,-6,2,23,7,0,0,23,1,1,0.2109,22,902,0,1,0
50,-6,3,23,5,0,0,23,1,1,0.2120,22,774,0,1,0
50,-6,4,24,3,0,0,24,1,1,0.2909,24,816,1,2,0
50,-6,5,15,5,0,0,15,1,1,0.1322,14,456,0,1,0
50,-6,6,18,7,0,0,18,1,1,0.1609,17,688,0,1,0
50,-6,7,20,4,0,0,20,1,1,0.3709,21,1047,2,2,0
50,-6,8,21,5,0,0,21,1,1,1.2012,34,2204,8,4,1
50,-5,-2,25,5,0,0,25,1,1,1.2711,49,3872,3,6,1
50,-5,-1,36,3,0,0,36,1,1,2.6111,77,5334,13,7,3
50,-5,0,29,3,0,0,29,1,1,1.3209,35,1973,4,5,1
50,-5,1,21,7,0,0,21,1,1,3.1610,29,921,7,7,2
50,-5,2,19,7,0,0,19,1,1,0.7709,23,595,3,4,1
50,-5,3,24,7,0,0,24,1,1,0.4509,26,565,3,2,0
50,-5,4,24,8,0,0,24,1,1,0.6809,25,551,2,2,0
50,-5,5,21,7,0,0,21,1,1,0.3709,21,521,1,2,0
50,-5,6,22,5,0,0,22,1,1,1.4609,28,754,5,6,1
50,-5,7,28,7,0,0,28,1,1,1.5909,34,1132,7,4,0
50,-5,8,18,4,0,0,18,1,1,0.1609,17,885,0,1,0
50,-5,9,16,5,0,0,16,1,1,0.8810,25,1475,3,5,1
50,-4,-3,25,7,0,0,25,1,1,1.1921,53,4363,3,5,0
50,-4,-2,16,5,0,0,16,1,1,0.2930,23,1584,0,2,0
50,-4,-1,26,4,0,0,26,1,1,0.9809,31,1611,4,3,0
50,-4,0,24,6,0,0,24,1,1,0.6809,26,893,3,3,0
50,-4,1,21,6,0,0,21,1,1,2.5909,26,617,4,4,1
50,-4,2,12,9,0,0,12,1,1,0.1009,11,186,0,1,0
50,-4,3,20,7,0,0,20,1,1,1.2909,33,582,9,5,1
50,-4,4,20,5,0,0,20,1,1,0.5609,22,415,3,3,0
50,-4,5,23,4,0,0,23,1,1,0.8709,28,633,6,3,0
50,-4,6,25,4,0,0,25,1,1,0.2309,24,609,0,1,0
50,-4,7,13,3,0,0,13,1,1,0.2309,13,454,1,2,0
50,-4,8,25,7,0,0,25,1,1,1.6509,28,1172,3,4,1
50,-3,-3,13,6,0,0,13,1,1,0.4509,23,1728,1,4,0
50,-3,-2,20,7,0,0,20,1,1,0.3810,28,1612,2,3,0
50,-3,-1,13,2,0,0,13,1,1,0.2609,15,879,3,3,0
50,-3,0,23,6,0,0,23,1,1,1.2309,31,821,4,5,1
50,-3,1,20,4,0,0,20,1,1,1.9809,31,618,10,8,2
50,-3,2,18,5,0,0,18,1,1,0.3309,20,358,3,2,0
50,-3,3,22,5,0,0,22,1,1,1.4609,29,498,4,4,1
50,-3,4,23,6,0,0,23,1,1,0.3809,24,420,2,2,0
50,-3,5,15,4,0,0,15,1,1,0.1311,14,260,0,1,0
50,-3,6,20,5,0,0,20,1,1,1.3209,28,598,8,4,1
50,-3,7,23,5,0,0,23,1,1,1.0809,30,850,6,4,1
50,-2,-3,19,6,0,0,19,1,1,0.5717,35,2735,3,4,0
50,-2,-2,20,7,0,0,20,1,1,0.3709,26,1296,2,2,0
50,-2,-1,20,5,0,0,20,1,1,0.4625,23,1172,4,3,0
50,-2,0,23,5,0,0,23,1,1,0.4309,24,650,2,2,0
50,-2,1,35,4,0,0,35,1,1,1.6610,39,927,4,4,1
50,-2,2,24,4,0,0,24,1,1,0.3809,25,480,2,2,0
50,-2,3,20,7,0,0,20,1,1,0.3709,20,346,1,2,0
50,-2,4,24,5,0,0,24,1,1,0.8809,28,520,4,4,1
50,-2,5,17,5,0,0,17,1,1,1.0609,20,370,3,4,1
50,-2,6,27,5,0,0,27,1,1,1.1109,32,831,5,4,1
50,-2,7,22,5,0,0,22,1,1,0.6109,28,912,7,3,0
50,-1,-4,17,5,0,0,17,1,1,0.7812,40,3230,4,4,0
50,-1,-3,21,7,0,0,21,1,1,1.0638,36,2851,3,6,1
50,-1,-2,24,7,0,0,24,1,1,0.9009,37,2288,5,4,0
50,-1,-1,14,4,0,0,14,1,1,0.1209,13,601,0,1,0
50,-1,0,23,7,0,0,23,1,1,0.8609,29,819,4,4,1
50,-1,1,22,8,0,0,22,1,1,0.5909,23,513,2,3,0
50,-1,2,17,10,0,0,17,1,1,0.6309,20,411,4,3,0
50,-1,3,25,4,0,0,25,1,1,0.3909,25,546,1,2,0
50,-1,4,20,7,0,0,20,1,1,0.4709,22,414,3,2,0
50,-1,5,22,10,0,0,22,1,1,1.0409,32,633,3,4,1
50,-1,6,21,5,0,0,21,1,1,1.9609,26,639,5,4,1
50,0,-4,22,4,0,0,22,1,1,1.4627,68,6080,12,7,2
50,0,-3,18,4,0,0,18,1,1,0.4516,33,2407,1,3,0
50,0,-2,16,4,0,0,16,1,1,0.4709,27,1730,3,4,0
50,0,-1,21,5,0,0,21,1,1,0.3209,23,1184,0,2,0
50,0,0,27,5,0,0,27,1,1,0.4509,29,1316,3,2,0
50,0,1,13,3,0,0,13,1,1,0.1122,12,425,0,1,0
50,0,2,21,5,0,0,21,1,1,0.3912,24,666,4,2,0
50,0,3,22,4,0,0,22,1,1,0.8509,27,611,5,4,1
50,0,4,25,7,0,0,25,1,1,0.2309,24,730,0,1,0
50,0,5,17,7,0,0,17,1,1,1.1109,22,597,4,5,1
50,0,6,24,3,0,0,24,1,1,0.4109,25,1473,2,2,0
50,1,-5,13,4,2,2,13,1,1,0.8310,34,3125,2,4,0
50,1,-4,27,5,0,0,27,1,1,3.1109,92,8135,14,9,2
50,1,-3,22,5,0,0,22,1,1,2.3509,53,4177,13,12,1
50,1,-2,24,5,0,0,24,1,1,1.3709,51,3818,6,5,1
50,1,-1,20,5,0,0,20,1,1,0.9520,31,2199,4,5,1
50,1,0,18,4,0,0,18,1,1,0.2909,20,1149,1,2,0
50,1,1,21,4,0,0,21,1,1,1.5009,27,1117,6,7,2
50,1,2,27,5,0,0,27,1,1,0.4911,28,1356,2,2,0
50,1,3,17,6,0,0,17,1,1,0.4509,19,829,3,3,0
50,1,4,18,7,0,0,18,1,1,0.3309,18,887,1,2,0
50,1,5,19,5,0,0,19,1,1,0.5709,23,1024,3,4,0
50,2,-5,18,7,0,0,18,1,1,1.6519,46,4097,4,4,0
50,2,-4,23,4,0,0,23,1,1,1.3015,59,5464,2,5,0
50,2,-3,15,4,0,0,15,1,1,1.6409,51,4241,8,9,1
50,2,-2,21,3,0,0,21,1,1,0.6711,36,2875,0,3,0
50,2,-1,31,5,0,0,31,1,1,0.8909,54,4295,1,3,0
50,2,0,32,4,0,0,32,1,1,1.2309,50,3033,4,4,0
50,2,1,19,5,0,0,19,1,1,1.2509,37,2089,8,5,2
50,2,2,17,3,0,0,17,1,1,0.4510,20,1110,1,2,0
50,2,3,23,5,0,0,23,1,1,0.5209,30,1629,2,3,0
50,2,4,18,5,0,0,18,1,1,0.4409,25,1545,1,2,0
50,2,5,22,6,0,0,22,1,1,0.5509,33,2137,1,3,0
50,3,-6,25,4,29,29,25,1,1,1.9030,67,6010,6,5,0
50,3,-5,19,5,9,9,19,1,1,2.0519,67,6259,11,9,1
50,3,-4,27,7,0,0,27,1,1,2.0310,73,6737,5,6,0
50,3,-3,25,6,0,0,25,1,1,3.1533,99,9526,16,11,3
50,3,-2,22,7,0,0,22,1,1,3.3509,56,4489,7,6,1
50,3,-1,16,5,0,0,16,1,1,0.7309,34,2741,5,5,0
50,3,0,20,7,0,0,20,1,1,5.3209,59,4505,13,9,3
50,3,1,22,3,0,0,22,1,1,1.2209,45,3689,6,6,0
50,4,-3,24,6,0,0,24,1,1,3.0227,78,7435,9,11,1
51,-7,6,23,4,0,0,23,1,1,0.2809,25,1531,0,2,0
51,-7,7,19,10,0,0,19,1,1,0.3509,20,1004,1,2,0
51,-7,8,15,5,0,0,15,1,1,0.4520,22,1405,2,4,0
51,-6,2,23,7,0,0,23,1,1,0.5209,24,1041,2,3,0
51,-6,3,23,5,0,0,23,1,1,0.5309,24,837,2,3,0
51,-6,4,24,3,0,0,24,1,1,0.9210,28,953,4,4,1
51,-6,5,15,5,0,0,15,1,1,0.1322,14,480,0,1,0
51,-6,6,18,7,0,0,18,1,1,0.1609,17,671,0,1,0
51,-6,7,20,4,0,0,20,1,1,0.4509,24,1258,5,3,0
51,-6,8,21,5,0,0,21,1,1,0.9909,31,2024,6,5,0
51,-5,-2,25,5,0,0,25,1,1,1.2711,47,3735,5,5,0
51,-5,-1,36,3,0,0,36,1,1,2.1019,65,4462,7,7,0
51,-5,0,29,3,0,0,29,1,1,0.5811,31,1685,3,2,0
51,-5,1,21,7,0,0,21,1,1,0.3609,22,778,2,2,0
51,-5,2,19,7,0,0,19,1,1,0.3509,19,456,1,2,0
51,-5,3,24,7,0,0,24,1,1,1.6009,28,603,4,4,1
51,-5,4,24,8,0,0,24,1,1,0.2209,23,514,0,1,0
51,-5,5,21,7,0,0,21,1,1,0.3709,21,502,1,2,0
51,-5,6,22,5,0,0,22,1,1,0.2909,22,674,1,2,0
51,-5,7,28,7,0,0,28,1,1,1.3209,38,1354,5,4,1
51,-5,8,18,4,0,0,18,1,1,0.6819,21,1036,4,5,0
51,-5,9,16,5,0,0,16,1,1,1.4509,24,1157,3,4,1
51,-4,-3,25,7,0,0,25,1,1,2.1109,55,4357,4,4,0
51,-4,-2,16,5,0,0,16,1,1,1.5023,34,2494,7,10,2
51,-4,-1,26,4,0,0,26,1,1,0.4809,30,1600,2,2,0
51,-4,0,24,6,0,0,24,1,1,0.4509,24,898,1,2,0
51,-4,1,21,6,0,0,21,1,1,0.1909,20,502,0,1,0
51,-4,2,12,9,0,0,12,1,1,0.1009,11,181,0,1,0
51,-4,3,20,7,0,0,20,1,1,0.1810,19,355,0,1,0
51,-4,4,20,5,0,0,20,1,1,0.3709,20,374,1,2,0
51,-4,5,23,4,0,0,23,1,1,0.6509,26,598,4,3,0
51,-4,6,25,4,0,0,25,1,1,1.1909,39,994,12,5,1
51,-4,7,13,3,0,0,13,1,1,0.1109,12,421,0,1,0
51,-4,8,25,7,0,0,25,1,1,0.6909,26,1237,2,2,0
51,-3,-3,13,6,0,0,13,1,1,0.4509,24,1712,2,3,0
51,-3,-2,20,7,0,0,20,1,1,0.7509,28,1624,3,3,0
51,-3,-1,13,2,0,0,13,1,1,0.5009,18,978,5,4,1
51,-3,0,23,6,0,0,23,1,1,0.4109,23,661,1,2,0
51,-3,1,20,4,0,0,20,1,1,0.2709,20,414,1,2,0
51,-3,2,18,5,0,0,18,1,1,8.2409,72,1186,51,49,1
51,-3,3,22,5,0,0,22,1,1,0.4109,22,388,1,2,0
51,-3,4,23,6,0,0,23,1,1,0.5309,24,426,2,2,0
51,-3,5,15,4,0,0,15,1,1,0.1909,15,268,1,2,0
51,-3,6,20,5,0,0,20,1,1,1.1309,27,611,8,6,1
51,-3,7,23,5,0,0,23,1,1,0.4209,23,665,1,2,0
51,-2,-3,19,6,0,0,19,1,1,0.3918,31,2480,1,3,0
51,-2,-2,20,7,0,0,20,1,1,3.1809,46,1949,19,17,0
51,-2,-1,20,5,0,0,20,1,1,0.1829,19,939,0,1,0
51,-2,0,23,5,0,0,23,1,1,2.8509,26,723,3,4,1
51,-2,1,35,4,0,0,35,1,1,0.8610,38,968,4,3,0
51,-2,2,24,4,0,0,24,1,1,0.3109,24,465,1,2,0
51,-2,3,20,7,0,0,20,1,1,1.3209,23,397,3,4,1
51,-2,4,24,5,0,0,24,1,1,0.4409,25,461,2,2,0
51,-2,5,17,5,0,0,17,1,1,1.1509,26,458,9,5,2
51,-2,6,27,5,0,0,27,1,1,0.3309,28,701,2,2,0
51,-2,7,22,5,0,0,22,1,1,1.5309,31,1055,8,5,2
51,-1,-4,17,5,0,0,17,1,1,1.5812,54,4464,9,8,1
51,-1,-3,21,7,0,0,21,1,1,1.1909,40,2912,4,5,1
51,-1,-2,24,7,0,0,24,1,1,1.8209,45,2483,4,7,1
51,-1,-1,14,4,0,0,14,1,1,0.2209,14,704,1,2,0
51,-1,0,23,7,0,0,23,1,1,0.4709,24,737,2,3,0
51,-1,1,22,8,0,0,22,1,1,0.3809,22,477,1,2,0
51,-1,2,17,10,0,0,17,1,1,1.1109,22,456,6,4,2
51,-1,3,25,4,0,0,25,1,1,0.4509,26,534,2,2,0
51,-1,4,20,7,0,0,20,1,1,1.3012,22,413,3,4,1
51,-1,5,22,10,0,0,22,1,1,2.7209,31,641,8,5,2
51,-1,6,21,5,0,0,21,1,1,0.1922,20,573,0,1,0
51,0,-4,22,4,0,0,22,1,1,1.0109,55,4907,6,5,0
51,0,-3,18,4,0,0,18,1,1,0.5009,34,2543,2,3,0
51,0,-2,16,4,0,0,16,1,1,0.5616,26,1683,3,4,0
51,0,-1,21,5,0,0,21,1,1,2.5226,42,2117,13,4,4
51,0,0,27,5,0,0,27,1,1,0.4509,27,1149,1,2,0
51,0,1,13,3,0,0,13,1,1,0.3525,14,580,2,3,0
51,0,2,21,5,0,0,21,1,1,1.2509,27,685,3,4,1
51,0,3,22,4,0,0,22,1,1,1.0409,30,691,6,4,1
51,0,4,25,7,0,0,25,1,1,0.4709,25,778,1,2,0
51,0,5,17,7,0,0,17,1,1,1.1109,25,770,6,4,2
51,0,6,24,3,0,0,24,1,1,0.5310,26,1597,3,3,0
51,1,-5,13,4,0,0,13,1,1,0.9509,39,3610,6,8,1
51,1,-4,27,5,0,0,27,1,1,2.3309,74,6632,11,8,0
51,1,-3,22,5,0,0,22,1,1,1.5111,49,3708,8,7,0
51,1,-2,24,5,0,0,24,1,1,0.6809,45,3305,4,3,0
51,1,-1,20,5,0,0,20,1,1,0.7509,28,1721,2,2,0
51,1,0,18,4,0,0,18,1,1,0.4109,20,1137,1,3,0
51,1,1,21,4,0,0,21,1,1,0.3509,23,1242,3,2,0
51,1,2,27,5,0,0,27,1,1,0.4912,29,1426,3,2,0
51,1,3,17,6,0,0,17,1,1,0.6109,19,784,3,3,0
51,1,4,18,7,0,0,18,1,1,0.1609,17,761,0,1,0
51,1,5,19,5,0,0,19,1,1,0.3513,22,1029,1,2,0
51,2,-5,18,7,0,0,18,1,1,1.3115,43,3860,2,5,0
51,2,-4,23,4,0,0,23,1,1,1.4212,59,5391,2,4,0
51,2,-3,15,4,0,0,15,1,1,1.0809,48,4023,4,7,1
51,2,-2,21,3,0,0,21,1,1,2.0210,53,3908,6,10,1
51,2,-1,31,5,0,0,31,1,1,2.9909,73,5271,11,10,1
51,2,0,32,4,0,0,32,1,1,2.7809,67,4027,12,8,3
51,2,1,19,5,0,0,19,1,1,0.5309,26,1555,2,3,0
51,2,2,17,3,0,0,17,1,1,0.4713,21,1163,2,3,0
51,2,3,23,5,0,0,23,1,1,0.6009,29,1586,2,3,0
51,2,4,18,5,0,0,18,1,1,0.5009,26,1508,2,2,0
51,2,5,22,6,0,0,22,1,1,1.6709,43,2559,7,7,1
51,3,-6,25,4,38,38,25,1,1,1.6634,61,5412,0,3,0
51,3,-5,19,5,3,3,19,1,1,2.5026,70,6693,14,9,1
51,3,-4,27,7,0,0,27,1,1,1.8018,69,6394,2,5,0
51,3,-3,25,6,0,0,25,1,1,1.8134,68,6454,6,7,1
51,3,-2,22,7,0,0,22,1,1,2.3009,61,4985,6,9,1
51,3,-1,16,5,0,0,16,1,1,0.8809,35,2853,5,4,0
51,3,0,20,7,0,0,20,1,1,1.1635,42,3358,3,6,1
51,3,1,22,3,0,0,22,1,1,1.0109,45,3653,6,5,0
51,4,-3,24,6,0,0,24,1,1,2.2721,67,6385,5,5,0
52,-7,6,23,4,0,0,23,1,1,0.4714,29,1820,3,3,0
52,-7,7,19,10,0,0,19,1,1,0.5309,22,1045,1,2,0
52,-7,8,15,5,0,0,15,1,1,0.2709,20,1262,0,2,0
52,-6,2,23,7,0,0,23,1,1,0.8709,29,1312,6,4,1
52,-6,3,23,5,0,0,23,1,1,0.2123,22,791,0,1,0
52,-6,4,24,3,0,0,24,1,1,0.2210,23,803,0,1,0
52,-6,5,15,5,0,0,15,1,1,0.5410,18,614,4,4,0
52,-6,6,18,7,0,0,18,1,1,3.6609,41,1084,21,20,0
52,-6,7,20,4,0,0,20,1,1,0.2609,21,1120,2,2,0
52,-6,8,21,5,0,0,21,1,1,1.3909,34,2089,6,5,2
52,-5,-2,25,5,0,0,25,1,1,2.8710,55,4139,9,5,1
52,-5,-1,36,3,0,0,36,1,1,1.8011,67,4592,6,5,1
52,-5,0,29,3,0,0,29,1,1,0.2716,28,1594,0,1,0
52,-5,1,21,7,0,0,21,1,1,3.1609,25,849,5,4,1
52,-5,2,19,7,0,0,19,1,1,0.3509,20,498,2,2,0
52,-5,3,24,7,0,0,24,1,1,0.2209,23,500,0,1,0
52,-5,4,24,8,0,0,24,1,1,17.7009,101,1734,76,77,1
52,-5,5,21,7,0,0,21,1,1,0.3709,21,492,1,2,0
52,-5,6,22,5,0,0,22,1,1,0.6209,25,751,4,3,0
52,-5,7,28,7,0,0,3,0,1,-1.0000,138,2821,111,109,0
52,-5,8,18,4,0,0,18,1,1,0.4009,20,967,3,3,0
52,-5,9,16,5,0,0,16,1,1,0.7311,25,1280,6,5,0
52,-4,-3,25,7,0,0,25,1,1,2.6613,72,5540,11,7,3
52,-4,-2,16,5,0,0,16,1,1,1.3209,35,2562,7,8,1
52,-4,-1,26,4,0,0,26,1,1,0.4809,28,1635,1,2,0
52,-4,0,24,6,0,0,24,1,1,1.6009,28,997,4,4,1
52,-4,1,21,6,0,0,21,1,1,0.5909,22,553,2,3,0
52,-4,2,12,9,0,0,12,1,1,0.6509,16,255,5,6,0
52,-4,3,20,7,0,0,20,1,1,1.8609,34,673,10,9,0
52,-4,4,20,5,0,0,20,1,1,0.7509,24,474,3,4,1
52,-4,5,23,4,0,0,23,1,1,0.2109,22,491,0,1,0
52,-4,6,25,4,0,0,25,1,1,0.4709,26,654,2,2,0
52,-4,7,13,3,0,0,13,1,1,0.2909,14,407,2,3,0
52,-4,8,25,7,0,0,25,1,1,0.2310,24,1067,0,1,0
52,-3,-3,13,6,0,0,13,1,1,0.4509,24,1746,2,4,0
52,-3,-2,20,7,0,0,20,1,1,0.5609,26,1559,1,3,0
52,-3,-1,13,2,0,0,13,1,1,0.1109,12,640,0,1,0
52,-3,0,23,6,0,0,23,1,1,0.5709,24,705,2,3,0
52,-3,1,20,4,0,0,20,1,1,1.2810,24,493,3,4,1
52,-3,2,18,5,0,0,18,1,1,2.1211,22,387,3,4,1
52,-3,3,22,5,0,0,22,1,1,0.4109,22,390,1,2,0
52,-3,4,23,6,0,0,23,1,1,0.5309,25,456,3,3,0
52,-3,5,15,4,0,0,15,1,1,0.7109,20,350,5,4,1
52,-3,6,20,5,0,0,20,1,1,0.3709,21,449,2,2,0
52,-3,7,23,5,0,0,23,1,1,0.2120,22,633,0,1,0
52,-2,-3,19,6,0,0,16,0,1,-1.0000,197,10813,165,165,1
52,-2,-2,20,7,0,0,20,1,1,4.7009,55,2533,28,25,1
52,-2,-1,20,5,0,0,20,1,1,2.3511,37,1649,14,5,3
52,-2,0,23,5,0,0,23,1,1,0.6509,24,728,2,3,0
52,-2,1,35,4,0,0,35,1,1,0.9711,36,898,2,3,0
52,-2,2,24,4,0,0,24,1,1,1.0009,32,612,6,4,1
52,-2,3,20,7,0,0,20,1,1,0.3709,20,357,1,2,0
52,-2,4,24,5,0,0,24,1,1,0.4209,24,438,1,2,0
52,-2,5,17,5,0,0,17,1,1,0.1509,16,309,0,1,0
52,-2,6,27,5,0,0,27,1,1,0.2512,26,689,0,1,0
52,-2,7,22,5,0,0,22,1,1,1.8209,31,988,9,4,2
52,-1,-4,17,5,0,0,17,1,1,0.6212,37,3042,1,4,0
52,-1,-3,21,7,0,0,21,1,1,0.7909,37,2723,4,3,0
52,-1,-2,24,7,0,0,24,1,1,0.6709,34,2002,2,3,0
52,-1,-1,14,4,0,0,14,1,1,0.1522,14,662,1,2,0
52,-1,0,23,7,0,0,23,1,1,0.8209,27,829,5,3,0
52,-1,1,22,8,0,0,22,1,1,0.2009,21,480,0,1,0
52,-1,2,17,10,0,0,17,1,1,0.6309,19,382,3,3,0
52,-1,3,25,4,0,0,25,1,1,0.2309,24,499,0,1,0
52,-1,4,20,7,0,0,20,1,1,0.1809,19,368,0,1,0
52,-1,5,22,10,0,0,22,1,1,0.4109,22,463,1,2,0
52,-1,6,21,5,0,0,21,1,1,0.1920,20,579,0,1,0
52,0,-4,22,4,0,0,22,1,1,5.3710,85,5954,26,23,2
52,0,-3,18,4,0,0,18,1,1,0.6709,36,2763,4,4,0
52,0,-2,16,4,0,0,16,1,1,0.8309,29,2007,5,5,1
52,0,-1,21,5,0,0,21,1,1,0.3709,25,1275,2,2,0
52,0,0,27,5,0,0,27,1,1,1.6809,32,1251,5,6,1
52,0,1,13,3,0,0,13,1,1,0.1124,12,424,0,1,0
52,0,2,21,5,0,0,21,1,1,0.2509,21,582,1,2,0
52,0,3,22,4,0,0,22,1,1,0.4109,22,549,1,2,0
52,0,4,25,7,0,0,25,1,1,0.7109,29,934,5,3,0
52,0,5,17,7,0,0,17,1,1,0.4709,18,534,2,3,0
52,0,6,24,3,0,0,24,1,1,1.4028,27,1519,3,4,1
52,1,-5,13,4,5,5,13,1,1,0.8311,36,3312,4,4,0
52,1,-4,27,5,0,0,27,1,1,1.8109,68,6050,7,6,0
52,1,-3,22,5,0,0,22,1,1,1.5109,45,3388,5,4,1
52,1,-2,24,5,0,0,24,1,1,1.8309,57,4162,7,7,1
52,1,-1,20,5,0,0,20,1,1,1.5109,37,2129,7,4,2
52,1,0,18,4,0,0,18,1,1,0.3609,21,1207,2,3,0
52,1,1,21,4,0,0,21,1,1,0.2909,21,1041,1,2,0
52,1,2,27,5,0,0,27,1,1,3.3309,34,1515,7,4,1
52,1,3,17,6,0,0,17,1,1,0.1528,16,720,0,1,0
52,1,4,18,7,0,0,18,1,1,0.8409,25,1151,5,5,0
52,1,5,19,5,0,0,19,1,1,0.8111,25,1259,4,5,0
52,2,-5,18,7,0,0,18,1,1,1.3524,43,3918,2,5,0
52,2,-4,23,4,0,0,23,1,1,1.4725,63,5776,6,5,0
52,2,-3,15,4,0,0,15,1,1,0.8009,37,3157,3,5,0
52,2,-2,21,3,0,0,21,1,1,1.0710,39,3029,2,5,0
52,2,-1,31,5,0,0,31,1,1,1.1909,58,4607,4,4,0
52,2,0,32,4,0,0,32,1,1,1.2309,49,2824,2,3,0
52,2,1,19,5,0,0,19,1,1,0.8909,29,1726,4,4,0
52,2,2,17,3,0,0,17,1,1,0.3114,19,1116,0,2,0
52,2,3,23,5,0,0,23,1,1,0.4309,29,1501,1,2,0
52,2,4,18,5,0,0,18,1,1,0.7809,27,1627,3,3,0
52,2,5,22,6,0,0,22,1,1,1.2509,42,2726,7,5,1
52,3,-6,25,4,39,39,25,1,1,3.4226,82,7479,12,8,2
52,3,-5,19,5,6,6,19,1,1,1.6921,50,4652,1,4,0
52,3,-4,27,7,0,0,27,1,1,1.7709,69,6340,1,4,0
52,3,-3,25,6,0,0,25,1,1,2.0220,70,6414,10,7,1
52,3,-2,22,7,0,0,22,1,1,1.0409,53,4406,4,5,0
52,3,-1,16,5,0,0,16,1,1,1.0309,33,2600,3,5,0
52,3,0,20,7,0,0,20,1,1,1.3209,50,3684,6,6,1
52,3,1,22,3,0,0,22,1,1,1.2209,43,3493,3,5,0
52,4,-3,24,6,0,0,24,1,1,2.2723,65,6107,3,4,0
53,-7,6,23,4,0,0,23,1,1,0.4309,25,1561,1,2,0
53,-7,7,19,10,0,0,19,1,1,0.3509,20,985,0,2,0
53,-7,8,15,5,0,0,15,1,1,0.5509,22,1366,2,4,0
53,-6,2,23,7,0,0,23,1,1,0.2109,22,932,0,1,0
53,-6,3,23,5,0,0,23,1,1,0.2809,23,873,1,2,0
53,-6,4,24,3,0,0,24,1,1,0.8109,29,1054,6,3,0
53,-6,5,15,5,0,0,15,1,1,0.9309,22,693,6,4,1
53,-6,6,18,7,0,0,18,1,1,0.1609,17,659,0,1,0
53,-6,7,20,4,0,0,20,1,1,0.1809,19,948,0,1,0
53,-6,8,21,5,0,0,21,1,1,0.7909,31,1847,4,3,0
53,-5,-2,25,5,0,0,25,1,1,1.6710,48,3804,6,4,1
53,-5,-1,36,3,0,0,36,1,1,1.8011,76,4945,14,5,2
53,-5,0,29,3,0,0,29,1,1,0.2716,28,1627,0,1,0
53,-5,1,21,7,0,0,21,1,1,0.1926,20,702,0,1,0
53,-5,2,19,7,0,0,19,1,1,0.1709,18,452,0,1,0
53,-5,3,24,7,0,0,24,1,1,1.8309,28,606,5,4,1
53,-5,4,24,8,0,0,24,1,1,0.2409,24,558,1,2,0
53,-5,5,21,7,0,0,21,1,1,1.9709,32,754,9,5,2
53,-5,6,22,5,0,0,22,1,1,0.4109,23,723,2,2,0
53,-5,7,28,7,0,0,28,1,1,2.1309,39,1125,7,4,2
53,-5,8,18,4,0,0,18,1,1,0.3009,19,1048,2,2,0
53,-5,9,16,5,0,0,16,1,1,0.4420,22,1230,2,3,0
53,-4,-3,25,7,0,0,25,1,1,1.8709,60,4974,6,6,1
53,-4,-2,16,5,0,0,16,1,1,0.6127,26,1946,3,5,1
53,-4,-1,26,4,0,0,26,1,1,0.7309,31,1617,3,3,0
53,-4,0,24,6,0,0,24,1,1,0.3709,24,882,1,2,0
53,-4,1,21,6,0,0,21,1,1,1.4110,27,631,7,8,0
53,-4,2,12,9,0,0,12,1,1,0.1009,11,186,0,1,0
53,-4,3,20,7,0,0,20,1,1,0.7209,23,435,4,3,0
53,-4,4,20,5,0,0,20,1,1,1.7009,27,494,7,4,1
53,-4,5,23,4,0,0,23,1,1,0.6509,26,583,4,3,0
53,-4,6,25,4,0,0,25,1,1,0.5609,27,683,3,3,0
53,-4,7,13,3,0,0,13,1,1,0.7909,23,596,8,7,2
53,-4,8,25,7,0,0,25,1,1,1.1709,31,1338,5,4,1
53,-3,-3,13,6,0,0,13,1,1,0.4509,23,1646,1,4,0
53,-3,-2,20,7,0,0,20,1,1,1.1309,33,2041,5,5,1
53,-3,-1,13,2,0,0,13,1,1,0.2309,13,713,1,2,0
53,-3,0,23,6,0,0,23,1,1,2.1109,27,749,3,4,1
53,-3,1,20,4,0,0,20,1,1,0.5209,21,421,2,3,0
53,-3,2,18,5,0,0,18,1,1,0.1609,17,293,0,1,0
53,-3,3,22,5,0,0,22,1,1,0.2009,21,369,0,1,0
53,-3,4,23,6,0,0,23,1,1,3.3910,27,466,4,4,1
53,-3,5,15,4,0,0,15,1,1,0.8910,21,383,6,4,1
53,-3,6,20,5,0,0,20,1,1,0.1809,19,424,0,1,0
53,-3,7,23,5,0,0,23,1,1,1.5209,28,760,5,4,1
53,-2,-3,19,6,0,0,19,1,1,1.4129,41,3381,7,8,0
53,-2,-2,20,7,0,0,20,1,1,0.4709,26,1274,1,3,0
53,-2,-1,20,5,0,0,20,1,1,2.3526,23,1049,3,4,1
53,-2,0,23,5,0,0,23,1,1,0.2109,22,666,0,1,0
53,-2,1,35,4,0,0,35,1,1,2.2210,40,980,4,4,1
53,-2,2,24,4,0,0,24,1,1,0.2210,23,436,0,1,0
53,-2,3,20,7,0,0,20,1,1,0.5609,21,350,2,3,0
53,-2,4,24,5,0,0,24,1,1,1.1109,29,511,3,4,1
53,-2,5,17,5,0,0,17,1,1,0.1509,16,290,0,1,0
53,-2,6,27,5,0,0,27,1,1,2.4109,38,926,8,5,2
53,-2,7,22,5,0,0,22,1,1,1.0609,27,817,5,4,1
53,-1,-4,17,5,0,0,17,1,1,0.6212,36,2936,0,3,0
53,-1,-3,21,7,0,0,21,1,1,0.9909,37,2714,4,3,0
53,-1,-2,24,7,0,0,24,1,1,0.9009,36,2057,3,3,0
53,-1,-1,14,4,0,0,14,1,1,0.1209,13,618,0,1,0
53,-1,0,23,7,0,0,23,1,1,0.2113,22,638,0,1,0
53,-1,1,22,8,0,0,22,1,1,1.4614,24,510,3,4,1
53,-1,2,17,10,0,0,17,1,1,3.5109,22,443,4,4,1
53,-1,3,25,4,0,0,25,1,1,0.3909,25,512,1,2,0
53,-1,4,20,7,0,0,20,1,1,1.3011,22,414,3,4,1
53,-1,5,22,10,0,0,22,1,1,0.2009,21,434,0,1,0
53,-1,6,21,5,0,0,21,1,1,1.3609,23,632,3,4,1
53,0,-4,22,4,0,0,22,1,1,0.8726,52,4598,2,5,0
53,0,-3,18,4,0,0,18,1,1,0.7915,34,2614,2,5,0
53,0,-2,16,4,0,0,16,1,1,0.3809,25,1527,1,2,0
53,0,-1,21,5,0,0,21,1,1,2.5227,28,1298,3,4,1
53,0,0,27,5,0,0,27,1,1,0.6409,29,1327,3,3,0
53,0,1,13,3,0,0,13,1,1,0.1122,12,440,0,1,0
53,0,2,21,5,0,0,21,1,1,0.3809,22,597,2,2,0
53,0,3,22,4,0,0,22,1,1,0.2118,22,561,1,2,0
53,0,4,25,7,0,0,25,1,1,0.9809,30,940,4,4,1
53,0,5,17,7,0,0,17,1,1,1.2709,23,643,5,4,1
53,0,6,24,3,0,0,24,1,1,0.2209,23,1374,0,1,0
53,1,-5,13,4,4,4,13,1,1,1.1911,38,3500,4,5,1
53,1,-4,27,5,0,0,27,1,1,1.8109,67,5859,5,5,0
53,1,-3,22,5,0,0,22,1,1,7.8113,84,7004,37,37,0
53,1,-2,24,5,0,0,24,1,1,1.8309,56,4220,8,7,1
53,1,-1,20,5,0,0,20,1,1,2.0809,30,1769,5,4,1
53,1,0,18,4,0,0,18,1,1,0.4609,21,1022,2,2,0
53,1,1,21,4,0,0,21,1,1,0.1909,20,1045,0,1,0
53,1,2,27,5,0,0,27,1,1,2.5509,35,1539,7,4,2
53,1,3,17,6,0,0,17,1,1,0.1525,16,703,0,1,0
53,1,4,18,7,0,0,17,0,1,-1.0000,193,12861,176,176,0
53,1,5,19,5,0,0,19,1,1,0.4512,24,1136,3,3,0
53,2,-5,18,7,1,1,18,1,1,1.6520,47,4263,5,6,0
53,2,-4,23,4,0,0,23,1,1,2.1312,82,7760,21,8,4
53,2,-3,15,4,0,0,15,1,1,0.6609,36,3077,2,5,0
53,2,-2,21,3,0,0,21,1,1,1.2712,41,3307,4,6,0
53,2,-1,31,5,0,0,31,1,1,0.9809,56,4513,3,4,0
53,2,0,32,4,0,0,32,1,1,0.9209,50,3066,5,3,0
53,2,1,19,5,0,0,19,1,1,0.3509,23,1382,0,2,0
53,2,2,17,3,0,0,17,1,1,4.9514,51,3108,29,31,0
53,2,3,23,5,0,0,23,1,1,0.6009,30,1654,2,3,0
53,2,4,18,5,0,0,18,1,1,1.0109,32,2114,5,6,1
53,2,5,22,6,0,0,22,1,1,0.8309,36,2209,4,4,0
53,3,-6,25,4,34,34,25,1,1,3.5834,89,8134,12,9,2
53,3,-5,19,5,7,7,19,1,1,1.5121,52,4857,3,4,0
53,3,-4,27,7,0,0,27,1,1,2.8110,89,7821,7,8,1
53,3,-3,25,6,0,0,25,1,1,1.5415,61,5679,4,5,0
53,3,-2,22,7,0,0,22,1,1,1.6809,55,4365,5,4,1
53,3,-1,16,5,0,0,16,1,1,1.3415,38,3036,8,9,0
53,3,0,20,7,0,0,20,1,1,2.8409,41,3009,3,4,1
53,3,1,22,3,0,0,22,1,1,1.1423,47,3892,5,5,1
53,4,-3,24,6,0,0,24,1,1,4.5722,86,8065,15,16,1
54,-7,6,23,4,0,0,23,1,1,0.5409,27,1700,4,3,0
54,-7,7,19,10,0,0,19,1,1,0.3509,21,1012,0,2,0
54,-7,8,15,5,0,0,15,1,1,0.4109,22,1394,2,3,0
54,-6,2,23,7,0,0,23,1,1,0.6509,25,1048,3,2,0
54,-6,3,23,5,0,0,23,1,1,0.2122,22,799,0,1,0
54,-6,4,24,3,0,0,24,1,1,1.1409,30,1034,5,4,1
54,-6,5,15,5,0,0,15,1,1,0.2609,16,534,2,2,0
54,-6,6,18,7,0,0,18,1,1,0.1609,17,688,0,1,0
54,-6,7,20,4,0,0,20,1,1,0.2825,20,1002,1,2,0
54,-6,8,21,5,0,0,21,1,1,1.1909,36,2263,6,5,1
54,-5,-2,25,5,0,0,25,1,1,1.8314,53,4121,9,4,1
54,-5,-1,36,3,0,0,36,1,1,0.9710,59,4063,2,3,0
54,-5,0,29,3,0,0,29,1,1,1.3209,38,2246,7,4,2
54,-5,1,21,7,0,0,21,1,1,0.3609,21,732,1,2,0
54,-5,2,19,7,0,0,19,1,1,0.3509,19,469,1,2,0
54,-5,3,24,7,0,0,24,1,1,0.4509,24,513,1,2,0
54,-5,4,24,8,0,0,24,1,1,0.4509,24,512,1,2,0
54,-5,5,21,7,0,0,21,1,1,0.3709,22,518,2,2,0
54,-5,6,22,5,0,0,22,1,1,0.4109,22,670,1,2,0
54,-5,7,28,7,0,0,28,1,1,0.5109,28,904,1,2,0
54,-5,8,18,4,0,0,18,1,1,0.1610,17,854,0,1,0
54,-5,9,16,5,0,0,16,1,1,0.2917,19,1065,0,2,0
54,-4,-3,25,7,0,0,25,1,1,1.1921,56,4522,4,5,0
54,-4,-2,16,5,0,0,16,1,1,0.5709,25,1795,2,4,0
54,-4,-1,26,4,0,0,26,1,1,0.7309,31,1816,4,3,0
54,-4,0,24,6,0,0,24,1,1,0.2209,23,879,0,1,0
54,-4,1,21,6,0,0,21,1,1,0.3909,21,531,1,2,0
54,-4,2,12,9,0,0,12,1,1,2.3009,38,594,22,21,1
54,-4,3,20,7,0,0,20,1,1,0.3409,20,373,1,2,0
54,-4,4,20,5,0,0,20,1,1,0.5609,22,424,3,3,0
54,-4,5,23,4,0,0,23,1,1,0.4309,23,525,1,2,0
54,-4,6,25,4,0,0,25,1,1,0.9509,29,719,5,3,0
54,-4,7,13,3,0,0,13,1,1,0.1109,12,388,0,1,0
54,-4,8,25,7,0,0,25,1,1,1.6509,28,1207,3,4,1
54,-3,-3,13,6,0,0,13,1,1,0.4509,23,1643,1,4,0
54,-3,-2,20,7,0,0,20,1,1,0.9409,32,1965,4,4,1
54,-3,-1,13,2,0,0,13,1,1,0.2310,15,715,3,2,0
54,-3,0,23,6,0,0,23,1,1,2.1109,30,822,6,4,1
54,-3,1,20,4,0,0,20,1,1,0.3309,20,413,1,2,0
54,-3,2,18,5,0,0,18,1,1,0.4209,20,351,3,3,0
54,-3,3,22,5,0,0,22,1,1,0.2609,22,386,1,2,0
54,-3,4,23,6,0,0,23,1,1,0.9709,26,465,3,4,1
54,-3,5,15,4,0,0,15,1,1,0.6809,18,325,4,4,0
54,-3,6,20,5,0,0,20,1,1,0.3709,21,473,2,2,0
54,-3,7,23,5,0,1,2,0,0,-1.0000,159,2901,136,133,1
54,-2,-3,19,6,0,0,19,1,1,0.5210,33,2533,1,3,0
54,-2,-2,20,7,0,0,20,1,1,0.7110,27,1364,4,4,0
54,-2,-1,20,5,0,0,20,1,1,0.8909,26,1121,4,4,1
54,-2,0,23,5,0,0,23,1,1,0.4309,24,712,2,2,0
54,-2,1,35,4,0,0,35,1,1,1.2010,39,956,5,3,0
54,-2,2,24,4,0,0,24,1,1,0.3809,24,455,1,2,0
54,-2,3,20,7,0,0,20,1,1,0.1809,19,335,0,1,0
54,-2,4,24,5,0,0,24,1,1,0.4209,24,436,1,2,0
54,-2,5,17,5,0,0,17,1,1,2.0209,24,434,6,4,2
54,-2,6,27,5,0,0,27,1,1,0.2513,26,654,0,1,0
54,-2,7,22,5,0,0,22,1,1,2.6609,25,761,3,4,1
54,-1,-4,17,5,0,0,17,1,1,1.8410,53,4599,10,10,1
54,-1,-3,21,7,0,0,21,1,1,1.9909,44,3210,7,9,1
54,-1,-2,24,7,0,0,24,1,1,0.6709,35,1957,2,3,0
54,-1,-1,14,4,0,0,14,1,1,0.3509,17,859,4,3,0
54,-1,0,23,7,0,0,23,1,1,0.8609,26,796,3,4,1
54,-1,1,22,8,0,0,22,1,1,0.3809,22,476,1,2,0
54,-1,2,17,10,0,0,17,1,1,1.1109,21,413,4,4,1
54,-1,3,25,4,0,0,25,1,1,1.3509,31,628,5,4,1
54,-1,4,20,7,0,0,20,1,1,0.1809,19,366,0,1,0
54,-1,5,22,10,0,0,22,1,1,3.3509,25,502,3,4,1
54,-1,6,21,5,0,0,21,1,1,0.1921,20,561,0,1,0
54,0,-4,22,4,0,0,22,1,1,0.8334,50,4460,1,4,0
54,0,-3,18,4,0,0,18,1,1,0.5417,34,2445,2,3,0
54,0,-2,16,4,0,0,16,1,1,0.7709,32,2017,4,5,1
54,0,-1,21,5,0,0,21,1,1,0.7209,27,1466,3,4,1
54,0,0,27,5,0,0,27,1,1,1.9409,42,1527,10,7,2
54,0,1,13,3,0,0,13,1,1,0.1710,13,467,1,2,0
54,0,2,21,5,0,0,21,1,1,0.1913,20,551,0,1,0
54,0,3,22,4,0,0,22,1,1,0.8909,27,642,4,4,1
54,0,4,25,7,0,0,25,1,1,1.1909,33,971,6,4,1
54,0,5,17,7,0,0,17,1,1,1.1109,22,604,4,4,1
54,0,6,24,3,0,0,24,1,1,0.2209,23,1389,0,1,0
54,1,-5,13,4,1,1,13,1,1,0.7109,33,2973,1,4,0
54,1,-4,27,5,0,0,27,1,1,3.8909,84,7603,14,14,2
54,1,-3,22,5,0,0,22,1,1,0.6209,39,3193,1,3,0
54,1,-2,24,5,0,0,24,1,1,1.6009,51,3693,9,5,1
54,1,-1,20,5,0,0,18,0,1,-1.0000,188,7576,160,157,1
54,1,0,18,4,0,0,18,1,1,1.0910,26,1324,5,4,1
54,1,1,21,4,0,0,21,1,1,0.8909,26,1277,6,3,0
54,1,2,27,5,0,0,27,1,1,2.1209,40,1742,10,4,2
54,1,3,17,6,0,0,17,1,1,0.2909,17,747,1,2,0
54,1,4,18,7,0,0,18,1,1,1.1809,21,943,4,5,1
54,1,5,19,5,0,0,19,1,1,0.3510,20,972,0,2,0
54,2,-5,18,7,1,1,18,1,1,1.3120,44,3946,2,4,0
54,2,-4,23,4,0,0,23,1,1,2.3009,64,5739,6,6,1
54,2,-3,15,4,0,0,15,1,1,0.8009,38,3199,4,5,0
54,2,-2,21,3,0,0,21,1,1,0.7911,37,2973,1,4,0
54,2,-1,31,5,0,0,31,1,1,1.4909,55,4414,3,4,0
54,2,0,32,4,0,0,32,1,1,1.5409,50,3070,5,4,0
54,2,1,19,5,0,0,19,1,1,0.5309,25,1524,1,3,0
54,2,2,17,3,0,0,17,1,1,0.3116,19,1101,0,2,0
54,2,3,23,5,0,0,23,1,1,0.4309,27,1454,0,2,0
54,2,4,18,5,0,0,18,1,1,0.6709,26,1685,2,4,0
54,2,5,22,6,0,0,22,1,1,0.4109,32,2029,0,2,0
54,3,-6,25,4,38,38,25,1,1,3.6624,79,6997,14,7,1
54,3,-5,19,5,11,11,19,1,1,1.5119,52,4877,4,5,0
54,3,-4,27,7,0,0,27,1,1,4.1920,134,11416,26,14,4
54,3,-3,25,6,0,0,25,1,1,1.9032,67,6375,5,7,1
54,3,-2,22,7,0,0,22,1,1,1.2509,54,4656,5,6,0
54,3,-1,16,5,0,0,16,1,1,1.0309,39,3133,6,7,1
54,3,0,20,7,0,0,20,1,1,1.3209,42,3263,4,5,1
54,3,1,22,3,0,0,22,1,1,2.2709,55,4437,13,8,1
54,4,-3,24,6,0,0,24,1,1,2.0424,68,6482,6,5,0
55,-7,6,23,4,0,0,23,1,1,0.5512,26,1651,1,3,0
55,-7,7,19,10,0,0,19,1,1,0.7109,24,1104,4,3,0
55,-7,8,15,5,0,0,15,1,1,0.5509,22,1319,2,3,0
55,-6,2,23,7,0,0,23,1,1,4.8912,40,1644,11,4,3
55,-6,3,23,5,0,0,23,1,1,0.2122,22,833,0,1,0
55,-6,4,24,3,0,0,24,1,1,0.9409,30,1043,6,4,1
55,-6,5,15,5,0,0,15,1,1,0.2309,15,507,1,2,0
55,-6,6,18,7,0,0,18,1,1,0.1609,17,649,0,1,0
55,-6,7,20,4,0,0,20,1,1,0.2609,20,1035,1,2,0
55,-6,8,21,5,0,0,21,1,1,0.5909,28,1772,2,3,0
55,-5,-2,25,5,0,0,25,1,1,0.7911,42,3220,0,3,0
55,-5,-1,36,3,0,0,36,1,1,1.6710,62,4146,7,4,0
55,-5,0,29,3,0,0,29,1,1,1.7430,39,1991,9,6,1
55,-5,1,21,7,0,0,21,1,1,0.3609,21,730,1,2,0
55,-5,2,19,7,0,0,19,1,1,0.2309,19,460,1,2,0
55,-5,3,24,7,0,0,24,1,1,0.4509,24,538,1,2,0
55,-5,4,24,8,0,0,24,1,1,0.2209,23,504,0,1,0
55,-5,5,21,7,0,0,21,1,1,1.3709,25,568,3,4,1
55,-5,6,22,5,0,0,22,1,1,0.8309,28,779,7,4,1
55,-5,7,28,7,0,0,28,1,1,0.7809,29,944,2,3,0
55,-5,8,18,4,0,0,18,1,1,0.1609,17,850,0,1,0
55,-5,9,16,5,0,0,16,1,1,0.4310,21,1183,2,3,0
55,-4,-3,25,7,0,0,25,1,1,1.1509,53,4295,2,4,0
55,-4,-2,16,5,0,0,16,1,1,0.8709,30,2227,3,5,1
55,-4,-1,26,4,0,0,26,1,1,1.6015,40,2414,10,6,1
55,-4,0,24,6,0,0,24,1,1,0.3709,25,913,2,2,0
55,-4,1,21,6,0,0,21,1,1,0.3909,21,518,1,2,0
55,-4,2,12,9,0,0,12,1,1,2.0809,14,243,3,4,1
55,-4,3,20,7,0,0,20,1,1,6.2309,55,1153,32,32,0
55,-4,4,20,5,0,0,20,1,1,0.1809,19,355,0,1,0
55,-4,5,23,4,0,0,23,1,1,0.4309,25,569,3,2,0
55,-4,6,25,4,0,0,25,1,1,0.7109,28,712,4,3,0
55,-4,7,13,3,0,0,13,1,1,0.7709,17,520,4,4,1
55,-4,8,25,7,0,0,25,1,1,0.6909,26,1145,2,3,0
55,-3,-3,13,6,0,0,13,1,1,0.4509,23,1727,1,4,0
55,-3,-2,20,7,0,0,20,1,1,0.7509,31,1673,4,3,0
55,-3,-1,13,2,0,0,13,1,1,0.1611,13,703,1,2,0
55,-3,0,23,6,0,0,23,1,1,0.4109,25,701,3,2,0
55,-3,1,20,4,0,0,20,1,1,0.1809,19,397,0,1,0
55,-3,2,18,5,0,0,18,1,1,0.5909,22,375,5,4,0
55,-3,3,22,5,0,0,22,1,1,0.3109,23,410,2,2,0
55,-3,4,23,6,0,0,23,1,1,2.9509,29,516,5,4,1
55,-3,5,15,4,0,0,15,1,1,1.6911,30,593,16,13,0
55,-3,6,20,5,0,0,20,1,1,0.3709,20,424,1,2,0
55,-3,7,23,5,0,0,23,1,1,2.4009,27,743,4,4,1
55,-2,-3,19,6,0,0,19,1,1,0.5311,32,2400,0,3,0
55,-2,-2,20,7,0,0,20,1,1,0.5609,25,1275,1,3,0
55,-2,-1,20,5,0,0,20,1,1,0.1827,19,917,0,1,0
55,-2,0,23,5,0,0,23,1,1,1.5609,35,1014,9,4,3
55,-2,1,35,4,0,0,35,1,1,0.5210,35,891,1,2,0
55,-2,2,24,4,0,0,24,1,1,0.6109,26,477,3,3,0
55,-2,3,20,7,0,0,20,1,1,0.3709,20,353,1,2,0
55,-2,4,24,5,0,0,24,1,1,0.9109,30,547,6,4,1
55,-2,5,17,5,0,0,17,1,1,2.0209,21,397,4,4,1
55,-2,6,27,5,0,0,27,1,1,1.1109,32,811,3,4,1
55,-2,7,22,5,0,0,22,1,1,0.9009,26,796,4,4,1
55,-1,-4,17,5,0,0,17,1,1,0.9411,39,3277,3,6,0
55,-1,-3,21,7,0,0,21,1,1,0.5909,36,2637,3,3,0
55,-1,-2,24,7,0,0,24,1,1,0.4409,33,1922,0,2,0
55,-1,-1,14,4,0,0,14,1,1,0.1209,13,610,0,1,0
55,-1,0,23,7,0,0,23,1,1,1.4809,30,844,7,4,1
55,-1,1,22,8,0,0,22,1,1,0.3809,22,517,1,2,0
55,-1,2,17,10,0,0,17,1,1,0.3109,17,356,1,2,0
55,-1,3,25,4,0,0,25,1,1,0.6909,26,537,2,3,0
55,-1,4,20,7,0,0,20,1,1,0.1809,19,366,0,1,0
55,-1,5,22,10,0,0,22,1,1,11.9609,67,1216,44,41,1
55,-1,6,21,5,0,0,21,1,1,0.1923,20,578,0,1,0
55,0,-4,22,4,0,0,22,1,1,1.0109,54,4644,3,4,0
55,0,-3,18,4,0,0,18,1,1,0.9509,42,3016,5,5,1
55,0,-2,16,4,0,0,16,1,1,0.7709,29,1942,3,5,1
55,0,-1,21,5,0,0,21,1,1,2.1211,29,1407,4,4,1
55,0,0,27,5,0,0,27,1,1,2.5309,38,1444,6,4,2
55,0,1,13,3,0,0,13,1,1,0.1509,13,469,1,2,0
55,0,2,21,5,0,0,21,1,1,0.5809,24,631,4,3,0
55,0,3,22,4,0,0,22,1,1,0.2009,21,517,0,1,0
55,0,4,25,7,0,0,25,1,1,0.2309,24,735,0,1,0
55,0,5,17,7,0,0,17,1,1,0.1509,16,481,0,1,0
55,0,6,24,3,0,0,24,1,1,0.4509,24,1369,1,2,0
55,1,-5,13,4,0,0,13,1,1,0.8309,35,3175,3,5,0
55,1,-4,27,5,0,0,27,1,1,1.2909,64,5527,1,3,0
55,1,-3,22,5,0,0,22,1,1,1.9313,48,3832,8,8,0
55,1,-2,24,5,0,0,24,1,1,1.6009,52,3905,10,7,2
55,1,-1,20,5,0,0,20,1,1,13.6822,103,6699,78,73,1
55,1,0,18,4,0,0,18,1,1,0.2409,19,1020,0,2,0
55,1,1,21,4,0,0,21,1,1,0.6909,24,1099,4,3,0
55,1,2,27,5,0,0,27,1,1,1.2811,40,2060,10,4,2
55,1,3,17,6,0,0,17,1,1,0.2909,18,778,2,2,0
55,1,4,18,7,0,0,18,1,1,0.1810,18,832,1,2,0
55,1,5,19,5,0,0,19,1,1,0.3511,21,979,0,2,0
55,2,-5,18,7,0,0,18,1,1,1.3525,46,4223,5,5,0
55,2,-4,23,4,0,0,23,1,1,2.5712,69,6066,9,7,1
55,2,-3,15,4,0,0,15,1,1,1.5235,58,5073,12,11,3
55,2,-2,21,3,0,0,21,1,1,2.0710,53,4020,8,10,1
55,2,-1,31,5,0,0,31,1,1,3.2909,63,4602,9,6,1
55,2,0,32,4,0,0,32,1,1,0.9209,48,2868,5,3,0
55,2,1,19,5,0,0,19,1,1,1.0709,36,2132,7,5,1
55,2,2,17,3,0,0,17,1,1,0.3115,19,1112,0,2,0
55,2,3,23,5,0,0,23,1,1,0.6509,29,1496,1,2,0
55,2,4,18,5,0,0,18,1,1,0.3309,24,1499,0,2,0
55,2,5,22,6,0,0,22,1,1,3.2809,38,2215,6,4,1
55,3,-6,25,4,39,39,25,1,1,3.3432,74,6724,7,8,1
55,3,-5,19,5,4,4,19,1,1,2.9518,76,7017,11,11,2
55,3,-4,27,7,0,0,27,1,1,1.7711,72,6665,4,5,0
55,3,-3,25,6,0,0,25,1,1,1.9528,69,6486,9,8,1
55,3,-2,22,7,0,0,22,1,1,1.0409,51,4249,2,4,0
55,3,-1,16,5,0,0,16,1,1,1.3431,41,3495,7,9,1
55,3,0,20,7,0,0,20,1,1,0.9409,39,2880,3,3,0
55,3,1,22,3,0,0,22,1,1,0.6213,41,3313,1,3,0
55,4,-3,24,6,0,0,24,1,1,3.1926,70,6578,7,6,1
56,-7,6,23,4,0,0,23,1,1,0.3311,25,1480,0,2,0
56,-7,7,19,10,0,0,19,1,1,0.8909,24,1152,4,2,0
56,-7,8,15,5,0,0,15,1,1,1.1109,26,1434,5,4,1
56,-6,2,23,7,0,0,23,1,1,0.2109,22,918,0,1,0
56,-6,3,23,5,0,0,23,1,1,0.4109,23,812,1,2,0
56,-6,4,24,3,0,0,24,1,1,0.7509,29,1021,6,3,0
56,-6,5,15,5,0,0,15,1,1,0.9309,19,560,3,4,1
56,-6,6,18,7,0,0,12,0,1,-1.0000,194,3612,177,177,0
56,-6,7,20,4,0,0,20,1,1,0.4923,21,1052,2,3,0
56,-6,8,21,5,0,0,21,1,1,2.5909,35,2039,8,4,2
56,-5,-2,25,5,0,0,25,1,1,1.9110,50,3805,7,5,1
56,-5,-1,36,3,0,0,36,1,1,1.8810,68,4646,6,5,1
56,-5,0,29,3,0,0,29,1,1,0.2714,28,1548,0,1,0
56,-5,1,21,7,0,0,21,1,1,1.9609,25,827,3,4,1
56,-5,2,19,7,0,0,19,1,1,0.1709,18,435,0,1,0
56,-5,3,24,7,0,0,24,1,1,0.4509,25,555,2,2,0
56,-5,4,24,8,0,0,24,1,1,5.0509,33,774,8,4,2
56,-5,5,21,7,0,0,21,1,1,0.8010,28,745,7,4,1
56,-5,6,22,5,0,0,22,1,1,0.8309,24,775,3,4,1
56,-5,7,28,7,0,0,28,1,1,0.5309,30,990,3,2,0
56,-5,8,18,4,0,0,18,1,1,0.8409,23,1213,4,4,1
56,-5,9,16,5,0,0,16,1,1,0.4311,20,1171,1,3,0
56,-4,-3,25,7,0,0,25,1,1,2.3509,68,5430,10,7,2
56,-4,-2,16,5,0,0,16,1,1,0.4209,24,1679,1,3,0
56,-4,-1,26,4,0,0,26,1,1,0.7309,31,1743,3,3,0
56,-4,0,24,6,0,0,24,1,1,0.6009,25,969,2,3,0
56,-4,1,21,6,0,0,21,1,1,0.1909,20,474,0,1,0
56,-4,2,12,9,0,0,12,1,1,2.0809,14,247,3,4,1
56,-4,3,20,7,0,0,20,1,1,0.3409,20,375,1,2,0
56,-4,4,20,5,0,0,20,1,1,0.7509,27,526,5,4,1
56,-4,5,23,4,0,0,23,1,1,0.4309,24,533,2,2,0
56,-4,6,25,4,0,0,25,1,1,0.2309,24,615,0,1,0
56,-4,7,13,3,0,0,13,1,1,0.1109,12,382,0,1,0
56,-4,8,25,7,0,0,25,1,1,0.4509,25,1124,1,2,0
56,-3,-3,13,6,0,0,13,1,1,0.4509,23,1725,1,4,0
56,-3,-2,20,7,0,0,20,1,1,0.9513,33,1926,4,5,1
56,-3,-1,13,2,0,0,13,1,1,0.3810,15,678,3,4,0
56,-3,0,23,6,0,0,23,1,1,0.5709,24,671,2,3,0
56,-3,1,20,4,0,0,20,1,1,0.2709,20,418,1,2,0
56,-3,2,18,5,0,0,18,1,1,0.2509,18,308,1,2,0
56,-3,3,22,5,0,0,22,1,1,0.2009,21,382,0,1,0
56,-3,4,23,6,0,0,23,1,1,0.3809,24,436,2,2,0
56,-3,5,15,4,0,0,15,1,1,0.1310,14,255,0,1,0
56,-3,6,20,5,0,0,20,1,1,0.1910,20,448,1,2,0
56,-3,7,23,5,0,0,23,1,1,1.0809,26,753,4,4,0
56,-2,-3,19,6,0,0,19,1,1,0.8729,36,2932,5,5,0
56,-2,-2,20,7,0,0,20,1,1,0.3709,24,1223,1,2,0
56,-2,-1,20,5,0,0,20,1,1,0.1830,19,943,0,1,0
56,-2,0,23,5,0,0,23,1,1,0.4309,24,710,2,2,0
56,-2,1,35,4,0,0,35,1,1,0.8610,37,956,3,3,0
56,-2,2,24,4,0,0,24,1,1,0.4409,24,454,1,2,0
56,-2,3,20,7,0,0,20,1,1,0.1809,19,332,0,1,0
56,-2,4,24,5,0,0,24,1,1,0.6509,26,472,3,3,0
56,-2,5,17,5,0,0,17,1,1,0.9009,23,442,5,5,1
56,-2,6,27,5,0,0,27,1,1,0.3309,28,714,2,2,0
56,-2,7,22,5,0,0,22,1,1,0.4009,23,780,2,2,0
56,-1,-4,17,5,0,0,17,1,1,0.9635,42,3583,3,6,1
56,-1,-3,21,7,0,0,21,1,1,0.5909,36,2578,2,3,0
56,-1,-2,24,7,0,0,24,1,1,0.6709,34,1997,2,3,0
56,-1,-1,14,4,0,0,14,1,1,0.8709,16,686,3,4,1
56,-1,0,23,7,0,0,23,1,1,0.2113,22,639,0,1,0
56,-1,1,22,8,0,0,22,1,1,0.3809,22,483,1,2,0
56,-1,2,17,10,0,0,17,1,1,1.7509,20,392,4,4,1
56,-1,3,25,4,0,0,25,1,1,0.4309,25,510,1,2,0
56,-1,4,20,7,0,0,20,1,1,0.2809,20,373,1,2,0
56,-1,5,22,10,0,0,22,1,1,1.6709,29,588,7,4,1
56,-1,6,21,5,0,0,21,1,1,0.9609,24,737,3,4,1
56,0,-4,22,4,0,0,22,1,1,1.8929,59,5111,7,10,1
56,0,-3,18,4,0,0,18,1,1,0.4514,32,2435,0,3,0
56,0,-2,16,4,0,0,16,1,1,0.7709,28,1783,5,4,1
56,0,-1,21,5,0,0,21,1,1,0.3209,23,1180,0,2,0
56,0,0,27,5,0,0,27,1,1,0.4509,28,1267,2,2,0
56,0,1,13,3,0,0,13,1,1,0.1122,12,417,0,1,0
56,0,2,21,5,0,0,21,1,1,0.2509,21,558,1,2,0
56,0,3,22,4,0,0,22,1,1,0.3409,23,549,2,2,0
56,0,4,25,7,0,0,25,1,1,0.5009,28,828,4,3,0
56,0,5,17,7,0,0,17,1,1,0.3109,17,529,1,2,0
56,0,6,24,3,0,0,24,1,1,0.8709,29,1794,5,4,1
56,1,-5,13,4,4,4,13,1,1,0.7111,32,2903,0,3,0
56,1,-4,27,5,0,0,27,1,1,2.1513,73,6393,9,5,1
56,1,-3,22,5,0,0,22,1,1,1.0910,41,3209,2,4,0
56,1,-2,24,5,0,0,24,1,1,1.8309,63,4455,12,7,1
56,1,-1,20,5,0,0,20,1,1,0.7509,29,1900,3,3,0
56,1,0,18,4,0,0,18,1,1,0.5809,22,1201,3,3,0
56,1,1,21,4,0,0,21,1,1,0.1909,20,1029,0,1,0
56,1,2,27,5,0,0,27,1,1,0.5609,29,1466,3,3,0
56,1,3,17,6,0,0,17,1,1,0.2909,18,751,2,2,0
56,1,4,18,7,0,0,18,1,1,0.1809,18,870,1,2,0
56,1,5,19,5,0,0,19,1,1,0.3512,21,982,1,2,0
56,2,-5,18,7,1,1,18,1,1,2.8421,58,4944,11,12,0
56,2,-4,23,4,0,0,23,1,1,3.4010,88,7988,17,11,2
56,2,-3,15,4,0,0,15,1,1,0.9409,41,3572,7,6,1
56,2,-2,21,3,0,0,21,1,1,0.6710,37,2866,0,3,0
56,2,-1,31,5,0,0,31,1,1,1.1909,55,4245,2,3,0
56,2,0,32,4,0,0,32,1,1,0.9209,49,2966,3,3,0
56,2,1,19,5,0,0,19,1,1,0.3509,25,1459,0,2,0
56,2,2,17,3,0,0,17,1,1,0.4714,21,1146,2,2,0
56,2,3,23,5,0,0,23,1,1,1.5312,34,1626,4,4,1
56,2,4,18,5,0,0,18,1,1,0.5009,26,1552,2,2,0
56,2,5,22,6,0,0,22,1,1,0.7609,35,2291,3,3,0
56,3,-6,25,4,44,44,25,1,1,1.9327,73,6646,7,8,1
56,3,-5,19,5,5,5,19,1,1,1.9625,61,5847,8,8,1
56,3,-4,27,7,1,1,27,1,1,2.5511,78,7229,6,6,1
56,3,-3,25,6,0,0,25,1,1,1.9020,68,6337,8,7,1
56,3,-2,22,7,0,0,22,1,1,3.3509,68,5654,8,7,2
56,3,-1,16,5,0,0,16,1,1,0.8809,38,3179,9,5,0
56,3,0,20,7,0,0,20,1,1,0.7509,37,2729,1,4,0
56,3,1,22,3,0,0,22,1,1,1.2209,46,3832,7,6,0
56,4,-3,24,6,0,0,24,1,1,3.8824,76,6961,11,12,1
57,-7,6,23,4,0,0,23,1,1,2.1909,31,1606,5,4,1
57,-7,7,19,10,0,0,19,1,1,0.7109,23,1090,3,2,0
57,-7,8,15,5,0,0,15,1,1,0.4109,22,1245,2,2,0
57,-6,2,23,7,0,0,23,1,1,0.4309,23,979,1,2,0
57,-6,3,23,5,0,0,23,1,1,1.5109,29,916,6,4,1
57,-6,4,24,3,0,0,24,1,1,1.1509,29,930,5,4,1
57,-6,5,15,5,0,0,15,1,1,0.2309,15,478,1,2,0
57,-6,6,18,7,0,0,18,1,1,0.1609,17,683,0,1,0
57,-6,7,20,4,0,0,20,1,1,0.1809,19,930,0,1,0
57,-6,8,21,5,0,0,21,1,1,0.7909,29,1911,3,4,0
57,-5,-2,25,5,0,0,25,1,1,1.7509,59,4498,10,7,1
57,-5,-1,36,3,0,0,36,1,1,2.7210,77,5025,13,5,3
57,-5,0,29,3,0,0,29,1,1,0.6209,32,1813,4,2,0
57,-5,1,21,7,0,0,21,1,1,0.1921,20,711,0,1,0
57,-5,2,19,7,0,0,19,1,1,0.1709,18,464,0,1,0
57,-5,3,24,7,0,0,24,1,1,1.1409,29,629,4,4,1
57,-5,4,24,8,0,0,24,1,1,0.2209,23,521,0,1,0
57,-5,5,21,7,0,0,21,1,1,0.3709,21,525,1,2,0
57,-5,6,22,5,0,0,22,1,1,0.6209,24,693,3,3,0
57,-5,7,28,7,0,0,28,1,1,0.5109,28,931,1,2,0
57,-5,8,18,4,0,0,18,1,1,0.2510,19,947,2,2,0
57,-5,9,16,5,0,0,16,1,1,0.2916,20,1082,1,2,0
57,-4,-3,25,7,0,0,25,1,1,1.3909,52,4109,1,3,0
57,-4,-2,16,5,0,0,16,1,1,0.8709,31,2172,4,5,1
57,-4,-1,26,4,0,0,26,1,1,0.5909,30,1682,2,2,0
57,-4,0,24,6,0,0,24,1,1,0.2209,23,829,0,1,0
57,-4,1,21,6,0,0,21,1,1,0.1909,20,494,0,1,0
57,-4,2,12,9,0,0,12,1,1,0.1009,11,186,0,1,0
57,-4,3,20,7,0,0,20,1,1,0.5309,22,415,3,3,0
57,-4,4,20,5,0,0,20,1,1,0.3709,21,415,2,2,0
57,-4,5,23,4,0,0,23,1,1,0.4309,23,510,1,2,0
57,-4,6,25,4,0,0,25,1,1,0.2309,24,621,0,1,0
57,-4,7,13,3,0,0,13,1,1,0.1109,12,393,0,1,0
57,-4,8,25,7,0,0,25,1,1,0.7109,27,1250,3,3,0
57,-3,-3,13,6,0,0,13,1,1,0.9309,40,2840,10,8,0
57,-3,-2,20,7,0,0,20,1,1,0.5609,25,1618,2,3,0
57,-3,-1,13,2,0,0,12,0,1,-1.0000,261,14130,249,250,0
57,-3,0,23,6,0,0,23,1,1,0.3509,23,650,1,2,0
57,-3,1,20,4,0,0,20,1,1,0.4609,23,471,4,2,0
57,-3,2,18,5,0,0,18,1,1,1.6909,24,408,5,4,1
57,-3,3,22,5,0,0,22,1,1,1.2509,30,521,5,4,1
57,-3,4,23,6,0,0,23,1,1,0.2111,22,393,0,1,0
57,-3,5,15,4,0,0,15,1,1,0.1309,14,249,0,1,0
57,-3,6,20,5,0,0,20,1,1,1.8909,23,481,3,4,1
57,-3,7,23,5,0,0,23,1,1,0.4209,24,710,2,2,0
57,-2,-3,19,6,0,0,19,1,1,0.4909,32,2423,1,3,0
57,-2,-2,20,7,0,0,20,1,1,3.5109,27,1233,3,4,1
57,-2,-1,20,5,0,0,20,1,1,0.1828,19,942,0,1,0
57,-2,0,23,5,0,0,23,1,1,0.2414,23,700,1,2,0
57,-2,1,35,4,0,0,35,1,1,1.2010,41,1054,6,4,1
57,-2,2,24,4,0,0,24,1,1,0.5409,26,516,3,3,0
57,-2,3,20,7,0,0,20,1,1,1.8909,23,391,4,4,1
57,-2,4,24,5,0,0,24,1,1,1.1509,28,501,4,4,1
57,-2,5,17,5,0,0,17,1,1,0.3109,17,322,1,2,0
57,-2,6,27,5,0,0,27,1,1,0.6409,29,762,3,3,0
57,-2,7,22,5,0,0,22,1,1,0.4009,23,746,2,2,0
57,-1,-4,17,5,0,0,17,1,1,5.3610,80,4789,38,29,1
57,-1,-3,21,7,0,0,21,1,1,1.3909,44,3142,6,5,1
57,-1,-2,24,7,0,7,2,0,0,-1.0000,161,3944,129,129,0
57,-1,-1,14,4,0,0,14,1,1,0.1209,13,638,0,1,0
57,-1,0,23,7,0,0,23,1,1,0.8209,27,944,5,4,0
57,-1,1,22,8,0,0,22,1,1,0.2009,21,467,0,1,0
57,-1,2,17,10,0,0,17,1,1,0.3109,17,369,1,2,0
57,-1,3,25,4,0,0,25,1,1,0.3909,26,529,2,2,0
57,-1,4,20,7,0,0,20,1,1,0.1809,19,372,0,1,0
57,-1,5,22,10,0,0,22,1,1,2.5109,33,631,12,11,0
57,-1,6,21,5,0,0,21,1,1,1.9609,25,638,4,4,1
57,0,-4,22,4,0,0,22,1,1,0.8009,51,4501,1,4,0
57,0,-3,18,4,0,0,18,1,1,0.5009,32,2514,2,3,0
57,0,-2,16,4,0,0,16,1,1,1.2809,33,2090,7,4,1
57,0,-1,21,5,0,0,21,1,1,0.5209,24,1310,1,3,0
57,0,0,27,5,0,0,27,1,1,0.3809,27,1170,1,2,0
57,0,1,13,3,0,0,13,1,1,0.1121,12,444,0,1,0
57,0,2,21,5,0,0,21,1,1,0.1914,20,552,0,1,0
57,0,3,22,4,0,0,22,1,1,0.5509,23,529,2,3,0
57,0,4,25,7,0,0,25,1,1,0.2309,24,764,0,1,0
57,0,5,17,7,0,0,17,1,1,0.3109,17,476,1,2,0
57,0,6,24,3,0,0,24,1,1,0.9409,28,1679,3,4,1
57,1,-5,13,4,2,2,13,1,1,0.7110,34,3088,2,5,0
57,1,-4,27,5,0,0,27,1,1,1.5509,70,5978,8,5,0
57,1,-3,22,5,0,0,22,1,1,1.5109,44,3126,4,4,1
57,1,-2,24,5,0,0,24,1,1,0.9109,44,3148,1,4,0
57,1,-1,20,5,0,0,20,1,1,1.1309,35,2103,4,4,1
57,1,0,18,4,0,0,18,1,1,0.4109,20,1029,1,2,0
57,1,1,21,4,0,0,21,1,1,0.5509,22,1196,2,3,0
57,1,2,27,5,0,0,27,1,1,1.6009,34,1551,5,4,1
57,1,3,17,6,0,0,17,1,1,0.1526,16,721,0,1,0
57,1,4,18,7,0,0,18,1,1,0.7010,21,1015,3,4,1
57,1,5,19,5,0,0,19,1,1,1.1109,26,1234,4,4,1
57,2,-5,18,7,1,1,18,1,1,1.1824,42,3771,1,4,0
57,2,-4,23,4,0,0,23,1,1,2.5210,78,7072,14,11,2
57,2,-3,15,4,0,0,15,1,1,0.6609,38,3255,4,4,0
57,2,-2,21,3,0,0,21,1,1,0.9112,43,3507,6,5,0
57,2,-1,31,5,0,0,31,1,1,2.9909,61,4452,5,4,1
57,2,0,32,4,0,0,32,1,1,0.6109,44,2734,0,2,0
57,2,1,19,5,0,0,19,1,1,0.7109,27,1671,3,4,0
57,2,2,17,3,0,0,17,1,1,0.3114,19,1119,0,2,0
57,2,3,23,5,0,0,23,1,1,0.9609,30,1629,3,5,0
57,2,4,18,5,0,0,18,1,1,0.8711,35,2145,7,5,2
57,2,5,22,6,0,0,22,1,1,1.3909,41,2683,8,5,1
57,3,-6,25,4,40,40,25,1,1,2.1434,66,5897,6,5,0
57,3,-5,19,5,8,8,19,1,1,1.6921,50,4642,1,3,0
57,3,-4,27,7,0,0,27,1,1,3.5910,97,8143,9,9,1
57,3,-3,25,6,0,0,25,1,1,2.4325,83,7795,12,10,2
57,3,-2,22,7,0,0,22,1,1,1.0409,51,4263,2,5,0
57,3,-1,16,5,0,0,16,1,1,0.8809,32,2515,2,3,0
57,3,0,20,7,0,0,20,1,1,1.7009,49,3458,5,7,1
57,3,1,22,3,0,0,22,1,1,2.5111,61,5024,11,12,3
57,4,-3,24,6,0,0,24,1,1,2.5023,68,6315,5,4,0
58,-7,6,23,4,0,0,23,1,1,0.4309,25,1583,2,2,0
58,-7,7,19,10,0,0,19,1,1,0.3509,20,1061,1,2,0
58,-7,8,15,5,0,0,15,1,1,0.8609,25,1324,4,4,1
58,-6,2,23,7,0,0,23,1,1,1.0909,28,1193,3,4,1
58,-6,3,23,5,0,0,23,1,1,0.5009,24,858,2,2,0
58,-6,4,24,3,0,0,24,1,1,1.5509,29,911,5,4,1
58,-6,5,15,5,0,0,15,1,1,0.1321,14,460,0,1,0
58,-6,6,18,7,0,0,18,1,1,3.1520,22,791,4,4,1
58,-6,7,20,4,0,0,20,1,1,0.1809,19,943,0,1,0
58,-6,8,21,5,0,0,21,1,1,0.5909,27,1628,1,2,0
58,-5,-2,25,5,0,0,25,1,1,1.1910,44,3417,3,4,0
58,-5,-1,36,3,0,0,36,1,1,1.3210,61,4116,5,4,0
58,-5,0,29,3,0,0,29,1,1,0.8611,31,1691,3,4,0
58,-5,1,21,7,0,0,21,1,1,0.5609,22,776,2,2,0
58,-5,2,19,7,0,0,19,1,1,0.1709,18,449,0,1,0
58,-5,3,24,7,0,0,24,1,1,0.4509,25,581,2,2,0
58,-5,4,24,8,0,0,24,1,1,0.5109,26,605,3,3,0
58,-5,5,21,7,0,0,21,1,1,0.1909,20,494,0,1,0
58,-5,6,22,5,0,0,22,1,1,0.9209,26,795,3,4,1
58,-5,7,28,7,0,0,28,1,1,0.5109,28,974,1,2,0
58,-5,8,18,4,0,0,18,1,1,0.1609,17,844,0,1,0
58,-5,9,16,5,0,0,16,1,1,0.4311,21,1112,1,3,0
58,-4,-3,25,7,0,0,25,1,1,2.1524,58,4639,7,9,0
58,-4,-2,16,5,0,0,16,1,1,0.4209,24,1629,1,2,0
58,-4,-1,26,4,0,0,26,1,1,2.4809,32,1593,3,4,1
58,-4,0,24,6,0,0,24,1,1,1.2909,30,946,6,4,1
58,-4,1,21,6,0,0,21,1,1,0.2109,21,539,1,2,0
58,-4,2,12,9,0,0,12,1,1,2.0809,15,255,4,4,1
58,-4,3,20,7,0,0,20,1,1,3.5711,30,539,8,4,2
58,-4,4,20,5,0,0,20,1,1,1.5109,27,513,7,5,1
58,-4,5,23,4,0,0,23,1,1,0.4512,25,598,3,3,0
58,-4,6,25,4,0,0,25,1,1,0.4709,25,627,1,2,0
58,-4,7,13,3,0,0,13,1,1,0.2309,14,467,2,2,0
58,-4,8,25,7,0,0,25,1,1,0.6909,26,1207,2,2,0
58,-3,-3,13,6,0,0,13,1,1,0.3309,23,1700,1,3,0
58,-3,-2,20,7,0,0,20,1,1,0.9513,30,1869,4,4,1
58,-3,-1,13,2,0,0,13,1,1,0.1109,12,623,0,1,0
58,-3,0,23,6,0,0,23,1,1,1.2309,32,890,5,5,1
58,-3,1,20,4,0,0,20,1,1,0.1809,19,425,0,1,0
58,-3,2,18,5,0,0,18,1,1,1.5409,26,446,8,5,1
58,-3,3,22,5,0,0,22,1,1,0.2009,21,368,0,1,0
58,-3,4,23,6,0,0,23,1,1,2.7309,32,548,8,5,2
58,-3,5,15,4,0,0,15,1,1,0.4009,17,307,3,3,0
58,-3,6,20,5,0,0,20,1,1,0.1809,19,410,0,1,0
58,-3,7,23,5,0,0,23,1,1,0.4209,23,671,1,2,0
58,-2,-3,19,6,0,0,19,1,1,2.6534,38,2788,3,4,1
58,-2,-2,20,7,0,0,20,1,1,2.3709,29,1359,3,4,1
58,-2,-1,20,5,0,0,20,1,1,0.5109,21,997,2,2,0
58,-2,0,23,5,0,0,23,1,1,2.1909,28,762,5,4,1
58,-2,1,35,4,0,0,35,1,1,1.5410,44,1081,8,4,1
58,-2,2,24,4,0,0,24,1,1,0.3809,24,450,1,2,0
58,-2,3,20,7,0,0,20,1,1,0.1809,19,339,0,1,0
58,-2,4,24,5,0,0,24,1,1,0.8809,29,545,5,4,1
58,-2,5,17,5,0,0,17,1,1,0.1509,16,318,0,1,0
58,-2,6,27,5,0,0,27,1,1,0.5009,27,696,1,2,0
58,-2,7,22,5,0,0,22,1,1,0.3509,23,790,2,2,0
58,-1,-4,17,5,0,0,17,1,1,1.2612,42,3484,5,8,0
58,-1,-3,21,7,0,0,21,1,1,0.7909,36,2640,3,4,0
58,-1,-2,24,7,0,0,24,1,1,2.0509,38,2100,5,4,1
58,-1,-1,14,4,0,0,14,1,1,0.1209,13,625,0,1,0
58,-1,0,23,7,0,0,23,1,1,0.2114,22,647,0,1,0
58,-1,1,22,8,0,0,22,1,1,0.5909,23,496,2,3,0
58,-1,2,17,10,0,0,17,1,1,0.3109,17,353,1,2,0
58,-1,3,25,4,0,0,25,1,1,0.6309,27,571,3,2,0
58,-1,4,20,7,0,0,20,1,1,1.3012,22,425,3,4,1
58,-1,5,22,10,0,0,22,1,1,1.0409,26,574,4,4,1
58,-1,6,21,5,0,0,21,1,1,0.3809,22,616,2,2,0
58,0,-4,22,4,0,0,22,1,1,1.1128,56,4945,5,5,0
58,0,-3,18,4,0,0,18,1,1,1.1809,36,2617,3,4,1
58,0,-2,16,4,0,0,16,1,1,0.4311,25,1724,2,3,0
58,0,-1,21,5,0,0,21,1,1,2.3211,30,1556,5,4,1
58,0,0,27,5,0,0,27,1,1,0.3809,27,1160,1,2,0
58,0,1,13,3,0,0,13,1,1,0.1124,12,448,0,1,0
58,0,2,21,5,0,0,21,1,1,0.1913,20,553,0,1,0
58,0,3,22,4,0,0,22,1,1,0.6209,27,656,6,3,0
58,0,4,25,7,0,0,25,1,1,0.4709,27,853,3,2,0
58,0,5,17,7,0,0,17,1,1,0.1509,16,476,0,1,0
58,0,6,24,3,0,0,24,1,1,0.4109,24,1399,1,2,0
58,1,-5,13,4,3,3,13,1,1,0.7110,32,2924,0,3,0
58,1,-4,27,5,0,0,27,1,1,1.5509,67,5910,5,6,0
58,1,-3,22,5,0,0,22,1,1,1.7009,46,3673,5,5,1
58,1,-2,24,5,0,0,24,1,1,1.6009,58,4268,8,6,1
58,1,-1,20,5,0,0,20,1,1,1.8909,31,1782,3,4,1
58,1,0,18,4,0,0,18,1,1,0.2909,20,1008,1,2,0
58,1,1,21,4,0,0,21,1,1,0.5509,25,1280,4,3,0
58,1,2,27,5,0,0,27,1,1,0.7309,29,1499,3,3,0
58,1,3,17,6,0,0,17,1,1,0.2909,17,721,1,2,0
58,1,4,18,7,0,0,18,1,1,0.3309,19,853,2,2,0
58,1,5,19,5,0,0,19,1,1,0.3510,22,1006,2,2,0
58,2,-5,18,7,1,1,18,1,1,1.4820,47,4226,5,5,0
58,2,-4,23,4,0,0,23,1,1,1.3017,58,5380,1,3,0
58,2,-3,15,4,0,0,15,1,1,0.5209,35,2982,1,4,0
58,2,-2,21,3,0,0,21,1,1,1.2711,43,3273,7,4,0
58,2,-1,31,5,0,0,31,1,1,2.9909,60,4507,5,4,1
58,2,0,32,4,0,0,32,1,1,2.1609,49,2746,4,4,1
58,2,1,19,5,0,0,19,1,1,1.4309,36,2279,9,7,2
58,2,2,17,3,0,0,17,1,1,0.3114,20,1122,1,2,0
58,2,3,23,5,0,0,23,1,1,0.4309,27,1453,0,2,0
58,2,4,18,5,0,0,18,1,1,0.8409,28,1761,4,4,0
58,2,5,22,6,0,0,22,1,1,0.5509,33,2073,1,3,0
58,3,-6,25,4,38,38,25,1,1,1.9028,63,5705,3,5,0
58,3,-5,19,5,9,9,19,1,1,1.9626,55,5072,6,7,0
58,3,-4,27,7,0,0,27,1,1,1.5110,69,6351,1,4,0
58,3,-3,25,6,0,0,25,1,1,2.0217,67,6328,7,6,1
58,3,-2,22,7,0,0,22,1,1,2.5109,58,4915,5,5,1
58,3,-1,16,5,0,0,16,1,1,0.7309,31,2576,2,5,0
58,3,0,20,7,0,0,20,1,1,1.1432,42,3400,4,6,1
58,3,1,22,3,0,0,22,1,1,3.7409,65,5276,19,17,3
58,4,-3,24,6,0,0,24,1,1,2.5022,66,6112,3,4,0
59,-7,6,23,4,0,0,23,1,1,0.4614,29,1639,3,3,0
59,-7,7,19,10,0,0,19,1,1,0.5309,22,1037,1,2,0
59,-7,8,15,5,0,0,15,1,1,1.2509,28,1539,7,8,2
59,-6,2,23,7,0,0,23,1,1,0.6509,24,1060,2,3,0
59,-6,3,23,5,0,0,23,1,1,0.5309,25,928,3,3,0
59,-6,4,24,3,0,0,24,1,1,1.1409,39,1332,13,4,3
59,-6,5,15,5,0,0,15,1,1,0.1322,14,478,0,1,0
59,-6,6,18,7,0,0,18,1,1,0.1609,17,658,0,1,0
59,-6,7,20,4,0,0,20,1,1,0.1809,19,938,0,1,0
59,-6,8,21,5,0,0,21,1,1,0.5909,27,1765,2,3,0
59,-5,-2,25,5,0,0,25,1,1,1.5111,46,3499,5,5,0
59,-5,-1,36,3,0,0,36,1,1,1.3619,61,4251,5,4,0
59,-5,0,29,3,0,0,29,1,1,0.2716,28,1575,0,1,0
59,-5,1,21,7,0,0,21,1,1,0.1925,20,725,0,1,0
59,-5,2,19,7,0,0,19,1,1,0.4109,20,514,2,3,0
59,-5,3,24,7,0,0,24,1,1,0.9109,28,669,3,4,1
59,-5,4,24,8,0,0,24,1,1,0.4509,24,528,1,2,0
59,-5,5,21,7,0,0,21,1,1,1.3709,28,596,6,5,1
59,-5,6,22,5,0,0,22,1,1,0.2009,21,640,0,1,0
59,-5,7,28,7,0,0,28,1,1,0.7809,29,960,2,2,0
59,-5,8,18,4,0,0,18,1,1,0.3309,19,1003,2,2,0
59,-5,9,16,5,0,0,16,1,1,0.5509,21,1286,2,4,0
59,-4,-3,25,7,0,0,25,1,1,2.3509,61,4900,6,6,1
59,-4,-2,16,5,0,0,16,1,1,0.9009,28,1787,4,4,1
59,-4,-1,26,4,0,0,26,1,1,0.8409,33,1819,5,3,0
59,-4,0,24,6,0,0,24,1,1,0.2209,23,822,0,1,0
59,-4,1,21,6,0,0,21,1,1,0.8509,24,554,3,4,1
59,-4,2,12,9,0,0,12,1,1,0.2109,12,200,1,2,0
59,-4,3,20,7,0,0,20,1,1,1.8609,24,443,3,4,1
59,-4,4,20,5,0,0,20,1,1,0.3709,20,376,1,2,0
59,-4,5,23,4,0,0,23,1,1,0.2109,22,509,0,1,0
59,-4,6,25,4,0,0,25,1,1,0.3314,26,680,2,2,0
59,-4,7,13,3,0,0,13,1,1,0.2909,15,523,3,2,0
59,-4,8,25,7,0,0,25,1,1,1.1709,32,1594,3,4,1
59,-3,-3,13,6,0,0,13,1,1,0.4509,24,1842,2,4,0
59,-3,-2,20,7,0,0,20,1,1,3.2209,33,1931,6,4,1
59,-3,-1,13,2,0,0,13,1,1,0.6209,23,1055,9,4,2
59,-3,0,23,6,0,0,23,1,1,0.4109,24,662,2,2,0
59,-3,1,20,4,0,0,20,1,1,0.1809,19,408,0,1,0
59,-3,2,18,5,0,0,18,1,1,0.4209,19,338,2,2,0
59,-3,3,22,5,0,0,22,1,1,0.8309,24,414,3,3,0
59,-3,4,23,6,0,0,23,1,1,0.8609,30,533,6,4,2
59,-3,5,15,4,0,0,15,1,1,0.1511,15,275,1,2,0
59,-3,6,20,5,0,0,20,1,1,0.3709,20,433,1,2,0
59,-3,7,23,5,0,0,23,1,1,2.8409,29,745,6,6,1
59,-2,-3,19,6,0,0,19,1,1,3.7530,64,5382,25,21,1
59,-2,-2,20,7,0,0,20,1,1,0.6609,29,1412,5,3,0
59,-2,-1,20,5,0,0,20,1,1,0.2609,20,978,1,2,0
59,-2,0,23,5,0,0,23,1,1,0.8709,26,786,3,4,1
59,-2,1,35,4,0,0,35,1,1,1.2010,38,962,4,3,0
59,-2,2,24,4,0,0,24,1,1,0.4409,25,474,2,2,0
59,-2,3,20,7,0,0,20,1,1,0.1809,19,342,0,1,0
59,-2,4,24,5,0,0,24,1,1,0.4409,24,445,1,2,0
59,-2,5,17,5,0,0,17,1,1,0.4209,18,326,2,3,0
59,-2,6,27,5,0,0,27,1,1,0.3309,27,694,1,2,0
59,-2,7,22,5,0,0,22,1,1,0.6909,24,772,3,3,0
59,-1,-4,17,5,0,0,17,1,1,2.0009,45,3274,10,8,0
59,-1,-3,21,7,0,0,21,1,1,0.5909,33,2419,0,3,0
59,-1,-2,24,7,0,0,24,1,1,2.5109,49,2719,9,8,1
59,-1,-1,14,4,0,0,14,1,1,0.1209,13,637,0,1,0
59,-1,0,23,7,0,0,23,1,1,0.8209,26,737,4,2,0
59,-1,1,22,8,0,0,22,1,1,2.6909,26,554,4,4,1
59,-1,2,17,10,0,0,17,1,1,0.1509,16,324,0,1,0
59,-1,3,25,4,0,0,25,1,1,1.1109,30,635,3,4,1
59,-1,4,20,7,0,0,20,1,1,0.8509,28,503,8,4,1
59,-1,5,22,10,0,0,22,1,1,0.2009,21,436,0,1,0
59,-1,6,21,5,0,0,21,1,1,0.5609,22,601,2,2,0
59,0,-4,22,4,0,0,22,1,1,1.0109,52,4651,3,5,0
59,0,-3,18,4,0,0,18,1,1,0.7117,36,2763,4,5,0
59,0,-2,16,4,0,0,16,1,1,0.4710,27,1839,4,4,0
59,0,-1,21,5,0,0,21,1,1,2.5228,28,1311,3,4,1
59,0,0,27,5,0,0,27,1,1,0.4509,27,1167,1,2,0
59,0,1,13,3,0,0,13,1,1,0.1123,12,460,0,1,0
59,0,2,21,5,0,0,21,1,1,1.9809,29,763,7,4,1
59,0,3,22,4,0,0,22,1,1,0.2609,22,541,1,2,0
59,0,4,25,7,0,0,25,1,1,1.4409,30,874,5,4,1
59,0,5,17,7,0,0,17,1,1,0.1509,16,480,0,1,0
59,0,6,24,3,0,0,24,1,1,0.4509,26,1487,3,2,0
59,1,-5,13,4,1,1,13,1,1,0.9509,35,3106,3,4,0
59,1,-4,27,5,0,0,27,1,1,2.1527,71,6374,8,9,1
59,1,-3,22,5,0,0,22,1,1,1.5110,53,3960,10,7,1
59,1,-2,24,5,0,0,24,1,1,2.7509,55,3835,8,5,2
59,1,-1,20,5,0,0,20,1,1,0.5829,27,1861,3,4,0
59,1,0,18,4,0,0,18,1,1,0.5809,21,1035,2,3,0
59,1,1,21,4,0,0,21,1,1,0.4909,22,1107,2,3,0
59,1,2,27,5,0,0,27,1,1,0.4709,27,1329,1,2,0
59,1,3,17,6,0,0,17,1,1,0.1526,16,691,0,1,0
59,1,4,18,7,0,0,18,1,1,0.1609,17,770,0,1,0
59,1,5,19,5,0,0,19,1,1,0.2712,20,975,0,2,0
59,2,-5,18,7,1,1,18,1,1,1.3120,43,3857,1,4,0
59,2,-4,23,4,0,0,23,1,1,1.5211,59,5456,2,4,0
59,2,-3,15,4,0,0,15,1,1,0.9409,41,3279,6,5,1
59,2,-2,21,3,0,0,21,1,1,0.8711,38,2930,1,3,0
59,2,-1,31,5,0,0,31,1,1,0.6809,54,4242,0,3,0
59,2,0,32,4,0,0,32,1,1,2.2112,54,3295,5,4,1
59,2,1,19,5,0,0,19,1,1,0.7109,26,1497,2,3,0
59,2,2,17,3,0,0,17,1,1,1.0509,25,1235,4,4,1
59,2,3,23,5,0,0,23,1,1,0.6509,31,1715,3,3,0
59,2,4,18,5,0,0,18,1,1,0.4409,25,1529,1,2,0
59,2,5,22,6,0,0,22,1,1,3.9109,45,2618,13,6,1
59,3,-6,25,4,33,33,25,1,1,3.3434,74,6816,4,7,1
59,3,-5,19,5,5,5,19,1,1,3.3109,63,5921,6,7,1
59,3,-4,27,7,0,0,27,1,1,2.2910,80,7142,3,8,1
59,3,-3,25,6,0,0,25,1,1,2.5334,76,7228,11,8,1
59,3,-2,22,7,0,0,22,1,1,1.6709,59,4766,5,6,1
59,3,-1,16,5,0,0,16,1,1,1.0412,42,3543,6,7,2
59,3,0,20,7,0,0,20,1,1,0.7509,36,2822,1,4,0
59,3,1,22,3,0,0,22,1,1,1.2812,52,4089,9,5,1
59,4,-3,24,6,0,0,24,1,1,2.5018,77,7400,10,9,1
60,-7,6,23,4,0,0,23,1,1,1.2115,38,2157,8,6,1
60,-7,7,19,10,0,0,19,1,1,1.7909,28,1143,8,8,0
60,-7,8,15,5,0,0,15,1,1,0.4109,23,1355,2,3,0
60,-6,2,23,7,0,0,23,1,1,0.2109,22,911,0,1,0
60,-6,3,23,5,0,0,23,1,1,0.4109,23,853,1,2,0
60,-6,4,24,3,0,0,24,1,1,0.8609,29,1028,5,4,1
60,-6,5,15,5,0,0,15,1,1,0.6810,20,676,5,5,0
60,-6,6,18,7,0,0,18,1,1,2.8109,22,760,4,4,1
60,-6,7,20,4,0,0,20,1,1,0.2821,21,999,2,2,0
60,-6,8,21,5,0,0,21,1,1,0.5909,30,1796,4,3,0
60,-5,-2,25,5,0,0,25,1,1,1.6710,47,3666,5,4,1
60,-5,-1,36,3,0,0,36,1,1,8.7518,96,6831,35,26,2
60,-5,0,29,3,0,0,29,1,1,0.3536,31,1735,3,2,0
60,-5,1,21,7,0,0,21,1,1,0.3609,21,749,1,2,0
60,-5,2,19,7,0,0,19,1,1,0.1709,18,449,0,1,0
60,-5,3,24,7,0,0,24,1,1,0.4509,24,540,1,2,0
60,-5,4,24,8,0,0,24,1,1,0.4509,24,530,1,2,0
60,-5,5,21,7,0,0,21,1,1,1.3709,34,766,11,4,2
60,-5,6,22,5,0,0,22,1,1,0.9209,27,800,4,4,1
60,-5,7,28,7,0,0,28,1,1,0.2610,27,904,0,1,0
60,-5,8,18,4,0,0,18,1,1,0.5009,19,942,2,2,0
60,-5,9,16,5,0,0,16,1,1,0.5509,23,1239,4,3,0
60,-4,-3,25,7,0,0,25,1,1,3.7909,68,5286,9,7,2
60,-4,-2,16,5,0,0,16,1,1,0.4209,24,1661,1,3,0
60,-4,-1,26,4,0,0,26,1,1,0.3538,27,1563,1,2,0
60,-4,0,24,6,0,0,24,1,1,0.9109,31,1150,6,4,1
60,-4,1,21,6,0,0,21,1,1,0.5909,23,565,3,2,0
60,-4,2,12,9,0,0,12,1,1,0.2109,12,200,1,2,0
60,-4,3,20,7,0,0,20,1,1,0.1812,19,363,0,1,0
60,-4,4,20,5,0,0,20,1,1,0.9409,24,443,3,4,1
60,-4,5,23,4,0,0,23,1,1,0.4713,24,558,2,3,0
60,-4,6,25,4,0,0,25,1,1,0.2309,24,586,0,1,0
60,-4,7,13,3,0,0,13,1,1,0.7709,16,464,3,4,1
60,-4,8,25,7,0,0,25,1,1,0.9309,30,1403,5,4,1
60,-3,-3,13,6,0,0,13,1,1,0.3309,22,1583,0,3,0
60,-3,-2,20,7,0,0,20,1,1,0.5609,27,1624,1,3,0
60,-3,-1,13,2,0,0,13,1,1,0.1409,13,695,1,2,0
60,-3,0,23,6,0,0,23,1,1,1.6709,33,901,8,5,1
60,-3,1,20,4,0,0,20,1,1,1.2209,26,521,6,4,1
60,-3,2,18,5,0,0,18,1,1,0.2509,18,335,1,2,0
60,-3,3,22,5,0,0,22,1,1,2.5711,25,435,3,4,1
60,-3,4,23,6,0,0,23,1,1,0.6009,25,441,3,3,0
60,-3,5,15,4,0,0,15,1,1,0.1310,14,250,0,1,0
60,-3,6,20,5,0,0,20,1,1,0.3709,20,433,1,2,0
60,-3,7,23,5,0,0,23,1,1,0.8609,27,767,3,4,1
60,-2,-3,19,6,0,0,19,1,1,1.2109,42,2991,4,5,1
60,-2,-2,20,7,0,0,20,1,1,0.4819,27,1345,3,3,0
60,-2,-1,20,5,0,0,20,1,1,0.2609,20,957,1,2,0
60,-2,0,23,5,0,0,23,1,1,0.4309,23,663,1,2,0
60,-2,1,35,4,0,0,35,1,1,0.6110,35,863,1,2,0
60,-2,2,24,4,0,0,24,1,1,0.6109,25,473,2,3,0
60,-2,3,20,7,0,0,20,1,1,0.9409,26,465,3,4,1
60,-2,4,24,5,0,0,24,1,1,0.4209,24,436,1,2,0
60,-2,5,17,5,0,0,17,1,1,0.4209,18,345,2,2,0
60,-2,6,27,5,0,0,27,1,1,0.8509,29,740,3,3,0
60,-2,7,22,5,0,0,22,1,1,0.3509,22,750,1,2,0
60,-1,-4,17,5,0,0,17,1,1,0.8810,39,3108,3,5,0
60,-1,-3,21,7,0,0,21,1,1,1.1909,41,2879,5,5,1
60,-1,-2,24,7,0,0,24,1,1,1.8209,36,2054,3,4,1
60,-1,-1,14,4,0,0,14,1,1,0.8709,17,684,4,5,1
60,-1,0,23,7,0,0,23,1,1,0.2509,23,676,1,2,0
60,-1,1,22,8,0,0,22,1,1,0.5909,24,531,3,2,0
60,-1,2,17,10,0,0,17,1,1,0.3109,17,352,1,2,0
60,-1,3,25,4,0,0,25,1,1,1.1109,32,650,5,4,1
60,-1,4,20,7,0,0,20,1,1,0.2809,21,391,2,2,0
60,-1,5,22,10,0,0,22,1,1,2.9309,32,622,10,8,1
60,-1,6,21,5,0,0,21,1,1,1.3609,25,659,3,4,1
60,0,-4,22,4,0,0,22,1,1,1.2209,59,5212,4,6,1
60,0,-3,18,4,0,0,18,1,1,1.2433,41,3265,4,7,1
60,0,-2,16,4,0,0,16,1,1,0.5309,24,1663,2,4,0
60,0,-1,21,5,0,0,21,1,1,0.3709,24,1253,1,2,0
60,0,0,27,5,0,0,27,1,1,0.6409,28,1267,2,3,0
60,0,1,13,3,0,0,13,1,1,0.8220,20,616,7,4,1
60,0,2,21,5,0,0,21,1,1,0.3809,21,559,1,2,0
60,0,3,22,4,0,0,22,1,1,0.9109,25,575,3,4,1
60,0,4,25,7,0,0,25,1,1,1.1909,33,1033,6,4,1
60,0,5,17,7,0,0,17,1,1,0.1509,16,474,0,1,0
60,0,6,24,3,0,0,24,1,1,0.4109,26,1474,3,2,0
60,1,-5,13,4,0,0,13,1,1,1.1909,40,3450,6,8,0
60,1,-4,27,5,0,0,27,1,1,2.0709,67,5680,4,4,0
60,1,-3,22,5,0,0,22,1,1,1.7211,52,4146,8,7,1
60,1,-2,24,5,0,0,24,1,1,1.1409,45,3106,2,3,0
60,1,-1,20,5,0,0,20,1,1,1.1309,35,2315,5,5,1
60,1,0,18,4,0,0,18,1,1,0.2909,20,1007,1,2,0
60,1,1,21,4,0,0,21,1,1,1.3909,27,1139,6,4,2
60,1,2,27,5,0,0,27,1,1,0.5022,29,1358,3,2,0
60,1,3,17,6,0,0,17,1,1,0.2909,17,732,1,2,0
60,1,4,18,7,0,0,18,1,1,0.3309,18,862,1,2,0
60,1,5,19,5,0,0,19,1,1,1.4209,27,1193,4,4,1
60,2,-5,18,7,2,2,18,1,1,3.5230,54,4800,10,5,1
60,2,-4,23,4,0,0,23,1,1,1.5626,62,5717,5,5,0
60,2,-3,15,4,0,0,15,1,1,0.8009,40,3322,6,5,0
60,2,-2,21,3,0,0,21,1,1,5.0214,63,3640,26,25,0
60,2,-1,31,5,0,0,31,1,1,0.8909,54,4216,1,3,0
60,2,0,32,4,0,0,32,1,1,3.0909,58,3052,9,4,2
60,2,1,19,5,0,0,19,1,1,0.3509,25,1442,0,2,0
60,2,2,17,3,0,0,17,1,1,0.4509,21,1322,2,3,0
60,2,3,23,5,0,0,23,1,1,0.4309,28,1445,0,2,0
60,2,4,18,5,0,0,18,1,1,0.7809,31,1861,4,4,1
60,2,5,22,6,0,0,22,1,1,0.4109,32,2024,0,2,0
60,3,-6,25,4,27,27,25,1,1,2.3832,73,6709,8,7,1
60,3,-5,19,5,2,2,19,1,1,2.1622,60,5648,11,13,0
60,3,-4,27,7,0,0,27,1,1,2.8633,87,8286,7,11,2
60,3,-3,25,6,0,0,25,1,1,2.4334,70,6655,10,11,1
60,3,-2,22,7,0,0,22,1,1,2.3122,63,5381,8,10,1
60,3,-1,16,5,0,0,16,1,1,0.5809,31,2485,1,3,0
60,3,0,20,7,0,0,20,1,1,0.7509,38,2808,2,3,0
60,3,1,22,3,0,0,22,1,1,0.8313,41,3369,2,4,0
60,4,-3,24,6,0,0,24,1,1,2.0429,70,6735,8,9,2
61,-7,6,23,4,0,0,23,1,1,0.3310,26,1526,0,2,0
61,-7,7,19,10,0,0,19,1,1,4.1309,27,1164,5,4,1
61,-7,8,15,5,0,0,15,1,1,0.4109,22,1310,1,3,0
61,-6,2,23,7,0,0,23,1,1,1.7509,27,1027,4,4,1
61,-6,3,23,5,0,0,23,1,1,0.4109,25,824,3,2,0
61,-6,4,24,3,0,0,24,1,1,0.6414,26,869,3,3,0
61,-6,5,15,5,0,0,15,1,1,0.1323,14,486,0,1,0
61,-6,6,18,7,0,0,18,1,1,0.5009,20,708,3,3,0
61,-6,7,20,4,0,0,20,1,1,0.1809,19,933,0,1,0
61,-6,8,21,5,0,0,21,1,1,1.2114,33,1913,4,6,1
61,-5,-2,25,5,0,0,25,1,1,0.7911,43,3339,1,3,0
61,-5,-1,36,3,0,0,36,1,1,2.4610,63,4143,5,4,1
61,-5,0,29,3,0,0,29,1,1,0.2714,28,1590,0,1,0
61,-5,1,21,7,0,0,21,1,1,0.3811,22,825,2,2,0
61,-5,2,19,7,0,0,19,1,1,0.1709,18,452,0,1,0
61,-5,3,24,7,0,0,24,1,1,0.4509,24,534,1,2,0
61,-5,4,24,8,0,0,24,1,1,0.5109,25,547,2,3,0
61,-5,5,21,7,0,0,21,1,1,1.0010,26,724,5,5,1
61,-5,6,22,5,0,0,22,1,1,1.1309,27,764,4,4,1
61,-5,7,28,7,0,0,28,1,1,4.2909,31,1027,3,4,1
61,-5,8,18,4,0,0,18,1,1,1.3209,30,1324,10,5,3
61,-5,9,16,5,0,0,16,1,1,1.0009,28,1676,6,6,2
61,-4,-3,25,7,0,0,25,1,1,1.4630,58,4821,4,6,1
61,-4,-2,16,5,0,0,16,1,1,1.0209,32,2290,6,5,1
61,-4,-1,26,4,0,0,26,1,1,1.5909,39,1791,7,5,2
61,-4,0,24,6,0,0,24,1,1,0.2209,23,859,0,1,0
61,-4,1,21,6,0,0,21,1,1,0.1909,20,478,0,1,0
61,-4,2,12,9,0,0,12,1,1,2.0809,16,271,5,6,1
61,-4,3,20,7,0,0,20,1,1,1.2909,24,425,4,4,1
61,-4,4,20,5,0,0,20,1,1,0.3709,20,395,1,2,0
61,-4,5,23,4,0,0,23,1,1,0.2109,22,496,0,1,0
61,-4,6,25,4,0,0,25,1,1,0.4709,25,627,1,2,0
61,-4,7,13,3,0,0,13,1,1,0.1109,12,387,0,1,0
61,-4,8,25,7,0,0,25,1,1,0.4509,25,1189,1,2,0
61,-3,-3,13,6,0,0,13,1,1,0.3309,22,1622,0,3,0
61,-3,-2,20,7,0,0,20,1,1,0.4111,27,1496,2,2,0
61,-3,-1,13,2,0,0,13,1,1,0.5909,21,955,7,4,1
61,-3,0,23,6,0,0,23,1,1,0.5709,25,752,3,2,0
61,-3,1,20,4,0,0,20,1,1,0.3309,20,416,1,2,0
61,-3,2,18,5,0,0,18,1,1,0.2709,18,320,1,2,0
61,-3,3,22,5,0,0,22,1,1,0.4109,22,379,1,2,0
61,-3,4,23,6,0,0,23,1,1,0.2110,22,389,0,1,0
61,-3,5,15,4,0,0,15,1,1,0.8911,20,347,5,6,1
61,-3,6,20,5,0,0,20,1,1,0.7609,24,519,4,4,1
61,-3,7,23,5,0,0,23,1,1,0.4209,23,668,1,2,0
61,-2,-3,19,6,0,0,19,1,1,3.5730,55,4855,19,20,0
61,-2,-2,20,7,0,0,20,1,1,0.7109,27,1288,3,4,0
61,-2,-1,20,5,0,0,20,1,1,0.3209,20,956,1,2,0
61,-2,0,23,5,0,0,23,1,1,0.4309,23,702,1,2,0
61,-2,1,35,4,0,0,35,1,1,2.2210,40,954,4,4,1
61,-2,2,24,4,0,0,24,1,1,0.3809,25,481,2,2,0
61,-2,3,20,7,0,0,20,1,1,0.1809,19,330,0,1,0
61,-2,4,24,5,0,0,24,1,1,0.2210,23,426,0,1,0
61,-2,5,17,5,0,0,17,1,1,0.8009,22,409,5,4,1
61,-2,6,27,5,0,0,27,1,1,0.2513,26,668,0,1,0
61,-2,7,22,5,0,0,22,1,1,0.2019,21,712,0,1,0
61,-1,-4,17,5,0,0,17,1,1,1.2612,51,4183,6,7,1
61,-1,-3,21,7,0,0,21,1,1,1.3909,44,3206,7,5,1
61,-1,-2,24,7,0,0,24,1,1,1.5909,41,2297,7,4,1
61,-1,-1,14,4,0,0,14,1,1,0.1209,13,596,0,1,0
61,-1,0,23,7,0,0,23,1,1,0.3809,23,702,1,2,0
61,-1,1,22,8,0,0,22,1,1,1.4612,25,541,4,4,1
61,-1,2,17,10,0,0,17,1,1,0.3109,17,372,1,2,0
61,-1,3,25,4,0,0,25,1,1,1.9909,33,682,8,4,1
61,-1,4,20,7,0,0,20,1,1,3.5109,32,572,9,4,3
61,-1,5,22,10,0,1,2,0,0,-1.0000,163,2727,142,142,0
61,-1,6,21,5,0,0,21,1,1,1.3609,24,674,3,4,1
61,0,-4,22,4,0,0,22,1,1,1.0109,54,4698,4,4,0
61,0,-3,18,4,0,0,18,1,1,0.5613,34,2527,1,4,0
61,0,-2,16,4,0,0,16,1,1,0.4409,26,1750,3,3,0
61,0,-1,21,5,0,0,21,1,1,0.3709,24,1280,1,2,0
61,0,0,27,5,0,0,27,1,1,0.6409,31,1414,5,2,0
61,0,1,13,3,0,0,13,1,1,0.2323,14,510,2,2,0
61,0,2,21,5,0,0,21,1,1,2.4515,24,651,4,4,1
61,0,3,22,4,0,0,22,1,1,1.3909,26,584,4,4,1
61,0,4,25,7,0,0,25,1,1,0.4709,25,748,1,2,0
61,0,5,17,7,0,0,17,1,1,1.1109,21,610,4,4,1
61,0,6,24,3,0,0,24,1,1,1.6021,39,2070,12,4,3
61,1,-5,13,4,1,1,13,1,1,0.8309,34,3034,2,4,0
61,1,-4,27,5,0,0,27,1,1,3.1109,80,6930,7,8,2
61,1,-3,22,5,0,0,22,1,1,2.1412,52,4187,10,9,0
61,1,-2,24,5,0,0,24,1,1,1.1409,47,3344,4,5,0
61,1,-1,20,5,0,0,19,0,1,-1.0000,185,18722,159,158,0
61,1,0,18,4,0,0,18,1,1,0.2909,20,1112,1,2,0
61,1,1,21,4,0,0,21,1,1,0.3909,21,1046,1,2,0
61,1,2,27,5,0,0,27,1,1,0.9909,29,1407,3,3,0
61,1,3,17,6,0,0,17,1,1,0.4509,18,749,2,3,0
61,1,4,18,7,0,0,18,1,1,0.3309,18,781,1,2,0
61,1,5,19,5,0,0,19,1,1,0.7509,26,1125,5,4,0
61,2,-5,18,7,2,2,18,1,1,1.5228,49,4479,7,6,0
61,2,-4,23,4,0,0,23,1,1,2.9609,71,6177,11,6,2
61,2,-3,15,4,0,0,15,1,1,0.8009,38,3055,4,5,0
61,2,-2,21,3,0,0,21,1,1,1.0711,39,3060,3,5,0
61,2,-1,31,5,0,0,31,1,1,0.9809,57,4449,2,4,0
61,2,0,32,4,0,0,32,1,1,2.1609,53,3027,5,4,1
61,2,1,19,5,0,0,19,1,1,0.3509,23,1418,0,2,0
61,2,2,17,3,0,0,17,1,1,0.3114,20,1107,1,2,0
61,2,3,23,5,0,0,23,1,1,0.5209,29,1614,1,3,0
61,2,4,18,5,0,0,18,1,1,0.5009,26,1633,2,3,0
61,2,5,22,6,0,0,22,1,1,1.6009,42,2525,5,6,1
61,3,-6,25,4,46,46,25,1,1,1.6634,63,5641,2,3,0
61,3,-5,19,5,7,7,19,1,1,2.5024,62,5890,5,8,1
61,3,-4,27,7,0,0,27,1,1,1.5109,69,6329,1,4,0
61,3,-3,25,6,0,0,25,1,1,1.5417,58,5415,1,4,0
61,3,-2,22,7,0,0,22,1,1,1.0409,50,4100,1,3,0
61,3,-1,16,5,0,0,16,1,1,1.1809,38,3030,6,6,1
61,3,0,20,7,0,0,16,0,1,-1.0000,198,5809,160,157,1
61,3,1,22,3,0,0,22,1,1,1.0109,41,3393,2,5,0
61,4,-3,24,6,0,0,24,1,1,2.0426,63,5920,1,4,0
62,-7,6,23,4,0,0,23,1,1,0.4309,25,1598,1,2,0
62,-7,7,19,10,0,0,19,1,1,0.3509,22,1052,0,2,0
62,-7,8,15,5,0,0,15,1,1,0.4109,23,1375,2,3,0
62,-6,2,23,7,0,0,23,1,1,0.2609,23,942,1,2,0
62,-6,3,23,5,0,0,23,1,1,1.1609,33,1048,8,4,2
62,-6,4,24,3,0,0,24,1,1,0.2316,24,813,1,2,0
62,-6,5,15,5,0,0,15,1,1,0.2309,15,502,1,2,0
62,-6,6,18,7,0,0,18,1,1,0.1609,17,662,0,1,0
62,-6,7,20,4,0,0,20,1,1,0.8609,29,1407,6,4,2
62,-6,8,21,5,0,0,21,1,1,1.8109,36,2112,7,5,2
62,-5,-2,25,5,0,0,25,1,1,1.5110,46,3595,4,5,0
62,-5,-1,36,3,0,0,36,1,1,2.3710,63,4139,4,4,1
62,-5,0,29,3,0,0,29,1,1,1.9234,34,1767,4,4,1
62,-5,1,21,7,0,0,21,1,1,0.8009,24,779,3,4,1
62,-5,2,19,7,0,0,19,1,1,0.7109,23,622,5,4,1
62,-5,3,24,7,0,0,24,1,1,0.6809,25,582,2,3,0
62,-5,4,24,8,0,0,24,1,1,0.2410,24,570,1,2,0
62,-5,5,21,7,0,0,21,1,1,0.5709,23,531,3,3,0
62,-5,6,22,5,0,0,22,1,1,0.4109,22,649,1,2,0
62,-5,7,28,7,0,0,28,1,1,0.5109,30,1040,3,2,0
62,-5,8,18,4,0,0,18,1,1,1.3609,25,977,7,8,1
62,-5,9,16,5,0,0,16,1,1,0.4009,21,1258,2,3,0
62,-4,-3,25,7,0,0,25,1,1,1.6309,56,4418,5,5,0
62,-4,-2,16,5,0,0,16,1,1,0.4209,25,1730,2,3,0
62,-4,-1,26,4,0,0,26,1,1,2.4809,40,1884,10,5,2
62,-4,0,24,6,0,0,24,1,1,0.6809,25,906,2,2,0
62,-4,1,21,6,0,0,21,1,1,0.3909,21,512,1,2,0
62,-4,2,12,9,0,0,12,1,1,0.5409,15,263,4,4,1
62,-4,3,20,7,0,0,20,1,1,1.2909,25,460,5,4,1
62,-4,4,20,5,0,0,20,1,1,0.3709,20,392,1,2,0
62,-4,5,23,4,0,0,23,1,1,0.2109,22,489,0,1,0
62,-4,6,25,4,0,0,25,1,1,0.4709,26,683,2,2,0
62,-4,7,13,3,0,0,13,1,1,0.1109,12,393,0,1,0
62,-4,8,25,7,0,0,25,1,1,1.8909,29,1187,4,4,1
62,-3,-3,13,6,0,0,12,0,1,-1.0000,276,27737,249,250,0
62,-3,-2,20,7,0,0,20,1,1,0.5609,28,1560,1,2,0
62,-3,-1,13,2,0,0,12,0,1,-1.0000,262,13643,250,250,0
62,-3,0,23,6,0,0,23,1,1,0.3509,23,666,1,2,0
62,-3,1,20,4,0,0,20,1,1,0.8409,23,467,3,4,1
62,-3,2,18,5,0,0,18,1,1,0.1609,17,296,0,1,0
62,-3,3,22,5,0,0,22,1,1,1.4609,28,479,3,4,1
62,-3,4,23,6,0,0,23,1,1,3.3910,27,478,4,4,1
62,-3,5,15,4,0,0,15,1,1,0.2609,15,262,1,2,0
62,-3,6,20,5,0,0,20,1,1,0.9409,28,592,7,4,2
62,-3,7,23,5,0,0,23,1,1,0.8609,29,867,7,4,1
62,-2,-3,19,6,0,0,19,1,1,0.5210,31,2366,0,3,0
62,-2,-2,20,7,0,0,20,1,1,0.5610,27,1370,3,3,0
62,-2,-1,20,5,0,0,20,1,1,0.2609,20,1029,1,2,0
62,-2,0,23,5,0,0,23,1,1,0.4309,23,656,1,2,0
62,-2,1,35,4,0,0,35,1,1,0.6110,35,901,1,2,0
62,-2,2,24,4,0,0,24,1,1,0.2210,23,446,0,1,0
62,-2,3,20,7,0,0,20,1,1,0.1809,19,338,0,1,0
62,-2,4,24,5,0,0,24,1,1,0.2211,23,421,0,1,0
62,-2,5,17,5,0,0,17,1,1,0.4709,19,368,3,2,0
62,-2,6,27,5,0,0,27,1,1,0.7609,30,756,4,3,0
62,-2,7,22,5,0,0,22,1,1,0.4009,22,781,1,2,0
62,-1,-4,17,5,0,0,17,1,1,1.2009,48,4251,9,8,2
62,-1,-3,21,7,0,0,21,1,1,0.5909,33,2493,1,3,0
62,-1,-2,24,7,0,0,24,1,1,1.8209,38,2121,4,5,1
62,-1,-1,14,4,0,0,14,1,1,0.1209,13,600,0,1,0
62,-1,0,23,7,0,0,23,1,1,1.0409,29,853,4,4,1
62,-1,1,22,8,0,0,22,1,1,2.6909,29,609,8,4,2
62,-1,2,17,10,0,0,17,1,1,0.3109,18,373,2,2,0
62,-1,3,25,4,0,0,25,1,1,0.6309,27,546,3,2,0
62,-1,4,20,7,0,0,20,1,1,0.1809,19,377,0,1,0
62,-1,5,22,10,0,0,22,1,1,0.4109,22,464,1,2,0
62,-1,6,21,5,0,0,21,1,1,0.3810,21,624,1,2,0
62,0,-4,22,4,0,0,22,1,1,1.2630,57,5055,7,7,1
62,0,-3,18,4,0,0,18,1,1,0.4513,33,2483,1,3,0
62,0,-2,16,4,0,0,16,1,1,0.2812,23,1545,0,2,0
62,0,-1,21,5,0,0,21,1,1,1.3709,29,1459,5,4,1
62,0,0,27,5,0,0,27,1,1,1.4909,36,1518,6,4,1
62,0,1,13,3,0,0,13,1,1,0.1123,12,445,0,1,0
62,0,2,21,5,0,0,21,1,1,1.9809,24,600,3,4,1
62,0,3,22,4,0,0,22,1,1,1.1809,30,699,6,4,1
62,0,4,25,7,0,0,25,1,1,1.1909,31,985,4,4,1
62,0,5,17,7,0,0,17,1,1,0.3109,17,498,1,2,0
62,0,6,24,3,0,0,24,1,1,1.2209,28,1524,4,4,1
62,1,-5,13,4,1,1,13,1,1,1.1909,43,3935,6,8,1
62,1,-4,27,5,0,0,27,1,1,1.8109,68,6000,6,5,0
62,1,-3,22,5,0,0,22,1,1,0.8309,39,3171,1,3,0
62,1,-2,24,5,0,0,24,1,1,0.9109,43,3063,1,4,0
62,1,-1,20,5,0,0,20,1,1,0.3709,26,1677,1,2,0
62,1,0,18,4,0,0,18,1,1,1.0909,28,1504,6,5,1
62,1,1,21,4,0,0,21,1,1,0.1909,20,995,0,1,0
62,1,2,27,5,0,0,27,1,1,1.0809,31,1439,4,4,1
62,1,3,17,6,0,0,17,1,1,0.4509,19,849,3,3,0
62,1,4,18,7,0,0,18,1,1,0.6709,20,1114,3,4,1
62,1,5,19,5,0,0,19,1,1,0.4512,22,1098,2,3,0
62,2,-5,18,7,1,1,18,1,1,2.5021,86,7899,13,10,2
62,2,-4,23,4,0,0,23,1,1,1.5212,60,5573,3,4,0
62,2,-3,15,4,0,0,15,1,1,0.6609,36,3099,2,4,0
62,2,-2,21,3,0,0,21,1,1,1.0210,48,3803,7,5,1
62,2,-1,31,5,0,0,31,1,1,0.8909,54,4306,1,3,0
62,2,0,32,4,0,0,32,1,1,2.1609,61,3556,10,6,1
62,2,1,19,5,0,0,19,1,1,0.3509,24,1423,0,2,0
62,2,2,17,3,0,0,17,1,1,0.4509,22,1228,3,2,0
62,2,3,23,5,0,0,23,1,1,0.4309,29,1527,1,2,0
62,2,4,18,5,0,0,18,1,1,0.6709,26,1568,2,3,0
62,2,5,22,6,0,0,22,1,1,1.0409,37,2407,5,4,0
62,3,-6,25,4,34,34,25,1,1,1.9928,71,6618,6,9,1
62,3,-5,19,5,8,8,19,1,1,1.6920,53,4702,2,4,0
62,3,-4,27,7,0,0,27,1,1,3.0710,89,7853,9,9,1
62,3,-3,25,6,0,0,25,1,1,3.3419,97,9077,21,12,3
62,3,-2,22,7,0,0,22,1,1,1.6709,63,5342,7,7,2
62,3,-1,16,5,0,0,16,1,1,1.4809,45,3627,8,9,1
62,3,0,20,7,0,0,20,1,1,0.7509,37,2725,0,3,0
62,3,1,22,3,0,0,22,1,1,5.0009,76,6565,24,23,6
62,4,-3,24,6,0,0,24,1,1,2.0422,66,6126,4,5,0
63,-7,6,23,4,0,0,23,1,1,0.3312,26,1533,0,2,0
63,-7,7,19,10,0,0,19,1,1,0.3509,20,991,0,2,0
63,-7,8,15,5,0,0,15,1,1,3.0709,49,3486,27,22,2
63,-6,2,23,7,0,0,23,1,1,0.2109,22,911,0,1,0
63,-6,3,23,5,0,0,23,1,1,0.2122,22,760,0,1,0
63,-6,4,24,3,0,0,24,1,1,0.4509,24,818,1,2,0
63,-6,5,15,5,0,0,15,1,1,0.2309,15,479,1,2,0
63,-6,6,18,7,0,0,18,1,1,2.6409,22,727,4,4,1
63,-6,7,20,4,0,0,20,1,1,0.8309,27,1463,5,4,1
63,-6,8,21,5,0,0,21,1,1,1.3909,31,1713,4,4,1
63,-5,-2,25,5,0,0,25,1,1,1.4309,49,3644,7,5,0
63,-5,-1,36,3,0,0,36,1,1,2.0911,67,4426,9,5,1
63,-5,0,29,3,0,0,29,1,1,0.6432,33,1839,5,3,0
63,-5,1,21,7,0,0,21,1,1,0.1921,20,721,0,1,0
63,-5,2,19,7,0,0,19,1,1,0.4109,21,525,3,2,0
63,-5,3,24,7,0,0,24,1,1,0.4509,24,529,1,2,0
63,-5,4,24,8,0,0,24,1,1,0.6809,26,567,3,3,0
63,-5,5,21,7,0,0,21,1,1,1.9709,24,537,3,4,1
63,-5,6,22,5,0,0,22,1,1,1.0409,29,882,5,4,1
63,-5,7,28,7,0,0,28,1,1,0.5109,28,909,1,2,0
63,-5,8,18,4,0,0,18,1,1,0.3009,18,968,1,2,0
63,-5,9,16,5,0,0,16,1,1,0.2917,19,1088,0,2,0
63,-4,-3,25,7,0,0,25,1,1,4.5109,58,4406,5,4,1
63,-4,-2,16,5,0,0,16,1,1,0.4209,24,1702,1,3,0
63,-4,-1,26,4,0,0,26,1,1,0.4809,29,1544,1,2,0
63,-4,0,24,6,0,0,24,1,1,0.2209,23,883,0,1,0
63,-4,1,21,6,0,0,21,1,1,0.8109,25,591,4,4,1
63,-4,2,12,9,0,0,12,1,1,0.1009,11,186,0,1,0
63,-4,3,20,7,0,0,20,1,1,0.7209,22,424,3,2,0
63,-4,4,20,5,0,0,20,1,1,0.5609,22,416,3,2,0
63,-4,5,23,4,0,0,23,1,1,0.2109,22,507,0,1,0
63,-4,6,25,4,0,0,25,1,1,0.4709,26,674,2,2,0
63,-4,7,13,3,0,0,13,1,1,0.1109,12,380,0,1,0
63,-4,8,25,7,0,0,25,1,1,0.2311,24,1117,0,1,0
63,-3,-3,13,6,0,0,13,1,1,0.3309,23,1737,1,3,0
63,-3,-2,20,7,0,0,20,1,1,0.5609,26,1483,1,2,0
63,-3,-1,13,2,0,0,13,1,1,0.2309,13,598,1,2,0
63,-3,0,23,6,0,0,23,1,1,0.2116,22,649,0,1,0
63,-3,1,20,4,0,0,20,1,1,0.1809,19,413,0,1,0
63,-3,2,18,5,0,0,18,1,1,0.3309,19,343,2,2,0
63,-3,3,22,5,0,0,22,1,1,2.0909,30,501,9,7,2
63,-3,4,23,6,0,0,23,1,1,1.0209,30,543,6,4,1
63,-3,5,15,4,0,0,15,1,1,0.1310,14,253,0,1,0
63,-3,6,20,5,0,0,20,1,1,0.1809,19,416,0,1,0
63,-3,7,23,5,0,0,23,1,1,0.4209,23,662,1,2,0
63,-2,-3,19,6,0,0,19,1,1,0.4909,31,2485,1,3,0
63,-2,-2,20,7,0,0,20,1,1,1.0409,31,1702,6,5,1
63,-2,-1,20,5,0,0,20,1,1,0.2609,20,973,1,2,0
63,-2,0,23,5,0,0,23,1,1,0.9009,26,714,3,4,1
63,-2,1,35,4,0,0,35,1,1,1.5410,42,1031,5,4,1
63,-2,2,24,4,0,0,24,1,1,0.2210,23,451,0,1,0
63,-2,3,20,7,0,0,20,1,1,0.5609,21,378,2,3,0
63,-2,4,24,5,0,0,24,1,1,0.9109,29,544,5,4,1
63,-2,5,17,5,0,0,17,1,1,0.2609,17,331,1,2,0
63,-2,6,27,5,0,0,27,1,1,0.2512,26,682,0,1,0
63,-2,7,22,5,0,0,22,1,1,0.3509,22,747,1,2,0
63,-1,-4,17,5,0,0,17,1,1,0.7210,37,3047,2,5,0
63,-1,-3,21,7,0,0,21,1,1,0.9909,37,2751,4,4,0
63,-1,-2,24,7,0,0,24,1,1,0.4409,32,1905,0,2,0
63,-1,-1,14,4,0,0,14,1,1,0.1209,13,599,0,1,0
63,-1,0,23,7,0,0,23,1,1,2.8009,30,798,7,4,1
63,-1,1,22,8,0,0,22,1,1,1.0109,27,623,3,4,1
63,-1,2,17,10,0,0,17,1,1,0.1509,16,337,0,1,0
63,-1,3,25,4,0,0,25,1,1,1.2809,33,695,7,4,2
63,-1,4,20,7,0,0,20,1,1,0.4709,21,384,2,3,0
63,-1,5,22,10,0,0,22,1,1,0.6209,23,493,2,3,0
63,-1,6,21,5,0,0,21,1,1,0.5810,22,647,2,3,0
63,0,-4,22,4,0,0,22,1,1,1.3030,61,5541,7,7,1
63,0,-3,18,4,0,0,18,1,1,0.5510,34,2644,2,4,0
63,0,-2,16,4,0,0,16,1,1,0.9809,34,2163,6,7,1
63,0,-1,21,5,0,0,21,1,1,0.7209,27,1584,4,4,0
63,0,0,27,5,0,0,27,1,1,1.6809,32,1263,5,4,1
63,0,1,13,3,0,0,13,1,1,0.1122,12,448,0,1,0
63,0,2,21,5,0,0,21,1,1,0.7909,27,728,6,4,2
63,0,3,22,4,0,0,22,1,1,1.1809,33,748,8,4,2
63,0,4,25,7,0,0,25,1,1,0.5009,27,824,3,3,0
63,0,5,17,7,0,0,17,1,1,0.1509,16,477,0,1,0
63,0,6,24,3,0,0,24,1,1,1.5609,31,1793,6,4,2
63,1,-5,13,4,4,4,13,1,1,1.0710,37,3279,5,6,0
63,1,-4,27,5,0,0,27,1,1,1.5509,66,5776,3,4,0
63,1,-3,22,5,0,0,22,1,1,1.8809,61,4840,8,8,2
63,1,-2,24,5,0,0,24,1,1,1.3709,51,3560,4,5,1
63,1,-1,20,5,0,0,20,1,1,0.3709,26,1717,0,2,0
63,1,0,18,4,0,0,18,1,1,0.9209,25,1483,3,5,1
63,1,1,21,4,0,0,21,1,1,0.1909,20,1035,0,1,0
63,1,2,27,5,0,0,27,1,1,1.0109,33,1813,6,4,1
63,1,3,17,6,0,0,17,1,1,0.4509,18,744,2,3,0
63,1,4,18,7,0,0,18,1,1,0.5009,19,885,2,2,0
63,1,5,19,5,0,0,19,1,1,0.3512,22,1084,2,2,0
63,2,-5,18,7,1,1,18,1,1,2.1618,54,4817,10,7,1
63,2,-4,23,4,0,0,23,1,1,2.3511,65,5969,6,5,1
63,2,-3,15,4,0,0,15,1,1,0.5318,35,2999,1,4,0
63,2,-2,21,3,0,0,21,1,1,1.4711,48,3807,5,7,1
63,2,-1,31,5,0,0,31,1,1,0.6809,56,4266,0,3,0
63,2,0,32,4,0,0,32,1,1,2.1609,50,2764,4,4,1
63,2,1,19,5,0,0,19,1,1,0.5309,26,1488,1,2,0
63,2,2,17,3,0,0,17,1,1,0.5709,23,1347,4,4,1
63,2,3,23,5,0,0,23,1,1,1.1809,33,1527,4,4,1
63,2,4,18,5,0,0,18,1,1,0.3309,24,1517,0,2,0
63,2,5,22,6,0,0,22,1,1,2.0209,46,2665,9,6,1
63,3,-6,25,4,42,42,25,1,1,2.3833,80,7374,10,7,2
63,3,-5,19,5,5,5,19,1,1,1.6921,61,5659,6,8,1
63,3,-4,27,7,0,0,27,1,1,1.8019,74,6794,6,5,0
63,3,-3,25,6,0,0,25,1,1,4.8333,81,7467,21,19,1
63,3,-2,22,7,0,0,22,1,1,1.6709,65,5702,7,7,2
63,3,-1,16,5,0,0,16,1,1,1.0309,32,2600,3,5,0
63,3,0,20,7,0,0,20,1,1,0.7509,36,2732,0,3,0
63,3,1,22,3,0,0,22,1,1,1.6409,49,4064,4,7,1
63,4,-3,24,6,0,0,24,1,1,2.0423,64,6066,2,5,0
64,-7,6,23,4,0,0,23,1,1,0.4309,28,1735,2,2,0
64,-7,7,19,10,0,0,19,1,1,0.3509,19,984,0,2,0
64,-7,8,15,5,0,0,15,1,1,0.7209,27,1792,6,5,1
64,-6,2,23,7,0,0,23,1,1,1.9709,29,1053,6,4,1
64,-6,3,23,5,0,0,23,1,1,0.2809,23,831,1,2,0
64,-6,4,24,3,0,0,24,1,1,0.3509,25,845,2,2,0
64,-6,5,15,5,0,0,15,1,1,0.5109,22,752,6,4,1
64,-6,6,18,7,0,0,18,1,1,0.3309,18,698,1,2,0
64,-6,7,20,4,0,0,20,1,1,0.8609,26,1128,6,4,1
64,-6,8,21,5,0,0,21,1,1,0.5909,28,1671,3,3,0
64,-5,-2,25,5,0,0,25,1,1,0.9509,43,3265,2,3,0
64,-5,-1,36,3,0,0,36,1,1,1.7611,65,4421,9,4,1
64,-5,0,29,3,0,0,29,1,1,0.7609,30,1701,2,3,0
64,-5,1,21,7,0,0,21,1,1,0.8009,24,805,3,4,1
64,-5,2,19,7,0,0,19,1,1,0.2309,19,470,1,2,0
64,-5,3,24,7,0,0,24,1,1,1.1409,27,587,4,3,0
64,-5,4,24,8,0,0,24,1,1,0.2209,23,529,0,1,0
64,-5,5,21,7,0,0,21,1,1,0.1909,20,459,0,1,0
64,-5,6,22,5,0,0,22,1,1,0.4109,23,667,2,2,0
64,-5,7,28,7,0,0,28,1,1,0.5109,28,908,1,2,0
64,-5,8,18,4,0,0,18,1,1,0.3009,18,874,1,2,0
64,-5,9,16,5,0,0,16,1,1,0.4009,22,1258,3,3,0
64,-4,-3,25,7,0,0,25,1,1,1.3909,52,4187,1,3,0
64,-4,-2,16,5,0,0,16,1,1,0.2929,23,1631,0,2,0
64,-4,-1,26,4,0,0,26,1,1,1.0909,33,1883,5,4,1
64,-4,0,24,6,0,0,24,1,1,0.9109,31,1158,6,4,1
64,-4,1,21,6,0,0,21,1,1,0.1909,20,499,0,1,0
64,-4,2,12,9,0,0,12,1,1,2.4109,33,515,22,12,1
64,-4,3,20,7,0,0,20,1,1,0.5309,21,385,2,3,0
64,-4,4,20,5,0,0,20,1,1,0.9409,23,426,4,3,0
64,-4,5,23,4,0,0,23,1,1,0.9109,28,688,5,4,1
64,-4,6,25,4,0,0,25,1,1,1.4309,40,984,11,4,2
64,-4,7,13,3,0,0,13,1,1,0.2309,13,456,1,2,0
64,-4,8,25,7,0,0,25,1,1,0.4509,25,1159,1,2,0
64,-3,-3,13,6,0,0,13,1,1,2.5209,43,2478,19,17,1
64,-3,-2,20,7,0,0,20,1,1,0.5609,28,1589,2,3,0
64,-3,-1,13,2,0,0,13,1,1,0.7610,24,1256,9,7,1
64,-3,0,23,6,0,0,23,1,1,1.0109,26,702,3,4,1
64,-3,1,20,4,0,0,20,1,1,0.3709,20,416,1,2,0
64,-3,2,18,5,0,0,18,1,1,0.2509,18,321,1,2,0
64,-3,3,22,5,0,0,22,1,1,0.2609,22,389,1,2,0
64,-3,4,23,6,0,0,23,1,1,0.3109,23,415,1,2,0
64,-3,5,15,4,0,0,15,1,1,0.2609,15,275,1,2,0
64,-3,6,20,5,0,0,20,1,1,2.4612,25,522,5,4,1
64,-3,7,23,5,0,0,23,1,1,0.4209,23,698,1,2,0
64,-2,-3,19,6,0,0,19,1,1,0.5310,33,2446,0,3,0
64,-2,-2,20,7,0,0,20,1,1,0.5609,27,1314,3,3,0
64,-2,-1,20,5,0,0,20,1,1,0.3426,20,973,1,2,0
64,-2,0,23,5,0,0,23,1,1,2.1909,29,799,6,4,1
64,-2,1,35,4,0,0,35,1,1,1.3510,38,916,4,3,0
64,-2,2,24,4,0,0,24,1,1,1.5309,31,590,6,4,2
64,-2,3,20,7,0,0,20,1,1,0.3709,20,348,1,2,0
64,-2,4,24,5,0,0,24,1,1,0.2209,23,428,0,1,0
64,-2,5,17,5,0,0,17,1,1,0.1509,16,321,0,1,0
64,-2,6,27,5,0,0,27,1,1,0.5009,27,697,1,2,0
64,-2,7,22,5,0,0,22,1,1,0.2022,21,719,0,1,0
64,-1,-4,17,5,0,0,17,1,1,1.7411,51,4321,6,9,1
64,-1,-3,21,7,0,0,21,1,1,0.9909,43,3150,6,5,1
64,-1,-2,24,7,0,0,24,1,1,2.5109,49,2831,8,8,1
64,-1,-1,14,4,0,0,14,1,1,0.2209,14,624,1,2,0
64,-1,0,23,7,0,0,23,1,1,0.2112,22,616,0,1,0
64,-1,1,22,8,0,0,22,1,1,1.0109,30,704,5,4,1
64,-1,2,17,10,0,0,17,1,1,0.3109,17,337,1,2,0
64,-1,3,25,4,0,0,25,1,1,0.2309,24,491,0,1,0
64,-1,4,20,7,0,0,20,1,1,0.3109,20,388,1,2,0
64,-1,5,22,10,0,0,22,1,1,0.4109,22,457,1,2,0
64,-1,6,21,5,0,0,21,1,1,0.3609,21,610,1,2,0
64,0,-4,22,4,0,0,22,1,1,2.0612,65,5601,11,8,3
64,0,-3,18,4,0,0,18,1,1,0.5416,33,2440,1,3,0
64,0,-2,16,4,0,0,16,1,1,0.4311,25,1546,1,3,0
64,0,-1,21,5,0,0,21,1,1,0.3209,23,1196,0,2,0
64,0,0,27,5,0,0,27,1,1,0.6409,28,1211,2,2,0
64,0,1,13,3,0,0,13,1,1,0.2209,13,486,1,2,0
64,0,2,21,5,0,0,21,1,1,1.8509,31,788,6,4,2
64,0,3,22,4,0,0,22,1,1,0.2009,21,499,0,1,0
64,0,4,25,7,0,0,25,1,1,1.6809,35,1009,8,7,2
64,0,5,17,7,0,0,17,1,1,0.1509,16,495,0,1,0
64,0,6,24,3,0,0,24,1,1,0.9409,30,1880,5,4,1
64,1,-5,13,4,0,0,13,1,1,0.8309,36,3278,4,5,0
64,1,-4,27,5,0,0,27,1,1,2.3309,70,6204,8,6,0
64,1,-3,22,5,0,0,22,1,1,1.2509,43,3193,5,4,1
64,1,-2,24,5,0,0,24,1,1,2.0609,54,3498,10,7,1
64,1,-1,20,5,0,0,20,1,1,2.6509,42,2186,13,12,0
64,1,0,18,4,0,0,18,1,1,0.3609,21,1055,2,3,0
64,1,1,21,4,0,0,21,1,1,0.3509,21,1049,1,2,0
64,1,2,27,5,0,0,27,1,1,0.4709,27,1325,1,2,0
64,1,3,17,6,0,0,17,1,1,2.0509,27,1044,7,4,2
64,1,4,18,7,0,0,18,1,1,0.6709,20,1009,3,4,0
64,1,5,19,5,0,0,19,1,1,0.3509,22,980,1,2,0
64,2,-5,18,7,0,0,18,1,1,1.3121,44,4049,3,4,0
64,2,-4,23,4,0,0,23,1,1,2.3011,75,6996,13,10,2
64,2,-3,15,4,0,0,15,1,1,0.5416,37,3140,3,4,0
64,2,-2,21,3,0,0,21,1,1,1.6710,47,3684,9,8,0
64,2,-1,31,5,0,0,31,1,1,0.9809,57,4444,2,3,0
64,2,0,32,4,0,0,32,1,1,0.9209,47,2827,2,3,0
64,2,1,19,5,0,0,19,1,1,0.3509,23,1402,0,2,0
64,2,2,17,3,0,0,17,1,1,0.3115,21,1296,2,2,0
64,2,3,23,5,0,0,23,1,1,0.8709,29,1618,2,4,0
64,2,4,18,5,0,0,18,1,1,0.4409,26,1546,2,2,0
64,2,5,22,6,0,0,22,1,1,3.2809,45,2231,13,10,1
64,3,-6,25,4,46,46,25,1,1,3.1030,78,7138,10,9,2
64,3,-5,19,5,5,5,19,1,1,1.6920,50,4633,1,4,0
64,3,-4,27,7,0,0,27,1,1,3.6530,82,7543,8,11,1
64,3,-3,25,6,0,0,25,1,1,3.7016,66,6202,8,6,1
64,3,-2,22,7,0,0,22,1,1,1.0409,51,4149,2,4,0
64,3,-1,16,5,0,0,16,1,1,0.5809,31,2475,1,3,0
64,3,0,20,7,0,0,20,1,1,0.7509,37,2774,1,3,0
64,3,1,22,3,0,0,22,1,1,0.7109,42,3360,3,4,0
64,4,-3,24,6,0,0,24,1,1,2.2726,68,6381,5,7,0
65,-7,6,23,4,0,0,23,1,1,0.3312,27,1705,1,2,0
65,-7,7,19,10,0,0,19,1,1,0.8909,23,1059,3,4,0
65,-7,8,15,5,0,0,15,1,1,0.5509,23,1326,3,3,0
65,-6,2,23,7,0,0,23,1,1,0.9309,29,1197,6,4,1
65,-6,3,23,5,0,0,23,1,1,1.3809,26,855,3,4,1
65,-6,4,24,3,0,0,24,1,1,0.3509,25,912,2,2,0
65,-6,5,15,5,0,0,15,1,1,0.3709,16,563,2,3,0
65,-6,6,18,7,0,0,18,1,1,0.4309,19,700,2,3,0
65,-6,7,20,4,0,0,20,1,1,0.4622,23,1168,4,3,0
65,-6,8,21,5,0,0,21,1,1,1.3909,29,1770,4,4,1
65,-5,-2,25,5,0,0,25,1,1,1.9910,51,3834,6,7,1
65,-5,-1,36,3,0,0,36,1,1,2.3710,63,4084,5,4,1
65,-5,0,29,3,0,0,29,1,1,0.2714,28,1588,0,1,0
65,-5,1,21,7,0,0,21,1,1,0.5609,22,786,2,2,0
65,-5,2,19,7,0,0,19,1,1,0.5309,20,465,2,3,0
65,-5,3,24,7,0,0,24,1,1,1.6009,29,636,6,4,1
65,-5,4,24,8,0,0,24,1,1,0.4509,24,542,1,2,0
65,-5,5,21,7,0,0,21,1,1,0.1910,20,503,0,1,0
65,-5,6,22,5,0,0,22,1,1,0.2909,22,691,1,2,0
65,-5,7,28,7,0,0,28,1,1,1.3209,36,1165,4,4,1
65,-5,8,18,4,0,0,18,1,1,0.1609,17,848,0,1,0
65,-5,9,16,5,0,0,16,1,1,1.4509,26,1378,5,4,1
65,-4,-3,25,7,0,0,25,1,1,1.1509,51,4103,0,3,0
65,-4,-2,16,5,0,0,16,1,1,0.4432,25,1745,2,3,0
65,-4,-1,26,4,0,0,26,1,1,0.9809,32,1757,5,3,0
65,-4,0,24,6,0,0,24,1,1,0.2209,23,848,0,1,0
65,-4,1,21,6,0,0,21,1,1,1.2109,27,604,7,7,0
65,-4,2,12,9,0,0,12,1,1,2.0809,21,335,10,11,1
65,-4,3,20,7,0,0,20,1,1,9.2709,73,1361,50,49,0
65,-4,4,20,5,0,0,20,1,1,0.5609,22,422,3,3,0
65,-4,5,23,4,0,0,23,1,1,1.1014,27,663,5,6,0
65,-4,6,25,4,0,0,25,1,1,0.2309,24,619,0,1,0
65,-4,7,13,3,0,0,13,1,1,0.2309,13,439,1,2,0
65,-4,8,25,7,0,0,25,1,1,0.9309,27,1187,3,3,0
65,-3,-3,13,6,0,0,13,1,1,0.5710,25,1777,3,4,0
65,-3,-2,20,7,0,0,20,1,1,0.4110,27,1548,1,2,0
65,-3,-1,13,2,0,0,13,1,1,0.2309,13,629,1,2,0
65,-3,0,23,6,0,0,23,1,1,4.5909,50,1385,25,20,0
65,-3,1,20,4,0,0,20,1,1,0.8609,25,491,5,4,1
65,-3,2,18,5,0,0,18,1,1,0.3309,19,326,2,2,0
65,-3,3,22,5,0,0,22,1,1,0.2609,22,380,1,2,0
65,-3,4,23,6,0,0,23,1,1,1.4610,30,534,6,4,1
65,-3,5,15,4,0,0,15,1,1,0.4009,16,281,2,3,0
65,-3,6,20,5,0,0,20,1,1,0.1809,19,413,0,1,0
65,-3,7,23,5,0,0,23,1,1,0.6409,25,708,3,3,0
65,-2,-3,19,6,0,0,19,1,1,1.4129,43,3616,10,8,0
65,-2,-2,20,7,0,0,18,0,1,-1.0000,182,5585,157,158,0
65,-2,-1,20,5,0,0,20,1,1,0.6409,24,1065,5,3,0
65,-2,0,23,5,0,0,23,1,1,0.2109,22,649,0,1,0
65,-2,1,35,4,0,0,35,1,1,0.3310,34,869,0,1,0
65,-2,2,24,4,0,0,24,1,1,0.5409,26,511,3,3,0
65,-2,3,20,7,0,0,20,1,1,0.9409,25,426,6,4,0
65,-2,4,24,5,0,0,24,1,1,1.1109,28,496,4,4,1
65,-2,5,17,5,0,0,17,1,1,0.2609,17,334,1,2,0
65,-2,6,27,5,0,0,27,1,1,0.5909,30,768,4,3,0
65,-2,7,22,5,0,0,22,1,1,0.5609,24,837,3,2,0
65,-1,-4,17,5,0,0,17,1,1,1.2611,50,4318,13,7,1
65,-1,-3,21,7,0,0,21,1,1,0.5909,33,2452,0,3,0
65,-1,-2,24,7,0,0,24,1,1,0.9009,35,2272,3,4,0
65,-1,-1,14,4,0,0,14,1,1,0.2209,15,704,2,2,0
65,-1,0,23,7,0,0,23,1,1,0.3809,24,693,2,2,0
65,-1,1,22,8,0,0,22,1,1,0.3809,22,514,1,2,0
65,-1,2,17,10,0,0,17,1,1,0.1509,16,317,0,1,0
65,-1,3,25,4,0,0,25,1,1,0.2309,24,501,0,1,0
65,-1,4,20,7,0,0,20,1,1,0.4709,21,393,2,2,0
65,-1,5,22,10,0,0,22,1,1,1.4609,25,507,3,4,1
65,-1,6,21,5,0,0,21,1,1,0.1920,20,569,0,1,0
65,0,-4,22,4,0,0,22,1,1,1.0429,55,4838,6,5,0
65,0,-3,18,4,0,0,18,1,1,1.6310,46,3443,9,9,1
65,0,-2,16,4,0,0,16,1,1,0.5309,26,1779,3,4,0
65,0,-1,21,5,0,0,21,1,1,0.7209,25,1311,2,3,0
65,0,0,27,5,0,0,27,1,1,0.7109,29,1343,3,3,0
65,0,1,13,3,0,0,13,1,1,0.1120,12,454,0,1,0
65,0,2,21,5,0,0,21,1,1,0.3809,21,587,1,2,0
65,0,3,22,4,0,0,22,1,1,0.2009,21,488,0,1,0
65,0,4,25,7,0,0,25,1,1,4.5509,32,973,7,4,1
65,0,5,17,7,0,0,17,1,1,0.4709,18,510,2,2,0
65,0,6,24,3,0,0,24,1,1,0.4510,24,1389,1,2,0
65,1,-5,13,4,1,1,13,1,1,0.7110,35,3333,4,6,1
65,1,-4,27,5,0,0,27,1,1,2.3309,75,6632,12,8,1
65,1,-3,22,5,0,0,22,1,1,0.8309,39,3164,1,4,0
65,1,-2,24,5,0,0,24,1,1,1.8309,53,3554,7,7,1
65,1,-1,20,5,0,0,20,1,1,0.5609,28,1813,2,3,0
65,1,0,18,4,0,0,18,1,1,0.2409,19,1024,0,2,0
65,1,1,21,4,0,0,21,1,1,0.2909,21,1022,1,2,0
65,1,2,27,5,0,0,27,1,1,1.1009,32,1724,4,4,1
65,1,3,17,6,0,0,17,1,1,1.2509,29,1202,8,5,2
65,1,4,18,7,0,0,17,0,1,-1.0000,194,13421,177,176,0
65,1,5,19,5,0,0,19,1,1,0.3511,21,982,1,2,0
65,2,-5,18,7,3,3,18,1,1,1.4820,45,4124,4,5,0
65,2,-4,23,4,0,0,23,1,1,1.6932,62,5708,5,6,0
65,2,-3,15,4,0,0,15,1,1,1.6409,59,4917,9,10,2
65,2,-2,21,3,0,0,21,1,1,0.7911,40,3014,2,4,0
65,2,-1,31,5,0,0,31,1,1,2.0909,60,4609,6,4,1
65,2,0,32,4,0,0,32,1,1,0.9209,46,2707,1,2,0
65,2,1,19,5,0,0,19,1,1,0.7109,27,1500,2,3,0
65,2,2,17,3,0,0,17,1,1,0.4714,21,1214,2,3,0
65,2,3,23,5,0,0,23,1,1,0.4309,28,1480,0,2,0
65,2,4,18,5,0,0,18,1,1,0.6109,26,1509,2,3,0
65,2,5,22,6,0,0,22,1,1,1.3909,42,2694,7,5,1
65,3,-6,25,4,41,41,25,1,1,1.9036,61,5515,1,3,0
65,3,-5,19,5,8,8,19,1,1,1.5122,50,4559,0,3,0
65,3,-4,27,7,0,0,27,1,1,3.5909,76,6767,5,6,1
65,3,-3,25,6,0,0,25,1,1,1.9021,75,7200,11,7,2
65,3,-2,22,7,0,0,22,1,1,1.2509,52,4415,3,4,0
65,3,-1,16,5,0,0,16,1,1,1.3309,47,3949,11,8,1
65,3,0,20,7,0,0,20,1,1,1.7009,42,3045,3,4,1
65,3,1,22,3,0,0,22,1,1,1.1423,47,4019,4,5,1
65,4,-3,24,6,0,0,24,1,1,2.9622,68,6305,6,6,0
66,-7,6,23,4,0,0,23,1,1,0.3309,27,1549,0,2,0
66,-7,7,19,10,0,0,19,1,1,0.7109,22,1023,2,2,0
66,-7,8,15,5,0,0,15,1,1,0.4109,21,1258,1,2,0
66,-6,2,23,7,0,0,23,1,1,0.2109,22,910,0,1,0
66,-6,3,23,5,0,0,23,1,1,0.2123,22,804,0,1,0
66,-6,4,24,3,0,0,24,1,1,0.8609,28,1057,4,4,1
66,-6,5,15,5,0,0,15,1,1,0.3709,16,508,2,3,0
66,-6,6,18,7,0,0,18,1,1,0.3309,18,680,1,2,0
66,-6,7,20,4,0,0,20,1,1,0.1809,19,952,0,1,0
66,-6,8,21,5,0,0,21,1,1,1.0115,31,2060,4,5,1
66,-5,-2,25,5,0,0,25,1,1,0.7910,42,3335,1,3,0
66,-5,-1,36,3,0,0,36,1,1,2.2310,76,4915,8,6,2
66,-5,0,29,3,0,0,29,1,1,1.7428,35,1900,5,4,1
66,-5,1,21,7,0,0,21,1,1,0.1921,20,675,0,1,0
66,-5,2,19,7,0,0,19,1,1,0.4109,22,554,4,3,0
66,-5,3,24,7,0,0,24,1,1,0.2209,23,507,0,1,0
66,-5,4,24,8,0,0,24,1,1,0.2209,23,528,0,1,0
66,-5,5,21,7,0,0,21,1,1,0.1909,20,486,0,1,0
66,-5,6,22,5,0,0,22,1,1,1.4609,26,739,3,4,1
66,-5,7,28,7,0,0,28,1,1,1.3209,33,1079,3,4,1
66,-5,8,18,4,0,0,18,1,1,0.2511,18,926,1,2,0
66,-5,9,16,5,0,0,16,1,1,0.5811,22,1304,2,4,0
66,-4,-3,25,7,0,0,25,1,1,1.6309,63,5150,11,7,0
66,-4,-2,16,5,0,0,16,1,1,0.8709,29,2086,5,4,1
66,-4,-1,26,4,0,0,26,1,1,2.4809,45,2246,12,4,3
66,-4,0,24,6,0,0,24,1,1,0.6009,26,962,3,3,0
66,-4,1,21,6,0,0,21,1,1,0.8109,27,656,6,4,2
66,-4,2,12,9,0,0,12,1,1,1.2009,16,261,5,5,1
66,-4,3,20,7,0,0,20,1,1,0.7209,22,401,3,3,0
66,-4,4,20,5,0,0,20,1,1,0.9409,27,533,4,4,1
66,-4,5,23,4,0,0,23,1,1,0.8709,26,583,3,4,1
66,-4,6,25,4,0,0,25,1,1,0.4709,25,638,1,2,0
66,-4,7,13,3,0,0,13,1,1,0.7709,17,505,4,5,1
66,-4,8,25,7,0,0,25,1,1,0.4711,26,1237,2,2,0
66,-3,-3,13,6,0,0,13,1,1,1.3231,32,2612,10,12,0
66,-3,-2,20,7,0,0,20,1,1,0.3709,25,1471,0,2,0
66,-3,-1,13,2,0,0,13,1,1,0.5211,17,931,4,5,0
66,-3,0,23,6,0,0,23,1,1,0.6309,26,764,4,3,0
66,-3,1,20,4,0,0,20,1,1,0.9409,25,550,4,5,1
66,-3,2,18,5,0,0,18,1,1,0.1609,17,298,0,1,0
66,-3,3,22,5,0,0,22,1,1,0.2009,21,361,0,1,0
66,-3,4,23,6,0,0,23,1,1,0.2110,22,394,0,1,0
66,-3,5,15,4,0,0,15,1,1,0.1310,14,250,0,1,0
66,-3,6,20,5,0,0,20,1,1,2.4613,25,535,5,4,1
66,-3,7,23,5,0,0,23,1,1,0.2120,22,636,0,1,0
66,-2,-3,19,6,0,0,19,1,1,0.7011,36,2677,4,4,0
66,-2,-2,20,7,0,0,20,1,1,1.2309,33,1545,7,6,2
66,-2,-1,20,5,0,0,20,1,1,1.7811,27,1240,7,5,1
66,-2,0,23,5,0,0,23,1,1,0.4309,24,675,2,2,0
66,-2,1,35,4,0,0,35,1,1,1.5410,47,1194,9,4,2
66,-2,2,24,4,0,0,24,1,1,0.3109,24,467,1,2,0
66,-2,3,20,7,0,0,20,1,1,0.3709,21,386,2,2,0
66,-2,4,24,5,0,0,24,1,1,1.3409,33,634,9,4,1
66,-2,5,17,5,0,0,17,1,1,0.5809,19,369,3,3,0
66,-2,6,27,5,0,0,27,1,1,0.8509,30,795,3,4,1
66,-2,7,22,5,0,0,22,1,1,0.6909,26,869,4,4,1
66,-1,-4,17,5,0,0,17,1,1,0.8810,39,3130,3,4,0
66,-1,-3,21,7,0,0,21,1,1,0.5909,33,2508,1,3,0
66,-1,-2,24,7,0,0,24,1,1,0.4409,32,1860,0,2,0
66,-1,-1,14,4,0,0,14,1,1,0.3509,15,742,2,3,0
66,-1,0,23,7,0,0,23,1,1,0.6009,25,747,3,3,0
66,-1,1,22,8,0,0,22,1,1,1.6409,30,686,7,4,1
66,-1,2,17,10,0,0,17,1,1,2.5509,20,396,4,5,1
66,-1,3,25,4,0,0,25,1,1,1.6312,38,767,10,4,2
66,-1,4,20,7,0,0,20,1,1,0.3109,21,398,2,2,0
66,-1,5,22,10,0,0,22,1,1,0.6209,24,517,3,2,0
66,-1,6,21,5,0,0,21,1,1,0.3609,21,560,1,2,0
66,0,-4,22,4,0,0,22,1,1,1.6409,69,5965,15,7,1
66,0,-3,18,4,0,0,18,1,1,0.6709,35,2607,2,4,0
66,0,-2,16,4,0,0,16,1,1,0.8712,28,1878,3,5,1
66,0,-1,21,5,0,0,21,1,1,1.9210,39,1829,9,8,2
66,0,0,27,5,0,0,27,1,1,0.6409,29,1356,3,3,0
66,0,1,13,3,0,0,13,1,1,0.1124,12,436,0,1,0
66,0,2,21,5,0,0,21,1,1,1.9809,24,606,3,4,1
66,0,3,22,4,0,0,22,1,1,2.0215,27,624,4,4,1
66,0,4,25,7,0,0,25,1,1,4.7909,35,1001,10,4,1
66,0,5,17,7,0,0,17,1,1,0.1509,16,492,0,1,0
66,0,6,24,3,0,0,24,1,1,0.3010,24,1456,1,2,0
66,1,-5,13,4,0,0,13,1,1,0.7109,33,3019,1,4,0
66,1,-4,27,5,0,0,27,1,1,2.8509,77,6754,6,7,2
66,1,-3,22,5,0,0,22,1,1,1.5111,53,4049,8,7,1
66,1,-2,24,5,0,0,24,1,1,2.5209,51,3611,7,5,2
66,1,-1,20,5,0,0,20,1,1,0.7509,29,1770,3,3,0
66,1,0,18,4,0,0,18,1,1,0.4609,22,1139,3,2,0
66,1,1,21,4,0,0,21,1,1,1.8909,24,1089,3,4,1
66,1,2,27,5,0,0,27,1,1,0.7309,30,1538,4,2,0
66,1,3,17,6,0,0,17,1,1,0.2909,17,771,1,2,0
66,1,4,18,7,0,0,18,1,1,0.1609,17,777,0,1,0
66,1,5,19,5,0,0,19,1,1,0.3512,21,998,1,2,0
66,2,-5,18,7,0,0,18,1,1,1.3617,52,4764,6,8,1
66,2,-4,23,4,0,0,23,1,1,1.4831,68,6361,6,7,1
66,2,-3,15,4,0,0,15,1,1,0.8009,38,3291,4,6,0
66,2,-2,21,3,0,0,21,1,1,0.6710,38,2897,1,3,0
66,2,-1,31,5,0,0,31,1,1,1.8809,67,5425,10,6,1
66,2,0,32,4,0,0,32,1,1,1.8509,57,3409,9,5,1
66,2,1,19,5,0,0,19,1,1,0.3509,26,1570,1,2,0
66,2,2,17,3,0,0,17,1,1,0.3114,19,1079,0,2,0
66,2,3,23,5,0,0,23,1,1,0.8814,32,1920,4,5,1
66,2,4,18,5,0,0,18,1,1,0.7809,30,1806,3,4,1
66,2,5,22,6,0,0,22,1,1,0.6209,34,2157,2,3,0
66,3,-6,25,4,38,38,25,1,1,1.6633,62,5655,2,4,0
66,3,-5,19,5,5,5,19,1,1,1.6921,58,5400,8,6,0
66,3,-4,27,7,0,0,27,1,1,2.6118,81,7512,6,10,1
66,3,-3,25,6,0,0,25,1,1,5.1419,82,7504,13,7,2
66,3,-2,22,7,0,0,22,1,1,0.8309,52,4396,3,4,0
66,3,-1,16,5,0,0,16,1,1,1.3309,38,3006,4,5,1
66,3,0,20,7,0,0,20,1,1,0.7509,40,3070,3,4,0
66,3,1,22,3,0,0,22,1,1,0.8009,41,3335,2,3,0
66,4,-3,24,6,0,0,24,1,1,3.1923,71,6741,9,7,0
67,-7,6,23,4,0,0,23,1,1,0.9011,30,2024,4,4,1
67,-7,7,19,10,0,0,19,1,1,0.8909,27,1427,4,4,1
67,-7,8,15,5,0,0,15,1,1,0.4109,23,1376,3,3,0
67,-6,2,23,7,0,0,23,1,1,0.8809,27,1044,4,4,1
67,-6,3,23,5,0,0,23,1,1,2.1709,34,1022,9,4,2
67,-6,4,24,3,0,0,24,1,1,0.3509,25,896,2,2,0
67,-6,5,15,5,0,0,15,1,1,0.2610,16,554,2,2,0
67,-6,6,18,7,0,0,18,1,1,0.9409,22,769,5,6,0
67,-6,7,20,4,0,0,20,1,1,0.1809,19,932,0,1,0
67,-6,8,21,5,0,0,21,1,1,0.5909,28,1937,4,3,0
67,-5,-2,25,5,0,0,25,1,1,0.7910,43,3296,1,3,0
67,-5,-1,36,3,0,0,36,1,1,1.8810,67,4411,5,5,1
67,-5,0,29,3,0,0,29,1,1,0.7609,32,1759,4,3,0
67,-5,1,21,7,0,0,21,1,1,0.5609,22,785,2,3,0
67,-5,2,19,7,0,0,19,1,1,0.7709,24,603,4,4,1
67,-5,3,24,7,0,0,24,1,1,1.1409,29,683,4,4,1
67,-5,4,24,8,0,0,24,1,1,6.2009,52,1574,28,27,1
67,-5,5,21,7,0,0,21,1,1,1.9709,29,657,7,4,2
67,-5,6,22,5,0,0,22,1,1,0.4109,24,737,3,2,0
67,-5,7,28,7,0,0,28,1,1,2.1309,37,1110,9,4,2
67,-5,8,18,4,0,0,18,1,1,0.1609,17,860,0,1,0
67,-5,9,16,5,0,0,16,1,1,0.4415,20,1166,1,3,0
67,-4,-3,25,7,0,0,25,1,1,1.1510,52,4112,1,3,0
67,-4,-2,16,5,0,0,16,1,1,0.5709,27,1881,4,4,0
67,-4,-1,26,4,0,0,26,1,1,1.3409,34,1909,5,5,1
67,-4,0,24,6,0,0,24,1,1,0.2209,23,867,0,1,0
67,-4,1,21,6,0,0,21,1,1,0.1909,20,488,0,1,0
67,-4,2,12,9,0,0,12,1,1,0.3209,13,234,2,3,0
67,-4,3,20,7,0,0,20,1,1,0.3409,20,371,1,2,0
67,-4,4,20,5,0,0,20,1,1,0.3709,20,381,1,2,0
67,-4,5,23,4,0,0,23,1,1,0.8709,27,605,5,2,0
67,-4,6,25,4,0,0,25,1,1,0.7215,29,771,5,4,0
67,-4,7,13,3,0,0,13,1,1,0.1709,13,405,1,2,0
67,-4,8,25,7,0,0,25,1,1,0.4710,26,1216,2,2,0
67,-3,-3,13,6,0,0,13,1,1,0.4509,23,1678,1,3,0
67,-3,-2,20,7,0,0,20,1,1,0.3709,28,1712,2,2,0
67,-3,-1,13,2,0,0,13,1,1,0.7109,24,1021,10,6,1
67,-3,0,23,6,0,0,23,1,1,1.2909,30,849,5,6,0
67,-3,1,20,4,0,0,20,1,1,0.5209,23,476,4,3,0
67,-3,2,18,5,0,0,18,1,1,0.2509,18,326,1,2,0
67,-3,3,22,5,0,0,22,1,1,0.2009,21,372,0,1,0
67,-3,4,23,6,0,0,23,1,1,0.2110,22,398,0,1,0
67,-3,5,15,4,0,0,15,1,1,0.1311,14,256,0,1,0
67,-3,6,20,5,0,0,20,1,1,0.3709,20,454,1,2,0
67,-3,7,23,5,0,0,23,1,1,0.6409,27,811,5,3,0
67,-2,-3,19,6,0,0,19,1,1,0.5212,32,2389,1,3,0
67,-2,-2,20,7,0,0,20,1,1,0.3709,25,1245,1,2,0
67,-2,-1,20,5,0,0,20,1,1,0.4509,21,1065,2,3,0
67,-2,0,23,5,0,0,23,1,1,0.4309,23,677,1,2,0
67,-2,1,35,4,0,0,35,1,1,1.5410,43,1070,6,4,1
67,-2,2,24,4,0,0,24,1,1,1.3609,29,554,4,4,1
67,-2,3,20,7,0,1,1,0,0,-1.0000,175,2831,156,157,0
67,-2,4,24,5,0,0,24,1,1,0.2210,23,430,0,1,0
67,-2,5,17,5,0,0,17,1,1,1.2209,24,466,6,7,2
67,-2,6,27,5,0,0,27,1,1,0.5009,28,730,2,2,0
67,-2,7,22,5,0,0,22,1,1,0.9009,26,790,4,4,1
67,-1,-4,17,5,0,0,17,1,1,0.7812,38,3060,2,4,0
67,-1,-3,21,7,0,0,21,1,1,0.5909,35,2645,2,3,0
67,-1,-2,24,7,0,0,24,1,1,0.6709,33,1944,1,2,0
67,-1,-1,14,4,0,0,14,1,1,0.1209,13,620,0,1,0
67,-1,0,23,7,0,0,23,1,1,0.6009,25,750,3,2,0
67,-1,1,22,8,0,0,22,1,1,0.2009,21,466,0,1,0
67,-1,2,17,10,0,0,17,1,1,0.4709,18,381,2,3,0
67,-1,3,25,4,0,0,25,1,1,0.2309,24,497,0,1,0
67,-1,4,20,7,0,0,20,1,1,0.4709,21,390,2,3,0
67,-1,5,22,10,0,0,22,1,1,0.2009,21,470,0,1,0
67,-1,6,21,5,0,0,21,1,1,1.3609,26,709,6,4,1
67,0,-4,22,4,0,0,22,1,1,1.5022,61,5400,4,7,1
67,0,-3,18,4,0,0,18,1,1,0.6109,36,2775,3,4,0
67,0,-2,16,4,0,0,16,1,1,0.4115,24,1596,1,3,0
67,0,-1,21,5,0,0,21,1,1,0.9209,26,1311,3,3,0
67,0,0,27,5,0,0,27,1,1,0.3809,27,1157,1,2,0
67,0,1,13,3,0,0,13,1,1,0.1125,12,448,0,1,0
67,0,2,21,5,0,0,21,1,1,0.4509,22,585,2,3,0
67,0,3,22,4,0,0,22,1,1,0.3409,22,535,1,2,0
67,0,4,25,7,0,0,25,1,1,0.7109,26,769,2,2,0
67,0,5,17,7,0,0,17,1,1,0.6309,20,599,4,3,0
67,0,6,24,3,0,0,24,1,1,0.9909,28,1493,4,4,1
67,1,-5,13,4,0,0,13,1,1,0.7109,37,3460,6,6,1
67,1,-4,27,5,0,0,27,1,1,2.5909,75,6375,4,7,1
67,1,-3,22,5,0,0,22,1,1,0.6712,38,3112,0,3,0
67,1,-2,24,5,0,0,24,1,1,0.9109,45,3168,3,3,0
67,1,-1,20,5,0,0,20,1,1,0.5609,26,1783,1,3,0
67,1,0,18,4,0,0,18,1,1,0.2409,19,1012,0,2,0
67,1,1,21,4,0,0,21,1,1,0.1909,20,998,0,1,0
67,1,2,27,5,0,0,27,1,1,0.7510,30,1603,4,3,0
67,1,3,17,6,0,0,17,1,1,1.0909,24,992,6,4,1
67,1,4,18,7,0,0,18,1,1,0.1609,17,762,0,1,0
67,1,5,19,5,0,0,19,1,1,0.3511,21,973,1,2,0
67,2,-5,18,7,0,0,18,1,1,1.4820,46,4099,4,5,0
67,2,-4,23,4,0,0,23,1,1,1.3012,59,5433,2,4,0
67,2,-3,15,4,0,0,15,1,1,0.6609,37,3175,3,5,0
67,2,-2,21,3,0,0,21,1,1,0.6710,38,3027,1,4,0
67,2,-1,31,5,0,0,31,1,1,1.4909,59,4608,6,5,0
67,2,0,32,4,0,0,32,1,1,0.9209,47,2857,2,3,0
67,2,1,19,5,0,0,19,1,1,1.7909,29,1533,3,4,1
67,2,2,17,3,0,0,17,1,1,0.5709,25,1565,4,4,1
67,2,3,23,5,0,0,23,1,1,0.4309,29,1489,0,2,0
67,2,4,18,5,0,0,18,1,1,0.5009,25,1584,1,3,0
67,2,5,22,6,0,0,22,1,1,1.2509,40,2662,5,5,1
67,3,-6,25,4,43,43,25,1,1,2.1433,66,5976,6,6,0
67,3,-5,19,5,8,8,19,1,1,1.5123,50,4661,1,4,0
67,3,-4,27,7,0,0,27,1,1,2.0310,70,6309,2,4,0
67,3,-3,25,6,0,0,25,1,1,4.1817,66,5887,5,6,1
67,3,-2,22,7,0,0,22,1,1,1.4609,56,4657,7,5,0
67,3,-1,16,5,0,0,16,1,1,4.6309,63,3491,31,25,1
67,3,0,20,7,0,0,20,1,1,0.7509,38,2885,2,4,0
67,3,1,22,3,0,0,22,1,1,0.8009,41,3395,2,4,0
67,4,-3,24,6,0,0,24,1,1,2.2722,65,6206,3,4,0
68,-7,6,23,4,0,0,23,1,1,0.8813,36,2008,8,5,1
68,-7,7,19,10,0,0,19,1,1,0.3509,19,991,0,2,0
68,-7,8,15,5,0,0,15,1,1,0.9709,29,1581,3,6,1
68,-6,2,23,7,0,0,23,1,1,0.4309,23,1005,1,2,0
68,-6,3,23,5,0,0,23,1,1,0.3109,24,850,2,2,0
68,-6,4,24,3,0,0,24,1,1,0.5209,26,872,3,3,0
68,-6,5,15,5,0,0,15,1,1,0.2609,15,497,1,2,0
68,-6,6,18,7,0,0,18,1,1,3.1519,21,771,3,4,1
68,-6,7,20,4,0,0,20,1,1,0.3025,21,1032,2,2,0
68,-6,8,21,5,0,0,21,1,1,0.5909,28,1735,3,3,0
68,-5,-2,25,5,0,0,25,1,1,0.8111,44,3387,2,4,0
68,-5,-1,36,3,0,0,36,1,1,1.3210,60,3978,3,3,0
68,-5,0,29,3,0,0,29,1,1,1.1409,34,1785,5,4,1
68,-5,1,21,7,0,0,21,1,1,0.3609,21,734,1,2,0
68,-5,2,19,7,0,0,19,1,1,0.2309,19,471,1,2,0
68,-5,3,24,7,0,0,24,1,1,0.4509,24,546,1,2,0
68,-5,4,24,8,0,0,24,1,1,0.2209,23,528,0,1,0
68,-5,5,21,7,0,0,21,1,1,1.9709,24,530,3,4,1
68,-5,6,22,5,0,0,22,1,1,0.4109,22,671,1,2,0
68,-5,7,28,7,0,0,28,1,1,1.3209,33,1042,5,4,1
68,-5,8,18,4,0,0,18,1,1,0.3309,18,924,1,2,0
68,-5,9,16,5,0,0,16,1,1,1.4509,24,1240,4,4,1
68,-4,-3,25,7,0,0,25,1,1,1.6826,57,4707,5,5,1
68,-4,-2,16,5,0,0,16,1,1,0.4209,24,1591,1,2,0
68,-4,-1,26,4,0,0,26,1,1,1.2309,41,2397,8,4,2
68,-4,0,24,6,0,0,24,1,1,0.4509,26,978,3,2,0
68,-4,1,21,6,0,0,21,1,1,0.2510,21,534,1,2,0
68,-4,2,12,9,0,0,12,1,1,0.1009,11,181,0,1,0
68,-4,3,20,7,0,0,20,1,1,0.1811,19,360,0,1,0
68,-4,4,20,5,0,0,20,1,1,0.3709,22,427,3,2,0
68,-4,5,23,4,0,0,23,1,1,0.2514,23,523,1,2,0
68,-4,6,25,4,0,0,25,1,1,0.4709,26,657,2,2,0
68,-4,7,13,3,0,0,13,1,1,0.7709,18,505,5,4,1
68,-4,8,25,7,0,0,25,1,1,0.6909,28,1338,4,3,0
68,-3,-3,13,6,0,0,13,1,1,0.5709,24,1830,2,5,0
68,-3,-2,20,7,0,0,20,1,1,0.7509,28,1684,3,4,0
68,-3,-1,13,2,0,0,13,1,1,0.2809,14,768,2,3,0
68,-3,0,23,6,0,0,23,1,1,0.4109,23,698,1,2,0
68,-3,1,20,4,0,0,20,1,1,1.2809,24,487,3,4,1
68,-3,2,18,5,0,0,18,1,1,0.3309,19,337,2,2,0
68,-3,3,22,5,0,0,22,1,1,0.6209,23,402,2,3,0
68,-3,4,23,6,0,0,23,1,1,0.3109,23,412,1,2,0
68,-3,5,15,4,0,0,15,1,1,0.2609,15,269,1,2,0
68,-3,6,20,5,0,0,20,1,1,0.3709,21,454,2,2,0
68,-3,7,23,5,0,0,23,1,1,0.2121,22,653,0,1,0
68,-2,-3,19,6,0,0,19,1,1,0.6709,34,2497,2,3,0
68,-2,-2,20,7,0,0,20,1,1,0.5209,26,1261,2,3,0
68,-2,-1,20,5,0,0,20,1,1,0.3209,20,939,1,2,0
68,-2,0,23,5,0,0,23,1,1,1.3109,31,868,8,4,1
68,-2,1,35,4,0,0,35,1,1,1.5410,40,992,5,4,1
68,-2,2,24,4,0,0,24,1,1,0.6109,26,486,3,3,0
68,-2,3,20,7,0,0,20,1,1,0.9409,24,431,4,4,1
68,-2,4,24,5,0,0,24,1,1,0.2209,23,423,0,1,0
68,-2,5,17,5,0,0,17,1,1,0.2609,17,320,1,2,0
68,-2,6,27,5,0,0,27,1,1,1.6309,35,876,6,4,1
68,-2,7,22,5,0,0,22,1,1,0.2019,21,691,0,1,0
68,-1,-4,17,5,0,0,17,1,1,0.6312,37,3066,1,4,0
68,-1,-3,21,7,0,0,21,1,1,0.5909,33,2446,0,3,0
68,-1,-2,24,7,0,0,24,1,1,2.5109,39,2195,4,4,1
68,-1,-1,14,4,0,0,14,1,1,0.1209,13,622,0,1,0
68,-1,0,23,7,0,0,23,1,1,0.3809,23,677,1,2,0
68,-1,1,22,8,0,0,22,1,1,0.4109,23,530,2,2,0
68,-1,2,17,10,0,0,17,1,1,0.1509,16,324,0,1,0
68,-1,3,25,4,0,0,25,1,1,0.3909,25,518,1,2,0
68,-1,4,20,7,0,0,20,1,1,0.1809,19,359,0,1,0
68,-1,5,22,10,0,0,22,1,1,0.8309,26,539,5,3,0
68,-1,6,21,5,0,0,21,1,1,0.3609,22,607,2,2,0
68,0,-4,22,4,0,0,22,1,1,0.8009,52,4506,1,4,0
68,0,-3,18,4,0,0,18,1,1,1.7310,53,3687,12,10,1
68,0,-2,16,4,0,0,16,1,1,0.5309,24,1590,2,3,0
68,0,-1,21,5,0,0,21,1,1,0.9209,29,1482,5,4,1
68,0,0,27,5,0,0,27,1,1,2.5309,31,1265,4,4,1
68,0,1,13,3,0,0,13,1,1,0.1123,12,453,0,1,0
68,0,2,21,5,0,0,21,1,1,1.2509,28,714,4,4,1
68,0,3,22,4,0,0,22,1,1,1.2709,27,598,5,6,1
68,0,4,25,7,0,0,25,1,1,0.2309,24,728,0,1,0
68,0,5,17,7,0,0,17,1,1,0.4709,18,536,2,2,0
68,0,6,24,3,0,0,24,1,1,0.7609,28,1741,3,4,1
68,1,-5,13,4,1,1,13,1,1,0.8310,34,3029,2,4,0
68,1,-4,27,5,0,0,27,1,1,2.4113,71,6114,4,7,1
68,1,-3,22,5,0,0,22,1,1,1.0409,41,3298,2,5,0
68,1,-2,24,5,0,0,24,1,1,3.9009,65,3595,17,15,1
68,1,-1,20,5,0,0,18,0,1,-1.0000,185,7046,160,157,0
68,1,0,18,4,0,0,18,1,1,0.4109,21,1101,2,2,0
68,1,1,21,4,0,0,21,1,1,0.2909,21,1063,1,2,0
68,1,2,27,5,0,0,27,1,1,1.5109,40,1944,7,4,2
68,1,3,17,6,0,0,17,1,1,0.9309,23,991,6,4,1
68,1,4,18,7,0,0,18,1,1,0.5009,19,882,2,2,0
68,1,5,19,5,0,0,19,1,1,0.3909,21,956,1,2,0
68,2,-5,18,7,2,2,18,1,1,2.5020,69,6085,8,8,1
68,2,-4,23,4,0,0,23,1,1,2.3011,80,7534,12,8,2
68,2,-3,15,4,0,0,15,1,1,0.5209,34,2881,0,3,0
68,2,-2,21,3,0,0,21,1,1,0.7110,39,3119,3,4,0
68,2,-1,31,5,0,0,31,1,1,1.2809,58,4368,3,3,0
68,2,0,32,4,0,0,32,1,1,2.1609,55,3254,6,6,1
68,2,1,19,5,0,0,19,1,1,0.5309,27,1584,3,3,0
68,2,2,17,3,0,0,17,1,1,0.4509,20,1086,1,2,0
68,2,3,23,5,0,0,23,1,1,0.9609,31,1579,3,4,0
68,2,4,18,5,0,0,18,1,1,0.3309,25,1610,1,2,0
68,2,5,22,6,0,0,22,1,1,0.7609,36,2390,4,4,0
68,3,-6,25,4,38,38,25,1,1,2.8634,77,7214,8,8,1
68,3,-5,19,5,2,2,19,1,1,1.6032,60,5634,5,8,1
68,3,-4,27,7,0,0,27,1,1,1.5110,70,6523,3,5,0
68,3,-3,25,6,0,0,25,1,1,3.7016,62,5746,5,5,1
68,3,-2,22,7,0,0,22,1,1,1.8809,59,4971,9,8,1
68,3,-1,16,5,0,0,16,1,1,0.5809,32,2576,2,4,0
68,3,0,20,7,0,0,20,1,1,0.7509,36,2765,1,3,0
68,3,1,22,3,0,0,22,1,1,1.2209,46,3646,7,6,0
68,4,-3,24,6,0,0,24,1,1,2.2720,67,6235,5,4,0
69,-7,6,23,4,0,0,23,1,1,1.2009,33,1868,5,4,1
69,-7,7,19,10,0,0,19,1,1,0.7109,25,1090,3,2,0
69,-7,8,15,5,0,0,15,1,1,0.2709,20,1252,0,2,0
69,-6,2,23,7,0,0,23,1,1,0.4309,23,957,1,2,0
69,-6,3,23,5,0,0,23,1,1,0.8509,26,985,3,4,1
69,-6,4,24,3,0,0,24,1,1,0.4114,25,865,2,2,0
69,-6,5,15,5,0,0,15,1,1,0.2309,15,489,1,2,0
69,-6,6,18,7,0,0,18,1,1,0.1609,17,685,0,1,0
69,-6,7,20,4,0,0,20,1,1,0.6409,23,1236,3,4,1
69,-6,8,21,5,0,0,21,1,1,1.0116,32,2005,4,5,1
69,-5,-2,25,5,0,0,25,1,1,1.1115,51,4061,7,5,1
69,-5,-1,36,3,0,0,36,1,1,1.3210,61,4253,5,4,0
69,-5,0,29,3,0,0,29,1,1,1.7009,36,1909,5,4,1
69,-5,1,21,7,0,0,21,1,1,1.4009,27,880,6,4,1
69,-5,2,19,7,0,0,19,1,1,0.1709,18,434,0,1,0
69,-5,3,24,7,0,0,24,1,1,0.2209,23,509,0,1,0
69,-5,4,24,8,0,0,24,1,1,0.6809,26,586,3,2,0
69,-5,5,21,7,0,0,21,1,1,2.5709,28,635,6,4,2
69,-5,6,22,5,0,0,22,1,1,0.2909,22,678,1,2,0
69,-5,7,28,7,0,0,28,1,1,0.5109,29,995,2,2,0
69,-5,8,18,4,0,0,18,1,1,0.3009,18,954,1,2,0
69,-5,9,16,5,0,0,16,1,1,0.2917,19,1085,0,2,0
69,-4,-3,25,7,0,0,25,1,1,1.8709,60,4815,9,4,0
69,-4,-2,16,5,0,0,16,1,1,0.8709,31,2324,4,5,1
69,-4,-1,26,4,0,0,26,1,1,1.0909,39,1999,6,4,1
69,-4,0,24,6,0,0,24,1,1,0.6809,25,893,2,2,0
69,-4,1,21,6,0,0,21,1,1,1.4109,29,666,9,8,0
69,-4,2,12,9,0,0,12,1,1,0.1009,11,189,0,1,0
69,-4,3,20,7,0,0,20,1,1,0.9109,24,440,5,3,0
69,-4,4,20,5,0,0,20,1,1,1.3209,25,469,5,4,1
69,-4,5,23,4,0,0,23,1,1,0.4309,23,528,1,2,0
69,-4,6,25,4,0,0,25,1,1,0.2309,24,604,0,1,0
69,-4,7,13,3,0,0,13,1,1,0.2309,13,434,1,2,0
69,-4,8,25,7,0,0,25,1,1,0.9309,27,1214,3,3,0
69,-3,-3,13,6,0,0,13,1,1,0.4509,23,1619,1,4,0
69,-3,-2,20,7,0,0,20,1,1,0.9409,32,2030,4,4,1
69,-3,-1,13,2,0,0,13,1,1,0.5009,19,1081,5,4,1
69,-3,0,23,6,0,0,23,1,1,1.0109,32,913,5,4,1
69,-3,1,20,4,0,0,20,1,1,0.7109,23,459,4,4,0
69,-3,2,18,5,0,0,18,1,1,0.1609,17,290,0,1,0
69,-3,3,22,5,0,0,22,1,1,1.0409,25,430,4,3,0
69,-3,4,23,6,0,0,23,1,1,0.2110,22,378,0,1,0
69,-3,5,15,4,0,0,15,1,1,0.9809,25,477,11,8,1
69,-3,6,20,5,0,0,20,1,1,0.7609,23,510,3,4,1
69,-3,7,23,5,0,0,23,1,1,0.8609,27,783,5,3,0
69,-2,-3,19,6,0,0,19,1,1,1.2618,42,3081,9,4,1
69,-2,-2,20,7,0,0,20,1,1,1.0409,31,1643,6,5,1
69,-2,-1,20,5,0,0,20,1,1,0.2724,20,1011,1,2,0
69,-2,0,23,5,0,0,23,1,1,0.2109,22,640,0,1,0
69,-2,1,35,4,0,0,35,1,1,0.3310,34,858,0,1,0
69,-2,2,24,4,0,0,24,1,1,1.5309,29,543,5,4,1
69,-2,3,20,7,0,0,20,1,1,0.3709,20,354,1,2,0
69,-2,4,24,5,0,0,24,1,1,2.2609,37,662,11,7,3
69,-2,5,17,5,0,0,17,1,1,1.5409,31,592,11,5,3
69,-2,6,27,5,0,0,27,1,1,1.1609,32,854,4,4,1
69,-2,7,22,5,0,0,22,1,1,1.4720,32,1153,10,8,1
69,-1,-4,17,5,0,0,17,1,1,0.9514,41,3306,5,6,0
69,-1,-3,21,7,0,0,21,1,1,0.5909,34,2498,1,3,0
69,-1,-2,24,7,0,0,24,1,1,0.4409,32,1877,0,2,0
69,-1,-1,14,4,0,0,14,1,1,0.8709,16,692,3,4,1
69,-1,0,23,7,0,0,23,1,1,0.2509,23,649,1,2,0
69,-1,1,22,8,0,0,22,1,1,0.3809,23,502,2,2,0
69,-1,2,17,10,0,0,17,1,1,0.7909,21,421,3,4,1
69,-1,3,25,4,0,0,25,1,1,0.2309,24,496,0,1,0
69,-1,4,20,7,0,0,20,1,1,0.1809,19,375,0,1,0
69,-1,5,22,10,0,0,22,1,1,0.2009,21,444,0,1,0
69,-1,6,21,5,0,0,21,1,1,0.5609,22,583,2,3,0
69,0,-4,22,4,0,0,22,1,1,1.0109,55,4693,4,4,0
69,0,-3,18,4,0,0,18,1,1,1.0613,36,2679,4,7,0
69,0,-2,16,4,0,0,16,1,1,1.2809,39,2565,11,7,3
69,0,-1,21,5,0,0,21,1,1,1.3709,28,1250,4,4,1
69,0,0,27,5,0,0,27,1,1,0.2509,26,1106,0,1,0
69,0,1,13,3,0,0,13,1,1,0.2209,13,491,1,2,0
69,0,2,21,5,0,0,21,1,1,0.9809,27,748,3,4,1
69,0,3,22,4,0,0,22,1,1,0.4109,22,514,1,2,0
69,0,4,25,7,0,0,25,1,1,1.1909,33,993,5,4,1
69,0,5,17,7,0,0,17,1,1,0.1509,16,465,0,1,0
69,0,6,24,3,0,0,24,1,1,1.1009,31,1909,6,4,1
69,1,-5,13,4,0,0,13,1,1,1.4310,46,4183,4,8,1
69,1,-4,27,5,0,0,27,1,1,1.8109,67,5895,4,5,0
69,1,-3,22,5,0,0,22,1,1,1.9109,53,3978,11,7,2
69,1,-2,24,5,0,0,24,1,1,1.6009,54,3715,8,6,1
69,1,-1,20,5,0,0,20,1,1,0.5609,29,1820,3,3,0
69,1,0,18,4,0,0,18,1,1,0.2409,19,995,0,2,0
69,1,1,21,4,0,0,21,1,1,1.0909,31,1681,7,4,2
69,1,2,27,5,0,0,27,1,1,0.3009,27,1355,1,2,0
69,1,3,17,6,0,0,17,1,1,0.8009,24,1137,7,5,2
69,1,4,18,7,0,0,18,1,1,1.6909,21,852,3,4,1
69,1,5,19,5,0,0,19,1,1,1.3409,31,1734,8,4,2
69,2,-5,18,7,1,1,18,1,1,2.5020,63,5624,11,9,1
69,2,-4,23,4,0,0,23,1,1,2.7415,78,7301,11,9,2
69,2,-3,15,4,0,0,15,1,1,1.3609,67,6001,20,9,4
69,2,-2,21,3,0,0,21,1,1,1.4711,45,3445,7,8,0
69,2,-1,31,5,0,0,31,1,1,2.9909,69,5055,8,5,2
69,2,0,32,4,0,0,32,1,1,2.7809,68,3999,15,5,3
69,2,1,19,5,0,0,19,1,1,0.3509,25,1473,0,2,0
69,2,2,17,3,0,0,17,1,1,0.6314,21,1277,2,4,0
69,2,3,23,5,0,0,23,1,1,0.4309,29,1513,0,2,0
69,2,4,18,5,0,0,18,1,1,0.4409,27,1645,2,3,0
69,2,5,22,6,0,0,22,1,1,0.7609,35,2199,3,3,0
69,3,-6,25,4,40,40,25,1,1,1.9035,64,5856,4,4,0
69,3,-5,19,5,3,3,19,1,1,2.5036,76,7286,15,9,4
69,3,-4,27,7,0,0,27,1,1,2.3928,79,7368,5,8,1
69,3,-3,25,6,0,0,25,1,1,1.7815,61,5605,5,5,0
69,3,-2,22,7,0,0,22,1,1,1.2509,57,4906,8,6,0
69,3,-1,16,5,0,0,16,1,1,0.8809,32,2477,2,4,0
69,3,0,20,7,0,0,20,1,1,0.7509,38,2778,1,4,0
69,3,1,22,3,0,0,22,1,1,1.6729,53,4284,8,8,2
69,4,-3,24,6,0,0,24,1,1,4.0224,81,7807,7,8,2
70,-7,6,23,4,0,0,23,1,1,0.5510,26,1610,2,3,0
70,-7,7,19,10,0,0,19,1,1,0.7109,24,1073,2,2,0
70,-7,8,15,5,0,0,15,1,1,0.8609,26,1433,5,4,1
70,-6,2,23,7,0,0,23,1,1,0.8809,30,1136,7,4,1
70,-6,3,23,5,0,0,23,1,1,1.6009,30,920,8,8,0
70,-6,4,24,3,0,0,24,1,1,0.4116,24,823,1,2,0
70,-6,5,15,5,0,0,15,1,1,0.6509,20,642,3,4,1
70,-6,6,18,7,0,0,18,1,1,0.5009,19,722,2,3,0
70,-6,7,20,4,0,0,20,1,1,0.1809,19,900,0,1,0
70,-6,8,21,5,0,0,21,1,1,0.7909,31,1815,3,4,0
70,-5,-2,25,5,0,0,25,1,1,2.0714,48,3811,4,4,1
70,-5,-1,36,3,0,0,36,1,1,1.0121,58,4083,2,3,0
70,-5,0,29,3,0,0,29,1,1,1.1914,32,1927,3,4,1
70,-5,1,21,7,0,0,21,1,1,3.1609,23,801,3,4,1
70,-5,2,19,7,0,0,19,1,1,1.1309,30,767,10,5,2
70,-5,3,24,7,0,0,24,1,1,1.6009,28,615,4,4,1
70,-5,4,24,8,0,0,24,1,1,2.2909,31,669,6,4,2
70,-5,5,21,7,0,0,21,1,1,0.1910,20,466,0,1,0
70,-5,6,22,5,0,0,22,1,1,2.0909,26,739,5,4,1
70,-5,7,28,7,0,0,28,1,1,1.8609,37,1131,8,6,2
70,-5,8,18,4,0,0,18,1,1,0.1609,17,881,0,1,0
70,-5,9,16,5,0,0,16,1,1,0.8509,25,1487,4,5,1
70,-4,-3,25,7,0,0,25,1,1,1.3909,53,4161,2,4,0
70,-4,-2,16,5,0,0,16,1,1,0.4429,24,1680,1,2,0
70,-4,-1,26,4,0,0,26,1,1,0.9809,35,2000,5,4,1
70,-4,0,24,6,0,0,24,1,1,2.2109,36,1191,10,4,3
70,-4,1,21,6,0,0,21,1,1,0.2215,21,539,1,2,0
70,-4,2,12,9,0,0,12,1,1,0.1009,11,189,0,1,0
70,-4,3,20,7,0,0,20,1,1,1.8609,35,681,11,7,0
70,-4,4,20,5,0,0,20,1,1,0.5609,22,422,3,3,0
70,-4,5,23,4,0,0,23,1,1,0.2109,22,512,0,1,0
70,-4,6,25,4,0,0,25,1,1,0.2309,24,599,0,1,0
70,-4,7,13,3,0,0,13,1,1,0.7709,20,561,7,5,1
70,-4,8,25,7,0,0,25,1,1,10.7709,67,1919,42,38,1
70,-3,-3,13,6,0,0,13,1,1,0.3631,24,1799,2,4,0
70,-3,-2,20,7,0,0,20,1,1,0.3709,25,1483,0,2,0
70,-3,-1,13,2,0,0,13,1,1,0.1609,13,665,1,2,0
70,-3,0,23,6,0,0,23,1,1,0.3509,23,692,1,2,0
70,-3,1,20,4,0,0,20,1,1,0.8409,25,515,3,4,1
70,-3,2,18,5,0,0,18,1,1,2.1409,32,554,13,11,1
70,-3,3,22,5,0,0,22,1,1,0.2009,21,368,0,1,0
70,-3,4,23,6,0,0,23,1,1,0.3109,23,412,1,2,0
70,-3,5,15,4,0,0,13,0,1,-1.0000,227,3448,213,214,0
70,-3,6,20,5,0,0,20,1,1,0.7609,24,509,4,4,1
70,-3,7,23,5,0,0,23,1,1,0.6409,25,737,3,3,0
70,-2,-3,19,6,0,0,19,1,1,0.5212,34,2587,2,3,0
70,-2,-2,20,7,0,0,20,1,1,0.7110,28,1324,4,4,0
70,-2,-1,20,5,0,0,20,1,1,0.2609,20,988,1,2,0
70,-2,0,23,5,0,0,23,1,1,1.9709,33,872,6,5,2
70,-2,1,35,4,0,0,35,1,1,0.6110,38,947,4,2,0
70,-2,2,24,4,0,0,24,1,1,1.5309,31,597,7,4,2
70,-2,3,20,7,0,0,20,1,1,2.0809,37,642,12,10,3
70,-2,4,24,5,0,0,24,1,1,1.1109,29,527,3,4,1
70,-2,5,17,5,0,0,17,1,1,0.3109,17,322,1,2,0
70,-2,6,27,5,0,0,27,1,1,0.3809,29,749,3,2,0
70,-2,7,22,5,0,0,22,1,1,1.8209,26,856,5,4,1
70,-1,-4,17,5,0,0,17,1,1,1.0409,41,3177,6,4,0
70,-1,-3,21,7,0,0,21,1,1,0.9909,39,2836,7,4,0
70,-1,-2,24,7,0,0,24,1,1,0.9009,37,2073,5,3,0
70,-1,-1,14,4,0,0,14,1,1,1.2621,17,734,3,4,1
70,-1,0,23,7,0,0,23,1,1,1.0809,29,892,5,5,1
70,-1,1,22,8,0,0,22,1,1,1.4612,31,738,10,7,2
70,-1,2,17,10,0,0,17,1,1,3.5109,21,413,3,4,1
70,-1,3,25,4,0,0,25,1,1,0.2309,24,507,0,1,0
70,-1,4,20,7,0,0,20,1,1,0.2809,20,374,1,2,0
70,-1,5,22,10,0,0,22,1,1,0.2009,21,455,0,1,0
70,-1,6,21,5,0,0,21,1,1,0.7609,23,621,3,3,0
70,0,-4,22,4,0,0,22,1,1,1.8509,71,5932,12,8,2
70,0,-3,18,4,0,0,18,1,1,0.7809,38,2792,5,5,0
70,0,-2,16,4,0,0,16,1,1,1.1309,34,2259,8,6,2
70,0,-1,21,5,0,0,21,1,1,1.3709,34,1668,5,7,1
70,0,0,27,5,0,0,27,1,1,0.4509,27,1133,1,2,0
70,0,1,13,3,0,0,13,1,1,0.1123,12,447,0,1,0
70,0,2,21,5,0,0,21,1,1,1.9809,29,744,7,4,1
70,0,3,22,4,0,0,22,1,1,2.0217,27,628,4,4,1
70,0,4,25,7,0,0,25,1,1,0.4709,25,767,1,2,0
70,0,5,17,7,0,0,17,1,1,0.1509,16,489,0,1,0
70,0,6,24,3,0,0,24,1,1,1.2209,30,1495,6,4,1
70,1,-5,13,4,4,4,13,1,1,0.7111,34,3110,2,4,0
70,1,-4,27,5,0,0,27,1,1,3.1109,98,8430,14,9,2
70,1,-3,22,5,0,0,22,1,1,2.5638,57,4983,15,13,0
70,1,-2,24,5,0,0,24,1,1,0.6809,44,3081,1,3,0
70,1,-1,20,5,0,0,20,1,1,0.5609,30,1973,3,3,0
70,1,0,18,4,0,0,18,1,1,0.2409,20,1134,1,2,0
70,1,1,21,4,0,0,21,1,1,0.3909,21,1051,1,2,0
70,1,2,27,5,0,0,27,1,1,0.5123,28,1419,2,2,0
70,1,3,17,6,0,0,17,1,1,0.1726,17,785,1,2,0
70,1,4,18,7,0,0,18,1,1,0.3309,18,836,1,2,0
70,1,5,19,5,0,0,19,1,1,0.5209,22,1007,3,3,0
70,2,-5,18,7,0,0,18,1,1,2.0324,57,5307,10,11,2
70,2,-4,23,4,0,0,23,1,1,2.3009,64,5695,6,5,1
70,2,-3,15,4,0,0,15,1,1,0.8009,38,3125,4,3,0
70,2,-2,21,3,0,0,21,1,1,1.6209,48,3649,7,5,1
70,2,-1,31,5,0,0,31,1,1,1.1909,59,4406,3,3,0
70,2,0,32,4,0,0,32,1,1,0.9209,49,2922,3,3,0
70,2,1,19,5,0,0,19,1,1,1.7909,30,1819,7,5,2
70,2,2,17,3,0,0,17,1,1,0.4713,20,1210,1,3,0
70,2,3,23,5,0,0,23,1,1,0.7409,32,1665,4,4,0
70,2,4,18,5,0,0,18,1,1,0.3309,24,1472,0,2,0
70,2,5,22,6,0,0,22,1,1,0.6209,33,2093,1,2,0
70,3,-6,25,4,34,34,25,1,1,1.6635,62,5585,2,4,0
70,3,-5,19,5,5,5,19,1,1,1.8030,65,6042,10,9,1
70,3,-4,27,7,0,0,27,1,1,1.5418,69,6428,2,4,0
70,3,-3,25,6,0,0,25,1,1,3.2215,81,7643,13,8,2
70,3,-2,22,7,0,0,22,1,1,0.8309,51,4329,2,4,0
70,3,-1,16,5,0,0,16,1,1,1.6309,45,3367,8,8,1
70,3,0,20,7,0,0,20,1,1,2.0932,48,4063,9,11,1
70,3,1,22,3,0,0,22,1,1,2.1021,59,4836,14,7,2
70,4,-3,24,6,0,0,24,1,1,2.6427,78,7280,9,8,1
71,-7,6,23,4,0,0,23,1,1,0.4309,26,1550,1,2,0
71,-7,7,19,10,0,0,19,1,1,0.3509,21,1019,1,2,0
71,-7,8,15,5,0,0,15,1,1,0.2709,20,1217,0,2,0
71,-6,2,23,7,0,0,23,1,1,0.6509,25,1055,3,3,0
71,-6,3,23,5,0,0,23,1,1,0.6309,27,919,5,3,0
71,-6,4,24,3,0,0,24,1,1,0.3509,25,831,2,2,0
71,-6,5,15,5,0,0,15,1,1,0.5109,20,690,4,4,1
71,-6,6,18,7,0,0,18,1,1,0.3309,19,701,2,2,0
71,-6,7,20,4,0,0,20,1,1,0.3709,21,1045,2,2,0
71,-6,8,21,5,0,0,21,1,1,0.9909,32,1892,3,4,1
71,-5,-2,25,5,0,0,25,1,1,0.7912,43,3396,2,3,0
71,-5,-1,36,3,0,0,36,1,1,2.0210,64,4507,7,5,1
71,-5,0,29,3,0,0,29,1,1,0.6209,30,1702,2,3,0
71,-5,1,21,7,0,0,21,1,1,0.1923,20,705,0,1,0
71,-5,2,19,7,0,0,19,1,1,0.1709,18,444,0,1,0
71,-5,3,24,7,0,0,24,1,1,0.2209,23,514,0,1,0
71,-5,4,24,8,0,0,24,1,1,0.2209,23,503,0,1,0
71,-5,5,21,7,0,0,21,1,1,0.5709,22,581,2,3,0
71,-5,6,22,5,0,0,22,1,1,0.6209,24,739,3,3,0
71,-5,7,28,7,0,0,28,1,1,0.7809,29,972,2,2,0
71,-5,8,18,4,0,0,18,1,1,0.3309,18,949,1,2,0
71,-5,9,16,5,0,0,16,1,1,1.4509,30,1579,8,5,2
71,-4,-3,25,7,0,0,25,1,1,1.3909,55,4345,2,5,0
71,-4,-2,16,5,0,0,16,1,1,0.4209,24,1704,1,3,0
71,-4,-1,26,4,0,0,26,1,1,0.8611,32,1964,5,4,0
71,-4,0,24,6,0,0,24,1,1,0.6809,25,879,2,3,0
71,-4,1,21,6,0,0,21,1,1,0.1909,20,478,0,1,0
71,-4,2,12,9,0,0,12,1,1,0.1009,11,185,0,1,0
71,-4,3,20,7,0,0,20,1,1,0.3409,20,375,1,2,0
71,-4,4,20,5,0,0,20,1,1,0.5609,22,417,3,2,0
71,-4,5,23,4,0,0,23,1,1,0.4412,25,596,3,3,0
71,-4,6,25,4,0,0,25,1,1,0.7217,28,766,4,4,0
71,-4,7,13,3,0,0,13,1,1,0.1709,13,422,1,2,0
71,-4,8,25,7,0,0,25,1,1,3.8109,31,1293,5,4,1
71,-3,-3,13,6,0,0,13,1,1,0.4509,23,1629,1,3,0
71,-3,-2,20,7,0,0,20,1,1,0.7611,29,1831,3,5,0
71,-3,-1,13,2,0,0,13,1,1,0.2810,14,700,2,2,0
71,-3,0,23,6,0,0,23,1,1,0.4109,26,780,4,2,0
71,-3,1,20,4,0,0,20,1,1,0.2709,20,421,1,2,0
71,-3,2,18,5,0,0,18,1,1,0.5009,19,337,2,2,0
71,-3,3,22,5,0,0,22,1,1,0.3109,23,413,2,2,0
71,-3,4,23,6,0,0,23,1,1,0.5309,25,435,3,3,0
71,-3,5,15,4,0,0,15,1,1,0.2609,16,294,2,2,0
71,-3,6,20,5,0,0,20,1,1,1.3209,24,508,4,4,1
71,-3,7,23,5,0,0,23,1,1,2.1809,27,749,4,4,1
71,-2,-3,19,6,0,0,19,1,1,0.8731,36,2795,5,4,0
71,-2,-2,20,7,0,0,20,1,1,0.8509,27,1262,3,4,0
71,-2,-1,20,5,0,0,20,1,1,0.1829,19,950,0,1,0
71,-2,0,23,5,0,0,23,1,1,0.6509,24,734,2,3,0
71,-2,1,35,4,0,0,35,1,1,0.6110,37,937,3,2,0
71,-2,2,24,4,0,0,24,1,1,1.0709,28,516,4,4,1
71,-2,3,20,7,0,0,20,1,1,0.5609,21,356,2,2,0
71,-2,4,24,5,0,0,24,1,1,0.4209,24,456,1,2,0
71,-2,5,17,5,0,0,17,1,1,0.1509,16,308,0,1,0
71,-2,6,27,5,0,0,27,1,1,0.5909,29,720,3,2,0
71,-2,7,22,5,0,0,22,1,1,0.3509,22,767,1,2,0
71,-1,-4,17,5,0,0,17,1,1,0.7811,40,3398,4,5,0
71,-1,-3,21,7,0,0,21,1,1,1.2009,38,2520,4,4,1
71,-1,-2,24,7,0,0,24,1,1,0.6709,33,1902,1,2,0
71,-1,-1,14,4,0,0,14,1,1,0.8709,16,672,3,4,1
71,-1,0,23,7,0,0,23,1,1,0.4209,23,635,1,2,0
71,-1,1,22,8,0,0,22,1,1,0.2009,21,462,0,1,0
71,-1,2,17,10,0,0,17,1,1,0.4709,18,388,2,2,0
71,-1,3,25,4,0,0,25,1,1,0.4309,25,508,1,2,0
71,-1,4,20,7,0,0,20,1,1,0.1809,19,373,0,1,0
71,-1,5,22,10,0,0,22,1,1,0.4109,22,458,1,2,0
71,-1,6,21,5,0,0,21,1,1,2.5609,32,886,7,5,2
71,0,-4,22,4,0,0,22,1,1,1.4309,61,5271,5,6,1
71,0,-3,18,4,0,0,18,1,1,0.9509,40,2945,3,5,1
71,0,-2,16,4,0,0,16,1,1,0.7213,31,2248,7,5,1
71,0,-1,21,5,0,0,21,1,1,0.3209,24,1201,1,2,0
71,0,0,27,5,0,0,27,1,1,0.3809,27,1117,1,2,0
71,0,1,13,3,0,0,13,1,1,0.2209,14,559,2,2,0
71,0,2,21,5,0,0,21,1,1,0.3809,21,589,1,2,0
71,0,3,22,4,0,0,22,1,1,0.4709,23,546,2,3,0
71,0,4,25,7,0,0,25,1,1,0.4709,25,767,1,2,0
71,0,5,17,7,0,0,17,1,1,0.1509,16,480,0,1,0
71,0,6,24,3,0,0,24,1,1,0.5310,25,1589,2,3,0
71,1,-5,13,4,1,1,13,1,1,2.3123,53,5022,16,18,2
71,1,-4,27,5,0,0,27,1,1,1.8109,67,5849,5,5,0
71,1,-3,22,5,0,0,22,1,1,2.3310,56,4324,12,9,2
71,1,-2,24,5,0,0,24,1,1,0.9109,45,3127,3,3,0
71,1,-1,20,5,0,0,20,1,1,0.5609,28,1836,3,3,0
71,1,0,18,4,0,0,18,1,1,1.0433,24,1289,4,4,1
71,1,1,21,4,0,0,21,1,1,0.9509,27,1391,4,4,1
71,1,2,27,5,0,0,27,1,1,0.7309,29,1448,3,2,0
71,1,3,17,6,0,0,17,1,1,0.4509,18,755,2,3,0
71,1,4,18,7,0,0,18,1,1,0.3309,18,795,1,2,0
71,1,5,19,5,0,0,19,1,1,0.8009,29,1300,5,4,1
71,2,-5,18,7,3,3,18,1,1,2.3313,58,5173,12,9,2
71,2,-4,23,4,0,0,23,1,1,2.0813,79,7358,9,8,2
71,2,-3,15,4,0,0,15,1,1,0.6609,35,3017,1,3,0
71,2,-2,21,3,0,0,21,1,1,2.2709,60,4994,13,12,2
71,2,-1,31,5,0,0,31,1,1,0.8909,54,4298,1,3,0
71,2,0,32,4,0,0,32,1,1,1.2309,46,2847,3,3,0
71,2,1,19,5,0,0,19,1,1,0.7109,26,1546,3,4,0
71,2,2,17,3,0,0,17,1,1,0.4714,21,1207,2,3,0
71,2,3,23,5,0,0,23,1,1,1.5310,36,1673,6,5,2
71,2,4,18,5,0,0,18,1,1,0.6709,32,2026,7,4,1
71,2,5,22,6,0,0,22,1,1,0.4109,32,2027,0,2,0
71,3,-6,25,4,34,34,25,1,1,2.3833,71,6422,10,5,0
71,3,-5,19,5,6,6,19,1,1,1.5120,50,4566,0,3,0
71,3,-4,27,7,0,0,27,1,1,2.8110,95,7969,7,8,1
71,3,-3,25,6,0,0,25,1,1,2.1418,75,7057,14,8,1
71,3,-2,22,7,0,0,22,1,1,1.0409,51,4194,2,4,0
71,3,-1,16,5,0,0,16,1,1,0.5809,30,2404,0,3,0
71,3,0,20,7,0,0,20,1,1,1.1309,40,2957,4,4,0
71,3,1,22,3,0,0,22,1,1,0.7109,41,3343,2,4,0
71,4,-3,24,6,0,0,24,1,1,2.5024,65,6051,2,4,0
72,-7,6,23,4,0,0,23,1,1,0.6611,31,1719,5,4,0
72,-7,7,19,10,0,0,19,1,1,0.3509,20,970,0,2,0
72,-7,8,15,5,0,0,15,1,1,0.8609,25,1313,4,4,1
72,-6,2,23,7,0,0,23,1,1,0.2109,22,905,0,1,0
72,-6,3,23,5,0,0,23,1,1,0.2125,22,776,0,1,0
72,-6,4,24,3,0,0,24,1,1,0.9409,27,948,3,4,1
72,-6,5,15,5,0,0,15,1,1,1.2409,23,818,8,9,0
72,-6,6,18,7,0,0,18,1,1,1.1109,23,769,6,6,0
72,-6,7,20,4,0,0,20,1,1,0.8609,23,996,3,4,1
72,-6,8,21,5,0,0,21,1,1,1.9909,36,2003,10,8,2
72,-5,-2,25,5,0,0,25,1,1,0.7910,41,3215,0,3,0
72,-5,-1,36,3,0,0,36,1,1,2.4410,73,4916,11,6,2
72,-5,0,29,3,0,0,29,1,1,1.9235,35,1815,3,4,1
72,-5,1,21,7,0,0,21,1,1,0.1922,20,692,0,1,0
72,-5,2,19,7,0,0,19,1,1,0.4109,21,540,3,3,0
72,-5,3,24,7,0,0,24,1,1,1.6009,29,622,6,7,2
72,-5,4,24,8,0,0,24,1,1,0.2809,25,554,2,2,0
72,-5,5,21,7,0,0,21,1,1,1.9709,26,574,5,4,1
72,-5,6,22,5,0,0,22,1,1,0.6209,23,661,2,3,0
72,-5,7,28,7,0,0,28,1,1,3.7509,34,1011,6,4,1
72,-5,8,18,4,0,0,18,1,1,0.2309,18,899,1,2,0
72,-5,9,16,5,0,0,16,1,1,0.2915,20,1181,1,2,0
72,-4,-3,25,7,0,0,25,1,1,1.3909,55,4514,5,5,0
72,-4,-2,16,5,0,0,16,1,1,1.0209,28,1779,4,4,1
72,-4,-1,26,4,0,0,26,1,1,0.3611,29,1617,2,2,0
72,-4,0,24,6,0,0,24,1,1,0.2209,23,867,0,1,0
72,-4,1,21,6,0,0,21,1,1,0.5909,23,594,3,3,0
72,-4,2,12,9,0,0,12,1,1,0.2109,12,212,1,2,0
72,-4,3,20,7,0,0,20,1,1,3.0009,25,456,4,4,1
72,-4,4,20,5,0,0,20,1,1,0.3709,21,418,2,2,0
72,-4,5,23,4,0,0,23,1,1,0.2109,22,505,0,1,0
72,-4,6,25,4,0,0,25,1,1,2.2409,28,673,3,4,1
72,-4,7,13,3,0,0,13,1,1,0.1709,13,404,1,2,0
72,-4,8,25,7,0,0,25,1,1,1.6509,31,1341,6,4,1
72,-3,-3,13,6,0,0,13,1,1,0.3309,23,1730,1,3,0
72,-3,-2,20,7,0,0,20,1,1,0.5609,27,1618,2,2,0
72,-3,-1,13,2,0,0,13,1,1,0.5209,17,872,4,5,0
72,-3,0,23,6,0,0,23,1,1,0.2120,22,639,0,1,0
72,-3,1,20,4,0,0,20,1,1,0.7509,26,538,5,4,1
72,-3,2,18,5,0,0,18,1,1,0.7609,21,365,3,4,1
72,-3,3,22,5,0,0,22,1,1,0.4109,22,389,1,2,0
72,-3,4,23,6,0,0,23,1,1,1.0209,27,480,4,4,1
72,-3,5,15,4,0,0,15,1,1,1.1209,22,369,7,8,1
72,-3,6,20,5,0,0,20,1,1,1.8909,25,519,5,4,1
72,-3,7,23,5,0,0,23,1,1,0.2120,22,638,0,1,0
72,-2,-3,19,6,0,0,19,1,1,0.9016,35,2671,3,4,1
72,-2,-2,20,7,0,0,20,1,1,0.7509,29,1551,5,4,0
72,-2,-1,20,5,0,0,19,0,1,-1.0000,176,10825,157,158,0
72,-2,0,23,5,0,0,23,1,1,0.2309,23,676,1,2,0
72,-2,1,35,4,0,0,35,1,1,9.2010,68,1526,29,23,4
72,-2,2,24,4,0,0,24,1,1,0.4409,24,458,1,2,0
72,-2,3,20,7,0,0,20,1,1,0.1809,19,335,0,1,0
72,-2,4,24,5,0,0,24,1,1,0.4511,25,471,2,2,0
72,-2,5,17,5,0,0,17,1,1,0.1509,16,305,0,1,0
72,-2,6,27,5,0,0,27,1,1,1.6309,33,834,5,4,1
72,-2,7,22,5,0,0,22,1,1,0.7709,25,814,4,3,0
72,-1,-4,17,5,0,0,17,1,1,1.2010,48,3764,3,7,1
72,-1,-3,21,7,0,0,21,1,1,0.9909,43,3102,8,5,1
72,-1,-2,24,7,0,5,2,0,0,-1.0000,154,3866,121,118,1
72,-1,-1,14,4,0,0,14,1,1,0.2509,15,712,2,2,0
72,-1,0,23,7,0,0,23,1,1,0.2113,22,621,0,1,0
72,-1,1,22,8,0,0,22,1,1,0.2009,21,449,0,1,0
72,-1,2,17,10,0,0,17,1,1,0.1509,16,331,0,1,0
72,-1,3,25,4,0,0,25,1,1,0.2309,24,506,0,1,0
72,-1,4,20,7,0,0,20,1,1,0.1809,19,367,0,1,0
72,-1,5,22,10,0,0,22,1,1,3.3509,25,519,3,4,1
72,-1,6,21,5,0,0,21,1,1,1.5609,27,827,7,4,2
72,0,-4,22,4,0,0,22,1,1,1.2630,60,5367,8,7,1
72,0,-3,18,4,0,0,18,1,1,1.0734,38,3012,3,6,1
72,0,-2,16,4,0,0,16,1,1,0.3809,26,1654,2,3,0
72,0,-1,21,5,0,0,21,1,1,0.3709,25,1381,2,2,0
72,0,0,27,5,0,0,27,1,1,1.1609,34,1483,7,4,1
72,0,1,13,3,0,0,13,1,1,0.2209,13,521,1,2,0
72,0,2,21,5,0,0,21,1,1,0.3809,22,629,2,2,0
72,0,3,22,4,0,0,22,1,1,1.5209,33,740,10,4,2
72,0,4,25,7,0,0,25,1,1,1.1909,30,909,3,4,1
72,0,5,17,7,0,0,17,1,1,0.7909,25,736,3,4,1
72,0,6,24,3,0,0,24,1,1,0.4109,24,1507,1,2,0
72,1,-5,13,4,1,1,13,1,1,0.7110,35,3183,3,4,0
72,1,-4,27,5,0,0,27,1,1,1.5509,67,5954,5,5,0
72,1,-3,22,5,0,0,22,1,1,0.6711,39,3100,0,3,0
72,1,-2,24,5,0,0,24,1,1,2.5209,58,3933,7,9,1
72,1,-1,20,5,0,0,20,1,1,0.5609,28,1883,2,3,0
72,1,0,18,4,0,0,14,0,1,-1.0000,195,3947,176,176,0
72,1,1,21,4,0,0,21,1,1,0.3509,21,1124,1,2,0
72,1,2,27,5,0,0,27,1,1,0.5122,28,1395,2,2,0
72,1,3,17,6,0,0,17,1,1,0.4509,18,863,2,3,0
72,1,4,18,7,0,0,18,1,1,0.1609,17,770,0,1,0
72,1,5,19,5,0,0,19,1,1,0.9809,29,1274,5,4,1
72,2,-5,18,7,0,0,18,1,1,1.3117,44,4019,3,4,0
72,2,-4,23,4,0,0,23,1,1,1.4730,63,5943,6,5,0
72,2,-3,15,4,0,0,15,1,1,0.6609,36,3041,2,4,0
72,2,-2,21,3,0,0,21,1,1,1.2210,49,3780,4,6,1
72,2,-1,31,5,0,0,31,1,1,0.8909,55,4332,1,3,0
72,2,0,32,4,0,0,32,1,1,1.8509,64,3974,10,5,2
72,2,1,19,5,0,0,19,1,1,1.2509,41,2376,10,7,2
72,2,2,17,3,0,0,17,1,1,0.3114,20,1126,1,2,0
72,2,3,23,5,0,0,23,1,1,1.1809,34,1902,3,5,1
72,2,4,18,5,0,0,18,1,1,0.5317,27,1597,2,3,0
72,2,5,22,6,0,0,22,1,1,0.5509,34,2195,2,3,0
72,3,-6,25,4,48,48,25,1,1,2.3929,73,6743,8,9,1
72,3,-5,19,5,6,6,19,1,1,3.4022,74,6717,13,14,1
72,3,-4,27,7,0,0,27,1,1,1.5419,70,6434,2,4,0
72,3,-3,25,6,0,0,21,0,1,-1.0000,201,17990,131,121,2
72,3,-2,22,7,0,0,22,1,1,1.0409,51,4254,2,4,0
72,3,-1,16,5,0,0,16,1,1,1.3309,46,3835,10,6,2
72,3,0,20,7,0,0,20,1,1,0.7509,36,2725,0,3,0
72,3,1,22,3,0,0,22,1,1,1.0109,43,3529,4,4,0
72,4,-3,24,6,0,0,24,1,1,5.7735,116,11305,28,16,5
73,-7,6,23,4,0,0,23,1,1,0.3309,26,1536,0,2,0
73,-7,7,19,10,0,0,19,1,1,3.9509,24,1116,4,4,1
73,-7,8,15,5,0,0,15,1,1,0.2709,20,1223,0,2,0
73,-6,2,23,7,0,0,23,1,1,0.4309,23,927,1,2,0
73,-6,3,23,5,0,0,23,1,1,1.0709,30,1050,5,4,1
73,-6,4,24,3,0,0,24,1,1,0.8609,28,1009,4,4,1
73,-6,5,15,5,0,0,15,1,1,0.3709,16,479,2,3,0
73,-6,6,18,7,0,0,18,1,1,0.1609,17,643,0,1,0
73,-6,7,20,4,0,0,20,1,1,0.3424,20,1043,1,2,0
73,-6,8,21,5,0,0,21,1,1,0.5909,26,1726,2,3,0
73,-5,-2,25,5,0,0,25,1,1,1.4310,52,3892,3,5,1
73,-5,-1,36,3,0,0,36,1,1,1.0119,59,3932,3,3,0
73,-5,0,29,3,0,0,29,1,1,1.7432,37,1808,6,4,1
73,-5,1,21,7,0,0,21,1,1,0.5609,22,755,2,2,0
73,-5,2,19,7,0,0,19,1,1,1.0709,23,611,5,4,1
73,-5,3,24,7,0,0,24,1,1,0.4509,24,555,1,2,0
73,-5,4,24,8,0,0,24,1,1,0.4509,24,538,1,2,0
73,-5,5,21,7,0,0,21,1,1,0.1909,20,484,0,1,0
73,-5,6,22,5,0,0,22,1,1,0.9209,32,989,6,4,2
73,-5,7,28,7,0,0,28,1,1,1.8609,32,1064,5,4,1
73,-5,8,18,4,0,0,18,1,1,0.1609,17,862,0,1,0
73,-5,9,16,5,0,0,16,1,1,0.4009,21,1111,2,3,0
73,-4,-3,25,7,0,0,25,1,1,1.6717,63,5144,4,7,1
73,-4,-2,16,5,0,0,16,1,1,0.4430,24,1686,1,3,0
73,-4,-1,26,4,0,0,26,1,1,0.9809,36,2044,6,4,1
73,-4,0,24,6,0,0,24,1,1,0.6009,26,1011,3,3,0
73,-4,1,21,6,0,0,21,1,1,0.1909,20,498,0,1,0
73,-4,2,12,9,0,0,12,1,1,0.1009,11,185,0,1,0
73,-4,3,20,7,0,0,20,1,1,0.7209,22,438,3,3,0
73,-4,4,20,5,0,0,20,1,1,0.3709,20,377,1,2,0
73,-4,5,23,4,0,0,23,1,1,0.4309,24,552,2,2,0
73,-4,6,25,4,0,0,25,1,1,0.7109,30,744,6,3,0
73,-4,7,13,3,0,0,13,1,1,0.4709,16,584,4,4,1
73,-4,8,25,7,0,0,24,0,1,-1.0000,158,10736,132,125,5
73,-3,-3,13,6,0,0,13,1,1,0.3309,22,1638,0,3,0
73,-3,-2,20,7,0,0,20,1,1,0.7509,28,1726,2,4,0
73,-3,-1,13,2,0,0,13,1,1,0.1610,13,686,1,2,0
73,-3,0,23,6,0,0,23,1,1,0.7909,25,713,3,3,0
73,-3,1,20,4,0,0,20,1,1,0.1809,19,388,0,1,0
73,-3,2,18,5,0,0,18,1,1,0.3309,18,319,1,2,0
73,-3,3,22,5,0,0,22,1,1,0.4109,22,389,1,2,0
73,-3,4,23,6,0,0,23,1,1,0.3609,24,428,2,2,0
73,-3,5,15,4,0,0,15,1,1,0.1310,14,237,0,1,0
73,-3,6,20,5,0,0,20,1,1,0.9409,26,547,4,4,1
73,-3,7,23,5,0,0,23,1,1,0.6409,25,757,3,3,0
73,-2,-3,19,6,0,0,19,1,1,0.5132,33,2550,2,3,0
73,-2,-2,20,7,0,0,20,1,1,0.4709,26,1413,2,3,0
73,-2,-1,20,5,0,0,20,1,1,0.1827,19,940,0,1,0
73,-2,0,23,5,0,0,23,1,1,0.2109,22,640,0,1,0
73,-2,1,35,4,0,0,35,1,1,1.6310,42,1027,6,4,1
73,-2,2,24,4,0,0,24,1,1,0.2211,23,438,0,1,0
73,-2,3,20,7,0,0,20,1,1,0.3709,20,349,1,2,0
73,-2,4,24,5,0,0,24,1,1,1.1109,32,596,6,4,1
73,-2,5,17,5,0,0,17,1,1,0.2609,17,311,1,2,0
73,-2,6,27,5,0,0,27,1,1,1.2809,33,884,7,3,0
73,-2,7,22,5,0,0,22,1,1,0.8412,25,969,3,4,1
73,-1,-4,17,5,0,0,17,1,1,1.1235,44,3647,6,7,1
73,-1,-3,21,7,0,0,21,1,1,1.1909,39,2966,7,6,0
73,-1,-2,24,7,0,0,24,1,1,1.1309,42,2442,4,5,1
73,-1,-1,14,4,0,0,14,1,1,0.1209,13,613,0,1,0
73,-1,0,23,7,0,0,23,1,1,1.0409,32,919,3,4,1
73,-1,1,22,8,0,0,22,1,1,1.4309,25,529,3,4,1
73,-1,2,17,10,0,0,17,1,1,0.1509,16,331,0,1,0
73,-1,3,25,4,0,0,25,1,1,0.3109,25,526,1,2,0
73,-1,4,20,7,0,0,20,1,1,0.4709,21,404,2,3,0
73,-1,5,22,10,0,0,22,1,1,6.9209,54,1023,32,32,0
73,-1,6,21,5,0,0,21,1,1,1.3609,25,679,4,4,1
73,0,-4,22,4,0,0,22,1,1,1.6409,64,5451,7,7,1
73,0,-3,18,4,0,0,18,1,1,0.4513,32,2415,0,3,0
73,0,-2,16,4,0,0,16,1,1,0.5909,29,1680,5,4,0
73,0,-1,21,5,0,0,21,1,1,0.3209,23,1177,0,2,0
73,0,0,27,5,0,0,27,1,1,1.1609,34,1342,3,4,1
73,0,1,13,3,0,0,13,1,1,0.1122,12,448,0,1,0
73,0,2,21,5,0,0,21,1,1,0.3809,22,590,2,2,0
73,0,3,22,4,0,0,22,1,1,0.3409,22,511,1,2,0
73,0,4,25,7,0,0,25,1,1,1.1909,31,971,6,4,1
73,0,5,17,7,0,0,17,1,1,0.4709,19,551,3,2,0
73,0,6,24,3,0,0,24,1,1,1.8009,32,1766,8,8,2
73,1,-5,13,4,2,2,13,1,1,0.8310,35,3166,3,4,0
73,1,-4,27,5,0,0,27,1,1,3.6309,88,7445,14,11,3
73,1,-3,22,5,0,0,22,1,1,0.8309,40,3146,2,3,0
73,1,-2,24,5,0,0,24,1,1,0.9109,47,3333,4,4,0
73,1,-1,20,5,0,0,20,1,1,0.5609,27,1785,2,2,0
73,1,0,18,4,0,0,18,1,1,0.4609,22,1080,3,3,0
73,1,1,21,4,0,0,21,1,1,0.1909,20,1029,0,1,0
73,1,2,27,5,0,0,27,1,1,0.2523,26,1344,0,1,0
73,1,3,17,6,0,0,17,1,1,2.0509,20,795,3,4,1
73,1,4,18,7,0,0,18,1,1,0.1609,17,795,0,1,0
73,1,5,19,5,0,0,19,1,1,0.3909,23,1047,2,2,0
73,2,-5,18,7,1,1,18,1,1,1.3524,47,4192,5,5,0
73,2,-4,23,4,0,0,23,1,1,1.5213,61,5701,4,5,0
73,2,-3,15,4,0,0,15,1,1,0.5209,35,2992,1,4,0
73,2,-2,21,3,0,0,21,1,1,1.9712,52,4069,10,10,3
73,2,-1,31,5,0,0,31,1,1,1.5809,63,5106,7,5,1
73,2,0,32,4,0,0,32,1,1,2.1609,50,2793,3,4,1
73,2,1,19,5,0,0,19,1,1,1.0709,35,1907,4,5,1
73,2,2,17,3,0,0,17,1,1,0.4109,21,1282,2,3,0
73,2,3,23,5,0,0,23,1,1,0.6509,30,1519,2,2,0
73,2,4,18,5,0,0,18,1,1,0.8409,28,1935,4,5,1
73,2,5,22,6,0,0,22,1,1,1.4609,40,2373,7,5,1
73,3,-6,25,4,38,38,25,1,1,1.9035,65,5736,5,5,0
73,3,-5,19,5,4,4,19,1,1,1.6230,64,6039,8,9,1
73,3,-4,27,7,0,0,27,1,1,2.6119,83,7861,9,8,1
73,3,-3,25,6,0,0,25,1,1,1.6620,65,6101,6,6,1
73,3,-2,22,7,0,0,22,1,1,1.0409,51,4226,2,4,0
73,3,-1,16,5,0,0,16,1,1,1.0309,34,2739,4,3,0
73,3,0,20,7,0,0,20,1,1,1.3209,42,3158,5,5,0
73,3,1,22,3,0,0,22,1,1,1.4309,49,4170,8,5,1
73,4,-3,24,6,0,0,24,1,1,2.0422,63,5931,1,4,0
74,-7,6,23,4,0,0,23,1,1,0.8709,29,1776,3,4,1
74,-7,7,19,10,0,0,19,1,1,0.7109,23,1127,2,3,0
74,-7,8,15,5,0,0,15,1,1,0.2709,20,1239,0,2,0
74,-6,2,23,7,0,0,23,1,1,1.0909,32,1238,4,4,1
74,-6,3,23,5,0,0,23,1,1,2.1709,29,978,5,4,1
74,-6,4,24,3,0,0,24,1,1,0.4509,28,990,5,2,0
74,-6,5,15,5,0,0,15,1,1,0.1321,14,463,0,1,0
74,-6,6,18,7,0,0,18,1,1,0.7809,22,794,4,4,1
74,-6,7,20,4,0,0,20,1,1,0.1809,19,955,0,1,0
74,-6,8,21,5,0,0,21,1,1,1.0114,31,2078,4,5,1
74,-5,-2,25,5,0,0,25,1,1,1.2710,57,4642,11,5,2
74,-5,-1,36,3,0,0,36,1,1,2.3710,70,4654,9,5,3
74,-5,0,29,3,0,0,29,1,1,0.2713,28,1576,0,1,0
74,-5,1,21,7,0,0,21,1,1,0.1923,20,709,0,1,0
74,-5,2,19,7,0,0,19,1,1,0.1709,18,447,0,1,0
74,-5,3,24,7,0,0,24,1,1,0.4509,25,563,2,2,0
74,-5,4,24,8,0,0,24,1,1,0.7409,27,606,4,3,0
74,-5,5,21,7,0,0,21,1,1,0.1909,20,470,0,1,0
74,-5,6,22,5,0,0,22,1,1,0.2009,21,615,0,1,0
74,-5,7,28,7,0,0,28,1,1,1.3209,36,1111,6,4,1
74,-5,8,18,4,0,0,18,1,1,0.3009,19,910,2,2,0
74,-5,9,16,5,0,0,16,1,1,0.2917,19,1083,0,2,0
74,-4,-3,25,7,0,0,25,1,1,1.3909,61,4829,7,5,1
74,-4,-2,16,5,0,0,16,1,1,0.4209,25,1749,2,3,0
74,-4,-1,26,4,0,0,26,1,1,0.7309,29,1555,2,3,0
74,-4,0,24,6,0,0,24,1,1,0.4509,25,925,2,2,0
74,-4,1,21,6,0,0,21,1,1,0.1909,20,503,0,1,0
74,-4,2,12,9,0,0,12,1,1,0.4309,15,239,4,3,0
74,-4,3,20,7,0,0,20,1,1,1.2909,23,421,3,4,1
74,-4,4,20,5,0,0,20,1,1,1.3209,30,588,7,5,1
74,-4,5,23,4,0,0,23,1,1,0.2109,22,507,0,1,0
74,-4,6,25,4,0,0,25,1,1,1.0509,28,694,3,4,1
74,-4,7,13,3,0,0,13,1,1,0.1109,12,374,0,1,0
74,-4,8,25,7,0,0,25,1,1,1.1709,29,1301,5,3,0
74,-3,-3,13,6,0,0,13,1,1,0.3309,22,1617,0,3,0
74,-3,-2,20,7,0,0,20,1,1,0.9409,32,1928,3,4,1
74,-3,-1,13,2,0,0,13,1,1,0.1109,12,632,0,1,0
74,-3,0,23,6,0,0,23,1,1,1.6709,36,991,9,7,2
74,-3,1,20,4,0,0,20,1,1,1.0909,28,548,7,5,1
74,-3,2,18,5,0,0,18,1,1,0.2509,18,318,1,2,0
74,-3,3,22,5,0,0,22,1,1,0.2009,21,374,0,1,0
74,-3,4,23,6,0,0,23,1,1,3.3910,26,462,3,4,1
74,-3,5,15,4,0,0,15,1,1,0.1309,14,249,0,1,0
74,-3,6,20,5,0,0,20,1,1,0.5609,23,491,4,2,0
74,-3,7,23,5,0,0,23,1,1,0.8609,30,878,6,4,2
74,-2,-3,19,6,0,0,19,1,1,0.5212,32,2412,0,3,0
74,-2,-2,20,7,0,0,20,1,1,0.5609,24,1291,1,3,0
74,-2,-1,20,5,0,0,20,1,1,1.0209,25,1184,5,4,1
74,-2,0,23,5,0,0,23,1,1,0.2109,22,618,0,1,0
74,-2,1,35,4,0,0,35,1,1,0.6110,35,904,1,2,0
74,-2,2,24,4,0,0,24,1,1,2.2209,35,643,11,7,3
74,-2,3,20,7,0,0,20,1,1,1.5109,24,422,4,4,1
74,-2,4,24,5,0,0,24,1,1,1.1309,34,625,8,4,2
74,-2,5,17,5,0,0,17,1,1,1.0609,20,381,3,4,1
74,-2,6,27,5,0,0,27,1,1,0.5009,28,701,2,2,0
74,-2,7,22,5,0,0,22,1,1,0.6109,23,756,2,3,0
74,-1,-4,17,5,0,0,17,1,1,1.3610,44,3271,8,6,0
74,-1,-3,21,7,0,0,21,1,1,2.5909,43,3090,8,5,2
74,-1,-2,24,7,0,0,24,1,1,1.5909,38,1995,4,4,1
74,-1,-1,14,4,0,0,14,1,1,0.2209,14,612,1,2,0
74,-1,0,23,7,0,0,23,1,1,0.2113,22,655,0,1,0
74,-1,1,22,8,0,0,22,1,1,1.4309,34,745,8,4,1
74,-1,2,17,10,0,0,17,1,1,0.3109,18,357,2,2,0
74,-1,3,25,4,0,0,25,1,1,0.7109,26,551,2,3,0
74,-1,4,20,7,0,0,20,1,1,0.8809,23,436,3,4,1
74,-1,5,22,10,0,0,22,1,1,0.2009,21,460,0,1,0
74,-1,6,21,5,0,0,21,1,1,0.5609,23,686,3,3,0
74,0,-4,22,4,0,0,22,1,1,2.5821,74,6564,13,10,2
74,0,-3,18,4,0,0,18,1,1,0.7116,37,2593,5,5,0
74,0,-2,16,4,0,0,16,1,1,0.7709,32,2250,6,5,1
74,0,-1,21,5,0,0,21,1,1,0.7209,30,1537,7,3,0
74,0,0,27,5,0,0,27,1,1,1.6809,34,1438,5,6,1
74,0,1,13,3,0,0,13,1,1,0.2709,14,477,2,3,0
74,0,2,21,5,0,0,21,1,1,0.5809,22,591,2,2,0
74,0,3,22,4,0,0,22,1,1,0.5509,25,590,4,3,0
74,0,4,25,7,0,0,25,1,1,1.1909,29,827,5,3,0
74,0,5,17,7,0,0,17,1,1,0.1509,16,510,0,1,0
74,0,6,24,3,0,0,24,1,1,0.6409,25,1580,2,3,0
74,1,-5,13,4,3,3,13,1,1,0.7110,33,2988,1,4,0
74,1,-4,27,5,0,0,27,1,1,2.1522,73,6389,8,7,0
74,1,-3,22,5,0,0,22,1,1,0.8810,42,3259,2,4,0
74,1,-2,24,5,0,0,24,1,1,1.3709,53,3770,7,6,1
74,1,-1,20,5,0,0,20,1,1,1.8909,33,2148,7,4,1
74,1,0,18,4,0,0,18,1,1,0.9709,27,1357,4,4,1
74,1,1,21,4,0,0,21,1,1,0.3509,22,1128,2,2,0
74,1,2,27,5,0,0,27,1,1,0.5022,28,1433,2,2,0
74,1,3,17,6,0,0,17,1,1,0.4509,19,864,3,3,0
74,1,4,18,7,0,0,17,0,1,-1.0000,194,14874,177,176,0
74,1,5,19,5,0,0,19,1,1,0.9809,36,1436,11,5,1
74,2,-5,18,7,1,1,18,1,1,1.1420,42,3820,2,4,0
74,2,-4,23,4,0,0,23,1,1,1.7032,68,6444,6,7,1
74,2,-3,15,4,0,0,15,1,1,0.6609,37,3222,3,4,0
74,2,-2,21,3,0,0,21,1,1,0.6711,36,2847,0,3,0
74,2,-1,31,5,0,0,31,1,1,1.7909,62,4842,6,5,1
74,2,0,32,4,0,0,32,1,1,3.0909,58,3141,7,7,1
74,2,1,19,5,0,0,19,1,1,1.0709,42,2439,7,5,2
74,2,2,17,3,0,0,17,1,1,0.3115,19,1082,0,2,0
74,2,3,23,5,0,0,23,1,1,0.4309,28,1457,1,2,0
74,2,4,18,5,0,0,18,1,1,0.5009,26,1738,2,3,0
74,2,5,22,6,0,0,22,1,1,0.9709,35,2185,3,5,0
74,3,-6,25,4,32,32,25,1,1,2.8632,89,8300,9,9,2
74,3,-5,19,5,5,5,19,1,1,2.0518,53,4948,4,6,0
74,3,-4,27,7,0,0,27,1,1,2.8109,82,7297,8,8,1
74,3,-3,25,6,0,0,25,1,1,1.7125,63,6015,6,7,1
74,3,-2,22,7,0,0,22,1,1,1.2509,52,4374,3,5,0
74,3,-1,16,5,0,0,16,1,1,4.7809,97,6192,59,30,2
74,3,0,20,7,0,0,20,1,1,0.9409,38,2940,2,4,0
74,3,1,22,3,0,0,21,0,1,-1.0000,187,18755,146,142,3
74,4,-3,24,6,0,0,24,1,1,2.5022,75,7141,7,8,1
75,-7,6,23,4,0,0,23,1,1,0.2511,24,1493,0,2,0
75,-7,7,19,10,0,0,19,1,1,0.3509,21,1004,0,2,0
75,-7,8,15,5,0,0,15,1,1,0.4109,21,1340,1,3,0
75,-6,2,23,7,0,0,23,1,1,0.2109,22,924,0,1,0
75,-6,3,23,5,0,0,23,1,1,1.0709,28,979,3,4,1
75,-6,4,24,3,0,0,24,1,1,0.6309,25,885,2,3,0
75,-6,5,15,5,0,0,15,1,1,0.1321,14,466,0,1,0
75,-6,6,18,7,0,0,18,1,1,0.1609,17,660,0,1,0
75,-6,7,20,4,0,0,20,1,1,0.8309,27,1516,5,4,1
75,-6,8,21,5,0,0,21,1,1,1.1909,36,2356,8,5,1
75,-5,-2,25,5,0,0,25,1,1,1.7509,56,4323,9,7,2
75,-5,-1,36,3,0,0,36,1,1,3.7710,74,4875,11,7,2
75,-5,0,29,3,0,0,29,1,1,0.7609,30,1708,2,2,0
75,-5,1,21,7,0,0,21,1,1,1.1609,28,964,5,4,1
75,-5,2,19,7,0,0,19,1,1,0.5909,21,501,3,3,0
75,-5,3,24,7,0,0,24,1,1,0.2209,23,534,0,1,0
75,-5,4,24,8,0,0,24,1,1,0.2209,23,511,0,1,0
75,-5,5,21,7,0,0,21,1,1,2.5709,40,1032,15,13,2
75,-5,6,22,5,0,0,22,1,1,0.6209,25,742,4,3,0
75,-5,7,28,7,0,0,28,1,1,0.7809,29,918,2,2,0
75,-5,8,18,4,0,0,18,1,1,0.3009,18,859,1,2,0
75,-5,9,16,5,0,0,16,1,1,0.4009,22,1361,3,3,0
75,-4,-3,25,7,0,0,25,1,1,1.8710,63,5207,8,7,2
75,-4,-2,16,5,0,0,16,1,1,0.4209,24,1722,1,3,0
75,-4,-1,26,4,0,0,26,1,1,0.5909,33,1834,5,2,0
75,-4,0,24,6,0,0,24,1,1,0.4509,24,915,1,2,0
75,-4,1,21,6,0,0,21,1,1,0.8509,25,574,4,4,1
75,-4,2,12,9,0,0,12,1,1,0.1009,11,186,0,1,0
75,-4,3,20,7,0,0,20,1,1,0.1810,19,360,0,1,0
75,-4,4,20,5,0,0,20,1,1,0.9409,26,486,4,4,1
75,-4,5,23,4,0,0,23,1,1,0.4309,23,526,1,2,0
75,-4,6,25,4,0,0,25,1,1,0.9709,31,732,6,4,2
75,-4,7,13,3,0,0,13,1,1,0.7709,19,538,6,6,1
75,-4,8,25,7,0,0,25,1,1,0.6909,27,1196,3,3,0
75,-3,-3,13,6,0,0,13,1,1,0.4510,23,1711,1,4,0
75,-3,-2,20,7,0,0,20,1,1,1.3614,34,1962,6,5,1
75,-3,-1,13,2,0,0,13,1,1,0.3509,15,745,3,3,0
75,-3,0,23,6,0,0,23,1,1,2.1109,30,800,6,4,1
75,-3,1,20,4,0,0,20,1,1,0.2709,20,414,1,2,0
75,-3,2,18,5,0,0,18,1,1,1.6910,27,480,6,4,2
75,-3,3,22,5,0,0,22,1,1,0.2009,21,364,0,1,0
75,-3,4,23,6,0,0,23,1,1,0.6409,26,471,4,3,0
75,-3,5,15,4,0,0,15,1,1,0.8910,19,326,4,5,1
75,-3,6,20,5,0,0,20,1,1,1.3209,23,481,3,4,1
75,-3,7,23,5,0,0,23,1,1,1.0809,30,855,4,4,1
75,-2,-3,19,6,0,0,19,1,1,0.5129,31,2482,1,3,0
75,-2,-2,20,7,0,0,20,1,1,0.8509,28,1252,4,3,0
75,-2,-1,20,5,0,0,20,1,1,0.8309,26,1205,3,4,1
75,-2,0,23,5,0,0,23,1,1,0.2109,22,682,0,1,0
75,-2,1,35,4,0,0,35,1,1,0.6110,35,855,1,2,0
75,-2,2,24,4,0,0,24,1,1,0.4409,25,477,2,2,0
75,-2,3,20,7,0,0,20,1,1,0.1809,19,341,0,1,0
75,-2,4,24,5,0,0,24,1,1,0.4209,24,445,1,2,0
75,-2,5,17,5,0,0,17,1,1,0.1509,16,302,0,1,0
75,-2,6,27,5,0,0,27,1,1,0.5009,27,730,1,2,0
75,-2,7,22,5,0,0,22,1,1,0.5609,23,817,2,3,0
75,-1,-4,17,5,0,0,17,1,1,1.2010,41,3112,5,5,0
75,-1,-3,21,7,0,0,21,1,1,0.5909,33,2443,0,3,0
75,-1,-2,24,7,0,0,24,1,1,0.9009,36,2227,3,4,0
75,-1,-1,14,4,0,0,14,1,1,0.2509,15,699,2,2,0
75,-1,0,23,7,0,0,23,1,1,0.2113,22,633,0,1,0
75,-1,1,22,8,0,0,22,1,1,0.3809,22,503,1,2,0
75,-1,2,17,10,0,0,17,1,1,0.3109,17,351,1,2,0
75,-1,3,25,4,0,0,25,1,1,0.3109,25,515,1,2,0
75,-1,4,20,7,0,0,20,1,1,0.1809,19,368,0,1,0
75,-1,5,22,10,0,0,22,1,1,0.4109,22,469,1,2,0
75,-1,6,21,5,0,0,21,1,1,1.3609,33,932,8,5,1
75,0,-4,22,4,0,0,22,1,1,2.0612,62,5294,10,6,2
75,0,-3,18,4,0,0,18,1,1,0.4513,32,2412,0,3,0
75,0,-2,16,4,0,0,16,1,1,0.2810,23,1526,0,2,0
75,0,-1,21,5,0,0,21,1,1,0.3209,24,1251,1,2,0
75,0,0,27,5,0,0,27,1,1,0.2509,26,1120,0,1,0
75,0,1,13,3,0,0,13,1,1,0.1122,12,444,0,1,0
75,0,2,21,5,0,0,21,1,1,0.5809,22,608,2,3,0
75,0,3,22,4,0,0,22,1,1,0.3609,23,564,2,2,0
75,0,4,25,7,0,0,25,1,1,0.4709,25,747,1,2,0
75,0,5,17,7,0,0,17,1,1,0.4709,18,506,2,3,0
75,0,6,24,3,0,0,24,1,1,0.6409,26,1654,3,3,0
75,1,-5,13,4,1,1,13,1,1,0.7109,34,3107,2,5,0
75,1,-4,27,5,0,0,27,1,1,2.3309,76,6719,7,7,1
75,1,-3,22,5,0,0,22,1,1,1.5111,50,3972,9,6,0
75,1,-2,24,5,0,0,24,1,1,2.0609,58,3984,6,8,1
75,1,-1,20,5,0,0,20,1,1,1.1309,34,2331,6,5,1
75,1,0,18,4,0,0,18,1,1,1.3109,31,1612,9,5,0
75,1,1,21,4,0,0,21,1,1,0.1909,20,1004,0,1,0
75,1,2,27,5,0,0,27,1,1,0.2520,26,1311,0,1,0
75,1,3,17,6,0,0,17,1,1,0.2909,17,743,1,2,0
75,1,4,18,7,0,0,18,1,1,0.8711,22,1050,4,5,1
75,1,5,19,5,0,0,19,1,1,1.2409,26,1173,4,4,1
75,2,-5,18,7,0,0,18,1,1,7.9419,99,8888,49,39,2
75,2,-4,23,4,0,0,23,1,1,1.9130,67,6258,7,6,1
75,2,-3,15,4,0,0,15,1,1,0.8009,38,3245,4,5,0
75,2,-2,21,3,0,0,21,1,1,0.8712,41,3111,4,5,0
75,2,-1,31,5,0,0,31,1,1,1.2809,56,4504,4,4,0
75,2,0,32,4,0,0,32,1,1,1.8509,51,3116,6,4,0
75,2,1,19,5,0,0,19,1,1,0.5309,26,1583,2,3,0
75,2,2,17,3,0,0,17,1,1,0.6315,21,1312,2,4,0
75,2,3,23,5,0,0,23,1,1,1.4809,43,2274,11,7,2
75,2,4,18,5,0,0,18,1,1,0.4409,25,1612,1,3,0
75,2,5,22,6,0,0,22,1,1,0.8310,36,2430,4,4,0
75,3,-6,25,4,34,34,25,1,1,2.3835,74,6579,8,7,1
75,3,-5,19,5,6,6,19,1,1,1.6922,58,5429,8,9,0
75,3,-4,27,7,0,0,27,1,1,2.2910,71,6462,3,5,0
75,3,-3,25,6,0,0,25,1,1,2.2619,70,6540,9,9,1
75,3,-2,22,7,0,0,22,1,1,0.8309,49,4079,0,3,0
75,3,-1,16,5,0,0,16,1,1,1.0309,34,2732,4,5,0
75,3,0,20,7,0,0,20,1,1,0.9409,38,2850,3,4,0
75,3,1,22,3,0,0,22,1,1,1.0725,46,3883,5,5,1
75,4,-3,24,6,0,0,24,1,1,2.7324,74,6871,6,6,1
76,-7,6,23,4,0,0,23,1,1,0.6509,29,1634,2,2,0
76,-7,7,19,10,0,0,19,1,1,5.5709,32,1161,9,4,2
76,-7,8,15,5,0,0,15,1,1,0.4109,22,1366,1,3,0
76,-6,2,23,7,0,0,23,1,1,1.3609,28,1136,6,4,1
76,-6,3,23,5,0,0,23,1,1,2.1709,30,965,6,4,1
76,-6,4,24,3,0,0,24,1,1,0.4116,24,818,1,2,0
76,-6,5,15,5,0,0,15,1,1,0.5409,18,581,4,4,0
76,-6,6,18,7,0,0,18,1,1,0.2609,18,705,1,2,0
76,-6,7,20,4,0,0,20,1,1,0.1809,19,951,0,1,0
76,-6,8,21,5,0,0,21,1,1,0.5909,30,1789,3,3,0
76,-5,-2,25,5,0,0,25,1,1,1.4309,58,4218,8,5,1
76,-5,-1,36,3,0,0,36,1,1,2.3710,77,5094,14,6,2
76,-5,0,29,3,0,0,29,1,1,1.7009,40,1888,11,7,1
76,-5,1,21,7,0,0,21,1,1,0.5609,22,767,2,2,0
76,-5,2,19,7,0,0,19,1,1,0.3509,19,471,1,2,0
76,-5,3,24,7,0,0,24,1,1,0.4509,24,521,1,2,0
76,-5,4,24,8,0,0,24,1,1,0.2209,23,530,0,1,0
76,-5,5,21,7,0,0,21,1,1,1.3709,24,558,3,4,1
76,-5,6,22,5,0,0,22,1,1,0.4109,22,728,1,2,0
76,-5,7,28,7,0,0,28,1,1,2.1309,39,1181,8,4,1
76,-5,8,18,4,0,0,18,1,1,0.1609,17,886,0,1,0
76,-5,9,16,5,0,0,16,1,1,1.4509,25,1243,4,4,1
76,-4,-3,25,7,0,0,25,1,1,1.4613,58,4445,6,5,1
76,-4,-2,16,5,0,0,16,1,1,1.9212,31,2135,7,5,2
76,-4,-1,26,4,0,0,26,1,1,1.3409,40,2108,9,4,1
76,-4,0,24,6,0,0,24,1,1,0.6009,26,903,3,3,0
76,-4,1,21,6,0,0,21,1,1,0.4509,22,517,2,3,0
76,-4,2,12,9,0,0,12,1,1,0.4309,14,230,3,3,0
76,-4,3,20,7,0,0,20,1,1,0.3409,20,376,1,2,0
76,-4,4,20,5,0,0,20,1,1,0.3709,21,405,2,2,0
76,-4,5,23,4,0,0,23,1,1,0.2514,23,511,1,2,0
76,-4,6,25,4,0,0,25,1,1,0.9509,31,793,4,4,1
76,-4,7,13,3,0,0,13,1,1,0.1109,12,388,0,1,0
76,-4,8,25,7,0,0,25,1,1,0.2310,24,1098,0,1,0
76,-3,-3,13,6,0,0,13,1,1,0.4509,23,1696,1,4,0
76,-3,-2,20,7,0,0,20,1,1,0.7509,29,1565,2,3,0
76,-3,-1,13,2,0,0,13,1,1,0.1109,12,629,0,1,0
76,-3,0,23,6,0,0,23,1,1,0.4109,23,664,1,2,0
76,-3,1,20,4,0,0,20,1,1,3.7509,43,860,23,20,0
76,-3,2,18,5,0,0,18,1,1,0.1609,17,309,0,1,0
76,-3,3,22,5,0,0,22,1,1,1.0409,29,512,7,4,1
76,-3,4,23,6,0,0,23,1,1,0.3609,23,416,1,2,0
76,-3,5,15,4,0,0,15,1,1,0.1909,16,283,2,2,0
76,-3,6,20,5,0,0,20,1,1,0.7609,28,641,7,4,2
76,-3,7,23,5,0,0,23,1,1,1.5209,29,818,6,4,1
76,-2,-3,19,6,0,0,19,1,1,0.8828,38,3132,5,5,1
76,-2,-2,20,7,0,0,20,1,1,2.3709,31,1426,5,4,1
76,-2,-1,20,5,0,0,20,1,1,0.2609,20,1041,1,2,0
76,-2,0,23,5,0,0,23,1,1,0.4309,24,658,2,2,0
76,-2,1,35,4,0,0,32,0,1,-1.0000,127,2561,93,89,0
76,-2,2,24,4,0,0,24,1,1,1.7609,29,544,5,5,1
76,-2,3,20,7,0,0,20,1,1,0.1809,19,332,0,1,0
76,-2,4,24,5,0,0,24,1,1,0.4209,24,428,1,2,0
76,-2,5,17,5,0,0,17,1,1,0.1509,16,311,0,1,0
76,-2,6,27,5,0,0,27,1,1,0.3809,27,709,1,2,0
76,-2,7,22,5,0,0,22,1,1,0.5609,23,823,2,2,0
76,-1,-4,17,5,0,0,17,1,1,0.7811,38,3156,2,4,0
76,-1,-3,21,7,0,0,21,1,1,0.9909,40,3055,7,5,1
76,-1,-2,24,7,0,0,24,1,1,0.6709,33,2024,1,3,0
76,-1,-1,14,4,0,0,14,1,1,0.4809,17,715,4,3,0
76,-1,0,23,7,0,0,23,1,1,0.3809,24,742,2,2,0
76,-1,1,22,8,0,0,22,1,1,2.6909,25,539,3,4,1
76,-1,2,17,10,0,0,17,1,1,0.4709,19,407,3,2,0
76,-1,3,25,4,0,0,25,1,1,0.4709,25,538,1,2,0
76,-1,4,20,7,0,0,20,1,1,0.2809,20,380,1,2,0
76,-1,5,22,10,0,0,22,1,1,0.2009,21,443,0,1,0
76,-1,6,21,5,0,0,21,1,1,1.3609,27,696,6,4,1
76,0,-4,22,4,0,0,22,1,1,1.5309,55,4570,5,4,1
76,0,-3,18,4,0,0,18,1,1,1.0732,41,3207,5,6,1
76,0,-2,16,4,0,0,16,1,1,0.8626,30,1997,3,5,1
76,0,-1,21,5,0,0,21,1,1,0.5209,24,1294,1,3,0
76,0,0,27,5,0,0,27,1,1,0.4509,27,1180,1,2,0
76,0,1,13,3,0,0,13,1,1,0.1124,12,452,0,1,0
76,0,2,21,5,0,0,21,1,1,0.2509,21,587,1,2,0
76,0,3,22,4,0,0,22,1,1,0.2009,21,517,0,1,0
76,0,4,25,7,0,0,25,1,1,0.7109,26,842,2,3,0
76,0,5,17,7,0,0,17,1,1,0.9509,21,559,5,4,0
76,0,6,24,3,0,0,24,1,1,0.2209,23,1343,0,1,0
76,1,-5,13,4,1,1,13,1,1,1.2323,51,4890,9,9,3
76,1,-4,27,5,0,0,27,1,1,1.8109,72,6437,9,5,0
76,1,-3,22,5,0,0,22,1,1,1.0409,42,3400,4,4,0
76,1,-2,24,5,0,0,24,1,1,0.9109,47,3469,4,4,0
76,1,-1,20,5,0,0,20,1,1,1.1421,32,2268,5,6,1
76,1,0,18,4,0,0,18,1,1,1.1412,22,1135,3,4,1
76,1,1,21,4,0,0,21,1,1,0.5909,22,1078,2,3,0
76,1,2,27,5,0,0,27,1,1,0.3212,27,1358,1,2,0
76,1,3,17,6,0,0,17,1,1,0.2909,17,714,1,2,0
76,1,4,18,7,0,0,18,1,1,0.2025,18,838,1,2,0
76,1,5,19,5,0,0,19,1,1,2.3209,25,1105,4,4,1
76,2,-5,18,7,0,0,18,1,1,2.1619,67,6248,11,9,2
76,2,-4,23,4,0,0,23,1,1,2.0827,71,6504,10,6,2
76,2,-3,15,4,0,0,15,1,1,0.5209,35,2932,1,3,0
76,2,-2,21,3,0,0,21,1,1,1.8209,50,3754,10,9,1
76,2,-1,31,5,0,0,31,1,1,0.9809,55,4313,2,3,0
76,2,0,32,4,0,0,32,1,1,1.2309,47,2910,2,4,0
76,2,1,19,5,0,0,19,1,1,0.5309,25,1437,1,2,0
76,2,2,17,3,0,0,17,1,1,0.3115,20,1206,1,2,0
76,2,3,23,5,0,0,23,1,1,0.5209,29,1611,1,3,0
76,2,4,18,5,0,0,18,1,1,1.0210,37,2060,9,5,2
76,2,5,22,6,0,0,22,1,1,2.2309,49,3367,10,11,2
76,3,-6,25,4,47,47,25,1,1,2.1433,64,5740,3,5,0
76,3,-5,19,5,4,4,19,1,1,2.5923,61,5765,7,7,1
76,3,-4,27,7,0,0,27,1,1,3.3312,87,7775,8,9,1
76,3,-3,25,6,0,0,25,1,1,1.3016,63,5936,7,5,0
76,3,-2,22,7,0,0,22,1,1,0.8309,50,4173,1,4,0
76,3,-1,16,5,0,0,16,1,1,0.7431,36,2964,4,5,1
76,3,0,20,7,0,0,20,1,1,0.7509,36,2725,0,3,0
76,3,1,22,3,0,0,22,1,1,1.0712,49,4000,6,5,1
76,4,-3,24,6,0,0,24,1,1,4.1114,105,10168,23,16,6
77,-7,6,23,4,0,0,23,1,1,1.0909,34,2040,6,4,1
77,-7,7,19,10,0,0,19,1,1,0.3509,20,975,0,2,0
77,-7,8,15,5,0,0,15,1,1,0.2709,20,1218,0,2,0
77,-6,2,23,7,0,0,23,1,1,1.0909,31,1258,3,4,1
77,-6,3,23,5,0,0,23,1,1,0.4109,23,845,1,2,0
77,-6,4,24,3,0,0,24,1,1,0.3509,24,830,1,2,0
77,-6,5,15,5,0,0,15,1,1,0.1325,14,473,0,1,0
77,-6,6,18,7,0,0,18,1,1,0.1609,17,669,0,1,0
77,-6,7,20,4,0,0,20,1,1,0.1809,19,942,0,1,0
77,-6,8,21,5,0,0,21,1,1,0.3909,27,1660,1,2,0
77,-5,-2,25,5,0,0,25,1,1,1.0309,44,3281,2,3,0
77,-5,-1,36,3,0,0,36,1,1,1.8810,64,4414,7,6,0
77,-5,0,29,3,0,0,29,1,1,0.4809,29,1625,1,2,0
77,-5,1,21,7,0,0,21,1,1,0.7609,23,744,3,2,0
77,-5,2,19,7,0,0,19,1,1,0.2309,19,461,1,2,0
77,-5,3,24,7,0,0,24,1,1,0.2209,23,503,0,1,0
77,-5,4,24,8,0,0,24,1,1,0.9109,26,587,3,3,0
77,-5,5,21,7,0,0,21,1,1,0.3709,22,526,2,2,0
77,-5,6,22,5,0,0,22,1,1,2.7213,29,832,6,4,1
77,-5,7,28,7,0,0,28,1,1,0.2609,27,897,0,1,0
77,-5,8,18,4,0,0,18,1,1,0.6809,22,922,4,4,1
77,-5,9,16,5,0,0,16,1,1,0.4009,24,1439,5,3,0
77,-4,-3,25,7,0,0,25,1,1,2.5909,64,4866,9,8,1
77,-4,-2,16,5,0,0,16,1,1,1.4834,40,3229,11,10,2
77,-4,-1,26,4,0,0,26,1,1,0.4809,30,1740,3,2,0
77,-4,0,24,6,0,0,24,1,1,0.3709,26,989,3,2,0
77,-4,1,21,6,0,0,21,1,1,0.4109,22,541,2,3,0
77,-4,2,12,9,0,0,12,1,1,0.1009,11,182,0,1,0
77,-4,3,20,7,0,0,20,1,1,1.6709,26,473,6,4,1
77,-4,4,20,5,0,0,20,1,1,0.3709,20,386,1,2,0
77,-4,5,23,4,0,0,23,1,1,0.4309,23,512,1,2,0
77,-4,6,25,4,0,0,25,1,1,0.4816,26,694,2,3,0
77,-4,7,13,3,0,0,13,1,1,0.1109,12,388,0,1,0
77,-4,8,25,7,0,0,25,1,1,1.1709,30,1389,5,4,1
77,-3,-3,13,6,0,0,13,1,1,0.5709,27,1858,4,5,0
77,-3,-2,20,7,0,0,20,1,1,0.3709,25,1484,0,2,0
77,-3,-1,13,2,0,0,13,1,1,0.1811,14,696,2,2,0
77,-3,0,23,6,0,0,23,1,1,0.6309,24,747,2,3,0
77,-3,1,20,4,0,0,20,1,1,0.8609,24,480,4,4,1
77,-3,2,18,5,0,0,18,1,1,0.1609,17,301,0,1,0
77,-3,3,22,5,0,0,22,1,1,0.2009,21,367,0,1,0
77,-3,4,23,6,0,0,23,1,1,0.6009,25,443,3,3,0
77,-3,5,15,4,0,0,15,1,1,0.3309,16,291,2,3,0
77,-3,6,20,5,0,0,20,1,1,0.1809,19,415,0,1,0
77,-3,7,23,5,0,0,23,1,1,0.4209,23,655,1,2,0
77,-2,-3,19,6,0,0,19,1,1,0.6709,33,2441,2,3,0
77,-2,-2,20,7,0,0,20,1,1,1.0409,29,1579,4,5,1
77,-2,-1,20,5,0,0,20,1,1,0.5109,22,1073,3,3,0
77,-2,0,23,5,0,0,23,1,1,0.2413,23,688,1,2,0
77,-2,1,35,4,0,0,35,1,1,1.6310,42,1021,6,4,1
77,-2,2,24,4,0,0,24,1,1,0.4510,24,466,1,2,0
77,-2,3,20,7,0,0,20,1,1,2.8409,27,463,7,4,1
77,-2,4,24,5,0,0,24,1,1,0.9109,27,489,3,4,1
77,-2,5,17,5,0,0,17,1,1,0.1509,16,304,0,1,0
77,-2,6,27,5,0,0,27,1,1,0.3309,28,715,2,2,0
77,-2,7,22,5,0,0,22,1,1,2.0809,31,867,8,5,2
77,-1,-4,17,5,0,0,17,1,1,1.6014,45,3622,9,11,0
77,-1,-3,21,7,0,0,21,1,1,0.5909,35,2623,2,3,0
77,-1,-2,24,7,0,0,24,1,1,0.4409,33,1924,0,2,0
77,-1,-1,14,4,0,0,14,1,1,0.1209,13,619,0,1,0
77,-1,0,23,7,0,0,23,1,1,0.4209,23,667,1,2,0
77,-1,1,22,8,0,0,22,1,1,0.3809,22,482,1,2,0
77,-1,2,17,10,0,0,17,1,1,0.9509,22,442,6,3,0
77,-1,3,25,4,0,0,25,1,1,0.2309,24,492,0,1,0
77,-1,4,20,7,0,0,20,1,1,0.5409,21,399,2,3,0
77,-1,5,22,10,0,0,22,1,1,0.2009,21,466,0,1,0
77,-1,6,21,5,0,0,21,1,1,0.9609,26,791,5,4,1
77,0,-4,22,4,0,0,22,1,1,1.6409,67,5831,9,7,1
77,0,-3,18,4,0,0,18,1,1,0.9509,41,2992,3,5,1
77,0,-2,16,4,0,0,16,1,1,0.7111,31,1929,6,5,1
77,0,-1,21,5,0,0,21,1,1,0.3709,24,1254,1,2,0
77,0,0,27,5,0,0,27,1,1,0.6409,30,1290,4,3,0
77,0,1,13,3,0,0,13,1,1,0.8220,17,551,4,5,1
77,0,2,21,5,0,0,21,1,1,0.2509,21,561,1,2,0
77,0,3,22,4,0,0,22,1,1,0.2009,21,504,0,1,0
77,0,4,25,7,0,0,25,1,1,0.2309,24,737,0,1,0
77,0,5,17,7,0,0,17,1,1,1.1109,21,583,3,4,1
77,0,6,24,3,0,0,24,1,1,1.5609,31,1824,7,4,1
77,1,-5,13,4,0,0,13,1,1,6.3510,89,6884,54,48,0
77,1,-4,27,5,0,0,27,1,1,1.8109,67,5982,6,5,0
77,1,-3,22,5,0,0,22,1,1,1.0711,51,3905,5,5,1
77,1,-2,24,5,0,0,24,1,1,1.8309,52,3619,7,7,1
77,1,-1,20,5,0,0,20,1,1,0.9409,29,1912,4,3,0
77,1,0,18,4,0,0,18,1,1,0.7509,24,1384,5,4,0
77,1,1,21,4,0,0,21,1,1,0.1909,20,1045,0,1,0
77,1,2,27,5,0,0,27,1,1,0.5121,27,1348,1,2,0
77,1,3,17,6,0,0,17,1,1,1.0909,21,828,3,4,1
77,1,4,18,7,0,0,17,0,1,-1.0000,192,12846,175,176,0
77,1,5,19,5,0,0,19,1,1,0.3909,22,982,2,2,0
77,2,-5,18,7,2,2,18,1,1,1.3121,43,3798,1,3,0
77,2,-4,23,4,0,0,23,1,1,1.9130,64,5776,7,5,0
77,2,-3,15,4,0,0,15,1,1,0.8009,37,3140,3,4,0
77,2,-2,21,3,0,0,20,0,1,-1.0000,187,19071,153,150,0
77,2,-1,31,5,0,0,31,1,1,2.3909,62,4587,7,7,2
77,2,0,32,4,0,0,32,1,1,1.8509,55,3510,7,5,1
77,2,1,19,5,0,0,19,1,1,0.5309,27,1563,3,2,0
77,2,2,17,3,0,0,16,0,1,-1.0000,205,21236,186,187,0
77,2,3,23,5,0,0,23,1,1,0.4309,28,1493,0,2,0
77,2,4,18,5,0,0,18,1,1,0.3309,24,1491,0,2,0
77,2,5,22,6,0,0,22,1,1,0.6209,34,2149,2,3,0
77,3,-6,25,4,37,37,25,1,1,2.3828,72,6680,10,6,1
77,3,-5,19,5,5,5,19,1,1,1.8720,56,5165,6,5,0
77,3,-4,27,7,0,0,27,1,1,4.6309,77,6901,6,4,1
77,3,-3,25,6,0,0,25,1,1,3.4620,85,8089,15,9,2
77,3,-2,22,7,0,0,22,1,1,1.0409,51,4317,2,4,0
77,3,-1,16,5,0,0,16,1,1,0.8809,38,3107,6,6,1
77,3,0,20,7,0,0,20,1,1,0.7509,36,2739,0,3,0
77,3,1,22,3,0,0,22,1,1,1.4309,43,3565,4,5,0
77,4,-3,24,6,0,0,24,1,1,2.3222,68,6283,4,4,1
78,-7,6,23,4,0,0,23,1,1,0.9014,31,1772,5,5,0
78,-7,7,19,10,0,0,19,1,1,2.3309,27,1124,4,4,1
78,-7,8,15,5,0,0,15,1,1,0.5509,22,1291,2,3,0
78,-6,2,23,7,0,0,23,1,1,0.4309,24,938,2,2,0
78,-6,3,23,5,0,0,23,1,1,1.0709,28,989,3,4,1
78,-6,4,24,3,0,0,24,1,1,1.1510,37,1263,11,4,2
78,-6,5,15,5,0,0,15,1,1,0.6609,18,668,3,4,1
78,-6,6,18,7,0,0,18,1,1,0.3309,18,706,1,2,0
78,-6,7,20,4,0,0,20,1,1,0.3026,20,1031,1,2,0
78,-6,8,21,5,0,0,21,1,1,0.9909,31,2105,5,4,1
78,-5,-2,25,5,0,0,25,1,1,3.1111,53,3885,6,4,1
78,-5,-1,36,3,0,0,36,1,1,1.5310,68,4655,12,4,0
78,-5,0,29,3,0,0,29,1,1,0.8009,33,1721,4,3,0
78,-5,1,21,7,0,0,21,1,1,0.5609,22,729,2,3,0
78,-5,2,19,7,0,0,19,1,1,5.6309,56,1146,37,31,2
78,-5,3,24,7,0,0,24,1,1,0.4509,24,545,1,2,0
78,-5,4,24,8,0,0,24,1,1,0.4509,24,497,1,2,0
78,-5,5,21,7,0,0,21,1,1,0.3709,21,497,1,2,0
78,-5,6,22,5,0,0,22,1,1,0.9209,27,805,4,4,1
78,-5,7,28,7,0,0,28,1,1,0.2609,27,913,0,1,0
78,-5,8,18,4,0,0,18,1,1,0.1724,18,950,1,2,0
78,-5,9,16,5,0,0,16,1,1,0.7009,28,1658,5,4,1
78,-4,-3,25,7,0,0,25,1,1,1.1921,54,4505,4,5,0
78,-4,-2,16,5,0,0,16,1,1,0.5709,25,1739,2,3,0
78,-4,-1,26,4,0,0,26,1,1,0.9809,38,2343,8,4,1
78,-4,0,24,6,0,0,24,1,1,0.3709,24,902,1,2,0
78,-4,1,21,6,0,0,21,1,1,5.6110,52,1084,31,29,1
78,-4,2,12,9,0,0,12,1,1,0.1009,11,178,0,1,0
78,-4,3,20,7,0,0,20,1,1,0.7209,23,441,4,3,0
78,-4,4,20,5,0,0,20,1,1,2.4609,22,404,3,4,1
78,-4,5,23,4,0,0,23,1,1,0.2109,22,524,0,1,0
78,-4,6,25,4,0,0,25,1,1,0.9509,27,700,3,3,0
78,-4,7,13,3,0,0,13,1,1,0.1709,13,423,1,2,0
78,-4,8,25,7,0,0,25,1,1,0.7111,28,1212,4,3,0
78,-3,-3,13,6,0,0,13,1,1,0.3309,22,1614,0,3,0
78,-3,-2,20,7,0,0,20,1,1,0.3709,27,1586,1,2,0
78,-3,-1,13,2,0,0,13,1,1,0.5511,18,913,5,4,1
78,-3,0,23,6,0,0,23,1,1,0.3509,23,671,1,2,0
78,-3,1,20,4,0,0,20,1,1,0.8409,26,518,4,4,1
78,-3,2,18,5,0,0,18,1,1,0.3309,19,336,2,2,0
78,-3,3,22,5,0,0,22,1,1,0.4709,24,430,3,2,0
78,-3,4,23,6,0,0,23,1,1,0.9709,26,470,3,4,1
78,-3,5,15,4,0,0,15,1,1,0.2609,16,292,2,2,0
78,-3,6,20,5,0,0,20,1,1,0.1809,19,420,0,1,0
78,-3,7,23,5,0,0,23,1,1,0.2120,22,644,0,1,0
78,-2,-3,19,6,0,0,19,1,1,0.4909,31,2441,1,3,0
78,-2,-2,20,7,0,0,20,1,1,1.4209,32,1644,5,7,1
78,-2,-1,20,5,0,0,20,1,1,0.3209,20,985,1,2,0
78,-2,0,23,5,0,0,23,1,1,0.2109,22,650,0,1,0
78,-2,1,35,4,0,0,35,1,1,1.3910,38,913,3,4,1
78,-2,2,24,4,0,0,24,1,1,0.2210,23,435,0,1,0
78,-2,3,20,7,0,0,20,1,1,0.3709,20,355,1,2,0
78,-2,4,24,5,0,0,24,1,1,0.8809,29,534,5,4,1
78,-2,5,17,5,0,0,17,1,1,0.1509,16,307,0,1,0
78,-2,6,27,5,0,0,27,1,1,0.6613,31,777,5,3,0
78,-2,7,22,5,0,0,22,1,1,0.2020,21,689,0,1,0
78,-1,-4,17,5,0,0,17,1,1,0.7210,39,3273,3,4,0
78,-1,-3,21,7,0,0,21,1,1,0.9909,41,2965,3,5,1
78,-1,-2,24,7,0,0,24,1,1,1.1309,36,2170,3,5,0
78,-1,-1,14,4,0,0,14,1,1,0.3509,17,886,4,3,0
78,-1,0,23,7,0,0,23,1,1,1.4809,28,768,5,4,1
78,-1,1,22,8,0,0,22,1,1,1.4309,25,545,3,4,1
78,-1,2,17,10,0,0,17,1,1,3.5109,23,465,5,4,1
78,-1,3,25,4,0,0,25,1,1,1.0309,33,692,6,4,1
78,-1,4,20,7,0,0,20,1,1,0.2809,21,377,2,2,0
78,-1,5,22,10,0,0,22,1,1,0.4109,22,463,1,2,0
78,-1,6,21,5,0,0,21,1,1,0.1920,20,577,0,1,0
78,0,-4,22,4,0,0,22,1,1,1.2209,54,4641,3,6,0
78,0,-3,18,4,0,0,18,1,1,0.6215,35,2624,3,4,0
78,0,-2,16,4,0,0,16,1,1,0.5617,28,2027,5,4,0
78,0,-1,21,5,0,0,21,1,1,0.3910,24,1204,1,2,0
78,0,0,27,5,0,0,27,1,1,0.6409,28,1171,2,3,0
78,0,1,13,3,0,0,13,1,1,0.5109,18,645,3,4,1
78,0,2,21,5,0,0,15,0,1,-1.0000,170,2966,150,150,0
78,0,3,22,4,0,0,22,1,1,0.4709,23,549,2,3,0
78,0,4,25,7,0,0,25,1,1,0.2309,24,744,0,1,0
78,0,5,17,7,0,0,17,1,1,0.3109,17,486,1,2,0
78,0,6,24,3,0,0,24,1,1,1.5609,28,1539,4,4,1
78,1,-5,13,4,3,3,13,1,1,0.8310,33,3027,1,3,0
78,1,-4,27,5,0,0,27,1,1,2.0709,69,6132,7,6,0
78,1,-3,22,5,0,0,22,1,1,0.6712,39,3149,1,3,0
78,1,-2,24,5,0,0,24,1,1,1.6009,59,3918,9,6,2
78,1,-1,20,5,0,0,20,1,1,0.3709,26,1750,1,2,0
78,1,0,18,4,0,0,18,1,1,0.2409,19,1021,0,2,0
78,1,1,21,4,0,0,21,1,1,0.1909,20,1042,0,1,0
78,1,2,27,5,0,0,27,1,1,1.2509,34,1763,7,4,1
78,1,3,17,6,0,0,17,1,1,1.2709,24,870,7,8,2
78,1,4,18,7,0,0,18,1,1,0.1609,17,781,0,1,0
78,1,5,19,5,0,0,19,1,1,1.1109,27,1409,6,5,2
78,2,-5,18,7,1,1,18,1,1,1.1418,42,3748,0,3,0
78,2,-4,23,4,0,0,23,1,1,1.9621,68,6349,9,7,1
78,2,-3,15,4,0,0,15,1,1,0.5209,34,2893,0,3,0
78,2,-2,21,3,0,0,21,1,1,0.6710,37,2891,0,3,0
78,2,-1,31,5,0,0,31,1,1,1.4909,57,4377,3,3,0
78,2,0,32,4,0,0,32,1,1,1.5409,49,2833,3,4,0
78,2,1,19,5,0,0,19,1,1,0.3509,26,1484,0,2,0
78,2,2,17,3,0,0,17,1,1,0.6314,22,1344,3,4,0
78,2,3,23,5,0,0,23,1,1,0.6509,31,1666,4,3,0
78,2,4,18,5,0,0,18,1,1,0.4409,28,1705,3,3,0
78,2,5,22,6,0,0,22,1,1,1.6709,53,3120,9,6,3
78,3,-6,25,4,42,42,25,1,1,2.1431,76,6883,10,6,2
78,3,-5,19,5,3,3,19,1,1,2.0524,65,6286,8,9,2
78,3,-4,27,7,0,0,27,1,1,1.7710,70,6384,2,4,0
78,3,-3,25,6,0,0,25,1,1,2.2617,64,6087,6,6,1
78,3,-2,22,7,0,0,22,1,1,1.0409,52,4382,3,4,0
78,3,-1,16,5,0,0,16,1,1,0.7309,32,2555,3,5,0
78,3,0,20,7,0,0,20,1,1,0.7509,37,2836,1,4,0
78,3,1,22,3,0,0,22,1,1,0.8009,42,3377,3,4,0
78,4,-3,24,6,0,0,24,1,1,17.4521,148,12479,76,70,0
79,-7,6,23,4,0,0,23,1,1,0.3314,27,1606,0,2,0
79,-7,7,19,10,0,0,19,1,1,0.5309,22,1032,1,2,0
79,-7,8,15,5,0,0,15,1,1,0.4109,23,1287,3,3,0
79,-6,2,23,7,0,0,23,1,1,0.4309,23,983,1,2,0
79,-6,3,23,5,0,0,23,1,1,0.4109,24,881,2,2,0
79,-6,4,24,3,0,0,24,1,1,0.9809,28,911,3,4,1
79,-6,5,15,5,0,0,15,1,1,0.4009,18,599,4,3,0
79,-6,6,18,7,0,0,18,1,1,0.2609,18,653,1,2,0
79,-6,7,20,4,0,0,20,1,1,1.0209,27,1309,5,4,1
79,-6,8,21,5,0,0,21,1,1,0.9909,34,1992,5,4,1
79,-5,-2,25,5,0,0,25,1,1,1.4311,54,4016,5,5,1
79,-5,-1,36,3,0,0,36,1,1,0.9710,61,4140,4,3,0
79,-5,0,29,3,0,0,29,1,1,0.4809,31,1807,3,2,0
79,-5,1,21,7,0,0,21,1,1,0.5609,23,798,3,2,0
79,-5,2,19,7,0,0,19,1,1,0.1709,18,453,0,1,0
79,-5,3,24,7,0,0,24,1,1,1.6009,26,584,3,4,1
79,-5,4,24,8,0,0,24,1,1,0.2409,24,540,1,2,0
79,-5,5,21,7,0,0,21,1,1,0.3709,21,536,1,2,0
79,-5,6,22,5,0,0,22,1,1,0.6209,24,753,3,3,0
79,-5,7,28,7,0,0,28,1,1,0.5109,28,981,1,2,0
79,-5,8,18,4,0,0,18,1,1,0.6809,22,1006,4,4,1
79,-5,9,16,5,0,0,16,1,1,0.4009,21,1233,2,3,0
79,-4,-3,25,7,0,0,25,1,1,1.6309,54,4311,3,4,0
79,-4,-2,16,5,0,0,16,1,1,0.7209,26,1888,3,5,0
79,-4,-1,26,4,0,0,26,1,1,1.3519,36,2124,7,5,1
79,-4,0,24,6,0,0,24,1,1,0.3709,24,925,1,2,0
79,-4,1,21,6,0,0,21,1,1,0.9909,27,655,3,4,1
79,-4,2,12,9,0,0,12,1,1,0.2109,12,201,1,2,0
79,-4,3,20,7,0,0,20,1,1,1.1009,27,499,5,4,1
79,-4,4,20,5,0,0,20,1,1,0.3709,21,411,2,2,0
79,-4,5,23,4,0,0,23,1,1,0.4713,24,558,2,3,0
79,-4,6,25,4,0,0,25,1,1,0.4709,25,647,1,2,0
79,-4,7,13,3,0,0,13,1,1,0.1709,13,418,1,2,0
79,-4,8,25,7,0,0,25,1,1,1.8909,36,1670,9,4,2
79,-3,-3,13,6,0,0,13,1,1,0.5709,26,1958,4,5,0
79,-3,-2,20,7,0,0,20,1,1,0.4110,28,1574,2,2,0
79,-3,-1,13,2,0,0,13,1,1,0.6209,19,873,6,4,1
79,-3,0,23,6,0,0,23,1,1,2.1109,31,827,7,4,2
79,-3,1,20,4,0,0,20,1,1,1.4709,28,585,8,8,0
79,-3,2,18,5,0,0,18,1,1,0.1609,17,304,0,1,0
79,-3,3,22,5,0,0,22,1,1,2.5709,29,502,7,4,1
79,-3,4,23,6,0,0,23,1,1,0.3109,23,415,1,2,0
79,-3,5,15,4,0,0,15,1,1,0.1310,14,239,0,1,0
79,-3,6,20,5,0,0,20,1,1,0.1809,19,431,0,1,0
79,-3,7,23,5,0,0,23,1,1,0.2121,22,649,0,1,0
79,-2,-3,19,6,0,0,19,1,1,2.1109,46,3431,12,12,1
79,-2,-2,20,7,0,0,20,1,1,0.9410,30,1462,5,5,0
79,-2,-1,20,5,0,0,20,1,1,0.4509,21,994,2,3,0
79,-2,0,23,5,0,0,23,1,1,0.4309,23,655,1,2,0
79,-2,1,35,4,0,0,35,1,1,2.5610,41,953,5,4,1
79,-2,2,24,4,0,0,24,1,1,0.4409,25,499,2,2,0
79,-2,3,20,7,0,0,20,1,1,0.5609,21,362,2,2,0
79,-2,4,24,5,0,0,24,1,1,1.1109,29,560,5,4,1
79,-2,5,17,5,0,0,17,1,1,0.4209,18,335,2,3,0
79,-2,6,27,5,0,0,27,1,1,0.2512,26,662,0,1,0
79,-2,7,22,5,0,0,22,1,1,2.1609,29,878,7,5,2
79,-1,-4,17,5,0,0,17,1,1,1.6809,48,3859,10,10,2
79,-1,-3,21,7,0,0,21,1,1,1.3909,43,2906,4,6,1
79,-1,-2,24,7,0,0,24,1,1,0.6709,34,2073,2,3,0
79,-1,-1,14,4,0,0,14,1,1,0.5309,18,850,3,4,1
79,-1,0,23,7,0,0,23,1,1,0.3809,23,674,1,2,0
79,-1,1,22,8,0,0,22,1,1,0.3809,22,474,1,2,0
79,-1,2,17,10,0,0,17,1,1,0.1509,16,329,0,1,0
79,-1,3,25,4,0,0,25,1,1,1.7509,32,657,7,4,1
79,-1,4,20,7,0,0,20,1,1,0.1809,19,362,0,1,0
79,-1,5,22,10,0,0,22,1,1,0.4109,22,498,1,2,0
79,-1,6,21,5,0,0,21,1,1,0.1924,20,593,0,1,0
79,0,-4,22,4,0,0,22,1,1,1.6717,82,6891,13,7,4
79,0,-3,18,4,0,0,18,1,1,0.4513,33,2497,1,3,0
79,0,-2,16,4,0,0,16,1,1,0.2909,24,1557,0,2,0
79,0,-1,21,5,0,0,21,1,1,1.2109,30,1427,6,4,1
79,0,0,27,5,0,0,27,1,1,1.2309,35,1582,5,4,1
79,0,1,13,3,0,0,13,1,1,0.1509,13,452,1,2,0
79,0,2,21,5,0,0,21,1,1,0.1913,20,548,0,1,0
79,0,3,22,4,0,0,22,1,1,0.4709,23,555,2,3,0
79,0,4,25,7,0,0,25,1,1,0.7109,27,853,3,3,0
79,0,5,17,7,0,0,17,1,1,0.3109,17,485,1,2,0
79,0,6,24,3,0,0,24,1,1,1.1109,30,1668,6,4,1
79,1,-5,13,4,3,3,13,1,1,0.8310,34,3045,2,4,0
79,1,-4,27,5,0,0,27,1,1,1.2909,64,5628,2,4,0
79,1,-3,22,5,0,0,21,0,1,-1.0000,191,19248,148,143,2
79,1,-2,24,5,0,0,24,1,1,2.0609,57,4097,7,7,1
79,1,-1,20,5,0,0,20,1,1,1.7123,41,3025,11,9,1
79,1,0,18,4,0,0,18,1,1,12.5109,98,8557,78,74,1
79,1,1,21,4,0,0,21,1,1,0.5909,23,1241,3,3,0
79,1,2,27,5,0,0,27,1,1,0.3009,27,1320,1,2,0
79,1,3,17,6,0,0,17,1,1,8.0009,69,1972,52,50,2
79,1,4,18,7,0,0,18,1,1,0.6709,20,949,3,3,0
79,1,5,19,5,0,0,19,1,1,0.3511,22,1006,1,2,0
79,2,-5,18,7,3,3,18,1,1,1.0125,42,3820,1,4,0
79,2,-4,23,4,0,0,23,1,1,1.6412,67,6232,6,7,1
79,2,-3,15,4,0,0,15,1,1,1.2209,40,3459,3,6,1
79,2,-2,21,3,0,0,21,1,1,3.4209,50,3365,13,12,1
79,2,-1,31,5,0,0,31,1,1,2.0909,65,4998,7,6,2
79,2,0,32,4,0,0,32,1,1,0.9209,48,2918,2,3,0
79,2,1,19,5,0,0,19,1,1,0.5309,26,1521,1,3,0
79,2,2,17,3,0,0,17,1,1,0.4509,20,1084,1,2,0
79,2,3,23,5,0,0,23,1,1,0.6509,30,1643,2,3,0
79,2,4,18,5,0,0,18,1,1,0.4409,25,1514,1,2,0
79,2,5,22,6,0,0,22,1,1,0.4109,32,1993,0,2,0
79,3,-6,25,4,32,32,25,1,1,4.6224,85,7853,9,8,3
79,3,-5,19,5,6,6,19,1,1,1.6917,52,4754,2,4,0
79,3,-4,27,7,0,0,27,1,1,2.2910,77,7197,5,6,1
79,3,-3,25,6,0,0,25,1,1,2.4335,71,6625,4,8,1
79,3,-2,22,7,0,0,22,1,1,1.0409,50,4208,1,4,0
79,3,-1,16,5,0,0,16,1,1,1.0309,34,2727,4,6,0
79,3,0,20,7,0,0,20,1,1,0.7509,38,2862,1,4,0
79,3,1,22,3,0,0,22,1,1,1.2209,45,3634,6,6,0
79,4,-3,24,6,0,0,24,1,1,2.2722,66,6252,4,5,0
80,-7,6,23,4,0,0,23,1,1,0.2809,25,1511,0,2,0
80,-7,7,19,10,0,0,19,1,1,0.3509,22,1118,1,2,0
80,-7,8,15,5,0,0,15,1,1,0.8609,28,1469,6,4,1
80,-6,2,23,7,0,0,23,1,1,0.9309,30,1144,7,4,2
80,-6,3,23,5,0,0,23,1,1,0.5309,25,845,3,3,0
80,-6,4,24,3,0,0,24,1,1,0.2209,23,813,0,1,0
80,-6,5,15,5,0,0,15,1,1,0.2309,16,536,2,2,0
80,-6,6,18,7,0,0,18,1,1,3.1517,21,748,3,4,1
80,-6,7,20,4,0,0,20,1,1,0.1809,19,945,0,1,0
80,-6,8,21,5,0,0,21,1,1,0.3909,29,1763,2,2,0
80,-5,-2,25,5,0,0,25,1,1,1.5112,51,4069,8,5,1
80,-5,-1,36,3,0,0,36,1,1,1.6710,70,4550,9,5,1
80,-5,0,29,3,0,0,29,1,1,0.2714,28,1632,0,1,0
80,-5,1,21,7,0,0,21,1,1,3.1609,23,826,3,4,1
80,-5,2,19,7,0,0,19,1,1,0.7709,25,710,6,4,1
80,-5,3,24,7,0,0,24,1,1,0.4509,24,543,1,2,0
80,-5,4,24,8,0,0,24,1,1,0.2409,24,552,1,2,0
80,-5,5,21,7,0,0,21,1,1,0.5709,22,511,2,3,0
80,-5,6,22,5,0,0,22,1,1,1.0409,30,887,5,4,1
80,-5,7,28,7,0,0,28,1,1,0.8009,31,970,4,3,0
80,-5,8,18,4,0,0,18,1,1,0.4709,19,951,2,2,0
80,-5,9,16,5,0,0,16,1,1,1.4509,27,1311,5,4,1
80,-4,-3,25,7,0,0,25,1,1,4.0309,73,5898,16,17,2
80,-4,-2,16,5,0,0,16,1,1,0.5709,26,1804,3,4,0
80,-4,-1,26,4,0,0,26,1,1,0.4809,29,1659,1,2,0
80,-4,0,24,6,0,0,24,1,1,1.2909,31,1244,8,3,0
80,-4,1,21,6,0,0,21,1,1,0.1909,20,484,0,1,0
80,-4,2,12,9,0,0,12,1,1,0.1009,11,186,0,1,0
80,-4,3,20,7,0,0,20,1,1,0.3409,21,379,2,2,0
80,-4,4,20,5,0,0,20,1,1,0.1809,19,371,0,1,0
80,-4,5,23,4,0,0,23,1,1,0.6509,25,561,3,3,0
80,-4,6,25,4,0,0,25,1,1,0.2514,25,646,1,2,0
80,-4,7,13,3,0,0,13,1,1,0.1109,12,400,0,1,0
80,-4,8,25,7,0,0,25,1,1,1.1709,32,1545,3,4,1
80,-3,-3,13,6,0,0,13,1,1,0.3309,23,1697,1,3,0
80,-3,-2,20,7,0,0,20,1,1,0.5609,27,1508,1,2,0
80,-3,-1,13,2,0,0,13,1,1,0.1109,12,641,0,1,0
80,-3,0,23,6,0,0,23,1,1,0.3509,24,694,2,2,0
80,-3,1,20,4,0,0,20,1,1,0.3309,21,438,2,2,0
80,-3,2,18,5,0,0,18,1,1,0.1609,17,306,0,1,0
80,-3,3,22,5,0,0,22,1,1,0.3109,22,392,1,2,0
80,-3,4,23,6,0,0,23,1,1,0.7509,25,434,3,4,1
80,-3,5,15,4,0,0,15,1,1,0.2609,15,272,1,2,0
80,-3,6,20,5,0,0,20,1,1,0.1809,19,396,0,1,0
80,-3,7,23,5,0,0,23,1,1,1.3009,33,916,7,4,1
80,-2,-3,19,6,0,0,19,1,1,0.9012,35,2534,3,4,1
80,-2,-2,20,7,0,0,20,1,1,1.2309,28,1389,3,4,1
80,-2,-1,20,5,0,0,20,1,1,0.1830,19,953,0,1,0
80,-2,0,23,5,0,0,23,1,1,2.1909,27,735,4,4,1
80,-2,1,35,4,0,0,35,1,1,1.5410,44,1066,7,4,1
80,-2,2,24,4,0,0,24,1,1,0.2209,23,443,0,1,0
80,-2,3,20,7,0,0,20,1,1,0.7509,22,375,3,3,0
80,-2,4,24,5,0,0,24,1,1,0.4209,24,457,1,2,0
80,-2,5,17,5,0,0,17,1,1,0.9009,25,461,6,4,1
80,-2,6,27,5,0,0,27,1,1,0.5009,28,691,2,2,0
80,-2,7,22,5,0,0,22,1,1,0.3509,22,752,1,2,0
80,-1,-4,17,5,0,0,17,1,1,0.6212,38,3124,2,4,0
80,-1,-3,21,7,0,0,21,1,1,0.5909,33,2444,0,3,0
80,-1,-2,24,7,0,0,24,1,1,0.9009,34,1922,2,2,0
80,-1,-1,14,4,0,0,14,1,1,0.1410,14,654,1,2,0
80,-1,0,23,7,0,0,23,1,1,0.2115,22,639,0,1,0
80,-1,1,22,8,0,0,22,1,1,0.2009,21,464,0,1,0
80,-1,2,17,10,0,0,17,1,1,0.7909,20,385,4,3,0
80,-1,3,25,4,0,0,25,1,1,1.6313,31,640,6,4,1
80,-1,4,20,7,0,0,20,1,1,0.1809,19,361,0,1,0
80,-1,5,22,10,0,0,22,1,1,1.4609,30,610,6,4,1
80,-1,6,21,5,0,0,21,1,1,0.7609,23,620,3,4,0
80,0,-4,22,4,0,0,22,1,1,0.8009,51,4530,2,4,0
80,0,-3,18,4,0,0,18,1,1,0.4515,32,2425,0,3,0
80,0,-2,16,4,0,0,16,1,1,0.9809,32,2181,8,6,2
80,0,-1,21,5,0,0,21,1,1,1.9210,29,1374,5,5,1
80,0,0,27,5,0,0,27,1,1,1.2309,31,1393,3,4,1
80,0,1,13,3,0,0,13,1,1,0.2321,13,505,1,2,0
80,0,2,21,5,0,0,21,1,1,0.2509,21,619,1,2,0
80,0,3,22,4,0,0,22,1,1,0.2009,21,496,0,1,0
80,0,4,25,7,0,0,25,1,1,0.7109,28,835,4,3,0
80,0,5,17,7,0,0,17,1,1,0.1509,16,471,0,1,0
80,0,6,24,3,0,0,24,1,1,1.4026,29,1593,5,4,1
80,1,-5,13,4,0,0,13,1,1,1.5509,44,3934,5,9,1
80,1,-4,27,5,0,0,27,1,1,1.8109,67,6071,6,6,1
80,1,-3,22,5,0,0,22,1,1,0.8309,43,3369,3,4,0
80,1,-2,24,5,0,0,24,1,1,1.8309,56,3842,6,6,1
80,1,-1,20,5,0,0,20,1,1,0.7509,30,1877,3,3,0
80,1,0,18,4,0,0,18,1,1,0.2409,19,991,0,2,0
80,1,1,21,4,0,0,21,1,1,0.4909,22,1064,2,3,0
80,1,2,27,5,0,0,27,1,1,0.4911,28,1390,2,2,0
80,1,3,17,6,0,0,17,1,1,0.4509,18,791,2,3,0
80,1,4,18,7,0,0,18,1,1,0.1609,17,762,0,1,0
80,1,5,19,5,0,0,19,1,1,2.3209,26,1059,5,4,1
80,2,-5,18,7,0,0,18,1,1,1.0123,41,3701,0,3,0
80,2,-4,23,4,0,0,23,1,1,1.3013,59,5489,2,5,0
80,2,-3,15,4,0,0,15,1,1,1.3609,63,5138,15,8,3
80,2,-2,21,3,0,0,21,1,1,0.7909,38,3029,2,3,0
80,2,-1,31,5,0,0,31,1,1,2.6909,78,5824,16,8,4
80,2,0,32,4,0,0,32,1,1,1.2309,47,2940,2,4,0
80,2,1,19,5,0,0,19,1,1,3.4109,43,1829,19,18,0
80,2,2,17,3,0,0,17,1,1,5.4315,52,2433,32,34,0
80,2,3,23,5,0,0,23,1,1,0.6510,28,1476,1,2,0
80,2,4,18,5,0,0,18,1,1,1.1819,34,1772,7,5,2
80,2,5,22,6,0,0,22,1,1,1.1809,37,2468,5,6,0
80,3,-6,25,4,38,38,25,1,1,2.1433,69,6349,3,6,1
80,3,-5,19,5,9,9,19,1,1,2.1426,61,5686,5,8,1
80,3,-4,27,7,0,0,27,1,1,2.0619,73,6670,5,5,0
80,3,-3,25,6,0,0,25,1,1,2.9110,72,6398,10,6,2
80,3,-2,22,7,0,0,22,1,1,1.4609,58,4595,3,6,1
80,3,-1,16,5,0,0,16,1,1,0.8809,31,2531,2,5,0
80,3,0,20,7,0,0,20,1,1,1.1309,38,2805,2,4,0
80,3,1,22,3,0,0,22,1,1,1.0109,42,3400,2,4,0
80,4,-3,24,6,0,0,24,1,1,2.2725,63,5885,0,3,0
81,-7,6,23,4,0,0,23,1,1,0.4309,26,1600,1,2,0
81,-7,7,19,10,0,0,19,1,1,0.3509,20,980,0,2,0
81,-7,8,15,5,0,0,15,1,1,5.8709,66,4945,44,42,1
81,-6,2,23,7,0,0,23,1,1,0.6509,24,930,2,3,0
81,-6,3,23,5,0,0,23,1,1,1.2909,28,1041,5,4,1
81,-6,4,24,3,0,0,24,1,1,1.0409,28,905,4,4,1
81,-6,5,15,5,0,0,15,1,1,0.2609,16,554,2,2,0
81,-6,6,18,7,0,0,18,1,1,0.2609,18,689,1,2,0
81,-6,7,20,4,0,0,20,1,1,0.2609,21,1122,2,2,0
81,-6,8,21,5,0,0,21,1,1,0.3909,27,1623,0,2,0
81,-5,-2,25,5,0,0,25,1,1,0.7911,42,3325,1,3,0
81,-5,-1,36,3,0,0,36,1,1,2.3710,64,4124,7,4,1
81,-5,0,29,3,0,0,29,1,1,0.2716,28,1581,0,1,0
81,-5,1,21,7,0,0,21,1,1,0.1921,20,712,0,1,0
81,-5,2,19,7,0,0,19,1,1,0.3509,20,522,2,2,0
81,-5,3,24,7,0,0,24,1,1,0.2209,23,523,0,1,0
81,-5,4,24,8,0,0,24,1,1,0.2209,23,519,0,1,0
81,-5,5,21,7,0,0,21,1,1,0.8009,24,634,3,4,1
81,-5,6,22,5,0,0,22,1,1,0.2009,21,652,0,1,0
81,-5,7,28,7,0,0,28,1,1,1.3209,35,1249,7,4,1
81,-5,8,18,4,0,0,18,1,1,0.1609,17,854,0,1,0
81,-5,9,16,5,0,0,16,1,1,1.0009,25,1268,4,4,1
81,-4,-3,25,7,0,0,25,1,1,1.1509,52,4163,1,4,0
81,-4,-2,16,5,0,0,16,1,1,1.0209,30,2086,5,5,1
81,-4,-1,26,4,0,0,26,1,1,2.4809,40,2128,9,4,2
81,-4,0,24,6,0,0,24,1,1,0.2209,23,846,0,1,0
81,-4,1,21,6,0,0,21,1,1,0.3909,21,524,1,2,0
81,-4,2,12,9,0,0,12,1,1,0.1009,11,178,0,1,0
81,-4,3,20,7,0,0,20,1,1,1.8609,25,442,4,4,1
81,-4,4,20,5,0,0,20,1,1,2.4609,26,482,7,4,1
81,-4,5,23,4,0,0,23,1,1,0.4309,23,534,1,2,0
81,-4,6,25,4,0,0,25,1,1,0.4709,26,629,2,2,0
81,-4,7,13,3,0,0,13,1,1,0.7709,19,594,6,4,1
81,-4,8,25,7,0,0,25,1,1,0.6909,28,1273,4,3,0
81,-3,-3,13,6,0,0,13,1,1,0.4509,25,1939,3,4,0
81,-3,-2,20,7,0,0,20,1,1,1.7111,36,2074,10,10,0
81,-3,-1,13,2,0,0,13,1,1,0.1109,12,614,0,1,0
81,-3,0,23,6,0,0,23,1,1,1.6709,34,901,8,4,2
81,-3,1,20,4,0,0,20,1,1,0.8409,27,543,5,4,1
81,-3,2,18,5,0,0,18,1,1,0.7909,22,375,4,4,1
81,-3,3,22,5,0,0,22,1,1,0.4709,23,403,2,3,0
81,-3,4,23,6,0,0,23,1,1,1.0209,30,514,6,4,2
81,-3,5,15,4,0,0,15,1,1,0.4009,17,338,3,3,0
81,-3,6,20,5,0,0,20,1,1,0.3709,20,442,1,2,0
81,-3,7,23,5,0,0,23,1,1,1.0809,28,819,4,4,1
81,-2,-3,19,6,0,0,19,1,1,0.5212,34,2644,2,3,0
81,-2,-2,20,7,0,0,20,1,1,0.3709,24,1236,0,2,0
81,-2,-1,20,5,0,0,20,1,1,0.3209,21,1087,2,2,0
81,-2,0,23,5,0,0,23,1,1,0.2109,22,651,0,1,0
81,-2,1,35,4,0,0,35,1,1,0.5210,35,893,1,2,0
81,-2,2,24,4,0,0,24,1,1,0.3109,24,469,1,2,0
81,-2,3,20,7,0,0,20,1,1,0.3709,21,360,2,2,0
81,-2,4,24,5,0,0,24,1,1,1.5709,29,532,5,4,1
81,-2,5,17,5,0,0,17,1,1,0.1509,16,308,0,1,0
81,-2,6,27,5,0,0,27,1,1,0.3809,27,695,1,2,0
81,-2,7,22,5,0,0,22,1,1,0.2021,21,689,0,1,0
81,-1,-4,17,5,0,0,17,1,1,1.5209,43,3467,5,10,1
81,-1,-3,21,7,0,0,21,1,1,1.3909,48,3333,7,7,2
81,-1,-2,24,7,0,0,24,1,1,1.5909,42,2211,7,4,1
81,-1,-1,14,4,0,0,14,1,1,0.1209,13,605,0,1,0
81,-1,0,23,7,0,0,23,1,1,0.2113,22,662,0,1,0
81,-1,1,22,8,0,0,22,1,1,2.6909,26,580,4,4,1
81,-1,2,17,10,0,0,17,1,1,0.1509,16,320,0,1,0
81,-1,3,25,4,0,0,25,1,1,0.4309,26,522,2,2,0
81,-1,4,20,7,0,0,20,1,1,0.4709,22,409,3,3,0
81,-1,5,22,10,0,0,22,1,1,0.6209,24,502,3,2,0
81,-1,6,21,5,0,0,21,1,1,0.3609,21,597,1,2,0
81,0,-4,22,4,0,0,22,1,1,1.2534,56,4971,5,6,0
81,0,-3,18,4,0,0,18,1,1,0.4516,32,2415,0,3,0
81,0,-2,16,4,0,0,16,1,1,1.1309,37,2215,7,6,2
81,0,-1,21,5,0,0,21,1,1,0.3209,23,1170,0,2,0
81,0,0,27,5,0,0,27,1,1,0.6409,28,1235,2,3,0
81,0,1,13,3,0,0,13,1,1,0.2909,14,460,2,3,0
81,0,2,21,5,0,0,21,1,1,1.8509,30,709,8,9,1
81,0,3,22,4,0,0,22,1,1,1.4609,26,596,3,4,1
81,0,4,25,7,0,0,25,1,1,0.2309,24,761,0,1,0
81,0,5,17,7,0,0,17,1,1,0.7909,25,741,3,4,1
81,0,6,24,3,0,0,24,1,1,0.4109,25,1444,2,2,0
81,1,-5,13,4,1,1,13,1,1,1.0709,35,3116,3,4,0
81,1,-4,27,5,0,0,27,1,1,2.5909,78,6888,7,8,1
81,1,-3,22,5,0,0,22,1,1,1.0409,45,3665,6,5,0
81,1,-2,24,5,0,0,24,1,1,0.6809,44,3180,1,3,0
81,1,-1,20,5,0,0,18,0,1,-1.0000,181,7137,156,157,0
81,1,0,18,4,0,0,18,1,1,0.2409,20,1017,1,2,0
81,1,1,21,4,0,0,21,1,1,1.3910,23,1096,3,4,1
81,1,2,27,5,0,0,27,1,1,0.7309,29,1482,3,3,0
81,1,3,17,6,0,0,17,1,1,0.2909,17,747,1,2,0
81,1,4,18,7,0,0,18,1,1,0.3309,18,807,1,2,0
81,1,5,19,5,0,0,19,1,1,0.5209,23,1051,2,3,0
81,2,-5,18,7,2,2,18,1,1,1.3119,43,3854,1,4,0
81,2,-4,23,4,0,0,23,1,1,1.3011,60,5409,3,3,0
81,2,-3,15,4,0,0,15,1,1,1.0809,48,3832,6,8,1
81,2,-2,21,3,0,0,21,1,1,1.6710,59,4706,9,7,2
81,2,-1,31,5,0,0,22,0,1,-1.0000,154,6132,99,98,0
81,2,0,32,4,0,0,32,1,1,1.2309,48,2771,3,2,0
81,2,1,19,5,0,0,19,1,1,0.7109,30,1708,4,3,0
81,2,2,17,3,0,0,17,1,1,0.7912,24,1418,5,5,0
81,2,3,23,5,0,0,23,1,1,0.6509,28,1509,1,2,0
81,2,4,18,5,0,0,18,1,1,0.5010,26,1696,2,3,0
81,2,5,22,6,0,0,22,1,1,1.1809,38,2487,6,5,0
81,3,-6,25,4,39,39,25,1,1,3.1035,76,6787,7,7,1
81,3,-5,19,5,5,5,19,1,1,2.6826,69,6331,8,10,1
81,3,-4,27,7,0,0,27,1,1,1.5418,72,6678,4,5,0
81,3,-3,25,6,0,0,25,1,1,3.7016,73,6804,12,7,2
81,3,-2,22,7,0,0,22,1,1,1.0409,51,4258,2,5,0
81,3,-1,16,5,0,0,16,1,1,0.5809,31,2467,1,4,0
81,3,0,20,7,0,0,20,1,1,2.8409,43,3249,5,4,1
81,3,1,22,3,0,0,22,1,1,1.1309,44,3593,5,6,0
81,4,-3,24,6,0,0,24,1,1,2.9624,79,7406,10,9,1
82,-7,6,23,4,0,0,23,1,1,0.3209,27,1659,1,2,0
82,-7,7,19,10,0,0,19,1,1,0.3509,20,986,0,2,0
82,-7,8,15,5,0,0,15,1,1,0.8309,29,1688,3,5,1
82,-6,2,23,7,0,0,23,1,1,0.2609,23,977,1,2,0
82,-6,3,23,5,0,0,23,1,1,0.2121,22,804,0,1,0
82,-6,4,24,3,0,0,24,1,1,0.4009,26,1015,3,2,0
82,-6,5,15,5,0,0,15,1,1,0.2309,15,498,1,2,0
82,-6,6,18,7,0,0,18,1,1,0.4309,19,732,2,2,0
82,-6,7,20,4,0,0,20,1,1,0.4924,21,1049,2,3,0
82,-6,8,21,5,0,0,21,1,1,26.1909,159,4713,131,131,0
82,-5,-2,25,5,0,0,25,1,1,3.5911,50,3793,5,4,1
82,-5,-1,36,3,0,0,36,1,1,2.0210,69,4624,7,5,1
82,-5,0,29,3,0,0,29,1,1,1.1409,36,1930,5,4,1
82,-5,1,21,7,0,0,21,1,1,0.1922,20,715,0,1,0
82,-5,2,19,7,0,0,19,1,1,0.4109,22,543,4,3,0
82,-5,3,24,7,0,0,24,1,1,0.4509,25,577,2,2,0
82,-5,4,24,8,0,0,24,1,1,0.4509,24,520,1,2,0
82,-5,5,21,7,0,0,21,1,1,1.3709,24,568,3,4,1
82,-5,6,22,5,0,0,22,1,1,0.4109,22,713,1,2,0
82,-5,7,28,7,0,0,28,1,1,0.2609,27,911,0,1,0
82,-5,8,18,4,0,0,18,1,1,0.3009,18,948,1,2,0
82,-5,9,16,5,0,0,16,1,1,0.7009,25,1528,6,4,0
82,-4,-3,25,7,0,0,25,1,1,1.8709,61,4693,8,5,1
82,-4,-2,16,5,0,0,16,1,1,0.2932,23,1619,0,2,0
82,-4,-1,26,4,0,0,26,1,1,0.4809,29,1575,2,2,0
82,-4,0,24,6,0,0,24,1,1,0.3709,24,883,1,2,0
82,-4,1,21,6,0,0,21,1,1,0.5909,23,536,3,2,0
82,-4,2,12,9,0,0,12,1,1,1.7509,15,248,3,4,1
82,-4,3,20,7,0,0,4,0,1,-1.0000,176,2863,157,155,0
82,-4,4,20,5,0,0,20,1,1,1.3209,26,505,5,4,1
82,-4,5,23,4,0,0,23,1,1,1.5309,28,629,5,4,1
82,-4,6,25,4,0,0,25,1,1,0.2309,24,622,0,1,0
82,-4,7,13,3,0,0,13,1,1,0.3509,15,525,3,3,0
82,-4,8,25,7,0,0,25,1,1,1.6509,31,1350,6,4,1
82,-3,-3,13,6,1,1,13,1,1,0.3309,22,1595,0,3,0
82,-3,-2,20,7,0,0,20,1,1,0.9409,37,2013,4,4,1
82,-3,-1,13,2,0,0,13,1,1,0.2309,13,624,1,2,0
82,-3,0,23,6,0,0,23,1,1,0.2118,22,648,0,1,0
82,-3,1,20,4,0,0,20,1,1,0.1809,19,405,0,1,0
82,-3,2,18,5,0,0,18,1,1,0.1609,17,313,0,1,0
82,-3,3,22,5,0,0,22,1,1,0.8909,25,433,3,4,1
82,-3,4,23,6,0,0,23,1,1,0.4209,23,409,1,2,0
82,-3,5,15,4,0,0,15,1,1,0.2609,16,299,2,2,0
82,-3,6,20,5,0,0,20,1,1,2.4612,33,655,13,12,1
82,-3,7,23,5,0,0,23,1,1,0.2124,22,634,0,1,0
82,-2,-3,19,6,0,0,19,1,1,0.5716,35,2657,3,4,0
82,-2,-2,20,7,0,0,20,1,1,0.3709,24,1221,0,2,0
82,-2,-1,20,5,0,0,20,1,1,0.3623,20,973,1,2,0
82,-2,0,23,5,0,0,23,1,1,0.2309,23,678,1,2,0
82,-2,1,35,4,0,0,35,1,1,0.6110,36,923,2,2,0
82,-2,2,24,4,0,0,24,1,1,0.6109,25,467,2,3,0
82,-2,3,20,7,0,0,20,1,1,0.3709,20,350,1,2,0
82,-2,4,24,5,0,0,24,1,1,1.1109,33,601,6,5,2
82,-2,5,17,5,0,0,17,1,1,0.1509,16,291,0,1,0
82,-2,6,27,5,0,0,27,1,1,0.2512,26,667,0,1,0
82,-2,7,22,5,0,0,22,1,1,0.8510,27,911,5,4,1
82,-1,-4,17,5,0,0,17,1,1,1.1028,41,3540,6,5,1
82,-1,-3,21,7,0,0,21,1,1,0.7909,37,2695,4,3,0
82,-1,-2,24,7,0,0,24,1,1,1.1309,41,2356,3,5,1
82,-1,-1,14,4,0,0,14,1,1,0.1520,14,647,1,2,0
82,-1,0,23,7,0,0,23,1,1,1.9209,37,1027,7,5,2
82,-1,1,22,8,0,0,22,1,1,0.2009,21,473,0,1,0
82,-1,2,17,10,0,0,17,1,1,0.1509,16,321,0,1,0
82,-1,3,25,4,0,0,25,1,1,0.8709,31,649,5,4,1
82,-1,4,20,7,0,0,20,1,1,0.1809,19,359,0,1,0
82,-1,5,22,10,0,0,22,1,1,1.0409,27,543,6,3,0
82,-1,6,21,5,0,0,21,1,1,1.3609,24,643,3,4,1
82,0,-4,22,4,0,0,22,1,1,1.5309,55,4446,3,4,1
82,0,-3,18,4,0,0,18,1,1,1.4134,41,3097,4,8,1
82,0,-2,16,4,0,0,16,1,1,0.7109,30,2015,5,5,1
82,0,-1,21,5,0,0,21,1,1,1.7209,32,1558,8,4,1
82,0,0,27,5,0,0,27,1,1,1.2309,31,1355,3,4,1
82,0,1,13,3,0,0,13,1,1,1.2309,23,835,10,11,2
82,0,2,21,5,0,0,21,1,1,0.1911,20,554,0,1,0
82,0,3,22,4,0,0,22,1,1,0.2009,21,493,0,1,0
82,0,4,25,7,0,0,25,1,1,0.4709,26,767,2,2,0
82,0,5,17,7,0,0,17,1,1,0.1509,16,462,0,1,0
82,0,6,24,3,0,0,24,1,1,0.4109,24,1471,1,2,0
82,1,-5,13,4,1,1,13,1,1,0.7110,33,3016,1,4,0
82,1,-4,27,5,0,0,27,1,1,2.3309,68,6025,6,6,1
82,1,-3,22,5,0,0,22,1,1,1.0409,44,3466,4,5,0
82,1,-2,24,5,0,0,24,1,1,1.1409,46,3226,3,3,0
82,1,-1,20,5,0,0,20,1,1,1.5109,33,1959,8,7,0
82,1,0,18,4,0,0,18,1,1,0.6309,26,1346,7,3,0
82,1,1,21,4,0,0,21,1,1,0.3909,21,1020,1,2,0
82,1,2,27,5,0,0,27,1,1,1.0310,30,1482,3,4,1
82,1,3,17,6,0,0,17,1,1,0.4509,18,799,2,3,0
82,1,4,18,7,0,0,18,1,1,0.1609,17,815,0,1,0
82,1,5,19,5,0,0,19,1,1,0.3512,21,1012,0,2,0
82,2,-5,18,7,1,1,18,1,1,1.1418,42,3745,1,4,0
82,2,-4,23,4,0,0,23,1,1,1.3015,58,5359,1,4,0
82,2,-3,15,4,0,0,15,1,1,1.2209,46,3731,7,5,1
82,2,-2,21,3,0,0,21,1,1,1.6709,55,4393,8,7,2
82,2,-1,31,5,0,0,31,1,1,1.8809,59,4773,6,7,0
82,2,0,32,4,0,0,32,1,1,2.7809,62,3665,11,8,1
82,2,1,19,5,0,0,19,1,1,0.7109,30,1877,5,3,0
82,2,2,17,3,0,0,17,1,1,0.8909,30,1873,9,4,1
82,2,3,23,5,0,0,23,1,1,0.5209,31,1728,2,3,0
82,2,4,18,5,0,0,18,1,1,1.2909,30,1695,4,4,1
82,2,5,22,6,0,0,22,1,1,0.8309,38,2471,6,4,0
82,3,-6,25,4,38,38,25,1,1,2.1529,71,6486,6,8,1
82,3,-5,19,5,6,6,19,1,1,1.6920,51,4625,2,4,0
82,3,-4,27,7,0,0,27,1,1,3.6720,86,7947,7,12,2
82,3,-3,25,6,0,0,25,1,1,2.3520,68,6324,7,7,1
82,3,-2,22,7,0,0,22,1,1,3.1409,86,7259,22,11,2
82,3,-1,16,5,0,0,16,1,1,1.3309,41,3187,8,5,1
82,3,0,20,7,0,0,20,1,1,1.1309,39,2931,4,4,0
82,3,1,22,3,0,0,22,1,1,1.8509,52,4388,9,8,2
82,4,-3,24,6,0,0,24,1,1,2.9622,67,6291,5,6,0
83,-7,6,23,4,0,0,23,1,1,0.8709,28,1729,4,3,0
83,-7,7,19,10,0,0,19,1,1,1.4309,26,1081,7,7,0
83,-7,8,15,5,0,0,15,1,1,0.5509,23,1467,3,4,0
83,-6,2,23,7,0,0,23,1,1,0.3009,23,1010,1,2,0
83,-6,3,23,5,0,0,23,1,1,0.3109,23,845,1,2,0
83,-6,4,24,3,0,0,24,1,1,1.9609,33,1073,7,5,2
83,-6,5,15,5,0,0,15,1,1,0.6509,21,661,4,4,1
83,-6,6,18,7,0,0,18,1,1,0.2609,18,697,1,2,0
83,-6,7,20,4,0,0,20,1,1,0.3709,20,942,1,2,0
83,-6,8,21,5,0,0,21,1,1,0.7909,31,1900,5,4,0
83,-5,-2,25,5,0,0,25,1,1,0.8214,44,3410,2,4,0
83,-5,-1,36,3,0,0,36,1,1,2.7210,72,4684,10,5,3
83,-5,0,29,3,0,0,29,1,1,1.1916,37,2049,7,4,1
83,-5,1,21,7,0,0,21,1,1,0.1925,20,708,0,1,0
83,-5,2,19,7,0,0,19,1,1,0.7709,24,607,4,4,1
83,-5,3,24,7,0,0,24,1,1,0.6809,25,549,2,2,0
83,-5,4,24,8,0,0,24,1,1,0.2209,23,507,0,1,0
83,-5,5,21,7,0,0,21,1,1,0.3909,21,522,1,2,0
83,-5,6,22,5,0,0,22,1,1,0.4109,23,685,2,2,0
83,-5,7,28,7,0,0,28,1,1,0.5109,29,964,2,2,0
83,-5,8,18,4,0,0,18,1,1,0.6710,21,1090,3,4,1
83,-5,9,16,5,0,0,16,1,1,1.3009,27,1724,7,8,1
83,-4,-3,25,7,0,0,25,1,1,1.3909,55,4277,3,4,0
83,-4,-2,16,5,0,0,16,1,1,1.8025,39,3057,14,12,2
83,-4,-1,26,4,0,0,26,1,1,0.4809,30,1762,3,2,0
83,-4,0,24,6,0,0,24,1,1,0.3709,24,870,1,2,0
83,-4,1,21,6,0,0,21,1,1,0.1909,20,491,0,1,0
83,-4,2,12,9,0,0,12,1,1,0.2109,12,199,1,2,0
83,-4,3,20,7,0,0,20,1,1,0.3409,20,388,1,2,0
83,-4,4,20,5,0,0,20,1,1,0.9409,26,500,4,4,1
83,-4,5,23,4,0,0,23,1,1,0.4309,23,548,1,2,0
83,-4,6,25,4,0,0,25,1,1,1.0409,33,816,6,4,1
83,-4,7,13,3,0,0,13,1,1,0.7709,16,472,3,4,1
83,-4,8,25,7,0,0,25,1,1,1.4109,29,1259,5,4,0
83,-3,-3,13,6,0,0,13,1,1,0.5709,25,1769,3,4,0
83,-3,-2,20,7,0,0,20,1,1,0.4210,28,1551,1,3,0
83,-3,-1,13,2,0,0,13,1,1,0.5009,17,723,4,4,1
83,-3,0,23,6,0,0,23,1,1,0.4109,25,708,3,2,0
83,-3,1,20,4,0,0,20,1,1,0.1809,19,399,0,1,0
83,-3,2,18,5,0,0,18,1,1,0.2509,18,311,1,2,0
83,-3,3,22,5,0,0,22,1,1,0.6209,24,419,3,2,0
83,-3,4,23,6,0,0,23,1,1,0.3809,23,410,1,2,0
83,-3,5,15,4,0,0,15,1,1,0.4310,21,394,7,4,0
83,-3,6,20,5,0,0,20,1,1,0.3709,20,426,1,2,0
83,-3,7,23,5,0,0,23,1,1,0.2119,22,617,0,1,0
83,-2,-3,19,6,0,0,19,1,1,0.9017,37,2826,4,4,1
83,-2,-2,20,7,0,0,20,1,1,0.5209,27,1299,3,3,0
83,-2,-1,20,5,0,0,20,1,1,0.8909,24,1178,4,4,1
83,-2,0,23,5,0,0,23,1,1,0.2109,22,617,0,1,0
83,-2,1,35,4,0,0,35,1,1,1.5410,44,1077,7,4,1
83,-2,2,24,4,0,0,24,1,1,0.2211,23,447,0,1,0
83,-2,3,20,7,0,0,20,1,1,0.1809,19,331,0,1,0
83,-2,4,24,5,0,0,24,1,1,0.9209,27,491,3,4,1
83,-2,5,17,5,0,0,17,1,1,0.2609,17,313,1,2,0
83,-2,6,27,5,0,0,27,1,1,0.2512,26,674,0,1,0
83,-2,7,22,5,0,0,22,1,1,0.4009,22,723,1,2,0
83,-1,-4,17,5,0,0,17,1,1,0.7810,39,3291,3,5,0
83,-1,-3,21,7,0,0,21,1,1,0.5909,34,2496,2,3,0
83,-1,-2,24,7,0,0,24,1,1,1.1309,35,2014,3,3,0
83,-1,-1,14,4,0,0,14,1,1,0.1209,13,609,0,1,0
83,-1,0,23,7,0,0,23,1,1,0.4709,26,795,4,3,0
83,-1,1,22,8,0,0,22,1,1,0.2009,21,455,0,1,0
83,-1,2,17,10,0,0,17,1,1,2.5509,19,387,3,4,1
83,-1,3,25,4,0,0,25,1,1,0.5509,28,582,4,3,0
83,-1,4,20,7,0,0,20,1,1,0.8809,23,428,3,4,1
83,-1,5,22,10,0,0,22,1,1,0.2009,21,451,0,1,0
83,-1,6,21,5,0,0,21,1,1,0.5609,22,610,2,3,0
83,0,-4,22,4,0,0,22,1,1,1.2209,58,5021,8,6,0
83,0,-3,18,4,0,0,18,1,1,0.8409,38,2966,5,5,0
83,0,-2,16,4,0,0,16,1,1,0.3809,25,1696,1,3,0
83,0,-1,21,5,0,0,21,1,1,2.7209,36,1488,11,5,3
83,0,0,27,5,0,0,27,1,1,0.3809,27,1154,1,2,0
83,0,1,13,3,0,0,13,1,1,0.1124,12,451,0,1,0
83,0,2,21,5,0,0,21,1,1,0.1912,20,556,0,1,0
83,0,3,22,4,0,0,22,1,1,0.3409,22,522,1,2,0
83,0,4,25,7,0,0,25,1,1,0.4709,25,771,1,2,0
83,0,5,17,7,0,0,17,1,1,0.3109,17,486,1,2,0
83,0,6,24,3,0,0,24,1,1,1.3410,33,1711,9,4,1
83,1,-5,13,4,4,4,13,1,1,1.0711,35,3079,3,5,0
83,1,-4,27,5,0,0,27,1,1,2.8509,74,6611,10,11,1
83,1,-3,22,5,0,0,21,0,1,-1.0000,182,18492,143,143,0
83,1,-2,24,5,0,0,24,1,1,2.9809,63,4307,17,9,1
83,1,-1,20,5,0,0,20,1,1,0.3709,28,1769,1,2,0
83,1,0,18,4,0,0,18,1,1,0.4109,20,1110,1,3,0
83,1,1,21,4,0,0,21,1,1,0.3509,21,1101,1,2,0
83,1,2,27,5,0,0,27,1,1,0.9909,31,1403,5,3,0
83,1,3,17,6,0,0,17,1,1,0.2909,17,703,1,2,0
83,1,4,18,7,0,0,18,1,1,1.1809,26,1248,6,6,0
83,1,5,19,5,0,0,19,1,1,1.2409,29,1243,6,5,1
83,2,-5,18,7,0,0,18,1,1,1.9919,53,4841,7,7,1
83,2,-4,23,4,0,0,23,1,1,1.4212,59,5423,2,5,0
83,2,-3,15,4,0,0,15,1,1,1.0809,43,3657,8,8,0
83,2,-2,21,3,0,0,21,1,1,0.6711,36,2868,0,3,0
83,2,-1,31,5,0,0,31,1,1,2.0909,60,4527,5,4,1
83,2,0,32,4,0,0,32,1,1,1.5409,54,3317,5,4,1
83,2,1,19,5,0,0,19,1,1,1.4309,35,1992,8,5,1
83,2,2,17,3,0,0,17,1,1,0.3116,19,1096,0,2,0
83,2,3,23,5,0,0,23,1,1,1.1011,34,1982,5,6,1
83,2,4,18,5,0,0,18,1,1,0.3309,24,1504,0,2,0
83,2,5,22,6,0,0,22,1,1,1.1809,47,3241,8,6,2
83,3,-6,25,4,37,37,25,1,1,1.6635,63,5593,2,5,0
83,3,-5,19,5,7,7,19,1,1,4.1433,96,8980,20,18,4
83,3,-4,27,7,0,0,27,1,1,1.7709,70,6414,2,4,0
83,3,-3,25,6,0,0,25,1,1,2.5019,68,6173,11,6,0
83,3,-2,22,7,0,0,22,1,1,1.8809,63,5126,5,8,1
83,3,-1,16,5,0,0,16,1,1,1.4809,46,3626,9,9,1
83,3,0,20,7,0,0,20,1,1,0.7509,37,2751,1,3,0
83,3,1,22,3,0,0,22,1,1,1.9709,46,3355,5,6,1
83,4,-3,24,6,0,0,24,1,1,2.5015,77,7108,6,8,1
84,-7,6,23,4,0,0,23,1,1,1.0909,31,1743,4,3,0
84,-7,7,19,10,0,0,19,1,1,0.3509,19,983,0,2,0
84,-7,8,15,5,0,0,15,1,1,0.4109,22,1414,2,3,0
84,-6,2,23,7,0,0,23,1,1,0.4309,25,1019,3,2,0
84,-6,3,23,5,0,0,23,1,1,1.0709,27,935,5,3,0
84,-6,4,24,3,0,0,24,1,1,0.2209,23,795,0,1,0
84,-6,5,15,5,0,0,15,1,1,0.2610,15,503,1,2,0
84,-6,6,18,7,0,0,18,1,1,0.1609,17,687,0,1,0
84,-6,7,20,4,0,0,20,1,1,0.8410,25,1217,5,4,1
84,-6,8,21,5,0,0,21,1,1,0.3909,25,1587,0,2,0
84,-5,-2,25,5,0,0,25,1,1,1.9910,71,5380,17,6,3
84,-5,-1,36,3,0,0,36,1,1,2.3710,64,4069,7,4,1
84,-5,0,29,3,0,0,29,1,1,0.2715,28,1592,0,1,0
84,-5,1,21,7,0,0,21,1,1,0.1924,20,684,0,1,0
84,-5,2,19,7,0,0,19,1,1,0.7709,24,590,3,4,1
84,-5,3,24,7,0,0,24,1,1,0.2209,23,530,0,1,0
84,-5,4,24,8,0,0,24,1,1,0.4509,25,572,2,2,0
84,-5,5,21,7,0,0,21,1,1,3.1709,24,528,3,4,1
84,-5,6,22,5,0,0,22,1,1,0.2909,22,674,1,2,0
84,-5,7,28,7,0,0,28,1,1,1.0509,31,1062,4,3,0
84,-5,8,18,4,0,0,18,1,1,4.4222,43,2380,26,27,0
84,-5,9,16,5,0,0,16,1,1,0.2917,20,1107,1,2,0
84,-4,-3,25,7,0,0,25,1,1,1.1509,52,4208,1,4,0
84,-4,-2,16,5,0,0,16,1,1,1.7709,37,2133,11,12,1
84,-4,-1,26,4,0,0,26,1,1,1.8515,36,2162,7,7,1
84,-4,0,24,6,0,0,24,1,1,0.6009,26,923,3,3,0
84,-4,1,21,6,0,0,21,1,1,0.1909,20,492,0,1,0
84,-4,2,12,9,0,0,12,1,1,0.1009,11,176,0,1,0
84,-4,3,20,7,0,0,20,1,1,0.1811,19,347,0,1,0
84,-4,4,20,5,0,0,20,1,1,0.3709,20,394,1,2,0
84,-4,5,23,4,0,0,23,1,1,0.9109,26,596,3,4,1
84,-4,6,25,4,0,0,25,1,1,1.6709,29,716,4,4,1
84,-4,7,13,3,0,0,13,1,1,0.7709,20,643,7,5,1
84,-4,8,25,7,0,0,25,1,1,0.6909,27,1277,3,3,0
84,-3,-3,13,6,0,0,13,1,1,0.5709,25,1814,3,5,0
84,-3,-2,20,7,0,0,20,1,1,0.9409,29,1627,3,3,0
84,-3,-1,13,2,0,0,13,1,1,0.4009,16,849,4,4,0
84,-3,0,23,6,0,0,23,1,1,0.5709,24,681,2,2,0
84,-3,1,20,4,0,0,20,1,1,1.0309,24,493,4,4,1
84,-3,2,18,5,0,0,18,1,1,1.2709,24,417,7,7,0
84,-3,3,22,5,0,0,22,1,1,0.2009,21,365,0,1,0
84,-3,4,23,6,0,0,23,1,1,0.5809,25,443,3,3,0
84,-3,5,15,4,0,0,15,1,1,5.5809,55,866,39,40,0
84,-3,6,20,5,0,0,20,1,1,0.1809,19,422,0,1,0
84,-3,7,23,5,0,0,23,1,1,0.8609,26,751,4,2,0
84,-2,-3,19,6,0,0,19,1,1,0.7520,35,2713,3,5,0
84,-2,-2,20,7,0,0,20,1,1,0.3709,24,1232,0,2,0
84,-2,-1,20,5,0,0,20,1,1,0.1826,19,917,0,1,0
84,-2,0,23,5,0,0,23,1,1,1.0909,28,837,5,4,1
84,-2,1,35,4,0,0,35,1,1,1.8810,45,1096,9,4,2
84,-2,2,24,4,0,0,24,1,1,0.3109,24,472,1,2,0
84,-2,3,20,7,0,0,20,1,1,0.9409,27,482,4,4,1
84,-2,4,24,5,0,0,24,1,1,0.6810,25,461,2,3,0
84,-2,5,17,5,0,0,17,1,1,0.3109,17,321,1,2,0
84,-2,6,27,5,0,0,27,1,1,2.6709,36,865,8,4,1
84,-2,7,22,5,0,0,22,1,1,0.9009,26,810,4,4,1
84,-1,-4,17,5,0,0,17,1,1,1.5209,53,4452,9,8,2
84,-1,-3,21,7,0,0,21,1,1,1.1909,41,3002,8,5,1
84,-1,-2,24,7,0,0,24,1,1,1.3609,42,2271,8,4,1
84,-1,-1,14,4,0,0,14,1,1,0.1524,14,687,1,2,0
84,-1,0,23,7,0,0,23,1,1,0.3809,23,665,1,2,0
84,-1,1,22,8,0,0,22,1,1,1.4612,25,540,4,4,1
84,-1,2,17,10,0,0,17,1,1,0.3109,17,342,1,2,0
84,-1,3,25,4,0,0,25,1,1,0.6709,26,514,2,3,0
84,-1,4,20,7,0,0,20,1,1,0.3509,20,382,1,2,0
84,-1,5,22,10,0,0,22,1,1,8.8109,58,1057,35,33,1
84,-1,6,21,5,0,0,21,1,1,0.1918,20,557,0,1,0
84,0,-4,22,4,0,0,21,0,1,-1.0000,192,19678,143,143,1
84,0,-3,18,4,0,0,18,1,1,1.5832,43,3448,6,9,1
84,0,-2,16,4,0,0,16,1,1,0.2810,23,1470,0,2,0
84,0,-1,21,5,0,0,21,1,1,0.3325,24,1234,1,2,0
84,0,0,27,5,0,0,27,1,1,1.2909,38,1769,9,5,2
84,0,1,13,3,0,0,13,1,1,0.1123,12,427,0,1,0
84,0,2,21,5,0,0,21,1,1,0.3809,21,593,1,2,0
84,0,3,22,4,0,0,22,1,1,0.3409,22,536,1,2,0
84,0,4,25,7,0,0,25,1,1,0.4709,25,814,1,2,0
84,0,5,17,7,0,0,17,1,1,0.1509,16,470,0,1,0
84,0,6,24,3,0,0,24,1,1,0.3009,25,1527,2,2,0
84,1,-5,13,4,0,0,13,1,1,1.1909,40,3579,3,7,1
84,1,-4,27,5,0,0,27,1,1,1.2909,63,5623,2,4,0
84,1,-3,22,5,0,0,22,1,1,1.0409,44,3439,4,4,0
84,1,-2,24,5,0,0,24,1,1,28.5109,164,5057,123,120,0
84,1,-1,20,5,0,0,20,1,1,0.5609,27,1884,2,3,0
84,1,0,18,4,0,0,18,1,1,0.7509,23,1275,4,4,0
84,1,1,21,4,0,0,21,1,1,0.1909,20,1035,0,1,0
84,1,2,27,5,0,0,27,1,1,0.3009,27,1326,1,2,0
84,1,3,17,6,0,0,17,1,1,0.2909,17,738,1,2,0
84,1,4,18,7,0,0,18,1,1,0.1609,17,815,0,1,0
84,1,5,19,5,0,0,19,1,1,2.3209,24,1042,3,4,1
84,2,-5,18,7,0,0,18,1,1,2.3723,61,5535,5,8,1
84,2,-4,23,4,0,0,23,1,1,1.4212,63,5824,6,5,0
84,2,-3,15,4,0,0,15,1,1,0.5209,35,2975,1,4,0
84,2,-2,21,3,0,0,21,1,1,0.8712,38,2931,1,4,0
84,2,-1,31,5,0,0,31,1,1,1.1909,58,4522,3,3,0
84,2,0,32,4,0,0,32,1,1,2.2112,54,3324,7,4,1
84,2,1,19,5,0,0,19,1,1,0.7109,26,1553,2,3,0
84,2,2,17,3,0,0,17,1,1,2.2314,35,2543,13,14,0
84,2,3,23,5,0,0,23,1,1,0.4309,30,1572,1,2,0
84,2,4,18,5,0,0,18,1,1,0.6109,28,1808,3,4,0
84,2,5,22,6,0,0,22,1,1,1.2509,36,2301,4,5,0
84,3,-6,25,4,34,34,25,1,1,2.3828,73,6614,10,7,1
84,3,-5,19,5,4,4,19,1,1,2.2318,54,5077,4,7,1
84,3,-4,27,7,0,0,27,1,1,2.0311,72,6588,4,5,0
84,3,-3,25,6,0,0,25,1,1,1.9527,68,6374,9,8,1
84,3,-2,22,7,0,0,22,1,1,1.4715,57,4859,4,7,1
84,3,-1,16,5,0,0,16,1,1,1.0309,36,2942,4,7,1
84,3,0,20,7,0,0,20,1,1,0.7509,38,2749,1,3,0
84,3,1,22,3,0,0,22,1,1,5.8409,71,6481,31,26,0
84,4,-3,24,6,0,0,24,1,1,3.3316,83,7979,9,7,2
85,-7,6,23,4,0,0,23,1,1,1.5309,31,1687,5,5,1
85,-7,7,19,10,0,0,19,1,1,1.6109,26,1252,4,4,1
85,-7,8,15,5,0,0,15,1,1,1.5609,28,1408,7,4,2
85,-6,2,23,7,0,0,23,1,1,0.2109,22,930,0,1,0
85,-6,3,23,5,0,0,23,1,1,0.4109,23,809,1,2,0
85,-6,4,24,3,0,0,24,1,1,0.9209,31,1014,7,4,1
85,-6,5,15,5,0,0,15,1,1,0.4009,16,554,2,3,0
85,-6,6,18,7,0,0,18,1,1,0.2609,18,682,1,2,0
85,-6,7,20,4,0,0,20,1,1,0.2609,20,973,1,2,0
85,-6,8,21,5,0,0,21,1,1,1.9909,41,2465,12,5,2
85,-5,-2,25,5,0,0,25,1,1,0.7911,43,3397,2,3,0
85,-5,-1,36,3,0,0,36,1,1,1.3910,64,4458,6,4,1
85,-5,0,29,3,0,0,29,1,1,1.7430,35,1759,5,4,1
85,-5,1,21,7,0,0,21,1,1,0.5609,22,746,2,3,0
85,-5,2,19,7,0,0,19,1,1,2.3309,23,547,4,4,1
85,-5,3,24,7,0,0,24,1,1,1.6009,29,617,5,4,1
85,-5,4,24,8,0,0,24,1,1,0.2209,23,510,0,1,0
85,-5,5,21,7,0,0,21,1,1,0.3709,21,489,1,2,0
85,-5,6,22,5,0,0,22,1,1,0.9209,26,734,5,4,0
85,-5,7,28,7,0,0,28,1,1,0.2610,27,883,0,1,0
85,-5,8,18,4,0,0,18,1,1,0.1609,17,892,0,1,0
85,-5,9,16,5,0,0,16,1,1,3.1009,39,1446,20,20,0
85,-4,-3,25,7,0,0,25,1,1,1.3909,54,4244,2,4,0
85,-4,-2,16,5,0,0,16,1,1,0.8709,29,1830,3,6,1
85,-4,-1,26,4,0,0,26,1,1,0.8510,33,1831,5,4,0
85,-4,0,24,6,0,0,24,1,1,0.2209,23,866,0,1,0
85,-4,1,21,6,0,0,21,1,1,0.5909,22,531,2,2,0
85,-4,2,12,9,0,0,12,1,1,0.2109,12,217,1,2,0
85,-4,3,20,7,0,0,20,1,1,0.3409,21,394,2,2,0
85,-4,4,20,5,0,0,20,1,1,0.3709,21,396,2,2,0
85,-4,5,23,4,0,0,23,1,1,0.8709,28,647,6,3,0
85,-4,6,25,4,0,0,25,1,1,0.2514,25,642,1,2,0
85,-4,7,13,3,0,0,13,1,1,0.1109,12,398,0,1,0
85,-4,8,25,7,0,0,25,1,1,0.4711,25,1138,1,2,0
85,-3,-3,13,6,0,0,13,1,1,0.3309,23,1724,1,3,0
85,-3,-2,20,7,0,0,20,1,1,0.4111,28,1718,3,3,0
85,-3,-1,13,2,0,0,13,1,1,0.5909,19,929,5,4,1
85,-3,0,23,6,0,0,23,1,1,2.3309,35,911,8,5,2
85,-3,1,20,4,0,0,20,1,1,0.8409,23,459,3,4,1
85,-3,2,18,5,0,0,18,1,1,0.5009,19,331,2,2,0
85,-3,3,22,5,0,0,22,1,1,1.4609,25,430,3,4,1
85,-3,4,23,6,0,0,23,1,1,1.6809,31,549,7,7,2
85,-3,5,15,4,0,0,15,1,1,0.1909,15,268,1,2,0
85,-3,6,20,5,0,0,20,1,1,0.1809,19,409,0,1,0
85,-3,7,23,5,0,0,23,1,1,0.6409,25,719,3,3,0
85,-2,-3,19,6,0,0,19,1,1,1.6130,47,3618,11,9,3
85,-2,-2,20,7,0,0,20,1,1,0.3710,24,1208,0,2,0
85,-2,-1,20,5,0,0,20,1,1,0.1828,19,920,0,1,0
85,-2,0,23,5,0,0,23,1,1,0.2109,22,659,0,1,0
85,-2,1,35,4,0,0,35,1,1,0.5210,36,937,2,2,0
85,-2,2,24,4,0,0,24,1,1,1.0009,28,533,4,4,1
85,-2,3,20,7,0,0,20,1,1,0.3709,20,351,1,2,0
85,-2,4,24,5,0,0,24,1,1,1.1109,36,641,7,4,2
85,-2,5,17,5,0,0,17,1,1,0.9009,24,485,7,5,1
85,-2,6,27,5,0,0,27,1,1,0.5909,28,707,2,3,0
85,-2,7,22,5,0,0,22,1,1,1.7409,31,909,8,4,2
85,-1,-4,17,5,0,0,17,1,1,1.2009,47,3781,5,7,1
85,-1,-3,21,7,0,0,21,1,1,0.5909,35,2583,2,3,0
85,-1,-2,24,7,0,0,24,1,1,0.6709,35,2076,3,3,0
85,-1,-1,14,4,0,0,14,1,1,0.1210,13,614,0,1,0
85,-1,0,23,7,0,0,23,1,1,0.6009,24,661,2,3,0
85,-1,1,22,8,0,0,22,1,1,0.3809,22,508,1,2,0
85,-1,2,17,10,0,0,17,1,1,0.1509,16,324,0,1,0
85,-1,3,25,4,0,0,25,1,1,1.0309,32,670,5,4,1
85,-1,4,20,7,0,0,20,1,1,0.1809,19,368,0,1,0
85,-1,5,22,10,0,0,22,1,1,0.6209,24,492,3,2,0
85,-1,6,21,5,0,0,21,1,1,1.1609,27,813,6,5,1
85,0,-4,22,4,0,0,22,1,1,0.8009,51,4427,0,3,0
85,0,-3,18,4,0,0,18,1,1,1.2909,52,3662,9,7,2
85,0,-2,16,4,0,0,16,1,1,0.3809,25,1631,2,3,0
85,0,-1,21,5,0,0,21,1,1,0.5209,24,1218,1,2,0
85,0,0,27,5,0,0,27,1,1,0.2509,26,1120,0,1,0
85,0,1,13,3,0,0,13,1,1,0.1122,12,433,0,1,0
85,0,2,21,5,0,0,21,1,1,0.5809,24,639,4,3,0
85,0,3,22,4,0,0,22,1,1,0.4109,23,544,2,2,0
85,0,4,25,7,0,0,25,1,1,0.9509,30,944,4,4,1
85,0,5,17,7,0,0,17,1,1,1.1109,21,602,3,4,1
85,0,6,24,3,0,0,24,1,1,0.2725,24,1427,1,2,0
85,1,-5,13,4,1,1,13,1,1,0.9510,34,3101,2,4,0
85,1,-4,27,5,0,0,27,1,1,2.4109,70,5840,6,6,2
85,1,-3,22,5,0,0,22,1,1,1.5137,44,3588,5,8,0
85,1,-2,24,5,0,0,24,1,1,0.9109,45,3221,3,3,0
85,1,-1,20,5,0,0,20,1,1,0.7509,28,1943,4,3,0
85,1,0,18,4,0,0,18,1,1,0.4109,20,1064,1,2,0
85,1,1,21,4,0,0,21,1,1,0.1909,20,1065,0,1,0
85,1,2,27,5,0,0,27,1,1,3.3309,30,1370,3,4,1
85,1,3,17,6,0,0,17,1,1,1.5709,20,772,3,4,1
85,1,4,18,7,0,0,18,1,1,0.1609,17,835,0,1,0
85,1,5,19,5,0,0,19,1,1,1.2409,26,1203,3,4,1
85,2,-5,18,7,1,1,18,1,1,1.1824,43,3802,2,4,0
85,2,-4,23,4,0,0,23,1,1,2.1828,81,7544,12,9,1
85,2,-3,15,4,0,0,15,1,1,0.6817,38,3207,4,5,0
85,2,-2,21,3,0,0,21,1,1,1.6238,45,3550,6,4,1
85,2,-1,31,5,0,0,31,1,1,1.2809,56,4379,3,4,0
85,2,0,32,4,0,0,32,1,1,0.9209,48,2893,3,3,0
85,2,1,19,5,0,0,19,1,1,0.3509,24,1528,1,2,0
85,2,2,17,3,0,0,17,1,1,0.3113,20,1138,1,2,0
85,2,3,23,5,0,0,23,1,1,0.7409,29,1704,2,4,0
85,2,4,18,5,0,0,18,1,1,0.5009,26,1562,2,2,0
85,2,5,22,6,0,0,22,1,1,0.7609,35,2286,3,4,0
85,3,-6,25,4,43,43,25,1,1,2.3833,65,5986,5,5,0
85,3,-5,19,5,6,6,19,1,1,2.4130,73,6968,11,8,2
85,3,-4,27,7,0,0,27,1,1,3.3310,107,8878,12,9,2
85,3,-3,25,6,0,0,25,1,1,3.7016,67,6181,7,6,2
85,3,-2,22,7,0,0,22,1,1,0.8309,53,4530,4,4,0
85,3,-1,16,5,0,0,16,1,1,1.4913,42,3651,8,9,1
85,3,0,20,7,0,0,20,1,1,0.9409,37,2776,1,3,0
85,3,1,22,3,0,0,22,1,1,0.8622,42,3530,3,5,0
85,4,-3,24,6,1,1,24,1,1,2.5022,65,6215,3,5,0
86,-7,6,23,4,0,0,23,1,1,0.2810,26,1519,0,2,0
86,-7,7,19,10,0,0,19,1,1,0.5309,21,1009,1,2,0
86,-7,8,15,5,0,0,15,1,1,0.6909,23,1440,3,4,0
86,-6,2,23,7,0,0,23,1,1,0.6509,27,1148,5,3,0
86,-6,3,23,5,0,0,23,1,1,1.0709,33,1189,6,4,2
86,-6,4,24,3,0,0,24,1,1,0.7509,28,990,5,3,0
86,-6,5,15,5,0,0,15,1,1,0.3709,16,542,2,3,0
86,-6,6,18,7,0,0,18,1,1,0.1609,17,691,0,1,0
86,-6,7,20,4,0,0,20,1,1,0.9509,24,1053,4,4,1
86,-6,8,21,5,0,0,21,1,1,0.3909,28,1674,0,2,0
86,-5,-2,25,5,0,0,25,1,1,1.1111,51,3924,3,5,1
86,-5,-1,36,3,0,0,36,1,1,2.7210,85,5354,21,8,2
86,-5,0,29,3,0,0,29,1,1,0.8316,31,1749,2,2,0
86,-5,1,21,7,0,0,21,1,1,0.5609,22,710,2,2,0
86,-5,2,19,7,0,0,19,1,1,0.5309,20,479,2,3,0
86,-5,3,24,7,0,0,24,1,1,0.2209,23,526,0,1,0
86,-5,4,24,8,0,0,24,1,1,0.2209,23,520,0,1,0
86,-5,5,21,7,0,0,21,1,1,0.9709,28,677,4,5,1
86,-5,6,22,5,0,0,22,1,1,0.6209,23,683,2,3,0
86,-5,7,28,7,0,0,28,1,1,0.5309,28,917,1,2,0
86,-5,8,18,4,0,0,18,1,1,0.2309,18,880,1,2,0
86,-5,9,16,5,0,0,16,1,1,1.0009,25,1310,3,6,1
86,-4,-3,25,7,0,0,25,1,1,1.1922,56,4409,4,4,0
86,-4,-2,16,5,0,0,16,1,1,0.4209,25,1785,2,3,0
86,-4,-1,26,4,0,0,26,1,1,1.2309,35,1853,4,4,1
86,-4,0,24,6,0,0,24,1,1,0.2209,23,889,0,1,0
86,-4,1,21,6,0,0,21,1,1,0.2509,21,504,1,2,0
86,-4,2,12,9,0,0,12,1,1,0.4309,15,267,4,4,1
86,-4,3,20,7,0,0,20,1,1,0.5309,22,424,3,3,0
86,-4,4,20,5,0,0,20,1,1,0.7509,24,468,3,4,1
86,-4,5,23,4,0,0,23,1,1,0.2109,22,486,0,1,0
86,-4,6,25,4,0,0,25,1,1,2.2409,34,791,8,4,2
86,-4,7,13,3,0,0,13,1,1,0.1109,12,409,0,1,0
86,-4,8,25,7,0,0,25,1,1,0.6909,28,1269,4,3,0
86,-3,-3,13,6,0,0,13,1,1,0.9309,27,1937,5,5,0
86,-3,-2,20,7,0,0,20,1,1,0.3709,27,1538,1,2,0
86,-3,-1,13,2,0,0,13,1,1,0.1109,12,625,0,1,0
86,-3,0,23,6,0,0,23,1,1,22.4109,132,3740,106,102,1
86,-3,1,20,4,0,0,20,1,1,0.7109,25,498,4,4,1
86,-3,2,18,5,0,0,18,1,1,0.3309,19,325,2,2,0
86,-3,3,22,5,0,0,22,1,1,0.2009,21,367,0,1,0
86,-3,4,23,6,0,0,23,1,1,3.3911,31,541,7,4,2
86,-3,5,15,4,0,0,15,1,1,0.2609,15,266,1,2,0
86,-3,6,20,5,0,0,20,1,1,0.1809,19,421,0,1,0
86,-3,7,23,5,0,0,23,1,1,1.0809,27,750,5,3,0
86,-2,-3,19,6,0,0,19,1,1,0.5211,32,2412,0,3,0
86,-2,-2,20,7,0,0,20,1,1,0.8509,30,1618,4,4,1
86,-2,-1,20,5,0,0,20,1,1,0.1829,19,912,0,1,0
86,-2,0,23,5,0,0,23,1,1,0.6509,24,701,2,2,0
86,-2,1,35,4,0,0,35,1,1,1.6310,43,1089,8,4,1
86,-2,2,24,4,0,0,24,1,1,1.2309,34,654,8,4,1
86,-2,3,20,7,0,0,20,1,1,0.3709,20,355,1,2,0
86,-2,4,24,5,0,0,24,1,1,1.3409,31,539,6,4,1
86,-2,5,17,5,0,0,17,1,1,1.2209,24,465,7,4,2
86,-2,6,27,5,0,0,27,1,1,0.7609,29,767,3,3,0
86,-2,7,22,5,0,0,22,1,1,0.3509,22,741,1,2,0
86,-1,-4,17,5,0,0,17,1,1,0.7209,39,3188,3,4,0
86,-1,-3,21,7,0,0,21,1,1,1.8009,55,3556,13,6,3
86,-1,-2,24,7,0,0,24,1,1,0.9009,34,2096,2,4,0
86,-1,-1,14,4,0,0,14,1,1,0.2209,14,624,1,2,0
86,-1,0,23,7,0,0,23,1,1,0.6409,25,753,3,3,0
86,-1,1,22,8,0,0,22,1,1,0.2009,21,484,0,1,0
86,-1,2,17,10,0,0,17,1,1,3.5109,22,450,4,4,1
86,-1,3,25,4,0,0,25,1,1,0.3109,25,495,1,2,0
86,-1,4,20,7,0,0,20,1,1,0.1809,19,368,0,1,0
86,-1,5,22,10,0,0,22,1,1,0.2009,21,440,0,1,0
86,-1,6,21,5,0,0,21,1,1,0.1920,20,572,0,1,0
86,0,-4,22,4,0,0,22,1,1,1.0109,51,4555,2,5,0
86,0,-3,18,4,0,0,18,1,1,1.0211,39,2718,6,4,1
86,0,-2,16,4,0,0,16,1,1,0.5309,26,1554,2,3,0
86,0,-1,21,5,0,0,21,1,1,0.7209,26,1227,3,3,0
86,0,0,27,5,0,0,27,1,1,0.4509,27,1213,1,2,0
86,0,1,13,3,0,0,13,1,1,0.8220,16,530,3,4,1
86,0,2,21,5,0,0,21,1,1,0.2509,21,572,1,2,0
86,0,3,22,4,0,0,22,1,1,0.6209,24,620,3,3,0
86,0,4,25,7,0,0,25,1,1,0.7109,26,823,2,3,0
86,0,5,17,7,0,0,17,1,1,0.3109,17,508,1,2,0
86,0,6,24,3,0,0,24,1,1,0.9409,30,1718,5,4,1
86,1,-5,13,4,2,2,13,1,1,1.1910,39,3626,5,5,1
86,1,-4,27,5,0,0,27,1,1,3.1110,81,7131,14,9,2
86,1,-3,22,5,0,0,22,1,1,0.8811,41,3174,1,4,0
86,1,-2,24,5,0,0,24,1,1,1.3709,51,3506,5,5,1
86,1,-1,20,5,0,0,20,1,1,0.3709,25,1644,0,2,0
86,1,0,18,4,0,0,18,1,1,0.2409,19,1001,0,2,0
86,1,1,21,4,0,0,21,1,1,0.3909,21,1082,1,2,0
86,1,2,27,5,0,0,27,1,1,2.0309,44,1905,13,8,4
86,1,3,17,6,0,0,17,1,1,0.1527,16,705,0,1,0
86,1,4,18,7,0,0,18,1,1,0.5009,20,1012,3,3,0
86,1,5,19,5,0,0,19,1,1,0.5709,23,997,3,4,0
86,2,-5,18,7,0,0,18,1,1,3.5230,50,4380,6,5,1
86,2,-4,23,4,0,0,23,1,1,2.1823,68,6126,6,8,1
86,2,-3,15,4,0,0,15,1,1,1.1036,53,4520,7,7,2
86,2,-2,21,3,0,0,21,1,1,0.6711,38,3007,1,3,0
86,2,-1,31,5,0,0,31,1,1,0.8909,56,4451,2,3,0
86,2,0,32,4,0,0,32,1,1,1.2809,51,3079,7,3,0
86,2,1,19,5,0,0,19,1,1,0.5309,26,1589,1,3,0
86,2,2,17,3,0,0,16,0,1,-1.0000,206,21268,187,187,0
86,2,3,23,5,0,0,23,1,1,0.8209,31,1647,3,4,0
86,2,4,18,5,0,0,18,1,1,0.3309,25,1526,0,2,0
86,2,5,22,6,0,0,22,1,1,4.5409,66,4355,26,22,1
86,3,-6,25,4,37,37,25,1,1,2.1435,74,6703,7,7,1
86,3,-5,19,5,5,5,19,1,1,1.6021,54,4953,4,5,0
86,3,-4,27,7,0,0,27,1,1,2.0310,73,6801,6,6,0
86,3,-3,25,6,0,0,25,1,1,1.5416,61,5721,5,5,0
86,3,-2,22,7,0,0,22,1,1,2.3109,67,5016,9,10,2
86,3,-1,16,5,0,0,16,1,1,2.8309,48,2787,18,15,0
86,3,0,20,7,0,0,20,1,1,2.6709,61,3653,17,7,3
86,3,1,22,3,0,0,22,1,1,1.6409,55,4429,7,7,2
86,4,-3,24,6,0,0,24,1,1,2.2727,64,6020,1,3,0
87,-7,6,23,4,0,0,23,1,1,1.2009,33,2123,7,5,1
87,-7,7,19,10,0,0,19,1,1,4.4909,28,1142,6,4,1
87,-7,8,15,5,0,0,15,1,1,0.4109,21,1358,1,3,0
87,-6,2,23,7,0,0,23,1,1,0.8709,26,1146,3,4,1
87,-6,3,23,5,0,0,23,1,1,0.5009,24,835,2,3,0
87,-6,4,24,3,0,0,24,1,1,0.8609,28,1039,4,4,1
87,-6,5,15,5,0,0,15,1,1,0.1322,14,473,0,1,0
87,-6,6,18,7,0,0,18,1,1,0.4309,19,688,2,3,0
87,-6,7,20,4,0,0,20,1,1,0.1809,19,928,0,1,0
87,-6,8,21,5,0,0,21,1,1,0.7909,34,2274,6,4,1
87,-5,-2,25,5,0,0,25,1,1,1.5110,49,3990,7,4,0
87,-5,-1,36,3,0,0,36,1,1,2.0210,73,4794,10,6,2
87,-5,0,29,3,0,0,29,1,1,0.2714,28,1573,0,1,0
87,-5,1,21,7,0,0,21,1,1,0.3609,21,723,1,2,0
87,-5,2,19,7,0,0,19,1,1,1.1309,25,588,7,7,0
87,-5,3,24,7,0,0,24,1,1,1.6009,26,575,3,4,1
87,-5,4,24,8,0,0,24,1,1,0.4709,25,595,2,3,0
87,-5,5,21,7,0,0,21,1,1,0.3709,21,521,1,2,0
87,-5,6,22,5,0,0,22,1,1,0.2009,21,622,0,1,0
87,-5,7,28,7,0,0,28,1,1,1.5909,33,1056,6,4,0
87,-5,8,18,4,0,0,18,1,1,0.1609,17,849,0,1,0
87,-5,9,16,5,0,0,16,1,1,0.5811,22,1277,3,4,0
87,-4,-3,25,7,0,0,25,1,1,1.1509,52,4137,0,3,0
87,-4,-2,16,5,0,0,16,1,1,0.4209,24,1720,1,3,0
87,-4,-1,26,4,0,0,26,1,1,0.6111,29,1695,2,3,0
87,-4,0,24,6,0,0,24,1,1,0.3709,25,920,2,2,0
87,-4,1,21,6,0,0,21,1,1,0.1909,20,483,0,1,0
87,-4,2,12,9,0,0,12,1,1,2.0809,14,247,3,4,1
87,-4,3,20,7,0,0,20,1,1,0.3409,20,375,1,2,0
87,-4,4,20,5,0,0,20,1,1,0.3709,20,384,1,2,0
87,-4,5,23,4,0,0,23,1,1,0.6509,25,543,3,3,0
87,-4,6,25,4,0,0,25,1,1,0.3209,25,655,1,2,0
87,-4,7,13,3,0,0,13,1,1,0.2909,14,544,2,3,0
87,-4,8,25,7,0,0,25,1,1,1.8909,30,1230,4,4,1
87,-3,-3,13,6,0,0,13,1,1,0.3309,22,1618,0,3,0
87,-3,-2,20,7,0,0,20,1,1,0.5609,27,1548,1,2,0
87,-3,-1,13,2,0,0,13,1,1,0.1109,12,631,0,1,0
87,-3,0,23,6,0,0,23,1,1,0.2119,22,662,0,1,0
87,-3,1,20,4,0,0,20,1,1,0.1809,19,402,0,1,0
87,-3,2,18,5,0,0,18,1,1,0.1609,17,304,0,1,0
87,-3,3,22,5,0,0,22,1,1,2.5711,26,452,4,4,1
87,-3,4,23,6,0,0,23,1,1,0.2110,22,400,0,1,0
87,-3,5,15,4,0,0,15,1,1,0.1610,15,258,1,2,0
87,-3,6,20,5,0,0,20,1,1,2.0809,24,484,4,4,1
87,-3,7,23,5,0,0,23,1,1,0.2120,22,634,0,1,0
87,-2,-3,19,6,0,0,19,1,1,1.2330,40,3306,7,7,0
87,-2,-2,20,7,0,0,20,1,1,0.3709,25,1207,1,2,0
87,-2,-1,20,5,0,0,20,1,1,2.3527,28,1183,8,6,1
87,-2,0,23,5,0,0,23,1,1,2.1909,27,786,4,4,1
87,-2,1,35,4,0,0,35,1,1,0.5210,36,875,2,2,0
87,-2,2,24,4,0,0,24,1,1,0.8409,29,578,3,4,1
87,-2,3,20,7,0,0,20,1,1,0.5609,21,369,2,2,0
87,-2,4,24,5,0,0,24,1,1,0.4209,24,450,1,2,0
87,-2,5,17,5,0,0,17,1,1,0.6409,21,401,4,4,1
87,-2,6,27,5,0,0,27,1,1,1.8009,33,820,5,4,1
87,-2,7,22,5,0,0,22,1,1,0.3509,24,800,3,2,0
87,-1,-4,17,5,0,0,17,1,1,0.7812,36,2966,1,3,0
87,-1,-3,21,7,0,0,21,1,1,4.4009,55,3037,20,16,2
87,-1,-2,24,7,0,0,24,1,1,0.9009,35,2080,2,4,0
87,-1,-1,14,4,0,0,14,1,1,0.2209,14,645,1,2,0
87,-1,0,23,7,0,0,23,1,1,0.8209,26,848,4,3,0
87,-1,1,22,8,0,0,22,1,1,1.2209,31,644,6,4,1
87,-1,2,17,10,0,0,17,1,1,0.3109,19,386,3,2,0
87,-1,3,25,4,0,0,25,1,1,0.3109,25,511,1,2,0
87,-1,4,20,7,0,0,20,1,1,0.1809,19,359,0,1,0
87,-1,5,22,10,0,0,22,1,1,0.6209,23,470,2,3,0
87,-1,6,21,5,0,0,21,1,1,0.5609,22,602,2,2,0
87,0,-4,22,4,0,0,22,1,1,1.0109,56,4964,6,5,0
87,0,-3,18,4,0,0,18,1,1,0.4515,31,2349,0,3,0
87,0,-2,16,4,0,0,16,1,1,0.7710,30,1971,3,5,1
87,0,-1,21,5,0,0,21,1,1,1.1209,34,1998,7,5,2
87,0,0,27,5,0,0,27,1,1,2.5309,33,1217,6,4,1
87,0,1,13,3,0,0,13,1,1,0.1122,12,431,0,1,0
87,0,2,21,5,0,0,21,1,1,4.2509,44,953,24,22,0
87,0,3,22,4,0,0,22,1,1,0.8409,26,581,4,4,1
87,0,4,25,7,0,0,25,1,1,1.1909,32,998,6,4,1
87,0,5,17,7,0,0,17,1,1,0.9509,21,563,5,5,0
87,0,6,24,3,0,0,24,1,1,0.6409,25,1408,2,3,0
87,1,-5,13,4,4,4,13,1,1,1.3111,46,4224,7,9,1
87,1,-4,27,5,0,0,27,1,1,1.8109,66,5843,4,5,0
87,1,-3,22,5,0,0,22,1,1,1.2811,54,4186,10,6,1
87,1,-2,24,5,0,0,24,1,1,1.1409,50,3421,6,5,0
87,1,-1,20,5,0,0,20,1,1,0.3709,26,1692,0,2,0
87,1,0,18,4,0,0,18,1,1,0.7009,25,1529,5,4,1
87,1,1,21,4,0,0,21,1,1,0.2909,21,1099,1,2,0
87,1,2,27,5,0,0,27,1,1,1.6028,33,1557,5,4,1
87,1,3,17,6,0,0,17,1,1,0.1526,16,714,0,1,0
87,1,4,18,7,0,0,18,1,1,0.1609,17,809,0,1,0
87,1,5,19,5,0,0,19,1,1,0.8809,27,1312,4,4,1
87,2,-5,18,7,0,0,18,1,1,3.5230,49,4431,5,4,1
87,2,-4,23,4,0,0,23,1,1,1.3015,60,5526,3,4,0
87,2,-3,15,4,0,0,15,1,1,0.5318,35,2971,1,4,0
87,2,-2,21,3,0,0,21,1,1,0.7910,37,2949,2,4,0
87,2,-1,31,5,0,0,31,1,1,0.8909,55,4268,1,3,0
87,2,0,32,4,0,0,32,1,1,1.5409,48,3021,3,5,0
87,2,1,19,5,0,0,19,1,1,0.7109,29,1613,5,3,0
87,2,2,17,3,0,0,17,1,1,0.3113,20,1156,1,2,0
87,2,3,23,5,0,0,23,1,1,0.4309,27,1469,0,2,0
87,2,4,18,5,0,0,18,1,1,0.3309,25,1605,1,2,0
87,2,5,22,6,0,0,22,1,1,0.9709,40,2664,4,5,1
87,3,-6,25,4,37,37,25,1,1,5.0233,91,8554,14,9,2
87,3,-5,19,5,5,5,19,1,1,3.1320,70,6560,12,10,1
87,3,-4,27,7,0,0,27,1,1,4.6309,75,6674,4,4,1
87,3,-3,25,6,0,0,25,1,1,1.6721,72,6830,7,7,2
87,3,-2,22,7,0,0,22,1,1,1.4609,62,5391,9,7,1
87,3,-1,16,5,0,0,16,1,1,1.3235,46,3988,13,9,3
87,3,0,20,7,0,0,20,1,1,0.7509,36,2714,1,4,0
87,3,1,22,3,0,0,22,1,1,1.8509,58,4986,11,8,3
87,4,-3,24,6,0,0,24,1,1,4.1121,76,7018,5,9,1
88,-7,6,23,4,0,0,23,1,1,0.4309,26,1505,1,2,0
88,-7,7,19,10,0,0,19,1,1,0.5309,22,1018,1,2,0
88,-7,8,15,5,0,0,15,1,1,1.3909,30,2025,9,9,0
88,-6,2,23,7,0,0,23,1,1,1.0909,32,1297,6,5,1
88,-6,3,23,5,0,0,23,1,1,0.4109,23,858,1,2,0
88,-6,4,24,3,0,0,24,1,1,0.4009,26,880,3,2,0
88,-6,5,15,5,0,0,15,1,1,0.5109,19,662,3,4,1
88,-6,6,18,7,0,0,18,1,1,0.1609,17,682,0,1,0
88,-6,7,20,4,0,0,20,1,1,0.1809,19,958,0,1,0
88,-6,8,21,5,0,0,21,1,1,0.3909,27,1700,2,2,0
88,-5,-2,25,5,0,0,25,1,1,1.5112,46,3725,5,5,1
88,-5,-1,36,3,0,0,36,1,1,1.7411,69,4572,10,5,1
88,-5,0,29,3,0,0,29,1,1,0.5209,29,1663,1,2,0
88,-5,1,21,7,0,0,21,1,1,0.3811,21,770,1,2,0
88,-5,2,19,7,0,0,19,1,1,0.9509,26,597,7,4,1
88,-5,3,24,7,0,0,24,1,1,0.6809,25,538,2,3,0
88,-5,4,24,8,0,0,24,1,1,0.2809,24,507,1,2,0
88,-5,5,21,7,0,0,21,1,1,0.5709,22,544,2,3,0
88,-5,6,22,5,0,0,22,1,1,0.5009,25,751,4,3,0
88,-5,7,28,7,0,0,28,1,1,0.2609,27,904,0,1,0
88,-5,8,18,4,0,0,18,1,1,0.1609,17,861,0,1,0
88,-5,9,16,5,0,0,16,1,1,0.4417,21,1210,2,3,0
88,-4,-3,25,7,0,0,25,1,1,2.1519,62,4975,5,7,1
88,-4,-2,16,5,0,0,16,1,1,0.5709,27,1982,4,4,0
88,-4,-1,26,4,0,0,26,1,1,0.7309,30,1601,2,2,0
88,-4,0,24,6,0,0,24,1,1,0.2209,23,862,0,1,0
88,-4,1,21,6,0,0,21,1,1,0.5909,22,547,2,2,0
88,-4,2,12,9,0,0,12,1,1,0.5409,15,257,4,3,0
88,-4,3,20,7,0,0,20,1,1,0.1811,19,350,0,1,0
88,-4,4,20,5,0,0,20,1,1,0.3709,20,371,1,2,0
88,-4,5,23,4,0,0,23,1,1,2.4109,36,750,11,4,2
88,-4,6,25,4,0,0,25,1,1,1.5209,34,904,9,6,1
88,-4,7,13,3,0,0,13,1,1,0.3509,14,478,2,3,0
88,-4,8,25,7,0,0,25,1,1,1.1709,32,1629,7,4,1
88,-3,-3,13,6,0,0,13,1,1,5.1309,71,5202,42,43,0
88,-3,-2,20,7,0,0,20,1,1,0.3709,26,1586,1,2,0
88,-3,-1,13,2,0,0,13,1,1,0.1109,12,621,0,1,0
88,-3,0,23,6,0,0,23,1,1,0.2118,22,642,0,1,0
88,-3,1,20,4,0,0,20,1,1,0.1809,19,398,0,1,0
88,-3,2,18,5,0,0,18,1,1,0.1609,17,303,0,1,0
88,-3,3,22,5,0,0,22,1,1,0.2009,21,368,0,1,0
88,-3,4,23,6,0,0,23,1,1,0.5309,25,441,3,3,0
88,-3,5,15,4,0,0,15,1,1,0.2810,16,281,2,3,0
88,-3,6,20,5,0,0,20,1,1,0.7609,23,480,3,4,1
88,-3,7,23,5,0,0,23,1,1,0.4209,23,645,1,2,0
88,-2,-3,19,6,0,0,19,1,1,1.2109,42,3032,5,5,1
88,-2,-2,20,7,0,0,20,1,1,3.5109,31,1317,6,4,1
88,-2,-1,20,5,0,0,20,1,1,0.3209,21,1025,2,2,0
88,-2,0,23,5,0,0,23,1,1,0.2309,23,672,1,2,0
88,-2,1,35,4,0,0,35,1,1,1.6310,44,1085,8,4,1
88,-2,2,24,4,0,0,24,1,1,1.4610,29,552,5,4,1
88,-2,3,20,7,0,0,20,1,1,1.1309,24,422,5,5,0
88,-2,4,24,5,0,0,24,1,1,0.2210,23,427,0,1,0
88,-2,5,17,5,0,0,17,1,1,0.3109,17,341,1,2,0
88,-2,6,27,5,0,0,27,1,1,0.3809,28,709,2,2,0
88,-2,7,22,5,0,0,22,1,1,2.0809,30,1098,7,4,2
88,-1,-4,17,5,0,0,17,1,1,1.3609,47,3909,5,7,1
88,-1,-3,21,7,0,0,21,1,1,1.1909,43,3210,5,5,1
88,-1,-2,24,7,0,0,24,1,1,0.6709,34,1938,1,2,0
88,-1,-1,14,4,0,0,14,1,1,0.1524,14,679,1,2,0
88,-1,0,23,7,0,0,23,1,1,0.3809,23,678,1,2,0
88,-1,1,22,8,0,0,22,1,1,0.2009,21,473,0,1,0
88,-1,2,17,10,0,0,17,1,1,0.6309,19,372,3,2,0
88,-1,3,25,4,0,0,25,1,1,0.6309,27,536,3,3,0
88,-1,4,20,7,0,0,20,1,1,0.3709,21,390,2,2,0
88,-1,5,22,10,0,0,22,1,1,0.4109,22,468,1,2,0
88,-1,6,21,5,0,0,21,1,1,0.1920,20,578,0,1,0
88,0,-4,22,4,0,0,22,1,1,0.6933,50,4435,1,4,0
88,0,-3,18,4,0,0,18,1,1,0.9509,46,3390,9,5,1
88,0,-2,16,4,0,0,16,1,1,0.7709,33,2145,6,5,1
88,0,-1,21,5,0,0,21,1,1,1.3209,28,1278,4,4,1
88,0,0,27,5,0,0,27,1,1,0.4509,27,1135,1,2,0
88,0,1,13,3,0,0,13,1,1,0.1120,12,442,0,1,0
88,0,2,21,5,0,0,21,1,1,0.7909,27,716,6,4,1
88,0,3,22,4,0,0,22,1,1,0.6809,25,615,3,4,1
88,0,4,25,7,0,0,25,1,1,0.9509,27,812,3,3,0
88,0,5,17,7,0,0,17,1,1,0.9609,22,587,5,4,1
88,0,6,24,3,0,0,24,1,1,1.1109,27,1448,3,4,1
88,1,-5,13,4,2,2,13,1,1,1.4310,41,3431,9,6,0
88,1,-4,27,5,0,0,27,1,1,2.5909,83,7309,8,8,1
88,1,-3,22,5,0,0,22,1,1,1.9110,56,4299,15,6,1
88,1,-2,24,5,0,0,24,1,1,1.1409,47,3203,3,4,0
88,1,-1,20,5,0,0,20,1,1,0.9409,35,2167,7,4,1
88,1,0,18,4,0,0,18,1,1,0.5009,21,1163,2,3,0
88,1,1,21,4,0,0,21,1,1,0.9009,25,1127,4,4,1
88,1,2,27,5,0,0,27,1,1,0.7309,29,1405,3,2,0
88,1,3,17,6,0,0,17,1,1,0.2909,19,804,3,2,0
88,1,4,18,7,0,0,18,1,1,0.1609,17,812,0,1,0
88,1,5,19,5,0,0,19,1,1,0.3512,23,1096,2,2,0
88,2,-5,18,7,0,0,18,1,1,2.6719,64,6046,9,9,1
88,2,-4,23,4,0,0,23,1,1,1.3010,60,5560,3,5,0
88,2,-3,15,4,0,0,15,1,1,0.8009,39,3361,5,5,0
88,2,-2,21,3,0,0,21,1,1,0.7911,38,2891,1,4,0
88,2,-1,31,5,0,0,31,1,1,1.4909,55,4446,4,4,0
88,2,0,32,4,0,0,32,1,1,1.8509,55,3192,6,4,1
88,2,1,19,5,0,0,19,1,1,1.7909,36,1864,11,7,0
88,2,2,17,3,0,0,17,1,1,0.4714,21,1226,2,2,0
88,2,3,23,5,0,0,23,1,1,1.5309,36,1753,7,4,1
88,2,4,18,5,0,0,18,1,1,0.8409,29,1794,4,4,0
88,2,5,22,6,0,0,22,1,1,2.0209,37,2202,4,4,1
88,3,-6,25,4,32,32,25,1,1,3.6626,79,7181,13,9,1
88,3,-5,19,5,8,8,19,1,1,2.2325,65,6128,7,8,1
88,3,-4,27,7,0,0,27,1,1,4.6310,82,7340,11,8,1
88,3,-3,25,6,0,0,25,1,1,2.0215,77,7164,9,8,1
88,3,-2,22,7,0,0,22,1,1,2.7309,60,4529,9,4,2
88,3,-1,16,5,0,0,16,1,1,0.8932,36,3086,5,6,1
88,3,0,20,7,0,0,20,1,1,0.7509,38,2804,2,4,0
88,3,1,22,3,0,0,22,1,1,2.4809,54,4686,8,11,1
88,4,-3,24,6,0,0,24,1,1,2.5024,66,6278,4,5,0
89,-7,6,23,4,0,0,23,1,1,0.2810,25,1494,0,2,0
89,-7,7,19,10,0,0,19,1,1,5.0309,24,1036,3,4,1
89,-7,8,15,5,0,0,15,1,1,0.4109,21,1260,1,2,0
89,-6,2,23,7,0,0,23,1,1,0.5210,24,1084,2,3,0
89,-6,3,23,5,0,0,23,1,1,0.4109,23,831,1,2,0
89,-6,4,24,3,0,0,24,1,1,0.6809,27,1026,4,3,0
89,-6,5,15,5,0,0,15,1,1,0.2309,15,490,1,2,0
89,-6,6,18,7,0,0,18,1,1,0.4309,19,769,2,3,0
89,-6,7,20,4,0,0,20,1,1,0.1809,19,954,0,1,0
89,-6,8,21,5,0,0,21,1,1,0.5909,28,1784,2,3,0
89,-5,-2,25,5,0,0,25,1,1,0.7911,43,3335,1,3,0
89,-5,-1,36,3,0,0,36,1,1,1.1810,59,4083,2,4,0
89,-5,0,29,3,0,0,29,1,1,0.4809,29,1631,1,2,0
89,-5,1,21,7,0,0,21,1,1,1.9609,28,911,7,7,2
89,-5,2,19,7,0,0,19,1,1,0.5309,21,490,3,3,0
89,-5,3,24,7,0,0,24,1,1,0.6809,27,605,4,3,0
89,-5,4,24,8,0,0,24,1,1,0.2209,23,499,0,1,0
89,-5,5,21,7,0,0,21,1,1,0.1909,20,475,0,1,0
89,-5,6,22,5,0,0,22,1,1,0.2009,21,643,0,1,0
89,-5,7,28,7,0,0,28,1,1,0.7809,30,972,3,3,0
89,-5,8,18,4,0,0,18,1,1,0.2309,18,958,1,2,0
89,-5,9,16,5,0,0,16,1,1,1.4509,25,1190,4,4,1
89,-4,-3,25,7,0,0,25,1,1,2.8310,72,5593,11,7,2
89,-4,-2,16,5,0,0,16,1,1,0.7627,27,2021,4,6,1
89,-4,-1,26,4,0,0,26,1,1,0.7309,30,1629,2,2,0
89,-4,0,24,6,0,0,24,1,1,0.2209,23,858,0,1,0
89,-4,1,21,6,0,0,21,1,1,0.1909,20,510,0,1,0
89,-4,2,12,9,0,0,12,1,1,2.0809,18,296,7,5,1
89,-4,3,20,7,0,0,20,1,1,0.7209,22,407,3,3,0
89,-4,4,20,5,0,0,20,1,1,0.3709,20,360,1,2,0
89,-4,5,23,4,0,0,23,1,1,0.9109,29,612,6,4,1
89,-4,6,25,4,0,0,25,1,1,0.2309,24,612,0,1,0
89,-4,7,13,3,0,0,13,1,1,0.1109,12,399,0,1,0
89,-4,8,25,7,0,0,25,1,1,0.4509,25,1197,1,2,0
89,-3,-3,13,6,0,0,13,1,1,0.6909,24,1647,3,3,0
89,-3,-2,20,7,0,0,20,1,1,0.5609,25,1495,1,3,0
89,-3,-1,13,2,0,0,13,1,1,0.1611,13,699,1,2,0
89,-3,0,23,6,0,0,23,1,1,0.8809,27,810,4,4,1
89,-3,1,20,4,0,0,20,1,1,0.1809,19,389,0,1,0
89,-3,2,18,5,0,0,18,1,1,0.2509,18,314,1,2,0
89,-3,3,22,5,0,0,22,1,1,0.4109,23,399,2,2,0
89,-3,4,23,6,0,0,23,1,1,0.9709,26,449,3,4,1
89,-3,5,15,4,0,0,15,1,1,0.4009,17,312,3,2,0
89,-3,6,20,5,0,0,20,1,1,1.8909,26,527,6,4,1
89,-3,7,23,5,0,0,23,1,1,0.8609,27,756,4,4,1
89,-2,-3,19,6,0,0,19,1,1,0.5720,35,2519,2,3,0
89,-2,-2,20,7,0,0,20,1,1,0.4709,26,1248,1,2,0
89,-2,-1,20,5,0,0,20,1,1,0.3209,20,1014,1,2,0
89,-2,0,23,5,0,0,23,1,1,0.2109,22,633,0,1,0
89,-2,1,35,4,0,0,35,1,1,1.8810,49,1211,9,5,2
89,-2,2,24,4,0,0,24,1,1,0.4409,26,482,3,2,0
89,-2,3,20,7,0,0,20,1,1,0.7509,22,376,3,3,0
89,-2,4,24,5,0,0,24,1,1,0.4209,24,451,1,2,0
89,-2,5,17,5,0,0,17,1,1,0.4209,19,362,3,3,0
89,-2,6,27,5,0,0,27,1,1,0.2512,26,647,0,1,0
89,-2,7,22,5,0,0,22,1,1,0.4009,22,724,1,2,0
89,-1,-4,17,5,0,0,17,1,1,0.9515,39,3290,3,6,0
89,-1,-3,21,7,0,0,21,1,1,0.7909,35,2559,2,4,0
89,-1,-2,24,7,0,0,24,1,1,0.4409,33,1938,0,2,0
89,-1,-1,14,4,0,0,14,1,1,0.1209,13,601,0,1,0
89,-1,0,23,7,0,0,23,1,1,0.8609,29,825,4,4,1
89,-1,1,22,8,0,0,22,1,1,0.3809,22,474,1,2,0
89,-1,2,17,10,0,0,17,1,1,1.5909,24,473,8,7,2
89,-1,3,25,4,0,0,25,1,1,1.1709,31,660,5,4,1
89,-1,4,20,7,0,0,20,1,1,1.2309,24,445,3,4,1
89,-1,5,22,10,0,0,22,1,1,0.2009,21,444,0,1,0
89,-1,6,21,5,0,0,21,1,1,0.3609,22,617,2,2,0
89,0,-4,22,4,0,0,22,1,1,1.2209,60,5331,10,6,0
89,0,-3,18,4,0,0,18,1,1,0.5009,34,2501,1,3,0
89,0,-2,16,4,0,0,16,1,1,0.5613,26,1757,3,4,0
89,0,-1,21,5,0,0,21,1,1,0.3209,23,1195,0,2,0
89,0,0,27,5,0,0,27,1,1,1.2909,32,1465,5,5,1
89,0,1,13,3,0,0,13,1,1,0.2324,13,519,1,2,0
89,0,2,21,5,0,0,21,1,1,0.5809,22,582,2,2,0
89,0,3,22,4,0,0,22,1,1,0.4109,22,546,1,2,0
89,0,4,25,7,0,0,25,1,1,0.2309,24,745,0,1,0
89,0,5,17,7,0,0,17,1,1,0.1509,16,491,0,1,0
89,0,6,24,3,0,0,24,1,1,0.2509,24,1411,1,2,0
89,1,-5,13,4,2,2,13,1,1,1.6710,46,3975,8,8,1
89,1,-4,27,5,0,0,27,1,1,3.1109,77,6634,6,8,1
89,1,-3,22,5,0,0,22,1,1,0.8309,42,3316,4,4,0
89,1,-2,24,5,0,0,24,1,1,0.6809,44,3120,1,3,0
89,1,-1,20,5,0,0,20,1,1,0.3709,27,1713,1,2,0
89,1,0,18,4,0,0,18,1,1,0.2409,19,1015,0,2,0
89,1,1,21,4,0,0,21,1,1,1.5509,28,1438,6,7,1
89,1,2,27,5,0,0,27,1,1,0.4709,27,1317,1,2,0
89,1,3,17,6,0,0,17,1,1,0.1527,16,691,0,1,0
89,1,4,18,7,0,0,18,1,1,0.1609,17,770,0,1,0
89,1,5,19,5,0,0,19,1,1,0.8809,26,1183,5,3,0
89,2,-5,18,7,1,1,18,1,1,1.3121,48,4410,6,7,1
89,2,-4,23,4,0,0,23,1,1,1.5213,63,5670,6,4,0
89,2,-3,15,4,0,0,15,1,1,1.3612,40,3172,5,5,1
89,2,-2,21,3,0,0,21,1,1,5.8711,69,5578,30,30,0
89,2,-1,31,5,0,0,31,1,1,2.1809,64,4905,5,7,1
89,2,0,32,4,0,0,32,1,1,1.5409,56,3510,8,4,1
89,2,1,19,5,0,0,19,1,1,0.8909,28,1735,3,5,0
89,2,2,17,3,0,0,17,1,1,0.3113,20,1126,1,2,0
89,2,3,23,5,0,0,23,1,1,0.4309,28,1469,0,2,0
89,2,4,18,5,0,0,18,1,1,0.3309,25,1590,1,2,0
89,2,5,22,6,0,0,22,1,1,0.9709,38,2417,6,5,0
89,3,-6,25,4,37,37,25,1,1,2.1432,71,6527,5,7,1
89,3,-5,19,5,6,6,19,1,1,1.8720,53,4921,4,5,0
89,3,-4,27,7,0,0,27,1,1,1.5111,70,6443,2,4,0
89,3,-3,25,6,0,0,25,1,1,1.7818,60,5622,3,5,0
89,3,-2,22,7,0,0,22,1,1,1.4609,61,5404,9,7,2
89,3,-1,16,5,0,0,16,1,1,0.8809,32,2520,2,5,0
89,3,0,20,7,0,0,20,1,1,0.9409,36,2738,1,3,0
89,3,1,22,3,0,0,22,1,1,1.9709,54,3990,10,7,2
89,4,-3,24,6,0,0,24,1,1,2.0422,64,6060,2,5,0
90,-7,6,23,4,0,0,23,1,1,1.0909,35,2251,7,4,2
90,-7,7,19,10,0,0,19,1,1,0.5309,20,980,1,2,0
90,-7,8,15,5,0,0,15,1,1,0.2709,20,1225,0,2,0
90,-6,2,23,7,0,0,23,1,1,3.5109,34,1197,7,4,2
90,-6,3,23,5,0,0,23,1,1,0.4109,23,837,1,2,0
90,-6,4,24,3,0,0,24,1,1,0.2209,23,772,0,1,0
90,-6,5,15,5,0,0,15,1,1,0.1323,14,471,0,1,0
90,-6,6,18,7,0,0,18,1,1,1.1823,22,802,5,6,1
90,-6,7,20,4,0,0,20,1,1,0.2828,21,1072,1,2,0
90,-6,8,21,5,0,0,21,1,1,0.8012,31,1999,4,4,1
90,-5,-2,25,5,0,0,25,1,1,2.3113,46,3465,3,4,1
90,-5,-1,36,3,0,0,36,1,1,0.9710,58,3952,2,3,0
90,-5,0,29,3,0,0,29,1,1,1.8810,34,1724,4,4,1
90,-5,1,21,7,0,0,21,1,1,0.7609,23,771,3,3,0
90,-5,2,19,7,0,0,19,1,1,0.3509,20,495,2,2,0
90,-5,3,24,7,0,0,24,1,1,3.6709,27,586,3,4,1
90,-5,4,24,8,0,0,24,1,1,0.4509,26,572,3,2,0
90,-5,5,21,7,0,0,21,1,1,0.1909,20,495,0,1,0
90,-5,6,22,5,0,0,22,1,1,0.4109,22,677,1,2,0
90,-5,7,28,7,0,0,28,1,1,1.3209,34,1084,4,4,1
90,-5,8,18,4,0,0,18,1,1,1.1509,20,944,3,4,1
90,-5,9,16,5,0,0,16,1,1,2.2017,26,1393,4,4,1
90,-4,-3,25,7,0,0,25,1,1,1.1509,52,4220,1,4,0
90,-4,-2,16,5,0,0,16,1,1,1.0209,27,1802,3,4,1
90,-4,-1,26,4,0,0,26,1,1,0.3611,26,1470,0,2,0
90,-4,0,24,6,0,0,24,1,1,1.7509,28,919,4,4,1
90,-4,1,21,6,0,0,19,0,1,-1.0000,170,3200,150,150,0
90,-4,2,12,9,0,0,12,1,1,0.2109,12,199,1,2,0
90,-4,3,20,7,0,0,20,1,1,0.3409,20,373,1,2,0
90,-4,4,20,5,0,0,20,1,1,0.3709,20,383,1,2,0
90,-4,5,23,4,0,0,23,1,1,0.4309,24,530,2,2,0
90,-4,6,25,4,0,0,25,1,1,0.4709,25,662,1,2,0
90,-4,7,13,3,0,0,13,1,1,0.2909,14,433,2,3,0
90,-4,8,25,7,0,0,25,1,1,0.4712,29,1313,5,2,0
90,-3,-3,13,6,0,0,13,1,1,0.4509,23,1642,1,3,0
90,-3,-2,20,7,0,0,20,1,1,1.7409,39,2222,8,5,2
90,-3,-1,13,2,0,0,12,0,1,-1.0000,262,15901,250,250,0
90,-3,0,23,6,0,0,23,1,1,0.3509,23,690,1,2,0
90,-3,1,20,4,0,0,20,1,1,1.2809,27,551,6,4,1
90,-3,2,18,5,0,0,18,1,1,0.2509,18,330,1,2,0
90,-3,3,22,5,0,0,22,1,1,0.2009,21,365,0,1,0
90,-3,4,23,6,0,0,23,1,1,0.5809,24,419,2,2,0
90,-3,5,15,4,0,0,15,1,1,0.8209,20,352,6,6,0
90,-3,6,20,5,0,0,20,1,1,0.1809,19,408,0,1,0
90,-3,7,23,5,0,0,23,1,1,0.6409,26,742,4,2,0
90,-2,-3,19,6,0,0,19,1,1,0.5211,32,2460,1,3,0
90,-2,-2,20,7,0,0,20,1,1,1.4709,32,1454,7,8,0
90,-2,-1,20,5,0,0,20,1,1,0.2609,20,969,1,2,0
90,-2,0,23,5,0,0,23,1,1,0.2109,22,643,0,1,0
90,-2,1,35,4,0,0,35,1,1,0.5210,35,868,1,2,0
90,-2,2,24,4,0,0,24,1,1,1.7609,29,536,5,5,1
90,-2,3,20,7,0,0,20,1,1,0.7509,24,427,5,4,1
90,-2,4,24,5,0,0,24,1,1,0.2211,23,433,0,1,0
90,-2,5,17,5,0,0,17,1,1,0.3109,18,333,2,2,0
90,-2,6,27,5,0,0,27,1,1,0.5909,28,730,2,3,0
90,-2,7,22,5,0,0,22,1,1,0.3509,22,765,1,2,0
90,-1,-4,17,5,0,0,17,1,1,0.7210,37,3003,1,3,0
90,-1,-3,21,7,0,0,21,1,1,0.5909,33,2407,0,3,0
90,-1,-2,24,7,0,0,24,1,1,0.9009,34,1935,2,3,0
90,-1,-1,14,4,0,0,14,1,1,0.1209,13,634,0,1,0
90,-1,0,23,7,0,0,23,1,1,0.3809,24,669,2,2,0
90,-1,1,22,8,0,0,22,1,1,0.3809,23,504,2,2,0
90,-1,2,17,10,0,0,17,1,1,0.6309,19,395,3,3,0
90,-1,3,25,4,0,0,25,1,1,0.4309,26,536,2,2,0
90,-1,4,20,7,0,0,20,1,1,1.2309,28,528,7,4,2
90,-1,5,22,10,0,0,22,1,1,0.2009,21,443,0,1,0
90,-1,6,21,5,0,0,21,1,1,0.5609,25,686,5,3,0
90,0,-4,22,4,0,0,22,1,1,1.3238,62,5446,8,6,1
90,0,-3,18,4,0,0,18,1,1,0.5009,34,2453,2,3,0
90,0,-2,16,4,0,0,16,1,1,0.2910,23,1476,0,2,0
90,0,-1,21,5,0,0,21,1,1,0.3209,23,1197,0,2,0
90,0,0,27,5,0,0,27,1,1,1.1609,33,1356,3,4,1
90,0,1,13,3,0,0,13,1,1,0.2209,13,495,1,2,0
90,0,2,21,5,0,0,21,1,1,0.7809,24,656,4,3,0
90,0,3,22,4,0,0,22,1,1,0.7609,28,679,6,4,1
90,0,4,25,7,0,0,25,1,1,0.7109,29,953,5,3,0
90,0,5,17,7,0,0,17,1,1,0.1509,16,471,0,1,0
90,0,6,24,3,0,0,24,1,1,0.2209,23,1388,0,1,0
90,1,-5,13,4,2,2,13,1,1,2.1510,42,3612,7,7,1
90,1,-4,27,5,0,0,27,1,1,2.8509,81,7113,7,9,1
90,1,-3,22,5,0,0,22,1,1,8.6310,96,7850,45,41,1
90,1,-2,24,5,0,0,24,1,1,0.9109,45,3164,1,4,0
90,1,-1,20,5,0,0,20,1,1,0.9409,33,2085,3,4,1
90,1,0,18,4,0,0,18,1,1,0.4609,21,1045,2,3,0
90,1,1,21,4,0,0,21,1,1,0.1909,20,1004,0,1,0
90,1,2,27,5,0,0,27,1,1,0.6028,28,1477,2,3,0
90,1,3,17,6,0,0,17,1,1,0.2909,17,709,1,2,0
90,1,4,18,7,0,0,18,1,1,0.1609,17,803,0,1,0
90,1,5,19,5,0,0,19,1,1,0.3512,23,1211,3,2,0
90,2,-5,18,7,1,1,18,1,1,1.4820,44,3924,2,5,0
90,2,-4,23,4,0,0,23,1,1,1.3010,60,5481,3,4,0
90,2,-3,15,4,0,0,15,1,1,0.6609,36,3105,2,4,0
90,2,-2,21,3,0,0,21,1,1,0.7910,39,3116,3,4,0
90,2,-1,31,5,0,0,31,1,1,1.7909,70,5489,14,5,2
90,2,0,32,4,0,0,32,1,1,2.4709,64,3701,12,6,2
90,2,1,19,5,0,0,19,1,1,0.5309,28,1768,4,3,0
90,2,2,17,3,0,0,17,1,1,0.3114,19,1116,0,2,0
90,2,3,23,5,0,0,23,1,1,0.4309,28,1560,1,2,0
90,2,4,18,5,0,0,18,1,1,0.3309,25,1508,0,2,0
90,2,5,22,6,0,0,22,1,1,0.9709,36,2140,4,3,0
90,3,-6,25,4,29,29,25,1,1,2.9529,74,6803,7,9,1
90,3,-5,19,5,5,5,19,1,1,1.5120,51,4756,2,4,0
90,3,-4,27,7,0,0,27,1,1,2.0921,80,7506,7,9,1
90,3,-3,25,6,0,0,25,1,1,1.9535,69,6583,9,9,1
90,3,-2,22,7,0,0,22,1,1,1.0409,54,4631,5,4,0
90,3,-1,16,5,0,0,16,1,1,0.7309,33,2791,4,4,0
90,3,0,20,7,0,0,20,1,1,0.7509,37,2743,1,3,0
90,3,1,22,3,0,0,22,1,1,0.8009,42,3437,3,4,0
90,4,-3,24,6,0,0,24,1,1,2.0724,73,7012,5,9,1
91,-7,6,23,4,0,0,23,1,1,0.4309,28,1677,3,2,0
91,-7,7,19,10,0,0,19,1,1,3.9509,25,1148,3,4,1
91,-7,8,15,5,0,0,15,1,1,0.4109,21,1263,1,2,0
91,-6,2,23,7,0,0,23,1,1,0.4309,24,1074,2,2,0
91,-6,3,23,5,0,0,23,1,1,2.8318,27,888,4,4,1
91,-6,4,24,3,0,0,24,1,1,0.9409,31,1121,7,4,1
91,-6,5,15,5,0,0,15,1,1,0.5109,20,705,4,4,1
91,-6,6,18,7,0,0,18,1,1,3.1519,21,745,3,4,1
91,-6,7,20,4,0,0,20,1,1,0.3710,20,916,1,2,0
91,-6,8,21,5,0,0,21,1,1,0.3909,25,1563,0,2,0
91,-5,-2,25,5,0,0,25,1,1,1.2711,49,3820,7,5,0
91,-5,-1,36,3,0,0,36,1,1,2.3710,67,4497,7,5,2
91,-5,0,29,3,0,0,29,1,1,0.4809,29,1672,1,2,0
91,-5,1,21,7,0,0,21,1,1,0.1923,20,701,0,1,0
91,-5,2,19,7,0,0,19,1,1,0.3509,19,457,1,2,0
91,-5,3,24,7,0,0,24,1,1,1.1409,31,706,6,4,2
91,-5,4,24,8,0,0,24,1,1,0.2209,23,506,0,1,0
91,-5,5,21,7,0,0,21,1,1,0.3709,21,499,1,2,0
91,-5,6,22,5,0,0,22,1,1,0.2909,23,670,2,2,0
91,-5,7,28,7,0,0,28,1,1,0.5109,28,944,1,2,0
91,-5,8,18,4,0,0,18,1,1,0.2309,19,981,2,2,0
91,-5,9,16,5,0,0,16,1,1,0.2915,20,1118,0,2,0
91,-4,-3,25,7,0,0,25,1,1,1.3909,56,4565,5,4,0
91,-4,-2,16,5,0,0,16,1,1,0.4209,25,1837,2,3,0
91,-4,-1,26,4,0,0,26,1,1,1.0909,33,1714,5,5,0
91,-4,0,24,6,0,0,24,1,1,0.3709,24,899,1,2,0
91,-4,1,21,6,0,0,21,1,1,1.3909,24,559,3,4,1
91,-4,2,12,9,0,0,12,1,1,0.5409,15,243,4,4,0
91,-4,3,20,7,0,0,20,1,1,0.5309,21,388,2,3,0
91,-4,4,20,5,0,0,20,1,1,1.3209,29,527,8,4,2
91,-4,5,23,4,0,0,23,1,1,0.2109,22,518,0,1,0
91,-4,6,25,4,0,0,25,1,1,0.4709,26,669,2,2,0
91,-4,7,13,3,0,0,13,1,1,0.1109,12,407,0,1,0
91,-4,8,25,7,0,0,25,1,1,0.6909,27,1198,3,2,0
91,-3,-3,13,6,0,0,13,1,1,0.3309,22,1632,0,3,0
91,-3,-2,20,7,0,0,20,1,1,0.9409,29,1563,4,3,0
91,-3,-1,13,2,0,0,13,1,1,0.2309,14,746,2,2,0
91,-3,0,23,6,0,0,23,1,1,0.5709,25,724,3,3,0
91,-3,1,20,4,0,0,20,1,1,1.2809,27,537,6,4,1
91,-3,2,18,5,0,0,18,1,1,0.5009,20,361,3,2,0
91,-3,3,22,5,0,0,22,1,1,2.5710,25,435,3,4,1
91,-3,4,23,6,0,0,23,1,1,0.3809,23,428,1,2,0
91,-3,5,15,4,0,0,15,1,1,0.1311,14,248,0,1,0
91,-3,6,20,5,0,0,20,1,1,0.3709,20,418,1,2,0
91,-3,7,23,5,0,0,23,1,1,0.6409,24,738,2,3,0
91,-2,-3,19,6,0,0,19,1,1,0.6709,33,2414,2,3,0
91,-2,-2,20,7,0,0,20,1,1,0.7109,29,1321,4,3,0
91,-2,-1,20,5,0,0,20,1,1,0.4509,22,1093,3,2,0
91,-2,0,23,5,0,0,23,1,1,0.6509,24,729,2,3,0
91,-2,1,35,4,0,0,35,1,1,0.6110,36,888,2,2,0
91,-2,2,24,4,0,0,24,1,1,0.2210,23,453,0,1,0
91,-2,3,20,7,0,0,20,1,1,0.3709,20,354,1,2,0
91,-2,4,24,5,0,0,24,1,1,1.1109,34,627,7,4,2
91,-2,5,17,5,0,0,17,1,1,0.2609,17,339,1,2,0
91,-2,6,27,5,0,0,27,1,1,1.4209,31,756,4,5,1
91,-2,7,22,5,0,0,22,1,1,2.0809,29,852,6,4,2
91,-1,-4,17,5,0,0,17,1,1,0.7210,37,2998,1,3,0
91,-1,-3,21,7,0,0,21,1,1,1.5909,43,3004,7,6,1
91,-1,-2,24,7,0,0,24,1,1,1.5909,49,2678,8,5,1
91,-1,-1,14,4,0,0,14,1,1,0.8709,18,796,5,4,1
91,-1,0,23,7,0,0,23,1,1,1.1309,29,856,7,4,1
91,-1,1,22,8,0,0,22,1,1,1.4309,29,653,6,4,1
91,-1,2,17,10,0,0,17,1,1,0.1509,16,340,0,1,0
91,-1,3,25,4,0,0,25,1,1,1.1109,31,624,4,4,1
91,-1,4,20,7,0,0,20,1,1,0.2809,20,378,1,2,0
91,-1,5,22,10,0,0,22,1,1,0.4109,22,485,1,2,0
91,-1,6,21,5,0,0,21,1,1,0.5609,22,615,2,2,0
91,0,-4,22,4,0,0,22,1,1,1.0109,54,4644,3,5,0
91,0,-3,18,4,0,0,18,1,1,0.7114,37,2567,5,4,0
91,0,-2,16,4,0,0,16,1,1,0.8309,32,2126,5,6,1
91,0,-1,21,5,0,0,21,1,1,0.3209,24,1289,1,2,0
91,0,0,27,5,0,0,27,1,1,0.6409,29,1260,3,2,0
91,0,1,13,3,0,0,13,1,1,0.1121,12,433,0,1,0
91,0,2,21,5,0,0,21,1,1,0.3809,23,620,3,2,0
91,0,3,22,4,0,0,22,1,1,0.2609,22,527,1,2,0
91,0,4,25,7,0,0,25,1,1,0.4709,26,797,2,2,0
91,0,5,17,7,0,0,17,1,1,0.3109,17,519,1,2,0
91,0,6,24,3,0,0,24,1,1,0.3010,24,1456,1,2,0
91,1,-5,13,4,0,0,13,1,1,0.8309,38,3545,6,5,0
91,1,-4,27,5,0,0,27,1,1,1.2909,63,5567,1,4,0
91,1,-3,22,5,0,0,22,1,1,0.8811,39,3176,1,4,0
91,1,-2,24,5,0,0,24,1,1,1.6009,56,3775,7,7,1
91,1,-1,20,5,0,0,20,1,1,0.5829,27,1840,2,4,0
91,1,0,18,4,0,0,18,1,1,0.2409,19,1011,0,2,0
91,1,1,21,4,0,0,21,1,1,0.2909,22,1149,2,2,0
91,1,2,27,5,0,0,27,1,1,0.5125,27,1372,1,2,0
91,1,3,17,6,0,0,17,1,1,0.1526,16,715,0,1,0
91,1,4,18,7,0,0,18,1,1,0.1609,17,779,0,1,0
91,1,5,19,5,0,0,19,1,1,0.3512,22,1075,1,2,0
91,2,-5,18,7,1,1,18,1,1,1.6520,46,4147,4,5,0
91,2,-4,23,4,0,0,23,1,1,2.5720,70,6469,8,9,1
91,2,-3,15,4,0,0,15,1,1,1.3609,54,4374,8,7,2
91,2,-2,21,3,0,0,21,1,1,0.6710,35,2783,0,3,0
91,2,-1,31,5,0,0,31,1,1,1.1909,56,4270,2,3,0
91,2,0,32,4,0,0,32,1,1,2.1609,55,3030,7,4,1
91,2,1,19,5,0,0,19,1,1,1.0709,39,2577,8,5,2
91,2,2,17,3,0,0,17,1,1,0.3114,19,1075,0,2,0
91,2,3,23,5,0,0,23,1,1,0.5209,30,1629,2,3,0
91,2,4,18,5,0,0,18,1,1,0.5010,25,1613,1,3,0
91,2,5,22,6,0,0,22,1,1,3.2809,36,2142,4,4,1
91,3,-6,25,4,37,37,25,1,1,2.6212,75,6880,8,9,1
91,3,-5,19,5,6,6,19,1,1,1.6025,52,4856,3,5,0
91,3,-4,27,7,0,0,27,1,1,1.7710,69,6248,1,3,0
91,3,-3,25,6,0,0,25,1,1,7.4223,120,11294,42,30,4
91,3,-2,22,7,0,0,22,1,1,1.4609,53,4285,4,4,0
91,3,-1,16,5,0,0,16,1,1,1.6233,46,3928,15,11,2
91,3,0,20,7,0,0,20,1,1,1.1433,44,3484,5,6,1
91,3,1,22,3,0,0,22,1,1,1.0109,43,3637,4,5,0
91,4,-3,24,6,0,0,24,1,1,2.0421,64,6009,2,4,0
92,-7,6,23,4,0,0,23,1,1,0.3312,25,1515,0,2,0
92,-7,7,19,10,0,0,19,1,1,3.9509,26,1166,4,4,1
92,-7,8,15,5,0,0,15,1,1,0.2709,20,1253,0,2,0
92,-6,2,23,7,0,0,23,1,1,0.4309,24,1012,2,2,0
92,-6,3,23,5,0,0,23,1,1,0.5009,24,825,2,3,0
92,-6,4,24,3,0,0,24,1,1,0.4509,24,793,1,2,0
92,-6,5,15,5,0,0,15,1,1,0.1322,14,450,0,1,0
92,-6,6,18,7,0,0,18,1,1,0.1609,17,683,0,1,0
92,-6,7,20,4,0,0,20,1,1,0.5110,23,1063,4,3,0
92,-6,8,21,5,0,0,21,1,1,0.4235,29,1808,3,3,0
92,-5,-2,25,5,0,0,25,1,1,1.2711,48,3790,6,4,0
92,-5,-1,36,3,0,0,36,1,1,27.3018,142,9202,84,79,1
92,-5,0,29,3,0,0,29,1,1,0.5810,31,1838,3,3,0
92,-5,1,21,7,0,0,21,1,1,0.3609,21,763,1,2,0
92,-5,2,19,7,0,0,19,1,1,0.1709,18,444,0,1,0
92,-5,3,24,7,0,0,24,1,1,2.9809,32,662,6,5,2
92,-5,4,24,8,0,0,24,1,1,3.6709,26,579,3,4,1
92,-5,5,21,7,0,0,21,1,1,1.3816,27,740,7,7,2
92,-5,6,22,5,0,0,22,1,1,0.6209,23,699,2,2,0
92,-5,7,28,7,0,0,28,1,1,0.2609,27,904,0,1,0
92,-5,8,18,4,0,0,18,1,1,0.1609,17,859,0,1,0
92,-5,9,16,5,0,0,16,1,1,1.6009,27,1315,7,4,1
92,-4,-3,25,7,0,0,25,1,1,2.3509,73,5882,8,8,2
92,-4,-2,16,5,0,0,16,1,1,0.8709,35,2692,9,5,2
92,-4,-1,26,4,0,0,26,1,1,1.5909,36,1900,6,4,1
92,-4,0,24,6,0,0,24,1,1,0.3709,24,882,1,2,0
92,-4,1,21,6,0,0,21,1,1,0.3909,21,517,1,2,0
92,-4,2,12,9,0,0,12,1,1,2.0809,15,259,4,4,1
92,-4,3,20,7,0,0,20,1,1,0.1811,19,369,0,1,0
92,-4,4,20,5,0,0,20,1,1,0.9409,27,542,6,4,1
92,-4,5,23,4,0,0,23,1,1,1.3409,29,616,6,5,1
92,-4,6,25,4,0,0,25,1,1,1.1909,30,777,3,4,1
92,-4,7,13,3,0,0,13,1,1,0.1709,13,429,1,2,0
92,-4,8,25,7,0,0,25,1,1,0.2311,24,1087,0,1,0
92,-3,-3,13,6,0,0,13,1,1,0.3309,22,1631,0,3,0
92,-3,-2,20,7,0,0,20,1,1,0.3709,26,1477,0,2,0
92,-3,-1,13,2,0,0,13,1,1,3.0409,38,1754,25,26,0
92,-3,0,23,6,0,0,23,1,1,0.4109,23,694,1,2,0
92,-3,1,20,4,0,0,20,1,1,0.1809,19,382,0,1,0
92,-3,2,18,5,0,0,18,1,1,0.4209,21,364,4,3,0
92,-3,3,22,5,0,0,22,1,1,0.2009,21,365,0,1,0
92,-3,4,23,6,0,0,23,1,1,1.6811,28,506,4,4,1
92,-3,5,15,4,0,0,15,1,1,0.4009,17,316,3,2,0
92,-3,6,20,5,0,0,20,1,1,2.4612,25,523,5,6,1
92,-3,7,23,5,0,0,23,1,1,0.4209,23,664,1,2,0
92,-2,-3,19,6,0,0,19,1,1,0.5210,32,2380,1,3,0
92,-2,-2,20,7,0,0,20,1,1,1.4710,38,1664,11,8,1
92,-2,-1,20,5,0,0,20,1,1,0.3209,21,1014,2,2,0
92,-2,0,23,5,0,0,23,1,1,0.6509,25,729,3,3,0
92,-2,1,35,4,0,0,35,1,1,1.0410,39,937,5,4,0
92,-2,2,24,4,0,0,24,1,1,2.3809,37,686,12,10,2
92,-2,3,20,7,0,0,20,1,1,0.1809,19,336,0,1,0
92,-2,4,24,5,0,0,24,1,1,0.2210,23,418,0,1,0
92,-2,5,17,5,0,0,17,1,1,1.1110,20,365,3,4,1
92,-2,6,27,5,0,0,27,1,1,0.7609,31,767,5,3,0
92,-2,7,22,5,0,0,22,1,1,0.4009,22,701,1,2,0
92,-1,-4,17,5,0,0,17,1,1,0.7811,40,3235,4,4,0
92,-1,-3,21,7,0,0,21,1,1,2.2009,42,2721,9,5,1
92,-1,-2,24,7,0,0,24,1,1,0.6709,34,2014,2,3,0
92,-1,-1,14,4,0,0,14,1,1,0.1209,13,629,0,1,0
92,-1,0,23,7,0,0,23,1,1,0.3809,24,659,2,2,0
92,-1,1,22,8,0,0,22,1,1,0.2009,21,471,0,1,0
92,-1,2,17,10,0,0,17,1,1,0.3109,18,382,2,2,0
92,-1,3,25,4,0,0,25,1,1,1.8712,30,607,5,4,1
92,-1,4,20,7,0,0,20,1,1,0.2809,20,384,1,2,0
92,-1,5,22,10,0,0,22,1,1,0.4109,22,460,1,2,0
92,-1,6,21,5,0,0,21,1,1,0.1920,20,555,0,1,0
92,0,-4,22,4,0,0,22,1,1,0.8009,50,4420,1,4,0
92,0,-3,18,4,0,0,18,1,1,0.6709,34,2452,2,3,0
92,0,-2,16,4,0,0,16,1,1,0.7710,35,2376,7,5,1
92,0,-1,21,5,0,0,21,1,1,0.5709,26,1392,3,3,0
92,0,0,27,5,0,0,27,1,1,1.6809,34,1311,8,5,0
92,0,1,13,3,0,0,13,1,1,0.1123,12,426,0,1,0
92,0,2,21,5,0,0,21,1,1,0.1912,20,537,0,1,0
92,0,3,22,4,0,0,22,1,1,0.5709,23,533,2,3,0
92,0,4,25,7,0,0,25,1,1,0.4709,26,818,2,2,0
92,0,5,17,7,0,0,17,1,1,0.1509,16,499,0,1,0
92,0,6,24,3,0,0,24,1,1,0.9909,28,1526,4,4,1
92,1,-5,13,4,1,1,13,1,1,0.9510,34,3141,2,5,0
92,1,-4,27,5,0,0,27,1,1,1.5509,63,5571,1,4,0
92,1,-3,22,5,0,0,22,1,1,2.3310,63,5158,14,10,2
92,1,-2,24,5,0,0,24,1,1,1.1409,54,3745,6,5,1
92,1,-1,20,5,0,0,20,1,1,0.5609,28,1796,2,3,0
92,1,0,18,4,0,0,18,1,1,0.4109,21,1070,1,2,0
92,1,1,21,4,0,0,21,1,1,0.8909,28,1609,6,4,2
92,1,2,27,5,0,0,27,1,1,0.4911,28,1424,2,2,0
92,1,3,17,6,0,0,17,1,1,1.6009,28,1007,9,4,2
92,1,4,18,7,0,0,18,1,1,0.3725,20,982,3,3,0
92,1,5,19,5,0,0,19,1,1,5.2509,51,1571,30,28,0
92,2,-5,18,7,0,0,18,1,1,5.3919,81,7055,26,22,1
92,2,-4,23,4,0,0,23,1,1,2.0812,73,6858,6,7,2
92,2,-3,15,4,0,0,15,1,1,1.8037,55,4776,13,13,3
92,2,-2,21,3,0,0,21,1,1,1.0210,46,3660,4,5,1
92,2,-1,31,5,0,0,31,1,1,0.6809,52,4173,0,3,0
92,2,0,32,4,0,0,32,1,1,1.8509,52,3158,4,5,1
92,2,1,19,5,0,0,19,1,1,0.5309,26,1570,1,3,0
92,2,2,17,3,0,0,17,1,1,0.7913,23,1282,4,5,0
92,2,3,23,5,0,0,23,1,1,0.4309,28,1453,0,2,0
92,2,4,18,5,0,0,18,1,1,0.5009,26,1603,2,3,0
92,2,5,22,6,0,0,22,1,1,0.4109,32,2024,0,2,0
92,3,-6,25,4,37,37,25,1,1,1.9035,65,5852,4,4,0
92,3,-5,19,5,10,10,19,1,1,1.6930,59,5542,6,9,1
92,3,-4,27,7,0,0,27,1,1,1.7710,70,6309,2,4,0
92,3,-3,25,6,0,0,25,1,1,2.7423,88,8208,11,9,2
92,3,-2,22,7,0,0,22,1,1,3.3509,69,4913,14,7,2
92,3,-1,16,5,0,0,16,1,1,0.5809,32,2678,3,4,0
92,3,0,20,7,0,0,20,1,1,0.9409,40,2901,3,4,0
92,3,1,22,3,0,0,22,1,1,2.3016,67,5789,15,11,4
92,4,-3,24,6,0,0,24,1,1,2.2721,75,7130,7,9,1
93,-7,6,23,4,0,0,23,1,1,0.2809,25,1529,0,2,0
93,-7,7,19,10,0,0,19,1,1,0.7109,24,1171,4,3,0
93,-7,8,15,5,0,0,15,1,1,0.8609,26,1517,3,6,1
93,-6,2,23,7,0,0,23,1,1,0.4809,25,1049,3,3,0
93,-6,3,23,5,0,0,23,1,1,2.8321,29,942,6,4,1
93,-6,4,24,3,0,0,24,1,1,1.3209,34,1235,8,4,2
93,-6,5,15,5,0,0,15,1,1,0.2309,15,500,1,2,0
93,-6,6,18,7,0,0,18,1,1,0.3309,18,673,1,2,0
93,-6,7,20,4,0,0,20,1,1,0.3421,21,1023,2,2,0
93,-6,8,21,5,0,0,21,1,1,0.5909,30,1872,4,3,0
93,-5,-2,25,5,0,0,25,1,1,1.0311,45,3512,3,4,0
93,-5,-1,36,3,0,0,36,1,1,1.3210,62,4172,5,4,0
93,-5,0,29,3,0,0,29,1,1,0.5514,29,1611,0,2,0
93,-5,1,21,7,0,0,21,1,1,0.7609,23,849,3,3,0
93,-5,2,19,7,0,0,19,1,1,0.8909,25,595,5,5,1
93,-5,3,24,7,0,0,24,1,1,0.6809,25,535,2,2,0
93,-5,4,24,8,0,0,24,1,1,5.0514,29,647,4,4,1
93,-5,5,21,7,0,0,21,1,1,0.1909,20,489,0,1,0
93,-5,6,22,5,0,0,22,1,1,1.4609,25,734,3,4,1
93,-5,7,28,7,0,0,28,1,1,1.8609,34,1129,7,4,1
93,-5,8,18,4,0,0,18,1,1,0.4212,20,975,3,3,0
93,-5,9,16,5,0,0,16,1,1,0.8810,30,1741,8,6,1
93,-4,-3,25,7,0,0,25,1,1,1.2213,54,4406,3,4,0
93,-4,-2,16,5,0,0,16,1,1,0.2933,23,1627,0,2,0
93,-4,-1,26,4,0,0,26,1,1,0.3612,27,1538,0,2,0
93,-4,0,24,6,0,0,24,1,1,1.0609,38,1463,8,4,2
93,-4,1,21,6,0,0,21,1,1,0.3909,22,544,2,2,0
93,-4,2,12,9,0,0,12,1,1,0.4309,14,233,3,4,0
93,-4,3,20,7,0,0,20,1,1,0.3409,21,392,2,2,0
93,-4,4,20,5,0,0,20,1,1,0.5609,21,382,2,3,0
93,-4,5,23,4,0,0,23,1,1,1.9709,36,776,10,7,2
93,-4,6,25,4,0,0,25,1,1,0.2309,24,607,0,1,0
93,-4,7,13,3,0,0,13,1,1,0.1709,13,409,1,2,0
93,-4,8,25,7,0,0,25,1,1,0.2310,24,1111,0,1,0
93,-3,-3,13,6,0,0,13,1,1,1.6509,38,2562,12,14,0
93,-3,-2,20,7,0,0,20,1,1,0.3709,27,1546,1,2,0
93,-3,-1,13,2,0,0,13,1,1,0.4310,16,930,3,4,1
93,-3,0,23,6,0,0,23,1,1,0.2118,22,674,0,1,0
93,-3,1,20,4,0,0,20,1,1,0.3309,21,448,2,2,0
93,-3,2,18,5,0,0,18,1,1,0.1609,17,295,0,1,0
93,-3,3,22,5,0,0,22,1,1,0.4109,23,408,2,2,0
93,-3,4,23,6,0,0,23,1,1,3.3909,34,610,9,4,2
93,-3,5,15,4,0,0,15,1,1,0.1311,14,260,0,1,0
93,-3,6,20,5,0,0,20,1,1,1.1409,30,667,10,6,2
93,-3,7,23,5,0,0,23,1,1,0.8609,26,820,3,4,1
93,-2,-3,19,6,0,0,19,1,1,0.6709,35,2598,4,3,0
93,-2,-2,20,7,0,0,20,1,1,0.5609,25,1242,1,3,0
93,-2,-1,20,5,0,0,20,1,1,0.3209,20,958,1,2,0
93,-2,0,23,5,0,0,23,1,1,0.4309,24,735,2,2,0
93,-2,1,35,4,0,0,35,1,1,1.9710,45,1115,10,6,1
93,-2,2,24,4,0,0,24,1,1,0.6709,25,483,2,3,0
93,-2,3,20,7,0,0,20,1,1,0.5609,21,356,2,2,0
93,-2,4,24,5,0,0,24,1,1,1.1109,30,562,4,4,1
93,-2,5,17,5,0,0,17,1,1,0.4709,18,338,2,3,0
93,-2,6,27,5,0,0,27,1,1,1.0209,32,855,6,2,0
93,-2,7,22,5,0,0,22,1,1,0.2021,21,682,0,1,0
93,-1,-4,17,5,0,0,17,1,1,0.7812,38,3136,2,4,0
93,-1,-3,21,7,0,0,21,1,1,0.7909,36,2722,3,3,0
93,-1,-2,24,7,0,0,24,1,1,0.4532,33,2002,1,2,0
93,-1,-1,14,4,0,0,14,1,1,0.1209,13,625,0,1,0
93,-1,0,23,7,0,0,23,1,1,0.3809,23,671,1,2,0
93,-1,1,22,8,0,0,22,1,1,0.3809,23,546,2,2,0
93,-1,2,17,10,0,0,17,1,1,0.4709,18,366,2,2,0
93,-1,3,25,4,0,0,25,1,1,0.3109,25,516,1,2,0
93,-1,4,20,7,0,0,20,1,1,0.3109,20,372,1,2,0
93,-1,5,22,10,0,0,22,1,1,0.2009,21,446,0,1,0
93,-1,6,21,5,0,0,21,1,1,0.1920,20,575,0,1,0
93,0,-4,22,4,0,0,22,1,1,1.8823,72,6371,9,8,2
93,0,-3,18,4,0,0,18,1,1,0.7810,36,2771,4,5,0
93,0,-2,16,4,0,0,16,1,1,0.5309,27,1610,3,3,0
93,0,-1,21,5,0,0,21,1,1,0.3209,23,1153,0,2,0
93,0,0,27,5,0,0,27,1,1,0.7109,33,1481,7,3,0
93,0,1,13,3,0,0,13,1,1,0.1124,12,456,0,1,0
93,0,2,21,5,0,0,21,1,1,1.9809,25,635,3,4,1
93,0,3,22,4,0,0,22,1,1,1.4610,27,633,4,4,1
93,0,4,25,7,0,0,25,1,1,1.1909,34,1077,7,4,2
93,0,5,17,7,0,0,17,1,1,0.1509,16,481,0,1,0
93,0,6,24,3,0,0,24,1,1,0.2210,23,1387,0,1,0
93,1,-5,13,4,1,1,13,1,1,0.7109,32,2917,0,3,0
93,1,-4,27,5,0,0,27,1,1,1.5509,65,5657,2,4,0
93,1,-3,22,5,0,0,22,1,1,1.7212,53,4324,10,8,0
93,1,-2,24,5,0,0,24,1,1,0.9109,47,3547,7,4,0
93,1,-1,20,5,0,0,20,1,1,1.8909,31,1946,5,4,1
93,1,0,18,4,0,0,18,1,1,1.0910,23,1123,3,4,1
93,1,1,21,4,0,0,21,1,1,0.4909,23,1151,3,2,0
93,1,2,27,5,0,0,27,1,1,0.7720,28,1430,2,3,0
93,1,3,17,6,0,0,17,1,1,0.1628,17,777,1,2,0
93,1,4,18,7,0,0,18,1,1,0.1920,18,860,1,2,0
93,1,5,19,5,0,0,19,1,1,1.1109,28,1192,6,4,1
93,2,-5,18,7,2,2,18,1,1,2.3313,56,4953,9,11,2
93,2,-4,23,4,0,0,23,1,1,1.8615,70,6628,9,7,1
93,2,-3,15,4,0,0,15,1,1,1.2313,51,4544,13,9,2
93,2,-2,21,3,0,0,21,1,1,0.6712,38,2973,1,3,0
93,2,-1,31,5,0,0,31,1,1,2.4809,71,5480,8,8,2
93,2,0,32,4,0,0,32,1,1,1.2309,51,2972,5,3,0
93,2,1,19,5,0,0,19,1,1,0.7109,28,1540,2,2,0
93,2,2,17,3,0,0,17,1,1,1.2714,30,1610,9,8,1
93,2,3,23,5,0,0,23,1,1,0.5209,29,1562,2,3,0
93,2,4,18,5,0,0,18,1,1,0.3309,25,1530,0,2,0
93,2,5,22,6,0,0,22,1,1,0.7609,34,2136,2,2,0
93,3,-6,25,4,36,36,25,1,1,2.6428,77,6940,10,9,1
93,3,-5,19,5,7,7,19,1,1,1.5119,52,4756,2,5,0
93,3,-4,27,7,0,0,27,1,1,2.0617,73,6669,5,6,0
93,3,-3,25,6,0,0,25,1,1,10.3023,114,10801,39,42,2
93,3,-2,22,7,0,0,22,1,1,1.8917,59,5131,5,8,1
93,3,-1,16,5,0,0,16,1,1,0.7309,30,2319,1,3,0
93,3,0,20,7,0,0,20,1,1,0.7509,36,2739,1,4,0
93,3,1,22,3,0,0,22,1,1,0.8009,42,3397,3,3,0
93,4,-3,24,6,0,0,24,1,1,2.7324,77,7388,8,9,2
94,-7,6,23,4,0,0,23,1,1,0.4615,26,1577,1,2,0
94,-7,7,19,10,0,0,19,1,1,0.3509,21,994,0,2,0
94,-7,8,15,5,0,0,15,1,1,1.1409,28,1390,7,5,1
94,-6,2,23,7,0,0,23,1,1,0.5210,25,1134,3,3,0
94,-6,3,23,5,0,0,23,1,1,0.4109,23,843,1,2,0
94,-6,4,24,3,0,0,24,1,1,0.7610,28,999,4,4,1
94,-6,5,15,5,0,0,15,1,1,0.2309,15,481,1,2,0
94,-6,6,18,7,0,0,18,1,1,0.4309,19,707,2,2,0
94,-6,7,20,4,0,0,20,1,1,0.8410,23,1146,3,4,1
94,-6,8,21,5,0,0,21,1,1,0.3909,27,1715,1,2,0
94,-5,-2,25,5,0,0,25,1,1,0.7910,44,3389,3,3,0
94,-5,-1,36,3,0,0,36,1,1,2.0210,71,4797,12,5,2
94,-5,0,29,3,0,0,29,1,1,0.4809,31,1647,2,2,0
94,-5,1,21,7,0,0,21,1,1,0.1925,20,726,0,1,0
94,-5,2,19,7,0,0,19,1,1,0.5309,23,625,5,3,0
94,-5,3,24,7,0,0,24,1,1,0.6809,25,578,2,3,0
94,-5,4,24,8,0,0,24,1,1,3.6709,26,559,3,4,1
94,-5,5,21,7,0,0,21,1,1,0.8009,25,594,4,4,1
94,-5,6,22,5,0,0,22,1,1,1.0409,28,887,7,3,0
94,-5,7,28,7,0,0,28,1,1,0.7809,30,915,3,3,0
94,-5,8,18,4,0,0,18,1,1,0.4709,19,1099,2,3,0
94,-5,9,16,5,0,0,16,1,1,0.2917,21,1135,1,2,0
94,-4,-3,25,7,0,0,25,1,1,1.1919,55,4354,4,4,0
94,-4,-2,16,5,0,0,16,1,1,0.5709,25,1753,2,4,0
94,-4,-1,26,4,0,0,26,1,1,0.9809,33,1859,3,4,1
94,-4,0,24,6,0,0,24,1,1,0.2209,23,845,0,1,0
94,-4,1,21,6,0,0,21,1,1,0.3909,21,519,1,2,0
94,-4,2,12,9,0,0,12,1,1,0.4309,14,232,3,4,0
94,-4,3,20,7,0,0,20,1,1,0.3409,20,377,1,2,0
94,-4,4,20,5,0,0,20,1,1,0.3709,20,368,1,2,0
94,-4,5,23,4,0,0,23,1,1,0.4309,25,581,3,2,0
94,-4,6,25,4,0,0,25,1,1,0.9509,29,711,3,4,1
94,-4,7,13,3,0,0,13,1,1,0.1109,12,391,0,1,0
94,-4,8,25,7,0,0,25,1,1,0.6909,27,1218,3,2,0
94,-3,-3,13,6,0,0,13,1,1,0.3309,22,1632,0,3,0
94,-3,-2,20,7,0,0,20,1,1,0.3709,26,1479,0,2,0
94,-3,-1,13,2,0,0,13,1,1,0.2309,13,638,1,2,0
94,-3,0,23,6,0,0,23,1,1,0.3509,23,701,1,2,0
94,-3,1,20,4,0,0,20,1,1,0.3709,20,418,1,2,0
94,-3,2,18,5,0,0,18,1,1,0.3309,18,313,1,2,0
94,-3,3,22,5,0,0,22,1,1,0.2009,21,370,0,1,0
94,-3,4,23,6,0,0,23,1,1,2.7309,29,504,5,4,1
94,-3,5,15,4,0,0,15,1,1,0.1909,15,260,1,2,0
94,-3,6,20,5,0,0,20,1,1,1.5109,28,592,8,4,1
94,-3,7,23,5,0,0,23,1,1,1.3009,32,843,6,4,1
94,-2,-3,19,6,0,0,19,1,1,8.2309,80,6167,45,46,1
94,-2,-2,20,7,0,0,20,1,1,0.7510,26,1252,2,4,0
94,-2,-1,20,5,0,0,20,1,1,0.2609,20,1032,1,2,0
94,-2,0,23,5,0,0,23,1,1,0.2109,22,668,0,1,0
94,-2,1,35,4,0,0,35,1,1,1.3910,38,945,3,4,1
94,-2,2,24,4,0,0,24,1,1,1.1309,36,715,8,4,2
94,-2,3,20,7,0,0,20,1,1,0.5609,21,364,2,3,0
94,-2,4,24,5,0,0,24,1,1,0.2210,23,423,0,1,0
94,-2,5,17,5,0,0,17,1,1,0.4709,18,348,2,3,0
94,-2,6,27,5,0,0,27,1,1,0.2512,26,669,0,1,0
94,-2,7,22,5,0,0,22,1,1,0.5609,25,848,4,3,0
94,-1,-4,17,5,0,0,17,1,1,1.5210,60,4634,14,9,2
94,-1,-3,21,7,0,0,21,1,1,0.4010,32,2374,0,3,0
94,-1,-2,24,7,0,0,24,1,1,0.6709,35,2112,2,3,0
94,-1,-1,14,4,0,0,14,1,1,0.8709,19,929,6,4,2
94,-1,0,23,7,0,0,23,1,1,0.3809,23,659,1,2,0
94,-1,1,22,8,0,0,22,1,1,0.5909,26,589,5,2,0
94,-1,2,17,10,0,0,17,1,1,0.1509,16,327,0,1,0
94,-1,3,25,4,0,0,25,1,1,0.5509,27,548,3,2,0
94,-1,4,20,7,0,0,20,1,1,0.2809,20,382,1,2,0
94,-1,5,22,10,0,0,22,1,1,0.4109,22,468,1,2,0
94,-1,6,21,5,0,0,21,1,1,0.1920,20,571,0,1,0
94,0,-4,22,4,0,0,22,1,1,1.7124,60,5262,7,7,1
94,0,-3,18,4,0,0,18,1,1,0.7809,38,2882,6,5,0
94,0,-2,16,4,0,0,16,1,1,1.7309,40,2739,13,12,1
94,0,-1,21,5,0,0,21,1,1,0.5709,25,1380,2,3,0
94,0,0,27,5,0,0,27,1,1,0.4509,27,1207,1,2,0
94,0,1,13,3,0,0,13,1,1,0.2209,13,505,1,2,0
94,0,2,21,5,0,0,21,1,1,0.9809,25,664,3,4,1
94,0,3,22,4,0,0,22,1,1,0.4109,22,516,1,2,0
94,0,4,25,7,0,0,25,1,1,0.4709,27,832,3,2,0
94,0,5,17,7,0,0,17,1,1,0.1617,17,512,1,2,0
94,0,6,24,3,0,0,24,1,1,0.4109,25,1444,2,2,0
94,1,-5,13,4,2,2,13,1,1,0.8310,34,3128,2,5,0
94,1,-4,27,5,0,0,27,1,1,1.2909,65,5663,2,4,0
94,1,-3,22,5,0,0,22,1,1,1.0911,45,3573,5,5,0
94,1,-2,24,5,0,0,24,1,1,1.6009,56,4138,9,6,1
94,1,-1,20,5,0,0,20,1,1,0.3709,26,1724,0,2,0
94,1,0,18,4,0,0,18,1,1,0.5809,22,1243,2,4,0
94,1,1,21,4,0,0,21,1,1,0.4909,22,1090,2,2,0
94,1,2,27,5,0,0,27,1,1,0.2520,26,1277,0,1,0
94,1,3,17,6,0,0,17,1,1,0.1528,16,724,0,1,0
94,1,4,18,7,0,0,18,1,1,0.3309,18,829,1,2,0
94,1,5,19,5,0,0,19,1,1,0.3513,23,1101,2,2,0
94,2,-5,18,7,0,0,18,1,1,2.3316,58,5337,8,8,1
94,2,-4,23,4,0,0,23,1,1,1.5215,59,5388,2,4,0
94,2,-3,15,4,0,0,15,1,1,0.5209,34,2882,0,3,0
94,2,-2,21,3,0,0,21,1,1,0.9910,38,3096,2,5,0
94,2,-1,31,5,0,0,31,1,1,1.2809,55,4429,3,5,0
94,2,0,32,4,0,0,32,1,1,1.5409,51,3225,5,4,0
94,2,1,19,5,0,0,19,1,1,0.3509,24,1442,0,2,0
94,2,2,17,3,0,0,17,1,1,0.4109,22,1289,3,3,0
94,2,3,23,5,0,0,23,1,1,1.4009,40,2194,9,5,1
94,2,4,18,5,0,0,18,1,1,0.5009,25,1595,1,3,0
94,2,5,22,6,0,0,22,1,1,2.2309,48,3199,10,10,2
94,3,-6,25,4,30,30,25,1,1,4.0633,77,7030,6,8,2
94,3,-5,19,5,8,8,19,1,1,2.0520,60,5594,11,6,0
94,3,-4,27,7,0,0,27,1,1,2.0310,75,6947,7,8,0
94,3,-3,25,6,0,0,25,1,1,1.9122,69,6682,8,7,1
94,3,-2,22,7,0,0,22,1,1,1.0409,51,4293,2,5,0
94,3,-1,16,5,0,0,16,1,1,0.7309,32,2546,3,4,0
94,3,0,20,7,0,0,20,1,1,0.9913,40,3073,4,6,0
94,3,1,22,3,0,0,22,1,1,7.1009,76,5397,34,27,1
94,4,-3,24,6,0,0,24,1,1,3.6523,70,6616,7,4,1
95,-7,6,23,4,0,0,23,1,1,1.2009,32,1933,5,5,1
95,-7,7,19,10,0,0,19,1,1,0.5309,24,1095,1,2,0
95,-7,8,15,5,0,0,15,1,1,0.4109,22,1244,2,2,0
95,-6,2,23,7,0,0,23,1,1,0.6509,24,960,2,3,0
95,-6,3,23,5,0,0,23,1,1,0.2809,23,878,1,2,0
95,-6,4,24,3,0,0,24,1,1,0.5209,26,905,3,3,0
95,-6,5,15,5,0,0,15,1,1,0.1322,14,453,0,1,0
95,-6,6,18,7,0,0,18,1,1,0.1609,17,652,0,1,0
95,-6,7,20,4,0,0,20,1,1,0.4509,21,1144,2,3,0
95,-6,8,21,5,0,0,21,1,1,2.5909,31,1787,5,4,1
95,-5,-2,25,5,0,0,25,1,1,0.7911,42,3256,0,3,0
95,-5,-1,36,3,0,0,36,1,1,1.0413,59,3983,2,3,0
95,-5,0,29,3,0,0,29,1,1,0.3409,29,1631,1,2,0
95,-5,1,21,7,0,0,21,1,1,0.1924,20,721,0,1,0
95,-5,2,19,7,0,0,19,1,1,0.3509,19,457,1,2,0
95,-5,3,24,7,0,0,24,1,1,1.6009,31,669,7,4,2
95,-5,4,24,8,0,0,24,1,1,0.2209,23,505,0,1,0
95,-5,5,21,7,0,0,21,1,1,0.3709,21,498,1,2,0
95,-5,6,22,5,0,0,22,1,1,0.9209,28,860,5,4,1
95,-5,7,28,7,0,0,28,1,1,0.7809,31,990,4,3,0
95,-5,8,18,4,0,0,18,1,1,0.3009,18,924,1,2,0
95,-5,9,16,5,0,0,16,1,1,0.2917,19,1076,0,2,0
95,-4,-3,25,7,0,0,25,1,1,1.3909,54,4301,3,3,0
95,-4,-2,16,5,0,0,16,1,1,1.9211,37,2503,13,5,2
95,-4,-1,26,4,0,0,26,1,1,0.8409,29,1580,2,3,0
95,-4,0,24,6,0,0,24,1,1,0.6009,26,947,3,3,0
95,-4,1,21,6,0,0,21,1,1,0.5909,23,586,3,3,0
95,-4,2,12,9,0,0,12,1,1,0.1009,11,187,0,1,0
95,-4,3,20,7,0,0,20,1,1,0.9109,23,451,4,4,0
95,-4,4,20,5,0,0,20,1,1,0.5609,22,411,3,2,0
95,-4,5,23,4,0,0,23,1,1,0.6509,24,521,2,2,0
95,-4,6,25,4,0,0,25,1,1,0.4709,25,627,1,2,0
95,-4,7,13,3,0,0,13,1,1,0.1109,12,398,0,1,0
95,-4,8,25,7,0,0,25,1,1,0.2310,24,1153,0,1,0
95,-3,-3,13,6,0,0,13,1,1,1.0509,37,2590,3,7,1
95,-3,-2,20,7,0,0,20,1,1,0.3709,26,1503,1,2,0
95,-3,-1,13,2,0,0,13,1,1,0.1409,13,723,1,2,0
95,-3,0,23,6,0,0,23,1,1,1.6709,29,762,6,4,1
95,-3,1,20,4,0,0,20,1,1,0.7109,25,503,4,4,1
95,-3,2,18,5,0,0,18,1,1,1.9509,30,518,11,12,0
95,-3,3,22,5,0,0,22,1,1,0.2009,21,363,0,1,0
95,-3,4,23,6,0,0,23,1,1,0.5509,25,443,3,2,0
95,-3,5,15,4,0,0,15,1,1,1.1009,22,405,6,7,2
95,-3,6,20,5,0,0,20,1,1,0.1809,19,414,0,1,0
95,-3,7,23,5,0,0,23,1,1,0.6409,26,755,4,3,0
95,-2,-3,19,6,0,0,19,1,1,1.9319,39,2926,5,4,1
95,-2,-2,20,7,0,0,20,1,1,0.3709,24,1180,1,2,0
95,-2,-1,20,5,0,0,20,1,1,0.4509,21,1032,2,2,0
95,-2,0,23,5,0,0,23,1,1,0.4309,24,689,2,2,0
95,-2,1,35,4,0,0,35,1,1,0.6212,37,945,3,2,0
95,-2,2,24,4,0,0,24,1,1,0.2210,23,434,0,1,0
95,-2,3,20,7,0,0,20,1,1,0.3709,20,361,1,2,0
95,-2,4,24,5,0,0,24,1,1,0.4209,24,426,1,2,0
95,-2,5,17,5,0,0,17,1,1,0.1509,16,316,0,1,0
95,-2,6,27,5,0,0,27,1,1,1.2809,31,802,5,3,0
95,-2,7,22,5,0,0,22,1,1,1.3209,25,767,3,4,1
95,-1,-4,17,5,0,0,17,1,1,0.6312,36,3008,1,4,0
95,-1,-3,21,7,0,0,21,1,1,1.0609,39,2885,5,6,1
95,-1,-2,24,7,0,0,24,1,1,0.4409,32,1921,0,2,0
95,-1,-1,14,4,0,0,14,1,1,1.2626,18,767,4,4,1
95,-1,0,23,7,0,0,23,1,1,0.8609,28,951,5,4,1
95,-1,1,22,8,0,0,22,1,1,1.4611,24,507,3,4,1
95,-1,2,17,10,0,0,17,1,1,0.3109,17,348,1,2,0
95,-1,3,25,4,0,0,25,1,1,0.4309,25,520,1,2,0
95,-1,4,20,7,0,0,20,1,1,0.1809,19,365,0,1,0
95,-1,5,22,10,0,0,22,1,1,0.2009,21,445,0,1,0
95,-1,6,21,5,0,0,21,1,1,0.3609,21,591,1,2,0
95,0,-4,22,4,0,0,22,1,1,2.3021,72,6348,12,10,1
95,0,-3,18,4,0,0,18,1,1,0.7809,37,2771,4,4,0
95,0,-2,16,4,0,0,16,1,1,0.4710,25,1698,2,4,0
95,0,-1,21,5,0,0,21,1,1,0.5209,25,1342,2,2,0
95,0,0,27,5,0,0,27,1,1,2.4609,39,1507,7,4,2
95,0,1,13,3,0,0,13,1,1,0.1123,12,452,0,1,0
95,0,2,21,5,0,0,21,1,1,0.3809,22,623,2,2,0
95,0,3,22,4,0,0,22,1,1,0.2009,21,510,0,1,0
95,0,4,25,7,0,0,25,1,1,0.2309,24,727,0,1,0
95,0,5,17,7,0,0,17,1,1,0.1509,16,500,0,1,0
95,0,6,24,3,0,0,24,1,1,1.4026,27,1551,3,4,1
95,1,-5,13,4,1,1,13,1,1,0.7109,32,2912,0,3,0
95,1,-4,27,5,0,0,27,1,1,2.1513,73,6247,7,6,1
95,1,-3,22,5,0,0,22,1,1,1.4609,48,3695,7,6,1
95,1,-2,24,5,0,0,24,1,1,1.6009,54,3867,7,6,1
95,1,-1,20,5,0,0,20,1,1,0.3709,28,1903,2,2,0
95,1,0,18,4,0,0,18,1,1,0.4109,20,1049,1,2,0
95,1,1,21,4,0,0,21,1,1,0.8909,25,1390,3,4,1
95,1,2,27,5,0,0,27,1,1,0.5609,28,1303,2,2,0
95,1,3,17,6,0,0,17,1,1,2.0509,28,998,9,7,3
95,1,4,18,7,0,0,18,1,1,0.6910,22,1032,4,4,1
95,1,5,19,5,0,0,19,1,1,0.3511,21,995,1,2,0
95,2,-5,18,7,0,0,18,1,1,1.8218,57,5328,11,8,1
95,2,-4,23,4,0,0,23,1,1,1.3014,60,5564,3,4,0
95,2,-3,15,4,0,0,15,1,1,0.8009,37,3178,3,5,0
95,2,-2,21,3,0,0,21,1,1,0.6710,37,2846,1,3,0
95,2,-1,31,5,0,0,31,1,1,0.6809,53,4265,0,3,0
95,2,0,32,4,0,0,32,1,1,1.2309,49,3028,5,4,0
95,2,1,19,5,0,0,19,1,1,0.5309,26,1552,1,3,0
95,2,2,17,3,0,0,17,1,1,1.9113,34,2503,12,12,0
95,2,3,23,5,0,0,23,1,1,0.6509,28,1569,1,3,0
95,2,4,18,5,0,0,18,1,1,0.3309,24,1489,0,2,0
95,2,5,22,6,0,0,22,1,1,0.5509,33,2102,1,2,0
95,3,-6,25,4,37,37,25,1,1,1.9031,65,5759,4,4,0
95,3,-5,19,5,11,11,19,1,1,23.5619,201,20273,125,125,3
95,3,-4,27,7,0,0,27,1,1,4.6309,86,7791,12,9,2
95,3,-3,25,6,0,0,25,1,1,4.3513,101,9867,20,10,5
95,3,-2,22,7,0,0,22,1,1,1.0409,54,4474,5,5,0
95,3,-1,16,5,0,0,16,1,1,1.6309,49,4049,10,7,3
95,3,0,20,7,0,0,20,1,1,0.7817,38,2857,2,5,0
95,3,1,22,3,0,0,22,1,1,0.8313,44,3713,5,4,0
95,4,-3,24,6,0,0,24,1,1,2.0416,66,6305,4,6,1
96,-7,6,23,4,0,0,23,1,1,0.2810,25,1481,0,2,0
96,-7,7,19,10,0,0,19,1,1,0.5309,23,1096,1,2,0
96,-7,8,15,5,0,0,15,1,1,0.6909,24,1534,3,5,0
96,-6,2,23,7,0,0,23,1,1,0.2109,22,911,0,1,0
96,-6,3,23,5,0,0,23,1,1,0.5009,24,825,2,3,0
96,-6,4,24,3,0,0,24,1,1,0.2209,23,789,0,1,0
96,-6,5,15,5,0,0,15,1,1,0.1323,14,453,0,1,0
96,-6,6,18,7,0,0,18,1,1,0.2609,18,683,1,2,0
96,-6,7,20,4,0,0,20,1,1,0.3026,23,1249,4,2,0
96,-6,8,21,5,0,0,21,1,1,1.9909,34,1981,6,4,2
96,-5,-2,25,5,0,0,25,1,1,1.0311,44,3449,2,4,0
96,-5,-1,36,3,0,0,36,1,1,1.9110,65,4334,5,5,1
96,-5,0,29,3,0,0,29,1,1,0.3010,29,1618,1,2,0
96,-5,1,21,7,0,0,21,1,1,0.3609,21,721,1,2,0
96,-5,2,19,7,0,0,19,1,1,1.2509,21,526,3,4,1
96,-5,3,24,7,0,0,24,1,1,0.4509,25,576,2,2,0
96,-5,4,24,8,0,0,24,1,1,0.2209,23,518,0,1,0
96,-5,5,21,7,0,0,21,1,1,0.1909,20,470,0,1,0
96,-5,6,22,5,0,0,22,1,1,0.2009,21,654,0,1,0
96,-5,7,28,7,0,0,28,1,1,1.3209,38,1247,5,4,1
96,-5,8,18,4,0,0,18,1,1,0.4210,19,965,2,3,0
96,-5,9,16,5,0,0,16,1,1,1.4509,24,1167,3,4,1
96,-4,-3,25,7,0,0,25,1,1,1.8709,58,4783,3,5,1
96,-4,-2,16,5,0,0,16,1,1,0.6126,27,2040,4,5,1
96,-4,-1,26,4,0,0,26,1,1,1.9809,33,1848,5,4,1
96,-4,0,24,6,0,0,24,1,1,0.2209,23,868,0,1,0
96,-4,1,21,6,0,0,21,1,1,0.2109,21,515,1,2,0
96,-4,2,12,9,0,0,12,1,1,2.0809,16,269,5,6,1
96,-4,3,20,7,0,0,20,1,1,1.2909,23,413,3,4,1
96,-4,4,20,5,0,0,20,1,1,0.1809,19,356,0,1,0
96,-4,5,23,4,0,0,23,1,1,1.1209,27,601,4,4,1
96,-4,6,25,4,0,0,25,1,1,0.2515,25,664,1,2,0
96,-4,7,13,3,0,0,13,1,1,0.1109,12,414,0,1,0
96,-4,8,25,7,0,0,25,1,1,0.2311,24,1097,0,1,0
96,-3,-3,13,6,0,0,13,1,1,0.3309,22,1630,0,3,0
96,-3,-2,20,7,0,0,20,1,1,1.1309,34,1904,4,5,1
96,-3,-1,13,2,0,0,13,1,1,0.1109,12,637,0,1,0
96,-3,0,23,6,0,0,23,1,1,0.3509,24,708,2,2,0
96,-3,1,20,4,0,0,20,1,1,0.1809,19,395,0,1,0
96,-3,2,18,5,0,0,18,1,1,0.2509,18,315,1,2,0
96,-3,3,22,5,0,0,22,1,1,0.4109,23,406,2,2,0
96,-3,4,23,6,0,0,23,1,1,3.3910,32,563,7,4,2
96,-3,5,15,4,0,0,15,1,1,0.1909,15,263,1,2,0
96,-3,6,20,5,0,0,20,1,1,0.1809,19,443,0,1,0
96,-3,7,23,5,0,0,23,1,1,0.4209,23,646,1,2,0
96,-2,-3,19,6,0,0,19,1,1,0.3920,31,2401,0,3,0
96,-2,-2,20,7,0,0,20,1,1,1.2809,34,1832,10,7,1
96,-2,-1,20,5,0,0,20,1,1,0.2609,20,933,1,2,0
96,-2,0,23,5,0,0,23,1,1,0.4309,23,702,1,2,0
96,-2,1,35,4,0,0,35,1,1,0.8610,39,905,5,3,0
96,-2,2,24,4,0,0,24,1,1,1.5909,28,531,4,4,1
96,-2,3,20,7,0,0,20,1,1,1.8909,22,385,3,4,1
96,-2,4,24,5,0,0,24,1,1,0.2211,23,423,0,1,0
96,-2,5,17,5,0,0,17,1,1,0.1509,16,315,0,1,0
96,-2,6,27,5,0,0,27,1,1,0.7609,33,831,7,3,0
96,-2,7,22,5,0,0,22,1,1,2.2409,27,870,5,4,1
96,-1,-4,17,5,0,0,17,1,1,1.3610,54,4615,7,7,2
96,-1,-3,21,7,0,0,21,1,1,0.7909,34,2470,2,3,0
96,-1,-2,24,7,0,0,24,1,1,1.8209,39,2317,5,4,1
96,-1,-1,14,4,0,0,14,1,1,0.2209,14,614,1,2,0
96,-1,0,23,7,0,0,23,1,1,0.6009,24,720,2,2,0
96,-1,1,22,8,0,0,22,1,1,1.6409,32,753,8,5,1
96,-1,2,17,10,0,0,17,1,1,3.5109,25,523,7,4,1
96,-1,3,25,4,0,0,25,1,1,1.5109,28,586,3,4,1
96,-1,4,20,7,0,0,20,1,1,0.1809,19,362,0,1,0
96,-1,5,22,10,0,0,22,1,1,2.0909,25,521,3,4,1
96,-1,6,21,5,0,0,21,1,1,0.5609,22,623,2,3,0
96,0,-4,22,4,0,0,22,1,1,0.8009,51,4371,0,3,0
96,0,-3,18,4,0,0,18,1,1,0.6212,34,2530,1,4,0
96,0,-2,16,4,0,0,16,1,1,1.1309,36,2657,9,8,2
96,0,-1,21,5,0,0,21,1,1,0.8109,29,1552,4,4,1
96,0,0,27,5,0,0,27,1,1,1.0309,31,1367,4,4,1
96,0,1,13,3,0,0,13,1,1,0.7509,19,648,6,7,1
96,0,2,21,5,0,0,21,1,1,0.1911,20,536,0,1,0
96,0,3,22,4,0,0,22,1,1,0.6209,24,593,3,2,0
96,0,4,25,7,0,0,25,1,1,0.4709,25,729,1,2,0
96,0,5,17,7,0,0,17,1,1,0.3109,17,502,1,2,0
96,0,6,24,3,0,0,24,1,1,0.2209,23,1386,0,1,0
96,1,-5,13,4,1,1,13,1,1,0.7109,32,2933,0,3,0
96,1,-4,27,5,0,0,27,1,1,3.8909,88,7599,8,11,1
96,1,-3,22,5,0,0,22,1,1,1.7011,44,3544,4,4,1
96,1,-2,24,5,0,0,24,1,1,1.3709,56,3941,9,6,1
96,1,-1,20,5,0,0,20,1,1,0.3709,26,1706,0,2,0
96,1,0,18,4,0,0,18,1,1,0.2409,19,982,0,2,0
96,1,1,21,4,0,0,21,1,1,0.3909,21,1038,1,2,0
96,1,2,27,5,0,0,27,1,1,2.0309,37,1561,7,5,2
96,1,3,17,6,0,0,17,1,1,0.1528,16,707,0,1,0
96,1,4,18,7,0,0,18,1,1,0.3309,18,862,1,2,0
96,1,5,19,5,0,0,19,1,1,0.3512,22,1097,2,2,0
96,2,-5,18,7,1,1,18,1,1,4.0320,66,5768,18,18,0
96,2,-4,23,4,0,0,23,1,1,1.6412,66,5922,6,5,1
96,2,-3,15,4,0,0,15,1,1,1.0809,38,3257,4,6,0
96,2,-2,21,3,0,0,21,1,1,1.2210,49,3832,4,6,1
96,2,-1,31,5,0,0,31,1,1,2.0909,67,5134,7,6,1
96,2,0,32,4,0,0,32,1,1,0.9209,47,2896,2,3,0
96,2,1,19,5,0,0,19,1,1,0.7109,26,1632,2,4,0
96,2,2,17,3,0,0,17,1,1,0.6315,24,1474,5,4,0
96,2,3,23,5,0,0,23,1,1,1.6209,36,1909,5,5,1
96,2,4,18,5,0,0,18,1,1,1.6309,30,1630,5,4,1
96,2,5,22,6,0,0,22,1,1,0.9709,35,2134,3,3,0
96,3,-6,25,4,45,45,25,1,1,3.1035,86,7867,9,8,2
96,3,-5,19,5,2,2,19,1,1,1.6920,56,5079,6,6,0
96,3,-4,27,7,0,0,27,1,1,2.2910,80,7511,11,7,1
96,3,-3,25,6,0,0,25,1,1,1.8132,73,6889,8,7,1
96,3,-2,22,7,0,0,22,1,1,1.2509,53,4314,4,4,0
96,3,-1,16,5,0,0,16,1,1,1.1923,45,3757,9,8,2
96,3,0,20,7,0,0,20,1,1,0.7509,37,2763,1,3,0
96,3,1,22,3,0,0,22,1,1,0.9209,42,3463,3,5,0
96,4,-3,24,6,0,0,24,1,1,3.6527,72,6824,7,5,1
97,-7,6,23,4,0,0,23,1,1,0.3310,26,1562,0,2,0
97,-7,7,19,10,0,0,19,1,1,0.7109,24,1141,4,3,0
97,-7,8,15,5,0,0,15,1,1,0.4109,21,1259,1,2,0
97,-6,2,23,7,0,0,23,1,1,0.2109,22,924,0,1,0
97,-6,3,23,5,0,0,23,1,1,0.2120,22,816,0,1,0
97,-6,4,24,3,0,0,24,1,1,0.3509,26,890,3,2,0
97,-6,5,15,5,0,0,15,1,1,0.1323,14,475,0,1,0
97,-6,6,18,7,0,0,18,1,1,0.2609,18,704,1,2,0
97,-6,7,20,4,0,0,20,1,1,0.1809,19,936,0,1,0
97,-6,8,21,5,0,0,21,1,1,0.5909,27,1621,1,3,0
97,-5,-2,25,5,0,0,25,1,1,0.7910,43,3294,1,3,0
97,-5,-1,36,3,0,0,36,1,1,2.5810,68,4640,8,5,1
97,-5,0,29,3,0,0,29,1,1,0.2716,28,1603,0,1,0
97,-5,1,21,7,0,0,21,1,1,0.3609,21,746,1,2,0
97,-5,2,19,7,0,0,19,1,1,0.9509,26,653,7,4,1
97,-5,3,24,7,0,0,24,1,1,0.2209,23,515,0,1,0
97,-5,4,24,8,0,0,24,1,1,0.2209,23,501,0,1,0
97,-5,5,21,7,0,0,21,1,1,1.9709,31,701,9,4,2
97,-5,6,22,5,0,0,22,1,1,1.4609,29,863,7,4,2
97,-5,7,28,7,0,0,28,1,1,0.2610,27,896,0,1,0
97,-5,8,18,4,0,0,18,1,1,0.3009,19,1015,2,2,0
97,-5,9,16,5,0,0,16,1,1,0.5918,22,1323,2,4,0
97,-4,-3,25,7,0,0,25,1,1,1.1509,53,4202,1,3,0
97,-4,-2,16,5,0,0,16,1,1,0.6126,28,2112,5,5,1
97,-4,-1,26,4,0,0,26,1,1,0.3612,28,1541,1,2,0
97,-4,0,24,6,0,0,24,1,1,0.4509,26,987,3,2,0
97,-4,1,21,6,0,0,21,1,1,0.2510,21,523,1,2,0
97,-4,2,12,9,0,0,12,1,1,0.1009,11,188,0,1,0
97,-4,3,20,7,0,0,20,1,1,3.5711,24,443,4,4,1
97,-4,4,20,5,0,0,20,1,1,1.3209,24,452,4,4,1
97,-4,5,23,4,0,0,23,1,1,0.6509,25,533,3,2,0
97,-4,6,25,4,0,0,25,1,1,0.4709,26,679,2,2,0
97,-4,7,13,3,0,0,13,1,1,0.2309,14,496,2,2,0
97,-4,8,25,7,0,0,25,1,1,0.6909,26,1180,2,2,0
97,-3,-3,13,6,0,0,13,1,1,0.3309,22,1638,0,3,0
97,-3,-2,20,7,0,0,20,1,1,0.4411,28,1664,1,3,0
97,-3,-1,13,2,0,0,13,1,1,0.1110,12,629,0,1,0
97,-3,0,23,6,0,0,22,0,1,-1.0000,159,5988,137,136,0
97,-3,1,20,4,0,0,20,1,1,0.5209,21,429,2,3,0
97,-3,2,18,5,0,0,18,1,1,0.1609,17,297,0,1,0
97,-3,3,22,5,0,0,22,1,1,0.9109,26,460,3,4,1
97,-3,4,23,6,0,0,23,1,1,0.3809,24,419,2,2,0
97,-3,5,15,4,0,0,15,1,1,0.4009,16,271,2,3,0
97,-3,6,20,5,0,0,20,1,1,0.1809,19,420,0,1,0
97,-3,7,23,5,0,0,23,1,1,0.8609,25,702,3,3,0
97,-2,-3,19,6,0,0,19,1,1,0.8832,38,3040,4,5,1
97,-2,-2,20,7,0,0,20,1,1,0.4709,26,1333,3,2,0
97,-2,-1,20,5,0,0,20,1,1,0.1828,19,917,0,1,0
97,-2,0,23,5,0,0,23,1,1,0.4309,23,686,1,2,0
97,-2,1,35,4,0,0,35,1,1,0.6110,35,886,1,2,0
97,-2,2,24,4,0,0,24,1,1,0.4409,24,462,1,2,0
97,-2,3,20,7,0,0,20,1,1,0.3709,20,345,1,2,0
97,-2,4,24,5,0,0,24,1,1,2.2609,34,637,9,5,2
97,-2,5,17,5,0,0,17,1,1,1.0609,24,453,5,4,1
97,-2,6,27,5,0,0,27,1,1,1.1609,35,935,7,4,1
97,-2,7,22,5,0,0,22,1,1,1.0610,27,930,5,5,1
97,-1,-4,17,5,0,0,17,1,1,0.8810,38,3073,2,4,0
97,-1,-3,21,7,0,0,21,1,1,1.1909,43,3114,5,5,1
97,-1,-2,24,7,0,0,24,1,1,0.6709,34,2022,1,3,0
97,-1,-1,14,4,0,0,14,1,1,0.1410,14,621,1,2,0
97,-1,0,23,7,0,0,23,1,1,0.3809,23,702,1,2,0
97,-1,1,22,8,0,0,22,1,1,0.8009,25,534,4,3,0
97,-1,2,17,10,0,0,17,1,1,0.1509,16,332,0,1,0
97,-1,3,25,4,0,0,25,1,1,0.5509,29,607,5,2,0
97,-1,4,20,7,0,0,20,1,1,0.8809,24,438,4,4,1
97,-1,5,22,10,0,0,22,1,1,0.4109,22,469,1,2,0
97,-1,6,21,5,0,0,21,1,1,0.5609,24,675,4,3,0
97,0,-4,22,4,0,0,22,1,1,1.8509,65,5708,10,7,2
97,0,-3,18,4,0,0,18,1,1,0.4514,32,2405,0,3,0
97,0,-2,16,4,0,0,16,1,1,0.3809,25,1743,2,3,0
97,0,-1,21,5,0,0,21,1,1,1.5209,28,1294,4,4,1
97,0,0,27,5,0,0,27,1,1,1.2309,35,1558,5,4,1
97,0,1,13,3,0,0,13,1,1,0.7509,20,645,5,6,1
97,0,2,21,5,0,0,21,1,1,0.3809,24,657,4,2,0
97,0,3,22,4,0,0,22,1,1,0.2009,21,510,0,1,0
97,0,4,25,7,0,0,25,1,1,0.4709,26,781,2,2,0
97,0,5,17,7,0,0,17,1,1,0.6409,20,555,3,4,1
97,0,6,24,3,0,0,24,1,1,0.4109,25,1460,2,2,0
97,1,-5,13,4,1,1,13,1,1,1.5510,52,4837,8,9,2
97,1,-4,27,5,0,0,27,1,1,1.5509,66,5818,4,4,0
97,1,-3,22,5,0,0,22,1,1,0.6712,38,3093,0,3,0
97,1,-2,24,5,0,0,24,1,1,1.3709,49,3465,4,6,0
97,1,-1,20,5,0,0,18,0,1,-1.0000,186,7610,159,157,0
97,1,0,18,4,0,0,18,1,1,0.2409,19,1033,0,2,0
97,1,1,21,4,0,0,21,1,1,0.5909,23,1081,3,3,0
97,1,2,27,5,0,0,27,1,1,1.0809,34,1484,7,4,1
97,1,3,17,6,0,0,17,1,1,0.4509,19,804,3,2,0
97,1,4,18,7,0,0,18,1,1,0.5009,19,943,2,3,0
97,1,5,19,5,0,0,19,1,1,0.4409,23,1018,2,3,0
97,2,-5,18,7,0,0,18,1,1,1.4817,47,4336,6,5,0
97,2,-4,23,4,0,0,23,1,1,1.3015,62,5812,5,5,0
97,2,-3,15,4,0,0,15,1,1,1.0809,46,3888,7,8,1
97,2,-2,21,3,0,0,21,1,1,0.6712,37,2872,0,3,0
97,2,-1,31,5,0,0,31,1,1,0.9809,59,4368,4,4,0
97,2,0,32,4,0,0,32,1,1,1.2309,53,3173,7,4,0
97,2,1,19,5,0,0,19,1,1,0.7109,26,1478,2,3,0
97,2,2,17,3,0,0,17,1,1,0.3114,19,1112,0,2,0
97,2,3,23,5,0,0,23,1,1,0.8709,30,1736,3,4,0
97,2,4,18,5,0,0,18,1,1,0.6709,29,1890,5,4,0
97,2,5,22,6,0,0,22,1,1,1.3909,38,2223,6,5,0
97,3,-6,25,4,42,42,25,1,1,1.6633,63,5631,2,4,0
97,3,-5,19,5,7,7,19,1,1,2.1425,63,5764,9,8,1
97,3,-4,27,7,0,0,27,1,1,3.3309,88,7767,9,10,1
97,3,-3,25,6,0,0,25,1,1,1.5415,63,6041,7,6,0
97,3,-2,22,7,0,0,22,1,1,1.4609,61,5194,8,7,2
97,3,-1,16,5,0,0,16,1,1,0.7309,33,2631,3,5,0
97,3,0,20,7,0,0,20,1,1,1.7133,57,4299,11,9,2
97,3,1,22,3,0,0,22,1,1,0.8009,41,3344,1,4,0
97,4,-3,24,6,0,0,23,0,1,-1.0000,193,20013,131,130,1
98,-7,6,23,4,0,0,23,1,1,2.1909,29,1581,4,4,1
98,-7,7,19,10,0,0,19,1,1,0.5309,22,1037,1,2,0
98,-7,8,15,5,0,0,15,1,1,8.6709,85,7699,64,62,0
98,-6,2,23,7,0,0,23,1,1,0.4309,23,995,1,2,0
98,-6,3,23,5,0,0,23,1,1,1.7309,36,1193,10,7,2
98,-6,4,24,3,0,0,24,1,1,0.4509,24,790,1,2,0
98,-6,5,15,5,0,0,15,1,1,0.2309,16,532,2,2,0
98,-6,6,18,7,0,0,18,1,1,0.4309,19,659,2,2,0
98,-6,7,20,4,0,0,20,1,1,0.3709,20,993,1,2,0
98,-6,8,21,5,0,0,21,1,1,0.5909,29,1814,4,3,0
98,-5,-2,25,5,0,0,25,1,1,1.9911,67,5199,14,8,3
98,-5,-1,36,3,0,0,36,1,1,2.2310,65,4367,5,5,1
98,-5,0,29,3,0,0,29,1,1,1.1116,33,1917,4,3,0
98,-5,1,21,7,0,0,21,1,1,0.7609,25,841,5,4,0
98,-5,2,19,7,0,0,19,1,1,0.3509,21,518,3,2,0
98,-5,3,24,7,0,0,24,1,1,0.6809,25,554,2,2,0
98,-5,4,24,8,0,0,24,1,1,0.2209,23,512,0,1,0
98,-5,5,21,7,0,0,21,1,1,0.1909,20,481,0,1,0
98,-5,6,22,5,0,0,22,1,1,4.1909,51,1860,26,20,2
98,-5,7,28,7,0,0,28,1,1,0.2609,27,907,0,1,0
98,-5,8,18,4,0,0,18,1,1,0.1610,17,877,0,1,0
98,-5,9,16,5,0,0,16,1,1,0.5914,23,1287,4,4,0
98,-4,-3,25,7,0,0,25,1,1,1.1509,52,4300,2,3,0
98,-4,-2,16,5,0,0,16,1,1,0.4209,24,1625,1,3,0
98,-4,-1,26,4,0,0,26,1,1,0.4809,28,1555,1,2,0
98,-4,0,24,6,0,0,24,1,1,0.2209,23,843,0,1,0
98,-4,1,21,6,0,0,21,1,1,0.1909,20,506,0,1,0
98,-4,2,12,9,0,0,12,1,1,0.3209,13,228,2,3,0
98,-4,3,20,7,0,0,20,1,1,0.5309,21,393,2,3,0
98,-4,4,20,5,0,0,20,1,1,1.3209,25,464,4,4,1
98,-4,5,23,4,0,0,23,1,1,0.4309,24,533,2,2,0
98,-4,6,25,4,0,0,25,1,1,0.7109,29,728,5,3,0
98,-4,7,13,3,0,0,13,1,1,0.2309,14,443,2,2,0
98,-4,8,25,7,0,0,25,1,1,0.4509,25,1133,1,2,0
98,-3,-3,13,6,0,0,13,1,1,2.0126,28,1881,5,4,1
98,-3,-2,20,7,0,0,20,1,1,0.3709,25,1499,1,2,0
98,-3,-1,13,2,0,0,13,1,1,0.1109,12,612,0,1,0
98,-3,0,23,6,0,0,22,0,1,-1.0000,167,4980,140,136,1
98,-3,1,20,4,0,0,20,1,1,0.1809,19,390,0,1,0
98,-3,2,18,5,0,0,18,1,1,0.1609,17,302,0,1,0
98,-3,3,22,5,0,0,22,1,1,0.3109,22,390,1,2,0
98,-3,4,23,6,0,0,23,1,1,0.6409,28,498,6,3,0
98,-3,5,15,4,0,0,15,1,1,0.4009,16,289,2,3,0
98,-3,6,20,5,0,0,20,1,1,0.1809,19,407,0,1,0
98,-3,7,23,5,0,0,23,1,1,0.4209,24,702,2,2,0
98,-2,-3,19,6,0,0,19,1,1,0.4909,31,2452,1,3,0
98,-2,-2,20,7,0,0,18,0,1,-1.0000,182,6223,157,158,0
98,-2,-1,20,5,0,0,20,1,1,0.1828,19,943,0,1,0
98,-2,0,23,5,0,0,23,1,1,0.4309,23,663,1,2,0
98,-2,1,35,4,0,0,35,1,1,2.3110,39,934,4,4,1
98,-2,2,24,4,0,0,24,1,1,2.2209,29,550,5,4,1
98,-2,3,20,7,0,0,20,1,1,1.1309,25,437,6,5,0
98,-2,4,24,5,0,0,24,1,1,1.5709,35,633,11,7,3
98,-2,5,17,5,0,0,17,1,1,0.4709,18,340,2,3,0
98,-2,6,27,5,0,0,27,1,1,0.5009,28,712,2,2,0
98,-2,7,22,5,0,0,22,1,1,1.2613,28,1178,6,6,1
98,-1,-4,17,5,0,0,17,1,1,0.6312,37,2975,1,4,0
98,-1,-3,21,7,0,0,21,1,1,1.1909,43,3057,5,5,1
98,-1,-2,24,7,0,0,24,1,1,1.3609,47,2605,9,5,1
98,-1,-1,14,4,0,0,14,1,1,0.5409,18,691,4,4,1
98,-1,0,23,7,0,0,23,1,1,0.3809,23,685,1,2,0
98,-1,1,22,8,0,0,22,1,1,0.3809,22,506,1,2,0
98,-1,2,17,10,0,0,17,1,1,0.1509,16,332,0,1,0
98,-1,3,25,4,0,0,25,1,1,0.2309,24,501,0,1,0
98,-1,4,20,7,0,0,20,1,1,0.2809,20,378,1,2,0
98,-1,5,22,10,0,0,22,1,1,5.0309,44,830,23,23,0
98,-1,6,21,5,0,0,21,1,1,2.7609,43,1053,17,13,2
98,0,-4,22,4,0,0,22,1,1,1.1133,54,4772,4,5,0
98,0,-3,18,4,0,0,18,1,1,0.7912,36,2709,4,5,0
98,0,-2,16,4,0,0,16,1,1,0.5910,27,1633,3,4,0
98,0,-1,21,5,0,0,21,1,1,2.5209,42,1794,14,8,3
98,0,0,27,5,0,0,27,1,1,0.7109,31,1409,5,3,0
98,0,1,13,3,0,0,13,1,1,0.2321,14,533,2,2,0
98,0,2,21,5,0,0,21,1,1,1.8509,25,643,3,4,1
98,0,3,22,4,0,0,22,1,1,0.4109,22,521,1,2,0
98,0,4,25,7,0,0,25,1,1,0.4709,26,819,2,2,0
98,0,5,17,7,0,0,17,1,1,0.3109,17,520,1,2,0
98,0,6,24,3,0,0,24,1,1,0.4109,26,1539,3,2,0
98,1,-5,13,4,2,2,13,1,1,0.9510,40,3739,4,8,1
98,1,-4,27,5,0,0,27,1,1,3.3709,84,7383,15,8,1
98,1,-3,22,5,0,0,21,0,1,-1.0000,193,18029,147,143,1
98,1,-2,24,5,0,0,24,1,1,2.7509,54,3585,12,7,0
98,1,-1,20,5,0,0,20,1,1,0.9521,34,2361,5,5,1
98,1,0,18,4,0,0,18,1,1,0.2409,19,997,0,2,0
98,1,1,21,4,0,0,21,1,1,0.2909,22,1092,2,2,0
98,1,2,27,5,0,0,27,1,1,1.2509,35,1818,7,4,1
98,1,3,17,6,0,0,17,1,1,0.2909,18,724,2,2,0
98,1,4,18,7,0,0,18,1,1,1.2009,28,1176,9,6,2
98,1,5,19,5,0,0,19,1,1,0.3511,21,1000,1,2,0
98,2,-5,18,7,1,1,18,1,1,1.0123,42,3775,1,4,0
98,2,-4,23,4,0,0,23,1,1,1.5213,62,5628,5,5,0
98,2,-3,15,4,0,0,15,1,1,1.3609,44,3848,8,9,2
98,2,-2,21,3,0,0,21,1,1,1.3312,47,3609,4,6,1
98,2,-1,31,5,0,0,31,1,1,0.8909,56,4349,1,3,0
98,2,0,32,4,0,0,32,1,1,1.2309,51,3004,4,4,0
98,2,1,19,5,0,0,19,1,1,0.5309,27,1606,2,3,0
98,2,2,17,3,0,0,17,1,1,0.3115,19,1079,0,2,0
98,2,3,23,5,0,0,23,1,1,0.6510,29,1606,1,3,0
98,2,4,18,5,0,0,18,1,1,0.4409,25,1533,1,2,0
98,2,5,22,6,0,0,22,1,1,0.4109,32,2033,0,2,0
98,3,-6,25,4,50,50,25,1,1,3.5836,77,7136,8,8,1
98,3,-5,19,5,6,6,19,1,1,2.8627,62,5825,7,8,1
98,3,-4,27,7,0,0,27,1,1,1.7711,70,6464,2,4,0
98,3,-3,25,6,0,0,25,1,1,3.7017,64,5873,6,5,1
98,3,-2,22,7,0,0,22,1,1,1.8809,88,7314,15,7,3
98,3,-1,16,5,0,0,16,1,1,0.5809,30,2374,0,3,0
98,3,0,20,7,0,0,20,1,1,0.9409,41,3163,5,4,0
98,3,1,22,3,0,0,22,1,1,1.2209,43,3509,4,5,0
98,4,-3,24,6,0,0,24,1,1,3.1923,70,6683,8,10,2
99,-7,6,23,4,0,0,23,1,1,0.3209,25,1567,1,2,0
99,-7,7,19,10,0,0,19,1,1,1.6109,26,1058,7,8,0
99,-7,8,15,5,0,0,15,1,1,0.6909,24,1393,4,3,0
99,-6,2,23,7,0,0,23,1,1,1.0909,32,1272,4,4,1
99,-6,3,23,5,0,0,23,1,1,1.0709,29,996,6,4,1
99,-6,4,24,3,0,0,24,1,1,0.2209,23,790,0,1,0
99,-6,5,15,5,0,0,15,1,1,0.5109,21,719,5,4,1
99,-6,6,18,7,0,0,18,1,1,0.1609,17,678,0,1,0
99,-6,7,20,4,0,0,20,1,1,0.8309,25,1359,3,4,1
99,-6,8,21,5,0,0,21,1,1,0.5909,26,1697,1,3,0
99,-5,-2,25,5,0,0,25,1,1,1.2710,46,3534,4,4,0
99,-5,-1,36,3,0,0,36,1,1,1.3210,62,4160,5,4,0
99,-5,0,29,3,0,0,29,1,1,0.2716,28,1587,0,1,0
99,-5,1,21,7,0,0,21,1,1,0.5609,22,786,2,2,0
99,-5,2,19,7,0,0,19,1,1,0.1709,18,469,0,1,0
99,-5,3,24,7,0,0,24,1,1,0.9109,28,648,5,3,0
99,-5,4,24,8,0,0,24,1,1,0.9109,28,634,5,3,0
99,-5,5,21,7,0,0,21,1,1,1.3709,25,601,4,4,1
99,-5,6,22,5,0,0,22,1,1,1.0409,30,917,6,4,1
99,-5,7,28,7,0,0,28,1,1,0.5109,28,962,1,2,0
99,-5,8,18,4,0,0,18,1,1,0.1609,17,855,0,1,0
99,-5,9,16,5,0,0,16,1,1,0.5811,22,1299,3,4,0
99,-4,-3,25,7,0,0,25,1,1,2.8309,73,5819,13,11,2
99,-4,-2,16,5,0,0,16,1,1,0.5709,26,1895,3,4,0
99,-4,-1,26,4,0,0,26,1,1,1.2309,32,1608,5,3,0
99,-4,0,24,6,0,0,24,1,1,0.4509,25,880,2,2,0
99,-4,1,21,6,0,0,21,1,1,0.8209,24,587,3,4,1
99,-4,2,12,9,0,0,12,1,1,0.1009,11,188,0,1,0
99,-4,3,20,7,0,0,20,1,1,2.4309,25,463,5,5,1
99,-4,4,20,5,0,0,20,1,1,0.5609,21,380,2,2,0
99,-4,5,23,4,0,0,23,1,1,0.2109,22,504,0,1,0
99,-4,6,25,4,0,0,25,1,1,0.4709,27,721,3,2,0
99,-4,7,13,3,0,0,13,1,1,0.7709,20,590,6,4,2
99,-4,8,25,7,0,0,25,1,1,0.4712,25,1180,1,2,0
99,-3,-3,13,6,0,0,13,1,1,0.3309,22,1604,0,3,0
99,-3,-2,20,7,0,0,20,1,1,0.7509,31,1884,5,4,0
99,-3,-1,13,2,0,0,13,1,1,0.1811,13,645,1,2,0
99,-3,0,23,6,0,0,23,1,1,0.6309,25,741,3,3,0
99,-3,1,20,4,0,0,20,1,1,0.3309,20,414,1,2,0
99,-3,2,18,5,0,0,18,1,1,1.1009,30,523,12,7,1
99,-3,3,22,5,0,0,22,1,1,0.2009,21,372,0,1,0
99,-3,4,23,6,0,0,23,1,1,0.2110,22,399,0,1,0
99,-3,5,15,4,0,0,15,1,1,0.2609,16,287,2,2,0
99,-3,6,20,5,0,0,20,1,1,0.3709,20,430,1,2,0
99,-3,7,23,5,0,0,23,1,1,0.2120,22,640,0,1,0
99,-2,-3,19,6,0,0,19,1,1,0.8509,35,2731,3,5,1
99,-2,-2,20,7,0,0,20,1,1,0.9409,28,1506,4,5,0
99,-2,-1,20,5,0,0,20,1,1,0.8309,28,1349,5,4,1
99,-2,0,23,5,0,0,23,1,1,1.0909,29,790,3,4,1
99,-2,1,35,4,0,0,35,1,1,0.6710,38,956,4,2,0
99,-2,2,24,4,0,0,24,1,1,1.4611,29,536,5,4,1
99,-2,3,20,7,0,0,20,1,1,0.3709,20,356,1,2,0
99,-2,4,24,5,0,0,24,1,1,1.1109,36,641,9,4,3
99,-2,5,17,5,0,0,17,1,1,0.4209,18,326,2,2,0
99,-2,6,27,5,0,0,27,1,1,1.1609,36,915,8,4,1
99,-2,7,22,5,0,0,22,1,1,1.1109,32,1033,8,4,1
99,-1,-4,17,5,0,0,17,1,1,1.2010,51,4346,9,8,1
99,-1,-3,21,7,0,0,21,1,1,1.4009,44,3161,10,5,2
99,-1,-2,24,7,0,0,24,1,1,0.9009,36,2168,3,3,0
99,-1,-1,14,4,0,0,14,1,1,0.2209,14,705,1,2,0
99,-1,0,23,7,0,0,23,1,1,0.6909,26,884,4,4,1
99,-1,1,22,8,0,0,22,1,1,4.1609,30,621,8,5,2
99,-1,2,17,10,0,0,17,1,1,0.3109,19,379,3,2,0
99,-1,3,25,4,0,0,25,1,1,0.3109,25,525,1,2,0
99,-1,4,20,7,0,0,20,1,1,0.3109,20,404,1,2,0
99,-1,5,22,10,0,0,22,1,1,0.6209,25,513,4,3,0
99,-1,6,21,5,0,0,21,1,1,0.1923,20,550,0,1,0
99,0,-4,22,4,0,0,22,1,1,1.0109,54,4638,4,5,0
99,0,-3,18,4,0,0,18,1,1,1.9235,46,3593,8,11,1
99,0,-2,16,4,0,0,16,1,1,0.5616,25,1575,2,4,0
99,0,-1,21,5,0,0,21,1,1,0.3910,25,1252,2,2,0
99,0,0,27,5,0,0,27,1,1,0.7109,32,1487,6,3,0
99,0,1,13,3,0,0,13,1,1,0.1123,12,465,0,1,0
99,0,2,21,5,0,0,21,1,1,1.3809,28,681,6,4,1
99,0,3,22,4,0,0,22,1,1,0.7609,29,722,7,4,1
99,0,4,25,7,0,0,25,1,1,0.9509,33,1078,8,4,2
99,0,5,17,7,0,0,17,1,1,0.3109,17,513,1,2,0
99,0,6,24,3,0,0,24,1,1,0.4109,24,1496,1,2,0
99,1,-5,13,4,3,3,13,1,1,1.1911,40,3527,9,6,1
99,1,-4,27,5,0,0,27,1,1,2.5909,77,7078,7,8,1
99,1,-3,22,5,0,0,22,1,1,5.0812,69,5960,24,24,0
99,1,-2,24,5,0,0,24,1,1,2.2909,53,3358,8,5,2
99,1,-1,20,5,0,0,20,1,1,0.5609,27,1837,2,3,0
99,1,0,18,4,0,0,18,1,1,0.2909,20,1068,1,2,0
99,1,1,21,4,0,0,21,1,1,9.3509,67,4166,45,45,1
99,1,2,27,5,0,0,27,1,1,0.4911,27,1321,1,2,0
99,1,3,17,6,0,0,17,1,1,0.1528,16,721,0,1,0
99,1,4,18,7,0,0,18,1,1,0.3622,19,926,2,3,0
99,1,5,19,5,0,0,19,1,1,0.3511,22,1071,1,2,0
99,2,-5,18,7,1,1,18,1,1,1.3524,45,4015,3,5,0
99,2,-4,23,4,0,0,23,1,1,1.7421,62,5780,5,6,1
99,2,-3,15,4,0,0,15,1,1,1.3609,43,3630,9,6,0
99,2,-2,21,3,0,0,21,1,1,0.6710,37,2960,1,3,0
99,2,-1,31,5,0,0,31,1,1,1.5809,63,4876,8,6,0
99,2,0,32,4,0,0,32,1,1,1.5409,51,3066,5,4,0
99,2,1,19,5,0,0,19,1,1,0.8909,32,1966,4,5,1
99,2,2,17,3,0,0,17,1,1,0.3113,19,1072,0,2,0
99,2,3,23,5,0,0,23,1,1,0.4309,26,1456,0,2,0
99,2,4,18,5,0,0,18,1,1,0.6109,30,1729,5,3,0
99,2,5,22,6,0,0,22,1,1,0.5509,33,2098,1,3,0
99,3,-6,25,4,33,33,25,1,1,2.8632,79,7213,5,9,1
99,3,-5,19,5,10,10,19,1,1,1.7823,54,4998,4,6,0
99,3,-4,27,7,0,0,27,1,1,6.4630,91,8217,13,10,2
99,3,-3,25,6,0,0,25,1,1,1.7120,66,6135,6,7,1
99,3,-2,22,7,0,0,22,1,1,2.3009,89,7539,19,9,3
99,3,-1,16,5,0,0,16,1,1,1.3309,35,2586,6,5,0
99,3,0,20,7,0,0,20,1,1,0.7509,36,2829,1,4,0
99,3,1,22,3,0,0,22,1,1,5.8409,73,6016,29,27,2
99,4,-3,24,6,0,0,24,1,1,3.6518,86,8256,12,14,2
100,-7,6,23,4,0,0,23,1,1,0.6509,27,1614,2,2,0
100,-7,7,19,10,0,0,19,1,1,0.8909,23,1061,3,3,0
100,-7,8,15,5,0,0,15,1,1,0.3009,22,1276,2,2,0
100,-6,2,23,7,0,0,23,1,1,0.5210,25,1086,3,3,0
100,-6,3,23,5,0,0,23,1,1,0.2125,22,774,0,1,0
100,-6,4,24,3,0,0,24,1,1,1.1709,32,1152,8,5,1
100,-6,5,15,5,0,0,15,1,1,0.2309,15,504,1,2,0
100,-6,6,18,7,0,0,18,1,1,0.3309,19,712,2,2,0
100,-6,7,20,4,0,0,20,1,1,1.2109,27,1492,5,5,1
100,-6,8,21,5,0,0,21,1,1,0.7909,29,1747,2,4,0
100,-5,-2,25,5,0,0,25,1,1,1.5110,54,4122,6,5,1
100,-5,-1,36,3,0,0,36,1,1,3.1610,75,4990,12,6,3
100,-5,0,29,3,0,0,29,1,1,1.8809,37,1968,8,4,1
100,-5,1,21,7,0,0,21,1,1,0.1924,20,721,0,1,0
100,-5,2,19,7,0,0,19,1,1,0.2309,19,475,1,2,0
100,-5,3,24,7,0,0,24,1,1,0.4509,24,533,1,2,0
100,-5,4,24,8,0,0,24,1,1,0.2809,24,509,1,2,0
100,-5,5,21,7,0,0,21,1,1,0.3709,21,542,1,2,0
100,-5,6,22,5,0,0,22,1,1,1.1309,27,788,6,5,0
100,-5,7,28,7,0,0,28,1,1,0.5109,28,972,1,2,0
100,-5,8,18,4,0,0,18,1,1,0.3310,19,1016,2,2,0
100,-5,9,16,5,0,0,16,1,1,0.4009,21,1151,1,3,0
100,-4,-3,25,7,0,0,25,1,1,2.3510,58,4484,4,7,1
100,-4,-2,16,5,0,0,16,1,1,0.8709,34,2368,5,5,1
100,-4,-1,26,4,0,0,26,1,1,0.4809,28,1511,1,2,0
100,-4,0,24,6,0,0,24,1,1,0.4509,25,862,2,2,0
100,-4,1,21,6,0,0,21,1,1,0.9909,25,635,4,4,1
100,-4,2,12,9,0,0,12,1,1,0.1009,11,192,0,1,0
100,-4,3,20,7,0,0,20,1,1,0.1811,19,373,0,1,0
100,-4,4,20,5,0,0,20,1,1,1.3209,29,547,6,4,2
100,-4,5,23,4,0,0,23,1,1,1.5309,29,635,6,4,1
100,-4,6,25,4,0,0,24,0,1,-1.0000,149,4269,125,125,0
100,-4,7,13,3,0,0,13,1,1,0.7709,17,495,4,4,1
100,-4,8,25,7,0,0,25,1,1,0.7110,27,1192,3,3,0
100,-3,-3,13,6,0,0,13,1,1,2.0129,29,2034,5,5,1
100,-3,-2,20,7,0,0,20,1,1,0.5609,29,1774,4,3,0
100,-3,-1,13,2,0,0,13,1,1,0.1109,12,635,0,1,0
100,-3,0,23,6,0,0,23,1,1,1.4509,27,722,4,4,1
100,-3,1,20,4,0,0,20,1,1,0.8409,28,543,6,4,1
100,-3,2,18,5,0,0,18,1,1,0.4209,19,335,2,2,0
100,-3,3,22,5,0,0,22,1,1,1.3109,31,532,7,4,2
100,-3,4,23,6,0,0,23,1,1,0.3109,23,397,1,2,0
100,-3,5,15,4,0,0,15,1,1,1.3809,25,437,9,10,0
100,-3,6,20,5,0,0,20,1,1,0.9409,27,575,4,4,1
100,-3,7,23,5,0,0,23,1,1,0.6409,27,736,5,3,0
100,-2,-3,19,6,0,0,19,1,1,0.5211,31,2392,0,3,0
100,-2,-2,20,7,0,0,20,1,1,0.9409,28,1439,4,5,0
100,-2,-1,20,5,0,0,20,1,1,24.2809,153,9617,130,128,1
100,-2,0,23,5,0,0,23,1,1,0.6509,24,673,2,3,0
100,-2,1,35,4,0,0,35,1,1,0.6710,36,920,2,2,0
100,-2,2,24,4,0,0,24,1,1,0.4511,24,478,1,2,0
100,-2,3,20,7,0,0,20,1,1,0.9409,27,482,3,4,1
100,-2,4,24,5,0,0,24,1,1,0.2211,23,410,0,1,0
100,-2,5,17,5,0,0,17,1,1,0.1509,16,310,0,1,0
100,-2,6,27,5,0,0,27,1,1,0.5009,28,720,2,2,0
100,-2,7,22,5,0,0,22,1,1,1.6109,27,923,6,4,1
100,-1,-4,17,5,0,0,17,1,1,1.2612,42,3436,4,5,1
100,-1,-3,21,7,0,0,21,1,1,0.5909,33,2464,1,3,0
100,-1,-2,24,7,0,0,24,1,1,2.2809,38,2129,4,4,1
100,-1,-1,14,4,0,0,14,1,1,0.1524,14,684,1,2,0
100,-1,0,23,7,0,0,23,1,1,0.2114,22,656,0,1,0
100,-1,1,22,8,0,0,22,1,1,0.4109,23,523,2,2,0
100,-1,2,17,10,0,0,17,1,1,0.1509,16,321,0,1,0
100,-1,3,25,4,0,0,25,1,1,0.5509,27,570,3,3,0
100,-1,4,20,7,0,0,20,1,1,0.1809,19,362,0,1,0
100,-1,5,22,10,0,0,22,1,1,0.4109,23,504,2,2,0
100,-1,6,21,5,0,0,21,1,1,0.9609,26,738,5,4,1
100,0,-4,22,4,0,0,22,1,1,2.3132,64,5736,8,9,2
100,0,-3,18,4,0,0,18,1,1,0.5510,32,2478,1,4,0
100,0,-2,16,4,0,0,16,1,1,0.4213,25,1650,2,3,0
100,0,-1,21,5,0,0,21,1,1,1.3209,25,1201,3,4,1
100,0,0,27,5,0,0,27,1,1,0.4509,27,1086,1,2,0
100,0,1,13,3,0,0,13,1,1,0.9909,23,782,9,6,2
100,0,2,21,5,0,0,21,1,1,0.2509,21,582,1,2,0
100,0,3,22,4,0,0,22,1,1,1.3909,35,824,10,4,2
100,0,4,25,7,0,0,25,1,1,0.4709,25,746,1,2,0
100,0,5,17,7,0,0,17,1,1,0.3109,17,481,1,2,0
100,0,6,24,3,0,0,24,1,1,1.1709,29,1784,5,5,1
100,1,-5,13,4,4,4,13,1,1,0.7111,34,3079,2,4,0
100,1,-4,27,5,0,0,27,1,1,14.5509,121,11116,54,56,2
100,1,-3,22,5,0,0,22,1,1,1.4609,43,3332,4,4,0
100,1,-2,24,5,0,0,24,1,1,5.0509,70,3872,23,19,1
100,1,-1,20,5,0,0,20,1,1,0.5829,28,1896,2,4,0
100,1,0,18,4,0,0,18,1,1,0.4109,22,1253,3,3,0
100,1,1,21,4,0,0,21,1,1,0.1909,20,999,0,1,0
100,1,2,27,5,0,0,27,1,1,0.5609,28,1373,2,2,0
100,1,3,17,6,0,0,17,1,1,0.1524,16,691,0,1,0
100,1,4,18,7,0,0,18,1,1,0.1609,17,758,0,1,0
100,1,5,19,5,0,0,19,1,1,0.3511,20,990,0,2,0
100,2,-5,18,7,1,1,18,1,1,1.1418,43,3826,1,4,0
100,2,-4,23,4,0,0,23,1,1,1.5212,63,5835,6,4,0
100,2,-3,15,4,0,0,15,1,1,0.9409,39,3315,5,6,1
100,2,-2,21,3,0,0,21,1,1,0.6711,36,2867,0,3,0
100,2,-1,31,5,0,0,31,1,1,1.7909,63,4818,3,5,1
100,2,0,32,4,0,0,32,1,1,0.9209,49,2843,2,3,0
100,2,1,19,5,0,0,19,1,1,1.7909,38,2048,7,6,2
100,2,2,17,3,0,0,17,1,1,1.2109,29,1625,8,6,1
100,2,3,23,5,0,0,23,1,1,1.9209,43,2106,10,7,3
100,2,4,18,5,0,0,18,1,1,0.5315,26,1570,2,3,0
100,2,5,22,6,0,0,22,1,1,0.9709,35,2162,3,3,0
100,3,-6,25,4,27,27,25,1,1,2.1432,65,5837,5,4,0
100,3,-5,19,5,5,5,19,1,1,2.4130,62,5833,6,7,1
100,3,-4,27,7,0,0,27,1,1,1.7709,69,6294,1,4,0
100,3,-3,25,6,0,0,25,1,1,2.7420,80,7407,14,10,1
100,3,-2,22,7,0,0,22,1,1,0.8309,51,4282,2,4,0
100,3,-1,16,5,0,0,16,1,1,0.7309,32,2595,2,5,0
100,3,0,20,7,0,0,20,1,1,2.8409,41,3014,3,4,1
100,3,1,22,3,0,0,22,1,1,1.4309,55,4379,10,7,2
100,4,-3,24,6,0,0,24,1,1,2.0420,63,5948,1,4,0
101,-7,6,23,4,0,0,23,1,1,0.3338,25,1677,2,2,0
101,-7,7,19,10,0,0,19,1,1,2.6909,34,1386,12,5,2
101,-7,8,15,5,0,0,15,1,1,0.4109,21,1304,1,3,0
101,-6,2,23,7,0,0,23,1,1,0.2109,22,936,0,1,0
101,-6,3,23,5,0,0,23,1,1,0.4109,24,894,2,2,0
101,-6,4,24,3,0,0,24,1,1,0.9809,29,948,4,4,1
101,-6,5,15,5,0,0,15,1,1,0.1323,14,495,0,1,0
101,-6,6,18,7,0,0,18,1,1,0.3309,19,691,2,2,0
101,-6,7,20,4,0,0,20,1,1,0.2609,20,984,1,2,0
101,-6,8,21,5,0,0,21,1,1,2.3909,31,1662,5,4,1
101,-5,-2,25,5,0,0,25,1,1,0.9511,43,3448,2,4,0
101,-5,-1,36,3,0,0,36,1,1,3.1610,74,4997,11,5,3
101,-5,0,29,3,0,0,26,0,1,-1.0000,135,3412,107,108,0
101,-5,1,21,7,0,0,21,1,1,1.0009,27,905,6,5,1
101,-5,2,19,7,0,0,19,1,1,0.1709,18,451,0,1,0
101,-5,3,24,7,0,0,24,1,1,0.4509,24,532,1,2,0
101,-5,4,24,8,0,0,24,1,1,0.4509,24,549,1,2,0
101,-5,5,21,7,0,0,21,1,1,0.3709,21,487,1,2,0
101,-5,6,22,5,0,0,22,1,1,0.2009,21,627,0,1,0
101,-5,7,28,7,0,0,28,1,1,4.2909,42,1264,11,5,3
101,-5,8,18,4,0,0,18,1,1,0.2309,18,880,1,2,0
101,-5,9,16,5,0,0,16,1,1,0.8809,31,1789,6,5,2
101,-4,-3,25,7,0,0,25,1,1,3.1121,71,5653,13,12,1
101,-4,-2,16,5,0,0,16,1,1,0.6126,26,1921,3,5,1
101,-4,-1,26,4,0,0,26,1,1,0.9809,35,1968,5,4,1
101,-4,0,24,6,0,0,24,1,1,0.6809,26,906,3,3,0
101,-4,1,21,6,0,0,21,1,1,0.7909,23,581,3,3,0
101,-4,2,12,9,0,0,12,1,1,2.1909,15,250,4,4,1
101,-4,3,20,7,0,0,20,1,1,1.2909,32,591,9,6,0
101,-4,4,20,5,0,0,20,1,1,0.3709,20,376,1,2,0
101,-4,5,23,4,0,0,23,1,1,0.4309,23,506,1,2,0
101,-4,6,25,4,0,0,25,1,1,0.3209,25,637,1,2,0
101,-4,7,13,3,0,0,13,1,1,0.1109,12,396,0,1,0
101,-4,8,25,7,0,0,25,1,1,0.4509,25,1152,1,2,0
101,-3,-3,13,6,0,0,13,1,1,0.3425,23,1663,1,3,0
101,-3,-2,20,7,0,0,20,1,1,2.4609,38,2141,10,6,2
101,-3,-1,13,2,0,0,13,1,1,0.2609,16,840,4,3,0
101,-3,0,23,6,0,0,23,1,1,1.6709,33,932,7,6,2
101,-3,1,20,4,0,0,20,1,1,0.4609,21,430,2,3,0
101,-3,2,18,5,0,0,18,1,1,2.1210,24,411,5,4,1
101,-3,3,22,5,0,0,22,1,1,0.2009,21,368,0,1,0
101,-3,4,23,6,0,0,23,1,1,0.5309,24,429,2,2,0
101,-3,5,15,4,0,0,15,1,1,0.1909,16,302,2,2,0
101,-3,6,20,5,0,0,20,1,1,0.7509,23,499,4,3,0
101,-3,7,23,5,0,0,23,1,1,0.4209,23,655,1,2,0
101,-2,-3,19,6,0,0,19,1,1,0.5212,31,2405,0,3,0
101,-2,-2,20,7,0,0,20,1,1,0.3709,24,1203,0,2,0
101,-2,-1,20,5,0,0,20,1,1,0.8309,28,1264,5,4,1
101,-2,0,23,5,0,0,23,1,1,2.8809,34,838,9,4,3
101,-2,1,35,4,0,0,35,1,1,1.3910,40,985,5,4,1
101,-2,2,24,4,0,0,24,1,1,1.0709,29,553,5,4,1
101,-2,3,20,7,0,0,20,1,1,1.5109,24,419,4,4,1
101,-2,4,24,5,0,0,24,1,1,0.2211,23,423,0,1,0
101,-2,5,17,5,0,0,17,1,1,0.2609,17,327,1,2,0
101,-2,6,27,5,0,0,27,1,1,0.2515,26,679,0,1,0
101,-2,7,22,5,0,0,22,1,1,0.4009,23,739,2,2,0
101,-1,-4,17,5,0,0,17,1,1,0.6415,39,3290,3,5,0
101,-1,-3,21,7,0,0,21,1,1,1.3909,37,2659,3,4,1
101,-1,-2,24,7,0,0,24,1,1,2.0509,39,2023,7,7,0
101,-1,-1,14,4,0,0,14,1,1,0.2824,16,816,3,3,0
101,-1,0,23,7,0,0,23,1,1,0.6409,26,799,4,3,0
101,-1,1,22,8,0,0,22,1,1,1.0109,28,646,4,4,1
101,-1,2,17,10,0,0,17,1,1,0.9509,22,461,4,4,1
101,-1,3,25,4,0,0,25,1,1,0.3909,25,506,1,2,0
101,-1,4,20,7,0,0,20,1,1,0.1809,19,357,0,1,0
101,-1,5,22,10,0,0,22,1,1,1.4609,25,525,3,4,1
101,-1,6,21,5,0,0,21,1,1,0.3609,21,585,1,2,0
101,0,-4,22,4,0,0,22,1,1,2.0912,73,6583,10,9,2
101,0,-3,18,4,0,0,18,1,1,0.5610,34,2564,3,4,0
101,0,-2,16,4,0,0,16,1,1,0.8615,32,2066,9,5,1
101,0,-1,21,5,0,0,21,1,1,1.1209,27,1256,4,3,0
101,0,0,27,5,0,0,27,1,1,0.3809,27,1189,1,2,0
101,0,1,13,3,0,0,13,1,1,0.5309,17,664,4,4,1
101,0,2,21,5,0,0,21,1,1,0.1914,20,561,0,1,0
101,0,3,22,4,0,0,22,1,1,0.3409,22,534,1,2,0
101,0,4,25,7,0,0,25,1,1,0.4709,25,751,1,2,0
101,0,5,17,7,0,0,17,1,1,0.7909,23,631,4,4,1
101,0,6,24,3,0,0,24,1,1,0.6409,27,1666,4,3,0
101,1,-5,13,4,2,2,13,1,1,0.7111,35,3205,3,5,0
101,1,-4,27,5,0,0,27,1,1,2.1111,76,6563,9,8,1
101,1,-3,22,5,0,0,22,1,1,1.0409,43,3435,5,5,1
101,1,-2,24,5,0,0,24,1,1,1.6009,49,3502,6,5,0
101,1,-1,20,5,0,0,20,1,1,0.3709,27,1756,1,2,0
101,1,0,18,4,0,0,18,1,1,0.4109,20,1054,1,3,0
101,1,1,21,4,0,0,21,1,1,11.6909,78,1931,58,58,0
101,1,2,27,5,0,0,27,1,1,0.4709,27,1340,1,2,0
101,1,3,17,6,0,0,17,1,1,0.2909,17,763,1,2,0
101,1,4,18,7,0,0,18,1,1,0.1609,17,786,0,1,0
101,1,5,19,5,0,0,19,1,1,0.3511,22,1020,1,2,0
101,2,-5,18,7,1,1,18,1,1,1.0122,44,4108,4,6,0
101,2,-4,23,4,0,0,23,1,1,1.4214,60,5564,3,4,0
101,2,-3,15,4,0,0,15,1,1,1.0809,44,3683,6,5,1
101,2,-2,21,3,0,0,21,1,1,0.9110,40,3136,3,5,0
101,2,-1,31,5,0,0,31,1,1,1.5809,62,5012,6,5,1
101,2,0,32,4,0,0,32,1,1,1.8509,59,3387,6,5,1
101,2,1,19,5,0,0,19,1,1,1.0709,35,1949,4,5,1
101,2,2,17,3,0,0,16,0,1,-1.0000,206,21265,187,187,0
101,2,3,23,5,0,0,23,1,1,0.8709,33,1677,5,3,0
101,2,4,18,5,0,0,18,1,1,1.6309,30,1703,4,4,1
101,2,5,22,6,0,0,22,1,1,0.5509,34,2228,2,3,0
101,3,-6,25,4,37,37,25,1,1,1.9033,64,5745,4,4,0
101,3,-5,19,5,5,5,19,1,1,2.5027,73,6970,11,9,2
101,3,-4,27,7,0,0,27,1,1,1.5420,72,6645,4,5,0
101,3,-3,25,6,0,0,25,1,1,2.9119,91,8393,20,11,3
101,3,-2,22,7,0,0,22,1,1,1.0409,51,4282,2,4,0
101,3,-1,16,5,0,0,16,1,1,1.3309,38,2684,8,5,0
101,3,0,20,7,0,0,20,1,1,0.7509,38,2851,2,4,0
101,3,1,22,3,0,0,22,1,1,1.1310,45,3650,3,6,1
101,4,-3,24,6,0,0,24,1,1,2.0423,66,6255,4,5,0
102,-7,6,23,4,0,0,23,1,1,1.0909,30,1804,3,4,1
102,-7,7,19,10,0,0,19,1,1,0.3509,21,1003,0,2,0
102,-7,8,15,5,0,0,15,1,1,0.2709,20,1241,0,2,0
102,-6,2,23,7,0,0,23,1,1,0.3010,23,977,1,2,0
102,-6,3,23,5,0,0,23,1,1,0.8509,25,844,3,3,0
102,-6,4,24,3,0,0,24,1,1,1.1509,28,965,4,5,1
102,-6,5,15,5,0,0,15,1,1,0.1320,14,448,0,1,0
102,-6,6,18,7,0,0,18,1,1,0.7709,21,815,4,4,0
102,-6,7,20,4,0,0,20,1,1,0.3709,20,967,1,2,0
102,-6,8,21,5,0,0,21,1,1,1.1909,32,2112,5,4,1
102,-5,-2,25,5,0,0,25,1,1,1.0311,45,3528,3,4,0
102,-5,-1,36,3,0,0,36,1,1,2.0210,66,4365,3,5,1
102,-5,0,29,3,0,0,29,1,1,0.2714,28,1574,0,1,0
102,-5,1,21,7,0,0,21,1,1,0.1923,20,717,0,1,0
102,-5,2,19,7,0,0,19,1,1,0.3509,20,512,2,2,0
102,-5,3,24,7,0,0,24,1,1,0.6809,27,593,4,3,0
102,-5,4,24,8,0,0,24,1,1,0.9109,28,667,4,4,1
102,-5,5,21,7,0,0,21,1,1,1.3709,24,550,3,4,1
102,-5,6,22,5,0,0,22,1,1,0.6209,27,789,6,3,0
102,-5,7,28,7,0,0,28,1,1,0.5310,28,908,1,2,0
102,-5,8,18,4,0,0,17,0,1,-1.0000,194,10909,177,177,0
102,-5,9,16,5,0,0,16,1,1,1.0009,32,1719,8,5,2
102,-4,-3,25,7,0,0,25,1,1,0.9519,51,4164,1,4,0
102,-4,-2,16,5,0,0,16,1,1,1.0209,35,2488,8,6,2
102,-4,-1,26,4,0,0,26,1,1,1.3409,38,1868,6,4,1
102,-4,0,24,6,0,0,24,1,1,0.9109,28,936,5,3,0
102,-4,1,21,6,0,0,21,1,1,0.3909,23,603,3,2,0
102,-4,2,12,9,0,0,3,0,1,-1.0000,293,4427,277,266,1
102,-4,3,20,7,0,0,20,1,1,3.0009,24,445,3,4,1
102,-4,4,20,5,0,0,20,1,1,0.1809,19,361,0,1,0
102,-4,5,23,4,0,0,23,1,1,0.2109,22,516,0,1,0
102,-4,6,25,4,0,0,25,1,1,0.4709,25,625,1,2,0
102,-4,7,13,3,0,0,13,1,1,0.3014,15,458,3,3,0
102,-4,8,25,7,0,0,25,1,1,0.2311,24,1119,0,1,0
102,-3,-3,13,6,0,0,13,1,1,0.9310,29,2202,5,5,1
102,-3,-2,20,7,0,0,20,1,1,0.5609,28,1720,2,3,0
102,-3,-1,13,2,0,0,13,1,1,0.1810,13,691,1,2,0
102,-3,0,23,6,0,0,23,1,1,0.3509,23,663,1,2,0
102,-3,1,20,4,0,0,20,1,1,0.2709,20,409,1,2,0
102,-3,2,18,5,0,0,18,1,1,0.2509,18,320,1,2,0
102,-3,3,22,5,0,0,22,1,1,0.4109,22,386,1,2,0
102,-3,4,23,6,0,0,23,1,1,0.3109,23,407,1,2,0
102,-3,5,15,4,0,0,15,1,1,1.1009,33,551,17,8,3
102,-3,6,20,5,0,0,20,1,1,0.7609,23,503,3,4,1
102,-3,7,23,5,0,0,23,1,1,0.2121,22,657,0,1,0
102,-2,-3,19,6,0,0,19,1,1,3.1910,40,2956,6,4,1
102,-2,-2,20,7,0,0,20,1,1,0.4709,25,1222,1,2,0
102,-2,-1,20,5,0,0,20,1,1,0.5525,22,1125,3,3,0
102,-2,0,23,5,0,0,23,1,1,0.2309,23,697,1,2,0
102,-2,1,35,4,0,0,35,1,1,0.5210,35,861,1,2,0
102,-2,2,24,4,0,0,24,1,1,0.6109,25,475,2,3,0
102,-2,3,20,7,0,0,20,1,1,0.1809,19,331,0,1,0
102,-2,4,24,5,0,0,24,1,1,0.4209,24,444,1,2,0
102,-2,5,17,5,0,0,17,1,1,0.2609,17,326,1,2,0
102,-2,6,27,5,0,0,27,1,1,1.3709,39,985,9,4,1
102,-2,7,22,5,0,0,22,1,1,0.3509,23,749,2,2,0
102,-1,-4,17,5,0,0,17,1,1,1.8410,47,4002,10,12,2
102,-1,-3,21,7,0,0,21,1,1,2.7909,42,2819,8,4,2
102,-1,-2,24,7,0,0,24,1,1,1.3609,44,2537,3,5,1
102,-1,-1,14,4,0,0,14,1,1,0.1209,13,636,0,1,0
102,-1,0,23,7,0,0,23,1,1,0.2509,23,630,1,2,0
102,-1,1,22,8,0,0,22,1,1,0.4109,23,510,2,2,0
102,-1,2,17,10,0,0,17,1,1,1.4309,21,418,5,4,1
102,-1,3,25,4,0,0,25,1,1,1.0309,30,628,5,4,1
102,-1,4,20,7,0,0,20,1,1,0.1809,19,361,0,1,0
102,-1,5,22,10,0,0,22,1,1,0.2009,21,437,0,1,0
102,-1,6,21,5,0,0,21,1,1,0.7609,25,720,5,3,0
102,0,-4,22,4,0,0,22,1,1,1.2209,55,4895,5,6,0
102,0,-3,18,4,0,0,18,1,1,0.4514,33,2534,1,3,0
102,0,-2,16,4,0,0,16,1,1,1.2809,32,2190,7,8,1
102,0,-1,21,5,0,0,21,1,1,0.9709,28,1634,4,4,1
102,0,0,27,5,0,0,27,1,1,0.6409,30,1273,4,2,0
102,0,1,13,3,0,0,13,1,1,0.5309,16,607,3,4,1
102,0,2,21,5,0,0,21,1,1,0.1913,20,562,0,1,0
102,0,3,22,4,0,0,22,1,1,2.0216,26,609,3,4,1
102,0,4,25,7,0,0,25,1,1,0.4709,26,751,2,2,0
102,0,5,17,7,0,0,17,1,1,0.3109,17,492,1,2,0
102,0,6,24,3,0,0,24,1,1,1.1009,32,2076,8,4,1
102,1,-5,13,4,5,5,13,1,1,1.7911,42,3207,10,10,0
102,1,-4,27,5,0,0,27,1,1,2.5909,81,7168,14,8,2
102,1,-3,22,5,0,0,22,1,1,1.0409,45,3570,5,5,0
102,1,-2,24,5,0,0,24,1,1,2.2909,52,3563,9,5,1
102,1,-1,20,5,0,0,20,1,1,0.9409,31,1843,4,4,0
102,1,0,18,4,0,0,18,1,1,0.9209,23,1324,4,6,0
102,1,1,21,4,0,0,21,1,1,0.1909,20,1023,0,1,0
102,1,2,27,5,0,0,27,1,1,0.7309,30,1554,4,3,0
102,1,3,17,6,0,0,17,1,1,0.1525,16,706,0,1,0
102,1,4,18,7,0,0,18,1,1,0.1609,17,775,0,1,0
102,1,5,19,5,0,0,19,1,1,0.4409,22,1059,2,2,0
102,2,-5,18,7,1,1,18,1,1,1.0123,41,3697,0,3,0
102,2,-4,23,4,0,0,23,1,1,2.2036,66,6081,6,8,1
102,2,-3,15,4,0,0,15,1,1,0.8009,39,3377,5,6,0
102,2,-2,21,3,0,0,21,1,1,0.6711,36,2872,1,3,0
102,2,-1,31,5,0,0,31,1,1,2.3909,69,5017,9,5,2
102,2,0,32,4,0,0,32,1,1,0.9209,47,2789,1,2,0
102,2,1,19,5,0,0,19,1,1,0.3509,24,1467,0,2,0
102,2,2,17,3,0,0,17,1,1,0.3113,19,1116,0,2,0
102,2,3,23,5,0,0,23,1,1,1.5310,39,1998,9,6,1
102,2,4,18,5,0,0,18,1,1,0.5009,25,1605,1,3,0
102,2,5,22,6,0,0,22,1,1,3.2809,44,2512,11,5,2
102,3,-6,25,4,27,27,25,1,1,2.1433,63,5639,3,5,0
102,3,-5,19,5,4,4,19,1,1,2.5923,58,5318,6,9,1
102,3,-4,27,7,0,0,27,1,1,3.3309,77,6624,10,7,0
102,3,-3,25,6,0,0,25,1,1,2.0216,61,5632,4,4,0
102,3,-2,22,7,0,0,22,1,1,2.5109,74,6526,11,8,3
102,3,-1,16,5,0,0,16,1,1,0.7309,32,2442,2,4,0
102,3,0,20,7,0,0,20,1,1,0.7509,38,2874,2,4,0
102,3,1,22,3,0,0,22,1,1,3.1109,65,5415,16,12,1
102,4,-3,24,6,0,0,24,1,1,2.0424,64,6087,2,4,0
103,-7,6,23,4,0,0,23,1,1,0.9809,32,1639,6,4,1
103,-7,7,19,10,0,0,19,1,1,0.3509,20,994,0,2,0
103,-7,8,15,5,0,0,15,1,1,2.5409,45,2063,22,19,1
103,-6,2,23,7,0,0,23,1,1,0.6509,24,950,2,3,0
103,-6,3,23,5,0,0,23,1,1,0.2121,22,816,0,1,0
103,-6,4,24,3,0,0,24,1,1,0.5318,25,888,2,3,0
103,-6,5,15,5,0,0,15,1,1,0.1323,14,453,0,1,0
103,-6,6,18,7,0,0,18,1,1,0.1609,17,658,0,1,0
103,-6,7,20,4,0,0,20,1,1,0.8309,26,1323,4,4,1
103,-6,8,21,5,0,0,21,1,1,0.8012,32,1981,4,4,1
103,-5,-2,25,5,0,0,25,1,1,0.9510,44,3414,2,4,0
103,-5,-1,36,3,0,0,36,1,1,2.0210,72,4982,9,5,2
103,-5,0,29,3,0,0,29,1,1,1.8809,32,1614,3,4,1
103,-5,1,21,7,0,0,21,1,1,0.5609,22,803,2,3,0
103,-5,2,19,7,0,0,19,1,1,0.1709,18,438,0,1,0
103,-5,3,24,7,0,0,24,1,1,0.4509,24,537,1,2,0
103,-5,4,24,8,0,0,24,1,1,0.2209,23,508,0,1,0
103,-5,5,21,7,0,0,21,1,1,0.3709,21,514,1,2,0
103,-5,6,22,5,0,0,22,1,1,0.2009,21,654,0,1,0
103,-5,7,28,7,0,0,28,1,1,0.7809,30,1006,3,2,0
103,-5,8,18,4,0,0,18,1,1,0.3009,18,935,1,2,0
103,-5,9,16,5,0,0,16,1,1,0.2918,19,1073,0,2,0
103,-4,-3,25,7,0,0,25,1,1,1.8709,57,4745,3,5,1
103,-4,-2,16,5,0,0,16,1,1,0.5709,26,1861,3,4,0
103,-4,-1,26,4,0,0,26,1,1,0.9809,33,1796,5,3,0
103,-4,0,24,6,0,0,24,1,1,1.5209,33,1088,8,4,2
103,-4,1,21,6,0,0,21,1,1,0.2510,21,502,1,2,0
103,-4,2,12,9,0,0,12,1,1,0.2109,12,211,1,2,0
103,-4,3,20,7,0,0,20,1,1,1.4809,35,668,10,7,2
103,-4,4,20,5,0,0,20,1,1,0.1809,19,354,0,1,0
103,-4,5,23,4,0,0,23,1,1,0.4309,23,531,1,2,0
103,-4,6,25,4,0,0,25,1,1,1.6709,38,903,11,4,2
103,-4,7,13,3,0,0,13,1,1,0.2909,14,456,2,3,0
103,-4,8,25,7,0,0,25,1,1,0.6909,28,1187,4,3,0
103,-3,-3,13,6,0,0,13,1,1,0.4509,24,1858,3,3,0
103,-3,-2,20,7,0,0,20,1,1,0.7509,27,1591,3,3,0
103,-3,-1,13,2,0,0,13,1,1,0.2309,13,708,1,2,0
103,-3,0,23,6,0,0,23,1,1,0.4109,23,664,1,2,0
103,-3,1,20,4,0,0,20,1,1,1.2209,24,477,4,4,1
103,-3,2,18,5,0,0,18,1,1,0.6909,22,375,4,4,1
103,-3,3,22,5,0,0,22,1,1,0.2609,22,384,1,2,0
103,-3,4,23,6,0,0,23,1,1,0.3609,24,415,2,2,0
103,-3,5,15,4,0,0,15,1,1,0.4009,16,292,2,3,0
103,-3,6,20,5,0,0,20,1,1,0.3709,20,428,1,2,0
103,-3,7,23,5,0,0,23,1,1,1.0809,28,824,4,4,1
103,-2,-3,19,6,0,0,19,1,1,0.5310,33,2527,1,3,0
103,-2,-2,20,7,0,0,20,1,1,0.3709,25,1256,1,2,0
103,-2,-1,20,5,0,0,20,1,1,0.2723,20,991,1,2,0
103,-2,0,23,5,0,0,23,1,1,2.8509,26,722,3,4,1
103,-2,1,35,4,0,0,35,1,1,1.6610,41,969,6,4,1
103,-2,2,24,4,0,0,24,1,1,2.2209,28,508,4,4,1
103,-2,3,20,7,0,0,20,1,1,0.3709,20,364,1,2,0
103,-2,4,24,5,0,0,24,1,1,0.4409,25,461,2,2,0
103,-2,5,17,5,0,0,17,1,1,1.0609,20,373,3,4,1
103,-2,6,27,5,0,0,27,1,1,0.5009,29,768,3,2,0
103,-2,7,22,5,0,0,22,1,1,0.4220,25,836,4,3,0
103,-1,-4,17,5,0,0,17,1,1,0.9514,42,3600,7,6,0
103,-1,-3,21,7,0,0,21,1,1,1.7909,41,2866,7,8,0
103,-1,-2,24,7,0,0,24,1,1,0.9009,36,2074,4,3,0
103,-1,-1,14,4,0,0,14,1,1,0.1210,13,624,0,1,0
103,-1,0,23,7,0,0,23,1,1,0.2113,22,619,0,1,0
103,-1,1,22,8,0,0,22,1,1,0.3809,22,487,1,2,0
103,-1,2,17,10,0,0,17,1,1,0.3109,17,347,1,2,0
103,-1,3,25,4,0,0,25,1,1,1.1109,31,652,4,4,1
103,-1,4,20,7,0,0,20,1,1,0.8509,25,496,4,5,1
103,-1,5,22,10,0,0,22,1,1,0.2009,21,448,0,1,0
103,-1,6,21,5,0,0,21,1,1,0.7609,23,642,3,4,0
103,0,-4,22,4,0,0,22,1,1,2.0612,58,4791,7,5,1
103,0,-3,18,4,0,0,18,1,1,0.8817,37,2656,5,5,0
103,0,-2,16,4,0,0,16,1,1,0.4438,26,1813,4,3,0
103,0,-1,21,5,0,0,21,1,1,2.5229,29,1391,4,4,1
103,0,0,27,5,0,0,27,1,1,0.2509,26,1128,0,1,0
103,0,1,13,3,0,0,13,1,1,0.1124,12,459,0,1,0
103,0,2,21,5,0,0,21,1,1,0.3809,21,569,1,2,0
103,0,3,22,4,0,0,22,1,1,0.6209,25,640,4,3,0
103,0,4,25,7,0,0,25,1,1,0.4709,25,808,1,2,0
103,0,5,17,7,0,0,17,1,1,0.3109,17,505,1,2,0
103,0,6,24,3,0,0,24,1,1,0.2509,24,1395,1,2,0
103,1,-5,13,4,1,1,13,1,1,1.4309,46,4053,7,8,1
103,1,-4,27,5,0,0,27,1,1,2.0709,72,6181,9,6,1
103,1,-3,22,5,0,0,22,1,1,1.2509,50,3946,5,5,1
103,1,-2,24,5,0,0,24,1,1,1.1409,46,3237,3,5,0
103,1,-1,20,5,0,0,20,1,1,0.9509,31,1791,3,4,1
103,1,0,18,4,0,0,18,1,1,0.3309,21,1111,2,2,0
103,1,1,21,4,0,0,21,1,1,1.1009,25,1126,4,5,1
103,1,2,27,5,0,0,27,1,1,0.4709,27,1285,1,2,0
103,1,3,17,6,0,0,17,1,1,0.7709,22,966,3,4,1
103,1,4,18,7,0,0,18,1,1,0.1810,18,830,1,2,0
103,1,5,19,5,0,0,19,1,1,0.8009,29,1283,5,4,1
103,2,-5,18,7,0,0,18,1,1,1.4820,46,4076,4,5,0
103,2,-4,23,4,0,0,23,1,1,1.7412,69,6449,7,7,1
103,2,-3,15,4,0,0,15,1,1,0.9409,40,3430,6,5,0
103,2,-2,21,3,0,0,21,1,1,1.6211,55,4136,8,7,1
103,2,-1,31,5,0,0,31,1,1,0.9809,56,4455,2,4,0
103,2,0,32,4,0,0,32,1,1,2.1609,51,2914,4,4,1
103,2,1,19,5,0,0,19,1,1,0.5309,25,1511,2,2,0
103,2,2,17,3,0,0,17,1,1,0.3113,19,1106,0,2,0
103,2,3,23,5,0,0,23,1,1,0.4309,28,1481,0,2,0
103,2,4,18,5,0,0,18,1,1,0.3615,26,1680,2,2,0
103,2,5,22,6,0,0,22,1,1,1.1809,36,2213,4,3,0
103,3,-6,25,4,43,43,25,1,1,2.8633,81,7558,6,10,1
103,3,-5,19,5,3,3,19,1,1,1.9621,60,5772,8,10,1
103,3,-4,27,7,0,0,27,1,1,2.0310,72,6648,4,5,0
103,3,-3,25,6,0,0,25,1,1,1.7815,59,5620,4,4,0
103,3,-2,22,7,0,0,22,1,1,1.2509,54,4596,5,6,1
103,3,-1,16,5,0,0,16,1,1,0.5809,29,2400,0,3,0
103,3,0,20,7,0,0,20,1,1,0.7509,35,2693,0,3,0
103,3,1,22,3,0,0,22,1,1,1.4309,53,4416,6,7,2
103,4,-3,24,6,0,0,24,1,1,2.0423,64,6047,2,4,0
104,-7,6,23,4,0,0,23,1,1,1.6409,41,2466,11,7,3
104,-7,7,19,10,0,0,19,1,1,0.3509,20,1002,0,2,0
104,-7,8,15,5,0,0,15,1,1,3.3809,49,3655,26,24,1
104,-6,2,23,7,0,0,23,1,1,1.1509,28,1104,5,4,1
104,-6,3,23,5,0,0,23,1,1,1.3809,34,1054,7,5,2
104,-6,4,24,3,0,0,24,1,1,1.2709,34,1268,8,4,2
104,-6,5,15,5,0,0,15,1,1,0.2609,15,495,1,2,0
104,-6,6,18,7,0,0,18,1,1,0.1609,17,675,0,1,0
104,-6,7,20,4,0,0,20,1,1,0.3210,20,944,1,2,0
104,-6,8,21,5,0,0,21,1,1,0.3909,27,1694,1,2,0
104,-5,-2,25,5,0,0,25,1,1,0.7910,42,3206,1,3,0
104,-5,-1,36,3,0,0,36,1,1,1.3912,61,3970,4,3,0
104,-5,0,29,3,0,0,29,1,1,0.4809,29,1712,1,2,0
104,-5,1,21,7,0,0,21,1,1,0.3609,21,714,1,2,0
104,-5,2,19,7,0,0,19,1,1,0.3509,19,478,1,2,0
104,-5,3,24,7,0,0,24,1,1,0.4509,24,532,1,2,0
104,-5,4,24,8,0,0,24,1,1,0.4709,26,610,3,3,0
104,-5,5,21,7,0,0,21,1,1,0.3709,21,518,1,2,0
104,-5,6,22,5,0,0,22,1,1,0.4109,22,649,1,2,0
104,-5,7,28,7,0,0,28,1,1,0.5109,28,966,1,2,0
104,-5,8,18,4,0,0,18,1,1,0.4009,20,1030,3,3,0
104,-5,9,16,5,0,0,16,1,1,0.2918,19,1096,0,2,0
104,-4,-3,25,7,0,0,25,1,1,1.8709,58,4396,5,4,0
104,-4,-2,16,5,0,0,16,1,1,0.7209,28,1833,5,4,0
104,-4,-1,26,4,0,0,26,1,1,1.7309,40,2392,8,4,2
104,-4,0,24,6,0,0,24,1,1,0.3709,24,878,1,2,0
104,-4,1,21,6,0,0,21,1,1,0.3909,22,539,2,2,0
104,-4,2,12,9,0,0,12,1,1,6.3709,77,1180,61,58,0
104,-4,3,20,7,0,0,20,1,1,0.7209,22,413,3,3,0
104,-4,4,20,5,0,0,20,1,1,0.3709,20,371,1,2,0
104,-4,5,23,4,0,0,23,1,1,0.6509,24,528,2,2,0
104,-4,6,25,4,0,0,25,1,1,0.4709,25,659,1,2,0
104,-4,7,13,3,0,0,13,1,1,0.1109,12,402,0,1,0
104,-4,8,25,7,0,0,25,1,1,0.2310,24,1083,0,1,0
104,-3,-3,13,6,0,0,13,1,1,0.5709,25,1821,3,4,0
104,-3,-2,20,7,0,0,20,1,1,0.5609,29,1627,2,3,0
104,-3,-1,13,2,0,0,13,1,1,0.3809,18,858,6,4,0
104,-3,0,23,6,0,0,23,1,1,0.6309,24,674,2,3,0
104,-3,1,20,4,0,0,20,1,1,0.7109,24,496,5,4,0
104,-3,2,18,5,0,0,18,1,1,0.5909,20,338,3,3,0
104,-3,3,22,5,0,0,22,1,1,0.5209,24,422,3,3,0
104,-3,4,23,6,0,0,23,1,1,0.3809,23,406,1,2,0
104,-3,5,15,4,0,0,15,1,1,0.2912,16,316,2,3,0
104,-3,6,20,5,0,0,20,1,1,1.3209,23,480,3,4,1
104,-3,7,23,5,0,0,23,1,1,0.4209,23,657,1,2,0
104,-2,-3,19,6,0,0,19,1,1,1.0528,39,2935,6,6,0
104,-2,-2,20,7,0,0,20,1,1,0.3709,24,1212,0,2,0
104,-2,-1,20,5,0,0,20,1,1,0.3425,21,1015,2,2,0
104,-2,0,23,5,0,0,23,1,1,0.4309,23,740,1,2,0
104,-2,1,35,4,0,0,35,1,1,1.5410,39,923,5,4,1
104,-2,2,24,4,0,0,24,1,1,0.2210,23,438,0,1,0
104,-2,3,20,7,0,0,20,1,1,0.1809,19,336,0,1,0
104,-2,4,24,5,0,0,24,1,1,0.4209,24,453,1,2,0
104,-2,5,17,5,0,0,17,1,1,0.1509,16,310,0,1,0
104,-2,6,27,5,0,0,27,1,1,0.5009,28,703,2,2,0
104,-2,7,22,5,0,0,22,1,1,0.3509,22,725,1,2,0
104,-1,-4,17,5,0,0,17,1,1,1.1028,40,3486,5,4,1
104,-1,-3,21,7,0,0,21,1,1,0.5909,33,2544,1,3,0
104,-1,-2,24,7,0,0,24,1,1,0.6709,33,1909,1,3,0
104,-1,-1,14,4,0,0,14,1,1,0.2209,14,662,1,2,0
104,-1,0,23,7,0,0,23,1,1,0.3809,24,693,2,2,0
104,-1,1,22,8,0,0,22,1,1,1.4613,24,525,3,4,1
104,-1,2,17,10,0,0,17,1,1,0.1509,16,332,0,1,0
104,-1,3,25,4,0,0,25,1,1,0.3109,25,518,1,2,0
104,-1,4,20,7,0,0,20,1,1,0.2809,21,400,2,2,0
104,-1,5,22,10,0,0,22,1,1,0.2009,21,436,0,1,0
104,-1,6,21,5,0,0,21,1,1,0.1920,20,559,0,1,0
104,0,-4,22,4,0,0,22,1,1,2.0611,56,4632,5,4,1
104,0,-3,18,4,0,0,18,1,1,2.0313,40,2845,5,4,1
104,0,-2,16,4,0,0,16,1,1,0.4114,27,1770,3,3,0
104,0,-1,21,5,0,0,21,1,1,1.1709,31,1738,5,5,1
104,0,0,27,5,0,0,27,1,1,1.2909,33,1468,5,4,1
104,0,1,13,3,0,0,13,1,1,0.1509,13,472,1,2,0
104,0,2,21,5,0,0,21,1,1,0.3809,22,614,2,2,0
104,0,3,22,4,0,0,22,1,1,0.9109,26,598,4,4,1
104,0,4,25,7,0,0,25,1,1,1.1909,33,1020,6,4,1
104,0,5,17,7,0,0,17,1,1,0.3109,17,497,1,2,0
104,0,6,24,3,0,0,24,1,1,0.2209,23,1369,0,1,0
104,1,-5,13,4,1,1,13,1,1,0.9509,42,3960,6,6,1
104,1,-4,27,5,0,0,27,1,1,1.2909,65,5684,3,5,0
104,1,-3,22,5,0,0,22,1,1,0.8309,41,3276,2,4,0
104,1,-2,24,5,0,0,24,1,1,1.3709,46,3342,6,5,0
104,1,-1,20,5,0,0,20,1,1,0.9409,35,2099,6,4,1
104,1,0,18,4,0,0,18,1,1,0.8009,25,1337,5,4,1
104,1,1,21,4,0,0,21,1,1,0.5909,24,1203,4,3,0
104,1,2,27,5,0,0,27,1,1,3.3309,31,1412,4,4,1
104,1,3,17,6,0,0,17,1,1,0.1527,16,715,0,1,0
104,1,4,18,7,0,0,17,0,1,-1.0000,193,13049,176,176,0
104,1,5,19,5,0,0,19,1,1,0.3512,21,993,1,2,0
104,2,-5,18,7,3,3,18,1,1,2.6717,53,4885,10,4,1
104,2,-4,23,4,0,0,23,1,1,1.6412,63,5895,6,5,0
104,2,-3,15,4,0,0,15,1,1,0.5209,34,2905,0,3,0
104,2,-2,21,3,0,0,21,1,1,2.4212,55,4269,8,12,1
104,2,-1,31,5,0,0,31,1,1,2.9909,69,4877,8,6,2
104,2,0,32,4,0,0,32,1,1,1.5409,48,2963,3,5,0
104,2,1,19,5,0,0,19,1,1,0.7109,27,1762,3,4,0
104,2,2,17,3,0,0,17,1,1,0.3114,19,1100,0,2,0
104,2,3,23,5,0,0,23,1,1,0.4309,28,1495,0,2,0
104,2,4,18,5,0,0,18,1,1,0.3309,24,1474,0,2,0
104,2,5,22,6,0,0,22,1,1,2.4409,44,2423,11,9,1
104,3,-6,25,4,39,39,25,1,1,2.9427,76,6993,7,7,2
104,3,-5,19,5,9,9,19,1,1,3.1319,85,7862,12,9,1
104,3,-4,27,7,0,0,27,1,1,3.5909,91,7888,9,11,1
104,3,-3,25,6,0,0,25,1,1,2.0217,64,5940,7,6,0
104,3,-2,22,7,0,0,22,1,1,0.8309,50,4183,1,4,0
104,3,-1,16,5,0,0,16,1,1,0.7309,32,2517,2,4,0
104,3,0,20,7,0,0,20,1,1,0.9409,38,2757,2,4,0
104,3,1,22,3,0,0,22,1,1,1.9709,54,4158,7,8,2
104,4,-3,24,6,0,0,24,1,1,2.2723,68,6447,6,6,0
105,-7,6,23,4,0,0,23,1,1,0.5510,26,1561,1,3,0
105,-7,7,19,10,0,0,19,1,1,0.7109,22,1029,2,2,0
105,-7,8,15,5,0,0,15,1,1,1.1109,29,1764,9,7,0
105,-6,2,23,7,0,0,23,1,1,0.4309,23,939,1,2,0
105,-6,3,23,5,0,0,23,1,1,0.2120,22,756,0,1,0
105,-6,4,24,3,0,0,24,1,1,0.2209,23,780,0,1,0
105,-6,5,15,5,0,0,15,1,1,0.2309,15,502,1,2,0
105,-6,6,18,7,0,0,18,1,1,0.1609,17,655,0,1,0
105,-6,7,20,4,0,0,20,1,1,1.2109,29,1574,7,6,1
105,-6,8,21,5,0,0,21,1,1,0.3909,26,1581,1,2,0
105,-5,-2,25,5,0,0,25,1,1,1.2711,49,3786,3,6,1
105,-5,-1,36,3,0,0,36,1,1,1.8810,78,5110,11,5,2
105,-5,0,29,3,0,0,29,1,1,1.1912,34,1820,5,4,1
105,-5,1,21,7,0,0,21,1,1,0.5609,22,816,2,3,0
105,-5,2,19,7,0,0,19,1,1,0.3509,21,521,3,2,0
105,-5,3,24,7,0,0,24,1,1,1.8309,34,700,6,7,2
105,-5,4,24,8,0,0,24,1,1,0.2209,23,528,0,1,0
105,-5,5,21,7,0,0,21,1,1,2.1709,27,606,6,4,1
105,-5,6,22,5,0,0,22,1,1,0.4109,22,680,1,2,0
105,-5,7,28,7,0,0,28,1,1,0.2610,27,908,0,1,0
105,-5,8,18,4,0,0,18,1,1,0.2309,18,910,1,2,0
105,-5,9,16,5,0,0,16,1,1,1.7509,28,1215,7,6,1
105,-4,-3,25,7,0,0,25,1,1,1.1509,51,4090,1,3,0
105,-4,-2,16,5,0,0,16,1,1,0.4209,24,1621,1,2,0
105,-4,-1,26,4,0,0,26,1,1,1.0909,36,2005,6,4,1
105,-4,0,24,6,0,0,24,1,1,0.6009,27,945,4,3,0
105,-4,1,21,6,0,0,21,1,1,0.1909,20,494,0,1,0
105,-4,2,12,9,0,0,12,1,1,0.2109,12,203,1,2,0
105,-4,3,20,7,0,0,20,1,1,0.3409,21,389,2,2,0
105,-4,4,20,5,0,0,20,1,1,0.7509,22,412,3,2,0
105,-4,5,23,4,0,0,23,1,1,0.2313,23,537,1,2,0
105,-4,6,25,4,0,0,25,1,1,1.2809,31,781,4,4,1
105,-4,7,13,3,0,0,13,1,1,0.7709,18,523,5,5,1
105,-4,8,25,7,0,0,25,1,1,1.6509,28,1205,3,4,1
105,-3,-3,13,6,0,0,13,1,1,0.3309,22,1603,0,3,0
105,-3,-2,20,7,0,0,20,1,1,0.3709,26,1516,0,2,0
105,-3,-1,13,2,0,0,13,1,1,0.1611,14,762,2,2,0
105,-3,0,23,6,0,0,23,1,1,0.6309,26,786,4,3,0
105,-3,1,20,4,0,0,20,1,1,0.3709,21,419,2,2,0
105,-3,2,18,5,0,0,13,0,1,-1.0000,198,3203,180,177,1
105,-3,3,22,5,0,0,22,1,1,0.2009,21,371,0,1,0
105,-3,4,23,6,0,0,23,1,1,0.2111,22,402,0,1,0
105,-3,5,15,4,0,0,15,1,1,0.1611,15,278,1,2,0
105,-3,6,20,5,0,0,20,1,1,0.3709,21,467,2,2,0
105,-3,7,23,5,0,0,23,1,1,0.4209,23,668,1,2,0
105,-2,-3,19,6,0,0,19,1,1,0.6931,32,2550,2,4,0
105,-2,-2,20,7,0,0,20,1,1,0.3709,26,1318,2,2,0
105,-2,-1,20,5,0,0,20,1,1,2.3528,26,1089,6,6,1
105,-2,0,23,5,0,0,23,1,1,0.6509,25,747,3,3,0
105,-2,1,35,4,0,0,35,1,1,0.6212,36,891,2,2,0
105,-2,2,24,4,0,0,24,1,1,0.3109,24,470,1,2,0
105,-2,3,20,7,0,0,20,1,1,0.7509,25,444,4,4,1
105,-2,4,24,5,0,0,24,1,1,1.5709,28,500,3,4,1
105,-2,5,17,5,0,0,17,1,1,0.2609,17,330,1,2,0
105,-2,6,27,5,0,0,27,1,1,22.1709,113,2168,87,86,0
105,-2,7,22,5,0,0,22,1,1,0.3509,22,737,1,2,0
105,-1,-4,17,5,0,0,17,1,1,1.1115,41,3417,6,7,0
105,-1,-3,21,7,0,0,21,1,1,1.3909,44,3183,6,5,2
105,-1,-2,24,7,0,0,24,1,1,0.6709,33,1978,1,3,0
105,-1,-1,14,4,0,0,14,1,1,0.1209,13,623,0,1,0
105,-1,0,23,7,0,0,23,1,1,0.3809,23,699,1,2,0
105,-1,1,22,8,0,0,22,1,1,0.3809,23,502,2,2,0
105,-1,2,17,10,0,0,17,1,1,0.3109,17,342,1,2,0
105,-1,3,25,4,0,0,25,1,1,1.1709,30,652,4,4,1
105,-1,4,20,7,0,0,20,1,1,1.8009,24,449,4,5,1
105,-1,5,22,10,0,0,22,1,1,0.2009,21,450,0,1,0
105,-1,6,21,5,0,0,21,1,1,0.5810,22,665,2,3,0
105,0,-4,22,4,0,0,22,1,1,1.6830,58,5223,8,9,1
105,0,-3,18,4,0,0,18,1,1,0.9509,40,3022,6,5,1
105,0,-2,16,4,0,0,16,1,1,0.2810,23,1516,0,2,0
105,0,-1,21,5,0,0,21,1,1,0.3209,23,1188,0,2,0
105,0,0,27,5,0,0,27,1,1,2.5909,39,1673,10,7,3
105,0,1,13,3,0,0,13,1,1,0.3409,14,463,2,3,0
105,0,2,21,5,0,0,21,1,1,0.7909,27,710,6,4,1
105,0,3,22,4,0,0,22,1,1,0.2009,21,496,0,1,0
105,0,4,25,7,0,0,25,1,1,0.2413,25,767,1,2,0
105,0,5,17,7,0,0,17,1,1,0.1509,16,489,0,1,0
105,0,6,24,3,0,0,24,1,1,1.4027,35,2005,11,6,2
105,1,-5,13,4,2,2,13,1,1,0.8310,33,3021,1,4,0
105,1,-4,27,5,0,0,27,1,1,1.4025,65,5762,3,6,0
105,1,-3,22,5,0,0,22,1,1,0.8309,41,3247,3,3,0
105,1,-2,24,5,0,0,24,1,1,0.6809,43,3117,1,3,0
105,1,-1,20,5,0,0,20,1,1,1.9020,35,2547,8,10,1
105,1,0,18,4,0,0,18,1,1,1.0430,23,1177,3,4,1
105,1,1,21,4,0,0,21,1,1,1.2909,36,1649,10,4,2
105,1,2,27,5,0,0,27,1,1,0.4709,29,1440,3,2,0
105,1,3,17,6,0,0,17,1,1,0.7709,23,934,4,4,1
105,1,4,18,7,0,0,18,1,1,0.1609,17,788,0,1,0
105,1,5,19,5,0,0,19,1,1,2.3209,33,1344,9,7,3
105,2,-5,18,7,1,1,18,1,1,1.4818,45,4097,4,5,0
105,2,-4,23,4,0,0,23,1,1,1.5432,66,6118,7,5,1
105,2,-3,15,4,0,0,15,1,1,0.6609,36,3093,2,4,0
105,2,-2,21,3,0,0,21,1,1,0.8711,42,3362,6,4,0
105,2,-1,31,5,0,0,31,1,1,1.7909,67,5272,10,5,1
105,2,0,32,4,0,0,32,1,1,0.9209,47,2772,2,2,0
105,2,1,19,5,0,0,19,1,1,0.5309,27,1548,1,3,0
105,2,2,17,3,0,0,17,1,1,1.2516,30,1633,8,4,2
105,2,3,23,5,0,0,23,1,1,1.6209,37,1909,5,7,1
105,2,4,18,5,0,0,18,1,1,1.0109,33,2057,4,5,1
105,2,5,22,6,0,0,22,1,1,0.6209,34,2207,2,3,0
105,3,-6,25,4,36,36,25,1,1,1.6634,62,5545,1,4,0
105,3,-5,19,5,6,6,19,1,1,5.0412,104,10368,43,29,3
105,3,-4,27,7,0,0,27,1,1,1.7710,69,6354,1,4,0
105,3,-3,25,6,0,0,25,1,1,1.3017,57,5364,1,4,0
105,3,-2,22,7,0,0,22,1,1,2.0909,69,5554,9,9,2
105,3,-1,16,5,0,0,16,1,1,0.7309,34,2699,4,5,0
105,3,0,20,7,0,0,20,1,1,1.3334,44,3594,4,7,1
105,3,1,22,3,0,0,22,1,1,1.0109,43,3468,4,4,0
105,4,-3,24,6,0,0,24,1,1,2.2725,63,5896,0,3,0
106,-7,6,23,4,0,0,23,1,1,0.4309,28,1672,2,2,0
106,-7,7,19,10,0,0,19,1,1,0.3509,22,1052,1,2,0
106,-7,8,15,5,0,0,15,1,1,0.6909,24,1293,4,3,0
106,-6,2,23,7,0,0,23,1,1,0.2109,22,914,0,1,0
106,-6,3,23,5,0,0,23,1,1,0.4109,25,928,3,2,0
106,-6,4,24,3,0,0,24,1,1,0.8609,29,1091,5,4,1
106,-6,5,15,5,0,0,15,1,1,0.3709,18,546,4,3,0
106,-6,6,18,7,0,0,14,0,1,-1.0000,192,3513,175,176,1
106,-6,7,20,4,0,0,20,1,1,0.3027,20,981,1,2,0
106,-6,8,21,5,0,0,21,1,1,0.5909,28,1784,2,3,0
106,-5,-2,25,5,0,0,25,1,1,0.7911,43,3380,2,3,0
106,-5,-1,36,3,0,0,36,1,1,1.3913,65,4486,8,4,0
106,-5,0,29,3,0,0,29,1,1,1.6009,38,2151,7,4,1
106,-5,1,21,7,0,0,21,1,1,3.3609,24,807,4,4,1
106,-5,2,19,7,0,0,19,1,1,0.2309,19,473,1,2,0
106,-5,3,24,7,0,0,24,1,1,0.9109,28,676,3,4,1
106,-5,4,24,8,0,0,24,1,1,0.6809,26,562,3,3,0
106,-5,5,21,7,0,0,21,1,1,2.1709,25,554,4,4,1
106,-5,6,22,5,0,0,22,1,1,1.4609,27,762,4,4,1
106,-5,7,28,7,0,0,28,1,1,2.6709,32,1000,4,4,1
106,-5,8,18,4,0,0,18,1,1,0.6709,22,1159,4,4,1
106,-5,9,16,5,0,0,16,1,1,0.7009,23,1504,4,5,1
106,-4,-3,25,7,0,0,25,1,1,2.1813,66,5293,9,7,2
106,-4,-2,16,5,0,0,16,1,1,1.4709,42,3089,14,8,4
106,-4,-1,26,4,0,0,26,1,1,1.5909,35,1790,5,4,1
106,-4,0,24,6,0,0,24,1,1,1.0609,32,1073,4,4,1
106,-4,1,21,6,0,0,21,1,1,0.3909,22,511,2,2,0
106,-4,2,12,9,0,0,12,1,1,0.2109,12,198,1,2,0
106,-4,3,20,7,0,0,20,1,1,0.3409,20,359,1,2,0
106,-4,4,20,5,0,0,20,1,1,0.3709,20,373,1,2,0
106,-4,5,23,4,0,0,23,1,1,1.0909,30,641,4,4,1
106,-4,6,25,4,0,0,25,1,1,0.2309,24,599,0,1,0
106,-4,7,13,3,0,0,13,1,1,0.7709,17,469,4,4,1
106,-4,8,25,7,0,0,25,1,1,0.6909,26,1145,2,2,0
106,-3,-3,13,6,0,0,13,1,1,0.6909,29,2026,4,6,0
106,-3,-2,20,7,0,0,20,1,1,0.5709,28,1736,2,4,0
106,-3,-1,13,2,0,0,13,1,1,0.5511,16,851,3,4,1
106,-3,0,23,6,0,0,23,1,1,5.0309,52,1518,26,23,1
106,-3,1,20,4,0,0,20,1,1,0.1809,19,409,0,1,0
106,-3,2,18,5,0,0,18,1,1,0.5009,19,327,2,3,0
106,-3,3,22,5,0,0,22,1,1,0.2009,21,374,0,1,0
106,-3,4,23,6,0,0,23,1,1,0.5309,24,445,2,3,0
106,-3,5,15,4,0,0,15,1,1,0.2609,16,286,2,2,0
106,-3,6,20,5,0,0,20,1,1,0.5609,21,495,2,3,0
106,-3,7,23,5,0,0,23,1,1,0.4209,23,676,1,2,0
106,-2,-3,19,6,0,0,19,1,1,1.2431,38,3088,4,7,1
106,-2,-2,20,7,0,0,20,1,1,0.5609,26,1248,1,3,0
106,-2,-1,20,5,0,0,20,1,1,0.1829,19,952,0,1,0
106,-2,0,23,5,0,0,23,1,1,0.4309,24,696,2,2,0
106,-2,1,35,4,0,0,35,1,1,0.5210,35,858,1,2,0
106,-2,2,24,4,0,0,24,1,1,0.5409,25,474,2,3,0
106,-2,3,20,7,0,0,20,1,1,0.3709,20,340,1,2,0
106,-2,4,24,5,0,0,24,1,1,0.2210,23,416,0,1,0
106,-2,5,17,5,0,0,17,1,1,1.3809,22,405,5,4,1
106,-2,6,27,5,0,0,27,1,1,0.3413,28,728,2,2,0
106,-2,7,22,5,0,0,22,1,1,0.9809,31,983,7,4,1
106,-1,-4,17,5,0,0,17,1,1,0.7811,40,3342,4,5,0
106,-1,-3,21,7,0,0,21,1,1,1.3909,44,3349,10,7,1
106,-1,-2,24,7,0,0,24,1,1,1.5909,43,2682,8,6,1
106,-1,-1,14,4,0,0,14,1,1,0.1209,13,626,0,1,0
106,-1,0,23,7,0,0,23,1,1,0.2509,23,677,1,2,0
106,-1,1,22,8,0,0,22,1,1,0.2009,21,470,0,1,0
106,-1,2,17,10,0,0,17,1,1,0.1509,16,330,0,1,0
106,-1,3,25,4,0,0,25,1,1,0.2309,24,503,0,1,0
106,-1,4,20,7,0,0,20,1,1,0.1809,19,369,0,1,0
106,-1,5,22,10,0,0,22,1,1,0.8309,24,504,3,3,0
106,-1,6,21,5,0,0,21,1,1,1.3609,26,648,6,6,0
106,0,-4,22,4,0,0,22,1,1,0.8010,50,4368,1,4,0
106,0,-3,18,4,0,0,18,1,1,0.5009,31,2364,0,3,0
106,0,-2,16,4,0,0,16,1,1,0.3809,24,1537,1,2,0
106,0,-1,21,5,0,0,21,1,1,0.3209,23,1158,0,2,0
106,0,0,27,5,0,0,27,1,1,0.4509,27,1136,1,2,0
106,0,1,13,3,0,0,13,1,1,0.2209,14,509,2,2,0
106,0,2,21,5,0,0,21,1,1,1.9809,34,819,10,6,2
106,0,3,22,4,0,0,22,1,1,0.4709,23,560,2,3,0
106,0,4,25,7,0,0,25,1,1,4.5509,29,849,4,4,1
106,0,5,17,7,0,0,17,1,1,0.1509,16,490,0,1,0
106,0,6,24,3,0,0,24,1,1,0.3010,24,1457,1,2,0
106,1,-5,13,4,3,3,13,1,1,1.5510,43,3767,11,11,0
106,1,-4,27,5,0,0,27,1,1,1.6515,67,5856,4,6,0
106,1,-3,22,5,0,0,22,1,1,1.4910,44,3544,4,5,1
106,1,-2,24,5,0,0,24,1,1,2.2909,49,3231,4,4,1
106,1,-1,20,5,0,0,20,1,1,1.1428,33,2131,6,7,0
106,1,0,18,4,0,0,18,1,1,0.2909,20,1007,1,2,0
106,1,1,21,4,0,0,21,1,1,0.2909,21,1019,1,2,0
106,1,2,27,5,0,0,27,1,1,0.4709,27,1391,1,2,0
106,1,3,17,6,0,0,17,1,1,0.1528,16,730,0,1,0
106,1,4,18,7,0,0,18,1,1,3.2224,22,921,4,4,1
106,1,5,19,5,0,0,19,1,1,0.3513,25,1155,3,2,0
106,2,-5,18,7,2,2,18,1,1,1.6521,45,3978,3,5,0
106,2,-4,23,4,0,0,23,1,1,1.8612,65,5994,8,6,0
106,2,-3,15,4,0,0,15,1,1,0.5209,34,2874,0,3,0
106,2,-2,21,3,0,0,21,1,1,0.7911,37,3004,2,4,0
106,2,-1,31,5,0,0,31,1,1,1.1909,56,4291,3,3,0
106,2,0,32,4,0,0,32,1,1,0.9209,46,2819,1,3,0
106,2,1,19,5,0,0,19,1,1,0.8909,33,2057,4,5,1
106,2,2,17,3,0,0,17,1,1,0.4716,22,1349,3,3,0
106,2,3,23,5,0,0,23,1,1,0.6009,30,1607,3,3,0
106,2,4,18,5,0,0,18,1,1,0.8409,31,2092,7,5,1
106,2,5,22,6,0,0,22,1,1,2.0209,47,2691,10,7,2
106,3,-6,25,4,30,30,25,1,1,2.3930,83,7646,12,8,2
106,3,-5,19,5,5,5,19,1,1,1.6922,54,4909,4,6,0
106,3,-4,27,7,0,0,27,1,1,3.0710,83,7457,9,8,2
106,3,-3,25,6,0,0,25,1,1,1.1519,56,5342,1,3,0
106,3,-2,22,7,0,0,22,1,1,1.2509,62,5237,9,6,1
106,3,-1,16,5,0,0,16,1,1,1.0309,35,2725,5,3,0
106,3,0,20,7,0,0,20,1,1,0.7509,36,2707,0,3,0
106,3,1,22,3,0,0,22,1,1,0.9209,45,3681,6,4,0
106,4,-3,24,6,0,0,24,1,1,2.5024,71,6796,9,9,0
107,-7,6,23,4,0,0,23,1,1,0.5509,26,1686,2,3,0
107,-7,7,19,10,0,0,19,1,1,0.5309,23,1057,2,2,0
107,-7,8,15,5,0,0,15,1,1,7.4409,81,2596,55,50,2
107,-6,2,23,7,0,0,23,1,1,0.4309,23,982,1,2,0
107,-6,3,23,5,0,0,23,1,1,0.2809,24,917,2,2,0
107,-6,4,24,3,0,0,24,1,1,1.5009,28,847,4,4,1
107,-6,5,15,5,0,0,15,1,1,0.3709,17,544,3,3,0
107,-6,6,18,7,0,0,18,1,1,0.3309,19,708,2,2,0
107,-6,7,20,4,0,0,20,1,1,0.2609,20,973,1,2,0
107,-6,8,21,5,0,0,21,1,1,0.3909,27,1670,1,2,0
107,-5,-2,25,5,0,0,25,1,1,0.7910,45,3532,3,3,0
107,-5,-1,36,3,0,0,36,1,1,1.5310,65,4503,9,5,0
107,-5,0,29,3,0,0,29,1,1,1.6009,36,1975,7,4,1
107,-5,1,21,7,0,0,21,1,1,0.3609,21,724,1,2,0
107,-5,2,19,7,0,0,19,1,1,0.2309,19,481,1,2,0
107,-5,3,24,7,0,0,24,1,1,1.6009,29,614,5,4,1
107,-5,4,24,8,0,0,24,1,1,0.9409,27,571,3,4,1
107,-5,5,21,7,0,0,21,1,1,0.9709,29,719,4,4,1
107,-5,6,22,5,0,0,13,0,1,-1.0000,163,2886,142,143,0
107,-5,7,28,7,0,0,28,1,1,0.5109,28,939,1,2,0
107,-5,8,18,4,0,0,18,1,1,0.1610,17,871,0,1,0
107,-5,9,16,5,0,0,16,1,1,0.8509,25,1648,5,5,1
107,-4,-3,25,7,0,0,25,1,1,1.3909,53,4142,1,3,0
107,-4,-2,16,5,0,0,16,1,1,0.5709,27,1967,4,4,0
107,-4,-1,26,4,0,0,26,1,1,0.9809,34,1954,4,4,1
107,-4,0,24,6,0,0,24,1,1,0.2209,23,794,0,1,0
107,-4,1,21,6,0,0,21,1,1,0.2509,21,529,1,2,0
107,-4,2,12,9,0,0,12,1,1,0.2109,12,202,1,2,0
107,-4,3,20,7,0,0,20,1,1,0.7209,22,406,3,3,0
107,-4,4,20,5,0,0,20,1,1,0.3709,20,368,1,2,0
107,-4,5,23,4,0,0,23,1,1,0.2612,24,543,2,2,0
107,-4,6,25,4,0,0,25,1,1,1.4309,39,927,8,5,2
107,-4,7,13,3,0,0,13,1,1,0.3509,15,545,3,3,0
107,-4,8,25,7,0,0,25,1,1,3.8109,31,1322,5,4,1
107,-3,-3,13,6,0,0,13,1,1,1.6528,28,2004,4,4,1
107,-3,-2,20,7,0,0,20,1,1,0.3709,24,1448,0,2,0
107,-3,-1,13,2,0,0,13,1,1,0.2027,13,697,1,2,0
107,-3,0,23,6,0,0,23,1,1,0.4109,23,702,1,2,0
107,-3,1,20,4,0,0,20,1,1,0.1809,19,410,0,1,0
107,-3,2,18,5,0,0,18,1,1,0.2509,18,306,1,2,0
107,-3,3,22,5,0,0,22,1,1,0.2009,21,376,0,1,0
107,-3,4,23,6,0,0,23,1,1,0.4209,24,433,2,2,0
107,-3,5,15,4,0,0,15,1,1,0.2910,17,288,3,3,0
107,-3,6,20,5,0,0,20,1,1,0.1809,19,402,0,1,0
107,-3,7,23,5,0,0,23,1,1,0.2120,22,653,0,1,0
107,-2,-3,19,6,0,0,19,1,1,0.5212,33,2466,2,3,0
107,-2,-2,20,7,0,0,20,1,1,0.5609,26,1271,2,2,0
107,-2,-1,20,5,0,0,20,1,1,0.5109,22,1097,3,3,0
107,-2,0,23,5,0,0,23,1,1,0.4309,23,641,1,2,0
107,-2,1,35,4,0,0,35,1,1,3.4210,58,1372,16,7,5
107,-2,2,24,4,0,0,24,1,1,0.2209,23,452,0,1,0
107,-2,3,20,7,0,0,20,1,1,0.5609,21,368,2,3,0
107,-2,4,24,5,0,0,24,1,1,0.2209,23,422,0,1,0
107,-2,5,17,5,0,0,17,1,1,1.1112,25,463,7,4,2
107,-2,6,27,5,0,0,27,1,1,0.4014,27,709,1,2,0
107,-2,7,22,5,0,0,22,1,1,0.3509,22,744,1,2,0
107,-1,-4,17,5,0,0,17,1,1,1.0410,39,3155,3,4,0
107,-1,-3,21,7,0,0,21,1,1,0.5909,33,2441,1,3,0
107,-1,-2,24,7,0,0,24,1,1,0.6709,34,1972,1,3,0
107,-1,-1,14,4,0,0,14,1,1,0.1209,13,588,0,1,0
107,-1,0,23,7,0,0,23,1,1,0.2114,22,649,0,1,0
107,-1,1,22,8,0,0,22,1,1,0.2009,21,493,0,1,0
107,-1,2,17,10,0,0,17,1,1,0.3109,17,351,1,2,0
107,-1,3,25,4,0,0,25,1,1,0.5509,26,530,2,3,0
107,-1,4,20,7,0,0,20,1,1,0.3709,21,394,2,2,0
107,-1,5,22,10,0,0,22,1,1,3.9809,29,602,7,4,1
107,-1,6,21,5,0,0,21,1,1,1.9609,26,680,5,4,1
107,0,-4,22,4,0,0,22,1,1,1.8509,61,5366,7,8,1
107,0,-3,18,4,0,0,18,1,1,0.5418,34,2547,1,4,0
107,0,-2,16,4,0,0,16,1,1,0.3209,23,1584,1,3,0
107,0,-1,21,5,0,0,18,0,1,-1.0000,175,4296,152,149,3
107,0,0,27,5,0,0,27,1,1,0.6409,28,1168,2,2,0
107,0,1,13,3,0,0,13,1,1,0.1120,12,421,0,1,0
107,0,2,21,5,0,0,21,1,1,1.3809,23,642,3,4,1
107,0,3,22,4,0,0,22,1,1,0.5509,23,559,2,2,0
107,0,4,25,7,0,0,25,1,1,0.4709,27,828,3,2,0
107,0,5,17,7,0,0,17,1,1,0.1509,16,501,0,1,0
107,0,6,24,3,0,0,24,1,1,0.2209,23,1374,0,1,0
107,1,-5,13,4,3,3,13,1,1,0.9510,37,3371,5,5,0
107,1,-4,27,5,0,0,27,1,1,2.5909,74,6468,8,6,1
107,1,-3,22,5,0,0,22,1,1,0.8309,40,3130,0,3,0
107,1,-2,24,5,0,0,24,1,1,0.9109,46,3360,3,4,0
107,1,-1,20,5,0,0,20,1,1,0.3709,27,1702,1,2,0
107,1,0,18,4,0,0,18,1,1,0.8709,26,1106,6,4,1
107,1,1,21,4,0,0,21,1,1,1.3910,23,1090,3,4,1
107,1,2,27,5,0,0,27,1,1,3.3309,32,1394,5,4,1
107,1,3,17,6,0,0,17,1,1,0.1529,16,701,0,1,0
107,1,4,18,7,0,0,18,1,1,0.1609,17,802,0,1,0
107,1,5,19,5,0,0,19,1,1,1.7032,25,1189,4,4,1
107,2,-5,18,7,2,2,18,1,1,1.5222,48,4337,6,6,0
107,2,-4,23,4,0,0,23,1,1,2.5834,82,7792,9,11,2
107,2,-3,15,4,0,0,15,1,1,1.3709,45,4036,6,9,1
107,2,-2,21,3,0,0,21,1,1,0.6710,38,2995,1,4,0
107,2,-1,31,5,0,0,31,1,1,0.9809,57,4492,3,4,0
107,2,0,32,4,0,0,32,1,1,2.5209,59,3519,11,6,3
107,2,1,19,5,0,0,19,1,1,0.5309,26,1596,2,3,0
107,2,2,17,3,0,0,17,1,1,0.3114,20,1185,1,2,0
107,2,3,23,5,0,0,23,1,1,0.6509,31,1569,2,3,0
107,2,4,18,5,0,0,18,1,1,0.3309,24,1512,0,2,0
107,2,5,22,6,0,0,22,1,1,0.9709,39,2612,3,5,1
107,3,-6,25,4,30,30,25,1,1,1.6632,62,5567,1,4,0
107,3,-5,19,5,9,9,19,1,1,2.6826,65,6136,7,8,1
107,3,-4,27,7,0,0,27,1,1,1.5417,69,6276,1,4,0
107,3,-3,25,6,0,0,25,1,1,3.3911,80,7404,12,8,2
107,3,-2,22,7,0,0,22,1,1,1.8809,65,5247,9,8,1
107,3,-1,16,5,0,0,16,1,1,0.5809,30,2351,0,3,0
107,3,0,20,7,0,0,20,1,1,0.9409,37,2740,1,3,0
107,3,1,22,3,0,0,22,1,1,0.7109,41,3423,2,4,0
107,4,-3,24,6,0,0,24,1,1,2.0423,63,5963,1,4,0
108,-7,6,23,4,0,0,23,1,1,1.2009,31,1651,4,4,1
108,-7,7,19,10,0,0,19,1,1,0.5309,22,1028,1,2,0
108,-7,8,15,5,0,0,15,1,1,0.7209,24,1285,3,4,1
108,-6,2,23,7,0,0,23,1,1,0.8709,26,990,4,3,0
108,-6,3,23,5,0,0,23,1,1,0.2123,22,810,0,1,0
108,-6,4,24,3,0,0,24,1,1,0.7509,26,872,3,3,0
108,-6,5,15,5,0,0,15,1,1,0.2309,15,492,1,2,0
108,-6,6,18,7,0,0,18,1,1,0.3309,18,705,1,2,0
108,-6,7,20,4,0,0,20,1,1,0.1809,19,937,0,1,0
108,-6,8,21,5,0,0,21,1,1,0.3909,25,1560,0,2,0
108,-5,-2,25,5,0,0,25,1,1,1.9110,56,4390,8,7,1
108,-5,-1,36,3,0,0,36,1,1,1.8810,64,4519,5,5,1
108,-5,0,29,3,0,0,29,1,1,0.2715,28,1585,0,1,0
108,-5,1,21,7,0,0,21,1,1,0.8009,24,784,3,4,1
108,-5,2,19,7,0,0,19,1,1,0.3509,20,517,2,2,0
108,-5,3,24,7,0,0,24,1,1,0.4509,24,525,1,2,0
108,-5,4,24,8,0,0,24,1,1,0.4509,24,554,1,2,0
108,-5,5,21,7,0,0,21,1,1,0.3709,21,479,1,2,0
108,-5,6,22,5,0,0,22,1,1,0.2009,21,648,0,1,0
108,-5,7,28,7,0,0,28,1,1,0.5310,28,942,1,2,0
108,-5,8,18,4,0,0,18,1,1,0.8109,26,1318,6,4,1
108,-5,9,16,5,0,0,16,1,1,0.2916,20,1174,1,2,0
108,-4,-3,25,7,0,0,25,1,1,1.6309,57,4385,5,4,0
108,-4,-2,16,5,0,0,16,1,1,0.2926,23,1588,0,2,0
108,-4,-1,26,4,0,0,26,1,1,0.5909,31,1718,2,3,0
108,-4,0,24,6,0,0,24,1,1,0.9109,29,1058,4,4,1
108,-4,1,21,6,0,0,21,1,1,0.5909,22,541,2,3,0
108,-4,2,12,9,0,0,12,1,1,0.3209,13,216,2,2,0
108,-4,3,20,7,0,0,20,1,1,0.9109,29,569,5,5,0
108,-4,4,20,5,0,0,20,1,1,0.5609,21,391,2,3,0
108,-4,5,23,4,0,0,23,1,1,0.2214,23,534,1,2,0
108,-4,6,25,4,0,0,25,1,1,0.4709,25,643,1,2,0
108,-4,7,13,3,0,0,13,1,1,0.1109,12,397,0,1,0
108,-4,8,25,7,0,0,25,1,1,1.1709,30,1468,5,4,1
108,-3,-3,13,6,0,0,13,1,1,0.4627,25,1965,3,4,0
108,-3,-2,20,7,0,0,20,1,1,0.3709,26,1578,1,2,0
108,-3,-1,13,2,0,0,13,1,1,0.1409,13,646,1,2,0
108,-3,0,23,6,0,0,23,1,1,1.2309,35,996,8,5,1
108,-3,1,20,4,0,0,20,1,1,0.7509,24,503,3,4,1
108,-3,2,18,5,0,0,18,1,1,2.1211,22,379,3,4,1
108,-3,3,22,5,0,0,22,1,1,0.4109,22,377,1,2,0
108,-3,4,23,6,0,0,23,1,1,1.5209,30,560,6,6,1
108,-3,5,15,4,0,0,15,1,1,0.2609,15,269,1,2,0
108,-3,6,20,5,0,0,20,1,1,0.3709,21,472,2,2,0
108,-3,7,23,5,0,0,23,1,1,1.3009,33,856,7,5,1
108,-2,-3,19,6,0,0,19,1,1,0.5310,33,2452,0,3,0
108,-2,-2,20,7,0,0,20,1,1,0.4709,26,1300,2,2,0
108,-2,-1,20,5,0,0,20,1,1,0.8309,27,1230,4,4,1
108,-2,0,23,5,0,0,23,1,1,0.2109,22,659,0,1,0
108,-2,1,35,4,0,0,35,1,1,1.9710,47,1148,9,4,2
108,-2,2,24,4,0,0,24,1,1,1.1309,35,682,7,4,2
108,-2,3,20,7,0,0,20,1,1,0.1809,19,338,0,1,0
108,-2,4,24,5,0,0,24,1,1,0.2210,23,420,0,1,0
108,-2,5,17,5,0,0,17,1,1,0.2609,17,316,1,2,0
108,-2,6,27,5,0,0,27,1,1,0.2512,26,669,0,1,0
108,-2,7,22,5,0,0,22,1,1,0.4009,22,729,1,2,0
108,-1,-4,17,5,0,0,17,1,1,1.8410,46,3376,11,9,0
108,-1,-3,21,7,0,0,21,1,1,0.7909,35,2530,2,4,0
108,-1,-2,24,7,0,0,24,1,1,0.9009,35,1968,2,3,0
108,-1,-1,14,4,0,0,14,1,1,0.1209,13,597,0,1,0
108,-1,0,23,7,0,0,23,1,1,0.6909,27,862,5,4,1
108,-1,1,22,8,0,0,22,1,1,0.3809,22,484,1,2,0
108,-1,2,17,10,0,0,17,1,1,0.4709,18,363,2,2,0
108,-1,3,25,4,0,0,25,1,1,0.4709,26,566,2,2,0
108,-1,4,20,7,0,0,20,1,1,0.1809,19,376,0,1,0
108,-1,5,22,10,0,0,22,1,1,0.4109,23,493,2,2,0
108,-1,6,21,5,0,0,21,1,1,2.5609,27,677,5,6,1
108,0,-4,22,4,0,0,22,1,1,1.9535,76,6733,12,9,2
108,0,-3,18,4,0,0,18,1,1,0.5009,33,2487,1,3,0
108,0,-2,16,4,0,0,16,1,1,0.7709,31,2116,6,5,1
108,0,-1,21,5,0,0,21,1,1,0.5209,24,1189,1,2,0
108,0,0,27,5,0,0,27,1,1,0.2509,26,1140,0,1,0
108,0,1,13,3,0,0,13,1,1,0.1709,13,442,1,2,0
108,0,2,21,5,0,0,21,1,1,0.3809,21,608,1,2,0
108,0,3,22,4,0,0,22,1,1,0.2809,23,555,2,2,0
108,0,4,25,7,0,0,25,1,1,0.4709,26,793,2,2,0
108,0,5,17,7,0,0,17,1,1,0.1509,16,498,0,1,0
108,0,6,24,3,0,0,24,1,1,0.4109,25,1543,2,2,0
108,1,-5,13,4,3,3,13,1,1,0.7111,33,3041,1,4,0
108,1,-4,27,5,0,0,27,1,1,1.5509,65,5523,3,4,0
108,1,-3,22,5,0,0,21,0,1,-1.0000,183,18714,142,143,0
108,1,-2,24,5,0,0,24,1,1,0.9109,44,3236,3,4,0
108,1,-1,20,5,0,0,20,1,1,2.4609,34,2206,8,6,1
108,1,0,18,4,0,0,18,1,1,0.4109,21,1031,2,2,0
108,1,1,21,4,0,0,21,1,1,0.3509,22,1143,2,2,0
108,1,2,27,5,0,0,27,1,1,0.4912,27,1385,1,2,0
108,1,3,17,6,0,0,17,1,1,1.0909,22,853,4,4,1
108,1,4,18,7,0,0,18,1,1,0.1609,17,801,0,1,0
108,1,5,19,5,0,0,19,1,1,0.6314,27,1354,5,4,1
108,2,-5,18,7,1,1,18,1,1,3.5230,53,4785,9,7,2
108,2,-4,23,4,0,0,23,1,1,1.3012,57,5242,0,3,0
108,2,-3,15,4,0,0,15,1,1,1.0809,41,3619,7,6,0
108,2,-2,21,3,0,0,21,1,1,0.9110,39,3064,3,5,0
108,2,-1,31,5,0,0,31,1,1,0.8909,56,4353,2,3,0
108,2,0,32,4,0,0,32,1,1,1.8509,54,3249,4,5,1
108,2,1,19,5,0,0,19,1,1,0.5309,27,1678,2,3,0
108,2,2,17,3,0,0,16,0,1,-1.0000,206,16074,187,188,1
108,2,3,23,5,0,0,23,1,1,0.6509,28,1572,1,3,0
108,2,4,18,5,0,0,18,1,1,0.6709,27,1687,3,4,0
108,2,5,22,6,0,0,22,1,1,0.7609,34,2181,2,3,0
108,3,-6,25,4,45,45,25,1,1,2.8635,76,6875,12,8,1
108,3,-5,19,5,8,8,19,1,1,3.1337,77,7353,9,9,2
108,3,-4,27,7,0,0,27,1,1,2.9110,79,6972,10,5,1
108,3,-3,25,6,0,0,25,1,1,1.8720,66,6183,9,5,0
108,3,-2,22,7,0,0,22,1,1,1.0409,50,4229,1,4,0
108,3,-1,16,5,0,0,16,1,1,0.7309,32,2494,2,4,0
108,3,0,20,7,0,0,20,1,1,0.7509,38,2829,2,4,0
108,3,1,22,3,0,0,22,1,1,7.3109,90,7908,35,34,3
108,4,-3,24,6,0,0,24,1,1,4.3421,77,7295,10,11,1
109,-7,6,23,4,0,0,23,1,1,0.6509,29,1654,3,3,0
109,-7,7,19,10,0,0,19,1,1,1.4309,29,1352,4,4,1
109,-7,8,15,5,0,0,15,1,1,0.4109,21,1273,1,2,0
109,-6,2,23,7,0,0,23,1,1,0.3010,23,939,1,2,0
109,-6,3,23,5,0,0,23,1,1,2.6109,37,1136,12,11,1
109,-6,4,24,3,0,0,24,1,1,0.4509,25,853,2,2,0
109,-6,5,15,5,0,0,15,1,1,0.2309,15,489,1,2,0
109,-6,6,18,7,0,0,18,1,1,0.6009,20,725,3,4,0
109,-6,7,20,4,0,0,20,1,1,0.1810,19,952,0,1,0
109,-6,8,21,5,0,0,21,1,1,0.3909,25,1594,1,2,0
109,-5,-2,25,5,0,0,25,1,1,2.2309,61,4744,12,7,3
109,-5,-1,36,3,0,0,36,1,1,2.3710,73,5022,14,5,2
109,-5,0,29,3,0,0,29,1,1,0.2715,28,1613,0,1,0
109,-5,1,21,7,0,0,21,1,1,0.3609,21,731,1,2,0
109,-5,2,19,7,0,0,19,1,1,0.7109,21,555,3,4,1
109,-5,3,24,7,0,0,24,1,1,0.2209,23,528,0,1,0
109,-5,4,24,8,0,0,24,1,1,0.2809,24,555,1,2,0
109,-5,5,21,7,0,0,21,1,1,0.1909,20,463,0,1,0
109,-5,6,22,5,0,0,22,1,1,0.4109,22,654,1,2,0
109,-5,7,28,7,0,0,28,1,1,1.3209,32,1013,5,3,0
109,-5,8,18,4,0,0,18,1,1,0.3310,20,1078,3,2,0
109,-5,9,16,5,0,0,16,1,1,0.8509,24,1462,5,6,1
109,-4,-3,25,7,0,0,25,1,1,1.6309,55,4320,3,4,0
109,-4,-2,16,5,0,0,16,1,1,0.8709,30,2234,3,5,1
109,-4,-1,26,4,0,0,26,1,1,0.3611,28,1520,0,2,0
109,-4,0,24,6,0,0,24,1,1,0.3709,24,856,1,2,0
109,-4,1,21,6,0,0,21,1,1,0.1909,20,505,0,1,0
109,-4,2,12,9,0,0,12,1,1,2.0809,14,229,3,4,1
109,-4,3,20,7,0,0,20,1,1,2.0509,34,621,13,9,1
109,-4,4,20,5,0,0,20,1,1,0.9409,27,525,4,4,1
109,-4,5,23,4,0,0,23,1,1,1.5309,33,708,9,4,3
109,-4,6,25,4,0,0,25,1,1,0.3209,26,653,2,2,0
109,-4,7,13,3,0,0,13,1,1,0.2909,15,541,3,3,0
109,-4,8,25,7,0,0,25,1,1,0.6909,26,1170,2,2,0
109,-3,-3,13,6,0,0,13,1,1,0.4509,23,1721,1,4,0
109,-3,-2,20,7,0,0,20,1,1,0.5609,27,1529,1,2,0
109,-3,-1,13,2,0,0,13,1,1,0.2309,13,703,1,2,0
109,-3,0,23,6,0,0,23,1,1,1.5109,32,895,7,7,0
109,-3,1,20,4,0,0,20,1,1,0.3709,21,411,2,2,0
109,-3,2,18,5,0,0,18,1,1,0.7609,21,368,3,4,1
109,-3,3,22,5,0,0,22,1,1,2.5709,31,530,9,7,2
109,-3,4,23,6,0,0,23,1,1,0.2110,22,384,0,1,0
109,-3,5,15,4,0,0,15,1,1,5.6209,64,1017,45,40,2
109,-3,6,20,5,0,0,20,1,1,0.5609,21,453,2,2,0
109,-3,7,23,5,0,0,23,1,1,1.3009,35,970,8,4,2
109,-2,-3,19,6,0,0,19,1,1,3.0136,37,2686,4,4,1
109,-2,-2,20,7,0,0,20,1,1,0.3709,26,1275,2,2,0
109,-2,-1,20,5,0,0,20,1,1,0.3622,22,1059,3,2,0
109,-2,0,23,5,0,0,23,1,1,2.8509,26,690,3,4,1
109,-2,1,35,4,0,0,35,1,1,0.6110,35,859,1,2,0
109,-2,2,24,4,0,0,24,1,1,0.5409,27,542,4,3,0
109,-2,3,20,7,0,0,20,1,1,0.1809,19,342,0,1,0
109,-2,4,24,5,0,0,24,1,1,1.1109,35,648,8,4,2
109,-2,5,17,5,0,0,17,1,1,1.0609,20,366,3,4,1
109,-2,6,27,5,0,0,27,1,1,1.1109,35,871,5,4,1
109,-2,7,22,5,0,0,22,1,1,0.8412,25,976,3,4,1
109,-1,-4,17,5,0,0,17,1,1,0.9411,39,3347,4,6,0
109,-1,-3,21,7,0,0,21,1,1,1.1909,43,3257,5,5,1
109,-1,-2,24,7,0,0,24,1,1,0.6709,33,1987,1,3,0
109,-1,-1,14,4,0,0,14,1,1,0.1210,13,631,0,1,0
109,-1,0,23,7,0,0,23,1,1,26.1209,149,7889,121,119,0
109,-1,1,22,8,0,0,22,1,1,2.0609,27,586,5,4,1
109,-1,2,17,10,0,0,17,1,1,0.3109,17,347,1,2,0
109,-1,3,25,4,0,0,25,1,1,1.0309,30,615,5,4,1
109,-1,4,20,7,0,0,20,1,1,0.1809,19,364,0,1,0
109,-1,5,22,10,0,0,22,1,1,0.2009,21,436,0,1,0
109,-1,6,21,5,0,0,21,1,1,0.1918,20,552,0,1,0
109,0,-4,22,4,0,0,22,1,1,1.4730,57,5249,7,8,1
109,0,-3,18,4,0,0,18,1,1,0.6109,35,2476,3,4,0
109,0,-2,16,4,0,0,16,1,1,0.2910,24,1630,1,2,0
109,0,-1,21,5,0,0,21,1,1,1.3209,28,1236,5,4,1
109,0,0,27,5,0,0,27,1,1,0.6409,30,1264,4,2,0
109,0,1,13,3,0,0,13,1,1,0.1126,12,426,0,1,0
109,0,2,21,5,0,0,21,1,1,1.3809,28,785,8,4,1
109,0,3,22,4,0,0,22,1,1,2.0215,26,615,3,4,1
109,0,4,25,7,0,0,25,1,1,0.7109,28,876,4,3,0
109,0,5,17,7,0,0,17,1,1,0.3109,17,532,1,2,0
109,0,6,24,3,0,0,24,1,1,0.6409,28,1734,5,3,0
109,1,-5,13,4,2,2,13,1,1,1.4310,49,4527,9,8,2
109,1,-4,27,5,0,0,27,1,1,3.1109,75,6356,6,9,1
109,1,-3,22,5,0,0,22,1,1,1.2509,42,3331,3,5,0
109,1,-2,24,5,0,0,24,1,1,3.9009,64,4318,20,13,2
109,1,-1,20,5,0,0,20,1,1,0.7509,29,1874,3,3,0
109,1,0,18,4,0,0,18,1,1,0.7509,23,1307,4,5,0
109,1,1,21,4,0,0,21,1,1,0.1909,20,1015,0,1,0
109,1,2,27,5,0,0,27,1,1,1.8609,47,2101,12,5,4
109,1,3,17,6,0,0,17,1,1,0.2909,18,815,2,2,0
109,1,4,18,7,0,0,18,1,1,0.5009,20,1015,3,3,0
109,1,5,19,5,0,0,19,1,1,2.3209,25,1049,3,4,1
109,2,-5,18,7,0,0,18,1,1,4.8820,84,6971,25,20,0
109,2,-4,23,4,0,0,23,1,1,1.7638,71,6694,7,7,2
109,2,-3,15,4,0,0,15,1,1,0.5209,35,3009,1,4,0
109,2,-2,21,3,0,0,21,1,1,0.6710,38,3048,2,3,0
109,2,-1,31,5,0,0,31,1,1,1.1909,57,4655,4,4,0
109,2,0,32,4,0,0,32,1,1,1.5409,54,3330,6,4,1
109,2,1,19,5,0,0,19,1,1,0.3509,25,1460,0,2,0
109,2,2,17,3,0,0,17,1,1,0.3115,19,1128,0,2,0
109,2,3,23,5,0,0,23,1,1,0.8209,33,1633,5,4,0
109,2,4,18,5,0,0,18,1,1,0.3615,26,1553,1,2,0
109,2,5,22,6,0,0,22,1,1,0.8309,35,2105,3,4,0
109,3,-6,25,4,35,35,25,1,1,1.7230,66,6036,6,5,0
109,3,-5,19,5,3,3,19,1,1,1.8722,55,5092,5,5,0
109,3,-4,27,7,0,0,27,1,1,5.6730,81,7259,10,6,1
109,3,-3,25,6,0,0,25,1,1,1.9534,71,6680,5,8,1
109,3,-2,22,7,0,0,22,1,1,0.8309,49,4117,0,3,0
109,3,-1,16,5,0,0,16,1,1,0.7431,35,2926,3,5,1
109,3,0,20,7,0,0,20,1,1,0.7509,40,2858,3,4,0
109,3,1,22,3,0,0,22,1,1,1.0109,42,3514,3,5,0
109,4,-3,24,6,0,0,24,1,1,2.2728,74,7136,6,9,1
110,-7,6,23,4,0,0,23,1,1,0.2809,25,1523,0,2,0
110,-7,7,19,10,0,0,19,1,1,0.7109,24,1238,4,3,0
110,-7,8,15,5,0,0,15,1,1,0.2709,20,1236,0,2,0
110,-6,2,23,7,0,0,23,1,1,2.9009,46,1805,18,13,3
110,-6,3,23,5,0,0,23,1,1,0.4109,23,828,1,2,0
110,-6,4,24,3,0,0,24,1,1,0.9409,29,1027,5,4,1
110,-6,5,15,5,0,0,15,1,1,0.1323,14,465,0,1,0
110,-6,6,18,7,0,0,18,1,1,0.1609,17,696,0,1,0
110,-6,7,20,4,0,0,20,1,1,0.2723,21,1077,2,2,0
110,-6,8,21,5,0,0,21,1,1,0.3909,25,1553,0,2,0
110,-5,-2,25,5,0,0,25,1,1,0.8214,44,3398,2,4,0
110,-5,-1,36,3,0,0,36,1,1,2.8110,70,4402,8,5,2
110,-5,0,29,3,0,0,29,1,1,3.1010,41,1878,13,10,0
110,-5,1,21,7,0,0,21,1,1,2.5609,26,862,5,4,1
110,-5,2,19,7,0,0,19,1,1,0.1709,18,449,0,1,0
110,-5,3,24,7,0,0,24,1,1,0.6809,25,538,2,3,0
110,-5,4,24,8,0,0,24,1,1,0.2409,24,543,1,2,0
110,-5,5,21,7,0,0,21,1,1,0.5709,24,523,4,3,0
110,-5,6,22,5,0,0,22,1,1,0.6209,24,703,3,3,0
110,-5,7,28,7,0,0,28,1,1,0.5109,28,905,1,2,0
110,-5,8,18,4,0,0,18,1,1,0.1609,17,844,0,1,0
110,-5,9,16,5,0,0,16,1,1,0.2917,20,1083,0,2,0
110,-4,-3,25,7,0,0,25,1,1,3.7909,60,4520,8,4,2
110,-4,-2,16,5,0,0,16,1,1,0.8709,38,2963,11,6,3
110,-4,-1,26,4,0,0,26,1,1,0.9809,32,1686,4,3,0
110,-4,0,24,6,0,0,24,1,1,1.1409,28,994,3,4,1
110,-4,1,21,6,0,0,21,1,1,0.7909,24,606,3,4,1
110,-4,2,12,9,0,0,12,1,1,0.2109,12,208,1,2,0
110,-4,3,20,7,0,0,20,1,1,0.3409,20,366,1,2,0
110,-4,4,20,5,0,0,20,1,1,0.9409,28,529,8,4,1
110,-4,5,23,4,0,0,23,1,1,0.2109,22,510,0,1,0
110,-4,6,25,4,0,0,25,1,1,0.4709,25,637,1,2,0
110,-4,7,13,3,0,0,13,1,1,0.5909,17,509,3,4,1
110,-4,8,25,7,0,0,25,1,1,0.4509,25,1168,1,2,0
110,-3,-3,13,6,0,0,13,1,1,0.4831,26,1992,4,5,0
110,-3,-2,20,7,0,0,20,1,1,0.3709,27,1530,0,2,0
110,-3,-1,13,2,0,0,13,1,1,0.1109,12,602,0,1,0
110,-3,0,23,6,0,0,23,1,1,0.2118,22,663,0,1,0
110,-3,1,20,4,0,0,20,1,1,0.7509,27,595,6,4,1
110,-3,2,18,5,0,0,18,1,1,0.1609,17,298,0,1,0
110,-3,3,22,5,0,0,22,1,1,0.2009,21,364,0,1,0
110,-3,4,23,6,0,0,23,1,1,0.4209,24,422,2,2,0
110,-3,5,15,4,0,0,15,1,1,0.8209,19,322,5,6,0
110,-3,6,20,5,0,0,20,1,1,0.3709,21,443,2,2,0
110,-3,7,23,5,0,0,23,1,1,2.1809,26,692,3,4,1
110,-2,-3,19,6,0,0,19,1,1,0.6928,38,2896,6,4,0
110,-2,-2,20,7,0,0,20,1,1,1.8510,37,1793,10,10,0
110,-2,-1,20,5,0,0,20,1,1,0.8309,24,1163,4,4,1
110,-2,0,23,5,0,0,23,1,1,0.2109,22,658,0,1,0
110,-2,1,35,4,0,0,35,1,1,2.5610,49,1163,11,4,2
110,-2,2,24,4,0,0,24,1,1,0.5409,25,481,2,3,0
110,-2,3,20,7,0,0,20,1,1,3.0309,25,440,5,4,1
110,-2,4,24,5,0,0,24,1,1,0.4209,25,465,2,2,0
110,-2,5,17,5,0,0,17,1,1,0.3109,18,351,2,2,0
110,-2,6,27,5,0,0,27,1,1,3.3613,37,917,9,5,2
110,-2,7,22,5,0,0,22,1,1,0.2023,21,723,0,1,0
110,-1,-4,17,5,0,0,17,1,1,0.7811,40,3270,4,4,0
110,-1,-3,21,7,0,0,21,1,1,1.3909,42,3011,8,4,1
110,-1,-2,24,7,0,0,24,1,1,0.4409,32,1898,0,2,0
110,-1,-1,14,4,0,0,14,1,1,0.2509,14,658,1,2,0
110,-1,0,23,7,0,0,23,1,1,0.2112,22,645,0,1,0
110,-1,1,22,8,0,0,22,1,1,0.5909,23,498,2,2,0
110,-1,2,17,10,0,0,17,1,1,0.3109,17,352,1,2,0
110,-1,3,25,4,0,0,25,1,1,0.2309,24,499,0,1,0
110,-1,4,20,7,0,0,20,1,1,0.3709,21,401,2,2,0
110,-1,5,22,10,0,0,22,1,1,6.2909,51,940,29,29,0
110,-1,6,21,5,0,0,21,1,1,0.3809,22,619,2,2,0
110,0,-4,22,4,0,0,22,1,1,1.2209,53,4427,2,3,0
110,0,-3,18,4,0,0,18,1,1,0.6213,35,2699,3,4,0
110,0,-2,16,4,0,0,16,1,1,0.3809,24,1620,1,3,0
110,0,-1,21,5,0,0,21,1,1,1.3709,29,1402,5,4,1
110,0,0,27,5,0,0,27,1,1,0.2510,26,1117,0,1,0
110,0,1,13,3,0,0,13,1,1,0.1509,13,481,1,2,0
110,0,2,21,5,0,0,21,1,1,0.5809,24,610,4,2,0
110,0,3,22,4,0,0,22,1,1,0.3409,22,541,1,2,0
110,0,4,25,7,0,0,25,1,1,1.9109,33,950,7,4,2
110,0,5,17,7,0,0,17,1,1,0.1509,16,483,0,1,0
110,0,6,24,3,0,0,24,1,1,0.4109,24,1434,1,2,0
110,1,-5,13,4,2,2,13,1,1,0.7111,32,2924,0,3,0
110,1,-4,27,5,0,0,27,1,1,2.5909,73,6466,6,7,1
110,1,-3,22,5,0,0,22,1,1,4.8709,70,5559,25,23,0
110,1,-2,24,5,0,0,24,1,1,0.9109,45,3213,2,4,0
110,1,-1,20,5,0,0,20,1,1,0.3709,26,1794,1,2,0
110,1,0,18,4,0,0,18,1,1,0.2409,19,1023,0,2,0
110,1,1,21,4,0,0,21,1,1,1.8909,28,1366,7,4,1
110,1,2,27,5,0,0,27,1,1,0.3212,27,1418,1,2,0
110,1,3,17,6,0,0,17,1,1,0.9309,22,1025,4,5,1
110,1,4,18,7,0,0,18,1,1,2.2009,25,1160,6,4,2
110,1,5,19,5,0,0,19,1,1,2.5509,35,1214,14,14,0
110,2,-5,18,7,0,0,18,1,1,1.3523,48,4234,6,5,0
110,2,-4,23,4,0,0,23,1,1,1.7416,61,5652,4,5,0
110,2,-3,15,4,0,0,15,1,1,0.5317,35,3003,1,4,0
110,2,-2,21,3,0,0,21,1,1,0.7910,39,3046,2,4,0
110,2,-1,31,5,0,0,31,1,1,1.5809,66,4994,8,5,1
110,2,0,32,4,0,0,32,1,1,2.1609,57,3201,9,6,1
110,2,1,19,5,0,0,19,1,1,1.0709,29,1523,4,5,0
110,2,2,17,3,0,0,17,1,1,0.3111,20,1188,1,2,0
110,2,3,23,5,0,0,23,1,1,0.4309,28,1512,0,2,0
110,2,4,18,5,0,0,18,1,1,0.3309,24,1488,0,2,0
110,2,5,22,6,0,0,22,1,1,1.8109,45,2896,8,8,1
110,3,-6,25,4,36,36,25,1,1,12.0015,127,12077,59,51,1
110,3,-5,19,5,5,5,19,1,1,1.6026,52,4796,3,4,0
110,3,-4,27,7,0,0,27,1,1,3.5909,87,7489,9,11,1
110,3,-3,25,6,0,0,25,1,1,1.3017,56,5284,0,3,0
110,3,-2,22,7,0,0,22,1,1,1.6709,59,4726,6,5,1
110,3,-1,16,5,0,0,16,1,1,0.5809,30,2415,0,3,0
110,3,0,20,7,0,0,20,1,1,0.7509,36,2734,0,3,0
110,3,1,22,3,0,0,22,1,1,1.2209,48,4012,6,6,1
110,4,-3,24,6,0,0,24,1,1,2.2722,66,6075,3,4,0
111,-7,6,23,4,0,0,23,1,1,0.4309,25,1494,1,2,0
111,-7,7,19,10,0,0,19,1,1,1.7909,29,1170,10,9,0
111,-7,8,15,5,0,0,15,1,1,0.9709,25,1479,4,4,1
111,-6,2,23,7,0,0,23,1,1,0.4309,23,963,1,2,0
111,-6,3,23,5,0,0,23,1,1,1.0709,27,985,4,4,1
111,-6,4,24,3,0,0,24,1,1,0.9809,29,982,4,4,1
111,-6,5,15,5,0,0,15,1,1,0.1319,14,454,0,1,0
111,-6,6,18,7,0,0,18,1,1,0.6009,20,730,3,2,0
111,-6,7,20,4,0,0,20,1,1,0.7609,25,1140,5,4,1
111,-6,8,21,5,0,0,21,1,1,1.1909,31,1981,4,5,1
111,-5,-2,25,5,0,0,25,1,1,0.8112,43,3317,2,4,0
111,-5,-1,36,3,0,0,36,1,1,2.0210,74,4984,9,5,2
111,-5,0,29,3,0,0,29,1,1,1.7511,34,1760,5,6,1
111,-5,1,21,7,0,0,21,1,1,0.3609,21,740,1,2,0
111,-5,2,19,7,0,0,19,1,1,0.7709,25,627,4,4,1
111,-5,3,24,7,0,0,24,1,1,0.6809,25,566,2,2,0
111,-5,4,24,8,0,0,24,1,1,1.6009,36,801,8,4,1
111,-5,5,21,7,0,0,21,1,1,0.1909,20,494,0,1,0
111,-5,6,22,5,0,0,22,1,1,0.2009,21,643,0,1,0
111,-5,7,28,7,0,0,28,1,1,0.5309,29,983,2,2,0
111,-5,8,18,4,0,0,18,1,1,0.2309,18,907,1,2,0
111,-5,9,16,5,0,0,16,1,1,0.7009,22,1428,3,5,1
111,-4,-3,25,7,0,0,25,1,1,3.7909,72,5518,15,9,3
111,-4,-2,16,5,0,0,16,1,1,0.8709,27,1852,3,4,1
111,-4,-1,26,4,0,0,26,1,1,0.7309,30,1822,3,3,0
111,-4,0,24,6,0,0,24,1,1,0.6809,25,883,2,3,0
111,-4,1,21,6,0,0,21,1,1,0.3909,22,525,2,2,0
111,-4,2,12,9,0,0,12,1,1,0.3209,13,215,2,3,0
111,-4,3,20,7,0,0,20,1,1,1.1009,26,479,7,4,0
111,-4,4,20,5,0,0,20,1,1,0.1809,19,354,0,1,0
111,-4,5,23,4,0,0,23,1,1,0.2109,22,511,0,1,0
111,-4,6,25,4,0,0,25,1,1,0.5609,29,736,5,2,0
111,-4,7,13,3,0,0,13,1,1,0.7709,17,525,4,4,1
111,-4,8,25,7,0,0,25,1,1,1.6509,31,1283,6,5,1
111,-3,-3,13,6,0,0,13,1,1,0.3309,22,1632,0,3,0
111,-3,-2,20,7,0,0,20,1,1,0.3709,25,1565,1,2,0
111,-3,-1,13,2,0,0,13,1,1,1.0010,23,1280,10,9,0
111,-3,0,23,6,0,0,23,1,1,0.6309,24,654,2,2,0
111,-3,1,20,4,0,0,20,1,1,0.5209,21,439,2,3,0
111,-3,2,18,5,0,0,18,1,1,0.1609,17,291,0,1,0
111,-3,3,22,5,0,0,22,1,1,0.2009,21,363,0,1,0
111,-3,4,23,6,0,0,23,1,1,0.5309,26,450,4,3,0
111,-3,5,15,4,0,0,15,1,1,14.1209,116,1788,101,101,0
111,-3,6,20,5,0,0,20,1,1,0.1809,19,423,0,1,0
111,-3,7,23,5,0,0,23,1,1,1.0809,29,776,3,4,1
111,-2,-3,19,6,0,0,19,1,1,0.5717,34,2652,3,4,0
111,-2,-2,20,7,0,0,20,1,1,0.7509,28,1485,4,4,0
111,-2,-1,20,5,0,0,20,1,1,0.3209,20,991,1,2,0
111,-2,0,23,5,0,0,23,1,1,0.4309,25,723,3,2,0
111,-2,1,35,4,0,0,35,1,1,0.6110,36,901,2,2,0
111,-2,2,24,4,0,0,24,1,1,1.8409,36,661,12,8,1
111,-2,3,20,7,0,0,20,1,1,0.7509,22,388,3,4,1
111,-2,4,24,5,0,0,24,1,1,0.4209,24,440,1,2,0
111,-2,5,17,5,0,0,17,1,1,0.1509,16,311,0,1,0
111,-2,6,27,5,0,0,27,1,1,0.2512,26,677,0,1,0
111,-2,7,22,5,0,0,22,1,1,0.2709,22,721,1,2,0
111,-1,-4,17,5,0,0,17,1,1,0.9412,41,3372,5,6,0
111,-1,-3,21,7,0,0,21,1,1,0.9909,37,2650,5,3,0
111,-1,-2,24,7,0,0,24,1,1,1.5909,49,2879,10,5,1
111,-1,-1,14,4,0,0,14,1,1,0.1209,13,622,0,1,0
111,-1,0,23,7,0,0,23,1,1,1.3009,34,1152,10,6,2
111,-1,1,22,8,0,0,22,1,1,0.2009,21,463,0,1,0
111,-1,2,17,10,0,0,17,1,1,0.3109,17,357,1,2,0
111,-1,3,25,4,0,0,25,1,1,1.1109,32,673,5,4,1
111,-1,4,20,7,0,0,20,1,1,0.1809,19,354,0,1,0
111,-1,5,22,10,0,0,22,1,1,0.4109,22,468,1,2,0
111,-1,6,21,5,0,0,21,1,1,0.9609,27,839,6,4,1
111,0,-4,22,4,0,0,22,1,1,0.8009,51,4399,0,3,0
111,0,-3,18,4,0,0,18,1,1,0.5418,35,2571,3,4,0
111,0,-2,16,4,0,0,16,1,1,0.7709,28,1570,3,4,1
111,0,-1,21,5,0,0,21,1,1,0.6112,27,1312,4,4,0
111,0,0,27,5,0,0,27,1,1,0.6409,29,1318,3,3,0
111,0,1,13,3,0,0,13,1,1,0.1122,12,428,0,1,0
111,0,2,21,5,0,0,21,1,1,0.1914,20,552,0,1,0
111,0,3,22,4,0,0,22,1,1,0.4109,23,544,2,2,0
111,0,4,25,7,0,0,25,1,1,0.7109,27,866,3,3,0
111,0,5,17,7,0,0,17,1,1,0.3109,17,526,1,2,0
111,0,6,24,3,0,0,24,1,1,0.8709,29,1744,5,4,1
111,1,-5,13,4,1,1,13,1,1,0.9509,34,2962,2,3,0
111,1,-4,27,5,0,0,27,1,1,1.5509,65,5720,3,5,0
111,1,-3,22,5,0,0,22,1,1,1.2832,51,3994,6,5,1
111,1,-2,24,5,0,0,24,1,1,1.6009,47,3392,4,7,0
111,1,-1,20,5,0,0,20,1,1,0.7629,28,1989,3,5,0
111,1,0,18,4,0,0,18,1,1,0.8009,27,1357,4,4,1
111,1,1,21,4,0,0,21,1,1,0.3509,21,1114,1,2,0
111,1,2,27,5,0,0,27,1,1,1.2809,36,1689,6,4,2
111,1,3,17,6,0,0,17,1,1,0.1527,16,713,0,1,0
111,1,4,18,7,0,0,18,1,1,0.6709,20,1012,3,4,0
111,1,5,19,5,0,0,19,1,1,0.3511,22,1005,1,2,0
111,2,-5,18,7,5,5,18,1,1,12.3619,134,11567,73,64,1
111,2,-4,23,4,0,0,23,1,1,2.5212,82,7678,12,9,2
111,2,-3,15,4,0,0,15,1,1,0.6815,36,3021,2,5,0
111,2,-2,21,3,0,0,21,1,1,0.9910,39,3171,3,5,0
111,2,-1,31,5,0,0,31,1,1,1.2809,57,4396,3,4,0
111,2,0,32,4,0,0,32,1,1,1.2309,48,2874,3,3,0
111,2,1,19,5,0,0,19,1,1,0.5309,25,1480,1,3,0
111,2,2,17,3,0,0,17,1,1,0.3114,19,1058,0,2,0
111,2,3,23,5,0,0,23,1,1,0.6509,32,1672,4,3,0
111,2,4,18,5,0,0,18,1,1,1.1209,30,1772,5,4,1
111,2,5,22,6,0,0,22,1,1,0.6209,34,2095,2,3,0
111,3,-6,25,4,37,37,25,1,1,2.9426,72,6393,8,6,1
111,3,-5,19,5,5,5,19,1,1,1.6024,52,4830,4,5,0
111,3,-4,27,7,0,0,27,1,1,2.2909,83,7657,7,7,1
111,3,-3,25,6,0,0,25,1,1,2.2617,63,5927,6,5,0
111,3,-2,22,7,0,0,22,1,1,0.8309,51,4328,2,4,0
111,3,-1,16,5,0,0,16,1,1,0.8809,35,2848,5,4,0
111,3,0,20,7,0,0,20,1,1,0.7509,36,2708,0,3,0
111,3,1,22,3,0,0,22,1,1,1.0109,42,3235,2,4,0
111,4,-3,24,6,0,0,24,1,1,4.1620,83,7629,11,8,3
112,-7,6,23,4,0,0,23,1,1,0.3309,25,1478,0,2,0
112,-7,7,19,10,0,0,19,1,1,0.8909,22,1027,3,3,0
112,-7,8,15,5,0,0,15,1,1,0.5509,23,1403,3,3,0
112,-6,2,23,7,0,0,23,1,1,0.2109,22,925,0,1,0
112,-6,3,23,5,0,0,23,1,1,0.4109,24,865,2,2,0
112,-6,4,24,3,0,0,24,1,1,0.3509,24,808,1,2,0
112,-6,5,15,5,0,0,15,1,1,0.9309,19,583,3,4,1
112,-6,6,18,7,0,0,18,1,1,0.1609,17,666,0,1,0
112,-6,7,20,4,0,0,20,1,1,0.2609,20,1041,1,2,0
112,-6,8,21,5,0,0,21,1,1,0.5909,26,1726,2,3,0
112,-5,-2,25,5,0,0,25,1,1,1.6710,49,3796,3,6,1
112,-5,-1,36,3,0,0,36,1,1,1.3210,60,4012,3,3,0
112,-5,0,29,3,0,0,29,1,1,0.3733,31,1703,3,2,0
112,-5,1,21,7,0,0,21,1,1,3.3609,25,882,5,4,1
112,-5,2,19,7,0,0,19,1,1,0.7709,24,607,3,4,1
112,-5,3,24,7,0,0,24,1,1,0.4509,24,553,1,2,0
112,-5,4,24,8,0,0,24,1,1,0.2209,23,539,0,1,0
112,-5,5,21,7,0,0,21,1,1,0.7709,25,635,3,4,1
112,-5,6,22,5,0,0,22,1,1,0.2009,21,636,0,1,0
112,-5,7,28,7,0,0,28,1,1,0.5109,30,1016,3,2,0
112,-5,8,18,4,0,0,18,1,1,0.3009,18,911,1,2,0
112,-5,9,16,5,0,0,16,1,1,0.4311,21,1217,2,3,0
112,-4,-3,25,7,0,0,25,1,1,2.1109,65,5447,9,7,2
112,-4,-2,16,5,0,0,16,1,1,1.6528,38,2673,10,11,3
112,-4,-1,26,4,0,0,26,1,1,0.4809,29,1622,2,2,0
112,-4,0,24,6,0,0,24,1,1,1.2909,34,1236,9,4,1
112,-4,1,21,6,0,0,21,1,1,0.3909,22,541,2,2,0
112,-4,2,12,9,0,0,12,1,1,0.3209,13,216,2,2,0
112,-4,3,20,7,0,0,20,1,1,0.5309,22,410,3,3,0
112,-4,4,20,5,0,0,20,1,1,1.8909,23,414,3,4,1
112,-4,5,23,4,0,0,23,1,1,0.2414,23,540,1,2,0
112,-4,6,25,4,0,0,25,1,1,0.9509,27,694,3,3,0
112,-4,7,13,3,0,0,13,1,1,0.7909,22,657,9,6,1
112,-4,8,25,7,0,0,25,1,1,0.2310,24,1118,0,1,0
112,-3,-3,13,6,0,0,13,1,1,0.4509,23,1652,1,3,0
112,-3,-2,20,7,0,0,20,1,1,0.5609,29,1621,2,3,0
112,-3,-1,13,2,0,0,13,1,1,0.5009,17,970,3,4,1
112,-3,0,23,6,0,0,23,1,1,2.1709,28,771,5,4,1
112,-3,1,20,4,0,0,20,1,1,0.2709,20,407,1,2,0
112,-3,2,18,5,0,0,18,1,1,0.1609,17,300,0,1,0
112,-3,3,22,5,0,0,22,1,1,1.4609,25,423,3,4,1
112,-3,4,23,6,0,0,23,1,1,0.5309,24,424,2,3,0
112,-3,5,15,4,0,0,15,1,1,0.1909,16,286,2,2,0
112,-3,6,20,5,0,0,20,1,1,0.7509,27,599,7,4,1
112,-3,7,23,5,0,0,23,1,1,0.6409,24,692,2,2,0
112,-2,-3,19,6,0,0,19,1,1,0.3611,30,2385,0,3,0
112,-2,-2,20,7,0,0,20,1,1,0.3709,26,1362,1,2,0
112,-2,-1,20,5,0,0,20,1,1,0.4622,22,1098,3,3,0
112,-2,0,23,5,0,0,23,1,1,1.5309,28,728,5,4,1
112,-2,1,35,4,0,0,35,1,1,0.8610,37,927,3,3,0
112,-2,2,24,4,0,0,24,1,1,0.5409,25,501,2,3,0
112,-2,3,20,7,0,0,20,1,1,0.3709,20,353,1,2,0
112,-2,4,24,5,0,0,24,1,1,0.2211,23,426,0,1,0
112,-2,5,17,5,0,0,17,1,1,0.1509,16,307,0,1,0
112,-2,6,27,5,0,0,27,1,1,0.3809,27,695,1,2,0
112,-2,7,22,5,0,0,22,1,1,0.5609,24,750,3,3,0
112,-1,-4,17,5,0,0,17,1,1,0.7209,37,2994,1,3,0
112,-1,-3,21,7,0,0,21,1,1,1.3909,38,2680,4,4,1
112,-1,-2,24,7,0,0,24,1,1,0.9009,36,2060,4,3,0
112,-1,-1,14,4,0,0,14,1,1,0.2509,14,612,1,2,0
112,-1,0,23,7,0,0,23,1,1,0.3809,23,654,1,2,0
112,-1,1,22,8,0,0,22,1,1,0.2009,21,462,0,1,0
112,-1,2,17,10,0,0,17,1,1,0.4709,18,359,2,3,0
112,-1,3,25,4,0,0,25,1,1,0.2309,24,496,0,1,0
112,-1,4,20,7,0,0,20,1,1,0.3709,21,408,2,2,0
112,-1,5,22,10,0,0,22,1,1,0.2009,21,464,0,1,0
112,-1,6,21,5,0,0,21,1,1,1.3609,24,685,4,4,1
112,0,-4,22,4,0,0,22,1,1,1.3234,55,4775,5,6,0
112,0,-3,18,4,0,0,18,1,1,0.5009,35,2624,3,3,0
112,0,-2,16,4,0,0,16,1,1,0.2909,24,1503,0,2,0
112,0,-1,21,5,0,0,21,1,1,0.6112,26,1247,3,4,0
112,0,0,27,5,0,0,27,1,1,0.2509,26,1110,0,1,0
112,0,1,13,3,0,0,13,1,1,0.6309,19,619,4,5,1
112,0,2,21,5,0,0,21,1,1,0.3809,21,597,1,2,0
112,0,3,22,4,0,0,22,1,1,2.0218,27,617,4,4,1
112,0,4,25,7,0,0,25,1,1,0.7109,27,841,3,3,0
112,0,5,17,7,0,0,17,1,1,0.1618,17,535,1,2,0
112,0,6,24,3,0,0,24,1,1,0.2725,24,1441,1,2,0
112,1,-5,13,4,2,2,13,1,1,1.5510,60,5542,13,11,3
112,1,-4,27,5,0,0,27,1,1,1.8109,65,5710,2,5,0
112,1,-3,22,5,0,0,22,1,1,1.4938,50,4050,10,5,1
112,1,-2,24,5,0,0,24,1,1,1.8309,62,4434,9,7,2
112,1,-1,20,5,0,0,20,1,1,0.5609,26,1794,1,3,0
112,1,0,18,4,0,0,18,1,1,0.2409,19,1002,0,2,0
112,1,1,21,4,0,0,21,1,1,0.2909,21,1038,1,2,0
112,1,2,27,5,0,0,27,1,1,1.7709,38,1728,10,4,1
112,1,3,17,6,0,0,17,1,1,1.0909,20,823,3,4,1
112,1,4,18,7,0,0,18,1,1,0.3309,18,837,1,2,0
112,1,5,19,5,0,0,19,1,1,0.5709,23,1002,2,3,0
112,2,-5,18,7,0,0,18,1,1,12.3525,129,9209,71,68,1
112,2,-4,23,4,0,0,23,1,1,1.3434,64,6007,5,6,1
112,2,-3,15,4,0,0,15,1,1,1.3613,41,3107,6,5,1
112,2,-2,21,3,0,0,21,1,1,1.8712,48,3753,4,8,1
112,2,-1,31,5,0,0,31,1,1,1.5809,59,4414,4,4,1
112,2,0,32,4,0,0,32,1,1,1.9009,51,2838,4,4,1
112,2,1,19,5,0,0,19,1,1,0.5309,26,1524,3,3,0
112,2,2,17,3,0,0,17,1,1,0.4714,21,1166,2,3,0
112,2,3,23,5,0,0,23,1,1,2.7215,33,1870,6,5,2
112,2,4,18,5,0,0,18,1,1,1.0209,34,1710,7,5,2
112,2,5,22,6,0,0,22,1,1,19.6609,128,11380,93,94,0
112,3,-6,25,4,34,34,25,1,1,2.3829,75,6783,6,7,1
112,3,-5,19,5,3,3,19,1,1,1.6920,51,4726,2,4,0
112,3,-4,27,7,0,0,27,1,1,1.7709,69,6262,1,3,0
112,3,-3,25,6,0,0,25,1,1,1.7819,67,6208,9,6,1
112,3,-2,22,7,0,0,22,1,1,2.0909,69,5733,4,8,1
112,3,-1,16,5,0,0,16,1,1,0.7309,34,2720,4,4,0
112,3,0,20,7,0,0,20,1,1,4.7724,64,4799,21,23,3
112,3,1,22,3,0,0,22,1,1,0.8314,42,3384,3,3,0
112,4,-3,24,6,0,0,24,1,1,2.2724,68,6269,5,5,0
113,-7,6,23,4,0,0,23,1,1,0.2810,26,1550,1,2,0
113,-7,7,19,10,0,0,19,1,1,0.3509,23,1211,2,2,0
113,-7,8,15,5,0,0,15,1,1,0.4109,22,1312,2,3,0
113,-6,2,23,7,0,0,23,1,1,0.3010,23,968,1,2,0
113,-6,3,23,5,0,0,23,1,1,0.5309,24,901,2,3,0
113,-6,4,24,3,0,0,24,1,1,1.5009,27,839,3,4,1
113,-6,5,15,5,0,0,15,1,1,0.9309,19,551,4,4,1
113,-6,6,18,7,0,0,18,1,1,0.9409,22,752,5,6,0
113,-6,7,20,4,0,0,20,1,1,0.1809,19,945,0,1,0
113,-6,8,21,5,0,0,21,1,1,0.5909,28,1733,2,3,0
113,-5,-2,25,5,0,0,25,1,1,2.0712,60,4763,8,8,2
113,-5,-1,36,3,0,0,36,1,1,1.8810,66,4498,5,5,1
113,-5,0,29,3,0,0,29,1,1,0.5209,30,1656,2,2,0
113,-5,1,21,7,0,0,21,1,1,0.9609,28,910,5,4,1
113,-5,2,19,7,0,0,19,1,1,0.7709,25,623,5,4,1
113,-5,3,24,7,0,0,24,1,1,0.6809,26,570,3,3,0
113,-5,4,24,8,0,0,24,1,1,0.2809,24,528,1,2,0
113,-5,5,21,7,0,0,21,1,1,0.5709,23,543,3,3,0
113,-5,6,22,5,0,0,22,1,1,1.4609,25,719,3,4,1
113,-5,7,28,7,0,0,28,1,1,0.5109,29,964,2,2,0
113,-5,8,18,4,0,0,18,1,1,0.3309,19,897,2,2,0
113,-5,9,16,5,0,0,16,1,1,0.2915,19,1066,0,2,0
113,-4,-3,25,7,0,0,25,1,1,1.6310,59,4563,7,6,0
113,-4,-2,16,5,0,0,16,1,1,0.5709,25,1823,2,4,0
113,-4,-1,26,4,0,0,26,1,1,0.3610,28,1620,1,2,0
113,-4,0,24,6,0,0,24,1,1,1.7509,32,1035,8,4,2
113,-4,1,21,6,0,0,21,1,1,0.3909,21,523,1,2,0
113,-4,2,12,9,0,0,12,1,1,0.3209,13,207,2,3,0
113,-4,3,20,7,0,0,20,1,1,0.7209,22,409,3,3,0
113,-4,4,20,5,0,0,20,1,1,0.7509,25,478,4,4,1
113,-4,5,23,4,0,0,23,1,1,0.2109,22,507,0,1,0
113,-4,6,25,4,0,0,25,1,1,1.1909,31,814,5,4,1
113,-4,7,13,3,0,0,13,1,1,0.1109,12,375,0,1,0
113,-4,8,25,7,0,0,25,1,1,0.4509,25,1204,1,2,0
113,-3,-3,13,6,0,0,13,1,1,0.3309,23,1626,0,3,0
113,-3,-2,20,7,0,0,20,1,1,0.5609,28,1550,2,2,0
113,-3,-1,13,2,0,0,13,1,1,0.1109,12,648,0,1,0
113,-3,0,23,6,0,0,23,1,1,0.6309,25,715,3,3,0
113,-3,1,20,4,0,0,20,1,1,0.3309,20,428,1,2,0
113,-3,2,18,5,0,0,18,1,1,0.4209,20,349,3,3,0
113,-3,3,22,5,0,0,22,1,1,0.2609,22,392,1,2,0
113,-3,4,23,6,0,0,23,1,1,1.2109,27,465,4,4,1
113,-3,5,15,4,0,0,15,1,1,0.2609,15,265,1,2,0
113,-3,6,20,5,0,0,20,1,1,0.3709,20,429,1,2,0
113,-3,7,23,5,0,0,23,1,1,0.4209,23,695,1,2,0
113,-2,-3,19,6,0,0,19,1,1,0.5310,34,2625,2,3,0
113,-2,-2,20,7,0,0,20,1,1,0.7110,27,1253,4,4,0
113,-2,-1,20,5,0,0,20,1,1,0.3727,22,1165,3,2,0
113,-2,0,23,5,0,0,23,1,1,2.1909,27,738,4,4,1
113,-2,1,35,4,0,0,35,1,1,1.6610,39,966,4,4,1
113,-2,2,24,4,0,0,24,1,1,0.2210,23,447,0,1,0
113,-2,3,20,7,0,0,20,1,1,3.0309,24,414,4,4,1
113,-2,4,24,5,0,0,24,1,1,1.1109,30,535,4,4,1
113,-2,5,17,5,0,0,17,1,1,0.3109,17,335,1,2,0
113,-2,6,27,5,0,0,27,1,1,0.3309,27,658,1,2,0
113,-2,7,22,5,0,0,22,1,1,0.9009,27,898,3,4,1
113,-1,-4,17,5,0,0,17,1,1,0.7812,38,3146,2,4,0
113,-1,-3,21,7,0,0,21,1,1,3.1909,36,2440,3,4,1
113,-1,-2,24,7,0,0,24,1,1,0.6709,34,2081,2,3,0
113,-1,-1,14,4,0,0,14,1,1,0.3509,15,629,2,2,0
113,-1,0,23,7,0,0,23,1,1,0.3809,23,647,1,2,0
113,-1,1,22,8,0,0,22,1,1,2.6909,30,686,8,4,1
113,-1,2,17,10,0,0,17,1,1,0.3109,17,348,1,2,0
113,-1,3,25,4,0,0,25,1,1,0.5509,27,570,3,3,0
113,-1,4,20,7,0,0,20,1,1,0.1809,19,364,0,1,0
113,-1,5,22,10,0,0,22,1,1,3.3509,26,555,4,4,1
113,-1,6,21,5,0,0,21,1,1,0.3609,22,630,2,2,0
113,0,-4,22,4,0,0,22,1,1,1.2628,59,5230,9,7,1
113,0,-3,18,4,0,0,18,1,1,0.4514,33,2511,1,3,0
113,0,-2,16,4,0,0,16,1,1,1.1309,35,2346,7,5,2
113,0,-1,21,5,0,0,21,1,1,1.4111,35,1502,11,8,1
113,0,0,27,5,0,0,27,1,1,2.5309,32,1313,5,4,1
113,0,1,13,3,0,0,13,1,1,0.1124,12,434,0,1,0
113,0,2,21,5,0,0,21,1,1,0.1914,20,567,0,1,0
113,0,3,22,4,0,0,22,1,1,0.2609,22,528,1,2,0
113,0,4,25,7,0,0,25,1,1,1.1909,35,1059,7,4,1
113,0,5,17,7,0,0,17,1,1,0.1509,16,466,0,1,0
113,0,6,24,3,0,0,24,1,1,0.6409,27,1666,4,3,0
113,1,-5,13,4,0,0,13,1,1,0.7109,32,2908,0,3,0
113,1,-4,27,5,0,0,27,1,1,1.5509,68,5978,6,5,0
113,1,-3,22,5,0,0,22,1,1,1.4609,51,3985,6,7,1
113,1,-2,24,5,0,0,24,1,1,0.6809,44,3090,1,3,0
113,1,-1,20,5,0,0,20,1,1,0.3709,25,1714,0,2,0
113,1,0,18,4,0,0,18,1,1,0.2909,20,1047,1,2,0
113,1,1,21,4,0,0,21,1,1,1.2909,31,1511,9,4,2
113,1,2,27,5,0,0,27,1,1,1.2509,36,1672,5,4,1
113,1,3,17,6,0,0,17,1,1,0.1526,16,731,0,1,0
113,1,4,18,7,0,0,18,1,1,0.3309,18,846,1,2,0
113,1,5,19,5,0,0,19,1,1,0.8009,28,1279,4,4,1
113,2,-5,18,7,1,1,18,1,1,2.8420,68,5844,15,9,1
113,2,-4,23,4,0,0,23,1,1,1.7636,70,6525,10,6,2
113,2,-3,15,4,0,0,15,1,1,0.5514,36,3015,2,4,0
113,2,-2,21,3,0,0,21,1,1,0.6712,37,2907,0,3,0
113,2,-1,31,5,0,0,31,1,1,1.4909,60,4448,6,3,0
113,2,0,32,4,0,0,32,1,1,1.2309,50,2881,5,3,0
113,2,1,19,5,0,0,19,1,1,0.3509,25,1495,0,2,0
113,2,2,17,3,0,0,17,1,1,1.2515,23,1265,3,4,1
113,2,3,23,5,0,0,23,1,1,0.9609,38,2051,6,4,1
113,2,4,18,5,0,0,18,1,1,0.3618,25,1564,1,2,0
113,2,5,22,6,0,0,22,1,1,0.9709,42,2861,7,5,1
113,3,-6,25,4,43,43,25,1,1,3.3432,84,7877,10,9,2
113,3,-5,19,5,6,6,19,1,1,3.0423,64,5938,6,9,1
113,3,-4,27,7,0,0,27,1,1,1.5110,68,6247,0,3,0
113,3,-3,25,6,0,0,25,1,1,1.5416,58,5429,1,4,0
113,3,-2,22,7,0,0,22,1,1,2.3009,84,7186,17,10,4
113,3,-1,16,5,0,0,16,1,1,0.7309,33,2487,3,4,0
113,3,0,20,7,0,0,20,1,1,0.7509,37,2841,1,3,0
113,3,1,22,3,0,0,22,1,1,1.0109,43,3516,4,5,0
113,4,-3,24,6,0,0,24,1,1,2.0920,68,6275,5,4,1
114,-7,6,23,4,0,0,23,1,1,0.3209,25,1489,1,2,0
114,-7,7,19,10,0,0,19,1,1,0.3509,19,948,0,2,0
114,-7,8,15,5,0,0,15,1,1,0.2709,20,1244,0,2,0
114,-6,2,23,7,0,0,23,1,1,0.4309,23,932,1,2,0
114,-6,3,23,5,0,0,23,1,1,0.8509,25,866,3,3,0
114,-6,4,24,3,0,0,24,1,1,0.5809,27,993,4,3,0
114,-6,5,15,5,0,0,15,1,1,0.2609,16,533,2,2,0
114,-6,6,18,7,0,0,18,1,1,0.1609,17,680,0,1,0
114,-6,7,20,4,0,0,20,1,1,0.1809,19,946,0,1,0
114,-6,8,21,5,0,0,21,1,1,0.3909,26,1669,1,2,0
114,-5,-2,25,5,0,0,25,1,1,0.7911,42,3315,1,3,0
114,-5,-1,36,3,0,0,36,1,1,1.5310,59,4057,4,4,0
114,-5,0,29,3,0,0,29,1,1,1.8809,34,1762,5,4,1
114,-5,1,21,7,0,0,21,1,1,0.3609,21,769,1,2,0
114,-5,2,19,7,0,0,19,1,1,0.1709,18,469,0,1,0
114,-5,3,24,7,0,0,24,1,1,0.6809,25,537,2,2,0
114,-5,4,24,8,0,0,24,1,1,3.6709,26,562,3,4,1
114,-5,5,21,7,0,0,21,1,1,0.3709,21,504,1,2,0
114,-5,6,22,5,0,0,22,1,1,0.4109,22,692,1,2,0
114,-5,7,28,7,0,0,28,1,1,0.2609,27,881,0,1,0
114,-5,8,18,4,0,0,18,1,1,1.3609,27,1205,7,5,2
114,-5,9,16,5,0,0,16,1,1,1.0009,28,1438,6,6,1
114,-4,-3,25,7,0,0,25,1,1,0.9109,51,4176,1,3,0
114,-4,-2,16,5,0,0,16,1,1,0.4209,24,1707,1,3,0
114,-4,-1,26,4,0,0,26,1,1,1.5909,35,1811,5,4,1
114,-4,0,24,6,0,0,24,1,1,0.3709,25,880,2,2,0
114,-4,1,21,6,0,0,21,1,1,0.3909,22,540,2,2,0
114,-4,2,12,9,0,0,12,1,1,0.2109,12,211,1,2,0
114,-4,3,20,7,0,0,20,1,1,0.1810,19,359,0,1,0
114,-4,4,20,5,0,0,20,1,1,0.5609,21,395,2,3,0
114,-4,5,23,4,0,0,23,1,1,0.4309,23,522,1,2,0
114,-4,6,25,4,0,0,25,1,1,5.2816,48,1525,24,23,0
114,-4,7,13,3,0,0,13,1,1,7.8509,80,2262,66,66,0
114,-4,8,25,7,0,0,25,1,1,0.4509,25,1143,1,2,0
114,-3,-3,13,6,0,0,13,1,1,0.5709,24,1831,2,5,0
114,-3,-2,20,7,0,0,20,1,1,0.3709,26,1533,0,2,0
114,-3,-1,13,2,0,0,13,1,1,0.1410,13,637,1,2,0
114,-3,0,23,6,0,0,23,1,1,1.0109,26,685,3,4,1
114,-3,1,20,4,0,0,20,1,1,0.1809,19,395,0,1,0
114,-3,2,18,5,0,0,18,1,1,0.2709,18,321,1,2,0
114,-3,3,22,5,0,0,22,1,1,1.9409,25,432,4,4,1
114,-3,4,23,6,0,0,23,1,1,0.3809,23,403,1,2,0
114,-3,5,15,4,0,0,15,1,1,0.1611,15,277,1,2,0
114,-3,6,20,5,0,0,20,1,1,0.1809,19,420,0,1,0
114,-3,7,23,5,0,0,23,1,1,0.2119,22,629,0,1,0
114,-2,-3,19,6,0,0,19,1,1,0.5212,32,2430,0,3,0
114,-2,-2,20,7,0,0,20,1,1,0.3710,25,1251,1,2,0
114,-2,-1,20,5,0,0,20,1,1,0.2609,20,969,1,2,0
114,-2,0,23,5,0,0,23,1,1,0.4613,24,704,2,3,0
114,-2,1,35,4,0,0,35,1,1,0.7010,38,933,4,3,0
114,-2,2,24,4,0,0,24,1,1,0.8409,27,506,4,3,0
114,-2,3,20,7,0,0,20,1,1,1.3209,25,454,5,4,1
114,-2,4,24,5,0,0,24,1,1,0.2210,23,421,0,1,0
114,-2,5,17,5,0,0,17,1,1,0.3109,18,355,2,2,0
114,-2,6,27,5,0,0,27,1,1,0.8509,30,761,4,3,0
114,-2,7,22,5,0,0,22,1,1,0.3509,23,772,2,2,0
114,-1,-4,17,5,0,0,17,1,1,0.8809,38,2975,2,3,0
114,-1,-3,21,7,0,0,21,1,1,0.5909,35,2566,2,3,0
114,-1,-2,24,7,0,0,24,1,1,1.1309,42,2435,3,5,1
114,-1,-1,14,4,0,0,14,1,1,0.3509,16,764,3,3,0
114,-1,0,23,7,0,0,23,1,1,0.2113,22,639,0,1,0
114,-1,1,22,8,0,0,22,1,1,0.6209,24,549,3,3,0
114,-1,2,17,10,0,0,17,1,1,0.1509,16,336,0,1,0
114,-1,3,25,4,0,0,25,1,1,1.1209,35,716,7,4,2
114,-1,4,20,7,0,0,20,1,1,0.5009,21,396,2,3,0
114,-1,5,22,10,0,0,22,1,1,0.2009,21,462,0,1,0
114,-1,6,21,5,0,0,21,1,1,1.3609,27,689,7,7,1
114,0,-4,22,4,0,0,22,1,1,1.3236,64,5762,10,6,1
114,0,-3,18,4,0,0,18,1,1,0.5009,34,2585,2,3,0
114,0,-2,16,4,0,0,16,1,1,2.3309,39,2997,14,16,1
114,0,-1,21,5,0,0,21,1,1,0.5209,25,1325,2,2,0
114,0,0,27,5,0,0,27,1,1,0.6409,28,1174,2,2,0
114,0,1,13,3,0,0,13,1,1,0.2324,13,512,1,2,0
114,0,2,21,5,0,0,21,1,1,0.5809,24,599,4,3,0
114,0,3,22,4,0,0,22,1,1,0.3409,24,608,3,2,0
114,0,4,25,7,0,0,25,1,1,2.1509,35,1001,10,4,2
114,0,5,17,7,0,0,17,1,1,0.1509,16,483,0,1,0
114,0,6,24,3,0,0,24,1,1,0.6409,27,1516,4,3,0
114,1,-5,13,4,1,1,13,1,1,1.3109,42,3902,10,9,0
114,1,-4,27,5,0,0,27,1,1,2.0709,65,5667,3,5,0
114,1,-3,22,5,0,0,22,1,1,1.0912,43,3470,4,5,0
114,1,-2,24,5,0,0,24,1,1,1.3709,51,3621,4,5,1
114,1,-1,20,5,0,0,20,1,1,1.1309,34,2177,4,5,1
114,1,0,18,4,0,0,18,1,1,1.2109,25,1130,5,4,1
114,1,1,21,4,0,0,21,1,1,1.1509,29,1489,8,4,1
114,1,2,27,5,0,0,27,1,1,0.4709,29,1443,3,2,0
114,1,3,17,6,0,0,17,1,1,0.2909,17,730,1,2,0
114,1,4,18,7,0,0,18,1,1,1.0109,29,1537,10,6,2
114,1,5,19,5,0,0,19,1,1,0.4512,23,1121,3,3,0
114,2,-5,18,7,3,3,18,1,1,3.5230,50,4502,6,5,1
114,2,-4,23,4,0,0,23,1,1,2.5712,66,5907,7,5,1
114,2,-3,15,4,0,0,15,1,1,1.2338,53,4778,14,9,2
114,2,-2,21,3,0,0,21,1,1,0.6711,36,2824,0,3,0
114,2,-1,31,5,0,0,31,1,1,1.1909,60,4911,7,4,0
114,2,0,32,4,0,0,32,1,1,0.9209,49,3032,4,3,0
114,2,1,19,5,0,0,19,1,1,0.5309,26,1552,1,3,0
114,2,2,17,3,0,0,16,0,1,-1.0000,205,21205,186,187,0
114,2,3,23,5,0,0,23,1,1,0.9609,33,1744,5,5,0
114,2,4,18,5,0,0,18,1,1,1.6309,30,1584,5,4,1
114,2,5,22,6,0,0,22,1,1,1.1809,43,2752,6,5,1
114,3,-6,25,4,34,34,25,1,1,2.3833,75,6720,7,7,1
114,3,-5,19,5,3,3,19,1,1,1.7128,61,5801,6,9,1
114,3,-4,27,7,0,0,27,1,1,2.8110,84,7307,10,6,1
114,3,-3,25,6,0,0,25,1,1,2.3520,80,7532,11,8,1
114,3,-2,22,7,0,0,22,1,1,2.0909,68,5644,10,8,2
114,3,-1,16,5,0,0,16,1,1,0.7432,37,3052,5,5,1
114,3,0,20,7,0,0,20,1,1,0.7509,36,2728,0,3,0
114,3,1,22,3,0,0,22,1,1,1.0109,41,3424,2,5,0
114,4,-3,24,6,0,0,24,1,1,2.0424,62,5861,0,3,0
115,-7,6,23,4,0,0,23,1,1,0.4309,25,1591,1,2,0
115,-7,7,19,10,0,0,19,1,1,0.3509,20,982,0,2,0
115,-7,8,15,5,0,0,15,1,1,0.4109,21,1291,1,3,0
115,-6,2,23,7,0,0,23,1,1,1.0909,31,1148,3,4,1
115,-6,3,23,5,0,0,23,1,1,0.6309,25,927,3,3,0
115,-6,4,24,3,0,0,24,1,1,0.6309,27,988,4,3,0
115,-6,5,15,5,0,0,15,1,1,0.1323,14,463,0,1,0
115,-6,6,18,7,0,0,18,1,1,1.1821,22,810,5,4,1
115,-6,7,20,4,0,0,20,1,1,0.2609,20,1044,1,2,0
115,-6,8,21,5,0,0,21,1,1,1.3909,34,1909,9,7,0
115,-5,-2,25,5,0,0,25,1,1,2.1509,56,4319,7,8,2
115,-5,-1,36,3,0,0,36,1,1,1.1810,58,3990,2,4,0
115,-5,0,29,3,0,0,29,1,1,0.7609,30,1655,2,3,0
115,-5,1,21,7,0,0,21,1,1,0.8009,24,791,3,4,1
115,-5,2,19,7,0,0,19,1,1,0.1709,18,420,0,1,0
115,-5,3,24,7,0,0,24,1,1,0.4509,25,524,2,2,0
115,-5,4,24,8,0,0,24,1,1,0.4509,24,530,1,2,0
115,-5,5,21,7,0,0,21,1,1,0.5709,22,527,2,2,0
115,-5,6,22,5,0,0,22,1,1,0.2009,21,643,0,1,0
115,-5,7,28,7,0,0,28,1,1,0.5109,28,943,1,2,0
115,-5,8,18,4,0,0,18,1,1,0.7609,21,921,3,4,1
115,-5,9,16,5,0,0,16,1,1,0.4311,23,1169,4,3,0
115,-4,-3,25,7,0,0,25,1,1,1.1509,53,4242,1,4,0
115,-4,-2,16,5,0,0,16,1,1,1.0209,27,1768,3,4,1
115,-4,-1,26,4,0,0,26,1,1,0.4809,29,1593,2,2,0
115,-4,0,24,6,0,0,24,1,1,0.2209,23,835,0,1,0
115,-4,1,21,6,0,0,21,1,1,0.1909,20,507,0,1,0
115,-4,2,12,9,0,0,12,1,1,0.1009,11,189,0,1,0
115,-4,3,20,7,0,0,20,1,1,0.5309,21,396,2,3,0
115,-4,4,20,5,0,0,20,1,1,0.9509,25,459,5,4,1
115,-4,5,23,4,0,0,23,1,1,0.6509,25,576,3,3,0
115,-4,6,25,4,0,0,25,1,1,0.7109,26,658,2,2,0
115,-4,7,13,3,0,0,13,1,1,0.7709,17,474,4,4,1
115,-4,8,25,7,0,0,25,1,1,3.0909,30,1240,4,4,1
115,-3,-3,13,6,0,0,13,1,1,0.3309,22,1607,0,3,0
115,-3,-2,20,7,0,0,20,1,1,0.3709,27,1554,0,2,0
115,-3,-1,13,2,0,0,12,0,1,-1.0000,266,13100,252,250,1
115,-3,0,23,6,0,0,23,1,1,0.3509,23,682,1,2,0
115,-3,1,20,4,0,0,20,1,1,0.1809,19,390,0,1,0
115,-3,2,18,5,0,0,18,1,1,0.4209,19,333,2,3,0
115,-3,3,22,5,0,0,22,1,1,0.4109,22,389,1,2,0
115,-3,4,23,6,0,0,23,1,1,0.3109,23,418,1,2,0
115,-3,5,15,4,0,0,15,1,1,0.1310,14,249,0,1,0
115,-3,6,20,5,0,0,20,1,1,0.3709,21,461,2,2,0
115,-3,7,23,5,0,0,23,1,1,0.4209,23,656,1,2,0
115,-2,-3,19,6,0,0,19,1,1,1.0309,36,2615,4,4,0
115,-2,-2,20,7,0,0,20,1,1,0.5609,26,1360,2,3,0
115,-2,-1,20,5,0,0,20,1,1,0.4509,22,1036,3,3,0
115,-2,0,23,5,0,0,23,1,1,0.4309,23,664,1,2,0
115,-2,1,35,4,0,0,35,1,1,0.5210,35,860,1,2,0
115,-2,2,24,4,0,0,24,1,1,0.6109,26,505,3,2,0
115,-2,3,20,7,0,0,20,1,1,0.5609,22,391,3,3,0
115,-2,4,24,5,0,0,24,1,1,1.1309,29,515,5,4,1
115,-2,5,17,5,0,0,17,1,1,0.2609,17,324,1,2,0
115,-2,6,27,5,0,0,27,1,1,0.2512,26,667,0,1,0
115,-2,7,22,5,0,0,22,1,1,0.3509,22,706,1,2,0
115,-1,-4,17,5,0,0,17,1,1,1.0410,41,3432,5,6,0
115,-1,-3,21,7,0,0,21,1,1,0.5909,33,2497,1,3,0
115,-1,-2,24,7,0,0,24,1,1,0.4409,32,1872,0,2,0
115,-1,-1,14,4,0,0,14,1,1,0.1209,13,610,0,1,0
115,-1,0,23,7,0,0,23,1,1,0.4209,24,641,2,2,0
115,-1,1,22,8,0,0,22,1,1,0.3809,22,501,1,2,0
115,-1,2,17,10,0,0,17,1,1,0.1509,16,330,0,1,0
115,-1,3,25,4,0,0,25,1,1,0.3909,25,528,1,2,0
115,-1,4,20,7,0,0,20,1,1,0.1809,19,357,0,1,0
115,-1,5,22,10,0,0,22,1,1,0.2009,21,457,0,1,0
115,-1,6,21,5,0,0,21,1,1,1.9609,27,769,7,4,2
115,0,-4,22,4,0,0,22,1,1,1.4730,57,5117,6,8,1
115,0,-3,18,4,0,0,18,1,1,0.5009,34,2457,1,3,0
115,0,-2,16,4,0,0,16,1,1,0.8309,34,2247,8,6,1
115,0,-1,21,5,0,0,21,1,1,0.7209,25,1212,2,3,0
115,0,0,27,5,0,0,27,1,1,0.4509,27,1208,1,2,0
115,0,1,13,3,0,0,13,1,1,0.1121,12,440,0,1,0
115,0,2,21,5,0,0,21,1,1,0.3809,22,579,2,2,0
115,0,3,22,4,0,0,22,1,1,0.4109,25,607,4,2,0
115,0,4,25,7,0,0,25,1,1,0.4709,25,735,1,2,0
115,0,5,17,7,0,0,17,1,1,0.1509,16,478,0,1,0
115,0,6,24,3,0,0,24,1,1,0.9409,29,1758,4,4,1
115,1,-5,13,4,1,1,13,1,1,0.9509,36,3288,4,7,0
115,1,-4,27,5,0,0,27,1,1,1.8109,69,5891,6,5,0
115,1,-3,22,5,0,0,22,1,1,1.4609,51,4006,5,6,1
115,1,-2,24,5,0,0,24,1,1,1.8309,54,3753,5,8,1
115,1,-1,20,5,0,0,20,1,1,0.9409,33,2045,3,4,1
115,1,0,18,4,0,0,18,1,1,0.2409,19,1027,0,2,0
115,1,1,21,4,0,0,21,1,1,0.5909,23,1186,3,3,0
115,1,2,27,5,0,0,27,1,1,0.4709,27,1352,1,2,0
115,1,3,17,6,0,0,17,1,1,0.1528,16,692,0,1,0
115,1,4,18,7,0,0,18,1,1,0.1609,17,791,0,1,0
115,1,5,19,5,0,0,19,1,1,0.5209,25,1138,4,3,0
115,2,-5,18,7,1,1,18,1,1,1.6520,45,4034,3,4,0
115,2,-4,23,4,0,0,23,1,1,1.3011,58,5372,1,4,0
115,2,-3,15,4,0,0,15,1,1,1.9209,54,4549,11,13,1
115,2,-2,21,3,0,0,21,1,1,1.1109,43,3357,5,4,1
115,2,-1,31,5,0,0,31,1,1,1.1909,58,4434,3,4,0
115,2,0,32,4,0,0,32,1,1,0.9209,48,2868,1,3,0
115,2,1,19,5,0,0,19,1,1,1.2509,34,1974,8,7,2
115,2,2,17,3,0,0,17,1,1,0.4509,20,1177,1,3,0
115,2,3,23,5,0,0,23,1,1,1.5310,34,1754,5,4,1
115,2,4,18,5,0,0,18,1,1,2.3111,30,1719,3,4,1
115,2,5,22,6,0,0,22,1,1,1.4609,46,2884,9,6,2
115,3,-6,25,4,44,44,25,1,1,2.2030,69,6155,9,7,0
115,3,-5,19,5,4,4,19,1,1,1.5120,51,4651,1,4,0
115,3,-4,27,7,0,0,27,1,1,2.2909,73,6565,5,4,0
115,3,-3,25,6,0,0,25,1,1,1.5417,63,5886,6,5,0
115,3,-2,22,7,0,0,22,1,1,2.5109,64,5094,7,10,1
115,3,-1,16,5,0,0,16,1,1,0.7309,31,2508,1,4,0
115,3,0,20,7,0,0,20,1,1,3.0309,44,3172,7,7,1
115,3,1,22,3,0,0,22,1,1,1.0712,50,3959,8,5,1
115,4,-3,24,6,0,0,24,1,1,2.9617,86,8237,12,10,1
116,-7,6,23,4,0,0,23,1,1,0.9011,33,2025,6,4,1
116,-7,7,19,10,0,0,19,1,1,3.9509,29,1231,8,9,2
116,-7,8,15,5,0,0,15,1,1,0.5509,22,1258,2,3,0
116,-6,2,23,7,0,0,23,1,1,4.1727,27,1060,3,4,1
116,-6,3,23,5,0,0,23,1,1,0.2120,22,768,0,1,0
116,-6,4,24,3,0,0,24,1,1,0.4009,25,856,2,2,0
116,-6,5,15,5,0,0,15,1,1,0.4009,17,562,3,3,0
116,-6,6,18,7,0,0,18,1,1,0.1609,17,671,0,1,0
116,-6,7,20,4,0,0,20,1,1,0.8411,24,1186,4,4,1
116,-6,8,21,5,0,0,21,1,1,0.9909,34,2128,6,4,1
116,-5,-2,25,5,0,0,25,1,1,1.0415,47,3689,6,5,0
116,-5,-1,36,3,0,0,36,1,1,1.8810,67,4648,10,5,2
116,-5,0,29,3,0,0,29,1,1,1.6409,36,2026,6,6,1
116,-5,1,21,7,0,0,21,1,1,0.1926,20,718,0,1,0
116,-5,2,19,7,0,0,19,1,1,0.5309,23,575,5,3,0
116,-5,3,24,7,0,0,24,1,1,0.4509,26,559,3,2,0
116,-5,4,24,8,0,0,24,1,1,0.2209,23,504,0,1,0
116,-5,5,21,7,0,0,21,1,1,0.1909,20,472,0,1,0
116,-5,6,22,5,0,0,22,1,1,1.4609,25,707,3,4,1
116,-5,7,28,7,0,0,28,1,1,1.5909,36,1132,4,4,1
116,-5,8,18,4,0,0,18,1,1,0.3009,19,991,2,2,0
116,-5,9,16,5,0,0,16,1,1,0.5913,21,1135,2,4,0
116,-4,-3,25,7,0,0,25,1,1,1.4614,54,4260,3,4,1
116,-4,-2,16,5,0,0,16,1,1,0.2930,23,1614,0,2,0
116,-4,-1,26,4,0,0,26,1,1,0.4809,29,1605,2,2,0
116,-4,0,24,6,0,0,24,1,1,0.6009,27,1083,4,3,0
116,-4,1,21,6,0,0,21,1,1,1.5909,25,572,4,4,1
116,-4,2,12,9,0,0,12,1,1,0.5409,16,270,5,4,0
116,-4,3,20,7,0,0,20,1,1,1.8609,24,433,3,4,1
116,-4,4,20,5,0,0,20,1,1,0.3709,20,371,1,2,0
116,-4,5,23,4,0,0,23,1,1,0.4309,24,563,2,2,0
116,-4,6,25,4,0,0,25,1,1,2.2409,29,712,4,4,1
116,-4,7,13,3,0,0,13,1,1,0.1709,13,426,1,2,0
116,-4,8,25,7,0,0,25,1,1,0.9309,27,1116,3,4,0
116,-3,-3,13,6,0,0,13,1,1,2.0109,48,3860,19,17,0
116,-3,-2,20,7,0,0,20,1,1,0.7509,27,1636,3,4,0
116,-3,-1,13,2,0,0,13,1,1,0.1409,13,658,1,2,0
116,-3,0,23,6,0,0,23,1,1,0.5709,26,707,4,3,0
116,-3,1,20,4,0,0,20,1,1,1.2809,26,491,5,4,1
116,-3,2,18,5,0,0,13,0,1,-1.0000,195,3163,178,177,0
116,-3,3,22,5,0,0,22,1,1,1.3109,24,427,3,4,1
116,-3,4,23,6,0,0,23,1,1,0.8009,26,475,4,3,0
116,-3,5,15,4,0,0,15,1,1,1.4110,32,562,18,11,0
116,-3,6,20,5,0,0,20,1,1,0.5609,21,448,2,3,0
116,-3,7,23,5,0,0,23,1,1,0.2122,22,630,0,1,0
116,-2,-3,19,6,0,0,19,1,1,0.3918,31,2415,0,3,0
116,-2,-2,20,7,0,0,20,1,1,0.8616,27,1476,3,5,0
116,-2,-1,20,5,0,0,20,1,1,0.8309,23,1131,3,4,1
116,-2,0,23,5,0,0,23,1,1,0.4309,23,700,1,2,0
116,-2,1,35,4,0,0,35,1,1,0.3310,34,855,0,1,0
116,-2,2,24,4,0,0,24,1,1,0.2209,23,447,0,1,0
116,-2,3,20,7,0,0,20,1,1,0.3709,20,358,1,2,0
116,-2,4,24,5,0,0,24,1,1,0.6509,26,472,3,2,0
116,-2,5,17,5,0,0,17,1,1,0.8009,22,410,5,5,1
116,-2,6,27,5,0,0,27,1,1,0.3809,28,728,2,2,0
116,-2,7,22,5,0,0,22,1,1,0.2709,22,723,1,2,0
116,-1,-4,17,5,0,0,17,1,1,0.7812,37,2985,1,3,0
116,-1,-3,21,7,0,0,21,1,1,1.1909,40,2926,3,5,1
116,-1,-2,24,7,0,0,24,1,1,1.8209,43,2429,7,6,2
116,-1,-1,14,4,0,0,14,1,1,0.1209,13,615,0,1,0
116,-1,0,23,7,0,0,23,1,1,0.2112,22,607,0,1,0
116,-1,1,22,8,0,0,22,1,1,0.2009,21,459,0,1,0
116,-1,2,17,10,0,0,17,1,1,0.3109,17,349,1,2,0
116,-1,3,25,4,0,0,25,1,1,0.4309,26,539,2,2,0
116,-1,4,20,7,0,0,20,1,1,0.2809,21,404,2,2,0
116,-1,5,22,10,0,0,22,1,1,0.2009,21,444,0,1,0
116,-1,6,21,5,0,0,21,1,1,0.3609,21,607,1,2,0
116,0,-4,22,4,0,0,22,1,1,1.2209,53,4693,4,6,0
116,0,-3,18,4,0,0,18,1,1,0.4514,31,2348,0,3,0
116,0,-2,16,4,0,0,16,1,1,1.4309,33,2336,7,10,1
116,0,-1,21,5,0,0,21,1,1,0.7209,27,1470,3,4,1
116,0,0,27,5,0,0,27,1,1,1.9409,33,1325,6,4,1
116,0,1,13,3,0,0,13,1,1,0.5109,18,644,3,4,1
116,0,2,21,5,0,0,21,1,1,0.7809,23,631,3,3,0
116,0,3,22,4,0,0,22,1,1,0.7609,28,676,6,4,1
116,0,4,25,7,0,0,25,1,1,0.9609,28,817,3,4,1
116,0,5,17,7,0,0,17,1,1,0.3109,17,499,1,2,0
116,0,6,24,3,0,0,24,1,1,0.4109,25,1563,2,2,0
116,1,-5,13,4,2,2,13,1,1,0.8310,36,3272,4,5,0
116,1,-4,27,5,0,0,27,1,1,2.8509,75,6648,10,6,1
116,1,-3,22,5,0,0,22,1,1,0.8309,44,3472,4,4,0
116,1,-2,24,5,0,0,24,1,1,1.1409,49,3486,5,5,0
116,1,-1,20,5,0,0,20,1,1,0.3709,26,1692,0,2,0
116,1,0,18,4,0,0,18,1,1,2.8409,41,1476,20,17,1
116,1,1,21,4,0,0,21,1,1,0.1909,20,1021,0,1,0
116,1,2,27,5,0,0,27,1,1,0.2522,26,1311,0,1,0
116,1,3,17,6,0,0,17,1,1,0.1528,16,701,0,1,0
116,1,4,18,7,0,0,18,1,1,2.8810,24,1089,5,4,1
116,1,5,19,5,0,0,19,1,1,0.7009,23,1020,3,3,0
116,2,-5,18,7,1,1,18,1,1,1.4820,45,4031,3,5,0
116,2,-4,23,4,0,0,23,1,1,1.7415,62,5690,5,5,0
116,2,-3,15,4,0,0,15,1,1,1.3609,47,3860,6,8,2
116,2,-2,21,3,0,0,21,1,1,0.9909,42,3308,4,5,0
116,2,-1,31,5,0,0,31,1,1,1.1909,60,4564,4,3,0
116,2,0,32,4,0,0,32,1,1,1.5409,50,2912,4,3,0
116,2,1,19,5,0,0,19,1,1,0.3509,24,1445,0,2,0
116,2,2,17,3,0,0,17,1,1,0.8212,30,1902,8,4,1
116,2,3,23,5,0,0,23,1,1,0.8709,31,1557,3,3,0
116,2,4,18,5,0,0,18,1,1,0.5009,26,1556,1,2,0
116,2,5,22,6,0,0,22,1,1,1.8809,47,2930,10,8,1
116,3,-6,25,4,29,29,25,1,1,1.6633,64,5724,3,4,0
116,3,-5,19,5,1,1,19,1,1,1.8720,53,4774,2,5,0
116,3,-4,27,7,0,0,27,1,1,1.7710,69,6351,1,4,0
116,3,-3,25,6,0,0,25,1,1,2.7422,76,7215,10,8,1
116,3,-2,22,7,0,0,21,0,1,-1.0000,194,19666,142,143,1
116,3,-1,16,5,0,0,16,1,1,0.7309,31,2480,1,4,0
116,3,0,20,7,0,0,20,1,1,0.7509,36,2739,0,3,0
116,3,1,22,3,0,0,22,1,1,1.1309,49,4019,6,5,1
116,4,-3,24,6,0,0,24,1,1,2.2722,65,6057,3,4,0
117,-7,6,23,4,0,0,23,1,1,0.3312,25,1522,0,2,0
117,-7,7,19,10,0,0,19,1,1,0.3509,22,1059,0,2,0
117,-7,8,15,5,0,0,13,0,1,-1.0000,244,7596,218,215,1
117,-6,2,23,7,0,0,23,1,1,0.2109,22,912,0,1,0
117,-6,3,23,5,0,0,23,1,1,0.2124,22,813,0,1,0
117,-6,4,24,3,0,0,24,1,1,0.9209,30,1074,6,4,1
117,-6,5,15,5,0,0,15,1,1,0.4009,17,577,3,3,0
117,-6,6,18,7,0,0,18,1,1,0.1609,17,660,0,1,0
117,-6,7,20,4,0,0,20,1,1,0.2609,20,1050,1,2,0
117,-6,8,21,5,0,0,21,1,1,1.5909,36,2046,7,7,1
117,-5,-2,25,5,0,0,25,1,1,0.7911,42,3283,1,3,0
117,-5,-1,36,3,0,0,36,1,1,2.5810,67,4263,6,6,1
117,-5,0,29,3,0,0,29,1,1,1.8809,32,1627,3,4,1
117,-5,1,21,7,0,0,21,1,1,0.3609,21,751,1,2,0
117,-5,2,19,7,0,0,19,1,1,0.1709,18,438,0,1,0
117,-5,3,24,7,0,0,24,1,1,0.6809,25,531,2,3,0
117,-5,4,24,8,0,0,24,1,1,0.6809,25,560,2,2,0
117,-5,5,21,7,0,0,21,1,1,0.1909,20,474,0,1,0
117,-5,6,22,5,0,0,22,1,1,0.4109,22,662,1,2,0
117,-5,7,28,7,0,0,28,1,1,0.7809,29,962,2,2,0
117,-5,8,18,4,0,0,18,1,1,0.1610,17,872,0,1,0
117,-5,9,16,5,0,0,16,1,1,0.8509,24,1460,3,5,1
117,-4,-3,25,7,0,0,25,1,1,1.4320,59,4620,8,6,0
117,-4,-2,16,5,0,0,16,1,1,0.7209,27,1747,4,3,0
117,-4,-1,26,4,0,0,26,1,1,0.3611,29,1515,1,2,0
117,-4,0,24,6,0,0,23,0,1,-1.0000,157,9401,134,131,0
117,-4,1,21,6,0,0,21,1,1,0.3909,22,556,2,2,0
117,-4,2,12,9,0,0,12,1,1,0.1009,11,188,0,1,0
117,-4,3,20,7,0,0,20,1,1,1.6909,33,596,8,5,2
117,-4,4,20,5,0,0,20,1,1,0.9409,25,480,4,4,1
117,-4,5,23,4,0,0,23,1,1,0.4309,25,579,3,2,0
117,-4,6,25,4,0,0,25,1,1,0.4709,25,627,1,2,0
117,-4,7,13,3,0,0,13,1,1,0.9509,22,922,8,8,1
117,-4,8,25,7,0,0,25,1,1,1.6509,28,1213,3,4,1
117,-3,-3,13,6,0,0,13,1,1,0.3631,23,1820,2,4,0
117,-3,-2,20,7,0,0,20,1,1,0.5609,30,1849,5,3,0
117,-3,-1,13,2,0,0,13,1,1,0.1109,12,635,0,1,0
117,-3,0,23,6,0,0,23,1,1,0.4109,24,674,2,2,0
117,-3,1,20,4,0,0,20,1,1,0.7109,23,457,4,3,0
117,-3,2,18,5,0,0,18,1,1,0.1609,17,296,0,1,0
117,-3,3,22,5,0,0,22,1,1,0.2009,21,375,0,1,0
117,-3,4,23,6,0,0,23,1,1,0.5809,24,433,2,3,0
117,-3,5,15,4,0,0,15,1,1,0.1309,14,255,0,1,0
117,-3,6,20,5,0,0,20,1,1,0.1809,19,414,0,1,0
117,-3,7,23,5,0,0,23,1,1,0.4209,23,686,1,2,0
117,-2,-3,19,6,0,0,19,1,1,0.5212,32,2422,0,3,0
117,-2,-2,20,7,0,0,20,1,1,0.3709,25,1258,1,2,0
117,-2,-1,20,5,0,0,20,1,1,1.7810,23,1083,3,4,1
117,-2,0,23,5,0,0,23,1,1,0.4309,24,679,2,2,0
117,-2,1,35,4,0,0,35,1,1,0.9510,39,974,5,3,0
117,-2,2,24,4,0,0,24,1,1,1.5309,29,546,5,4,1
117,-2,3,20,7,0,0,20,1,1,0.3709,20,346,1,2,0
117,-2,4,24,5,0,0,24,1,1,0.2410,24,450,1,2,0
117,-2,5,17,5,0,0,17,1,1,0.7409,23,433,5,4,1
117,-2,6,27,5,0,0,27,1,1,0.6409,29,774,3,2,0
117,-2,7,22,5,0,0,22,1,1,0.2020,21,714,0,1,0
117,-1,-4,17,5,0,0,17,1,1,1.0409,47,3936,8,6,1
117,-1,-3,21,7,0,0,21,1,1,0.9909,36,2576,3,3,0
117,-1,-2,24,7,0,0,24,1,1,0.6709,34,1980,2,3,0
117,-1,-1,14,4,0,0,14,1,1,1.2624,21,793,6,7,2
117,-1,0,23,7,0,0,23,1,1,0.2116,22,631,0,1,0
117,-1,1,22,8,0,0,22,1,1,0.3809,22,482,1,2,0
117,-1,2,17,10,0,0,17,1,1,0.3109,17,346,1,2,0
117,-1,3,25,4,0,0,25,1,1,0.3909,25,505,1,2,0
117,-1,4,20,7,0,0,20,1,1,0.1809,19,361,0,1,0
117,-1,5,22,10,0,0,22,1,1,3.1409,35,696,14,14,0
117,-1,6,21,5,0,0,21,1,1,0.3609,21,579,1,2,0
117,0,-4,22,4,0,0,22,1,1,1.0820,57,4840,6,5,0
117,0,-3,18,4,0,0,18,1,1,0.4513,32,2400,0,3,0
117,0,-2,16,4,0,0,16,1,1,0.9209,29,1666,5,4,1
117,0,-1,21,5,0,0,21,1,1,1.3709,27,1248,3,4,1
117,0,0,27,5,0,0,27,1,1,0.5109,27,1144,1,2,0
117,0,1,13,3,0,0,13,1,1,0.1123,12,451,0,1,0
117,0,2,21,5,0,0,21,1,1,1.9809,26,646,5,4,1
117,0,3,22,4,0,0,22,1,1,0.2009,21,515,0,1,0
117,0,4,25,7,0,0,25,1,1,1.6709,30,911,5,4,1
117,0,5,17,7,0,0,17,1,1,0.1509,16,467,0,1,0
117,0,6,24,3,0,0,24,1,1,0.6409,27,1488,2,2,0
117,1,-5,13,4,1,1,13,1,1,0.7110,34,3209,3,6,1
117,1,-4,27,5,0,0,27,1,1,3.9709,94,8368,19,12,3
117,1,-3,22,5,0,0,22,1,1,1.3013,45,3701,6,6,0
117,1,-2,24,5,0,0,24,1,1,1.3709,52,3562,3,6,1
117,1,-1,20,5,0,0,20,1,1,0.5609,25,1641,1,2,0
117,1,0,18,4,0,0,18,1,1,0.7509,23,1215,4,5,0
117,1,1,21,4,0,0,21,1,1,0.1909,20,1017,0,1,0
117,1,2,27,5,0,0,27,1,1,0.9909,29,1396,3,3,0
117,1,3,17,6,0,0,17,1,1,0.1525,16,704,0,1,0
117,1,4,18,7,0,0,18,1,1,0.3309,19,893,2,2,0
117,1,5,19,5,0,0,19,1,1,1.6509,30,1127,10,10,0
117,2,-5,18,7,0,0,18,1,1,2.7125,68,6286,9,10,1
117,2,-4,23,4,0,0,23,1,1,1.5215,61,5584,4,4,0
117,2,-3,15,4,0,0,15,1,1,0.6609,37,3158,3,3,0
117,2,-2,21,3,0,0,21,1,1,0.9631,41,3351,5,5,1
117,2,-1,31,5,0,0,31,1,1,1.1909,58,4455,2,4,0
117,2,0,32,4,0,0,32,1,1,0.6609,46,2787,1,2,0
117,2,1,19,5,0,0,19,1,1,0.5309,25,1455,1,2,0
117,2,2,17,3,0,0,17,1,1,0.3115,19,1094,0,2,0
117,2,3,23,5,0,0,23,1,1,0.6009,29,1486,2,2,0
117,2,4,18,5,0,0,18,1,1,0.6109,26,1505,2,3,0
117,2,5,22,6,0,0,22,1,1,1.3909,42,2723,5,7,1
117,3,-6,25,4,41,41,25,1,1,2.1432,68,6191,8,5,0
117,3,-5,19,5,3,3,19,1,1,2.9520,65,6107,8,13,1
117,3,-4,27,7,0,0,27,1,1,1.5110,69,6366,1,4,0
117,3,-3,25,6,0,0,25,1,1,2.5024,86,8231,14,8,2
117,3,-2,22,7,0,0,22,1,1,1.0409,52,4332,3,5,0
117,3,-1,16,5,0,0,16,1,1,0.5809,29,2343,0,3,0
117,3,0,20,7,0,0,20,1,1,1.1309,38,2740,2,3,0
117,3,1,22,3,0,0,22,1,1,0.5909,41,3354,1,3,0
117,4,-3,24,6,0,0,24,1,1,5.0321,93,8603,17,18,1
118,-7,6,23,4,0,0,23,1,1,0.4309,27,1651,1,2,0
118,-7,7,19,10,0,0,19,1,1,4.4909,31,1349,7,4,2
118,-7,8,15,5,0,0,15,1,1,0.4109,21,1342,1,3,0
118,-6,2,23,7,0,0,23,1,1,0.4309,24,1024,2,2,0
118,-6,3,23,5,0,0,23,1,1,0.8509,25,892,3,3,0
118,-6,4,24,3,0,0,24,1,1,0.6309,25,833,2,2,0
118,-6,5,15,5,0,0,15,1,1,0.1322,14,467,0,1,0
118,-6,6,18,7,0,0,18,1,1,0.1609,17,663,0,1,0
118,-6,7,20,4,0,0,20,1,1,0.1809,19,943,0,1,0
118,-6,8,21,5,0,0,21,1,1,0.3909,26,1577,1,2,0
118,-5,-2,25,5,0,0,25,1,1,1.1909,46,3597,3,5,1
118,-5,-1,36,3,0,0,36,1,1,2.1513,67,4457,10,4,1
118,-5,0,29,3,0,0,29,1,1,0.4809,30,1713,2,2,0
118,-5,1,21,7,0,0,21,1,1,0.5609,22,726,2,3,0
118,-5,2,19,7,0,0,19,1,1,0.9509,27,669,8,4,1
118,-5,3,24,7,0,0,24,1,1,0.6809,27,607,4,2,0
118,-5,4,24,8,0,0,24,1,1,0.4509,25,554,2,2,0
118,-5,5,21,7,0,0,21,1,1,0.8009,29,733,6,4,2
118,-5,6,22,5,0,0,22,1,1,0.2009,21,653,0,1,0
118,-5,7,28,7,0,0,28,1,1,0.5109,29,993,2,2,0
118,-5,8,18,4,0,0,18,1,1,0.8109,24,1338,6,4,1
118,-5,9,16,5,0,0,16,1,1,0.5509,21,1139,2,3,0
118,-4,-3,25,7,0,0,25,1,1,1.3909,53,4206,3,3,0
118,-4,-2,16,5,0,0,16,1,1,0.2929,23,1563,0,2,0
118,-4,-1,26,4,0,0,26,1,1,0.4809,28,1619,1,2,0
118,-4,0,24,6,0,0,24,1,1,0.3709,24,909,1,2,0
118,-4,1,21,6,0,0,21,1,1,0.8209,26,629,5,4,1
118,-4,2,12,9,0,0,12,1,1,0.1009,11,195,0,1,0
118,-4,3,20,7,0,0,20,1,1,0.5309,21,402,2,2,0
118,-4,4,20,5,0,0,20,1,1,0.3709,20,390,1,2,0
118,-4,5,23,4,0,0,23,1,1,1.5309,36,780,10,4,3
118,-4,6,25,4,0,0,25,1,1,0.2309,24,593,0,1,0
118,-4,7,13,3,0,0,13,1,1,0.2309,13,431,1,2,0
118,-4,8,25,7,0,0,25,1,1,0.4509,25,1149,1,2,0
118,-3,-3,13,6,0,0,13,1,1,0.5709,24,1770,2,5,0
118,-3,-2,20,7,0,0,20,1,1,0.3709,25,1479,0,2,0
118,-3,-1,13,2,0,0,13,1,1,0.5511,16,882,3,4,1
118,-3,0,23,6,0,0,23,1,1,0.6309,25,728,3,3,0
118,-3,1,20,4,0,0,20,1,1,1.6009,27,552,8,6,0
118,-3,2,18,5,0,0,18,1,1,10.2809,81,1335,62,61,0
118,-3,3,22,5,0,0,22,1,1,0.2009,21,366,0,1,0
118,-3,4,23,6,0,0,23,1,1,1.0209,27,482,4,4,1
118,-3,5,15,4,0,0,15,1,1,0.2609,16,276,2,2,0
118,-3,6,20,5,0,0,20,1,1,0.7509,22,470,3,3,0
118,-3,7,23,5,0,0,23,1,1,0.2121,22,642,0,1,0
118,-2,-3,19,6,0,0,19,1,1,0.5212,31,2380,0,3,0
118,-2,-2,20,7,0,0,20,1,1,0.3709,25,1263,1,2,0
118,-2,-1,20,5,0,0,20,1,1,0.7009,22,1040,3,2,0
118,-2,0,23,5,0,0,23,1,1,1.0909,28,813,5,4,1
118,-2,1,35,4,0,0,35,1,1,0.8610,38,929,4,3,0
118,-2,2,24,4,0,0,24,1,1,0.6109,27,501,4,3,0
118,-2,3,20,7,0,0,20,1,1,0.5609,21,368,2,3,0
118,-2,4,24,5,0,0,24,1,1,0.9309,29,541,5,4,1
118,-2,5,17,5,0,0,17,1,1,1.5409,28,568,9,7,3
118,-2,6,27,5,0,0,27,1,1,1.1209,30,733,3,4,1
118,-2,7,22,5,0,0,22,1,1,0.6109,23,734,2,3,0
118,-1,-4,17,5,0,0,17,1,1,0.7210,40,3295,4,5,0
118,-1,-3,21,7,0,0,21,1,1,0.9909,38,2654,5,4,0
118,-1,-2,24,7,0,0,24,1,1,2.2809,45,2594,9,6,2
118,-1,-1,14,4,0,0,14,1,1,0.3509,16,744,3,2,0
118,-1,0,23,7,0,0,19,0,1,-1.0000,158,2875,136,136,1
118,-1,1,22,8,0,0,22,1,1,0.2009,21,459,0,1,0
118,-1,2,17,10,0,0,17,1,1,0.1509,16,342,0,1,0
118,-1,3,25,4,0,0,25,1,1,0.5509,28,567,4,3,0
118,-1,4,20,7,0,0,20,1,1,0.8509,25,458,5,4,1
118,-1,5,22,10,0,0,22,1,1,0.4109,23,485,2,2,0
118,-1,6,21,5,0,0,21,1,1,0.1921,20,560,0,1,0
118,0,-4,22,4,0,0,22,1,1,2.0932,66,5677,6,8,1
118,0,-3,18,4,0,0,18,1,1,0.6214,33,2525,1,4,0
118,0,-2,16,4,0,0,16,1,1,0.4310,24,1607,1,3,0
118,0,-1,21,5,0,0,21,1,1,0.5209,24,1185,1,2,0
118,0,0,27,5,0,0,27,1,1,1.1609,35,1443,4,4,1
118,0,1,13,3,0,0,13,1,1,0.6309,17,538,5,6,0
118,0,2,21,5,0,0,21,1,1,0.3912,23,599,3,2,0
118,0,3,22,4,0,0,22,1,1,0.2009,21,525,0,1,0
118,0,4,25,7,0,0,25,1,1,0.2309,24,756,0,1,0
118,0,5,17,7,0,0,17,1,1,0.4709,18,510,2,2,0
118,0,6,24,3,0,0,24,1,1,0.3009,25,1538,2,2,0
118,1,-5,13,4,2,2,13,1,1,0.7110,32,2903,0,3,0
118,1,-4,27,5,0,0,27,1,1,2.5909,82,7226,9,8,1
118,1,-3,22,5,0,0,22,1,1,0.8814,43,3414,3,4,0
118,1,-2,24,5,0,0,24,1,1,0.9109,43,3204,2,4,0
118,1,-1,20,5,0,0,20,1,1,1.1309,29,1798,4,5,0
118,1,0,18,4,0,0,18,1,1,0.4109,20,1091,1,3,0
118,1,1,21,4,0,0,21,1,1,0.7509,24,1183,4,3,0
118,1,2,27,5,0,0,27,1,1,0.4709,29,1406,3,2,0
118,1,3,17,6,0,0,17,1,1,0.1525,16,703,0,1,0
118,1,4,18,7,0,0,18,1,1,0.1609,17,766,0,1,0
118,1,5,19,5,0,0,19,1,1,0.3510,21,1034,1,2,0
118,2,-5,18,7,0,0,18,1,1,1.3119,43,3942,2,5,0
118,2,-4,23,4,0,0,23,1,1,1.7836,72,6784,12,8,1
118,2,-3,15,4,0,0,15,1,1,1.7809,52,4298,9,11,1
118,2,-2,21,3,0,0,21,1,1,0.7110,40,3144,4,4,0
118,2,-1,31,5,0,0,31,1,1,2.0909,64,4898,6,5,1
118,2,0,32,4,0,0,32,1,1,1.2309,50,2921,6,3,0
118,2,1,19,5,0,0,19,1,1,0.5309,25,1476,1,2,0
118,2,2,17,3,0,0,17,1,1,1.2513,23,1294,3,4,1
118,2,3,23,5,0,0,23,1,1,0.6509,27,1474,1,2,0
118,2,4,18,5,0,0,18,1,1,0.5314,26,1550,2,3,0
118,2,5,22,6,0,0,22,1,1,0.9709,36,2213,4,3,0
118,3,-6,25,4,40,40,25,1,1,3.3438,84,7770,9,9,2
118,3,-5,19,5,3,3,19,1,1,1.5122,50,4574,0,3,0
118,3,-4,27,7,0,0,27,1,1,2.5510,75,7009,5,7,1
118,3,-3,25,6,0,0,25,1,1,1.7817,63,5957,6,5,0
118,3,-2,22,7,0,0,22,1,1,1.0409,52,4433,3,4,0
118,3,-1,16,5,0,0,16,1,1,0.7309,32,2581,3,4,0
118,3,0,20,7,0,0,20,1,1,1.3209,43,3262,6,4,0
118,3,1,22,3,0,0,22,1,1,1.8814,68,5695,17,9,4
118,4,-3,24,6,0,0,24,1,1,2.5021,69,6591,5,5,1
119,-7,6,23,4,0,0,23,1,1,0.4612,27,1720,2,3,0
119,-7,7,19,10,0,0,19,1,1,0.3509,21,1021,0,2,0
119,-7,8,15,5,0,0,15,1,1,1.0009,28,1376,7,4,1
119,-6,2,23,7,0,0,23,1,1,0.2109,22,921,0,1,0
119,-6,3,23,5,0,0,23,1,1,0.2121,22,810,0,1,0
119,-6,4,24,3,0,0,24,1,1,1.2109,30,960,6,4,1
119,-6,5,15,5,0,0,15,1,1,0.3709,16,568,2,3,0
119,-6,6,18,7,0,0,18,1,1,0.2609,18,692,1,2,0
119,-6,7,20,4,0,0,20,1,1,0.1809,19,952,0,1,0
119,-6,8,21,5,0,0,21,1,1,1.0115,34,2148,6,5,1
119,-5,-2,25,5,0,0,25,1,1,0.8015,42,3332,1,4,0
119,-5,-1,36,3,0,0,36,1,1,2.3710,75,4653,10,6,3
119,-5,0,29,3,0,0,29,1,1,1.1409,35,1955,4,4,1
119,-5,1,21,7,0,0,21,1,1,0.1923,20,706,0,1,0
119,-5,2,19,7,0,0,19,1,1,2.8709,22,520,3,4,1
119,-5,3,24,7,0,0,24,1,1,0.6809,25,588,2,3,0
119,-5,4,24,8,0,0,24,1,1,1.3709,39,814,8,4,1
119,-5,5,21,7,0,0,21,1,1,0.3709,21,498,1,2,0
119,-5,6,22,5,0,0,22,1,1,0.2909,22,616,1,2,0
119,-5,7,28,7,0,0,28,1,1,0.5109,29,911,2,2,0
119,-5,8,18,4,0,0,18,1,1,0.3309,18,941,1,2,0
119,-5,9,16,5,0,0,16,1,1,0.4310,21,1219,1,3,0
119,-4,-3,25,7,0,0,25,1,1,1.1509,51,4068,0,3,0
119,-4,-2,16,5,0,0,16,1,1,0.4209,26,1855,3,3,0
119,-4,-1,26,4,0,0,26,1,1,2.3409,38,1915,8,4,2
119,-4,0,24,6,0,0,24,1,1,0.3709,24,878,1,2,0
119,-4,1,21,6,0,0,21,1,1,0.1909,20,508,0,1,0
119,-4,2,12,9,0,0,12,1,1,0.1009,11,181,0,1,0
119,-4,3,20,7,0,0,20,1,1,0.1811,19,358,0,1,0
119,-4,4,20,5,0,0,20,1,1,0.3709,21,393,2,2,0
119,-4,5,23,4,0,0,23,1,1,0.2109,22,515,0,1,0
119,-4,6,25,4,0,0,25,1,1,0.2515,25,649,1,2,0
119,-4,7,13,3,0,0,13,1,1,0.1109,12,395,0,1,0
119,-4,8,25,7,0,0,25,1,1,0.4509,25,1138,1,2,0
119,-3,-3,13,6,0,0,13,1,1,0.4509,23,1641,1,3,0
119,-3,-2,20,7,0,0,20,1,1,1.3612,34,1968,5,4,1
119,-3,-1,13,2,0,0,13,1,1,0.2309,14,663,2,2,0
119,-3,0,23,6,0,0,23,1,1,1.4509,27,758,4,4,1
119,-3,1,20,4,0,0,20,1,1,0.3309,22,447,3,2,0
119,-3,2,18,5,0,0,18,1,1,0.1609,17,306,0,1,0
119,-3,3,22,5,0,0,22,1,1,0.2009,21,363,0,1,0
119,-3,4,23,6,0,0,23,1,1,0.7509,27,475,5,2,0
119,-3,5,15,4,0,0,15,1,1,0.1909,15,266,1,2,0
119,-3,6,20,5,0,0,20,1,1,0.5609,22,482,3,3,0
119,-3,7,23,5,0,0,23,1,1,0.4209,23,652,1,2,0
119,-2,-3,19,6,0,0,19,1,1,1.0309,35,2792,4,6,1
119,-2,-2,20,7,0,0,20,1,1,0.5209,25,1207,2,3,0
119,-2,-1,20,5,0,0,20,1,1,0.3209,22,1070,3,2,0
119,-2,0,23,5,0,0,23,1,1,0.4309,24,731,2,2,0
119,-2,1,35,4,0,0,35,1,1,1.5410,45,1131,8,4,1
119,-2,2,24,4,0,0,24,1,1,0.2210,23,453,0,1,0
119,-2,3,20,7,0,0,20,1,1,0.1809,19,350,0,1,0
119,-2,4,24,5,0,0,24,1,1,0.4209,24,431,1,2,0
119,-2,5,17,5,0,0,17,1,1,0.7409,21,424,3,4,1
119,-2,6,27,5,0,0,27,1,1,1.3709,34,854,5,4,1
119,-2,7,22,5,0,0,22,1,1,0.3509,23,773,2,2,0
119,-1,-4,17,5,0,0,17,1,1,0.7811,38,3004,2,3,0
119,-1,-3,21,7,0,0,21,1,1,0.7909,36,2801,4,4,0
119,-1,-2,24,7,0,0,24,1,1,2.9709,39,2150,6,5,1
119,-1,-1,14,4,0,0,14,1,1,0.2209,14,672,1,2,0
119,-1,0,23,7,0,0,23,1,1,0.6409,26,743,4,3,0
119,-1,1,22,8,0,0,22,1,1,0.3809,22,499,1,2,0
119,-1,2,17,10,0,0,17,1,1,0.3109,17,339,1,2,0
119,-1,3,25,4,0,0,25,1,1,0.3109,25,516,1,2,0
119,-1,4,20,7,0,0,20,1,1,0.2809,20,394,1,2,0
119,-1,5,22,10,0,0,22,1,1,0.4109,22,471,1,2,0
119,-1,6,21,5,0,0,21,1,1,0.9609,25,764,4,4,1
119,0,-4,22,4,0,0,22,1,1,1.6733,72,6454,14,8,2
119,0,-3,18,4,0,0,18,1,1,2.2012,39,2731,4,4,1
119,0,-2,16,4,0,0,16,1,1,0.4411,26,1663,2,3,0
119,0,-1,21,5,0,0,21,1,1,0.3209,22,1117,0,2,0
119,0,0,27,5,0,0,27,1,1,1.1609,34,1359,3,4,1
119,0,1,13,3,0,0,13,1,1,0.3409,14,557,2,3,0
119,0,2,21,5,0,0,15,0,1,-1.0000,169,2927,149,150,0
119,0,3,22,4,0,0,22,1,1,0.4109,22,547,1,2,0
119,0,4,25,7,0,0,25,1,1,0.4709,26,769,2,2,0
119,0,5,17,7,0,0,17,1,1,0.1509,16,476,0,1,0
119,0,6,24,3,0,0,24,1,1,1.5609,32,1633,7,4,2
119,1,-5,13,4,1,1,13,1,1,0.8310,36,3292,4,6,0
119,1,-4,27,5,0,0,26,0,1,-1.0000,180,16797,117,115,1
119,1,-3,22,5,0,0,22,1,1,1.6709,56,4392,6,8,1
119,1,-2,24,5,0,0,24,1,1,1.6009,57,3892,10,6,1
119,1,-1,20,5,0,0,20,1,1,0.5609,28,1924,2,3,0
119,1,0,18,4,0,0,18,1,1,0.2409,19,1004,0,2,0
119,1,1,21,4,0,0,21,1,1,1.8909,24,1086,3,4,1
119,1,2,27,5,0,0,27,1,1,0.9909,29,1379,3,2,0
119,1,3,17,6,0,0,17,1,1,0.1528,16,704,0,1,0
119,1,4,18,7,0,0,18,1,1,0.6709,20,824,3,3,0
119,1,5,19,5,0,0,19,1,1,0.9809,30,1342,6,4,1
119,2,-5,18,7,0,0,18,1,1,1.4819,47,4145,5,5,0
119,2,-4,23,4,0,0,23,1,1,2.0810,65,5875,7,4,1
119,2,-3,15,4,0,0,15,1,1,1.0809,53,4585,11,7,2
119,2,-2,21,3,0,0,21,1,1,0.6712,36,2869,0,3,0
119,2,-1,31,5,0,0,31,1,1,1.5809,58,4428,4,4,0
119,2,0,32,4,0,0,32,1,1,0.6109,45,2706,0,2,0
119,2,1,19,5,0,0,19,1,1,0.8909,32,1877,4,4,1
119,2,2,17,3,0,0,17,1,1,0.3113,20,1149,1,2,0
119,2,3,23,5,0,0,23,1,1,0.4309,28,1556,1,2,0
119,2,4,18,5,0,0,18,1,1,0.3309,25,1509,0,2,0
119,2,5,22,6,0,0,22,1,1,0.7609,36,2319,4,3,0
119,3,-6,25,4,40,40,25,1,1,2.1433,63,5596,2,4,0
119,3,-5,19,5,4,4,19,1,1,1.6918,53,4897,4,4,0
119,3,-4,27,7,0,0,27,1,1,2.2910,79,7293,3,7,1
119,3,-3,25,6,0,0,25,1,1,2.2614,69,6407,10,8,1
119,3,-2,22,7,0,0,22,1,1,1.4609,58,4956,5,6,1
119,3,-1,16,5,0,0,16,1,1,1.4809,33,2537,3,4,1
119,3,0,20,7,0,0,20,1,1,0.7509,38,2788,2,4,0
119,3,1,22,3,0,0,22,1,1,0.8009,41,3268,2,4,0
119,4,-3,24,6,0,0,24,1,1,2.0425,67,6397,5,5,0
120,-7,6,23,4,0,0,23,1,1,0.4309,26,1562,1,2,0
120,-7,7,19,10,0,0,19,1,1,28.2509,176,3490,155,156,0
120,-7,8,15,5,0,0,15,1,1,0.5509,23,1350,3,3,0
120,-6,2,23,7,0,0,23,1,1,0.2109,22,923,0,1,0
120,-6,3,23,5,0,0,23,1,1,0.2809,23,785,1,2,0
120,-6,4,24,3,0,0,24,1,1,1.7809,32,1066,7,4,2
120,-6,5,15,5,0,0,15,1,1,0.2309,15,494,1,2,0
120,-6,6,18,7,0,0,18,1,1,0.1609,17,653,0,1,0
120,-6,7,20,4,0,0,20,1,1,0.3210,21,1024,2,2,0
120,-6,8,21,5,0,0,21,1,1,0.7909,29,1738,3,4,0
120,-5,-2,25,5,0,0,25,1,1,1.9911,54,3947,7,6,1
120,-5,-1,36,3,0,0,36,1,1,1.9111,65,4475,7,5,1
120,-5,0,29,3,0,0,29,1,1,0.5514,31,1612,2,2,0
120,-5,1,21,7,0,0,21,1,1,0.3609,21,800,1,2,0
120,-5,2,19,7,0,0,19,1,1,0.3509,19,468,1,2,0
120,-5,3,24,7,0,0,24,1,1,0.2209,23,533,0,1,0
120,-5,4,24,8,0,0,24,1,1,0.2809,24,547,1,2,0
120,-5,5,21,7,0,0,21,1,1,0.7709,24,584,4,3,0
120,-5,6,22,5,0,0,22,1,1,0.4109,24,782,3,2,0
120,-5,7,28,7,0,0,28,1,1,0.5109,28,914,1,2,0
120,-5,8,18,4,0,0,18,1,1,0.2309,18,873,1,2,0
120,-5,9,16,5,0,0,16,1,1,0.4009,21,1099,1,2,0
120,-4,-3,25,7,0,0,25,1,1,1.1509,52,4134,2,3,0
120,-4,-2,16,5,0,0,16,1,1,1.0209,27,1783,3,4,1
120,-4,-1,26,4,0,0,26,1,1,0.3611,27,1497,0,2,0
120,-4,0,24,6,0,0,24,1,1,1.0609,31,1080,3,4,1
120,-4,1,21,6,0,0,21,1,1,0.3909,21,543,1,2,0
120,-4,2,12,9,0,0,12,1,1,0.1009,11,191,0,1,0
120,-4,3,20,7,0,0,20,1,1,0.1811,19,354,0,1,0
120,-4,4,20,5,0,0,20,1,1,0.7509,26,512,5,4,1
120,-4,5,23,4,0,0,23,1,1,0.4309,25,572,3,2,0
120,-4,6,25,4,0,0,25,1,1,1.6709,36,879,9,4,2
120,-4,7,13,3,0,0,13,1,1,0.2309,14,451,2,2,0
120,-4,8,25,7,0,0,25,1,1,1.6509,29,1210,4,4,1
120,-3,-3,13,6,0,0,13,1,1,0.4829,25,1927,3,5,0
120,-3,-2,20,7,0,0,20,1,1,0.5609,27,1529,1,2,0
120,-3,-1,13,2,0,0,13,1,1,0.1109,12,648,0,1,0
120,-3,0,23,6,0,0,23,1,1,0.6309,26,810,4,3,0
120,-3,1,20,4,0,0,20,1,1,0.3309,20,423,1,2,0
120,-3,2,18,5,0,0,18,1,1,2.1210,24,415,5,4,1
120,-3,3,22,5,0,0,22,1,1,0.6209,24,428,3,3,0
120,-3,4,23,6,0,0,23,1,1,3.3910,30,528,6,4,2
120,-3,5,15,4,0,0,15,1,1,0.4009,18,305,4,3,0
120,-3,6,20,5,0,0,20,1,1,1.8909,24,485,4,4,1
120,-3,7,23,5,0,0,23,1,1,0.4209,23,675,1,2,0
120,-2,-3,19,6,0,0,19,1,1,1.5709,47,3101,11,8,2
120,-2,-2,20,7,0,0,20,1,1,1.2309,29,1407,5,4,1
120,-2,-1,20,5,0,0,20,1,1,0.2609,20,946,1,2,0
120,-2,0,23,5,0,0,23,1,1,0.2109,22,633,0,1,0
120,-2,1,35,4,0,0,35,1,1,1.6310,39,960,4,4,1
120,-2,2,24,4,0,0,24,1,1,1.0009,32,625,6,4,1
120,-2,3,20,7,0,0,20,1,1,1.8909,22,386,3,4,1
120,-2,4,24,5,0,0,24,1,1,0.8809,31,571,7,4,1
120,-2,5,17,5,0,0,17,1,1,1.0609,19,360,3,4,1
120,-2,6,27,5,0,0,27,1,1,0.2510,26,664,0,1,0
120,-2,7,22,5,0,0,22,1,1,2.6609,26,770,4,4,1
120,-1,-4,17,5,0,0,17,1,1,2.0010,51,4300,8,13,2
120,-1,-3,21,7,0,0,21,1,1,0.5909,33,2537,2,3,0
120,-1,-2,24,7,0,0,24,1,1,0.9009,35,1984,3,3,0
120,-1,-1,14,4,0,0,14,1,1,0.1209,13,612,0,1,0
120,-1,0,23,7,0,0,23,1,1,1.4809,27,804,5,4,1
120,-1,1,22,8,0,0,22,1,1,0.3809,22,500,1,2,0
120,-1,2,17,10,0,0,17,1,1,0.7909,22,457,4,4,1
120,-1,3,25,4,0,0,25,1,1,0.3109,25,523,1,2,0
120,-1,4,20,7,0,0,20,1,1,0.1809,19,357,0,1,0
120,-1,5,22,10,0,0,22,1,1,1.4609,25,513,3,4,1
120,-1,6,21,5,0,0,21,1,1,0.5609,26,679,6,3,0
120,0,-4,22,4,0,0,22,1,1,1.2209,54,4714,3,5,0
120,0,-3,18,4,0,0,18,1,1,2.0314,45,3080,9,5,2
120,0,-2,16,4,0,0,16,1,1,1.2809,34,2322,9,8,1
120,0,-1,21,5,0,0,21,1,1,0.5709,25,1171,2,3,0
120,0,0,27,5,0,0,27,1,1,0.7709,30,1236,4,3,0
120,0,1,13,3,0,0,13,1,1,0.1124,12,447,0,1,0
120,0,2,21,5,0,0,21,1,1,1.2509,27,700,3,4,1
120,0,3,22,4,0,0,22,1,1,0.2009,21,511,0,1,0
120,0,4,25,7,0,0,25,1,1,1.6709,33,1007,8,4,2
120,0,5,17,7,0,0,17,1,1,0.1509,16,469,0,1,0
120,0,6,24,3,0,0,24,1,1,0.4109,24,1381,1,2,0
120,1,-5,13,4,2,2,13,1,1,1.1910,43,3827,5,7,1
120,1,-4,27,5,0,0,27,1,1,1.5509,67,5850,4,4,0
120,1,-3,22,5,0,0,22,1,1,1.6709,48,3795,8,4,1
120,1,-2,24,5,0,0,24,1,1,1.6009,54,4009,7,6,1
120,1,-1,20,5,0,0,20,1,1,1.1309,38,2443,7,6,1
120,1,0,18,4,0,0,18,1,1,0.8009,24,1430,5,4,0
120,1,1,21,4,0,0,21,1,1,0.3909,22,1068,2,2,0
120,1,2,27,5,0,0,27,1,1,1.2509,33,1675,4,4,1
120,1,3,17,6,0,0,17,1,1,0.2909,17,733,1,2,0
120,1,4,18,7,0,0,18,1,1,0.3309,19,934,2,2,0
120,1,5,19,5,0,0,19,1,1,2.3209,27,1099,5,4,1
120,2,-5,18,7,3,3,18,1,1,1.3120,43,3825,1,3,0
120,2,-4,23,4,0,0,23,1,1,2.0809,81,7258,12,8,3
120,2,-3,15,4,0,0,15,1,1,1.3609,49,4222,6,8,1
120,2,-2,21,3,0,0,21,1,1,5.0711,67,4931,27,26,1
120,2,-1,31,5,0,0,31,1,1,0.9809,56,4253,1,3,0
120,2,0,32,4,0,0,32,1,1,1.5409,57,3398,7,4,1
120,2,1,19,5,0,0,19,1,1,0.3509,26,1567,1,2,0
120,2,2,17,3,0,0,17,1,1,0.3112,19,1112,0,2,0
120,2,3,23,5,0,0,23,1,1,1.4809,36,1684,5,4,1
120,2,4,18,5,0,0,18,1,1,0.3614,25,1512,1,2,0
120,2,5,22,6,0,0,22,1,1,0.7609,35,2155,3,3,0
120,3,-6,25,4,37,37,25,1,1,1.6633,64,5821,4,4,0
120,3,-5,19,5,4,4,19,1,1,1.5121,51,4743,2,4,0
120,3,-4,27,7,0,0,27,1,1,1.5109,70,6392,2,4,0
120,3,-3,25,6,0,0,25,1,1,2.7426,73,6828,7,7,1
120,3,-2,22,7,0,0,22,1,1,3.1409,58,4684,7,5,1
120,3,-1,16,5,0,0,16,1,1,1.3309,43,3559,8,9,2
120,3,0,20,7,0,0,20,1,1,0.7509,39,2973,2,4,0
120,3,1,22,3,0,0,22,1,1,1.3520,48,3974,5,6,1
120,4,-3,24,6,0,0,24,1,1,2.2723,63,5953,1,4,0
